[{"country_iso":"NZL","city_id":13046,"city":"Dunedin","pop_total":40358.9408335694,"mass_total":15875453.494544439,"n_hex":13,"sample_h3":"87da84260ffffff","log_pop":4.6059397602,"log_mass":7.2007261401},{"country_iso":"NZL","city_id":13071,"city":"Christchurch","pop_total":188157.5108491478,"mass_total":80691475.388817817,"n_hex":39,"sample_h3":"87da94a64ffffff","log_pop":5.2745215591,"log_mass":7.9068276563},{"country_iso":"NZL","city_id":13121,"city":"Wellington","pop_total":65210.7755533512,"mass_total":22572246.7240321226,"n_hex":19,"sample_h3":"87bb29421ffffff","log_pop":4.8143193653,"log_mass":7.3535747886},{"country_iso":"NZL","city_id":13124,"city":"Palmerston North","pop_total":40061.19426356,"mass_total":18536390.6214939393,"n_hex":11,"sample_h3":"87bb0d936ffffff","log_pop":4.6027238919,"log_mass":7.2680251729},{"country_iso":"NZL","city_id":13127,"city":"Hamilton","pop_total":98899.1173370527,"mass_total":44186301.8060435355,"n_hex":25,"sample_h3":"87bb54488ffffff","log_pop":4.9951924156,"log_mass":7.6452876546},{"country_iso":"NZL","city_id":13129,"city":"Auckland","pop_total":791545.8786334272,"mass_total":292630568.8547514677,"n_hex":110,"sample_h3":"87bb50004ffffff","log_pop":5.898476092,"log_mass":8.4663196915},{"country_iso":"NZL","city_id":13130,"city":"Hillcrest","pop_total":166687.330095882,"mass_total":60077464.1887744814,"n_hex":33,"sample_h3":"87bb50000ffffff","log_pop":5.2219025904,"log_mass":7.7787115932},{"country_iso":"NZL","city_id":13131,"city":"Tauranga","pop_total":66373.2622243186,"mass_total":34697310.7521713153,"n_hex":29,"sample_h3":"87bb56c09ffffff","log_pop":4.8219931636,"log_mass":7.5402958157}]