[{"country_iso":"NLD","city_id":2123,"city":"Rotterdam [The Hague]","pop_total":1303056.6871095668,"mass_total":473423577.5829203725,"n_hex":193,"sample_h3":"8719694daffffff","log_pop":6.1149633093,"log_mass":8.675249883},{"country_iso":"NLD","city_id":2138,"city":"Leiden","pop_total":201770.5482989045,"mass_total":64757778.875930272,"n_hex":39,"sample_h3":"871969480ffffff","log_pop":5.3048577742,"log_mass":7.8112919445},{"country_iso":"NLD","city_id":2144,"city":"Zoetermeer","pop_total":106929.1858008885,"mass_total":41367102.4381917343,"n_hex":25,"sample_h3":"87196948affffff","log_pop":5.02909626,"log_mass":7.6166551018},{"country_iso":"NLD","city_id":2145,"city":"Roosendaal","pop_total":31686.2956744764,"mass_total":17647744.3626973517,"n_hex":11,"sample_h3":"871fa4806ffffff","log_pop":4.5008714704,"log_mass":7.2466892041},{"country_iso":"NLD","city_id":2152,"city":"Heemskerk","pop_total":77996.5502983523,"mass_total":40588653.8655487522,"n_hex":23,"sample_h3":"871968201ffffff","log_pop":4.8920753947,"log_mass":7.6084046481},{"country_iso":"NLD","city_id":2155,"city":"Haarlem","pop_total":136791.3631880947,"mass_total":37893340.6109608933,"n_hex":22,"sample_h3":"871968209ffffff","log_pop":5.1360586775,"log_mass":7.5785628936},{"country_iso":"NLD","city_id":2162,"city":"Alphen aan den Rijn","pop_total":34532.9834640942,"mass_total":14673777.3290571477,"n_hex":11,"sample_h3":"871969413ffffff","log_pop":4.5382341007,"log_mass":7.1665419245},{"country_iso":"NLD","city_id":2163,"city":"Dordrecht","pop_total":159824.6095314316,"mass_total":64309782.7431119308,"n_hex":32,"sample_h3":"871969680ffffff","log_pop":5.2036436521,"log_mass":7.8082770424},{"country_iso":"NLD","city_id":2164,"city":"Gouda","pop_total":56507.5286944394,"mass_total":19907864.4196200296,"n_hex":16,"sample_h3":"8719694c0ffffff","log_pop":4.7521063142,"log_mass":7.2990246744},{"country_iso":"NLD","city_id":2166,"city":"Alkmaar","pop_total":98776.6445519704,"mass_total":38388318.7250767797,"n_hex":26,"sample_h3":"871968301ffffff","log_pop":4.9946542691,"log_mass":7.5841990919},{"country_iso":"NLD","city_id":2167,"city":"Amsterdam","pop_total":757667.799998151,"mass_total":248644654.715261519,"n_hex":114,"sample_h3":"871968240ffffff","log_pop":5.8794788306,"log_mass":8.3955791273},{"country_iso":"NLD","city_id":2169,"city":"Breda","pop_total":90498.8191194712,"mass_total":40284891.1798872724,"n_hex":17,"sample_h3":"871fa4840ffffff","log_pop":4.9566429123,"log_mass":7.6051421948},{"country_iso":"NLD","city_id":2176,"city":"Purmerend","pop_total":52046.3366032217,"mass_total":13817705.9824588057,"n_hex":10,"sample_h3":"871968369ffffff","log_pop":4.7163901661,"log_mass":7.1404359474},{"country_iso":"NLD","city_id":2179,"city":"Hoorn","pop_total":48885.7535665414,"mass_total":15154362.9272084814,"n_hex":13,"sample_h3":"871968a58ffffff","log_pop":4.6891823142,"log_mass":7.1805376838},{"country_iso":"NLD","city_id":2181,"city":"Utrecht","pop_total":291860.2248295046,"mass_total":92998722.7866190821,"n_hex":47,"sample_h3":"871969080ffffff","log_pop":5.4651749127,"log_mass":7.9684769841},{"country_iso":"NLD","city_id":2183,"city":"Tilburg","pop_total":122227.6916616412,"mass_total":50764713.5402678028,"n_hex":28,"sample_h3":"871fa4a20ffffff","log_pop":5.0871696099,"log_mass":7.7055619399},{"country_iso":"NLD","city_id":2187,"city":"Almere","pop_total":90491.5495328847,"mass_total":33477830.218106024,"n_hex":25,"sample_h3":"871969c09ffffff","log_pop":4.9566080249,"log_mass":7.5247573025},{"country_iso":"NLD","city_id":2188,"city":"Hilversum","pop_total":43070.2794218082,"mass_total":14077753.6532479487,"n_hex":9,"sample_h3":"871969182ffffff","log_pop":4.6341776893,"log_mass":7.1485333612},{"country_iso":"NLD","city_id":2194,"city":"'s-Hertogenbosch","pop_total":79238.6266743651,"mass_total":32433117.2233371548,"n_hex":20,"sample_h3":"871969288ffffff","log_pop":4.8989369399,"log_mass":7.5109886917},{"country_iso":"NLD","city_id":2199,"city":"Amersfoort","pop_total":93386.9420788447,"mass_total":29182063.1524257772,"n_hex":18,"sample_h3":"871969000ffffff","log_pop":4.9702861548,"log_mass":7.465115993},{"country_iso":"NLD","city_id":2205,"city":"Eindhoven","pop_total":192763.4472745358,"mass_total":79624611.0220331401,"n_hex":38,"sample_h3":"871fa4a4affffff","log_pop":5.2850246844,"log_mass":7.9010473238},{"country_iso":"NLD","city_id":2209,"city":"Veenendaal","pop_total":43122.2502901891,"mass_total":14520500.5286585558,"n_hex":10,"sample_h3":"871969040ffffff","log_pop":4.634701416,"log_mass":7.161981587},{"country_iso":"NLD","city_id":2217,"city":"Leeuwarden","pop_total":48055.8438359298,"mass_total":19428839.0506971292,"n_hex":9,"sample_h3":"87196d194ffffff","log_pop":4.6817462076,"log_mass":7.2884468506},{"country_iso":"NLD","city_id":2218,"city":"Helmond","pop_total":45845.1132285562,"mass_total":18897444.3514849432,"n_hex":12,"sample_h3":"871fa5c06ffffff","log_pop":4.6612930497,"log_mass":7.2764030751},{"country_iso":"NLD","city_id":2219,"city":"Nijmegen","pop_total":118673.300459693,"mass_total":43756843.2522274181,"n_hex":24,"sample_h3":"871969340ffffff","log_pop":5.0743530208,"log_mass":7.6410459832},{"country_iso":"NLD","city_id":2220,"city":"Maastricht","pop_total":76455.3325577035,"mass_total":30647608.6438105367,"n_hex":19,"sample_h3":"871fa0840ffffff","log_pop":4.8834077817,"log_mass":7.4863965933},{"country_iso":"NLD","city_id":2226,"city":"Arnhem","pop_total":108782.8466560761,"mass_total":45489552.4811197668,"n_hex":32,"sample_h3":"871969a5affffff","log_pop":5.0365604194,"log_mass":7.6579116643},{"country_iso":"NLD","city_id":2227,"city":"Sittard","pop_total":37597.3795766447,"mass_total":22837121.3539774269,"n_hex":13,"sample_h3":"871fa5480ffffff","log_pop":4.575157577,"log_mass":7.3586413597},{"country_iso":"NLD","city_id":2229,"city":"Apeldoorn","pop_total":61578.0946933176,"mass_total":30455715.5953173153,"n_hex":15,"sample_h3":"871969b10ffffff","log_pop":4.7894262471,"log_mass":7.4836688083},{"country_iso":"NLD","city_id":2233,"city":"Zwolle","pop_total":60500.6579288352,"mass_total":24225402.2285857014,"n_hex":15,"sample_h3":"871969960ffffff","log_pop":4.7817600975,"log_mass":7.3842709966},{"country_iso":"NLD","city_id":2235,"city":"Heerlen","pop_total":158626.9627563612,"mass_total":73164827.7193260342,"n_hex":47,"sample_h3":"871fa0a24ffffff","log_pop":5.2003770088,"log_mass":7.8643023543},{"country_iso":"NLD","city_id":2244,"city":"Deventer","pop_total":40498.1899634347,"mass_total":16739119.2390919495,"n_hex":13,"sample_h3":"871969b20ffffff","log_pop":4.6074356132,"log_mass":7.223732603},{"country_iso":"NLD","city_id":2247,"city":"Venlo","pop_total":37125.7815008163,"mass_total":26345787.6773155667,"n_hex":16,"sample_h3":"871fa5180ffffff","log_pop":4.5696756044,"log_mass":7.4207111875},{"country_iso":"NLD","city_id":2269,"city":"Groningen","pop_total":103509.4924998442,"mass_total":34234759.3305925354,"n_hex":19,"sample_h3":"87196d840ffffff","log_pop":5.0149801793,"log_mass":7.5344672791},{"country_iso":"NLD","city_id":2279,"city":"Almelo","pop_total":39063.6571612999,"mass_total":21380209.9393781759,"n_hex":15,"sample_h3":"871f161b4ffffff","log_pop":4.5917728997,"log_mass":7.3300119654},{"country_iso":"NLD","city_id":2292,"city":"Hengelo","pop_total":51283.9753762198,"mass_total":23975465.1551205255,"n_hex":15,"sample_h3":"871f16182ffffff","log_pop":4.709981683,"log_mass":7.3797670418},{"country_iso":"NLD","city_id":2298,"city":"Enschede","pop_total":73097.0034648297,"mass_total":31961262.7699751034,"n_hex":18,"sample_h3":"871f16080ffffff","log_pop":4.8638995739,"log_mass":7.5046239297}]