[{"country_iso":"DZA","city_id":1561,"city":"Tinduf","pop_total":1388.4859298678,"mass_total":421636.2981100744,"n_hex":5,"sample_h3":"87399a782ffffff","log_pop":3.1425414832,"log_mass":5.6249379917},{"country_iso":"DZA","city_id":1769,"city":"Bashar","pop_total":81708.1294727438,"mass_total":14711466.9308658782,"n_hex":15,"sample_h3":"873810ac0ffffff","log_pop":4.9122652684,"log_mass":7.1676559799},{"country_iso":"DZA","city_id":1804,"city":"Maghnia","pop_total":43001.7986453,"mass_total":5329877.6907277936,"n_hex":7,"sample_h3":"873804990ffffff","log_pop":4.6334866213,"log_mass":6.726717243},{"country_iso":"DZA","city_id":1832,"city":"Tlemcen","pop_total":115145.6534580511,"mass_total":15999310.4353094343,"n_hex":21,"sample_h3":"873804842ffffff","log_pop":5.0612475488,"log_mass":7.2041012651},{"country_iso":"DZA","city_id":1852,"city":"Ain Temouchent","pop_total":46756.1250710674,"mass_total":6344633.6434313161,"n_hex":6,"sample_h3":"87382340dffffff","log_pop":4.6698385117,"log_mass":6.8024065498},{"country_iso":"DZA","city_id":1878,"city":"Ain Turk","pop_total":55438.4628416146,"mass_total":4629090.8190685827,"n_hex":7,"sample_h3":"873823141ffffff","log_pop":4.74381118,"log_mass":6.6654957014},{"country_iso":"DZA","city_id":1890,"city":"Oran","pop_total":735100.6436644938,"mass_total":68735576.8325837404,"n_hex":45,"sample_h3":"873823045ffffff","log_pop":5.866346803,"log_mass":7.8371815816},{"country_iso":"DZA","city_id":1894,"city":"Sidi Bel Abbes","pop_total":142699.4720795631,"mass_total":17065288.4256571457,"n_hex":13,"sample_h3":"873823608ffffff","log_pop":5.1544223664,"log_mass":7.2321136328},{"country_iso":"DZA","city_id":1901,"city":"Ain Sefra","pop_total":19889.7646793141,"mass_total":2030071.6766911664,"n_hex":7,"sample_h3":"873802301ffffff","log_pop":4.2986296449,"log_mass":6.307511372},{"country_iso":"DZA","city_id":1916,"city":"Hassi Bounif","pop_total":28103.1960350841,"mass_total":4237470.583461754,"n_hex":7,"sample_h3":"873823328ffffff","log_pop":4.4487557128,"log_mass":6.6271066963},{"country_iso":"DZA","city_id":1933,"city":"Arzew","pop_total":21565.7602738455,"mass_total":5024508.2812677473,"n_hex":7,"sample_h3":"87382ed80ffffff","log_pop":4.3337647733,"log_mass":6.7010935664},{"country_iso":"DZA","city_id":1937,"city":"Mecheria","pop_total":28095.5353271877,"mass_total":3897696.8390135001,"n_hex":5,"sample_h3":"873800392ffffff","log_pop":4.4486373115,"log_mass":6.5908080569},{"country_iso":"DZA","city_id":1943,"city":"Sig","pop_total":29663.1554929658,"mass_total":4180302.1500584874,"n_hex":6,"sample_h3":"873823248ffffff","log_pop":4.4722173483,"log_mass":6.6212076735},{"country_iso":"DZA","city_id":1962,"city":"Mostaganem","pop_total":121077.934261178,"mass_total":17696215.8608779497,"n_hex":18,"sample_h3":"87382e891ffffff","log_pop":5.0830650027,"log_mass":7.2478804072},{"country_iso":"DZA","city_id":1963,"city":"Mohammadia","pop_total":27013.3183602988,"mass_total":3904323.9119422268,"n_hex":5,"sample_h3":"87382e542ffffff","log_pop":4.4315779369,"log_mass":6.5915458406},{"country_iso":"DZA","city_id":1968,"city":"Mascara","pop_total":64241.6590921402,"mass_total":9438332.4971834905,"n_hex":8,"sample_h3":"87382e4e0ffffff","log_pop":4.8078167484,"log_mass":6.9748952728},{"country_iso":"DZA","city_id":1970,"city":"Saida","pop_total":81946.620563595,"mass_total":9823315.1100709084,"n_hex":11,"sample_h3":"873805068ffffff","log_pop":4.9135310482,"log_mass":6.9922580755},{"country_iso":"DZA","city_id":1986,"city":"Relizane","pop_total":64679.6277537365,"mass_total":7854203.3864708412,"n_hex":7,"sample_h3":"87382e058ffffff","log_pop":4.8107675118,"log_mass":6.8951021432},{"country_iso":"DZA","city_id":1990,"city":"El Abiodh Sidi Cheikh","pop_total":26103.2500311515,"mass_total":2015579.8418013733,"n_hex":6,"sample_h3":"873803310ffffff","log_pop":4.4166945833,"log_mass":6.3044000062},{"country_iso":"DZA","city_id":2002,"city":"Oued Rhiou","pop_total":30856.3611766273,"mass_total":4594446.5848958725,"n_hex":7,"sample_h3":"873828d90ffffff","log_pop":4.4893447093,"log_mass":6.6622332068},{"country_iso":"DZA","city_id":2007,"city":"Frenda","pop_total":20698.9614263086,"mass_total":2401675.8230839777,"n_hex":3,"sample_h3":"87382a100ffffff","log_pop":4.3159485552,"log_mass":6.3805143862},{"country_iso":"DZA","city_id":2018,"city":"Chettia","pop_total":38664.4703526637,"mass_total":5471128.9685920179,"n_hex":6,"sample_h3":"873828d41ffffff","log_pop":4.5873120653,"log_mass":6.7380769523},{"country_iso":"DZA","city_id":2023,"city":"Ash Shalif","pop_total":90362.5605468114,"mass_total":16374674.0575717185,"n_hex":14,"sample_h3":"873828892ffffff","log_pop":4.9559885288,"log_mass":7.214172664},{"country_iso":"DZA","city_id":2024,"city":"Tiaret","pop_total":116749.0175816816,"mass_total":14548868.8847069517,"n_hex":13,"sample_h3":"87382ab02ffffff","log_pop":5.0672532348,"log_mass":7.16282923},{"country_iso":"DZA","city_id":2037,"city":"Sougueur","pop_total":35517.9428617253,"mass_total":3705176.1662479239,"n_hex":5,"sample_h3":"87382aa1affffff","log_pop":4.5504478042,"log_mass":6.5688088618},{"country_iso":"DZA","city_id":2039,"city":"Lardjem","pop_total":18762.3209911664,"mass_total":946267.7179652111,"n_hex":7,"sample_h3":"87382844cffffff","log_pop":4.2732865617,"log_mass":5.9760140243},{"country_iso":"DZA","city_id":2050,"city":"Tissemsilt","pop_total":31892.4952278941,"mass_total":4611846.9509601109,"n_hex":6,"sample_h3":"873828600ffffff","log_pop":4.5036884992,"log_mass":6.6638748863},{"country_iso":"DZA","city_id":2055,"city":"Ain Defla","pop_total":33375.6054111743,"mass_total":6277362.8842420774,"n_hex":7,"sample_h3":"873828a13ffffff","log_pop":4.5234291523,"log_mass":6.7977772352},{"country_iso":"DZA","city_id":2060,"city":"Aflou","pop_total":43590.3619347666,"mass_total":2118133.0641178186,"n_hex":5,"sample_h3":"87380c046ffffff","log_pop":4.639390475,"log_mass":6.3259532396},{"country_iso":"DZA","city_id":2062,"city":"Khemis Miliana","pop_total":43797.4147130555,"mass_total":5515550.0883317478,"n_hex":7,"sample_h3":"873828a5bffffff","log_pop":4.6414484756,"log_mass":6.7415888329},{"country_iso":"DZA","city_id":2068,"city":"Ksar Chellala","pop_total":25113.1891482035,"mass_total":2483131.1042481875,"n_hex":4,"sample_h3":"87382b111ffffff","log_pop":4.3999018677,"log_mass":6.39499965},{"country_iso":"DZA","city_id":2084,"city":"Kolea \u0627\u0644\u0642\u0644\u064a\u0639\u0629","pop_total":75546.5206075949,"mass_total":12979155.2602974251,"n_hex":17,"sample_h3":"873829820ffffff","log_pop":4.8782144671,"log_mass":7.1132464276},{"country_iso":"DZA","city_id":2088,"city":"Medea","pop_total":56241.7618177732,"mass_total":7152882.8634846145,"n_hex":11,"sample_h3":"873829110ffffff","log_pop":4.7500589168,"log_mass":6.854481113},{"country_iso":"DZA","city_id":2089,"city":"Blida","pop_total":283149.6792395573,"mass_total":38211229.1254310384,"n_hex":31,"sample_h3":"87382980affffff","log_pop":5.452016074,"log_mass":7.5821910077},{"country_iso":"DZA","city_id":2092,"city":"Ksar El Boukhari","pop_total":31271.0306502211,"mass_total":3256920.0372606465,"n_hex":5,"sample_h3":"873829442ffffff","log_pop":4.4951421952,"log_mass":6.5128070961},{"country_iso":"DZA","city_id":2095,"city":"Algiers","pop_total":2372414.6474611447,"mass_total":300062016.4206343293,"n_hex":177,"sample_h3":"873829844ffffff","log_pop":6.3751905967,"log_mass":8.4772110234},{"country_iso":"DZA","city_id":2096,"city":"Boufarik","pop_total":24634.045501047,"mass_total":3650142.6576544861,"n_hex":5,"sample_h3":"873829850ffffff","log_pop":4.3915357393,"log_mass":6.5623098382},{"country_iso":"DZA","city_id":2097,"city":"Laghouat","pop_total":75984.0347673734,"mass_total":11356624.8266958594,"n_hex":10,"sample_h3":"87380d480ffffff","log_pop":4.880722351,"log_mass":7.0552492788},{"country_iso":"DZA","city_id":2098,"city":"Berrouaghia","pop_total":14523.2059185402,"mass_total":2096356.0028975001,"n_hex":5,"sample_h3":"873829011ffffff","log_pop":4.1620624951,"log_mass":6.3214650364},{"country_iso":"DZA","city_id":2099,"city":"Ain Oussara","pop_total":42975.5582288405,"mass_total":5690136.3904472152,"n_hex":8,"sample_h3":"87382ba50ffffff","log_pop":4.6332215266,"log_mass":6.7551226764},{"country_iso":"DZA","city_id":2105,"city":"El Menia","pop_total":6190.4445885181,"mass_total":3966507.7957008276,"n_hex":10,"sample_h3":"8738e6a00ffffff","log_pop":3.7917218405,"log_mass":6.5984083122},{"country_iso":"DZA","city_id":2108,"city":"Hassi Bahbah","pop_total":33374.6127804625,"mass_total":2660461.4739771751,"n_hex":6,"sample_h3":"87382b209ffffff","log_pop":4.5234162356,"log_mass":6.4249569743},{"country_iso":"DZA","city_id":2109,"city":"Bougara","pop_total":33897.8707948666,"mass_total":6089138.3162145615,"n_hex":8,"sample_h3":"873829b12ffffff","log_pop":4.53017242,"log_mass":6.7845558393},{"country_iso":"DZA","city_id":2111,"city":"Larbaa","pop_total":33979.8700506528,"mass_total":4898943.6570269819,"n_hex":10,"sample_h3":"873829a34ffffff","log_pop":4.5312217137,"log_mass":6.6901024446},{"country_iso":"DZA","city_id":2113,"city":"Meftah","pop_total":37798.3580172258,"mass_total":7911511.191375481,"n_hex":11,"sample_h3":"873829a24ffffff","log_pop":4.5774729342,"log_mass":6.8982594468},{"country_iso":"DZA","city_id":2116,"city":"Djelfa","pop_total":182829.111035347,"mass_total":14571030.9451009631,"n_hex":14,"sample_h3":"87380d840ffffff","log_pop":5.2620453476,"log_mass":7.1634902805},{"country_iso":"DZA","city_id":2117,"city":"Khemis El Khechna","pop_total":23265.3704378895,"mass_total":5621836.2775771162,"n_hex":10,"sample_h3":"873829b40ffffff","log_pop":4.3667099719,"log_mass":6.7498781937},{"country_iso":"DZA","city_id":2128,"city":"Messaad","pop_total":42383.0727330376,"mass_total":3629236.1384452605,"n_hex":6,"sample_h3":"87380d382ffffff","log_pop":4.6271924395,"log_mass":6.5598152268},{"country_iso":"DZA","city_id":2137,"city":"Bordj Menaiel","pop_total":26493.43326724,"mass_total":4492514.4316100217,"n_hex":6,"sample_h3":"87395a6c0ffffff","log_pop":4.4231382419,"log_mass":6.6524894809},{"country_iso":"DZA","city_id":2143,"city":"Ghardaia","pop_total":29286.3312836909,"mass_total":6448998.1838410487,"n_hex":9,"sample_h3":"87380b065ffffff","log_pop":4.4666649708,"log_mass":6.8094922546},{"country_iso":"DZA","city_id":2146,"city":"Sidi Aissa","pop_total":31461.0088513262,"mass_total":3772875.4087357181,"n_hex":5,"sample_h3":"873874494ffffff","log_pop":4.4977726449,"log_mass":6.5766724638},{"country_iso":"DZA","city_id":2158,"city":"Bouira","pop_total":31634.1667856478,"mass_total":4424241.8462192677,"n_hex":7,"sample_h3":"873874c52ffffff","log_pop":4.5001564,"log_mass":6.6458388592},{"country_iso":"DZA","city_id":2170,"city":"Tizi Ouzou","pop_total":54385.0920778854,"mass_total":12657014.2107931655,"n_hex":9,"sample_h3":"873874810ffffff","log_pop":4.7354798682,"log_mass":7.1023312677},{"country_iso":"DZA","city_id":2177,"city":"Bou Saada","pop_total":55694.2134535565,"mass_total":8861843.4002532065,"n_hex":13,"sample_h3":"873876202ffffff","log_pop":4.745810075,"log_mass":6.9475240712},{"country_iso":"DZA","city_id":2203,"city":"M'Sila","pop_total":90965.5976834447,"mass_total":18406389.8565648049,"n_hex":14,"sample_h3":"873870d08ffffff","log_pop":4.9588771774,"log_mass":7.2649686164},{"country_iso":"DZA","city_id":2207,"city":"Guerrara","pop_total":11031.0177271637,"mass_total":1863829.1329554406,"n_hex":5,"sample_h3":"8738568b0ffffff","log_pop":4.0426155825,"log_mass":6.2704060958},{"country_iso":"DZA","city_id":2213,"city":"Bordj Bou Arreridjj","pop_total":113491.0768986034,"mass_total":16155733.1510880366,"n_hex":11,"sample_h3":"873870920ffffff","log_pop":5.054961717,"log_mass":7.2083266712},{"country_iso":"DZA","city_id":2230,"city":"Bejaia","pop_total":112508.5714442038,"mass_total":15094402.4538053591,"n_hex":13,"sample_h3":"873875d01ffffff","log_pop":5.0511856104,"log_mass":7.1788159252},{"country_iso":"DZA","city_id":2231,"city":"Ras El Oued","pop_total":21041.653511556,"mass_total":3241420.0517769055,"n_hex":4,"sample_h3":"873870870ffffff","log_pop":4.3230798649,"log_mass":6.5107353144},{"country_iso":"DZA","city_id":2242,"city":"Ouled Djellal","pop_total":30306.9872448716,"mass_total":4385507.2318956936,"n_hex":6,"sample_h3":"873872228ffffff","log_pop":4.4815427662,"log_mass":6.6420198315},{"country_iso":"DZA","city_id":2255,"city":"A\u00efn Oulmane","pop_total":29791.7670515827,"mass_total":5034674.2463660967,"n_hex":7,"sample_h3":"873870b00ffffff","log_pop":4.4740962635,"log_mass":6.7019713761},{"country_iso":"DZA","city_id":2261,"city":"Setif","pop_total":153263.1068758198,"mass_total":23731729.9927496016,"n_hex":17,"sample_h3":"873875409ffffff","log_pop":5.1854376251,"log_mass":7.3753293985},{"country_iso":"DZA","city_id":2266,"city":"Barika","pop_total":53928.2234899007,"mass_total":8892489.8965308536,"n_hex":10,"sample_h3":"873870380ffffff","log_pop":4.7318161139,"log_mass":6.9490233804},{"country_iso":"DZA","city_id":2271,"city":"Tulqa","pop_total":19412.5093023263,"mass_total":3191703.5070549217,"n_hex":6,"sample_h3":"873873c21ffffff","log_pop":4.2880816768,"log_mass":6.5040225408},{"country_iso":"DZA","city_id":2274,"city":"Ouargla","pop_total":76263.1683662443,"mass_total":29098986.4047300331,"n_hex":18,"sample_h3":"873852812ffffff","log_pop":4.8823148442,"log_mass":7.4638778616},{"country_iso":"DZA","city_id":2291,"city":"El Eulma","pop_total":100157.4067166759,"mass_total":12726160.7659061253,"n_hex":11,"sample_h3":"873875604ffffff","log_pop":5.0006830712,"log_mass":7.1046974053},{"country_iso":"DZA","city_id":2293,"city":"Jijel","pop_total":87658.2390558869,"mass_total":12088123.6588064227,"n_hex":14,"sample_h3":"873875aa4ffffff","log_pop":4.942792742,"log_mass":7.0823588941},{"country_iso":"DZA","city_id":2301,"city":"Biskra","pop_total":126027.165662888,"mass_total":19145724.5618931875,"n_hex":16,"sample_h3":"873873124ffffff","log_pop":5.1004641691,"log_mass":7.2820718067},{"country_iso":"DZA","city_id":2322,"city":"A\u00efn Touta","pop_total":21062.4947623028,"mass_total":3943740.2894363534,"n_hex":6,"sample_h3":"873871512ffffff","log_pop":4.3235098102,"log_mass":6.5959083072},{"country_iso":"DZA","city_id":2326,"city":"Tadjenanet","pop_total":18763.1361874132,"mass_total":3804094.8079369534,"n_hex":4,"sample_h3":"87387564affffff","log_pop":4.2733054308,"log_mass":6.5802513321},{"country_iso":"DZA","city_id":2337,"city":"Batna","pop_total":209926.5946266539,"mass_total":24192457.023608122,"n_hex":18,"sample_h3":"8738710b4ffffff","log_pop":5.3220674608,"log_mass":7.3836799782},{"country_iso":"DZA","city_id":2338,"city":"Tamacine","pop_total":8693.9998456852,"mass_total":1294968.5404658823,"n_hex":5,"sample_h3":"87385080affffff","log_pop":3.9392196281,"log_mass":6.1122592179},{"country_iso":"DZA","city_id":2343,"city":"Chelghoum Laid","pop_total":28902.7346300368,"mass_total":5516984.7529306933,"n_hex":7,"sample_h3":"873871901ffffff","log_pop":4.4609389354,"log_mass":6.7417017837},{"country_iso":"DZA","city_id":2345,"city":"Touggourt","pop_total":62976.6110505141,"mass_total":10593979.6777885947,"n_hex":11,"sample_h3":"873850862ffffff","log_pop":4.7991792863,"log_mass":7.0250591355},{"country_iso":"DZA","city_id":2350,"city":"Mila","pop_total":27178.7024295788,"mass_total":5009345.2033679681,"n_hex":6,"sample_h3":"873875242ffffff","log_pop":4.4342287187,"log_mass":6.6997809608},{"country_iso":"DZA","city_id":2377,"city":"Constantine","pop_total":247223.9826581357,"mass_total":31734826.8149164282,"n_hex":35,"sample_h3":"873862400ffffff","log_pop":5.3930905984,"log_mass":7.5015361326},{"country_iso":"DZA","city_id":2378,"city":"Ali Mendjeli","pop_total":42888.4187703189,"mass_total":6969378.6415711679,"n_hex":10,"sample_h3":"873862481ffffff","log_pop":4.6323400348,"log_mass":6.8431940601},{"country_iso":"DZA","city_id":2379,"city":"Ain Mlila","pop_total":41863.5105825649,"mass_total":6800407.7560267039,"n_hex":7,"sample_h3":"873871b10ffffff","log_pop":4.6218356445,"log_mass":6.832534954},{"country_iso":"DZA","city_id":2388,"city":"El Khroub","pop_total":47610.309156171,"mass_total":6416695.1686205938,"n_hex":7,"sample_h3":"8738624c0ffffff","log_pop":4.6777010016,"log_mass":6.8073114082},{"country_iso":"DZA","city_id":2400,"city":"Skikda","pop_total":124383.0137922736,"mass_total":24137307.2477521375,"n_hex":23,"sample_h3":"873862128ffffff","log_pop":5.0947610755,"log_mass":7.3826888187},{"country_iso":"DZA","city_id":2403,"city":"Ain Fakroun","pop_total":19041.7412266638,"mass_total":3220248.2559923651,"n_hex":4,"sample_h3":"873871a09ffffff","log_pop":4.2797066589,"log_mass":6.5078893537},{"country_iso":"DZA","city_id":2413,"city":"El Oued","pop_total":94813.5764986235,"mass_total":15437214.1919303257,"n_hex":16,"sample_h3":"873855629ffffff","log_pop":4.9768705291,"log_mass":7.1885689301},{"country_iso":"DZA","city_id":2427,"city":"Oum El Bouaghi","pop_total":39119.3564228993,"mass_total":7655934.0447716089,"n_hex":8,"sample_h3":"873844c32ffffff","log_pop":4.5923917013,"log_mass":6.8839981834},{"country_iso":"DZA","city_id":2434,"city":"Khenchela","pop_total":77285.6653052358,"mass_total":10706704.7905807048,"n_hex":10,"sample_h3":"873844586ffffff","log_pop":4.8880989499,"log_mass":7.0296558283},{"country_iso":"DZA","city_id":2453,"city":"Guelma","pop_total":66240.1076434584,"mass_total":8381707.0132625978,"n_hex":9,"sample_h3":"873862281ffffff","log_pop":4.8211210295,"log_mass":6.9233324758},{"country_iso":"DZA","city_id":2454,"city":"Ain Beida","pop_total":75228.7322936376,"mass_total":7383220.5184550527,"n_hex":8,"sample_h3":"873844cc5ffffff","log_pop":4.8763837434,"log_mass":6.8682458399},{"country_iso":"DZA","city_id":2456,"city":"Eulma","pop_total":5411.8292487575,"mass_total":218815.2631174088,"n_hex":3,"sample_h3":"87386230dffffff","log_pop":3.7333440855,"log_mass":5.3400776123},{"country_iso":"DZA","city_id":2466,"city":"Sedrata","pop_total":19098.6228887521,"mass_total":2597567.4621288143,"n_hex":4,"sample_h3":"873844812ffffff","log_pop":4.2810020535,"log_mass":6.4145668356},{"country_iso":"DZA","city_id":2480,"city":"Annaba","pop_total":274817.1916047452,"mass_total":41824315.3489226028,"n_hex":28,"sample_h3":"873863c06ffffff","log_pop":5.4390438972,"log_mass":7.6214288404},{"country_iso":"DZA","city_id":2497,"city":"Cheria","pop_total":33781.3926205317,"mass_total":3151896.9967939383,"n_hex":6,"sample_h3":"8738446a2ffffff","log_pop":4.5286775492,"log_mass":6.4985720164},{"country_iso":"DZA","city_id":2500,"city":"M'Daourouch","pop_total":17676.790843786,"mass_total":1579715.4915402886,"n_hex":4,"sample_h3":"8738448c9ffffff","log_pop":4.2474034233,"log_mass":6.1985788771},{"country_iso":"DZA","city_id":2508,"city":"Souk Ahras","pop_total":92675.5926267054,"mass_total":8893773.3274107408,"n_hex":11,"sample_h3":"873844b20ffffff","log_pop":4.9669653719,"log_mass":6.9490860565},{"country_iso":"DZA","city_id":2539,"city":"Tebessa","pop_total":126312.4590565887,"mass_total":16182537.2490589935,"n_hex":13,"sample_h3":"873844640ffffff","log_pop":5.1014461901,"log_mass":7.2090466154},{"country_iso":"DZA","city_id":2545,"city":"Bir El Ater","pop_total":23307.9311597712,"mass_total":3439748.0751357274,"n_hex":5,"sample_h3":"873840520ffffff","log_pop":4.3675037267,"log_mass":6.5365266363}]