[{"country_iso":"LBN","city_id":4327,"city":"Tyre","pop_total":78293.6860367083,"mass_total":6091790.7460876862,"n_hex":10,"sample_h3":"872db1986ffffff","log_pop":4.89372674,"log_mass":6.7847449768},{"country_iso":"LBN","city_id":4334,"city":"Saida","pop_total":189701.2237668704,"mass_total":13184223.7623711508,"n_hex":13,"sample_h3":"872db1828ffffff","log_pop":5.2780701325,"log_mass":7.1200545653},{"country_iso":"LBN","city_id":4337,"city":"Beirut","pop_total":2409992.0755927996,"mass_total":166853498.3422758877,"n_hex":69,"sample_h3":"872da2452ffffff","log_pop":6.3820156146,"log_mass":8.2223353167},{"country_iso":"LBN","city_id":4346,"city":"Nabatieh","pop_total":34374.8114568271,"mass_total":3737736.6342151994,"n_hex":12,"sample_h3":"872db1813ffffff","log_pop":4.5362403248,"log_mass":6.5726086972},{"country_iso":"LBN","city_id":4361,"city":"Tripoli","pop_total":357702.9531561865,"mass_total":21738216.5635140203,"n_hex":17,"sample_h3":"872da2285ffffff","log_pop":5.5535225257,"log_mass":7.337223911},{"country_iso":"LBN","city_id":4375,"city":"Zahl\u00e9","pop_total":87276.7820701122,"mass_total":6582975.1603519702,"n_hex":13,"sample_h3":"872db1a45ffffff","log_pop":4.9408987253,"log_mass":6.8184222164},{"country_iso":"LBN","city_id":4398,"city":"Baalbek","pop_total":38955.2882417473,"mass_total":3307838.1452563824,"n_hex":7,"sample_h3":"872d84d50ffffff","log_pop":4.5905664222,"log_mass":6.5195442511}]