[{"country_iso":"HUN","city_id":3047,"city":"Sopron","pop_total":30955.3580865869,"mass_total":10529187.8969042934,"n_hex":8,"sample_h3":"871e15209ffffff","log_pop":4.4907358322,"log_mass":7.0223948759},{"country_iso":"HUN","city_id":3057,"city":"Szombathely","pop_total":40022.4555598577,"mass_total":13396930.3483683709,"n_hex":9,"sample_h3":"871e1180affffff","log_pop":4.6023037311,"log_mass":7.1270052994},{"country_iso":"HUN","city_id":3114,"city":"Gy\u0151r","pop_total":59449.5323082447,"mass_total":24230900.0790623724,"n_hex":14,"sample_h3":"871e020c1ffffff","log_pop":4.7741484424,"log_mass":7.3843695467},{"country_iso":"HUN","city_id":3164,"city":"Sz\u00e9kesfeh\u00e9rv\u00e1r","pop_total":50254.0113879475,"mass_total":20620187.1062988453,"n_hex":14,"sample_h3":"871e1c164ffffff","log_pop":4.7011707338,"log_mass":7.3142926017},{"country_iso":"HUN","city_id":3165,"city":"P\u00e9cs","pop_total":86318.4425282357,"mass_total":22937149.6169874147,"n_hex":17,"sample_h3":"871e18d91ffffff","log_pop":4.9361035956,"log_mass":7.3605394475},{"country_iso":"HUN","city_id":3190,"city":"\u00c9rd","pop_total":43788.8858310887,"mass_total":19536965.4822997786,"n_hex":17,"sample_h3":"871e03792ffffff","log_pop":4.6413638951,"log_mass":7.2908571092},{"country_iso":"HUN","city_id":3193,"city":"Budapest","pop_total":1365898.1977159788,"mass_total":330014824.4209108353,"n_hex":118,"sample_h3":"871e03449ffffff","log_pop":6.135418332,"log_mass":8.518533449},{"country_iso":"HUN","city_id":3246,"city":"Szeged","pop_total":80693.106374642,"mass_total":26538630.5258014686,"n_hex":16,"sample_h3":"871e19c20ffffff","log_pop":4.9068364345,"log_mass":7.4238785082},{"country_iso":"HUN","city_id":3253,"city":"Miskolc","pop_total":85870.7962585636,"mass_total":28470110.1008211076,"n_hex":18,"sample_h3":"871e0e12dffffff","log_pop":4.93384549,"log_mass":7.4543891467},{"country_iso":"HUN","city_id":3297,"city":"Ny\u00edregyh\u00e1za","pop_total":55289.2130370823,"mass_total":22504827.2308457829,"n_hex":13,"sample_h3":"871e08c12ffffff","log_pop":4.7426404084,"log_mass":7.3522756832},{"country_iso":"HUN","city_id":3298,"city":"Debrecen","pop_total":129009.7218840533,"mass_total":37394592.5272685513,"n_hex":17,"sample_h3":"871e08590ffffff","log_pop":5.110622439,"log_mass":7.5728088053}]