[{"country_iso":"POL","city_id":2907,"city":"Szczecin","pop_total":176564.7038838737,"mass_total":54139836.2962099761,"n_hex":28,"sample_h3":"871f0e4c8ffffff","log_pop":5.2469038904,"log_mass":7.7335169383},{"country_iso":"POL","city_id":2914,"city":"Zdroje","pop_total":34747.8414382112,"mass_total":10166153.4866171554,"n_hex":9,"sample_h3":"871f0e6a0ffffff","log_pop":4.5409278311,"log_mass":7.0071566623},{"country_iso":"POL","city_id":2937,"city":"Gorz\u00f3w Wielkopolski","pop_total":57267.8674420909,"mass_total":18737174.2787080221,"n_hex":11,"sample_h3":"871f0a408ffffff","log_pop":4.757911011,"log_mass":7.2727040963},{"country_iso":"POL","city_id":2966,"city":"Koszalin","pop_total":59940.182785209,"mass_total":19298051.7123331167,"n_hex":14,"sample_h3":"871f08816ffffff","log_pop":4.777718063,"log_mass":7.2855134658},{"country_iso":"POL","city_id":2979,"city":"Jelenia G\u00f3ra","pop_total":26606.041120503,"mass_total":10383160.6795038059,"n_hex":12,"sample_h3":"871e26610ffffff","log_pop":4.424980258,"log_mass":7.0163295748},{"country_iso":"POL","city_id":2996,"city":"Lubin","pop_total":44478.2162534681,"mass_total":9421998.119239375,"n_hex":9,"sample_h3":"871e26320ffffff","log_pop":4.6481473621,"log_mass":6.9741430132},{"country_iso":"POL","city_id":2998,"city":"Legnica","pop_total":43991.3826377654,"mass_total":13965381.6621937156,"n_hex":10,"sample_h3":"871e26214ffffff","log_pop":4.643367612,"log_mass":7.1450528091},{"country_iso":"POL","city_id":3001,"city":"Pi\u0142a","pop_total":34559.2589155898,"mass_total":13734056.7307443079,"n_hex":13,"sample_h3":"871f0bc00ffffff","log_pop":4.538564421,"log_mass":7.137798837},{"country_iso":"POL","city_id":3004,"city":"Wa\u0142brzych","pop_total":78287.1886107379,"mass_total":17774411.9900626577,"n_hex":18,"sample_h3":"871e228a0ffffff","log_pop":4.8936906973,"log_mass":7.2497952424},{"country_iso":"POL","city_id":3006,"city":"Leszno","pop_total":40836.7591965404,"mass_total":12674605.6420787554,"n_hex":9,"sample_h3":"871e24614ffffff","log_pop":4.6110512692,"log_mass":7.1029344556},{"country_iso":"POL","city_id":3012,"city":"Poznan","pop_total":349650.050301894,"mass_total":120120845.6084325612,"n_hex":59,"sample_h3":"871e24a02ffffff","log_pop":5.5436335951,"log_mass":8.0796183808},{"country_iso":"POL","city_id":3015,"city":"\u015awidnica","pop_total":34575.101858657,"mass_total":9326514.5377292894,"n_hex":6,"sample_h3":"871e22800ffffff","log_pop":4.5387634682,"log_mass":6.9697193715},{"country_iso":"POL","city_id":3031,"city":"Wroclaw","pop_total":335778.3140586783,"mass_total":104539627.7933056206,"n_hex":48,"sample_h3":"871e20400ffffff","log_pop":5.5260526442,"log_mass":8.0192809495},{"country_iso":"POL","city_id":3043,"city":"Gniezno","pop_total":38921.9960718169,"mass_total":14132676.250958534,"n_hex":11,"sample_h3":"871e25d21ffffff","log_pop":4.5901951045,"log_mass":7.1502244103},{"country_iso":"POL","city_id":3045,"city":"Wejherowo","pop_total":29697.2155406419,"mass_total":8846620.3140170407,"n_hex":11,"sample_h3":"871f0d209ffffff","log_pop":4.4727157311,"log_mass":6.9467773883},{"country_iso":"POL","city_id":3054,"city":"Bydgoszcz","pop_total":224113.5952760013,"mass_total":62679071.8041785434,"n_hex":31,"sample_h3":"871f0b30cffffff","log_pop":5.3504682027,"log_mass":7.7971225565},{"country_iso":"POL","city_id":3060,"city":"Gdansk","pop_total":366541.7593345937,"mass_total":125981359.5339431465,"n_hex":74,"sample_h3":"871f09869ffffff","log_pop":5.5641234601,"log_mass":8.1003062907},{"country_iso":"POL","city_id":3066,"city":"Ostr\u00f3w Wielkopolski","pop_total":42440.1752213179,"mass_total":16415277.6803567968,"n_hex":11,"sample_h3":"871e20a30ffffff","log_pop":4.6277771683,"log_mass":7.2152482336},{"country_iso":"POL","city_id":3080,"city":"Inowroc\u0142aw","pop_total":43295.838643675,"mass_total":13186795.9555650838,"n_hex":11,"sample_h3":"871e25944ffffff","log_pop":4.6364461564,"log_mass":7.1201392862},{"country_iso":"POL","city_id":3085,"city":"Kalisz","pop_total":56859.9781459079,"mass_total":18149851.797012832,"n_hex":12,"sample_h3":"871e20b40ffffff","log_pop":4.7548066884,"log_mass":7.2588730831},{"country_iso":"POL","city_id":3091,"city":"Tczew","pop_total":36394.821178677,"mass_total":9214234.8523717914,"n_hex":8,"sample_h3":"871f09a1affffff","log_pop":4.5610395899,"log_mass":6.9644592774},{"country_iso":"POL","city_id":3092,"city":"Opole","pop_total":60744.0054453887,"mass_total":24569573.8763403185,"n_hex":15,"sample_h3":"871e23c40ffffff","log_pop":4.7835034258,"log_mass":7.3903976243},{"country_iso":"POL","city_id":3096,"city":"Toru\u0144","pop_total":111807.9368887682,"mass_total":38695846.7628841922,"n_hex":22,"sample_h3":"871f56501ffffff","log_pop":5.0484726338,"log_mass":7.5876643546},{"country_iso":"POL","city_id":3122,"city":"Kruszyn","pop_total":6608.0398309066,"mass_total":1710107.2164989223,"n_hex":7,"sample_h3":"871e25a60ffffff","log_pop":3.8200726521,"log_mass":6.2330233397},{"country_iso":"POL","city_id":3126,"city":"Gronowo G\u00f3rne","pop_total":9673.1723786578,"mass_total":1714381.0818790838,"n_hex":3,"sample_h3":"871f54c21ffffff","log_pop":3.9855689271,"log_mass":6.2341073656},{"country_iso":"POL","city_id":3130,"city":"Rybnik","pop_total":57326.6473077568,"mass_total":21876516.7369325496,"n_hex":19,"sample_h3":"871e2360bffffff","log_pop":4.7583565432,"log_mass":7.3399781731},{"country_iso":"POL","city_id":3134,"city":"Katowice","pop_total":1057992.9955912586,"mass_total":364136995.1618099809,"n_hex":169,"sample_h3":"871e0590cffffff","log_pop":6.0244827925,"log_mass":8.5612648041},{"country_iso":"POL","city_id":3150,"city":"Cz\u0119stochowa","pop_total":122742.3812879109,"mass_total":43807487.1725464687,"n_hex":27,"sample_h3":"871e21693ffffff","log_pop":5.0889945446,"log_mass":7.6415483425},{"country_iso":"POL","city_id":3153,"city":"Lodz","pop_total":425989.2418276226,"mass_total":104152904.3041188866,"n_hex":44,"sample_h3":"871e21848ffffff","log_pop":5.6293986313,"log_mass":8.0176713848},{"country_iso":"POL","city_id":3154,"city":"Pabianice","pop_total":42911.6737980258,"mass_total":12088990.9088510871,"n_hex":10,"sample_h3":"871e21b80ffffff","log_pop":4.6325754548,"log_mass":7.082390051},{"country_iso":"POL","city_id":3156,"city":"Tychy","pop_total":71158.0055955625,"mass_total":21869886.7419708297,"n_hex":17,"sample_h3":"871e05820ffffff","log_pop":4.8522237673,"log_mass":7.339846534},{"country_iso":"POL","city_id":3159,"city":"P\u0142ock","pop_total":52869.5147502348,"mass_total":17204704.5745086595,"n_hex":12,"sample_h3":"871f52884ffffff","log_pop":4.7232053244,"log_mass":7.2356472197},{"country_iso":"POL","city_id":3161,"city":"Bielsko-Bia\u0142a","pop_total":89574.3802219681,"mass_total":30786455.9985943511,"n_hex":21,"sample_h3":"871e05100ffffff","log_pop":4.9521838119,"log_mass":7.4883596977},{"country_iso":"POL","city_id":3179,"city":"Olsztyn","pop_total":92422.4571747163,"mass_total":25064040.0110245906,"n_hex":17,"sample_h3":"871f542a4ffffff","log_pop":4.9657775106,"log_mass":7.3990510752},{"country_iso":"POL","city_id":3194,"city":"Tomasz\u00f3w Mazowiecki","pop_total":35606.1455952233,"mass_total":12467131.4948198609,"n_hex":10,"sample_h3":"871e2cd80ffffff","log_pop":4.5515249634,"log_mass":7.0957665401},{"country_iso":"POL","city_id":3205,"city":"Krakow","pop_total":429750.2348712248,"mass_total":119779647.0228648186,"n_hex":54,"sample_h3":"871e05a61ffffff","log_pop":5.6332161227,"log_mass":8.0783830289},{"country_iso":"POL","city_id":3216,"city":"Warsaw","pop_total":1295416.8323212441,"mass_total":340435254.3817874193,"n_hex":125,"sample_h3":"871f52209ffffff","log_pop":6.1124095359,"log_mass":8.5320345279},{"country_iso":"POL","city_id":3219,"city":"Legionowo","pop_total":41058.6850495343,"mass_total":10864179.0878215395,"n_hex":7,"sample_h3":"871f53d80ffffff","log_pop":4.6134050365,"log_mass":7.035996916},{"country_iso":"POL","city_id":3223,"city":"Kielce","pop_total":106246.8934163776,"mass_total":31493996.6028193235,"n_hex":16,"sample_h3":"871e2ea29ffffff","log_pop":5.0263162404,"log_mass":7.4982277763},{"country_iso":"POL","city_id":3235,"city":"Radom","pop_total":111567.8562390673,"mass_total":32610217.419629205,"n_hex":18,"sample_h3":"871e2c040ffffff","log_pop":5.0475390883,"log_mass":7.5133536944},{"country_iso":"POL","city_id":3236,"city":"Nowy S\u0105cz","pop_total":40703.9501499111,"mass_total":14402711.2429612055,"n_hex":12,"sample_h3":"871e2a016ffffff","log_pop":4.6096365578,"log_mass":7.1584442537},{"country_iso":"POL","city_id":3248,"city":"Ostrowiec \u015awi\u0119tokrzyski","pop_total":37417.1478640295,"mass_total":14784857.434043251,"n_hex":11,"sample_h3":"871e28980ffffff","log_pop":4.5730706802,"log_mass":7.1698171411},{"country_iso":"POL","city_id":3252,"city":"Elk","pop_total":40203.7006188907,"mass_total":9503650.5078294743,"n_hex":11,"sample_h3":"871f55236ffffff","log_pop":4.6042660303,"log_mass":6.977890457},{"country_iso":"POL","city_id":3280,"city":"Rzesz\u00f3w","pop_total":123913.0755457396,"mass_total":29915259.3692394234,"n_hex":18,"sample_h3":"871e286c0ffffff","log_pop":5.0931171364,"log_mass":7.4758927726},{"country_iso":"POL","city_id":3288,"city":"Bia\u0142ystok","pop_total":190256.4730995272,"mass_total":50176810.7692928165,"n_hex":28,"sample_h3":"871f51049ffffff","log_pop":5.2793394417,"log_mass":7.7005030542},{"country_iso":"POL","city_id":3289,"city":"Lublin","pop_total":211380.5808017296,"mass_total":54891854.960593693,"n_hex":29,"sample_h3":"871e2d080ffffff","log_pop":5.3250650869,"log_mass":7.7395079071},{"country_iso":"POL","city_id":3328,"city":"Che\u0142m","pop_total":35545.3997833579,"mass_total":13067798.0060906354,"n_hex":11,"sample_h3":"871e2d2c8ffffff","log_pop":4.5507834032,"log_mass":7.1162024128}]