[{"country_iso":"SEN","city_id":1452,"city":"Dakar","pop_total":2021042.7783999685,"mass_total":119288660.7373291403,"n_hex":71,"sample_h3":"8754ac209ffffff","log_pop":6.3055755061,"log_mass":8.0765991628},{"country_iso":"SEN","city_id":1453,"city":"MBour","pop_total":43473.6029071546,"mass_total":10845567.0531815812,"n_hex":21,"sample_h3":"8754ad083ffffff","log_pop":4.6382256342,"log_mass":7.0352522637},{"country_iso":"SEN","city_id":1454,"city":"Thi\u00e8s","pop_total":35957.7700325199,"mass_total":14024076.5335846692,"n_hex":15,"sample_h3":"8754adc40ffffff","log_pop":4.5557927506,"log_mass":7.1468742732},{"country_iso":"SEN","city_id":1456,"city":"Tivaouane","pop_total":2898.6109832128,"mass_total":2604512.7190263784,"n_hex":5,"sample_h3":"8754ad990ffffff","log_pop":3.4621899335,"log_mass":6.4157264826},{"country_iso":"SEN","city_id":1460,"city":"Bambey","pop_total":716.0872128842,"mass_total":290900.4966831774,"n_hex":3,"sample_h3":"8754adb12ffffff","log_pop":2.8549659186,"log_mass":5.4637444628},{"country_iso":"SEN","city_id":1461,"city":"Saint-Louis","pop_total":44232.9020906411,"mass_total":6036038.1293734349,"n_hex":9,"sample_h3":"875413980ffffff","log_pop":4.6457454341,"log_mass":6.7807519745},{"country_iso":"SEN","city_id":1462,"city":"Fatick","pop_total":1174.9956443656,"mass_total":474856.7220558408,"n_hex":4,"sample_h3":"8754ad364ffffff","log_pop":3.0700362567,"log_mass":5.6765625902},{"country_iso":"SEN","city_id":1463,"city":"Ziguinchor","pop_total":28641.7501646341,"mass_total":10808984.9494712912,"n_hex":10,"sample_h3":"8754f4743ffffff","log_pop":4.4569995522,"log_mass":7.0337849121},{"country_iso":"SEN","city_id":1464,"city":"Bignona","pop_total":1272.9932218477,"mass_total":2727265.0749005871,"n_hex":7,"sample_h3":"8754f401bffffff","log_pop":3.1048260912,"log_mass":6.435727351},{"country_iso":"SEN","city_id":1465,"city":"Diourbel","pop_total":10497.5511830947,"mass_total":4347269.0592284994,"n_hex":8,"sample_h3":"8754adb44ffffff","log_pop":4.0210880008,"log_mass":6.6382165202},{"country_iso":"SEN","city_id":1466,"city":"Louga","pop_total":4866.0869744974,"mass_total":3740283.0129353362,"n_hex":5,"sample_h3":"875413a30ffffff","log_pop":3.6871798671,"log_mass":6.5729044648},{"country_iso":"SEN","city_id":1467,"city":"Kaolack","pop_total":36021.4922042211,"mass_total":8460737.7211355139,"n_hex":12,"sample_h3":"87541ac40ffffff","log_pop":4.5565616997,"log_mass":6.9274082323},{"country_iso":"SEN","city_id":1468,"city":"Keur Madiabel","pop_total":634.9653988464,"mass_total":417717.5768029785,"n_hex":3,"sample_h3":"87541a0a8ffffff","log_pop":2.8027500599,"log_mass":5.62088275},{"country_iso":"SEN","city_id":1469,"city":"Gossas","pop_total":97.791882515,"mass_total":117334.4347650781,"n_hex":1,"sample_h3":"87541e6abffffff","log_pop":1.9903028065,"log_mass":5.0694254855},{"country_iso":"SEN","city_id":1470,"city":"Darou Mousti","pop_total":485.3937714904,"mass_total":492724.0031339384,"n_hex":2,"sample_h3":"87541ecdaffffff","log_pop":2.6860941992,"log_mass":5.6926037195},{"country_iso":"SEN","city_id":1471,"city":"Guinguin\u00e9o","pop_total":106.3717080602,"mass_total":167939.8890554307,"n_hex":3,"sample_h3":"87541a8b4ffffff","log_pop":2.026826133,"log_mass":5.2251538619},{"country_iso":"SEN","city_id":1472,"city":"Goudomp","pop_total":615.0972869873,"mass_total":572976.2736473545,"n_hex":3,"sample_h3":"8754f4358ffffff","log_pop":2.7889438115,"log_mass":5.7581366387},{"country_iso":"SEN","city_id":1473,"city":"Touba","pop_total":103154.909035836,"mass_total":31241458.329199601,"n_hex":28,"sample_h3":"87541e080ffffff","log_pop":5.0134899004,"log_mass":7.4947312982},{"country_iso":"SEN","city_id":1476,"city":"Nioro du Rip","pop_total":805.2742091852,"mass_total":384116.637477335,"n_hex":2,"sample_h3":"87541a332ffffff","log_pop":2.90594379,"log_mass":5.5844631184},{"country_iso":"SEN","city_id":1481,"city":"S\u00e9dhiou","pop_total":1407.6199731584,"mass_total":1534337.3919258853,"n_hex":4,"sample_h3":"8754f5d02ffffff","log_pop":3.1484854205,"log_mass":6.185920869},{"country_iso":"SEN","city_id":1482,"city":"Richard-Toll","pop_total":3591.177347877,"mass_total":1972617.6252970176,"n_hex":6,"sample_h3":"875411d04ffffff","log_pop":3.555236853,"log_mass":6.2950429092},{"country_iso":"SEN","city_id":1484,"city":"Kaffrine","pop_total":1954.5289618436,"mass_total":1379858.4027921637,"n_hex":4,"sample_h3":"87541ab30ffffff","log_pop":3.2910421101,"log_mass":6.1398345226},{"country_iso":"SEN","city_id":1485,"city":"Dahra Djoloff","pop_total":397.4993531302,"mass_total":828659.6823741323,"n_hex":3,"sample_h3":"87541e908ffffff","log_pop":2.5993364262,"log_mass":5.9183762092},{"country_iso":"SEN","city_id":1487,"city":"Dagana","pop_total":671.1628934477,"mass_total":740614.0583012535,"n_hex":3,"sample_h3":"8754156e1ffffff","log_pop":2.8268279377,"log_mass":5.8695919515},{"country_iso":"SEN","city_id":1489,"city":"Kolda","pop_total":5784.1751260159,"mass_total":3463703.4496082268,"n_hex":7,"sample_h3":"87541b20affffff","log_pop":3.7622414335,"log_mass":6.5395407021},{"country_iso":"SEN","city_id":1490,"city":"Podor","pop_total":937.8659186419,"mass_total":480413.2259027717,"n_hex":3,"sample_h3":"875415358ffffff","log_pop":2.9721407542,"log_mass":5.6816149551},{"country_iso":"SEN","city_id":1491,"city":"Koungheul","pop_total":601.8051382261,"mass_total":823884.3136786253,"n_hex":2,"sample_h3":"875418389ffffff","log_pop":2.7794558914,"log_mass":5.9158662342},{"country_iso":"SEN","city_id":1496,"city":"Koumpentoum","pop_total":90.0235181098,"mass_total":115308.0295655689,"n_hex":2,"sample_h3":"875418343ffffff","log_pop":1.9543559811,"log_mass":5.0618595508},{"country_iso":"SEN","city_id":1500,"city":"V\u00e9lingara","pop_total":1214.0659402866,"mass_total":1264583.9140187039,"n_hex":4,"sample_h3":"8754e6906ffffff","log_pop":3.0842422755,"log_mass":6.1019476531},{"country_iso":"SEN","city_id":1504,"city":"Madina Gounass","pop_total":328.1084285044,"mass_total":515370.3441565429,"n_hex":3,"sample_h3":"8754e4512ffffff","log_pop":2.5160173868,"log_mass":5.7121194244},{"country_iso":"SEN","city_id":1506,"city":"Tambacounda","pop_total":2667.1846764948,"mass_total":4427410.1684586471,"n_hex":8,"sample_h3":"875419b02ffffff","log_pop":3.4260530874,"log_mass":6.6461497582},{"country_iso":"SEN","city_id":1513,"city":"Waound\u00e9","pop_total":511.3294178196,"mass_total":476133.501634409,"n_hex":3,"sample_h3":"87540ec40ffffff","log_pop":2.7087007793,"log_mass":5.6777287403}]