[{"country_iso":"CUB","city_id":433,"city":"Pinar del Rio","pop_total":35743.8769935814,"mass_total":8280228.4598620348,"n_hex":16,"sample_h3":"874430d01ffffff","log_pop":4.5532016569,"log_mass":6.9180423196},{"country_iso":"CUB","city_id":473,"city":"Havana","pop_total":791461.5083764001,"mass_total":136298923.4108351767,"n_hex":114,"sample_h3":"874432424ffffff","log_pop":5.8984297984,"log_mass":8.1344924255},{"country_iso":"CUB","city_id":476,"city":"Managua","pop_total":7664.5460682252,"mass_total":1054401.2671307393,"n_hex":5,"sample_h3":"87458d240ffffff","log_pop":3.8844864389,"log_mass":6.0230059192},{"country_iso":"CUB","city_id":490,"city":"Matanzas","pop_total":30190.3361502666,"mass_total":9349268.6651959438,"n_hex":14,"sample_h3":"874589d00ffffff","log_pop":4.4798679486,"log_mass":6.9707776401},{"country_iso":"CUB","city_id":503,"city":"Cienfuegos","pop_total":25969.8483805226,"mass_total":9287157.6861132011,"n_hex":14,"sample_h3":"87458ea82ffffff","log_pop":4.4144694141,"log_mass":6.9678828195},{"country_iso":"CUB","city_id":523,"city":"Santa Clara","pop_total":58565.5700773164,"mass_total":13815177.5501271635,"n_hex":17,"sample_h3":"87458e600ffffff","log_pop":4.7676423751,"log_mass":7.1403564708},{"country_iso":"CUB","city_id":537,"city":"Sancti Spiritus","pop_total":16140.5395197102,"mass_total":5860303.0184774296,"n_hex":10,"sample_h3":"87459d822ffffff","log_pop":4.2079180475,"log_mass":6.7679200726},{"country_iso":"CUB","city_id":569,"city":"Ciego de \u00c1vila","pop_total":26088.5019900789,"mass_total":7015151.2979958411,"n_hex":11,"sample_h3":"87459c300ffffff","log_pop":4.4164491425,"log_mass":6.846037042},{"country_iso":"CUB","city_id":604,"city":"Camag\u00fcey","pop_total":63203.4019671795,"mass_total":19378694.7406447567,"n_hex":23,"sample_h3":"874591288ffffff","log_pop":4.8007404551,"log_mass":7.2873245216},{"country_iso":"CUB","city_id":619,"city":"Manzanillo","pop_total":23793.8423916798,"mass_total":5263194.7201355537,"n_hex":9,"sample_h3":"8745900c0ffffff","log_pop":4.3764645805,"log_mass":6.7212494377},{"country_iso":"CUB","city_id":630,"city":"Nuevitas","pop_total":9632.281504747,"mass_total":2049373.3121686711,"n_hex":8,"sample_h3":"87459eca0ffffff","log_pop":3.9837291664,"log_mass":6.3116210763},{"country_iso":"CUB","city_id":632,"city":"Las Tunas","pop_total":44191.7373106957,"mass_total":10472267.1369853895,"n_hex":13,"sample_h3":"874593124ffffff","log_pop":4.6453410753,"log_mass":7.0200407121},{"country_iso":"CUB","city_id":639,"city":"Bayamo","pop_total":32256.6855988783,"mass_total":7128531.9396838481,"n_hex":15,"sample_h3":"874592b00ffffff","log_pop":4.5086197412,"log_mass":6.8530000998},{"country_iso":"CUB","city_id":655,"city":"Contramaestre","pop_total":11006.14598082,"mass_total":2660760.0730483807,"n_hex":9,"sample_h3":"874592114ffffff","log_pop":4.0416352688,"log_mass":6.425005715},{"country_iso":"CUB","city_id":658,"city":"Holgu\u00edn","pop_total":76248.7009327271,"mass_total":14852721.2703808043,"n_hex":21,"sample_h3":"87459221affffff","log_pop":4.8822324489,"log_mass":7.1718060311},{"country_iso":"CUB","city_id":661,"city":"Palma Soriano","pop_total":13405.8921854898,"mass_total":3820962.2328832624,"n_hex":8,"sample_h3":"874592c89ffffff","log_pop":4.1272957223,"log_mass":6.5821727451},{"country_iso":"CUB","city_id":664,"city":"Santiago de Cuba","pop_total":103775.8389511782,"mass_total":25282440.8944274336,"n_hex":35,"sample_h3":"874c9a520ffffff","log_pop":5.016096253,"log_mass":7.4028190006},{"country_iso":"CUB","city_id":680,"city":"Guantanamo","pop_total":36870.0900630614,"mass_total":8133289.835700402,"n_hex":12,"sample_h3":"874c98592ffffff","log_pop":4.5666741985,"log_mass":6.910266249},{"country_iso":"CUB","city_id":705,"city":"Baracoa","pop_total":1523.6480776544,"mass_total":560220.4177080969,"n_hex":6,"sample_h3":"874c98811ffffff","log_pop":3.1828846681,"log_mass":5.748358933}]