[{"country_iso":"CAF","city_id":3215,"city":"Nao","pop_total":67.5925660133,"mass_total":54260.205503317,"n_hex":1,"sample_h3":"87829e415ffffff","log_pop":1.8298989339,"log_mass":4.7344814343},{"country_iso":"CAF","city_id":3229,"city":"Bouar","pop_total":1215.954802126,"mass_total":856171.6122687533,"n_hex":7,"sample_h3":"876b96270ffffff","log_pop":3.0849174322,"log_mass":5.932560824},{"country_iso":"CAF","city_id":3239,"city":"Carnot","pop_total":1587.6922535391,"mass_total":923889.7994702139,"n_hex":5,"sample_h3":"876b92212ffffff","log_pop":3.2007663258,"log_mass":5.9656201722},{"country_iso":"CAF","city_id":3250,"city":"Nola","pop_total":2634.773907495,"mass_total":1305667.710121894,"n_hex":4,"sample_h3":"87829021bffffff","log_pop":3.4207433539,"log_mass":6.1158326639},{"country_iso":"CAF","city_id":3363,"city":"Bangui","pop_total":610959.3109658287,"mass_total":44425808.9644608125,"n_hex":29,"sample_h3":"876b9aa01ffffff","log_pop":5.7860122878,"log_mass":7.6476353448},{"country_iso":"CAF","city_id":3366,"city":"Badokwa","pop_total":17590.2814627535,"mass_total":2590986.317456719,"n_hex":5,"sample_h3":"876b9aa42ffffff","log_pop":4.2452727887,"log_mass":6.4134651196},{"country_iso":"CAF","city_id":3433,"city":"Bambari","pop_total":315.1358303594,"mass_total":139547.4774441654,"n_hex":4,"sample_h3":"876b8a3b0ffffff","log_pop":2.4984977845,"log_mass":5.1447219903},{"country_iso":"CAF","city_id":3473,"city":"Bria","pop_total":657.3618893147,"mass_total":980096.2381317276,"n_hex":5,"sample_h3":"876b89474ffffff","log_pop":2.8178045222,"log_mass":5.9912687223}]