[{"country_iso":"TGO","city_id":1974,"city":"Dapaong","pop_total":648.9868222143,"mass_total":381595.9200325962,"n_hex":4,"sample_h3":"875998660ffffff","log_pop":2.8122358785,"log_mass":5.5816037226},{"country_iso":"TGO","city_id":1988,"city":"Sansann\u00e9-Mango","pop_total":1223.060388479,"mass_total":748370.4251561984,"n_hex":5,"sample_h3":"87599b18cffffff","log_pop":3.0874479008,"log_mass":5.8741166163},{"country_iso":"TGO","city_id":1994,"city":"Kpalim\u00e9","pop_total":2384.3687626726,"mass_total":1243703.5437869234,"n_hex":7,"sample_h3":"875894c90ffffff","log_pop":3.3773734236,"log_mass":6.0947168718},{"country_iso":"TGO","city_id":1999,"city":"Bassar","pop_total":599.6290072843,"mass_total":674303.5460674902,"n_hex":3,"sample_h3":"8758b55a2ffffff","log_pop":2.7778826338,"log_mass":5.8288554436},{"country_iso":"TGO","city_id":2009,"city":"Sotouboua","pop_total":279.1099774424,"mass_total":1002783.5691472681,"n_hex":4,"sample_h3":"8758b005affffff","log_pop":2.4457753616,"log_mass":6.0012072093},{"country_iso":"TGO","city_id":2011,"city":"Blitta-Gare","pop_total":2010.3796778361,"mass_total":168189.8164066033,"n_hex":1,"sample_h3":"8758b062cffffff","log_pop":3.3032780855,"log_mass":5.2257996965},{"country_iso":"TGO","city_id":2014,"city":"Blitta","pop_total":842.1073722839,"mass_total":86899.4388137526,"n_hex":1,"sample_h3":"8758b075effffff","log_pop":2.9253674694,"log_mass":4.9390169718},{"country_iso":"TGO","city_id":2015,"city":"Kand\u00e9","pop_total":65.2346044961,"mass_total":115421.9652695366,"n_hex":3,"sample_h3":"8758b5908ffffff","log_pop":1.8144780337,"log_mass":5.0622884647},{"country_iso":"TGO","city_id":2019,"city":"Atakpam\u00e9","pop_total":4431.2997200349,"mass_total":2339676.0469711549,"n_hex":11,"sample_h3":"8758b3412ffffff","log_pop":3.6465311254,"log_mass":6.3691557289},{"country_iso":"TGO","city_id":2020,"city":"Lom\u00e9","pop_total":1085147.3254317921,"mass_total":122930840.8898886591,"n_hex":107,"sample_h3":"875890c1affffff","log_pop":6.0354887043,"log_mass":8.0896608524},{"country_iso":"TGO","city_id":2021,"city":"Sokod\u00e9","pop_total":10345.2362873152,"mass_total":4909140.2364512496,"n_hex":9,"sample_h3":"8758b0b40ffffff","log_pop":4.0147404145,"log_mass":6.6910054385},{"country_iso":"TGO","city_id":2025,"city":"Nots\u00e9","pop_total":1432.165850688,"mass_total":651965.797750366,"n_hex":6,"sample_h3":"875894009ffffff","log_pop":3.155993314,"log_mass":5.8142248132},{"country_iso":"TGO","city_id":2026,"city":"Kara","pop_total":8139.428993457,"mass_total":3578686.0996233695,"n_hex":8,"sample_h3":"8758b5020ffffff","log_pop":3.9105939388,"log_mass":6.5537236064},{"country_iso":"TGO","city_id":2028,"city":"Ani\u00e9","pop_total":2516.5357194601,"mass_total":995324.6851477387,"n_hex":5,"sample_h3":"8758b3cc3ffffff","log_pop":3.4008030991,"log_mass":5.9979647752},{"country_iso":"TGO","city_id":2030,"city":"Ts\u00e9vi\u00e9","pop_total":2186.2619069389,"mass_total":1924170.8219302739,"n_hex":6,"sample_h3":"875890d20ffffff","log_pop":3.3397021878,"log_mass":6.2842436247},{"country_iso":"TGO","city_id":2036,"city":"K\u00e9tao","pop_total":907.7162872071,"mass_total":795168.4676028419,"n_hex":3,"sample_h3":"8758b5169ffffff","log_pop":2.9579501281,"log_mass":5.9004591498},{"country_iso":"TGO","city_id":2042,"city":"Tchamba","pop_total":1372.6296495587,"mass_total":904264.8355847256,"n_hex":5,"sample_h3":"8758b56c0ffffff","log_pop":3.1375533757,"log_mass":5.9562956426},{"country_iso":"TGO","city_id":2049,"city":"An\u00e9ho","pop_total":7664.5148054347,"mass_total":2859254.5757435085,"n_hex":11,"sample_h3":"875890102ffffff","log_pop":3.8844846675,"log_mass":6.4562528248}]