[{"country_iso":"URY","city_id":1098,"city":"Paysand\u00fa","pop_total":55605.3404604197,"mass_total":11560900.5914674774,"n_hex":12,"sample_h3":"87c2ced01ffffff","log_pop":4.7451165042,"log_mass":7.0629916668},{"country_iso":"URY","city_id":1113,"city":"Artigas","pop_total":36958.3228589963,"mass_total":6717842.1496369392,"n_hex":13,"sample_h3":"87c2db169ffffff","log_pop":4.567712255,"log_mass":6.8272297949},{"country_iso":"URY","city_id":1137,"city":"Las Piedras","pop_total":76864.3340146016,"mass_total":14022262.6954990271,"n_hex":16,"sample_h3":"87c2f1090ffffff","log_pop":4.8857248686,"log_mass":7.146818099},{"country_iso":"URY","city_id":1138,"city":"Montevideo","pop_total":1052546.2877863189,"mass_total":164334547.4910764396,"n_hex":89,"sample_h3":"87c2f10b0ffffff","log_pop":6.0222412039,"log_mass":8.2157288733},{"country_iso":"URY","city_id":1146,"city":"Ciudad de la Costa","pop_total":60123.1165697102,"mass_total":19946263.3185055815,"n_hex":22,"sample_h3":"87c2f1406ffffff","log_pop":4.7790414848,"log_mass":7.299861548},{"country_iso":"URY","city_id":1163,"city":"Maldonado","pop_total":72583.2883927997,"mass_total":11625978.1241120044,"n_hex":12,"sample_h3":"87c2f2a59ffffff","log_pop":4.8608366401,"log_mass":7.0654295014}]