[{"country_iso":"BRA","city_id":682,"city":"Cruzeiro do Sul","pop_total":37196.7941709481,"mass_total":5347841.5779772419,"n_hex":7,"sample_h3":"878b49250ffffff","log_pop":4.5705055116,"log_mass":6.7281785334},{"country_iso":"BRA","city_id":751,"city":"Leticia","pop_total":36033.4855742603,"mass_total":4942373.1454181122,"n_hex":7,"sample_h3":"878a45d2dffffff","log_pop":4.5567062741,"log_mass":6.6939355312},{"country_iso":"BRA","city_id":826,"city":"Rio Branco","pop_total":228057.4940708649,"mass_total":26543057.2941351645,"n_hex":23,"sample_h3":"878b51234ffffff","log_pop":5.3580443479,"log_mass":7.4239509445},{"country_iso":"BRA","city_id":926,"city":"Porto Velho","pop_total":322718.0271078306,"mass_total":45295294.0086966977,"n_hex":29,"sample_h3":"878a05900ffffff","log_pop":5.5088232259,"log_mass":7.656053083},{"country_iso":"BRA","city_id":939,"city":"Coari","pop_total":38999.6189785268,"mass_total":3407970.8484014678,"n_hex":6,"sample_h3":"878ae4c84ffffff","log_pop":4.591060364,"log_mass":6.5324958712},{"country_iso":"BRA","city_id":956,"city":"Ariquemes","pop_total":56655.7111146047,"mass_total":10802551.3013922237,"n_hex":7,"sample_h3":"878a22060ffffff","log_pop":4.753243695,"log_mass":7.0335263375},{"country_iso":"BRA","city_id":978,"city":"Ji-Paran\u00e1","pop_total":71211.6395226427,"mass_total":14369364.0169265904,"n_hex":15,"sample_h3":"878a35894ffffff","log_pop":4.8525509848,"log_mass":7.1574375468},{"country_iso":"BRA","city_id":998,"city":"Boa Vista","pop_total":189584.2883865438,"mass_total":25208286.7593854293,"n_hex":29,"sample_h3":"878ada820ffffff","log_pop":5.2778023428,"log_mass":7.4015433306},{"country_iso":"BRA","city_id":999,"city":"Cacoal","pop_total":42435.5174720228,"mass_total":9104334.4500417747,"n_hex":9,"sample_h3":"878a34841ffffff","log_pop":4.6277295025,"log_mass":6.9592482033},{"country_iso":"BRA","city_id":1001,"city":"Manacapuru","pop_total":48012.2612813515,"mass_total":4080502.6059473809,"n_hex":5,"sample_h3":"878af4082ffffff","log_pop":4.6813521609,"log_mass":6.6107136595},{"country_iso":"BRA","city_id":1006,"city":"Manaus","pop_total":1631853.8942367753,"mass_total":146998875.9722049236,"n_hex":65,"sample_h3":"878af6129ffffff","log_pop":6.2126812722,"log_mass":8.1673140139},{"country_iso":"BRA","city_id":1019,"city":"Vilhena","pop_total":59375.3149222843,"mass_total":9527454.2164007053,"n_hex":10,"sample_h3":"878bad09bffffff","log_pop":4.7736059261,"log_mass":6.9789768705},{"country_iso":"BRA","city_id":1034,"city":"Itacoatiara","pop_total":43149.2042180823,"mass_total":4552004.2130561899,"n_hex":6,"sample_h3":"878a8cb0cffffff","log_pop":4.6349727906,"log_mass":6.6582026553},{"country_iso":"BRA","city_id":1047,"city":"Parintins","pop_total":52815.3836966389,"mass_total":4624760.2493679207,"n_hex":5,"sample_h3":"878a8ec0affffff","log_pop":4.7227604392,"log_mass":6.6650892235},{"country_iso":"BRA","city_id":1050,"city":"Tangar\u00e1 da Serra","pop_total":43595.0737669858,"mass_total":8794141.2940047011,"n_hex":9,"sample_h3":"878ba00c0ffffff","log_pop":4.6394374169,"log_mass":6.9441934391},{"country_iso":"BRA","city_id":1051,"city":"C\u00e1ceres","pop_total":39273.9187699369,"mass_total":8021558.573313605,"n_hex":11,"sample_h3":"878ba48c0ffffff","log_pop":4.5941042375,"log_mass":6.9042587591},{"country_iso":"BRA","city_id":1055,"city":"Itaituba","pop_total":47473.1642691752,"mass_total":4759981.06554347,"n_hex":7,"sample_h3":"878a801a0ffffff","log_pop":4.6764481801,"log_mass":6.6776052252},{"country_iso":"BRA","city_id":1057,"city":"Corumb\u00e1","pop_total":73863.5672964687,"mass_total":11804338.1822995618,"n_hex":14,"sample_h3":"87a84101bffffff","log_pop":4.8684302784,"log_mass":7.0720416431},{"country_iso":"BRA","city_id":1062,"city":"Sorriso","pop_total":56988.843797567,"mass_total":10229705.4338674638,"n_hex":9,"sample_h3":"878b86300ffffff","log_pop":4.755789846,"log_mass":7.0098631283},{"country_iso":"BRA","city_id":1063,"city":"Cuiab\u00e1","pop_total":559300.5879204797,"mass_total":95362553.0687007457,"n_hex":60,"sample_h3":"878ba6504ffffff","log_pop":5.7476452758,"log_mass":7.9793778696},{"country_iso":"BRA","city_id":1068,"city":"Santar\u00e9m","pop_total":160676.2325151949,"mass_total":21783150.6034010462,"n_hex":13,"sample_h3":"878a9c425ffffff","log_pop":5.20595164,"log_mass":7.3381206941},{"country_iso":"BRA","city_id":1084,"city":"Rondon\u00f3polis","pop_total":135900.2400463881,"mass_total":25470998.552649457,"n_hex":16,"sample_h3":"87a85a0c8ffffff","log_pop":5.1332202238,"log_mass":7.4060459712},{"country_iso":"BRA","city_id":1085,"city":"Pedro Juan Caballero","pop_total":67246.8640102604,"mass_total":18353661.4750014469,"n_hex":17,"sample_h3":"87a8750a4ffffff","log_pop":4.8276720363,"log_mass":7.2637227171},{"country_iso":"BRA","city_id":1091,"city":"Campo Grande","pop_total":605154.8718895355,"mass_total":113236124.5565150082,"n_hex":63,"sample_h3":"87a855994ffffff","log_pop":5.781866534,"log_mass":8.0539849975},{"country_iso":"BRA","city_id":1099,"city":"Uruguaiana","pop_total":85810.4804442263,"mass_total":13562996.514731694,"n_hex":11,"sample_h3":"87a966012ffffff","log_pop":4.9335403335,"log_mass":7.1323556502},{"country_iso":"BRA","city_id":1100,"city":"Dourados","pop_total":125074.3832759784,"mass_total":24957091.088154275,"n_hex":17,"sample_h3":"87a870100ffffff","log_pop":5.0971683701,"log_mass":7.3971939641},{"country_iso":"BRA","city_id":1106,"city":"Altamira","pop_total":53472.215149879,"mass_total":5021011.1571245734,"n_hex":8,"sample_h3":"878a92109ffffff","log_pop":4.7281281756,"log_mass":6.7007911864},{"country_iso":"BRA","city_id":1110,"city":"S\u00e3o F\u00e9lix do Xingu","pop_total":30026.7237862049,"mass_total":2493546.959742072,"n_hex":6,"sample_h3":"87814d544ffffff","log_pop":4.4775079489,"log_mass":6.3968175515},{"country_iso":"BRA","city_id":1111,"city":"S\u00e3o Borja","pop_total":31243.1852931822,"mass_total":5739853.0989396255,"n_hex":10,"sample_h3":"87a971116ffffff","log_pop":4.4947553045,"log_mass":6.7589007776},{"country_iso":"BRA","city_id":1121,"city":"Santana","pop_total":66407.1591243048,"mass_total":5718064.7972091865,"n_hex":10,"sample_h3":"87806a058ffffff","log_pop":4.8222149017,"log_mass":6.7572490725},{"country_iso":"BRA","city_id":1122,"city":"Macap\u00e1","pop_total":308409.0636346023,"mass_total":26429029.2749650441,"n_hex":21,"sample_h3":"87806a0c8ffffff","log_pop":5.4891271328,"log_mass":7.422081212},{"country_iso":"BRA","city_id":1124,"city":"Barra do Gar\u00e7as","pop_total":40157.6944480193,"mass_total":7197573.7379533025,"n_hex":9,"sample_h3":"87a8ebcc2ffffff","log_pop":4.6037687709,"log_mass":6.8571861228},{"country_iso":"BRA","city_id":1125,"city":"Mineiros","pop_total":39628.7226636257,"mass_total":6960725.6374344192,"n_hex":10,"sample_h3":"87a8ec60cffffff","log_pop":4.5980100741,"log_mass":6.842654516},{"country_iso":"BRA","city_id":1126,"city":"Toledo","pop_total":69453.9820001215,"mass_total":13448769.9617544338,"n_hex":14,"sample_h3":"87a82d086ffffff","log_pop":4.8416971502,"log_mass":7.1286825651},{"country_iso":"BRA","city_id":1127,"city":"Rivera","pop_total":76963.373360145,"mass_total":16807957.8010095805,"n_hex":21,"sample_h3":"87c2daa12ffffff","log_pop":4.8862840949,"log_mass":7.225514949},{"country_iso":"BRA","city_id":1128,"city":"Umuarama","pop_total":61783.1583243686,"mass_total":13467290.6662029065,"n_hex":11,"sample_h3":"87a829580ffffff","log_pop":4.7908701055,"log_mass":7.1292802337},{"country_iso":"BRA","city_id":1129,"city":"Breves","pop_total":26098.9165529513,"mass_total":1457150.5446182303,"n_hex":4,"sample_h3":"87806322dffffff","log_pop":4.4166224788,"log_mass":6.163504423},{"country_iso":"BRA","city_id":1131,"city":"Cascavel","pop_total":219151.2613640197,"mass_total":45317757.0870447755,"n_hex":29,"sample_h3":"87a82c24cffffff","log_pop":5.3407439747,"log_mass":7.6562684072},{"country_iso":"BRA","city_id":1132,"city":"Jata\u00ed","pop_total":56011.4788197768,"mass_total":10328870.9230127241,"n_hex":11,"sample_h3":"87a8ee806ffffff","log_pop":4.7482770391,"log_mass":7.0140528502},{"country_iso":"BRA","city_id":1133,"city":"Santo \u00c2ngelo","pop_total":44536.7673528421,"mass_total":9004060.2044620235,"n_hex":9,"sample_h3":"87a972288ffffff","log_pop":4.6487186911,"log_mass":6.9544383902},{"country_iso":"BRA","city_id":1134,"city":"Cianorte","pop_total":43539.7308987664,"mass_total":7787923.1982445605,"n_hex":9,"sample_h3":"87a82bc20ffffff","log_pop":4.6388857405,"log_mass":6.89142166},{"country_iso":"BRA","city_id":1135,"city":"Paranava\u00ed","pop_total":50408.7790611185,"mass_total":10461188.5034245662,"n_hex":9,"sample_h3":"87a82b4c8ffffff","log_pop":4.7025061786,"log_mass":7.0195810279},{"country_iso":"BRA","city_id":1136,"city":"Iju\u00ed","pop_total":45167.3938916302,"mass_total":10784450.776548963,"n_hex":10,"sample_h3":"87a972600ffffff","log_pop":4.654825033,"log_mass":7.0327980325},{"country_iso":"BRA","city_id":1139,"city":"Parauapebas","pop_total":145767.9455295677,"mass_total":10922553.6067871395,"n_hex":10,"sample_h3":"87814ad30ffffff","log_pop":5.1636620328,"log_mass":7.0383241849},{"country_iso":"BRA","city_id":1140,"city":"Reden\u00e7\u00e3o","pop_total":48453.1709545238,"mass_total":7548851.3123927768,"n_hex":9,"sample_h3":"878141cc4ffffff","log_pop":4.6853222042,"log_mass":6.8778808713},{"country_iso":"BRA","city_id":1142,"city":"Francisco Beltr\u00e3o","pop_total":46819.485732753,"mass_total":11148225.7538156509,"n_hex":11,"sample_h3":"87a9522b0ffffff","log_pop":4.6704266391,"log_mass":7.0472057547},{"country_iso":"BRA","city_id":1143,"city":"Tucuru\u00ed","pop_total":58427.6891635751,"mass_total":5219177.1464438383,"n_hex":7,"sample_h3":"878066a09ffffff","log_pop":4.7666187101,"log_mass":6.7176020377},{"country_iso":"BRA","city_id":1144,"city":"Tr\u00eas Lagoas","pop_total":73717.5765346311,"mass_total":15094290.3566504028,"n_hex":12,"sample_h3":"87a80b020ffffff","log_pop":4.8675710494,"log_mass":7.1788126999},{"country_iso":"BRA","city_id":1145,"city":"Campo Mour\u00e3o","pop_total":59163.3351762294,"mass_total":11870007.0420425851,"n_hex":13,"sample_h3":"87a82ab09ffffff","log_pop":4.7720526482,"log_mass":7.0744509766},{"country_iso":"BRA","city_id":1147,"city":"Rio Verde","pop_total":146896.326036909,"mass_total":18114983.2149654068,"n_hex":14,"sample_h3":"87a8e3200ffffff","log_pop":5.167010934,"log_mass":7.258037936},{"country_iso":"BRA","city_id":1148,"city":"Santa Maria","pop_total":152914.890653265,"mass_total":22286224.0031218715,"n_hex":22,"sample_h3":"87a976540ffffff","log_pop":5.1844497785,"log_mass":7.3480364914},{"country_iso":"BRA","city_id":1149,"city":"Maring\u00e1","pop_total":366791.796676265,"mass_total":63976062.6413385049,"n_hex":36,"sample_h3":"87a80c900ffffff","log_pop":5.5644196141,"log_mass":7.8060175082},{"country_iso":"BRA","city_id":1150,"city":"Pato Branco","pop_total":45055.5013320309,"mass_total":10516414.7339810748,"n_hex":10,"sample_h3":"87a952440ffffff","log_pop":4.6537478264,"log_mass":7.021867705},{"country_iso":"BRA","city_id":1151,"city":"Bag\u00e9","pop_total":60957.3138240894,"mass_total":10663131.6688841861,"n_hex":14,"sample_h3":"87a92d700ffffff","log_pop":4.7850258209,"log_mass":7.0278847719},{"country_iso":"BRA","city_id":1152,"city":"Presidente Prudente","pop_total":152746.1100227773,"mass_total":27987034.1530538425,"n_hex":19,"sample_h3":"87a808c06ffffff","log_pop":5.1839701589,"log_mass":7.4469568778},{"country_iso":"BRA","city_id":1153,"city":"Chapec\u00f3","pop_total":131281.3986482877,"mass_total":27265290.5367108621,"n_hex":21,"sample_h3":"87a825b60ffffff","log_pop":5.118203195,"log_mass":7.4356101299},{"country_iso":"BRA","city_id":1154,"city":"Maraba","pop_total":67860.8241065002,"mass_total":6630495.9385373006,"n_hex":6,"sample_h3":"87815999affffff","log_pop":4.8316191294,"log_mass":6.8215460134},{"country_iso":"BRA","city_id":1155,"city":"Marab\u00e1","pop_total":64909.4870442633,"mass_total":7301226.8255122947,"n_hex":7,"sample_h3":"878159d41ffffff","log_pop":4.8123081771,"log_mass":6.8633958408},{"country_iso":"BRA","city_id":1156,"city":"Tail\u00e2ndia","pop_total":56414.6555364777,"mass_total":3115619.367006144,"n_hex":4,"sample_h3":"878062c74ffffff","log_pop":4.7513919407,"log_mass":6.4935443948},{"country_iso":"BRA","city_id":1157,"city":"Abaetetuba","pop_total":56277.9261144619,"mass_total":3555472.2717179162,"n_hex":6,"sample_h3":"878044c08ffffff","log_pop":4.750338085,"log_mass":6.550897296},{"country_iso":"BRA","city_id":1158,"city":"Carazinho","pop_total":37061.6477773795,"mass_total":8221435.8791339546,"n_hex":10,"sample_h3":"87a909096ffffff","log_pop":4.5689247243,"log_mass":6.914947674},{"country_iso":"BRA","city_id":1159,"city":"Arapongas","pop_total":71844.2997235247,"mass_total":13995594.4693712667,"n_hex":13,"sample_h3":"87a801a41ffffff","log_pop":4.856392316,"log_mass":7.1459913501},{"country_iso":"BRA","city_id":1160,"city":"Apucarana","pop_total":71314.5380684447,"mass_total":14967479.2651617937,"n_hex":13,"sample_h3":"87a801b41ffffff","log_pop":4.8531780735,"log_mass":7.1751486652},{"country_iso":"BRA","city_id":1162,"city":"Londrina","pop_total":455559.7306958836,"mass_total":78762299.3450596035,"n_hex":45,"sample_h3":"87a801301ffffff","log_pop":5.6585453275,"log_mass":7.8963183862},{"country_iso":"BRA","city_id":1164,"city":"Erechim","pop_total":62009.0706214532,"mass_total":14122914.4785798099,"n_hex":13,"sample_h3":"87a90b200ffffff","log_pop":4.7924552223,"log_mass":7.1499243292},{"country_iso":"BRA","city_id":1165,"city":"Bel\u00e9m","pop_total":1569896.2895043192,"mass_total":111635005.1438908577,"n_hex":60,"sample_h3":"878044482ffffff","log_pop":6.195870963,"log_mass":8.0478003967},{"country_iso":"BRA","city_id":1166,"city":"Passo Fundo","pop_total":126763.5222789673,"mass_total":26224453.5937079601,"n_hex":21,"sample_h3":"87a909480ffffff","log_pop":5.1029942981,"log_mass":7.4187064481},{"country_iso":"BRA","city_id":1167,"city":"Gurupi","pop_total":47982.7511373558,"mass_total":10381828.0111026764,"n_hex":10,"sample_h3":"87816644affffff","log_pop":4.681085145,"log_mass":7.0162738299},{"country_iso":"BRA","city_id":1168,"city":"Cachoeira do Sul","pop_total":40666.6910503364,"mass_total":8706654.2547161188,"n_hex":11,"sample_h3":"87a92b44bffffff","log_pop":4.6092388364,"log_mass":6.9398512988},{"country_iso":"BRA","city_id":1170,"city":"Guarapuava","pop_total":99043.9983535009,"mass_total":21845451.8498390615,"n_hex":15,"sample_h3":"87a823a4affffff","log_pop":4.9958281643,"log_mass":7.3393610321},{"country_iso":"BRA","city_id":1171,"city":"Ara\u00e7atuba","pop_total":125524.9465711783,"mass_total":21920221.8481107317,"n_hex":17,"sample_h3":"87a80a440ffffff","log_pop":5.0987300452,"log_mass":7.3408449452},{"country_iso":"BRA","city_id":1172,"city":"Fernand\u00f3polis","pop_total":41621.1816645515,"mass_total":8047483.1113041937,"n_hex":8,"sample_h3":"87a8e4420ffffff","log_pop":4.6193144061,"log_mass":6.9056600739},{"country_iso":"BRA","city_id":1173,"city":"Tup\u00e3","pop_total":40130.4757583898,"mass_total":7368988.3197227521,"n_hex":7,"sample_h3":"87a80e688ffffff","log_pop":4.6034743085,"log_mass":6.8674078681},{"country_iso":"BRA","city_id":1174,"city":"Trindade","pop_total":36064.871453008,"mass_total":6027691.4442392755,"n_hex":9,"sample_h3":"87a8c0102ffffff","log_pop":4.5570843886,"log_mass":6.7801510128},{"country_iso":"BRA","city_id":1175,"city":"Birigui","pop_total":78774.1550557345,"mass_total":12687533.9490934033,"n_hex":12,"sample_h3":"87a80a401ffffff","log_pop":4.8963837536,"log_mass":7.1033772173},{"country_iso":"BRA","city_id":1176,"city":"Parque dos Buritis","pop_total":49452.5561166239,"mass_total":8404651.0950049348,"n_hex":13,"sample_h3":"87a8c0116ffffff","log_pop":4.6941887444,"log_mass":6.9245196891},{"country_iso":"BRA","city_id":1177,"city":"Goi\u00e2nia","pop_total":1409052.1851609324,"mass_total":225352720.5324539244,"n_hex":103,"sample_h3":"87a8c0194ffffff","log_pop":6.1489270778,"log_mass":8.3528628054},{"country_iso":"BRA","city_id":1178,"city":"Santa Cruz do Sul","pop_total":52234.011768651,"mass_total":12998903.6465774868,"n_hex":12,"sample_h3":"87a90c321ffffff","log_pop":4.7179533826,"log_mass":7.1139067246},{"country_iso":"BRA","city_id":1179,"city":"Goian\u00e9sia","pop_total":39749.2780566622,"mass_total":7335564.7979015922,"n_hex":8,"sample_h3":"87a8c3421ffffff","log_pop":4.5993292452,"log_mass":6.8654335577},{"country_iso":"BRA","city_id":1180,"city":"Votuporanga","pop_total":58995.9983468166,"mass_total":11362045.7279759198,"n_hex":10,"sample_h3":"87a8192c0ffffff","log_pop":4.7708225548,"log_mass":7.0554565328},{"country_iso":"BRA","city_id":1181,"city":"Aragua\u00edna","pop_total":98430.5731672705,"mass_total":17025825.9771000743,"n_hex":16,"sample_h3":"87815c980ffffff","log_pop":4.993130014,"log_mass":7.2311081901},{"country_iso":"BRA","city_id":1182,"city":"Assis","pop_total":69034.6661279967,"mass_total":12059597.175426472,"n_hex":11,"sample_h3":"87a80ec18ffffff","log_pop":4.8390672288,"log_mass":7.0813328014},{"country_iso":"BRA","city_id":1183,"city":"Castanhal","pop_total":111388.675618153,"mass_total":11926008.0539143737,"n_hex":12,"sample_h3":"878046d40ffffff","log_pop":5.0468410403,"log_mass":7.0764950983},{"country_iso":"BRA","city_id":1184,"city":"Pen\u00e1polis","pop_total":38988.6864288481,"mass_total":7797723.0985127967,"n_hex":8,"sample_h3":"87a80a594ffffff","log_pop":4.5909386036,"log_mass":6.8919678091},{"country_iso":"BRA","city_id":1185,"city":"Palmas","pop_total":51934.2519023782,"mass_total":8603979.4005114678,"n_hex":10,"sample_h3":"878171000ffffff","log_pop":4.7154538801,"log_mass":6.9346993619},{"country_iso":"BRA","city_id":1186,"city":"Taquaralto","pop_total":63101.7818696312,"mass_total":7667787.4637851687,"n_hex":8,"sample_h3":"878171022ffffff","log_pop":4.800041623,"log_mass":6.8846700666},{"country_iso":"BRA","city_id":1187,"city":"Senador Canedo","pop_total":42117.6957961474,"mass_total":6317176.811333227,"n_hex":8,"sample_h3":"87a8c0c82ffffff","log_pop":4.6244646035,"log_mass":6.8005230325},{"country_iso":"BRA","city_id":1188,"city":"Tel\u00eamaco Borba","pop_total":49615.7835272295,"mass_total":7508254.7807453433,"n_hex":7,"sample_h3":"87a80544dffffff","log_pop":4.6956198541,"log_mass":6.8755390013},{"country_iso":"BRA","city_id":1189,"city":"Ituiutaba","pop_total":72105.9662118231,"mass_total":11623515.1138061471,"n_hex":12,"sample_h3":"87a8e2c40ffffff","log_pop":4.8579712007,"log_mass":7.0653374847},{"country_iso":"BRA","city_id":1190,"city":"An\u00e1polis","pop_total":238641.2125064798,"mass_total":40873778.2514160872,"n_hex":28,"sample_h3":"87a8c0480ffffff","log_pop":5.377745447,"log_mass":7.6114447845},{"country_iso":"BRA","city_id":1191,"city":"Uni\u00e3o da Vit\u00f3ria","pop_total":38756.0582721948,"mass_total":8825186.8226306215,"n_hex":11,"sample_h3":"87a820216ffffff","log_pop":4.5883396002,"log_mass":6.9457239078},{"country_iso":"BRA","city_id":1192,"city":"Lajeado","pop_total":45571.7635842337,"mass_total":10116290.9074818343,"n_hex":17,"sample_h3":"87a90c608ffffff","log_pop":4.6586958357,"log_mass":7.0050213096},{"country_iso":"BRA","city_id":1193,"city":"Itumbiara","pop_total":59553.9856695488,"mass_total":10111141.5225842986,"n_hex":11,"sample_h3":"87a8e24c9ffffff","log_pop":4.7749108321,"log_mass":7.0048001891},{"country_iso":"BRA","city_id":1194,"city":"Mar\u00edlia","pop_total":145307.5394686659,"mass_total":26857346.8587318957,"n_hex":20,"sample_h3":"87a81d809ffffff","log_pop":5.1622881488,"log_mass":7.4290631081},{"country_iso":"BRA","city_id":1195,"city":"Ca\u00e7ador","pop_total":37446.3178972032,"mass_total":7979887.9829647113,"n_hex":9,"sample_h3":"87a82088cffffff","log_pop":4.5734091199,"log_mass":6.901996795},{"country_iso":"BRA","city_id":1196,"city":"Lins","pop_total":49552.5128643801,"mass_total":9115836.7172075883,"n_hex":8,"sample_h3":"87a81d392ffffff","log_pop":4.6950656829,"log_mass":6.9597965375},{"country_iso":"BRA","city_id":1197,"city":"S\u00e3o Jos\u00e9 do Rio Preto","pop_total":295519.418523151,"mass_total":47973088.4640883058,"n_hex":28,"sample_h3":"87a819092ffffff","log_pop":5.4705860236,"log_mass":7.6809976789},{"country_iso":"BRA","city_id":1198,"city":"Ourinhos","pop_total":75148.3840647419,"mass_total":15528921.8904426023,"n_hex":11,"sample_h3":"87a803060ffffff","log_pop":4.8759196463,"log_mass":7.1911413055},{"country_iso":"BRA","city_id":1199,"city":"A\u00e7ail\u00e2ndia","pop_total":50942.1884057109,"mass_total":3527136.6360894921,"n_hex":7,"sample_h3":"87815aa88ffffff","log_pop":4.7070775977,"log_mass":6.5474222839},{"country_iso":"BRA","city_id":1200,"city":"Bento Gon\u00e7alves","pop_total":67834.8789238433,"mass_total":13075188.2763281409,"n_hex":12,"sample_h3":"87a908c90ffffff","log_pop":4.8314530542,"log_mass":7.1164479512},{"country_iso":"BRA","city_id":1201,"city":"Pelotas","pop_total":209171.5456352889,"mass_total":29374206.8583719172,"n_hex":25,"sample_h3":"87a92e064ffffff","log_pop":5.3205026056,"log_mass":7.4679661489},{"country_iso":"BRA","city_id":1202,"city":"Imperatriz","pop_total":167805.6348911164,"mass_total":18312794.4681454636,"n_hex":15,"sample_h3":"87815a940ffffff","log_pop":5.2248065403,"log_mass":7.2627546212},{"country_iso":"BRA","city_id":1203,"city":"Paragominas","pop_total":56484.3698668329,"mass_total":4868307.4071503682,"n_hex":9,"sample_h3":"878070842ffffff","log_pop":4.7519282882,"log_mass":6.6873779938},{"country_iso":"BRA","city_id":1204,"city":"Ponta Grossa","pop_total":204238.1233121066,"mass_total":42136538.2005873621,"n_hex":29,"sample_h3":"87a804a11ffffff","log_pop":5.3101368112,"log_mass":7.6246588525},{"country_iso":"BRA","city_id":1205,"city":"\u00c1guas Lindas de Goi\u00e1s","pop_total":126148.3901660811,"mass_total":14221657.7881160937,"n_hex":18,"sample_h3":"87a8c2448ffffff","log_pop":5.1008817127,"log_mass":7.1529502241},{"country_iso":"BRA","city_id":1206,"city":"Caldas Novas","pop_total":47616.9271647411,"mass_total":8603778.1567589119,"n_hex":8,"sample_h3":"87a8f1293ffffff","log_pop":4.6777613659,"log_mass":6.9346892038},{"country_iso":"BRA","city_id":1207,"city":"Santo Ant\u00f4nio do Descoberto","pop_total":35760.5315496402,"mass_total":4338553.9483255576,"n_hex":10,"sample_h3":"87a8c20b0ffffff","log_pop":4.5534039656,"log_mass":6.6373450021},{"country_iso":"BRA","city_id":1208,"city":"Caxias do Sul","pop_total":304030.5103616792,"mass_total":55978718.2041573152,"n_hex":33,"sample_h3":"87a90e210ffffff","log_pop":5.4829171685,"log_mass":7.7480229498},{"country_iso":"BRA","city_id":1209,"city":"Rio Grande","pop_total":123518.4469702748,"mass_total":16887774.41106233,"n_hex":19,"sample_h3":"87a92e8b2ffffff","log_pop":5.0917318225,"log_mass":7.227572419},{"country_iso":"BRA","city_id":1210,"city":"Ceil\u00e2ndia","pop_total":927056.7302683769,"mass_total":89204151.5169611126,"n_hex":44,"sample_h3":"87a8c2401ffffff","log_pop":5.9671063112,"log_mass":7.9503850667},{"country_iso":"BRA","city_id":1211,"city":"Recanto das Emas","pop_total":92744.537962366,"mass_total":5756493.6192005109,"n_hex":6,"sample_h3":"87a8c2400ffffff","log_pop":4.967288342,"log_mass":6.7601580276},{"country_iso":"BRA","city_id":1212,"city":"Gua\u00edba","pop_total":44101.4158265729,"mass_total":7982968.1591813946,"n_hex":13,"sample_h3":"87a901200ffffff","log_pop":4.6444525322,"log_mass":6.9021643971},{"country_iso":"BRA","city_id":1213,"city":"Catanduva","pop_total":72471.1631192696,"mass_total":12270753.641369801,"n_hex":12,"sample_h3":"87a818200ffffff","log_pop":4.8601652315,"log_mass":7.0888712369},{"country_iso":"BRA","city_id":1214,"city":"Novo Hamburgo","pop_total":402481.9523061177,"mass_total":73883816.4703822285,"n_hex":58,"sample_h3":"87a90e120ffffff","log_pop":5.6047464109,"log_mass":7.8685493208},{"country_iso":"BRA","city_id":1215,"city":"Gama","pop_total":366711.6908999208,"mass_total":33664066.8383610174,"n_hex":28,"sample_h3":"87a8c2424ffffff","log_pop":5.5643247556,"log_mass":7.5271665804},{"country_iso":"BRA","city_id":1216,"city":"Canoas","pop_total":263054.3961563156,"mass_total":40963604.7933036163,"n_hex":28,"sample_h3":"87a90e900ffffff","log_pop":5.4200455641,"log_mass":7.6123981675},{"country_iso":"BRA","city_id":1217,"city":"Sapucaia do Sul","pop_total":156957.4370424503,"mass_total":24308481.3676200509,"n_hex":14,"sample_h3":"87a90e800ffffff","log_pop":5.1957818985,"log_mass":7.3857578279},{"country_iso":"BRA","city_id":1218,"city":"Porto Alegre","pop_total":1327853.3860584532,"mass_total":176289602.9054800272,"n_hex":101,"sample_h3":"87a901212ffffff","log_pop":6.1231501254,"log_mass":8.2462266995},{"country_iso":"BRA","city_id":1219,"city":"Guar\u00e1","pop_total":174255.5216976185,"mass_total":16326681.9547753539,"n_hex":14,"sample_h3":"87a8c2413ffffff","log_pop":5.2411865486,"log_mass":7.2128979327},{"country_iso":"BRA","city_id":1220,"city":"Bauru","pop_total":235994.0094393914,"mass_total":41036866.3091233149,"n_hex":23,"sample_h3":"87a81c308ffffff","log_pop":5.3729009788,"log_mass":7.6131741894},{"country_iso":"BRA","city_id":1221,"city":"Bras\u00edlia","pop_total":170283.5346097151,"mass_total":19070736.0509971566,"n_hex":25,"sample_h3":"87a8c2480ffffff","log_pop":5.2311726563,"log_mass":7.2803674553},{"country_iso":"BRA","city_id":1222,"city":"Parque Santa Rita","pop_total":45054.3649907138,"mass_total":6536624.516520584,"n_hex":8,"sample_h3":"87a8c2536ffffff","log_pop":4.653736873,"log_mass":6.8153535385},{"country_iso":"BRA","city_id":1223,"city":"Bragan\u00e7a","pop_total":37100.60673881,"mass_total":2840271.1169600454,"n_hex":5,"sample_h3":"8780736a0ffffff","log_pop":4.5693810121,"log_mass":6.4533597974},{"country_iso":"BRA","city_id":1224,"city":"Sapiranga","pop_total":47543.6532443682,"mass_total":9824453.7486684993,"n_hex":10,"sample_h3":"87a90e104ffffff","log_pop":4.6770925498,"log_mass":6.9923084124},{"country_iso":"BRA","city_id":1225,"city":"Luzi\u00e2nia","pop_total":55394.7951703735,"mass_total":9286213.7216625642,"n_hex":10,"sample_h3":"87a8c2c96ffffff","log_pop":4.7434689608,"log_mass":6.9678386747},{"country_iso":"BRA","city_id":1226,"city":"Gravata\u00ed","pop_total":256131.6481851489,"mass_total":38047983.5079763457,"n_hex":30,"sample_h3":"87a901648ffffff","log_pop":5.4084632442,"log_mass":7.5803316447},{"country_iso":"BRA","city_id":1227,"city":"Sobradinho","pop_total":91190.446834197,"mass_total":10111836.8083075956,"n_hex":14,"sample_h3":"87a8d1b10ffffff","log_pop":4.9599493438,"log_mass":7.0048300521},{"country_iso":"BRA","city_id":1228,"city":"Uberl\u00e2ndia","pop_total":459030.1825819264,"mass_total":70444600.9400418997,"n_hex":35,"sample_h3":"87a8f0b69ffffff","log_pop":5.6618412426,"log_mass":7.8478477132},{"country_iso":"BRA","city_id":1229,"city":"Barretos","pop_total":82724.9126006613,"mass_total":13773073.7673528306,"n_hex":11,"sample_h3":"87a81b102ffffff","log_pop":4.917636317,"log_mass":7.1390308735},{"country_iso":"BRA","city_id":1230,"city":"Lages","pop_total":100451.6385943674,"mass_total":20512388.0435637347,"n_hex":17,"sample_h3":"87a919228ffffff","log_pop":5.0019570255,"log_mass":7.3120162237},{"country_iso":"BRA","city_id":1231,"city":"Itapo\u00e3","pop_total":81856.639191385,"mass_total":4381156.9907781482,"n_hex":7,"sample_h3":"87a8d1841ffffff","log_pop":4.9130539097,"log_mass":6.6415888156},{"country_iso":"BRA","city_id":1232,"city":"Ibitinga","pop_total":36783.4097811858,"mass_total":5816760.9308017455,"n_hex":9,"sample_h3":"87a818819ffffff","log_pop":4.5656519854,"log_mass":6.7646812146},{"country_iso":"BRA","city_id":1233,"city":"S\u00e3o Sebasti\u00e3o","pop_total":60814.7341872656,"mass_total":3825970.3869731468,"n_hex":6,"sample_h3":"87a8d1940ffffff","log_pop":4.7840088128,"log_mass":6.5827416043},{"country_iso":"BRA","city_id":1234,"city":"Araguari","pop_total":69605.6725396117,"mass_total":12374066.5642341487,"n_hex":11,"sample_h3":"87a8f1d12ffffff","log_pop":4.842644634,"log_mass":7.0925124479},{"country_iso":"BRA","city_id":1235,"city":"Planaltina","pop_total":93083.5736533283,"mass_total":8000694.5352382762,"n_hex":8,"sample_h3":"87a8d1165ffffff","log_pop":4.9688730483,"log_mass":6.9031276895},{"country_iso":"BRA","city_id":1236,"city":"Planaltina","pop_total":47334.3016240926,"mass_total":7160426.633948192,"n_hex":9,"sample_h3":"87a8d1060ffffff","log_pop":4.6751759739,"log_mass":6.8549388993},{"country_iso":"BRA","city_id":1237,"city":"Campo Largo","pop_total":43723.6428521847,"mass_total":9600411.3365367968,"n_hex":10,"sample_h3":"87a804c20ffffff","log_pop":4.6407163382,"log_mass":6.9822898411},{"country_iso":"BRA","city_id":1238,"city":"Bebedouro","pop_total":49683.9573767766,"mass_total":9488265.4505003504,"n_hex":10,"sample_h3":"87a8186c0ffffff","log_pop":4.6962161805,"log_mass":6.9771868263},{"country_iso":"BRA","city_id":1239,"city":"Catal\u00e3o","pop_total":59445.9856879371,"mass_total":9489408.0700375214,"n_hex":11,"sample_h3":"87a8f14a4ffffff","log_pop":4.7741225326,"log_mass":6.9772391229},{"country_iso":"BRA","city_id":1240,"city":"Avar\u00e9","pop_total":53521.9820504993,"mass_total":9661908.1317998543,"n_hex":10,"sample_h3":"87a8022d0ffffff","log_pop":4.728532188,"log_mass":6.9850629038},{"country_iso":"BRA","city_id":1241,"city":"Len\u00e7\u00f3is Paulista","pop_total":41126.5394286078,"mass_total":7042171.0876823794,"n_hex":9,"sample_h3":"87a81c142ffffff","log_pop":4.6141221676,"log_mass":6.8477065719},{"country_iso":"BRA","city_id":1242,"city":"Curitiba","pop_total":1820791.8017671278,"mass_total":292085400.8302001357,"n_hex":132,"sample_h3":"87a804c90ffffff","log_pop":6.2602602893,"log_mass":8.4655098504},{"country_iso":"BRA","city_id":1243,"city":"Arauc\u00e1ria","pop_total":76260.8051329849,"mass_total":12956854.7884915322,"n_hex":15,"sample_h3":"87a804da0ffffff","log_pop":4.8823013861,"log_mass":7.1124995915},{"country_iso":"BRA","city_id":1244,"city":"Ja\u00fa","pop_total":88047.1661657532,"mass_total":15112515.5374530666,"n_hex":15,"sample_h3":"87a81c624ffffff","log_pop":4.9447153826,"log_mass":7.1793367604},{"country_iso":"BRA","city_id":1245,"city":"Jaboticabal","pop_total":47843.9017558467,"mass_total":9419829.9608661849,"n_hex":9,"sample_h3":"87a818458ffffff","log_pop":4.6798265899,"log_mass":6.9740430633},{"country_iso":"BRA","city_id":1246,"city":"Formosa","pop_total":64262.6531670067,"mass_total":8860972.0930282325,"n_hex":9,"sample_h3":"87a8d1180ffffff","log_pop":4.807958652,"log_mass":6.9474813688},{"country_iso":"BRA","city_id":1247,"city":"Fazenda Rio Grande","pop_total":58860.0884474929,"mass_total":9273386.3763828911,"n_hex":11,"sample_h3":"87a831a08ffffff","log_pop":4.7698209104,"log_mass":6.9672383551},{"country_iso":"BRA","city_id":1248,"city":"Mat\u00e3o","pop_total":54526.3418862349,"mass_total":10146056.7978192121,"n_hex":9,"sample_h3":"87a818cc2ffffff","log_pop":4.7366063623,"log_mass":7.0062972892},{"country_iso":"BRA","city_id":1249,"city":"Itapeva","pop_total":50160.5200025577,"mass_total":6870442.562761276,"n_hex":7,"sample_h3":"87a802800ffffff","log_pop":4.7003620301,"log_mass":6.8369847132},{"country_iso":"BRA","city_id":1250,"city":"Uberaba","pop_total":232457.5217887853,"mass_total":36059334.0331513584,"n_hex":24,"sample_h3":"87a8f4301ffffff","log_pop":5.3663436035,"log_mass":7.5570177016},{"country_iso":"BRA","city_id":1251,"city":"S\u00e3o Jos\u00e9 dos Pinhais","pop_total":105241.2038420017,"mass_total":20394460.4756285921,"n_hex":15,"sample_h3":"87a831321ffffff","log_pop":5.0221858073,"log_mass":7.3095122208},{"country_iso":"BRA","city_id":1252,"city":"Botucatu","pop_total":81489.8974105929,"mass_total":14978389.7667977642,"n_hex":12,"sample_h3":"87a81cc05ffffff","log_pop":4.9111037711,"log_mass":7.1754651276},{"country_iso":"BRA","city_id":1253,"city":"Araraquara","pop_total":144927.7562302561,"mass_total":28499091.4026670009,"n_hex":24,"sample_h3":"87a818c84ffffff","log_pop":5.1611515685,"log_mass":7.4548310142},{"country_iso":"BRA","city_id":1254,"city":"Sert\u00e3ozinho","pop_total":85003.3060669179,"mass_total":12801013.3907672726,"n_hex":9,"sample_h3":"87a81aa34ffffff","log_pop":4.9294358172,"log_mass":7.1072443519},{"country_iso":"BRA","city_id":1255,"city":"Tramanda\u00ed","pop_total":41714.348594276,"mass_total":19392234.5267287418,"n_hex":23,"sample_h3":"87a903040ffffff","log_pop":4.6202854661,"log_mass":7.2876278548},{"country_iso":"BRA","city_id":1256,"city":"Jaragu\u00e1 do Sul","pop_total":60910.1632066021,"mass_total":15022326.6943303887,"n_hex":14,"sample_h3":"87a835300ffffff","log_pop":4.7846897632,"log_mass":7.1767372025},{"country_iso":"BRA","city_id":1257,"city":"Ribeirao Preto","pop_total":440823.4269089992,"mass_total":64461193.2429410443,"n_hex":31,"sample_h3":"87a81a160ffffff","log_pop":5.6442646664,"log_mass":7.8092983405},{"country_iso":"BRA","city_id":1258,"city":"Balsas","pop_total":35262.0133013711,"mass_total":4625083.5092281047,"n_hex":8,"sample_h3":"878150600ffffff","log_pop":4.5473071049,"log_mass":6.6651195786},{"country_iso":"BRA","city_id":1259,"city":"Blumenau","pop_total":124838.3019176828,"mass_total":25231935.0898163728,"n_hex":32,"sample_h3":"87a835809ffffff","log_pop":5.0963478526,"log_mass":7.4019505587},{"country_iso":"BRA","city_id":1260,"city":"S\u00e3o Carlos","pop_total":161916.2602892437,"mass_total":28058145.0074453726,"n_hex":19,"sample_h3":"87a81e068ffffff","log_pop":5.2092904646,"log_mass":7.4480589554},{"country_iso":"BRA","city_id":1261,"city":"Una\u00ed","pop_total":3453.3013386577,"mass_total":915685.8553236926,"n_hex":2,"sample_h3":"87a8d0b24ffffff","log_pop":3.538234477,"log_mass":5.9617465057},{"country_iso":"BRA","city_id":1262,"city":"Joinville","pop_total":354205.7946038134,"mass_total":65481020.5359257087,"n_hex":43,"sample_h3":"87a835290ffffff","log_pop":5.5492556617,"log_mass":7.8161154394},{"country_iso":"BRA","city_id":1263,"city":"Batatais","pop_total":36179.3175060279,"mass_total":6731056.1274943575,"n_hex":6,"sample_h3":"87a81a01bffffff","log_pop":4.55846037,"log_mass":6.828083212},{"country_iso":"BRA","city_id":1264,"city":"Crici\u00fama","pop_total":124192.1076585592,"mass_total":28500745.5545097813,"n_hex":27,"sample_h3":"87a918a00ffffff","log_pop":5.0940939975,"log_mass":7.4548562209},{"country_iso":"BRA","city_id":1265,"city":"Paracatu","pop_total":7579.3152833714,"mass_total":1699643.664239645,"n_hex":5,"sample_h3":"87a8d4a00ffffff","log_pop":3.8796299732,"log_mass":6.2303578797},{"country_iso":"BRA","city_id":1266,"city":"Paranagu\u00e1","pop_total":98445.6492571596,"mass_total":18036800.9881635234,"n_hex":17,"sample_h3":"87a831090ffffff","log_pop":4.9931965275,"log_mass":7.2561595135},{"country_iso":"BRA","city_id":1267,"city":"Franca","pop_total":246302.8308113382,"mass_total":36851181.9388954416,"n_hex":27,"sample_h3":"87a81a610ffffff","log_pop":5.3914694033,"log_mass":7.5664514217},{"country_iso":"BRA","city_id":1268,"city":"Itapetininga","pop_total":80154.5720732863,"mass_total":12949055.8037831709,"n_hex":13,"sample_h3":"87a802591ffffff","log_pop":4.9039282999,"log_mass":7.1122381025},{"country_iso":"BRA","city_id":1269,"city":"Patroc\u00ednio","pop_total":38869.9232432291,"mass_total":6645609.4157843245,"n_hex":6,"sample_h3":"87a8f6248ffffff","log_pop":4.589613683,"log_mass":6.8225348128},{"country_iso":"BRA","city_id":1270,"city":"Tatu\u00ed","pop_total":72310.926135818,"mass_total":10192863.3656907305,"n_hex":8,"sample_h3":"87a8118c0ffffff","log_pop":4.8592039239,"log_mass":7.0082962026},{"country_iso":"BRA","city_id":1271,"city":"Piracicaba","pop_total":265956.7746433628,"mass_total":39561773.1323271543,"n_hex":29,"sample_h3":"87a811629ffffff","log_pop":5.4248110575,"log_mass":7.5972757482},{"country_iso":"BRA","city_id":1272,"city":"Itaja\u00ed","pop_total":175804.1096822881,"mass_total":26951338.8531980664,"n_hex":17,"sample_h3":"87a835c40ffffff","log_pop":5.2450290231,"log_mass":7.4305803444},{"country_iso":"BRA","city_id":1273,"city":"Rio Claro","pop_total":137014.5332010416,"mass_total":21288113.6775118113,"n_hex":16,"sample_h3":"87a81e890ffffff","log_pop":5.1367666354,"log_mass":7.3281371807},{"country_iso":"BRA","city_id":1274,"city":"Santa In\u00eas","pop_total":42738.1461955725,"mass_total":4225944.4105207156,"n_hex":5,"sample_h3":"87802b303ffffff","log_pop":4.6308156803,"log_mass":6.6259237799},{"country_iso":"BRA","city_id":1275,"city":"Balne\u00e1rio Cambori\u00fa","pop_total":145136.7098046937,"mass_total":18329535.8186883628,"n_hex":16,"sample_h3":"87a835c29ffffff","log_pop":5.1617772736,"log_mass":7.2631514669},{"country_iso":"BRA","city_id":1276,"city":"Pirassununga","pop_total":39996.3798121569,"mass_total":7891512.3794237757,"n_hex":10,"sample_h3":"87a81e090ffffff","log_pop":4.6020206839,"log_mass":6.8971602421},{"country_iso":"BRA","city_id":1277,"city":"Tubar\u00e3o","pop_total":52140.2080839655,"mass_total":12434544.994451087,"n_hex":12,"sample_h3":"87a91805bffffff","log_pop":4.71717276,"log_mass":7.0946298982},{"country_iso":"BRA","city_id":1278,"city":"Arax\u00e1","pop_total":70708.4356943615,"mass_total":9956581.1294563897,"n_hex":9,"sample_h3":"87a8f6b02ffffff","log_pop":4.8494712293,"log_mass":6.9981102369},{"country_iso":"BRA","city_id":1279,"city":"Itapema","pop_total":47261.2653371029,"mass_total":9430265.4499296453,"n_hex":12,"sample_h3":"87a835d09ffffff","log_pop":4.6745053449,"log_mass":6.9745239177},{"country_iso":"BRA","city_id":1280,"city":"Leme","pop_total":65915.0996530993,"mass_total":10470260.2966107298,"n_hex":9,"sample_h3":"87a81e1b2ffffff","log_pop":4.818984913,"log_mass":7.0199574786},{"country_iso":"BRA","city_id":1281,"city":"Florian\u00f3polis","pop_total":473566.4021092198,"mass_total":70935574.1428070068,"n_hex":56,"sample_h3":"87a91b082ffffff","log_pop":5.6753808831,"log_mass":7.8508640882},{"country_iso":"BRA","city_id":1282,"city":"Limeira","pop_total":214288.2316155446,"mass_total":30883900.351301074,"n_hex":20,"sample_h3":"87a8116d0ffffff","log_pop":5.3309983209,"log_mass":7.4897321425},{"country_iso":"BRA","city_id":1283,"city":"Araras","pop_total":54644.1238193753,"mass_total":9886252.7228870299,"n_hex":10,"sample_h3":"87a81ec01ffffff","log_pop":4.7375434667,"log_mass":6.9950317082},{"country_iso":"BRA","city_id":1284,"city":"Americana","pop_total":290885.1725359113,"mass_total":47121324.620442532,"n_hex":29,"sample_h3":"87a811610ffffff","log_pop":5.4637215843,"log_mass":7.6732174903},{"country_iso":"BRA","city_id":1285,"city":"S\u00e3o Sebasti\u00e3o do Para\u00edso","pop_total":43422.9154991561,"mass_total":7464338.2880441528,"n_hex":8,"sample_h3":"87a81a484ffffff","log_pop":4.6377189795,"log_mass":6.8729913137},{"country_iso":"BRA","city_id":1286,"city":"Sorocaba","pop_total":521922.8417421689,"mass_total":74662740.7928157747,"n_hex":42,"sample_h3":"87a811c20ffffff","log_pop":5.717606304,"log_mass":7.8731039284},{"country_iso":"BRA","city_id":1287,"city":"Patos de Minas","pop_total":93098.164921192,"mass_total":15157839.5979123153,"n_hex":12,"sample_h3":"87a8f2880ffffff","log_pop":4.9689411206,"log_mass":7.180637307},{"country_iso":"BRA","city_id":1288,"city":"Sumar\u00e9","pop_total":192527.7464308303,"mass_total":28978610.2185372971,"n_hex":29,"sample_h3":"87a811790ffffff","log_pop":5.2844933274,"log_mass":7.4620775534},{"country_iso":"BRA","city_id":1289,"city":"Cosm\u00f3polis","pop_total":41502.0450859062,"mass_total":5141684.8891335092,"n_hex":7,"sample_h3":"87a813a40ffffff","log_pop":4.6180694979,"log_mass":6.7111054572},{"country_iso":"BRA","city_id":1290,"city":"Salto","pop_total":74394.1458569784,"mass_total":11154767.8235938679,"n_hex":12,"sample_h3":"87a811508ffffff","log_pop":4.8715387619,"log_mass":7.0474605353},{"country_iso":"BRA","city_id":1291,"city":"Campinas","pop_total":1052606.2852225213,"mass_total":157272903.7778728008,"n_hex":91,"sample_h3":"87a811488ffffff","log_pop":6.0222659589,"log_mass":8.1966539054},{"country_iso":"BRA","city_id":1292,"city":"Itu","pop_total":74416.7147919012,"mass_total":12652727.3669344503,"n_hex":11,"sample_h3":"87a811521ffffff","log_pop":4.8716704937,"log_mass":7.1021841502},{"country_iso":"BRA","city_id":1293,"city":"Indaiatuba","pop_total":154197.5361224705,"mass_total":20501632.0648137927,"n_hex":14,"sample_h3":"87a811400ffffff","log_pop":5.1880774343,"log_mass":7.3117884351},{"country_iso":"BRA","city_id":1294,"city":"Passos","pop_total":76655.7104488455,"mass_total":11207107.6399433836,"n_hex":10,"sample_h3":"87a8a9121ffffff","log_pop":4.8845445131,"log_mass":7.0494935432},{"country_iso":"BRA","city_id":1295,"city":"Mogi Gua\u00e7u","pop_total":100028.8543819581,"mass_total":17696824.4837867059,"n_hex":15,"sample_h3":"87a813201ffffff","log_pop":5.0001252949,"log_mass":7.2478953436},{"country_iso":"BRA","city_id":1296,"city":"Mogi Mirim","pop_total":38106.5660740118,"mass_total":7448360.8594654258,"n_hex":9,"sample_h3":"87a813308ffffff","log_pop":4.5809998146,"log_mass":6.8720607093},{"country_iso":"BRA","city_id":1297,"city":"Bacabal","pop_total":44748.1763817507,"mass_total":4107336.3930698214,"n_hex":6,"sample_h3":"87802bc00ffffff","log_pop":4.6507753413,"log_mass":6.6135602733},{"country_iso":"BRA","city_id":1298,"city":"S\u00e3o Roque","pop_total":34954.06150595,"mass_total":5113495.3574829372,"n_hex":8,"sample_h3":"87a810365ffffff","log_pop":4.5434976461,"log_mass":6.708717866},{"country_iso":"BRA","city_id":1299,"city":"S\u00e3o Jo\u00e3o da Boa Vista","pop_total":53718.1881721091,"mass_total":9717164.1921366248,"n_hex":11,"sample_h3":"87a8ad821ffffff","log_pop":4.7301213562,"log_mass":6.9875395411},{"country_iso":"BRA","city_id":1300,"city":"Jardim Alice","pop_total":33627.5037046669,"mass_total":5468467.2276144763,"n_hex":10,"sample_h3":"87a8102c8ffffff","log_pop":4.5266946292,"log_mass":6.7378656137},{"country_iso":"BRA","city_id":1301,"city":"Itapira","pop_total":42501.7110785805,"mass_total":7291554.3197983224,"n_hex":10,"sample_h3":"87a813312ffffff","log_pop":4.6284064147,"log_mass":6.8628201155},{"country_iso":"BRA","city_id":1302,"city":"Jundia\u00ed","pop_total":360719.5073854523,"mass_total":48737960.8908378705,"n_hex":41,"sample_h3":"87a81029bffffff","log_pop":5.5571696292,"log_mass":7.6878673551},{"country_iso":"BRA","city_id":1303,"city":"S\u00e3o Paulo","pop_total":15475816.1959134601,"mass_total":1340321073.8072521687,"n_hex":448,"sample_h3":"87a810000ffffff","log_pop":7.189653563,"log_mass":9.127208846},{"country_iso":"BRA","city_id":1304,"city":"Itatiba","pop_total":56524.5123016394,"mass_total":9464285.4509716816,"n_hex":10,"sample_h3":"87a813808ffffff","log_pop":4.7522368239,"log_mass":6.9760878305},{"country_iso":"BRA","city_id":1305,"city":"Po\u00e7os de Caldas","pop_total":88220.3476930054,"mass_total":13101623.8106914926,"n_hex":12,"sample_h3":"87a8ad120ffffff","log_pop":4.9455687651,"log_mass":7.1173251253},{"country_iso":"BRA","city_id":1306,"city":"Polvilho","pop_total":55079.1664739603,"mass_total":7108487.9518931657,"n_hex":9,"sample_h3":"87a810206ffffff","log_pop":4.7409873594,"log_mass":6.8517772317},{"country_iso":"BRA","city_id":1307,"city":"Barreiras","pop_total":88847.5853664748,"mass_total":8218334.4837121116,"n_hex":11,"sample_h3":"87812b544ffffff","log_pop":4.9486456294,"log_mass":6.9147838129},{"country_iso":"BRA","city_id":1308,"city":"Itapecerica da Serra","pop_total":50717.8690255327,"mass_total":4694222.2087656697,"n_hex":10,"sample_h3":"87a810061ffffff","log_pop":4.7051609978,"log_mass":6.6715636438},{"country_iso":"BRA","city_id":1309,"city":"Jardim Brit\u00e2nia","pop_total":50987.23487876,"mass_total":3701823.1824809285,"n_hex":5,"sample_h3":"87a810381ffffff","log_pop":4.7074614601,"log_mass":6.5684156708},{"country_iso":"BRA","city_id":1310,"city":"Francisco Morato","pop_total":240279.2677972444,"mass_total":22091236.1857727282,"n_hex":23,"sample_h3":"87a810280ffffff","log_pop":5.3807162999,"log_mass":7.3442200189},{"country_iso":"BRA","city_id":1311,"city":"Perus","pop_total":62177.4191618761,"mass_total":3984738.8831774015,"n_hex":6,"sample_h3":"87a8102a6ffffff","log_pop":4.7936326915,"log_mass":6.6003998677},{"country_iso":"BRA","city_id":1312,"city":"S\u00e3o Lu\u00eds","pop_total":806720.1695559369,"mass_total":37418032.2298449427,"n_hex":56,"sample_h3":"878008800ffffff","log_pop":5.9067229153,"log_mass":7.5730809447},{"country_iso":"BRA","city_id":1313,"city":"Praia Grande","pop_total":371456.3291486538,"mass_total":58365910.1530760676,"n_hex":57,"sample_h3":"87a810836ffffff","log_pop":5.5699077626,"log_mass":7.7661592623},{"country_iso":"BRA","city_id":1314,"city":"Bragan\u00e7a Paulista","pop_total":93091.7448513627,"mass_total":14261326.739182489,"n_hex":12,"sample_h3":"87a813890ffffff","log_pop":4.9689111705,"log_mass":7.1541599301},{"country_iso":"BRA","city_id":1315,"city":"Atibaia","pop_total":65354.0694536024,"mass_total":11161991.2773433905,"n_hex":11,"sample_h3":"87a8106c9ffffff","log_pop":4.8152726353,"log_mass":7.0477416788},{"country_iso":"BRA","city_id":1316,"city":"Alfenas","pop_total":51447.5501674964,"mass_total":8102516.8418187415,"n_hex":8,"sample_h3":"87a8ad482ffffff","log_pop":4.7113646993,"log_mass":6.9086199424},{"country_iso":"BRA","city_id":1317,"city":"Ribeir\u00e3o Pires","pop_total":64276.9513285661,"mass_total":7963430.6740460563,"n_hex":17,"sample_h3":"87a8100b4ffffff","log_pop":4.8080552699,"log_mass":6.9011002036},{"country_iso":"BRA","city_id":1318,"city":"Aruj\u00e1","pop_total":38467.8230575526,"mass_total":4714293.4975655694,"n_hex":8,"sample_h3":"87a810780ffffff","log_pop":4.5850976097,"log_mass":6.6734166169},{"country_iso":"BRA","city_id":1319,"city":"Cubat\u00e3o","pop_total":48692.7291443138,"mass_total":6481145.5305747427,"n_hex":6,"sample_h3":"87a810c53ffffff","log_pop":4.6874641167,"log_mass":6.8116517734},{"country_iso":"BRA","city_id":1320,"city":"Santos","pop_total":798377.9561870825,"mass_total":77756651.5871807635,"n_hex":40,"sample_h3":"87a810c08ffffff","log_pop":5.9022085372,"log_mass":7.8907375504},{"country_iso":"BRA","city_id":1321,"city":"Cod\u00f3","pop_total":46736.2079521709,"mass_total":4055616.20387069,"n_hex":7,"sample_h3":"87802a0b0ffffff","log_pop":4.669653472,"log_mass":6.6080568496},{"country_iso":"BRA","city_id":1322,"city":"Pouso Alegre","pop_total":75502.9712091773,"mass_total":9744012.0822024401,"n_hex":12,"sample_h3":"87a8aca06ffffff","log_pop":4.8779640424,"log_mass":6.9887378138},{"country_iso":"BRA","city_id":1323,"city":"Pirapora","pop_total":48894.2426353324,"mass_total":6878415.9968313696,"n_hex":10,"sample_h3":"87a88ba2dffffff","log_pop":4.6892577234,"log_mass":6.8374884378},{"country_iso":"BRA","city_id":1324,"city":"Sao Jose dos Campos","pop_total":561757.3882635545,"mass_total":71053558.3864182681,"n_hex":61,"sample_h3":"87a812065ffffff","log_pop":5.749548793,"log_mass":7.8515858324},{"country_iso":"BRA","city_id":1325,"city":"Formiga","pop_total":38967.1738508262,"mass_total":6389013.3460810091,"n_hex":7,"sample_h3":"87a8a86c9ffffff","log_pop":4.5906989091,"log_mass":6.8054337953},{"country_iso":"BRA","city_id":1326,"city":"Varginha","pop_total":87887.1214901431,"mass_total":11686486.2533235215,"n_hex":13,"sample_h3":"87a8a8990ffffff","log_pop":4.9439252405,"log_mass":7.0676839525},{"country_iso":"BRA","city_id":1327,"city":"Ca\u00e7apava","pop_total":39974.3516302336,"mass_total":5776788.7935982328,"n_hex":7,"sample_h3":"87a812043ffffff","log_pop":4.6017814284,"log_mass":6.7616864895},{"country_iso":"BRA","city_id":1328,"city":"Nova Serrana","pop_total":66651.1057319538,"mass_total":6515933.3375169253,"n_hex":7,"sample_h3":"87a8ab418ffffff","log_pop":4.8238073587,"log_mass":6.8139766325},{"country_iso":"BRA","city_id":1329,"city":"Taubat\u00e9","pop_total":214277.0302433729,"mass_total":30917005.5790718421,"n_hex":21,"sample_h3":"87a8120c1ffffff","log_pop":5.3309756187,"log_mass":7.4901974243},{"country_iso":"BRA","city_id":1330,"city":"Itajub\u00e1","pop_total":45185.443796193,"mass_total":5555321.4750306699,"n_hex":7,"sample_h3":"87a8ac892ffffff","log_pop":4.6549985521,"log_mass":6.7447091957},{"country_iso":"BRA","city_id":1331,"city":"Caxias","pop_total":38739.38395011,"mass_total":4162595.774722429,"n_hex":8,"sample_h3":"878005224ffffff","log_pop":4.5881527101,"log_mass":6.6193642391},{"country_iso":"BRA","city_id":1332,"city":"Tr\u00eas Cora\u00e7\u00f5es","pop_total":40716.5137262158,"mass_total":5579228.6159354607,"n_hex":10,"sample_h3":"87a8ac680ffffff","log_pop":4.6097705853,"log_mass":6.7465741575},{"country_iso":"BRA","city_id":1333,"city":"Pindamonhangaba","pop_total":57626.4170059479,"mass_total":8516608.8111949004,"n_hex":8,"sample_h3":"87a812620ffffff","log_pop":4.7606216176,"log_mass":6.9302666995},{"country_iso":"BRA","city_id":1334,"city":"Divin\u00f3polis","pop_total":140007.0916024777,"mass_total":22687043.7861891054,"n_hex":20,"sample_h3":"87a8aa240ffffff","log_pop":5.146150034,"log_mass":7.3557779092},{"country_iso":"BRA","city_id":1335,"city":"Lavras","pop_total":62607.2816422804,"mass_total":8550426.8608461991,"n_hex":9,"sample_h3":"87a8a8530ffffff","log_pop":4.7966248475,"log_mass":6.9319877964},{"country_iso":"BRA","city_id":1336,"city":"Guaratinguet\u00e1","pop_total":64166.9736022489,"mass_total":10132255.30155278,"n_hex":10,"sample_h3":"87a812686ffffff","log_pop":4.8073115565,"log_mass":7.0057061241},{"country_iso":"BRA","city_id":1337,"city":"Curvelo","pop_total":35734.0965013144,"mass_total":5717007.3329262845,"n_hex":6,"sample_h3":"87a8888a0ffffff","log_pop":4.5530828059,"log_mass":6.7571687493},{"country_iso":"BRA","city_id":1338,"city":"Par\u00e1 de Minas","pop_total":49985.4073141631,"mass_total":8554348.3061969392,"n_hex":8,"sample_h3":"87a88c800ffffff","log_pop":4.6988432354,"log_mass":6.9321869294},{"country_iso":"BRA","city_id":1339,"city":"Lorena","pop_total":60625.0176809404,"mass_total":9075668.3178411629,"n_hex":10,"sample_h3":"87a8a1a40ffffff","log_pop":4.7826518783,"log_mass":6.9578786156},{"country_iso":"BRA","city_id":1340,"city":"Ita\u00fana","pop_total":58233.6928615353,"mass_total":8813245.7174970098,"n_hex":11,"sample_h3":"87a88c904ffffff","log_pop":4.7651743316,"log_mass":6.9451358786},{"country_iso":"BRA","city_id":1341,"city":"Floriano","pop_total":33970.342384584,"mass_total":4833692.1442078212,"n_hex":10,"sample_h3":"878023990ffffff","log_pop":4.5310999241,"log_mass":6.6842789869},{"country_iso":"BRA","city_id":1342,"city":"Cruzeiro","pop_total":59693.0294152149,"mass_total":8011417.0494915592,"n_hex":10,"sample_h3":"87a8a1360ffffff","log_pop":4.7759236199,"log_mass":6.9037093403},{"country_iso":"BRA","city_id":1343,"city":"Teresina","pop_total":638449.778260755,"mass_total":68882435.307508111,"n_hex":47,"sample_h3":"878005094ffffff","log_pop":5.8051267405,"log_mass":7.838108493},{"country_iso":"BRA","city_id":1344,"city":"Montes Claros","pop_total":271181.0700183893,"mass_total":31702912.126757063,"n_hex":22,"sample_h3":"878124a09ffffff","log_pop":5.43325937,"log_mass":7.5010991569},{"country_iso":"BRA","city_id":1345,"city":"Sete Lagoas","pop_total":154350.4451069575,"mass_total":23100111.1952486634,"n_hex":17,"sample_h3":"87a88c082ffffff","log_pop":5.1885078862,"log_mass":7.3636140704},{"country_iso":"BRA","city_id":1346,"city":"Belo Horizonte","pop_total":3236376.9475920834,"mass_total":357923705.0912315249,"n_hex":140,"sample_h3":"87a88134cffffff","log_pop":6.5100590991,"log_mass":8.5537904624},{"country_iso":"BRA","city_id":1347,"city":"Belvedere","pop_total":40871.8217392183,"mass_total":4913444.0335106328,"n_hex":6,"sample_h3":"87a88cc03ffffff","log_pop":4.6114239955,"log_mass":6.6913860136},{"country_iso":"BRA","city_id":1348,"city":"Icaivera","pop_total":35963.4502028514,"mass_total":3328593.7250941396,"n_hex":4,"sample_h3":"87a88cc04ffffff","log_pop":4.5558613497,"log_mass":6.5222607901},{"country_iso":"BRA","city_id":1349,"city":"Ribeir\u00e3o das Neves","pop_total":43650.1094896915,"mass_total":5203495.9928384703,"n_hex":6,"sample_h3":"87a88cc11ffffff","log_pop":4.6399853374,"log_mass":6.7162952245},{"country_iso":"BRA","city_id":1350,"city":"S\u00e3o Jo\u00e3o del-Rei","pop_total":51391.2604236771,"mass_total":7165112.5615765899,"n_hex":7,"sample_h3":"87a8ae6c6ffffff","log_pop":4.7108892693,"log_mass":6.8552230174},{"country_iso":"BRA","city_id":1351,"city":"Resende","pop_total":78594.7364416236,"mass_total":9839191.373924477,"n_hex":11,"sample_h3":"87a8a1744ffffff","log_pop":4.8953934619,"log_mass":6.9929594078},{"country_iso":"BRA","city_id":1352,"city":"Jana\u00faba","pop_total":28998.1709625525,"mass_total":3898396.4987691739,"n_hex":8,"sample_h3":"878120120ffffff","log_pop":4.462370606,"log_mass":6.5908860083},{"country_iso":"BRA","city_id":1353,"city":"Angra dos Reis","pop_total":64147.3275607771,"mass_total":5155232.1402990026,"n_hex":10,"sample_h3":"87a8a1c50ffffff","log_pop":4.807178568,"log_mass":6.7122482264},{"country_iso":"BRA","city_id":1354,"city":"Volta Redonda","pop_total":274498.2874006091,"mass_total":41661297.6500321999,"n_hex":31,"sample_h3":"87a8a1442ffffff","log_pop":5.4385396392,"log_mass":7.6197327931},{"country_iso":"BRA","city_id":1355,"city":"Conselheiro Lafaiete","pop_total":78708.8516416117,"mass_total":10833313.1214177348,"n_hex":10,"sample_h3":"87a88525affffff","log_pop":4.8960235761,"log_mass":7.034761296},{"country_iso":"BRA","city_id":1356,"city":"Guanambi","pop_total":40419.9629830978,"mass_total":6373617.0166757181,"n_hex":9,"sample_h3":"8781234c0ffffff","log_pop":4.6065959114,"log_mass":6.8043859637},{"country_iso":"BRA","city_id":1357,"city":"Barbacena","pop_total":66182.6310579788,"mass_total":9446707.9840595834,"n_hex":9,"sample_h3":"87a885a10ffffff","log_pop":4.8207440283,"log_mass":6.9752804907},{"country_iso":"BRA","city_id":1358,"city":"Parna\u00edba","pop_total":88071.4014531869,"mass_total":9181729.3546856754,"n_hex":11,"sample_h3":"878003610ffffff","log_pop":4.9448349072,"log_mass":6.9629244871},{"country_iso":"BRA","city_id":1359,"city":"Itabira","pop_total":65121.5826892079,"mass_total":7818669.3447366487,"n_hex":10,"sample_h3":"87a881600ffffff","log_pop":4.8137249469,"log_mass":6.893132847},{"country_iso":"BRA","city_id":1360,"city":"Itagua\u00ed","pop_total":77489.5580952657,"mass_total":10463376.4994165339,"n_hex":9,"sample_h3":"87a8a0252ffffff","log_pop":4.8892431842,"log_mass":7.0196718526},{"country_iso":"BRA","city_id":1361,"city":"Rio de Janeiro","pop_total":7865286.3590702368,"mass_total":680751815.434032321,"n_hex":335,"sample_h3":"87a8a0210ffffff","log_pop":6.895714539,"log_mass":8.8329888082},{"country_iso":"BRA","city_id":1362,"city":"Juiz de Fora","pop_total":359398.3082991904,"mass_total":36771838.3771439195,"n_hex":29,"sample_h3":"87a8859a0ffffff","log_pop":5.5555760285,"log_mass":7.5655153426},{"country_iso":"BRA","city_id":1363,"city":"Km 32","pop_total":60496.7501628508,"mass_total":7345285.1496873507,"n_hex":10,"sample_h3":"87a8a028affffff","log_pop":4.7817320453,"log_mass":6.8660086601},{"country_iso":"BRA","city_id":1364,"city":"Irec\u00ea","pop_total":42965.0706348015,"mass_total":3542553.4142575176,"n_hex":7,"sample_h3":"8781037a0ffffff","log_pop":4.6331155301,"log_mass":6.5493164072},{"country_iso":"BRA","city_id":1366,"city":"Tr\u00eas Rios","pop_total":33416.1301398434,"mass_total":3219284.1376596182,"n_hex":7,"sample_h3":"87a8a3093ffffff","log_pop":4.5239561536,"log_mass":6.5077593097},{"country_iso":"BRA","city_id":1367,"city":"Ub\u00e1","pop_total":54825.2314943917,"mass_total":5355595.6808053777,"n_hex":10,"sample_h3":"87a885400ffffff","log_pop":4.7389804741,"log_mass":6.7288077826},{"country_iso":"BRA","city_id":1368,"city":"Petr\u00f3polis","pop_total":102354.7185993005,"mass_total":10214192.4472197331,"n_hex":21,"sample_h3":"87a8a3c01ffffff","log_pop":5.0101078686,"log_mass":7.0092040362},{"country_iso":"BRA","city_id":1369,"city":"Vi\u00e7osa","pop_total":36539.3538597906,"mass_total":4073766.4325382398,"n_hex":8,"sample_h3":"87a880a2cffffff","log_pop":4.5627608633,"log_mass":6.6099961253},{"country_iso":"BRA","city_id":1370,"city":"Coronel Fabriciano","pop_total":88945.2773920235,"mass_total":12607340.7649858668,"n_hex":16,"sample_h3":"87a883a80ffffff","log_pop":4.9491228939,"log_mass":7.1006234916},{"country_iso":"BRA","city_id":1371,"city":"Ipatinga","pop_total":168378.1758872808,"mass_total":20503263.8890370131,"n_hex":14,"sample_h3":"87a883045ffffff","log_pop":5.2262858003,"log_mass":7.3118230014},{"country_iso":"BRA","city_id":1372,"city":"Sao Goncalo","pop_total":1243408.8889903615,"mass_total":127684749.5464340299,"n_hex":79,"sample_h3":"87a8a0684ffffff","log_pop":6.0946139678,"log_mass":8.106139029},{"country_iso":"BRA","city_id":1373,"city":"Cafub\u00e1","pop_total":43859.1200017534,"mass_total":9902367.6881721094,"n_hex":9,"sample_h3":"87a8a079effffff","log_pop":4.6420599137,"log_mass":6.9957390482},{"country_iso":"BRA","city_id":1374,"city":"Teres\u00f3polis","pop_total":67905.1414730459,"mass_total":6576185.390669384,"n_hex":11,"sample_h3":"87a8a3534ffffff","log_pop":4.8319026584,"log_mass":6.817974048},{"country_iso":"BRA","city_id":1375,"city":"Cataguases","pop_total":28327.4696191488,"mass_total":3313726.9530685642,"n_hex":5,"sample_h3":"87a884201ffffff","log_pop":4.4522077824,"log_mass":6.5203167202},{"country_iso":"BRA","city_id":1376,"city":"Muria\u00e9","pop_total":54865.7521992782,"mass_total":5431035.3325667977,"n_hex":7,"sample_h3":"87a880984ffffff","log_pop":4.7393013377,"log_mass":6.7348826282},{"country_iso":"BRA","city_id":1377,"city":"Caratinga","pop_total":41317.8888222835,"mass_total":3946213.033078067,"n_hex":6,"sample_h3":"87a883c42ffffff","log_pop":4.6161381227,"log_mass":6.5961805266},{"country_iso":"BRA","city_id":1378,"city":"Governador Valadares","pop_total":172840.8089582829,"mass_total":21033572.8810283542,"n_hex":16,"sample_h3":"87a89dd02ffffff","log_pop":5.2376462903,"log_mass":7.3229130507},{"country_iso":"BRA","city_id":1379,"city":"Nova Friburgo","pop_total":80486.1254724947,"mass_total":7083679.0064726565,"n_hex":15,"sample_h3":"87a884900ffffff","log_pop":4.9057210214,"log_mass":6.8502588731},{"country_iso":"BRA","city_id":1380,"city":"Manhua\u00e7u","pop_total":35811.3538310855,"mass_total":3269321.2968105227,"n_hex":6,"sample_h3":"87a8806a6ffffff","log_pop":4.5540207396,"log_mass":6.5144576035},{"country_iso":"BRA","city_id":1381,"city":"Sobral","pop_total":98178.0864670834,"mass_total":5881355.7458629487,"n_hex":9,"sample_h3":"87800249bffffff","log_pop":4.9920145633,"log_mass":6.7694774494},{"country_iso":"BRA","city_id":1382,"city":"Te\u00f3filo Otoni","pop_total":57942.23420382,"mass_total":5903761.9200171819,"n_hex":11,"sample_h3":"87a898a82ffffff","log_pop":4.7629952372,"log_mass":6.7711288354},{"country_iso":"BRA","city_id":1383,"city":"Araruama","pop_total":58212.6369022332,"mass_total":12808845.782284677,"n_hex":14,"sample_h3":"87a8a2030ffffff","log_pop":4.7650172723,"log_mass":7.1075099968},{"country_iso":"BRA","city_id":1384,"city":"Petrolina","pop_total":300119.1251255044,"mass_total":30101098.3911076747,"n_hex":25,"sample_h3":"87811aa00ffffff","log_pop":5.4772936718,"log_mass":7.4785823433},{"country_iso":"BRA","city_id":1385,"city":"Itaperuna","pop_total":49014.977640063,"mass_total":5500054.7307002824,"n_hex":8,"sample_h3":"87a886a40ffffff","log_pop":4.6903288089,"log_mass":6.7403670112},{"country_iso":"BRA","city_id":1386,"city":"Vit\u00f3ria da Conquista","pop_total":204464.0174258806,"mass_total":22643515.2988118231,"n_hex":19,"sample_h3":"878131c00ffffff","log_pop":5.3106168898,"log_mass":7.3549438499},{"country_iso":"BRA","city_id":1387,"city":"Cabo Frio","pop_total":150751.7617080659,"mass_total":15653289.9727578126,"n_hex":16,"sample_h3":"87a8a2508ffffff","log_pop":5.1782623961,"log_mass":7.1946056305},{"country_iso":"BRA","city_id":1388,"city":"Rio das Ostras","pop_total":165710.143572078,"mass_total":21295654.5064751059,"n_hex":24,"sample_h3":"87a8a2409ffffff","log_pop":5.2193490936,"log_mass":7.3282909923},{"country_iso":"BRA","city_id":1389,"city":"Maca\u00e9","pop_total":153042.2950600451,"mass_total":14051059.883780269,"n_hex":17,"sample_h3":"87a8b1a00ffffff","log_pop":5.1848114699,"log_mass":7.1477090847},{"country_iso":"BRA","city_id":1390,"city":"Itapipoca","pop_total":30333.7686035268,"mass_total":1682007.7342251339,"n_hex":6,"sample_h3":"878011528ffffff","log_pop":4.4819263695,"log_mass":6.2258279884},{"country_iso":"BRA","city_id":1391,"city":"Campos dos Goytacazes","pop_total":243983.4334496358,"mass_total":27266920.4682766721,"n_hex":19,"sample_h3":"87a8869a0ffffff","log_pop":5.3873603386,"log_mass":7.4356360914},{"country_iso":"BRA","city_id":1392,"city":"Cachoeiro de Itapemirim","pop_total":109223.122424843,"mass_total":11258102.0955533534,"n_hex":13,"sample_h3":"87a886604ffffff","log_pop":5.0383145878,"log_mass":7.0514651828},{"country_iso":"BRA","city_id":1393,"city":"Jequi\u00e9","pop_total":93014.2754451574,"mass_total":9724275.1012325063,"n_hex":12,"sample_h3":"878133018ffffff","log_pop":4.9685496074,"log_mass":6.9878572366},{"country_iso":"BRA","city_id":1394,"city":"Itapetinga","pop_total":39408.0959839566,"mass_total":3170029.5323293563,"n_hex":5,"sample_h3":"878130128ffffff","log_pop":4.5955854523,"log_mass":6.5010633082},{"country_iso":"BRA","city_id":1395,"city":"Crato","pop_total":43729.1183316511,"mass_total":3210042.9069433855,"n_hex":6,"sample_h3":"878036343ffffff","log_pop":4.6407707212,"log_mass":6.5065108374},{"country_iso":"BRA","city_id":1396,"city":"Colatina","pop_total":54889.6429633636,"mass_total":5164338.1823636796,"n_hex":8,"sample_h3":"87a891ae2ffffff","log_pop":4.7394904059,"log_mass":6.7130146739},{"country_iso":"BRA","city_id":1397,"city":"Iguatu","pop_total":39331.3740832693,"mass_total":3227300.5338114137,"n_hex":6,"sample_h3":"878032a85ffffff","log_pop":4.5947391192,"log_mass":6.5088394098},{"country_iso":"BRA","city_id":1398,"city":"Juazeiro do Norte","pop_total":158168.4443268937,"mass_total":10367007.7503081616,"n_hex":10,"sample_h3":"878036204ffffff","log_pop":5.1991198431,"log_mass":7.0156534232},{"country_iso":"BRA","city_id":1399,"city":"Guarapari","pop_total":51931.7638974875,"mass_total":6851200.6058715535,"n_hex":9,"sample_h3":"87a895a86ffffff","log_pop":4.715433074,"log_mass":6.835766684},{"country_iso":"BRA","city_id":1400,"city":"Vila Velha","pop_total":830008.9190019203,"mass_total":86979237.6752101183,"n_hex":51,"sample_h3":"87a895216ffffff","log_pop":5.9190827592,"log_mass":7.939415597},{"country_iso":"BRA","city_id":1401,"city":"Serra","pop_total":45301.6312262908,"mass_total":4778895.5437896987,"n_hex":8,"sample_h3":"87a891910ffffff","log_pop":4.6561138404,"log_mass":6.6793275379},{"country_iso":"BRA","city_id":1402,"city":"Colina de Laranjeiras","pop_total":227321.6888226849,"mass_total":30107847.0753891766,"n_hex":24,"sample_h3":"87a895640ffffff","log_pop":5.3566408739,"log_mass":7.4786797015},{"country_iso":"BRA","city_id":1403,"city":"Santo Ant\u00f4nio de Jesus","pop_total":53855.7111114091,"mass_total":4884839.8069414627,"n_hex":8,"sample_h3":"878114284ffffff","log_pop":4.7312317647,"log_mass":6.6888503261},{"country_iso":"BRA","city_id":1404,"city":"Linhares","pop_total":81881.6573860236,"mass_total":8687004.2938840017,"n_hex":9,"sample_h3":"87a89109bffffff","log_pop":4.9131866247,"log_mass":6.9388700362},{"country_iso":"BRA","city_id":1405,"city":"Maranguape","pop_total":22483.1642747225,"mass_total":1609359.4989775689,"n_hex":5,"sample_h3":"878010460ffffff","log_pop":4.3518574337,"log_mass":6.2066530677},{"country_iso":"BRA","city_id":1406,"city":"Fortaleza","pop_total":2389765.8685847325,"mass_total":159609761.8804752827,"n_hex":88,"sample_h3":"878010409ffffff","log_pop":6.3783553541,"log_mass":8.2030594497},{"country_iso":"BRA","city_id":1407,"city":"Teixeira de Freitas","pop_total":99748.2850455812,"mass_total":9412935.538700765,"n_hex":11,"sample_h3":"87a89ac83ffffff","log_pop":4.9989054377,"log_mass":6.9737250846},{"country_iso":"BRA","city_id":1408,"city":"Eun\u00e1polis","pop_total":50442.7755016322,"mass_total":4281173.5476043522,"n_hex":7,"sample_h3":"87a596d80ffffff","log_pop":4.7027989746,"log_mass":6.6315628334},{"country_iso":"BRA","city_id":1409,"city":"S\u00e3o Mateus","pop_total":43574.7700601572,"mass_total":4608430.7356493259,"n_hex":7,"sample_h3":"87a89ec13ffffff","log_pop":4.6392351041,"log_mass":6.6635530645},{"country_iso":"BRA","city_id":1410,"city":"Itabuna","pop_total":114496.5928117163,"mass_total":7518844.668001432,"n_hex":11,"sample_h3":"878132852ffffff","log_pop":5.0587925631,"log_mass":6.8761511128},{"country_iso":"BRA","city_id":1411,"city":"Feira de Santana","pop_total":395657.8385078998,"mass_total":35816222.1089390963,"n_hex":23,"sample_h3":"878110014ffffff","log_pop":5.5973197741,"log_mass":7.5540797746},{"country_iso":"BRA","city_id":1412,"city":"Valen\u00e7a","pop_total":28274.8605255492,"mass_total":1984492.8263169061,"n_hex":4,"sample_h3":"878114000ffffff","log_pop":4.4514004713,"log_mass":6.2976495333},{"country_iso":"BRA","city_id":1413,"city":"Pacajus","pop_total":26508.4812919028,"mass_total":2041449.5401665289,"n_hex":5,"sample_h3":"878010534ffffff","log_pop":4.4233848471,"log_mass":6.3099386497},{"country_iso":"BRA","city_id":1414,"city":"Ilh\u00e9us","pop_total":75918.1051375504,"mass_total":6017207.2779337056,"n_hex":10,"sample_h3":"878132890ffffff","log_pop":4.8803453599,"log_mass":6.7793949721},{"country_iso":"BRA","city_id":1415,"city":"Porto Seguro","pop_total":38104.5830564798,"mass_total":2146649.0339845568,"n_hex":5,"sample_h3":"87a5968a0ffffff","log_pop":4.5809772139,"log_mass":6.3317610453},{"country_iso":"BRA","city_id":1416,"city":"Serra Talhada","pop_total":38084.2542461077,"mass_total":3105250.0779439346,"n_hex":5,"sample_h3":"8781ab304ffffff","log_pop":4.5807454558,"log_mass":6.4920965814},{"country_iso":"BRA","city_id":1417,"city":"Candeias","pop_total":36907.5848876453,"mass_total":1744582.3716798832,"n_hex":5,"sample_h3":"878116ac8ffffff","log_pop":4.5671156273,"log_mass":6.2416914798},{"country_iso":"BRA","city_id":1418,"city":"Paulo Afonso","pop_total":36477.797483749,"mass_total":2848798.2089198958,"n_hex":5,"sample_h3":"8781a8168ffffff","log_pop":4.5620286079,"log_mass":6.4546616876},{"country_iso":"BRA","city_id":1419,"city":"Alagoinhas","pop_total":62979.688237439,"mass_total":6449816.3651816361,"n_hex":8,"sample_h3":"8781104b4ffffff","log_pop":4.7992005065,"log_mass":6.8095473499},{"country_iso":"BRA","city_id":1420,"city":"Salvador","pop_total":2231695.3150244672,"mass_total":130768651.0966425389,"n_hex":69,"sample_h3":"878116169ffffff","log_pop":6.3486349017,"log_mass":8.1165036439},{"country_iso":"BRA","city_id":1421,"city":"Sim\u00f5es Filho","pop_total":56287.6032423223,"mass_total":3348908.045822599,"n_hex":8,"sample_h3":"878116a81ffffff","log_pop":4.7504127566,"log_mass":6.5249032229},{"country_iso":"BRA","city_id":1422,"city":"Dias d'\u00c1vila","pop_total":32561.6551377739,"mass_total":2864028.4433569075,"n_hex":5,"sample_h3":"878116302ffffff","log_pop":4.5127064724,"log_mass":6.4569773267},{"country_iso":"BRA","city_id":1423,"city":"Cama\u00e7ari","pop_total":135679.8458147446,"mass_total":8335423.1685943129,"n_hex":11,"sample_h3":"878116320ffffff","log_pop":5.1325153414,"log_mass":6.9209276528},{"country_iso":"BRA","city_id":1424,"city":"Mossor\u00f3","pop_total":175222.7387655831,"mass_total":15984811.4926902261,"n_hex":17,"sample_h3":"87818ba0affffff","log_pop":5.2435904642,"log_mass":7.203707519},{"country_iso":"BRA","city_id":1425,"city":"Patos","pop_total":63118.3605950513,"mass_total":4719425.6536754174,"n_hex":8,"sample_h3":"87818c2ccffffff","log_pop":4.8001557102,"log_mass":6.6738891489},{"country_iso":"BRA","city_id":1426,"city":"Itabaiana","pop_total":26827.2569685712,"mass_total":2134825.5576012717,"n_hex":4,"sample_h3":"8781a1260ffffff","log_pop":4.4285762692,"log_mass":6.3293623934},{"country_iso":"BRA","city_id":1427,"city":"Caic\u00f3","pop_total":31660.7944793497,"mass_total":2872721.6959014875,"n_hex":6,"sample_h3":"878188140ffffff","log_pop":4.5005218086,"log_mass":6.4582935544},{"country_iso":"BRA","city_id":1428,"city":"Arcoverde","pop_total":31889.4938023848,"mass_total":2043839.4975614247,"n_hex":4,"sample_h3":"8781aa398ffffff","log_pop":4.5036476255,"log_mass":6.3104467877},{"country_iso":"BRA","city_id":1429,"city":"Cabrita","pop_total":46329.5712237704,"mass_total":2622694.7912481613,"n_hex":8,"sample_h3":"8781a1043ffffff","log_pop":4.6658582809,"log_mass":6.4187477537},{"country_iso":"BRA","city_id":1430,"city":"Aracaju","pop_total":579333.158943968,"mass_total":47385579.6291155666,"n_hex":33,"sample_h3":"8781a1009ffffff","log_pop":5.7629283867,"log_mass":7.6756461974},{"country_iso":"BRA","city_id":1431,"city":"Arapiraca","pop_total":65383.9545579499,"mass_total":4466970.8056726577,"n_hex":7,"sample_h3":"8781ae440ffffff","log_pop":4.8154711841,"log_mass":6.6500131141},{"country_iso":"BRA","city_id":1432,"city":"Garanhuns","pop_total":66067.7644571991,"mass_total":5136502.5040550623,"n_hex":8,"sample_h3":"878185269ffffff","log_pop":4.8199896118,"log_mass":6.7106675042},{"country_iso":"BRA","city_id":1433,"city":"Belo Jardim","pop_total":31743.1629259897,"mass_total":1981698.2742633128,"n_hex":4,"sample_h3":"878181b08ffffff","log_pop":4.5016501982,"log_mass":6.2970375312},{"country_iso":"BRA","city_id":1434,"city":"Santa Cruz do Capibaribe","pop_total":85847.3080506586,"mass_total":4480127.6689213049,"n_hex":6,"sample_h3":"878181300ffffff","log_pop":4.9337266814,"log_mass":6.6512903901},{"country_iso":"BRA","city_id":1435,"city":"S\u00e3o Miguel dos Campos","pop_total":32963.4005624678,"mass_total":1218068.2348721013,"n_hex":4,"sample_h3":"878185820ffffff","log_pop":4.5180320079,"log_mass":6.0856716177},{"country_iso":"BRA","city_id":1436,"city":"Caruaru","pop_total":209505.2932430864,"mass_total":13625725.6054855194,"n_hex":14,"sample_h3":"878181101ffffff","log_pop":5.3211950001,"log_mass":7.1343596389},{"country_iso":"BRA","city_id":1437,"city":"Campina Grande","pop_total":250706.3105069009,"mass_total":21526140.8024613708,"n_hex":18,"sample_h3":"87818e120ffffff","log_pop":5.3991652657,"log_mass":7.3329661767},{"country_iso":"BRA","city_id":1438,"city":"Macei\u00f3","pop_total":682183.6528162226,"mass_total":43360055.1687271148,"n_hex":41,"sample_h3":"878185c09ffffff","log_pop":5.8339013082,"log_mass":7.6370898261},{"country_iso":"BRA","city_id":1439,"city":"Gravat\u00e1","pop_total":24698.3125825489,"mass_total":2181537.1653627525,"n_hex":5,"sample_h3":"87818150dffffff","log_pop":4.3926672828,"log_mass":6.3387626162},{"country_iso":"BRA","city_id":1440,"city":"Potengi","pop_total":279238.2506480423,"mass_total":17926157.417143479,"n_hex":16,"sample_h3":"87818a582ffffff","log_pop":5.4459749086,"log_mass":7.2534872058},{"country_iso":"BRA","city_id":1441,"city":"Parnamirim","pop_total":88942.5319100144,"mass_total":6795387.1216917373,"n_hex":8,"sample_h3":"87819d251ffffff","log_pop":4.9491094883,"log_mass":6.8322142028},{"country_iso":"BRA","city_id":1442,"city":"Natal","pop_total":464947.5544024496,"mass_total":42857431.6706651822,"n_hex":25,"sample_h3":"87818a594ffffff","log_pop":5.6674039677,"log_mass":7.6320261414},{"country_iso":"BRA","city_id":1443,"city":"Vit\u00f3ria de Santo Ant\u00e3o","pop_total":64002.7295622087,"mass_total":4087354.7303630807,"n_hex":8,"sample_h3":"878181582ffffff","log_pop":4.806198496,"log_mass":6.6114423306},{"country_iso":"BRA","city_id":1444,"city":"Carpina","pop_total":33800.5863053845,"mass_total":2011327.1979763652,"n_hex":5,"sample_h3":"878183848ffffff","log_pop":4.5289242336,"log_mass":6.3034827263},{"country_iso":"BRA","city_id":1445,"city":"Recife","pop_total":2309703.7226871438,"mass_total":148503560.0862283409,"n_hex":108,"sample_h3":"878180641ffffff","log_pop":6.3635562743,"log_mass":8.1717368652},{"country_iso":"BRA","city_id":1446,"city":"Goiana","pop_total":34039.098750653,"mass_total":2131001.7661299133,"n_hex":4,"sample_h3":"878183029ffffff","log_pop":4.5319780528,"log_mass":6.3285838096},{"country_iso":"BRA","city_id":1447,"city":"Cabo de Santo Agostinho","pop_total":54469.8851667478,"mass_total":2875566.9633943918,"n_hex":7,"sample_h3":"878180280ffffff","log_pop":4.7361564597,"log_mass":6.4587234855},{"country_iso":"BRA","city_id":1448,"city":"Santa Rita","pop_total":60808.3166123939,"mass_total":3940765.8251733412,"n_hex":8,"sample_h3":"878183290ffffff","log_pop":4.7839629808,"log_mass":6.5955806283},{"country_iso":"BRA","city_id":1449,"city":"Jo\u00e3o Pessoa","pop_total":667988.9368116617,"mass_total":57989783.3642444313,"n_hex":38,"sample_h3":"87818360dffffff","log_pop":5.8247692698,"log_mass":7.7633514863}]