[{"country_iso":"HTI","city_id":701,"city":"J\u00e9r\u00e9mie","pop_total":7219.5467478546,"mass_total":1378914.0947404588,"n_hex":4,"sample_h3":"876726568ffffff","log_pop":3.8585099329,"log_mass":6.1395372108},{"country_iso":"HTI","city_id":710,"city":"Les Cayes","pop_total":28285.2464572383,"mass_total":4184975.2066346435,"n_hex":6,"sample_h3":"876722925ffffff","log_pop":4.4515599672,"log_mass":6.6216928894},{"country_iso":"HTI","city_id":728,"city":"Petit-Go\u00e2ve","pop_total":38588.7561177871,"mass_total":1914068.9970519836,"n_hex":4,"sample_h3":"876720900ffffff","log_pop":4.5864607796,"log_mass":6.2819575889},{"country_iso":"HTI","city_id":730,"city":"Anse-\u00e0-Galets","pop_total":2508.4922974294,"mass_total":156778.7904942388,"n_hex":3,"sample_h3":"876724050ffffff","log_pop":3.3994127718,"log_mass":5.1952873097},{"country_iso":"HTI","city_id":731,"city":"Grand Go\u00e2ve","pop_total":4541.0341767554,"mass_total":509745.6812840318,"n_hex":4,"sample_h3":"876720929ffffff","log_pop":3.6571547705,"log_mass":5.707353555},{"country_iso":"HTI","city_id":735,"city":"L\u00e9og\u00e2ne","pop_total":24001.7271444021,"mass_total":1288396.4951383164,"n_hex":3,"sample_h3":"876724251ffffff","log_pop":4.3802424943,"log_mass":6.1100495347},{"country_iso":"HTI","city_id":736,"city":"Jacmel","pop_total":29171.7864962709,"mass_total":3367793.6827162746,"n_hex":7,"sample_h3":"87672548dffffff","log_pop":4.4649630264,"log_mass":6.527345478},{"country_iso":"HTI","city_id":737,"city":"Saint-Marc","pop_total":34212.2574788337,"mass_total":2432009.4769624434,"n_hex":7,"sample_h3":"876724850ffffff","log_pop":4.5341817318,"log_mass":6.3859652629},{"country_iso":"HTI","city_id":739,"city":"Port-de-Paix","pop_total":29761.072575887,"mass_total":2280176.549186544,"n_hex":7,"sample_h3":"874c8a120ffffff","log_pop":4.4736485789,"log_mass":6.3579684748},{"country_iso":"HTI","city_id":740,"city":"Gona\u00efves","pop_total":146745.9136733784,"mass_total":11883837.5465762932,"n_hex":13,"sample_h3":"874c8a210ffffff","log_pop":5.1665660166,"log_mass":7.0749567063},{"country_iso":"HTI","city_id":741,"city":"Port-au-Prince","pop_total":2062570.0099047071,"mass_total":117165536.627090618,"n_hex":99,"sample_h3":"876725c00ffffff","log_pop":6.3144086987,"log_mass":8.068799886},{"country_iso":"HTI","city_id":746,"city":"Cabaret","pop_total":3215.6936946645,"mass_total":425335.8876475788,"n_hex":3,"sample_h3":"876725da0ffffff","log_pop":3.5072746741,"log_mass":5.6287320278},{"country_iso":"HTI","city_id":747,"city":"Dessalines","pop_total":1389.6960121903,"mass_total":246873.4071553317,"n_hex":2,"sample_h3":"874c8b583ffffff","log_pop":3.1429198113,"log_mass":5.3924743109},{"country_iso":"HTI","city_id":757,"city":"La Croix","pop_total":7754.8052930832,"mass_total":280142.3265215245,"n_hex":1,"sample_h3":"874c8aa56ffffff","log_pop":3.8895708981,"log_mass":5.4473787311},{"country_iso":"HTI","city_id":759,"city":"Mirebalais","pop_total":6595.8162031996,"mass_total":766976.5119305507,"n_hex":4,"sample_h3":"874c8b60bffffff","log_pop":3.8192685452,"log_mass":5.8847820642},{"country_iso":"HTI","city_id":760,"city":"Cap-Haitien","pop_total":128344.4670295678,"mass_total":6899981.1720228391,"n_hex":11,"sample_h3":"874c88680ffffff","log_pop":5.1083771508,"log_mass":6.8388479057},{"country_iso":"HTI","city_id":761,"city":"Hinche","pop_total":8061.3450201315,"mass_total":1136784.6201599194,"n_hex":4,"sample_h3":"874c8b018ffffff","log_pop":3.9064075091,"log_mass":6.0556781893},{"country_iso":"HTI","city_id":766,"city":"Thomassique","pop_total":407.4598236308,"mass_total":201760.4140290576,"n_hex":3,"sample_h3":"874c8b048ffffff","log_pop":2.6100847929,"log_mass":5.3048359604},{"country_iso":"HTI","city_id":776,"city":"Ouanaminthe","pop_total":21743.3417002809,"mass_total":3187837.1410368672,"n_hex":8,"sample_h3":"874c8b940ffffff","log_pop":4.3373262909,"log_mass":6.5034961262}]