[{"country_iso":"XKO","city_id":3287,"city":"Pej\u00eb","pop_total":2352.1566477149,"mass_total":6096166.7880863976,"n_hex":7,"sample_h3":"871ef3980ffffff","log_pop":3.3714662413,"log_mass":6.7850568406},{"country_iso":"XKO","city_id":3299,"city":"Gjakov\u00eb","pop_total":2093.6355441056,"mass_total":5722471.3992213933,"n_hex":8,"sample_h3":"871ef3110ffffff","log_pop":3.3209010828,"log_mass":6.7575836308},{"country_iso":"XKO","city_id":3311,"city":"Prizren","pop_total":6237.2483916731,"mass_total":10923481.1394248232,"n_hex":9,"sample_h3":"871ef3008ffffff","log_pop":3.7949930397,"log_mass":7.0383610632},{"country_iso":"XKO","city_id":3312,"city":"Mitrovic\u00eb","pop_total":4820.9928059861,"mass_total":7378684.8290361594,"n_hex":9,"sample_h3":"871ef1412ffffff","log_pop":3.6831364834,"log_mass":6.8679789604},{"country_iso":"XKO","city_id":3323,"city":"Pristina","pop_total":19259.9022104083,"mass_total":24071198.0238565616,"n_hex":17,"sample_h3":"871ef3b09ffffff","log_pop":4.2846540777,"log_mass":7.3814977057},{"country_iso":"XKO","city_id":3327,"city":"Ferizaj","pop_total":3050.4951616512,"mass_total":5786352.5180214467,"n_hex":8,"sample_h3":"871ef3ac0ffffff","log_pop":3.4843703405,"log_mass":6.7624048883},{"country_iso":"XKO","city_id":3333,"city":"Gjilan","pop_total":2967.3657315391,"mass_total":7224901.0893860701,"n_hex":6,"sample_h3":"871ec6d10ffffff","log_pop":3.472371077,"log_mass":6.8588319059}]