[{"country_iso":"PRK","city_id":11804,"city":"T\u01d2ktaedonggok","pop_total":31603.3860951536,"mass_total":4947415.3280048966,"n_hex":10,"sample_h3":"87302eb01ffffff","log_pop":4.4997336169,"log_mass":6.6943783703},{"country_iso":"PRK","city_id":11815,"city":"Susong-ri","pop_total":6662.0311778555,"mass_total":1673273.2221704042,"n_hex":9,"sample_h3":"87302ea02ffffff","log_pop":3.8236066608,"log_mass":6.223566861},{"country_iso":"PRK","city_id":11823,"city":"Ryongchon","pop_total":10409.3066393478,"mass_total":2727677.7623852897,"n_hex":7,"sample_h3":"87302ea01ffffff","log_pop":4.0174218023,"log_mass":6.4357930631},{"country_iso":"PRK","city_id":11855,"city":"Yomju","pop_total":2740.8256667418,"mass_total":994949.2934036441,"n_hex":3,"sample_h3":"87302ea68ffffff","log_pop":3.4378814126,"log_mass":5.9978009479},{"country_iso":"PRK","city_id":11872,"city":"Tongrim","pop_total":5617.3189492244,"mass_total":2008867.2110549042,"n_hex":7,"sample_h3":"873028d20ffffff","log_pop":3.7495290837,"log_mass":6.3029512302},{"country_iso":"PRK","city_id":11883,"city":"Cholsan","pop_total":2008.1738700418,"mass_total":686222.3998207465,"n_hex":4,"sample_h3":"873028d01ffffff","log_pop":3.3028013118,"log_mass":5.8364648903},{"country_iso":"PRK","city_id":11890,"city":"Taegwan","pop_total":957.0419436249,"mass_total":737903.0811449367,"n_hex":5,"sample_h3":"87302c320ffffff","log_pop":2.9809309717,"log_mass":5.8679993238},{"country_iso":"PRK","city_id":11917,"city":"Sonchon","pop_total":5304.9352865518,"mass_total":1445930.5875124563,"n_hex":6,"sample_h3":"873028984ffffff","log_pop":3.7246800904,"log_mass":6.160147445},{"country_iso":"PRK","city_id":11932,"city":"Kusong","pop_total":9374.6419572045,"mass_total":2083778.990575894,"n_hex":8,"sample_h3":"87302c208ffffff","log_pop":3.9719546898,"log_mass":6.318851655},{"country_iso":"PRK","city_id":11949,"city":"Kanggye","pop_total":21077.3475503211,"mass_total":4727968.6825888949,"n_hex":14,"sample_h3":"873151448ffffff","log_pop":4.3238159568,"log_mass":6.6746745912},{"country_iso":"PRK","city_id":11950,"city":"Kwaksan","pop_total":2509.0158079334,"mass_total":1145752.6991047598,"n_hex":5,"sample_h3":"87302880cffffff","log_pop":3.3995033976,"log_mass":6.059090889},{"country_iso":"PRK","city_id":11964,"city":"Jongju","pop_total":14557.8094652232,"mass_total":2810990.0975421299,"n_hex":9,"sample_h3":"873028864ffffff","log_pop":4.163096031,"log_mass":6.4488593157},{"country_iso":"PRK","city_id":11969,"city":"Taechon","pop_total":1797.6076830396,"mass_total":677227.2287668339,"n_hex":4,"sample_h3":"87302d525ffffff","log_pop":3.2546949156,"log_mass":5.8307344111},{"country_iso":"PRK","city_id":11983,"city":"Jonchon","pop_total":2930.0406940011,"mass_total":1348117.5774602466,"n_hex":8,"sample_h3":"873153a48ffffff","log_pop":3.4668736521,"log_mass":6.1297277713},{"country_iso":"PRK","city_id":11986,"city":"Unsan","pop_total":2689.5945087826,"mass_total":1505850.0398505637,"n_hex":4,"sample_h3":"87302d814ffffff","log_pop":3.4296868094,"log_mass":6.1777817248},{"country_iso":"PRK","city_id":12001,"city":"Unjon","pop_total":2833.817615352,"mass_total":1083812.1180590298,"n_hex":4,"sample_h3":"87302d446ffffff","log_pop":3.4523718956,"log_mass":6.0349540025},{"country_iso":"PRK","city_id":12016,"city":"\uccad\ud558\uc5ed","pop_total":2558.1113419467,"mass_total":1297290.0901174331,"n_hex":6,"sample_h3":"87315e581ffffff","log_pop":3.4079194432,"log_mass":6.1130371006},{"country_iso":"PRK","city_id":12018,"city":"Chongnam","pop_total":19474.963895779,"mass_total":2179740.751625475,"n_hex":4,"sample_h3":"873028b61ffffff","log_pop":4.2894766612,"log_mass":6.3384048437},{"country_iso":"PRK","city_id":12023,"city":"Huichon","pop_total":6399.8300755435,"mass_total":1603534.8549170052,"n_hex":5,"sample_h3":"87315e588ffffff","log_pop":3.806168443,"log_mass":6.2050784043},{"country_iso":"PRK","city_id":12024,"city":"Anju","pop_total":16617.9261855406,"mass_total":3721659.5396091146,"n_hex":11,"sample_h3":"87302d449ffffff","log_pop":4.2205768256,"log_mass":6.570736641},{"country_iso":"PRK","city_id":12030,"city":"Mundok","pop_total":1419.2123131808,"mass_total":1184097.6267595878,"n_hex":4,"sample_h3":"87302d78cffffff","log_pop":3.1520473705,"log_mass":6.0733875107},{"country_iso":"PRK","city_id":12034,"city":"Kujang","pop_total":3762.6869235525,"mass_total":2283460.7879086831,"n_hex":13,"sample_h3":"87302db82ffffff","log_pop":3.5754980841,"log_mass":6.3585935582},{"country_iso":"PRK","city_id":12042,"city":"Kaechon","pop_total":9526.5452020309,"mass_total":3592676.2236348754,"n_hex":10,"sample_h3":"87302d009ffffff","log_pop":3.9789354325,"log_mass":6.5554180798},{"country_iso":"PRK","city_id":12058,"city":"Sukchon","pop_total":3473.5967584199,"mass_total":1967962.5881530757,"n_hex":5,"sample_h3":"87302d602ffffff","log_pop":3.5407794008,"log_mass":6.294016838},{"country_iso":"PRK","city_id":12060,"city":"Ont\u2019an-nodongjagu","pop_total":2720.051976836,"mass_total":1266194.9727568377,"n_hex":4,"sample_h3":"873163644ffffff","log_pop":3.4345772029,"log_mass":6.1025005849},{"country_iso":"PRK","city_id":12068,"city":"Phyongwon","pop_total":2103.0666853606,"mass_total":1164028.4355787998,"n_hex":4,"sample_h3":"87302d689ffffff","log_pop":3.3228530438,"log_mass":6.0659635896},{"country_iso":"PRK","city_id":12075,"city":"Musan","pop_total":14756.886434024,"mass_total":10861293.9512005225,"n_hex":13,"sample_h3":"873140845ffffff","log_pop":4.1689947351,"log_mass":7.0358815676},{"country_iso":"PRK","city_id":12078,"city":"Hyesan","pop_total":23116.3364807063,"mass_total":9307807.0824555513,"n_hex":14,"sample_h3":"873142328ffffff","log_pop":4.3639190074,"log_mass":6.9688473733},{"country_iso":"PRK","city_id":12079,"city":"Onchon","pop_total":2303.2591576371,"mass_total":1601045.0744334597,"n_hex":4,"sample_h3":"873029584ffffff","log_pop":3.3623428066,"log_mass":6.2044035588},{"country_iso":"PRK","city_id":12083,"city":"Tokchon","pop_total":9319.8658617263,"mass_total":4665085.1606643684,"n_hex":15,"sample_h3":"87302da08ffffff","log_pop":3.9694096617,"log_mass":6.6688595762},{"country_iso":"PRK","city_id":12087,"city":"Sillyeonpo","pop_total":16770.1077590007,"mass_total":7987011.5383550571,"n_hex":12,"sample_h3":"87302d280ffffff","log_pop":4.2245358532,"log_mass":6.9023843118},{"country_iso":"PRK","city_id":12100,"city":"P'y\u014fngs\u014fng","pop_total":32898.0257110035,"mass_total":10698379.2987720575,"n_hex":20,"sample_h3":"873029902ffffff","log_pop":4.5171698357,"log_mass":7.0293179912},{"country_iso":"PRK","city_id":12109,"city":"Pyongyang","pop_total":624756.180500139,"mass_total":136749591.5604127944,"n_hex":103,"sample_h3":"873029104ffffff","log_pop":5.7957105611,"log_mass":8.1359260379},{"country_iso":"PRK","city_id":12111,"city":"Hoeryong","pop_total":7248.097263159,"mass_total":5400775.5728321727,"n_hex":10,"sample_h3":"873145180ffffff","log_pop":3.8602240126,"log_mass":6.7324561307},{"country_iso":"PRK","city_id":12112,"city":"Kangson","pop_total":47993.6522620444,"mass_total":13412268.0360472463,"n_hex":21,"sample_h3":"8730291b0ffffff","log_pop":4.6811838005,"log_mass":7.127502224},{"country_iso":"PRK","city_id":12117,"city":"Kwail","pop_total":2872.4310668347,"mass_total":1148568.188109972,"n_hex":4,"sample_h3":"87302b14cffffff","log_pop":3.4582496152,"log_mass":6.0601567835},{"country_iso":"PRK","city_id":12121,"city":"Nampo","pop_total":52069.5528581357,"mass_total":12448181.3036640473,"n_hex":15,"sample_h3":"873029401ffffff","log_pop":4.7165838482,"log_mass":7.095105905},{"country_iso":"PRK","city_id":12123,"city":"Taean","pop_total":28634.6068679623,"mass_total":5235743.958867819,"n_hex":9,"sample_h3":"873029540ffffff","log_pop":4.4568912249,"log_mass":6.7189784003},{"country_iso":"PRK","city_id":12129,"city":"Unryul","pop_total":1256.6713076348,"mass_total":826294.7595317872,"n_hex":5,"sample_h3":"87302ba34ffffff","log_pop":3.0992216994,"log_mass":5.9171349984},{"country_iso":"PRK","city_id":12151,"city":"Songnim","pop_total":33340.9770102931,"mass_total":6749892.2377710342,"n_hex":15,"sample_h3":"873029080ffffff","log_pop":4.5229783221,"log_mass":6.8292968394},{"country_iso":"PRK","city_id":12154,"city":"Unchon","pop_total":1250.7010401931,"mass_total":448925.4145083721,"n_hex":2,"sample_h3":"873029790ffffff","log_pop":3.097153511,"log_mass":5.6521741923},{"country_iso":"PRK","city_id":12157,"city":"Kangdong","pop_total":4219.2780475803,"mass_total":2543732.6636254913,"n_hex":10,"sample_h3":"873029948ffffff","log_pop":3.625238146,"log_mass":6.4054714667},{"country_iso":"PRK","city_id":12167,"city":"Anak","pop_total":2033.8431166331,"mass_total":880664.7047236065,"n_hex":4,"sample_h3":"873029788ffffff","log_pop":3.30831745,"log_mass":5.944810591},{"country_iso":"PRK","city_id":12172,"city":"Kyonghung","pop_total":6653.4420816459,"mass_total":3765502.2105527464,"n_hex":9,"sample_h3":"873145b00ffffff","log_pop":3.8230463807,"log_mass":6.5758229069},{"country_iso":"PRK","city_id":12184,"city":"Sinhung","pop_total":2203.9240772869,"mass_total":1609313.0074964771,"n_hex":10,"sample_h3":"87315c600ffffff","log_pop":3.3431966295,"log_mass":6.2066405215},{"country_iso":"PRK","city_id":12187,"city":"Sinchon","pop_total":4139.1710948869,"mass_total":1131076.8387413388,"n_hex":4,"sample_h3":"87302968affffff","log_pop":3.6169133786,"log_mass":6.0534921094},{"country_iso":"PRK","city_id":12200,"city":"Sariw\u014fn","pop_total":44368.0903984219,"mass_total":9441061.4046709072,"n_hex":13,"sample_h3":"873029740ffffff","log_pop":4.6470707371,"log_mass":6.9750208223},{"country_iso":"PRK","city_id":12203,"city":"Jaeryong","pop_total":3199.0479999299,"mass_total":1283252.431297608,"n_hex":8,"sample_h3":"87302960affffff","log_pop":3.5050207565,"log_mass":6.1083120958},{"country_iso":"PRK","city_id":12206,"city":"Thaethan","pop_total":946.0335864086,"mass_total":252298.3349518934,"n_hex":3,"sample_h3":"8730e4984ffffff","log_pop":2.9759065551,"log_mass":5.4019143844},{"country_iso":"PRK","city_id":12210,"city":"Hoechang","pop_total":2293.0070838966,"mass_total":1513712.3092798044,"n_hex":6,"sample_h3":"87315a092ffffff","log_pop":3.3604053964,"log_mass":6.1800433426},{"country_iso":"PRK","city_id":12214,"city":"Rason","pop_total":14009.9562914699,"mass_total":6417318.2326955358,"n_hex":12,"sample_h3":"873145ac0ffffff","log_pop":4.1464367804,"log_mass":6.8073535763},{"country_iso":"PRK","city_id":12220,"city":"Yangdok","pop_total":734.0864734668,"mass_total":762021.4384849165,"n_hex":3,"sample_h3":"87315a014ffffff","log_pop":2.8657472217,"log_mass":5.8819671898},{"country_iso":"PRK","city_id":12221,"city":"Ch\u014fngjin","pop_total":126231.6887495733,"mass_total":34745137.0877534375,"n_hex":32,"sample_h3":"873141980ffffff","log_pop":5.1011683923,"log_mass":7.5408940295},{"country_iso":"PRK","city_id":12223,"city":"Unpha","pop_total":2011.927490571,"mass_total":633190.0854013141,"n_hex":3,"sample_h3":"873029293ffffff","log_pop":3.3036123248,"log_mass":5.801534106},{"country_iso":"PRK","city_id":12224,"city":"Hamhung","pop_total":165034.1146752227,"mass_total":35271148.7645013779,"n_hex":43,"sample_h3":"873158882ffffff","log_pop":5.2175737278,"log_mass":7.5474196047},{"country_iso":"PRK","city_id":12225,"city":"Hamju","pop_total":3737.1496875501,"mass_total":1799258.1936138226,"n_hex":4,"sample_h3":"873158c08ffffff","log_pop":3.5725404934,"log_mass":6.2550934891},{"country_iso":"PRK","city_id":12228,"city":"Jongphyong","pop_total":2978.6713968352,"mass_total":1474311.393251484,"n_hex":4,"sample_h3":"873158cc4ffffff","log_pop":3.4740225951,"log_mass":6.1685892217},{"country_iso":"PRK","city_id":12230,"city":"Ongjin","pop_total":2244.9291000067,"mass_total":1205814.7618661381,"n_hex":4,"sample_h3":"8730e4d43ffffff","log_pop":3.3512026295,"log_mass":6.0812805963},{"country_iso":"PRK","city_id":12236,"city":"Pyoksong","pop_total":1866.3489277185,"mass_total":633455.2884671792,"n_hex":4,"sample_h3":"8730e48c6ffffff","log_pop":3.2709928416,"log_mass":5.8017159662},{"country_iso":"PRK","city_id":12239,"city":"Kumya","pop_total":2644.8991652283,"mass_total":1164833.7259050009,"n_hex":4,"sample_h3":"873158400ffffff","log_pop":3.4224091195,"log_mass":6.0662639365},{"country_iso":"PRK","city_id":12241,"city":"\ucd94\ub3d9\uc5ed","pop_total":2163.8060953112,"mass_total":1843162.7958223752,"n_hex":9,"sample_h3":"873143620ffffff","log_pop":3.3352183398,"log_mass":6.2655636956},{"country_iso":"PRK","city_id":12247,"city":"Haeju","pop_total":55655.0830714057,"mass_total":13205175.1733578257,"n_hex":25,"sample_h3":"8730e4141ffffff","log_pop":4.7455048353,"log_mass":7.1207441667},{"country_iso":"PRK","city_id":12252,"city":"Kowon","pop_total":4393.9183905209,"mass_total":1494778.9375398387,"n_hex":4,"sample_h3":"8731584c4ffffff","log_pop":3.6428519864,"log_mass":6.1745769697},{"country_iso":"PRK","city_id":12257,"city":"Hongwon","pop_total":5309.150265013,"mass_total":3781634.6442134059,"n_hex":13,"sample_h3":"873158944ffffff","log_pop":3.7250250174,"log_mass":6.577679568},{"country_iso":"PRK","city_id":12260,"city":"Chonnae","pop_total":6390.3907587893,"mass_total":4753566.5140643874,"n_hex":10,"sample_h3":"8731584c3ffffff","log_pop":3.8055274152,"log_mass":6.6770195751},{"country_iso":"PRK","city_id":12270,"city":"Koksan","pop_total":1662.6965152441,"mass_total":491022.1070041471,"n_hex":3,"sample_h3":"87315a644ffffff","log_pop":3.2208129866,"log_mass":5.6911010456},{"country_iso":"PRK","city_id":12273,"city":"Sinpho","pop_total":12086.5956052331,"mass_total":5564546.9328678362,"n_hex":12,"sample_h3":"87315d518ffffff","log_pop":4.0823039917,"log_mass":6.7454298097},{"country_iso":"PRK","city_id":12283,"city":"Sinpyong","pop_total":10951.1188728856,"mass_total":4908445.9657193823,"n_hex":10,"sample_h3":"873143a60ffffff","log_pop":4.0394584932,"log_mass":6.6909440145},{"country_iso":"PRK","city_id":12288,"city":"Munchon","pop_total":12863.2178379582,"mass_total":5930697.0680685639,"n_hex":12,"sample_h3":"8731586a0ffffff","log_pop":4.1093496245,"log_mass":6.7731057414},{"country_iso":"PRK","city_id":12290,"city":"Chongdan","pop_total":1133.987698771,"mass_total":720367.7631514624,"n_hex":4,"sample_h3":"8730e4304ffffff","log_pop":3.0546083435,"log_mass":5.8575542697},{"country_iso":"PRK","city_id":12292,"city":"Singye","pop_total":949.2599897048,"mass_total":666206.4433966365,"n_hex":5,"sample_h3":"8730e585affffff","log_pop":2.9773851762,"log_mass":5.8236088288},{"country_iso":"PRK","city_id":12295,"city":"Riwon","pop_total":2351.1141029732,"mass_total":1306103.2023014266,"n_hex":6,"sample_h3":"87315d8a6ffffff","log_pop":3.3712737066,"log_mass":6.1159774943},{"country_iso":"PRK","city_id":12297,"city":"Phyongsan","pop_total":4051.0114014682,"mass_total":2246364.2191968025,"n_hex":7,"sample_h3":"8730e5134ffffff","log_pop":3.6075634655,"log_mass":6.3514801729},{"country_iso":"PRK","city_id":12304,"city":"Kimch'aek","pop_total":20971.1854919808,"mass_total":8856159.9835451432,"n_hex":16,"sample_h3":"873143348ffffff","log_pop":4.3216229816,"log_mass":6.9472454533},{"country_iso":"PRK","city_id":12305,"city":"Tanchon","pop_total":3482.6181127174,"mass_total":2589140.8642102233,"n_hex":6,"sample_h3":"8731432daffffff","log_pop":3.5419058544,"log_mass":6.4131556792},{"country_iso":"PRK","city_id":12307,"city":"Rah\u016dng","pop_total":2219.5428431474,"mass_total":1199805.609762619,"n_hex":7,"sample_h3":"87315d134ffffff","log_pop":3.3462635325,"log_mass":6.0791108882},{"country_iso":"PRK","city_id":12308,"city":"Wonsan","pop_total":39983.8469917335,"mass_total":11657366.6561589502,"n_hex":16,"sample_h3":"87315868dffffff","log_pop":4.6018845768,"log_mass":7.0666004564},{"country_iso":"PRK","city_id":12310,"city":"Omong-ri","pop_total":7723.3009584614,"mass_total":5872813.2068229038,"n_hex":7,"sample_h3":"8731432dbffffff","log_pop":3.8878029586,"log_mass":6.7688461877},{"country_iso":"PRK","city_id":12316,"city":"Yonan","pop_total":2585.4146810943,"mass_total":1039852.2510488981,"n_hex":6,"sample_h3":"8730e4246ffffff","log_pop":3.4125302106,"log_mass":6.0169716363},{"country_iso":"PRK","city_id":12322,"city":"Paechon","pop_total":2728.9898040884,"mass_total":925238.9081834379,"n_hex":4,"sample_h3":"8730e5504ffffff","log_pop":3.4360019131,"log_mass":5.9662538875},{"country_iso":"PRK","city_id":12339,"city":"Kosan","pop_total":2310.8790027936,"mass_total":1705217.0215706371,"n_hex":5,"sample_h3":"87315bc44ffffff","log_pop":3.3637772065,"log_mass":6.2317796591},{"country_iso":"PRK","city_id":12343,"city":"Kaesong","pop_total":15826.1306594624,"mass_total":5354749.8964575948,"n_hex":12,"sample_h3":"8730e5444ffffff","log_pop":4.1993747469,"log_mass":6.7287391911},{"country_iso":"PRK","city_id":12352,"city":"Sepho","pop_total":99.0592000737,"mass_total":52924.7217941376,"n_hex":2,"sample_h3":"87315b568ffffff","log_pop":1.9958948166,"log_mass":4.7236585838},{"country_iso":"PRK","city_id":12355,"city":"P'y\u014fnghwa-ri","pop_total":4143.5770737218,"mass_total":1468191.7677240951,"n_hex":4,"sample_h3":"8730e5443ffffff","log_pop":3.6173754215,"log_mass":6.1667827846}]