[{"country_iso":"MYS","city_id":10940,"city":"George Town","pop_total":472551.3290865309,"mass_total":58868229.4411594123,"n_hex":37,"sample_h3":"87651d161ffffff","log_pop":5.674448989,"log_mass":7.7698809739},{"country_iso":"MYS","city_id":10943,"city":"Alor Setar","pop_total":124277.2336042741,"mass_total":24891296.3735259585,"n_hex":21,"sample_h3":"87651d458ffffff","log_pop":5.0943915773,"log_mass":7.3960475159},{"country_iso":"MYS","city_id":10956,"city":"Bukit Mertajam","pop_total":336814.7702577601,"mass_total":78754813.8903419375,"n_hex":49,"sample_h3":"87651d800ffffff","log_pop":5.5273911283,"log_mass":7.8962771095},{"country_iso":"MYS","city_id":10964,"city":"Sungai Petani","pop_total":157167.6372434036,"mass_total":32968555.047398828,"n_hex":26,"sample_h3":"87651d106ffffff","log_pop":5.1963631243,"log_mass":7.5180999132},{"country_iso":"MYS","city_id":10982,"city":"Kulim","pop_total":96772.9167393684,"mass_total":17113275.2712888792,"n_hex":19,"sample_h3":"87651d810ffffff","log_pop":4.9857538309,"log_mass":7.2333331361},{"country_iso":"MYS","city_id":11019,"city":"Taiping","pop_total":113104.9737496797,"mass_total":22416982.0186691023,"n_hex":20,"sample_h3":"876503200ffffff","log_pop":5.0534817033,"log_mass":7.3505771435},{"country_iso":"MYS","city_id":11020,"city":"Sitiawan","pop_total":36279.7235694838,"mass_total":8864933.3633302581,"n_hex":12,"sample_h3":"876501610ffffff","log_pop":4.5596639693,"log_mass":6.9476754754},{"country_iso":"MYS","city_id":11074,"city":"Ipoh","pop_total":422064.1375743885,"mass_total":87632644.8451505899,"n_hex":56,"sample_h3":"876503140ffffff","log_pop":5.6253784521,"log_mass":7.9426659194},{"country_iso":"MYS","city_id":11075,"city":"Teluk Intan","pop_total":32803.0628239033,"mass_total":7631022.6521447254,"n_hex":10,"sample_h3":"876501429ffffff","log_pop":4.5159143957,"log_mass":6.8825827427},{"country_iso":"MYS","city_id":11139,"city":"Kuala Lumpur","pop_total":4668758.2799017839,"mass_total":711203633.5610455275,"n_hex":276,"sample_h3":"876505002ffffff","log_pop":6.6692013894,"log_mass":8.8519939668},{"country_iso":"MYS","city_id":11143,"city":"Meru","pop_total":50610.0551201428,"mass_total":15890207.5342830457,"n_hex":12,"sample_h3":"8765050daffffff","log_pop":4.7042368103,"log_mass":7.2011295694},{"country_iso":"MYS","city_id":11154,"city":"Rawang","pop_total":47296.9198474893,"mass_total":13299336.973442968,"n_hex":14,"sample_h3":"876505780ffffff","log_pop":4.6748328588,"log_mass":7.1238299901},{"country_iso":"MYS","city_id":11216,"city":"Seremban","pop_total":239392.8953837189,"mass_total":50775877.8726156503,"n_hex":36,"sample_h3":"876505886ffffff","log_pop":5.3791112574,"log_mass":7.7056574407},{"country_iso":"MYS","city_id":11220,"city":"Kota Bharu","pop_total":162395.4683442826,"mass_total":30214134.3150216788,"n_hex":35,"sample_h3":"876511304ffffff","log_pop":5.2105739061,"log_mass":7.4802101555},{"country_iso":"MYS","city_id":11266,"city":"Melaka City","pop_total":258615.0665130653,"mass_total":57605769.3987427577,"n_hex":43,"sample_h3":"8765230c0ffffff","log_pop":5.4126538226,"log_mass":7.7604659816},{"country_iso":"MYS","city_id":11321,"city":"Muar","pop_total":59936.5806396335,"mass_total":13046827.0450629313,"n_hex":13,"sample_h3":"876523110ffffff","log_pop":4.777691963,"log_mass":7.1155049052},{"country_iso":"MYS","city_id":11367,"city":"Kuala Terengganu","pop_total":84305.0838104304,"mass_total":19607418.9349954724,"n_hex":20,"sample_h3":"876515300ffffff","log_pop":4.9258537645,"log_mass":7.2924204281},{"country_iso":"MYS","city_id":11383,"city":"Batu Pahat","pop_total":45607.1153522641,"mass_total":8514701.1064639259,"n_hex":8,"sample_h3":"8765206d1ffffff","log_pop":4.659032604,"log_mass":6.9301694074},{"country_iso":"MYS","city_id":11420,"city":"Kuantan","pop_total":90134.65339043,"mass_total":19460427.9133190513,"n_hex":19,"sample_h3":"876506824ffffff","log_pop":4.954891793,"log_mass":7.2891523857},{"country_iso":"MYS","city_id":11432,"city":"Dungun","pop_total":35938.8636566087,"mass_total":7957816.8911135979,"n_hex":9,"sample_h3":"876506416ffffff","log_pop":4.5555643411,"log_mass":6.9007939418},{"country_iso":"MYS","city_id":11442,"city":"Chukai","pop_total":31627.4021700667,"mass_total":7198962.3559219837,"n_hex":13,"sample_h3":"876506c29ffffff","log_pop":4.500063521,"log_mass":6.8572699026},{"country_iso":"MYS","city_id":11452,"city":"Kluang","pop_total":47639.5673545482,"mass_total":9521258.3911368437,"n_hex":12,"sample_h3":"876522a02ffffff","log_pop":4.6779678087,"log_mass":6.9786943513},{"country_iso":"MYS","city_id":11496,"city":"Kulai","pop_total":56772.7240317158,"mass_total":14780935.0931221526,"n_hex":20,"sample_h3":"876520581ffffff","log_pop":4.7541397328,"log_mass":7.1697019099},{"country_iso":"MYS","city_id":11499,"city":"Iskandar Puteri","pop_total":26746.6918340215,"mass_total":6816286.0229041958,"n_hex":10,"sample_h3":"876520520ffffff","log_pop":4.4272700739,"log_mass":6.8335478059},{"country_iso":"MYS","city_id":12454,"city":"Kuching","pop_total":246570.94791774,"mass_total":54841627.1864769086,"n_hex":43,"sample_h3":"87699a498ffffff","log_pop":5.3919419048,"log_mass":7.7391103321},{"country_iso":"MYS","city_id":12598,"city":"Sibu","pop_total":74865.0792046089,"mass_total":19338376.1190193631,"n_hex":20,"sample_h3":"87699b0c8ffffff","log_pop":4.8742792884,"log_mass":7.2864200027},{"country_iso":"MYS","city_id":12658,"city":"Bintulu","pop_total":30597.5579638706,"mass_total":15744657.2488037199,"n_hex":14,"sample_h3":"8768a6a60ffffff","log_pop":4.4856867662,"log_mass":7.1971332108},{"country_iso":"MYS","city_id":12660,"city":"Tanjung Kidurong","pop_total":18571.7266136076,"mass_total":7955646.4018496741,"n_hex":13,"sample_h3":"8768a46b0ffffff","log_pop":4.268852282,"log_mass":6.9006754721},{"country_iso":"MYS","city_id":12684,"city":"Kampong Luak","pop_total":24883.5245827567,"mass_total":7743715.6475079525,"n_hex":9,"sample_h3":"8768a581affffff","log_pop":4.3959118952,"log_mass":6.8889493971},{"country_iso":"MYS","city_id":12685,"city":"Miri","pop_total":37236.8683881647,"mass_total":9696706.6528818849,"n_hex":9,"sample_h3":"8768a5808ffffff","log_pop":4.5709731498,"log_mass":6.9866242574},{"country_iso":"MYS","city_id":12732,"city":"Kota Kinabalu","pop_total":368386.2502804681,"mass_total":63943012.8331347853,"n_hex":50,"sample_h3":"8768119b0ffffff","log_pop":5.5663034121,"log_mass":7.8057930953},{"country_iso":"MYS","city_id":12742,"city":"Kudat","pop_total":14817.0036257725,"mass_total":2810774.3037197306,"n_hex":7,"sample_h3":"876802164ffffff","log_pop":4.1707603872,"log_mass":6.4488259745},{"country_iso":"MYS","city_id":12791,"city":"Tawau","pop_total":114869.3006459788,"mass_total":19972138.5081511065,"n_hex":20,"sample_h3":"87681a852ffffff","log_pop":5.060203977,"log_mass":7.3004245693},{"country_iso":"MYS","city_id":12792,"city":"Kg. Karamunting Baru","pop_total":19152.2724123543,"mass_total":3433519.0368901067,"n_hex":7,"sample_h3":"87681c240ffffff","log_pop":4.2822203103,"log_mass":6.5357394597},{"country_iso":"MYS","city_id":12793,"city":"Sandakan","pop_total":59391.675183126,"mass_total":8552738.4367092587,"n_hex":14,"sample_h3":"87681c244ffffff","log_pop":4.773725575,"log_mass":6.9321051905},{"country_iso":"MYS","city_id":12805,"city":"Lahad Datu","pop_total":24440.4595940197,"mass_total":7384192.7063698908,"n_hex":14,"sample_h3":"87681800dffffff","log_pop":4.3881093684,"log_mass":6.868303022},{"country_iso":"MYS","city_id":12834,"city":"Semporna","pop_total":13910.9753359224,"mass_total":2423360.8511535726,"n_hex":8,"sample_h3":"87681b990ffffff","log_pop":4.1433575806,"log_mass":6.3844180877}]