[{"country_iso":"ISR","city_id":4302,"city":"Ashkelon","pop_total":32486.1106858141,"mass_total":13214167.5531571787,"n_hex":9,"sample_h3":"872db6200ffffff","log_pop":4.5116977197,"log_mass":7.1210398093},{"country_iso":"ISR","city_id":4304,"city":"Ashdod","pop_total":150722.6752056403,"mass_total":26377097.0089373179,"n_hex":15,"sample_h3":"872db0c92ffffff","log_pop":5.1781785939,"log_mass":7.4212269966},{"country_iso":"ISR","city_id":4309,"city":"Tel Aviv","pop_total":1519045.7797267316,"mass_total":280607521.9299424291,"n_hex":112,"sample_h3":"872db00b4ffffff","log_pop":6.1815708625,"log_mass":8.4480993085},{"country_iso":"ISR","city_id":4312,"city":"Haifa","pop_total":240653.9589828033,"mass_total":67600380.6902608424,"n_hex":38,"sample_h3":"872db0a00ffffff","log_pop":5.3813930106,"log_mass":7.8299491417},{"country_iso":"ISR","city_id":4314,"city":"Netanya","pop_total":70978.7265944303,"mass_total":21691551.1445140578,"n_hex":20,"sample_h3":"872db0024ffffff","log_pop":4.8511282035,"log_mass":7.3362906092},{"country_iso":"ISR","city_id":4330,"city":"Baqa al Gharbiyya","pop_total":15218.3874453788,"mass_total":7844168.1783011435,"n_hex":8,"sample_h3":"872db000dffffff","log_pop":4.1823686366,"log_mass":6.8945468963},{"country_iso":"ISR","city_id":4332,"city":"Beer Sheva","pop_total":72742.1619407579,"mass_total":21317665.2841357328,"n_hex":11,"sample_h3":"872db6652ffffff","log_pop":4.8617862044,"log_mass":7.3287396389},{"country_iso":"ISR","city_id":4336,"city":"Modi'in Illit","pop_total":67489.2662684553,"mass_total":10259365.3164049257,"n_hex":9,"sample_h3":"872db0400ffffff","log_pop":4.8292347066,"log_mass":7.0111204945},{"country_iso":"ISR","city_id":4348,"city":"Nazareth","pop_total":64340.9045365278,"mass_total":19102266.1576795056,"n_hex":17,"sample_h3":"872db0340ffffff","log_pop":4.8084871621,"log_mass":7.2810848919}]