[{"country_iso":"LKA","city_id":8807,"city":"Jaffna","pop_total":8771.4833548882,"mass_total":3499526.7383646243,"n_hex":18,"sample_h3":"8761ad212ffffff","log_pop":3.9430730436,"log_mass":6.5440093161},{"country_iso":"LKA","city_id":8826,"city":"Wennappuwa","pop_total":179.8301448822,"mass_total":222381.4323748763,"n_hex":2,"sample_h3":"87611c050ffffff","log_pop":2.2548624942,"log_mass":5.3470985232},{"country_iso":"LKA","city_id":8835,"city":"Colombo","pop_total":2591772.8114204616,"mass_total":427066073.1976849437,"n_hex":227,"sample_h3":"876103402ffffff","log_pop":6.4135969297,"log_mass":8.6304950718},{"country_iso":"LKA","city_id":8838,"city":"Point Pedro","pop_total":851.2291213989,"mass_total":668709.6455019565,"n_hex":7,"sample_h3":"8761ad709ffffff","log_pop":2.9300464729,"log_mass":5.8252375875},{"country_iso":"LKA","city_id":8886,"city":"Horana","pop_total":55963.6603156408,"mass_total":16924062.905444473,"n_hex":15,"sample_h3":"8761034a0ffffff","log_pop":4.7479061119,"log_mass":7.2285046309},{"country_iso":"LKA","city_id":8908,"city":"Ambalangoda","pop_total":55392.9352793488,"mass_total":12705383.023320511,"n_hex":15,"sample_h3":"876103c08ffffff","log_pop":4.7434543791,"log_mass":7.1039877621},{"country_iso":"LKA","city_id":8917,"city":"Avissawella","pop_total":2135.4963791006,"mass_total":777806.9077773944,"n_hex":8,"sample_h3":"87611c804ffffff","log_pop":3.3294988394,"log_mass":5.8908717958},{"country_iso":"LKA","city_id":8935,"city":"Galle","pop_total":152702.11019372,"mass_total":33240932.7614011392,"n_hex":24,"sample_h3":"87610068bffffff","log_pop":5.1838450386,"log_mass":7.5216732019},{"country_iso":"LKA","city_id":8985,"city":"Rathnapura","pop_total":2179.4680989097,"mass_total":648379.4573184946,"n_hex":4,"sample_h3":"8761022a0ffffff","log_pop":3.3383505166,"log_mass":5.8118292466},{"country_iso":"LKA","city_id":9006,"city":"Kandy","pop_total":18534.7794930626,"mass_total":7114714.2987318663,"n_hex":33,"sample_h3":"876111a09ffffff","log_pop":4.2679874236,"log_mass":6.8521574651},{"country_iso":"LKA","city_id":9007,"city":"Matara","pop_total":146809.9759435719,"mass_total":33708126.4073774219,"n_hex":32,"sample_h3":"8761004c0ffffff","log_pop":5.1667555675,"log_mass":7.5277346139},{"country_iso":"LKA","city_id":9018,"city":"Gampola","pop_total":5791.0721820831,"mass_total":1049213.1394357092,"n_hex":4,"sample_h3":"876102698ffffff","log_pop":3.7627589782,"log_mass":6.0208637207},{"country_iso":"LKA","city_id":9030,"city":"Matale","pop_total":6672.9953329367,"mass_total":1073834.7915664546,"n_hex":6,"sample_h3":"876111ac1ffffff","log_pop":3.8243208211,"log_mass":6.0309374707},{"country_iso":"LKA","city_id":9031,"city":"Poojapitiya","pop_total":1809.2385570377,"mass_total":512718.6921822216,"n_hex":4,"sample_h3":"876111ae8ffffff","log_pop":3.2574958345,"log_mass":5.7098791508},{"country_iso":"LKA","city_id":9109,"city":"Tamaraivillu","pop_total":25463.763138959,"mass_total":3216554.7780878078,"n_hex":7,"sample_h3":"876113b82ffffff","log_pop":4.4059225859,"log_mass":6.5073909519},{"country_iso":"LKA","city_id":9112,"city":"Trincomalee","pop_total":30540.1422368947,"mass_total":4841269.3051663768,"n_hex":10,"sample_h3":"876113144ffffff","log_pop":4.4848710554,"log_mass":6.6849592418},{"country_iso":"LKA","city_id":9128,"city":"Badulla","pop_total":3974.1154317893,"mass_total":898687.2501448545,"n_hex":3,"sample_h3":"876102588ffffff","log_pop":3.5992404774,"log_mass":5.9536085803},{"country_iso":"LKA","city_id":9192,"city":"Valaichchenai EP","pop_total":34435.9620991328,"mass_total":4002803.6222727764,"n_hex":7,"sample_h3":"876110260ffffff","log_pop":4.5370122212,"log_mass":6.6023642841},{"country_iso":"LKA","city_id":9222,"city":"Batticaloa","pop_total":72764.8441625459,"mass_total":10281286.4075623676,"n_hex":17,"sample_h3":"876110a0bffffff","log_pop":4.8619216036,"log_mass":7.0120474575},{"country_iso":"LKA","city_id":9253,"city":"Sammanturai","pop_total":28942.2759387128,"mass_total":2653343.2087125303,"n_hex":6,"sample_h3":"876115782ffffff","log_pop":4.4615326798,"log_mass":6.4237934294},{"country_iso":"LKA","city_id":9256,"city":"Kalmunai","pop_total":88358.4749724014,"mass_total":8517509.9615789,"n_hex":11,"sample_h3":"876110b60ffffff","log_pop":4.9462482115,"log_mass":6.9303126502},{"country_iso":"LKA","city_id":9261,"city":"Akkaraipattu","pop_total":50120.4737605488,"mass_total":6913218.3076134864,"n_hex":12,"sample_h3":"876115441ffffff","log_pop":4.7000151675,"log_mass":6.8396802714}]