[{"country_iso":"VEN","city_id":695,"city":"Rubio","pop_total":8594.3086899028,"mass_total":3156563.811549908,"n_hex":8,"sample_h3":"87662b682ffffff","log_pop":3.9342109486,"log_mass":6.4992145732},{"country_iso":"VEN","city_id":696,"city":"Machiques","pop_total":14391.3778268982,"mass_total":5502444.7570921881,"n_hex":7,"sample_h3":"87662e860ffffff","log_pop":4.1581023752,"log_mass":6.7405556911},{"country_iso":"VEN","city_id":697,"city":"San Crist\u00f3bal","pop_total":79763.5265252843,"mass_total":14116031.675320996,"n_hex":18,"sample_h3":"87662b606ffffff","log_pop":4.9018043469,"log_mass":7.1497126242},{"country_iso":"VEN","city_id":699,"city":"San Juan de Col\u00f3n","pop_total":5029.8345642959,"mass_total":3209189.5038245027,"n_hex":5,"sample_h3":"87662b090ffffff","log_pop":3.701553701,"log_mass":6.5063953631},{"country_iso":"VEN","city_id":703,"city":"Villa del Rosario","pop_total":13639.8053876559,"mass_total":6214498.2573987534,"n_hex":9,"sample_h3":"876621248ffffff","log_pop":4.1348081739,"log_mass":6.7934060706},{"country_iso":"VEN","city_id":713,"city":"Santa B\u00e1rbara del Zulia","pop_total":2474.3028480848,"mass_total":3124050.376011489,"n_hex":8,"sample_h3":"876628052ffffff","log_pop":3.393452855,"log_mass":6.4947180284},{"country_iso":"VEN","city_id":715,"city":"El Vig\u00eda","pop_total":20367.1172589452,"mass_total":6210582.7781270761,"n_hex":8,"sample_h3":"8766282ccffffff","log_pop":4.3089295638,"log_mass":6.7931323547},{"country_iso":"VEN","city_id":716,"city":"La Concepci\u00f3n","pop_total":4999.8181527418,"mass_total":1953955.330554388,"n_hex":5,"sample_h3":"87662c9a0ffffff","log_pop":3.698954209,"log_mass":6.2909146311},{"country_iso":"VEN","city_id":719,"city":"Maracaibo","pop_total":1234443.1727532342,"mass_total":162263484.4912891984,"n_hex":78,"sample_h3":"87662c820ffffff","log_pop":6.0914711021,"log_mass":8.2102207979},{"country_iso":"VEN","city_id":721,"city":"San Rafael del Mojan","pop_total":8212.4600475891,"mass_total":1989898.3636427051,"n_hex":6,"sample_h3":"8767520cdffffff","log_pop":3.9144732698,"log_mass":6.2988308949},{"country_iso":"VEN","city_id":722,"city":"Santa Rita","pop_total":8740.417572906,"mass_total":3736199.3700926085,"n_hex":13,"sample_h3":"87662c960ffffff","log_pop":3.9415321815,"log_mass":6.5724300429},{"country_iso":"VEN","city_id":724,"city":"M\u00e9rida","pop_total":37845.9829587787,"mass_total":11859868.9660901595,"n_hex":22,"sample_h3":"876629110ffffff","log_pop":4.5780197895,"log_mass":7.0740798907},{"country_iso":"VEN","city_id":726,"city":"Cabimas","pop_total":125730.1468365529,"mass_total":28485546.3287655413,"n_hex":24,"sample_h3":"87662cb21ffffff","log_pop":5.0994394228,"log_mass":7.4546245533},{"country_iso":"VEN","city_id":727,"city":"Ciudad Ojeda","pop_total":70691.0055247774,"mass_total":17603630.9516471922,"n_hex":16,"sample_h3":"87662cb40ffffff","log_pop":4.8493641592,"log_mass":7.2456022553},{"country_iso":"VEN","city_id":734,"city":"Socop\u00f3","pop_total":10700.5463144901,"mass_total":4532588.3454535082,"n_hex":7,"sample_h3":"87662930affffff","log_pop":4.0294059511,"log_mass":6.6563462778},{"country_iso":"VEN","city_id":738,"city":"Ciudad Bolivia","pop_total":1388.7865858059,"mass_total":2731405.9164653961,"n_hex":6,"sample_h3":"876629a51ffffff","log_pop":3.142635513,"log_mass":6.4363862458},{"country_iso":"VEN","city_id":744,"city":"Valera","pop_total":29687.9579208131,"mass_total":7571872.5038659181,"n_hex":15,"sample_h3":"87662dac0ffffff","log_pop":4.4725803258,"log_mass":6.8792032926},{"country_iso":"VEN","city_id":756,"city":"Barinas","pop_total":66528.2761893478,"mass_total":22789843.1447416767,"n_hex":22,"sample_h3":"87675a700ffffff","log_pop":4.8230062706,"log_mass":7.3577413361},{"country_iso":"VEN","city_id":758,"city":"Bocon\u00f3","pop_total":1137.7420097557,"mass_total":1623071.8586426557,"n_hex":7,"sample_h3":"87675ad08ffffff","log_pop":3.0560437942,"log_mass":6.2103377479},{"country_iso":"VEN","city_id":765,"city":"Carora","pop_total":20867.8123640341,"mass_total":8986388.3752297983,"n_hex":8,"sample_h3":"87675e896ffffff","log_pop":4.319476923,"log_mass":6.9535851841},{"country_iso":"VEN","city_id":767,"city":"Punto Fijo","pop_total":85814.5077403873,"mass_total":28714147.3272511736,"n_hex":32,"sample_h3":"876755409ffffff","log_pop":4.9335607156,"log_mass":7.4580959243},{"country_iso":"VEN","city_id":771,"city":"Guanare","pop_total":28441.6830632995,"mass_total":10457868.5045971517,"n_hex":11,"sample_h3":"87675849bffffff","log_pop":4.4539552926,"log_mass":7.0194431768},{"country_iso":"VEN","city_id":774,"city":"El Tocuyo","pop_total":8216.5055746097,"mass_total":3213239.3788998881,"n_hex":6,"sample_h3":"87675ea82ffffff","log_pop":3.9146871542,"log_mass":6.5069430807},{"country_iso":"VEN","city_id":778,"city":"Qu\u00edbor","pop_total":7948.4240673673,"mass_total":5882375.9988638721,"n_hex":7,"sample_h3":"87675ea24ffffff","log_pop":3.9002810297,"log_mass":6.769552781},{"country_iso":"VEN","city_id":782,"city":"Coro","pop_total":58068.5559302349,"mass_total":13757541.7419308983,"n_hex":15,"sample_h3":"876755289ffffff","log_pop":4.763941026,"log_mass":7.1385408392},{"country_iso":"VEN","city_id":783,"city":"Barquisimeto","pop_total":311904.197132982,"mass_total":70235196.4858382195,"n_hex":41,"sample_h3":"87675c440ffffff","log_pop":5.4940212189,"log_mass":7.8465548017},{"country_iso":"VEN","city_id":785,"city":"Cabudare","pop_total":27981.2423753028,"mass_total":9220331.2865622714,"n_hex":8,"sample_h3":"87675c44bffffff","log_pop":4.4468669934,"log_mass":6.9647465255},{"country_iso":"VEN","city_id":786,"city":"Acarigua","pop_total":75211.0154036765,"mass_total":22082012.1889829151,"n_hex":21,"sample_h3":"8767588b2ffffff","log_pop":4.876281452,"log_mass":7.3440386453},{"country_iso":"VEN","city_id":792,"city":"Yaritagua","pop_total":12372.6864658356,"mass_total":4565712.0988988746,"n_hex":8,"sample_h3":"87675c0c2ffffff","log_pop":4.0924640077,"log_mass":6.6595085226},{"country_iso":"VEN","city_id":794,"city":"Duaca","pop_total":3078.216617055,"mass_total":732647.0228248234,"n_hex":4,"sample_h3":"87675c181ffffff","log_pop":3.4882991783,"log_mass":5.8648947892},{"country_iso":"VEN","city_id":795,"city":"Sabana de Parra","pop_total":3400.1883566969,"mass_total":1148796.0539215233,"n_hex":6,"sample_h3":"87675c00bffffff","log_pop":3.5315029759,"log_mass":6.0602429351},{"country_iso":"VEN","city_id":808,"city":"San Carlos","pop_total":18905.6919128474,"mass_total":7163352.1338876728,"n_hex":10,"sample_h3":"87675d502ffffff","log_pop":4.2765925764,"log_mass":6.8551163006},{"country_iso":"VEN","city_id":809,"city":"Mar\u00edn","pop_total":7673.6312822809,"mass_total":1606500.4369123378,"n_hex":4,"sample_h3":"87675cb06ffffff","log_pop":3.8850009275,"log_mass":6.205880848},{"country_iso":"VEN","city_id":814,"city":"Achaguas","pop_total":378.5335209295,"mass_total":1272632.1980561211,"n_hex":3,"sample_h3":"8766668f0ffffff","log_pop":2.5781043444,"log_mass":6.1047029068},{"country_iso":"VEN","city_id":818,"city":"Tinaquillo","pop_total":14257.7279602659,"mass_total":5009014.2363242395,"n_hex":9,"sample_h3":"87675dd40ffffff","log_pop":4.154050324,"log_mass":6.699752266},{"country_iso":"VEN","city_id":821,"city":"Valencia","pop_total":628503.917777112,"mass_total":124145750.2022630721,"n_hex":107,"sample_h3":"876743200ffffff","log_pop":5.7983079892,"log_mass":8.0939318572},{"country_iso":"VEN","city_id":823,"city":"Puerto Ayacucho","pop_total":12751.0324082917,"mass_total":4591418.8770654527,"n_hex":10,"sample_h3":"8766630daffffff","log_pop":4.1055453496,"log_mass":6.6619469154},{"country_iso":"VEN","city_id":824,"city":"Puerto Cabello","pop_total":54895.4458147984,"mass_total":11322561.8134106323,"n_hex":17,"sample_h3":"876743040ffffff","log_pop":4.7395363164,"log_mass":7.0539447003},{"country_iso":"VEN","city_id":825,"city":"El Charal","pop_total":6007.4389073372,"mass_total":2049781.2382429601,"n_hex":11,"sample_h3":"8767432c0ffffff","log_pop":3.7786893629,"log_mass":6.3117075137},{"country_iso":"VEN","city_id":827,"city":"G\u00fcig\u00fce","pop_total":7381.9843111094,"mass_total":2840493.5571686937,"n_hex":8,"sample_h3":"87674324affffff","log_pop":3.8681731179,"log_mass":6.4533938085},{"country_iso":"VEN","city_id":829,"city":"Biruaca","pop_total":5302.0549510086,"mass_total":1270776.7642096975,"n_hex":6,"sample_h3":"876664081ffffff","log_pop":3.7244442245,"log_mass":6.1040692653},{"country_iso":"VEN","city_id":831,"city":"San Fernando de Apure","pop_total":4633.7953596106,"mass_total":857322.8198812387,"n_hex":7,"sample_h3":"876664018ffffff","log_pop":3.6659368503,"log_mass":5.9331443838},{"country_iso":"VEN","city_id":832,"city":"Mariara","pop_total":15994.962212383,"mass_total":6896007.0030011479,"n_hex":8,"sample_h3":"876743345ffffff","log_pop":4.2039832184,"log_mass":6.8385976938},{"country_iso":"VEN","city_id":833,"city":"Maracay","pop_total":333436.5502994836,"mass_total":61243135.6207171455,"n_hex":51,"sample_h3":"87674ec00ffffff","log_pop":5.5230132041,"log_mass":7.7870574183},{"country_iso":"VEN","city_id":835,"city":"Calabozo","pop_total":16457.4114221928,"mass_total":8565142.8897044584,"n_hex":15,"sample_h3":"87674a010ffffff","log_pop":4.2163615263,"log_mass":6.9327346126},{"country_iso":"VEN","city_id":836,"city":"Santa Cruz","pop_total":12052.0808392375,"mass_total":5064084.0319348611,"n_hex":6,"sample_h3":"87674ec1bffffff","log_pop":4.081062036,"log_mass":6.7045009036},{"country_iso":"VEN","city_id":838,"city":"Los Tanques","pop_total":10275.6748109799,"mass_total":5630643.1227125609,"n_hex":9,"sample_h3":"87674e564ffffff","log_pop":4.0118103519,"log_mass":6.7505580021},{"country_iso":"VEN","city_id":840,"city":"Paya","pop_total":5486.9330196867,"mass_total":1281241.8770942939,"n_hex":6,"sample_h3":"87674ec05ffffff","log_pop":3.7393296587,"log_mass":6.107631125},{"country_iso":"VEN","city_id":841,"city":"San Mateo","pop_total":14317.294159519,"mass_total":1937119.9600742406,"n_hex":5,"sample_h3":"87674ec29ffffff","log_pop":4.155860948,"log_mass":6.2871565161},{"country_iso":"VEN","city_id":842,"city":"San Juan de Los Morros","pop_total":18531.1787001423,"mass_total":7407590.8373335442,"n_hex":12,"sample_h3":"87674e012ffffff","log_pop":4.2679030441,"log_mass":6.8696769858},{"country_iso":"VEN","city_id":843,"city":"Zuata","pop_total":5710.9360280878,"mass_total":649565.6600950959,"n_hex":4,"sample_h3":"87674ec44ffffff","log_pop":3.7567072954,"log_mass":5.8126230575},{"country_iso":"VEN","city_id":845,"city":"La Victoria","pop_total":30348.9450241799,"mass_total":7747330.3460842278,"n_hex":12,"sample_h3":"87674e894ffffff","log_pop":4.4821435989,"log_mass":6.8891520747},{"country_iso":"VEN","city_id":848,"city":"Los Pijiguaos","pop_total":18.6578921492,"mass_total":220198.5409473244,"n_hex":3,"sample_h3":"876661c00ffffff","log_pop":1.2708625783,"log_mass":5.342814437},{"country_iso":"VEN","city_id":853,"city":"Los Teques","pop_total":35445.2068328857,"mass_total":12559162.583686322,"n_hex":28,"sample_h3":"8767412caffffff","log_pop":4.5495575149,"log_mass":7.0989606826},{"country_iso":"VEN","city_id":854,"city":"Catia La Mar","pop_total":79712.5791055791,"mass_total":19156480.6535953321,"n_hex":30,"sample_h3":"876741200ffffff","log_pop":4.901526861,"log_mass":7.2823157254},{"country_iso":"VEN","city_id":857,"city":"Caracas","pop_total":1175810.5302680072,"mass_total":137860004.2935554683,"n_hex":100,"sample_h3":"876741208ffffff","log_pop":6.0703373453,"log_mass":8.1394382877},{"country_iso":"VEN","city_id":860,"city":"C\u00faa","pop_total":15710.6425568038,"mass_total":5108937.0924830027,"n_hex":11,"sample_h3":"87674c491ffffff","log_pop":4.1961939478,"log_mass":6.7083305551},{"country_iso":"VEN","city_id":861,"city":"Charallave","pop_total":24427.727422632,"mass_total":5109219.0619798545,"n_hex":15,"sample_h3":"87674c480ffffff","log_pop":4.3878830653,"log_mass":6.7083545238},{"country_iso":"VEN","city_id":863,"city":"Ocumare del Tuy","pop_total":9244.1210980546,"mass_total":3278060.4553714981,"n_hex":7,"sample_h3":"87674c4c2ffffff","log_pop":3.9658656261,"log_mass":6.5156169588},{"country_iso":"VEN","city_id":864,"city":"Santa Teresa del Tuy","pop_total":37709.6040232041,"mass_total":7673597.8822228089,"n_hex":18,"sample_h3":"87674c400ffffff","log_pop":4.576451972,"log_mass":6.8849990372},{"country_iso":"VEN","city_id":869,"city":"Guarenas","pop_total":103184.7003933963,"mass_total":19325891.7789935656,"n_hex":23,"sample_h3":"87674cc52ffffff","log_pop":5.0136153075,"log_mass":7.2861395433},{"country_iso":"VEN","city_id":872,"city":"Altagracia de Orituco","pop_total":1508.2857046581,"mass_total":3259242.4980669203,"n_hex":6,"sample_h3":"87674c642ffffff","log_pop":3.1784836149,"log_mass":6.5131166746},{"country_iso":"VEN","city_id":879,"city":"Valle de la Pascua","pop_total":16588.6969153423,"mass_total":7741935.4463495342,"n_hex":10,"sample_h3":"876748a0affffff","log_pop":4.2198122724,"log_mass":6.8888495458},{"country_iso":"VEN","city_id":892,"city":"Zaraza","pop_total":6687.473432855,"mass_total":2704653.4335449887,"n_hex":6,"sample_h3":"87674d232ffffff","log_pop":3.8252620697,"log_mass":6.4321116238},{"country_iso":"VEN","city_id":904,"city":"Barcelona","pop_total":267379.6322083893,"mass_total":50279956.4934816584,"n_hex":51,"sample_h3":"875f49009ffffff","log_pop":5.4271283216,"log_mass":7.7013948932},{"country_iso":"VEN","city_id":907,"city":"Anaco","pop_total":17395.8884712687,"mass_total":10048333.5922263209,"n_hex":13,"sample_h3":"875f4d600ffffff","log_pop":4.2404466146,"log_mass":7.0020940447},{"country_iso":"VEN","city_id":912,"city":"Las Delicias","pop_total":3194.2324050735,"mass_total":380607.6136104043,"n_hex":3,"sample_h3":"875f4dc86ffffff","log_pop":3.5043665112,"log_mass":5.5804774716},{"country_iso":"VEN","city_id":915,"city":"San Jos\u00e9 de Guanipa","pop_total":3754.788566925,"mass_total":1896036.2899492821,"n_hex":4,"sample_h3":"875f4c264ffffff","log_pop":3.5745854868,"log_mass":6.2778466454},{"country_iso":"VEN","city_id":924,"city":"Cumana","pop_total":116478.7336590561,"mass_total":21053001.3715853281,"n_hex":18,"sample_h3":"875f494dbffffff","log_pop":5.0662466404,"log_mass":7.3233140188},{"country_iso":"VEN","city_id":934,"city":"Porlamar","pop_total":126625.5653793578,"mass_total":25817751.7605392411,"n_hex":38,"sample_h3":"875f4b200ffffff","log_pop":5.1025213975,"log_mass":7.4119184207},{"country_iso":"VEN","city_id":935,"city":"Ciudad Bol\u00edvar","pop_total":57114.2414598203,"mass_total":22588631.1859575137,"n_hex":26,"sample_h3":"875f41a49ffffff","log_pop":4.7567444133,"log_mass":7.3538899146},{"country_iso":"VEN","city_id":938,"city":"Punta de Mata","pop_total":2460.4351632492,"mass_total":2263433.3077020254,"n_hex":6,"sample_h3":"875f48080ffffff","log_pop":3.3910119251,"log_mass":6.3547677025},{"country_iso":"VEN","city_id":951,"city":"Maturin","pop_total":53889.9923818289,"mass_total":26761037.8395145871,"n_hex":43,"sample_h3":"875f48416ffffff","log_pop":4.7315081222,"log_mass":7.4275029521},{"country_iso":"VEN","city_id":954,"city":"Car\u00fapano","pop_total":34035.9206167483,"mass_total":7980946.1659984663,"n_hex":15,"sample_h3":"875f4b512ffffff","log_pop":4.5319375021,"log_mass":6.9020543814},{"country_iso":"VEN","city_id":957,"city":"Ciudad Guayana","pop_total":123066.3345098138,"mass_total":16870822.6934678257,"n_hex":22,"sample_h3":"875f41098ffffff","log_pop":5.0901392655,"log_mass":7.2271362612},{"country_iso":"VEN","city_id":960,"city":"San F\u00e9lix","pop_total":13208.1990370143,"mass_total":2460303.7454259405,"n_hex":7,"sample_h3":"875f414e8ffffff","log_pop":4.1208436048,"log_mass":6.3909887278},{"country_iso":"VEN","city_id":963,"city":"Upata","pop_total":4355.1830723931,"mass_total":3203926.0940517318,"n_hex":10,"sample_h3":"875f40252ffffff","log_pop":3.6390064155,"log_mass":6.5056824895},{"country_iso":"VEN","city_id":971,"city":"Tucupita","pop_total":7819.3993058579,"mass_total":3476765.3885093438,"n_hex":5,"sample_h3":"875f43660ffffff","log_pop":3.8931733914,"log_mass":6.5411753856}]