[{"country_iso":"VNM","city_id":10707,"city":"S\u00ecn H\u1ed3","pop_total":534.1466521301,"mass_total":369974.5980920202,"n_hex":3,"sample_h3":"87406448cffffff","log_pop":2.7276605107,"log_mass":5.5681719071},{"country_iso":"VNM","city_id":10717,"city":"M\u01b0\u1eddng Ch\u00e0","pop_total":59.5860954233,"mass_total":145757.4074069878,"n_hex":2,"sample_h3":"874064101ffffff","log_pop":1.7751449278,"log_mass":5.1636306349},{"country_iso":"VNM","city_id":10726,"city":"Dien Bien Phu","pop_total":10765.58690885,"mass_total":3085725.8368042014,"n_hex":11,"sample_h3":"874064861ffffff","log_pop":4.0320377113,"log_mass":6.4893573369},{"country_iso":"VNM","city_id":10756,"city":"\u0110i\u1ec7n Bi\u00ean \u0110\u00f4ng","pop_total":23.4311668873,"mass_total":38472.0313607803,"n_hex":1,"sample_h3":"87414a2dbffffff","log_pop":1.3697939173,"log_mass":4.5851451181},{"country_iso":"VNM","city_id":10767,"city":"Tu\u1ea7n Gi\u00e1o","pop_total":434.1886106435,"mass_total":281871.7585425899,"n_hex":4,"sample_h3":"874064990ffffff","log_pop":2.6376784271,"log_mass":5.450051565},{"country_iso":"VNM","city_id":10775,"city":"T\u00e2n Uy\u00ean","pop_total":454.2970427364,"mass_total":287775.9486387866,"n_hex":5,"sample_h3":"874159202ffffff","log_pop":2.6573399098,"log_mass":5.4590544942},{"country_iso":"VNM","city_id":10787,"city":"L\u00e0o Cai","pop_total":22088.6800242779,"mass_total":6064562.1523909746,"n_hex":6,"sample_h3":"874159601ffffff","log_pop":4.3441697641,"log_mass":6.7827994513},{"country_iso":"VNM","city_id":10815,"city":"Than Uy\u00ean","pop_total":645.4292541041,"mass_total":433815.8508828753,"n_hex":4,"sample_h3":"874159324ffffff","log_pop":2.8098486459,"log_mass":5.6373054163},{"country_iso":"VNM","city_id":10820,"city":"Thu\u1eadn Ch\u00e2u","pop_total":276.0628900565,"mass_total":161691.2383423525,"n_hex":2,"sample_h3":"87414a606ffffff","log_pop":2.4410080302,"log_mass":5.2086864872},{"country_iso":"VNM","city_id":10852,"city":"S\u00f4ng M\u00e3","pop_total":70.9199897588,"mass_total":194744.4195786608,"n_hex":2,"sample_h3":"87414a009ffffff","log_pop":1.8507686642,"log_mass":5.2894650218},{"country_iso":"VNM","city_id":10863,"city":"S\u01a1n La","pop_total":4806.4790588828,"mass_total":1536239.191053963,"n_hex":4,"sample_h3":"87414a441ffffff","log_pop":3.6818270545,"log_mass":6.1864588402},{"country_iso":"VNM","city_id":10868,"city":"\u00cdt Ong","pop_total":173.7476116059,"mass_total":221925.2736243833,"n_hex":3,"sample_h3":"87414a4c6ffffff","log_pop":2.2399188433,"log_mass":5.346206764},{"country_iso":"VNM","city_id":10918,"city":"Y\u00ean Minh","pop_total":327.023607254,"mass_total":126518.7986223522,"n_hex":1,"sample_h3":"87415bdaaffffff","log_pop":2.5145791047,"log_mass":5.1021550594},{"country_iso":"VNM","city_id":10931,"city":"Y\u00ean Th\u1ebf","pop_total":33.3082527909,"mass_total":35213.9115407279,"n_hex":2,"sample_h3":"874159d8affffff","log_pop":1.522551852,"log_mass":4.5467142689},{"country_iso":"VNM","city_id":10933,"city":"M\u1eadu A","pop_total":508.0592631546,"mass_total":272725.821023335,"n_hex":2,"sample_h3":"874159d74ffffff","log_pop":2.705914374,"log_mass":5.4357262578},{"country_iso":"VNM","city_id":10951,"city":"M\u00e8o V\u1ea1c","pop_total":237.0800993443,"mass_total":177832.4453950319,"n_hex":1,"sample_h3":"87415aaf0ffffff","log_pop":2.3748951006,"log_mass":5.2500110006},{"country_iso":"VNM","city_id":10967,"city":"Ph\u00f9 Y\u00ean","pop_total":1021.5628858454,"mass_total":382248.9533883377,"n_hex":2,"sample_h3":"87415d318ffffff","log_pop":3.0092651063,"log_mass":5.582346305},{"country_iso":"VNM","city_id":10972,"city":"Y\u00ean B\u00e1i","pop_total":19729.3125839645,"mass_total":2886190.1626529722,"n_hex":8,"sample_h3":"87415d602ffffff","log_pop":4.2951119537,"log_mass":6.4603249421},{"country_iso":"VNM","city_id":11000,"city":"V\u0129nh L\u1ed9c","pop_total":916.0694679859,"mass_total":309482.2954206944,"n_hex":3,"sample_h3":"874158168ffffff","log_pop":2.9619284086,"log_mass":5.4906358093},{"country_iso":"VNM","city_id":11013,"city":"Tuy\u00ean Quang","pop_total":20937.1549667321,"mass_total":2909451.0663410928,"n_hex":9,"sample_h3":"874158b21ffffff","log_pop":4.3209176675,"log_mass":6.4638110573},{"country_iso":"VNM","city_id":11080,"city":"Vi\u1ec7t Tr\u00ec","pop_total":33908.8733321882,"mass_total":9846766.5588335786,"n_hex":17,"sample_h3":"87415dc1affffff","log_pop":4.53031336,"log_mass":6.9932936421},{"country_iso":"VNM","city_id":11081,"city":"Th\u00e1i B\u00ecnh","pop_total":6269.0031755036,"mass_total":1752004.8677560766,"n_hex":8,"sample_h3":"87415dc09ffffff","log_pop":3.7971984898,"log_mass":6.2435353085},{"country_iso":"VNM","city_id":11087,"city":"T\u00e2y \u0110\u1eb1ng","pop_total":6157.3742784874,"mass_total":1965973.1258125384,"n_hex":9,"sample_h3":"87415dc00ffffff","log_pop":3.7893955532,"log_mass":6.2935775769},{"country_iso":"VNM","city_id":11091,"city":"Th\u1ed5 Tang","pop_total":11364.2248880255,"mass_total":2688342.0999664823,"n_hex":8,"sample_h3":"87415dc02ffffff","log_pop":4.0555398194,"log_mass":6.4294845332},{"country_iso":"VNM","city_id":11095,"city":"Ph\u00fac Th\u1ecd","pop_total":35026.7790337544,"mass_total":5614522.4848039281,"n_hex":21,"sample_h3":"87415dc20ffffff","log_pop":4.5444002026,"log_mass":6.7493128254},{"country_iso":"VNM","city_id":11098,"city":"H\u00f2a B\u00ecnh","pop_total":16702.9543818623,"mass_total":3677467.2807658892,"n_hex":8,"sample_h3":"87415d911ffffff","log_pop":4.222793295,"log_mass":6.5655488174},{"country_iso":"VNM","city_id":11099,"city":"V\u0129nh Y\u00ean","pop_total":47547.1979656724,"mass_total":12239043.1178481355,"n_hex":21,"sample_h3":"87415dc10ffffff","log_pop":4.6771249283,"log_mass":7.0877474648},{"country_iso":"VNM","city_id":11115,"city":"Th\u00e1i Nguy\u00ean","pop_total":94154.8227070565,"mass_total":13964849.0093601719,"n_hex":25,"sample_h3":"87415c210ffffff","log_pop":4.9738425699,"log_mass":7.1450362444},{"country_iso":"VNM","city_id":11123,"city":"Qu\u1ed1c Oai","pop_total":26344.3226355983,"mass_total":5173204.4737197086,"n_hex":12,"sample_h3":"874143688ffffff","log_pop":4.4206870365,"log_mass":6.7137596445},{"country_iso":"VNM","city_id":11125,"city":"Xu\u00e2n H\u00f2a","pop_total":20944.7170653175,"mass_total":5165164.7246896587,"n_hex":11,"sample_h3":"87415cae9ffffff","log_pop":4.321074498,"log_mass":6.7130841764},{"country_iso":"VNM","city_id":11126,"city":"Ph\u00f9ng","pop_total":24047.7215640423,"mass_total":4069533.2837722921,"n_hex":8,"sample_h3":"87415dd04ffffff","log_pop":4.3810739348,"log_mass":6.6095446048},{"country_iso":"VNM","city_id":11127,"city":"Xu\u00e2n Mai","pop_total":11749.9166149775,"mass_total":2665396.4112070394,"n_hex":14,"sample_h3":"87414361bffffff","log_pop":4.0700347846,"log_mass":6.4257618086},{"country_iso":"VNM","city_id":11134,"city":"Quang Minh","pop_total":21892.5226442786,"mass_total":6300768.2044032831,"n_hex":10,"sample_h3":"87415ca51ffffff","log_pop":4.3402958076,"log_mass":6.7993935029},{"country_iso":"VNM","city_id":11136,"city":"Hanoi","pop_total":2953639.4271382969,"mass_total":294900149.8533563018,"n_hex":246,"sample_h3":"874143488ffffff","log_pop":6.4703574766,"log_mass":8.4696749932},{"country_iso":"VNM","city_id":11138,"city":"V\u1ee5 B\u1ea3n","pop_total":698.3363637775,"mass_total":176963.4868619479,"n_hex":3,"sample_h3":"874143222ffffff","log_pop":2.8440646572,"log_mass":5.247883667},{"country_iso":"VNM","city_id":11160,"city":"\u0110\u1ea1i Ngh\u0129a","pop_total":20709.0119529649,"mass_total":4251353.4671766367,"n_hex":16,"sample_h3":"874143700ffffff","log_pop":4.3161593788,"log_mass":6.6285272147},{"country_iso":"VNM","city_id":11168,"city":"L\u01b0u Gi\u00e1o","pop_total":6306.6234562369,"mass_total":992065.2417314874,"n_hex":4,"sample_h3":"87414308bffffff","log_pop":3.7997969017,"log_mass":5.9965402338},{"country_iso":"VNM","city_id":11171,"city":"B\u1eafc Ninh","pop_total":109152.8940870285,"mass_total":13289758.978887137,"n_hex":18,"sample_h3":"87415ca32ffffff","log_pop":5.0380352551,"log_mass":7.1235171047},{"country_iso":"VNM","city_id":11173,"city":"Th\u1ecd Xu\u00e2n","pop_total":3789.2149976824,"mass_total":742638.156982328,"n_hex":8,"sample_h3":"874143b41ffffff","log_pop":3.5785492476,"log_mass":5.8707772597},{"country_iso":"VNM","city_id":11177,"city":"Ph\u00fa Minh","pop_total":25333.3476673612,"mass_total":5974646.364991433,"n_hex":22,"sample_h3":"874143441ffffff","log_pop":4.4036925833,"log_mass":6.7763122048},{"country_iso":"VNM","city_id":11180,"city":"Kho\u00e1i Ch\u00e2u","pop_total":12493.9760219069,"mass_total":2679744.5192776429,"n_hex":13,"sample_h3":"8741434c0ffffff","log_pop":4.0967006681,"log_mass":6.4280933914},{"country_iso":"VNM","city_id":11186,"city":"B\u1eafc Giang","pop_total":76519.1204505733,"mass_total":12347352.0842618756,"n_hex":27,"sample_h3":"87415c10cffffff","log_pop":4.8837699694,"log_mass":7.0915738322},{"country_iso":"VNM","city_id":11191,"city":"\u0110\u1ed3ng V\u0103n","pop_total":4667.857510864,"mass_total":1547095.1853180497,"n_hex":13,"sample_h3":"874143092ffffff","log_pop":3.6691175905,"log_mass":6.1895170346},{"country_iso":"VNM","city_id":11195,"city":"Ph\u1ee7 L\u00fd","pop_total":40257.8923914405,"mass_total":8192135.6546775382,"n_hex":16,"sample_h3":"874143010ffffff","log_pop":4.6048510347,"log_mass":6.9133971352},{"country_iso":"VNM","city_id":11201,"city":"Do Luong","pop_total":8272.8540134318,"mass_total":1345956.4189853449,"n_hex":5,"sample_h3":"874141b01ffffff","log_pop":3.9176553606,"log_mass":6.129030998},{"country_iso":"VNM","city_id":11207,"city":"H\u01b0ng Y\u00ean","pop_total":40687.013114989,"mass_total":4138228.3330747336,"n_hex":10,"sample_h3":"87414342dffffff","log_pop":4.6094558089,"log_mass":6.6168144499},{"country_iso":"VNM","city_id":11212,"city":"H\u1ea3i D\u01b0\u01a1ng","pop_total":152456.4872885311,"mass_total":19365988.4352533221,"n_hex":27,"sample_h3":"874143480ffffff","log_pop":5.1831459091,"log_mass":7.2870396682},{"country_iso":"VNM","city_id":11215,"city":"Thanh H\u00f3a","pop_total":131478.9444995674,"mass_total":18304790.7969561443,"n_hex":25,"sample_h3":"874141402ffffff","log_pop":5.1188562089,"log_mass":7.2625647698},{"country_iso":"VNM","city_id":11218,"city":"\u0110\u1ed3i Ng\u00f4","pop_total":4448.5774135309,"mass_total":1273135.8575463577,"n_hex":5,"sample_h3":"87415c124ffffff","log_pop":3.6482211525,"log_mass":6.1048747501},{"country_iso":"VNM","city_id":11221,"city":"Ninh B\u00ecnh","pop_total":59580.5789880304,"mass_total":9920851.3080379125,"n_hex":16,"sample_h3":"874143105ffffff","log_pop":4.7751047193,"log_mass":6.9965489406},{"country_iso":"VNM","city_id":11224,"city":"B\u00fat S\u01a1n","pop_total":4654.7993861385,"mass_total":1651982.6286405695,"n_hex":12,"sample_h3":"874141484ffffff","log_pop":3.6679009684,"log_mass":6.2180054762},{"country_iso":"VNM","city_id":11232,"city":"L\u1ea1ng S\u01a1n","pop_total":31476.5594908153,"mass_total":5646979.3796597766,"n_hex":5,"sample_h3":"8741512ccffffff","log_pop":4.4979872562,"log_mass":6.7518162019},{"country_iso":"VNM","city_id":11234,"city":"Nga S\u01a1n","pop_total":10655.6390792099,"mass_total":3542298.0751687293,"n_hex":19,"sample_h3":"874143801ffffff","log_pop":4.0275795019,"log_mass":6.5492851031},{"country_iso":"VNM","city_id":11235,"city":"Ch\u0169","pop_total":1662.2332216001,"mass_total":445850.4826141396,"n_hex":3,"sample_h3":"87415cc74ffffff","log_pop":3.2206919579,"log_mass":5.6491892411},{"country_iso":"VNM","city_id":11236,"city":"Nam \u0110\u1ecbnh","pop_total":133754.2597875464,"mass_total":13917222.4152458422,"n_hex":22,"sample_h3":"874143c19ffffff","log_pop":5.1263076223,"log_mass":7.1435525679},{"country_iso":"VNM","city_id":11239,"city":"Di\u1ec5n Ch\u00e2u","pop_total":35924.3188155548,"mass_total":8464376.4985991158,"n_hex":16,"sample_h3":"874141808ffffff","log_pop":4.5553885419,"log_mass":6.9275949727},{"country_iso":"VNM","city_id":11250,"city":"Phat Diem","pop_total":12654.0219665696,"mass_total":1767292.655919513,"n_hex":10,"sample_h3":"874143810ffffff","log_pop":4.102228584,"log_mass":6.2473084727},{"country_iso":"VNM","city_id":11256,"city":"Xu\u00e2n Tr\u01b0\u1eddng","pop_total":18524.9840134359,"mass_total":4273087.0820847908,"n_hex":29,"sample_h3":"874143c20ffffff","log_pop":4.2677578419,"log_mass":6.6307417435},{"country_iso":"VNM","city_id":11261,"city":"C\u00e1t Th\u00e0nh","pop_total":3405.0436139799,"mass_total":1259906.8886100587,"n_hex":15,"sample_h3":"8741438b0ffffff","log_pop":3.532122679,"log_mass":6.1003384505},{"country_iso":"VNM","city_id":11263,"city":"Minh T\u00e2n","pop_total":21393.1121824096,"mass_total":6466371.648020084,"n_hex":11,"sample_h3":"87414264affffff","log_pop":4.3302739686,"log_mass":6.8106606616},{"country_iso":"VNM","city_id":11264,"city":"\u0110\u00f4ng H\u01b0ng","pop_total":9496.2276484321,"mass_total":2163710.410223865,"n_hex":13,"sample_h3":"874143c80ffffff","log_pop":3.9775511172,"log_mass":6.3351991346},{"country_iso":"VNM","city_id":11265,"city":"Th\u00e1i B\u00ecnh","pop_total":84185.9500920445,"mass_total":12673312.3139114156,"n_hex":30,"sample_h3":"874143c00ffffff","log_pop":4.9252396175,"log_mass":7.1028901375},{"country_iso":"VNM","city_id":11275,"city":"Haiphong","pop_total":594432.2936955153,"mass_total":75075558.4961022735,"n_hex":75,"sample_h3":"874142212ffffff","log_pop":5.7741023953,"log_mass":7.8754985717},{"country_iso":"VNM","city_id":11276,"city":"Vinh","pop_total":225420.6776881658,"mass_total":29111188.2934002206,"n_hex":21,"sample_h3":"874141960ffffff","log_pop":5.3529937511,"log_mass":7.4640599333},{"country_iso":"VNM","city_id":11293,"city":"U\u00f4ng B\u00ed","pop_total":20907.3826582348,"mass_total":6553721.0325588891,"n_hex":10,"sample_h3":"874142608ffffff","log_pop":4.320299668,"log_mass":6.8164879511},{"country_iso":"VNM","city_id":11323,"city":"H\u00e0 T\u0129nh","pop_total":33055.1107936149,"mass_total":6571646.4092754191,"n_hex":9,"sample_h3":"874145364ffffff","log_pop":4.5192386172,"log_mass":6.817674188},{"country_iso":"VNM","city_id":11327,"city":"Ha Long","pop_total":72000.6580471245,"mass_total":20566315.6936557963,"n_hex":24,"sample_h3":"874142440ffffff","log_pop":4.8573364657,"log_mass":7.313156498},{"country_iso":"VNM","city_id":11357,"city":"C\u1ea9m Ph\u1ea3","pop_total":57548.4098387335,"mass_total":16133815.6065591462,"n_hex":19,"sample_h3":"874142400ffffff","log_pop":4.7600333278,"log_mass":7.2077370891},{"country_iso":"VNM","city_id":11441,"city":"Mong Cai","pop_total":68151.8394936001,"mass_total":13633743.9751083069,"n_hex":11,"sample_h3":"874151d00ffffff","log_pop":4.8334775824,"log_mass":7.1346151342},{"country_iso":"VNM","city_id":11465,"city":"Ho\u00e0n L\u00e3o","pop_total":3383.3914948099,"mass_total":2199235.5065503391,"n_hex":9,"sample_h3":"874163245ffffff","log_pop":3.5293522532,"log_mass":6.3422717386},{"country_iso":"VNM","city_id":11559,"city":"Chaudok City","pop_total":28064.7281334017,"mass_total":4574033.647949242,"n_hex":15,"sample_h3":"876584819ffffff","log_pop":4.4481608395,"log_mass":6.6602993551},{"country_iso":"VNM","city_id":11573,"city":"S\u00f4ng \u0110\u1ed1c","pop_total":3083.1116191901,"mass_total":999375.3693977008,"n_hex":4,"sample_h3":"8765a1530ffffff","log_pop":3.488989248,"log_mass":5.9997286416},{"country_iso":"VNM","city_id":11576,"city":"C\u00e1i \u0110\u00f4i V\u00e0m","pop_total":1578.4543460977,"mass_total":623391.25066312,"n_hex":4,"sample_h3":"8765a1c1affffff","log_pop":3.1982320252,"log_mass":5.7947607026},{"country_iso":"VNM","city_id":11579,"city":"T\u00e2n Ch\u00e2u","pop_total":23540.9567961263,"mass_total":4208940.8732885085,"n_hex":22,"sample_h3":"876584881ffffff","log_pop":4.3718241103,"log_mass":6.6241728249},{"country_iso":"VNM","city_id":11580,"city":"M\u1ef9 \u0110\u1ee9c","pop_total":6609.47438212,"mass_total":1987626.3999071799,"n_hex":9,"sample_h3":"876584808ffffff","log_pop":3.8201669236,"log_mass":6.2983347565},{"country_iso":"VNM","city_id":11583,"city":"R\u1ea1ch Gi\u00e1","pop_total":110529.1010940832,"mass_total":12895375.0368494242,"n_hex":17,"sample_h3":"8765a3c0affffff","log_pop":5.043476638,"log_mass":7.1104339773},{"country_iso":"VNM","city_id":11588,"city":"Hong Ngu","pop_total":49678.6893840865,"mass_total":10642376.2481439002,"n_hex":54,"sample_h3":"876584812ffffff","log_pop":4.6961701298,"log_mass":7.0270386088},{"country_iso":"VNM","city_id":11598,"city":"N\u00fai S\u1eadp","pop_total":3562.4535232694,"mass_total":922974.8336072706,"n_hex":7,"sample_h3":"8765a2258ffffff","log_pop":3.5517492071,"log_mass":5.9651898595},{"country_iso":"VNM","city_id":11601,"city":"An Chau","pop_total":13416.848249628,"mass_total":3434524.4828904802,"n_hex":14,"sample_h3":"876584920ffffff","log_pop":4.1276505077,"log_mass":6.5358666166},{"country_iso":"VNM","city_id":11603,"city":"Dong Ha","pop_total":28755.0275075426,"mass_total":5177883.4696984161,"n_hex":9,"sample_h3":"874161424ffffff","log_pop":4.4587137874,"log_mass":6.7141522722},{"country_iso":"VNM","city_id":11604,"city":"C\u00e1i N\u01b0\u1edbc","pop_total":3619.4683274176,"mass_total":473072.3847590288,"n_hex":2,"sample_h3":"8765a034cffffff","log_pop":3.5586447806,"log_mass":5.6749275972},{"country_iso":"VNM","city_id":11607,"city":"An Long","pop_total":2128.3352408708,"mass_total":656724.253872405,"n_hex":11,"sample_h3":"876584981ffffff","log_pop":3.3280400361,"log_mass":5.8173830558},{"country_iso":"VNM","city_id":11612,"city":"Ca Mau","pop_total":58012.7967765995,"mass_total":9091982.4860127941,"n_hex":16,"sample_h3":"8765a0210ffffff","log_pop":4.7635238032,"log_mass":6.9586585905},{"country_iso":"VNM","city_id":11624,"city":"Long Xuyen","pop_total":145795.7401113005,"mass_total":18523869.7292457633,"n_hex":39,"sample_h3":"8765a2210ffffff","log_pop":5.1637448349,"log_mass":7.2677317181},{"country_iso":"VNM","city_id":11625,"city":"Gi\u1ed3ng Ri\u1ec1ng","pop_total":1332.0649066663,"mass_total":425319.4799928034,"n_hex":4,"sample_h3":"8765a3d80ffffff","log_pop":3.1245253869,"log_mass":5.6287152742},{"country_iso":"VNM","city_id":11636,"city":"\u0110\u1ea7m D\u01a1i","pop_total":1397.2745059032,"mass_total":318543.6949131248,"n_hex":3,"sample_h3":"8765a0300ffffff","log_pop":3.1452817352,"log_mass":5.5031690133},{"country_iso":"VNM","city_id":11651,"city":"Cao Lanh","pop_total":45404.7560798495,"mass_total":5705549.3543675933,"n_hex":10,"sample_h3":"8765a2742ffffff","log_pop":4.6571013469,"log_mass":6.7562974665},{"country_iso":"VNM","city_id":11655,"city":"Th\u1edbi Lai","pop_total":6770.3261430927,"mass_total":1977777.4052483244,"n_hex":10,"sample_h3":"8765a2321ffffff","log_pop":3.8306095902,"log_mass":6.2961774111},{"country_iso":"VNM","city_id":11657,"city":"Gia Rai","pop_total":7076.559135063,"mass_total":1937933.2947560796,"n_hex":13,"sample_h3":"8765a0088ffffff","log_pop":3.8498221402,"log_mass":6.2873388242},{"country_iso":"VNM","city_id":11661,"city":"G\u00e0nh H\u00e0o","pop_total":1662.8022103983,"mass_total":649227.5213585027,"n_hex":4,"sample_h3":"8765a0046ffffff","log_pop":3.2208405932,"log_mass":5.8123969217},{"country_iso":"VNM","city_id":11668,"city":"Long M\u1ef9","pop_total":3166.3372072444,"mass_total":1059124.38870335,"n_hex":3,"sample_h3":"8765a2b40ffffff","log_pop":3.5005571643,"log_mass":6.0249469688},{"country_iso":"VNM","city_id":11673,"city":"Can Tho","pop_total":276809.0018491951,"mass_total":29977321.7405029535,"n_hex":45,"sample_h3":"8765a204cffffff","log_pop":5.4421802093,"log_mass":7.4767928291},{"country_iso":"VNM","city_id":11674,"city":"Sa Dec City","pop_total":104945.6073714761,"mass_total":18440580.86188161,"n_hex":41,"sample_h3":"8765a2012ffffff","log_pop":5.0209642654,"log_mass":7.2657745968},{"country_iso":"VNM","city_id":11690,"city":"T\u00e2y Ninh","pop_total":100819.1926496562,"mass_total":18057004.554361593,"n_hex":26,"sample_h3":"8765b1008ffffff","log_pop":5.0035432153,"log_mass":7.2566457076},{"country_iso":"VNM","city_id":11694,"city":"B\u1ea1c Li\u00eau","pop_total":33717.8549006294,"mass_total":6564544.3709285203,"n_hex":12,"sample_h3":"8765a0090ffffff","log_pop":4.5278599374,"log_mass":6.8172045881},{"country_iso":"VNM","city_id":11696,"city":"Hue","pop_total":194653.7297659519,"mass_total":19552207.6250162907,"n_hex":25,"sample_h3":"874160a08ffffff","log_pop":5.2892627297,"log_mass":7.2911958004},{"country_iso":"VNM","city_id":11714,"city":"Cai Be","pop_total":9015.1482412712,"mass_total":1957055.0334662376,"n_hex":11,"sample_h3":"8765a2086ffffff","log_pop":3.9549728725,"log_mass":6.2916030384},{"country_iso":"VNM","city_id":11721,"city":"Tra On","pop_total":3812.350277336,"mass_total":442323.3987429744,"n_hex":3,"sample_h3":"8765a28d8ffffff","log_pop":3.5811927966,"log_mass":5.645739914},{"country_iso":"VNM","city_id":11734,"city":"Cai L\u1eady","pop_total":16197.5995598569,"mass_total":1928422.6417414986,"n_hex":11,"sample_h3":"8765a250dffffff","log_pop":4.2094506581,"log_mass":6.2852022219},{"country_iso":"VNM","city_id":11743,"city":"S\u00f3c Tr\u0103ng","pop_total":44605.9035132614,"mass_total":6790938.1334752468,"n_hex":10,"sample_h3":"8765a059affffff","log_pop":4.6493923406,"log_mass":6.831929774},{"country_iso":"VNM","city_id":11745,"city":"Ch\u1ee3 L\u00e1ch","pop_total":1670.6497270248,"mass_total":216548.7439141191,"n_hex":5,"sample_h3":"8765a2194ffffff","log_pop":3.2228854041,"log_mass":5.335555669},{"country_iso":"VNM","city_id":11752,"city":"M\u1ef9 Xuy\u00ean","pop_total":3606.3843413446,"mass_total":834093.6735218971,"n_hex":3,"sample_h3":"8765a0592ffffff","log_pop":3.5570720087,"log_mass":5.9212148271},{"country_iso":"VNM","city_id":11760,"city":"Trang Bang","pop_total":13430.7803386277,"mass_total":5182586.086222684,"n_hex":9,"sample_h3":"8765b1889ffffff","log_pop":4.1281012462,"log_mass":6.7145465247},{"country_iso":"VNM","city_id":11769,"city":"My Tho","pop_total":143223.6090609307,"mass_total":19212890.1586035788,"n_hex":47,"sample_h3":"8765a2524ffffff","log_pop":5.1560146132,"log_mass":7.2835926999},{"country_iso":"VNM","city_id":11770,"city":"C\u00e0ng Long","pop_total":1971.5892271304,"mass_total":530155.5027737248,"n_hex":3,"sample_h3":"8765a2d48ffffff","log_pop":3.2948164365,"log_mass":5.7244032735},{"country_iso":"VNM","city_id":11778,"city":"Tan An","pop_total":46112.6492568521,"mass_total":7398995.0060097063,"n_hex":17,"sample_h3":"8765a25b0ffffff","log_pop":4.663820074,"log_mass":6.8691727342},{"country_iso":"VNM","city_id":11781,"city":"Tan Hiep","pop_total":10283.2986018723,"mass_total":2546864.9967302685,"n_hex":4,"sample_h3":"8765b5248ffffff","log_pop":4.0121324468,"log_mass":6.4060059247},{"country_iso":"VNM","city_id":11782,"city":"L\u1ecbch H\u1ed9i Th\u01b0\u1ee3ng","pop_total":1059.7763369953,"mass_total":296750.3823137254,"n_hex":4,"sample_h3":"8765a62c4ffffff","log_pop":3.0252142182,"log_mass":5.4723912871},{"country_iso":"VNM","city_id":11784,"city":"C\u1ee7 Chi","pop_total":32785.4487573848,"mass_total":7310668.9472417161,"n_hex":15,"sample_h3":"8765b18a4ffffff","log_pop":4.5156811325,"log_mass":6.863957118},{"country_iso":"VNM","city_id":11787,"city":"\u0110\u1ee9c H\u00f2a","pop_total":21819.3052108447,"mass_total":7456569.5629509911,"n_hex":13,"sample_h3":"8765b1900ffffff","log_pop":4.3388409173,"log_mass":6.8725390738},{"country_iso":"VNM","city_id":11792,"city":"Mo Cay","pop_total":5591.9032667646,"mass_total":626212.0415088622,"n_hex":4,"sample_h3":"8765a2c04ffffff","log_pop":3.74755965,"log_mass":5.7967214145},{"country_iso":"VNM","city_id":11796,"city":"Tr\u00e0 Vinh City","pop_total":32940.7811238569,"mass_total":5126825.8684145417,"n_hex":14,"sample_h3":"8765a2d29ffffff","log_pop":4.5177338934,"log_mass":6.709848567},{"country_iso":"VNM","city_id":11800,"city":"Ho Chi Minh City","pop_total":7580886.2014044626,"mass_total":578699762.0106040239,"n_hex":313,"sample_h3":"8765b1904ffffff","log_pop":6.8797199774,"log_mass":8.7624533038},{"country_iso":"VNM","city_id":11802,"city":"Ben Cat","pop_total":25482.1669291141,"mass_total":9856064.1839651689,"n_hex":8,"sample_h3":"8765b1d42ffffff","log_pop":4.4062363564,"log_mass":6.993703523},{"country_iso":"VNM","city_id":11821,"city":"\u0110\u00e0 N\u1eb5ng","pop_total":667893.7557228322,"mass_total":76476988.7555173188,"n_hex":57,"sample_h3":"874164201ffffff","log_pop":5.8247073832,"log_mass":7.8835307795},{"country_iso":"VNM","city_id":11830,"city":"T\u00e2n Uy\u00ean","pop_total":16422.6492357441,"mass_total":9024411.6035042461,"n_hex":13,"sample_h3":"8765b1d20ffffff","log_pop":4.2154432171,"log_mass":6.9554188953},{"country_iso":"VNM","city_id":11831,"city":"\u0110\u1ed3ng Xo\u00e0i","pop_total":20177.7766977535,"mass_total":4731870.7132607,"n_hex":9,"sample_h3":"8765b0221ffffff","log_pop":4.3048733115,"log_mass":6.6750328701},{"country_iso":"VNM","city_id":11833,"city":"S\u01a1n Giang","pop_total":4066.1129859513,"mass_total":1475933.7274874318,"n_hex":5,"sample_h3":"8765b0298ffffff","log_pop":3.6091794423,"log_mass":6.1690668572},{"country_iso":"VNM","city_id":11837,"city":"Go Cong","pop_total":23776.8099914813,"mass_total":1770244.110674578,"n_hex":7,"sample_h3":"8765b5300ffffff","log_pop":4.3761535872,"log_mass":6.2480331582},{"country_iso":"VNM","city_id":11851,"city":"B\u00ecnh \u0110\u1ea1i","pop_total":4551.0498128461,"mass_total":1192809.3303093084,"n_hex":7,"sample_h3":"8765b5a1bffffff","log_pop":3.658111589,"log_mass":6.0765710276},{"country_iso":"VNM","city_id":11864,"city":"Hoi An","pop_total":24466.3326236463,"mass_total":4908803.9702464128,"n_hex":13,"sample_h3":"874164301ffffff","log_pop":4.3885688757,"log_mass":6.6909756892},{"country_iso":"VNM","city_id":11867,"city":"Hi\u1ec7p Ph\u01b0\u1edbc","pop_total":38246.5744580568,"mass_total":16154884.5251536202,"n_hex":19,"sample_h3":"8765b5700ffffff","log_pop":4.5825925438,"log_mass":7.208303858},{"country_iso":"VNM","city_id":11868,"city":"\u0110\u1eafk H\u00e0","pop_total":1471.0023392098,"mass_total":589953.5302558817,"n_hex":5,"sample_h3":"8769345a2ffffff","log_pop":3.1676133633,"log_mass":5.7708178043},{"country_iso":"VNM","city_id":11888,"city":"Kon Tum","pop_total":34569.7271313405,"mass_total":8118634.8178135986,"n_hex":11,"sample_h3":"8769344b0ffffff","log_pop":4.5386959515,"log_mass":6.909483007},{"country_iso":"VNM","city_id":11889,"city":"Ph\u00fa M\u1ef9","pop_total":25040.0310570792,"mass_total":11480242.1985555794,"n_hex":13,"sample_h3":"8765b5080ffffff","log_pop":4.3986348632,"log_mass":7.0599510505},{"country_iso":"VNM","city_id":11894,"city":"Gia Ki\u1ec7m","pop_total":18532.5899120144,"mass_total":4667771.7721069902,"n_hex":8,"sample_h3":"8765b0b0cffffff","log_pop":4.2679361158,"log_mass":6.6691096133},{"country_iso":"VNM","city_id":11899,"city":"C\u00e2y X\u0103ng","pop_total":4741.2338195427,"mass_total":1324733.9187446607,"n_hex":4,"sample_h3":"8765b0b00ffffff","log_pop":3.6758913736,"log_mass":6.1221286562},{"country_iso":"VNM","city_id":11902,"city":"Tam K\u1ef3","pop_total":35907.7929453625,"mass_total":7802708.5933572184,"n_hex":11,"sample_h3":"874164a00ffffff","log_pop":4.5551887123,"log_mass":6.8922453877},{"country_iso":"VNM","city_id":11906,"city":"Pleiku","pop_total":66764.5604273852,"mass_total":16208297.1775764003,"n_hex":18,"sample_h3":"876936129ffffff","log_pop":4.824545994,"log_mass":7.2097373908},{"country_iso":"VNM","city_id":11907,"city":"Vung Tau","pop_total":216040.9319473005,"mass_total":28327361.80853175,"n_hex":27,"sample_h3":"8765b5024ffffff","log_pop":5.3345360421,"log_mass":7.4522061296},{"country_iso":"VNM","city_id":11912,"city":"Ba Ria","pop_total":41586.5870168574,"mass_total":7734399.4714866383,"n_hex":14,"sample_h3":"8765b5180ffffff","log_pop":4.6189532796,"log_mass":6.8884265991},{"country_iso":"VNM","city_id":11915,"city":"Long Khanh","pop_total":27353.5394694422,"mass_total":4786213.3043381181,"n_hex":11,"sample_h3":"8765b541bffffff","log_pop":4.4370135308,"log_mass":6.6799920497},{"country_iso":"VNM","city_id":11918,"city":"\u0110\u0103k Mil","pop_total":4567.6710777002,"mass_total":1235529.1985319972,"n_hex":8,"sample_h3":"8765b2161ffffff","log_pop":3.6596948224,"log_mass":6.0918530133},{"country_iso":"VNM","city_id":11926,"city":"\u0110\u1ecbnh Qu\u00e1n","pop_total":8065.6764361512,"mass_total":1817473.5559830833,"n_hex":6,"sample_h3":"8765b0858ffffff","log_pop":3.9066407958,"log_mass":6.2594681006},{"country_iso":"VNM","city_id":11930,"city":"Ngai Giao","pop_total":5439.0234590269,"mass_total":1510441.6947319785,"n_hex":5,"sample_h3":"8765b5544ffffff","log_pop":3.735520932,"log_mass":6.1791039655},{"country_iso":"VNM","city_id":11934,"city":"Tan Phu","pop_total":9668.8284344056,"mass_total":2183323.6482205712,"n_hex":9,"sample_h3":"8765b088dffffff","log_pop":3.9853738541,"log_mass":6.3391181188},{"country_iso":"VNM","city_id":11935,"city":"Ch\u01b0 S\u00ea","pop_total":5181.6587421268,"mass_total":1404757.8733650481,"n_hex":5,"sample_h3":"876936018ffffff","log_pop":3.7144688075,"log_mass":6.1476014749},{"country_iso":"VNM","city_id":11948,"city":"Ea T'Ling","pop_total":2776.5321195453,"mass_total":724008.1306060144,"n_hex":6,"sample_h3":"8765b21a4ffffff","log_pop":3.4435027019,"log_mass":5.8597434433},{"country_iso":"VNM","city_id":11954,"city":"V\u0129nh An","pop_total":5844.60021555,"mass_total":2876929.3209031136,"n_hex":9,"sample_h3":"874164949ffffff","log_pop":3.7667548097,"log_mass":6.4589291925},{"country_iso":"VNM","city_id":11959,"city":"Bu\u00f4n Ma Thu\u1ed9t","pop_total":73093.0253124705,"mass_total":16665973.119165048,"n_hex":22,"sample_h3":"8765b2c1affffff","log_pop":4.8638759377,"log_mass":7.221830677},{"country_iso":"VNM","city_id":11965,"city":"Qu\u1ea3ng Ng\u00e3i","pop_total":61906.2872024742,"mass_total":10357743.772950355,"n_hex":23,"sample_h3":"876934a42ffffff","log_pop":4.7917347582,"log_mass":7.0152651634},{"country_iso":"VNM","city_id":11968,"city":"Qu\u1ea3ng Ph\u00fa","pop_total":5753.041587695,"mass_total":1267321.212457703,"n_hex":4,"sample_h3":"8765b2521ffffff","log_pop":3.7598975135,"log_mass":6.1028867042},{"country_iso":"VNM","city_id":11972,"city":"B\u1ea3o L\u1ed9c","pop_total":15775.9994582531,"mass_total":3232979.5481447652,"n_hex":7,"sample_h3":"8765b0c02ffffff","log_pop":4.1979968827,"log_mass":6.5096029573},{"country_iso":"VNM","city_id":11990,"city":"La Gi","pop_total":12325.9379545717,"mass_total":2347875.3257199093,"n_hex":7,"sample_h3":"8765b4224ffffff","log_pop":4.0908199773,"log_mass":6.3706750318},{"country_iso":"VNM","city_id":11995,"city":"An Kh\u00ea","pop_total":11219.365692781,"mass_total":3075467.4684308474,"n_hex":10,"sample_h3":"876930c12ffffff","log_pop":4.049968304,"log_mass":6.4879111375},{"country_iso":"VNM","city_id":12003,"city":"Di Linh","pop_total":1873.4550923591,"mass_total":725311.453184871,"n_hex":5,"sample_h3":"8765b6ac1ffffff","log_pop":3.2726432873,"log_mass":5.8605245353},{"country_iso":"VNM","city_id":12014,"city":"Ea Kar","pop_total":3043.5809093775,"mass_total":905752.0253240764,"n_hex":4,"sample_h3":"876932c89ffffff","log_pop":3.4833848514,"log_mass":5.9570093138},{"country_iso":"VNM","city_id":12022,"city":"\u0110inh V\u0103n","pop_total":3794.4719200003,"mass_total":901890.6283774257,"n_hex":8,"sample_h3":"8765b6041ffffff","log_pop":3.5791513433,"log_mass":5.9551538742},{"country_iso":"VNM","city_id":12026,"city":"Phan Thiet","pop_total":80606.0272153564,"mass_total":14510548.8542194963,"n_hex":19,"sample_h3":"8765b409bffffff","log_pop":4.9063675168,"log_mass":7.1616838397},{"country_iso":"VNM","city_id":12027,"city":"Tam Quan","pop_total":6223.6014453364,"mass_total":1785025.9947600225,"n_hex":12,"sample_h3":"876930940ffffff","log_pop":3.794041773,"log_mass":6.251644545},{"country_iso":"VNM","city_id":12039,"city":"Ph\u00fa Phong","pop_total":2209.5109611623,"mass_total":822175.0948723143,"n_hex":5,"sample_h3":"876930196ffffff","log_pop":3.3442961604,"log_mass":5.9149643171},{"country_iso":"VNM","city_id":12045,"city":"Dalat","pop_total":48989.1766012248,"mass_total":13070954.0963108838,"n_hex":14,"sample_h3":"8765b6088ffffff","log_pop":4.69010014,"log_mass":7.1163072895},{"country_iso":"VNM","city_id":12046,"city":"Li\u00ean Kh\u01b0\u01a1ng","pop_total":9712.110217518,"mass_total":3727253.0860951934,"n_hex":10,"sample_h3":"8765b6062ffffff","log_pop":3.9873136023,"log_mass":6.571388883},{"country_iso":"VNM","city_id":12074,"city":"Quy Nh\u01a1n","pop_total":116576.7241913552,"mass_total":18214696.3494080752,"n_hex":25,"sample_h3":"876930083ffffff","log_pop":5.0666118475,"log_mass":7.2604219357},{"country_iso":"VNM","city_id":12086,"city":"Phan R\u00ed C\u1eeda","pop_total":9898.7728798034,"mass_total":2696373.9878179752,"n_hex":8,"sample_h3":"8765b44b0ffffff","log_pop":3.9955813598,"log_mass":6.4307801288},{"country_iso":"VNM","city_id":12132,"city":"Tuy H\u00f2a","pop_total":47574.6412690032,"mass_total":7369059.7837394252,"n_hex":13,"sample_h3":"876932360ffffff","log_pop":4.6773755222,"log_mass":6.8674120799},{"country_iso":"VNM","city_id":12133,"city":"Ninh H\u00f2a","pop_total":8351.5677398906,"mass_total":2468787.2856023284,"n_hex":10,"sample_h3":"876932609ffffff","log_pop":3.921768008,"log_mass":6.3924836721},{"country_iso":"VNM","city_id":12134,"city":"Nha Trang","pop_total":188445.6905184447,"mass_total":25999174.4915058427,"n_hex":29,"sample_h3":"876914d04ffffff","log_pop":5.2751862102,"log_mass":7.4149595588},{"country_iso":"VNM","city_id":12137,"city":"V\u1ea1n Gi\u00e3","pop_total":11175.7150461692,"mass_total":2807510.8984996211,"n_hex":7,"sample_h3":"876932280ffffff","log_pop":4.0482753198,"log_mass":6.4483214508},{"country_iso":"VNM","city_id":12146,"city":"Phan Rang - Th\u00e1p Ch\u00e0m","pop_total":75122.1992447329,"mass_total":11524409.0780590829,"n_hex":22,"sample_h3":"8765b6d04ffffff","log_pop":4.8757682937,"log_mass":7.0616186659},{"country_iso":"VNM","city_id":12160,"city":"Cam Ranh","pop_total":24241.2222885384,"mass_total":4042119.2852568659,"n_hex":7,"sample_h3":"876914c82ffffff","log_pop":4.384554514,"log_mass":6.6066091256}]