[{"country_iso":"UGA","city_id":4185,"city":"Kasese","pop_total":16929.2877641827,"mass_total":2384204.164730256,"n_hex":8,"sample_h3":"876ac38a4ffffff","log_pop":4.2286386872,"log_mass":6.3773434423},{"country_iso":"UGA","city_id":4203,"city":"Fort Portal","pop_total":6416.2113594579,"mass_total":784833.7366089511,"n_hex":6,"sample_h3":"876ac0262ffffff","log_pop":3.8072786618,"log_mass":5.8947776632},{"country_iso":"UGA","city_id":4248,"city":"Mbarara","pop_total":29985.8287408473,"mass_total":3379266.6306983554,"n_hex":9,"sample_h3":"876add901ffffff","log_pop":4.4769160563,"log_mass":6.5288224598},{"country_iso":"UGA","city_id":4268,"city":"Arua","pop_total":46953.5966002371,"mass_total":2908711.4982247367,"n_hex":11,"sample_h3":"876aee800ffffff","log_pop":4.6716688644,"log_mass":6.4637006477},{"country_iso":"UGA","city_id":4272,"city":"Koboko","pop_total":15381.5142311508,"mass_total":1201753.7327181697,"n_hex":6,"sample_h3":"876ae1250ffffff","log_pop":4.1869990916,"log_mass":6.0798154797},{"country_iso":"UGA","city_id":4276,"city":"Sangano","pop_total":507.4663936596,"mass_total":180461.438685905,"n_hex":3,"sample_h3":"876add84cffffff","log_pop":2.7054072869,"log_mass":5.2563844154},{"country_iso":"UGA","city_id":4297,"city":"Yumbe","pop_total":2083.4811820984,"mass_total":211642.4751496052,"n_hex":2,"sample_h3":"876aec529ffffff","log_pop":3.3187895823,"log_mass":5.3256028319},{"country_iso":"UGA","city_id":4305,"city":"Hoima","pop_total":9159.2896518745,"mass_total":956418.5468982686,"n_hex":6,"sample_h3":"876aea461ffffff","log_pop":3.9618617933,"log_mass":5.9806479894},{"country_iso":"UGA","city_id":4313,"city":"Mubende","pop_total":11717.3342673302,"mass_total":1180982.384140468,"n_hex":5,"sample_h3":"876ac1254ffffff","log_pop":4.0688288195,"log_mass":6.0722434196},{"country_iso":"UGA","city_id":4355,"city":"Masaka","pop_total":11708.9546182819,"mass_total":1215740.2058436414,"n_hex":7,"sample_h3":"876ace303ffffff","log_pop":4.0685181228,"log_mass":6.0848407795},{"country_iso":"UGA","city_id":4370,"city":"Kizibu","pop_total":45.9934902191,"mass_total":26024.515318716,"n_hex":1,"sample_h3":"876aeaaf1ffffff","log_pop":1.6626963673,"log_mass":4.4153826499},{"country_iso":"UGA","city_id":4383,"city":"Mityana","pop_total":12816.0186772477,"mass_total":1454571.8926136633,"n_hex":5,"sample_h3":"876acc701ffffff","log_pop":4.1077531317,"log_mass":6.1627351912},{"country_iso":"UGA","city_id":4397,"city":"Katikati","pop_total":1091.4172059863,"mass_total":121171.0392970241,"n_hex":3,"sample_h3":"876ae816cffffff","log_pop":3.0379907961,"log_mass":5.0833988329},{"country_iso":"UGA","city_id":4402,"city":"Gulu","pop_total":24052.9917632907,"mass_total":1831766.8467165646,"n_hex":7,"sample_h3":"876ae8aa6ffffff","log_pop":4.3811691026,"log_mass":6.2628701944},{"country_iso":"UGA","city_id":4427,"city":"Kampala","pop_total":1612992.9476410062,"mass_total":177554014.1738058031,"n_hex":120,"sample_h3":"876ac8928ffffff","log_pop":6.2076324686,"log_mass":8.2493304954},{"country_iso":"UGA","city_id":4428,"city":"Entebbe","pop_total":49208.1808216506,"mass_total":7613569.4823895749,"n_hex":19,"sample_h3":"876ac8800ffffff","log_pop":4.6920373099,"log_mass":6.8815883155},{"country_iso":"UGA","city_id":4438,"city":"Matugga","pop_total":5613.0955365396,"mass_total":838481.7219719001,"n_hex":6,"sample_h3":"876acc209ffffff","log_pop":3.7492024341,"log_mass":5.9234935999},{"country_iso":"UGA","city_id":4461,"city":"Kayanja","pop_total":1760.7150581921,"mass_total":695542.4009296667,"n_hex":9,"sample_h3":"876acd400ffffff","log_pop":3.2456890785,"log_mass":5.8423236101},{"country_iso":"UGA","city_id":4469,"city":"Lira","pop_total":2172.9587593079,"mass_total":190661.6442916366,"n_hex":3,"sample_h3":"876ae9402ffffff","log_pop":3.3370514839,"log_mass":5.2802633341},{"country_iso":"UGA","city_id":4471,"city":"Lugazi","pop_total":9450.3630019225,"mass_total":853213.1821892941,"n_hex":6,"sample_h3":"876acd42affffff","log_pop":3.9754484907,"log_mass":5.9310575567},{"country_iso":"UGA","city_id":4500,"city":"Jinja","pop_total":31841.2169418503,"mass_total":3949436.6115892297,"n_hex":13,"sample_h3":"876acd0c0ffffff","log_pop":4.5029896577,"log_mass":6.5965351478},{"country_iso":"UGA","city_id":4503,"city":"Nalango","pop_total":523.7273788452,"mass_total":41426.3961724041,"n_hex":2,"sample_h3":"876acdbb4ffffff","log_pop":2.7191052781,"log_mass":4.6172771541},{"country_iso":"UGA","city_id":4514,"city":"Iganga","pop_total":25111.6938434526,"mass_total":2037369.8446861983,"n_hex":8,"sample_h3":"876acd300ffffff","log_pop":4.3998760079,"log_mass":6.3090698738},{"country_iso":"UGA","city_id":4527,"city":"Opuyo","pop_total":8702.7738115011,"mass_total":863539.9701443862,"n_hex":6,"sample_h3":"877a490c8ffffff","log_pop":3.9396576962,"log_mass":5.9362824443},{"country_iso":"UGA","city_id":4528,"city":"Busesa","pop_total":1669.5495943967,"mass_total":208712.0632567197,"n_hex":5,"sample_h3":"876acd344ffffff","log_pop":3.2225993244,"log_mass":5.3195475514},{"country_iso":"UGA","city_id":4559,"city":"Mbale","pop_total":28226.3549260682,"mass_total":2547009.1174111296,"n_hex":7,"sample_h3":"877a4d6c4ffffff","log_pop":4.4506547982,"log_mass":6.4060304996},{"country_iso":"UGA","city_id":4561,"city":"Amagoro B Central","pop_total":2427.8471279705,"mass_total":573247.6307475044,"n_hex":2,"sample_h3":"877a4d0e8ffffff","log_pop":3.3852213374,"log_mass":5.7583422685},{"country_iso":"UGA","city_id":4565,"city":"Mukanga Center","pop_total":3443.8305471794,"mass_total":307388.3553465491,"n_hex":3,"sample_h3":"877a4d6e0ffffff","log_pop":3.537041774,"log_mass":5.4876874113},{"country_iso":"UGA","city_id":4575,"city":"Bududa (Maduka)","pop_total":77.1992549896,"mass_total":12211.0202751257,"n_hex":3,"sample_h3":"877a4d6a0ffffff","log_pop":1.8876131092,"log_mass":4.0867519523}]