[{"country_iso": "IRQ", "city_id": 4990, "city": "Mosul", "pop_total": 94627.4882095449, "mass_total": 51438741.41694, "log_pop": 4.976017, "log_mass": 7.71129, "log_pop_c": -0.106462, "log_mass_c": 0.012428, "lat": 36.3561160388462, "lon": 43.1027657116363}, {"country_iso": "IRQ", "city_id": 5159, "city": "Erbil", "pop_total": 82704.3684321955, "mass_total": 126965416.897557, "log_pop": 4.917528, "log_mass": 8.103685, "log_pop_c": -0.164951, "log_mass_c": 0.404823, "lat": 36.1775320932783, "lon": 44.0365921920511}, {"country_iso": "IRQ", "city_id": 5259, "city": "Kirkuk", "pop_total": 129531.823344371, "mass_total": 71625766.6476698, "log_pop": 5.112376, "log_mass": 7.855069, "log_pop_c": 0.029897, "log_mass_c": 0.156207, "lat": 35.4420484879057, "lon": 44.3859042987532}, {"country_iso": "IRQ", "city_id": 5314, "city": "Baghdad", "pop_total": 2734792.51347516, "mass_total": 523148198.284111, "log_pop": 6.436924, "log_mass": 8.718625, "log_pop_c": 1.354445, "log_mass_c": 1.019762, "lat": 33.321457751811, "lon": 44.3801603848339}, {"country_iso": "IRQ", "city_id": 5326, "city": "Hamdi al Bajaji", "pop_total": 76038.5210539013, "mass_total": 18126764.5049889, "log_pop": 4.881034, "log_mass": 7.25832, "log_pop_c": -0.201446, "log_mass_c": -0.440542, "lat": 33.4892202334589, "lon": 44.2557437186378}, {"country_iso": "IRQ", "city_id": 5332, "city": "Karbala", "pop_total": 131534.755050902, "mass_total": 37762378.8250187, "log_pop": 5.119041, "log_mass": 7.577059, "log_pop_c": 0.036561, "log_mass_c": -0.121803, "lat": 32.6162593052419, "lon": 44.0315694637675}, {"country_iso": "IRQ", "city_id": 5345, "city": "Husain\u012bya", "pop_total": 56062.4146856944, "mass_total": 10891406.1581528, "log_pop": 4.748672, "log_mass": 7.037084, "log_pop_c": -0.333808, "log_mass_c": -0.661779, "lat": 33.5421754542176, "lon": 44.4019773412875}, {"country_iso": "IRQ", "city_id": 5379, "city": "Sulaymaniyah", "pop_total": 88650.9547878284, "mass_total": 63385248.1639016, "log_pop": 4.947683, "log_mass": 7.801988, "log_pop_c": -0.134796, "log_mass_c": 0.103126, "lat": 35.5613040173632, "lon": 45.4217076177089}, {"country_iso": "IRQ", "city_id": 5382, "city": "Al Hillah", "pop_total": 53162.4878084814, "mass_total": 37389966.8759225, "log_pop": 4.725605, "log_mass": 7.572755, "log_pop_c": -0.356874, "log_mass_c": -0.126108, "lat": 32.468773772294, "lon": 44.4175947110551}, {"country_iso": "IRQ", "city_id": 5387, "city": "Najaf", "pop_total": 70743.579346784, "mass_total": 43565931.5893874, "log_pop": 4.849687, "log_mass": 7.639147, "log_pop_c": -0.232793, "log_mass_c": -0.059716, "lat": 32.0234054342535, "lon": 44.3489600012405}, {"country_iso": "IRQ", "city_id": 5533, "city": "Nasiriyah", "pop_total": 53738.3683343588, "mass_total": 15674357.7471793, "log_pop": 4.730284, "log_mass": 7.19519, "log_pop_c": -0.352195, "log_mass_c": -0.503673, "lat": 31.044112663212, "lon": 46.2539884889147}, {"country_iso": "IRQ", "city_id": 5668, "city": "Basra", "pop_total": 350674.423630749, "mass_total": 82440145.0754102, "log_pop": 5.544904, "log_mass": 7.916139, "log_pop_c": 0.462424, "log_mass_c": 0.217276, "lat": 30.5240207539211, "lon": 47.79333270123}]