[{"country_iso":"MOZ","city_id":4220,"city":"Maputo","pop_total":1316830.6844587158,"mass_total":156870416.3581416011,"n_hex":97,"sample_h3":"87bc8960bffffff","log_pop":6.1195299378,"log_mass":8.1955410492},{"country_iso":"MOZ","city_id":4338,"city":"Chibuto","pop_total":7788.7086617713,"mass_total":924594.28147207,"n_hex":7,"sample_h3":"879724a5affffff","log_pop":3.8914654593,"log_mass":5.965951203},{"country_iso":"MOZ","city_id":4345,"city":"Xai-Xai","pop_total":8472.7012051582,"mass_total":1663217.6936062654,"n_hex":12,"sample_h3":"87bc8b4c1ffffff","log_pop":3.928021891,"log_mass":6.2209490965},{"country_iso":"MOZ","city_id":4378,"city":"Messica","pop_total":7.617571122,"mass_total":5769.4550929832,"n_hex":1,"sample_h3":"87971c829ffffff","log_pop":0.8818165177,"log_mass":3.7611347973},{"country_iso":"MOZ","city_id":4392,"city":"Catandica","pop_total":388.7665403104,"mass_total":166916.147093942,"n_hex":3,"sample_h3":"87971c780ffffff","log_pop":2.5896888798,"log_mass":5.2224983514},{"country_iso":"MOZ","city_id":4404,"city":"Chimoio","pop_total":59.4529266357,"mass_total":26191.8750723067,"n_hex":1,"sample_h3":"879702670ffffff","log_pop":1.7741732381,"log_mass":4.4181665906},{"country_iso":"MOZ","city_id":4433,"city":"Missale","pop_total":8.5876942873,"mass_total":34168.2732980498,"n_hex":1,"sample_h3":"879636751ffffff","log_pop":0.9338765756,"log_mass":4.5336230322},{"country_iso":"MOZ","city_id":4446,"city":"Muxungue","pop_total":6.7673957348,"mass_total":15806.1105870722,"n_hex":2,"sample_h3":"87970638cffffff","log_pop":0.8304215733,"log_mass":4.1988250161},{"country_iso":"MOZ","city_id":4457,"city":"Tete","pop_total":40546.5994219238,"mass_total":6754372.0677440763,"n_hex":11,"sample_h3":"87971a410ffffff","log_pop":4.6079544365,"log_mass":6.8295849803},{"country_iso":"MOZ","city_id":4458,"city":"Inchope","pop_total":20.0112323761,"mass_total":5038.5043404288,"n_hex":1,"sample_h3":"879702409ffffff","log_pop":1.3012738351,"log_mass":3.702301637},{"country_iso":"MOZ","city_id":4472,"city":"Moatize","pop_total":5011.6230756346,"mass_total":2673506.9324573739,"n_hex":7,"sample_h3":"87971a592ffffff","log_pop":3.6999784002,"log_mass":6.4270813146},{"country_iso":"MOZ","city_id":4475,"city":"Furancungo","pop_total":290.8247108684,"mass_total":80090.008277433,"n_hex":3,"sample_h3":"8797a96c5ffffff","log_pop":2.463631305,"log_mass":4.9035783385},{"country_iso":"MOZ","city_id":4480,"city":"Gorongosa","pop_total":286.039185524,"mass_total":62183.0897502201,"n_hex":1,"sample_h3":"879711ab1ffffff","log_pop":2.4564255327,"log_mass":4.7936722974},{"country_iso":"MOZ","city_id":4484,"city":"Nhamatanda","pop_total":812.1340141296,"mass_total":246821.9649065986,"n_hex":1,"sample_h3":"879702584ffffff","log_pop":2.9096277002,"log_mass":5.3923838053},{"country_iso":"MOZ","city_id":4487,"city":"Inharrime","pop_total":38.8568863869,"mass_total":64046.2794950267,"n_hex":1,"sample_h3":"87bc99311ffffff","log_pop":1.5894679975,"log_mass":4.8064939063},{"country_iso":"MOZ","city_id":4512,"city":"Maxixe","pop_total":4297.6523580776,"mass_total":1212203.294299552,"n_hex":4,"sample_h3":"879726d06ffffff","log_pop":3.633231282,"log_mass":6.0835754599},{"country_iso":"MOZ","city_id":4515,"city":"Dondo","pop_total":692.2858287419,"mass_total":260390.0596155499,"n_hex":4,"sample_h3":"879715060ffffff","log_pop":2.8402854416,"log_mass":5.415624401},{"country_iso":"MOZ","city_id":4516,"city":"Inhambane","pop_total":2245.4409744637,"mass_total":687635.8901550474,"n_hex":5,"sample_h3":"879726d34ffffff","log_pop":3.3513016433,"log_mass":5.837358536},{"country_iso":"MOZ","city_id":4521,"city":"Beira","pop_total":103302.4377682443,"mass_total":14200272.0696256291,"n_hex":10,"sample_h3":"8797158c0ffffff","log_pop":5.0141105703,"log_mass":7.1522966653},{"country_iso":"MOZ","city_id":4522,"city":"Massinga","pop_total":292.0742616653,"mass_total":205559.9059799346,"n_hex":3,"sample_h3":"8797265b4ffffff","log_pop":2.4654932875,"log_mass":5.3129384104},{"country_iso":"MOZ","city_id":4523,"city":"Manga","pop_total":26180.3555332109,"mass_total":3460549.6060026605,"n_hex":10,"sample_h3":"879715162ffffff","log_pop":4.41797554,"log_mass":6.5391450791},{"country_iso":"MOZ","city_id":4529,"city":"Ulongu\u00e9","pop_total":750.4606292856,"mass_total":377120.1171335712,"n_hex":4,"sample_h3":"8797ab164ffffff","log_pop":2.8753279132,"log_mass":5.5764797001},{"country_iso":"MOZ","city_id":4530,"city":"Z\u00f3bue","pop_total":107.3309211731,"mass_total":40741.4326040158,"n_hex":2,"sample_h3":"8797a9d90ffffff","log_pop":2.0307248567,"log_mass":4.6100362962},{"country_iso":"MOZ","city_id":4533,"city":"Vilankulo","pop_total":435.3824095857,"mass_total":240705.7592766413,"n_hex":4,"sample_h3":"8797356f0ffffff","log_pop":2.6388708786,"log_mass":5.3814864816},{"country_iso":"MOZ","city_id":4572,"city":"Caia","pop_total":1139.020650815,"mass_total":161229.234149273,"n_hex":2,"sample_h3":"879713d55ffffff","log_pop":3.0565315981,"log_mass":5.2074437911},{"country_iso":"MOZ","city_id":4573,"city":"Metangula","pop_total":20.1308152676,"mass_total":30259.7781238483,"n_hex":1,"sample_h3":"879788d5dffffff","log_pop":1.3038613635,"log_mass":4.4808657393},{"country_iso":"MOZ","city_id":4594,"city":"Morrumbala","pop_total":324.4522743375,"mass_total":34747.7312216918,"n_hex":3,"sample_h3":"879712253ffffff","log_pop":2.5111508228,"log_mass":4.5409264535},{"country_iso":"MOZ","city_id":4597,"city":"Mopeia","pop_total":1314.8916118323,"mass_total":207578.9000929306,"n_hex":2,"sample_h3":"879712b40ffffff","log_pop":3.1188899549,"log_mass":5.3171832064},{"country_iso":"MOZ","city_id":4601,"city":"Lichinga","pop_total":27676.6662960763,"mass_total":6435883.1723444806,"n_hex":10,"sample_h3":"87978c096ffffff","log_pop":4.4421137774,"log_mass":6.8086081519},{"country_iso":"MOZ","city_id":4613,"city":"Marromeu","pop_total":3188.3320659787,"mass_total":605282.2673893904,"n_hex":3,"sample_h3":"879710430ffffff","log_pop":3.503563547,"log_mass":5.7819579508},{"country_iso":"MOZ","city_id":4618,"city":"Milange","pop_total":7600.7520286186,"mass_total":957074.5390510664,"n_hex":4,"sample_h3":"8797ac4cdffffff","log_pop":3.8808565641,"log_mass":5.9809457629},{"country_iso":"MOZ","city_id":4622,"city":"Mandimba","pop_total":706.0017547607,"mass_total":89034.943878906,"n_hex":1,"sample_h3":"8797aa08dffffff","log_pop":2.8488057805,"log_mass":4.9495604893},{"country_iso":"MOZ","city_id":4629,"city":"Insaca (Mecanhelas)","pop_total":700.2404107262,"mass_total":137867.1493898381,"n_hex":3,"sample_h3":"8797ae283ffffff","log_pop":2.8452471702,"log_mass":5.139460796},{"country_iso":"MOZ","city_id":4634,"city":"Entre Lagos","pop_total":104.1176378727,"mass_total":80027.8485781639,"n_hex":2,"sample_h3":"8797aa9a0ffffff","log_pop":2.0175243067,"log_mass":4.9032411417},{"country_iso":"MOZ","city_id":4695,"city":"Nicoadala","pop_total":628.2423653603,"mass_total":207785.7296033448,"n_hex":3,"sample_h3":"8797a5368ffffff","log_pop":2.7981272196,"log_mass":5.3176157176},{"country_iso":"MOZ","city_id":4698,"city":"Quelimane","pop_total":70330.181738644,"mass_total":8964286.8565290142,"n_hex":8,"sample_h3":"8797a5a44ffffff","log_pop":4.8471417397,"log_mass":6.9525157455},{"country_iso":"MOZ","city_id":4699,"city":"Cuamba","pop_total":1270.5322522098,"mass_total":2324807.7060881369,"n_hex":6,"sample_h3":"879785a06ffffff","log_pop":3.103985694,"log_mass":6.3663870365},{"country_iso":"MOZ","city_id":4704,"city":"Etatara","pop_total":5.8358345032,"mass_total":6471.9168986019,"n_hex":1,"sample_h3":"8797ae4a8ffffff","log_pop":0.7661029674,"log_mass":3.8110329322},{"country_iso":"MOZ","city_id":4716,"city":"Namacurra","pop_total":1671.4841875637,"mass_total":478784.7853581196,"n_hex":3,"sample_h3":"8797a5318ffffff","log_pop":3.2231022725,"log_mass":5.6801403411},{"country_iso":"MOZ","city_id":4721,"city":"Namarr\u00f3i","pop_total":32.819562649,"mass_total":110088.659311543,"n_hex":3,"sample_h3":"8797a1694ffffff","log_pop":1.5161327894,"log_mass":5.0417425828},{"country_iso":"MOZ","city_id":4722,"city":"Mocuba","pop_total":16525.329628821,"mass_total":3157365.1603655773,"n_hex":6,"sample_h3":"8797a1880ffffff","log_pop":4.2181501311,"log_mass":6.4993248125},{"country_iso":"MOZ","city_id":4735,"city":"Gurue","pop_total":726.9751815796,"mass_total":154033.6072217698,"n_hex":3,"sample_h3":"8797a3221ffffff","log_pop":2.8615195846,"log_mass":5.187615486},{"country_iso":"MOZ","city_id":4745,"city":"Errego (Ile)","pop_total":409.5929134509,"mass_total":379732.6270782792,"n_hex":2,"sample_h3":"8797a3b20ffffff","log_pop":2.6123524341,"log_mass":5.5794779138},{"country_iso":"MOZ","city_id":4772,"city":"Maganja","pop_total":1454.5865747115,"mass_total":455692.3847703781,"n_hex":3,"sample_h3":"8797a5468ffffff","log_pop":3.1627395749,"log_mass":5.658671771},{"country_iso":"MOZ","city_id":4802,"city":"Malema","pop_total":1046.8990733652,"mass_total":527734.4141365292,"n_hex":2,"sample_h3":"8797a3681ffffff","log_pop":3.0199048154,"log_mass":5.7224154159},{"country_iso":"MOZ","city_id":4805,"city":"Mulevala","pop_total":10.0711677074,"mass_total":44544.6992954462,"n_hex":1,"sample_h3":"8797a0204ffffff","log_pop":1.003079828,"log_mass":4.6487960315},{"country_iso":"MOZ","city_id":4818,"city":"Mugema","pop_total":29.1299777031,"mass_total":26267.0610935577,"n_hex":1,"sample_h3":"8797a30b3ffffff","log_pop":1.4643401522,"log_mass":4.4194114842},{"country_iso":"MOZ","city_id":4839,"city":"Alto Mol\u00f3cue","pop_total":1243.7156862147,"mass_total":720109.5236260842,"n_hex":3,"sample_h3":"8797a3c51ffffff","log_pop":3.0947211118,"log_mass":5.8573985546},{"country_iso":"MOZ","city_id":4848,"city":"Marrupa","pop_total":735.2339494163,"mass_total":826164.5216832978,"n_hex":3,"sample_h3":"879780710ffffff","log_pop":2.8664255524,"log_mass":5.917066541},{"country_iso":"MOZ","city_id":4879,"city":"Pebane","pop_total":450.2112098395,"mass_total":209584.0978588386,"n_hex":3,"sample_h3":"8797a4289ffffff","log_pop":2.6534163043,"log_mass":5.3213583276},{"country_iso":"MOZ","city_id":4905,"city":"Iapala","pop_total":684.8503149949,"mass_total":298705.0158806188,"n_hex":3,"sample_h3":"879784829ffffff","log_pop":2.8355956598,"log_mass":5.4752425154},{"country_iso":"MOZ","city_id":4929,"city":"Muiane","pop_total":101.9737980216,"mass_total":109327.0197855612,"n_hex":3,"sample_h3":"8797a2aa9ffffff","log_pop":2.0084885949,"log_mass":5.0387275096},{"country_iso":"MOZ","city_id":4939,"city":"Gil\u00e9","pop_total":95.9141032775,"mass_total":136584.6499179949,"n_hex":3,"sample_h3":"8797a048dffffff","log_pop":1.9818824708,"log_mass":5.1354018939},{"country_iso":"MOZ","city_id":4967,"city":"Ribaue","pop_total":589.3967589247,"mass_total":332746.6687164401,"n_hex":3,"sample_h3":"879784990ffffff","log_pop":2.7704077433,"log_mass":5.5221137162},{"country_iso":"MOZ","city_id":4973,"city":"Moneia","pop_total":26.5636916161,"mass_total":42371.4297309159,"n_hex":2,"sample_h3":"8797a2849ffffff","log_pop":1.4242884298,"log_mass":4.6270731186},{"country_iso":"MOZ","city_id":5027,"city":"Murrupula","pop_total":622.4863144557,"mass_total":157254.6281928308,"n_hex":3,"sample_h3":"8797a20a1ffffff","log_pop":2.7941298078,"log_mass":5.1966034361},{"country_iso":"MOZ","city_id":5080,"city":"Lul\u00fati","pop_total":5.537602995,"mass_total":14267.3746240435,"n_hex":1,"sample_h3":"8797a2d55ffffff","log_pop":0.7433218168,"log_mass":4.1543440648},{"country_iso":"MOZ","city_id":5087,"city":"Mecub\u00fari","pop_total":531.2428994553,"mass_total":384112.0370907134,"n_hex":3,"sample_h3":"8797b1a89ffffff","log_pop":2.7252931384,"log_mass":5.5844579171},{"country_iso":"MOZ","city_id":5097,"city":"Namuno","pop_total":346.9848947525,"mass_total":217745.0710765536,"n_hex":1,"sample_h3":"8797861a5ffffff","log_pop":2.5403105691,"log_mass":5.337948333},{"country_iso":"MOZ","city_id":5106,"city":"Moma","pop_total":3135.6326945137,"mass_total":861283.6830299096,"n_hex":3,"sample_h3":"8797a6128ffffff","log_pop":3.4963251841,"log_mass":5.9351462196},{"country_iso":"MOZ","city_id":5116,"city":"Chalaua","pop_total":31.6700296402,"mass_total":6626.4243360142,"n_hex":1,"sample_h3":"8797a6613ffffff","log_pop":1.5006484698,"log_mass":3.8212792433},{"country_iso":"MOZ","city_id":5143,"city":"Montepuez","pop_total":14213.3647461854,"mass_total":2610611.6585188289,"n_hex":5,"sample_h3":"879786488ffffff","log_pop":4.1526969011,"log_mass":6.4167422732},{"country_iso":"MOZ","city_id":5145,"city":"Nampula","pop_total":220693.8025079129,"mass_total":23835738.2597955316,"n_hex":15,"sample_h3":"8797b1909ffffff","log_pop":5.3437901375,"log_mass":7.3772286078},{"country_iso":"MOZ","city_id":5151,"city":"Nametil","pop_total":144.2257842344,"mass_total":34967.6560576584,"n_hex":2,"sample_h3":"8797b5accffffff","log_pop":2.1590429091,"log_mass":4.5436665218},{"country_iso":"MOZ","city_id":5220,"city":"Muecate","pop_total":61.530235902,"mass_total":49823.3954799167,"n_hex":3,"sample_h3":"8797b1d74ffffff","log_pop":1.7890885801,"log_mass":4.6974333215},{"country_iso":"MOZ","city_id":5269,"city":"Chiure-Sede","pop_total":603.3694801331,"mass_total":390268.9466354034,"n_hex":2,"sample_h3":"8797b30d4ffffff","log_pop":2.7805833387,"log_mass":5.5913639962},{"country_iso":"MOZ","city_id":5273,"city":"Nacaroa","pop_total":39.259335041,"mass_total":53106.6605760078,"n_hex":1,"sample_h3":"8797b020bffffff","log_pop":1.5939429394,"log_mass":4.7251489932},{"country_iso":"MOZ","city_id":5274,"city":"Namialo","pop_total":1930.2822071599,"mass_total":456511.2033717956,"n_hex":3,"sample_h3":"8797b0b58ffffff","log_pop":3.2856208075,"log_mass":5.6594514401},{"country_iso":"MOZ","city_id":5280,"city":"Netia","pop_total":64.3645381927,"mass_total":14945.700269067,"n_hex":1,"sample_h3":"8797b0ae1ffffff","log_pop":1.8086466576,"log_mass":4.1745162684},{"country_iso":"MOZ","city_id":5316,"city":"Monapo","pop_total":5731.6981195412,"mass_total":507346.7862090434,"n_hex":3,"sample_h3":"8797b0858ffffff","log_pop":3.7582833086,"log_mass":5.7053049137},{"country_iso":"MOZ","city_id":5373,"city":"Moc\u00edmboa da Praia","pop_total":5419.0783783819,"mass_total":2799040.6661612,"n_hex":6,"sample_h3":"879790516ffffff","log_pop":3.7339254324,"log_mass":6.4470092082},{"country_iso":"MOZ","city_id":5376,"city":"Nacala","pop_total":41519.301993759,"mass_total":8375889.865225479,"n_hex":16,"sample_h3":"8797b01b6ffffff","log_pop":4.6182500437,"log_mass":6.9230309582}]