[{"country_iso":"BOL","city_id":810,"city":"Cobija","pop_total":26366.3323832456,"mass_total":5725039.2556217369,"n_hex":8,"sample_h3":"878b4280affffff","log_pop":4.4210497226,"log_mass":6.7577784689},{"country_iso":"BOL","city_id":849,"city":"El Alto [La Paz]","pop_total":493160.5384328226,"mass_total":100459388.670661509,"n_hex":63,"sample_h3":"87b321982ffffff","log_pop":5.6929883181,"log_mass":8.001990531},{"country_iso":"BOL","city_id":868,"city":"Caranavi","pop_total":49.3960003853,"mass_total":46105.5638357437,"n_hex":1,"sample_h3":"87b325a1dffffff","log_pop":1.6936917853,"log_mass":4.6637533375},{"country_iso":"BOL","city_id":883,"city":"Riberalta","pop_total":10979.3088672077,"mass_total":6359988.6514535863,"n_hex":8,"sample_h3":"878b5620affffff","log_pop":4.0405750027,"log_mass":6.8034563407},{"country_iso":"BOL","city_id":888,"city":"Oruro","pop_total":42352.0463263493,"mass_total":9769979.6459577363,"n_hex":16,"sample_h3":"87b32c290ffffff","log_pop":4.626874399,"log_mass":6.9898936589},{"country_iso":"BOL","city_id":897,"city":"Cochabamba","pop_total":334316.406616181,"mass_total":75594930.7058581263,"n_hex":67,"sample_h3":"878b2c800ffffff","log_pop":5.5241576902,"log_mass":7.8784926733},{"country_iso":"BOL","city_id":921,"city":"Trinidad","pop_total":18586.343448149,"mass_total":6438028.9937647386,"n_hex":10,"sample_h3":"878b2a6c0ffffff","log_pop":4.269193958,"log_mass":6.8087529282},{"country_iso":"BOL","city_id":940,"city":"Sucre","pop_total":76.8365821464,"mass_total":53914.7912142289,"n_hex":3,"sample_h3":"878b25880ffffff","log_pop":1.8855680383,"log_mass":4.7317079277},{"country_iso":"BOL","city_id":965,"city":"Tarija","pop_total":9922.1155261582,"mass_total":3441276.820222185,"n_hex":10,"sample_h3":"87b371460ffffff","log_pop":3.9966042794,"log_mass":6.5367196092},{"country_iso":"BOL","city_id":973,"city":"Montero","pop_total":13727.6622709405,"mass_total":4831843.5594391795,"n_hex":6,"sample_h3":"878b22740ffffff","log_pop":4.1375965861,"log_mass":6.6841128647},{"country_iso":"BOL","city_id":976,"city":"Santa Cruz de la Sierra","pop_total":634879.0352899047,"mass_total":129759702.2594366521,"n_hex":78,"sample_h3":"878b22110ffffff","log_pop":5.8026909862,"log_mass":8.1131398404}]