[{"country_iso":"AUS","city_id":11560,"city":"Mandurah","pop_total":45299.7509164016,"mass_total":31008786.2608411945,"n_hex":28,"sample_h3":"87c993082ffffff","log_pop":4.656095814,"log_mass":7.4914847675},{"country_iso":"AUS","city_id":11609,"city":"Rockingham","pop_total":49843.2059625386,"mass_total":25658936.3493386656,"n_hex":19,"sample_h3":"87c99340affffff","log_pop":4.6976059688,"log_mass":7.4092386494},{"country_iso":"AUS","city_id":11640,"city":"Perth","pop_total":935963.4915798726,"mass_total":513583929.7114701271,"n_hex":227,"sample_h3":"87a726192ffffff","log_pop":5.9712589089,"log_mass":8.710611426},{"country_iso":"AUS","city_id":12943,"city":"Hobart","pop_total":52576.2156070424,"mass_total":31112329.2021785155,"n_hex":16,"sample_h3":"87bf4c36dffffff","log_pop":4.7207893227,"log_mass":7.4929325255},{"country_iso":"AUS","city_id":12970,"city":"Old Reynella","pop_total":71985.2261754435,"mass_total":36270054.0308258981,"n_hex":20,"sample_h3":"87b914590ffffff","log_pop":4.8572433735,"log_mass":7.5595482025},{"country_iso":"AUS","city_id":12977,"city":"Adelaide","pop_total":684341.6783329642,"mass_total":338166028.5969951153,"n_hex":116,"sample_h3":"87b916800ffffff","log_pop":5.8352729906,"log_mass":8.5291299772},{"country_iso":"AUS","city_id":13007,"city":"Geelong","pop_total":102954.4919375619,"mass_total":56106356.7298513129,"n_hex":30,"sample_h3":"87be63a13ffffff","log_pop":5.0126452998,"log_mass":7.7490120687},{"country_iso":"AUS","city_id":13012,"city":"Ballarat","pop_total":47972.3855080826,"mass_total":31055927.8022950478,"n_hex":16,"sample_h3":"87be45864ffffff","log_pop":4.680991315,"log_mass":7.4921445084},{"country_iso":"AUS","city_id":13020,"city":"Werribee","pop_total":138770.6697097614,"mass_total":60087235.100768812,"n_hex":26,"sample_h3":"87be63010ffffff","log_pop":5.1422976842,"log_mass":7.7787822205},{"country_iso":"AUS","city_id":13023,"city":"Melbourne","pop_total":2568860.3943357114,"mass_total":1092316315.6372888088,"n_hex":335,"sample_h3":"87be62241ffffff","log_pop":6.409740503,"log_mass":9.0383484206},{"country_iso":"AUS","city_id":13035,"city":"Woden","pop_total":39263.8006628032,"mass_total":20443358.1253753193,"n_hex":13,"sample_h3":"87be72c13ffffff","log_pop":4.5939923362,"log_mass":7.3105522366},{"country_iso":"AUS","city_id":13036,"city":"Belconnen","pop_total":53918.4010514034,"mass_total":24247433.5945502408,"n_hex":16,"sample_h3":"87be72504ffffff","log_pop":4.7317370047,"log_mass":7.3846657786},{"country_iso":"AUS","city_id":13039,"city":"Wollongong","pop_total":107594.3203406598,"mass_total":56396754.3926236033,"n_hex":30,"sample_h3":"87be08980ffffff","log_pop":5.0317893465,"log_mass":7.7512541113},{"country_iso":"AUS","city_id":13041,"city":"Campbelltown","pop_total":75764.1525389144,"mass_total":30536988.701757811,"n_hex":17,"sample_h3":"87be08c42ffffff","log_pop":4.8794637698,"log_mass":7.4848262084},{"country_iso":"AUS","city_id":13042,"city":"Penrith","pop_total":78925.3364144385,"mass_total":34153033.8387671411,"n_hex":19,"sample_h3":"87be08421ffffff","log_pop":4.8972164417,"log_mass":7.5334292884},{"country_iso":"AUS","city_id":13043,"city":"Sydney","pop_total":2740283.2747830292,"mass_total":861929104.8766579628,"n_hex":259,"sample_h3":"87be08420ffffff","log_pop":6.43779546,"log_mass":8.9354715458},{"country_iso":"AUS","city_id":13047,"city":"Newcastle","pop_total":142962.4178302948,"mass_total":73523079.9657904208,"n_hex":33,"sample_h3":"87be0ad82ffffff","log_pop":5.1552218845,"log_mass":7.8664236919},{"country_iso":"AUS","city_id":13069,"city":"Toowoomba","pop_total":57402.5813508361,"mass_total":29707752.3033218831,"n_hex":16,"sample_h3":"87bef21b4ffffff","log_pop":4.7589314227,"log_mass":7.4728697942},{"country_iso":"AUS","city_id":13072,"city":"Aitkenvale","pop_total":67159.6194197469,"mass_total":32182426.9685286283,"n_hex":20,"sample_h3":"879d0b090ffffff","log_pop":4.8271082264,"log_mass":7.5076187924},{"country_iso":"AUS","city_id":13073,"city":"Cairns","pop_total":37786.8375695166,"mass_total":19754852.7830724232,"n_hex":14,"sample_h3":"879c23100ffffff","log_pop":4.5773405468,"log_mass":7.2956737976},{"country_iso":"AUS","city_id":13074,"city":"River Glen Village","pop_total":34772.0011239249,"mass_total":14026832.3152019288,"n_hex":12,"sample_h3":"87be8d802ffffff","log_pop":4.541229685,"log_mass":7.1469596052},{"country_iso":"AUS","city_id":13075,"city":"Gold Coast","pop_total":231790.1474688395,"mass_total":95841896.9995027781,"n_hex":54,"sample_h3":"87beab049ffffff","log_pop":5.3650949718,"log_mass":7.9815554011},{"country_iso":"AUS","city_id":13076,"city":"Brisbane","pop_total":723611.0762607205,"mass_total":306355866.9535757899,"n_hex":119,"sample_h3":"87be8d020ffffff","log_pop":5.859505206,"log_mass":8.4862262018},{"country_iso":"AUS","city_id":13078,"city":"Lindum","pop_total":38893.7599698501,"mass_total":14824470.403201893,"n_hex":10,"sample_h3":"87be8d134ffffff","log_pop":4.5898799297,"log_mass":7.1709791874},{"country_iso":"AUS","city_id":13079,"city":"Thorneside","pop_total":65080.6962347902,"mass_total":29326814.3705396764,"n_hex":19,"sample_h3":"87be8d882ffffff","log_pop":4.8134521904,"log_mass":7.4672648902},{"country_iso":"AUS","city_id":13082,"city":"Redcliffe","pop_total":40730.0443621629,"mass_total":17104240.410661757,"n_hex":11,"sample_h3":"87be8d182ffffff","log_pop":4.6099148831,"log_mass":7.2331037922},{"country_iso":"AUS","city_id":13090,"city":"Maroochydore","pop_total":48919.1126330541,"mass_total":24329224.0254182927,"n_hex":16,"sample_h3":"87be88a24ffffff","log_pop":4.6894785706,"log_mass":7.3861282574}]