[{"country_iso":"SVK","city_id":3069,"city":"Bratislava","pop_total":235710.8584310625,"mass_total":97140300.3460676819,"n_hex":36,"sample_h3":"871e02884ffffff","log_pop":5.3723795895,"log_mass":7.9873994419},{"country_iso":"SVK","city_id":3104,"city":"Trnava","pop_total":29320.5131252551,"mass_total":14004253.934929613,"n_hex":9,"sample_h3":"871e00494ffffff","log_pop":4.4671715664,"log_mass":7.1462599771},{"country_iso":"SVK","city_id":3155,"city":"\u017dilina","pop_total":35403.6365383962,"mass_total":17691552.1334816813,"n_hex":8,"sample_h3":"871e00b28ffffff","log_pop":4.5490478735,"log_mass":7.2477659366},{"country_iso":"SVK","city_id":3182,"city":"Bansk\u00e1 Bystrica","pop_total":30868.8989303439,"mass_total":12462145.6032253206,"n_hex":12,"sample_h3":"871e00260ffffff","log_pop":4.4895211388,"log_mass":7.0955928211},{"country_iso":"SVK","city_id":3265,"city":"Pre\u0161ov","pop_total":37970.3697699107,"mass_total":11766354.9894219562,"n_hex":11,"sample_h3":"871e0cc64ffffff","log_pop":4.5794448265,"log_mass":7.0706419469},{"country_iso":"SVK","city_id":3267,"city":"Ko\u0161ice","pop_total":145019.510408559,"mass_total":35702550.728857778,"n_hex":20,"sample_h3":"871e0c196ffffff","log_pop":5.1614264346,"log_mass":7.5526992449}]