[{"country_iso":"BLR","city_id":3310,"city":"Hrodna","pop_total":198640.0157980975,"mass_total":40528675.0758281872,"n_hex":19,"sample_h3":"871f420dbffffff","log_pop":5.2980667411,"log_mass":7.6077624064},{"country_iso":"BLR","city_id":3325,"city":"Brest","pop_total":195817.8739169943,"mass_total":51736592.9749093205,"n_hex":28,"sample_h3":"871f5e0c0ffffff","log_pop":5.2918523309,"log_mass":7.7137978256},{"country_iso":"BLR","city_id":3373,"city":"Baranovichi","pop_total":104502.163102376,"mass_total":37374892.9411890805,"n_hex":19,"sample_h3":"871f5d130ffffff","log_pop":5.0191252801,"log_mass":7.5725799573},{"country_iso":"BLR","city_id":3380,"city":"Maladzie\u010dna","pop_total":21516.0669783616,"mass_total":19047345.1770284548,"n_hex":14,"sample_h3":"871f41292ffffff","log_pop":4.3327628875,"log_mass":7.2798344522},{"country_iso":"BLR","city_id":3382,"city":"Pinsk","pop_total":80998.9743212686,"mass_total":26272879.2654560022,"n_hex":16,"sample_h3":"871f58340ffffff","log_pop":4.9084795195,"log_mass":7.4195076701},{"country_iso":"BLR","city_id":3401,"city":"Minsk","pop_total":1323441.0921287939,"mass_total":231384857.6552243829,"n_hex":80,"sample_h3":"871f4e060ffffff","log_pop":6.1217046151,"log_mass":8.3643349343},{"country_iso":"BLR","city_id":3409,"city":"Achotnica","pop_total":21857.6793531586,"mass_total":10664470.8496603891,"n_hex":10,"sample_h3":"871f6bd10ffffff","log_pop":4.3396040507,"log_mass":7.0279393115},{"country_iso":"BLR","city_id":3417,"city":"Zhodzina","pop_total":46484.7056344556,"mass_total":11278984.0274790004,"n_hex":10,"sample_h3":"871f4c61affffff","log_pop":4.6673100851,"log_mass":7.0522699816},{"country_iso":"BLR","city_id":3421,"city":"Barysaw","pop_total":36964.2359403306,"mass_total":31746931.1442404501,"n_hex":19,"sample_h3":"871f4c60cffffff","log_pop":4.5677817337,"log_mass":7.5017017501},{"country_iso":"BLR","city_id":3449,"city":"Babruysk","pop_total":125833.433491014,"mass_total":43723811.9454294741,"n_hex":22,"sample_h3":"871f48689ffffff","log_pop":5.0997960469,"log_mass":7.6407180177},{"country_iso":"BLR","city_id":3450,"city":"Vitebsk","pop_total":205615.5918374403,"mass_total":52641781.5635225028,"n_hex":34,"sample_h3":"8711a49b0ffffff","log_pop":5.3130560441,"log_mass":7.7213305787},{"country_iso":"BLR","city_id":3460,"city":"Orsha","pop_total":22876.4953308239,"mass_total":20913597.6763382889,"n_hex":16,"sample_h3":"871f4d148ffffff","log_pop":4.3593894915,"log_mass":7.3204287491},{"country_iso":"BLR","city_id":3466,"city":"Mahilyow","pop_total":195420.9246297526,"mass_total":56012796.3297468349,"n_hex":33,"sample_h3":"871f49996ffffff","log_pop":5.2909710638,"log_mass":7.7482872545},{"country_iso":"BLR","city_id":3506,"city":"Homel","pop_total":297371.5550642175,"mass_total":68343627.1822509021,"n_hex":27,"sample_h3":"8711b4c00ffffff","log_pop":5.4732994239,"log_mass":7.8346980243},{"country_iso":"BLR","city_id":3512,"city":"\u010conki","pop_total":45179.4078197227,"mass_total":9731776.9335365649,"n_hex":8,"sample_h3":"8711b4c02ffffff","log_pop":4.6549405342,"log_mass":6.9881921457}]