[{"country_iso":"PSE","city_id":4285,"city":"Gaza","pop_total":1277943.9354784349,"mass_total":94901275.7957517058,"n_hex":75,"sample_h3":"872db6080ffffff","log_pop":6.1065118014,"log_mass":7.9772720509},{"country_iso":"PSE","city_id":4331,"city":"Tulkarm","pop_total":108965.3372571955,"mass_total":11909452.8267917503,"n_hex":14,"sample_h3":"872db0002ffffff","log_pop":5.0372883674,"log_mass":7.0758918085},{"country_iso":"PSE","city_id":4351,"city":"Jerusalem","pop_total":969848.4662504561,"mass_total":112089561.4050572664,"n_hex":71,"sample_h3":"872db0488ffffff","log_pop":5.9867038833,"log_mass":8.0495651698},{"country_iso":"PSE","city_id":4354,"city":"Hebron","pop_total":175768.8973421387,"mass_total":22355885.261381425,"n_hex":20,"sample_h3":"872db2808ffffff","log_pop":5.2449420283,"log_mass":7.349391872},{"country_iso":"PSE","city_id":4358,"city":"Qabatiya","pop_total":12309.7536690768,"mass_total":1482242.8888573167,"n_hex":6,"sample_h3":"872db0386ffffff","log_pop":4.0902493623,"log_mass":6.1709193755},{"country_iso":"PSE","city_id":4359,"city":"Nablus","pop_total":80765.274152321,"mass_total":11319057.3243115321,"n_hex":14,"sample_h3":"872db00d0ffffff","log_pop":4.9072246716,"log_mass":7.0538102594},{"country_iso":"PSE","city_id":4360,"city":"Jenin","pop_total":41530.0637220719,"mass_total":4411470.156168865,"n_hex":7,"sample_h3":"872db0380ffffff","log_pop":4.6183625975,"log_mass":6.6445833455}]