[{"country_iso":"ARG","city_id":962,"city":"San Juan","pop_total":159951.1689279594,"mass_total":38924651.5651019514,"n_hex":32,"sample_h3":"87b252400ffffff","log_pop":5.2039874183,"log_mass":7.5902247337},{"country_iso":"ARG","city_id":966,"city":"Mendoza","pop_total":400316.5887236015,"mass_total":97465467.8933594078,"n_hex":60,"sample_h3":"87b2eea00ffffff","log_pop":5.6024035872,"log_mass":7.988850772},{"country_iso":"ARG","city_id":967,"city":"San Salvador de Jujuy","pop_total":71810.9360344494,"mass_total":10615905.2076652721,"n_hex":12,"sample_h3":"87b35106dffffff","log_pop":4.8561905877,"log_mass":7.0259570319},{"country_iso":"ARG","city_id":969,"city":"Salta","pop_total":184936.4927635025,"mass_total":32279671.8810695931,"n_hex":27,"sample_h3":"87b35e801ffffff","log_pop":5.2670226172,"log_mass":7.5089291115},{"country_iso":"ARG","city_id":974,"city":"La Rioja","pop_total":75344.7005894249,"mass_total":19555675.8277197964,"n_hex":17,"sample_h3":"87b254836ffffff","log_pop":4.8770527114,"log_mass":7.2912728294},{"country_iso":"ARG","city_id":975,"city":"San Mart\u00edn","pop_total":20846.2041659458,"mass_total":8289996.9511324428,"n_hex":9,"sample_h3":"87b2e8c21ffffff","log_pop":4.3190269869,"log_mass":6.9185543708},{"country_iso":"ARG","city_id":977,"city":"Libertador Gral. San Mart\u00edn","pop_total":12481.153469052,"mass_total":3472713.7685796507,"n_hex":6,"sample_h3":"87b342449ffffff","log_pop":4.0962547233,"log_mass":6.5406689889},{"country_iso":"ARG","city_id":979,"city":"San Pedro","pop_total":15166.6816013748,"mass_total":3708314.3100889213,"n_hex":6,"sample_h3":"87b35cd03ffffff","log_pop":4.1808905696,"log_mass":6.5691765371},{"country_iso":"ARG","city_id":980,"city":"San Ram\u00f3n de la Nueva Or\u00e1n","pop_total":11586.1707489257,"mass_total":4442992.9559599645,"n_hex":7,"sample_h3":"87b34282cffffff","log_pop":4.0639399245,"log_mass":6.6476756247},{"country_iso":"ARG","city_id":986,"city":"Concepci\u00f3n","pop_total":16793.9755919681,"mass_total":5168712.9952206574,"n_hex":7,"sample_h3":"87b274041ffffff","log_pop":4.2251535177,"log_mass":6.7133824176},{"country_iso":"ARG","city_id":991,"city":"San Miguel de Tucum\u00e1n","pop_total":462259.6094140725,"mass_total":73323420.4172320068,"n_hex":48,"sample_h3":"87b35b400ffffff","log_pop":5.664885948,"log_mass":7.8652427159},{"country_iso":"ARG","city_id":994,"city":"Yacuiba","pop_total":9282.7452447957,"mass_total":4136166.7738725385,"n_hex":8,"sample_h3":"87b344086ffffff","log_pop":3.9676764319,"log_mass":6.6165980416},{"country_iso":"ARG","city_id":995,"city":"Tartagal","pop_total":8571.9310397503,"mass_total":2506144.1226493567,"n_hex":5,"sample_h3":"87b340d20ffffff","log_pop":3.9330786685,"log_mass":6.3990060427},{"country_iso":"ARG","city_id":996,"city":"San Fernando del Valle de Catamarca","pop_total":70032.2998920852,"mass_total":14909938.2333496213,"n_hex":16,"sample_h3":"87b270059ffffff","log_pop":4.845298389,"log_mass":7.1734758443},{"country_iso":"ARG","city_id":1003,"city":"San Rafael","pop_total":41840.0386350632,"mass_total":14018305.1866375841,"n_hex":14,"sample_h3":"87b2eb2b2ffffff","log_pop":4.6215920769,"log_mass":7.1466955106},{"country_iso":"ARG","city_id":1010,"city":"Santiago del Estero","pop_total":171128.5544526755,"mass_total":38759733.7721386179,"n_hex":30,"sample_h3":"87b262da0ffffff","log_pop":5.2333224818,"log_mass":7.5883807854},{"country_iso":"ARG","city_id":1014,"city":"San Luis","pop_total":76117.3868219394,"mass_total":23683868.1701334752,"n_hex":20,"sample_h3":"87b25a016ffffff","log_pop":4.8814838702,"log_mass":7.374452635},{"country_iso":"ARG","city_id":1032,"city":"Villa Carlos Paz","pop_total":17373.5757227075,"mass_total":6864733.47038332,"n_hex":12,"sample_h3":"87b2434c2ffffff","log_pop":4.2398892115,"log_mass":6.83662368},{"country_iso":"ARG","city_id":1033,"city":"Villa Mercedes","pop_total":27694.1094279027,"mass_total":12450573.8325329963,"n_hex":11,"sample_h3":"87b25b192ffffff","log_pop":4.4423874039,"log_mass":7.095189368},{"country_iso":"ARG","city_id":1035,"city":"Cordoba","pop_total":817050.2246069572,"mass_total":162502868.7641090155,"n_hex":92,"sample_h3":"87b243088ffffff","log_pop":5.9122487537,"log_mass":8.2108610323},{"country_iso":"ARG","city_id":1036,"city":"Neuqu\u00e9n","pop_total":78515.174430267,"mass_total":24940625.0476481654,"n_hex":24,"sample_h3":"87ce93083ffffff","log_pop":4.8949535999,"log_mass":7.3969073333},{"country_iso":"ARG","city_id":1037,"city":"Cipolletti","pop_total":21285.1600624271,"mass_total":10056737.6190906931,"n_hex":8,"sample_h3":"87ce9309affffff","log_pop":4.3280769204,"log_mass":7.0024571195},{"country_iso":"ARG","city_id":1040,"city":"General Roca","pop_total":28107.2033732003,"mass_total":10448393.2543174699,"n_hex":8,"sample_h3":"87ce93580ffffff","log_pop":4.4488176361,"log_mass":7.0190495101},{"country_iso":"ARG","city_id":1043,"city":"R\u00edo Cuarto","pop_total":47986.4280716746,"mass_total":22727173.3357621841,"n_hex":17,"sample_h3":"87b259182ffffff","log_pop":4.6811184239,"log_mass":7.3565454242},{"country_iso":"ARG","city_id":1046,"city":"Villa Mar\u00eda","pop_total":29449.2439013799,"mass_total":14108548.4995359592,"n_hex":13,"sample_h3":"87b24ac40ffffff","log_pop":4.4690741489,"log_mass":7.1494823354},{"country_iso":"ARG","city_id":1049,"city":"Presidencia Roque S\u00e1enz Pe\u00f1a","pop_total":42486.0259995545,"mass_total":12467618.6651390661,"n_hex":11,"sample_h3":"87a968349ffffff","log_pop":4.6282461105,"log_mass":7.0957835105},{"country_iso":"ARG","city_id":1052,"city":"San Francisco","pop_total":21245.437313192,"mass_total":10180627.3096199483,"n_hex":9,"sample_h3":"87b24c660ffffff","log_pop":4.327265675,"log_mass":7.0077745392},{"country_iso":"ARG","city_id":1053,"city":"Santa Rosa","pop_total":48416.8077426723,"mass_total":17295468.1978931166,"n_hex":15,"sample_h3":"87c340234ffffff","log_pop":4.6849961518,"log_mass":7.2379323231},{"country_iso":"ARG","city_id":1054,"city":"General Pico","pop_total":21439.8455657379,"mass_total":8811423.8371838983,"n_hex":9,"sample_h3":"87c34e980ffffff","log_pop":4.3312216527,"log_mass":6.9450460917},{"country_iso":"ARG","city_id":1056,"city":"Rafaela","pop_total":28871.6486425353,"mass_total":14101120.3876360096,"n_hex":13,"sample_h3":"87b24dc10ffffff","log_pop":4.4604715839,"log_mass":7.1492536204},{"country_iso":"ARG","city_id":1058,"city":"Venado Tuerto","pop_total":22079.3032918126,"mass_total":10546169.3518600147,"n_hex":9,"sample_h3":"87c34b741ffffff","log_pop":4.3439853652,"log_mass":7.023094741},{"country_iso":"ARG","city_id":1060,"city":"Santa Fe","pop_total":150100.0865421164,"mass_total":41898705.2178604901,"n_hex":28,"sample_h3":"87b24d340ffffff","log_pop":5.1763809426,"log_mass":7.6222006023},{"country_iso":"ARG","city_id":1061,"city":"Santo Tom\u00e9","pop_total":22351.1816451578,"mass_total":6326766.3800648646,"n_hex":7,"sample_h3":"87b24d342ffffff","log_pop":4.349300488,"log_mass":6.8011817982},{"country_iso":"ARG","city_id":1064,"city":"Reconquista","pop_total":33153.0309053701,"mass_total":11259983.8973712325,"n_hex":16,"sample_h3":"87b26d340ffffff","log_pop":4.5205232385,"log_mass":7.0515377694},{"country_iso":"ARG","city_id":1065,"city":"Resistencia","pop_total":215226.6223157621,"mass_total":44932878.1068465635,"n_hex":34,"sample_h3":"87a96e088ffffff","log_pop":5.3328959901,"log_mass":7.6525642376},{"country_iso":"ARG","city_id":1067,"city":"Paran\u00e1","pop_total":99073.1365648999,"mass_total":30125128.9911631867,"n_hex":24,"sample_h3":"87c2cd224ffffff","log_pop":4.9959559126,"log_mass":7.4789289152},{"country_iso":"ARG","city_id":1069,"city":"Corrientes","pop_total":199337.9613370147,"mass_total":33577336.6846804544,"n_hex":24,"sample_h3":"87a96e440ffffff","log_pop":5.2995900123,"log_mass":7.5260462454},{"country_iso":"ARG","city_id":1070,"city":"Rosario","pop_total":595287.4459092512,"mass_total":155211927.8906567991,"n_hex":92,"sample_h3":"87b249248ffffff","log_pop":5.7747267238,"log_mass":8.1909250933},{"country_iso":"ARG","city_id":1071,"city":"Goya","pop_total":35185.5252424988,"mass_total":7759718.864579848,"n_hex":10,"sample_h3":"87a965280ffffff","log_pop":4.5463640385,"log_mass":6.889845987},{"country_iso":"ARG","city_id":1073,"city":"Formosa","pop_total":89302.4301931082,"mass_total":19381796.3039582185,"n_hex":19,"sample_h3":"87a941040ffffff","log_pop":4.9508632775,"log_mass":7.287394025},{"country_iso":"ARG","city_id":1076,"city":"Jun\u00edn","pop_total":31594.3910133306,"mass_total":12620804.2744440641,"n_hex":15,"sample_h3":"87c2edc30ffffff","log_pop":4.4996099887,"log_mass":7.1010870317},{"country_iso":"ARG","city_id":1077,"city":"Pergamino","pop_total":31684.3126118838,"mass_total":12453352.6726203486,"n_hex":12,"sample_h3":"87c2e8b80ffffff","log_pop":4.5008442896,"log_mass":7.0952862873},{"country_iso":"ARG","city_id":1080,"city":"San Nicol\u00e1s de los Arroyos","pop_total":59240.652465207,"mass_total":16838629.2511812635,"n_hex":17,"sample_h3":"87c2e8608ffffff","log_pop":4.7726198331,"log_mass":7.2263067349},{"country_iso":"ARG","city_id":1083,"city":"Bah\u00eda Blanca","pop_total":136439.211918613,"mass_total":50634595.2205521315,"n_hex":35,"sample_h3":"87c350424ffffff","log_pop":5.1349392022,"log_mass":7.7044473425},{"country_iso":"ARG","city_id":1087,"city":"Viedma","pop_total":25745.7020517574,"mass_total":10575000.152072154,"n_hex":12,"sample_h3":"87c308b10ffffff","log_pop":4.410704739,"log_mass":7.0242803823},{"country_iso":"ARG","city_id":1089,"city":"Concordia","pop_total":110043.4642971579,"mass_total":26625194.5728597157,"n_hex":22,"sample_h3":"87c2cac25ffffff","log_pop":5.041564254,"log_mass":7.4252927902},{"country_iso":"ARG","city_id":1092,"city":"Z\u00e1rate","pop_total":23480.7082462591,"mass_total":13331277.6317384094,"n_hex":12,"sample_h3":"87c2ee509ffffff","log_pop":4.3707111924,"log_mass":7.124871773},{"country_iso":"ARG","city_id":1093,"city":"Olavarr\u00eda","pop_total":28998.4613710273,"mass_total":13438723.3468517233,"n_hex":10,"sample_h3":"87c22d240ffffff","log_pop":4.4623749553,"log_mass":7.1283580135},{"country_iso":"ARG","city_id":1094,"city":"Gualeguaychu","pop_total":23921.3808505376,"mass_total":9530943.142163448,"n_hex":11,"sample_h3":"87c2c1808ffffff","log_pop":4.3787862455,"log_mass":6.9791358787},{"country_iso":"ARG","city_id":1095,"city":"Concepci\u00f3n del Uruguay","pop_total":23116.9470908371,"mass_total":9989759.9722491968,"n_hex":11,"sample_h3":"87c2c1628ffffff","log_pop":4.363930479,"log_mass":6.9995550534},{"country_iso":"ARG","city_id":1096,"city":"Campana","pop_total":23352.609405397,"mass_total":12232710.9402877986,"n_hex":11,"sample_h3":"87c2ee520ffffff","log_pop":4.3683354154,"log_mass":7.0875227135},{"country_iso":"ARG","city_id":1097,"city":"Luj\u00e1n","pop_total":22710.8658688283,"mass_total":10634809.9845127221,"n_hex":11,"sample_h3":"87c2e1680ffffff","log_pop":4.3562336923,"log_mass":7.0267297346},{"country_iso":"ARG","city_id":1101,"city":"Pilar","pop_total":37972.2309702499,"mass_total":14182959.2555917986,"n_hex":22,"sample_h3":"87c2e3a52ffffff","log_pop":4.5794661139,"log_mass":7.1517668553},{"country_iso":"ARG","city_id":1102,"city":"General Rodr\u00edguez","pop_total":14544.3226285402,"mass_total":6222033.8931443198,"n_hex":11,"sample_h3":"87c2e3a2dffffff","log_pop":4.1626934997,"log_mass":6.7939323725},{"country_iso":"ARG","city_id":1103,"city":"Bel\u00e9n de Escobar","pop_total":30312.1692074701,"mass_total":9744980.8973175064,"n_hex":14,"sample_h3":"87c2e330dffffff","log_pop":4.4816170166,"log_mass":6.9887809921},{"country_iso":"ARG","city_id":1105,"city":"Buenos Aires","pop_total":9996491.3012975156,"mass_total":1481721463.2982382774,"n_hex":640,"sample_h3":"87c2e06c8ffffff","log_pop":6.9998475924,"log_mass":9.1707665718},{"country_iso":"ARG","city_id":1107,"city":"Posadas","pop_total":173031.338790671,"mass_total":37262607.1086063683,"n_hex":31,"sample_h3":"87a946081ffffff","log_pop":5.238124768,"log_mass":7.5712732374},{"country_iso":"ARG","city_id":1109,"city":"Trist\u00e1n Su\u00e1rez","pop_total":21889.2562104674,"mass_total":7943231.4923353335,"n_hex":11,"sample_h3":"87c2e3900ffffff","log_pop":4.3402310046,"log_mass":6.8999972195},{"country_iso":"ARG","city_id":1117,"city":"La Plata","pop_total":390056.2507312915,"mass_total":111170940.4493729174,"n_hex":81,"sample_h3":"87c2e2344ffffff","log_pop":5.591127242,"log_mass":8.0459912796},{"country_iso":"ARG","city_id":1119,"city":"Tandil","pop_total":46374.2538125356,"mass_total":16127564.3106696121,"n_hex":13,"sample_h3":"87c22b900ffffff","log_pop":4.6662769346,"log_mass":7.2075687824},{"country_iso":"ARG","city_id":1120,"city":"Ober\u00e1","pop_total":22336.5743310442,"mass_total":5732726.7990019992,"n_hex":11,"sample_h3":"87a955810ffffff","log_pop":4.3490165679,"log_mass":6.7583612454},{"country_iso":"ARG","city_id":1123,"city":"Eldorado","pop_total":13023.0583672019,"mass_total":4444887.7448976561,"n_hex":11,"sample_h3":"87a951c1affffff","log_pop":4.114712987,"log_mass":6.6478607974},{"country_iso":"ARG","city_id":1130,"city":"Necochea","pop_total":32889.3789848187,"mass_total":14635584.7300977968,"n_hex":16,"sample_h3":"87c205321ffffff","log_pop":4.5170556732,"log_mass":7.1654100783},{"country_iso":"ARG","city_id":1141,"city":"Mar del Plata","pop_total":350830.12216171,"mass_total":79112621.3627287596,"n_hex":54,"sample_h3":"87c203608ffffff","log_pop":5.5450968747,"log_mass":7.8982457749}]