[{"country_iso":"MDG","city_id":5763,"city":"Mahajanga","pop_total":16336.5692391218,"mass_total":5390180.865155614,"n_hex":9,"sample_h3":"87a31d430ffffff","log_pop":4.2131608578,"log_mass":6.731603338},{"country_iso":"MDG","city_id":5767,"city":"Antsirabe","pop_total":3467.9179102234,"mass_total":2378055.2091579516,"n_hex":6,"sample_h3":"87a2306e8ffffff","log_pop":3.5400688087,"log_mass":6.376221933},{"country_iso":"MDG","city_id":5768,"city":"Ikongo","pop_total":4.0968046188,"mass_total":1773.6820915879,"n_hex":1,"sample_h3":"87a2108e0ffffff","log_pop":0.6124452525,"log_mass":3.2488757811},{"country_iso":"MDG","city_id":5773,"city":"Sambaina","pop_total":107.0738221299,"mass_total":60954.6422618072,"n_hex":3,"sample_h3":"87a230280ffffff","log_pop":2.0296833056,"log_mass":4.7850067868},{"country_iso":"MDG","city_id":5776,"city":"Farafangana","pop_total":3610.4123219135,"mass_total":649104.6302217301,"n_hex":4,"sample_h3":"87a2138b0ffffff","log_pop":3.5575568027,"log_mass":5.8123147071},{"country_iso":"MDG","city_id":5783,"city":"Antanifotsy","pop_total":118.564031601,"mass_total":48258.0339282855,"n_hex":2,"sample_h3":"87a2302d8ffffff","log_pop":2.0739529585,"log_mass":4.6835696244},{"country_iso":"MDG","city_id":5791,"city":"Manakara","pop_total":1799.3476514863,"mass_total":484655.7908317064,"n_hex":4,"sample_h3":"87a21034dffffff","log_pop":3.2551150814,"log_mass":5.6854334062},{"country_iso":"MDG","city_id":5792,"city":"Antananarivo","pop_total":597118.1594126102,"mass_total":65859940.5735919327,"n_hex":66,"sample_h3":"87a231d28ffffff","log_pop":5.776060279,"log_mass":7.8186213345},{"country_iso":"MDG","city_id":5793,"city":"Ambatolampy Tsimahafotsy","pop_total":3857.1323876811,"mass_total":179063.0133866717,"n_hex":3,"sample_h3":"87a235608ffffff","log_pop":3.5862645453,"log_mass":5.2530058888},{"country_iso":"MDG","city_id":5796,"city":"Ambohidrabiby","pop_total":125.1905937195,"mass_total":36648.8652899485,"n_hex":2,"sample_h3":"87a235642ffffff","log_pop":2.0975716991,"log_mass":4.5640605327},{"country_iso":"MDG","city_id":5852,"city":"Antetezambaro","pop_total":16.9546419434,"mass_total":16393.6249437184,"n_hex":1,"sample_h3":"87a22389cffffff","log_pop":1.2292886226,"log_mass":4.214674995},{"country_iso":"MDG","city_id":5873,"city":"Maroantsetra","pop_total":869.4346486484,"mass_total":716751.918709776,"n_hex":3,"sample_h3":"87a356566ffffff","log_pop":2.9392369437,"log_mass":5.8553688642}]