[{"country_iso":"COL","city_id":419,"city":"San Andr\u00e9s","pop_total":1543.9296149609,"mass_total":132628.337230616,"n_hex":4,"sample_h3":"876783c98ffffff","log_pop":3.1886274977,"log_mass":5.1226363249},{"country_iso":"COL","city_id":461,"city":"Tumaco","pop_total":7639.0772301244,"mass_total":1333858.4919248212,"n_hex":4,"sample_h3":"8766d0d24ffffff","log_pop":3.8830409007,"log_mass":6.125109758},{"country_iso":"COL","city_id":488,"city":"Ipiales","pop_total":20777.2469475279,"mass_total":3225971.3865843168,"n_hex":5,"sample_h3":"8766d1893ffffff","log_pop":4.3175880016,"log_mass":6.508660511},{"country_iso":"COL","city_id":492,"city":"Pasto","pop_total":135021.8979396558,"mass_total":11328944.2146221697,"n_hex":9,"sample_h3":"8766d521bffffff","log_pop":5.1304042084,"log_mass":7.0541894383},{"country_iso":"COL","city_id":495,"city":"La Hormiga","pop_total":4838.7785324994,"mass_total":394832.2004323907,"n_hex":2,"sample_h3":"8766dcd04ffffff","log_pop":3.6847357452,"log_mass":5.5964125642},{"country_iso":"COL","city_id":497,"city":"El esfuerzo","pop_total":8522.6170198478,"mass_total":458951.98668405,"n_hex":5,"sample_h3":"8766f0a84ffffff","log_pop":3.930572973,"log_mass":5.6617672541},{"country_iso":"COL","city_id":499,"city":"Orito","pop_total":1864.0003611677,"mass_total":537128.5608295406,"n_hex":4,"sample_h3":"8766c2783ffffff","log_pop":3.2704459922,"log_mass":5.7300782458},{"country_iso":"COL","city_id":506,"city":"Popay\u00e1n","pop_total":97881.7272135267,"mass_total":9041922.0087724812,"n_hex":15,"sample_h3":"8766c6c28ffffff","log_pop":4.9907016243,"log_mass":6.9562607567},{"country_iso":"COL","city_id":511,"city":"Puerto As\u00eds","pop_total":2066.4828953762,"mass_total":1253512.4569376775,"n_hex":4,"sample_h3":"8766c2298ffffff","log_pop":3.3152318149,"log_mass":6.0981286542},{"country_iso":"COL","city_id":512,"city":"Cali","pop_total":1288880.9232663885,"mass_total":84894759.3888310641,"n_hex":41,"sample_h3":"8766f1194ffffff","log_pop":6.1102127957,"log_mass":7.9288808818},{"country_iso":"COL","city_id":514,"city":"Jamund\u00ed","pop_total":18042.8796652476,"mass_total":2140262.7862966922,"n_hex":4,"sample_h3":"8766f119affffff","log_pop":4.2563058527,"log_mass":6.3304671003},{"country_iso":"COL","city_id":515,"city":"Quibd\u00f3","pop_total":5326.8211218535,"mass_total":872453.74017738,"n_hex":5,"sample_h3":"87661a260ffffff","log_pop":3.7264681131,"log_mass":5.9407424088},{"country_iso":"COL","city_id":516,"city":"Santander de Quilichao","pop_total":10601.6139909389,"mass_total":1651829.2497368034,"n_hex":4,"sample_h3":"8766f1705ffffff","log_pop":4.0253719873,"log_mass":6.2179651521},{"country_iso":"COL","city_id":520,"city":"Turbo","pop_total":6951.3599463388,"mass_total":1180189.9734092662,"n_hex":3,"sample_h3":"876611040ffffff","log_pop":3.8420697772,"log_mass":6.0719519207},{"country_iso":"COL","city_id":521,"city":"Chigorod\u00f3","pop_total":10051.7109291451,"mass_total":1560899.0752022446,"n_hex":4,"sample_h3":"8766112d3ffffff","log_pop":4.0022399905,"log_mass":6.1933748233},{"country_iso":"COL","city_id":524,"city":"Palmira","pop_total":49010.49149048,"mass_total":9904194.0138951819,"n_hex":10,"sample_h3":"8766f1880ffffff","log_pop":4.6902890578,"log_mass":6.9958191392},{"country_iso":"COL","city_id":526,"city":"Buga","pop_total":29992.6838306689,"mass_total":3593872.4894259037,"n_hex":6,"sample_h3":"8766f5662ffffff","log_pop":4.4770153294,"log_mass":6.5555626643},{"country_iso":"COL","city_id":527,"city":"Apartad\u00f3","pop_total":27585.0041845546,"mass_total":2485860.4854401266,"n_hex":5,"sample_h3":"876611204ffffff","log_pop":4.4406730542,"log_mass":6.395476751},{"country_iso":"COL","city_id":531,"city":"Tulu\u00e1","pop_total":57600.2177573036,"mass_total":6592339.1612983933,"n_hex":9,"sample_h3":"8766f50c9ffffff","log_pop":4.7604241253,"log_mass":6.8190395428},{"country_iso":"COL","city_id":533,"city":"Pitalito","pop_total":28886.5834891974,"mass_total":3126457.4241613043,"n_hex":7,"sample_h3":"8766c6344ffffff","log_pop":4.4606961795,"log_mass":6.4950525189},{"country_iso":"COL","city_id":538,"city":"La Plata","pop_total":5108.7030184166,"mass_total":812058.1850979711,"n_hex":3,"sample_h3":"8766c44c6ffffff","log_pop":3.7083106568,"log_mass":5.9095871482},{"country_iso":"COL","city_id":540,"city":"Cartago","pop_total":41288.1344624837,"mass_total":4472602.695552147,"n_hex":10,"sample_h3":"8766f5940ffffff","log_pop":4.6158252604,"log_mass":6.6505603212},{"country_iso":"COL","city_id":542,"city":"Pereira","pop_total":209106.9494493952,"mass_total":16990562.9030387215,"n_hex":20,"sample_h3":"8766e6434ffffff","log_pop":5.3203684664,"log_mass":7.2302077674},{"country_iso":"COL","city_id":543,"city":"Garz\u00f3n","pop_total":15131.4359559508,"mass_total":1502802.9430819401,"n_hex":3,"sample_h3":"8766c4606ffffff","log_pop":4.179880144,"log_mass":6.1769020369},{"country_iso":"COL","city_id":544,"city":"Florencia","pop_total":38054.934543503,"mass_total":5240900.9645729307,"n_hex":6,"sample_h3":"8766c0112ffffff","log_pop":4.5804109793,"log_mass":6.7194059531},{"country_iso":"COL","city_id":546,"city":"Tierralta","pop_total":5842.0249027346,"mass_total":1649312.2088765262,"n_hex":5,"sample_h3":"876602618ffffff","log_pop":3.7665634039,"log_mass":6.2173028738},{"country_iso":"COL","city_id":547,"city":"Armenia","pop_total":101608.554280786,"mass_total":6602647.8751202188,"n_hex":9,"sample_h3":"8766e64c0ffffff","log_pop":5.0069302721,"log_mass":6.8197181366},{"country_iso":"COL","city_id":552,"city":"Calarc\u00e1","pop_total":11158.6932126176,"mass_total":1213904.7608556594,"n_hex":4,"sample_h3":"8766e64c1ffffff","log_pop":4.0476133376,"log_mass":6.0841846147},{"country_iso":"COL","city_id":555,"city":"Santa Rosa de Cabal","pop_total":12722.9772873953,"mass_total":1843605.0794740864,"n_hex":4,"sample_h3":"8766e6500ffffff","log_pop":4.1045887519,"log_mass":6.265667896},{"country_iso":"COL","city_id":561,"city":"Medell\u00edn","pop_total":1871653.2549368467,"mass_total":122051590.7383437157,"n_hex":61,"sample_h3":"876618264ffffff","log_pop":6.2722253939,"log_mass":8.0865434441},{"country_iso":"COL","city_id":562,"city":"Caldas","pop_total":16067.6406714121,"mass_total":1112467.817275377,"n_hex":3,"sample_h3":"876618260ffffff","log_pop":4.2059521108,"log_mass":6.0462874561},{"country_iso":"COL","city_id":563,"city":"Monter\u00eda","pop_total":143949.0607556811,"mass_total":13961842.2347621024,"n_hex":14,"sample_h3":"876602110ffffff","log_pop":5.1582088355,"log_mass":7.1449427263},{"country_iso":"COL","city_id":565,"city":"Manizales","pop_total":124796.4746111402,"mass_total":12601639.8768614773,"n_hex":18,"sample_h3":"8766e6c00ffffff","log_pop":5.0962023171,"log_mass":7.1004270644},{"country_iso":"COL","city_id":570,"city":"Neiva","pop_total":123552.6342712337,"mass_total":11833436.2290179599,"n_hex":15,"sample_h3":"8766c4800ffffff","log_pop":5.0918520094,"log_mass":7.0731108747},{"country_iso":"COL","city_id":571,"city":"Ceret\u00e9","pop_total":17882.82965604,"mass_total":1960540.3864014847,"n_hex":4,"sample_h3":"876602880ffffff","log_pop":4.2524362397,"log_mass":6.292375793},{"country_iso":"COL","city_id":572,"city":"Lorica","pop_total":17651.8621513815,"mass_total":1633699.4749487899,"n_hex":5,"sample_h3":"876606670ffffff","log_pop":4.2467905273,"log_mass":6.2131721695},{"country_iso":"COL","city_id":574,"city":"Rionegro","pop_total":9995.0258109224,"mass_total":2428432.9048700752,"n_hex":8,"sample_h3":"876619c00ffffff","log_pop":3.99978392,"log_mass":6.3853261089},{"country_iso":"COL","city_id":575,"city":"Ibagu\u00e9","pop_total":131306.9770187453,"mass_total":13203173.5376803521,"n_hex":14,"sample_h3":"8766e6393ffffff","log_pop":5.118287803,"log_mass":7.1206783315},{"country_iso":"COL","city_id":579,"city":"Planeta Rica","pop_total":10099.7108481538,"mass_total":1612034.5189054711,"n_hex":4,"sample_h3":"876602300ffffff","log_pop":4.0043089402,"log_mass":6.2073743372},{"country_iso":"COL","city_id":581,"city":"Montel\u00edbano","pop_total":12422.8670960352,"mass_total":2244773.7953877198,"n_hex":5,"sample_h3":"876603432ffffff","log_pop":4.094221839,"log_mass":6.3511725839},{"country_iso":"COL","city_id":584,"city":"Sahag\u00fan","pop_total":39575.123143873,"mass_total":2346051.2258578809,"n_hex":6,"sample_h3":"876600494ffffff","log_pop":4.5974222749,"log_mass":6.3703374907},{"country_iso":"COL","city_id":586,"city":"Cartagena","pop_total":591466.3843561864,"mass_total":51392738.0399406925,"n_hex":40,"sample_h3":"876631212ffffff","log_pop":5.7719300668,"log_mass":7.7109017561},{"country_iso":"COL","city_id":587,"city":"Sincelejo","pop_total":126233.8822772774,"mass_total":10773002.0230507702,"n_hex":11,"sample_h3":"876606229ffffff","log_pop":5.101175939,"log_mass":7.0323367414},{"country_iso":"COL","city_id":589,"city":"Espinal","pop_total":9410.7672820821,"mass_total":1654049.1237747772,"n_hex":5,"sample_h3":"8766e0580ffffff","log_pop":3.9736250339,"log_mass":6.2185484036},{"country_iso":"COL","city_id":592,"city":"Caucasia","pop_total":17038.440284643,"mass_total":2070195.9084346574,"n_hex":4,"sample_h3":"876603540ffffff","log_pop":4.2314298365,"log_mass":6.3160114459},{"country_iso":"COL","city_id":593,"city":"San Vicente del Cagu\u00e1n","pop_total":293.76603508,"mass_total":77374.894415799,"n_hex":1,"sample_h3":"8766c5ce2ffffff","log_pop":2.4680015817,"log_mass":4.8886000694},{"country_iso":"COL","city_id":597,"city":"Morroa","pop_total":17421.5632112438,"mass_total":2375860.2087019174,"n_hex":5,"sample_h3":"876600cb6ffffff","log_pop":4.241087121,"log_mass":6.375820884},{"country_iso":"COL","city_id":598,"city":"Girardot","pop_total":13078.4853883407,"mass_total":2223153.3930289284,"n_hex":8,"sample_h3":"8766e6241ffffff","log_pop":4.1165574515,"log_mass":6.3469694292},{"country_iso":"COL","city_id":599,"city":"Turbaco","pop_total":11292.21474402,"mass_total":1905996.6513165447,"n_hex":6,"sample_h3":"876631200ffffff","log_pop":4.0527791285,"log_mass":6.2801221333},{"country_iso":"COL","city_id":602,"city":"San Marcos","pop_total":6666.2937562279,"mass_total":1010630.7992814273,"n_hex":5,"sample_h3":"8766006a4ffffff","log_pop":3.8238844473,"log_mass":6.0045925294},{"country_iso":"COL","city_id":603,"city":"Arjona","pop_total":11319.5753406412,"mass_total":1240229.1310152754,"n_hex":5,"sample_h3":"876631208ffffff","log_pop":4.0538301344,"log_mass":6.093501928},{"country_iso":"COL","city_id":608,"city":"El Carmen de Bol\u00edvar","pop_total":15381.5422849393,"mass_total":1823220.8069424594,"n_hex":5,"sample_h3":"876606b61ffffff","log_pop":4.1869998837,"log_mass":6.2608392685},{"country_iso":"COL","city_id":609,"city":"La Dorada","pop_total":18981.4283789995,"mass_total":2321791.984570045,"n_hex":8,"sample_h3":"876619349ffffff","log_pop":4.2783288906,"log_mass":6.3658233076},{"country_iso":"COL","city_id":611,"city":"Puerto Boyac\u00e1","pop_total":4771.3423007311,"mass_total":1342183.3635463209,"n_hex":3,"sample_h3":"87660a4dbffffff","log_pop":3.6786405744,"log_mass":6.1278118514},{"country_iso":"COL","city_id":615,"city":"Fusagasug\u00e1","pop_total":36418.1447012883,"mass_total":4420622.6381816613,"n_hex":8,"sample_h3":"8766e0c40ffffff","log_pop":4.5613178172,"log_mass":6.6454834434},{"country_iso":"COL","city_id":617,"city":"Facatativ\u00e1","pop_total":32944.4409233505,"mass_total":3065069.2634869483,"n_hex":7,"sample_h3":"8766e4605ffffff","log_pop":4.5177821418,"log_mass":6.486440293},{"country_iso":"COL","city_id":618,"city":"Magangu\u00e9","pop_total":32862.2471686101,"mass_total":3727522.9664399303,"n_hex":8,"sample_h3":"876600881ffffff","log_pop":4.5166972578,"log_mass":6.571420328},{"country_iso":"COL","city_id":620,"city":"Sabanalarga","pop_total":19612.8337480508,"mass_total":1936496.6439121361,"n_hex":4,"sample_h3":"876622681ffffff","log_pop":4.292540347,"log_mass":6.2870167487},{"country_iso":"COL","city_id":621,"city":"Bogota","pop_total":6045170.5634611491,"mass_total":337688161.1622149348,"n_hex":130,"sample_h3":"8766e0820ffffff","log_pop":6.7814085589,"log_mass":8.5285158352},{"country_iso":"COL","city_id":626,"city":"Barranquilla","pop_total":1430429.0368101271,"mass_total":83908072.7803034931,"n_hex":46,"sample_h3":"876622080ffffff","log_pop":6.1554663174,"log_mass":7.9238037462},{"country_iso":"COL","city_id":629,"city":"Ch\u00eda","pop_total":47117.9523549061,"mass_total":7303136.3702159291,"n_hex":15,"sample_h3":"8766e4232ffffff","log_pop":4.6731864087,"log_mass":6.8635094102},{"country_iso":"COL","city_id":631,"city":"Zipaquir\u00e1","pop_total":28990.803109169,"mass_total":3417404.1468926179,"n_hex":6,"sample_h3":"8766e4330ffffff","log_pop":4.4622602464,"log_mass":6.5336963421},{"country_iso":"COL","city_id":633,"city":"Tiquisio","pop_total":342.650366727,"mass_total":78996.0930456627,"n_hex":1,"sample_h3":"876601c89ffffff","log_pop":2.534851201,"log_mass":4.8976056127},{"country_iso":"COL","city_id":638,"city":"Manuela","pop_total":4494.7224574285,"mass_total":2502338.0115469997,"n_hex":5,"sample_h3":"8766e0a40ffffff","log_pop":3.6527028798,"log_mass":6.3983459731},{"country_iso":"COL","city_id":641,"city":"Granada","pop_total":7522.2869666193,"mass_total":1344022.963710275,"n_hex":4,"sample_h3":"8766e152dffffff","log_pop":3.8763498972,"log_mass":6.1284066891},{"country_iso":"COL","city_id":642,"city":"Chiquinquir\u00e1","pop_total":12434.3498697056,"mass_total":1728256.260978617,"n_hex":5,"sample_h3":"87660b590ffffff","log_pop":4.0946230831,"log_mass":6.2376081389},{"country_iso":"COL","city_id":645,"city":"Barrancabermeja","pop_total":32053.5331050798,"mass_total":7452724.2893885532,"n_hex":11,"sample_h3":"87660e312ffffff","log_pop":4.5058759067,"log_mass":6.872315055},{"country_iso":"COL","city_id":646,"city":"Villavicencio","pop_total":90758.8931078481,"mass_total":12693270.3045445159,"n_hex":13,"sample_h3":"8766e0b69ffffff","log_pop":4.9578891906,"log_mass":7.1035735285},{"country_iso":"COL","city_id":647,"city":"Ci\u00e9naga","pop_total":37442.7425546889,"mass_total":5740899.7729577031,"n_hex":13,"sample_h3":"876622a03ffffff","log_pop":4.5733676518,"log_mass":6.7589799648},{"country_iso":"COL","city_id":649,"city":"Fundaci\u00f3n","pop_total":19579.3292261423,"mass_total":2112258.4493608382,"n_hex":4,"sample_h3":"876623510ffffff","log_pop":4.2917978091,"log_mass":6.324747056},{"country_iso":"COL","city_id":653,"city":"Playa Blanca","pop_total":24729.7904494809,"mass_total":3291962.6012351383,"n_hex":6,"sample_h3":"876622b00ffffff","log_pop":4.3932204363,"log_mass":6.5174548927},{"country_iso":"COL","city_id":654,"city":"Santa Marta","pop_total":167086.4761335896,"mass_total":18747326.903625831,"n_hex":17,"sample_h3":"87662048bffffff","log_pop":5.2229412998,"log_mass":7.2729393524},{"country_iso":"COL","city_id":659,"city":"Tunja","pop_total":72191.7867381115,"mass_total":7951860.0285803648,"n_hex":10,"sample_h3":"87660b080ffffff","log_pop":4.8584877907,"log_mass":6.9004687269},{"country_iso":"COL","city_id":660,"city":"Aguachica","pop_total":26118.5939021821,"mass_total":3619596.481808411,"n_hex":7,"sample_h3":"876601a81ffffff","log_pop":4.4169497929,"log_mass":6.5586601574},{"country_iso":"COL","city_id":667,"city":"Oca\u00f1a","pop_total":31247.1085243113,"mass_total":4658887.0535396524,"n_hex":6,"sample_h3":"876601a41ffffff","log_pop":4.4948098358,"log_mass":6.6682821819},{"country_iso":"COL","city_id":670,"city":"Bucaramanga","pop_total":379445.6921529247,"mass_total":29610166.073965326,"n_hex":30,"sample_h3":"876608980ffffff","log_pop":5.5791496266,"log_mass":7.4714408432},{"country_iso":"COL","city_id":671,"city":"Duitama","pop_total":39024.9642177077,"mass_total":4901139.0794683704,"n_hex":8,"sample_h3":"87660b8c4ffffff","log_pop":4.5913425135,"log_mass":6.6902970266},{"country_iso":"COL","city_id":672,"city":"Piedecuesta","pop_total":26571.3495536243,"mass_total":2879272.3181794304,"n_hex":6,"sample_h3":"876608812ffffff","log_pop":4.4244136127,"log_mass":6.4592827419},{"country_iso":"COL","city_id":673,"city":"Sogamoso","pop_total":30640.1356614618,"mass_total":4210696.7166320328,"n_hex":5,"sample_h3":"87660bb84ffffff","log_pop":4.4862906838,"log_mass":6.6243539617},{"country_iso":"COL","city_id":676,"city":"San Jos\u00e9 del Guaviare","pop_total":2355.7371557479,"mass_total":594532.3433418011,"n_hex":4,"sample_h3":"8766ec704ffffff","log_pop":3.3721268319,"log_mass":5.7741754858},{"country_iso":"COL","city_id":678,"city":"Valledupar","pop_total":147062.7543423297,"mass_total":18916432.0677300617,"n_hex":15,"sample_h3":"876623a21ffffff","log_pop":5.1675026956,"log_mass":7.2768392251},{"country_iso":"COL","city_id":683,"city":"Pamplona","pop_total":14184.3101572074,"mass_total":1352038.4138154187,"n_hex":3,"sample_h3":"87660c343ffffff","log_pop":4.1518082191,"log_mass":6.1309890309},{"country_iso":"COL","city_id":687,"city":"Yopal","pop_total":36646.2990715242,"mass_total":7123529.9937540628,"n_hex":7,"sample_h3":"876656d40ffffff","log_pop":4.5640301216,"log_mass":6.8526952572},{"country_iso":"COL","city_id":689,"city":"C\u00facuta","pop_total":354917.8356826726,"mass_total":36443312.6393646076,"n_hex":28,"sample_h3":"87660cb2cffffff","log_pop":5.5501278245,"log_mass":7.5616178468},{"country_iso":"COL","city_id":691,"city":"Villa del Rosario","pop_total":59917.8077504046,"mass_total":9259495.5237362552,"n_hex":16,"sample_h3":"87660cb60ffffff","log_pop":4.7775559152,"log_mass":6.9665873261},{"country_iso":"COL","city_id":692,"city":"Riohacha","pop_total":75204.2348679262,"mass_total":8544078.3030518368,"n_hex":9,"sample_h3":"876625712ffffff","log_pop":4.8762422971,"log_mass":6.9316652198},{"country_iso":"COL","city_id":706,"city":"Saravena","pop_total":8608.8654576292,"mass_total":1217380.7206431234,"n_hex":4,"sample_h3":"87660da98ffffff","log_pop":3.9349459206,"log_mass":6.0854264197},{"country_iso":"COL","city_id":708,"city":"Manaure","pop_total":6874.121625803,"mass_total":411643.692295908,"n_hex":3,"sample_h3":"876625ab0ffffff","log_pop":3.837217212,"log_mass":5.614521465},{"country_iso":"COL","city_id":712,"city":"Maicao","pop_total":28071.716618983,"mass_total":4642936.4410155304,"n_hex":8,"sample_h3":"876625260ffffff","log_pop":4.4482689711,"log_mass":6.6667927385},{"country_iso":"COL","city_id":714,"city":"Uribia","pop_total":9019.3548440297,"mass_total":669814.812705043,"n_hex":3,"sample_h3":"876625a0affffff","log_pop":3.9551754735,"log_mass":5.8259547476},{"country_iso":"COL","city_id":720,"city":"Junain","pop_total":4252.3023025438,"mass_total":1214089.4726063134,"n_hex":6,"sample_h3":"876756cd8ffffff","log_pop":3.6286241316,"log_mass":6.0842506934},{"country_iso":"COL","city_id":732,"city":"Arauca","pop_total":14704.0651403577,"mass_total":2995137.9020896372,"n_hex":8,"sample_h3":"876676264ffffff","log_pop":4.167437418,"log_mass":6.476416823}]