[{"country_iso":"EGY","city_id":3601,"city":"Marsa Matruh\u200e","pop_total":73434.1024150063,"mass_total":11922433.4328402355,"n_hex":17,"sample_h3":"873e2da40ffffff","log_pop":4.8658977909,"log_mass":7.0763649063},{"country_iso":"EGY","city_id":3751,"city":"Alexandria","pop_total":3688094.9277802981,"mass_total":217448259.0917877257,"n_hex":129,"sample_h3":"873e66d00ffffff","log_pop":6.5668020908,"log_mass":8.337355935},{"country_iso":"EGY","city_id":3789,"city":"Idku","pop_total":61159.0209816652,"mass_total":5444595.4571834449,"n_hex":6,"sample_h3":"873f59652ffffff","log_pop":4.7864605247,"log_mass":6.7359656165},{"country_iso":"EGY","city_id":3793,"city":"Abu Huminus","pop_total":22267.3629589941,"mass_total":2599943.6585258106,"n_hex":9,"sample_h3":"873e66d40ffffff","log_pop":4.3476687882,"log_mass":6.4149639368},{"country_iso":"EGY","city_id":3794,"city":"Izbat Bahnasi","pop_total":4486.2922072354,"mass_total":1110597.1473142158,"n_hex":8,"sample_h3":"873f59293ffffff","log_pop":3.6518875572,"log_mass":6.0455565536},{"country_iso":"EGY","city_id":3796,"city":"Hawsh Isa","pop_total":18807.7414322404,"mass_total":2197739.1881963965,"n_hex":5,"sample_h3":"873e66c08ffffff","log_pop":4.2743366455,"log_mass":6.3419761522},{"country_iso":"EGY","city_id":3800,"city":"Rosetta","pop_total":32554.5434941778,"mass_total":3013610.107982175,"n_hex":7,"sample_h3":"873f59648ffffff","log_pop":4.5126116097,"log_mass":6.4790870639},{"country_iso":"EGY","city_id":3804,"city":"Damanhur","pop_total":251344.0845094157,"mass_total":14068435.1525694523,"n_hex":15,"sample_h3":"873e66882ffffff","log_pop":5.4002686684,"log_mass":7.1482457931},{"country_iso":"EGY","city_id":3806,"city":"Mutubis","pop_total":8117.8585832334,"mass_total":955603.7111389058,"n_hex":4,"sample_h3":"873e66911ffffff","log_pop":3.9094414814,"log_mass":5.9802778277},{"country_iso":"EGY","city_id":3807,"city":"Fuwah","pop_total":59765.7696412143,"mass_total":4910995.7316644583,"n_hex":13,"sample_h3":"873e66814ffffff","log_pop":4.7764525166,"log_mass":6.6911695567},{"country_iso":"EGY","city_id":3813,"city":"Delingat","pop_total":14586.2026496064,"mass_total":2486766.820539007,"n_hex":7,"sample_h3":"873e66181ffffff","log_pop":4.163942243,"log_mass":6.3956350642},{"country_iso":"EGY","city_id":3816,"city":"Al Zayyatin al Qibliyah","pop_total":1118.8380171832,"mass_total":202963.1551077761,"n_hex":4,"sample_h3":"873e66820ffffff","log_pop":3.0487672149,"log_mass":5.3074172055},{"country_iso":"EGY","city_id":3817,"city":"Desouk","pop_total":112410.0769425803,"mass_total":7308102.5866669994,"n_hex":14,"sample_h3":"873e66803ffffff","log_pop":5.0508052451,"log_mass":6.8638046351},{"country_iso":"EGY","city_id":3820,"city":"Sadat City","pop_total":23420.0921760475,"mass_total":9566283.2281709146,"n_hex":10,"sample_h3":"873e66780ffffff","log_pop":4.3695886,"log_mass":6.9807432348},{"country_iso":"EGY","city_id":3827,"city":"Itay el-Barud","pop_total":33428.73399316,"mass_total":4060521.6453607548,"n_hex":9,"sample_h3":"873e66024ffffff","log_pop":4.5241199294,"log_mass":6.6085818299},{"country_iso":"EGY","city_id":3828,"city":"Shubra Khit","pop_total":24924.153086696,"mass_total":3076797.9035721938,"n_hex":7,"sample_h3":"873e668c2ffffff","log_pop":4.3966204101,"log_mass":6.488098971},{"country_iso":"EGY","city_id":3830,"city":"Ezbet Ahmad al Ballasi","pop_total":8535.543294643,"mass_total":1049864.9281978889,"n_hex":7,"sample_h3":"873e66860ffffff","log_pop":3.9312311695,"log_mass":6.0211334279},{"country_iso":"EGY","city_id":3834,"city":"Al Balakus","pop_total":18631.2460293003,"mass_total":2580495.0467608422,"n_hex":4,"sample_h3":"873e66000ffffff","log_pop":4.2702419008,"log_mass":6.4117030298},{"country_iso":"EGY","city_id":3840,"city":"Kafr Al-Zaiyat","pop_total":92465.4843175813,"mass_total":9698914.1814999711,"n_hex":15,"sample_h3":"873e66028ffffff","log_pop":4.9659796488,"log_mass":6.9867231166},{"country_iso":"EGY","city_id":3841,"city":"Qaryat Salah al Din","pop_total":12948.5215334976,"mass_total":4005608.5747295548,"n_hex":6,"sample_h3":"873e660d0ffffff","log_pop":4.1122201834,"log_mass":6.6026685081},{"country_iso":"EGY","city_id":3844,"city":"Geziret Nikla","pop_total":18963.4374990501,"mass_total":2723721.6513549606,"n_hex":4,"sample_h3":"873e66144ffffff","log_pop":4.2779170646,"log_mass":6.4351627231},{"country_iso":"EGY","city_id":3845,"city":"Al Kafr al Bahri","pop_total":15674.0585585239,"mass_total":1962719.4212160693,"n_hex":3,"sample_h3":"873e66b94ffffff","log_pop":4.195181465,"log_mass":6.2928582199},{"country_iso":"EGY","city_id":3848,"city":"Kafr Dinshawai","pop_total":15252.0756274569,"mass_total":2745822.451154389,"n_hex":8,"sample_h3":"873e660c9ffffff","log_pop":4.1833289501,"log_mass":6.4386724517},{"country_iso":"EGY","city_id":3849,"city":"Kahk al Qibliya","pop_total":14376.9561940661,"mass_total":2124829.9067053292,"n_hex":8,"sample_h3":"873e62583ffffff","log_pop":4.1576669495,"log_mass":6.3273241704},{"country_iso":"EGY","city_id":3850,"city":"Kafr Al-Sheikh","pop_total":132937.1079631656,"mass_total":10083886.1418548152,"n_hex":13,"sample_h3":"873e66b12ffffff","log_pop":5.1236462265,"log_mass":7.0036279334},{"country_iso":"EGY","city_id":3856,"city":"Birma","pop_total":15015.2064587724,"mass_total":2456740.3630126412,"n_hex":5,"sample_h3":"873e66065ffffff","log_pop":4.1765313081,"log_mass":6.3903592611},{"country_iso":"EGY","city_id":3857,"city":"Qotur","pop_total":12587.1173477322,"mass_total":2291029.7009916808,"n_hex":6,"sample_h3":"873e66aa2ffffff","log_pop":4.0999262811,"log_mass":6.3600307194},{"country_iso":"EGY","city_id":3858,"city":"Shamma","pop_total":5910.3454583355,"mass_total":1029235.2667981797,"n_hex":8,"sample_h3":"873e66664ffffff","log_pop":3.771612866,"log_mass":6.0125146589},{"country_iso":"EGY","city_id":3861,"city":"Tala","pop_total":50927.9668114494,"mass_total":7265252.4227262903,"n_hex":12,"sample_h3":"873e66390ffffff","log_pop":4.7069563383,"log_mass":6.861250708},{"country_iso":"EGY","city_id":3862,"city":"Faiyum","pop_total":416056.0486664136,"mass_total":36056040.1866779774,"n_hex":83,"sample_h3":"873e62400ffffff","log_pop":5.6191518402,"log_mass":7.5569780291},{"country_iso":"EGY","city_id":3867,"city":"Manuf","pop_total":68320.3427389743,"mass_total":5937266.3192367451,"n_hex":11,"sample_h3":"873e66294ffffff","log_pop":4.8345500364,"log_mass":6.7735865299},{"country_iso":"EGY","city_id":3869,"city":"Tanta","pop_total":457148.0253011291,"mass_total":27723055.2433096431,"n_hex":21,"sample_h3":"873e6604dffffff","log_pop":5.6600568481,"log_mass":7.4428410904},{"country_iso":"EGY","city_id":3870,"city":"Al-Gharaq","pop_total":2449.8818221429,"mass_total":531965.9804101874,"n_hex":6,"sample_h3":"873e71848ffffff","log_pop":3.3891451353,"log_mass":5.7258838598},{"country_iso":"EGY","city_id":3872,"city":"Shunufa","pop_total":7361.9679158641,"mass_total":1342257.5021149954,"n_hex":5,"sample_h3":"873e662b0ffffff","log_pop":3.8669939204,"log_mass":6.12783584},{"country_iso":"EGY","city_id":3875,"city":"Mit Musa","pop_total":14894.2298884597,"mass_total":2319004.7110604821,"n_hex":5,"sample_h3":"873e66380ffffff","log_pop":4.1730180528,"log_mass":6.3653016309},{"country_iso":"EGY","city_id":3876,"city":"Tutun","pop_total":5573.3520370764,"mass_total":1201731.0011012871,"n_hex":10,"sample_h3":"873e71b04ffffff","log_pop":3.7461164758,"log_mass":6.0798072648},{"country_iso":"EGY","city_id":3877,"city":"Shibin Al-Kom","pop_total":173293.9549039429,"mass_total":13425410.729077816,"n_hex":14,"sample_h3":"873e66216ffffff","log_pop":5.2387834133,"log_mass":7.1279275811},{"country_iso":"EGY","city_id":3878,"city":"Ashmoun","pop_total":40212.3482194452,"mass_total":5554367.7052961402,"n_hex":19,"sample_h3":"873e62904ffffff","log_pop":4.6043594347,"log_mass":6.7446346271},{"country_iso":"EGY","city_id":3880,"city":"Mehallet Roh","pop_total":25072.6258992775,"mass_total":3687459.4794915458,"n_hex":9,"sample_h3":"873e66a88ffffff","log_pop":4.3991998207,"log_mass":6.5667272567},{"country_iso":"EGY","city_id":3881,"city":"6th of October","pop_total":114978.195882384,"mass_total":30277700.1441650838,"n_hex":15,"sample_h3":"873e62c29ffffff","log_pop":5.0606154899,"log_mass":7.4811228836},{"country_iso":"EGY","city_id":3882,"city":"Shimm al Basal al Bahari","pop_total":29176.5211342007,"mass_total":3877073.4880194166,"n_hex":15,"sample_h3":"873e71048ffffff","log_pop":4.4650335075,"log_mass":6.5885040329},{"country_iso":"EGY","city_id":3883,"city":"Daquf","pop_total":6477.8471669188,"mass_total":972367.4398896548,"n_hex":8,"sample_h3":"873e71740ffffff","log_pop":3.8114306974,"log_mass":5.9878304079},{"country_iso":"EGY","city_id":3884,"city":"Manqa\u0163\u012bn","pop_total":4347.1453714165,"mass_total":555132.9851474151,"n_hex":7,"sample_h3":"873e71662ffffff","log_pop":3.6382041635,"log_mass":5.7443970332},{"country_iso":"EGY","city_id":3885,"city":"Atsa","pop_total":14302.6342922379,"mass_total":1755933.6034892614,"n_hex":7,"sample_h3":"873e624d2ffffff","log_pop":4.1554160342,"log_mass":6.2445080901},{"country_iso":"EGY","city_id":3886,"city":"Sunbat","pop_total":30465.3522330041,"mass_total":5101424.226498019,"n_hex":14,"sample_h3":"873e66321ffffff","log_pop":4.4838062037,"log_mass":6.7076914403},{"country_iso":"EGY","city_id":3887,"city":"Garawan","pop_total":29708.6752958971,"mass_total":4098468.3441554005,"n_hex":13,"sample_h3":"873e66280ffffff","log_pop":4.4728832871,"log_mass":6.612621585},{"country_iso":"EGY","city_id":3888,"city":"Sandafa al Far","pop_total":12845.6950123151,"mass_total":1700265.4651849377,"n_hex":6,"sample_h3":"873e71390ffffff","log_pop":4.1087576066,"log_mass":6.2305167338},{"country_iso":"EGY","city_id":3889,"city":"El Mahalla El Kubra","pop_total":516765.481655375,"mass_total":24756952.0109544061,"n_hex":21,"sample_h3":"873e66a08ffffff","log_pop":5.7132934964,"log_mass":7.3936971748},{"country_iso":"EGY","city_id":3891,"city":"Kafr al Hajj Daud","pop_total":25298.1876101812,"mass_total":2862258.057147562,"n_hex":8,"sample_h3":"873e66224ffffff","log_pop":4.403089409,"log_mass":6.4567087866},{"country_iso":"EGY","city_id":3892,"city":"Bani Munayn","pop_total":9794.2748036141,"mass_total":1448559.641543051,"n_hex":7,"sample_h3":"873e7104cffffff","log_pop":3.9909722851,"log_mass":6.1609363811},{"country_iso":"EGY","city_id":3893,"city":"Shushah","pop_total":10987.2324113846,"mass_total":1336623.0456645067,"n_hex":8,"sample_h3":"873e71642ffffff","log_pop":4.0408883112,"log_mass":6.1260089448},{"country_iso":"EGY","city_id":3895,"city":"Al-Santa","pop_total":32060.8546760634,"mass_total":4615294.6858298546,"n_hex":8,"sample_h3":"873e66301ffffff","log_pop":4.5059750956,"log_mass":6.6641994359},{"country_iso":"EGY","city_id":3896,"city":"Sinnuris","pop_total":40603.3980565389,"mass_total":3251381.5340751959,"n_hex":8,"sample_h3":"873e62403ffffff","log_pop":4.6085623808,"log_mass":6.5120679349},{"country_iso":"EGY","city_id":3897,"city":"Naj Abd Allah Abd al Jawwad","pop_total":8443.6121778217,"mass_total":1341975.0092669111,"n_hex":12,"sample_h3":"873e71a81ffffff","log_pop":3.9265282776,"log_mass":6.1277444283},{"country_iso":"EGY","city_id":3898,"city":"Mahdiyah","pop_total":4035.3285933551,"mass_total":814483.8938305766,"n_hex":9,"sample_h3":"873e469b6ffffff","log_pop":3.6058789047,"log_mass":5.9108825007},{"country_iso":"EGY","city_id":3901,"city":"Kafr Awn","pop_total":6695.5275634766,"mass_total":1120364.6161080911,"n_hex":6,"sample_h3":"873e62902ffffff","log_pop":3.8257848022,"log_mass":6.0493593843},{"country_iso":"EGY","city_id":3902,"city":"Cairo","pop_total":13317915.5033488832,"mass_total":658966226.5495272875,"n_hex":305,"sample_h3":"873e60491ffffff","log_pop":7.1244362551,"log_mass":8.8188631566},{"country_iso":"EGY","city_id":3903,"city":"T\u016bwah Ban\u012b Ibr\u0101h\u012bm","pop_total":11986.691471874,"mass_total":1912774.6285883193,"n_hex":7,"sample_h3":"873e46992ffffff","log_pop":4.0786993271,"log_mass":6.2816638026},{"country_iso":"EGY","city_id":3904,"city":"Kafr Sarawa","pop_total":7710.7397560194,"mass_total":1169281.5346197342,"n_hex":4,"sample_h3":"873e62913ffffff","log_pop":3.8870960456,"log_mass":6.0679190913},{"country_iso":"EGY","city_id":3905,"city":"Samalut","pop_total":69444.4481554892,"mass_total":6133659.31331708,"n_hex":13,"sample_h3":"873e71640ffffff","log_pop":4.8416375311,"log_mass":6.78771965},{"country_iso":"EGY","city_id":3906,"city":"Dirin","pop_total":33933.3661242092,"mass_total":4343642.9428027524,"n_hex":10,"sample_h3":"873e64696ffffff","log_pop":4.530626943,"log_mass":6.6378541181},{"country_iso":"EGY","city_id":3907,"city":"Shubra Millis","pop_total":11529.2451368669,"mass_total":1354900.2688480809,"n_hex":2,"sample_h3":"873e66ac0ffffff","log_pop":4.0618008733,"log_mass":6.1319073289},{"country_iso":"EGY","city_id":3908,"city":"Quwaysina","pop_total":76953.2126707526,"mass_total":9774177.3403901011,"n_hex":13,"sample_h3":"873e66201ffffff","log_pop":4.8862267556,"log_mass":6.9900802145},{"country_iso":"EGY","city_id":3909,"city":"Al Ikhsas","pop_total":10606.0914471944,"mass_total":1256030.4703354423,"n_hex":5,"sample_h3":"873e62409ffffff","log_pop":4.0255553673,"log_mass":6.0990001752},{"country_iso":"EGY","city_id":3910,"city":"Damshir","pop_total":17076.0888869267,"mass_total":1568410.6995591209,"n_hex":7,"sample_h3":"873e469b0ffffff","log_pop":4.2323884068,"log_mass":6.1954597964},{"country_iso":"EGY","city_id":3911,"city":"Al Manshiyah al Qibliyah","pop_total":30779.3522063124,"mass_total":4240016.8170924848,"n_hex":19,"sample_h3":"873e46c44ffffff","log_pop":4.4882594753,"log_mass":6.6273675791},{"country_iso":"EGY","city_id":3912,"city":"Abu Sir Bana","pop_total":21180.7062344121,"mass_total":3443346.95035615,"n_hex":7,"sample_h3":"873e66ac1ffffff","log_pop":4.3259404368,"log_mass":6.5369807843},{"country_iso":"EGY","city_id":3913,"city":"Banha","pop_total":212202.4736196368,"mass_total":18260534.05050385,"n_hex":28,"sample_h3":"873e66208ffffff","log_pop":5.3267504421,"log_mass":7.2615134748},{"country_iso":"EGY","city_id":3914,"city":"Nazlet Abu Haseiba","pop_total":20652.1099569021,"mass_total":2208734.1960627474,"n_hex":7,"sample_h3":"873e71280ffffff","log_pop":4.3149644287,"log_mass":6.3441434551},{"country_iso":"EGY","city_id":3915,"city":"Al-Minya","pop_total":202978.0907836839,"mass_total":11717071.719398452,"n_hex":19,"sample_h3":"873e468a2ffffff","log_pop":5.3074491632,"log_mass":7.0688190882},{"country_iso":"EGY","city_id":3916,"city":"Kafr al Bashbishah","pop_total":12065.2210081437,"mass_total":1741410.1249520991,"n_hex":5,"sample_h3":"873e64694ffffff","log_pop":4.0815352816,"log_mass":6.2409010652},{"country_iso":"EGY","city_id":3917,"city":"Tukh","pop_total":56146.5895350251,"mass_total":7270007.9935355168,"n_hex":17,"sample_h3":"873e62921ffffff","log_pop":4.7493233814,"log_mass":6.8615348884},{"country_iso":"EGY","city_id":3918,"city":"Maghagheh","pop_total":48130.3178975535,"mass_total":4929939.5522806561,"n_hex":10,"sample_h3":"873e71234ffffff","log_pop":4.6824187302,"log_mass":6.6928415943},{"country_iso":"EGY","city_id":3919,"city":"Kafr al Arab","pop_total":26455.8828345804,"mass_total":3814246.1476332075,"n_hex":8,"sample_h3":"873e66a40ffffff","log_pop":4.4225222585,"log_mass":6.5814087163},{"country_iso":"EGY","city_id":3920,"city":"Mit Ghamr","pop_total":199729.7993364484,"mass_total":16841589.3074155897,"n_hex":17,"sample_h3":"873e66340ffffff","log_pop":5.3004428657,"log_mass":7.2263830726},{"country_iso":"EGY","city_id":3921,"city":"Aghour Al-Kubra","pop_total":24780.6460196738,"mass_total":3592060.6083818302,"n_hex":12,"sample_h3":"873e62900ffffff","log_pop":4.394112624,"log_mass":6.5553436559},{"country_iso":"EGY","city_id":3922,"city":"Beni Mazar","pop_total":62601.6388775208,"mass_total":5592356.8062616978,"n_hex":9,"sample_h3":"873e71212ffffff","log_pop":4.796585703,"log_mass":6.7475948727},{"country_iso":"EGY","city_id":3923,"city":"Aga","pop_total":12943.3755473904,"mass_total":1601883.4447940479,"n_hex":4,"sample_h3":"873e66a58ffffff","log_pop":4.1120475523,"log_mass":6.204630913},{"country_iso":"EGY","city_id":3924,"city":"Nazlat Dahrut","pop_total":11972.6119174546,"mass_total":1788118.6140587369,"n_hex":6,"sample_h3":"873e71230ffffff","log_pop":4.0781889054,"log_mass":6.2523963241},{"country_iso":"EGY","city_id":3925,"city":"Ihnasya al Madinah","pop_total":18947.9406776727,"mass_total":2169729.4838057663,"n_hex":5,"sample_h3":"873e71b50ffffff","log_pop":4.2775620164,"log_mass":6.3364055905},{"country_iso":"EGY","city_id":3926,"city":"Bilqas","pop_total":31152.3121102501,"mass_total":3783743.5665901313,"n_hex":6,"sample_h3":"873e646a4ffffff","log_pop":4.4934902853,"log_mass":6.5779216955},{"country_iso":"EGY","city_id":3927,"city":"Mansoura","pop_total":591837.029304437,"mass_total":41643030.2153322473,"n_hex":34,"sample_h3":"873e60d20ffffff","log_pop":5.7722021341,"log_mass":7.6195423241},{"country_iso":"EGY","city_id":3928,"city":"Fashn","pop_total":31652.7931873976,"mass_total":2710990.1979348063,"n_hex":7,"sample_h3":"873e71ac0ffffff","log_pop":4.5004120402,"log_mass":6.4331279473},{"country_iso":"EGY","city_id":3929,"city":"Nazlet Husein Ali","pop_total":7918.6954610825,"mass_total":1220843.457481042,"n_hex":5,"sample_h3":"873e46980ffffff","log_pop":3.8986536411,"log_mass":6.0866599802},{"country_iso":"EGY","city_id":3930,"city":"Nazlet al Saadna","pop_total":13267.5773105977,"mass_total":4118027.4150474458,"n_hex":8,"sample_h3":"873e62792ffffff","log_pop":4.122791627,"log_mass":6.6146892335},{"country_iso":"EGY","city_id":3933,"city":"Kafr al Sharaqwah","pop_total":30128.6458815893,"mass_total":4851430.3880767319,"n_hex":10,"sample_h3":"873e66229ffffff","log_pop":4.4789796129,"log_mass":6.6858698042},{"country_iso":"EGY","city_id":3934,"city":"Hour","pop_total":23338.2782659493,"mass_total":1494907.1727492996,"n_hex":3,"sample_h3":"873e46c40ffffff","log_pop":4.3680688137,"log_mass":6.1746142257},{"country_iso":"EGY","city_id":3935,"city":"Awlad Sarhan","pop_total":21534.7757679247,"mass_total":2482881.5669387355,"n_hex":8,"sample_h3":"873e46190ffffff","log_pop":4.333140354,"log_mass":6.3949560043},{"country_iso":"EGY","city_id":3936,"city":"Al Inab al Saghirah","pop_total":14317.4794736451,"mass_total":2195139.4548596111,"n_hex":6,"sample_h3":"873e60da2ffffff","log_pop":4.1558665692,"log_mass":6.3414621157},{"country_iso":"EGY","city_id":3937,"city":"Minshat al Maghaliqah","pop_total":18112.4776094848,"mass_total":1516533.8559557791,"n_hex":7,"sample_h3":"873e461b0ffffff","log_pop":4.2579778616,"log_mass":6.1808521102},{"country_iso":"EGY","city_id":3939,"city":"Atmeeda","pop_total":16257.0236806084,"mass_total":1584815.9974205359,"n_hex":5,"sample_h3":"873e66368ffffff","log_pop":4.2110410383,"log_mass":6.1999788464},{"country_iso":"EGY","city_id":3942,"city":"Dundet","pop_total":15347.9478631487,"mass_total":2663977.7946390342,"n_hex":8,"sample_h3":"873e60cb0ffffff","log_pop":4.1860503152,"log_mass":6.4255306005},{"country_iso":"EGY","city_id":3943,"city":"Nazlet al Sibaat","pop_total":23495.211411061,"mass_total":3868646.7559746886,"n_hex":12,"sample_h3":"873e662c1ffffff","log_pop":4.3709793572,"log_mass":6.5875590763},{"country_iso":"EGY","city_id":3944,"city":"Biba","pop_total":20302.9325991612,"mass_total":1911237.8455854794,"n_hex":5,"sample_h3":"873e71a52ffffff","log_pop":4.3075587729,"log_mass":6.2813147366},{"country_iso":"EGY","city_id":3947,"city":"Kafr al Dayr","pop_total":17176.0133270525,"mass_total":2229680.3994345921,"n_hex":7,"sample_h3":"873e62960ffffff","log_pop":4.2349223684,"log_mass":6.3482426161},{"country_iso":"EGY","city_id":3948,"city":"Abu Qurqas","pop_total":37373.6295907675,"mass_total":3786140.6990835657,"n_hex":8,"sample_h3":"873e46891ffffff","log_pop":4.572565277,"log_mass":6.578196749},{"country_iso":"EGY","city_id":3949,"city":"Naj al Shaykh Hasan Abu Sabir","pop_total":19944.4986679227,"mass_total":2396978.0189250535,"n_hex":7,"sample_h3":"873e460b4ffffff","log_pop":4.2998231242,"log_mass":6.3796640514},{"country_iso":"EGY","city_id":3950,"city":"Kardida","pop_total":8972.4639861013,"mass_total":1796705.6185170903,"n_hex":11,"sample_h3":"873e66242ffffff","log_pop":3.9529117238,"log_mass":6.2544769259},{"country_iso":"EGY","city_id":3951,"city":"Ghayyadah al Gharbiyah","pop_total":14890.7391529943,"mass_total":2090572.6884057301,"n_hex":8,"sample_h3":"873e71a44ffffff","log_pop":4.172916256,"log_mass":6.3202652724},{"country_iso":"EGY","city_id":3954,"city":"Zayyan","pop_total":18572.1696646625,"mass_total":7063272.0152655486,"n_hex":7,"sample_h3":"873e6470cffffff","log_pop":4.2688626425,"log_mass":6.8490059318},{"country_iso":"EGY","city_id":3956,"city":"Kafr al Hajj Shirbini","pop_total":3982.0400505776,"mass_total":603129.1767687184,"n_hex":9,"sample_h3":"873e64604ffffff","log_pop":3.6001056238,"log_mass":5.7804103383},{"country_iso":"EGY","city_id":3957,"city":"Beni Suef","pop_total":193920.0618968534,"mass_total":16311804.8592267167,"n_hex":21,"sample_h3":"873e62690ffffff","log_pop":5.2876227411,"log_mass":7.2125020173},{"country_iso":"EGY","city_id":3958,"city":"Aby\u016bh\u0101","pop_total":6423.5203434738,"mass_total":1122123.7996600007,"n_hex":7,"sample_h3":"873e46880ffffff","log_pop":3.8077731039,"log_mass":6.0500407736},{"country_iso":"EGY","city_id":3959,"city":"Gimmeizet Bilgai","pop_total":16043.1597913181,"mass_total":2866096.5917787636,"n_hex":9,"sample_h3":"873e60d10ffffff","log_pop":4.2052899091,"log_mass":6.4572908227},{"country_iso":"EGY","city_id":3960,"city":"Minya Al-Qamh","pop_total":61449.7508418887,"mass_total":5353110.3807096472,"n_hex":11,"sample_h3":"873e66243ffffff","log_pop":4.7885201263,"log_mass":6.7286061986},{"country_iso":"EGY","city_id":3961,"city":"Kafr al Dabbusi","pop_total":49012.4090017019,"mass_total":4812472.5173337888,"n_hex":10,"sample_h3":"873e64618ffffff","log_pop":4.690306049,"log_mass":6.6823682624},{"country_iso":"EGY","city_id":3962,"city":"Safur","pop_total":14695.3441685433,"mass_total":2389581.3232663525,"n_hex":9,"sample_h3":"873e60c16ffffff","log_pop":4.1671797618,"log_mass":6.3783218152},{"country_iso":"EGY","city_id":3964,"city":"Kafr al Shurafa al Qibli","pop_total":16384.1688987919,"mass_total":2157281.9569038488,"n_hex":7,"sample_h3":"873e60594ffffff","log_pop":4.2144244163,"log_mass":6.3339069111},{"country_iso":"EGY","city_id":3965,"city":"Mallawi","pop_total":129962.1335971739,"mass_total":8075910.1030877009,"n_hex":15,"sample_h3":"873e46111ffffff","log_pop":5.1138168326,"log_mass":6.907191476},{"country_iso":"EGY","city_id":3966,"city":"Dairut","pop_total":145722.7011748052,"mass_total":13863438.8205738552,"n_hex":26,"sample_h3":"873e46090ffffff","log_pop":5.1635272129,"log_mass":7.1418709702},{"country_iso":"EGY","city_id":3967,"city":"El Senbellawein City","pop_total":62192.0015218062,"mass_total":6103625.0317675602,"n_hex":9,"sample_h3":"873e60c36ffffff","log_pop":4.7937345339,"log_mass":6.7855878455},{"country_iso":"EGY","city_id":3968,"city":"Al-Zaqaziq\u200e","pop_total":479239.850516136,"mass_total":25744090.203814581,"n_hex":31,"sample_h3":"873e60500ffffff","log_pop":5.680552924,"log_mass":7.4106775485},{"country_iso":"EGY","city_id":3969,"city":"Qaland\u016bl","pop_total":7081.6712688446,"mass_total":938887.9039674829,"n_hex":5,"sample_h3":"873e46110ffffff","log_pop":3.8501357629,"log_mass":5.9726137439},{"country_iso":"EGY","city_id":3970,"city":"Markaz Deir Mawas","pop_total":13017.2185526623,"mass_total":1499803.2416816184,"n_hex":4,"sample_h3":"873e460a4ffffff","log_pop":4.1145181965,"log_mass":6.176034288},{"country_iso":"EGY","city_id":3971,"city":"Diyarb al Suq","pop_total":28625.0433781418,"mass_total":3679486.439852159,"n_hex":7,"sample_h3":"873e60c84ffffff","log_pop":4.4567461535,"log_mass":6.5657872067},{"country_iso":"EGY","city_id":3972,"city":"Al Ayyat","pop_total":29948.4381502264,"mass_total":3273636.4086825363,"n_hex":8,"sample_h3":"873e62018ffffff","log_pop":4.4763741783,"log_mass":6.5150304422},{"country_iso":"EGY","city_id":3973,"city":"Bush","pop_total":20652.2460001852,"mass_total":1865051.8934512087,"n_hex":3,"sample_h3":"873e62684ffffff","log_pop":4.3149672895,"log_mass":6.2706909202},{"country_iso":"EGY","city_id":3974,"city":"Minyat Sultan","pop_total":46239.2329354118,"mass_total":5951067.2225654293,"n_hex":15,"sample_h3":"873e620d2ffffff","log_pop":4.6650106209,"log_mass":6.774594856},{"country_iso":"EGY","city_id":3975,"city":"Al-Wasitah","pop_total":55194.6199568206,"mass_total":4928670.6758967917,"n_hex":11,"sample_h3":"873e62634ffffff","log_pop":4.7418967473,"log_mass":6.6927298004},{"country_iso":"EGY","city_id":3977,"city":"Izbat Abu Sir","pop_total":15000.3997844303,"mass_total":3004173.3807253819,"n_hex":5,"sample_h3":"873e60d03ffffff","log_pop":4.1761028338,"log_mass":6.4777249936},{"country_iso":"EGY","city_id":3980,"city":"Kafr Ismail","pop_total":28878.0206763548,"mass_total":3157980.4323832905,"n_hex":7,"sample_h3":"873e6460bffffff","log_pop":4.460567423,"log_mass":6.4994094347},{"country_iso":"EGY","city_id":3981,"city":"Al Saff","pop_total":27534.7397358408,"mass_total":5506002.9468339365,"n_hex":6,"sample_h3":"873e620c4ffffff","log_pop":4.4398809758,"log_mass":6.7408364395},{"country_iso":"EGY","city_id":3983,"city":"Al-Qobabat","pop_total":42705.1959817942,"mass_total":11952701.5240939334,"n_hex":12,"sample_h3":"873e620c0ffffff","log_pop":4.6304807193,"log_mass":7.0774660747},{"country_iso":"EGY","city_id":3984,"city":"Nazlet Rimeih","pop_total":82913.6790481941,"mass_total":8378626.8966387017,"n_hex":25,"sample_h3":"873e46620ffffff","log_pop":4.9186261861,"log_mass":6.9231728516},{"country_iso":"EGY","city_id":3986,"city":"Izbat al Hawwashah","pop_total":10730.7236414984,"mass_total":1563299.2147800727,"n_hex":8,"sample_h3":"873e64741ffffff","log_pop":4.0306290102,"log_mass":6.1940421097},{"country_iso":"EGY","city_id":3989,"city":"El Showeifat District","pop_total":27745.475060663,"mass_total":20484397.2351134978,"n_hex":9,"sample_h3":"873e62b84ffffff","log_pop":4.4431921652,"log_mass":7.3114231891},{"country_iso":"EGY","city_id":3991,"city":"Al Daraksa","pop_total":23087.0871071685,"mass_total":2511704.4617310339,"n_hex":4,"sample_h3":"873e646c1ffffff","log_pop":4.3633691415,"log_mass":6.3999685371},{"country_iso":"EGY","city_id":3992,"city":"Al Halawat","pop_total":19407.2941262413,"mass_total":2575232.5117251626,"n_hex":9,"sample_h3":"873e60c1affffff","log_pop":4.2879649878,"log_mass":6.4108164466},{"country_iso":"EGY","city_id":3993,"city":"Al Bustan","pop_total":40755.6638127252,"mass_total":4827553.8321298603,"n_hex":17,"sample_h3":"873e64293ffffff","log_pop":4.6101879712,"log_mass":6.6837271253},{"country_iso":"EGY","city_id":3994,"city":"Beni Adi","pop_total":7409.9116024242,"mass_total":1409716.7226453663,"n_hex":3,"sample_h3":"873e46789ffffff","log_pop":3.869813027,"log_mass":6.1491318516},{"country_iso":"EGY","city_id":3995,"city":"An Nazlah","pop_total":142607.8893122989,"mass_total":22796766.7148508877,"n_hex":48,"sample_h3":"873e60192ffffff","log_pop":5.1541435521,"log_mass":7.357873255},{"country_iso":"EGY","city_id":3996,"city":"Bilbeis","pop_total":96111.2916170513,"mass_total":12096686.0436273813,"n_hex":21,"sample_h3":"873e60400ffffff","log_pop":4.9827744137,"log_mass":7.0826664092},{"country_iso":"EGY","city_id":4000,"city":"Damietta","pop_total":278702.7818180991,"mass_total":23491284.7846438512,"n_hex":28,"sample_h3":"873e64232ffffff","log_pop":5.4451413036,"log_mass":7.3709067698},{"country_iso":"EGY","city_id":4003,"city":"Kafr Haggag","pop_total":73725.3594573264,"mass_total":8918431.420684509,"n_hex":19,"sample_h3":"873e60910ffffff","log_pop":4.8676168987,"log_mass":6.9502884771},{"country_iso":"EGY","city_id":4004,"city":"Abu Kabir\u200e","pop_total":50518.0683251848,"mass_total":5473360.2583253402,"n_hex":9,"sample_h3":"873e60cc4ffffff","log_pop":4.7034467359,"log_mass":6.7382540345},{"country_iso":"EGY","city_id":4008,"city":"Nazlet al Khalayfa","pop_total":26054.0243516473,"mass_total":2698490.2986773793,"n_hex":10,"sample_h3":"873e46604ffffff","log_pop":4.4158748147,"log_mass":6.4311208611},{"country_iso":"EGY","city_id":4012,"city":"A\u0163 \u0162aw\u0101b\u012byah","pop_total":32536.5087183634,"mass_total":4834336.7068737829,"n_hex":8,"sample_h3":"873e46608ffffff","log_pop":4.5123709498,"log_mass":6.6843368953},{"country_iso":"EGY","city_id":4018,"city":"Qism Auwal Faqus","pop_total":116568.5333390778,"mass_total":10148776.9641901366,"n_hex":19,"sample_h3":"873e601a0ffffff","log_pop":5.0665813322,"log_mass":7.0064137083},{"country_iso":"EGY","city_id":4025,"city":"Kawm Abu Shil","pop_total":39201.7969284656,"mass_total":3155498.1398650403,"n_hex":7,"sample_h3":"873e46670ffffff","log_pop":4.5933059746,"log_mass":6.4990679285},{"country_iso":"EGY","city_id":4026,"city":"Al Gharabwa","pop_total":7648.4204837327,"mass_total":2183580.1895189541,"n_hex":7,"sample_h3":"873e600b6ffffff","log_pop":3.8835717559,"log_mass":6.3391691455},{"country_iso":"EGY","city_id":4027,"city":"Asyut","pop_total":392845.0352881114,"mass_total":21710156.0755870529,"n_hex":27,"sample_h3":"873e429a4ffffff","log_pop":5.594221269,"log_mass":7.3366629456},{"country_iso":"EGY","city_id":4029,"city":"Al-Manzala","pop_total":81967.8607441472,"mass_total":9736019.348057827,"n_hex":16,"sample_h3":"873e60820ffffff","log_pop":4.9136436007,"log_mass":6.9883814283},{"country_iso":"EGY","city_id":4030,"city":"Kafr al Rabaya","pop_total":9440.3042499916,"mass_total":1562281.5622185096,"n_hex":5,"sample_h3":"873e60184ffffff","log_pop":3.9749859913,"log_mass":6.1937593073},{"country_iso":"EGY","city_id":4032,"city":"9th","pop_total":11895.6058810066,"mass_total":2888662.235290233,"n_hex":3,"sample_h3":"873e604c1ffffff","log_pop":4.0753865669,"log_mass":6.4606967637},{"country_iso":"EGY","city_id":4034,"city":"Tall al Zahirah","pop_total":7416.048303477,"mass_total":1385528.5296286889,"n_hex":6,"sample_h3":"873e60106ffffff","log_pop":3.8701725499,"log_mass":6.1416154728},{"country_iso":"EGY","city_id":4041,"city":"Al Nazla","pop_total":8526.1118779426,"mass_total":1518829.3808981651,"n_hex":4,"sample_h3":"873e42994ffffff","log_pop":3.9307510271,"log_mass":6.1815089897},{"country_iso":"EGY","city_id":4046,"city":"Kafr al Hawi","pop_total":22613.9990383821,"mass_total":3179378.4249052336,"n_hex":11,"sample_h3":"873e60100ffffff","log_pop":4.3543773694,"log_mass":6.5023422228},{"country_iso":"EGY","city_id":4048,"city":"Dayr Abu Maqrufah","pop_total":7717.0313672758,"mass_total":1099535.1532332788,"n_hex":3,"sample_h3":"873e428b6ffffff","log_pop":3.8874502655,"log_mass":6.0412091187},{"country_iso":"EGY","city_id":4049,"city":"Abu Tig","pop_total":29402.0730709226,"mass_total":2346286.1729820194,"n_hex":6,"sample_h3":"873e42980ffffff","log_pop":4.4683779526,"log_mass":6.3703809813},{"country_iso":"EGY","city_id":4051,"city":"\u0627\u0644\u063a\u0646\u0627\u064a\u0645","pop_total":18534.8806747885,"mass_total":2929916.1611386337,"n_hex":8,"sample_h3":"873e42890ffffff","log_pop":4.2679897944,"log_mass":6.4668551933},{"country_iso":"EGY","city_id":4054,"city":"Nazlet Sheikh Shihata","pop_total":11161.1825218425,"mass_total":1088261.124625847,"n_hex":2,"sample_h3":"873e4298cffffff","log_pop":4.0477102103,"log_mass":6.0367331154},{"country_iso":"EGY","city_id":4058,"city":"Nazlet al Mughrebi","pop_total":19194.2903401319,"mass_total":2296203.5762929125,"n_hex":8,"sample_h3":"873e42884ffffff","log_pop":4.2831720598,"log_mass":6.361010389},{"country_iso":"EGY","city_id":4066,"city":"Nazlet Imran Khamis","pop_total":4382.2949419695,"mass_total":862147.5063475176,"n_hex":4,"sample_h3":"873e42134ffffff","log_pop":3.6417016036,"log_mass":5.9355815764},{"country_iso":"EGY","city_id":4073,"city":"Al Badari","pop_total":11522.2164540235,"mass_total":1210817.2166764231,"n_hex":3,"sample_h3":"873e42810ffffff","log_pop":4.0615360295,"log_mass":6.0830785876},{"country_iso":"EGY","city_id":4074,"city":"Port Said","pop_total":511711.2377453727,"mass_total":23903405.917476736,"n_hex":16,"sample_h3":"873e65480ffffff","log_pop":5.7090249547,"log_mass":7.3784597865},{"country_iso":"EGY","city_id":4075,"city":"Tima","pop_total":69906.1950362336,"mass_total":7586348.2612596089,"n_hex":19,"sample_h3":"873e42120ffffff","log_pop":4.8445156643,"log_mass":6.8800327757},{"country_iso":"EGY","city_id":4081,"city":"Al Ismailiya","pop_total":315231.6784765431,"mass_total":29100960.3953663707,"n_hex":27,"sample_h3":"873e60040ffffff","log_pop":5.4986298544,"log_mass":7.4639073219},{"country_iso":"EGY","city_id":4086,"city":"Fazarah bil Qaryah","pop_total":19974.131060058,"mass_total":2951566.5111797717,"n_hex":10,"sample_h3":"873e42020ffffff","log_pop":4.3004678952,"log_mass":6.4700525741},{"country_iso":"EGY","city_id":4088,"city":"Tahma","pop_total":90102.2935581806,"mass_total":4976033.9418795118,"n_hex":10,"sample_h3":"873e42101ffffff","log_pop":4.9547358461,"log_mass":6.696883334},{"country_iso":"EGY","city_id":4104,"city":"Sohag","pop_total":345061.7238470741,"mass_total":25172220.6741234586,"n_hex":41,"sample_h3":"873e42001ffffff","log_pop":5.5378967876,"log_mass":7.4009215304},{"country_iso":"EGY","city_id":4108,"city":"Fayed","pop_total":13887.5469343718,"mass_total":3807198.1486894521,"n_hex":13,"sample_h3":"873e602b0ffffff","log_pop":4.1426255397,"log_mass":6.5806054806},{"country_iso":"EGY","city_id":4109,"city":"Maragha","pop_total":45321.4407708598,"mass_total":5698319.9905440863,"n_hex":17,"sample_h3":"873e42028ffffff","log_pop":4.6563037077,"log_mass":6.7557468335},{"country_iso":"EGY","city_id":4112,"city":"Nida","pop_total":30857.4425753463,"mass_total":4266435.6738015953,"n_hex":15,"sample_h3":"873e4200dffffff","log_pop":4.4893599295,"log_mass":6.630065202},{"country_iso":"EGY","city_id":4133,"city":"Girga","pop_total":246693.3403431238,"mass_total":22958792.0751737244,"n_hex":50,"sample_h3":"873e42212ffffff","log_pop":5.3921574256,"log_mass":7.3609490349},{"country_iso":"EGY","city_id":4141,"city":"Suez","pop_total":289597.2867333431,"mass_total":25283983.8808025084,"n_hex":17,"sample_h3":"873e63802ffffff","log_pop":5.4617944886,"log_mass":7.4028455048},{"country_iso":"EGY","city_id":4149,"city":"Muhammad al Askari","pop_total":6704.7996461522,"mass_total":2061857.5010238851,"n_hex":9,"sample_h3":"873e63801ffffff","log_pop":3.8263858047,"log_mass":6.314258647},{"country_iso":"EGY","city_id":4156,"city":"Al Sahil Bahari","pop_total":30727.9382349276,"mass_total":3276636.6589628002,"n_hex":7,"sample_h3":"873e42289ffffff","log_pop":4.4875334212,"log_mass":6.5154282858},{"country_iso":"EGY","city_id":4157,"city":"Aulad Ileiu","pop_total":5453.5070530461,"mass_total":1170151.6090696484,"n_hex":4,"sample_h3":"873e42288ffffff","log_pop":3.7366758791,"log_mass":6.0682421342},{"country_iso":"EGY","city_id":4159,"city":"Balyana","pop_total":76137.7467169706,"mass_total":9610390.3954260126,"n_hex":31,"sample_h3":"873e422d0ffffff","log_pop":4.8816000198,"log_mass":6.98274103},{"country_iso":"EGY","city_id":4176,"city":"Naj Kawm Majanin","pop_total":17780.1454809899,"mass_total":3608862.4207935389,"n_hex":12,"sample_h3":"873e5c940ffffff","log_pop":4.2499353101,"log_mass":6.5573703259},{"country_iso":"EGY","city_id":4190,"city":"Nag Hammadi","pop_total":85170.8518793143,"mass_total":12042988.8325989321,"n_hex":23,"sample_h3":"873e43490ffffff","log_pop":4.9302909911,"log_mass":7.0807342836},{"country_iso":"EGY","city_id":4199,"city":"Al Salamiyah al Hait","pop_total":14786.3687834721,"mass_total":2190217.0738368439,"n_hex":7,"sample_h3":"873e43482ffffff","log_pop":4.1698615336,"log_mass":6.3404871602},{"country_iso":"EGY","city_id":4209,"city":"Abu Manna Gharb","pop_total":14152.6658966177,"mass_total":2599488.8562598489,"n_hex":8,"sample_h3":"873e43418ffffff","log_pop":4.1508382544,"log_mass":6.41488796},{"country_iso":"EGY","city_id":4215,"city":"Dishna","pop_total":25909.0098107656,"mass_total":2755405.6043844125,"n_hex":6,"sample_h3":"873e434e0ffffff","log_pop":4.4134508155,"log_mass":6.4401855374},{"country_iso":"EGY","city_id":4225,"city":"Armant Al-Waburat","pop_total":25651.9230251481,"mass_total":3924703.1798034445,"n_hex":11,"sample_h3":"873e5c328ffffff","log_pop":4.409119928,"log_mass":6.5938068172},{"country_iso":"EGY","city_id":4230,"city":"Hod al Salmiya al Qibli al Gharbi","pop_total":5477.6923759161,"mass_total":879045.265393929,"n_hex":2,"sample_h3":"873e5c329ffffff","log_pop":3.7385976389,"log_mass":5.9440112391},{"country_iso":"EGY","city_id":4233,"city":"Tod","pop_total":7791.4097248825,"mass_total":1142966.7905692921,"n_hex":2,"sample_h3":"873e5cacaffffff","log_pop":3.8916160431,"log_mass":6.058033612},{"country_iso":"EGY","city_id":4238,"city":"Naj al Madamud","pop_total":69947.3494121028,"mass_total":5325824.0505001862,"n_hex":16,"sample_h3":"873e5ca4bffffff","log_pop":4.844771262,"log_mass":6.7263868145},{"country_iso":"EGY","city_id":4239,"city":"Isna","pop_total":37474.4506557278,"mass_total":5652226.1228119526,"n_hex":12,"sample_h3":"873e5c208ffffff","log_pop":4.5737352752,"log_mass":6.7522195279},{"country_iso":"EGY","city_id":4241,"city":"Qena","pop_total":93963.8234485813,"mass_total":8820196.5109604038,"n_hex":10,"sample_h3":"873e43710ffffff","log_pop":4.9729606802,"log_mass":6.9454782612},{"country_iso":"EGY","city_id":4242,"city":"Ezbet Abu Habashi","pop_total":42812.9297829871,"mass_total":1632472.2564647407,"n_hex":5,"sample_h3":"873e5ca43ffffff","log_pop":4.6315749486,"log_mass":6.2128458093},{"country_iso":"EGY","city_id":4243,"city":"Luxor","pop_total":271673.451015061,"mass_total":8915494.9852189533,"n_hex":11,"sample_h3":"873e5ca48ffffff","log_pop":5.4340471995,"log_mass":6.9501454601},{"country_iso":"EGY","city_id":4247,"city":"Al Saaida","pop_total":16175.8730070806,"mass_total":1261582.632220279,"n_hex":7,"sample_h3":"873e5ca4cffffff","log_pop":4.2088677287,"log_mass":6.1009157016},{"country_iso":"EGY","city_id":4250,"city":"Qus","pop_total":115417.8637951944,"mass_total":16896578.8062907979,"n_hex":33,"sample_h3":"873e43610ffffff","log_pop":5.0622730319,"log_mass":7.2277987782},{"country_iso":"EGY","city_id":4251,"city":"Al Arish","pop_total":42371.5647413506,"mass_total":7926620.62059577,"n_hex":9,"sample_h3":"872db6c10ffffff","log_pop":4.6270745024,"log_mass":6.8990880727},{"country_iso":"EGY","city_id":4283,"city":"Faris","pop_total":6239.5574115262,"mass_total":1719056.0254635406,"n_hex":11,"sample_h3":"873e58a00ffffff","log_pop":3.7951537851,"log_mass":6.2352900309},{"country_iso":"EGY","city_id":4286,"city":"Ezbet al Sibil Qiblli","pop_total":20481.6097077314,"mass_total":2647508.4201142658,"n_hex":4,"sample_h3":"873e58305ffffff","log_pop":4.3113640861,"log_mass":6.42283735},{"country_iso":"EGY","city_id":4287,"city":"Aswan","pop_total":27224.3891903784,"mass_total":2230330.1894517429,"n_hex":9,"sample_h3":"873e58298ffffff","log_pop":4.4349581447,"log_mass":6.348369163},{"country_iso":"EGY","city_id":4318,"city":"Hurghada","pop_total":36371.4559408927,"mass_total":7344174.2028681701,"n_hex":10,"sample_h3":"873e41380ffffff","log_pop":4.5607606861,"log_mass":6.8659429697}]