[{"country_iso": "NGA", "city_id": 2125, "city": "Lagos", "pop_total": 8361127.35825047, "mass_total": 611225252.893558, "log_pop": 6.922265, "log_mass": 8.786201, "log_pop_c": 1.696804, "log_mass_c": 1.290835, "lat": 6.56720097194268, "lon": 3.29739332792706}, {"country_iso": "NGA", "city_id": 2139, "city": "Abeokuta", "pop_total": 245302.110739048, "mass_total": 50544828.6328852, "log_pop": 5.389701, "log_mass": 7.703677, "log_pop_c": 0.164241, "log_mass_c": 0.208311, "lat": 7.16259382761678, "lon": 3.34404561562603}, {"country_iso": "NGA", "city_id": 2165, "city": "Ikorodu", "pop_total": 326211.870564349, "mass_total": 78939315.3268183, "log_pop": 5.5135, "log_mass": 7.897293, "log_pop_c": 0.288039, "log_mass_c": 0.401927, "lat": 6.62124154276739, "lon": 3.52727373831414}, {"country_iso": "NGA", "city_id": 2189, "city": "Ibadan", "pop_total": 1818847.43864808, "mass_total": 191635876.484359, "log_pop": 6.259796, "log_mass": 8.282477, "log_pop_c": 1.034336, "log_mass_c": 0.787111, "lat": 7.39376243727653, "lon": 3.91781292513766}, {"country_iso": "NGA", "city_id": 2191, "city": "Oyo", "pop_total": 125750.485042499, "mass_total": 26630316.9673709, "log_pop": 5.09951, "log_mass": 7.425376, "log_pop_c": -0.125951, "log_mass_c": -0.06999, "lat": 7.82883269319658, "lon": 3.92965767119646}, {"country_iso": "NGA", "city_id": 2192, "city": "Ijebu-Ode", "pop_total": 70239.3326899959, "mass_total": 13877237.6195472, "log_pop": 4.84658, "log_mass": 7.142303, "log_pop_c": -0.37888, "log_mass_c": -0.353063, "lat": 6.82239834703522, "lon": 3.93219161626435}, {"country_iso": "NGA", "city_id": 2212, "city": "Iwo", "pop_total": 56794.6171258889, "mass_total": 9099599.41002326, "log_pop": 4.754307, "log_mass": 6.959022, "log_pop_c": -0.471153, "log_mass_c": -0.536344, "lat": 7.63524112011824, "lon": 4.18455770487578}, {"country_iso": "NGA", "city_id": 2216, "city": "Ogbomosho", "pop_total": 122342.821253021, "mass_total": 27393402.1806384, "log_pop": 5.087578, "log_mass": 7.437646, "log_pop_c": -0.137882, "log_mass_c": -0.05772, "lat": 8.132855882775, "lon": 4.24213498954806}, {"country_iso": "NGA", "city_id": 2236, "city": "Erin-osun", "pop_total": 56626.1617469975, "mass_total": 7923813.24376249, "log_pop": 4.753017, "log_mass": 6.898934, "log_pop_c": -0.472444, "log_mass_c": -0.596432, "lat": 7.83896347006472, "lon": 4.49483149564917}, {"country_iso": "NGA", "city_id": 2240, "city": "Ilorin", "pop_total": 438705.427837026, "mass_total": 82760004.2071844, "log_pop": 5.642173, "log_mass": 7.917821, "log_pop_c": 0.416712, "log_mass_c": 0.422454, "lat": 8.48071772176118, "lon": 4.55957732877839}, {"country_iso": "NGA", "city_id": 2241, "city": "Osogbo", "pop_total": 167709.391085675, "mass_total": 36058871.2759885, "log_pop": 5.224557, "log_mass": 7.557012, "log_pop_c": -0.000903, "log_mass_c": 0.061646, "lat": 7.77872611873236, "lon": 4.55571051982419}, {"country_iso": "NGA", "city_id": 2260, "city": "Ilesa", "pop_total": 92551.5709537282, "mass_total": 18535786.0927806, "log_pop": 4.966384, "log_mass": 7.268011, "log_pop_c": -0.259077, "log_mass_c": -0.227355, "lat": 7.62934502852045, "lon": 4.7530104671342}, {"country_iso": "NGA", "city_id": 2273, "city": "Ondo", "pop_total": 69189.1307726954, "mass_total": 15915077.7522432, "log_pop": 4.840038, "log_mass": 7.201809, "log_pop_c": -0.385423, "log_mass_c": -0.293557, "lat": 7.08859351978131, "lon": 4.83021508289892}, {"country_iso": "NGA", "city_id": 2311, "city": "Sokoto", "pop_total": 324107.345096435, "mass_total": 38351211.8888079, "log_pop": 5.510689, "log_mass": 7.583779, "log_pop_c": 0.285228, "log_mass_c": 0.088413, "lat": 13.04228651472, "lon": 5.23969495827461}, {"country_iso": "NGA", "city_id": 2312, "city": "Akure", "pop_total": 191760.744559488, "mass_total": 43624910.6698717, "log_pop": 5.28276, "log_mass": 7.639735, "log_pop_c": 0.057299, "log_mass_c": 0.144369, "lat": 7.25173707805032, "lon": 5.19137613919593}, {"country_iso": "NGA", "city_id": 2319, "city": "Ado Ekiti", "pop_total": 102567.566145714, "mass_total": 22072680.3086645, "log_pop": 5.01101, "log_mass": 7.343855, "log_pop_c": -0.214451, "log_mass_c": -0.151511, "lat": 7.6231727767476, "lon": 5.22529981755254}, {"country_iso": "NGA", "city_id": 2354, "city": "Benin City", "pop_total": 570095.057199139, "mass_total": 116342765.018337, "log_pop": 5.755947, "log_mass": 8.065739, "log_pop_c": 0.530487, "log_mass_c": 0.570373, "lat": 6.34091897421777, "lon": 5.62416770528456}, {"country_iso": "NGA", "city_id": 2363, "city": "Warri", "pop_total": 241328.186688973, "mass_total": 48852591.5172714, "log_pop": 5.382608, "log_mass": 7.688888, "log_pop_c": 0.157147, "log_mass_c": 0.193522, "lat": 5.55890259469839, "lon": 5.76229276827647}, {"country_iso": "NGA", "city_id": 2396, "city": "Bida", "pop_total": 116408.805145639, "mass_total": 10501199.0392647, "log_pop": 5.065986, "log_mass": 7.021239, "log_pop_c": -0.159475, "log_mass_c": -0.474127, "lat": 9.08098890283275, "lon": 6.0064732846788}, {"country_iso": "NGA", "city_id": 2430, "city": "Yenagoa", "pop_total": 54773.770694239, "mass_total": 15175448.9397647, "log_pop": 4.738573, "log_mass": 7.181142, "log_pop_c": -0.486888, "log_mass_c": -0.314225, "lat": 4.93310612747853, "lon": 6.31691347271904}, {"country_iso": "NGA", "city_id": 2450, "city": "Minna", "pop_total": 154489.104936731, "mass_total": 25592184.5754353, "log_pop": 5.188898, "log_mass": 7.408107, "log_pop_c": -0.036563, "log_mass_c": -0.087259, "lat": 9.61728528431666, "lon": 6.54244960911985}, {"country_iso": "NGA", "city_id": 2462, "city": "Gusau", "pop_total": 60026.4105920717, "mass_total": 14574855.0473873, "log_pop": 4.778342, "log_mass": 7.163604, "log_pop_c": -0.447118, "log_mass_c": -0.331762, "lat": 12.176797738951, "lon": 6.66962467429671}, {"country_iso": "NGA", "city_id": 2471, "city": "Asaba", "pop_total": 57774.8484442804, "mass_total": 32096018.1993127, "log_pop": 4.761739, "log_mass": 7.506451, "log_pop_c": -0.463722, "log_mass_c": 0.011085, "lat": 6.20651325844707, "lon": 6.70689408493088}, {"country_iso": "NGA", "city_id": 2484, "city": "Onitsha", "pop_total": 405547.448945958, "mass_total": 109635365.993327, "log_pop": 5.608042, "log_mass": 8.039951, "log_pop_c": 0.382581, "log_mass_c": 0.544585, "lat": 6.0765389158107, "lon": 6.92667417128112}, {"country_iso": "NGA", "city_id": 2511, "city": "Port Harcourt", "pop_total": 442615.072875846, "mass_total": 83534015.6251638, "log_pop": 5.646026, "log_mass": 7.921863, "log_pop_c": 0.420566, "log_mass_c": 0.426497, "lat": 4.81139624614233, "lon": 7.0248954735572}, {"country_iso": "NGA", "city_id": 2515, "city": "Owerri", "pop_total": 116301.285503423, "mass_total": 24789188.6616408, "log_pop": 5.065585, "log_mass": 7.394262, "log_pop_c": -0.159876, "log_mass_c": -0.101104, "lat": 5.49437743589559, "lon": 7.05696485765179}, {"country_iso": "NGA", "city_id": 2520, "city": "Gwagwalada", "pop_total": 56754.9827304616, "mass_total": 7174676.33888999, "log_pop": 4.754004, "log_mass": 6.855802, "log_pop_c": -0.471457, "log_mass_c": -0.639564, "lat": 8.94272066304811, "lon": 7.07299645514851}, {"country_iso": "NGA", "city_id": 2544, "city": "Abuja", "pop_total": 76696.7330101799, "mass_total": 16461114.2699453, "log_pop": 4.884777, "log_mass": 7.216459, "log_pop_c": -0.340684, "log_mass_c": -0.278907, "lat": 9.18168996381391, "lon": 7.19006142449461}, {"country_iso": "NGA", "city_id": 2565, "city": "Abuja", "pop_total": 541962.597622746, "mass_total": 131626700.798685, "log_pop": 5.733969, "log_mass": 8.119344, "log_pop_c": 0.508509, "log_mass_c": 0.623978, "lat": 9.06190515161662, "lon": 7.43349896693781}, {"country_iso": "NGA", "city_id": 2570, "city": "Kaduna", "pop_total": 630294.851708565, "mass_total": 92203265.5598855, "log_pop": 5.799544, "log_mass": 7.964746, "log_pop_c": 0.574083, "log_mass_c": 0.46938, "lat": 10.5106809628488, "lon": 7.42719595366053}, {"country_iso": "NGA", "city_id": 2574, "city": "Aba", "pop_total": 434436.63939031, "mass_total": 49123991.4306705, "log_pop": 5.637926, "log_mass": 7.691294, "log_pop_c": 0.412466, "log_mass_c": 0.195928, "lat": 5.10887026742133, "lon": 7.3508630392542}, {"country_iso": "NGA", "city_id": 2593, "city": "Enugu", "pop_total": 232755.310677893, "mass_total": 45137503.8998038, "log_pop": 5.3669, "log_mass": 7.654538, "log_pop_c": 0.141439, "log_mass_c": 0.159171, "lat": 6.43824810263898, "lon": 7.48510207875122}, {"country_iso": "NGA", "city_id": 2602, "city": "Katsina", "pop_total": 206539.442064543, "mass_total": 26536777.2652521, "log_pop": 5.315003, "log_mass": 7.423848, "log_pop_c": 0.089542, "log_mass_c": -0.071518, "lat": 12.9812001569408, "lon": 7.62177626148178}, {"country_iso": "NGA", "city_id": 2609, "city": "Ado", "pop_total": 66367.8899043168, "mass_total": 39586155.9932252, "log_pop": 4.821958, "log_mass": 7.597543, "log_pop_c": -0.403503, "log_mass_c": 0.102177, "lat": 9.01201145971339, "lon": 7.60558579827864}, {"country_iso": "NGA", "city_id": 2625, "city": "Zaria", "pop_total": 228277.19007792, "mass_total": 30239344.6939871, "log_pop": 5.358463, "log_mass": 7.480572, "log_pop_c": 0.133002, "log_mass_c": -0.014794, "lat": 11.0919565566572, "lon": 7.71057415885419}, {"country_iso": "NGA", "city_id": 2674, "city": "Uyo", "pop_total": 129272.689335834, "mass_total": 27677701.4863121, "log_pop": 5.111507, "log_mass": 7.44213, "log_pop_c": -0.113954, "log_mass_c": -0.053236, "lat": 5.02485752637859, "lon": 7.91798268806797}, {"country_iso": "NGA", "city_id": 2717, "city": "Kano", "pop_total": 2089509.68520203, "mass_total": 132900637.920255, "log_pop": 6.320044, "log_mass": 8.123527, "log_pop_c": 1.094584, "log_mass_c": 0.628161, "lat": 11.9760298479022, "lon": 8.51962051934212}, {"country_iso": "NGA", "city_id": 2722, "city": "Calabar", "pop_total": 110205.458994783, "mass_total": 27462464.2066686, "log_pop": 5.042203, "log_mass": 7.43874, "log_pop_c": -0.183258, "log_mass_c": -0.056627, "lat": 4.99563952868532, "lon": 8.34085380722883}, {"country_iso": "NGA", "city_id": 2740, "city": "Makurdi", "pop_total": 110887.231594895, "mass_total": 30398755.835352, "log_pop": 5.044882, "log_mass": 7.482856, "log_pop_c": -0.180579, "log_mass_c": -0.01251, "lat": 7.72432415437371, "lon": 8.54108529255546}, {"country_iso": "NGA", "city_id": 2765, "city": "Jos", "pop_total": 189151.943431192, "mass_total": 49480008.5054855, "log_pop": 5.276811, "log_mass": 7.69443, "log_pop_c": 0.05135, "log_mass_c": 0.199064, "lat": 9.86581697612941, "lon": 8.87266095427937}, {"country_iso": "NGA", "city_id": 2789, "city": "Gboko", "pop_total": 64046.6129249535, "mass_total": 14262555.7567224, "log_pop": 4.806496, "log_mass": 7.154197, "log_pop_c": -0.418964, "log_mass_c": -0.341169, "lat": 7.33337924664786, "lon": 9.00365225887135}, {"country_iso": "NGA", "city_id": 2853, "city": "Bauchi", "pop_total": 91032.4105502016, "mass_total": 22222294.7235657, "log_pop": 4.959196, "log_mass": 7.346789, "log_pop_c": -0.266265, "log_mass_c": -0.148577, "lat": 10.308100182836, "lon": 9.8309985596556}, {"country_iso": "NGA", "city_id": 2866, "city": "Hadejia", "pop_total": 50463.9250770494, "mass_total": 4206746.40334721, "log_pop": 4.702981, "log_mass": 6.623946, "log_pop_c": -0.52248, "log_mass_c": -0.87142, "lat": 12.4527834957339, "lon": 10.0341135255734}, {"country_iso": "NGA", "city_id": 2931, "city": "Potiskum", "pop_total": 78787.2124476489, "mass_total": 12131882.9485547, "log_pop": 4.896456, "log_mass": 7.083928, "log_pop_c": -0.329005, "log_mass_c": -0.411438, "lat": 11.7091617367283, "lon": 11.086234340173}, {"country_iso": "NGA", "city_id": 2932, "city": "Gombe", "pop_total": 80494.6006227662, "mass_total": 24083660.2153143, "log_pop": 4.905767, "log_mass": 7.381722, "log_pop_c": -0.319694, "log_mass_c": -0.113644, "lat": 10.2876426085142, "lon": 11.162184998889}, {"country_iso": "NGA", "city_id": 2948, "city": "Jalingo", "pop_total": 61117.194959216, "mass_total": 16353423.339295, "log_pop": 4.786163, "log_mass": 7.213609, "log_pop_c": -0.439297, "log_mass_c": -0.281757, "lat": 8.90974747484668, "lon": 11.3604807330307}, {"country_iso": "NGA", "city_id": 3008, "city": "Jimeta", "pop_total": 96777.3733898368, "mass_total": 17973860.1654027, "log_pop": 4.985774, "log_mass": 7.254641, "log_pop_c": -0.239687, "log_mass_c": -0.240725, "lat": 9.26326963500512, "lon": 12.4368926026996}, {"country_iso": "NGA", "city_id": 3018, "city": "Yola", "pop_total": 66045.7509849474, "mass_total": 7837017.88944225, "log_pop": 4.819845, "log_mass": 6.894151, "log_pop_c": -0.405616, "log_mass_c": -0.601215, "lat": 9.20042233398916, "lon": 12.4873098592192}, {"country_iso": "NGA", "city_id": 3044, "city": "Maiduguri", "pop_total": 418111.35421644, "mass_total": 49879882.9147113, "log_pop": 5.621292, "log_mass": 7.697925, "log_pop_c": 0.395831, "log_mass_c": 0.202559, "lat": 11.8335492543337, "lon": 13.1537847933559}]