[{"country_iso": "BRA", "city_id": 826, "city": "Rio Branco", "pop_total": 228100.733356557, "mass_total": 28860753.1591732, "log_pop": 5.358127, "log_mass": 7.460308, "log_pop_c": 0.225053, "log_mass_c": 0.178333, "lat": -9.96780247447343, "lon": -67.8222896191805}, {"country_iso": "BRA", "city_id": 926, "city": "Porto Velho", "pop_total": 322780.451858632, "mass_total": 50172433.6875542, "log_pop": 5.508907, "log_mass": 7.700465, "log_pop_c": 0.375834, "log_mass_c": 0.41849, "lat": -8.76747595696979, "lon": -63.8656345727497}, {"country_iso": "BRA", "city_id": 956, "city": "Ariquemes", "pop_total": 56662.160064462, "mass_total": 11700300.1640667, "log_pop": 4.753293, "log_mass": 7.068197, "log_pop_c": -0.37978, "log_mass_c": -0.213778, "lat": -9.9133916173699, "lon": -63.0320263501632}, {"country_iso": "BRA", "city_id": 978, "city": "Ji-Paran\u00e1", "pop_total": 71222.2751526454, "mass_total": 15793530.1456297, "log_pop": 4.852616, "log_mass": 7.198479, "log_pop_c": -0.280457, "log_mass_c": -0.083496, "lat": -10.8790849316908, "lon": -61.9347880630447}, {"country_iso": "BRA", "city_id": 998, "city": "Boa Vista", "pop_total": 189616.090498381, "mass_total": 29126199.722318, "log_pop": 5.277875, "log_mass": 7.464284, "log_pop_c": 0.144802, "log_mass_c": 0.182309, "lat": 2.81411773087651, "lon": -60.7137118045699}, {"country_iso": "BRA", "city_id": 1006, "city": "Manaus", "pop_total": 1632132.71632734, "mass_total": 166222840.5403, "log_pop": 6.212755, "log_mass": 8.220691, "log_pop_c": 1.079682, "log_mass_c": 0.938716, "lat": -3.06391625272948, "lon": -59.9939105329689}, {"country_iso": "BRA", "city_id": 1019, "city": "Vilhena", "pop_total": 59387.797360368, "mass_total": 10990887.6527969, "log_pop": 4.773697, "log_mass": 7.041033, "log_pop_c": -0.359376, "log_mass_c": -0.240942, "lat": -12.732280635292, "lon": -60.1301373831919}, {"country_iso": "BRA", "city_id": 1047, "city": "Parintins", "pop_total": 52824.9119196702, "mass_total": 5100323.34104937, "log_pop": 4.722839, "log_mass": 6.707598, "log_pop_c": -0.410234, "log_mass_c": -0.574377, "lat": -2.63413862568291, "lon": -56.7395313283902}, {"country_iso": "BRA", "city_id": 1057, "city": "Corumb\u00e1", "pop_total": 73875.5638727548, "mass_total": 13224229.3743764, "log_pop": 4.868501, "log_mass": 7.12137, "log_pop_c": -0.264572, "log_mass_c": -0.160605, "lat": -19.0177670823481, "lon": -57.6378812148937}, {"country_iso": "BRA", "city_id": 1062, "city": "Sorriso", "pop_total": 56997.0600835825, "mass_total": 11444183.5002194, "log_pop": 4.755852, "log_mass": 7.058585, "log_pop_c": -0.377221, "log_mass_c": -0.22339, "lat": -12.5507913586537, "lon": -55.7253225571285}, {"country_iso": "BRA", "city_id": 1063, "city": "Cuiab\u00e1", "pop_total": 559396.481768315, "mass_total": 107522824.772512, "log_pop": 5.74772, "log_mass": 8.031501, "log_pop_c": 0.614647, "log_mass_c": 0.749526, "lat": -15.6199761162492, "lon": -56.0913786322261}, {"country_iso": "BRA", "city_id": 1068, "city": "Santar\u00e9m", "pop_total": 160703.031572606, "mass_total": 23556479.2452607, "log_pop": 5.206024, "log_mass": 7.37211, "log_pop_c": 0.072951, "log_mass_c": 0.090135, "lat": -2.44170874859791, "lon": -54.719918829598}, {"country_iso": "BRA", "city_id": 1084, "city": "Rondon\u00f3polis", "pop_total": 135924.418773774, "mass_total": 27017251.9215793, "log_pop": 5.133297, "log_mass": 7.431641, "log_pop_c": 0.000224, "log_mass_c": 0.149666, "lat": -16.4559479596249, "lon": -54.6377720676664}, {"country_iso": "BRA", "city_id": 1085, "city": "Pedro Juan Caballero", "pop_total": 67260.8729823873, "mass_total": 19445246.8936968, "log_pop": 4.827762, "log_mass": 7.288813, "log_pop_c": -0.305311, "log_mass_c": 0.006838, "lat": -22.5424426785761, "lon": -55.7232999632514}, {"country_iso": "BRA", "city_id": 1091, "city": "Campo Grande", "pop_total": 605270.045515924, "mass_total": 118835530.0525, "log_pop": 5.781949, "log_mass": 8.074946, "log_pop_c": 0.648876, "log_mass_c": 0.792971, "lat": -20.4814648467799, "lon": -54.6184538346734}, {"country_iso": "BRA", "city_id": 1099, "city": "Uruguaiana", "pop_total": 85827.8528376577, "mass_total": 14175762.379238, "log_pop": 4.933628, "log_mass": 7.151546, "log_pop_c": -0.199445, "log_mass_c": -0.130429, "lat": -29.7693960861244, "lon": -57.0795234194256}, {"country_iso": "BRA", "city_id": 1100, "city": "Dourados", "pop_total": 125097.979100853, "mass_total": 26143223.8057904, "log_pop": 5.09725, "log_mass": 7.417359, "log_pop_c": -0.035823, "log_mass_c": 0.135384, "lat": -22.2292118598031, "lon": -54.8051608532403}, {"country_iso": "BRA", "city_id": 1106, "city": "Altamira", "pop_total": 53116.8718246315, "mass_total": 5567981.16695887, "log_pop": 4.725232, "log_mass": 6.745698, "log_pop_c": -0.407841, "log_mass_c": -0.536277, "lat": -3.20515907896219, "lon": -52.2186423213566}, {"country_iso": "BRA", "city_id": 1121, "city": "Santana", "pop_total": 66418.4447627896, "mass_total": 6251174.26118585, "log_pop": 4.822289, "log_mass": 6.795962, "log_pop_c": -0.310785, "log_mass_c": -0.486013, "lat": -0.0428643023008653, "lon": -51.1678325567229}, {"country_iso": "BRA", "city_id": 1122, "city": "Macap\u00e1", "pop_total": 308458.524376513, "mass_total": 29311481.028619, "log_pop": 5.489197, "log_mass": 7.467038, "log_pop_c": 0.356124, "log_mass_c": 0.185063, "lat": 0.0490737213851568, "lon": -51.0707148840082}, {"country_iso": "BRA", "city_id": 1126, "city": "Toledo", "pop_total": 69468.1045881774, "mass_total": 14572389.6126788, "log_pop": 4.841785, "log_mass": 7.163531, "log_pop_c": -0.291288, "log_mass_c": -0.118444, "lat": -24.7370880735492, "lon": -53.7322464274617}, {"country_iso": "BRA", "city_id": 1127, "city": "Rivera", "pop_total": 76980.484973937, "mass_total": 17881680.9524015, "log_pop": 4.886381, "log_mass": 7.252408, "log_pop_c": -0.246693, "log_mass_c": -0.029567, "lat": -30.8957319481921, "lon": -55.5326425662419}, {"country_iso": "BRA", "city_id": 1128, "city": "Umuarama", "pop_total": 61791.3528734747, "mass_total": 14157643.8908243, "log_pop": 4.790928, "log_mass": 7.150991, "log_pop_c": -0.342146, "log_mass_c": -0.130984, "lat": -23.7659471521672, "lon": -53.3119300722427}, {"country_iso": "BRA", "city_id": 1131, "city": "Cascavel", "pop_total": 219189.195715018, "mass_total": 49635186.8388992, "log_pop": 5.340819, "log_mass": 7.69579, "log_pop_c": 0.207746, "log_mass_c": 0.413815, "lat": -24.955696448195, "lon": -53.453247384524}, {"country_iso": "BRA", "city_id": 1132, "city": "Jata\u00ed", "pop_total": 56024.8024252992, "mass_total": 10803715.0593311, "log_pop": 4.74838, "log_mass": 7.033573, "log_pop_c": -0.384693, "log_mass_c": -0.248402, "lat": -17.8813841525539, "lon": -51.7211259469087}, {"country_iso": "BRA", "city_id": 1135, "city": "Paranava\u00ed", "pop_total": 50416.6238970436, "mass_total": 11126568.652447, "log_pop": 4.702574, "log_mass": 7.046361, "log_pop_c": -0.430499, "log_mass_c": -0.235614, "lat": -23.0848628719602, "lon": -52.4602378739107}, {"country_iso": "BRA", "city_id": 1139, "city": "Parauapebas", "pop_total": 145804.906493161, "mass_total": 12671481.0608721, "log_pop": 5.163772, "log_mass": 7.102827, "log_pop_c": 0.030699, "log_mass_c": -0.179148, "lat": -6.07126982959368, "lon": -49.8978041200889}, {"country_iso": "BRA", "city_id": 1143, "city": "Tucuru\u00ed", "pop_total": 58441.2539188461, "mass_total": 5634554.27389574, "log_pop": 4.76672, "log_mass": 6.75086, "log_pop_c": -0.366354, "log_mass_c": -0.531115, "lat": -3.76737071211226, "lon": -49.6732453055699}, {"country_iso": "BRA", "city_id": 1144, "city": "Tr\u00eas Lagoas", "pop_total": 73730.3640650281, "mass_total": 15773189.9168089, "log_pop": 4.867646, "log_mass": 7.19792, "log_pop_c": -0.265427, "log_mass_c": -0.084055, "lat": -20.7903363041567, "lon": -51.7000773321422}, {"country_iso": "BRA", "city_id": 1145, "city": "Campo Mour\u00e3o", "pop_total": 59171.4514120028, "mass_total": 13017948.3173443, "log_pop": 4.772112, "log_mass": 7.114543, "log_pop_c": -0.360961, "log_mass_c": -0.167432, "lat": -24.0325179751947, "lon": -52.3783154624915}, {"country_iso": "BRA", "city_id": 1147, "city": "Rio Verde", "pop_total": 146928.754754091, "mass_total": 19019334.6819193, "log_pop": 5.167107, "log_mass": 7.279195, "log_pop_c": 0.034034, "log_mass_c": -0.00278, "lat": -17.7872572963874, "lon": -50.9229102955851}, {"country_iso": "BRA", "city_id": 1148, "city": "Santa Maria", "pop_total": 152944.87706592, "mass_total": 23426896.3538353, "log_pop": 5.184535, "log_mass": 7.369715, "log_pop_c": 0.051462, "log_mass_c": 0.08774, "lat": -29.6937928710588, "lon": -53.8262675181894}, {"country_iso": "BRA", "city_id": 1149, "city": "Maring\u00e1", "pop_total": 366851.327506476, "mass_total": 69771493.5476988, "log_pop": 5.56449, "log_mass": 7.843678, "log_pop_c": 0.431417, "log_mass_c": 0.561703, "lat": -23.42364614236, "lon": -51.9212023550902}, {"country_iso": "BRA", "city_id": 1151, "city": "Bag\u00e9", "pop_total": 60966.3597924088, "mass_total": 11404627.3686222, "log_pop": 4.78509, "log_mass": 7.057081, "log_pop_c": -0.347983, "log_mass_c": -0.224894, "lat": -31.3268978963303, "lon": -54.104388552531}, {"country_iso": "BRA", "city_id": 1152, "city": "Presidente Prudente", "pop_total": 152772.631330164, "mass_total": 30154000.3623068, "log_pop": 5.184046, "log_mass": 7.479345, "log_pop_c": 0.050972, "log_mass_c": 0.19737, "lat": -22.1230450620201, "lon": -51.4100657666484}, {"country_iso": "BRA", "city_id": 1153, "city": "Chapec\u00f3", "pop_total": 131303.863630714, "mass_total": 29087369.2820428, "log_pop": 5.118278, "log_mass": 7.463704, "log_pop_c": -0.014796, "log_mass_c": 0.181729, "lat": -27.0955425908025, "lon": -52.6287934904445}, {"country_iso": "BRA", "city_id": 1154, "city": "Maraba", "pop_total": 69990.127102885, "mass_total": 7566607.24979565, "log_pop": 4.845037, "log_mass": 6.878901, "log_pop_c": -0.288036, "log_mass_c": -0.403074, "lat": -5.37880727304667, "lon": -49.1288092919633}, {"country_iso": "BRA", "city_id": 1155, "city": "Marab\u00e1", "pop_total": 64923.9381270558, "mass_total": 8175776.2547692, "log_pop": 4.812405, "log_mass": 6.912529, "log_pop_c": -0.320668, "log_mass_c": -0.369446, "lat": -5.33916424551409, "lon": -49.0933331241637}, {"country_iso": "BRA", "city_id": 1156, "city": "Tail\u00e2ndia", "pop_total": 56423.4002294886, "mass_total": 3875234.49361976, "log_pop": 4.751459, "log_mass": 6.588298, "log_pop_c": -0.381614, "log_mass_c": -0.693677, "lat": -2.93389282996216, "lon": -48.9466449970813}, {"country_iso": "BRA", "city_id": 1157, "city": "Abaetetuba", "pop_total": 56286.1056963846, "mass_total": 3969658.97442998, "log_pop": 4.750401, "log_mass": 6.598753, "log_pop_c": -0.382672, "log_mass_c": -0.683222, "lat": -1.72392954244155, "lon": -48.8769464211487}, {"country_iso": "BRA", "city_id": 1159, "city": "Arapongas", "pop_total": 71858.1249184598, "mass_total": 15007790.2598585, "log_pop": 4.856476, "log_mass": 7.176317, "log_pop_c": -0.276597, "log_mass_c": -0.105658, "lat": -23.4060060818763, "lon": -51.4339091383915}, {"country_iso": "BRA", "city_id": 1160, "city": "Apucarana", "pop_total": 71327.0266062905, "mass_total": 16121379.1981468, "log_pop": 4.853254, "log_mass": 7.207402, "log_pop_c": -0.279819, "log_mass_c": -0.074573, "lat": -23.5508725909644, "lon": -51.4539895859691}, {"country_iso": "BRA", "city_id": 1162, "city": "Londrina", "pop_total": 455639.28997875, "mass_total": 88322807.4808967, "log_pop": 5.658621, "log_mass": 7.946073, "log_pop_c": 0.525548, "log_mass_c": 0.664098, "lat": -23.3068907140741, "lon": -51.1743957762067}, {"country_iso": "BRA", "city_id": 1164, "city": "Erechim", "pop_total": 62018.8484516968, "mass_total": 15498908.7652198, "log_pop": 4.792524, "log_mass": 7.190301, "log_pop_c": -0.34055, "log_mass_c": -0.091674, "lat": -27.6431030623529, "lon": -52.2673302504396}, {"country_iso": "BRA", "city_id": 1165, "city": "Bel\u00e9m", "pop_total": 1570153.60062775, "mass_total": 126347390.61813, "log_pop": 6.195942, "log_mass": 8.101566, "log_pop_c": 1.062869, "log_mass_c": 0.819591, "lat": -1.37302408928877, "lon": -48.4313164820694}, {"country_iso": "BRA", "city_id": 1166, "city": "Passo Fundo", "pop_total": 126791.789114056, "mass_total": 28105320.3996785, "log_pop": 5.103091, "log_mass": 7.448789, "log_pop_c": -0.029982, "log_mass_c": 0.166814, "lat": -28.2591282586901, "lon": -52.4045660729691}, {"country_iso": "BRA", "city_id": 1170, "city": "Guarapuava", "pop_total": 99061.7499337311, "mass_total": 23410322.9366773, "log_pop": 4.995906, "log_mass": 7.369407, "log_pop_c": -0.137167, "log_mass_c": 0.087432, "lat": -25.384313768643, "lon": -51.4752229699924}, {"country_iso": "BRA", "city_id": 1171, "city": "Ara\u00e7atuba", "pop_total": 125550.02276675, "mass_total": 23437770.398818, "log_pop": 5.098817, "log_mass": 7.369916, "log_pop_c": -0.034256, "log_mass_c": 0.087941, "lat": -21.2058012590704, "lon": -50.441588139492}, {"country_iso": "BRA", "city_id": 1175, "city": "Birigui", "pop_total": 78786.9489788637, "mass_total": 13189486.3345796, "log_pop": 4.896454, "log_mass": 7.120228, "log_pop_c": -0.236619, "log_mass_c": -0.161747, "lat": -21.291535516387, "lon": -50.334877405652}, {"country_iso": "BRA", "city_id": 1177, "city": "Goi\u00e2nia", "pop_total": 1416938.42132436, "mass_total": 250302703.237343, "log_pop": 6.151351, "log_mass": 8.398466, "log_pop_c": 1.018278, "log_mass_c": 1.116491, "lat": -16.7115441824248, "lon": -49.2801790883234}, {"country_iso": "BRA", "city_id": 1178, "city": "Santa Cruz do Sul", "pop_total": 52246.3350050357, "mass_total": 13983263.2669933, "log_pop": 4.718056, "log_mass": 7.145609, "log_pop_c": -0.415017, "log_mass_c": -0.136366, "lat": -29.7217054929208, "lon": -52.4336127766422}, {"country_iso": "BRA", "city_id": 1180, "city": "Votuporanga", "pop_total": 59008.4422260413, "mass_total": 11789424.8692208, "log_pop": 4.770914, "log_mass": 7.071493, "log_pop_c": -0.362159, "log_mass_c": -0.210482, "lat": -20.4162461639335, "lon": -49.9723562256792}, {"country_iso": "BRA", "city_id": 1181, "city": "Aragua\u00edna", "pop_total": 98446.750695866, "mass_total": 18692697.7233308, "log_pop": 4.993201, "log_mass": 7.271672, "log_pop_c": -0.139872, "log_mass_c": -0.010303, "lat": -7.2004279157147, "lon": -48.2128177295104}, {"country_iso": "BRA", "city_id": 1182, "city": "Assis", "pop_total": 69045.7738227828, "mass_total": 12882358.3152078, "log_pop": 4.839137, "log_mass": 7.109995, "log_pop_c": -0.293936, "log_mass_c": -0.17198, "lat": -22.6589346913804, "lon": -50.418910074969}, {"country_iso": "BRA", "city_id": 1183, "city": "Castanhal", "pop_total": 111407.560713169, "mass_total": 13559252.8034058, "log_pop": 5.046915, "log_mass": 7.132236, "log_pop_c": -0.086159, "log_mass_c": -0.149739, "lat": -1.29313809109244, "lon": -47.917603482869}, {"country_iso": "BRA", "city_id": 1185, "city": "Palmas", "pop_total": 51940.3066299961, "mass_total": 9474528.15742736, "log_pop": 4.715505, "log_mass": 6.976558, "log_pop_c": -0.417569, "log_mass_c": -0.305417, "lat": -10.2330987464517, "lon": -48.3280903234442}, {"country_iso": "BRA", "city_id": 1186, "city": "Taquaralto", "pop_total": 63107.9150932667, "mass_total": 8372266.22164997, "log_pop": 4.800084, "log_mass": 6.922843, "log_pop_c": -0.332989, "log_mass_c": -0.359132, "lat": -10.3218804834572, "lon": -48.3059260108774}, {"country_iso": "BRA", "city_id": 1189, "city": "Ituiutaba", "pop_total": 72116.7355613851, "mass_total": 12193892.0066203, "log_pop": 4.858036, "log_mass": 7.086142, "log_pop_c": -0.275037, "log_mass_c": -0.195833, "lat": -18.9808594027293, "lon": -49.4644265479943}, {"country_iso": "BRA", "city_id": 1190, "city": "An\u00e1polis", "pop_total": 238674.232505329, "mass_total": 44150597.0876186, "log_pop": 5.377806, "log_mass": 7.644937, "log_pop_c": 0.244732, "log_mass_c": 0.362962, "lat": -16.3276341332672, "lon": -48.9496638726738}, {"country_iso": "BRA", "city_id": 1193, "city": "Itumbiara", "pop_total": 59562.5475832981, "mass_total": 10704067.5517713, "log_pop": 4.774973, "log_mass": 7.029549, "log_pop_c": -0.3581, "log_mass_c": -0.252426, "lat": -18.4105775623673, "lon": -49.2207226281436}, {"country_iso": "BRA", "city_id": 1194, "city": "Mar\u00edlia", "pop_total": 145332.71622496, "mass_total": 29805634.908546, "log_pop": 5.162363, "log_mass": 7.474298, "log_pop_c": 0.02929, "log_mass_c": 0.192323, "lat": -22.2063992076542, "lon": -49.9510274627415}, {"country_iso": "BRA", "city_id": 1197, "city": "S\u00e3o Jos\u00e9 do Rio Preto", "pop_total": 295572.871423371, "mass_total": 50989398.6614974, "log_pop": 5.470665, "log_mass": 7.70748, "log_pop_c": 0.337591, "log_mass_c": 0.425505, "lat": -20.7988560246982, "lon": -49.3850306837193}, {"country_iso": "BRA", "city_id": 1198, "city": "Ourinhos", "pop_total": 75161.102006192, "mass_total": 16036526.6165371, "log_pop": 4.875993, "log_mass": 7.20511, "log_pop_c": -0.25708, "log_mass_c": -0.076865, "lat": -22.9803080748979, "lon": -49.8744304459303}, {"country_iso": "BRA", "city_id": 1199, "city": "A\u00e7ail\u00e2ndia", "pop_total": 50950.2570796937, "mass_total": 4493965.27995394, "log_pop": 4.707146, "log_mass": 6.65263, "log_pop_c": -0.425927, "log_mass_c": -0.629345, "lat": -4.94987761697994, "lon": -47.4846805463952}, {"country_iso": "BRA", "city_id": 1200, "city": "Bento Gon\u00e7alves", "pop_total": 67847.1913569963, "mass_total": 14534606.692809, "log_pop": 4.831532, "log_mass": 7.162403, "log_pop_c": -0.301541, "log_mass_c": -0.119572, "lat": -29.1617606436135, "lon": -51.5137625601312}, {"country_iso": "BRA", "city_id": 1201, "city": "Pelotas", "pop_total": 209210.47361125, "mass_total": 31455480.2966395, "log_pop": 5.320583, "log_mass": 7.497696, "log_pop_c": 0.18751, "log_mass_c": 0.215721, "lat": -31.7436497317937, "lon": -52.3438375266934}, {"country_iso": "BRA", "city_id": 1202, "city": "Imperatriz", "pop_total": 167829.188376253, "mass_total": 19747473.4743008, "log_pop": 5.224867, "log_mass": 7.295512, "log_pop_c": 0.091794, "log_mass_c": 0.013537, "lat": -5.51788736948859, "lon": -47.4716398893401}, {"country_iso": "BRA", "city_id": 1203, "city": "Paragominas", "pop_total": 56365.758171456, "mass_total": 5663796.62356947, "log_pop": 4.751015, "log_mass": 6.753108, "log_pop_c": -0.382058, "log_mass_c": -0.528867, "lat": -2.99700846309538, "lon": -47.3583176713795}, {"country_iso": "BRA", "city_id": 1204, "city": "Ponta Grossa", "pop_total": 204277.131327581, "mass_total": 46233534.4954148, "log_pop": 5.31022, "log_mass": 7.664957, "log_pop_c": 0.177147, "log_mass_c": 0.382982, "lat": -25.092584012799, "lon": -50.1556713648874}, {"country_iso": "BRA", "city_id": 1205, "city": "\u00c1guas Lindas de Goi\u00e1s", "pop_total": 126164.480456418, "mass_total": 16112179.3137277, "log_pop": 5.100937, "log_mass": 7.207154, "log_pop_c": -0.032136, "log_mass_c": -0.074821, "lat": -15.7504361918564, "lon": -48.277069946929}, {"country_iso": "BRA", "city_id": 1208, "city": "Caxias do Sul", "pop_total": 304091.45125943, "mass_total": 62395641.4563497, "log_pop": 5.483004, "log_mass": 7.795154, "log_pop_c": 0.349931, "log_mass_c": 0.513179, "lat": -29.1671082476807, "lon": -51.18400117523}, {"country_iso": "BRA", "city_id": 1209, "city": "Rio Grande", "pop_total": 123543.975592339, "mass_total": 18240740.148587, "log_pop": 5.091822, "log_mass": 7.261042, "log_pop_c": -0.041252, "log_mass_c": -0.020933, "lat": -32.0624227763395, "lon": -52.1409164450611}, {"country_iso": "BRA", "city_id": 1210, "city": "Ceil\u00e2ndia", "pop_total": 931584.450793312, "mass_total": 102806393.990666, "log_pop": 5.969222, "log_mass": 8.01202, "log_pop_c": 0.836149, "log_mass_c": 0.730045, "lat": -15.8360964280538, "lon": -48.0729787380076}, {"country_iso": "BRA", "city_id": 1211, "city": "Recanto das Emas", "pop_total": 131752.318666983, "mass_total": 9538190.0032927, "log_pop": 5.119758, "log_mass": 6.979466, "log_pop_c": -0.013315, "log_mass_c": -0.302509, "lat": -15.9135737490688, "lon": -48.0720401574303}, {"country_iso": "BRA", "city_id": 1213, "city": "Catanduva", "pop_total": 72486.654485067, "mass_total": 13080580.7575206, "log_pop": 4.860258, "log_mass": 7.116627, "log_pop_c": -0.272815, "log_mass_c": -0.165348, "lat": -21.1395395459718, "lon": -48.9671296163974}, {"country_iso": "BRA", "city_id": 1214, "city": "Novo Hamburgo", "pop_total": 402557.694904444, "mass_total": 79377717.8734856, "log_pop": 5.604828, "log_mass": 7.899699, "log_pop_c": 0.471755, "log_mass_c": 0.617724, "lat": -29.7079424432155, "lon": -51.1253458688987}, {"country_iso": "BRA", "city_id": 1215, "city": "Gama", "pop_total": 366775.204186782, "mass_total": 36919233.7111066, "log_pop": 5.5644, "log_mass": 7.567253, "log_pop_c": 0.431327, "log_mass_c": 0.285278, "lat": -16.0457551231153, "lon": -48.0238373355843}, {"country_iso": "BRA", "city_id": 1216, "city": "Canoas", "pop_total": 263269.195675943, "mass_total": 45211628.6661566, "log_pop": 5.4204, "log_mass": 7.65525, "log_pop_c": 0.287327, "log_mass_c": 0.373275, "lat": -29.9174073383529, "lon": -51.1725564319608}, {"country_iso": "BRA", "city_id": 1217, "city": "Sapucaia do Sul", "pop_total": 161201.165715463, "mass_total": 26428814.7595467, "log_pop": 5.207368, "log_mass": 7.422078, "log_pop_c": 0.074295, "log_mass_c": 0.140103, "lat": -29.8369646781833, "lon": -51.1526941380883}, {"country_iso": "BRA", "city_id": 1218, "city": "Porto Alegre", "pop_total": 1342895.77563982, "mass_total": 196685710.538995, "log_pop": 6.128042, "log_mass": 8.293773, "log_pop_c": 0.994969, "log_mass_c": 1.011798, "lat": -30.0655736212516, "lon": -51.1472953920841}, {"country_iso": "BRA", "city_id": 1219, "city": "Guar\u00e1", "pop_total": 200816.729264171, "mass_total": 22513270.8031927, "log_pop": 5.3028, "log_mass": 7.352439, "log_pop_c": 0.169727, "log_mass_c": 0.070464, "lat": -15.8239618407101, "lon": -47.9584079211906}, {"country_iso": "BRA", "city_id": 1220, "city": "Bauru", "pop_total": 236029.886500674, "mass_total": 44406916.7471837, "log_pop": 5.372967, "log_mass": 7.647451, "log_pop_c": 0.239894, "log_mass_c": 0.365476, "lat": -22.3225473607244, "lon": -49.0725211597474}, {"country_iso": "BRA", "city_id": 1221, "city": "Bras\u00edlia", "pop_total": 170307.10450972, "mass_total": 23674172.9413677, "log_pop": 5.231233, "log_mass": 7.374275, "log_pop_c": 0.09816, "log_mass_c": 0.0923, "lat": -15.7684241126433, "lon": -47.8815116376046}, {"country_iso": "BRA", "city_id": 1225, "city": "Luzi\u00e2nia", "pop_total": 55405.7387786538, "mass_total": 10099969.2576247, "log_pop": 4.743555, "log_mass": 7.00432, "log_pop_c": -0.389518, "log_mass_c": -0.277655, "lat": -16.2509557422807, "lon": -47.9339759469377}, {"country_iso": "BRA", "city_id": 1226, "city": "Gravata\u00ed", "pop_total": 256871.957054495, "mass_total": 41144208.3975065, "log_pop": 5.409717, "log_mass": 7.614309, "log_pop_c": 0.276643, "log_mass_c": 0.332334, "lat": -29.9326996711934, "lon": -51.0430803165932}, {"country_iso": "BRA", "city_id": 1227, "city": "Sobradinho", "pop_total": 91199.097482297, "mass_total": 11254364.8002815, "log_pop": 4.959991, "log_mass": 7.051321, "log_pop_c": -0.173083, "log_mass_c": -0.230654, "lat": -15.6451362425782, "lon": -47.8054565972449}, {"country_iso": "BRA", "city_id": 1228, "city": "Uberl\u00e2ndia", "pop_total": 459108.391500812, "mass_total": 75999000.2573111, "log_pop": 5.661915, "log_mass": 7.880808, "log_pop_c": 0.528842, "log_mass_c": 0.598833, "lat": -18.9165886177743, "lon": -48.2797235366694}, {"country_iso": "BRA", "city_id": 1229, "city": "Barretos", "pop_total": 82737.7138798125, "mass_total": 14273592.6046751, "log_pop": 4.917704, "log_mass": 7.154533, "log_pop_c": -0.21537, "log_mass_c": -0.127442, "lat": -20.5551650176949, "lon": -48.5695654981836}, {"country_iso": "BRA", "city_id": 1230, "city": "Lages", "pop_total": 100467.940398386, "mass_total": 21771826.6907549, "log_pop": 5.002027, "log_mass": 7.337895, "log_pop_c": -0.131046, "log_mass_c": 0.05592, "lat": -27.8111830704601, "lon": -50.3173709543215}, {"country_iso": "BRA", "city_id": 1231, "city": "Itapo\u00e3", "pop_total": 81871.0949527989, "mass_total": 4861175.31010803, "log_pop": 4.913131, "log_mass": 6.686741, "log_pop_c": -0.219943, "log_mass_c": -0.595234, "lat": -15.7533767047776, "lon": -47.7701684506062}, {"country_iso": "BRA", "city_id": 1233, "city": "S\u00e3o Sebasti\u00e3o", "pop_total": 60822.9902870497, "mass_total": 4290078.90830963, "log_pop": 4.784068, "log_mass": 6.632465, "log_pop_c": -0.349005, "log_mass_c": -0.64951, "lat": -15.906046695799, "lon": -47.7711642901911}, {"country_iso": "BRA", "city_id": 1234, "city": "Araguari", "pop_total": 69615.0198964528, "mass_total": 12699362.0254901, "log_pop": 4.842703, "log_mass": 7.103782, "log_pop_c": -0.29037, "log_mass_c": -0.178193, "lat": -18.6467738217845, "lon": -48.1949112295976}, {"country_iso": "BRA", "city_id": 1235, "city": "Planaltina", "pop_total": 93095.4184877472, "mass_total": 8938672.49137125, "log_pop": 4.968928, "log_mass": 6.951273, "log_pop_c": -0.164145, "log_mass_c": -0.330702, "lat": -15.6245428400168, "lon": -47.6468434256794}, {"country_iso": "BRA", "city_id": 1239, "city": "Catal\u00e3o", "pop_total": 59455.9548437423, "mass_total": 10100978.7836238, "log_pop": 4.774195, "log_mass": 7.004363, "log_pop_c": -0.358878, "log_mass_c": -0.277612, "lat": -18.1630921955425, "lon": -47.9443472478808}, {"country_iso": "BRA", "city_id": 1240, "city": "Avar\u00e9", "pop_total": 53534.0387646011, "mass_total": 10404582.2773149, "log_pop": 4.72863, "log_mass": 7.017225, "log_pop_c": -0.404443, "log_mass_c": -0.26475, "lat": -23.1012019056917, "lon": -48.918219894431}, {"country_iso": "BRA", "city_id": 1242, "city": "Curitiba", "pop_total": 1821123.56317498, "mass_total": 319740610.436201, "log_pop": 6.260339, "log_mass": 8.504798, "log_pop_c": 1.127266, "log_mass_c": 1.222823, "lat": -25.4427828147133, "lon": -49.2614843056866}, {"country_iso": "BRA", "city_id": 1243, "city": "Arauc\u00e1ria", "pop_total": 76273.8478233827, "mass_total": 14390862.9620876, "log_pop": 4.882376, "log_mass": 7.158087, "log_pop_c": -0.250698, "log_mass_c": -0.123888, "lat": -25.5827310245161, "lon": -49.3937166284425}, {"country_iso": "BRA", "city_id": 1244, "city": "Ja\u00fa", "pop_total": 88066.9777446235, "mass_total": 16207805.546711, "log_pop": 4.944813, "log_mass": 7.209724, "log_pop_c": -0.18826, "log_mass_c": -0.072251, "lat": -22.291782424589, "lon": -48.5576060778474}, {"country_iso": "BRA", "city_id": 1246, "city": "Formosa", "pop_total": 64273.9322143444, "mass_total": 9962391.9833684, "log_pop": 4.808035, "log_mass": 6.998364, "log_pop_c": -0.325038, "log_mass_c": -0.283611, "lat": -15.5434829792273, "lon": -47.3284127217626}, {"country_iso": "BRA", "city_id": 1247, "city": "Fazenda Rio Grande", "pop_total": 58868.1037765748, "mass_total": 9923358.06766092, "log_pop": 4.76988, "log_mass": 6.996659, "log_pop_c": -0.363193, "log_mass_c": -0.285316, "lat": -25.6550167989855, "lon": -49.3137002237033}, {"country_iso": "BRA", "city_id": 1248, "city": "Mat\u00e3o", "pop_total": 54538.5291951933, "mass_total": 10822687.8896503, "log_pop": 4.736703, "log_mass": 7.034335, "log_pop_c": -0.39637, "log_mass_c": -0.24764, "lat": -21.6052967245949, "lon": -48.3617991098024}, {"country_iso": "BRA", "city_id": 1249, "city": "Itapeva", "pop_total": 50167.6391696032, "mass_total": 7751274.82383681, "log_pop": 4.700424, "log_mass": 6.889373, "log_pop_c": -0.43265, "log_mass_c": -0.392602, "lat": -23.986493604708, "lon": -48.8850108466696}, {"country_iso": "BRA", "city_id": 1250, "city": "Uberaba", "pop_total": 231993.615278149, "mass_total": 38438465.7793492, "log_pop": 5.365476, "log_mass": 7.584766, "log_pop_c": 0.232403, "log_mass_c": 0.302791, "lat": -19.7543028473196, "lon": -47.9329469445595}, {"country_iso": "BRA", "city_id": 1251, "city": "S\u00e3o Jos\u00e9 dos Pinhais", "pop_total": 134728.092847947, "mass_total": 27645955.2744154, "log_pop": 5.129458, "log_mass": 7.441632, "log_pop_c": -0.003615, "log_mass_c": 0.159657, "lat": -25.5349758381974, "lon": -49.17831738169}, {"country_iso": "BRA", "city_id": 1252, "city": "Botucatu", "pop_total": 81504.8286246515, "mass_total": 15798068.946915, "log_pop": 4.911183, "log_mass": 7.198604, "log_pop_c": -0.22189, "log_mass_c": -0.083371, "lat": -22.8873886587891, "lon": -48.4438761721282}, {"country_iso": "BRA", "city_id": 1253, "city": "Araraquara", "pop_total": 144957.208515506, "mass_total": 30306637.1537803, "log_pop": 5.16124, "log_mass": 7.481538, "log_pop_c": 0.028167, "log_mass_c": 0.199563, "lat": -21.7843399832105, "lon": -48.1620809160239}, {"country_iso": "BRA", "city_id": 1254, "city": "Sert\u00e3ozinho", "pop_total": 85018.3940917679, "mass_total": 13158621.9875325, "log_pop": 4.929513, "log_mass": 7.11921, "log_pop_c": -0.20356, "log_mass_c": -0.162765, "lat": -21.1289665536696, "lon": -47.9983693095336}, {"country_iso": "BRA", "city_id": 1256, "city": "Jaragu\u00e1 do Sul", "pop_total": 60919.5007453886, "mass_total": 16745079.2201772, "log_pop": 4.784756, "log_mass": 7.223887, "log_pop_c": -0.348317, "log_mass_c": -0.058088, "lat": -26.485266237633, "lon": -49.0938417562519}, {"country_iso": "BRA", "city_id": 1257, "city": "Ribeirao Preto", "pop_total": 440890.438679615, "mass_total": 70441149.882897, "log_pop": 5.644331, "log_mass": 7.847826, "log_pop_c": 0.511257, "log_mass_c": 0.565851, "lat": -21.1658025585928, "lon": -47.804197308957}, {"country_iso": "BRA", "city_id": 1259, "city": "Blumenau", "pop_total": 124861.962689708, "mass_total": 29189471.8486151, "log_pop": 5.09643, "log_mass": 7.465226, "log_pop_c": -0.036643, "log_mass_c": 0.183251, "lat": -26.9111579330476, "lon": -49.0853372104809}, {"country_iso": "BRA", "city_id": 1260, "city": "S\u00e3o Carlos", "pop_total": 161954.125500722, "mass_total": 30336240.3983371, "log_pop": 5.209392, "log_mass": 7.481962, "log_pop_c": 0.076319, "log_mass_c": 0.199987, "lat": -22.0197845053411, "lon": -47.8937406900815}, {"country_iso": "BRA", "city_id": 1262, "city": "Joinville", "pop_total": 354272.18001844, "mass_total": 72498148.4791362, "log_pop": 5.549337, "log_mass": 7.860327, "log_pop_c": 0.416264, "log_mass_c": 0.578352, "lat": -26.3036640695605, "lon": -48.8310140855519}, {"country_iso": "BRA", "city_id": 1264, "city": "Crici\u00fama", "pop_total": 124217.820001482, "mass_total": 30555561.3109091, "log_pop": 5.094184, "log_mass": 7.48509, "log_pop_c": -0.038889, "log_mass_c": 0.203115, "lat": -28.6847678628214, "lon": -49.3889301730431}, {"country_iso": "BRA", "city_id": 1266, "city": "Paranagu\u00e1", "pop_total": 98464.217363591, "mass_total": 19586133.4749473, "log_pop": 4.993278, "log_mass": 7.291949, "log_pop_c": -0.139795, "log_mass_c": 0.009974, "lat": -25.5358377764785, "lon": -48.534203284993}, {"country_iso": "BRA", "city_id": 1267, "city": "Franca", "pop_total": 246342.016895497, "mass_total": 40267523.3451717, "log_pop": 5.391538, "log_mass": 7.604955, "log_pop_c": 0.258465, "log_mass_c": 0.32298, "lat": -20.5303328235999, "lon": -47.3964164430573}, {"country_iso": "BRA", "city_id": 1268, "city": "Itapetininga", "pop_total": 80166.7896661488, "mass_total": 13674433.7572693, "log_pop": 4.903994, "log_mass": 7.135909, "log_pop_c": -0.229079, "log_mass_c": -0.146066, "lat": -23.586823413525, "lon": -48.0489789640463}, {"country_iso": "BRA", "city_id": 1270, "city": "Tatu\u00ed", "pop_total": 72324.3129584334, "mass_total": 11013126.5640793, "log_pop": 4.859284, "log_mass": 7.041911, "log_pop_c": -0.273789, "log_mass_c": -0.240064, "lat": -23.3498705381463, "lon": -47.8514259765403}, {"country_iso": "BRA", "city_id": 1271, "city": "Piracicaba", "pop_total": 266008.558689912, "mass_total": 42640149.8527132, "log_pop": 5.424896, "log_mass": 7.629819, "log_pop_c": 0.291822, "log_mass_c": 0.347844, "lat": -22.7240695451668, "lon": -47.6555882337418}, {"country_iso": "BRA", "city_id": 1272, "city": "Itaja\u00ed", "pop_total": 175842.290859373, "mass_total": 30415829.9000307, "log_pop": 5.245123, "log_mass": 7.4831, "log_pop_c": 0.11205, "log_mass_c": 0.201125, "lat": -26.8994865186733, "lon": -48.6747488052285}, {"country_iso": "BRA", "city_id": 1273, "city": "Rio Claro", "pop_total": 137034.016269671, "mass_total": 22676138.3536334, "log_pop": 5.136828, "log_mass": 7.355569, "log_pop_c": 0.003755, "log_mass_c": 0.073594, "lat": -22.4035924073545, "lon": -47.5674183218074}, {"country_iso": "BRA", "city_id": 1275, "city": "Balne\u00e1rio Cambori\u00fa", "pop_total": 145164.215061492, "mass_total": 22887232.9801046, "log_pop": 5.16186, "log_mass": 7.359593, "log_pop_c": 0.028786, "log_mass_c": 0.077618, "lat": -27.0069578631233, "lon": -48.6392452609804}, {"country_iso": "BRA", "city_id": 1277, "city": "Tubar\u00e3o", "pop_total": 52148.5567624924, "mass_total": 13394476.489126, "log_pop": 4.717242, "log_mass": 7.126926, "log_pop_c": -0.415831, "log_mass_c": -0.155049, "lat": -28.4832507279866, "lon": -49.0098853206925}, {"country_iso": "BRA", "city_id": 1278, "city": "Arax\u00e1", "pop_total": 70719.9966657044, "mass_total": 10624471.6753872, "log_pop": 4.849542, "log_mass": 7.026307, "log_pop_c": -0.283531, "log_mass_c": -0.255668, "lat": -19.5915024757734, "lon": -46.9393165907691}, {"country_iso": "BRA", "city_id": 1280, "city": "Leme", "pop_total": 65929.6462420295, "mass_total": 10794049.2411733, "log_pop": 4.819081, "log_mass": 7.033184, "log_pop_c": -0.313992, "log_mass_c": -0.248791, "lat": -22.1882505445166, "lon": -47.3797816916921}, {"country_iso": "BRA", "city_id": 1281, "city": "Florian\u00f3polis", "pop_total": 473641.059512779, "mass_total": 80747350.7840689, "log_pop": 5.675449, "log_mass": 7.907128, "log_pop_c": 0.542376, "log_mass_c": 0.625153, "lat": -27.595206124265, "lon": -48.6171621307415}, {"country_iso": "BRA", "city_id": 1282, "city": "Limeira", "pop_total": 214326.25898665, "mass_total": 33755733.9278566, "log_pop": 5.331075, "log_mass": 7.528348, "log_pop_c": 0.198002, "log_mass_c": 0.246373, "lat": -22.5739217683981, "lon": -47.4110307390116}, {"country_iso": "BRA", "city_id": 1283, "city": "Araras", "pop_total": 54653.1255304341, "mass_total": 11419188.3525576, "log_pop": 4.737615, "log_mass": 7.057635, "log_pop_c": -0.395458, "log_mass_c": -0.22434, "lat": -22.3629495781343, "lon": -47.3791812849784}, {"country_iso": "BRA", "city_id": 1284, "city": "Americana", "pop_total": 290928.469718609, "mass_total": 51043516.7015099, "log_pop": 5.463786, "log_mass": 7.707941, "log_pop_c": 0.330713, "log_mass_c": 0.425966, "lat": -22.7416057070395, "lon": -47.3550425595768}, {"country_iso": "BRA", "city_id": 1286, "city": "Sorocaba", "pop_total": 522000.818790018, "mass_total": 82086558.1831818, "log_pop": 5.717671, "log_mass": 7.914272, "log_pop_c": 0.584598, "log_mass_c": 0.632297, "lat": -23.4970444552902, "lon": -47.4685836211456}, {"country_iso": "BRA", "city_id": 1287, "city": "Patos de Minas", "pop_total": 93112.7431913071, "mass_total": 16087809.3261412, "log_pop": 4.969009, "log_mass": 7.206497, "log_pop_c": -0.164064, "log_mass_c": -0.075478, "lat": -18.5872610788516, "lon": -46.5100896552267}, {"country_iso": "BRA", "city_id": 1288, "city": "Sumar\u00e9", "pop_total": 192537.325334891, "mass_total": 30749968.6098953, "log_pop": 5.284515, "log_mass": 7.487845, "log_pop_c": 0.151442, "log_mass_c": 0.20587, "lat": -22.799459035402, "lon": -47.2432733002497}, {"country_iso": "BRA", "city_id": 1290, "city": "Salto", "pop_total": 74406.7797141055, "mass_total": 12157991.5624715, "log_pop": 4.871613, "log_mass": 7.084862, "log_pop_c": -0.261461, "log_mass_c": -0.197113, "lat": -23.1993475942189, "lon": -47.2898849565544}, {"country_iso": "BRA", "city_id": 1291, "city": "Campinas", "pop_total": 1054835.84233009, "mass_total": 172865684.922238, "log_pop": 6.023185, "log_mass": 8.237709, "log_pop_c": 0.890112, "log_mass_c": 0.955734, "lat": -22.9119082781493, "lon": -47.1125222940072}, {"country_iso": "BRA", "city_id": 1292, "city": "Itu", "pop_total": 74433.4692538648, "mass_total": 13402951.1758583, "log_pop": 4.871768, "log_mass": 7.1272, "log_pop_c": -0.261305, "log_mass_c": -0.154775, "lat": -23.2723659081529, "lon": -47.2978606690378}, {"country_iso": "BRA", "city_id": 1293, "city": "Indaiatuba", "pop_total": 154217.491765819, "mass_total": 21967143.3969732, "log_pop": 5.188134, "log_mass": 7.341774, "log_pop_c": 0.05506, "log_mass_c": 0.059799, "lat": -23.098418200785, "lon": -47.2166854875075}, {"country_iso": "BRA", "city_id": 1294, "city": "Passos", "pop_total": 76669.8927379241, "mass_total": 12025343.1140562, "log_pop": 4.884625, "log_mass": 7.080097, "log_pop_c": -0.248448, "log_mass_c": -0.201877, "lat": -20.7211990039124, "lon": -46.6116108915474}, {"country_iso": "BRA", "city_id": 1295, "city": "Mogi Gua\u00e7u", "pop_total": 99938.6336212529, "mass_total": 17765566.099243, "log_pop": 4.999733, "log_mass": 7.249579, "log_pop_c": -0.13334, "log_mass_c": -0.032396, "lat": -22.3565317911426, "lon": -46.9371016194981}, {"country_iso": "BRA", "city_id": 1299, "city": "S\u00e3o Jo\u00e3o da Boa Vista", "pop_total": 53724.4978123845, "mass_total": 10371530.7820178, "log_pop": 4.730172, "log_mass": 7.015843, "log_pop_c": -0.402901, "log_mass_c": -0.266132, "lat": -21.9749879140376, "lon": -46.7925587359157}, {"country_iso": "BRA", "city_id": 1302, "city": "Jundia\u00ed", "pop_total": 360780.904578386, "mass_total": 54727730.5131984, "log_pop": 5.557244, "log_mass": 7.738207, "log_pop_c": 0.42417, "log_mass_c": 0.456232, "lat": -23.1974649254455, "lon": -46.8531954543979}, {"country_iso": "BRA", "city_id": 1303, "city": "S\u00e3o Paulo", "pop_total": 15497580.0267477, "mass_total": 1533820728.72453, "log_pop": 7.190264, "log_mass": 9.185775, "log_pop_c": 2.057191, "log_mass_c": 1.9038, "lat": -23.5728620963419, "lon": -46.5994652485674}, {"country_iso": "BRA", "city_id": 1304, "city": "Itatiba", "pop_total": 56533.2928458531, "mass_total": 10173546.2768898, "log_pop": 4.752304, "log_mass": 7.007472, "log_pop_c": -0.380769, "log_mass_c": -0.274503, "lat": -23.0049602768342, "lon": -46.8371995892219}, {"country_iso": "BRA", "city_id": 1305, "city": "Po\u00e7os de Caldas", "pop_total": 87806.284550779, "mass_total": 14703393.2595339, "log_pop": 4.943526, "log_mass": 7.167418, "log_pop_c": -0.189548, "log_mass_c": -0.114557, "lat": -21.7943313237008, "lon": -46.5621841657963}, {"country_iso": "BRA", "city_id": 1306, "city": "Polvilho", "pop_total": 55094.4730066728, "mass_total": 7995768.72284951, "log_pop": 4.741108, "log_mass": 6.90286, "log_pop_c": -0.391965, "log_mass_c": -0.379115, "lat": -23.4149747090187, "lon": -46.8592849690889}, {"country_iso": "BRA", "city_id": 1307, "city": "Barreiras", "pop_total": 88859.1385291262, "mass_total": 8897729.6901368, "log_pop": 4.948702, "log_mass": 6.949279, "log_pop_c": -0.184371, "log_mass_c": -0.332696, "lat": -12.1395021792971, "lon": -44.9941658599916}, {"country_iso": "BRA", "city_id": 1308, "city": "Itapecerica da Serra", "pop_total": 50729.3539138599, "mass_total": 5250294.62110875, "log_pop": 4.705259, "log_mass": 6.720184, "log_pop_c": -0.427814, "log_mass_c": -0.561791, "lat": -23.6992591198855, "lon": -46.8549237991536}, {"country_iso": "BRA", "city_id": 1309, "city": "Jardim Brit\u00e2nia", "pop_total": 51094.9894752666, "mass_total": 4151904.19505063, "log_pop": 4.708378, "log_mass": 6.618247, "log_pop_c": -0.424695, "log_mass_c": -0.663728, "lat": -23.4398324110337, "lon": -46.7920364490432}, {"country_iso": "BRA", "city_id": 1310, "city": "Francisco Morato", "pop_total": 246879.329769458, "mass_total": 25111429.7781151, "log_pop": 5.392485, "log_mass": 7.399871, "log_pop_c": 0.259412, "log_mass_c": 0.117896, "lat": -23.3103409397854, "lon": -46.7336526162076}, {"country_iso": "BRA", "city_id": 1311, "city": "Perus", "pop_total": 62190.7501457673, "mass_total": 4481134.36126534, "log_pop": 4.793726, "log_mass": 6.651388, "log_pop_c": -0.339347, "log_mass_c": -0.630587, "lat": -23.408955582937, "lon": -46.7510679239646}, {"country_iso": "BRA", "city_id": 1312, "city": "S\u00e3o Lu\u00eds", "pop_total": 806847.152485778, "mass_total": 58526838.7862929, "log_pop": 5.906791, "log_mass": 7.767355, "log_pop_c": 0.773718, "log_mass_c": 0.48538, "lat": -2.54653609449708, "lon": -44.2393658314126}, {"country_iso": "BRA", "city_id": 1313, "city": "Praia Grande", "pop_total": 371571.284565504, "mass_total": 64423895.0566942, "log_pop": 5.570042, "log_mass": 7.809047, "log_pop_c": 0.436969, "log_mass_c": 0.527072, "lat": -24.0810710574856, "lon": -46.6036979662343}, {"country_iso": "BRA", "city_id": 1314, "city": "Bragan\u00e7a Paulista", "pop_total": 93110.3205042426, "mass_total": 15430256.9584141, "log_pop": 4.968998, "log_mass": 7.188373, "log_pop_c": -0.164075, "log_mass_c": -0.093602, "lat": -22.9391311140105, "lon": -46.5448395781474}, {"country_iso": "BRA", "city_id": 1315, "city": "Atibaia", "pop_total": 65367.9547333981, "mass_total": 12167482.3149963, "log_pop": 4.815365, "log_mass": 7.085201, "log_pop_c": -0.317708, "log_mass_c": -0.196774, "lat": -23.1283292672177, "lon": -46.5659310750617}, {"country_iso": "BRA", "city_id": 1316, "city": "Alfenas", "pop_total": 51457.9516596245, "mass_total": 8899918.99705954, "log_pop": 4.711452, "log_mass": 6.949386, "log_pop_c": -0.421621, "log_mass_c": -0.332589, "lat": -21.418501317886, "lon": -45.9537043672815}, {"country_iso": "BRA", "city_id": 1317, "city": "Ribeir\u00e3o Pires", "pop_total": 64284.4156695914, "mass_total": 9364201.01202487, "log_pop": 4.808106, "log_mass": 6.971471, "log_pop_c": -0.324968, "log_mass_c": -0.310504, "lat": -23.719240500608, "lon": -46.3995850455978}, {"country_iso": "BRA", "city_id": 1320, "city": "Santos", "pop_total": 802951.297991002, "mass_total": 82012485.3980048, "log_pop": 5.904689, "log_mass": 7.91388, "log_pop_c": 0.771616, "log_mass_c": 0.631905, "lat": -23.9617359889963, "lon": -46.3264745855174}, {"country_iso": "BRA", "city_id": 1322, "city": "Pouso Alegre", "pop_total": 75516.1094918971, "mass_total": 10910596.5271364, "log_pop": 4.87804, "log_mass": 7.037848, "log_pop_c": -0.255034, "log_mass_c": -0.244126, "lat": -22.2364967405259, "lon": -45.9367749220353}, {"country_iso": "BRA", "city_id": 1324, "city": "Sao Jose dos Campos", "pop_total": 561864.605292288, "mass_total": 82831450.4515222, "log_pop": 5.749632, "log_mass": 7.918195, "log_pop_c": 0.616558, "log_mass_c": 0.63622, "lat": -23.2318392933283, "lon": -45.8968621912267}, {"country_iso": "BRA", "city_id": 1326, "city": "Varginha", "pop_total": 87901.8260941225, "mass_total": 13244298.4224881, "log_pop": 4.943998, "log_mass": 7.122029, "log_pop_c": -0.189075, "log_mass_c": -0.159946, "lat": -21.5626899388863, "lon": -45.4372534962011}, {"country_iso": "BRA", "city_id": 1328, "city": "Nova Serrana", "pop_total": 66665.7295144371, "mass_total": 7297194.82094649, "log_pop": 4.823903, "log_mass": 6.863156, "log_pop_c": -0.309171, "log_mass_c": -0.418819, "lat": -19.8713947257341, "lon": -44.9851809893492}, {"country_iso": "BRA", "city_id": 1329, "city": "Taubat\u00e9", "pop_total": 214318.866045655, "mass_total": 33482861.2011178, "log_pop": 5.33106, "log_mass": 7.524823, "log_pop_c": 0.197987, "log_mass_c": 0.242848, "lat": -23.0249807823531, "lon": -45.5655826651702}, {"country_iso": "BRA", "city_id": 1333, "city": "Pindamonhangaba", "pop_total": 52006.3604423223, "mass_total": 8709372.81418861, "log_pop": 4.716056, "log_mass": 6.939987, "log_pop_c": -0.417017, "log_mass_c": -0.341988, "lat": -22.9330505171482, "lon": -45.4553115708593}, {"country_iso": "BRA", "city_id": 1334, "city": "Divin\u00f3polis", "pop_total": 138198.239370085, "mass_total": 24941564.6175976, "log_pop": 5.140503, "log_mass": 7.396924, "log_pop_c": 0.007429, "log_mass_c": 0.114949, "lat": -20.1444014981843, "lon": -44.889303459945}, {"country_iso": "BRA", "city_id": 1335, "city": "Lavras", "pop_total": 62616.6711506437, "mass_total": 9397789.16549841, "log_pop": 4.79669, "log_mass": 6.973026, "log_pop_c": -0.336383, "log_mass_c": -0.308949, "lat": -21.2456069904611, "lon": -45.0011860466206}, {"country_iso": "BRA", "city_id": 1336, "city": "Guaratinguet\u00e1", "pop_total": 64178.1767471938, "mass_total": 10903913.5260924, "log_pop": 4.807387, "log_mass": 7.037582, "log_pop_c": -0.325686, "log_mass_c": -0.244393, "lat": -22.7996947286755, "lon": -45.1959357894442}, {"country_iso": "BRA", "city_id": 1339, "city": "Lorena", "pop_total": 60634.9217759794, "mass_total": 9693087.65397922, "log_pop": 4.782723, "log_mass": 6.986462, "log_pop_c": -0.35035, "log_mass_c": -0.295513, "lat": -22.7373917484643, "lon": -45.1120403842583}, {"country_iso": "BRA", "city_id": 1340, "city": "Ita\u00fana", "pop_total": 58243.9147835397, "mass_total": 9830935.53298903, "log_pop": 4.765251, "log_mass": 6.992595, "log_pop_c": -0.367823, "log_mass_c": -0.28938, "lat": -20.0813997488767, "lon": -44.5812054092446}, {"country_iso": "BRA", "city_id": 1342, "city": "Cruzeiro", "pop_total": 59700.9359708582, "mass_total": 8671274.41825978, "log_pop": 4.775981, "log_mass": 6.938083, "log_pop_c": -0.357092, "log_mass_c": -0.343892, "lat": -22.5723729980744, "lon": -44.9577533815022}, {"country_iso": "BRA", "city_id": 1343, "city": "Teresina", "pop_total": 638460.416392343, "mass_total": 75006518.6832069, "log_pop": 5.805134, "log_mass": 7.875099, "log_pop_c": 0.672061, "log_mass_c": 0.593124, "lat": -5.10041165189917, "lon": -42.7903151971234}, {"country_iso": "BRA", "city_id": 1344, "city": "Montes Claros", "pop_total": 266600.346290829, "mass_total": 33629064.0900498, "log_pop": 5.425861, "log_mass": 7.526715, "log_pop_c": 0.292788, "log_mass_c": 0.24474, "lat": -16.7278245817933, "lon": -43.8577157133986}, {"country_iso": "BRA", "city_id": 1345, "city": "Sete Lagoas", "pop_total": 154286.98036237, "mass_total": 24807329.30701, "log_pop": 5.188329, "log_mass": 7.39458, "log_pop_c": 0.055256, "log_mass_c": 0.112605, "lat": -19.4495773917736, "lon": -44.2337278214671}, {"country_iso": "BRA", "city_id": 1346, "city": "Belo Horizonte", "pop_total": 3236922.45147768, "mass_total": 393406386.671795, "log_pop": 6.510132, "log_mass": 8.594841, "log_pop_c": 1.377059, "log_mass_c": 1.312866, "lat": -19.9004566344898, "lon": -44.0084271586944}, {"country_iso": "BRA", "city_id": 1350, "city": "S\u00e3o Jo\u00e3o del-Rei", "pop_total": 51400.6845639079, "mass_total": 7743616.63221986, "log_pop": 4.710969, "log_mass": 6.888944, "log_pop_c": -0.422104, "log_mass_c": -0.393031, "lat": -21.1296786165216, "lon": -44.2495474489975}, {"country_iso": "BRA", "city_id": 1351, "city": "Resende", "pop_total": 78612.1785816425, "mass_total": 10691038.682181, "log_pop": 4.89549, "log_mass": 7.02902, "log_pop_c": -0.237583, "log_mass_c": -0.252955, "lat": -22.4697783950883, "lon": -44.466175104667}, {"country_iso": "BRA", "city_id": 1353, "city": "Angra dos Reis", "pop_total": 64156.2204983517, "mass_total": 5828667.14433084, "log_pop": 4.807239, "log_mass": 6.765569, "log_pop_c": -0.325834, "log_mass_c": -0.516406, "lat": -22.9863607145602, "lon": -44.3046342234872}, {"country_iso": "BRA", "city_id": 1354, "city": "Volta Redonda", "pop_total": 274539.510747258, "mass_total": 46876579.6274311, "log_pop": 5.438605, "log_mass": 7.670956, "log_pop_c": 0.305532, "log_mass_c": 0.388981, "lat": -22.5197687003814, "lon": -44.1299297091696}, {"country_iso": "BRA", "city_id": 1355, "city": "Conselheiro Lafaiete", "pop_total": 78722.2651625407, "mass_total": 11781411.4612464, "log_pop": 4.896098, "log_mass": 7.071197, "log_pop_c": -0.236976, "log_mass_c": -0.210778, "lat": -20.6638446711295, "lon": -43.788716659591}, {"country_iso": "BRA", "city_id": 1357, "city": "Barbacena", "pop_total": 66196.3714594133, "mass_total": 10093518.2150008, "log_pop": 4.820834, "log_mass": 7.004043, "log_pop_c": -0.312239, "log_mass_c": -0.277932, "lat": -21.2168596218149, "lon": -43.7725651048483}, {"country_iso": "BRA", "city_id": 1358, "city": "Parna\u00edba", "pop_total": 88081.0709153087, "mass_total": 9823653.74682653, "log_pop": 4.944883, "log_mass": 6.992273, "log_pop_c": -0.188191, "log_mass_c": -0.289702, "lat": -2.91878843742484, "lon": -41.7608960129272}, {"country_iso": "BRA", "city_id": 1359, "city": "Itabira", "pop_total": 65134.0233111986, "mass_total": 8743037.21813873, "log_pop": 4.813808, "log_mass": 6.941662, "log_pop_c": -0.319265, "log_mass_c": -0.340313, "lat": -19.6387566946186, "lon": -43.2209142751936}, {"country_iso": "BRA", "city_id": 1360, "city": "Itagua\u00ed", "pop_total": 77509.2366833092, "mass_total": 10778689.3871034, "log_pop": 4.889353, "log_mass": 7.032566, "log_pop_c": -0.24372, "log_mass_c": -0.249409, "lat": -22.8670835680308, "lon": -43.7845439477093}, {"country_iso": "BRA", "city_id": 1361, "city": "Rio de Janeiro", "pop_total": 7867557.84416865, "mass_total": 758921819.916192, "log_pop": 6.89584, "log_mass": 8.880197, "log_pop_c": 1.762767, "log_mass_c": 1.598222, "lat": -22.838163196273, "lon": -43.3905236697527}, {"country_iso": "BRA", "city_id": 1362, "city": "Juiz de Fora", "pop_total": 359461.417213632, "mass_total": 41052742.2772541, "log_pop": 5.555652, "log_mass": 7.613342, "log_pop_c": 0.422579, "log_mass_c": 0.331367, "lat": -21.7514987499347, "lon": -43.3659644139246}, {"country_iso": "BRA", "city_id": 1363, "city": "Km 32", "pop_total": 60509.2391621017, "mass_total": 7990213.48337685, "log_pop": 4.781822, "log_mass": 6.902558, "log_pop_c": -0.351252, "log_mass_c": -0.379417, "lat": -22.8269568474412, "lon": -43.6028929321081}, {"country_iso": "BRA", "city_id": 1367, "city": "Ub\u00e1", "pop_total": 54833.2503677335, "mass_total": 6295256.89326542, "log_pop": 4.739044, "log_mass": 6.799013, "log_pop_c": -0.394029, "log_mass_c": -0.482962, "lat": -21.1156080806822, "lon": -42.942500233117}, {"country_iso": "BRA", "city_id": 1368, "city": "Petr\u00f3polis", "pop_total": 101116.980960863, "mass_total": 11490454.107479, "log_pop": 5.004824, "log_mass": 7.060337, "log_pop_c": -0.128249, "log_mass_c": -0.221638, "lat": -22.4993141122207, "lon": -43.1785581983195}, {"country_iso": "BRA", "city_id": 1370, "city": "Coronel Fabriciano", "pop_total": 88960.9032031807, "mass_total": 13780601.0185784, "log_pop": 4.949199, "log_mass": 7.139268, "log_pop_c": -0.183874, "log_mass_c": -0.142707, "lat": -19.5293960372461, "lon": -42.6329745990751}, {"country_iso": "BRA", "city_id": 1371, "city": "Ipatinga", "pop_total": 168399.123455323, "mass_total": 23147967.256075, "log_pop": 5.22634, "log_mass": 7.364513, "log_pop_c": 0.093267, "log_mass_c": 0.082538, "lat": -19.4637387877508, "lon": -42.5546131594091}, {"country_iso": "BRA", "city_id": 1372, "city": "Sao Goncalo", "pop_total": 1243639.30063641, "mass_total": 138877841.373027, "log_pop": 6.094694, "log_mass": 8.142633, "log_pop_c": 0.961621, "log_mass_c": 0.860658, "lat": -22.8321762656684, "lon": -43.0085916630342}, {"country_iso": "BRA", "city_id": 1374, "city": "Teres\u00f3polis", "pop_total": 67920.6906128786, "mass_total": 7755794.40915921, "log_pop": 4.832002, "log_mass": 6.889626, "log_pop_c": -0.301071, "log_mass_c": -0.392349, "lat": -22.4211022825646, "lon": -42.966184301768}, {"country_iso": "BRA", "city_id": 1376, "city": "Muria\u00e9", "pop_total": 54872.5817810157, "mass_total": 6348350.6936442, "log_pop": 4.739355, "log_mass": 6.802661, "log_pop_c": -0.393718, "log_mass_c": -0.479314, "lat": -21.1338818306336, "lon": -42.374777320309}, {"country_iso": "BRA", "city_id": 1378, "city": "Governador Valadares", "pop_total": 172864.077631175, "mass_total": 22803173.7885673, "log_pop": 5.237705, "log_mass": 7.357995, "log_pop_c": 0.104632, "log_mass_c": 0.07602, "lat": -18.8718341558449, "lon": -41.9597239544556}, {"country_iso": "BRA", "city_id": 1379, "city": "Nova Friburgo", "pop_total": 80496.6033488465, "mass_total": 8336387.06005733, "log_pop": 4.905778, "log_mass": 6.920978, "log_pop_c": -0.227296, "log_mass_c": -0.360997, "lat": -22.2683515887773, "lon": -42.5317125547849}, {"country_iso": "BRA", "city_id": 1381, "city": "Sobral", "pop_total": 98202.4069860379, "mass_total": 7023835.87255923, "log_pop": 4.992122, "log_mass": 6.846574, "log_pop_c": -0.140951, "log_mass_c": -0.435401, "lat": -3.68062739983112, "lon": -40.3542390682424}, {"country_iso": "BRA", "city_id": 1382, "city": "Te\u00f3filo Otoni", "pop_total": 57957.126853741, "mass_total": 6867107.24660725, "log_pop": 4.763107, "log_mass": 6.836774, "log_pop_c": -0.369966, "log_mass_c": -0.445201, "lat": -17.861069461182, "lon": -41.5044667289542}, {"country_iso": "BRA", "city_id": 1383, "city": "Araruama", "pop_total": 58220.5990357324, "mass_total": 14067182.473419, "log_pop": 4.765077, "log_mass": 7.148207, "log_pop_c": -0.367997, "log_mass_c": -0.133768, "lat": -22.8697922877534, "lon": -42.3315104038805}, {"country_iso": "BRA", "city_id": 1384, "city": "Petrolina", "pop_total": 300160.579645128, "mass_total": 34026814.4953366, "log_pop": 5.477354, "log_mass": 7.531821, "log_pop_c": 0.34428, "log_mass_c": 0.249846, "lat": -9.40211196484675, "lon": -40.5088665787275}, {"country_iso": "BRA", "city_id": 1386, "city": "Vit\u00f3ria da Conquista", "pop_total": 204503.506984216, "mass_total": 25484216.0962702, "log_pop": 5.310701, "log_mass": 7.406271, "log_pop_c": 0.177628, "log_mass_c": 0.124296, "lat": -14.8666287899922, "lon": -40.8483895089633}, {"country_iso": "BRA", "city_id": 1387, "city": "Cabo Frio", "pop_total": 150784.619688929, "mass_total": 17784145.6615515, "log_pop": 5.178357, "log_mass": 7.250033, "log_pop_c": 0.045284, "log_mass_c": -0.031942, "lat": -22.8614588127439, "lon": -42.0369915928519}, {"country_iso": "BRA", "city_id": 1388, "city": "Rio das Ostras", "pop_total": 165727.893853167, "mass_total": 23124191.9846018, "log_pop": 5.219396, "log_mass": 7.364067, "log_pop_c": 0.086322, "log_mass_c": 0.082092, "lat": -22.5551786551906, "lon": -41.9627783456148}, {"country_iso": "BRA", "city_id": 1389, "city": "Maca\u00e9", "pop_total": 153075.785182495, "mass_total": 15905727.632648, "log_pop": 5.184906, "log_mass": 7.201554, "log_pop_c": 0.051833, "log_mass_c": -0.080421, "lat": -22.3734778434005, "lon": -41.7854282707352}, {"country_iso": "BRA", "city_id": 1391, "city": "Campos dos Goytacazes", "pop_total": 244024.97302007, "mass_total": 29087207.9695374, "log_pop": 5.387434, "log_mass": 7.463702, "log_pop_c": 0.254361, "log_mass_c": 0.181727, "lat": -21.7558879096135, "lon": -41.3189425422995}, {"country_iso": "BRA", "city_id": 1392, "city": "Cachoeiro de Itapemirim", "pop_total": 109237.000806403, "mass_total": 12593507.6020697, "log_pop": 5.03837, "log_mass": 7.100147, "log_pop_c": -0.094703, "log_mass_c": -0.181828, "lat": -20.8460585953842, "lon": -41.1340077207162}, {"country_iso": "BRA", "city_id": 1393, "city": "Jequi\u00e9", "pop_total": 93035.7519722153, "mass_total": 11235034.7975988, "log_pop": 4.96865, "log_mass": 7.050574, "log_pop_c": -0.164423, "log_mass_c": -0.231401, "lat": -13.8608686452425, "lon": -40.0798123392691}, {"country_iso": "BRA", "city_id": 1396, "city": "Colatina", "pop_total": 54898.4293445896, "mass_total": 5931457.08671319, "log_pop": 4.73956, "log_mass": 6.773161, "log_pop_c": -0.393513, "log_mass_c": -0.508814, "lat": -19.5316098563053, "lon": -40.6383534093427}, {"country_iso": "BRA", "city_id": 1398, "city": "Juazeiro do Norte", "pop_total": 158255.840750041, "mass_total": 11592543.2350517, "log_pop": 5.19936, "log_mass": 7.064179, "log_pop_c": 0.066287, "log_mass_c": -0.217796, "lat": -7.22324002171389, "lon": -39.3158199331076}, {"country_iso": "BRA", "city_id": 1399, "city": "Guarapari", "pop_total": 51936.7460830027, "mass_total": 7740587.02525271, "log_pop": 4.715475, "log_mass": 6.888774, "log_pop_c": -0.417598, "log_mass_c": -0.393201, "lat": -20.6582558924364, "lon": -40.4985509767921}, {"country_iso": "BRA", "city_id": 1400, "city": "Vila Velha", "pop_total": 838571.292579438, "mass_total": 101598450.978142, "log_pop": 5.92354, "log_mass": 8.006887, "log_pop_c": 0.790467, "log_mass_c": 0.724912, "lat": -20.3280240988375, "lon": -40.3508312604992}, {"country_iso": "BRA", "city_id": 1402, "city": "Colina de Laranjeiras", "pop_total": 242921.482207156, "mass_total": 35538498.1612702, "log_pop": 5.385466, "log_mass": 7.550699, "log_pop_c": 0.252393, "log_mass_c": 0.268724, "lat": -20.1990723785188, "lon": -40.255728293628}, {"country_iso": "BRA", "city_id": 1403, "city": "Santo Ant\u00f4nio de Jesus", "pop_total": 53864.499644717, "mass_total": 5394270.03046765, "log_pop": 4.731303, "log_mass": 6.731933, "log_pop_c": -0.401771, "log_mass_c": -0.550042, "lat": -12.9702129948647, "lon": -39.2574864963132}, {"country_iso": "BRA", "city_id": 1404, "city": "Linhares", "pop_total": 81895.6311316455, "mass_total": 9720515.19206709, "log_pop": 4.913261, "log_mass": 6.987689, "log_pop_c": -0.219812, "log_mass_c": -0.294286, "lat": -19.3823479818181, "lon": -40.055333765207}, {"country_iso": "BRA", "city_id": 1406, "city": "Fortaleza", "pop_total": 2389018.28223603, "mass_total": 182576284.518279, "log_pop": 6.378219, "log_mass": 8.261444, "log_pop_c": 1.245146, "log_mass_c": 0.979469, "lat": -3.78574931278492, "lon": -38.5603131420136}, {"country_iso": "BRA", "city_id": 1407, "city": "Teixeira de Freitas", "pop_total": 99764.1273176142, "mass_total": 10728564.0093601, "log_pop": 4.998974, "log_mass": 7.030542, "log_pop_c": -0.134099, "log_mass_c": -0.251433, "lat": -17.54049505087, "lon": -39.7389578264248}, {"country_iso": "BRA", "city_id": 1408, "city": "Eun\u00e1polis", "pop_total": 50456.9907222519, "mass_total": 5226496.28185972, "log_pop": 4.702921, "log_mass": 6.718211, "log_pop_c": -0.430152, "log_mass_c": -0.563764, "lat": -16.3661903844464, "lon": -39.5772426264749}, {"country_iso": "BRA", "city_id": 1410, "city": "Itabuna", "pop_total": 114517.002188085, "mass_total": 8886063.15084113, "log_pop": 5.05887, "log_mass": 6.948709, "log_pop_c": -0.074203, "log_mass_c": -0.333266, "lat": -14.7975577994702, "lon": -39.2791376662443}, {"country_iso": "BRA", "city_id": 1411, "city": "Feira de Santana", "pop_total": 395710.902932817, "mass_total": 41458144.7153603, "log_pop": 5.597378, "log_mass": 7.61761, "log_pop_c": 0.464305, "log_mass_c": 0.335635, "lat": -12.2525657709445, "lon": -38.9572832850884}, {"country_iso": "BRA", "city_id": 1414, "city": "Ilh\u00e9us", "pop_total": 75933.6651351557, "mass_total": 7163721.1137263, "log_pop": 4.880434, "log_mass": 6.855139, "log_pop_c": -0.252639, "log_mass_c": -0.426836, "lat": -14.8032730788687, "lon": -39.045784643619}, {"country_iso": "BRA", "city_id": 1419, "city": "Alagoinhas", "pop_total": 62992.4616413547, "mass_total": 7288814.17256706, "log_pop": 4.799289, "log_mass": 6.862657, "log_pop_c": -0.333785, "log_mass_c": -0.419318, "lat": -12.1380455060265, "lon": -38.422705739806}, {"country_iso": "BRA", "city_id": 1420, "city": "Salvador", "pop_total": 2232088.52585475, "mass_total": 157525421.286711, "log_pop": 6.348711, "log_mass": 8.197351, "log_pop_c": 1.215638, "log_mass_c": 0.915376, "lat": -12.9243487643356, "lon": -38.4254602677379}, {"country_iso": "BRA", "city_id": 1421, "city": "Sim\u00f5es Filho", "pop_total": 56296.7901215102, "mass_total": 4159445.32042177, "log_pop": 4.750484, "log_mass": 6.619035, "log_pop_c": -0.38259, "log_mass_c": -0.66294, "lat": -12.7909951850885, "lon": -38.3891901892249}, {"country_iso": "BRA", "city_id": 1423, "city": "Cama\u00e7ari", "pop_total": 135700.511001, "mass_total": 9493895.01117083, "log_pop": 5.132581, "log_mass": 6.977444, "log_pop_c": -0.000492, "log_mass_c": -0.304531, "lat": -12.705938990418, "lon": -38.3250807373524}, {"country_iso": "BRA", "city_id": 1424, "city": "Mossor\u00f3", "pop_total": 175255.536589762, "mass_total": 17655313.1659125, "log_pop": 5.243672, "log_mass": 7.246875, "log_pop_c": 0.110599, "log_mass_c": -0.0351, "lat": -5.18944940071964, "lon": -37.3471614072244}, {"country_iso": "BRA", "city_id": 1425, "city": "Patos", "pop_total": 63124.1896342697, "mass_total": 5519692.28864376, "log_pop": 4.800196, "log_mass": 6.741915, "log_pop_c": -0.332877, "log_mass_c": -0.54006, "lat": -7.03176527264131, "lon": -37.2824465879315}, {"country_iso": "BRA", "city_id": 1430, "city": "Aracaju", "pop_total": 584345.810161534, "mass_total": 56163333.733879, "log_pop": 5.76667, "log_mass": 7.749453, "log_pop_c": 0.633597, "log_mass_c": 0.467478, "lat": -10.9215586850443, "lon": -37.0703685996947}, {"country_iso": "BRA", "city_id": 1431, "city": "Arapiraca", "pop_total": 65392.2988363827, "mass_total": 5587166.14255954, "log_pop": 4.815527, "log_mass": 6.747192, "log_pop_c": -0.317547, "log_mass_c": -0.534783, "lat": -9.74762426350196, "lon": -36.6584315064977}, {"country_iso": "BRA", "city_id": 1432, "city": "Garanhuns", "pop_total": 66078.6020888436, "mass_total": 6075986.66366907, "log_pop": 4.820061, "log_mass": 6.783617, "log_pop_c": -0.313012, "log_mass_c": -0.498358, "lat": -8.89067873929036, "lon": -36.4825865062575}, {"country_iso": "BRA", "city_id": 1434, "city": "Santa Cruz do Capibaribe", "pop_total": 85859.354296428, "mass_total": 5323269.41842517, "log_pop": 4.933788, "log_mass": 6.726178, "log_pop_c": -0.199286, "log_mass_c": -0.555797, "lat": -7.9521581227909, "lon": -36.2080561623694}, {"country_iso": "BRA", "city_id": 1436, "city": "Caruaru", "pop_total": 209439.885374327, "mass_total": 16268449.4928815, "log_pop": 5.321059, "log_mass": 7.211346, "log_pop_c": 0.187986, "log_mass_c": -0.070629, "lat": -8.28311892638959, "lon": -35.9700887801721}, {"country_iso": "BRA", "city_id": 1437, "city": "Campina Grande", "pop_total": 250749.610993706, "mass_total": 24878447.0119016, "log_pop": 5.39924, "log_mass": 7.395823, "log_pop_c": 0.266167, "log_mass_c": 0.113848, "lat": -7.23269477594022, "lon": -35.8997536215631}, {"country_iso": "BRA", "city_id": 1438, "city": "Macei\u00f3", "pop_total": 682296.000280823, "mass_total": 51969385.4682773, "log_pop": 5.833973, "log_mass": 7.715748, "log_pop_c": 0.7009, "log_mass_c": 0.433773, "lat": -9.5981036790656, "lon": -35.7489596729894}, {"country_iso": "BRA", "city_id": 1440, "city": "Potengi", "pop_total": 279217.727370103, "mass_total": 19551726.3530496, "log_pop": 5.445943, "log_mass": 7.291185, "log_pop_c": 0.31287, "log_mass_c": 0.00921, "lat": -5.75015711301833, "lon": -35.2556616197938}, {"country_iso": "BRA", "city_id": 1441, "city": "Parnamirim", "pop_total": 89844.6338361928, "mass_total": 7614592.18145721, "log_pop": 4.953492, "log_mass": 6.881647, "log_pop_c": -0.179581, "log_mass_c": -0.400328, "lat": -5.91985040203763, "lon": -35.2740583111345}, {"country_iso": "BRA", "city_id": 1442, "city": "Natal", "pop_total": 465868.042215284, "mass_total": 50091398.8124896, "log_pop": 5.668263, "log_mass": 7.699763, "log_pop_c": 0.53519, "log_mass_c": 0.417788, "lat": -5.84150105851356, "lon": -35.2216955440075}, {"country_iso": "BRA", "city_id": 1443, "city": "Vit\u00f3ria de Santo Ant\u00e3o", "pop_total": 64009.6081794318, "mass_total": 4675423.47236312, "log_pop": 4.806245, "log_mass": 6.669821, "log_pop_c": -0.326828, "log_mass_c": -0.612154, "lat": -8.11696019393944, "lon": -35.2921165133574}, {"country_iso": "BRA", "city_id": 1445, "city": "Recife", "pop_total": 2310104.5446627, "mass_total": 175015158.302491, "log_pop": 6.363632, "log_mass": 8.243076, "log_pop_c": 1.230558, "log_mass_c": 0.961101, "lat": -8.03723492375864, "lon": -34.9245285660567}, {"country_iso": "BRA", "city_id": 1447, "city": "Cabo de Santo Agostinho", "pop_total": 54113.0457967374, "mass_total": 3363742.22187025, "log_pop": 4.733302, "log_mass": 6.526823, "log_pop_c": -0.399771, "log_mass_c": -0.755152, "lat": -8.29132355256685, "lon": -35.0369590909633}, {"country_iso": "BRA", "city_id": 1448, "city": "Santa Rita", "pop_total": 60814.9761665136, "mass_total": 4654794.20848955, "log_pop": 4.784011, "log_mass": 6.6679, "log_pop_c": -0.349063, "log_mass_c": -0.614074, "lat": -7.14548804322625, "lon": -34.9734315227254}, {"country_iso": "BRA", "city_id": 1449, "city": "Jo\u00e3o Pessoa", "pop_total": 680157.298005863, "mass_total": 71024993.372285, "log_pop": 5.832609, "log_mass": 7.851411, "log_pop_c": 0.699536, "log_mass_c": 0.569436, "lat": -7.14536658871035, "lon": -34.8717487047347}]