[{"country_iso":"GAB","city_id":2772,"city":"Port-Gentil","pop_total":1770.0990876153,"mass_total":11058312.2063245289,"n_hex":12,"sample_h3":"87821b288ffffff","log_pop":3.2479975782,"log_mass":7.0436888471},{"country_iso":"GAB","city_id":2825,"city":"Point Denis","pop_total":862.2279796904,"mass_total":1610478.1533891405,"n_hex":8,"sample_h3":"8782f0901ffffff","log_pop":2.9356221118,"log_mass":6.2069548379},{"country_iso":"GAB","city_id":2834,"city":"Libreville","pop_total":265530.7296293319,"mass_total":54930087.7676339746,"n_hex":38,"sample_h3":"8782f0810ffffff","log_pop":5.4241147888,"log_mass":7.7398102929},{"country_iso":"GAB","city_id":2970,"city":"Oyem","pop_total":333.9737086124,"mass_total":3356037.3870414463,"n_hex":7,"sample_h3":"87828c360ffffff","log_pop":2.5237122792,"log_mass":6.5258267903},{"country_iso":"GAB","city_id":3068,"city":"Moanda","pop_total":131.5675320957,"mass_total":532341.6213598978,"n_hex":4,"sample_h3":"8782a18e0ffffff","log_pop":2.1191487284,"log_mass":5.726190423}]