[{"country_iso": "SWE", "city_id": 2682, "city": "Gothenburg", "pop_total": 278853.105782785, "mass_total": 128670936.801429, "log_pop": 5.445375, "log_mass": 8.10948, "log_pop_c": 0.368163, "log_mass_c": 0.351539, "lat": 57.7106085072605, "lon": 11.9588115598487}, {"country_iso": "SWE", "city_id": 2774, "city": "Helsingborg", "pop_total": 66672.4987374829, "mass_total": 37951663.9759621, "log_pop": 4.823947, "log_mass": 7.579231, "log_pop_c": -0.253266, "log_mass_c": -0.178711, "lat": 56.0395338174136, "lon": 12.7213556585112}, {"country_iso": "SWE", "city_id": 2798, "city": "Malm\u00f6", "pop_total": 231660.782403649, "mass_total": 95849789.6942523, "log_pop": 5.364853, "log_mass": 7.981591, "log_pop_c": 0.28764, "log_mass_c": 0.223649, "lat": 55.595513937672, "lon": 13.0077458829653}, {"country_iso": "SWE", "city_id": 2809, "city": "Lund", "pop_total": 51534.8450758396, "mass_total": 22255966.3935236, "log_pop": 4.712101, "log_mass": 7.347446, "log_pop_c": -0.365112, "log_mass_c": -0.410495, "lat": 55.7101482026673, "lon": 13.1978794056535}, {"country_iso": "SWE", "city_id": 2875, "city": "\u00d6rebro", "pop_total": 57552.3156724051, "mass_total": 32240257.597241, "log_pop": 4.760063, "log_mass": 7.508399, "log_pop_c": -0.31715, "log_mass_c": -0.249543, "lat": 59.2782026481369, "lon": 15.2006199242077}, {"country_iso": "SWE", "city_id": 2924, "city": "V\u00e4ster\u00e5s", "pop_total": 55997.4726859803, "mass_total": 34806220.5936018, "log_pop": 4.748168, "log_mass": 7.541657, "log_pop_c": -0.329044, "log_mass_c": -0.216285, "lat": 59.611696390743, "lon": 16.5425523412224}, {"country_iso": "SWE", "city_id": 2960, "city": "Uppsala", "pop_total": 68885.4741079288, "mass_total": 34100658.3383212, "log_pop": 4.838128, "log_mass": 7.532763, "log_pop_c": -0.239085, "log_mass_c": -0.225179, "lat": 59.8592326920109, "lon": 17.639844257317}, {"country_iso": "SWE", "city_id": 2973, "city": "Stockholm", "pop_total": 841523.474261739, "mass_total": 290381126.623584, "log_pop": 5.925066, "log_mass": 8.462968, "log_pop_c": 0.847854, "log_mass_c": 0.705026, "lat": 59.3316397692307, "lon": 18.0006037646157}]