[{"country_iso":"AGO","city_id":3002,"city":"Cabinda","pop_total":77547.3338062735,"mass_total":17388632.7260624059,"n_hex":20,"sample_h3":"878230626ffffff","log_pop":4.8895668707,"log_mass":7.2402654346},{"country_iso":"AGO","city_id":3011,"city":"Soyo","pop_total":7649.7792242424,"mass_total":3685963.8728261539,"n_hex":5,"sample_h3":"878230c44ffffff","log_pop":3.8836489014,"log_mass":6.5665510743},{"country_iso":"AGO","city_id":3050,"city":"Luanda","pop_total":3747336.3620511186,"mass_total":271395535.4179718494,"n_hex":171,"sample_h3":"87831e003ffffff","log_pop":6.5737226772,"log_mass":8.433602699},{"country_iso":"AGO","city_id":3064,"city":"Benguela","pop_total":110788.1742526484,"mass_total":16575033.4909834396,"n_hex":19,"sample_h3":"878304412ffffff","log_pop":5.0444934054,"log_mass":7.2194544146},{"country_iso":"AGO","city_id":3065,"city":"Lubango","pop_total":140287.5197786985,"mass_total":31471069.2652389184,"n_hex":24,"sample_h3":"878326220ffffff","log_pop":5.1470190372,"log_mass":7.4979114988},{"country_iso":"AGO","city_id":3079,"city":"Panguila","pop_total":17470.4957934697,"mass_total":2327495.1603502538,"n_hex":8,"sample_h3":"87831e624ffffff","log_pop":4.24230523,"log_mass":6.3668887866},{"country_iso":"AGO","city_id":3082,"city":"Lobito","pop_total":64584.9558024678,"mass_total":23173160.4433123171,"n_hex":17,"sample_h3":"878306840ffffff","log_pop":4.8101313667,"log_mass":7.3649852686},{"country_iso":"AGO","city_id":3087,"city":"Chibia","pop_total":36.1421775818,"mass_total":65970.3047004004,"n_hex":1,"sample_h3":"878326ab5ffffff","log_pop":1.5580143154,"log_mass":4.81934849},{"country_iso":"AGO","city_id":3100,"city":"Caxito","pop_total":1751.4047544853,"mass_total":502099.6403380603,"n_hex":3,"sample_h3":"87831e4c9ffffff","log_pop":3.2433865243,"log_mass":5.7007899103},{"country_iso":"AGO","city_id":3103,"city":"Porto Amboim","pop_total":5942.7522671681,"mass_total":2463774.0588510027,"n_hex":4,"sample_h3":"878302580ffffff","log_pop":3.7739876264,"log_mass":6.3916008782},{"country_iso":"AGO","city_id":3109,"city":"Sumbe","pop_total":13968.8286829406,"mass_total":3268832.1389824259,"n_hex":7,"sample_h3":"878302db0ffffff","log_pop":4.1451599911,"log_mass":6.5143926193},{"country_iso":"AGO","city_id":3144,"city":"M'banza Congo","pop_total":2126.1728944778,"mass_total":1041220.7855963908,"n_hex":4,"sample_h3":"8783ab140ffffff","log_pop":3.3275985772,"log_mass":6.0175428292},{"country_iso":"AGO","city_id":3145,"city":"Gabela","pop_total":6165.6559022212,"mass_total":2656787.7507660636,"n_hex":5,"sample_h3":"878315720ffffff","log_pop":3.7899792836,"log_mass":6.4243568603},{"country_iso":"AGO","city_id":3160,"city":"Caluquembe","pop_total":755.2630221002,"mass_total":555816.4780726123,"n_hex":6,"sample_h3":"878335710ffffff","log_pop":2.878098222,"log_mass":5.744931418},{"country_iso":"AGO","city_id":3175,"city":"Chicomba","pop_total":0.7744307518,"mass_total":9468.5693020639,"n_hex":1,"sample_h3":"878335cc1ffffff","log_pop":-0.11101741,"log_mass":3.9762843622},{"country_iso":"AGO","city_id":3178,"city":"Matala","pop_total":15.3911281824,"mass_total":31915.4510636156,"n_hex":3,"sample_h3":"87ac9b623ffffff","log_pop":1.1872704551,"log_mass":4.5040009867},{"country_iso":"AGO","city_id":3184,"city":"Calulo","pop_total":762.7023956271,"mass_total":1514905.3239175025,"n_hex":4,"sample_h3":"8783100c8ffffff","log_pop":2.8823551105,"log_mass":6.1803854919},{"country_iso":"AGO","city_id":3188,"city":"N'dalatando","pop_total":13605.9931051142,"mass_total":4728897.8028093977,"n_hex":5,"sample_h3":"878313c01ffffff","log_pop":4.1337302465,"log_mass":6.6747599285},{"country_iso":"AGO","city_id":3189,"city":"Caconda","pop_total":265.2123557418,"mass_total":523326.5874754921,"n_hex":4,"sample_h3":"878335480ffffff","log_pop":2.4235937532,"log_mass":5.7187727995},{"country_iso":"AGO","city_id":3197,"city":"Waku Kungo","pop_total":1580.0713503309,"mass_total":2029991.9528925251,"n_hex":7,"sample_h3":"878314a18ffffff","log_pop":3.1986766986,"log_mass":6.3074943163},{"country_iso":"AGO","city_id":3198,"city":"U\u00edge","pop_total":66058.632578199,"mass_total":12460494.5515888594,"n_hex":13,"sample_h3":"8783a8994ffffff","log_pop":4.8199295795,"log_mass":7.0955352796},{"country_iso":"AGO","city_id":3200,"city":"Longonjo","pop_total":10.217361166,"mass_total":16091.8648186793,"n_hex":1,"sample_h3":"87833072bffffff","log_pop":1.0093387452,"log_mass":4.2066063756},{"country_iso":"AGO","city_id":3210,"city":"Negage","pop_total":5290.8790683316,"mass_total":1982965.9220037472,"n_hex":5,"sample_h3":"8783ac614ffffff","log_pop":3.7235278351,"log_mass":6.2973152508},{"country_iso":"AGO","city_id":3217,"city":"Calilongue","pop_total":6783.0127425586,"mass_total":3810170.8436065475,"n_hex":7,"sample_h3":"87833040bffffff","log_pop":3.8314226329,"log_mass":6.5809444494},{"country_iso":"AGO","city_id":3227,"city":"Huambo","pop_total":103893.3254785351,"mass_total":26429086.0994749404,"n_hex":21,"sample_h3":"878330480ffffff","log_pop":5.0165876476,"log_mass":7.4220821458},{"country_iso":"AGO","city_id":3231,"city":"Bailundo","pop_total":1410.4028870115,"mass_total":994114.9757007993,"n_hex":6,"sample_h3":"87833200bffffff","log_pop":3.1493431883,"log_mass":5.9974366162},{"country_iso":"AGO","city_id":3234,"city":"Jamba","pop_total":1.8643276095,"mass_total":18967.7520296284,"n_hex":1,"sample_h3":"87ac9a6cdffffff","log_pop":0.2705222313,"log_mass":4.2780158634},{"country_iso":"AGO","city_id":3247,"city":"Katchiungo","pop_total":439.5600438988,"mass_total":644108.8368291779,"n_hex":3,"sample_h3":"878332d41ffffff","log_pop":2.6430182081,"log_mass":5.8089592575},{"country_iso":"AGO","city_id":3254,"city":"Chinguar","pop_total":471.6572298349,"mass_total":394813.2886476343,"n_hex":4,"sample_h3":"878332d08ffffff","log_pop":2.6736264959,"log_mass":5.5963917618},{"country_iso":"AGO","city_id":3258,"city":"Malanje","pop_total":68521.2603110968,"mass_total":18361514.4889180698,"n_hex":15,"sample_h3":"8783a5a09ffffff","log_pop":4.8358253423,"log_mass":7.2639084997},{"country_iso":"AGO","city_id":3273,"city":"Chitembo","pop_total":50.1438416819,"mass_total":618719.6651341666,"n_hex":3,"sample_h3":"878336c28ffffff","log_pop":1.7002176036,"log_mass":5.7914939197},{"country_iso":"AGO","city_id":3275,"city":"Andulo","pop_total":1513.2484411569,"mass_total":2870608.0847526165,"n_hex":5,"sample_h3":"879649104ffffff","log_pop":3.1799102352,"log_mass":6.4579739037},{"country_iso":"AGO","city_id":3282,"city":"Kuito","pop_total":21694.4015869674,"mass_total":11381951.4063809328,"n_hex":18,"sample_h3":"87964d040ffffff","log_pop":4.3363476752,"log_mass":7.0562167271},{"country_iso":"AGO","city_id":3307,"city":"Catabola","pop_total":183.2975410031,"mass_total":343790.6894529299,"n_hex":4,"sample_h3":"87964d092ffffff","log_pop":2.2631566388,"log_mass":5.5362941109},{"country_iso":"AGO","city_id":3315,"city":"Camacupa","pop_total":757.1723678792,"mass_total":1231303.501872251,"n_hex":5,"sample_h3":"87964d41affffff","log_pop":2.8791947565,"log_mass":6.0903651146},{"country_iso":"AGO","city_id":3318,"city":"Menongue","pop_total":16292.3241315818,"mass_total":7393945.7389413351,"n_hex":15,"sample_h3":"879668a03ffffff","log_pop":4.2119830417,"log_mass":6.8688762591},{"country_iso":"AGO","city_id":3336,"city":"Cafunfo","pop_total":3337.1134430738,"mass_total":3291672.6783129638,"n_hex":5,"sample_h3":"8783a0d20ffffff","log_pop":3.5233709705,"log_mass":6.5174166427},{"country_iso":"AGO","city_id":3399,"city":"Luena","pop_total":12713.5448006067,"mass_total":15419238.141861178,"n_hex":17,"sample_h3":"87964314dffffff","log_pop":4.1042666578,"log_mass":7.1880629159},{"country_iso":"AGO","city_id":3415,"city":"Saurimo","pop_total":33686.2647128909,"mass_total":16261011.2675405182,"n_hex":16,"sample_h3":"879658034ffffff","log_pop":4.5274528571,"log_mass":7.2111475507},{"country_iso":"AGO","city_id":3432,"city":"Lucapa","pop_total":2638.1912523284,"mass_total":2749076.9256063015,"n_hex":7,"sample_h3":"87965a382ffffff","log_pop":3.421306276,"log_mass":6.4391868926},{"country_iso":"AGO","city_id":3435,"city":"Dundo","pop_total":8776.9377556184,"mass_total":7566965.0921553606,"n_hex":12,"sample_h3":"8783b4400ffffff","log_pop":3.9433430184,"log_mass":6.8789217305},{"country_iso":"AGO","city_id":3474,"city":"Luau","pop_total":2263.8333800947,"mass_total":2751686.5567419482,"n_hex":5,"sample_h3":"879651196ffffff","log_pop":3.3548444593,"log_mass":6.4395989621},{"country_iso":"AGO","city_id":3496,"city":"Cazombo","pop_total":121.5282600358,"mass_total":1170140.3913877031,"n_hex":4,"sample_h3":"879655c1affffff","log_pop":2.08467728,"log_mass":6.0682379708}]