[{"country_iso":"GIN","city_id":1493,"city":"Kamsar","pop_total":3179.0348187222,"mass_total":2503757.119233489,"n_hex":10,"sample_h3":"8754c4061ffffff","log_pop":3.5022952846,"log_mass":6.3985921972},{"country_iso":"GIN","city_id":1497,"city":"Bok\u00e9","pop_total":1906.9522239891,"mass_total":900134.0831048995,"n_hex":7,"sample_h3":"8754c4b24ffffff","log_pop":3.2803398125,"log_mass":5.9543072063},{"country_iso":"GIN","city_id":1501,"city":"Sangar\u00e9di","pop_total":1745.1517404949,"mass_total":1494774.742883621,"n_hex":6,"sample_h3":"8754e3030ffffff","log_pop":3.2418331947,"log_mass":6.174575751},{"country_iso":"GIN","city_id":1502,"city":"Conakry","pop_total":953459.2292452354,"mass_total":128496858.2510795295,"n_hex":88,"sample_h3":"8754ea434ffffff","log_pop":5.979302127,"log_mass":8.1088925093},{"country_iso":"GIN","city_id":1505,"city":"Fria","pop_total":3542.4791198824,"mass_total":2040680.4749958115,"n_hex":6,"sample_h3":"8754c586cffffff","log_pop":3.5493072991,"log_mass":6.3097750092},{"country_iso":"GIN","city_id":1512,"city":"Kindia","pop_total":20765.060975043,"mass_total":7683869.5727075795,"n_hex":14,"sample_h3":"8754ee2c0ffffff","log_pop":4.3173332107,"log_mass":6.8855799845},{"country_iso":"GIN","city_id":1515,"city":"Lab\u00e9","pop_total":57367.8612268597,"mass_total":13732700.707615437,"n_hex":14,"sample_h3":"8754e1a50ffffff","log_pop":4.7586686589,"log_mass":7.1377559551},{"country_iso":"GIN","city_id":1518,"city":"Mamou","pop_total":11032.397634697,"mass_total":4395390.6972141191,"n_hex":7,"sample_h3":"8754ec643ffffff","log_pop":4.0426699065,"log_mass":6.6429974847},{"country_iso":"GIN","city_id":1527,"city":"Faranah","pop_total":7936.3740827747,"mass_total":3050251.3634490571,"n_hex":8,"sample_h3":"87545ad80ffffff","log_pop":3.8996221302,"log_mass":6.4843356299},{"country_iso":"GIN","city_id":1531,"city":"Gu\u00e9ck\u00e9dou","pop_total":1103.5481058869,"mass_total":413782.103379914,"n_hex":7,"sample_h3":"8775b5d00ffffff","log_pop":3.0427912697,"log_mass":5.6167717029},{"country_iso":"GIN","city_id":1532,"city":"Kissidougou","pop_total":7982.4139101215,"mass_total":3443220.3914683219,"n_hex":10,"sample_h3":"87545b500ffffff","log_pop":3.9021342434,"log_mass":6.5369648216},{"country_iso":"GIN","city_id":1535,"city":"Macenta","pop_total":1737.2643689735,"mass_total":561340.2208920057,"n_hex":9,"sample_h3":"8775a6581ffffff","log_pop":3.2398659124,"log_mass":5.7492261612},{"country_iso":"GIN","city_id":1538,"city":"Banankoro","pop_total":3571.0678886675,"mass_total":1707710.6247548829,"n_hex":7,"sample_h3":"87545bb01ffffff","log_pop":3.5527981065,"log_mass":6.2324142805},{"country_iso":"GIN","city_id":1539,"city":"Kankan","pop_total":18529.166401828,"mass_total":10536424.9478188884,"n_hex":12,"sample_h3":"875458830ffffff","log_pop":4.2678558815,"log_mass":7.022693278},{"country_iso":"GIN","city_id":1540,"city":"Siguiri","pop_total":13068.469072772,"mass_total":6954300.2300401954,"n_hex":10,"sample_h3":"8754426c0ffffff","log_pop":4.1162247144,"log_mass":6.8422534361},{"country_iso":"GIN","city_id":1545,"city":"Nz\u00e9r\u00e9kor\u00e9","pop_total":92478.5317277025,"mass_total":16007191.7131818086,"n_hex":17,"sample_h3":"8775a048bffffff","log_pop":4.9660409259,"log_mass":7.2043151464}]