[{"country_iso":"OMN","city_id":5943,"city":"Sohar","pop_total":5556.4258064962,"mass_total":5868368.3145043729,"n_hex":16,"sample_h3":"8743aa808ffffff","log_pop":3.7447955197,"log_mass":6.7685173635},{"country_iso":"OMN","city_id":5944,"city":"Ibri","pop_total":1398.0216179277,"mass_total":3836375.0045178626,"n_hex":12,"sample_h3":"874385603ffffff","log_pop":3.1455138871,"log_mass":6.5839210527},{"country_iso":"OMN","city_id":5955,"city":"Nizwa","pop_total":318.2847400806,"mass_total":871295.4176537637,"n_hex":9,"sample_h3":"8743812b0ffffff","log_pop":2.5028158172,"log_mass":5.94016543},{"country_iso":"OMN","city_id":5958,"city":"Seeb","pop_total":54648.2511284866,"mass_total":35214419.2175710425,"n_hex":34,"sample_h3":"87438c028ffffff","log_pop":4.7375762681,"log_mass":7.5467205301},{"country_iso":"OMN","city_id":5963,"city":"Al Ghubra","pop_total":44045.9869778502,"mass_total":24678578.0964287408,"n_hex":25,"sample_h3":"87438c210ffffff","log_pop":4.6439063461,"log_mass":7.3923201334},{"country_iso":"OMN","city_id":5965,"city":"Al Amerat","pop_total":307.3798938966,"mass_total":841949.3210710596,"n_hex":6,"sample_h3":"87438c290ffffff","log_pop":2.4876754563,"log_mass":5.9252859511},{"country_iso":"OMN","city_id":5966,"city":"Muscat","pop_total":10978.3000714022,"mass_total":5572631.8817066075,"n_hex":13,"sample_h3":"87438c21affffff","log_pop":4.0405350972,"log_mass":6.7460603553}]