[{"country_iso":"CMR","city_id":2808,"city":"Limb\u00e9","pop_total":9759.7357512081,"mass_total":3941335.6372020771,"n_hex":9,"sample_h3":"8782d0685ffffff","log_pop":3.9894380591,"log_mass":6.5956434202},{"country_iso":"CMR","city_id":2819,"city":"Mamfe","pop_total":641.4889879825,"mass_total":515147.4602937856,"n_hex":2,"sample_h3":"8758d3941ffffff","log_pop":2.8071892055,"log_mass":5.7119315631},{"country_iso":"CMR","city_id":2823,"city":"Tiko","pop_total":8441.5820614646,"mass_total":2959364.2350222822,"n_hex":9,"sample_h3":"8782d0696ffffff","log_pop":3.9264238466,"log_mass":6.4711984209},{"country_iso":"CMR","city_id":2832,"city":"Muyuka","pop_total":3095.5619946536,"mass_total":1282786.6475065011,"n_hex":5,"sample_h3":"8782d2ac0ffffff","log_pop":3.490739506,"log_mass":6.1081544307},{"country_iso":"CMR","city_id":2835,"city":"Kumba","pop_total":13655.28052405,"mass_total":6987426.2793321814,"n_hex":12,"sample_h3":"8782d221affffff","log_pop":4.1353006264,"log_mass":6.8443172389},{"country_iso":"CMR","city_id":2850,"city":"Douala","pop_total":1037474.1733349931,"mass_total":107336957.8198657483,"n_hex":66,"sample_h3":"8782d2800ffffff","log_pop":6.0159772943,"log_mass":8.0307492822},{"country_iso":"CMR","city_id":2871,"city":"Kribi","pop_total":3625.7524175223,"mass_total":2098598.3519538445,"n_hex":7,"sample_h3":"8782d4411ffffff","log_pop":3.5593981452,"log_mass":6.3219293275},{"country_iso":"CMR","city_id":2873,"city":"Nkongsamba","pop_total":2109.8377006358,"mass_total":4349852.7666473025,"n_hex":9,"sample_h3":"8758de4b4ffffff","log_pop":3.3242490485,"log_mass":6.6384745573},{"country_iso":"CMR","city_id":2877,"city":"Dschang","pop_total":4709.8003035742,"mass_total":3372878.7330398438,"n_hex":9,"sample_h3":"8758dec29ffffff","log_pop":3.6730024934,"log_mass":6.528000727},{"country_iso":"CMR","city_id":2879,"city":"Wum","pop_total":677.9073006406,"mass_total":715111.835846772,"n_hex":5,"sample_h3":"8758d1a05ffffff","log_pop":2.831170311,"log_mass":5.8543739661},{"country_iso":"CMR","city_id":2883,"city":"Bamenda","pop_total":49975.1882719414,"mass_total":15851319.3094058316,"n_hex":22,"sample_h3":"8758d1200ffffff","log_pop":4.6987544389,"log_mass":7.2000654145},{"country_iso":"CMR","city_id":2884,"city":"Ed\u00e9a","pop_total":994.7103511675,"mass_total":2359028.8031564369,"n_hex":7,"sample_h3":"8782d6709ffffff","log_pop":2.9976966373,"log_mass":6.3727332435},{"country_iso":"CMR","city_id":2894,"city":"Mbouda","pop_total":4004.7212562561,"mass_total":4595082.1890437361,"n_hex":9,"sample_h3":"8758de800ffffff","log_pop":3.6025722929,"log_mass":6.6622932837},{"country_iso":"CMR","city_id":2901,"city":"Bafoussam","pop_total":47747.8489766298,"mass_total":18562564.3043168597,"n_hex":15,"sample_h3":"8758de164ffffff","log_pop":4.6789538116,"log_mass":7.2686379711},{"country_iso":"CMR","city_id":2904,"city":"Ndop","pop_total":2029.9222142874,"mass_total":742852.7198804386,"n_hex":4,"sample_h3":"8758dc504ffffff","log_pop":3.3074793963,"log_mass":5.8709027178},{"country_iso":"CMR","city_id":2915,"city":"Foumbot","pop_total":2856.1649916761,"mass_total":1821514.7263435142,"n_hex":6,"sample_h3":"8758dea00ffffff","log_pop":3.4557832917,"log_mass":6.2604326867},{"country_iso":"CMR","city_id":2918,"city":"Kumbo","pop_total":6297.4809257994,"mass_total":2837928.8398836968,"n_hex":9,"sample_h3":"8758dc112ffffff","log_pop":3.7991668608,"log_mass":6.4530015015},{"country_iso":"CMR","city_id":2920,"city":"Nkambe","pop_total":710.9830364863,"mass_total":1136574.5477827184,"n_hex":5,"sample_h3":"8758dc908ffffff","log_pop":2.8518592389,"log_mass":6.0555979263},{"country_iso":"CMR","city_id":2928,"city":"Foumban","pop_total":5667.5215177302,"mass_total":5877334.2738675131,"n_hex":10,"sample_h3":"8758dc602ffffff","log_pop":3.7533931777,"log_mass":6.769180392},{"country_iso":"CMR","city_id":2934,"city":"Makak","pop_total":62.6536603493,"mass_total":87687.501669591,"n_hex":3,"sample_h3":"87828b059ffffff","log_pop":1.7969464484,"log_mass":4.9429376966},{"country_iso":"CMR","city_id":2940,"city":"Ebolowa","pop_total":2042.3628937932,"mass_total":2633129.1848073956,"n_hex":10,"sample_h3":"8782882d9ffffff","log_pop":3.3101329115,"log_mass":6.4204721667},{"country_iso":"CMR","city_id":2946,"city":"Bafia","pop_total":2098.5023792585,"mass_total":3105700.235897528,"n_hex":7,"sample_h3":"8758dab40ffffff","log_pop":3.3219094659,"log_mass":6.492159535},{"country_iso":"CMR","city_id":2961,"city":"Yaounde","pop_total":1733393.2096965613,"mass_total":106856164.8153100014,"n_hex":75,"sample_h3":"8758db4c2ffffff","log_pop":6.2388970909,"log_mass":8.0287995828},{"country_iso":"CMR","city_id":2963,"city":"Mbalmayo","pop_total":4159.0969446799,"mass_total":2733844.6675590025,"n_hex":8,"sample_h3":"87828b52dffffff","log_pop":3.6189990435,"log_mass":6.4367738351},{"country_iso":"CMR","city_id":2978,"city":"Banyo","pop_total":622.7524158665,"mass_total":1258927.6648939108,"n_hex":4,"sample_h3":"8758c32e8ffffff","log_pop":2.794315421,"log_mass":6.1000007773},{"country_iso":"CMR","city_id":2995,"city":"Sangm\u00e9lima","pop_total":1045.1138894628,"mass_total":2263621.5036737421,"n_hex":4,"sample_h3":"878288481ffffff","log_pop":3.0191636195,"log_mass":6.3548038109},{"country_iso":"CMR","city_id":3025,"city":"Tibati","pop_total":1492.3480847742,"mass_total":1401990.2564962469,"n_hex":3,"sample_h3":"8758ca9b6ffffff","log_pop":3.1738701326,"log_mass":6.1467449954},{"country_iso":"CMR","city_id":3035,"city":"Djoum","pop_total":131.0851830436,"mass_total":611221.5257182244,"n_hex":3,"sample_h3":"87828e088ffffff","log_pop":2.1175536048,"log_mass":5.7861986406},{"country_iso":"CMR","city_id":3067,"city":"Ngaoundal","pop_total":943.7224820394,"mass_total":2140727.4590789778,"n_hex":5,"sample_h3":"8758cab70ffffff","log_pop":2.9748443012,"log_mass":6.3305613798},{"country_iso":"CMR","city_id":3071,"city":"Garoua","pop_total":29238.1006979325,"mass_total":9865224.3033056781,"n_hex":22,"sample_h3":"8758e82cbffffff","log_pop":4.4659491575,"log_mass":6.9941069642},{"country_iso":"CMR","city_id":3086,"city":"Pitoa","pop_total":647.3907667384,"mass_total":551494.8893752561,"n_hex":3,"sample_h3":"8758e9434ffffff","log_pop":2.8111665011,"log_mass":5.7415414922},{"country_iso":"CMR","city_id":3097,"city":"Ngaound\u00e9r\u00e9","pop_total":7690.9029359687,"mass_total":6804883.8873111233,"n_hex":13,"sample_h3":"8758c8848ffffff","log_pop":3.8859773303,"log_mass":6.8328207192},{"country_iso":"CMR","city_id":3106,"city":"Bertoua","pop_total":5448.915351568,"mass_total":9011120.4425983615,"n_hex":14,"sample_h3":"878298286ffffff","log_pop":3.7363100612,"log_mass":6.9547787945},{"country_iso":"CMR","city_id":3108,"city":"Mokolo","pop_total":991.0687784606,"mass_total":480342.1988527592,"n_hex":3,"sample_h3":"87585ada4ffffff","log_pop":2.9961037948,"log_mass":5.6815507418},{"country_iso":"CMR","city_id":3112,"city":"Koza","pop_total":27.0145225525,"mass_total":30496.7018593021,"n_hex":1,"sample_h3":"87585e699ffffff","log_pop":1.4315972963,"log_mass":4.484252874},{"country_iso":"CMR","city_id":3116,"city":"Guider","pop_total":1957.8003629591,"mass_total":1295986.7518856458,"n_hex":4,"sample_h3":"8758e985affffff","log_pop":3.2917684047,"log_mass":6.112600562},{"country_iso":"CMR","city_id":3119,"city":"Karewa","pop_total":703.1062944693,"mass_total":472472.8351784392,"n_hex":4,"sample_h3":"8758e9140ffffff","log_pop":2.8470209859,"log_mass":5.6743768438},{"country_iso":"CMR","city_id":3127,"city":"Mora","pop_total":2188.7771958351,"mass_total":1088555.3618393128,"n_hex":4,"sample_h3":"87585e648ffffff","log_pop":3.3402015553,"log_mass":6.0368505213},{"country_iso":"CMR","city_id":3129,"city":"Banki","pop_total":2035.370150568,"mass_total":948123.5325547686,"n_hex":4,"sample_h3":"87585e212ffffff","log_pop":3.3086434011,"log_mass":5.976864926},{"country_iso":"CMR","city_id":3131,"city":"Gamboru","pop_total":9147.9284747348,"mass_total":1460087.2362438831,"n_hex":3,"sample_h3":"87585c181ffffff","log_pop":3.9613227603,"log_mass":6.1643788045},{"country_iso":"CMR","city_id":3137,"city":"Dargala","pop_total":185.7762680577,"mass_total":171275.3004311839,"n_hex":4,"sample_h3":"87585a91affffff","log_pop":2.2689902344,"log_mass":5.233694738},{"country_iso":"CMR","city_id":3138,"city":"Tchollir\u00e9","pop_total":11.1254003048,"mass_total":26437.2279466701,"n_hex":1,"sample_h3":"876bb641effffff","log_pop":1.0463156464,"log_mass":4.4222159156},{"country_iso":"CMR","city_id":3139,"city":"Rey Bouba","pop_total":35.8574871606,"mass_total":33796.6782234262,"n_hex":1,"sample_h3":"876bb6cddffffff","log_pop":1.5545798516,"log_mass":4.5288740168},{"country_iso":"CMR","city_id":3141,"city":"Maroua","pop_total":21748.3836707227,"mass_total":7250641.8341210382,"n_hex":17,"sample_h3":"87585a102ffffff","log_pop":4.3374269859,"log_mass":6.8603764525},{"country_iso":"CMR","city_id":3147,"city":"Meiganga","pop_total":1196.9168035806,"mass_total":1393364.2736107407,"n_hex":6,"sample_h3":"8758c94d0ffffff","log_pop":3.0780639641,"log_mass":6.1440646709},{"country_iso":"CMR","city_id":3149,"city":"Kaele","pop_total":254.8222322464,"mass_total":66617.261990887,"n_hex":1,"sample_h3":"87585a614ffffff","log_pop":2.4062373158,"log_mass":4.823586779},{"country_iso":"CMR","city_id":3152,"city":"Batouri","pop_total":629.235434384,"mass_total":1795876.2813921394,"n_hex":6,"sample_h3":"878298516ffffff","log_pop":2.7988131712,"log_mass":6.2542764146},{"country_iso":"CMR","city_id":3169,"city":"Garoua-Boula\u00ef","pop_total":2734.0510126577,"mass_total":2929622.1118608825,"n_hex":6,"sample_h3":"8758cb242ffffff","log_pop":3.4368066135,"log_mass":6.4668116049},{"country_iso":"CMR","city_id":3177,"city":"Guirvidig","pop_total":11.6443395615,"mass_total":29776.311719773,"n_hex":1,"sample_h3":"87585ab4effffff","log_pop":1.0661148614,"log_mass":4.4738709023},{"country_iso":"CMR","city_id":3183,"city":"Maga","pop_total":611.0746276855,"mass_total":188540.8578958503,"n_hex":4,"sample_h3":"87585869affffff","log_pop":2.7860942518,"log_mass":5.2754054789},{"country_iso":"CMR","city_id":3204,"city":"Yokadouma","pop_total":863.7102936506,"mass_total":1246058.2077188333,"n_hex":5,"sample_h3":"878291210ffffff","log_pop":2.9363680955,"log_mass":6.0955383302},{"country_iso":"CMR","city_id":3207,"city":"Yagoua","pop_total":99.8856945038,"mass_total":71799.0553526423,"n_hex":1,"sample_h3":"87585b556ffffff","log_pop":1.9995032936,"log_mass":4.8561187303},{"country_iso":"CMR","city_id":3213,"city":"Touboro","pop_total":591.5471051291,"mass_total":655923.893190718,"n_hex":3,"sample_h3":"876bb2302ffffff","log_pop":2.7719893334,"log_mass":5.8168534511}]