[{"country_iso":"RUS","city_id":3168,"city":"Kaliningrad","pop_total":230546.9675812259,"mass_total":75678245.3622602969,"n_hex":36,"sample_h3":"871f73509ffffff","log_pop":5.3627594143,"log_mass":7.8789710542},{"country_iso":"RUS","city_id":3316,"city":"Murmansk","pop_total":157373.1196706993,"mass_total":59953844.9433787912,"n_hex":32,"sample_h3":"871165a18ffffff","log_pop":5.1969305541,"log_mass":7.7778170404},{"country_iso":"RUS","city_id":3378,"city":"Pskov","pop_total":99680.5315408277,"mass_total":33563113.4403036162,"n_hex":18,"sample_h3":"871132180ffffff","log_pop":4.9986103452,"log_mass":7.5258622408},{"country_iso":"RUS","city_id":3383,"city":"Kronstadt","pop_total":31827.6600728595,"mass_total":16972727.5189534575,"n_hex":24,"sample_h3":"871106801ffffff","log_pop":4.502804711,"log_mass":7.2297516391},{"country_iso":"RUS","city_id":3389,"city":"Peterhof","pop_total":23081.5475562629,"mass_total":8901451.5948252697,"n_hex":13,"sample_h3":"8711068c2ffffff","log_pop":4.3632649237,"log_mass":6.9494608345},{"country_iso":"RUS","city_id":3396,"city":"Saint Petersburg","pop_total":3249097.5923734657,"mass_total":647107261.5288295746,"n_hex":152,"sample_h3":"871106001ffffff","log_pop":6.5117627563,"log_mass":8.8109762733},{"country_iso":"RUS","city_id":3405,"city":"Pushkin","pop_total":38298.1789789387,"mass_total":16764753.8818482645,"n_hex":12,"sample_h3":"871106013ffffff","log_pop":4.5831781244,"log_mass":7.2243971821},{"country_iso":"RUS","city_id":3408,"city":"Kolpino","pop_total":88083.8236682589,"mass_total":31087148.353896454,"n_hex":18,"sample_h3":"8711060c2ffffff","log_pop":4.9448961588,"log_mass":7.4925808857},{"country_iso":"RUS","city_id":3436,"city":"Veliky Novgorod","pop_total":129954.3447424911,"mass_total":37047779.3063561618,"n_hex":22,"sample_h3":"871115400ffffff","log_pop":5.1137908038,"log_mass":7.5687621809},{"country_iso":"RUS","city_id":3445,"city":"Velikiye Luki","pop_total":48266.0061729679,"mass_total":21522308.3668705001,"n_hex":13,"sample_h3":"871f69169ffffff","log_pop":4.6836413641,"log_mass":7.3328888496},{"country_iso":"RUS","city_id":3455,"city":"Petrozavodsk","pop_total":114734.0183831748,"mass_total":35889034.9863403067,"n_hex":24,"sample_h3":"87110e040ffffff","log_pop":5.0596922043,"log_mass":7.5549617808},{"country_iso":"RUS","city_id":3502,"city":"Smolensk","pop_total":212723.9354198019,"mass_total":40509475.8227147236,"n_hex":19,"sample_h3":"8711a0d86ffffff","log_pop":5.3278163589,"log_mass":7.6075566236},{"country_iso":"RUS","city_id":3539,"city":"Severodvinsk","pop_total":82082.2288070075,"mass_total":41486534.3094209582,"n_hex":16,"sample_h3":"871150841ffffff","log_pop":4.9142491405,"log_mass":7.6179071564},{"country_iso":"RUS","city_id":3554,"city":"Arkhangelsk","pop_total":135513.3951463074,"mass_total":63334785.1586127281,"n_hex":36,"sample_h3":"871150300ffffff","log_pop":5.1319822262,"log_mass":7.8016423017},{"country_iso":"RUS","city_id":3594,"city":"Tver","pop_total":242210.0776955387,"mass_total":73063735.1424410641,"n_hex":38,"sample_h3":"8711a8896ffffff","log_pop":5.384192209,"log_mass":7.8637018703},{"country_iso":"RUS","city_id":3609,"city":"Bryansk","pop_total":254298.4199531783,"mass_total":92897356.91563721,"n_hex":49,"sample_h3":"8711b1003ffffff","log_pop":5.4053436618,"log_mass":7.9680033578},{"country_iso":"RUS","city_id":3613,"city":"Cherepovets","pop_total":195694.920191095,"mass_total":94201470.5846074224,"n_hex":27,"sample_h3":"871034945ffffff","log_pop":5.2915795525,"log_mass":7.9740576826},{"country_iso":"RUS","city_id":3654,"city":"Kaluga","pop_total":125422.6577168733,"mass_total":53946654.1183397919,"n_hex":29,"sample_h3":"87118086dffffff","log_pop":5.0983759993,"log_mass":7.731964514},{"country_iso":"RUS","city_id":3656,"city":"Obninsk","pop_total":54949.9059567328,"mass_total":17510236.8553535156,"n_hex":15,"sample_h3":"871185740ffffff","log_pop":4.7399669535,"log_mass":7.2432920207},{"country_iso":"RUS","city_id":3657,"city":"Zelenograd","pop_total":148533.9845349034,"mass_total":25347420.1958233006,"n_hex":18,"sample_h3":"8711aa000ffffff","log_pop":5.1718258315,"log_mass":7.4039337644},{"country_iso":"RUS","city_id":3674,"city":"Lobnya","pop_total":32444.1654700046,"mass_total":10719897.4974326063,"n_hex":7,"sample_h3":"8711aa0c8ffffff","log_pop":4.5111366077,"log_mass":7.0301906327},{"country_iso":"RUS","city_id":3675,"city":"Moscow","pop_total":10308306.7307175249,"mass_total":1682170068.2536144257,"n_hex":475,"sample_h3":"871181849ffffff","log_pop":7.0131873328,"log_mass":9.2258699011},{"country_iso":"RUS","city_id":3682,"city":"\u041a\u0441\u0442\u043e\u0432\u043e","pop_total":357.2852266431,"mass_total":12830.5882352941,"n_hex":1,"sample_h3":"871036809ffffff","log_pop":2.553015059,"log_mass":4.1082465676},{"country_iso":"RUS","city_id":3684,"city":"Vologda","pop_total":188672.4216414461,"mass_total":60815354.6918549463,"n_hex":27,"sample_h3":"871035400ffffff","log_pop":5.2757084237,"log_mass":7.784013244},{"country_iso":"RUS","city_id":3694,"city":"Oryol","pop_total":192020.6954651309,"mass_total":53730215.3910910711,"n_hex":26,"sample_h3":"871186440ffffff","log_pop":5.2833480383,"log_mass":7.7302185816},{"country_iso":"RUS","city_id":3712,"city":"Serpukhov","pop_total":95157.518063708,"mass_total":26068381.8098845668,"n_hex":16,"sample_h3":"871181c40ffffff","log_pop":4.9784431061,"log_mass":7.4161140733},{"country_iso":"RUS","city_id":3715,"city":"Fryazino","pop_total":41613.7740185317,"mass_total":7203043.9170778282,"n_hex":8,"sample_h3":"87118c9a0ffffff","log_pop":4.6192371044,"log_mass":6.8575160627},{"country_iso":"RUS","city_id":3725,"city":"Zhukovsky","pop_total":68176.4314837657,"mass_total":23632075.2810342237,"n_hex":18,"sample_h3":"871181a49ffffff","log_pop":4.8336342655,"log_mass":7.3735018614},{"country_iso":"RUS","city_id":3734,"city":"\u0412\u043e\u0440\u043e\u0448\u043d\u0435\u0432\u043e","pop_total":56873.425846913,"mass_total":20497350.267652221,"n_hex":14,"sample_h3":"871194201ffffff","log_pop":4.7549093893,"log_mass":7.3116977226},{"country_iso":"RUS","city_id":3735,"city":"Kursk","pop_total":182005.9695469309,"mass_total":55373540.8374085426,"n_hex":29,"sample_h3":"871194240ffffff","log_pop":5.2600856325,"log_mass":7.7433022952},{"country_iso":"RUS","city_id":3737,"city":"Elektrostal","pop_total":104234.88703787,"mass_total":25181289.2767354287,"n_hex":13,"sample_h3":"87118cc40ffffff","log_pop":5.0180131001,"log_mass":7.4010779621},{"country_iso":"RUS","city_id":3739,"city":"Yaroslavl","pop_total":352517.1812890121,"mass_total":111061956.6100800186,"n_hex":56,"sample_h3":"8710360d8ffffff","log_pop":5.5471802889,"log_mass":8.0455653203},{"country_iso":"RUS","city_id":3743,"city":"Tula","pop_total":318466.553601635,"mass_total":94579590.9524245262,"n_hex":47,"sample_h3":"871180298ffffff","log_pop":5.503063828,"log_mass":7.9757974314},{"country_iso":"RUS","city_id":3762,"city":"Orekhovo-Zou\u00efevo","pop_total":69844.7302707148,"mass_total":15204993.6132671982,"n_hex":12,"sample_h3":"87118c012ffffff","log_pop":4.8441336445,"log_mass":7.1819862421},{"country_iso":"RUS","city_id":3770,"city":"Kolomna","pop_total":71302.6908385454,"mass_total":20902258.726888407,"n_hex":14,"sample_h3":"87118e900ffffff","log_pop":4.8531059197,"log_mass":7.3201932191},{"country_iso":"RUS","city_id":3791,"city":"Belgorod","pop_total":215043.4912795203,"mass_total":70092171.1543485224,"n_hex":34,"sample_h3":"871196204ffffff","log_pop":5.3325263023,"log_mass":7.8456695128},{"country_iso":"RUS","city_id":3797,"city":"Kostroma","pop_total":156226.644994397,"mass_total":51924405.0486480445,"n_hex":28,"sample_h3":"871032128ffffff","log_pop":5.1937551063,"log_mass":7.7153715291},{"country_iso":"RUS","city_id":3802,"city":"Livny","pop_total":29542.409060208,"mass_total":10168994.2954467162,"n_hex":8,"sample_h3":"871191829ffffff","log_pop":4.4704459073,"log_mass":7.0072780037},{"country_iso":"RUS","city_id":3833,"city":"Ivanovo","pop_total":281958.9612655081,"mass_total":82811783.2890287787,"n_hex":33,"sample_h3":"8710325b6ffffff","log_pop":5.450185902,"log_mass":7.9180921369},{"country_iso":"RUS","city_id":3839,"city":"Vladimir","pop_total":153624.3489297142,"mass_total":49234696.0998185277,"n_hex":19,"sample_h3":"871188848ffffff","log_pop":5.1864600553,"log_mass":7.6922712616},{"country_iso":"RUS","city_id":3853,"city":"\u0428\u0430\u0445\u043c\u0430\u043d\u043e\u0432\u043e","pop_total":69248.2661967607,"mass_total":25507904.5074446574,"n_hex":18,"sample_h3":"87118e090ffffff","log_pop":4.8404089042,"log_mass":7.4066747825},{"country_iso":"RUS","city_id":3865,"city":"Ryazan","pop_total":206289.2341627121,"mass_total":63515533.5165897161,"n_hex":28,"sample_h3":"87118e440ffffff","log_pop":5.3144765636,"log_mass":7.8028799504},{"country_iso":"RUS","city_id":3866,"city":"Yelets","pop_total":56518.494539409,"mass_total":24694566.3954194859,"n_hex":15,"sample_h3":"871191369ffffff","log_pop":4.7521905852,"log_mass":7.3926014049},{"country_iso":"RUS","city_id":3941,"city":"Kovrov","pop_total":83715.8955110886,"mass_total":29143300.2598417141,"n_hex":13,"sample_h3":"871189c00ffffff","log_pop":4.9228079273,"log_mass":7.4645387308},{"country_iso":"RUS","city_id":3946,"city":"Kineshma","pop_total":37379.3760864716,"mass_total":15227366.0646126643,"n_hex":15,"sample_h3":"871032652ffffff","log_pop":4.5726320481,"log_mass":7.1826247883},{"country_iso":"RUS","city_id":4019,"city":"Lipetsk","pop_total":255097.0733657451,"mass_total":112165666.6824686676,"n_hex":46,"sample_h3":"87119c4c8ffffff","log_pop":5.4067054761,"log_mass":8.049859942},{"country_iso":"RUS","city_id":4028,"city":"Voronezh","pop_total":578892.5231219586,"mass_total":188010566.6341895163,"n_hex":65,"sample_h3":"871193348ffffff","log_pop":5.7625979403,"log_mass":8.2741822583},{"country_iso":"RUS","city_id":4093,"city":"Murom","pop_total":50228.8121733104,"mass_total":20090982.1913112663,"n_hex":13,"sample_h3":"87118b890ffffff","log_pop":4.7009529079,"log_mass":7.3030011687},{"country_iso":"RUS","city_id":4111,"city":"Michurinsk","pop_total":63291.6339132643,"mass_total":15104460.7417547628,"n_hex":10,"sample_h3":"871198104ffffff","log_pop":4.8013463074,"log_mass":7.1791052247},{"country_iso":"RUS","city_id":4181,"city":"Dzerzhinsk","pop_total":90971.7437249693,"mass_total":51287034.4062604159,"n_hex":29,"sample_h3":"871016190ffffff","log_pop":4.9589065192,"log_mass":7.7100075874},{"country_iso":"RUS","city_id":4195,"city":"Nizhny Novgorod","pop_total":807798.33410346,"mass_total":212062637.0656124353,"n_hex":71,"sample_h3":"871016010ffffff","log_pop":5.9073029532,"log_mass":8.3264641577},{"country_iso":"RUS","city_id":4202,"city":"Tambov","pop_total":217514.842240751,"mass_total":61016079.1628219113,"n_hex":24,"sample_h3":"871198608ffffff","log_pop":5.3374888966,"log_mass":7.7854442968},{"country_iso":"RUS","city_id":4204,"city":"Yeysk","pop_total":33547.427706013,"mass_total":18778276.1014478244,"n_hex":11,"sample_h3":"872d71858ffffff","log_pop":4.5256592257,"log_mass":7.2736557203},{"country_iso":"RUS","city_id":4223,"city":"Novorossiysk","pop_total":118249.2245748791,"mass_total":52090922.5213353187,"n_hex":30,"sample_h3":"872d72120ffffff","log_pop":5.0727983015,"log_mass":7.7167620488},{"country_iso":"RUS","city_id":4234,"city":"Taganrog","pop_total":193797.3132918061,"mass_total":63085640.2660364211,"n_hex":27,"sample_h3":"872d448a6ffffff","log_pop":5.2873477519,"log_mass":7.7999305151},{"country_iso":"RUS","city_id":4246,"city":"Slavyansk-na-Kubani","pop_total":29974.2073481064,"mass_total":19560785.4047146887,"n_hex":13,"sample_h3":"872d70682ffffff","log_pop":4.4767477072,"log_mass":7.2913862886},{"country_iso":"RUS","city_id":4255,"city":"Arzamas","pop_total":58493.0890134456,"mass_total":18120731.471404992,"n_hex":11,"sample_h3":"8710a5890ffffff","log_pop":4.767104557,"log_mass":7.2581757247},{"country_iso":"RUS","city_id":4280,"city":"Azov","pop_total":47440.5284206563,"mass_total":17159823.9493120015,"n_hex":11,"sample_h3":"872d440a4ffffff","log_pop":4.6761495178,"log_mass":7.2345128279},{"country_iso":"RUS","city_id":4288,"city":"Rostov-on-Don","pop_total":776048.3526522937,"mass_total":208143717.0787402391,"n_hex":67,"sample_h3":"872d44008ffffff","log_pop":5.8898887814,"log_mass":8.318363306},{"country_iso":"RUS","city_id":4295,"city":"Kamensk-Shakhtinsky","pop_total":31929.0854977271,"mass_total":14297959.1765303016,"n_hex":10,"sample_h3":"872d45b82ffffff","log_pop":4.5041864798,"log_mass":7.1552740527},{"country_iso":"RUS","city_id":4296,"city":"Bataysk","pop_total":67406.2083215798,"mass_total":31623834.8273317553,"n_hex":16,"sample_h3":"872d44089ffffff","log_pop":4.8286998983,"log_mass":7.500014533},{"country_iso":"RUS","city_id":4306,"city":"Krasnodar","pop_total":501516.7901388856,"mass_total":175473298.9209248722,"n_hex":69,"sample_h3":"872d73400ffffff","log_pop":5.7002854772,"log_mass":8.244211041},{"country_iso":"RUS","city_id":4307,"city":"Shakhty","pop_total":108161.7533416921,"mass_total":49032588.7515658811,"n_hex":20,"sample_h3":"872d45501ffffff","log_pop":5.0340737187,"log_mass":7.6904848231},{"country_iso":"RUS","city_id":4310,"city":"Novocherkassk","pop_total":94065.5216026033,"mass_total":35125693.7324536517,"n_hex":21,"sample_h3":"872d44208ffffff","log_pop":4.973430468,"log_mass":7.5456249103},{"country_iso":"RUS","city_id":4362,"city":"Syktyvkar","pop_total":80786.1774921868,"mass_total":31626284.2298627645,"n_hex":13,"sample_h3":"871008040ffffff","log_pop":4.9073370594,"log_mass":7.5000481697},{"country_iso":"RUS","city_id":4387,"city":"Balashov","pop_total":29549.8242602601,"mass_total":15519940.0982534774,"n_hex":11,"sample_h3":"8710b401affffff","log_pop":4.4705549024,"log_mass":7.1908900407},{"country_iso":"RUS","city_id":4400,"city":"Saransk","pop_total":132163.9132845836,"mass_total":45331700.7917760387,"n_hex":28,"sample_h3":"8710a008bffffff","log_pop":5.1211128893,"log_mass":7.6564020136},{"country_iso":"RUS","city_id":4423,"city":"Maykop","pop_total":77434.3467209334,"mass_total":32178664.7899231538,"n_hex":15,"sample_h3":"872d54208ffffff","log_pop":4.8889336388,"log_mass":7.5075680197},{"country_iso":"RUS","city_id":4425,"city":"Sochi","pop_total":52356.5824718157,"mass_total":25277026.3494445942,"n_hex":19,"sample_h3":"872d56809ffffff","log_pop":4.7189712906,"log_mass":7.4027259812},{"country_iso":"RUS","city_id":4440,"city":"Penza","pop_total":267352.2732036794,"mass_total":78613312.4559075236,"n_hex":34,"sample_h3":"8710a2c40ffffff","log_pop":5.4270838811,"log_mass":7.8954960961},{"country_iso":"RUS","city_id":4448,"city":"Vesyoloye","pop_total":57065.5261276694,"mass_total":30755155.875404343,"n_hex":23,"sample_h3":"872d56020ffffff","log_pop":4.7563738257,"log_mass":7.4879179325},{"country_iso":"RUS","city_id":4454,"city":"Cheboksary","pop_total":257166.3884579747,"mass_total":69414747.1249828339,"n_hex":31,"sample_h3":"8710ac101ffffff","log_pop":5.4102142058,"log_mass":7.8414517459},{"country_iso":"RUS","city_id":4459,"city":"\u0417\u0430\u0440\u0435\u0447\u043d\u044b\u0439","pop_total":33463.3744748387,"mass_total":8790854.5165074226,"n_hex":8,"sample_h3":"8710a2184ffffff","log_pop":4.5245697335,"log_mass":6.9440310928},{"country_iso":"RUS","city_id":4467,"city":"Yoshkar-Ola","pop_total":169567.7689910454,"mass_total":43725185.8453978598,"n_hex":22,"sample_h3":"87101369affffff","log_pop":5.2293433062,"log_mass":7.640731664},{"country_iso":"RUS","city_id":4473,"city":"Kirov","pop_total":157688.1961359333,"mass_total":66935838.1239683703,"n_hex":25,"sample_h3":"871018110ffffff","log_pop":5.1977991851,"log_mass":7.8256587057},{"country_iso":"RUS","city_id":4474,"city":"Novocheboksarsk","pop_total":61083.7407675136,"mass_total":16411802.4146129023,"n_hex":13,"sample_h3":"8710ac02dffffff","log_pop":4.7859256254,"log_mass":7.2151562798},{"country_iso":"RUS","city_id":4476,"city":"Labinsk","pop_total":22619.3904468387,"mass_total":17562833.4987619631,"n_hex":12,"sample_h3":"872d50b24ffffff","log_pop":4.3544808973,"log_mass":7.2445945841},{"country_iso":"RUS","city_id":4482,"city":"Volgodonsk","pop_total":90248.8227911865,"mass_total":29880990.508968696,"n_hex":16,"sample_h3":"872d41440ffffff","log_pop":4.9554415457,"log_mass":7.4753949896},{"country_iso":"RUS","city_id":4493,"city":"Armavir","pop_total":105029.5830633552,"mass_total":38294237.3282584697,"n_hex":18,"sample_h3":"872d55608ffffff","log_pop":5.0213116415,"log_mass":7.5831334245},{"country_iso":"RUS","city_id":4502,"city":"Kirovo-Chepetsk","pop_total":29502.0332714324,"mass_total":13232433.7680477686,"n_hex":11,"sample_h3":"871018080ffffff","log_pop":4.4698519485,"log_mass":7.1216397289},{"country_iso":"RUS","city_id":4536,"city":"Stavropol","pop_total":245922.3890695104,"mass_total":73054762.6147190481,"n_hex":43,"sample_h3":"872d51025ffffff","log_pop":5.3907980692,"log_mass":7.8636485339},{"country_iso":"RUS","city_id":4539,"city":"Kuznetsk","pop_total":63424.8637455707,"mass_total":20122770.3561503589,"n_hex":11,"sample_h3":"871084880ffffff","log_pop":4.8022595429,"log_mass":7.303687771},{"country_iso":"RUS","city_id":4545,"city":"Nevinnomyssk","pop_total":60710.6464283761,"mass_total":21535679.7246620245,"n_hex":16,"sample_h3":"872d51540ffffff","log_pop":4.7832648571,"log_mass":7.3331585838},{"country_iso":"RUS","city_id":4552,"city":"Kazan","pop_total":672360.2218635089,"mass_total":209148900.1295436919,"n_hex":79,"sample_h3":"8710a8004ffffff","log_pop":5.8276020118,"log_mass":8.3204555851},{"country_iso":"RUS","city_id":4554,"city":"Saratov","pop_total":519173.8362206056,"mass_total":138863812.9230243564,"n_hex":55,"sample_h3":"8710b1482ffffff","log_pop":5.7153127981,"log_mass":8.1425890859},{"country_iso":"RUS","city_id":4563,"city":"Cherkessk","pop_total":88466.3517091597,"mass_total":27194063.5089920089,"n_hex":15,"sample_h3":"872d51492ffffff","log_pop":4.9467781176,"log_mass":7.4344741075},{"country_iso":"RUS","city_id":4570,"city":"Engels","pop_total":82268.4285635944,"mass_total":42753690.1621213481,"n_hex":19,"sample_h3":"8710b3843ffffff","log_pop":4.9152332018,"log_mass":7.6309736056},{"country_iso":"RUS","city_id":4571,"city":"Volgograd","pop_total":488751.1815890186,"mass_total":162683591.906277895,"n_hex":67,"sample_h3":"872d48146ffffff","log_pop":5.6890878203,"log_mass":8.2113437527},{"country_iso":"RUS","city_id":4579,"city":"Kamyshin","pop_total":69434.4245894053,"mass_total":18279391.0319905989,"n_hex":13,"sample_h3":"8710b244cffffff","log_pop":4.8415748408,"log_mass":7.2619617234},{"country_iso":"RUS","city_id":4580,"city":"Kirova","pop_total":105630.5326761622,"mass_total":38756573.1139653996,"n_hex":21,"sample_h3":"872d48008ffffff","log_pop":5.0237894699,"log_mass":7.5883453694},{"country_iso":"RUS","city_id":4583,"city":"Volzhskiy","pop_total":169791.8889073503,"mass_total":53362448.3585675433,"n_hex":28,"sample_h3":"872d48a1affffff","log_pop":5.2299169398,"log_mass":7.7272357475},{"country_iso":"RUS","city_id":4584,"city":"Ulyanovsk","pop_total":211351.1817957364,"mass_total":69572149.8675038218,"n_hex":32,"sample_h3":"871085a20ffffff","log_pop":5.3250046806,"log_mass":7.8424354238},{"country_iso":"RUS","city_id":4596,"city":"\u041b\u0435\u043d\u0438\u043d\u0441\u043a\u0438\u0439","pop_total":85383.6206945973,"mass_total":32587941.7661362477,"n_hex":17,"sample_h3":"871085a0cffffff","log_pop":4.9313745671,"log_mass":7.5130569316},{"country_iso":"RUS","city_id":4614,"city":"Kislovodsk","pop_total":68193.2945871035,"mass_total":14495232.5746350624,"n_hex":13,"sample_h3":"872d5305affffff","log_pop":4.8337416728,"log_mass":7.161225188},{"country_iso":"RUS","city_id":4616,"city":"Yessentuki","pop_total":56043.3056254462,"mass_total":19572255.0675454102,"n_hex":14,"sample_h3":"872d53204ffffff","log_pop":4.7485237435,"log_mass":7.2916408669},{"country_iso":"RUS","city_id":4625,"city":"Pyatigorsk","pop_total":130220.4565595767,"mass_total":31507068.6238129549,"n_hex":19,"sample_h3":"872d53203ffffff","log_pop":5.1146792137,"log_mass":7.4984079989},{"country_iso":"RUS","city_id":4627,"city":"Mineralnye Vody","pop_total":26067.9984195831,"mass_total":17866950.0721068792,"n_hex":13,"sample_h3":"872d53241ffffff","log_pop":4.416107686,"log_mass":7.2520504238},{"country_iso":"RUS","city_id":4630,"city":"Elista","pop_total":46262.574412589,"mass_total":19047870.9667790346,"n_hex":12,"sample_h3":"872d5d702ffffff","log_pop":4.6652297967,"log_mass":7.2798464404},{"country_iso":"RUS","city_id":4636,"city":"Syzran","pop_total":75232.5959801026,"mass_total":31016303.691501569,"n_hex":17,"sample_h3":"871080860ffffff","log_pop":4.8764060479,"log_mass":7.4915900403},{"country_iso":"RUS","city_id":4641,"city":"Glazov","pop_total":49367.6675603731,"mass_total":18427001.8126627505,"n_hex":11,"sample_h3":"87101b608ffffff","log_pop":4.6934426089,"log_mass":7.2654546786},{"country_iso":"RUS","city_id":4644,"city":"Balakovo","pop_total":61843.6994723124,"mass_total":29900918.3883154765,"n_hex":18,"sample_h3":"871086042ffffff","log_pop":4.7912954611,"log_mass":7.4756845276},{"country_iso":"RUS","city_id":4653,"city":"Georgiyevsk","pop_total":54991.1676761772,"mass_total":20116229.023654025,"n_hex":14,"sample_h3":"872d5e485ffffff","log_pop":4.7402929415,"log_mass":7.3035465714},{"country_iso":"RUS","city_id":4664,"city":"Dimitrovgrad","pop_total":61889.7483955755,"mass_total":22492860.7666042708,"n_hex":13,"sample_h3":"8710aa422ffffff","log_pop":4.7916187171,"log_mass":7.3520446949},{"country_iso":"RUS","city_id":4668,"city":"Tolyatti","pop_total":347634.7979537587,"mass_total":95137757.0876574069,"n_hex":39,"sample_h3":"871081d2cffffff","log_pop":5.5411232425,"log_mass":7.9783529085},{"country_iso":"RUS","city_id":4676,"city":"Baksan","pop_total":40178.4821740613,"mass_total":9297743.2857948914,"n_hex":9,"sample_h3":"872c2d124ffffff","log_pop":4.6039935263,"log_mass":6.968377551},{"country_iso":"RUS","city_id":4685,"city":"Budyonnovsk","pop_total":33988.9554915311,"mass_total":12472537.3323883768,"n_hex":9,"sample_h3":"872d5e2c2ffffff","log_pop":4.5313378186,"log_mass":7.0959548125},{"country_iso":"RUS","city_id":4686,"city":"Nalchik","pop_total":143436.2230053266,"mass_total":35404730.6064020172,"n_hex":21,"sample_h3":"872c2d184ffffff","log_pop":5.1566588408,"log_mass":7.5490612942},{"country_iso":"RUS","city_id":4696,"city":"\u0412\u043e\u0434\u043d\u0438\u043a","pop_total":87440.7130019085,"mass_total":20651117.5271804594,"n_hex":15,"sample_h3":"871081c21ffffff","log_pop":4.9417136902,"log_mass":7.3149435583},{"country_iso":"RUS","city_id":4711,"city":"Prokhladny","pop_total":42182.7518500291,"mass_total":14650851.1811708733,"n_hex":11,"sample_h3":"872c2d041ffffff","log_pop":4.6251349081,"log_mass":7.1658628569},{"country_iso":"RUS","city_id":4739,"city":"Nizhnekamsk","pop_total":52888.8384950114,"mass_total":21038445.7494663075,"n_hex":12,"sample_h3":"8710ab204ffffff","log_pop":4.7233640295,"log_mass":7.3230136524},{"country_iso":"RUS","city_id":4744,"city":"Novokuybyshevsk","pop_total":45394.5450149012,"mass_total":22532052.1571744569,"n_hex":11,"sample_h3":"871081510ffffff","log_pop":4.6570036676,"log_mass":7.3528007479},{"country_iso":"RUS","city_id":4748,"city":"\u041f\u0440\u043e\u043c\u0437\u043e\u043d\u0430","pop_total":20995.4691792166,"mass_total":18463267.6542825438,"n_hex":12,"sample_h3":"8710ab200ffffff","log_pop":4.3221255841,"log_mass":7.2663085655},{"country_iso":"RUS","city_id":4756,"city":"Samara","pop_total":642396.7948200719,"mass_total":172539795.1701304913,"n_hex":59,"sample_h3":"871081092ffffff","log_pop":5.8078033654,"log_mass":8.2368892781},{"country_iso":"RUS","city_id":4761,"city":"Izhevsk","pop_total":374716.911292444,"mass_total":102950745.6563131958,"n_hex":38,"sample_h3":"8710f0d00ffffff","log_pop":5.5737032936,"log_mass":8.0126294965},{"country_iso":"RUS","city_id":4762,"city":"Podstepnovka","pop_total":44180.1348107597,"mass_total":11951009.4514229428,"n_hex":7,"sample_h3":"871081400ffffff","log_pop":4.6452270367,"log_mass":7.0774045899},{"country_iso":"RUS","city_id":4775,"city":"Naberezhnye Chelny","pop_total":331159.7148505969,"mass_total":92333043.7622610629,"n_hex":42,"sample_h3":"8710ab25affffff","log_pop":5.5200375,"log_mass":7.9653571523},{"country_iso":"RUS","city_id":4812,"city":"Vladikavkaz","pop_total":193365.5358721556,"mass_total":55471035.4026546702,"n_hex":26,"sample_h3":"872c29d12ffffff","log_pop":5.286379071,"log_mass":7.7440662723},{"country_iso":"RUS","city_id":4823,"city":"Nazran","pop_total":25709.1741294113,"mass_total":14932585.1292694025,"n_hex":14,"sample_h3":"872c29c21ffffff","log_pop":4.4100881258,"log_mass":7.1741349993},{"country_iso":"RUS","city_id":4840,"city":"Votkinsk","pop_total":45924.2867246212,"mass_total":18867711.453460224,"n_hex":13,"sample_h3":"8710f0100ffffff","log_pop":4.6620424198,"log_mass":7.2757192259},{"country_iso":"RUS","city_id":4852,"city":"Sunzha","pop_total":22024.6426699255,"mass_total":6347010.7245477429,"n_hex":12,"sample_h3":"872c29114ffffff","log_pop":4.3429088711,"log_mass":6.8025692321},{"country_iso":"RUS","city_id":4857,"city":"Almetyevsk","pop_total":33642.740601283,"mass_total":24810236.8652948402,"n_hex":12,"sample_h3":"87108dc10ffffff","log_pop":4.526891367,"log_mass":7.3946309105},{"country_iso":"RUS","city_id":4877,"city":"Sarapul","pop_total":50342.5145027273,"mass_total":18828664.5929547921,"n_hex":13,"sample_h3":"8710f05a0ffffff","log_pop":4.7019349039,"log_mass":7.2748195191},{"country_iso":"RUS","city_id":4884,"city":"Berezniki","pop_total":51880.303127855,"mass_total":26975551.288579423,"n_hex":13,"sample_h3":"8710e31b0ffffff","log_pop":4.7150025049,"log_mass":7.4309703289},{"country_iso":"RUS","city_id":4944,"city":"Grozny","pop_total":51608.7479956702,"mass_total":37091614.2526190579,"n_hex":19,"sample_h3":"872c292b4ffffff","log_pop":4.7127233234,"log_mass":7.5692757345},{"country_iso":"RUS","city_id":4968,"city":"Bugulma","pop_total":23191.4231762521,"mass_total":13756020.4468049482,"n_hex":12,"sample_h3":"87108896dffffff","log_pop":4.3653274006,"log_mass":7.1384928127},{"country_iso":"RUS","city_id":4992,"city":"Kultaevo","pop_total":11911.7932774776,"mass_total":3994245.6165929153,"n_hex":11,"sample_h3":"8710f1148ffffff","log_pop":4.0759771479,"log_mass":6.6014347673},{"country_iso":"RUS","city_id":4993,"city":"Neftekamsk","pop_total":58390.446519258,"mass_total":15974058.8952275924,"n_hex":12,"sample_h3":"8710f28c0ffffff","log_pop":4.7663417964,"log_mass":7.2034152813},{"country_iso":"RUS","city_id":4999,"city":"Perm","pop_total":43285.9365867945,"mass_total":101669130.3833986372,"n_hex":41,"sample_h3":"8710f1304ffffff","log_pop":4.6363468189,"log_mass":8.0071891089},{"country_iso":"RUS","city_id":5032,"city":"\u041b\u043e\u0431\u0430\u043d\u043e\u0432\u043e","pop_total":10685.7220190422,"mass_total":2578335.2083588811,"n_hex":8,"sample_h3":"8710f1300ffffff","log_pop":4.0288038722,"log_mass":6.4113393791},{"country_iso":"RUS","city_id":5049,"city":"\u041b\u044f\u0434\u044b","pop_total":1710.2733404524,"mass_total":597785.2600787315,"n_hex":4,"sample_h3":"8710c4cb6ffffff","log_pop":3.233065526,"log_mass":5.7765452022},{"country_iso":"RUS","city_id":5066,"city":"Astrakhan","pop_total":386073.2215959072,"mass_total":111501454.4360851496,"n_hex":54,"sample_h3":"872c60400ffffff","log_pop":5.5866696796,"log_mass":8.0472805324},{"country_iso":"RUS","city_id":5072,"city":"Oktjabrski","pop_total":47341.5036480558,"mass_total":19307878.4571493454,"n_hex":12,"sample_h3":"871088a20ffffff","log_pop":4.6752420478,"log_mass":7.2857345563},{"country_iso":"RUS","city_id":5075,"city":"\u0421\u044b\u043b\u0432\u0430","pop_total":7728.2429475261,"mass_total":1495747.4904536251,"n_hex":7,"sample_h3":"8710c4c92ffffff","log_pop":3.8880807662,"log_mass":6.1748582829},{"country_iso":"RUS","city_id":5082,"city":"Kizlyar","pop_total":26272.8127165757,"mass_total":6503527.6143717561,"n_hex":8,"sample_h3":"872c74630ffffff","log_pop":4.41950657,"log_mass":6.8131489886},{"country_iso":"RUS","city_id":5093,"city":"Tujmazy","pop_total":18657.9030727078,"mass_total":14728224.918509189,"n_hex":10,"sample_h3":"871088a60ffffff","log_pop":4.2708628326,"log_mass":7.1681504078},{"country_iso":"RUS","city_id":5094,"city":"Buzuluk","pop_total":46571.1846365052,"mass_total":20469223.3403144069,"n_hex":12,"sample_h3":"87108e4c8ffffff","log_pop":4.6681172853,"log_mass":7.3111013646},{"country_iso":"RUS","city_id":5117,"city":"Khasavyurt","pop_total":101180.7393344804,"mass_total":20581962.8818526343,"n_hex":13,"sample_h3":"872c76160ffffff","log_pop":5.0050978485,"log_mass":7.3134867906},{"country_iso":"RUS","city_id":5201,"city":"Lysva","pop_total":24313.6989373805,"mass_total":11322278.3927187733,"n_hex":11,"sample_h3":"8710c4712ffffff","log_pop":4.3858510348,"log_mass":7.0539338291},{"country_iso":"RUS","city_id":5229,"city":"Buynaksk","pop_total":34945.8605487094,"mass_total":6658197.1644443953,"n_hex":7,"sample_h3":"872c76620ffffff","log_pop":4.5433957395,"log_mass":6.8233566515},{"country_iso":"RUS","city_id":5250,"city":"Makhachkala","pop_total":375160.8182357816,"mass_total":64791067.8845096603,"n_hex":36,"sample_h3":"872c72834ffffff","log_pop":5.5742174744,"log_mass":7.811515138},{"country_iso":"RUS","city_id":5287,"city":"Kaspiysk","pop_total":89863.7582416703,"mass_total":11934729.6547729094,"n_hex":9,"sample_h3":"872c72816ffffff","log_pop":4.9535845775,"log_mass":7.0768125858},{"country_iso":"RUS","city_id":5319,"city":"Serov","pop_total":28523.0980226498,"mass_total":22587242.0739395805,"n_hex":9,"sample_h3":"8710eacc0ffffff","log_pop":4.4551966944,"log_mass":7.3538632063},{"country_iso":"RUS","city_id":5338,"city":"Sagasi-Deybuk","pop_total":638.0380325317,"mass_total":32010.6032507205,"n_hex":2,"sample_h3":"872c72cc5ffffff","log_pop":2.8048465672,"log_mass":4.5052938586},{"country_iso":"RUS","city_id":5339,"city":"\u0416\u0443\u043a\u043e\u0432\u043e","pop_total":27261.6553834702,"mass_total":8790759.972412128,"n_hex":7,"sample_h3":"8710d6904ffffff","log_pop":4.4355522235,"log_mass":6.944026422},{"country_iso":"RUS","city_id":5344,"city":"Ufa","pop_total":534986.7039122937,"mass_total":152845806.0706545711,"n_hex":51,"sample_h3":"8710d4582ffffff","log_pop":5.7283429886,"log_mass":8.1842535266},{"country_iso":"RUS","city_id":5380,"city":"Yugorsk","pop_total":11721.0393301599,"mass_total":13618603.1395127289,"n_hex":7,"sample_h3":"8710e9620ffffff","log_pop":4.0689661232,"log_mass":7.1341325643},{"country_iso":"RUS","city_id":5396,"city":"Derbent","pop_total":72767.1473613085,"mass_total":7596940.041559156,"n_hex":5,"sample_h3":"872c09b30ffffff","log_pop":4.8619353499,"log_mass":6.8806386988},{"country_iso":"RUS","city_id":5408,"city":"Nizhny Tagil","pop_total":160782.2833941623,"mass_total":84303722.3133679032,"n_hex":34,"sample_h3":"8710c00dbffffff","log_pop":5.2062381921,"log_mass":7.9258467507},{"country_iso":"RUS","city_id":5411,"city":"Sterlitamak","pop_total":162389.5394673055,"mass_total":43905434.1735138521,"n_hex":21,"sample_h3":"87108b280ffffff","log_pop":5.2105580502,"log_mass":7.6425182762},{"country_iso":"RUS","city_id":5422,"city":"Salavat","pop_total":71618.8550741149,"mass_total":24049055.6782979928,"n_hex":16,"sample_h3":"87108b609ffffff","log_pop":4.8550273739,"log_mass":7.3810980278},{"country_iso":"RUS","city_id":5443,"city":"Orenburg","pop_total":316395.2869470858,"mass_total":83596253.446140945,"n_hex":32,"sample_h3":"8710992d9ffffff","log_pop":5.5002300056,"log_mass":7.922186814},{"country_iso":"RUS","city_id":5448,"city":"\u0412\u0435\u0441\u0435\u043d\u043d\u0438\u0439","pop_total":32832.6780900095,"mass_total":12381657.1543538012,"n_hex":9,"sample_h3":"872126824ffffff","log_pop":4.5163063086,"log_mass":7.0927787743},{"country_iso":"RUS","city_id":5450,"city":"Novouralsk","pop_total":30291.8668515526,"mass_total":15021458.0809551552,"n_hex":12,"sample_h3":"8710c2ac0ffffff","log_pop":4.4813260392,"log_mass":7.1767120902},{"country_iso":"RUS","city_id":5489,"city":"Yekaterinburg","pop_total":670568.2121714186,"mass_total":218922862.0710534751,"n_hex":67,"sample_h3":"8710c2280ffffff","log_pop":5.8264429621,"log_mass":8.3402911172},{"country_iso":"RUS","city_id":5507,"city":"\u0421\u0435\u043c\u044c \u041a\u043b\u044e\u0447\u0435\u0439","pop_total":35201.0321200446,"mass_total":16424701.1150533073,"n_hex":13,"sample_h3":"8710dc900ffffff","log_pop":4.5465553975,"log_mass":7.2154974753},{"country_iso":"RUS","city_id":5531,"city":"Zlatoust","pop_total":28300.5222980644,"mass_total":13819233.9640307408,"n_hex":10,"sample_h3":"8710d1494ffffff","log_pop":4.4517944507,"log_mass":7.1404839696},{"country_iso":"RUS","city_id":5560,"city":"Miass","pop_total":32549.5228932362,"mass_total":24815384.844259385,"n_hex":16,"sample_h3":"8710d3a24ffffff","log_pop":4.5125446271,"log_mass":7.3947210148},{"country_iso":"RUS","city_id":5584,"city":"Magnitogorsk","pop_total":217238.3629931534,"mass_total":113466671.0574137866,"n_hex":37,"sample_h3":"8710d2680ffffff","log_pop":5.3369365215,"log_mass":8.0548683135},{"country_iso":"RUS","city_id":5589,"city":"Kamensk-Uralsky","pop_total":68424.1505846145,"mass_total":30414009.7493761666,"n_hex":17,"sample_h3":"8710dc0c1ffffff","log_pop":4.8352094148,"log_mass":7.4830736808},{"country_iso":"RUS","city_id":5633,"city":"Chelyabinsk","pop_total":739921.3579901529,"mass_total":257841812.255976975,"n_hex":74,"sample_h3":"8710de112ffffff","log_pop":5.8691855635,"log_mass":8.411353345},{"country_iso":"RUS","city_id":5675,"city":"Novotroitsk","pop_total":38998.6668148003,"mass_total":24409134.780786477,"n_hex":13,"sample_h3":"872122240ffffff","log_pop":4.5910497607,"log_mass":7.3875523855},{"country_iso":"RUS","city_id":5681,"city":"Orsk","pop_total":51585.2805782112,"mass_total":30758344.8596747257,"n_hex":14,"sample_h3":"872122249ffffff","log_pop":4.7125257971,"log_mass":7.4879629619},{"country_iso":"RUS","city_id":5688,"city":"\u0421\u0442\u0430\u0440\u043e\u043a\u0438\u0440\u043f\u0438\u0447\u043d\u044b\u0439","pop_total":30325.4346961423,"mass_total":16997671.9376194477,"n_hex":11,"sample_h3":"872123430ffffff","log_pop":4.4818070349,"log_mass":7.2303894429},{"country_iso":"RUS","city_id":5735,"city":"Tyumen","pop_total":335567.9619579521,"mass_total":107079712.7815339565,"n_hex":40,"sample_h3":"8710ca690ffffff","log_pop":5.5257804903,"log_mass":8.0297071976},{"country_iso":"RUS","city_id":5787,"city":"Kurgan","pop_total":148516.2151522926,"mass_total":59601686.0711248815,"n_hex":24,"sample_h3":"8710db000ffffff","log_pop":5.171773873,"log_mass":7.7752585457},{"country_iso":"RUS","city_id":5860,"city":"Ishim","pop_total":31550.3403504498,"mass_total":13079926.5398921445,"n_hex":12,"sample_h3":"872160688ffffff","log_pop":4.4990040486,"log_mass":7.1166053049},{"country_iso":"RUS","city_id":5914,"city":"Omsk","pop_total":671280.9836759738,"mass_total":218726939.8231284916,"n_hex":71,"sample_h3":"872141884ffffff","log_pop":5.8269043445,"log_mass":8.3399022768},{"country_iso":"RUS","city_id":6019,"city":"Tomsk","pop_total":314178.9237497337,"mass_total":101314484.3786440045,"n_hex":43,"sample_h3":"870b80d16ffffff","log_pop":5.4971770476,"log_mass":8.0056715385},{"country_iso":"RUS","city_id":6025,"city":"Novosibirsk","pop_total":861687.9560848334,"mass_total":263967149.463290453,"n_hex":78,"sample_h3":"870bb0200ffffff","log_pop":5.9353500228,"log_mass":8.4215498826},{"country_iso":"RUS","city_id":6033,"city":"Young Leninist","pop_total":24652.9494003132,"mass_total":8032595.6605765838,"n_hex":10,"sample_h3":"870bb0302ffffff","log_pop":4.3918688843,"log_mass":6.9048559063},{"country_iso":"RUS","city_id":6037,"city":"\u041a\u0430\u0438\u043d\u0441\u043a\u0430\u044f \u0417\u0430\u0438\u043c\u043a\u0430","pop_total":39665.7989522747,"mass_total":10158422.86233739,"n_hex":8,"sample_h3":"870bb0234ffffff","log_pop":4.5984162063,"log_mass":7.0068262871},{"country_iso":"RUS","city_id":6040,"city":"Berdsk","pop_total":50520.3653690158,"mass_total":18932210.055321537,"n_hex":13,"sample_h3":"870bb0380ffffff","log_pop":4.7034664828,"log_mass":7.2772013144},{"country_iso":"RUS","city_id":6051,"city":"Yurga","pop_total":32349.5929441475,"mass_total":11515355.4490036964,"n_hex":11,"sample_h3":"870b86c0bffffff","log_pop":4.5098688203,"log_mass":7.061277348},{"country_iso":"RUS","city_id":6062,"city":"Anzhero-Sudzhensk","pop_total":30578.6251848681,"mass_total":16611485.6444034651,"n_hex":16,"sample_h3":"870b86650ffffff","log_pop":4.4854179556,"log_mass":7.2204084752},{"country_iso":"RUS","city_id":6088,"city":"Kemerovo","pop_total":251326.4193431839,"mass_total":82852807.6306167394,"n_hex":47,"sample_h3":"870b95164ffffff","log_pop":5.4002381439,"log_mass":7.9183072299},{"country_iso":"RUS","city_id":6089,"city":"Rubtsovsk","pop_total":86129.8935266317,"mass_total":28652710.0307018235,"n_hex":13,"sample_h3":"872063830ffffff","log_pop":4.9351539103,"log_mass":7.4571657047},{"country_iso":"RUS","city_id":6098,"city":"Barnaul","pop_total":304675.6411594943,"mass_total":109941377.307257086,"n_hex":35,"sample_h3":"870bb2c26ffffff","log_pop":5.4838377337,"log_mass":8.0411611734},{"country_iso":"RUS","city_id":6149,"city":"Biysk","pop_total":99144.3785303738,"mass_total":39141356.6669731289,"n_hex":21,"sample_h3":"87206d410ffffff","log_pop":4.9962680948,"log_mass":7.5926358745},{"country_iso":"RUS","city_id":6155,"city":"Achinsk","pop_total":48277.4004423548,"mass_total":16890243.2265422717,"n_hex":11,"sample_h3":"870b98d90ffffff","log_pop":4.6837438769,"log_mass":7.2276359036},{"country_iso":"RUS","city_id":6157,"city":"Novokuznetsk","pop_total":209364.2806913982,"mass_total":62629948.8818987608,"n_hex":36,"sample_h3":"870b96a05ffffff","log_pop":5.3209025894,"log_mass":7.7967820572},{"country_iso":"RUS","city_id":6159,"city":"\u041c\u0430\u043b\u0430\u044f \u0429\u0435\u0434\u0440\u0443\u0445\u0430","pop_total":39054.443613734,"mass_total":19921181.531567093,"n_hex":14,"sample_h3":"870b96a40ffffff","log_pop":4.591670455,"log_mass":7.299315093},{"country_iso":"RUS","city_id":6195,"city":"Mezhdurechensk","pop_total":19960.1908550693,"mass_total":11542814.7870853133,"n_hex":7,"sample_h3":"870b962c4ffffff","log_pop":4.3001646896,"log_mass":7.0623117271},{"country_iso":"RUS","city_id":6266,"city":"Krasnoyarsk","pop_total":638414.1207272771,"mass_total":215497062.0763303041,"n_hex":65,"sample_h3":"870ab4934ffffff","log_pop":5.8051024844,"log_mass":8.3334413537},{"country_iso":"RUS","city_id":6358,"city":"Chernogorsk","pop_total":37423.2760377714,"mass_total":17250272.156353727,"n_hex":8,"sample_h3":"872526009ffffff","log_pop":4.573141803,"log_mass":7.2367959513},{"country_iso":"RUS","city_id":6376,"city":"Abakan","pop_total":94735.3179517606,"mass_total":44264287.9000091851,"n_hex":15,"sample_h3":"87252605affffff","log_pop":4.976511917,"log_mass":7.6460534819},{"country_iso":"RUS","city_id":6392,"city":"Minusinsk","pop_total":38495.9090378125,"mass_total":16739950.7240541074,"n_hex":9,"sample_h3":"8725262a4ffffff","log_pop":4.5854145795,"log_mass":7.2237541753},{"country_iso":"RUS","city_id":6415,"city":"Kansk","pop_total":37861.4915561325,"mass_total":20813914.0008512586,"n_hex":12,"sample_h3":"870ab0124ffffff","log_pop":4.578197719,"log_mass":7.3183537558},{"country_iso":"RUS","city_id":6803,"city":"Kyzyl","pop_total":43183.1372616918,"mass_total":19325303.1420948766,"n_hex":11,"sample_h3":"872500903ffffff","log_pop":4.6353141907,"log_mass":7.2861263151},{"country_iso":"RUS","city_id":6876,"city":"Bratsk","pop_total":44419.2608646519,"mass_total":29978574.7810603008,"n_hex":18,"sample_h3":"870a91520ffffff","log_pop":4.6475713276,"log_mass":7.4768109821},{"country_iso":"RUS","city_id":8031,"city":"Angarsk","pop_total":85388.6635314444,"mass_total":48263578.7364698052,"n_hex":26,"sample_h3":"872571081ffffff","log_pop":4.9314002162,"log_mass":7.6836195216},{"country_iso":"RUS","city_id":8145,"city":"\u041c\u0430\u043c\u043e\u043d\u044b","pop_total":107119.833450589,"mass_total":36947917.8332404569,"n_hex":21,"sample_h3":"872571601ffffff","log_pop":5.0298698888,"log_mass":7.5675899691},{"country_iso":"RUS","city_id":8177,"city":"Irkutsk","pop_total":236281.4071920337,"mass_total":82150667.1261494756,"n_hex":29,"sample_h3":"8725469b4ffffff","log_pop":5.3734295487,"log_mass":7.9146110946},{"country_iso":"RUS","city_id":8869,"city":"Ulan-Ude","pop_total":228562.2405381925,"mass_total":84525805.6300002486,"n_hex":40,"sample_h3":"872541194ffffff","log_pop":5.3590044847,"log_mass":7.9269893188},{"country_iso":"RUS","city_id":9075,"city":"Yakutsk","pop_total":97395.281772549,"mass_total":74394249.6367042065,"n_hex":30,"sample_h3":"87155d064ffffff","log_pop":4.9885379184,"log_mass":7.8715393677},{"country_iso":"RUS","city_id":9680,"city":"Chita","pop_total":93978.7770843805,"mass_total":47245746.82656876,"n_hex":24,"sample_h3":"8715a0520ffffff","log_pop":4.9730297894,"log_mass":7.6743627184},{"country_iso":"RUS","city_id":10454,"city":"Blagoveshchensk","pop_total":219051.438428048,"mass_total":67101498.4236962125,"n_hex":29,"sample_h3":"8714ae896ffffff","log_pop":5.3405461094,"log_mass":7.8267322184},{"country_iso":"RUS","city_id":11306,"city":"Birobidzhan","pop_total":27558.7455280486,"mass_total":12346957.6549393851,"n_hex":13,"sample_h3":"871488664ffffff","log_pop":4.4402594446,"log_mass":7.0915599587},{"country_iso":"RUS","city_id":11424,"city":"Komsomolsk-on-Amur","pop_total":111784.4101826373,"mass_total":45661263.7087240964,"n_hex":24,"sample_h3":"8714d5a08ffffff","log_pop":5.0483812397,"log_mass":7.6595479267},{"country_iso":"RUS","city_id":11628,"city":"Khabarovsk","pop_total":343621.3891846467,"mass_total":110122786.8685056865,"n_hex":60,"sample_h3":"8714d6400ffffff","log_pop":5.5360801893,"log_mass":8.0418771935},{"country_iso":"RUS","city_id":12155,"city":"Ussurijsk","pop_total":63859.7040329657,"mass_total":26905251.8693884686,"n_hex":18,"sample_h3":"872ec9a09ffffff","log_pop":4.8052269014,"log_mass":7.429837062},{"country_iso":"RUS","city_id":12251,"city":"Vladivostok","pop_total":384412.3277410708,"mass_total":90931814.644177258,"n_hex":71,"sample_h3":"87316c080ffffff","log_pop":5.5847973066,"log_mass":7.958715858},{"country_iso":"RUS","city_id":12388,"city":"Nahodka","pop_total":63634.6349999498,"mass_total":23019424.6532681696,"n_hex":25,"sample_h3":"87316dc08ffffff","log_pop":4.8036935574,"log_mass":7.3620944647},{"country_iso":"RUS","city_id":12643,"city":"Yuzhno-Sakhalinsk","pop_total":80318.9198646517,"mass_total":33183034.504572738,"n_hex":20,"sample_h3":"872e88108ffffff","log_pop":4.9048178594,"log_mass":7.5209160986}]