[{"country_iso": "POL", "city_id": 2907, "city": "Szczecin", "pop_total": 176591.386517494, "mass_total": 63739025.7831545, "log_pop": 5.24697, "log_mass": 7.804405, "log_pop_c": 0.063867, "log_mass_c": 0.071772, "lat": 53.4322888421128, "lon": 14.5353819980254}, {"country_iso": "POL", "city_id": 2937, "city": "Gorz\u00f3w Wielkopolski", "pop_total": 57275.057717889, "mass_total": 21709312.586218, "log_pop": 4.757966, "log_mass": 7.336646, "log_pop_c": -0.425137, "log_mass_c": -0.395987, "lat": 52.7384179804975, "lon": 15.2333084677668}, {"country_iso": "POL", "city_id": 2966, "city": "Koszalin", "pop_total": 59949.5577948972, "mass_total": 21890702.7511143, "log_pop": 4.777786, "log_mass": 7.34026, "log_pop_c": -0.405317, "log_mass_c": -0.392373, "lat": 54.194835252376, "lon": 16.1865059089688}, {"country_iso": "POL", "city_id": 3004, "city": "Wa\u0142brzych", "pop_total": 78297.025449103, "mass_total": 18992210.5007672, "log_pop": 4.893745, "log_mass": 7.278576, "log_pop_c": -0.289357, "log_mass_c": -0.454058, "lat": 50.7876912097418, "lon": 16.2833851057716}, {"country_iso": "POL", "city_id": 3012, "city": "Poznan", "pop_total": 349704.338363106, "mass_total": 139363560.985887, "log_pop": 5.543701, "log_mass": 8.144149, "log_pop_c": 0.360598, "log_mass_c": 0.411516, "lat": 52.4009909160779, "lon": 16.918285288972}, {"country_iso": "POL", "city_id": 3031, "city": "Wroclaw", "pop_total": 335837.650379595, "mass_total": 120701424.026959, "log_pop": 5.526129, "log_mass": 8.081712, "log_pop_c": 0.343027, "log_mass_c": 0.349079, "lat": 51.1077817008963, "lon": 17.0290624268851}, {"country_iso": "POL", "city_id": 3054, "city": "Bydgoszcz", "pop_total": 224146.828877959, "mass_total": 72992833.5063227, "log_pop": 5.350533, "log_mass": 7.86328, "log_pop_c": 0.16743, "log_mass_c": 0.130647, "lat": 53.1296725701593, "lon": 18.0335645036189}, {"country_iso": "POL", "city_id": 3060, "city": "Gdansk", "pop_total": 366596.621823309, "mass_total": 148618141.945236, "log_pop": 5.564188, "log_mass": 8.172072, "log_pop_c": 0.381086, "log_mass_c": 0.439439, "lat": 54.4205461414368, "lon": 18.5868834134782}, {"country_iso": "POL", "city_id": 3085, "city": "Kalisz", "pop_total": 56869.100033488, "mass_total": 20913195.6532803, "log_pop": 4.754876, "log_mass": 7.32042, "log_pop_c": -0.428226, "log_mass_c": -0.412213, "lat": 51.751270953515, "lon": 18.0809797883039}, {"country_iso": "POL", "city_id": 3092, "city": "Opole", "pop_total": 60753.8971765378, "mass_total": 29110482.7774564, "log_pop": 4.783574, "log_mass": 7.464049, "log_pop_c": -0.399528, "log_mass_c": -0.268584, "lat": 50.6672505590979, "lon": 17.9314634318298}, {"country_iso": "POL", "city_id": 3096, "city": "Toru\u0144", "pop_total": 111824.801501577, "mass_total": 43638638.8589048, "log_pop": 5.048538, "log_mass": 7.639871, "log_pop_c": -0.134564, "log_mass_c": -0.092762, "lat": 53.0243711649596, "lon": 18.6296981522196}, {"country_iso": "POL", "city_id": 3130, "city": "Rybnik", "pop_total": 57335.7144197988, "mass_total": 24429147.7908671, "log_pop": 4.758425, "log_mass": 7.387908, "log_pop_c": -0.424677, "log_mass_c": -0.344725, "lat": 50.0754969916868, "lon": 18.5259774172066}, {"country_iso": "POL", "city_id": 3134, "city": "Katowice", "pop_total": 1058145.88394606, "mass_total": 414123875.465196, "log_pop": 6.024546, "log_mass": 8.61713, "log_pop_c": 0.841443, "log_mass_c": 0.884497, "lat": 50.299168196251, "lon": 18.9625118201727}, {"country_iso": "POL", "city_id": 3150, "city": "Cz\u0119stochowa", "pop_total": 122758.575501116, "mass_total": 49450846.1733779, "log_pop": 5.089052, "log_mass": 7.694174, "log_pop_c": -0.094051, "log_mass_c": -0.038459, "lat": 50.8122177734921, "lon": 19.1181705250703}, {"country_iso": "POL", "city_id": 3153, "city": "Lodz", "pop_total": 426056.563990004, "mass_total": 126567793.337003, "log_pop": 5.629467, "log_mass": 8.102323, "log_pop_c": 0.446365, "log_mass_c": 0.36969, "lat": 51.7651977421473, "lon": 19.4501618443017}, {"country_iso": "POL", "city_id": 3156, "city": "Tychy", "pop_total": 71172.5592399915, "mass_total": 25318145.8840389, "log_pop": 4.852313, "log_mass": 7.403432, "log_pop_c": -0.33079, "log_mass_c": -0.329201, "lat": 50.1175697209587, "lon": 19.0014942581204}, {"country_iso": "POL", "city_id": 3159, "city": "P\u0142ock", "pop_total": 52876.7439840812, "mass_total": 20403254.6714465, "log_pop": 4.723265, "log_mass": 7.309699, "log_pop_c": -0.459838, "log_mass_c": -0.422934, "lat": 52.5414811988724, "lon": 19.7174481231333}, {"country_iso": "POL", "city_id": 3161, "city": "Bielsko-Bia\u0142a", "pop_total": 89588.2384659271, "mass_total": 36428833.5522677, "log_pop": 4.952251, "log_mass": 7.561445, "log_pop_c": -0.230852, "log_mass_c": -0.171188, "lat": 49.8229985847483, "lon": 19.0401621377693}, {"country_iso": "POL", "city_id": 3179, "city": "Olsztyn", "pop_total": 92436.555577294, "mass_total": 29914479.8447288, "log_pop": 4.965844, "log_mass": 7.475881, "log_pop_c": -0.217259, "log_mass_c": -0.256752, "lat": 53.7658707882243, "lon": 20.4850408919569}, {"country_iso": "POL", "city_id": 3205, "city": "Krakow", "pop_total": 429812.071077852, "mass_total": 143231660.948036, "log_pop": 5.633279, "log_mass": 8.156039, "log_pop_c": 0.450176, "log_mass_c": 0.423406, "lat": 50.0537154013353, "lon": 19.9855254797394}, {"country_iso": "POL", "city_id": 3216, "city": "Warsaw", "pop_total": 1295613.85207157, "mass_total": 406335897.519842, "log_pop": 6.112476, "log_mass": 8.608885, "log_pop_c": 0.929373, "log_mass_c": 0.876252, "lat": 52.225347622787, "lon": 20.9957274707435}, {"country_iso": "POL", "city_id": 3223, "city": "Kielce", "pop_total": 106267.848521761, "mass_total": 36576393.1471207, "log_pop": 5.026402, "log_mass": 7.563201, "log_pop_c": -0.156701, "log_mass_c": -0.169432, "lat": 50.8763693824944, "lon": 20.6245646460866}, {"country_iso": "POL", "city_id": 3235, "city": "Radom", "pop_total": 111588.594171295, "mass_total": 37822859.9712182, "log_pop": 5.04762, "log_mass": 7.577754, "log_pop_c": -0.135483, "log_mass_c": -0.154879, "lat": 51.3972617214844, "lon": 21.1552495896164}, {"country_iso": "POL", "city_id": 3280, "city": "Rzesz\u00f3w", "pop_total": 123933.876838155, "mass_total": 35849598.3032143, "log_pop": 5.09319, "log_mass": 7.554484, "log_pop_c": -0.089913, "log_mass_c": -0.178149, "lat": 50.0352245238674, "lon": 22.0043106985753}, {"country_iso": "POL", "city_id": 3288, "city": "Bia\u0142ystok", "pop_total": 190287.958557673, "mass_total": 59469689.4544812, "log_pop": 5.279411, "log_mass": 7.774296, "log_pop_c": 0.096309, "log_mass_c": 0.041663, "lat": 53.1337270105449, "lon": 23.146400332531}, {"country_iso": "POL", "city_id": 3289, "city": "Lublin", "pop_total": 211407.838842565, "mass_total": 65518955.694844, "log_pop": 5.325121, "log_mass": 7.816367, "log_pop_c": 0.142019, "log_mass_c": 0.083734, "lat": 51.2385149146925, "lon": 22.5607232479742}]