[{"country_iso":"PRY","city_id":1072,"city":"Concepcion","pop_total":11428.7630172056,"mass_total":2648232.1263887822,"n_hex":5,"sample_h3":"87a864500ffffff","log_pop":4.0579992274,"log_mass":6.4229560498},{"country_iso":"PRY","city_id":1074,"city":"Asuncion","pop_total":1221093.4049850632,"mass_total":202170988.4630687833,"n_hex":126,"sample_h3":"87a94e400ffffff","log_pop":6.0867488857,"log_mass":8.3057188345},{"country_iso":"PRY","city_id":1075,"city":"Horqueta","pop_total":3407.2093919791,"mass_total":685813.2486083318,"n_hex":3,"sample_h3":"87a866908ffffff","log_pop":3.5323988242,"log_mass":5.8362058706},{"country_iso":"PRY","city_id":1079,"city":"Itaugu\u00e1","pop_total":12290.3657663551,"mass_total":2858122.6020579394,"n_hex":9,"sample_h3":"87a9432c9ffffff","log_pop":4.0895648079,"log_mass":6.4560808544},{"country_iso":"PRY","city_id":1086,"city":"Coronel Oviedo","pop_total":18663.3815194971,"mass_total":4867179.3244285779,"n_hex":8,"sample_h3":"87a95ca52ffffff","log_pop":4.2709903341,"log_mass":6.6872773475},{"country_iso":"PRY","city_id":1088,"city":"Villarrica","pop_total":18451.8295889649,"mass_total":3897698.8020001715,"n_hex":7,"sample_h3":"87a943488ffffff","log_pop":4.266039435,"log_mass":6.5908082756},{"country_iso":"PRY","city_id":1090,"city":"Caaguaz\u00fa","pop_total":19741.7842962714,"mass_total":5023919.9737004014,"n_hex":9,"sample_h3":"87a95c009ffffff","log_pop":4.2953864024,"log_mass":6.7010427129},{"country_iso":"PRY","city_id":1108,"city":"Encarnacion","pop_total":22896.1461376489,"mass_total":6571763.0850351024,"n_hex":8,"sample_h3":"87a946449ffffff","log_pop":4.3597623884,"log_mass":6.8176818985},{"country_iso":"PRY","city_id":1118,"city":"Ciudad del Este","pop_total":339994.3364706935,"mass_total":67162030.785393551,"n_hex":57,"sample_h3":"87a95ec00ffffff","log_pop":5.5314716827,"log_mass":7.8271238195}]