[{"country_iso":"BEL","city_id":2075,"city":"Bredene","pop_total":53308.7720954194,"mass_total":23799591.6456850693,"n_hex":14,"sample_h3":"87194d190ffffff","log_pop":4.7267986792,"log_mass":7.3765695055},{"country_iso":"BEL","city_id":2087,"city":"Bruges","pop_total":49846.8591204073,"mass_total":26704328.3161900267,"n_hex":15,"sample_h3":"87194d100ffffff","log_pop":4.6976377984,"log_mass":7.4265816588},{"country_iso":"BEL","city_id":2093,"city":"Kortrijk","pop_total":71505.3000145683,"mass_total":45204025.2842612043,"n_hex":28,"sample_h3":"87194d048ffffff","log_pop":4.8543382332,"log_mass":7.6551771092},{"country_iso":"BEL","city_id":2112,"city":"Ghent","pop_total":195714.396245338,"mass_total":111068976.3027005345,"n_hex":58,"sample_h3":"87194d848ffffff","log_pop":5.2916227724,"log_mass":8.0455927691},{"country_iso":"BEL","city_id":2119,"city":"Mons","pop_total":62432.3503306277,"mass_total":34602470.8769730255,"n_hex":27,"sample_h3":"871fa6124ffffff","log_pop":4.7954096847,"log_mass":7.5391071118},{"country_iso":"BEL","city_id":2129,"city":"La Louvi\u00e8re","pop_total":54713.8235169331,"mass_total":28207262.3668567576,"n_hex":22,"sample_h3":"871fa6165ffffff","log_pop":4.7380970652,"log_mass":7.4503609381},{"country_iso":"BEL","city_id":2133,"city":"Antwerp","pop_total":550669.7237467093,"mass_total":261722861.1047916412,"n_hex":115,"sample_h3":"871fa4114ffffff","log_pop":5.7408911993,"log_mass":8.4178416593},{"country_iso":"BEL","city_id":2135,"city":"Brussels","pop_total":1067366.4617726714,"mass_total":282284205.7004463077,"n_hex":84,"sample_h3":"871fa4400ffffff","log_pop":6.0283135525,"log_mass":8.4506865793},{"country_iso":"BEL","city_id":2142,"city":"Charleroi","pop_total":175379.1676620138,"mass_total":93588321.6230773926,"n_hex":44,"sample_h3":"871fa6324ffffff","log_pop":5.2439780046,"log_mass":7.9712216589},{"country_iso":"BEL","city_id":2149,"city":"Mechelen","pop_total":60957.1095521918,"mass_total":32828013.4410435855,"n_hex":22,"sample_h3":"871fa40b0ffffff","log_pop":4.7850243656,"log_mass":7.5162446026},{"country_iso":"BEL","city_id":2171,"city":"Leuven","pop_total":50362.1474791134,"mass_total":21473132.3963106088,"n_hex":13,"sample_h3":"871fa4710ffffff","log_pop":4.7021042405,"log_mass":7.3318954018},{"country_iso":"BEL","city_id":2208,"city":"Li\u00e8ge","pop_total":259026.5007914038,"mass_total":121412404.680183202,"n_hex":55,"sample_h3":"871fa0100ffffff","log_pop":5.4133441987,"log_mass":8.0842630608}]