[{"country_iso":"BGR","city_id":3381,"city":"Sofia","pop_total":343478.8043932578,"mass_total":142947293.7329531312,"n_hex":52,"sample_h3":"871ec0916ffffff","log_pop":5.5358999425,"log_mass":8.1551759377},{"country_iso":"BGR","city_id":3391,"city":"Buhovo","pop_total":16789.2072656024,"mass_total":8044106.0782157145,"n_hex":8,"sample_h3":"871ec0900ffffff","log_pop":4.2250301906,"log_mass":6.905477789},{"country_iso":"BGR","city_id":3414,"city":"Pleven","pop_total":15287.6055258358,"mass_total":13053439.2105530538,"n_hex":10,"sample_h3":"871ec58c0ffffff","log_pop":4.1843394679,"log_mass":7.115724951},{"country_iso":"BGR","city_id":3427,"city":"Plovdiv","pop_total":167100.4858640844,"mass_total":38514927.6042833552,"n_hex":20,"sample_h3":"871ec1525ffffff","log_pop":5.2229777127,"log_mass":7.5856290859},{"country_iso":"BGR","city_id":3448,"city":"Ruse","pop_total":68493.5633725575,"mass_total":34083534.3287473023,"n_hex":22,"sample_h3":"871eee200ffffff","log_pop":4.8356497609,"log_mass":7.5325446231},{"country_iso":"BGR","city_id":3451,"city":"Stara Zagora","pop_total":16022.8412198104,"mass_total":17103558.8599324673,"n_hex":10,"sample_h3":"871ec1a30ffffff","log_pop":4.204739529,"log_mass":7.2330864866},{"country_iso":"BGR","city_id":3503,"city":"Burgas","pop_total":32683.7984749457,"mass_total":22898682.1699841209,"n_hex":14,"sample_h3":"871eccb44ffffff","log_pop":4.514332524,"log_mass":7.3598104892},{"country_iso":"BGR","city_id":3516,"city":"Varna","pop_total":108173.2227875279,"mass_total":41788390.6498804837,"n_hex":28,"sample_h3":"871eeb8cdffffff","log_pop":5.0341197688,"log_mass":7.621055646}]