[{"country_iso":"DOM","city_id":779,"city":"Barahona","pop_total":33168.1290362751,"mass_total":4886097.3059534635,"n_hex":7,"sample_h3":"874cd2932ffffff","log_pop":4.5207209743,"log_mass":6.6889621116},{"country_iso":"DOM","city_id":780,"city":"San Juan de la Maguana","pop_total":27093.4959454069,"mass_total":4168246.9440730009,"n_hex":6,"sample_h3":"874cd6c40ffffff","log_pop":4.4328650468,"log_mass":6.6199534404},{"country_iso":"DOM","city_id":789,"city":"Mao","pop_total":23948.134168221,"mass_total":4413735.681603427,"n_hex":10,"sample_h3":"874c89030ffffff","log_pop":4.3792716826,"log_mass":6.6448063217},{"country_iso":"DOM","city_id":791,"city":"Azua","pop_total":34307.6837024146,"mass_total":4882281.3806049097,"n_hex":9,"sample_h3":"874cd6364ffffff","log_pop":4.5353913975,"log_mass":6.6886228055},{"country_iso":"DOM","city_id":797,"city":"Santiago de los Caballeros","pop_total":332306.9204863418,"mass_total":49762467.3126866817,"n_hex":55,"sample_h3":"874c89a00ffffff","log_pop":5.5215393858,"log_mass":7.6969019053},{"country_iso":"DOM","city_id":799,"city":"Ban\u00ed","pop_total":32422.6705512926,"mass_total":6769869.7846225975,"n_hex":12,"sample_h3":"874cd0890ffffff","log_pop":4.5108487834,"log_mass":6.8305803153},{"country_iso":"DOM","city_id":801,"city":"Puerto Plata","pop_total":54146.4635164803,"mass_total":9460106.991068067,"n_hex":17,"sample_h3":"874c89945ffffff","log_pop":4.7335700967,"log_mass":6.9758960482},{"country_iso":"DOM","city_id":803,"city":"La Vega","pop_total":36473.4660106285,"mass_total":8674266.7289921902,"n_hex":15,"sample_h3":"874cd4c12ffffff","log_pop":4.5619770355,"log_mass":6.9382327723},{"country_iso":"DOM","city_id":805,"city":"Moca","pop_total":26176.8009215673,"mass_total":4206496.8171176417,"n_hex":9,"sample_h3":"874c89a40ffffff","log_pop":4.4179165701,"log_mass":6.6239205646},{"country_iso":"DOM","city_id":806,"city":"Bonao","pop_total":24736.9618252894,"mass_total":5700827.630894226,"n_hex":15,"sample_h3":"874cd40b0ffffff","log_pop":4.3933463589,"log_mass":6.75593791},{"country_iso":"DOM","city_id":813,"city":"San Crist\u00f3bal","pop_total":53512.8336211167,"mass_total":8480251.4849651288,"n_hex":14,"sample_h3":"874cd0900ffffff","log_pop":4.7284579484,"log_mass":6.9284087316},{"country_iso":"DOM","city_id":815,"city":"San Francisco de Macoris","pop_total":52114.7252997828,"mass_total":8357348.499223684,"n_hex":11,"sample_h3":"874cd4996ffffff","log_pop":4.7169604529,"log_mass":6.9220685125},{"country_iso":"DOM","city_id":816,"city":"Santo Domingo","pop_total":2303420.6736159809,"mass_total":203219329.7979132235,"n_hex":167,"sample_h3":"874cd0909ffffff","log_pop":6.3623732604,"log_mass":8.3079650148},{"country_iso":"DOM","city_id":830,"city":"San Pedro de Macor\u00eds","pop_total":96597.9412025639,"mass_total":11380740.9560895283,"n_hex":16,"sample_h3":"874cd5104ffffff","log_pop":4.9849678704,"log_mass":7.0561705382},{"country_iso":"DOM","city_id":839,"city":"La Romana","pop_total":98546.6850704492,"mass_total":12431133.3847466651,"n_hex":20,"sample_h3":"874cd5849ffffff","log_pop":4.99364202,"log_mass":7.0945107264},{"country_iso":"DOM","city_id":851,"city":"Hig\u00fcey","pop_total":68719.9146672642,"mass_total":7784419.1547162812,"n_hex":10,"sample_h3":"874cc6542ffffff","log_pop":4.8370826115,"log_mass":6.8912262126}]