[{"country_iso":"JAM","city_id":557,"city":"Montego Bay","pop_total":29772.2203848521,"mass_total":8968566.1064943671,"n_hex":17,"sample_h3":"8745b2220ffffff","log_pop":4.4738112251,"log_mass":6.9527230136},{"country_iso":"JAM","city_id":573,"city":"Mandeville","pop_total":8376.6107928239,"mass_total":2629365.319277823,"n_hex":11,"sample_h3":"8745b2c51ffffff","log_pop":3.923068337,"log_mass":6.4198509304},{"country_iso":"JAM","city_id":582,"city":"May Pen","pop_total":14950.6333986675,"mass_total":4191662.0116267698,"n_hex":12,"sample_h3":"8745b2c90ffffff","log_pop":4.1746595924,"log_mass":6.6223862567},{"country_iso":"JAM","city_id":600,"city":"Kingston","pop_total":467787.8764995388,"mass_total":95278489.6731529683,"n_hex":81,"sample_h3":"876732802ffffff","log_pop":5.6700489622,"log_mass":7.9789948642}]