[{"country_iso":"CAN","city_id":160,"city":"Victoria","pop_total":178763.170473284,"mass_total":63318379.7380248308,"n_hex":35,"sample_h3":"8728d1a12ffffff","log_pop":5.2522780485,"log_mass":7.8015297931},{"country_iso":"CAN","city_id":173,"city":"Nanaimo","pop_total":50290.7197927115,"mass_total":27999340.5284384415,"n_hex":22,"sample_h3":"8728dc610ffffff","log_pop":4.7014878516,"log_mass":7.4471478025},{"country_iso":"CAN","city_id":187,"city":"Vancouver","pop_total":1590750.8587788802,"mass_total":455378640.8816556931,"n_hex":204,"sample_h3":"8728de100ffffff","log_pop":6.2016021664,"log_mass":8.6583726566},{"country_iso":"CAN","city_id":194,"city":"White Rock","pop_total":60639.2284897632,"mass_total":20464021.3344063088,"n_hex":18,"sample_h3":"8728d16c1ffffff","log_pop":4.7827536671,"log_mass":7.3109909799},{"country_iso":"CAN","city_id":199,"city":"Langley","pop_total":76723.9640379498,"mass_total":26932072.0608820692,"n_hex":17,"sample_h3":"8728ded09ffffff","log_pop":4.8849310331,"log_mass":7.4302697678},{"country_iso":"CAN","city_id":204,"city":"Maple Ridge","pop_total":58219.1434013707,"mass_total":19782149.2891172767,"n_hex":16,"sample_h3":"8728dec00ffffff","log_pop":4.7650658112,"log_mass":7.296273475},{"country_iso":"CAN","city_id":205,"city":"Abbotsford","pop_total":85613.5297569108,"mass_total":28473664.7222201228,"n_hex":22,"sample_h3":"8728d3a09ffffff","log_pop":4.9325424029,"log_mass":7.4544433669},{"country_iso":"CAN","city_id":348,"city":"Lethbridge","pop_total":42031.8971762658,"mass_total":20609554.7962246016,"n_hex":15,"sample_h3":"8712c8a29ffffff","log_pop":4.623578993,"log_mass":7.3140686103},{"country_iso":"CAN","city_id":361,"city":"Midnapore","pop_total":63420.1046300652,"mass_total":16409648.2551869415,"n_hex":10,"sample_h3":"8712ccc0cffffff","log_pop":4.8022269542,"log_mass":7.2150992719},{"country_iso":"CAN","city_id":362,"city":"Calgary","pop_total":784006.3847600258,"mass_total":285399705.0214402676,"n_hex":116,"sample_h3":"8712cc992ffffff","log_pop":5.8943195995,"log_mass":8.4554535199},{"country_iso":"CAN","city_id":365,"city":"Aurora Business Park","pop_total":39203.2908596898,"mass_total":9739628.863739755,"n_hex":7,"sample_h3":"8712ea68dffffff","log_pop":4.5933225247,"log_mass":6.9885424081},{"country_iso":"CAN","city_id":389,"city":"Red Deer","pop_total":68567.8905597922,"mass_total":34027604.857160911,"n_hex":21,"sample_h3":"8712ea904ffffff","log_pop":4.8361207889,"log_mass":7.531831381},{"country_iso":"CAN","city_id":403,"city":"Edmonton","pop_total":751580.0295273922,"mass_total":354207170.7494911551,"n_hex":121,"sample_h3":"8712e1240ffffff","log_pop":5.8759752318,"log_mass":8.549257349},{"country_iso":"CAN","city_id":457,"city":"Regina","pop_total":156872.56894067,"mass_total":68670353.5035156161,"n_hex":29,"sample_h3":"8727a0068ffffff","log_pop":5.1955470086,"log_mass":7.8367692831},{"country_iso":"CAN","city_id":462,"city":"Saskatoon","pop_total":181961.0874353225,"mass_total":72961676.6275869161,"n_hex":32,"sample_h3":"871259081ffffff","log_pop":5.2599785236,"log_mass":7.8630948053},{"country_iso":"CAN","city_id":625,"city":"Winnipeg","pop_total":545916.740046279,"mass_total":210118279.5292083323,"n_hex":78,"sample_h3":"8727022caffffff","log_pop":5.7371264118,"log_mass":8.3224638361},{"country_iso":"CAN","city_id":773,"city":"Thunder Bay","pop_total":62575.5140792433,"mass_total":31363190.8735563755,"n_hex":18,"sample_h3":"872770c13ffffff","log_pop":4.7964044262,"log_mass":7.4964202411},{"country_iso":"CAN","city_id":812,"city":"Sarnia","pop_total":75251.2231666442,"mass_total":45539828.320673272,"n_hex":29,"sample_h3":"872ab600bffffff","log_pop":4.8765135635,"log_mass":7.658391389},{"country_iso":"CAN","city_id":834,"city":"London","pop_total":254297.7577744405,"mass_total":83237798.7458432168,"n_hex":44,"sample_h3":"872ab4600ffffff","log_pop":5.4053425309,"log_mass":7.9203205866},{"country_iso":"CAN","city_id":837,"city":"Sault Ste. Marie","pop_total":53831.6365998653,"mass_total":33920296.8717845976,"n_hex":19,"sample_h3":"872763a09ffffff","log_pop":4.7310375835,"log_mass":7.5304596446},{"country_iso":"CAN","city_id":865,"city":"Kitchener","pop_total":235669.1967889014,"mass_total":77262779.3436356485,"n_hex":39,"sample_h3":"872ab4808ffffff","log_pop":5.3723028216,"log_mass":7.8879703268},{"country_iso":"CAN","city_id":866,"city":"Brantford","pop_total":68608.0417476509,"mass_total":25089132.0223603472,"n_hex":17,"sample_h3":"872ab4a00ffffff","log_pop":4.8363750236,"log_mass":7.3994856368},{"country_iso":"CAN","city_id":870,"city":"Cambridge","pop_total":90571.0588836449,"mass_total":35053466.2717696279,"n_hex":24,"sample_h3":"872ab4840ffffff","log_pop":4.9569894452,"log_mass":7.5447309698},{"country_iso":"CAN","city_id":873,"city":"Guelph","pop_total":78959.5221352214,"mass_total":29680234.2072691061,"n_hex":20,"sample_h3":"872ab4940ffffff","log_pop":4.8974045113,"log_mass":7.4724673236},{"country_iso":"CAN","city_id":875,"city":"Toronto","pop_total":4834099.2925568502,"mass_total":1374184799.3658699989,"n_hex":450,"sample_h3":"872b98658ffffff","log_pop":6.6843155666,"log_mass":9.1380451403},{"country_iso":"CAN","city_id":881,"city":"Milton","pop_total":65768.2793912233,"mass_total":22531111.6295351535,"n_hex":14,"sample_h3":"872b9b404ffffff","log_pop":4.8180164801,"log_mass":7.3527826193},{"country_iso":"CAN","city_id":885,"city":"St. Catharines","pop_total":113715.6403706526,"mass_total":49944525.1458621696,"n_hex":27,"sample_h3":"872b9b040ffffff","log_pop":5.0558202014,"log_mass":7.6984878884},{"country_iso":"CAN","city_id":893,"city":"Newmarket","pop_total":100489.4219485044,"mass_total":31781580.4011128694,"n_hex":20,"sample_h3":"872b98690ffffff","log_pop":5.002120348,"log_mass":7.5021754895},{"country_iso":"CAN","city_id":894,"city":"Barrie","pop_total":92339.1124097438,"mass_total":30948090.5754460171,"n_hex":23,"sample_h3":"872b9a840ffffff","log_pop":4.9653856957,"log_mass":7.4906338592},{"country_iso":"CAN","city_id":899,"city":"Oshawa","pop_total":221010.7244650257,"mass_total":78328302.7873218358,"n_hex":38,"sample_h3":"872b98290ffffff","log_pop":5.3444133482,"log_mass":7.8939187164},{"country_iso":"CAN","city_id":917,"city":"Peterborough","pop_total":39457.6606717531,"mass_total":13409707.5370761417,"n_hex":11,"sample_h3":"872b98aa2ffffff","log_pop":4.5961313336,"log_mass":7.1274193061},{"country_iso":"CAN","city_id":959,"city":"Kingston","pop_total":73236.1819381489,"mass_total":26333648.7804966904,"n_hex":17,"sample_h3":"872b9da08ffffff","log_pop":4.8647256949,"log_mass":7.420511039},{"country_iso":"CAN","city_id":985,"city":"Kanata","pop_total":57051.3413782088,"mass_total":15589560.5942987464,"n_hex":16,"sample_h3":"872b83a10ffffff","log_pop":4.7562658599,"log_mass":7.1928338744},{"country_iso":"CAN","city_id":988,"city":"Honey Gables","pop_total":59986.8313784647,"mass_total":12822540.4501316249,"n_hex":11,"sample_h3":"872b83a08ffffff","log_pop":4.7780559223,"log_mass":7.1079740778},{"country_iso":"CAN","city_id":989,"city":"Ottawa","pop_total":544834.7578303163,"mass_total":158895636.0769750476,"n_hex":71,"sample_h3":"872b8148bffffff","log_pop":5.7362648057,"log_mass":8.2011119699},{"country_iso":"CAN","city_id":1002,"city":"Orl\u00e9ans","pop_total":83122.5166209765,"mass_total":20266574.5760885701,"n_hex":15,"sample_h3":"872b814c0ffffff","log_pop":4.9197186835,"log_mass":7.3067803511},{"country_iso":"CAN","city_id":1013,"city":"Vaudreuil-Dorion","pop_total":38002.6815093444,"mass_total":14246005.4368747063,"n_hex":14,"sample_h3":"872b81b09ffffff","log_pop":4.579814242,"log_mass":7.1536931058},{"country_iso":"CAN","city_id":1017,"city":"Montreal","pop_total":2499801.0762760085,"mass_total":712553757.0277308226,"n_hex":241,"sample_h3":"872b81b21ffffff","log_pop":6.3979054507,"log_mass":8.8528176343},{"country_iso":"CAN","city_id":1021,"city":"Saint-J\u00e9r\u00f4me","pop_total":46465.2474872398,"mass_total":17856762.3449847139,"n_hex":12,"sample_h3":"872b81944ffffff","log_pop":4.6671282547,"log_mass":7.2518027187},{"country_iso":"CAN","city_id":1026,"city":"Terrebonne","pop_total":67699.8680280719,"mass_total":23190217.3314705156,"n_hex":17,"sample_h3":"872baa420ffffff","log_pop":4.8305878221,"log_mass":7.3653048187},{"country_iso":"CAN","city_id":1027,"city":"Saint-Jean-sur-Richelieu","pop_total":55592.5006593748,"mass_total":22942305.7907875516,"n_hex":16,"sample_h3":"872baa0c8ffffff","log_pop":4.7450162099,"log_mass":7.360637064},{"country_iso":"CAN","city_id":1030,"city":"Repentigny","pop_total":79982.3195837022,"mass_total":25614986.3034799919,"n_hex":16,"sample_h3":"872baa52dffffff","log_pop":4.902993995,"log_mass":7.408494128},{"country_iso":"CAN","city_id":1041,"city":"Sherbrooke","pop_total":84319.8385821249,"mass_total":30694925.9403145537,"n_hex":20,"sample_h3":"872ba8700ffffff","log_pop":4.9259297665,"log_mass":7.4870665899},{"country_iso":"CAN","city_id":1044,"city":"Trois-Rivi\u00e8res","pop_total":80310.8562666707,"mass_total":36195173.7293337882,"n_hex":20,"sample_h3":"872bae0c2ffffff","log_pop":4.9047742563,"log_mass":7.5586506655},{"country_iso":"CAN","city_id":1048,"city":"Quebec","pop_total":456059.5669899044,"mass_total":157290793.865288198,"n_hex":72,"sample_h3":"872ba1241ffffff","log_pop":5.6590215706,"log_mass":8.1967033044},{"country_iso":"CAN","city_id":1112,"city":"Moncton","pop_total":44967.1046875121,"mass_total":16327938.1364116203,"n_hex":18,"sample_h3":"872b00612ffffff","log_pop":4.6528949254,"log_mass":7.2129313462},{"country_iso":"CAN","city_id":1115,"city":"Halifax","pop_total":143134.6654679948,"mass_total":47024365.9790201262,"n_hex":34,"sample_h3":"872b012c8ffffff","log_pop":5.1557448273,"log_mass":7.6723229487}]