[{"country_iso":"SOM","city_id":5572,"city":"Kismayo","pop_total":1000.0754638158,"mass_total":3301744.4101773901,"n_hex":6,"sample_h3":"877a2b60affffff","log_pop":3.0000327723,"log_mass":6.5187434513},{"country_iso":"SOM","city_id":5596,"city":"Borama","pop_total":458.8353145366,"mass_total":1712417.0837102253,"n_hex":5,"sample_h3":"8752d2344ffffff","log_pop":2.6616568363,"log_mass":6.2336095519},{"country_iso":"SOM","city_id":5614,"city":"Diinsoor","pop_total":0.8496082723,"mass_total":25492.2343420953,"n_hex":1,"sample_h3":"877a0a65cffffff","log_pop":-0.0707812677,"log_mass":4.4064079022},{"country_iso":"SOM","city_id":5680,"city":"Baidoa","pop_total":124.1152514617,"mass_total":1173161.8781644055,"n_hex":4,"sample_h3":"877a19709ffffff","log_pop":2.0938251515,"log_mass":6.0693579422},{"country_iso":"SOM","city_id":5685,"city":"Hargeisa","pop_total":9789.2907697809,"mass_total":15849430.7455194499,"n_hex":19,"sample_h3":"8752d3281ffffff","log_pop":3.9907512285,"log_mass":7.2000136685},{"country_iso":"SOM","city_id":5696,"city":"Hudur","pop_total":2.5001144409,"mass_total":17495.0112409937,"n_hex":1,"sample_h3":"877af5900ffffff","log_pop":0.3979598886,"log_mass":4.2429142259},{"country_iso":"SOM","city_id":5709,"city":"Barawa","pop_total":139.8139697309,"mass_total":1017982.2194598834,"n_hex":3,"sample_h3":"877a0e554ffffff","log_pop":2.1455505668,"log_mass":6.0077401925},{"country_iso":"SOM","city_id":5710,"city":"Buurhakaba","pop_total":17.1917716861,"mass_total":180684.2104565277,"n_hex":1,"sample_h3":"877a19cf1ffffff","log_pop":1.2353206349,"log_mass":5.2569202023},{"country_iso":"SOM","city_id":5730,"city":"Qoryooley","pop_total":5.4567196369,"mass_total":59247.3460989984,"n_hex":1,"sample_h3":"877a1dc51ffffff","log_pop":0.7369316406,"log_mass":4.7726689015},{"country_iso":"SOM","city_id":5732,"city":"Berbera","pop_total":16.1620942642,"mass_total":35633.4020031288,"n_hex":3,"sample_h3":"8752dc510ffffff","log_pop":1.2084976354,"log_mass":4.5518572874},{"country_iso":"SOM","city_id":5739,"city":"Ceel-Caddow","pop_total":382.4519616473,"mass_total":312736.6390270825,"n_hex":5,"sample_h3":"877a1dc24ffffff","log_pop":2.5825768928,"log_mass":5.4951787645},{"country_iso":"SOM","city_id":5742,"city":"Merca","pop_total":1170.1339343482,"mass_total":1074283.6825842205,"n_hex":9,"sample_h3":"877a1dc34ffffff","log_pop":3.0682355742,"log_mass":6.0311189792},{"country_iso":"SOM","city_id":5745,"city":"Dara Salaam","pop_total":13.9000576552,"mass_total":58327.4617252022,"n_hex":3,"sample_h3":"877a1c26cffffff","log_pop":1.1430166016,"log_mass":4.7658730774},{"country_iso":"SOM","city_id":5750,"city":"Xawo Tako","pop_total":5.4982656175,"mass_total":68962.107209955,"n_hex":2,"sample_h3":"877a18104ffffff","log_pop":0.7402257165,"log_mass":4.8386105233},{"country_iso":"SOM","city_id":5762,"city":"Burao","pop_total":715.1535409927,"mass_total":3177841.6576857725,"n_hex":6,"sample_h3":"8752d8541ffffff","log_pop":2.8543992933,"log_mass":6.5021322538},{"country_iso":"SOM","city_id":5765,"city":"Mogadishu","pop_total":336185.0362025799,"mass_total":42699972.4444541186,"n_hex":29,"sample_h3":"877a1c0d1ffffff","log_pop":5.5265783788,"log_mass":7.6304275948},{"country_iso":"SOM","city_id":5809,"city":"Dhuusamareeb \u062f\u0648\u0633\u0645\u0631\u064a\u0628","pop_total":20.6649498504,"mass_total":261182.6116839119,"n_hex":3,"sample_h3":"877aab09affffff","log_pop":1.3152343557,"log_mass":5.4169442603},{"country_iso":"SOM","city_id":5827,"city":"Erigavo","pop_total":6.1133956313,"mass_total":77104.5308800736,"n_hex":1,"sample_h3":"8752ca81affffff","log_pop":0.7862825023,"log_mass":4.8870798992},{"country_iso":"SOM","city_id":5837,"city":"Galkayo","pop_total":343.6616356004,"mass_total":4269054.9373161141,"n_hex":8,"sample_h3":"877a8e126ffffff","log_pop":2.5361310527,"log_mass":6.6303317437}]