[{"country_iso": "ZMB", "city_id": 3786, "city": "Chingola", "pop_total": 89098.959026993, "mass_total": 30936166.2793933, "log_pop": 4.949873, "log_mass": 7.490466, "log_pop_c": -0.203179, "log_mass_c": -0.026645, "lat": -12.5352266096938, "lon": 27.8632632596341}, {"country_iso": "ZMB", "city_id": 3798, "city": "Lusaka", "pop_total": 1229747.72573117, "mass_total": 146618581.158042, "log_pop": 6.089816, "log_mass": 8.166189, "log_pop_c": 0.936764, "log_mass_c": 0.649078, "lat": -15.4024812149811, "lon": 28.299745677523}, {"country_iso": "ZMB", "city_id": 3811, "city": "Kitwe", "pop_total": 189633.500272173, "mass_total": 45806111.9850153, "log_pop": 5.277915, "log_mass": 7.660923, "log_pop_c": 0.124863, "log_mass_c": 0.143812, "lat": -12.8125828703307, "lon": 28.2172570766031}, {"country_iso": "ZMB", "city_id": 3822, "city": "Kabwe", "pop_total": 51199.0234945223, "mass_total": 16826816.0540504, "log_pop": 4.709262, "log_mass": 7.226002, "log_pop_c": -0.44379, "log_mass_c": -0.291109, "lat": -14.4327939125455, "lon": 28.4400673358279}, {"country_iso": "ZMB", "city_id": 3859, "city": "Ndola", "pop_total": 155125.982167745, "mass_total": 38854386.2786166, "log_pop": 5.190685, "log_mass": 7.58944, "log_pop_c": 0.037633, "log_mass_c": 0.072329, "lat": -12.9803629086108, "lon": 28.631703517624}, {"country_iso": "ZMB", "city_id": 4432, "city": "Tunduma", "pop_total": 50206.632854731, "mass_total": 9324975.18562376, "log_pop": 4.700761, "log_mass": 6.969648, "log_pop_c": -0.452291, "log_mass_c": -0.547464, "lat": -9.31219692591988, "lon": 32.7628075248676}]