[{"country_iso":"ETH","city_id":4568,"city":"Asosa","pop_total":2774.2074788262,"mass_total":361994.5780212661,"n_hex":3,"sample_h3":"876a61998ffffff","log_pop":3.4431389382,"log_mass":5.5587020657},{"country_iso":"ETH","city_id":4569,"city":"Beigi","pop_total":160.4674034119,"mass_total":31270.5259705231,"n_hex":1,"sample_h3":"876a617b2ffffff","log_pop":2.2053868252,"log_mass":4.4951351861},{"country_iso":"ETH","city_id":4576,"city":"K'Idame Gebeya","pop_total":77.494966507,"mass_total":23686.0034360998,"n_hex":1,"sample_h3":"876a6eda2ffffff","log_pop":1.8892734949,"log_mass":4.3744917879},{"country_iso":"ETH","city_id":4577,"city":"Gambela","pop_total":1759.7110977173,"mass_total":338475.1200487134,"n_hex":3,"sample_h3":"876a45853ffffff","log_pop":3.2454413729,"log_mass":5.5295267509},{"country_iso":"ETH","city_id":4582,"city":"Bambasi","pop_total":68.8427009583,"mass_total":10477.9834996948,"n_hex":1,"sample_h3":"876a61023ffffff","log_pop":1.837857901,"log_mass":4.0202777102},{"country_iso":"ETH","city_id":4590,"city":"Dambidollo","pop_total":494.7434520721,"mass_total":101447.1269155249,"n_hex":3,"sample_h3":"876a6e402ffffff","log_pop":2.694380055,"log_mass":5.0062397519},{"country_iso":"ETH","city_id":4610,"city":"Mendi","pop_total":131.7196047989,"mass_total":43658.1741682668,"n_hex":2,"sample_h3":"876a61ad1ffffff","log_pop":2.119650419,"log_mass":4.6400655691},{"country_iso":"ETH","city_id":4611,"city":"Kakie","pop_total":161.2298431396,"mass_total":25737.3846716641,"n_hex":2,"sample_h3":"876a6e106ffffff","log_pop":2.2074454315,"log_mass":4.4105644136},{"country_iso":"ETH","city_id":4635,"city":"Meti Chafi \/ Tilk u Meti","pop_total":95.3717899323,"mass_total":12567.1971557491,"n_hex":2,"sample_h3":"876a41a16ffffff","log_pop":1.9794199335,"log_mass":4.0992384284},{"country_iso":"ETH","city_id":4646,"city":"Tepi","pop_total":849.4882049561,"mass_total":44631.9476050499,"n_hex":2,"sample_h3":"876a41a18ffffff","log_pop":2.9291573531,"log_mass":4.6496458386},{"country_iso":"ETH","city_id":4650,"city":"Manasebo","pop_total":47.0922625065,"mass_total":78029.8932768168,"n_hex":2,"sample_h3":"875292a98ffffff","log_pop":1.6729495562,"log_mass":4.8922610129},{"country_iso":"ETH","city_id":4655,"city":"Gore","pop_total":49.8113937378,"mass_total":11494.5748715912,"n_hex":1,"sample_h3":"876a6a8abffffff","log_pop":1.6973286936,"log_mass":4.0604929135},{"country_iso":"ETH","city_id":4657,"city":"Metu","pop_total":238.8657646179,"mass_total":112268.4717376519,"n_hex":2,"sample_h3":"876a6a821ffffff","log_pop":2.3781539091,"log_mass":5.0502578108},{"country_iso":"ETH","city_id":4670,"city":"Ghimbi","pop_total":339.872889687,"mass_total":64337.6569359541,"n_hex":3,"sample_h3":"876a6c61affffff","log_pop":2.531316524,"log_mass":4.8084652406},{"country_iso":"ETH","city_id":4675,"city":"Daka","pop_total":560.2276039124,"mass_total":48839.4431466425,"n_hex":1,"sample_h3":"876a6a755ffffff","log_pop":2.7483645039,"log_mass":4.6887707036},{"country_iso":"ETH","city_id":4678,"city":"Metema \u1218\u1270\u121b","pop_total":375.3080689683,"mass_total":114711.4612052941,"n_hex":3,"sample_h3":"8752b345affffff","log_pop":2.5743879017,"log_mass":5.0596068119},{"country_iso":"ETH","city_id":4681,"city":"Shewa Ghimira","pop_total":153.3884887695,"mass_total":13209.5362365759,"n_hex":1,"sample_h3":"876a4cc89ffffff","log_pop":2.1857927687,"log_mass":4.1208875706},{"country_iso":"ETH","city_id":4682,"city":"Chena","pop_total":160.5795888901,"mass_total":45099.0649255743,"n_hex":2,"sample_h3":"876a4cc2cffffff","log_pop":2.2056903417,"log_mass":4.6541675374},{"country_iso":"ETH","city_id":4684,"city":"Jemu","pop_total":13.7249391051,"mass_total":17913.8771138821,"n_hex":2,"sample_h3":"876a4c4a1ffffff","log_pop":1.1375104262,"log_mass":4.2531895907},{"country_iso":"ETH","city_id":4694,"city":"Berciuma","pop_total":55.9098277092,"mass_total":30866.1515040559,"n_hex":1,"sample_h3":"876a4c555ffffff","log_pop":1.7474881539,"log_mass":4.4894824836},{"country_iso":"ETH","city_id":4705,"city":"Shehibi","pop_total":791.3490743637,"mass_total":52920.9316462615,"n_hex":2,"sample_h3":"8752b36f0ffffff","log_pop":2.8983680987,"log_mass":4.7236274811},{"country_iso":"ETH","city_id":4726,"city":"Jawi","pop_total":116.0640716553,"mass_total":78067.8826719608,"n_hex":1,"sample_h3":"875290ac4ffffff","log_pop":2.064697802,"log_mass":4.8924724008},{"country_iso":"ETH","city_id":4727,"city":"Shira","pop_total":63.7132091522,"mass_total":20872.8836243348,"n_hex":1,"sample_h3":"876a6a269ffffff","log_pop":1.8042294805,"log_mass":4.3195824517},{"country_iso":"ETH","city_id":4731,"city":"Chagni","pop_total":1713.7330460791,"mass_total":193189.4976906365,"n_hex":3,"sample_h3":"875293821ffffff","log_pop":3.2339431714,"log_mass":5.2859835133},{"country_iso":"ETH","city_id":4732,"city":"Bedele","pop_total":243.8033767999,"mass_total":143014.6613511957,"n_hex":3,"sample_h3":"876a68740ffffff","log_pop":2.3870397165,"log_mass":5.1553805621},{"country_iso":"ETH","city_id":4737,"city":"Gechi","pop_total":15.5974788666,"mass_total":4408.866674819,"n_hex":1,"sample_h3":"876a68646ffffff","log_pop":1.1930544059,"log_mass":3.6443269659},{"country_iso":"ETH","city_id":4741,"city":"Lieca","pop_total":182.1289466147,"mass_total":95636.198679096,"n_hex":3,"sample_h3":"876a68320ffffff","log_pop":2.2603789758,"log_mass":4.9806223056},{"country_iso":"ETH","city_id":4742,"city":"Nekemte","pop_total":3541.345560575,"mass_total":581696.7302206162,"n_hex":5,"sample_h3":"876a68b0cffffff","log_pop":3.5491683068,"log_mass":5.7646966226},{"country_iso":"ETH","city_id":4751,"city":"Gutin","pop_total":78.9766311646,"mass_total":20419.6418189584,"n_hex":1,"sample_h3":"876a6dcc8ffffff","log_pop":1.8974986045,"log_mass":4.3100481199},{"country_iso":"ETH","city_id":4752,"city":"Shebe","pop_total":124.508026123,"mass_total":28961.3309239549,"n_hex":2,"sample_h3":"876a6b452ffffff","log_pop":2.0951973481,"log_mass":4.4618185161},{"country_iso":"ETH","city_id":4759,"city":"Agaro","pop_total":563.1161581376,"mass_total":167480.8293457144,"n_hex":4,"sample_h3":"876a6b1a0ffffff","log_pop":2.7505979892,"log_mass":5.2239651028},{"country_iso":"ETH","city_id":4760,"city":"Yanfa","pop_total":9.5670163631,"mass_total":6890.9347021206,"n_hex":1,"sample_h3":"876a6b91bffffff","log_pop":0.9807765168,"log_mass":3.8382781346},{"country_iso":"ETH","city_id":4763,"city":"Shahura (Alefa)","pop_total":192.8808054924,"mass_total":163278.1617150228,"n_hex":1,"sample_h3":"875295676ffffff","log_pop":2.285289011,"log_mass":5.2129281022},{"country_iso":"ETH","city_id":4765,"city":"Dangla","pop_total":3816.900992674,"mass_total":493305.5167243464,"n_hex":3,"sample_h3":"87529150dffffff","log_pop":3.5817108948,"log_mass":5.6931159723},{"country_iso":"ETH","city_id":4766,"city":"Bitilta Zebraro","pop_total":57.8128266335,"mass_total":130095.3462425872,"n_hex":1,"sample_h3":"875293a31ffffff","log_pop":1.7620242038,"log_mass":5.1142617613},{"country_iso":"ETH","city_id":4769,"city":"Achefer","pop_total":154.0022179996,"mass_total":86617.84560719,"n_hex":2,"sample_h3":"875291d58ffffff","log_pop":2.1875269758,"log_mass":4.9376073776},{"country_iso":"ETH","city_id":4770,"city":"Jinka","pop_total":21.6884002686,"mass_total":13583.2909713854,"n_hex":1,"sample_h3":"876a4846affffff","log_pop":1.3362275197,"log_mass":4.1330050039},{"country_iso":"ETH","city_id":4773,"city":"Addis Kidan","pop_total":805.7879600525,"mass_total":180581.2812267964,"n_hex":1,"sample_h3":"87529140bffffff","log_pop":2.9062207739,"log_mass":5.25667273},{"country_iso":"ETH","city_id":4776,"city":"Liben Medhane `Alem Bete Kristiyan","pop_total":123.1139541289,"mass_total":30619.6883412894,"n_hex":2,"sample_h3":"875291d6cffffff","log_pop":2.09030728,"log_mass":4.486000766},{"country_iso":"ETH","city_id":4777,"city":"Katab","pop_total":337.7559776306,"mass_total":31877.3642995993,"n_hex":1,"sample_h3":"875293b73ffffff","log_pop":2.5286030439,"log_mass":4.5034824057},{"country_iso":"ETH","city_id":4780,"city":"Durbete","pop_total":1319.1193484213,"mass_total":406279.9935553431,"n_hex":3,"sample_h3":"875291194ffffff","log_pop":3.1202840905,"log_mass":5.6088254369},{"country_iso":"ETH","city_id":4781,"city":"Amaya","pop_total":95.8186292648,"mass_total":37057.9442383391,"n_hex":1,"sample_h3":"876a4ca5bffffff","log_pop":1.9814499538,"log_mass":4.5688813235},{"country_iso":"ETH","city_id":4782,"city":"Aykel","pop_total":2002.8341428345,"mass_total":261052.2943208632,"n_hex":3,"sample_h3":"875295a14ffffff","log_pop":3.3016449863,"log_mass":5.4167275145},{"country_iso":"ETH","city_id":4783,"city":"Enjebara","pop_total":4602.2747979183,"mass_total":531630.0602706441,"n_hex":3,"sample_h3":"8752914c8ffffff","log_pop":3.6629725465,"log_mass":5.7256095295},{"country_iso":"ETH","city_id":4787,"city":"Delgi","pop_total":1058.9692718356,"mass_total":160667.3257695452,"n_hex":3,"sample_h3":"8752953a8ffffff","log_pop":3.0248833583,"log_mass":5.2059275651},{"country_iso":"ETH","city_id":4789,"city":"Kunzila","pop_total":92.9512124604,"mass_total":31089.2312825496,"n_hex":2,"sample_h3":"875291914ffffff","log_pop":1.9682550591,"log_mass":4.4926099837},{"country_iso":"ETH","city_id":4790,"city":"Shendie Gebreal","pop_total":261.6412134171,"mass_total":111872.0929316672,"n_hex":2,"sample_h3":"875293ae8ffffff","log_pop":2.4177061546,"log_mass":5.048721763},{"country_iso":"ETH","city_id":4797,"city":"Cima","pop_total":2098.8417400585,"mass_total":240232.5917316662,"n_hex":2,"sample_h3":"8752916b2ffffff","log_pop":3.3219796925,"log_mass":5.3806319267},{"country_iso":"ETH","city_id":4798,"city":"Tulu Wayo","pop_total":54.2490149255,"mass_total":12009.8764171121,"n_hex":3,"sample_h3":"876a6d028ffffff","log_pop":1.7343918565,"log_mass":4.0795385385},{"country_iso":"ETH","city_id":4799,"city":"Gube Guto","pop_total":7.7316530162,"mass_total":17062.2913699942,"n_hex":2,"sample_h3":"876a69585ffffff","log_pop":0.8882723554,"log_mass":4.2320373541},{"country_iso":"ETH","city_id":4801,"city":"Jimma","pop_total":5447.7691084768,"mass_total":682982.2357437407,"n_hex":4,"sample_h3":"876a6b0c1ffffff","log_pop":3.7362186927,"log_mass":5.8344094079},{"country_iso":"ETH","city_id":4804,"city":"Kuch","pop_total":1311.1200574538,"mass_total":240177.0288565177,"n_hex":3,"sample_h3":"875293369ffffff","log_pop":3.1176424613,"log_mass":5.380531468},{"country_iso":"ETH","city_id":4807,"city":"Burie","pop_total":1963.9984979069,"mass_total":324262.755365582,"n_hex":4,"sample_h3":"875293a48ffffff","log_pop":3.2931411513,"log_mass":5.5108970687},{"country_iso":"ETH","city_id":4809,"city":"Bila","pop_total":121.0567836761,"mass_total":32001.8676986625,"n_hex":1,"sample_h3":"876a6b75cffffff","log_pop":2.0829891311,"log_mass":4.5051753254},{"country_iso":"ETH","city_id":4810,"city":"Bulk'I Sudan Intiriyer Misiyon","pop_total":77.6852449155,"mass_total":104206.3687434803,"n_hex":1,"sample_h3":"876a48bb0ffffff","log_pop":1.8903385393,"log_mass":5.0178942624},{"country_iso":"ETH","city_id":4811,"city":"Chwahit","pop_total":712.728723526,"mass_total":90885.6764410394,"n_hex":1,"sample_h3":"875295366ffffff","log_pop":2.8529242616,"log_mass":4.9584954439},{"country_iso":"ETH","city_id":4813,"city":"Merawi","pop_total":2663.2284686743,"mass_total":384178.0535583918,"n_hex":4,"sample_h3":"875291020ffffff","log_pop":3.4254084246,"log_mass":5.5845325519},{"country_iso":"ETH","city_id":4815,"city":"Jimma","pop_total":5.9412395272,"mass_total":17623.1189758539,"n_hex":2,"sample_h3":"876a6948cffffff","log_pop":0.7738770618,"log_mass":4.2460827732},{"country_iso":"ETH","city_id":4826,"city":"Sekela","pop_total":181.0566310883,"mass_total":30375.4622043301,"n_hex":1,"sample_h3":"876a6da94ffffff","log_pop":2.2578144352,"log_mass":4.482522895},{"country_iso":"ETH","city_id":4829,"city":"Adi Tuoldemedhin","pop_total":10.043182373,"mass_total":15600.3043130714,"n_hex":1,"sample_h3":"875286131ffffff","log_pop":1.0018713491,"log_mass":4.1931330702},{"country_iso":"ETH","city_id":4830,"city":"Bako","pop_total":195.1363680372,"mass_total":116228.3289668312,"n_hex":2,"sample_h3":"876a6d658ffffff","log_pop":2.2903382175,"log_mass":5.0653119939},{"country_iso":"ETH","city_id":4833,"city":"Shambu","pop_total":2633.6412296295,"mass_total":263721.4753182092,"n_hex":2,"sample_h3":"876a6d06bffffff","log_pop":3.4205566125,"log_mass":5.4211454966},{"country_iso":"ETH","city_id":4834,"city":"Dembea","pop_total":1204.8323917389,"mass_total":153282.3826681806,"n_hex":2,"sample_h3":"875282d84ffffff","log_pop":3.080926635,"log_mass":5.1854922426},{"country_iso":"ETH","city_id":4835,"city":"Gish Abay","pop_total":1169.7749400345,"mass_total":257572.6728183339,"n_hex":3,"sample_h3":"875291600ffffff","log_pop":3.0681023133,"log_mass":5.4108997846},{"country_iso":"ETH","city_id":4838,"city":"Hareto","pop_total":264.6566028595,"mass_total":78090.9268952414,"n_hex":1,"sample_h3":"876a6d399ffffff","log_pop":2.4226827336,"log_mass":4.8926005777},{"country_iso":"ETH","city_id":4842,"city":"Aszimew","pop_total":845.2601032481,"mass_total":260296.8702939413,"n_hex":3,"sample_h3":"875286612ffffff","log_pop":2.9269903705,"log_mass":5.4154689464},{"country_iso":"ETH","city_id":4843,"city":"Esara (Balle)","pop_total":40.6529650688,"mass_total":21477.7031686898,"n_hex":1,"sample_h3":"876a4dccdffffff","log_pop":1.6090922268,"log_mass":4.3319878359},{"country_iso":"ETH","city_id":4847,"city":"Gonder","pop_total":56586.5139585701,"mass_total":3467574.2297434676,"n_hex":9,"sample_h3":"875282d20ffffff","log_pop":4.7527129398,"log_mass":6.5400257667},{"country_iso":"ETH","city_id":4849,"city":"Bahir Dar","pop_total":104074.9483859287,"mass_total":4532894.8439659765,"n_hex":12,"sample_h3":"875291b80ffffff","log_pop":5.0173462042,"log_mass":6.6563756442},{"country_iso":"ETH","city_id":4859,"city":"Wad","pop_total":36.1961569786,"mass_total":84174.122555851,"n_hex":1,"sample_h3":"87529ec5cffffff","log_pop":1.558662463,"log_mass":4.9251785979},{"country_iso":"ETH","city_id":4860,"city":"Jiga","pop_total":28.2824573517,"mass_total":12852.7450425716,"n_hex":1,"sample_h3":"87529ed49ffffff","log_pop":1.4515171409,"log_mass":4.1089958926},{"country_iso":"ETH","city_id":4861,"city":"Medale","pop_total":18.5307060429,"mass_total":7654.2346378512,"n_hex":2,"sample_h3":"876a6ba40ffffff","log_pop":1.2678919668,"log_mass":3.8839017712},{"country_iso":"ETH","city_id":4863,"city":"Gebeze Mariam","pop_total":140.5177402496,"mass_total":41117.393242337,"n_hex":1,"sample_h3":"87529129affffff","log_pop":2.147731157,"log_mass":4.6140255735},{"country_iso":"ETH","city_id":4864,"city":"Seyo","pop_total":116.1236190796,"mass_total":15811.2785243231,"n_hex":1,"sample_h3":"876a6910cffffff","log_pop":2.0649205625,"log_mass":4.1989669891},{"country_iso":"ETH","city_id":4868,"city":"Maksegnit","pop_total":1712.6072973663,"mass_total":249654.9882957773,"n_hex":3,"sample_h3":"875282c08ffffff","log_pop":3.2336577902,"log_mass":5.397340248},{"country_iso":"ETH","city_id":4869,"city":"Semoy","pop_total":94.6441326141,"mass_total":23619.6264810339,"n_hex":2,"sample_h3":"87529e981ffffff","log_pop":1.9760936954,"log_mass":4.3732730254},{"country_iso":"ETH","city_id":4871,"city":"Digna","pop_total":1291.3160525752,"mass_total":257153.8489727414,"n_hex":3,"sample_h3":"875286642ffffff","log_pop":3.1110325499,"log_mass":5.410193029},{"country_iso":"ETH","city_id":4872,"city":"Adet","pop_total":3712.044623618,"mass_total":370656.9896730686,"n_hex":3,"sample_h3":"875291318ffffff","log_pop":3.5696131884,"log_mass":5.5689721943},{"country_iso":"ETH","city_id":4873,"city":"Ejaji","pop_total":96.9273824692,"mass_total":25077.8745337118,"n_hex":1,"sample_h3":"876a69809ffffff","log_pop":1.9864464847,"log_mass":4.3992907252},{"country_iso":"ETH","city_id":4875,"city":"Omonada","pop_total":146.687330246,"mass_total":69577.8227140203,"n_hex":2,"sample_h3":"876a6b246ffffff","log_pop":2.1663926044,"log_mass":4.8424708343},{"country_iso":"ETH","city_id":4880,"city":"Hamusit","pop_total":400.6308746338,"mass_total":63664.8963961113,"n_hex":1,"sample_h3":"8752824daffffff","log_pop":2.6027444152,"log_mass":4.8039000367},{"country_iso":"ETH","city_id":4882,"city":"Gasachare","pop_total":126.0805454254,"mass_total":44280.9391344366,"n_hex":1,"sample_h3":"876a4d172ffffff","log_pop":2.1006480789,"log_mass":4.6462168231},{"country_iso":"ETH","city_id":4883,"city":"Tis Abay","pop_total":624.0317590751,"mass_total":33758.6681916269,"n_hex":2,"sample_h3":"875291ac4ffffff","log_pop":2.795206693,"log_mass":4.528385305},{"country_iso":"ETH","city_id":4885,"city":"Washira","pop_total":53.3383464813,"mass_total":15916.8396251456,"n_hex":1,"sample_h3":"8752912f5ffffff","log_pop":1.7270395482,"log_mass":4.2018568404},{"country_iso":"ETH","city_id":4887,"city":"Anbesame","pop_total":257.6486129761,"mass_total":31027.9945400847,"n_hex":2,"sample_h3":"875291b40ffffff","log_pop":2.4110278088,"log_mass":4.4917537064},{"country_iso":"ETH","city_id":4888,"city":"Deneba","pop_total":71.3557589662,"mass_total":27989.3347758814,"n_hex":2,"sample_h3":"877ac9229ffffff","log_pop":1.8534290298,"log_mass":4.4469925767},{"country_iso":"ETH","city_id":4889,"city":"Belta","pop_total":26.6303329468,"mass_total":13120.8892719795,"n_hex":1,"sample_h3":"876a49d9dffffff","log_pop":1.4253765963,"log_mass":4.1179632705},{"country_iso":"ETH","city_id":4890,"city":"Nefnafe","pop_total":1457.1449792825,"mass_total":163767.6454274024,"n_hex":2,"sample_h3":"875286216ffffff","log_pop":3.1635027642,"log_mass":5.214228105},{"country_iso":"ETH","city_id":4891,"city":"Teh Gabr","pop_total":430.985528557,"mass_total":83654.5056150515,"n_hex":3,"sample_h3":"875286282ffffff","log_pop":2.6344626879,"log_mass":4.9224893369},{"country_iso":"ETH","city_id":4892,"city":"Kombolcha","pop_total":185.5849262312,"mass_total":43190.9636741425,"n_hex":2,"sample_h3":"87529ac82ffffff","log_pop":2.2685426986,"log_mass":4.6353928941},{"country_iso":"ETH","city_id":4893,"city":"Gedo","pop_total":1979.8310398513,"mass_total":249359.9724772018,"n_hex":2,"sample_h3":"876a6984cffffff","log_pop":3.2966281289,"log_mass":5.3968267413},{"country_iso":"ETH","city_id":4895,"city":"Wereta","pop_total":3664.9569480896,"mass_total":453969.2849626185,"n_hex":3,"sample_h3":"87528244affffff","log_pop":3.5640688774,"log_mass":5.65702647},{"country_iso":"ETH","city_id":4896,"city":"Feres Bet","pop_total":1040.906070238,"mass_total":168885.3567013458,"n_hex":3,"sample_h3":"87529e828ffffff","log_pop":3.0174115412,"log_mass":5.2275919955},{"country_iso":"ETH","city_id":4897,"city":"Amanuel","pop_total":2220.6301138111,"mass_total":482915.6789992239,"n_hex":3,"sample_h3":"87529e004ffffff","log_pop":3.346476225,"log_mass":5.683871306},{"country_iso":"ETH","city_id":4898,"city":"Garasse","pop_total":631.962014879,"mass_total":93530.898975536,"n_hex":3,"sample_h3":"876a4826dffffff","log_pop":2.8006909751,"log_mass":4.9709551086},{"country_iso":"ETH","city_id":4900,"city":"Rio Arno","pop_total":143.7793750763,"mass_total":67010.7134855967,"n_hex":1,"sample_h3":"875282095ffffff","log_pop":2.1576965917,"log_mass":4.826144242},{"country_iso":"ETH","city_id":4901,"city":"Shenen","pop_total":77.8463255789,"mass_total":22213.5828457521,"n_hex":3,"sample_h3":"876a69149ffffff","log_pop":1.8912381183,"log_mass":4.3466186119},{"country_iso":"ETH","city_id":4902,"city":"Balemi","pop_total":231.5474251766,"mass_total":57199.8022901227,"n_hex":2,"sample_h3":"87529a480ffffff","log_pop":2.364639956,"log_mass":4.7573945277},{"country_iso":"ETH","city_id":4904,"city":"Gidole","pop_total":148.1608247757,"mass_total":45650.1886006513,"n_hex":1,"sample_h3":"876a494a6ffffff","log_pop":2.170733387,"log_mass":4.6594425761},{"country_iso":"ETH","city_id":4906,"city":"Zarema","pop_total":132.8388528824,"mass_total":65630.5872899548,"n_hex":1,"sample_h3":"875286ae0ffffff","log_pop":2.1233251166,"log_mass":4.8171062905},{"country_iso":"ETH","city_id":4908,"city":"Adis Zemen","pop_total":1587.9727096558,"mass_total":75931.5883282981,"n_hex":1,"sample_h3":"875282085ffffff","log_pop":3.2008430345,"log_mass":4.8804224845},{"country_iso":"ETH","city_id":4912,"city":"Giundu","pop_total":217.2764205933,"mass_total":28506.6135529056,"n_hex":2,"sample_h3":"876a6939affffff","log_pop":2.3370125981,"log_mass":4.4549456283},{"country_iso":"ETH","city_id":4914,"city":"Debark","pop_total":2891.9422796997,"mass_total":513497.2376895032,"n_hex":3,"sample_h3":"875286354ffffff","log_pop":3.4611896206,"log_mass":5.7105381117},{"country_iso":"ETH","city_id":4915,"city":"North Gondar","pop_total":204.7540545183,"mass_total":134360.594101528,"n_hex":1,"sample_h3":"875282889ffffff","log_pop":2.3112325104,"log_mass":5.1282719155},{"country_iso":"ETH","city_id":4918,"city":"Selam Ber","pop_total":19.95246315,"mass_total":10771.1320079592,"n_hex":1,"sample_h3":"876a4d655ffffff","log_pop":1.2999965174,"log_mass":4.0322613485},{"country_iso":"ETH","city_id":4920,"city":"Digo Tsion","pop_total":78.8034792414,"mass_total":42903.105616382,"n_hex":2,"sample_h3":"87529e861ffffff","log_pop":1.8965453924,"log_mass":4.6324887305},{"country_iso":"ETH","city_id":4922,"city":"Debre Markos","pop_total":14987.3024175457,"mass_total":1676290.6954701301,"n_hex":7,"sample_h3":"87529e058ffffff","log_pop":4.1757234707,"log_mass":6.2243493344},{"country_iso":"ETH","city_id":4926,"city":"Gemu","pop_total":31.4563319683,"mass_total":23575.0349971357,"n_hex":2,"sample_h3":"876a49996ffffff","log_pop":1.4977080794,"log_mass":4.3724523461},{"country_iso":"ETH","city_id":4928,"city":"Senan Rob Gebeya","pop_total":995.8755518315,"mass_total":353490.5192397581,"n_hex":1,"sample_h3":"87529eab0ffffff","log_pop":2.9982050708,"log_mass":5.5483777703},{"country_iso":"ETH","city_id":4930,"city":"Yejube","pop_total":588.7857376921,"mass_total":173955.2200796582,"n_hex":3,"sample_h3":"87529e2b6ffffff","log_pop":2.7699572814,"log_mass":5.2404374657},{"country_iso":"ETH","city_id":4931,"city":"Enchini","pop_total":116.2998695374,"mass_total":18944.0825394414,"n_hex":1,"sample_h3":"876a69ae4ffffff","log_pop":2.0655792275,"log_mass":4.2774735773},{"country_iso":"ETH","city_id":4935,"city":"Darechera","pop_total":9.5249495506,"mass_total":10052.0191990269,"n_hex":1,"sample_h3":"87529cc1cffffff","log_pop":0.9788626841,"log_mass":4.0022533094},{"country_iso":"ETH","city_id":4936,"city":"Arba Minch","pop_total":2386.3131714989,"mass_total":1173122.0278309549,"n_hex":4,"sample_h3":"876a49c5affffff","log_pop":3.3777274384,"log_mass":6.0693431897},{"country_iso":"ETH","city_id":4938,"city":"Gimbichu","pop_total":8.4918413162,"mass_total":15920.4493435971,"n_hex":1,"sample_h3":"877ac9ba8ffffff","log_pop":0.9290018701,"log_mass":4.2019553212},{"country_iso":"ETH","city_id":4941,"city":"Mota","pop_total":5872.9578795227,"mass_total":1041072.892078408,"n_hex":4,"sample_h3":"87529c422ffffff","log_pop":3.7688568861,"log_mass":6.0174811383},{"country_iso":"ETH","city_id":4942,"city":"Chencha","pop_total":283.5096893311,"mass_total":44309.2764728967,"n_hex":2,"sample_h3":"876a498b4ffffff","log_pop":2.4525679061,"log_mass":4.6464946585},{"country_iso":"ETH","city_id":4948,"city":"Eso","pop_total":167.2646532059,"mass_total":58991.0834668084,"n_hex":1,"sample_h3":"876a49981ffffff","log_pop":2.2234041744,"log_mass":4.7707863728},{"country_iso":"ETH","city_id":4950,"city":"Yegodena Mikael","pop_total":318.0157797234,"mass_total":85527.9858107286,"n_hex":2,"sample_h3":"87529e389ffffff","log_pop":2.5024486699,"log_mass":4.9321082445},{"country_iso":"ETH","city_id":4953,"city":"Gouder","pop_total":2135.7535025877,"mass_total":175958.472155459,"n_hex":1,"sample_h3":"876a69b48ffffff","log_pop":3.3295511273,"log_mass":5.2454101823},{"country_iso":"ETH","city_id":4954,"city":"Hadero","pop_total":137.181602478,"mass_total":222866.7260364646,"n_hex":1,"sample_h3":"876a4db5cffffff","log_pop":2.1372958717,"log_mass":5.3480452332},{"country_iso":"ETH","city_id":4955,"city":"Gununew","pop_total":127.2935161591,"mass_total":25388.6494165435,"n_hex":1,"sample_h3":"876a4dadeffffff","log_pop":2.1048062829,"log_mass":4.4046395986},{"country_iso":"ETH","city_id":4959,"city":"Boreda","pop_total":124.0818961536,"mass_total":43499.1550071206,"n_hex":2,"sample_h3":"876a49900ffffff","log_pop":2.0937084215,"log_mass":4.6384808206},{"country_iso":"ETH","city_id":4960,"city":"Mekanebirhan","pop_total":926.0850505174,"mass_total":312809.44033405,"n_hex":3,"sample_h3":"875280530ffffff","log_pop":2.9666508736,"log_mass":5.4952798512},{"country_iso":"ETH","city_id":4961,"city":"Debre Tabor","pop_total":16976.7575127845,"mass_total":1072344.666443449,"n_hex":4,"sample_h3":"875282662ffffff","log_pop":4.2298547455,"log_mass":6.0303343961},{"country_iso":"ETH","city_id":4962,"city":"Ginido","pop_total":316.9447466009,"mass_total":152839.9558442536,"n_hex":2,"sample_h3":"876a69340ffffff","log_pop":2.5009835577,"log_mass":5.1842369035},{"country_iso":"ETH","city_id":4963,"city":"Dereba Bota","pop_total":17.6346870123,"mass_total":19057.3444125627,"n_hex":3,"sample_h3":"877ac9b84ffffff","log_pop":1.246367756,"log_mass":4.2800623828},{"country_iso":"ETH","city_id":4964,"city":"Kachise","pop_total":507.7930385178,"mass_total":187999.0936515248,"n_hex":2,"sample_h3":"87529a114ffffff","log_pop":2.7056867427,"log_mass":5.2741557555},{"country_iso":"ETH","city_id":4965,"city":"K'Ose","pop_total":25.5518428017,"mass_total":9776.2249417903,"n_hex":1,"sample_h3":"877ac90c1ffffff","log_pop":1.407422227,"log_mass":3.9901711857},{"country_iso":"ETH","city_id":4966,"city":"Morsito","pop_total":23.0376644135,"mass_total":2532.8445375829,"n_hex":1,"sample_h3":"877ac915bffffff","log_pop":1.3624384477,"log_mass":3.4036085342},{"country_iso":"ETH","city_id":4969,"city":"West Belesa","pop_total":393.684317011,"mass_total":271312.1757496908,"n_hex":3,"sample_h3":"875282b98ffffff","log_pop":2.5951481144,"log_mass":5.4334692841},{"country_iso":"ETH","city_id":4970,"city":"Ebbenat","pop_total":466.2950750557,"mass_total":199046.9458661719,"n_hex":3,"sample_h3":"8752823a2ffffff","log_pop":2.6686608285,"log_mass":5.2989555182},{"country_iso":"ETH","city_id":4971,"city":"Welkite","pop_total":7166.5382925819,"mass_total":943468.6319450429,"n_hex":3,"sample_h3":"876a692d8ffffff","log_pop":3.8553094258,"log_mass":5.9747274655},{"country_iso":"ETH","city_id":4972,"city":"Areka","pop_total":79.4844551086,"mass_total":21584.9925180779,"n_hex":3,"sample_h3":"876a4da50ffffff","log_pop":1.9002822014,"log_mass":4.3341519025},{"country_iso":"ETH","city_id":4977,"city":"Ambo","pop_total":17699.2959614735,"mass_total":1645041.6141545097,"n_hex":7,"sample_h3":"87529a680ffffff","log_pop":4.2479559914,"log_mass":6.2161768887},{"country_iso":"ETH","city_id":4978,"city":"Lumame","pop_total":1806.8283026228,"mass_total":284715.3375057137,"n_hex":3,"sample_h3":"87529e200ffffff","log_pop":3.2569168848,"log_mass":5.4544108631},{"country_iso":"ETH","city_id":4981,"city":"Mekane Yesus","pop_total":627.8476030527,"mass_total":326268.8688918891,"n_hex":3,"sample_h3":"87529c99affffff","log_pop":2.7978542406,"log_mass":5.5135756373},{"country_iso":"ETH","city_id":4982,"city":"Sodo","pop_total":14885.0301663492,"mass_total":1353332.9320256964,"n_hex":6,"sample_h3":"876a4d341ffffff","log_pop":4.1727497191,"log_mass":6.1314046501},{"country_iso":"ETH","city_id":4983,"city":"Kuyi","pop_total":753.3149750691,"mass_total":145361.3691908995,"n_hex":2,"sample_h3":"87529eac1ffffff","log_pop":2.8769766008,"log_mass":5.162449005},{"country_iso":"ETH","city_id":4984,"city":"Konteb","pop_total":22.1897344589,"mass_total":21827.6375305617,"n_hex":1,"sample_h3":"877ac902effffff","log_pop":1.3461521051,"log_mass":4.3390067333},{"country_iso":"ETH","city_id":4985,"city":"Doyogena","pop_total":283.7445259094,"mass_total":58444.0502003802,"n_hex":1,"sample_h3":"877ac9873ffffff","log_pop":2.4529274917,"log_mass":4.7667403051},{"country_iso":"ETH","city_id":4986,"city":"Shinshicho","pop_total":114.9724903107,"mass_total":68718.4231651542,"n_hex":1,"sample_h3":"877ac996affffff","log_pop":2.0605939383,"log_mass":4.8370731855},{"country_iso":"ETH","city_id":4987,"city":"Adisicia","pop_total":144.939387572,"mass_total":99302.3453668747,"n_hex":2,"sample_h3":"875282b18ffffff","log_pop":2.1611864219,"log_mass":4.996959506},{"country_iso":"ETH","city_id":4989,"city":"Tebla","pop_total":105.2170219421,"mass_total":18301.880092373,"n_hex":1,"sample_h3":"876a4d255ffffff","log_pop":2.0220860054,"log_mass":4.2624957057},{"country_iso":"ETH","city_id":4991,"city":"Indegany","pop_total":7.4249849319,"mass_total":1204.6495716102,"n_hex":1,"sample_h3":"877ac908dffffff","log_pop":0.8706955766,"log_mass":3.0808607305},{"country_iso":"ETH","city_id":4996,"city":"Feres Midir","pop_total":155.7048276452,"mass_total":26418.3444692878,"n_hex":1,"sample_h3":"87529c933ffffff","log_pop":2.1923020781,"log_mass":4.4219055987},{"country_iso":"ETH","city_id":4997,"city":"Hossana","pop_total":11929.8827761874,"mass_total":1653198.4655688095,"n_hex":9,"sample_h3":"877ac9121ffffff","log_pop":4.0766361763,"log_mass":6.2183249935},{"country_iso":"ETH","city_id":4998,"city":"Gende Woin","pop_total":1480.4878156699,"mass_total":144422.2194699334,"n_hex":2,"sample_h3":"87529c7a2ffffff","log_pop":3.1704048375,"log_mass":5.1596340149},{"country_iso":"ETH","city_id":5000,"city":"Chitu","pop_total":41.7790336609,"mass_total":2777.0945702941,"n_hex":1,"sample_h3":"877acb340ffffff","log_pop":1.6209583906,"log_mass":3.4435906693},{"country_iso":"ETH","city_id":5001,"city":"Angacha","pop_total":64.7215080261,"mass_total":9351.2068184482,"n_hex":1,"sample_h3":"877ac980cffffff","log_pop":1.8110486279,"log_mass":3.9708676623},{"country_iso":"ETH","city_id":5003,"city":"Boditi","pop_total":2243.9050135669,"mass_total":138216.0850567491,"n_hex":3,"sample_h3":"877acd270ffffff","log_pop":3.3510044689,"log_mass":5.1405585875},{"country_iso":"ETH","city_id":5005,"city":"Gurage","pop_total":25.7472763062,"mass_total":5883.3941296923,"n_hex":1,"sample_h3":"877acd253ffffff","log_pop":1.4107312937,"log_mass":3.7696279428},{"country_iso":"ETH","city_id":5006,"city":"Emdibir","pop_total":109.2765331268,"mass_total":16264.3809618932,"n_hex":1,"sample_h3":"877ac9782ffffff","log_pop":2.0385269083,"log_mass":4.2112375383},{"country_iso":"ETH","city_id":5007,"city":"Waliso","pop_total":12340.1548046037,"mass_total":1415636.9412808698,"n_hex":4,"sample_h3":"877acb374ffffff","log_pop":4.0913206079,"log_mass":6.1509518871},{"country_iso":"ETH","city_id":5008,"city":"Durame","pop_total":4077.440864563,"mass_total":181131.1550471805,"n_hex":2,"sample_h3":"877ac9909ffffff","log_pop":3.6103876712,"log_mass":5.2579931566},{"country_iso":"ETH","city_id":5011,"city":"Kimir Dingay","pop_total":154.6112088858,"mass_total":41767.9862361964,"n_hex":1,"sample_h3":"87529c92affffff","log_pop":2.1892409759,"log_mass":4.6208435371},{"country_iso":"ETH","city_id":5014,"city":"Debre Work","pop_total":21.8740158081,"mass_total":8670.6316113346,"n_hex":1,"sample_h3":"875298d34ffffff","log_pop":1.3399285216,"log_mass":3.9380507348},{"country_iso":"ETH","city_id":5015,"city":"Gojo Town","pop_total":3002.1309332305,"mass_total":440804.4551406323,"n_hex":3,"sample_h3":"87529a761ffffff","log_pop":3.4774296294,"log_mass":5.6442459752},{"country_iso":"ETH","city_id":5016,"city":"Agena","pop_total":191.965829105,"mass_total":64880.7864752004,"n_hex":2,"sample_h3":"877ac94cbffffff","log_pop":2.283223929,"log_mass":4.8121161057},{"country_iso":"ETH","city_id":5017,"city":"Fonk'O","pop_total":31.5348758698,"mass_total":9602.6376869586,"n_hex":1,"sample_h3":"877ac9112ffffff","log_pop":1.4987911258,"log_mass":3.982390543},{"country_iso":"ETH","city_id":5018,"city":"Denboya","pop_total":28.9737625122,"mass_total":4236.4307455879,"n_hex":1,"sample_h3":"877ac9833ffffff","log_pop":1.462004896,"log_mass":3.6270001112},{"country_iso":"ETH","city_id":5019,"city":"Welayita","pop_total":116.5304603577,"mass_total":27001.679731432,"n_hex":1,"sample_h3":"877acd350ffffff","log_pop":2.0664394622,"log_mass":4.4313907818},{"country_iso":"ETH","city_id":5020,"city":"Gut'O","pop_total":354.1482221688,"mass_total":405781.6658009175,"n_hex":2,"sample_h3":"87529c10cffffff","log_pop":2.549185066,"log_mass":5.6082924207},{"country_iso":"ETH","city_id":5021,"city":"Dejen","pop_total":1995.2157174877,"mass_total":583442.1380518861,"n_hex":3,"sample_h3":"8752985a0ffffff","log_pop":3.2999898573,"log_mass":5.7659977921},{"country_iso":"ETH","city_id":5022,"city":"Shone","pop_total":650.9620285034,"mass_total":27280.3063583407,"n_hex":1,"sample_h3":"877acd2d2ffffff","log_pop":2.8135556563,"log_mass":4.4358492431},{"country_iso":"ETH","city_id":5023,"city":"Derba","pop_total":52.0659912783,"mass_total":25843.9584777903,"n_hex":2,"sample_h3":"876a490c5ffffff","log_pop":1.7165541413,"log_mass":4.4123590346},{"country_iso":"ETH","city_id":5025,"city":"Dilela","pop_total":597.7931079865,"mass_total":73519.8870606893,"n_hex":1,"sample_h3":"877acb319ffffff","log_pop":2.7765509037,"log_mass":4.8664048312},{"country_iso":"ETH","city_id":5026,"city":"Bechena","pop_total":182.615901947,"mass_total":26202.8042635028,"n_hex":2,"sample_h3":"875298c12ffffff","log_pop":2.2615385926,"log_mass":4.4183477727},{"country_iso":"ETH","city_id":5029,"city":"Dil Yibza","pop_total":53.8306314945,"mass_total":164342.5661757347,"n_hex":1,"sample_h3":"8752801aaffffff","log_pop":1.7310294746,"log_mass":5.2157500641},{"country_iso":"ETH","city_id":5030,"city":"Gezaber","pop_total":49.887360096,"mass_total":21238.9029987436,"n_hex":2,"sample_h3":"877acbb09ffffff","log_pop":1.6979905229,"log_mass":4.3271320814},{"country_iso":"ETH","city_id":5031,"city":"Mertule Mariam","pop_total":38.4056243896,"mass_total":2529.559831552,"n_hex":1,"sample_h3":"87529c603ffffff","log_pop":1.5843948302,"log_mass":3.4030449562},{"country_iso":"ETH","city_id":5033,"city":"Ginsi","pop_total":3513.9979488672,"mass_total":485933.255773603,"n_hex":4,"sample_h3":"87529a64affffff","log_pop":3.5458015037,"log_mass":5.6865766219},{"country_iso":"ETH","city_id":5034,"city":"Arekite","pop_total":117.9958591461,"mass_total":11371.7590597582,"n_hex":1,"sample_h3":"877ac9476ffffff","log_pop":2.0718667668,"log_mass":4.0558276495},{"country_iso":"ETH","city_id":5037,"city":"Uykro","pop_total":28.8801449645,"mass_total":73277.9672493485,"n_hex":1,"sample_h3":"875284adcffffff","log_pop":1.4605993689,"log_mass":4.8649734134},{"country_iso":"ETH","city_id":5038,"city":"Busa","pop_total":445.8586748983,"mass_total":38130.4765821176,"n_hex":2,"sample_h3":"877acb39affffff","log_pop":2.649197221,"log_mass":4.5812722334},{"country_iso":"ETH","city_id":5039,"city":"Gohatsion","pop_total":1034.2037460552,"mass_total":152498.8219977,"n_hex":3,"sample_h3":"8752984a8ffffff","log_pop":3.0146061065,"log_mass":5.1832664889},{"country_iso":"ETH","city_id":5042,"city":"Alaba Kulito","pop_total":2021.9717677397,"mass_total":95511.4519587513,"n_hex":2,"sample_h3":"877ac99b1ffffff","log_pop":3.3057750874,"log_mass":4.9800554472},{"country_iso":"ETH","city_id":5044,"city":"Shoni","pop_total":24.2170376778,"mass_total":12525.069435686,"n_hex":1,"sample_h3":"877acd292ffffff","log_pop":1.3841210175,"log_mass":4.0977801422},{"country_iso":"ETH","city_id":5045,"city":"Tulu Bolo","pop_total":3468.4772573284,"mass_total":461462.4321088826,"n_hex":3,"sample_h3":"877acb05bffffff","log_pop":3.5401388512,"log_mass":5.6641363507},{"country_iso":"ETH","city_id":5046,"city":"Sherer","pop_total":7.4607520103,"mass_total":5385.8409213217,"n_hex":2,"sample_h3":"875298c0bffffff","log_pop":0.8727826046,"log_mass":3.7312535217},{"country_iso":"ETH","city_id":5047,"city":"Sheno","pop_total":374.240901947,"mass_total":88573.0371323725,"n_hex":2,"sample_h3":"87529a215ffffff","log_pop":2.5731512511,"log_mass":4.9473015367},{"country_iso":"ETH","city_id":5050,"city":"Nefas Meewcha","pop_total":1613.0663741168,"mass_total":451486.8737845098,"n_hex":4,"sample_h3":"875283482ffffff","log_pop":3.207652238,"log_mass":5.6546451285},{"country_iso":"ETH","city_id":5051,"city":"Gorabee","pop_total":591.8714141846,"mass_total":134522.0187350373,"n_hex":2,"sample_h3":"877ac950cffffff","log_pop":2.7722273652,"log_mass":5.128793376},{"country_iso":"ETH","city_id":5053,"city":"Kokir","pop_total":94.5708120084,"mass_total":24889.1804683773,"n_hex":2,"sample_h3":"877acb169ffffff","log_pop":1.975757118,"log_mass":4.3960105967},{"country_iso":"ETH","city_id":5059,"city":"Axum","pop_total":176.9231153301,"mass_total":245216.7571754898,"n_hex":2,"sample_h3":"875285d82ffffff","log_pop":2.247784578,"log_mass":5.3895501449},{"country_iso":"ETH","city_id":5060,"city":"Aleltu","pop_total":245.6203603745,"mass_total":77374.5764221806,"n_hex":1,"sample_h3":"877acb148ffffff","log_pop":2.3902643642,"log_mass":4.8885982845},{"country_iso":"ETH","city_id":5064,"city":"Yabelo","pop_total":131.2120065689,"mass_total":150591.7567886751,"n_hex":1,"sample_h3":"877ae9a80ffffff","log_pop":2.117973577,"log_mass":5.1778011998},{"country_iso":"ETH","city_id":5068,"city":"Ch'Eleletu","pop_total":166.6907577515,"mass_total":11878.2601084766,"n_hex":1,"sample_h3":"876a49ad3ffffff","log_pop":2.2219115208,"log_mass":4.0747528312},{"country_iso":"ETH","city_id":5071,"city":"Tore","pop_total":6.8003287315,"mass_total":3713.1061813029,"n_hex":1,"sample_h3":"876a4932bffffff","log_pop":0.8325299072,"log_mass":3.5697373686},{"country_iso":"ETH","city_id":5076,"city":"Anda","pop_total":330.7173929214,"mass_total":187234.225139422,"n_hex":2,"sample_h3":"87529cb02ffffff","log_pop":2.5194570357,"log_mass":5.2723852377},{"country_iso":"ETH","city_id":5077,"city":"Gebre gurach","pop_total":137.3130722046,"mass_total":125833.4931749341,"n_hex":1,"sample_h3":"87529ab4effffff","log_pop":2.137711884,"log_mass":5.0997962529},{"country_iso":"ETH","city_id":5078,"city":"InchIni","pop_total":1095.8055869308,"mass_total":264495.157861323,"n_hex":3,"sample_h3":"87529a209ffffff","log_pop":3.0397335103,"log_mass":5.4224177258},{"country_iso":"ETH","city_id":5079,"city":"Yirga Cheffe","pop_total":766.8295775918,"mass_total":293873.1452020795,"n_hex":3,"sample_h3":"876a49a09ffffff","log_pop":2.8846988558,"log_mass":5.4681599011},{"country_iso":"ETH","city_id":5081,"city":"Shelo Bota","pop_total":206.9555664062,"mass_total":38243.4605674902,"n_hex":1,"sample_h3":"877acd0c1ffffff","log_pop":2.3158771119,"log_mass":4.5825571837},{"country_iso":"ETH","city_id":5083,"city":"Addis Alem","pop_total":1284.2671260834,"mass_total":166768.0163315649,"n_hex":2,"sample_h3":"877acb684ffffff","log_pop":3.1086553659,"log_mass":5.222112763},{"country_iso":"ETH","city_id":5084,"city":"Banitu","pop_total":639.4279684142,"mass_total":80768.5898003647,"n_hex":3,"sample_h3":"877acb018ffffff","log_pop":2.8057916283,"log_mass":4.9072425003},{"country_iso":"ETH","city_id":5085,"city":"Kibet","pop_total":559.3648336972,"mass_total":68438.8775232489,"n_hex":3,"sample_h3":"877acb968ffffff","log_pop":2.7476951595,"log_mass":4.835302878},{"country_iso":"ETH","city_id":5089,"city":"Wenago","pop_total":218.4107589722,"mass_total":15876.7454323268,"n_hex":1,"sample_h3":"876a49b6bffffff","log_pop":2.339274028,"log_mass":4.2007614814},{"country_iso":"ETH","city_id":5090,"city":"\u1261\u120c \u1206\u122b \/ Bule Hora","pop_total":1697.495425875,"mass_total":325451.9465572679,"n_hex":4,"sample_h3":"876a492c2ffffff","log_pop":3.2298086127,"log_mass":5.5124868734},{"country_iso":"ETH","city_id":5092,"city":"Gedeb","pop_total":1160.8110027313,"mass_total":207440.3337411516,"n_hex":1,"sample_h3":"876a49346ffffff","log_pop":3.0647615159,"log_mass":5.3168932025},{"country_iso":"ETH","city_id":5095,"city":"Butajira","pop_total":7491.1117406882,"mass_total":988822.7905519237,"n_hex":4,"sample_h3":"877acb958ffffff","log_pop":3.8745462752,"log_mass":5.9951184676},{"country_iso":"ETH","city_id":5096,"city":"Dilla","pop_total":920.9652099609,"mass_total":364309.9801009421,"n_hex":3,"sample_h3":"877acd846ffffff","log_pop":2.9642432248,"log_mass":5.5614710687},{"country_iso":"ETH","city_id":5098,"city":"Amdework","pop_total":668.3088964911,"mass_total":121618.8204213027,"n_hex":1,"sample_h3":"875283d6affffff","log_pop":2.8249772425,"log_mass":5.0850007869},{"country_iso":"ETH","city_id":5102,"city":"Agge","pop_total":491.9053459167,"mass_total":53020.327918933,"n_hex":1,"sample_h3":"877acd685ffffff","log_pop":2.6918815424,"log_mass":4.7244424094},{"country_iso":"ETH","city_id":5104,"city":"Chucko","pop_total":3085.2101177739,"mass_total":187230.9595945529,"n_hex":2,"sample_h3":"877acd8ceffffff","log_pop":3.4892847469,"log_mass":5.2723776631},{"country_iso":"ETH","city_id":5105,"city":"Holeta","pop_total":7238.8767758444,"mass_total":1153220.5870277041,"n_hex":4,"sample_h3":"87529b4b0ffffff","log_pop":3.8596711839,"log_mass":6.0619123867},{"country_iso":"ETH","city_id":5108,"city":"T'Ora","pop_total":260.6925964355,"mass_total":12151.837762336,"n_hex":2,"sample_h3":"877ac8250ffffff","log_pop":2.4161286976,"log_mass":4.0846419627},{"country_iso":"ETH","city_id":5109,"city":"Irba","pop_total":544.594142121,"mass_total":51124.8841039081,"n_hex":2,"sample_h3":"877acd08dffffff","log_pop":2.7360729656,"log_mass":4.7086323365},{"country_iso":"ETH","city_id":5114,"city":"Yirgalem","pop_total":208.8281087875,"mass_total":33694.148756349,"n_hex":2,"sample_h3":"877acd025ffffff","log_pop":2.3197889554,"log_mass":4.5275544889},{"country_iso":"ETH","city_id":5118,"city":"Filakit Gereger","pop_total":335.3660723144,"mass_total":147445.6019113413,"n_hex":2,"sample_h3":"8752837b0ffffff","log_pop":2.5255191246,"log_mass":5.1686318227},{"country_iso":"ETH","city_id":5119,"city":"Enseno","pop_total":938.9542427063,"mass_total":121150.4782389662,"n_hex":1,"sample_h3":"877acb90dffffff","log_pop":2.9726444287,"log_mass":5.0833251328},{"country_iso":"ETH","city_id":5122,"city":"Aletawendo","pop_total":1522.4371757507,"mass_total":184449.8418046959,"n_hex":2,"sample_h3":"877acd125ffffff","log_pop":3.1825393803,"log_mass":5.2658782871},{"country_iso":"ETH","city_id":5124,"city":"Morocho","pop_total":429.8827972412,"mass_total":51489.1533784666,"n_hex":1,"sample_h3":"877acd0a0ffffff","log_pop":2.6333500662,"log_mass":4.7117157509},{"country_iso":"ETH","city_id":5126,"city":"Hawassa","pop_total":93582.8019622728,"mass_total":8255950.7124967035,"n_hex":13,"sample_h3":"877acd440ffffff","log_pop":4.9711960443,"log_mass":6.9167670916},{"country_iso":"ETH","city_id":5127,"city":"Qericha","pop_total":136.709104538,"mass_total":47002.5864504575,"n_hex":2,"sample_h3":"876a49249ffffff","log_pop":2.1357974386,"log_mass":4.6721217569},{"country_iso":"ETH","city_id":5128,"city":"Fint'Al Feres","pop_total":106.3227993535,"mass_total":68654.4417545558,"n_hex":2,"sample_h3":"8752831a8ffffff","log_pop":2.0266264025,"log_mass":4.8366686401},{"country_iso":"ETH","city_id":5129,"city":"Bui","pop_total":605.0869724648,"mass_total":59030.5453316735,"n_hex":2,"sample_h3":"877acb882ffffff","log_pop":2.7818178027,"log_mass":4.7710767953},{"country_iso":"ETH","city_id":5130,"city":"Koshe","pop_total":93.2140308605,"mass_total":22400.7082383795,"n_hex":3,"sample_h3":"877acb920ffffff","log_pop":1.9694812886,"log_mass":4.3502617495},{"country_iso":"ETH","city_id":5132,"city":"Gundo Meskel","pop_total":200.8560094833,"mass_total":48757.5738126898,"n_hex":2,"sample_h3":"8752980e3ffffff","log_pop":2.3028848301,"log_mass":4.6880420869},{"country_iso":"ETH","city_id":5134,"city":"Addis Ababa","pop_total":2072185.4375026459,"mass_total":149210242.9593183398,"n_hex":105,"sample_h3":"87529b4c0ffffff","log_pop":6.3164286173,"log_mass":8.1737986375},{"country_iso":"ETH","city_id":5138,"city":"Lemen","pop_total":598.3053222245,"mass_total":121878.6889979271,"n_hex":3,"sample_h3":"877acb192ffffff","log_pop":2.7769228661,"log_mass":5.085927774},{"country_iso":"ETH","city_id":5139,"city":"Woncho","pop_total":37.5457553864,"mass_total":8449.6326859,"n_hex":1,"sample_h3":"877acd1a3ffffff","log_pop":1.5745608464,"log_mass":3.9268378301},{"country_iso":"ETH","city_id":5144,"city":"Agre Salam","pop_total":408.4245624542,"mass_total":74167.4948297438,"n_hex":2,"sample_h3":"877acd8a0ffffff","log_pop":2.6111118525,"log_mass":4.87021361},{"country_iso":"ETH","city_id":5146,"city":"Shashamane","pop_total":64265.1620986789,"mass_total":3831371.1159101464,"n_hex":8,"sample_h3":"877acd4c0ffffff","log_pop":4.8079756073,"log_mass":6.5833542208},{"country_iso":"ETH","city_id":5149,"city":"Gorche","pop_total":56.8017609017,"mass_total":24743.076284253,"n_hex":3,"sample_h3":"877acd561ffffff","log_pop":1.7543617994,"log_mass":4.3934536941},{"country_iso":"ETH","city_id":5150,"city":"Basha","pop_total":2065.7455417558,"mass_total":229519.3957876151,"n_hex":3,"sample_h3":"877acd429ffffff","log_pop":3.3150768241,"log_mass":5.360819392},{"country_iso":"ETH","city_id":5155,"city":"Bulbula","pop_total":1948.3343256707,"mass_total":322399.2025001952,"n_hex":3,"sample_h3":"877ac8310ffffff","log_pop":3.289663482,"log_mass":5.5083939588},{"country_iso":"ETH","city_id":5156,"city":"Kala","pop_total":38.3804893494,"mass_total":13169.5385003608,"n_hex":1,"sample_h3":"877acd40cffffff","log_pop":1.5841105077,"log_mass":4.1195705563},{"country_iso":"ETH","city_id":5157,"city":"Sululta","pop_total":952.0130517137,"mass_total":362552.9762979777,"n_hex":3,"sample_h3":"87529b450ffffff","log_pop":2.9786429024,"log_mass":5.5593714747},{"country_iso":"ETH","city_id":5158,"city":"Bursa","pop_total":185.1485614777,"mass_total":26149.240799424,"n_hex":2,"sample_h3":"877acdc64ffffff","log_pop":2.2675203421,"log_mass":4.4174590844},{"country_iso":"ETH","city_id":5161,"city":"Solomo","pop_total":157.044336319,"mass_total":59521.8765058485,"n_hex":1,"sample_h3":"877aeb2a0ffffff","log_pop":2.1960222785,"log_mass":4.7746766145},{"country_iso":"ETH","city_id":5162,"city":"Arsi Negelle","pop_total":9571.6329899059,"mass_total":1123202.3273149645,"n_hex":5,"sample_h3":"877ac8a34ffffff","log_pop":3.9809860379,"log_mass":6.0504579947},{"country_iso":"ETH","city_id":5163,"city":"Bore","pop_total":438.4726164051,"mass_total":98623.0709043263,"n_hex":3,"sample_h3":"877acd9a6ffffff","log_pop":2.6419424759,"log_mass":4.9939785214},{"country_iso":"ETH","city_id":5165,"city":"Ziway","pop_total":26475.0805045895,"mass_total":2661273.3619127632,"n_hex":7,"sample_h3":"877ac8741ffffff","log_pop":4.4228372894,"log_mass":6.4250894869},{"country_iso":"ETH","city_id":5166,"city":"Debre Libanos","pop_total":8.458073616,"mass_total":6550.4634131761,"n_hex":1,"sample_h3":"87529b99affffff","log_pop":0.9272714608,"log_mass":3.8162720253},{"country_iso":"ETH","city_id":5168,"city":"Lalibela","pop_total":24.0699172263,"mass_total":25429.680708879,"n_hex":3,"sample_h3":"8752830e8ffffff","log_pop":1.3814745968,"log_mass":4.4053409073},{"country_iso":"ETH","city_id":5173,"city":"Arbe Gona","pop_total":224.8522949219,"mass_total":24814.242645031,"n_hex":1,"sample_h3":"877acdc1dffffff","log_pop":2.3518973245,"log_mass":4.3947010246},{"country_iso":"ETH","city_id":5174,"city":"Bona Qabelanka","pop_total":48.7640266418,"mass_total":19739.7047253267,"n_hex":1,"sample_h3":"877acdd73ffffff","log_pop":1.6880995599,"log_mass":4.295340652},{"country_iso":"ETH","city_id":5177,"city":"Meki","pop_total":11708.19330524,"mass_total":1298860.7815230691,"n_hex":5,"sample_h3":"877ac86f0ffffff","log_pop":4.0684898841,"log_mass":6.1135626037},{"country_iso":"ETH","city_id":5179,"city":"Kelela","pop_total":23.6212368011,"mass_total":26087.5365476554,"n_hex":1,"sample_h3":"875298a2effffff","log_pop":1.3733026334,"log_mass":4.4164330705},{"country_iso":"ETH","city_id":5180,"city":"Kefole","pop_total":142.2713909149,"mass_total":22793.5952979852,"n_hex":1,"sample_h3":"877acd58affffff","log_pop":2.1531175774,"log_mass":4.3578128331},{"country_iso":"ETH","city_id":5181,"city":"Masha","pop_total":58.2392201424,"mass_total":93085.2115124166,"n_hex":1,"sample_h3":"87529dce8ffffff","log_pop":1.7652155509,"log_mass":4.9688806899},{"country_iso":"ETH","city_id":5183,"city":"Dukem","pop_total":4652.4207235411,"mass_total":1354375.885117061,"n_hex":7,"sample_h3":"877aca2c9ffffff","log_pop":3.6676789816,"log_mass":6.1317392125},{"country_iso":"ETH","city_id":5186,"city":"Kokosa Bota","pop_total":32.5708193798,"mass_total":23652.5572350561,"n_hex":2,"sample_h3":"877acdca8ffffff","log_pop":1.5128286842,"log_mass":4.3738781021},{"country_iso":"ETH","city_id":5189,"city":"Bishoftu","pop_total":35479.8258056379,"mass_total":4430629.7516375147,"n_hex":11,"sample_h3":"877aca2c5ffffff","log_pop":4.5499814789,"log_mass":6.6464654595},{"country_iso":"ETH","city_id":5193,"city":"Bonsa Bota","pop_total":2458.2024425731,"mass_total":106543.4576562833,"n_hex":2,"sample_h3":"877acdd00ffffff","log_pop":3.3906176459,"log_mass":5.0275267868},{"country_iso":"ETH","city_id":5195,"city":"Adigrat","pop_total":2874.5994044285,"mass_total":123170.4824992533,"n_hex":2,"sample_h3":"87528584affffff","log_pop":3.4585773313,"log_mass":5.0905066427},{"country_iso":"ETH","city_id":5196,"city":"Alemtena","pop_total":1934.2098111396,"mass_total":367811.5700505275,"n_hex":2,"sample_h3":"877acaa48ffffff","log_pop":3.2865035819,"log_mass":5.5656253865},{"country_iso":"ETH","city_id":5206,"city":"K'Ore \/ Qoree","pop_total":58.2036323547,"mass_total":19218.504581349,"n_hex":1,"sample_h3":"877ac882dffffff","log_pop":1.7649500888,"log_mass":4.2837195916},{"country_iso":"ETH","city_id":5207,"city":"Akesta","pop_total":24.3809675254,"mass_total":17818.0589023275,"n_hex":2,"sample_h3":"87529d7a4ffffff","log_pop":1.387050936,"log_mass":4.2508603903},{"country_iso":"ETH","city_id":5208,"city":"Feres Bet","pop_total":25.6003124349,"mass_total":26029.137321097,"n_hex":3,"sample_h3":"875298b49ffffff","log_pop":1.4082452656,"log_mass":4.4154597746},{"country_iso":"ETH","city_id":5210,"city":"Mek'el\u0113","pop_total":1114.7606477363,"mass_total":424917.5098701468,"n_hex":6,"sample_h3":"875285648ffffff","log_pop":3.0471816292,"log_mass":5.6283046277},{"country_iso":"ETH","city_id":5213,"city":"Qoqa","pop_total":1063.5370094225,"mass_total":180560.0016763748,"n_hex":3,"sample_h3":"877aca364ffffff","log_pop":3.0267526073,"log_mass":5.2566215501},{"country_iso":"ETH","city_id":5214,"city":"Bericha Korebta","pop_total":455.1718184883,"mass_total":158616.0565121101,"n_hex":1,"sample_h3":"877ac8782ffffff","log_pop":2.6581753653,"log_mass":5.2003471483},{"country_iso":"ETH","city_id":5215,"city":"Kersa","pop_total":1120.8744487762,"mass_total":90780.8520544657,"n_hex":2,"sample_h3":"877ac8100ffffff","log_pop":3.0495569692,"log_mass":4.9579942546},{"country_iso":"ETH","city_id":5216,"city":"Enwari","pop_total":78.4029904122,"mass_total":21585.7135978964,"n_hex":1,"sample_h3":"87529b94dffffff","log_pop":1.8943326277,"log_mass":4.3341664105},{"country_iso":"ETH","city_id":5217,"city":"Shakiso","pop_total":17.5248184204,"mass_total":4660.9635770446,"n_hex":1,"sample_h3":"877aeb108ffffff","log_pop":1.2436535268,"log_mass":3.6684757092},{"country_iso":"ETH","city_id":5221,"city":"Enda Mariam Sion","pop_total":23.3558197021,"mass_total":14433.4533769972,"n_hex":1,"sample_h3":"875285a32ffffff","log_pop":1.368395114,"log_mass":4.1593702537},{"country_iso":"ETH","city_id":5225,"city":"Deneba","pop_total":11.8356609344,"mass_total":8869.0060513462,"n_hex":1,"sample_h3":"87529b84dffffff","log_pop":1.0731925151,"log_mass":3.9478749512},{"country_iso":"ETH","city_id":5227,"city":"Mojo","pop_total":11248.2086060767,"mass_total":2823322.5011546817,"n_hex":8,"sample_h3":"877aca222ffffff","log_pop":4.0510833621,"log_mass":6.4507604894},{"country_iso":"ETH","city_id":5228,"city":"Kibre Mengist","pop_total":39.9372797012,"mass_total":18952.9403258176,"n_hex":2,"sample_h3":"877aeb188ffffff","log_pop":1.6013784799,"log_mass":4.2776765952},{"country_iso":"ETH","city_id":5230,"city":"Quiha","pop_total":2195.489898906,"mass_total":56392.2043251712,"n_hex":2,"sample_h3":"875281910ffffff","log_pop":3.3415314433,"log_mass":4.7512190711},{"country_iso":"ETH","city_id":5232,"city":"Degolo","pop_total":133.3207817078,"mass_total":168870.9276178154,"n_hex":1,"sample_h3":"875299c36ffffff","log_pop":2.1248978514,"log_mass":5.227554889},{"country_iso":"ETH","city_id":5236,"city":"Asella","pop_total":17856.2430301217,"mass_total":1878759.6612921138,"n_hex":7,"sample_h3":"877ac8450ffffff","log_pop":4.2517900882,"log_mass":6.2738712269},{"country_iso":"ETH","city_id":5237,"city":"Maychew","pop_total":472.4172781701,"mass_total":87254.1003346997,"n_hex":3,"sample_h3":"87528109affffff","log_pop":2.6743257731,"log_mass":4.9407858449},{"country_iso":"ETH","city_id":5239,"city":"Sagure","pop_total":391.1240890653,"mass_total":179606.8146388792,"n_hex":3,"sample_h3":"877ac8540ffffff","log_pop":2.5923145647,"log_mass":5.2543228106},{"country_iso":"ETH","city_id":5244,"city":"Shano","pop_total":91.5174407959,"mass_total":7467.3871743793,"n_hex":1,"sample_h3":"87529b31effffff","log_pop":1.961503867,"log_mass":3.8731686695},{"country_iso":"ETH","city_id":5245,"city":"Ch'Engi Shet'","pop_total":22.4473667145,"mass_total":7522.8466917733,"n_hex":1,"sample_h3":"87529ba35ffffff","log_pop":1.3511654015,"log_mass":3.8763822114},{"country_iso":"ETH","city_id":5246,"city":"Adama","pop_total":193318.2150093565,"mass_total":15780151.4928418342,"n_hex":19,"sample_h3":"877aca041ffffff","log_pop":5.2862727765,"log_mass":7.1981111682},{"country_iso":"ETH","city_id":5251,"city":"Itiya","pop_total":1524.1035098057,"mass_total":110731.5623549297,"n_hex":2,"sample_h3":"877acab00ffffff","log_pop":3.1830144632,"log_mass":5.0442714276},{"country_iso":"ETH","city_id":5252,"city":"Dodolla","pop_total":564.5672283173,"mass_total":63221.0071578882,"n_hex":3,"sample_h3":"877acc2b0ffffff","log_pop":2.7517156649,"log_mass":4.8008614102},{"country_iso":"ETH","city_id":5254,"city":"Asassa","pop_total":1721.426399964,"mass_total":271292.5399213062,"n_hex":3,"sample_h3":"877acc645ffffff","log_pop":3.2358884591,"log_mass":5.4334378516},{"country_iso":"ETH","city_id":5255,"city":"Moyale","pop_total":2856.7761972091,"mass_total":968988.385351614,"n_hex":4,"sample_h3":"877aed906ffffff","log_pop":3.4558762186,"log_mass":5.9863185715},{"country_iso":"ETH","city_id":5257,"city":"Haro","pop_total":22.1439781189,"mass_total":5113.1852564502,"n_hex":1,"sample_h3":"875299d65ffffff","log_pop":1.3452556436,"log_mass":3.708691528},{"country_iso":"ETH","city_id":5260,"city":"Bekoji","pop_total":2214.312673752,"mass_total":257887.7539653704,"n_hex":3,"sample_h3":"877ac8c08ffffff","log_pop":3.3452389458,"log_mass":5.4114307198},{"country_iso":"ETH","city_id":5261,"city":"Dera","pop_total":4532.9141814512,"mass_total":748175.2519274269,"n_hex":3,"sample_h3":"877aca169ffffff","log_pop":3.6563774969,"log_mass":5.8740033385},{"country_iso":"ETH","city_id":5267,"city":"Huruta","pop_total":732.2826843262,"mass_total":54518.2337883869,"n_hex":2,"sample_h3":"877aca84effffff","log_pop":2.8646787649,"log_mass":4.7365417777},{"country_iso":"ETH","city_id":5277,"city":"Dessie","pop_total":593.9594907349,"mass_total":287928.272248601,"n_hex":4,"sample_h3":"87529d300ffffff","log_pop":2.7737568262,"log_mass":5.4592843112},{"country_iso":"ETH","city_id":5278,"city":"Welenchete","pop_total":59.8445796967,"mass_total":5647.4450146996,"n_hex":1,"sample_h3":"877aca0d3ffffff","log_pop":1.7770248212,"log_mass":3.7518520112},{"country_iso":"ETH","city_id":5279,"city":"Debre Birhan","pop_total":429.7401351929,"mass_total":131466.3055488786,"n_hex":1,"sample_h3":"875299692ffffff","log_pop":2.6332059161,"log_mass":5.1188144586},{"country_iso":"ETH","city_id":5283,"city":"Siltana","pop_total":320.2948849734,"mass_total":134177.4779173912,"n_hex":3,"sample_h3":"877ac8d02ffffff","log_pop":2.5055500031,"log_mass":5.1276796243},{"country_iso":"ETH","city_id":5286,"city":"Adaba","pop_total":1057.5516042709,"mass_total":208605.6489400782,"n_hex":1,"sample_h3":"877acc708ffffff","log_pop":3.0243015684,"log_mass":5.3193260647},{"country_iso":"ETH","city_id":5288,"city":"Sire","pop_total":1204.2129999236,"mass_total":193706.3901772496,"n_hex":3,"sample_h3":"877aca8d0ffffff","log_pop":3.0807033113,"log_mass":5.2871439479},{"country_iso":"ETH","city_id":5290,"city":"Mehal Meda","pop_total":32.9402567134,"mass_total":17084.7635249684,"n_hex":3,"sample_h3":"875299024ffffff","log_pop":1.5177269794,"log_mass":4.232608972},{"country_iso":"ETH","city_id":5292,"city":"Gobesa","pop_total":400.0850243363,"mass_total":29845.2370568542,"n_hex":2,"sample_h3":"877ace34cffffff","log_pop":2.6021522955,"log_mass":4.4748750328},{"country_iso":"ETH","city_id":5293,"city":"Zeramel","pop_total":30.9722557068,"mass_total":115454.5710067655,"n_hex":1,"sample_h3":"8752990f6ffffff","log_pop":1.4909728361,"log_mass":5.0624111319},{"country_iso":"ETH","city_id":5294,"city":"Uaddara","pop_total":58.8232507706,"mass_total":24356.106781022,"n_hex":1,"sample_h3":"877aebd35ffffff","log_pop":1.7695490214,"log_mass":4.3866078694},{"country_iso":"ETH","city_id":5297,"city":"Ticho","pop_total":294.2661819458,"mass_total":44147.802125168,"n_hex":1,"sample_h3":"877ace2e1ffffff","log_pop":2.4687403544,"log_mass":4.6449090873},{"country_iso":"ETH","city_id":5300,"city":"Deksis","pop_total":159.0478401184,"mass_total":11438.3461914554,"n_hex":2,"sample_h3":"877aca822ffffff","log_pop":2.2015277757,"log_mass":4.0583632367},{"country_iso":"ETH","city_id":5306,"city":"Robe","pop_total":1038.9246729608,"mass_total":113777.1598738736,"n_hex":2,"sample_h3":"877ace288ffffff","log_pop":3.0165840603,"log_mass":5.0560550886},{"country_iso":"ETH","city_id":5307,"city":"Arboye","pop_total":659.6515197754,"mass_total":65693.3720792598,"n_hex":1,"sample_h3":"877acac5cffffff","log_pop":2.8193145673,"log_mass":4.817521555},{"country_iso":"ETH","city_id":5315,"city":"Kula","pop_total":37.7534580231,"mass_total":15563.3028230279,"n_hex":1,"sample_h3":"877ace64dffffff","log_pop":1.5769567369,"log_mass":4.1921017678},{"country_iso":"ETH","city_id":5335,"city":"Habe","pop_total":454.0793809891,"mass_total":54214.225809169,"n_hex":1,"sample_h3":"877ace76bffffff","log_pop":2.6571317817,"log_mass":4.7341132603},{"country_iso":"ETH","city_id":5336,"city":"Abomsa","pop_total":103.249215126,"mass_total":27617.3971339586,"n_hex":1,"sample_h3":"877acacd6ffffff","log_pop":2.0138867589,"log_mass":4.4411827451},{"country_iso":"ETH","city_id":5342,"city":"Gersa Halila","pop_total":4.1778516769,"mass_total":1574.2169803922,"n_hex":1,"sample_h3":"877ace6e4ffffff","log_pop":0.6209530175,"log_mass":3.1970645926},{"country_iso":"ETH","city_id":5343,"city":"Agarfa","pop_total":667.7794294993,"mass_total":260041.9784741815,"n_hex":3,"sample_h3":"877aceb12ffffff","log_pop":2.8246330368,"log_mass":5.4150434616},{"country_iso":"ETH","city_id":5347,"city":"Sinkille","pop_total":1178.4709815979,"mass_total":152154.9208288592,"n_hex":2,"sample_h3":"877acad21ffffff","log_pop":3.071318893,"log_mass":5.1822860024},{"country_iso":"ETH","city_id":5351,"city":"Adele","pop_total":83.6410598755,"mass_total":81749.1268454576,"n_hex":1,"sample_h3":"877ace774ffffff","log_pop":1.9224195274,"log_mass":4.9124831227},{"country_iso":"ETH","city_id":5357,"city":"Teferi Birhan","pop_total":124.1683206857,"mass_total":46776.74764406,"n_hex":2,"sample_h3":"877add264ffffff","log_pop":2.0940108075,"log_mass":4.6700300223},{"country_iso":"ETH","city_id":5364,"city":"Bale","pop_total":874.7915115356,"mass_total":88025.9078304273,"n_hex":1,"sample_h3":"877ace08bffffff","log_pop":2.9419045602,"log_mass":4.9446105127},{"country_iso":"ETH","city_id":5366,"city":"Goba","pop_total":2273.1964472228,"mass_total":220157.6939076749,"n_hex":3,"sample_h3":"877acc592ffffff","log_pop":3.3566369686,"log_mass":5.3427338675},{"country_iso":"ETH","city_id":5369,"city":"Robe","pop_total":22332.3732196284,"mass_total":1717561.1954699093,"n_hex":7,"sample_h3":"877ace82dffffff","log_pop":4.3489348772,"log_mass":6.2349122196},{"country_iso":"ETH","city_id":5384,"city":"Seru","pop_total":37.3928146362,"mass_total":31916.6982023608,"n_hex":1,"sample_h3":"877ace541ffffff","log_pop":1.5727881566,"log_mass":4.504017957},{"country_iso":"ETH","city_id":5385,"city":"Gasera","pop_total":458.2299488554,"mass_total":80617.0913606024,"n_hex":3,"sample_h3":"877ace892ffffff","log_pop":2.6610834703,"log_mass":4.9064271249},{"country_iso":"ETH","city_id":5391,"city":"Mechara","pop_total":396.9510753706,"mass_total":266115.9307331604,"n_hex":3,"sample_h3":"877add393ffffff","log_pop":2.5987369828,"log_mass":5.4250708739},{"country_iso":"ETH","city_id":5392,"city":"Micheta","pop_total":65.0445014093,"mass_total":24008.243853097,"n_hex":2,"sample_h3":"877add382ffffff","log_pop":1.813210589,"log_mass":4.3803603936},{"country_iso":"ETH","city_id":5400,"city":"Meliyu","pop_total":444.3463817596,"mass_total":53917.023393,"n_hex":2,"sample_h3":"877ac1674ffffff","log_pop":2.6477216481,"log_mass":4.731725908},{"country_iso":"ETH","city_id":5409,"city":"Jara","pop_total":353.253242732,"mass_total":80982.8853032369,"n_hex":2,"sample_h3":"877acedacffffff","log_pop":2.5480861572,"log_mass":4.908393246},{"country_iso":"ETH","city_id":5410,"city":"Goro","pop_total":75.9803319211,"mass_total":24493.2675182745,"n_hex":3,"sample_h3":"877ac1622ffffff","log_pop":1.8807011864,"log_mass":4.3890467259},{"country_iso":"ETH","city_id":5416,"city":"Boke Tiko","pop_total":95.2261454938,"mass_total":30442.17077199,"n_hex":3,"sample_h3":"877add7a2ffffff","log_pop":1.9787562056,"log_mass":4.4834756179},{"country_iso":"ETH","city_id":5429,"city":"Ginir","pop_total":2249.1113432978,"mass_total":494990.3413672727,"n_hex":3,"sample_h3":"877ac3b46ffffff","log_pop":3.3520109559,"log_mass":5.6945967247},{"country_iso":"ETH","city_id":5431,"city":"Filtu","pop_total":129.5181270525,"mass_total":75698.6680773351,"n_hex":2,"sample_h3":"877aee440ffffff","log_pop":2.1123305555,"log_mass":4.8790882381},{"country_iso":"ETH","city_id":5463,"city":"Karamile","pop_total":34.6221542358,"mass_total":11903.1042817721,"n_hex":1,"sample_h3":"877ad8552ffffff","log_pop":1.5393540868,"log_mass":4.0756602384},{"country_iso":"ETH","city_id":5498,"city":"Dire Dawa","pop_total":3753.2164986854,"mass_total":741946.3755528089,"n_hex":8,"sample_h3":"877ada912ffffff","log_pop":3.5744036168,"log_mass":5.8703725176},{"country_iso":"ETH","city_id":5511,"city":"Didimtu","pop_total":151.1733174343,"mass_total":48721.3875571086,"n_hex":3,"sample_h3":"877ade770ffffff","log_pop":2.1794751436,"log_mass":4.6877196483},{"country_iso":"ETH","city_id":5514,"city":"Harar","pop_total":640.1777458191,"mass_total":309477.5373512369,"n_hex":5,"sample_h3":"877ade0d2ffffff","log_pop":2.8063005729,"log_mass":5.4906291323},{"country_iso":"ETH","city_id":5518,"city":"Finangiuba","pop_total":21.4765033722,"mass_total":1768.0912425319,"n_hex":1,"sample_h3":"877ade71bffffff","log_pop":1.3319635745,"log_mass":3.2475046731},{"country_iso":"ETH","city_id":5534,"city":"Dolo","pop_total":20.836721468,"mass_total":43123.3102469782,"n_hex":2,"sample_h3":"877ae0620ffffff","log_pop":1.3188293864,"log_mass":4.6347120909},{"country_iso":"ETH","city_id":5536,"city":"East Imi","pop_total":4.0038212538,"mass_total":6356.8470089799,"n_hex":1,"sample_h3":"877ac0d92ffffff","log_pop":0.6024746806,"log_mass":3.8032417593},{"country_iso":"ETH","city_id":5539,"city":"Gursum Timhirt Bet","pop_total":8.7117791943,"mass_total":6399.8572914273,"n_hex":1,"sample_h3":"877ade401ffffff","log_pop":0.9401068594,"log_mass":3.8061702899},{"country_iso":"ETH","city_id":5564,"city":"Jijiga","pop_total":6475.6946002586,"mass_total":648679.8627061527,"n_hex":6,"sample_h3":"8752d26daffffff","log_pop":3.8112863588,"log_mass":5.8120304161},{"country_iso":"ETH","city_id":5613,"city":"Togechane","pop_total":527.2685470581,"mass_total":129022.3589491391,"n_hex":2,"sample_h3":"8752d358affffff","log_pop":2.7220318653,"log_mass":5.1106649779},{"country_iso":"ETH","city_id":5622,"city":"Hartishek","pop_total":200.1295051575,"mass_total":25661.7088318539,"n_hex":1,"sample_h3":"877ad354effffff","log_pop":2.3013111215,"log_mass":4.409285573},{"country_iso":"ETH","city_id":5661,"city":"Gode","pop_total":221.2062475672,"mass_total":66204.7626675339,"n_hex":3,"sample_h3":"877af1483ffffff","log_pop":2.3447973887,"log_mass":4.820889233},{"country_iso":"ETH","city_id":5825,"city":"Galdogob","pop_total":19.3623962402,"mass_total":7576.6602890734,"n_hex":1,"sample_h3":"877a8e311ffffff","log_pop":1.2869591035,"log_mass":3.8794778154}]