[{"country_iso":"SRB","city_id":3230,"city":"Subotica","pop_total":54114.2997764054,"mass_total":15932409.9700094238,"n_hex":11,"sample_h3":"871e18328ffffff","log_pop":4.7333120432,"log_mass":7.2022814731},{"country_iso":"SRB","city_id":3240,"city":"Novi Sad","pop_total":191569.5805386539,"mass_total":43235651.7475375906,"n_hex":26,"sample_h3":"871e1b100ffffff","log_pop":5.2823265483,"log_mass":7.63584201},{"country_iso":"SRB","city_id":3256,"city":"Valjevo","pop_total":33899.0498217901,"mass_total":8877947.8258402366,"n_hex":7,"sample_h3":"871ef5d82ffffff","log_pop":4.5301875253,"log_mass":6.9483125884},{"country_iso":"SRB","city_id":3266,"city":"Zrenjanin","pop_total":43200.349843524,"mass_total":14750938.5810654033,"n_hex":10,"sample_h3":"871e1ba00ffffff","log_pop":4.6354872638,"log_mass":7.1688196547},{"country_iso":"SRB","city_id":3270,"city":"Belgrade","pop_total":801302.5938623367,"mass_total":157450705.9228951633,"n_hex":67,"sample_h3":"871e1b21affffff","log_pop":5.9037965486,"log_mass":8.1971446121},{"country_iso":"SRB","city_id":3279,"city":"\u010ca\u010dak","pop_total":43673.9891973182,"mass_total":10299766.994486155,"n_hex":9,"sample_h3":"871ef5408ffffff","log_pop":4.6402228623,"log_mass":7.0128274},{"country_iso":"SRB","city_id":3281,"city":"Pancevo","pop_total":34400.6879115095,"mass_total":12847500.9885198623,"n_hex":10,"sample_h3":"871e1b2c8ffffff","log_pop":4.5365671273,"log_mass":7.1088186598},{"country_iso":"SRB","city_id":3292,"city":"Novi Pazar","pop_total":48665.9774419663,"mass_total":7930180.509009596,"n_hex":8,"sample_h3":"871ef0221ffffff","log_pop":4.6872254505,"log_mass":6.899283073},{"country_iso":"SRB","city_id":3296,"city":"Kraljevo","pop_total":36724.3632446485,"mass_total":8098588.4040439827,"n_hex":9,"sample_h3":"871ef5610ffffff","log_pop":4.5649542744,"log_mass":6.9084093273},{"country_iso":"SRB","city_id":3304,"city":"Kragujevac","pop_total":90051.0705330867,"mass_total":20220520.8718500957,"n_hex":14,"sample_h3":"871ef50c8ffffff","log_pop":4.9544888801,"log_mass":7.3057923386},{"country_iso":"SRB","city_id":3326,"city":"Kru\u0161evac","pop_total":45834.8595893579,"mass_total":9226491.2271434404,"n_hex":7,"sample_h3":"871ef1802ffffff","log_pop":4.6611959053,"log_mass":6.9650365731},{"country_iso":"SRB","city_id":3340,"city":"Ni\u0161","pop_total":138875.4594735828,"mass_total":22785600.6662928909,"n_hex":13,"sample_h3":"871ef1a88ffffff","log_pop":5.1426255088,"log_mass":7.3576604818},{"country_iso":"SRB","city_id":3346,"city":"Leskovac","pop_total":37289.2058513361,"mass_total":8198174.3152874401,"n_hex":7,"sample_h3":"871ef1212ffffff","log_pop":4.5715831343,"log_mass":6.9137171484}]