[{"country_iso":"MMR","city_id":10100,"city":"Paletwa","pop_total":11.0666488951,"mass_total":29942.4608639399,"n_hex":1,"sample_h3":"873cdc730ffffff","log_pop":1.0440161316,"log_mass":4.4762874906},{"country_iso":"MMR","city_id":10102,"city":"Rathedaung","pop_total":24.818718195,"mass_total":25893.4622399612,"n_hex":1,"sample_h3":"873cde04affffff","log_pop":1.3947793479,"log_mass":4.4131901243},{"country_iso":"MMR","city_id":10103,"city":"Kyauktaw","pop_total":130.556417942,"mass_total":83729.4248024489,"n_hex":1,"sample_h3":"873cdea5cffffff","log_pop":2.1157982259,"log_mass":4.9228781077},{"country_iso":"MMR","city_id":10104,"city":"Sittwe","pop_total":12264.8418699078,"mass_total":1984101.444294587,"n_hex":6,"sample_h3":"873cde644ffffff","log_pop":4.0886619532,"log_mass":6.2975638732},{"country_iso":"MMR","city_id":10107,"city":"Mrauk U","pop_total":269.3508843141,"mass_total":55761.8468720629,"n_hex":2,"sample_h3":"873cd8c90ffffff","log_pop":2.4303184057,"log_mass":4.7463371495},{"country_iso":"MMR","city_id":10108,"city":"Pauktaw","pop_total":163.8991917816,"mass_total":123724.1559860675,"n_hex":3,"sample_h3":"873cda900ffffff","log_pop":2.214576812,"log_mass":5.0924544998},{"country_iso":"MMR","city_id":10110,"city":"Minbya","pop_total":307.871114686,"mass_total":95183.8591763875,"n_hex":2,"sample_h3":"873cd8586ffffff","log_pop":2.4883689441,"log_mass":4.978563309},{"country_iso":"MMR","city_id":10113,"city":"Kyaukpyu","pop_total":1020.1609797122,"mass_total":114195.8003493486,"n_hex":3,"sample_h3":"873cda70cffffff","log_pop":3.0086687081,"log_mass":5.0576501326},{"country_iso":"MMR","city_id":10114,"city":"Hpakant","pop_total":16682.4211359578,"mass_total":18903334.4878852591,"n_hex":23,"sample_h3":"874049080ffffff","log_pop":4.2222590805,"log_mass":7.2765384191},{"country_iso":"MMR","city_id":10121,"city":"Monywa","pop_total":49197.9227625454,"mass_total":6334500.1090457272,"n_hex":11,"sample_h3":"873cca0a0ffffff","log_pop":4.6919467663,"log_mass":6.801712348},{"country_iso":"MMR","city_id":10125,"city":"Mohnyin","pop_total":2080.7130179457,"mass_total":1331951.5922437781,"n_hex":4,"sample_h3":"873ccda61ffffff","log_pop":3.3182121843,"log_mass":6.1244884413},{"country_iso":"MMR","city_id":10129,"city":"Chauk","pop_total":7865.706349917,"mass_total":1316513.7459384408,"n_hex":4,"sample_h3":"873cd9094ffffff","log_pop":3.8957377289,"log_mass":6.119425398},{"country_iso":"MMR","city_id":10131,"city":"Pakokku","pop_total":17737.6688353034,"mass_total":3232888.1287671984,"n_hex":6,"sample_h3":"873cd9aa0ffffff","log_pop":4.2488965423,"log_mass":6.5095906765},{"country_iso":"MMR","city_id":10132,"city":"Katha","pop_total":1251.9224809721,"mass_total":314200.2831363906,"n_hex":5,"sample_h3":"873ccd280ffffff","log_pop":3.0975774382,"log_mass":5.4972065721},{"country_iso":"MMR","city_id":10134,"city":"Taungup","pop_total":463.6009900074,"mass_total":414265.3321492843,"n_hex":1,"sample_h3":"87648b00cffffff","log_pop":2.6661443547,"log_mass":5.6172785908},{"country_iso":"MMR","city_id":10135,"city":"Shwebo","pop_total":19846.8509076418,"mass_total":2581774.3543543206,"n_hex":9,"sample_h3":"873ccaa40ffffff","log_pop":4.2976916072,"log_mass":6.4119182825},{"country_iso":"MMR","city_id":10141,"city":"Kyaukpadaung","pop_total":7715.4090910444,"mass_total":1050878.5039371923,"n_hex":3,"sample_h3":"873cd9755ffffff","log_pop":3.8873589584,"log_mass":6.0215525085},{"country_iso":"MMR","city_id":10142,"city":"Myingyan","pop_total":17411.5549132179,"mass_total":2649838.5766135654,"n_hex":8,"sample_h3":"873cd9a41ffffff","log_pop":4.2408375569,"log_mass":6.4232194183},{"country_iso":"MMR","city_id":10143,"city":"Magway","pop_total":13137.5664982141,"mass_total":2921913.683707451,"n_hex":5,"sample_h3":"873cdb321ffffff","log_pop":4.1185149273,"log_mass":6.4656673823},{"country_iso":"MMR","city_id":10147,"city":"Myitkyina","pop_total":50896.2045421264,"mass_total":8742486.8094975706,"n_hex":19,"sample_h3":"874048165ffffff","log_pop":4.7066853971,"log_mass":6.9416349857},{"country_iso":"MMR","city_id":10155,"city":"Mandalay","pop_total":891474.4207010308,"mass_total":68567614.8392599225,"n_hex":67,"sample_h3":"873ccb480ffffff","log_pop":5.9501088864,"log_mass":7.8361190426},{"country_iso":"MMR","city_id":10157,"city":"Madaya","pop_total":4749.7906298693,"mass_total":607433.8598464809,"n_hex":3,"sample_h3":"873ccb50affffff","log_pop":3.6766744664,"log_mass":5.7834989969},{"country_iso":"MMR","city_id":10158,"city":"Tada-U","pop_total":1474.1725556308,"mass_total":434065.8640342793,"n_hex":6,"sample_h3":"87649b610ffffff","log_pop":3.1685483218,"log_mass":5.6375556332},{"country_iso":"MMR","city_id":10159,"city":"Mogok","pop_total":18277.106099959,"mass_total":2002231.587013077,"n_hex":5,"sample_h3":"873ccb84cffffff","log_pop":4.261907433,"log_mass":6.3015143085},{"country_iso":"MMR","city_id":10161,"city":"Bhamo","pop_total":6629.2532978451,"mass_total":798791.5738967346,"n_hex":5,"sample_h3":"87404d808ffffff","log_pop":3.8214646133,"log_mass":5.902433475},{"country_iso":"MMR","city_id":10162,"city":"Aunglan","pop_total":6887.5361633843,"mass_total":1467719.0833152572,"n_hex":5,"sample_h3":"87648a741ffffff","log_pop":3.8380638922,"log_mass":6.166642941},{"country_iso":"MMR","city_id":10164,"city":"Tan Soe \u1010\u1036\u1005\u102d\u102f\u1038","pop_total":14235.9776497224,"mass_total":1844029.0702156548,"n_hex":5,"sample_h3":"87649b098ffffff","log_pop":4.1533872975,"log_mass":6.2657677632},{"country_iso":"MMR","city_id":10165,"city":"Meiktila","pop_total":19052.8366262511,"mass_total":3247364.844874267,"n_hex":10,"sample_h3":"87649bb09ffffff","log_pop":4.2799596435,"log_mass":6.5115310848},{"country_iso":"MMR","city_id":10166,"city":"Taungdwingyi","pop_total":7455.9223413804,"mass_total":1262906.9743954372,"n_hex":6,"sample_h3":"876499a11ffffff","log_pop":3.8725013759,"log_mass":6.1013713616},{"country_iso":"MMR","city_id":10167,"city":"Myittha","pop_total":2460.8651862144,"mass_total":401859.5715813246,"n_hex":3,"sample_h3":"87649b011ffffff","log_pop":3.3910878224,"log_mass":5.6040743169},{"country_iso":"MMR","city_id":10168,"city":"Wundwin","pop_total":5391.8766518948,"mass_total":683178.6731426925,"n_hex":5,"sample_h3":"87649bb82ffffff","log_pop":3.7317399484,"log_mass":5.8345343005},{"country_iso":"MMR","city_id":10170,"city":"Pyin Oo Lwin","pop_total":21092.6795388334,"mass_total":5641546.3443625979,"n_hex":14,"sample_h3":"873ccb780ffffff","log_pop":4.3241317545,"log_mass":6.7513981601},{"country_iso":"MMR","city_id":10171,"city":"Pyay","pop_total":36135.0901049221,"mass_total":5136341.9188927645,"n_hex":8,"sample_h3":"87648aa00ffffff","log_pop":4.557929142,"log_mass":6.7106539264},{"country_iso":"MMR","city_id":10172,"city":"Thazi","pop_total":4541.084475895,"mass_total":902568.0484491978,"n_hex":4,"sample_h3":"876499499ffffff","log_pop":3.657159581,"log_mass":5.9554799551},{"country_iso":"MMR","city_id":10176,"city":"Pyawbwe","pop_total":10817.1349545778,"mass_total":1510194.2846535239,"n_hex":5,"sample_h3":"876499421ffffff","log_pop":4.034112248,"log_mass":6.1790328223},{"country_iso":"MMR","city_id":10177,"city":"Pathein","pop_total":39272.2456329944,"mass_total":4556117.0956006991,"n_hex":15,"sample_h3":"87648d064ffffff","log_pop":4.5940857354,"log_mass":6.6585948772},{"country_iso":"MMR","city_id":10178,"city":"Nawnghkio","pop_total":2750.4715525721,"mass_total":648882.789583721,"n_hex":3,"sample_h3":"873ccb2a6ffffff","log_pop":3.4394071575,"log_mass":5.8121662555},{"country_iso":"MMR","city_id":10180,"city":"Myan Aung","pop_total":5208.841014619,"mass_total":707551.2128836142,"n_hex":4,"sample_h3":"876488464ffffff","log_pop":3.716741102,"log_mass":5.8497578798},{"country_iso":"MMR","city_id":10181,"city":"Yamethin","pop_total":9949.772962415,"mass_total":1412428.2565706593,"n_hex":3,"sample_h3":"87649952dffffff","log_pop":3.997813171,"log_mass":6.1499663973},{"country_iso":"MMR","city_id":10183,"city":"Ngathaingchaung","pop_total":2020.7542538045,"mass_total":490413.7887957614,"n_hex":3,"sample_h3":"87648d41affffff","log_pop":3.3055135017,"log_mass":5.6905626726},{"country_iso":"MMR","city_id":10184,"city":"Kyaukme","pop_total":7331.3984740285,"mass_total":2793319.7215331835,"n_hex":6,"sample_h3":"873ccb264ffffff","log_pop":3.8651868248,"log_mass":6.4461206476},{"country_iso":"MMR","city_id":10187,"city":"Paungde","pop_total":4716.3769264932,"mass_total":901044.0908373471,"n_hex":3,"sample_h3":"8764884a4ffffff","log_pop":3.673608506,"log_mass":5.9547460429},{"country_iso":"MMR","city_id":10188,"city":"yedgy","pop_total":365.2022476196,"mass_total":136414.7547172983,"n_hex":2,"sample_h3":"87648d411ffffff","log_pop":2.5625334417,"log_mass":5.1348613465},{"country_iso":"MMR","city_id":10189,"city":"Namhkam","pop_total":13931.5199503917,"mass_total":2728857.9671742022,"n_hex":9,"sample_h3":"87406b312ffffff","log_pop":4.1439985012,"log_mass":6.4359809319},{"country_iso":"MMR","city_id":10190,"city":"Labutta","pop_total":3426.6515989304,"mass_total":616666.2274619008,"n_hex":3,"sample_h3":"8764f6401ffffff","log_pop":3.5348699503,"log_mass":5.7900501644},{"country_iso":"MMR","city_id":10191,"city":"Myaungmya","pop_total":6860.9775154675,"mass_total":1433028.6650641346,"n_hex":5,"sample_h3":"87648d8e0ffffff","log_pop":3.8363859961,"log_mass":6.1562548777},{"country_iso":"MMR","city_id":10194,"city":"Nattalin","pop_total":5653.2001680262,"mass_total":771472.5862400986,"n_hex":4,"sample_h3":"87648858cffffff","log_pop":3.7522943632,"log_mass":5.8873204983},{"country_iso":"MMR","city_id":10195,"city":"Kyonpyaw","pop_total":2255.1146944327,"mass_total":326103.6631093404,"n_hex":5,"sample_h3":"87648d432ffffff","log_pop":3.3531686349,"log_mass":5.5133556772},{"country_iso":"MMR","city_id":10197,"city":"Tatkon","pop_total":8785.7539940095,"mass_total":1438901.1225873658,"n_hex":6,"sample_h3":"876499d43ffffff","log_pop":3.9437790386,"log_mass":6.1580309514},{"country_iso":"MMR","city_id":10198,"city":"Kyaung Kone","pop_total":755.524201165,"mass_total":343949.3512818083,"n_hex":3,"sample_h3":"87648d52dffffff","log_pop":2.8782483803,"log_mass":5.5364944947},{"country_iso":"MMR","city_id":10199,"city":"Hsipaw","pop_total":4730.3903236501,"mass_total":1239885.4095819322,"n_hex":4,"sample_h3":"874069321ffffff","log_pop":3.6748969776,"log_mass":6.0933815494},{"country_iso":"MMR","city_id":10200,"city":"Naypyidaw","pop_total":39724.7911962584,"mass_total":7133545.7454904402,"n_hex":14,"sample_h3":"876499904ffffff","log_pop":4.5990616231,"log_mass":6.8533054506},{"country_iso":"MMR","city_id":10201,"city":"Lewe","pop_total":3518.4675693325,"mass_total":1173136.2155247219,"n_hex":4,"sample_h3":"87649d2c2ffffff","log_pop":3.5463535524,"log_mass":6.069348442},{"country_iso":"MMR","city_id":10203,"city":"Hinthada","pop_total":15095.3358464185,"mass_total":2924819.8259462914,"n_hex":7,"sample_h3":"876488830ffffff","log_pop":4.1788427798,"log_mass":6.4660991179},{"country_iso":"MMR","city_id":10204,"city":"Ahtaung","pop_total":354.0966739598,"mass_total":172378.8413721612,"n_hex":3,"sample_h3":"87648d5b0ffffff","log_pop":2.5491218474,"log_mass":5.2364839573},{"country_iso":"MMR","city_id":10206,"city":"Gyobingauk","pop_total":3626.8161393558,"mass_total":794025.014784839,"n_hex":4,"sample_h3":"876488c98ffffff","log_pop":3.5595255397,"log_mass":5.8998341846},{"country_iso":"MMR","city_id":10207,"city":"Wakema","pop_total":1925.5247926862,"mass_total":431707.1232185304,"n_hex":4,"sample_h3":"87648d983ffffff","log_pop":3.2845491149,"log_mass":5.6351892146},{"country_iso":"MMR","city_id":10209,"city":"Lawksawk","pop_total":1887.2638012222,"mass_total":393767.5646177355,"n_hex":5,"sample_h3":"87649aa45ffffff","log_pop":3.27583261,"log_mass":5.5952399396},{"country_iso":"MMR","city_id":10210,"city":"Aungpan","pop_total":8840.1322121732,"mass_total":1927921.2838688863,"n_hex":5,"sample_h3":"876498388ffffff","log_pop":3.9464587603,"log_mass":6.2850892979},{"country_iso":"MMR","city_id":10212,"city":"Za Lun","pop_total":2784.217803353,"mass_total":394093.5481657028,"n_hex":3,"sample_h3":"876488924ffffff","log_pop":3.4447032062,"log_mass":5.5955993249},{"country_iso":"MMR","city_id":10213,"city":"Kutkai","pop_total":2834.9522230017,"mass_total":845398.1641671911,"n_hex":5,"sample_h3":"87406b84bffffff","log_pop":3.4525457442,"log_mass":5.9270613004},{"country_iso":"MMR","city_id":10215,"city":"Pantanaw","pop_total":2423.6389837976,"mass_total":466707.2306628754,"n_hex":2,"sample_h3":"87648dd9cffffff","log_pop":3.3844679294,"log_mass":5.6690445294},{"country_iso":"MMR","city_id":10216,"city":"Mawlamyinegyunn","pop_total":3494.4539819923,"mass_total":1072048.5032053527,"n_hex":5,"sample_h3":"87648d934ffffff","log_pop":3.5433793257,"log_mass":6.0302144348},{"country_iso":"MMR","city_id":10217,"city":"Lashio","pop_total":53801.8712693345,"mass_total":11617643.9268883262,"n_hex":13,"sample_h3":"874069082ffffff","log_pop":4.730797381,"log_mass":7.0651180615},{"country_iso":"MMR","city_id":10218,"city":"Letpadan","pop_total":2267.4469983905,"mass_total":764797.2274649877,"n_hex":6,"sample_h3":"87648c689ffffff","log_pop":3.3555371442,"log_mass":5.8835463049},{"country_iso":"MMR","city_id":10219,"city":"Danu Phyu","pop_total":4276.9519881267,"mass_total":882714.5084746018,"n_hex":5,"sample_h3":"87648c200ffffff","log_pop":3.631134375,"log_mass":5.9458202648},{"country_iso":"MMR","city_id":10221,"city":"Thayarwady","pop_total":1190.3521706488,"mass_total":515734.0593363109,"n_hex":5,"sample_h3":"87648c601ffffff","log_pop":3.0756754682,"log_mass":5.7124258134},{"country_iso":"MMR","city_id":10222,"city":"Bogale","pop_total":5869.1491423102,"mass_total":1128949.4483129615,"n_hex":5,"sample_h3":"8764ab2b4ffffff","log_pop":3.7685751456,"log_mass":6.0526744957},{"country_iso":"MMR","city_id":10224,"city":"Taunggyi","pop_total":75118.655215686,"mass_total":12551012.9571472891,"n_hex":19,"sample_h3":"876498080ffffff","log_pop":4.8757478045,"log_mass":7.0986787779},{"country_iso":"MMR","city_id":10225,"city":"Nyaungdon","pop_total":3390.5509087282,"mass_total":703859.9902532764,"n_hex":3,"sample_h3":"87648cad1ffffff","log_pop":3.5302702696,"log_mass":5.8474862792},{"country_iso":"MMR","city_id":10226,"city":"Nyaung Shwe","pop_total":10193.6138180377,"mass_total":1571829.517217698,"n_hex":5,"sample_h3":"87649801bffffff","log_pop":4.0083281764,"log_mass":6.1964054401},{"country_iso":"MMR","city_id":10228,"city":"Maubin","pop_total":8263.6869392806,"mass_total":1475147.7125683492,"n_hex":3,"sample_h3":"87648cb48ffffff","log_pop":3.9171738561,"log_mass":6.1688355102},{"country_iso":"MMR","city_id":10231,"city":"Taungoo","pop_total":28610.5996622749,"mass_total":4360394.5790801365,"n_hex":13,"sample_h3":"87648e4d9ffffff","log_pop":4.4565269605,"log_mass":6.639525791},{"country_iso":"MMR","city_id":10233,"city":"Hopong","pop_total":3314.4631493017,"mass_total":988685.9252547537,"n_hex":3,"sample_h3":"87649854affffff","log_pop":3.5204131948,"log_mass":5.9950583517},{"country_iso":"MMR","city_id":10235,"city":"Taik Kyi","pop_total":3927.4625963604,"mass_total":978372.787896255,"n_hex":3,"sample_h3":"87648c01bffffff","log_pop":3.5941120577,"log_mass":5.9905043649},{"country_iso":"MMR","city_id":10236,"city":"Kyaiklat","pop_total":5290.5942328519,"mass_total":806716.1090809789,"n_hex":5,"sample_h3":"8764ab448ffffff","log_pop":3.7235044542,"log_mass":5.9067207293},{"country_iso":"MMR","city_id":10238,"city":"Pyapon","pop_total":6920.3450976241,"mass_total":1540572.228948521,"n_hex":6,"sample_h3":"8764ab088ffffff","log_pop":3.840127752,"log_mass":6.1876820648},{"country_iso":"MMR","city_id":10242,"city":"Pyu","pop_total":8317.1375565192,"mass_total":1360504.1784808375,"n_hex":5,"sample_h3":"87648e0a0ffffff","log_pop":3.9199738843,"log_mass":6.13369988},{"country_iso":"MMR","city_id":10246,"city":"Twante","pop_total":4127.5966713718,"mass_total":826967.6632681023,"n_hex":4,"sample_h3":"87648cb20ffffff","log_pop":3.6156972536,"log_mass":5.9174885278},{"country_iso":"MMR","city_id":10248,"city":"Yangon","pop_total":3282971.6324348301,"mass_total":203483235.3008035123,"n_hex":114,"sample_h3":"87648c128ffffff","log_pop":6.5162671301,"log_mass":8.3085286341},{"country_iso":"MMR","city_id":10249,"city":"Dedaye","pop_total":1654.402104647,"mass_total":356228.2255862103,"n_hex":3,"sample_h3":"8764ab42dffffff","log_pop":3.2186410739,"log_mass":5.5517283276},{"country_iso":"MMR","city_id":10250,"city":"Panglong","pop_total":8079.9981916727,"mass_total":1510763.5969335693,"n_hex":4,"sample_h3":"8764985b2ffffff","log_pop":3.9074112636,"log_mass":6.1791965116},{"country_iso":"MMR","city_id":10252,"city":"Laukkaing","pop_total":11032.1585569457,"mass_total":3325338.1334072016,"n_hex":5,"sample_h3":"87406aa40ffffff","log_pop":4.042660495,"log_mass":6.5218358126},{"country_iso":"MMR","city_id":10254,"city":"Hlegu","pop_total":7737.2702116574,"mass_total":1351206.5184738473,"n_hex":5,"sample_h3":"87648c122ffffff","log_pop":3.8885877642,"log_mass":6.1307217317},{"country_iso":"MMR","city_id":10255,"city":"Kyauktaga","pop_total":1825.7681575663,"mass_total":369106.2697011765,"n_hex":3,"sample_h3":"87648e882ffffff","log_pop":3.2614456285,"log_mass":5.5671514223},{"country_iso":"MMR","city_id":10257,"city":"Loikaw","pop_total":18280.9767002442,"mass_total":4165745.2115261899,"n_hex":8,"sample_h3":"87649c261ffffff","log_pop":4.2619993951,"log_mass":6.6196927038},{"country_iso":"MMR","city_id":10259,"city":"Tangyan","pop_total":3537.9313071176,"mass_total":1628080.2463676995,"n_hex":4,"sample_h3":"87406d680ffffff","log_pop":3.5487493963,"log_mass":6.211675807},{"country_iso":"MMR","city_id":10260,"city":"Nansang","pop_total":1828.3160753063,"mass_total":484377.4886153957,"n_hex":4,"sample_h3":"87649e200ffffff","log_pop":3.2620512778,"log_mass":5.6851839512},{"country_iso":"MMR","city_id":10261,"city":"Dagon Seikkan","pop_total":26412.0473930434,"mass_total":3374555.2987585757,"n_hex":6,"sample_h3":"87648c814ffffff","log_pop":4.4218020679,"log_mass":6.5282165493},{"country_iso":"MMR","city_id":10263,"city":"Bago","pop_total":45055.9644161991,"mass_total":6621687.4527013488,"n_hex":13,"sample_h3":"87648cc1affffff","log_pop":4.6537522901,"log_mass":6.820968678},{"country_iso":"MMR","city_id":10266,"city":"Nyaunglebin","pop_total":4614.0769224765,"mass_total":480105.0939027007,"n_hex":3,"sample_h3":"87648e9a1ffffff","log_pop":3.6640848305,"log_mass":5.6813363138},{"country_iso":"MMR","city_id":10267,"city":"Daik-U","pop_total":6828.688353733,"mass_total":893594.1184331232,"n_hex":4,"sample_h3":"87648e905ffffff","log_pop":3.8343372929,"log_mass":5.9511403016},{"country_iso":"MMR","city_id":10271,"city":"Thanatpin","pop_total":3192.3758306503,"mass_total":409554.6485024405,"n_hex":1,"sample_h3":"87648cca4ffffff","log_pop":3.5041140141,"log_mass":5.6123118596},{"country_iso":"MMR","city_id":10274,"city":"Shwegyin","pop_total":711.480525905,"mass_total":371706.6971305225,"n_hex":3,"sample_h3":"876481650ffffff","log_pop":2.8521630174,"log_mass":5.570200386},{"country_iso":"MMR","city_id":10276,"city":"Kayan","pop_total":7709.027318386,"mass_total":828676.7383284144,"n_hex":3,"sample_h3":"8764aa6c0ffffff","log_pop":3.8869995847,"log_mass":5.918385148},{"country_iso":"MMR","city_id":10277,"city":"Thongwa","pop_total":5899.0002758026,"mass_total":548757.0586221246,"n_hex":3,"sample_h3":"8764aa640ffffff","log_pop":3.7707784165,"log_mass":5.7393801196},{"country_iso":"MMR","city_id":10278,"city":"Mong Maw;Mongmao","pop_total":731.5587173602,"mass_total":454452.249861212,"n_hex":2,"sample_h3":"874068118ffffff","log_pop":2.8642491898,"log_mass":5.6574882578},{"country_iso":"MMR","city_id":10287,"city":"Kyaikto","pop_total":6075.8410881603,"mass_total":926664.2008764595,"n_hex":5,"sample_h3":"876481a80ffffff","log_pop":3.7836064065,"log_mass":5.9669223856},{"country_iso":"MMR","city_id":10298,"city":"Pauk Taw","pop_total":489.0853211468,"mass_total":250468.1709654109,"n_hex":4,"sample_h3":"876481b80ffffff","log_pop":2.6893846286,"log_mass":5.3987525444},{"country_iso":"MMR","city_id":10304,"city":"Bilin","pop_total":643.537305701,"mass_total":279947.1325187126,"n_hex":4,"sample_h3":"8764818ccffffff","log_pop":2.8085737279,"log_mass":5.4470760234},{"country_iso":"MMR","city_id":10317,"city":"Thaton","pop_total":9483.2825860192,"mass_total":1549262.5142991892,"n_hex":7,"sample_h3":"876481945ffffff","log_pop":3.976958692,"log_mass":6.1901250129},{"country_iso":"MMR","city_id":10326,"city":"Sar Hpo Su","pop_total":2460.8279429155,"mass_total":877027.0406856088,"n_hex":5,"sample_h3":"876485240ffffff","log_pop":3.3910812496,"log_mass":5.9430129838},{"country_iso":"MMR","city_id":10337,"city":"Hpa-An","pop_total":14883.025681592,"mass_total":3776228.8697039504,"n_hex":13,"sample_h3":"876485281ffffff","log_pop":4.1726912312,"log_mass":6.5770583081},{"country_iso":"MMR","city_id":10347,"city":"Mawlamyine","pop_total":78943.8538746067,"mass_total":7487805.5968338605,"n_hex":12,"sample_h3":"876485364ffffff","log_pop":4.8973183239,"log_mass":6.8743545604},{"country_iso":"MMR","city_id":10357,"city":"Mudon","pop_total":6552.6787720624,"mass_total":1204499.9794071678,"n_hex":6,"sample_h3":"876485a70ffffff","log_pop":3.8164188783,"log_mass":6.0808067969},{"country_iso":"MMR","city_id":10360,"city":"Kengtung","pop_total":15623.607074206,"mass_total":3916017.9177806266,"n_hex":7,"sample_h3":"876493540ffffff","log_pop":4.1937813081,"log_mass":6.5928446703},{"country_iso":"MMR","city_id":10362,"city":"Ban Arunothai","pop_total":533.8068944244,"mass_total":676681.5054802683,"n_hex":3,"sample_h3":"876491b82ffffff","log_pop":2.7273841787,"log_mass":5.8303843069},{"country_iso":"MMR","city_id":10365,"city":"War Kha Yu","pop_total":2536.9060970475,"mass_total":635197.5470966285,"n_hex":6,"sample_h3":"8764ae785ffffff","log_pop":3.4043043922,"log_mass":5.8029088123},{"country_iso":"MMR","city_id":10388,"city":"Ye","pop_total":1882.7440566287,"mass_total":498988.1600383964,"n_hex":3,"sample_h3":"8764ae8e0ffffff","log_pop":3.2747912853,"log_mass":5.6980902408},{"country_iso":"MMR","city_id":10403,"city":"Myawaddy","pop_total":24393.741918029,"mass_total":4271094.5327388933,"n_hex":7,"sample_h3":"876485c03ffffff","log_pop":4.3872784247,"log_mass":6.6305391838},{"country_iso":"MMR","city_id":10407,"city":"Tachileik","pop_total":42544.3166901102,"mass_total":12697083.8615939822,"n_hex":12,"sample_h3":"8764902a0ffffff","log_pop":4.6288415528,"log_mass":7.103703988},{"country_iso":"MMR","city_id":10431,"city":"Payathonzu","pop_total":1902.0876350066,"mass_total":931976.7566998105,"n_hex":4,"sample_h3":"8764a1688ffffff","log_pop":3.2792305223,"log_mass":5.9694050813},{"country_iso":"MMR","city_id":10452,"city":"Dawei","pop_total":9688.7981652166,"mass_total":1548036.0921681675,"n_hex":5,"sample_h3":"876412788ffffff","log_pop":3.9862699089,"log_mass":6.189781082},{"country_iso":"MMR","city_id":10540,"city":"Palaw","pop_total":273.3036498537,"mass_total":91347.7938031594,"n_hex":1,"sample_h3":"876416288ffffff","log_pop":2.4366454315,"log_mass":4.9606980629},{"country_iso":"MMR","city_id":10550,"city":"Myeik","pop_total":50689.8782212458,"mass_total":5989142.7508479999,"n_hex":9,"sample_h3":"876410d84ffffff","log_pop":4.7049212479,"log_mass":6.7773646646},{"country_iso":"MMR","city_id":10610,"city":"Kawthaung","pop_total":6386.506029819,"mass_total":1634684.2008038175,"n_hex":6,"sample_h3":"876433860ffffff","log_pop":3.8052633266,"log_mass":6.2134338652}]