[{"country_iso":"ESP","city_id":1494,"city":"Las Palmas de Gran Canaria","pop_total":251140.7636753208,"mass_total":27680082.9365362599,"n_hex":29,"sample_h3":"87344cb60ffffff","log_pop":5.3999172105,"log_mass":7.442167387},{"country_iso":"ESP","city_id":1495,"city":"Arinaga","pop_total":50389.2634609419,"mass_total":9824420.5083057266,"n_hex":13,"sample_h3":"87344ca60ffffff","log_pop":4.7023380103,"log_mass":6.992306943},{"country_iso":"ESP","city_id":1514,"city":"Arrecife","pop_total":41986.5346980862,"mass_total":5963412.0727635361,"n_hex":7,"sample_h3":"873469880ffffff","log_pop":4.6231100322,"log_mass":6.7754948202},{"country_iso":"ESP","city_id":1568,"city":"Vigo","pop_total":203381.8848160954,"mass_total":48503681.1060307026,"n_hex":28,"sample_h3":"873920520ffffff","log_pop":5.3083122678,"log_mass":7.6857746999},{"country_iso":"ESP","city_id":1576,"city":"A Coru\u00f1a","pop_total":204344.0466746251,"mass_total":42117957.6271078512,"n_hex":21,"sample_h3":"873925c1affffff","log_pop":5.3103619896,"log_mass":7.6244673033},{"country_iso":"ESP","city_id":1580,"city":"Ferrol","pop_total":60314.9672019659,"mass_total":18889835.3308567181,"n_hex":13,"sample_h3":"8739251a4ffffff","log_pop":4.780425096,"log_mass":7.276228172},{"country_iso":"ESP","city_id":1588,"city":"Ourense","pop_total":56116.4173282207,"mass_total":12400728.1683042124,"n_hex":9,"sample_h3":"873920234ffffff","log_pop":4.7490899363,"log_mass":7.0934471876},{"country_iso":"ESP","city_id":1599,"city":"Huelva","pop_total":94687.1401780745,"mass_total":16330571.0213540383,"n_hex":12,"sample_h3":"87391121affffff","log_pop":4.9762909998,"log_mass":7.2130013707},{"country_iso":"ESP","city_id":1602,"city":"Badajoz","pop_total":69026.0420965999,"mass_total":13291491.831531968,"n_hex":10,"sample_h3":"873902b12ffffff","log_pop":4.839012972,"log_mass":7.1235737287},{"country_iso":"ESP","city_id":1618,"city":"C\u00e1diz","pop_total":113561.1527678948,"mass_total":14585037.3824745379,"n_hex":11,"sample_h3":"87391e380ffffff","log_pop":5.0552297924,"log_mass":7.1639075466},{"country_iso":"ESP","city_id":1619,"city":"El Puerto de Santa Mar\u00eda","pop_total":44688.5490347928,"mass_total":11434580.3258555252,"n_hex":11,"sample_h3":"87391e049ffffff","log_pop":4.650196254,"log_mass":7.0582202297},{"country_iso":"ESP","city_id":1620,"city":"C\u00e1ceres","pop_total":39277.1423258043,"mass_total":9105172.2402480412,"n_hex":10,"sample_h3":"873900380ffffff","log_pop":4.5941398824,"log_mass":6.9592881656},{"country_iso":"ESP","city_id":1622,"city":"San Fernando","pop_total":66379.7060267289,"mass_total":6771502.367222351,"n_hex":9,"sample_h3":"87391e382ffffff","log_pop":4.8220353247,"log_mass":6.8306850346},{"country_iso":"ESP","city_id":1627,"city":"Jerez","pop_total":115283.6257920807,"mass_total":22807280.1278703175,"n_hex":14,"sample_h3":"87391e300ffffff","log_pop":5.061767627,"log_mass":7.3580734968},{"country_iso":"ESP","city_id":1632,"city":"Seville","pop_total":699822.6983214682,"mass_total":105378006.9099273533,"n_hex":49,"sample_h3":"87391c620ffffff","log_pop":5.8449880245,"log_mass":8.0227499802},{"country_iso":"ESP","city_id":1638,"city":"Dos Hermanas","pop_total":49421.452900629,"mass_total":10006615.6109396257,"n_hex":8,"sample_h3":"87391c600ffffff","log_pop":4.6939155087,"log_mass":7.0002872173},{"country_iso":"ESP","city_id":1647,"city":"Avil\u00e9s","pop_total":61016.8399603311,"mass_total":18093562.6262114607,"n_hex":12,"sample_h3":"87185ba02ffffff","log_pop":4.7854497119,"log_mass":7.257524088},{"country_iso":"ESP","city_id":1649,"city":"Oviedo","pop_total":129222.5318028254,"mass_total":22153109.9216614515,"n_hex":15,"sample_h3":"87185ba5affffff","log_pop":5.1113382457,"log_mass":7.3454347024},{"country_iso":"ESP","city_id":1650,"city":"Algeciras","pop_total":163261.6183046027,"mass_total":31837849.9635209851,"n_hex":27,"sample_h3":"87391aa04ffffff","log_pop":5.2128840971,"log_mass":7.5029437318},{"country_iso":"ESP","city_id":1651,"city":"Salamanca","pop_total":108188.8491984087,"mass_total":22015057.3836988658,"n_hex":13,"sample_h3":"873905a5bffffff","log_pop":5.0341825012,"log_mass":7.3427198218},{"country_iso":"ESP","city_id":1654,"city":"Ceuta","pop_total":73019.2150523859,"mass_total":8614528.8487761896,"n_hex":11,"sample_h3":"87391a068ffffff","log_pop":4.86343716,"log_mass":6.9352315297},{"country_iso":"ESP","city_id":1655,"city":"Gij\u00f3n","pop_total":178591.2392340791,"mass_total":35084572.5999383405,"n_hex":22,"sample_h3":"871859696ffffff","log_pop":5.2518601508,"log_mass":7.5451161903},{"country_iso":"ESP","city_id":1662,"city":"Le\u00f3n","pop_total":105719.5991099072,"mass_total":26534756.8394913264,"n_hex":14,"sample_h3":"87392c092ffffff","log_pop":5.0241555076,"log_mass":7.4238151122},{"country_iso":"ESP","city_id":1665,"city":"Marbella","pop_total":87311.9025248149,"mass_total":23730943.0886479728,"n_hex":23,"sample_h3":"873918600ffffff","log_pop":4.9410734516,"log_mass":7.3753149978},{"country_iso":"ESP","city_id":1673,"city":"C\u00f3rdoba","pop_total":153655.8231780454,"mass_total":26949579.2348385528,"n_hex":14,"sample_h3":"87391d000ffffff","log_pop":5.1865490236,"log_mass":7.4305519889},{"country_iso":"ESP","city_id":1674,"city":"Talavera de la Reina","pop_total":50054.6169789749,"mass_total":7922812.4093882889,"n_hex":9,"sample_h3":"873901328ffffff","log_pop":4.6994441425,"log_mass":6.8988793731},{"country_iso":"ESP","city_id":1677,"city":"M\u00e1laga","pop_total":641239.6459535314,"mass_total":114703181.1493021995,"n_hex":67,"sample_h3":"873918252ffffff","log_pop":5.8070203657,"log_mass":8.0595754627},{"country_iso":"ESP","city_id":1682,"city":"Valladolid","pop_total":248732.1394348206,"mass_total":53998032.9684872627,"n_hex":23,"sample_h3":"873928400ffffff","log_pop":5.3957319054,"log_mass":7.7323779397},{"country_iso":"ESP","city_id":1688,"city":"Palencia","pop_total":53681.3872276671,"mass_total":10145466.8712542001,"n_hex":6,"sample_h3":"873928026ffffff","log_pop":4.7298237303,"log_mass":7.0062720371},{"country_iso":"ESP","city_id":1697,"city":"Collado Villalba","pop_total":47611.3619542131,"mass_total":8168446.5450217174,"n_hex":7,"sample_h3":"87390c968ffffff","log_pop":4.6777106049,"log_mass":6.9121394713},{"country_iso":"ESP","city_id":1698,"city":"Ciudad Real","pop_total":60115.8799110868,"mass_total":11627656.2451687604,"n_hex":10,"sample_h3":"87390e220ffffff","log_pop":4.7789892082,"log_mass":7.065492184},{"country_iso":"ESP","city_id":1700,"city":"Torrelavega","pop_total":37878.6337712124,"mass_total":8170546.6151210107,"n_hex":9,"sample_h3":"87392d850ffffff","log_pop":4.5783943062,"log_mass":6.9122511121},{"country_iso":"ESP","city_id":1701,"city":"Madrid","pop_total":4007759.9627939845,"mass_total":650475631.032412529,"n_hex":207,"sample_h3":"87390c169ffffff","log_pop":6.6029017024,"log_mass":8.8132310311},{"country_iso":"ESP","city_id":1702,"city":"Ja\u00e9n","pop_total":45297.5120027935,"mass_total":7189725.798667158,"n_hex":6,"sample_h3":"87390a400ffffff","log_pop":4.6560743487,"log_mass":6.8567123276},{"country_iso":"ESP","city_id":1705,"city":"Santander","pop_total":168103.8474883351,"mass_total":35427460.1694868207,"n_hex":22,"sample_h3":"87392db02ffffff","log_pop":5.2255776535,"log_mass":7.5493400184},{"country_iso":"ESP","city_id":1708,"city":"Granada","pop_total":255360.6927281838,"mass_total":40210920.0331103355,"n_hex":26,"sample_h3":"873919049ffffff","log_pop":5.4071540478,"log_mass":7.60434401},{"country_iso":"ESP","city_id":1711,"city":"Burgos","pop_total":103762.9630035433,"mass_total":21902597.8565954827,"n_hex":15,"sample_h3":"873929d00ffffff","log_pop":5.0160423648,"log_mass":7.3404956294},{"country_iso":"ESP","city_id":1719,"city":"Alcal\u00e1 de Henares","pop_total":140486.9535289937,"mass_total":28888815.0105667263,"n_hex":15,"sample_h3":"87390ca61ffffff","log_pop":5.1476359949,"log_mass":7.4607297279},{"country_iso":"ESP","city_id":1727,"city":"Guadalajara","pop_total":52529.1462613947,"mass_total":12290418.4495739061,"n_hex":9,"sample_h3":"87392b652ffffff","log_pop":4.7204003424,"log_mass":7.0895666695},{"country_iso":"ESP","city_id":1737,"city":"Bilbao","pop_total":600817.1229821843,"mass_total":90149033.4797695875,"n_hex":43,"sample_h3":"87184b0b6ffffff","log_pop":5.7787423013,"log_mass":7.9549610749},{"country_iso":"ESP","city_id":1750,"city":"Vitoria-Gasteiz","pop_total":154498.8524852467,"mass_total":35391011.7114214003,"n_hex":16,"sample_h3":"87184b740ffffff","log_pop":5.1889252581,"log_mass":7.5488929779},{"country_iso":"ESP","city_id":1758,"city":"Almeria","pop_total":131186.6765084804,"mass_total":23724275.5953321867,"n_hex":21,"sample_h3":"873824602ffffff","log_pop":5.1178897298,"log_mass":7.3751929604},{"country_iso":"ESP","city_id":1768,"city":"Logro\u00f1o","pop_total":106287.4994470966,"mass_total":18919672.6427379251,"n_hex":12,"sample_h3":"873929a41ffffff","log_pop":5.0264821898,"log_mass":7.2769136178},{"country_iso":"ESP","city_id":1797,"city":"Donostia \/ San Sebasti\u00e1n","pop_total":158413.9800177822,"mass_total":26847802.3309559003,"n_hex":17,"sample_h3":"87184948affffff","log_pop":5.1997935054,"log_mass":7.4289087416},{"country_iso":"ESP","city_id":1801,"city":"Albacete","pop_total":82498.9242251312,"mass_total":14498928.1334333606,"n_hex":10,"sample_h3":"873909452ffffff","log_pop":4.9164482854,"log_mass":7.1613358972},{"country_iso":"ESP","city_id":1808,"city":"Irun","pop_total":54587.5376545364,"mass_total":14035797.6915772445,"n_hex":11,"sample_h3":"87184941affffff","log_pop":4.7370935045,"log_mass":7.1472370998},{"country_iso":"ESP","city_id":1814,"city":"Pamplona","pop_total":216092.5251341278,"mass_total":37445678.4491006956,"n_hex":20,"sample_h3":"8718496caffffff","log_pop":5.3346397444,"log_mass":7.5734017036},{"country_iso":"ESP","city_id":1846,"city":"Murcia","pop_total":233799.4231476054,"mass_total":58532494.204989627,"n_hex":47,"sample_h3":"873825868ffffff","log_pop":5.3688434353,"log_mass":7.7673970308},{"country_iso":"ESP","city_id":1863,"city":"Cartagena","pop_total":58816.0188476478,"mass_total":16411282.7957400437,"n_hex":14,"sample_h3":"873825324ffffff","log_pop":4.7694956245,"log_mass":7.2151425292},{"country_iso":"ESP","city_id":1871,"city":"Zaragoza","pop_total":398199.4034974575,"mass_total":78982148.3357889503,"n_hex":38,"sample_h3":"873970120ffffff","log_pop":5.6001006051,"log_mass":7.8975289425},{"country_iso":"ESP","city_id":1881,"city":"Elda","pop_total":43884.923894123,"mass_total":6961082.8795426348,"n_hex":9,"sample_h3":"87395600affffff","log_pop":4.6423153495,"log_mass":6.8426768046},{"country_iso":"ESP","city_id":1885,"city":"Elx \/ Elche","pop_total":96907.1232255599,"mass_total":18459694.7721980959,"n_hex":14,"sample_h3":"873956700ffffff","log_pop":4.9863557013,"log_mass":7.2662245158},{"country_iso":"ESP","city_id":1888,"city":"Torrevieja","pop_total":85564.7064009807,"mass_total":24359320.2851044647,"n_hex":19,"sample_h3":"873825a6dffffff","log_pop":4.9322946645,"log_mass":7.3866651657},{"country_iso":"ESP","city_id":1908,"city":"Alacant \/ Alicante","pop_total":304276.4695900641,"mass_total":60329742.0249641314,"n_hex":41,"sample_h3":"873956206ffffff","log_pop":5.4832683687,"log_mass":7.7805314682},{"country_iso":"ESP","city_id":1911,"city":"Valencia","pop_total":1174536.9370143758,"mass_total":185914844.1658262312,"n_hex":100,"sample_h3":"873954000ffffff","log_pop":6.0698666791,"log_mass":8.2693140669},{"country_iso":"ESP","city_id":1947,"city":"Gandia","pop_total":57138.2843260877,"mass_total":12770367.3346963692,"n_hex":14,"sample_h3":"873950d20ffffff","log_pop":4.7569271958,"log_mass":7.1062033898},{"country_iso":"ESP","city_id":1950,"city":"Benidorm","pop_total":52071.3708459265,"mass_total":15699997.7630341295,"n_hex":15,"sample_h3":"873950c90ffffff","log_pop":4.7165990112,"log_mass":7.1958995905},{"country_iso":"ESP","city_id":1952,"city":"Castell\u00f3n de la Plana","pop_total":136146.99024624,"mass_total":29312405.1940782852,"n_hex":20,"sample_h3":"873954a24ffffff","log_pop":5.134008045,"log_mass":7.4670514554},{"country_iso":"ESP","city_id":1991,"city":"Lleida","pop_total":89536.3868466639,"mass_total":18399766.1903523579,"n_hex":13,"sample_h3":"873971001ffffff","log_pop":4.9519995649,"log_mass":7.2648123044},{"country_iso":"ESP","city_id":2006,"city":"Reus","pop_total":66545.7129087355,"mass_total":14509473.0358522777,"n_hex":10,"sample_h3":"873946912ffffff","log_pop":4.823120082,"log_mass":7.1616516397},{"country_iso":"ESP","city_id":2008,"city":"Tarragona","pop_total":105868.3848273913,"mass_total":30064014.7468254082,"n_hex":17,"sample_h3":"873946800ffffff","log_pop":5.0247662874,"log_mass":7.4780469758},{"country_iso":"ESP","city_id":2029,"city":"Ibiza","pop_total":38916.7239727282,"mass_total":6693352.1943924576,"n_hex":6,"sample_h3":"873951c52ffffff","log_pop":4.590136274,"log_mass":6.8256436775},{"country_iso":"ESP","city_id":2038,"city":"Igualada","pop_total":41094.9308435344,"mass_total":9073251.91855729,"n_hex":8,"sample_h3":"873944509ffffff","log_pop":4.6137882539,"log_mass":6.9577629692},{"country_iso":"ESP","city_id":2043,"city":"Vilanova i la Geltr\u00fa","pop_total":52226.9209436407,"mass_total":10147525.4262615684,"n_hex":13,"sample_h3":"873946b01ffffff","log_pop":4.7178944226,"log_mass":7.0063601482},{"country_iso":"ESP","city_id":2048,"city":"Manresa","pop_total":58960.1822693045,"mass_total":12047279.2253233679,"n_hex":11,"sample_h3":"8739440a4ffffff","log_pop":4.7705588174,"log_mass":7.0808889763},{"country_iso":"ESP","city_id":2051,"city":"Barcelona","pop_total":3224969.4543401347,"mass_total":458324383.5512493849,"n_hex":162,"sample_h3":"8739440d2ffffff","log_pop":6.5085256055,"log_mass":8.661172963},{"country_iso":"ESP","city_id":2066,"city":"Matar\u00f3","pop_total":103526.6862738684,"mass_total":14866219.6707891766,"n_hex":9,"sample_h3":"873944281ffffff","log_pop":5.0150523132,"log_mass":7.1722005459},{"country_iso":"ESP","city_id":2076,"city":"Palma de Mallorca","pop_total":314202.7365213876,"mass_total":57985060.0161940306,"n_hex":38,"sample_h3":"87394260affffff","log_pop":5.4972099632,"log_mass":7.763316111},{"country_iso":"ESP","city_id":2083,"city":"Girona","pop_total":97017.9557123811,"mass_total":17451795.4445524402,"n_hex":12,"sample_h3":"873945c02ffffff","log_pop":4.9868521193,"log_mass":7.2418401139}]