[{"country_iso":"GHA","city_id":1720,"city":"Dormaa Ahenkro","pop_total":4639.1551152641,"mass_total":2616050.0906280614,"n_hex":8,"sample_h3":"877501c12ffffff","log_pop":3.6664388939,"log_mass":6.4176460554},{"country_iso":"GHA","city_id":1724,"city":"Enchi","pop_total":285.1344081523,"mass_total":265596.4433397978,"n_hex":3,"sample_h3":"87750e226ffffff","log_pop":2.4550496283,"log_mass":5.424222255},{"country_iso":"GHA","city_id":1730,"city":"Jirapa","pop_total":1393.6327262336,"mass_total":637307.1684267446,"n_hex":6,"sample_h3":"8759926c8ffffff","log_pop":3.1441483362,"log_mass":5.8043488034},{"country_iso":"GHA","city_id":1736,"city":"Berekum","pop_total":12841.1879600001,"mass_total":4964791.2907647425,"n_hex":11,"sample_h3":"877505601ffffff","log_pop":4.1086052029,"log_mass":6.6959009964},{"country_iso":"GHA","city_id":1738,"city":"Wa","pop_total":9526.4966218369,"mass_total":5796584.2752617598,"n_hex":10,"sample_h3":"877526700ffffff","log_pop":3.9789332178,"log_mass":6.7631721544},{"country_iso":"GHA","city_id":1740,"city":"Bole","pop_total":652.3186394,"mass_total":841003.3120600596,"n_hex":4,"sample_h3":"877522220ffffff","log_pop":2.8144597883,"log_mass":5.9247977062},{"country_iso":"GHA","city_id":1743,"city":"Sawla","pop_total":368.0301830198,"mass_total":257990.6820712456,"n_hex":3,"sample_h3":"877522a84ffffff","log_pop":2.5658834376,"log_mass":5.4116040207},{"country_iso":"GHA","city_id":1747,"city":"Sunyani","pop_total":22623.423335066,"mass_total":11395898.7083257269,"n_hex":23,"sample_h3":"877505218ffffff","log_pop":4.3545583222,"log_mass":7.0567485804},{"country_iso":"GHA","city_id":1762,"city":"Wenchi","pop_total":3854.3145386331,"mass_total":2591616.6410391135,"n_hex":6,"sample_h3":"877505b80ffffff","log_pop":3.5859471532,"log_mass":6.4135707599},{"country_iso":"GHA","city_id":1774,"city":"Techiman","pop_total":19169.5726781284,"mass_total":11045755.9917795546,"n_hex":18,"sample_h3":"877505a08ffffff","log_pop":4.2826124318,"log_mass":7.0431954451},{"country_iso":"GHA","city_id":1779,"city":"Takoradi [Sekondi-Takoradi]","pop_total":274129.1156407206,"mass_total":26299412.3112764098,"n_hex":45,"sample_h3":"877509d0dffffff","log_pop":5.437955165,"log_mass":7.4199460438},{"country_iso":"GHA","city_id":1783,"city":"Dunkwa-on-Ofin","pop_total":5477.4165327876,"mass_total":2664844.0122765135,"n_hex":8,"sample_h3":"87750ca1affffff","log_pop":3.7385757683,"log_mass":6.4256717925},{"country_iso":"GHA","city_id":1785,"city":"Kumasi","pop_total":2141231.0015748208,"mass_total":209912814.9478175342,"n_hex":149,"sample_h3":"87752a040ffffff","log_pop":6.3306635226,"log_mass":8.3220389526},{"country_iso":"GHA","city_id":1788,"city":"Kintampo","pop_total":3090.8710768045,"mass_total":2921595.2137936233,"n_hex":8,"sample_h3":"87752e531ffffff","log_pop":3.4900808906,"log_mass":6.4656200444},{"country_iso":"GHA","city_id":1789,"city":"Nkoranza","pop_total":3305.9799522026,"mass_total":2441164.1360363625,"n_hex":8,"sample_h3":"87752e632ffffff","log_pop":3.5193002156,"log_mass":6.387596981},{"country_iso":"GHA","city_id":1791,"city":"Obuasi","pop_total":33321.2256107274,"mass_total":12403213.962217208,"n_hex":21,"sample_h3":"87750c868ffffff","log_pop":4.5227209671,"log_mass":7.0935342356},{"country_iso":"GHA","city_id":1812,"city":"Mampong","pop_total":3022.9396722859,"mass_total":2518685.221518022,"n_hex":7,"sample_h3":"87752a845ffffff","log_pop":3.4804294802,"log_mass":6.4011738939},{"country_iso":"GHA","city_id":1817,"city":"Ejura","pop_total":2263.8600997027,"mass_total":2579177.1706139995,"n_hex":6,"sample_h3":"87752e213ffffff","log_pop":3.3548495851,"log_mass":6.411481176},{"country_iso":"GHA","city_id":1822,"city":"Cape Coast","pop_total":52111.0404676699,"mass_total":9209968.0461328663,"n_hex":22,"sample_h3":"87750d300ffffff","log_pop":4.7169297445,"log_mass":6.9642581234},{"country_iso":"GHA","city_id":1826,"city":"Sandema","pop_total":178.0620863185,"mass_total":154982.3546893405,"n_hex":2,"sample_h3":"87599e488ffffff","log_pop":2.2505714576,"log_mass":5.190282255},{"country_iso":"GHA","city_id":1827,"city":"Assin Fosu","pop_total":3985.4747139426,"mass_total":1814118.8109934891,"n_hex":8,"sample_h3":"87750d912ffffff","log_pop":3.6004800581,"log_mass":6.2586657266},{"country_iso":"GHA","city_id":1829,"city":"Konongo","pop_total":5019.6796358454,"mass_total":3421085.7292009913,"n_hex":9,"sample_h3":"87752869bffffff","log_pop":3.7006760006,"log_mass":6.5341639573},{"country_iso":"GHA","city_id":1842,"city":"Paga","pop_total":600.9156868383,"mass_total":373797.8651593431,"n_hex":5,"sample_h3":"87599e082ffffff","log_pop":2.7788135414,"log_mass":5.5726368167},{"country_iso":"GHA","city_id":1844,"city":"Navrongo","pop_total":1311.254323102,"mass_total":784582.1326055317,"n_hex":6,"sample_h3":"87599e448ffffff","log_pop":3.117686933,"log_mass":5.8946384137},{"country_iso":"GHA","city_id":1853,"city":"Atebubu","pop_total":2570.8284273372,"mass_total":1592188.2127770819,"n_hex":4,"sample_h3":"87752eb05ffffff","log_pop":3.4100730935,"log_mass":6.2019944044},{"country_iso":"GHA","city_id":1854,"city":"Akim Oda","pop_total":10935.2313791537,"mass_total":3204309.7598736822,"n_hex":10,"sample_h3":"87752b302ffffff","log_pop":4.0388279767,"log_mass":6.5057344926},{"country_iso":"GHA","city_id":1866,"city":"Tamale","pop_total":72754.2814636492,"mass_total":17976469.2396971211,"n_hex":26,"sample_h3":"877525012ffffff","log_pop":4.8618585559,"log_mass":7.2547043959},{"country_iso":"GHA","city_id":1868,"city":"Bolgatanga","pop_total":11113.2139000874,"mass_total":3168505.6823764388,"n_hex":8,"sample_h3":"87599e608ffffff","log_pop":4.0458396735,"log_mass":6.5008544903},{"country_iso":"GHA","city_id":1873,"city":"Savelugu","pop_total":2014.1877710529,"mass_total":1064202.827400578,"n_hex":4,"sample_h3":"8775251a6ffffff","log_pop":3.3040999549,"log_mass":6.0270244084},{"country_iso":"GHA","city_id":1875,"city":"Walewale","pop_total":1211.6094573844,"mass_total":773443.2138657692,"n_hex":6,"sample_h3":"87599ac10ffffff","log_pop":3.0833626546,"log_mass":5.8884284333},{"country_iso":"GHA","city_id":1876,"city":"Nkawkaw","pop_total":7648.0655878525,"mass_total":3795318.5543833715,"n_hex":11,"sample_h3":"877528281ffffff","log_pop":3.8835516037,"log_mass":6.5792482336},{"country_iso":"GHA","city_id":1879,"city":"Agona Swedru","pop_total":12263.7292641827,"mass_total":3515580.6351372646,"n_hex":12,"sample_h3":"877576cc0ffffff","log_pop":4.0886225544,"log_mass":6.5459970636},{"country_iso":"GHA","city_id":1882,"city":"Kwame Danso","pop_total":433.918692341,"mass_total":684385.2797340984,"n_hex":4,"sample_h3":"87752c09affffff","log_pop":2.6374083591,"log_mass":5.8353006598},{"country_iso":"GHA","city_id":1883,"city":"Asamankese","pop_total":5311.8088839437,"mass_total":2009092.7936974932,"n_hex":6,"sample_h3":"87752ba4cffffff","log_pop":3.725242441,"log_mass":6.3029999959},{"country_iso":"GHA","city_id":1884,"city":"Yeji","pop_total":1438.9320805662,"mass_total":1410612.0775762612,"n_hex":4,"sample_h3":"87752cda8ffffff","log_pop":3.1580402952,"log_mass":6.1494075979},{"country_iso":"GHA","city_id":1886,"city":"Winneba","pop_total":12078.8806562723,"mass_total":2951168.3409924819,"n_hex":10,"sample_h3":"877576012ffffff","log_pop":4.0820266903,"log_mass":6.4699939833},{"country_iso":"GHA","city_id":1904,"city":"Salaga","pop_total":828.1614774059,"mass_total":661011.1869307371,"n_hex":3,"sample_h3":"8758b6c98ffffff","log_pop":2.9181150251,"log_mass":5.8202088095},{"country_iso":"GHA","city_id":1909,"city":"Zebilla","pop_total":545.5947275648,"mass_total":286148.2807029161,"n_hex":4,"sample_h3":"8759985a2ffffff","log_pop":2.7368701648,"log_mass":5.4565911408},{"country_iso":"GHA","city_id":1910,"city":"Accra","pop_total":2761770.6211870709,"mass_total":363443897.1194579601,"n_hex":272,"sample_h3":"877529208ffffff","log_pop":6.4411876054,"log_mass":8.5604373807},{"country_iso":"GHA","city_id":1913,"city":"Suhum","pop_total":3106.757373937,"mass_total":1541397.8151347097,"n_hex":7,"sample_h3":"87752944bffffff","log_pop":3.4923073378,"log_mass":6.1879147391},{"country_iso":"GHA","city_id":1918,"city":"Karaga","pop_total":426.1339228929,"mass_total":366117.7239618957,"n_hex":3,"sample_h3":"87599a780ffffff","log_pop":2.6295461081,"log_mass":5.5636207538},{"country_iso":"GHA","city_id":1921,"city":"New Tafo Akim","pop_total":2038.1876828138,"mass_total":744628.8905841401,"n_hex":7,"sample_h3":"8775290b0ffffff","log_pop":3.3092441727,"log_mass":5.8719398822},{"country_iso":"GHA","city_id":1925,"city":"Nalerigu","pop_total":1160.5475273319,"mass_total":653581.4890935452,"n_hex":3,"sample_h3":"87599a8c9ffffff","log_pop":3.0646629306,"log_mass":5.8152997435},{"country_iso":"GHA","city_id":1926,"city":"Nsawam","pop_total":3849.5577283093,"mass_total":2339708.0075579053,"n_hex":10,"sample_h3":"877529644ffffff","log_pop":3.5854108367,"log_mass":6.3691616614},{"country_iso":"GHA","city_id":1935,"city":"Koforidua","pop_total":32678.1660456115,"mass_total":6551304.50463269,"n_hex":19,"sample_h3":"877529013ffffff","log_pop":4.5142576752,"log_mass":6.8163277859},{"country_iso":"GHA","city_id":1938,"city":"Bawku","pop_total":916.6361890942,"mass_total":510012.5991770072,"n_hex":3,"sample_h3":"875998541ffffff","log_pop":2.9621969993,"log_mass":5.7075809049},{"country_iso":"GHA","city_id":1941,"city":"Gushiegu","pop_total":785.4453633159,"mass_total":592400.7485723946,"n_hex":4,"sample_h3":"87599a608ffffff","log_pop":2.8951159803,"log_mass":5.7726155986},{"country_iso":"GHA","city_id":1944,"city":"Garu","pop_total":421.7753162384,"mass_total":119772.3428981403,"n_hex":1,"sample_h3":"8759984edffffff","log_pop":2.6250811597,"log_mass":5.078356545},{"country_iso":"GHA","city_id":1953,"city":"Kete Krachi","pop_total":346.6396682393,"mass_total":511047.8597962781,"n_hex":3,"sample_h3":"87752cb04ffffff","log_pop":2.5398782604,"log_mass":5.7084615739},{"country_iso":"GHA","city_id":1956,"city":"Yendi","pop_total":4202.8388453558,"mass_total":2107098.6353929443,"n_hex":4,"sample_h3":"8758b4cc8ffffff","log_pop":3.6235427376,"log_mass":6.3236848658},{"country_iso":"GHA","city_id":1957,"city":"Somanya","pop_total":7914.8870504024,"mass_total":3749027.0584184555,"n_hex":15,"sample_h3":"877529168ffffff","log_pop":3.8984447216,"log_mass":6.5739185749},{"country_iso":"GHA","city_id":1959,"city":"Wulensi","pop_total":294.404369429,"mass_total":214114.4413309773,"n_hex":2,"sample_h3":"8758b6061ffffff","log_pop":2.4689442513,"log_mass":5.33064596},{"country_iso":"GHA","city_id":1964,"city":"Bimbila","pop_total":1159.6438663427,"mass_total":744888.5057933046,"n_hex":4,"sample_h3":"8758b6a14ffffff","log_pop":3.0643246352,"log_mass":5.8720912728},{"country_iso":"GHA","city_id":1972,"city":"Dambai","pop_total":453.0176776073,"mass_total":718278.3529086502,"n_hex":4,"sample_h3":"8758b2992ffffff","log_pop":2.6561151493,"log_mass":5.8562927781},{"country_iso":"GHA","city_id":1985,"city":"Ho","pop_total":12983.391632929,"mass_total":3776257.9091374055,"n_hex":12,"sample_h3":"875896914ffffff","log_pop":4.1133881574,"log_mass":6.5770616479},{"country_iso":"GHA","city_id":1987,"city":"Hohoe","pop_total":8444.6785016827,"mass_total":1932618.6212241664,"n_hex":5,"sample_h3":"87752d958ffffff","log_pop":3.9265831201,"log_mass":6.2861461598},{"country_iso":"GHA","city_id":1992,"city":"Tatale","pop_total":166.9171762466,"mass_total":147370.122847268,"n_hex":1,"sample_h3":"8758b4232ffffff","log_pop":2.2225010291,"log_mass":5.1684094455},{"country_iso":"GHA","city_id":2001,"city":"Akatsi","pop_total":2058.3626138594,"mass_total":732986.5706137448,"n_hex":5,"sample_h3":"875896008ffffff","log_pop":3.3135218852,"log_mass":5.8650960178}]