[{"country_iso":"SLE","city_id":1507,"city":"Freetown","pop_total":735457.5733580693,"mass_total":53179372.1700694114,"n_hex":50,"sample_h3":"8754cc049ffffff","log_pop":5.8665576245,"log_mass":7.7257432058},{"country_iso":"SLE","city_id":1509,"city":"Mahera","pop_total":6203.3039457396,"mass_total":1554411.1158844177,"n_hex":8,"sample_h3":"8754cc169ffffff","log_pop":3.792623061,"log_mass":6.1915658933},{"country_iso":"SLE","city_id":1511,"city":"Waterloo","pop_total":13062.2660845887,"mass_total":4489541.7381345946,"n_hex":11,"sample_h3":"8754cc34cffffff","log_pop":4.1160185263,"log_mass":6.6522020134},{"country_iso":"SLE","city_id":1516,"city":"Mile 91","pop_total":477.4418081845,"mass_total":147381.8571555697,"n_hex":3,"sample_h3":"8775b65b0ffffff","log_pop":2.6789204462,"log_mass":5.1684440248},{"country_iso":"SLE","city_id":1519,"city":"Makeni","pop_total":48571.7876231867,"mass_total":6434287.8647589246,"n_hex":12,"sample_h3":"8754eba08ffffff","log_pop":4.6863840874,"log_mass":6.808500487},{"country_iso":"SLE","city_id":1520,"city":"Bo","pop_total":124627.5656872992,"mass_total":10304619.7923394758,"n_hex":16,"sample_h3":"8775b2930ffffff","log_pop":5.0956141122,"log_mass":7.0130319723},{"country_iso":"SLE","city_id":1522,"city":"Kenema","pop_total":52047.5638329225,"mass_total":4439285.6813711766,"n_hex":13,"sample_h3":"8775b0544ffffff","log_pop":4.7164004065,"log_mass":6.6473130941},{"country_iso":"SLE","city_id":1524,"city":"Koidu Town","pop_total":19445.8795509423,"mass_total":2851666.2920661569,"n_hex":11,"sample_h3":"8775b4092ffffff","log_pop":4.2888275914,"log_mass":6.4550987021},{"country_iso":"SLE","city_id":1525,"city":"Daru","pop_total":388.2846483044,"mass_total":104690.8620061404,"n_hex":2,"sample_h3":"8775b08d4ffffff","log_pop":2.5891502201,"log_mass":5.0199087757}]