[{"country_iso":"LBR","city_id":1526,"city":"Monrovia","pop_total":614924.101825844,"mass_total":67795572.8209150583,"n_hex":83,"sample_h3":"877586082ffffff","log_pop":5.7888215155,"log_mass":7.8312013345},{"country_iso":"LBR","city_id":1529,"city":"Kakata","pop_total":151.5054647034,"mass_total":421628.2046029437,"n_hex":5,"sample_h3":"8775868c2ffffff","log_pop":2.1804282978,"log_mass":5.6249296551},{"country_iso":"LBR","city_id":1533,"city":"Buchanan","pop_total":6034.2193778515,"mass_total":2309905.3372519659,"n_hex":12,"sample_h3":"877580540ffffff","log_pop":3.7806210952,"log_mass":6.3635941823},{"country_iso":"LBR","city_id":1534,"city":"Gbarnga","pop_total":1168.6392367386,"mass_total":2151306.7467820258,"n_hex":8,"sample_h3":"8775848a0ffffff","log_pop":3.0676804635,"log_mass":6.3327023392},{"country_iso":"LBR","city_id":1541,"city":"Ganta","pop_total":2225.3506230728,"mass_total":2062725.78278598,"n_hex":9,"sample_h3":"8775a2245ffffff","log_pop":3.3473984475,"log_mass":6.314441497}]