[{"country_iso":"KEN","city_id":4557,"city":"Busia","pop_total":34337.1743023517,"mass_total":2193333.9720871039,"n_hex":6,"sample_h3":"877a4da90ffffff","log_pop":4.535764553,"log_mass":6.3411047654},{"country_iso":"KEN","city_id":4585,"city":"Migori","pop_total":4535.2141565136,"mass_total":353357.2036605389,"n_hex":2,"sample_h3":"877a69450ffffff","log_pop":3.6565977996,"log_mass":5.5482139494},{"country_iso":"KEN","city_id":4586,"city":"Isebania","pop_total":5447.3965589935,"mass_total":433633.5473875783,"n_hex":2,"sample_h3":"877a69541ffffff","log_pop":3.7361889921,"log_mass":5.6371228733},{"country_iso":"KEN","city_id":4591,"city":"Bungoma","pop_total":8511.0966967863,"mass_total":1046496.241249113,"n_hex":6,"sample_h3":"877a4d196ffffff","log_pop":3.9299855247,"log_mass":6.0197376728},{"country_iso":"KEN","city_id":4604,"city":"Kimilili","pop_total":641.1409034729,"mass_total":78448.7282631246,"n_hex":1,"sample_h3":"877a4d436ffffff","log_pop":2.8069534849,"log_mass":4.8945859076},{"country_iso":"KEN","city_id":4606,"city":"Kakamega","pop_total":4557.4557931264,"mass_total":975764.2382377882,"n_hex":6,"sample_h3":"877a4dd01ffffff","log_pop":3.6587224647,"log_mass":5.9893448972},{"country_iso":"KEN","city_id":4607,"city":"Kisii","pop_total":7657.3833310445,"mass_total":1092749.4308581499,"n_hex":7,"sample_h3":"877a6b165ffffff","log_pop":3.8840803886,"log_mass":6.038520589},{"country_iso":"KEN","city_id":4608,"city":"Kisumu","pop_total":126361.1413166196,"mass_total":9690032.1016865857,"n_hex":14,"sample_h3":"877a6b620ffffff","log_pop":5.1016135399,"log_mass":6.9863252158},{"country_iso":"KEN","city_id":4620,"city":"Kiminini","pop_total":842.6574821472,"mass_total":87351.8661826572,"n_hex":2,"sample_h3":"877a48962ffffff","log_pop":2.9256510813,"log_mass":4.9412721877},{"country_iso":"KEN","city_id":4623,"city":"Kitale","pop_total":21219.220800684,"mass_total":1377863.8473824037,"n_hex":8,"sample_h3":"877a48804ffffff","log_pop":4.326729432,"log_mass":6.1392063052},{"country_iso":"KEN","city_id":4632,"city":"Sibanga","pop_total":86.0008640289,"mass_total":40616.3685465887,"n_hex":1,"sample_h3":"877a489aeffffff","log_pop":1.9345028145,"log_mass":4.6087010911},{"country_iso":"KEN","city_id":4643,"city":"Eldoret","pop_total":36196.8360962625,"mass_total":3072993.1022299854,"n_hex":13,"sample_h3":"877a4c040ffffff","log_pop":4.5586706113,"log_mass":6.4875615854},{"country_iso":"KEN","city_id":4693,"city":"Molo","pop_total":3115.6512445001,"mass_total":317870.864443665,"n_hex":3,"sample_h3":"877a6a2b4ffffff","log_pop":3.4935488383,"log_mass":5.502250723},{"country_iso":"KEN","city_id":4707,"city":"Narok","pop_total":6121.2621132645,"mass_total":721823.669166769,"n_hex":2,"sample_h3":"877a684b4ffffff","log_pop":3.7868409764,"log_mass":5.8584311188},{"country_iso":"KEN","city_id":4729,"city":"Nakuru","pop_total":132218.6303147092,"mass_total":6584277.9280169634,"n_hex":9,"sample_h3":"877a6a083ffffff","log_pop":5.1212926539,"log_mass":6.8185081545},{"country_iso":"KEN","city_id":4733,"city":"Free Area","pop_total":21069.0674769934,"mass_total":2140604.2490530061,"n_hex":14,"sample_h3":"877a6a092ffffff","log_pop":4.323645314,"log_mass":6.3305363832},{"country_iso":"KEN","city_id":4758,"city":"Nyahururu","pop_total":4769.8096617343,"mass_total":603317.7949946877,"n_hex":3,"sample_h3":"877a41b06ffffff","log_pop":3.678501049,"log_mass":5.7805461351},{"country_iso":"KEN","city_id":4768,"city":"Naivasha","pop_total":17384.7762265673,"mass_total":1790261.677922999,"n_hex":5,"sample_h3":"877a6ac26ffffff","log_pop":4.2401691049,"log_mass":6.2529165153},{"country_iso":"KEN","city_id":4806,"city":"Ngong","pop_total":10535.2958462285,"mass_total":960600.3559284809,"n_hex":6,"sample_h3":"877a6e086ffffff","log_pop":4.0226467357,"log_mass":5.9825427432},{"country_iso":"KEN","city_id":4808,"city":"Nairobi","pop_total":2216948.4293390168,"mass_total":91283365.7963179052,"n_hex":70,"sample_h3":"877a6e400ffffff","log_pop":6.3457555907,"log_mass":7.960391645},{"country_iso":"KEN","city_id":4817,"city":"Ongata Rongai","pop_total":45380.6477896466,"mass_total":2765165.9634560784,"n_hex":6,"sample_h3":"877a6e545ffffff","log_pop":4.656870691,"log_mass":6.4417212025},{"country_iso":"KEN","city_id":4819,"city":"Ndenderu","pop_total":357.5017229454,"mass_total":266442.7403471835,"n_hex":3,"sample_h3":"877a6e450ffffff","log_pop":2.5532781392,"log_mass":5.4256038917},{"country_iso":"KEN","city_id":4821,"city":"Ruaka","pop_total":6192.7234067169,"mass_total":967707.3053620784,"n_hex":4,"sample_h3":"877a6e409ffffff","log_pop":3.791881683,"log_mass":5.9857440196},{"country_iso":"KEN","city_id":4837,"city":"Kiambu","pop_total":2997.9438729604,"mass_total":536373.9645003164,"n_hex":4,"sample_h3":"877a6e40affffff","log_pop":3.4768234978,"log_mass":5.7294676891},{"country_iso":"KEN","city_id":4854,"city":"Nyeri","pop_total":5735.6120804824,"mass_total":1465404.8439029143,"n_hex":5,"sample_h3":"877a450e9ffffff","log_pop":3.7585797708,"log_mass":6.1659576228},{"country_iso":"KEN","city_id":4855,"city":"Ruiru","pop_total":6762.8513660506,"mass_total":939411.0040594856,"n_hex":5,"sample_h3":"877a6e4a0ffffff","log_pop":3.8301298426,"log_mass":5.9728556431},{"country_iso":"KEN","city_id":4856,"city":"Kitengela","pop_total":12179.3853288403,"mass_total":1937610.491076509,"n_hex":10,"sample_h3":"877a6e520ffffff","log_pop":4.0856253708,"log_mass":6.2872664773},{"country_iso":"KEN","city_id":4876,"city":"Thika","pop_total":2558.0293464661,"mass_total":532750.8791328869,"n_hex":3,"sample_h3":"877a4594affffff","log_pop":3.4079055225,"log_mass":5.726524175},{"country_iso":"KEN","city_id":4909,"city":"Machakos","pop_total":5629.6956987792,"mass_total":790509.8410387168,"n_hex":4,"sample_h3":"877a63309ffffff","log_pop":3.7504849206,"log_mass":5.8979072808},{"country_iso":"KEN","city_id":4995,"city":"Meru","pop_total":4021.2241535187,"mass_total":716975.8540988225,"n_hex":4,"sample_h3":"877a40853ffffff","log_pop":3.6043582825,"log_mass":5.85550453},{"country_iso":"KEN","city_id":5323,"city":"Ukunda","pop_total":7586.4563463809,"mass_total":1600040.5856384067,"n_hex":5,"sample_h3":"877b4a40dffffff","log_pop":3.8800389632,"log_mass":6.2041309988},{"country_iso":"KEN","city_id":5329,"city":"Mombasa","pop_total":451944.1451227955,"mass_total":42727430.755415,"n_hex":38,"sample_h3":"877b4a48bffffff","log_pop":5.6550847645,"log_mass":7.630706779},{"country_iso":"KEN","city_id":5346,"city":"Garissa","pop_total":21463.3175412571,"mass_total":826826.7351715288,"n_hex":3,"sample_h3":"877a71428ffffff","log_pop":4.3316968508,"log_mass":5.917414511},{"country_iso":"KEN","city_id":5350,"city":"Mtwapa","pop_total":12688.0956660215,"mass_total":1891001.8076412214,"n_hex":4,"sample_h3":"877b5984bffffff","log_pop":4.1033964445,"log_mass":6.276691944},{"country_iso":"KEN","city_id":5367,"city":"Kilifi","pop_total":12099.6114319783,"mass_total":1371204.1537553309,"n_hex":4,"sample_h3":"877b59028ffffff","log_pop":4.0827714236,"log_mass":6.1371021202},{"country_iso":"KEN","city_id":5390,"city":"Wajir","pop_total":166.8056182861,"mass_total":40893.6241370384,"n_hex":2,"sample_h3":"877a50806ffffff","log_pop":2.2222106743,"log_mass":4.611655601},{"country_iso":"KEN","city_id":5394,"city":"Malindi","pop_total":35277.0232934634,"mass_total":2891412.1390227913,"n_hex":6,"sample_h3":"877b594e1ffffff","log_pop":4.5474919319,"log_mass":6.46111},{"country_iso":"KEN","city_id":5417,"city":"Hagadera Refugee Camp","pop_total":2339.7057189941,"mass_total":301837.1830489726,"n_hex":2,"sample_h3":"877a73d0affffff","log_pop":3.3691612366,"log_mass":5.4797727391},{"country_iso":"KEN","city_id":5520,"city":"Mandera","pop_total":544.7759399414,"mass_total":259357.0755965464,"n_hex":3,"sample_h3":"877ae0313ffffff","log_pop":2.7362179187,"log_mass":5.4138981006}]