[{"country_iso":"MDA","city_id":3468,"city":"B\u0103l\u021bi","pop_total":42300.3323704233,"mass_total":23125224.3002396971,"n_hex":14,"sample_h3":"871e55a88ffffff","log_pop":4.6263437798,"log_mass":7.3640859538},{"country_iso":"MDA","city_id":3498,"city":"Chi\u0219in\u0103u","pop_total":147614.0629021383,"mass_total":88750603.5537535101,"n_hex":40,"sample_h3":"871e42690ffffff","log_pop":5.1691277338,"log_mass":7.9481713152},{"country_iso":"MDA","city_id":3501,"city":"Rybnitsa","pop_total":7338.0014773467,"mass_total":13160934.5771730561,"n_hex":8,"sample_h3":"871e428d0ffffff","log_pop":3.8655777949,"log_mass":7.1192867303},{"country_iso":"MDA","city_id":3534,"city":"Bender","pop_total":29634.7865359521,"mass_total":16635508.4209203143,"n_hex":11,"sample_h3":"871e5c886ffffff","log_pop":4.4718018033,"log_mass":7.2210360785},{"country_iso":"MDA","city_id":3537,"city":"Tiraspol","pop_total":81363.3827872206,"mass_total":29547950.7443134151,"n_hex":18,"sample_h3":"871e5c81affffff","log_pop":4.9104289966,"log_mass":7.4705273664}]