[{"country_iso":"TZA","city_id":4120,"city":"Kilima Hewa","pop_total":89746.363502235,"mass_total":9427345.2273826059,"n_hex":18,"sample_h3":"879689440ffffff","log_pop":4.9530168601,"log_mass":6.9743894111},{"country_iso":"TZA","city_id":4184,"city":"Murubona","pop_total":18965.9474360933,"mass_total":1601418.9744564875,"n_hex":5,"sample_h3":"87968b801ffffff","log_pop":4.2779745426,"log_mass":6.20450497},{"country_iso":"TZA","city_id":4219,"city":"Makere","pop_total":36.3256187439,"mass_total":20991.4717825029,"n_hex":1,"sample_h3":"87968bc08ffffff","log_pop":1.5602130205,"log_mass":4.3220428895},{"country_iso":"TZA","city_id":4277,"city":"Mpanda","pop_total":22323.7703158566,"mass_total":1875723.8167944902,"n_hex":5,"sample_h3":"87968c140ffffff","log_pop":4.3487675455,"log_mass":6.2731688929},{"country_iso":"TZA","city_id":4279,"city":"Nguruka","pop_total":2988.3115999858,"mass_total":432684.7827925481,"n_hex":2,"sample_h3":"879688520ffffff","log_pop":3.4754258807,"log_mass":5.6361716216},{"country_iso":"TZA","city_id":4316,"city":"Sumbawanga","pop_total":36726.0404369354,"mass_total":4451404.9021167709,"n_hex":10,"sample_h3":"8796a8580ffffff","log_pop":4.5649741081,"log_mass":6.6484970997},{"country_iso":"TZA","city_id":4364,"city":"Bukoba","pop_total":7254.9901028427,"mass_total":305981.5721602962,"n_hex":6,"sample_h3":"876aca0a4ffffff","log_pop":3.8606368243,"log_mass":5.4856952717},{"country_iso":"TZA","city_id":4371,"city":"Katoro","pop_total":7889.9308171291,"mass_total":695087.2203730949,"n_hex":3,"sample_h3":"87969909bffffff","log_pop":3.8970731951,"log_mass":5.8420393038},{"country_iso":"TZA","city_id":4396,"city":"Geita","pop_total":4919.7220966414,"mass_total":499907.4088370379,"n_hex":4,"sample_h3":"87969941affffff","log_pop":3.6919405712,"log_mass":5.6988895732},{"country_iso":"TZA","city_id":4439,"city":"Kahama","pop_total":23303.407195813,"mass_total":2540812.1606851551,"n_hex":7,"sample_h3":"87969d4c8ffffff","log_pop":4.367419424,"log_mass":6.4049725593},{"country_iso":"TZA","city_id":4445,"city":"Bukala","pop_total":9235.3705043718,"mass_total":688897.5304988718,"n_hex":4,"sample_h3":"87969b816ffffff","log_pop":3.9654543231,"log_mass":5.8381546279},{"country_iso":"TZA","city_id":4452,"city":"Vwawa","pop_total":9582.5488379011,"mass_total":963847.540356804,"n_hex":5,"sample_h3":"8796a1090ffffff","log_pop":3.9814810413,"log_mass":5.9840083434},{"country_iso":"TZA","city_id":4455,"city":"Tabora","pop_total":72810.2939050581,"mass_total":7952068.9945609123,"n_hex":11,"sample_h3":"879683744ffffff","log_pop":4.8621927841,"log_mass":6.9004801395},{"country_iso":"TZA","city_id":4470,"city":"Mwanza","pop_total":281238.565391993,"mass_total":20632348.8402773216,"n_hex":33,"sample_h3":"87969bc00ffffff","log_pop":5.4490748739,"log_mass":7.314548672},{"country_iso":"TZA","city_id":4489,"city":"Nansio","pop_total":7845.7040138245,"mass_total":402633.8462883162,"n_hex":2,"sample_h3":"87969a25effffff","log_pop":3.89463192,"log_mass":5.6049102798},{"country_iso":"TZA","city_id":4492,"city":"Iwambi","pop_total":25462.3903405507,"mass_total":3302508.5466114199,"n_hex":6,"sample_h3":"8796a14b6ffffff","log_pop":4.4058991716,"log_mass":6.5188439502},{"country_iso":"TZA","city_id":4496,"city":"Nzega","pop_total":8508.7979126725,"mass_total":850872.5528969243,"n_hex":3,"sample_h3":"87969c220ffffff","log_pop":3.9298682091,"log_mass":5.9298645146},{"country_iso":"TZA","city_id":4498,"city":"Mbeya","pop_total":202712.0691054176,"mass_total":21548278.8538027406,"n_hex":26,"sample_h3":"8796a3901ffffff","log_pop":5.3068796066,"log_mass":7.3334125871},{"country_iso":"TZA","city_id":4507,"city":"Shinyanga","pop_total":19253.7312121672,"mass_total":2426101.3783086254,"n_hex":6,"sample_h3":"87969c6d8ffffff","log_pop":4.2845149046,"log_mass":6.3849089446},{"country_iso":"TZA","city_id":4525,"city":"Kyela","pop_total":9439.2020990334,"mass_total":718915.7100592806,"n_hex":4,"sample_h3":"8796a0b90ffffff","log_pop":3.9749352847,"log_mass":5.8566779741},{"country_iso":"TZA","city_id":4537,"city":"Musoma","pop_total":53476.4060768651,"mass_total":4329191.932782013,"n_hex":9,"sample_h3":"877a69ac1ffffff","log_pop":4.7281622125,"log_mass":6.6364068405},{"country_iso":"TZA","city_id":4538,"city":"Igunga","pop_total":2552.1938533783,"mass_total":436470.0300927906,"n_hex":1,"sample_h3":"87969ccddffffff","log_pop":3.4069136584,"log_mass":5.6399544285},{"country_iso":"TZA","city_id":4543,"city":"Bunda","pop_total":9287.66062879,"mass_total":959583.3586847065,"n_hex":4,"sample_h3":"87969a450ffffff","log_pop":3.9679063379,"log_mass":5.9820827077},{"country_iso":"TZA","city_id":4578,"city":"Tarime","pop_total":6779.3618484123,"mass_total":503541.06680845,"n_hex":3,"sample_h3":"877a6918affffff","log_pop":3.831188815,"log_mass":5.7020348957},{"country_iso":"TZA","city_id":4593,"city":"Makambako","pop_total":15923.6162102045,"mass_total":2667781.7352976296,"n_hex":7,"sample_h3":"8796a2912ffffff","log_pop":4.2020417017,"log_mass":6.4261502949},{"country_iso":"TZA","city_id":4602,"city":"Singida","pop_total":15827.2027923995,"mass_total":1397595.9030444471,"n_hex":5,"sample_h3":"879691828ffffff","log_pop":4.199404167,"log_mass":6.1453816189},{"country_iso":"TZA","city_id":4647,"city":"Songea","pop_total":53666.7493367532,"mass_total":4746264.8474650392,"n_hex":13,"sample_h3":"879799160ffffff","log_pop":4.7297052903,"log_mass":6.6763519687},{"country_iso":"TZA","city_id":4665,"city":"Ndiuka","pop_total":33753.1726684683,"mass_total":3689345.4507271787,"n_hex":7,"sample_h3":"8796b56d0ffffff","log_pop":4.5283146011,"log_mass":6.5669493222},{"country_iso":"TZA","city_id":4679,"city":"Dodoma","pop_total":119068.8506582653,"mass_total":17326364.4128034115,"n_hex":16,"sample_h3":"8796b30caffffff","log_pop":5.0757981615,"log_mass":7.2387074444},{"country_iso":"TZA","city_id":4683,"city":"Karatu","pop_total":2125.4745237163,"mass_total":303870.8482126283,"n_hex":4,"sample_h3":"87969352dffffff","log_pop":3.3274559038,"log_mass":5.4826890381},{"country_iso":"TZA","city_id":4771,"city":"Ifakara","pop_total":1598.1971439661,"mass_total":752672.7458184995,"n_hex":4,"sample_h3":"8796b4290ffffff","log_pop":3.2036303502,"log_mass":5.8766061906},{"country_iso":"TZA","city_id":4800,"city":"Arusha","pop_total":115.7692260742,"mass_total":12928.5426555522,"n_hex":1,"sample_h3":"87969256dffffff","log_pop":2.06359313,"log_mass":4.1115495727},{"country_iso":"TZA","city_id":4853,"city":"Mirerani","pop_total":26.7334270477,"mass_total":3657.6524820224,"n_hex":1,"sample_h3":"879692d8bffffff","log_pop":1.427054636,"log_mass":3.5632024403},{"country_iso":"TZA","city_id":4956,"city":"Morogoro","pop_total":24719.6891778796,"mass_total":2645947.4628444505,"n_hex":7,"sample_h3":"877b4da45ffffff","log_pop":4.3930430057,"log_mass":6.4225812167},{"country_iso":"TZA","city_id":5199,"city":"Picha Ya Ndege","pop_total":6782.618990311,"mass_total":1578205.8549835982,"n_hex":10,"sample_h3":"877b4ca03ffffff","log_pop":3.8313974215,"log_mass":6.1981636502},{"country_iso":"TZA","city_id":5222,"city":"Dar es Salaam","pop_total":3011226.2535898248,"mass_total":185318681.2056459188,"n_hex":148,"sample_h3":"877b4c140ffffff","log_pop":6.4787433882,"log_mass":8.2679192009},{"country_iso":"TZA","city_id":5241,"city":"DAR ES SALAAM","pop_total":10631.7645777721,"mass_total":1242695.2745529606,"n_hex":6,"sample_h3":"877b4ca90ffffff","log_pop":4.0266053513,"log_mass":6.0943646469},{"country_iso":"TZA","city_id":5249,"city":"Tanga","pop_total":126747.3444042879,"mass_total":10425867.4579185136,"n_hex":12,"sample_h3":"877b48481ffffff","log_pop":5.1029388688,"log_mass":7.0181121995},{"country_iso":"TZA","city_id":5262,"city":"Zanzibar City","pop_total":381004.2463762583,"mass_total":23595318.1487589292,"n_hex":28,"sample_h3":"877b4c600ffffff","log_pop":5.580929816,"log_mass":7.3728258376},{"country_iso":"TZA","city_id":5360,"city":"Mtwara","pop_total":23629.773156383,"mass_total":2737444.7267309576,"n_hex":9,"sample_h3":"8797922b0ffffff","log_pop":4.3734595525,"log_mass":6.4373453589}]