[{"country_iso":"NER","city_id":1997,"city":"T\u00e9ra","pop_total":416.3978552164,"mass_total":328194.8850331968,"n_hex":3,"sample_h3":"87598cc70ffffff","log_pop":2.6195084839,"log_mass":5.5161318082},{"country_iso":"NER","city_id":2031,"city":"Libiri","pop_total":2.1027009487,"mass_total":4534.4748063862,"n_hex":1,"sample_h3":"87598c6f1ffffff","log_pop":0.3227775107,"log_mass":3.6565269933},{"country_iso":"NER","city_id":2044,"city":"Tillab\u00e9ri","pop_total":704.1607105087,"mass_total":446669.7254397998,"n_hex":3,"sample_h3":"87598ca45ffffff","log_pop":2.8476717894,"log_mass":5.6499865177},{"country_iso":"NER","city_id":2053,"city":"Makalondi","pop_total":0.7929645181,"mass_total":3742.4366900628,"n_hex":1,"sample_h3":"875988726ffffff","log_pop":-0.1007462452,"log_mass":3.5731544622},{"country_iso":"NER","city_id":2059,"city":"Sirimbana","pop_total":14.1835119724,"mass_total":24855.1703924399,"n_hex":2,"sample_h3":"87598814affffff","log_pop":1.1517837796,"log_mass":4.3954167448},{"country_iso":"NER","city_id":2067,"city":"Niamey","pop_total":295550.9221675106,"mass_total":50345768.203182444,"n_hex":38,"sample_h3":"87598d610ffffff","log_pop":5.4706323188,"log_mass":7.7019629719},{"country_iso":"NER","city_id":2081,"city":"Kollo","pop_total":231.1621217232,"mass_total":280930.1032403822,"n_hex":3,"sample_h3":"875989d29ffffff","log_pop":2.363916672,"log_mass":5.4485982788},{"country_iso":"NER","city_id":2085,"city":"Say","pop_total":117.9920070929,"mass_total":71960.6521841845,"n_hex":3,"sample_h3":"875989c1bffffff","log_pop":2.0718525887,"log_mass":4.8570950907},{"country_iso":"NER","city_id":2115,"city":"Birni N'Gaour\u00e9","pop_total":265.3641486168,"mass_total":158667.0597952626,"n_hex":2,"sample_h3":"875989041ffffff","log_pop":2.4238422482,"log_mass":5.2004867741},{"country_iso":"NER","city_id":2120,"city":"Bal\u00e9yara","pop_total":447.1735110283,"mass_total":507704.8383657361,"n_hex":1,"sample_h3":"87583255bffffff","log_pop":2.6504760696,"log_mass":5.7056113022},{"country_iso":"NER","city_id":2132,"city":"Dosso","pop_total":3099.2814395961,"mass_total":1310074.1173056597,"n_hex":5,"sample_h3":"87598934affffff","log_pop":3.4912610154,"log_mass":6.1172958665},{"country_iso":"NER","city_id":2159,"city":"Gaya","pop_total":2579.9397595536,"mass_total":1064378.5622601812,"n_hex":4,"sample_h3":"875816624ffffff","log_pop":3.4116095655,"log_mass":6.0270961188},{"country_iso":"NER","city_id":2201,"city":"Dogondoutchi","pop_total":806.0516980227,"mass_total":439198.1138065903,"n_hex":4,"sample_h3":"8758334c0ffffff","log_pop":2.9063628972,"log_mass":5.6426604663},{"country_iso":"NER","city_id":2315,"city":"Tahoua","pop_total":5586.664348017,"mass_total":2393942.1695058476,"n_hex":6,"sample_h3":"875804530ffffff","log_pop":3.7471525793,"log_mass":6.3791136549},{"country_iso":"NER","city_id":2318,"city":"Birni N'Konni","pop_total":7062.29673153,"mass_total":3278463.2958991723,"n_hex":5,"sample_h3":"875806710ffffff","log_pop":3.8489459611,"log_mass":6.5156703259},{"country_iso":"NER","city_id":2352,"city":"Dogu\u00e9raoua","pop_total":31.0143248633,"mass_total":39753.5814400907,"n_hex":2,"sample_h3":"875806389ffffff","log_pop":1.4915623316,"log_mass":4.5993762608},{"country_iso":"NER","city_id":2356,"city":"Galmi","pop_total":811.6862241334,"mass_total":352166.4388146763,"n_hex":3,"sample_h3":"875806200ffffff","log_pop":2.9093881752,"log_mass":5.5467479657},{"country_iso":"NER","city_id":2386,"city":"Madaoua","pop_total":204.6447477659,"mass_total":192122.6325283865,"n_hex":2,"sample_h3":"875800524ffffff","log_pop":2.3110006029,"log_mass":5.2835785289},{"country_iso":"NER","city_id":2464,"city":"Guidan Roumdji","pop_total":332.8654608783,"mass_total":112929.2591710635,"n_hex":3,"sample_h3":"8758039a0ffffff","log_pop":2.5222687338,"log_mass":5.0528064791},{"country_iso":"NER","city_id":2509,"city":"Tibiri","pop_total":402.8507471085,"mass_total":268863.3515419574,"n_hex":2,"sample_h3":"875803843ffffff","log_pop":2.6051441734,"log_mass":5.4295316081},{"country_iso":"NER","city_id":2512,"city":"Maradi","pop_total":94336.0807028153,"mass_total":10537146.945693288,"n_hex":12,"sample_h3":"875803b80ffffff","log_pop":4.974677829,"log_mass":7.0227230365},{"country_iso":"NER","city_id":2580,"city":"Tchadoua","pop_total":489.724153126,"mass_total":341521.3512553645,"n_hex":3,"sample_h3":"875803a61ffffff","log_pop":2.6899515239,"log_mass":5.5334178601},{"country_iso":"NER","city_id":2618,"city":"Mayahi","pop_total":24.9575724602,"mass_total":9755.9367259272,"n_hex":1,"sample_h3":"875801768ffffff","log_pop":1.3972023407,"log_mass":3.9892689749},{"country_iso":"NER","city_id":2633,"city":"Agui\u00e9","pop_total":474.200354449,"mass_total":293352.6765371585,"n_hex":2,"sample_h3":"87580ed41ffffff","log_pop":2.6759618743,"log_mass":5.4673900551},{"country_iso":"NER","city_id":2649,"city":"Agadez","pop_total":20.2823581957,"mass_total":32636.9508501862,"n_hex":2,"sample_h3":"87582c04bffffff","log_pop":1.3071184483,"log_mass":4.5137095774},{"country_iso":"NER","city_id":2655,"city":"Gazaoua","pop_total":437.6047710157,"mass_total":196250.8211956356,"n_hex":3,"sample_h3":"87580e880ffffff","log_pop":2.6410820483,"log_mass":5.2928114827},{"country_iso":"NER","city_id":2668,"city":"Tessaoua","pop_total":1932.0236282405,"mass_total":1327096.9708105985,"n_hex":3,"sample_h3":"87580e909ffffff","log_pop":3.2860124334,"log_mass":6.1229026579},{"country_iso":"NER","city_id":2728,"city":"Matam\u00e8ye","pop_total":743.456023493,"mass_total":587813.6353824039,"n_hex":3,"sample_h3":"87580eac4ffffff","log_pop":2.8712552845,"log_mass":5.7692396561},{"country_iso":"NER","city_id":2759,"city":"Tanout","pop_total":45.8269906044,"mass_total":54645.7278104149,"n_hex":1,"sample_h3":"87582b54affffff","log_pop":1.6611213387,"log_mass":4.7375562146},{"country_iso":"NER","city_id":2768,"city":"Magaria","pop_total":49.0321540833,"mass_total":21570.9981665677,"n_hex":1,"sample_h3":"875808400ffffff","log_pop":1.6904809731,"log_mass":4.3338702419},{"country_iso":"NER","city_id":2775,"city":"Zinder","pop_total":49736.9528398748,"mass_total":7930180.2943627601,"n_hex":9,"sample_h3":"875808900ffffff","log_pop":4.6966791745,"log_mass":6.8992830612},{"country_iso":"NER","city_id":3020,"city":"Diffa","pop_total":1554.1011791734,"mass_total":1235635.6749127887,"n_hex":3,"sample_h3":"875855000ffffff","log_pop":3.19147929,"log_mass":6.0918904386}]