[{"country_iso":"KAZ","city_id":5136,"city":"Oral","pop_total":25499.5212992836,"mass_total":43590113.949350372,"n_hex":22,"sample_h3":"87109c0daffffff","log_pop":4.4065320275,"log_mass":7.6393880043},{"country_iso":"KAZ","city_id":5447,"city":"Atyrau","pop_total":35085.6265277496,"mass_total":39612508.9713758454,"n_hex":22,"sample_h3":"872c6a800ffffff","log_pop":4.5451292362,"log_mass":7.5978323506},{"country_iso":"KAZ","city_id":5522,"city":"Aktau","pop_total":24615.2108079705,"mass_total":19840367.9305328391,"n_hex":19,"sample_h3":"872c42c06ffffff","log_pop":4.3912035595,"log_mass":7.2975497217},{"country_iso":"KAZ","city_id":5634,"city":"Aktobe","pop_total":57846.0257016369,"mass_total":62221219.5766359717,"n_hex":33,"sample_h3":"872122482ffffff","log_pop":4.7622735262,"log_mass":7.7939385193},{"country_iso":"KAZ","city_id":5649,"city":"Zhanaozen","pop_total":268.2335146868,"mass_total":3372358.2156509082,"n_hex":8,"sample_h3":"872c5cc09ffffff","log_pop":2.4285130402,"log_mass":6.5279336996},{"country_iso":"KAZ","city_id":5795,"city":"Rudny","pop_total":10514.8173320887,"mass_total":23021067.5016831905,"n_hex":12,"sample_h3":"87212b944ffffff","log_pop":4.0218017323,"log_mass":7.3621254583},{"country_iso":"KAZ","city_id":5804,"city":"Kostanay","pop_total":19209.2101923391,"mass_total":43658368.0567747727,"n_hex":16,"sample_h3":"872129452ffffff","log_pop":4.2835095087,"log_mass":7.6400674978},{"country_iso":"KAZ","city_id":5876,"city":"Petropavl","pop_total":15630.6032029535,"mass_total":42073822.3443485275,"n_hex":16,"sample_h3":"872162696ffffff","log_pop":4.1939757383,"log_mass":7.6240119688},{"country_iso":"KAZ","city_id":5884,"city":"Ayteke Bi","pop_total":334.6582800921,"mass_total":869687.2292491733,"n_hex":3,"sample_h3":"8721adc18ffffff","log_pop":2.5246015748,"log_mass":5.9393630928},{"country_iso":"KAZ","city_id":5892,"city":"Kokshetau","pop_total":8606.6458438191,"mass_total":31010519.9352269582,"n_hex":12,"sample_h3":"872173220ffffff","log_pop":3.9348339325,"log_mass":7.4915090479},{"country_iso":"KAZ","city_id":5928,"city":"Kyzylorda","pop_total":27414.3108762068,"mass_total":30055243.2350076661,"n_hex":17,"sample_h3":"872036180ffffff","log_pop":4.4379773333,"log_mass":7.477920247},{"country_iso":"KAZ","city_id":5936,"city":"Nur-Sultan","pop_total":100529.3441162053,"mass_total":125692751.6738923937,"n_hex":36,"sample_h3":"872153800ffffff","log_pop":5.0022928491,"log_mass":8.0993102339},{"country_iso":"KAZ","city_id":5950,"city":"Shieli","pop_total":39.2360061629,"mass_total":618945.1457675317,"n_hex":3,"sample_h3":"872032cc0ffffff","log_pop":1.5936847941,"log_mass":5.7916521612},{"country_iso":"KAZ","city_id":5962,"city":"Temirtau","pop_total":19929.0587961276,"mass_total":41313800.8572086617,"n_hex":19,"sample_h3":"87202d1b4ffffff","log_pop":4.2994867884,"log_mass":7.6160951518},{"country_iso":"KAZ","city_id":5967,"city":"Karaganda","pop_total":27585.2835032407,"mass_total":52799944.6168185472,"n_hex":21,"sample_h3":"87202d421ffffff","log_pop":4.4406774517,"log_mass":7.722633467},{"country_iso":"KAZ","city_id":5974,"city":"Turkestan","pop_total":12270.3619000921,"mass_total":21159446.9126583748,"n_hex":15,"sample_h3":"872014406ffffff","log_pop":4.0888573719,"log_mass":7.3255043115},{"country_iso":"KAZ","city_id":5984,"city":"Pavlodar","pop_total":30545.6659850607,"mass_total":57124723.687713936,"n_hex":19,"sample_h3":"872159004ffffff","log_pop":4.4849495985,"log_mass":7.7568241124},{"country_iso":"KAZ","city_id":6002,"city":"Jetisay","pop_total":4197.2764038151,"mass_total":7803598.9775802605,"n_hex":8,"sample_h3":"8720a5482ffffff","log_pop":3.6229675698,"log_mass":6.8922949432},{"country_iso":"KAZ","city_id":6003,"city":"Shymkent","pop_total":272705.495713233,"mass_total":109201202.8470390439,"n_hex":41,"sample_h3":"872012801ffffff","log_pop":5.4356938902,"log_mass":8.0382274221},{"country_iso":"KAZ","city_id":6006,"city":"Saryagash","pop_total":6039.4494431243,"mass_total":9003316.5990962498,"n_hex":10,"sample_h3":"8720a5208ffffff","log_pop":3.7809973501,"log_mass":6.9544025223},{"country_iso":"KAZ","city_id":6007,"city":"\u0410\u043a\u0441\u0443","pop_total":3621.5265092504,"mass_total":6598603.3458988415,"n_hex":7,"sample_h3":"872012848ffffff","log_pop":3.5588916685,"log_mass":6.8194520229},{"country_iso":"KAZ","city_id":6035,"city":"Taraz","pop_total":19956.4196009954,"mass_total":47361638.5013811812,"n_hex":20,"sample_h3":"872013a32ffffff","log_pop":4.3000826268,"log_mass":7.6754267186},{"country_iso":"KAZ","city_id":6096,"city":"Semey","pop_total":30873.906489304,"mass_total":67423811.1721437871,"n_hex":26,"sample_h3":"872062600ffffff","log_pop":4.4895915844,"log_mass":7.8288132976},{"country_iso":"KAZ","city_id":6156,"city":"Ayagoz","pop_total":449.4830462788,"mass_total":2608196.1093664719,"n_hex":3,"sample_h3":"872055885ffffff","log_pop":2.6527133155,"log_mass":6.4163402427},{"country_iso":"KAZ","city_id":6158,"city":"Oskemen","pop_total":23141.5562474449,"mass_total":39946276.8373551145,"n_hex":22,"sample_h3":"872045430ffffff","log_pop":4.3643925615,"log_mass":7.6014763074},{"country_iso":"KAZ","city_id":6174,"city":"Almaty","pop_total":844342.0961861573,"mass_total":258760928.8919189572,"n_hex":64,"sample_h3":"8720e6000ffffff","log_pop":5.9265184423,"log_mass":8.4128987015},{"country_iso":"KAZ","city_id":6181,"city":"Taldykorgan","pop_total":9435.5871117218,"mass_total":16848453.3438558839,"n_hex":13,"sample_h3":"8720e5114ffffff","log_pop":3.9747689285,"log_mass":7.2265600396}]