[{"country_iso":"SAU","city_id":4534,"city":"Tabuk","pop_total":15223.9193673134,"mass_total":40187144.3572523966,"n_hex":19,"sample_h3":"873e696d8ffffff","log_pop":4.1825264751,"log_mass":7.6040871469},{"country_iso":"SAU","city_id":4542,"city":"Al Qurayyat","pop_total":2393.2443327263,"mass_total":6206466.7997026872,"n_hex":10,"sample_h3":"872d9420bffffff","log_pop":3.3789870392,"log_mass":6.7928444366},{"country_iso":"SAU","city_id":4712,"city":"Yanbu","pop_total":2957.7495990482,"mass_total":8624509.282992566,"n_hex":8,"sample_h3":"875312a40ffffff","log_pop":3.4709614042,"log_mass":6.935734394},{"country_iso":"SAU","city_id":4730,"city":"Mad\u012bnat Yanbu\u2018 a\u015f \u015ein\u0101\u2018\u012byah","pop_total":7799.2892771398,"mass_total":10979450.1395863835,"n_hex":13,"sample_h3":"875313c34ffffff","log_pop":3.8920550287,"log_mass":7.0405805908},{"country_iso":"SAU","city_id":4779,"city":"Dawmat al Jandal","pop_total":1878.6290843064,"mass_total":7029994.971804481,"n_hex":9,"sample_h3":"875326129ffffff","log_pop":3.2738410417,"log_mass":6.8469550144},{"country_iso":"SAU","city_id":4828,"city":"Sakaka","pop_total":4352.4932002488,"mass_total":15545190.0153157339,"n_hex":15,"sample_h3":"875326b00ffffff","log_pop":3.6387381013,"log_mass":7.191596035},{"country_iso":"SAU","city_id":4907,"city":"Medina","pop_total":105032.9092692151,"mass_total":100941360.8257330954,"n_hex":57,"sample_h3":"875311053ffffff","log_pop":5.021325395,"log_mass":8.0040691553},{"country_iso":"SAU","city_id":4911,"city":"Arar","pop_total":4617.8978413063,"mass_total":13448419.9607928731,"n_hex":13,"sample_h3":"872d9aca0ffffff","log_pop":3.6644443211,"log_mass":7.1286712626},{"country_iso":"SAU","city_id":4921,"city":"Jeddah","pop_total":829652.2075304798,"mass_total":326710523.4650626183,"n_hex":134,"sample_h3":"8753a9090ffffff","log_pop":5.9188960731,"log_mass":8.5141631235},{"country_iso":"SAU","city_id":4937,"city":"Al Malik Fahd","pop_total":7790.9416760781,"mass_total":6454182.9308224078,"n_hex":11,"sample_h3":"87531104affffff","log_pop":3.8915899532,"log_mass":6.8098412704},{"country_iso":"SAU","city_id":5010,"city":"Bahrah","pop_total":6401.4135415433,"mass_total":2802221.2887894562,"n_hex":6,"sample_h3":"8753a9704ffffff","log_pop":3.8062758842,"log_mass":6.4475024281},{"country_iso":"SAU","city_id":5040,"city":"\u062c\u0628\u0647","pop_total":499.9850022893,"mass_total":2382049.3338063224,"n_hex":7,"sample_h3":"875323484ffffff","log_pop":2.6989569773,"log_mass":6.3769507518},{"country_iso":"SAU","city_id":5073,"city":"Mecca","pop_total":85781.451874516,"mass_total":104249476.6454711556,"n_hex":55,"sample_h3":"8753a9202ffffff","log_pop":4.9333933925,"log_mass":8.0180738834},{"country_iso":"SAU","city_id":5099,"city":"Ash Sharai","pop_total":16598.0451067139,"mass_total":19062745.909823034,"n_hex":14,"sample_h3":"8753a9200ffffff","log_pop":4.2200569405,"log_mass":7.2801854591},{"country_iso":"SAU","city_id":5190,"city":"At Taif","pop_total":17759.297791783,"mass_total":36903139.2175079286,"n_hex":31,"sample_h3":"87523440dffffff","log_pop":4.2494257896,"log_mass":7.5670633116},{"country_iso":"SAU","city_id":5191,"city":"Hail","pop_total":7609.8159276761,"mass_total":37465256.0949768126,"n_hex":24,"sample_h3":"875305134ffffff","log_pop":3.8813741518,"log_mass":7.5736287056},{"country_iso":"SAU","city_id":5202,"city":"Al Hawiyah","pop_total":3818.2661262961,"mass_total":6861169.4326282777,"n_hex":10,"sample_h3":"8752340b4ffffff","log_pop":3.5818661947,"log_mass":6.8363981441},{"country_iso":"SAU","city_id":5203,"city":"Al Lith","pop_total":255.5681381328,"mass_total":947066.0785317493,"n_hex":4,"sample_h3":"875232900ffffff","log_pop":2.407506709,"log_mass":5.9763802816},{"country_iso":"SAU","city_id":5348,"city":"Qunfudhah","pop_total":936.3749882371,"mass_total":3642354.7571956543,"n_hex":6,"sample_h3":"875233418ffffff","log_pop":2.9714498046,"log_mass":6.5613822428},{"country_iso":"SAU","city_id":5352,"city":"\u0642\u0644\u0648\u0629","pop_total":142.9688877756,"mass_total":456812.2951947513,"n_hex":5,"sample_h3":"875230658ffffff","log_pop":2.1552415386,"log_mass":5.6597377845},{"country_iso":"SAU","city_id":5378,"city":"Rafha","pop_total":1115.8742030284,"mass_total":8259175.381276343,"n_hex":9,"sample_h3":"872cb6680ffffff","log_pop":3.0476152376,"log_mass":6.9169366883},{"country_iso":"SAU","city_id":5381,"city":"Al Makhwah","pop_total":351.9352055783,"mass_total":1087533.3584582524,"n_hex":6,"sample_h3":"875233818ffffff","log_pop":2.5464627133,"log_mass":6.0364425872},{"country_iso":"SAU","city_id":5425,"city":"Lakathah","pop_total":125.5273002134,"mass_total":476245.3950287256,"n_hex":5,"sample_h3":"8752332e8ffffff","log_pop":2.0987381883,"log_mass":5.6778307894},{"country_iso":"SAU","city_id":5434,"city":"Afif","pop_total":91.8663131978,"mass_total":1434359.89867396,"n_hex":6,"sample_h3":"87530a088ffffff","log_pop":1.9631562875,"log_mass":6.1566581349},{"country_iso":"SAU","city_id":5439,"city":"Muhayil","pop_total":2274.1673476425,"mass_total":4291733.5413873224,"n_hex":11,"sample_h3":"875215a84ffffff","log_pop":3.3568224197,"log_mass":6.6326327503},{"country_iso":"SAU","city_id":5455,"city":"\u0627\u0644\u0628\u062f\u0627\u0626\u0639","pop_total":2558.6000019896,"mass_total":3763803.0385243227,"n_hex":6,"sample_h3":"87530c320ffffff","log_pop":3.4080023959,"log_mass":6.5756268885},{"country_iso":"SAU","city_id":5460,"city":"Bisha","pop_total":1610.9461162866,"mass_total":6479806.8960895874,"n_hex":9,"sample_h3":"87523120bffffff","log_pop":3.2070810142,"log_mass":6.8115620637},{"country_iso":"SAU","city_id":5462,"city":"Buraydah","pop_total":13522.4432379859,"mass_total":59373346.7557308823,"n_hex":35,"sample_h3":"87530cb40ffffff","log_pop":4.1310551671,"log_mass":7.7735915299},{"country_iso":"SAU","city_id":5470,"city":"Unaizah","pop_total":9012.4815829342,"mass_total":24227090.5159460902,"n_hex":21,"sample_h3":"87530ca4affffff","log_pop":3.9548443902,"log_mass":7.3843012619},{"country_iso":"SAU","city_id":5473,"city":"Abha","pop_total":2549.8454322759,"mass_total":8938804.1888400819,"n_hex":13,"sample_h3":"875202520ffffff","log_pop":3.406513855,"log_mass":6.9512794238},{"country_iso":"SAU","city_id":5479,"city":"Khamis Mushait","pop_total":17227.0652981146,"mass_total":23539004.9230431058,"n_hex":36,"sample_h3":"875202112ffffff","log_pop":4.2362112999,"log_mass":7.3717880997},{"country_iso":"SAU","city_id":5493,"city":"Sabya","pop_total":8.6664814949,"mass_total":31253.2724227213,"n_hex":2,"sample_h3":"875211250ffffff","log_pop":0.937842814,"log_mass":4.4948954975},{"country_iso":"SAU","city_id":5496,"city":"King Faisal Military City","pop_total":915.6216452496,"mass_total":2758985.1482792855,"n_hex":10,"sample_h3":"875202012ffffff","log_pop":2.9617160508,"log_mass":6.4407493627},{"country_iso":"SAU","city_id":5509,"city":"Abu Arish","pop_total":45.7990555763,"mass_total":116266.3357002631,"n_hex":2,"sample_h3":"87521c413ffffff","log_pop":1.6608565225,"log_mass":5.0654539853},{"country_iso":"SAU","city_id":5523,"city":"Samitah","pop_total":4.4858436584,"mass_total":5060.3077547485,"n_hex":1,"sample_h3":"87521ea0dffffff","log_pop":0.6518441334,"log_mass":3.7041769303},{"country_iso":"SAU","city_id":5563,"city":"Hafar Al-Batin","pop_total":14020.829246132,"mass_total":41870282.8391912878,"n_hex":21,"sample_h3":"872c96089ffffff","log_pop":4.1467737002,"log_mass":7.6219058946},{"country_iso":"SAU","city_id":5606,"city":"Najran","pop_total":10629.5833899984,"mass_total":15654215.9754974358,"n_hex":20,"sample_h3":"87521d834ffffff","log_pop":4.0265162434,"log_mass":7.1946313213},{"country_iso":"SAU","city_id":5619,"city":"Wadi Ad Dawasir","pop_total":989.6955133006,"mass_total":5864814.9238084825,"n_hex":13,"sample_h3":"87522e41affffff","log_pop":2.9955016014,"log_mass":6.7682543116},{"country_iso":"SAU","city_id":5698,"city":"Riyadh","pop_total":1558565.9751648435,"mass_total":853806310.590457201,"n_hex":254,"sample_h3":"875354a44ffffff","log_pop":6.192725191,"log_mass":8.9313593604},{"country_iso":"SAU","city_id":5701,"city":"Shaib Liban","pop_total":16102.6372639712,"mass_total":7064412.4649738083,"n_hex":11,"sample_h3":"875354a40ffffff","log_pop":4.2068970099,"log_mass":6.8490760482},{"country_iso":"SAU","city_id":5740,"city":"Al-Kharj","pop_total":10390.9036174886,"mass_total":42868126.863852188,"n_hex":22,"sample_h3":"87535504bffffff","log_pop":4.0166533165,"log_mass":7.6321345073},{"country_iso":"SAU","city_id":5747,"city":"Al Khafji","pop_total":3053.4112348187,"mass_total":11370264.9676226657,"n_hex":13,"sample_h3":"875364488ffffff","log_pop":3.4847852992,"log_mass":7.0557705854},{"country_iso":"SAU","city_id":5788,"city":"Sharurah","pop_total":624.7455140207,"mass_total":5358776.1476722425,"n_hex":8,"sample_h3":"87520901affffff","log_pop":2.7957031464,"log_mass":6.7290656156},{"country_iso":"SAU","city_id":5800,"city":"Al Jubayl Industrial City","pop_total":20548.1801976428,"mass_total":31750377.5250282064,"n_hex":24,"sample_h3":"875363800ffffff","log_pop":4.3127733656,"log_mass":7.5017488936},{"country_iso":"SAU","city_id":5803,"city":"Jubail","pop_total":12467.8771411064,"mass_total":23115932.4410698786,"n_hex":21,"sample_h3":"87536380affffff","log_pop":4.0957925141,"log_mass":7.3639114165},{"country_iso":"SAU","city_id":5817,"city":"Hofuf","pop_total":43600.5783785413,"mass_total":96708519.4523901194,"n_hex":78,"sample_h3":"875345090ffffff","log_pop":4.6394922504,"log_mass":7.9854647346},{"country_iso":"SAU","city_id":5820,"city":"Dammam","pop_total":407701.2967476808,"mass_total":197425992.0485782921,"n_hex":101,"sample_h3":"875363240ffffff","log_pop":5.6103420928,"log_mass":8.295404329},{"country_iso":"SAU","city_id":5826,"city":"Al Khobar","pop_total":106013.3787259308,"mass_total":72632166.2132693082,"n_hex":39,"sample_h3":"87536e405ffffff","log_pop":5.025360676,"log_mass":7.8611289969}]