[{"country_iso":"ROU","city_id":3300,"city":"Timi\u0219oara","pop_total":232946.405833882,"mass_total":46383557.3471244946,"n_hex":22,"sample_h3":"871e19280ffffff","log_pop":5.367256014,"log_mass":7.6663640534},{"country_iso":"ROU","city_id":3301,"city":"Arad","pop_total":83640.3920794927,"mass_total":27209488.0546282008,"n_hex":17,"sample_h3":"871e19ac0ffffff","log_pop":4.92241606,"log_mass":7.4347203706},{"country_iso":"ROU","city_id":3314,"city":"Oradea","pop_total":112028.0827778817,"mass_total":33546482.6375725716,"n_hex":17,"sample_h3":"871e0aa80ffffff","log_pop":5.0493269036,"log_mass":7.5256469909},{"country_iso":"ROU","city_id":3335,"city":"Satu Mare","pop_total":51232.6885496392,"mass_total":15984207.2336774357,"n_hex":9,"sample_h3":"871e08310ffffff","log_pop":4.709547147,"log_mass":7.2036911015},{"country_iso":"ROU","city_id":3356,"city":"Drobeta-Turnu Severin","pop_total":60835.7114294716,"mass_total":14872607.653470831,"n_hex":9,"sample_h3":"871ee048bffffff","log_pop":4.7841585912,"log_mass":7.1723871212},{"country_iso":"ROU","city_id":3357,"city":"Baia Mare","pop_total":63091.7719905405,"mass_total":18365851.3517236039,"n_hex":10,"sample_h3":"871e09424ffffff","log_pop":4.7999727251,"log_mass":7.2640110649},{"country_iso":"ROU","city_id":3367,"city":"Cluj-Napoca","pop_total":208923.1149536151,"mass_total":45666977.3142510727,"n_hex":22,"sample_h3":"871e0b214ffffff","log_pop":5.3199864924,"log_mass":7.6596022667},{"country_iso":"ROU","city_id":3385,"city":"Sibiu","pop_total":85764.2594402659,"mass_total":22590058.4681675285,"n_hex":12,"sample_h3":"871ee50c8ffffff","log_pop":4.9333063419,"log_mass":7.353917355},{"country_iso":"ROU","city_id":3386,"city":"Craiova","pop_total":182534.4243688729,"mass_total":37744157.4533040226,"n_hex":18,"sample_h3":"871ee3121ffffff","log_pop":5.2613447806,"log_mass":7.5768497352},{"country_iso":"ROU","city_id":3392,"city":"T\u00e2rgu Mure\u0219","pop_total":87093.8913446216,"mass_total":20613883.1273212172,"n_hex":12,"sample_h3":"871e56451ffffff","log_pop":4.9399876952,"log_mass":7.3141598094},{"country_iso":"ROU","city_id":3404,"city":"Slatina","pop_total":40860.6143408965,"mass_total":13877848.2353873905,"n_hex":9,"sample_h3":"871ee3a21ffffff","log_pop":4.611304892,"log_mass":7.1423221338},{"country_iso":"ROU","city_id":3411,"city":"Pite\u0219ti","pop_total":97501.9378785549,"mass_total":18557761.5247406811,"n_hex":12,"sample_h3":"871ee10c0ffffff","log_pop":4.9890132475,"log_mass":7.2685255896},{"country_iso":"ROU","city_id":3423,"city":"Brasov","pop_total":143496.1124439831,"mass_total":33056279.2795459516,"n_hex":16,"sample_h3":"871e52700ffffff","log_pop":5.1568401354,"log_mass":7.519253969},{"country_iso":"ROU","city_id":3426,"city":"Suceava","pop_total":47454.3927248497,"mass_total":13927426.8467956409,"n_hex":12,"sample_h3":"871e54224ffffff","log_pop":4.6762764201,"log_mass":7.143870886},{"country_iso":"ROU","city_id":3429,"city":"T\u00e2rgovi\u0219te","pop_total":45788.0282644487,"mass_total":13464572.9855821691,"n_hex":9,"sample_h3":"871ee1260ffffff","log_pop":4.6607519422,"log_mass":7.1291925848},{"country_iso":"ROU","city_id":3437,"city":"Piatra Neam\u021b","pop_total":39680.4992925541,"mass_total":10978485.3964074422,"n_hex":11,"sample_h3":"871e50100ffffff","log_pop":4.5985771282,"log_mass":7.0405424285},{"country_iso":"ROU","city_id":3438,"city":"Boto\u0219ani","pop_total":65937.4121737578,"mass_total":13305931.5612910967,"n_hex":8,"sample_h3":"871e55c84ffffff","log_pop":4.8191318985,"log_mass":7.1240452853},{"country_iso":"ROU","city_id":3442,"city":"Ploie\u0219ti","pop_total":144332.3560974612,"mass_total":30827433.4851271994,"n_hex":18,"sample_h3":"871eec180ffffff","log_pop":5.1593637012,"log_mass":7.4889373694},{"country_iso":"ROU","city_id":3444,"city":"Bucharest","pop_total":1518251.9870634929,"mass_total":236264391.674300015,"n_hex":67,"sample_h3":"871eec4cbffffff","log_pop":6.1813438582,"log_mass":8.3733982724},{"country_iso":"ROU","city_id":3453,"city":"Bac\u0103u","pop_total":90167.729739062,"mass_total":22469718.2209209204,"n_hex":15,"sample_h3":"871e50212ffffff","log_pop":4.9550511351,"log_mass":7.3515976262},{"country_iso":"ROU","city_id":3458,"city":"Buz\u0103u","pop_total":69286.6583658564,"mass_total":16419225.0928906463,"n_hex":11,"sample_h3":"871eeca01ffffff","log_pop":4.8406496162,"log_mass":7.2153526567},{"country_iso":"ROU","city_id":3461,"city":"Ia\u0219i","pop_total":185523.7623880588,"mass_total":41719771.8075510189,"n_hex":21,"sample_h3":"871e5561bffffff","log_pop":5.2683995431,"log_mass":7.6203419243},{"country_iso":"ROU","city_id":3464,"city":"Olteni\u021ba","pop_total":75970.5400291817,"mass_total":3852966.7646772298,"n_hex":6,"sample_h3":"871ee8c42ffffff","log_pop":4.8806452136,"log_mass":6.5857952628},{"country_iso":"ROU","city_id":3467,"city":"Foc\u0219ani","pop_total":47608.9452957742,"mass_total":10951891.3667472806,"n_hex":7,"sample_h3":"871e53088ffffff","log_pop":4.6776885604,"log_mass":7.0394891273},{"country_iso":"ROU","city_id":3482,"city":"C\u0103l\u0103ra\u0219i","pop_total":239490.1873770714,"mass_total":18789283.4979665913,"n_hex":18,"sample_h3":"871ee8a06ffffff","log_pop":5.3792877238,"log_mass":7.2739102192},{"country_iso":"ROU","city_id":3490,"city":"Gala\u021bi","pop_total":169028.4711582497,"mass_total":49606359.3815630376,"n_hex":20,"sample_h3":"871e5e590ffffff","log_pop":5.2279598633,"log_mass":7.6955373553},{"country_iso":"ROU","city_id":3492,"city":"Br\u0103ila","pop_total":124568.7763322256,"mass_total":25254153.1660432294,"n_hex":12,"sample_h3":"871eed809ffffff","log_pop":5.0954091983,"log_mass":7.4023328101},{"country_iso":"ROU","city_id":3526,"city":"Tulcea","pop_total":38175.9320621939,"mass_total":13689317.9253531061,"n_hex":9,"sample_h3":"871e5e681ffffff","log_pop":4.5817896491,"log_mass":7.1363818098},{"country_iso":"ROU","city_id":3533,"city":"Constan\u021ba","pop_total":204425.8325224053,"mass_total":44022168.3667490035,"n_hex":15,"sample_h3":"871ee9808ffffff","log_pop":5.3105357751,"log_mass":7.6436714305}]