[{"country_iso":"GBR","city_id":1636,"city":"Londonderry\/Derry","pop_total":46838.4924975877,"mass_total":14722766.1820110586,"n_hex":12,"sample_h3":"871825010ffffff","log_pop":4.6706029088,"log_mass":7.1679894149},{"country_iso":"GBR","city_id":1667,"city":"Belfast","pop_total":341057.3002076481,"mass_total":116919360.5626817495,"n_hex":52,"sample_h3":"8719528b6ffffff","log_pop":5.5328273499,"log_mass":8.0678864315},{"country_iso":"GBR","city_id":1678,"city":"Bangor","pop_total":42500.165616793,"mass_total":14271350.1089658514,"n_hex":11,"sample_h3":"871952912ffffff","log_pop":4.6283906224,"log_mass":7.1544650605},{"country_iso":"GBR","city_id":1699,"city":"Greenock","pop_total":45505.1009597953,"mass_total":13602185.9393623099,"n_hex":13,"sample_h3":"871909041ffffff","log_pop":4.6580600823,"log_mass":7.1336087073},{"country_iso":"GBR","city_id":1703,"city":"Ayr","pop_total":41893.980655828,"mass_total":16540997.3032524101,"n_hex":13,"sample_h3":"871954582ffffff","log_pop":4.6221516278,"log_mass":7.2185616908},{"country_iso":"GBR","city_id":1707,"city":"Plymouth","pop_total":196540.249665353,"mass_total":52107679.1562661454,"n_hex":29,"sample_h3":"871874ac0ffffff","log_pop":5.2934515034,"log_mass":7.7169017304},{"country_iso":"GBR","city_id":1709,"city":"Glasgow","pop_total":752809.7392221255,"mass_total":239976977.2974466383,"n_hex":91,"sample_h3":"871909301ffffff","log_pop":5.876685229,"log_mass":8.3801695787},{"country_iso":"GBR","city_id":1713,"city":"Swansea","pop_total":103506.5126102705,"mass_total":32845149.015222732,"n_hex":19,"sample_h3":"87195a140ffffff","log_pop":5.0149676764,"log_mass":7.5164712366},{"country_iso":"GBR","city_id":1716,"city":"East Kilbride","pop_total":48144.3330444596,"mass_total":13909615.1364328992,"n_hex":9,"sample_h3":"871954d82ffffff","log_pop":4.6825451747,"log_mass":7.1433151137},{"country_iso":"GBR","city_id":1718,"city":"Neath","pop_total":57821.8065801416,"mass_total":30730602.0165995769,"n_hex":22,"sample_h3":"87195a164ffffff","log_pop":4.7620916566,"log_mass":7.4875710682},{"country_iso":"GBR","city_id":1721,"city":"Hamilton","pop_total":42952.9216652805,"mass_total":13263499.2202947047,"n_hex":7,"sample_h3":"871954da0ffffff","log_pop":4.63299271,"log_mass":7.1226581162},{"country_iso":"GBR","city_id":1722,"city":"Wishaw","pop_total":83742.2324371903,"mass_total":32037254.7556539327,"n_hex":19,"sample_h3":"871909a48ffffff","log_pop":4.9229445343,"log_mass":7.5056552947},{"country_iso":"GBR","city_id":1723,"city":"Coatbridge","pop_total":66335.4313289223,"mass_total":20249043.301617071,"n_hex":15,"sample_h3":"871909a40ffffff","log_pop":4.8217455574,"log_mass":7.3064045091},{"country_iso":"GBR","city_id":1726,"city":"Torquay","pop_total":77331.61104614,"mass_total":21493043.1188754663,"n_hex":17,"sample_h3":"87195b602ffffff","log_pop":4.8883570579,"log_mass":7.33229791},{"country_iso":"GBR","city_id":1728,"city":"Bridgend","pop_total":35130.0512228723,"mass_total":12670049.9399581179,"n_hex":12,"sample_h3":"87195aa00ffffff","log_pop":4.545678783,"log_mass":7.1027783267},{"country_iso":"GBR","city_id":1729,"city":"Exeter","pop_total":80138.3764161069,"mass_total":21026981.0372959487,"n_hex":12,"sample_h3":"87195b440ffffff","log_pop":4.9038405395,"log_mass":7.322776923},{"country_iso":"GBR","city_id":1731,"city":"Larbert","pop_total":45087.6970422808,"mass_total":14788987.0073460117,"n_hex":11,"sample_h3":"871909b6dffffff","log_pop":4.6540580533,"log_mass":7.1699384274},{"country_iso":"GBR","city_id":1739,"city":"Livingston","pop_total":34867.010317246,"mass_total":11098538.217669772,"n_hex":11,"sample_h3":"871972600ffffff","log_pop":4.5424147103,"log_mass":7.0452657819},{"country_iso":"GBR","city_id":1741,"city":"Cardiff","pop_total":283140.4400940704,"mass_total":71915866.9777023643,"n_hex":39,"sample_h3":"871958680ffffff","log_pop":5.4520019028,"log_mass":7.8568247204},{"country_iso":"GBR","city_id":1742,"city":"Dunfermline","pop_total":43047.8395064905,"mass_total":15688241.6002960857,"n_hex":15,"sample_h3":"871972700ffffff","log_pop":4.6339513599,"log_mass":7.1955742689},{"country_iso":"GBR","city_id":1746,"city":"Taunton","pop_total":41375.2589042065,"mass_total":10832352.7410148829,"n_hex":8,"sample_h3":"87195b892ffffff","log_pop":4.6167407244,"log_mass":7.0347227938},{"country_iso":"GBR","city_id":1749,"city":"Edinburgh","pop_total":364832.6593215032,"mass_total":93507190.3741908073,"n_hex":41,"sample_h3":"8719720c8ffffff","log_pop":5.5620937088,"log_mass":7.9708450079},{"country_iso":"GBR","city_id":1751,"city":"Liverpool","pop_total":979340.051722954,"mass_total":284054835.6540996432,"n_hex":131,"sample_h3":"871951005ffffff","log_pop":5.9909335161,"log_mass":8.453402187},{"country_iso":"GBR","city_id":1752,"city":"Newport","pop_total":84332.7436108938,"mass_total":31898928.7041917108,"n_hex":22,"sample_h3":"871958448ffffff","log_pop":4.9259962295,"log_mass":7.5037760979},{"country_iso":"GBR","city_id":1753,"city":"Weston-super-Mare","pop_total":62188.9043479828,"mass_total":15766528.9868187457,"n_hex":11,"sample_h3":"871958608ffffff","log_pop":4.7937129054,"log_mass":7.1977360936},{"country_iso":"GBR","city_id":1755,"city":"Blackpool","pop_total":170647.7040127087,"mass_total":50208151.3307835981,"n_hex":26,"sample_h3":"871951890ffffff","log_pop":5.2321004494,"log_mass":7.7007742309},{"country_iso":"GBR","city_id":1756,"city":"Southport","pop_total":57339.053297734,"mass_total":17351427.3903786354,"n_hex":12,"sample_h3":"871951100ffffff","log_pop":4.7584505182,"log_mass":7.2393352072},{"country_iso":"GBR","city_id":1759,"city":"Ellesmere Port","pop_total":44943.5584296249,"mass_total":22372611.4463925846,"n_hex":14,"sample_h3":"87195104bffffff","log_pop":4.6526674549,"log_mass":7.3497166801},{"country_iso":"GBR","city_id":1760,"city":"Chester","pop_total":59329.2795257621,"mass_total":16243829.9156983774,"n_hex":11,"sample_h3":"871951226ffffff","log_pop":4.7732690744,"log_mass":7.2106884335},{"country_iso":"GBR","city_id":1761,"city":"Carlisle","pop_total":43065.8420895636,"mass_total":11664847.3514256403,"n_hex":11,"sample_h3":"871955d81ffffff","log_pop":4.6341329436,"log_mass":7.0668790599},{"country_iso":"GBR","city_id":1763,"city":"Dundee","pop_total":117918.3201933259,"mass_total":37500249.8598751724,"n_hex":24,"sample_h3":"871972814ffffff","log_pop":5.0715812838,"log_mass":7.5740341614},{"country_iso":"GBR","city_id":1764,"city":"Lancaster","pop_total":70630.7077033905,"mass_total":21567233.4666070603,"n_hex":17,"sample_h3":"871955609ffffff","log_pop":4.8489935578,"log_mass":7.3337944396},{"country_iso":"GBR","city_id":1767,"city":"Shrewsbury","pop_total":44295.1427362911,"mass_total":13172633.6692504939,"n_hex":12,"sample_h3":"87195c413ffffff","log_pop":4.6463561055,"log_mass":7.1196726143},{"country_iso":"GBR","city_id":1770,"city":"Hereford","pop_total":38739.2769560352,"mass_total":10232807.8677247278,"n_hex":9,"sample_h3":"871958c01ffffff","log_pop":4.5881515106,"log_mass":7.0099948198},{"country_iso":"GBR","city_id":1771,"city":"Bristol","pop_total":459973.6388676791,"mass_total":118928303.5404650569,"n_hex":54,"sample_h3":"8719580c8ffffff","log_pop":5.6627329429,"log_mass":8.0752852239},{"country_iso":"GBR","city_id":1772,"city":"Runcorn","pop_total":82643.0824810683,"mass_total":31216589.3683033809,"n_hex":21,"sample_h3":"871951324ffffff","log_pop":4.9172065074,"log_mass":7.4943854516},{"country_iso":"GBR","city_id":1773,"city":"Preston","pop_total":160651.2804009772,"mass_total":46490284.2556964904,"n_hex":31,"sample_h3":"871951800ffffff","log_pop":5.2058841913,"log_mass":7.6673622016},{"country_iso":"GBR","city_id":1775,"city":"Warrington","pop_total":114837.8878242674,"mass_total":35990062.4120785818,"n_hex":23,"sample_h3":"871951a02ffffff","log_pop":5.0600851961,"log_mass":7.5561825998},{"country_iso":"GBR","city_id":1776,"city":"Atherton","pop_total":95128.2741944864,"mass_total":25810705.0892988443,"n_hex":22,"sample_h3":"871951a34ffffff","log_pop":4.9783096179,"log_mass":7.4117998686},{"country_iso":"GBR","city_id":1777,"city":"Telford","pop_total":85542.1528896278,"mass_total":29770791.173312854,"n_hex":21,"sample_h3":"87195c429ffffff","log_pop":4.9321801762,"log_mass":7.4737903764},{"country_iso":"GBR","city_id":1778,"city":"Blackburn","pop_total":102138.0675507587,"mass_total":26421919.8466221504,"n_hex":19,"sample_h3":"871942492ffffff","log_pop":5.0091876368,"log_mass":7.4219643708},{"country_iso":"GBR","city_id":1780,"city":"Manchester","pop_total":1596239.0397647561,"mass_total":430522474.5896075368,"n_hex":178,"sample_h3":"871942418ffffff","log_pop":6.2030979283,"log_mass":8.6339958279},{"country_iso":"GBR","city_id":1781,"city":"Crewe","pop_total":52666.9870887345,"mass_total":15513568.9226496555,"n_hex":10,"sample_h3":"87195cca2ffffff","log_pop":4.7215384745,"log_mass":7.1907117195},{"country_iso":"GBR","city_id":1782,"city":"Bath","pop_total":55823.818914808,"mass_total":11570944.8742806129,"n_hex":11,"sample_h3":"871958206ffffff","log_pop":4.7468195433,"log_mass":7.0633688245},{"country_iso":"GBR","city_id":1786,"city":"Rishton","pop_total":44590.7903184703,"mass_total":11959795.2275018413,"n_hex":11,"sample_h3":"8719424b0ffffff","log_pop":4.6492451698,"log_mass":7.0777237438},{"country_iso":"GBR","city_id":1790,"city":"Gloucester","pop_total":104282.9470789392,"mass_total":28555904.7289486304,"n_hex":19,"sample_h3":"8719588c0ffffff","log_pop":5.018213296,"log_mass":7.4556959244},{"country_iso":"GBR","city_id":1792,"city":"Bury","pop_total":50620.5582038937,"mass_total":15528304.9524580948,"n_hex":13,"sample_h3":"871942483ffffff","log_pop":4.7043269299,"log_mass":7.1911240514},{"country_iso":"GBR","city_id":1793,"city":"Kidderminster","pop_total":38018.8723012922,"mass_total":10464603.1937848274,"n_hex":8,"sample_h3":"87195c62cffffff","log_pop":4.5799992309,"log_mass":7.019722765},{"country_iso":"GBR","city_id":1794,"city":"Burnley","pop_total":94557.5606022904,"mass_total":25068367.5046814568,"n_hex":22,"sample_h3":"871942580ffffff","log_pop":4.9756962597,"log_mass":7.3991260529},{"country_iso":"GBR","city_id":1795,"city":"Stoke-on-Trent","pop_total":228501.600853761,"mass_total":75458881.8739559799,"n_hex":42,"sample_h3":"87195cc00ffffff","log_pop":5.358889247,"log_mass":7.8777103657},{"country_iso":"GBR","city_id":1796,"city":"Worcester","pop_total":72482.0763550157,"mass_total":18839574.7489199266,"n_hex":12,"sample_h3":"871958916ffffff","log_pop":4.8602306258,"log_mass":7.2750710956},{"country_iso":"GBR","city_id":1800,"city":"Birmingham","pop_total":1835458.8822538711,"mass_total":510611304.2663664818,"n_hex":178,"sample_h3":"87195c001ffffff","log_pop":6.2637446599,"log_mass":8.7080904253},{"country_iso":"GBR","city_id":1803,"city":"Cheltenham","pop_total":80724.1108629499,"mass_total":19195931.6522920765,"n_hex":14,"sample_h3":"871958809ffffff","log_pop":4.9070032702,"log_mass":7.2832091949},{"country_iso":"GBR","city_id":1805,"city":"Stafford","pop_total":44857.3288460644,"mass_total":14208557.8901389539,"n_hex":11,"sample_h3":"87195c184ffffff","log_pop":4.6518334087,"log_mass":7.1525500011},{"country_iso":"GBR","city_id":1806,"city":"Bournemouth","pop_total":275485.5567038096,"mass_total":69781630.1503383517,"n_hex":40,"sample_h3":"871959448ffffff","log_pop":5.4400988344,"log_mass":7.8437411107},{"country_iso":"GBR","city_id":1809,"city":"Aberdeen","pop_total":151393.1315445852,"mass_total":48188327.7317941487,"n_hex":21,"sample_h3":"8719768c1ffffff","log_pop":5.1801061724,"log_mass":7.6829418553},{"country_iso":"GBR","city_id":1810,"city":"Great Wyrley","pop_total":59990.9959230158,"mass_total":18823973.019257959,"n_hex":14,"sample_h3":"87195c000ffffff","log_pop":4.7780860718,"log_mass":7.2747112917},{"country_iso":"GBR","city_id":1811,"city":"Redditch","pop_total":46157.1911472996,"mass_total":12566608.997919092,"n_hex":13,"sample_h3":"87195c210ffffff","log_pop":4.6642393724,"log_mass":7.0992181025},{"country_iso":"GBR","city_id":1813,"city":"Keighley","pop_total":35302.7591913438,"mass_total":8544232.3997734748,"n_hex":9,"sample_h3":"871942505ffffff","log_pop":4.5478086503,"log_mass":6.9316730525},{"country_iso":"GBR","city_id":1815,"city":"Huddersfield","pop_total":180344.6103139657,"mass_total":52728292.2364098951,"n_hex":38,"sample_h3":"871942096ffffff","log_pop":5.2561031677,"log_mass":7.7220437056},{"country_iso":"GBR","city_id":1816,"city":"Swindon","pop_total":138961.1910133749,"mass_total":37477598.8734464869,"n_hex":21,"sample_h3":"871958a28ffffff","log_pop":5.1428935277,"log_mass":7.5737717586},{"country_iso":"GBR","city_id":1819,"city":"Leeds","pop_total":926223.3703525667,"mass_total":268319322.3249121308,"n_hex":132,"sample_h3":"871942030ffffff","log_pop":5.9667157349,"log_mass":8.4286519484},{"country_iso":"GBR","city_id":1828,"city":"Fazeley","pop_total":53631.4864350623,"mass_total":15229541.0265210159,"n_hex":12,"sample_h3":"87195c149ffffff","log_pop":4.7294198339,"log_mass":7.1826868152},{"country_iso":"GBR","city_id":1830,"city":"Newcastle upon Tyne","pop_total":575858.8781415138,"mass_total":177541363.3769615889,"n_hex":73,"sample_h3":"871973200ffffff","log_pop":5.7603160668,"log_mass":8.2492995506},{"country_iso":"GBR","city_id":1831,"city":"Burton-on-Trent","pop_total":47923.6921664281,"mass_total":16372268.9655595664,"n_hex":13,"sample_h3":"87195c8c1ffffff","log_pop":4.6805502699,"log_mass":7.2141088707},{"country_iso":"GBR","city_id":1833,"city":"Warwick","pop_total":67545.2958730785,"mass_total":16060927.5447453745,"n_hex":13,"sample_h3":"87195c340ffffff","log_pop":4.8295951084,"log_mass":7.2057706229},{"country_iso":"GBR","city_id":1834,"city":"Coventry","pop_total":322537.5193288933,"mass_total":82819686.9490224868,"n_hex":43,"sample_h3":"87195c328ffffff","log_pop":5.5085802414,"log_mass":7.9181335846},{"country_iso":"GBR","city_id":1835,"city":"Southampton","pop_total":248109.0294298497,"mass_total":58377921.2233134359,"n_hex":35,"sample_h3":"871959020ffffff","log_pop":5.3946425698,"log_mass":7.7662486262},{"country_iso":"GBR","city_id":1836,"city":"Birtley","pop_total":53352.2754276848,"mass_total":18958117.8644829914,"n_hex":11,"sample_h3":"871973240ffffff","log_pop":4.7271529464,"log_mass":7.277795219},{"country_iso":"GBR","city_id":1837,"city":"Darlington","pop_total":65495.5648786697,"mass_total":18607393.6354180016,"n_hex":12,"sample_h3":"871946418ffffff","log_pop":4.8162118921,"log_mass":7.2696855451},{"country_iso":"GBR","city_id":1838,"city":"Sheffield","pop_total":505115.7011437085,"mass_total":150170180.8545541763,"n_hex":78,"sample_h3":"871942041ffffff","log_pop":5.7033908684,"log_mass":8.1765837038},{"country_iso":"GBR","city_id":1839,"city":"Derby","pop_total":198665.2519898016,"mass_total":53687858.7255968451,"n_hex":28,"sample_h3":"87195c80cffffff","log_pop":5.2981219125,"log_mass":7.729876083},{"country_iso":"GBR","city_id":1840,"city":"Harrogate","pop_total":47894.7956741924,"mass_total":11758482.1440269649,"n_hex":10,"sample_h3":"871942c21ffffff","log_pop":4.6802883248,"log_mass":7.070351264},{"country_iso":"GBR","city_id":1841,"city":"Cudworth","pop_total":76513.1357457697,"mass_total":27777278.3588215597,"n_hex":20,"sample_h3":"871942000ffffff","log_pop":4.8837360011,"log_mass":7.4436896909},{"country_iso":"GBR","city_id":1845,"city":"Chesterfield","pop_total":47443.8722109126,"mass_total":16704686.1410425398,"n_hex":14,"sample_h3":"871942284ffffff","log_pop":4.6761801275,"log_mass":7.2228383202},{"country_iso":"GBR","city_id":1847,"city":"Wath upon Dearne","pop_total":62130.4692006606,"mass_total":21164819.7210610844,"n_hex":21,"sample_h3":"871942008ffffff","log_pop":4.7933046334,"log_mass":7.3256145736},{"country_iso":"GBR","city_id":1848,"city":"Eastleigh","pop_total":49325.1626719981,"mass_total":13789854.168603966,"n_hex":13,"sample_h3":"871959100ffffff","log_pop":4.6930685262,"log_mass":7.1395596734},{"country_iso":"GBR","city_id":1849,"city":"Sunderland","pop_total":119304.1597682224,"mass_total":40706120.9838632643,"n_hex":20,"sample_h3":"871946c82ffffff","log_pop":5.0766555864,"log_mass":7.609659719},{"country_iso":"GBR","city_id":1851,"city":"Pontefract","pop_total":63968.4390658292,"mass_total":25872469.2769587263,"n_hex":20,"sample_h3":"871942100ffffff","log_pop":4.8059657534,"log_mass":7.4128378799},{"country_iso":"GBR","city_id":1856,"city":"Middlesbrough","pop_total":253957.3469351766,"mass_total":119040652.3734878153,"n_hex":54,"sample_h3":"871946090ffffff","log_pop":5.4047607814,"log_mass":8.0756952983},{"country_iso":"GBR","city_id":1857,"city":"Nottingham","pop_total":471002.8670715359,"mass_total":123390146.1658915877,"n_hex":56,"sample_h3":"8719422cdffffff","log_pop":5.6730235508,"log_mass":8.0912804787},{"country_iso":"GBR","city_id":1858,"city":"Oxford","pop_total":116323.024743219,"mass_total":25099719.1856962293,"n_hex":19,"sample_h3":"87195d083ffffff","log_pop":5.0656656866,"log_mass":7.3996688626},{"country_iso":"GBR","city_id":1859,"city":"Rugby","pop_total":51137.6171464318,"mass_total":15019144.5683128405,"n_hex":13,"sample_h3":"87195ca4affffff","log_pop":4.7087404874,"log_mass":7.1766451977},{"country_iso":"GBR","city_id":1860,"city":"Mansfield","pop_total":110661.354291196,"mass_total":35173883.0578448698,"n_hex":23,"sample_h3":"871942208ffffff","log_pop":5.0439959809,"log_mass":7.5462203154},{"country_iso":"GBR","city_id":1861,"city":"Portsmouth","pop_total":361631.3857707006,"mass_total":82369981.2292411774,"n_hex":53,"sample_h3":"871959145ffffff","log_pop":5.5582661156,"log_mass":7.915768967},{"country_iso":"GBR","city_id":1862,"city":"Loughborough","pop_total":42027.8209187405,"mass_total":11782574.6586051024,"n_hex":8,"sample_h3":"871943488ffffff","log_pop":4.6235368731,"log_mass":7.0712402003},{"country_iso":"GBR","city_id":1864,"city":"Leicester","pop_total":372419.2901364875,"mass_total":88130466.5027434528,"n_hex":37,"sample_h3":"8719434c3ffffff","log_pop":5.571032168,"log_mass":7.945126069},{"country_iso":"GBR","city_id":1865,"city":"Hartlepool","pop_total":66856.5201567947,"mass_total":24123030.8434762768,"n_hex":14,"sample_h3":"871946560ffffff","log_pop":4.8251437681,"log_mass":7.3824318721},{"country_iso":"GBR","city_id":1867,"city":"Doncaster","pop_total":93704.201680169,"mass_total":32114862.5861357078,"n_hex":24,"sample_h3":"871942061ffffff","log_pop":4.971759065,"log_mass":7.5067060681},{"country_iso":"GBR","city_id":1869,"city":"Basingstoke","pop_total":67714.3149911537,"mass_total":17214117.4670422673,"n_hex":14,"sample_h3":"871959834ffffff","log_pop":4.8306804894,"log_mass":7.2358847622},{"country_iso":"GBR","city_id":1874,"city":"York","pop_total":111896.6179495356,"mass_total":27107486.195014175,"n_hex":17,"sample_h3":"871942834ffffff","log_pop":5.0488169603,"log_mass":7.4330892453},{"country_iso":"GBR","city_id":1877,"city":"Reading","pop_total":175965.9506524502,"mass_total":40133981.5698506907,"n_hex":27,"sample_h3":"87195d280ffffff","log_pop":5.2454286401,"log_mass":7.6035122469},{"country_iso":"GBR","city_id":1880,"city":"Northampton","pop_total":153954.8411237027,"mass_total":41605476.4689716026,"n_hex":24,"sample_h3":"8719436c8ffffff","log_pop":5.1873933499,"log_mass":7.6191504999},{"country_iso":"GBR","city_id":1887,"city":"Milton Keynes","pop_total":121915.3006798648,"mass_total":36371697.8733885288,"n_hex":27,"sample_h3":"87195d124ffffff","log_pop":5.0860582141,"log_mass":7.5607635749},{"country_iso":"GBR","city_id":1889,"city":"Aylesbury","pop_total":50911.841128398,"mass_total":11889269.0716349147,"n_hex":9,"sample_h3":"87195d021ffffff","log_pop":4.7068188027,"log_mass":7.0751551559},{"country_iso":"GBR","city_id":1891,"city":"Blackwater","pop_total":142700.8365453706,"mass_total":37209309.1314365119,"n_hex":36,"sample_h3":"87194a5b6ffffff","log_pop":5.1544265191,"log_mass":7.5706516065},{"country_iso":"GBR","city_id":1892,"city":"High Wycombe","pop_total":68467.4193535702,"mass_total":15449347.8432293292,"n_hex":18,"sample_h3":"87195d048ffffff","log_pop":4.8354839589,"log_mass":7.1889101515},{"country_iso":"GBR","city_id":1893,"city":"Bracknell","pop_total":44757.9800983277,"mass_total":11691996.4677014556,"n_hex":12,"sample_h3":"87195d200ffffff","log_pop":4.6508704788,"log_mass":7.0678886755},{"country_iso":"GBR","city_id":1895,"city":"Maidenhead","pop_total":40434.4757366498,"mass_total":9778435.0746030267,"n_hex":9,"sample_h3":"87195d234ffffff","log_pop":4.6067518165,"log_mass":6.9902693565},{"country_iso":"GBR","city_id":1896,"city":"Bognor Regis","pop_total":48275.410810924,"mass_total":12460778.8058666121,"n_hex":11,"sample_h3":"871959b40ffffff","log_pop":4.6837259782,"log_mass":7.0955451868},{"country_iso":"GBR","city_id":1899,"city":"Kettering","pop_total":40611.032074109,"mass_total":11294850.9410499372,"n_hex":8,"sample_h3":"871943608ffffff","log_pop":4.6086440266,"log_mass":7.0528805039},{"country_iso":"GBR","city_id":1900,"city":"Corby","pop_total":41162.788722211,"mass_total":17282220.4762775674,"n_hex":11,"sample_h3":"871943605ffffff","log_pop":4.6145047899,"log_mass":7.2375995413},{"country_iso":"GBR","city_id":1905,"city":"Scunthorpe","pop_total":61511.0604957408,"mass_total":33150392.3629347831,"n_hex":17,"sample_h3":"8719404daffffff","log_pop":4.7889532146,"log_mass":7.520488673},{"country_iso":"GBR","city_id":1906,"city":"Slough","pop_total":117153.7633588982,"mass_total":23861959.4449829683,"n_hex":15,"sample_h3":"87195d301ffffff","log_pop":5.0687562441,"log_mass":7.3777061033},{"country_iso":"GBR","city_id":1912,"city":"London","pop_total":7635285.0072747413,"mass_total":1415017738.0523014069,"n_hex":486,"sample_h3":"87194a9a4ffffff","log_pop":6.8828252529,"log_mass":9.150761884},{"country_iso":"GBR","city_id":1914,"city":"Guildford","pop_total":45561.9391431249,"mass_total":10186785.9841196872,"n_hex":10,"sample_h3":"87194a5a4ffffff","log_pop":4.6586021996,"log_mass":7.0080371821},{"country_iso":"GBR","city_id":1915,"city":"Lincoln","pop_total":82039.4071295488,"mass_total":23913068.7633459941,"n_hex":19,"sample_h3":"871943c26ffffff","log_pop":4.9140225132,"log_mass":7.3786353127},{"country_iso":"GBR","city_id":1919,"city":"Littlehampton","pop_total":41919.6006182128,"mass_total":11136976.9247892536,"n_hex":9,"sample_h3":"87194a4c9ffffff","log_pop":4.6224171363,"log_mass":7.0467673198},{"country_iso":"GBR","city_id":1920,"city":"Luton","pop_total":201604.5971718788,"mass_total":41768371.1903688759,"n_hex":22,"sample_h3":"87195d848ffffff","log_pop":5.3045004311,"log_mass":7.6208475397},{"country_iso":"GBR","city_id":1923,"city":"Bedford","pop_total":78969.47338063,"mass_total":19719035.1856482588,"n_hex":14,"sample_h3":"87195d820ffffff","log_pop":4.8974592419,"log_mass":7.2948856619},{"country_iso":"GBR","city_id":1924,"city":"Hemel Hempstead","pop_total":56999.0138062277,"mass_total":12944084.5293431878,"n_hex":11,"sample_h3":"87195da12ffffff","log_pop":4.7558673416,"log_mass":7.1120713404},{"country_iso":"GBR","city_id":1929,"city":"Brighton","pop_total":335968.1275425895,"mass_total":65234845.3395501301,"n_hex":37,"sample_h3":"87194a088ffffff","log_pop":5.5262980789,"log_mass":7.8144796371},{"country_iso":"GBR","city_id":1930,"city":"Hull","pop_total":239965.6604819226,"mass_total":74567251.1256339848,"n_hex":34,"sample_h3":"871940400ffffff","log_pop":5.3801490978,"log_mass":7.8725481334},{"country_iso":"GBR","city_id":1936,"city":"St Albans","pop_total":54025.2887451561,"mass_total":12359861.5735944547,"n_hex":13,"sample_h3":"87195da04ffffff","log_pop":4.7325970967,"log_mass":7.0920136068},{"country_iso":"GBR","city_id":1939,"city":"Peterborough","pop_total":118738.953988009,"mass_total":36246246.8170426488,"n_hex":23,"sample_h3":"871943040ffffff","log_pop":5.0745932188,"log_mass":7.5592630434},{"country_iso":"GBR","city_id":1945,"city":"Crawley","pop_total":90574.4583717027,"mass_total":25251143.9999289252,"n_hex":16,"sample_h3":"87194a192ffffff","log_pop":4.9570057457,"log_mass":7.4022810586},{"country_iso":"GBR","city_id":1946,"city":"Stevenage","pop_total":63794.6460060072,"mass_total":15850504.8776593469,"n_hex":13,"sample_h3":"87194e488ffffff","log_pop":4.8047842319,"log_mass":7.2000431001},{"country_iso":"GBR","city_id":1948,"city":"Redhill","pop_total":39642.6301456941,"mass_total":8930052.0497115366,"n_hex":12,"sample_h3":"87194ac0affffff","log_pop":4.5981624606,"log_mass":6.9508539902},{"country_iso":"GBR","city_id":1951,"city":"Grimsby","pop_total":98307.5309201372,"mass_total":29023131.1121883541,"n_hex":18,"sample_h3":"871940099ffffff","log_pop":4.9925867886,"log_mass":7.4627442638},{"country_iso":"GBR","city_id":1960,"city":"Harlow","pop_total":54557.1677432675,"mass_total":14694617.6906891763,"n_hex":12,"sample_h3":"87194e45bffffff","log_pop":4.7368518165,"log_mass":7.1671582915},{"country_iso":"GBR","city_id":1965,"city":"Cambridge","pop_total":97767.0281319004,"mass_total":22858249.6702534072,"n_hex":16,"sample_h3":"871943268ffffff","log_pop":4.9901924139,"log_mass":7.359042972},{"country_iso":"GBR","city_id":1971,"city":"Royal Tunbridge Wells","pop_total":40644.1164595505,"mass_total":7577012.7718966594,"n_hex":9,"sample_h3":"87194a124ffffff","log_pop":4.6089976871,"log_mass":6.8794980193},{"country_iso":"GBR","city_id":1973,"city":"Eastbourne","pop_total":85565.804867247,"mass_total":19040376.5891395137,"n_hex":15,"sample_h3":"87194a041ffffff","log_pop":4.9323002399,"log_mass":7.2796755338},{"country_iso":"GBR","city_id":1978,"city":"Basildon","pop_total":76226.5933875307,"mass_total":21233697.5993756205,"n_hex":14,"sample_h3":"87194e741ffffff","log_pop":4.8821065113,"log_mass":7.327025628},{"country_iso":"GBR","city_id":1979,"city":"Chelmsford","pop_total":75860.0376441814,"mass_total":20046744.5804573521,"n_hex":13,"sample_h3":"87194e0c2ffffff","log_pop":4.8800130539,"log_mass":7.302043857},{"country_iso":"GBR","city_id":1980,"city":"St Leonards","pop_total":89125.4817194949,"mass_total":19535228.537464343,"n_hex":18,"sample_h3":"87194aa10ffffff","log_pop":4.9500018902,"log_mass":7.2908184963},{"country_iso":"GBR","city_id":1981,"city":"Chatham","pop_total":182385.0613327841,"mass_total":43928873.714834854,"n_hex":27,"sample_h3":"87194a900ffffff","log_pop":5.2609892636,"log_mass":7.6427500686},{"country_iso":"GBR","city_id":1983,"city":"Maidstone","pop_total":74972.0998528925,"mass_total":17406968.1358355917,"n_hex":16,"sample_h3":"87194a820ffffff","log_pop":4.8748996749,"log_mass":7.2407231343},{"country_iso":"GBR","city_id":1984,"city":"Southend-on-Sea","pop_total":200865.4029745794,"mass_total":47763075.7979967222,"n_hex":27,"sample_h3":"87194e214ffffff","log_pop":5.3029051404,"log_mass":7.6790922863},{"country_iso":"GBR","city_id":1993,"city":"Colchester","pop_total":82036.2767104113,"mass_total":21946264.2377909161,"n_hex":17,"sample_h3":"87194e140ffffff","log_pop":4.9140059413,"log_mass":7.3413606039},{"country_iso":"GBR","city_id":1995,"city":"Ashford","pop_total":50329.0044149766,"mass_total":13618719.934729049,"n_hex":13,"sample_h3":"871948484ffffff","log_pop":4.7018183395,"log_mass":7.1341362888},{"country_iso":"GBR","city_id":2000,"city":"Canterbury","pop_total":35768.1022646247,"mass_total":7913827.7082891045,"n_hex":8,"sample_h3":"871948506ffffff","log_pop":4.5534958986,"log_mass":6.898386591},{"country_iso":"GBR","city_id":2003,"city":"Ipswich","pop_total":120626.7913674243,"mass_total":31548299.1993451305,"n_hex":20,"sample_h3":"87194e809ffffff","log_pop":5.0814437759,"log_mass":7.498975951},{"country_iso":"GBR","city_id":2004,"city":"Folkestone","pop_total":38079.6573864995,"mass_total":9052467.6665343177,"n_hex":9,"sample_h3":"871948428ffffff","log_pop":4.5806930323,"log_mass":6.9567669823},{"country_iso":"GBR","city_id":2005,"city":"Norwich","pop_total":135108.1764252284,"mass_total":37107296.9250598699,"n_hex":22,"sample_h3":"871941042ffffff","log_pop":5.1306816323,"log_mass":7.5694593194},{"country_iso":"GBR","city_id":2012,"city":"Margate","pop_total":87958.2299859486,"mass_total":20881122.9605969824,"n_hex":16,"sample_h3":"871948c00ffffff","log_pop":4.9442764813,"log_mass":7.3197538508},{"country_iso":"GBR","city_id":2032,"city":"Great Yarmouth","pop_total":50263.5506177954,"mass_total":15366846.4588335827,"n_hex":10,"sample_h3":"871941ac2ffffff","log_pop":4.7012531639,"log_mass":7.1865847519},{"country_iso":"GBR","city_id":2033,"city":"Lowestoft","pop_total":50164.9768345222,"mass_total":15844832.0554317776,"n_hex":12,"sample_h3":"871941344ffffff","log_pop":4.700400616,"log_mass":7.1998876403}]