[{"country_iso":"COD","city_id":3010,"city":"Moanda","pop_total":3255.4357535068,"mass_total":6798809.3552132687,"n_hex":9,"sample_h3":"878230190ffffff","log_pop":3.5126091289,"log_mass":6.8324328633},{"country_iso":"COD","city_id":3046,"city":"Tshela","pop_total":129.81752491,"mass_total":43953.0023188443,"n_hex":2,"sample_h3":"878232199ffffff","log_pop":2.1133333247,"log_mass":4.642988546},{"country_iso":"COD","city_id":3052,"city":"Lemba Village","pop_total":92.5450646756,"mass_total":106878.1989751984,"n_hex":3,"sample_h3":"87823664affffff","log_pop":1.9663532633,"log_mass":5.0288891268},{"country_iso":"COD","city_id":3053,"city":"Boma","pop_total":42771.1378310783,"mass_total":4339532.3186902925,"n_hex":10,"sample_h3":"8782362b4ffffff","log_pop":4.6311508039,"log_mass":6.6374429271},{"country_iso":"COD","city_id":3073,"city":"Kinzao","pop_total":1000.3828087564,"mass_total":765285.271838681,"n_hex":5,"sample_h3":"878236680ffffff","log_pop":3.0001662199,"log_mass":5.8838233553},{"country_iso":"COD","city_id":3089,"city":"Matadi","pop_total":52018.3384428959,"mass_total":9862738.1207771525,"n_hex":12,"sample_h3":"878236460ffffff","log_pop":4.716156476,"log_mass":6.9939975017},{"country_iso":"COD","city_id":3157,"city":"Kimpese","pop_total":417.0204167516,"mass_total":444618.1794807531,"n_hex":4,"sample_h3":"8783ab682ffffff","log_pop":2.620157318,"log_mass":5.6479872161},{"country_iso":"COD","city_id":3176,"city":"Kwilu-Ngongo","pop_total":1444.8401418275,"mass_total":1137428.1201983623,"n_hex":6,"sample_h3":"87838ca22ffffff","log_pop":3.1598197991,"log_mass":6.0559239609},{"country_iso":"COD","city_id":3192,"city":"Mbanza-Ngungu","pop_total":446.2201892105,"mass_total":888504.8811741045,"n_hex":5,"sample_h3":"87838c060ffffff","log_pop":2.649549216,"log_mass":5.948659818},{"country_iso":"COD","city_id":3202,"city":"Kisantu","pop_total":1244.5384581697,"mass_total":493249.7573048385,"n_hex":4,"sample_h3":"87838c012ffffff","log_pop":3.0950083215,"log_mass":5.6930668802},{"country_iso":"COD","city_id":3209,"city":"Kinshasa","pop_total":3942472.9181061634,"mass_total":174164500.3414678574,"n_hex":87,"sample_h3":"87838e320ffffff","log_pop":6.5957687187,"log_mass":8.2409596382},{"country_iso":"COD","city_id":3222,"city":"Kibomango","pop_total":16954.8587326929,"mass_total":8907830.8698907271,"n_hex":11,"sample_h3":"87838e064ffffff","log_pop":4.2292941756,"log_mass":6.9497719626},{"country_iso":"COD","city_id":3285,"city":"Kasongo-Lunda","pop_total":8.330862999,"mass_total":136748.4274769813,"n_hex":1,"sample_h3":"878385c46ffffff","log_pop":0.9206899926,"log_mass":5.1359223409},{"country_iso":"COD","city_id":3305,"city":"Kenge","pop_total":440.5248304947,"mass_total":276997.887937937,"n_hex":7,"sample_h3":"87838065affffff","log_pop":2.6439703928,"log_mass":5.4424764577},{"country_iso":"COD","city_id":3319,"city":"Bandundu","pop_total":38852.2086505675,"mass_total":6055618.5044094538,"n_hex":12,"sample_h3":"87839c01bffffff","log_pop":4.5894157124,"log_mass":6.7821585074},{"country_iso":"COD","city_id":3353,"city":"Mbandaka","pop_total":19537.340299683,"mass_total":5955924.5208357573,"n_hex":10,"sample_h3":"876a96929ffffff","log_pop":4.2908654411,"log_mass":6.7749491853},{"country_iso":"COD","city_id":3371,"city":"Kikwit","pop_total":18373.9112005346,"mass_total":3571300.5358204553,"n_hex":11,"sample_h3":"878386480ffffff","log_pop":4.2642016131,"log_mass":6.5528263989},{"country_iso":"COD","city_id":3374,"city":"Kahemba","pop_total":61.6473655701,"mass_total":38289.5767148052,"n_hex":2,"sample_h3":"8783b5210ffffff","log_pop":1.7899145222,"log_mass":4.5830805653},{"country_iso":"COD","city_id":3379,"city":"Makanza","pop_total":1526.9050174694,"mass_total":1064442.9194629616,"n_hex":5,"sample_h3":"876ab3d04ffffff","log_pop":3.1838120222,"log_mass":6.0271223774},{"country_iso":"COD","city_id":3397,"city":"Idiofa","pop_total":340.243817824,"mass_total":661914.9033017529,"n_hex":6,"sample_h3":"8783b3686ffffff","log_pop":2.5317902429,"log_mass":5.8208021595},{"country_iso":"COD","city_id":3406,"city":"Basankusu","pop_total":1142.3714387725,"mass_total":856632.2607545115,"n_hex":6,"sample_h3":"876ab3310ffffff","log_pop":3.0578073365,"log_mass":5.9327944259},{"country_iso":"COD","city_id":3424,"city":"Binga","pop_total":25.748061397,"mass_total":21349.5211049929,"n_hex":2,"sample_h3":"876ab1aa9ffffff","log_pop":1.410744536,"log_mass":4.3293881377},{"country_iso":"COD","city_id":3430,"city":"Ilebo","pop_total":8858.5800806289,"mass_total":3490936.7700535306,"n_hex":5,"sample_h3":"878394432ffffff","log_pop":3.9473641155,"log_mass":6.5429419827},{"country_iso":"COD","city_id":3434,"city":"Tshikapa","pop_total":13345.146348755,"mass_total":4006032.5327262441,"n_hex":9,"sample_h3":"8783b6210ffffff","log_pop":4.1253233408,"log_mass":6.6027144718},{"country_iso":"COD","city_id":3441,"city":"Boende","pop_total":1531.1746238989,"mass_total":1842305.3831232071,"n_hex":4,"sample_h3":"876a91b46ffffff","log_pop":3.1850247229,"log_mass":6.2653616211},{"country_iso":"COD","city_id":3443,"city":"Gbadolite","pop_total":3687.5084395203,"mass_total":1779849.604190479,"n_hex":4,"sample_h3":"876aa0d00ffffff","log_pop":3.5667330229,"log_mass":6.2503833063},{"country_iso":"COD","city_id":3452,"city":"Kakumba","pop_total":67.2025270462,"mass_total":64879.9459835097,"n_hex":1,"sample_h3":"8783b6194ffffff","log_pop":1.8273856043,"log_mass":4.8121104796},{"country_iso":"COD","city_id":3454,"city":"Lwebo","pop_total":72.3743114471,"mass_total":25988.0274807747,"n_hex":1,"sample_h3":"8796cd288ffffff","log_pop":1.859584445,"log_mass":4.4147733173},{"country_iso":"COD","city_id":3456,"city":"Lisala","pop_total":3054.7044103361,"mass_total":1189511.8707259297,"n_hex":6,"sample_h3":"876a8404cffffff","log_pop":3.4849691919,"log_mass":6.0753687804},{"country_iso":"COD","city_id":3457,"city":"Mweka","pop_total":1028.2472626555,"mass_total":502627.646935991,"n_hex":4,"sample_h3":"8796c9c62ffffff","log_pop":3.012097562,"log_mass":5.7012463732},{"country_iso":"COD","city_id":3472,"city":"Kakenge","pop_total":1288.0099357474,"mass_total":576100.9576998233,"n_hex":3,"sample_h3":"8796c9db0ffffff","log_pop":3.1099192132,"log_mass":5.7604985972},{"country_iso":"COD","city_id":3479,"city":"Dilolo","pop_total":2206.6441457225,"mass_total":2016232.0622956175,"n_hex":4,"sample_h3":"879651528ffffff","log_pop":3.3437323023,"log_mass":6.3045405166},{"country_iso":"COD","city_id":3480,"city":"Bena-Leka","pop_total":461.4820841023,"mass_total":101512.6992246456,"n_hex":3,"sample_h3":"8796c8b00ffffff","log_pop":2.6641548453,"log_mass":5.0065203758},{"country_iso":"COD","city_id":3483,"city":"Demba","pop_total":113.1583404541,"mass_total":108871.6374139998,"n_hex":2,"sample_h3":"8796cd512ffffff","log_pop":2.0536865696,"log_mass":5.0369147547},{"country_iso":"COD","city_id":3485,"city":"Luiza","pop_total":145.4672236443,"mass_total":211314.6333757935,"n_hex":3,"sample_h3":"8796eb834ffffff","log_pop":2.1627651501,"log_mass":5.3249295727},{"country_iso":"COD","city_id":3486,"city":"Kananga","pop_total":50099.8954343085,"mass_total":4394466.3747746842,"n_hex":15,"sample_h3":"8796cca5bffffff","log_pop":4.6998368194,"log_mass":6.6429061457},{"country_iso":"COD","city_id":3489,"city":"Yakoma","pop_total":2959.4873064527,"mass_total":2496710.4626376489,"n_hex":4,"sample_h3":"876aa1114ffffff","log_pop":3.4712164816,"log_mass":6.3973681812},{"country_iso":"COD","city_id":3491,"city":"Bumba","pop_total":8859.9684561327,"mass_total":7480211.3928113729,"n_hex":9,"sample_h3":"876a85150ffffff","log_pop":3.9474321757,"log_mass":6.8739138713},{"country_iso":"COD","city_id":3504,"city":"Sandoa","pop_total":476.8266689637,"mass_total":554447.8288767736,"n_hex":3,"sample_h3":"879653561ffffff","log_pop":2.6783605375,"log_mass":5.7438606872},{"country_iso":"COD","city_id":3508,"city":"Tambue-Mwenza","pop_total":2.8338662386,"mass_total":7242.2939482397,"n_hex":1,"sample_h3":"8796ebc9cffffff","log_pop":0.4523793472,"log_mass":3.8598761479},{"country_iso":"COD","city_id":3510,"city":"Tshimbulu","pop_total":93.7216320038,"mass_total":22804.0220131278,"n_hex":1,"sample_h3":"8796eb5b0ffffff","log_pop":1.9718398425,"log_mass":4.3580114516},{"country_iso":"COD","city_id":3520,"city":"Tshiamala","pop_total":42.1036162376,"mass_total":26902.9542645969,"n_hex":2,"sample_h3":"8796cc032ffffff","log_pop":1.6243193986,"log_mass":4.4297999733},{"country_iso":"COD","city_id":3529,"city":"Kabeya-Kamuanga","pop_total":15.6680124442,"mass_total":22698.885586062,"n_hex":3,"sample_h3":"8796ccd58ffffff","log_pop":1.1950139078,"log_mass":4.3560045358},{"country_iso":"COD","city_id":3530,"city":"Kasaji","pop_total":2882.5901445314,"mass_total":2677874.1960695451,"n_hex":6,"sample_h3":"8796504c2ffffff","log_pop":3.4597828975,"log_mass":6.4277901704},{"country_iso":"COD","city_id":3531,"city":"Kahinda","pop_total":338.8404086076,"mass_total":708686.9803096997,"n_hex":6,"sample_h3":"8796e8c94ffffff","log_pop":2.5299951968,"log_mass":5.8504544542},{"country_iso":"COD","city_id":3538,"city":"Mwene-Ditu","pop_total":23762.8919587865,"mass_total":3086176.6006302848,"n_hex":7,"sample_h3":"8796ea128ffffff","log_pop":4.3758992934,"log_mass":6.4894207741},{"country_iso":"COD","city_id":3541,"city":"Mbuji-Mayi","pop_total":938068.8904036074,"mass_total":16524154.1495467592,"n_hex":30,"sample_h3":"8796c1a40ffffff","log_pop":5.9722347335,"log_mass":7.2181192377},{"country_iso":"COD","city_id":3543,"city":"Bena Tshishimbi","pop_total":796.5657393624,"mass_total":575253.4051405973,"n_hex":3,"sample_h3":"8796c1b4affffff","log_pop":2.9012216233,"log_mass":5.7598591981},{"country_iso":"COD","city_id":3544,"city":"Lukalaba","pop_total":254.7960786819,"mass_total":121782.5017059907,"n_hex":1,"sample_h3":"8796ea442ffffff","log_pop":2.4061927399,"log_mass":5.0855848913},{"country_iso":"COD","city_id":3545,"city":"Basoko","pop_total":1192.0402615407,"mass_total":1295552.6523053371,"n_hex":4,"sample_h3":"876a8cc04ffffff","log_pop":3.0762909241,"log_mass":6.1124550678},{"country_iso":"COD","city_id":3547,"city":"Bondo","pop_total":1101.204851748,"mass_total":1802728.7793942667,"n_hex":3,"sample_h3":"876aac0f0ffffff","log_pop":3.0418681162,"log_mass":6.255930392},{"country_iso":"COD","city_id":3555,"city":"Aketi","pop_total":1140.3037531011,"mass_total":1833690.0375668621,"n_hex":4,"sample_h3":"876aa8430ffffff","log_pop":3.0570205537,"log_mass":6.2633259255},{"country_iso":"COD","city_id":3560,"city":"Ngandajika","pop_total":996.3702024161,"mass_total":477859.6176656645,"n_hex":4,"sample_h3":"8796c5269ffffff","log_pop":2.998420731,"log_mass":5.6793003313},{"country_iso":"COD","city_id":3568,"city":"Kanyama","pop_total":1014.2935443111,"mass_total":688810.1097509863,"n_hex":3,"sample_h3":"8796ee451ffffff","log_pop":3.0061636613,"log_mass":5.8380995127},{"country_iso":"COD","city_id":3577,"city":"Opala","pop_total":40.5343480905,"mass_total":102141.4273339594,"n_hex":3,"sample_h3":"876a8aa20ffffff","log_pop":1.6078231927,"log_mass":5.0092019224},{"country_iso":"COD","city_id":3586,"city":"Kabinda","pop_total":2433.6465274362,"mass_total":992457.0552896259,"n_hex":10,"sample_h3":"8796c1d08ffffff","log_pop":3.3862574998,"log_mass":5.9967117234},{"country_iso":"COD","city_id":3602,"city":"Buta","pop_total":5848.0126844257,"mass_total":4621072.9361602599,"n_hex":7,"sample_h3":"876aa8240ffffff","log_pop":3.7670083059,"log_mass":6.6647428232},{"country_iso":"COD","city_id":3610,"city":"Kamina","pop_total":9221.7831802256,"mass_total":6241512.9905389613,"n_hex":9,"sample_h3":"8796e0248ffffff","log_pop":3.964814907,"log_mass":6.7952898788},{"country_iso":"COD","city_id":3624,"city":"Kolwezi","pop_total":24008.2231383081,"mass_total":31405445.6108287722,"n_hex":21,"sample_h3":"87960b700ffffff","log_pop":4.3803600189,"log_mass":7.49700496},{"country_iso":"COD","city_id":3625,"city":"Kisangani","pop_total":177876.7562109405,"mass_total":29109434.514214702,"n_hex":22,"sample_h3":"876a8d610ffffff","log_pop":5.250119201,"log_mass":7.4640337688},{"country_iso":"COD","city_id":3632,"city":"Banalia","pop_total":556.9197328708,"mass_total":756853.8924278485,"n_hex":4,"sample_h3":"876af6494ffffff","log_pop":2.7457926062,"log_mass":5.8790120488},{"country_iso":"COD","city_id":3636,"city":"Ubundu","pop_total":334.8152115766,"mass_total":359823.0807885726,"n_hex":4,"sample_h3":"876a894c5ffffff","log_pop":2.524805181,"log_mass":5.5560890176},{"country_iso":"COD","city_id":3638,"city":"Kabongo","pop_total":80.1484043346,"mass_total":23276.3346633749,"n_hex":2,"sample_h3":"8796c4b14ffffff","log_pop":1.9038948805,"log_mass":4.3669145928},{"country_iso":"COD","city_id":3640,"city":"Kabondo-Dianda","pop_total":2581.3452088767,"mass_total":1352537.3336630035,"n_hex":4,"sample_h3":"8796e0018ffffff","log_pop":3.4118460876,"log_mass":6.1311492616},{"country_iso":"COD","city_id":3641,"city":"Kabongo","pop_total":345.4644571734,"mass_total":230173.3506273719,"n_hex":4,"sample_h3":"8796c4868ffffff","log_pop":2.538403372,"log_mass":5.3620550398},{"country_iso":"COD","city_id":3650,"city":"Luena","pop_total":4009.9162985839,"mass_total":2161555.6301050368,"n_hex":4,"sample_h3":"8796e0830ffffff","log_pop":3.6031353074,"log_mass":6.3347664171},{"country_iso":"COD","city_id":3652,"city":"Lubao","pop_total":427.3691192627,"mass_total":514689.3669967256,"n_hex":4,"sample_h3":"8796c2868ffffff","log_pop":2.6308031378,"log_mass":5.7115451962},{"country_iso":"COD","city_id":3660,"city":"Ango","pop_total":443.1947996242,"mass_total":737424.999316466,"n_hex":5,"sample_h3":"876a1a120ffffff","log_pop":2.6465946558,"log_mass":5.8677178565},{"country_iso":"COD","city_id":3662,"city":"Kitenge","pop_total":221.9423208929,"mass_total":279947.4194863039,"n_hex":3,"sample_h3":"8796c4191ffffff","log_pop":2.3462401232,"log_mass":5.4470764686},{"country_iso":"COD","city_id":3663,"city":"Kindu","pop_total":102131.0050558315,"mass_total":14196149.3625989966,"n_hex":13,"sample_h3":"8796de040ffffff","log_pop":5.0091576058,"log_mass":7.1521705601},{"country_iso":"COD","city_id":3679,"city":"Fungurume","pop_total":5617.8192416846,"mass_total":3506855.2103487845,"n_hex":9,"sample_h3":"8796e4900ffffff","log_pop":3.7495677613,"log_mass":6.5449178353},{"country_iso":"COD","city_id":3683,"city":"Kakanda","pop_total":4503.7953807924,"mass_total":4392066.9028005246,"n_hex":6,"sample_h3":"87960a280ffffff","log_pop":3.6535786512,"log_mass":6.6426689469},{"country_iso":"COD","city_id":3695,"city":"Kikondja","pop_total":1219.1729895068,"mass_total":553229.4144106049,"n_hex":3,"sample_h3":"8796e2124ffffff","log_pop":3.0860653324,"log_mass":5.7429052629},{"country_iso":"COD","city_id":3699,"city":"Kambove","pop_total":12110.6959386545,"mass_total":5299350.5003587408,"n_hex":11,"sample_h3":"87960a0c1ffffff","log_pop":4.0831691005,"log_mass":6.7242226448},{"country_iso":"COD","city_id":3703,"city":"Samba","pop_total":536.4389193441,"mass_total":342574.9771116089,"n_hex":2,"sample_h3":"8796c2416ffffff","log_pop":2.729520279,"log_mass":5.5347556374},{"country_iso":"COD","city_id":3709,"city":"Likasi","pop_total":130535.7246881298,"mass_total":21511421.6923845522,"n_hex":17,"sample_h3":"87960a002ffffff","log_pop":5.1157293846,"log_mass":7.3326691139},{"country_iso":"COD","city_id":3711,"city":"Punia","pop_total":2454.1699470857,"mass_total":1606732.7773523764,"n_hex":6,"sample_h3":"876ad29a4ffffff","log_pop":3.3899046336,"log_mass":6.2059436534},{"country_iso":"COD","city_id":3716,"city":"Lwambo","pop_total":4268.6674428902,"mass_total":1917133.5522353793,"n_hex":4,"sample_h3":"87960a704ffffff","log_pop":3.6302923217,"log_mass":6.282652368},{"country_iso":"COD","city_id":3724,"city":"Lubutu","pop_total":184.3472324161,"mass_total":297351.4836101864,"n_hex":3,"sample_h3":"876ad6a08ffffff","log_pop":2.265636622,"log_mass":5.4732701097},{"country_iso":"COD","city_id":3726,"city":"Kasongo","pop_total":1112.7221183646,"mass_total":998129.9969021368,"n_hex":4,"sample_h3":"8796d1822ffffff","log_pop":3.0463867209,"log_mass":5.9991871077},{"country_iso":"COD","city_id":3727,"city":"Malemba Nkulu","pop_total":696.7751986373,"mass_total":231712.4206735666,"n_hex":3,"sample_h3":"8796e2ca8ffffff","log_pop":2.8430926838,"log_mass":5.3649493143},{"country_iso":"COD","city_id":3728,"city":"Kingombe","pop_total":595.7798522818,"mass_total":389812.3279107234,"n_hex":3,"sample_h3":"876ad2691ffffff","log_pop":2.7750858124,"log_mass":5.5908555697},{"country_iso":"COD","city_id":3732,"city":"Mukanga","pop_total":998.0859464758,"mass_total":94571.7741474475,"n_hex":3,"sample_h3":"8796e2da0ffffff","log_pop":2.9991679406,"log_mass":4.9757615364},{"country_iso":"COD","city_id":3740,"city":"Kabalo","pop_total":770.2070434888,"mass_total":412251.5837798786,"n_hex":4,"sample_h3":"8796c6c12ffffff","log_pop":2.8866074859,"log_mass":5.6151623328},{"country_iso":"COD","city_id":3741,"city":"Ankoro","pop_total":218.3151860237,"mass_total":96595.2478777904,"n_hex":2,"sample_h3":"8796f1728ffffff","log_pop":2.3390839463,"log_mass":4.9849557613},{"country_iso":"COD","city_id":3742,"city":"Mulongo","pop_total":452.7636890411,"mass_total":144255.8350472483,"n_hex":2,"sample_h3":"8796f5254ffffff","log_pop":2.6558715898,"log_mass":5.1591333891},{"country_iso":"COD","city_id":3745,"city":"Mukubu","pop_total":2789.4297469569,"mass_total":305841.7197249475,"n_hex":3,"sample_h3":"8796f5ad8ffffff","log_pop":3.445515428,"log_mass":5.485496727},{"country_iso":"COD","city_id":3746,"city":"Kipushi","pop_total":16253.952562529,"mass_total":6649618.5859133033,"n_hex":7,"sample_h3":"87960e624ffffff","log_pop":4.2109589879,"log_mass":6.8227967354},{"country_iso":"COD","city_id":3748,"city":"Kongolo","pop_total":3066.8771767298,"mass_total":1101599.9702409084,"n_hex":3,"sample_h3":"8796d5842ffffff","log_pop":3.4866963836,"log_mass":6.0420239155},{"country_iso":"COD","city_id":3749,"city":"Mwadingusha","pop_total":1811.6408972067,"mass_total":903462.0917223692,"n_hex":4,"sample_h3":"87960a58affffff","log_pop":3.2580721162,"log_mass":5.9559099348},{"country_iso":"COD","city_id":3752,"city":"Kyolo","pop_total":2738.9679787355,"mass_total":495446.3270936072,"n_hex":3,"sample_h3":"8796f5301ffffff","log_pop":3.4375869549,"log_mass":5.6949966132},{"country_iso":"COD","city_id":3756,"city":"Lubumbashi","pop_total":1115084.6322800356,"mass_total":113707543.6901407689,"n_hex":58,"sample_h3":"87960e45affffff","log_pop":6.0473078306,"log_mass":8.055789278},{"country_iso":"COD","city_id":3758,"city":"Wamaza","pop_total":331.2966776081,"mass_total":176669.973896612,"n_hex":3,"sample_h3":"8796d1d12ffffff","log_pop":2.5202170806,"log_mass":5.2471627449},{"country_iso":"COD","city_id":3766,"city":"Mpose","pop_total":16.3036322594,"mass_total":108516.357658165,"n_hex":2,"sample_h3":"87961ba4dffffff","log_pop":1.2122843709,"log_mass":5.0354952083},{"country_iso":"COD","city_id":3767,"city":"Manono","pop_total":9340.7804069416,"mass_total":3614598.4783026357,"n_hex":9,"sample_h3":"8796f1d08ffffff","log_pop":3.9703831623,"log_mass":6.5580600614},{"country_iso":"COD","city_id":3773,"city":"Shabunda","pop_total":513.3337414255,"mass_total":452078.4387417546,"n_hex":4,"sample_h3":"8796d3448ffffff","log_pop":2.7103998114,"log_mass":5.6552137945},{"country_iso":"COD","city_id":3780,"city":"Kasumbalesa","pop_total":9771.4538263564,"mass_total":6724020.6357814046,"n_hex":10,"sample_h3":"87960eca0ffffff","log_pop":3.9899591842,"log_mass":6.8276290376},{"country_iso":"COD","city_id":3803,"city":"Isiro","pop_total":1897.0837544366,"mass_total":1658734.0204441783,"n_hex":7,"sample_h3":"876af5008ffffff","log_pop":3.278086505,"log_mass":6.2197767521},{"country_iso":"COD","city_id":3824,"city":"Mubi","pop_total":49.2574050426,"mass_total":88297.1292186804,"n_hex":1,"sample_h3":"876ad02e8ffffff","log_pop":1.6924715288,"log_mass":4.9459465837},{"country_iso":"COD","city_id":3831,"city":"Nyunzu","pop_total":1220.4861355052,"mass_total":771692.148001438,"n_hex":4,"sample_h3":"8796f3521ffffff","log_pop":3.0865328503,"log_mass":5.8874440813},{"country_iso":"COD","city_id":3847,"city":"Walikale","pop_total":364.1400222778,"mass_total":70743.0050379166,"n_hex":2,"sample_h3":"876ad14a1ffffff","log_pop":2.5612684144,"log_mass":4.8496835039},{"country_iso":"COD","city_id":3852,"city":"Elila","pop_total":670.9751829783,"mass_total":273154.1232795247,"n_hex":3,"sample_h3":"8796d2a16ffffff","log_pop":2.8267064574,"log_mass":5.4364077606},{"country_iso":"COD","city_id":3854,"city":"Kilwa","pop_total":1105.8539721059,"mass_total":359744.6076291065,"n_hex":3,"sample_h3":"87961bc70ffffff","log_pop":3.0436977822,"log_mass":5.5559942928},{"country_iso":"COD","city_id":3863,"city":"Kamituga","pop_total":2083.5766759349,"mass_total":916783.7472275428,"n_hex":4,"sample_h3":"8796d2040ffffff","log_pop":3.3188094872,"log_mass":5.9622669055},{"country_iso":"COD","city_id":3899,"city":"Mutabi","pop_total":796.2307428659,"mass_total":242570.7212582286,"n_hex":2,"sample_h3":"8796f4868ffffff","log_pop":2.9010389419,"log_mass":5.3848383795},{"country_iso":"COD","city_id":3900,"city":"Kasenga","pop_total":117.5287931442,"mass_total":70093.9050960096,"n_hex":2,"sample_h3":"8796188d0ffffff","log_pop":2.0701442766,"log_mass":4.8456802562},{"country_iso":"COD","city_id":3945,"city":"Dungu","pop_total":2551.4900223975,"mass_total":1363965.5510747796,"n_hex":6,"sample_h3":"876ae6220ffffff","log_pop":3.4067938744,"log_mass":6.1348034017},{"country_iso":"COD","city_id":3963,"city":"Karhuliza II","pop_total":306.8856656664,"mass_total":252789.4117647059,"n_hex":5,"sample_h3":"8796d24c8ffffff","log_pop":2.4869766034,"log_mass":5.4027588793},{"country_iso":"COD","city_id":3976,"city":"Misisi","pop_total":1199.8694340594,"mass_total":1036838.8511824022,"n_hex":3,"sample_h3":"8796d4416ffffff","log_pop":3.0791339901,"log_mass":6.0157112622},{"country_iso":"COD","city_id":3979,"city":"Walungu","pop_total":264.8245477676,"mass_total":80923.50917322,"n_hex":3,"sample_h3":"8796d24c2ffffff","log_pop":2.4229582393,"log_mass":4.9080747073},{"country_iso":"COD","city_id":3985,"city":"Pinga","pop_total":282.6757011414,"mass_total":86105.3746594508,"n_hex":2,"sample_h3":"876ad1a94ffffff","log_pop":2.4512884781,"log_mass":4.9350302608},{"country_iso":"COD","city_id":3987,"city":"Pweto","pop_total":2410.8113910077,"mass_total":640667.2805063794,"n_hex":4,"sample_h3":"8796f48a6ffffff","log_pop":3.3821632348,"log_mass":5.8066325447},{"country_iso":"COD","city_id":3999,"city":"Mululu","pop_total":1754.6070655337,"mass_total":452962.193711216,"n_hex":4,"sample_h3":"876ade464ffffff","log_pop":3.2441798739,"log_mass":5.6560619553},{"country_iso":"COD","city_id":4006,"city":"Katana centre","pop_total":542.4907488655,"mass_total":222390.2014506621,"n_hex":3,"sample_h3":"876ade0b6ffffff","log_pop":2.7343923365,"log_mass":5.3471156482},{"country_iso":"COD","city_id":4007,"city":"Bukavu","pop_total":338305.5928372514,"mass_total":16617308.1772305183,"n_hex":24,"sample_h3":"876ade45affffff","log_pop":5.5293091776,"log_mass":7.2205606742},{"country_iso":"COD","city_id":4011,"city":"Kandekere","pop_total":1103.2966564702,"mass_total":183673.8013965722,"n_hex":2,"sample_h3":"8796d24b2ffffff","log_pop":3.0426923021,"log_mass":5.2640472144},{"country_iso":"COD","city_id":4013,"city":"Rubaya","pop_total":1365.7396267461,"mass_total":473802.409829192,"n_hex":5,"sample_h3":"876ade900ffffff","log_pop":3.1353679106,"log_mass":5.6755972653},{"country_iso":"COD","city_id":4014,"city":"Bishasha","pop_total":1355.4796161652,"mass_total":318687.7223433669,"n_hex":2,"sample_h3":"876ade832ffffff","log_pop":3.132092991,"log_mass":5.5033653323},{"country_iso":"COD","city_id":4015,"city":"Numbi","pop_total":453.8566999435,"mass_total":232844.1668480262,"n_hex":2,"sample_h3":"876ade8aaffffff","log_pop":2.656918751,"log_mass":5.3670653626},{"country_iso":"COD","city_id":4016,"city":"Zacharia","pop_total":551.5473763728,"mass_total":251094.1544340309,"n_hex":2,"sample_h3":"876ac29a2ffffff","log_pop":2.7415828231,"log_mass":5.3998366023},{"country_iso":"COD","city_id":4033,"city":"Kamanyola","pop_total":4724.969677884,"mass_total":803284.0540482649,"n_hex":3,"sample_h3":"876ade698ffffff","log_pop":3.6743990258,"log_mass":5.9048691459},{"country_iso":"COD","city_id":4038,"city":"Butondo","pop_total":2021.7620184206,"mass_total":325284.1098360387,"n_hex":5,"sample_h3":"876ade808ffffff","log_pop":3.3057300335,"log_mass":5.5122628485},{"country_iso":"COD","city_id":4039,"city":"Mambasa","pop_total":527.5895284391,"mass_total":562762.1810453316,"n_hex":4,"sample_h3":"876ac44c9ffffff","log_pop":2.7222961671,"log_mass":5.7503249041},{"country_iso":"COD","city_id":4040,"city":"Baraka","pop_total":3279.7792551676,"mass_total":1369117.1692320243,"n_hex":4,"sample_h3":"8796d6184ffffff","log_pop":3.5158446146,"log_mass":6.1364406167},{"country_iso":"COD","city_id":4042,"city":"Sake","pop_total":3101.9753074721,"mass_total":671668.2017509867,"n_hex":2,"sample_h3":"876ade943ffffff","log_pop":3.4916383364,"log_mass":5.8271547883},{"country_iso":"COD","city_id":4045,"city":"Kalemie","pop_total":31562.378473338,"mass_total":7989064.1397775598,"n_hex":13,"sample_h3":"8796f2424ffffff","log_pop":4.4991697233,"log_mass":6.9024959079},{"country_iso":"COD","city_id":4047,"city":"Uvira","pop_total":14821.055102094,"mass_total":6980924.7049965877,"n_hex":10,"sample_h3":"876ada410ffffff","log_pop":4.1708791219,"log_mass":6.8439129538},{"country_iso":"COD","city_id":4052,"city":"Goma","pop_total":198320.5478357053,"mass_total":31010863.4028883204,"n_hex":23,"sample_h3":"876adc49affffff","log_pop":5.2973677134,"log_mass":7.491513858},{"country_iso":"COD","city_id":4055,"city":"Kirumba","pop_total":5385.1088251637,"mass_total":1718447.8480443708,"n_hex":4,"sample_h3":"876ac2600ffffff","log_pop":3.7311944842,"log_mass":6.2351363566},{"country_iso":"COD","city_id":4056,"city":"Kanyabayonga","pop_total":1912.4184811686,"mass_total":801106.6108734091,"n_hex":3,"sample_h3":"876ac268dffffff","log_pop":3.281582932,"log_mass":5.9036903156},{"country_iso":"COD","city_id":4059,"city":"Kitumbiro","pop_total":1370.4897721066,"mass_total":514636.8426730518,"n_hex":3,"sample_h3":"876ac20c4ffffff","log_pop":3.1368757988,"log_mass":5.711500874},{"country_iso":"COD","city_id":4077,"city":"Butembo","pop_total":124716.9397587346,"mass_total":26964922.6913849041,"n_hex":20,"sample_h3":"876ac2b80ffffff","log_pop":5.0959254458,"log_mass":7.4307991795},{"country_iso":"COD","city_id":4079,"city":"Kipese","pop_total":871.6413860798,"mass_total":816188.1922555752,"n_hex":3,"sample_h3":"876ac205affffff","log_pop":2.9403378426,"log_mass":5.9117903076},{"country_iso":"COD","city_id":4095,"city":"Bwera","pop_total":572.8646941559,"mass_total":441241.1279476482,"n_hex":4,"sample_h3":"876adc984ffffff","log_pop":2.7580520574,"log_mass":5.6446759861},{"country_iso":"COD","city_id":4099,"city":"Beni","pop_total":435061.7139119765,"mass_total":12995059.8486449216,"n_hex":17,"sample_h3":"876ac0403ffffff","log_pop":5.6385508664,"log_mass":7.113778284},{"country_iso":"COD","city_id":4100,"city":"Butusande","pop_total":3731.7513368794,"mass_total":1154405.6948028577,"n_hex":4,"sample_h3":"876adc186ffffff","log_pop":3.5719126971,"log_mass":6.0623584605},{"country_iso":"COD","city_id":4113,"city":"Oicha","pop_total":3648.5028758507,"mass_total":4711880.7908485346,"n_hex":6,"sample_h3":"876ac0545ffffff","log_pop":3.5621146929,"log_mass":6.6731942944},{"country_iso":"COD","city_id":4116,"city":"Kalimva","pop_total":4262.0857837845,"mass_total":2791892.9194113822,"n_hex":8,"sample_h3":"876ae3986ffffff","log_pop":3.6296221866,"log_mass":6.4458987573},{"country_iso":"COD","city_id":4121,"city":"Nyamilima","pop_total":386.6197804544,"mass_total":225053.308040219,"n_hex":2,"sample_h3":"876adc889ffffff","log_pop":2.5872840699,"log_mass":5.352285401},{"country_iso":"COD","city_id":4125,"city":"Ndalama","pop_total":2247.2991029403,"mass_total":853734.2324733208,"n_hex":4,"sample_h3":"8796f6521ffffff","log_pop":3.3516608784,"log_mass":5.9313226958},{"country_iso":"COD","city_id":4127,"city":"Makosa","pop_total":228.3150360107,"mass_total":389376.2634749461,"n_hex":2,"sample_h3":"8796f6c03ffffff","log_pop":2.3585345135,"log_mass":5.5903694732},{"country_iso":"COD","city_id":4130,"city":"Ishasha","pop_total":325.442628881,"mass_total":85396.6164310512,"n_hex":2,"sample_h3":"876adc80cffffff","log_pop":2.5124744394,"log_mass":4.9314406635},{"country_iso":"COD","city_id":4137,"city":"Lulimbi","pop_total":400.3790771195,"mass_total":258736.4754327228,"n_hex":5,"sample_h3":"876ac22caffffff","log_pop":2.6024713742,"log_mass":5.4128576578},{"country_iso":"COD","city_id":4177,"city":"Mongbwalu","pop_total":5169.2345187075,"mass_total":1566019.3072652961,"n_hex":6,"sample_h3":"876ac5c2dffffff","log_pop":3.7134262358,"log_mass":6.1947971121},{"country_iso":"COD","city_id":4200,"city":"Bunia","pop_total":32469.3481828129,"mass_total":8330348.3256438738,"n_hex":12,"sample_h3":"876ac5080ffffff","log_pop":4.5114735703,"log_mass":6.9206631614},{"country_iso":"COD","city_id":4210,"city":"Iga Barriere","pop_total":2715.7466946396,"mass_total":577458.5599629139,"n_hex":3,"sample_h3":"876ac5030ffffff","log_pop":3.4338892596,"log_mass":5.7615208235},{"country_iso":"COD","city_id":4252,"city":"Ariwara","pop_total":10609.6420291975,"mass_total":2040845.4021871914,"n_hex":6,"sample_h3":"876ae164affffff","log_pop":4.025700731,"log_mass":6.3098101074},{"country_iso":"COD","city_id":4256,"city":"Ingbokolo","pop_total":505.5869050026,"mass_total":495468.2305394297,"n_hex":1,"sample_h3":"876ae12a5ffffff","log_pop":2.7037958169,"log_mass":5.6950158127},{"country_iso":"COD","city_id":4261,"city":"Jupujuro-sii","pop_total":77.9418935776,"mass_total":18434.5860035106,"n_hex":1,"sample_h3":"876aee4c9ffffff","log_pop":1.8917709527,"log_mass":4.2656333888},{"country_iso":"COD","city_id":4262,"city":"Aru","pop_total":7240.7611229541,"mass_total":1295210.9129696039,"n_hex":6,"sample_h3":"876aee898ffffff","log_pop":3.8597842201,"log_mass":6.112340495},{"country_iso":"COD","city_id":4273,"city":"Pacwa","pop_total":854.1475973129,"mass_total":208374.0380891156,"n_hex":2,"sample_h3":"876aee6a4ffffff","log_pop":2.9315329236,"log_mass":5.318843608},{"country_iso":"COD","city_id":4278,"city":"Mahagi","pop_total":2185.2621857886,"mass_total":325426.7863012094,"n_hex":2,"sample_h3":"876aee719ffffff","log_pop":3.3395035507,"log_mass":5.5124532974}]