[{"country_iso":"TWN","city_id":12687,"city":"Luliao","pop_total":108543.3073359826,"mass_total":30884438.1619085409,"n_hex":24,"sample_h3":"874ba2929ffffff","log_pop":5.0356030505,"log_mass":7.4897397052},{"country_iso":"TWN","city_id":12689,"city":"Zhanghua City","pop_total":260412.7027648414,"mass_total":58344732.9749197587,"n_hex":52,"sample_h3":"874ba2802ffffff","log_pop":5.415662165,"log_mass":7.7660016566},{"country_iso":"TWN","city_id":12691,"city":"Hsinchu","pop_total":454872.3367047361,"mass_total":92323134.3196337521,"n_hex":63,"sample_h3":"874ba0100ffffff","log_pop":5.6578895258,"log_mass":7.9653105401},{"country_iso":"TWN","city_id":12692,"city":"Toufen","pop_total":113659.0980560452,"mass_total":24891537.3635566495,"n_hex":17,"sample_h3":"874ba0116ffffff","log_pop":5.0556042054,"log_mass":7.3960517205},{"country_iso":"TWN","city_id":12693,"city":"Taichung","pop_total":1582642.1265556121,"mass_total":215130155.8640491366,"n_hex":93,"sample_h3":"874ba0490ffffff","log_pop":6.1993827215,"log_mass":8.3327012919},{"country_iso":"TWN","city_id":12694,"city":"Miaoli","pop_total":56481.738670869,"mass_total":11197803.1366761085,"n_hex":15,"sample_h3":"874ba0564ffffff","log_pop":4.7519080571,"log_mass":7.0491328281},{"country_iso":"TWN","city_id":12695,"city":"Xihu Township","pop_total":25120.8482799493,"mass_total":7747377.4090801012,"n_hex":14,"sample_h3":"874ba28a0ffffff","log_pop":4.4000343006,"log_mass":6.8891547129},{"country_iso":"TWN","city_id":12696,"city":"New Taipei [Taipei]","pop_total":5782984.676109666,"mass_total":546188997.3443248272,"n_hex":278,"sample_h3":"874ba0141ffffff","log_pop":6.7621520415,"log_mass":8.7373429473},{"country_iso":"TWN","city_id":12697,"city":"Yuanlin City","pop_total":116717.0129707299,"mass_total":36781080.5436264724,"n_hex":35,"sample_h3":"874ba2810ffffff","log_pop":5.0671341645,"log_mass":7.5656244837},{"country_iso":"TWN","city_id":12698,"city":"Zhudong","pop_total":23301.2031654395,"mass_total":4040139.8431526525,"n_hex":6,"sample_h3":"874ba0020ffffff","log_pop":4.3673783465,"log_mass":6.6063963978},{"country_iso":"TWN","city_id":12699,"city":"Nantou City","pop_total":77336.6116395109,"mass_total":18680372.4756317288,"n_hex":24,"sample_h3":"874ba28c0ffffff","log_pop":4.8883851403,"log_mass":7.2713855316},{"country_iso":"TWN","city_id":12700,"city":"Xinying District","pop_total":37191.4880196422,"mass_total":9293462.6140956376,"n_hex":9,"sample_h3":"874ba2580ffffff","log_pop":4.5704435547,"log_mass":6.9681775562},{"country_iso":"TWN","city_id":12701,"city":"Danhai","pop_total":50272.1677996103,"mass_total":12569016.5856957957,"n_hex":18,"sample_h3":"874ba0b40ffffff","log_pop":4.701327613,"log_mass":7.0993012993},{"country_iso":"TWN","city_id":12702,"city":"Chiayi","pop_total":254226.6242228527,"mass_total":36782069.7334413007,"n_hex":34,"sample_h3":"874ba2421ffffff","log_pop":5.4052210307,"log_mass":7.5656361634},{"country_iso":"TWN","city_id":12703,"city":"Tainan","pop_total":726717.1944962473,"mass_total":140573624.6716971397,"n_hex":76,"sample_h3":"874bb1800ffffff","log_pop":5.8613654359,"log_mass":8.1479038432},{"country_iso":"TWN","city_id":12709,"city":"Kaohsiung","pop_total":1762230.1976937233,"mass_total":271503400.4716411829,"n_hex":119,"sample_h3":"874bb1000ffffff","log_pop":6.2460626391,"log_mass":8.4337752733},{"country_iso":"TWN","city_id":12714,"city":"Pingtung City","pop_total":125567.1393026557,"mass_total":25125248.1379084364,"n_hex":21,"sample_h3":"874bb1050ffffff","log_pop":5.0988760002,"log_mass":7.4001103596},{"country_iso":"TWN","city_id":12717,"city":"Yilan City","pop_total":46248.1156438491,"mass_total":8589028.7444148175,"n_hex":11,"sample_h3":"874ba024dffffff","log_pop":4.6650940423,"log_mass":6.9339440562},{"country_iso":"TWN","city_id":12718,"city":"Luodong","pop_total":49798.6146040973,"mass_total":9476153.4965321589,"n_hex":10,"sample_h3":"874ba0249ffffff","log_pop":4.6972172609,"log_mass":6.9766320869},{"country_iso":"TWN","city_id":12721,"city":"Hualien","pop_total":81420.2584385068,"mass_total":20253745.3227998391,"n_hex":21,"sample_h3":"874ba31a0ffffff","log_pop":4.9107324766,"log_mass":7.3065053447},{"country_iso":"TWN","city_id":12724,"city":"Taitung","pop_total":33400.7713249898,"mass_total":7352705.8737116726,"n_hex":8,"sample_h3":"874b84501ffffff","log_pop":4.5237564961,"log_mass":6.8664471935}]