[{"country_iso": "CHL", "city_id": 901, "city": "Vi\u00f1a del Mar [Valpara\u00edso]", "pop_total": 81442.4511300106, "mass_total": 32080364.3546922, "log_pop": 4.910851, "log_mass": 7.506239, "log_pop_c": -0.213321, "log_mass_c": 0.009913, "lat": -33.0210662888746, "lon": -71.5131620511949}, {"country_iso": "CHL", "city_id": 914, "city": "Concepci\u00f3n", "pop_total": 240639.369857895, "mass_total": 62932053.3858437, "log_pop": 5.381367, "log_mass": 7.798872, "log_pop_c": 0.257195, "log_mass_c": 0.302546, "lat": -36.7942389618487, "lon": -73.0844456427086}, {"country_iso": "CHL", "city_id": 922, "city": "Chiguayante", "pop_total": 56667.4408572926, "mass_total": 7663028.13084653, "log_pop": 4.753334, "log_mass": 6.8844, "log_pop_c": -0.370838, "log_mass_c": -0.611926, "lat": -36.9300019816035, "lon": -73.024880596392}, {"country_iso": "CHL", "city_id": 931, "city": "Santiago", "pop_total": 2761070.89850814, "mass_total": 409674437.417851, "log_pop": 6.441078, "log_mass": 8.612439, "log_pop_c": 1.316906, "log_mass_c": 1.116113, "lat": -33.4775443570041, "lon": -70.6560804562861}, {"country_iso": "CHL", "city_id": 936, "city": "Talca", "pop_total": 87903.6956161256, "mass_total": 19077454.0158775, "log_pop": 4.944007, "log_mass": 7.28052, "log_pop_c": -0.180165, "log_mass_c": -0.215806, "lat": -35.4315179006387, "lon": -71.657820315461}, {"country_iso": "CHL", "city_id": 944, "city": "Chill\u00e1n", "pop_total": 55592.7012607425, "mass_total": 16301326.0746299, "log_pop": 4.745018, "log_mass": 7.212223, "log_pop_c": -0.379154, "log_mass_c": -0.284103, "lat": -36.6137663894317, "lon": -72.1076673213171}, {"country_iso": "CHL", "city_id": 946, "city": "Rancagua", "pop_total": 53504.7298061764, "mass_total": 13212446.4383095, "log_pop": 4.728392, "log_mass": 7.120983, "log_pop_c": -0.395779, "log_mass_c": -0.375343, "lat": -34.1653416374434, "lon": -70.734994762961}, {"country_iso": "CHL", "city_id": 958, "city": "Temuco", "pop_total": 122836.467517987, "mass_total": 35886509.7117511, "log_pop": 5.089327, "log_mass": 7.554931, "log_pop_c": -0.034844, "log_mass_c": 0.058605, "lat": -38.73961452405, "lon": -72.5994930899579}]