[{"country_iso":"DNK","city_id":2486,"city":"Aalborg","pop_total":71394.486443478,"mass_total":36042101.9936183542,"n_hex":21,"sample_h3":"871f20d24ffffff","log_pop":4.853664674,"log_mass":7.5568101113},{"country_iso":"DNK","city_id":2518,"city":"Aarhus","pop_total":156230.9747444605,"mass_total":58583877.9429957643,"n_hex":32,"sample_h3":"871f22169ffffff","log_pop":5.1937671424,"log_mass":7.7677781163},{"country_iso":"DNK","city_id":2564,"city":"Odense","pop_total":86031.1375344526,"mass_total":44499166.6538838893,"n_hex":28,"sample_h3":"871f04d09ffffff","log_pop":4.9346556653,"log_mass":7.6483518779},{"country_iso":"DNK","city_id":2749,"city":"Copenhagen","pop_total":962826.0173138279,"mass_total":312890872.5936173201,"n_hex":119,"sample_h3":"871f05800ffffff","log_pop":5.9835478172,"log_mass":8.4953928944}]