[{"country_iso":"LBY","city_id":2949,"city":"Surman","pop_total":23031.6095657068,"mass_total":13431478.0280449074,"n_hex":11,"sample_h3":"87384b4c1ffffff","log_pop":4.3623242897,"log_mass":7.128123806},{"country_iso":"LBY","city_id":2954,"city":"Al Zawiyah","pop_total":57799.5920989111,"mass_total":32223008.5813505277,"n_hex":18,"sample_h3":"87384b780ffffff","log_pop":4.7619247735,"log_mass":7.508166087},{"country_iso":"LBY","city_id":2971,"city":"Tripoli","pop_total":664564.2958648513,"mass_total":213991358.7113929391,"n_hex":96,"sample_h3":"87384b280ffffff","log_pop":5.8225370048,"log_mass":8.3303962362},{"country_iso":"LBY","city_id":3039,"city":"Khoms","pop_total":10850.9197690118,"mass_total":6481927.4888795195,"n_hex":9,"sample_h3":"873f16688ffffff","log_pop":4.0354665523,"log_mass":6.8117041684},{"country_iso":"LBY","city_id":3042,"city":"Qabilat alturki","pop_total":15263.5805595005,"mass_total":11970465.45105928,"n_hex":17,"sample_h3":"873f12d09ffffff","log_pop":4.1836564232,"log_mass":7.0781110375},{"country_iso":"LBY","city_id":3058,"city":"Zliten","pop_total":25732.6321523274,"mass_total":16404468.3677669466,"n_hex":13,"sample_h3":"873f12896ffffff","log_pop":4.4104842118,"log_mass":7.2149621604},{"country_iso":"LBY","city_id":3090,"city":"Sabha","pop_total":547.7993833467,"mass_total":1023061.8988496822,"n_hex":5,"sample_h3":"873f830c6ffffff","log_pop":2.738621539,"log_mass":6.0099019109},{"country_iso":"LBY","city_id":3095,"city":"Misrata","pop_total":110872.3928557359,"mass_total":71988673.3445881903,"n_hex":40,"sample_h3":"873f12060ffffff","log_pop":5.0448234206,"log_mass":7.8572641702},{"country_iso":"LBY","city_id":3201,"city":"Sirte","pop_total":6544.706255601,"mass_total":9457227.3285919446,"n_hex":11,"sample_h3":"873fad528ffffff","log_pop":3.815890159,"log_mass":6.9757638285},{"country_iso":"LBY","city_id":3349,"city":"Benghazi","pop_total":174857.1926818357,"mass_total":82115475.1734330356,"n_hex":44,"sample_h3":"873f19400ffffff","log_pop":5.2426835015,"log_mass":7.9144250103},{"country_iso":"LBY","city_id":3358,"city":"Ajdabiya","pop_total":13301.573056451,"mass_total":11892867.8984138016,"n_hex":8,"sample_h3":"873e35830ffffff","log_pop":4.1239030041,"log_mass":7.0752865949},{"country_iso":"LBY","city_id":3370,"city":"Marj","pop_total":14786.4698294443,"mass_total":6473805.5779817961,"n_hex":6,"sample_h3":"873f19a1affffff","log_pop":4.1698645015,"log_mass":6.8111596525},{"country_iso":"LBY","city_id":3395,"city":"Bayda","pop_total":22244.9482360438,"mass_total":13557219.2012004331,"n_hex":10,"sample_h3":"873e24800ffffff","log_pop":4.3472313995,"log_mass":7.132170618},{"country_iso":"LBY","city_id":3419,"city":"Derna","pop_total":11619.6325055375,"mass_total":10216009.0812953003,"n_hex":7,"sample_h3":"873f0b61affffff","log_pop":4.0651923928,"log_mass":7.0092812703},{"country_iso":"LBY","city_id":3459,"city":"Tobruk","pop_total":28515.2188895548,"mass_total":23285934.7892536931,"n_hex":14,"sample_h3":"873e25240ffffff","log_pop":4.4550767097,"log_mass":7.3670936769}]