[{"country_iso":"CRI","city_id":387,"city":"Barranca","pop_total":25947.4375087514,"mass_total":4276159.0451819841,"n_hex":9,"sample_h3":"876d69448ffffff","log_pop":4.4140944747,"log_mass":6.6310538498},{"country_iso":"CRI","city_id":392,"city":"San Jos\u00e9","pop_total":1108803.1055498638,"mass_total":196370661.7678759992,"n_hex":110,"sample_h3":"8766b4d82ffffff","log_pop":6.0448544336,"log_mass":8.2930766037},{"country_iso":"CRI","city_id":398,"city":"Cartago","pop_total":117075.3412464273,"mass_total":22568274.3423713297,"n_hex":21,"sample_h3":"8766b4c02ffffff","log_pop":5.0684654323,"log_mass":7.3534983525}]