[{"country_iso":"COG","city_id":2982,"city":"Pointe-Noire","pop_total":94012.4309626149,"mass_total":29441392.8531279564,"n_hex":23,"sample_h3":"878233082ffffff","log_pop":4.9731852828,"log_mass":7.4689583523},{"country_iso":"COG","city_id":2986,"city":"Mongo Kamba","pop_total":11778.9727399564,"mass_total":4542900.3070042226,"n_hex":10,"sample_h3":"878233092ffffff","log_pop":4.0711074167,"log_mass":6.6573332064},{"country_iso":"COG","city_id":3072,"city":"Nkayi","pop_total":148.9082741639,"mass_total":1242716.427322421,"n_hex":6,"sample_h3":"878389061ffffff","log_pop":2.1729188302,"log_mass":6.0943720393},{"country_iso":"COG","city_id":3081,"city":"Sibiti","pop_total":7.5057792925,"mass_total":335608.0516093505,"n_hex":3,"sample_h3":"878389609ffffff","log_pop":0.8753957898,"log_mass":5.5258323715},{"country_iso":"COG","city_id":3211,"city":"Brazzaville","pop_total":567644.820256924,"mass_total":65356213.1243359149,"n_hex":33,"sample_h3":"87838e220ffffff","log_pop":5.7540766793,"log_mass":7.8152868803},{"country_iso":"COG","city_id":3241,"city":"Owando","pop_total":28.3602717608,"mass_total":1046867.5971278581,"n_hex":3,"sample_h3":"8782b5060ffffff","log_pop":1.4527103881,"log_mass":6.0198917576},{"country_iso":"COG","city_id":3251,"city":"Ou\u00e9sso","pop_total":31.5106716965,"mass_total":1929406.6398281779,"n_hex":5,"sample_h3":"8782b3382ffffff","log_pop":1.4984576609,"log_mass":6.2854237688},{"country_iso":"COG","city_id":3347,"city":"Dongou","pop_total":40.8591491301,"mass_total":447109.9579024705,"n_hex":3,"sample_h3":"876ab6770ffffff","log_pop":1.6112893184,"log_mass":5.6504143425},{"country_iso":"COG","city_id":3348,"city":"Impfondo","pop_total":146.7069656985,"mass_total":1968144.9605661007,"n_hex":5,"sample_h3":"876ab2c25ffffff","log_pop":2.1664507348,"log_mass":6.2940570825},{"country_iso":"COG","city_id":3364,"city":"B\u00e9tou","pop_total":150.7236447374,"mass_total":1781022.5108150621,"n_hex":5,"sample_h3":"876ab4080ffffff","log_pop":2.1781813875,"log_mass":6.2506694087}]