[{"country_iso": "AUS", "city_id": 11640, "city": "Perth", "pop_total": 936154.035308269, "mass_total": 559057975.570891, "log_pop": 5.971347, "log_mass": 8.747457, "log_pop_c": 0.709473, "log_mass_c": 0.781035, "lat": -31.9452124796312, "lon": 115.845253859179}, {"country_iso": "AUS", "city_id": 12943, "city": "Hobart", "pop_total": 52143.0671499273, "mass_total": 33507834.8128814, "log_pop": 4.717197, "log_mass": 7.525146, "log_pop_c": -0.544678, "log_mass_c": -0.441276, "lat": -42.8654427695095, "lon": 147.304323522161}, {"country_iso": "AUS", "city_id": 12970, "city": "Old Reynella", "pop_total": 73939.4064536779, "mass_total": 40289054.4591437, "log_pop": 4.868876, "log_mass": 7.605187, "log_pop_c": -0.392998, "log_mass_c": -0.361235, "lat": -35.1098857630056, "lon": 138.516939588593}, {"country_iso": "AUS", "city_id": 12977, "city": "Adelaide", "pop_total": 684454.477107798, "mass_total": 364265075.816444, "log_pop": 5.835345, "log_mass": 8.561418, "log_pop_c": 0.57347, "log_mass_c": 0.594995, "lat": -34.8775770933395, "lon": 138.595992892777}, {"country_iso": "AUS", "city_id": 13007, "city": "Geelong", "pop_total": 102890.124654075, "mass_total": 59918345.5043459, "log_pop": 5.012374, "log_mass": 7.77756, "log_pop_c": -0.2495, "log_mass_c": -0.188862, "lat": -38.1444636190573, "lon": 144.352523520501}, {"country_iso": "AUS", "city_id": 13020, "city": "Werribee", "pop_total": 138792.003010709, "mass_total": 63879196.7106417, "log_pop": 5.142364, "log_mass": 7.805359, "log_pop_c": -0.11951, "log_mass_c": -0.161063, "lat": -37.8772341287145, "lon": 144.703410373383}, {"country_iso": "AUS", "city_id": 13023, "city": "Melbourne", "pop_total": 2566705.78007731, "mass_total": 1198925366.12459, "log_pop": 6.409376, "log_mass": 9.078792, "log_pop_c": 1.147502, "log_mass_c": 1.11237, "lat": -37.8556985078924, "lon": 145.074994420535}, {"country_iso": "AUS", "city_id": 13036, "city": "Belconnen", "pop_total": 53926.6471455578, "mass_total": 26434470.6851971, "log_pop": 4.731803, "log_mass": 7.422171, "log_pop_c": -0.530071, "log_mass_c": -0.544251, "lat": -35.2243833331556, "lon": 149.046706709508}, {"country_iso": "AUS", "city_id": 13039, "city": "Wollongong", "pop_total": 107611.966323216, "mass_total": 64057079.9974762, "log_pop": 5.031861, "log_mass": 7.806567, "log_pop_c": -0.230014, "log_mass_c": -0.159855, "lat": -34.4240839527318, "lon": 150.88900308276}, {"country_iso": "AUS", "city_id": 13041, "city": "Campbelltown", "pop_total": 75776.942843731, "mass_total": 34147480.5546775, "log_pop": 4.879537, "log_mass": 7.533359, "log_pop_c": -0.382337, "log_mass_c": -0.433063, "lat": -34.0587743094713, "lon": 150.820726786618}, {"country_iso": "AUS", "city_id": 13042, "city": "Penrith", "pop_total": 78659.0267527022, "mass_total": 36412074.9033092, "log_pop": 4.895749, "log_mass": 7.561245, "log_pop_c": -0.366126, "log_mass_c": -0.405177, "lat": -33.7559068590142, "lon": 150.697105484402}, {"country_iso": "AUS", "city_id": 13043, "city": "Sydney", "pop_total": 2747498.70148936, "mass_total": 963956468.111304, "log_pop": 6.438937, "log_mass": 8.984057, "log_pop_c": 1.177063, "log_mass_c": 1.017635, "lat": -33.8513265908968, "lon": 151.066973011406}, {"country_iso": "AUS", "city_id": 13047, "city": "Newcastle", "pop_total": 142984.545821219, "mass_total": 78931123.3629644, "log_pop": 5.155289, "log_mass": 7.897248, "log_pop_c": -0.106585, "log_mass_c": -0.069174, "lat": -32.9233163584582, "lon": 151.718034432469}, {"country_iso": "AUS", "city_id": 13069, "city": "Toowoomba", "pop_total": 57413.0021751621, "mass_total": 31975969.8547935, "log_pop": 4.75901, "log_mass": 7.504824, "log_pop_c": -0.502864, "log_mass_c": -0.461598, "lat": -27.5681122028739, "lon": 151.944826443477}, {"country_iso": "AUS", "city_id": 13072, "city": "Aitkenvale", "pop_total": 67172.4279330639, "mass_total": 34049799.9015962, "log_pop": 4.827191, "log_mass": 7.532115, "log_pop_c": -0.434683, "log_mass_c": -0.434308, "lat": -19.2924390338856, "lon": 146.762169994787}, {"country_iso": "AUS", "city_id": 13075, "city": "Gold Coast", "pop_total": 231830.301787966, "mass_total": 106277175.915739, "log_pop": 5.36517, "log_mass": 8.02644, "log_pop_c": 0.103296, "log_mass_c": 0.060018, "lat": -28.0367344548228, "lon": 153.427139156583}, {"country_iso": "AUS", "city_id": 13076, "city": "Brisbane", "pop_total": 720797.860595975, "mass_total": 337978075.712885, "log_pop": 5.857813, "log_mass": 8.528889, "log_pop_c": 0.595939, "log_mass_c": 0.562466, "lat": -27.4902125969465, "lon": 153.04912218493}, {"country_iso": "AUS", "city_id": 13079, "city": "Thorneside", "pop_total": 65237.00055875, "mass_total": 31460381.1065686, "log_pop": 4.814494, "log_mass": 7.497764, "log_pop_c": -0.44738, "log_mass_c": -0.468658, "lat": -27.5205846259158, "lon": 153.239676269253}]