[{"country_iso":"KGZ","city_id":6071,"city":"Kerben","pop_total":4.9569852352,"mass_total":34692.9768046603,"n_hex":1,"sample_h3":"8720ac356ffffff","log_pop":0.6952176253,"log_mass":4.5402415658},{"country_iso":"KGZ","city_id":6110,"city":"Kara-Balta","pop_total":2284.1850867606,"mass_total":9924275.7777038999,"n_hex":9,"sample_h3":"87201a844ffffff","log_pop":3.3587312917,"log_mass":6.996698824},{"country_iso":"KGZ","city_id":6123,"city":"\u041c\u0430\u0441\u0430\u0434\u0430\u043d","pop_total":5667.6256506593,"mass_total":5212982.9497520113,"n_hex":7,"sample_h3":"8720a830cffffff","log_pop":3.7534011572,"log_mass":6.7170863045},{"country_iso":"KGZ","city_id":6125,"city":"Jalalabat","pop_total":33032.6918899789,"mass_total":15770382.9689384587,"n_hex":9,"sample_h3":"8720a8329ffffff","log_pop":4.5189439665,"log_mass":7.1978422399},{"country_iso":"KGZ","city_id":6126,"city":"Nookat","pop_total":4071.9146293505,"mass_total":4960042.7065784242,"n_hex":11,"sample_h3":"8720a84e9ffffff","log_pop":3.6097986641,"log_mass":6.6954854158},{"country_iso":"KGZ","city_id":6129,"city":"Osh","pop_total":190236.8378520339,"mass_total":39970845.982706368,"n_hex":21,"sample_h3":"8720a80d8ffffff","log_pop":5.2792946184,"log_mass":7.6017433402},{"country_iso":"KGZ","city_id":6130,"city":"Bishkek","pop_total":749711.0888236696,"mass_total":141017815.0369697809,"n_hex":43,"sample_h3":"87201869bffffff","log_pop":5.8748939345,"log_mass":8.1492739813},{"country_iso":"KGZ","city_id":6136,"city":"Uzgen","pop_total":7176.9722314769,"mass_total":6518809.5711631076,"n_hex":8,"sample_h3":"8720a8242ffffff","log_pop":3.8559412659,"log_mass":6.8141682945}]