[{"country_iso": "COL", "city_id": 492, "city": "Pasto", "pop_total": 135043.997799425, "mass_total": 13229582.3642037, "log_pop": 5.130475, "log_mass": 7.121546, "log_pop_c": -0.213077, "log_mass_c": -0.247645, "lat": 1.21145217579684, "lon": -77.2764014190613}, {"country_iso": "COL", "city_id": 506, "city": "Popay\u00e1n", "pop_total": 97897.5758798263, "mass_total": 11150958.6286227, "log_pop": 4.990772, "log_mass": 7.047312, "log_pop_c": -0.35278, "log_mass_c": -0.321879, "lat": 2.45966916794572, "lon": -76.598273032399}, {"country_iso": "COL", "city_id": 512, "city": "Cali", "pop_total": 1289118.92378291, "mass_total": 97707989.6009735, "log_pop": 6.110293, "log_mass": 7.98993, "log_pop_c": 0.766741, "log_mass_c": 0.620739, "lat": 3.43034321936908, "lon": -76.5174778626073}, {"country_iso": "COL", "city_id": 531, "city": "Tulu\u00e1", "pop_total": 57610.7065128476, "mass_total": 7443318.84047714, "log_pop": 4.760503, "log_mass": 6.871767, "log_pop_c": -0.583049, "log_mass_c": -0.497425, "lat": 4.08803516957829, "lon": -76.1971914693731}, {"country_iso": "COL", "city_id": 542, "city": "Pereira", "pop_total": 209140.128967717, "mass_total": 21234155.3467283, "log_pop": 5.320437, "log_mass": 7.327035, "log_pop_c": -0.023115, "log_mass_c": -0.042156, "lat": 4.8142732260617, "lon": -75.7025991910923}, {"country_iso": "COL", "city_id": 547, "city": "Armenia", "pop_total": 101630.199329234, "mass_total": 8206657.77739994, "log_pop": 5.007023, "log_mass": 6.914166, "log_pop_c": -0.33653, "log_mass_c": -0.455025, "lat": 4.53172019985143, "lon": -75.692387085055}, {"country_iso": "COL", "city_id": 561, "city": "Medell\u00edn", "pop_total": 1872003.08713778, "mass_total": 146872579.519054, "log_pop": 6.272307, "log_mass": 8.166941, "log_pop_c": 0.928754, "log_mass_c": 0.79775, "lat": 6.24071910562298, "lon": -75.5836291659295}, {"country_iso": "COL", "city_id": 563, "city": "Monter\u00eda", "pop_total": 143971.498760291, "mass_total": 15565866.3652705, "log_pop": 5.158277, "log_mass": 7.192173, "log_pop_c": -0.185276, "log_mass_c": -0.177018, "lat": 8.75769506940726, "lon": -75.8779433906828}, {"country_iso": "COL", "city_id": 565, "city": "Manizales", "pop_total": 124817.775337055, "mass_total": 15335201.015353, "log_pop": 5.096276, "log_mass": 7.185689, "log_pop_c": -0.247276, "log_mass_c": -0.183502, "lat": 5.05663024288138, "lon": -75.4929778786578}, {"country_iso": "COL", "city_id": 570, "city": "Neiva", "pop_total": 123571.701874577, "mass_total": 14809643.9940271, "log_pop": 5.091919, "log_mass": 7.170545, "log_pop_c": -0.251633, "log_mass_c": -0.198647, "lat": 2.93925503976402, "lon": -75.2805179672946}, {"country_iso": "COL", "city_id": 575, "city": "Ibagu\u00e9", "pop_total": 131330.2673467, "mass_total": 15255457.1704605, "log_pop": 5.118365, "log_mass": 7.183425, "log_pop_c": -0.225188, "log_mass_c": -0.185766, "lat": 4.43922290820696, "lon": -75.2155759692025}, {"country_iso": "COL", "city_id": 586, "city": "Cartagena", "pop_total": 591593.81019097, "mass_total": 58688261.5673235, "log_pop": 5.772024, "log_mass": 7.768551, "log_pop_c": 0.428471, "log_mass_c": 0.39936, "lat": 10.3878690373776, "lon": -75.5028200677122}, {"country_iso": "COL", "city_id": 587, "city": "Sincelejo", "pop_total": 126262.743634787, "mass_total": 12102971.8283242, "log_pop": 5.101275, "log_mass": 7.082892, "log_pop_c": -0.242277, "log_mass_c": -0.286299, "lat": 9.30089632507584, "lon": -75.3951967606645}, {"country_iso": "COL", "city_id": 621, "city": "Bogota", "pop_total": 6044063.28731229, "mass_total": 392527617.184459, "log_pop": 6.781329, "log_mass": 8.59387, "log_pop_c": 1.437777, "log_mass_c": 1.224679, "lat": 4.65088852324233, "lon": -74.1238494262816}, {"country_iso": "COL", "city_id": 626, "city": "Barranquilla", "pop_total": 1430706.29926061, "mass_total": 91313100.4605673, "log_pop": 6.15555, "log_mass": 7.960533, "log_pop_c": 0.811998, "log_mass_c": 0.591342, "lat": 10.9443530737106, "lon": -74.7965741682084}, {"country_iso": "COL", "city_id": 646, "city": "Villavicencio", "pop_total": 90768.7068065606, "mass_total": 13624324.2781683, "log_pop": 4.957936, "log_mass": 7.134315, "log_pop_c": -0.385616, "log_mass_c": -0.234876, "lat": 4.13646637684341, "lon": -73.6187692297935}, {"country_iso": "COL", "city_id": 654, "city": "Santa Marta", "pop_total": 167111.638049417, "mass_total": 21174944.5007154, "log_pop": 5.223007, "log_mass": 7.325822, "log_pop_c": -0.120546, "log_mass_c": -0.043369, "lat": 11.2314902883392, "lon": -74.1846563698824}, {"country_iso": "COL", "city_id": 659, "city": "Tunja", "pop_total": 72203.7257354773, "mass_total": 9103589.17641084, "log_pop": 4.85856, "log_mass": 6.959213, "log_pop_c": -0.484993, "log_mass_c": -0.409978, "lat": 5.5408681965105, "lon": -73.3570486836091}, {"country_iso": "COL", "city_id": 670, "city": "Bucaramanga", "pop_total": 379525.825469666, "mass_total": 36790949.2771866, "log_pop": 5.579241, "log_mass": 7.565741, "log_pop_c": 0.235689, "log_mass_c": 0.19655, "lat": 7.09430540872876, "lon": -73.1292468702562}, {"country_iso": "COL", "city_id": 678, "city": "Valledupar", "pop_total": 147087.073841028, "mass_total": 20466359.9873727, "log_pop": 5.167575, "log_mass": 7.311041, "log_pop_c": -0.175978, "log_mass_c": -0.058151, "lat": 10.4641962127747, "lon": -73.2583135131115}, {"country_iso": "COL", "city_id": 689, "city": "C\u00facuta", "pop_total": 354981.996080838, "mass_total": 40814359.4828423, "log_pop": 5.550206, "log_mass": 7.610813, "log_pop_c": 0.206654, "log_mass_c": 0.241622, "lat": 7.9069378715509, "lon": -72.4981443914065}, {"country_iso": "COL", "city_id": 691, "city": "Villa del Rosario", "pop_total": 66379.1176465446, "mass_total": 11299861.3809564, "log_pop": 4.822031, "log_mass": 7.053073, "log_pop_c": -0.521521, "log_mass_c": -0.316118, "lat": 7.8268829894526, "lon": -72.4803461546534}, {"country_iso": "COL", "city_id": 692, "city": "Riohacha", "pop_total": 75218.2061631334, "mass_total": 9015756.85193542, "log_pop": 4.876323, "log_mass": 6.955002, "log_pop_c": -0.467229, "log_mass_c": -0.414189, "lat": 11.5354259512377, "lon": -72.9121433492963}]