[{"country_iso":"GRC","city_id":3331,"city":"Ioannina","pop_total":48851.1302165817,"mass_total":7349489.9131371994,"n_hex":9,"sample_h3":"871ed06d8ffffff","log_pop":4.688874616,"log_mass":6.8662571982},{"country_iso":"GRC","city_id":3369,"city":"Patras","pop_total":125933.722311781,"mass_total":28802679.2313729748,"n_hex":17,"sample_h3":"873f2d190ffffff","log_pop":5.1001420403,"log_mass":7.4594328878},{"country_iso":"GRC","city_id":3377,"city":"Larissa","pop_total":92090.079803129,"mass_total":16322774.4888776541,"n_hex":12,"sample_h3":"871ede992ffffff","log_pop":4.9642128493,"log_mass":7.2127939806},{"country_iso":"GRC","city_id":3384,"city":"Thessaloniki","pop_total":657595.2777367312,"mass_total":109816804.0965058357,"n_hex":37,"sample_h3":"871ec2680ffffff","log_pop":5.8179586858,"log_mass":8.0406688007},{"country_iso":"GRC","city_id":3393,"city":"Volos","pop_total":89644.1756579301,"mass_total":18546981.2973727249,"n_hex":14,"sample_h3":"871ede029ffffff","log_pop":4.9525220779,"log_mass":7.268273234},{"country_iso":"GRC","city_id":3416,"city":"Chalkida","pop_total":39185.8112961498,"mass_total":9004973.4896776043,"n_hex":10,"sample_h3":"871eda144ffffff","log_pop":4.5931288428,"log_mass":6.9544824386},{"country_iso":"GRC","city_id":3420,"city":"Athens","pop_total":2686750.7259757896,"mass_total":470749102.6451183558,"n_hex":100,"sample_h3":"871eda0cbffffff","log_pop":6.4292273749,"log_mass":8.6727895008},{"country_iso":"GRC","city_id":3439,"city":"Xanthi","pop_total":36112.224644157,"mass_total":7852844.0193443811,"n_hex":7,"sample_h3":"871ec3318ffffff","log_pop":4.5576542434,"log_mass":6.8950269712},{"country_iso":"GRC","city_id":3447,"city":"Chania","pop_total":47103.7184933625,"mass_total":9548353.6781833488,"n_hex":12,"sample_h3":"873f72125ffffff","log_pop":4.6730551928,"log_mass":6.9799284972},{"country_iso":"GRC","city_id":3477,"city":"Heraklion","pop_total":120272.7529834939,"mass_total":21974755.4636558816,"n_hex":15,"sample_h3":"873f73c08ffffff","log_pop":5.0801672519,"log_mass":7.3419240509}]