[{"country_iso":"IRN","city_id":5170,"city":"Salmas","pop_total":13279.0707634477,"mass_total":6263761.7909916118,"n_hex":7,"sample_h3":"872c02453ffffff","log_pop":4.1231676852,"log_mass":6.7968352333},{"country_iso":"IRN","city_id":5175,"city":"Khoy","pop_total":22333.332537939,"mass_total":10169016.5377398897,"n_hex":9,"sample_h3":"872c02392ffffff","log_pop":4.3489535325,"log_mass":7.0072789536},{"country_iso":"IRN","city_id":5243,"city":"Urmia","pop_total":125088.3426306538,"mass_total":51960229.1079148874,"n_hex":32,"sample_h3":"872c11000ffffff","log_pop":5.0972168383,"log_mass":7.7156710573},{"country_iso":"IRN","city_id":5298,"city":"Marand","pop_total":14762.8231124392,"mass_total":9196369.6713640168,"n_hex":8,"sample_h3":"872c1c166ffffff","log_pop":4.1691694161,"log_mass":6.9636164205},{"country_iso":"IRN","city_id":5302,"city":"Piranshahr","pop_total":9949.5905008223,"mass_total":6475904.1477812547,"n_hex":6,"sample_h3":"872c138c5ffffff","log_pop":3.9978052067,"log_mass":6.811300412},{"country_iso":"IRN","city_id":5317,"city":"Naqadeh","pop_total":10085.2058353293,"mass_total":5825613.5312973801,"n_hex":7,"sample_h3":"872c13a2cffffff","log_pop":4.0036847664,"log_mass":6.7653416703},{"country_iso":"IRN","city_id":5354,"city":"Tabriz","pop_total":489215.3002439256,"mass_total":123230829.9935943931,"n_hex":78,"sample_h3":"872c1c441ffffff","log_pop":5.6895000312,"log_mass":8.0907193736},{"country_iso":"IRN","city_id":5355,"city":"Ajab Shir","pop_total":5540.8843949954,"mass_total":1967134.9003624574,"n_hex":7,"sample_h3":"872c1e800ffffff","log_pop":3.7435790891,"log_mass":6.2938341436},{"country_iso":"IRN","city_id":5368,"city":"Sardasht","pop_total":5346.6571274851,"mass_total":1874444.855256648,"n_hex":4,"sample_h3":"872c13440ffffff","log_pop":3.7280823344,"log_mass":6.2728726683},{"country_iso":"IRN","city_id":5371,"city":"Mahabad","pop_total":20273.7783033764,"mass_total":8412848.4653582461,"n_hex":11,"sample_h3":"872c13309ffffff","log_pop":4.3069346931,"log_mass":6.9249430663},{"country_iso":"IRN","city_id":5383,"city":"Bonab","pop_total":11926.5214070526,"mass_total":6327286.9594147177,"n_hex":7,"sample_h3":"872c1e125ffffff","log_pop":4.076513792,"log_mass":6.8012175313},{"country_iso":"IRN","city_id":5389,"city":"Malekan","pop_total":4735.3701906718,"mass_total":3255179.124277418,"n_hex":7,"sample_h3":"872c1e1a0ffffff","log_pop":3.6753539359,"log_mass":6.5125748917},{"country_iso":"IRN","city_id":5393,"city":"Maragheh","pop_total":26682.1120460996,"mass_total":12262963.3938685842,"n_hex":13,"sample_h3":"872c1e140ffffff","log_pop":4.4262202036,"log_mass":7.0885954319},{"country_iso":"IRN","city_id":5395,"city":"Miandoab","pop_total":16517.8006551799,"mass_total":8531722.4332921412,"n_hex":9,"sample_h3":"872c1e566ffffff","log_pop":4.2179522205,"log_mass":6.9310367179},{"country_iso":"IRN","city_id":5402,"city":"Baneh","pop_total":21132.5310010499,"mass_total":8573675.122793464,"n_hex":5,"sample_h3":"872c13692ffffff","log_pop":4.3249515148,"log_mass":6.933167023},{"country_iso":"IRN","city_id":5413,"city":"\u0628\u0648\u06a9\u0627\u0646","pop_total":27849.5088619139,"mass_total":9027322.3699220251,"n_hex":11,"sample_h3":"872cad942ffffff","log_pop":4.4448175406,"log_mass":6.9555589516},{"country_iso":"IRN","city_id":5421,"city":"Ahar","pop_total":12185.9826010068,"mass_total":6417064.0884040184,"n_hex":7,"sample_h3":"872c18b28ffffff","log_pop":4.0858605537,"log_mass":6.8073363767},{"country_iso":"IRN","city_id":5427,"city":"Saqqez","pop_total":21382.85477889,"mass_total":9948413.0997247864,"n_hex":9,"sample_h3":"872cad880ffffff","log_pop":4.3300656865,"log_mass":6.9977538107},{"country_iso":"IRN","city_id":5436,"city":"Shahindezh","pop_total":6098.6979009301,"mass_total":4062602.4378736527,"n_hex":5,"sample_h3":"872cadb54ffffff","log_pop":3.7852371211,"log_mass":6.6088043248},{"country_iso":"IRN","city_id":5437,"city":"Marivan","pop_total":16961.7659024818,"mass_total":6969145.7938989718,"n_hex":7,"sample_h3":"872cac210ffffff","log_pop":4.229471065,"log_mass":6.84317955},{"country_iso":"IRN","city_id":5440,"city":"Sarpol-e Zahab","pop_total":4427.2159456066,"mass_total":2414453.5869677286,"n_hex":5,"sample_h3":"872cae889ffffff","log_pop":3.646130706,"log_mass":6.3828188614},{"country_iso":"IRN","city_id":5441,"city":"Pars Abad","pop_total":13861.2103872037,"mass_total":6911564.4193261005,"n_hex":7,"sample_h3":"872c0a081ffffff","log_pop":4.1418011554,"log_mass":6.8395763602},{"country_iso":"IRN","city_id":5458,"city":"Meshginshahr","pop_total":5755.4081828005,"mass_total":5068894.7884184355,"n_hex":7,"sample_h3":"872c19ca4ffffff","log_pop":3.7600761299,"log_mass":6.704913277},{"country_iso":"IRN","city_id":5471,"city":"Javanrud","pop_total":6913.4485238094,"mass_total":1894931.5041945735,"n_hex":4,"sample_h3":"872ca8d8affffff","log_pop":3.8396947335,"log_mass":6.2775935162},{"country_iso":"IRN","city_id":5474,"city":"Tikab","pop_total":4539.2908067853,"mass_total":3426587.4349776469,"n_hex":5,"sample_h3":"872cad229ffffff","log_pop":3.6569880064,"log_mass":6.534861818},{"country_iso":"IRN","city_id":5477,"city":"Divandarreh","pop_total":2545.7939173212,"mass_total":1903018.9887843325,"n_hex":3,"sample_h3":"872cad604ffffff","log_pop":3.4058232445,"log_mass":6.2794431218},{"country_iso":"IRN","city_id":5482,"city":"Mianeh","pop_total":8721.7872145887,"mass_total":6243893.9860501532,"n_hex":7,"sample_h3":"872c1aa44ffffff","log_pop":3.940605487,"log_mass":6.7954555206},{"country_iso":"IRN","city_id":5487,"city":"Eslamabad-e Gharb","pop_total":10246.5883669498,"mass_total":4866993.0555183934,"n_hex":7,"sample_h3":"872cae600ffffff","log_pop":4.0105792898,"log_mass":6.6872607266},{"country_iso":"IRN","city_id":5488,"city":"Ilam","pop_total":31944.9993026789,"mass_total":12156354.5812919289,"n_hex":12,"sample_h3":"872c85a30ffffff","log_pop":4.504402883,"log_mass":7.0848033593},{"country_iso":"IRN","city_id":5490,"city":"Sanandaj","pop_total":75653.6624411153,"mass_total":29299294.7661945224,"n_hex":25,"sample_h3":"872ca8141ffffff","log_pop":4.8788299573,"log_mass":7.466857167},{"country_iso":"IRN","city_id":5501,"city":"Ardabil","pop_total":44317.9860011531,"mass_total":15041796.4483200237,"n_hex":18,"sample_h3":"872c1940bffffff","log_pop":4.646580016,"log_mass":7.1772997073},{"country_iso":"IRN","city_id":5503,"city":"Kamyaran","pop_total":4058.8501986045,"mass_total":2395324.9344363594,"n_hex":5,"sample_h3":"872ca8542ffffff","log_pop":3.608403023,"log_mass":6.3793644354},{"country_iso":"IRN","city_id":5515,"city":"Kermanshah","pop_total":179828.6982080198,"mass_total":62321763.2876727059,"n_hex":38,"sample_h3":"872caa808ffffff","log_pop":5.2548590004,"log_mass":7.7946397325},{"country_iso":"IRN","city_id":5516,"city":"Bijar","pop_total":3246.2849315372,"mass_total":3514301.8919822895,"n_hex":4,"sample_h3":"872ca9898ffffff","log_pop":3.5113866359,"log_mass":6.5458390663},{"country_iso":"IRN","city_id":5532,"city":"Astara","pop_total":12096.4300671016,"mass_total":5394353.1311817365,"n_hex":9,"sample_h3":"872c196c8ffffff","log_pop":4.082657219,"log_mass":6.7319393733},{"country_iso":"IRN","city_id":5542,"city":"Songhor","pop_total":4319.1048377121,"mass_total":3377189.5916010453,"n_hex":6,"sample_h3":"872ca86c2ffffff","log_pop":3.6353937458,"log_mass":6.5285554421},{"country_iso":"IRN","city_id":5552,"city":"Talesh","pop_total":5504.6874386881,"mass_total":4038532.5045324159,"n_hex":7,"sample_h3":"872c1b224ffffff","log_pop":3.7407326644,"log_mass":6.6062235827},{"country_iso":"IRN","city_id":5553,"city":"Zanjan","pop_total":63947.7305839707,"mass_total":35294779.8579881266,"n_hex":19,"sample_h3":"872cf4812ffffff","log_pop":4.8058251366,"log_mass":7.5477104774},{"country_iso":"IRN","city_id":5569,"city":"Kuhdasht","pop_total":14049.9588137103,"mass_total":5031108.3444519388,"n_hex":6,"sample_h3":"872c81b44ffffff","log_pop":4.1476750511,"log_mass":6.7016636699},{"country_iso":"IRN","city_id":5570,"city":"kangavar","pop_total":4728.8823689891,"mass_total":3040108.8245985694,"n_hex":5,"sample_h3":"872cabcd0ffffff","log_pop":3.6747585111,"log_mass":6.48288913},{"country_iso":"IRN","city_id":5575,"city":"Gheydar","pop_total":3502.217444188,"mass_total":1950207.9877385814,"n_hex":4,"sample_h3":"872ca9249ffffff","log_pop":3.5443431069,"log_mass":6.2900809309},{"country_iso":"IRN","city_id":5579,"city":"Asadabad","pop_total":5911.63305041,"mass_total":5095195.564054694,"n_hex":4,"sample_h3":"872cab10affffff","log_pop":3.7717074685,"log_mass":6.7071608578},{"country_iso":"IRN","city_id":5587,"city":"Nurabad","pop_total":6498.7700375894,"mass_total":3282787.5809827545,"n_hex":7,"sample_h3":"872c8c928ffffff","log_pop":3.8128311695,"log_mass":6.5162427818},{"country_iso":"IRN","city_id":5597,"city":"Bandar-e Anzali","pop_total":33212.6744374256,"mass_total":14687476.4217087794,"n_hex":11,"sample_h3":"872cf5800ffffff","log_pop":4.5213038484,"log_mass":7.1669471824},{"country_iso":"IRN","city_id":5599,"city":"Fuman","pop_total":2589.812658726,"mass_total":2416508.7737801317,"n_hex":4,"sample_h3":"872cf5d40ffffff","log_pop":3.4132683493,"log_mass":6.3831883763},{"country_iso":"IRN","city_id":5605,"city":"Hamedan","pop_total":115981.3455989707,"mass_total":41814541.9004520625,"n_hex":24,"sample_h3":"872cab059ffffff","log_pop":5.0643881431,"log_mass":7.6213273432},{"country_iso":"IRN","city_id":5611,"city":"Rasht","pop_total":116215.377870182,"mass_total":41373012.326889202,"n_hex":25,"sample_h3":"872cf5100ffffff","log_pop":5.0652635986,"log_mass":7.6167171426},{"country_iso":"IRN","city_id":5612,"city":"Toyserkan","pop_total":3951.6970421959,"mass_total":3101463.7773474767,"n_hex":5,"sample_h3":"872cab700ffffff","log_pop":3.5967836419,"log_mass":6.4915667133},{"country_iso":"IRN","city_id":5618,"city":"Nahavand","pop_total":7665.9685526867,"mass_total":5388766.4633385222,"n_hex":6,"sample_h3":"872c8cb20ffffff","log_pop":3.8845670334,"log_mass":6.7314893627},{"country_iso":"IRN","city_id":5625,"city":"Khorramdarreh","pop_total":6103.59315458,"mass_total":3843067.4937865706,"n_hex":7,"sample_h3":"872cf4632ffffff","log_pop":3.7855855773,"log_mass":6.5846780118},{"country_iso":"IRN","city_id":5628,"city":"Abhar","pop_total":7626.0954410759,"mass_total":7365311.4707382414,"n_hex":7,"sample_h3":"872cf46a4ffffff","log_pop":3.8823022362,"log_mass":6.8671911174},{"country_iso":"IRN","city_id":5637,"city":"Khorramabad","pop_total":51937.6223632195,"mass_total":22642030.1984109096,"n_hex":20,"sample_h3":"872c8c52cffffff","log_pop":4.7154820643,"log_mass":7.3549153653},{"country_iso":"IRN","city_id":5650,"city":"Malayer","pop_total":20833.1328334322,"mass_total":13981648.0010369197,"n_hex":10,"sample_h3":"872c8dd04ffffff","log_pop":4.318754583,"log_mass":7.1455583642},{"country_iso":"IRN","city_id":5658,"city":"Lahijan","pop_total":15761.0672641249,"mass_total":8911595.4065946788,"n_hex":10,"sample_h3":"872cf50c0ffffff","log_pop":4.1975856225,"log_mass":6.949955461},{"country_iso":"IRN","city_id":5659,"city":"Borujerd","pop_total":35789.6341166795,"mass_total":15438212.7075135261,"n_hex":11,"sample_h3":"872c8c304ffffff","log_pop":4.5537572585,"log_mass":7.1885970203},{"country_iso":"IRN","city_id":5669,"city":"Andimeshk","pop_total":14593.1192475768,"mass_total":8185361.3379225498,"n_hex":8,"sample_h3":"872c8ec32ffffff","log_pop":4.1641481313,"log_mass":6.9130378558},{"country_iso":"IRN","city_id":5670,"city":"Shush","pop_total":6280.9874694058,"mass_total":3988718.6897215587,"n_hex":7,"sample_h3":"872c8330dffffff","log_pop":3.798027927,"log_mass":6.6008334081},{"country_iso":"IRN","city_id":5676,"city":"Takestan","pop_total":6948.0072485587,"mass_total":5922635.1325216172,"n_hex":4,"sample_h3":"872cf0c28ffffff","log_pop":3.8418602629,"log_mass":6.7725149785},{"country_iso":"IRN","city_id":5677,"city":"Dezful","pop_total":39982.238324242,"mass_total":16837060.0905853957,"n_hex":14,"sample_h3":"872c8ec84ffffff","log_pop":4.6018671036,"log_mass":7.2262662619},{"country_iso":"IRN","city_id":5683,"city":"Susangerd","pop_total":5223.9937982802,"mass_total":2965684.9099755515,"n_hex":5,"sample_h3":"872c837b0ffffff","log_pop":3.7180026527,"log_mass":6.4721250074},{"country_iso":"IRN","city_id":5687,"city":"Qazvin","pop_total":50621.3512663224,"mass_total":27845479.937820565,"n_hex":16,"sample_h3":"872cf010cffffff","log_pop":4.7043337339,"log_mass":7.4447547077},{"country_iso":"IRN","city_id":5692,"city":"Dorud","pop_total":13725.5817798054,"mass_total":7998877.9871762395,"n_hex":8,"sample_h3":"872c8c650ffffff","log_pop":4.1375307617,"log_mass":6.9030290722},{"country_iso":"IRN","city_id":5694,"city":"Alvand","pop_total":20320.1970964843,"mass_total":10097044.316547526,"n_hex":8,"sample_h3":"872cf0020ffffff","log_pop":4.3079279161,"log_mass":7.0041942624},{"country_iso":"IRN","city_id":5703,"city":"Khorramshahr","pop_total":16391.822303383,"mass_total":7873572.7583112298,"n_hex":13,"sample_h3":"872c9c426ffffff","log_pop":4.2146272374,"log_mass":6.8961718451},{"country_iso":"IRN","city_id":5708,"city":"Abadan","pop_total":38360.6871268721,"mass_total":13419842.796571264,"n_hex":20,"sample_h3":"872c9c410ffffff","log_pop":4.5838863778,"log_mass":7.1277474284},{"country_iso":"IRN","city_id":5711,"city":"Shoushtar","pop_total":13349.5882818615,"mass_total":6785637.3629026236,"n_hex":11,"sample_h3":"872c8e490ffffff","log_pop":4.1254678717,"log_mass":6.8315906464},{"country_iso":"IRN","city_id":5712,"city":"Ahwaz","pop_total":273530.8321594958,"mass_total":94815212.7680221498,"n_hex":58,"sample_h3":"872c9c345ffffff","log_pop":5.4370062867,"log_mass":7.976878024},{"country_iso":"IRN","city_id":5716,"city":"Arak","pop_total":72670.6886590527,"mass_total":33932706.8569021821,"n_hex":21,"sample_h3":"872c8d44affffff","log_pop":4.8613592758,"log_mass":7.5306185053},{"country_iso":"IRN","city_id":5722,"city":"Shadegan","pop_total":3668.0550983635,"mass_total":1457303.1273853933,"n_hex":5,"sample_h3":"872c9c601ffffff","log_pop":3.5644358506,"log_mass":6.1635498969},{"country_iso":"IRN","city_id":5724,"city":"Nazarabad","pop_total":9636.9047605365,"mass_total":6606946.9549965952,"n_hex":7,"sample_h3":"872cf060dffffff","log_pop":3.983937567,"log_mass":6.82000082},{"country_iso":"IRN","city_id":5725,"city":"Aligudarz","pop_total":8720.5605631473,"mass_total":6822715.5675683971,"n_hex":6,"sample_h3":"872c88025ffffff","log_pop":3.9405444026,"log_mass":6.8339572663},{"country_iso":"IRN","city_id":5726,"city":"Hashtgerd","pop_total":4819.1749712804,"mass_total":6035662.4850840895,"n_hex":6,"sample_h3":"872cf0640ffffff","log_pop":3.6829726947,"log_mass":6.780724946},{"country_iso":"IRN","city_id":5728,"city":"Saveh","pop_total":20325.1906039331,"mass_total":13605290.8466005251,"n_hex":8,"sample_h3":"872cf2030ffffff","log_pop":4.308034627,"log_mass":7.1337078303},{"country_iso":"IRN","city_id":5731,"city":"Masjed Soleyman","pop_total":4451.8553037793,"mass_total":3511206.9924642737,"n_hex":7,"sample_h3":"872c9da1bffffff","log_pop":3.6485410403,"log_mass":6.5454564327},{"country_iso":"IRN","city_id":5736,"city":"Mahdasht","pop_total":20714.7975812613,"mass_total":3690662.9811327569,"n_hex":6,"sample_h3":"872cf3d0dffffff","log_pop":4.3162806939,"log_mass":6.5671043887},{"country_iso":"IRN","city_id":5737,"city":"Tehran","pop_total":5378554.4051182289,"mass_total":986237409.4667513371,"n_hex":330,"sample_h3":"872cf3000ffffff","log_pop":6.730665566,"log_mass":8.9939814719},{"country_iso":"IRN","city_id":5738,"city":"Safadasht","pop_total":19323.5636944939,"mass_total":4440838.8727083365,"n_hex":9,"sample_h3":"872cf3d00ffffff","log_pop":4.286087223,"log_mass":6.6474650159},{"country_iso":"IRN","city_id":5741,"city":"Khomein","pop_total":7370.8109857858,"mass_total":5608857.1078037638,"n_hex":6,"sample_h3":"872c88364ffffff","log_pop":3.8675152745,"log_mass":6.748874376},{"country_iso":"IRN","city_id":5744,"city":"Chalus","pop_total":16707.8642723018,"mass_total":12447384.2673105635,"n_hex":24,"sample_h3":"872cf1620ffffff","log_pop":4.2229209386,"log_mass":7.095078097},{"country_iso":"IRN","city_id":5746,"city":"Bandar-e Emam Khomeini","pop_total":16383.9460496996,"mass_total":11769806.5529866442,"n_hex":10,"sample_h3":"872c98c01ffffff","log_pop":4.2144185092,"log_mass":7.0707693249},{"country_iso":"IRN","city_id":5749,"city":"Bandar-e Mahshahr","pop_total":14770.5555313653,"mass_total":7589903.7631798023,"n_hex":9,"sample_h3":"872c98136ffffff","log_pop":4.1693968298,"log_mass":6.8802362693},{"country_iso":"IRN","city_id":5753,"city":"Shokuhieh Industrial Town","pop_total":6630.3433339586,"mass_total":2447565.1141757956,"n_hex":6,"sample_h3":"872cf2600ffffff","log_pop":3.8215360177,"log_mass":6.3887342544},{"country_iso":"IRN","city_id":5754,"city":"Ramhormoz","pop_total":5764.709995655,"mass_total":5808559.6048344057,"n_hex":7,"sample_h3":"872c9d61affffff","log_pop":3.7607774642,"log_mass":6.7640684503},{"country_iso":"IRN","city_id":5756,"city":"Qom","pop_total":155759.3965561736,"mass_total":64622269.3462756649,"n_hex":33,"sample_h3":"872c89b48ffffff","log_pop":5.192454256,"log_mass":7.8103822051},{"country_iso":"IRN","city_id":5759,"city":"Pardisan","pop_total":8079.3494986048,"mass_total":3371475.5587416468,"n_hex":5,"sample_h3":"872c89a64ffffff","log_pop":3.9073763954,"log_mass":6.5278200156},{"country_iso":"IRN","city_id":5760,"city":"Izeh","pop_total":18510.3095102048,"mass_total":9250539.9814216625,"n_hex":7,"sample_h3":"872c8a585ffffff","log_pop":4.2674136806,"log_mass":6.9661670845},{"country_iso":"IRN","city_id":5764,"city":"Omidieh","pop_total":3207.6464640127,"mass_total":2762509.0855102479,"n_hex":6,"sample_h3":"872c98300ffffff","log_pop":3.5061864958,"log_mass":6.441303715},{"country_iso":"IRN","city_id":5772,"city":"Qarchak","pop_total":45245.3718833325,"mass_total":8417323.8228286263,"n_hex":14,"sample_h3":"872cf344affffff","log_pop":4.6555741621,"log_mass":6.9251740352},{"country_iso":"IRN","city_id":5774,"city":"Pardis","pop_total":41999.0382526865,"mass_total":6035556.870161728,"n_hex":16,"sample_h3":"872cf3286ffffff","log_pop":4.6232393455,"log_mass":6.7807173464},{"country_iso":"IRN","city_id":5775,"city":"Pakdasht","pop_total":23691.5603406981,"mass_total":9186362.7558628116,"n_hex":17,"sample_h3":"872cf3634ffffff","log_pop":4.3745936646,"log_mass":6.9631435911},{"country_iso":"IRN","city_id":5778,"city":"Varamin","pop_total":31469.7341364318,"mass_total":7070086.0459581614,"n_hex":8,"sample_h3":"872cd4b65ffffff","log_pop":4.4978930739,"log_mass":6.8494246994},{"country_iso":"IRN","city_id":5784,"city":"Sharifabad","pop_total":4102.6126536612,"mass_total":2445175.7897743769,"n_hex":5,"sample_h3":"872cf3610ffffff","log_pop":3.6130605152,"log_mass":6.3883100871},{"country_iso":"IRN","city_id":5785,"city":"Amol","pop_total":35541.3631529612,"mass_total":28994192.3832063451,"n_hex":16,"sample_h3":"872cc6004ffffff","log_pop":4.5507340807,"log_mass":7.4623110162},{"country_iso":"IRN","city_id":5786,"city":"Kashan","pop_total":40856.288915277,"mass_total":19412309.1345101744,"n_hex":23,"sample_h3":"872c892d0ffffff","log_pop":4.611258916,"log_mass":7.2880771987},{"country_iso":"IRN","city_id":5789,"city":"Behbahan","pop_total":7132.3220829721,"mass_total":5705402.9817798967,"n_hex":9,"sample_h3":"872c9b864ffffff","log_pop":3.8532309469,"log_mass":6.7562863248},{"country_iso":"IRN","city_id":5790,"city":"Shahr-e Kord","pop_total":15706.8650118977,"mass_total":11107146.5354934558,"n_hex":13,"sample_h3":"872c8b4b6ffffff","log_pop":4.1960895113,"log_mass":7.0456025015},{"country_iso":"IRN","city_id":5794,"city":"Babol","pop_total":60335.0707126973,"mass_total":29017415.6658023745,"n_hex":21,"sample_h3":"872cc6048ffffff","log_pop":4.7805698261,"log_mass":7.4626587309},{"country_iso":"IRN","city_id":5797,"city":"Dehdasht","pop_total":5931.0860559613,"mass_total":3769925.7622558121,"n_hex":5,"sample_h3":"872c994cbffffff","log_pop":3.7731342254,"log_mass":6.5763327981},{"country_iso":"IRN","city_id":5798,"city":"Lordegan","pop_total":6189.9600386433,"mass_total":2239392.8680564892,"n_hex":4,"sample_h3":"872c99264ffffff","log_pop":3.7916878453,"log_mass":6.3501302907},{"country_iso":"IRN","city_id":5801,"city":"Najafabad","pop_total":32328.0047996371,"mass_total":17278017.4518875517,"n_hex":14,"sample_h3":"872c8b602ffffff","log_pop":4.5095789019,"log_mass":7.2374939083},{"country_iso":"IRN","city_id":5802,"city":"Qaem Shahr","pop_total":53315.7182828548,"mass_total":25089715.5135507248,"n_hex":16,"sample_h3":"872cc62a0ffffff","log_pop":4.7268552645,"log_mass":7.399495737},{"country_iso":"IRN","city_id":5805,"city":"Zarrinshahr","pop_total":10662.0716453141,"mass_total":7172907.8736875402,"n_hex":9,"sample_h3":"874324a60ffffff","log_pop":4.0278415965,"log_mass":6.8556952529},{"country_iso":"IRN","city_id":5806,"city":"Shahin Shahr","pop_total":16287.771293469,"mass_total":15788687.3567922562,"n_hex":11,"sample_h3":"872c8b298ffffff","log_pop":4.2118616625,"log_mass":7.198346025},{"country_iso":"IRN","city_id":5808,"city":"Fuladshahr","pop_total":11958.6188460275,"mass_total":6366194.8545895005,"n_hex":8,"sample_h3":"872c8b682ffffff","log_pop":4.077681024,"log_mass":6.8038799272},{"country_iso":"IRN","city_id":5810,"city":"Sari","pop_total":60165.1270632725,"mass_total":35175009.8860277385,"n_hex":24,"sample_h3":"872cc6219ffffff","log_pop":4.7793448382,"log_mass":7.5462342282},{"country_iso":"IRN","city_id":5811,"city":"Isfahan","pop_total":585063.8830641448,"mass_total":214737900.5120854974,"n_hex":96,"sample_h3":"872c8b650ffffff","log_pop":5.7672032892,"log_mass":8.3319087027},{"country_iso":"IRN","city_id":5813,"city":"Dogonbadan","pop_total":5975.3755932752,"mass_total":6648806.6151562966,"n_hex":10,"sample_h3":"872c9b069ffffff","log_pop":3.7763652089,"log_mass":6.8227437014},{"country_iso":"IRN","city_id":5814,"city":"Bandar Ganaveh","pop_total":7007.3105553608,"mass_total":3849696.1628243793,"n_hex":6,"sample_h3":"874334948ffffff","log_pop":3.8455513653,"log_mass":6.5854264542},{"country_iso":"IRN","city_id":5815,"city":"Dolatabad","pop_total":9711.2177707149,"mass_total":6791278.2878790274,"n_hex":9,"sample_h3":"874325912ffffff","log_pop":3.9872736931,"log_mass":6.831951527},{"country_iso":"IRN","city_id":5816,"city":"Neka","pop_total":8558.7927717396,"mass_total":6163166.8435455738,"n_hex":8,"sample_h3":"872cc0580ffffff","log_pop":3.9324125112,"log_mass":6.7898039247},{"country_iso":"IRN","city_id":5819,"city":"Baharestan","pop_total":22711.6603270923,"mass_total":5646374.9110936914,"n_hex":6,"sample_h3":"874325c28ffffff","log_pop":4.3562488843,"log_mass":6.7517697113},{"country_iso":"IRN","city_id":5821,"city":"Behshahr","pop_total":11391.8376575433,"mass_total":7834298.6415214846,"n_hex":6,"sample_h3":"872cc04c4ffffff","log_pop":4.0565937873,"log_mass":6.8940001227},{"country_iso":"IRN","city_id":5822,"city":"Bagh-e Zahra","pop_total":21774.4041699858,"mass_total":12006155.309898803,"n_hex":10,"sample_h3":"874334094ffffff","log_pop":4.3379462799,"log_mass":7.079403957},{"country_iso":"IRN","city_id":5823,"city":"Shahreza","pop_total":14246.9556421093,"mass_total":10853973.2268917933,"n_hex":9,"sample_h3":"8743242e0ffffff","log_pop":4.1537220721,"log_mass":7.035588746},{"country_iso":"IRN","city_id":5824,"city":"Bushehr","pop_total":17475.6834407844,"mass_total":6464530.8413561601,"n_hex":9,"sample_h3":"874334460ffffff","log_pop":4.2424341692,"log_mass":6.8105370118},{"country_iso":"IRN","city_id":5828,"city":"Ab Pakhsh","pop_total":1865.5326863831,"mass_total":1455182.324470154,"n_hex":4,"sample_h3":"874334322ffffff","log_pop":3.2708028628,"log_mass":6.1629174109},{"country_iso":"IRN","city_id":5829,"city":"\u0645\u0647\u0631\u06cc\u0627\u0646","pop_total":3262.494374911,"mass_total":1207648.2606445306,"n_hex":5,"sample_h3":"874326080ffffff","log_pop":3.5135497716,"log_mass":6.0819404602},{"country_iso":"IRN","city_id":5830,"city":"Semnan","pop_total":14374.6165295844,"mass_total":12578025.069132423,"n_hex":9,"sample_h3":"872cc25a4ffffff","log_pop":4.1575962679,"log_mass":7.099612456},{"country_iso":"IRN","city_id":5831,"city":"Yasuj","pop_total":21976.2491541825,"mass_total":9380468.143093342,"n_hex":8,"sample_h3":"874326082ffffff","log_pop":4.3419535702,"log_mass":6.9722245129},{"country_iso":"IRN","city_id":5834,"city":"Bandar-e Torkaman","pop_total":9998.1159153994,"mass_total":3535410.9141109418,"n_hex":5,"sample_h3":"872cc0653ffffff","log_pop":3.9999181675,"log_mass":6.5484398983},{"country_iso":"IRN","city_id":5835,"city":"Nurabad Mamasani","pop_total":3532.967724356,"mass_total":2869715.5171775976,"n_hex":5,"sample_h3":"874335842ffffff","log_pop":3.5481396699,"log_mass":6.4578388461},{"country_iso":"IRN","city_id":5840,"city":"Gorgan","pop_total":77709.9216914177,"mass_total":25242183.9104876332,"n_hex":15,"sample_h3":"872cc3880ffffff","log_pop":4.8904764713,"log_mass":7.4021269266},{"country_iso":"IRN","city_id":5841,"city":"Kazerun","pop_total":10384.8479252273,"mass_total":7843722.0293158591,"n_hex":6,"sample_h3":"874335192ffffff","log_pop":4.0164001411,"log_mass":6.8945221945},{"country_iso":"IRN","city_id":5842,"city":"Aghghala","pop_total":4966.0497131329,"mass_total":2344672.6419262257,"n_hex":4,"sample_h3":"872cc3808ffffff","log_pop":3.6960110628,"log_mass":6.370082216},{"country_iso":"IRN","city_id":5845,"city":"Aliabad-e Katul","pop_total":8884.1796292427,"mass_total":4329637.0695267022,"n_hex":7,"sample_h3":"872cc3148ffffff","log_pop":3.948617331,"log_mass":6.6364514933},{"country_iso":"IRN","city_id":5847,"city":"Abadeh","pop_total":5810.927666292,"mass_total":5801647.4695652993,"n_hex":8,"sample_h3":"874320784ffffff","log_pop":3.7642454694,"log_mass":6.7635513359},{"country_iso":"IRN","city_id":5851,"city":"Gonbad-e Qabus","pop_total":40605.2127700357,"mass_total":16189014.852610765,"n_hex":9,"sample_h3":"872cc3a4bffffff","log_pop":4.6085817905,"log_mass":7.2092204215},{"country_iso":"IRN","city_id":5853,"city":"Azadshahr","pop_total":6179.1363958003,"mass_total":3661377.8411453515,"n_hex":6,"sample_h3":"872cc3365ffffff","log_pop":3.7909277818,"log_mass":6.5636445488},{"country_iso":"IRN","city_id":5854,"city":"Shiraz","pop_total":287087.9841009813,"mass_total":127008047.807618171,"n_hex":63,"sample_h3":"874331802ffffff","log_pop":5.4580150157,"log_mass":8.1038312407},{"country_iso":"IRN","city_id":5855,"city":"Shahrud","pop_total":4519.7728436601,"mass_total":4486343.018070871,"n_hex":8,"sample_h3":"872cc344bffffff","log_pop":3.6551166084,"log_mass":6.6518924759},{"country_iso":"IRN","city_id":5858,"city":"Gilan Tappeh","pop_total":3830.4139516251,"mass_total":2060418.9763326191,"n_hex":5,"sample_h3":"872ccec44ffffff","log_pop":3.5832457106,"log_mass":6.3139555411},{"country_iso":"IRN","city_id":5863,"city":"Kangan Seaport","pop_total":4340.9768211253,"mass_total":3711764.7172399922,"n_hex":7,"sample_h3":"874332100ffffff","log_pop":3.6375874669,"log_mass":6.5695804392},{"country_iso":"IRN","city_id":5867,"city":"Marvdasht","pop_total":18010.3005559342,"mass_total":11136245.7573189382,"n_hex":9,"sample_h3":"874331b05ffffff","log_pop":4.2555209604,"log_mass":7.0467388065},{"country_iso":"IRN","city_id":5868,"city":"Firuzabad","pop_total":7677.6723305553,"mass_total":5115022.1715748413,"n_hex":7,"sample_h3":"8743302c0ffffff","log_pop":3.8852295733,"log_mass":6.7088475205},{"country_iso":"IRN","city_id":5874,"city":"Ardakan","pop_total":21710.9636357223,"mass_total":19051269.5918482542,"n_hex":17,"sample_h3":"874321240ffffff","log_pop":4.3366790999,"log_mass":7.2799239227},{"country_iso":"IRN","city_id":5878,"city":"Yazd","pop_total":166105.4193850181,"mass_total":58763145.652550675,"n_hex":37,"sample_h3":"87432e120ffffff","log_pop":5.2203838021,"log_mass":7.769105036},{"country_iso":"IRN","city_id":5880,"city":"Ashkhaneh","pop_total":1104.1861100543,"mass_total":1211044.1801161885,"n_hex":3,"sample_h3":"872cc84a8ffffff","log_pop":3.0430422797,"log_mass":6.0831599869},{"country_iso":"IRN","city_id":5882,"city":"Fasa","pop_total":16584.1334023438,"mass_total":8588800.7525347974,"n_hex":11,"sample_h3":"874306c28ffffff","log_pop":4.2196927826,"log_mass":6.9339325279},{"country_iso":"IRN","city_id":5883,"city":"Jahrom","pop_total":20846.0441407746,"mass_total":11139156.1319996472,"n_hex":14,"sample_h3":"874333201ffffff","log_pop":4.319023653,"log_mass":7.0468522913},{"country_iso":"IRN","city_id":5886,"city":"Bojnurd","pop_total":31787.1842971147,"mass_total":11657703.4209624734,"n_hex":9,"sample_h3":"872ccaa66ffffff","log_pop":4.5022520599,"log_mass":7.0666130024},{"country_iso":"IRN","city_id":5888,"city":"Esfarayen","pop_total":4056.2607127526,"mass_total":1983734.5568495425,"n_hex":5,"sample_h3":"872cca310ffffff","log_pop":3.6081258611,"log_mass":6.2974835588},{"country_iso":"IRN","city_id":5890,"city":"Shirvan","pop_total":13075.1337103694,"mass_total":5447573.1994505953,"n_hex":5,"sample_h3":"872ccbcf0ffffff","log_pop":4.1164461388,"log_mass":6.7362030746},{"country_iso":"IRN","city_id":5891,"city":"Darab","pop_total":8415.2158297183,"mass_total":5096595.4419373246,"n_hex":7,"sample_h3":"874306642ffffff","log_pop":3.925065259,"log_mass":6.7072801615},{"country_iso":"IRN","city_id":5894,"city":"Shahr-e Babak","pop_total":4241.4005929405,"mass_total":3682377.0572411027,"n_hex":7,"sample_h3":"874300b41ffffff","log_pop":3.6275092928,"log_mass":6.5661282561},{"country_iso":"IRN","city_id":5896,"city":"Sabzevar","pop_total":28342.1929508396,"mass_total":16295300.2136235461,"n_hex":11,"sample_h3":"872cd9ac1ffffff","log_pop":4.4524334503,"log_mass":7.212062366},{"country_iso":"IRN","city_id":5900,"city":"Tabas","pop_total":1832.9697807275,"mass_total":2523180.3846110799,"n_hex":7,"sample_h3":"872cda683ffffff","log_pop":3.263155305,"log_mass":6.4019482998},{"country_iso":"IRN","city_id":5902,"city":"Quchan","pop_total":10157.7604208497,"mass_total":5680116.8533992786,"n_hex":5,"sample_h3":"872ccb4cbffffff","log_pop":4.0067979654,"log_mass":6.7543572703},{"country_iso":"IRN","city_id":5905,"city":"Rafsanjan","pop_total":13135.5727567635,"mass_total":6324451.708198037,"n_hex":11,"sample_h3":"874301161ffffff","log_pop":4.1184490143,"log_mass":6.8010228808},{"country_iso":"IRN","city_id":5906,"city":"Sirjan","pop_total":19725.0459774307,"mass_total":10953343.5254709236,"n_hex":15,"sample_h3":"874303900ffffff","log_pop":4.2950180242,"log_mass":7.0395467085},{"country_iso":"IRN","city_id":5907,"city":"Bardaskan","pop_total":3629.1894879005,"mass_total":2413946.7586182952,"n_hex":4,"sample_h3":"874366d02ffffff","log_pop":3.5598096443,"log_mass":6.3827276872},{"country_iso":"IRN","city_id":5908,"city":"Dargaz","pop_total":3524.8005096342,"mass_total":3118291.116046858,"n_hex":5,"sample_h3":"874365918ffffff","log_pop":3.5471345426,"log_mass":6.4939166574},{"country_iso":"IRN","city_id":5910,"city":"Neyshabur","pop_total":42875.1294503717,"mass_total":15306028.1576745082,"n_hex":13,"sample_h3":"874364620ffffff","log_pop":4.6322054443,"log_mass":7.1848625079},{"country_iso":"IRN","city_id":5911,"city":"Zarand","pop_total":405.9039926342,"mass_total":276381.7645673311,"n_hex":7,"sample_h3":"87430cd51ffffff","log_pop":2.6084233232,"log_mass":5.4415093853},{"country_iso":"IRN","city_id":5912,"city":"Chenaran","pop_total":1458.7639364841,"mass_total":1081484.8807596692,"n_hex":3,"sample_h3":"874364254ffffff","log_pop":3.1639850182,"log_mass":6.0340204523},{"country_iso":"IRN","city_id":5913,"city":"Kashmar","pop_total":20332.8518495317,"mass_total":7796157.2847232185,"n_hex":7,"sample_h3":"874366180ffffff","log_pop":4.3081982963,"log_mass":6.8918805923},{"country_iso":"IRN","city_id":5916,"city":"Rooh Abad","pop_total":21173.4835294055,"mass_total":4314096.7240147777,"n_hex":4,"sample_h3":"874360943ffffff","log_pop":4.3257923154,"log_mass":6.634889878},{"country_iso":"IRN","city_id":5918,"city":"Mashhad","pop_total":988194.9982397851,"mass_total":206257444.4698241055,"n_hex":76,"sample_h3":"874360809ffffff","log_pop":5.9948426514,"log_mass":8.3144096325},{"country_iso":"IRN","city_id":5919,"city":"Kerman","pop_total":105318.8142968197,"mass_total":62049686.7420234606,"n_hex":33,"sample_h3":"87430c481ffffff","log_pop":5.0225059611,"log_mass":7.7927395933},{"country_iso":"IRN","city_id":5920,"city":"Torbate Heydariye","pop_total":8869.9726369054,"mass_total":8917818.3739955015,"n_hex":9,"sample_h3":"874366283ffffff","log_pop":3.9479222801,"log_mass":6.950258623},{"country_iso":"IRN","city_id":5921,"city":"Bandar Abbas","pop_total":28849.1969993386,"mass_total":14215160.9006348196,"n_hex":24,"sample_h3":"87431e121ffffff","log_pop":4.4601337293,"log_mass":7.1527517798},{"country_iso":"IRN","city_id":5922,"city":"Qeshm","pop_total":2602.3328672409,"mass_total":1670645.6347507224,"n_hex":6,"sample_h3":"87431ec53ffffff","log_pop":3.4153628469,"log_mass":6.2228843403},{"country_iso":"IRN","city_id":5927,"city":"Qaen","pop_total":1101.4156760111,"mass_total":3067884.1467399551,"n_hex":6,"sample_h3":"874375686ffffff","log_pop":3.0419512533,"log_mass":6.4868389552},{"country_iso":"IRN","city_id":5931,"city":"Roudan","pop_total":16.4327325821,"mass_total":26949.7280974397,"n_hex":2,"sample_h3":"874318cd4ffffff","log_pop":1.2157097878,"log_mass":4.4305543878},{"country_iso":"IRN","city_id":5932,"city":"Birjand","pop_total":7353.9141584209,"mass_total":7723908.6016852176,"n_hex":9,"sample_h3":"874370624ffffff","log_pop":3.8665185561,"log_mass":6.8878371261},{"country_iso":"IRN","city_id":5935,"city":"Jiroft","pop_total":281.3253955841,"mass_total":415959.8711605079,"n_hex":4,"sample_h3":"87431d2a0ffffff","log_pop":2.4492089382,"log_mass":5.619051435},{"country_iso":"IRN","city_id":5937,"city":"Khaf","pop_total":540.9973189747,"mass_total":534213.2690927666,"n_hex":2,"sample_h3":"87436271effffff","log_pop":2.7331951129,"log_mass":5.7277146711},{"country_iso":"IRN","city_id":5939,"city":"Sarakhs","pop_total":2363.7601073284,"mass_total":2463920.0646053054,"n_hex":5,"sample_h3":"8743610c1ffffff","log_pop":3.3736033989,"log_mass":6.3916266142},{"country_iso":"IRN","city_id":5940,"city":"Kahnuj","pop_total":44.3091440201,"mass_total":405137.0108959803,"n_hex":2,"sample_h3":"874318af0ffffff","log_pop":1.6464933603,"log_mass":5.6076019195},{"country_iso":"IRN","city_id":5941,"city":"Torbat-e Jam","pop_total":20252.6383870517,"mass_total":6877653.456587337,"n_hex":5,"sample_h3":"874363c88ffffff","log_pop":4.3064816084,"log_mass":6.8374402893},{"country_iso":"IRN","city_id":5945,"city":"Bam","pop_total":253.1107194311,"mass_total":1380907.00453497,"n_hex":8,"sample_h3":"87430a080ffffff","log_pop":2.4033105382,"log_mass":6.1401644325},{"country_iso":"IRN","city_id":5946,"city":"\u0631\u0648\u062f\u0628\u0627\u0631","pop_total":3.8603240252,"mass_total":10505.6307260267,"n_hex":1,"sample_h3":"874319ca4ffffff","log_pop":0.5866237597,"log_mass":4.0214221312},{"country_iso":"IRN","city_id":5948,"city":"Taybad","pop_total":5036.9496349307,"mass_total":3800926.1704133293,"n_hex":6,"sample_h3":"874344821ffffff","log_pop":3.7021676083,"log_mass":6.5798894339},{"country_iso":"IRN","city_id":5971,"city":"Zahedan","pop_total":100258.8779308693,"mass_total":32446288.6301735528,"n_hex":21,"sample_h3":"874225234ffffff","log_pop":5.0011228398,"log_mass":7.5111650272},{"country_iso":"IRN","city_id":5972,"city":"Zabol","pop_total":7274.1377062442,"mass_total":4738680.3604163025,"n_hex":8,"sample_h3":"874350000ffffff","log_pop":3.8617815184,"log_mass":6.6756574151},{"country_iso":"IRN","city_id":5978,"city":"Zehak","pop_total":163.3104293487,"mass_total":40162.6814281378,"n_hex":3,"sample_h3":"874350728ffffff","log_pop":2.2130139206,"log_mass":4.6038227004},{"country_iso":"IRN","city_id":5985,"city":"Khash","pop_total":3161.6594728535,"mass_total":3470645.8390654293,"n_hex":4,"sample_h3":"874223920ffffff","log_pop":3.4999150923,"log_mass":6.5404102985}]