[{"country_iso": "ETH", "city_id": 4847, "city": "Gonder", "pop_total": 56597.7287226714, "mass_total": 4213766.28234482, "log_pop": 4.752799, "log_mass": 6.62467, "log_pop_c": -0.439276, "log_mass_c": -0.443697, "lat": 12.5947179773087, "lon": 37.4549403815214}, {"country_iso": "ETH", "city_id": 4849, "city": "Bahir Dar", "pop_total": 104102.209730021, "mass_total": 5402009.26652887, "log_pop": 5.01746, "log_mass": 6.732555, "log_pop_c": -0.174615, "log_mass_c": -0.335812, "lat": 11.591672244182, "lon": 37.393721674317}, {"country_iso": "ETH", "city_id": 5126, "city": "Hawassa", "pop_total": 93599.1979577457, "mass_total": 9116202.31467842, "log_pop": 4.971272, "log_mass": 6.959814, "log_pop_c": -0.220803, "log_mass_c": -0.108554, "lat": 7.04936601003215, "lon": 38.4869322169057}, {"country_iso": "ETH", "city_id": 5134, "city": "Addis Ababa", "pop_total": 2072591.51490632, "mass_total": 161691722.393658, "log_pop": 6.316514, "log_mass": 8.208688, "log_pop_c": 1.124439, "log_mass_c": 1.14032, "lat": 8.9926013342824, "lon": 38.7591005333892}, {"country_iso": "ETH", "city_id": 5146, "city": "Shashamane", "pop_total": 64276.1327454885, "mass_total": 4504913.30095359, "log_pop": 4.80805, "log_mass": 6.653686, "log_pop_c": -0.384025, "log_mass_c": -0.414681, "lat": 7.20024510453649, "lon": 38.5971032801594}, {"country_iso": "ETH", "city_id": 5246, "city": "Adama", "pop_total": 193354.80953043, "mass_total": 17013403.3549313, "log_pop": 5.286355, "log_mass": 7.230791, "log_pop_c": 0.09428, "log_mass_c": 0.162424, "lat": 8.5379315019076, "lon": 39.2719372860924}]