[{"country_iso":"BWA","city_id":3495,"city":"Maun","pop_total":653.5049162687,"mass_total":1310157.8848928045,"n_hex":6,"sample_h3":"879741cc2ffffff","log_pop":2.8152488591,"log_mass":6.1173236349},{"country_iso":"BWA","city_id":3558,"city":"Kanye","pop_total":6194.0871558087,"mass_total":5589474.3203190835,"n_hex":10,"sample_h3":"87bcca200ffffff","log_pop":3.7919773119,"log_mass":6.7473709652},{"country_iso":"BWA","city_id":3574,"city":"Lobatse","pop_total":10932.7001187979,"mass_total":3491665.1509773796,"n_hex":8,"sample_h3":"87bcca029ffffff","log_pop":4.0387274357,"log_mass":6.5430325884},{"country_iso":"BWA","city_id":3584,"city":"Mmopane","pop_total":7481.0644361713,"mass_total":2805043.001683115,"n_hex":9,"sample_h3":"87bcca682ffffff","log_pop":3.8739633954,"log_mass":6.4479395234},{"country_iso":"BWA","city_id":3587,"city":"Gaborone","pop_total":45927.3724788722,"mass_total":40818572.9714168161,"n_hex":23,"sample_h3":"87bcca684ffffff","log_pop":4.6620716,"log_mass":7.6108578176},{"country_iso":"BWA","city_id":3659,"city":"Palapye","pop_total":641.1198780948,"mass_total":1080275.3532301851,"n_hex":7,"sample_h3":"879775d00ffffff","log_pop":2.8069392425,"log_mass":6.0335344677},{"country_iso":"BWA","city_id":3706,"city":"Francistown","pop_total":21081.7258589277,"mass_total":7692383.2325404799,"n_hex":8,"sample_h3":"8797700b0ffffff","log_pop":4.3239061616,"log_mass":6.8860609125}]