[{"country_iso":"NIC","city_id":354,"city":"El Viejo","pop_total":3555.3668698853,"mass_total":1682908.8585135902,"n_hex":5,"sample_h3":"876d60621ffffff","log_pop":3.5508844212,"log_mass":6.2260605965},{"country_iso":"NIC","city_id":355,"city":"Chinandega","pop_total":15141.0769025279,"mass_total":4529770.5887817759,"n_hex":9,"sample_h3":"876d60629ffffff","log_pop":4.1801567653,"log_mass":6.6560762076},{"country_iso":"NIC","city_id":360,"city":"Le\u00f3n","pop_total":24271.3432084869,"mass_total":7345052.8995937165,"n_hex":12,"sample_h3":"876d602d8ffffff","log_pop":4.3850938114,"log_mass":6.865994928},{"country_iso":"NIC","city_id":367,"city":"Managua","pop_total":434286.9836216796,"mass_total":78637259.4639047831,"n_hex":61,"sample_h3":"876d610d9ffffff","log_pop":5.637776813,"log_mass":7.8956283698},{"country_iso":"NIC","city_id":368,"city":"Jinotepe","pop_total":6507.9499237603,"mass_total":2460432.4016733482,"n_hex":9,"sample_h3":"876d6e912ffffff","log_pop":3.8134442025,"log_mass":6.3910114377},{"country_iso":"NIC","city_id":370,"city":"Esteli","pop_total":20022.3387813381,"mass_total":6678181.5433965819,"n_hex":8,"sample_h3":"876d65782ffffff","log_pop":4.3015148054,"log_mass":6.824658221},{"country_iso":"NIC","city_id":371,"city":"Masaya","pop_total":24437.8270685028,"mass_total":5860453.8922136249,"n_hex":10,"sample_h3":"876d61282ffffff","log_pop":4.3880625872,"log_mass":6.7679312534},{"country_iso":"NIC","city_id":372,"city":"Tipitapa","pop_total":6643.0239086563,"mass_total":3803154.9950568434,"n_hex":8,"sample_h3":"876d610cdffffff","log_pop":3.8223658155,"log_mass":6.5801440252},{"country_iso":"NIC","city_id":374,"city":"Granada","pop_total":12910.6794020148,"mass_total":5442620.0651193978,"n_hex":7,"sample_h3":"876d612c0ffffff","log_pop":4.1109490969,"log_mass":6.7358080184},{"country_iso":"NIC","city_id":376,"city":"Jinotega","pop_total":6960.723360114,"mass_total":2381876.4765953664,"n_hex":6,"sample_h3":"876d65768ffffff","log_pop":3.8426543739,"log_mass":6.3769192353},{"country_iso":"NIC","city_id":377,"city":"Matagalpa","pop_total":14561.0484896978,"mass_total":4278519.4064209852,"n_hex":9,"sample_h3":"876d61920ffffff","log_pop":4.1631926481,"log_mass":6.6312935062},{"country_iso":"NIC","city_id":380,"city":"La Dalia","pop_total":1172.8731374741,"mass_total":342830.2924525736,"n_hex":1,"sample_h3":"876d6530bffffff","log_pop":3.0692510397,"log_mass":5.5350791892},{"country_iso":"NIC","city_id":381,"city":"Wiwil\u00ed","pop_total":427.1324375489,"mass_total":314128.0298904745,"n_hex":3,"sample_h3":"876d658e0ffffff","log_pop":2.6305625541,"log_mass":5.4971066906},{"country_iso":"NIC","city_id":384,"city":"Juigalpa","pop_total":4426.0763404958,"mass_total":2157476.6425626022,"n_hex":5,"sample_h3":"876d6cd58ffffff","log_pop":3.6460189003,"log_mass":6.3339461026},{"country_iso":"NIC","city_id":388,"city":"Waslala","pop_total":135.1070029427,"mass_total":147474.6729795492,"n_hex":2,"sample_h3":"87679669affffff","log_pop":2.1306778602,"log_mass":5.1687174418},{"country_iso":"NIC","city_id":393,"city":"Siuna","pop_total":308.6619025642,"mass_total":163529.8533434145,"n_hex":3,"sample_h3":"876796a90ffffff","log_pop":2.4894830288,"log_mass":5.2135970473},{"country_iso":"NIC","city_id":399,"city":"Bluefields","pop_total":1347.6623791844,"mass_total":1657995.443165248,"n_hex":5,"sample_h3":"876793ac9ffffff","log_pop":3.1295811049,"log_mass":6.2195833326},{"country_iso":"NIC","city_id":406,"city":"Bilwi (Puerto Cabezas)","pop_total":294.3451825852,"mass_total":403193.8831820386,"n_hex":4,"sample_h3":"876794a4bffffff","log_pop":2.4688569323,"log_mass":5.6055139348}]