[{"country_iso":"SSD","city_id":3642,"city":"Raja","pop_total":0.0410512052,"mass_total":8924.7921998844,"n_hex":1,"sample_h3":"876a04025ffffff","log_pop":-1.3866740876,"log_mass":3.950598113},{"country_iso":"SSD","city_id":3765,"city":"Aweil","pop_total":1.6457618475,"mass_total":35227.4007057618,"n_hex":1,"sample_h3":"876a2e6a1ffffff","log_pop":0.2163669902,"log_mass":4.5468805994},{"country_iso":"SSD","city_id":3778,"city":"Tambura","pop_total":1.5874739587,"mass_total":34426.006631048,"n_hex":1,"sample_h3":"876a1d306ffffff","log_pop":0.2007066098,"log_mass":4.5368866481},{"country_iso":"SSD","city_id":3779,"city":"Ezo","pop_total":3.9403357506,"mass_total":35140.5018490809,"n_hex":3,"sample_h3":"876a19980ffffff","log_pop":0.595533229,"log_mass":4.5458079595},{"country_iso":"SSD","city_id":3815,"city":"Kuajok","pop_total":3.2757408023,"mass_total":25914.2237769326,"n_hex":1,"sample_h3":"876a2a00dffffff","log_pop":0.5153095303,"log_mass":4.4135382047},{"country_iso":"SSD","city_id":3819,"city":"Wau","pop_total":854.3067359251,"mass_total":9670815.1013002023,"n_hex":14,"sample_h3":"876a0cd21ffffff","log_pop":2.9316138306,"log_mass":6.98546308},{"country_iso":"SSD","city_id":3871,"city":"Nzara","pop_total":3.1755605638,"mass_total":21006.2812764339,"n_hex":2,"sample_h3":"876ae4c94ffffff","log_pop":0.5018204,"log_mass":4.3223491764},{"country_iso":"SSD","city_id":3894,"city":"Yambio","pop_total":78.3698924672,"mass_total":477285.2933347251,"n_hex":7,"sample_h3":"876ae4520ffffff","log_pop":1.8941492509,"log_mass":5.6787780526},{"country_iso":"SSD","city_id":4117,"city":"Rumbek","pop_total":162.5169297747,"mass_total":1151814.649642372,"n_hex":5,"sample_h3":"876a0d6c1ffffff","log_pop":2.2108986092,"log_mass":6.0613825979},{"country_iso":"SSD","city_id":4218,"city":"Yirol","pop_total":25.8873766593,"mass_total":270805.5099962419,"n_hex":3,"sample_h3":"876a09a5affffff","log_pop":1.4130880427,"log_mass":5.4326574966},{"country_iso":"SSD","city_id":4245,"city":"Yei","pop_total":34.2269210815,"mass_total":146310.4655264036,"n_hex":3,"sample_h3":"876a5248affffff","log_pop":1.5343678335,"log_mass":5.1652753921},{"country_iso":"SSD","city_id":4264,"city":"Kaya","pop_total":107.0959289074,"mass_total":50364.8111096512,"n_hex":1,"sample_h3":"876ae1350ffffff","log_pop":2.0297729621,"log_mass":4.7021272095},{"country_iso":"SSD","city_id":4300,"city":"Poktap","pop_total":0.2543351623,"mass_total":8407.5401112299,"n_hex":1,"sample_h3":"876a73d51ffffff","log_pop":-0.5945935937,"log_mass":3.924668948},{"country_iso":"SSD","city_id":4301,"city":"Mabior","pop_total":1.5991382133,"mass_total":44256.2018636702,"n_hex":2,"sample_h3":"876a7352dffffff","log_pop":0.2038860014,"log_mass":4.6459741394},{"country_iso":"SSD","city_id":4311,"city":"Malakal","pop_total":26.2682410726,"mass_total":236800.7509560469,"n_hex":3,"sample_h3":"876b5b641ffffff","log_pop":1.4194309933,"log_mass":5.3743830753},{"country_iso":"SSD","city_id":4320,"city":"Bor","pop_total":99.6369863595,"mass_total":763614.8429968966,"n_hex":7,"sample_h3":"876a54201ffffff","log_pop":1.9984205833,"log_mass":5.8828743615},{"country_iso":"SSD","city_id":4322,"city":"Juba","pop_total":2150.4686207894,"mass_total":25184927.7428989485,"n_hex":24,"sample_h3":"876a50682ffffff","log_pop":3.3325331098,"log_mass":7.4011407092},{"country_iso":"SSD","city_id":4347,"city":"Terekeka","pop_total":3.9329575182,"mass_total":54367.6333373289,"n_hex":1,"sample_h3":"876a5015affffff","log_pop":0.5947192554,"log_mass":4.7353404283},{"country_iso":"SSD","city_id":4369,"city":"Lankien","pop_total":0.7440191209,"mass_total":11072.8132624771,"n_hex":1,"sample_h3":"876a7565affffff","log_pop":-0.1284159032,"log_mass":4.0442579758},{"country_iso":"SSD","city_id":4415,"city":"Renk","pop_total":107.0147705144,"mass_total":966405.8027163589,"n_hex":5,"sample_h3":"876b4a028ffffff","log_pop":2.0294437245,"log_mass":5.985159529},{"country_iso":"SSD","city_id":4483,"city":"Pibor","pop_total":0.2403971219,"mass_total":7500.7358992625,"n_hex":1,"sample_h3":"876a4666dffffff","log_pop":-0.6190707362,"log_mass":3.8751038742},{"country_iso":"SSD","city_id":4519,"city":"Kapoeta","pop_total":1.4897289865,"mass_total":5413.7285746463,"n_hex":1,"sample_h3":"876a5eb01ffffff","log_pop":0.1731072682,"log_mass":3.733496478}]