[{"country_iso": "MMR", "city_id": 10147, "city": "Myitkyina", "pop_total": 50901.909917895, "mass_total": 9833824.44691052, "log_pop": 4.706734, "log_mass": 6.992722, "log_pop_c": -0.491051, "log_mass_c": -0.341251, "lat": 25.3833497895417, "lon": 97.4004728057794}, {"country_iso": "MMR", "city_id": 10155, "city": "Mandalay", "pop_total": 891632.632084028, "mass_total": 76619932.8737409, "log_pop": 5.950186, "log_mass": 7.884342, "log_pop_c": 0.752401, "log_mass_c": 0.550369, "lat": 21.9236285913375, "lon": 96.0721159022231}, {"country_iso": "MMR", "city_id": 10217, "city": "Lashio", "pop_total": 53816.5604996775, "mass_total": 13264444.118642, "log_pop": 4.730916, "log_mass": 7.122689, "log_pop_c": -0.46687, "log_mass_c": -0.211284, "lat": 22.9559623263795, "lon": 97.7491261918479}, {"country_iso": "MMR", "city_id": 10224, "city": "Taunggyi", "pop_total": 75133.0986068969, "mass_total": 14564638.6143323, "log_pop": 4.875831, "log_mass": 7.1633, "log_pop_c": -0.321954, "log_mass_c": -0.170673, "lat": 20.78179561627, "lon": 97.0207741725963}, {"country_iso": "MMR", "city_id": 10248, "city": "Yangon", "pop_total": 3300545.89800056, "mass_total": 246374561.067082, "log_pop": 6.518586, "log_mass": 8.391596, "log_pop_c": 1.3208, "log_mass_c": 1.057623, "lat": 16.8699941920822, "lon": 96.148893554658}, {"country_iso": "MMR", "city_id": 10347, "city": "Mawlamyine", "pop_total": 78962.7223426407, "mass_total": 9088440.95280129, "log_pop": 4.897422, "log_mass": 6.958489, "log_pop_c": -0.300363, "log_mass_c": -0.375484, "lat": 16.4691496839635, "lon": 97.6358670944476}, {"country_iso": "MMR", "city_id": 10550, "city": "Myeik", "pop_total": 50678.4026107152, "mass_total": 6678403.38606307, "log_pop": 4.704823, "log_mass": 6.824673, "log_pop_c": -0.492963, "log_mass_c": -0.5093, "lat": 12.4419957828916, "lon": 98.6019512208139}]