[{"country_iso":"TUN","city_id":2628,"city":"El Kef","pop_total":15527.8401268005,"mass_total":4761229.8520945478,"n_hex":5,"sample_h3":"873845d40ffffff","log_pop":4.1911110509,"log_mass":6.6777191479},{"country_iso":"TUN","city_id":2634,"city":"Jendouba","pop_total":22088.4206965652,"mass_total":4490695.0806379272,"n_hex":8,"sample_h3":"873845926ffffff","log_pop":4.3441646653,"log_mass":6.6523135674},{"country_iso":"TUN","city_id":2648,"city":"Kasserine","pop_total":33685.931298636,"mass_total":5299188.9112051455,"n_hex":9,"sample_h3":"873840a06ffffff","log_pop":4.5274485586,"log_mass":6.724209402},{"country_iso":"TUN","city_id":2654,"city":"Qafsa","pop_total":34660.9702412175,"mass_total":9204598.1967338733,"n_hex":10,"sample_h3":"873840609ffffff","log_pop":4.5398407155,"log_mass":6.9640048352},{"country_iso":"TUN","city_id":2686,"city":"B\u00e9ja","pop_total":17983.4180946892,"mass_total":5102703.8837362425,"n_hex":8,"sample_h3":"87386e510ffffff","log_pop":4.2548722413,"log_mass":6.7078003664},{"country_iso":"TUN","city_id":2694,"city":"Sbeitla","pop_total":6249.0312147327,"mass_total":1465622.8050519926,"n_hex":4,"sample_h3":"873840a45ffffff","log_pop":3.795812694,"log_mass":6.166022214},{"country_iso":"TUN","city_id":2732,"city":"Sidi Bouzid","pop_total":19083.1713996738,"mass_total":4212627.5532584926,"n_hex":7,"sample_h3":"873841c0bffffff","log_pop":4.280650551,"log_mass":6.624553064},{"country_iso":"TUN","city_id":2745,"city":"Manzil Bourguiba","pop_total":28121.8009539698,"mass_total":6984922.6367299734,"n_hex":9,"sample_h3":"87386e160ffffff","log_pop":4.44904313,"log_mass":6.8441616003},{"country_iso":"TUN","city_id":2747,"city":"Bizerte","pop_total":81013.7324912557,"mass_total":21185550.5123431832,"n_hex":22,"sample_h3":"87386e84affffff","log_pop":4.9085586416,"log_mass":7.3260397537},{"country_iso":"TUN","city_id":2755,"city":"Regueb","pop_total":2644.9816140381,"mass_total":503089.184437905,"n_hex":3,"sample_h3":"873841084ffffff","log_pop":3.4224226575,"log_mass":5.7016449808},{"country_iso":"TUN","city_id":2761,"city":"El Hamma","pop_total":8631.0765096786,"mass_total":3660591.444008382,"n_hex":6,"sample_h3":"873843204ffffff","log_pop":3.9360649664,"log_mass":6.5635512603},{"country_iso":"TUN","city_id":2767,"city":"Tunis","pop_total":1351106.6771768702,"mass_total":231970511.5103676915,"n_hex":103,"sample_h3":"87386e200ffffff","log_pop":6.1306896403,"log_mass":8.3654327801},{"country_iso":"TUN","city_id":2781,"city":"Sidi Amor Bou Hajla","pop_total":3968.4831395215,"mass_total":784274.7979026006,"n_hex":3,"sample_h3":"873841848ffffff","log_pop":3.5986245395,"log_mass":5.8944682595},{"country_iso":"TUN","city_id":2783,"city":"Kairouan","pop_total":26562.184528981,"mass_total":12064251.2971767299,"n_hex":9,"sample_h3":"87386a402ffffff","log_pop":4.4242637894,"log_mass":7.0815003749},{"country_iso":"TUN","city_id":2790,"city":"Gabes","pop_total":69283.5275747346,"mass_total":21916670.4602756985,"n_hex":19,"sample_h3":"873843249ffffff","log_pop":4.8406299917,"log_mass":7.3407745776},{"country_iso":"TUN","city_id":2792,"city":"Hammam-Lif","pop_total":86149.604629813,"mass_total":18553615.9292303063,"n_hex":17,"sample_h3":"87386e2c0ffffff","log_pop":4.9352532887,"log_mass":7.2684285622},{"country_iso":"TUN","city_id":2815,"city":"Hammamet","pop_total":88300.9803622865,"mass_total":24712988.464175079,"n_hex":26,"sample_h3":"87386a849ffffff","log_pop":4.9459655254,"log_mass":7.3929252664},{"country_iso":"TUN","city_id":2816,"city":"Sousse","pop_total":243637.600650066,"mass_total":49999800.6257889122,"n_hex":28,"sample_h3":"87386a089ffffff","log_pop":5.3867443139,"log_mass":7.6989682726},{"country_iso":"TUN","city_id":2820,"city":"M'Saken","pop_total":20840.0757540048,"mass_total":8946155.8203448988,"n_hex":8,"sample_h3":"87386a701ffffff","log_pop":4.3188992933,"log_mass":6.9516364583},{"country_iso":"TUN","city_id":2828,"city":"Tataouine","pop_total":12406.8582167429,"mass_total":5680678.0416626213,"n_hex":8,"sample_h3":"87385d234ffffff","log_pop":4.0936618192,"log_mass":6.7544001759},{"country_iso":"TUN","city_id":2831,"city":"Medenine","pop_total":16452.3063563085,"mass_total":5509776.0358442748,"n_hex":8,"sample_h3":"87385da0cffffff","log_pop":4.2162267879,"log_mass":6.7411339458},{"country_iso":"TUN","city_id":2837,"city":"Sfax","pop_total":365694.1551853825,"mass_total":97867545.1347830743,"n_hex":46,"sample_h3":"87384c430ffffff","log_pop":5.5631180192,"log_mass":7.9906386948},{"country_iso":"TUN","city_id":2842,"city":"Al Munastir","pop_total":36966.1950522666,"mass_total":9960522.9055625293,"n_hex":7,"sample_h3":"87386a2b2ffffff","log_pop":4.5678047507,"log_mass":6.9982821385},{"country_iso":"TUN","city_id":2848,"city":"Ksar Hellal","pop_total":62589.3028554617,"mass_total":16315331.57102984,"n_hex":12,"sample_h3":"87386a641ffffff","log_pop":4.7965001142,"log_mass":7.2125959042},{"country_iso":"TUN","city_id":2857,"city":"Mahdia","pop_total":20494.9093615336,"mass_total":9891525.6148949806,"n_hex":10,"sample_h3":"87384c816ffffff","log_pop":4.311646002,"log_mass":6.99526328},{"country_iso":"TUN","city_id":2878,"city":"Ben Gardane","pop_total":7746.4104192626,"mass_total":3239997.3900022511,"n_hex":8,"sample_h3":"87384a184ffffff","log_pop":3.889100503,"log_mass":6.5105446604}]