[{"country_iso":"BFA","city_id":1646,"city":"Niangoloko","pop_total":1786.1485850736,"mass_total":1951506.4164305711,"n_hex":4,"sample_h3":"877532930ffffff","log_pop":3.2519175839,"log_mass":6.2903699836},{"country_iso":"BFA","city_id":1653,"city":"Banfora","pop_total":7231.3930252786,"mass_total":3987950.1667335643,"n_hex":8,"sample_h3":"877536040ffffff","log_pop":3.859221966,"log_mass":6.6007497227},{"country_iso":"BFA","city_id":1669,"city":"Bobo-Dioulasso","pop_total":135798.2197049758,"mass_total":43676385.4908633083,"n_hex":41,"sample_h3":"875469241ffffff","log_pop":5.1328940764,"log_mass":7.6402466904},{"country_iso":"BFA","city_id":1671,"city":"Sid\u00e9radougou","pop_total":71.3368788233,"mass_total":95687.3855801867,"n_hex":3,"sample_h3":"877534680ffffff","log_pop":1.8533141039,"log_mass":4.9808546887},{"country_iso":"BFA","city_id":1680,"city":"Solenzo","pop_total":445.709366718,"mass_total":424955.2695051186,"n_hex":4,"sample_h3":"87546d20bffffff","log_pop":2.649051761,"log_mass":5.6283432189},{"country_iso":"BFA","city_id":1686,"city":"Nouna","pop_total":881.9728794846,"mass_total":855742.9987955571,"n_hex":4,"sample_h3":"87546db14ffffff","log_pop":2.9454552309,"log_mass":5.9323433547},{"country_iso":"BFA","city_id":1687,"city":"Ouo","pop_total":8.5252280235,"mass_total":19435.4718707178,"n_hex":1,"sample_h3":"877530944ffffff","log_pop":0.9307060039,"log_mass":4.2885950893},{"country_iso":"BFA","city_id":1692,"city":"Lorop\u00e9ni","pop_total":37.9888060224,"mass_total":82839.5581452035,"n_hex":1,"sample_h3":"877535555ffffff","log_pop":1.579655644,"log_mass":4.9182377738},{"country_iso":"BFA","city_id":1695,"city":"Hound\u00e9","pop_total":1451.0193973083,"mass_total":1277094.2236509402,"n_hex":6,"sample_h3":"875996614ffffff","log_pop":3.1616732181,"log_mass":6.1062229406},{"country_iso":"BFA","city_id":1696,"city":"D\u00e9dougou","pop_total":3318.3678008902,"mass_total":2428765.2461883482,"n_hex":6,"sample_h3":"875994408ffffff","log_pop":3.5209245206,"log_mass":6.3853855398},{"country_iso":"BFA","city_id":1710,"city":"Gaoua","pop_total":981.0617764286,"mass_total":1108294.44491471,"n_hex":4,"sample_h3":"877535121ffffff","log_pop":2.9916963553,"log_mass":6.0446551564},{"country_iso":"BFA","city_id":1712,"city":"Tougan","pop_total":570.9498402867,"mass_total":990229.378407784,"n_hex":4,"sample_h3":"875994a21ffffff","log_pop":2.7565979558,"log_mass":5.995735807},{"country_iso":"BFA","city_id":1744,"city":"Ouahigouya","pop_total":7002.5400807212,"mass_total":2843709.1164861037,"n_hex":7,"sample_h3":"8759b3268ffffff","log_pop":3.8452556033,"log_mass":6.4538851703},{"country_iso":"BFA","city_id":1745,"city":"Koudougou","pop_total":17146.7570744066,"mass_total":8566286.0169580542,"n_hex":16,"sample_h3":"875990a2cffffff","log_pop":4.2341819951,"log_mass":6.9327925708},{"country_iso":"BFA","city_id":1748,"city":"Gourcy","pop_total":1308.2734302165,"mass_total":553534.659324278,"n_hex":3,"sample_h3":"875995862ffffff","log_pop":3.1166985214,"log_mass":5.7431448192},{"country_iso":"BFA","city_id":1754,"city":"Yako","pop_total":1183.304772334,"mass_total":630983.011259491,"n_hex":4,"sample_h3":"875995145ffffff","log_pop":3.0730966161,"log_mass":5.8000176664},{"country_iso":"BFA","city_id":1766,"city":"Leo","pop_total":967.693099524,"mass_total":1268675.6013197484,"n_hex":5,"sample_h3":"875993036ffffff","log_pop":2.9857376442,"log_mass":6.1033505878},{"country_iso":"BFA","city_id":1784,"city":"Sapouy","pop_total":81.2910951348,"mass_total":143621.3858236996,"n_hex":3,"sample_h3":"8759914caffffff","log_pop":1.9100429743,"log_mass":5.157219113},{"country_iso":"BFA","city_id":1799,"city":"Ouagadougou","pop_total":1060988.7555516383,"mass_total":122367918.4423297793,"n_hex":103,"sample_h3":"875982489ffffff","log_pop":6.0257107812,"log_mass":8.0876675725},{"country_iso":"BFA","city_id":1802,"city":"Djibo","pop_total":496.6372086216,"mass_total":564402.9538821137,"n_hex":3,"sample_h3":"8759846b2ffffff","log_pop":2.6960392543,"log_mass":5.751589278},{"country_iso":"BFA","city_id":1807,"city":"Kongoussi","pop_total":1336.1679844127,"mass_total":720201.5995529637,"n_hex":3,"sample_h3":"87598290affffff","log_pop":3.1258610615,"log_mass":5.8574540816},{"country_iso":"BFA","city_id":1820,"city":"Kombissiri","pop_total":936.6244548162,"mass_total":685322.6625303057,"n_hex":4,"sample_h3":"875991ac3ffffff","log_pop":2.9715654928,"log_mass":5.8358950935},{"country_iso":"BFA","city_id":1825,"city":"Ziniar\u00e9","pop_total":1111.6659577314,"mass_total":666706.1266589267,"n_hex":5,"sample_h3":"875982700ffffff","log_pop":3.0459743066,"log_mass":5.8239344461},{"country_iso":"BFA","city_id":1843,"city":"Kaya","pop_total":5236.6976208893,"mass_total":2394208.7466950659,"n_hex":8,"sample_h3":"875982a02ffffff","log_pop":3.7190574975,"log_mass":6.3791620131},{"country_iso":"BFA","city_id":1917,"city":"Pouytenga","pop_total":3079.5721150716,"mass_total":1029579.7106121583,"n_hex":4,"sample_h3":"87599ca0affffff","log_pop":3.4884903785,"log_mass":6.0126599756},{"country_iso":"BFA","city_id":1922,"city":"Tenkodogo","pop_total":520.5333738888,"mass_total":500552.2853805858,"n_hex":6,"sample_h3":"87599c280ffffff","log_pop":2.7164485794,"log_mass":5.6994494486},{"country_iso":"BFA","city_id":1928,"city":"Koup\u00e9la","pop_total":179.3589096069,"mass_total":210929.1362378112,"n_hex":1,"sample_h3":"87599cac5ffffff","log_pop":2.253722955,"log_mass":5.3241365742},{"country_iso":"BFA","city_id":1932,"city":"Bitou","pop_total":174.0263810158,"mass_total":172815.734321932,"n_hex":1,"sample_h3":"875998c51ffffff","log_pop":2.2406150889,"log_mass":5.2375832811},{"country_iso":"BFA","city_id":1940,"city":"Gorom-Gorom","pop_total":72.1974806991,"mass_total":138663.9182248611,"n_hex":2,"sample_h3":"875985289ffffff","log_pop":1.8585220433,"log_mass":5.1419634679},{"country_iso":"BFA","city_id":1942,"city":"Manni","pop_total":40.1326179504,"mass_total":18279.0529342736,"n_hex":1,"sample_h3":"875983b13ffffff","log_pop":1.6034974908,"log_mass":4.2619536905},{"country_iso":"BFA","city_id":1949,"city":"Bogand\u00e9","pop_total":15.1024808884,"mass_total":22411.9366869417,"n_hex":1,"sample_h3":"875983069ffffff","log_pop":1.1790482948,"log_mass":4.3504793869},{"country_iso":"BFA","city_id":1955,"city":"Dori","pop_total":2064.0294432528,"mass_total":1160755.4829097856,"n_hex":4,"sample_h3":"8759818d1ffffff","log_pop":3.3147158882,"log_mass":6.0647407438},{"country_iso":"BFA","city_id":1958,"city":"Cinkass\u00e9","pop_total":692.1018141111,"mass_total":388444.8961074494,"n_hex":4,"sample_h3":"8759980e0ffffff","log_pop":2.8401699876,"log_mass":5.5893294195},{"country_iso":"BFA","city_id":1982,"city":"Fada N'Gourma","pop_total":388.6769388386,"mass_total":304669.6173649466,"n_hex":4,"sample_h3":"87599d008ffffff","log_pop":2.5895887736,"log_mass":5.4838291471},{"country_iso":"BFA","city_id":1996,"city":"Kompienga","pop_total":50.2985033989,"mass_total":112596.3929152328,"n_hex":1,"sample_h3":"875999546ffffff","log_pop":1.7015550631,"log_mass":5.0515244779}]