[{"country_iso":"HND","city_id":335,"city":"Santa Rosa","pop_total":6061.0063400792,"mass_total":2884652.7790047703,"n_hex":5,"sample_h3":"8745242c2ffffff","log_pop":3.7825447383,"log_mass":6.4600935453},{"country_iso":"HND","city_id":341,"city":"Barrio El Centro","pop_total":16925.1898489391,"mass_total":3074897.3116478818,"n_hex":11,"sample_h3":"874520092ffffff","log_pop":4.2285335488,"log_mass":6.4878306168},{"country_iso":"HND","city_id":343,"city":"Siguatepeque","pop_total":21383.7942128116,"mass_total":4486060.5655352836,"n_hex":9,"sample_h3":"87452616cffffff","log_pop":4.3300847663,"log_mass":6.6518651326},{"country_iso":"HND","city_id":345,"city":"San Pedro Sula","pop_total":350219.5845000772,"mass_total":70422774.902748853,"n_hex":61,"sample_h3":"874520400ffffff","log_pop":5.5443404284,"log_mass":7.8477131338},{"country_iso":"HND","city_id":346,"city":"Villanueva","pop_total":25970.467099287,"mass_total":4276923.9943035701,"n_hex":12,"sample_h3":"874520422ffffff","log_pop":4.4144797608,"log_mass":6.6311315324},{"country_iso":"HND","city_id":351,"city":"Comayagua","pop_total":21816.7071640361,"mass_total":5123117.9390080413,"n_hex":7,"sample_h3":"874526124ffffff","log_pop":4.3387892023,"log_mass":6.7095343539},{"country_iso":"HND","city_id":352,"city":"Puerto Cort\u00e9s","pop_total":26931.6482510024,"mass_total":5251254.6319134654,"n_hex":11,"sample_h3":"874522a41ffffff","log_pop":4.4302629336,"log_mass":6.7202630776},{"country_iso":"HND","city_id":353,"city":"El Progreso","pop_total":35108.1291922289,"mass_total":8579448.1859662384,"n_hex":11,"sample_h3":"874520490ffffff","log_pop":4.5454076878,"log_mass":6.9334593557},{"country_iso":"HND","city_id":357,"city":"Choluteca","pop_total":13031.0604036705,"mass_total":6923093.6847841106,"n_hex":11,"sample_h3":"876d60c05ffffff","log_pop":4.1149797579,"log_mass":6.8403002086},{"country_iso":"HND","city_id":359,"city":"Tegucigalpa","pop_total":319502.5075253655,"mass_total":66028813.4070489034,"n_hex":44,"sample_h3":"876d64400ffffff","log_pop":5.5044742709,"log_mass":7.8197334927},{"country_iso":"HND","city_id":369,"city":"Danli","pop_total":19541.036462832,"mass_total":3325911.1602775101,"n_hex":7,"sample_h3":"876d64aa2ffffff","log_pop":4.2909475951,"log_mass":6.5219106444},{"country_iso":"HND","city_id":373,"city":"La Ceiba","pop_total":63995.0294013056,"mass_total":10362354.0035111662,"n_hex":18,"sample_h3":"8745224a4ffffff","log_pop":4.8061462429,"log_mass":7.0154584248},{"country_iso":"HND","city_id":378,"city":"Juticalpa","pop_total":20708.6592900837,"mass_total":2439934.9201375432,"n_hex":7,"sample_h3":"87453436cffffff","log_pop":4.3161519829,"log_mass":6.3873782426}]