[{"country_iso": "ECU", "city_id": 414, "city": "Santa Elena", "pop_total": 106404.364876139, "mass_total": 22228226.9859644, "log_pop": 5.026959, "log_mass": 7.346905, "log_pop_c": -0.256977, "log_mass_c": -0.171597, "lat": -2.2261333663805, "lon": -80.9167718880582}, {"country_iso": "ECU", "city_id": 416, "city": "Manta", "pop_total": 101123.555669302, "mass_total": 21470591.7676354, "log_pop": 5.004852, "log_mass": 7.331844, "log_pop_c": -0.279084, "log_mass_c": -0.186658, "lat": -0.967061740262042, "lon": -80.7119727337751}, {"country_iso": "ECU", "city_id": 427, "city": "Guayaquil", "pop_total": 1233516.04929193, "mass_total": 165679021.981073, "log_pop": 6.091145, "log_mass": 8.219268, "log_pop_c": 0.807208, "log_mass_c": 0.700766, "lat": -2.16429768226105, "lon": -79.912063129399}, {"country_iso": "ECU", "city_id": 430, "city": "Machala", "pop_total": 58484.5503704595, "mass_total": 11494997.3131279, "log_pop": 4.767041, "log_mass": 7.060509, "log_pop_c": -0.516895, "log_mass_c": -0.457993, "lat": -3.26068343394214, "lon": -79.9641616983725}, {"country_iso": "ECU", "city_id": 456, "city": "Cuenca", "pop_total": 145647.180502757, "mass_total": 23211884.0483243, "log_pop": 5.163302, "log_mass": 7.36571, "log_pop_c": -0.120634, "log_mass_c": -0.152791, "lat": -2.89451252066145, "lon": -79.0112109684368}, {"country_iso": "ECU", "city_id": 464, "city": "Ambato", "pop_total": 78290.5100611817, "mass_total": 12514569.9989599, "log_pop": 4.893709, "log_mass": 7.097416, "log_pop_c": -0.390227, "log_mass_c": -0.421086, "lat": -1.26219496615921, "lon": -78.6295892068018}, {"country_iso": "ECU", "city_id": 467, "city": "Quito", "pop_total": 1097856.07342719, "mass_total": 161384173.512045, "log_pop": 6.040545, "log_mass": 8.207861, "log_pop_c": 0.756609, "log_mass_c": 0.689359, "lat": -0.219362066845104, "lon": -78.4916629688972}]