[{"country_iso": "ESP", "city_id": 1494, "city": "Las Palmas de Gran Canaria", "pop_total": 251185.008608354, "mass_total": 35293354.0934913, "log_pop": 5.399994, "log_mass": 7.547693, "log_pop_c": 0.260865, "log_mass_c": 0.040021, "lat": 28.0683564148535, "lon": -15.4256026664934}, {"country_iso": "ESP", "city_id": 1495, "city": "Arinaga", "pop_total": 50400.1531797643, "mass_total": 10889196.6553594, "log_pop": 4.702432, "log_mass": 7.036996, "log_pop_c": -0.436697, "log_mass_c": -0.470676, "lat": 27.8569712322746, "lon": -15.4325818041079}, {"country_iso": "ESP", "city_id": 1568, "city": "Vigo", "pop_total": 203408.744791038, "mass_total": 58011770.0282607, "log_pop": 5.30837, "log_mass": 7.763516, "log_pop_c": 0.169241, "log_mass_c": 0.255845, "lat": 42.2155883130774, "lon": -8.72145169532005}, {"country_iso": "ESP", "city_id": 1576, "city": "A Coru\u00f1a", "pop_total": 204374.590030603, "mass_total": 50284556.1339545, "log_pop": 5.310427, "log_mass": 7.701435, "log_pop_c": 0.171298, "log_mass_c": 0.193763, "lat": 43.3495699740873, "lon": -8.40859119577099}, {"country_iso": "ESP", "city_id": 1580, "city": "Ferrol", "pop_total": 60322.8616729737, "mass_total": 21086811.4391248, "log_pop": 4.780482, "log_mass": 7.324011, "log_pop_c": -0.358647, "log_mass_c": -0.183661, "lat": 43.4890445181008, "lon": -8.21239010955936}, {"country_iso": "ESP", "city_id": 1588, "city": "Ourense", "pop_total": 56124.2220819618, "mass_total": 14970092.9745587, "log_pop": 4.74915, "log_mass": 7.175224, "log_pop_c": -0.389979, "log_mass_c": -0.332447, "lat": 42.3368305984065, "lon": -7.86661827711108}, {"country_iso": "ESP", "city_id": 1599, "city": "Huelva", "pop_total": 94700.5834965052, "mass_total": 20357312.7714107, "log_pop": 4.976353, "log_mass": 7.30872, "log_pop_c": -0.162776, "log_mass_c": -0.198951, "lat": 37.2590018617173, "lon": -6.93911826159065}, {"country_iso": "ESP", "city_id": 1602, "city": "Badajoz", "pop_total": 69039.0488591344, "mass_total": 16977982.4735878, "log_pop": 4.839095, "log_mass": 7.229886, "log_pop_c": -0.300034, "log_mass_c": -0.277785, "lat": 38.8797336016262, "lon": -6.98130004197945}, {"country_iso": "ESP", "city_id": 1618, "city": "C\u00e1diz", "pop_total": 113570.184712215, "mass_total": 16588928.4231913, "log_pop": 5.055264, "log_mass": 7.219818, "log_pop_c": -0.083865, "log_mass_c": -0.287853, "lat": 36.518844042498, "lon": -6.26592347237147}, {"country_iso": "ESP", "city_id": 1622, "city": "San Fernando", "pop_total": 66387.3679217329, "mass_total": 8634139.6364587, "log_pop": 4.822085, "log_mass": 6.936219, "log_pop_c": -0.317043, "log_mass_c": -0.571452, "lat": 36.4624880410129, "lon": -6.20134799546386}, {"country_iso": "ESP", "city_id": 1627, "city": "Jerez", "pop_total": 115305.347246617, "mass_total": 28132773.8902, "log_pop": 5.061849, "log_mass": 7.449213, "log_pop_c": -0.077279, "log_mass_c": -0.058459, "lat": 36.6886236673305, "lon": -6.12057678749954}, {"country_iso": "ESP", "city_id": 1632, "city": "Seville", "pop_total": 699939.585721644, "mass_total": 128686251.064896, "log_pop": 5.845061, "log_mass": 8.109532, "log_pop_c": 0.705932, "log_mass_c": 0.601861, "lat": 37.3762030882939, "lon": -5.98684494300571}, {"country_iso": "ESP", "city_id": 1647, "city": "Avil\u00e9s", "pop_total": 61026.4138272556, "mass_total": 18618925.4854115, "log_pop": 4.785518, "log_mass": 7.269955, "log_pop_c": -0.353611, "log_mass_c": -0.237717, "lat": 43.559810490983, "lon": -5.91589736297023}, {"country_iso": "ESP", "city_id": 1649, "city": "Oviedo", "pop_total": 129240.94866619, "mass_total": 27402803.3006892, "log_pop": 5.1114, "log_mass": 7.437795, "log_pop_c": -0.027729, "log_mass_c": -0.069877, "lat": 43.3755692258331, "lon": -5.8335450935245}, {"country_iso": "ESP", "city_id": 1650, "city": "Algeciras", "pop_total": 163289.622018419, "mass_total": 37067311.5489234, "log_pop": 5.212959, "log_mass": 7.568991, "log_pop_c": 0.07383, "log_mass_c": 0.06132, "lat": 36.1493895918988, "lon": -5.39958925146457}, {"country_iso": "ESP", "city_id": 1651, "city": "Salamanca", "pop_total": 108204.544043152, "mass_total": 25634281.7748824, "log_pop": 5.034245, "log_mass": 7.408821, "log_pop_c": -0.104883, "log_mass_c": -0.09885, "lat": 40.9582515180561, "lon": -5.65650359461148}, {"country_iso": "ESP", "city_id": 1654, "city": "Ceuta", "pop_total": 73035.6149469506, "mass_total": 10736746.4811302, "log_pop": 4.863535, "log_mass": 7.030873, "log_pop_c": -0.275594, "log_mass_c": -0.476799, "lat": 35.8752787365266, "lon": -5.33457135682812}, {"country_iso": "ESP", "city_id": 1655, "city": "Gij\u00f3n", "pop_total": 178620.662127412, "mass_total": 42174997.6555031, "log_pop": 5.251932, "log_mass": 7.625055, "log_pop_c": 0.112803, "log_mass_c": 0.117384, "lat": 43.532637652416, "lon": -5.68711134176435}, {"country_iso": "ESP", "city_id": 1662, "city": "Le\u00f3n", "pop_total": 105737.52538165, "mass_total": 31597499.2855, "log_pop": 5.024229, "log_mass": 7.499653, "log_pop_c": -0.1149, "log_mass_c": -0.008019, "lat": 42.5913915650188, "lon": -5.57936615673157}, {"country_iso": "ESP", "city_id": 1665, "city": "Marbella", "pop_total": 87324.7974390296, "mass_total": 28276657.8405155, "log_pop": 4.941138, "log_mass": 7.451428, "log_pop_c": -0.197991, "log_mass_c": -0.056243, "lat": 36.4927889361226, "lon": -4.9640875050947}, {"country_iso": "ESP", "city_id": 1673, "city": "C\u00f3rdoba", "pop_total": 153678.686386465, "mass_total": 32414101.0820883, "log_pop": 5.186614, "log_mass": 7.510734, "log_pop_c": 0.047485, "log_mass_c": 0.003062, "lat": 37.8834298367138, "lon": -4.78442782046972}, {"country_iso": "ESP", "city_id": 1674, "city": "Talavera de la Reina", "pop_total": 50062.6611970383, "mass_total": 9562189.20888072, "log_pop": 4.699514, "log_mass": 6.980557, "log_pop_c": -0.439615, "log_mass_c": -0.527114, "lat": 39.961965723722, "lon": -4.83115108076846}, {"country_iso": "ESP", "city_id": 1677, "city": "M\u00e1laga", "pop_total": 641338.732545365, "mass_total": 136758200.910477, "log_pop": 5.807087, "log_mass": 8.135953, "log_pop_c": 0.667959, "log_mass_c": 0.628282, "lat": 36.6703882830913, "lon": -4.474250257222}, {"country_iso": "ESP", "city_id": 1682, "city": "Valladolid", "pop_total": 248771.669941017, "mass_total": 66747029.0960914, "log_pop": 5.395801, "log_mass": 7.824432, "log_pop_c": 0.256672, "log_mass_c": 0.31676, "lat": 41.6320455593462, "lon": -4.73080091251082}, {"country_iso": "ESP", "city_id": 1688, "city": "Palencia", "pop_total": 53691.6893590058, "mass_total": 13058851.3185686, "log_pop": 4.729907, "log_mass": 7.115905, "log_pop_c": -0.409222, "log_mass_c": -0.391767, "lat": 42.0086203048679, "lon": -4.52600567707403}, {"country_iso": "ESP", "city_id": 1698, "city": "Ciudad Real", "pop_total": 60126.1595024137, "mass_total": 13507149.529966, "log_pop": 4.779063, "log_mass": 7.130564, "log_pop_c": -0.360065, "log_mass_c": -0.377108, "lat": 38.9784682944202, "lon": -3.91895206627218}, {"country_iso": "ESP", "city_id": 1701, "city": "Madrid", "pop_total": 4011358.48376077, "mass_total": 764228840.253484, "log_pop": 6.603291, "log_mass": 8.883223, "log_pop_c": 1.464163, "log_mass_c": 1.375552, "lat": 40.4041180879287, "lon": -3.70817767867231}, {"country_iso": "ESP", "city_id": 1705, "city": "Santander", "pop_total": 168134.205071833, "mass_total": 42688066.6873908, "log_pop": 5.225656, "log_mass": 7.630306, "log_pop_c": 0.086527, "log_mass_c": 0.122635, "lat": 43.4494605548728, "lon": -3.82824043817943}, {"country_iso": "ESP", "city_id": 1708, "city": "Granada", "pop_total": 255406.100369293, "mass_total": 52421758.433344, "log_pop": 5.407231, "log_mass": 7.719512, "log_pop_c": 0.268102, "log_mass_c": 0.21184, "lat": 37.1633935751846, "lon": -3.61399792017761}, {"country_iso": "ESP", "city_id": 1711, "city": "Burgos", "pop_total": 103779.69238725, "mass_total": 28556238.4137993, "log_pop": 5.016112, "log_mass": 7.455701, "log_pop_c": -0.123016, "log_mass_c": -0.051971, "lat": 42.3497925895373, "lon": -3.68147795334823}, {"country_iso": "ESP", "city_id": 1719, "city": "Alcal\u00e1 de Henares", "pop_total": 140512.370673189, "mass_total": 33253671.1873176, "log_pop": 5.147715, "log_mass": 7.52184, "log_pop_c": 0.008586, "log_mass_c": 0.014168, "lat": 40.4929451037456, "lon": -3.37886001379532}, {"country_iso": "ESP", "city_id": 1727, "city": "Guadalajara", "pop_total": 52537.6506087995, "mass_total": 14290878.2660464, "log_pop": 4.720471, "log_mass": 7.155059, "log_pop_c": -0.418658, "log_mass_c": -0.352613, "lat": 40.6398659785238, "lon": -3.1691744137074}, {"country_iso": "ESP", "city_id": 1737, "city": "Bilbao", "pop_total": 600916.101547374, "mass_total": 107082384.070495, "log_pop": 5.778814, "log_mass": 8.029718, "log_pop_c": 0.639685, "log_mass_c": 0.522046, "lat": 43.2975431899805, "lon": -2.9722330318879}, {"country_iso": "ESP", "city_id": 1750, "city": "Vitoria-Gasteiz", "pop_total": 154523.419044343, "mass_total": 42359994.0608553, "log_pop": 5.188994, "log_mass": 7.626956, "log_pop_c": 0.049865, "log_mass_c": 0.119284, "lat": 42.8506740643341, "lon": -2.6894901429966}, {"country_iso": "ESP", "city_id": 1758, "city": "Almeria", "pop_total": 131212.80007779, "mass_total": 29820868.87395, "log_pop": 5.117976, "log_mass": 7.47452, "log_pop_c": -0.021153, "log_mass_c": -0.033151, "lat": 36.8484792972114, "lon": -2.42218633224614}, {"country_iso": "ESP", "city_id": 1768, "city": "Logro\u00f1o", "pop_total": 106305.656678855, "mass_total": 23623445.6125566, "log_pop": 5.026556, "log_mass": 7.373343, "log_pop_c": -0.112573, "log_mass_c": -0.134328, "lat": 42.4636856098276, "lon": -2.43719787768754}, {"country_iso": "ESP", "city_id": 1797, "city": "Donostia / San Sebasti\u00e1n", "pop_total": 158439.911021499, "mass_total": 31433063.4446097, "log_pop": 5.199865, "log_mass": 7.497387, "log_pop_c": 0.060736, "log_mass_c": -0.010285, "lat": 43.3084284100837, "lon": -1.9561717652169}, {"country_iso": "ESP", "city_id": 1801, "city": "Albacete", "pop_total": 82513.8950142982, "mass_total": 17292838.8129888, "log_pop": 4.916527, "log_mass": 7.237866, "log_pop_c": -0.222602, "log_mass_c": -0.269805, "lat": 39.0001991144926, "lon": -1.86308971989864}, {"country_iso": "ESP", "city_id": 1808, "city": "Irun", "pop_total": 54594.314867216, "mass_total": 16562267.2561196, "log_pop": 4.737147, "log_mass": 7.21912, "log_pop_c": -0.401981, "log_mass_c": -0.288552, "lat": 43.3529883025774, "lon": -1.78884871124277}, {"country_iso": "ESP", "city_id": 1814, "city": "Pamplona", "pop_total": 216134.747067875, "mass_total": 45562108.0652084, "log_pop": 5.334725, "log_mass": 7.658604, "log_pop_c": 0.195596, "log_mass_c": 0.150932, "lat": 42.8150219781082, "lon": -1.64677712645755}, {"country_iso": "ESP", "city_id": 1846, "city": "Murcia", "pop_total": 233834.104880947, "mass_total": 69573545.99402, "log_pop": 5.368908, "log_mass": 7.842444, "log_pop_c": 0.229779, "log_mass_c": 0.334773, "lat": 37.9915559921008, "lon": -1.12996282919749}, {"country_iso": "ESP", "city_id": 1863, "city": "Cartagena", "pop_total": 58824.694208392, "mass_total": 20353735.1332395, "log_pop": 4.76956, "log_mass": 7.308644, "log_pop_c": -0.369569, "log_mass_c": -0.199027, "lat": 37.6184413629615, "lon": -0.991874431237196}, {"country_iso": "ESP", "city_id": 1871, "city": "Zaragoza", "pop_total": 396339.34776821, "mass_total": 91684643.1630503, "log_pop": 5.598067, "log_mass": 7.962297, "log_pop_c": 0.458938, "log_mass_c": 0.454625, "lat": 41.6528220609432, "lon": -0.89180713221725}, {"country_iso": "ESP", "city_id": 1885, "city": "Elx / Elche", "pop_total": 96922.2754275724, "mass_total": 23256515.8420438, "log_pop": 4.986424, "log_mass": 7.366545, "log_pop_c": -0.152705, "log_mass_c": -0.141127, "lat": 38.2634750526642, "lon": -0.703403045088155}, {"country_iso": "ESP", "city_id": 1888, "city": "Torrevieja", "pop_total": 85578.6472683467, "mass_total": 29697375.8881789, "log_pop": 4.932365, "log_mass": 7.472718, "log_pop_c": -0.206763, "log_mass_c": -0.034953, "lat": 37.975767315411, "lon": -0.695678462807923}, {"country_iso": "ESP", "city_id": 1908, "city": "Alacant / Alicante", "pop_total": 304324.861593143, "mass_total": 73817012.4718106, "log_pop": 5.483337, "log_mass": 7.868156, "log_pop_c": 0.344209, "log_mass_c": 0.360485, "lat": 38.3771751874332, "lon": -0.473489215328374}, {"country_iso": "ESP", "city_id": 1911, "city": "Valencia", "pop_total": 1174739.43244679, "mass_total": 227436734.356685, "log_pop": 6.069942, "log_mass": 8.356861, "log_pop_c": 0.930813, "log_mass_c": 0.849189, "lat": 39.480459499506, "lon": -0.407234088414543}, {"country_iso": "ESP", "city_id": 1947, "city": "Gandia", "pop_total": 57149.6467978038, "mass_total": 15763115.7304486, "log_pop": 4.757014, "log_mass": 7.197642, "log_pop_c": -0.382115, "log_mass_c": -0.31003, "lat": 38.9807391088304, "lon": -0.162335941174356}, {"country_iso": "ESP", "city_id": 1950, "city": "Benidorm", "pop_total": 52079.771958123, "mass_total": 21190106.659002, "log_pop": 4.716669, "log_mass": 7.326133, "log_pop_c": -0.42246, "log_mass_c": -0.181538, "lat": 38.551035148048, "lon": -0.130763691748367}, {"country_iso": "ESP", "city_id": 1952, "city": "Castell\u00f3n de la Plana", "pop_total": 136171.274880377, "mass_total": 35577434.2450817, "log_pop": 5.134086, "log_mass": 7.551175, "log_pop_c": -0.005043, "log_mass_c": 0.043503, "lat": 39.9712855334887, "lon": -0.0689337113664204}, {"country_iso": "ESP", "city_id": 1991, "city": "Lleida", "pop_total": 89551.4659099009, "mass_total": 21505316.2030908, "log_pop": 4.952073, "log_mass": 7.332546, "log_pop_c": -0.187056, "log_mass_c": -0.175126, "lat": 41.6174842272827, "lon": 0.638201084139458}, {"country_iso": "ESP", "city_id": 2006, "city": "Reus", "pop_total": 66556.3303626285, "mass_total": 16276497.0717199, "log_pop": 4.823189, "log_mass": 7.211561, "log_pop_c": -0.31594, "log_mass_c": -0.296111, "lat": 41.1537693517477, "lon": 1.10872008467993}, {"country_iso": "ESP", "city_id": 2008, "city": "Tarragona", "pop_total": 105886.608429492, "mass_total": 34224443.6262371, "log_pop": 5.024841, "log_mass": 7.534336, "log_pop_c": -0.114288, "log_mass_c": 0.026665, "lat": 41.1145099155237, "lon": 1.22431089661995}, {"country_iso": "ESP", "city_id": 2043, "city": "Vilanova i la Geltr\u00fa", "pop_total": 52235.6904483562, "mass_total": 12017568.265715, "log_pop": 4.717967, "log_mass": 7.079817, "log_pop_c": -0.421162, "log_mass_c": -0.427855, "lat": 41.2269633968801, "lon": 1.72157848464821}, {"country_iso": "ESP", "city_id": 2048, "city": "Manresa", "pop_total": 58973.4019980927, "mass_total": 14301880.2091638, "log_pop": 4.770656, "log_mass": 7.155393, "log_pop_c": -0.368473, "log_mass_c": -0.352278, "lat": 41.733121859482, "lon": 1.82846496435056}, {"country_iso": "ESP", "city_id": 2051, "city": "Barcelona", "pop_total": 3225513.69065473, "mass_total": 533258419.425369, "log_pop": 6.508599, "log_mass": 8.726938, "log_pop_c": 1.36947, "log_mass_c": 1.219266, "lat": 41.4423782245539, "lon": 2.12866067670737}, {"country_iso": "ESP", "city_id": 2066, "city": "Matar\u00f3", "pop_total": 103780.404900339, "mass_total": 17355655.0553268, "log_pop": 5.016115, "log_mass": 7.239441, "log_pop_c": -0.123014, "log_mass_c": -0.268231, "lat": 41.5463533421678, "lon": 2.45095918168294}, {"country_iso": "ESP", "city_id": 2076, "city": "Palma de Mallorca", "pop_total": 314257.299850712, "mass_total": 67083593.0152742, "log_pop": 5.497285, "log_mass": 7.826616, "log_pop_c": 0.358156, "log_mass_c": 0.318945, "lat": 39.562259188735, "lon": 2.65152347603084}, {"country_iso": "ESP", "city_id": 2083, "city": "Girona", "pop_total": 97033.679744913, "mass_total": 20759913.9716683, "log_pop": 4.986923, "log_mass": 7.317226, "log_pop_c": -0.152206, "log_mass_c": -0.190446, "lat": 41.9822692557534, "lon": 2.80951858572654}]