[{"country_iso":"ARE","city_id":5903,"city":"Madinat Zayed","pop_total":743.0239077465,"mass_total":3931661.9183413154,"n_hex":8,"sample_h3":"8743a2902ffffff","log_pop":2.871002788,"log_mass":6.594576166},{"country_iso":"ARE","city_id":5909,"city":"Abu Dhabi","pop_total":71726.7867991401,"mass_total":97954656.1279949844,"n_hex":65,"sample_h3":"8743a0200ffffff","log_pop":4.8556813758,"log_mass":7.9910250844},{"country_iso":"ARE","city_id":5915,"city":"Dubai","pop_total":819648.3861403558,"mass_total":343364043.0843840241,"n_hex":201,"sample_h3":"8743a1048ffffff","log_pop":5.9136275881,"log_mass":8.5357548141},{"country_iso":"ARE","city_id":5917,"city":"Green Community West","pop_total":16386.4546831355,"mass_total":8921304.0334996823,"n_hex":8,"sample_h3":"8743a1236ffffff","log_pop":4.2144850013,"log_mass":6.9504283402},{"country_iso":"ARE","city_id":5923,"city":"Ras Al Khaimah","pop_total":10968.3561520404,"mass_total":16024399.4650754668,"n_hex":26,"sample_h3":"8743aca1bffffff","log_pop":4.0401415439,"log_mass":7.2047817628},{"country_iso":"ARE","city_id":5924,"city":"Al Ain","pop_total":52026.1115680741,"mass_total":75490949.1379823238,"n_hex":67,"sample_h3":"8743a326dffffff","log_pop":4.7162213679,"log_mass":7.8778948857},{"country_iso":"ARE","city_id":5929,"city":"Khor Fakkan","pop_total":16271.202281346,"mass_total":3520002.1589653306,"n_hex":6,"sample_h3":"8743a8904ffffff","log_pop":4.2114196442,"log_mass":6.5465429298}]