[{"country_iso":"ERI","city_id":5065,"city":"Asmara","pop_total":22165.3934620577,"mass_total":3561596.998749292,"n_hex":13,"sample_h3":"8752a3800ffffff","log_pop":4.3456754449,"log_mass":6.5516447767},{"country_iso":"ERI","city_id":5069,"city":"Adi Guadad","pop_total":303.439912796,"mass_total":55833.5639106742,"n_hex":1,"sample_h3":"8752a381bffffff","log_pop":2.4820727049,"log_mass":4.7468953502},{"country_iso":"ERI","city_id":5112,"city":"\u062f\u0642\u0645\u062d\u0631\u064a Dekemhare","pop_total":9.0900392532,"mass_total":8552.0774090592,"n_hex":1,"sample_h3":"8752a316bffffff","log_pop":0.9585657586,"log_mass":3.9320716232},{"country_iso":"ERI","city_id":5172,"city":"Adi Keyh","pop_total":34.8353672028,"mass_total":18187.001059392,"n_hex":1,"sample_h3":"8752a335dffffff","log_pop":1.5420203928,"log_mass":4.2597610921},{"country_iso":"ERI","city_id":5184,"city":"Senafe","pop_total":32.9762058258,"mass_total":20005.2082314072,"n_hex":1,"sample_h3":"8752a325dffffff","log_pop":1.5182006852,"log_mass":4.3011430762}]