[{"country_iso":"FRA","city_id":1005,"city":"Les Abymes","pop_total":25192.6652533269,"mass_total":9667064.603735771,"n_hex":17,"sample_h3":"875e4361affffff","log_pop":4.401274116,"log_mass":6.9852946209},{"country_iso":"FRA","city_id":1007,"city":"Fort-de-France","pop_total":28944.0059212741,"mass_total":11874884.5769926235,"n_hex":18,"sample_h3":"875e46200ffffff","log_pop":4.4615586384,"log_mass":7.074629397},{"country_iso":"FRA","city_id":1104,"city":"Cayenne","pop_total":29692.6486285677,"mass_total":8577991.0252729114,"n_hex":8,"sample_h3":"875f12a08ffffff","log_pop":4.472648939,"log_mass":6.9333855875},{"country_iso":"FRA","city_id":1691,"city":"Brest","pop_total":110481.7005146672,"mass_total":41466749.8727626279,"n_hex":21,"sample_h3":"871871608ffffff","log_pop":5.0432903502,"log_mass":7.6176999971},{"country_iso":"FRA","city_id":1732,"city":"Lorient","pop_total":74860.083729393,"mass_total":33103579.335769359,"n_hex":21,"sample_h3":"871844624ffffff","log_pop":4.8742503085,"log_mass":7.5198749546},{"country_iso":"FRA","city_id":1757,"city":"Saint-Brieuc","pop_total":46777.2151361652,"mass_total":21382036.0734555721,"n_hex":13,"sample_h3":"871862640ffffff","log_pop":4.6700343627,"log_mass":7.3300490579},{"country_iso":"FRA","city_id":1818,"city":"Rennes","pop_total":185329.5361726546,"mass_total":54722587.1375349313,"n_hex":24,"sample_h3":"871863010ffffff","log_pop":5.2679446388,"log_mass":7.7381666215},{"country_iso":"FRA","city_id":1821,"city":"Nantes","pop_total":350922.4512777072,"mass_total":121266849.2054415941,"n_hex":48,"sample_h3":"871845840ffffff","log_pop":5.5452111543,"log_mass":8.0837420937},{"country_iso":"FRA","city_id":1823,"city":"Cherbourg","pop_total":52412.7089660203,"mass_total":21271366.7942471728,"n_hex":20,"sample_h3":"871866305ffffff","log_pop":4.7194366069,"log_mass":7.3277953964},{"country_iso":"FRA","city_id":1824,"city":"Anglet","pop_total":65177.4998080861,"mass_total":24025498.5100544393,"n_hex":16,"sample_h3":"871849509ffffff","log_pop":4.814097697,"log_mass":7.3806724077},{"country_iso":"FRA","city_id":1855,"city":"La Rochelle","pop_total":70799.8093398332,"mass_total":34369455.6420301497,"n_hex":20,"sample_h3":"87186a003ffffff","log_pop":4.8500320882,"log_mass":7.5361726537},{"country_iso":"FRA","city_id":1897,"city":"Bordeaux","pop_total":470739.9791604313,"mass_total":162183708.277236402,"n_hex":57,"sample_h3":"87184d990ffffff","log_pop":5.6727810838,"log_mass":8.2100072262},{"country_iso":"FRA","city_id":1907,"city":"Angers","pop_total":142229.9855215472,"mass_total":61083288.9167607278,"n_hex":25,"sample_h3":"87186e890ffffff","log_pop":5.1529911658,"log_mass":7.7859224128},{"country_iso":"FRA","city_id":1927,"city":"Pau","pop_total":81909.9764481395,"mass_total":24911456.3995214663,"n_hex":17,"sample_h3":"871849b60ffffff","log_pop":4.9133368011,"log_mass":7.3963991185},{"country_iso":"FRA","city_id":1931,"city":"Caen","pop_total":125994.5499584553,"mass_total":49456045.4726813063,"n_hex":24,"sample_h3":"871860868ffffff","log_pop":5.1003517596,"log_mass":7.694219387},{"country_iso":"FRA","city_id":1961,"city":"Le Havre","pop_total":152687.5238800321,"mass_total":73973728.3846173584,"n_hex":29,"sample_h3":"871865c11ffffff","log_pop":5.1838035522,"log_mass":7.8690775083},{"country_iso":"FRA","city_id":1967,"city":"Angoul\u00eame","pop_total":45381.0005631152,"mass_total":21874687.1401582658,"n_hex":15,"sample_h3":"87186b800ffffff","log_pop":4.656874067,"log_mass":7.3399418503},{"country_iso":"FRA","city_id":1969,"city":"Le Mans","pop_total":117198.1792175209,"mass_total":52175493.1316969618,"n_hex":19,"sample_h3":"871861068ffffff","log_pop":5.0689208646,"log_mass":7.7174665624},{"country_iso":"FRA","city_id":1976,"city":"Poitiers","pop_total":72798.9420272808,"mass_total":25424565.3325851373,"n_hex":16,"sample_h3":"871868c40ffffff","log_pop":4.8621250678,"log_mass":7.4052535368},{"country_iso":"FRA","city_id":1989,"city":"Tours","pop_total":169547.8317117871,"mass_total":62901830.9712161496,"n_hex":31,"sample_h3":"87186c0a2ffffff","log_pop":5.2292922401,"log_mass":7.7986632872},{"country_iso":"FRA","city_id":1998,"city":"Rouen","pop_total":240719.6606921341,"mass_total":88794751.7698743939,"n_hex":40,"sample_h3":"871865870ffffff","log_pop":5.3815115626,"log_mass":7.9483872975},{"country_iso":"FRA","city_id":2010,"city":"Limoges","pop_total":102427.5701008806,"mass_total":39198425.0661218315,"n_hex":18,"sample_h3":"871869d40ffffff","log_pop":5.01041687,"log_mass":7.5932686181},{"country_iso":"FRA","city_id":2017,"city":"Toulouse","pop_total":517505.4813048572,"mass_total":182097019.893905431,"n_hex":72,"sample_h3":"873960014ffffff","log_pop":5.7139149541,"log_mass":8.2603028384},{"country_iso":"FRA","city_id":2022,"city":"Chartres","pop_total":54040.2529054424,"mass_total":24260949.953126546,"n_hex":15,"sample_h3":"871fb6144ffffff","log_pop":4.7327173728,"log_mass":7.3849078019},{"country_iso":"FRA","city_id":2027,"city":"Boulogne-sur-Mer","pop_total":56706.0059863801,"mass_total":19717669.5473142527,"n_hex":12,"sample_h3":"8719482b4ffffff","log_pop":4.7536290594,"log_mass":7.2948555839},{"country_iso":"FRA","city_id":2035,"city":"Mantes-la-Jolie","pop_total":71314.8129926721,"mass_total":26266801.0684086159,"n_hex":16,"sample_h3":"871fb4428ffffff","log_pop":4.8531797477,"log_mass":7.419407185},{"country_iso":"FRA","city_id":2040,"city":"Calais","pop_total":59486.4276685355,"mass_total":25252986.4999412335,"n_hex":15,"sample_h3":"871948064ffffff","log_pop":4.7744178891,"log_mass":7.4023127466},{"country_iso":"FRA","city_id":2045,"city":"Orl\u00e9ans","pop_total":149289.4846175904,"mass_total":57606288.7514205053,"n_hex":27,"sample_h3":"871fb2914ffffff","log_pop":5.1740292188,"log_mass":7.760469897},{"country_iso":"FRA","city_id":2046,"city":"Paris","pop_total":7875434.7608314576,"mass_total":1646344643.5782291889,"n_hex":452,"sample_h3":"871fb0900ffffff","log_pop":6.8962745382,"log_mass":9.216520755},{"country_iso":"FRA","city_id":2054,"city":"Dunkirk","pop_total":107346.0766093362,"mass_total":64082879.7480155751,"n_hex":25,"sample_h3":"871948b00ffffff","log_pop":5.030786176,"log_mass":7.8067420198},{"country_iso":"FRA","city_id":2057,"city":"Amiens","pop_total":98683.8823141084,"mass_total":30280346.4604463503,"n_hex":18,"sample_h3":"871949620ffffff","log_pop":4.9942462267,"log_mass":7.4811608399},{"country_iso":"FRA","city_id":2061,"city":"Creil","pop_total":55866.5759045684,"mass_total":21156113.8924049065,"n_hex":13,"sample_h3":"871fb4305ffffff","log_pop":4.747152054,"log_mass":7.3254358963},{"country_iso":"FRA","city_id":2065,"city":"Melun","pop_total":65148.419415011,"mass_total":18971149.4922863394,"n_hex":13,"sample_h3":"871fb0882ffffff","log_pop":4.8139038836,"log_mass":7.2780936463},{"country_iso":"FRA","city_id":2069,"city":"Lens","pop_total":152617.6693507414,"mass_total":69557901.2983410805,"n_hex":38,"sample_h3":"871949800ffffff","log_pop":5.1836048171,"log_mass":7.84234647},{"country_iso":"FRA","city_id":2071,"city":"Lagny-sur-Marne","pop_total":43050.7743552077,"mass_total":13947350.0789122563,"n_hex":13,"sample_h3":"871fb0928ffffff","log_pop":4.6339809675,"log_mass":7.1444917018},{"country_iso":"FRA","city_id":2072,"city":"Arras","pop_total":46990.4509687419,"mass_total":17565492.8338085413,"n_hex":10,"sample_h3":"871949120ffffff","log_pop":4.672009613,"log_mass":7.2446603393},{"country_iso":"FRA","city_id":2079,"city":"Meaux","pop_total":44796.5695242468,"mass_total":13651821.5302635171,"n_hex":10,"sample_h3":"871fb5580ffffff","log_pop":4.6512447574,"log_mass":7.1351906021},{"country_iso":"FRA","city_id":2080,"city":"Lille","pop_total":719120.2695340419,"mass_total":225728049.5178314149,"n_hex":79,"sample_h3":"871949922ffffff","log_pop":5.8568015302,"log_mass":8.3535855289},{"country_iso":"FRA","city_id":2082,"city":"Douai","pop_total":55430.8353153766,"mass_total":25520084.9265684113,"n_hex":18,"sample_h3":"871949828ffffff","log_pop":4.7437514232,"log_mass":7.4068821153},{"country_iso":"FRA","city_id":2086,"city":"Perpignan","pop_total":93864.1626352062,"mass_total":36525357.7399320677,"n_hex":19,"sample_h3":"873963212ffffff","log_pop":4.9724998102,"log_mass":7.5625944782},{"country_iso":"FRA","city_id":2094,"city":"Clermont-Ferrand","pop_total":152796.4980179235,"mass_total":62681527.3642941266,"n_hex":26,"sample_h3":"871f96325ffffff","log_pop":5.1841134006,"log_mass":7.7971395704},{"country_iso":"FRA","city_id":2104,"city":"Valenciennes","pop_total":77866.5223201163,"mass_total":35310278.327373229,"n_hex":19,"sample_h3":"871fa6c20ffffff","log_pop":4.8913507786,"log_mass":7.5479011408},{"country_iso":"FRA","city_id":2106,"city":"B\u00e9ziers","pop_total":44776.9998065766,"mass_total":17388268.7920828909,"n_hex":11,"sample_h3":"87396161affffff","log_pop":4.6510549912,"log_mass":7.240256345},{"country_iso":"FRA","city_id":2127,"city":"Reims","pop_total":155707.0735265345,"mass_total":51666108.4642299563,"n_hex":23,"sample_h3":"871fb5200ffffff","log_pop":5.1923083423,"log_mass":7.7132057513},{"country_iso":"FRA","city_id":2130,"city":"Montpellier","pop_total":246716.0031211787,"mass_total":65807278.1573665515,"n_hex":29,"sample_h3":"8739612c9ffffff","log_pop":5.3921973207,"log_mass":7.8182739284},{"country_iso":"FRA","city_id":2131,"city":"Troyes","pop_total":89451.752190998,"mass_total":35584166.4028380588,"n_hex":23,"sample_h3":"871fb1401ffffff","log_pop":4.951588852,"log_mass":7.5512567965},{"country_iso":"FRA","city_id":2168,"city":"Saint-\u00c9tienne","pop_total":133439.4918997521,"mass_total":45236588.9613349289,"n_hex":18,"sample_h3":"871f90601ffffff","log_pop":5.1252843796,"log_mass":7.6554898498},{"country_iso":"FRA","city_id":2172,"city":"Nimes","pop_total":97017.0113892936,"mass_total":32914709.3666645624,"n_hex":17,"sample_h3":"87396c082ffffff","log_pop":4.986847892,"log_mass":7.5173900247},{"country_iso":"FRA","city_id":2186,"city":"Lyon","pop_total":928729.9784522897,"mass_total":239465718.5261069834,"n_hex":83,"sample_h3":"871f90200ffffff","log_pop":5.9678894644,"log_mass":8.3792433494},{"country_iso":"FRA","city_id":2195,"city":"Avignon","pop_total":73884.685561578,"mass_total":29089542.1490127668,"n_hex":18,"sample_h3":"87396c2a4ffffff","log_pop":4.8685544294,"log_mass":7.4637368858},{"country_iso":"FRA","city_id":2197,"city":"Dijon","pop_total":167746.3799149438,"mass_total":60724247.2523162737,"n_hex":26,"sample_h3":"871f86489ffffff","log_pop":5.2246531566,"log_mass":7.7833621399},{"country_iso":"FRA","city_id":2198,"city":"Valence","pop_total":68662.1833143608,"mass_total":31516095.1316621043,"n_hex":17,"sample_h3":"871f930a0ffffff","log_pop":4.836717609,"log_mass":7.4985324027},{"country_iso":"FRA","city_id":2221,"city":"Vitrolles","pop_total":59020.4891407784,"mass_total":30645627.8302168474,"n_hex":17,"sample_h3":"873968120ffffff","log_pop":4.7710028045,"log_mass":7.4863685231},{"country_iso":"FRA","city_id":2228,"city":"Marseille","pop_total":772867.0914088562,"mass_total":187824018.8670035303,"n_hex":73,"sample_h3":"873968000ffffff","log_pop":5.8881048155,"log_mass":8.2737511289},{"country_iso":"FRA","city_id":2234,"city":"Aix-en-Provence","pop_total":63008.2593318906,"mass_total":16670217.7727089413,"n_hex":12,"sample_h3":"873968858ffffff","log_pop":4.7993974819,"log_mass":7.2219412733},{"country_iso":"FRA","city_id":2246,"city":"Grenoble","pop_total":269137.4749475451,"mass_total":68700767.7079051435,"n_hex":31,"sample_h3":"871f93340ffffff","log_pop":5.4299741735,"log_mass":7.8369615902},{"country_iso":"FRA","city_id":2256,"city":"Thionville","pop_total":58842.571602682,"mass_total":34309654.6540730447,"n_hex":20,"sample_h3":"871fa3410ffffff","log_pop":4.7696916445,"log_mass":7.5354163467},{"country_iso":"FRA","city_id":2258,"city":"Besan\u00e7on","pop_total":76975.7135571489,"mass_total":26432922.4361408912,"n_hex":15,"sample_h3":"871f82880ffffff","log_pop":4.8863537235,"log_mass":7.4221451816},{"country_iso":"FRA","city_id":2263,"city":"Metz","pop_total":116556.5139125995,"mass_total":43001573.5388907865,"n_hex":21,"sample_h3":"871f84848ffffff","log_pop":5.0665365496,"log_mass":7.6334843478},{"country_iso":"FRA","city_id":2264,"city":"Chamb\u00e9ry","pop_total":58886.7115081114,"mass_total":20408459.7243939415,"n_hex":13,"sample_h3":"871f9160affffff","log_pop":4.7700173021,"log_mass":7.3098102287},{"country_iso":"FRA","city_id":2265,"city":"Toulon","pop_total":305250.4090901811,"mass_total":123217162.1253369451,"n_hex":60,"sample_h3":"873968200ffffff","log_pop":5.4846562546,"log_mass":8.0906712021},{"country_iso":"FRA","city_id":2268,"city":"Nancy","pop_total":166210.1899875762,"mass_total":50621178.8249097541,"n_hex":22,"sample_h3":"871f84053ffffff","log_pop":5.2206576459,"log_mass":7.7043322544},{"country_iso":"FRA","city_id":2280,"city":"Annecy","pop_total":80248.222753442,"mass_total":24521491.542418424,"n_hex":14,"sample_h3":"871f91210ffffff","log_pop":4.9044354229,"log_mass":7.389546883},{"country_iso":"FRA","city_id":2331,"city":"Montb\u00e9liard","pop_total":43619.5421742168,"mass_total":22285592.815640498,"n_hex":15,"sample_h3":"871f80792ffffff","log_pop":4.639681103,"log_mass":7.3480241912},{"country_iso":"FRA","city_id":2334,"city":"Belfort","pop_total":45453.8978148479,"mass_total":14596670.1145641487,"n_hex":11,"sample_h3":"871f8044bffffff","log_pop":4.6575711313,"log_mass":7.1642537931},{"country_iso":"FRA","city_id":2367,"city":"Mulhouse","pop_total":148214.0147608386,"mass_total":54348614.8827651143,"n_hex":31,"sample_h3":"871f80280ffffff","log_pop":5.1708892714,"log_mass":7.7351884802},{"country_iso":"FRA","city_id":2368,"city":"Nice","pop_total":584159.7344810934,"mass_total":173084806.8970491886,"n_hex":83,"sample_h3":"873969141ffffff","log_pop":5.7665316182,"log_mass":8.2382589479},{"country_iso":"FRA","city_id":2372,"city":"Colmar","pop_total":52669.9656360963,"mass_total":22405953.16852808,"n_hex":11,"sample_h3":"871f80304ffffff","log_pop":4.721563035,"log_mass":7.3503634239},{"country_iso":"FRA","city_id":2394,"city":"Strasbourg","pop_total":326903.9209665995,"mass_total":108690093.7264064401,"n_hex":49,"sample_h3":"871f85600ffffff","log_pop":5.5144201296,"log_mass":8.0361899633},{"country_iso":"FRA","city_id":2406,"city":"Monaco","pop_total":46607.8588399149,"mass_total":7183333.8081143275,"n_hex":7,"sample_h3":"873969a40ffffff","log_pop":4.6684591519,"log_mass":6.8563260485},{"country_iso":"FRA","city_id":2563,"city":"Ajaccio","pop_total":35216.2610650998,"mass_total":9380717.88620588,"n_hex":12,"sample_h3":"871eb216dffffff","log_pop":4.5467432447,"log_mass":6.9722360753},{"country_iso":"FRA","city_id":5930,"city":"Le Port","pop_total":18592.847975844,"mass_total":9094711.0719937477,"n_hex":12,"sample_h3":"87a2542c0ffffff","log_pop":4.2693459183,"log_mass":6.9587889066},{"country_iso":"FRA","city_id":5933,"city":"Le Tampon","pop_total":3.143703715,"mass_total":1985.8073857299,"n_hex":2,"sample_h3":"87a2508e8ffffff","log_pop":0.4974416083,"log_mass":3.2979371216},{"country_iso":"FRA","city_id":5934,"city":"Saint-Denis","pop_total":21167.2837204615,"mass_total":10883103.5084324405,"n_hex":10,"sample_h3":"87a255580ffffff","log_pop":4.325665131,"log_mass":7.0367527597},{"country_iso":"FRA","city_id":5938,"city":"Saint-Andr\u00e9","pop_total":8687.1201961732,"mass_total":4068822.577189411,"n_hex":10,"sample_h3":"87a255410ffffff","log_pop":3.9388758305,"log_mass":6.6094687527}]