[{"country_iso":"MAR","city_id":1530,"city":"Tan-Tan","pop_total":215.385595195,"mass_total":18375.4412473513,"n_hex":2,"sample_h3":"873992adcffffff","log_pop":2.3332166547,"log_mass":4.2642377765},{"country_iso":"MAR","city_id":1542,"city":"Tiznit","pop_total":57.0554485321,"mass_total":25018.9751390758,"n_hex":2,"sample_h3":"873991059ffffff","log_pop":1.7562971239,"log_mass":4.3982695156},{"country_iso":"MAR","city_id":1543,"city":"Essaouira","pop_total":22305.0500603657,"mass_total":4031055.8451165492,"n_hex":5,"sample_h3":"873980580ffffff","log_pop":4.3484032023,"log_mass":6.6054188148},{"country_iso":"MAR","city_id":1544,"city":"Agadir","pop_total":564602.0190480774,"mass_total":63167874.3472568616,"n_hex":39,"sample_h3":"87398244affffff","log_pop":5.7517424269,"log_mass":7.8004962628},{"country_iso":"MAR","city_id":1546,"city":"Ouled-Teima","pop_total":21255.435599443,"mass_total":2395077.1258589211,"n_hex":4,"sample_h3":"873982658ffffff","log_pop":4.3274700096,"log_mass":6.3793195031},{"country_iso":"MAR","city_id":1547,"city":"Safi","pop_total":161732.240411045,"mass_total":13652932.521897383,"n_hex":17,"sample_h3":"873980848ffffff","log_pop":5.2087966027,"log_mass":7.1352259438},{"country_iso":"MAR","city_id":1550,"city":"Taroudant","pop_total":21093.5854862924,"mass_total":3312367.3148436123,"n_hex":4,"sample_h3":"87399c82dffffff","log_pop":4.3241504074,"log_mass":6.5201384905},{"country_iso":"MAR","city_id":1557,"city":"Youssoufia \u2d4d\u2d49\u2d61\u2d59\u2d53\u2d3c\u2d49\u2d62\u2d30 \u0627\u0644\u064a\u0648\u0633\u0641\u064a\u0629","pop_total":23923.1736064518,"mass_total":2689440.7933262517,"n_hex":6,"sample_h3":"873981c00ffffff","log_pop":4.3788187919,"log_mass":6.429661988},{"country_iso":"MAR","city_id":1558,"city":"El Jadida","pop_total":126445.380235758,"mass_total":13558866.6778790448,"n_hex":14,"sample_h3":"873985ac0ffffff","log_pop":5.1019029667,"log_mass":7.1322233904},{"country_iso":"MAR","city_id":1560,"city":"Sidi Bennour","pop_total":21588.7313393424,"mass_total":1739161.0073216897,"n_hex":5,"sample_h3":"873981910ffffff","log_pop":4.3342271218,"log_mass":6.2403397898},{"country_iso":"MAR","city_id":1564,"city":"Azemmour","pop_total":29299.8388275539,"mass_total":2394766.4542873208,"n_hex":4,"sample_h3":"8739aad80ffffff","log_pop":4.4668652314,"log_mass":6.379263166},{"country_iso":"MAR","city_id":1570,"city":"Marrakesh","pop_total":625560.5414745678,"mass_total":36892276.8320334554,"n_hex":30,"sample_h3":"8739816b0ffffff","log_pop":5.7962693469,"log_mass":7.5669354588},{"country_iso":"MAR","city_id":1571,"city":"Ben Guerir","pop_total":38171.1328819579,"mass_total":3423062.1257395502,"n_hex":6,"sample_h3":"87398100cffffff","log_pop":4.5817350496,"log_mass":6.5344147813},{"country_iso":"MAR","city_id":1574,"city":"Dar Bouazza","pop_total":18988.8529914725,"mass_total":4001641.6224908209,"n_hex":12,"sample_h3":"8739aa124ffffff","log_pop":4.2784987323,"log_mass":6.6022381917},{"country_iso":"MAR","city_id":1575,"city":"Casablanca","pop_total":2522756.1566745085,"mass_total":184038254.1157963872,"n_hex":97,"sample_h3":"8739aa144ffffff","log_pop":6.4018752747,"log_mass":8.2649081047},{"country_iso":"MAR","city_id":1577,"city":"Settat","pop_total":70830.0250138919,"mass_total":7322908.7637157561,"n_hex":10,"sample_h3":"8739aa702ffffff","log_pop":4.8502173952,"log_mass":6.8646836233},{"country_iso":"MAR","city_id":1579,"city":"Berrechid","pop_total":79440.8613240887,"mass_total":5781974.1396200415,"n_hex":7,"sample_h3":"8739aa00affffff","log_pop":4.9000439443,"log_mass":6.7620761449},{"country_iso":"MAR","city_id":1581,"city":"Deroua","pop_total":17447.6827294499,"mass_total":3368971.7021350712,"n_hex":8,"sample_h3":"8739aa060ffffff","log_pop":4.2417377554,"log_mass":6.5274973631},{"country_iso":"MAR","city_id":1582,"city":"El Kelaa des Sraghna","pop_total":45046.9695030353,"mass_total":3906054.2127801846,"n_hex":7,"sample_h3":"8739812c0ffffff","log_pop":4.6536655795,"log_mass":6.5917382666},{"country_iso":"MAR","city_id":1592,"city":"Ouarzazate","pop_total":30.8610142871,"mass_total":16522.7812991019,"n_hex":2,"sample_h3":"87398e6a8ffffff","log_pop":1.4894101956,"log_mass":4.2180831544},{"country_iso":"MAR","city_id":1594,"city":"Khouribga","pop_total":112424.8163411038,"mass_total":8369013.5080923587,"n_hex":9,"sample_h3":"87398c801ffffff","log_pop":5.0508621868,"log_mass":6.9226742688},{"country_iso":"MAR","city_id":1595,"city":"Rabat","pop_total":1069931.2658401292,"mass_total":77491890.3456653655,"n_hex":61,"sample_h3":"8739a8648ffffff","log_pop":6.0293558788,"log_mass":7.8892562552},{"country_iso":"MAR","city_id":1597,"city":"Ain El Aouda","pop_total":19110.0859977189,"mass_total":1742752.458336168,"n_hex":4,"sample_h3":"8739abd41ffffff","log_pop":4.2812626414,"log_mass":6.241235704},{"country_iso":"MAR","city_id":1598,"city":"Souk Sebt Oulad Nemma","pop_total":15509.6411928401,"mass_total":1194099.1812685328,"n_hex":5,"sample_h3":"87398c0d2ffffff","log_pop":4.1906017508,"log_mass":6.0770404006},{"country_iso":"MAR","city_id":1600,"city":"Fkih Ben Salah","pop_total":63387.7857492727,"mass_total":5197524.0239154492,"n_hex":7,"sample_h3":"87398c008ffffff","log_pop":4.8020055813,"log_mass":6.7157965054},{"country_iso":"MAR","city_id":1604,"city":"Kenitra","pop_total":204545.0353077898,"mass_total":23802364.4304296598,"n_hex":26,"sample_h3":"8739a82c0ffffff","log_pop":5.3107889428,"log_mass":7.3766201003},{"country_iso":"MAR","city_id":1605,"city":"Oued Zem","pop_total":49355.0054074166,"mass_total":3353955.3000810361,"n_hex":5,"sample_h3":"87398ca30ffffff","log_pop":4.6933312038,"log_mass":6.5255572702},{"country_iso":"MAR","city_id":1608,"city":"Beni Mellal","pop_total":79981.8495174034,"mass_total":7493905.4979632152,"n_hex":9,"sample_h3":"87398c284ffffff","log_pop":4.9029914426,"log_mass":6.8747082121},{"country_iso":"MAR","city_id":1609,"city":"Bejaad","pop_total":22184.6440037007,"mass_total":1742716.9156958018,"n_hex":4,"sample_h3":"87398cae0ffffff","log_pop":4.346052464,"log_mass":6.2412268467},{"country_iso":"MAR","city_id":1612,"city":"Kasba Tadla","pop_total":20157.5994820987,"mass_total":2547889.9072961556,"n_hex":5,"sample_h3":"87398c346ffffff","log_pop":4.3044388118,"log_mass":6.4061806585},{"country_iso":"MAR","city_id":1613,"city":"Tiflet","pop_total":30632.3364072005,"mass_total":1725384.5025260616,"n_hex":4,"sample_h3":"8739abb86ffffff","log_pop":4.4861801228,"log_mass":6.2368858929},{"country_iso":"MAR","city_id":1616,"city":"Sidi Yahya du Gharb","pop_total":11240.9636870216,"mass_total":1140610.0045887986,"n_hex":1,"sample_h3":"8739a9402ffffff","log_pop":4.0508035449,"log_mass":6.0571371766},{"country_iso":"MAR","city_id":1621,"city":"Larache","pop_total":48725.1496867049,"mass_total":5058718.8287502173,"n_hex":7,"sample_h3":"8739a9942ffffff","log_pop":4.687753182,"log_mass":6.7040405413},{"country_iso":"MAR","city_id":1623,"city":"Khemisset","pop_total":68792.6126858104,"mass_total":4007852.8001021347,"n_hex":5,"sample_h3":"8739aba8dffffff","log_pop":4.8375418039,"log_mass":6.6029117624},{"country_iso":"MAR","city_id":1629,"city":"Souk El Arba Du Gharb","pop_total":20503.697387916,"mass_total":1780608.1128048301,"n_hex":6,"sample_h3":"8739a9000ffffff","log_pop":4.3118321835,"log_mass":6.2505683478},{"country_iso":"MAR","city_id":1630,"city":"Zagora","pop_total":14415.3038437525,"mass_total":3258816.3781726086,"n_hex":7,"sample_h3":"87398a291ffffff","log_pop":4.1588238008,"log_mass":6.5130598903},{"country_iso":"MAR","city_id":1631,"city":"Sidi Slimane","pop_total":51936.2124320984,"mass_total":3846746.8660270837,"n_hex":7,"sample_h3":"8739a9781ffffff","log_pop":4.7154702745,"log_mass":6.5850936086},{"country_iso":"MAR","city_id":1634,"city":"Ksar el-Kebir","pop_total":61660.1071029719,"mass_total":3577775.4432502929,"n_hex":7,"sample_h3":"8739a9b80ffffff","log_pop":4.7900042748,"log_mass":6.5536130789},{"country_iso":"MAR","city_id":1635,"city":"Tangier","pop_total":579043.9406356862,"mass_total":38178420.4742515087,"n_hex":35,"sample_h3":"87391a180ffffff","log_pop":5.7627115213,"log_mass":7.5818179567},{"country_iso":"MAR","city_id":1640,"city":"Sidi Kacem","pop_total":29377.9360403613,"mass_total":3674300.7860480039,"n_hex":7,"sample_h3":"8739a960affffff","log_pop":4.468021281,"log_mass":6.5651747057},{"country_iso":"MAR","city_id":1641,"city":"Khenifra","pop_total":83.7246627808,"mass_total":7656.4654367536,"n_hex":1,"sample_h3":"87398d122ffffff","log_pop":1.922853407,"log_mass":3.8840283263},{"country_iso":"MAR","city_id":1643,"city":"Meknes","pop_total":287959.992679322,"mass_total":24726811.7834797055,"n_hex":25,"sample_h3":"873836c00ffffff","log_pop":5.4593321539,"log_mass":7.3931681231},{"country_iso":"MAR","city_id":1645,"city":"Ouazzane","pop_total":13446.8076224832,"mass_total":1169235.6097832436,"n_hex":3,"sample_h3":"8739a9328ffffff","log_pop":4.1286191917,"log_mass":6.0679020336},{"country_iso":"MAR","city_id":1652,"city":"T\u00e9touan","pop_total":183539.8009324382,"mass_total":13375472.0776166581,"n_hex":16,"sample_h3":"87391a0dbffffff","log_pop":5.2637302563,"log_mass":7.1263091191},{"country_iso":"MAR","city_id":1657,"city":"Martil","pop_total":19599.1154968374,"mass_total":5289179.2652064972,"n_hex":10,"sample_h3":"87391a380ffffff","log_pop":4.2922364722,"log_mass":6.7233882867},{"country_iso":"MAR","city_id":1660,"city":"Chefchaouen","pop_total":5926.4905778773,"mass_total":607586.0700985163,"n_hex":4,"sample_h3":"873834d29ffffff","log_pop":3.7727975983,"log_mass":5.7836078084},{"country_iso":"MAR","city_id":1661,"city":"Ain Taoujdate","pop_total":8031.6937320896,"mass_total":1186120.9682051996,"n_hex":4,"sample_h3":"873836103ffffff","log_pop":3.9048071394,"log_mass":6.0741289834},{"country_iso":"MAR","city_id":1664,"city":"Fez","pop_total":577470.2307235682,"mass_total":39809921.4857170656,"n_hex":34,"sample_h3":"873836064ffffff","log_pop":5.7615296007,"log_mass":7.5999913211},{"country_iso":"MAR","city_id":1668,"city":"Sefrou","pop_total":7318.2533784922,"mass_total":1381380.0549023661,"n_hex":5,"sample_h3":"8738363a0ffffff","log_pop":3.8644074419,"log_mass":6.1403131811},{"country_iso":"MAR","city_id":1690,"city":"Taza","pop_total":68792.691957528,"mass_total":7347460.1874162666,"n_hex":8,"sample_h3":"873830100ffffff","log_pop":4.8375423044,"log_mass":6.8661372415},{"country_iso":"MAR","city_id":1694,"city":"Al Hoceima","pop_total":25939.9392281327,"mass_total":3911567.5724898567,"n_hex":6,"sample_h3":"873835c00ffffff","log_pop":4.4139689543,"log_mass":6.5923508371},{"country_iso":"MAR","city_id":1714,"city":"Guercif","pop_total":41904.7899478894,"mass_total":5608484.0671514291,"n_hex":8,"sample_h3":"873830344ffffff","log_pop":4.6222636681,"log_mass":6.7488454904},{"country_iso":"MAR","city_id":1733,"city":"Nador","pop_total":121325.4031017028,"mass_total":16722652.2996388972,"n_hex":18,"sample_h3":"873835201ffffff","log_pop":5.0839517429,"log_mass":7.2233051599},{"country_iso":"MAR","city_id":1734,"city":"Melilla","pop_total":88040.2046303637,"mass_total":12428153.688713057,"n_hex":12,"sample_h3":"873835344ffffff","log_pop":4.9446810433,"log_mass":7.0944066152},{"country_iso":"MAR","city_id":1735,"city":"Taourirt","pop_total":54163.4900336958,"mass_total":4487640.1487034922,"n_hex":7,"sample_h3":"873831c40ffffff","log_pop":4.7337066404,"log_mass":6.6520180248},{"country_iso":"MAR","city_id":1765,"city":"Berkane","pop_total":76878.4222634661,"mass_total":6690419.1740762852,"n_hex":10,"sample_h3":"8738224c0ffffff","log_pop":4.8858044619,"log_mass":6.8254533284},{"country_iso":"MAR","city_id":1787,"city":"Oujda","pop_total":354829.7038063762,"mass_total":35704384.6633272097,"n_hex":21,"sample_h3":"873804c24ffffff","log_pop":5.5500199687,"log_mass":7.5527215528}]