[{"country_iso":"JOR","city_id":4388,"city":"Aqaba","pop_total":18815.5783164473,"mass_total":9347239.0220339503,"n_hex":11,"sample_h3":"873e68880ffffff","log_pop":4.2745175714,"log_mass":6.9706833484},{"country_iso":"JOR","city_id":4393,"city":"Irbid","pop_total":206623.180138242,"mass_total":37527828.1735466644,"n_hex":38,"sample_h3":"872db1490ffffff","log_pop":5.3151790415,"log_mass":7.5743534315},{"country_iso":"JOR","city_id":4399,"city":"Al Salt","pop_total":13768.6036414932,"mass_total":4345949.1082327683,"n_hex":9,"sample_h3":"872db06daffffff","log_pop":4.138889898,"log_mass":6.6380846364},{"country_iso":"JOR","city_id":4408,"city":"Amman","pop_total":1830240.4207044172,"mass_total":283209492.8444790244,"n_hex":128,"sample_h3":"872db3102ffffff","log_pop":6.2625081425,"log_mass":8.4521078063},{"country_iso":"JOR","city_id":4411,"city":"Jerash","pop_total":9598.7345557755,"mass_total":2689288.7564753094,"n_hex":8,"sample_h3":"872db3810ffffff","log_pop":3.9822139818,"log_mass":6.4296374361},{"country_iso":"JOR","city_id":4413,"city":"Madaba","pop_total":31824.7963161955,"mass_total":5734310.1579048019,"n_hex":8,"sample_h3":"872db2365ffffff","log_pop":4.5027656328,"log_mass":6.7584811794},{"country_iso":"JOR","city_id":4414,"city":"Ar Ramtha","pop_total":15313.6930600877,"mass_total":5564140.8849082813,"n_hex":8,"sample_h3":"872db149affffff","log_pop":4.1850799381,"log_mass":6.7453981179},{"country_iso":"JOR","city_id":4442,"city":"Al Mafraq","pop_total":11987.9620625178,"mass_total":3205201.4781913855,"n_hex":8,"sample_h3":"872db3160ffffff","log_pop":4.0787453599,"log_mass":6.5058553344},{"country_iso":"JOR","city_id":4450,"city":"Wadi Khaw","pop_total":15206.4661006142,"mass_total":2464026.3407225311,"n_hex":4,"sample_h3":"872db3036ffffff","log_pop":4.1820282981,"log_mass":6.3916453462}]