[{"country_iso":"ZMB","city_id":3499,"city":"Mongu","pop_total":1103.2962289997,"mass_total":338900.8515073346,"n_hex":8,"sample_h3":"879675992ffffff","log_pop":3.0426921338,"log_mass":5.53007266},{"country_iso":"ZMB","city_id":3509,"city":"Zambezi","pop_total":16.9694658518,"mass_total":43228.5652608969,"n_hex":3,"sample_h3":"87967028bffffff","log_pop":1.2296681722,"log_mass":4.6357708217},{"country_iso":"ZMB","city_id":3513,"city":"Lukulu","pop_total":11.7071752548,"mass_total":34028.2233824223,"n_hex":2,"sample_h3":"879670b22ffffff","log_pop":1.0684521197,"log_mass":4.5318392751},{"country_iso":"ZMB","city_id":3573,"city":"Mwinilunga","pop_total":148.9014433288,"mass_total":643360.3058678252,"n_hex":4,"sample_h3":"879609218ffffff","log_pop":2.1728989075,"log_mass":5.8084542622},{"country_iso":"ZMB","city_id":3582,"city":"Kaoma","pop_total":118.2421237085,"mass_total":130593.0683264849,"n_hex":3,"sample_h3":"87962921bffffff","log_pop":2.0727722213,"log_mass":5.1159201259},{"country_iso":"ZMB","city_id":3622,"city":"Livingstone","pop_total":16200.7855080848,"mass_total":3722162.0184997753,"n_hex":13,"sample_h3":"879751440ffffff","log_pop":4.2095360722,"log_mass":6.5707952732},{"country_iso":"ZMB","city_id":3637,"city":"Itezhi-Tezhi","pop_total":9.5860676765,"mass_total":25584.6310717212,"n_hex":1,"sample_h3":"87962d4e8ffffff","log_pop":0.9816404907,"log_mass":4.4079791589},{"country_iso":"ZMB","city_id":3653,"city":"Kalomo","pop_total":1501.1471755327,"mass_total":763169.319493235,"n_hex":3,"sample_h3":"879753094ffffff","log_pop":3.1764232734,"log_mass":5.8826209028},{"country_iso":"ZMB","city_id":3676,"city":"Solwezi","pop_total":13963.0816133078,"mass_total":10277854.3987111282,"n_hex":14,"sample_h3":"879608c08ffffff","log_pop":4.1449812765,"log_mass":7.011902461},{"country_iso":"ZMB","city_id":3696,"city":"Choma","pop_total":16363.8445380155,"mass_total":3652217.4865415604,"n_hex":7,"sample_h3":"87962c944ffffff","log_pop":4.2138853449,"log_mass":6.5625566315},{"country_iso":"ZMB","city_id":3717,"city":"Mumbwa","pop_total":650.4678942578,"mass_total":281718.382148677,"n_hex":5,"sample_h3":"87962e24effffff","log_pop":2.8132258656,"log_mass":5.4498151857},{"country_iso":"ZMB","city_id":3736,"city":"Monze","pop_total":5867.5478544572,"mass_total":1118997.9259625084,"n_hex":5,"sample_h3":"87962cc13ffffff","log_pop":3.7684566403,"log_mass":6.0488292816},{"country_iso":"ZMB","city_id":3759,"city":"Mazabuka","pop_total":4405.9574866164,"mass_total":1495474.8440081135,"n_hex":7,"sample_h3":"8796212daffffff","log_pop":3.6440403023,"log_mass":6.174779112},{"country_iso":"ZMB","city_id":3785,"city":"Chililabombwe","pop_total":13501.9124255031,"mass_total":4899108.3333787713,"n_hex":8,"sample_h3":"87960ed12ffffff","log_pop":4.1303952868,"log_mass":6.6901170431},{"country_iso":"ZMB","city_id":3786,"city":"Chingola","pop_total":89084.9886896003,"mass_total":28970133.1861716583,"n_hex":17,"sample_h3":"879601680ffffff","log_pop":4.9498045292,"log_mass":7.4619504918},{"country_iso":"ZMB","city_id":3792,"city":"Kafue","pop_total":8841.5774182451,"mass_total":3998401.4316628529,"n_hex":8,"sample_h3":"879621611ffffff","log_pop":3.946529754,"log_mass":6.6018863943},{"country_iso":"ZMB","city_id":3798,"city":"Lusaka","pop_total":1229534.9577874632,"mass_total":138419186.4299534559,"n_hex":67,"sample_h3":"879623365ffffff","log_pop":6.089740881,"log_mass":8.1411962923},{"country_iso":"ZMB","city_id":3811,"city":"Kitwe","pop_total":189603.1614984793,"mass_total":43418851.6288272142,"n_hex":31,"sample_h3":"879601402ffffff","log_pop":5.2778455746,"log_mass":7.6376783328},{"country_iso":"ZMB","city_id":3818,"city":"Mufulira","pop_total":36689.5975571539,"mass_total":13630587.0971153937,"n_hex":13,"sample_h3":"879603849ffffff","log_pop":4.5645429481,"log_mass":7.1345145622},{"country_iso":"ZMB","city_id":3822,"city":"Kabwe","pop_total":51190.7629670106,"mass_total":15439170.6225589719,"n_hex":15,"sample_h3":"879605104ffffff","log_pop":4.7091916025,"log_mass":7.1886239667},{"country_iso":"ZMB","city_id":3836,"city":"Luanshya","pop_total":16883.6635093053,"mass_total":6797016.8409489924,"n_hex":9,"sample_h3":"879600260ffffff","log_pop":4.2274666881,"log_mass":6.832318346},{"country_iso":"ZMB","city_id":3859,"city":"Ndola","pop_total":155100.1180028018,"mass_total":36667376.3867126554,"n_hex":27,"sample_h3":"879600210ffffff","log_pop":5.1906121282,"log_mass":7.5642798366},{"country_iso":"ZMB","city_id":3860,"city":"Kapiri Mposhi","pop_total":10059.9865504349,"mass_total":4240661.1783265313,"n_hex":9,"sample_h3":"879605401ffffff","log_pop":4.0025974001,"log_mass":6.6274335744},{"country_iso":"ZMB","city_id":3938,"city":"Nchelenge","pop_total":462.9305317028,"mass_total":175628.2568081784,"n_hex":5,"sample_h3":"87961aa5effffff","log_pop":2.6655158248,"log_mass":5.2445943908},{"country_iso":"ZMB","city_id":3953,"city":"Mansa","pop_total":12363.5644684876,"mass_total":6789256.9516345588,"n_hex":11,"sample_h3":"87961c048ffffff","log_pop":4.0921436978,"log_mass":6.8318222456},{"country_iso":"ZMB","city_id":4017,"city":"Mkushi","pop_total":1535.6524674098,"mass_total":1096303.6852687849,"n_hex":3,"sample_h3":"879600d66ffffff","log_pop":3.1862929419,"log_mass":6.039930874},{"country_iso":"ZMB","city_id":4060,"city":"Samfya","pop_total":381.914626488,"mass_total":379843.8194086032,"n_hex":4,"sample_h3":"87961cc00ffffff","log_pop":2.5819662912,"log_mass":5.5796050642},{"country_iso":"ZMB","city_id":4131,"city":"Luwingu","pop_total":222.2293956656,"mass_total":448751.8497740792,"n_hex":4,"sample_h3":"87961e1a1ffffff","log_pop":2.3468015052,"log_mass":5.6520062518},{"country_iso":"ZMB","city_id":4144,"city":"Serenje","pop_total":486.9700213507,"mass_total":738442.2096015869,"n_hex":3,"sample_h3":"879606018ffffff","log_pop":2.6875022262,"log_mass":5.8683165131},{"country_iso":"ZMB","city_id":4269,"city":"Kasama","pop_total":11585.0982106686,"mass_total":4460006.4666126659,"n_hex":12,"sample_h3":"879613182ffffff","log_pop":4.0638997198,"log_mass":6.6493354884},{"country_iso":"ZMB","city_id":4270,"city":"Mpulungu","pop_total":1285.6109805752,"mass_total":1028739.822561586,"n_hex":3,"sample_h3":"8796a8909ffffff","log_pop":3.1091095731,"log_mass":6.0123055517},{"country_iso":"ZMB","city_id":4290,"city":"Mbala","pop_total":2811.4802374625,"mass_total":1006786.5225332375,"n_hex":4,"sample_h3":"8796ac645ffffff","log_pop":3.4489350351,"log_mass":6.0029373932},{"country_iso":"ZMB","city_id":4293,"city":"Sinda","pop_total":779.1772149553,"mass_total":127832.2899252336,"n_hex":2,"sample_h3":"879630382ffffff","log_pop":2.8916362442,"log_mass":5.1066405687},{"country_iso":"ZMB","city_id":4323,"city":"Katete","pop_total":3195.9766074985,"mass_total":615929.9538679657,"n_hex":2,"sample_h3":"879630702ffffff","log_pop":3.5046035919,"log_mass":5.7895313252},{"country_iso":"ZMB","city_id":4356,"city":"Chinsali","pop_total":3000.7592554069,"mass_total":1439163.3522292699,"n_hex":5,"sample_h3":"879612165ffffff","log_pop":3.4772311543,"log_mass":6.1581100913},{"country_iso":"ZMB","city_id":4367,"city":"Chadiza","pop_total":150.0569620862,"mass_total":97262.8452786305,"n_hex":3,"sample_h3":"879630410ffffff","log_pop":2.1762561499,"log_mass":4.9879469701},{"country_iso":"ZMB","city_id":4386,"city":"Chipata","pop_total":27488.2699406007,"mass_total":4687956.1232534125,"n_hex":12,"sample_h3":"8796328c0ffffff","log_pop":4.439147407,"log_mass":6.6709835383},{"country_iso":"ZMB","city_id":4406,"city":"Isoka","pop_total":995.9913182277,"mass_total":181369.6179234797,"n_hex":2,"sample_h3":"879612511ffffff","log_pop":2.9982555528,"log_mass":5.2585645381},{"country_iso":"ZMB","city_id":4432,"city":"Tunduma","pop_total":50198.8046388888,"mass_total":7834485.4373768857,"n_hex":11,"sample_h3":"8796a1001ffffff","log_pop":4.7006933756,"log_mass":6.8940104776},{"country_iso":"ZMB","city_id":4453,"city":"Lundazi","pop_total":3558.107784907,"mass_total":1172485.0376100454,"n_hex":5,"sample_h3":"8797890e1ffffff","log_pop":3.5512190999,"log_mass":6.0691073093}]