[{"country_iso":"SLV","city_id":305,"city":"Ahuachapan","pop_total":21731.0680986068,"mass_total":3335972.8227462173,"n_hex":8,"sample_h3":"876d74192ffffff","log_pop":4.3370810728,"log_mass":6.5232225039},{"country_iso":"SLV","city_id":308,"city":"Sonsonate","pop_total":37246.5887858597,"mass_total":5646025.6585199796,"n_hex":12,"sample_h3":"876d740c0ffffff","log_pop":4.5710865042,"log_mass":6.7517428475},{"country_iso":"SLV","city_id":310,"city":"Chalchuapa","pop_total":15864.2341111464,"mass_total":2514063.9725957322,"n_hex":6,"sample_h3":"876d74118ffffff","log_pop":4.2004191102,"log_mass":6.4003763245},{"country_iso":"SLV","city_id":311,"city":"Santa Ana","pop_total":51826.1377131742,"mass_total":9403788.0999286901,"n_hex":13,"sample_h3":"876d74108ffffff","log_pop":4.7145488447,"log_mass":6.9733028344},{"country_iso":"SLV","city_id":316,"city":"Lourdes","pop_total":54124.2714740267,"mass_total":9157342.4648899566,"n_hex":23,"sample_h3":"876d74320ffffff","log_pop":4.7333920637,"log_mass":6.9617694562},{"country_iso":"SLV","city_id":321,"city":"San Salvador","pop_total":706600.9682055493,"mass_total":99306515.2625997663,"n_hex":86,"sample_h3":"876d74360ffffff","log_pop":5.8491742282,"log_mass":7.9969777425},{"country_iso":"SLV","city_id":326,"city":"San Juan Nonualco [Zacatecoluca]","pop_total":6625.0115904266,"mass_total":2413346.3133162791,"n_hex":6,"sample_h3":"876d75892ffffff","log_pop":3.8211866424,"log_mass":6.3826196473},{"country_iso":"SLV","city_id":334,"city":"Usulut\u00e1n","pop_total":15331.7176994623,"mass_total":3180729.8227646998,"n_hex":8,"sample_h3":"876d75b0affffff","log_pop":4.1855908141,"log_mass":6.5025267809},{"country_iso":"SLV","city_id":338,"city":"San Miguel","pop_total":53269.5417924769,"mass_total":11323890.9993319791,"n_hex":12,"sample_h3":"876d66450ffffff","log_pop":4.7264789611,"log_mass":7.0539956803}]