[{"country_iso":"LVA","city_id":3162,"city":"Liepaja","pop_total":37585.1484844769,"mass_total":20242669.563094411,"n_hex":14,"sample_h3":"871f75101ffffff","log_pop":4.5750162703,"log_mass":7.3062677858},{"country_iso":"LVA","city_id":3269,"city":"Riga","pop_total":326258.9434949711,"mass_total":138991456.4647444487,"n_hex":58,"sample_h3":"871f600c0ffffff","log_pop":5.5135624255,"log_mass":8.1429881058},{"country_iso":"LVA","city_id":3362,"city":"Daugavpils","pop_total":31952.1982162064,"mass_total":17567166.486415796,"n_hex":11,"sample_h3":"871f45b6dffffff","log_pop":4.5045007417,"log_mass":7.2447017172}]