[{"country_iso":"HRV","city_id":2964,"city":"Rijeka","pop_total":77146.9731842742,"mass_total":28825034.2186065651,"n_hex":23,"sample_h3":"871e12680ffffff","log_pop":4.8873188914,"log_mass":7.4597698315},{"country_iso":"HRV","city_id":3017,"city":"Zadar","pop_total":34476.9424775834,"mass_total":16439581.8782700375,"n_hex":13,"sample_h3":"871ea8c84ffffff","log_pop":4.5375287443,"log_mass":7.2158907676},{"country_iso":"HRV","city_id":3032,"city":"Zagreb","pop_total":293421.1263909218,"mass_total":122160801.5698420554,"n_hex":59,"sample_h3":"871e13081ffffff","log_pop":5.4674913799,"log_mass":8.0869318737},{"country_iso":"HRV","city_id":3084,"city":"Split","pop_total":133055.6466775448,"mass_total":45288374.6151239648,"n_hex":27,"sample_h3":"871ea86c9ffffff","log_pop":5.1240333101,"log_mass":7.6559867343},{"country_iso":"HRV","city_id":3166,"city":"Slavonski Brod","pop_total":21472.9927679053,"mass_total":10227467.7254331093,"n_hex":9,"sample_h3":"871e1a1a4ffffff","log_pop":4.3318925778,"log_mass":7.0097681177},{"country_iso":"HRV","city_id":3195,"city":"Osijek","pop_total":27980.736672322,"mass_total":15438501.1150785498,"n_hex":11,"sample_h3":"871e1ab20ffffff","log_pop":4.4468591443,"log_mass":7.1886051335}]