[{"country_iso":"FIN","city_id":3146,"city":"Turku","pop_total":33635.0010279955,"mass_total":30185673.3574536629,"n_hex":19,"sample_h3":"87089d04dffffff","log_pop":4.5267914453,"log_mass":7.4798008682},{"country_iso":"FIN","city_id":3185,"city":"Oulu","pop_total":22356.9110385469,"mass_total":32403357.1127577797,"n_hex":19,"sample_h3":"8708d1800ffffff","log_pop":4.3494117987,"log_mass":7.5105900071},{"country_iso":"FIN","city_id":3191,"city":"Tampere","pop_total":39909.9873713863,"mass_total":34003246.31097541,"n_hex":28,"sample_h3":"87088a2c0ffffff","log_pop":4.6010815904,"log_mass":7.5315203814},{"country_iso":"FIN","city_id":3242,"city":"Jyv\u00e4skyl\u00e4","pop_total":10520.8536272834,"mass_total":15241527.8040400892,"n_hex":12,"sample_h3":"8711250c0ffffff","log_pop":4.0220509785,"log_mass":7.1830285027},{"country_iso":"FIN","city_id":3244,"city":"Helsinki","pop_total":458704.107051855,"mass_total":242449519.9445143938,"n_hex":115,"sample_h3":"870899680ffffff","log_pop":5.6615326286,"log_mass":8.3846213285},{"country_iso":"FIN","city_id":3295,"city":"Kuopio","pop_total":9377.3325831909,"mass_total":14321294.7910130881,"n_hex":11,"sample_h3":"87112cd80ffffff","log_pop":3.9720793193,"log_mass":7.1559822844}]