[{"country_iso": "KOR", "city_id": 12389, "city": "Seoul", "pop_total": 13091973.2250433, "mass_total": 2345795277.10102, "log_pop": 7.117005, "log_mass": 9.37029, "log_pop_c": 1.703129, "log_mass_c": 1.497398, "lat": 37.4757296668916, "lon": 126.924784058932}, {"country_iso": "KOR", "city_id": 12450, "city": "Chuncheon-si", "pop_total": 102511.315660791, "mass_total": 31506161.7344608, "log_pop": 5.010772, "log_mass": 7.498395, "log_pop_c": -0.403104, "log_mass_c": -0.374496, "lat": 37.8814596167549, "lon": 127.735253072271}, {"country_iso": "KOR", "city_id": 12492, "city": "Cheonan-si", "pop_total": 259097.598715513, "mass_total": 71063747.5807809, "log_pop": 5.413463, "log_mass": 7.851648, "log_pop_c": -0.000412, "log_mass_c": -0.021244, "lat": 36.8305583737503, "lon": 127.142413183678}, {"country_iso": "KOR", "city_id": 12515, "city": "Wonju-si", "pop_total": 92819.2494809188, "mass_total": 28302588.3716215, "log_pop": 4.967638, "log_mass": 7.451826, "log_pop_c": -0.446238, "log_mass_c": -0.421066, "lat": 37.3439209415982, "lon": 127.94668946312}, {"country_iso": "KOR", "city_id": 12519, "city": "Gunsan-si", "pop_total": 96449.920587104, "mass_total": 43915956.0195606, "log_pop": 4.984302, "log_mass": 7.642622, "log_pop_c": -0.429574, "log_mass_c": -0.230269, "lat": 35.9688839989247, "lon": 126.667947354613}, {"country_iso": "KOR", "city_id": 12524, "city": "Cheongju-si", "pop_total": 400479.611881742, "mass_total": 78652860.7089708, "log_pop": 5.60258, "log_mass": 7.895715, "log_pop_c": 0.188705, "log_mass_c": 0.022823, "lat": 36.6350522096425, "lon": 127.459039039741}, {"country_iso": "KOR", "city_id": 12540, "city": "Daejeon", "pop_total": 848728.788389483, "mass_total": 181483430.586344, "log_pop": 5.928769, "log_mass": 8.258837, "log_pop_c": 0.514893, "log_mass_c": 0.385945, "lat": 36.3583933303406, "lon": 127.382521354214}, {"country_iso": "KOR", "city_id": 12547, "city": "Iksan-si", "pop_total": 102320.475848781, "mass_total": 33817757.8003865, "log_pop": 5.009963, "log_mass": 7.529145, "log_pop_c": -0.403913, "log_mass_c": -0.343747, "lat": 35.9487225685447, "lon": 126.969112993077}, {"country_iso": "KOR", "city_id": 12550, "city": "Gangneung-si", "pop_total": 50851.9622519643, "mass_total": 23691607.2034489, "log_pop": 4.706308, "log_mass": 7.374595, "log_pop_c": -0.707568, "log_mass_c": -0.498297, "lat": 37.7632531833579, "lon": 128.912518825833}, {"country_iso": "KOR", "city_id": 12571, "city": "Jeonju", "pop_total": 368617.392723738, "mass_total": 85270391.9947823, "log_pop": 5.566576, "log_mass": 7.930798, "log_pop_c": 0.1527, "log_mass_c": 0.057907, "lat": 35.8328315789945, "lon": 127.115125008474}, {"country_iso": "KOR", "city_id": 12604, "city": "Mokpo-si", "pop_total": 158325.615003722, "mass_total": 45409494.0755655, "log_pop": 5.199551, "log_mass": 7.657147, "log_pop_c": -0.214324, "log_mass_c": -0.215745, "lat": 34.7977147711275, "lon": 126.413100007541}, {"country_iso": "KOR", "city_id": 12611, "city": "Gwangju", "pop_total": 846147.527904437, "mass_total": 189455664.854657, "log_pop": 5.927446, "log_mass": 8.277508, "log_pop_c": 0.51357, "log_mass_c": 0.404616, "lat": 35.1642528172953, "lon": 126.856837192919}, {"country_iso": "KOR", "city_id": 12638, "city": "Gumi-si", "pop_total": 173099.458782276, "mass_total": 57898010.9668093, "log_pop": 5.238296, "log_mass": 7.762664, "log_pop_c": -0.17558, "log_mass_c": -0.110228, "lat": 36.1169312470506, "lon": 128.382049105264}, {"country_iso": "KOR", "city_id": 12648, "city": "Suncheon-si", "pop_total": 74087.8153993466, "mass_total": 22389168.2666862, "log_pop": 4.869747, "log_mass": 7.350038, "log_pop_c": -0.544129, "log_mass_c": -0.522854, "lat": 34.9568667568501, "lon": 127.504164882446}, {"country_iso": "KOR", "city_id": 12651, "city": "Daegu", "pop_total": 1547663.96281859, "mass_total": 334165204.956186, "log_pop": 6.189677, "log_mass": 8.523961, "log_pop_c": 0.775801, "log_mass_c": 0.65107, "lat": 35.8639933494018, "lon": 128.636936239004}, {"country_iso": "KOR", "city_id": 12661, "city": "Jinju-si", "pop_total": 119112.761328852, "mass_total": 32080807.1882751, "log_pop": 5.075958, "log_mass": 7.506245, "log_pop_c": -0.337917, "log_mass_c": -0.366646, "lat": 35.184536823384, "lon": 128.104244004823}, {"country_iso": "KOR", "city_id": 12662, "city": "Jeju-si", "pop_total": 90410.7413339718, "mass_total": 35438140.524661, "log_pop": 4.95622, "log_mass": 7.549471, "log_pop_c": -0.457656, "log_mass_c": -0.323421, "lat": 33.5104153372631, "lon": 126.538113205335}, {"country_iso": "KOR", "city_id": 12667, "city": "Pohang-si", "pop_total": 221702.737802508, "mass_total": 98760941.9480124, "log_pop": 5.345771, "log_mass": 7.994585, "log_pop_c": -0.068105, "log_mass_c": 0.121694, "lat": 36.019896092673, "lon": 129.386945904293}, {"country_iso": "KOR", "city_id": 12668, "city": "Changwon", "pop_total": 385359.283403364, "mass_total": 101612447.671096, "log_pop": 5.585866, "log_mass": 8.006947, "log_pop_c": 0.17199, "log_mass_c": 0.134055, "lat": 35.2183382262771, "lon": 128.625673633141}, {"country_iso": "KOR", "city_id": 12674, "city": "Jinhae-gu", "pop_total": 59372.1941234589, "mass_total": 16745486.0998259, "log_pop": 4.773583, "log_mass": 7.223898, "log_pop_c": -0.640293, "log_mass_c": -0.648994, "lat": 35.1426033539908, "lon": 128.673272435641}, {"country_iso": "KOR", "city_id": 12678, "city": "Busan", "pop_total": 2220586.97815465, "mass_total": 401864985.430627, "log_pop": 6.346468, "log_mass": 8.60408, "log_pop_c": 0.932592, "log_mass_c": 0.731188, "lat": 35.1690034859043, "lon": 129.016376716395}, {"country_iso": "KOR", "city_id": 12679, "city": "Yangsan", "pop_total": 89401.2182723475, "mass_total": 34398904.6843495, "log_pop": 4.951343, "log_mass": 7.536545, "log_pop_c": -0.462532, "log_mass_c": -0.336347, "lat": 35.3446497673862, "lon": 129.027331303894}, {"country_iso": "KOR", "city_id": 12682, "city": "Ulsan", "pop_total": 564726.708008758, "mass_total": 190348806.951279, "log_pop": 5.751838, "log_mass": 8.27955, "log_pop_c": 0.337963, "log_mass_c": 0.406658, "lat": 35.5113656685917, "lon": 129.360279069858}]