[{"country_iso":"BEN","city_id":2016,"city":"Materi","pop_total":15.9052743912,"mass_total":13743.7075955472,"n_hex":1,"sample_h3":"87599968affffff","log_pop":1.2015411658,"log_mass":4.1381039067},{"country_iso":"BEN","city_id":2034,"city":"Tanguieta","pop_total":102.8431255817,"mass_total":186554.6563979721,"n_hex":2,"sample_h3":"8758a6d41ffffff","log_pop":2.0121752671,"log_mass":5.2708060935},{"country_iso":"BEN","city_id":2041,"city":"Natitingou","pop_total":2845.8018472241,"mass_total":2184124.7360791094,"n_hex":8,"sample_h3":"8758a6190ffffff","log_pop":3.4542046569,"log_mass":6.3392774374},{"country_iso":"BEN","city_id":2052,"city":"Djougou","pop_total":6004.1546014477,"mass_total":4268776.8687600465,"n_hex":7,"sample_h3":"8758a2d12ffffff","log_pop":3.7784518664,"log_mass":6.6303034546},{"country_iso":"BEN","city_id":2056,"city":"Lokossa","pop_total":5912.9486279656,"mass_total":1524665.9274041615,"n_hex":7,"sample_h3":"8758954a6ffffff","log_pop":3.7718041058,"log_mass":6.183174695},{"country_iso":"BEN","city_id":2063,"city":"Savalou","pop_total":881.0838627404,"mass_total":998121.8478287617,"n_hex":7,"sample_h3":"875886c36ffffff","log_pop":2.9450172471,"log_mass":5.9991835619},{"country_iso":"BEN","city_id":2064,"city":"Bohicon","pop_total":52803.3300450063,"mass_total":14085385.3407141026,"n_hex":26,"sample_h3":"875895125ffffff","log_pop":4.7226613122,"log_mass":7.1487687327},{"country_iso":"BEN","city_id":2070,"city":"Whydah","pop_total":9730.0329153024,"mass_total":2255014.0914732572,"n_hex":9,"sample_h3":"875890a40ffffff","log_pop":3.9881143094,"log_mass":6.3531492601},{"country_iso":"BEN","city_id":2073,"city":"Tindji","pop_total":2535.3065017644,"mass_total":1079406.2547070107,"n_hex":9,"sample_h3":"8758958cdffffff","log_pop":3.4040304702,"log_mass":6.0331849303},{"country_iso":"BEN","city_id":2074,"city":"Allada","pop_total":1625.0429373947,"mass_total":558165.7910359872,"n_hex":4,"sample_h3":"875895620ffffff","log_pop":3.2108648405,"log_mass":5.7467632159},{"country_iso":"BEN","city_id":2077,"city":"Dassa-Zoum\u00e9","pop_total":1049.7000641907,"mass_total":1171371.4127657919,"n_hex":7,"sample_h3":"875886cc3ffffff","log_pop":3.0210652238,"log_mass":6.0686946209},{"country_iso":"BEN","city_id":2078,"city":"Cotonou","pop_total":906454.9715006885,"mass_total":95429752.1072951555,"n_hex":105,"sample_h3":"875891880ffffff","log_pop":5.9573462352,"log_mass":7.9796837957},{"country_iso":"BEN","city_id":2090,"city":"Banikoara","pop_total":112.7681905971,"mass_total":173003.0574161654,"n_hex":2,"sample_h3":"8758a4369ffffff","log_pop":2.0521866121,"log_mass":5.2380537783},{"country_iso":"BEN","city_id":2091,"city":"Ou\u00e8ss\u00e8","pop_total":719.2966874656,"mass_total":1060118.0829248177,"n_hex":5,"sample_h3":"875884512ffffff","log_pop":2.8569080603,"log_mass":6.0253542425},{"country_iso":"BEN","city_id":2100,"city":"Parakou","pop_total":54846.85543335,"mass_total":15517320.6792557426,"n_hex":23,"sample_h3":"8758a2208ffffff","log_pop":4.739151733,"log_mass":7.1908167353},{"country_iso":"BEN","city_id":2101,"city":"Porto-Novo","pop_total":234487.3489766046,"mass_total":30161805.6075356305,"n_hex":30,"sample_h3":"875891808ffffff","log_pop":5.3701194167,"log_mass":7.4794573366},{"country_iso":"BEN","city_id":2102,"city":"K\u00e9tou","pop_total":2292.7734921381,"mass_total":2237027.1834594184,"n_hex":6,"sample_h3":"8758866c6ffffff","log_pop":3.360361152,"log_mass":6.3496712615},{"country_iso":"BEN","city_id":2107,"city":"Pob\u00e8","pop_total":4961.8740494298,"mass_total":1771633.7719558817,"n_hex":5,"sample_h3":"875882c81ffffff","log_pop":3.6956457361,"log_mass":6.2483739505},{"country_iso":"BEN","city_id":2121,"city":"Kandi","pop_total":2099.6709582609,"mass_total":1494543.2870281846,"n_hex":5,"sample_h3":"8758a5083ffffff","log_pop":3.3221512413,"log_mass":6.1745084982},{"country_iso":"BEN","city_id":2134,"city":"Nikki","pop_total":535.780517565,"mass_total":803606.8740543902,"n_hex":3,"sample_h3":"8758a3844ffffff","log_pop":2.7289869174,"log_mass":5.905043643},{"country_iso":"BEN","city_id":2150,"city":"Malanville","pop_total":3539.3011657696,"mass_total":1661969.8596026525,"n_hex":5,"sample_h3":"8758167a8ffffff","log_pop":3.5489175191,"log_mass":6.2206231434}]