[{"country_iso":"KOR","city_id":12389,"city":"Seoul","pop_total":13089297.4464424364,"mass_total":1912664889.3188154697,"n_hex":787,"sample_h3":"8730e0048ffffff","log_pop":7.1169163369,"log_mass":9.2816388856},{"country_iso":"KOR","city_id":12397,"city":"Dongducheon-si","pop_total":36516.3767002798,"mass_total":12843783.9974509217,"n_hex":26,"sample_h3":"8730e1984ffffff","log_pop":4.5624876786,"log_mass":7.1086929931},{"country_iso":"KOR","city_id":12431,"city":"Hwado-eup","pop_total":34388.0290990297,"mass_total":7682444.6872601407,"n_hex":14,"sample_h3":"8730e1112ffffff","log_pop":4.5364072856,"log_mass":6.8854994421},{"country_iso":"KOR","city_id":12450,"city":"Chuncheon-si","pop_total":102493.4123991798,"mass_total":26453380.9328282364,"n_hex":21,"sample_h3":"8730e1ac0ffffff","log_pop":5.0106959527,"log_mass":7.4224811859},{"country_iso":"KOR","city_id":12453,"city":"Gwangju-si","pop_total":39819.9556601132,"mass_total":16072960.128812978,"n_hex":23,"sample_h3":"8730e1424ffffff","log_pop":4.6001007721,"log_mass":7.2060958674},{"country_iso":"KOR","city_id":12462,"city":"Chowol-eup","pop_total":13330.3095458713,"mass_total":7309286.8542800052,"n_hex":21,"sample_h3":"8730e1428ffffff","log_pop":4.1248402344,"log_mass":6.8638750062},{"country_iso":"KOR","city_id":12477,"city":"Pyeongtaek-si","pop_total":40142.4356555303,"mass_total":14216943.055155253,"n_hex":15,"sample_h3":"8730e3804ffffff","log_pop":4.6036037199,"log_mass":7.1528062239},{"country_iso":"KOR","city_id":12488,"city":"Asan-si","pop_total":37298.273554671,"mass_total":11434486.6112179346,"n_hex":15,"sample_h3":"8730e3892ffffff","log_pop":4.5716887299,"log_mass":7.0582166703},{"country_iso":"KOR","city_id":12492,"city":"Cheonan-si","pop_total":259048.6744247325,"mass_total":54697814.5316734612,"n_hex":48,"sample_h3":"8730e3104ffffff","log_pop":5.4133813743,"log_mass":7.7379699743},{"country_iso":"KOR","city_id":12494,"city":"Sokcho-si","pop_total":34492.9140808372,"mass_total":9683446.439124085,"n_hex":11,"sample_h3":"8730eca80ffffff","log_pop":4.5377298866,"log_mass":6.9860299547},{"country_iso":"KOR","city_id":12515,"city":"Wonju-si","pop_total":92799.2043080479,"mass_total":22538518.2227177434,"n_hex":20,"sample_h3":"8730ee902ffffff","log_pop":4.9675442524,"log_mass":7.3529253603},{"country_iso":"KOR","city_id":12519,"city":"Gunsan-si","pop_total":96433.2174802387,"mass_total":36931519.4978251681,"n_hex":24,"sample_h3":"8730c4126ffffff","log_pop":4.9842266572,"log_mass":7.5673971765},{"country_iso":"KOR","city_id":12524,"city":"Cheongju-si","pop_total":400402.4333829674,"mass_total":61315745.4524260163,"n_hex":33,"sample_h3":"8730e3052ffffff","log_pop":5.6024967082,"log_mass":7.7875720126},{"country_iso":"KOR","city_id":12536,"city":"Chungju-si","pop_total":43149.6348117006,"mass_total":11161552.7929051928,"n_hex":9,"sample_h3":"8730eec00ffffff","log_pop":4.6349771245,"log_mass":7.0477246178},{"country_iso":"KOR","city_id":12540,"city":"Daejeon","pop_total":848552.4059172191,"mass_total":142607526.8485548198,"n_hex":78,"sample_h3":"8730c4b69ffffff","log_pop":5.9286786692,"log_mass":8.1541424483},{"country_iso":"KOR","city_id":12547,"city":"Iksan-si","pop_total":102299.5836281777,"mass_total":28955286.052625943,"n_hex":17,"sample_h3":"8730c402cffffff","log_pop":5.0098738661,"log_mass":7.4617278597},{"country_iso":"KOR","city_id":12550,"city":"Gangneung-si","pop_total":50844.7357198622,"mass_total":19974573.1329503991,"n_hex":17,"sample_h3":"8730e8900ffffff","log_pop":4.7062459943,"log_mass":7.300477507},{"country_iso":"KOR","city_id":12551,"city":"Jecheon-si","pop_total":26596.8287429258,"mass_total":9298277.1579223145,"n_hex":9,"sample_h3":"8730ee101ffffff","log_pop":4.4248298569,"log_mass":6.9684024873},{"country_iso":"KOR","city_id":12571,"city":"Jeonju","pop_total":368539.1126458636,"mass_total":67759224.3159424961,"n_hex":36,"sample_h3":"8730c4042ffffff","log_pop":5.5664835858,"log_mass":7.8309684257},{"country_iso":"KOR","city_id":12604,"city":"Mokpo-si","pop_total":158295.8089513778,"mass_total":36780294.6910358369,"n_hex":27,"sample_h3":"8730c6440ffffff","log_pop":5.1994694166,"log_mass":7.5656152046},{"country_iso":"KOR","city_id":12611,"city":"Gwangju","pop_total":845979.7522775828,"mass_total":148393965.5345596671,"n_hex":65,"sample_h3":"8730c6301ffffff","log_pop":5.9273599687,"log_mass":8.1714162406},{"country_iso":"KOR","city_id":12638,"city":"Gumi-si","pop_total":173065.651944569,"mass_total":46782824.2618865967,"n_hex":38,"sample_h3":"8730c5041ffffff","log_pop":5.2382108827,"log_mass":7.6700864365},{"country_iso":"KOR","city_id":12648,"city":"Suncheon-si","pop_total":74072.7360164465,"mass_total":18320833.2865287401,"n_hex":19,"sample_h3":"8730c0409ffffff","log_pop":4.8696583864,"log_mass":7.2629452228},{"country_iso":"KOR","city_id":12651,"city":"Daegu","pop_total":1547349.6846699168,"mass_total":285903857.584929049,"n_hex":129,"sample_h3":"8730c1801ffffff","log_pop":6.1895884708,"log_mass":8.4562200152},{"country_iso":"KOR","city_id":12656,"city":"Geumseong-myeon","pop_total":29901.9784538105,"mass_total":21223420.2696697861,"n_hex":19,"sample_h3":"8730c0614ffffff","log_pop":4.4756999242,"log_mass":7.3268153741},{"country_iso":"KOR","city_id":12659,"city":"Sora-myeon","pop_total":44848.7954261406,"mass_total":28074433.1225571185,"n_hex":14,"sample_h3":"8730c06b0ffffff","log_pop":4.651750783,"log_mass":7.4483109958},{"country_iso":"KOR","city_id":12661,"city":"Jinju-si","pop_total":119086.3406187151,"mass_total":26010018.6670469716,"n_hex":25,"sample_h3":"8730c0210ffffff","log_pop":5.0758619501,"log_mass":7.4151406639},{"country_iso":"KOR","city_id":12662,"city":"Jeju-si","pop_total":90392.5997768037,"mass_total":31631805.0312085524,"n_hex":23,"sample_h3":"8730d11b0ffffff","log_pop":4.9561328773,"log_mass":7.5001239751},{"country_iso":"KOR","city_id":12667,"city":"Pohang-si","pop_total":221654.9486443725,"mass_total":86148738.0910107046,"n_hex":46,"sample_h3":"8730ea600ffffff","log_pop":5.3456774318,"log_mass":7.9352489203},{"country_iso":"KOR","city_id":12668,"city":"Changwon","pop_total":385278.3629640103,"mass_total":80197190.0153812468,"n_hex":44,"sample_h3":"8730c1400ffffff","log_pop":5.5857746199,"log_mass":7.9041591515},{"country_iso":"KOR","city_id":12670,"city":"Gyeongju-si","pop_total":35817.3208661566,"mass_total":11376434.2953709811,"n_hex":10,"sample_h3":"8730c1a2cffffff","log_pop":4.5540930975,"log_mass":7.0560061629},{"country_iso":"KOR","city_id":12673,"city":"Jinyeong-eup","pop_total":10410.9954225278,"mass_total":7880282.1438157447,"n_hex":14,"sample_h3":"8730c1440ffffff","log_pop":4.0174922555,"log_mass":6.8965417671},{"country_iso":"KOR","city_id":12674,"city":"Jinhae-gu","pop_total":59357.5249753092,"mass_total":15017121.8634526338,"n_hex":13,"sample_h3":"8730c14c0ffffff","log_pop":4.7734757839,"log_mass":7.1765867051},{"country_iso":"KOR","city_id":12678,"city":"Busan","pop_total":2220116.1480121948,"mass_total":326537876.010517478,"n_hex":163,"sample_h3":"8730c1448ffffff","log_pop":6.3463756957,"log_mass":8.5139335635},{"country_iso":"KOR","city_id":12679,"city":"Yangsan","pop_total":89385.4393039918,"mass_total":28322123.9458618984,"n_hex":24,"sample_h3":"8730c10cbffffff","log_pop":4.9512667789,"log_mass":7.4521258191},{"country_iso":"KOR","city_id":12680,"city":"Geoje-si","pop_total":38886.4689389911,"mass_total":11736021.0022630114,"n_hex":14,"sample_h3":"8730c3aa4ffffff","log_pop":4.5897985091,"log_mass":7.069520878},{"country_iso":"KOR","city_id":12682,"city":"Ulsan","pop_total":564615.8489231787,"mass_total":159541511.0468413532,"n_hex":70,"sample_h3":"8730c1200ffffff","log_pop":5.7517530647,"log_mass":8.202873701},{"country_iso":"KOR","city_id":12683,"city":"\uc6c5\uc0c1","pop_total":25574.7969352778,"mass_total":9395180.6336952485,"n_hex":11,"sample_h3":"8730c12b6ffffff","log_pop":4.4078121941,"log_mass":6.9729051344},{"country_iso":"KOR","city_id":12686,"city":"Okpo","pop_total":36445.0028173157,"mass_total":11215864.5578145329,"n_hex":9,"sample_h3":"8730c3a10ffffff","log_pop":4.5616379881,"log_mass":7.0498327561}]