[{"country_iso":"SYR","city_id":4317,"city":"Latakia","pop_total":262232.4390194911,"mass_total":28875736.9862076603,"n_hex":25,"sample_h3":"872da1496ffffff","log_pop":5.4186864143,"log_mass":7.4605330774},{"country_iso":"SYR","city_id":4344,"city":"Jablah","pop_total":26511.0978260844,"mass_total":4654661.1878363434,"n_hex":9,"sample_h3":"872da38c0ffffff","log_pop":4.4234277123,"log_mass":6.6678880742},{"country_iso":"SYR","city_id":4349,"city":"Baniyas","pop_total":18104.4182395037,"mass_total":5136025.3883216605,"n_hex":11,"sample_h3":"872da3100ffffff","log_pop":4.2577845739,"log_mass":6.7106271619},{"country_iso":"SYR","city_id":4353,"city":"Tartus","pop_total":58619.4349684323,"mass_total":12422964.1192000471,"n_hex":16,"sample_h3":"872da3525ffffff","log_pop":4.768041628,"log_mass":7.0942252309},{"country_iso":"SYR","city_id":4391,"city":"Idlib","pop_total":33804.4592987593,"mass_total":5696737.0722006168,"n_hex":8,"sample_h3":"872daec29ffffff","log_pop":4.5289739938,"log_mass":6.7556261754},{"country_iso":"SYR","city_id":4401,"city":"Halfaya","pop_total":18928.3747955173,"mass_total":4104457.7561357454,"n_hex":8,"sample_h3":"872da32a2ffffff","log_pop":4.2771133267,"log_mass":6.6132557902},{"country_iso":"SYR","city_id":4407,"city":"Damascus","pop_total":2210890.1570410277,"mass_total":148300987.5172073543,"n_hex":80,"sample_h3":"872db1200ffffff","log_pop":6.3445671662,"log_mass":8.1711440429},{"country_iso":"SYR","city_id":4417,"city":"Aleppo","pop_total":1329305.8951852687,"mass_total":106189969.5470248461,"n_hex":73,"sample_h3":"872dae028ffffff","log_pop":6.1236249308,"log_mass":8.0260834963},{"country_iso":"SYR","city_id":4420,"city":"Hama","pop_total":97066.6836179696,"mass_total":20940416.8437617011,"n_hex":18,"sample_h3":"872d85936ffffff","log_pop":4.9870701918,"log_mass":7.3209853226},{"country_iso":"SYR","city_id":4426,"city":"Homs","pop_total":306447.375432007,"mass_total":38709249.5128856301,"n_hex":31,"sample_h3":"872d84a44ffffff","log_pop":5.4863559062,"log_mass":7.5878147514},{"country_iso":"SYR","city_id":4429,"city":"`Uthman","pop_total":27813.7383690703,"mass_total":5565815.4684477197,"n_hex":6,"sample_h3":"872db3b00ffffff","log_pop":4.4442593651,"log_mass":6.7455288034},{"country_iso":"SYR","city_id":4456,"city":"As Safirah","pop_total":17372.4590478411,"mass_total":2815028.285836488,"n_hex":6,"sample_h3":"872dae390ffffff","log_pop":4.2398612966,"log_mass":6.4494827631},{"country_iso":"SYR","city_id":4460,"city":"Bza`a","pop_total":23391.7258459951,"mass_total":4995973.4379028389,"n_hex":9,"sample_h3":"872dae20dffffff","log_pop":4.3690622653,"log_mass":6.6986201207},{"country_iso":"SYR","city_id":4466,"city":"As Suwayda","pop_total":34873.6650200311,"mass_total":11468108.2568256985,"n_hex":10,"sample_h3":"872d86d80ffffff","log_pop":4.5424975916,"log_mass":7.059491784},{"country_iso":"SYR","city_id":4494,"city":"Manbij","pop_total":41165.9759868528,"mass_total":8044464.1095731454,"n_hex":10,"sample_h3":"872da8400ffffff","log_pop":4.6145384164,"log_mass":6.9054971184},{"country_iso":"SYR","city_id":4508,"city":"Kobani","pop_total":18114.0845774931,"mass_total":2739421.4021478812,"n_hex":3,"sample_h3":"872da8748ffffff","log_pop":4.2580163912,"log_mass":6.4376588444},{"country_iso":"SYR","city_id":4540,"city":"Al-Tabqah","pop_total":43551.0474084611,"mass_total":6661742.4908254622,"n_hex":8,"sample_h3":"872daa0c4ffffff","log_pop":4.6389986043,"log_mass":6.8235878411},{"country_iso":"SYR","city_id":4564,"city":"Ar Raqqah","pop_total":76054.4466421258,"mass_total":20461905.0235674009,"n_hex":15,"sample_h3":"872d8c921ffffff","log_pop":4.8811246108,"log_mass":7.3109460645},{"country_iso":"SYR","city_id":4658,"city":"Deir Ez Zor","pop_total":37425.6314899893,"mass_total":8414276.6001427714,"n_hex":9,"sample_h3":"872d8c614ffffff","log_pop":4.573169137,"log_mass":6.9250167844},{"country_iso":"SYR","city_id":4672,"city":"Al-Hasakah","pop_total":88556.0458527705,"mass_total":14500941.2423816416,"n_hex":13,"sample_h3":"872d8d042ffffff","log_pop":4.9472182165,"log_mass":7.1613961928},{"country_iso":"SYR","city_id":4700,"city":"Qamishli","pop_total":92279.870381619,"mass_total":16714106.9740683474,"n_hex":15,"sample_h3":"872c32cc0ffffff","log_pop":4.9651069758,"log_mass":7.2230831774},{"country_iso":"SYR","city_id":4703,"city":"Al Qurayya","pop_total":8552.8919070746,"mass_total":1090503.332324534,"n_hex":6,"sample_h3":"872d8e340ffffff","log_pop":3.9321129834,"log_mass":6.037626997},{"country_iso":"SYR","city_id":4747,"city":"Abu Kamal","pop_total":8586.2285349977,"mass_total":1236527.6959036519,"n_hex":2,"sample_h3":"872d8a985ffffff","log_pop":3.9338024437,"log_mass":6.0922038482},{"country_iso":"SYR","city_id":4803,"city":"Yaaroubia","pop_total":1023.1534994986,"mass_total":720684.3272243531,"n_hex":3,"sample_h3":"872d89a68ffffff","log_pop":3.009940794,"log_mass":5.8577450775}]