[{"country_iso":"LTU","city_id":3181,"city":"Klaip\u0117da","pop_total":40822.2628962136,"mass_total":37711590.783228375,"n_hex":19,"sample_h3":"871f71c12ffffff","log_pop":4.6108970752,"log_mass":7.5764748526},{"country_iso":"LTU","city_id":3259,"city":"\u0160iauliai","pop_total":13465.8317496188,"mass_total":25149051.3091408946,"n_hex":14,"sample_h3":"871f449b2ffffff","log_pop":4.1292331838,"log_mass":7.4005216069},{"country_iso":"LTU","city_id":3294,"city":"Kaunas","pop_total":112345.5368576143,"mass_total":71588142.4639915675,"n_hex":42,"sample_h3":"871f40c20ffffff","log_pop":5.0505558239,"log_mass":7.8548410937},{"country_iso":"LTU","city_id":3303,"city":"Panev\u0117\u017eys","pop_total":35384.7633630715,"mass_total":21955836.4485855512,"n_hex":14,"sample_h3":"871f44a02ffffff","log_pop":4.5488162956,"log_mass":7.341549987},{"country_iso":"LTU","city_id":3309,"city":"Alytus","pop_total":16115.2652129861,"mass_total":11050718.5093481727,"n_hex":12,"sample_h3":"871f40480ffffff","log_pop":4.2072374572,"log_mass":7.0433905164},{"country_iso":"LTU","city_id":3339,"city":"Vilnius","pop_total":95205.2616774269,"mass_total":75866355.2443731725,"n_hex":35,"sample_h3":"871f40224ffffff","log_pop":4.9786609511,"log_mass":7.8800492203}]