[{"country_iso":"ITA","city_id":2405,"city":"Turin","pop_total":1020562.3891142611,"mass_total":217784758.7230205238,"n_hex":66,"sample_h3":"871f98400ffffff","log_pop":6.0088395592,"log_mass":8.3380274832},{"country_iso":"ITA","city_id":2437,"city":"Sanremo","pop_total":56862.8559188368,"mass_total":24310569.7005296797,"n_hex":16,"sample_h3":"871eb4990ffffff","log_pop":4.7548286682,"log_mass":7.3857951363},{"country_iso":"ITA","city_id":2469,"city":"Asti","pop_total":43287.8591142423,"mass_total":10765704.1581934374,"n_hex":7,"sample_h3":"871f9868cffffff","log_pop":4.6363661075,"log_mass":7.0320424412},{"country_iso":"ITA","city_id":2501,"city":"Savona","pop_total":61410.7570339572,"mass_total":15838584.3231216222,"n_hex":11,"sample_h3":"871f9b424ffffff","log_pop":4.7882444511,"log_mass":7.1997163611},{"country_iso":"ITA","city_id":2504,"city":"Novara","pop_total":73787.1384481847,"mass_total":19738672.3593313918,"n_hex":11,"sample_h3":"871f98308ffffff","log_pop":4.8679806682,"log_mass":7.2953179383},{"country_iso":"ITA","city_id":2507,"city":"Alessandria","pop_total":51824.2805920038,"mass_total":10526400.3361802734,"n_hex":9,"sample_h3":"871f9b981ffffff","log_pop":4.7145332821,"log_mass":7.0222798829},{"country_iso":"ITA","city_id":2519,"city":"Gallarate","pop_total":103149.5854142659,"mass_total":33210990.9525345415,"n_hex":24,"sample_h3":"871f98a48ffffff","log_pop":5.0134674868,"log_mass":7.5212818343},{"country_iso":"ITA","city_id":2521,"city":"Varese","pop_total":62356.4687575185,"mass_total":15601763.0924910679,"n_hex":15,"sample_h3":"871f99d24ffffff","log_pop":4.7948815131,"log_mass":7.193173679},{"country_iso":"ITA","city_id":2529,"city":"Busto Arsizio","pop_total":228005.7858875475,"mass_total":76862280.4768997133,"n_hex":33,"sample_h3":"871f99c10ffffff","log_pop":5.3579458678,"log_mass":7.8857132657},{"country_iso":"ITA","city_id":2535,"city":"Genoa","pop_total":435448.2122947311,"mass_total":73551024.2401259691,"n_hex":36,"sample_h3":"871f9b080ffffff","log_pop":5.6389365119,"log_mass":7.8665887249},{"country_iso":"ITA","city_id":2538,"city":"Vigevano","pop_total":45031.3925105531,"mass_total":12792359.888814969,"n_hex":8,"sample_h3":"871f98242ffffff","log_pop":4.6535153769,"log_mass":7.106950669},{"country_iso":"ITA","city_id":2556,"city":"Sassari","pop_total":71759.240192147,"mass_total":15599974.8140462358,"n_hex":10,"sample_h3":"873949340ffffff","log_pop":4.8558778316,"log_mass":7.1931238972},{"country_iso":"ITA","city_id":2559,"city":"Milan","pop_total":2512831.8062724117,"mass_total":606544036.8975319862,"n_hex":193,"sample_h3":"871f99180ffffff","log_pop":6.4001634205,"log_mass":8.7828623374},{"country_iso":"ITA","city_id":2560,"city":"Como","pop_total":70032.3558240348,"mass_total":23379123.3218158185,"n_hex":18,"sample_h3":"871f99d09ffffff","log_pop":4.8452987359,"log_mass":7.3688282218},{"country_iso":"ITA","city_id":2586,"city":"Pavia","pop_total":47517.6768292131,"mass_total":13014597.2108142748,"n_hex":11,"sample_h3":"871f99402ffffff","log_pop":4.6768551995,"log_mass":7.1144307317},{"country_iso":"ITA","city_id":2605,"city":"Lecco","pop_total":46345.481603793,"mass_total":15210256.9771142602,"n_hex":9,"sample_h3":"871f99812ffffff","log_pop":4.6660073995,"log_mass":7.1821365515},{"country_iso":"ITA","city_id":2631,"city":"Bergamo","pop_total":285836.0369770741,"mass_total":90954157.3180005699,"n_hex":49,"sample_h3":"871f99020ffffff","log_pop":5.4561169819,"log_mass":7.9588225545},{"country_iso":"ITA","city_id":2653,"city":"Cagliari","pop_total":207626.9037417565,"mass_total":40759777.3843379915,"n_hex":21,"sample_h3":"871e92982ffffff","log_pop":5.3172836275,"log_mass":7.6102318034},{"country_iso":"ITA","city_id":2656,"city":"Piacenza","pop_total":73283.0700125585,"mass_total":23136693.2369660437,"n_hex":9,"sample_h3":"871f99680ffffff","log_pop":4.8650036547,"log_mass":7.3643012884},{"country_iso":"ITA","city_id":2684,"city":"La Spezia","pop_total":68825.0648881147,"mass_total":17745445.2391992137,"n_hex":11,"sample_h3":"871eb5840ffffff","log_pop":4.8377466295,"log_mass":7.2490869004},{"country_iso":"ITA","city_id":2695,"city":"Cremona","pop_total":46977.2093236816,"mass_total":13422678.5681386776,"n_hex":6,"sample_h3":"871ea69a4ffffff","log_pop":4.671887214,"log_mass":7.1278391903},{"country_iso":"ITA","city_id":2706,"city":"Brescia","pop_total":158427.0596993843,"mass_total":52187398.4599746168,"n_hex":20,"sample_h3":"871f99221ffffff","log_pop":5.1998293621,"log_mass":7.7175656478},{"country_iso":"ITA","city_id":2710,"city":"Massa","pop_total":85196.6934507524,"mass_total":33303490.5958117694,"n_hex":18,"sample_h3":"871eb5a30ffffff","log_pop":4.9304227398,"log_mass":7.522489755},{"country_iso":"ITA","city_id":2725,"city":"Parma","pop_total":113703.7937664165,"mass_total":27464953.0168008171,"n_hex":14,"sample_h3":"871ea6100ffffff","log_pop":5.0557749553,"log_mass":7.4387788604},{"country_iso":"ITA","city_id":2727,"city":"Viareggio","pop_total":47994.6464090775,"mass_total":15127714.2008365467,"n_hex":12,"sample_h3":"871eb5aa9ffffff","log_pop":4.6811927964,"log_mass":7.179773311},{"country_iso":"ITA","city_id":2738,"city":"Livorno","pop_total":123810.0493326084,"mass_total":33451518.2439086512,"n_hex":15,"sample_h3":"871eb5202ffffff","log_pop":5.0927558966,"log_mass":7.5244158336},{"country_iso":"ITA","city_id":2744,"city":"Pisa","pop_total":51548.413261518,"mass_total":14710723.6876848973,"n_hex":9,"sample_h3":"871eb522dffffff","log_pop":4.7122153016,"log_mass":7.1676340382},{"country_iso":"ITA","city_id":2750,"city":"Reggio nell'Emilia","pop_total":83812.7069435205,"mass_total":18781516.3158525042,"n_hex":13,"sample_h3":"871ea6009ffffff","log_pop":4.9233098675,"log_mass":7.2737306519},{"country_iso":"ITA","city_id":2773,"city":"Verona","pop_total":170535.4197236923,"mass_total":45126677.2954016998,"n_hex":20,"sample_h3":"871ea4440ffffff","log_pop":5.2318145944,"log_mass":7.6544333573},{"country_iso":"ITA","city_id":2776,"city":"Modena","pop_total":124912.6430333603,"mass_total":31350113.7220845334,"n_hex":15,"sample_h3":"871ea6226ffffff","log_pop":5.0966063977,"log_mass":7.4962391206},{"country_iso":"ITA","city_id":2779,"city":"Trento","pop_total":61904.4699881816,"mass_total":20005938.7544043399,"n_hex":14,"sample_h3":"871ea4809ffffff","log_pop":4.7917220096,"log_mass":7.3011589349},{"country_iso":"ITA","city_id":2786,"city":"Pistoia","pop_total":40638.0178815698,"mass_total":10847557.0083198342,"n_hex":8,"sample_h3":"871ea2c46ffffff","log_pop":4.6089325171,"log_mass":7.0353319412},{"country_iso":"ITA","city_id":2791,"city":"Bolzano - Bozen","pop_total":80011.272649978,"mass_total":14913277.9679412488,"n_hex":8,"sample_h3":"871f8b500ffffff","log_pop":4.9031511783,"log_mass":7.1735731127},{"country_iso":"ITA","city_id":2794,"city":"Prato","pop_total":190375.439964802,"mass_total":53612417.4618876353,"n_hex":28,"sample_h3":"871ea2032ffffff","log_pop":5.27961092,"log_mass":7.7292653906},{"country_iso":"ITA","city_id":2801,"city":"Florence","pop_total":346174.1145657485,"mass_total":69139354.4228830934,"n_hex":26,"sample_h3":"871ea2010ffffff","log_pop":5.5392945901,"log_mass":7.8397253201},{"country_iso":"ITA","city_id":2802,"city":"Bologna","pop_total":344077.07101755,"mass_total":73519958.4555930793,"n_hex":33,"sample_h3":"871ea04a4ffffff","log_pop":5.5366557326,"log_mass":7.866405253},{"country_iso":"ITA","city_id":2807,"city":"Grosseto","pop_total":49798.0593816059,"mass_total":10368153.7328752,"n_hex":9,"sample_h3":"871eb1230ffffff","log_pop":4.6972124187,"log_mass":7.015701428},{"country_iso":"ITA","city_id":2812,"city":"Vicenza","pop_total":77119.2255324487,"mass_total":23715261.2007594556,"n_hex":15,"sample_h3":"871ea42a4ffffff","log_pop":4.8871626595,"log_mass":7.3750279123},{"country_iso":"ITA","city_id":2827,"city":"Ferrara","pop_total":72189.8285737598,"mass_total":23575222.2195432372,"n_hex":15,"sample_h3":"871ea0c50ffffff","log_pop":4.8584760105,"log_mass":7.3724557951},{"country_iso":"ITA","city_id":2845,"city":"Padua","pop_total":177836.3914253321,"mass_total":67984182.024700135,"n_hex":30,"sample_h3":"871ea0929ffffff","log_pop":5.2500206373,"log_mass":7.8324078766},{"country_iso":"ITA","city_id":2854,"city":"Arezzo","pop_total":45373.5226312577,"mass_total":9845252.1849642955,"n_hex":6,"sample_h3":"871e84900ffffff","log_pop":4.6568024976,"log_mass":6.993226845},{"country_iso":"ITA","city_id":2860,"city":"Mestre","pop_total":131523.2685416903,"mass_total":54333254.7997325063,"n_hex":24,"sample_h3":"871ea5400ffffff","log_pop":5.1190025932,"log_mass":7.735065722},{"country_iso":"ITA","city_id":2862,"city":"Treviso","pop_total":66715.3183755559,"mass_total":21765518.2708391212,"n_hex":14,"sample_h3":"871ea5508ffffff","log_pop":4.8242255629,"log_mass":7.3377690128},{"country_iso":"ITA","city_id":2863,"city":"Forl\u00ec","pop_total":65928.4910566203,"mass_total":15930483.2190331388,"n_hex":12,"sample_h3":"871ea0693ffffff","log_pop":4.8190731359,"log_mass":7.2022289494},{"country_iso":"ITA","city_id":2865,"city":"Venice","pop_total":61981.7010956393,"mass_total":15722339.26399469,"n_hex":13,"sample_h3":"871ea540affffff","log_pop":4.7922634913,"log_mass":7.1965171635},{"country_iso":"ITA","city_id":2868,"city":"Ravenna","pop_total":67491.2543888444,"mass_total":15871176.3212855868,"n_hex":7,"sample_h3":"871ea0601ffffff","log_pop":4.8292475,"log_mass":7.2006091165},{"country_iso":"ITA","city_id":2881,"city":"Pordenone","pop_total":55450.9820114013,"mass_total":21070786.077703923,"n_hex":14,"sample_h3":"871ea5105ffffff","log_pop":4.7439092417,"log_mass":7.3236807379},{"country_iso":"ITA","city_id":2888,"city":"Perugia","pop_total":45136.2498060681,"mass_total":9709059.3217973541,"n_hex":8,"sample_h3":"871e84149ffffff","log_pop":4.6545254724,"log_mass":6.9871771546},{"country_iso":"ITA","city_id":2889,"city":"Rimini","pop_total":97429.3362117496,"mass_total":27442451.7909694128,"n_hex":15,"sample_h3":"871ea3116ffffff","log_pop":4.9886897437,"log_mass":7.4384229099},{"country_iso":"ITA","city_id":2892,"city":"Lido di Ostia","pop_total":65735.3603887123,"mass_total":9710555.1700027809,"n_hex":7,"sample_h3":"871e80586ffffff","log_pop":4.8177990483,"log_mass":6.98724406},{"country_iso":"ITA","city_id":2895,"city":"Acilia","pop_total":96619.9823999,"mass_total":22924924.4113593698,"n_hex":14,"sample_h3":"871e80580ffffff","log_pop":4.985066954,"log_mass":7.3603079124},{"country_iso":"ITA","city_id":2897,"city":"Rome","pop_total":1951431.6661886405,"mass_total":410721910.0522089005,"n_hex":118,"sample_h3":"871e80196ffffff","log_pop":6.2903533481,"log_mass":8.613547871},{"country_iso":"ITA","city_id":2905,"city":"Terni","pop_total":68385.7853871628,"mass_total":18245448.2590420954,"n_hex":13,"sample_h3":"871e80906ffffff","log_pop":4.834965839,"log_mass":7.2611545377},{"country_iso":"ITA","city_id":2908,"city":"Udine","pop_total":77991.4345114442,"mass_total":27927328.5201520696,"n_hex":15,"sample_h3":"871ea5a01ffffff","log_pop":4.8920469085,"log_mass":7.4460293938},{"country_iso":"ITA","city_id":2909,"city":"Pesaro","pop_total":55519.5036709071,"mass_total":10984037.2496067528,"n_hex":7,"sample_h3":"871ea300affffff","log_pop":4.744445575,"log_mass":7.040761997},{"country_iso":"ITA","city_id":2910,"city":"Anzio","pop_total":64514.4693990855,"mass_total":18361926.0113198422,"n_hex":16,"sample_h3":"871e82b00ffffff","log_pop":4.8096571298,"log_mass":7.2639182331},{"country_iso":"ITA","city_id":2912,"city":"Tivoli","pop_total":58899.8599528035,"mass_total":12637566.0864813663,"n_hex":11,"sample_h3":"871e800b4ffffff","log_pop":4.7701142622,"log_mass":7.1016634397},{"country_iso":"ITA","city_id":2925,"city":"Latina","pop_total":59509.4320011313,"mass_total":12171847.3154581077,"n_hex":7,"sample_h3":"871e80696ffffff","log_pop":4.7745858051,"log_mass":7.0853564959},{"country_iso":"ITA","city_id":2926,"city":"Trapani","pop_total":64107.4797672,"mass_total":12432893.9342484511,"n_hex":8,"sample_h3":"87386d240ffffff","log_pop":4.806908704,"log_mass":7.0945722287},{"country_iso":"ITA","city_id":2933,"city":"Triest","pop_total":150668.6687183003,"mass_total":39261623.8591579422,"n_hex":17,"sample_h3":"871e12404ffffff","log_pop":5.1780229509,"log_mass":7.593968258},{"country_iso":"ITA","city_id":2935,"city":"Ancona","pop_total":59581.6270814783,"mass_total":16069157.3319852911,"n_hex":10,"sample_h3":"871e85908ffffff","log_pop":4.7751123589,"log_mass":7.2059931029},{"country_iso":"ITA","city_id":2959,"city":"Palermo","pop_total":556281.3148045521,"mass_total":81826298.913559854,"n_hex":41,"sample_h3":"871e9a001ffffff","log_pop":5.7452944725,"log_mass":7.912892908},{"country_iso":"ITA","city_id":2974,"city":"Bagheria","pop_total":45335.1736740508,"mass_total":5267199.0861866381,"n_hex":7,"sample_h3":"871e9a380ffffff","log_pop":4.6564352838,"log_mass":6.7215797338},{"country_iso":"ITA","city_id":2976,"city":"Pescara","pop_total":175534.5485155589,"mass_total":45381839.1947125271,"n_hex":31,"sample_h3":"871e81881ffffff","log_pop":5.2443626066,"log_mass":7.6568820926},{"country_iso":"ITA","city_id":2980,"city":"Naples","pop_total":2646206.7455638153,"mass_total":568448581.7610650063,"n_hex":212,"sample_h3":"871e83202ffffff","log_pop":6.4226237722,"log_mass":8.7546911873},{"country_iso":"ITA","city_id":2991,"city":"Caserta","pop_total":200587.7047058884,"mass_total":49931396.2039325982,"n_hex":19,"sample_h3":"871e83200ffffff","log_pop":5.3023043088,"log_mass":7.6983737102},{"country_iso":"ITA","city_id":3003,"city":"San Giuseppe Vesuviano","pop_total":36292.9977422095,"mass_total":9764856.2539451569,"n_hex":5,"sample_h3":"871e832caffffff","log_pop":4.5598228417,"log_mass":6.9896658545},{"country_iso":"ITA","city_id":3014,"city":"Gela","pop_total":60831.0593093341,"mass_total":12394103.8250289056,"n_hex":9,"sample_h3":"873f340c9ffffff","log_pop":4.7841253793,"log_mass":7.0932151299},{"country_iso":"ITA","city_id":3019,"city":"Avellino","pop_total":37079.4766015329,"mass_total":7591250.1360417474,"n_hex":8,"sample_h3":"871e8e406ffffff","log_pop":4.5691335952,"log_mass":6.8803133019},{"country_iso":"ITA","city_id":3021,"city":"Salerno","pop_total":125571.1637734391,"mass_total":23971858.1218784675,"n_hex":22,"sample_h3":"871e8e480ffffff","log_pop":5.0988899192,"log_mass":7.3797016986},{"country_iso":"ITA","city_id":3026,"city":"Battipaglia","pop_total":46554.653819589,"mass_total":9335252.5055394117,"n_hex":8,"sample_h3":"871e9da25ffffff","log_pop":4.6679631016,"log_mass":6.9701260695},{"country_iso":"ITA","city_id":3038,"city":"Ragusa","pop_total":45061.3982225394,"mass_total":8079440.6948249359,"n_hex":7,"sample_h3":"873f30960ffffff","log_pop":4.6538046634,"log_mass":6.9073812975},{"country_iso":"ITA","city_id":3040,"city":"San Severo","pop_total":46074.3208184347,"mass_total":4586484.5980475843,"n_hex":3,"sample_h3":"871e8e860ffffff","log_pop":4.663458942,"log_mass":6.6614799394},{"country_iso":"ITA","city_id":3049,"city":"Foggia","pop_total":112889.6645990095,"mass_total":16972371.4629095681,"n_hex":9,"sample_h3":"871e8eaa4ffffff","log_pop":5.0526541827,"log_mass":7.2297425283},{"country_iso":"ITA","city_id":3051,"city":"Catania","pop_total":354064.115036313,"mass_total":78749802.9080697596,"n_hex":25,"sample_h3":"873f35896ffffff","log_pop":5.5490819125,"log_mass":7.8962494755},{"country_iso":"ITA","city_id":3056,"city":"Acireale","pop_total":83669.1147149337,"mass_total":16875711.6549672857,"n_hex":17,"sample_h3":"873f35886ffffff","log_pop":4.9225651738,"log_mass":7.2272620962},{"country_iso":"ITA","city_id":3074,"city":"Syracuse","pop_total":75984.3447902477,"mass_total":14424761.7809161823,"n_hex":9,"sample_h3":"873f35090ffffff","log_pop":4.8807241229,"log_mass":7.1591086497},{"country_iso":"ITA","city_id":3077,"city":"Cerignola","pop_total":41924.6567785614,"mass_total":5796904.7115441542,"n_hex":6,"sample_h3":"871e8e344ffffff","log_pop":4.6224695159,"log_mass":6.7631961616},{"country_iso":"ITA","city_id":3083,"city":"Messina","pop_total":161518.1420167084,"mass_total":24742117.4282636084,"n_hex":21,"sample_h3":"871e9b249ffffff","log_pop":5.2082213102,"log_mass":7.3934368638},{"country_iso":"ITA","city_id":3093,"city":"Reggio Calabria","pop_total":108001.9700831164,"mass_total":22635259.5822099969,"n_hex":17,"sample_h3":"873f26424ffffff","log_pop":5.0334316776,"log_mass":7.3547854794},{"country_iso":"ITA","city_id":3102,"city":"Barletta","pop_total":80143.4487291641,"mass_total":12391028.5595995449,"n_hex":8,"sample_h3":"871e88c18ffffff","log_pop":4.903868027,"log_mass":7.093107358},{"country_iso":"ITA","city_id":3107,"city":"Andria","pop_total":80032.1992050581,"mass_total":10437552.1152906381,"n_hex":7,"sample_h3":"871e88c89ffffff","log_pop":4.903264751,"log_mass":7.018598657},{"country_iso":"ITA","city_id":3110,"city":"Trani","pop_total":46230.5453852987,"mass_total":8744431.1005721353,"n_hex":7,"sample_h3":"871e88cc5ffffff","log_pop":4.6649290169,"log_mass":6.9417315602},{"country_iso":"ITA","city_id":3115,"city":"Bisceglie","pop_total":44770.1138810308,"mass_total":7482744.8924023798,"n_hex":6,"sample_h3":"871e88194ffffff","log_pop":4.6509881991,"log_mass":6.8740609392},{"country_iso":"ITA","city_id":3118,"city":"Cosenza","pop_total":67457.9759172112,"mass_total":14198658.836784903,"n_hex":10,"sample_h3":"873f24c12ffffff","log_pop":4.829033306,"log_mass":7.1522473242},{"country_iso":"ITA","city_id":3123,"city":"Molfetta","pop_total":47281.6220657709,"mass_total":4789137.1654286394,"n_hex":4,"sample_h3":"871e88198ffffff","log_pop":4.6746923672,"log_mass":6.6802572758},{"country_iso":"ITA","city_id":3124,"city":"Altamura","pop_total":57744.1130578881,"mass_total":5756870.8779746126,"n_hex":5,"sample_h3":"871e884c1ffffff","log_pop":4.761507715,"log_mass":6.7601864887},{"country_iso":"ITA","city_id":3135,"city":"Bari","pop_total":257373.066190582,"mass_total":61175856.4056598991,"n_hex":28,"sample_h3":"871e88088ffffff","log_pop":5.4105630965,"log_mass":7.7865800578},{"country_iso":"ITA","city_id":3167,"city":"Taranto","pop_total":115444.7421168183,"mass_total":47490656.9618819579,"n_hex":18,"sample_h3":"871e8bc40ffffff","log_pop":5.0623741579,"log_mass":7.6766081774},{"country_iso":"ITA","city_id":3208,"city":"Brindisi","pop_total":61026.6492466258,"mass_total":13051854.7142403312,"n_hex":10,"sample_h3":"871e8ba20ffffff","log_pop":4.7855195251,"log_mass":7.1156722308},{"country_iso":"ITA","city_id":3218,"city":"Lecce","pop_total":66077.7507714736,"mass_total":17605377.4014519118,"n_hex":8,"sample_h3":"871e8b360ffffff","log_pop":4.8200552516,"log_mass":7.2456453394}]