[{"country_iso":"NPL","city_id":7755,"city":"Tikapur","pop_total":740.4108237921,"mass_total":152388.6759698829,"n_hex":1,"sample_h3":"873c36925ffffff","log_pop":2.8694727589,"log_mass":5.1829526957},{"country_iso":"NPL","city_id":7831,"city":"Gulariya","pop_total":252.6847958079,"mass_total":101364.19868897,"n_hex":3,"sample_h3":"873c36124ffffff","log_pop":2.402579111,"log_mass":5.0058845915},{"country_iso":"NPL","city_id":7896,"city":"Kohalpur","pop_total":34.8956376581,"mass_total":12961.3777350564,"n_hex":1,"sample_h3":"873c36a90ffffff","log_pop":1.5427711387,"log_mass":4.1126511675},{"country_iso":"NPL","city_id":7897,"city":"Nepalgunj","pop_total":37489.8508528391,"mass_total":3134603.0830720146,"n_hex":5,"sample_h3":"873c36009ffffff","log_pop":4.5739137127,"log_mass":6.4961825564},{"country_iso":"NPL","city_id":8365,"city":"Tilottama","pop_total":14578.9666608366,"mass_total":1431007.6987492684,"n_hex":6,"sample_h3":"873c33190ffffff","log_pop":4.1637267428,"log_mass":6.1556419702},{"country_iso":"NPL","city_id":8409,"city":"Sit\u0101pur","pop_total":168.7992408865,"mass_total":36081.4331986732,"n_hex":4,"sample_h3":"873c33441ffffff","log_pop":2.2273704892,"log_mass":4.5572837799},{"country_iso":"NPL","city_id":8421,"city":"Pokhara","pop_total":122650.4487531251,"mass_total":12565839.081594646,"n_hex":16,"sample_h3":"873c33a29ffffff","log_pop":5.0886691415,"log_mass":7.0991914938},{"country_iso":"NPL","city_id":8574,"city":"Bharatpur","pop_total":17199.4642382079,"mass_total":2990686.1540797669,"n_hex":7,"sample_h3":"873c06591ffffff","log_pop":4.2355149189,"log_mass":6.4757708401},{"country_iso":"NPL","city_id":8713,"city":"Pokhariya","pop_total":1728.2156982048,"mass_total":626438.7875710338,"n_hex":4,"sample_h3":"873c15388ffffff","log_pop":3.2375979457,"log_mass":5.7968786403},{"country_iso":"NPL","city_id":8741,"city":"Hetauda","pop_total":10686.823872095,"mass_total":1349519.2024825485,"n_hex":7,"sample_h3":"873c02da2ffffff","log_pop":4.0288486519,"log_mass":6.1301790686},{"country_iso":"NPL","city_id":8759,"city":"Kathmandu","pop_total":2498320.5318957609,"mass_total":110547349.7000368387,"n_hex":74,"sample_h3":"873c02884ffffff","log_pop":6.3976481571,"log_mass":8.0435483351},{"country_iso":"NPL","city_id":9232,"city":"Inaruwa","pop_total":2354.9737139141,"mass_total":363257.9045106968,"n_hex":11,"sample_h3":"873c18914ffffff","log_pop":3.3719860639,"log_mass":5.5602150733},{"country_iso":"NPL","city_id":9245,"city":"Itahari","pop_total":57704.6366275563,"mass_total":2874736.9936404335,"n_hex":19,"sample_h3":"873c18964ffffff","log_pop":4.7612107106,"log_mass":6.4585981177},{"country_iso":"NPL","city_id":9268,"city":"Biratnagar","pop_total":67324.1372522298,"mass_total":7721213.466080578,"n_hex":16,"sample_h3":"873c18802ffffff","log_pop":4.8281707967,"log_mass":6.8876855594},{"country_iso":"NPL","city_id":9347,"city":"Damak","pop_total":5795.5778839186,"mass_total":1187593.5583948418,"n_hex":4,"sample_h3":"873c1d4c1ffffff","log_pop":3.7630967465,"log_mass":6.0746678333},{"country_iso":"NPL","city_id":9408,"city":"Birtamod","pop_total":6666.3435110429,"mass_total":888821.1316696007,"n_hex":5,"sample_h3":"873c1d680ffffff","log_pop":3.8238876887,"log_mass":5.9488143714}]