[{"country_iso":"AFG","city_id":5952,"city":"Ghurian","pop_total":5.0904503301,"mass_total":34405.7937634912,"n_hex":3,"sample_h3":"874344382ffffff","log_pop":0.7067562042,"log_mass":4.5366315817},{"country_iso":"AFG","city_id":5957,"city":"Toraghundi","pop_total":69.5433673859,"mass_total":36751.0879011164,"n_hex":3,"sample_h3":"874345b82ffffff","log_pop":1.842255716,"log_mass":4.5652701995},{"country_iso":"AFG","city_id":5959,"city":"Herat","pop_total":106146.6962518355,"mass_total":21594990.7674915642,"n_hex":19,"sample_h3":"874340868ffffff","log_pop":5.0259064816,"log_mass":7.3343530227},{"country_iso":"AFG","city_id":5964,"city":"Guzarah","pop_total":3153.6194864376,"mass_total":1284197.9699340579,"n_hex":6,"sample_h3":"874340841ffffff","log_pop":3.4988092905,"log_mass":6.108631979},{"country_iso":"AFG","city_id":5970,"city":"Qala i Naw","pop_total":10.7272891998,"mass_total":5881.118637104,"n_hex":1,"sample_h3":"874341965ffffff","log_pop":1.030489989,"log_mass":3.7694599403},{"country_iso":"AFG","city_id":5973,"city":"Farah","pop_total":311.313817905,"mass_total":230921.4741468871,"n_hex":3,"sample_h3":"874342532ffffff","log_pop":2.4931983976,"log_mass":5.3634643213},{"country_iso":"AFG","city_id":5981,"city":"Zaranj","pop_total":174.5666284561,"mass_total":412684.1917851099,"n_hex":2,"sample_h3":"874350769ffffff","log_pop":2.2419612241,"log_mass":5.6156178332},{"country_iso":"AFG","city_id":5999,"city":"Sheberghan","pop_total":381.1681976318,"mass_total":391994.0245111969,"n_hex":1,"sample_h3":"8720b6183ffffff","log_pop":2.5811166586,"log_mass":5.5932794468},{"country_iso":"AFG","city_id":6004,"city":"Sar-e Pol","pop_total":35.0210666656,"mass_total":56285.8727307623,"n_hex":2,"sample_h3":"8720b64d1ffffff","log_pop":1.5443293696,"log_mass":4.7503994044},{"country_iso":"AFG","city_id":6016,"city":"Lashkar Gah","pop_total":851.8049804379,"mass_total":285744.8374184888,"n_hex":4,"sample_h3":"874358c04ffffff","log_pop":2.930340175,"log_mass":5.4559783927},{"country_iso":"AFG","city_id":6020,"city":"Musa Qal`eh","pop_total":7.5882311673,"mass_total":90692.0496875429,"n_hex":2,"sample_h3":"87435d4e4ffffff","log_pop":0.8801405527,"log_mass":4.9575692173},{"country_iso":"AFG","city_id":6021,"city":"Girishk","pop_total":21.0826998949,"mass_total":40822.2779968385,"n_hex":2,"sample_h3":"874358883ffffff","log_pop":1.3239262268,"log_mass":4.6108972359},{"country_iso":"AFG","city_id":6028,"city":"Mazar i sharif","pop_total":23792.8399533693,"mass_total":2275148.5173449474,"n_hex":9,"sample_h3":"8720b0499ffffff","log_pop":4.3764462833,"log_mass":6.3570097518},{"country_iso":"AFG","city_id":6052,"city":"Tarinkot","pop_total":734.5611122094,"mass_total":377425.2849375829,"n_hex":4,"sample_h3":"874359841ffffff","log_pop":2.866027933,"log_mass":5.5768309916},{"country_iso":"AFG","city_id":6056,"city":"Kandahar","pop_total":34720.9879578436,"mass_total":6706819.1636086246,"n_hex":20,"sample_h3":"8743582dbffffff","log_pop":4.5405920742,"log_mass":6.8265165966},{"country_iso":"AFG","city_id":6059,"city":"Samangan","pop_total":16.47655797,"mass_total":131215.3642037809,"n_hex":1,"sample_h3":"8720b35b1ffffff","log_pop":1.2168664907,"log_mass":5.1179846902},{"country_iso":"AFG","city_id":6077,"city":"Bamian","pop_total":80.9854168892,"mass_total":31771.3166940819,"n_hex":1,"sample_h3":"872096916ffffff","log_pop":1.9084068222,"log_mass":4.5020352136},{"country_iso":"AFG","city_id":6082,"city":"Baghlan","pop_total":95.4063763188,"mass_total":45076.531617668,"n_hex":2,"sample_h3":"8720b3690ffffff","log_pop":1.979577401,"log_mass":4.6539504922},{"country_iso":"AFG","city_id":6085,"city":"Puli Khumri","pop_total":7289.2201249216,"mass_total":1212009.3848097008,"n_hex":6,"sample_h3":"872094a0affffff","log_pop":3.8626810656,"log_mass":6.0835059827},{"country_iso":"AFG","city_id":6086,"city":"Khanabad","pop_total":21.4208230972,"mass_total":34279.2161006472,"n_hex":1,"sample_h3":"8720b32d0ffffff","log_pop":1.3308361546,"log_mass":4.5350308819},{"country_iso":"AFG","city_id":6100,"city":"Taloqan","pop_total":10889.4657194455,"mass_total":2483995.4321982181,"n_hex":8,"sample_h3":"872086480ffffff","log_pop":4.0370065721,"log_mass":6.3951507929},{"country_iso":"AFG","city_id":6113,"city":"Charikar","pop_total":798.0330874424,"mass_total":186776.0406037503,"n_hex":4,"sample_h3":"872090c29ffffff","log_pop":2.9020208981,"log_mass":5.2713211647},{"country_iso":"AFG","city_id":6115,"city":"Golbahar","pop_total":964.5741817474,"mass_total":163942.9522401843,"n_hex":2,"sample_h3":"872090882ffffff","log_pop":2.9843356332,"log_mass":5.2146927515},{"country_iso":"AFG","city_id":6118,"city":"Kabul","pop_total":1562218.0278140877,"mass_total":77423226.8666274846,"n_hex":62,"sample_h3":"872090414ffffff","log_pop":6.1937416452,"log_mass":7.888871268},{"country_iso":"AFG","city_id":6119,"city":"Bagram","pop_total":799.7485941326,"mass_total":232421.5664006913,"n_hex":4,"sample_h3":"872090c50ffffff","log_pop":2.9029534853,"log_mass":5.3662764238},{"country_iso":"AFG","city_id":6127,"city":"Fayzabad","pop_total":53.1496878456,"mass_total":59079.4745166741,"n_hex":3,"sample_h3":"872082950ffffff","log_pop":1.7255007182,"log_mass":4.7714366238},{"country_iso":"AFG","city_id":6134,"city":"Pul-i-Alam","pop_total":40.0717654228,"mass_total":26496.1516642028,"n_hex":1,"sample_h3":"872092d60ffffff","log_pop":1.6028384764,"log_mass":4.423182801},{"country_iso":"AFG","city_id":6144,"city":"Mihtarlam","pop_total":79.5347042084,"mass_total":14159.4418179528,"n_hex":1,"sample_h3":"8720939b4ffffff","log_pop":1.9005566703,"log_mass":4.1510461333},{"country_iso":"AFG","city_id":6145,"city":"Darza Kheyl","pop_total":5.4274148941,"mass_total":11519.9090813966,"n_hex":2,"sample_h3":"8720920c8ffffff","log_pop":0.7345930221,"log_mass":4.0614490515},{"country_iso":"AFG","city_id":6150,"city":"Jalalabad","pop_total":82204.509635067,"mass_total":8011146.4946909361,"n_hex":18,"sample_h3":"872093c40ffffff","log_pop":4.914895643,"log_mass":6.9036946735},{"country_iso":"AFG","city_id":6153,"city":"Khost","pop_total":229.6387491226,"mass_total":132605.5845728288,"n_hex":2,"sample_h3":"872092691ffffff","log_pop":2.3610451725,"log_mass":5.1225618144},{"country_iso":"AFG","city_id":6160,"city":"Anarbagh","pop_total":114.2145386256,"mass_total":79093.5031660092,"n_hex":5,"sample_h3":"872093111ffffff","log_pop":2.0577213898,"log_mass":4.8981408115},{"country_iso":"AFG","city_id":6167,"city":"Mohmand Darah","pop_total":53.6927379066,"mass_total":83368.1524618322,"n_hex":4,"sample_h3":"872093081ffffff","log_pop":1.7299155501,"log_mass":4.9210001771}]