[{"country_iso":"DEU","city_id":2245,"city":"Aachen","pop_total":114722.5828705545,"mass_total":52184720.0320465267,"n_hex":30,"sample_h3":"871fa0a00ffffff","log_pop":5.0596489162,"log_mass":7.7175433578},{"country_iso":"DEU","city_id":2272,"city":"M\u00f6nchengladbach","pop_total":115115.9324324019,"mass_total":52118472.2903714031,"n_hex":29,"sample_h3":"871fa50daffffff","log_pop":5.0611354356,"log_mass":7.7169916771},{"country_iso":"DEU","city_id":2276,"city":"Dortmund","pop_total":2076521.5943840703,"mass_total":887093276.5234575272,"n_hex":381,"sample_h3":"871f12190ffffff","log_pop":6.3173364518,"log_mass":8.9479692876},{"country_iso":"DEU","city_id":2277,"city":"Duren","pop_total":35595.2864824641,"mass_total":19678147.7197212689,"n_hex":17,"sample_h3":"871fa0a48ffffff","log_pop":4.5513924926,"log_mass":7.2939842164},{"country_iso":"DEU","city_id":2288,"city":"Dusseldorf","pop_total":470172.3396642339,"mass_total":187999445.6898110211,"n_hex":74,"sample_h3":"871fa1930ffffff","log_pop":5.6722570759,"log_mass":8.2741565688},{"country_iso":"DEU","city_id":2297,"city":"Trier","pop_total":33493.5086198339,"mass_total":18947896.298530072,"n_hex":13,"sample_h3":"871fa3000ffffff","log_pop":4.5249606445,"log_mass":7.2775609992},{"country_iso":"DEU","city_id":2310,"city":"Cologne","pop_total":892587.9315835752,"mass_total":367608401.00999856,"n_hex":170,"sample_h3":"871fa1100ffffff","log_pop":5.9506510106,"log_mass":8.5653854278},{"country_iso":"DEU","city_id":2317,"city":"Wuppertal","pop_total":307482.3870143573,"mass_total":126348634.1522979885,"n_hex":75,"sample_h3":"871f12580ffffff","log_pop":5.4878202439,"log_mass":8.1015705515},{"country_iso":"DEU","city_id":2325,"city":"Saarbruecken","pop_total":72596.4603974464,"mass_total":44302324.9701643437,"n_hex":25,"sample_h3":"871f85d64ffffff","log_pop":4.8609154462,"log_mass":7.6464265184},{"country_iso":"DEU","city_id":2329,"city":"Bonn","pop_total":216051.8075220519,"mass_total":79006191.7050428391,"n_hex":44,"sample_h3":"871fa1032ffffff","log_pop":5.334557904,"log_mass":7.8976611282},{"country_iso":"DEU","city_id":2335,"city":"Remscheid","pop_total":33705.0359811091,"mass_total":15823593.9375451542,"n_hex":10,"sample_h3":"871fa1944ffffff","log_pop":4.5276947951,"log_mass":7.1993051296},{"country_iso":"DEU","city_id":2353,"city":"Hagen","pop_total":126907.5437540784,"mass_total":62194076.952951923,"n_hex":49,"sample_h3":"871f12420ffffff","log_pop":5.1034874386,"log_mass":7.7937490267},{"country_iso":"DEU","city_id":2358,"city":"Neuwied","pop_total":32864.5343634287,"mass_total":21919115.4513903484,"n_hex":13,"sample_h3":"871fa1701ffffff","log_pop":4.5167274834,"log_mass":7.3408230242},{"country_iso":"DEU","city_id":2359,"city":"M\u00fcnster","pop_total":123512.0351530823,"mass_total":52460974.8536857367,"n_hex":29,"sample_h3":"871f12910ffffff","log_pop":5.0917092778,"log_mass":7.7198363566},{"country_iso":"DEU","city_id":2369,"city":"Koblenz","pop_total":74003.6900304037,"mass_total":40979671.268933855,"n_hex":27,"sample_h3":"871fa1609ffffff","log_pop":4.8692533754,"log_mass":7.6125684703},{"country_iso":"DEU","city_id":2376,"city":"Hamm","pop_total":42935.6740100028,"mass_total":25205796.4379658215,"n_hex":16,"sample_h3":"871f12102ffffff","log_pop":4.6328182849,"log_mass":7.4015004246},{"country_iso":"DEU","city_id":2389,"city":"Osnabr\u00fcck","pop_total":65126.2095795977,"mass_total":37072286.8583792523,"n_hex":21,"sample_h3":"871f10510ffffff","log_pop":4.8137558025,"log_mass":7.5690493769},{"country_iso":"DEU","city_id":2390,"city":"Kaiserslautern","pop_total":32535.5030581675,"mass_total":19959160.4933294617,"n_hex":15,"sample_h3":"871fae482ffffff","log_pop":4.5123575261,"log_mass":7.3001422704},{"country_iso":"DEU","city_id":2395,"city":"Oldenburg","pop_total":82170.4372395698,"mass_total":34773824.9186848029,"n_hex":27,"sample_h3":"871f14216ffffff","log_pop":4.9147155979,"log_mass":7.5412524632},{"country_iso":"DEU","city_id":2401,"city":"Siegen","pop_total":29718.2528036753,"mass_total":16561389.208493568,"n_hex":12,"sample_h3":"871fa1a5affffff","log_pop":4.4730232728,"log_mass":7.2190967636},{"country_iso":"DEU","city_id":2408,"city":"Freiburg im Breisgau","pop_total":99217.5353628196,"mass_total":30560367.4644002169,"n_hex":19,"sample_h3":"871f8024dffffff","log_pop":4.9965884346,"log_mass":7.485158572},{"country_iso":"DEU","city_id":2417,"city":"Bremerhaven","pop_total":69100.1473214318,"mass_total":37894668.4898867011,"n_hex":21,"sample_h3":"871f14a49ffffff","log_pop":4.8394789733,"log_mass":7.5785781121},{"country_iso":"DEU","city_id":2420,"city":"G\u00fctersloh","pop_total":32605.931007547,"mass_total":17263327.8620876074,"n_hex":11,"sample_h3":"871f12a04ffffff","log_pop":4.5132966053,"log_mass":7.2371245187},{"country_iso":"DEU","city_id":2422,"city":"Lemwerder","pop_total":30317.6986622483,"mass_total":12510147.6375144124,"n_hex":13,"sample_h3":"871f14250ffffff","log_pop":4.481696232,"log_mass":7.097262435},{"country_iso":"DEU","city_id":2423,"city":"Wiesbaden","pop_total":240079.7190316649,"mass_total":92912527.8603650779,"n_hex":42,"sample_h3":"871fae020ffffff","log_pop":5.3803554742,"log_mass":7.968074276},{"country_iso":"DEU","city_id":2431,"city":"Delmenhorst","pop_total":36601.3292022864,"mass_total":18952062.6950703636,"n_hex":14,"sample_h3":"871f10944ffffff","log_pop":4.5634968574,"log_mass":7.2776564844},{"country_iso":"DEU","city_id":2432,"city":"Bielefeld","pop_total":130992.8093209683,"mass_total":56387785.7050803304,"n_hex":33,"sample_h3":"871f12a2dffffff","log_pop":5.1172474563,"log_mass":7.7511850406},{"country_iso":"DEU","city_id":2439,"city":"Bremen","pop_total":234724.7637090351,"mass_total":114489027.6878081411,"n_hex":53,"sample_h3":"871f15412ffffff","log_pop":5.3705589105,"log_mass":8.0587638671},{"country_iso":"DEU","city_id":2440,"city":"R\u00fcsselsheim am Main","pop_total":47553.2481430035,"mass_total":27554263.763353955,"n_hex":17,"sample_h3":"871fae044ffffff","log_pop":4.6771801869,"log_mass":7.4401888114},{"country_iso":"DEU","city_id":2441,"city":"Karlsruhe","pop_total":161430.6048544024,"mass_total":71246718.1462026089,"n_hex":41,"sample_h3":"871f85261ffffff","log_pop":5.207985874,"log_mass":7.8527648641},{"country_iso":"DEU","city_id":2442,"city":"Mannheim","pop_total":303866.7921324225,"mass_total":146448365.8231520653,"n_hex":61,"sample_h3":"871fae600ffffff","log_pop":5.4826832411,"log_mass":8.1656845299},{"country_iso":"DEU","city_id":2445,"city":"Frankfurt am Main","pop_total":571842.8696823335,"mass_total":229763000.4748216867,"n_hex":95,"sample_h3":"871fa8db0ffffff","log_pop":5.7572767103,"log_mass":8.3612800941},{"country_iso":"DEU","city_id":2448,"city":"Paderborn","pop_total":56842.3025890032,"mass_total":32774830.5528882444,"n_hex":19,"sample_h3":"871f12340ffffff","log_pop":4.7546716622,"log_mass":7.515540455},{"country_iso":"DEU","city_id":2452,"city":"M\u00f6rfelden-Walldorf","pop_total":39259.2003189947,"mass_total":18715604.2697601952,"n_hex":12,"sample_h3":"871fae06dffffff","log_pop":4.5939414491,"log_mass":7.2722038537},{"country_iso":"DEU","city_id":2458,"city":"Gie\u00dfen","pop_total":32872.2605837336,"mass_total":17264138.016322583,"n_hex":12,"sample_h3":"871fac444ffffff","log_pop":4.516829571,"log_mass":7.2371448993},{"country_iso":"DEU","city_id":2461,"city":"Darmstadt","pop_total":68730.0720913429,"mass_total":34224240.3363882154,"n_hex":18,"sample_h3":"871fae048ffffff","log_pop":4.8371467994,"log_mass":7.534333817},{"country_iso":"DEU","city_id":2467,"city":"Heidelberg","pop_total":101401.8396431264,"mass_total":37870340.9884531945,"n_hex":25,"sample_h3":"871faa990ffffff","log_pop":5.0060458341,"log_mass":7.5782992156},{"country_iso":"DEU","city_id":2474,"city":"Flensburg","pop_total":42531.2474836406,"mass_total":21013036.2125872411,"n_hex":20,"sample_h3":"871f31620ffffff","log_pop":4.6287081212,"log_mass":7.322488809},{"country_iso":"DEU","city_id":2477,"city":"Pforzheim","pop_total":40979.8300809374,"mass_total":18585796.3957980126,"n_hex":13,"sample_h3":"871faa420ffffff","log_pop":4.6125701533,"log_mass":7.2691811752},{"country_iso":"DEU","city_id":2502,"city":"Aschaffenburg","pop_total":43315.4030071296,"mass_total":26059121.1414532363,"n_hex":18,"sample_h3":"871fa8c80ffffff","log_pop":4.6366423594,"log_mass":7.4159597648},{"country_iso":"DEU","city_id":2506,"city":"Sindelfingen","pop_total":43513.6055943199,"mass_total":21876319.2949602306,"n_hex":12,"sample_h3":"871f81b64ffffff","log_pop":4.638625071,"log_mass":7.3399742535},{"country_iso":"DEU","city_id":2514,"city":"Stuttgart","pop_total":543246.4322906326,"mass_total":199923600.4637781978,"n_hex":109,"sample_h3":"871faa083ffffff","log_pop":5.7349968828,"log_mass":8.3008640645},{"country_iso":"DEU","city_id":2516,"city":"T\u00fcbingen","pop_total":24071.5628159383,"mass_total":9111840.7929647602,"n_hex":9,"sample_h3":"871f81a62ffffff","log_pop":4.3815042872,"log_mass":6.9596061229},{"country_iso":"DEU","city_id":2523,"city":"Hanover","pop_total":370294.7029769379,"mass_total":168491868.0647815466,"n_hex":73,"sample_h3":"871f10258ffffff","log_pop":5.5685474996,"log_mass":8.2265789453},{"country_iso":"DEU","city_id":2524,"city":"Kassel","pop_total":132910.3439120279,"mass_total":60505475.2270053029,"n_hex":32,"sample_h3":"871f134c8ffffff","log_pop":5.1235587818,"log_mass":7.7817946764},{"country_iso":"DEU","city_id":2527,"city":"Heilbronn","pop_total":70882.7669177149,"mass_total":36404665.2079961449,"n_hex":21,"sample_h3":"871faa000ffffff","log_pop":4.8505406619,"log_mass":7.5611570415},{"country_iso":"DEU","city_id":2531,"city":"Hamburg","pop_total":947254.6659857441,"mass_total":345074370.8146543503,"n_hex":153,"sample_h3":"871f02d96ffffff","log_pop":5.9764667532,"log_mass":8.5379127048},{"country_iso":"DEU","city_id":2532,"city":"Echterdingen","pop_total":32774.6222577834,"mass_total":14318154.9686650485,"n_hex":12,"sample_h3":"871faa612ffffff","log_pop":4.515537695,"log_mass":7.1558870586},{"country_iso":"DEU","city_id":2533,"city":"Reutlingen","pop_total":62461.4926841437,"mass_total":26317478.7528853156,"n_hex":19,"sample_h3":"871f81a40ffffff","log_pop":4.7956123586,"log_mass":7.420244281},{"country_iso":"DEU","city_id":2549,"city":"Constance","pop_total":48587.7707861994,"mass_total":15072793.9977674037,"n_hex":12,"sample_h3":"871f8e810ffffff","log_pop":4.686526974,"log_mass":7.1781937636},{"country_iso":"DEU","city_id":2554,"city":"Kiel","pop_total":112720.8695412253,"mass_total":45729358.785129264,"n_hex":30,"sample_h3":"871f06000ffffff","log_pop":5.0520043303,"log_mass":7.6601951118},{"country_iso":"DEU","city_id":2567,"city":"Fulda","pop_total":30716.7498065023,"mass_total":18537453.6366951987,"n_hex":12,"sample_h3":"871fa8908ffffff","log_pop":4.4873752603,"log_mass":7.2680500778},{"country_iso":"DEU","city_id":2575,"city":"Hildesheim","pop_total":37177.0618833074,"mass_total":17608459.1343070976,"n_hex":11,"sample_h3":"871f13b00ffffff","log_pop":4.5702750643,"log_mass":7.2457213538},{"country_iso":"DEU","city_id":2584,"city":"Reinbek","pop_total":46156.8299846453,"mass_total":15150182.4498926084,"n_hex":14,"sample_h3":"871f15340ffffff","log_pop":4.6642359742,"log_mass":7.180417863},{"country_iso":"DEU","city_id":2585,"city":"G\u00f6ttingen","pop_total":54695.9064736123,"mass_total":22189098.6933355443,"n_hex":15,"sample_h3":"871f13740ffffff","log_pop":4.7379548243,"log_mass":7.3461396618},{"country_iso":"DEU","city_id":2594,"city":"G\u00f6ppingen","pop_total":35418.2030597911,"mass_total":17379037.6885099597,"n_hex":12,"sample_h3":"871f8c984ffffff","log_pop":4.5492265235,"log_mass":7.240025725},{"country_iso":"DEU","city_id":2612,"city":"W\u00fcrzburg","pop_total":69697.3874509494,"mass_total":32542784.7492769994,"n_hex":24,"sample_h3":"871fa8624ffffff","log_pop":4.8432164992,"log_mass":7.5124547136},{"country_iso":"DEU","city_id":2621,"city":"L\u00fcneburg","pop_total":33203.1629229172,"mass_total":18082978.2630662397,"n_hex":15,"sample_h3":"871f02582ffffff","log_pop":4.5211794564,"log_mass":7.2572699602},{"country_iso":"DEU","city_id":2630,"city":"L\u00fcbeck","pop_total":85925.4991075988,"mass_total":40838181.0005783737,"n_hex":25,"sample_h3":"871f02986ffffff","log_pop":4.9341220635,"log_mass":7.6110663897},{"country_iso":"DEU","city_id":2637,"city":"Ulm","pop_total":53317.7154472211,"mass_total":28409804.9214952104,"n_hex":20,"sample_h3":"871f8c024ffffff","log_pop":4.7268715325,"log_mass":7.4534682516},{"country_iso":"DEU","city_id":2641,"city":"Brunswick","pop_total":108940.381738759,"mass_total":52005121.6813265458,"n_hex":30,"sample_h3":"871f11602ffffff","log_pop":5.0371888928,"log_mass":7.7160461169},{"country_iso":"DEU","city_id":2670,"city":"Wolfsburg","pop_total":32693.3381017886,"mass_total":25060619.405791644,"n_hex":15,"sample_h3":"871f11660ffffff","log_pop":4.5144592658,"log_mass":7.3989918009},{"country_iso":"DEU","city_id":2693,"city":"Kempten (Allg\u00e4u)","pop_total":23012.1805012264,"mass_total":10448350.151158981,"n_hex":10,"sample_h3":"871f88d01ffffff","log_pop":4.3619577719,"log_mass":7.0190477185},{"country_iso":"DEU","city_id":2713,"city":"Erfurt","pop_total":79537.8364114079,"mass_total":41048226.2199026942,"n_hex":23,"sample_h3":"871fad049ffffff","log_pop":4.9005737731,"log_mass":7.6132943951},{"country_iso":"DEU","city_id":2716,"city":"Bamberg","pop_total":39034.2303339565,"mass_total":20108028.919563286,"n_hex":14,"sample_h3":"871fa9580ffffff","log_pop":4.5914456205,"log_mass":7.3033695012},{"country_iso":"DEU","city_id":2730,"city":"Nuremberg","pop_total":373354.3520244758,"mass_total":147564033.392108053,"n_hex":59,"sample_h3":"871fab065ffffff","log_pop":5.5721212181,"log_mass":8.1689805174},{"country_iso":"DEU","city_id":2733,"city":"Erlangen","pop_total":47754.538096053,"mass_total":22652748.9632454626,"n_hex":16,"sample_h3":"871fabb12ffffff","log_pop":4.6790146487,"log_mass":7.3551209122},{"country_iso":"DEU","city_id":2734,"city":"Augsburg","pop_total":193631.2172260873,"mass_total":68687367.4287753552,"n_hex":34,"sample_h3":"871f8c240ffffff","log_pop":5.2869753756,"log_mass":7.8368768716},{"country_iso":"DEU","city_id":2748,"city":"Magdeburg","pop_total":125056.4467414267,"mass_total":64067993.3994133994,"n_hex":32,"sample_h3":"871f1ea36ffffff","log_pop":5.0971060848,"log_mass":7.8066411222},{"country_iso":"DEU","city_id":2753,"city":"Rostock","pop_total":99838.5656373996,"mass_total":49129398.9633534402,"n_hex":29,"sample_h3":"871f00600ffffff","log_pop":4.999298333,"log_mass":7.6913414511},{"country_iso":"DEU","city_id":2757,"city":"Jena","pop_total":45613.8880193392,"mass_total":18174754.210133858,"n_hex":16,"sample_h3":"871f1a510ffffff","log_pop":4.659097092,"log_mass":7.2594685463},{"country_iso":"DEU","city_id":2770,"city":"Bayreuth","pop_total":30926.2454517252,"mass_total":15077248.6689827479,"n_hex":11,"sample_h3":"871fa9700ffffff","log_pop":4.4903271984,"log_mass":7.1783220977},{"country_iso":"DEU","city_id":2771,"city":"Ingolstadt","pop_total":58191.9908485964,"mass_total":30810870.7640096806,"n_hex":14,"sample_h3":"871f8d812ffffff","log_pop":4.7648632154,"log_mass":7.4887039723},{"country_iso":"DEU","city_id":2782,"city":"Halle (Saale)","pop_total":120847.5442875558,"mass_total":52534605.2147850916,"n_hex":26,"sample_h3":"871f1a832ffffff","log_pop":5.0822378296,"log_mass":7.720445473},{"country_iso":"DEU","city_id":2784,"city":"Munich","pop_total":1003870.3219212177,"mass_total":232731254.4139338732,"n_hex":92,"sample_h3":"871f8d440ffffff","log_pop":6.0016776151,"log_mass":8.3668547104},{"country_iso":"DEU","city_id":2799,"city":"Gera","pop_total":34341.8095747158,"mass_total":18819087.7782101445,"n_hex":12,"sample_h3":"871f1a440ffffff","log_pop":4.5358231757,"log_mass":7.2745985679},{"country_iso":"DEU","city_id":2806,"city":"Leipzig","pop_total":279219.0187211168,"mass_total":123639551.5674636066,"n_hex":52,"sample_h3":"871f1a12dffffff","log_pop":5.4459449965,"log_mass":8.0921574212},{"country_iso":"DEU","city_id":2818,"city":"Regensburg","pop_total":84116.1752307583,"mass_total":39739038.3053974882,"n_hex":21,"sample_h3":"871e36452ffffff","log_pop":4.9248795171,"log_mass":7.5992173529},{"country_iso":"DEU","city_id":2826,"city":"Landshut","pop_total":34579.0079506921,"mass_total":17489307.681250941,"n_hex":12,"sample_h3":"871f8d320ffffff","log_pop":4.5388125295,"log_mass":7.2427726182},{"country_iso":"DEU","city_id":2830,"city":"Zwickau","pop_total":32184.1000823554,"mass_total":20311236.9885553829,"n_hex":14,"sample_h3":"871f1a601ffffff","log_pop":4.5076413701,"log_mass":7.3077363735},{"country_iso":"DEU","city_id":2833,"city":"Rosenheim","pop_total":35140.7474145422,"mass_total":12975278.7784729451,"n_hex":12,"sample_h3":"871f89d40ffffff","log_pop":4.5458109943,"log_mass":7.1131166976},{"country_iso":"DEU","city_id":2849,"city":"Potsdam","pop_total":62361.0812785429,"mass_total":26765305.3747634441,"n_hex":18,"sample_h3":"871f18808ffffff","log_pop":4.7949136368,"log_mass":7.4275722028},{"country_iso":"DEU","city_id":2851,"city":"Berlin","pop_total":2265338.8115512836,"mass_total":653579515.8031350374,"n_hex":191,"sample_h3":"871f18841ffffff","log_pop":6.3551331657,"log_mass":8.8152984323},{"country_iso":"DEU","city_id":2852,"city":"Chemnitz","pop_total":94158.4438533872,"mass_total":46955426.0828070715,"n_hex":26,"sample_h3":"871e34900ffffff","log_pop":4.9738592724,"log_mass":7.6716857858},{"country_iso":"DEU","city_id":2887,"city":"Dresden","pop_total":325601.6350074525,"mass_total":136346241.885379076,"n_hex":62,"sample_h3":"871f1b090ffffff","log_pop":5.512686577,"log_mass":8.134643172},{"country_iso":"DEU","city_id":2916,"city":"Cottbus","pop_total":37637.5240195934,"mass_total":21753927.4123848155,"n_hex":14,"sample_h3":"871f19488ffffff","log_pop":4.5756210457,"log_mass":7.3375376751},{"country_iso":"DEU","city_id":2942,"city":"G\u00f6rlitz","pop_total":35274.8556722613,"mass_total":16240992.0204449482,"n_hex":11,"sample_h3":"871e26510ffffff","log_pop":4.5474652455,"log_mass":7.210612553}]