[{"country_iso":"IDN","city_id":10340,"city":"Banda Aceh","pop_total":127222.6388326084,"mass_total":42528267.8825460002,"n_hex":31,"sample_h3":"87655224cffffff","log_pop":5.1045643994,"log_mass":7.6286776949},{"country_iso":"IDN","city_id":10386,"city":"Sigli","pop_total":12023.9058478341,"mass_total":3969577.6933444683,"n_hex":10,"sample_h3":"876552ab4ffffff","log_pop":4.0800455669,"log_mass":6.5987443065},{"country_iso":"IDN","city_id":10411,"city":"Meulaboh","pop_total":8771.8435722865,"mass_total":3633120.2734365785,"n_hex":7,"sample_h3":"876550980ffffff","log_pop":3.9430908783,"log_mass":6.5602797753},{"country_iso":"IDN","city_id":10422,"city":"Pineung Siri Bee","pop_total":2121.8731702225,"mass_total":992971.74933376,"n_hex":8,"sample_h3":"876552834ffffff","log_pop":3.3267194215,"log_mass":5.9969368927},{"country_iso":"IDN","city_id":10462,"city":"Bireuen","pop_total":14610.7134765569,"mass_total":2871636.087817058,"n_hex":9,"sample_h3":"876556600ffffff","log_pop":4.1646714241,"log_mass":6.4581294025},{"country_iso":"IDN","city_id":10491,"city":"Uteun Geulinggang","pop_total":6588.1234757068,"mass_total":1637919.0991100715,"n_hex":8,"sample_h3":"8765564e8ffffff","log_pop":3.8187617302,"log_mass":6.2142924471},{"country_iso":"IDN","city_id":10515,"city":"Lhokseumawe","pop_total":22088.8410685782,"mass_total":8775426.7264588755,"n_hex":10,"sample_h3":"876556400ffffff","log_pop":4.3441729304,"log_mass":6.9432682443},{"country_iso":"IDN","city_id":10519,"city":"Murong","pop_total":5628.6775294491,"mass_total":1049394.0917177193,"n_hex":8,"sample_h3":"876556420ffffff","log_pop":3.7504063684,"log_mass":6.0209386147},{"country_iso":"IDN","city_id":10551,"city":"Lahewa","pop_total":275.0797522068,"mass_total":141949.3967603859,"n_hex":1,"sample_h3":"8765708e1ffffff","log_pop":2.4394586245,"log_mass":5.1521335513},{"country_iso":"IDN","city_id":10606,"city":"Gunungsitoli","pop_total":9890.0333687128,"mass_total":2509178.2301035291,"n_hex":6,"sample_h3":"876574650ffffff","log_pop":3.9951977569,"log_mass":6.3995315109},{"country_iso":"IDN","city_id":10629,"city":"Langsa","pop_total":38981.2128880519,"mass_total":8574157.0131449662,"n_hex":9,"sample_h3":"876509481ffffff","log_pop":4.5908553479,"log_mass":6.9331914322},{"country_iso":"IDN","city_id":10633,"city":"Teluk Dalam","pop_total":2183.7020222383,"mass_total":562957.6376969949,"n_hex":4,"sample_h3":"876574b85ffffff","log_pop":3.3391933763,"log_mass":5.7504757156},{"country_iso":"IDN","city_id":10640,"city":"Karang Baru","pop_total":4551.6663492408,"mass_total":1786658.9012969558,"n_hex":6,"sample_h3":"876509518ffffff","log_pop":3.6581704195,"log_mass":6.2520416474},{"country_iso":"IDN","city_id":10668,"city":"Pangkalan Brandan","pop_total":6521.9975599121,"mass_total":2020632.3641216834,"n_hex":7,"sample_h3":"876509d83ffffff","log_pop":3.814380632,"log_mass":6.3054873047},{"country_iso":"IDN","city_id":10683,"city":"Sidikalang","pop_total":6862.9277661108,"mass_total":2773781.9580727206,"n_hex":9,"sample_h3":"87650da04ffffff","log_pop":3.8365094279,"log_mass":6.443072319},{"country_iso":"IDN","city_id":10692,"city":"Medan","pop_total":1969648.032035921,"mass_total":250602549.316957593,"n_hex":175,"sample_h3":"876508b00ffffff","log_pop":6.2943886265,"log_mass":8.3989854846},{"country_iso":"IDN","city_id":10694,"city":"Stabat","pop_total":8517.4696365356,"mass_total":2576957.9645347865,"n_hex":9,"sample_h3":"876508b48ffffff","log_pop":3.930310594,"log_mass":6.4111073344},{"country_iso":"IDN","city_id":10709,"city":"Lepar Samura","pop_total":9737.1819447985,"mass_total":2857713.8862291384,"n_hex":8,"sample_h3":"87650d001ffffff","log_pop":3.9884332851,"log_mass":6.4560187452},{"country_iso":"IDN","city_id":10748,"city":"Sibolga","pop_total":24149.8238930833,"mass_total":4019011.4321097219,"n_hex":8,"sample_h3":"8765296d0ffffff","log_pop":4.3829139681,"log_mass":6.6041192415},{"country_iso":"IDN","city_id":10749,"city":"Lubuk Pakam","pop_total":28060.6150320109,"mass_total":7651523.2814291045,"n_hex":16,"sample_h3":"87650d416ffffff","log_pop":4.4480971857,"log_mass":6.883747904},{"country_iso":"IDN","city_id":10754,"city":"Pandan","pop_total":9144.0460664581,"mass_total":2341165.2718353225,"n_hex":7,"sample_h3":"876529618ffffff","log_pop":3.9611384053,"log_mass":6.3694320733},{"country_iso":"IDN","city_id":10772,"city":"Tarutung","pop_total":3144.4128988939,"mass_total":1783097.6974643907,"n_hex":7,"sample_h3":"87652ba52ffffff","log_pop":3.4975395692,"log_mass":6.2511751392},{"country_iso":"IDN","city_id":10777,"city":"Pematang Siantar","pop_total":136055.4263767869,"mass_total":18148060.0256284922,"n_hex":23,"sample_h3":"87650dd00ffffff","log_pop":5.1337158677,"log_mass":7.258830207},{"country_iso":"IDN","city_id":10798,"city":"Tebing Tinggi","pop_total":78998.6136814791,"mass_total":8876568.8145847414,"n_hex":12,"sample_h3":"87650c340ffffff","log_pop":4.8976194701,"log_mass":6.9482451242},{"country_iso":"IDN","city_id":10823,"city":"Padang Sidempuan","pop_total":37473.2782243429,"mass_total":7794928.0695197452,"n_hex":17,"sample_h3":"876529540ffffff","log_pop":4.5737216876,"log_mass":6.8918121119},{"country_iso":"IDN","city_id":10832,"city":"Pakam","pop_total":4281.2827535367,"mass_total":1949560.3728368713,"n_hex":11,"sample_h3":"87650c04dffffff","log_pop":3.6315739114,"log_mass":6.2899366887},{"country_iso":"IDN","city_id":10873,"city":"Kisaran","pop_total":23340.6962392732,"mass_total":5374040.9003495462,"n_hex":8,"sample_h3":"87650c841ffffff","log_pop":4.3681138067,"log_mass":6.7303009674},{"country_iso":"IDN","city_id":10876,"city":"Panyabungan","pop_total":7702.3260804644,"mass_total":2179681.7838054439,"n_hex":10,"sample_h3":"87652d652ffffff","log_pop":3.8866219007,"log_mass":6.3383930947},{"country_iso":"IDN","city_id":10882,"city":"Tanjung Balai","pop_total":44080.6071730296,"mass_total":6385863.0321811158,"n_hex":17,"sample_h3":"87650c828ffffff","log_pop":4.6442475679,"log_mass":6.8052195993},{"country_iso":"IDN","city_id":10883,"city":"Gunung Tua","pop_total":1569.8640923837,"mass_total":588356.8125223627,"n_hex":5,"sample_h3":"876528209ffffff","log_pop":3.1958620559,"log_mass":5.7696407865},{"country_iso":"IDN","city_id":10907,"city":"Rantau Prapat","pop_total":18773.6337303068,"mass_total":5866576.0388202984,"n_hex":13,"sample_h3":"8765286c0ffffff","log_pop":4.2735483406,"log_mass":6.7683847041},{"country_iso":"IDN","city_id":10915,"city":"Simpang Ampek","pop_total":2503.2768981541,"mass_total":970774.3310455274,"n_hex":7,"sample_h3":"87652d8c9ffffff","log_pop":3.3985088914,"log_mass":5.9871182843},{"country_iso":"IDN","city_id":10946,"city":"Nagari Lansek Kadok","pop_total":851.5372362511,"mass_total":725539.7696171338,"n_hex":9,"sample_h3":"87652d190ffffff","log_pop":2.9302036437,"log_mass":5.8606612228},{"country_iso":"IDN","city_id":10957,"city":"Pariaman","pop_total":11310.6165582021,"mass_total":2258032.9863876491,"n_hex":8,"sample_h3":"878cd3369ffffff","log_pop":4.0534862796,"log_mass":6.353730282},{"country_iso":"IDN","city_id":10983,"city":"Pasir Pengaraian","pop_total":3989.0585278324,"mass_total":1813366.127419482,"n_hex":7,"sample_h3":"876528961ffffff","log_pop":3.6008704084,"log_mass":6.2584854991},{"country_iso":"IDN","city_id":10988,"city":"Padang","pop_total":376934.5261046241,"mass_total":56427808.4924284741,"n_hex":51,"sample_h3":"878cd14daffffff","log_pop":5.5762659194,"log_mass":7.7514931837},{"country_iso":"IDN","city_id":10994,"city":"Bagan Batu","pop_total":3102.0194685749,"mass_total":1458335.9591714202,"n_hex":6,"sample_h3":"876528540ffffff","log_pop":3.4916445192,"log_mass":6.1638575846},{"country_iso":"IDN","city_id":10995,"city":"Bukittinggi","pop_total":54801.8940965727,"mass_total":11697722.6331031229,"n_hex":24,"sample_h3":"878cd3380ffffff","log_pop":4.7387955691,"log_mass":7.0681013195},{"country_iso":"IDN","city_id":11024,"city":"Ujung Batu","pop_total":4432.7239997471,"mass_total":1734264.8649836611,"n_hex":6,"sample_h3":"87652c200ffffff","log_pop":3.6466706911,"log_mass":6.2391154257},{"country_iso":"IDN","city_id":11032,"city":"Batusangkar","pop_total":3754.2861775997,"mass_total":1441229.8216899647,"n_hex":8,"sample_h3":"878cd300dffffff","log_pop":3.5745273745,"log_mass":6.1587332399},{"country_iso":"IDN","city_id":11040,"city":"Payakumbuh","pop_total":23287.1862524799,"mass_total":5950835.234354144,"n_hex":12,"sample_h3":"878cd3089ffffff","log_pop":4.3671170167,"log_mass":6.7745779258},{"country_iso":"IDN","city_id":11045,"city":"Solok","pop_total":13013.5868591271,"mass_total":3540327.577863629,"n_hex":11,"sample_h3":"878cd3841ffffff","log_pop":4.1143970151,"log_mass":6.5490434481},{"country_iso":"IDN","city_id":11062,"city":"Bagan Siapi-api","pop_total":5863.9008754263,"mass_total":1833061.4654892955,"n_hex":6,"sample_h3":"87652a910ffffff","log_pop":3.7681866203,"log_mass":6.2631770278},{"country_iso":"IDN","city_id":11064,"city":"Alahan Panjang","pop_total":2110.4218318808,"mass_total":1342608.1589642728,"n_hex":11,"sample_h3":"878cd02c9ffffff","log_pop":3.3243692709,"log_mass":6.127949282},{"country_iso":"IDN","city_id":11096,"city":"Bangkinang","pop_total":9066.1314264559,"mass_total":2203811.3977906262,"n_hex":7,"sample_h3":"87652c852ffffff","log_pop":3.9574220105,"log_mass":6.3431744248},{"country_iso":"IDN","city_id":11119,"city":"Duri","pop_total":26408.5717182748,"mass_total":11276446.2502288446,"n_hex":14,"sample_h3":"87652c499ffffff","log_pop":4.4217449135,"log_mass":7.0521722542},{"country_iso":"IDN","city_id":11145,"city":"Semurup","pop_total":4904.4091141607,"mass_total":1984129.5146620707,"n_hex":8,"sample_h3":"878cd5405ffffff","log_pop":3.6905866908,"log_mass":6.2975700174},{"country_iso":"IDN","city_id":11146,"city":"Pekanbaru","pop_total":336215.5483815474,"mass_total":65622890.2212716639,"n_hex":53,"sample_h3":"87652cc20ffffff","log_pop":5.5266177936,"log_mass":7.8170553541},{"country_iso":"IDN","city_id":11149,"city":"Dumai","pop_total":81372.3704757765,"mass_total":12911136.5157229081,"n_hex":10,"sample_h3":"87652e100ffffff","log_pop":4.9104769677,"log_mass":7.1109644732},{"country_iso":"IDN","city_id":11169,"city":"Taluk Kuantan","pop_total":2826.1872998069,"mass_total":1249246.4129471283,"n_hex":6,"sample_h3":"878cd2a20ffffff","log_pop":3.4512009404,"log_mass":6.0966481111},{"country_iso":"IDN","city_id":11178,"city":"Perawang","pop_total":10464.9893874094,"mass_total":7386184.5772160757,"n_hex":10,"sample_h3":"87652cd80ffffff","log_pop":4.0197387923,"log_mass":6.8684201563},{"country_iso":"IDN","city_id":11217,"city":"Pangkalan Kerinci","pop_total":5586.8751092799,"mass_total":2926494.3386025284,"n_hex":8,"sample_h3":"876521b60ffffff","log_pop":3.7471689631,"log_mass":6.4663476883},{"country_iso":"IDN","city_id":11251,"city":"Muara Bungo","pop_total":2187.9794773008,"mass_total":1409385.2881631495,"n_hex":9,"sample_h3":"878cd4680ffffff","log_pop":3.3400432441,"log_mass":6.1490297338},{"country_iso":"IDN","city_id":11252,"city":"Bengkalis","pop_total":7435.0714211258,"mass_total":3650052.6849471205,"n_hex":5,"sample_h3":"876521790ffffff","log_pop":3.8712851447,"log_mass":6.5622991331},{"country_iso":"IDN","city_id":11253,"city":"Arga Makmur","pop_total":1040.8691489033,"mass_total":869291.5440029884,"n_hex":5,"sample_h3":"878cf3814ffffff","log_pop":3.0173961363,"log_mass":5.9391654551},{"country_iso":"IDN","city_id":11258,"city":"Unit 1","pop_total":170.5667913306,"mass_total":162747.5306933893,"n_hex":2,"sample_h3":"878cd6a48ffffff","log_pop":2.2318944797,"log_mass":5.2115144079},{"country_iso":"IDN","city_id":11268,"city":"Bengkulu","pop_total":119069.2114756397,"mass_total":22978404.3969846852,"n_hex":27,"sample_h3":"878cf0202ffffff","log_pop":5.0757994776,"log_mass":7.3613198683},{"country_iso":"IDN","city_id":11290,"city":"Bangko","pop_total":660.4947526838,"mass_total":412220.678607569,"n_hex":5,"sample_h3":"878cd4004ffffff","log_pop":2.8198693717,"log_mass":5.6151297739},{"country_iso":"IDN","city_id":11304,"city":"Curup","pop_total":25198.915443067,"mass_total":5441383.1269603139,"n_hex":14,"sample_h3":"878cf0601ffffff","log_pop":4.4013818492,"log_mass":6.7357093056},{"country_iso":"IDN","city_id":11342,"city":"Sarolangun","pop_total":1318.0238433726,"mass_total":962164.4579263002,"n_hex":6,"sample_h3":"878cf26c3ffffff","log_pop":3.1199232668,"log_mass":5.9832493102},{"country_iso":"IDN","city_id":11350,"city":"Selatpanjang","pop_total":6958.2834944557,"mass_total":2540622.846249152,"n_hex":4,"sample_h3":"876521d80ffffff","log_pop":3.8425021188,"log_mass":6.4049401991},{"country_iso":"IDN","city_id":11351,"city":"Manna","pop_total":5029.0511329426,"mass_total":3169805.3235533526,"n_hex":7,"sample_h3":"878cf0964ffffff","log_pop":3.7014860513,"log_mass":6.5010325905},{"country_iso":"IDN","city_id":11356,"city":"Lubuklinggau","pop_total":19422.8346068364,"mass_total":7195455.1586878421,"n_hex":13,"sample_h3":"878cf2b00ffffff","log_pop":4.288312612,"log_mass":6.8570582711},{"country_iso":"IDN","city_id":11406,"city":"Pagar Alam","pop_total":6311.5018827831,"mass_total":2236137.2494792175,"n_hex":5,"sample_h3":"878cf0d00ffffff","log_pop":3.8001327161,"log_mass":6.3494984561},{"country_iso":"IDN","city_id":11423,"city":"Tembilahan","pop_total":5550.4994084134,"mass_total":2822892.5475971885,"n_hex":6,"sample_h3":"876525903ffffff","log_pop":3.7443320607,"log_mass":6.4506943472},{"country_iso":"IDN","city_id":11436,"city":"Muara Bulian","pop_total":2455.1176652254,"mass_total":715581.0670728213,"n_hex":5,"sample_h3":"878c89009ffffff","log_pop":3.3900723112,"log_mass":5.8546588414},{"country_iso":"IDN","city_id":11462,"city":"Tanjung Balai Karimun","pop_total":17757.2787993263,"mass_total":4929229.21564571,"n_hex":8,"sample_h3":"876520881ffffff","log_pop":4.2493764134,"log_mass":6.6927790139},{"country_iso":"IDN","city_id":11466,"city":"Lahat","pop_total":12401.814479424,"mass_total":4504229.3883247338,"n_hex":7,"sample_h3":"878cf6a88ffffff","log_pop":4.0934852304,"log_mass":6.6536204999},{"country_iso":"IDN","city_id":11472,"city":"Kuala Tungkal","pop_total":2173.6121871537,"mass_total":1489537.1157614279,"n_hex":3,"sample_h3":"878c8ba83ffffff","log_pop":3.3371820604,"log_mass":6.1730513293},{"country_iso":"IDN","city_id":11489,"city":"Jambi","pop_total":296976.7631292156,"mass_total":42192431.7421942279,"n_hex":31,"sample_h3":"878c89190ffffff","log_pop":5.4727224694,"log_mass":7.6252345565},{"country_iso":"IDN","city_id":11509,"city":"Muara Enim","pop_total":4802.3138059784,"mass_total":1922393.9133361578,"n_hex":7,"sample_h3":"878cf6028ffffff","log_pop":3.6814505355,"log_mass":6.2838423827},{"country_iso":"IDN","city_id":11511,"city":"Tanjung Enim","pop_total":11293.3784168524,"mass_total":3401075.5759350201,"n_hex":10,"sample_h3":"878cf6140ffffff","log_pop":4.0528238807,"log_mass":6.5316162826},{"country_iso":"IDN","city_id":11533,"city":"Liwa","pop_total":2240.5046982653,"mass_total":1277837.3245701494,"n_hex":14,"sample_h3":"878c1a602ffffff","log_pop":3.350345859,"log_mass":6.1064755694},{"country_iso":"IDN","city_id":11547,"city":"Batam City","pop_total":439364.0673394596,"mass_total":61600052.5953382328,"n_hex":50,"sample_h3":"876524690ffffff","log_pop":5.642824536,"log_mass":7.789581083},{"country_iso":"IDN","city_id":11565,"city":"Baturaja","pop_total":13432.2051737935,"mass_total":4205293.8693732098,"n_hex":7,"sample_h3":"878ca9298ffffff","log_pop":4.1281473169,"log_mass":6.62379635},{"country_iso":"IDN","city_id":11585,"city":"Prabumulih","pop_total":7870.4962737327,"mass_total":3925152.9913317775,"n_hex":9,"sample_h3":"878cf6524ffffff","log_pop":3.8960021176,"log_mass":6.593856589},{"country_iso":"IDN","city_id":11629,"city":"Pengujan","pop_total":377.8279180527,"mass_total":117378.3134884308,"n_hex":2,"sample_h3":"8765244b2ffffff","log_pop":2.5772940452,"log_mass":5.0695878652},{"country_iso":"IDN","city_id":11638,"city":"Tanjung Pinang","pop_total":11522.4360753705,"mass_total":8647590.5066084936,"n_hex":10,"sample_h3":"876524590ffffff","log_pop":4.0615443074,"log_mass":6.9368951161},{"country_iso":"IDN","city_id":11644,"city":"Sidogede","pop_total":3640.5369726779,"mass_total":840072.3358027393,"n_hex":5,"sample_h3":"878ca9445ffffff","log_pop":3.561165446,"log_mass":5.9243166833},{"country_iso":"IDN","city_id":11647,"city":"Kalibening","pop_total":3975.3989837104,"mass_total":1168996.2906988123,"n_hex":6,"sample_h3":"878c1ac16ffffff","log_pop":3.5993807224,"log_mass":6.0678131331},{"country_iso":"IDN","city_id":11652,"city":"Tanjung Pering","pop_total":2393.9634992057,"mass_total":836285.2215454051,"n_hex":7,"sample_h3":"878cab382ffffff","log_pop":3.3791175244,"log_mass":5.9223544222},{"country_iso":"IDN","city_id":11653,"city":"Palembang","pop_total":872678.8332550947,"mass_total":93316560.1341620237,"n_hex":70,"sample_h3":"878cab600ffffff","log_pop":5.9408544423,"log_mass":7.9699587213},{"country_iso":"IDN","city_id":11658,"city":"Indralaya","pop_total":2521.6368090443,"mass_total":1037526.7387401209,"n_hex":8,"sample_h3":"878cab380ffffff","log_pop":3.4016825354,"log_mass":6.015999298},{"country_iso":"IDN","city_id":11670,"city":"Kotabumi","pop_total":22232.3313430225,"mass_total":3052072.250490258,"n_hex":9,"sample_h3":"878ca9900ffffff","log_pop":4.3469850064,"log_mass":6.4845948103},{"country_iso":"IDN","city_id":11678,"city":"Pringsewu","pop_total":15584.5404023825,"mass_total":2875056.6351875085,"n_hex":9,"sample_h3":"878cadac0ffffff","log_pop":4.1926939992,"log_mass":6.4586464042},{"country_iso":"IDN","city_id":11686,"city":"Tebing Suluh","pop_total":436.5616854612,"mass_total":474549.1660625045,"n_hex":6,"sample_h3":"878ca9480ffffff","log_pop":2.6400456175,"log_mass":5.6762812145},{"country_iso":"IDN","city_id":11695,"city":"Gedong Tataan","pop_total":3571.0532836877,"mass_total":775537.8262342191,"n_hex":6,"sample_h3":"878cadaa9ffffff","log_pop":3.5527963303,"log_mass":5.889602985},{"country_iso":"IDN","city_id":11715,"city":"Tanjungsari","pop_total":7738.014699805,"mass_total":1864113.5542736135,"n_hex":13,"sample_h3":"878cad068ffffff","log_pop":3.8886295504,"log_mass":6.2704723643},{"country_iso":"IDN","city_id":11719,"city":"Bandar Lampung","pop_total":466144.0958010243,"mass_total":56747571.8379961625,"n_hex":50,"sample_h3":"878cad161ffffff","log_pop":5.6685201878,"log_mass":7.7539472833},{"country_iso":"IDN","city_id":11723,"city":"Gunung Sugih","pop_total":9938.5514592339,"mass_total":2262439.992666842,"n_hex":7,"sample_h3":"878cad0dbffffff","log_pop":3.9973230907,"log_mass":6.3545770691},{"country_iso":"IDN","city_id":11742,"city":"Metro","pop_total":26394.2690407996,"mass_total":5755561.7289479086,"n_hex":13,"sample_h3":"878cad001ffffff","log_pop":4.4215096392,"log_mass":6.7600877161},{"country_iso":"IDN","city_id":11753,"city":"Sri Tejo Kencono","pop_total":1031.0204375286,"mass_total":451149.3135744355,"n_hex":4,"sample_h3":"878cad089ffffff","log_pop":3.0132672742,"log_mass":5.6543203009},{"country_iso":"IDN","city_id":11758,"city":"Muntok","pop_total":1040.1473136687,"mass_total":801424.0089928302,"n_hex":5,"sample_h3":"878c8c0d0ffffff","log_pop":3.0170948518,"log_mass":5.9038623488},{"country_iso":"IDN","city_id":11785,"city":"Kalianda","pop_total":4764.6451143545,"mass_total":1272820.1705379479,"n_hex":8,"sample_h3":"878c132c2ffffff","log_pop":3.6780305586,"log_mass":6.104767049},{"country_iso":"IDN","city_id":11797,"city":"Mekarsari","pop_total":559.2162349402,"mass_total":141683.5560731829,"n_hex":5,"sample_h3":"878c11781ffffff","log_pop":2.7475797712,"log_mass":5.1513194485},{"country_iso":"IDN","city_id":11807,"city":"Mekarjaya","pop_total":3064.1586937025,"mass_total":645724.5615942945,"n_hex":5,"sample_h3":"878c11782ffffff","log_pop":3.4863112538,"log_mass":5.8100473061},{"country_iso":"IDN","city_id":11817,"city":"Mekarjaya","pop_total":6830.5446092082,"mass_total":1038912.3752705886,"n_hex":7,"sample_h3":"878c13b40ffffff","log_pop":3.834455332,"log_mass":6.0165789195},{"country_iso":"IDN","city_id":11822,"city":"Kedung Ringin","pop_total":1590.4304214795,"mass_total":730580.6337600455,"n_hex":11,"sample_h3":"878c13641ffffff","log_pop":3.2015146742,"log_mass":5.8636681557},{"country_iso":"IDN","city_id":11834,"city":"Cilegon","pop_total":210237.5781159457,"mass_total":43209905.7060400173,"n_hex":59,"sample_h3":"878c13008ffffff","log_pop":5.3227103449,"log_mass":7.6355833186},{"country_iso":"IDN","city_id":11852,"city":"Pandeglang","pop_total":12153.9429923188,"mass_total":1910660.4252542893,"n_hex":16,"sample_h3":"878c13840ffffff","log_pop":4.084717195,"log_mass":6.2811835083},{"country_iso":"IDN","city_id":11859,"city":"Bayah Barat","pop_total":2317.2404940175,"mass_total":584547.8972338962,"n_hex":7,"sample_h3":"878c11c02ffffff","log_pop":3.3649711092,"log_mass":5.7668201026},{"country_iso":"IDN","city_id":11862,"city":"Jakarta","pop_total":19180118.4128839485,"mass_total":1619750859.0174422264,"n_hex":1163,"sample_h3":"878c10000ffffff","log_pop":7.2828512841,"log_mass":9.2094482189},{"country_iso":"IDN","city_id":11874,"city":"Rangkasbitung","pop_total":25862.8868932013,"mass_total":2443717.6438948587,"n_hex":13,"sample_h3":"878c1382dffffff","log_pop":4.4126770005,"log_mass":6.3880510245},{"country_iso":"IDN","city_id":11892,"city":"Kolelet Wetan","pop_total":1042.1397294138,"mass_total":247039.7300558338,"n_hex":6,"sample_h3":"878c13825ffffff","log_pop":3.0179259528,"log_mass":5.3927668041},{"country_iso":"IDN","city_id":11895,"city":"Talagahiang","pop_total":917.2057532142,"mass_total":191059.6892614715,"n_hex":6,"sample_h3":"878c102c4ffffff","log_pop":2.9624667702,"log_mass":5.2811690671},{"country_iso":"IDN","city_id":11903,"city":"Palabuhanratu","pop_total":13108.9281452254,"mass_total":2667571.528757703,"n_hex":15,"sample_h3":"878c10a09ffffff","log_pop":4.1175671829,"log_mass":6.4261160735},{"country_iso":"IDN","city_id":11916,"city":"Pangkalpinang","pop_total":59246.0530240414,"mass_total":16072897.6376474556,"n_hex":22,"sample_h3":"878c81a80ffffff","log_pop":4.7726594229,"log_mass":7.2060941789},{"country_iso":"IDN","city_id":11952,"city":"Bojong","pop_total":7869.8470580082,"mass_total":1036988.9548975752,"n_hex":12,"sample_h3":"878c10859ffffff","log_pop":3.8959662924,"log_mass":6.0157741307},{"country_iso":"IDN","city_id":11960,"city":"Toboali","pop_total":4164.0558063273,"mass_total":1721661.2355920998,"n_hex":8,"sample_h3":"878caac02ffffff","log_pop":3.6195165413,"log_mass":6.2359477011},{"country_iso":"IDN","city_id":12012,"city":"Mentengsari","pop_total":2730.6517593159,"mass_total":631789.1196329561,"n_hex":5,"sample_h3":"878c10c29ffffff","log_pop":3.436266318,"log_mass":5.8005721424},{"country_iso":"IDN","city_id":12019,"city":"Pisangsambo","pop_total":4912.9564015856,"mass_total":1950293.0983723502,"n_hex":14,"sample_h3":"878c10490ffffff","log_pop":3.6913429101,"log_mass":6.2900998839},{"country_iso":"IDN","city_id":12020,"city":"Cipeuyeum","pop_total":8118.4110828848,"mass_total":1481850.3512880767,"n_hex":15,"sample_h3":"878c10d29ffffff","log_pop":3.9094710384,"log_mass":6.1708043474},{"country_iso":"IDN","city_id":12032,"city":"Citeko Kaler","pop_total":13201.2216724471,"mass_total":3205273.429031603,"n_hex":14,"sample_h3":"878c10c30ffffff","log_pop":4.1206141237,"log_mass":6.5058650834},{"country_iso":"IDN","city_id":12035,"city":"Ciwidey","pop_total":13847.1131214478,"mass_total":1962609.3047256337,"n_hex":8,"sample_h3":"878c14625ffffff","log_pop":4.1413592401,"log_mass":6.2928338535},{"country_iso":"IDN","city_id":12044,"city":"Bandung","pop_total":4359701.3338774806,"mass_total":287007561.1422222853,"n_hex":241,"sample_h3":"878c10d20ffffff","log_pop":6.6394567385,"log_mass":8.4578933383},{"country_iso":"IDN","city_id":12050,"city":"Purwakarta","pop_total":93439.2654950048,"mass_total":16771455.5977213532,"n_hex":40,"sample_h3":"878c10cb0ffffff","log_pop":4.9705294159,"log_mass":7.2245707567},{"country_iso":"IDN","city_id":12071,"city":"Mandalakasih","pop_total":4020.7703077578,"mass_total":800102.9367357387,"n_hex":6,"sample_h3":"878c148c4ffffff","log_pop":3.6043092641,"log_mass":5.9031458645},{"country_iso":"IDN","city_id":12081,"city":"Sirnajaya","pop_total":1445.3621821385,"mass_total":304090.3857383348,"n_hex":7,"sample_h3":"878c140b0ffffff","log_pop":3.1599766872,"log_mass":5.4830026895},{"country_iso":"IDN","city_id":12082,"city":"Cikajang","pop_total":5112.7153369193,"mass_total":710835.8327726722,"n_hex":13,"sample_h3":"878c14180ffffff","log_pop":3.708651613,"log_mass":5.8517693122},{"country_iso":"IDN","city_id":12090,"city":"Garut","pop_total":192609.3725937787,"mass_total":19184598.502054885,"n_hex":65,"sample_h3":"878c14190ffffff","log_pop":5.2846774166,"log_mass":7.2829527147},{"country_iso":"IDN","city_id":12093,"city":"Subang","pop_total":33268.8612820494,"mass_total":6425564.6367503023,"n_hex":23,"sample_h3":"878c16a80ffffff","log_pop":4.5220379362,"log_mass":6.8079112966},{"country_iso":"IDN","city_id":12103,"city":"Cikembulan","pop_total":23804.3141154719,"mass_total":3000801.6451720521,"n_hex":17,"sample_h3":"878c14420ffffff","log_pop":4.3766556725,"log_mass":6.4772372892},{"country_iso":"IDN","city_id":12106,"city":"Sukanegla","pop_total":1252.8938072279,"mass_total":264456.8285200036,"n_hex":6,"sample_h3":"878c14cc0ffffff","log_pop":3.0979142626,"log_mass":5.4223547854},{"country_iso":"IDN","city_id":12110,"city":"Haurgeulis","pop_total":13717.5230951683,"mass_total":2713552.7347646523,"n_hex":25,"sample_h3":"878c16020ffffff","log_pop":4.1372757001,"log_mass":6.433538266},{"country_iso":"IDN","city_id":12116,"city":"Pamanukan","pop_total":12914.2015479013,"mass_total":2920881.8470891765,"n_hex":16,"sample_h3":"878c16042ffffff","log_pop":4.11106756,"log_mass":6.4655139896},{"country_iso":"IDN","city_id":12118,"city":"Sumedang","pop_total":29629.9881288641,"mass_total":3362806.6802895777,"n_hex":9,"sample_h3":"878c14482ffffff","log_pop":4.4717314775,"log_mass":6.5267019015},{"country_iso":"IDN","city_id":12122,"city":"Malangbong","pop_total":10263.6348462011,"mass_total":1280129.8315573924,"n_hex":14,"sample_h3":"878c14434ffffff","log_pop":4.0113011926,"log_mass":6.1072540183},{"country_iso":"IDN","city_id":12127,"city":"Sumuradem","pop_total":16237.9252417134,"mass_total":2990527.0408113324,"n_hex":17,"sample_h3":"878c16000ffffff","log_pop":4.2105305376,"log_mass":6.4757477337},{"country_iso":"IDN","city_id":12128,"city":"Serang","pop_total":7506.289849128,"mass_total":1122786.1892787549,"n_hex":9,"sample_h3":"878c14490ffffff","log_pop":3.8754253303,"log_mass":6.050297062},{"country_iso":"IDN","city_id":12136,"city":"Tasikmalaya","pop_total":348673.2508868722,"mass_total":38366217.1085086316,"n_hex":137,"sample_h3":"878c14c10ffffff","log_pop":5.5424186309,"log_mass":7.5839489801},{"country_iso":"IDN","city_id":12138,"city":"Tanjung Pandan","pop_total":3749.0812600435,"mass_total":1797993.8849335492,"n_hex":9,"sample_h3":"878c85d81ffffff","log_pop":3.5739248537,"log_mass":6.2547882103},{"country_iso":"IDN","city_id":12159,"city":"Jatiwangi","pop_total":34106.9490879134,"mass_total":6448291.9628623268,"n_hex":31,"sample_h3":"878c16824ffffff","log_pop":4.5328428729,"log_mass":6.809444693},{"country_iso":"IDN","city_id":12165,"city":"Majalengka","pop_total":15659.6929200229,"mass_total":1774947.4429075497,"n_hex":9,"sample_h3":"878c16901ffffff","log_pop":4.1947832415,"log_mass":6.2491854979},{"country_iso":"IDN","city_id":12174,"city":"Jatibarang","pop_total":16405.3170449837,"mass_total":3556646.8023836664,"n_hex":17,"sample_h3":"878c16c40ffffff","log_pop":4.2149846279,"log_mass":6.5510407391},{"country_iso":"IDN","city_id":12178,"city":"Indramayu","pop_total":38304.7752523927,"mass_total":7088359.4957041852,"n_hex":23,"sample_h3":"878c16c03ffffff","log_pop":4.5832529185,"log_mass":6.8505457353},{"country_iso":"IDN","city_id":12179,"city":"Cirebon","pop_total":528231.5524938919,"mass_total":51468567.184622772,"n_hex":94,"sample_h3":"878c169a6ffffff","log_pop":5.7228243391,"log_mass":7.7115420782},{"country_iso":"IDN","city_id":12189,"city":"Arjawinangun","pop_total":29698.3111748564,"mass_total":4518053.5451591872,"n_hex":17,"sample_h3":"878d896c0ffffff","log_pop":4.4727317534,"log_mass":6.6549513736},{"country_iso":"IDN","city_id":12197,"city":"Singaraja","pop_total":8421.8892916922,"mass_total":1866259.9297662997,"n_hex":11,"sample_h3":"878c16c00ffffff","log_pop":3.9254095282,"log_mass":6.2709721315},{"country_iso":"IDN","city_id":12198,"city":"Karangampel Kidul","pop_total":4219.3891895182,"mass_total":1091350.9325206662,"n_hex":11,"sample_h3":"878c16d09ffffff","log_pop":3.6252495858,"log_mass":6.0379644239},{"country_iso":"IDN","city_id":12199,"city":"Kuningan","pop_total":72293.4121872995,"mass_total":12251139.9252331983,"n_hex":50,"sample_h3":"878d890c0ffffff","log_pop":4.8590987236,"log_mass":7.0881765001},{"country_iso":"IDN","city_id":12202,"city":"Banjar","pop_total":23434.9597612643,"mass_total":2848048.2596508306,"n_hex":10,"sample_h3":"878d89a16ffffff","log_pop":4.3698642122,"log_mass":6.4545473441},{"country_iso":"IDN","city_id":12209,"city":"Pangandaran","pop_total":8605.1671799043,"mass_total":1417777.2992999803,"n_hex":9,"sample_h3":"878c32412ffffff","log_pop":3.9347593122,"log_mass":6.1516080184},{"country_iso":"IDN","city_id":12212,"city":"Ciherang","pop_total":2494.5871536853,"mass_total":607500.8170114193,"n_hex":8,"sample_h3":"878d89848ffffff","log_pop":3.3969986815,"log_mass":5.7835468663},{"country_iso":"IDN","city_id":12213,"city":"Langseb","pop_total":5202.6965562222,"mass_total":950819.5053817907,"n_hex":9,"sample_h3":"878d89019ffffff","log_pop":3.7162284967,"log_mass":5.9780980824},{"country_iso":"IDN","city_id":12227,"city":"Karangsembung","pop_total":11571.6229708578,"mass_total":2768789.3244352937,"n_hex":7,"sample_h3":"878d89700ffffff","log_pop":4.0633942749,"log_mass":6.4422899118},{"country_iso":"IDN","city_id":12233,"city":"Majenang","pop_total":10282.1123601203,"mass_total":1876189.610737019,"n_hex":6,"sample_h3":"878d898c2ffffff","log_pop":4.0120823454,"log_mass":6.2732767268},{"country_iso":"IDN","city_id":12235,"city":"Babakan","pop_total":65959.1428558238,"mass_total":11633649.8727332186,"n_hex":33,"sample_h3":"878d89080ffffff","log_pop":4.8192750033,"log_mass":7.0657159891},{"country_iso":"IDN","city_id":12253,"city":"Tegal","pop_total":537288.8944610446,"mass_total":74026676.9484024197,"n_hex":154,"sample_h3":"878d88261ffffff","log_pop":5.730207864,"log_mass":7.8693882544},{"country_iso":"IDN","city_id":12256,"city":"Cilacap","pop_total":141471.4224730211,"mass_total":19796484.5612520576,"n_hex":33,"sample_h3":"878d8d202ffffff","log_pop":5.1506687203,"log_mass":7.2965880756},{"country_iso":"IDN","city_id":12264,"city":"Pagojengan","pop_total":13219.7066985785,"mass_total":1930679.0132315101,"n_hex":12,"sample_h3":"878d89992ffffff","log_pop":4.1212218197,"log_mass":6.2857100758},{"country_iso":"IDN","city_id":12266,"city":"Wangon","pop_total":21587.3386359196,"mass_total":3927979.6578772077,"n_hex":32,"sample_h3":"878d89936ffffff","log_pop":4.3341991043,"log_mass":6.59416923},{"country_iso":"IDN","city_id":12269,"city":"Maos","pop_total":2527.3627429738,"mass_total":759346.2370387204,"n_hex":9,"sample_h3":"878d8d286ffffff","log_pop":3.4026675791,"log_mass":5.8804398451},{"country_iso":"IDN","city_id":12271,"city":"Ajibarang","pop_total":8954.9915910983,"mass_total":1300783.7184460938,"n_hex":11,"sample_h3":"878d899b4ffffff","log_pop":3.9520651824,"log_mass":6.1142050923},{"country_iso":"IDN","city_id":12282,"city":"Binangun","pop_total":7299.7348367093,"mass_total":1921721.4440033555,"n_hex":32,"sample_h3":"878d8d0c0ffffff","log_pop":3.8633070846,"log_mass":6.2836904364},{"country_iso":"IDN","city_id":12287,"city":"Purwokerto","pop_total":276861.1228749668,"mass_total":34016711.6832203418,"n_hex":95,"sample_h3":"878d88b69ffffff","log_pop":5.4422619759,"log_mass":7.5316923291},{"country_iso":"IDN","city_id":12302,"city":"Clekatakan","pop_total":1246.8891941632,"mass_total":390007.2921048734,"n_hex":9,"sample_h3":"878d88a68ffffff","log_pop":3.0958278613,"log_mass":5.5910727273},{"country_iso":"IDN","city_id":12309,"city":"Pemalang","pop_total":92210.3154017056,"mass_total":11192258.2010576781,"n_hex":27,"sample_h3":"878d88308ffffff","log_pop":4.9647795075,"log_mass":7.0489177206},{"country_iso":"IDN","city_id":12314,"city":"Klampok","pop_total":5401.8530366,"mass_total":927332.3376571699,"n_hex":12,"sample_h3":"878d8d44affffff","log_pop":3.7325427645,"log_mass":5.9672354046},{"country_iso":"IDN","city_id":12315,"city":"Gombong","pop_total":18657.2504161274,"mass_total":2379365.3382453574,"n_hex":13,"sample_h3":"878d8d086ffffff","log_pop":4.2708476406,"log_mass":6.3764611306},{"country_iso":"IDN","city_id":12321,"city":"Pedurungan","pop_total":3176.124531716,"mass_total":674866.1999791366,"n_hex":5,"sample_h3":"878d88325ffffff","log_pop":3.5018975222,"log_mass":5.8292176775},{"country_iso":"IDN","city_id":12323,"city":"Mandiraja","pop_total":2230.0501502617,"mass_total":561073.7646141188,"n_hex":8,"sample_h3":"878d8d450ffffff","log_pop":3.3483146297,"log_mass":5.7490199619},{"country_iso":"IDN","city_id":12325,"city":"Pemangkat","pop_total":5066.2192668952,"mass_total":1522852.8078645959,"n_hex":5,"sample_h3":"878c90601ffffff","log_pop":3.7046839822,"log_mass":6.1826579284},{"country_iso":"IDN","city_id":12326,"city":"Singkawang","pop_total":38282.7760895561,"mass_total":6833578.2455231994,"n_hex":9,"sample_h3":"878c900c8ffffff","log_pop":4.5830034233,"log_mass":6.8346481715},{"country_iso":"IDN","city_id":12327,"city":"Panjunan","pop_total":18173.6451552185,"mass_total":3075720.0980291464,"n_hex":12,"sample_h3":"878d88300ffffff","log_pop":4.2594420441,"log_mass":6.4879468105},{"country_iso":"IDN","city_id":12330,"city":"Kebumen","pop_total":42357.3470043482,"mass_total":5721476.4624899141,"n_hex":22,"sample_h3":"878d8d192ffffff","log_pop":4.6269287508,"log_mass":6.7575081156},{"country_iso":"IDN","city_id":12334,"city":"Pekalongan","pop_total":305840.6665861429,"mass_total":39710198.7788297608,"n_hex":86,"sample_h3":"878d88049ffffff","log_pop":5.4854952316,"log_mass":7.598902061},{"country_iso":"IDN","city_id":12335,"city":"Banjarnegara","pop_total":23022.4553937014,"mass_total":2775439.9040758358,"n_hex":18,"sample_h3":"878d8d410ffffff","log_pop":4.3621516402,"log_mass":6.4433318281},{"country_iso":"IDN","city_id":12351,"city":"Pontianak","pop_total":301007.9014643221,"mass_total":53614484.5265534297,"n_hex":57,"sample_h3":"878c94240ffffff","log_pop":5.478577896,"log_mass":7.7292821348},{"country_iso":"IDN","city_id":12354,"city":"Purworejo","pop_total":37340.0911753318,"mass_total":4485833.8789497884,"n_hex":21,"sample_h3":"878d8c36cffffff","log_pop":4.5721753741,"log_mass":6.6518431866},{"country_iso":"IDN","city_id":12358,"city":"Sambas","pop_total":3000.7587855189,"mass_total":912445.2672637819,"n_hex":5,"sample_h3":"878c904daffffff","log_pop":3.4772310863,"log_mass":5.9602068229},{"country_iso":"IDN","city_id":12365,"city":"Wonosobo","pop_total":45107.9877427849,"mass_total":8522939.6348547414,"n_hex":37,"sample_h3":"878d88964ffffff","log_pop":4.6542534538,"log_mass":6.9305894125},{"country_iso":"IDN","city_id":12371,"city":"Rowosari","pop_total":2810.8209393931,"mass_total":414051.9119134543,"n_hex":7,"sample_h3":"878d88880ffffff","log_pop":3.4488331802,"log_mass":5.6170547944},{"country_iso":"IDN","city_id":12375,"city":"Wates","pop_total":7826.7564438951,"mass_total":1285833.1348614204,"n_hex":10,"sample_h3":"878d8ca0dffffff","log_pop":3.8935818195,"log_mass":6.109184613},{"country_iso":"IDN","city_id":12376,"city":"Bengkayang","pop_total":288.5880867416,"mass_total":223328.2527413976,"n_hex":3,"sample_h3":"878c90cc4ffffff","log_pop":2.4602783989,"log_mass":5.3489436681},{"country_iso":"IDN","city_id":12379,"city":"Temanggung","pop_total":52412.2207846698,"mass_total":10233189.7899682764,"n_hex":47,"sample_h3":"878d88906ffffff","log_pop":4.7194325618,"log_mass":7.0100110288},{"country_iso":"IDN","city_id":12384,"city":"Semarang","pop_total":1084189.6700531847,"mass_total":149147070.4167330563,"n_hex":194,"sample_h3":"878d888b2ffffff","log_pop":6.0351052651,"log_mass":8.1736147273},{"country_iso":"IDN","city_id":12394,"city":"Yogyakarta","pop_total":1485723.6078212438,"mass_total":214794954.842462182,"n_hex":368,"sample_h3":"878d8c102ffffff","log_pop":6.1719380243,"log_mass":8.3320240763},{"country_iso":"IDN","city_id":12395,"city":"Magelang","pop_total":165280.0432622292,"mass_total":18323858.9775365107,"n_hex":58,"sample_h3":"878d8c040ffffff","log_pop":5.2182204179,"log_mass":7.2630169407},{"country_iso":"IDN","city_id":12415,"city":"Salatiga","pop_total":46123.2777925342,"mass_total":7579204.1430703029,"n_hex":23,"sample_h3":"878d8c016ffffff","log_pop":4.6639201633,"log_mass":6.8796236048},{"country_iso":"IDN","city_id":12416,"city":"Wonosari","pop_total":11244.7765002195,"mass_total":2137353.5209617969,"n_hex":11,"sample_h3":"878d8c940ffffff","log_pop":4.0509508279,"log_mass":6.329876361},{"country_iso":"IDN","city_id":12418,"city":"Ketapang","pop_total":7968.119513205,"mass_total":5070753.7807290098,"n_hex":11,"sample_h3":"878cb0215ffffff","log_pop":3.9013558394,"log_mass":6.7050725231},{"country_iso":"IDN","city_id":12422,"city":"Ngabang","pop_total":1285.6946419959,"mass_total":609911.2306983344,"n_hex":5,"sample_h3":"878c9445bffffff","log_pop":3.109137834,"log_mass":5.7852666304},{"country_iso":"IDN","city_id":12435,"city":"Combongan","pop_total":2370.0751408072,"mass_total":1198018.3338315091,"n_hex":17,"sample_h3":"878d8c890ffffff","log_pop":3.3747621151,"log_mass":6.0784634643},{"country_iso":"IDN","city_id":12438,"city":"Demak","pop_total":21472.843711292,"mass_total":2830362.1886571799,"n_hex":13,"sample_h3":"878d8e849ffffff","log_pop":4.3318895631,"log_mass":6.4518420138},{"country_iso":"IDN","city_id":12444,"city":"Pati","pop_total":271541.8736336727,"mass_total":38117300.3781593367,"n_hex":121,"sample_h3":"878d8e028ffffff","log_pop":5.4338368103,"log_mass":7.5811221346},{"country_iso":"IDN","city_id":12445,"city":"Sukoharjo","pop_total":22524.7317805832,"mass_total":3641471.2319834381,"n_hex":11,"sample_h3":"878d8cd40ffffff","log_pop":4.3526596282,"log_mass":6.5612768833},{"country_iso":"IDN","city_id":12452,"city":"Wonokarto","pop_total":19195.3622501822,"mass_total":3062719.117812613,"n_hex":17,"sample_h3":"878daa618ffffff","log_pop":4.2831963124,"log_mass":6.4861071695},{"country_iso":"IDN","city_id":12467,"city":"Purwodadi","pop_total":29768.3190698811,"mass_total":3777962.925830665,"n_hex":23,"sample_h3":"878d812c8ffffff","log_pop":4.473754312,"log_mass":6.5772576918},{"country_iso":"IDN","city_id":12468,"city":"Sragen","pop_total":33852.8342465569,"mass_total":6068118.3232577136,"n_hex":19,"sample_h3":"878d8136dffffff","log_pop":4.5295950348,"log_mass":6.7830540406},{"country_iso":"IDN","city_id":12469,"city":"Pacitan","pop_total":11655.3028438232,"mass_total":1382870.3807647338,"n_hex":11,"sample_h3":"878daa008ffffff","log_pop":4.0665235624,"log_mass":6.1407814747},{"country_iso":"IDN","city_id":12483,"city":"Sanggau","pop_total":2225.7843183648,"mass_total":1287662.9203445346,"n_hex":5,"sample_h3":"8768b6520ffffff","log_pop":3.3474830783,"log_mass":6.1098021899},{"country_iso":"IDN","city_id":12484,"city":"Alasdowo","pop_total":484.0554051212,"mass_total":185529.0105560236,"n_hex":7,"sample_h3":"878d8e1b0ffffff","log_pop":2.684895074,"log_mass":5.2684118284},{"country_iso":"IDN","city_id":12491,"city":"Juwana","pop_total":21862.4035475824,"mass_total":3326813.7731117778,"n_hex":13,"sample_h3":"878d816caffffff","log_pop":4.3396979065,"log_mass":6.5220284908},{"country_iso":"IDN","city_id":12499,"city":"Madiun","pop_total":174767.3957627951,"mass_total":28237471.6439988799,"n_hex":90,"sample_h3":"878d81840ffffff","log_pop":5.2424604148,"log_mass":7.4508258078},{"country_iso":"IDN","city_id":12502,"city":"Josari","pop_total":658.8355873258,"mass_total":498744.0665909931,"n_hex":8,"sample_h3":"878daa425ffffff","log_pop":2.8187770498,"log_mass":5.6978777421},{"country_iso":"IDN","city_id":12507,"city":"Kepuh Rubuh","pop_total":1980.4128353493,"mass_total":656058.8899222,"n_hex":8,"sample_h3":"878daa424ffffff","log_pop":3.2967557324,"log_mass":5.8169428248},{"country_iso":"IDN","city_id":12508,"city":"Rembang","pop_total":19285.782428173,"mass_total":2214439.9317901032,"n_hex":7,"sample_h3":"878d81681ffffff","log_pop":4.285237263,"log_mass":6.3452639042},{"country_iso":"IDN","city_id":12509,"city":"Ngawi","pop_total":15002.9673599542,"mass_total":2507376.2797322804,"n_hex":7,"sample_h3":"878d81161ffffff","log_pop":4.1761771644,"log_mass":6.399219513},{"country_iso":"IDN","city_id":12510,"city":"Sekadau","pop_total":1309.6486335119,"mass_total":660848.8238673414,"n_hex":4,"sample_h3":"8768b6444ffffff","log_pop":3.1171547941,"log_mass":5.8201021214},{"country_iso":"IDN","city_id":12511,"city":"Blora","pop_total":12826.0816817265,"mass_total":1986581.3613895057,"n_hex":11,"sample_h3":"878d81701ffffff","log_pop":4.1080940014,"log_mass":6.2981063565},{"country_iso":"IDN","city_id":12517,"city":"Trenggalek","pop_total":9762.999729336,"mass_total":2441894.1066167755,"n_hex":24,"sample_h3":"878d85348ffffff","log_pop":3.9895832773,"log_mass":6.3877268267},{"country_iso":"IDN","city_id":12520,"city":"Purworejo","pop_total":22011.401537697,"mass_total":2905804.9360569888,"n_hex":10,"sample_h3":"878d81032ffffff","log_pop":4.3426476964,"log_mass":6.4632664572},{"country_iso":"IDN","city_id":12531,"city":"Tulungagung","pop_total":81151.1727369028,"mass_total":16938945.9179588221,"n_hex":64,"sample_h3":"878d85304ffffff","log_pop":4.9092948003,"log_mass":7.2288863814},{"country_iso":"IDN","city_id":12535,"city":"Nganjuk","pop_total":34959.243620607,"mass_total":6720610.437166444,"n_hex":29,"sample_h3":"878d819a4ffffff","log_pop":4.5435620277,"log_mass":6.8274087221},{"country_iso":"IDN","city_id":12544,"city":"Bojonegoro","pop_total":39574.2504875221,"mass_total":7106945.1833141129,"n_hex":21,"sample_h3":"878d81c02ffffff","log_pop":4.5974126983,"log_mass":6.8516829657},{"country_iso":"IDN","city_id":12546,"city":"Gembongan","pop_total":5426.9995267045,"mass_total":2931602.6254008501,"n_hex":42,"sample_h3":"878d85028ffffff","log_pop":3.7345597837,"log_mass":6.467105102},{"country_iso":"IDN","city_id":12548,"city":"Kediri","pop_total":162936.0840313033,"mass_total":20222537.2702261731,"n_hex":31,"sample_h3":"878d8505affffff","log_pop":5.2120172744,"log_mass":7.3058356445},{"country_iso":"IDN","city_id":12552,"city":"Kertosono","pop_total":23193.5913927022,"mass_total":5750326.397425469,"n_hex":44,"sample_h3":"878d85600ffffff","log_pop":4.3653680018,"log_mass":6.7596924966},{"country_iso":"IDN","city_id":12559,"city":"Blitar","pop_total":59259.5539816408,"mass_total":10091176.9423715696,"n_hex":40,"sample_h3":"878d85141ffffff","log_pop":4.7727583784,"log_mass":7.0039418213},{"country_iso":"IDN","city_id":12562,"city":"Kunjang","pop_total":5236.4331622797,"mass_total":1984252.8282595307,"n_hex":27,"sample_h3":"878d85009ffffff","log_pop":3.7190355646,"log_mass":6.297597008},{"country_iso":"IDN","city_id":12565,"city":"Sintang","pop_total":5417.0755101227,"mass_total":3315306.9180036979,"n_hex":8,"sample_h3":"8768b2928ffffff","log_pop":3.7337648894,"log_mass":6.5205237399},{"country_iso":"IDN","city_id":12567,"city":"Perak","pop_total":8953.7821360831,"mass_total":1395185.6294553026,"n_hex":15,"sample_h3":"878d85606ffffff","log_pop":3.9520065229,"log_mass":6.1446319943},{"country_iso":"IDN","city_id":12568,"city":"Pare","pop_total":29054.8781008421,"mass_total":6741512.4364173934,"n_hex":37,"sample_h3":"878d85013ffffff","log_pop":4.4632190577,"log_mass":6.82875734},{"country_iso":"IDN","city_id":12570,"city":"Tuban","pop_total":38333.3697875659,"mass_total":5959843.4034917066,"n_hex":15,"sample_h3":"878d80209ffffff","log_pop":4.5835769986,"log_mass":6.7752348487},{"country_iso":"IDN","city_id":12574,"city":"Pangkalan Bun","pop_total":4685.9459678332,"mass_total":2911725.7003262029,"n_hex":5,"sample_h3":"8768965b4ffffff","log_pop":3.6707972766,"log_mass":6.4641504598},{"country_iso":"IDN","city_id":12576,"city":"Jombang","pop_total":106480.8703794068,"mass_total":20200459.2875011116,"n_hex":75,"sample_h3":"878d85091ffffff","log_pop":5.0272715924,"log_mass":7.3053612439},{"country_iso":"IDN","city_id":12577,"city":"Babat","pop_total":12010.1660853236,"mass_total":2142933.6917124549,"n_hex":14,"sample_h3":"878d80ac1ffffff","log_pop":4.0795490132,"log_mass":6.331008733},{"country_iso":"IDN","city_id":12587,"city":"Sungai Tendang","pop_total":966.1191483993,"mass_total":860179.4318750132,"n_hex":5,"sample_h3":"876896582ffffff","log_pop":2.9850306899,"log_mass":5.9345890537},{"country_iso":"IDN","city_id":12589,"city":"Sukoanyar","pop_total":6763.5369228625,"mass_total":1443009.418504166,"n_hex":17,"sample_h3":"878d80a80ffffff","log_pop":3.8301738652,"log_mass":6.1592691657},{"country_iso":"IDN","city_id":12590,"city":"Nanga Pinoh","pop_total":1395.0505390139,"mass_total":943908.3619452207,"n_hex":4,"sample_h3":"8768b2144ffffff","log_pop":3.1445899412,"log_mass":5.9749298335},{"country_iso":"IDN","city_id":12592,"city":"Slorok","pop_total":4331.19069071,"mass_total":1322194.4919461487,"n_hex":10,"sample_h3":"878d858a0ffffff","log_pop":3.636607305,"log_mass":6.1212953436},{"country_iso":"IDN","city_id":12601,"city":"Mojokerto","pop_total":200335.0800814386,"mass_total":28587797.071400445,"n_hex":67,"sample_h3":"878d85410ffffff","log_pop":5.301757004,"log_mass":7.4561806906},{"country_iso":"IDN","city_id":12606,"city":"Tegalsari","pop_total":4268.959173943,"mass_total":1593140.4380841947,"n_hex":15,"sample_h3":"878d85986ffffff","log_pop":3.6303220015,"log_mass":6.2022540613},{"country_iso":"IDN","city_id":12609,"city":"Lamongan","pop_total":20147.079468944,"mass_total":3173764.9149333732,"n_hex":8,"sample_h3":"878d80aa2ffffff","log_pop":4.3042120995,"log_mass":6.5015747548},{"country_iso":"IDN","city_id":12610,"city":"Surabaya","pop_total":3885628.103488361,"mass_total":454735111.3907507658,"n_hex":470,"sample_h3":"878d80800ffffff","log_pop":6.5894612316,"log_mass":8.6577584886},{"country_iso":"IDN","city_id":12612,"city":"Sukorejo","pop_total":16576.6491442811,"mass_total":2993396.6877680221,"n_hex":13,"sample_h3":"878d85990ffffff","log_pop":4.2194967454,"log_mass":6.4761642738},{"country_iso":"IDN","city_id":12621,"city":"Tambakrejo","pop_total":17169.606806022,"mass_total":3020723.5038020033,"n_hex":7,"sample_h3":"878d84259ffffff","log_pop":4.2347603497,"log_mass":6.4801109748},{"country_iso":"IDN","city_id":12624,"city":"Gresik","pop_total":127857.9602851008,"mass_total":25643115.0383882783,"n_hex":21,"sample_h3":"878d80818ffffff","log_pop":5.1067277719,"log_mass":7.4089707807},{"country_iso":"IDN","city_id":12631,"city":"Tajungan","pop_total":5986.8846099966,"mass_total":1070462.3550410059,"n_hex":9,"sample_h3":"878d80812ffffff","log_pop":3.7772008877,"log_mass":6.0295713991},{"country_iso":"IDN","city_id":12632,"city":"Mulyo Rejo","pop_total":3425.8443787182,"mass_total":658435.6198762457,"n_hex":8,"sample_h3":"878d84340ffffff","log_pop":3.534767631,"log_mass":5.8185133172},{"country_iso":"IDN","city_id":12633,"city":"Bangkalan","pop_total":28571.9094668706,"mass_total":3868686.4224085724,"n_hex":12,"sample_h3":"878d80890ffffff","log_pop":4.4559392653,"log_mass":6.5875635293},{"country_iso":"IDN","city_id":12634,"city":"Langkap","pop_total":222.31505109,"mass_total":78061.5738494517,"n_hex":4,"sample_h3":"878d80882ffffff","log_pop":2.3469688661,"log_mass":4.8924373031},{"country_iso":"IDN","city_id":12635,"city":"Pasuruan","pop_total":98823.2768099243,"mass_total":11031541.3752902467,"n_hex":20,"sample_h3":"878d84220ffffff","log_pop":4.9948592503,"log_mass":7.0426361982},{"country_iso":"IDN","city_id":12639,"city":"Pasirian","pop_total":6330.820164658,"mass_total":1430638.3309316942,"n_hex":10,"sample_h3":"878da3418ffffff","log_pop":3.801459977,"log_mass":6.1555298569},{"country_iso":"IDN","city_id":12642,"city":"Lumajang","pop_total":41092.4371905046,"mass_total":7409512.2534743361,"n_hex":36,"sample_h3":"878d84969ffffff","log_pop":4.6137619,"log_mass":6.8697896206},{"country_iso":"IDN","city_id":12644,"city":"Probolinggo","pop_total":109934.5851876651,"mass_total":13434866.8546413705,"n_hex":38,"sample_h3":"878d84061ffffff","log_pop":5.041134342,"log_mass":7.1282333667},{"country_iso":"IDN","city_id":12645,"city":"Pandanwangi","pop_total":6892.9430454983,"mass_total":1992899.9301090506,"n_hex":17,"sample_h3":"878da3416ffffff","log_pop":3.8384046901,"log_mass":6.2994854919},{"country_iso":"IDN","city_id":12646,"city":"Sumber Wetan","pop_total":7835.1080779992,"mass_total":1602060.3885840012,"n_hex":7,"sample_h3":"878d84165ffffff","log_pop":3.8940449915,"log_mass":6.2046788825},{"country_iso":"IDN","city_id":12647,"city":"Masaran","pop_total":966.7017797171,"mass_total":281407.3938037347,"n_hex":8,"sample_h3":"878d80db4ffffff","log_pop":2.9852925181,"log_mass":5.4493355041},{"country_iso":"IDN","city_id":12649,"city":"Sampang","pop_total":24583.2248762542,"mass_total":2946003.9014346553,"n_hex":9,"sample_h3":"878d84780ffffff","log_pop":4.3906388539,"log_mass":6.4692333176},{"country_iso":"IDN","city_id":12650,"city":"Jember","pop_total":184080.7543403345,"mass_total":28894181.1065630876,"n_hex":132,"sample_h3":"878da20c8ffffff","log_pop":5.2650083853,"log_mass":7.4608103906},{"country_iso":"IDN","city_id":12652,"city":"Kraksaan","pop_total":14257.8357079637,"mass_total":2030109.5639824085,"n_hex":12,"sample_h3":"878d84882ffffff","log_pop":4.1540536061,"log_mass":6.3075194772},{"country_iso":"IDN","city_id":12653,"city":"Pamekasan","pop_total":38933.3488507663,"mass_total":6835061.7008527247,"n_hex":37,"sample_h3":"878d84412ffffff","log_pop":4.5903217612,"log_mass":6.8347424393},{"country_iso":"IDN","city_id":12654,"city":"Paiton","pop_total":13686.3285318375,"mass_total":3538447.0066046626,"n_hex":22,"sample_h3":"878d84892ffffff","log_pop":4.1362869608,"log_mass":6.5488126958},{"country_iso":"IDN","city_id":12655,"city":"Sampit","pop_total":16165.812498706,"mass_total":5896475.9460238637,"n_hex":10,"sample_h3":"876890489ffffff","log_pop":4.2085975373,"log_mass":6.7705925312},{"country_iso":"IDN","city_id":12657,"city":"Putussibau","pop_total":430.699972307,"mass_total":978796.5203923899,"n_hex":7,"sample_h3":"8768b1184ffffff","log_pop":2.6341748438,"log_mass":5.9906924168},{"country_iso":"IDN","city_id":12663,"city":"Besuki","pop_total":9733.3505908779,"mass_total":1918409.0319625002,"n_hex":11,"sample_h3":"878d84d01ffffff","log_pop":3.9882623667,"log_mass":6.2829412104},{"country_iso":"IDN","city_id":12664,"city":"Bondowoso","pop_total":144.5809354782,"mass_total":244871.1307138315,"n_hex":2,"sample_h3":"878da2602ffffff","log_pop":2.1601110304,"log_mass":5.3889375866},{"country_iso":"IDN","city_id":12665,"city":"Situbondo","pop_total":30956.7804839452,"mass_total":6335454.1783707049,"n_hex":15,"sample_h3":"878db1a20ffffff","log_pop":4.4907557876,"log_mass":6.8017777542},{"country_iso":"IDN","city_id":12666,"city":"Sumenep","pop_total":30474.9097526831,"mass_total":4770266.525871289,"n_hex":24,"sample_h3":"878d86914ffffff","log_pop":4.4839424282,"log_mass":6.6785426448},{"country_iso":"IDN","city_id":12669,"city":"Genteng","pop_total":2300.120305727,"mass_total":754111.2067722618,"n_hex":8,"sample_h3":"878da2c41ffffff","log_pop":3.361750552,"log_mass":5.8774353948},{"country_iso":"IDN","city_id":12671,"city":"Sembulung","pop_total":6371.8377969218,"mass_total":1406579.8126514638,"n_hex":11,"sample_h3":"878da2890ffffff","log_pop":3.8042647118,"log_mass":6.1481643801},{"country_iso":"IDN","city_id":12672,"city":"Muncar","pop_total":15976.5585290928,"mass_total":4360664.8525407277,"n_hex":21,"sample_h3":"878da2d09ffffff","log_pop":4.2034832348,"log_mass":6.6395527094},{"country_iso":"IDN","city_id":12675,"city":"Asembagus","pop_total":8952.0283697334,"mass_total":2449199.9646942853,"n_hex":14,"sample_h3":"878da2492ffffff","log_pop":3.9519214498,"log_mass":6.3890242445},{"country_iso":"IDN","city_id":12677,"city":"Banyuwangi","pop_total":55860.7217989117,"mass_total":9081540.8664921597,"n_hex":15,"sample_h3":"878da2c10ffffff","log_pop":4.7471065431,"log_mass":6.9581595416},{"country_iso":"IDN","city_id":12681,"city":"Tangkiling","pop_total":188.5789502424,"mass_total":102140.5023880638,"n_hex":3,"sample_h3":"87689024dffffff","log_pop":2.2754932138,"log_mass":5.0091979896},{"country_iso":"IDN","city_id":12688,"city":"Negara","pop_total":15495.603407871,"mass_total":2799434.9306906424,"n_hex":10,"sample_h3":"878db5a28ffffff","log_pop":4.1902084926,"log_mass":6.4470703773},{"country_iso":"IDN","city_id":12690,"city":"Palangka Raya","pop_total":14941.9007073561,"mass_total":13475349.3478347175,"n_hex":13,"sample_h3":"876891480ffffff","log_pop":4.1744058461,"log_mass":7.1295400331},{"country_iso":"IDN","city_id":12704,"city":"Seririt","pop_total":8326.4175313314,"mass_total":1922830.8219758349,"n_hex":8,"sample_h3":"878db5164ffffff","log_pop":3.920458185,"log_mass":6.283941075},{"country_iso":"IDN","city_id":12705,"city":"Kuala Kapuas","pop_total":6467.3759830503,"mass_total":2786680.31135293,"n_hex":9,"sample_h3":"8768932daffffff","log_pop":3.8107281095,"log_mass":6.4450871492},{"country_iso":"IDN","city_id":12706,"city":"Tabanan","pop_total":19214.884566165,"mass_total":3863863.982995762,"n_hex":19,"sample_h3":"8795a4d00ffffff","log_pop":4.2836377798,"log_mass":6.5870218298},{"country_iso":"IDN","city_id":12707,"city":"Singaraja","pop_total":52348.9975147098,"mass_total":9225621.9642356113,"n_hex":25,"sample_h3":"878db5120ffffff","log_pop":4.7189083693,"log_mass":6.9649956547},{"country_iso":"IDN","city_id":12708,"city":"Denpasar","pop_total":808990.8179987702,"mass_total":102291642.6495977044,"n_hex":111,"sample_h3":"8795a4894ffffff","log_pop":5.9079435924,"log_mass":8.0098401528},{"country_iso":"IDN","city_id":12710,"city":"Banjarmasin","pop_total":445822.7882206786,"mass_total":38687440.2178228199,"n_hex":41,"sample_h3":"878d92082ffffff","log_pop":5.6491622637,"log_mass":7.5875699953},{"country_iso":"IDN","city_id":12711,"city":"Banjarbaru","pop_total":67560.1302124958,"mass_total":15967902.6205148604,"n_hex":31,"sample_h3":"878d92190ffffff","log_pop":4.8296904779,"log_mass":7.2032478754},{"country_iso":"IDN","city_id":12712,"city":"Pelaihari","pop_total":4366.0949822781,"mass_total":1604180.8100520915,"n_hex":6,"sample_h3":"878d928a0ffffff","log_pop":3.6400931793,"log_mass":6.2052533168},{"country_iso":"IDN","city_id":12713,"city":"Semarapura","pop_total":11872.3768444734,"mass_total":2592237.4065144164,"n_hex":6,"sample_h3":"8795a4880ffffff","log_pop":4.0745376732,"log_mass":6.4136747733},{"country_iso":"IDN","city_id":12716,"city":"Marabahan","pop_total":2500.5156098815,"mass_total":1007587.8580912236,"n_hex":10,"sample_h3":"87689e4c3ffffff","log_pop":3.39802957,"log_mass":6.0032829254},{"country_iso":"IDN","city_id":12719,"city":"Karangasem","pop_total":7206.7066928134,"mass_total":1885882.2607093414,"n_hex":11,"sample_h3":"8795a4858ffffff","log_pop":3.857736847,"log_mass":6.2755145754},{"country_iso":"IDN","city_id":12720,"city":"Muaratewe","pop_total":1122.7330337749,"mass_total":976546.3843863055,"n_hex":6,"sample_h3":"876882298ffffff","log_pop":3.0502765009,"log_mass":5.9896928764},{"country_iso":"IDN","city_id":12722,"city":"Amuntai","pop_total":15472.5695225024,"mass_total":3226671.4174556797,"n_hex":11,"sample_h3":"87689e224ffffff","log_pop":4.1895624428,"log_mass":6.508754742},{"country_iso":"IDN","city_id":12723,"city":"Kandangan","pop_total":5612.5204534531,"mass_total":1463216.9958193616,"n_hex":8,"sample_h3":"87689a906ffffff","log_pop":3.7491579367,"log_mass":6.165308737},{"country_iso":"IDN","city_id":12725,"city":"Mataram","pop_total":312539.1115364299,"mass_total":35575816.2101278603,"n_hex":60,"sample_h3":"8795a4a49ffffff","log_pop":5.4949043732,"log_mass":7.5511548728},{"country_iso":"IDN","city_id":12726,"city":"Barabai","pop_total":10155.956826829,"mass_total":2127585.933865366,"n_hex":7,"sample_h3":"87689e2e3ffffff","log_pop":4.006720846,"log_mass":6.3278871104},{"country_iso":"IDN","city_id":12728,"city":"Tanjung","pop_total":6636.4581933844,"mass_total":2333142.7800214393,"n_hex":11,"sample_h3":"876898c30ffffff","log_pop":3.8219363629,"log_mass":6.3679413169},{"country_iso":"IDN","city_id":12729,"city":"Praya","pop_total":11283.8034005558,"mass_total":2250629.7285825647,"n_hex":13,"sample_h3":"8795a5c1bffffff","log_pop":4.0524555108,"log_mass":6.3523040512},{"country_iso":"IDN","city_id":12730,"city":"Kecamatan Kopang","pop_total":16.8252544403,"mass_total":78180.9166235559,"n_hex":1,"sample_h3":"8795a51a6ffffff","log_pop":1.2259616406,"log_mass":4.893100758},{"country_iso":"IDN","city_id":12731,"city":"Selong","pop_total":10460.5930135465,"mass_total":2753681.7735653324,"n_hex":17,"sample_h3":"8795a5000ffffff","log_pop":4.0195563055,"log_mass":6.43991375},{"country_iso":"IDN","city_id":12733,"city":"Kecamatan Wanasaba","pop_total":9139.1509403266,"mass_total":3066942.9298064234,"n_hex":17,"sample_h3":"8795a5028ffffff","log_pop":3.9609058501,"log_mass":6.4867056946},{"country_iso":"IDN","city_id":12735,"city":"Batu Licin","pop_total":8544.0298674004,"mass_total":2549400.5190688362,"n_hex":8,"sample_h3":"87689a2c4ffffff","log_pop":3.9316627579,"log_mass":6.4064380699},{"country_iso":"IDN","city_id":12737,"city":"Kotabaru","pop_total":4592.0578176498,"mass_total":2315735.7532430911,"n_hex":7,"sample_h3":"87689b500ffffff","log_pop":3.6620073475,"log_mass":6.3646890009},{"country_iso":"IDN","city_id":12739,"city":"Tana Paser","pop_total":3342.6733065605,"mass_total":2642609.1429388234,"n_hex":5,"sample_h3":"876898a09ffffff","log_pop":3.5240939333,"log_mass":6.4220329332},{"country_iso":"IDN","city_id":12747,"city":"Sumbawa Besar","pop_total":14433.1230044926,"mass_total":4781941.0662509352,"n_hex":9,"sample_h3":"879512110ffffff","log_pop":4.1593603129,"log_mass":6.6796042195},{"country_iso":"IDN","city_id":12755,"city":"Balikpapan","pop_total":190916.1336580426,"mass_total":26226072.1933385655,"n_hex":33,"sample_h3":"87688a500ffffff","log_pop":5.2808426307,"log_mass":7.4187332524},{"country_iso":"IDN","city_id":12761,"city":"Tenggarong","pop_total":6443.9246553963,"mass_total":3455593.0428009713,"n_hex":12,"sample_h3":"87688a92cffffff","log_pop":3.8091504539,"log_mass":6.538522591},{"country_iso":"IDN","city_id":12763,"city":"Samarinda","pop_total":260252.5343649593,"mass_total":32197354.2780156694,"n_hex":43,"sample_h3":"8768884b0ffffff","log_pop":5.4153949674,"log_mass":7.5078201863},{"country_iso":"IDN","city_id":12768,"city":"Tanjung Selor","pop_total":3319.6503850404,"mass_total":2602384.5965043171,"n_hex":9,"sample_h3":"8768a9190ffffff","log_pop":3.5210923476,"log_mass":6.4153714797},{"country_iso":"IDN","city_id":12774,"city":"Tanjung Redeb","pop_total":6374.7056591333,"mass_total":5181512.1657874761,"n_hex":7,"sample_h3":"8768aba0affffff","log_pop":3.8044601368,"log_mass":6.7144565222},{"country_iso":"IDN","city_id":12777,"city":"Tarakan","pop_total":54487.0203213374,"mass_total":8479186.932170067,"n_hex":13,"sample_h3":"8768a9841ffffff","log_pop":4.7362930587,"log_mass":6.9283542098},{"country_iso":"IDN","city_id":12780,"city":"Nunukan","pop_total":3223.8819780425,"mass_total":2585766.0132149882,"n_hex":5,"sample_h3":"87681a890ffffff","log_pop":3.5083791345,"log_mass":6.4125892229},{"country_iso":"IDN","city_id":12781,"city":"Lok Tuan","pop_total":4508.6891174709,"mass_total":1986023.1784582576,"n_hex":4,"sample_h3":"876888128ffffff","log_pop":3.6540502909,"log_mass":6.2979843127},{"country_iso":"IDN","city_id":12782,"city":"Bontang","pop_total":15084.9405191982,"mass_total":5210283.8859525695,"n_hex":9,"sample_h3":"876888100ffffff","log_pop":4.1785436021,"log_mass":6.7168613868},{"country_iso":"IDN","city_id":12784,"city":"Sangatta","pop_total":6151.3174678709,"mass_total":4273872.3568972293,"n_hex":12,"sample_h3":"876888860ffffff","log_pop":3.7889681414,"log_mass":6.6308215474},{"country_iso":"IDN","city_id":12786,"city":"Dompu","pop_total":5239.5116189022,"mass_total":1989189.0593274329,"n_hex":8,"sample_h3":"8795130b5ffffff","log_pop":3.7192908078,"log_mass":6.2986760619},{"country_iso":"IDN","city_id":12798,"city":"Kecamatan Bolo","pop_total":2839.3902705754,"mass_total":1283487.0243255936,"n_hex":6,"sample_h3":"879513018ffffff","log_pop":3.4532250899,"log_mass":6.1083914824},{"country_iso":"IDN","city_id":12802,"city":"Bima","pop_total":28957.2359255996,"mass_total":4734649.5806600489,"n_hex":10,"sample_h3":"879513040ffffff","log_pop":4.4617571045,"log_mass":6.6752878417},{"country_iso":"IDN","city_id":12814,"city":"Kecamatan Sape","pop_total":3148.6729742499,"mass_total":1713322.0276839486,"n_hex":6,"sample_h3":"879513203ffffff","log_pop":3.4981275565,"log_mass":6.2338389985},{"country_iso":"IDN","city_id":12823,"city":"Tambolaka","pop_total":2087.9886437809,"mass_total":483744.451936166,"n_hex":6,"sample_h3":"8795ad081ffffff","log_pop":3.3197281323,"log_mass":5.6846159971},{"country_iso":"IDN","city_id":12833,"city":"Waikabubak","pop_total":2613.4081615149,"mass_total":1029522.2959451484,"n_hex":6,"sample_h3":"8795ad620ffffff","log_pop":3.417207243,"log_mass":6.0126357564},{"country_iso":"IDN","city_id":12848,"city":"Mamuju","pop_total":12539.7243321437,"mass_total":2935248.3886960261,"n_hex":8,"sample_h3":"879520300ffffff","log_pop":4.0982879893,"log_mass":6.4676448583},{"country_iso":"IDN","city_id":12852,"city":"Majene","pop_total":4933.8572651022,"mass_total":1099891.8895167662,"n_hex":5,"sample_h3":"879523c09ffffff","log_pop":3.6931865813,"log_mass":6.0413499996},{"country_iso":"IDN","city_id":12862,"city":"Sidorejo","pop_total":7411.6570373367,"mass_total":1853809.6657660271,"n_hex":9,"sample_h3":"879523129ffffff","log_pop":3.8699153148,"log_mass":6.2680651422},{"country_iso":"IDN","city_id":12863,"city":"Makassar","pop_total":980578.7101976769,"mass_total":100031831.0909142047,"n_hex":101,"sample_h3":"879500124ffffff","log_pop":5.9914824598,"log_mass":8.0001382187},{"country_iso":"IDN","city_id":12864,"city":"Labuan Bajo","pop_total":855.1453457159,"mass_total":359210.3162534176,"n_hex":5,"sample_h3":"87951e2a4ffffff","log_pop":2.9320399363,"log_mass":5.5553488008},{"country_iso":"IDN","city_id":12865,"city":"Pattallassang","pop_total":4951.2815891659,"mass_total":979781.9532244465,"n_hex":9,"sample_h3":"879500110ffffff","log_pop":3.6947176262,"log_mass":5.9911294358},{"country_iso":"IDN","city_id":12868,"city":"Takatidung","pop_total":8005.6113150372,"mass_total":1377418.6649571874,"n_hex":6,"sample_h3":"879523160ffffff","log_pop":3.9033945006,"log_mass":6.1390659637},{"country_iso":"IDN","city_id":12870,"city":"Waingapu","pop_total":4483.782444033,"mass_total":1871427.0082207066,"n_hex":9,"sample_h3":"87951a6b4ffffff","log_pop":3.6516445322,"log_mass":6.2721728929},{"country_iso":"IDN","city_id":12871,"city":"Polewali","pop_total":6538.8575424381,"mass_total":1425495.780005432,"n_hex":4,"sample_h3":"87952314dffffff","log_pop":3.8155018758,"log_mass":6.153965936},{"country_iso":"IDN","city_id":12875,"city":"Mamasa","pop_total":174.5318197353,"mass_total":255669.7845697395,"n_hex":4,"sample_h3":"879521418ffffff","log_pop":2.2418746168,"log_mass":5.4076794055},{"country_iso":"IDN","city_id":12876,"city":"Pangkajene","pop_total":12776.3347185696,"mass_total":1871468.5830550187,"n_hex":10,"sample_h3":"879505580ffffff","log_pop":4.1064062811,"log_mass":6.2721825409},{"country_iso":"IDN","city_id":12880,"city":"Pasangkayu","pop_total":1220.1002336857,"mass_total":596746.1891744444,"n_hex":4,"sample_h3":"8768d66a1ffffff","log_pop":3.0863955103,"log_mass":5.7757896543},{"country_iso":"IDN","city_id":12885,"city":"Pare-Pare","pop_total":33850.7146039738,"mass_total":5622137.3595563564,"n_hex":13,"sample_h3":"879505910ffffff","log_pop":4.5295678413,"log_mass":6.749901452},{"country_iso":"IDN","city_id":12886,"city":"Pinrang","pop_total":12471.061593353,"mass_total":3445073.550902633,"n_hex":7,"sample_h3":"87952328cffffff","log_pop":4.0959034242,"log_mass":6.5371984984},{"country_iso":"IDN","city_id":12889,"city":"Bantaeng","pop_total":13528.7567554025,"mass_total":2284187.8179646083,"n_hex":14,"sample_h3":"879500200ffffff","log_pop":4.1312578883,"log_mass":6.358731811},{"country_iso":"IDN","city_id":12890,"city":"Pangkajene","pop_total":8158.6858049972,"mass_total":2315044.195870087,"n_hex":7,"sample_h3":"879505929ffffff","log_pop":3.9116202086,"log_mass":6.3645592864},{"country_iso":"IDN","city_id":12891,"city":"Ruteng","pop_total":8398.0592694675,"mass_total":1746620.2390557155,"n_hex":8,"sample_h3":"8795184c0ffffff","log_pop":3.9241789354,"log_mass":6.2421984883},{"country_iso":"IDN","city_id":12892,"city":"Enrekang","pop_total":1907.4896163417,"mass_total":437165.5599537418,"n_hex":2,"sample_h3":"879523349ffffff","log_pop":3.2804621825,"log_mass":5.6406459408},{"country_iso":"IDN","city_id":12893,"city":"Makale","pop_total":1416.7004571354,"mass_total":353954.1460435733,"n_hex":4,"sample_h3":"8795216c0ffffff","log_pop":3.151278034,"log_mass":5.5489470038},{"country_iso":"IDN","city_id":12894,"city":"Borong","pop_total":885.099167317,"mass_total":316007.6611532207,"n_hex":3,"sample_h3":"87951ab58ffffff","log_pop":2.9469919322,"log_mass":5.4996976116},{"country_iso":"IDN","city_id":12895,"city":"Bulukumba","pop_total":26315.7582297456,"mass_total":4202474.5894704079,"n_hex":15,"sample_h3":"879500241ffffff","log_pop":4.4202158878,"log_mass":6.6235050961},{"country_iso":"IDN","city_id":12896,"city":"Rantepao","pop_total":3939.9244193096,"mass_total":1125973.4657264494,"n_hex":5,"sample_h3":"879521640ffffff","log_pop":3.5954878907,"log_mass":6.0515281562},{"country_iso":"IDN","city_id":12897,"city":"Lambagu","pop_total":5357.6729002934,"mass_total":1378598.7369821323,"n_hex":7,"sample_h3":"8768d6248ffffff","log_pop":3.7289761953,"log_mass":6.1394378763},{"country_iso":"IDN","city_id":12898,"city":"Palu","pop_total":132139.4388015074,"mass_total":30000677.5039717928,"n_hex":27,"sample_h3":"8768d04b4ffffff","log_pop":5.121032458,"log_mass":7.4771310625},{"country_iso":"IDN","city_id":12899,"city":"Sengkang","pop_total":8239.8537087796,"mass_total":2534576.9550794833,"n_hex":11,"sample_h3":"87950584bffffff","log_pop":3.9159195013,"log_mass":6.4039054819},{"country_iso":"IDN","city_id":12901,"city":"Baliase","pop_total":2537.0915894396,"mass_total":1080973.8387962861,"n_hex":13,"sample_h3":"8768d04b6ffffff","log_pop":3.4043361456,"log_mass":6.0338151835},{"country_iso":"IDN","city_id":12903,"city":"Balangnipa","pop_total":15446.8502579409,"mass_total":2372910.1804733984,"n_hex":7,"sample_h3":"879501d46ffffff","log_pop":4.1888399365,"log_mass":6.3752812996},{"country_iso":"IDN","city_id":12907,"city":"Watampone","pop_total":12466.7993140202,"mass_total":3797943.7519478975,"n_hex":12,"sample_h3":"879505200ffffff","log_pop":4.0957549684,"log_mass":6.5795485285},{"country_iso":"IDN","city_id":12908,"city":"Palopo","pop_total":36048.5674674464,"mass_total":4810479.6438829182,"n_hex":5,"sample_h3":"87952e828ffffff","log_pop":4.556888011,"log_mass":6.6821883812},{"country_iso":"IDN","city_id":12909,"city":"Bajawa","pop_total":1745.9511538328,"mass_total":744381.1414098884,"n_hex":6,"sample_h3":"87951b992ffffff","log_pop":3.2420320894,"log_mass":5.8717953619},{"country_iso":"IDN","city_id":12911,"city":"Parigi","pop_total":2873.857577466,"mass_total":976004.6301268236,"n_hex":4,"sample_h3":"8768d0446ffffff","log_pop":3.4584652416,"log_mass":5.9894518779},{"country_iso":"IDN","city_id":12912,"city":"Belopa","pop_total":1328.2360460113,"mass_total":630893.0339582886,"n_hex":8,"sample_h3":"87952e074ffffff","log_pop":3.1232752621,"log_mass":5.7999557321},{"country_iso":"IDN","city_id":12913,"city":"Masamba","pop_total":985.0719170439,"mass_total":580732.5710863653,"n_hex":3,"sample_h3":"87952c528ffffff","log_pop":2.9934679381,"log_mass":5.7639761846},{"country_iso":"IDN","city_id":12922,"city":"Poso","pop_total":4544.7303313751,"mass_total":2307877.2873634929,"n_hex":9,"sample_h3":"8768d31b6ffffff","log_pop":3.6575081188,"log_mass":6.3632127131},{"country_iso":"IDN","city_id":12923,"city":"Ende","pop_total":14522.8846980805,"mass_total":4184461.682408242,"n_hex":10,"sample_h3":"87951bac4ffffff","log_pop":4.1620528894,"log_mass":6.6216395953},{"country_iso":"IDN","city_id":12925,"city":"Tolitoli","pop_total":9844.2553918913,"mass_total":3852317.1372321388,"n_hex":8,"sample_h3":"8768d5b04ffffff","log_pop":3.9931828722,"log_mass":6.5857220327},{"country_iso":"IDN","city_id":12939,"city":"Maumere","pop_total":17998.7014451027,"mass_total":4156683.2543725674,"n_hex":10,"sample_h3":"879426810ffffff","log_pop":4.2552411731,"log_mass":6.6187469319},{"country_iso":"IDN","city_id":12942,"city":"Kolaka","pop_total":13449.196039269,"mass_total":3320125.6842326284,"n_hex":8,"sample_h3":"87952bc00ffffff","log_pop":4.128696324,"log_mass":6.5211545243},{"country_iso":"IDN","city_id":12945,"city":"Buol","pop_total":2687.5156203111,"mass_total":1535039.8802634515,"n_hex":5,"sample_h3":"8768c2912ffffff","log_pop":3.4293509971,"log_mass":6.1861196629},{"country_iso":"IDN","city_id":12950,"city":"Ampana","pop_total":2496.3343861711,"mass_total":1437057.8982630016,"n_hex":10,"sample_h3":"8768d1689ffffff","log_pop":3.397302759,"log_mass":6.157474266},{"country_iso":"IDN","city_id":12957,"city":"Rumbia","pop_total":664.1585401058,"mass_total":673447.0943356536,"n_hex":4,"sample_h3":"87950ca64ffffff","log_pop":2.8222717614,"log_mass":5.8283034834},{"country_iso":"IDN","city_id":12960,"city":"Unaaha","pop_total":385.0087959879,"mass_total":484119.8996112354,"n_hex":4,"sample_h3":"87952b8e9ffffff","log_pop":2.5854706516,"log_mass":5.6849529346},{"country_iso":"IDN","city_id":12968,"city":"Larantuka","pop_total":2968.9917174321,"mass_total":1816859.7994151409,"n_hex":9,"sample_h3":"879424608ffffff","log_pop":3.4726089861,"log_mass":6.2593214156},{"country_iso":"IDN","city_id":12973,"city":"Baubau","pop_total":19461.3701974457,"mass_total":5104452.1753384443,"n_hex":6,"sample_h3":"87950d4c0ffffff","log_pop":4.289173414,"log_mass":6.7079491392},{"country_iso":"IDN","city_id":12976,"city":"Kendari","pop_total":104466.6184720872,"mass_total":16263044.4786865897,"n_hex":30,"sample_h3":"87952b360ffffff","log_pop":5.0189775371,"log_mass":7.2112018498},{"country_iso":"IDN","city_id":12978,"city":"Kupang","pop_total":147007.5729842597,"mass_total":21851575.6115776412,"n_hex":23,"sample_h3":"879404824ffffff","log_pop":5.1673397077,"log_mass":7.3394827573},{"country_iso":"IDN","city_id":12979,"city":"Raha","pop_total":5813.9808945375,"mass_total":2153233.6240768298,"n_hex":6,"sample_h3":"87950d129ffffff","log_pop":3.7644736003,"log_mass":6.333091153},{"country_iso":"IDN","city_id":12988,"city":"Luwuk","pop_total":9612.1508548344,"mass_total":5043164.8515209025,"n_hex":14,"sample_h3":"8768d8c08ffffff","log_pop":3.9828205781,"log_mass":6.7027031647},{"country_iso":"IDN","city_id":12991,"city":"Limboto","pop_total":6242.8596511112,"mass_total":2360648.3563110381,"n_hex":5,"sample_h3":"8768c3742ffffff","log_pop":3.7953835714,"log_mass":6.3730312991},{"country_iso":"IDN","city_id":12992,"city":"Gorontalo","pop_total":142130.1491295889,"mass_total":20171509.0693047643,"n_hex":24,"sample_h3":"8768c3640ffffff","log_pop":5.1526862117,"log_mass":7.3047383898},{"country_iso":"IDN","city_id":13004,"city":"Kalabahi","pop_total":1890.0376381061,"mass_total":1229340.8445244173,"n_hex":6,"sample_h3":"879421861ffffff","log_pop":3.2764704528,"log_mass":6.0896723112},{"country_iso":"IDN","city_id":13006,"city":"Atambua","pop_total":30.4868946075,"mass_total":452988.1559087853,"n_hex":1,"sample_h3":"87942e9a6ffffff","log_pop":1.4841131894,"log_mass":5.6560868468},{"country_iso":"IDN","city_id":13008,"city":"Kotamobagu","pop_total":38144.026847888,"mass_total":5353546.3765421044,"n_hex":10,"sample_h3":"8768ca902ffffff","log_pop":4.5814265394,"log_mass":6.7286415692},{"country_iso":"IDN","city_id":13017,"city":"Manado","pop_total":183580.8650362538,"mass_total":32904387.3306543715,"n_hex":31,"sample_h3":"8768c8104ffffff","log_pop":5.2638274119,"log_mass":7.5172538088},{"country_iso":"IDN","city_id":13019,"city":"Tomohon","pop_total":13000.4354917601,"mass_total":2916264.6293967655,"n_hex":8,"sample_h3":"8768c8110ffffff","log_pop":4.1139579007,"log_mass":6.4648269304},{"country_iso":"IDN","city_id":13021,"city":"Tondano","pop_total":10686.5859532599,"mass_total":3234782.4887867505,"n_hex":9,"sample_h3":"8768c8030ffffff","log_pop":4.0288389832,"log_mass":6.5098450834},{"country_iso":"IDN","city_id":13026,"city":"Bitung","pop_total":41555.1204955194,"mass_total":8777368.645584302,"n_hex":14,"sample_h3":"8768c8148ffffff","log_pop":4.618624546,"log_mass":6.9433643389},{"country_iso":"IDN","city_id":13028,"city":"Ternate","pop_total":84137.3041996778,"mass_total":10341306.344171159,"n_hex":12,"sample_h3":"877390d81ffffff","log_pop":4.9249885929,"log_mass":7.0145754036},{"country_iso":"IDN","city_id":13029,"city":"Tobelo","pop_total":2952.5156464979,"mass_total":2097536.8440389186,"n_hex":6,"sample_h3":"877395529ffffff","log_pop":3.4701922078,"log_mass":6.3217095981}]