[{"country_iso":"MEX","city_id":19,"city":"Rosarito","pop_total":50152.3115969453,"mass_total":9185109.2321208473,"n_hex":12,"sample_h3":"8729a4d40ffffff","log_pop":4.7002909551,"log_mass":6.9630843254},{"country_iso":"MEX","city_id":20,"city":"Ensenada","pop_total":120560.2029403874,"mass_total":29050809.7582571469,"n_hex":26,"sample_h3":"87484a412ffffff","log_pop":5.0812039704,"log_mass":7.4631582424},{"country_iso":"MEX","city_id":23,"city":"Las Delicias","pop_total":5313.9090069937,"mass_total":593365.6933220532,"n_hex":4,"sample_h3":"8729a4c25ffffff","log_pop":3.7254141135,"log_mass":5.7733224331},{"country_iso":"MEX","city_id":31,"city":"Tecate","pop_total":488.4478877862,"mass_total":1073508.3395169473,"n_hex":5,"sample_h3":"8729a4cb2ffffff","log_pop":2.6888182359,"log_mass":6.0308054226},{"country_iso":"MEX","city_id":43,"city":"Cabo San Lucas","pop_total":7976.4485272863,"mass_total":1920406.6332416288,"n_hex":4,"sample_h3":"874823ac0ffffff","log_pop":3.901809567,"log_mass":6.2833931974},{"country_iso":"MEX","city_id":52,"city":"La Paz","pop_total":89765.061278131,"mass_total":13807058.6541211009,"n_hex":12,"sample_h3":"87482ad40ffffff","log_pop":4.9531073317,"log_mass":7.1401011698},{"country_iso":"MEX","city_id":53,"city":"San Jos\u00e9 del Cabo","pop_total":3100.9324414683,"mass_total":1040656.2683068991,"n_hex":3,"sample_h3":"874823230ffffff","log_pop":3.4914923046,"log_mass":6.0173073045},{"country_iso":"MEX","city_id":57,"city":"Mexicali","pop_total":408557.5720469038,"mass_total":79723928.5468965918,"n_hex":46,"sample_h3":"8748594d3ffffff","log_pop":5.611253264,"log_mass":7.9015886912},{"country_iso":"MEX","city_id":59,"city":"San Luis R\u00edo Colorado","pop_total":38450.9545092699,"mass_total":11433797.2441939358,"n_hex":17,"sample_h3":"87485b894ffffff","log_pop":4.5849071252,"log_mass":7.0581904866},{"country_iso":"MEX","city_id":61,"city":"Puerto Pe\u00f1asco","pop_total":15558.9260094562,"mass_total":2539173.958037586,"n_hex":7,"sample_h3":"87485e704ffffff","log_pop":4.1919796155,"log_mass":6.4046924553},{"country_iso":"MEX","city_id":62,"city":"Guaymas","pop_total":58736.104301801,"mass_total":7690688.6854421869,"n_hex":14,"sample_h3":"8748094daffffff","log_pop":4.7689051384,"log_mass":6.8859652317},{"country_iso":"MEX","city_id":63,"city":"Los Mochis","pop_total":205825.4767210847,"mass_total":26970495.8921772018,"n_hex":16,"sample_h3":"87480ed00ffffff","log_pop":5.31349913,"log_mass":7.4308889317},{"country_iso":"MEX","city_id":64,"city":"Heroica Caborca","pop_total":38840.2572894493,"mass_total":6934827.2546107527,"n_hex":8,"sample_h3":"874853442ffffff","log_pop":4.5892820981,"log_mass":6.8410356473},{"country_iso":"MEX","city_id":65,"city":"Hermosillo","pop_total":614691.1987424106,"mass_total":86308943.083495453,"n_hex":37,"sample_h3":"8748564c1ffffff","log_pop":5.7886569949,"log_mass":7.9360557984},{"country_iso":"MEX","city_id":66,"city":"Ciudad Obreg\u00f3n","pop_total":247978.0369329366,"mass_total":30739375.3004080802,"n_hex":19,"sample_h3":"874808690ffffff","log_pop":5.3944132177,"log_mass":7.4876950373},{"country_iso":"MEX","city_id":68,"city":"Navojoa","pop_total":37926.7796160794,"mass_total":7305038.9421086013,"n_hex":9,"sample_h3":"87480a80cffffff","log_pop":4.5789459681,"log_mass":6.8636225354},{"country_iso":"MEX","city_id":70,"city":"Guasave","pop_total":42253.2653345108,"mass_total":7027973.3860500818,"n_hex":7,"sample_h3":"874803b83ffffff","log_pop":4.6258602769,"log_mass":6.8468301082},{"country_iso":"MEX","city_id":71,"city":"Guam\u00fachil","pop_total":43430.617069792,"mass_total":7619090.3601894313,"n_hex":7,"sample_h3":"874803114ffffff","log_pop":4.6377959999,"log_mass":6.8819031242},{"country_iso":"MEX","city_id":73,"city":"Culiac\u00e1n","pop_total":550505.7106863183,"mass_total":73823015.898401022,"n_hex":36,"sample_h3":"874802848ffffff","log_pop":5.7407618285,"log_mass":7.8681917835},{"country_iso":"MEX","city_id":75,"city":"Mazatl\u00e1n","pop_total":320804.4623754057,"mass_total":35319214.3846764863,"n_hex":21,"sample_h3":"874833324ffffff","log_pop":5.5062404007,"log_mass":7.5480110349},{"country_iso":"MEX","city_id":76,"city":"Puerto Vallarta","pop_total":138742.8883542631,"mass_total":14760670.475818485,"n_hex":13,"sample_h3":"874836936ffffff","log_pop":5.1422107314,"log_mass":7.1691060849},{"country_iso":"MEX","city_id":77,"city":"Manzanillo","pop_total":98704.2754690103,"mass_total":14077977.6546585709,"n_hex":15,"sample_h3":"8749a8810ffffff","log_pop":4.994335965,"log_mass":7.1485402715},{"country_iso":"MEX","city_id":78,"city":"Heroica Nogales","pop_total":96025.0576526947,"mass_total":18016840.3781881668,"n_hex":15,"sample_h3":"8748ec442ffffff","log_pop":4.9823845766,"log_mass":7.2556786309},{"country_iso":"MEX","city_id":80,"city":"Tecoman","pop_total":73517.3343737928,"mass_total":7408145.5554508371,"n_hex":7,"sample_h3":"8749a8d30ffffff","log_pop":4.8663897518,"log_mass":6.8697095068},{"country_iso":"MEX","city_id":81,"city":"Tepic","pop_total":291526.3937478222,"mass_total":32084637.1462054849,"n_hex":18,"sample_h3":"87483609affffff","log_pop":5.4646778803,"log_mass":7.5062971321},{"country_iso":"MEX","city_id":83,"city":"Colima","pop_total":218094.7415984973,"mass_total":26422722.2325477302,"n_hex":16,"sample_h3":"8749a8c82ffffff","log_pop":5.3386451946,"log_mass":7.4219775593},{"country_iso":"MEX","city_id":86,"city":"Ciudad Guzm\u00e1n","pop_total":72676.8281448357,"mass_total":8997016.5132834613,"n_hex":7,"sample_h3":"8749aa848ffffff","log_pop":4.861395965,"log_mass":6.9540985176},{"country_iso":"MEX","city_id":87,"city":"Agua Prieta","pop_total":50048.9860685538,"mass_total":9142089.2254456952,"n_hex":10,"sample_h3":"8748e3348ffffff","log_pop":4.6993952836,"log_mass":6.9610454556},{"country_iso":"MEX","city_id":88,"city":"Guadalajara","pop_total":3490429.0143622733,"mass_total":368783664.2150432467,"n_hex":130,"sample_h3":"87498c864ffffff","log_pop":6.5428788101,"log_mass":8.5667716751},{"country_iso":"MEX","city_id":89,"city":"Tlajomulco","pop_total":43395.9825861632,"mass_total":3032143.6111036856,"n_hex":6,"sample_h3":"8749aa250ffffff","log_pop":4.6374495263,"log_mass":6.4817497669},{"country_iso":"MEX","city_id":91,"city":"Tesist\u00e1n","pop_total":39595.5965859684,"mass_total":4076651.3938702922,"n_hex":8,"sample_h3":"8749ab480ffffff","log_pop":4.5976468909,"log_mass":6.6103035753},{"country_iso":"MEX","city_id":92,"city":"L\u00e1zaro C\u00e1rdenas","pop_total":72238.5245449657,"mass_total":7417308.199558571,"n_hex":9,"sample_h3":"8749a3100ffffff","log_pop":4.858768867,"log_mass":6.8702463249},{"country_iso":"MEX","city_id":93,"city":"Durango","pop_total":416115.4636348751,"mass_total":41594828.8296663538,"n_hex":23,"sample_h3":"874814630ffffff","log_pop":5.6192138553,"log_mass":7.6190393414},{"country_iso":"MEX","city_id":94,"city":"Apatzing\u00e1n","pop_total":68457.8432463525,"mass_total":9738710.0653959624,"n_hex":8,"sample_h3":"874985858ffffff","log_pop":4.8354232126,"log_mass":6.9885014365},{"country_iso":"MEX","city_id":95,"city":"Sahuayo de Morelos","pop_total":51494.9164669434,"mass_total":5603786.27018179,"n_hex":7,"sample_h3":"8749aa466ffffff","log_pop":4.711764358,"log_mass":6.7484815628},{"country_iso":"MEX","city_id":96,"city":"Ocotl\u00e1n","pop_total":68115.2663412163,"mass_total":8653344.4624316338,"n_hex":7,"sample_h3":"8749aa788ffffff","log_pop":4.8332444591,"log_mass":6.937183992},{"country_iso":"MEX","city_id":97,"city":"Cuauht\u00e9moc","pop_total":52990.6873671983,"mass_total":9301039.8691777997,"n_hex":12,"sample_h3":"87481b101ffffff","log_pop":4.724199553,"log_mass":6.968531506},{"country_iso":"MEX","city_id":99,"city":"Zihuatanejo","pop_total":39301.3543227967,"mass_total":3316705.1376762539,"n_hex":5,"sample_h3":"8749a2321ffffff","log_pop":4.5944075164,"log_mass":6.5207068635},{"country_iso":"MEX","city_id":100,"city":"Tepatitl\u00e1n","pop_total":52480.1261691682,"mass_total":5996954.567768109,"n_hex":5,"sample_h3":"87498cc28ffffff","log_pop":4.7199948705,"log_mass":6.7779307587},{"country_iso":"MEX","city_id":102,"city":"Jacona de Plancarte","pop_total":27542.2015969003,"mass_total":2601498.5690495106,"n_hex":4,"sample_h3":"874981960ffffff","log_pop":4.4399986528,"log_mass":6.4152235913},{"country_iso":"MEX","city_id":103,"city":"Nuevo Casas Grandes","pop_total":26751.0673117956,"mass_total":5498638.5894525182,"n_hex":8,"sample_h3":"8748e2008ffffff","log_pop":4.4273411141,"log_mass":6.7402551756},{"country_iso":"MEX","city_id":104,"city":"Hidalgo del Parral","pop_total":72623.8554491751,"mass_total":9637621.9067718685,"n_hex":10,"sample_h3":"87481e0daffffff","log_pop":4.861079301,"log_mass":6.9839698845},{"country_iso":"MEX","city_id":105,"city":"Zamora","pop_total":106219.6590545049,"mass_total":10031366.3720826618,"n_hex":10,"sample_h3":"874981940ffffff","log_pop":5.0262049031,"log_mass":7.0013600923},{"country_iso":"MEX","city_id":106,"city":"Uruapan","pop_total":211963.0682081799,"mass_total":25092376.4720031433,"n_hex":17,"sample_h3":"87498500affffff","log_pop":5.3262601974,"log_mass":7.3995417948},{"country_iso":"MEX","city_id":107,"city":"Arandas","pop_total":39533.7509440572,"mass_total":3658302.1313737361,"n_hex":5,"sample_h3":"874981370ffffff","log_pop":4.596968022,"log_mass":6.5632795701},{"country_iso":"MEX","city_id":108,"city":"La Piedad de Cabadas","pop_total":66733.6975860596,"mass_total":9172502.0421398059,"n_hex":9,"sample_h3":"874981109ffffff","log_pop":4.8243451889,"log_mass":6.9624878171},{"country_iso":"MEX","city_id":109,"city":"San Juan de los Lagos","pop_total":42329.4196438302,"mass_total":4407346.7652960503,"n_hex":5,"sample_h3":"87498c484ffffff","log_pop":4.6266423141,"log_mass":6.6441772217},{"country_iso":"MEX","city_id":110,"city":"P\u00e1tzcuaro","pop_total":27776.8675801922,"mass_total":2358400.8352126433,"n_hex":5,"sample_h3":"8749854c5ffffff","log_pop":4.4436832684,"log_mass":6.37261762},{"country_iso":"MEX","city_id":111,"city":"Chihuahua","pop_total":601286.1467272715,"mass_total":94962347.5016435534,"n_hex":42,"sample_h3":"87481b480ffffff","log_pop":5.7790811981,"log_mass":7.977551442},{"country_iso":"MEX","city_id":112,"city":"Aguascalientes","pop_total":687140.2931105921,"mass_total":80664302.7413520664,"n_hex":33,"sample_h3":"874988cb4ffffff","log_pop":5.8370454158,"log_mass":7.9066813841},{"country_iso":"MEX","city_id":113,"city":"Fresnillo","pop_total":96279.1302780385,"mass_total":10615315.4828545339,"n_hex":10,"sample_h3":"87498b818ffffff","log_pop":4.9835321585,"log_mass":7.0259329057},{"country_iso":"MEX","city_id":114,"city":"San Francisco del Rinc\u00f3n","pop_total":92677.2235979552,"mass_total":11911090.1432199404,"n_hex":11,"sample_h3":"874981642ffffff","log_pop":4.9669730148,"log_mass":7.0759515114},{"country_iso":"MEX","city_id":115,"city":"Zacatecas","pop_total":214198.8348144084,"mass_total":24403284.5316610597,"n_hex":16,"sample_h3":"874988602ffffff","log_pop":5.3308171041,"log_mass":7.3874482836},{"country_iso":"MEX","city_id":116,"city":"Morelia","pop_total":500930.4684324952,"mass_total":67307991.9433361143,"n_hex":30,"sample_h3":"874980160ffffff","log_pop":5.6997774479,"log_mass":7.8280666341},{"country_iso":"MEX","city_id":117,"city":"Delicias","pop_total":97950.4538532708,"mass_total":13681304.879967628,"n_hex":11,"sample_h3":"87481a626ffffff","log_pop":4.9910064526,"log_mass":7.136127521},{"country_iso":"MEX","city_id":118,"city":"Lagos de Moreno","pop_total":69414.2524848487,"mass_total":7884435.8978103325,"n_hex":8,"sample_h3":"87498e888ffffff","log_pop":4.8414486511,"log_mass":6.8967706266},{"country_iso":"MEX","city_id":119,"city":"Le\u00f3n","pop_total":1166201.9143083363,"mass_total":124689084.5775226355,"n_hex":46,"sample_h3":"8749816c8ffffff","log_pop":6.06677375,"log_mass":8.0958284365},{"country_iso":"MEX","city_id":120,"city":"Uriangato","pop_total":71051.8989261847,"mass_total":8826414.6129688323,"n_hex":8,"sample_h3":"874980204ffffff","log_pop":4.8515756893,"log_mass":6.9457843242},{"country_iso":"MEX","city_id":121,"city":"Irapuato","pop_total":346438.1963294551,"mass_total":31832004.6332325749,"n_hex":20,"sample_h3":"874981488ffffff","log_pop":5.5396257689,"log_mass":7.5028639894},{"country_iso":"MEX","city_id":122,"city":"Acapulco","pop_total":548168.4303968668,"mass_total":56307402.7938450873,"n_hex":37,"sample_h3":"8749b5405ffffff","log_pop":5.7389140204,"log_mass":7.7505654958},{"country_iso":"MEX","city_id":123,"city":"Silao","pop_total":63320.7254916879,"mass_total":5688124.1528849695,"n_hex":6,"sample_h3":"874983a60ffffff","log_pop":4.8015458821,"log_mass":6.754969067},{"country_iso":"MEX","city_id":124,"city":"Valle de Santiago","pop_total":56317.7854913539,"mass_total":6303887.088785056,"n_hex":7,"sample_h3":"8749802c8ffffff","log_pop":4.7506455693,"log_mass":6.7996084257},{"country_iso":"MEX","city_id":125,"city":"Salamanca","pop_total":135356.8057938954,"mass_total":18245091.2793527506,"n_hex":13,"sample_h3":"874981494ffffff","log_pop":5.1314800972,"log_mass":7.2611460405},{"country_iso":"MEX","city_id":126,"city":"Torreon","pop_total":759609.4697595512,"mass_total":108139072.3197605461,"n_hex":49,"sample_h3":"87481209affffff","log_pop":5.8805903703,"log_mass":8.0339826396},{"country_iso":"MEX","city_id":127,"city":"Guanajuato","pop_total":83948.1832187306,"mass_total":10105061.6771913655,"n_hex":11,"sample_h3":"874983a03ffffff","log_pop":4.9240113017,"log_mass":7.0045389686},{"country_iso":"MEX","city_id":128,"city":"Cortazar","pop_total":47408.7994406097,"mass_total":4623000.8524688091,"n_hex":6,"sample_h3":"874983834ffffff","log_pop":4.6758589576,"log_mass":6.6649239735},{"country_iso":"MEX","city_id":129,"city":"Ac\u00e1mbaro","pop_total":39951.4518344316,"mass_total":5496085.5183771811,"n_hex":6,"sample_h3":"874980702ffffff","log_pop":4.6015325662,"log_mass":6.7400534817},{"country_iso":"MEX","city_id":130,"city":"Matamoros","pop_total":29465.9528874003,"mass_total":3349062.0786925619,"n_hex":8,"sample_h3":"874812450ffffff","log_pop":4.4693204901,"log_mass":6.5249231978},{"country_iso":"MEX","city_id":131,"city":"Ciudad Hidalgo","pop_total":40282.7405865548,"mass_total":5721663.7598492112,"n_hex":7,"sample_h3":"874980505ffffff","log_pop":4.6051190096,"log_mass":6.7575223324},{"country_iso":"MEX","city_id":132,"city":"Celaya","pop_total":312733.9429171341,"mass_total":38766280.2569747269,"n_hex":21,"sample_h3":"8749838a0ffffff","log_pop":5.4951750204,"log_mass":7.5884541311},{"country_iso":"MEX","city_id":134,"city":"Zit\u00e1cuaro","pop_total":56764.2660050467,"mass_total":5445882.5898566386,"n_hex":7,"sample_h3":"874986340ffffff","log_pop":4.7540750265,"log_mass":6.736068274},{"country_iso":"MEX","city_id":135,"city":"Dolores Hidalgo","pop_total":45499.9699378383,"mass_total":5427143.0192275159,"n_hex":7,"sample_h3":"874983059ffffff","log_pop":4.6580111097,"log_mass":6.7345712665},{"country_iso":"MEX","city_id":136,"city":"Chilpancingo","pop_total":134077.2229797085,"mass_total":12514325.1923927851,"n_hex":12,"sample_h3":"8749b0340ffffff","log_pop":5.1273550062,"log_mass":7.0974074362},{"country_iso":"MEX","city_id":137,"city":"San Miguel de Allende","pop_total":51920.7719529484,"mass_total":7726704.5418737167,"n_hex":8,"sample_h3":"874983030ffffff","log_pop":4.7153411409,"log_mass":6.8879943058},{"country_iso":"MEX","city_id":138,"city":"San Pedro de las Colonias","pop_total":16994.3517251987,"mass_total":2042788.1131480362,"n_hex":5,"sample_h3":"8748a1a20ffffff","log_pop":4.2303046024,"log_mass":6.3102233221},{"country_iso":"MEX","city_id":139,"city":"Quer\u00e9taro","pop_total":738488.0526155826,"mass_total":110043305.1589739472,"n_hex":44,"sample_h3":"874982369ffffff","log_pop":5.8683434736,"log_mass":8.041563626},{"country_iso":"MEX","city_id":141,"city":"Iguala","pop_total":65467.6202154449,"mass_total":7241038.0215857653,"n_hex":8,"sample_h3":"8749b3b42ffffff","log_pop":4.8160265544,"log_mass":6.8598008279},{"country_iso":"MEX","city_id":142,"city":"Taxco","pop_total":28397.0433950778,"mass_total":1628976.7825036268,"n_hex":5,"sample_h3":"8749b3a48ffffff","log_pop":4.4532731251,"log_mass":6.2119148944},{"country_iso":"MEX","city_id":143,"city":"Ciudad Ju\u00e1rez","pop_total":1418724.0261724449,"mass_total":297655626.586268425,"n_hex":115,"sample_h3":"8748c6130ffffff","log_pop":6.1518979236,"log_mass":8.4737140964},{"country_iso":"MEX","city_id":144,"city":"San Luis Potos\u00ed","pop_total":843669.3857171867,"mass_total":106726103.070233658,"n_hex":42,"sample_h3":"87499d149ffffff","log_pop":5.9261722901,"log_mass":8.0282706522},{"country_iso":"MEX","city_id":146,"city":"Toluca","pop_total":811942.6726613286,"mass_total":115365640.3581348956,"n_hex":86,"sample_h3":"874986098ffffff","log_pop":5.9095253669,"log_mass":8.062076481},{"country_iso":"MEX","city_id":148,"city":"San Luis de la Paz","pop_total":41349.984738773,"mass_total":4726325.8963656649,"n_hex":6,"sample_h3":"874983634ffffff","log_pop":4.6164753536,"log_mass":6.6745236644},{"country_iso":"MEX","city_id":150,"city":"San Juan del R\u00edo","pop_total":110782.5256841359,"mass_total":17282138.14446228,"n_hex":12,"sample_h3":"874982040ffffff","log_pop":5.0444712622,"log_mass":7.2375974723},{"country_iso":"MEX","city_id":151,"city":"Capulhuac de Mirafuentes","pop_total":69301.9867485075,"mass_total":7501138.1647774214,"n_hex":12,"sample_h3":"874986400ffffff","log_pop":4.8407456851,"log_mass":6.8751271649},{"country_iso":"MEX","city_id":152,"city":"Xonacatl\u00e1n","pop_total":21381.1151018573,"mass_total":2654302.942153831,"n_hex":9,"sample_h3":"8749864c9ffffff","log_pop":4.3300303515,"log_mass":6.4239504885},{"country_iso":"MEX","city_id":153,"city":"Cuernavaca","pop_total":546341.4240761172,"mass_total":81890413.0931978226,"n_hex":54,"sample_h3":"8749b3200ffffff","log_pop":5.7374641303,"log_mass":7.9132330619},{"country_iso":"MEX","city_id":154,"city":"Mexico City","pop_total":15380363.6619707402,"mass_total":1259326181.9159052372,"n_hex":420,"sample_h3":"87498649affffff","log_pop":7.1869666043,"log_mass":9.1001382326},{"country_iso":"MEX","city_id":155,"city":"Tlapa de Comonfort","pop_total":32217.1335757798,"mass_total":2906964.9757358199,"n_hex":5,"sample_h3":"8749b04d3ffffff","log_pop":4.5080868977,"log_mass":6.4634397993},{"country_iso":"MEX","city_id":156,"city":"Cuautla","pop_total":148283.0999629016,"mass_total":20343862.1821789816,"n_hex":20,"sample_h3":"8749b3292ffffff","log_pop":5.1710916567,"log_mass":7.3084334051},{"country_iso":"MEX","city_id":157,"city":"Tula de Allende","pop_total":34558.1093291479,"mass_total":5787635.2675306909,"n_hex":9,"sample_h3":"874982534ffffff","log_pop":4.5385499742,"log_mass":6.7625011544},{"country_iso":"MEX","city_id":158,"city":"Colonia Santa Teresa","pop_total":46595.4563359286,"mass_total":3083573.0375214145,"n_hex":7,"sample_h3":"874995344ffffff","log_pop":4.6683435694,"log_mass":6.4890542396},{"country_iso":"MEX","city_id":159,"city":"Coyotepec","pop_total":41163.0676695048,"mass_total":4726758.59954667,"n_hex":7,"sample_h3":"87499532cffffff","log_pop":4.614507733,"log_mass":6.674563423},{"country_iso":"MEX","city_id":161,"city":"Huehuetoca","pop_total":39061.1907001949,"mass_total":3202592.9849262368,"n_hex":5,"sample_h3":"874995370ffffff","log_pop":4.5917454777,"log_mass":6.505501748},{"country_iso":"MEX","city_id":163,"city":"Rioverde","pop_total":19397.0182509863,"mass_total":2640050.9554502075,"n_hex":7,"sample_h3":"87499c250ffffff","log_pop":4.2877349744,"log_mass":6.4216123092},{"country_iso":"MEX","city_id":164,"city":"Zumpango","pop_total":39774.8679155378,"mass_total":5013273.6501024831,"n_hex":8,"sample_h3":"874995300ffffff","log_pop":4.5996087461,"log_mass":6.7001214113},{"country_iso":"MEX","city_id":165,"city":"Tepetlixpa","pop_total":23752.3613793897,"mass_total":2500911.9249376664,"n_hex":7,"sample_h3":"8749959b6ffffff","log_pop":4.3757067922,"log_mass":6.3980983974},{"country_iso":"MEX","city_id":167,"city":"Los Reyes Acozac","pop_total":44372.0663814943,"mass_total":3785442.8992067147,"n_hex":10,"sample_h3":"87499504affffff","log_pop":4.647109654,"log_mass":6.5781166995},{"country_iso":"MEX","city_id":168,"city":"Chiconcuac","pop_total":149285.0230069644,"mass_total":18360752.3600918204,"n_hex":20,"sample_h3":"874995020ffffff","log_pop":5.1740162394,"log_mass":7.2638904731},{"country_iso":"MEX","city_id":169,"city":"Matehuala","pop_total":54756.0015102121,"mass_total":7895920.2015948044,"n_hex":9,"sample_h3":"8749992a0ffffff","log_pop":4.7384317268,"log_mass":6.8974027506},{"country_iso":"MEX","city_id":170,"city":"Tizayuca","pop_total":56985.7873131627,"mass_total":7328441.9322023131,"n_hex":11,"sample_h3":"874995380ffffff","log_pop":4.7557665528,"log_mass":6.865011651},{"country_iso":"MEX","city_id":172,"city":"Atlixco","pop_total":52193.3313882009,"mass_total":7261384.4155909438,"n_hex":8,"sample_h3":"874994a62ffffff","log_pop":4.7176150178,"log_mass":6.8610194288},{"country_iso":"MEX","city_id":174,"city":"Fraccionamientos del Sur","pop_total":22781.5990889933,"mass_total":3103967.9105689451,"n_hex":4,"sample_h3":"874995660ffffff","log_pop":4.3575842049,"log_mass":6.4919172228},{"country_iso":"MEX","city_id":175,"city":"Pachuca","pop_total":274203.6861294783,"mass_total":36768885.9641835764,"n_hex":23,"sample_h3":"874995640ffffff","log_pop":5.4380732887,"log_mass":7.5654804717},{"country_iso":"MEX","city_id":176,"city":"Texmelucan","pop_total":83432.9361481052,"mass_total":10270176.3620292507,"n_hex":13,"sample_h3":"874995c80ffffff","log_pop":4.9213375274,"log_mass":7.0115779015},{"country_iso":"MEX","city_id":177,"city":"Puebla","pop_total":1528055.3542327436,"mass_total":213783761.4335853457,"n_hex":93,"sample_h3":"874994048ffffff","log_pop":6.184139087,"log_mass":8.329974714},{"country_iso":"MEX","city_id":178,"city":"Saltillo","pop_total":596708.7505525233,"mass_total":70502386.7707148194,"n_hex":36,"sample_h3":"8748a0458ffffff","log_pop":5.7757624067,"log_mass":7.8482038197},{"country_iso":"MEX","city_id":179,"city":"Huajuapan","pop_total":41054.524793429,"mass_total":5595454.0051310305,"n_hex":8,"sample_h3":"8749b2090ffffff","log_pop":4.6133610295,"log_mass":6.7478353302},{"country_iso":"MEX","city_id":180,"city":"Tlaxcala","pop_total":129957.5014634076,"mass_total":21762122.6663570069,"n_hex":33,"sample_h3":"874994209ffffff","log_pop":5.1138013531,"log_mass":7.337701254},{"country_iso":"MEX","city_id":181,"city":"Zacatelco","pop_total":75498.1981159609,"mass_total":12506329.0717397165,"n_hex":19,"sample_h3":"874994309ffffff","log_pop":4.8779365866,"log_mass":7.0971298518},{"country_iso":"MEX","city_id":184,"city":"Ramos Arizpe","pop_total":63776.4205149955,"mass_total":6005012.5504171532,"n_hex":9,"sample_h3":"8748a06b2ffffff","log_pop":4.8046601406,"log_mass":6.7785139194},{"country_iso":"MEX","city_id":185,"city":"Apizaco","pop_total":56980.9854602823,"mass_total":7236709.7082962226,"n_hex":11,"sample_h3":"8749942c1ffffff","log_pop":4.7557299559,"log_mass":6.8595411518},{"country_iso":"MEX","city_id":186,"city":"Tulancingo","pop_total":87033.0700085738,"mass_total":8798106.305695923,"n_hex":11,"sample_h3":"874990a60ffffff","log_pop":4.9396843031,"log_mass":6.9443892052},{"country_iso":"MEX","city_id":188,"city":"Monclova","pop_total":229756.3323716006,"mass_total":38500233.8933946192,"n_hex":19,"sample_h3":"874885905ffffff","log_pop":5.3612674899,"log_mass":7.5854633679},{"country_iso":"MEX","city_id":189,"city":"Ciudad Valles","pop_total":48033.7033339484,"mass_total":7373453.8015196975,"n_hex":12,"sample_h3":"87499ea52ffffff","log_pop":4.6815460715,"log_mass":6.8676709635},{"country_iso":"MEX","city_id":191,"city":"Huamantla","pop_total":37160.0876966404,"mass_total":4136504.3321243213,"n_hex":8,"sample_h3":"874994280ffffff","log_pop":4.5700767302,"log_mass":6.6166334835},{"country_iso":"MEX","city_id":195,"city":"Huauchinango","pop_total":22157.5013837571,"mass_total":1704412.0703481422,"n_hex":6,"sample_h3":"874990325ffffff","log_pop":4.3455207851,"log_mass":6.2315746011},{"country_iso":"MEX","city_id":197,"city":"Tehuac\u00e1n","pop_total":199477.3638672248,"mass_total":25733459.33130325,"n_hex":19,"sample_h3":"874994d90ffffff","log_pop":5.2998936203,"log_mass":7.410498172},{"country_iso":"MEX","city_id":198,"city":"Garc\u00eda","pop_total":211517.2341394028,"mass_total":6029589.9027449302,"n_hex":8,"sample_h3":"8748a2321ffffff","log_pop":5.3253457589,"log_mass":6.780287775},{"country_iso":"MEX","city_id":200,"city":"Monterrey","pop_total":3331561.0951823383,"mass_total":383622273.7001184225,"n_hex":146,"sample_h3":"8748a2002ffffff","log_pop":6.5226477819,"log_mass":8.583903815},{"country_iso":"MEX","city_id":201,"city":"Ciudad Mante","pop_total":53251.8822791275,"mass_total":8984384.8576183226,"n_hex":9,"sample_h3":"8749984c4ffffff","log_pop":4.7263349633,"log_mass":6.9534883472},{"country_iso":"MEX","city_id":202,"city":"Oaxaca","pop_total":334462.027664641,"mass_total":49045717.1520054489,"n_hex":35,"sample_h3":"876d32a10ffffff","log_pop":5.5243468183,"log_mass":7.6906010892},{"country_iso":"MEX","city_id":207,"city":"Orizaba","pop_total":201126.9234626853,"mass_total":21691467.1683729328,"n_hex":22,"sample_h3":"874994594ffffff","log_pop":5.3034702105,"log_mass":7.3362889278},{"country_iso":"MEX","city_id":208,"city":"Ciudad Victoria","pop_total":255459.7487686855,"mass_total":34083558.7642924935,"n_hex":21,"sample_h3":"87499b084ffffff","log_pop":5.4073224807,"log_mass":7.5325449344},{"country_iso":"MEX","city_id":209,"city":"Cadereyta Jim\u00e9nez","pop_total":53948.3358756449,"mass_total":6422848.1636573914,"n_hex":8,"sample_h3":"8748a20b4ffffff","log_pop":4.7319780527,"log_mass":6.8077276554},{"country_iso":"MEX","city_id":210,"city":"San Luis","pop_total":303466.5235428633,"mass_total":3161708.2182701179,"n_hex":6,"sample_h3":"8748a20dbffffff","log_pop":5.4821107895,"log_mass":6.4999217881},{"country_iso":"MEX","city_id":211,"city":"Teziutl\u00e1n","pop_total":26567.331521943,"mass_total":2938456.814702421,"n_hex":7,"sample_h3":"874990c89ffffff","log_pop":4.4243479352,"log_mass":6.4681193124},{"country_iso":"MEX","city_id":212,"city":"General Zuazua","pop_total":35017.5941893391,"mass_total":503704.6247608463,"n_hex":3,"sample_h3":"8748a2729ffffff","log_pop":4.5442863055,"log_mass":5.7021759383},{"country_iso":"MEX","city_id":213,"city":"Linares","pop_total":44014.6879767482,"mass_total":5629088.7432371322,"n_hex":8,"sample_h3":"8748b5a16ffffff","log_pop":4.6435976275,"log_mass":6.7504380954},{"country_iso":"MEX","city_id":214,"city":"C\u00f3rdoba","pop_total":153838.6564542434,"mass_total":17852983.4082848318,"n_hex":16,"sample_h3":"874996820ffffff","log_pop":5.1870654783,"log_mass":7.2517108014},{"country_iso":"MEX","city_id":215,"city":"Poza Rica","pop_total":115251.0174959183,"mass_total":15106981.1318391934,"n_hex":14,"sample_h3":"874990619ffffff","log_pop":5.0616447683,"log_mass":7.1791776868},{"country_iso":"MEX","city_id":216,"city":"Coatepec","pop_total":22969.2481332629,"mass_total":1894368.1082922691,"n_hex":6,"sample_h3":"874996068ffffff","log_pop":4.3611467794,"log_mass":6.2774643738},{"country_iso":"MEX","city_id":217,"city":"Papantla de Olarte","pop_total":6772.7954984908,"mass_total":1331337.1966095981,"n_hex":3,"sample_h3":"8749906a2ffffff","log_pop":3.8307679625,"log_mass":6.1242880661},{"country_iso":"MEX","city_id":218,"city":"Xalapa","pop_total":345238.5306972272,"mass_total":32655146.0825818293,"n_hex":23,"sample_h3":"874996048ffffff","log_pop":5.5381192596,"log_mass":7.5139516309},{"country_iso":"MEX","city_id":219,"city":"T\u00faxpam","pop_total":44062.0895493439,"mass_total":5355785.3692908389,"n_hex":11,"sample_h3":"874993c40ffffff","log_pop":4.6440650888,"log_mass":6.7288231645},{"country_iso":"MEX","city_id":220,"city":"Mart\u00ednez de la Torre","pop_total":41576.9915269025,"mass_total":4045628.1821220489,"n_hex":6,"sample_h3":"8749904a6ffffff","log_pop":4.618853061,"log_mass":6.606985966},{"country_iso":"MEX","city_id":221,"city":"Tampico","pop_total":441157.9515564492,"mass_total":54882070.2200860009,"n_hex":34,"sample_h3":"87456da01ffffff","log_pop":5.6445941115,"log_mass":7.7394304851},{"country_iso":"MEX","city_id":222,"city":"Altamira","pop_total":95104.0585806566,"mass_total":8569588.7287353314,"n_hex":14,"sample_h3":"87456da08ffffff","log_pop":4.9781990509,"log_mass":6.9329599798},{"country_iso":"MEX","city_id":223,"city":"Tierra Blanca","pop_total":38237.8116413172,"mass_total":5151697.2703867126,"n_hex":6,"sample_h3":"876d344d0ffffff","log_pop":4.5824930295,"log_mass":6.7119503346},{"country_iso":"MEX","city_id":224,"city":"Tuxtepec","pop_total":58722.2701132424,"mass_total":7896701.325050557,"n_hex":9,"sample_h3":"876d30d20ffffff","log_pop":4.7688028364,"log_mass":6.8974457121},{"country_iso":"MEX","city_id":225,"city":"Veracruz","pop_total":583924.053809669,"mass_total":78238636.2351606935,"n_hex":38,"sample_h3":"874996510ffffff","log_pop":5.7663563657,"log_mass":7.8934212717},{"country_iso":"MEX","city_id":226,"city":"El Tejar","pop_total":36241.5518668954,"mass_total":2804866.8256939691,"n_hex":6,"sample_h3":"876d34d81ffffff","log_pop":4.5592067859,"log_mass":6.4479122459},{"country_iso":"MEX","city_id":227,"city":"Santo Domingo Tehuantepec","pop_total":35596.4052606413,"mass_total":4836856.7087707249,"n_hex":7,"sample_h3":"876d31652ffffff","log_pop":4.5514061425,"log_mass":6.6845632217},{"country_iso":"MEX","city_id":228,"city":"Salina Cruz","pop_total":57119.1073492598,"mass_total":9230064.1148965582,"n_hex":8,"sample_h3":"876d06982ffffff","log_pop":4.7567814117,"log_mass":6.9652047178},{"country_iso":"MEX","city_id":230,"city":"Ciudad Acu\u00f1a","pop_total":113048.3229456048,"mass_total":18835905.3455127478,"n_hex":15,"sample_h3":"87488e834ffffff","log_pop":5.053264124,"log_mass":7.2749864994},{"country_iso":"MEX","city_id":231,"city":"Piedras Negras","pop_total":139449.1235294745,"mass_total":33174640.6758758351,"n_hex":20,"sample_h3":"874881400ffffff","log_pop":5.144415789,"log_mass":7.5208062276},{"country_iso":"MEX","city_id":232,"city":"Juchit\u00e1n","pop_total":58001.1756826495,"mass_total":6095844.3630137555,"n_hex":5,"sample_h3":"876d31290ffffff","log_pop":4.7634367968,"log_mass":6.7850338702},{"country_iso":"MEX","city_id":234,"city":"Nuevo Laredo","pop_total":488971.1604869095,"mass_total":98121842.7291866541,"n_hex":52,"sample_h3":"874880c30ffffff","log_pop":5.6892832452,"log_mass":7.9917656957},{"country_iso":"MEX","city_id":236,"city":"San Andr\u00e9s Tuxtla","pop_total":40158.1497041235,"mass_total":3478129.4716890976,"n_hex":6,"sample_h3":"876d35d84ffffff","log_pop":4.6037736944,"log_mass":6.5413457444},{"country_iso":"MEX","city_id":237,"city":"Reynosa","pop_total":542315.0842225256,"mass_total":76012575.5739612728,"n_hex":43,"sample_h3":"8748b02cbffffff","log_pop":5.7342516843,"log_mass":7.8808854482},{"country_iso":"MEX","city_id":238,"city":"Acayucan","pop_total":52533.4339735363,"mass_total":6336174.6917918026,"n_hex":10,"sample_h3":"876d35000ffffff","log_pop":4.7204357904,"log_mass":6.8018271425},{"country_iso":"MEX","city_id":240,"city":"R\u00edo Bravo","pop_total":72943.4107303295,"mass_total":11384303.1753256023,"n_hex":9,"sample_h3":"8748b3900ffffff","log_pop":4.8629860664,"log_mass":7.0563064529},{"country_iso":"MEX","city_id":243,"city":"Minatitl\u00e1n","pop_total":122298.932441345,"mass_total":20192229.2244911306,"n_hex":14,"sample_h3":"876d35a12ffffff","log_pop":5.0874226661,"log_mass":7.3051842678},{"country_iso":"MEX","city_id":244,"city":"Coatzacoalcos","pop_total":244937.8818726053,"mass_total":34974957.7156530097,"n_hex":21,"sample_h3":"876d35b00ffffff","log_pop":5.3890559579,"log_mass":7.5437571981},{"country_iso":"MEX","city_id":245,"city":"Matamoros","pop_total":366270.5277256523,"mass_total":49789573.5388996676,"n_hex":27,"sample_h3":"8748b0690ffffff","log_pop":5.5638019742,"log_mass":7.6971384064},{"country_iso":"MEX","city_id":249,"city":"Tuxtla Guti\u00e9rrez","pop_total":471653.9295573305,"mass_total":60397732.8684771657,"n_hex":31,"sample_h3":"876d23100ffffff","log_pop":5.6736234571,"log_mass":7.7810206369},{"country_iso":"MEX","city_id":251,"city":"C\u00e1rdenas","pop_total":75306.4240461349,"mass_total":8626732.0920981206,"n_hex":11,"sample_h3":"876d20c92ffffff","log_pop":4.8768320255,"log_mass":6.935846311},{"country_iso":"MEX","city_id":252,"city":"Tapachula","pop_total":178483.1628026841,"mass_total":20620334.2635970637,"n_hex":17,"sample_h3":"876d2a109ffffff","log_pop":5.2515972532,"log_mass":7.3142957011},{"country_iso":"MEX","city_id":254,"city":"San Crist\u00f3bal","pop_total":128295.2579320751,"mass_total":15986216.0044361148,"n_hex":14,"sample_h3":"876d23b02ffffff","log_pop":5.1082106042,"log_mass":7.2037456768},{"country_iso":"MEX","city_id":255,"city":"Villahermosa","pop_total":370862.8995564093,"mass_total":42079649.6290179491,"n_hex":31,"sample_h3":"876d20890ffffff","log_pop":5.5692133895,"log_mass":7.6240721151},{"country_iso":"MEX","city_id":262,"city":"Comit\u00e1n","pop_total":82001.0891570858,"mass_total":11889995.5077808183,"n_hex":8,"sample_h3":"876d2e880ffffff","log_pop":4.9138196208,"log_mass":7.0751816905},{"country_iso":"MEX","city_id":290,"city":"Ciudad del Carmen","pop_total":154050.5862666174,"mass_total":19283936.2260406949,"n_hex":13,"sample_h3":"874574904ffffff","log_pop":5.1876633554,"log_mass":7.2851956866},{"country_iso":"MEX","city_id":329,"city":"Campeche","pop_total":179159.7887025563,"mass_total":27711594.0510866679,"n_hex":15,"sample_h3":"8745760c8ffffff","log_pop":5.2532405416,"log_mass":7.4426615084},{"country_iso":"MEX","city_id":350,"city":"M\u00e9rida","pop_total":722082.2245356207,"mass_total":124832067.5217799842,"n_hex":52,"sample_h3":"874509848ffffff","log_pop":5.8585866541,"log_mass":8.0963261635},{"country_iso":"MEX","city_id":363,"city":"Chetumal","pop_total":130782.991576531,"mass_total":16509593.8964098673,"n_hex":13,"sample_h3":"874501b40ffffff","log_pop":5.1165512673,"log_mass":7.2177363906},{"country_iso":"MEX","city_id":375,"city":"Valladolid","pop_total":28808.8591497316,"mass_total":4566814.1509558763,"n_hex":9,"sample_h3":"874508708ffffff","log_pop":4.4595260603,"log_mass":6.6596133381},{"country_iso":"MEX","city_id":390,"city":"Playa del Carmen","pop_total":156742.3444577295,"mass_total":13407671.0669632871,"n_hex":12,"sample_h3":"87450a190ffffff","log_pop":5.1951863384,"log_mass":7.1273533468},{"country_iso":"MEX","city_id":391,"city":"San Miguel de Cozumel","pop_total":66857.0259525292,"mass_total":6110450.3073769808,"n_hex":6,"sample_h3":"87450ac8cffffff","log_pop":4.8251470537,"log_mass":6.7860732166},{"country_iso":"MEX","city_id":394,"city":"Canc\u00fan","pop_total":569745.6507681221,"mass_total":50499058.5556607246,"n_hex":29,"sample_h3":"87450a680ffffff","log_pop":5.7556810186,"log_mass":7.7032832817}]