[{"country_iso":"PRT","city_id":1483,"city":"Funchal","pop_total":79495.0469356097,"mass_total":18588773.6766638197,"n_hex":13,"sample_h3":"873466ac0ffffff","log_pop":4.9003400701,"log_mass":7.2692507398},{"country_iso":"PRT","city_id":1551,"city":"Lisbon","pop_total":1655892.1881979362,"mass_total":287741166.7339219451,"n_hex":108,"sample_h3":"8739332b0ffffff","log_pop":6.2190320573,"log_mass":8.4590020003},{"country_iso":"PRT","city_id":1554,"city":"Amora","pop_total":66676.8965493931,"mass_total":17078346.9114785641,"n_hex":11,"sample_h3":"8739336c0ffffff","log_pop":4.8239753776,"log_mass":7.2324458311},{"country_iso":"PRT","city_id":1556,"city":"Barreiro","pop_total":99114.0903205692,"mass_total":13121427.3863341063,"n_hex":10,"sample_h3":"873933650ffffff","log_pop":4.9961353993,"log_mass":7.1179810814},{"country_iso":"PRT","city_id":1559,"city":"Set\u00fabal","pop_total":72570.8490469008,"mass_total":10955211.8061690908,"n_hex":7,"sample_h3":"8739158b4ffffff","log_pop":4.8607622042,"log_mass":7.0396207786},{"country_iso":"PRT","city_id":1566,"city":"P\u00f3voa de Varzim","pop_total":70176.6055002329,"mass_total":28147866.3850998282,"n_hex":22,"sample_h3":"873922020ffffff","log_pop":4.8461923572,"log_mass":7.4494454808},{"country_iso":"PRT","city_id":1569,"city":"Porto","pop_total":818963.4624206943,"mass_total":230055158.5298010111,"n_hex":87,"sample_h3":"873922000ffffff","log_pop":5.9132645264,"log_mass":8.3618319759},{"country_iso":"PRT","city_id":1572,"city":"Coimbra","pop_total":44109.8137637137,"mass_total":12437435.5431854893,"n_hex":7,"sample_h3":"873931266ffffff","log_pop":4.6445352241,"log_mass":7.094730843},{"country_iso":"PRT","city_id":1573,"city":"Braga","pop_total":101781.9196843252,"mass_total":24854028.05806664,"n_hex":13,"sample_h3":"873922a10ffffff","log_pop":5.0076706377,"log_mass":7.3953967843}]