[{"country_iso":"NOR","city_id":2154,"city":"Bergen","pop_total":52334.0826662157,"mass_total":45903677.9107534438,"n_hex":36,"sample_h3":"870981100ffffff","log_pop":4.7187846161,"log_mass":7.6618474836},{"country_iso":"NOR","city_id":2185,"city":"Stavanger","pop_total":70793.6470532417,"mass_total":45278418.8305445388,"n_hex":36,"sample_h3":"870982109ffffff","log_pop":4.8499942863,"log_mass":7.6558912524},{"country_iso":"NOR","city_id":2429,"city":"Trondheim","pop_total":33555.4132002111,"mass_total":34874111.980429098,"n_hex":32,"sample_h3":"870815120ffffff","log_pop":4.5257625911,"log_mass":7.5425031577},{"country_iso":"NOR","city_id":2493,"city":"Oslo","pop_total":352989.3530109649,"mass_total":169034101.1406399906,"n_hex":98,"sample_h3":"870999040ffffff","log_pop":5.5477616062,"log_mass":8.2279743285}]