[{"country_iso": "PSE", "city_id": 4285, "city": "Gaza", "pop_total": 1278146.08614314, "mass_total": 107563739.248897, "log_pop": 6.10658, "log_mass": 8.031666, "log_pop_c": 0.651838, "log_mass_c": 0.446129, "lat": 31.409823378902, "lon": 34.3734382320568}, {"country_iso": "PSE", "city_id": 4331, "city": "Tulkarm", "pop_total": 106729.222935299, "mass_total": 14490761.7791404, "log_pop": 5.028283, "log_mass": 7.161091, "log_pop_c": -0.426459, "log_mass_c": -0.424446, "lat": 32.2961494439283, "lon": 35.022723471394}, {"country_iso": "PSE", "city_id": 4351, "city": "Jerusalem", "pop_total": 969514.623069074, "mass_total": 135152854.029869, "log_pop": 5.986554, "log_mass": 8.130825, "log_pop_c": 0.531812, "log_mass_c": 0.545288, "lat": 31.7998552735458, "lon": 35.1958861742758}, {"country_iso": "PSE", "city_id": 4354, "city": "Hebron", "pop_total": 175795.944643757, "mass_total": 27028008.1999294, "log_pop": 5.245009, "log_mass": 7.431814, "log_pop_c": -0.209734, "log_mass_c": -0.153723, "lat": 31.5318027379864, "lon": 35.0814269600737}, {"country_iso": "PSE", "city_id": 4359, "city": "Nablus", "pop_total": 80776.5605474631, "mass_total": 14869263.5765047, "log_pop": 4.907285, "log_mass": 7.172289, "log_pop_c": -0.547457, "log_mass_c": -0.413248, "lat": 32.2192320061248, "lon": 35.2591566942319}]