[{"country_iso":"CYP","city_id":4065,"city":"Limassol","pop_total":125931.0628432022,"mass_total":34173165.9649498239,"n_hex":19,"sample_h3":"873f4d321ffffff","log_pop":5.1001328688,"log_mass":7.5336852158},{"country_iso":"CYP","city_id":4094,"city":"Nicosia","pop_total":169688.5985520662,"mass_total":55295475.7357067168,"n_hex":29,"sample_h3":"872da4420ffffff","log_pop":5.2296526629,"log_mass":7.7426895989},{"country_iso":"CYP","city_id":4139,"city":"Larnaca","pop_total":47254.3623932745,"mass_total":15355099.3208118472,"n_hex":11,"sample_h3":"872da4498ffffff","log_pop":4.6744419076,"log_mass":7.1862526299}]