[{"country_iso":"NGA","city_id":2110,"city":"Idiroko","pop_total":7602.154129148,"mass_total":2470209.7874405026,"n_hex":7,"sample_h3":"875882480ffffff","log_pop":3.8809366704,"log_mass":6.3927338381},{"country_iso":"NGA","city_id":2114,"city":"Meko","pop_total":2716.1333626205,"mass_total":1093887.0950772078,"n_hex":4,"sample_h3":"875882900ffffff","log_pop":3.4339510901,"log_mass":6.0389724989},{"country_iso":"NGA","city_id":2118,"city":"Badagry","pop_total":16711.1744078038,"mass_total":5981759.3575643105,"n_hex":18,"sample_h3":"875891a20ffffff","log_pop":4.2230069718,"log_mass":6.7768289377},{"country_iso":"NGA","city_id":2122,"city":"Owode","pop_total":14452.9540782517,"mass_total":2971160.7354519325,"n_hex":7,"sample_h3":"875882448ffffff","log_pop":4.1599566228,"log_mass":6.4729261471},{"country_iso":"NGA","city_id":2124,"city":"Ilaro","pop_total":10387.8862153035,"mass_total":1847139.0974719804,"n_hex":10,"sample_h3":"875882081ffffff","log_pop":4.0165271839,"log_mass":6.2664996009},{"country_iso":"NGA","city_id":2125,"city":"Lagos","pop_total":8359328.8195610195,"mass_total":581207262.0818568468,"n_hex":344,"sample_h3":"8758820c8ffffff","log_pop":6.9221714088,"log_mass":8.7643310321},{"country_iso":"NGA","city_id":2126,"city":"Aiyetoro","pop_total":1819.8402548809,"mass_total":1875859.3681024569,"n_hex":5,"sample_h3":"8758828c5ffffff","log_pop":3.2600332674,"log_mass":6.2732002765},{"country_iso":"NGA","city_id":2136,"city":"Aiyete","pop_total":1040.4005632905,"mass_total":740136.0873644463,"n_hex":6,"sample_h3":"875880408ffffff","log_pop":3.0172005787,"log_mass":5.8693115799},{"country_iso":"NGA","city_id":2139,"city":"Abeokuta","pop_total":245256.1064116328,"mass_total":48189680.140137285,"n_hex":55,"sample_h3":"875882a08ffffff","log_pop":5.3896198293,"log_mass":7.6829540437},{"country_iso":"NGA","city_id":2141,"city":"Igbo Ora","pop_total":7642.5324873345,"mass_total":2432319.2757291999,"n_hex":9,"sample_h3":"8758804c0ffffff","log_pop":3.8832372935,"log_mass":6.3860205815},{"country_iso":"NGA","city_id":2147,"city":"Ilero","pop_total":3704.2846841999,"mass_total":580868.7041168589,"n_hex":4,"sample_h3":"8758808f0ffffff","log_pop":3.568704356,"log_mass":5.7640779783},{"country_iso":"NGA","city_id":2148,"city":"Iwere","pop_total":9658.2612315234,"mass_total":1737183.6322530252,"n_hex":5,"sample_h3":"875880889ffffff","log_pop":3.9848989478,"log_mass":6.2398457288},{"country_iso":"NGA","city_id":2151,"city":"Saki","pop_total":16127.1671975426,"mass_total":9448282.9498575833,"n_hex":16,"sample_h3":"875885c80ffffff","log_pop":4.2075580885,"log_mass":6.9753528907},{"country_iso":"NGA","city_id":2156,"city":"Otu","pop_total":1095.256821206,"mass_total":350582.1158211693,"n_hex":2,"sample_h3":"875880870ffffff","log_pop":3.0395159666,"log_mass":5.5447897577},{"country_iso":"NGA","city_id":2157,"city":"Ogunrun-Ori","pop_total":35384.5637326745,"mass_total":27718482.9483698979,"n_hex":31,"sample_h3":"875882203ffffff","log_pop":4.5488138454,"log_mass":7.4427694574},{"country_iso":"NGA","city_id":2160,"city":"Ago Are","pop_total":778.9437238731,"mass_total":485630.3790607598,"n_hex":4,"sample_h3":"875885512ffffff","log_pop":2.8915060825,"log_mass":5.6863058466},{"country_iso":"NGA","city_id":2161,"city":"Eruwa Titun","pop_total":6784.0414146741,"mass_total":2243567.3539988371,"n_hex":9,"sample_h3":"875880710ffffff","log_pop":3.8314884905,"log_mass":6.350939112},{"country_iso":"NGA","city_id":2165,"city":"Ikorodu","pop_total":326138.4396025003,"mass_total":73341160.9247179478,"n_hex":85,"sample_h3":"8758822c0ffffff","log_pop":5.513401989,"log_mass":7.8653477802},{"country_iso":"NGA","city_id":2173,"city":"Iseyin","pop_total":36616.8087218397,"mass_total":6571245.741203839,"n_hex":14,"sample_h3":"875880a80ffffff","log_pop":4.5636804914,"log_mass":6.8176477086},{"country_iso":"NGA","city_id":2174,"city":"Kamba","pop_total":5567.4784125235,"mass_total":1135092.7666483815,"n_hex":4,"sample_h3":"875816645ffffff","log_pop":3.7456585418,"log_mass":6.0550313562},{"country_iso":"NGA","city_id":2175,"city":"Sagamu","pop_total":41180.8059554437,"mass_total":10148328.7385131624,"n_hex":13,"sample_h3":"875882248ffffff","log_pop":4.614694842,"log_mass":7.006394527},{"country_iso":"NGA","city_id":2178,"city":"Ishara","pop_total":4513.4158303055,"mass_total":1120154.882560465,"n_hex":6,"sample_h3":"875883c88ffffff","log_pop":3.6545053478,"log_mass":6.0492780762},{"country_iso":"NGA","city_id":2180,"city":"Lakuwe","pop_total":8382.4695587514,"mass_total":7432542.8870808296,"n_hex":13,"sample_h3":"87589c843ffffff","log_pop":3.9233719849,"log_mass":6.8711374238},{"country_iso":"NGA","city_id":2182,"city":"Ilishan","pop_total":9451.57098358,"mass_total":1964047.5766828975,"n_hex":6,"sample_h3":"875883500ffffff","log_pop":3.9755040003,"log_mass":6.2931520038},{"country_iso":"NGA","city_id":2184,"city":"Igboho","pop_total":4948.10163839,"mass_total":1160344.7845055955,"n_hex":6,"sample_h3":"875885105ffffff","log_pop":3.6944386118,"log_mass":6.0645870545},{"country_iso":"NGA","city_id":2189,"city":"Ibadan","pop_total":1818463.8924202425,"mass_total":185412494.3810524344,"n_hex":141,"sample_h3":"8758802d8ffffff","log_pop":6.2597046821,"log_mass":8.2681389966},{"country_iso":"NGA","city_id":2190,"city":"Kishi","pop_total":5363.3287040486,"mass_total":1063796.3655903479,"n_hex":6,"sample_h3":"875885840ffffff","log_pop":3.7294344145,"log_mass":6.0268585022},{"country_iso":"NGA","city_id":2191,"city":"Oyo","pop_total":125726.2069243356,"mass_total":24776512.7620291933,"n_hex":29,"sample_h3":"875880260ffffff","log_pop":5.0994258134,"log_mass":7.3940401804},{"country_iso":"NGA","city_id":2192,"city":"Ijebu-Ode","pop_total":70226.0222588894,"mass_total":13246868.0841448773,"n_hex":22,"sample_h3":"875883090ffffff","log_pop":4.8464980698,"log_mass":7.1221132115},{"country_iso":"NGA","city_id":2193,"city":"Ago-Iwoye","pop_total":16047.3492817523,"mass_total":2284140.4973394852,"n_hex":7,"sample_h3":"87588318affffff","log_pop":4.2054033054,"log_mass":6.3587228138},{"country_iso":"NGA","city_id":2196,"city":"Kaiama","pop_total":603.5325007439,"mass_total":716299.9466831621,"n_hex":4,"sample_h3":"8758aece1ffffff","log_pop":2.7807006622,"log_mass":5.8550949188},{"country_iso":"NGA","city_id":2200,"city":"Epe","pop_total":13275.7737848805,"mass_total":3894656.0500625223,"n_hex":12,"sample_h3":"8758834cbffffff","log_pop":4.1230598436,"log_mass":6.5904691097},{"country_iso":"NGA","city_id":2202,"city":"Bunza","pop_total":3162.9440835467,"mass_total":545725.4325541847,"n_hex":2,"sample_h3":"875810515ffffff","log_pop":3.5000915143,"log_mass":5.7369741938},{"country_iso":"NGA","city_id":2204,"city":"Ijebu-Igbo","pop_total":27788.7607834685,"mass_total":3874713.6488591409,"n_hex":8,"sample_h3":"875883006ffffff","log_pop":4.4438691802,"log_mass":6.5882396126},{"country_iso":"NGA","city_id":2206,"city":"Dakingari","pop_total":1441.1668097777,"mass_total":458980.7401253526,"n_hex":3,"sample_h3":"875812858ffffff","log_pop":3.1587142517,"log_mass":5.6617944619},{"country_iso":"NGA","city_id":2210,"city":"Igbeti","pop_total":5029.5850848291,"mass_total":877745.9767125333,"n_hex":5,"sample_h3":"875885321ffffff","log_pop":3.7015321594,"log_mass":5.9433688475},{"country_iso":"NGA","city_id":2211,"city":"Birnin Kebbi","pop_total":34099.4438830768,"mass_total":9639203.1483731847,"n_hex":16,"sample_h3":"875810880ffffff","log_pop":4.5327472963,"log_mass":6.9840411332},{"country_iso":"NGA","city_id":2212,"city":"Iwo","pop_total":56783.1468604256,"mass_total":8450829.3008432649,"n_hex":17,"sample_h3":"875881400ffffff","log_pop":4.754219457,"log_mass":6.9268993294},{"country_iso":"NGA","city_id":2214,"city":"Ikire","pop_total":33843.1666050369,"mass_total":7050554.1377816591,"n_hex":15,"sample_h3":"875883b02ffffff","log_pop":4.5294709919,"log_mass":6.8482232517},{"country_iso":"NGA","city_id":2215,"city":"Bagudo","pop_total":1149.1229170818,"mass_total":440074.9435152755,"n_hex":2,"sample_h3":"875812a98ffffff","log_pop":3.0603664859,"log_mass":5.6435266419},{"country_iso":"NGA","city_id":2216,"city":"Ogbomosho","pop_total":122316.3422282499,"mass_total":25185686.1040409282,"n_hex":23,"sample_h3":"875881812ffffff","log_pop":5.0874844854,"log_mass":7.4011537863},{"country_iso":"NGA","city_id":2222,"city":"Ejigbo","pop_total":9819.9797926323,"mass_total":3498578.956677896,"n_hex":8,"sample_h3":"875881110ffffff","log_pop":3.9921105941,"log_mass":6.5438916796},{"country_iso":"NGA","city_id":2223,"city":"Awbere","pop_total":804.5072000073,"mass_total":528086.9332720024,"n_hex":3,"sample_h3":"875881820ffffff","log_pop":2.9055299352,"log_mass":5.7227054216},{"country_iso":"NGA","city_id":2224,"city":"Jega","pop_total":18430.4274176878,"mass_total":3745520.0663463906,"n_hex":6,"sample_h3":"875810006ffffff","log_pop":4.265535407,"log_mass":6.5735121281},{"country_iso":"NGA","city_id":2225,"city":"Gbongan","pop_total":4832.6245751661,"mass_total":1967924.0130020601,"n_hex":7,"sample_h3":"8758814c8ffffff","log_pop":3.6841830581,"log_mass":6.2940083251},{"country_iso":"NGA","city_id":2232,"city":"Ede","pop_total":14117.4483372931,"mass_total":6108832.7432032051,"n_hex":12,"sample_h3":"875881088ffffff","log_pop":4.1497562071,"log_mass":6.7859582345},{"country_iso":"NGA","city_id":2236,"city":"Erin-osun","pop_total":56610.0802719939,"mass_total":7103865.8770827735,"n_hex":13,"sample_h3":"875881001ffffff","log_pop":4.7528937707,"log_mass":6.8514947533},{"country_iso":"NGA","city_id":2237,"city":"Koko","pop_total":7201.2112652199,"mass_total":1477693.6852488748,"n_hex":4,"sample_h3":"875813d82ffffff","log_pop":3.8574055522,"log_mass":6.1695844174},{"country_iso":"NGA","city_id":2238,"city":"Argungu","pop_total":10323.4675248053,"mass_total":3016630.5764866648,"n_hex":4,"sample_h3":"875815481ffffff","log_pop":4.0138255959,"log_mass":6.4795221287},{"country_iso":"NGA","city_id":2239,"city":"New Bussa","pop_total":2033.3258558741,"mass_total":1314051.3519488927,"n_hex":4,"sample_h3":"8758aea21ffffff","log_pop":3.3082069832,"log_mass":6.1186123374},{"country_iso":"NGA","city_id":2240,"city":"Ilorin","pop_total":438616.0267747374,"mass_total":79674109.6255909353,"n_hex":53,"sample_h3":"8758aa400ffffff","log_pop":5.6420844965,"log_mass":7.9013172188},{"country_iso":"NGA","city_id":2241,"city":"Osogbo","pop_total":167363.4989941251,"mass_total":33396001.3326679133,"n_hex":29,"sample_h3":"87588100bffffff","log_pop":5.2236607469,"log_mass":7.5236944697},{"country_iso":"NGA","city_id":2243,"city":"Ife","pop_total":40070.956619762,"mass_total":20071730.6057523675,"n_hex":25,"sample_h3":"875881600ffffff","log_pop":4.6028297105,"log_mass":7.3025848194},{"country_iso":"NGA","city_id":2248,"city":"Tambawal","pop_total":3813.3002329583,"mass_total":1100550.1882556912,"n_hex":5,"sample_h3":"875810a85ffffff","log_pop":3.581301,"log_mass":6.0416098524},{"country_iso":"NGA","city_id":2249,"city":"Aiye Coker","pop_total":388.0665631294,"mass_total":25837.2465359551,"n_hex":2,"sample_h3":"8758816d2ffffff","log_pop":2.5889062244,"log_mass":4.4122462292},{"country_iso":"NGA","city_id":2250,"city":"Wanikin","pop_total":88.9282722473,"mass_total":6660.2635999927,"n_hex":1,"sample_h3":"8758816d0ffffff","log_pop":1.9490398547,"log_mass":3.823491418},{"country_iso":"NGA","city_id":2251,"city":"Inisa","pop_total":3056.9722474042,"mass_total":746895.0608132076,"n_hex":5,"sample_h3":"875881a80ffffff","log_pop":3.485291496,"log_mass":5.8732595875},{"country_iso":"NGA","city_id":2252,"city":"Aiyepe Olode","pop_total":1652.6753459482,"mass_total":687538.1793438027,"n_hex":3,"sample_h3":"87588ed28ffffff","log_pop":3.2181875485,"log_mass":5.8372968198},{"country_iso":"NGA","city_id":2254,"city":"Iragbiji","pop_total":33882.5985211279,"mass_total":9556315.6443231143,"n_hex":15,"sample_h3":"875881304ffffff","log_pop":4.5299767098,"log_mass":6.980290486},{"country_iso":"NGA","city_id":2257,"city":"Ijagbo Offa","pop_total":34276.7311019654,"mass_total":11497067.5324175842,"n_hex":13,"sample_h3":"875881a20ffffff","log_pop":4.5349993975,"log_mass":7.0605870824},{"country_iso":"NGA","city_id":2259,"city":"Yelwa","pop_total":6052.3140473272,"mass_total":2235428.7485527531,"n_hex":6,"sample_h3":"8758ac849ffffff","log_pop":3.781921455,"log_mass":6.3493608318},{"country_iso":"NGA","city_id":2260,"city":"Ilesa","pop_total":92532.73519467,"mass_total":17645324.6686482951,"n_hex":24,"sample_h3":"875881212ffffff","log_pop":4.9662953998,"log_mass":7.2466296537},{"country_iso":"NGA","city_id":2262,"city":"Eripa","pop_total":5560.8563710306,"mass_total":911065.2709578725,"n_hex":5,"sample_h3":"875881325ffffff","log_pop":3.745141678,"log_mass":5.959549492},{"country_iso":"NGA","city_id":2267,"city":"Lerinin","pop_total":3983.6562742065,"mass_total":1105027.5234812843,"n_hex":7,"sample_h3":"87589db80ffffff","log_pop":3.6002818587,"log_mass":6.0433730953},{"country_iso":"NGA","city_id":2270,"city":"Okitipupa","pop_total":12455.5609337115,"mass_total":3357196.6528477799,"n_hex":10,"sample_h3":"87589d849ffffff","log_pop":4.0953632907,"log_mass":6.5259767814},{"country_iso":"NGA","city_id":2273,"city":"Ondo","pop_total":69172.9647739373,"mass_total":15017286.3771842122,"n_hex":16,"sample_h3":"87588ec40ffffff","log_pop":4.8399363901,"log_mass":7.1765914628},{"country_iso":"NGA","city_id":2278,"city":"Ebute Irele","pop_total":3207.2219192879,"mass_total":1797247.2599392063,"n_hex":5,"sample_h3":"87589db08ffffff","log_pop":3.5061290114,"log_mass":6.2546078302},{"country_iso":"NGA","city_id":2281,"city":"Ile Oluji","pop_total":4939.0523976363,"mass_total":1804454.7322453046,"n_hex":7,"sample_h3":"87588e880ffffff","log_pop":3.6936436335,"log_mass":6.2563459915},{"country_iso":"NGA","city_id":2282,"city":"Ore","pop_total":14051.9389090089,"mass_total":6012553.8839426301,"n_hex":10,"sample_h3":"87588e409ffffff","log_pop":4.147736253,"log_mass":6.7790589815},{"country_iso":"NGA","city_id":2283,"city":"Ila Orangun","pop_total":5675.8401298149,"mass_total":1945956.477941982,"n_hex":7,"sample_h3":"87588cda0ffffff","log_pop":3.7540301543,"log_mass":6.2891331229},{"country_iso":"NGA","city_id":2284,"city":"Effon Alaiye","pop_total":3689.1823017046,"mass_total":1023648.4646270741,"n_hex":5,"sample_h3":"875881250ffffff","log_pop":3.5669301165,"log_mass":6.0101508394},{"country_iso":"NGA","city_id":2285,"city":"Imorun","pop_total":455.9805845298,"mass_total":93024.8443514218,"n_hex":3,"sample_h3":"87589da21ffffff","log_pop":2.658946351,"log_mass":4.968598952},{"country_iso":"NGA","city_id":2286,"city":"Mahuta","pop_total":1004.0459213257,"mass_total":190597.9841258694,"n_hex":2,"sample_h3":"8758138d2ffffff","log_pop":3.0017535763,"log_mass":5.280118303},{"country_iso":"NGA","city_id":2287,"city":"Salka","pop_total":3203.9276237862,"mass_total":594065.8197437794,"n_hex":2,"sample_h3":"8758ac214ffffff","log_pop":3.5056826969,"log_mass":5.7738345655},{"country_iso":"NGA","city_id":2289,"city":"Share","pop_total":1156.3846204758,"mass_total":470440.4208938383,"n_hex":4,"sample_h3":"8758aa148ffffff","log_pop":3.0631023071,"log_mass":5.6725046299},{"country_iso":"NGA","city_id":2294,"city":"Mokwa","pop_total":2868.6799809867,"mass_total":1736327.6906255502,"n_hex":5,"sample_h3":"8758a8408ffffff","log_pop":3.4576821027,"log_mass":6.2396316913},{"country_iso":"NGA","city_id":2295,"city":"Ikoro","pop_total":1793.7385683995,"mass_total":255633.2089152281,"n_hex":3,"sample_h3":"87588cc80ffffff","log_pop":3.2537591463,"log_mass":5.4076172717},{"country_iso":"NGA","city_id":2296,"city":"Aramoko-Ekiti","pop_total":4072.9358940125,"mass_total":584115.9279552336,"n_hex":4,"sample_h3":"875881249ffffff","log_pop":3.6099075746,"log_mass":5.766499049},{"country_iso":"NGA","city_id":2299,"city":"Igbara-Odo","pop_total":1991.7262223636,"mass_total":571138.7088590239,"n_hex":3,"sample_h3":"87588c4b4ffffff","log_pop":3.2992296412,"log_mass":5.7567415954},{"country_iso":"NGA","city_id":2300,"city":"Isarun","pop_total":5368.4299314387,"mass_total":527324.5417944314,"n_hex":5,"sample_h3":"87588e860ffffff","log_pop":3.7298472891,"log_mass":5.722077984},{"country_iso":"NGA","city_id":2302,"city":"Gummi","pop_total":5487.1806944791,"mass_total":1390284.344549174,"n_hex":4,"sample_h3":"875811500ffffff","log_pop":3.7393492619,"log_mass":6.1431036324},{"country_iso":"NGA","city_id":2303,"city":"Ijero-Ekiti","pop_total":5413.3120978935,"mass_total":583805.3356160981,"n_hex":3,"sample_h3":"87588cc88ffffff","log_pop":3.7334630665,"log_mass":5.7662680599},{"country_iso":"NGA","city_id":2304,"city":"Bodinga","pop_total":5928.3408844518,"mass_total":876711.4676217898,"n_hex":4,"sample_h3":"875815293ffffff","log_pop":3.772933168,"log_mass":5.9428566873},{"country_iso":"NGA","city_id":2305,"city":"Omu Aran","pop_total":4722.5524332533,"mass_total":1748386.5785666662,"n_hex":5,"sample_h3":"87588cd60ffffff","log_pop":3.6741767885,"log_mass":6.242637464},{"country_iso":"NGA","city_id":2306,"city":"Otun","pop_total":6198.3244139952,"mass_total":702063.5819982842,"n_hex":5,"sample_h3":"87588cc05ffffff","log_pop":3.792274303,"log_mass":5.8463764455},{"country_iso":"NGA","city_id":2307,"city":"Ilawe-Ekiti","pop_total":6252.9989716698,"mass_total":621840.7824419835,"n_hex":3,"sample_h3":"87588c588ffffff","log_pop":3.7960883573,"log_mass":5.7936792012},{"country_iso":"NGA","city_id":2308,"city":"Oke Atan","pop_total":3757.6325147554,"mass_total":553732.3032965146,"n_hex":4,"sample_h3":"87588e841ffffff","log_pop":3.5749143051,"log_mass":5.7432998599},{"country_iso":"NGA","city_id":2309,"city":"Idanre","pop_total":3977.1016973159,"mass_total":2441366.1632778808,"n_hex":9,"sample_h3":"87588e140ffffff","log_pop":3.5995666963,"log_mass":6.3876329211},{"country_iso":"NGA","city_id":2311,"city":"Sokoto","pop_total":324038.914321402,"mass_total":36341324.85840749,"n_hex":30,"sample_h3":"875815200ffffff","log_pop":5.5105971684,"log_mass":7.5604007559},{"country_iso":"NGA","city_id":2312,"city":"Akure","pop_total":191721.496767663,"mass_total":41186472.3919332251,"n_hex":42,"sample_h3":"87588ea32ffffff","log_pop":5.2826708109,"log_mass":7.6147545964},{"country_iso":"NGA","city_id":2313,"city":"Ido Ekiti","pop_total":4985.5770995982,"mass_total":915585.1009016864,"n_hex":7,"sample_h3":"87588ccc0ffffff","log_pop":3.6977154368,"log_mass":5.9616987169},{"country_iso":"NGA","city_id":2316,"city":"Gwadabawa","pop_total":5330.563342762,"mass_total":845202.468093761,"n_hex":4,"sample_h3":"875815a53ffffff","log_pop":3.7267731084,"log_mass":5.9269607566},{"country_iso":"NGA","city_id":2319,"city":"Ado Ekiti","pop_total":102546.9028833314,"mass_total":20476321.5375468098,"n_hex":25,"sample_h3":"87588c400ffffff","log_pop":5.0109225484,"log_mass":7.3112519406},{"country_iso":"NGA","city_id":2320,"city":"Zuru","pop_total":22028.0547864353,"mass_total":2294091.0353181297,"n_hex":6,"sample_h3":"87581306cffffff","log_pop":4.342976148,"log_mass":6.3606106478},{"country_iso":"NGA","city_id":2321,"city":"Ikerre","pop_total":21498.7422974755,"mass_total":3347891.9335689256,"n_hex":10,"sample_h3":"87588c41bffffff","log_pop":4.3324130539,"log_mass":6.524771431},{"country_iso":"NGA","city_id":2323,"city":"Tuga Nama","pop_total":18584.7108805189,"mass_total":1956156.1092539176,"n_hex":5,"sample_h3":"875806636ffffff","log_pop":4.2691558092,"log_mass":6.2914035103},{"country_iso":"NGA","city_id":2324,"city":"Rijau","pop_total":3050.1131080104,"mass_total":696960.8965319998,"n_hex":3,"sample_h3":"875813741ffffff","log_pop":3.4843159447,"log_mass":5.8432084124},{"country_iso":"NGA","city_id":2328,"city":"Dange","pop_total":2161.7969284058,"mass_total":317095.1960583114,"n_hex":1,"sample_h3":"8758152d8ffffff","log_pop":3.3348148954,"log_mass":5.5011896626},{"country_iso":"NGA","city_id":2330,"city":"Egosi","pop_total":2502.5494247212,"mass_total":572279.030304522,"n_hex":7,"sample_h3":"87588c0a4ffffff","log_pop":3.3983826634,"log_mass":5.7576078326},{"country_iso":"NGA","city_id":2332,"city":"Wurno","pop_total":3306.5706035128,"mass_total":1019808.5443081378,"n_hex":5,"sample_h3":"875802d88ffffff","log_pop":3.5193778004,"log_mass":6.0085186463},{"country_iso":"NGA","city_id":2333,"city":"Gulani","pop_total":658.6082165101,"mass_total":256075.0004825734,"n_hex":7,"sample_h3":"875899062ffffff","log_pop":2.8186271445,"log_mass":5.4083671822},{"country_iso":"NGA","city_id":2336,"city":"Lafiagi","pop_total":1670.2114115098,"mass_total":1031007.8456824989,"n_hex":2,"sample_h3":"8758abc36ffffff","log_pop":3.2227714466,"log_mass":6.0132619702},{"country_iso":"NGA","city_id":2339,"city":"Mara-Mawa","pop_total":1144.0667856441,"mass_total":391492.6933927489,"n_hex":4,"sample_h3":"875802c04ffffff","log_pop":3.0584513774,"log_mass":5.592723661},{"country_iso":"NGA","city_id":2340,"city":"Kontagora","pop_total":21660.8935449226,"mass_total":4635395.035737955,"n_hex":9,"sample_h3":"8758ad192ffffff","log_pop":4.335676368,"log_mass":6.6660867513},{"country_iso":"NGA","city_id":2341,"city":"Ise","pop_total":5257.2532993092,"mass_total":1155363.917772301,"n_hex":4,"sample_h3":"87588c780ffffff","log_pop":3.7207589022,"log_mass":6.0627188003},{"country_iso":"NGA","city_id":2344,"city":"Dirinbaji","pop_total":2505.8967182982,"mass_total":419654.2039450015,"n_hex":4,"sample_h3":"875813201ffffff","log_pop":3.3989631674,"log_mass":5.6228915781},{"country_iso":"NGA","city_id":2346,"city":"Ribah","pop_total":3698.0821050906,"mass_total":519853.8118639183,"n_hex":3,"sample_h3":"875813344ffffff","log_pop":3.5679765492,"log_mass":5.7158812328},{"country_iso":"NGA","city_id":2347,"city":"Koko Town","pop_total":828.6209761189,"mass_total":286001.0174223605,"n_hex":6,"sample_h3":"87588a542ffffff","log_pop":2.918355923,"log_mass":5.4563675781},{"country_iso":"NGA","city_id":2348,"city":"Emure","pop_total":1180.5977931827,"mass_total":327234.8618176188,"n_hex":3,"sample_h3":"87588c78affffff","log_pop":3.0721019671,"log_mass":5.5148595648},{"country_iso":"NGA","city_id":2349,"city":"Ikole","pop_total":3703.7376631194,"mass_total":1205717.6891237407,"n_hex":8,"sample_h3":"87588c00affffff","log_pop":3.5686402179,"log_mass":6.0812456325},{"country_iso":"NGA","city_id":2351,"city":"Egbe","pop_total":3647.7396171345,"mass_total":810788.404968644,"n_hex":5,"sample_h3":"87588c840ffffff","log_pop":3.56202383,"log_mass":5.9089075292},{"country_iso":"NGA","city_id":2354,"city":"Benin City","pop_total":569969.7493871847,"mass_total":111049090.6266624928,"n_hex":94,"sample_h3":"87588a100ffffff","log_pop":5.7558518065,"log_mass":8.0455150065},{"country_iso":"NGA","city_id":2355,"city":"Owo","pop_total":21694.3929037524,"mass_total":6327832.2033392414,"n_hex":15,"sample_h3":"875888d00ffffff","log_pop":4.3363475013,"log_mass":6.8012549544},{"country_iso":"NGA","city_id":2357,"city":"Goronyo","pop_total":1236.1118955014,"mass_total":473432.1984404736,"n_hex":4,"sample_h3":"875802886ffffff","log_pop":3.0920577858,"log_mass":5.6752577913},{"country_iso":"NGA","city_id":2360,"city":"Sapele","pop_total":21036.1639298757,"mass_total":9121084.1106768921,"n_hex":21,"sample_h3":"87588a449ffffff","log_pop":4.3229665465,"log_mass":6.9600464606},{"country_iso":"NGA","city_id":2361,"city":"Ogharefe","pop_total":4211.6075157483,"mass_total":2823858.7202734691,"n_hex":8,"sample_h3":"87588a09bffffff","log_pop":3.624447892,"log_mass":6.4508429649},{"country_iso":"NGA","city_id":2363,"city":"Warri","pop_total":241278.6592464933,"mass_total":43380507.8731029928,"n_hex":53,"sample_h3":"87588a692ffffff","log_pop":5.3825189109,"log_mass":7.6372946322},{"country_iso":"NGA","city_id":2366,"city":"Nasarawa","pop_total":687.8093191596,"mass_total":264493.3942095771,"n_hex":1,"sample_h3":"8758112b4ffffff","log_pop":2.8374680558,"log_mass":5.4224148299},{"country_iso":"NGA","city_id":2371,"city":"Omuo-Obadore","pop_total":8006.5176102582,"mass_total":894303.4393204483,"n_hex":9,"sample_h3":"87588c31affffff","log_pop":3.9034436632,"log_mass":5.951484901},{"country_iso":"NGA","city_id":2373,"city":"Igbe","pop_total":15664.1597529617,"mass_total":2471110.7638513739,"n_hex":14,"sample_h3":"875888934ffffff","log_pop":4.1949071037,"log_mass":6.3928922124},{"country_iso":"NGA","city_id":2374,"city":"Akugba","pop_total":9128.4098039403,"mass_total":1223881.302733571,"n_hex":8,"sample_h3":"87588c640ffffff","log_pop":3.9603951287,"log_mass":6.0877393001},{"country_iso":"NGA","city_id":2375,"city":"Pategi","pop_total":1966.6515070971,"mass_total":690090.4710722608,"n_hex":4,"sample_h3":"8758ab181ffffff","log_pop":3.2937274093,"log_mass":5.8389060306},{"country_iso":"NGA","city_id":2380,"city":"Oka-Akoko","pop_total":3795.7385847914,"mass_total":1069560.4002025709,"n_hex":6,"sample_h3":"875888910ffffff","log_pop":3.5792962946,"log_mass":6.0292053151},{"country_iso":"NGA","city_id":2381,"city":"Ekeremor","pop_total":304.160759449,"mass_total":161436.7573756495,"n_hex":2,"sample_h3":"8758992c9ffffff","log_pop":2.4831031839,"log_mass":5.2080024257},{"country_iso":"NGA","city_id":2382,"city":"Ovwian","pop_total":26436.8190734003,"mass_total":7774372.6524956608,"n_hex":13,"sample_h3":"8782db20bffffff","log_pop":4.4222091988,"log_mass":6.890665354},{"country_iso":"NGA","city_id":2383,"city":"Isanlu Mopo","pop_total":1594.9223272585,"mass_total":808579.3473688089,"n_hex":4,"sample_h3":"87588cb69ffffff","log_pop":3.2027395378,"log_mass":5.9077226444},{"country_iso":"NGA","city_id":2385,"city":"Ekinrin","pop_total":172.1121513329,"mass_total":105273.5151683706,"n_hex":2,"sample_h3":"87588c354ffffff","log_pop":2.2358115331,"log_mass":5.0223191246},{"country_iso":"NGA","city_id":2387,"city":"Oburigbene","pop_total":172.2109308243,"mass_total":224205.17213531,"n_hex":2,"sample_h3":"8782dba45ffffff","log_pop":2.2360607142,"log_mass":5.350645627},{"country_iso":"NGA","city_id":2391,"city":"Bena","pop_total":3873.9132902856,"mass_total":1039111.3100628459,"n_hex":3,"sample_h3":"87581e568ffffff","log_pop":3.5881498957,"log_mass":6.0166620719},{"country_iso":"NGA","city_id":2393,"city":"Amatebo","pop_total":1522.7532482446,"mass_total":424587.8334809322,"n_hex":4,"sample_h3":"8782dbac4ffffff","log_pop":3.1826295346,"log_mass":5.6279675453},{"country_iso":"NGA","city_id":2396,"city":"Bida","pop_total":116389.3336791403,"mass_total":9990707.0537871849,"n_hex":12,"sample_h3":"8758ab849ffffff","log_pop":5.0659131819,"log_mass":6.9995962248},{"country_iso":"NGA","city_id":2397,"city":"Aiyetoro","pop_total":1266.8537133984,"mass_total":450947.2796896818,"n_hex":3,"sample_h3":"87588dd81ffffff","log_pop":3.1027264688,"log_mass":5.6541257714},{"country_iso":"NGA","city_id":2398,"city":"Ughelli","pop_total":37100.1412458869,"mass_total":9320001.0756291468,"n_hex":16,"sample_h3":"8782db2a0ffffff","log_pop":4.569375563,"log_mass":6.9694159625},{"country_iso":"NGA","city_id":2399,"city":"Mafara","pop_total":7237.79168255,"mass_total":2132792.1535138255,"n_hex":4,"sample_h3":"87581cd00ffffff","log_pop":3.8596060791,"log_mass":6.3289485343},{"country_iso":"NGA","city_id":2404,"city":"Kabba","pop_total":7654.7766723857,"mass_total":3007379.3176146885,"n_hex":7,"sample_h3":"87588dc81ffffff","log_pop":3.8839325247,"log_mass":6.4781882087},{"country_iso":"NGA","city_id":2407,"city":"Ekpoma","pop_total":9818.7410806656,"mass_total":4273909.9798029456,"n_hex":11,"sample_h3":"875888700ffffff","log_pop":3.9920558079,"log_mass":6.6308253705},{"country_iso":"NGA","city_id":2409,"city":"Ekogboro","pop_total":10603.8936549093,"mass_total":3111374.1528760809,"n_hex":7,"sample_h3":"8782db689ffffff","log_pop":4.0254653636,"log_mass":6.4929522396},{"country_iso":"NGA","city_id":2410,"city":"Amassoma","pop_total":3495.5519551969,"mass_total":954185.2334379111,"n_hex":7,"sample_h3":"8782dbb02ffffff","log_pop":3.5435157615,"log_mass":5.9796326913},{"country_iso":"NGA","city_id":2412,"city":"Enwan","pop_total":2546.6182383668,"mass_total":949811.9263350768,"n_hex":10,"sample_h3":"87588885affffff","log_pop":3.4059638451,"log_mass":5.9776376185},{"country_iso":"NGA","city_id":2414,"city":"Okene","pop_total":48465.4407281277,"mass_total":9576683.0172733404,"n_hex":27,"sample_h3":"87588d400ffffff","log_pop":4.6854321664,"log_mass":6.9812151128},{"country_iso":"NGA","city_id":2415,"city":"Agbor","pop_total":21906.4403630986,"mass_total":9359296.5258371495,"n_hex":15,"sample_h3":"87588bc32ffffff","log_pop":4.3405718136,"log_mass":6.971243207},{"country_iso":"NGA","city_id":2416,"city":"Obinomba","pop_total":6452.8303551655,"mass_total":2265213.2574884691,"n_hex":6,"sample_h3":"87588a2d9ffffff","log_pop":3.8097502477,"log_mass":6.3551090947},{"country_iso":"NGA","city_id":2419,"city":"Irri","pop_total":7665.8877297046,"mass_total":1857544.7548941853,"n_hex":7,"sample_h3":"8782db0d0ffffff","log_pop":3.8845624545,"log_mass":6.2689392863},{"country_iso":"NGA","city_id":2421,"city":"Agwa","pop_total":1318.4490889718,"mass_total":325285.4770534821,"n_hex":3,"sample_h3":"875888742ffffff","log_pop":3.1200633645,"log_mass":5.5122646739},{"country_iso":"NGA","city_id":2424,"city":"Magagindoke","pop_total":3335.6075249017,"mass_total":741197.7726880567,"n_hex":2,"sample_h3":"875802b4affffff","log_pop":3.5231749449,"log_mass":5.8699341056},{"country_iso":"NGA","city_id":2425,"city":"Ozoro","pop_total":8267.7621356179,"mass_total":1999383.5769271625,"n_hex":7,"sample_h3":"8782db700ffffff","log_pop":3.9173879734,"log_mass":6.3008961205},{"country_iso":"NGA","city_id":2426,"city":"Auchi","pop_total":17646.3397512829,"mass_total":6678385.2991213966,"n_hex":15,"sample_h3":"87588806cffffff","log_pop":4.2466546366,"log_mass":6.8246714714},{"country_iso":"NGA","city_id":2428,"city":"Brass","pop_total":987.6084373138,"mass_total":570525.6951463894,"n_hex":4,"sample_h3":"8782d9c26ffffff","log_pop":2.9945847915,"log_mass":5.7562752088},{"country_iso":"NGA","city_id":2430,"city":"Yenagoa","pop_total":53638.3488948897,"mass_total":12519472.3357041553,"n_hex":26,"sample_h3":"8782db800ffffff","log_pop":4.7294754009,"log_mass":7.0975860248},{"country_iso":"NGA","city_id":2433,"city":"Agaie","pop_total":5133.0598660937,"mass_total":1927568.4915493599,"n_hex":3,"sample_h3":"8758aba68ffffff","log_pop":3.7103763294,"log_mass":6.2850098186},{"country_iso":"NGA","city_id":2435,"city":"Uromi","pop_total":12973.372144284,"mass_total":4788720.3566456828,"n_hex":9,"sample_h3":"875888290ffffff","log_pop":4.1130528761,"log_mass":6.6802194766},{"country_iso":"NGA","city_id":2436,"city":"Owerre","pop_total":3407.6714725644,"mass_total":939122.5173217276,"n_hex":5,"sample_h3":"87588bc00ffffff","log_pop":3.5324577186,"log_mass":5.9727222537},{"country_iso":"NGA","city_id":2438,"city":"Isa","pop_total":3716.2141468796,"mass_total":738843.8721282677,"n_hex":4,"sample_h3":"875802341ffffff","log_pop":3.5701007323,"log_mass":5.8685526757},{"country_iso":"NGA","city_id":2443,"city":"Onitu","pop_total":5761.5045355816,"mass_total":858258.9057854426,"n_hex":13,"sample_h3":"8782db813ffffff","log_pop":3.7605359081,"log_mass":5.9336183186},{"country_iso":"NGA","city_id":2444,"city":"Biantubu","pop_total":1004.1556459202,"mass_total":504204.3984174778,"n_hex":2,"sample_h3":"8782d8358ffffff","log_pop":3.0018010344,"log_mass":5.7026066299},{"country_iso":"NGA","city_id":2446,"city":"Shinkafi","pop_total":2971.5932881374,"mass_total":1171560.4820652138,"n_hex":3,"sample_h3":"875802241ffffff","log_pop":3.4729893687,"log_mass":6.0687647141},{"country_iso":"NGA","city_id":2447,"city":"Opaetensm","pop_total":5898.8815518286,"mass_total":3376357.2972360426,"n_hex":8,"sample_h3":"8782db4c1ffffff","log_pop":3.7707696757,"log_mass":6.5284483989},{"country_iso":"NGA","city_id":2450,"city":"Minna","pop_total":154459.9214794271,"mass_total":23969106.7303517945,"n_hex":25,"sample_h3":"8758a9048ffffff","log_pop":5.1888158097,"log_mass":7.3796518492},{"country_iso":"NGA","city_id":2451,"city":"Ungwan Shekaro","pop_total":4323.9226709702,"mass_total":1468438.0516021838,"n_hex":4,"sample_h3":"87581ac68ffffff","log_pop":3.6358779184,"log_mass":6.1668556298},{"country_iso":"NGA","city_id":2455,"city":"Kaura-Namoda","pop_total":28402.5078213411,"mass_total":2311560.5077387299,"n_hex":6,"sample_h3":"87581c85affffff","log_pop":4.4533566881,"log_mass":6.3639052661},{"country_iso":"NGA","city_id":2457,"city":"Ogwashi Uku","pop_total":4440.803329077,"mass_total":2966723.3211509413,"n_hex":8,"sample_h3":"87588b112ffffff","log_pop":3.6474615399,"log_mass":6.4722770456},{"country_iso":"NGA","city_id":2460,"city":"Tudun Wada","pop_total":3286.2054067668,"mass_total":1692497.4496166739,"n_hex":6,"sample_h3":"8758a96caffffff","log_pop":3.5166947059,"log_mass":6.2285280229},{"country_iso":"NGA","city_id":2462,"city":"Gusau","pop_total":60014.5568972868,"mass_total":13111178.6697410848,"n_hex":14,"sample_h3":"87581c0c0ffffff","log_pop":4.7782566039,"log_mass":7.1176417357},{"country_iso":"NGA","city_id":2465,"city":"Sefu","pop_total":3253.8743210362,"mass_total":877497.1541090054,"n_hex":2,"sample_h3":"8758a9216ffffff","log_pop":3.5124007746,"log_mass":5.9432457166},{"country_iso":"NGA","city_id":2468,"city":"Uduagba","pop_total":6197.9693430844,"mass_total":1235114.3134599663,"n_hex":11,"sample_h3":"8782dbd08ffffff","log_pop":3.7922494238,"log_mass":6.0917071547},{"country_iso":"NGA","city_id":2470,"city":"Akabuka","pop_total":2424.5093649584,"mass_total":622101.7349893096,"n_hex":8,"sample_h3":"8782dbc02ffffff","log_pop":3.384623866,"log_mass":5.7938614126},{"country_iso":"NGA","city_id":2471,"city":"Asaba","pop_total":57760.856918881,"mass_total":30035350.5336624868,"n_hex":25,"sample_h3":"87588b021ffffff","log_pop":4.7616336276,"log_mass":7.4776327048},{"country_iso":"NGA","city_id":2472,"city":"Omoko","pop_total":17632.5270366407,"mass_total":5042175.8081396045,"n_hex":7,"sample_h3":"8782dbc88ffffff","log_pop":4.2463145584,"log_mass":6.7026179844},{"country_iso":"NGA","city_id":2473,"city":"Omenama","pop_total":3062.9449588028,"mass_total":533993.1755753205,"n_hex":5,"sample_h3":"8782d8609ffffff","log_pop":3.4861391926,"log_mass":5.7275357068},{"country_iso":"NGA","city_id":2476,"city":"Agenebode","pop_total":2267.5866107585,"mass_total":916939.5938922314,"n_hex":4,"sample_h3":"875889c02ffffff","log_pop":3.355563884,"log_mass":5.9623407262},{"country_iso":"NGA","city_id":2478,"city":"Lokoja","pop_total":23004.2280372021,"mass_total":12273860.0362654943,"n_hex":15,"sample_h3":"87588d04affffff","log_pop":4.361807664,"log_mass":7.0889811665},{"country_iso":"NGA","city_id":2479,"city":"Soku","pop_total":1100.9665430854,"mass_total":264584.9284769542,"n_hex":2,"sample_h3":"8782d8763ffffff","log_pop":3.0417741215,"log_mass":5.4225651019},{"country_iso":"NGA","city_id":2481,"city":"Awala","pop_total":3669.1268066425,"mass_total":1121966.9087573795,"n_hex":10,"sample_h3":"87581c380ffffff","log_pop":3.5645627214,"log_mass":6.049980048},{"country_iso":"NGA","city_id":2482,"city":"Idah","pop_total":11049.713464406,"mass_total":5198481.3941978225,"n_hex":9,"sample_h3":"875889c01ffffff","log_pop":4.0433510163,"log_mass":6.7158764939},{"country_iso":"NGA","city_id":2483,"city":"Okwuzu","pop_total":2925.2427653705,"mass_total":1288749.4591726179,"n_hex":5,"sample_h3":"8782da258ffffff","log_pop":3.4661619139,"log_mass":6.110168496},{"country_iso":"NGA","city_id":2484,"city":"Onitsha","pop_total":405384.3467559478,"mass_total":91014370.8015303165,"n_hex":200,"sample_h3":"87588b040ffffff","log_pop":5.6078669751,"log_mass":7.9591099711},{"country_iso":"NGA","city_id":2488,"city":"Kwayamisi","pop_total":1733.7637871873,"mass_total":907094.8041634593,"n_hex":3,"sample_h3":"8758f4d84ffffff","log_pop":3.2389899277,"log_mass":5.9576526793},{"country_iso":"NGA","city_id":2489,"city":"Krakrama","pop_total":950.0814679314,"mass_total":205228.0663584096,"n_hex":8,"sample_h3":"8782d8622ffffff","log_pop":2.9777608469,"log_mass":5.3122367533},{"country_iso":"NGA","city_id":2490,"city":"Ojaima","pop_total":1599.2348746917,"mass_total":631725.1813050718,"n_hex":3,"sample_h3":"8782d8708ffffff","log_pop":3.2039122519,"log_mass":5.8005281887},{"country_iso":"NGA","city_id":2491,"city":"Amaigbo","pop_total":37445.8144937459,"mass_total":11803509.6271815617,"n_hex":112,"sample_h3":"87588b293ffffff","log_pop":4.5734032815,"log_mass":7.0720111586},{"country_iso":"NGA","city_id":2492,"city":"Elele","pop_total":2457.4297003092,"mass_total":1108701.2775747587,"n_hex":6,"sample_h3":"8782daa48ffffff","log_pop":3.3904811028,"log_mass":6.044814548},{"country_iso":"NGA","city_id":2495,"city":"Ozu","pop_total":4770.98367519,"mass_total":1181228.0527225831,"n_hex":10,"sample_h3":"87588b0cbffffff","log_pop":3.6786079305,"log_mass":6.0723337524},{"country_iso":"NGA","city_id":2496,"city":"Chafe","pop_total":4784.7044966903,"mass_total":1112650.6470615696,"n_hex":3,"sample_h3":"875818934ffffff","log_pop":3.6798551209,"log_mass":6.0463588248},{"country_iso":"NGA","city_id":2498,"city":"Ibi","pop_total":4197.6955256069,"mass_total":912078.4268972105,"n_hex":9,"sample_h3":"87588b650ffffff","log_pop":3.6230109344,"log_mass":5.9600321836},{"country_iso":"NGA","city_id":2499,"city":"Bugama","pop_total":12562.9059011198,"mass_total":1127793.2750553486,"n_hex":6,"sample_h3":"8782d8710ffffff","log_pop":4.0990901068,"log_mass":6.0522295006},{"country_iso":"NGA","city_id":2503,"city":"Abaji","pop_total":5385.1599068586,"mass_total":1328801.6200114896,"n_hex":6,"sample_h3":"8758f6700ffffff","log_pop":3.7311986038,"log_mass":6.1234601489},{"country_iso":"NGA","city_id":2505,"city":"Omo","pop_total":2976.3213452694,"mass_total":588966.707295188,"n_hex":5,"sample_h3":"87588bb46ffffff","log_pop":3.473679819,"log_mass":5.770090746},{"country_iso":"NGA","city_id":2510,"city":"Orogwe","pop_total":1010.8116030413,"mass_total":331154.2063061356,"n_hex":5,"sample_h3":"8782da280ffffff","log_pop":3.0046702185,"log_mass":5.5200302758},{"country_iso":"NGA","city_id":2511,"city":"Port Harcourt","pop_total":442523.6809829712,"mass_total":73443060.0277395099,"n_hex":47,"sample_h3":"8782d8409ffffff","log_pop":5.6459365163,"log_mass":7.8659507636},{"country_iso":"NGA","city_id":2515,"city":"Owerri","pop_total":116278.6497201265,"mass_total":21583956.5944318064,"n_hex":31,"sample_h3":"8782da0cbffffff","log_pop":5.0654999799,"log_mass":7.334131059},{"country_iso":"NGA","city_id":2517,"city":"Omema","pop_total":7349.5892481262,"mass_total":2730481.7013315791,"n_hex":6,"sample_h3":"8782dab08ffffff","log_pop":3.866263068,"log_mass":6.4362392704},{"country_iso":"NGA","city_id":2520,"city":"Gwagwalada","pop_total":56740.0794021457,"mass_total":6814366.2334501138,"n_hex":11,"sample_h3":"8758f6aa4ffffff","log_pop":4.7538899392,"log_mass":6.8334254707},{"country_iso":"NGA","city_id":2522,"city":"Awka","pop_total":45952.701308673,"mass_total":14236276.8224360123,"n_hex":18,"sample_h3":"87588b364ffffff","log_pop":4.6623110463,"log_mass":7.1533964242},{"country_iso":"NGA","city_id":2525,"city":"Doka Ashafa","pop_total":10757.9502983467,"mass_total":1577653.1893093744,"n_hex":5,"sample_h3":"875818024ffffff","log_pop":4.0317295335,"log_mass":6.1980115397},{"country_iso":"NGA","city_id":2526,"city":"Gidan Mai Ungwan","pop_total":4273.1626341352,"mass_total":511868.0257246331,"n_hex":2,"sample_h3":"875818469ffffff","log_pop":3.6307494221,"log_mass":5.7091580018},{"country_iso":"NGA","city_id":2528,"city":"Osina","pop_total":1623.0552348118,"mass_total":929020.7771621248,"n_hex":12,"sample_h3":"87588b2c0ffffff","log_pop":3.2103332997,"log_mass":5.9680254269},{"country_iso":"NGA","city_id":2530,"city":"Okrika","pop_total":14833.954033788,"mass_total":2515665.644883282,"n_hex":8,"sample_h3":"8782d8403ffffff","log_pop":4.1712569289,"log_mass":6.4006529189},{"country_iso":"NGA","city_id":2536,"city":"Ata","pop_total":542.8516570671,"mass_total":397255.76476059,"n_hex":5,"sample_h3":"8782da628ffffff","log_pop":2.7346811679,"log_mass":5.5990702082},{"country_iso":"NGA","city_id":2537,"city":"Oyigbo","pop_total":18472.4973404735,"mass_total":9871853.1959517356,"n_hex":12,"sample_h3":"8782d848affffff","log_pop":4.2665256127,"log_mass":6.9943986884},{"country_iso":"NGA","city_id":2540,"city":"Djibia","pop_total":9105.6501786494,"mass_total":1864568.3715447795,"n_hex":4,"sample_h3":"875803382ffffff","log_pop":3.9593109615,"log_mass":6.2705783131},{"country_iso":"NGA","city_id":2541,"city":"Maji","pop_total":15646.544266611,"mass_total":1460183.1642909523,"n_hex":7,"sample_h3":"8758f44c4ffffff","log_pop":4.1944184331,"log_mass":6.1644073368},{"country_iso":"NGA","city_id":2542,"city":"Alesa","pop_total":13613.9037064421,"mass_total":3083873.8654120034,"n_hex":4,"sample_h3":"8782d84a8ffffff","log_pop":4.1339826744,"log_mass":6.4890966065},{"country_iso":"NGA","city_id":2544,"city":"Abuja","pop_total":76681.4233032563,"mass_total":15541630.1734163929,"n_hex":18,"sample_h3":"8758f44c0ffffff","log_pop":4.8846901653,"log_mass":7.1914965703},{"country_iso":"NGA","city_id":2546,"city":"Bonny","pop_total":9812.4656003802,"mass_total":4763327.1255643843,"n_hex":9,"sample_h3":"8782d8c19ffffff","log_pop":3.9917781472,"log_mass":6.6779104081},{"country_iso":"NGA","city_id":2547,"city":"Batsari","pop_total":4876.3200820885,"mass_total":707030.65238551,"n_hex":4,"sample_h3":"87580365effffff","log_pop":3.688092205,"log_mass":5.8494382425},{"country_iso":"NGA","city_id":2548,"city":"Ayangba","pop_total":7396.0778077275,"mass_total":4662855.0190051245,"n_hex":9,"sample_h3":"8758f2480ffffff","log_pop":3.8690014713,"log_mass":6.6686519123},{"country_iso":"NGA","city_id":2550,"city":"Onne","pop_total":16335.113627617,"mass_total":3745808.5025118254,"n_hex":7,"sample_h3":"8782d8430ffffff","log_pop":4.2131221598,"log_mass":6.5735455711},{"country_iso":"NGA","city_id":2552,"city":"Madalla","pop_total":30861.7785575231,"mass_total":7094296.580717016,"n_hex":11,"sample_h3":"8758f6b40ffffff","log_pop":4.4894209507,"log_mass":6.8509093404},{"country_iso":"NGA","city_id":2553,"city":"Kuje","pop_total":17141.6038398406,"mass_total":3480230.593815635,"n_hex":5,"sample_h3":"8758f6a1affffff","log_pop":4.2340514539,"log_mass":6.5416080205},{"country_iso":"NGA","city_id":2555,"city":"Umu Oye","pop_total":170.4703330994,"mass_total":89198.923743386,"n_hex":4,"sample_h3":"8782da0c0ffffff","log_pop":2.2316488098,"log_mass":4.9503596143},{"country_iso":"NGA","city_id":2557,"city":"Oboama Nguru","pop_total":5797.821664539,"mass_total":1724235.1457360582,"n_hex":44,"sample_h3":"8782da09bffffff","log_pop":3.7632648527,"log_mass":6.2365964932},{"country_iso":"NGA","city_id":2558,"city":"Lawmu Umunze","pop_total":2426.5166501999,"mass_total":706018.6147160244,"n_hex":7,"sample_h3":"87588b24affffff","log_pop":3.3849832757,"log_mass":5.8488161517},{"country_iso":"NGA","city_id":2561,"city":"Funtua","pop_total":43954.3039224363,"mass_total":6544862.081643424,"n_hex":12,"sample_h3":"875818064ffffff","log_pop":4.6430014068,"log_mass":6.8159004992},{"country_iso":"NGA","city_id":2562,"city":"Wakama","pop_total":528.5620496338,"mass_total":115672.1184262231,"n_hex":2,"sample_h3":"8782d85a8ffffff","log_pop":2.7230959779,"log_mass":5.0632286894},{"country_iso":"NGA","city_id":2565,"city":"Abuja","pop_total":541836.707685321,"mass_total":114102127.4031226486,"n_hex":97,"sample_h3":"8758f0d00ffffff","log_pop":5.7338684237,"log_mass":8.0572937418},{"country_iso":"NGA","city_id":2566,"city":"Bodo","pop_total":7124.9585099912,"mass_total":861126.2711636162,"n_hex":3,"sample_h3":"8782d8516ffffff","log_pop":3.8527823397,"log_mass":5.9350668389},{"country_iso":"NGA","city_id":2568,"city":"Owerri Nta","pop_total":275.561889828,"mass_total":42431.3700120655,"n_hex":2,"sample_h3":"8782da002ffffff","log_pop":2.4402191545,"log_mass":4.6276870544},{"country_iso":"NGA","city_id":2569,"city":"Mogho","pop_total":12610.7528098462,"mass_total":1328227.4759757188,"n_hex":6,"sample_h3":"8782d85a6ffffff","log_pop":4.1007410129,"log_mass":6.1232724599},{"country_iso":"NGA","city_id":2570,"city":"Kaduna","pop_total":630169.9178301737,"mass_total":86365416.3454942554,"n_hex":66,"sample_h3":"87581b520ffffff","log_pop":5.7994576676,"log_mass":7.936339871},{"country_iso":"NGA","city_id":2571,"city":"Ikolo","pop_total":391.4942400203,"mass_total":156990.8503188645,"n_hex":4,"sample_h3":"875889664ffffff","log_pop":2.5927253767,"log_mass":5.1958743418},{"country_iso":"NGA","city_id":2573,"city":"Rubuchi","pop_total":34606.2543243259,"mass_total":9016721.2020411659,"n_hex":9,"sample_h3":"8758f6a40ffffff","log_pop":4.5391545951,"log_mass":6.9550486415},{"country_iso":"NGA","city_id":2574,"city":"Aba","pop_total":434344.6828090144,"mass_total":43192988.6284197718,"n_hex":32,"sample_h3":"8782da105ffffff","log_pop":5.6378345093,"log_mass":7.635413255},{"country_iso":"NGA","city_id":2576,"city":"Bwari","pop_total":8885.022114376,"mass_total":3028081.5852808342,"n_hex":6,"sample_h3":"8758f4636ffffff","log_pop":3.9486585131,"log_mass":6.4811675721},{"country_iso":"NGA","city_id":2577,"city":"Umu Lawlaw","pop_total":4398.8877906463,"mass_total":1592160.8322604946,"n_hex":6,"sample_h3":"8758d64a0ffffff","log_pop":3.6433428839,"log_mass":6.2019869359},{"country_iso":"NGA","city_id":2578,"city":"Kura","pop_total":6988.9572003084,"mass_total":955979.2323706545,"n_hex":3,"sample_h3":"87581d4c6ffffff","log_pop":3.8444123809,"log_mass":5.9804484578},{"country_iso":"NGA","city_id":2579,"city":"Ozala","pop_total":10.7081108093,"mass_total":11603.4160104384,"n_hex":1,"sample_h3":"875889280ffffff","log_pop":1.0297128567,"log_mass":4.064585863},{"country_iso":"NGA","city_id":2581,"city":"Okwuohia","pop_total":1222.4000968933,"mass_total":258424.611135616,"n_hex":2,"sample_h3":"8782da7a6ffffff","log_pop":3.0872133757,"log_mass":5.4123338714},{"country_iso":"NGA","city_id":2582,"city":"Kauran Yankwani","pop_total":4686.9532260334,"mass_total":780319.5740921871,"n_hex":4,"sample_h3":"875818a85ffffff","log_pop":3.6708906195,"log_mass":5.8922725012},{"country_iso":"NGA","city_id":2583,"city":"Nsukka","pop_total":15702.3028221317,"mass_total":5251775.1975557916,"n_hex":12,"sample_h3":"875889216ffffff","log_pop":4.1959633486,"log_mass":6.7203061278},{"country_iso":"NGA","city_id":2587,"city":"Umuellem","pop_total":292.9591970444,"mass_total":550455.5156447967,"n_hex":3,"sample_h3":"8758d6424ffffff","log_pop":2.4668071366,"log_mass":5.7407222278},{"country_iso":"NGA","city_id":2588,"city":"Bori","pop_total":4834.1821117775,"mass_total":1082976.8383760671,"n_hex":4,"sample_h3":"8782de2e8ffffff","log_pop":3.684323007,"log_mass":6.0346191685},{"country_iso":"NGA","city_id":2589,"city":"Egbomu","pop_total":771.7579073962,"mass_total":135593.5055155112,"n_hex":4,"sample_h3":"8782de244ffffff","log_pop":2.8874810879,"log_mass":5.1322388887},{"country_iso":"NGA","city_id":2590,"city":"Ungwan Maidawa","pop_total":2256.9545716641,"mass_total":736991.3126311572,"n_hex":3,"sample_h3":"875818383ffffff","log_pop":3.3535228176,"log_mass":5.8674623686},{"country_iso":"NGA","city_id":2591,"city":"Obukpa","pop_total":1782.0682003096,"mass_total":400653.3734236601,"n_hex":2,"sample_h3":"87588931affffff","log_pop":3.2509243206,"log_mass":5.6027688038},{"country_iso":"NGA","city_id":2592,"city":"Shema","pop_total":19047.8923113729,"mass_total":2337816.4694789909,"n_hex":6,"sample_h3":"87581d114ffffff","log_pop":4.2798469271,"log_mass":6.3688104138},{"country_iso":"NGA","city_id":2593,"city":"Enugu","pop_total":232707.4282049852,"mass_total":39688194.8117762282,"n_hex":49,"sample_h3":"8758d6810ffffff","log_pop":5.3668102465,"log_mass":7.5986613458},{"country_iso":"NGA","city_id":2595,"city":"Umu Oko","pop_total":32.357793808,"mass_total":9011.1703159046,"n_hex":1,"sample_h3":"8782da1a1ffffff","log_pop":1.5099789032,"log_mass":3.9547811982},{"country_iso":"NGA","city_id":2596,"city":"Ngo","pop_total":504.3841716392,"mass_total":69995.5857336568,"n_hex":2,"sample_h3":"8782de342ffffff","log_pop":2.7027614493,"log_mass":4.8450706521},{"country_iso":"NGA","city_id":2597,"city":"Enugu-Ezike","pop_total":1624.6947412379,"mass_total":250855.8526058212,"n_hex":3,"sample_h3":"875889308ffffff","log_pop":3.2107717748,"log_mass":5.3994242378},{"country_iso":"NGA","city_id":2598,"city":"Avodim","pop_total":1879.6717325211,"mass_total":525679.5117992188,"n_hex":5,"sample_h3":"8782da464ffffff","log_pop":3.2740820103,"log_mass":5.7207210509},{"country_iso":"NGA","city_id":2599,"city":"Umu Ezegu","pop_total":77.1374702454,"mass_total":16483.8447400508,"n_hex":1,"sample_h3":"8782da568ffffff","log_pop":1.8872653919,"log_mass":4.2170585153},{"country_iso":"NGA","city_id":2600,"city":"Ovoko","pop_total":1575.1447112476,"mass_total":417544.6854573239,"n_hex":4,"sample_h3":"875889202ffffff","log_pop":3.1973204593,"log_mass":5.6207029603},{"country_iso":"NGA","city_id":2601,"city":"Umuahia","pop_total":30144.5009473614,"mass_total":6946360.4368644292,"n_hex":16,"sample_h3":"8782da401ffffff","log_pop":4.4792080984,"log_mass":6.8417573145},{"country_iso":"NGA","city_id":2602,"city":"Katsina","pop_total":206495.4926434049,"mass_total":24833270.3047853783,"n_hex":25,"sample_h3":"8758032c9ffffff","log_pop":5.3149105764,"log_mass":7.3950339158},{"country_iso":"NGA","city_id":2603,"city":"Awgu","pop_total":1867.0841176052,"mass_total":562017.6685353214,"n_hex":5,"sample_h3":"8758d6544ffffff","log_pop":3.2711638846,"log_mass":5.749749969},{"country_iso":"NGA","city_id":2604,"city":"Itaja","pop_total":1231.2333319271,"mass_total":344936.0946852647,"n_hex":4,"sample_h3":"8782da42cffffff","log_pop":3.0903403642,"log_mass":5.537738642},{"country_iso":"NGA","city_id":2606,"city":"Umundi","pop_total":3634.2626347224,"mass_total":1012209.1954041809,"n_hex":4,"sample_h3":"875889228ffffff","log_pop":3.560416309,"log_mass":6.0052702783},{"country_iso":"NGA","city_id":2607,"city":"Mgboo","pop_total":69.7060885523,"mass_total":40445.2928055411,"n_hex":3,"sample_h3":"8758d6190ffffff","log_pop":1.8432707137,"log_mass":4.6068679839},{"country_iso":"NGA","city_id":2608,"city":"Kpeyi","pop_total":5694.8347074303,"mass_total":3120882.2448046808,"n_hex":4,"sample_h3":"8758f0c24ffffff","log_pop":3.7554811232,"log_mass":6.4942773824},{"country_iso":"NGA","city_id":2609,"city":"Ado","pop_total":65355.549315418,"mass_total":36911306.2397676855,"n_hex":28,"sample_h3":"8758f0d08ffffff","log_pop":4.8152824693,"log_mass":7.5671594145},{"country_iso":"NGA","city_id":2610,"city":"Agbani","pop_total":871.695043216,"mass_total":286873.7226693169,"n_hex":4,"sample_h3":"8758d6134ffffff","log_pop":2.9403645764,"log_mass":5.4576907692},{"country_iso":"NGA","city_id":2611,"city":"Nenwe","pop_total":179.6437326768,"mass_total":106576.089982606,"n_hex":5,"sample_h3":"8758d6182ffffff","log_pop":2.2544120704,"log_mass":5.027659783},{"country_iso":"NGA","city_id":2613,"city":"Malumfashi","pop_total":19424.2347613204,"mass_total":2788072.1903194776,"n_hex":6,"sample_h3":"875818b48ffffff","log_pop":4.2883439183,"log_mass":6.4453040146},{"country_iso":"NGA","city_id":2615,"city":"Opobo","pop_total":2485.4110546112,"mass_total":559825.2562405084,"n_hex":2,"sample_h3":"8782de318ffffff","log_pop":3.3953982257,"log_mass":5.7480524876},{"country_iso":"NGA","city_id":2616,"city":"Ishiagu","pop_total":3188.0037968355,"mass_total":616009.7147016212,"n_hex":4,"sample_h3":"8758d6460ffffff","log_pop":3.50351883,"log_mass":5.7895875612},{"country_iso":"NGA","city_id":2617,"city":"Amaba","pop_total":1398.0296889137,"mass_total":348245.4716918625,"n_hex":4,"sample_h3":"8782da420ffffff","log_pop":3.1455163943,"log_mass":5.5418854779},{"country_iso":"NGA","city_id":2619,"city":"Umuokorola","pop_total":573.6940792981,"mass_total":302596.8340535919,"n_hex":2,"sample_h3":"8782da4a8ffffff","log_pop":2.7586803679,"log_mass":5.4808643799},{"country_iso":"NGA","city_id":2620,"city":"Ikot Akpanata","pop_total":2340.7761886971,"mass_total":1089650.1910424219,"n_hex":7,"sample_h3":"8782de232ffffff","log_pop":3.369359891,"log_mass":6.0372870993},{"country_iso":"NGA","city_id":2622,"city":"Nkek","pop_total":723.4480404499,"mass_total":96370.3403315706,"n_hex":3,"sample_h3":"8782da9a4ffffff","log_pop":2.8594073446,"log_mass":4.9839433927},{"country_iso":"NGA","city_id":2623,"city":"Samaru","pop_total":16693.1046142803,"mass_total":2302286.8165757237,"n_hex":3,"sample_h3":"8758182c4ffffff","log_pop":4.2225371151,"log_mass":6.3621594266},{"country_iso":"NGA","city_id":2624,"city":"Ankpa","pop_total":7350.1894987293,"mass_total":2609714.511897671,"n_hex":8,"sample_h3":"8758f2613ffffff","log_pop":3.866298536,"log_mass":6.4165930006},{"country_iso":"NGA","city_id":2625,"city":"Zaria","pop_total":228225.3952922447,"mass_total":27263881.2537942827,"n_hex":29,"sample_h3":"8758182c0ffffff","log_pop":5.358363968,"log_mass":7.4355876815},{"country_iso":"NGA","city_id":2626,"city":"Otukpa","pop_total":30.6201248169,"mass_total":37156.0814505163,"n_hex":3,"sample_h3":"8758d4d8affffff","log_pop":1.4860069567,"log_mass":4.5700299062},{"country_iso":"NGA","city_id":2627,"city":"Obuohia","pop_total":180.4538879395,"mass_total":38954.7516270852,"n_hex":1,"sample_h3":"8782da588ffffff","log_pop":2.2563662435,"log_mass":4.5905604397},{"country_iso":"NGA","city_id":2629,"city":"Kuwatau","pop_total":6317.1625017316,"mass_total":792267.7274143967,"n_hex":5,"sample_h3":"87581d84affffff","log_pop":3.8005220488,"log_mass":5.8988719655},{"country_iso":"NGA","city_id":2632,"city":"Akote","pop_total":1250.0354371688,"mass_total":267051.5887759716,"n_hex":3,"sample_h3":"8758f4230ffffff","log_pop":3.096922325,"log_mass":5.4265951661},{"country_iso":"NGA","city_id":2636,"city":"Tamaha","pop_total":5934.6504414876,"mass_total":2826966.5667278832,"n_hex":7,"sample_h3":"8758f0421ffffff","log_pop":3.7733951435,"log_mass":6.4513206723},{"country_iso":"NGA","city_id":2639,"city":"Ikot Ekpene","pop_total":12893.5973831626,"mass_total":2687096.588599002,"n_hex":5,"sample_h3":"8782dac14ffffff","log_pop":4.1103741048,"log_mass":6.4292832776},{"country_iso":"NGA","city_id":2640,"city":"Doka","pop_total":6080.0506567712,"mass_total":993481.9400580364,"n_hex":3,"sample_h3":"87581daa4ffffff","log_pop":3.7839071977,"log_mass":5.9971599767},{"country_iso":"NGA","city_id":2642,"city":"Abiriba","pop_total":2798.3799167334,"mass_total":922954.7024147453,"n_hex":4,"sample_h3":"8758d66a0ffffff","log_pop":3.4469066753,"log_mass":5.9651803869},{"country_iso":"NGA","city_id":2643,"city":"Esana","pop_total":221.4731779099,"mass_total":44675.5841688706,"n_hex":2,"sample_h3":"8782dad18ffffff","log_pop":2.3453211374,"log_mass":4.65007024},{"country_iso":"NGA","city_id":2644,"city":"Tukurwa","pop_total":2573.6941418255,"mass_total":638340.6301819232,"n_hex":3,"sample_h3":"875819c30ffffff","log_pop":3.410556934,"log_mass":5.805052488},{"country_iso":"NGA","city_id":2645,"city":"Eha Amufu","pop_total":567.7171867483,"mass_total":227789.7948907947,"n_hex":4,"sample_h3":"8758d44a2ffffff","log_pop":2.754132042,"log_mass":5.3575342635},{"country_iso":"NGA","city_id":2646,"city":"Uburu","pop_total":93.5419507027,"mass_total":39371.0929085022,"n_hex":2,"sample_h3":"8758d60c4ffffff","log_pop":1.9710064223,"log_mass":4.5951774706},{"country_iso":"NGA","city_id":2647,"city":"Ikot Obio Ekpong","pop_total":234.8232775969,"mass_total":51523.6634655584,"n_hex":3,"sample_h3":"8782de0d8ffffff","log_pop":2.3707411455,"log_mass":4.7120067349},{"country_iso":"NGA","city_id":2650,"city":"Ugbokolo","pop_total":4789.8824087031,"mass_total":932986.769931335,"n_hex":4,"sample_h3":"8758d4c28ffffff","log_pop":3.6803248516,"log_mass":5.9698754853},{"country_iso":"NGA","city_id":2651,"city":"Onuankwo","pop_total":24.3803787231,"mass_total":81344.5693896379,"n_hex":1,"sample_h3":"8758d6869ffffff","log_pop":1.3870404476,"log_mass":4.9103285645},{"country_iso":"NGA","city_id":2652,"city":"Ediene","pop_total":2732.2780989927,"mass_total":1107857.3958532454,"n_hex":8,"sample_h3":"8782dad26ffffff","log_pop":3.436524901,"log_mass":6.0444838613},{"country_iso":"NGA","city_id":2657,"city":"Ungwan Tamowa","pop_total":4246.3221405141,"mass_total":879700.4403622645,"n_hex":4,"sample_h3":"875819525ffffff","log_pop":3.6280129381,"log_mass":5.9443348094},{"country_iso":"NGA","city_id":2658,"city":"Mashi","pop_total":7360.5497187745,"mass_total":801686.9283123107,"n_hex":4,"sample_h3":"87580e442ffffff","log_pop":3.8669102506,"log_mass":5.9040048024},{"country_iso":"NGA","city_id":2659,"city":"Elu","pop_total":820.4047201418,"mass_total":275784.7924742565,"n_hex":6,"sample_h3":"8758d6689ffffff","log_pop":2.9140281504,"log_mass":5.4405703143},{"country_iso":"NGA","city_id":2660,"city":"Keffi","pop_total":37126.0442538972,"mass_total":7456306.0558061432,"n_hex":12,"sample_h3":"8758f0100ffffff","log_pop":4.569678678,"log_mass":6.872523726},{"country_iso":"NGA","city_id":2661,"city":"Ekeje","pop_total":40.5800590515,"mass_total":4592.1875946962,"n_hex":1,"sample_h3":"8758d6628ffffff","log_pop":1.6083126747,"log_mass":3.662019621},{"country_iso":"NGA","city_id":2662,"city":"Ogwuma","pop_total":39.2225837708,"mass_total":4804.3462066846,"n_hex":1,"sample_h3":"8758d660effffff","log_pop":1.5935361992,"log_mass":3.6816342956},{"country_iso":"NGA","city_id":2665,"city":"Okom","pop_total":537.9847373962,"mass_total":63498.6832825705,"n_hex":3,"sample_h3":"8782de08affffff","log_pop":2.7307699549,"log_mass":4.8027647198},{"country_iso":"NGA","city_id":2666,"city":"Gwarzo","pop_total":10775.1661845338,"mass_total":1012493.584835162,"n_hex":4,"sample_h3":"87581d641ffffff","log_pop":4.032423977,"log_mass":6.0053922802},{"country_iso":"NGA","city_id":2667,"city":"Ibiaku Ikot Ukpong","pop_total":345.4479650011,"mass_total":67068.50193507,"n_hex":3,"sample_h3":"8758d2584ffffff","log_pop":2.5383826386,"log_mass":4.8265186059},{"country_iso":"NGA","city_id":2669,"city":"Ikot Ide","pop_total":157.9167728424,"mass_total":11620.037906292,"n_hex":2,"sample_h3":"8782de788ffffff","log_pop":2.1984282603,"log_mass":4.0652075448},{"country_iso":"NGA","city_id":2671,"city":"Tsanyawa","pop_total":2545.4580337674,"mass_total":206209.5192995271,"n_hex":3,"sample_h3":"87581d30affffff","log_pop":3.4057659413,"log_mass":5.3143087099},{"country_iso":"NGA","city_id":2672,"city":"Getso","pop_total":2269.0190035427,"mass_total":492491.9581202323,"n_hex":3,"sample_h3":"8758199a0ffffff","log_pop":3.3558381332,"log_mass":5.6923991433},{"country_iso":"NGA","city_id":2673,"city":"Amakofia","pop_total":1676.3565834195,"mass_total":520430.6229761218,"n_hex":4,"sample_h3":"8758d2c02ffffff","log_pop":3.2243664044,"log_mass":5.7163628432},{"country_iso":"NGA","city_id":2674,"city":"Uyo","pop_total":128307.1753135045,"mass_total":24829065.8495741561,"n_hex":23,"sample_h3":"8758d2416ffffff","log_pop":5.1082509441,"log_mass":7.3949603803},{"country_iso":"NGA","city_id":2676,"city":"Kadafa","pop_total":6174.8741371903,"mass_total":762437.0066519147,"n_hex":4,"sample_h3":"875819983ffffff","log_pop":3.7906281098,"log_mass":5.8822039676},{"country_iso":"NGA","city_id":2677,"city":"Ozizza","pop_total":1379.5575370826,"mass_total":415732.8442395292,"n_hex":6,"sample_h3":"8758d6294ffffff","log_pop":3.1397398183,"log_mass":5.6188143365},{"country_iso":"NGA","city_id":2678,"city":"Eket","pop_total":28017.8330711514,"mass_total":5627082.2514699809,"n_hex":7,"sample_h3":"8782de093ffffff","log_pop":4.4474345435,"log_mass":6.7502832633},{"country_iso":"NGA","city_id":2679,"city":"Koi","pop_total":3832.7281824411,"mass_total":363278.3829837476,"n_hex":6,"sample_h3":"8758f5510ffffff","log_pop":3.5835080201,"log_mass":5.5602395558},{"country_iso":"NGA","city_id":2680,"city":"Mbikpong Atai","pop_total":325.1667920954,"mass_total":133161.1020498428,"n_hex":2,"sample_h3":"8758d2482ffffff","log_pop":2.5121061865,"log_mass":5.1243773807},{"country_iso":"NGA","city_id":2681,"city":"Soba","pop_total":3960.5706240187,"mass_total":619446.4492448868,"n_hex":3,"sample_h3":"8758194d1ffffff","log_pop":3.5977577619,"log_mass":5.7920037679},{"country_iso":"NGA","city_id":2683,"city":"Nsukara Offot","pop_total":981.0898987864,"mass_total":587428.7179145601,"n_hex":5,"sample_h3":"8758d2402ffffff","log_pop":2.9917088043,"log_mass":5.7689551743},{"country_iso":"NGA","city_id":2685,"city":"Mkpanak","pop_total":3680.169870485,"mass_total":1256662.0978340127,"n_hex":5,"sample_h3":"8782de545ffffff","log_pop":3.5658678654,"log_mass":6.0992185165},{"country_iso":"NGA","city_id":2688,"city":"Utunkon","pop_total":272.5393959345,"mass_total":74857.0524166333,"n_hex":3,"sample_h3":"8758d40a4ffffff","log_pop":2.435429289,"log_mass":4.8742327223},{"country_iso":"NGA","city_id":2689,"city":"Idembia","pop_total":907.4425373077,"mass_total":174785.7110093424,"n_hex":2,"sample_h3":"8758d6328ffffff","log_pop":2.9578191334,"log_mass":5.2425059255},{"country_iso":"NGA","city_id":2690,"city":"Odoro Atasong","pop_total":39.7034626007,"mass_total":7460.9589062774,"n_hex":1,"sample_h3":"8782de450ffffff","log_pop":1.5988283839,"log_mass":3.872794648},{"country_iso":"NGA","city_id":2691,"city":"Bagwai","pop_total":5103.4136939853,"mass_total":362398.0437348855,"n_hex":2,"sample_h3":"87581d252ffffff","log_pop":3.7078607746,"log_mass":5.5591858446},{"country_iso":"NGA","city_id":2692,"city":"Buraimawa","pop_total":5458.2455046448,"mass_total":528424.0382607912,"n_hex":5,"sample_h3":"8758198a8ffffff","log_pop":3.7370530658,"log_mass":5.7229825657},{"country_iso":"NGA","city_id":2696,"city":"Ugep","pop_total":1677.4274518705,"mass_total":271338.7213131554,"n_hex":3,"sample_h3":"8758d2920ffffff","log_pop":3.2246437462,"log_mass":5.4335117741},{"country_iso":"NGA","city_id":2697,"city":"Unguwan Larawa","pop_total":2032.6467081556,"mass_total":234988.5896125647,"n_hex":3,"sample_h3":"875819821ffffff","log_pop":3.308061901,"log_mass":5.3710467747},{"country_iso":"NGA","city_id":2698,"city":"Abakaliki","pop_total":35595.820317489,"mass_total":7491822.5700460849,"n_hex":10,"sample_h3":"8758d6a51ffffff","log_pop":4.5513990058,"log_mass":6.8745874834},{"country_iso":"NGA","city_id":2699,"city":"Otukpo","pop_total":29895.4625388351,"mass_total":7091574.6040556403,"n_hex":11,"sample_h3":"8758d48c2ffffff","log_pop":4.4756052772,"log_mass":6.8507426761},{"country_iso":"NGA","city_id":2700,"city":"Maturrumi","pop_total":4952.2374293309,"mass_total":558041.9310200362,"n_hex":2,"sample_h3":"87580e0ecffffff","log_pop":3.6948014583,"log_mass":5.7466668329},{"country_iso":"NGA","city_id":2701,"city":"Bichi","pop_total":12422.0501321007,"mass_total":1217340.3956641138,"n_hex":4,"sample_h3":"87581d245ffffff","log_pop":4.0941932776,"log_mass":6.0854120337},{"country_iso":"NGA","city_id":2703,"city":"Zango","pop_total":3081.7461190841,"mass_total":266125.7477793698,"n_hex":3,"sample_h3":"875819968ffffff","log_pop":3.4887968577,"log_mass":5.4250868948},{"country_iso":"NGA","city_id":2704,"city":"Ungwan Sarki","pop_total":4180.6198696623,"mass_total":886115.8040081474,"n_hex":4,"sample_h3":"875819730ffffff","log_pop":3.6212406803,"log_mass":5.9474904823},{"country_iso":"NGA","city_id":2705,"city":"Achara Ndiagu Omegio","pop_total":133.0515079498,"mass_total":21242.2613723396,"n_hex":3,"sample_h3":"8758d6343ffffff","log_pop":2.124019801,"log_mass":4.3272007482},{"country_iso":"NGA","city_id":2707,"city":"Tarzoho","pop_total":451.5405629177,"mass_total":119473.4792165294,"n_hex":2,"sample_h3":"8758f3588ffffff","log_pop":2.6546967701,"log_mass":5.0772715111},{"country_iso":"NGA","city_id":2708,"city":"Daura","pop_total":38754.838575595,"mass_total":3380815.9899228169,"n_hex":10,"sample_h3":"87580e745ffffff","log_pop":4.5883259323,"log_mass":6.5290215338},{"country_iso":"NGA","city_id":2711,"city":"Oron","pop_total":12295.3548472535,"mass_total":2593058.1703169979,"n_hex":10,"sample_h3":"8782de484ffffff","log_pop":4.0897410671,"log_mass":6.4138122594},{"country_iso":"NGA","city_id":2712,"city":"Kafanchan","pop_total":9848.0269639875,"mass_total":2472693.5377494739,"n_hex":11,"sample_h3":"8758f50b4ffffff","log_pop":3.993349229,"log_mass":6.3931702938},{"country_iso":"NGA","city_id":2714,"city":"Abuna","pop_total":1017.6962130603,"mass_total":245303.2211065932,"n_hex":4,"sample_h3":"8758d6248ffffff","log_pop":3.0076181585,"log_mass":5.389703251},{"country_iso":"NGA","city_id":2717,"city":"Kano","pop_total":2089099.554314232,"mass_total":126944565.9701205641,"n_hex":108,"sample_h3":"87580a400ffffff","log_pop":6.3199591364,"log_mass":8.1036141151},{"country_iso":"NGA","city_id":2718,"city":"kazaure","pop_total":13816.2481767467,"mass_total":1456660.4206853008,"n_hex":4,"sample_h3":"87580ad61ffffff","log_pop":4.1403901257,"log_mass":6.1633583201},{"country_iso":"NGA","city_id":2719,"city":"Tudun Wada","pop_total":5693.3715233784,"mass_total":993731.2354681812,"n_hex":6,"sample_h3":"8758190caffffff","log_pop":3.7553695248,"log_mass":5.997268941},{"country_iso":"NGA","city_id":2720,"city":"Anchau","pop_total":883.0041139247,"mass_total":616000.2469125023,"n_hex":5,"sample_h3":"875819618ffffff","log_pop":2.945962727,"log_mass":5.7895808862},{"country_iso":"NGA","city_id":2721,"city":"Doma","pop_total":6382.4505733658,"mass_total":2852281.2211835259,"n_hex":6,"sample_h3":"8758f3920ffffff","log_pop":3.8049874602,"log_mass":6.4551923426},{"country_iso":"NGA","city_id":2722,"city":"Calabar","pop_total":110186.3646808063,"mass_total":24766966.599908229,"n_hex":30,"sample_h3":"8758d2622ffffff","log_pop":5.0421278549,"log_mass":7.3938728185},{"country_iso":"NGA","city_id":2723,"city":"Kura","pop_total":9317.2140618193,"mass_total":1339390.4918914384,"n_hex":4,"sample_h3":"875819b10ffffff","log_pop":3.9692860735,"log_mass":6.1269072116},{"country_iso":"NGA","city_id":2724,"city":"Kagoro","pop_total":3798.0223408793,"mass_total":283196.5620864436,"n_hex":4,"sample_h3":"8758f5006ffffff","log_pop":3.579557515,"log_mass":5.4520879769},{"country_iso":"NGA","city_id":2726,"city":"Adum East","pop_total":539.6094434813,"mass_total":199053.8133224479,"n_hex":3,"sample_h3":"8758d4049ffffff","log_pop":2.7320795415,"log_mass":5.2989705019},{"country_iso":"NGA","city_id":2729,"city":"Akwanga","pop_total":11349.4550579108,"mass_total":3028974.392873886,"n_hex":7,"sample_h3":"8758f0a58ffffff","log_pop":4.0549750095,"log_mass":6.4812956018},{"country_iso":"NGA","city_id":2731,"city":"Zango","pop_total":5473.4273080601,"mass_total":629482.1520421394,"n_hex":4,"sample_h3":"87580e213ffffff","log_pop":3.7382593546,"log_mass":5.7989834209},{"country_iso":"NGA","city_id":2735,"city":"Dambarta","pop_total":11610.9956158507,"mass_total":1470032.3847149177,"n_hex":5,"sample_h3":"87580ac4affffff","log_pop":4.0648694611,"log_mass":6.1673269023},{"country_iso":"NGA","city_id":2736,"city":"Oju","pop_total":1178.5939061483,"mass_total":428261.083136795,"n_hex":4,"sample_h3":"8758d4388ffffff","log_pop":3.0713641913,"log_mass":5.6317086111},{"country_iso":"NGA","city_id":2737,"city":"Kpam","pop_total":2291.7421120214,"mass_total":719483.9617082538,"n_hex":6,"sample_h3":"8758d4a2cffffff","log_pop":3.3601657452,"log_mass":5.8570211174},{"country_iso":"NGA","city_id":2739,"city":"Lafia","pop_total":48197.3747125364,"mass_total":13914084.5685510039,"n_hex":13,"sample_h3":"8758f025affffff","log_pop":4.6830233831,"log_mass":7.1434546386},{"country_iso":"NGA","city_id":2740,"city":"Makurdi","pop_total":110865.024996866,"mass_total":28601341.513459526,"n_hex":27,"sample_h3":"8758f3080ffffff","log_pop":5.0447945593,"log_mass":7.4563864037},{"country_iso":"NGA","city_id":2741,"city":"Rano","pop_total":6168.3452155431,"mass_total":796423.8178040045,"n_hex":6,"sample_h3":"875819a89ffffff","log_pop":3.7901686713,"log_mass":5.9011442395},{"country_iso":"NGA","city_id":2742,"city":"Dawaki Kudu","pop_total":8920.6740172554,"mass_total":958910.4414841995,"n_hex":4,"sample_h3":"875819b44ffffff","log_pop":3.9503976695,"log_mass":5.9817780476},{"country_iso":"NGA","city_id":2743,"city":"Nassarawan Eggon","pop_total":5284.0845356511,"mass_total":1200927.3817751154,"n_hex":3,"sample_h3":"8758f1c90ffffff","log_pop":3.7229697569,"log_mass":6.0795167471},{"country_iso":"NGA","city_id":2746,"city":"Ungwan Bahagu","pop_total":1825.4939251881,"mass_total":478053.1065637437,"n_hex":3,"sample_h3":"8758f5744ffffff","log_pop":3.2613803921,"log_mass":5.6794761447},{"country_iso":"NGA","city_id":2751,"city":"Jaja","pop_total":2669.1304966422,"mass_total":554958.6353206813,"n_hex":3,"sample_h3":"8758e6560ffffff","log_pop":3.4263698074,"log_mass":5.7442606135},{"country_iso":"NGA","city_id":2752,"city":"Samunakar","pop_total":6282.3163313099,"mass_total":981323.1944398722,"n_hex":3,"sample_h3":"8758e6545ffffff","log_pop":3.7981198005,"log_mass":5.9918120639},{"country_iso":"NGA","city_id":2754,"city":"Uva","pop_total":373.7625259699,"mass_total":74007.3344230829,"n_hex":3,"sample_h3":"8758d5d83ffffff","log_pop":2.5725957562,"log_mass":4.8692747622},{"country_iso":"NGA","city_id":2756,"city":"Bassa","pop_total":1856.454684538,"mass_total":429614.4560085278,"n_hex":5,"sample_h3":"8758f5a2dffffff","log_pop":3.2686843527,"log_mass":5.6330788864},{"country_iso":"NGA","city_id":2758,"city":"Ikom","pop_total":4559.3854736609,"mass_total":2417566.8648568289,"n_hex":8,"sample_h3":"8758d0088ffffff","log_pop":3.6589063112,"log_mass":6.3833784946},{"country_iso":"NGA","city_id":2760,"city":"Garko","pop_total":2800.2300281525,"mass_total":833559.3818609545,"n_hex":1,"sample_h3":"8758e4d16ffffff","log_pop":3.4471937084,"log_mass":5.9209365439},{"country_iso":"NGA","city_id":2763,"city":"Wudil","pop_total":16664.5269569846,"mass_total":1772301.0571250208,"n_hex":7,"sample_h3":"87580a688ffffff","log_pop":4.2217929902,"log_mass":6.2485374965},{"country_iso":"NGA","city_id":2764,"city":"Okuku Lepuole","pop_total":2809.3476288814,"mass_total":585718.4597873194,"n_hex":5,"sample_h3":"8758d5583ffffff","log_pop":3.4486054822,"log_mass":5.7676889117},{"country_iso":"NGA","city_id":2765,"city":"Jos","pop_total":189115.1921403286,"mass_total":44543974.5525789857,"n_hex":50,"sample_h3":"8758e2db0ffffff","log_pop":5.2767264183,"log_mass":7.6487889655},{"country_iso":"NGA","city_id":2766,"city":"Keana","pop_total":726.6436014175,"mass_total":191840.1020535381,"n_hex":2,"sample_h3":"8758f3a34ffffff","log_pop":2.8613214537,"log_mass":5.2829393968},{"country_iso":"NGA","city_id":2769,"city":"Nshebori","pop_total":2656.0002143374,"mass_total":769120.4315119094,"n_hex":3,"sample_h3":"8758d54a2ffffff","log_pop":3.4242281057,"log_mass":5.8859943484},{"country_iso":"NGA","city_id":2777,"city":"Barakin Gangare","pop_total":1643.5243726656,"mass_total":451837.9360132093,"n_hex":3,"sample_h3":"8758f5229ffffff","log_pop":3.2157761488,"log_mass":5.6549826912},{"country_iso":"NGA","city_id":2778,"city":"Yarogye","pop_total":1639.4811670677,"mass_total":250350.2319113204,"n_hex":5,"sample_h3":"8758f3290ffffff","log_pop":3.2147064322,"log_mass":5.398547998},{"country_iso":"NGA","city_id":2780,"city":"Sumaila","pop_total":4117.3274970036,"mass_total":459260.6374807453,"n_hex":3,"sample_h3":"8758e4c02ffffff","log_pop":3.6146154127,"log_mass":5.6620592243},{"country_iso":"NGA","city_id":2785,"city":"Gaya","pop_total":7059.4339525896,"mass_total":1395845.658162592,"n_hex":6,"sample_h3":"87580a65affffff","log_pop":3.8487698794,"log_mass":6.1448374},{"country_iso":"NGA","city_id":2787,"city":"Bokkos","pop_total":1179.5814029619,"mass_total":667385.293464925,"n_hex":2,"sample_h3":"8758f1960ffffff","log_pop":3.0717279169,"log_mass":5.8243766323},{"country_iso":"NGA","city_id":2789,"city":"Gboko","pop_total":64032.783686982,"mass_total":13644912.5392952263,"n_hex":17,"sample_h3":"8758d5806ffffff","log_pop":4.8064023822,"log_mass":7.1349707563},{"country_iso":"NGA","city_id":2793,"city":"Takai","pop_total":3661.3354651283,"mass_total":409019.732645955,"n_hex":4,"sample_h3":"8758e4c40ffffff","log_pop":3.5636395224,"log_mass":5.6117442605},{"country_iso":"NGA","city_id":2795,"city":"Vande Ikya","pop_total":2405.8314959283,"mass_total":314076.1751575369,"n_hex":5,"sample_h3":"8758d5461ffffff","log_pop":3.3812652061,"log_mass":5.4970349934},{"country_iso":"NGA","city_id":2796,"city":"Namu","pop_total":1519.282577092,"mass_total":759299.9529252884,"n_hex":3,"sample_h3":"8758f100affffff","log_pop":3.1816385574,"log_mass":5.880413373},{"country_iso":"NGA","city_id":2797,"city":"Ringim","pop_total":6973.2428597394,"mass_total":830635.7126916028,"n_hex":4,"sample_h3":"87580a218ffffff","log_pop":3.8434347908,"log_mass":5.9194105994},{"country_iso":"NGA","city_id":2800,"city":"Mongu Arna","pop_total":4258.7356180939,"mass_total":1273703.028465234,"n_hex":4,"sample_h3":"8758e2500ffffff","log_pop":3.62928068,"log_mass":6.1050681814},{"country_iso":"NGA","city_id":2803,"city":"Tsangaya","pop_total":985.7390717712,"mass_total":314463.0160231094,"n_hex":3,"sample_h3":"8758e4126ffffff","log_pop":2.993761971,"log_mass":5.4975695754},{"country_iso":"NGA","city_id":2804,"city":"Mbacub","pop_total":66.2295846939,"mass_total":29005.1213659426,"n_hex":1,"sample_h3":"8758d5712ffffff","log_pop":1.8210520317,"log_mass":4.462474687},{"country_iso":"NGA","city_id":2805,"city":"Obudu","pop_total":5397.3407286719,"mass_total":1014723.6744440593,"n_hex":7,"sample_h3":"8758d5713ffffff","log_pop":3.7321798355,"log_mass":6.006347793},{"country_iso":"NGA","city_id":2810,"city":"Arafu","pop_total":1971.7645241681,"mass_total":499994.2758526579,"n_hex":4,"sample_h3":"8758c6524ffffff","log_pop":3.2948550486,"log_mass":5.6989650324},{"country_iso":"NGA","city_id":2811,"city":"Adikpo","pop_total":3620.8262530907,"mass_total":1062457.9475045707,"n_hex":4,"sample_h3":"8758d50c4ffffff","log_pop":3.5588076855,"log_mass":6.0263117495},{"country_iso":"NGA","city_id":2813,"city":"Dutse","pop_total":17964.9356139239,"mass_total":2420367.8148555635,"n_hex":12,"sample_h3":"8758e48c0ffffff","log_pop":4.254425665,"log_mass":6.3838813692},{"country_iso":"NGA","city_id":2814,"city":"Katsina Ala","pop_total":9677.2190315882,"mass_total":2065738.2970624648,"n_hex":5,"sample_h3":"8758d5168ffffff","log_pop":3.9857505709,"log_mass":6.315075301},{"country_iso":"NGA","city_id":2817,"city":"Gumel","pop_total":26406.6260038488,"mass_total":2020307.5768798131,"n_hex":3,"sample_h3":"87580bd0cffffff","log_pop":4.4217129146,"log_mass":6.3054174926},{"country_iso":"NGA","city_id":2821,"city":"Maigatari","pop_total":5988.9799039953,"mass_total":533001.7957862299,"n_hex":2,"sample_h3":"8758086ecffffff","log_pop":3.7773528558,"log_mass":5.7267286723},{"country_iso":"NGA","city_id":2822,"city":"Ugba","pop_total":5887.0098424837,"mass_total":870299.1788576785,"n_hex":4,"sample_h3":"8758c64a8ffffff","log_pop":3.7698947619,"log_mass":5.9396685738},{"country_iso":"NGA","city_id":2824,"city":"Gwolong","pop_total":385.6988257165,"mass_total":219438.2405029115,"n_hex":3,"sample_h3":"8758e244affffff","log_pop":2.5862483166,"log_mass":5.3413123124},{"country_iso":"NGA","city_id":2829,"city":"Birnin Kudu","pop_total":7428.662606258,"mass_total":1182480.720314526,"n_hex":4,"sample_h3":"8758e4046ffffff","log_pop":3.8709106341,"log_mass":6.0727940685},{"country_iso":"NGA","city_id":2836,"city":"Bununu Dass","pop_total":2641.9667595284,"mass_total":370020.2957110634,"n_hex":3,"sample_h3":"8758e2846ffffff","log_pop":3.4219273491,"log_mass":5.5682255459},{"country_iso":"NGA","city_id":2838,"city":"Ningi","pop_total":5589.5233002233,"mass_total":1243980.73488071,"n_hex":4,"sample_h3":"8758e4670ffffff","log_pop":3.7473747709,"log_mass":6.0948136546},{"country_iso":"NGA","city_id":2839,"city":"Shendam","pop_total":4439.1398642372,"mass_total":802037.6051483909,"n_hex":5,"sample_h3":"8758c4d84ffffff","log_pop":3.6472988286,"log_mass":5.9041947315},{"country_iso":"NGA","city_id":2840,"city":"Kiyawa","pop_total":3781.649703426,"mass_total":445503.8057252879,"n_hex":3,"sample_h3":"8758e4b0affffff","log_pop":3.5776812974,"log_mass":5.6488514184},{"country_iso":"NGA","city_id":2841,"city":"Tafawa-Balewa","pop_total":1939.4412775301,"mass_total":329942.3165284506,"n_hex":3,"sample_h3":"8758e2144ffffff","log_pop":3.2876766346,"log_mass":5.5184380193},{"country_iso":"NGA","city_id":2844,"city":"Jahun","pop_total":6665.2296263452,"mass_total":671590.5036051032,"n_hex":3,"sample_h3":"87580b409ffffff","log_pop":3.8238151161,"log_mass":5.8271045465},{"country_iso":"NGA","city_id":2846,"city":"Samammiya","pop_total":2285.0959156859,"mass_total":380403.814654451,"n_hex":3,"sample_h3":"8758e43a8ffffff","log_pop":3.3589044341,"log_mass":5.5802448634},{"country_iso":"NGA","city_id":2847,"city":"Zaki Biam","pop_total":18084.954862273,"mass_total":3312130.0618314957,"n_hex":6,"sample_h3":"8758c6781ffffff","log_pop":4.2573174292,"log_mass":6.5201073825},{"country_iso":"NGA","city_id":2853,"city":"Bauchi","pop_total":91014.7674062448,"mass_total":20280450.4985513426,"n_hex":31,"sample_h3":"8758e0090ffffff","log_pop":4.9591118636,"log_mass":7.3070775979},{"country_iso":"NGA","city_id":2855,"city":"Langtang","pop_total":3358.5245124705,"mass_total":866928.8676949615,"n_hex":4,"sample_h3":"8758c49b0ffffff","log_pop":3.5261485224,"log_mass":5.9379834647},{"country_iso":"NGA","city_id":2856,"city":"Wukari","pop_total":16899.8089205087,"mass_total":3964215.5941284476,"n_hex":8,"sample_h3":"8758c6040ffffff","log_pop":4.2278817942,"log_mass":6.5981572656},{"country_iso":"NGA","city_id":2858,"city":"Anguwan Ari","pop_total":918.8867228676,"mass_total":157971.5996230604,"n_hex":3,"sample_h3":"8758e0810ffffff","log_pop":2.9632619764,"log_mass":5.1985790158},{"country_iso":"NGA","city_id":2859,"city":"Malummaduri","pop_total":8226.5022277832,"mass_total":899176.5962137908,"n_hex":1,"sample_h3":"87580b164ffffff","log_pop":3.9152152197,"log_mass":5.9538449945},{"country_iso":"NGA","city_id":2864,"city":"Jemma\u2019are","pop_total":7697.069433504,"mass_total":893174.0728988509,"n_hex":3,"sample_h3":"8758e5d10ffffff","log_pop":3.8863254042,"log_mass":5.9509361079},{"country_iso":"NGA","city_id":2866,"city":"Hadejia","pop_total":50458.0222593943,"mass_total":4011456.3321902943,"n_hex":6,"sample_h3":"87580ba90ffffff","log_pop":4.702930224,"log_mass":6.6033020689},{"country_iso":"NGA","city_id":2867,"city":"Dengi","pop_total":3371.79961586,"mass_total":628698.4596689332,"n_hex":2,"sample_h3":"8758e22c6ffffff","log_pop":3.5278617568,"log_mass":5.7984423963},{"country_iso":"NGA","city_id":2869,"city":"Wase","pop_total":1960.9867370344,"mass_total":554200.2802518021,"n_hex":3,"sample_h3":"8758c4810ffffff","log_pop":3.2924746564,"log_mass":5.7436667411},{"country_iso":"NGA","city_id":2870,"city":"Bela","pop_total":2471.3117760079,"mass_total":261446.3159753332,"n_hex":1,"sample_h3":"8758e5c9dffffff","log_pop":3.3929275386,"log_mass":5.4173825266},{"country_iso":"NGA","city_id":2872,"city":"Shira","pop_total":981.762087822,"mass_total":223768.6044440842,"n_hex":4,"sample_h3":"8758e5c8cffffff","log_pop":2.9920062572,"log_mass":5.3497991534},{"country_iso":"NGA","city_id":2874,"city":"Takum","pop_total":4931.4330273946,"mass_total":1284042.457375153,"n_hex":3,"sample_h3":"8758c28b6ffffff","log_pop":3.6929731395,"log_mass":6.1085793841},{"country_iso":"NGA","city_id":2876,"city":"Donga","pop_total":2512.3212957924,"mass_total":724519.9777669257,"n_hex":5,"sample_h3":"8758c6200ffffff","log_pop":3.4000751797,"log_mass":5.8600503651},{"country_iso":"NGA","city_id":2880,"city":"Azare","pop_total":23169.8760459152,"mass_total":3743625.2012229343,"n_hex":10,"sample_h3":"8758e5890ffffff","log_pop":4.3649237104,"log_mass":6.5732923622},{"country_iso":"NGA","city_id":2882,"city":"Giade","pop_total":5814.1809309567,"mass_total":545340.8037050882,"n_hex":2,"sample_h3":"8758e5564ffffff","log_pop":3.7644885424,"log_mass":5.7366679939},{"country_iso":"NGA","city_id":2890,"city":"Soro","pop_total":2563.0059388628,"mass_total":446723.4315159325,"n_hex":2,"sample_h3":"8758e0a01ffffff","log_pop":3.4087496125,"log_mass":5.6500387327},{"country_iso":"NGA","city_id":2891,"city":"Katagum","pop_total":1752.1029651904,"mass_total":285105.2422325172,"n_hex":3,"sample_h3":"87580b262ffffff","log_pop":3.2435596246,"log_mass":5.4550052028},{"country_iso":"NGA","city_id":2893,"city":"Masuri","pop_total":5558.2794174045,"mass_total":898933.3795478954,"n_hex":3,"sample_h3":"8758e0280ffffff","log_pop":3.7449403752,"log_mass":5.9537275071},{"country_iso":"NGA","city_id":2896,"city":"Nguru","pop_total":25902.6655889736,"mass_total":2821798.7997898324,"n_hex":6,"sample_h3":"875809601ffffff","log_pop":4.4133444587,"log_mass":6.4505260444},{"country_iso":"NGA","city_id":2898,"city":"Katsiro","pop_total":6716.8936769224,"mass_total":879124.5840390839,"n_hex":4,"sample_h3":"8758e5798ffffff","log_pop":3.8271684738,"log_mass":5.9440504249},{"country_iso":"NGA","city_id":2900,"city":"Misau","pop_total":9112.9905825222,"mass_total":1084445.6225089673,"n_hex":4,"sample_h3":"8758e5089ffffff","log_pop":3.9596609215,"log_mass":6.03520778},{"country_iso":"NGA","city_id":2903,"city":"Gamawa","pop_total":4719.3457232531,"mass_total":491588.9856800933,"n_hex":2,"sample_h3":"8758565a8ffffff","log_pop":3.6738817934,"log_mass":5.6916021437},{"country_iso":"NGA","city_id":2906,"city":"Dundewa","pop_total":2356.1131625138,"mass_total":970142.631503612,"n_hex":3,"sample_h3":"8758c0920ffffff","log_pop":3.3721961455,"log_mass":5.9868355894},{"country_iso":"NGA","city_id":2913,"city":"Damban","pop_total":2728.2308148104,"mass_total":343160.4501163478,"n_hex":3,"sample_h3":"8758e5a10ffffff","log_pop":3.4358811099,"log_mass":5.5354972288},{"country_iso":"NGA","city_id":2917,"city":"Jakusko","pop_total":339.1918010712,"mass_total":59005.3128386956,"n_hex":1,"sample_h3":"875856186ffffff","log_pop":2.530445346,"log_mass":4.7708911173},{"country_iso":"NGA","city_id":2919,"city":"Dukku","pop_total":6265.5596184151,"mass_total":939256.6886529877,"n_hex":3,"sample_h3":"8758e1d68ffffff","log_pop":3.7969598668,"log_mass":5.9727842965},{"country_iso":"NGA","city_id":2922,"city":"Mutum Biyu","pop_total":2413.6721126631,"mass_total":1326593.0174639137,"n_hex":4,"sample_h3":"8758c5522ffffff","log_pop":3.3826782727,"log_mass":6.1227377071},{"country_iso":"NGA","city_id":2929,"city":"Gashua","pop_total":13313.7619165533,"mass_total":2445994.2767491005,"n_hex":4,"sample_h3":"875854490ffffff","log_pop":4.1243007864,"log_mass":6.3884554365},{"country_iso":"NGA","city_id":2930,"city":"Bojude","pop_total":925.9877081478,"mass_total":175415.9646876632,"n_hex":2,"sample_h3":"8758e1030ffffff","log_pop":2.9666052218,"log_mass":5.2440691162},{"country_iso":"NGA","city_id":2931,"city":"Potiskum","pop_total":78771.3871593326,"mass_total":11355291.0688132402,"n_hex":11,"sample_h3":"875852d00ffffff","log_pop":4.8963684934,"log_mass":7.0551982709},{"country_iso":"NGA","city_id":2932,"city":"Gombe","pop_total":80479.8278742229,"mass_total":22212076.3126519956,"n_hex":21,"sample_h3":"8758e10daffffff","log_pop":4.9056870389,"log_mass":7.3465891569},{"country_iso":"NGA","city_id":2938,"city":"Biliri","pop_total":6717.5164063248,"mass_total":579197.6205785578,"n_hex":4,"sample_h3":"8758eed01ffffff","log_pop":3.8272087358,"log_mass":5.7628267691},{"country_iso":"NGA","city_id":2943,"city":"Fika","pop_total":1618.5149929271,"mass_total":243625.8376371184,"n_hex":3,"sample_h3":"875852550ffffff","log_pop":3.2091167268,"log_mass":5.3867233453},{"country_iso":"NGA","city_id":2944,"city":"Damagum","pop_total":1177.6495784161,"mass_total":204756.8923574962,"n_hex":3,"sample_h3":"875852890ffffff","log_pop":3.0710160809,"log_mass":5.3112385295},{"country_iso":"NGA","city_id":2945,"city":"Kaltungo","pop_total":7230.1772203595,"mass_total":1052114.2685987048,"n_hex":4,"sample_h3":"8758eec21ffffff","log_pop":3.8591489425,"log_mass":6.0220629105},{"country_iso":"NGA","city_id":2947,"city":"Gembu","pop_total":2666.7961945104,"mass_total":1435746.6005520558,"n_hex":3,"sample_h3":"8758c3449ffffff","log_pop":3.4259898267,"log_mass":6.1570777967},{"country_iso":"NGA","city_id":2948,"city":"Jalingo","pop_total":61106.4150282018,"mass_total":15274169.9942916669,"n_hex":14,"sample_h3":"8758c5a84ffffff","log_pop":4.7860868054,"log_mass":7.1839576198},{"country_iso":"NGA","city_id":2950,"city":"Dolkoi","pop_total":383.7481613159,"mass_total":30611.5605837006,"n_hex":1,"sample_h3":"87585290dffffff","log_pop":2.5840463076,"log_mass":4.4858854706},{"country_iso":"NGA","city_id":2953,"city":"Bajoga","pop_total":7572.1873709211,"mass_total":1358954.7488283508,"n_hex":4,"sample_h3":"8758e1a29ffffff","log_pop":3.8792213519,"log_mass":6.1332049956},{"country_iso":"NGA","city_id":2956,"city":"Bukari","pop_total":5.2248433828,"mass_total":11276.1472313882,"n_hex":1,"sample_h3":"8758540c2ffffff","log_pop":0.7180732768,"log_mass":4.0521607378},{"country_iso":"NGA","city_id":2957,"city":"Awak","pop_total":77.2154479027,"mass_total":56227.1576150578,"n_hex":1,"sample_h3":"8758ee98bffffff","log_pop":1.887704195,"log_mass":4.7499461297},{"country_iso":"NGA","city_id":2958,"city":"Deba Kowa","pop_total":624.4572620392,"mass_total":223035.9729144461,"n_hex":2,"sample_h3":"8758e12f0ffffff","log_pop":2.7955027205,"log_mass":5.348374915},{"country_iso":"NGA","city_id":2962,"city":"Ngelzarma","pop_total":549.8886749866,"mass_total":51656.9184406179,"n_hex":2,"sample_h3":"8758528c8ffffff","log_pop":2.7402747754,"log_mass":4.7131284951},{"country_iso":"NGA","city_id":2972,"city":"Biriri","pop_total":471.5455944959,"mass_total":84932.1359349777,"n_hex":2,"sample_h3":"875850421ffffff","log_pop":2.6735236917,"log_mass":4.9290720462},{"country_iso":"NGA","city_id":2975,"city":"Zinna","pop_total":5025.7401419621,"mass_total":829235.7213645708,"n_hex":4,"sample_h3":"8758ead06ffffff","log_pop":3.7012000295,"log_mass":5.9186780021},{"country_iso":"NGA","city_id":2977,"city":"Geidam","pop_total":4141.2483838661,"mass_total":1391109.7587175465,"n_hex":4,"sample_h3":"875850908ffffff","log_pop":3.6171312794,"log_mass":6.1433613972},{"country_iso":"NGA","city_id":2981,"city":"Damaturu","pop_total":15028.25288364,"mass_total":4666520.4798335116,"n_hex":12,"sample_h3":"875852a0dffffff","log_pop":4.1769084944,"log_mass":6.6689931761},{"country_iso":"NGA","city_id":2983,"city":"Guyuk","pop_total":362.0062174909,"mass_total":280680.7305159395,"n_hex":3,"sample_h3":"8758eea30ffffff","log_pop":2.5587160296,"log_mass":5.4482125982},{"country_iso":"NGA","city_id":2984,"city":"Buni Yadi","pop_total":419.834997682,"mass_total":150944.5810773846,"n_hex":2,"sample_h3":"875852219ffffff","log_pop":2.6230786388,"log_mass":5.1788175264},{"country_iso":"NGA","city_id":2987,"city":"Shellem","pop_total":7673.2414172154,"mass_total":523712.3420384122,"n_hex":4,"sample_h3":"8758eea01ffffff","log_pop":3.8849788623,"log_mass":5.7190928088},{"country_iso":"NGA","city_id":2990,"city":"Numan","pop_total":16767.1584534608,"mass_total":2198480.8143010782,"n_hex":7,"sample_h3":"8758ee210ffffff","log_pop":4.2244594685,"log_mass":6.34212268},{"country_iso":"NGA","city_id":2993,"city":"Maya Belwa","pop_total":2784.9329040976,"mass_total":792784.5733039977,"n_hex":4,"sample_h3":"8758ea8a6ffffff","log_pop":3.4448147364,"log_mass":5.8991551907},{"country_iso":"NGA","city_id":2994,"city":"Sangasumi","pop_total":4344.438171484,"mass_total":987495.3172999474,"n_hex":6,"sample_h3":"8758ea408ffffff","log_pop":3.6379336209,"log_mass":5.9945350449},{"country_iso":"NGA","city_id":2997,"city":"Biu","pop_total":11865.9818768539,"mass_total":3679804.7641443368,"n_hex":6,"sample_h3":"8758ec021ffffff","log_pop":4.0743036807,"log_mass":6.5658247773},{"country_iso":"NGA","city_id":2999,"city":"Jada","pop_total":1962.2262292525,"mass_total":571702.8549028009,"n_hex":3,"sample_h3":"8758ea1a8ffffff","log_pop":3.2927490767,"log_mass":5.7571703609},{"country_iso":"NGA","city_id":3008,"city":"Jimeta","pop_total":96758.151294684,"mass_total":16325100.2025230527,"n_hex":19,"sample_h3":"8758e8481ffffff","log_pop":4.9856875619,"log_mass":7.2128558556},{"country_iso":"NGA","city_id":3009,"city":"Damask","pop_total":945.4402714318,"mass_total":544261.7152741102,"n_hex":3,"sample_h3":"87585509affffff","log_pop":2.9756340973,"log_mass":5.735807786},{"country_iso":"NGA","city_id":3013,"city":"Benisheikh","pop_total":382.823931694,"mass_total":162142.6484861263,"n_hex":1,"sample_h3":"87585398bffffff","log_pop":2.5829990793,"log_mass":5.2098972626},{"country_iso":"NGA","city_id":3018,"city":"Yola","pop_total":60387.3842018501,"mass_total":6860840.1845467789,"n_hex":9,"sample_h3":"8758e8489ffffff","log_pop":4.7809462177,"log_mass":6.836377303},{"country_iso":"NGA","city_id":3022,"city":"Dakri","pop_total":2388.9853244482,"mass_total":914151.3129960616,"n_hex":3,"sample_h3":"8758e8403ffffff","log_pop":3.3782134819,"log_mass":5.9610180874},{"country_iso":"NGA","city_id":3023,"city":"Girei","pop_total":1949.1163570872,"mass_total":602685.3690377086,"n_hex":3,"sample_h3":"8758e8408ffffff","log_pop":3.2898377661,"log_mass":5.7800906485},{"country_iso":"NGA","city_id":3024,"city":"Song","pop_total":1593.4091282003,"mass_total":759353.9486046999,"n_hex":1,"sample_h3":"8758e8898ffffff","log_pop":3.2023273008,"log_mass":5.8804442556},{"country_iso":"NGA","city_id":3028,"city":"Gubio","pop_total":643.8644714355,"mass_total":154997.2373970812,"n_hex":1,"sample_h3":"875851c02ffffff","log_pop":2.8087944613,"log_mass":5.1903239576},{"country_iso":"NGA","city_id":3029,"city":"Damboa","pop_total":1788.0303257512,"mass_total":497926.2250211238,"n_hex":3,"sample_h3":"875853708ffffff","log_pop":3.2523748803,"log_mass":5.6971650005},{"country_iso":"NGA","city_id":3030,"city":"Gombi","pop_total":10249.5369348451,"mass_total":2414250.8691316447,"n_hex":6,"sample_h3":"8758e8940ffffff","log_pop":4.0107042448,"log_mass":6.3827823964},{"country_iso":"NGA","city_id":3033,"city":"Goniri","pop_total":310.4350214005,"mass_total":81933.0936468649,"n_hex":1,"sample_h3":"875851432ffffff","log_pop":2.4919707098,"log_mass":4.9134593534},{"country_iso":"NGA","city_id":3037,"city":"Chibok","pop_total":216.9449195862,"mass_total":109416.0325805059,"n_hex":1,"sample_h3":"8758536d3ffffff","log_pop":2.3363494843,"log_mass":5.0390809632},{"country_iso":"NGA","city_id":3044,"city":"Maiduguri","pop_total":418057.3679916054,"mass_total":46920740.7391876951,"n_hex":37,"sample_h3":"875851680ffffff","log_pop":5.621235882,"log_mass":7.6713648597},{"country_iso":"NGA","city_id":3055,"city":"Gajiram","pop_total":51.4464120865,"mass_total":48756.3515179246,"n_hex":2,"sample_h3":"875851109ffffff","log_pop":1.7113550921,"log_mass":4.6880311995},{"country_iso":"NGA","city_id":3059,"city":"Uba","pop_total":2055.8737783582,"mass_total":952112.740971037,"n_hex":3,"sample_h3":"8758ed0a0ffffff","log_pop":3.3129964474,"log_mass":5.9786883768},{"country_iso":"NGA","city_id":3061,"city":"Mubi","pop_total":27969.7003467317,"mass_total":7471248.9154768949,"n_hex":11,"sample_h3":"8758ed700ffffff","log_pop":4.4466878136,"log_mass":6.8733932058},{"country_iso":"NGA","city_id":3062,"city":"Djalingo","pop_total":217.1360684451,"mass_total":57125.437216563,"n_hex":1,"sample_h3":"8758e8362ffffff","log_pop":2.33673197,"log_mass":4.756829537},{"country_iso":"NGA","city_id":3070,"city":"Michika","pop_total":3244.2738689647,"mass_total":792028.1024312777,"n_hex":4,"sample_h3":"8758ed143ffffff","log_pop":3.5111175085,"log_mass":5.8987405913},{"country_iso":"NGA","city_id":3078,"city":"Gulak","pop_total":665.4007717507,"mass_total":74265.73716832,"n_hex":3,"sample_h3":"8758edb81ffffff","log_pop":2.8230833002,"log_mass":4.8707884963},{"country_iso":"NGA","city_id":3088,"city":"Monguno","pop_total":2207.4368993946,"mass_total":637395.8974462406,"n_hex":3,"sample_h3":"875851a70ffffff","log_pop":3.3438882979,"log_mass":5.8044092638},{"country_iso":"NGA","city_id":3094,"city":"Madagali","pop_total":754.8880097558,"mass_total":280999.7719759193,"n_hex":4,"sample_h3":"8758edb50ffffff","log_pop":2.8778825273,"log_mass":5.4487059675},{"country_iso":"NGA","city_id":3098,"city":"Jaudiri","pop_total":2775.6862877762,"mass_total":2265013.599125857,"n_hex":5,"sample_h3":"87585e110ffffff","log_pop":3.4433703799,"log_mass":6.3550708139},{"country_iso":"NGA","city_id":3099,"city":"Gwoza","pop_total":5901.1195009867,"mass_total":898790.3617180588,"n_hex":3,"sample_h3":"87585e7b0ffffff","log_pop":3.7709344094,"log_mass":5.9536584066},{"country_iso":"NGA","city_id":3101,"city":"Baga","pop_total":1760.8198205462,"mass_total":208380.3937672912,"n_hex":2,"sample_h3":"8758420daffffff","log_pop":3.2457149182,"log_mass":5.3188568544},{"country_iso":"NGA","city_id":3105,"city":"Ngoshe","pop_total":68.3211359978,"mass_total":33694.7670442662,"n_hex":1,"sample_h3":"87585e713ffffff","log_pop":1.8345550789,"log_mass":4.5275624581},{"country_iso":"NGA","city_id":3111,"city":"Dikwa","pop_total":222.5490627289,"mass_total":114647.8822494288,"n_hex":1,"sample_h3":"87585c4a6ffffff","log_pop":2.3474257696,"log_mass":5.0593660369},{"country_iso":"NGA","city_id":3128,"city":"Ngala","pop_total":309.3414039612,"mass_total":58409.7222170795,"n_hex":1,"sample_h3":"87585c19cffffff","log_pop":2.4904380523,"log_mass":4.7664851408}]