[{"country_iso":"QAT","city_id":5864,"city":"Ras Laffan","pop_total":18372.2766999656,"mass_total":5980014.8835084885,"n_hex":12,"sample_h3":"875368700ffffff","log_pop":4.2641629776,"log_mass":6.7767022649},{"country_iso":"QAT","city_id":5865,"city":"Doha","pop_total":1835042.0356664688,"mass_total":222376759.5775791407,"n_hex":113,"sample_h3":"87536b520ffffff","log_pop":6.2636460172,"log_mass":8.3470893975},{"country_iso":"QAT","city_id":5866,"city":"Al Khor","pop_total":21921.7559111146,"mass_total":4576824.6395011544,"n_hex":6,"sample_h3":"8753686a1ffffff","log_pop":4.3408753378,"log_mass":6.6605642728},{"country_iso":"QAT","city_id":5869,"city":"Al Wakrah","pop_total":88027.9614059214,"mass_total":9468885.0199080985,"n_hex":10,"sample_h3":"87536b564ffffff","log_pop":4.9446206444,"log_mass":6.976298843}]