[{"country_iso":"IRL","city_id":1584,"city":"Galway","pop_total":51110.074214813,"mass_total":17199952.6304940395,"n_hex":13,"sample_h3":"87182e582ffffff","log_pop":4.7085065116,"log_mass":7.2355272508},{"country_iso":"IRL","city_id":1593,"city":"Cork","pop_total":107759.1582160867,"mass_total":32666671.3104069941,"n_hex":18,"sample_h3":"87182a048ffffff","log_pop":5.0324541901,"log_mass":7.5141048827},{"country_iso":"IRL","city_id":1656,"city":"Dublin","pop_total":806020.5375456455,"mass_total":211422262.4934047759,"n_hex":82,"sample_h3":"87182c020ffffff","log_pop":5.9063461078,"log_mass":8.325150716},{"country_iso":"IRL","city_id":1659,"city":"Blanchardstown","pop_total":74640.0086525176,"mass_total":14333228.7919124365,"n_hex":12,"sample_h3":"87182c100ffffff","log_pop":4.8729716811,"log_mass":7.1563440333},{"country_iso":"IRL","city_id":1663,"city":"Swords","pop_total":48365.9976455072,"mass_total":11124596.0802891515,"n_hex":13,"sample_h3":"87182c88dffffff","log_pop":4.6845401504,"log_mass":7.0462842513}]