[{"country_iso": "THA", "city_id": 10385, "city": "Chiang Mai", "pop_total": 253161.357540208, "mass_total": 80873526.0270862, "log_pop": 5.403397, "log_mass": 7.907806, "log_pop_c": 0.299171, "log_mass_c": 0.308269, "lat": 18.7795069679759, "lon": 99.0031563806387}, {"country_iso": "THA", "city_id": 10597, "city": "Phitsanulok", "pop_total": 80846.4596386124, "mass_total": 27788434.0581207, "log_pop": 4.907661, "log_mass": 7.443864, "log_pop_c": -0.196565, "log_mass_c": -0.155673, "lat": 16.8108432644218, "lon": 100.247763958326}, {"country_iso": "THA", "city_id": 10627, "city": "Phuket", "pop_total": 222219.960736628, "mass_total": 40622401.6779885, "log_pop": 5.346783, "log_mass": 7.608766, "log_pop_c": 0.242557, "log_mass_c": 0.009229, "lat": 7.87597660772898, "lon": 98.366658488256}, {"country_iso": "THA", "city_id": 10680, "city": "Nakhon Pathom", "pop_total": 99626.8987190116, "mass_total": 25048209.6072899, "log_pop": 4.998377, "log_mass": 7.398777, "log_pop_c": -0.10585, "log_mass_c": -0.20076, "lat": 13.8158094260897, "lon": 100.063381514048}, {"country_iso": "THA", "city_id": 10715, "city": "Bangkok", "pop_total": 10349008.7849647, "mass_total": 1520280801.53842, "log_pop": 7.014899, "log_mass": 9.181924, "log_pop_c": 1.910673, "log_mass_c": 1.582387, "lat": 13.7669491885112, "lon": 100.543918202054}, {"country_iso": "THA", "city_id": 10720, "city": "Surat Thani", "pop_total": 59176.8031530661, "mass_total": 20176756.892919, "log_pop": 4.772152, "log_mass": 7.304851, "log_pop_c": -0.332075, "log_mass_c": -0.294686, "lat": 9.13402453651793, "lon": 99.3411892730934}, {"country_iso": "THA", "city_id": 10734, "city": "Phra Nakhon Si Ayutthaya", "pop_total": 57788.4610154218, "mass_total": 20897375.3816207, "log_pop": 4.761841, "log_mass": 7.320092, "log_pop_c": -0.342385, "log_mass_c": -0.279445, "lat": 14.3433289543032, "lon": 100.600668394512}, {"country_iso": "THA", "city_id": 10822, "city": "Chonburi", "pop_total": 240638.31377209, "mass_total": 84209021.451509, "log_pop": 5.381365, "log_mass": 7.925359, "log_pop_c": 0.277139, "log_mass_c": 0.325822, "lat": 13.3551661742825, "lon": 100.982381970943}, {"country_iso": "THA", "city_id": 10830, "city": "Laem Chabang", "pop_total": 95254.039759678, "mass_total": 47119285.3523389, "log_pop": 4.978883, "log_mass": 7.673199, "log_pop_c": -0.125343, "log_mass_c": 0.073662, "lat": 13.0887139644882, "lon": 100.921593382127}, {"country_iso": "THA", "city_id": 10831, "city": "Nakhon Si Thammarat", "pop_total": 51323.4669487439, "mass_total": 14052542.0902004, "log_pop": 4.710316, "log_mass": 7.147755, "log_pop_c": -0.39391, "log_mass_c": -0.451782, "lat": 8.43357817565595, "lon": 99.9571713258651}, {"country_iso": "THA", "city_id": 10836, "city": "Pattaya", "pop_total": 98150.0443779777, "mass_total": 44302412.5934457, "log_pop": 4.991891, "log_mass": 7.646427, "log_pop_c": -0.112336, "log_mass_c": 0.04689, "lat": 12.9135950979649, "lon": 100.896377287809}, {"country_iso": "THA", "city_id": 10877, "city": "Ban Map Ta Phut", "pop_total": 68223.4510730164, "mass_total": 30564271.7898417, "log_pop": 4.833934, "log_mass": 7.485214, "log_pop_c": -0.270292, "log_mass_c": -0.114323, "lat": 12.6966774265142, "lon": 101.144172086503}, {"country_iso": "THA", "city_id": 10894, "city": "Rayong", "pop_total": 71465.052979157, "mass_total": 30351696.959378, "log_pop": 4.854094, "log_mass": 7.482183, "log_pop_c": -0.250132, "log_mass_c": -0.117354, "lat": 12.6797610401697, "lon": 101.257141081491}, {"country_iso": "THA", "city_id": 10916, "city": "Udon Thani", "pop_total": 93518.306360787, "mass_total": 35878392.9720684, "log_pop": 4.970897, "log_mass": 7.554833, "log_pop_c": -0.13333, "log_mass_c": -0.044704, "lat": 17.4054742635508, "lon": 102.794542474014}, {"country_iso": "THA", "city_id": 10921, "city": "Nakhon Ratchasima", "pop_total": 124824.804243757, "mass_total": 40280248.7759651, "log_pop": 5.096301, "log_mass": 7.605092, "log_pop_c": -0.007925, "log_mass_c": 0.005555, "lat": 14.9671617995989, "lon": 102.088477634289}, {"country_iso": "THA", "city_id": 10934, "city": "Hat Yai", "pop_total": 156449.643648406, "mass_total": 36445723.2234842, "log_pop": 5.194375, "log_mass": 7.561647, "log_pop_c": 0.090148, "log_mass_c": -0.037891, "lat": 7.00320133396044, "lon": 100.468228291941}, {"country_iso": "THA", "city_id": 10952, "city": "Songkhla", "pop_total": 87887.6858521087, "mass_total": 16950518.3345354, "log_pop": 4.943928, "log_mass": 7.229183, "log_pop_c": -0.160298, "log_mass_c": -0.370354, "lat": 7.16511333339974, "lon": 100.596836148437}, {"country_iso": "THA", "city_id": 10968, "city": "Khon Kaen", "pop_total": 83876.8654877495, "mass_total": 34574525.6884124, "log_pop": 4.923642, "log_mass": 7.538756, "log_pop_c": -0.180584, "log_mass_c": -0.060781, "lat": 16.4471567157584, "lon": 102.830364036827}, {"country_iso": "THA", "city_id": 11324, "city": "Ubon Ratchathani", "pop_total": 78625.4423562686, "mass_total": 23739829.2042175, "log_pop": 4.895563, "log_mass": 7.375478, "log_pop_c": -0.208663, "log_mass_c": -0.22406, "lat": 15.2548970758882, "lon": 104.854802136033}]