[{"country_iso":"GMB","city_id":1455,"city":"Serrekunda","pop_total":346190.9521410774,"mass_total":48201114.7117090598,"n_hex":39,"sample_h3":"8754a9320ffffff","log_pop":5.5393157132,"log_mass":7.683057082},{"country_iso":"GMB","city_id":1457,"city":"Yundum","pop_total":7983.6447428292,"mass_total":2811810.7018057979,"n_hex":5,"sample_h3":"8754a9366ffffff","log_pop":3.9022012034,"log_mass":6.4489860795},{"country_iso":"GMB","city_id":1458,"city":"Brikama","pop_total":23871.6665779899,"mass_total":6396764.0678049969,"n_hex":8,"sample_h3":"8754a9344ffffff","log_pop":4.3778827399,"log_mass":6.8059603329},{"country_iso":"GMB","city_id":1480,"city":"Farafenni","pop_total":1089.9708396631,"mass_total":1313079.039675395,"n_hex":3,"sample_h3":"87541a348ffffff","log_pop":3.0374148793,"log_mass":6.1182908689}]