[{"country_iso": "PRT", "city_id": 1483, "city": "Funchal", "pop_total": 79505.8870429178, "mass_total": 22597426.9604277, "log_pop": 4.900399, "log_mass": 7.354059, "log_pop_c": -0.307028, "log_mass_c": -0.265946, "lat": 32.6559228107154, "lon": -16.9363934582127}, {"country_iso": "PRT", "city_id": 1551, "city": "Lisbon", "pop_total": 1656164.26243203, "mass_total": 344828377.980285, "log_pop": 6.219103, "log_mass": 8.537603, "log_pop_c": 1.011676, "log_mass_c": 0.917598, "lat": 38.7419887578312, "lon": -9.22689359356416}, {"country_iso": "PRT", "city_id": 1554, "city": "Amora", "pop_total": 82325.2224943914, "mass_total": 22562601.7575369, "log_pop": 4.915533, "log_mass": 7.353389, "log_pop_c": -0.291895, "log_mass_c": -0.266616, "lat": 38.6069217562164, "lon": -9.09741880667689}, {"country_iso": "PRT", "city_id": 1556, "city": "Barreiro", "pop_total": 99133.2661314084, "mass_total": 15609499.1748027, "log_pop": 4.996219, "log_mass": 7.193389, "log_pop_c": -0.211208, "log_mass_c": -0.426616, "lat": 38.6556197136586, "lon": -9.04883250411802}, {"country_iso": "PRT", "city_id": 1559, "city": "Set\u00fabal", "pop_total": 72584.2429124924, "mass_total": 13112338.86614, "log_pop": 4.860842, "log_mass": 7.11768, "log_pop_c": -0.346585, "log_mass_c": -0.502325, "lat": 38.5276094972279, "lon": -8.87964165318309}, {"country_iso": "PRT", "city_id": 1566, "city": "P\u00f3voa de Varzim", "pop_total": 70187.8963837279, "mass_total": 32236405.5727277, "log_pop": 4.846262, "log_mass": 7.508347, "log_pop_c": -0.361165, "log_mass_c": -0.111658, "lat": 41.4009526544986, "lon": -8.75649507249817}, {"country_iso": "PRT", "city_id": 1569, "city": "Porto", "pop_total": 819089.175147282, "mass_total": 265825288.039557, "log_pop": 5.913331, "log_mass": 8.424596, "log_pop_c": 0.705904, "log_mass_c": 0.804591, "lat": 41.1646799338078, "lon": -8.60915288015933}, {"country_iso": "PRT", "city_id": 1573, "city": "Braga", "pop_total": 101795.938803349, "mass_total": 29578463.1100081, "log_pop": 5.00773, "log_mass": 7.470976, "log_pop_c": -0.199697, "log_mass_c": -0.149029, "lat": 41.5430443839004, "lon": -8.42436122220949}]