[{"country_iso":"GNB","city_id":1477,"city":"Bissau","pop_total":191655.7348937806,"mass_total":24127534.1083661094,"n_hex":20,"sample_h3":"8754f5603ffffff","log_pop":5.2825218191,"log_mass":7.3825129382},{"country_iso":"GNB","city_id":1492,"city":"Bafat\u00e1","pop_total":1388.9298414305,"mass_total":1501338.0270664401,"n_hex":3,"sample_h3":"8754e2d25ffffff","log_pop":3.1426803089,"log_mass":6.1764784849},{"country_iso":"GNB","city_id":1498,"city":"Gab\u00fa","pop_total":1176.8906845644,"mass_total":2725815.5207651653,"n_hex":4,"sample_h3":"8754e6285ffffff","log_pop":3.0707361253,"log_mass":6.4354964601}]