[{"country_iso":"ZWE","city_id":3777,"city":"Bulawayo","pop_total":141713.490082738,"mass_total":31266489.9904206507,"n_hex":30,"sample_h3":"87970d248ffffff","log_pop":5.1514111939,"log_mass":7.4950791296},{"country_iso":"ZWE","city_id":3864,"city":"Nembudziya","pop_total":2.2013700008,"mass_total":4047.6498381198,"n_hex":1,"sample_h3":"87962599dffffff","log_pop":0.3426930438,"log_mass":3.6072029347},{"country_iso":"ZWE","city_id":3982,"city":"Gweru","pop_total":36780.580843343,"mass_total":9667757.5148685575,"n_hex":15,"sample_h3":"879708060ffffff","log_pop":4.5656185834,"log_mass":6.985325749},{"country_iso":"ZWE","city_id":3990,"city":"Vanguard Mine","pop_total":213.2255268097,"mass_total":263675.6366940571,"n_hex":2,"sample_h3":"87970dd90ffffff","log_pop":2.3288391961,"log_mass":5.4210700034},{"country_iso":"ZWE","city_id":4001,"city":"Kwekwe","pop_total":7762.5597957536,"mass_total":1957050.486856078,"n_hex":6,"sample_h3":"879708601ffffff","log_pop":3.8900049586,"log_mass":6.2916020295},{"country_iso":"ZWE","city_id":4010,"city":"Mbizo","pop_total":11044.9052934852,"mass_total":2611311.9179683537,"n_hex":5,"sample_h3":"879708618ffffff","log_pop":4.0431619963,"log_mass":6.4168587509},{"country_iso":"ZWE","city_id":4021,"city":"Chakari","pop_total":1438.353426075,"mass_total":833580.8196419261,"n_hex":3,"sample_h3":"87970b588ffffff","log_pop":3.1578656121,"log_mass":5.9209477131},{"country_iso":"ZWE","city_id":4023,"city":"Kadoma","pop_total":6365.4304103029,"mass_total":1584826.5724169109,"n_hex":6,"sample_h3":"87970bc82ffffff","log_pop":3.8038277746,"log_mass":6.1999817443},{"country_iso":"ZWE","city_id":4061,"city":"Chegutu","pop_total":5586.0366832845,"mass_total":773498.1599755381,"n_hex":4,"sample_h3":"87970a2f0ffffff","log_pop":3.7471037834,"log_mass":5.8884592849},{"country_iso":"ZWE","city_id":4084,"city":"Chinhoyi","pop_total":4030.6740947779,"mass_total":950727.1891486326,"n_hex":5,"sample_h3":"879624180ffffff","log_pop":3.6053776841,"log_mass":5.9780559142},{"country_iso":"ZWE","city_id":4089,"city":"King Mine","pop_total":210.3367153729,"mass_total":366693.6811466382,"n_hex":3,"sample_h3":"87970c711ffffff","log_pop":2.3229150877,"log_mass":5.5643034263},{"country_iso":"ZWE","city_id":4135,"city":"Masvingo","pop_total":12270.2795122259,"mass_total":2456974.1928085336,"n_hex":8,"sample_h3":"87970c419ffffff","log_pop":4.0888544559,"log_mass":6.3904005948},{"country_iso":"ZWE","city_id":4145,"city":"Norton","pop_total":8215.7934636331,"mass_total":2115745.1256749025,"n_hex":6,"sample_h3":"87970a6a2ffffff","log_pop":3.914649513,"log_mass":6.325463349},{"country_iso":"ZWE","city_id":4158,"city":"Chivhu","pop_total":1101.1235991702,"mass_total":680490.2075195065,"n_hex":5,"sample_h3":"87970e641ffffff","log_pop":3.0418360705,"log_mass":5.8328218799},{"country_iso":"ZWE","city_id":4171,"city":"Harare","pop_total":595747.2236166309,"mass_total":109734499.3573189378,"n_hex":103,"sample_h3":"87970a48affffff","log_pop":5.7750620271,"log_mass":8.0403431866},{"country_iso":"ZWE","city_id":4178,"city":"Mvurwi","pop_total":1585.6361971182,"mass_total":889061.1681569782,"n_hex":4,"sample_h3":"879626920ffffff","log_pop":3.2002035514,"log_mass":5.9489316418},{"country_iso":"ZWE","city_id":4189,"city":"Chitungwiza","pop_total":228536.2252870476,"mass_total":17945743.6870496236,"n_hex":17,"sample_h3":"87970a480ffffff","log_pop":5.3589550499,"log_mass":7.2539614606},{"country_iso":"ZWE","city_id":4191,"city":"Triangle","pop_total":265.9439500416,"mass_total":516211.8200434361,"n_hex":2,"sample_h3":"87972a489ffffff","log_pop":2.424790115,"log_mass":5.7128279446},{"country_iso":"ZWE","city_id":4205,"city":"Chizhanje","pop_total":13183.8198045394,"mass_total":2586923.0722561223,"n_hex":7,"sample_h3":"879719842ffffff","log_pop":4.1200412585,"log_mass":6.4127835142},{"country_iso":"ZWE","city_id":4206,"city":"Glenclova","pop_total":364.9727951265,"mass_total":434681.1902949713,"n_hex":3,"sample_h3":"87970e9a0ffffff","log_pop":2.5622604936,"log_mass":5.6381708476},{"country_iso":"ZWE","city_id":4208,"city":"Ruwa","pop_total":17971.0973816423,"mass_total":4967743.803986717,"n_hex":8,"sample_h3":"87971980dffffff","log_pop":4.2545745975,"log_mass":6.6961591904},{"country_iso":"ZWE","city_id":4222,"city":"Bindura","pop_total":3866.0425434075,"mass_total":1256146.0463543576,"n_hex":8,"sample_h3":"879719081ffffff","log_pop":3.5872666289,"log_mass":6.0990401358},{"country_iso":"ZWE","city_id":4236,"city":"Marondera","pop_total":11310.1317168367,"mass_total":2527224.5446331068,"n_hex":6,"sample_h3":"87971d2b0ffffff","log_pop":4.0534676627,"log_mass":6.4026438308},{"country_iso":"ZWE","city_id":4266,"city":"Murewa","pop_total":872.9816057785,"mass_total":309092.9795127733,"n_hex":3,"sample_h3":"879719d1affffff","log_pop":2.941005093,"log_mass":5.490089141},{"country_iso":"ZWE","city_id":4329,"city":"Mutare","pop_total":19254.4594331236,"mass_total":3585795.8493490261,"n_hex":10,"sample_h3":"8797034caffffff","log_pop":4.2845313304,"log_mass":6.5545855602}]