[{"country_iso": "CUB", "city_id": 473, "city": "Havana", "pop_total": 791617.973521023, "mass_total": 159430250.308649, "log_pop": 5.898516, "log_mass": 8.202571, "log_pop_c": 0.825398, "log_mass_c": 0.723023, "lat": 23.0714048723132, "lon": -82.351678435857}, {"country_iso": "CUB", "city_id": 523, "city": "Santa Clara", "pop_total": 58578.3505992777, "mass_total": 15340887.0513519, "log_pop": 4.767737, "log_mass": 7.18585, "log_pop_c": -0.305381, "log_mass_c": -0.293697, "lat": 22.4077958481668, "lon": -79.9770199448948}, {"country_iso": "CUB", "city_id": 604, "city": "Camag\u00fcey", "pop_total": 63215.5424768224, "mass_total": 21638449.7233761, "log_pop": 4.800824, "log_mass": 7.335226, "log_pop_c": -0.272294, "log_mass_c": -0.144322, "lat": 21.3847947438365, "lon": -77.9139337373978}, {"country_iso": "CUB", "city_id": 658, "city": "Holgu\u00edn", "pop_total": 76265.6726394579, "mass_total": 16499929.053594, "log_pop": 4.882329, "log_mass": 7.217482, "log_pop_c": -0.190789, "log_mass_c": -0.262066, "lat": 20.876822863449, "lon": -76.2590446049426}, {"country_iso": "CUB", "city_id": 664, "city": "Santiago de Cuba", "pop_total": 103796.86974941, "mass_total": 28616089.3210326, "log_pop": 5.016184, "log_mass": 7.45661, "log_pop_c": -0.056934, "log_mass_c": -0.022938, "lat": 20.0295372108159, "lon": -75.821896602165}]