[{"country_iso":"JPN","city_id":12734,"city":"Otaru","pop_total":36613.6736201277,"mass_total":18586639.4792365134,"n_hex":15,"sample_h3":"872e1b620ffffff","log_pop":4.5636433059,"log_mass":7.2692008751},{"country_iso":"JPN","city_id":12736,"city":"Sapporo","pop_total":1348959.1659563358,"mass_total":482823404.0463392735,"n_hex":112,"sample_h3":"872e1b086ffffff","log_pop":6.1299988034,"log_mass":8.6837883136},{"country_iso":"JPN","city_id":12738,"city":"Sasebo","pop_total":53865.8288035486,"mass_total":21201394.3462773785,"n_hex":22,"sample_h3":"8730d9400ffffff","log_pop":4.7313133465,"log_mass":7.326364424},{"country_iso":"JPN","city_id":12740,"city":"Asahikawa","pop_total":206539.0996662519,"mass_total":80739753.3185153455,"n_hex":35,"sample_h3":"872e1a680ffffff","log_pop":5.3150022795,"log_mass":7.9070874182},{"country_iso":"JPN","city_id":12741,"city":"Fukuoka","pop_total":1601810.8449570478,"mass_total":313618715.8362114429,"n_hex":172,"sample_h3":"8730ca683ffffff","log_pop":6.2046112297,"log_mass":8.4964019722},{"country_iso":"JPN","city_id":12743,"city":"Kitakyushu","pop_total":851584.3673353868,"mass_total":270307816.8496829271,"n_hex":177,"sample_h3":"8730ca652ffffff","log_pop":5.9302276804,"log_mass":8.4318586049},{"country_iso":"JPN","city_id":12744,"city":"\u014cmura","pop_total":40285.7262000159,"mass_total":13141320.2524410468,"n_hex":14,"sample_h3":"8730dbb40ffffff","log_pop":4.6051511967,"log_mass":7.1186389991},{"country_iso":"JPN","city_id":12745,"city":"Nagasaki","pop_total":166393.4870335018,"mass_total":58083267.4202983454,"n_hex":37,"sample_h3":"8730dba00ffffff","log_pop":5.2211363232,"log_mass":7.7640510392},{"country_iso":"JPN","city_id":12746,"city":"Saga","pop_total":76275.2801467465,"mass_total":20044397.9394701496,"n_hex":17,"sample_h3":"8730d92b2ffffff","log_pop":4.8823838114,"log_mass":7.3019930162},{"country_iso":"JPN","city_id":12748,"city":"Iizuka","pop_total":41975.8248291315,"mass_total":16677905.3189213779,"n_hex":18,"sample_h3":"874b64c06ffffff","log_pop":4.6229992388,"log_mass":7.222141504},{"country_iso":"JPN","city_id":12749,"city":"Tagawa","pop_total":30269.4192529183,"mass_total":13817243.2294539828,"n_hex":21,"sample_h3":"874b64c00ffffff","log_pop":4.4810040887,"log_mass":7.1404214027},{"country_iso":"JPN","city_id":12750,"city":"Isahaya","pop_total":33693.4859544848,"mass_total":14436377.6374292318,"n_hex":16,"sample_h3":"8730dba0dffffff","log_pop":4.5275459458,"log_mass":7.1594582341},{"country_iso":"JPN","city_id":12751,"city":"Tosu","pop_total":47707.832398121,"mass_total":16714724.817592591,"n_hex":17,"sample_h3":"8730d9200ffffff","log_pop":4.6785896849,"log_mass":7.223099231},{"country_iso":"JPN","city_id":12752,"city":"Kurume","pop_total":127002.8812242676,"mass_total":30764861.5974649228,"n_hex":23,"sample_h3":"8730d9218ffffff","log_pop":5.1038135736,"log_mass":7.4880549657},{"country_iso":"JPN","city_id":12753,"city":"Ube","pop_total":101773.9382760674,"mass_total":38041383.3692130893,"n_hex":38,"sample_h3":"874b64840ffffff","log_pop":5.0076365804,"log_mass":7.5802563016},{"country_iso":"JPN","city_id":12754,"city":"Muroran","pop_total":65438.6472746484,"mass_total":33501016.0306369513,"n_hex":24,"sample_h3":"872e19489ffffff","log_pop":4.8158343132,"log_mass":7.5250579787},{"country_iso":"JPN","city_id":12758,"city":"Izumo","pop_total":56404.3931933478,"mass_total":25796896.3364147395,"n_hex":25,"sample_h3":"872e6ba20ffffff","log_pop":4.7513129314,"log_mass":7.4115674585},{"country_iso":"JPN","city_id":12759,"city":"\u014cmuta","pop_total":88070.8217751204,"mass_total":25153407.5644265264,"n_hex":23,"sample_h3":"8730d96c9ffffff","log_pop":4.9448320487,"log_mass":7.4005968278},{"country_iso":"JPN","city_id":12760,"city":"Tomakomai","pop_total":84448.9240322244,"mass_total":53787760.009547241,"n_hex":24,"sample_h3":"872e186cbffffff","log_pop":4.9265941206,"log_mass":7.7306834585},{"country_iso":"JPN","city_id":12762,"city":"H\u014dfu","pop_total":47699.0177503904,"mass_total":17493156.2043734454,"n_hex":17,"sample_h3":"874b64b40ffffff","log_pop":4.6785094359,"log_mass":7.2428681742},{"country_iso":"JPN","city_id":12764,"city":"Matsue","pop_total":62184.0324200985,"mass_total":20134637.7035387196,"n_hex":18,"sample_h3":"872e6b800ffffff","log_pop":4.7936788811,"log_mass":7.3039438195},{"country_iso":"JPN","city_id":12765,"city":"Hakodate","pop_total":175392.982085788,"mass_total":65961825.4086810499,"n_hex":31,"sample_h3":"872e19009ffffff","log_pop":5.2440122122,"log_mass":7.8192926657},{"country_iso":"JPN","city_id":12767,"city":"Shunan","pop_total":85741.9995330165,"mass_total":36698696.0942631587,"n_hex":26,"sample_h3":"8730cb680ffffff","log_pop":4.9331936072,"log_mass":7.564650634},{"country_iso":"JPN","city_id":12769,"city":"Kumamoto","pop_total":463917.1904304869,"mass_total":112796180.1167750061,"n_hex":73,"sample_h3":"874b66004ffffff","log_pop":5.6664404656,"log_mass":8.0522943924},{"country_iso":"JPN","city_id":12771,"city":"Yonago","pop_total":82755.5696946499,"mass_total":25836615.0730248913,"n_hex":18,"sample_h3":"872e68650ffffff","log_pop":4.9177972327,"log_mass":7.4122356149},{"country_iso":"JPN","city_id":12773,"city":"Kitami","pop_total":43502.2783927198,"mass_total":22630092.4550407045,"n_hex":15,"sample_h3":"872ead448ffffff","log_pop":4.6385120033,"log_mass":7.3546863283},{"country_iso":"JPN","city_id":12775,"city":"Yatsushiro","pop_total":42986.288655296,"mass_total":20158349.9974468164,"n_hex":23,"sample_h3":"874b66409ffffff","log_pop":4.6333299507,"log_mass":7.3044549813},{"country_iso":"JPN","city_id":12778,"city":"Hiroshima","pop_total":750895.7265720628,"mass_total":200346577.8318351507,"n_hex":113,"sample_h3":"872e69a01ffffff","log_pop":5.8755796327,"log_mass":8.3017819285},{"country_iso":"JPN","city_id":12785,"city":"Iwakuni","pop_total":55813.8523173342,"mass_total":25194824.1166887395,"n_hex":23,"sample_h3":"874b65804ffffff","log_pop":4.7467419989,"log_mass":7.4013113309},{"country_iso":"JPN","city_id":12788,"city":"Beppu","pop_total":73367.1894100657,"mass_total":18602437.5648109578,"n_hex":14,"sample_h3":"874b64608ffffff","log_pop":4.8655018822,"log_mass":7.2695698556},{"country_iso":"JPN","city_id":12795,"city":"Kure","pop_total":43260.9357115811,"mass_total":23553183.8081566133,"n_hex":16,"sample_h3":"872e69b60ffffff","log_pop":4.6360959088,"log_mass":7.3720496213},{"country_iso":"JPN","city_id":12797,"city":"\u014cita","pop_total":243506.6151966282,"mass_total":78271574.8999708146,"n_hex":49,"sample_h3":"874b60814ffffff","log_pop":5.3865107639,"log_mass":7.8936040723},{"country_iso":"JPN","city_id":12800,"city":"Obihiro","pop_total":102960.1776363017,"mass_total":39836729.1934623793,"n_hex":20,"sample_h3":"872e1e619ffffff","log_pop":5.0126692832,"log_mass":7.6002836733},{"country_iso":"JPN","city_id":12809,"city":"Tottori","pop_total":58340.3768628429,"mass_total":25033903.2546155453,"n_hex":18,"sample_h3":"872e6e2c0ffffff","log_pop":4.7659692302,"log_mass":7.3985285695},{"country_iso":"JPN","city_id":12811,"city":"Kagoshima","pop_total":314839.1525131348,"mass_total":73983347.1654803753,"n_hex":45,"sample_h3":"874b75600ffffff","log_pop":5.4980887347,"log_mass":7.8691339758},{"country_iso":"JPN","city_id":12815,"city":"Yokoo","pop_total":42160.9971950129,"mass_total":16019084.4224418402,"n_hex":19,"sample_h3":"872e6d680ffffff","log_pop":4.6249108743,"log_mass":7.2046376902},{"country_iso":"JPN","city_id":12818,"city":"Onomichi","pop_total":53722.3831935742,"mass_total":28891910.9935819358,"n_hex":26,"sample_h3":"872e6d608ffffff","log_pop":4.7301552703,"log_mass":7.4607762683},{"country_iso":"JPN","city_id":12825,"city":"Matsuyama","pop_total":368829.8357036324,"mass_total":85863039.4931238443,"n_hex":65,"sample_h3":"874b65049ffffff","log_pop":5.5668260451,"log_mass":7.9338062581},{"country_iso":"JPN","city_id":12826,"city":"Kirishima","pop_total":23581.6702167389,"mass_total":11238207.7905166559,"n_hex":13,"sample_h3":"874b75284ffffff","log_pop":4.3725745616,"log_mass":7.0506970578},{"country_iso":"JPN","city_id":12827,"city":"Aomori","pop_total":137718.3160096538,"mass_total":49706986.4056247994,"n_hex":30,"sample_h3":"872e0a180ffffff","log_pop":5.1389917036,"log_mass":7.6964174339},{"country_iso":"JPN","city_id":12828,"city":"Fukuyama","pop_total":201952.0538725142,"mass_total":75794955.4513590634,"n_hex":38,"sample_h3":"872e6d610ffffff","log_pop":5.3052482743,"log_mass":7.879640302},{"country_iso":"JPN","city_id":12830,"city":"Imabari","pop_total":52512.9018510725,"mass_total":21355318.3706979975,"n_hex":21,"sample_h3":"872e6d240ffffff","log_pop":4.720266018,"log_mass":7.3295060504},{"country_iso":"JPN","city_id":12831,"city":"Hirosaki","pop_total":76395.3587406411,"mass_total":29667168.2437033169,"n_hex":16,"sample_h3":"872e0a144ffffff","log_pop":4.8830669746,"log_mass":7.4722760945},{"country_iso":"JPN","city_id":12836,"city":"Nobeoka","pop_total":41075.5058949947,"mass_total":15381910.8697284646,"n_hex":16,"sample_h3":"874b60480ffffff","log_pop":4.613582921,"log_mass":7.1870102905},{"country_iso":"JPN","city_id":12838,"city":"Okayama","pop_total":629387.8322309887,"mass_total":207763578.7583873868,"n_hex":134,"sample_h3":"872e68820ffffff","log_pop":5.7989183426,"log_mass":8.3175694175},{"country_iso":"JPN","city_id":12839,"city":"Miyakonojo","pop_total":54803.1758688141,"mass_total":19561435.9825062454,"n_hex":18,"sample_h3":"874b62580ffffff","log_pop":4.7388057268,"log_mass":7.2914007327},{"country_iso":"JPN","city_id":12841,"city":"Niihama","pop_total":103089.0580148089,"mass_total":47904792.8318735063,"n_hex":41,"sample_h3":"872e6d068ffffff","log_pop":5.0132125712,"log_mass":7.6803789664},{"country_iso":"JPN","city_id":12842,"city":"Miyazaki","pop_total":164613.124585392,"mass_total":46145255.9737930298,"n_hex":39,"sample_h3":"874b62092ffffff","log_pop":5.2164644585,"log_mass":7.6641270594},{"country_iso":"JPN","city_id":12846,"city":"Kushiro","pop_total":100569.0192079441,"mass_total":46788868.1748793274,"n_hex":21,"sample_h3":"872e13290ffffff","log_pop":5.0024642147,"log_mass":7.6701425397},{"country_iso":"JPN","city_id":12850,"city":"Shikoku-Chuo","pop_total":42817.4135956961,"mass_total":24128526.4107365534,"n_hex":24,"sample_h3":"872e6d020ffffff","log_pop":4.63162043,"log_mass":7.3825307993},{"country_iso":"JPN","city_id":12851,"city":"Sakaide","pop_total":130304.4926179054,"mass_total":63183526.2754615098,"n_hex":48,"sample_h3":"872e6d500ffffff","log_pop":5.1149593895,"log_mass":7.8006038602},{"country_iso":"JPN","city_id":12853,"city":"Kan'onji","pop_total":38978.3709743416,"mass_total":25755886.1417529844,"n_hex":28,"sample_h3":"872e6d034ffffff","log_pop":4.5908236847,"log_mass":7.4108764966},{"country_iso":"JPN","city_id":12856,"city":"Akita","pop_total":136278.4443394418,"mass_total":50872521.1335644424,"n_hex":28,"sample_h3":"872e08000ffffff","log_pop":5.1344271673,"log_mass":7.7064832609},{"country_iso":"JPN","city_id":12857,"city":"Takamatsu","pop_total":292885.4922881243,"mass_total":97652789.8682973385,"n_hex":80,"sample_h3":"872e6c221ffffff","log_pop":5.46669786,"log_mass":7.9896846553},{"country_iso":"JPN","city_id":12858,"city":"Osaka [Kyoto]","pop_total":12181482.753428556,"mass_total":2418488480.4333515167,"n_hex":873,"sample_h3":"872e61000ffffff","log_pop":7.0857001547,"log_mass":9.3835440231},{"country_iso":"JPN","city_id":12869,"city":"Kanazawa","pop_total":373323.3973959942,"mass_total":89428263.158951357,"n_hex":56,"sample_h3":"872e44d00ffffff","log_pop":5.5720852094,"log_mass":7.9514747961},{"country_iso":"JPN","city_id":12873,"city":"K\u014dchi","pop_total":170709.5206349864,"mass_total":39608175.1686622351,"n_hex":31,"sample_h3":"872e6d949ffffff","log_pop":5.2322577428,"log_mass":7.597784834},{"country_iso":"JPN","city_id":12874,"city":"Hachinohe","pop_total":105354.8811468657,"mass_total":47761798.310815379,"n_hex":23,"sample_h3":"872e0e4c0ffffff","log_pop":5.0226546615,"log_mass":7.6790806703},{"country_iso":"JPN","city_id":12877,"city":"\u4e0a\u7adc\u982d\u5cac","pop_total":24758.5045468994,"mass_total":8639823.3588150181,"n_hex":13,"sample_h3":"874b61a21ffffff","log_pop":4.3937244091,"log_mass":6.9365048634},{"country_iso":"JPN","city_id":12878,"city":"Fukui","pop_total":119612.468537857,"mass_total":36883355.785094507,"n_hex":27,"sample_h3":"872e63436ffffff","log_pop":5.0777764534,"log_mass":7.5668304279},{"country_iso":"JPN","city_id":12881,"city":"Tokushima","pop_total":300720.7786822118,"mass_total":131042394.2685783058,"n_hex":131,"sample_h3":"872e6c164ffffff","log_pop":5.4781634373,"log_mass":8.1174118195},{"country_iso":"JPN","city_id":12882,"city":"Naha","pop_total":738926.0186390466,"mass_total":155262210.3681923449,"n_hex":78,"sample_h3":"874a26024ffffff","log_pop":5.868600959,"log_mass":8.1910657646},{"country_iso":"JPN","city_id":12884,"city":"Takaoka","pop_total":105654.1955289462,"mass_total":50620796.3875698298,"n_hex":35,"sample_h3":"872e71a02ffffff","log_pop":5.0238867476,"log_mass":7.7043289734},{"country_iso":"JPN","city_id":12887,"city":"Toyama","pop_total":150572.8053800798,"mass_total":54428890.296697028,"n_hex":33,"sample_h3":"872e71842ffffff","log_pop":5.177746542,"log_mass":7.73582948},{"country_iso":"JPN","city_id":12888,"city":"Sanda","pop_total":80621.0279002302,"mass_total":22821330.7667609081,"n_hex":22,"sample_h3":"872e61280ffffff","log_pop":4.906448331,"log_mass":7.3583409656},{"country_iso":"JPN","city_id":12900,"city":"Morioka","pop_total":126508.9832180407,"mass_total":42360283.3268503994,"n_hex":29,"sample_h3":"872e0ea00ffffff","log_pop":5.1021213652,"log_mass":7.6269588562},{"country_iso":"JPN","city_id":12902,"city":"Moriyama [Otsu]","pop_total":350227.1475278789,"mass_total":112183025.4927203655,"n_hex":68,"sample_h3":"872e61400ffffff","log_pop":5.544349807,"log_mass":8.0499271484},{"country_iso":"JPN","city_id":12904,"city":"Niigata","pop_total":309002.4121401476,"mass_total":84157334.4132871181,"n_hex":65,"sample_h3":"872e72904ffffff","log_pop":5.4899618696,"log_mass":7.9250919712},{"country_iso":"JPN","city_id":12905,"city":"Kinokawa [Wakayama]","pop_total":287469.2439062839,"mass_total":85034554.9283975065,"n_hex":62,"sample_h3":"872e61a60ffffff","log_pop":5.4585913867,"log_mass":7.929595443},{"country_iso":"JPN","city_id":12906,"city":"Joetsu","pop_total":34094.735313423,"mass_total":16597890.7657786906,"n_hex":17,"sample_h3":"872e70142ffffff","log_pop":4.5326873232,"log_mass":7.2200529021},{"country_iso":"JPN","city_id":12910,"city":"Hikone","pop_total":79917.1062520223,"mass_total":31963545.4064720497,"n_hex":32,"sample_h3":"872e6029affffff","log_pop":4.90263975,"log_mass":7.5046549454},{"country_iso":"JPN","city_id":12914,"city":"Nagoya","pop_total":5826167.0459270589,"mass_total":1683878552.5632936954,"n_hex":726,"sample_h3":"872e60008ffffff","log_pop":6.7653829324,"log_mass":9.2263107654},{"country_iso":"JPN","city_id":12915,"city":"Nagaoka","pop_total":38563.567976745,"mass_total":14769778.2121984791,"n_hex":12,"sample_h3":"872e70c80ffffff","log_pop":4.5861772089,"log_mass":7.1693739739},{"country_iso":"JPN","city_id":12916,"city":"Nagano","pop_total":176963.2946638986,"mass_total":52101005.4963649213,"n_hex":33,"sample_h3":"872e75409ffffff","log_pop":5.2478831953,"log_mass":7.7168461048},{"country_iso":"JPN","city_id":12918,"city":"Kani","pop_total":56539.0443420691,"mass_total":23700968.0246631764,"n_hex":17,"sample_h3":"872e60484ffffff","log_pop":4.7523484635,"log_mass":7.3747660844},{"country_iso":"JPN","city_id":12920,"city":"Yamagata","pop_total":139078.5472771785,"mass_total":46427024.0490594059,"n_hex":33,"sample_h3":"872e0d932ffffff","log_pop":5.1432601457,"log_mass":7.6667708465},{"country_iso":"JPN","city_id":12921,"city":"Matsumoto","pop_total":96487.2176513747,"mass_total":30640082.2326630615,"n_hex":24,"sample_h3":"872e75044ffffff","log_pop":4.9844697831,"log_mass":7.4862899265},{"country_iso":"JPN","city_id":12926,"city":"Ueda","pop_total":37400.7458736934,"mass_total":13540773.7710907776,"n_hex":13,"sample_h3":"872e750a4ffffff","log_pop":4.5728802633,"log_mass":7.1316434823},{"country_iso":"JPN","city_id":12927,"city":"Tajimi","pop_total":51298.8681435426,"mass_total":20470959.6427219994,"n_hex":20,"sample_h3":"872e60580ffffff","log_pop":4.710107783,"log_mass":7.3111382021},{"country_iso":"JPN","city_id":12928,"city":"Okaya","pop_total":30326.9076496068,"mass_total":10435051.3853175957,"n_hex":11,"sample_h3":"872e75165ffffff","log_pop":4.4818281288,"log_mass":7.018494592},{"country_iso":"JPN","city_id":12930,"city":"Matsusaka","pop_total":43337.8741995035,"mass_total":20244107.4713907838,"n_hex":14,"sample_h3":"872e60a20ffffff","log_pop":4.6368676046,"log_mass":7.3062986342},{"country_iso":"JPN","city_id":12931,"city":"Sendai","pop_total":818796.3891031939,"mass_total":249904338.5516462624,"n_hex":94,"sample_h3":"872e2b092ffffff","log_pop":5.9131759188,"log_mass":8.3977737959},{"country_iso":"JPN","city_id":12934,"city":"Aizu-Wakamatsu","pop_total":30467.0933495007,"mass_total":13154678.6442729309,"n_hex":14,"sample_h3":"872e768b2ffffff","log_pop":4.4838310232,"log_mass":7.1190802432},{"country_iso":"JPN","city_id":12935,"city":"Ise","pop_total":49249.4169067355,"mass_total":19963967.4498545416,"n_hex":17,"sample_h3":"872e60868ffffff","log_pop":4.692401093,"log_mass":7.3002468531},{"country_iso":"JPN","city_id":12936,"city":"Takamori","pop_total":33375.6213800271,"mass_total":15990062.7290563192,"n_hex":14,"sample_h3":"872e66098ffffff","log_pop":4.52342936,"log_mass":7.2038501675},{"country_iso":"JPN","city_id":12938,"city":"Fukushima","pop_total":120620.5799197599,"mass_total":41653177.8053610474,"n_hex":26,"sample_h3":"872e2b069ffffff","log_pop":5.0814214121,"log_mass":7.6196481402},{"country_iso":"JPN","city_id":12940,"city":"Ishinomaki","pop_total":67124.4040062474,"mass_total":26081608.3466454633,"n_hex":18,"sample_h3":"872e0c92dffffff","log_pop":4.8268804426,"log_mass":7.4163343691},{"country_iso":"JPN","city_id":12944,"city":"Gamagori","pop_total":50476.3033315397,"mass_total":17582786.7416460812,"n_hex":16,"sample_h3":"872e60d08ffffff","log_pop":4.7030875415,"log_mass":7.2450877087},{"country_iso":"JPN","city_id":12947,"city":"Takasaki [Maebashi]","pop_total":887286.6559022974,"mass_total":339511549.6972256899,"n_hex":199,"sample_h3":"872e74128ffffff","log_pop":5.9480639501,"log_mass":8.5308545529},{"country_iso":"JPN","city_id":12949,"city":"Toyohashi","pop_total":342264.8462974962,"mass_total":121740846.9550330192,"n_hex":73,"sample_h3":"872e60d04ffffff","log_pop":5.5343622954,"log_mass":8.0854363188},{"country_iso":"JPN","city_id":12953,"city":"Koriyama","pop_total":148475.8228920366,"mass_total":46110658.3926721364,"n_hex":24,"sample_h3":"872e29684ffffff","log_pop":5.1716557409,"log_mass":7.6638013234},{"country_iso":"JPN","city_id":12956,"city":"Kai [Kofu]","pop_total":259120.2034039067,"mass_total":94061859.8271699995,"n_hex":65,"sample_h3":"872f5b200ffffff","log_pop":5.4135012759,"log_mass":7.9734135615},{"country_iso":"JPN","city_id":12958,"city":"Hamamatsu","pop_total":551587.2143816799,"mass_total":195375189.1647059321,"n_hex":102,"sample_h3":"872e6441affffff","log_pop":5.7416141908,"log_mass":8.2908694115},{"country_iso":"JPN","city_id":12962,"city":"Fukaya","pop_total":74860.4848331096,"mass_total":24984695.3150535449,"n_hex":14,"sample_h3":"872e74840ffffff","log_pop":4.8742526355,"log_mass":7.3976740576},{"country_iso":"JPN","city_id":12964,"city":"Tokyo","pop_total":26050605.5243351683,"mass_total":4964471470.2601575851,"n_hex":1283,"sample_h3":"872e74821ffffff","log_pop":7.4158178226,"log_mass":9.6958730192},{"country_iso":"JPN","city_id":12965,"city":"Utsunomiya","pop_total":272192.73922147,"mass_total":75847611.7798799127,"n_hex":36,"sample_h3":"872e29a4bffffff","log_pop":5.4348765362,"log_mass":7.8799419107},{"country_iso":"JPN","city_id":12966,"city":"Higashimatsuyama","pop_total":53564.9734979274,"mass_total":18982207.0279830657,"n_hex":18,"sample_h3":"872e74945ffffff","log_pop":4.7288808944,"log_mass":7.2783467057},{"country_iso":"JPN","city_id":12969,"city":"Fujieda","pop_total":212950.3804601164,"mass_total":74486200.5896869451,"n_hex":48,"sample_h3":"872e66902ffffff","log_pop":5.3282784203,"log_mass":7.8720758222},{"country_iso":"JPN","city_id":12971,"city":"Fuji","pop_total":204109.2199916755,"mass_total":67881045.8194716126,"n_hex":39,"sample_h3":"872f5ba09ffffff","log_pop":5.309862623,"log_mass":7.8317485247},{"country_iso":"JPN","city_id":12972,"city":"Shizuoka","pop_total":416711.281680482,"mass_total":119722441.7520571798,"n_hex":53,"sample_h3":"872f5961affffff","log_pop":5.6198352583,"log_mass":8.0781755657},{"country_iso":"JPN","city_id":12974,"city":"Oyama","pop_total":71512.6484348718,"mass_total":25758785.0408252887,"n_hex":16,"sample_h3":"872f5a6c0ffffff","log_pop":4.8543828622,"log_mass":7.4109253749},{"country_iso":"JPN","city_id":12980,"city":"Mishima","pop_total":268453.0242343323,"mass_total":76186590.2155815214,"n_hex":46,"sample_h3":"872f5948affffff","log_pop":5.4288683008,"log_mass":7.8818785369},{"country_iso":"JPN","city_id":12983,"city":"\u6cc9\u753a\u9ed2\u9808\u91ce","pop_total":65873.2635373331,"mass_total":24654406.530550655,"n_hex":21,"sample_h3":"872e29c1affffff","log_pop":4.8187091801,"log_mass":7.3918945529},{"country_iso":"JPN","city_id":12984,"city":"Hitachi","pop_total":113898.5956498642,"mass_total":42278904.4960510284,"n_hex":30,"sample_h3":"872e29801ffffff","log_pop":5.0565183693,"log_mass":7.6261237256},{"country_iso":"JPN","city_id":12986,"city":"Mito","pop_total":221152.7093670106,"mass_total":69433954.8604295105,"n_hex":42,"sample_h3":"872e29860ffffff","log_pop":5.3446922643,"log_mass":7.8415719028},{"country_iso":"JPN","city_id":12989,"city":"Tsuchiura","pop_total":140769.4845758307,"mass_total":53889466.1369378418,"n_hex":38,"sample_h3":"872f5a080ffffff","log_pop":5.1485085205,"log_mass":7.7315038812},{"country_iso":"JPN","city_id":12995,"city":"Kisarazu","pop_total":126792.8585357124,"mass_total":56822798.1579895988,"n_hex":33,"sample_h3":"872f584daffffff","log_pop":5.1030947931,"log_mass":7.7545226161},{"country_iso":"JPN","city_id":12997,"city":"Kamisu","pop_total":69572.2711165157,"mass_total":51205686.3727104366,"n_hex":29,"sample_h3":"872f5ac12ffffff","log_pop":4.8424361807,"log_mass":7.7093181919},{"country_iso":"JPN","city_id":13001,"city":"Mobara","pop_total":44234.8820682862,"mass_total":10939489.2326585539,"n_hex":12,"sample_h3":"872f5a80cffffff","log_pop":4.6457648738,"log_mass":7.0389970452}]