[{"country_iso":"TTO","city_id":987,"city":"Port of Spain","pop_total":129515.5946762253,"mass_total":47076205.3303328827,"n_hex":43,"sample_h3":"875f58240ffffff","log_pop":5.112322064,"log_mass":7.6728014484},{"country_iso":"TTO","city_id":990,"city":"San Fernando","pop_total":47589.3556966408,"mass_total":18908809.0726698749,"n_hex":21,"sample_h3":"875f58a19ffffff","log_pop":4.677509825,"log_mass":7.2766641767},{"country_iso":"TTO","city_id":993,"city":"Chaguanas","pop_total":26273.7907089832,"mass_total":8373211.2018180992,"n_hex":10,"sample_h3":"875f58228ffffff","log_pop":4.4195227361,"log_mass":6.9228920458},{"country_iso":"TTO","city_id":1000,"city":"Arima","pop_total":25218.3986542664,"mass_total":8142593.1364070782,"n_hex":10,"sample_h3":"875f58218ffffff","log_pop":4.4017175058,"log_mass":6.9107627348}]