[{"country_iso": "ZAF", "city_id": 3268, "city": "Cape Town", "pop_total": 2873104.5993266, "mass_total": 430513378.168242, "log_pop": 6.458351, "log_mass": 8.633987, "log_pop_c": 1.32184, "log_mass_c": 1.329302, "lat": -33.9476918227809, "lon": 18.5784391813714}, {"country_iso": "ZAF", "city_id": 3286, "city": "Somerset West", "pop_total": 134547.06388269, "mass_total": 22075165.8201404, "log_pop": 5.128874, "log_mass": 7.343904, "log_pop_c": -0.007637, "log_mass_c": 0.039219, "lat": -34.1106844616794, "lon": 18.8482740606505}, {"country_iso": "ZAF", "city_id": 3290, "city": "Stellenbosch", "pop_total": 50263.8509103498, "mass_total": 8002164.12607638, "log_pop": 4.701256, "log_mass": 6.903207, "log_pop_c": -0.435256, "log_mass_c": -0.401477, "lat": -33.9273722104923, "lon": 18.8612482994488}, {"country_iso": "ZAF", "city_id": 3302, "city": "Paarl", "pop_total": 137503.567162583, "mass_total": 18214290.8477971, "log_pop": 5.138314, "log_mass": 7.260412, "log_pop_c": 0.001802, "log_mass_c": -0.044272, "lat": -33.6978331055396, "lon": 18.9916308646796}, {"country_iso": "ZAF", "city_id": 3320, "city": "Worcester", "pop_total": 51026.9753009664, "mass_total": 9339290.27474568, "log_pop": 4.7078, "log_mass": 6.970314, "log_pop_c": -0.428712, "log_mass_c": -0.334371, "lat": -33.6490752448523, "lon": 19.4495388122558}, {"country_iso": "ZAF", "city_id": 3410, "city": "George", "pop_total": 65579.7325209563, "mass_total": 10255852.1046475, "log_pop": 4.81677, "log_mass": 7.010972, "log_pop_c": -0.319742, "log_mass_c": -0.293713, "lat": -33.9868419465348, "lon": 22.4747201178107}, {"country_iso": "ZAF", "city_id": 3497, "city": "KwaNobuhle 1", "pop_total": 84614.621690411, "mass_total": 8284649.14932923, "log_pop": 4.927445, "log_mass": 6.918274, "log_pop_c": -0.209066, "log_mass_c": -0.386411, "lat": -33.8145538934424, "lon": 25.3845961430237}, {"country_iso": "ZAF", "city_id": 3500, "city": "Uitenhage", "pop_total": 71272.0196896553, "mass_total": 14185112.1214104, "log_pop": 4.852919, "log_mass": 7.151833, "log_pop_c": -0.283592, "log_mass_c": -0.152852, "lat": -33.7536920892501, "lon": 25.3977198756353}, {"country_iso": "ZAF", "city_id": 3505, "city": "Port Elizabeth", "pop_total": 556805.332809885, "mass_total": 114556244.4794, "log_pop": 5.745703, "log_mass": 8.059019, "log_pop_c": 0.609192, "log_mass_c": 0.754334, "lat": -33.9203019955559, "lon": 25.5557782898135}, {"country_iso": "ZAF", "city_id": 3511, "city": "Kimberley", "pop_total": 117097.000807759, "mass_total": 20066209.7293001, "log_pop": 5.068546, "log_mass": 7.302465, "log_pop_c": -0.067966, "log_mass_c": -0.002219, "lat": -28.7286777970071, "lon": 24.7401081119562}, {"country_iso": "ZAF", "city_id": 3515, "city": "Wells Estate", "pop_total": 117653.468451837, "mass_total": 13482031.4885126, "log_pop": 5.070605, "log_mass": 7.129755, "log_pop_c": -0.065907, "log_mass_c": -0.174929, "lat": -33.8013965093425, "lon": 25.5957420806412}, {"country_iso": "ZAF", "city_id": 3571, "city": "Bloemfontein", "pop_total": 291679.356308527, "mass_total": 56328011.9183981, "log_pop": 5.464906, "log_mass": 7.750724, "log_pop_c": 0.328394, "log_mass_c": 0.44604, "lat": -29.1570143115519, "lon": 26.2317038458168}, {"country_iso": "ZAF", "city_id": 3597, "city": "Botshabelo", "pop_total": 73020.1547660574, "mass_total": 10136973.0097613, "log_pop": 4.863443, "log_mass": 7.005908, "log_pop_c": -0.273069, "log_mass_c": -0.298776, "lat": -29.2645696951487, "lon": 26.7091059612221}, {"country_iso": "ZAF", "city_id": 3605, "city": "Jouberton", "pop_total": 56763.8414147251, "mass_total": 5601931.77821599, "log_pop": 4.754072, "log_mass": 6.748338, "log_pop_c": -0.38244, "log_mass_c": -0.556347, "lat": -26.890872661668, "lon": 26.5923731737256}, {"country_iso": "ZAF", "city_id": 3611, "city": "Bronville", "pop_total": 85670.3749662249, "mass_total": 9251997.67277538, "log_pop": 4.932831, "log_mass": 6.966236, "log_pop_c": -0.203681, "log_mass_c": -0.338449, "lat": -27.9693778989352, "lon": 26.8157504625426}, {"country_iso": "ZAF", "city_id": 3617, "city": "East London", "pop_total": 158210.849102513, "mass_total": 30672061.3461982, "log_pop": 5.199236, "log_mass": 7.486743, "log_pop_c": 0.062725, "log_mass_c": 0.182058, "lat": -32.9986515280985, "lon": 27.8714082486465}, {"country_iso": "ZAF", "city_id": 3627, "city": "Potchefstroom", "pop_total": 68979.9926411387, "mass_total": 16421330.4917344, "log_pop": 4.838723, "log_mass": 7.215408, "log_pop_c": -0.297788, "log_mass_c": -0.089276, "lat": -26.7186362501408, "lon": 27.0588865172396}, {"country_iso": "ZAF", "city_id": 3630, "city": "Kroonstad", "pop_total": 58681.4770966261, "mass_total": 12196230.5448614, "log_pop": 4.768501, "log_mass": 7.086226, "log_pop_c": -0.368011, "log_mass_c": -0.218459, "lat": -27.6486725152482, "lon": 27.2090338695794}, {"country_iso": "ZAF", "city_id": 3644, "city": "Rustenburg", "pop_total": 102499.802646081, "mass_total": 23849445.3781069, "log_pop": 5.010723, "log_mass": 7.377478, "log_pop_c": -0.125789, "log_mass_c": 0.072794, "lat": -25.6641342698793, "lon": 27.2263217423326}, {"country_iso": "ZAF", "city_id": 3649, "city": "Paardekraal", "pop_total": 71022.6495972362, "mass_total": 6684842.80586097, "log_pop": 4.851397, "log_mass": 6.825091, "log_pop_c": -0.285115, "log_mass_c": -0.479593, "lat": -25.6184931000761, "lon": 27.2718728367487}, {"country_iso": "ZAF", "city_id": 3665, "city": "Stesa AH", "pop_total": 57296.5249226619, "mass_total": 4339104.94991856, "log_pop": 4.758128, "log_mass": 6.6374, "log_pop_c": -0.378383, "log_mass_c": -0.667285, "lat": -26.2231936044726, "lon": 27.7011926873177}, {"country_iso": "ZAF", "city_id": 3667, "city": "Vanderbijlpark", "pop_total": 169747.266260504, "mass_total": 37802029.599229, "log_pop": 5.229803, "log_mass": 7.577515, "log_pop_c": 0.093291, "log_mass_c": 0.27283, "lat": -26.691585017336, "lon": 27.8351576743663}, {"country_iso": "ZAF", "city_id": 3669, "city": "Sasolburg", "pop_total": 74350.792570914, "mass_total": 16549137.2828514, "log_pop": 4.871286, "log_mass": 7.218775, "log_pop_c": -0.265226, "log_mass_c": -0.085909, "lat": -26.8421380933986, "lon": 27.8564200587451}, {"country_iso": "ZAF", "city_id": 3672, "city": "Evaton", "pop_total": 381192.57558227, "mass_total": 33571776.8207829, "log_pop": 5.581144, "log_mass": 7.525974, "log_pop_c": 0.444633, "log_mass_c": 0.22129, "lat": -26.530420544519, "lon": 27.8489509724063}, {"country_iso": "ZAF", "city_id": 3673, "city": "Johannesburg", "pop_total": 5017791.52369338, "mass_total": 881069266.315993, "log_pop": 6.700513, "log_mass": 8.94501, "log_pop_c": 1.564001, "log_mass_c": 1.640325, "lat": -26.1798587526512, "lon": 28.0555624188968}, {"country_iso": "ZAF", "city_id": 3677, "city": "Lenasia South", "pop_total": 64052.7671744981, "mass_total": 7602580.5820042, "log_pop": 4.806538, "log_mass": 6.880961, "log_pop_c": -0.329974, "log_mass_c": -0.423724, "lat": -26.4093930474442, "lon": 27.8508320021133}, {"country_iso": "ZAF", "city_id": 3678, "city": "Lenasia", "pop_total": 62870.3021949455, "mass_total": 7549573.07198071, "log_pop": 4.798446, "log_mass": 6.877922, "log_pop_c": -0.338066, "log_mass_c": -0.426762, "lat": -26.3253693781758, "lon": 27.8506070269963}, {"country_iso": "ZAF", "city_id": 3689, "city": "Ga-Rankuwa", "pop_total": 61840.9316288849, "mass_total": 11301370.8700151, "log_pop": 4.791276, "log_mass": 7.053131, "log_pop_c": -0.345236, "log_mass_c": -0.251554, "lat": -25.6023240205117, "lon": 27.9681193138662}, {"country_iso": "ZAF", "city_id": 3693, "city": "Diepsloot", "pop_total": 128153.858498737, "mass_total": 4324312.78492814, "log_pop": 5.107732, "log_mass": 6.635917, "log_pop_c": -0.02878, "log_mass_c": -0.668768, "lat": -25.931851251783, "lon": 28.0120661286695}, {"country_iso": "ZAF", "city_id": 3697, "city": "Klipgat", "pop_total": 604913.013188036, "mass_total": 88068921.7348223, "log_pop": 5.781693, "log_mass": 7.944823, "log_pop_c": 0.645181, "log_mass_c": 0.640138, "lat": -25.4979509797504, "lon": 28.0779762747911}, {"country_iso": "ZAF", "city_id": 3698, "city": "Pretoria", "pop_total": 1090718.10900884, "mass_total": 217842628.073009, "log_pop": 6.037713, "log_mass": 8.338143, "log_pop_c": 0.901201, "log_mass_c": 1.033458, "lat": -25.7429826810893, "lon": 28.2379185017456}, {"country_iso": "ZAF", "city_id": 3700, "city": "Midrand", "pop_total": 51951.4958746737, "mass_total": 19295644.5899371, "log_pop": 4.715598, "log_mass": 7.285459, "log_pop_c": -0.420913, "log_mass_c": -0.019225, "lat": -25.9803972606738, "lon": 28.1081223908158}, {"country_iso": "ZAF", "city_id": 3704, "city": "Mnandi A.H.", "pop_total": 58735.9593095064, "mass_total": 3945558.06806308, "log_pop": 4.768904, "log_mass": 6.596108, "log_pop_c": -0.367607, "log_mass_c": -0.708576, "lat": -25.913158594661, "lon": 28.0958321749769}, {"country_iso": "ZAF", "city_id": 3707, "city": "Centurion", "pop_total": 124879.150987043, "mass_total": 41112950.3779395, "log_pop": 5.09649, "log_mass": 7.613979, "log_pop_c": -0.040022, "log_mass_c": 0.309294, "lat": -25.8575638029157, "lon": 28.1604070183408}, {"country_iso": "ZAF", "city_id": 3718, "city": "Tsakane", "pop_total": 289419.741217218, "mass_total": 25767002.7827321, "log_pop": 5.461528, "log_mass": 7.411064, "log_pop_c": 0.325017, "log_mass_c": 0.106379, "lat": -26.3432147450322, "lon": 28.3885142697923}, {"country_iso": "ZAF", "city_id": 3719, "city": "De Rust Caravan Park", "pop_total": 110071.234886379, "mass_total": 22102508.9792794, "log_pop": 5.041674, "log_mass": 7.344442, "log_pop_c": -0.094838, "log_mass_c": 0.039757, "lat": -25.3785052908045, "lon": 28.2628822458722}, {"country_iso": "ZAF", "city_id": 3721, "city": "Daveyton", "pop_total": 262967.600324254, "mass_total": 19601367.3980753, "log_pop": 5.419902, "log_mass": 7.292286, "log_pop_c": 0.283391, "log_mass_c": -0.012398, "lat": -26.126733922383, "lon": 28.4381814752611}, {"country_iso": "ZAF", "city_id": 3753, "city": "KwaMhlanga", "pop_total": 64280.5080965377, "mass_total": 14513940.796525, "log_pop": 4.808079, "log_mass": 7.161785, "log_pop_c": -0.328432, "log_mass_c": -0.142899, "lat": -25.4063120594372, "lon": 28.757875641999}, {"country_iso": "ZAF", "city_id": 3761, "city": "eMbalenhle", "pop_total": 101510.982927558, "mass_total": 8978073.53940377, "log_pop": 5.006513, "log_mass": 6.953183, "log_pop_c": -0.129999, "log_mass_c": -0.351502, "lat": -26.5499343787605, "lon": 29.0789107070963}, {"country_iso": "ZAF", "city_id": 3768, "city": "Vosman", "pop_total": 101872.957788034, "mass_total": 7478739.05650699, "log_pop": 5.008059, "log_mass": 6.873828, "log_pop_c": -0.128453, "log_mass_c": -0.430856, "lat": -25.8603911986677, "lon": 29.1188646358984}, {"country_iso": "ZAF", "city_id": 3774, "city": "Emalahleni", "pop_total": 106876.897620155, "mass_total": 20396655.2218568, "log_pop": 5.028884, "log_mass": 7.309559, "log_pop_c": -0.107628, "log_mass_c": 0.004874, "lat": -25.8936044606773, "lon": 29.2270859980818}, {"country_iso": "ZAF", "city_id": 3799, "city": "Middelburg", "pop_total": 100038.435373733, "mass_total": 14900268.2560557, "log_pop": 5.000167, "log_mass": 7.173194, "log_pop_c": -0.136345, "log_mass_c": -0.131491, "lat": -25.7668442482483, "lon": 29.4450903833865}, {"country_iso": "ZAF", "city_id": 3812, "city": "Edendale", "pop_total": 78263.4539290776, "mass_total": 11734481.4406633, "log_pop": 4.893559, "log_mass": 7.069464, "log_pop_c": -0.242953, "log_mass_c": -0.235221, "lat": -29.6594404002669, "lon": 30.3386693888022}, {"country_iso": "ZAF", "city_id": 3814, "city": "Polokwane", "pop_total": 152512.970558477, "mass_total": 32621679.1850967, "log_pop": 5.183307, "log_mass": 7.513506, "log_pop_c": 0.046795, "log_mass_c": 0.208822, "lat": -23.869845698838, "lon": 29.4193370401823}, {"country_iso": "ZAF", "city_id": 3821, "city": "Osizweni", "pop_total": 135370.764062853, "mass_total": 15616764.9448078, "log_pop": 5.131525, "log_mass": 7.193591, "log_pop_c": -0.004987, "log_mass_c": -0.111094, "lat": -27.7725751381155, "lon": 30.0940702693746}, {"country_iso": "ZAF", "city_id": 3823, "city": "Pietermaritzburg", "pop_total": 80612.2180193037, "mass_total": 20658926.8966252, "log_pop": 4.906401, "log_mass": 7.315108, "log_pop_c": -0.230111, "log_mass_c": 0.010423, "lat": -29.574823332952, "lon": 30.4053180530609}, {"country_iso": "ZAF", "city_id": 3868, "city": "Durban", "pop_total": 1516239.06654957, "mass_total": 270244010.792283, "log_pop": 6.180768, "log_mass": 8.431756, "log_pop_c": 1.044256, "log_mass_c": 1.127071, "lat": -29.8503692481247, "lon": 30.9341450110996}]