[{"country_iso":"SWE","city_id":2682,"city":"Gothenburg","pop_total":278812.6588846889,"mass_total":110924685.916812256,"n_hex":67,"sample_h3":"871f25040ffffff","log_pop":5.4453124881,"log_mass":8.0450282077},{"country_iso":"SWE","city_id":2774,"city":"Helsingborg","pop_total":66662.2967333064,"mass_total":34854223.1942486838,"n_hex":20,"sample_h3":"871f23240ffffff","log_pop":4.8238802724,"log_mass":7.5422554079},{"country_iso":"SWE","city_id":2798,"city":"Malm\u00f6","pop_total":231629.9382363593,"mass_total":84767838.2645265013,"n_hex":35,"sample_h3":"871f058c9ffffff","log_pop":5.3647946914,"log_mass":7.928231108},{"country_iso":"SWE","city_id":2809,"city":"Lund","pop_total":51526.9368398007,"mass_total":19587609.5591001473,"n_hex":11,"sample_h3":"871f05b00ffffff","log_pop":4.7120343254,"log_mass":7.2919814386},{"country_iso":"SWE","city_id":2875,"city":"\u00d6rebro","pop_total":57543.3801946514,"mass_total":28540069.2963745371,"n_hex":18,"sample_h3":"8708b1032ffffff","log_pop":4.7599953695,"log_mass":7.4554550233},{"country_iso":"SWE","city_id":2902,"city":"Link\u00f6ping","pop_total":49853.1768649344,"mass_total":24998746.3225070313,"n_hex":17,"sample_h3":"8708b3c24ffffff","log_pop":4.6976928387,"log_mass":7.3979182295},{"country_iso":"SWE","city_id":2923,"city":"Norrk\u00f6ping","pop_total":40276.8069848696,"mass_total":25258402.2812344991,"n_hex":14,"sample_h3":"8708b3034ffffff","log_pop":4.6050550338,"log_mass":7.4024058758},{"country_iso":"SWE","city_id":2924,"city":"V\u00e4ster\u00e5s","pop_total":55988.1090864055,"mass_total":32751211.5624604635,"n_hex":19,"sample_h3":"870886860ffffff","log_pop":4.7480958001,"log_mass":7.5152273704},{"country_iso":"SWE","city_id":2960,"city":"Uppsala","pop_total":68874.0294696448,"mass_total":29473432.3282190412,"n_hex":18,"sample_h3":"870880ca4ffffff","log_pop":4.8380554921,"log_mass":7.4694307146},{"country_iso":"SWE","city_id":2968,"city":"S\u00f6dert\u00e4lje","pop_total":31934.3063895422,"mass_total":18158511.1276095882,"n_hex":13,"sample_h3":"870886442ffffff","log_pop":4.5042574878,"log_mass":7.2590802365},{"country_iso":"SWE","city_id":2973,"city":"Stockholm","pop_total":841390.242873915,"mass_total":251205304.8536860347,"n_hex":136,"sample_h3":"870886600ffffff","log_pop":5.9249974714,"log_mass":8.4000288064},{"country_iso":"SWE","city_id":2988,"city":"V\u00e4sterhaninge","pop_total":45741.0199439825,"mass_total":22310033.0993602462,"n_hex":19,"sample_h3":"870882d24ffffff","log_pop":4.6603058444,"log_mass":7.3485002146}]