[{"country_iso":"PAN","city_id":404,"city":"David","pop_total":45721.0372312344,"mass_total":9232819.5421751812,"n_hex":15,"sample_h3":"8766b52c0ffffff","log_pop":4.6601160743,"log_mass":6.9653343472},{"country_iso":"PAN","city_id":451,"city":"Col\u00f3n","pop_total":61281.9736923498,"mass_total":11209118.3906483669,"n_hex":19,"sample_h3":"8766a5c08ffffff","log_pop":4.7873327441,"log_mass":7.0495714562},{"country_iso":"PAN","city_id":452,"city":"La Chorrera","pop_total":53445.0096753915,"mass_total":9787835.6005475819,"n_hex":14,"sample_h3":"8766a50d3ffffff","log_pop":4.72790716,"log_mass":6.9906866662},{"country_iso":"PAN","city_id":454,"city":"Nuevo Arraij\u00e1n","pop_total":66910.6880450118,"mass_total":11282820.2606957182,"n_hex":24,"sample_h3":"8766a5052ffffff","log_pop":4.8254954958,"log_mass":7.0524176697},{"country_iso":"PAN","city_id":458,"city":"Panama City","pop_total":641328.7535274184,"mass_total":87109900.7790587842,"n_hex":59,"sample_h3":"8766a5040ffffff","log_pop":5.8070807116,"log_mass":7.9400675191},{"country_iso":"PAN","city_id":460,"city":"Sector 3","pop_total":54488.5338499331,"mass_total":9806030.962108396,"n_hex":17,"sample_h3":"8766a5a00ffffff","log_pop":4.7363051223,"log_mass":6.9914932602}]