[{"country_iso":"MKD","city_id":3321,"city":"Gostivar","pop_total":6692.1237367312,"mass_total":5841272.538642331,"n_hex":7,"sample_h3":"871ef3650ffffff","log_pop":3.8255639624,"log_mass":6.7665074698},{"country_iso":"MKD","city_id":3324,"city":"Tetovo","pop_total":9513.0254144912,"mass_total":8908039.5486855544,"n_hex":8,"sample_h3":"871ef32b0ffffff","log_pop":3.978318657,"log_mass":6.9497821365},{"country_iso":"MKD","city_id":3332,"city":"Skopje","pop_total":118986.2890698188,"mass_total":68405361.1369267255,"n_hex":36,"sample_h3":"871ec6580ffffff","log_pop":5.07549692,"log_mass":7.83509014},{"country_iso":"MKD","city_id":3337,"city":"Drachevo","pop_total":9029.309452803,"mass_total":3684134.5721868463,"n_hex":7,"sample_h3":"871ec6583ffffff","log_pop":3.9556545374,"log_mass":6.5663354855},{"country_iso":"MKD","city_id":3338,"city":"Bitola","pop_total":6009.7480062373,"mass_total":8054547.4492663788,"n_hex":8,"sample_h3":"871ed5700ffffff","log_pop":3.7788562621,"log_mass":6.9060411443},{"country_iso":"MKD","city_id":3343,"city":"Kumanovo","pop_total":8964.2775081279,"mass_total":9105345.7639354076,"n_hex":10,"sample_h3":"871ec650cffffff","log_pop":3.9525152926,"log_mass":6.9592964422},{"country_iso":"MKD","city_id":3344,"city":"Prilep","pop_total":4949.4340531181,"mass_total":8310275.4005725766,"n_hex":7,"sample_h3":"871ed5060ffffff","log_pop":3.694555542,"log_mass":6.9196154164}]