[{"country_iso":"CIV","city_id":1549,"city":"Danan\u00e9","pop_total":13477.1890777251,"mass_total":2771788.3196674986,"n_hex":7,"sample_h3":"8775a1483ffffff","log_pop":4.1295993213,"log_mass":6.4427600603},{"country_iso":"CIV","city_id":1562,"city":"Man","pop_total":67297.9435399149,"mass_total":9115537.9941795263,"n_hex":16,"sample_h3":"8775a102dffffff","log_pop":4.8280017935,"log_mass":6.9597823056},{"country_iso":"CIV","city_id":1563,"city":"Guiglo","pop_total":10859.8322717087,"mass_total":2946924.9507366717,"n_hex":7,"sample_h3":"8775aea20ffffff","log_pop":4.0358231177,"log_mass":6.4693690758},{"country_iso":"CIV","city_id":1567,"city":"Duekoue","pop_total":30826.2928387287,"mass_total":5244196.3395184157,"n_hex":9,"sample_h3":"8775ac40affffff","log_pop":4.4889212997,"log_mass":6.719678943},{"country_iso":"CIV","city_id":1583,"city":"San-P\u00e9dro","pop_total":83947.4064436202,"mass_total":11409526.0669665541,"n_hex":18,"sample_h3":"8774368c0ffffff","log_pop":4.9240072831,"log_mass":7.0572676049},{"country_iso":"CIV","city_id":1585,"city":"Soubr\u00e9","pop_total":49544.5074598649,"mass_total":5903356.9516717363,"n_hex":10,"sample_h3":"8775a9d44ffffff","log_pop":4.6949955153,"log_mass":6.771099044},{"country_iso":"CIV","city_id":1586,"city":"Issia","pop_total":17976.7082974247,"mass_total":4048078.5742314695,"n_hex":7,"sample_h3":"8775adc80ffffff","log_pop":4.2547101713,"log_mass":6.6072489337},{"country_iso":"CIV","city_id":1587,"city":"M\u00e9agui","pop_total":25558.7612488204,"mass_total":2936611.7931120787,"n_hex":7,"sample_h3":"8775a9001ffffff","log_pop":4.4075398011,"log_mass":6.4678465385},{"country_iso":"CIV","city_id":1589,"city":"Vavoua","pop_total":14543.6259339912,"mass_total":2628931.8788032555,"n_hex":7,"sample_h3":"87751220dffffff","log_pop":4.1626726958,"log_mass":6.4197793328},{"country_iso":"CIV","city_id":1590,"city":"Daloa","pop_total":125731.8682275959,"mass_total":17364250.4031451121,"n_hex":20,"sample_h3":"8775136b6ffffff","log_pop":5.0994453687,"log_mass":7.23965604},{"country_iso":"CIV","city_id":1591,"city":"Tengr\u00e9la","pop_total":5408.1827361574,"mass_total":1434540.2465716687,"n_hex":4,"sample_h3":"875448960ffffff","log_pop":3.7330513575,"log_mass":6.156712737},{"country_iso":"CIV","city_id":1601,"city":"Bonon","pop_total":16253.5361027549,"mass_total":2747676.2066116356,"n_hex":5,"sample_h3":"877513392ffffff","log_pop":4.2109478603,"log_mass":6.438965553},{"country_iso":"CIV","city_id":1603,"city":"Gagnoa","pop_total":60173.0325265884,"mass_total":8434699.9931620639,"n_hex":14,"sample_h3":"87751ad86ffffff","log_pop":4.7794018991,"log_mass":6.9260696401},{"country_iso":"CIV","city_id":1606,"city":"Sinfra","pop_total":23866.8578667884,"mass_total":3753635.6754311649,"n_hex":7,"sample_h3":"8775ad968ffffff","log_pop":4.3777952468,"log_mass":6.5744521181},{"country_iso":"CIV","city_id":1610,"city":"Bouafl\u00e9","pop_total":23178.968850996,"mass_total":3545228.8473260617,"n_hex":8,"sample_h3":"877513364ffffff","log_pop":4.3650941119,"log_mass":6.5496442745},{"country_iso":"CIV","city_id":1611,"city":"Lakota","pop_total":4992.0825673702,"mass_total":2040388.7559472704,"n_hex":6,"sample_h3":"87751a110ffffff","log_pop":3.6982817598,"log_mass":6.3097129216},{"country_iso":"CIV","city_id":1615,"city":"Korhogo","pop_total":142588.2756021462,"mass_total":21974795.5040041544,"n_hex":22,"sample_h3":"875449a60ffffff","log_pop":5.1540838169,"log_mass":7.3419248422},{"country_iso":"CIV","city_id":1617,"city":"Di\u00e9gon\u00e9fla","pop_total":6588.9322251208,"mass_total":1659781.93680415,"n_hex":6,"sample_h3":"87751e601ffffff","log_pop":3.8188150403,"log_mass":6.2200510339},{"country_iso":"CIV","city_id":1625,"city":"Oum\u00e9","pop_total":10638.4858863157,"mass_total":2021463.3736519404,"n_hex":6,"sample_h3":"87751e392ffffff","log_pop":4.0268798218,"log_mass":6.3056658769},{"country_iso":"CIV","city_id":1628,"city":"Divo","pop_total":44142.8502944554,"mass_total":8118140.1250077169,"n_hex":11,"sample_h3":"87751aa32ffffff","log_pop":4.644860372,"log_mass":6.9094565433},{"country_iso":"CIV","city_id":1633,"city":"Yamoussoukro","pop_total":67261.699481088,"mass_total":10834475.3974570949,"n_hex":19,"sample_h3":"87751e881ffffff","log_pop":4.8277678363,"log_mass":7.0348078877},{"country_iso":"CIV","city_id":1637,"city":"Ferk\u00e9ss\u00e9dougou","pop_total":17549.3263148504,"mass_total":4291195.9761199057,"n_hex":10,"sample_h3":"8775320cbffffff","log_pop":4.2442604494,"log_mass":6.6325783489},{"country_iso":"CIV","city_id":1639,"city":"Ouangolodougou","pop_total":9300.0221954533,"mass_total":1654777.7197502891,"n_hex":4,"sample_h3":"877532130ffffff","log_pop":3.968483985,"log_mass":6.2187396648},{"country_iso":"CIV","city_id":1642,"city":"Bouak\u00e9","pop_total":299185.8116041277,"mass_total":33180747.4285813794,"n_hex":33,"sample_h3":"877511120ffffff","log_pop":5.475940994,"log_mass":7.5208861647},{"country_iso":"CIV","city_id":1666,"city":"Dabou","pop_total":21102.6188074336,"mass_total":3710225.1069175485,"n_hex":8,"sample_h3":"877519092ffffff","log_pop":4.324336354,"log_mass":6.5694002599},{"country_iso":"CIV","city_id":1672,"city":"Agboville","pop_total":15146.9646457728,"mass_total":2863545.9281539777,"n_hex":10,"sample_h3":"877518b68ffffff","log_pop":4.1803256117,"log_mass":6.4569041531},{"country_iso":"CIV","city_id":1675,"city":"Abidjan","pop_total":3446518.9999499302,"mass_total":191319742.2514246702,"n_hex":158,"sample_h3":"877519020ffffff","log_pop":6.537380677,"log_mass":8.2817597871},{"country_iso":"CIV","city_id":1683,"city":"Daoukro","pop_total":7724.6075183738,"mass_total":1959887.5701831069,"n_hex":7,"sample_h3":"877503432ffffff","log_pop":3.8878764225,"log_mass":6.2922311586},{"country_iso":"CIV","city_id":1684,"city":"Adzop\u00e9","pop_total":16310.5747371094,"mass_total":3684201.0138689633,"n_hex":8,"sample_h3":"87751d000ffffff","log_pop":4.2124692646,"log_mass":6.5663433177},{"country_iso":"CIV","city_id":1689,"city":"Grand-Bassam","pop_total":31907.9395769213,"mass_total":5630026.5896015512,"n_hex":9,"sample_h3":"877519a25ffffff","log_pop":4.503898761,"log_mass":6.750510446},{"country_iso":"CIV","city_id":1693,"city":"Abengourou","pop_total":35666.6966853366,"mass_total":5371242.7854357166,"n_hex":10,"sample_h3":"877503048ffffff","log_pop":4.5522628885,"log_mass":6.7300747834},{"country_iso":"CIV","city_id":1704,"city":"Aboisso","pop_total":6621.5983742695,"mass_total":1460692.2655845038,"n_hex":7,"sample_h3":"87750a120ffffff","log_pop":3.8209628356,"log_mass":6.1645587297},{"country_iso":"CIV","city_id":1706,"city":"Agnibil\u00e9krou","pop_total":9032.4643065284,"mass_total":2578517.0680473871,"n_hex":7,"sample_h3":"877503944ffffff","log_pop":3.955806254,"log_mass":6.4113700105},{"country_iso":"CIV","city_id":1715,"city":"Bouna","pop_total":4997.4974395415,"mass_total":1199990.4128666311,"n_hex":5,"sample_h3":"877522794ffffff","log_pop":3.6987525803,"log_mass":6.0791777763},{"country_iso":"CIV","city_id":1725,"city":"Bondoukou","pop_total":35987.8630188979,"mass_total":4976032.5953786746,"n_hex":10,"sample_h3":"877504251ffffff","log_pop":4.5561560587,"log_mass":6.6968832165}]