[{"country_iso": "PER", "city_id": 418, "city": "Sullana", "pop_total": 98118.9131936428, "mass_total": 9157927.58952719, "log_pop": 4.991753, "log_mass": 6.961797, "log_pop_c": -0.185856, "log_mass_c": -0.237953, "lat": -4.90246316458807, "lon": -80.6874289928177}, {"country_iso": "PER", "city_id": 421, "city": "Piura", "pop_total": 70867.4753894955, "mass_total": 8774997.05015643, "log_pop": 4.850447, "log_mass": 6.943247, "log_pop_c": -0.327162, "log_mass_c": -0.256504, "lat": -5.1912864032209, "lon": -80.6367154108002}, {"country_iso": "PER", "city_id": 442, "city": "Chiclayo", "pop_total": 92364.6889877413, "mass_total": 11872993.3942311, "log_pop": 4.965506, "log_mass": 7.07456, "log_pop_c": -0.212103, "log_mass_c": -0.12519, "lat": -6.773100761213, "lon": -79.8437124875408}, {"country_iso": "PER", "city_id": 466, "city": "Trujillo", "pop_total": 187598.586302759, "mass_total": 16829614.5209525, "log_pop": 5.27323, "log_mass": 7.226074, "log_pop_c": 0.09562, "log_mass_c": 0.026324, "lat": -8.09469499812015, "lon": -79.0334286958117}, {"country_iso": "PER", "city_id": 478, "city": "Cajamarca", "pop_total": 63840.4339283214, "mass_total": 5763311.8673186, "log_pop": 4.805096, "log_mass": 6.760672, "log_pop_c": -0.372513, "log_mass_c": -0.439078, "lat": -7.16224335471181, "lon": -78.5085415650871}, {"country_iso": "PER", "city_id": 528, "city": "Lima", "pop_total": 6951525.7454206, "mass_total": 618424245.043983, "log_pop": 6.84208, "log_mass": 8.791287, "log_pop_c": 1.664471, "log_mass_c": 1.591536, "lat": -12.0260882686749, "lon": -77.0153966941879}, {"country_iso": "PER", "city_id": 532, "city": "Tarapoto", "pop_total": 70637.3296230634, "mass_total": 7421676.45849946, "log_pop": 4.849034, "log_mass": 6.870502, "log_pop_c": -0.328575, "log_mass_c": -0.329249, "lat": -6.48985859978201, "lon": -76.366657193057}, {"country_iso": "PER", "city_id": 549, "city": "Hu\u00e1nuco", "pop_total": 56153.4367677277, "mass_total": 4858025.08240125, "log_pop": 4.749376, "log_mass": 6.68646, "log_pop_c": -0.428233, "log_mass_c": -0.513291, "lat": -9.93684620109509, "lon": -76.2418268399855}, {"country_iso": "PER", "city_id": 616, "city": "Huancayo", "pop_total": 150489.428527413, "mass_total": 13828266.5914172, "log_pop": 5.177506, "log_mass": 7.140768, "log_pop_c": -0.000103, "log_mass_c": -0.058983, "lat": -12.0646270284924, "lon": -75.2133442723621}, {"country_iso": "PER", "city_id": 622, "city": "Pucallpa", "pop_total": 192025.046116031, "mass_total": 27921841.343543, "log_pop": 5.283358, "log_mass": 7.445944, "log_pop_c": 0.105749, "log_mass_c": 0.246194, "lat": -8.38697264719941, "lon": -74.5682502452262}, {"country_iso": "PER", "city_id": 663, "city": "Ayacucho", "pop_total": 71000.7503764508, "mass_total": 7526192.66924771, "log_pop": 4.851263, "log_mass": 6.876575, "log_pop_c": -0.326346, "log_mass_c": -0.323175, "lat": -13.1640077086138, "lon": -74.217990772212}, {"country_iso": "PER", "city_id": 723, "city": "Cusco", "pop_total": 275609.453853372, "mass_total": 29810950.3112278, "log_pop": 5.440294, "log_mass": 7.474376, "log_pop_c": 0.262685, "log_mass_c": 0.274625, "lat": -13.5309901738889, "lon": -71.9481418223692}, {"country_iso": "PER", "city_id": 753, "city": "Arequipa", "pop_total": 418744.494569811, "mass_total": 49755150.5873974, "log_pop": 5.621949, "log_mass": 7.696838, "log_pop_c": 0.44434, "log_mass_c": 0.497087, "lat": -16.3953362893381, "lon": -71.5381397962785}, {"country_iso": "PER", "city_id": 788, "city": "Juliaca", "pop_total": 148870.379937546, "mass_total": 15599611.1445523, "log_pop": 5.172808, "log_mass": 7.193114, "log_pop_c": -0.004801, "log_mass_c": -0.006637, "lat": -15.4866734955834, "lon": -70.1307044889302}, {"country_iso": "PER", "city_id": 800, "city": "Tacna", "pop_total": 61721.4828055868, "mass_total": 7145695.83741528, "log_pop": 4.790436, "log_mass": 6.854045, "log_pop_c": -0.387173, "log_mass_c": -0.345706, "lat": -18.0171245340349, "lon": -70.2459088093213}]