[{"country_iso":"UKR","city_id":3313,"city":"Uzhhorod","pop_total":60293.1777498353,"mass_total":21613630.6475137472,"n_hex":15,"sample_h3":"871e0c200ffffff","log_pop":4.7802681739,"log_mass":7.3347277256},{"country_iso":"UKR","city_id":3329,"city":"Mukachevo","pop_total":51630.4056811809,"mass_total":14977607.337681517,"n_hex":9,"sample_h3":"871e0d410ffffff","log_pop":4.7129055375,"log_mass":7.1754424407},{"country_iso":"UKR","city_id":3342,"city":"Drohobych","pop_total":47460.6557903697,"mass_total":8839542.0048364755,"n_hex":8,"sample_h3":"871e76580ffffff","log_pop":4.6763337348,"log_mass":6.9464297639},{"country_iso":"UKR","city_id":3350,"city":"Novovolynsk","pop_total":15142.3398338266,"mass_total":7176530.2384760417,"n_hex":7,"sample_h3":"871e29a40ffffff","log_pop":4.1801929887,"log_mass":6.8559145191},{"country_iso":"UKR","city_id":3351,"city":"Lviv","pop_total":403380.0778940533,"mass_total":89587308.2981707454,"n_hex":41,"sample_h3":"871e76124ffffff","log_pop":5.6057144455,"log_mass":7.9522464882},{"country_iso":"UKR","city_id":3354,"city":"Stryi","pop_total":36221.2453334598,"mass_total":9966219.8371713068,"n_hex":10,"sample_h3":"871e764c0ffffff","log_pop":4.5589633778,"log_mass":6.9985304627},{"country_iso":"UKR","city_id":3355,"city":"Chervonohrad","pop_total":35244.712491236,"mass_total":9520863.9336540624,"n_hex":8,"sample_h3":"871e29254ffffff","log_pop":4.5470939722,"log_mass":6.9786763585},{"country_iso":"UKR","city_id":3359,"city":"Kovel","pop_total":32145.1071240486,"mass_total":13458007.9040409587,"n_hex":11,"sample_h3":"871f5a380ffffff","log_pop":4.5071148774,"log_mass":7.128980779},{"country_iso":"UKR","city_id":3375,"city":"Lutsk","pop_total":113769.4415894345,"mass_total":33515114.0174853168,"n_hex":25,"sample_h3":"871e7484affffff","log_pop":5.0560256265,"log_mass":7.5252407012},{"country_iso":"UKR","city_id":3376,"city":"Ivano-Frankivsk","pop_total":162853.0568024439,"mass_total":36440186.2088336572,"n_hex":18,"sample_h3":"871e72882ffffff","log_pop":5.2117959148,"log_mass":7.5615805875},{"country_iso":"UKR","city_id":3387,"city":"Kolomyia","pop_total":27226.8411929897,"mass_total":10974348.4946796484,"n_hex":10,"sample_h3":"871e72089ffffff","log_pop":4.4349972582,"log_mass":7.0403787473},{"country_iso":"UKR","city_id":3394,"city":"Ternopil","pop_total":110478.9156563114,"mass_total":27422117.73833194,"n_hex":15,"sample_h3":"871e70186ffffff","log_pop":5.043279403,"log_mass":7.4381009912},{"country_iso":"UKR","city_id":3402,"city":"Rivne","pop_total":142470.4274276149,"mass_total":28187306.1904472969,"n_hex":13,"sample_h3":"871e75c24ffffff","log_pop":5.1537247272,"log_mass":7.4500535731},{"country_iso":"UKR","city_id":3413,"city":"Chernivtsi","pop_total":121843.3837322721,"mass_total":40813506.4255072996,"n_hex":27,"sample_h3":"871e54949ffffff","log_pop":5.0858019514,"log_mass":7.6108039081},{"country_iso":"UKR","city_id":3425,"city":"Kamianets-Podilskyi","pop_total":56594.7573564721,"mass_total":17797972.491011478,"n_hex":14,"sample_h3":"871e73026ffffff","log_pop":4.7527762023,"log_mass":7.2503705312},{"country_iso":"UKR","city_id":3431,"city":"Khmelnytskyi","pop_total":162610.3796289026,"mass_total":38381227.9883488789,"n_hex":25,"sample_h3":"871e71520ffffff","log_pop":5.2111482637,"log_mass":7.5841188657},{"country_iso":"UKR","city_id":3462,"city":"Zhytomyr","pop_total":149155.3498779402,"mass_total":43289081.1064457074,"n_hex":25,"sample_h3":"871e62001ffffff","log_pop":5.1736388352,"log_mass":7.6363783672},{"country_iso":"UKR","city_id":3465,"city":"Berdychiv","pop_total":39197.255146068,"mass_total":15097009.1413387321,"n_hex":12,"sample_h3":"871e62600ffffff","log_pop":4.5932556559,"log_mass":7.178890918},{"country_iso":"UKR","city_id":3469,"city":"Vinnytsia","pop_total":251166.2349542791,"mass_total":55057169.4374607205,"n_hex":28,"sample_h3":"871e44516ffffff","log_pop":5.3999612555,"log_mass":7.74081388},{"country_iso":"UKR","city_id":3517,"city":"Kyiv","pop_total":1736437.1021606836,"mass_total":374423074.9239983559,"n_hex":133,"sample_h3":"871e61490ffffff","log_pop":6.2396590568,"log_mass":8.5733626056},{"country_iso":"UKR","city_id":3518,"city":"Bila Tserkva","pop_total":139858.6283848809,"mass_total":26544552.4589990973,"n_hex":15,"sample_h3":"871e63636ffffff","log_pop":5.1456892647,"log_mass":7.4239754075},{"country_iso":"UKR","city_id":3527,"city":"Brovary","pop_total":75760.5797688718,"mass_total":19295060.8518372588,"n_hex":14,"sample_h3":"871e614d8ffffff","log_pop":4.8794432895,"log_mass":7.2854461526},{"country_iso":"UKR","city_id":3532,"city":"Chernihiv","pop_total":174950.7314949651,"mass_total":40728916.8205125406,"n_hex":24,"sample_h3":"8711b6d26ffffff","log_pop":5.2429157627,"log_mass":7.6099028602},{"country_iso":"UKR","city_id":3535,"city":"Uman","pop_total":39480.3462515611,"mass_total":12315548.6147976406,"n_hex":9,"sample_h3":"871e40841ffffff","log_pop":4.5963809529,"log_mass":7.0904537629},{"country_iso":"UKR","city_id":3559,"city":"Nizhyn","pop_total":29649.4315548523,"mass_total":12224281.5572014377,"n_hex":14,"sample_h3":"871e61a0bffffff","log_pop":4.4720163714,"log_mass":7.0872233443},{"country_iso":"UKR","city_id":3565,"city":"Pervomaisk","pop_total":35802.2621123244,"mass_total":14879472.1266199332,"n_hex":11,"sample_h3":"871e41580ffffff","log_pop":4.5539104678,"log_mass":7.1725875242},{"country_iso":"UKR","city_id":3572,"city":"Bilhorod-Dnistrovskyi","pop_total":33256.8828125318,"mass_total":14024268.6412238348,"n_hex":11,"sample_h3":"871e58928ffffff","log_pop":4.5218815401,"log_mass":7.1468802223},{"country_iso":"UKR","city_id":3581,"city":"Odesa","pop_total":841589.217323752,"mass_total":152640576.1455839276,"n_hex":62,"sample_h3":"871e5c249ffffff","log_pop":5.9251001625,"log_mass":8.1836699966},{"country_iso":"UKR","city_id":3585,"city":"Pryluky","pop_total":23336.442449016,"mass_total":9090434.4804879129,"n_hex":9,"sample_h3":"871e6c400ffffff","log_pop":4.3680346502,"log_mass":6.958584641},{"country_iso":"UKR","city_id":3588,"city":"Smila","pop_total":25836.2547180928,"mass_total":10611862.3262081649,"n_hex":13,"sample_h3":"871e6ac32ffffff","log_pop":4.4122295576,"log_mass":7.025791607},{"country_iso":"UKR","city_id":3592,"city":"Cherkasy","pop_total":187844.0338563613,"mass_total":40885468.9543874934,"n_hex":24,"sample_h3":"871e6ad2cffffff","log_pop":5.2737974059,"log_mass":7.6115689835},{"country_iso":"UKR","city_id":3604,"city":"Shostka","pop_total":39874.0936670867,"mass_total":11127382.8175085168,"n_hex":10,"sample_h3":"8711b0490ffffff","log_pop":4.6006908247,"log_mass":7.0463930294},{"country_iso":"UKR","city_id":3606,"city":"Konotop","pop_total":45214.6068459522,"mass_total":14932943.66628474,"n_hex":14,"sample_h3":"8711b2d84ffffff","log_pop":4.6552787589,"log_mass":7.1741454267},{"country_iso":"UKR","city_id":3616,"city":"Kropyvnytskyi","pop_total":137220.8044609974,"mass_total":39598737.5115256235,"n_hex":19,"sample_h3":"871e41a2dffffff","log_pop":5.1374199611,"log_mass":7.59768134},{"country_iso":"UKR","city_id":3626,"city":"Mykolaiv","pop_total":352297.2641717111,"mass_total":77670685.38942343,"n_hex":37,"sample_h3":"871e4e440ffffff","log_pop":5.5469092706,"log_mass":7.8902571375},{"country_iso":"UKR","city_id":3646,"city":"Oleksandriia","pop_total":20832.5199453522,"mass_total":12795349.2541504335,"n_hex":13,"sample_h3":"871e4c920ffffff","log_pop":4.3187418063,"log_mass":7.1070521446},{"country_iso":"UKR","city_id":3651,"city":"Kremenchuk","pop_total":111838.4198003409,"mass_total":43445172.4435551912,"n_hex":25,"sample_h3":"871e6bd12ffffff","log_pop":5.0485910222,"log_mass":7.6379415254},{"country_iso":"UKR","city_id":3655,"city":"Kherson","pop_total":170691.8008286359,"mass_total":61024778.1563377976,"n_hex":27,"sample_h3":"871e4a832ffffff","log_pop":5.2322126603,"log_mass":7.7855062093},{"country_iso":"UKR","city_id":3670,"city":"Kryvyi Rih","pop_total":397621.0323221423,"mass_total":203506397.6593323052,"n_hex":77,"sample_h3":"871e4c040ffffff","log_pop":5.5994693485,"log_mass":8.3085780668},{"country_iso":"UKR","city_id":3680,"city":"Sumy","pop_total":123958.6700385206,"mass_total":43119829.4802215844,"n_hex":25,"sample_h3":"871e6d840ffffff","log_pop":5.093276908,"log_mass":7.6346770347},{"country_iso":"UKR","city_id":3702,"city":"Poltava","pop_total":157008.8763132586,"mass_total":46754510.1713258252,"n_hex":31,"sample_h3":"871e68248ffffff","log_pop":5.1959242054,"log_mass":7.6698235114},{"country_iso":"UKR","city_id":3731,"city":"Kamianske","pop_total":111261.6001435085,"mass_total":52644220.1335493326,"n_hex":25,"sample_h3":"871e4d920ffffff","log_pop":5.0463453016,"log_mass":7.7213506965},{"country_iso":"UKR","city_id":3738,"city":"Yevpatoriya","pop_total":76803.2425887501,"mass_total":19567636.833951436,"n_hex":12,"sample_h3":"872d2d112ffffff","log_pop":4.8853795561,"log_mass":7.2915383795},{"country_iso":"UKR","city_id":3744,"city":"Nikopol","pop_total":100252.2148319742,"mass_total":34333780.3830417022,"n_hex":17,"sample_h3":"871e4d418ffffff","log_pop":5.0010939761,"log_mass":7.5357216248},{"country_iso":"UKR","city_id":3754,"city":"Dnipro","pop_total":620196.4173299146,"mass_total":199584089.1207469106,"n_hex":90,"sample_h3":"871e4d941ffffff","log_pop":5.7925292531,"log_mass":8.3001259163},{"country_iso":"UKR","city_id":3755,"city":"Sevastopol","pop_total":101322.55094452,"mass_total":58712319.9678094536,"n_hex":30,"sample_h3":"872d28864ffffff","log_pop":5.0057061153,"log_mass":7.7687292415},{"country_iso":"UKR","city_id":3757,"city":"Enerhodar","pop_total":23335.2833760221,"mass_total":22228921.1624833345,"n_hex":15,"sample_h3":"871e4d780ffffff","log_pop":4.3680130792,"log_mass":7.3469183856},{"country_iso":"UKR","city_id":3763,"city":"Novomoskovsk","pop_total":13834.6503831394,"mass_total":17020677.5011025965,"n_hex":12,"sample_h3":"872d648b4ffffff","log_pop":4.1409681885,"log_mass":7.230976843},{"country_iso":"UKR","city_id":3769,"city":"Zaporizhzhia","pop_total":541431.1110567255,"mass_total":178203366.8455818892,"n_hex":67,"sample_h3":"871e4d040ffffff","log_pop":5.7335432071,"log_mass":8.250915905},{"country_iso":"UKR","city_id":3781,"city":"Kharkiv","pop_total":1007762.2707188101,"mass_total":211334327.4102688432,"n_hex":81,"sample_h3":"871196400ffffff","log_pop":6.0033580949,"log_mass":8.324970046},{"country_iso":"UKR","city_id":3788,"city":"Simferopol","pop_total":238892.1009223578,"mass_total":67007285.7706591263,"n_hex":29,"sample_h3":"872d2d612ffffff","log_pop":5.3782017898,"log_mass":7.8261220266},{"country_iso":"UKR","city_id":3805,"city":"Yalta","pop_total":26597.7597403882,"mass_total":13706819.0606331564,"n_hex":10,"sample_h3":"872d28a80ffffff","log_pop":4.4248450587,"log_mass":7.1369366798},{"country_iso":"UKR","city_id":3808,"city":"Pavlohrad","pop_total":49818.7635867848,"mass_total":17101742.7913242206,"n_hex":12,"sample_h3":"872d64012ffffff","log_pop":4.6973929449,"log_mass":7.2330403704},{"country_iso":"UKR","city_id":3825,"city":"Melitopol","pop_total":63742.9640940809,"mass_total":33405844.6076339968,"n_hex":18,"sample_h3":"871e49002ffffff","log_pop":4.8044322546,"log_mass":7.5238224566},{"country_iso":"UKR","city_id":3835,"city":"Lozova","pop_total":36491.6199699783,"mass_total":7672144.0325184073,"n_hex":8,"sample_h3":"872d64221ffffff","log_pop":4.5621931434,"log_mass":6.8849167474},{"country_iso":"UKR","city_id":3837,"city":"Kostiantynivka","pop_total":9834.3623567665,"mass_total":2873365.0062866481,"n_hex":6,"sample_h3":"871e4901affffff","log_pop":3.9927462063,"log_mass":6.4583907983},{"country_iso":"UKR","city_id":3932,"city":"Feodosia","pop_total":27827.1641286897,"mass_total":14427179.8550621513,"n_hex":10,"sample_h3":"872d290c8ffffff","log_pop":4.4444689496,"log_mass":7.1591814459},{"country_iso":"UKR","city_id":4002,"city":"Pokrovsk","pop_total":47965.0998743251,"mass_total":14170955.0817835014,"n_hex":11,"sample_h3":"872d601a2ffffff","log_pop":4.6809253531,"log_mass":7.1513991214},{"country_iso":"UKR","city_id":4020,"city":"Sloviansk","pop_total":73684.7873731066,"mass_total":30738931.4958228841,"n_hex":19,"sample_h3":"872d60a52ffffff","log_pop":4.8673778346,"log_mass":7.4876887671},{"country_iso":"UKR","city_id":4024,"city":"Kramatorsk","pop_total":78814.370128166,"mass_total":42063893.3577415273,"n_hex":23,"sample_h3":"872d60325ffffff","log_pop":4.8966054091,"log_mass":7.6239094677},{"country_iso":"UKR","city_id":4031,"city":"Druzhkivka","pop_total":36509.8172272824,"mass_total":11971672.9972985145,"n_hex":7,"sample_h3":"872d6006dffffff","log_pop":4.5624096588,"log_mass":7.0781548457},{"country_iso":"UKR","city_id":4037,"city":"Berdiansk","pop_total":52130.5804665668,"mass_total":25323493.7151135504,"n_hex":16,"sample_h3":"872d7510cffffff","log_pop":4.7170925608,"log_mass":7.4035236222},{"country_iso":"UKR","city_id":4068,"city":"Marinka","pop_total":24238.6678878004,"mass_total":10821942.4416000545,"n_hex":12,"sample_h3":"872d6041affffff","log_pop":4.3845087481,"log_mass":7.0343052197},{"country_iso":"UKR","city_id":4072,"city":"Kerch","pop_total":56251.489034893,"mass_total":19910681.3415435925,"n_hex":17,"sample_h3":"872d76a74ffffff","log_pop":4.7501340232,"log_mass":7.2990861218},{"country_iso":"UKR","city_id":4083,"city":"Donetsk","pop_total":655759.7915896396,"mass_total":227942369.5557662547,"n_hex":95,"sample_h3":"872d604c0ffffff","log_pop":5.8167447841,"log_mass":8.3578250586},{"country_iso":"UKR","city_id":4085,"city":"Bakhmut","pop_total":31060.2882806222,"mass_total":16011712.6044523064,"n_hex":10,"sample_h3":"872d60218ffffff","log_pop":4.4922054822,"log_mass":7.2044377863},{"country_iso":"UKR","city_id":4097,"city":"Horlivka","pop_total":107100.0357712119,"mass_total":58069896.2431349605,"n_hex":34,"sample_h3":"872d60640ffffff","log_pop":5.0297896159,"log_mass":7.7639510501},{"country_iso":"UKR","city_id":4106,"city":"Rubizhne","pop_total":29871.6670289416,"mass_total":14176368.0408456121,"n_hex":11,"sample_h3":"872d61464ffffff","log_pop":4.4752594597,"log_mass":7.1515649797},{"country_iso":"UKR","city_id":4110,"city":"Mariupol","pop_total":315265.8055930804,"mass_total":126396362.6428896636,"n_hex":47,"sample_h3":"872d62c10ffffff","log_pop":5.4986768688,"log_mass":8.1017345763},{"country_iso":"UKR","city_id":4115,"city":"Lysychansk","pop_total":41906.6228000587,"mass_total":16624094.5457672793,"n_hex":15,"sample_h3":"872d61408ffffff","log_pop":4.622282663,"log_mass":7.2207380002},{"country_iso":"UKR","city_id":4122,"city":"Sievierodonetsk","pop_total":57036.7535420712,"mass_total":18286307.203698352,"n_hex":10,"sample_h3":"872d61442ffffff","log_pop":4.7561547981,"log_mass":7.2621260115},{"country_iso":"UKR","city_id":4132,"city":"Yenakiieve","pop_total":44847.3444579191,"mass_total":27439822.3702248521,"n_hex":15,"sample_h3":"872d606c1ffffff","log_pop":4.6517367323,"log_mass":7.4383812957},{"country_iso":"UKR","city_id":4136,"city":"Khartsyzk","pop_total":69501.3189413689,"mass_total":13120207.3804331943,"n_hex":10,"sample_h3":"872d60698ffffff","log_pop":4.8419930464,"log_mass":7.1179406996},{"country_iso":"UKR","city_id":4162,"city":"Brianka","pop_total":44110.5766533665,"mass_total":13444195.1192415562,"n_hex":13,"sample_h3":"872d63858ffffff","log_pop":4.6445427353,"log_mass":7.1285348069},{"country_iso":"UKR","city_id":4175,"city":"Alchevsk","pop_total":83948.3765214294,"mass_total":32373338.2273034751,"n_hex":18,"sample_h3":"872d63161ffffff","log_pop":4.9240123017,"log_mass":7.5101874847},{"country_iso":"UKR","city_id":4213,"city":"Luhansk","pop_total":256559.2847028297,"mass_total":79312489.5602378547,"n_hex":36,"sample_h3":"872d63308ffffff","log_pop":5.4091877361,"log_mass":7.8993415823},{"country_iso":"UKR","city_id":4240,"city":"Rovenky","pop_total":28865.2579420575,"mass_total":9885858.5962918736,"n_hex":12,"sample_h3":"872d63620ffffff","log_pop":4.4603754427,"log_mass":6.9950143942},{"country_iso":"UKR","city_id":4260,"city":"Krasnodon","pop_total":27078.431263339,"mass_total":10475899.130681932,"n_hex":12,"sample_h3":"872d45900ffffff","log_pop":4.4326235007,"log_mass":7.0201913081}]