[{"country_iso":"AUT","city_id":2788,"city":"Innsbruck","pop_total":57502.6657068486,"mass_total":22657708.3520237133,"n_hex":12,"sample_h3":"871f88280ffffff","log_pop":4.7596879782,"log_mass":7.3552159823},{"country_iso":"AUT","city_id":2885,"city":"Salzburg","pop_total":71932.4027065095,"mass_total":28430270.6039913408,"n_hex":16,"sample_h3":"871f89a1affffff","log_pop":4.856924567,"log_mass":7.4537809934},{"country_iso":"AUT","city_id":2936,"city":"Linz","pop_total":131893.7619959784,"mass_total":67061019.903418079,"n_hex":26,"sample_h3":"871e1494cffffff","log_pop":5.1202242558,"log_mass":7.8264701541},{"country_iso":"AUT","city_id":2952,"city":"Klagenfurt","pop_total":38354.8059209749,"mass_total":19705195.7299349084,"n_hex":11,"sample_h3":"871e105a4ffffff","log_pop":4.5838197895,"log_mass":7.294580753},{"country_iso":"AUT","city_id":3000,"city":"Graz","pop_total":161423.4868804328,"mass_total":63584128.9675814286,"n_hex":25,"sample_h3":"871e10a10ffffff","log_pop":5.2079667242,"log_mass":7.8033487263},{"country_iso":"AUT","city_id":3027,"city":"Vienna","pop_total":1341115.3420759586,"mass_total":366881256.7710943818,"n_hex":107,"sample_h3":"871e064c0ffffff","log_pop":6.1274661308,"log_mass":8.5645255251}]