[{"country_iso":"CHL","city_id":804,"city":"Arica","pop_total":34514.250779107,"mass_total":9609435.5145739298,"n_hex":9,"sample_h3":"87b304600ffffff","log_pop":4.5379984503,"log_mass":6.9826978767},{"country_iso":"CHL","city_id":822,"city":"Iquique","pop_total":26451.6602884928,"mass_total":4070445.5327719683,"n_hex":13,"sample_h3":"87b303064ffffff","log_pop":4.4224529365,"log_mass":6.6096419478},{"country_iso":"CHL","city_id":844,"city":"Antofagasta","pop_total":12964.3304093361,"mass_total":5985486.7474332284,"n_hex":10,"sample_h3":"87b226041ffffff","log_pop":4.1127500909,"log_mass":6.7770994736},{"country_iso":"CHL","city_id":876,"city":"Calama","pop_total":7469.0894057917,"mass_total":4329595.5401412463,"n_hex":8,"sample_h3":"87b30b502ffffff","log_pop":3.873267658,"log_mass":6.6364473276},{"country_iso":"CHL","city_id":882,"city":"Copiap\u00f3","pop_total":32381.0015914468,"mass_total":9730422.6287722718,"n_hex":11,"sample_h3":"87b201400ffffff","log_pop":4.510290278,"log_mass":6.9881317037},{"country_iso":"CHL","city_id":891,"city":"Ovalle","pop_total":53.9995656107,"mass_total":304977.9304665657,"n_hex":2,"sample_h3":"87b2e68b4ffffff","log_pop":1.7323902662,"log_mass":5.484268413},{"country_iso":"CHL","city_id":901,"city":"Vi\u00f1a del Mar [Valpara\u00edso]","pop_total":81427.5749550539,"mass_total":23274240.8245426491,"n_hex":58,"sample_h3":"87b2c4014ffffff","log_pop":4.910771501,"log_mass":7.3668755238},{"country_iso":"CHL","city_id":906,"city":"San Antonio","pop_total":5421.0067966087,"mass_total":1879800.0130966257,"n_hex":9,"sample_h3":"87b2c0d40ffffff","log_pop":3.7340799518,"log_mass":6.2741116483},{"country_iso":"CHL","city_id":908,"city":"La Calera","pop_total":6830.4655030157,"mass_total":2053888.4501448083,"n_hex":9,"sample_h3":"87b2c4164ffffff","log_pop":3.8344503023,"log_mass":6.3125768527},{"country_iso":"CHL","city_id":909,"city":"Quillota","pop_total":7037.4934591443,"mass_total":2215657.4536727164,"n_hex":8,"sample_h3":"87b2c4140ffffff","log_pop":3.8474180042,"log_mass":6.3455026182},{"country_iso":"CHL","city_id":914,"city":"Concepci\u00f3n","pop_total":240599.1860590374,"mass_total":54496846.3876188099,"n_hex":46,"sample_h3":"87b2d8680ffffff","log_pop":5.3812941538,"log_mass":7.7363713713},{"country_iso":"CHL","city_id":916,"city":"Coronel","pop_total":33055.7251561894,"mass_total":12525030.2580016963,"n_hex":16,"sample_h3":"87b2dbd80ffffff","log_pop":4.5192466889,"log_mass":7.0977787837},{"country_iso":"CHL","city_id":922,"city":"Chiguayante","pop_total":56658.5471207114,"mass_total":7159540.0227669217,"n_hex":8,"sample_h3":"87b2dbd00ffffff","log_pop":4.7532654338,"log_mass":6.8548851212},{"country_iso":"CHL","city_id":923,"city":"Melipilla","pop_total":5594.5649464869,"mass_total":2208581.6067154603,"n_hex":6,"sample_h3":"87b2c0853ffffff","log_pop":3.7477663199,"log_mass":6.344113451},{"country_iso":"CHL","city_id":925,"city":"San Felipe","pop_total":9164.8673341975,"mass_total":2476366.2370918421,"n_hex":5,"sample_h3":"87b2c4b60ffffff","log_pop":3.9621261827,"log_mass":6.3938148742},{"country_iso":"CHL","city_id":928,"city":"Los Andes","pop_total":3172.399473813,"mass_total":1300750.608703366,"n_hex":6,"sample_h3":"87b2e3684ffffff","log_pop":3.5013878692,"log_mass":6.1141940378},{"country_iso":"CHL","city_id":930,"city":"Talagante","pop_total":5874.6250562443,"mass_total":1913447.5504407501,"n_hex":8,"sample_h3":"87b2c0b21ffffff","log_pop":3.7689801533,"log_mass":6.2818165623},{"country_iso":"CHL","city_id":931,"city":"Santiago","pop_total":2760592.062415482,"mass_total":357797036.1779522896,"n_hex":195,"sample_h3":"87b2c5080ffffff","log_pop":6.4410022349,"log_mass":8.5536367388},{"country_iso":"CHL","city_id":932,"city":"Pe\u00f1aflor","pop_total":12996.3256548564,"mass_total":3120697.0324793234,"n_hex":9,"sample_h3":"87b2c54c4ffffff","log_pop":4.1138205851,"log_mass":6.494251608},{"country_iso":"CHL","city_id":936,"city":"Talca","pop_total":87888.8974717439,"mass_total":17978800.8553588614,"n_hex":15,"sample_h3":"87b2dd980ffffff","log_pop":4.9439340165,"log_mass":7.2547607219},{"country_iso":"CHL","city_id":941,"city":"Curic\u00f3","pop_total":31318.0521183668,"mass_total":9459231.5957950726,"n_hex":10,"sample_h3":"87b2c3320ffffff","log_pop":4.4957947425,"log_mass":6.9758558587},{"country_iso":"CHL","city_id":943,"city":"San Fernando","pop_total":7261.883345948,"mass_total":2745235.6866929163,"n_hex":8,"sample_h3":"87b2c14c6ffffff","log_pop":3.8610492682,"log_mass":6.4385796359},{"country_iso":"CHL","city_id":944,"city":"Chill\u00e1n","pop_total":55583.2877726873,"mass_total":15293260.3521205243,"n_hex":16,"sample_h3":"87b2d9c1affffff","log_pop":4.7449442319,"log_mass":7.184500082},{"country_iso":"CHL","city_id":946,"city":"Rancagua","pop_total":53492.7450559392,"mass_total":12356305.2010109331,"n_hex":16,"sample_h3":"87b2c1c00ffffff","log_pop":4.7282948849,"log_mass":7.0918886268},{"country_iso":"CHL","city_id":948,"city":"Linares","pop_total":18239.3225669038,"mass_total":5096109.4087714124,"n_hex":9,"sample_h3":"87b2dd028ffffff","log_pop":4.261008704,"log_mass":6.7072387433},{"country_iso":"CHL","city_id":952,"city":"Los \u00c1ngeles","pop_total":34850.5718271293,"mass_total":13204297.0434765983,"n_hex":11,"sample_h3":"87b2db300ffffff","log_pop":4.5422099084,"log_mass":7.1207152856},{"country_iso":"CHL","city_id":958,"city":"Temuco","pop_total":122817.4241282818,"mass_total":32808418.9933154322,"n_hex":19,"sample_h3":"87ce8a800ffffff","log_pop":5.0892599846,"log_mass":7.5159853026},{"country_iso":"CHL","city_id":961,"city":"Valdivia","pop_total":38363.8918651992,"mass_total":10554331.4940563776,"n_hex":14,"sample_h3":"87ce8c089ffffff","log_pop":4.5839226582,"log_mass":7.0234307305},{"country_iso":"CHL","city_id":968,"city":"Osorno","pop_total":30965.026111786,"mass_total":10577167.4992350265,"n_hex":13,"sample_h3":"87ceaa640ffffff","log_pop":4.4908714506,"log_mass":7.0243693819},{"country_iso":"CHL","city_id":984,"city":"Puerto Montt","pop_total":37000.8528909683,"mass_total":11903893.0565377697,"n_hex":10,"sample_h3":"87ceaa986ffffff","log_pop":4.5682117349,"log_mass":7.0756890166}]