[{"country_iso":"TJK","city_id":6031,"city":"Shahrinav","pop_total":6364.4305168545,"mass_total":2095168.002062626,"n_hex":8,"sample_h3":"8720a2413ffffff","log_pop":3.8037595495,"log_mass":6.3212188528},{"country_iso":"TJK","city_id":6036,"city":"Proletar","pop_total":17751.1652627636,"mass_total":9669996.2383157518,"n_hex":9,"sample_h3":"8720a14b2ffffff","log_pop":4.2492268673,"log_mass":6.9854263051},{"country_iso":"TJK","city_id":6038,"city":"Khujand","pop_total":93012.2452637729,"mass_total":36512133.126834996,"n_hex":20,"sample_h3":"8720a1410ffffff","log_pop":4.9685401281,"log_mass":7.5624372062},{"country_iso":"TJK","city_id":6039,"city":"Hisor","pop_total":21597.418490695,"mass_total":5731017.4230141193,"n_hex":8,"sample_h3":"8720a24caffffff","log_pop":4.3344018436,"log_mass":6.7582317288},{"country_iso":"TJK","city_id":6043,"city":"Ghafurov","pop_total":36436.3545320081,"mass_total":16916150.3063851744,"n_hex":10,"sample_h3":"8720a1488ffffff","log_pop":4.5615349192,"log_mass":7.2283015354},{"country_iso":"TJK","city_id":6045,"city":"Dushanbe","pop_total":652570.2126874708,"mass_total":76200835.7586915344,"n_hex":37,"sample_h3":"8720a2680ffffff","log_pop":5.814627246,"log_mass":7.8819597346},{"country_iso":"TJK","city_id":6049,"city":"Khistevarz","pop_total":14192.2656842148,"mass_total":8739917.1331341602,"n_hex":8,"sample_h3":"8720a14d2ffffff","log_pop":4.1520517327,"log_mass":6.9415073149},{"country_iso":"TJK","city_id":6050,"city":"Qabodiyon","pop_total":6777.2407443308,"mass_total":2568954.3552715974,"n_hex":6,"sample_h3":"8720b1416ffffff","log_pop":3.8310529131,"log_mass":6.4097563879},{"country_iso":"TJK","city_id":6053,"city":"Vahdat","pop_total":20489.9518506471,"mass_total":6840348.8583880402,"n_hex":9,"sample_h3":"872084d21ffffff","log_pop":4.3115409379,"log_mass":6.8350782513},{"country_iso":"TJK","city_id":6058,"city":"Vakhsh","pop_total":5368.0940397001,"mass_total":904933.1342797711,"n_hex":5,"sample_h3":"8720b1743ffffff","log_pop":3.7298201153,"log_mass":5.9566164903},{"country_iso":"TJK","city_id":6064,"city":"Danghara","pop_total":1252.1661550372,"mass_total":1047702.5846572141,"n_hex":2,"sample_h3":"872084502ffffff","log_pop":3.097661961,"log_mass":6.0202380153},{"country_iso":"TJK","city_id":6067,"city":"Isfara","pop_total":30033.2587509595,"mass_total":8647612.4668206591,"n_hex":8,"sample_h3":"8720aec01ffffff","log_pop":4.4776024578,"log_mass":6.936896219},{"country_iso":"TJK","city_id":6083,"city":"Kulob","pop_total":12812.4361013076,"mass_total":4580711.1237707101,"n_hex":10,"sample_h3":"8720844c8ffffff","log_pop":4.1076317125,"log_mass":6.6609329045}]