[{"country_iso": "ISR", "city_id": 4304, "city": "Ashdod", "pop_total": 150745.708673935, "mass_total": 31898267.4176402, "log_pop": 5.178245, "log_mass": 7.503767, "log_pop_c": 0.022209, "log_mass_c": -0.108335, "lat": 31.8107481973261, "lon": 34.6563855463865}, {"country_iso": "ISR", "city_id": 4309, "city": "Tel Aviv", "pop_total": 1519290.43515133, "mass_total": 331156972.629925, "log_pop": 6.181641, "log_mass": 8.520034, "log_pop_c": 1.025605, "log_mass_c": 0.907931, "lat": 32.0661910887545, "lon": 34.8484616526143}, {"country_iso": "ISR", "city_id": 4312, "city": "Haifa", "pop_total": 240693.637967288, "mass_total": 84847271.6001654, "log_pop": 5.381465, "log_mass": 7.928638, "log_pop_c": 0.225429, "log_mass_c": 0.316535, "lat": 32.8138734215367, "lon": 35.0350466790356}, {"country_iso": "ISR", "city_id": 4314, "city": "Netanya", "pop_total": 70989.4989952677, "mass_total": 27679022.4014525, "log_pop": 4.851194, "log_mass": 7.442151, "log_pop_c": -0.304842, "log_mass_c": -0.169952, "lat": 32.3267796462373, "lon": 34.868066919839}, {"country_iso": "ISR", "city_id": 4332, "city": "Beer Sheva", "pop_total": 72751.8382470635, "mass_total": 27787635.095527, "log_pop": 4.861844, "log_mass": 7.443852, "log_pop_c": -0.294192, "log_mass_c": -0.168251, "lat": 31.2512178941485, "lon": 34.7917482680574}, {"country_iso": "ISR", "city_id": 4336, "city": "Modi'in Illit", "pop_total": 67500.262568558, "mass_total": 11721504.5528618, "log_pop": 4.829305, "log_mass": 7.068983, "log_pop_c": -0.32673, "log_mass_c": -0.543119, "lat": 31.9045190628403, "lon": 35.0037066711501}, {"country_iso": "ISR", "city_id": 4348, "city": "Nazareth", "pop_total": 64351.0704814986, "mass_total": 23839254.4780346, "log_pop": 4.808556, "log_mass": 7.377293, "log_pop_c": -0.34748, "log_mass_c": -0.23481, "lat": 32.7133785148926, "lon": 35.3035621576748}]