[{"country_iso":"CHE","city_id":2275,"city":"Geneva","pop_total":350362.5206804815,"mass_total":70254216.8183717132,"n_hex":38,"sample_h3":"871f91364ffffff","log_pop":5.5445176422,"log_mass":7.8466723967},{"country_iso":"CHE","city_id":2314,"city":"Lausanne","pop_total":176469.3877613334,"mass_total":39895998.4008366093,"n_hex":25,"sample_h3":"871f82689ffffff","log_pop":5.246669379,"log_mass":7.6009293378},{"country_iso":"CHE","city_id":2342,"city":"Montreux","pop_total":38030.6948983258,"mass_total":8950519.1868909672,"n_hex":12,"sample_h3":"871f9c880ffffff","log_pop":4.5801342609,"log_mass":6.9518482279},{"country_iso":"CHE","city_id":2362,"city":"Freiburg im \u00dcechtland","pop_total":31412.5955257855,"mass_total":7658429.4010205492,"n_hex":8,"sample_h3":"871f83590ffffff","log_pop":4.4971038223,"log_mass":6.8841397132},{"country_iso":"CHE","city_id":2370,"city":"Biel\/Bienne","pop_total":45195.9795528589,"mass_total":13049374.539406497,"n_hex":9,"sample_h3":"871f83c88ffffff","log_pop":4.6550998035,"log_mass":7.1155896963},{"country_iso":"CHE","city_id":2384,"city":"Bern","pop_total":120916.5936752684,"mass_total":29912207.745177187,"n_hex":22,"sample_h3":"871f83420ffffff","log_pop":5.0824859042,"log_mass":7.4758484684},{"country_iso":"CHE","city_id":2392,"city":"Basel","pop_total":306683.2188278603,"mass_total":95439804.1386069655,"n_hex":49,"sample_h3":"871f83800ffffff","log_pop":5.4866900128,"log_mass":7.9797295394},{"country_iso":"CHE","city_id":2402,"city":"Thun","pop_total":39387.4476383677,"mass_total":11182072.8988797478,"n_hex":11,"sample_h3":"871f834c1ffffff","log_pop":4.5953578388,"log_mass":7.0485223192},{"country_iso":"CHE","city_id":2418,"city":"Olten","pop_total":33094.5395338493,"mass_total":12125362.8340304345,"n_hex":12,"sample_h3":"871f83140ffffff","log_pop":4.5197563428,"log_mass":7.0836947431},{"country_iso":"CHE","city_id":2449,"city":"Wettingen","pop_total":29098.6138265142,"mass_total":8474881.2939374503,"n_hex":12,"sample_h3":"871f83a00ffffff","log_pop":4.463872301,"log_mass":6.9281336238},{"country_iso":"CHE","city_id":2459,"city":"Lucerne","pop_total":77712.0099032093,"mass_total":20702749.5733502284,"n_hex":20,"sample_h3":"871f83210ffffff","log_pop":4.8904881415,"log_mass":7.3160280288},{"country_iso":"CHE","city_id":2463,"city":"Zurich","pop_total":440716.0766216016,"mass_total":112760637.1341242641,"n_hex":78,"sample_h3":"871f83348ffffff","log_pop":5.6441588932,"log_mass":8.0521575211},{"country_iso":"CHE","city_id":2475,"city":"Zug","pop_total":28961.4590608354,"mass_total":8659043.7193385959,"n_hex":11,"sample_h3":"871f83228ffffff","log_pop":4.4618204376,"log_mass":6.9374699324},{"country_iso":"CHE","city_id":2494,"city":"Winterthur","pop_total":57506.6266938883,"mass_total":15295820.4622684773,"n_hex":14,"sample_h3":"871f8ec20ffffff","log_pop":4.7597178929,"log_mass":7.1845727773},{"country_iso":"CHE","city_id":2543,"city":"Lugano","pop_total":41321.4814290645,"mass_total":10498124.5658273865,"n_hex":11,"sample_h3":"871f9d608ffffff","log_pop":4.6161758832,"log_mass":7.0211117216},{"country_iso":"CHE","city_id":2572,"city":"Sankt Gallen","pop_total":30914.1258551177,"mass_total":9264097.0774830226,"n_hex":15,"sample_h3":"871f8e020ffffff","log_pop":4.4901569707,"log_mass":6.9668030973}]