[{"country_iso":"AGO","city_id":3050,"log_pop":1.8681638276,"log_mass":4.3290845051},{"country_iso":"AGO","city_id":3050,"log_pop":3.0609690288,"log_mass":5.1678379654},{"country_iso":"AGO","city_id":3050,"log_pop":3.6768069124,"log_mass":5.7670808484},{"country_iso":"AGO","city_id":3050,"log_pop":2.8016350332,"log_mass":5.022098193},{"country_iso":"AGO","city_id":3050,"log_pop":3.5533049408,"log_mass":5.620521296},{"country_iso":"AGO","city_id":3050,"log_pop":2.5218630758,"log_mass":4.6727304934},{"country_iso":"AGO","city_id":3050,"log_pop":3.851092395,"log_mass":6.0357155243},{"country_iso":"AGO","city_id":3050,"log_pop":3.2892651759,"log_mass":5.6007890645},{"country_iso":"AGO","city_id":3050,"log_pop":3.4842394118,"log_mass":5.7472901494},{"country_iso":"AGO","city_id":3050,"log_pop":2.2630836128,"log_mass":4.7925252415},{"country_iso":"AGO","city_id":3050,"log_pop":3.5422404138,"log_mass":5.6644380214},{"country_iso":"AGO","city_id":3050,"log_pop":3.8047233767,"log_mass":6.0335704653},{"country_iso":"AGO","city_id":3050,"log_pop":3.9699238317,"log_mass":6.1479682573},{"country_iso":"AGO","city_id":3050,"log_pop":3.6007441972,"log_mass":5.78215863},{"country_iso":"AGO","city_id":3050,"log_pop":3.6441913628,"log_mass":5.8951972981},{"country_iso":"AGO","city_id":3050,"log_pop":3.5716256985,"log_mass":5.7415509086},{"country_iso":"AGO","city_id":3050,"log_pop":3.2353211461,"log_mass":5.3799727077},{"country_iso":"AGO","city_id":3050,"log_pop":1.2049380703,"log_mass":3.6075368169},{"country_iso":"AGO","city_id":3050,"log_pop":3.9406577074,"log_mass":6.1107028175},{"country_iso":"AGO","city_id":3050,"log_pop":3.0082290915,"log_mass":5.3397933688},{"country_iso":"AGO","city_id":3050,"log_pop":3.4077687748,"log_mass":5.7119784592},{"country_iso":"AGO","city_id":3050,"log_pop":2.2044595617,"log_mass":4.5872656798},{"country_iso":"AGO","city_id":3050,"log_pop":1.5196975452,"log_mass":4.9778628564},{"country_iso":"AGO","city_id":3050,"log_pop":3.1280403457,"log_mass":5.5082545566},{"country_iso":"AGO","city_id":3050,"log_pop":2.8085199321,"log_mass":5.4148033538},{"country_iso":"AGO","city_id":3050,"log_pop":2.3490755782,"log_mass":4.971816243},{"country_iso":"AGO","city_id":3050,"log_pop":2.2889936909,"log_mass":5.001774094},{"country_iso":"AGO","city_id":3050,"log_pop":3.2869601277,"log_mass":5.6294550494},{"country_iso":"AGO","city_id":3050,"log_pop":2.7524843907,"log_mass":5.4849337571},{"country_iso":"AGO","city_id":3050,"log_pop":3.6122103097,"log_mass":5.825892885},{"country_iso":"AGO","city_id":3050,"log_pop":3.2857033097,"log_mass":5.5930771965},{"country_iso":"AGO","city_id":3050,"log_pop":3.0788956405,"log_mass":5.2264936359},{"country_iso":"AGO","city_id":3050,"log_pop":3.3120550405,"log_mass":5.5705187522},{"country_iso":"AGO","city_id":3050,"log_pop":4.2393122361,"log_mass":6.3084607796},{"country_iso":"AGO","city_id":3050,"log_pop":3.4924646338,"log_mass":5.606394731},{"country_iso":"AGO","city_id":3050,"log_pop":3.5214461228,"log_mass":5.6983465535},{"country_iso":"AGO","city_id":3050,"log_pop":3.3904375916,"log_mass":5.5350661634},{"country_iso":"AGO","city_id":3050,"log_pop":3.5776356165,"log_mass":5.6046482553},{"country_iso":"AGO","city_id":3050,"log_pop":3.5419190374,"log_mass":5.8725154757},{"country_iso":"AGO","city_id":3050,"log_pop":2.7060763677,"log_mass":5.3962473662},{"country_iso":"AGO","city_id":3050,"log_pop":4.0022159903,"log_mass":6.2579324498},{"country_iso":"AGO","city_id":3050,"log_pop":4.2001595279,"log_mass":6.5102637793},{"country_iso":"AGO","city_id":3050,"log_pop":3.095408712,"log_mass":5.6577775584},{"country_iso":"AGO","city_id":3050,"log_pop":2.7772816357,"log_mass":5.4049847594},{"country_iso":"AGO","city_id":3050,"log_pop":3.3946681192,"log_mass":5.7255241944},{"country_iso":"AGO","city_id":3050,"log_pop":3.3310694823,"log_mass":5.6125942594},{"country_iso":"AGO","city_id":3050,"log_pop":2.9949551136,"log_mass":5.1892036448},{"country_iso":"AGO","city_id":3050,"log_pop":2.9331922395,"log_mass":5.1427022837},{"country_iso":"AGO","city_id":3050,"log_pop":3.6743622141,"log_mass":5.7122931034},{"country_iso":"AGO","city_id":3050,"log_pop":2.9120601915,"log_mass":5.0249173933},{"country_iso":"AGO","city_id":3050,"log_pop":3.6978060788,"log_mass":5.8552532095},{"country_iso":"AGO","city_id":3050,"log_pop":4.4984050119,"log_mass":6.6059055401},{"country_iso":"AGO","city_id":3050,"log_pop":3.6234281269,"log_mass":5.8232637107},{"country_iso":"AGO","city_id":3050,"log_pop":4.1950590445,"log_mass":6.4589749367},{"country_iso":"AGO","city_id":3050,"log_pop":4.0450739365,"log_mass":6.0909771485},{"country_iso":"AGO","city_id":3050,"log_pop":4.5169770611,"log_mass":6.5971927177},{"country_iso":"AGO","city_id":3050,"log_pop":2.3620172108,"log_mass":4.7314602195},{"country_iso":"AGO","city_id":3050,"log_pop":2.6966321415,"log_mass":4.8248906973},{"country_iso":"AGO","city_id":3050,"log_pop":3.8407247733,"log_mass":5.982695784},{"country_iso":"AGO","city_id":3050,"log_pop":2.7063167391,"log_mass":4.9186271446},{"country_iso":"AGO","city_id":3050,"log_pop":3.4313117607,"log_mass":5.4878953288},{"country_iso":"AGO","city_id":3050,"log_pop":3.064243071,"log_mass":5.2555090224},{"country_iso":"AGO","city_id":3050,"log_pop":4.035145503,"log_mass":6.0213377749},{"country_iso":"AGO","city_id":3050,"log_pop":4.3718171729,"log_mass":6.3523383226},{"country_iso":"AGO","city_id":3050,"log_pop":3.8303020812,"log_mass":5.8746368605},{"country_iso":"AGO","city_id":3050,"log_pop":4.3614405088,"log_mass":6.3790488932},{"country_iso":"AGO","city_id":3050,"log_pop":3.6826499608,"log_mass":5.7566875833},{"country_iso":"AGO","city_id":3050,"log_pop":3.954809902,"log_mass":6.0360358892},{"country_iso":"AGO","city_id":3050,"log_pop":3.8928466207,"log_mass":5.8950059359},{"country_iso":"AGO","city_id":3050,"log_pop":4.4766636146,"log_mass":6.5030936844},{"country_iso":"AGO","city_id":3050,"log_pop":4.3559772264,"log_mass":6.4013198437},{"country_iso":"AGO","city_id":3050,"log_pop":4.3951733931,"log_mass":6.4035145568},{"country_iso":"AGO","city_id":3050,"log_pop":4.5139577732,"log_mass":6.5815362699},{"country_iso":"AGO","city_id":3050,"log_pop":4.4911470539,"log_mass":6.5237751029},{"country_iso":"AGO","city_id":3050,"log_pop":4.0534464912,"log_mass":6.1713791688},{"country_iso":"AGO","city_id":3050,"log_pop":4.575360256,"log_mass":6.5470328239},{"country_iso":"AGO","city_id":3050,"log_pop":2.4077565543,"log_mass":4.4922505263},{"country_iso":"AGO","city_id":3050,"log_pop":3.0730333769,"log_mass":5.0728894926},{"country_iso":"AGO","city_id":3050,"log_pop":2.6350546092,"log_mass":5.1023034949},{"country_iso":"AGO","city_id":3050,"log_pop":3.7677795764,"log_mass":5.9778434494},{"country_iso":"AGO","city_id":3050,"log_pop":2.588620188,"log_mass":4.8968368789},{"country_iso":"AGO","city_id":3050,"log_pop":4.2421571302,"log_mass":6.4100034263},{"country_iso":"AGO","city_id":3050,"log_pop":3.8424071029,"log_mass":5.9908089656},{"country_iso":"AGO","city_id":3050,"log_pop":2.3756894253,"log_mass":4.7666462891},{"country_iso":"AGO","city_id":3050,"log_pop":2.7810022237,"log_mass":4.9592360897},{"country_iso":"AGO","city_id":3050,"log_pop":3.6458664916,"log_mass":5.9503479063},{"country_iso":"AGO","city_id":3050,"log_pop":2.1584834654,"log_mass":4.6461891808},{"country_iso":"AGO","city_id":3050,"log_pop":3.8457964094,"log_mass":6.1020419701},{"country_iso":"AGO","city_id":3050,"log_pop":4.1141843513,"log_mass":6.3193029326},{"country_iso":"AGO","city_id":3050,"log_pop":4.5003350306,"log_mass":6.4216250282},{"country_iso":"AGO","city_id":3050,"log_pop":4.1918255352,"log_mass":6.3334028957},{"country_iso":"AGO","city_id":3050,"log_pop":3.5519768498,"log_mass":5.8136460629},{"country_iso":"AGO","city_id":3050,"log_pop":3.6080888039,"log_mass":5.8488027985},{"country_iso":"AGO","city_id":3050,"log_pop":3.756224125,"log_mass":5.8592347578},{"country_iso":"AGO","city_id":3050,"log_pop":0.6781255147,"log_mass":4.8976710457},{"country_iso":"AGO","city_id":3050,"log_pop":3.589094023,"log_mass":5.8536592742},{"country_iso":"AGO","city_id":3050,"log_pop":4.0406144723,"log_mass":6.294034488},{"country_iso":"AGO","city_id":3050,"log_pop":4.2325543614,"log_mass":6.4887530365},{"country_iso":"AGO","city_id":3050,"log_pop":1.1832371158,"log_mass":3.9146864975},{"country_iso":"AGO","city_id":3050,"log_pop":2.8386211025,"log_mass":5.2287676458},{"country_iso":"AGO","city_id":3050,"log_pop":3.1830576758,"log_mass":5.4705896665},{"country_iso":"AGO","city_id":3050,"log_pop":2.5945722799,"log_mass":5.0292398693},{"country_iso":"AGO","city_id":3050,"log_pop":1.3375697073,"log_mass":3.636814621},{"country_iso":"AGO","city_id":3050,"log_pop":2.4743990983,"log_mass":4.85075497},{"country_iso":"AGO","city_id":3050,"log_pop":1.9979530063,"log_mass":4.819865793},{"country_iso":"AGO","city_id":3050,"log_pop":2.5345002346,"log_mass":5.0456959609},{"country_iso":"AGO","city_id":3050,"log_pop":2.5601022615,"log_mass":5.3370522428},{"country_iso":"AGO","city_id":3050,"log_pop":3.4458232708,"log_mass":5.7947840006},{"country_iso":"AGO","city_id":3050,"log_pop":0.8351396865,"log_mass":3.5501633419},{"country_iso":"AGO","city_id":3050,"log_pop":4.9980512169,"log_mass":6.6085153654},{"country_iso":"AGO","city_id":3050,"log_pop":4.9789585072,"log_mass":6.7381906259},{"country_iso":"AGO","city_id":3050,"log_pop":5.0647492502,"log_mass":6.7007662604},{"country_iso":"AGO","city_id":3050,"log_pop":5.0138590699,"log_mass":6.8377660024},{"country_iso":"AGO","city_id":3050,"log_pop":4.9890522925,"log_mass":6.6628044484},{"country_iso":"AGO","city_id":3050,"log_pop":4.8706279323,"log_mass":6.502056515},{"country_iso":"AGO","city_id":3050,"log_pop":5.0655612698,"log_mass":6.6934753265},{"country_iso":"AGO","city_id":3050,"log_pop":1.4464965355,"log_mass":4.2172915184},{"country_iso":"AGO","city_id":3050,"log_pop":3.0113963199,"log_mass":4.8152033219},{"country_iso":"AGO","city_id":3050,"log_pop":4.0928601594,"log_mass":6.1733539472},{"country_iso":"AGO","city_id":3050,"log_pop":4.6685683218,"log_mass":6.4179653897},{"country_iso":"AGO","city_id":3050,"log_pop":5.2126226532,"log_mass":6.7139197552},{"country_iso":"AGO","city_id":3050,"log_pop":5.116232863,"log_mass":6.7078282243},{"country_iso":"AGO","city_id":3050,"log_pop":5.0260127073,"log_mass":6.6584000097},{"country_iso":"AGO","city_id":3050,"log_pop":5.0682564815,"log_mass":6.6964954935},{"country_iso":"AGO","city_id":3050,"log_pop":5.1695313852,"log_mass":6.6654211808},{"country_iso":"AGO","city_id":3050,"log_pop":5.2072699594,"log_mass":6.7067681022},{"country_iso":"AGO","city_id":3050,"log_pop":4.9297261896,"log_mass":6.6273468487},{"country_iso":"AGO","city_id":3050,"log_pop":4.1315407908,"log_mass":5.9013278729},{"country_iso":"AGO","city_id":3050,"log_pop":3.3890376318,"log_mass":5.3297137064},{"country_iso":"AGO","city_id":3050,"log_pop":4.0371634547,"log_mass":5.7256119588},{"country_iso":"AGO","city_id":3050,"log_pop":4.9807682747,"log_mass":6.746359988},{"country_iso":"AGO","city_id":3050,"log_pop":4.6566146271,"log_mass":6.491281143},{"country_iso":"AGO","city_id":3050,"log_pop":4.2650940171,"log_mass":6.3030900068},{"country_iso":"AGO","city_id":3050,"log_pop":4.5972981416,"log_mass":6.5726809687},{"country_iso":"AGO","city_id":3050,"log_pop":4.7062884229,"log_mass":6.3632512378},{"country_iso":"AGO","city_id":3050,"log_pop":4.7114408324,"log_mass":6.5299559959},{"country_iso":"AGO","city_id":3050,"log_pop":4.9363202377,"log_mass":6.6177777818},{"country_iso":"AGO","city_id":3050,"log_pop":4.1046626694,"log_mass":6.3923895338},{"country_iso":"AGO","city_id":3050,"log_pop":4.7490962905,"log_mass":6.5692353919},{"country_iso":"AGO","city_id":3050,"log_pop":4.2525737885,"log_mass":6.5237489926},{"country_iso":"AGO","city_id":3050,"log_pop":4.8351713295,"log_mass":6.5688692944},{"country_iso":"AGO","city_id":3050,"log_pop":3.9269313606,"log_mass":5.6498944352},{"country_iso":"AGO","city_id":3050,"log_pop":4.9114441821,"log_mass":6.6713795872},{"country_iso":"AGO","city_id":3050,"log_pop":3.1158885175,"log_mass":5.2242413857},{"country_iso":"AGO","city_id":3050,"log_pop":4.6601940574,"log_mass":6.5326680095},{"country_iso":"AGO","city_id":3050,"log_pop":4.276553823,"log_mass":6.4970302453},{"country_iso":"AGO","city_id":3050,"log_pop":4.8278519955,"log_mass":6.5805019329},{"country_iso":"AGO","city_id":3050,"log_pop":4.5164023025,"log_mass":6.4037162086},{"country_iso":"AGO","city_id":3050,"log_pop":4.9142409219,"log_mass":6.6605553773},{"country_iso":"AGO","city_id":3050,"log_pop":4.8182242691,"log_mass":6.5872845378},{"country_iso":"AGO","city_id":3050,"log_pop":4.9351735682,"log_mass":6.500751879},{"country_iso":"AGO","city_id":3050,"log_pop":4.3199582778,"log_mass":6.5999287724},{"country_iso":"AGO","city_id":3050,"log_pop":4.6111145735,"log_mass":6.6314267812},{"country_iso":"AGO","city_id":3050,"log_pop":4.3136489016,"log_mass":6.5492210902},{"country_iso":"AGO","city_id":3050,"log_pop":2.4136880838,"log_mass":4.7231082079},{"country_iso":"AGO","city_id":3050,"log_pop":3.8248991048,"log_mass":5.9508938927},{"country_iso":"AGO","city_id":3050,"log_pop":2.3702710719,"log_mass":4.5773069211},{"country_iso":"AGO","city_id":3050,"log_pop":4.266649886,"log_mass":6.4086645121},{"country_iso":"AGO","city_id":3050,"log_pop":4.3645234561,"log_mass":6.4816862649},{"country_iso":"AGO","city_id":3050,"log_pop":2.6567636095,"log_mass":4.8715480764},{"country_iso":"AGO","city_id":3050,"log_pop":4.2890159708,"log_mass":6.480814799},{"country_iso":"AGO","city_id":3050,"log_pop":4.3931343882,"log_mass":6.6213342173},{"country_iso":"AGO","city_id":3050,"log_pop":4.1975255374,"log_mass":6.3015942456},{"country_iso":"AGO","city_id":3050,"log_pop":3.7894246006,"log_mass":5.476726185},{"country_iso":"AGO","city_id":3050,"log_pop":2.8082739005,"log_mass":4.4512231654},{"country_iso":"AGO","city_id":3050,"log_pop":4.8797547473,"log_mass":6.5819303667},{"country_iso":"AGO","city_id":3050,"log_pop":3.8410676827,"log_mass":5.6864746268},{"country_iso":"AGO","city_id":3050,"log_pop":3.8923875045,"log_mass":5.9398792707},{"country_iso":"AGO","city_id":3050,"log_pop":4.1265792394,"log_mass":6.2869738732},{"country_iso":"AGO","city_id":3050,"log_pop":3.9859977838,"log_mass":6.0026717595},{"country_iso":"AGO","city_id":3050,"log_pop":2.9389443215,"log_mass":5.0496874197},{"country_iso":"AGO","city_id":3065,"log_pop":3.6231471001,"log_mass":5.9689550121},{"country_iso":"AGO","city_id":3065,"log_pop":4.218628611,"log_mass":6.4936184733},{"country_iso":"AGO","city_id":3065,"log_pop":3.1381823772,"log_mass":5.5481502075},{"country_iso":"AGO","city_id":3065,"log_pop":3.3659502536,"log_mass":5.7551676584},{"country_iso":"AGO","city_id":3065,"log_pop":3.6853307938,"log_mass":5.9755001296},{"country_iso":"AGO","city_id":3065,"log_pop":4.2290989952,"log_mass":6.5097289201},{"country_iso":"AGO","city_id":3065,"log_pop":-0.6877819116,"log_mass":2.8441721223},{"country_iso":"AGO","city_id":3065,"log_pop":3.8598561217,"log_mass":6.0849144729},{"country_iso":"AGO","city_id":3065,"log_pop":3.0906924188,"log_mass":5.2977193031},{"country_iso":"AGO","city_id":3065,"log_pop":3.1737688742,"log_mass":5.5558085742},{"country_iso":"AGO","city_id":3065,"log_pop":3.2041662714,"log_mass":5.5323245943},{"country_iso":"AGO","city_id":3065,"log_pop":1.9698749802,"log_mass":4.4309961804},{"country_iso":"AGO","city_id":3065,"log_pop":3.8705341063,"log_mass":6.2217185756},{"country_iso":"AGO","city_id":3065,"log_pop":4.1102643037,"log_mass":6.4311278925},{"country_iso":"AGO","city_id":3065,"log_pop":3.3840724298,"log_mass":5.5509910061},{"country_iso":"AGO","city_id":3065,"log_pop":3.3457901191,"log_mass":5.5843098201},{"country_iso":"AGO","city_id":3065,"log_pop":3.954246047,"log_mass":6.5730223339},{"country_iso":"AGO","city_id":3065,"log_pop":3.3355475407,"log_mass":6.1948911669},{"country_iso":"AGO","city_id":3065,"log_pop":4.3254255111,"log_mass":6.6155414402},{"country_iso":"AGO","city_id":3065,"log_pop":3.9940969909,"log_mass":6.2757254356},{"country_iso":"AGO","city_id":3065,"log_pop":2.7258161755,"log_mass":5.6256471237},{"country_iso":"AGO","city_id":3065,"log_pop":2.3050390054,"log_mass":5.0735748321},{"country_iso":"AGO","city_id":3065,"log_pop":4.151406929,"log_mass":6.4866715944},{"country_iso":"AGO","city_id":3065,"log_pop":2.5479689522,"log_mass":5.1695001459},{"country_iso":"AGO","city_id":3227,"log_pop":3.9829579249,"log_mass":6.3684605244},{"country_iso":"AGO","city_id":3227,"log_pop":3.0340556962,"log_mass":5.4513430426},{"country_iso":"AGO","city_id":3227,"log_pop":4.1886872994,"log_mass":6.5739696862},{"country_iso":"AGO","city_id":3227,"log_pop":4.1162163308,"log_mass":6.4908172507},{"country_iso":"AGO","city_id":3227,"log_pop":3.3353342456,"log_mass":5.6927660001},{"country_iso":"AGO","city_id":3227,"log_pop":1.5327577988,"log_mass":3.8292735992},{"country_iso":"AGO","city_id":3227,"log_pop":3.9265097999,"log_mass":6.2698722029},{"country_iso":"AGO","city_id":3227,"log_pop":2.7075526187,"log_mass":5.1919210011},{"country_iso":"AGO","city_id":3227,"log_pop":3.727787056,"log_mass":6.070805644},{"country_iso":"AGO","city_id":3227,"log_pop":3.9343281442,"log_mass":6.369190664},{"country_iso":"AGO","city_id":3227,"log_pop":3.9750495326,"log_mass":6.4117848767},{"country_iso":"AGO","city_id":3227,"log_pop":3.2694721084,"log_mass":5.5928504415},{"country_iso":"AGO","city_id":3227,"log_pop":3.1916504672,"log_mass":5.4993333536},{"country_iso":"AGO","city_id":3227,"log_pop":3.9159073913,"log_mass":6.3670774642},{"country_iso":"AGO","city_id":3227,"log_pop":3.1464533768,"log_mass":5.677914734},{"country_iso":"AGO","city_id":3227,"log_pop":2.3588598416,"log_mass":4.5293368704},{"country_iso":"AGO","city_id":3227,"log_pop":3.8312592697,"log_mass":6.2899807462},{"country_iso":"AGO","city_id":3227,"log_pop":3.921192654,"log_mass":6.3545920381},{"country_iso":"AGO","city_id":3227,"log_pop":3.1770333074,"log_mass":5.7006662255},{"country_iso":"AGO","city_id":3227,"log_pop":0.5265006865,"log_mass":3.0403372264},{"country_iso":"AGO","city_id":3227,"log_pop":2.3848550944,"log_mass":4.9484622191},{"country_iso":"AGO","city_id":3002,"log_pop":3.1758091887,"log_mass":5.4900351775},{"country_iso":"AGO","city_id":3002,"log_pop":4.1743251061,"log_mass":6.5923243081},{"country_iso":"AGO","city_id":3002,"log_pop":3.1850044713,"log_mass":5.495581887},{"country_iso":"AGO","city_id":3002,"log_pop":2.5615685194,"log_mass":4.9635533842},{"country_iso":"AGO","city_id":3002,"log_pop":3.902803615,"log_mass":6.282087685},{"country_iso":"AGO","city_id":3002,"log_pop":4.1680612005,"log_mass":6.488012321},{"country_iso":"AGO","city_id":3002,"log_pop":3.8824483392,"log_mass":6.1777253593},{"country_iso":"AGO","city_id":3002,"log_pop":3.5873883159,"log_mass":5.952956578},{"country_iso":"AGO","city_id":3002,"log_pop":2.9158532995,"log_mass":5.3641320462},{"country_iso":"AGO","city_id":3002,"log_pop":3.378768271,"log_mass":5.7943363875},{"country_iso":"AGO","city_id":3002,"log_pop":4.0772102864,"log_mass":6.3187138207},{"country_iso":"AGO","city_id":3002,"log_pop":3.0058283829,"log_mass":5.4660870868},{"country_iso":"AGO","city_id":3002,"log_pop":1.7074630174,"log_mass":4.0384108643},{"country_iso":"AGO","city_id":3002,"log_pop":1.3040770084,"log_mass":4.0690050794},{"country_iso":"AGO","city_id":3002,"log_pop":2.3825137376,"log_mass":5.1632043072},{"country_iso":"AGO","city_id":3002,"log_pop":3.2850696687,"log_mass":5.6555275242},{"country_iso":"AGO","city_id":3002,"log_pop":3.1927474172,"log_mass":5.4681937551},{"country_iso":"AGO","city_id":3002,"log_pop":2.0933256167,"log_mass":5.0917994064},{"country_iso":"AGO","city_id":3002,"log_pop":2.677295774,"log_mass":4.8698548322},{"country_iso":"AGO","city_id":3002,"log_pop":3.6458530917,"log_mass":6.0118218303},{"country_iso":"AGO","city_id":3064,"log_pop":3.1633969772,"log_mass":5.428790062},{"country_iso":"AGO","city_id":3064,"log_pop":1.64475737,"log_mass":3.8378861639},{"country_iso":"AGO","city_id":3064,"log_pop":3.5565895621,"log_mass":5.7141599146},{"country_iso":"AGO","city_id":3064,"log_pop":3.259566938,"log_mass":5.6175772412},{"country_iso":"AGO","city_id":3064,"log_pop":4.1302000563,"log_mass":6.2848916165},{"country_iso":"AGO","city_id":3064,"log_pop":3.3803646703,"log_mass":5.5842765716},{"country_iso":"AGO","city_id":3064,"log_pop":2.2014256083,"log_mass":4.517921476},{"country_iso":"AGO","city_id":3064,"log_pop":1.6240671966,"log_mass":3.9791302493},{"country_iso":"AGO","city_id":3064,"log_pop":2.6590055125,"log_mass":5.0919130354},{"country_iso":"AGO","city_id":3064,"log_pop":3.6202401627,"log_mass":5.7961034862},{"country_iso":"AGO","city_id":3064,"log_pop":2.1165171443,"log_mass":4.559789403},{"country_iso":"AGO","city_id":3064,"log_pop":3.205817737,"log_mass":5.3459460194},{"country_iso":"AGO","city_id":3064,"log_pop":4.3438940468,"log_mass":6.5375108157},{"country_iso":"AGO","city_id":3064,"log_pop":4.1469132436,"log_mass":6.3402674533},{"country_iso":"AGO","city_id":3064,"log_pop":3.8587525647,"log_mass":6.0556791479},{"country_iso":"AGO","city_id":3064,"log_pop":3.9427012965,"log_mass":6.1206865246},{"country_iso":"AGO","city_id":3064,"log_pop":4.1949340629,"log_mass":6.3054253499},{"country_iso":"AGO","city_id":3064,"log_pop":4.0436738927,"log_mass":6.1891851063},{"country_iso":"AGO","city_id":3064,"log_pop":3.4140538072,"log_mass":5.5401954829},{"country_iso":"AGO","city_id":3282,"log_pop":2.9894695858,"log_mass":5.7715077589},{"country_iso":"AGO","city_id":3282,"log_pop":-1.1064049795,"log_mass":2.8061877276},{"country_iso":"AGO","city_id":3282,"log_pop":1.1508534534,"log_mass":4.2698045844},{"country_iso":"AGO","city_id":3282,"log_pop":1.3300087652,"log_mass":4.1591885776},{"country_iso":"AGO","city_id":3282,"log_pop":3.3434195464,"log_mass":6.0715058246},{"country_iso":"AGO","city_id":3282,"log_pop":2.9494648186,"log_mass":5.7304908023},{"country_iso":"AGO","city_id":3282,"log_pop":1.1712212893,"log_mass":3.7553904981},{"country_iso":"AGO","city_id":3282,"log_pop":3.5377352837,"log_mass":6.2185785888},{"country_iso":"AGO","city_id":3282,"log_pop":3.0790832157,"log_mass":5.8033793088},{"country_iso":"AGO","city_id":3282,"log_pop":3.4101578576,"log_mass":6.1523628531},{"country_iso":"AGO","city_id":3282,"log_pop":3.7469203655,"log_mass":6.4722455828},{"country_iso":"AGO","city_id":3282,"log_pop":2.8030489863,"log_mass":5.5119310028},{"country_iso":"AGO","city_id":3282,"log_pop":3.5288601983,"log_mass":6.2141415483},{"country_iso":"AGO","city_id":3282,"log_pop":2.274666224,"log_mass":4.9961692417},{"country_iso":"AGO","city_id":3282,"log_pop":2.2815255774,"log_mass":4.927862242},{"country_iso":"AGO","city_id":3282,"log_pop":2.2287486246,"log_mass":4.9066452659},{"country_iso":"AGO","city_id":3282,"log_pop":1.8481837376,"log_mass":4.6475536927},{"country_iso":"AGO","city_id":3282,"log_pop":2.1283921089,"log_mass":4.9394605984},{"country_iso":"AGO","city_id":3399,"log_pop":2.171884764,"log_mass":5.4713038039},{"country_iso":"AGO","city_id":3399,"log_pop":2.6995227266,"log_mass":5.7138095809},{"country_iso":"AGO","city_id":3399,"log_pop":2.733049766,"log_mass":5.9582295983},{"country_iso":"AGO","city_id":3399,"log_pop":-0.0610805948,"log_mass":3.7016043644},{"country_iso":"AGO","city_id":3399,"log_pop":2.0447944357,"log_mass":5.197813456},{"country_iso":"AGO","city_id":3399,"log_pop":2.5009781628,"log_mass":5.5822292301},{"country_iso":"AGO","city_id":3399,"log_pop":2.9551360718,"log_mass":6.0686708239},{"country_iso":"AGO","city_id":3399,"log_pop":2.9685834226,"log_mass":5.9636171947},{"country_iso":"AGO","city_id":3399,"log_pop":1.9691558876,"log_mass":5.26511746},{"country_iso":"AGO","city_id":3399,"log_pop":1.8101085265,"log_mass":4.9506418572},{"country_iso":"AGO","city_id":3399,"log_pop":3.4736181648,"log_mass":6.5366461854},{"country_iso":"AGO","city_id":3399,"log_pop":3.4307277434,"log_mass":6.4737470943},{"country_iso":"AGO","city_id":3399,"log_pop":3.3169593997,"log_mass":6.4638399702},{"country_iso":"AGO","city_id":3399,"log_pop":1.0744186706,"log_mass":4.0827681699},{"country_iso":"AGO","city_id":3399,"log_pop":0.6188286607,"log_mass":3.6490231662},{"country_iso":"AGO","city_id":3399,"log_pop":2.1864507112,"log_mass":5.2872873811},{"country_iso":"AGO","city_id":3399,"log_pop":3.075091847,"log_mass":6.0972229181},{"country_iso":"AGO","city_id":3082,"log_pop":3.1043326747,"log_mass":5.8407235724},{"country_iso":"AGO","city_id":3082,"log_pop":3.3182536493,"log_mass":6.0746784877},{"country_iso":"AGO","city_id":3082,"log_pop":3.1824242544,"log_mass":6.0375381157},{"country_iso":"AGO","city_id":3082,"log_pop":3.5514719357,"log_mass":6.2882946774},{"country_iso":"AGO","city_id":3082,"log_pop":3.1666128738,"log_mass":5.7271802303},{"country_iso":"AGO","city_id":3082,"log_pop":2.6694238823,"log_mass":4.9251957747},{"country_iso":"AGO","city_id":3082,"log_pop":4.0299153241,"log_mass":6.5075193131},{"country_iso":"AGO","city_id":3082,"log_pop":3.8790203586,"log_mass":5.9988222612},{"country_iso":"AGO","city_id":3082,"log_pop":2.5989448967,"log_mass":5.5863882181},{"country_iso":"AGO","city_id":3082,"log_pop":3.755115074,"log_mass":6.4549988524},{"country_iso":"AGO","city_id":3082,"log_pop":3.4154387505,"log_mass":6.1151319257},{"country_iso":"AGO","city_id":3082,"log_pop":3.3869525959,"log_mass":5.5928523031},{"country_iso":"AGO","city_id":3082,"log_pop":3.0271891438,"log_mass":5.7802493465},{"country_iso":"AGO","city_id":3082,"log_pop":3.774757786,"log_mass":6.5257305614},{"country_iso":"AGO","city_id":3082,"log_pop":3.5250664788,"log_mass":6.226840537},{"country_iso":"AGO","city_id":3082,"log_pop":4.0559342637,"log_mass":6.389023151},{"country_iso":"AGO","city_id":3082,"log_pop":3.4862358984,"log_mass":5.6044487618},{"country_iso":"AGO","city_id":3415,"log_pop":3.0525236688,"log_mass":5.7203255556},{"country_iso":"AGO","city_id":3415,"log_pop":2.8866314767,"log_mass":5.7450656711},{"country_iso":"AGO","city_id":3415,"log_pop":3.3374172701,"log_mass":6.0860685175},{"country_iso":"AGO","city_id":3415,"log_pop":3.7659139126,"log_mass":6.4010765151},{"country_iso":"AGO","city_id":3415,"log_pop":2.3436939824,"log_mass":5.0033605602},{"country_iso":"AGO","city_id":3415,"log_pop":2.8973041267,"log_mass":5.6782955872},{"country_iso":"AGO","city_id":3415,"log_pop":1.1216441009,"log_mass":3.8798455093},{"country_iso":"AGO","city_id":3415,"log_pop":1.7444783428,"log_mass":4.6001814719},{"country_iso":"AGO","city_id":3415,"log_pop":2.0838602631,"log_mass":4.9770196809},{"country_iso":"AGO","city_id":3415,"log_pop":3.8250058283,"log_mass":6.5226959486},{"country_iso":"AGO","city_id":3415,"log_pop":3.5915590295,"log_mass":6.2052475866},{"country_iso":"AGO","city_id":3415,"log_pop":2.2941421615,"log_mass":5.0074801739},{"country_iso":"AGO","city_id":3415,"log_pop":2.0263352378,"log_mass":4.847586497},{"country_iso":"AGO","city_id":3415,"log_pop":3.3740165198,"log_mass":6.0641630135},{"country_iso":"AGO","city_id":3415,"log_pop":3.8857849964,"log_mass":6.5632939847},{"country_iso":"AGO","city_id":3415,"log_pop":3.2134317523,"log_mass":5.9013847448},{"country_iso":"AGO","city_id":3318,"log_pop":0.1789538841,"log_mass":3.1186695984},{"country_iso":"AGO","city_id":3318,"log_pop":2.525360127,"log_mass":5.2769946312},{"country_iso":"AGO","city_id":3318,"log_pop":0.9760864539,"log_mass":4.3110931925},{"country_iso":"AGO","city_id":3318,"log_pop":1.277053375,"log_mass":3.9979673737},{"country_iso":"AGO","city_id":3318,"log_pop":3.4464706809,"log_mass":6.0213652578},{"country_iso":"AGO","city_id":3318,"log_pop":3.4010797172,"log_mass":6.0302250099},{"country_iso":"AGO","city_id":3318,"log_pop":1.4555996018,"log_mass":4.1923163383},{"country_iso":"AGO","city_id":3318,"log_pop":3.4463521503,"log_mass":6.1064735107},{"country_iso":"AGO","city_id":3318,"log_pop":3.5705187458,"log_mass":6.252612373},{"country_iso":"AGO","city_id":3318,"log_pop":3.2017956509,"log_mass":5.8742481027},{"country_iso":"AGO","city_id":3318,"log_pop":2.2373449351,"log_mass":4.9007387327},{"country_iso":"AGO","city_id":3318,"log_pop":-1.4295380138,"log_mass":1.5681486521},{"country_iso":"AGO","city_id":3318,"log_pop":3.014846735,"log_mass":5.7010062917},{"country_iso":"AGO","city_id":3318,"log_pop":2.8389655158,"log_mass":5.5464594891},{"country_iso":"AGO","city_id":3318,"log_pop":2.7642797065,"log_mass":5.4557309184},{"country_iso":"AGO","city_id":3258,"log_pop":3.2584416492,"log_mass":5.6608780806},{"country_iso":"AGO","city_id":3258,"log_pop":2.8204676726,"log_mass":5.3207346126},{"country_iso":"AGO","city_id":3258,"log_pop":4.0571090455,"log_mass":6.4861699752},{"country_iso":"AGO","city_id":3258,"log_pop":3.2041169354,"log_mass":5.5259017605},{"country_iso":"AGO","city_id":3258,"log_pop":-0.4618019243,"log_mass":3.1748349949},{"country_iso":"AGO","city_id":3258,"log_pop":4.0428471419,"log_mass":6.4735068107},{"country_iso":"AGO","city_id":3258,"log_pop":3.4821267331,"log_mass":5.8134028529},{"country_iso":"AGO","city_id":3258,"log_pop":3.5656573697,"log_mass":6.0634837994},{"country_iso":"AGO","city_id":3258,"log_pop":4.0592788115,"log_mass":6.4870864583},{"country_iso":"AGO","city_id":3258,"log_pop":4.1223912323,"log_mass":6.5619506045},{"country_iso":"AGO","city_id":3258,"log_pop":2.9538753963,"log_mass":5.3791833062},{"country_iso":"AGO","city_id":3258,"log_pop":3.6409030113,"log_mass":6.0473870266},{"country_iso":"AGO","city_id":3258,"log_pop":2.1286557005,"log_mass":4.4756850845},{"country_iso":"AGO","city_id":3258,"log_pop":2.3376310501,"log_mass":4.7573945982},{"country_iso":"AGO","city_id":3258,"log_pop":3.6943881448,"log_mass":6.1309926355},{"country_iso":"AGO","city_id":3198,"log_pop":3.5439904531,"log_mass":5.8321225408},{"country_iso":"AGO","city_id":3198,"log_pop":1.8841771926,"log_mass":4.3301331167},{"country_iso":"AGO","city_id":3198,"log_pop":3.8923113249,"log_mass":6.1869051642},{"country_iso":"AGO","city_id":3198,"log_pop":4.2309227581,"log_mass":6.471360939},{"country_iso":"AGO","city_id":3198,"log_pop":3.6043865387,"log_mass":5.8569501403},{"country_iso":"AGO","city_id":3198,"log_pop":3.1501763107,"log_mass":5.3439107128},{"country_iso":"AGO","city_id":3198,"log_pop":1.1649615978,"log_mass":3.5625688588},{"country_iso":"AGO","city_id":3198,"log_pop":4.1616415328,"log_mass":6.431078648},{"country_iso":"AGO","city_id":3198,"log_pop":2.5950419441,"log_mass":4.8452774844},{"country_iso":"AGO","city_id":3198,"log_pop":3.3834100452,"log_mass":5.6383144144},{"country_iso":"AGO","city_id":3198,"log_pop":4.0071315751,"log_mass":6.3258727203},{"country_iso":"AGO","city_id":3198,"log_pop":3.0327751586,"log_mass":5.2899743508},{"country_iso":"AGO","city_id":3198,"log_pop":3.5618854786,"log_mass":5.904094987},{"country_iso":"AGO","city_id":3435,"log_pop":2.4330711571,"log_mass":5.3555200931},{"country_iso":"AGO","city_id":3435,"log_pop":2.7658815745,"log_mass":5.7009744564},{"country_iso":"AGO","city_id":3435,"log_pop":2.1825267197,"log_mass":5.1383195515},{"country_iso":"AGO","city_id":3435,"log_pop":3.3985020946,"log_mass":6.3338279358},{"country_iso":"AGO","city_id":3435,"log_pop":1.6667498287,"log_mass":4.6677534969},{"country_iso":"AGO","city_id":3435,"log_pop":3.4283778654,"log_mass":6.3783980863},{"country_iso":"AGO","city_id":3435,"log_pop":2.6047464696,"log_mass":5.5646384756},{"country_iso":"AGO","city_id":3435,"log_pop":1.4916629253,"log_mass":4.5511732629},{"country_iso":"AGO","city_id":3435,"log_pop":2.97499697,"log_mass":5.8981590941},{"country_iso":"AGO","city_id":3435,"log_pop":2.8000700128,"log_mass":5.6762934318},{"country_iso":"AGO","city_id":3435,"log_pop":2.3045993029,"log_mass":5.0757615334},{"country_iso":"AGO","city_id":3435,"log_pop":2.5170884392,"log_mass":5.5049386756},{"country_iso":"AGO","city_id":3079,"log_pop":1.9804323244,"log_mass":4.2557759259},{"country_iso":"AGO","city_id":3079,"log_pop":3.7693330128,"log_mass":5.8055706503},{"country_iso":"AGO","city_id":3079,"log_pop":2.8464026528,"log_mass":5.3406467704},{"country_iso":"AGO","city_id":3079,"log_pop":3.9254422038,"log_mass":6.0058870712},{"country_iso":"AGO","city_id":3079,"log_pop":3.2226784383,"log_mass":5.3384263793},{"country_iso":"AGO","city_id":3079,"log_pop":2.1413397432,"log_mass":4.7273933839},{"country_iso":"AGO","city_id":3079,"log_pop":1.6223482686,"log_mass":4.0987405535},{"country_iso":"AGO","city_id":3079,"log_pop":2.7165382125,"log_mass":5.1866797784},{"country_iso":"AGO","city_id":3432,"log_pop":1.6002113379,"log_mass":4.8899323729},{"country_iso":"AGO","city_id":3432,"log_pop":2.2873771201,"log_mass":5.3469740745},{"country_iso":"AGO","city_id":3432,"log_pop":1.8318118293,"log_mass":4.6843914095},{"country_iso":"AGO","city_id":3432,"log_pop":0.3516130997,"log_mass":3.682658769},{"country_iso":"AGO","city_id":3432,"log_pop":2.9181688225,"log_mass":5.9722400061},{"country_iso":"AGO","city_id":3432,"log_pop":3.1719787412,"log_mass":6.1609752642},{"country_iso":"AGO","city_id":3432,"log_pop":1.3071914521,"log_mass":3.964346225},{"country_iso":"AGO","city_id":3217,"log_pop":2.1671314787,"log_mass":4.9548642131},{"country_iso":"AGO","city_id":3217,"log_pop":2.4508985274,"log_mass":5.124539018},{"country_iso":"AGO","city_id":3217,"log_pop":3.2313591626,"log_mass":5.9453209853},{"country_iso":"AGO","city_id":3217,"log_pop":3.0076440867,"log_mass":5.7990686012},{"country_iso":"AGO","city_id":3217,"log_pop":0.7987720564,"log_mass":3.6949724967},{"country_iso":"AGO","city_id":3217,"log_pop":2.5974941015,"log_mass":5.2846543923},{"country_iso":"AGO","city_id":3217,"log_pop":3.5092322947,"log_mass":6.2736891062},{"country_iso":"AGO","city_id":3109,"log_pop":3.5305906369,"log_mass":5.7933309355},{"country_iso":"AGO","city_id":3109,"log_pop":3.938009168,"log_mass":6.3126274233},{"country_iso":"AGO","city_id":3109,"log_pop":2.9143392577,"log_mass":5.3861460858},{"country_iso":"AGO","city_id":3109,"log_pop":2.0061782697,"log_mass":4.3323658697},{"country_iso":"AGO","city_id":3109,"log_pop":2.1991634961,"log_mass":4.7640215719},{"country_iso":"AGO","city_id":3109,"log_pop":2.9148400331,"log_mass":5.4247263262},{"country_iso":"AGO","city_id":3109,"log_pop":0.5345814567,"log_mass":3.6608028872},{"country_iso":"AGO","city_id":3197,"log_pop":1.8045041777,"log_mass":4.7812888622},{"country_iso":"AGO","city_id":3197,"log_pop":2.350124521,"log_mass":5.4905295347},{"country_iso":"AGO","city_id":3197,"log_pop":2.9635082703,"log_mass":6.0028356989},{"country_iso":"AGO","city_id":3197,"log_pop":1.5506087571,"log_mass":5.0092995937},{"country_iso":"AGO","city_id":3197,"log_pop":2.1482168926,"log_mass":5.3989308192},{"country_iso":"AGO","city_id":3197,"log_pop":-0.0538145366,"log_mass":4.0784203064},{"country_iso":"AGO","city_id":3197,"log_pop":2.2919989169,"log_mass":5.460725189},{"country_iso":"AGO","city_id":3160,"log_pop":2.6117628218,"log_mass":5.300722751},{"country_iso":"AGO","city_id":3160,"log_pop":1.3076554442,"log_mass":4.4244951407},{"country_iso":"AGO","city_id":3160,"log_pop":2.3958577712,"log_mass":5.3714827411},{"country_iso":"AGO","city_id":3160,"log_pop":0.7203657724,"log_mass":3.9591453917},{"country_iso":"AGO","city_id":3160,"log_pop":1.6931827716,"log_mass":4.41667125},{"country_iso":"AGO","city_id":3160,"log_pop":1.3526355439,"log_mass":4.7705055638},{"country_iso":"AGO","city_id":3231,"log_pop":1.2901269574,"log_mass":4.5927672129},{"country_iso":"AGO","city_id":3231,"log_pop":1.1124716536,"log_mass":4.3527443286},{"country_iso":"AGO","city_id":3231,"log_pop":1.3259571904,"log_mass":4.661697331},{"country_iso":"AGO","city_id":3231,"log_pop":1.0545111481,"log_mass":4.3719434492},{"country_iso":"AGO","city_id":3231,"log_pop":3.1266326762,"log_mass":5.9293018248},{"country_iso":"AGO","city_id":3231,"log_pop":0.8375745868,"log_mass":4.1214474766},{"country_iso":"AGO","city_id":3145,"log_pop":3.1638870973,"log_mass":5.8598259803},{"country_iso":"AGO","city_id":3145,"log_pop":3.0412051689,"log_mass":5.6716254678},{"country_iso":"AGO","city_id":3145,"log_pop":2.4053913924,"log_mass":5.0553125654},{"country_iso":"AGO","city_id":3145,"log_pop":3.3295108349,"log_mass":5.9304659281},{"country_iso":"AGO","city_id":3145,"log_pop":3.085580945,"log_mass":5.6968092338},{"country_iso":"AGO","city_id":3210,"log_pop":2.787487242,"log_mass":5.2661483061},{"country_iso":"AGO","city_id":3210,"log_pop":0.602700442,"log_mass":4.4119377855},{"country_iso":"AGO","city_id":3210,"log_pop":3.5516261007,"log_mass":6.1511093738},{"country_iso":"AGO","city_id":3210,"log_pop":2.9243197862,"log_mass":5.439644727},{"country_iso":"AGO","city_id":3210,"log_pop":2.4350686965,"log_mass":4.9097401144},{"country_iso":"AGO","city_id":3336,"log_pop":1.3160208664,"log_mass":4.7397997704},{"country_iso":"AGO","city_id":3336,"log_pop":3.2049767931,"log_mass":6.1830253245},{"country_iso":"AGO","city_id":3336,"log_pop":1.3787284006,"log_mass":4.9557490461},{"country_iso":"AGO","city_id":3336,"log_pop":2.9258076373,"log_mass":5.8967214748},{"country_iso":"AGO","city_id":3336,"log_pop":2.9275611935,"log_mass":5.9211322989},{"country_iso":"AGO","city_id":3315,"log_pop":2.7965020394,"log_mass":5.9029386089},{"country_iso":"AGO","city_id":3315,"log_pop":0.6254683895,"log_mass":4.3679131563},{"country_iso":"AGO","city_id":3315,"log_pop":1.4708344962,"log_mass":5.1343092088},{"country_iso":"AGO","city_id":3315,"log_pop":1.9866340058,"log_mass":5.4304762133},{"country_iso":"AGO","city_id":3315,"log_pop":-0.2865498273,"log_mass":3.4086091899},{"country_iso":"AGO","city_id":3011,"log_pop":2.5477021744,"log_mass":5.2680283785},{"country_iso":"AGO","city_id":3011,"log_pop":3.434895847,"log_mass":6.1670952207},{"country_iso":"AGO","city_id":3011,"log_pop":3.5498644126,"log_mass":6.2088158376},{"country_iso":"AGO","city_id":3011,"log_pop":1.3040412121,"log_mass":3.9461138145},{"country_iso":"AGO","city_id":3011,"log_pop":3.0032986162,"log_mass":5.6075869724},{"country_iso":"AGO","city_id":3474,"log_pop":1.8720926038,"log_mass":5.0126521094},{"country_iso":"AGO","city_id":3474,"log_pop":0.6130870689,"log_mass":4.2689139067},{"country_iso":"AGO","city_id":3474,"log_pop":2.7154300347,"log_mass":5.8096657604},{"country_iso":"AGO","city_id":3474,"log_pop":2.9986850428,"log_mass":6.0133506944},{"country_iso":"AGO","city_id":3474,"log_pop":2.8253940831,"log_mass":5.9794482462},{"country_iso":"AGO","city_id":3188,"log_pop":2.6731541193,"log_mass":5.1533619139},{"country_iso":"AGO","city_id":3188,"log_pop":3.7201686833,"log_mass":6.2743613683},{"country_iso":"AGO","city_id":3188,"log_pop":0.5530141006,"log_mass":3.1241810774},{"country_iso":"AGO","city_id":3188,"log_pop":3.5366184231,"log_mass":6.0774312602},{"country_iso":"AGO","city_id":3188,"log_pop":3.6474501871,"log_mass":6.1787352242},{"country_iso":"AGO","city_id":3275,"log_pop":2.6482622898,"log_mass":5.9175875361},{"country_iso":"AGO","city_id":3275,"log_pop":2.8112279015,"log_mass":6.0601375659},{"country_iso":"AGO","city_id":3275,"log_pop":0.0395499143,"log_mass":3.5244640333},{"country_iso":"AGO","city_id":3275,"log_pop":2.6210289215,"log_mass":5.9465575405},{"country_iso":"AGO","city_id":3275,"log_pop":0.2816522513,"log_mass":3.8677426574},{"country_iso":"AGO","city_id":3189,"log_pop":2.0398534291,"log_mass":5.2194703972},{"country_iso":"AGO","city_id":3189,"log_pop":2.0615302448,"log_mass":5.3706630187},{"country_iso":"AGO","city_id":3189,"log_pop":0.1722173418,"log_mass":3.9439761218},{"country_iso":"AGO","city_id":3189,"log_pop":1.589885132,"log_mass":5.0569024611},{"country_iso":"AGO","city_id":3307,"log_pop":0.3944217406,"log_mass":4.1024556626},{"country_iso":"AGO","city_id":3307,"log_pop":2.1298892045,"log_mass":5.2998799591},{"country_iso":"AGO","city_id":3307,"log_pop":1.5731686591,"log_mass":5.037495938},{"country_iso":"AGO","city_id":3307,"log_pop":0.9309614142,"log_mass":4.3549057825},{"country_iso":"AGO","city_id":3254,"log_pop":1.7572823207,"log_mass":4.7051497552},{"country_iso":"AGO","city_id":3254,"log_pop":2.5202710649,"log_mass":5.42118989},{"country_iso":"AGO","city_id":3254,"log_pop":1.8666955861,"log_mass":4.8809409368},{"country_iso":"AGO","city_id":3254,"log_pop":0.9806948903,"log_mass":3.636087547},{"country_iso":"AGO","city_id":3496,"log_pop":1.8043939571,"log_mass":5.839603597},{"country_iso":"AGO","city_id":3496,"log_pop":0.97979021,"log_mass":5.0533305165},{"country_iso":"AGO","city_id":3496,"log_pop":-0.1403279553,"log_mass":4.027806215},{"country_iso":"AGO","city_id":3496,"log_pop":1.676892095,"log_mass":5.5504898207},{"country_iso":"AGO","city_id":3144,"log_pop":3.1101771761,"log_mass":5.7804567366},{"country_iso":"AGO","city_id":3144,"log_pop":2.8120354916,"log_mass":5.5699522974},{"country_iso":"AGO","city_id":3144,"log_pop":2.0947209893,"log_mass":4.6669055953},{"country_iso":"AGO","city_id":3144,"log_pop":1.808472282,"log_mass":4.3030083848},{"country_iso":"AGO","city_id":3184,"log_pop":0.4931455051,"log_mass":3.7586327937},{"country_iso":"AGO","city_id":3184,"log_pop":0.4332889891,"log_mass":4.1019370603},{"country_iso":"AGO","city_id":3184,"log_pop":2.8525220417,"log_mass":6.1431948721},{"country_iso":"AGO","city_id":3184,"log_pop":1.6513623668,"log_mass":5.0250887651},{"country_iso":"AGO","city_id":3103,"log_pop":3.3907023633,"log_mass":5.9529880874},{"country_iso":"AGO","city_id":3103,"log_pop":3.2697880876,"log_mass":5.8993456325},{"country_iso":"AGO","city_id":3103,"log_pop":3.2038668183,"log_mass":5.8689836282},{"country_iso":"AGO","city_id":3103,"log_pop":1.3770132019,"log_mass":4.5271166124},{"country_iso":"AGO","city_id":3247,"log_pop":2.6256973301,"log_mass":5.7632188715},{"country_iso":"AGO","city_id":3247,"log_pop":1.1807116446,"log_mass":4.754081125},{"country_iso":"AGO","city_id":3247,"log_pop":0.3065237234,"log_mass":3.8821252878},{"country_iso":"AGO","city_id":3273,"log_pop":0.6850678136,"log_mass":4.6302006764},{"country_iso":"AGO","city_id":3273,"log_pop":1.6439589841,"log_mass":5.7343290201},{"country_iso":"AGO","city_id":3273,"log_pop":0.0969225543,"log_mass":4.5267311731},{"country_iso":"AGO","city_id":3249,"log_pop":-0.0792452428,"log_mass":3.6705130924},{"country_iso":"AGO","city_id":3249,"log_pop":2.5872192088,"log_mass":5.6504786248},{"country_iso":"AGO","city_id":3249,"log_pop":0.9444819698,"log_mass":4.3793953246},{"country_iso":"AGO","city_id":3100,"log_pop":2.2903345078,"log_mass":4.8549790693},{"country_iso":"AGO","city_id":3100,"log_pop":3.0992421018,"log_mass":5.5516856221},{"country_iso":"AGO","city_id":3100,"log_pop":2.4764544019,"log_mass":4.8709628158},{"country_iso":"AGO","city_id":3178,"log_pop":0.8061748841,"log_mass":4.0380650284},{"country_iso":"AGO","city_id":3178,"log_pop":-0.2266550302,"log_mass":4.1479868196},{"country_iso":"AGO","city_id":3178,"log_pop":0.924165874,"log_mass":3.8413197187},{"country_iso":"AGO","city_id":3238,"log_pop":1.5477622385,"log_mass":4.9253005167},{"country_iso":"AGO","city_id":3238,"log_pop":1.3892524733,"log_mass":4.6570412747},{"country_iso":"AGO","city_id":3175,"log_pop":-0.11101741,"log_mass":3.9762843622},{"country_iso":"AGO","city_id":3200,"log_pop":1.0093387452,"log_mass":4.2066063756},{"country_iso":"AGO","city_id":3087,"log_pop":1.5580143154,"log_mass":4.81934849},{"country_iso":"AGO","city_id":3234,"log_pop":0.2705222313,"log_mass":4.2780158634}]