[{"country_iso":"FIN","city_id":3244,"log_pop":2.5699792211,"log_mass":5.5412199414},{"country_iso":"FIN","city_id":3244,"log_pop":3.5419557534,"log_mass":6.3597926735},{"country_iso":"FIN","city_id":3244,"log_pop":3.7223592608,"log_mass":6.5361092658},{"country_iso":"FIN","city_id":3244,"log_pop":3.4818728145,"log_mass":6.280220596},{"country_iso":"FIN","city_id":3244,"log_pop":0.662669111,"log_mass":3.5239956322},{"country_iso":"FIN","city_id":3244,"log_pop":3.3325261939,"log_mass":6.205878289},{"country_iso":"FIN","city_id":3244,"log_pop":3.2759794958,"log_mass":6.1225713127},{"country_iso":"FIN","city_id":3244,"log_pop":3.1622494504,"log_mass":6.1391950547},{"country_iso":"FIN","city_id":3244,"log_pop":3.6617365513,"log_mass":6.5805041448},{"country_iso":"FIN","city_id":3244,"log_pop":3.6936581873,"log_mass":6.3718869255},{"country_iso":"FIN","city_id":3244,"log_pop":3.443496868,"log_mass":6.3013541601},{"country_iso":"FIN","city_id":3244,"log_pop":2.987635898,"log_mass":5.8489835956},{"country_iso":"FIN","city_id":3244,"log_pop":3.6336872439,"log_mass":6.4350482699},{"country_iso":"FIN","city_id":3244,"log_pop":0.8982203563,"log_mass":3.6753811832},{"country_iso":"FIN","city_id":3244,"log_pop":3.5937725753,"log_mass":6.3469171103},{"country_iso":"FIN","city_id":3244,"log_pop":1.8070387666,"log_mass":5.030127501},{"country_iso":"FIN","city_id":3244,"log_pop":3.6249721786,"log_mass":6.4976334851},{"country_iso":"FIN","city_id":3244,"log_pop":3.6922289112,"log_mass":6.6121430333},{"country_iso":"FIN","city_id":3244,"log_pop":2.8130819309,"log_mass":5.7628137051},{"country_iso":"FIN","city_id":3244,"log_pop":1.1551559907,"log_mass":5.296153953},{"country_iso":"FIN","city_id":3244,"log_pop":2.8290017715,"log_mass":5.8969503064},{"country_iso":"FIN","city_id":3244,"log_pop":3.7313662524,"log_mass":6.4930374771},{"country_iso":"FIN","city_id":3244,"log_pop":3.4871848859,"log_mass":6.2529048262},{"country_iso":"FIN","city_id":3244,"log_pop":3.2131602379,"log_mass":6.0316629066},{"country_iso":"FIN","city_id":3244,"log_pop":2.3084608218,"log_mass":5.0687996098},{"country_iso":"FIN","city_id":3244,"log_pop":2.5985012204,"log_mass":5.3570995563},{"country_iso":"FIN","city_id":3244,"log_pop":2.2996049712,"log_mass":5.0239212594},{"country_iso":"FIN","city_id":3244,"log_pop":3.1869069034,"log_mass":5.9881735872},{"country_iso":"FIN","city_id":3244,"log_pop":3.5687021903,"log_mass":6.5363492418},{"country_iso":"FIN","city_id":3244,"log_pop":2.7881443207,"log_mass":5.7509880792},{"country_iso":"FIN","city_id":3244,"log_pop":3.6833967263,"log_mass":6.3628534075},{"country_iso":"FIN","city_id":3244,"log_pop":2.8560187548,"log_mass":5.792515116},{"country_iso":"FIN","city_id":3244,"log_pop":3.3035245842,"log_mass":6.251353095},{"country_iso":"FIN","city_id":3244,"log_pop":3.1036744828,"log_mass":6.1895501617},{"country_iso":"FIN","city_id":3244,"log_pop":3.797377014,"log_mass":6.4905478599},{"country_iso":"FIN","city_id":3244,"log_pop":2.9580781537,"log_mass":6.0956121618},{"country_iso":"FIN","city_id":3244,"log_pop":3.5287132607,"log_mass":6.6236373805},{"country_iso":"FIN","city_id":3244,"log_pop":3.5133529678,"log_mass":6.6074344502},{"country_iso":"FIN","city_id":3244,"log_pop":-0.0184742927,"log_mass":2.9770198593},{"country_iso":"FIN","city_id":3244,"log_pop":3.2734701875,"log_mass":6.3644596304},{"country_iso":"FIN","city_id":3244,"log_pop":2.6519568141,"log_mass":5.6532107863},{"country_iso":"FIN","city_id":3244,"log_pop":2.8186199564,"log_mass":6.0109114459},{"country_iso":"FIN","city_id":3244,"log_pop":0.9443398063,"log_mass":4.1869033378},{"country_iso":"FIN","city_id":3244,"log_pop":3.3829824192,"log_mass":6.4984860304},{"country_iso":"FIN","city_id":3244,"log_pop":3.2511808297,"log_mass":5.85136148},{"country_iso":"FIN","city_id":3244,"log_pop":-1.1280886402,"log_mass":2.0708300475},{"country_iso":"FIN","city_id":3244,"log_pop":3.850609157,"log_mass":6.5168693646},{"country_iso":"FIN","city_id":3244,"log_pop":2.5337851511,"log_mass":5.069596828},{"country_iso":"FIN","city_id":3244,"log_pop":3.9297521537,"log_mass":6.365056944},{"country_iso":"FIN","city_id":3244,"log_pop":3.4049443859,"log_mass":6.3552763155},{"country_iso":"FIN","city_id":3244,"log_pop":3.8647470441,"log_mass":6.3769674031},{"country_iso":"FIN","city_id":3244,"log_pop":2.6755175972,"log_mass":5.4876370472},{"country_iso":"FIN","city_id":3244,"log_pop":3.6632018922,"log_mass":6.379802099},{"country_iso":"FIN","city_id":3244,"log_pop":3.8424479067,"log_mass":6.5159238517},{"country_iso":"FIN","city_id":3244,"log_pop":3.8065089696,"log_mass":6.3581814229},{"country_iso":"FIN","city_id":3244,"log_pop":3.5719980585,"log_mass":6.2433768867},{"country_iso":"FIN","city_id":3244,"log_pop":1.8919452869,"log_mass":5.28566276},{"country_iso":"FIN","city_id":3244,"log_pop":4.1101284867,"log_mass":6.6789427169},{"country_iso":"FIN","city_id":3244,"log_pop":4.0501410251,"log_mass":6.5256902872},{"country_iso":"FIN","city_id":3244,"log_pop":4.1338714798,"log_mass":6.9857836909},{"country_iso":"FIN","city_id":3244,"log_pop":3.882756726,"log_mass":6.4249517158},{"country_iso":"FIN","city_id":3244,"log_pop":3.9834690991,"log_mass":6.5555599219},{"country_iso":"FIN","city_id":3244,"log_pop":4.0107198051,"log_mass":6.5082667211},{"country_iso":"FIN","city_id":3244,"log_pop":3.8553722627,"log_mass":6.3907314007},{"country_iso":"FIN","city_id":3244,"log_pop":4.0311620493,"log_mass":6.5676674204},{"country_iso":"FIN","city_id":3244,"log_pop":4.0581885571,"log_mass":6.5275561146},{"country_iso":"FIN","city_id":3244,"log_pop":3.8073713936,"log_mass":6.3599433105},{"country_iso":"FIN","city_id":3244,"log_pop":3.0656961793,"log_mass":5.974797887},{"country_iso":"FIN","city_id":3244,"log_pop":1.5227221439,"log_mass":4.7077442036},{"country_iso":"FIN","city_id":3244,"log_pop":2.9421564404,"log_mass":5.9309736977},{"country_iso":"FIN","city_id":3244,"log_pop":2.9724344144,"log_mass":5.709159758},{"country_iso":"FIN","city_id":3244,"log_pop":3.0866934627,"log_mass":6.2147419859},{"country_iso":"FIN","city_id":3244,"log_pop":3.5626515846,"log_mass":6.1127311738},{"country_iso":"FIN","city_id":3244,"log_pop":4.0301378829,"log_mass":6.5656407649},{"country_iso":"FIN","city_id":3244,"log_pop":3.1844472295,"log_mass":5.7875243993},{"country_iso":"FIN","city_id":3244,"log_pop":3.7917980152,"log_mass":6.5619060073},{"country_iso":"FIN","city_id":3244,"log_pop":3.950402853,"log_mass":6.494905551},{"country_iso":"FIN","city_id":3244,"log_pop":3.721351628,"log_mass":6.3103544034},{"country_iso":"FIN","city_id":3244,"log_pop":4.0880540406,"log_mass":6.7158389922},{"country_iso":"FIN","city_id":3244,"log_pop":3.9271551963,"log_mass":6.4441698513},{"country_iso":"FIN","city_id":3244,"log_pop":3.9802310863,"log_mass":6.5534741924},{"country_iso":"FIN","city_id":3244,"log_pop":3.9500070698,"log_mass":6.4519830654},{"country_iso":"FIN","city_id":3244,"log_pop":3.6576220292,"log_mass":6.2948192139},{"country_iso":"FIN","city_id":3244,"log_pop":4.0321895163,"log_mass":6.5645497134},{"country_iso":"FIN","city_id":3244,"log_pop":3.7064811887,"log_mass":6.3526366117},{"country_iso":"FIN","city_id":3244,"log_pop":3.7640670469,"log_mass":6.2551071039},{"country_iso":"FIN","city_id":3244,"log_pop":3.5512509237,"log_mass":6.4881736518},{"country_iso":"FIN","city_id":3244,"log_pop":3.8968251883,"log_mass":6.4182952696},{"country_iso":"FIN","city_id":3244,"log_pop":4.0027575142,"log_mass":6.4922045453},{"country_iso":"FIN","city_id":3244,"log_pop":3.3786116583,"log_mass":5.9301564933},{"country_iso":"FIN","city_id":3244,"log_pop":2.4177193126,"log_mass":5.4135047866},{"country_iso":"FIN","city_id":3244,"log_pop":4.0071195626,"log_mass":6.5082664689},{"country_iso":"FIN","city_id":3244,"log_pop":3.7141355076,"log_mass":6.6074207664},{"country_iso":"FIN","city_id":3244,"log_pop":4.0534645274,"log_mass":6.7441212727},{"country_iso":"FIN","city_id":3244,"log_pop":3.3363737165,"log_mass":6.5102894872},{"country_iso":"FIN","city_id":3244,"log_pop":4.0818055584,"log_mass":7.0217184068},{"country_iso":"FIN","city_id":3244,"log_pop":3.6138962908,"log_mass":6.4633622987},{"country_iso":"FIN","city_id":3244,"log_pop":2.9846462801,"log_mass":5.7713641224},{"country_iso":"FIN","city_id":3244,"log_pop":3.1020738231,"log_mass":6.3466748925},{"country_iso":"FIN","city_id":3244,"log_pop":0.9013881929,"log_mass":3.9462825281},{"country_iso":"FIN","city_id":3244,"log_pop":0.9215749546,"log_mass":3.8148416151},{"country_iso":"FIN","city_id":3244,"log_pop":2.4751328648,"log_mass":5.5792704601},{"country_iso":"FIN","city_id":3244,"log_pop":3.3960321613,"log_mass":6.3881400661},{"country_iso":"FIN","city_id":3244,"log_pop":3.2521386611,"log_mass":6.4085779325},{"country_iso":"FIN","city_id":3244,"log_pop":3.3503396987,"log_mass":6.0665932233},{"country_iso":"FIN","city_id":3244,"log_pop":1.9592999711,"log_mass":5.3499194533},{"country_iso":"FIN","city_id":3244,"log_pop":3.5939767227,"log_mass":6.5113189042},{"country_iso":"FIN","city_id":3244,"log_pop":2.8898785808,"log_mass":5.8831739429},{"country_iso":"FIN","city_id":3244,"log_pop":3.8777840121,"log_mass":6.6106173946},{"country_iso":"FIN","city_id":3244,"log_pop":3.4209335197,"log_mass":6.3849592306},{"country_iso":"FIN","city_id":3244,"log_pop":3.6469514409,"log_mass":6.6239017067},{"country_iso":"FIN","city_id":3244,"log_pop":2.6868945243,"log_mass":5.7458198061},{"country_iso":"FIN","city_id":3244,"log_pop":3.9603749588,"log_mass":6.472991259},{"country_iso":"FIN","city_id":3244,"log_pop":2.2945313215,"log_mass":4.9423247794},{"country_iso":"FIN","city_id":3244,"log_pop":1.2764522225,"log_mass":3.786298875},{"country_iso":"FIN","city_id":3191,"log_pop":2.3154935217,"log_mass":5.2974633884},{"country_iso":"FIN","city_id":3191,"log_pop":2.916565702,"log_mass":5.7042934534},{"country_iso":"FIN","city_id":3191,"log_pop":2.6562185141,"log_mass":5.4831335951},{"country_iso":"FIN","city_id":3191,"log_pop":2.7705578939,"log_mass":5.7164399015},{"country_iso":"FIN","city_id":3191,"log_pop":3.010848277,"log_mass":5.9199685038},{"country_iso":"FIN","city_id":3191,"log_pop":2.4186384097,"log_mass":5.1533219744},{"country_iso":"FIN","city_id":3191,"log_pop":2.0492068697,"log_mass":4.8605675036},{"country_iso":"FIN","city_id":3191,"log_pop":2.1259146824,"log_mass":5.0023135311},{"country_iso":"FIN","city_id":3191,"log_pop":3.610467941,"log_mass":6.4584943255},{"country_iso":"FIN","city_id":3191,"log_pop":1.5144129746,"log_mass":4.6763612396},{"country_iso":"FIN","city_id":3191,"log_pop":3.3387344654,"log_mass":6.2145277012},{"country_iso":"FIN","city_id":3191,"log_pop":3.4113594798,"log_mass":6.4111751079},{"country_iso":"FIN","city_id":3191,"log_pop":3.3444308127,"log_mass":6.3563106192},{"country_iso":"FIN","city_id":3191,"log_pop":3.0725785872,"log_mass":5.8630199826},{"country_iso":"FIN","city_id":3191,"log_pop":0.8658181949,"log_mass":4.4029795677},{"country_iso":"FIN","city_id":3191,"log_pop":2.8935481312,"log_mass":5.9271046713},{"country_iso":"FIN","city_id":3191,"log_pop":3.1506105956,"log_mass":6.0063670593},{"country_iso":"FIN","city_id":3191,"log_pop":1.8609410624,"log_mass":4.9417598521},{"country_iso":"FIN","city_id":3191,"log_pop":2.4993172597,"log_mass":5.3771609878},{"country_iso":"FIN","city_id":3191,"log_pop":1.6461269509,"log_mass":4.2970630423},{"country_iso":"FIN","city_id":3191,"log_pop":1.2093776672,"log_mass":4.7499426899},{"country_iso":"FIN","city_id":3191,"log_pop":3.4048076411,"log_mass":6.3508021751},{"country_iso":"FIN","city_id":3191,"log_pop":3.6911817913,"log_mass":6.7927433411},{"country_iso":"FIN","city_id":3191,"log_pop":2.9295549581,"log_mass":5.8377049123},{"country_iso":"FIN","city_id":3191,"log_pop":3.3136650013,"log_mass":6.226079896},{"country_iso":"FIN","city_id":3191,"log_pop":3.624117219,"log_mass":6.4329125166},{"country_iso":"FIN","city_id":3191,"log_pop":3.755024638,"log_mass":6.6191314313},{"country_iso":"FIN","city_id":3191,"log_pop":3.0525016821,"log_mass":6.0834368249},{"country_iso":"FIN","city_id":3146,"log_pop":2.2861504642,"log_mass":5.1683881816},{"country_iso":"FIN","city_id":3146,"log_pop":0.8067680078,"log_mass":3.989454655},{"country_iso":"FIN","city_id":3146,"log_pop":3.5884560226,"log_mass":6.4977680994},{"country_iso":"FIN","city_id":3146,"log_pop":3.7292537689,"log_mass":6.7298725608},{"country_iso":"FIN","city_id":3146,"log_pop":0.8448165734,"log_mass":3.6450698197},{"country_iso":"FIN","city_id":3146,"log_pop":3.3453727463,"log_mass":6.2732381553},{"country_iso":"FIN","city_id":3146,"log_pop":3.5738338917,"log_mass":6.5500693519},{"country_iso":"FIN","city_id":3146,"log_pop":3.7750654066,"log_mass":6.7647297383},{"country_iso":"FIN","city_id":3146,"log_pop":2.5613471955,"log_mass":5.4782449734},{"country_iso":"FIN","city_id":3146,"log_pop":0.9722775393,"log_mass":3.7631921847},{"country_iso":"FIN","city_id":3146,"log_pop":2.9832404164,"log_mass":5.7955950993},{"country_iso":"FIN","city_id":3146,"log_pop":3.3064462317,"log_mass":6.3128038066},{"country_iso":"FIN","city_id":3146,"log_pop":3.1341682432,"log_mass":6.0025397419},{"country_iso":"FIN","city_id":3146,"log_pop":3.5154069856,"log_mass":6.4592138901},{"country_iso":"FIN","city_id":3146,"log_pop":2.6501486892,"log_mass":5.7781383795},{"country_iso":"FIN","city_id":3146,"log_pop":2.4445496313,"log_mass":5.3880272448},{"country_iso":"FIN","city_id":3146,"log_pop":3.1377528693,"log_mass":5.9947202168},{"country_iso":"FIN","city_id":3146,"log_pop":0.3273883875,"log_mass":3.3104648119},{"country_iso":"FIN","city_id":3146,"log_pop":3.3364508102,"log_mass":6.1937035582},{"country_iso":"FIN","city_id":3185,"log_pop":2.0219131393,"log_mass":6.3243578906},{"country_iso":"FIN","city_id":3185,"log_pop":2.7601872399,"log_mass":6.1206864487},{"country_iso":"FIN","city_id":3185,"log_pop":2.0906721168,"log_mass":5.7329786086},{"country_iso":"FIN","city_id":3185,"log_pop":3.4966639913,"log_mass":6.6661821344},{"country_iso":"FIN","city_id":3185,"log_pop":3.3245354143,"log_mass":6.3736370269},{"country_iso":"FIN","city_id":3185,"log_pop":2.7248783694,"log_mass":5.8544777917},{"country_iso":"FIN","city_id":3185,"log_pop":3.345853711,"log_mass":6.3843302046},{"country_iso":"FIN","city_id":3185,"log_pop":2.9989254445,"log_mass":6.1970531264},{"country_iso":"FIN","city_id":3185,"log_pop":3.4166749501,"log_mass":6.5345109659},{"country_iso":"FIN","city_id":3185,"log_pop":2.999183423,"log_mass":5.9989246877},{"country_iso":"FIN","city_id":3185,"log_pop":3.5619582855,"log_mass":6.757720358},{"country_iso":"FIN","city_id":3185,"log_pop":2.708806136,"log_mass":5.8812337026},{"country_iso":"FIN","city_id":3185,"log_pop":2.5794635085,"log_mass":5.6458872931},{"country_iso":"FIN","city_id":3185,"log_pop":2.1323700645,"log_mass":5.3242786712},{"country_iso":"FIN","city_id":3185,"log_pop":3.3870946387,"log_mass":6.3986442349},{"country_iso":"FIN","city_id":3185,"log_pop":2.1282364995,"log_mass":5.4670179618},{"country_iso":"FIN","city_id":3185,"log_pop":3.0861984141,"log_mass":6.2173648246},{"country_iso":"FIN","city_id":3185,"log_pop":2.3983281608,"log_mass":5.6321916797},{"country_iso":"FIN","city_id":3185,"log_pop":2.3673925748,"log_mass":5.4532634277},{"country_iso":"FIN","city_id":3242,"log_pop":3.117911184,"log_mass":6.2099179415},{"country_iso":"FIN","city_id":3242,"log_pop":2.8034687812,"log_mass":6.0079254886},{"country_iso":"FIN","city_id":3242,"log_pop":2.8876677362,"log_mass":5.9110566345},{"country_iso":"FIN","city_id":3242,"log_pop":2.4149988414,"log_mass":5.7130974109},{"country_iso":"FIN","city_id":3242,"log_pop":1.0415461143,"log_mass":3.9701785676},{"country_iso":"FIN","city_id":3242,"log_pop":3.4801027449,"log_mass":6.6172203187},{"country_iso":"FIN","city_id":3242,"log_pop":2.4192404232,"log_mass":5.7577692411},{"country_iso":"FIN","city_id":3242,"log_pop":2.2935864087,"log_mass":5.3065002782},{"country_iso":"FIN","city_id":3242,"log_pop":2.9067849123,"log_mass":6.073634449},{"country_iso":"FIN","city_id":3242,"log_pop":2.8372228659,"log_mass":6.1417295061},{"country_iso":"FIN","city_id":3242,"log_pop":3.0378926914,"log_mass":6.16068558},{"country_iso":"FIN","city_id":3242,"log_pop":3.1656995412,"log_mass":6.3665008721},{"country_iso":"FIN","city_id":3295,"log_pop":3.1613686399,"log_mass":6.3691017557},{"country_iso":"FIN","city_id":3295,"log_pop":3.4975689212,"log_mass":6.7102424514},{"country_iso":"FIN","city_id":3295,"log_pop":2.1270938534,"log_mass":5.4824074137},{"country_iso":"FIN","city_id":3295,"log_pop":3.0884613911,"log_mass":6.301771396},{"country_iso":"FIN","city_id":3295,"log_pop":3.0517749681,"log_mass":6.1714893951},{"country_iso":"FIN","city_id":3295,"log_pop":2.4742074761,"log_mass":5.5644374043},{"country_iso":"FIN","city_id":3295,"log_pop":2.9262888357,"log_mass":6.0344114711},{"country_iso":"FIN","city_id":3295,"log_pop":0.8466541183,"log_mass":4.882477461},{"country_iso":"FIN","city_id":3295,"log_pop":2.9953470621,"log_mass":6.1005244091},{"country_iso":"FIN","city_id":3295,"log_pop":1.4630950808,"log_mass":4.3192305794},{"country_iso":"FIN","city_id":3295,"log_pop":2.1101587243,"log_mass":5.401901746}]