[{"country_iso":"SVK","city_id":3069,"log_pop":2.1533375482,"log_mass":4.9476329251},{"country_iso":"SVK","city_id":3069,"log_pop":3.5551960079,"log_mass":6.1010484518},{"country_iso":"SVK","city_id":3069,"log_pop":3.9448422853,"log_mass":6.6264514878},{"country_iso":"SVK","city_id":3069,"log_pop":3.1628409459,"log_mass":5.910206075},{"country_iso":"SVK","city_id":3069,"log_pop":4.0349558948,"log_mass":6.5634065669},{"country_iso":"SVK","city_id":3069,"log_pop":3.1219958138,"log_mass":5.8931135476},{"country_iso":"SVK","city_id":3069,"log_pop":3.3748284739,"log_mass":6.333070583},{"country_iso":"SVK","city_id":3069,"log_pop":2.7847624861,"log_mass":5.279417403},{"country_iso":"SVK","city_id":3069,"log_pop":3.95276498,"log_mass":6.3746819557},{"country_iso":"SVK","city_id":3069,"log_pop":3.8521044307,"log_mass":6.5866313138},{"country_iso":"SVK","city_id":3069,"log_pop":3.9638995191,"log_mass":6.3606941554},{"country_iso":"SVK","city_id":3069,"log_pop":3.3673933525,"log_mass":6.1291023616},{"country_iso":"SVK","city_id":3069,"log_pop":3.6006461349,"log_mass":6.2941048876},{"country_iso":"SVK","city_id":3069,"log_pop":3.5589286159,"log_mass":6.3272299057},{"country_iso":"SVK","city_id":3069,"log_pop":2.8755070548,"log_mass":5.8267283412},{"country_iso":"SVK","city_id":3069,"log_pop":3.514760866,"log_mass":6.3692704514},{"country_iso":"SVK","city_id":3069,"log_pop":3.9875496199,"log_mass":6.3882760153},{"country_iso":"SVK","city_id":3069,"log_pop":3.0122102669,"log_mass":5.6325597021},{"country_iso":"SVK","city_id":3069,"log_pop":3.7350267022,"log_mass":6.2342619603},{"country_iso":"SVK","city_id":3069,"log_pop":4.0759165312,"log_mass":6.4941914006},{"country_iso":"SVK","city_id":3069,"log_pop":4.0238444055,"log_mass":6.4218959388},{"country_iso":"SVK","city_id":3069,"log_pop":2.2367835491,"log_mass":5.0090484952},{"country_iso":"SVK","city_id":3069,"log_pop":3.2683098463,"log_mass":5.4683470442},{"country_iso":"SVK","city_id":3069,"log_pop":3.9653393632,"log_mass":6.8869542034},{"country_iso":"SVK","city_id":3069,"log_pop":3.9912845354,"log_mass":6.7360458256},{"country_iso":"SVK","city_id":3069,"log_pop":4.1073636586,"log_mass":6.9356498707},{"country_iso":"SVK","city_id":3069,"log_pop":3.9985559423,"log_mass":6.794640043},{"country_iso":"SVK","city_id":3069,"log_pop":3.6149860737,"log_mass":6.3289526516},{"country_iso":"SVK","city_id":3069,"log_pop":3.9139183657,"log_mass":6.6988452554},{"country_iso":"SVK","city_id":3069,"log_pop":4.0802166601,"log_mass":6.7438001312},{"country_iso":"SVK","city_id":3069,"log_pop":3.5716438981,"log_mass":6.1211668799},{"country_iso":"SVK","city_id":3069,"log_pop":3.0075891734,"log_mass":5.4542099122},{"country_iso":"SVK","city_id":3069,"log_pop":4.4291386871,"log_mass":6.7682668669},{"country_iso":"SVK","city_id":3069,"log_pop":4.1460105241,"log_mass":6.4557623953},{"country_iso":"SVK","city_id":3069,"log_pop":3.694030459,"log_mass":6.2127836015},{"country_iso":"SVK","city_id":3069,"log_pop":3.9973800275,"log_mass":6.5557252575},{"country_iso":"SVK","city_id":3267,"log_pop":3.0693142302,"log_mass":5.7344669505},{"country_iso":"SVK","city_id":3267,"log_pop":0.9871237747,"log_mass":4.0712636088},{"country_iso":"SVK","city_id":3267,"log_pop":3.0925746667,"log_mass":5.8811746765},{"country_iso":"SVK","city_id":3267,"log_pop":3.9353583149,"log_mass":6.5367142851},{"country_iso":"SVK","city_id":3267,"log_pop":3.4781652815,"log_mass":6.3055070953},{"country_iso":"SVK","city_id":3267,"log_pop":4.1969227232,"log_mass":6.4025037889},{"country_iso":"SVK","city_id":3267,"log_pop":4.2396153509,"log_mass":6.8233635414},{"country_iso":"SVK","city_id":3267,"log_pop":3.5100747676,"log_mass":6.0387562207},{"country_iso":"SVK","city_id":3267,"log_pop":4.2545480793,"log_mass":6.5780047291},{"country_iso":"SVK","city_id":3267,"log_pop":1.7135850629,"log_mass":4.7183422419},{"country_iso":"SVK","city_id":3267,"log_pop":2.37913907,"log_mass":5.3437979557},{"country_iso":"SVK","city_id":3267,"log_pop":3.068146394,"log_mass":5.415144453},{"country_iso":"SVK","city_id":3267,"log_pop":4.0606526108,"log_mass":6.3995781481},{"country_iso":"SVK","city_id":3267,"log_pop":2.7258588161,"log_mass":4.9615720153},{"country_iso":"SVK","city_id":3267,"log_pop":3.9567126928,"log_mass":6.5389393574},{"country_iso":"SVK","city_id":3267,"log_pop":4.2970364188,"log_mass":6.5838350122},{"country_iso":"SVK","city_id":3267,"log_pop":2.086448588,"log_mass":4.9057684074},{"country_iso":"SVK","city_id":3267,"log_pop":2.2273169593,"log_mass":5.1450413231},{"country_iso":"SVK","city_id":3267,"log_pop":4.4783552965,"log_mass":6.5676595867},{"country_iso":"SVK","city_id":3267,"log_pop":3.5946771661,"log_mass":5.7151295249},{"country_iso":"SVK","city_id":3182,"log_pop":3.2598408487,"log_mass":5.8308491206},{"country_iso":"SVK","city_id":3182,"log_pop":1.6971248345,"log_mass":4.4485522314},{"country_iso":"SVK","city_id":3182,"log_pop":0.7838553634,"log_mass":3.4611323702},{"country_iso":"SVK","city_id":3182,"log_pop":3.7743703035,"log_mass":6.3116252948},{"country_iso":"SVK","city_id":3182,"log_pop":3.4979105857,"log_mass":5.9832122532},{"country_iso":"SVK","city_id":3182,"log_pop":3.7070413241,"log_mass":6.2580670169},{"country_iso":"SVK","city_id":3182,"log_pop":3.4532290687,"log_mass":6.0669966038},{"country_iso":"SVK","city_id":3182,"log_pop":0.0864872417,"log_mass":3.5472337632},{"country_iso":"SVK","city_id":3182,"log_pop":3.540951947,"log_mass":6.1360062086},{"country_iso":"SVK","city_id":3182,"log_pop":1.6839454301,"log_mass":4.3332655647},{"country_iso":"SVK","city_id":3182,"log_pop":3.9234303336,"log_mass":6.6385074789},{"country_iso":"SVK","city_id":3182,"log_pop":1.7604478463,"log_mass":4.3194120046},{"country_iso":"SVK","city_id":3265,"log_pop":3.9473660876,"log_mass":6.3758847185},{"country_iso":"SVK","city_id":3265,"log_pop":3.0982746998,"log_mass":5.6512236163},{"country_iso":"SVK","city_id":3265,"log_pop":2.279403185,"log_mass":4.9668669822},{"country_iso":"SVK","city_id":3265,"log_pop":2.3136773491,"log_mass":4.8864919281},{"country_iso":"SVK","city_id":3265,"log_pop":1.732963444,"log_mass":4.6773145343},{"country_iso":"SVK","city_id":3265,"log_pop":4.0719041815,"log_mass":6.5572370607},{"country_iso":"SVK","city_id":3265,"log_pop":3.3803118986,"log_mass":5.9252544619},{"country_iso":"SVK","city_id":3265,"log_pop":1.9810120805,"log_mass":4.5745558346},{"country_iso":"SVK","city_id":3265,"log_pop":3.8847705562,"log_mass":6.382161438},{"country_iso":"SVK","city_id":3265,"log_pop":3.3675968172,"log_mass":5.9759126015},{"country_iso":"SVK","city_id":3265,"log_pop":3.4927345007,"log_mass":5.9449472718},{"country_iso":"SVK","city_id":3104,"log_pop":0.5193985745,"log_mass":3.2888298379},{"country_iso":"SVK","city_id":3104,"log_pop":2.3231284264,"log_mass":5.0531765016},{"country_iso":"SVK","city_id":3104,"log_pop":3.6326872472,"log_mass":6.3872042426},{"country_iso":"SVK","city_id":3104,"log_pop":3.0730142262,"log_mass":5.7307836233},{"country_iso":"SVK","city_id":3104,"log_pop":4.0475695509,"log_mass":6.7006444903},{"country_iso":"SVK","city_id":3104,"log_pop":1.7090341584,"log_mass":4.4984771595},{"country_iso":"SVK","city_id":3104,"log_pop":3.8285257699,"log_mass":6.4931630186},{"country_iso":"SVK","city_id":3104,"log_pop":3.4759452424,"log_mass":6.188817641},{"country_iso":"SVK","city_id":3104,"log_pop":3.4302149592,"log_mass":6.0806289224},{"country_iso":"SVK","city_id":3155,"log_pop":3.4449578856,"log_mass":6.0809501254},{"country_iso":"SVK","city_id":3155,"log_pop":3.6219328367,"log_mass":6.1961943753},{"country_iso":"SVK","city_id":3155,"log_pop":3.834279656,"log_mass":6.5657717817},{"country_iso":"SVK","city_id":3155,"log_pop":2.9469352263,"log_mass":5.6945210628},{"country_iso":"SVK","city_id":3155,"log_pop":3.3335382774,"log_mass":6.0122399565},{"country_iso":"SVK","city_id":3155,"log_pop":4.0612352148,"log_mass":6.7930626257},{"country_iso":"SVK","city_id":3155,"log_pop":3.3022694869,"log_mass":5.9462376099},{"country_iso":"SVK","city_id":3155,"log_pop":3.7026308831,"log_mass":6.4182342456}]