[{"country_iso": "ISR", "city_id": 4309, "log_pop": 3.824045, "log_mass": 6.117826}, {"country_iso": "ISR", "city_id": 4309, "log_pop": 4.590815, "log_mass": 6.714545}, {"country_iso": "ISR", "city_id": 4312, "log_pop": 1.645873, "log_mass": 3.896599}, {"country_iso": "ISR", "city_id": 4309, "log_pop": 3.938101, "log_mass": 6.473466}, {"country_iso": "ISR", "city_id": 4348, "log_pop": 3.020429, "log_mass": 5.253121}, {"country_iso": "ISR", "city_id": 4332, "log_pop": 4.204234, "log_mass": 6.651536}, {"country_iso": "ISR", "city_id": 4309, "log_pop": 4.501756, "log_mass": 6.785732}, {"country_iso": "ISR", "city_id": 4309, "log_pop": 4.633347, "log_mass": 6.615315}, {"country_iso": "ISR", "city_id": 4314, "log_pop": 2.596451, "log_mass": 5.188325}, {"country_iso": "ISR", "city_id": 4309, "log_pop": 4.427662, "log_mass": 6.654254}, {"country_iso": "ISR", "city_id": 4312, "log_pop": 1.238886, "log_mass": 3.869002}, {"country_iso": "ISR", "city_id": 4332, "log_pop": 3.08696, "log_mass": 5.65658}, {"country_iso": "ISR", "city_id": 4309, "log_pop": 2.386566, "log_mass": 4.631078}, {"country_iso": "ISR", "city_id": 4309, "log_pop": 3.742493, "log_mass": 6.104666}, {"country_iso": "ISR", "city_id": 4314, "log_pop": 3.529539, "log_mass": 5.969524}, {"country_iso": "ISR", "city_id": 4332, "log_pop": 3.78773, "log_mass": 6.297866}, {"country_iso": "ISR", "city_id": 4309, "log_pop": 4.437243, "log_mass": 6.624393}, {"country_iso": "ISR", "city_id": 4314, "log_pop": 3.888895, "log_mass": 6.32605}, {"country_iso": "ISR", "city_id": 4332, "log_pop": 3.737078, "log_mass": 6.252966}, {"country_iso": "ISR", "city_id": 4309, "log_pop": 2.556193, "log_mass": 5.02531}, {"country_iso": "ISR", "city_id": 4309, "log_pop": 3.506386, "log_mass": 5.817999}, {"country_iso": "ISR", "city_id": 4348, "log_pop": 2.833077, "log_mass": 5.593005}, {"country_iso": "ISR", "city_id": 4312, "log_pop": 4.274797, "log_mass": 6.697502}, {"country_iso": "ISR", "city_id": 4332, "log_pop": 3.010408, "log_mass": 5.473795}, {"country_iso": "ISR", "city_id": 4348, "log_pop": 1.166018, "log_mass": 3.630247}, {"country_iso": "ISR", "city_id": 4312, "log_pop": 3.493323, "log_mass": 5.841365}, {"country_iso": "ISR", "city_id": 4309, "log_pop": 3.991182, "log_mass": 6.434944}, {"country_iso": "ISR", "city_id": 4309, "log_pop": 3.542986, "log_mass": 5.979513}, {"country_iso": "ISR", "city_id": 4314, "log_pop": 3.662487, "log_mass": 6.338554}, {"country_iso": "ISR", "city_id": 4309, "log_pop": 4.167043, "log_mass": 6.19048}, {"country_iso": "ISR", "city_id": 4312, "log_pop": 3.455941, "log_mass": 5.861379}, {"country_iso": "ISR", "city_id": 4312, "log_pop": 4.280486, "log_mass": 6.76501}, {"country_iso": "ISR", "city_id": 4309, "log_pop": 3.667085, "log_mass": 5.95355}, {"country_iso": "ISR", "city_id": 4309, "log_pop": 3.786477, "log_mass": 6.296427}, {"country_iso": "ISR", "city_id": 4309, "log_pop": 2.411179, "log_mass": 5.101863}, {"country_iso": "ISR", "city_id": 4312, "log_pop": 4.064308, "log_mass": 6.464656}, {"country_iso": "ISR", "city_id": 4309, "log_pop": 4.456224, "log_mass": 6.632099}, {"country_iso": "ISR", "city_id": 4309, "log_pop": 4.42357, "log_mass": 6.85598}, {"country_iso": "ISR", "city_id": 4304, "log_pop": 4.511409, "log_mass": 6.721205}, {"country_iso": "ISR", "city_id": 4309, "log_pop": 3.497096, "log_mass": 5.70718}, {"country_iso": "ISR", "city_id": 4309, "log_pop": 4.307025, "log_mass": 6.443748}, {"country_iso": "ISR", "city_id": 4309, "log_pop": 4.520415, "log_mass": 6.554019}, {"country_iso": "ISR", "city_id": 4304, "log_pop": 3.958883, "log_mass": 6.154571}, {"country_iso": "ISR", "city_id": 4312, "log_pop": 3.256963, "log_mass": 5.920427}, {"country_iso": "ISR", "city_id": 4309, "log_pop": 3.010668, "log_mass": 5.555987}, {"country_iso": "ISR", "city_id": 4309, "log_pop": 4.233255, "log_mass": 6.769182}, {"country_iso": "ISR", "city_id": 4309, "log_pop": 1.762432, "log_mass": 4.716954}, {"country_iso": "ISR", "city_id": 4309, "log_pop": 4.262141, "log_mass": 6.686939}, {"country_iso": "ISR", "city_id": 4309, "log_pop": 4.375877, "log_mass": 6.767779}, {"country_iso": "ISR", "city_id": 4309, "log_pop": 2.785385, "log_mass": 5.176739}, {"country_iso": "ISR", "city_id": 4309, "log_pop": 3.612703, "log_mass": 5.916756}, {"country_iso": "ISR", "city_id": 4309, "log_pop": 2.771688, "log_mass": 5.315566}, {"country_iso": "ISR", "city_id": 4312, "log_pop": 4.004677, "log_mass": 6.353088}, {"country_iso": "ISR", "city_id": 4309, "log_pop": 3.736314, "log_mass": 6.053255}, {"country_iso": "ISR", "city_id": 4309, "log_pop": 3.780293, "log_mass": 6.067425}, {"country_iso": "ISR", "city_id": 4309, "log_pop": 3.499955, "log_mass": 5.885691}, {"country_iso": "ISR", "city_id": 4309, "log_pop": 2.823348, "log_mass": 5.319623}, {"country_iso": "ISR", "city_id": 4309, "log_pop": 4.177868, "log_mass": 6.576998}, {"country_iso": "ISR", "city_id": 4309, "log_pop": 1.165529, "log_mass": 3.814657}, {"country_iso": "ISR", "city_id": 4309, "log_pop": 3.279803, "log_mass": 5.667475}, {"country_iso": "ISR", "city_id": 4309, "log_pop": 4.76247, "log_mass": 6.844703}, {"country_iso": "ISR", "city_id": 4348, "log_pop": 2.392374, "log_mass": 4.947574}, {"country_iso": "ISR", "city_id": 4309, "log_pop": 3.220012, "log_mass": 5.628591}, {"country_iso": "ISR", "city_id": 4309, "log_pop": 4.073597, "log_mass": 6.489289}, {"country_iso": "ISR", "city_id": 4304, "log_pop": 4.395004, "log_mass": 6.682128}, {"country_iso": "ISR", "city_id": 4309, "log_pop": 2.68709, "log_mass": 5.650783}, {"country_iso": "ISR", "city_id": 4312, "log_pop": 4.059827, "log_mass": 6.352321}, {"country_iso": "ISR", "city_id": 4309, "log_pop": 4.587969, "log_mass": 6.594931}, {"country_iso": "ISR", "city_id": 4309, "log_pop": 3.852958, "log_mass": 6.173919}, {"country_iso": "ISR", "city_id": 4314, "log_pop": 4.161655, "log_mass": 6.646206}, {"country_iso": "ISR", "city_id": 4309, "log_pop": 3.416733, "log_mass": 5.799691}, {"country_iso": "ISR", "city_id": 4309, "log_pop": 4.152498, "log_mass": 6.39616}, {"country_iso": "ISR", "city_id": 4309, "log_pop": 4.257424, "log_mass": 6.565241}, {"country_iso": "ISR", "city_id": 4312, "log_pop": 3.732222, "log_mass": 6.212314}, {"country_iso": "ISR", "city_id": 4304, "log_pop": 3.223974, "log_mass": 5.565366}, {"country_iso": "ISR", "city_id": 4312, "log_pop": 3.974784, "log_mass": 6.452324}, {"country_iso": "ISR", "city_id": 4348, "log_pop": 3.845271, "log_mass": 6.383197}, {"country_iso": "ISR", "city_id": 4312, "log_pop": 2.892539, "log_mass": 5.568941}, {"country_iso": "ISR", "city_id": 4309, "log_pop": 4.629439, "log_mass": 6.687618}, {"country_iso": "ISR", "city_id": 4309, "log_pop": 0.551306, "log_mass": 3.465456}, {"country_iso": "ISR", "city_id": 4314, "log_pop": 4.03019, "log_mass": 6.445881}, {"country_iso": "ISR", "city_id": 4309, "log_pop": 4.389339, "log_mass": 6.75231}, {"country_iso": "ISR", "city_id": 4309, "log_pop": 4.356793, "log_mass": 6.748357}, {"country_iso": "ISR", "city_id": 4312, "log_pop": 4.071762, "log_mass": 6.672366}, {"country_iso": "ISR", "city_id": 4309, "log_pop": 3.758932, "log_mass": 6.06373}, {"country_iso": "ISR", "city_id": 4312, "log_pop": 1.50635, "log_mass": 4.273994}, {"country_iso": "ISR", "city_id": 4309, "log_pop": 3.895344, "log_mass": 6.20244}, {"country_iso": "ISR", "city_id": 4312, "log_pop": 1.175077, "log_mass": 4.42386}, {"country_iso": "ISR", "city_id": 4314, "log_pop": 2.056293, "log_mass": 4.704107}, {"country_iso": "ISR", "city_id": 4309, "log_pop": 3.474935, "log_mass": 5.853775}, {"country_iso": "ISR", "city_id": 4309, "log_pop": 3.353148, "log_mass": 5.674694}, {"country_iso": "ISR", "city_id": 4312, "log_pop": 4.146676, "log_mass": 6.624597}, {"country_iso": "ISR", "city_id": 4309, "log_pop": 3.070908, "log_mass": 5.845717}, {"country_iso": "ISR", "city_id": 4309, "log_pop": 3.417063, "log_mass": 5.859077}, {"country_iso": "ISR", "city_id": 4309, "log_pop": 4.012318, "log_mass": 6.598226}, {"country_iso": "ISR", "city_id": 4312, "log_pop": 4.149914, "log_mass": 6.616459}, {"country_iso": "ISR", "city_id": 4309, "log_pop": 3.572966, "log_mass": 5.948162}, {"country_iso": "ISR", "city_id": 4312, "log_pop": 3.442558, "log_mass": 5.765017}, {"country_iso": "ISR", "city_id": 4348, "log_pop": 3.328428, "log_mass": 5.737368}, {"country_iso": "ISR", "city_id": 4309, "log_pop": 3.225484, "log_mass": 5.693017}, {"country_iso": "ISR", "city_id": 4312, "log_pop": 1.475316, "log_mass": 4.388551}, {"country_iso": "ISR", "city_id": 4309, "log_pop": 3.327815, "log_mass": 6.353216}, {"country_iso": "ISR", "city_id": 4309, "log_pop": 3.289776, "log_mass": 5.828179}, {"country_iso": "ISR", "city_id": 4314, "log_pop": 3.453437, "log_mass": 5.928815}, {"country_iso": "ISR", "city_id": 4332, "log_pop": 4.05746, "log_mass": 6.450212}, {"country_iso": "ISR", "city_id": 4309, "log_pop": 4.31102, "log_mass": 6.563878}, {"country_iso": "ISR", "city_id": 4314, "log_pop": 3.25646, "log_mass": 5.630077}, {"country_iso": "ISR", "city_id": 4309, "log_pop": 3.558189, "log_mass": 5.986748}, {"country_iso": "ISR", "city_id": 4304, "log_pop": 4.251979, "log_mass": 6.439173}, {"country_iso": "ISR", "city_id": 4332, "log_pop": 3.690706, "log_mass": 6.171173}, {"country_iso": "ISR", "city_id": 4312, "log_pop": 0.888479, "log_mass": 3.828771}, {"country_iso": "ISR", "city_id": 4309, "log_pop": 2.579842, "log_mass": 4.972786}, {"country_iso": "ISR", "city_id": 4309, "log_pop": 3.589091, "log_mass": 6.02405}, {"country_iso": "ISR", "city_id": 4312, "log_pop": 3.761687, "log_mass": 6.26477}, {"country_iso": "ISR", "city_id": 4312, "log_pop": 2.200261, "log_mass": 4.962605}, {"country_iso": "ISR", "city_id": 4332, "log_pop": 2.158519, "log_mass": 4.463687}, {"country_iso": "ISR", "city_id": 4312, "log_pop": 3.198894, "log_mass": 5.736011}, {"country_iso": "ISR", "city_id": 4309, "log_pop": 4.205228, "log_mass": 6.204987}, {"country_iso": "ISR", "city_id": 4314, "log_pop": 1.162553, "log_mass": 3.694496}, {"country_iso": "ISR", "city_id": 4348, "log_pop": 3.731157, "log_mass": 6.15679}, {"country_iso": "ISR", "city_id": 4312, "log_pop": 4.097449, "log_mass": 6.460769}, {"country_iso": "ISR", "city_id": 4312, "log_pop": 3.619116, "log_mass": 5.975087}, {"country_iso": "ISR", "city_id": 4309, "log_pop": 4.685445, "log_mass": 6.838129}, {"country_iso": "ISR", "city_id": 4314, "log_pop": 2.766617, "log_mass": 5.26681}, {"country_iso": "ISR", "city_id": 4304, "log_pop": 3.890836, "log_mass": 6.024878}, {"country_iso": "ISR", "city_id": 4309, "log_pop": 4.629579, "log_mass": 7.042484}, {"country_iso": "ISR", "city_id": 4309, "log_pop": 2.128594, "log_mass": 5.144535}, {"country_iso": "ISR", "city_id": 4309, "log_pop": 4.361997, "log_mass": 6.506}, {"country_iso": "ISR", "city_id": 4309, "log_pop": 2.046701, "log_mass": 4.951241}, {"country_iso": "ISR", "city_id": 4309, "log_pop": 4.202601, "log_mass": 6.398643}, {"country_iso": "ISR", "city_id": 4312, "log_pop": 3.772404, "log_mass": 6.134169}, {"country_iso": "ISR", "city_id": 4314, "log_pop": 3.749909, "log_mass": 6.236814}, {"country_iso": "ISR", "city_id": 4312, "log_pop": 4.130765, "log_mass": 6.521186}, {"country_iso": "ISR", "city_id": 4309, "log_pop": 4.2508, "log_mass": 6.650328}, {"country_iso": "ISR", "city_id": 4309, "log_pop": 4.421524, "log_mass": 6.824013}, {"country_iso": "ISR", "city_id": 4312, "log_pop": 3.400036, "log_mass": 5.829047}, {"country_iso": "ISR", "city_id": 4309, "log_pop": 1.151588, "log_mass": 3.761908}, {"country_iso": "ISR", "city_id": 4314, "log_pop": 1.32099, "log_mass": 3.913728}, {"country_iso": "ISR", "city_id": 4309, "log_pop": 4.733207, "log_mass": 6.647624}, {"country_iso": "ISR", "city_id": 4309, "log_pop": 3.834767, "log_mass": 6.156837}, {"country_iso": "ISR", "city_id": 4309, "log_pop": 2.919386, "log_mass": 5.364891}, {"country_iso": "ISR", "city_id": 4309, "log_pop": 3.758151, "log_mass": 6.019234}, {"country_iso": "ISR", "city_id": 4309, "log_pop": 3.556928, "log_mass": 5.775789}, {"country_iso": "ISR", "city_id": 4312, "log_pop": 4.266589, "log_mass": 6.723854}, {"country_iso": "ISR", "city_id": 4309, "log_pop": 2.993619, "log_mass": 5.385572}, {"country_iso": "ISR", "city_id": 4309, "log_pop": 4.085763, "log_mass": 6.48009}, {"country_iso": "ISR", "city_id": 4348, "log_pop": 3.527962, "log_mass": 6.030965}, {"country_iso": "ISR", "city_id": 4312, "log_pop": 3.982507, "log_mass": 6.490076}, {"country_iso": "ISR", "city_id": 4304, "log_pop": 1.75868, "log_mass": 4.284859}, {"country_iso": "ISR", "city_id": 4309, "log_pop": 4.878592, "log_mass": 6.999376}, {"country_iso": "ISR", "city_id": 4304, "log_pop": 3.434139, "log_mass": 5.494902}, {"country_iso": "ISR", "city_id": 4348, "log_pop": 1.757573, "log_mass": 4.332039}, {"country_iso": "ISR", "city_id": 4309, "log_pop": 3.865733, "log_mass": 6.067148}, {"country_iso": "ISR", "city_id": 4309, "log_pop": 4.278564, "log_mass": 6.674297}, {"country_iso": "ISR", "city_id": 4314, "log_pop": 3.066453, "log_mass": 5.50005}, {"country_iso": "ISR", "city_id": 4309, "log_pop": 3.381026, "log_mass": 6.154737}, {"country_iso": "ISR", "city_id": 4309, "log_pop": 3.820535, "log_mass": 6.247039}, {"country_iso": "ISR", "city_id": 4309, "log_pop": 3.343763, "log_mass": 5.756658}, {"country_iso": "ISR", "city_id": 4304, "log_pop": 4.396966, "log_mass": 6.528026}, {"country_iso": "ISR", "city_id": 4304, "log_pop": 2.865875, "log_mass": 5.684285}, {"country_iso": "ISR", "city_id": 4309, "log_pop": 4.459852, "log_mass": 6.97761}, {"country_iso": "ISR", "city_id": 4314, "log_pop": 2.657289, "log_mass": 5.112076}, {"country_iso": "ISR", "city_id": 4314, "log_pop": 3.081728, "log_mass": 5.508425}, {"country_iso": "ISR", "city_id": 4348, "log_pop": 4.31108, "log_mass": 6.730967}, {"country_iso": "ISR", "city_id": 4309, "log_pop": 4.797719, "log_mass": 6.921577}, {"country_iso": "ISR", "city_id": 4312, "log_pop": 3.692646, "log_mass": 6.153931}, {"country_iso": "ISR", "city_id": 4314, "log_pop": 3.884509, "log_mass": 6.457185}, {"country_iso": "ISR", "city_id": 4309, "log_pop": 4.414826, "log_mass": 6.546231}, {"country_iso": "ISR", "city_id": 4309, "log_pop": 2.057176, "log_mass": 4.75656}, {"country_iso": "ISR", "city_id": 4304, "log_pop": 2.278613, "log_mass": 4.775824}, {"country_iso": "ISR", "city_id": 4312, "log_pop": 4.0911, "log_mass": 6.58426}, {"country_iso": "ISR", "city_id": 4309, "log_pop": 3.958914, "log_mass": 6.306291}, {"country_iso": "ISR", "city_id": 4304, "log_pop": 3.529734, "log_mass": 6.296688}, {"country_iso": "ISR", "city_id": 4348, "log_pop": 2.808158, "log_mass": 5.571107}, {"country_iso": "ISR", "city_id": 4348, "log_pop": 3.175464, "log_mass": 5.755819}, {"country_iso": "ISR", "city_id": 4309, "log_pop": 2.970302, "log_mass": 5.46435}, {"country_iso": "ISR", "city_id": 4348, "log_pop": 3.881807, "log_mass": 6.337586}, {"country_iso": "ISR", "city_id": 4309, "log_pop": 4.31988, "log_mass": 6.389635}, {"country_iso": "ISR", "city_id": 4332, "log_pop": 3.191082, "log_mass": 5.699929}, {"country_iso": "ISR", "city_id": 4309, "log_pop": 4.656289, "log_mass": 6.913698}, {"country_iso": "ISR", "city_id": 4348, "log_pop": 3.984108, "log_mass": 6.51519}, {"country_iso": "ISR", "city_id": 4309, "log_pop": 3.793495, "log_mass": 6.058707}, {"country_iso": "ISR", "city_id": 4309, "log_pop": 4.148049, "log_mass": 6.305209}, {"country_iso": "ISR", "city_id": 4309, "log_pop": 3.567181, "log_mass": 6.08823}, {"country_iso": "ISR", "city_id": 4348, "log_pop": 2.875477, "log_mass": 5.236747}, {"country_iso": "ISR", "city_id": 4309, "log_pop": 4.585262, "log_mass": 6.894334}, {"country_iso": "ISR", "city_id": 4332, "log_pop": 4.054419, "log_mass": 6.49594}, {"country_iso": "ISR", "city_id": 4312, "log_pop": 3.508661, "log_mass": 5.973759}, {"country_iso": "ISR", "city_id": 4314, "log_pop": 2.066217, "log_mass": 4.62657}, {"country_iso": "ISR", "city_id": 4304, "log_pop": 2.65049, "log_mass": 5.284598}, {"country_iso": "ISR", "city_id": 4304, "log_pop": 3.808463, "log_mass": 6.021868}, {"country_iso": "ISR", "city_id": 4314, "log_pop": 2.180508, "log_mass": 4.605293}, {"country_iso": "ISR", "city_id": 4348, "log_pop": 3.498531, "log_mass": 5.766823}, {"country_iso": "ISR", "city_id": 4312, "log_pop": 1.96328, "log_mass": 4.772607}, {"country_iso": "ISR", "city_id": 4312, "log_pop": 2.954624, "log_mass": 5.478598}, {"country_iso": "ISR", "city_id": 4348, "log_pop": 2.801739, "log_mass": 5.616313}, {"country_iso": "ISR", "city_id": 4309, "log_pop": 4.008468, "log_mass": 6.296447}, {"country_iso": "ISR", "city_id": 4309, "log_pop": 4.134413, "log_mass": 6.449727}, {"country_iso": "ISR", "city_id": 4309, "log_pop": 0.868233, "log_mass": 3.783563}, {"country_iso": "ISR", "city_id": 4309, "log_pop": 4.190331, "log_mass": 6.525732}, {"country_iso": "ISR", "city_id": 4309, "log_pop": 3.610617, "log_mass": 6.009227}, {"country_iso": "ISR", "city_id": 4312, "log_pop": 3.88212, "log_mass": 6.288554}, {"country_iso": "ISR", "city_id": 4332, "log_pop": 4.131863, "log_mass": 6.637683}, {"country_iso": "ISR", "city_id": 4309, "log_pop": 4.254946, "log_mass": 6.677966}, {"country_iso": "ISR", "city_id": 4304, "log_pop": 4.257762, "log_mass": 6.509115}, {"country_iso": "ISR", "city_id": 4309, "log_pop": 3.76997, "log_mass": 6.252058}, {"country_iso": "ISR", "city_id": 4309, "log_pop": 4.099746, "log_mass": 6.477537}, {"country_iso": "ISR", "city_id": 4314, "log_pop": 3.895895, "log_mass": 6.326514}, {"country_iso": "ISR", "city_id": 4309, "log_pop": 3.864926, "log_mass": 6.376177}, {"country_iso": "ISR", "city_id": 4309, "log_pop": 3.633921, "log_mass": 5.789451}, {"country_iso": "ISR", "city_id": 4309, "log_pop": 4.460652, "log_mass": 6.543199}]