[{"country_iso":"MYS","city_id":11139,"log_pop":3.3127855654,"log_mass":6.0151726766},{"country_iso":"MYS","city_id":11139,"log_pop":2.7862038815,"log_mass":5.4173742938},{"country_iso":"MYS","city_id":11139,"log_pop":3.6517437895,"log_mass":6.3844893347},{"country_iso":"MYS","city_id":11139,"log_pop":3.8915439823,"log_mass":6.4424856477},{"country_iso":"MYS","city_id":11139,"log_pop":3.2216564681,"log_mass":5.9103392952},{"country_iso":"MYS","city_id":11139,"log_pop":4.3662426244,"log_mass":6.56254429},{"country_iso":"MYS","city_id":11139,"log_pop":3.827176317,"log_mass":6.3016856242},{"country_iso":"MYS","city_id":11139,"log_pop":3.9978214425,"log_mass":6.4368951498},{"country_iso":"MYS","city_id":11139,"log_pop":3.4979998499,"log_mass":6.2134557676},{"country_iso":"MYS","city_id":11139,"log_pop":3.5647545137,"log_mass":6.0798547034},{"country_iso":"MYS","city_id":11139,"log_pop":3.6246549898,"log_mass":6.3541349956},{"country_iso":"MYS","city_id":11139,"log_pop":2.0514565729,"log_mass":5.0567702805},{"country_iso":"MYS","city_id":11139,"log_pop":4.2576771321,"log_mass":6.4576669099},{"country_iso":"MYS","city_id":11139,"log_pop":3.9612069832,"log_mass":6.2992876998},{"country_iso":"MYS","city_id":11139,"log_pop":3.766640588,"log_mass":6.4426584451},{"country_iso":"MYS","city_id":11139,"log_pop":2.6047221669,"log_mass":5.2310495876},{"country_iso":"MYS","city_id":11139,"log_pop":3.8892868461,"log_mass":6.4545702363},{"country_iso":"MYS","city_id":11139,"log_pop":3.4377359707,"log_mass":5.9990146596},{"country_iso":"MYS","city_id":11139,"log_pop":3.1423893301,"log_mass":5.6680271975},{"country_iso":"MYS","city_id":11139,"log_pop":3.9171267838,"log_mass":6.4757441855},{"country_iso":"MYS","city_id":11139,"log_pop":3.9464162702,"log_mass":6.4162975476},{"country_iso":"MYS","city_id":11139,"log_pop":3.2229301693,"log_mass":5.8280516962},{"country_iso":"MYS","city_id":11139,"log_pop":4.5702331522,"log_mass":6.6846027039},{"country_iso":"MYS","city_id":11139,"log_pop":4.5486301008,"log_mass":6.6699505345},{"country_iso":"MYS","city_id":11139,"log_pop":4.4731803406,"log_mass":6.6170482384},{"country_iso":"MYS","city_id":11139,"log_pop":4.4365504721,"log_mass":6.6337117532},{"country_iso":"MYS","city_id":11139,"log_pop":4.3824714674,"log_mass":6.4691653911},{"country_iso":"MYS","city_id":11139,"log_pop":4.4005351698,"log_mass":6.481618424},{"country_iso":"MYS","city_id":11139,"log_pop":4.6509390981,"log_mass":6.7216189774},{"country_iso":"MYS","city_id":11139,"log_pop":4.3779935063,"log_mass":6.6985292725},{"country_iso":"MYS","city_id":11139,"log_pop":4.4772110308,"log_mass":6.7265493343},{"country_iso":"MYS","city_id":11139,"log_pop":4.5020760903,"log_mass":6.7393320544},{"country_iso":"MYS","city_id":11139,"log_pop":4.240491428,"log_mass":6.4886381769},{"country_iso":"MYS","city_id":11139,"log_pop":4.5076351598,"log_mass":6.591632122},{"country_iso":"MYS","city_id":11139,"log_pop":4.4432798731,"log_mass":6.7808977139},{"country_iso":"MYS","city_id":11139,"log_pop":4.5324877215,"log_mass":6.661268473},{"country_iso":"MYS","city_id":11139,"log_pop":4.3336668479,"log_mass":6.4598155403},{"country_iso":"MYS","city_id":11139,"log_pop":4.4342182872,"log_mass":6.6940337146},{"country_iso":"MYS","city_id":11139,"log_pop":4.5393130174,"log_mass":6.8189030665},{"country_iso":"MYS","city_id":11139,"log_pop":4.2980737698,"log_mass":6.5667327117},{"country_iso":"MYS","city_id":11139,"log_pop":4.4944962037,"log_mass":6.5671591984},{"country_iso":"MYS","city_id":11139,"log_pop":4.4595437244,"log_mass":6.5528508441},{"country_iso":"MYS","city_id":11139,"log_pop":4.6009033205,"log_mass":6.6160846041},{"country_iso":"MYS","city_id":11139,"log_pop":4.3073560357,"log_mass":6.5120226171},{"country_iso":"MYS","city_id":11139,"log_pop":4.5811484534,"log_mass":6.7229806555},{"country_iso":"MYS","city_id":11139,"log_pop":4.383779299,"log_mass":6.4554333208},{"country_iso":"MYS","city_id":11139,"log_pop":4.5274465187,"log_mass":6.7461865261},{"country_iso":"MYS","city_id":11139,"log_pop":4.3943960845,"log_mass":6.6552678559},{"country_iso":"MYS","city_id":11139,"log_pop":4.413133287,"log_mass":6.6966585302},{"country_iso":"MYS","city_id":11139,"log_pop":4.5080028583,"log_mass":6.6696768523},{"country_iso":"MYS","city_id":11139,"log_pop":4.3848572762,"log_mass":6.4732745448},{"country_iso":"MYS","city_id":11139,"log_pop":4.4398321806,"log_mass":6.4940191585},{"country_iso":"MYS","city_id":11139,"log_pop":4.5931817693,"log_mass":6.5827838975},{"country_iso":"MYS","city_id":11139,"log_pop":4.3525392272,"log_mass":6.4337440146},{"country_iso":"MYS","city_id":11139,"log_pop":4.1984403102,"log_mass":6.1838452713},{"country_iso":"MYS","city_id":11139,"log_pop":4.0158952299,"log_mass":6.191770985},{"country_iso":"MYS","city_id":11139,"log_pop":4.5255173763,"log_mass":6.5598763007},{"country_iso":"MYS","city_id":11139,"log_pop":4.2257654767,"log_mass":6.3723091113},{"country_iso":"MYS","city_id":11139,"log_pop":4.5477181077,"log_mass":6.6616285739},{"country_iso":"MYS","city_id":11139,"log_pop":4.5060805456,"log_mass":6.6071751592},{"country_iso":"MYS","city_id":11139,"log_pop":4.4742698881,"log_mass":6.6277120296},{"country_iso":"MYS","city_id":11139,"log_pop":4.1228914497,"log_mass":6.2680985577},{"country_iso":"MYS","city_id":11139,"log_pop":4.4783190161,"log_mass":6.6605893742},{"country_iso":"MYS","city_id":11139,"log_pop":3.0189265537,"log_mass":5.4060169396},{"country_iso":"MYS","city_id":11139,"log_pop":4.1758241794,"log_mass":6.1963150679},{"country_iso":"MYS","city_id":11139,"log_pop":4.4941021101,"log_mass":6.4902405463},{"country_iso":"MYS","city_id":11139,"log_pop":4.6557134098,"log_mass":6.6045135799},{"country_iso":"MYS","city_id":11139,"log_pop":4.6186720507,"log_mass":6.6952424576},{"country_iso":"MYS","city_id":11139,"log_pop":4.4710290966,"log_mass":6.4849394396},{"country_iso":"MYS","city_id":11139,"log_pop":4.0056137841,"log_mass":6.0893983278},{"country_iso":"MYS","city_id":11139,"log_pop":4.6217748296,"log_mass":6.6051117412},{"country_iso":"MYS","city_id":11139,"log_pop":3.6819438315,"log_mass":6.1111961335},{"country_iso":"MYS","city_id":11139,"log_pop":4.1111249773,"log_mass":6.4792008971},{"country_iso":"MYS","city_id":11139,"log_pop":4.3291490333,"log_mass":6.6241401908},{"country_iso":"MYS","city_id":11139,"log_pop":3.8045426557,"log_mass":6.2375084684},{"country_iso":"MYS","city_id":11139,"log_pop":4.250391729,"log_mass":6.6222768015},{"country_iso":"MYS","city_id":11139,"log_pop":4.1588390328,"log_mass":6.4715386006},{"country_iso":"MYS","city_id":11139,"log_pop":4.2313726142,"log_mass":6.5201468247},{"country_iso":"MYS","city_id":11139,"log_pop":4.2112159311,"log_mass":6.5622482994},{"country_iso":"MYS","city_id":11139,"log_pop":4.2738969132,"log_mass":6.5384495341},{"country_iso":"MYS","city_id":11139,"log_pop":4.1399639595,"log_mass":6.6710829995},{"country_iso":"MYS","city_id":11139,"log_pop":4.1111349255,"log_mass":6.404331232},{"country_iso":"MYS","city_id":11139,"log_pop":4.2822522954,"log_mass":6.5807618885},{"country_iso":"MYS","city_id":11139,"log_pop":4.3616729042,"log_mass":6.6856573877},{"country_iso":"MYS","city_id":11139,"log_pop":4.0045122838,"log_mass":6.3119628373},{"country_iso":"MYS","city_id":11139,"log_pop":4.3546266998,"log_mass":6.5718238374},{"country_iso":"MYS","city_id":11139,"log_pop":4.3075992007,"log_mass":6.5897928873},{"country_iso":"MYS","city_id":11139,"log_pop":4.2633480026,"log_mass":6.5744861246},{"country_iso":"MYS","city_id":11139,"log_pop":4.0843628296,"log_mass":6.3904889812},{"country_iso":"MYS","city_id":11139,"log_pop":4.3434762975,"log_mass":6.5629503013},{"country_iso":"MYS","city_id":11139,"log_pop":4.4059450205,"log_mass":6.7480447154},{"country_iso":"MYS","city_id":11139,"log_pop":4.2769501231,"log_mass":6.5142775717},{"country_iso":"MYS","city_id":11139,"log_pop":3.7345428294,"log_mass":6.1441536975},{"country_iso":"MYS","city_id":11139,"log_pop":3.6976891643,"log_mass":6.1954433064},{"country_iso":"MYS","city_id":11139,"log_pop":4.3322210124,"log_mass":6.6286236197},{"country_iso":"MYS","city_id":11139,"log_pop":4.2204622428,"log_mass":6.6299531432},{"country_iso":"MYS","city_id":11139,"log_pop":4.093668238,"log_mass":6.4426426151},{"country_iso":"MYS","city_id":11139,"log_pop":3.9249174676,"log_mass":6.2347573826},{"country_iso":"MYS","city_id":11139,"log_pop":3.5007522499,"log_mass":5.8919437045},{"country_iso":"MYS","city_id":11139,"log_pop":4.2722850102,"log_mass":6.6125193612},{"country_iso":"MYS","city_id":11139,"log_pop":4.1260966337,"log_mass":6.5380431525},{"country_iso":"MYS","city_id":11139,"log_pop":2.8476721169,"log_mass":5.3990072292},{"country_iso":"MYS","city_id":11139,"log_pop":1.9785938126,"log_mass":4.387924669},{"country_iso":"MYS","city_id":11139,"log_pop":3.7963441472,"log_mass":6.1185727294},{"country_iso":"MYS","city_id":11139,"log_pop":3.7001376947,"log_mass":5.9076659797},{"country_iso":"MYS","city_id":11139,"log_pop":3.6227134694,"log_mass":6.0040936575},{"country_iso":"MYS","city_id":11139,"log_pop":4.1868405821,"log_mass":6.4693577289},{"country_iso":"MYS","city_id":11139,"log_pop":4.2565827887,"log_mass":6.5774423828},{"country_iso":"MYS","city_id":11139,"log_pop":3.5186471567,"log_mass":5.8476362389},{"country_iso":"MYS","city_id":11139,"log_pop":4.4349216202,"log_mass":6.6585580433},{"country_iso":"MYS","city_id":11139,"log_pop":4.2506480834,"log_mass":6.5577947463},{"country_iso":"MYS","city_id":11139,"log_pop":4.4500086171,"log_mass":6.6869021037},{"country_iso":"MYS","city_id":11139,"log_pop":4.3698640131,"log_mass":6.6973470587},{"country_iso":"MYS","city_id":11139,"log_pop":4.288461851,"log_mass":6.438447728},{"country_iso":"MYS","city_id":11139,"log_pop":4.3045712378,"log_mass":6.552487084},{"country_iso":"MYS","city_id":11139,"log_pop":4.4392354405,"log_mass":6.7476315219},{"country_iso":"MYS","city_id":11139,"log_pop":4.1963259163,"log_mass":6.4418625903},{"country_iso":"MYS","city_id":11139,"log_pop":4.2044536739,"log_mass":6.46275967},{"country_iso":"MYS","city_id":11139,"log_pop":4.4119246277,"log_mass":6.5611932096},{"country_iso":"MYS","city_id":11139,"log_pop":4.1418774119,"log_mass":6.4080490031},{"country_iso":"MYS","city_id":11139,"log_pop":3.6315529624,"log_mass":6.0460633303},{"country_iso":"MYS","city_id":11139,"log_pop":3.983372748,"log_mass":6.2527813121},{"country_iso":"MYS","city_id":11139,"log_pop":3.7318923809,"log_mass":6.1643752559},{"country_iso":"MYS","city_id":11139,"log_pop":3.6925157831,"log_mass":6.1502565518},{"country_iso":"MYS","city_id":11139,"log_pop":3.0108223321,"log_mass":5.4432590933},{"country_iso":"MYS","city_id":11139,"log_pop":3.5910354586,"log_mass":6.0344058045},{"country_iso":"MYS","city_id":11139,"log_pop":2.3886913036,"log_mass":4.5112965086},{"country_iso":"MYS","city_id":11139,"log_pop":3.2566750046,"log_mass":5.6729811055},{"country_iso":"MYS","city_id":11139,"log_pop":3.8016236067,"log_mass":6.343284807},{"country_iso":"MYS","city_id":11139,"log_pop":4.0927924807,"log_mass":6.4194768483},{"country_iso":"MYS","city_id":11139,"log_pop":3.9415953728,"log_mass":6.1539916552},{"country_iso":"MYS","city_id":11139,"log_pop":4.391033106,"log_mass":6.4851421121},{"country_iso":"MYS","city_id":11139,"log_pop":0.7150434991,"log_mass":3.5504973376},{"country_iso":"MYS","city_id":11139,"log_pop":4.0835161419,"log_mass":6.3364332137},{"country_iso":"MYS","city_id":11139,"log_pop":3.2606343499,"log_mass":5.7952782495},{"country_iso":"MYS","city_id":11139,"log_pop":4.324488572,"log_mass":6.5433378684},{"country_iso":"MYS","city_id":11139,"log_pop":4.2479509608,"log_mass":6.4894235238},{"country_iso":"MYS","city_id":11139,"log_pop":4.1360151509,"log_mass":6.4386845506},{"country_iso":"MYS","city_id":11139,"log_pop":4.4628929252,"log_mass":6.5333050112},{"country_iso":"MYS","city_id":11139,"log_pop":4.489726755,"log_mass":6.7052894495},{"country_iso":"MYS","city_id":11139,"log_pop":4.3775922792,"log_mass":6.4701535943},{"country_iso":"MYS","city_id":11139,"log_pop":4.1757287115,"log_mass":6.3283451196},{"country_iso":"MYS","city_id":11139,"log_pop":4.1796376772,"log_mass":6.3059382972},{"country_iso":"MYS","city_id":11139,"log_pop":0.9489876936,"log_mass":3.5446122215},{"country_iso":"MYS","city_id":11139,"log_pop":3.5476080586,"log_mass":5.8121153518},{"country_iso":"MYS","city_id":11139,"log_pop":3.9403596469,"log_mass":6.3120756695},{"country_iso":"MYS","city_id":11139,"log_pop":3.49808013,"log_mass":6.0601157133},{"country_iso":"MYS","city_id":11139,"log_pop":3.2860465062,"log_mass":5.7511417123},{"country_iso":"MYS","city_id":11139,"log_pop":4.0091963585,"log_mass":6.352899277},{"country_iso":"MYS","city_id":11139,"log_pop":3.8226501353,"log_mass":6.203861228},{"country_iso":"MYS","city_id":11139,"log_pop":3.2619673321,"log_mass":5.8377000675},{"country_iso":"MYS","city_id":11139,"log_pop":3.1213270269,"log_mass":5.5351240024},{"country_iso":"MYS","city_id":11139,"log_pop":2.5946030358,"log_mass":5.219293904},{"country_iso":"MYS","city_id":11139,"log_pop":3.8797909615,"log_mass":6.4812156156},{"country_iso":"MYS","city_id":11139,"log_pop":3.8586861813,"log_mass":6.2941626463},{"country_iso":"MYS","city_id":11139,"log_pop":3.0209472862,"log_mass":5.6027626706},{"country_iso":"MYS","city_id":11139,"log_pop":3.0456617635,"log_mass":5.6859579012},{"country_iso":"MYS","city_id":11139,"log_pop":3.7780362186,"log_mass":6.1978297578},{"country_iso":"MYS","city_id":11139,"log_pop":4.212295477,"log_mass":6.5255902918},{"country_iso":"MYS","city_id":11139,"log_pop":3.8508080008,"log_mass":6.2528649909},{"country_iso":"MYS","city_id":11139,"log_pop":2.6021642082,"log_mass":5.1817902761},{"country_iso":"MYS","city_id":11139,"log_pop":3.7021372257,"log_mass":6.3109132784},{"country_iso":"MYS","city_id":11139,"log_pop":2.9309941634,"log_mass":5.45163615},{"country_iso":"MYS","city_id":11139,"log_pop":4.0037322444,"log_mass":6.3926542618},{"country_iso":"MYS","city_id":11139,"log_pop":3.2984841487,"log_mass":5.7758129667},{"country_iso":"MYS","city_id":11139,"log_pop":4.2963591345,"log_mass":6.6211672656},{"country_iso":"MYS","city_id":11139,"log_pop":3.9811390592,"log_mass":6.276807212},{"country_iso":"MYS","city_id":11139,"log_pop":0.8584923282,"log_mass":4.3719739627},{"country_iso":"MYS","city_id":11139,"log_pop":3.6964805754,"log_mass":6.2252040316},{"country_iso":"MYS","city_id":11139,"log_pop":4.2244029113,"log_mass":6.6332937935},{"country_iso":"MYS","city_id":11139,"log_pop":4.48876445,"log_mass":6.5846434812},{"country_iso":"MYS","city_id":11139,"log_pop":4.5500331864,"log_mass":6.6338985924},{"country_iso":"MYS","city_id":11139,"log_pop":3.78751318,"log_mass":6.0011493333},{"country_iso":"MYS","city_id":11139,"log_pop":4.4895955546,"log_mass":6.520910845},{"country_iso":"MYS","city_id":11139,"log_pop":4.7594113821,"log_mass":6.6507274049},{"country_iso":"MYS","city_id":11139,"log_pop":4.762014684,"log_mass":6.6275385438},{"country_iso":"MYS","city_id":11139,"log_pop":3.5944804083,"log_mass":5.744203606},{"country_iso":"MYS","city_id":11139,"log_pop":4.4605348417,"log_mass":6.6101724686},{"country_iso":"MYS","city_id":11139,"log_pop":4.1246284797,"log_mass":6.1503908964},{"country_iso":"MYS","city_id":11139,"log_pop":4.4831476905,"log_mass":6.5501353588},{"country_iso":"MYS","city_id":11139,"log_pop":3.8756975678,"log_mass":5.8681479},{"country_iso":"MYS","city_id":11139,"log_pop":4.4067964479,"log_mass":6.4994755137},{"country_iso":"MYS","city_id":11139,"log_pop":4.5877401438,"log_mass":6.6388789699},{"country_iso":"MYS","city_id":11139,"log_pop":4.5739716256,"log_mass":6.6287783685},{"country_iso":"MYS","city_id":11139,"log_pop":3.6806095911,"log_mass":5.9093251954},{"country_iso":"MYS","city_id":11139,"log_pop":1.1078364321,"log_mass":3.6294342096},{"country_iso":"MYS","city_id":11139,"log_pop":1.5900737129,"log_mass":3.8099232014},{"country_iso":"MYS","city_id":11139,"log_pop":2.5051165774,"log_mass":4.8979638097},{"country_iso":"MYS","city_id":11139,"log_pop":4.3503715871,"log_mass":6.443124541},{"country_iso":"MYS","city_id":11139,"log_pop":4.6818908032,"log_mass":6.6656617412},{"country_iso":"MYS","city_id":11139,"log_pop":4.570378869,"log_mass":6.6253180021},{"country_iso":"MYS","city_id":11139,"log_pop":4.6728558103,"log_mass":6.4870804201},{"country_iso":"MYS","city_id":11139,"log_pop":4.7278390392,"log_mass":6.6248408018},{"country_iso":"MYS","city_id":11139,"log_pop":4.8208522213,"log_mass":6.7461037757},{"country_iso":"MYS","city_id":11139,"log_pop":4.5831289226,"log_mass":6.5205995431},{"country_iso":"MYS","city_id":11139,"log_pop":4.2514805987,"log_mass":6.3415692244},{"country_iso":"MYS","city_id":11139,"log_pop":4.5244211043,"log_mass":6.5965562757},{"country_iso":"MYS","city_id":11139,"log_pop":4.4867204783,"log_mass":6.6965025998},{"country_iso":"MYS","city_id":11139,"log_pop":4.5519984075,"log_mass":6.5933124564},{"country_iso":"MYS","city_id":11139,"log_pop":4.6069883119,"log_mass":6.6854608098},{"country_iso":"MYS","city_id":11139,"log_pop":4.4308247921,"log_mass":6.631136499},{"country_iso":"MYS","city_id":11139,"log_pop":4.3801680001,"log_mass":6.3773256829},{"country_iso":"MYS","city_id":11139,"log_pop":4.5497268869,"log_mass":6.6196760416},{"country_iso":"MYS","city_id":11139,"log_pop":2.4773229791,"log_mass":4.9118592924},{"country_iso":"MYS","city_id":11139,"log_pop":4.2576784489,"log_mass":6.4802581698},{"country_iso":"MYS","city_id":11139,"log_pop":0.2652904213,"log_mass":3.0514747885},{"country_iso":"MYS","city_id":11139,"log_pop":2.5181997267,"log_mass":5.001470187},{"country_iso":"MYS","city_id":11139,"log_pop":4.3037908196,"log_mass":6.4398338209},{"country_iso":"MYS","city_id":11139,"log_pop":4.7217414675,"log_mass":6.5641281454},{"country_iso":"MYS","city_id":11139,"log_pop":4.7100270533,"log_mass":6.7030667532},{"country_iso":"MYS","city_id":11139,"log_pop":4.851161334,"log_mass":6.7198935837},{"country_iso":"MYS","city_id":11139,"log_pop":4.8613827254,"log_mass":6.6650173549},{"country_iso":"MYS","city_id":11139,"log_pop":4.1903990585,"log_mass":6.2798293428},{"country_iso":"MYS","city_id":11139,"log_pop":4.1147352516,"log_mass":6.0372593344},{"country_iso":"MYS","city_id":11139,"log_pop":3.9841708715,"log_mass":6.1250607963},{"country_iso":"MYS","city_id":11139,"log_pop":1.8933357995,"log_mass":4.1679296069},{"country_iso":"MYS","city_id":11139,"log_pop":3.9101418093,"log_mass":5.8482415978},{"country_iso":"MYS","city_id":11139,"log_pop":4.2985583806,"log_mass":6.4375403903},{"country_iso":"MYS","city_id":11139,"log_pop":4.4990657089,"log_mass":6.5814204279},{"country_iso":"MYS","city_id":11139,"log_pop":4.1627254624,"log_mass":6.3345649406},{"country_iso":"MYS","city_id":11139,"log_pop":4.0039706962,"log_mass":6.1650146254},{"country_iso":"MYS","city_id":11139,"log_pop":4.3415656568,"log_mass":6.506369886},{"country_iso":"MYS","city_id":11139,"log_pop":2.8213966845,"log_mass":5.0568892658},{"country_iso":"MYS","city_id":11139,"log_pop":4.2496845335,"log_mass":6.582363274},{"country_iso":"MYS","city_id":11139,"log_pop":4.1275835136,"log_mass":6.3099226899},{"country_iso":"MYS","city_id":11139,"log_pop":4.2456662382,"log_mass":6.4324617727},{"country_iso":"MYS","city_id":11139,"log_pop":3.9411245486,"log_mass":6.114212161},{"country_iso":"MYS","city_id":11139,"log_pop":4.0977761624,"log_mass":6.2856063163},{"country_iso":"MYS","city_id":11139,"log_pop":4.355217264,"log_mass":6.5211882291},{"country_iso":"MYS","city_id":11139,"log_pop":4.359218386,"log_mass":6.6488307651},{"country_iso":"MYS","city_id":11139,"log_pop":3.2866702469,"log_mass":5.5310731723},{"country_iso":"MYS","city_id":11139,"log_pop":3.4032302068,"log_mass":5.7935635817},{"country_iso":"MYS","city_id":11139,"log_pop":3.5134780973,"log_mass":5.6617107104},{"country_iso":"MYS","city_id":11139,"log_pop":2.5906283552,"log_mass":5.0713524511},{"country_iso":"MYS","city_id":11139,"log_pop":4.2473305847,"log_mass":6.4833644854},{"country_iso":"MYS","city_id":11139,"log_pop":3.1675437548,"log_mass":5.7441284765},{"country_iso":"MYS","city_id":11139,"log_pop":3.5282141432,"log_mass":5.7606477589},{"country_iso":"MYS","city_id":11139,"log_pop":4.3585429448,"log_mass":6.4876794895},{"country_iso":"MYS","city_id":11139,"log_pop":1.6836801361,"log_mass":4.1543671925},{"country_iso":"MYS","city_id":11139,"log_pop":3.3756652435,"log_mass":5.7490247614},{"country_iso":"MYS","city_id":11139,"log_pop":3.4879290516,"log_mass":5.7163013052},{"country_iso":"MYS","city_id":11139,"log_pop":2.9909888334,"log_mass":5.4253791668},{"country_iso":"MYS","city_id":11139,"log_pop":4.0261259648,"log_mass":6.2727840918},{"country_iso":"MYS","city_id":11139,"log_pop":4.1483975971,"log_mass":6.3943624743},{"country_iso":"MYS","city_id":11139,"log_pop":4.4398469528,"log_mass":6.6068344503},{"country_iso":"MYS","city_id":11139,"log_pop":3.8031091966,"log_mass":6.0080134388},{"country_iso":"MYS","city_id":11139,"log_pop":4.5038882722,"log_mass":6.6905343839},{"country_iso":"MYS","city_id":11139,"log_pop":4.0020461452,"log_mass":6.2487471457},{"country_iso":"MYS","city_id":11139,"log_pop":4.4275588015,"log_mass":6.5486409114},{"country_iso":"MYS","city_id":11139,"log_pop":3.9326569789,"log_mass":6.2846127643},{"country_iso":"MYS","city_id":11139,"log_pop":3.6681606305,"log_mass":6.0932616693},{"country_iso":"MYS","city_id":11139,"log_pop":4.139103886,"log_mass":6.4284370831},{"country_iso":"MYS","city_id":11139,"log_pop":3.3579087346,"log_mass":5.9025601946},{"country_iso":"MYS","city_id":11139,"log_pop":4.1121469722,"log_mass":6.3995907247},{"country_iso":"MYS","city_id":11139,"log_pop":4.3430280628,"log_mass":6.6199799991},{"country_iso":"MYS","city_id":11139,"log_pop":4.4036105726,"log_mass":6.5034248114},{"country_iso":"MYS","city_id":11139,"log_pop":3.9863579731,"log_mass":6.1219874543},{"country_iso":"MYS","city_id":11139,"log_pop":4.5960305669,"log_mass":6.6433780359},{"country_iso":"MYS","city_id":11139,"log_pop":4.446623054,"log_mass":6.5603123994},{"country_iso":"MYS","city_id":11139,"log_pop":3.8855484449,"log_mass":5.9927656335},{"country_iso":"MYS","city_id":11139,"log_pop":4.481125377,"log_mass":6.6352263589},{"country_iso":"MYS","city_id":11139,"log_pop":4.5587125026,"log_mass":6.6588357789},{"country_iso":"MYS","city_id":11139,"log_pop":3.952990687,"log_mass":6.4525009493},{"country_iso":"MYS","city_id":11139,"log_pop":3.7108825961,"log_mass":6.2430294377},{"country_iso":"MYS","city_id":11139,"log_pop":3.5841876411,"log_mass":6.4672538378},{"country_iso":"MYS","city_id":11139,"log_pop":4.1737570472,"log_mass":6.4965797709},{"country_iso":"MYS","city_id":11139,"log_pop":4.0845968896,"log_mass":6.5030355656},{"country_iso":"MYS","city_id":11139,"log_pop":2.6890482715,"log_mass":5.418854021},{"country_iso":"MYS","city_id":11139,"log_pop":2.9048714627,"log_mass":5.3960585792},{"country_iso":"MYS","city_id":11139,"log_pop":1.033783872,"log_mass":4.1192514526},{"country_iso":"MYS","city_id":11139,"log_pop":3.7555497159,"log_mass":6.3507975202},{"country_iso":"MYS","city_id":11139,"log_pop":3.115364233,"log_mass":5.6013328049},{"country_iso":"MYS","city_id":11139,"log_pop":3.6991595383,"log_mass":6.2380897161},{"country_iso":"MYS","city_id":11139,"log_pop":2.8425091979,"log_mass":5.4138193552},{"country_iso":"MYS","city_id":11139,"log_pop":3.4492181546,"log_mass":5.8137340492},{"country_iso":"MYS","city_id":11139,"log_pop":3.7428021857,"log_mass":6.1914517626},{"country_iso":"MYS","city_id":11074,"log_pop":3.5679554555,"log_mass":5.999160924},{"country_iso":"MYS","city_id":11074,"log_pop":1.4621629489,"log_mass":4.1790019846},{"country_iso":"MYS","city_id":11074,"log_pop":3.4862748452,"log_mass":5.935070908},{"country_iso":"MYS","city_id":11074,"log_pop":3.5758133603,"log_mass":6.0158306353},{"country_iso":"MYS","city_id":11074,"log_pop":3.7937800874,"log_mass":6.2203916222},{"country_iso":"MYS","city_id":11074,"log_pop":3.1467292821,"log_mass":5.7598032086},{"country_iso":"MYS","city_id":11074,"log_pop":3.6365370149,"log_mass":5.9695312944},{"country_iso":"MYS","city_id":11074,"log_pop":4.1526022998,"log_mass":6.5039830403},{"country_iso":"MYS","city_id":11074,"log_pop":4.0220005287,"log_mass":6.3710118351},{"country_iso":"MYS","city_id":11074,"log_pop":4.031352041,"log_mass":6.4550859222},{"country_iso":"MYS","city_id":11074,"log_pop":3.9314946675,"log_mass":6.2842966233},{"country_iso":"MYS","city_id":11074,"log_pop":4.3027349016,"log_mass":6.5321705716},{"country_iso":"MYS","city_id":11074,"log_pop":4.1345152126,"log_mass":6.3588639196},{"country_iso":"MYS","city_id":11074,"log_pop":4.08908809,"log_mass":6.4640588871},{"country_iso":"MYS","city_id":11074,"log_pop":3.0371821038,"log_mass":5.3827495689},{"country_iso":"MYS","city_id":11074,"log_pop":2.4628442922,"log_mass":4.8810573601},{"country_iso":"MYS","city_id":11074,"log_pop":4.1225987148,"log_mass":6.4066123169},{"country_iso":"MYS","city_id":11074,"log_pop":3.4520988583,"log_mass":5.7098113523},{"country_iso":"MYS","city_id":11074,"log_pop":4.1084686928,"log_mass":6.3650727884},{"country_iso":"MYS","city_id":11074,"log_pop":3.511935743,"log_mass":5.7597456344},{"country_iso":"MYS","city_id":11074,"log_pop":0.7254656302,"log_mass":3.6392536857},{"country_iso":"MYS","city_id":11074,"log_pop":2.6957615624,"log_mass":5.2745524221},{"country_iso":"MYS","city_id":11074,"log_pop":2.5167744626,"log_mass":4.885694895},{"country_iso":"MYS","city_id":11074,"log_pop":3.1818260228,"log_mass":5.5948603766},{"country_iso":"MYS","city_id":11074,"log_pop":3.796040526,"log_mass":6.1651645374},{"country_iso":"MYS","city_id":11074,"log_pop":4.201694338,"log_mass":6.5406728107},{"country_iso":"MYS","city_id":11074,"log_pop":3.7040291054,"log_mass":6.0571572266},{"country_iso":"MYS","city_id":11074,"log_pop":4.1456102681,"log_mass":6.3894289775},{"country_iso":"MYS","city_id":11074,"log_pop":3.9133419803,"log_mass":6.2229341769},{"country_iso":"MYS","city_id":11074,"log_pop":3.9408720767,"log_mass":6.2613088102},{"country_iso":"MYS","city_id":11074,"log_pop":1.1621375666,"log_mass":3.9283851369},{"country_iso":"MYS","city_id":11074,"log_pop":3.6525366754,"log_mass":5.9391665036},{"country_iso":"MYS","city_id":11074,"log_pop":1.7123924197,"log_mass":4.7387577709},{"country_iso":"MYS","city_id":11074,"log_pop":3.9823881978,"log_mass":6.3809958319},{"country_iso":"MYS","city_id":11074,"log_pop":1.3892562402,"log_mass":3.5608220549},{"country_iso":"MYS","city_id":11074,"log_pop":4.2231842163,"log_mass":6.5017649546},{"country_iso":"MYS","city_id":11074,"log_pop":2.7916332581,"log_mass":5.4461467291},{"country_iso":"MYS","city_id":11074,"log_pop":3.5144326356,"log_mass":5.9160843532},{"country_iso":"MYS","city_id":11074,"log_pop":3.5805266221,"log_mass":6.2815665191},{"country_iso":"MYS","city_id":11074,"log_pop":4.0823491034,"log_mass":6.3941295094},{"country_iso":"MYS","city_id":11074,"log_pop":4.3385975793,"log_mass":6.5848452961},{"country_iso":"MYS","city_id":11074,"log_pop":4.317021039,"log_mass":6.5790738111},{"country_iso":"MYS","city_id":11074,"log_pop":3.9688445427,"log_mass":6.1633287743},{"country_iso":"MYS","city_id":11074,"log_pop":4.4061782445,"log_mass":6.5815290123},{"country_iso":"MYS","city_id":11074,"log_pop":4.1774513415,"log_mass":6.4577489804},{"country_iso":"MYS","city_id":11074,"log_pop":4.1588952998,"log_mass":6.4589818428},{"country_iso":"MYS","city_id":11074,"log_pop":4.224316755,"log_mass":6.4756115744},{"country_iso":"MYS","city_id":11074,"log_pop":3.8794997465,"log_mass":6.1654042569},{"country_iso":"MYS","city_id":11074,"log_pop":3.54864774,"log_mass":5.758388081},{"country_iso":"MYS","city_id":11074,"log_pop":2.4311300176,"log_mass":5.2078638992},{"country_iso":"MYS","city_id":11074,"log_pop":1.5544601214,"log_mass":4.2369378996},{"country_iso":"MYS","city_id":11074,"log_pop":3.4393397371,"log_mass":5.8226471873},{"country_iso":"MYS","city_id":11074,"log_pop":3.840740479,"log_mass":6.1854796327},{"country_iso":"MYS","city_id":11074,"log_pop":4.0876252773,"log_mass":6.5316305739},{"country_iso":"MYS","city_id":11074,"log_pop":3.8715325937,"log_mass":6.2918900057},{"country_iso":"MYS","city_id":11074,"log_pop":2.6849385465,"log_mass":5.3904793375},{"country_iso":"MYS","city_id":12732,"log_pop":0.1031917278,"log_mass":3.1914233166},{"country_iso":"MYS","city_id":12732,"log_pop":3.3754909637,"log_mass":5.7607584098},{"country_iso":"MYS","city_id":12732,"log_pop":0.4009328485,"log_mass":2.6891840144},{"country_iso":"MYS","city_id":12732,"log_pop":3.2235986709,"log_mass":5.5075391214},{"country_iso":"MYS","city_id":12732,"log_pop":2.8473649229,"log_mass":5.105233467},{"country_iso":"MYS","city_id":12732,"log_pop":3.7669044634,"log_mass":6.0584461882},{"country_iso":"MYS","city_id":12732,"log_pop":3.8819134724,"log_mass":6.0733865019},{"country_iso":"MYS","city_id":12732,"log_pop":3.7034753755,"log_mass":5.9525709282},{"country_iso":"MYS","city_id":12732,"log_pop":2.5481163751,"log_mass":5.0732761793},{"country_iso":"MYS","city_id":12732,"log_pop":3.4242915623,"log_mass":5.6737777765},{"country_iso":"MYS","city_id":12732,"log_pop":4.0923141551,"log_mass":6.3724272396},{"country_iso":"MYS","city_id":12732,"log_pop":3.4487820286,"log_mass":5.7457070766},{"country_iso":"MYS","city_id":12732,"log_pop":4.1192084946,"log_mass":6.3759551645},{"country_iso":"MYS","city_id":12732,"log_pop":2.2075564726,"log_mass":4.898429869},{"country_iso":"MYS","city_id":12732,"log_pop":4.0022839391,"log_mass":6.2136054532},{"country_iso":"MYS","city_id":12732,"log_pop":4.1324900298,"log_mass":6.3400052242},{"country_iso":"MYS","city_id":12732,"log_pop":4.0944509994,"log_mass":6.3519486144},{"country_iso":"MYS","city_id":12732,"log_pop":4.2780012618,"log_mass":6.5082858583},{"country_iso":"MYS","city_id":12732,"log_pop":4.2687439973,"log_mass":6.52812325},{"country_iso":"MYS","city_id":12732,"log_pop":3.4092581713,"log_mass":5.7432046961},{"country_iso":"MYS","city_id":12732,"log_pop":4.0142074132,"log_mass":6.2123847742},{"country_iso":"MYS","city_id":12732,"log_pop":4.2243104846,"log_mass":6.3804657263},{"country_iso":"MYS","city_id":12732,"log_pop":4.4407087986,"log_mass":6.6381880688},{"country_iso":"MYS","city_id":12732,"log_pop":4.2522321205,"log_mass":6.4402186587},{"country_iso":"MYS","city_id":12732,"log_pop":2.5495287372,"log_mass":4.9968688108},{"country_iso":"MYS","city_id":12732,"log_pop":1.9239814687,"log_mass":4.4146799779},{"country_iso":"MYS","city_id":12732,"log_pop":3.1159428661,"log_mass":5.5653957768},{"country_iso":"MYS","city_id":12732,"log_pop":3.9123448917,"log_mass":6.1137342896},{"country_iso":"MYS","city_id":12732,"log_pop":3.3152606647,"log_mass":5.595646424},{"country_iso":"MYS","city_id":12732,"log_pop":3.5535869797,"log_mass":5.9409183079},{"country_iso":"MYS","city_id":12732,"log_pop":3.5329893746,"log_mass":5.8949998094},{"country_iso":"MYS","city_id":12732,"log_pop":2.6676448257,"log_mass":5.2850342353},{"country_iso":"MYS","city_id":12732,"log_pop":4.1478088354,"log_mass":6.4706615116},{"country_iso":"MYS","city_id":12732,"log_pop":2.6816557007,"log_mass":5.2572160358},{"country_iso":"MYS","city_id":12732,"log_pop":3.2073888263,"log_mass":5.6892357211},{"country_iso":"MYS","city_id":12732,"log_pop":3.4412011128,"log_mass":5.7734630624},{"country_iso":"MYS","city_id":12732,"log_pop":1.393559187,"log_mass":4.180714783},{"country_iso":"MYS","city_id":12732,"log_pop":2.9903591941,"log_mass":5.2123811011},{"country_iso":"MYS","city_id":12732,"log_pop":3.8095346137,"log_mass":6.3463848625},{"country_iso":"MYS","city_id":12732,"log_pop":3.7823851344,"log_mass":5.9646721197},{"country_iso":"MYS","city_id":12732,"log_pop":4.3082497747,"log_mass":6.4370040323},{"country_iso":"MYS","city_id":12732,"log_pop":4.2181613633,"log_mass":6.4370986614},{"country_iso":"MYS","city_id":12732,"log_pop":4.0275457198,"log_mass":6.3152257255},{"country_iso":"MYS","city_id":12732,"log_pop":4.0289617503,"log_mass":6.2733173629},{"country_iso":"MYS","city_id":12732,"log_pop":2.5797432204,"log_mass":4.9700530178},{"country_iso":"MYS","city_id":12732,"log_pop":4.0069266449,"log_mass":6.194968472},{"country_iso":"MYS","city_id":12732,"log_pop":4.329041705,"log_mass":6.5432535428},{"country_iso":"MYS","city_id":12732,"log_pop":4.3101919341,"log_mass":6.4412239308},{"country_iso":"MYS","city_id":12732,"log_pop":3.3036915661,"log_mass":5.4360903203},{"country_iso":"MYS","city_id":12732,"log_pop":2.7197603885,"log_mass":5.2887094243},{"country_iso":"MYS","city_id":10956,"log_pop":1.1359914769,"log_mass":3.9281416403},{"country_iso":"MYS","city_id":10956,"log_pop":3.6959953022,"log_mass":6.0949750993},{"country_iso":"MYS","city_id":10956,"log_pop":3.1386027743,"log_mass":5.5519959966},{"country_iso":"MYS","city_id":10956,"log_pop":3.9560265705,"log_mass":6.3358084784},{"country_iso":"MYS","city_id":10956,"log_pop":3.2004704435,"log_mass":5.8937286059},{"country_iso":"MYS","city_id":10956,"log_pop":3.7740135227,"log_mass":6.1759179779},{"country_iso":"MYS","city_id":10956,"log_pop":3.7448132609,"log_mass":6.4425714892},{"country_iso":"MYS","city_id":10956,"log_pop":2.9058403975,"log_mass":5.9158559688},{"country_iso":"MYS","city_id":10956,"log_pop":3.8932204776,"log_mass":6.4392556207},{"country_iso":"MYS","city_id":10956,"log_pop":3.4088789957,"log_mass":6.0793445555},{"country_iso":"MYS","city_id":10956,"log_pop":3.7602748692,"log_mass":6.2892343228},{"country_iso":"MYS","city_id":10956,"log_pop":2.2786532837,"log_mass":5.0070446732},{"country_iso":"MYS","city_id":10956,"log_pop":3.8830793474,"log_mass":6.388734544},{"country_iso":"MYS","city_id":10956,"log_pop":3.9503919348,"log_mass":6.2496966924},{"country_iso":"MYS","city_id":10956,"log_pop":4.075484336,"log_mass":6.4954051112},{"country_iso":"MYS","city_id":10956,"log_pop":3.2938214901,"log_mass":5.7240487895},{"country_iso":"MYS","city_id":10956,"log_pop":4.0420238599,"log_mass":6.3500044932},{"country_iso":"MYS","city_id":10956,"log_pop":4.0865354092,"log_mass":6.3619037954},{"country_iso":"MYS","city_id":10956,"log_pop":4.195807669,"log_mass":6.4388476996},{"country_iso":"MYS","city_id":10956,"log_pop":2.5877546271,"log_mass":5.152242827},{"country_iso":"MYS","city_id":10956,"log_pop":3.9989169721,"log_mass":6.3530292866},{"country_iso":"MYS","city_id":10956,"log_pop":3.3374840505,"log_mass":5.6470694869},{"country_iso":"MYS","city_id":10956,"log_pop":1.0916475267,"log_mass":3.8561619355},{"country_iso":"MYS","city_id":10956,"log_pop":2.8863557151,"log_mass":5.6110376211},{"country_iso":"MYS","city_id":10956,"log_pop":-0.5547098938,"log_mass":2.5912570328},{"country_iso":"MYS","city_id":10956,"log_pop":4.4729808207,"log_mass":6.652673804},{"country_iso":"MYS","city_id":10956,"log_pop":4.3862583885,"log_mass":6.6002333573},{"country_iso":"MYS","city_id":10956,"log_pop":4.0496204723,"log_mass":5.975517281},{"country_iso":"MYS","city_id":10956,"log_pop":4.0556631489,"log_mass":6.46401354},{"country_iso":"MYS","city_id":10956,"log_pop":4.1309149305,"log_mass":6.5128405587},{"country_iso":"MYS","city_id":10956,"log_pop":3.4223810405,"log_mass":6.0089030204},{"country_iso":"MYS","city_id":10956,"log_pop":2.5117668221,"log_mass":5.1620268635},{"country_iso":"MYS","city_id":10956,"log_pop":3.383526766,"log_mass":5.7503185653},{"country_iso":"MYS","city_id":10956,"log_pop":3.4993473673,"log_mass":6.0367254982},{"country_iso":"MYS","city_id":10956,"log_pop":3.169456734,"log_mass":5.6515157984},{"country_iso":"MYS","city_id":10956,"log_pop":4.3708786461,"log_mass":6.6042533302},{"country_iso":"MYS","city_id":10956,"log_pop":3.9369521047,"log_mass":6.4933223254},{"country_iso":"MYS","city_id":10956,"log_pop":4.0213721338,"log_mass":6.1430022735},{"country_iso":"MYS","city_id":10956,"log_pop":4.1253587564,"log_mass":6.5684442751},{"country_iso":"MYS","city_id":10956,"log_pop":4.1862262596,"log_mass":6.5306462791},{"country_iso":"MYS","city_id":10956,"log_pop":3.4491289654,"log_mass":6.2098392321},{"country_iso":"MYS","city_id":10956,"log_pop":4.1154655609,"log_mass":6.4957736178},{"country_iso":"MYS","city_id":10956,"log_pop":3.5369025812,"log_mass":5.8953949618},{"country_iso":"MYS","city_id":10956,"log_pop":3.9135219201,"log_mass":6.3721872024},{"country_iso":"MYS","city_id":10956,"log_pop":3.0323560926,"log_mass":5.4491708074},{"country_iso":"MYS","city_id":10956,"log_pop":2.5761171262,"log_mass":5.1441734072},{"country_iso":"MYS","city_id":10956,"log_pop":2.9512436759,"log_mass":5.4329824994},{"country_iso":"MYS","city_id":10956,"log_pop":3.7370473786,"log_mass":6.0683876993},{"country_iso":"MYS","city_id":10956,"log_pop":3.2355767265,"log_mass":5.6484769764},{"country_iso":"MYS","city_id":11266,"log_pop":3.8553168899,"log_mass":6.1187731891},{"country_iso":"MYS","city_id":11266,"log_pop":3.8215756008,"log_mass":6.0558318656},{"country_iso":"MYS","city_id":11266,"log_pop":2.2708209293,"log_mass":4.9452161511},{"country_iso":"MYS","city_id":11266,"log_pop":3.686897637,"log_mass":6.1050636584},{"country_iso":"MYS","city_id":11266,"log_pop":1.6095887477,"log_mass":4.5489079842},{"country_iso":"MYS","city_id":11266,"log_pop":3.4187217196,"log_mass":5.8301759004},{"country_iso":"MYS","city_id":11266,"log_pop":2.2725770791,"log_mass":4.8722229856},{"country_iso":"MYS","city_id":11266,"log_pop":4.3983340899,"log_mass":6.6387549485},{"country_iso":"MYS","city_id":11266,"log_pop":3.9490230684,"log_mass":6.2113361086},{"country_iso":"MYS","city_id":11266,"log_pop":4.1769715254,"log_mass":6.4999537916},{"country_iso":"MYS","city_id":11266,"log_pop":4.1031533736,"log_mass":6.3285278321},{"country_iso":"MYS","city_id":11266,"log_pop":4.2828932527,"log_mass":6.543465248},{"country_iso":"MYS","city_id":11266,"log_pop":3.9518975114,"log_mass":6.2723111087},{"country_iso":"MYS","city_id":11266,"log_pop":4.2251402867,"log_mass":6.4321903448},{"country_iso":"MYS","city_id":11266,"log_pop":4.0922393337,"log_mass":6.4687189959},{"country_iso":"MYS","city_id":11266,"log_pop":4.0571154748,"log_mass":6.2715820513},{"country_iso":"MYS","city_id":11266,"log_pop":3.3811658552,"log_mass":5.8506425185},{"country_iso":"MYS","city_id":11266,"log_pop":3.5950692996,"log_mass":6.2840830602},{"country_iso":"MYS","city_id":11266,"log_pop":3.8629382628,"log_mass":6.3913622922},{"country_iso":"MYS","city_id":11266,"log_pop":4.1185272518,"log_mass":6.3719842794},{"country_iso":"MYS","city_id":11266,"log_pop":2.546812989,"log_mass":5.0188916687},{"country_iso":"MYS","city_id":11266,"log_pop":2.8755449737,"log_mass":5.3241287266},{"country_iso":"MYS","city_id":11266,"log_pop":3.3568319434,"log_mass":5.7666946956},{"country_iso":"MYS","city_id":11266,"log_pop":0.4089631467,"log_mass":4.2533696808},{"country_iso":"MYS","city_id":11266,"log_pop":3.3646645184,"log_mass":6.068722802},{"country_iso":"MYS","city_id":11266,"log_pop":2.6119273996,"log_mass":4.9549323374},{"country_iso":"MYS","city_id":11266,"log_pop":3.0961972694,"log_mass":5.5288731709},{"country_iso":"MYS","city_id":11266,"log_pop":3.2775011958,"log_mass":5.8534752033},{"country_iso":"MYS","city_id":11266,"log_pop":3.7652828354,"log_mass":6.1346640177},{"country_iso":"MYS","city_id":11266,"log_pop":-0.0884836276,"log_mass":4.1518158582},{"country_iso":"MYS","city_id":11266,"log_pop":3.2072384116,"log_mass":5.6768204208},{"country_iso":"MYS","city_id":11266,"log_pop":3.9314744195,"log_mass":6.385085311},{"country_iso":"MYS","city_id":11266,"log_pop":3.7260029797,"log_mass":6.1580585036},{"country_iso":"MYS","city_id":11266,"log_pop":3.2498625542,"log_mass":5.825518927},{"country_iso":"MYS","city_id":11266,"log_pop":3.5304146198,"log_mass":6.0283058719},{"country_iso":"MYS","city_id":11266,"log_pop":4.1825376976,"log_mass":6.4916992426},{"country_iso":"MYS","city_id":11266,"log_pop":3.8621327855,"log_mass":6.111652475},{"country_iso":"MYS","city_id":11266,"log_pop":4.0819918506,"log_mass":6.4107714953},{"country_iso":"MYS","city_id":11266,"log_pop":1.0923990467,"log_mass":3.5273410709},{"country_iso":"MYS","city_id":11266,"log_pop":3.4604394724,"log_mass":5.9393953634},{"country_iso":"MYS","city_id":11266,"log_pop":2.7788922346,"log_mass":5.2788169585},{"country_iso":"MYS","city_id":11266,"log_pop":3.5537425089,"log_mass":6.2042305499},{"country_iso":"MYS","city_id":11266,"log_pop":3.3878474475,"log_mass":6.0333767255},{"country_iso":"MYS","city_id":12454,"log_pop":2.2257237852,"log_mass":4.8004505527},{"country_iso":"MYS","city_id":12454,"log_pop":2.7452403972,"log_mass":5.3132239985},{"country_iso":"MYS","city_id":12454,"log_pop":3.5785578042,"log_mass":5.9581655658},{"country_iso":"MYS","city_id":12454,"log_pop":3.8279602935,"log_mass":6.1963412997},{"country_iso":"MYS","city_id":12454,"log_pop":2.9189928034,"log_mass":5.2380242978},{"country_iso":"MYS","city_id":12454,"log_pop":3.85689252,"log_mass":6.1998016228},{"country_iso":"MYS","city_id":12454,"log_pop":3.1128543686,"log_mass":5.5469192549},{"country_iso":"MYS","city_id":12454,"log_pop":1.8806326012,"log_mass":4.5552343682},{"country_iso":"MYS","city_id":12454,"log_pop":3.7537532495,"log_mass":6.0373199346},{"country_iso":"MYS","city_id":12454,"log_pop":4.2376062399,"log_mass":6.5595422909},{"country_iso":"MYS","city_id":12454,"log_pop":3.4091206989,"log_mass":5.8871085611},{"country_iso":"MYS","city_id":12454,"log_pop":4.1297181735,"log_mass":6.3890632607},{"country_iso":"MYS","city_id":12454,"log_pop":2.6169650007,"log_mass":5.3365926622},{"country_iso":"MYS","city_id":12454,"log_pop":3.9238771085,"log_mass":6.2903312691},{"country_iso":"MYS","city_id":12454,"log_pop":4.2131642637,"log_mass":6.5242882659},{"country_iso":"MYS","city_id":12454,"log_pop":3.7675793053,"log_mass":6.1313260807},{"country_iso":"MYS","city_id":12454,"log_pop":3.9438770301,"log_mass":6.2621976353},{"country_iso":"MYS","city_id":12454,"log_pop":4.0010444204,"log_mass":6.2859421922},{"country_iso":"MYS","city_id":12454,"log_pop":4.1925547219,"log_mass":6.4754880497},{"country_iso":"MYS","city_id":12454,"log_pop":4.1350389137,"log_mass":6.4562974349},{"country_iso":"MYS","city_id":12454,"log_pop":4.1133846921,"log_mass":6.463339696},{"country_iso":"MYS","city_id":12454,"log_pop":3.1670057972,"log_mass":5.7280221317},{"country_iso":"MYS","city_id":12454,"log_pop":3.3179420571,"log_mass":5.7298395897},{"country_iso":"MYS","city_id":12454,"log_pop":3.6046820525,"log_mass":6.024470663},{"country_iso":"MYS","city_id":12454,"log_pop":0.9318942304,"log_mass":3.595453693},{"country_iso":"MYS","city_id":12454,"log_pop":3.5346171811,"log_mass":5.9583994511},{"country_iso":"MYS","city_id":12454,"log_pop":3.9393600091,"log_mass":6.241546823},{"country_iso":"MYS","city_id":12454,"log_pop":4.2160231964,"log_mass":6.5548433733},{"country_iso":"MYS","city_id":12454,"log_pop":4.2631032839,"log_mass":6.6053782926},{"country_iso":"MYS","city_id":12454,"log_pop":2.3622593855,"log_mass":4.9019336523},{"country_iso":"MYS","city_id":12454,"log_pop":2.1994862747,"log_mass":4.5916627557},{"country_iso":"MYS","city_id":12454,"log_pop":3.7966326324,"log_mass":6.0931825534},{"country_iso":"MYS","city_id":12454,"log_pop":1.309401802,"log_mass":3.9346352145},{"country_iso":"MYS","city_id":12454,"log_pop":2.9860076631,"log_mass":5.3805570748},{"country_iso":"MYS","city_id":12454,"log_pop":1.7424611976,"log_mass":4.8896220009},{"country_iso":"MYS","city_id":12454,"log_pop":3.5376099865,"log_mass":5.9008659149},{"country_iso":"MYS","city_id":12454,"log_pop":3.7162505728,"log_mass":6.2043140495},{"country_iso":"MYS","city_id":12454,"log_pop":3.0038885152,"log_mass":5.5414601488},{"country_iso":"MYS","city_id":12454,"log_pop":3.7772079658,"log_mass":6.1630741799},{"country_iso":"MYS","city_id":12454,"log_pop":3.4540056296,"log_mass":5.9348333201},{"country_iso":"MYS","city_id":12454,"log_pop":3.6069610092,"log_mass":6.1065192349},{"country_iso":"MYS","city_id":12454,"log_pop":2.0248577446,"log_mass":4.6172274414},{"country_iso":"MYS","city_id":12454,"log_pop":4.0043496717,"log_mass":6.3344839196},{"country_iso":"MYS","city_id":10940,"log_pop":3.4984418286,"log_mass":5.7315020704},{"country_iso":"MYS","city_id":10940,"log_pop":3.7172179211,"log_mass":5.9623951687},{"country_iso":"MYS","city_id":10940,"log_pop":4.2200125894,"log_mass":6.3655964245},{"country_iso":"MYS","city_id":10940,"log_pop":3.6143715795,"log_mass":5.9112152079},{"country_iso":"MYS","city_id":10940,"log_pop":2.231681803,"log_mass":4.4194897773},{"country_iso":"MYS","city_id":10940,"log_pop":2.1366262337,"log_mass":4.4660965584},{"country_iso":"MYS","city_id":10940,"log_pop":4.166146875,"log_mass":6.3802818301},{"country_iso":"MYS","city_id":10940,"log_pop":3.743702618,"log_mass":5.9694457035},{"country_iso":"MYS","city_id":10940,"log_pop":4.290173599,"log_mass":6.6379002509},{"country_iso":"MYS","city_id":10940,"log_pop":2.7118894225,"log_mass":5.0537080106},{"country_iso":"MYS","city_id":10940,"log_pop":4.5230182362,"log_mass":6.6536703663},{"country_iso":"MYS","city_id":10940,"log_pop":4.5506735119,"log_mass":6.617969123},{"country_iso":"MYS","city_id":10940,"log_pop":4.3877093891,"log_mass":6.4577801048},{"country_iso":"MYS","city_id":10940,"log_pop":4.3159593286,"log_mass":6.4386643157},{"country_iso":"MYS","city_id":10940,"log_pop":4.1614625722,"log_mass":6.2927227833},{"country_iso":"MYS","city_id":10940,"log_pop":4.6779581778,"log_mass":6.7394650605},{"country_iso":"MYS","city_id":10940,"log_pop":3.4458069496,"log_mass":5.6697446113},{"country_iso":"MYS","city_id":10940,"log_pop":2.2197258143,"log_mass":4.8675503653},{"country_iso":"MYS","city_id":10940,"log_pop":0.7342410007,"log_mass":3.7343367544},{"country_iso":"MYS","city_id":10940,"log_pop":3.6621846815,"log_mass":5.8165645562},{"country_iso":"MYS","city_id":10940,"log_pop":2.9118023496,"log_mass":5.2809861474},{"country_iso":"MYS","city_id":10940,"log_pop":1.9707704848,"log_mass":4.6572965386},{"country_iso":"MYS","city_id":10940,"log_pop":4.1652849424,"log_mass":6.1711695837},{"country_iso":"MYS","city_id":10940,"log_pop":2.5515636223,"log_mass":4.8002699906},{"country_iso":"MYS","city_id":10940,"log_pop":2.2953397551,"log_mass":4.5864993085},{"country_iso":"MYS","city_id":10940,"log_pop":1.5507206487,"log_mass":4.1358657463},{"country_iso":"MYS","city_id":10940,"log_pop":2.738781727,"log_mass":5.5570280041},{"country_iso":"MYS","city_id":10940,"log_pop":4.2176831405,"log_mass":6.4229677532},{"country_iso":"MYS","city_id":10940,"log_pop":3.5343416252,"log_mass":5.7663365621},{"country_iso":"MYS","city_id":10940,"log_pop":4.3473499282,"log_mass":6.6053647973},{"country_iso":"MYS","city_id":10940,"log_pop":3.9144178405,"log_mass":5.8958630834},{"country_iso":"MYS","city_id":10940,"log_pop":3.1833849712,"log_mass":5.1862205602},{"country_iso":"MYS","city_id":10940,"log_pop":4.5302988024,"log_mass":6.5088381109},{"country_iso":"MYS","city_id":10940,"log_pop":4.3020044366,"log_mass":6.1879775294},{"country_iso":"MYS","city_id":10940,"log_pop":4.6517367037,"log_mass":6.5351048043},{"country_iso":"MYS","city_id":10940,"log_pop":4.0997191887,"log_mass":6.1193319179},{"country_iso":"MYS","city_id":10940,"log_pop":4.5940562495,"log_mass":6.5559623367},{"country_iso":"MYS","city_id":11216,"log_pop":3.1973982947,"log_mass":5.6281015653},{"country_iso":"MYS","city_id":11216,"log_pop":1.947673919,"log_mass":4.5716220208},{"country_iso":"MYS","city_id":11216,"log_pop":2.6213423669,"log_mass":5.1704091196},{"country_iso":"MYS","city_id":11216,"log_pop":3.9085288486,"log_mass":6.360888687},{"country_iso":"MYS","city_id":11216,"log_pop":2.716033689,"log_mass":5.1950190147},{"country_iso":"MYS","city_id":11216,"log_pop":3.7371396178,"log_mass":6.098571641},{"country_iso":"MYS","city_id":11216,"log_pop":3.6066234677,"log_mass":5.9923296388},{"country_iso":"MYS","city_id":11216,"log_pop":4.1539744367,"log_mass":6.4768848786},{"country_iso":"MYS","city_id":11216,"log_pop":4.0181461864,"log_mass":6.3518786271},{"country_iso":"MYS","city_id":11216,"log_pop":3.2798833542,"log_mass":5.7218226978},{"country_iso":"MYS","city_id":11216,"log_pop":1.9245693163,"log_mass":4.5630833642},{"country_iso":"MYS","city_id":11216,"log_pop":3.9179580333,"log_mass":6.3130500593},{"country_iso":"MYS","city_id":11216,"log_pop":2.6979610757,"log_mass":4.9816171115},{"country_iso":"MYS","city_id":11216,"log_pop":3.3038759738,"log_mass":5.6820949145},{"country_iso":"MYS","city_id":11216,"log_pop":3.9213548321,"log_mass":6.1523444169},{"country_iso":"MYS","city_id":11216,"log_pop":4.2636504578,"log_mass":6.4783695995},{"country_iso":"MYS","city_id":11216,"log_pop":2.2618807774,"log_mass":4.7670064836},{"country_iso":"MYS","city_id":11216,"log_pop":4.1436738383,"log_mass":6.3687566092},{"country_iso":"MYS","city_id":11216,"log_pop":3.8687339284,"log_mass":6.2291842788},{"country_iso":"MYS","city_id":11216,"log_pop":3.9588080375,"log_mass":6.3061759851},{"country_iso":"MYS","city_id":11216,"log_pop":4.0767270273,"log_mass":6.3776891943},{"country_iso":"MYS","city_id":11216,"log_pop":4.1200693502,"log_mass":6.3892782071},{"country_iso":"MYS","city_id":11216,"log_pop":3.9524391706,"log_mass":6.3502605183},{"country_iso":"MYS","city_id":11216,"log_pop":4.0663017616,"log_mass":6.3607764469},{"country_iso":"MYS","city_id":11216,"log_pop":4.1291017299,"log_mass":6.3973390797},{"country_iso":"MYS","city_id":11216,"log_pop":4.0035161889,"log_mass":6.2903835317},{"country_iso":"MYS","city_id":11216,"log_pop":3.0751040537,"log_mass":5.5127893561},{"country_iso":"MYS","city_id":11216,"log_pop":1.6354256815,"log_mass":4.7426696525},{"country_iso":"MYS","city_id":11216,"log_pop":3.8423263694,"log_mass":6.1480396127},{"country_iso":"MYS","city_id":11216,"log_pop":3.1292535018,"log_mass":5.8469911564},{"country_iso":"MYS","city_id":11216,"log_pop":3.3153158124,"log_mass":5.9570090313},{"country_iso":"MYS","city_id":11216,"log_pop":3.7946927295,"log_mass":6.1314870313},{"country_iso":"MYS","city_id":11216,"log_pop":4.304567938,"log_mass":6.6250424901},{"country_iso":"MYS","city_id":11216,"log_pop":3.7740997179,"log_mass":6.1921487927},{"country_iso":"MYS","city_id":11216,"log_pop":3.0056440596,"log_mass":5.3780365989},{"country_iso":"MYS","city_id":11216,"log_pop":4.0092346307,"log_mass":6.2803877904},{"country_iso":"MYS","city_id":11220,"log_pop":-0.0371535747,"log_mass":2.9608361817},{"country_iso":"MYS","city_id":11220,"log_pop":2.4262422211,"log_mass":4.6507507513},{"country_iso":"MYS","city_id":11220,"log_pop":4.0482121294,"log_mass":6.3669436875},{"country_iso":"MYS","city_id":11220,"log_pop":3.9390167487,"log_mass":6.1144782477},{"country_iso":"MYS","city_id":11220,"log_pop":3.6009802819,"log_mass":6.0069833619},{"country_iso":"MYS","city_id":11220,"log_pop":3.9937027752,"log_mass":6.2458669053},{"country_iso":"MYS","city_id":11220,"log_pop":2.7125727932,"log_mass":5.0386717169},{"country_iso":"MYS","city_id":11220,"log_pop":3.784863822,"log_mass":6.020425216},{"country_iso":"MYS","city_id":11220,"log_pop":2.7243920838,"log_mass":5.0783684467},{"country_iso":"MYS","city_id":11220,"log_pop":3.9854708393,"log_mass":6.2335695311},{"country_iso":"MYS","city_id":11220,"log_pop":3.4514115431,"log_mass":5.7727203313},{"country_iso":"MYS","city_id":11220,"log_pop":2.9389811058,"log_mass":5.1769890662},{"country_iso":"MYS","city_id":11220,"log_pop":2.959988535,"log_mass":5.4402546638},{"country_iso":"MYS","city_id":11220,"log_pop":4.3881421153,"log_mass":6.6292142945},{"country_iso":"MYS","city_id":11220,"log_pop":4.0991618504,"log_mass":6.341316537},{"country_iso":"MYS","city_id":11220,"log_pop":3.8398605382,"log_mass":6.0553798192},{"country_iso":"MYS","city_id":11220,"log_pop":3.1030864319,"log_mass":5.5425042288},{"country_iso":"MYS","city_id":11220,"log_pop":2.1075423463,"log_mass":4.5069065051},{"country_iso":"MYS","city_id":11220,"log_pop":2.117293514,"log_mass":4.7898511891},{"country_iso":"MYS","city_id":11220,"log_pop":3.118995652,"log_mass":5.6617234666},{"country_iso":"MYS","city_id":11220,"log_pop":1.8723916577,"log_mass":4.5934630215},{"country_iso":"MYS","city_id":11220,"log_pop":3.3594817616,"log_mass":5.6722771974},{"country_iso":"MYS","city_id":11220,"log_pop":3.6406752532,"log_mass":5.99612138},{"country_iso":"MYS","city_id":11220,"log_pop":4.1825969755,"log_mass":6.4055822257},{"country_iso":"MYS","city_id":11220,"log_pop":4.1275210119,"log_mass":6.4063200567},{"country_iso":"MYS","city_id":11220,"log_pop":3.6050252724,"log_mass":5.8511426503},{"country_iso":"MYS","city_id":11220,"log_pop":2.640722438,"log_mass":5.2129550839},{"country_iso":"MYS","city_id":11220,"log_pop":3.8790226954,"log_mass":6.0829509675},{"country_iso":"MYS","city_id":11220,"log_pop":3.8565914273,"log_mass":6.0703325389},{"country_iso":"MYS","city_id":11220,"log_pop":1.9096740972,"log_mass":4.1745147173},{"country_iso":"MYS","city_id":11220,"log_pop":1.9366730681,"log_mass":4.3595809248},{"country_iso":"MYS","city_id":11220,"log_pop":3.4771603662,"log_mass":5.9154536999},{"country_iso":"MYS","city_id":11220,"log_pop":-0.0643790812,"log_mass":2.3092527384},{"country_iso":"MYS","city_id":11220,"log_pop":2.9043145461,"log_mass":5.2929618548},{"country_iso":"MYS","city_id":11220,"log_pop":3.2219376892,"log_mass":5.5479780465},{"country_iso":"MYS","city_id":10964,"log_pop":1.5237042667,"log_mass":3.9641056991},{"country_iso":"MYS","city_id":10964,"log_pop":4.1763078169,"log_mass":6.4767616004},{"country_iso":"MYS","city_id":10964,"log_pop":1.3532427397,"log_mass":4.4006766182},{"country_iso":"MYS","city_id":10964,"log_pop":3.8197305274,"log_mass":6.0826278291},{"country_iso":"MYS","city_id":10964,"log_pop":1.9798704733,"log_mass":4.7875904597},{"country_iso":"MYS","city_id":10964,"log_pop":4.3096039234,"log_mass":6.5431771499},{"country_iso":"MYS","city_id":10964,"log_pop":3.7682898111,"log_mass":5.9958109199},{"country_iso":"MYS","city_id":10964,"log_pop":4.3035276198,"log_mass":6.6064464938},{"country_iso":"MYS","city_id":10964,"log_pop":3.0944769127,"log_mass":5.3778791498},{"country_iso":"MYS","city_id":10964,"log_pop":3.498818873,"log_mass":5.8539401116},{"country_iso":"MYS","city_id":10964,"log_pop":3.9710378369,"log_mass":6.2534102907},{"country_iso":"MYS","city_id":10964,"log_pop":3.3509214616,"log_mass":5.681294746},{"country_iso":"MYS","city_id":10964,"log_pop":3.6431591788,"log_mass":5.987770713},{"country_iso":"MYS","city_id":10964,"log_pop":2.8854907852,"log_mass":5.3548183403},{"country_iso":"MYS","city_id":10964,"log_pop":3.7435820453,"log_mass":6.1215641203},{"country_iso":"MYS","city_id":10964,"log_pop":4.2197663826,"log_mass":6.569808743},{"country_iso":"MYS","city_id":10964,"log_pop":3.692839882,"log_mass":5.9957599217},{"country_iso":"MYS","city_id":10964,"log_pop":2.4131046628,"log_mass":4.8371488402},{"country_iso":"MYS","city_id":10964,"log_pop":3.496050699,"log_mass":5.8613981246},{"country_iso":"MYS","city_id":10964,"log_pop":3.7463632747,"log_mass":6.0912604415},{"country_iso":"MYS","city_id":10964,"log_pop":3.9610243311,"log_mass":6.3487904944},{"country_iso":"MYS","city_id":10964,"log_pop":3.9327124136,"log_mass":6.3506418154},{"country_iso":"MYS","city_id":10964,"log_pop":4.1238578718,"log_mass":6.4802576143},{"country_iso":"MYS","city_id":10964,"log_pop":2.0890032423,"log_mass":4.5097918426},{"country_iso":"MYS","city_id":10964,"log_pop":2.117459182,"log_mass":4.4394325742},{"country_iso":"MYS","city_id":10964,"log_pop":2.7626712495,"log_mass":5.0228613087},{"country_iso":"MYS","city_id":10943,"log_pop":3.1056262822,"log_mass":5.4490497036},{"country_iso":"MYS","city_id":10943,"log_pop":3.6664507427,"log_mass":6.0627606793},{"country_iso":"MYS","city_id":10943,"log_pop":3.4597757508,"log_mass":5.7867313322},{"country_iso":"MYS","city_id":10943,"log_pop":4.1714901365,"log_mass":6.4358524813},{"country_iso":"MYS","city_id":10943,"log_pop":2.3116928962,"log_mass":4.8723146931},{"country_iso":"MYS","city_id":10943,"log_pop":3.5865482896,"log_mass":5.9606780282},{"country_iso":"MYS","city_id":10943,"log_pop":2.6534906735,"log_mass":5.2163326522},{"country_iso":"MYS","city_id":10943,"log_pop":1.4261948526,"log_mass":3.8478289848},{"country_iso":"MYS","city_id":10943,"log_pop":3.9939335645,"log_mass":6.2008363545},{"country_iso":"MYS","city_id":10943,"log_pop":3.5505076757,"log_mass":5.8853886237},{"country_iso":"MYS","city_id":10943,"log_pop":1.1560417319,"log_mass":4.2909038021},{"country_iso":"MYS","city_id":10943,"log_pop":1.2852970122,"log_mass":3.7626391297},{"country_iso":"MYS","city_id":10943,"log_pop":3.1634665508,"log_mass":5.5471300601},{"country_iso":"MYS","city_id":10943,"log_pop":3.7458737328,"log_mass":6.0598245357},{"country_iso":"MYS","city_id":10943,"log_pop":4.1890499768,"log_mass":6.488812267},{"country_iso":"MYS","city_id":10943,"log_pop":3.7426603636,"log_mass":6.1481052046},{"country_iso":"MYS","city_id":10943,"log_pop":3.6107206657,"log_mass":5.9743806806},{"country_iso":"MYS","city_id":10943,"log_pop":2.0007392757,"log_mass":4.4373385674},{"country_iso":"MYS","city_id":10943,"log_pop":4.2965265417,"log_mass":6.5840803953},{"country_iso":"MYS","city_id":10943,"log_pop":4.1718955073,"log_mass":6.497432525},{"country_iso":"MYS","city_id":10943,"log_pop":4.1988882399,"log_mass":6.4205762375},{"country_iso":"MYS","city_id":11496,"log_pop":3.6196257034,"log_mass":5.9121196716},{"country_iso":"MYS","city_id":11496,"log_pop":1.0356653016,"log_mass":3.6722421702},{"country_iso":"MYS","city_id":11496,"log_pop":3.5106434659,"log_mass":5.9145026101},{"country_iso":"MYS","city_id":11496,"log_pop":3.5112974889,"log_mass":5.8478844661},{"country_iso":"MYS","city_id":11496,"log_pop":4.156230628,"log_mass":6.4299782916},{"country_iso":"MYS","city_id":11496,"log_pop":3.4623132563,"log_mass":5.8794749212},{"country_iso":"MYS","city_id":11496,"log_pop":3.0452956086,"log_mass":5.4389946553},{"country_iso":"MYS","city_id":11496,"log_pop":3.5755378935,"log_mass":5.961850372},{"country_iso":"MYS","city_id":11496,"log_pop":3.7819877665,"log_mass":6.2561884162},{"country_iso":"MYS","city_id":11496,"log_pop":3.640437305,"log_mass":6.2085152631},{"country_iso":"MYS","city_id":11496,"log_pop":3.3898104638,"log_mass":6.0256205262},{"country_iso":"MYS","city_id":11496,"log_pop":1.1980161884,"log_mass":3.6076589273},{"country_iso":"MYS","city_id":11496,"log_pop":3.5809661455,"log_mass":5.9553157461},{"country_iso":"MYS","city_id":11496,"log_pop":2.0774014823,"log_mass":4.8898612518},{"country_iso":"MYS","city_id":11496,"log_pop":3.479036739,"log_mass":5.8184279683},{"country_iso":"MYS","city_id":11496,"log_pop":3.1443383712,"log_mass":5.7794881905},{"country_iso":"MYS","city_id":11496,"log_pop":2.9304867054,"log_mass":5.4797146667},{"country_iso":"MYS","city_id":11496,"log_pop":0.2355606679,"log_mass":2.9196167003},{"country_iso":"MYS","city_id":11496,"log_pop":3.2824323492,"log_mass":5.8805361718},{"country_iso":"MYS","city_id":11496,"log_pop":0.9528810684,"log_mass":3.8354404801},{"country_iso":"MYS","city_id":12598,"log_pop":3.7163209824,"log_mass":6.0798373271},{"country_iso":"MYS","city_id":12598,"log_pop":4.0112610225,"log_mass":6.37505556},{"country_iso":"MYS","city_id":12598,"log_pop":3.7272247288,"log_mass":6.0412172515},{"country_iso":"MYS","city_id":12598,"log_pop":4.2231951986,"log_mass":6.5936562197},{"country_iso":"MYS","city_id":12598,"log_pop":3.2546348249,"log_mass":5.9423612895},{"country_iso":"MYS","city_id":12598,"log_pop":1.7998044536,"log_mass":4.4318604332},{"country_iso":"MYS","city_id":12598,"log_pop":1.8993171055,"log_mass":4.7171621489},{"country_iso":"MYS","city_id":12598,"log_pop":3.5646213142,"log_mass":6.0330546928},{"country_iso":"MYS","city_id":12598,"log_pop":2.2356899383,"log_mass":5.1674925792},{"country_iso":"MYS","city_id":12598,"log_pop":3.4582263129,"log_mass":6.0531019925},{"country_iso":"MYS","city_id":12598,"log_pop":1.1086200817,"log_mass":4.123178083},{"country_iso":"MYS","city_id":12598,"log_pop":2.1615329202,"log_mass":5.1022450173},{"country_iso":"MYS","city_id":12598,"log_pop":2.3189986518,"log_mass":5.3066036121},{"country_iso":"MYS","city_id":12598,"log_pop":3.6991327937,"log_mass":6.062296132},{"country_iso":"MYS","city_id":12598,"log_pop":3.670141586,"log_mass":6.0739899294},{"country_iso":"MYS","city_id":12598,"log_pop":3.3260872134,"log_mass":5.6418868942},{"country_iso":"MYS","city_id":12598,"log_pop":3.7730388794,"log_mass":6.3107254466},{"country_iso":"MYS","city_id":12598,"log_pop":3.778394519,"log_mass":6.1062048561},{"country_iso":"MYS","city_id":12598,"log_pop":3.6477760908,"log_mass":5.9679251487},{"country_iso":"MYS","city_id":12598,"log_pop":2.1682444998,"log_mass":4.771568912},{"country_iso":"MYS","city_id":11367,"log_pop":3.3071452553,"log_mass":5.811418981},{"country_iso":"MYS","city_id":11367,"log_pop":3.2107178187,"log_mass":5.5708901895},{"country_iso":"MYS","city_id":11367,"log_pop":3.6344116761,"log_mass":6.0416857534},{"country_iso":"MYS","city_id":11367,"log_pop":3.1904529892,"log_mass":5.6792223075},{"country_iso":"MYS","city_id":11367,"log_pop":3.6229554561,"log_mass":6.1207561255},{"country_iso":"MYS","city_id":11367,"log_pop":3.3232450285,"log_mass":5.8882327833},{"country_iso":"MYS","city_id":11367,"log_pop":3.6675032182,"log_mass":5.9866405949},{"country_iso":"MYS","city_id":11367,"log_pop":2.6076562496,"log_mass":5.1341885026},{"country_iso":"MYS","city_id":11367,"log_pop":3.8871227856,"log_mass":6.1080163465},{"country_iso":"MYS","city_id":11367,"log_pop":3.6521935492,"log_mass":5.9033887698},{"country_iso":"MYS","city_id":11367,"log_pop":3.3399247622,"log_mass":5.721853664},{"country_iso":"MYS","city_id":11367,"log_pop":4.0527336235,"log_mass":6.2674328885},{"country_iso":"MYS","city_id":11367,"log_pop":2.4116119312,"log_mass":4.7237494921},{"country_iso":"MYS","city_id":11367,"log_pop":2.5777926875,"log_mass":5.7385024867},{"country_iso":"MYS","city_id":11367,"log_pop":3.5889188147,"log_mass":6.1409535635},{"country_iso":"MYS","city_id":11367,"log_pop":3.4398640416,"log_mass":6.0623582723},{"country_iso":"MYS","city_id":11367,"log_pop":2.8674975449,"log_mass":5.637199395},{"country_iso":"MYS","city_id":11367,"log_pop":4.2191457977,"log_mass":6.4252824413},{"country_iso":"MYS","city_id":11367,"log_pop":3.6386447819,"log_mass":5.9428015551},{"country_iso":"MYS","city_id":11367,"log_pop":3.9461202025,"log_mass":6.3496677409},{"country_iso":"MYS","city_id":11019,"log_pop":2.0444731723,"log_mass":4.8665556712},{"country_iso":"MYS","city_id":11019,"log_pop":3.7787529618,"log_mass":6.2924830718},{"country_iso":"MYS","city_id":11019,"log_pop":3.8967491546,"log_mass":6.4188304147},{"country_iso":"MYS","city_id":11019,"log_pop":1.2165214895,"log_mass":4.0072681989},{"country_iso":"MYS","city_id":11019,"log_pop":4.1040781271,"log_mass":6.3368574762},{"country_iso":"MYS","city_id":11019,"log_pop":3.1794221044,"log_mass":5.6382094879},{"country_iso":"MYS","city_id":11019,"log_pop":3.959372584,"log_mass":6.1979871046},{"country_iso":"MYS","city_id":11019,"log_pop":3.404738955,"log_mass":5.7574472269},{"country_iso":"MYS","city_id":11019,"log_pop":4.2547407816,"log_mass":6.4880003986},{"country_iso":"MYS","city_id":11019,"log_pop":4.0914065926,"log_mass":6.2597835779},{"country_iso":"MYS","city_id":11019,"log_pop":4.1804525967,"log_mass":6.3790862351},{"country_iso":"MYS","city_id":11019,"log_pop":2.9435242829,"log_mass":5.439038271},{"country_iso":"MYS","city_id":11019,"log_pop":4.169182285,"log_mass":6.4502755847},{"country_iso":"MYS","city_id":11019,"log_pop":2.6844654823,"log_mass":4.995566693},{"country_iso":"MYS","city_id":11019,"log_pop":3.715033261,"log_mass":5.9934617284},{"country_iso":"MYS","city_id":11019,"log_pop":2.6231968537,"log_mass":5.0076806074},{"country_iso":"MYS","city_id":11019,"log_pop":3.4288696142,"log_mass":5.7279038409},{"country_iso":"MYS","city_id":11019,"log_pop":3.367875289,"log_mass":5.7990719005},{"country_iso":"MYS","city_id":11019,"log_pop":2.8424273814,"log_mass":5.2602417987},{"country_iso":"MYS","city_id":11019,"log_pop":2.4787848317,"log_mass":4.886965602},{"country_iso":"MYS","city_id":12791,"log_pop":2.5576757623,"log_mass":5.4724217614},{"country_iso":"MYS","city_id":12791,"log_pop":1.5886019431,"log_mass":4.1841467161},{"country_iso":"MYS","city_id":12791,"log_pop":3.5074085602,"log_mass":5.8568152343},{"country_iso":"MYS","city_id":12791,"log_pop":3.0239744027,"log_mass":5.0477457684},{"country_iso":"MYS","city_id":12791,"log_pop":3.9714462994,"log_mass":6.0838004311},{"country_iso":"MYS","city_id":12791,"log_pop":3.9353783873,"log_mass":6.3014569081},{"country_iso":"MYS","city_id":12791,"log_pop":4.2276051532,"log_mass":6.430765716},{"country_iso":"MYS","city_id":12791,"log_pop":2.2719626726,"log_mass":4.5832052728},{"country_iso":"MYS","city_id":12791,"log_pop":4.2663713405,"log_mass":6.3591916979},{"country_iso":"MYS","city_id":12791,"log_pop":3.4852625705,"log_mass":6.02989266},{"country_iso":"MYS","city_id":12791,"log_pop":3.7678237679,"log_mass":6.0771893678},{"country_iso":"MYS","city_id":12791,"log_pop":1.8946482319,"log_mass":4.9685657367},{"country_iso":"MYS","city_id":12791,"log_pop":2.6822450107,"log_mass":5.028192853},{"country_iso":"MYS","city_id":12791,"log_pop":3.6051216192,"log_mass":5.9689731174},{"country_iso":"MYS","city_id":12791,"log_pop":2.6842896756,"log_mass":5.3723375797},{"country_iso":"MYS","city_id":12791,"log_pop":3.9155845962,"log_mass":6.1291926533},{"country_iso":"MYS","city_id":12791,"log_pop":3.7764778136,"log_mass":6.1379590951},{"country_iso":"MYS","city_id":12791,"log_pop":3.8512287392,"log_mass":6.0493410975},{"country_iso":"MYS","city_id":12791,"log_pop":1.4635983582,"log_mass":4.0585309521},{"country_iso":"MYS","city_id":12791,"log_pop":4.3293316046,"log_mass":6.4926171708},{"country_iso":"MYS","city_id":11420,"log_pop":1.2704196635,"log_mass":3.8785945174},{"country_iso":"MYS","city_id":11420,"log_pop":3.3252809,"log_mass":5.6929795503},{"country_iso":"MYS","city_id":11420,"log_pop":1.7860000195,"log_mass":4.4098673422},{"country_iso":"MYS","city_id":11420,"log_pop":2.717001805,"log_mass":5.2215593509},{"country_iso":"MYS","city_id":11420,"log_pop":3.8835274675,"log_mass":6.1792082949},{"country_iso":"MYS","city_id":11420,"log_pop":4.1519878076,"log_mass":6.4845812683},{"country_iso":"MYS","city_id":11420,"log_pop":3.0669366346,"log_mass":5.4660737057},{"country_iso":"MYS","city_id":11420,"log_pop":3.7256570855,"log_mass":6.0571227862},{"country_iso":"MYS","city_id":11420,"log_pop":4.014049941,"log_mass":6.3231552098},{"country_iso":"MYS","city_id":11420,"log_pop":3.7171031846,"log_mass":6.0999878999},{"country_iso":"MYS","city_id":11420,"log_pop":3.3496660086,"log_mass":5.7467276339},{"country_iso":"MYS","city_id":11420,"log_pop":4.2476318896,"log_mass":6.5437063684},{"country_iso":"MYS","city_id":11420,"log_pop":0.5946969698,"log_mass":3.2495700577},{"country_iso":"MYS","city_id":11420,"log_pop":3.7218114905,"log_mass":6.1597093379},{"country_iso":"MYS","city_id":11420,"log_pop":1.6213366853,"log_mass":4.2440161609},{"country_iso":"MYS","city_id":11420,"log_pop":4.2065974431,"log_mass":6.5181491941},{"country_iso":"MYS","city_id":11420,"log_pop":0.6181348612,"log_mass":3.5176937228},{"country_iso":"MYS","city_id":11420,"log_pop":1.8588958771,"log_mass":4.4315439407},{"country_iso":"MYS","city_id":11420,"log_pop":3.332184762,"log_mass":5.7495005581},{"country_iso":"MYS","city_id":10982,"log_pop":4.0118512589,"log_mass":6.2331287464},{"country_iso":"MYS","city_id":10982,"log_pop":2.3808424455,"log_mass":4.7771725809},{"country_iso":"MYS","city_id":10982,"log_pop":4.2915862816,"log_mass":6.3759175795},{"country_iso":"MYS","city_id":10982,"log_pop":4.0292467454,"log_mass":6.1983462717},{"country_iso":"MYS","city_id":10982,"log_pop":1.5070733459,"log_mass":4.2831636932},{"country_iso":"MYS","city_id":10982,"log_pop":2.7898267155,"log_mass":5.0946966421},{"country_iso":"MYS","city_id":10982,"log_pop":3.4652194446,"log_mass":5.6785380786},{"country_iso":"MYS","city_id":10982,"log_pop":2.9254940848,"log_mass":5.4423618871},{"country_iso":"MYS","city_id":10982,"log_pop":1.5254368441,"log_mass":3.877009272},{"country_iso":"MYS","city_id":10982,"log_pop":0.1678284066,"log_mass":3.9248946251},{"country_iso":"MYS","city_id":10982,"log_pop":3.9603403952,"log_mass":6.2802507954},{"country_iso":"MYS","city_id":10982,"log_pop":2.9969668622,"log_mass":5.616355331},{"country_iso":"MYS","city_id":10982,"log_pop":4.0098307426,"log_mass":6.2496180674},{"country_iso":"MYS","city_id":10982,"log_pop":3.9701150533,"log_mass":6.3813449485},{"country_iso":"MYS","city_id":10982,"log_pop":3.8579565239,"log_mass":6.1708710575},{"country_iso":"MYS","city_id":10982,"log_pop":3.1866346596,"log_mass":5.494864754},{"country_iso":"MYS","city_id":10982,"log_pop":3.6918351989,"log_mass":5.7381771763},{"country_iso":"MYS","city_id":10982,"log_pop":3.8168419336,"log_mass":6.0652842873},{"country_iso":"MYS","city_id":10982,"log_pop":3.213701534,"log_mass":5.6695076327},{"country_iso":"MYS","city_id":12793,"log_pop":2.0635671992,"log_mass":4.3409610662},{"country_iso":"MYS","city_id":12793,"log_pop":3.0113410838,"log_mass":5.3765409538},{"country_iso":"MYS","city_id":12793,"log_pop":1.5854630483,"log_mass":3.7760236912},{"country_iso":"MYS","city_id":12793,"log_pop":3.6262588454,"log_mass":5.7887033037},{"country_iso":"MYS","city_id":12793,"log_pop":3.4422191054,"log_mass":5.7315144042},{"country_iso":"MYS","city_id":12793,"log_pop":2.1649281694,"log_mass":4.1941419055},{"country_iso":"MYS","city_id":12793,"log_pop":4.1338273989,"log_mass":6.2539143644},{"country_iso":"MYS","city_id":12793,"log_pop":1.8390977764,"log_mass":3.9940993971},{"country_iso":"MYS","city_id":12793,"log_pop":4.0936868639,"log_mass":6.2087458222},{"country_iso":"MYS","city_id":12793,"log_pop":2.0975306634,"log_mass":4.3186404749},{"country_iso":"MYS","city_id":12793,"log_pop":3.711406539,"log_mass":5.8866984183},{"country_iso":"MYS","city_id":12793,"log_pop":3.6083347652,"log_mass":5.9290502777},{"country_iso":"MYS","city_id":12793,"log_pop":3.2823813264,"log_mass":5.5563510565},{"country_iso":"MYS","city_id":12793,"log_pop":4.1378915121,"log_mass":6.2293406186},{"country_iso":"MYS","city_id":11154,"log_pop":3.2066263836,"log_mass":5.7510940786},{"country_iso":"MYS","city_id":11154,"log_pop":3.6668407751,"log_mass":6.1585985603},{"country_iso":"MYS","city_id":11154,"log_pop":2.6854525165,"log_mass":5.2076924258},{"country_iso":"MYS","city_id":11154,"log_pop":2.7428968691,"log_mass":5.3058236168},{"country_iso":"MYS","city_id":11154,"log_pop":3.8097454226,"log_mass":6.2285069698},{"country_iso":"MYS","city_id":11154,"log_pop":2.9822711623,"log_mass":5.7254225547},{"country_iso":"MYS","city_id":11154,"log_pop":3.1697552302,"log_mass":5.7921799909},{"country_iso":"MYS","city_id":11154,"log_pop":1.022315106,"log_mass":3.299018805},{"country_iso":"MYS","city_id":11154,"log_pop":2.8641978068,"log_mass":5.3309473821},{"country_iso":"MYS","city_id":11154,"log_pop":3.7387210692,"log_mass":6.1395479501},{"country_iso":"MYS","city_id":11154,"log_pop":1.2165196914,"log_mass":3.6449377305},{"country_iso":"MYS","city_id":11154,"log_pop":4.0462291318,"log_mass":6.4101779043},{"country_iso":"MYS","city_id":11154,"log_pop":3.5097291244,"log_mass":5.9439131115},{"country_iso":"MYS","city_id":11154,"log_pop":4.022034914,"log_mass":6.4825628529},{"country_iso":"MYS","city_id":12658,"log_pop":3.2430165766,"log_mass":6.2413751706},{"country_iso":"MYS","city_id":12658,"log_pop":2.3359617021,"log_mass":5.437581422},{"country_iso":"MYS","city_id":12658,"log_pop":3.0326379689,"log_mass":6.102106707},{"country_iso":"MYS","city_id":12658,"log_pop":2.8810450667,"log_mass":5.8147310167},{"country_iso":"MYS","city_id":12658,"log_pop":3.262471748,"log_mass":5.8590267701},{"country_iso":"MYS","city_id":12658,"log_pop":3.6149422469,"log_mass":6.1615934595},{"country_iso":"MYS","city_id":12658,"log_pop":2.8037692871,"log_mass":5.5483053474},{"country_iso":"MYS","city_id":12658,"log_pop":3.4542069499,"log_mass":6.1635140872},{"country_iso":"MYS","city_id":12658,"log_pop":3.523320531,"log_mass":6.2742945741},{"country_iso":"MYS","city_id":12658,"log_pop":3.7265110946,"log_mass":6.3069197759},{"country_iso":"MYS","city_id":12658,"log_pop":2.7616835685,"log_mass":5.5318482323},{"country_iso":"MYS","city_id":12658,"log_pop":3.2942730373,"log_mass":5.9779565224},{"country_iso":"MYS","city_id":12658,"log_pop":1.4514111322,"log_mass":4.2459232338},{"country_iso":"MYS","city_id":12658,"log_pop":3.7867871311,"log_mass":6.416504194},{"country_iso":"MYS","city_id":12805,"log_pop":3.5177476047,"log_mass":6.0002025411},{"country_iso":"MYS","city_id":12805,"log_pop":-0.2577737242,"log_mass":3.5933666398},{"country_iso":"MYS","city_id":12805,"log_pop":3.2037147652,"log_mass":5.8504599702},{"country_iso":"MYS","city_id":12805,"log_pop":1.4586162162,"log_mass":4.0855464781},{"country_iso":"MYS","city_id":12805,"log_pop":2.9667659455,"log_mass":5.5910146215},{"country_iso":"MYS","city_id":12805,"log_pop":1.5268498714,"log_mass":4.48754494},{"country_iso":"MYS","city_id":12805,"log_pop":3.3077163326,"log_mass":5.8195874955},{"country_iso":"MYS","city_id":12805,"log_pop":2.4148006542,"log_mass":5.1282714377},{"country_iso":"MYS","city_id":12805,"log_pop":3.0179039664,"log_mass":5.4892574468},{"country_iso":"MYS","city_id":12805,"log_pop":2.9560362981,"log_mass":5.6868316985},{"country_iso":"MYS","city_id":12805,"log_pop":3.0811026243,"log_mass":5.6736824104},{"country_iso":"MYS","city_id":12805,"log_pop":3.6327787882,"log_mass":6.0506305294},{"country_iso":"MYS","city_id":12805,"log_pop":3.8946138521,"log_mass":6.2392624987},{"country_iso":"MYS","city_id":12805,"log_pop":2.9902877276,"log_mass":5.5036308243},{"country_iso":"MYS","city_id":11442,"log_pop":1.1614786995,"log_mass":3.8479226667},{"country_iso":"MYS","city_id":11442,"log_pop":2.0394993308,"log_mass":5.0564373172},{"country_iso":"MYS","city_id":11442,"log_pop":4.1389771381,"log_mass":6.3885595076},{"country_iso":"MYS","city_id":11442,"log_pop":2.9274524693,"log_mass":5.2999483748},{"country_iso":"MYS","city_id":11442,"log_pop":2.8587557948,"log_mass":5.2175566755},{"country_iso":"MYS","city_id":11442,"log_pop":3.1134116274,"log_mass":5.6323372082},{"country_iso":"MYS","city_id":11442,"log_pop":3.9169392995,"log_mass":6.2392575441},{"country_iso":"MYS","city_id":11442,"log_pop":2.3312661491,"log_mass":4.5905917564},{"country_iso":"MYS","city_id":11442,"log_pop":2.5886295153,"log_mass":5.0667504692},{"country_iso":"MYS","city_id":11442,"log_pop":2.6582551047,"log_mass":5.3535572204},{"country_iso":"MYS","city_id":11442,"log_pop":2.12788061,"log_mass":4.9801818964},{"country_iso":"MYS","city_id":11442,"log_pop":3.2425330678,"log_mass":5.6081765369},{"country_iso":"MYS","city_id":11442,"log_pop":3.564210027,"log_mass":6.086615107},{"country_iso":"MYS","city_id":11321,"log_pop":3.3762754991,"log_mass":5.7163046798},{"country_iso":"MYS","city_id":11321,"log_pop":2.0383696841,"log_mass":4.5017068006},{"country_iso":"MYS","city_id":11321,"log_pop":4.1815828389,"log_mass":6.5201180914},{"country_iso":"MYS","city_id":11321,"log_pop":4.0786188426,"log_mass":6.3671787345},{"country_iso":"MYS","city_id":11321,"log_pop":1.533598564,"log_mass":4.0397034596},{"country_iso":"MYS","city_id":11321,"log_pop":3.1401052025,"log_mass":5.5370501436},{"country_iso":"MYS","city_id":11321,"log_pop":4.0794928764,"log_mass":6.3602941491},{"country_iso":"MYS","city_id":11321,"log_pop":1.6144024438,"log_mass":4.2150434415},{"country_iso":"MYS","city_id":11321,"log_pop":3.5408089515,"log_mass":5.9072311233},{"country_iso":"MYS","city_id":11321,"log_pop":3.1980259852,"log_mass":5.7334496317},{"country_iso":"MYS","city_id":11321,"log_pop":3.8152832067,"log_mass":6.2300384016},{"country_iso":"MYS","city_id":11321,"log_pop":2.0983466304,"log_mass":4.9186011011},{"country_iso":"MYS","city_id":11321,"log_pop":3.7072700913,"log_mass":6.0248964778},{"country_iso":"MYS","city_id":12660,"log_pop":2.4539753671,"log_mass":4.8698142283},{"country_iso":"MYS","city_id":12660,"log_pop":2.4044361701,"log_mass":5.0611990109},{"country_iso":"MYS","city_id":12660,"log_pop":3.4750105865,"log_mass":6.0851120008},{"country_iso":"MYS","city_id":12660,"log_pop":3.5725448873,"log_mass":6.1870345282},{"country_iso":"MYS","city_id":12660,"log_pop":1.6132390861,"log_mass":4.3327445447},{"country_iso":"MYS","city_id":12660,"log_pop":3.6249450739,"log_mass":6.2627233334},{"country_iso":"MYS","city_id":12660,"log_pop":2.6487318525,"log_mass":5.3735193573},{"country_iso":"MYS","city_id":12660,"log_pop":-0.329784185,"log_mass":2.3304750047},{"country_iso":"MYS","city_id":12660,"log_pop":3.0775302265,"log_mass":5.68220831},{"country_iso":"MYS","city_id":12660,"log_pop":0.7002575894,"log_mass":4.2099094215},{"country_iso":"MYS","city_id":12660,"log_pop":3.5815235239,"log_mass":6.2284200308},{"country_iso":"MYS","city_id":12660,"log_pop":2.8476927832,"log_mass":5.578441296},{"country_iso":"MYS","city_id":12660,"log_pop":2.9482424208,"log_mass":5.549300011},{"country_iso":"MYS","city_id":11020,"log_pop":3.9240737601,"log_mass":6.3442346637},{"country_iso":"MYS","city_id":11020,"log_pop":2.5207953217,"log_mass":5.1124759273},{"country_iso":"MYS","city_id":11020,"log_pop":3.6342426516,"log_mass":5.9938309471},{"country_iso":"MYS","city_id":11020,"log_pop":3.1280537335,"log_mass":5.7003713328},{"country_iso":"MYS","city_id":11020,"log_pop":2.2921358927,"log_mass":5.0149814756},{"country_iso":"MYS","city_id":11020,"log_pop":3.5010712859,"log_mass":5.81530253},{"country_iso":"MYS","city_id":11020,"log_pop":2.9416226017,"log_mass":5.3619373791},{"country_iso":"MYS","city_id":11020,"log_pop":0.4347415344,"log_mass":3.9799177367},{"country_iso":"MYS","city_id":11020,"log_pop":2.2198772499,"log_mass":4.7503224592},{"country_iso":"MYS","city_id":11020,"log_pop":4.0397799378,"log_mass":6.3857514841},{"country_iso":"MYS","city_id":11020,"log_pop":2.8027533635,"log_mass":5.3249372831},{"country_iso":"MYS","city_id":11020,"log_pop":3.7707245503,"log_mass":6.1282378834},{"country_iso":"MYS","city_id":11452,"log_pop":1.9005224151,"log_mass":4.3660245322},{"country_iso":"MYS","city_id":11452,"log_pop":3.4378213633,"log_mass":5.7589320913},{"country_iso":"MYS","city_id":11452,"log_pop":4.0554207731,"log_mass":6.3173967901},{"country_iso":"MYS","city_id":11452,"log_pop":1.4484084536,"log_mass":4.3822735563},{"country_iso":"MYS","city_id":11452,"log_pop":2.8606463559,"log_mass":5.4406782171},{"country_iso":"MYS","city_id":11452,"log_pop":3.8957062793,"log_mass":6.2053268282},{"country_iso":"MYS","city_id":11452,"log_pop":4.0420082709,"log_mass":6.3380362523},{"country_iso":"MYS","city_id":11452,"log_pop":1.9576908703,"log_mass":5.0098532615},{"country_iso":"MYS","city_id":11452,"log_pop":3.3577450475,"log_mass":5.6619409576},{"country_iso":"MYS","city_id":11452,"log_pop":2.0150896955,"log_mass":4.4971753665},{"country_iso":"MYS","city_id":11452,"log_pop":4.0406196808,"log_mass":6.2978346951},{"country_iso":"MYS","city_id":11452,"log_pop":2.5687312315,"log_mass":5.2711308818},{"country_iso":"MYS","city_id":11143,"log_pop":3.4730037978,"log_mass":5.945177923},{"country_iso":"MYS","city_id":11143,"log_pop":3.9541002014,"log_mass":6.3899584908},{"country_iso":"MYS","city_id":11143,"log_pop":2.5155340673,"log_mass":5.0227588824},{"country_iso":"MYS","city_id":11143,"log_pop":3.3441801737,"log_mass":5.8305455811},{"country_iso":"MYS","city_id":11143,"log_pop":2.9227964446,"log_mass":5.3333627482},{"country_iso":"MYS","city_id":11143,"log_pop":3.4930665488,"log_mass":6.1894156481},{"country_iso":"MYS","city_id":11143,"log_pop":3.1271877957,"log_mass":5.5258081452},{"country_iso":"MYS","city_id":11143,"log_pop":3.6409237368,"log_mass":6.0994444164},{"country_iso":"MYS","city_id":11143,"log_pop":3.8942000812,"log_mass":6.3257823247},{"country_iso":"MYS","city_id":11143,"log_pop":3.4984887913,"log_mass":5.8900568151},{"country_iso":"MYS","city_id":11143,"log_pop":3.6383890291,"log_mass":6.1550757741},{"country_iso":"MYS","city_id":11143,"log_pop":4.04541736,"log_mass":6.6121607103},{"country_iso":"MYS","city_id":11075,"log_pop":2.9452711567,"log_mass":5.5889916428},{"country_iso":"MYS","city_id":11075,"log_pop":3.1404556599,"log_mass":5.5411428823},{"country_iso":"MYS","city_id":11075,"log_pop":3.8685919156,"log_mass":6.2305815004},{"country_iso":"MYS","city_id":11075,"log_pop":1.4791794308,"log_mass":3.9594953504},{"country_iso":"MYS","city_id":11075,"log_pop":2.6948216768,"log_mass":4.9382424835},{"country_iso":"MYS","city_id":11075,"log_pop":3.8275810491,"log_mass":6.1624649143},{"country_iso":"MYS","city_id":11075,"log_pop":3.2721072109,"log_mass":5.5592263776},{"country_iso":"MYS","city_id":11075,"log_pop":1.4927205814,"log_mass":4.2888762479},{"country_iso":"MYS","city_id":11075,"log_pop":3.3986262319,"log_mass":5.8893568353},{"country_iso":"MYS","city_id":11075,"log_pop":4.0605340072,"log_mass":6.395887172},{"country_iso":"MYS","city_id":11499,"log_pop":3.291499309,"log_mass":5.8680658536},{"country_iso":"MYS","city_id":11499,"log_pop":4.0197754691,"log_mass":6.25544418},{"country_iso":"MYS","city_id":11499,"log_pop":3.2643600428,"log_mass":5.8218516119},{"country_iso":"MYS","city_id":11499,"log_pop":3.0124643065,"log_mass":5.6584677161},{"country_iso":"MYS","city_id":11499,"log_pop":3.7947285371,"log_mass":6.2066319709},{"country_iso":"MYS","city_id":11499,"log_pop":3.3719164059,"log_mass":5.8083448718},{"country_iso":"MYS","city_id":11499,"log_pop":1.8545313256,"log_mass":4.686186435},{"country_iso":"MYS","city_id":11499,"log_pop":2.2913431525,"log_mass":5.1106883539},{"country_iso":"MYS","city_id":11499,"log_pop":3.3996784823,"log_mass":5.842747842},{"country_iso":"MYS","city_id":11499,"log_pop":1.9630963135,"log_mass":4.5089714714},{"country_iso":"MYS","city_id":12685,"log_pop":4.196082055,"log_mass":6.6045598892},{"country_iso":"MYS","city_id":12685,"log_pop":2.601253189,"log_mass":5.3368823583},{"country_iso":"MYS","city_id":12685,"log_pop":3.72712195,"log_mass":6.0464743188},{"country_iso":"MYS","city_id":12685,"log_pop":3.1113980591,"log_mass":5.5311403019},{"country_iso":"MYS","city_id":12685,"log_pop":3.4466712319,"log_mass":5.8954799886},{"country_iso":"MYS","city_id":12685,"log_pop":3.8747885001,"log_mass":6.3185695142},{"country_iso":"MYS","city_id":12685,"log_pop":3.5391331965,"log_mass":5.8890823708},{"country_iso":"MYS","city_id":12685,"log_pop":0.0462123249,"log_mass":2.4807343316},{"country_iso":"MYS","city_id":12685,"log_pop":2.8750866851,"log_mass":5.5566421023},{"country_iso":"MYS","city_id":12684,"log_pop":3.2891556914,"log_mass":5.664857937},{"country_iso":"MYS","city_id":12684,"log_pop":3.5186737769,"log_mass":5.9042725848},{"country_iso":"MYS","city_id":12684,"log_pop":3.340398736,"log_mass":5.7562229754},{"country_iso":"MYS","city_id":12684,"log_pop":2.7620013661,"log_mass":5.3326836758},{"country_iso":"MYS","city_id":12684,"log_pop":3.4829790517,"log_mass":6.0195718812},{"country_iso":"MYS","city_id":12684,"log_pop":3.333694597,"log_mass":5.9727392721},{"country_iso":"MYS","city_id":12684,"log_pop":3.7332671144,"log_mass":6.2007829164},{"country_iso":"MYS","city_id":12684,"log_pop":3.2069833406,"log_mass":5.615496702},{"country_iso":"MYS","city_id":12684,"log_pop":3.6674495172,"log_mass":6.2325254457},{"country_iso":"MYS","city_id":11432,"log_pop":2.1888575325,"log_mass":4.7732674724},{"country_iso":"MYS","city_id":11432,"log_pop":3.2770841192,"log_mass":5.7804538145},{"country_iso":"MYS","city_id":11432,"log_pop":3.9939528454,"log_mass":6.3213318551},{"country_iso":"MYS","city_id":11432,"log_pop":3.4757215042,"log_mass":5.7845051151},{"country_iso":"MYS","city_id":11432,"log_pop":2.9026162867,"log_mass":5.2391275485},{"country_iso":"MYS","city_id":11432,"log_pop":3.791554752,"log_mass":6.1271613162},{"country_iso":"MYS","city_id":11432,"log_pop":2.9442759398,"log_mass":5.3039372463},{"country_iso":"MYS","city_id":11432,"log_pop":2.5239456286,"log_mass":5.1502286971},{"country_iso":"MYS","city_id":11432,"log_pop":4.1085204618,"log_mass":6.4368723874},{"country_iso":"MYS","city_id":12834,"log_pop":1.8686122558,"log_mass":4.0950529477},{"country_iso":"MYS","city_id":12834,"log_pop":3.9443365982,"log_mass":6.0985250706},{"country_iso":"MYS","city_id":12834,"log_pop":2.9574138748,"log_mass":5.2478853901},{"country_iso":"MYS","city_id":12834,"log_pop":3.3527255341,"log_mass":5.6771438767},{"country_iso":"MYS","city_id":12834,"log_pop":1.4226616709,"log_mass":4.4122745588},{"country_iso":"MYS","city_id":12834,"log_pop":1.7320292473,"log_mass":4.739888697},{"country_iso":"MYS","city_id":12834,"log_pop":3.2501918111,"log_mass":5.591031792},{"country_iso":"MYS","city_id":12834,"log_pop":1.3252063686,"log_mass":4.5191798705},{"country_iso":"MYS","city_id":11383,"log_pop":2.5920369043,"log_mass":5.0010949396},{"country_iso":"MYS","city_id":11383,"log_pop":3.9835207405,"log_mass":6.2903057067},{"country_iso":"MYS","city_id":11383,"log_pop":2.3310670662,"log_mass":4.9596310831},{"country_iso":"MYS","city_id":11383,"log_pop":3.9490649596,"log_mass":6.1518598943},{"country_iso":"MYS","city_id":11383,"log_pop":3.428021025,"log_mass":5.7354708008},{"country_iso":"MYS","city_id":11383,"log_pop":3.9284836889,"log_mass":6.1928704254},{"country_iso":"MYS","city_id":11383,"log_pop":4.1671112721,"log_mass":6.4258630823},{"country_iso":"MYS","city_id":11383,"log_pop":2.797182851,"log_mass":5.2661440504},{"country_iso":"MYS","city_id":12792,"log_pop":3.845594529,"log_mass":6.0312108189},{"country_iso":"MYS","city_id":12792,"log_pop":2.0556501662,"log_mass":3.9415989167},{"country_iso":"MYS","city_id":12792,"log_pop":3.7417058273,"log_mass":5.981926085},{"country_iso":"MYS","city_id":12792,"log_pop":3.4312282766,"log_mass":5.7611141584},{"country_iso":"MYS","city_id":12792,"log_pop":3.0163212912,"log_mass":5.2761610609},{"country_iso":"MYS","city_id":12792,"log_pop":0.5640740376,"log_mass":3.6228811932},{"country_iso":"MYS","city_id":12792,"log_pop":3.4428620087,"log_mass":5.793123303},{"country_iso":"MYS","city_id":12742,"log_pop":2.2801220999,"log_mass":4.9234747116},{"country_iso":"MYS","city_id":12742,"log_pop":0.9849556809,"log_mass":3.5086911555},{"country_iso":"MYS","city_id":12742,"log_pop":3.6062039171,"log_mass":5.8495738601},{"country_iso":"MYS","city_id":12742,"log_pop":3.4974486781,"log_mass":5.8325884599},{"country_iso":"MYS","city_id":12742,"log_pop":0.3632020225,"log_mass":3.5652304866},{"country_iso":"MYS","city_id":12742,"log_pop":3.8047633379,"log_mass":6.021409578},{"country_iso":"MYS","city_id":12742,"log_pop":3.0225002993,"log_mass":5.4504339748}]