[{"country_iso":"IRL","city_id":1656,"log_pop":3.7398548656,"log_mass":6.1621048513},{"country_iso":"IRL","city_id":1656,"log_pop":4.0782474108,"log_mass":6.2743482988},{"country_iso":"IRL","city_id":1656,"log_pop":2.8958747596,"log_mass":5.3022182503},{"country_iso":"IRL","city_id":1656,"log_pop":3.3318788094,"log_mass":5.5599816239},{"country_iso":"IRL","city_id":1656,"log_pop":3.8289919789,"log_mass":6.1707712627},{"country_iso":"IRL","city_id":1656,"log_pop":4.0567022802,"log_mass":6.5649239017},{"country_iso":"IRL","city_id":1656,"log_pop":2.6567010018,"log_mass":4.9418378954},{"country_iso":"IRL","city_id":1656,"log_pop":4.0278034493,"log_mass":6.6970178881},{"country_iso":"IRL","city_id":1656,"log_pop":3.7979750405,"log_mass":6.7741783662},{"country_iso":"IRL","city_id":1656,"log_pop":3.9911645524,"log_mass":6.4686115818},{"country_iso":"IRL","city_id":1656,"log_pop":3.9374967385,"log_mass":6.4581008932},{"country_iso":"IRL","city_id":1656,"log_pop":4.2119191756,"log_mass":6.6780641462},{"country_iso":"IRL","city_id":1656,"log_pop":3.9807296167,"log_mass":6.4565526299},{"country_iso":"IRL","city_id":1656,"log_pop":3.9223528118,"log_mass":6.1505331512},{"country_iso":"IRL","city_id":1656,"log_pop":3.6384126345,"log_mass":6.1660527403},{"country_iso":"IRL","city_id":1656,"log_pop":2.9431536545,"log_mass":5.4905703815},{"country_iso":"IRL","city_id":1656,"log_pop":4.353720026,"log_mass":6.5203692283},{"country_iso":"IRL","city_id":1656,"log_pop":4.2395635095,"log_mass":6.5568922634},{"country_iso":"IRL","city_id":1656,"log_pop":4.3689425236,"log_mass":6.728940835},{"country_iso":"IRL","city_id":1656,"log_pop":2.9120507835,"log_mass":5.7111256652},{"country_iso":"IRL","city_id":1656,"log_pop":4.1392823463,"log_mass":6.5751297258},{"country_iso":"IRL","city_id":1656,"log_pop":4.1113656873,"log_mass":6.5625849698},{"country_iso":"IRL","city_id":1656,"log_pop":2.7220605162,"log_mass":5.2174892094},{"country_iso":"IRL","city_id":1656,"log_pop":4.0679606006,"log_mass":6.3463997314},{"country_iso":"IRL","city_id":1656,"log_pop":3.8354327723,"log_mass":5.9809151044},{"country_iso":"IRL","city_id":1656,"log_pop":2.9136334358,"log_mass":5.2232307746},{"country_iso":"IRL","city_id":1656,"log_pop":4.1135194175,"log_mass":6.5413717311},{"country_iso":"IRL","city_id":1656,"log_pop":4.0107284336,"log_mass":6.4945181306},{"country_iso":"IRL","city_id":1656,"log_pop":4.206893899,"log_mass":6.6257288103},{"country_iso":"IRL","city_id":1656,"log_pop":4.2087625372,"log_mass":6.5186345078},{"country_iso":"IRL","city_id":1656,"log_pop":2.3680252052,"log_mass":5.0014496677},{"country_iso":"IRL","city_id":1656,"log_pop":4.272861272,"log_mass":6.5826862533},{"country_iso":"IRL","city_id":1656,"log_pop":3.1333282697,"log_mass":5.4459287005},{"country_iso":"IRL","city_id":1656,"log_pop":4.0445976013,"log_mass":6.5069744207},{"country_iso":"IRL","city_id":1656,"log_pop":4.0857406247,"log_mass":6.4655518375},{"country_iso":"IRL","city_id":1656,"log_pop":3.9839969794,"log_mass":6.6472831603},{"country_iso":"IRL","city_id":1656,"log_pop":2.9571669495,"log_mass":5.7428884792},{"country_iso":"IRL","city_id":1656,"log_pop":3.9669906612,"log_mass":6.3550518239},{"country_iso":"IRL","city_id":1656,"log_pop":3.9617285262,"log_mass":6.4787157065},{"country_iso":"IRL","city_id":1656,"log_pop":4.1480665839,"log_mass":6.5862081449},{"country_iso":"IRL","city_id":1656,"log_pop":1.178301136,"log_mass":5.4580371089},{"country_iso":"IRL","city_id":1656,"log_pop":3.8419257957,"log_mass":6.3474706733},{"country_iso":"IRL","city_id":1656,"log_pop":3.9756305549,"log_mass":6.4281541826},{"country_iso":"IRL","city_id":1656,"log_pop":3.9433244132,"log_mass":6.3211165203},{"country_iso":"IRL","city_id":1656,"log_pop":3.5340300358,"log_mass":6.0221318847},{"country_iso":"IRL","city_id":1656,"log_pop":2.955576647,"log_mass":5.2541722874},{"country_iso":"IRL","city_id":1656,"log_pop":4.1483072593,"log_mass":6.5841882261},{"country_iso":"IRL","city_id":1656,"log_pop":3.2116259682,"log_mass":5.8279383127},{"country_iso":"IRL","city_id":1656,"log_pop":3.99327596,"log_mass":6.516534652},{"country_iso":"IRL","city_id":1656,"log_pop":4.4493233469,"log_mass":6.7768457669},{"country_iso":"IRL","city_id":1656,"log_pop":4.0626913754,"log_mass":6.5109183457},{"country_iso":"IRL","city_id":1656,"log_pop":4.3437793329,"log_mass":6.7225597793},{"country_iso":"IRL","city_id":1656,"log_pop":4.0847705758,"log_mass":6.5268657347},{"country_iso":"IRL","city_id":1656,"log_pop":4.6077760451,"log_mass":6.9510212393},{"country_iso":"IRL","city_id":1656,"log_pop":4.3141636989,"log_mass":6.7601733068},{"country_iso":"IRL","city_id":1656,"log_pop":4.3932368656,"log_mass":6.7485004861},{"country_iso":"IRL","city_id":1656,"log_pop":4.0685937468,"log_mass":6.3301147764},{"country_iso":"IRL","city_id":1656,"log_pop":4.1478788508,"log_mass":6.6000271026},{"country_iso":"IRL","city_id":1656,"log_pop":4.065138022,"log_mass":6.3761587005},{"country_iso":"IRL","city_id":1656,"log_pop":4.3137061001,"log_mass":6.6660362891},{"country_iso":"IRL","city_id":1656,"log_pop":-0.2685914561,"log_mass":4.6955595199},{"country_iso":"IRL","city_id":1656,"log_pop":2.2201343011,"log_mass":4.8996673827},{"country_iso":"IRL","city_id":1656,"log_pop":2.9682478463,"log_mass":5.3849368603},{"country_iso":"IRL","city_id":1656,"log_pop":2.2363741683,"log_mass":5.6435604221},{"country_iso":"IRL","city_id":1656,"log_pop":3.9564249042,"log_mass":6.563591895},{"country_iso":"IRL","city_id":1656,"log_pop":3.5415946432,"log_mass":5.6656700769},{"country_iso":"IRL","city_id":1656,"log_pop":4.2613119366,"log_mass":6.6033657586},{"country_iso":"IRL","city_id":1656,"log_pop":1.5383447678,"log_mass":5.1950148937},{"country_iso":"IRL","city_id":1656,"log_pop":4.0651051206,"log_mass":6.5346643275},{"country_iso":"IRL","city_id":1656,"log_pop":2.8536875869,"log_mass":6.3880969431},{"country_iso":"IRL","city_id":1656,"log_pop":4.5654511282,"log_mass":6.7927250373},{"country_iso":"IRL","city_id":1656,"log_pop":4.4495572982,"log_mass":6.8783548535},{"country_iso":"IRL","city_id":1656,"log_pop":4.2725029706,"log_mass":6.6919825683},{"country_iso":"IRL","city_id":1656,"log_pop":4.0346975453,"log_mass":6.4370341106},{"country_iso":"IRL","city_id":1656,"log_pop":4.2010486807,"log_mass":6.6506222462},{"country_iso":"IRL","city_id":1656,"log_pop":3.2308791968,"log_mass":5.8985179293},{"country_iso":"IRL","city_id":1656,"log_pop":2.9774304081,"log_mass":5.5961665931},{"country_iso":"IRL","city_id":1656,"log_pop":0.9988504215,"log_mass":4.3656146696},{"country_iso":"IRL","city_id":1656,"log_pop":3.3933346848,"log_mass":5.722699637},{"country_iso":"IRL","city_id":1656,"log_pop":3.3371930692,"log_mass":5.8781354971},{"country_iso":"IRL","city_id":1656,"log_pop":3.6411174356,"log_mass":6.1594669092},{"country_iso":"IRL","city_id":1656,"log_pop":0.7061220354,"log_mass":4.2686808662},{"country_iso":"IRL","city_id":1593,"log_pop":2.7042722547,"log_mass":5.0422307277},{"country_iso":"IRL","city_id":1593,"log_pop":3.5272812206,"log_mass":6.1234198627},{"country_iso":"IRL","city_id":1593,"log_pop":3.673271914,"log_mass":6.1776122365},{"country_iso":"IRL","city_id":1593,"log_pop":3.9851485838,"log_mass":6.5229192283},{"country_iso":"IRL","city_id":1593,"log_pop":3.0498439929,"log_mass":5.5412522534},{"country_iso":"IRL","city_id":1593,"log_pop":3.3775446137,"log_mass":5.944426129},{"country_iso":"IRL","city_id":1593,"log_pop":3.8795462757,"log_mass":6.3152911222},{"country_iso":"IRL","city_id":1593,"log_pop":3.6225031387,"log_mass":6.0585056464},{"country_iso":"IRL","city_id":1593,"log_pop":3.8944911013,"log_mass":6.4138907039},{"country_iso":"IRL","city_id":1593,"log_pop":4.1747825261,"log_mass":6.615345387},{"country_iso":"IRL","city_id":1593,"log_pop":3.4974537576,"log_mass":6.1678126723},{"country_iso":"IRL","city_id":1593,"log_pop":3.7986107823,"log_mass":6.4005420103},{"country_iso":"IRL","city_id":1593,"log_pop":3.1296394787,"log_mass":5.6051902268},{"country_iso":"IRL","city_id":1593,"log_pop":4.3538001594,"log_mass":6.6843466169},{"country_iso":"IRL","city_id":1593,"log_pop":4.1388123115,"log_mass":6.6380808268},{"country_iso":"IRL","city_id":1593,"log_pop":3.6251374527,"log_mass":6.2024866937},{"country_iso":"IRL","city_id":1593,"log_pop":0.7404709623,"log_mass":3.312827675},{"country_iso":"IRL","city_id":1593,"log_pop":1.8955392458,"log_mass":4.822794035},{"country_iso":"IRL","city_id":1663,"log_pop":0.7750016081,"log_mass":3.9383026334},{"country_iso":"IRL","city_id":1663,"log_pop":2.3566167762,"log_mass":4.8957681887},{"country_iso":"IRL","city_id":1663,"log_pop":1.3839668443,"log_mass":3.8973145962},{"country_iso":"IRL","city_id":1663,"log_pop":3.4912142463,"log_mass":5.6279543749},{"country_iso":"IRL","city_id":1663,"log_pop":0.3186284167,"log_mass":4.1784717602},{"country_iso":"IRL","city_id":1663,"log_pop":3.7068681987,"log_mass":6.2061966087},{"country_iso":"IRL","city_id":1663,"log_pop":3.5575896036,"log_mass":5.9882369162},{"country_iso":"IRL","city_id":1663,"log_pop":3.6048818432,"log_mass":6.2081714058},{"country_iso":"IRL","city_id":1663,"log_pop":3.7797723671,"log_mass":6.0958199144},{"country_iso":"IRL","city_id":1663,"log_pop":4.1856792074,"log_mass":6.4555405142},{"country_iso":"IRL","city_id":1663,"log_pop":3.7742785563,"log_mass":6.1042607193},{"country_iso":"IRL","city_id":1663,"log_pop":2.8153134296,"log_mass":5.3506853243},{"country_iso":"IRL","city_id":1663,"log_pop":3.6356200858,"log_mass":5.9013304842},{"country_iso":"IRL","city_id":1584,"log_pop":3.4146786234,"log_mass":5.8549042275},{"country_iso":"IRL","city_id":1584,"log_pop":3.924667297,"log_mass":6.4696572156},{"country_iso":"IRL","city_id":1584,"log_pop":1.4652092254,"log_mass":4.3365809437},{"country_iso":"IRL","city_id":1584,"log_pop":3.9977361804,"log_mass":6.646638525},{"country_iso":"IRL","city_id":1584,"log_pop":3.8925605738,"log_mass":6.1770948366},{"country_iso":"IRL","city_id":1584,"log_pop":3.1776391924,"log_mass":5.8172408427},{"country_iso":"IRL","city_id":1584,"log_pop":1.3274970112,"log_mass":4.2724258138},{"country_iso":"IRL","city_id":1584,"log_pop":4.0004697427,"log_mass":6.4669821309},{"country_iso":"IRL","city_id":1584,"log_pop":-0.2142759169,"log_mass":3.1680842685},{"country_iso":"IRL","city_id":1584,"log_pop":2.7495877311,"log_mass":5.9423038188},{"country_iso":"IRL","city_id":1584,"log_pop":3.7332971815,"log_mass":6.0969776955},{"country_iso":"IRL","city_id":1584,"log_pop":3.4479216844,"log_mass":6.0002642444},{"country_iso":"IRL","city_id":1584,"log_pop":3.3016231132,"log_mass":5.9261546546},{"country_iso":"IRL","city_id":1659,"log_pop":4.2274182339,"log_mass":6.4321803351},{"country_iso":"IRL","city_id":1659,"log_pop":4.0149558155,"log_mass":6.2998250772},{"country_iso":"IRL","city_id":1659,"log_pop":3.2600388751,"log_mass":5.5237725234},{"country_iso":"IRL","city_id":1659,"log_pop":2.8385134705,"log_mass":5.1429002639},{"country_iso":"IRL","city_id":1659,"log_pop":4.0658388397,"log_mass":6.3899936413},{"country_iso":"IRL","city_id":1659,"log_pop":3.9391895794,"log_mass":6.4119387406},{"country_iso":"IRL","city_id":1659,"log_pop":4.1719023573,"log_mass":6.3390038105},{"country_iso":"IRL","city_id":1659,"log_pop":1.0014011948,"log_mass":4.0616147157},{"country_iso":"IRL","city_id":1659,"log_pop":3.7907829934,"log_mass":5.7350590847},{"country_iso":"IRL","city_id":1659,"log_pop":2.2907280548,"log_mass":4.8496027862},{"country_iso":"IRL","city_id":1659,"log_pop":3.5188287218,"log_mass":6.0644474372},{"country_iso":"IRL","city_id":1659,"log_pop":1.4371253983,"log_mass":5.1926704475}]