[{"country_iso": "UZB", "city_id": 6065, "log_pop": 3.953137, "log_mass": 6.716511}, {"country_iso": "UZB", "city_id": 5897, "log_pop": 3.805757, "log_mass": 6.466307}, {"country_iso": "UZB", "city_id": 5897, "log_pop": 3.348636, "log_mass": 6.049556}, {"country_iso": "UZB", "city_id": 5991, "log_pop": 3.744145, "log_mass": 6.653939}, {"country_iso": "UZB", "city_id": 6008, "log_pop": 3.615612, "log_mass": 6.783467}, {"country_iso": "UZB", "city_id": 6008, "log_pop": 3.614968, "log_mass": 6.814139}, {"country_iso": "UZB", "city_id": 5980, "log_pop": 1.964597, "log_mass": 4.991474}, {"country_iso": "UZB", "city_id": 6008, "log_pop": 2.728521, "log_mass": 5.77908}, {"country_iso": "UZB", "city_id": 5980, "log_pop": 3.66915, "log_mass": 6.578901}, {"country_iso": "UZB", "city_id": 5991, "log_pop": 3.944975, "log_mass": 6.800899}, {"country_iso": "UZB", "city_id": 6065, "log_pop": 3.855579, "log_mass": 6.674485}, {"country_iso": "UZB", "city_id": 6080, "log_pop": 2.982, "log_mass": 5.865287}, {"country_iso": "UZB", "city_id": 6008, "log_pop": 3.655833, "log_mass": 6.854934}, {"country_iso": "UZB", "city_id": 6008, "log_pop": 3.65632, "log_mass": 6.851211}, {"country_iso": "UZB", "city_id": 5980, "log_pop": 2.043964, "log_mass": 5.241558}, {"country_iso": "UZB", "city_id": 5980, "log_pop": 3.010118, "log_mass": 5.987267}, {"country_iso": "UZB", "city_id": 6094, "log_pop": 3.740751, "log_mass": 6.619476}, {"country_iso": "UZB", "city_id": 5991, "log_pop": 3.94471, "log_mass": 6.800852}, {"country_iso": "UZB", "city_id": 5980, "log_pop": 3.143426, "log_mass": 5.98687}, {"country_iso": "UZB", "city_id": 5991, "log_pop": 1.53809, "log_mass": 4.380987}, {"country_iso": "UZB", "city_id": 6008, "log_pop": 2.881623, "log_mass": 4.427497}, {"country_iso": "UZB", "city_id": 5991, "log_pop": 2.919794, "log_mass": 5.736152}, {"country_iso": "UZB", "city_id": 6107, "log_pop": 3.809249, "log_mass": 6.777588}, {"country_iso": "UZB", "city_id": 6008, "log_pop": 4.787834, "log_mass": 6.511987}, {"country_iso": "UZB", "city_id": 6008, "log_pop": 3.647861, "log_mass": 6.838419}, {"country_iso": "UZB", "city_id": 6094, "log_pop": 3.534522, "log_mass": 6.517638}, {"country_iso": "UZB", "city_id": 6008, "log_pop": 3.638352, "log_mass": 6.803879}, {"country_iso": "UZB", "city_id": 5980, "log_pop": 3.367214, "log_mass": 6.234169}, {"country_iso": "UZB", "city_id": 6008, "log_pop": 3.435944, "log_mass": 4.955009}, {"country_iso": "UZB", "city_id": 5991, "log_pop": 3.966986, "log_mass": 6.800491}, {"country_iso": "UZB", "city_id": 6080, "log_pop": 3.40145, "log_mass": 6.282211}, {"country_iso": "UZB", "city_id": 5991, "log_pop": 3.212862, "log_mass": 5.955738}, {"country_iso": "UZB", "city_id": 6080, "log_pop": 3.905288, "log_mass": 6.788237}, {"country_iso": "UZB", "city_id": 6008, "log_pop": 4.627984, "log_mass": 6.333301}, {"country_iso": "UZB", "city_id": 6008, "log_pop": 3.173109, "log_mass": 6.378804}, {"country_iso": "UZB", "city_id": 6008, "log_pop": 0.944725, "log_mass": 4.014332}, {"country_iso": "UZB", "city_id": 6008, "log_pop": 1.768548, "log_mass": 4.694743}, {"country_iso": "UZB", "city_id": 5980, "log_pop": 2.352059, "log_mass": 5.445118}, {"country_iso": "UZB", "city_id": 6008, "log_pop": 3.747903, "log_mass": 5.338547}, {"country_iso": "UZB", "city_id": 5991, "log_pop": 2.625915, "log_mass": 5.419186}, {"country_iso": "UZB", "city_id": 6080, "log_pop": 3.55406, "log_mass": 6.485692}, {"country_iso": "UZB", "city_id": 6008, "log_pop": 2.835714, "log_mass": 4.925286}, {"country_iso": "UZB", "city_id": 6008, "log_pop": 3.530449, "log_mass": 6.705727}, {"country_iso": "UZB", "city_id": 6008, "log_pop": 2.24819, "log_mass": 5.464974}, {"country_iso": "UZB", "city_id": 6080, "log_pop": 3.387289, "log_mass": 6.200098}, {"country_iso": "UZB", "city_id": 6008, "log_pop": 3.640485, "log_mass": 6.815968}, {"country_iso": "UZB", "city_id": 6008, "log_pop": 3.502717, "log_mass": 6.665491}, {"country_iso": "UZB", "city_id": 6008, "log_pop": 1.406909, "log_mass": 3.868937}, {"country_iso": "UZB", "city_id": 5897, "log_pop": 3.333567, "log_mass": 6.117014}, {"country_iso": "UZB", "city_id": 6008, "log_pop": 3.26746, "log_mass": 5.096761}, {"country_iso": "UZB", "city_id": 5991, "log_pop": 3.752172, "log_mass": 6.593888}, {"country_iso": "UZB", "city_id": 6080, "log_pop": 3.445043, "log_mass": 6.351445}, {"country_iso": "UZB", "city_id": 6023, "log_pop": 3.197606, "log_mass": 5.903981}, {"country_iso": "UZB", "city_id": 6065, "log_pop": 3.536554, "log_mass": 6.317357}, {"country_iso": "UZB", "city_id": 6008, "log_pop": 3.694751, "log_mass": 6.488839}, {"country_iso": "UZB", "city_id": 6107, "log_pop": 3.251482, "log_mass": 6.122643}, {"country_iso": "UZB", "city_id": 6008, "log_pop": 2.999998, "log_mass": 6.069394}, {"country_iso": "UZB", "city_id": 6080, "log_pop": 3.304982, "log_mass": 6.118994}, {"country_iso": "UZB", "city_id": 6008, "log_pop": 3.168457, "log_mass": 6.328797}, {"country_iso": "UZB", "city_id": 5991, "log_pop": 3.909453, "log_mass": 6.738039}, {"country_iso": "UZB", "city_id": 6080, "log_pop": 3.596516, "log_mass": 6.409518}, {"country_iso": "UZB", "city_id": 6107, "log_pop": 3.613177, "log_mass": 6.399335}, {"country_iso": "UZB", "city_id": 5980, "log_pop": 2.38921, "log_mass": 5.219249}, {"country_iso": "UZB", "city_id": 6080, "log_pop": 3.484132, "log_mass": 6.367596}, {"country_iso": "UZB", "city_id": 6080, "log_pop": 3.695255, "log_mass": 6.571383}, {"country_iso": "UZB", "city_id": 6008, "log_pop": 4.245978, "log_mass": 5.854932}, {"country_iso": "UZB", "city_id": 6080, "log_pop": 0.178457, "log_mass": 3.530595}, {"country_iso": "UZB", "city_id": 6008, "log_pop": 3.670034, "log_mass": 6.887086}, {"country_iso": "UZB", "city_id": 5980, "log_pop": 1.407116, "log_mass": 4.823079}, {"country_iso": "UZB", "city_id": 6107, "log_pop": 3.930334, "log_mass": 6.764599}, {"country_iso": "UZB", "city_id": 6008, "log_pop": 3.594236, "log_mass": 6.791295}, {"country_iso": "UZB", "city_id": 6080, "log_pop": 2.219712, "log_mass": 5.031377}, {"country_iso": "UZB", "city_id": 6107, "log_pop": 3.815951, "log_mass": 6.620968}, {"country_iso": "UZB", "city_id": 6023, "log_pop": 3.879246, "log_mass": 6.510976}, {"country_iso": "UZB", "city_id": 5991, "log_pop": 3.500916, "log_mass": 6.309881}, {"country_iso": "UZB", "city_id": 6023, "log_pop": 3.470848, "log_mass": 6.015572}, {"country_iso": "UZB", "city_id": 5991, "log_pop": 2.163422, "log_mass": 4.955233}, {"country_iso": "UZB", "city_id": 6008, "log_pop": 3.631793, "log_mass": 6.820267}, {"country_iso": "UZB", "city_id": 6023, "log_pop": 4.030532, "log_mass": 6.635177}, {"country_iso": "UZB", "city_id": 6065, "log_pop": 1.049188, "log_mass": 3.763092}, {"country_iso": "UZB", "city_id": 6080, "log_pop": 3.404407, "log_mass": 6.31193}, {"country_iso": "UZB", "city_id": 5980, "log_pop": 2.692688, "log_mass": 5.438688}, {"country_iso": "UZB", "city_id": 6094, "log_pop": 3.022673, "log_mass": 5.920247}, {"country_iso": "UZB", "city_id": 6008, "log_pop": 2.732778, "log_mass": 5.761301}, {"country_iso": "UZB", "city_id": 6080, "log_pop": 3.099831, "log_mass": 6.086358}, {"country_iso": "UZB", "city_id": 6008, "log_pop": 3.65279, "log_mass": 6.832954}, {"country_iso": "UZB", "city_id": 6008, "log_pop": 3.118032, "log_mass": 4.6984}, {"country_iso": "UZB", "city_id": 6008, "log_pop": 3.472801, "log_mass": 6.627817}, {"country_iso": "UZB", "city_id": 5980, "log_pop": 2.388595, "log_mass": 5.335107}, {"country_iso": "UZB", "city_id": 6008, "log_pop": 3.912915, "log_mass": 6.422904}, {"country_iso": "UZB", "city_id": 5991, "log_pop": 3.655488, "log_mass": 6.427887}, {"country_iso": "UZB", "city_id": 5991, "log_pop": 3.555295, "log_mass": 6.350056}, {"country_iso": "UZB", "city_id": 5897, "log_pop": 2.669667, "log_mass": 5.332669}, {"country_iso": "UZB", "city_id": 5897, "log_pop": 3.775843, "log_mass": 6.474225}, {"country_iso": "UZB", "city_id": 6107, "log_pop": 3.954563, "log_mass": 6.808894}, {"country_iso": "UZB", "city_id": 6107, "log_pop": 3.724788, "log_mass": 6.659087}, {"country_iso": "UZB", "city_id": 6065, "log_pop": 2.829163, "log_mass": 5.500361}, {"country_iso": "UZB", "city_id": 6065, "log_pop": 2.62978, "log_mass": 5.389022}, {"country_iso": "UZB", "city_id": 6008, "log_pop": 2.892973, "log_mass": 6.032024}, {"country_iso": "UZB", "city_id": 5980, "log_pop": 1.091189, "log_mass": 4.198787}, {"country_iso": "UZB", "city_id": 6094, "log_pop": 3.034446, "log_mass": 5.86463}, {"country_iso": "UZB", "city_id": 5980, "log_pop": 3.214217, "log_mass": 6.179938}, {"country_iso": "UZB", "city_id": 6080, "log_pop": 3.778289, "log_mass": 6.665787}, {"country_iso": "UZB", "city_id": 5897, "log_pop": 2.8646, "log_mass": 5.513745}, {"country_iso": "UZB", "city_id": 6008, "log_pop": 3.889584, "log_mass": 5.524194}, {"country_iso": "UZB", "city_id": 5991, "log_pop": 2.371326, "log_mass": 5.212394}, {"country_iso": "UZB", "city_id": 6008, "log_pop": 4.349861, "log_mass": 5.959459}, {"country_iso": "UZB", "city_id": 5991, "log_pop": 3.318635, "log_mass": 6.106032}, {"country_iso": "UZB", "city_id": 5980, "log_pop": 3.511993, "log_mass": 6.436141}, {"country_iso": "UZB", "city_id": 5991, "log_pop": 3.410381, "log_mass": 6.263749}, {"country_iso": "UZB", "city_id": 6080, "log_pop": 3.092092, "log_mass": 6.058979}, {"country_iso": "UZB", "city_id": 6080, "log_pop": 3.13581, "log_mass": 6.053309}, {"country_iso": "UZB", "city_id": 6107, "log_pop": 3.475507, "log_mass": 6.228046}, {"country_iso": "UZB", "city_id": 5897, "log_pop": 3.689601, "log_mass": 6.462}, {"country_iso": "UZB", "city_id": 5980, "log_pop": 2.46266, "log_mass": 5.433435}, {"country_iso": "UZB", "city_id": 6094, "log_pop": 3.853426, "log_mass": 6.732972}, {"country_iso": "UZB", "city_id": 6080, "log_pop": 3.243026, "log_mass": 6.259072}, {"country_iso": "UZB", "city_id": 6065, "log_pop": 2.372771, "log_mass": 5.247754}, {"country_iso": "UZB", "city_id": 6107, "log_pop": 2.793389, "log_mass": 5.670856}, {"country_iso": "UZB", "city_id": 6094, "log_pop": 3.605781, "log_mass": 6.4541}, {"country_iso": "UZB", "city_id": 5991, "log_pop": 3.875026, "log_mass": 6.740651}, {"country_iso": "UZB", "city_id": 5980, "log_pop": 3.355721, "log_mass": 6.264422}, {"country_iso": "UZB", "city_id": 6094, "log_pop": 1.541678, "log_mass": 4.419334}, {"country_iso": "UZB", "city_id": 6008, "log_pop": 3.52091, "log_mass": 5.193857}, {"country_iso": "UZB", "city_id": 5897, "log_pop": 3.282194, "log_mass": 6.086718}, {"country_iso": "UZB", "city_id": 6008, "log_pop": 2.977941, "log_mass": 6.13997}, {"country_iso": "UZB", "city_id": 6080, "log_pop": 3.537106, "log_mass": 6.505793}, {"country_iso": "UZB", "city_id": 6008, "log_pop": 4.792964, "log_mass": 6.46127}, {"country_iso": "UZB", "city_id": 5991, "log_pop": 3.87652, "log_mass": 6.725674}, {"country_iso": "UZB", "city_id": 6065, "log_pop": 3.571136, "log_mass": 6.322992}, {"country_iso": "UZB", "city_id": 6008, "log_pop": 3.670979, "log_mass": 6.921211}, {"country_iso": "UZB", "city_id": 6094, "log_pop": 2.749371, "log_mass": 5.617588}, {"country_iso": "UZB", "city_id": 6080, "log_pop": 3.454357, "log_mass": 6.337263}, {"country_iso": "UZB", "city_id": 6107, "log_pop": 0.92059, "log_mass": 4.348221}, {"country_iso": "UZB", "city_id": 6107, "log_pop": 1.026645, "log_mass": 4.037836}, {"country_iso": "UZB", "city_id": 6008, "log_pop": 3.006205, "log_mass": 6.172108}, {"country_iso": "UZB", "city_id": 5991, "log_pop": 2.290168, "log_mass": 5.0529}, {"country_iso": "UZB", "city_id": 6065, "log_pop": 2.317411, "log_mass": 5.101228}, {"country_iso": "UZB", "city_id": 6008, "log_pop": 4.831388, "log_mass": 6.544236}, {"country_iso": "UZB", "city_id": 6094, "log_pop": 2.398613, "log_mass": 5.277891}, {"country_iso": "UZB", "city_id": 6094, "log_pop": 3.140588, "log_mass": 5.968381}, {"country_iso": "UZB", "city_id": 6008, "log_pop": 3.622654, "log_mass": 6.748261}, {"country_iso": "UZB", "city_id": 6107, "log_pop": 2.937115, "log_mass": 5.796828}, {"country_iso": "UZB", "city_id": 6008, "log_pop": 2.870482, "log_mass": 4.969148}, {"country_iso": "UZB", "city_id": 6008, "log_pop": 3.354165, "log_mass": 6.472262}, {"country_iso": "UZB", "city_id": 5980, "log_pop": 3.170516, "log_mass": 6.131594}, {"country_iso": "UZB", "city_id": 6080, "log_pop": 2.89676, "log_mass": 5.960505}, {"country_iso": "UZB", "city_id": 5980, "log_pop": 2.780503, "log_mass": 5.779969}, {"country_iso": "UZB", "city_id": 6094, "log_pop": 3.811791, "log_mass": 6.754905}, {"country_iso": "UZB", "city_id": 5991, "log_pop": 3.167141, "log_mass": 5.953504}, {"country_iso": "UZB", "city_id": 5991, "log_pop": 3.555834, "log_mass": 6.40516}, {"country_iso": "UZB", "city_id": 6008, "log_pop": 3.680213, "log_mass": 6.865977}, {"country_iso": "UZB", "city_id": 6107, "log_pop": 3.55901, "log_mass": 6.507157}, {"country_iso": "UZB", "city_id": 5991, "log_pop": 3.909138, "log_mass": 6.814348}, {"country_iso": "UZB", "city_id": 6080, "log_pop": 3.911033, "log_mass": 6.79828}, {"country_iso": "UZB", "city_id": 6008, "log_pop": 3.599513, "log_mass": 6.731565}, {"country_iso": "UZB", "city_id": 6008, "log_pop": 3.563724, "log_mass": 6.81295}, {"country_iso": "UZB", "city_id": 5991, "log_pop": 3.437973, "log_mass": 6.230962}, {"country_iso": "UZB", "city_id": 6008, "log_pop": 3.550702, "log_mass": 6.714241}, {"country_iso": "UZB", "city_id": 5991, "log_pop": 3.804766, "log_mass": 6.72238}, {"country_iso": "UZB", "city_id": 6065, "log_pop": 0.409959, "log_mass": 3.498676}, {"country_iso": "UZB", "city_id": 6008, "log_pop": 3.651266, "log_mass": 6.871488}, {"country_iso": "UZB", "city_id": 6080, "log_pop": 3.697365, "log_mass": 6.667025}, {"country_iso": "UZB", "city_id": 6008, "log_pop": 2.567542, "log_mass": 5.758436}, {"country_iso": "UZB", "city_id": 6008, "log_pop": 4.003031, "log_mass": 5.539942}, {"country_iso": "UZB", "city_id": 6008, "log_pop": 3.634613, "log_mass": 6.857068}, {"country_iso": "UZB", "city_id": 5991, "log_pop": 3.663649, "log_mass": 6.575938}, {"country_iso": "UZB", "city_id": 5991, "log_pop": 3.263003, "log_mass": 5.936933}, {"country_iso": "UZB", "city_id": 6008, "log_pop": 3.530062, "log_mass": 6.698361}, {"country_iso": "UZB", "city_id": 5980, "log_pop": 3.459801, "log_mass": 6.347361}, {"country_iso": "UZB", "city_id": 6094, "log_pop": 1.731178, "log_mass": 4.584128}, {"country_iso": "UZB", "city_id": 6094, "log_pop": 3.86681, "log_mass": 6.768397}, {"country_iso": "UZB", "city_id": 6065, "log_pop": 2.485483, "log_mass": 5.311167}, {"country_iso": "UZB", "city_id": 6094, "log_pop": 3.876133, "log_mass": 6.749716}, {"country_iso": "UZB", "city_id": 5991, "log_pop": 3.759666, "log_mass": 6.546479}, {"country_iso": "UZB", "city_id": 5991, "log_pop": 3.597052, "log_mass": 6.522804}, {"country_iso": "UZB", "city_id": 6080, "log_pop": 2.641085, "log_mass": 5.630145}, {"country_iso": "UZB", "city_id": 6008, "log_pop": 3.620225, "log_mass": 6.824971}, {"country_iso": "UZB", "city_id": 6023, "log_pop": 3.980558, "log_mass": 6.631274}, {"country_iso": "UZB", "city_id": 6065, "log_pop": 3.053825, "log_mass": 5.869849}, {"country_iso": "UZB", "city_id": 6023, "log_pop": 2.612618, "log_mass": 5.252628}, {"country_iso": "UZB", "city_id": 6107, "log_pop": 1.569853, "log_mass": 4.807585}, {"country_iso": "UZB", "city_id": 6065, "log_pop": 3.479402, "log_mass": 6.333558}, {"country_iso": "UZB", "city_id": 5980, "log_pop": 3.005875, "log_mass": 5.959041}, {"country_iso": "UZB", "city_id": 6094, "log_pop": 2.439315, "log_mass": 5.37339}, {"country_iso": "UZB", "city_id": 6094, "log_pop": 3.252058, "log_mass": 6.197166}, {"country_iso": "UZB", "city_id": 6094, "log_pop": 3.414544, "log_mass": 6.221977}, {"country_iso": "UZB", "city_id": 5991, "log_pop": 1.541473, "log_mass": 4.455281}, {"country_iso": "UZB", "city_id": 6008, "log_pop": 3.55255, "log_mass": 6.68896}, {"country_iso": "UZB", "city_id": 6008, "log_pop": 3.611641, "log_mass": 6.727201}, {"country_iso": "UZB", "city_id": 5980, "log_pop": 2.763312, "log_mass": 5.600794}, {"country_iso": "UZB", "city_id": 6107, "log_pop": 3.738619, "log_mass": 6.516231}, {"country_iso": "UZB", "city_id": 6094, "log_pop": 2.777057, "log_mass": 5.798039}, {"country_iso": "UZB", "city_id": 5991, "log_pop": 0.525131, "log_mass": 3.545348}, {"country_iso": "UZB", "city_id": 6107, "log_pop": 3.614986, "log_mass": 6.380524}, {"country_iso": "UZB", "city_id": 6023, "log_pop": 1.925014, "log_mass": 4.690783}, {"country_iso": "UZB", "city_id": 6080, "log_pop": 3.599764, "log_mass": 6.468711}, {"country_iso": "UZB", "city_id": 5991, "log_pop": 3.834144, "log_mass": 6.633925}, {"country_iso": "UZB", "city_id": 5980, "log_pop": 3.238042, "log_mass": 6.141602}, {"country_iso": "UZB", "city_id": 5980, "log_pop": 2.816197, "log_mass": 5.768552}, {"country_iso": "UZB", "city_id": 5897, "log_pop": 3.454601, "log_mass": 6.147418}, {"country_iso": "UZB", "city_id": 5980, "log_pop": 2.567974, "log_mass": 5.512628}, {"country_iso": "UZB", "city_id": 6107, "log_pop": 3.903331, "log_mass": 6.751034}, {"country_iso": "UZB", "city_id": 6080, "log_pop": 3.106067, "log_mass": 6.034461}, {"country_iso": "UZB", "city_id": 5991, "log_pop": 3.50883, "log_mass": 6.416333}, {"country_iso": "UZB", "city_id": 5991, "log_pop": 3.702375, "log_mass": 6.497907}, {"country_iso": "UZB", "city_id": 6094, "log_pop": 2.968724, "log_mass": 5.783622}, {"country_iso": "UZB", "city_id": 6094, "log_pop": 2.807531, "log_mass": 5.740423}, {"country_iso": "UZB", "city_id": 5980, "log_pop": 0.71248, "log_mass": 4.151128}, {"country_iso": "UZB", "city_id": 6008, "log_pop": 4.578217, "log_mass": 6.234738}, {"country_iso": "UZB", "city_id": 6094, "log_pop": 3.564891, "log_mass": 6.473697}, {"country_iso": "UZB", "city_id": 5991, "log_pop": 3.921542, "log_mass": 6.81999}, {"country_iso": "UZB", "city_id": 6094, "log_pop": 3.505055, "log_mass": 6.297655}, {"country_iso": "UZB", "city_id": 6094, "log_pop": 3.632852, "log_mass": 6.402892}, {"country_iso": "UZB", "city_id": 6008, "log_pop": 3.667886, "log_mass": 6.894883}, {"country_iso": "UZB", "city_id": 5991, "log_pop": 3.302236, "log_mass": 6.126336}, {"country_iso": "UZB", "city_id": 6065, "log_pop": 3.892003, "log_mass": 6.675361}, {"country_iso": "UZB", "city_id": 6080, "log_pop": 3.262024, "log_mass": 6.221258}, {"country_iso": "UZB", "city_id": 6065, "log_pop": 1.942957, "log_mass": 4.875125}, {"country_iso": "UZB", "city_id": 5897, "log_pop": 3.982668, "log_mass": 6.706182}, {"country_iso": "UZB", "city_id": 5991, "log_pop": 2.207371, "log_mass": 4.839684}, {"country_iso": "UZB", "city_id": 6008, "log_pop": 3.556113, "log_mass": 6.706309}, {"country_iso": "UZB", "city_id": 6023, "log_pop": 3.332446, "log_mass": 5.895388}, {"country_iso": "UZB", "city_id": 6008, "log_pop": 3.44526, "log_mass": 6.622714}, {"country_iso": "UZB", "city_id": 6008, "log_pop": 3.315459, "log_mass": 6.429734}, {"country_iso": "UZB", "city_id": 6023, "log_pop": 2.712949, "log_mass": 5.313429}, {"country_iso": "UZB", "city_id": 5991, "log_pop": 2.064297, "log_mass": 4.844356}, {"country_iso": "UZB", "city_id": 6080, "log_pop": 2.82315, "log_mass": 5.71431}, {"country_iso": "UZB", "city_id": 5980, "log_pop": 3.814835, "log_mass": 6.719387}, {"country_iso": "UZB", "city_id": 5991, "log_pop": 2.87635, "log_mass": 5.850209}, {"country_iso": "UZB", "city_id": 6107, "log_pop": 2.719417, "log_mass": 5.514737}, {"country_iso": "UZB", "city_id": 5897, "log_pop": 3.085013, "log_mass": 5.82373}, {"country_iso": "UZB", "city_id": 6008, "log_pop": 3.479968, "log_mass": 6.616615}, {"country_iso": "UZB", "city_id": 5980, "log_pop": 2.158906, "log_mass": 5.16902}, {"country_iso": "UZB", "city_id": 6008, "log_pop": 2.577942, "log_mass": 5.578997}, {"country_iso": "UZB", "city_id": 6065, "log_pop": 3.248874, "log_mass": 6.169558}, {"country_iso": "UZB", "city_id": 6008, "log_pop": 3.643591, "log_mass": 6.847926}, {"country_iso": "UZB", "city_id": 6107, "log_pop": 3.370206, "log_mass": 6.18289}, {"country_iso": "UZB", "city_id": 6008, "log_pop": 2.790844, "log_mass": 5.934399}, {"country_iso": "UZB", "city_id": 6107, "log_pop": 3.945552, "log_mass": 6.757224}, {"country_iso": "UZB", "city_id": 6008, "log_pop": 4.717636, "log_mass": 6.381495}, {"country_iso": "UZB", "city_id": 6008, "log_pop": 3.661133, "log_mass": 6.802329}, {"country_iso": "UZB", "city_id": 6008, "log_pop": 3.421604, "log_mass": 6.526022}, {"country_iso": "UZB", "city_id": 6107, "log_pop": 3.533744, "log_mass": 6.392766}, {"country_iso": "UZB", "city_id": 5991, "log_pop": 3.730721, "log_mass": 6.554676}, {"country_iso": "UZB", "city_id": 6065, "log_pop": 3.487207, "log_mass": 6.325043}, {"country_iso": "UZB", "city_id": 6094, "log_pop": 3.437012, "log_mass": 6.264735}, {"country_iso": "UZB", "city_id": 5991, "log_pop": 3.274128, "log_mass": 6.09992}, {"country_iso": "UZB", "city_id": 6080, "log_pop": 2.687361, "log_mass": 5.635319}, {"country_iso": "UZB", "city_id": 6080, "log_pop": 2.499716, "log_mass": 5.516134}, {"country_iso": "UZB", "city_id": 5991, "log_pop": 3.413347, "log_mass": 6.20572}, {"country_iso": "UZB", "city_id": 6094, "log_pop": 2.882525, "log_mass": 5.728362}, {"country_iso": "UZB", "city_id": 6008, "log_pop": 3.172159, "log_mass": 6.215257}, {"country_iso": "UZB", "city_id": 6080, "log_pop": 3.453792, "log_mass": 6.32847}, {"country_iso": "UZB", "city_id": 6065, "log_pop": 3.601667, "log_mass": 6.441545}, {"country_iso": "UZB", "city_id": 6008, "log_pop": 3.615954, "log_mass": 6.776078}, {"country_iso": "UZB", "city_id": 6065, "log_pop": 3.111949, "log_mass": 5.999616}, {"country_iso": "UZB", "city_id": 6107, "log_pop": 3.104229, "log_mass": 5.910714}, {"country_iso": "UZB", "city_id": 6008, "log_pop": 2.635779, "log_mass": 4.292406}, {"country_iso": "UZB", "city_id": 6065, "log_pop": 3.827681, "log_mass": 6.695805}, {"country_iso": "UZB", "city_id": 6080, "log_pop": 3.780974, "log_mass": 6.631049}, {"country_iso": "UZB", "city_id": 6094, "log_pop": 2.17889, "log_mass": 5.034903}, {"country_iso": "UZB", "city_id": 6023, "log_pop": 1.054997, "log_mass": 4.139964}, {"country_iso": "UZB", "city_id": 6008, "log_pop": 4.291452, "log_mass": 6.521389}, {"country_iso": "UZB", "city_id": 6094, "log_pop": 3.831958, "log_mass": 6.620519}, {"country_iso": "UZB", "city_id": 5980, "log_pop": 2.48214, "log_mass": 5.335703}, {"country_iso": "UZB", "city_id": 6008, "log_pop": 3.619048, "log_mass": 6.82976}, {"country_iso": "UZB", "city_id": 6080, "log_pop": 3.500978, "log_mass": 6.332694}, {"country_iso": "UZB", "city_id": 5897, "log_pop": 3.239203, "log_mass": 6.01106}, {"country_iso": "UZB", "city_id": 6080, "log_pop": 3.84124, "log_mass": 6.64035}, {"country_iso": "UZB", "city_id": 6107, "log_pop": 3.591423, "log_mass": 6.545946}, {"country_iso": "UZB", "city_id": 6008, "log_pop": 3.255048, "log_mass": 6.369574}, {"country_iso": "UZB", "city_id": 6080, "log_pop": 3.84856, "log_mass": 6.763507}, {"country_iso": "UZB", "city_id": 6008, "log_pop": 3.588078, "log_mass": 6.778522}, {"country_iso": "UZB", "city_id": 6008, "log_pop": 3.522794, "log_mass": 6.618436}, {"country_iso": "UZB", "city_id": 6008, "log_pop": 3.625098, "log_mass": 6.811566}, {"country_iso": "UZB", "city_id": 6094, "log_pop": 3.765839, "log_mass": 6.627988}, {"country_iso": "UZB", "city_id": 6094, "log_pop": 2.979981, "log_mass": 5.742389}, {"country_iso": "UZB", "city_id": 5897, "log_pop": 3.868193, "log_mass": 6.588541}, {"country_iso": "UZB", "city_id": 6008, "log_pop": 3.523798, "log_mass": 6.677851}, {"country_iso": "UZB", "city_id": 5980, "log_pop": 3.209854, "log_mass": 6.093751}, {"country_iso": "UZB", "city_id": 6080, "log_pop": 1.64508, "log_mass": 4.635938}, {"country_iso": "UZB", "city_id": 6094, "log_pop": 3.893833, "log_mass": 6.719058}, {"country_iso": "UZB", "city_id": 6107, "log_pop": 3.859265, "log_mass": 6.683098}, {"country_iso": "UZB", "city_id": 6023, "log_pop": 2.733567, "log_mass": 5.368798}, {"country_iso": "UZB", "city_id": 5991, "log_pop": 2.289739, "log_mass": 5.089231}, {"country_iso": "UZB", "city_id": 6008, "log_pop": 3.634461, "log_mass": 6.83493}, {"country_iso": "UZB", "city_id": 5991, "log_pop": 3.730463, "log_mass": 6.59528}, {"country_iso": "UZB", "city_id": 5991, "log_pop": 3.150058, "log_mass": 5.967362}, {"country_iso": "UZB", "city_id": 6008, "log_pop": 2.752711, "log_mass": 5.851255}, {"country_iso": "UZB", "city_id": 6008, "log_pop": 3.581204, "log_mass": 6.777699}, {"country_iso": "UZB", "city_id": 6008, "log_pop": 3.762264, "log_mass": 5.359963}, {"country_iso": "UZB", "city_id": 5991, "log_pop": 2.158113, "log_mass": 4.99918}, {"country_iso": "UZB", "city_id": 6008, "log_pop": 4.253927, "log_mass": 6.533967}, {"country_iso": "UZB", "city_id": 5980, "log_pop": 3.685854, "log_mass": 6.62189}, {"country_iso": "UZB", "city_id": 6023, "log_pop": 3.054821, "log_mass": 5.611012}, {"country_iso": "UZB", "city_id": 6080, "log_pop": 2.232893, "log_mass": 5.210539}, {"country_iso": "UZB", "city_id": 6094, "log_pop": 3.846461, "log_mass": 6.651353}, {"country_iso": "UZB", "city_id": 5897, "log_pop": 3.221074, "log_mass": 5.962012}, {"country_iso": "UZB", "city_id": 6080, "log_pop": 3.714176, "log_mass": 6.649489}, {"country_iso": "UZB", "city_id": 6080, "log_pop": 3.591451, "log_mass": 6.449516}, {"country_iso": "UZB", "city_id": 6080, "log_pop": 3.822452, "log_mass": 6.782246}, {"country_iso": "UZB", "city_id": 6065, "log_pop": 2.759714, "log_mass": 5.513429}, {"country_iso": "UZB", "city_id": 5980, "log_pop": 2.444628, "log_mass": 5.377795}, {"country_iso": "UZB", "city_id": 6080, "log_pop": 1.36406, "log_mass": 4.428393}, {"country_iso": "UZB", "city_id": 5980, "log_pop": 3.034839, "log_mass": 5.907114}, {"country_iso": "UZB", "city_id": 5980, "log_pop": 3.717996, "log_mass": 6.665305}, {"country_iso": "UZB", "city_id": 6023, "log_pop": 1.683565, "log_mass": 4.376526}, {"country_iso": "UZB", "city_id": 6094, "log_pop": 3.881747, "log_mass": 6.712884}, {"country_iso": "UZB", "city_id": 6094, "log_pop": 3.346222, "log_mass": 6.18595}, {"country_iso": "UZB", "city_id": 6107, "log_pop": 3.922062, "log_mass": 6.795476}, {"country_iso": "UZB", "city_id": 6008, "log_pop": 2.482264, "log_mass": 5.582172}, {"country_iso": "UZB", "city_id": 6080, "log_pop": 3.297474, "log_mass": 6.262914}, {"country_iso": "UZB", "city_id": 6080, "log_pop": 2.015973, "log_mass": 4.848262}, {"country_iso": "UZB", "city_id": 6023, "log_pop": 2.418262, "log_mass": 5.088937}, {"country_iso": "UZB", "city_id": 6094, "log_pop": 3.524258, "log_mass": 6.39153}, {"country_iso": "UZB", "city_id": 6008, "log_pop": 3.556774, "log_mass": 5.227322}, {"country_iso": "UZB", "city_id": 6008, "log_pop": 3.547398, "log_mass": 6.6505}, {"country_iso": "UZB", "city_id": 6008, "log_pop": 4.493981, "log_mass": 6.332806}, {"country_iso": "UZB", "city_id": 6008, "log_pop": 3.313387, "log_mass": 6.40879}, {"country_iso": "UZB", "city_id": 6008, "log_pop": 3.603188, "log_mass": 6.812075}, {"country_iso": "UZB", "city_id": 6080, "log_pop": 2.899989, "log_mass": 5.778122}, {"country_iso": "UZB", "city_id": 6008, "log_pop": 3.45114, "log_mass": 6.576973}, {"country_iso": "UZB", "city_id": 6094, "log_pop": 3.954243, "log_mass": 6.80097}, {"country_iso": "UZB", "city_id": 6008, "log_pop": 3.643413, "log_mass": 6.832888}, {"country_iso": "UZB", "city_id": 6008, "log_pop": 1.562217, "log_mass": 4.698532}, {"country_iso": "UZB", "city_id": 6094, "log_pop": 2.466128, "log_mass": 5.481921}, {"country_iso": "UZB", "city_id": 6080, "log_pop": 3.160733, "log_mass": 6.05375}, {"country_iso": "UZB", "city_id": 6008, "log_pop": 3.807262, "log_mass": 5.270692}, {"country_iso": "UZB", "city_id": 6023, "log_pop": 3.857634, "log_mass": 6.560281}, {"country_iso": "UZB", "city_id": 6008, "log_pop": 3.656875, "log_mass": 6.859383}, {"country_iso": "UZB", "city_id": 6094, "log_pop": 3.827702, "log_mass": 6.600274}, {"country_iso": "UZB", "city_id": 6107, "log_pop": 3.596417, "log_mass": 6.414391}, {"country_iso": "UZB", "city_id": 5897, "log_pop": 3.546475, "log_mass": 6.307289}, {"country_iso": "UZB", "city_id": 5980, "log_pop": 2.557757, "log_mass": 5.521976}, {"country_iso": "UZB", "city_id": 5991, "log_pop": 3.019658, "log_mass": 5.934524}, {"country_iso": "UZB", "city_id": 6023, "log_pop": 2.896924, "log_mass": 5.487298}, {"country_iso": "UZB", "city_id": 5980, "log_pop": 2.39821, "log_mass": 5.317236}, {"country_iso": "UZB", "city_id": 6023, "log_pop": 3.310797, "log_mass": 5.959831}, {"country_iso": "UZB", "city_id": 6080, "log_pop": 3.678818, "log_mass": 6.526973}, {"country_iso": "UZB", "city_id": 6008, "log_pop": 1.812695, "log_mass": 4.942324}, {"country_iso": "UZB", "city_id": 6008, "log_pop": 2.729327, "log_mass": 5.858157}, {"country_iso": "UZB", "city_id": 6107, "log_pop": 3.613538, "log_mass": 6.527116}, {"country_iso": "UZB", "city_id": 6107, "log_pop": 3.138311, "log_mass": 5.837377}, {"country_iso": "UZB", "city_id": 5980, "log_pop": 2.068945, "log_mass": 4.859944}, {"country_iso": "UZB", "city_id": 6107, "log_pop": 2.68545, "log_mass": 5.485127}, {"country_iso": "UZB", "city_id": 6107, "log_pop": 3.235914, "log_mass": 6.179202}, {"country_iso": "UZB", "city_id": 6008, "log_pop": 2.807277, "log_mass": 4.287216}, {"country_iso": "UZB", "city_id": 6008, "log_pop": 0.496341, "log_mass": 3.776741}, {"country_iso": "UZB", "city_id": 5980, "log_pop": 3.498082, "log_mass": 6.429977}, {"country_iso": "UZB", "city_id": 6080, "log_pop": 3.60313, "log_mass": 6.51022}, {"country_iso": "UZB", "city_id": 6094, "log_pop": 2.741893, "log_mass": 5.611703}, {"country_iso": "UZB", "city_id": 6008, "log_pop": 3.346607, "log_mass": 5.036809}, {"country_iso": "UZB", "city_id": 6023, "log_pop": 2.541144, "log_mass": 5.190918}, {"country_iso": "UZB", "city_id": 6107, "log_pop": 3.860058, "log_mass": 6.782331}, {"country_iso": "UZB", "city_id": 6094, "log_pop": 3.100077, "log_mass": 5.849223}, {"country_iso": "UZB", "city_id": 6094, "log_pop": 2.040653, "log_mass": 5.012615}, {"country_iso": "UZB", "city_id": 6065, "log_pop": 3.775394, "log_mass": 6.562567}, {"country_iso": "UZB", "city_id": 5980, "log_pop": 3.749012, "log_mass": 6.686586}, {"country_iso": "UZB", "city_id": 6094, "log_pop": 3.503918, "log_mass": 6.285971}, {"country_iso": "UZB", "city_id": 6023, "log_pop": 3.61931, "log_mass": 6.25498}, {"country_iso": "UZB", "city_id": 5991, "log_pop": 3.824929, "log_mass": 6.724925}, {"country_iso": "UZB", "city_id": 5991, "log_pop": 1.792099, "log_mass": 4.872745}, {"country_iso": "UZB", "city_id": 5991, "log_pop": 3.753278, "log_mass": 6.653059}, {"country_iso": "UZB", "city_id": 5980, "log_pop": 3.124851, "log_mass": 6.055461}, {"country_iso": "UZB", "city_id": 6008, "log_pop": 3.38418, "log_mass": 6.572368}, {"country_iso": "UZB", "city_id": 6008, "log_pop": 3.603175, "log_mass": 6.779343}, {"country_iso": "UZB", "city_id": 5897, "log_pop": 2.228267, "log_mass": 5.285612}, {"country_iso": "UZB", "city_id": 6080, "log_pop": 3.818464, "log_mass": 6.657356}, {"country_iso": "UZB", "city_id": 5991, "log_pop": 3.894423, "log_mass": 6.711387}, {"country_iso": "UZB", "city_id": 5980, "log_pop": 2.525584, "log_mass": 5.493397}, {"country_iso": "UZB", "city_id": 6008, "log_pop": 3.772016, "log_mass": 5.383765}, {"country_iso": "UZB", "city_id": 6107, "log_pop": 2.495867, "log_mass": 5.332425}, {"country_iso": "UZB", "city_id": 6008, "log_pop": 3.401526, "log_mass": 6.577462}, {"country_iso": "UZB", "city_id": 5991, "log_pop": 2.059702, "log_mass": 5.005001}, {"country_iso": "UZB", "city_id": 6094, "log_pop": 3.625834, "log_mass": 6.448952}, {"country_iso": "UZB", "city_id": 5980, "log_pop": 3.284474, "log_mass": 6.075919}, {"country_iso": "UZB", "city_id": 6008, "log_pop": 3.032349, "log_mass": 6.191351}]