[{"country_iso":"BFA","city_id":1799,"log_pop":3.5052729625,"log_mass":5.6207192939},{"country_iso":"BFA","city_id":1799,"log_pop":3.5566349304,"log_mass":5.6752849063},{"country_iso":"BFA","city_id":1799,"log_pop":3.8271301212,"log_mass":5.8540315862},{"country_iso":"BFA","city_id":1799,"log_pop":0.7433390677,"log_mass":4.6617837715},{"country_iso":"BFA","city_id":1799,"log_pop":1.999544979,"log_mass":4.9199808991},{"country_iso":"BFA","city_id":1799,"log_pop":3.0657925572,"log_mass":5.2035600576},{"country_iso":"BFA","city_id":1799,"log_pop":4.0623270719,"log_mass":6.1961548563},{"country_iso":"BFA","city_id":1799,"log_pop":4.0018435433,"log_mass":6.1566323888},{"country_iso":"BFA","city_id":1799,"log_pop":4.1493638227,"log_mass":6.0998160841},{"country_iso":"BFA","city_id":1799,"log_pop":3.4105248063,"log_mass":5.6020797834},{"country_iso":"BFA","city_id":1799,"log_pop":2.2799158466,"log_mass":5.3337005091},{"country_iso":"BFA","city_id":1799,"log_pop":2.6190322288,"log_mass":4.5658707831},{"country_iso":"BFA","city_id":1799,"log_pop":3.2077557802,"log_mass":5.2913867442},{"country_iso":"BFA","city_id":1799,"log_pop":3.9659486127,"log_mass":5.8975712998},{"country_iso":"BFA","city_id":1799,"log_pop":2.392984574,"log_mass":4.7809887762},{"country_iso":"BFA","city_id":1799,"log_pop":3.3615987736,"log_mass":5.4854228083},{"country_iso":"BFA","city_id":1799,"log_pop":3.8609284266,"log_mass":5.9504949523},{"country_iso":"BFA","city_id":1799,"log_pop":3.6183994808,"log_mass":5.9690748539},{"country_iso":"BFA","city_id":1799,"log_pop":4.2775613834,"log_mass":6.319014966},{"country_iso":"BFA","city_id":1799,"log_pop":4.1815632261,"log_mass":6.3622080972},{"country_iso":"BFA","city_id":1799,"log_pop":2.9323178667,"log_mass":5.0873816269},{"country_iso":"BFA","city_id":1799,"log_pop":3.1348474632,"log_mass":5.4507291129},{"country_iso":"BFA","city_id":1799,"log_pop":4.1414591594,"log_mass":6.1669688094},{"country_iso":"BFA","city_id":1799,"log_pop":3.2535522542,"log_mass":5.1741951055},{"country_iso":"BFA","city_id":1799,"log_pop":3.9167268851,"log_mass":5.8937267228},{"country_iso":"BFA","city_id":1799,"log_pop":2.5104924162,"log_mass":4.5924991047},{"country_iso":"BFA","city_id":1799,"log_pop":3.6001993135,"log_mass":5.7284713815},{"country_iso":"BFA","city_id":1799,"log_pop":2.4778479441,"log_mass":4.5790227575},{"country_iso":"BFA","city_id":1799,"log_pop":3.5324006329,"log_mass":5.5312018581},{"country_iso":"BFA","city_id":1799,"log_pop":2.6688272314,"log_mass":5.2717064934},{"country_iso":"BFA","city_id":1799,"log_pop":1.9070147701,"log_mass":4.3016568709},{"country_iso":"BFA","city_id":1799,"log_pop":3.7674384656,"log_mass":5.6823497064},{"country_iso":"BFA","city_id":1799,"log_pop":3.4993054972,"log_mass":5.5922921899},{"country_iso":"BFA","city_id":1799,"log_pop":2.4188283931,"log_mass":4.3208972264},{"country_iso":"BFA","city_id":1799,"log_pop":4.3873307179,"log_mass":6.4809031721},{"country_iso":"BFA","city_id":1799,"log_pop":4.2042164222,"log_mass":6.1847038978},{"country_iso":"BFA","city_id":1799,"log_pop":4.3981291257,"log_mass":6.4471623366},{"country_iso":"BFA","city_id":1799,"log_pop":4.3637413028,"log_mass":6.3512905021},{"country_iso":"BFA","city_id":1799,"log_pop":4.4181165249,"log_mass":6.5150993474},{"country_iso":"BFA","city_id":1799,"log_pop":4.4162699767,"log_mass":6.5519284486},{"country_iso":"BFA","city_id":1799,"log_pop":4.3384077204,"log_mass":6.3832858816},{"country_iso":"BFA","city_id":1799,"log_pop":4.3575295847,"log_mass":6.3817050795},{"country_iso":"BFA","city_id":1799,"log_pop":4.1784900141,"log_mass":6.1706066238},{"country_iso":"BFA","city_id":1799,"log_pop":4.0995413282,"log_mass":6.061018061},{"country_iso":"BFA","city_id":1799,"log_pop":3.983180899,"log_mass":5.8999731067},{"country_iso":"BFA","city_id":1799,"log_pop":4.4110320801,"log_mass":6.4391532872},{"country_iso":"BFA","city_id":1799,"log_pop":4.4503858884,"log_mass":6.4696671634},{"country_iso":"BFA","city_id":1799,"log_pop":4.3454567003,"log_mass":6.3910758363},{"country_iso":"BFA","city_id":1799,"log_pop":4.0932815503,"log_mass":6.1454060515},{"country_iso":"BFA","city_id":1799,"log_pop":4.2974608504,"log_mass":6.322314701},{"country_iso":"BFA","city_id":1799,"log_pop":3.8008601761,"log_mass":5.9790689887},{"country_iso":"BFA","city_id":1799,"log_pop":3.7827800979,"log_mass":5.9340928706},{"country_iso":"BFA","city_id":1799,"log_pop":4.2598979059,"log_mass":6.2372736065},{"country_iso":"BFA","city_id":1799,"log_pop":4.4035783182,"log_mass":6.431136757},{"country_iso":"BFA","city_id":1799,"log_pop":3.4114469475,"log_mass":5.5386368439},{"country_iso":"BFA","city_id":1799,"log_pop":3.3970082157,"log_mass":5.5238142982},{"country_iso":"BFA","city_id":1799,"log_pop":3.5427281866,"log_mass":5.5619549405},{"country_iso":"BFA","city_id":1799,"log_pop":3.0188505197,"log_mass":5.2970314057},{"country_iso":"BFA","city_id":1799,"log_pop":4.3762926561,"log_mass":6.4208021519},{"country_iso":"BFA","city_id":1799,"log_pop":4.3486667645,"log_mass":6.3589341992},{"country_iso":"BFA","city_id":1799,"log_pop":4.104929526,"log_mass":6.2200029817},{"country_iso":"BFA","city_id":1799,"log_pop":4.2639182677,"log_mass":6.2096098973},{"country_iso":"BFA","city_id":1799,"log_pop":4.2937924605,"log_mass":6.2521330015},{"country_iso":"BFA","city_id":1799,"log_pop":4.3137733435,"log_mass":6.3270857469},{"country_iso":"BFA","city_id":1799,"log_pop":4.283009283,"log_mass":6.3567503788},{"country_iso":"BFA","city_id":1799,"log_pop":4.0177686831,"log_mass":6.0359689198},{"country_iso":"BFA","city_id":1799,"log_pop":3.8473399227,"log_mass":5.8831671291},{"country_iso":"BFA","city_id":1799,"log_pop":4.4095495063,"log_mass":6.3967673565},{"country_iso":"BFA","city_id":1799,"log_pop":4.1151593441,"log_mass":6.152004099},{"country_iso":"BFA","city_id":1799,"log_pop":4.3644343877,"log_mass":6.4362843705},{"country_iso":"BFA","city_id":1799,"log_pop":4.3304304906,"log_mass":6.3825260066},{"country_iso":"BFA","city_id":1799,"log_pop":4.4341096345,"log_mass":6.453643821},{"country_iso":"BFA","city_id":1799,"log_pop":4.3140394801,"log_mass":6.2845468554},{"country_iso":"BFA","city_id":1799,"log_pop":4.0991178781,"log_mass":6.0979087159},{"country_iso":"BFA","city_id":1799,"log_pop":4.3011292183,"log_mass":6.3843918089},{"country_iso":"BFA","city_id":1799,"log_pop":4.0471767651,"log_mass":6.0666789818},{"country_iso":"BFA","city_id":1799,"log_pop":3.9605048329,"log_mass":5.9004390925},{"country_iso":"BFA","city_id":1799,"log_pop":4.1571826619,"log_mass":6.1977989296},{"country_iso":"BFA","city_id":1799,"log_pop":4.2835770287,"log_mass":6.3078559896},{"country_iso":"BFA","city_id":1799,"log_pop":4.1007791294,"log_mass":6.1032824288},{"country_iso":"BFA","city_id":1799,"log_pop":4.3033875522,"log_mass":6.2623351922},{"country_iso":"BFA","city_id":1799,"log_pop":3.3362153124,"log_mass":5.2947578396},{"country_iso":"BFA","city_id":1799,"log_pop":2.6560702709,"log_mass":5.6676517732},{"country_iso":"BFA","city_id":1799,"log_pop":1.9538415151,"log_mass":4.9285921919},{"country_iso":"BFA","city_id":1799,"log_pop":1.4646128626,"log_mass":3.7223370438},{"country_iso":"BFA","city_id":1799,"log_pop":2.6557800465,"log_mass":4.7821362074},{"country_iso":"BFA","city_id":1799,"log_pop":3.6841580622,"log_mass":5.7374044852},{"country_iso":"BFA","city_id":1799,"log_pop":2.3182936359,"log_mass":5.4079109287},{"country_iso":"BFA","city_id":1799,"log_pop":2.4982289975,"log_mass":5.4347418477},{"country_iso":"BFA","city_id":1799,"log_pop":0.1572499501,"log_mass":3.5884571247},{"country_iso":"BFA","city_id":1799,"log_pop":3.0432692379,"log_mass":5.9382111847},{"country_iso":"BFA","city_id":1799,"log_pop":4.0637884577,"log_mass":6.1430999518},{"country_iso":"BFA","city_id":1799,"log_pop":3.0890016555,"log_mass":5.6366208472},{"country_iso":"BFA","city_id":1799,"log_pop":3.824350998,"log_mass":5.8815781287},{"country_iso":"BFA","city_id":1799,"log_pop":4.3630449667,"log_mass":6.4440185544},{"country_iso":"BFA","city_id":1799,"log_pop":3.918286262,"log_mass":6.1078444467},{"country_iso":"BFA","city_id":1799,"log_pop":4.4486218255,"log_mass":6.4868065856},{"country_iso":"BFA","city_id":1799,"log_pop":3.0221892131,"log_mass":5.7649705147},{"country_iso":"BFA","city_id":1799,"log_pop":2.785669353,"log_mass":5.1356694351},{"country_iso":"BFA","city_id":1799,"log_pop":2.674618318,"log_mass":5.3688289036},{"country_iso":"BFA","city_id":1799,"log_pop":2.6229485238,"log_mass":5.0270506977},{"country_iso":"BFA","city_id":1799,"log_pop":3.372521991,"log_mass":5.9727648649},{"country_iso":"BFA","city_id":1799,"log_pop":4.0052982539,"log_mass":6.3865850898},{"country_iso":"BFA","city_id":1669,"log_pop":2.2726998307,"log_mass":4.9529227608},{"country_iso":"BFA","city_id":1669,"log_pop":3.8918898821,"log_mass":6.3858395913},{"country_iso":"BFA","city_id":1669,"log_pop":3.8743191021,"log_mass":6.375743881},{"country_iso":"BFA","city_id":1669,"log_pop":3.8889618655,"log_mass":6.3902990247},{"country_iso":"BFA","city_id":1669,"log_pop":3.8972055036,"log_mass":6.4706229574},{"country_iso":"BFA","city_id":1669,"log_pop":3.439897772,"log_mass":5.9317949019},{"country_iso":"BFA","city_id":1669,"log_pop":3.1786113052,"log_mass":5.5684304412},{"country_iso":"BFA","city_id":1669,"log_pop":3.5983143848,"log_mass":6.0642904112},{"country_iso":"BFA","city_id":1669,"log_pop":3.0793552355,"log_mass":5.4767576661},{"country_iso":"BFA","city_id":1669,"log_pop":3.2591166585,"log_mass":5.733803512},{"country_iso":"BFA","city_id":1669,"log_pop":2.5912215654,"log_mass":5.0583339148},{"country_iso":"BFA","city_id":1669,"log_pop":1.9369151378,"log_mass":4.6788814087},{"country_iso":"BFA","city_id":1669,"log_pop":-0.3614425044,"log_mass":2.7428299256},{"country_iso":"BFA","city_id":1669,"log_pop":2.5779619509,"log_mass":5.0127997972},{"country_iso":"BFA","city_id":1669,"log_pop":3.6986952903,"log_mass":6.2213154928},{"country_iso":"BFA","city_id":1669,"log_pop":-0.5233618938,"log_mass":2.8847222201},{"country_iso":"BFA","city_id":1669,"log_pop":1.7701580416,"log_mass":4.3095920799},{"country_iso":"BFA","city_id":1669,"log_pop":3.6468926006,"log_mass":6.1747936291},{"country_iso":"BFA","city_id":1669,"log_pop":3.8662134011,"log_mass":6.3654685143},{"country_iso":"BFA","city_id":1669,"log_pop":3.6797777487,"log_mass":6.2282447553},{"country_iso":"BFA","city_id":1669,"log_pop":3.5308399665,"log_mass":5.9119427702},{"country_iso":"BFA","city_id":1669,"log_pop":3.6585468467,"log_mass":6.1313399971},{"country_iso":"BFA","city_id":1669,"log_pop":3.8735702872,"log_mass":6.4009946201},{"country_iso":"BFA","city_id":1669,"log_pop":3.8538311138,"log_mass":6.3342208456},{"country_iso":"BFA","city_id":1669,"log_pop":3.8647576387,"log_mass":6.4339193414},{"country_iso":"BFA","city_id":1669,"log_pop":2.2326336183,"log_mass":4.8631055854},{"country_iso":"BFA","city_id":1669,"log_pop":2.333428983,"log_mass":4.8791531287},{"country_iso":"BFA","city_id":1669,"log_pop":1.3726205858,"log_mass":3.7119929376},{"country_iso":"BFA","city_id":1669,"log_pop":2.5180513148,"log_mass":5.2810993463},{"country_iso":"BFA","city_id":1669,"log_pop":3.4828446694,"log_mass":6.0174058803},{"country_iso":"BFA","city_id":1669,"log_pop":3.5453326179,"log_mass":6.1186223229},{"country_iso":"BFA","city_id":1669,"log_pop":3.5350439172,"log_mass":6.006268965},{"country_iso":"BFA","city_id":1669,"log_pop":3.7712317298,"log_mass":6.2573027061},{"country_iso":"BFA","city_id":1669,"log_pop":2.3632576533,"log_mass":4.9144540157},{"country_iso":"BFA","city_id":1669,"log_pop":3.3985303852,"log_mass":5.8786176397},{"country_iso":"BFA","city_id":1669,"log_pop":3.8793819263,"log_mass":6.4072818678},{"country_iso":"BFA","city_id":1669,"log_pop":3.7607636685,"log_mass":6.2172383847},{"country_iso":"BFA","city_id":1669,"log_pop":3.7179219216,"log_mass":6.1990622236},{"country_iso":"BFA","city_id":1669,"log_pop":3.0578227376,"log_mass":5.5142549229},{"country_iso":"BFA","city_id":1669,"log_pop":3.1532370883,"log_mass":5.5666173316},{"country_iso":"BFA","city_id":1669,"log_pop":2.7717528523,"log_mass":5.44784094},{"country_iso":"BFA","city_id":1745,"log_pop":1.5872713908,"log_mass":3.9954826677},{"country_iso":"BFA","city_id":1745,"log_pop":2.1770252451,"log_mass":4.7070343637},{"country_iso":"BFA","city_id":1745,"log_pop":1.0367854597,"log_mass":4.3406392332},{"country_iso":"BFA","city_id":1745,"log_pop":2.4447741851,"log_mass":5.0924143499},{"country_iso":"BFA","city_id":1745,"log_pop":1.6386172885,"log_mass":4.6361335086},{"country_iso":"BFA","city_id":1745,"log_pop":2.2497916158,"log_mass":4.8620342147},{"country_iso":"BFA","city_id":1745,"log_pop":3.247289708,"log_mass":5.9919347251},{"country_iso":"BFA","city_id":1745,"log_pop":2.2956009506,"log_mass":4.8805444105},{"country_iso":"BFA","city_id":1745,"log_pop":3.3794269982,"log_mass":6.0541785899},{"country_iso":"BFA","city_id":1745,"log_pop":3.489937935,"log_mass":6.2062542423},{"country_iso":"BFA","city_id":1745,"log_pop":3.1587253047,"log_mass":5.891384861},{"country_iso":"BFA","city_id":1745,"log_pop":2.6691053499,"log_mass":5.3885120651},{"country_iso":"BFA","city_id":1745,"log_pop":1.3598710454,"log_mass":4.1653190017},{"country_iso":"BFA","city_id":1745,"log_pop":3.4600498134,"log_mass":6.1668757933},{"country_iso":"BFA","city_id":1745,"log_pop":3.2007611307,"log_mass":5.8916721238},{"country_iso":"BFA","city_id":1745,"log_pop":3.4139695592,"log_mass":6.06436129},{"country_iso":"BFA","city_id":1843,"log_pop":1.6491441828,"log_mass":4.5155969629},{"country_iso":"BFA","city_id":1843,"log_pop":2.2779046948,"log_mass":5.0327544418},{"country_iso":"BFA","city_id":1843,"log_pop":1.8872175792,"log_mass":4.5469487377},{"country_iso":"BFA","city_id":1843,"log_pop":3.1587951294,"log_mass":5.8413311188},{"country_iso":"BFA","city_id":1843,"log_pop":1.8028103142,"log_mass":4.3569794201},{"country_iso":"BFA","city_id":1843,"log_pop":3.2168323566,"log_mass":5.8626666891},{"country_iso":"BFA","city_id":1843,"log_pop":3.1329533742,"log_mass":5.7738843545},{"country_iso":"BFA","city_id":1843,"log_pop":2.6177599519,"log_mass":5.2519462166},{"country_iso":"BFA","city_id":1653,"log_pop":3.1044484753,"log_mass":5.758421385},{"country_iso":"BFA","city_id":1653,"log_pop":3.1092711639,"log_mass":5.9182082225},{"country_iso":"BFA","city_id":1653,"log_pop":2.9138220897,"log_mass":5.4889017041},{"country_iso":"BFA","city_id":1653,"log_pop":3.4459941677,"log_mass":6.203935175},{"country_iso":"BFA","city_id":1653,"log_pop":2.3502638143,"log_mass":5.2068300971},{"country_iso":"BFA","city_id":1653,"log_pop":2.0060221235,"log_mass":4.638531299},{"country_iso":"BFA","city_id":1653,"log_pop":2.63932825,"log_mass":5.4766987754},{"country_iso":"BFA","city_id":1653,"log_pop":2.4766132,"log_mass":5.2417369236},{"country_iso":"BFA","city_id":1744,"log_pop":3.5692950852,"log_mass":6.2102961475},{"country_iso":"BFA","city_id":1744,"log_pop":2.8657609125,"log_mass":5.4275419194},{"country_iso":"BFA","city_id":1744,"log_pop":3.0136676229,"log_mass":5.5809892931},{"country_iso":"BFA","city_id":1744,"log_pop":2.7962557269,"log_mass":5.2836131701},{"country_iso":"BFA","city_id":1744,"log_pop":1.5738731757,"log_mass":4.1343417809},{"country_iso":"BFA","city_id":1744,"log_pop":-0.2098452746,"log_mass":3.6112448016},{"country_iso":"BFA","city_id":1744,"log_pop":2.936256493,"log_mass":5.5590123299},{"country_iso":"BFA","city_id":1695,"log_pop":1.4511066375,"log_mass":5.1307091218},{"country_iso":"BFA","city_id":1695,"log_pop":2.8531899105,"log_mass":5.6995111101},{"country_iso":"BFA","city_id":1695,"log_pop":0.9199330314,"log_mass":3.6059617723},{"country_iso":"BFA","city_id":1695,"log_pop":2.7925591905,"log_mass":5.7486018301},{"country_iso":"BFA","city_id":1695,"log_pop":-0.4317074592,"log_mass":2.7623570745},{"country_iso":"BFA","city_id":1695,"log_pop":1.9067294908,"log_mass":4.8819870791},{"country_iso":"BFA","city_id":1922,"log_pop":2.479534777,"log_mass":5.4183861844},{"country_iso":"BFA","city_id":1922,"log_pop":2.2008550063,"log_mass":5.2004026938},{"country_iso":"BFA","city_id":1922,"log_pop":0.6392341946,"log_mass":4.3217296602},{"country_iso":"BFA","city_id":1922,"log_pop":1.6706183462,"log_mass":4.5687575872},{"country_iso":"BFA","city_id":1922,"log_pop":0.8697491363,"log_mass":4.1592660764},{"country_iso":"BFA","city_id":1922,"log_pop":0.1623956819,"log_mass":3.8698771293},{"country_iso":"BFA","city_id":1696,"log_pop":3.2601254459,"log_mass":6.1140743239},{"country_iso":"BFA","city_id":1696,"log_pop":1.9576426382,"log_mass":4.9576611437},{"country_iso":"BFA","city_id":1696,"log_pop":2.5557028656,"log_mass":5.4601010166},{"country_iso":"BFA","city_id":1696,"log_pop":2.5494118225,"log_mass":5.3144988089},{"country_iso":"BFA","city_id":1696,"log_pop":2.838418907,"log_mass":5.7327366756},{"country_iso":"BFA","city_id":1696,"log_pop":0.6314971253,"log_mass":3.391870438},{"country_iso":"BFA","city_id":1766,"log_pop":2.1435090993,"log_mass":5.2757786895},{"country_iso":"BFA","city_id":1766,"log_pop":0.365252,"log_mass":3.4814164147},{"country_iso":"BFA","city_id":1766,"log_pop":1.9924461439,"log_mass":5.094587733},{"country_iso":"BFA","city_id":1766,"log_pop":1.949716816,"log_mass":5.0596951301},{"country_iso":"BFA","city_id":1766,"log_pop":2.8054147838,"log_mass":5.9231790587},{"country_iso":"BFA","city_id":1825,"log_pop":-0.0911098553,"log_mass":4.4097504799},{"country_iso":"BFA","city_id":1825,"log_pop":2.7219652687,"log_mass":5.4970520283},{"country_iso":"BFA","city_id":1825,"log_pop":2.2795176999,"log_mass":5.0435676852},{"country_iso":"BFA","city_id":1825,"log_pop":1.0822298626,"log_mass":3.9020113609},{"country_iso":"BFA","city_id":1825,"log_pop":2.5812080168,"log_mass":5.3188893931},{"country_iso":"BFA","city_id":1712,"log_pop":-0.1651215333,"log_mass":3.1842513668},{"country_iso":"BFA","city_id":1712,"log_pop":2.6895435849,"log_mass":5.9234525688},{"country_iso":"BFA","city_id":1712,"log_pop":1.9064005407,"log_mass":5.1736998631},{"country_iso":"BFA","city_id":1712,"log_pop":-0.4093821053,"log_mass":3.0500350404},{"country_iso":"BFA","city_id":1982,"log_pop":1.9003987175,"log_mass":4.6024457645},{"country_iso":"BFA","city_id":1982,"log_pop":2.1513252721,"log_mass":5.2202636228},{"country_iso":"BFA","city_id":1982,"log_pop":2.2059653566,"log_mass":4.9569574386},{"country_iso":"BFA","city_id":1982,"log_pop":0.8327893773,"log_mass":3.9036447562},{"country_iso":"BFA","city_id":1820,"log_pop":0.864922908,"log_mass":3.6767984932},{"country_iso":"BFA","city_id":1820,"log_pop":2.5381772292,"log_mass":5.3860511822},{"country_iso":"BFA","city_id":1820,"log_pop":2.6675336399,"log_mass":5.5339986297},{"country_iso":"BFA","city_id":1820,"log_pop":2.0752786168,"log_mass":4.9792937567},{"country_iso":"BFA","city_id":1710,"log_pop":-1.4578786816,"log_mass":3.0309849413},{"country_iso":"BFA","city_id":1710,"log_pop":2.7990240367,"log_mass":5.8594955054},{"country_iso":"BFA","city_id":1710,"log_pop":2.2572953135,"log_mass":5.2087610697},{"country_iso":"BFA","city_id":1710,"log_pop":2.2320950152,"log_mass":5.346170162},{"country_iso":"BFA","city_id":1680,"log_pop":1.767588853,"log_mass":4.5613256189},{"country_iso":"BFA","city_id":1680,"log_pop":1.3884521253,"log_mass":4.5051628885},{"country_iso":"BFA","city_id":1680,"log_pop":2.2990640141,"log_mass":5.3027291556},{"country_iso":"BFA","city_id":1680,"log_pop":2.2137689093,"log_mass":5.1924322226},{"country_iso":"BFA","city_id":1754,"log_pop":2.2204073388,"log_mass":4.9687317753},{"country_iso":"BFA","city_id":1754,"log_pop":0.85977954,"log_mass":3.6273256461},{"country_iso":"BFA","city_id":1754,"log_pop":0.4840870648,"log_mass":3.7279200123},{"country_iso":"BFA","city_id":1754,"log_pop":3.0029868418,"log_mass":5.7229179681},{"country_iso":"BFA","city_id":1958,"log_pop":2.6983356995,"log_mass":5.3951984732},{"country_iso":"BFA","city_id":1958,"log_pop":1.2620599329,"log_mass":4.0334345232},{"country_iso":"BFA","city_id":1958,"log_pop":2.1404263284,"log_mass":4.8169609201},{"country_iso":"BFA","city_id":1958,"log_pop":1.5607913838,"log_mass":4.8035198636},{"country_iso":"BFA","city_id":1686,"log_pop":1.2073007542,"log_mass":4.0192679867},{"country_iso":"BFA","city_id":1686,"log_pop":1.2095276752,"log_mass":4.250954366},{"country_iso":"BFA","city_id":1686,"log_pop":2.4265887464,"log_mass":5.4177155103},{"country_iso":"BFA","city_id":1686,"log_pop":2.7653758115,"log_mass":5.7526787421},{"country_iso":"BFA","city_id":1646,"log_pop":2.7815175787,"log_mass":5.8286567084},{"country_iso":"BFA","city_id":1646,"log_pop":2.7567722124,"log_mass":5.8434367609},{"country_iso":"BFA","city_id":1646,"log_pop":2.6411030668,"log_mass":5.6600961278},{"country_iso":"BFA","city_id":1646,"log_pop":2.2372290487,"log_mass":5.0898858367},{"country_iso":"BFA","city_id":1917,"log_pop":1.0628319658,"log_mass":4.7730842491},{"country_iso":"BFA","city_id":1917,"log_pop":2.3710540037,"log_mass":4.8295078963},{"country_iso":"BFA","city_id":1917,"log_pop":0.5033468529,"log_mass":3.751062604},{"country_iso":"BFA","city_id":1917,"log_pop":3.4517613013,"log_mass":5.9528441256},{"country_iso":"BFA","city_id":1955,"log_pop":2.5014403267,"log_mass":5.2696969505},{"country_iso":"BFA","city_id":1955,"log_pop":2.3759100627,"log_mass":5.1577548596},{"country_iso":"BFA","city_id":1955,"log_pop":1.9978825463,"log_mass":4.9678261902},{"country_iso":"BFA","city_id":1955,"log_pop":3.1490967345,"log_mass":5.8680672633},{"country_iso":"BFA","city_id":1784,"log_pop":1.7074169169,"log_mass":4.9424993616},{"country_iso":"BFA","city_id":1784,"log_pop":1.4801731999,"log_mass":4.7455537493},{"country_iso":"BFA","city_id":1784,"log_pop":-1.0108793024,"log_mass":2.5574964264},{"country_iso":"BFA","city_id":1802,"log_pop":2.3108716916,"log_mass":5.4000374918},{"country_iso":"BFA","city_id":1802,"log_pop":2.2743649546,"log_mass":5.3266209805},{"country_iso":"BFA","city_id":1802,"log_pop":2.0168809837,"log_mass":5.0045509255},{"country_iso":"BFA","city_id":1748,"log_pop":2.1881953444,"log_mass":4.8418645474},{"country_iso":"BFA","city_id":1748,"log_pop":1.603863436,"log_mass":4.2366090538},{"country_iso":"BFA","city_id":1748,"log_pop":3.0468335618,"log_mass":5.6691411289},{"country_iso":"BFA","city_id":1807,"log_pop":2.8806624805,"log_mass":5.647169888},{"country_iso":"BFA","city_id":1807,"log_pop":2.7403163439,"log_mass":5.4183651486},{"country_iso":"BFA","city_id":1807,"log_pop":1.4230994777,"log_mass":4.1577849676},{"country_iso":"BFA","city_id":1671,"log_pop":0.8978575486,"log_mass":4.0452160129},{"country_iso":"BFA","city_id":1671,"log_pop":1.658597853,"log_mass":4.822946486},{"country_iso":"BFA","city_id":1671,"log_pop":1.2521537748,"log_mass":4.2569821992},{"country_iso":"BFA","city_id":1940,"log_pop":1.7928212955,"log_mass":5.0519578149},{"country_iso":"BFA","city_id":1940,"log_pop":1.0058717299,"log_mass":4.4142230592},{"country_iso":"BFA","city_id":1928,"log_pop":2.253722955,"log_mass":5.3241365742},{"country_iso":"BFA","city_id":1687,"log_pop":0.9307060039,"log_mass":4.2885950893},{"country_iso":"BFA","city_id":1949,"log_pop":1.1790482948,"log_mass":4.3504793869},{"country_iso":"BFA","city_id":1932,"log_pop":2.2406150889,"log_mass":5.2375832811},{"country_iso":"BFA","city_id":1942,"log_pop":1.6034974908,"log_mass":4.2619536905},{"country_iso":"BFA","city_id":1692,"log_pop":1.579655644,"log_mass":4.9182377738},{"country_iso":"BFA","city_id":1996,"log_pop":1.7015550631,"log_mass":5.0515244779}]