[{"country_iso":"LTU","city_id":3294,"log_pop":3.6032392665,"log_mass":6.3540301871},{"country_iso":"LTU","city_id":3294,"log_pop":2.7923840376,"log_mass":5.3842843902},{"country_iso":"LTU","city_id":3294,"log_pop":3.5488349911,"log_mass":6.3508927097},{"country_iso":"LTU","city_id":3294,"log_pop":3.6330385551,"log_mass":6.5051816394},{"country_iso":"LTU","city_id":3294,"log_pop":3.2317004722,"log_mass":6.27853089},{"country_iso":"LTU","city_id":3294,"log_pop":3.8716703343,"log_mass":6.7579111766},{"country_iso":"LTU","city_id":3294,"log_pop":3.8256604925,"log_mass":6.6061777372},{"country_iso":"LTU","city_id":3294,"log_pop":3.0452442012,"log_mass":5.6521289201},{"country_iso":"LTU","city_id":3294,"log_pop":3.1738857159,"log_mass":5.785440891},{"country_iso":"LTU","city_id":3294,"log_pop":3.1224581313,"log_mass":5.7763169785},{"country_iso":"LTU","city_id":3294,"log_pop":3.7920726395,"log_mass":6.5682175744},{"country_iso":"LTU","city_id":3294,"log_pop":3.2214984809,"log_mass":5.9187633693},{"country_iso":"LTU","city_id":3294,"log_pop":3.6538043767,"log_mass":6.3618247033},{"country_iso":"LTU","city_id":3294,"log_pop":1.5496076632,"log_mass":5.2608583952},{"country_iso":"LTU","city_id":3294,"log_pop":2.0760075038,"log_mass":5.6681711114},{"country_iso":"LTU","city_id":3294,"log_pop":1.2989467582,"log_mass":4.7741997755},{"country_iso":"LTU","city_id":3294,"log_pop":1.630916532,"log_mass":5.1726310926},{"country_iso":"LTU","city_id":3294,"log_pop":3.1117381789,"log_mass":6.2280879974},{"country_iso":"LTU","city_id":3294,"log_pop":3.4420123551,"log_mass":6.1147532777},{"country_iso":"LTU","city_id":3294,"log_pop":3.34674926,"log_mass":6.0718110585},{"country_iso":"LTU","city_id":3294,"log_pop":2.6295163467,"log_mass":5.3189062767},{"country_iso":"LTU","city_id":3294,"log_pop":3.8610728804,"log_mass":6.6475262957},{"country_iso":"LTU","city_id":3294,"log_pop":3.7414527261,"log_mass":6.5298916635},{"country_iso":"LTU","city_id":3294,"log_pop":3.8626893533,"log_mass":6.7554869215},{"country_iso":"LTU","city_id":3294,"log_pop":3.7802714738,"log_mass":6.5367522178},{"country_iso":"LTU","city_id":3294,"log_pop":3.2326635544,"log_mass":5.9258613208},{"country_iso":"LTU","city_id":3294,"log_pop":3.1486949794,"log_mass":6.0210936933},{"country_iso":"LTU","city_id":3294,"log_pop":3.8478384378,"log_mass":6.566345746},{"country_iso":"LTU","city_id":3294,"log_pop":2.5516950503,"log_mass":5.8940492375},{"country_iso":"LTU","city_id":3294,"log_pop":-0.0690105969,"log_mass":3.4791857874},{"country_iso":"LTU","city_id":3294,"log_pop":3.3318567953,"log_mass":6.1298097334},{"country_iso":"LTU","city_id":3294,"log_pop":1.2928642649,"log_mass":4.214746489},{"country_iso":"LTU","city_id":3294,"log_pop":0.9906842406,"log_mass":4.6517473468},{"country_iso":"LTU","city_id":3294,"log_pop":2.6934080117,"log_mass":6.1238227739},{"country_iso":"LTU","city_id":3294,"log_pop":2.8953520013,"log_mass":5.751456674},{"country_iso":"LTU","city_id":3294,"log_pop":3.5992536588,"log_mass":6.325365658},{"country_iso":"LTU","city_id":3294,"log_pop":1.4964436954,"log_mass":4.1421780224},{"country_iso":"LTU","city_id":3294,"log_pop":3.0229159449,"log_mass":5.6687180373},{"country_iso":"LTU","city_id":3294,"log_pop":3.7060637154,"log_mass":6.4357696977},{"country_iso":"LTU","city_id":3294,"log_pop":3.3355191484,"log_mass":6.1936562034},{"country_iso":"LTU","city_id":3294,"log_pop":3.4475422072,"log_mass":6.1592760857},{"country_iso":"LTU","city_id":3294,"log_pop":3.7513051182,"log_mass":6.5176757673},{"country_iso":"LTU","city_id":3339,"log_pop":3.2318603258,"log_mass":6.1869962001},{"country_iso":"LTU","city_id":3339,"log_pop":3.2335100956,"log_mass":6.3096133462},{"country_iso":"LTU","city_id":3339,"log_pop":3.5327403089,"log_mass":6.4122713142},{"country_iso":"LTU","city_id":3339,"log_pop":3.6381715821,"log_mass":6.5140295918},{"country_iso":"LTU","city_id":3339,"log_pop":2.9586614027,"log_mass":5.6074572368},{"country_iso":"LTU","city_id":3339,"log_pop":3.5420844674,"log_mass":6.3241620693},{"country_iso":"LTU","city_id":3339,"log_pop":-0.3538615242,"log_mass":3.2482584615},{"country_iso":"LTU","city_id":3339,"log_pop":3.4469775842,"log_mass":6.6689839168},{"country_iso":"LTU","city_id":3339,"log_pop":3.7992803146,"log_mass":6.7353886594},{"country_iso":"LTU","city_id":3339,"log_pop":2.4609052454,"log_mass":5.4039906479},{"country_iso":"LTU","city_id":3339,"log_pop":3.7004361894,"log_mass":6.574434096},{"country_iso":"LTU","city_id":3339,"log_pop":3.139822069,"log_mass":5.8971757164},{"country_iso":"LTU","city_id":3339,"log_pop":3.8925853148,"log_mass":6.8288531701},{"country_iso":"LTU","city_id":3339,"log_pop":3.5120518422,"log_mass":6.3098123459},{"country_iso":"LTU","city_id":3339,"log_pop":3.7810246868,"log_mass":6.7913537648},{"country_iso":"LTU","city_id":3339,"log_pop":3.5140805545,"log_mass":6.2910284309},{"country_iso":"LTU","city_id":3339,"log_pop":3.2242933531,"log_mass":6.2580619163},{"country_iso":"LTU","city_id":3339,"log_pop":2.2746488745,"log_mass":5.0763050574},{"country_iso":"LTU","city_id":3339,"log_pop":2.2889243359,"log_mass":5.2099121249},{"country_iso":"LTU","city_id":3339,"log_pop":3.429158931,"log_mass":6.1751846616},{"country_iso":"LTU","city_id":3339,"log_pop":3.7108147906,"log_mass":6.4946766041},{"country_iso":"LTU","city_id":3339,"log_pop":3.1855389502,"log_mass":6.027766898},{"country_iso":"LTU","city_id":3339,"log_pop":3.0025570694,"log_mass":6.2040690707},{"country_iso":"LTU","city_id":3339,"log_pop":2.5182457564,"log_mass":6.1171708027},{"country_iso":"LTU","city_id":3339,"log_pop":3.5939020105,"log_mass":6.3343671426},{"country_iso":"LTU","city_id":3339,"log_pop":3.2333397602,"log_mass":5.9112937159},{"country_iso":"LTU","city_id":3339,"log_pop":3.7322506381,"log_mass":6.5867507948},{"country_iso":"LTU","city_id":3339,"log_pop":3.8591462503,"log_mass":6.721546323},{"country_iso":"LTU","city_id":3339,"log_pop":3.6342616391,"log_mass":6.4285098579},{"country_iso":"LTU","city_id":3339,"log_pop":1.0556031541,"log_mass":4.5060330948},{"country_iso":"LTU","city_id":3339,"log_pop":3.716370324,"log_mass":6.6678321102},{"country_iso":"LTU","city_id":3339,"log_pop":2.518805855,"log_mass":5.4238153184},{"country_iso":"LTU","city_id":3339,"log_pop":2.9214116412,"log_mass":5.6695151137},{"country_iso":"LTU","city_id":3339,"log_pop":2.6183949051,"log_mass":5.6178750441},{"country_iso":"LTU","city_id":3339,"log_pop":3.1355265032,"log_mass":5.8979731408},{"country_iso":"LTU","city_id":3181,"log_pop":2.1892948818,"log_mass":4.9798913819},{"country_iso":"LTU","city_id":3181,"log_pop":3.427799123,"log_mass":6.2561566407},{"country_iso":"LTU","city_id":3181,"log_pop":3.0047201472,"log_mass":6.0433444478},{"country_iso":"LTU","city_id":3181,"log_pop":3.5229664063,"log_mass":6.4869182271},{"country_iso":"LTU","city_id":3181,"log_pop":3.3453799816,"log_mass":6.2109294877},{"country_iso":"LTU","city_id":3181,"log_pop":2.0153522415,"log_mass":5.1458658555},{"country_iso":"LTU","city_id":3181,"log_pop":1.8799840914,"log_mass":5.4416204041},{"country_iso":"LTU","city_id":3181,"log_pop":2.7766249464,"log_mass":5.801640913},{"country_iso":"LTU","city_id":3181,"log_pop":3.7211423853,"log_mass":6.7051188493},{"country_iso":"LTU","city_id":3181,"log_pop":3.3267624938,"log_mass":6.3009947477},{"country_iso":"LTU","city_id":3181,"log_pop":3.1882167679,"log_mass":6.242328676},{"country_iso":"LTU","city_id":3181,"log_pop":3.7567228238,"log_mass":6.6450190761},{"country_iso":"LTU","city_id":3181,"log_pop":3.7383085695,"log_mass":6.7664595859},{"country_iso":"LTU","city_id":3181,"log_pop":3.2367878595,"log_mass":6.1263200437},{"country_iso":"LTU","city_id":3181,"log_pop":2.5803241799,"log_mass":5.7824058759},{"country_iso":"LTU","city_id":3181,"log_pop":3.0963919116,"log_mass":6.002786609},{"country_iso":"LTU","city_id":3181,"log_pop":3.6059521465,"log_mass":6.641101637},{"country_iso":"LTU","city_id":3181,"log_pop":3.4899897286,"log_mass":6.401388509},{"country_iso":"LTU","city_id":3181,"log_pop":1.7820442483,"log_mass":4.6349457393},{"country_iso":"LTU","city_id":3259,"log_pop":2.650778958,"log_mass":5.6502175221},{"country_iso":"LTU","city_id":3259,"log_pop":3.1953969418,"log_mass":6.2251115949},{"country_iso":"LTU","city_id":3259,"log_pop":2.5376157258,"log_mass":6.0414604779},{"country_iso":"LTU","city_id":3259,"log_pop":2.6558455192,"log_mass":6.2052568178},{"country_iso":"LTU","city_id":3259,"log_pop":1.7744557615,"log_mass":4.9428940609},{"country_iso":"LTU","city_id":3259,"log_pop":2.9633970196,"log_mass":6.3895746512},{"country_iso":"LTU","city_id":3259,"log_pop":3.4868788435,"log_mass":6.579654013},{"country_iso":"LTU","city_id":3259,"log_pop":1.7157763756,"log_mass":5.2867187317},{"country_iso":"LTU","city_id":3259,"log_pop":2.8772250005,"log_mass":6.2714309914},{"country_iso":"LTU","city_id":3259,"log_pop":3.3586542987,"log_mass":6.6022244622},{"country_iso":"LTU","city_id":3259,"log_pop":2.1036624314,"log_mass":5.5211719147},{"country_iso":"LTU","city_id":3259,"log_pop":3.4042117715,"log_mass":6.6926091834},{"country_iso":"LTU","city_id":3259,"log_pop":0.3424071159,"log_mass":3.8009278828},{"country_iso":"LTU","city_id":3259,"log_pop":2.929794199,"log_mass":6.4233730871},{"country_iso":"LTU","city_id":3303,"log_pop":3.3988211029,"log_mass":6.4261428748},{"country_iso":"LTU","city_id":3303,"log_pop":1.1103995976,"log_mass":5.0170807806},{"country_iso":"LTU","city_id":3303,"log_pop":3.6553598562,"log_mass":6.4554544375},{"country_iso":"LTU","city_id":3303,"log_pop":3.9011051918,"log_mass":6.6453056968},{"country_iso":"LTU","city_id":3303,"log_pop":2.1029542665,"log_mass":4.8570907026},{"country_iso":"LTU","city_id":3303,"log_pop":3.7165237075,"log_mass":6.4087212732},{"country_iso":"LTU","city_id":3303,"log_pop":0.246822732,"log_mass":4.5862905476},{"country_iso":"LTU","city_id":3303,"log_pop":3.2223781313,"log_mass":6.0461995028},{"country_iso":"LTU","city_id":3303,"log_pop":2.8693373506,"log_mass":5.5257846208},{"country_iso":"LTU","city_id":3303,"log_pop":2.9071563447,"log_mass":5.6801057587},{"country_iso":"LTU","city_id":3303,"log_pop":3.4610983572,"log_mass":6.312298024},{"country_iso":"LTU","city_id":3303,"log_pop":3.9154224277,"log_mass":6.6850454205},{"country_iso":"LTU","city_id":3303,"log_pop":2.1770524445,"log_mass":4.9374637372},{"country_iso":"LTU","city_id":3303,"log_pop":2.7464107144,"log_mass":5.5184481179},{"country_iso":"LTU","city_id":3309,"log_pop":2.4095932995,"log_mass":5.1251497114},{"country_iso":"LTU","city_id":3309,"log_pop":3.5642622197,"log_mass":6.3381189397},{"country_iso":"LTU","city_id":3309,"log_pop":2.1744321028,"log_mass":5.2849151668},{"country_iso":"LTU","city_id":3309,"log_pop":3.6109501766,"log_mass":6.3800473158},{"country_iso":"LTU","city_id":3309,"log_pop":2.8605928394,"log_mass":5.5681386047},{"country_iso":"LTU","city_id":3309,"log_pop":-0.0865100074,"log_mass":3.8873820473},{"country_iso":"LTU","city_id":3309,"log_pop":2.7235615409,"log_mass":6.2100527451},{"country_iso":"LTU","city_id":3309,"log_pop":3.090846945,"log_mass":6.1812571788},{"country_iso":"LTU","city_id":3309,"log_pop":2.1892566223,"log_mass":4.9442275377},{"country_iso":"LTU","city_id":3309,"log_pop":3.6703663746,"log_mass":6.3339941485},{"country_iso":"LTU","city_id":3309,"log_pop":1.6654749007,"log_mass":4.3896306164},{"country_iso":"LTU","city_id":3309,"log_pop":2.7704655354,"log_mass":5.5555744548}]