[{"country_iso":"MDG","city_id":5792,"log_pop":2.0717031012,"log_mass":4.6219798763},{"country_iso":"MDG","city_id":5792,"log_pop":3.0013786351,"log_mass":5.2688082733},{"country_iso":"MDG","city_id":5792,"log_pop":2.3436007797,"log_mass":4.8499367972},{"country_iso":"MDG","city_id":5792,"log_pop":3.0770756143,"log_mass":5.37270744},{"country_iso":"MDG","city_id":5792,"log_pop":1.892470129,"log_mass":4.4220964591},{"country_iso":"MDG","city_id":5792,"log_pop":2.1837673133,"log_mass":4.928327438},{"country_iso":"MDG","city_id":5792,"log_pop":3.5288802331,"log_mass":5.8560401255},{"country_iso":"MDG","city_id":5792,"log_pop":2.7562928045,"log_mass":5.1010235334},{"country_iso":"MDG","city_id":5792,"log_pop":2.7471029958,"log_mass":5.2837671442},{"country_iso":"MDG","city_id":5792,"log_pop":0.7823102812,"log_mass":3.5548610927},{"country_iso":"MDG","city_id":5792,"log_pop":3.2485854148,"log_mass":6.0903857539},{"country_iso":"MDG","city_id":5792,"log_pop":3.5661573282,"log_mass":5.9177884262},{"country_iso":"MDG","city_id":5792,"log_pop":3.2931428645,"log_mass":5.9014485652},{"country_iso":"MDG","city_id":5792,"log_pop":3.9337884284,"log_mass":6.3719440866},{"country_iso":"MDG","city_id":5792,"log_pop":2.5946989497,"log_mass":5.1459730951},{"country_iso":"MDG","city_id":5792,"log_pop":3.640291573,"log_mass":6.1906214967},{"country_iso":"MDG","city_id":5792,"log_pop":3.0703834847,"log_mass":5.4715151782},{"country_iso":"MDG","city_id":5792,"log_pop":3.2489588831,"log_mass":4.9928883657},{"country_iso":"MDG","city_id":5792,"log_pop":3.9504901317,"log_mass":5.567724212},{"country_iso":"MDG","city_id":5792,"log_pop":3.0175224777,"log_mass":4.7491437021},{"country_iso":"MDG","city_id":5792,"log_pop":0.9233863581,"log_mass":3.3889521976},{"country_iso":"MDG","city_id":5792,"log_pop":2.7417867837,"log_mass":5.2913410475},{"country_iso":"MDG","city_id":5792,"log_pop":4.5848022631,"log_mass":6.7381294164},{"country_iso":"MDG","city_id":5792,"log_pop":4.6593865451,"log_mass":6.5887432478},{"country_iso":"MDG","city_id":5792,"log_pop":4.479864705,"log_mass":6.589905641},{"country_iso":"MDG","city_id":5792,"log_pop":4.5671209506,"log_mass":6.5423133089},{"country_iso":"MDG","city_id":5792,"log_pop":4.443155481,"log_mass":6.3551811894},{"country_iso":"MDG","city_id":5792,"log_pop":4.6332283324,"log_mass":6.4244663657},{"country_iso":"MDG","city_id":5792,"log_pop":4.4192423566,"log_mass":6.5604755927},{"country_iso":"MDG","city_id":5792,"log_pop":0.179513291,"log_mass":2.9026147261},{"country_iso":"MDG","city_id":5792,"log_pop":3.8420838713,"log_mass":6.0854274109},{"country_iso":"MDG","city_id":5792,"log_pop":2.6154116232,"log_mass":5.3768520084},{"country_iso":"MDG","city_id":5792,"log_pop":3.8146532175,"log_mass":6.0841678995},{"country_iso":"MDG","city_id":5792,"log_pop":3.5412114643,"log_mass":6.0651555286},{"country_iso":"MDG","city_id":5792,"log_pop":4.0654585669,"log_mass":6.3086612708},{"country_iso":"MDG","city_id":5792,"log_pop":1.9050575983,"log_mass":4.5110363427},{"country_iso":"MDG","city_id":5792,"log_pop":2.9389158242,"log_mass":5.2313009743},{"country_iso":"MDG","city_id":5792,"log_pop":3.94560035,"log_mass":6.3675315445},{"country_iso":"MDG","city_id":5792,"log_pop":4.0680643347,"log_mass":6.2324603574},{"country_iso":"MDG","city_id":5792,"log_pop":3.020232234,"log_mass":5.5167323796},{"country_iso":"MDG","city_id":5792,"log_pop":4.1231389438,"log_mass":6.0207222481},{"country_iso":"MDG","city_id":5792,"log_pop":3.1932756432,"log_mass":5.464883906},{"country_iso":"MDG","city_id":5792,"log_pop":3.9834081812,"log_mass":6.2938737493},{"country_iso":"MDG","city_id":5792,"log_pop":2.8255255683,"log_mass":4.9953539398},{"country_iso":"MDG","city_id":5792,"log_pop":4.4207160312,"log_mass":6.3500734368},{"country_iso":"MDG","city_id":5792,"log_pop":3.7106230795,"log_mass":5.9506089504},{"country_iso":"MDG","city_id":5792,"log_pop":4.0415067317,"log_mass":6.2430571258},{"country_iso":"MDG","city_id":5792,"log_pop":3.6526571328,"log_mass":5.2702539657},{"country_iso":"MDG","city_id":5792,"log_pop":4.2470452317,"log_mass":5.9174527688},{"country_iso":"MDG","city_id":5792,"log_pop":4.0729823,"log_mass":5.9326892371},{"country_iso":"MDG","city_id":5792,"log_pop":4.5931365603,"log_mass":6.1594266126},{"country_iso":"MDG","city_id":5792,"log_pop":2.608815154,"log_mass":5.0651404425},{"country_iso":"MDG","city_id":5792,"log_pop":2.6343135698,"log_mass":4.3454647032},{"country_iso":"MDG","city_id":5792,"log_pop":3.5837143716,"log_mass":5.7479687982},{"country_iso":"MDG","city_id":5792,"log_pop":2.4674373329,"log_mass":5.1770169339},{"country_iso":"MDG","city_id":5792,"log_pop":1.3681970944,"log_mass":4.4585408759},{"country_iso":"MDG","city_id":5792,"log_pop":4.276666511,"log_mass":6.0097924308},{"country_iso":"MDG","city_id":5792,"log_pop":4.2685118855,"log_mass":5.9059304026},{"country_iso":"MDG","city_id":5792,"log_pop":2.3578100896,"log_mass":4.8709529607},{"country_iso":"MDG","city_id":5792,"log_pop":4.5373117381,"log_mass":6.315087172},{"country_iso":"MDG","city_id":5792,"log_pop":3.341652456,"log_mass":5.0263704275},{"country_iso":"MDG","city_id":5792,"log_pop":4.1211637342,"log_mass":6.0909344982},{"country_iso":"MDG","city_id":5792,"log_pop":3.4175444374,"log_mass":5.6974502235},{"country_iso":"MDG","city_id":5792,"log_pop":3.8931706087,"log_mass":6.1323127313},{"country_iso":"MDG","city_id":5792,"log_pop":2.1733311884,"log_mass":4.8030050515},{"country_iso":"MDG","city_id":5792,"log_pop":4.0789374469,"log_mass":5.9183669658},{"country_iso":"MDG","city_id":5763,"log_pop":1.9743948435,"log_mass":4.0535403921},{"country_iso":"MDG","city_id":5763,"log_pop":3.6918939482,"log_mass":5.9341507246},{"country_iso":"MDG","city_id":5763,"log_pop":2.6690154069,"log_mass":5.1645218446},{"country_iso":"MDG","city_id":5763,"log_pop":2.4548725497,"log_mass":4.2321068316},{"country_iso":"MDG","city_id":5763,"log_pop":0.2929019917,"log_mass":3.7055874252},{"country_iso":"MDG","city_id":5763,"log_pop":2.4681899509,"log_mass":5.7688239782},{"country_iso":"MDG","city_id":5763,"log_pop":3.8178304591,"log_mass":6.4525115098},{"country_iso":"MDG","city_id":5763,"log_pop":3.5526289137,"log_mass":5.8289430951},{"country_iso":"MDG","city_id":5763,"log_pop":2.1201186472,"log_mass":5.4064359881},{"country_iso":"MDG","city_id":5767,"log_pop":3.2607987825,"log_mass":5.96226848},{"country_iso":"MDG","city_id":5767,"log_pop":2.7639189835,"log_mass":5.9572837671},{"country_iso":"MDG","city_id":5767,"log_pop":2.2303207267,"log_mass":5.4412260285},{"country_iso":"MDG","city_id":5767,"log_pop":1.511714506,"log_mass":4.2377111093},{"country_iso":"MDG","city_id":5767,"log_pop":2.9302660532,"log_mass":5.3458812496},{"country_iso":"MDG","city_id":5767,"log_pop":1.0049300526,"log_mass":4.5987509561},{"country_iso":"MDG","city_id":5791,"log_pop":1.3873253347,"log_mass":4.8879704375},{"country_iso":"MDG","city_id":5791,"log_pop":2.8019783916,"log_mass":4.5530656335},{"country_iso":"MDG","city_id":5791,"log_pop":2.1778603195,"log_mass":5.3641530198},{"country_iso":"MDG","city_id":5791,"log_pop":2.9958548494,"log_mass":5.1472815746},{"country_iso":"MDG","city_id":5776,"log_pop":2.7824214223,"log_mass":5.1329005292},{"country_iso":"MDG","city_id":5776,"log_pop":2.2173520446,"log_mass":4.4861236797},{"country_iso":"MDG","city_id":5776,"log_pop":1.8642066239,"log_mass":4.481719795},{"country_iso":"MDG","city_id":5776,"log_pop":3.4419126471,"log_mass":5.6554810211},{"country_iso":"MDG","city_id":5773,"log_pop":1.9414475672,"log_mass":4.7368822859},{"country_iso":"MDG","city_id":5773,"log_pop":1.1335935853,"log_mass":3.6580738385},{"country_iso":"MDG","city_id":5773,"log_pop":0.7842578357,"log_mass":3.2655235669},{"country_iso":"MDG","city_id":5793,"log_pop":2.4843268864,"log_mass":4.3770195737},{"country_iso":"MDG","city_id":5793,"log_pop":3.5438544692,"log_mass":5.0619971222},{"country_iso":"MDG","city_id":5793,"log_pop":1.7310581167,"log_mass":4.600909581},{"country_iso":"MDG","city_id":5873,"log_pop":1.1189909627,"log_mass":4.8754127054},{"country_iso":"MDG","city_id":5873,"log_pop":1.9371955506,"log_mass":4.5384407515},{"country_iso":"MDG","city_id":5873,"log_pop":2.8863479634,"log_mass":5.7832901217},{"country_iso":"MDG","city_id":5783,"log_pop":2.0386327166,"log_mass":4.6307817787},{"country_iso":"MDG","city_id":5783,"log_pop":0.9666518763,"log_mass":3.7421926415},{"country_iso":"MDG","city_id":5796,"log_pop":1.434388225,"log_mass":3.6989599504},{"country_iso":"MDG","city_id":5796,"log_pop":1.9912345282,"log_mass":4.5003597322},{"country_iso":"MDG","city_id":5768,"log_pop":0.6124452525,"log_mass":3.2488757811},{"country_iso":"MDG","city_id":5852,"log_pop":1.2292886226,"log_mass":4.214674995}]