[{"country_iso":"PRI","city_id":902,"log_pop":2.7902484971,"log_mass":5.2068735896},{"country_iso":"PRI","city_id":902,"log_pop":3.3759182601,"log_mass":5.6000732763},{"country_iso":"PRI","city_id":902,"log_pop":2.7693649124,"log_mass":5.458558114},{"country_iso":"PRI","city_id":902,"log_pop":3.6605815853,"log_mass":6.0812650004},{"country_iso":"PRI","city_id":902,"log_pop":1.2280404404,"log_mass":4.223016493},{"country_iso":"PRI","city_id":902,"log_pop":3.6707663552,"log_mass":6.0152566445},{"country_iso":"PRI","city_id":902,"log_pop":3.3941550442,"log_mass":5.8655937646},{"country_iso":"PRI","city_id":902,"log_pop":4.0910366325,"log_mass":6.4382318744},{"country_iso":"PRI","city_id":902,"log_pop":3.9357101017,"log_mass":6.2950595826},{"country_iso":"PRI","city_id":902,"log_pop":3.8694812673,"log_mass":6.2449136211},{"country_iso":"PRI","city_id":902,"log_pop":3.8722119759,"log_mass":6.1122978694},{"country_iso":"PRI","city_id":902,"log_pop":4.0444820052,"log_mass":6.4942686865},{"country_iso":"PRI","city_id":902,"log_pop":3.98545672,"log_mass":6.4275984102},{"country_iso":"PRI","city_id":902,"log_pop":4.12630974,"log_mass":6.396406209},{"country_iso":"PRI","city_id":902,"log_pop":2.9010361419,"log_mass":5.2815171374},{"country_iso":"PRI","city_id":902,"log_pop":2.4485095142,"log_mass":5.1086417391},{"country_iso":"PRI","city_id":902,"log_pop":3.670067829,"log_mass":6.0031583562},{"country_iso":"PRI","city_id":902,"log_pop":3.7122063732,"log_mass":6.1162149617},{"country_iso":"PRI","city_id":902,"log_pop":3.6444393561,"log_mass":5.8847559038},{"country_iso":"PRI","city_id":902,"log_pop":3.8892217465,"log_mass":6.078382453},{"country_iso":"PRI","city_id":902,"log_pop":3.8968133658,"log_mass":6.1655574694},{"country_iso":"PRI","city_id":902,"log_pop":3.1012616623,"log_mass":5.4044400743},{"country_iso":"PRI","city_id":902,"log_pop":3.8153755281,"log_mass":5.9982762315},{"country_iso":"PRI","city_id":902,"log_pop":4.0924360252,"log_mass":6.30309094},{"country_iso":"PRI","city_id":902,"log_pop":0.6614362506,"log_mass":3.1948029982},{"country_iso":"PRI","city_id":902,"log_pop":-1.2056591318,"log_mass":4.4914356874},{"country_iso":"PRI","city_id":902,"log_pop":1.4142990057,"log_mass":5.0840208541},{"country_iso":"PRI","city_id":902,"log_pop":3.7077473805,"log_mass":6.0008390571},{"country_iso":"PRI","city_id":902,"log_pop":3.3859551404,"log_mass":5.7738062934},{"country_iso":"PRI","city_id":902,"log_pop":3.3914762946,"log_mass":5.7193309017},{"country_iso":"PRI","city_id":902,"log_pop":4.1783238793,"log_mass":6.4337965464},{"country_iso":"PRI","city_id":902,"log_pop":2.8879009393,"log_mass":5.077628695},{"country_iso":"PRI","city_id":902,"log_pop":3.7663073844,"log_mass":6.3487536781},{"country_iso":"PRI","city_id":902,"log_pop":1.8655032574,"log_mass":5.9800690777},{"country_iso":"PRI","city_id":902,"log_pop":3.8384330679,"log_mass":6.2255127343},{"country_iso":"PRI","city_id":902,"log_pop":3.5645450011,"log_mass":6.0119323591},{"country_iso":"PRI","city_id":902,"log_pop":3.7142651669,"log_mass":5.9843424873},{"country_iso":"PRI","city_id":902,"log_pop":3.9498703715,"log_mass":6.0470033361},{"country_iso":"PRI","city_id":902,"log_pop":3.9223812725,"log_mass":6.2547243016},{"country_iso":"PRI","city_id":902,"log_pop":3.2437251226,"log_mass":5.3571911399},{"country_iso":"PRI","city_id":902,"log_pop":3.5120015796,"log_mass":5.7718301519},{"country_iso":"PRI","city_id":902,"log_pop":3.6687021502,"log_mass":6.2987337118},{"country_iso":"PRI","city_id":902,"log_pop":3.9566302822,"log_mass":6.3329881104},{"country_iso":"PRI","city_id":902,"log_pop":3.7318650101,"log_mass":6.0845003967},{"country_iso":"PRI","city_id":902,"log_pop":3.9215142161,"log_mass":6.2546174114},{"country_iso":"PRI","city_id":902,"log_pop":3.2818551514,"log_mass":5.5463952039},{"country_iso":"PRI","city_id":902,"log_pop":3.8740788437,"log_mass":6.2039356802},{"country_iso":"PRI","city_id":902,"log_pop":3.5859925927,"log_mass":5.9748534355},{"country_iso":"PRI","city_id":902,"log_pop":1.9819070294,"log_mass":5.1715810001},{"country_iso":"PRI","city_id":902,"log_pop":3.5479802465,"log_mass":6.0803866829},{"country_iso":"PRI","city_id":902,"log_pop":2.7446891222,"log_mass":5.8193590976},{"country_iso":"PRI","city_id":902,"log_pop":2.313814411,"log_mass":5.1131555013},{"country_iso":"PRI","city_id":902,"log_pop":-0.9478236227,"log_mass":3.9258952604},{"country_iso":"PRI","city_id":902,"log_pop":3.5272069241,"log_mass":6.0946697218},{"country_iso":"PRI","city_id":902,"log_pop":3.7694545035,"log_mass":6.0137071488},{"country_iso":"PRI","city_id":902,"log_pop":1.2485003999,"log_mass":4.5157712723},{"country_iso":"PRI","city_id":902,"log_pop":3.1031334493,"log_mass":5.3335767196},{"country_iso":"PRI","city_id":902,"log_pop":3.4895646,"log_mass":5.9231874048},{"country_iso":"PRI","city_id":902,"log_pop":3.1773914425,"log_mass":5.4938395558},{"country_iso":"PRI","city_id":902,"log_pop":3.1920398947,"log_mass":5.4238856861},{"country_iso":"PRI","city_id":902,"log_pop":3.725188009,"log_mass":5.893459548},{"country_iso":"PRI","city_id":902,"log_pop":2.9037313007,"log_mass":5.7315408679},{"country_iso":"PRI","city_id":902,"log_pop":2.9274008981,"log_mass":4.9817829897},{"country_iso":"PRI","city_id":902,"log_pop":3.6149591491,"log_mass":5.9078920402},{"country_iso":"PRI","city_id":902,"log_pop":0.483811854,"log_mass":3.6983979482},{"country_iso":"PRI","city_id":902,"log_pop":0.8433241323,"log_mass":3.7768466537},{"country_iso":"PRI","city_id":902,"log_pop":1.5716447318,"log_mass":4.5425810032},{"country_iso":"PRI","city_id":902,"log_pop":2.9583198245,"log_mass":5.2936870583},{"country_iso":"PRI","city_id":902,"log_pop":3.5400487871,"log_mass":5.7402133678},{"country_iso":"PRI","city_id":902,"log_pop":3.8200964759,"log_mass":6.2587567294},{"country_iso":"PRI","city_id":902,"log_pop":3.7683956182,"log_mass":6.2291973276},{"country_iso":"PRI","city_id":902,"log_pop":3.7479563589,"log_mass":6.0867682398},{"country_iso":"PRI","city_id":902,"log_pop":3.9406446317,"log_mass":6.0466899975},{"country_iso":"PRI","city_id":902,"log_pop":4.1004961311,"log_mass":6.4131504025},{"country_iso":"PRI","city_id":902,"log_pop":4.148639081,"log_mass":6.3519104964},{"country_iso":"PRI","city_id":902,"log_pop":4.0154141258,"log_mass":6.34463961},{"country_iso":"PRI","city_id":902,"log_pop":2.6158563408,"log_mass":5.2405450063},{"country_iso":"PRI","city_id":902,"log_pop":2.8086055085,"log_mass":5.4194318365},{"country_iso":"PRI","city_id":902,"log_pop":2.648253961,"log_mass":5.2909398879},{"country_iso":"PRI","city_id":902,"log_pop":-0.3017133277,"log_mass":5.5644567779},{"country_iso":"PRI","city_id":902,"log_pop":0.3534286749,"log_mass":3.077949358},{"country_iso":"PRI","city_id":902,"log_pop":4.1837994843,"log_mass":6.3059594068},{"country_iso":"PRI","city_id":902,"log_pop":3.8516900229,"log_mass":6.0558199679},{"country_iso":"PRI","city_id":902,"log_pop":2.6221254349,"log_mass":4.7177980207},{"country_iso":"PRI","city_id":902,"log_pop":4.0934375066,"log_mass":6.4605299966},{"country_iso":"PRI","city_id":902,"log_pop":4.0788279053,"log_mass":6.3228586948},{"country_iso":"PRI","city_id":902,"log_pop":4.0544113068,"log_mass":6.4297316503},{"country_iso":"PRI","city_id":902,"log_pop":3.6356082147,"log_mass":6.2646146012},{"country_iso":"PRI","city_id":902,"log_pop":3.9698741961,"log_mass":6.5504526715},{"country_iso":"PRI","city_id":902,"log_pop":4.2205733674,"log_mass":6.5204830461},{"country_iso":"PRI","city_id":902,"log_pop":4.1081449121,"log_mass":6.3797533578},{"country_iso":"PRI","city_id":902,"log_pop":4.139477997,"log_mass":6.3509131915},{"country_iso":"PRI","city_id":902,"log_pop":3.8985051513,"log_mass":6.1191127429},{"country_iso":"PRI","city_id":902,"log_pop":3.9035474894,"log_mass":6.2260222657},{"country_iso":"PRI","city_id":902,"log_pop":3.525595812,"log_mass":5.888494261},{"country_iso":"PRI","city_id":902,"log_pop":4.0984751618,"log_mass":6.3858895433},{"country_iso":"PRI","city_id":902,"log_pop":3.8766365536,"log_mass":6.1472149516},{"country_iso":"PRI","city_id":902,"log_pop":3.7104586417,"log_mass":6.0912748488},{"country_iso":"PRI","city_id":902,"log_pop":3.813059414,"log_mass":6.3367175547},{"country_iso":"PRI","city_id":902,"log_pop":4.155788524,"log_mass":6.3984471765},{"country_iso":"PRI","city_id":902,"log_pop":3.7423081745,"log_mass":6.104775553},{"country_iso":"PRI","city_id":902,"log_pop":3.9233527898,"log_mass":6.3054176443},{"country_iso":"PRI","city_id":902,"log_pop":3.6595427989,"log_mass":6.2994452111},{"country_iso":"PRI","city_id":902,"log_pop":4.0913224223,"log_mass":6.4319880421},{"country_iso":"PRI","city_id":902,"log_pop":3.9194361129,"log_mass":6.2249837817},{"country_iso":"PRI","city_id":902,"log_pop":3.841774011,"log_mass":6.2597612315},{"country_iso":"PRI","city_id":902,"log_pop":3.7201721349,"log_mass":6.2126426351},{"country_iso":"PRI","city_id":902,"log_pop":3.488577598,"log_mass":5.7766348026},{"country_iso":"PRI","city_id":902,"log_pop":2.9639281952,"log_mass":5.4887639867},{"country_iso":"PRI","city_id":902,"log_pop":3.721762053,"log_mass":6.384167169},{"country_iso":"PRI","city_id":902,"log_pop":3.9206520421,"log_mass":6.3837153059},{"country_iso":"PRI","city_id":902,"log_pop":3.9166405284,"log_mass":6.3266664867},{"country_iso":"PRI","city_id":902,"log_pop":4.034262571,"log_mass":6.1119530634},{"country_iso":"PRI","city_id":902,"log_pop":3.5137517518,"log_mass":5.924537118},{"country_iso":"PRI","city_id":902,"log_pop":4.2769925577,"log_mass":6.5054553637},{"country_iso":"PRI","city_id":902,"log_pop":4.3167290698,"log_mass":6.3597990151},{"country_iso":"PRI","city_id":902,"log_pop":3.5096822778,"log_mass":6.0442448468},{"country_iso":"PRI","city_id":902,"log_pop":3.6701423938,"log_mass":5.7595997385},{"country_iso":"PRI","city_id":902,"log_pop":4.0770671733,"log_mass":6.3261073045},{"country_iso":"PRI","city_id":902,"log_pop":4.2041689149,"log_mass":6.3537606424},{"country_iso":"PRI","city_id":902,"log_pop":4.1648019339,"log_mass":6.3883776653},{"country_iso":"PRI","city_id":902,"log_pop":3.5722340327,"log_mass":6.2207822734},{"country_iso":"PRI","city_id":902,"log_pop":3.3705453033,"log_mass":6.0877198191},{"country_iso":"PRI","city_id":902,"log_pop":3.5704778058,"log_mass":5.6807699248},{"country_iso":"PRI","city_id":902,"log_pop":0.3016395491,"log_mass":5.7405816946},{"country_iso":"PRI","city_id":902,"log_pop":1.734697376,"log_mass":5.9124856517},{"country_iso":"PRI","city_id":902,"log_pop":3.7188890215,"log_mass":6.2867771867},{"country_iso":"PRI","city_id":902,"log_pop":3.3756959684,"log_mass":6.2250856315},{"country_iso":"PRI","city_id":902,"log_pop":3.4078787904,"log_mass":6.2535630604},{"country_iso":"PRI","city_id":902,"log_pop":4.0761065309,"log_mass":6.5446931872},{"country_iso":"PRI","city_id":902,"log_pop":3.333167479,"log_mass":5.7162465649},{"country_iso":"PRI","city_id":896,"log_pop":0.6499907397,"log_mass":5.8185346155},{"country_iso":"PRI","city_id":896,"log_pop":3.633072705,"log_mass":6.1897004043},{"country_iso":"PRI","city_id":896,"log_pop":2.9374388105,"log_mass":5.4905232098},{"country_iso":"PRI","city_id":896,"log_pop":3.5078880389,"log_mass":5.9237976499},{"country_iso":"PRI","city_id":896,"log_pop":2.3001139748,"log_mass":5.1960436893},{"country_iso":"PRI","city_id":896,"log_pop":3.5802799318,"log_mass":6.0284509128},{"country_iso":"PRI","city_id":896,"log_pop":2.3387795322,"log_mass":5.1998935564},{"country_iso":"PRI","city_id":896,"log_pop":0.4305432175,"log_mass":4.8974832002},{"country_iso":"PRI","city_id":896,"log_pop":3.6562222147,"log_mass":5.8870138872},{"country_iso":"PRI","city_id":896,"log_pop":2.6199595498,"log_mass":4.9622518137},{"country_iso":"PRI","city_id":896,"log_pop":3.5161313681,"log_mass":5.8043418519},{"country_iso":"PRI","city_id":896,"log_pop":3.9105378373,"log_mass":6.3363836018},{"country_iso":"PRI","city_id":896,"log_pop":-0.1376638397,"log_mass":4.0672910297},{"country_iso":"PRI","city_id":896,"log_pop":3.8853537157,"log_mass":6.419347545},{"country_iso":"PRI","city_id":896,"log_pop":2.5902862629,"log_mass":5.4320374395},{"country_iso":"PRI","city_id":896,"log_pop":3.4510556459,"log_mass":5.9346022949},{"country_iso":"PRI","city_id":896,"log_pop":2.8655568996,"log_mass":5.8169189439},{"country_iso":"PRI","city_id":896,"log_pop":4.0333084434,"log_mass":6.3360112989},{"country_iso":"PRI","city_id":896,"log_pop":3.6660165308,"log_mass":6.0500268283},{"country_iso":"PRI","city_id":896,"log_pop":3.848972502,"log_mass":6.1966396307},{"country_iso":"PRI","city_id":896,"log_pop":3.8480583111,"log_mass":6.3998739933},{"country_iso":"PRI","city_id":896,"log_pop":2.5988213206,"log_mass":5.5729273849},{"country_iso":"PRI","city_id":896,"log_pop":3.7204692047,"log_mass":6.2016005795},{"country_iso":"PRI","city_id":896,"log_pop":2.9634685274,"log_mass":5.7383721944},{"country_iso":"PRI","city_id":896,"log_pop":4.0449745063,"log_mass":6.3030428149},{"country_iso":"PRI","city_id":896,"log_pop":2.6563719459,"log_mass":4.9734704322},{"country_iso":"PRI","city_id":905,"log_pop":0.4441047871,"log_mass":3.0590680102},{"country_iso":"PRI","city_id":905,"log_pop":3.8845850291,"log_mass":6.1300188254},{"country_iso":"PRI","city_id":905,"log_pop":2.9745345174,"log_mass":5.2256989914},{"country_iso":"PRI","city_id":905,"log_pop":3.0868246726,"log_mass":5.3886649616},{"country_iso":"PRI","city_id":905,"log_pop":3.8406615571,"log_mass":6.3537257708},{"country_iso":"PRI","city_id":905,"log_pop":4.0790882072,"log_mass":6.3635415185},{"country_iso":"PRI","city_id":905,"log_pop":3.904117429,"log_mass":6.142949251},{"country_iso":"PRI","city_id":905,"log_pop":4.0775943658,"log_mass":6.3940650084},{"country_iso":"PRI","city_id":905,"log_pop":3.7529604294,"log_mass":6.1472805419},{"country_iso":"PRI","city_id":905,"log_pop":3.5767293225,"log_mass":6.0797773025},{"country_iso":"PRI","city_id":905,"log_pop":3.2892983504,"log_mass":5.5650230303},{"country_iso":"PRI","city_id":905,"log_pop":1.684664189,"log_mass":3.6792960264},{"country_iso":"PRI","city_id":905,"log_pop":3.3078176109,"log_mass":5.5520358684},{"country_iso":"PRI","city_id":905,"log_pop":3.2935255572,"log_mass":5.5714248969},{"country_iso":"PRI","city_id":905,"log_pop":2.8021393265,"log_mass":5.0931553407},{"country_iso":"PRI","city_id":905,"log_pop":3.8458604739,"log_mass":6.1144229796},{"country_iso":"PRI","city_id":905,"log_pop":3.0265201328,"log_mass":5.2297976602},{"country_iso":"PRI","city_id":905,"log_pop":3.4086438291,"log_mass":5.8484542124},{"country_iso":"PRI","city_id":905,"log_pop":3.4309912352,"log_mass":6.1073514253},{"country_iso":"PRI","city_id":905,"log_pop":2.1554784891,"log_mass":4.940122404},{"country_iso":"PRI","city_id":905,"log_pop":3.047485527,"log_mass":5.3427413615}]