[{"country_iso": "AUT", "city_id": 3027, "log_pop": 3.169079, "log_mass": 5.651856}, {"country_iso": "AUT", "city_id": 3000, "log_pop": 3.984204, "log_mass": 6.502801}, {"country_iso": "AUT", "city_id": 2788, "log_pop": 3.441439, "log_mass": 5.992775}, {"country_iso": "AUT", "city_id": 3027, "log_pop": 3.697335, "log_mass": 6.029607}, {"country_iso": "AUT", "city_id": 2936, "log_pop": 1.358629, "log_mass": 3.995102}, {"country_iso": "AUT", "city_id": 3027, "log_pop": 2.417838, "log_mass": 4.612087}, {"country_iso": "AUT", "city_id": 3027, "log_pop": 2.962519, "log_mass": 5.405209}, {"country_iso": "AUT", "city_id": 3027, "log_pop": 4.397767, "log_mass": 6.821731}, {"country_iso": "AUT", "city_id": 3027, "log_pop": 4.311996, "log_mass": 6.723102}, {"country_iso": "AUT", "city_id": 3027, "log_pop": 3.73568, "log_mass": 6.184442}, {"country_iso": "AUT", "city_id": 3027, "log_pop": 4.512117, "log_mass": 7.115266}, {"country_iso": "AUT", "city_id": 2788, "log_pop": 3.771811, "log_mass": 6.349257}, {"country_iso": "AUT", "city_id": 3027, "log_pop": 2.870367, "log_mass": 5.632925}, {"country_iso": "AUT", "city_id": 2885, "log_pop": 2.986384, "log_mass": 5.950732}, {"country_iso": "AUT", "city_id": 3000, "log_pop": 3.361389, "log_mass": 6.141999}, {"country_iso": "AUT", "city_id": 3027, "log_pop": 3.333991, "log_mass": 5.904558}, {"country_iso": "AUT", "city_id": 2936, "log_pop": 3.776747, "log_mass": 6.408596}, {"country_iso": "AUT", "city_id": 3000, "log_pop": 2.5673, "log_mass": 4.966528}, {"country_iso": "AUT", "city_id": 3027, "log_pop": 3.468066, "log_mass": 5.735616}, {"country_iso": "AUT", "city_id": 2936, "log_pop": 3.870745, "log_mass": 6.62188}, {"country_iso": "AUT", "city_id": 2788, "log_pop": 3.902156, "log_mass": 6.328947}, {"country_iso": "AUT", "city_id": 3027, "log_pop": 4.303821, "log_mass": 6.552546}, {"country_iso": "AUT", "city_id": 2936, "log_pop": 1.685244, "log_mass": 4.169102}, {"country_iso": "AUT", "city_id": 3000, "log_pop": 3.782004, "log_mass": 6.243589}, {"country_iso": "AUT", "city_id": 3027, "log_pop": 3.574825, "log_mass": 5.839055}, {"country_iso": "AUT", "city_id": 3027, "log_pop": 3.627464, "log_mass": 5.995617}, {"country_iso": "AUT", "city_id": 3027, "log_pop": 3.367544, "log_mass": 6.39708}, {"country_iso": "AUT", "city_id": 3027, "log_pop": 3.659317, "log_mass": 6.114923}, {"country_iso": "AUT", "city_id": 2936, "log_pop": 4.150587, "log_mass": 6.916551}, {"country_iso": "AUT", "city_id": 3027, "log_pop": 2.744044, "log_mass": 5.918062}, {"country_iso": "AUT", "city_id": 3027, "log_pop": 3.455466, "log_mass": 6.683952}, {"country_iso": "AUT", "city_id": 2936, "log_pop": 3.019746, "log_mass": 6.031018}, {"country_iso": "AUT", "city_id": 3027, "log_pop": 4.463541, "log_mass": 7.004633}, {"country_iso": "AUT", "city_id": 2936, "log_pop": 3.351713, "log_mass": 5.836811}, {"country_iso": "AUT", "city_id": 3027, "log_pop": 3.862672, "log_mass": 6.60397}, {"country_iso": "AUT", "city_id": 3000, "log_pop": 4.113343, "log_mass": 6.744164}, {"country_iso": "AUT", "city_id": 2885, "log_pop": 3.541024, "log_mass": 6.203759}, {"country_iso": "AUT", "city_id": 3027, "log_pop": 3.166551, "log_mass": 5.892682}, {"country_iso": "AUT", "city_id": 3027, "log_pop": 4.192836, "log_mass": 6.49499}, {"country_iso": "AUT", "city_id": 3000, "log_pop": 2.231754, "log_mass": 4.774907}, {"country_iso": "AUT", "city_id": 3027, "log_pop": 3.040207, "log_mass": 5.917337}, {"country_iso": "AUT", "city_id": 3000, "log_pop": 4.092725, "log_mass": 6.576648}, {"country_iso": "AUT", "city_id": 3027, "log_pop": 4.411649, "log_mass": 6.751413}, {"country_iso": "AUT", "city_id": 3027, "log_pop": 4.098941, "log_mass": 6.364169}, {"country_iso": "AUT", "city_id": 3027, "log_pop": 4.468024, "log_mass": 6.976496}, {"country_iso": "AUT", "city_id": 3027, "log_pop": 4.254001, "log_mass": 6.578002}, {"country_iso": "AUT", "city_id": 3027, "log_pop": 4.527654, "log_mass": 6.982015}, {"country_iso": "AUT", "city_id": 3000, "log_pop": 3.573885, "log_mass": 6.070401}, {"country_iso": "AUT", "city_id": 3027, "log_pop": 4.243756, "log_mass": 6.612434}, {"country_iso": "AUT", "city_id": 3027, "log_pop": 4.251206, "log_mass": 6.528277}, {"country_iso": "AUT", "city_id": 3027, "log_pop": 2.538911, "log_mass": 5.746485}, {"country_iso": "AUT", "city_id": 2788, "log_pop": 1.806842, "log_mass": 4.353645}, {"country_iso": "AUT", "city_id": 3027, "log_pop": 3.30027, "log_mass": 6.179132}, {"country_iso": "AUT", "city_id": 3027, "log_pop": 4.51574, "log_mass": 7.136801}, {"country_iso": "AUT", "city_id": 3000, "log_pop": 4.159541, "log_mass": 6.747132}, {"country_iso": "AUT", "city_id": 2885, "log_pop": 3.421099, "log_mass": 6.271669}, {"country_iso": "AUT", "city_id": 2936, "log_pop": 3.798986, "log_mass": 6.611237}, {"country_iso": "AUT", "city_id": 3027, "log_pop": 4.431851, "log_mass": 6.748599}, {"country_iso": "AUT", "city_id": 2788, "log_pop": 2.521447, "log_mass": 5.278015}, {"country_iso": "AUT", "city_id": 3000, "log_pop": 3.885585, "log_mass": 6.553022}, {"country_iso": "AUT", "city_id": 2788, "log_pop": 3.128607, "log_mass": 5.679154}, {"country_iso": "AUT", "city_id": 2885, "log_pop": 3.728775, "log_mass": 6.284497}, {"country_iso": "AUT", "city_id": 3027, "log_pop": 4.387542, "log_mass": 6.635531}, {"country_iso": "AUT", "city_id": 3027, "log_pop": 2.664455, "log_mass": 5.697199}, {"country_iso": "AUT", "city_id": 3000, "log_pop": 2.674431, "log_mass": 5.512278}, {"country_iso": "AUT", "city_id": 3027, "log_pop": 4.232, "log_mass": 6.499728}, {"country_iso": "AUT", "city_id": 3027, "log_pop": 2.295906, "log_mass": 5.062865}, {"country_iso": "AUT", "city_id": 3027, "log_pop": 4.485021, "log_mass": 6.863196}, {"country_iso": "AUT", "city_id": 3027, "log_pop": 4.505697, "log_mass": 6.774086}, {"country_iso": "AUT", "city_id": 3027, "log_pop": 4.241711, "log_mass": 6.531336}, {"country_iso": "AUT", "city_id": 3027, "log_pop": 4.301094, "log_mass": 6.619064}, {"country_iso": "AUT", "city_id": 2885, "log_pop": 3.557854, "log_mass": 6.091505}, {"country_iso": "AUT", "city_id": 2936, "log_pop": 4.030994, "log_mass": 6.641656}, {"country_iso": "AUT", "city_id": 3027, "log_pop": 4.205473, "log_mass": 6.488019}, {"country_iso": "AUT", "city_id": 3000, "log_pop": 3.154444, "log_mass": 5.876694}, {"country_iso": "AUT", "city_id": 3027, "log_pop": 4.487235, "log_mass": 6.954974}, {"country_iso": "AUT", "city_id": 3027, "log_pop": 3.726852, "log_mass": 6.044047}, {"country_iso": "AUT", "city_id": 3000, "log_pop": 4.18885, "log_mass": 6.843499}, {"country_iso": "AUT", "city_id": 3027, "log_pop": 3.672429, "log_mass": 6.050684}, {"country_iso": "AUT", "city_id": 2936, "log_pop": 4.176236, "log_mass": 6.910884}, {"country_iso": "AUT", "city_id": 3027, "log_pop": 3.652507, "log_mass": 6.03625}, {"country_iso": "AUT", "city_id": 3027, "log_pop": 4.450404, "log_mass": 6.703209}, {"country_iso": "AUT", "city_id": 3027, "log_pop": 3.822144, "log_mass": 6.04386}, {"country_iso": "AUT", "city_id": 3027, "log_pop": 4.446441, "log_mass": 6.782474}, {"country_iso": "AUT", "city_id": 2936, "log_pop": 4.032627, "log_mass": 6.536898}, {"country_iso": "AUT", "city_id": 3027, "log_pop": 2.023422, "log_mass": 4.944012}, {"country_iso": "AUT", "city_id": 2936, "log_pop": 2.483787, "log_mass": 5.060355}, {"country_iso": "AUT", "city_id": 3027, "log_pop": 1.885884, "log_mass": 4.795848}, {"country_iso": "AUT", "city_id": 3027, "log_pop": 4.463187, "log_mass": 7.112663}, {"country_iso": "AUT", "city_id": 3027, "log_pop": 3.890339, "log_mass": 6.581616}, {"country_iso": "AUT", "city_id": 3000, "log_pop": 2.929946, "log_mass": 5.618684}, {"country_iso": "AUT", "city_id": 2885, "log_pop": 3.517001, "log_mass": 6.04937}, {"country_iso": "AUT", "city_id": 3000, "log_pop": 4.209886, "log_mass": 7.043622}, {"country_iso": "AUT", "city_id": 3000, "log_pop": 3.999403, "log_mass": 6.473392}, {"country_iso": "AUT", "city_id": 2936, "log_pop": 3.642084, "log_mass": 6.251721}, {"country_iso": "AUT", "city_id": 2936, "log_pop": 1.468363, "log_mass": 4.493254}, {"country_iso": "AUT", "city_id": 3027, "log_pop": 2.538766, "log_mass": 5.081593}, {"country_iso": "AUT", "city_id": 3027, "log_pop": 4.219176, "log_mass": 6.487809}, {"country_iso": "AUT", "city_id": 3027, "log_pop": 4.487152, "log_mass": 6.983725}, {"country_iso": "AUT", "city_id": 3027, "log_pop": 4.391075, "log_mass": 6.608188}, {"country_iso": "AUT", "city_id": 3027, "log_pop": 2.69701, "log_mass": 5.089451}, {"country_iso": "AUT", "city_id": 3027, "log_pop": 3.579814, "log_mass": 5.80708}, {"country_iso": "AUT", "city_id": 3000, "log_pop": 4.226537, "log_mass": 6.62541}, {"country_iso": "AUT", "city_id": 3027, "log_pop": 3.993825, "log_mass": 6.638116}, {"country_iso": "AUT", "city_id": 3027, "log_pop": 2.684956, "log_mass": 5.011872}, {"country_iso": "AUT", "city_id": 3027, "log_pop": 2.722691, "log_mass": 5.859651}, {"country_iso": "AUT", "city_id": 2885, "log_pop": 3.894628, "log_mass": 6.387589}, {"country_iso": "AUT", "city_id": 2936, "log_pop": 3.596369, "log_mass": 6.248062}, {"country_iso": "AUT", "city_id": 3000, "log_pop": 3.794351, "log_mass": 6.281372}, {"country_iso": "AUT", "city_id": 3027, "log_pop": 4.489416, "log_mass": 6.852447}, {"country_iso": "AUT", "city_id": 2936, "log_pop": 2.100278, "log_mass": 4.9795}, {"country_iso": "AUT", "city_id": 2885, "log_pop": 1.776389, "log_mass": 4.077783}, {"country_iso": "AUT", "city_id": 3027, "log_pop": 3.831807, "log_mass": 6.411908}, {"country_iso": "AUT", "city_id": 3027, "log_pop": 2.895064, "log_mass": 5.822045}, {"country_iso": "AUT", "city_id": 3000, "log_pop": 2.998305, "log_mass": 5.453747}, {"country_iso": "AUT", "city_id": 3000, "log_pop": 3.159322, "log_mass": 6.011559}, {"country_iso": "AUT", "city_id": 3027, "log_pop": 4.459921, "log_mass": 6.72558}, {"country_iso": "AUT", "city_id": 2936, "log_pop": 4.052699, "log_mass": 6.992787}, {"country_iso": "AUT", "city_id": 3027, "log_pop": 3.921372, "log_mass": 6.659073}, {"country_iso": "AUT", "city_id": 2885, "log_pop": 4.112828, "log_mass": 6.836633}, {"country_iso": "AUT", "city_id": 3027, "log_pop": 4.424193, "log_mass": 6.704047}, {"country_iso": "AUT", "city_id": 3027, "log_pop": 4.390018, "log_mass": 6.684852}, {"country_iso": "AUT", "city_id": 3027, "log_pop": 4.348523, "log_mass": 6.714944}, {"country_iso": "AUT", "city_id": 2936, "log_pop": 3.238098, "log_mass": 5.958401}, {"country_iso": "AUT", "city_id": 3027, "log_pop": 3.711547, "log_mass": 6.320736}, {"country_iso": "AUT", "city_id": 2788, "log_pop": 4.182662, "log_mass": 6.921935}, {"country_iso": "AUT", "city_id": 3027, "log_pop": 3.556197, "log_mass": 6.144334}, {"country_iso": "AUT", "city_id": 2885, "log_pop": 2.76806, "log_mass": 5.441788}, {"country_iso": "AUT", "city_id": 3000, "log_pop": 3.682077, "log_mass": 6.120077}, {"country_iso": "AUT", "city_id": 3027, "log_pop": 4.078655, "log_mass": 6.283701}, {"country_iso": "AUT", "city_id": 3000, "log_pop": 3.150969, "log_mass": 5.543272}, {"country_iso": "AUT", "city_id": 3027, "log_pop": 3.434009, "log_mass": 6.299202}, {"country_iso": "AUT", "city_id": 3027, "log_pop": 4.438553, "log_mass": 6.772779}, {"country_iso": "AUT", "city_id": 3027, "log_pop": 4.310864, "log_mass": 6.790519}, {"country_iso": "AUT", "city_id": 3027, "log_pop": 4.397275, "log_mass": 6.618666}, {"country_iso": "AUT", "city_id": 2788, "log_pop": 3.688157, "log_mass": 6.325813}, {"country_iso": "AUT", "city_id": 2788, "log_pop": 3.30582, "log_mass": 5.784238}, {"country_iso": "AUT", "city_id": 3027, "log_pop": 4.128968, "log_mass": 6.379945}, {"country_iso": "AUT", "city_id": 3027, "log_pop": 2.460608, "log_mass": 4.825995}, {"country_iso": "AUT", "city_id": 3027, "log_pop": 1.591046, "log_mass": 3.917504}, {"country_iso": "AUT", "city_id": 3027, "log_pop": 3.418257, "log_mass": 6.46434}, {"country_iso": "AUT", "city_id": 2788, "log_pop": 2.415675, "log_mass": 4.810969}, {"country_iso": "AUT", "city_id": 3027, "log_pop": 4.528091, "log_mass": 7.162415}, {"country_iso": "AUT", "city_id": 3027, "log_pop": 4.051752, "log_mass": 6.358512}, {"country_iso": "AUT", "city_id": 3027, "log_pop": 0.195992, "log_mass": 3.831739}, {"country_iso": "AUT", "city_id": 2788, "log_pop": 4.186897, "log_mass": 6.709409}, {"country_iso": "AUT", "city_id": 3027, "log_pop": 4.516592, "log_mass": 7.185706}, {"country_iso": "AUT", "city_id": 2936, "log_pop": 3.883345, "log_mass": 6.406191}, {"country_iso": "AUT", "city_id": 2885, "log_pop": 3.835516, "log_mass": 6.306574}, {"country_iso": "AUT", "city_id": 3027, "log_pop": 3.902739, "log_mass": 6.681192}, {"country_iso": "AUT", "city_id": 2936, "log_pop": 3.83748, "log_mass": 6.473365}, {"country_iso": "AUT", "city_id": 3027, "log_pop": 4.296839, "log_mass": 6.695824}, {"country_iso": "AUT", "city_id": 3000, "log_pop": 2.81438, "log_mass": 5.430892}, {"country_iso": "AUT", "city_id": 2885, "log_pop": 3.276155, "log_mass": 5.726437}, {"country_iso": "AUT", "city_id": 3027, "log_pop": 3.168111, "log_mass": 5.958096}, {"country_iso": "AUT", "city_id": 3000, "log_pop": 4.075937, "log_mass": 6.566152}, {"country_iso": "AUT", "city_id": 3027, "log_pop": 3.636505, "log_mass": 5.833052}, {"country_iso": "AUT", "city_id": 3027, "log_pop": 4.033808, "log_mass": 6.445185}, {"country_iso": "AUT", "city_id": 2936, "log_pop": 3.473718, "log_mass": 6.137493}, {"country_iso": "AUT", "city_id": 2885, "log_pop": 2.490961, "log_mass": 5.288577}, {"country_iso": "AUT", "city_id": 3027, "log_pop": 3.96336, "log_mass": 6.288166}, {"country_iso": "AUT", "city_id": 3000, "log_pop": 3.470498, "log_mass": 6.276731}, {"country_iso": "AUT", "city_id": 2788, "log_pop": 3.125884, "log_mass": 5.543488}, {"country_iso": "AUT", "city_id": 2885, "log_pop": 4.119752, "log_mass": 6.652263}, {"country_iso": "AUT", "city_id": 3027, "log_pop": 2.788405, "log_mass": 5.658991}, {"country_iso": "AUT", "city_id": 2936, "log_pop": 3.405072, "log_mass": 6.179232}, {"country_iso": "AUT", "city_id": 2936, "log_pop": 3.252525, "log_mass": 5.901598}, {"country_iso": "AUT", "city_id": 3027, "log_pop": 4.478616, "log_mass": 6.745576}, {"country_iso": "AUT", "city_id": 2936, "log_pop": 4.161754, "log_mass": 6.811263}, {"country_iso": "AUT", "city_id": 3027, "log_pop": 4.218588, "log_mass": 6.563906}, {"country_iso": "AUT", "city_id": 3027, "log_pop": 4.210998, "log_mass": 6.591005}, {"country_iso": "AUT", "city_id": 3027, "log_pop": 4.059574, "log_mass": 6.386435}, {"country_iso": "AUT", "city_id": 3027, "log_pop": 3.398547, "log_mass": 5.464442}, {"country_iso": "AUT", "city_id": 3027, "log_pop": 1.276085, "log_mass": 4.889461}, {"country_iso": "AUT", "city_id": 3027, "log_pop": 4.223612, "log_mass": 6.594816}, {"country_iso": "AUT", "city_id": 2885, "log_pop": 3.835296, "log_mass": 6.357671}, {"country_iso": "AUT", "city_id": 3027, "log_pop": 4.38473, "log_mass": 6.693186}, {"country_iso": "AUT", "city_id": 3027, "log_pop": 2.666932, "log_mass": 5.723235}, {"country_iso": "AUT", "city_id": 3027, "log_pop": 4.300513, "log_mass": 6.813545}, {"country_iso": "AUT", "city_id": 3027, "log_pop": 1.179056, "log_mass": 4.668282}, {"country_iso": "AUT", "city_id": 3027, "log_pop": 3.818586, "log_mass": 6.151697}, {"country_iso": "AUT", "city_id": 2885, "log_pop": 3.31628, "log_mass": 5.82825}, {"country_iso": "AUT", "city_id": 3027, "log_pop": 3.691865, "log_mass": 5.973192}]