[{"country_iso":"BRN","city_id":12715,"log_pop":2.8434954444,"log_mass":5.5884987141},{"country_iso":"BRN","city_id":12715,"log_pop":1.2724529375,"log_mass":4.3729497297},{"country_iso":"BRN","city_id":12715,"log_pop":2.7086329385,"log_mass":5.4923092652},{"country_iso":"BRN","city_id":12715,"log_pop":3.6277348872,"log_mass":6.0350731349},{"country_iso":"BRN","city_id":12715,"log_pop":2.1107856632,"log_mass":4.8987515948},{"country_iso":"BRN","city_id":12715,"log_pop":3.4207743976,"log_mass":6.0790658586},{"country_iso":"BRN","city_id":12715,"log_pop":3.5865702573,"log_mass":6.280828027},{"country_iso":"BRN","city_id":12715,"log_pop":2.3731432737,"log_mass":5.0075111555},{"country_iso":"BRN","city_id":12715,"log_pop":2.7729040477,"log_mass":5.2951494803},{"country_iso":"BRN","city_id":12715,"log_pop":2.9074723268,"log_mass":5.6902082708}]