[{"country_iso": "URY", "city_id": 1138, "log_pop": 3.985882, "log_mass": 6.516279}, {"country_iso": "URY", "city_id": 1146, "log_pop": 3.296419, "log_mass": 5.782118}, {"country_iso": "URY", "city_id": 1163, "log_pop": 1.952183, "log_mass": 4.990068}, {"country_iso": "URY", "city_id": 1138, "log_pop": 3.680971, "log_mass": 5.98692}, {"country_iso": "URY", "city_id": 1138, "log_pop": 4.421754, "log_mass": 6.560175}, {"country_iso": "URY", "city_id": 1137, "log_pop": 3.93266, "log_mass": 6.155727}, {"country_iso": "URY", "city_id": 1146, "log_pop": 3.724671, "log_mass": 6.232867}, {"country_iso": "URY", "city_id": 1138, "log_pop": 4.159053, "log_mass": 6.315033}, {"country_iso": "URY", "city_id": 1138, "log_pop": 4.27828, "log_mass": 6.451886}, {"country_iso": "URY", "city_id": 1098, "log_pop": 3.557148, "log_mass": 5.734611}, {"country_iso": "URY", "city_id": 1138, "log_pop": 4.140838, "log_mass": 6.30163}, {"country_iso": "URY", "city_id": 1138, "log_pop": 3.585445, "log_mass": 5.892118}, {"country_iso": "URY", "city_id": 1163, "log_pop": 3.836866, "log_mass": 6.057938}, {"country_iso": "URY", "city_id": 1137, "log_pop": 3.898806, "log_mass": 6.114923}, {"country_iso": "URY", "city_id": 1138, "log_pop": 4.506172, "log_mass": 6.40752}, {"country_iso": "URY", "city_id": 1137, "log_pop": 3.130455, "log_mass": 5.231878}, {"country_iso": "URY", "city_id": 1137, "log_pop": 3.386983, "log_mass": 5.807988}, {"country_iso": "URY", "city_id": 1138, "log_pop": 3.740141, "log_mass": 6.284121}, {"country_iso": "URY", "city_id": 1138, "log_pop": 4.54244, "log_mass": 6.59752}, {"country_iso": "URY", "city_id": 1138, "log_pop": 4.076776, "log_mass": 6.375785}, {"country_iso": "URY", "city_id": 1138, "log_pop": 4.275436, "log_mass": 6.319812}, {"country_iso": "URY", "city_id": 1138, "log_pop": 4.553752, "log_mass": 6.703288}, {"country_iso": "URY", "city_id": 1138, "log_pop": 3.624095, "log_mass": 6.107687}, {"country_iso": "URY", "city_id": 1138, "log_pop": 2.910577, "log_mass": 5.447851}, {"country_iso": "URY", "city_id": 1146, "log_pop": 3.031268, "log_mass": 5.588092}, {"country_iso": "URY", "city_id": 1138, "log_pop": 3.85789, "log_mass": 6.108482}, {"country_iso": "URY", "city_id": 1137, "log_pop": 3.508398, "log_mass": 5.808456}, {"country_iso": "URY", "city_id": 1138, "log_pop": 4.437849, "log_mass": 6.533844}, {"country_iso": "URY", "city_id": 1138, "log_pop": 4.168798, "log_mass": 6.296123}, {"country_iso": "URY", "city_id": 1098, "log_pop": 3.769777, "log_mass": 6.094393}, {"country_iso": "URY", "city_id": 1163, "log_pop": 2.644791, "log_mass": 5.512295}, {"country_iso": "URY", "city_id": 1138, "log_pop": 3.750279, "log_mass": 5.937118}, {"country_iso": "URY", "city_id": 1138, "log_pop": 4.353109, "log_mass": 6.535205}, {"country_iso": "URY", "city_id": 1138, "log_pop": 2.924339, "log_mass": 5.56268}, {"country_iso": "URY", "city_id": 1098, "log_pop": 1.9808, "log_mass": 4.419576}, {"country_iso": "URY", "city_id": 1138, "log_pop": 4.524169, "log_mass": 6.677814}, {"country_iso": "URY", "city_id": 1138, "log_pop": 3.992919, "log_mass": 6.098267}, {"country_iso": "URY", "city_id": 1163, "log_pop": 2.945345, "log_mass": 5.392641}, {"country_iso": "URY", "city_id": 1138, "log_pop": 0.934244, "log_mass": 4.455284}, {"country_iso": "URY", "city_id": 1137, "log_pop": 3.538878, "log_mass": 5.911712}, {"country_iso": "URY", "city_id": 1098, "log_pop": 3.308735, "log_mass": 5.445255}, {"country_iso": "URY", "city_id": 1138, "log_pop": 4.202678, "log_mass": 6.386369}, {"country_iso": "URY", "city_id": 1138, "log_pop": 4.319083, "log_mass": 6.5497}, {"country_iso": "URY", "city_id": 1163, "log_pop": 4.018351, "log_mass": 6.264513}, {"country_iso": "URY", "city_id": 1146, "log_pop": 3.825, "log_mass": 6.309644}, {"country_iso": "URY", "city_id": 1138, "log_pop": 3.606657, "log_mass": 5.73546}, {"country_iso": "URY", "city_id": 1163, "log_pop": 3.042303, "log_mass": 5.435003}, {"country_iso": "URY", "city_id": 1138, "log_pop": 4.261144, "log_mass": 6.489544}, {"country_iso": "URY", "city_id": 1098, "log_pop": 1.794037, "log_mass": 4.668937}, {"country_iso": "URY", "city_id": 1138, "log_pop": 3.285922, "log_mass": 5.915977}, {"country_iso": "URY", "city_id": 1137, "log_pop": 4.040546, "log_mass": 6.288359}, {"country_iso": "URY", "city_id": 1138, "log_pop": 3.683786, "log_mass": 5.746409}, {"country_iso": "URY", "city_id": 1138, "log_pop": 2.551129, "log_mass": 5.001407}, {"country_iso": "URY", "city_id": 1146, "log_pop": 3.36655, "log_mass": 5.964084}, {"country_iso": "URY", "city_id": 1138, "log_pop": 4.137509, "log_mass": 6.382998}, {"country_iso": "URY", "city_id": 1138, "log_pop": 2.682776, "log_mass": 4.998618}, {"country_iso": "URY", "city_id": 1138, "log_pop": 3.077078, "log_mass": 5.54763}, {"country_iso": "URY", "city_id": 1138, "log_pop": 2.927802, "log_mass": 5.91228}, {"country_iso": "URY", "city_id": 1138, "log_pop": 4.18365, "log_mass": 6.354519}, {"country_iso": "URY", "city_id": 1163, "log_pop": 4.080614, "log_mass": 6.05208}, {"country_iso": "URY", "city_id": 1138, "log_pop": 1.444734, "log_mass": 5.424408}, {"country_iso": "URY", "city_id": 1137, "log_pop": 3.823895, "log_mass": 6.069615}, {"country_iso": "URY", "city_id": 1138, "log_pop": 4.440766, "log_mass": 6.635379}, {"country_iso": "URY", "city_id": 1138, "log_pop": 3.895001, "log_mass": 6.177551}, {"country_iso": "URY", "city_id": 1137, "log_pop": 3.931681, "log_mass": 6.258642}, {"country_iso": "URY", "city_id": 1138, "log_pop": 4.190723, "log_mass": 6.35082}, {"country_iso": "URY", "city_id": 1146, "log_pop": 3.737075, "log_mass": 6.28792}, {"country_iso": "URY", "city_id": 1138, "log_pop": 2.136496, "log_mass": 4.381316}, {"country_iso": "URY", "city_id": 1138, "log_pop": 3.913794, "log_mass": 6.188199}, {"country_iso": "URY", "city_id": 1138, "log_pop": 4.404937, "log_mass": 6.53798}, {"country_iso": "URY", "city_id": 1138, "log_pop": 4.386423, "log_mass": 6.441288}, {"country_iso": "URY", "city_id": 1138, "log_pop": 3.475417, "log_mass": 5.872652}, {"country_iso": "URY", "city_id": 1146, "log_pop": 1.616505, "log_mass": 4.370063}, {"country_iso": "URY", "city_id": 1138, "log_pop": 4.763073, "log_mass": 6.791748}, {"country_iso": "URY", "city_id": 1146, "log_pop": 0.207914, "log_mass": 3.724671}, {"country_iso": "URY", "city_id": 1146, "log_pop": 1.308406, "log_mass": 3.784092}, {"country_iso": "URY", "city_id": 1098, "log_pop": 4.228703, "log_mass": 6.572883}, {"country_iso": "URY", "city_id": 1138, "log_pop": 4.463227, "log_mass": 6.509174}, {"country_iso": "URY", "city_id": 1138, "log_pop": 1.378307, "log_mass": 4.517808}, {"country_iso": "URY", "city_id": 1146, "log_pop": 1.638295, "log_mass": 4.161781}, {"country_iso": "URY", "city_id": 1138, "log_pop": 3.526958, "log_mass": 6.060631}, {"country_iso": "URY", "city_id": 1138, "log_pop": 3.74091, "log_mass": 6.282692}, {"country_iso": "URY", "city_id": 1146, "log_pop": 3.28092, "log_mass": 5.860482}, {"country_iso": "URY", "city_id": 1138, "log_pop": 4.166099, "log_mass": 6.311657}, {"country_iso": "URY", "city_id": 1138, "log_pop": 3.918154, "log_mass": 6.216781}, {"country_iso": "URY", "city_id": 1098, "log_pop": 4.152386, "log_mass": 6.451785}, {"country_iso": "URY", "city_id": 1138, "log_pop": 2.223627, "log_mass": 5.308625}, {"country_iso": "URY", "city_id": 1138, "log_pop": 3.805768, "log_mass": 6.114761}, {"country_iso": "URY", "city_id": 1138, "log_pop": 3.078915, "log_mass": 5.435555}, {"country_iso": "URY", "city_id": 1138, "log_pop": 4.141403, "log_mass": 6.35056}, {"country_iso": "URY", "city_id": 1138, "log_pop": 4.597407, "log_mass": 6.692647}, {"country_iso": "URY", "city_id": 1138, "log_pop": 1.876313, "log_mass": 5.078951}, {"country_iso": "URY", "city_id": 1138, "log_pop": 1.415908, "log_mass": 5.114406}, {"country_iso": "URY", "city_id": 1098, "log_pop": 3.876392, "log_mass": 6.251118}, {"country_iso": "URY", "city_id": 1137, "log_pop": 3.473128, "log_mass": 5.728198}, {"country_iso": "URY", "city_id": 1163, "log_pop": 3.71502, "log_mass": 6.134732}, {"country_iso": "URY", "city_id": 1146, "log_pop": 2.786416, "log_mass": 5.371295}, {"country_iso": "URY", "city_id": 1098, "log_pop": 2.977824, "log_mass": 5.35613}, {"country_iso": "URY", "city_id": 1137, "log_pop": 2.690333, "log_mass": 4.990505}, {"country_iso": "URY", "city_id": 1138, "log_pop": 1.772808, "log_mass": 4.826994}, {"country_iso": "URY", "city_id": 1138, "log_pop": 3.68999, "log_mass": 5.996249}, {"country_iso": "URY", "city_id": 1138, "log_pop": 3.318948, "log_mass": 5.4857}, {"country_iso": "URY", "city_id": 1098, "log_pop": 2.828411, "log_mass": 5.388496}, {"country_iso": "URY", "city_id": 1138, "log_pop": 4.274485, "log_mass": 6.416987}, {"country_iso": "URY", "city_id": 1138, "log_pop": 3.289023, "log_mass": 5.714552}, {"country_iso": "URY", "city_id": 1098, "log_pop": 3.52327, "log_mass": 5.691649}, {"country_iso": "URY", "city_id": 1146, "log_pop": 3.929458, "log_mass": 6.405647}, {"country_iso": "URY", "city_id": 1146, "log_pop": 3.09177, "log_mass": 5.634756}, {"country_iso": "URY", "city_id": 1137, "log_pop": 3.371778, "log_mass": 5.764991}, {"country_iso": "URY", "city_id": 1146, "log_pop": 3.88782, "log_mass": 6.41596}, {"country_iso": "URY", "city_id": 1138, "log_pop": 4.29211, "log_mass": 6.455044}, {"country_iso": "URY", "city_id": 1146, "log_pop": 1.454475, "log_mass": 3.877922}, {"country_iso": "URY", "city_id": 1138, "log_pop": 4.122888, "log_mass": 6.414006}, {"country_iso": "URY", "city_id": 1146, "log_pop": 3.655327, "log_mass": 6.202364}, {"country_iso": "URY", "city_id": 1163, "log_pop": 1.529851, "log_mass": 4.578242}, {"country_iso": "URY", "city_id": 1138, "log_pop": 3.540972, "log_mass": 6.018394}, {"country_iso": "URY", "city_id": 1146, "log_pop": 3.724637, "log_mass": 6.182158}, {"country_iso": "URY", "city_id": 1138, "log_pop": 3.961805, "log_mass": 6.1728}, {"country_iso": "URY", "city_id": 1138, "log_pop": 4.258669, "log_mass": 6.439501}, {"country_iso": "URY", "city_id": 1146, "log_pop": 3.702551, "log_mass": 6.222156}, {"country_iso": "URY", "city_id": 1138, "log_pop": 2.815006, "log_mass": 5.353545}, {"country_iso": "URY", "city_id": 1146, "log_pop": 2.578266, "log_mass": 5.249401}, {"country_iso": "URY", "city_id": 1138, "log_pop": 2.119248, "log_mass": 4.766219}, {"country_iso": "URY", "city_id": 1138, "log_pop": 4.527223, "log_mass": 6.677664}, {"country_iso": "URY", "city_id": 1137, "log_pop": 1.153514, "log_mass": 4.666449}, {"country_iso": "URY", "city_id": 1138, "log_pop": 3.051805, "log_mass": 5.339158}, {"country_iso": "URY", "city_id": 1138, "log_pop": 2.475553, "log_mass": 5.06238}, {"country_iso": "URY", "city_id": 1138, "log_pop": 4.261397, "log_mass": 6.506024}, {"country_iso": "URY", "city_id": 1163, "log_pop": 3.820113, "log_mass": 6.195258}, {"country_iso": "URY", "city_id": 1138, "log_pop": 3.796641, "log_mass": 6.246853}, {"country_iso": "URY", "city_id": 1163, "log_pop": 3.55414, "log_mass": 5.701906}, {"country_iso": "URY", "city_id": 1098, "log_pop": 2.478584, "log_mass": 5.030908}, {"country_iso": "URY", "city_id": 1146, "log_pop": 3.251606, "log_mass": 5.843218}, {"country_iso": "URY", "city_id": 1138, "log_pop": 3.309379, "log_mass": 5.865789}, {"country_iso": "URY", "city_id": 1138, "log_pop": 4.431075, "log_mass": 6.641705}, {"country_iso": "URY", "city_id": 1138, "log_pop": 3.630583, "log_mass": 5.986303}, {"country_iso": "URY", "city_id": 1138, "log_pop": 4.317466, "log_mass": 6.538015}, {"country_iso": "URY", "city_id": 1138, "log_pop": 4.210742, "log_mass": 6.459363}, {"country_iso": "URY", "city_id": 1138, "log_pop": 3.969373, "log_mass": 6.451347}, {"country_iso": "URY", "city_id": 1138, "log_pop": 4.032354, "log_mass": 6.425623}, {"country_iso": "URY", "city_id": 1163, "log_pop": 4.403388, "log_mass": 6.491667}, {"country_iso": "URY", "city_id": 1138, "log_pop": 3.30052, "log_mass": 5.813644}, {"country_iso": "URY", "city_id": 1146, "log_pop": 2.175681, "log_mass": 4.936727}, {"country_iso": "URY", "city_id": 1138, "log_pop": 4.544881, "log_mass": 6.673556}, {"country_iso": "URY", "city_id": 1137, "log_pop": 4.252566, "log_mass": 6.449649}, {"country_iso": "URY", "city_id": 1138, "log_pop": 2.599216, "log_mass": 4.978876}, {"country_iso": "URY", "city_id": 1138, "log_pop": 4.40272, "log_mass": 6.550874}]