[{"country_iso":"TCD","city_id":3186,"log_pop":1.2557878085,"log_mass":4.7465793765},{"country_iso":"TCD","city_id":3186,"log_pop":1.9794362149,"log_mass":4.2241693946},{"country_iso":"TCD","city_id":3186,"log_pop":2.6887842697,"log_mass":4.7360395818},{"country_iso":"TCD","city_id":3186,"log_pop":1.9481493549,"log_mass":4.2522250104},{"country_iso":"TCD","city_id":3186,"log_pop":4.0689170248,"log_mass":6.2183197149},{"country_iso":"TCD","city_id":3186,"log_pop":3.9885660616,"log_mass":6.294392665},{"country_iso":"TCD","city_id":3186,"log_pop":4.0138659838,"log_mass":6.2250125116},{"country_iso":"TCD","city_id":3186,"log_pop":3.940635839,"log_mass":6.3656553612},{"country_iso":"TCD","city_id":3186,"log_pop":2.4907699522,"log_mass":5.9686724928},{"country_iso":"TCD","city_id":3186,"log_pop":4.366877045,"log_mass":6.5679995345},{"country_iso":"TCD","city_id":3186,"log_pop":4.0286247206,"log_mass":6.5427421896},{"country_iso":"TCD","city_id":3186,"log_pop":3.8152243009,"log_mass":6.3072038447},{"country_iso":"TCD","city_id":3186,"log_pop":2.5446420228,"log_mass":6.0017303688},{"country_iso":"TCD","city_id":3186,"log_pop":4.3318376868,"log_mass":6.4919343752},{"country_iso":"TCD","city_id":3186,"log_pop":2.4903098619,"log_mass":4.837007403},{"country_iso":"TCD","city_id":3186,"log_pop":3.1243578331,"log_mass":5.4690455949},{"country_iso":"TCD","city_id":3186,"log_pop":3.0317157444,"log_mass":5.2318776548},{"country_iso":"TCD","city_id":3186,"log_pop":3.5703985132,"log_mass":5.8089687845},{"country_iso":"TCD","city_id":3186,"log_pop":3.5533633441,"log_mass":5.7934261543},{"country_iso":"TCD","city_id":3186,"log_pop":3.3127524098,"log_mass":5.9272234822},{"country_iso":"TCD","city_id":3186,"log_pop":2.492876079,"log_mass":5.9613219132},{"country_iso":"TCD","city_id":3186,"log_pop":-0.0971389347,"log_mass":3.8483833402},{"country_iso":"TCD","city_id":3186,"log_pop":2.3587440053,"log_mass":5.3466057287},{"country_iso":"TCD","city_id":3186,"log_pop":3.9333127076,"log_mass":6.1579637798},{"country_iso":"TCD","city_id":3186,"log_pop":3.0490951352,"log_mass":5.7108505878},{"country_iso":"TCD","city_id":3186,"log_pop":3.2950944324,"log_mass":5.964245566},{"country_iso":"TCD","city_id":3186,"log_pop":4.1571737656,"log_mass":6.2306447365},{"country_iso":"TCD","city_id":3186,"log_pop":3.9873854833,"log_mass":6.0020242507},{"country_iso":"TCD","city_id":3186,"log_pop":3.4681099083,"log_mass":5.3968758525},{"country_iso":"TCD","city_id":3186,"log_pop":3.9873786758,"log_mass":6.1264307864},{"country_iso":"TCD","city_id":3186,"log_pop":4.1821453642,"log_mass":6.3319396751},{"country_iso":"TCD","city_id":3186,"log_pop":3.6899815531,"log_mass":5.8000624846},{"country_iso":"TCD","city_id":3186,"log_pop":3.9299942693,"log_mass":6.1475163967},{"country_iso":"TCD","city_id":3186,"log_pop":4.3659897385,"log_mass":6.5884022836},{"country_iso":"TCD","city_id":3186,"log_pop":4.31381642,"log_mass":6.5262094211},{"country_iso":"TCD","city_id":3186,"log_pop":3.1492826701,"log_mass":5.5207518653},{"country_iso":"TCD","city_id":3186,"log_pop":1.1875284833,"log_mass":4.2201826068},{"country_iso":"TCD","city_id":3186,"log_pop":1.6735733014,"log_mass":4.7482742181},{"country_iso":"TCD","city_id":3186,"log_pop":2.8792050491,"log_mass":5.7191469282},{"country_iso":"TCD","city_id":3186,"log_pop":3.6576328474,"log_mass":6.2474787245},{"country_iso":"TCD","city_id":3186,"log_pop":3.6680729199,"log_mass":5.8931699662},{"country_iso":"TCD","city_id":3186,"log_pop":3.9378701746,"log_mass":6.0667943556},{"country_iso":"TCD","city_id":3186,"log_pop":2.7369231143,"log_mass":5.2737644689},{"country_iso":"TCD","city_id":3186,"log_pop":4.1347518969,"log_mass":6.2745414171},{"country_iso":"TCD","city_id":3186,"log_pop":4.3501888212,"log_mass":6.5110045366},{"country_iso":"TCD","city_id":3186,"log_pop":4.2058998952,"log_mass":6.3601412358},{"country_iso":"TCD","city_id":3186,"log_pop":4.3688435877,"log_mass":6.6072050046},{"country_iso":"TCD","city_id":3186,"log_pop":4.1804748697,"log_mass":6.3255475514},{"country_iso":"TCD","city_id":3186,"log_pop":4.072378199,"log_mass":6.3183628898},{"country_iso":"TCD","city_id":3186,"log_pop":3.844479543,"log_mass":5.8973731197},{"country_iso":"TCD","city_id":3186,"log_pop":3.8897014936,"log_mass":5.9274796096},{"country_iso":"TCD","city_id":3186,"log_pop":0.7365237317,"log_mass":3.9212936596},{"country_iso":"TCD","city_id":3245,"log_pop":2.3692139471,"log_mass":5.3529654144},{"country_iso":"TCD","city_id":3245,"log_pop":2.7974238507,"log_mass":5.8550568109},{"country_iso":"TCD","city_id":3245,"log_pop":1.2965470076,"log_mass":4.1225985867},{"country_iso":"TCD","city_id":3245,"log_pop":1.8508961511,"log_mass":4.6818795406},{"country_iso":"TCD","city_id":3245,"log_pop":3.2020113202,"log_mass":6.3891580041},{"country_iso":"TCD","city_id":3245,"log_pop":2.8419575453,"log_mass":5.9451633629},{"country_iso":"TCD","city_id":3245,"log_pop":2.84455748,"log_mass":6.0277312082},{"country_iso":"TCD","city_id":3245,"log_pop":2.3665502428,"log_mass":5.4150942038},{"country_iso":"TCD","city_id":3245,"log_pop":3.0203557127,"log_mass":6.1367840468},{"country_iso":"TCD","city_id":3352,"log_pop":2.1819414303,"log_mass":5.7483815845},{"country_iso":"TCD","city_id":3352,"log_pop":1.3106462785,"log_mass":4.9263978301},{"country_iso":"TCD","city_id":3352,"log_pop":2.1180013866,"log_mass":5.7400357248},{"country_iso":"TCD","city_id":3352,"log_pop":1.2050320345,"log_mass":4.7018200683},{"country_iso":"TCD","city_id":3352,"log_pop":1.8096618322,"log_mass":5.4784168378},{"country_iso":"TCD","city_id":3352,"log_pop":1.4830978887,"log_mass":5.0813992517},{"country_iso":"TCD","city_id":3422,"log_pop":0.8869654415,"log_mass":4.2318856304},{"country_iso":"TCD","city_id":3422,"log_pop":1.9355646594,"log_mass":5.3333969467},{"country_iso":"TCD","city_id":3422,"log_pop":2.0535297312,"log_mass":5.5826814089},{"country_iso":"TCD","city_id":3422,"log_pop":1.8271505952,"log_mass":5.3619402686},{"country_iso":"TCD","city_id":3422,"log_pop":1.5147043498,"log_mass":4.900532377},{"country_iso":"TCD","city_id":3422,"log_pop":2.5064358184,"log_mass":5.9066476524},{"country_iso":"TCD","city_id":3284,"log_pop":2.92667606,"log_mass":6.2181945186},{"country_iso":"TCD","city_id":3284,"log_pop":2.4132425113,"log_mass":5.58075083},{"country_iso":"TCD","city_id":3284,"log_pop":1.7427147855,"log_mass":5.0021030261},{"country_iso":"TCD","city_id":3284,"log_pop":2.3196678047,"log_mass":5.6262876737},{"country_iso":"TCD","city_id":3284,"log_pop":2.4515101964,"log_mass":5.5921938563},{"country_iso":"TCD","city_id":3284,"log_pop":1.3505518188,"log_mass":4.4711178696},{"country_iso":"TCD","city_id":3322,"log_pop":0.7138562299,"log_mass":4.6914724947},{"country_iso":"TCD","city_id":3322,"log_pop":1.9082063891,"log_mass":5.5414511104},{"country_iso":"TCD","city_id":3322,"log_pop":1.6617516765,"log_mass":5.4755611883},{"country_iso":"TCD","city_id":3322,"log_pop":-0.2830502002,"log_mass":3.609238617},{"country_iso":"TCD","city_id":3322,"log_pop":1.7639866614,"log_mass":5.4771791768},{"country_iso":"TCD","city_id":3283,"log_pop":1.5681393273,"log_mass":5.0925950687},{"country_iso":"TCD","city_id":3283,"log_pop":2.2942429394,"log_mass":5.8130920341},{"country_iso":"TCD","city_id":3283,"log_pop":1.5411078386,"log_mass":5.0443405007},{"country_iso":"TCD","city_id":3283,"log_pop":-0.8638758537,"log_mass":2.7788162665},{"country_iso":"TCD","city_id":3283,"log_pop":1.7508686751,"log_mass":5.3909617085},{"country_iso":"TCD","city_id":3142,"log_pop":0.483782423,"log_mass":3.5889888492},{"country_iso":"TCD","city_id":3142,"log_pop":0.5191340009,"log_mass":3.2227284866},{"country_iso":"TCD","city_id":3142,"log_pop":2.0907625052,"log_mass":5.535521597},{"country_iso":"TCD","city_id":3163,"log_pop":0.7961773064,"log_mass":4.7135598316},{"country_iso":"TCD","city_id":3163,"log_pop":1.9366611785,"log_mass":5.7557177649},{"country_iso":"TCD","city_id":3163,"log_pop":1.6504661059,"log_mass":5.4444382149},{"country_iso":"TCD","city_id":3361,"log_pop":0.7257817748,"log_mass":4.2904304733},{"country_iso":"TCD","city_id":3361,"log_pop":1.7830758027,"log_mass":5.4984787058},{"country_iso":"TCD","city_id":3361,"log_pop":0.963695174,"log_mass":4.8850252891},{"country_iso":"TCD","city_id":3390,"log_pop":0.9677514269,"log_mass":4.4569847766},{"country_iso":"TCD","city_id":3390,"log_pop":1.7103858015,"log_mass":5.2646948875},{"country_iso":"TCD","city_id":3390,"log_pop":0.4525727116,"log_mass":3.9243809972},{"country_iso":"TCD","city_id":3341,"log_pop":0.4955911333,"log_mass":4.2500679516},{"country_iso":"TCD","city_id":3341,"log_pop":1.6750846845,"log_mass":5.5583417401},{"country_iso":"TCD","city_id":3341,"log_pop":0.6704624841,"log_mass":4.3442880573},{"country_iso":"TCD","city_id":3330,"log_pop":0.5187302707,"log_mass":3.8498713489},{"country_iso":"TCD","city_id":3330,"log_pop":1.7482066969,"log_mass":5.4154155973},{"country_iso":"TCD","city_id":3330,"log_pop":0.0323582659,"log_mass":3.7966264914},{"country_iso":"TCD","city_id":3278,"log_pop":-0.4485531103,"log_mass":3.7068471357},{"country_iso":"TCD","city_id":3278,"log_pop":1.2243013424,"log_mass":4.7176388554},{"country_iso":"TCD","city_id":3278,"log_pop":1.811351293,"log_mass":5.4779015982},{"country_iso":"TCD","city_id":3212,"log_pop":1.7715630026,"log_mass":5.1391480137},{"country_iso":"TCD","city_id":3212,"log_pop":2.0633668007,"log_mass":5.1408408889},{"country_iso":"TCD","city_id":3212,"log_pop":0.6341647016,"log_mass":4.5390492733},{"country_iso":"TCD","city_id":3232,"log_pop":0.6747762092,"log_mass":4.8593265255},{"country_iso":"TCD","city_id":3232,"log_pop":1.0483475741,"log_mass":5.2039234333},{"country_iso":"TCD","city_id":3232,"log_pop":0.661771546,"log_mass":4.7943755657},{"country_iso":"TCD","city_id":3228,"log_pop":1.3645373453,"log_mass":4.7794528683},{"country_iso":"TCD","city_id":3228,"log_pop":0.1705650406,"log_mass":3.4066124991},{"country_iso":"TCD","city_id":3228,"log_pop":0.6582947215,"log_mass":4.0612522129},{"country_iso":"TCD","city_id":3345,"log_pop":0.5501834362,"log_mass":4.0688771947},{"country_iso":"TCD","city_id":3345,"log_pop":0.249125056,"log_mass":4.0211583181},{"country_iso":"TCD","city_id":3345,"log_pop":1.8734379593,"log_mass":5.449128228},{"country_iso":"TCD","city_id":3136,"log_pop":1.51901023,"log_mass":5.5027811917},{"country_iso":"TCD","city_id":3136,"log_pop":0.7871003883,"log_mass":4.5894565955},{"country_iso":"TCD","city_id":3136,"log_pop":1.5501074228,"log_mass":5.5399984414},{"country_iso":"TCD","city_id":3277,"log_pop":-0.1949702792,"log_mass":3.7686547249},{"country_iso":"TCD","city_id":3277,"log_pop":0.2910292527,"log_mass":4.8633497751},{"country_iso":"TCD","city_id":3308,"log_pop":1.3099720115,"log_mass":4.8686191207},{"country_iso":"TCD","city_id":3308,"log_pop":-0.8433266216,"log_mass":2.9374321269},{"country_iso":"TCD","city_id":3257,"log_pop":0.0259030315,"log_mass":3.9417722565},{"country_iso":"TCD","city_id":3257,"log_pop":1.0003192894,"log_mass":4.4281618112},{"country_iso":"TCD","city_id":3372,"log_pop":0.7149689081,"log_mass":4.6667586816},{"country_iso":"TCD","city_id":3372,"log_pop":-0.1096398136,"log_mass":4.2207131255},{"country_iso":"TCD","city_id":3233,"log_pop":1.8230092994,"log_mass":5.5638776223},{"country_iso":"TCD","city_id":3233,"log_pop":0.2914827219,"log_mass":5.3368655838},{"country_iso":"TCD","city_id":3306,"log_pop":1.1254991517,"log_mass":4.5876567756},{"country_iso":"TCD","city_id":3306,"log_pop":0.0882876251,"log_mass":3.1100818678},{"country_iso":"TCD","city_id":3360,"log_pop":0.1682493113,"log_mass":4.0156206349},{"country_iso":"TCD","city_id":3360,"log_pop":1.3987590672,"log_mass":4.9640144321},{"country_iso":"TCD","city_id":3368,"log_pop":1.5060533265,"log_mass":5.22025726},{"country_iso":"TCD","city_id":3368,"log_pop":0.4494835659,"log_mass":4.159368049},{"country_iso":"TCD","city_id":3412,"log_pop":0.2857187822,"log_mass":4.2501144003},{"country_iso":"TCD","city_id":3412,"log_pop":1.0298167507,"log_mass":4.911926708},{"country_iso":"TCD","city_id":3220,"log_pop":1.5543359626,"log_mass":5.1813836769},{"country_iso":"TCD","city_id":3220,"log_pop":0.3527117959,"log_mass":3.9325129758},{"country_iso":"TCD","city_id":3291,"log_pop":0.9699435663,"log_mass":4.8935101563},{"country_iso":"TCD","city_id":3291,"log_pop":1.8840116458,"log_mass":5.6415670346},{"country_iso":"TCD","city_id":3446,"log_pop":0.3256823114,"log_mass":4.4465021465},{"country_iso":"TCD","city_id":3264,"log_pop":0.2563987399,"log_mass":3.8391251131},{"country_iso":"TCD","city_id":3471,"log_pop":1.8122339441,"log_mass":4.7971792083},{"country_iso":"TCD","city_id":3237,"log_pop":0.2687212709,"log_mass":3.9861854801},{"country_iso":"TCD","city_id":3317,"log_pop":1.1781136437,"log_mass":4.9263520376},{"country_iso":"TCD","city_id":3221,"log_pop":0.2480207021,"log_mass":3.7817856953},{"country_iso":"TCD","city_id":3187,"log_pop":1.2511671456,"log_mass":5.0178749681},{"country_iso":"TCD","city_id":3199,"log_pop":1.6730074915,"log_mass":5.085839713},{"country_iso":"TCD","city_id":3203,"log_pop":0.4916878715,"log_mass":4.2501113532}]