[{"country_iso": "COD", "city_id": 4099, "log_pop": 4.764033, "log_mass": 6.298281}, {"country_iso": "COD", "city_id": 3541, "log_pop": 1.684166, "log_mass": 4.010727}, {"country_iso": "COD", "city_id": 4007, "log_pop": 2.485195, "log_mass": 4.820099}, {"country_iso": "COD", "city_id": 3209, "log_pop": 3.363899, "log_mass": 5.442731}, {"country_iso": "COD", "city_id": 4077, "log_pop": 3.189905, "log_mass": 5.482832}, {"country_iso": "COD", "city_id": 3541, "log_pop": 2.268463, "log_mass": 3.721561}, {"country_iso": "COD", "city_id": 3541, "log_pop": 1.316262, "log_mass": 3.082489}, {"country_iso": "COD", "city_id": 3209, "log_pop": 4.732291, "log_mass": 6.521002}, {"country_iso": "COD", "city_id": 3709, "log_pop": 3.569849, "log_mass": 5.863484}, {"country_iso": "COD", "city_id": 3209, "log_pop": 4.610063, "log_mass": 6.371345}, {"country_iso": "COD", "city_id": 4007, "log_pop": 3.70184, "log_mass": 5.959467}, {"country_iso": "COD", "city_id": 3625, "log_pop": 0.768232, "log_mass": 3.795544}, {"country_iso": "COD", "city_id": 3663, "log_pop": 3.405425, "log_mass": 5.627599}, {"country_iso": "COD", "city_id": 3209, "log_pop": 2.3178, "log_mass": 4.995261}, {"country_iso": "COD", "city_id": 3756, "log_pop": 4.127609, "log_mass": 6.224351}, {"country_iso": "COD", "city_id": 3209, "log_pop": 4.731778, "log_mass": 6.562531}, {"country_iso": "COD", "city_id": 3089, "log_pop": 1.161733, "log_mass": 4.809029}, {"country_iso": "COD", "city_id": 3209, "log_pop": 2.599956, "log_mass": 4.821759}, {"country_iso": "COD", "city_id": 4007, "log_pop": 1.665301, "log_mass": 4.300752}, {"country_iso": "COD", "city_id": 3756, "log_pop": 3.079557, "log_mass": 5.21077}, {"country_iso": "COD", "city_id": 3089, "log_pop": 1.764999, "log_mass": 4.149982}, {"country_iso": "COD", "city_id": 3209, "log_pop": 4.358665, "log_mass": 6.310194}, {"country_iso": "COD", "city_id": 3486, "log_pop": 2.211205, "log_mass": 4.787685}, {"country_iso": "COD", "city_id": 3209, "log_pop": 2.682853, "log_mass": 4.932565}, {"country_iso": "COD", "city_id": 3625, "log_pop": 4.405792, "log_mass": 6.549684}, {"country_iso": "COD", "city_id": 3089, "log_pop": 4.194257, "log_mass": 6.322045}, {"country_iso": "COD", "city_id": 3756, "log_pop": 0.987385, "log_mass": 4.517848}, {"country_iso": "COD", "city_id": 3663, "log_pop": 3.994581, "log_mass": 6.219958}, {"country_iso": "COD", "city_id": 3209, "log_pop": 4.013207, "log_mass": 6.049818}, {"country_iso": "COD", "city_id": 3663, "log_pop": 3.496511, "log_mass": 5.714206}, {"country_iso": "COD", "city_id": 3209, "log_pop": 2.454845, "log_mass": 5.038786}, {"country_iso": "COD", "city_id": 3541, "log_pop": 3.913208, "log_mass": 5.368559}, {"country_iso": "COD", "city_id": 4007, "log_pop": 3.260479, "log_mass": 5.313892}, {"country_iso": "COD", "city_id": 4052, "log_pop": 3.30912, "log_mass": 5.739419}, {"country_iso": "COD", "city_id": 3541, "log_pop": 4.845847, "log_mass": 5.91701}, {"country_iso": "COD", "city_id": 3541, "log_pop": 3.468041, "log_mass": 4.769703}, {"country_iso": "COD", "city_id": 3209, "log_pop": 3.901923, "log_mass": 6.182781}, {"country_iso": "COD", "city_id": 3756, "log_pop": 4.627722, "log_mass": 6.53074}, {"country_iso": "COD", "city_id": 4077, "log_pop": 2.418516, "log_mass": 5.167037}, {"country_iso": "COD", "city_id": 3209, "log_pop": 4.037127, "log_mass": 6.215269}, {"country_iso": "COD", "city_id": 4099, "log_pop": 2.959899, "log_mass": 4.429622}, {"country_iso": "COD", "city_id": 4077, "log_pop": 4.178034, "log_mass": 6.505548}, {"country_iso": "COD", "city_id": 3209, "log_pop": 5.245116, "log_mass": 6.770446}, {"country_iso": "COD", "city_id": 3209, "log_pop": 4.610341, "log_mass": 6.416947}, {"country_iso": "COD", "city_id": 3089, "log_pop": 4.169443, "log_mass": 6.516092}, {"country_iso": "COD", "city_id": 4007, "log_pop": 1.723233, "log_mass": 4.050541}, {"country_iso": "COD", "city_id": 3756, "log_pop": 1.997426, "log_mass": 4.152457}, {"country_iso": "COD", "city_id": 4077, "log_pop": 3.743909, "log_mass": 6.10434}, {"country_iso": "COD", "city_id": 4052, "log_pop": 4.280979, "log_mass": 6.512661}, {"country_iso": "COD", "city_id": 3486, "log_pop": 2.690304, "log_mass": 4.731398}, {"country_iso": "COD", "city_id": 4052, "log_pop": 2.912571, "log_mass": 5.422571}, {"country_iso": "COD", "city_id": 3756, "log_pop": 4.752404, "log_mass": 6.685961}, {"country_iso": "COD", "city_id": 3756, "log_pop": 2.712021, "log_mass": 4.767895}, {"country_iso": "COD", "city_id": 3625, "log_pop": 4.500424, "log_mass": 6.606072}, {"country_iso": "COD", "city_id": 3089, "log_pop": 2.934515, "log_mass": 5.465526}, {"country_iso": "COD", "city_id": 3756, "log_pop": 2.64204, "log_mass": 4.837907}, {"country_iso": "COD", "city_id": 3625, "log_pop": 3.784511, "log_mass": 6.002822}, {"country_iso": "COD", "city_id": 4077, "log_pop": 2.120578, "log_mass": 4.826868}, {"country_iso": "COD", "city_id": 3209, "log_pop": 3.43211, "log_mass": 5.494359}, {"country_iso": "COD", "city_id": 3209, "log_pop": 4.705919, "log_mass": 6.507406}, {"country_iso": "COD", "city_id": 3541, "log_pop": 3.407163, "log_mass": 4.578302}, {"country_iso": "COD", "city_id": 3486, "log_pop": 4.023331, "log_mass": 5.956551}, {"country_iso": "COD", "city_id": 3541, "log_pop": 3.120642, "log_mass": 4.289192}, {"country_iso": "COD", "city_id": 3625, "log_pop": 4.099059, "log_mass": 6.235312}, {"country_iso": "COD", "city_id": 4007, "log_pop": 4.683879, "log_mass": 6.422163}, {"country_iso": "COD", "city_id": 3486, "log_pop": 2.577135, "log_mass": 4.959471}, {"country_iso": "COD", "city_id": 4007, "log_pop": 2.777761, "log_mass": 5.348062}, {"country_iso": "COD", "city_id": 3756, "log_pop": 4.246911, "log_mass": 6.393659}, {"country_iso": "COD", "city_id": 4007, "log_pop": 4.568188, "log_mass": 6.319918}, {"country_iso": "COD", "city_id": 3541, "log_pop": 4.481568, "log_mass": 5.815762}, {"country_iso": "COD", "city_id": 3625, "log_pop": 3.507116, "log_mass": 5.870001}, {"country_iso": "COD", "city_id": 4099, "log_pop": 4.828663, "log_mass": 6.300821}, {"country_iso": "COD", "city_id": 3756, "log_pop": 3.834425, "log_mass": 5.986934}, {"country_iso": "COD", "city_id": 3663, "log_pop": 4.039922, "log_mass": 6.250275}, {"country_iso": "COD", "city_id": 3756, "log_pop": 4.307729, "log_mass": 6.49852}, {"country_iso": "COD", "city_id": 3209, "log_pop": 3.305038, "log_mass": 5.200465}, {"country_iso": "COD", "city_id": 4007, "log_pop": 3.183158, "log_mass": 5.256599}, {"country_iso": "COD", "city_id": 3089, "log_pop": 3.339758, "log_mass": 5.716945}, {"country_iso": "COD", "city_id": 3209, "log_pop": 3.413123, "log_mass": 5.213158}, {"country_iso": "COD", "city_id": 3756, "log_pop": 3.597459, "log_mass": 5.786929}, {"country_iso": "COD", "city_id": 3209, "log_pop": 3.467509, "log_mass": 5.987048}, {"country_iso": "COD", "city_id": 3209, "log_pop": 5.288332, "log_mass": 6.791729}, {"country_iso": "COD", "city_id": 3209, "log_pop": 5.278848, "log_mass": 6.886439}, {"country_iso": "COD", "city_id": 4052, "log_pop": 1.364738, "log_mass": 4.078706}, {"country_iso": "COD", "city_id": 3486, "log_pop": 3.830154, "log_mass": 5.790125}, {"country_iso": "COD", "city_id": 3756, "log_pop": 4.701659, "log_mass": 6.586097}, {"country_iso": "COD", "city_id": 4099, "log_pop": 2.372422, "log_mass": 4.009377}, {"country_iso": "COD", "city_id": 3541, "log_pop": 3.014923, "log_mass": 4.696443}, {"country_iso": "COD", "city_id": 3209, "log_pop": 3.475657, "log_mass": 5.608518}, {"country_iso": "COD", "city_id": 3209, "log_pop": 3.954538, "log_mass": 6.152834}, {"country_iso": "COD", "city_id": 3756, "log_pop": 4.438614, "log_mass": 6.577959}, {"country_iso": "COD", "city_id": 3663, "log_pop": 2.009167, "log_mass": 4.118229}, {"country_iso": "COD", "city_id": 3209, "log_pop": 3.634486, "log_mass": 5.862547}, {"country_iso": "COD", "city_id": 4052, "log_pop": 3.163093, "log_mass": 5.282174}, {"country_iso": "COD", "city_id": 3209, "log_pop": 4.997035, "log_mass": 6.67518}, {"country_iso": "COD", "city_id": 3625, "log_pop": 4.320828, "log_mass": 6.529501}, {"country_iso": "COD", "city_id": 3625, "log_pop": 3.965123, "log_mass": 6.316822}, {"country_iso": "COD", "city_id": 3709, "log_pop": 4.436941, "log_mass": 6.597045}, {"country_iso": "COD", "city_id": 4052, "log_pop": 4.276691, "log_mass": 6.322653}, {"country_iso": "COD", "city_id": 4099, "log_pop": 3.294426, "log_mass": 4.74433}, {"country_iso": "COD", "city_id": 4099, "log_pop": 2.361267, "log_mass": 4.348331}, {"country_iso": "COD", "city_id": 3541, "log_pop": 5.314247, "log_mass": 6.568106}, {"country_iso": "COD", "city_id": 3541, "log_pop": 3.904205, "log_mass": 5.481012}, {"country_iso": "COD", "city_id": 4077, "log_pop": 3.82833, "log_mass": 6.203337}, {"country_iso": "COD", "city_id": 3209, "log_pop": 5.303797, "log_mass": 6.746759}, {"country_iso": "COD", "city_id": 3625, "log_pop": 2.822958, "log_mass": 5.239949}, {"country_iso": "COD", "city_id": 3756, "log_pop": 2.220543, "log_mass": 4.500402}, {"country_iso": "COD", "city_id": 3756, "log_pop": 4.660335, "log_mass": 6.545832}, {"country_iso": "COD", "city_id": 4007, "log_pop": 4.346236, "log_mass": 6.139157}, {"country_iso": "COD", "city_id": 3209, "log_pop": 3.532193, "log_mass": 5.280671}, {"country_iso": "COD", "city_id": 4077, "log_pop": 4.371217, "log_mass": 6.603888}, {"country_iso": "COD", "city_id": 3486, "log_pop": 1.299445, "log_mass": 3.745805}, {"country_iso": "COD", "city_id": 4052, "log_pop": 4.301311, "log_mass": 6.571504}, {"country_iso": "COD", "city_id": 3209, "log_pop": 4.482684, "log_mass": 6.306984}, {"country_iso": "COD", "city_id": 3209, "log_pop": 5.159033, "log_mass": 6.672901}, {"country_iso": "COD", "city_id": 3209, "log_pop": 3.631202, "log_mass": 5.564489}, {"country_iso": "COD", "city_id": 3209, "log_pop": 2.493356, "log_mass": 4.841689}, {"country_iso": "COD", "city_id": 3756, "log_pop": 4.562418, "log_mass": 6.589844}, {"country_iso": "COD", "city_id": 4007, "log_pop": 2.462838, "log_mass": 4.605671}, {"country_iso": "COD", "city_id": 3709, "log_pop": 4.275263, "log_mass": 6.437113}, {"country_iso": "COD", "city_id": 3625, "log_pop": 2.192006, "log_mass": 4.430405}, {"country_iso": "COD", "city_id": 3209, "log_pop": 4.093884, "log_mass": 6.155213}, {"country_iso": "COD", "city_id": 3756, "log_pop": 3.896711, "log_mass": 6.084486}, {"country_iso": "COD", "city_id": 3209, "log_pop": 5.047632, "log_mass": 6.641076}, {"country_iso": "COD", "city_id": 3625, "log_pop": 3.803813, "log_mass": 6.177906}, {"country_iso": "COD", "city_id": 3663, "log_pop": 1.500221, "log_mass": 3.969282}, {"country_iso": "COD", "city_id": 4052, "log_pop": 2.354185, "log_mass": 5.182072}, {"country_iso": "COD", "city_id": 4007, "log_pop": 4.695442, "log_mass": 6.323081}, {"country_iso": "COD", "city_id": 4007, "log_pop": 1.323158, "log_mass": 4.476385}, {"country_iso": "COD", "city_id": 3709, "log_pop": 3.373141, "log_mass": 5.650656}, {"country_iso": "COD", "city_id": 4052, "log_pop": 2.645019, "log_mass": 4.571112}, {"country_iso": "COD", "city_id": 4052, "log_pop": 3.138684, "log_mass": 5.184365}, {"country_iso": "COD", "city_id": 3209, "log_pop": 2.608731, "log_mass": 4.788685}, {"country_iso": "COD", "city_id": 4007, "log_pop": 3.359109, "log_mass": 5.078856}, {"country_iso": "COD", "city_id": 4099, "log_pop": 5.007582, "log_mass": 6.464537}, {"country_iso": "COD", "city_id": 4099, "log_pop": 3.943347, "log_mass": 5.58998}, {"country_iso": "COD", "city_id": 3756, "log_pop": 3.155185, "log_mass": 5.317987}, {"country_iso": "COD", "city_id": 4007, "log_pop": 4.125926, "log_mass": 5.876053}, {"country_iso": "COD", "city_id": 3756, "log_pop": 4.037122, "log_mass": 6.110891}, {"country_iso": "COD", "city_id": 3209, "log_pop": 3.908119, "log_mass": 5.839298}, {"country_iso": "COD", "city_id": 3209, "log_pop": 1.659562, "log_mass": 4.413592}, {"country_iso": "COD", "city_id": 3756, "log_pop": 3.883492, "log_mass": 5.914718}, {"country_iso": "COD", "city_id": 4052, "log_pop": 3.583822, "log_mass": 5.949616}, {"country_iso": "COD", "city_id": 3541, "log_pop": 4.883168, "log_mass": 5.963439}, {"country_iso": "COD", "city_id": 3209, "log_pop": 4.633838, "log_mass": 6.182608}, {"country_iso": "COD", "city_id": 3541, "log_pop": 4.751656, "log_mass": 6.04129}, {"country_iso": "COD", "city_id": 3209, "log_pop": 3.68018, "log_mass": 5.736103}, {"country_iso": "COD", "city_id": 3541, "log_pop": 1.923609, "log_mass": 4.404245}, {"country_iso": "COD", "city_id": 3756, "log_pop": 4.600281, "log_mass": 6.577114}, {"country_iso": "COD", "city_id": 3756, "log_pop": 4.428207, "log_mass": 6.49856}, {"country_iso": "COD", "city_id": 3209, "log_pop": 2.056939, "log_mass": 4.689616}, {"country_iso": "COD", "city_id": 3756, "log_pop": 3.037179, "log_mass": 5.112291}, {"country_iso": "COD", "city_id": 3209, "log_pop": 5.217844, "log_mass": 6.757906}, {"country_iso": "COD", "city_id": 4099, "log_pop": 3.453007, "log_mass": 5.119538}, {"country_iso": "COD", "city_id": 3756, "log_pop": 4.164217, "log_mass": 6.300893}, {"country_iso": "COD", "city_id": 3709, "log_pop": 1.82456, "log_mass": 4.506366}, {"country_iso": "COD", "city_id": 3209, "log_pop": 4.029211, "log_mass": 6.051065}, {"country_iso": "COD", "city_id": 3089, "log_pop": 1.006073, "log_mass": 4.943934}, {"country_iso": "COD", "city_id": 3709, "log_pop": 3.121259, "log_mass": 5.400372}, {"country_iso": "COD", "city_id": 3209, "log_pop": 4.713237, "log_mass": 6.389725}, {"country_iso": "COD", "city_id": 3209, "log_pop": 5.007492, "log_mass": 6.7772}, {"country_iso": "COD", "city_id": 3486, "log_pop": 3.145499, "log_mass": 5.363447}, {"country_iso": "COD", "city_id": 3663, "log_pop": 4.352141, "log_mass": 6.438765}, {"country_iso": "COD", "city_id": 3541, "log_pop": 2.500609, "log_mass": 4.853236}, {"country_iso": "COD", "city_id": 3209, "log_pop": 2.652571, "log_mass": 5.001725}, {"country_iso": "COD", "city_id": 3756, "log_pop": 3.268733, "log_mass": 5.58865}, {"country_iso": "COD", "city_id": 3756, "log_pop": 4.812829, "log_mass": 6.690459}, {"country_iso": "COD", "city_id": 3209, "log_pop": 2.482142, "log_mass": 5.150896}, {"country_iso": "COD", "city_id": 3756, "log_pop": 4.714003, "log_mass": 6.613943}, {"country_iso": "COD", "city_id": 3625, "log_pop": 4.215695, "log_mass": 6.387333}, {"country_iso": "COD", "city_id": 3089, "log_pop": 3.303125, "log_mass": 5.767447}, {"country_iso": "COD", "city_id": 3209, "log_pop": 5.134223, "log_mass": 6.615443}, {"country_iso": "COD", "city_id": 3756, "log_pop": 3.681192, "log_mass": 6.00011}, {"country_iso": "COD", "city_id": 3209, "log_pop": 4.617797, "log_mass": 6.656113}, {"country_iso": "COD", "city_id": 3486, "log_pop": 4.311408, "log_mass": 6.117739}, {"country_iso": "COD", "city_id": 3541, "log_pop": 1.647825, "log_mass": 4.166777}, {"country_iso": "COD", "city_id": 3209, "log_pop": 1.101497, "log_mass": 4.478581}, {"country_iso": "COD", "city_id": 4007, "log_pop": 2.951164, "log_mass": 4.761441}, {"country_iso": "COD", "city_id": 4099, "log_pop": 4.247741, "log_mass": 5.807364}, {"country_iso": "COD", "city_id": 4007, "log_pop": 3.973278, "log_mass": 5.500855}, {"country_iso": "COD", "city_id": 3541, "log_pop": 3.080775, "log_mass": 4.366208}, {"country_iso": "COD", "city_id": 3089, "log_pop": 2.264799, "log_mass": 4.550431}, {"country_iso": "COD", "city_id": 3209, "log_pop": 2.294361, "log_mass": 4.90939}, {"country_iso": "COD", "city_id": 3541, "log_pop": 4.317622, "log_mass": 5.473163}, {"country_iso": "COD", "city_id": 3209, "log_pop": 5.061078, "log_mass": 6.668489}, {"country_iso": "COD", "city_id": 3209, "log_pop": 4.169649, "log_mass": 6.022637}, {"country_iso": "COD", "city_id": 3756, "log_pop": 4.764992, "log_mass": 6.616999}, {"country_iso": "COD", "city_id": 4077, "log_pop": 4.189637, "log_mass": 6.502365}, {"country_iso": "COD", "city_id": 3486, "log_pop": 2.336165, "log_mass": 4.339918}, {"country_iso": "COD", "city_id": 4007, "log_pop": 1.435716, "log_mass": 3.961978}, {"country_iso": "COD", "city_id": 3541, "log_pop": 4.054496, "log_mass": 5.354939}, {"country_iso": "COD", "city_id": 4052, "log_pop": 4.38246, "log_mass": 6.590686}, {"country_iso": "COD", "city_id": 3209, "log_pop": 2.555676, "log_mass": 5.020503}, {"country_iso": "COD", "city_id": 4007, "log_pop": 4.633243, "log_mass": 6.168929}, {"country_iso": "COD", "city_id": 3209, "log_pop": 3.19095, "log_mass": 5.820545}, {"country_iso": "COD", "city_id": 3625, "log_pop": 4.084321, "log_mass": 6.360597}, {"country_iso": "COD", "city_id": 4099, "log_pop": 4.322259, "log_mass": 5.83994}, {"country_iso": "COD", "city_id": 4099, "log_pop": 4.234585, "log_mass": 5.85333}, {"country_iso": "COD", "city_id": 3209, "log_pop": 5.323766, "log_mass": 6.70858}, {"country_iso": "COD", "city_id": 3209, "log_pop": 3.886901, "log_mass": 5.828228}, {"country_iso": "COD", "city_id": 3756, "log_pop": 4.465893, "log_mass": 6.397601}, {"country_iso": "COD", "city_id": 3209, "log_pop": 4.642518, "log_mass": 6.27931}, {"country_iso": "COD", "city_id": 3756, "log_pop": 4.578262, "log_mass": 6.599546}, {"country_iso": "COD", "city_id": 4077, "log_pop": 2.988784, "log_mass": 5.49563}, {"country_iso": "COD", "city_id": 4052, "log_pop": 2.414862, "log_mass": 4.999802}, {"country_iso": "COD", "city_id": 3756, "log_pop": 4.221627, "log_mass": 6.201485}, {"country_iso": "COD", "city_id": 3209, "log_pop": 3.303027, "log_mass": 5.596516}, {"country_iso": "COD", "city_id": 3709, "log_pop": 3.622302, "log_mass": 5.968761}, {"country_iso": "COD", "city_id": 3209, "log_pop": 2.500582, "log_mass": 4.94854}, {"country_iso": "COD", "city_id": 4077, "log_pop": 3.966359, "log_mass": 6.390663}, {"country_iso": "COD", "city_id": 4052, "log_pop": 2.251767, "log_mass": 4.754116}, {"country_iso": "COD", "city_id": 3756, "log_pop": 4.091436, "log_mass": 6.083663}, {"country_iso": "COD", "city_id": 3709, "log_pop": 4.179215, "log_mass": 6.355133}, {"country_iso": "COD", "city_id": 3209, "log_pop": 5.305225, "log_mass": 6.846885}, {"country_iso": "COD", "city_id": 4099, "log_pop": 5.11125, "log_mass": 6.489529}, {"country_iso": "COD", "city_id": 3663, "log_pop": 4.362674, "log_mass": 6.4297}, {"country_iso": "COD", "city_id": 3209, "log_pop": 4.960816, "log_mass": 6.617019}, {"country_iso": "COD", "city_id": 3756, "log_pop": 3.803979, "log_mass": 6.0769}, {"country_iso": "COD", "city_id": 3625, "log_pop": 2.541849, "log_mass": 4.70528}, {"country_iso": "COD", "city_id": 3541, "log_pop": 4.798253, "log_mass": 6.026786}, {"country_iso": "COD", "city_id": 3541, "log_pop": 3.380058, "log_mass": 4.707271}, {"country_iso": "COD", "city_id": 3541, "log_pop": 4.462681, "log_mass": 5.772526}, {"country_iso": "COD", "city_id": 4052, "log_pop": 2.639269, "log_mass": 5.217939}, {"country_iso": "COD", "city_id": 3209, "log_pop": 4.130515, "log_mass": 5.990657}, {"country_iso": "COD", "city_id": 3541, "log_pop": 5.22951, "log_mass": 6.40783}, {"country_iso": "COD", "city_id": 3709, "log_pop": 1.640425, "log_mass": 4.000704}, {"country_iso": "COD", "city_id": 3709, "log_pop": 3.756039, "log_mass": 5.992706}, {"country_iso": "COD", "city_id": 4052, "log_pop": 4.398306, "log_mass": 6.462884}, {"country_iso": "COD", "city_id": 3209, "log_pop": 5.372822, "log_mass": 6.692023}, {"country_iso": "COD", "city_id": 4052, "log_pop": 4.468014, "log_mass": 6.696574}, {"country_iso": "COD", "city_id": 4099, "log_pop": 3.582642, "log_mass": 5.196761}, {"country_iso": "COD", "city_id": 3756, "log_pop": 4.427533, "log_mass": 6.458973}, {"country_iso": "COD", "city_id": 4007, "log_pop": 2.48606, "log_mass": 4.191524}, {"country_iso": "COD", "city_id": 3209, "log_pop": 3.594624, "log_mass": 5.528509}, {"country_iso": "COD", "city_id": 4077, "log_pop": 3.547589, "log_mass": 6.041489}, {"country_iso": "COD", "city_id": 3756, "log_pop": 2.10445, "log_mass": 4.568622}, {"country_iso": "COD", "city_id": 3486, "log_pop": 3.693173, "log_mass": 5.637749}, {"country_iso": "COD", "city_id": 3625, "log_pop": 4.02377, "log_mass": 6.256852}, {"country_iso": "COD", "city_id": 3663, "log_pop": 3.791619, "log_mass": 5.978969}, {"country_iso": "COD", "city_id": 3209, "log_pop": 3.728417, "log_mass": 5.809218}, {"country_iso": "COD", "city_id": 3541, "log_pop": 1.893567, "log_mass": 4.91361}, {"country_iso": "COD", "city_id": 4099, "log_pop": 2.641555, "log_mass": 4.119304}, {"country_iso": "COD", "city_id": 3756, "log_pop": 4.796821, "log_mass": 6.640561}, {"country_iso": "COD", "city_id": 3756, "log_pop": 4.636344, "log_mass": 6.620617}, {"country_iso": "COD", "city_id": 3756, "log_pop": 3.203548, "log_mass": 5.495996}, {"country_iso": "COD", "city_id": 3625, "log_pop": 3.08168, "log_mass": 5.426492}, {"country_iso": "COD", "city_id": 3209, "log_pop": 2.940799, "log_mass": 6.006436}, {"country_iso": "COD", "city_id": 4099, "log_pop": 1.4665, "log_mass": 3.308504}, {"country_iso": "COD", "city_id": 3756, "log_pop": 4.479009, "log_mass": 6.542303}, {"country_iso": "COD", "city_id": 3209, "log_pop": 4.311847, "log_mass": 6.176537}, {"country_iso": "COD", "city_id": 3756, "log_pop": 4.448065, "log_mass": 6.52842}, {"country_iso": "COD", "city_id": 3541, "log_pop": 5.173643, "log_mass": 6.475401}, {"country_iso": "COD", "city_id": 3756, "log_pop": 4.425074, "log_mass": 6.444439}, {"country_iso": "COD", "city_id": 3209, "log_pop": 4.863187, "log_mass": 6.751634}, {"country_iso": "COD", "city_id": 4007, "log_pop": 0.846517, "log_mass": 2.553086}, {"country_iso": "COD", "city_id": 3709, "log_pop": 3.968596, "log_mass": 6.264984}, {"country_iso": "COD", "city_id": 3209, "log_pop": 5.095983, "log_mass": 6.671781}, {"country_iso": "COD", "city_id": 3209, "log_pop": 5.104202, "log_mass": 6.75568}, {"country_iso": "COD", "city_id": 3625, "log_pop": 4.058195, "log_mass": 6.308848}, {"country_iso": "COD", "city_id": 4007, "log_pop": 3.905484, "log_mass": 5.569988}, {"country_iso": "COD", "city_id": 3625, "log_pop": 3.56528, "log_mass": 5.949954}, {"country_iso": "COD", "city_id": 3209, "log_pop": 4.379618, "log_mass": 6.323118}, {"country_iso": "COD", "city_id": 4077, "log_pop": 4.022619, "log_mass": 6.438965}, {"country_iso": "COD", "city_id": 3486, "log_pop": 3.247979, "log_mass": 5.237362}, {"country_iso": "COD", "city_id": 3756, "log_pop": 2.973275, "log_mass": 5.134391}, {"country_iso": "COD", "city_id": 3709, "log_pop": 1.687665, "log_mass": 3.960714}, {"country_iso": "COD", "city_id": 3541, "log_pop": 3.829051, "log_mass": 4.962567}, {"country_iso": "COD", "city_id": 3756, "log_pop": 3.819911, "log_mass": 5.990131}, {"country_iso": "COD", "city_id": 3709, "log_pop": 3.764989, "log_mass": 6.005856}, {"country_iso": "COD", "city_id": 3709, "log_pop": 4.364275, "log_mass": 6.592852}, {"country_iso": "COD", "city_id": 3486, "log_pop": 3.063893, "log_mass": 5.153329}, {"country_iso": "COD", "city_id": 3756, "log_pop": 4.148353, "log_mass": 6.146075}, {"country_iso": "COD", "city_id": 3663, "log_pop": 0.516161, "log_mass": 2.654264}, {"country_iso": "COD", "city_id": 3486, "log_pop": 2.642256, "log_mass": 5.054539}, {"country_iso": "COD", "city_id": 3756, "log_pop": 4.563327, "log_mass": 6.591028}, {"country_iso": "COD", "city_id": 3209, "log_pop": 1.348179, "log_mass": 3.621688}, {"country_iso": "COD", "city_id": 3209, "log_pop": 4.708459, "log_mass": 6.45277}, {"country_iso": "COD", "city_id": 4077, "log_pop": 4.187047, "log_mass": 6.468273}, {"country_iso": "COD", "city_id": 3709, "log_pop": 3.801181, "log_mass": 6.03065}, {"country_iso": "COD", "city_id": 3209, "log_pop": 1.420551, "log_mass": 4.127611}, {"country_iso": "COD", "city_id": 3756, "log_pop": 4.27274, "log_mass": 6.379354}, {"country_iso": "COD", "city_id": 3089, "log_pop": 3.827047, "log_mass": 6.164762}, {"country_iso": "COD", "city_id": 4077, "log_pop": 3.901567, "log_mass": 6.131371}, {"country_iso": "COD", "city_id": 3625, "log_pop": 3.315745, "log_mass": 5.648866}, {"country_iso": "COD", "city_id": 4077, "log_pop": 2.611735, "log_mass": 5.142323}, {"country_iso": "COD", "city_id": 4007, "log_pop": 4.871736, "log_mass": 6.379709}, {"country_iso": "COD", "city_id": 3709, "log_pop": 3.600935, "log_mass": 5.793032}, {"country_iso": "COD", "city_id": 4099, "log_pop": 3.5457, "log_mass": 5.182868}, {"country_iso": "COD", "city_id": 3756, "log_pop": 2.948656, "log_mass": 5.039337}, {"country_iso": "COD", "city_id": 4052, "log_pop": 3.498814, "log_mass": 5.661683}, {"country_iso": "COD", "city_id": 4077, "log_pop": 3.000946, "log_mass": 5.336328}, {"country_iso": "COD", "city_id": 3756, "log_pop": 4.298326, "log_mass": 6.380525}, {"country_iso": "COD", "city_id": 3756, "log_pop": 4.203619, "log_mass": 6.32497}, {"country_iso": "COD", "city_id": 3625, "log_pop": 3.418395, "log_mass": 5.646638}, {"country_iso": "COD", "city_id": 4052, "log_pop": 3.027955, "log_mass": 5.317612}, {"country_iso": "COD", "city_id": 3756, "log_pop": 2.954327, "log_mass": 5.148144}, {"country_iso": "COD", "city_id": 3209, "log_pop": 3.303993, "log_mass": 6.003047}, {"country_iso": "COD", "city_id": 3663, "log_pop": 3.805812, "log_mass": 5.989629}, {"country_iso": "COD", "city_id": 3209, "log_pop": 4.329347, "log_mass": 6.089977}, {"country_iso": "COD", "city_id": 3663, "log_pop": 4.239125, "log_mass": 6.38494}, {"country_iso": "COD", "city_id": 3756, "log_pop": 4.249218, "log_mass": 6.272629}, {"country_iso": "COD", "city_id": 4077, "log_pop": 3.65919, "log_mass": 6.033983}, {"country_iso": "COD", "city_id": 4077, "log_pop": 3.38671, "log_mass": 5.828228}, {"country_iso": "COD", "city_id": 3209, "log_pop": 5.545602, "log_mass": 6.865779}, {"country_iso": "COD", "city_id": 3209, "log_pop": 1.549987, "log_mass": 4.289028}, {"country_iso": "COD", "city_id": 3541, "log_pop": 3.257266, "log_mass": 4.637714}, {"country_iso": "COD", "city_id": 3209, "log_pop": 2.089607, "log_mass": 5.047849}, {"country_iso": "COD", "city_id": 3209, "log_pop": 4.318247, "log_mass": 6.241988}, {"country_iso": "COD", "city_id": 4052, "log_pop": 2.697666, "log_mass": 5.412414}, {"country_iso": "COD", "city_id": 4077, "log_pop": 2.586791, "log_mass": 5.193197}, {"country_iso": "COD", "city_id": 3756, "log_pop": 4.336006, "log_mass": 6.545552}, {"country_iso": "COD", "city_id": 3756, "log_pop": 3.134515, "log_mass": 5.245452}, {"country_iso": "COD", "city_id": 3625, "log_pop": 2.962964, "log_mass": 5.297723}, {"country_iso": "COD", "city_id": 3486, "log_pop": 2.684184, "log_mass": 4.93159}, {"country_iso": "COD", "city_id": 3209, "log_pop": 1.871781, "log_mass": 4.923177}, {"country_iso": "COD", "city_id": 3756, "log_pop": 3.524957, "log_mass": 5.605726}, {"country_iso": "COD", "city_id": 3209, "log_pop": 4.182753, "log_mass": 6.168418}, {"country_iso": "COD", "city_id": 3541, "log_pop": 4.27411, "log_mass": 5.67839}, {"country_iso": "COD", "city_id": 3756, "log_pop": 3.651095, "log_mass": 5.763978}, {"country_iso": "COD", "city_id": 3486, "log_pop": 2.930231, "log_mass": 5.172302}, {"country_iso": "COD", "city_id": 3209, "log_pop": 3.938411, "log_mass": 5.866429}, {"country_iso": "COD", "city_id": 3209, "log_pop": 3.605587, "log_mass": 5.460879}, {"country_iso": "COD", "city_id": 3209, "log_pop": 4.923773, "log_mass": 6.581579}, {"country_iso": "COD", "city_id": 4052, "log_pop": 4.272388, "log_mass": 6.440833}, {"country_iso": "COD", "city_id": 4052, "log_pop": 2.654513, "log_mass": 5.328667}, {"country_iso": "COD", "city_id": 3709, "log_pop": 3.505963, "log_mass": 5.843488}, {"country_iso": "COD", "city_id": 3209, "log_pop": 3.862466, "log_mass": 6.426038}, {"country_iso": "COD", "city_id": 3541, "log_pop": 1.607449, "log_mass": 3.249876}, {"country_iso": "COD", "city_id": 3625, "log_pop": 2.143956, "log_mass": 4.182886}, {"country_iso": "COD", "city_id": 3209, "log_pop": 3.562815, "log_mass": 5.836327}, {"country_iso": "COD", "city_id": 4007, "log_pop": 4.296506, "log_mass": 6.07908}, {"country_iso": "COD", "city_id": 3089, "log_pop": 3.980778, "log_mass": 6.14477}, {"country_iso": "COD", "city_id": 3756, "log_pop": 4.170311, "log_mass": 6.305425}, {"country_iso": "COD", "city_id": 4052, "log_pop": 4.428063, "log_mass": 6.566217}]