[{"country_iso":"UZB","city_id":6008,"log_pop":4.787833626,"log_mass":6.5119867948},{"country_iso":"UZB","city_id":6008,"log_pop":4.4939808906,"log_mass":6.3328064475},{"country_iso":"UZB","city_id":6008,"log_pop":4.5782174794,"log_mass":6.2347376175},{"country_iso":"UZB","city_id":6008,"log_pop":4.2459781698,"log_mass":5.8549319372},{"country_iso":"UZB","city_id":6008,"log_pop":4.2914520061,"log_mass":6.5213885059},{"country_iso":"UZB","city_id":6008,"log_pop":3.6947508459,"log_mass":6.4888391429},{"country_iso":"UZB","city_id":6008,"log_pop":4.8313880074,"log_mass":6.5442355767},{"country_iso":"UZB","city_id":6008,"log_pop":3.9129153396,"log_mass":6.4229038458},{"country_iso":"UZB","city_id":6008,"log_pop":2.7527108896,"log_mass":5.8512552319},{"country_iso":"UZB","city_id":6008,"log_pop":3.4359443613,"log_mass":4.9550093984},{"country_iso":"UZB","city_id":6008,"log_pop":3.6226544723,"log_mass":6.748261111},{"country_iso":"UZB","city_id":6008,"log_pop":3.6116407045,"log_mass":6.7272010137},{"country_iso":"UZB","city_id":6008,"log_pop":4.717636141,"log_mass":6.381494593},{"country_iso":"UZB","city_id":6008,"log_pop":3.8072624662,"log_mass":5.2706922026},{"country_iso":"UZB","city_id":6008,"log_pop":3.7622642927,"log_mass":5.3599627202},{"country_iso":"UZB","city_id":6008,"log_pop":2.8816230945,"log_mass":4.4274972651},{"country_iso":"UZB","city_id":6008,"log_pop":3.1180318814,"log_mass":4.69839999},{"country_iso":"UZB","city_id":6008,"log_pop":3.8895837393,"log_mass":5.5241940967},{"country_iso":"UZB","city_id":6008,"log_pop":4.7929641726,"log_mass":6.4612703855},{"country_iso":"UZB","city_id":6008,"log_pop":3.5209097962,"log_mass":5.1938566341},{"country_iso":"UZB","city_id":6008,"log_pop":3.7720158166,"log_mass":5.3837648879},{"country_iso":"UZB","city_id":6008,"log_pop":3.3466071722,"log_mass":5.0368091093},{"country_iso":"UZB","city_id":6008,"log_pop":2.8357136444,"log_mass":4.92528639},{"country_iso":"UZB","city_id":6008,"log_pop":4.0030308615,"log_mass":5.5399420173},{"country_iso":"UZB","city_id":6008,"log_pop":4.3498611121,"log_mass":5.9594588554},{"country_iso":"UZB","city_id":6008,"log_pop":3.6383524142,"log_mass":6.8038791202},{"country_iso":"UZB","city_id":6008,"log_pop":3.6678859842,"log_mass":6.8948834702},{"country_iso":"UZB","city_id":6008,"log_pop":3.5237982297,"log_mass":6.677851249},{"country_iso":"UZB","city_id":6008,"log_pop":3.421603501,"log_mass":6.5260224363},{"country_iso":"UZB","city_id":6008,"log_pop":3.4452596414,"log_mass":6.6227139864},{"country_iso":"UZB","city_id":6008,"log_pop":3.5027166926,"log_mass":6.6654906349},{"country_iso":"UZB","city_id":6008,"log_pop":3.5304489387,"log_mass":6.7057267222},{"country_iso":"UZB","city_id":6008,"log_pop":3.6250982832,"log_mass":6.811566189},{"country_iso":"UZB","city_id":6008,"log_pop":3.6558330434,"log_mass":6.8549335813},{"country_iso":"UZB","city_id":6008,"log_pop":3.4511401188,"log_mass":6.5769726449},{"country_iso":"UZB","city_id":6008,"log_pop":3.6611332186,"log_mass":6.8023291003},{"country_iso":"UZB","city_id":6008,"log_pop":3.6709791632,"log_mass":6.921211276},{"country_iso":"UZB","city_id":6008,"log_pop":3.6346126254,"log_mass":6.8570679269},{"country_iso":"UZB","city_id":6008,"log_pop":3.5525503422,"log_mass":6.6889601372},{"country_iso":"UZB","city_id":6008,"log_pop":0.9447245728,"log_mass":4.0143315988},{"country_iso":"UZB","city_id":6008,"log_pop":4.2539266801,"log_mass":6.5339668875},{"country_iso":"UZB","city_id":6008,"log_pop":2.6357790039,"log_mass":4.2924061779},{"country_iso":"UZB","city_id":6008,"log_pop":4.6279838087,"log_mass":6.3333006376},{"country_iso":"UZB","city_id":6008,"log_pop":2.482264122,"log_mass":5.5821723641},{"country_iso":"UZB","city_id":6008,"log_pop":3.4799682686,"log_mass":6.6166152364},{"country_iso":"UZB","city_id":6008,"log_pop":2.9999979815,"log_mass":6.069394027},{"country_iso":"UZB","city_id":6008,"log_pop":1.768548081,"log_mass":4.6947429041},{"country_iso":"UZB","city_id":6008,"log_pop":3.5227937986,"log_mass":6.6184362878},{"country_iso":"UZB","city_id":6008,"log_pop":0.496340869,"log_mass":3.7767407003},{"country_iso":"UZB","city_id":6008,"log_pop":3.3133872561,"log_mass":6.4087896557},{"country_iso":"UZB","city_id":6008,"log_pop":2.7293271108,"log_mass":5.8581568457},{"country_iso":"UZB","city_id":6008,"log_pop":3.1721585988,"log_mass":6.2152572835},{"country_iso":"UZB","city_id":6008,"log_pop":1.5622174623,"log_mass":4.6985320393},{"country_iso":"UZB","city_id":6008,"log_pop":3.5473975936,"log_mass":6.6504995445},{"country_iso":"UZB","city_id":6008,"log_pop":1.812695044,"log_mass":4.9423241419},{"country_iso":"UZB","city_id":6008,"log_pop":3.6156124529,"log_mass":6.783467336},{"country_iso":"UZB","city_id":6008,"log_pop":1.406908879,"log_mass":3.8689370169},{"country_iso":"UZB","city_id":6008,"log_pop":3.2674595969,"log_mass":5.0967612754},{"country_iso":"UZB","city_id":6008,"log_pop":2.8072767262,"log_mass":4.2872160964},{"country_iso":"UZB","city_id":6008,"log_pop":3.0062051134,"log_mass":6.1721075499},{"country_iso":"UZB","city_id":6008,"log_pop":2.8929734792,"log_mass":6.0320242438},{"country_iso":"UZB","city_id":6008,"log_pop":3.5880777599,"log_mass":6.7785222151},{"country_iso":"UZB","city_id":6008,"log_pop":3.6344607999,"log_mass":6.8349297191},{"country_iso":"UZB","city_id":6008,"log_pop":3.5942360717,"log_mass":6.7912951221},{"country_iso":"UZB","city_id":6008,"log_pop":3.5812041503,"log_mass":6.7776986099},{"country_iso":"UZB","city_id":6008,"log_pop":2.5779418124,"log_mass":5.5789974687},{"country_iso":"UZB","city_id":6008,"log_pop":3.4728008992,"log_mass":6.6278171682},{"country_iso":"UZB","city_id":6008,"log_pop":3.5300619498,"log_mass":6.6983608872},{"country_iso":"UZB","city_id":6008,"log_pop":2.5675421405,"log_mass":5.7584364343},{"country_iso":"UZB","city_id":6008,"log_pop":3.5637238316,"log_mass":6.8129496083},{"country_iso":"UZB","city_id":6008,"log_pop":2.7908442939,"log_mass":5.9343989916},{"country_iso":"UZB","city_id":6008,"log_pop":3.4015260643,"log_mass":6.5774622902},{"country_iso":"UZB","city_id":6008,"log_pop":3.1684571903,"log_mass":6.3287965702},{"country_iso":"UZB","city_id":6008,"log_pop":2.2481898659,"log_mass":5.4649735476},{"country_iso":"UZB","city_id":6008,"log_pop":3.5561129367,"log_mass":6.7063088249},{"country_iso":"UZB","city_id":6008,"log_pop":2.7327784806,"log_mass":5.7613009297},{"country_iso":"UZB","city_id":6008,"log_pop":3.6478606161,"log_mass":6.8384188171},{"country_iso":"UZB","city_id":6008,"log_pop":3.6404847533,"log_mass":6.8159681926},{"country_iso":"UZB","city_id":6008,"log_pop":3.173108872,"log_mass":6.3788036209},{"country_iso":"UZB","city_id":6008,"log_pop":2.9779408502,"log_mass":6.1399699028},{"country_iso":"UZB","city_id":6008,"log_pop":3.6031877573,"log_mass":6.8120746863},{"country_iso":"UZB","city_id":6008,"log_pop":3.3541645322,"log_mass":6.4722622527},{"country_iso":"UZB","city_id":6008,"log_pop":2.7285208022,"log_mass":5.7790797439},{"country_iso":"UZB","city_id":6008,"log_pop":3.3154587532,"log_mass":6.4297339922},{"country_iso":"UZB","city_id":6008,"log_pop":3.6700336671,"log_mass":6.8870859289},{"country_iso":"UZB","city_id":6008,"log_pop":3.6435911104,"log_mass":6.8479262897},{"country_iso":"UZB","city_id":6008,"log_pop":3.6202250772,"log_mass":6.8249710705},{"country_iso":"UZB","city_id":6008,"log_pop":3.603175101,"log_mass":6.7793433907},{"country_iso":"UZB","city_id":6008,"log_pop":3.6568749526,"log_mass":6.8593830635},{"country_iso":"UZB","city_id":6008,"log_pop":3.6802131231,"log_mass":6.8659765063},{"country_iso":"UZB","city_id":6008,"log_pop":3.6563204395,"log_mass":6.8512105072},{"country_iso":"UZB","city_id":6008,"log_pop":3.643413323,"log_mass":6.8328877754},{"country_iso":"UZB","city_id":6008,"log_pop":3.5995126049,"log_mass":6.7315653085},{"country_iso":"UZB","city_id":6008,"log_pop":3.614968095,"log_mass":6.8141386498},{"country_iso":"UZB","city_id":6008,"log_pop":3.6527904234,"log_mass":6.8329542279},{"country_iso":"UZB","city_id":6008,"log_pop":3.6159539773,"log_mass":6.7760779138},{"country_iso":"UZB","city_id":6008,"log_pop":3.5507020006,"log_mass":6.7142412599},{"country_iso":"UZB","city_id":6008,"log_pop":3.6512661421,"log_mass":6.8714881001},{"country_iso":"UZB","city_id":6008,"log_pop":3.2550483223,"log_mass":6.3695741027},{"country_iso":"UZB","city_id":6008,"log_pop":3.3841803817,"log_mass":6.572367805},{"country_iso":"UZB","city_id":6008,"log_pop":3.6190481667,"log_mass":6.8297600487},{"country_iso":"UZB","city_id":6008,"log_pop":3.6317932476,"log_mass":6.8202666216},{"country_iso":"UZB","city_id":6008,"log_pop":3.0323486917,"log_mass":6.1913512621},{"country_iso":"UZB","city_id":6008,"log_pop":2.8704824656,"log_mass":4.9691479415},{"country_iso":"UZB","city_id":6008,"log_pop":3.747902554,"log_mass":5.3385467876},{"country_iso":"UZB","city_id":6008,"log_pop":-0.2279663217,"log_mass":3.3381399555},{"country_iso":"UZB","city_id":6008,"log_pop":3.556774068,"log_mass":5.2273224526},{"country_iso":"UZB","city_id":5991,"log_pop":2.05970219,"log_mass":5.0050008196},{"country_iso":"UZB","city_id":5991,"log_pop":2.0642972678,"log_mass":4.8443559288},{"country_iso":"UZB","city_id":5991,"log_pop":1.5380900021,"log_mass":4.3809866302},{"country_iso":"UZB","city_id":5991,"log_pop":3.3186350659,"log_mass":6.1060324545},{"country_iso":"UZB","city_id":5991,"log_pop":3.5009161728,"log_mass":6.3098805262},{"country_iso":"UZB","city_id":5991,"log_pop":2.2901677839,"log_mass":5.0528996719},{"country_iso":"UZB","city_id":5991,"log_pop":0.5251312141,"log_mass":3.5453481559},{"country_iso":"UZB","city_id":5991,"log_pop":3.944709958,"log_mass":6.8008522305},{"country_iso":"UZB","city_id":5991,"log_pop":3.9094529456,"log_mass":6.7380393539},{"country_iso":"UZB","city_id":5991,"log_pop":3.9215421017,"log_mass":6.8199903745},{"country_iso":"UZB","city_id":5991,"log_pop":3.966985907,"log_mass":6.8004908174},{"country_iso":"UZB","city_id":5991,"log_pop":3.8341442765,"log_mass":6.6339245696},{"country_iso":"UZB","city_id":5991,"log_pop":3.7521722066,"log_mass":6.5938884154},{"country_iso":"UZB","city_id":5991,"log_pop":3.8750263583,"log_mass":6.7406508502},{"country_iso":"UZB","city_id":5991,"log_pop":3.3022363264,"log_mass":6.1263356644},{"country_iso":"UZB","city_id":5991,"log_pop":3.8944225839,"log_mass":6.7113869651},{"country_iso":"UZB","city_id":5991,"log_pop":3.2630030327,"log_mass":5.9369326775},{"country_iso":"UZB","city_id":5991,"log_pop":3.4379729326,"log_mass":6.230961995},{"country_iso":"UZB","city_id":5991,"log_pop":2.6259149117,"log_mass":5.4191861579},{"country_iso":"UZB","city_id":5991,"log_pop":3.7596661943,"log_mass":6.5464786004},{"country_iso":"UZB","city_id":5991,"log_pop":3.5552954764,"log_mass":6.3500561211},{"country_iso":"UZB","city_id":5991,"log_pop":2.207371226,"log_mass":4.8396844803},{"country_iso":"UZB","city_id":5991,"log_pop":3.1500580768,"log_mass":5.9673624652},{"country_iso":"UZB","city_id":5991,"log_pop":1.5414725508,"log_mass":4.4552813027},{"country_iso":"UZB","city_id":5991,"log_pop":1.7920993588,"log_mass":4.8727454872},{"country_iso":"UZB","city_id":5991,"log_pop":3.4133468148,"log_mass":6.2057204069},{"country_iso":"UZB","city_id":5991,"log_pop":3.410380583,"log_mass":6.2637489262},{"country_iso":"UZB","city_id":5991,"log_pop":2.8763503897,"log_mass":5.8502086101},{"country_iso":"UZB","city_id":5991,"log_pop":3.019658025,"log_mass":5.9345235384},{"country_iso":"UZB","city_id":5991,"log_pop":3.7304631631,"log_mass":6.5952799857},{"country_iso":"UZB","city_id":5991,"log_pop":3.5088298095,"log_mass":6.4163334408},{"country_iso":"UZB","city_id":5991,"log_pop":2.1634215932,"log_mass":4.9552331434},{"country_iso":"UZB","city_id":5991,"log_pop":2.2897385049,"log_mass":5.0892312837},{"country_iso":"UZB","city_id":5991,"log_pop":3.8765195655,"log_mass":6.7256736911},{"country_iso":"UZB","city_id":5991,"log_pop":3.2128616131,"log_mass":5.9557384453},{"country_iso":"UZB","city_id":5991,"log_pop":2.9197942058,"log_mass":5.7361522591},{"country_iso":"UZB","city_id":5991,"log_pop":3.7307206666,"log_mass":6.5546760665},{"country_iso":"UZB","city_id":5991,"log_pop":3.8047663513,"log_mass":6.7223803175},{"country_iso":"UZB","city_id":5991,"log_pop":3.6636487577,"log_mass":6.5759378431},{"country_iso":"UZB","city_id":5991,"log_pop":3.7441445517,"log_mass":6.6539389426},{"country_iso":"UZB","city_id":5991,"log_pop":3.5970515961,"log_mass":6.5228044853},{"country_iso":"UZB","city_id":5991,"log_pop":3.9091379403,"log_mass":6.8143482884},{"country_iso":"UZB","city_id":5991,"log_pop":3.9449748116,"log_mass":6.8008993082},{"country_iso":"UZB","city_id":5991,"log_pop":3.8249289813,"log_mass":6.7249248528},{"country_iso":"UZB","city_id":5991,"log_pop":3.2741283629,"log_mass":6.09991973},{"country_iso":"UZB","city_id":5991,"log_pop":3.7532780298,"log_mass":6.6530589517},{"country_iso":"UZB","city_id":5991,"log_pop":3.5558336903,"log_mass":6.4051596805},{"country_iso":"UZB","city_id":5991,"log_pop":3.1671414049,"log_mass":5.9535044487},{"country_iso":"UZB","city_id":5991,"log_pop":3.7023750928,"log_mass":6.4979066324},{"country_iso":"UZB","city_id":5991,"log_pop":2.3713261179,"log_mass":5.2123942571},{"country_iso":"UZB","city_id":5991,"log_pop":2.1581127233,"log_mass":4.999179598},{"country_iso":"UZB","city_id":5991,"log_pop":3.6554880361,"log_mass":6.4278867036},{"country_iso":"UZB","city_id":6080,"log_pop":2.0159732103,"log_mass":4.8482616559},{"country_iso":"UZB","city_id":6080,"log_pop":2.8999891342,"log_mass":5.7781219306},{"country_iso":"UZB","city_id":6080,"log_pop":3.7809738513,"log_mass":6.6310493865},{"country_iso":"UZB","city_id":6080,"log_pop":3.5914511177,"log_mass":6.4495164108},{"country_iso":"UZB","city_id":6080,"log_pop":2.9820000466,"log_mass":5.865287015},{"country_iso":"UZB","city_id":6080,"log_pop":3.9110326947,"log_mass":6.7982803046},{"country_iso":"UZB","city_id":6080,"log_pop":3.9052879598,"log_mass":6.788237351},{"country_iso":"UZB","city_id":6080,"log_pop":3.6973652382,"log_mass":6.6670249193},{"country_iso":"UZB","city_id":6080,"log_pop":3.8224516093,"log_mass":6.7822460024},{"country_iso":"UZB","city_id":6080,"log_pop":3.8412396032,"log_mass":6.6403504817},{"country_iso":"UZB","city_id":6080,"log_pop":3.8184644941,"log_mass":6.6573564518},{"country_iso":"UZB","city_id":6080,"log_pop":3.8485600348,"log_mass":6.7635067021},{"country_iso":"UZB","city_id":6080,"log_pop":2.2328934875,"log_mass":5.2105387683},{"country_iso":"UZB","city_id":6080,"log_pop":3.2974737845,"log_mass":6.2629137858},{"country_iso":"UZB","city_id":6080,"log_pop":2.6410853356,"log_mass":5.6301448435},{"country_iso":"UZB","city_id":6080,"log_pop":3.0998309543,"log_mass":6.086358357},{"country_iso":"UZB","city_id":6080,"log_pop":2.89676021,"log_mass":5.9605048975},{"country_iso":"UZB","city_id":6080,"log_pop":2.4997161658,"log_mass":5.516134023},{"country_iso":"UZB","city_id":6080,"log_pop":3.2620241909,"log_mass":6.221258457},{"country_iso":"UZB","city_id":6080,"log_pop":3.4044074662,"log_mass":6.3119297391},{"country_iso":"UZB","city_id":6080,"log_pop":3.0920917734,"log_mass":6.05897904},{"country_iso":"UZB","city_id":6080,"log_pop":3.5965155399,"log_mass":6.4095183099},{"country_iso":"UZB","city_id":6080,"log_pop":3.5009780641,"log_mass":6.3326935015},{"country_iso":"UZB","city_id":6080,"log_pop":2.2197124003,"log_mass":5.0313770138},{"country_iso":"UZB","city_id":6080,"log_pop":2.6873607116,"log_mass":5.6353187767},{"country_iso":"UZB","city_id":6080,"log_pop":3.4014495349,"log_mass":6.2822114226},{"country_iso":"UZB","city_id":6080,"log_pop":1.6450797059,"log_mass":4.6359376709},{"country_iso":"UZB","city_id":6080,"log_pop":3.1060674026,"log_mass":6.0344611239},{"country_iso":"UZB","city_id":6080,"log_pop":3.5540603165,"log_mass":6.4856918142},{"country_iso":"UZB","city_id":6080,"log_pop":3.1358098888,"log_mass":6.0533092931},{"country_iso":"UZB","city_id":6080,"log_pop":3.7782886251,"log_mass":6.6657867435},{"country_iso":"UZB","city_id":6080,"log_pop":3.6031304089,"log_mass":6.5102195943},{"country_iso":"UZB","city_id":6080,"log_pop":3.7141764768,"log_mass":6.6494894734},{"country_iso":"UZB","city_id":6080,"log_pop":3.4450430493,"log_mass":6.3514449702},{"country_iso":"UZB","city_id":6080,"log_pop":3.4841321105,"log_mass":6.3675956113},{"country_iso":"UZB","city_id":6080,"log_pop":3.5997640487,"log_mass":6.4687107454},{"country_iso":"UZB","city_id":6080,"log_pop":3.4537916427,"log_mass":6.3284696479},{"country_iso":"UZB","city_id":6080,"log_pop":3.1607334573,"log_mass":6.0537501212},{"country_iso":"UZB","city_id":6080,"log_pop":3.304981586,"log_mass":6.1189938719},{"country_iso":"UZB","city_id":6080,"log_pop":3.6788177627,"log_mass":6.5269728895},{"country_iso":"UZB","city_id":6080,"log_pop":3.4543566937,"log_mass":6.3372630693},{"country_iso":"UZB","city_id":6080,"log_pop":3.3872886383,"log_mass":6.2000976032},{"country_iso":"UZB","city_id":6080,"log_pop":3.6952554896,"log_mass":6.5713827491},{"country_iso":"UZB","city_id":6080,"log_pop":0.1784571402,"log_mass":3.5305947554},{"country_iso":"UZB","city_id":6080,"log_pop":2.8231503805,"log_mass":5.7143097772},{"country_iso":"UZB","city_id":6080,"log_pop":3.2430261402,"log_mass":6.2590715188},{"country_iso":"UZB","city_id":6080,"log_pop":3.5371064615,"log_mass":6.5057927292},{"country_iso":"UZB","city_id":6080,"log_pop":1.3640597476,"log_mass":4.4283932671},{"country_iso":"UZB","city_id":5980,"log_pop":2.4821404379,"log_mass":5.3357028926},{"country_iso":"UZB","city_id":5980,"log_pop":3.1434264357,"log_mass":5.9868699727},{"country_iso":"UZB","city_id":5980,"log_pop":3.4598010886,"log_mass":6.3473608334},{"country_iso":"UZB","city_id":5980,"log_pop":1.9645973749,"log_mass":4.9914742489},{"country_iso":"UZB","city_id":5980,"log_pop":2.5679738469,"log_mass":5.5126278108},{"country_iso":"UZB","city_id":5980,"log_pop":1.0911891501,"log_mass":4.1987866448},{"country_iso":"UZB","city_id":5980,"log_pop":3.7490119862,"log_mass":6.6865855565},{"country_iso":"UZB","city_id":5980,"log_pop":3.4980816569,"log_mass":6.4299771478},{"country_iso":"UZB","city_id":5980,"log_pop":3.6858536881,"log_mass":6.6218902706},{"country_iso":"UZB","city_id":5980,"log_pop":2.1589064683,"log_mass":5.1690201588},{"country_iso":"UZB","city_id":5980,"log_pop":3.2380415991,"log_mass":6.1416024213},{"country_iso":"UZB","city_id":5980,"log_pop":3.2844737038,"log_mass":6.0759186438},{"country_iso":"UZB","city_id":5980,"log_pop":3.717995826,"log_mass":6.6653050495},{"country_iso":"UZB","city_id":5980,"log_pop":3.8148347495,"log_mass":6.7193867264},{"country_iso":"UZB","city_id":5980,"log_pop":2.7633122046,"log_mass":5.6007938919},{"country_iso":"UZB","city_id":5980,"log_pop":2.6926878785,"log_mass":5.4386881588},{"country_iso":"UZB","city_id":5980,"log_pop":2.7805025344,"log_mass":5.7799687254},{"country_iso":"UZB","city_id":5980,"log_pop":2.3885949222,"log_mass":5.3351074334},{"country_iso":"UZB","city_id":5980,"log_pop":1.4071160011,"log_mass":4.8230787485},{"country_iso":"UZB","city_id":5980,"log_pop":3.0058751523,"log_mass":5.9590412141},{"country_iso":"UZB","city_id":5980,"log_pop":3.2098542134,"log_mass":6.0937512364},{"country_iso":"UZB","city_id":5980,"log_pop":2.4446282394,"log_mass":5.3777946532},{"country_iso":"UZB","city_id":5980,"log_pop":3.1248509661,"log_mass":6.0554609985},{"country_iso":"UZB","city_id":5980,"log_pop":3.0101179156,"log_mass":5.9872674538},{"country_iso":"UZB","city_id":5980,"log_pop":3.3672135291,"log_mass":6.2341692006},{"country_iso":"UZB","city_id":5980,"log_pop":2.3982100982,"log_mass":5.3172358623},{"country_iso":"UZB","city_id":5980,"log_pop":2.8161971741,"log_mass":5.768551756},{"country_iso":"UZB","city_id":5980,"log_pop":3.3557210597,"log_mass":6.2644218502},{"country_iso":"UZB","city_id":5980,"log_pop":3.6691496157,"log_mass":6.5789010243},{"country_iso":"UZB","city_id":5980,"log_pop":2.0439643527,"log_mass":5.2415578867},{"country_iso":"UZB","city_id":5980,"log_pop":3.5119933688,"log_mass":6.436140764},{"country_iso":"UZB","city_id":5980,"log_pop":3.0348389129,"log_mass":5.9071140778},{"country_iso":"UZB","city_id":5980,"log_pop":3.2142170238,"log_mass":6.1799375657},{"country_iso":"UZB","city_id":5980,"log_pop":0.7124802985,"log_mass":4.1511276639},{"country_iso":"UZB","city_id":5980,"log_pop":2.5577572916,"log_mass":5.5219760909},{"country_iso":"UZB","city_id":5980,"log_pop":3.1705159642,"log_mass":6.1315942031},{"country_iso":"UZB","city_id":5980,"log_pop":2.4626595122,"log_mass":5.4334348115},{"country_iso":"UZB","city_id":5980,"log_pop":2.3520591903,"log_mass":5.4451178852},{"country_iso":"UZB","city_id":5980,"log_pop":2.0689452274,"log_mass":4.8599440763},{"country_iso":"UZB","city_id":5980,"log_pop":2.3892102376,"log_mass":5.2192487962},{"country_iso":"UZB","city_id":5980,"log_pop":2.525583813,"log_mass":5.4933967144},{"country_iso":"UZB","city_id":5980,"log_pop":-1.4004363316,"log_mass":3.7740060469},{"country_iso":"UZB","city_id":6094,"log_pop":2.0406528051,"log_mass":5.0126148843},{"country_iso":"UZB","city_id":6094,"log_pop":3.5345219079,"log_mass":6.5176377125},{"country_iso":"UZB","city_id":6094,"log_pop":3.2520576108,"log_mass":6.1971661276},{"country_iso":"UZB","city_id":6094,"log_pop":3.8761330759,"log_mass":6.7497163871},{"country_iso":"UZB","city_id":6094,"log_pop":3.8117911244,"log_mass":6.7549053236},{"country_iso":"UZB","city_id":6094,"log_pop":1.731178396,"log_mass":4.5841280723},{"country_iso":"UZB","city_id":6094,"log_pop":2.8075305535,"log_mass":5.7404232426},{"country_iso":"UZB","city_id":6094,"log_pop":3.022672899,"log_mass":5.9202474947},{"country_iso":"UZB","city_id":6094,"log_pop":2.9687243522,"log_mass":5.7836221482},{"country_iso":"UZB","city_id":6094,"log_pop":2.9799810519,"log_mass":5.7423894163},{"country_iso":"UZB","city_id":6094,"log_pop":3.3462217291,"log_mass":6.1859496046},{"country_iso":"UZB","city_id":6094,"log_pop":1.5416780385,"log_mass":4.4193341226},{"country_iso":"UZB","city_id":6094,"log_pop":2.7770565338,"log_mass":5.798038827},{"country_iso":"UZB","city_id":6094,"log_pop":3.564890914,"log_mass":6.4736973648},{"country_iso":"UZB","city_id":6094,"log_pop":2.7418931918,"log_mass":5.6117033846},{"country_iso":"UZB","city_id":6094,"log_pop":3.7407514157,"log_mass":6.6194758272},{"country_iso":"UZB","city_id":6094,"log_pop":2.1788895266,"log_mass":5.0349033798},{"country_iso":"UZB","city_id":6094,"log_pop":2.8825253785,"log_mass":5.7283624497},{"country_iso":"UZB","city_id":6094,"log_pop":3.8319581626,"log_mass":6.6205189981},{"country_iso":"UZB","city_id":6094,"log_pop":3.5039180718,"log_mass":6.2859711822},{"country_iso":"UZB","city_id":6094,"log_pop":3.1405883343,"log_mass":5.9683809878},{"country_iso":"UZB","city_id":6094,"log_pop":3.5242580055,"log_mass":6.3915299747},{"country_iso":"UZB","city_id":6094,"log_pop":3.893833412,"log_mass":6.7190583908},{"country_iso":"UZB","city_id":6094,"log_pop":3.4370124597,"log_mass":6.2647345951},{"country_iso":"UZB","city_id":6094,"log_pop":3.6328520353,"log_mass":6.4028924834},{"country_iso":"UZB","city_id":6094,"log_pop":3.954242584,"log_mass":6.8009695474},{"country_iso":"UZB","city_id":6094,"log_pop":2.466127662,"log_mass":5.4819209077},{"country_iso":"UZB","city_id":6094,"log_pop":3.4145437783,"log_mass":6.2219765388},{"country_iso":"UZB","city_id":6094,"log_pop":2.4393147421,"log_mass":5.3733899495},{"country_iso":"UZB","city_id":6094,"log_pop":3.7658392137,"log_mass":6.6279883289},{"country_iso":"UZB","city_id":6094,"log_pop":3.0344458221,"log_mass":5.864629967},{"country_iso":"UZB","city_id":6094,"log_pop":3.8817472577,"log_mass":6.7128839082},{"country_iso":"UZB","city_id":6094,"log_pop":3.6258340092,"log_mass":6.4489521006},{"country_iso":"UZB","city_id":6094,"log_pop":2.3986128836,"log_mass":5.2778910131},{"country_iso":"UZB","city_id":6094,"log_pop":3.5050553451,"log_mass":6.2976548854},{"country_iso":"UZB","city_id":6094,"log_pop":3.8277017095,"log_mass":6.6002742312},{"country_iso":"UZB","city_id":6094,"log_pop":2.7493709259,"log_mass":5.6175878109},{"country_iso":"UZB","city_id":6094,"log_pop":3.6057808371,"log_mass":6.4541000226},{"country_iso":"UZB","city_id":6094,"log_pop":3.100077262,"log_mass":5.8492231432},{"country_iso":"UZB","city_id":6094,"log_pop":3.8668104002,"log_mass":6.7683966366},{"country_iso":"UZB","city_id":6094,"log_pop":3.8534256822,"log_mass":6.732971837},{"country_iso":"UZB","city_id":6094,"log_pop":3.8464606695,"log_mass":6.6513532248},{"country_iso":"UZB","city_id":6107,"log_pop":3.9545631125,"log_mass":6.8088938641},{"country_iso":"UZB","city_id":6107,"log_pop":3.9455521139,"log_mass":6.757224194},{"country_iso":"UZB","city_id":6107,"log_pop":3.860058388,"log_mass":6.782330842},{"country_iso":"UZB","city_id":6107,"log_pop":3.9220618457,"log_mass":6.7954763404},{"country_iso":"UZB","city_id":6107,"log_pop":3.8592654917,"log_mass":6.6830980116},{"country_iso":"UZB","city_id":6107,"log_pop":3.93033405,"log_mass":6.7645993526},{"country_iso":"UZB","city_id":6107,"log_pop":3.9033307207,"log_mass":6.7510335754},{"country_iso":"UZB","city_id":6107,"log_pop":3.4755072133,"log_mass":6.2280460177},{"country_iso":"UZB","city_id":6107,"log_pop":3.5964169806,"log_mass":6.4143909693},{"country_iso":"UZB","city_id":6107,"log_pop":2.7933893534,"log_mass":5.6708561788},{"country_iso":"UZB","city_id":6107,"log_pop":3.7247876741,"log_mass":6.6590867453},{"country_iso":"UZB","city_id":6107,"log_pop":3.2359142674,"log_mass":6.1792018884},{"country_iso":"UZB","city_id":6107,"log_pop":3.5337442497,"log_mass":6.3927661485},{"country_iso":"UZB","city_id":6107,"log_pop":3.5914231943,"log_mass":6.5459464959},{"country_iso":"UZB","city_id":6107,"log_pop":3.2514822263,"log_mass":6.1226433937},{"country_iso":"UZB","city_id":6107,"log_pop":3.80924884,"log_mass":6.7775884457},{"country_iso":"UZB","city_id":6107,"log_pop":3.6135383735,"log_mass":6.5271155734},{"country_iso":"UZB","city_id":6107,"log_pop":3.5590097344,"log_mass":6.5071568828},{"country_iso":"UZB","city_id":6107,"log_pop":2.937114975,"log_mass":5.7968283637},{"country_iso":"UZB","city_id":6107,"log_pop":3.6131765231,"log_mass":6.3993353214},{"country_iso":"UZB","city_id":6107,"log_pop":3.1042287337,"log_mass":5.9107135594},{"country_iso":"UZB","city_id":6107,"log_pop":3.6149856236,"log_mass":6.3805237091},{"country_iso":"UZB","city_id":6107,"log_pop":0.920589526,"log_mass":4.3482212974},{"country_iso":"UZB","city_id":6107,"log_pop":1.026645409,"log_mass":4.0378358787},{"country_iso":"UZB","city_id":6107,"log_pop":3.8159514976,"log_mass":6.6209682591},{"country_iso":"UZB","city_id":6107,"log_pop":1.5698531342,"log_mass":4.8075848318},{"country_iso":"UZB","city_id":6107,"log_pop":2.7194169042,"log_mass":5.5147369463},{"country_iso":"UZB","city_id":6107,"log_pop":3.7386186344,"log_mass":6.5162313643},{"country_iso":"UZB","city_id":6107,"log_pop":3.370205714,"log_mass":6.1828899397},{"country_iso":"UZB","city_id":6107,"log_pop":2.6854495539,"log_mass":5.4851266248},{"country_iso":"UZB","city_id":6107,"log_pop":2.4958670211,"log_mass":5.332424864},{"country_iso":"UZB","city_id":6107,"log_pop":3.1383112952,"log_mass":5.8373774274},{"country_iso":"UZB","city_id":6000,"log_pop":2.3777827813,"log_mass":5.4444078536},{"country_iso":"UZB","city_id":6000,"log_pop":2.7815335945,"log_mass":5.7918400103},{"country_iso":"UZB","city_id":6000,"log_pop":1.7213088375,"log_mass":4.9245145445},{"country_iso":"UZB","city_id":6000,"log_pop":3.2163402542,"log_mass":6.2950630848},{"country_iso":"UZB","city_id":6000,"log_pop":2.9695629024,"log_mass":6.1354340777},{"country_iso":"UZB","city_id":6000,"log_pop":2.1597269455,"log_mass":5.1794111663},{"country_iso":"UZB","city_id":6000,"log_pop":3.6112656967,"log_mass":6.6926045087},{"country_iso":"UZB","city_id":6000,"log_pop":3.3531349565,"log_mass":6.4182584767},{"country_iso":"UZB","city_id":6000,"log_pop":1.9058534632,"log_mass":4.9324457842},{"country_iso":"UZB","city_id":6000,"log_pop":-0.1756241377,"log_mass":3.8212758225},{"country_iso":"UZB","city_id":6000,"log_pop":3.3558670096,"log_mass":6.537977803},{"country_iso":"UZB","city_id":6000,"log_pop":2.5970701857,"log_mass":5.8503339932},{"country_iso":"UZB","city_id":6000,"log_pop":2.9851939871,"log_mass":6.2637767766},{"country_iso":"UZB","city_id":6000,"log_pop":3.6004728128,"log_mass":6.6597542283},{"country_iso":"UZB","city_id":6000,"log_pop":3.5113798801,"log_mass":6.6252261547},{"country_iso":"UZB","city_id":6000,"log_pop":3.6081889061,"log_mass":6.6303903762},{"country_iso":"UZB","city_id":6000,"log_pop":3.5836031191,"log_mass":6.6344780402},{"country_iso":"UZB","city_id":6000,"log_pop":3.5466502911,"log_mass":6.6462497657},{"country_iso":"UZB","city_id":6000,"log_pop":3.5332149987,"log_mass":6.697452743},{"country_iso":"UZB","city_id":6000,"log_pop":3.071163969,"log_mass":6.1337183719},{"country_iso":"UZB","city_id":6000,"log_pop":0.0551824561,"log_mass":3.8417914282},{"country_iso":"UZB","city_id":6000,"log_pop":0.3788213589,"log_mass":3.8037557706},{"country_iso":"UZB","city_id":6000,"log_pop":3.2739626536,"log_mass":6.4607235343},{"country_iso":"UZB","city_id":6000,"log_pop":0.6700178423,"log_mass":3.6719821586},{"country_iso":"UZB","city_id":6000,"log_pop":3.2630829928,"log_mass":6.2686057601},{"country_iso":"UZB","city_id":6000,"log_pop":2.6438449969,"log_mass":5.5773567235},{"country_iso":"UZB","city_id":6000,"log_pop":2.561059978,"log_mass":5.5747597723},{"country_iso":"UZB","city_id":6065,"log_pop":2.6297795675,"log_mass":5.3890219459},{"country_iso":"UZB","city_id":6065,"log_pop":3.6016673648,"log_mass":6.4415447145},{"country_iso":"UZB","city_id":6065,"log_pop":2.3174111205,"log_mass":5.1012280596},{"country_iso":"UZB","city_id":6065,"log_pop":2.3727705773,"log_mass":5.2477538522},{"country_iso":"UZB","city_id":6065,"log_pop":3.4794015582,"log_mass":6.3335581068},{"country_iso":"UZB","city_id":6065,"log_pop":0.4099587741,"log_mass":3.4986757192},{"country_iso":"UZB","city_id":6065,"log_pop":3.1119493247,"log_mass":5.9996156336},{"country_iso":"UZB","city_id":6065,"log_pop":3.9531372057,"log_mass":6.7165105063},{"country_iso":"UZB","city_id":6065,"log_pop":3.89200288,"log_mass":6.6753607231},{"country_iso":"UZB","city_id":6065,"log_pop":3.5711360336,"log_mass":6.3229923978},{"country_iso":"UZB","city_id":6065,"log_pop":3.5365538592,"log_mass":6.3173568443},{"country_iso":"UZB","city_id":6065,"log_pop":3.8276805097,"log_mass":6.6958048259},{"country_iso":"UZB","city_id":6065,"log_pop":3.8555787163,"log_mass":6.6744845087},{"country_iso":"UZB","city_id":6065,"log_pop":3.7753935296,"log_mass":6.5625666582},{"country_iso":"UZB","city_id":6065,"log_pop":3.0538248863,"log_mass":5.8698493192},{"country_iso":"UZB","city_id":6065,"log_pop":2.7597143144,"log_mass":5.5134285311},{"country_iso":"UZB","city_id":6065,"log_pop":1.9429573624,"log_mass":4.8751245482},{"country_iso":"UZB","city_id":6065,"log_pop":3.2488742477,"log_mass":6.1695583496},{"country_iso":"UZB","city_id":6065,"log_pop":2.4854827553,"log_mass":5.3111666831},{"country_iso":"UZB","city_id":6065,"log_pop":3.4872065678,"log_mass":6.3250429402},{"country_iso":"UZB","city_id":6065,"log_pop":1.0491880139,"log_mass":3.763091794},{"country_iso":"UZB","city_id":6065,"log_pop":2.8291626991,"log_mass":5.50036083},{"country_iso":"UZB","city_id":5995,"log_pop":2.3713853879,"log_mass":5.5176375456},{"country_iso":"UZB","city_id":5995,"log_pop":3.5575768807,"log_mass":6.4772873163},{"country_iso":"UZB","city_id":5995,"log_pop":0.1102422422,"log_mass":4.1066954378},{"country_iso":"UZB","city_id":5995,"log_pop":2.6397816155,"log_mass":5.7074767207},{"country_iso":"UZB","city_id":5995,"log_pop":0.7893600266,"log_mass":4.4187549938},{"country_iso":"UZB","city_id":5995,"log_pop":2.7369208528,"log_mass":5.7874329372},{"country_iso":"UZB","city_id":5995,"log_pop":2.8685356366,"log_mass":5.8145994316},{"country_iso":"UZB","city_id":5995,"log_pop":1.5991239178,"log_mass":4.5503980783},{"country_iso":"UZB","city_id":5995,"log_pop":2.5758488828,"log_mass":5.2735835339},{"country_iso":"UZB","city_id":5995,"log_pop":3.1485683862,"log_mass":6.006040733},{"country_iso":"UZB","city_id":5995,"log_pop":3.4383450414,"log_mass":6.379526404},{"country_iso":"UZB","city_id":5995,"log_pop":3.3853623561,"log_mass":6.3331099347},{"country_iso":"UZB","city_id":5995,"log_pop":2.9653088472,"log_mass":5.9404170859},{"country_iso":"UZB","city_id":5995,"log_pop":1.3348082251,"log_mass":4.2239217053},{"country_iso":"UZB","city_id":5995,"log_pop":2.273772395,"log_mass":4.9395693992},{"country_iso":"UZB","city_id":5995,"log_pop":3.4526628831,"log_mass":6.4026602557},{"country_iso":"UZB","city_id":5995,"log_pop":3.6696780575,"log_mass":6.6672101776},{"country_iso":"UZB","city_id":5995,"log_pop":2.6947236898,"log_mass":5.5783655487},{"country_iso":"UZB","city_id":5995,"log_pop":3.2278507392,"log_mass":6.0271742464},{"country_iso":"UZB","city_id":5995,"log_pop":2.1258631227,"log_mass":5.1948054192},{"country_iso":"UZB","city_id":5995,"log_pop":3.2453828987,"log_mass":6.2505713121},{"country_iso":"UZB","city_id":5954,"log_pop":2.9534890738,"log_mass":5.9846375283},{"country_iso":"UZB","city_id":5954,"log_pop":3.5442841514,"log_mass":6.5486956909},{"country_iso":"UZB","city_id":5954,"log_pop":3.1340234144,"log_mass":6.2613215616},{"country_iso":"UZB","city_id":5954,"log_pop":3.2737525853,"log_mass":6.324219927},{"country_iso":"UZB","city_id":5954,"log_pop":1.7984019207,"log_mass":4.7386817109},{"country_iso":"UZB","city_id":5954,"log_pop":2.8730401337,"log_mass":5.9825408379},{"country_iso":"UZB","city_id":5954,"log_pop":3.1579502805,"log_mass":6.1287148234},{"country_iso":"UZB","city_id":5954,"log_pop":1.5516159051,"log_mass":4.426218264},{"country_iso":"UZB","city_id":5954,"log_pop":3.4496387988,"log_mass":6.4337202758},{"country_iso":"UZB","city_id":5954,"log_pop":3.4688721071,"log_mass":6.4006639038},{"country_iso":"UZB","city_id":5954,"log_pop":1.903278476,"log_mass":5.1320431857},{"country_iso":"UZB","city_id":5954,"log_pop":2.0474516627,"log_mass":5.2807743655},{"country_iso":"UZB","city_id":5954,"log_pop":2.9471271682,"log_mass":6.098347971},{"country_iso":"UZB","city_id":5954,"log_pop":2.7252406018,"log_mass":5.7601716984},{"country_iso":"UZB","city_id":5954,"log_pop":2.8559362014,"log_mass":5.9531007551},{"country_iso":"UZB","city_id":5954,"log_pop":3.1720472855,"log_mass":6.2684510506},{"country_iso":"UZB","city_id":5954,"log_pop":3.1172240393,"log_mass":6.2550371583},{"country_iso":"UZB","city_id":5954,"log_pop":2.5600173637,"log_mass":5.597742849},{"country_iso":"UZB","city_id":5954,"log_pop":0.6040339931,"log_mass":3.6353468483},{"country_iso":"UZB","city_id":5954,"log_pop":1.8737875157,"log_mass":4.9848344235},{"country_iso":"UZB","city_id":5901,"log_pop":-0.4207506652,"log_mass":4.0420187804},{"country_iso":"UZB","city_id":5901,"log_pop":2.1315188828,"log_mass":5.3313047993},{"country_iso":"UZB","city_id":5901,"log_pop":-0.0726085779,"log_mass":4.5175396081},{"country_iso":"UZB","city_id":5901,"log_pop":2.7501080234,"log_mass":5.8400332266},{"country_iso":"UZB","city_id":5901,"log_pop":1.3455328985,"log_mass":4.8669216976},{"country_iso":"UZB","city_id":5901,"log_pop":0.9927368435,"log_mass":4.3566290014},{"country_iso":"UZB","city_id":5901,"log_pop":1.5074233741,"log_mass":4.8135851303},{"country_iso":"UZB","city_id":5901,"log_pop":0.7014353283,"log_mass":4.139943511},{"country_iso":"UZB","city_id":5901,"log_pop":1.8191740103,"log_mass":5.0791908834},{"country_iso":"UZB","city_id":5901,"log_pop":1.614294892,"log_mass":5.1538293117},{"country_iso":"UZB","city_id":5901,"log_pop":0.6378136191,"log_mass":4.0858412912},{"country_iso":"UZB","city_id":5901,"log_pop":1.3189435698,"log_mass":4.8547750116},{"country_iso":"UZB","city_id":5901,"log_pop":0.7368826246,"log_mass":4.2718858306},{"country_iso":"UZB","city_id":5901,"log_pop":3.3235245776,"log_mass":6.328710676},{"country_iso":"UZB","city_id":5901,"log_pop":3.3179910169,"log_mass":6.3614307366},{"country_iso":"UZB","city_id":5901,"log_pop":1.5694415202,"log_mass":4.754065949},{"country_iso":"UZB","city_id":5901,"log_pop":2.9416097002,"log_mass":6.0262562033},{"country_iso":"UZB","city_id":5901,"log_pop":2.6617449533,"log_mass":5.7750975773},{"country_iso":"UZB","city_id":5901,"log_pop":2.7561555055,"log_mass":5.7476259333},{"country_iso":"UZB","city_id":5901,"log_pop":1.2585153749,"log_mass":4.6679916325},{"country_iso":"UZB","city_id":6023,"log_pop":1.9250144834,"log_mass":4.6907834393},{"country_iso":"UZB","city_id":6023,"log_pop":1.6835646065,"log_mass":4.3765260793},{"country_iso":"UZB","city_id":6023,"log_pop":3.0548213202,"log_mass":5.6110122727},{"country_iso":"UZB","city_id":6023,"log_pop":3.4708482483,"log_mass":6.0155719656},{"country_iso":"UZB","city_id":6023,"log_pop":2.8969240551,"log_mass":5.4872981064},{"country_iso":"UZB","city_id":6023,"log_pop":3.3324464846,"log_mass":5.8953875354},{"country_iso":"UZB","city_id":6023,"log_pop":3.6193095156,"log_mass":6.2549799944},{"country_iso":"UZB","city_id":6023,"log_pop":2.4182618667,"log_mass":5.0889374376},{"country_iso":"UZB","city_id":6023,"log_pop":3.1976057059,"log_mass":5.9039810794},{"country_iso":"UZB","city_id":6023,"log_pop":2.7129491134,"log_mass":5.3134286027},{"country_iso":"UZB","city_id":6023,"log_pop":1.0549971048,"log_mass":4.1399641728},{"country_iso":"UZB","city_id":6023,"log_pop":2.541143747,"log_mass":5.1909175185},{"country_iso":"UZB","city_id":6023,"log_pop":4.0305323459,"log_mass":6.6351769745},{"country_iso":"UZB","city_id":6023,"log_pop":3.8576335265,"log_mass":6.560281047},{"country_iso":"UZB","city_id":6023,"log_pop":3.8792456244,"log_mass":6.5109755512},{"country_iso":"UZB","city_id":6023,"log_pop":3.9805579304,"log_mass":6.6312744159},{"country_iso":"UZB","city_id":6023,"log_pop":2.6126176949,"log_mass":5.2526277305},{"country_iso":"UZB","city_id":6023,"log_pop":3.3107970094,"log_mass":5.9598312568},{"country_iso":"UZB","city_id":6023,"log_pop":2.7335673449,"log_mass":5.3687978874},{"country_iso":"UZB","city_id":5961,"log_pop":2.615183914,"log_mass":5.8109260497},{"country_iso":"UZB","city_id":5961,"log_pop":1.8801001509,"log_mass":5.0985418235},{"country_iso":"UZB","city_id":5961,"log_pop":3.1901990863,"log_mass":6.3787810997},{"country_iso":"UZB","city_id":5961,"log_pop":2.7292816286,"log_mass":5.9283573181},{"country_iso":"UZB","city_id":5961,"log_pop":2.9348047782,"log_mass":6.0855818177},{"country_iso":"UZB","city_id":5961,"log_pop":3.4827692031,"log_mass":6.6873194861},{"country_iso":"UZB","city_id":5961,"log_pop":2.2864736526,"log_mass":5.5431497502},{"country_iso":"UZB","city_id":5961,"log_pop":3.0461715669,"log_mass":6.2760973276},{"country_iso":"UZB","city_id":5961,"log_pop":1.7213381841,"log_mass":4.9594993956},{"country_iso":"UZB","city_id":5961,"log_pop":1.2127634036,"log_mass":4.590744947},{"country_iso":"UZB","city_id":5961,"log_pop":2.816758157,"log_mass":6.0519972467},{"country_iso":"UZB","city_id":5961,"log_pop":1.2630758144,"log_mass":4.5412651719},{"country_iso":"UZB","city_id":5961,"log_pop":2.8052932002,"log_mass":6.0286045173},{"country_iso":"UZB","city_id":5961,"log_pop":3.1305025914,"log_mass":6.4321861272},{"country_iso":"UZB","city_id":5961,"log_pop":1.4976566464,"log_mass":4.8735875462},{"country_iso":"UZB","city_id":5961,"log_pop":3.2918513217,"log_mass":6.4581309348},{"country_iso":"UZB","city_id":5961,"log_pop":2.9684979571,"log_mass":6.1937849068},{"country_iso":"UZB","city_id":5961,"log_pop":3.2192428457,"log_mass":6.4788728348},{"country_iso":"UZB","city_id":5961,"log_pop":0.9674518225,"log_mass":4.454194263},{"country_iso":"UZB","city_id":5881,"log_pop":2.0814965733,"log_mass":5.3331513464},{"country_iso":"UZB","city_id":5881,"log_pop":1.9666678147,"log_mass":5.1985051897},{"country_iso":"UZB","city_id":5881,"log_pop":3.4190455126,"log_mass":6.424365483},{"country_iso":"UZB","city_id":5881,"log_pop":1.449566873,"log_mass":4.9728849873},{"country_iso":"UZB","city_id":5881,"log_pop":2.179668928,"log_mass":5.0183002085},{"country_iso":"UZB","city_id":5881,"log_pop":1.5764115503,"log_mass":4.5243052442},{"country_iso":"UZB","city_id":5881,"log_pop":3.4498660681,"log_mass":6.4238080519},{"country_iso":"UZB","city_id":5881,"log_pop":2.8659288438,"log_mass":5.8906523892},{"country_iso":"UZB","city_id":5881,"log_pop":2.7303553845,"log_mass":5.8789328283},{"country_iso":"UZB","city_id":5881,"log_pop":0.654812514,"log_mass":4.1346746947},{"country_iso":"UZB","city_id":5881,"log_pop":0.3776765433,"log_mass":3.7565487074},{"country_iso":"UZB","city_id":5881,"log_pop":1.4500073106,"log_mass":5.510935798},{"country_iso":"UZB","city_id":5881,"log_pop":3.0272649131,"log_mass":6.0996938151},{"country_iso":"UZB","city_id":5881,"log_pop":3.0382983391,"log_mass":6.142648399},{"country_iso":"UZB","city_id":5881,"log_pop":1.2357379611,"log_mass":5.0583588122},{"country_iso":"UZB","city_id":5881,"log_pop":3.0955170537,"log_mass":5.9490795616},{"country_iso":"UZB","city_id":5881,"log_pop":2.1526667144,"log_mass":5.0909294277},{"country_iso":"UZB","city_id":6087,"log_pop":3.4963066301,"log_mass":6.2915575901},{"country_iso":"UZB","city_id":6087,"log_pop":3.3520196548,"log_mass":6.2092438656},{"country_iso":"UZB","city_id":6087,"log_pop":2.2959927116,"log_mass":5.1261338601},{"country_iso":"UZB","city_id":6087,"log_pop":3.4364673165,"log_mass":6.2943588269},{"country_iso":"UZB","city_id":6087,"log_pop":3.721362775,"log_mass":6.5575834851},{"country_iso":"UZB","city_id":6087,"log_pop":2.5323311068,"log_mass":5.4005866569},{"country_iso":"UZB","city_id":6087,"log_pop":1.0308296512,"log_mass":3.4342000954},{"country_iso":"UZB","city_id":6087,"log_pop":1.6981946631,"log_mass":4.7229010996},{"country_iso":"UZB","city_id":6087,"log_pop":3.1754375896,"log_mass":5.989570502},{"country_iso":"UZB","city_id":6087,"log_pop":0.4129687013,"log_mass":3.778102746},{"country_iso":"UZB","city_id":6087,"log_pop":3.2105292804,"log_mass":6.001864764},{"country_iso":"UZB","city_id":6087,"log_pop":0.490051342,"log_mass":3.4776817354},{"country_iso":"UZB","city_id":6087,"log_pop":3.3274934655,"log_mass":6.2045468301},{"country_iso":"UZB","city_id":6087,"log_pop":3.3996536971,"log_mass":6.2650958597},{"country_iso":"UZB","city_id":6087,"log_pop":2.6565868727,"log_mass":5.4096666754},{"country_iso":"UZB","city_id":6087,"log_pop":1.3784826261,"log_mass":4.3368465741},{"country_iso":"UZB","city_id":6087,"log_pop":3.261649357,"log_mass":6.109005731},{"country_iso":"UZB","city_id":5895,"log_pop":1.699292291,"log_mass":4.8110619217},{"country_iso":"UZB","city_id":5895,"log_pop":3.7085801621,"log_mass":6.4168414586},{"country_iso":"UZB","city_id":5895,"log_pop":2.4447654361,"log_mass":5.7339242951},{"country_iso":"UZB","city_id":5895,"log_pop":2.280200721,"log_mass":5.0865703043},{"country_iso":"UZB","city_id":5895,"log_pop":3.3181254729,"log_mass":6.1838857321},{"country_iso":"UZB","city_id":5895,"log_pop":1.8763696373,"log_mass":4.8925154666},{"country_iso":"UZB","city_id":5895,"log_pop":3.4062633645,"log_mass":6.2025493597},{"country_iso":"UZB","city_id":5895,"log_pop":3.1723668501,"log_mass":5.9947849016},{"country_iso":"UZB","city_id":5895,"log_pop":2.8085274999,"log_mass":5.6758188597},{"country_iso":"UZB","city_id":5895,"log_pop":0.4631947829,"log_mass":3.59280502},{"country_iso":"UZB","city_id":5895,"log_pop":1.8437428017,"log_mass":5.0758403429},{"country_iso":"UZB","city_id":5895,"log_pop":1.5702909124,"log_mass":4.8039469179},{"country_iso":"UZB","city_id":5895,"log_pop":2.9614483312,"log_mass":6.067800835},{"country_iso":"UZB","city_id":5895,"log_pop":3.2508634608,"log_mass":5.9593523984},{"country_iso":"UZB","city_id":5895,"log_pop":1.1327288757,"log_mass":4.2607241369},{"country_iso":"UZB","city_id":5895,"log_pop":1.5382095157,"log_mass":4.6984428038},{"country_iso":"UZB","city_id":5895,"log_pop":1.451337611,"log_mass":4.241124344},{"country_iso":"UZB","city_id":6105,"log_pop":3.0723422499,"log_mass":5.7839146188},{"country_iso":"UZB","city_id":6105,"log_pop":1.104523989,"log_mass":3.9976241396},{"country_iso":"UZB","city_id":6105,"log_pop":2.4383373635,"log_mass":5.3483213847},{"country_iso":"UZB","city_id":6105,"log_pop":3.1251308998,"log_mass":5.9044772363},{"country_iso":"UZB","city_id":6105,"log_pop":3.2977555356,"log_mass":6.1615747606},{"country_iso":"UZB","city_id":6105,"log_pop":2.4295161928,"log_mass":5.2267193586},{"country_iso":"UZB","city_id":6105,"log_pop":3.2351279407,"log_mass":5.8996270528},{"country_iso":"UZB","city_id":6105,"log_pop":3.2229218942,"log_mass":6.0145905503},{"country_iso":"UZB","city_id":6105,"log_pop":3.3794356734,"log_mass":6.2595075416},{"country_iso":"UZB","city_id":6105,"log_pop":0.6768335596,"log_mass":3.4022016238},{"country_iso":"UZB","city_id":6105,"log_pop":2.3936396303,"log_mass":5.2448452779},{"country_iso":"UZB","city_id":6105,"log_pop":2.5962181062,"log_mass":5.5250551084},{"country_iso":"UZB","city_id":6105,"log_pop":3.497481589,"log_mass":6.3525993401},{"country_iso":"UZB","city_id":6105,"log_pop":3.2364011269,"log_mass":6.0569614002},{"country_iso":"UZB","city_id":6105,"log_pop":3.6804283437,"log_mass":6.5815277264},{"country_iso":"UZB","city_id":6105,"log_pop":2.708994442,"log_mass":5.508825231},{"country_iso":"UZB","city_id":6105,"log_pop":2.2988171284,"log_mass":5.2186068433},{"country_iso":"UZB","city_id":5897,"log_pop":3.2821941639,"log_mass":6.0867183354},{"country_iso":"UZB","city_id":5897,"log_pop":3.2392031126,"log_mass":6.011059817},{"country_iso":"UZB","city_id":5897,"log_pop":3.3486361244,"log_mass":6.0495563371},{"country_iso":"UZB","city_id":5897,"log_pop":3.9826676427,"log_mass":6.7061821418},{"country_iso":"UZB","city_id":5897,"log_pop":3.2210742493,"log_mass":5.9620123453},{"country_iso":"UZB","city_id":5897,"log_pop":3.3335672974,"log_mass":6.1170135332},{"country_iso":"UZB","city_id":5897,"log_pop":3.6896005464,"log_mass":6.4620000842},{"country_iso":"UZB","city_id":5897,"log_pop":3.5464747631,"log_mass":6.3072887471},{"country_iso":"UZB","city_id":5897,"log_pop":3.8057566781,"log_mass":6.466306682},{"country_iso":"UZB","city_id":5897,"log_pop":2.2282669053,"log_mass":5.2856120456},{"country_iso":"UZB","city_id":5897,"log_pop":3.0850127913,"log_mass":5.8237301271},{"country_iso":"UZB","city_id":5897,"log_pop":2.8645995075,"log_mass":5.5137448523},{"country_iso":"UZB","city_id":5897,"log_pop":3.7758434379,"log_mass":6.4742254517},{"country_iso":"UZB","city_id":5897,"log_pop":-0.6746991442,"log_mass":3.2610736218},{"country_iso":"UZB","city_id":5897,"log_pop":2.6696671821,"log_mass":5.3326693997},{"country_iso":"UZB","city_id":5897,"log_pop":3.8681926249,"log_mass":6.588541072},{"country_iso":"UZB","city_id":5897,"log_pop":3.4546011604,"log_mass":6.147417519},{"country_iso":"UZB","city_id":5956,"log_pop":3.0707493092,"log_mass":6.1141884135},{"country_iso":"UZB","city_id":5956,"log_pop":3.1943732749,"log_mass":6.200024352},{"country_iso":"UZB","city_id":5956,"log_pop":1.8071314512,"log_mass":4.9471660679},{"country_iso":"UZB","city_id":5956,"log_pop":3.5564825332,"log_mass":6.5680363539},{"country_iso":"UZB","city_id":5956,"log_pop":2.7213924125,"log_mass":5.6654482415},{"country_iso":"UZB","city_id":5956,"log_pop":2.1695506692,"log_mass":5.14580947},{"country_iso":"UZB","city_id":5956,"log_pop":3.4875480676,"log_mass":6.3984636146},{"country_iso":"UZB","city_id":5956,"log_pop":3.2637961358,"log_mass":6.2209154565},{"country_iso":"UZB","city_id":5956,"log_pop":3.7840365705,"log_mass":6.7187550992},{"country_iso":"UZB","city_id":5956,"log_pop":3.1571347537,"log_mass":6.0950096119},{"country_iso":"UZB","city_id":5956,"log_pop":3.7493194822,"log_mass":6.7411933157},{"country_iso":"UZB","city_id":5956,"log_pop":3.6115578337,"log_mass":6.5621774159},{"country_iso":"UZB","city_id":5956,"log_pop":3.6793532871,"log_mass":6.6143118507},{"country_iso":"UZB","city_id":5956,"log_pop":2.91386738,"log_mass":5.8984108155},{"country_iso":"UZB","city_id":5956,"log_pop":3.7517188741,"log_mass":6.6995748404},{"country_iso":"UZB","city_id":5956,"log_pop":2.8628914441,"log_mass":5.9204473885},{"country_iso":"UZB","city_id":5956,"log_pop":1.9174796239,"log_mass":5.0072123891},{"country_iso":"UZB","city_id":5979,"log_pop":3.4543080417,"log_mass":6.2245373381},{"country_iso":"UZB","city_id":5979,"log_pop":2.8295518362,"log_mass":5.4831788743},{"country_iso":"UZB","city_id":5979,"log_pop":0.3841961555,"log_mass":3.451477853},{"country_iso":"UZB","city_id":5979,"log_pop":3.6506021671,"log_mass":6.4426366539},{"country_iso":"UZB","city_id":5979,"log_pop":2.4900503019,"log_mass":5.4747993973},{"country_iso":"UZB","city_id":5979,"log_pop":3.2854702054,"log_mass":6.0153847984},{"country_iso":"UZB","city_id":5979,"log_pop":2.8256541833,"log_mass":5.4881861015},{"country_iso":"UZB","city_id":5979,"log_pop":3.7737805273,"log_mass":6.5709931813},{"country_iso":"UZB","city_id":5979,"log_pop":2.8611221371,"log_mass":5.7469909691},{"country_iso":"UZB","city_id":5979,"log_pop":3.8813487977,"log_mass":6.6670533996},{"country_iso":"UZB","city_id":5979,"log_pop":2.9748506039,"log_mass":5.7083732751},{"country_iso":"UZB","city_id":5979,"log_pop":2.2792388858,"log_mass":5.0846925321},{"country_iso":"UZB","city_id":5979,"log_pop":3.1635802971,"log_mass":5.8484721829},{"country_iso":"UZB","city_id":5979,"log_pop":3.031168031,"log_mass":5.8687102323},{"country_iso":"UZB","city_id":5979,"log_pop":2.7265564969,"log_mass":5.5635808722},{"country_iso":"UZB","city_id":5979,"log_pop":2.2428405068,"log_mass":5.1179232079},{"country_iso":"UZB","city_id":6072,"log_pop":2.9223002922,"log_mass":5.8507840848},{"country_iso":"UZB","city_id":6072,"log_pop":0.5770174546,"log_mass":3.0847988462},{"country_iso":"UZB","city_id":6072,"log_pop":2.7865767005,"log_mass":5.6757398594},{"country_iso":"UZB","city_id":6072,"log_pop":2.9843007767,"log_mass":6.0452262593},{"country_iso":"UZB","city_id":6072,"log_pop":3.1204237372,"log_mass":5.998342793},{"country_iso":"UZB","city_id":6072,"log_pop":3.0393534746,"log_mass":6.0144761394},{"country_iso":"UZB","city_id":6072,"log_pop":1.1096971827,"log_mass":4.6090472487},{"country_iso":"UZB","city_id":6072,"log_pop":2.8492850346,"log_mass":5.7590656779},{"country_iso":"UZB","city_id":6072,"log_pop":0.4582230592,"log_mass":3.6344454167},{"country_iso":"UZB","city_id":6072,"log_pop":2.4157758774,"log_mass":5.3184830214},{"country_iso":"UZB","city_id":6072,"log_pop":3.5243466005,"log_mass":6.4962185921},{"country_iso":"UZB","city_id":6072,"log_pop":1.7098659319,"log_mass":4.5528517716},{"country_iso":"UZB","city_id":6072,"log_pop":2.853118425,"log_mass":5.770035031},{"country_iso":"UZB","city_id":6072,"log_pop":2.8174777431,"log_mass":5.7631918068},{"country_iso":"UZB","city_id":6072,"log_pop":1.990987619,"log_mass":4.9888476114},{"country_iso":"UZB","city_id":6108,"log_pop":3.3532241633,"log_mass":6.1661376776},{"country_iso":"UZB","city_id":6108,"log_pop":2.4151166931,"log_mass":5.3161770834},{"country_iso":"UZB","city_id":6108,"log_pop":3.5446610904,"log_mass":6.3708187339},{"country_iso":"UZB","city_id":6108,"log_pop":2.9937742328,"log_mass":5.7794210684},{"country_iso":"UZB","city_id":6108,"log_pop":3.9488168319,"log_mass":6.7857448731},{"country_iso":"UZB","city_id":6108,"log_pop":0.581581835,"log_mass":3.6371094653},{"country_iso":"UZB","city_id":6108,"log_pop":2.7256408795,"log_mass":5.5811876628},{"country_iso":"UZB","city_id":6108,"log_pop":3.7323371748,"log_mass":6.5719951768},{"country_iso":"UZB","city_id":6108,"log_pop":2.0868879634,"log_mass":4.8916244947},{"country_iso":"UZB","city_id":6108,"log_pop":1.347715371,"log_mass":4.2854474895},{"country_iso":"UZB","city_id":6108,"log_pop":2.9432662566,"log_mass":5.8813406822},{"country_iso":"UZB","city_id":6108,"log_pop":3.4731059993,"log_mass":6.3353344008},{"country_iso":"UZB","city_id":6108,"log_pop":0.5102565377,"log_mass":3.3963172667},{"country_iso":"UZB","city_id":6108,"log_pop":3.629242884,"log_mass":6.475299829},{"country_iso":"UZB","city_id":6108,"log_pop":3.1670220381,"log_mass":6.1302225751},{"country_iso":"UZB","city_id":6074,"log_pop":2.9253079298,"log_mass":5.7326547337},{"country_iso":"UZB","city_id":6074,"log_pop":2.6561373349,"log_mass":5.5496582847},{"country_iso":"UZB","city_id":6074,"log_pop":2.2302000992,"log_mass":5.2280616728},{"country_iso":"UZB","city_id":6074,"log_pop":2.8636030801,"log_mass":5.7937149579},{"country_iso":"UZB","city_id":6074,"log_pop":2.086498164,"log_mass":5.0084965673},{"country_iso":"UZB","city_id":6074,"log_pop":1.9540953427,"log_mass":5.0014536664},{"country_iso":"UZB","city_id":6074,"log_pop":1.5148009389,"log_mass":4.1722172974},{"country_iso":"UZB","city_id":6074,"log_pop":0.9062113091,"log_mass":4.1432036793},{"country_iso":"UZB","city_id":6074,"log_pop":3.0227105006,"log_mass":5.9901934734},{"country_iso":"UZB","city_id":6074,"log_pop":2.6993545495,"log_mass":5.5943579272},{"country_iso":"UZB","city_id":6074,"log_pop":2.3328840298,"log_mass":5.2614039181},{"country_iso":"UZB","city_id":6074,"log_pop":2.740607133,"log_mass":5.6726938741},{"country_iso":"UZB","city_id":6074,"log_pop":2.3541270916,"log_mass":5.2441472509},{"country_iso":"UZB","city_id":6074,"log_pop":2.857091637,"log_mass":5.7635647718},{"country_iso":"UZB","city_id":6070,"log_pop":2.3883432968,"log_mass":5.2566282237},{"country_iso":"UZB","city_id":6070,"log_pop":2.6257712481,"log_mass":5.5563971156},{"country_iso":"UZB","city_id":6070,"log_pop":3.3414744364,"log_mass":6.2340639329},{"country_iso":"UZB","city_id":6070,"log_pop":2.6896208913,"log_mass":5.575769377},{"country_iso":"UZB","city_id":6070,"log_pop":3.1779634222,"log_mass":6.0473604746},{"country_iso":"UZB","city_id":6070,"log_pop":1.2037836134,"log_mass":4.4569172122},{"country_iso":"UZB","city_id":6070,"log_pop":3.8127557207,"log_mass":6.7009146866},{"country_iso":"UZB","city_id":6070,"log_pop":2.8401963984,"log_mass":5.7362942969},{"country_iso":"UZB","city_id":6070,"log_pop":0.9354127391,"log_mass":4.2975591279},{"country_iso":"UZB","city_id":6070,"log_pop":2.1222987109,"log_mass":4.9143394808},{"country_iso":"UZB","city_id":6070,"log_pop":3.4952880492,"log_mass":6.3835889009},{"country_iso":"UZB","city_id":6070,"log_pop":3.033086067,"log_mass":5.9352470284},{"country_iso":"UZB","city_id":6070,"log_pop":0.7937972285,"log_mass":4.2189802243},{"country_iso":"UZB","city_id":6070,"log_pop":2.8181709255,"log_mass":5.5340120189},{"country_iso":"UZB","city_id":6014,"log_pop":2.7071061259,"log_mass":5.860541453},{"country_iso":"UZB","city_id":6014,"log_pop":2.4338017511,"log_mass":5.5200214911},{"country_iso":"UZB","city_id":6014,"log_pop":2.3707528271,"log_mass":5.5323332416},{"country_iso":"UZB","city_id":6014,"log_pop":1.4311831951,"log_mass":4.5300461918},{"country_iso":"UZB","city_id":6014,"log_pop":2.8616435203,"log_mass":5.9207466104},{"country_iso":"UZB","city_id":6014,"log_pop":1.9083609611,"log_mass":5.0312989392},{"country_iso":"UZB","city_id":6014,"log_pop":2.9001164394,"log_mass":6.0789644135},{"country_iso":"UZB","city_id":6014,"log_pop":3.3281550164,"log_mass":6.3684691981},{"country_iso":"UZB","city_id":6014,"log_pop":3.1394830147,"log_mass":6.279129279},{"country_iso":"UZB","city_id":6014,"log_pop":2.2202351554,"log_mass":5.3540941873},{"country_iso":"UZB","city_id":6014,"log_pop":3.0898402554,"log_mass":6.0996927308},{"country_iso":"UZB","city_id":6014,"log_pop":2.9266168872,"log_mass":5.9668931458},{"country_iso":"UZB","city_id":6014,"log_pop":2.6398227736,"log_mass":5.7045576055},{"country_iso":"UZB","city_id":6014,"log_pop":1.8926644657,"log_mass":4.86614597},{"country_iso":"UZB","city_id":5904,"log_pop":1.7420947713,"log_mass":4.9789717845},{"country_iso":"UZB","city_id":5904,"log_pop":1.830511934,"log_mass":5.1387711406},{"country_iso":"UZB","city_id":5904,"log_pop":2.7654152386,"log_mass":5.6354721885},{"country_iso":"UZB","city_id":5904,"log_pop":3.3566782309,"log_mass":6.3320456041},{"country_iso":"UZB","city_id":5904,"log_pop":3.2983770452,"log_mass":6.2130683671},{"country_iso":"UZB","city_id":5904,"log_pop":2.6557728191,"log_mass":5.6470238946},{"country_iso":"UZB","city_id":5904,"log_pop":1.9404690559,"log_mass":5.2961151635},{"country_iso":"UZB","city_id":5904,"log_pop":1.7897744594,"log_mass":5.0738183664},{"country_iso":"UZB","city_id":5904,"log_pop":2.7074446228,"log_mass":5.7841600523},{"country_iso":"UZB","city_id":5904,"log_pop":1.6946619529,"log_mass":5.0643186804},{"country_iso":"UZB","city_id":5904,"log_pop":1.6488159976,"log_mass":4.9112092814},{"country_iso":"UZB","city_id":5904,"log_pop":3.2746888874,"log_mass":6.4120044716},{"country_iso":"UZB","city_id":5904,"log_pop":2.8678568442,"log_mass":6.0580486943},{"country_iso":"UZB","city_id":5988,"log_pop":2.601472064,"log_mass":5.3591775201},{"country_iso":"UZB","city_id":5988,"log_pop":3.2480831603,"log_mass":6.0487895422},{"country_iso":"UZB","city_id":5988,"log_pop":2.2556006763,"log_mass":5.2051780591},{"country_iso":"UZB","city_id":5988,"log_pop":3.0511538085,"log_mass":5.8473833283},{"country_iso":"UZB","city_id":5988,"log_pop":3.3050055829,"log_mass":6.1297355655},{"country_iso":"UZB","city_id":5988,"log_pop":2.0394812542,"log_mass":4.9343004989},{"country_iso":"UZB","city_id":5988,"log_pop":3.4759169464,"log_mass":6.2491061626},{"country_iso":"UZB","city_id":5988,"log_pop":1.7987423585,"log_mass":4.5965978409},{"country_iso":"UZB","city_id":5988,"log_pop":2.8307283296,"log_mass":5.6537992855},{"country_iso":"UZB","city_id":5988,"log_pop":2.4607420025,"log_mass":5.3282875983},{"country_iso":"UZB","city_id":5988,"log_pop":3.2343143859,"log_mass":6.1538052708},{"country_iso":"UZB","city_id":5988,"log_pop":1.966263651,"log_mass":4.6130274501},{"country_iso":"UZB","city_id":5988,"log_pop":2.7017854836,"log_mass":5.5497687292},{"country_iso":"UZB","city_id":6009,"log_pop":3.2391022775,"log_mass":6.4899598623},{"country_iso":"UZB","city_id":6009,"log_pop":1.9018816127,"log_mass":5.1333748187},{"country_iso":"UZB","city_id":6009,"log_pop":3.4677738072,"log_mass":6.7379380558},{"country_iso":"UZB","city_id":6009,"log_pop":2.5905025294,"log_mass":5.8275172427},{"country_iso":"UZB","city_id":6009,"log_pop":0.553962583,"log_mass":4.1673728698},{"country_iso":"UZB","city_id":6009,"log_pop":3.314814936,"log_mass":6.5445362562},{"country_iso":"UZB","city_id":6009,"log_pop":2.5052540172,"log_mass":5.733426686},{"country_iso":"UZB","city_id":6009,"log_pop":2.5432315658,"log_mass":5.7634801855},{"country_iso":"UZB","city_id":6009,"log_pop":2.4997901716,"log_mass":5.7357768417},{"country_iso":"UZB","city_id":6009,"log_pop":3.4126277046,"log_mass":6.6616509633},{"country_iso":"UZB","city_id":6009,"log_pop":1.7528410114,"log_mass":4.8919356422},{"country_iso":"UZB","city_id":6009,"log_pop":3.0347089099,"log_mass":6.3081940198},{"country_iso":"UZB","city_id":6009,"log_pop":1.0405396798,"log_mass":4.5795197889},{"country_iso":"UZB","city_id":6101,"log_pop":2.312155329,"log_mass":5.2679607995},{"country_iso":"UZB","city_id":6101,"log_pop":2.0504897414,"log_mass":4.9685681644},{"country_iso":"UZB","city_id":6101,"log_pop":3.1999999976,"log_mass":6.0858097506},{"country_iso":"UZB","city_id":6101,"log_pop":2.0951566224,"log_mass":4.9338818277},{"country_iso":"UZB","city_id":6101,"log_pop":2.9148846747,"log_mass":5.8182899594},{"country_iso":"UZB","city_id":6101,"log_pop":3.7562926842,"log_mass":6.6527905675},{"country_iso":"UZB","city_id":6101,"log_pop":3.6990080214,"log_mass":6.6039035956},{"country_iso":"UZB","city_id":6101,"log_pop":1.7671303948,"log_mass":4.9574912749},{"country_iso":"UZB","city_id":6101,"log_pop":3.5035524256,"log_mass":6.4394199987},{"country_iso":"UZB","city_id":6101,"log_pop":3.7786345108,"log_mass":6.6951208517},{"country_iso":"UZB","city_id":6101,"log_pop":1.4512416804,"log_mass":4.5597609203},{"country_iso":"UZB","city_id":6101,"log_pop":1.2237144273,"log_mass":4.1079168641},{"country_iso":"UZB","city_id":6101,"log_pop":2.892573574,"log_mass":5.8099459274},{"country_iso":"UZB","city_id":6024,"log_pop":2.7809965229,"log_mass":5.475420305},{"country_iso":"UZB","city_id":6024,"log_pop":1.485327531,"log_mass":4.2027929557},{"country_iso":"UZB","city_id":6024,"log_pop":3.3381953975,"log_mass":6.0898220054},{"country_iso":"UZB","city_id":6024,"log_pop":2.1930050673,"log_mass":5.0697374686},{"country_iso":"UZB","city_id":6024,"log_pop":2.7661204044,"log_mass":5.5087674511},{"country_iso":"UZB","city_id":6024,"log_pop":3.864139356,"log_mass":6.5706574796},{"country_iso":"UZB","city_id":6024,"log_pop":2.7949126806,"log_mass":5.6045092581},{"country_iso":"UZB","city_id":6024,"log_pop":2.7125824546,"log_mass":5.4517529894},{"country_iso":"UZB","city_id":6024,"log_pop":2.2553768811,"log_mass":5.2179422258},{"country_iso":"UZB","city_id":6024,"log_pop":1.0056990806,"log_mass":4.0424895478},{"country_iso":"UZB","city_id":6024,"log_pop":3.1718342123,"log_mass":5.9119317134},{"country_iso":"UZB","city_id":6024,"log_pop":1.0389895739,"log_mass":3.8707107876},{"country_iso":"UZB","city_id":6024,"log_pop":3.325527772,"log_mass":6.0393967748},{"country_iso":"UZB","city_id":6081,"log_pop":3.4501297261,"log_mass":6.3443121941},{"country_iso":"UZB","city_id":6081,"log_pop":1.1960480584,"log_mass":4.0986601798},{"country_iso":"UZB","city_id":6081,"log_pop":0.512077718,"log_mass":3.6204949701},{"country_iso":"UZB","city_id":6081,"log_pop":2.5305172186,"log_mass":5.4042960941},{"country_iso":"UZB","city_id":6081,"log_pop":3.6724493378,"log_mass":6.6099473523},{"country_iso":"UZB","city_id":6081,"log_pop":2.8669828373,"log_mass":5.7412606846},{"country_iso":"UZB","city_id":6081,"log_pop":3.2186137611,"log_mass":6.0720548145},{"country_iso":"UZB","city_id":6081,"log_pop":3.0077869577,"log_mass":6.0234721686},{"country_iso":"UZB","city_id":6081,"log_pop":2.9735597221,"log_mass":6.0280308389},{"country_iso":"UZB","city_id":6081,"log_pop":3.481727997,"log_mass":6.4433787101},{"country_iso":"UZB","city_id":6081,"log_pop":3.0821994867,"log_mass":6.0619552241},{"country_iso":"UZB","city_id":6081,"log_pop":2.5649120387,"log_mass":5.5015352757},{"country_iso":"UZB","city_id":6104,"log_pop":1.2192764765,"log_mass":4.1312115012},{"country_iso":"UZB","city_id":6104,"log_pop":3.0268991912,"log_mass":5.8856147245},{"country_iso":"UZB","city_id":6104,"log_pop":3.491877354,"log_mass":6.3078851317},{"country_iso":"UZB","city_id":6104,"log_pop":2.5090054107,"log_mass":5.379234531},{"country_iso":"UZB","city_id":6104,"log_pop":2.6521284909,"log_mass":5.6536142663},{"country_iso":"UZB","city_id":6104,"log_pop":1.5798275096,"log_mass":4.4465112904},{"country_iso":"UZB","city_id":6104,"log_pop":3.4610358038,"log_mass":6.3322573178},{"country_iso":"UZB","city_id":6104,"log_pop":2.0860583169,"log_mass":4.8372461694},{"country_iso":"UZB","city_id":6104,"log_pop":2.9930826802,"log_mass":5.9067559658},{"country_iso":"UZB","city_id":6104,"log_pop":1.9796245881,"log_mass":4.4630337036},{"country_iso":"UZB","city_id":6104,"log_pop":1.5771162948,"log_mass":4.478071491},{"country_iso":"UZB","city_id":6128,"log_pop":1.9393708558,"log_mass":4.81032772},{"country_iso":"UZB","city_id":6128,"log_pop":2.9733859092,"log_mass":6.0575496198},{"country_iso":"UZB","city_id":6128,"log_pop":3.057945792,"log_mass":5.933248252},{"country_iso":"UZB","city_id":6128,"log_pop":1.1662606796,"log_mass":4.3750955074},{"country_iso":"UZB","city_id":6128,"log_pop":3.654920505,"log_mass":6.5148692233},{"country_iso":"UZB","city_id":6128,"log_pop":1.9516585742,"log_mass":4.8449935968},{"country_iso":"UZB","city_id":6128,"log_pop":3.7681415324,"log_mass":6.6496076892},{"country_iso":"UZB","city_id":6128,"log_pop":2.5334065167,"log_mass":5.267565818},{"country_iso":"UZB","city_id":6128,"log_pop":2.6426748762,"log_mass":5.5089275654},{"country_iso":"UZB","city_id":6128,"log_pop":3.2803226643,"log_mass":6.092218927},{"country_iso":"UZB","city_id":6128,"log_pop":1.4572016586,"log_mass":4.4687976947},{"country_iso":"UZB","city_id":6095,"log_pop":2.1002737157,"log_mass":5.085941343},{"country_iso":"UZB","city_id":6095,"log_pop":1.8125739508,"log_mass":4.5925637},{"country_iso":"UZB","city_id":6095,"log_pop":1.7852902545,"log_mass":4.6253191594},{"country_iso":"UZB","city_id":6095,"log_pop":3.1243298684,"log_mass":6.0172178941},{"country_iso":"UZB","city_id":6095,"log_pop":2.0462609315,"log_mass":5.2141295908},{"country_iso":"UZB","city_id":6095,"log_pop":3.2784596986,"log_mass":6.0317520573},{"country_iso":"UZB","city_id":6095,"log_pop":1.2934114673,"log_mass":4.1225136616},{"country_iso":"UZB","city_id":6095,"log_pop":3.2178219903,"log_mass":5.9119295988},{"country_iso":"UZB","city_id":6095,"log_pop":2.833299736,"log_mass":5.6153970755},{"country_iso":"UZB","city_id":6095,"log_pop":2.395405329,"log_mass":5.0597035273},{"country_iso":"UZB","city_id":6095,"log_pop":3.5118314474,"log_mass":6.2819811115},{"country_iso":"UZB","city_id":5977,"log_pop":2.4885456645,"log_mass":5.4836785674},{"country_iso":"UZB","city_id":5977,"log_pop":2.319238848,"log_mass":5.2990184078},{"country_iso":"UZB","city_id":5977,"log_pop":1.9995677703,"log_mass":5.0301486465},{"country_iso":"UZB","city_id":5977,"log_pop":2.7314124766,"log_mass":5.7333180351},{"country_iso":"UZB","city_id":5977,"log_pop":3.2676230601,"log_mass":6.2159789909},{"country_iso":"UZB","city_id":5977,"log_pop":2.1682757316,"log_mass":5.1608899866},{"country_iso":"UZB","city_id":5977,"log_pop":2.7319561774,"log_mass":5.6580616972},{"country_iso":"UZB","city_id":5977,"log_pop":2.2991342452,"log_mass":5.3596582537},{"country_iso":"UZB","city_id":5977,"log_pop":3.0027596078,"log_mass":5.8975280761},{"country_iso":"UZB","city_id":5977,"log_pop":1.5078489267,"log_mass":4.4799909649},{"country_iso":"UZB","city_id":5977,"log_pop":3.6076752039,"log_mass":6.5943638995},{"country_iso":"UZB","city_id":5899,"log_pop":2.4236103782,"log_mass":5.3901090646},{"country_iso":"UZB","city_id":5899,"log_pop":2.9172690468,"log_mass":5.9725039436},{"country_iso":"UZB","city_id":5899,"log_pop":1.8886496657,"log_mass":4.9088653812},{"country_iso":"UZB","city_id":5899,"log_pop":3.4466987011,"log_mass":6.3190747855},{"country_iso":"UZB","city_id":5899,"log_pop":3.1700197943,"log_mass":6.1247110078},{"country_iso":"UZB","city_id":5899,"log_pop":1.3384740309,"log_mass":4.2719402961},{"country_iso":"UZB","city_id":5899,"log_pop":2.5437637138,"log_mass":5.351454089},{"country_iso":"UZB","city_id":5899,"log_pop":2.8784438502,"log_mass":5.6609178664},{"country_iso":"UZB","city_id":5899,"log_pop":3.4818174676,"log_mass":6.2924280654},{"country_iso":"UZB","city_id":5899,"log_pop":2.3757326245,"log_mass":5.1050904929},{"country_iso":"UZB","city_id":5993,"log_pop":2.4591066852,"log_mass":5.6304964423},{"country_iso":"UZB","city_id":5993,"log_pop":2.1713472952,"log_mass":5.3942300153},{"country_iso":"UZB","city_id":5993,"log_pop":2.1759410855,"log_mass":5.1811352908},{"country_iso":"UZB","city_id":5993,"log_pop":3.5103366572,"log_mass":6.3950777316},{"country_iso":"UZB","city_id":5993,"log_pop":2.1007909258,"log_mass":5.0961945517},{"country_iso":"UZB","city_id":5993,"log_pop":3.4433328195,"log_mass":6.3942581374},{"country_iso":"UZB","city_id":5993,"log_pop":2.2931643716,"log_mass":5.078145854},{"country_iso":"UZB","city_id":5993,"log_pop":1.3136585771,"log_mass":4.3971570427},{"country_iso":"UZB","city_id":5993,"log_pop":1.5734819465,"log_mass":4.4749369471},{"country_iso":"UZB","city_id":5993,"log_pop":2.60131746,"log_mass":5.6442989929},{"country_iso":"UZB","city_id":5996,"log_pop":2.239447137,"log_mass":5.355331603},{"country_iso":"UZB","city_id":5996,"log_pop":1.5852281465,"log_mass":4.4929971361},{"country_iso":"UZB","city_id":5996,"log_pop":0.7971438402,"log_mass":3.8960322866},{"country_iso":"UZB","city_id":5996,"log_pop":2.5314708203,"log_mass":5.4487574299},{"country_iso":"UZB","city_id":5996,"log_pop":1.1183063392,"log_mass":4.1948595261},{"country_iso":"UZB","city_id":5996,"log_pop":2.8916096666,"log_mass":5.8922615274},{"country_iso":"UZB","city_id":5996,"log_pop":3.016197194,"log_mass":6.022170681},{"country_iso":"UZB","city_id":5996,"log_pop":2.6980860229,"log_mass":5.7204028189},{"country_iso":"UZB","city_id":5996,"log_pop":1.3928658108,"log_mass":4.3869041694},{"country_iso":"UZB","city_id":5996,"log_pop":3.2154885218,"log_mass":6.3846859695},{"country_iso":"UZB","city_id":6012,"log_pop":3.208031518,"log_mass":6.2895897274},{"country_iso":"UZB","city_id":6012,"log_pop":3.5614687687,"log_mass":6.656199312},{"country_iso":"UZB","city_id":6012,"log_pop":2.9095638036,"log_mass":5.9506544583},{"country_iso":"UZB","city_id":6012,"log_pop":-0.5133277203,"log_mass":2.7546092261},{"country_iso":"UZB","city_id":6012,"log_pop":3.4068737306,"log_mass":6.4879533259},{"country_iso":"UZB","city_id":6012,"log_pop":0.7299701271,"log_mass":3.8890819346},{"country_iso":"UZB","city_id":6012,"log_pop":2.3174182405,"log_mass":5.3437041098},{"country_iso":"UZB","city_id":6012,"log_pop":3.0100458178,"log_mass":6.0173909712},{"country_iso":"UZB","city_id":6012,"log_pop":3.0964286463,"log_mass":6.1815171886},{"country_iso":"UZB","city_id":6012,"log_pop":2.3883823943,"log_mass":5.4749571438},{"country_iso":"UZB","city_id":6068,"log_pop":3.5402144381,"log_mass":6.6001533712},{"country_iso":"UZB","city_id":6068,"log_pop":3.0748153017,"log_mass":6.1265836866},{"country_iso":"UZB","city_id":6068,"log_pop":1.9123740074,"log_mass":4.9067195414},{"country_iso":"UZB","city_id":6068,"log_pop":1.7090709105,"log_mass":4.6180423242},{"country_iso":"UZB","city_id":6068,"log_pop":2.4492607945,"log_mass":5.4118289488},{"country_iso":"UZB","city_id":6068,"log_pop":2.8891756904,"log_mass":5.9304082406},{"country_iso":"UZB","city_id":6068,"log_pop":1.8432830916,"log_mass":4.8872932737},{"country_iso":"UZB","city_id":6068,"log_pop":3.5705981952,"log_mass":6.6275368896},{"country_iso":"UZB","city_id":6068,"log_pop":2.2542866134,"log_mass":5.2145800931},{"country_iso":"UZB","city_id":6068,"log_pop":2.4571523417,"log_mass":5.536052844},{"country_iso":"UZB","city_id":6090,"log_pop":3.3664529748,"log_mass":6.2532792111},{"country_iso":"UZB","city_id":6090,"log_pop":2.9367215823,"log_mass":5.8946817854},{"country_iso":"UZB","city_id":6090,"log_pop":2.2413882637,"log_mass":5.2311837848},{"country_iso":"UZB","city_id":6090,"log_pop":3.5003681864,"log_mass":6.3896871898},{"country_iso":"UZB","city_id":6090,"log_pop":1.6196720935,"log_mass":4.5533733364},{"country_iso":"UZB","city_id":6090,"log_pop":1.9772250231,"log_mass":4.8192406764},{"country_iso":"UZB","city_id":6090,"log_pop":1.0365546533,"log_mass":3.8742631725},{"country_iso":"UZB","city_id":6090,"log_pop":3.2401121448,"log_mass":6.0270739699},{"country_iso":"UZB","city_id":6090,"log_pop":-0.784641039,"log_mass":3.3017614756},{"country_iso":"UZB","city_id":6090,"log_pop":1.4113160868,"log_mass":4.1920982773},{"country_iso":"UZB","city_id":6093,"log_pop":3.5666519896,"log_mass":6.4650761042},{"country_iso":"UZB","city_id":6093,"log_pop":3.1697940211,"log_mass":6.0494100149},{"country_iso":"UZB","city_id":6093,"log_pop":0.9999837402,"log_mass":3.9987018654},{"country_iso":"UZB","city_id":6093,"log_pop":2.3048669842,"log_mass":5.2558072063},{"country_iso":"UZB","city_id":6093,"log_pop":2.1290749091,"log_mass":4.8783604218},{"country_iso":"UZB","city_id":6093,"log_pop":3.6073152972,"log_mass":6.4765148677},{"country_iso":"UZB","city_id":6093,"log_pop":2.1616644331,"log_mass":5.1490840941},{"country_iso":"UZB","city_id":6093,"log_pop":1.6942769583,"log_mass":4.7029442699},{"country_iso":"UZB","city_id":6093,"log_pop":2.8947210718,"log_mass":5.940054851},{"country_iso":"UZB","city_id":5898,"log_pop":0.9085679998,"log_mass":4.1397184069},{"country_iso":"UZB","city_id":5898,"log_pop":3.3656302702,"log_mass":6.4714901686},{"country_iso":"UZB","city_id":5898,"log_pop":1.9660324963,"log_mass":5.3181199072},{"country_iso":"UZB","city_id":5898,"log_pop":1.8304928559,"log_mass":4.8943501188},{"country_iso":"UZB","city_id":5898,"log_pop":1.5167367137,"log_mass":4.7368179414},{"country_iso":"UZB","city_id":5898,"log_pop":3.1998486871,"log_mass":6.2454433284},{"country_iso":"UZB","city_id":5898,"log_pop":2.9266669252,"log_mass":5.9825345586},{"country_iso":"UZB","city_id":5898,"log_pop":3.124798335,"log_mass":6.2293018226},{"country_iso":"UZB","city_id":5898,"log_pop":0.2973666756,"log_mass":3.4720616142},{"country_iso":"UZB","city_id":5976,"log_pop":2.8009426184,"log_mass":5.8252412694},{"country_iso":"UZB","city_id":5976,"log_pop":3.5857367208,"log_mass":6.6603451488},{"country_iso":"UZB","city_id":5976,"log_pop":2.6436085941,"log_mass":5.7571141732},{"country_iso":"UZB","city_id":5976,"log_pop":2.657781774,"log_mass":5.6819151424},{"country_iso":"UZB","city_id":5976,"log_pop":0.707714248,"log_mass":4.2971457531},{"country_iso":"UZB","city_id":5976,"log_pop":3.0731543722,"log_mass":6.1591748156},{"country_iso":"UZB","city_id":5976,"log_pop":3.0605223622,"log_mass":6.0976002463},{"country_iso":"UZB","city_id":5976,"log_pop":2.9787479119,"log_mass":6.0522481604},{"country_iso":"UZB","city_id":5976,"log_pop":1.1281945661,"log_mass":4.4967440593},{"country_iso":"UZB","city_id":6112,"log_pop":3.3131625512,"log_mass":6.2008607696},{"country_iso":"UZB","city_id":6112,"log_pop":3.2666030728,"log_mass":6.0704988083},{"country_iso":"UZB","city_id":6112,"log_pop":1.5809562058,"log_mass":4.386884869},{"country_iso":"UZB","city_id":6112,"log_pop":3.4814715286,"log_mass":6.3992971916},{"country_iso":"UZB","city_id":6112,"log_pop":1.1452369363,"log_mass":3.6728318766},{"country_iso":"UZB","city_id":6112,"log_pop":1.5944727349,"log_mass":4.3581515947},{"country_iso":"UZB","city_id":6112,"log_pop":2.4463206006,"log_mass":5.3487984682},{"country_iso":"UZB","city_id":6112,"log_pop":1.3991493735,"log_mass":4.3062651061},{"country_iso":"UZB","city_id":6112,"log_pop":3.0894881825,"log_mass":5.9030254239},{"country_iso":"UZB","city_id":6111,"log_pop":2.4466699132,"log_mass":5.308237099},{"country_iso":"UZB","city_id":6111,"log_pop":3.5583075258,"log_mass":6.4179304472},{"country_iso":"UZB","city_id":6111,"log_pop":2.953640059,"log_mass":5.8417307029},{"country_iso":"UZB","city_id":6111,"log_pop":3.5207037746,"log_mass":6.3823632497},{"country_iso":"UZB","city_id":6111,"log_pop":-1.6722841672,"log_mass":4.1613461046},{"country_iso":"UZB","city_id":6111,"log_pop":3.2886857368,"log_mass":6.1552711721},{"country_iso":"UZB","city_id":6111,"log_pop":2.7706210297,"log_mass":5.695415109},{"country_iso":"UZB","city_id":6111,"log_pop":3.3347378956,"log_mass":6.2192492053},{"country_iso":"UZB","city_id":6111,"log_pop":2.5427961959,"log_mass":5.5995964767},{"country_iso":"UZB","city_id":6084,"log_pop":2.5899853602,"log_mass":5.4842113197},{"country_iso":"UZB","city_id":6084,"log_pop":3.7949337939,"log_mass":6.7042430403},{"country_iso":"UZB","city_id":6084,"log_pop":2.7485721365,"log_mass":5.6467809474},{"country_iso":"UZB","city_id":6084,"log_pop":1.9317840433,"log_mass":4.9150152445},{"country_iso":"UZB","city_id":6084,"log_pop":1.9160724854,"log_mass":4.8877369472},{"country_iso":"UZB","city_id":6084,"log_pop":3.6076047355,"log_mass":6.5233088396},{"country_iso":"UZB","city_id":6084,"log_pop":1.0878584785,"log_mass":4.1068005854},{"country_iso":"UZB","city_id":6084,"log_pop":3.6286941891,"log_mass":6.5018948035},{"country_iso":"UZB","city_id":6084,"log_pop":3.4401319767,"log_mass":6.3237345376},{"country_iso":"UZB","city_id":6066,"log_pop":3.0917906179,"log_mass":6.0500236188},{"country_iso":"UZB","city_id":6066,"log_pop":2.3915153446,"log_mass":5.3734471348},{"country_iso":"UZB","city_id":6066,"log_pop":2.6200438446,"log_mass":5.6928548882},{"country_iso":"UZB","city_id":6066,"log_pop":1.919557732,"log_mass":4.8626014256},{"country_iso":"UZB","city_id":6066,"log_pop":3.2864479569,"log_mass":6.23555389},{"country_iso":"UZB","city_id":6066,"log_pop":3.184212579,"log_mass":6.1186277937},{"country_iso":"UZB","city_id":6066,"log_pop":2.3858468471,"log_mass":5.4653627534},{"country_iso":"UZB","city_id":6066,"log_pop":2.3675127203,"log_mass":5.3924692879},{"country_iso":"UZB","city_id":6066,"log_pop":2.7050329027,"log_mass":5.5804484149},{"country_iso":"UZB","city_id":6022,"log_pop":2.4074671676,"log_mass":5.313188313},{"country_iso":"UZB","city_id":6022,"log_pop":3.0685563668,"log_mass":5.7774569836},{"country_iso":"UZB","city_id":6022,"log_pop":3.3315954922,"log_mass":5.9260453374},{"country_iso":"UZB","city_id":6022,"log_pop":1.2919204355,"log_mass":4.0282178392},{"country_iso":"UZB","city_id":6022,"log_pop":1.7907786637,"log_mass":4.6613830168},{"country_iso":"UZB","city_id":6022,"log_pop":2.6654368292,"log_mass":5.3896828823},{"country_iso":"UZB","city_id":6022,"log_pop":3.3110439443,"log_mass":5.9370318999},{"country_iso":"UZB","city_id":6022,"log_pop":3.6543065499,"log_mass":6.2243840038},{"country_iso":"UZB","city_id":6078,"log_pop":1.8082639307,"log_mass":4.6934977126},{"country_iso":"UZB","city_id":6078,"log_pop":3.5836943265,"log_mass":6.4490454027},{"country_iso":"UZB","city_id":6078,"log_pop":0.5387233702,"log_mass":3.8501006401},{"country_iso":"UZB","city_id":6078,"log_pop":2.4566130353,"log_mass":5.3514266501},{"country_iso":"UZB","city_id":6078,"log_pop":1.6888390111,"log_mass":4.8788772643},{"country_iso":"UZB","city_id":6078,"log_pop":3.1392271309,"log_mass":6.051131817},{"country_iso":"UZB","city_id":6078,"log_pop":0.695507753,"log_mass":4.0465012057},{"country_iso":"UZB","city_id":6078,"log_pop":3.519018729,"log_mass":6.3968406224},{"country_iso":"UZB","city_id":5879,"log_pop":1.2477394401,"log_mass":4.6700235055},{"country_iso":"UZB","city_id":5879,"log_pop":0.686283763,"log_mass":4.0664627679},{"country_iso":"UZB","city_id":5879,"log_pop":2.6106525492,"log_mass":5.6743014001},{"country_iso":"UZB","city_id":5879,"log_pop":1.384436327,"log_mass":4.6198706942},{"country_iso":"UZB","city_id":5879,"log_pop":2.2517889944,"log_mass":5.5547047525},{"country_iso":"UZB","city_id":5879,"log_pop":1.1039024857,"log_mass":4.9602117952},{"country_iso":"UZB","city_id":5879,"log_pop":2.2727078988,"log_mass":5.3339511241},{"country_iso":"UZB","city_id":5879,"log_pop":3.1942532736,"log_mass":6.3404376204},{"country_iso":"UZB","city_id":5998,"log_pop":2.2636884095,"log_mass":5.0856207581},{"country_iso":"UZB","city_id":5998,"log_pop":3.4583046782,"log_mass":6.4672406776},{"country_iso":"UZB","city_id":5998,"log_pop":2.7954422101,"log_mass":6.0492668195},{"country_iso":"UZB","city_id":5998,"log_pop":2.4422809947,"log_mass":5.4659479657},{"country_iso":"UZB","city_id":5998,"log_pop":2.2576701866,"log_mass":5.550020391},{"country_iso":"UZB","city_id":5998,"log_pop":2.1783753929,"log_mass":5.614852095},{"country_iso":"UZB","city_id":5998,"log_pop":3.2695189428,"log_mass":6.3999756193},{"country_iso":"UZB","city_id":5998,"log_pop":3.3123840689,"log_mass":6.4182279272},{"country_iso":"UZB","city_id":6005,"log_pop":2.7235266259,"log_mass":5.7325822537},{"country_iso":"UZB","city_id":6005,"log_pop":1.4009910386,"log_mass":4.3940710675},{"country_iso":"UZB","city_id":6005,"log_pop":2.5899848389,"log_mass":5.5875807793},{"country_iso":"UZB","city_id":6005,"log_pop":3.3510449563,"log_mass":6.3898582997},{"country_iso":"UZB","city_id":6005,"log_pop":2.8221991614,"log_mass":5.8776678756},{"country_iso":"UZB","city_id":6005,"log_pop":3.4527143747,"log_mass":6.508217126},{"country_iso":"UZB","city_id":6005,"log_pop":2.1025620487,"log_mass":5.1335302859},{"country_iso":"UZB","city_id":6005,"log_pop":2.8829525735,"log_mass":5.919059319},{"country_iso":"UZB","city_id":6027,"log_pop":1.8932297316,"log_mass":4.6370211213},{"country_iso":"UZB","city_id":6027,"log_pop":2.4421530081,"log_mass":5.1826810178},{"country_iso":"UZB","city_id":6027,"log_pop":2.2055280484,"log_mass":4.918803265},{"country_iso":"UZB","city_id":6027,"log_pop":2.6378651392,"log_mass":5.1340986582},{"country_iso":"UZB","city_id":6027,"log_pop":2.8937158912,"log_mass":5.7503087667},{"country_iso":"UZB","city_id":6027,"log_pop":3.6160173887,"log_mass":6.2708404207},{"country_iso":"UZB","city_id":6027,"log_pop":3.1229514041,"log_mass":5.7841137938},{"country_iso":"UZB","city_id":6027,"log_pop":1.4403784097,"log_mass":3.909282965},{"country_iso":"UZB","city_id":6011,"log_pop":1.3892379882,"log_mass":3.8220133198},{"country_iso":"UZB","city_id":6011,"log_pop":2.4008640556,"log_mass":5.1910122737},{"country_iso":"UZB","city_id":6011,"log_pop":0.8063558555,"log_mass":4.6318264705},{"country_iso":"UZB","city_id":6011,"log_pop":3.2130308136,"log_mass":5.9246930355},{"country_iso":"UZB","city_id":6011,"log_pop":3.2525797181,"log_mass":5.9268299765},{"country_iso":"UZB","city_id":6011,"log_pop":2.8626678601,"log_mass":5.6412367198},{"country_iso":"UZB","city_id":6011,"log_pop":3.2205581498,"log_mass":5.957835945},{"country_iso":"UZB","city_id":6011,"log_pop":0.8927102216,"log_mass":3.7334324637},{"country_iso":"UZB","city_id":6013,"log_pop":3.5300351392,"log_mass":4.9096752186},{"country_iso":"UZB","city_id":6013,"log_pop":0.9981521848,"log_mass":2.761903206},{"country_iso":"UZB","city_id":6013,"log_pop":3.6656262432,"log_mass":5.3160360866}]