[{"country_iso": "DOM", "city_id": 816, "log_pop": 2.80374, "log_mass": 5.129471}, {"country_iso": "DOM", "city_id": 797, "log_pop": 4.034894, "log_mass": 6.119714}, {"country_iso": "DOM", "city_id": 797, "log_pop": 2.882481, "log_mass": 5.596268}, {"country_iso": "DOM", "city_id": 797, "log_pop": 2.689653, "log_mass": 4.981633}, {"country_iso": "DOM", "city_id": 797, "log_pop": 3.949234, "log_mass": 6.077146}, {"country_iso": "DOM", "city_id": 797, "log_pop": 3.532736, "log_mass": 5.76054}, {"country_iso": "DOM", "city_id": 816, "log_pop": 2.131327, "log_mass": 4.765767}, {"country_iso": "DOM", "city_id": 816, "log_pop": 4.023498, "log_mass": 5.989234}, {"country_iso": "DOM", "city_id": 816, "log_pop": 3.849277, "log_mass": 5.979497}, {"country_iso": "DOM", "city_id": 797, "log_pop": 2.861889, "log_mass": 5.34927}, {"country_iso": "DOM", "city_id": 813, "log_pop": 3.314096, "log_mass": 5.677451}, {"country_iso": "DOM", "city_id": 816, "log_pop": 2.729859, "log_mass": 5.15982}, {"country_iso": "DOM", "city_id": 801, "log_pop": 2.322849, "log_mass": 4.8512}, {"country_iso": "DOM", "city_id": 815, "log_pop": 4.23175, "log_mass": 6.42927}, {"country_iso": "DOM", "city_id": 816, "log_pop": 2.846289, "log_mass": 5.194446}, {"country_iso": "DOM", "city_id": 816, "log_pop": 3.434243, "log_mass": 5.652667}, {"country_iso": "DOM", "city_id": 801, "log_pop": 4.146503, "log_mass": 6.313536}, {"country_iso": "DOM", "city_id": 816, "log_pop": 4.300396, "log_mass": 6.210826}, {"country_iso": "DOM", "city_id": 816, "log_pop": 2.157414, "log_mass": 4.591938}, {"country_iso": "DOM", "city_id": 816, "log_pop": 3.005959, "log_mass": 5.306877}, {"country_iso": "DOM", "city_id": 851, "log_pop": 4.303842, "log_mass": 6.370797}, {"country_iso": "DOM", "city_id": 816, "log_pop": 2.856682, "log_mass": 5.095909}, {"country_iso": "DOM", "city_id": 816, "log_pop": 4.436209, "log_mass": 6.263102}, {"country_iso": "DOM", "city_id": 816, "log_pop": 3.169346, "log_mass": 5.326125}, {"country_iso": "DOM", "city_id": 813, "log_pop": 3.546487, "log_mass": 5.71884}, {"country_iso": "DOM", "city_id": 816, "log_pop": 3.487308, "log_mass": 5.982687}, {"country_iso": "DOM", "city_id": 816, "log_pop": 2.259089, "log_mass": 4.801141}, {"country_iso": "DOM", "city_id": 797, "log_pop": 4.346539, "log_mass": 6.50051}, {"country_iso": "DOM", "city_id": 839, "log_pop": 4.180817, "log_mass": 6.395376}, {"country_iso": "DOM", "city_id": 816, "log_pop": 3.902526, "log_mass": 5.998647}, {"country_iso": "DOM", "city_id": 816, "log_pop": 3.863899, "log_mass": 5.888371}, {"country_iso": "DOM", "city_id": 801, "log_pop": 1.980102, "log_mass": 4.757148}, {"country_iso": "DOM", "city_id": 813, "log_pop": 3.038337, "log_mass": 5.445075}, {"country_iso": "DOM", "city_id": 816, "log_pop": 1.227987, "log_mass": 4.643131}, {"country_iso": "DOM", "city_id": 816, "log_pop": 4.053891, "log_mass": 6.219878}, {"country_iso": "DOM", "city_id": 816, "log_pop": 3.941323, "log_mass": 5.960549}, {"country_iso": "DOM", "city_id": 797, "log_pop": 2.374407, "log_mass": 4.962825}, {"country_iso": "DOM", "city_id": 797, "log_pop": 0.685882, "log_mass": 3.478876}, {"country_iso": "DOM", "city_id": 816, "log_pop": 4.384787, "log_mass": 6.335585}, {"country_iso": "DOM", "city_id": 816, "log_pop": 4.519278, "log_mass": 6.413913}, {"country_iso": "DOM", "city_id": 797, "log_pop": 2.841454, "log_mass": 5.317277}, {"country_iso": "DOM", "city_id": 797, "log_pop": 4.136808, "log_mass": 6.308919}, {"country_iso": "DOM", "city_id": 816, "log_pop": 4.396924, "log_mass": 6.316629}, {"country_iso": "DOM", "city_id": 816, "log_pop": 3.416513, "log_mass": 5.686035}, {"country_iso": "DOM", "city_id": 801, "log_pop": 2.656086, "log_mass": 4.981202}, {"country_iso": "DOM", "city_id": 816, "log_pop": 4.232574, "log_mass": 6.148695}, {"country_iso": "DOM", "city_id": 830, "log_pop": 2.846436, "log_mass": 4.890221}, {"country_iso": "DOM", "city_id": 801, "log_pop": 4.016485, "log_mass": 6.227425}, {"country_iso": "DOM", "city_id": 816, "log_pop": 2.216049, "log_mass": 4.689299}, {"country_iso": "DOM", "city_id": 813, "log_pop": 4.242841, "log_mass": 6.376929}, {"country_iso": "DOM", "city_id": 816, "log_pop": 2.751002, "log_mass": 4.99803}, {"country_iso": "DOM", "city_id": 816, "log_pop": 3.554671, "log_mass": 5.632665}, {"country_iso": "DOM", "city_id": 816, "log_pop": 3.405094, "log_mass": 5.653981}, {"country_iso": "DOM", "city_id": 813, "log_pop": 3.475728, "log_mass": 5.716158}, {"country_iso": "DOM", "city_id": 816, "log_pop": 4.404111, "log_mass": 6.355883}, {"country_iso": "DOM", "city_id": 830, "log_pop": 3.467612, "log_mass": 5.460836}, {"country_iso": "DOM", "city_id": 801, "log_pop": 1.004974, "log_mass": 3.91002}, {"country_iso": "DOM", "city_id": 816, "log_pop": 4.622586, "log_mass": 6.607864}, {"country_iso": "DOM", "city_id": 816, "log_pop": 3.905464, "log_mass": 6.074239}, {"country_iso": "DOM", "city_id": 816, "log_pop": 4.612979, "log_mass": 6.561426}, {"country_iso": "DOM", "city_id": 815, "log_pop": 3.723809, "log_mass": 5.848141}, {"country_iso": "DOM", "city_id": 816, "log_pop": 0.677125, "log_mass": 3.608075}, {"country_iso": "DOM", "city_id": 816, "log_pop": 4.5381, "log_mass": 6.407062}, {"country_iso": "DOM", "city_id": 816, "log_pop": 4.072465, "log_mass": 5.983933}, {"country_iso": "DOM", "city_id": 816, "log_pop": 3.478746, "log_mass": 5.764622}, {"country_iso": "DOM", "city_id": 830, "log_pop": 2.447574, "log_mass": 4.439102}, {"country_iso": "DOM", "city_id": 816, "log_pop": 3.946255, "log_mass": 5.897305}, {"country_iso": "DOM", "city_id": 816, "log_pop": 3.409282, "log_mass": 5.8579}, {"country_iso": "DOM", "city_id": 816, "log_pop": 3.699491, "log_mass": 5.836932}, {"country_iso": "DOM", "city_id": 797, "log_pop": 3.894619, "log_mass": 6.059492}, {"country_iso": "DOM", "city_id": 816, "log_pop": 4.628766, "log_mass": 6.494329}, {"country_iso": "DOM", "city_id": 801, "log_pop": 3.274058, "log_mass": 5.747229}, {"country_iso": "DOM", "city_id": 816, "log_pop": 4.399605, "log_mass": 6.337224}, {"country_iso": "DOM", "city_id": 797, "log_pop": 3.929096, "log_mass": 6.079249}, {"country_iso": "DOM", "city_id": 797, "log_pop": 4.398389, "log_mass": 6.505789}, {"country_iso": "DOM", "city_id": 839, "log_pop": 2.96277, "log_mass": 5.381507}, {"country_iso": "DOM", "city_id": 797, "log_pop": 2.865158, "log_mass": 5.608789}, {"country_iso": "DOM", "city_id": 816, "log_pop": 2.992137, "log_mass": 5.380097}, {"country_iso": "DOM", "city_id": 816, "log_pop": 4.502479, "log_mass": 6.453297}, {"country_iso": "DOM", "city_id": 816, "log_pop": 4.589204, "log_mass": 6.567673}, {"country_iso": "DOM", "city_id": 839, "log_pop": 2.489753, "log_mass": 4.726987}, {"country_iso": "DOM", "city_id": 816, "log_pop": 4.321718, "log_mass": 6.206962}, {"country_iso": "DOM", "city_id": 816, "log_pop": 4.541896, "log_mass": 6.519549}, {"country_iso": "DOM", "city_id": 816, "log_pop": 2.704254, "log_mass": 5.090095}, {"country_iso": "DOM", "city_id": 816, "log_pop": 1.679273, "log_mass": 4.111058}, {"country_iso": "DOM", "city_id": 815, "log_pop": 3.883161, "log_mass": 6.09451}, {"country_iso": "DOM", "city_id": 851, "log_pop": 4.326253, "log_mass": 6.372539}, {"country_iso": "DOM", "city_id": 816, "log_pop": 2.035825, "log_mass": 4.296073}, {"country_iso": "DOM", "city_id": 816, "log_pop": 3.304748, "log_mass": 5.871263}, {"country_iso": "DOM", "city_id": 816, "log_pop": 4.077834, "log_mass": 6.254445}, {"country_iso": "DOM", "city_id": 797, "log_pop": 2.817067, "log_mass": 5.337398}, {"country_iso": "DOM", "city_id": 816, "log_pop": 3.673984, "log_mass": 5.762227}, {"country_iso": "DOM", "city_id": 813, "log_pop": 1.887858, "log_mass": 4.468356}, {"country_iso": "DOM", "city_id": 801, "log_pop": 4.008027, "log_mass": 6.162693}, {"country_iso": "DOM", "city_id": 816, "log_pop": 0.232778, "log_mass": 3.33916}, {"country_iso": "DOM", "city_id": 851, "log_pop": 3.335542, "log_mass": 5.465587}, {"country_iso": "DOM", "city_id": 797, "log_pop": 2.844993, "log_mass": 5.258677}, {"country_iso": "DOM", "city_id": 797, "log_pop": 3.497601, "log_mass": 5.773567}, {"country_iso": "DOM", "city_id": 839, "log_pop": 4.221283, "log_mass": 6.177473}, {"country_iso": "DOM", "city_id": 830, "log_pop": 4.138809, "log_mass": 6.193167}, {"country_iso": "DOM", "city_id": 816, "log_pop": 2.75545, "log_mass": 5.490916}, {"country_iso": "DOM", "city_id": 851, "log_pop": 3.975023, "log_mass": 5.940049}, {"country_iso": "DOM", "city_id": 816, "log_pop": 2.533219, "log_mass": 4.636475}, {"country_iso": "DOM", "city_id": 797, "log_pop": 2.838326, "log_mass": 5.239597}, {"country_iso": "DOM", "city_id": 797, "log_pop": 3.15106, "log_mass": 5.708348}, {"country_iso": "DOM", "city_id": 797, "log_pop": 3.219125, "log_mass": 5.904623}, {"country_iso": "DOM", "city_id": 816, "log_pop": 2.66624, "log_mass": 4.950369}, {"country_iso": "DOM", "city_id": 839, "log_pop": 2.613435, "log_mass": 4.422622}, {"country_iso": "DOM", "city_id": 851, "log_pop": 3.308361, "log_mass": 5.237465}, {"country_iso": "DOM", "city_id": 816, "log_pop": 2.171746, "log_mass": 4.666909}, {"country_iso": "DOM", "city_id": 851, "log_pop": 3.688257, "log_mass": 5.797595}, {"country_iso": "DOM", "city_id": 797, "log_pop": 4.074387, "log_mass": 6.211854}, {"country_iso": "DOM", "city_id": 816, "log_pop": 4.646784, "log_mass": 6.586074}, {"country_iso": "DOM", "city_id": 816, "log_pop": 4.35526, "log_mass": 6.220776}, {"country_iso": "DOM", "city_id": 830, "log_pop": 2.962143, "log_mass": 5.109316}, {"country_iso": "DOM", "city_id": 816, "log_pop": 4.404709, "log_mass": 6.293541}, {"country_iso": "DOM", "city_id": 797, "log_pop": 3.171814, "log_mass": 5.75587}, {"country_iso": "DOM", "city_id": 816, "log_pop": 2.463577, "log_mass": 5.010065}, {"country_iso": "DOM", "city_id": 816, "log_pop": 0.498172, "log_mass": 3.522881}, {"country_iso": "DOM", "city_id": 816, "log_pop": 4.272268, "log_mass": 6.165491}, {"country_iso": "DOM", "city_id": 816, "log_pop": 4.587773, "log_mass": 6.485748}, {"country_iso": "DOM", "city_id": 813, "log_pop": 2.787603, "log_mass": 5.297742}, {"country_iso": "DOM", "city_id": 816, "log_pop": 3.002657, "log_mass": 5.24149}, {"country_iso": "DOM", "city_id": 816, "log_pop": 3.444517, "log_mass": 5.77076}, {"country_iso": "DOM", "city_id": 816, "log_pop": 4.264111, "log_mass": 6.153219}, {"country_iso": "DOM", "city_id": 839, "log_pop": 4.042992, "log_mass": 6.022042}, {"country_iso": "DOM", "city_id": 816, "log_pop": 4.026801, "log_mass": 6.011025}, {"country_iso": "DOM", "city_id": 815, "log_pop": 3.001411, "log_mass": 5.353788}, {"country_iso": "DOM", "city_id": 816, "log_pop": 3.773479, "log_mass": 5.976862}, {"country_iso": "DOM", "city_id": 816, "log_pop": 4.68157, "log_mass": 6.605345}, {"country_iso": "DOM", "city_id": 816, "log_pop": 4.152624, "log_mass": 6.149588}, {"country_iso": "DOM", "city_id": 816, "log_pop": 3.555995, "log_mass": 5.870439}, {"country_iso": "DOM", "city_id": 816, "log_pop": 1.454674, "log_mass": 4.261722}, {"country_iso": "DOM", "city_id": 816, "log_pop": 4.218154, "log_mass": 6.082384}, {"country_iso": "DOM", "city_id": 797, "log_pop": 3.453383, "log_mass": 5.808346}, {"country_iso": "DOM", "city_id": 816, "log_pop": 3.277168, "log_mass": 5.605479}, {"country_iso": "DOM", "city_id": 816, "log_pop": 4.612363, "log_mass": 6.553232}, {"country_iso": "DOM", "city_id": 816, "log_pop": 4.570242, "log_mass": 6.455189}, {"country_iso": "DOM", "city_id": 816, "log_pop": 2.885424, "log_mass": 5.289456}, {"country_iso": "DOM", "city_id": 816, "log_pop": 4.609789, "log_mass": 6.527636}, {"country_iso": "DOM", "city_id": 816, "log_pop": 4.550817, "log_mass": 6.409444}, {"country_iso": "DOM", "city_id": 816, "log_pop": 2.652112, "log_mass": 5.077146}, {"country_iso": "DOM", "city_id": 839, "log_pop": 2.858437, "log_mass": 5.088758}, {"country_iso": "DOM", "city_id": 816, "log_pop": 2.438599, "log_mass": 4.940406}, {"country_iso": "DOM", "city_id": 816, "log_pop": 4.645492, "log_mass": 6.57367}, {"country_iso": "DOM", "city_id": 830, "log_pop": 3.90221, "log_mass": 5.952532}, {"country_iso": "DOM", "city_id": 801, "log_pop": 0.731785, "log_mass": 3.824453}, {"country_iso": "DOM", "city_id": 816, "log_pop": 2.674815, "log_mass": 5.208411}, {"country_iso": "DOM", "city_id": 816, "log_pop": 4.312291, "log_mass": 6.280015}, {"country_iso": "DOM", "city_id": 816, "log_pop": 3.674433, "log_mass": 5.761127}, {"country_iso": "DOM", "city_id": 816, "log_pop": 4.659795, "log_mass": 6.485962}, {"country_iso": "DOM", "city_id": 815, "log_pop": 2.766415, "log_mass": 5.045626}, {"country_iso": "DOM", "city_id": 839, "log_pop": 4.118732, "log_mass": 6.328121}, {"country_iso": "DOM", "city_id": 816, "log_pop": 4.168771, "log_mass": 6.026016}, {"country_iso": "DOM", "city_id": 813, "log_pop": 1.477201, "log_mass": 3.838121}, {"country_iso": "DOM", "city_id": 797, "log_pop": 4.128935, "log_mass": 6.257682}, {"country_iso": "DOM", "city_id": 813, "log_pop": 1.207149, "log_mass": 4.156609}, {"country_iso": "DOM", "city_id": 816, "log_pop": 2.668935, "log_mass": 4.793476}, {"country_iso": "DOM", "city_id": 816, "log_pop": 4.194706, "log_mass": 6.164572}, {"country_iso": "DOM", "city_id": 816, "log_pop": 3.340751, "log_mass": 5.6738}, {"country_iso": "DOM", "city_id": 816, "log_pop": 4.033081, "log_mass": 5.936102}, {"country_iso": "DOM", "city_id": 816, "log_pop": 4.264405, "log_mass": 6.138023}, {"country_iso": "DOM", "city_id": 839, "log_pop": 2.684773, "log_mass": 5.194483}, {"country_iso": "DOM", "city_id": 830, "log_pop": 4.142684, "log_mass": 6.11944}, {"country_iso": "DOM", "city_id": 851, "log_pop": 3.652666, "log_mass": 5.686355}, {"country_iso": "DOM", "city_id": 816, "log_pop": 4.677753, "log_mass": 6.714249}, {"country_iso": "DOM", "city_id": 813, "log_pop": 1.424148, "log_mass": 3.978072}, {"country_iso": "DOM", "city_id": 815, "log_pop": 3.14886, "log_mass": 5.509015}, {"country_iso": "DOM", "city_id": 816, "log_pop": 3.054746, "log_mass": 5.164405}, {"country_iso": "DOM", "city_id": 797, "log_pop": 4.261946, "log_mass": 6.380914}, {"country_iso": "DOM", "city_id": 797, "log_pop": 4.350344, "log_mass": 6.50645}, {"country_iso": "DOM", "city_id": 797, "log_pop": 4.239909, "log_mass": 6.299773}, {"country_iso": "DOM", "city_id": 816, "log_pop": 4.19521, "log_mass": 6.14131}, {"country_iso": "DOM", "city_id": 816, "log_pop": 4.662978, "log_mass": 6.581085}, {"country_iso": "DOM", "city_id": 816, "log_pop": 3.925991, "log_mass": 5.882301}, {"country_iso": "DOM", "city_id": 816, "log_pop": 4.15063, "log_mass": 6.025241}, {"country_iso": "DOM", "city_id": 816, "log_pop": 4.571151, "log_mass": 6.440696}, {"country_iso": "DOM", "city_id": 797, "log_pop": 1.730816, "log_mass": 4.400862}, {"country_iso": "DOM", "city_id": 816, "log_pop": 3.511919, "log_mass": 5.812529}, {"country_iso": "DOM", "city_id": 816, "log_pop": 4.290456, "log_mass": 6.214301}, {"country_iso": "DOM", "city_id": 816, "log_pop": 4.394969, "log_mass": 6.282907}, {"country_iso": "DOM", "city_id": 830, "log_pop": 2.931733, "log_mass": 4.89609}, {"country_iso": "DOM", "city_id": 797, "log_pop": 0.972751, "log_mass": 4.005991}, {"country_iso": "DOM", "city_id": 813, "log_pop": 3.091321, "log_mass": 5.473415}, {"country_iso": "DOM", "city_id": 830, "log_pop": 4.35632, "log_mass": 6.458011}, {"country_iso": "DOM", "city_id": 816, "log_pop": 4.177066, "log_mass": 6.142748}, {"country_iso": "DOM", "city_id": 797, "log_pop": 3.946282, "log_mass": 6.154217}, {"country_iso": "DOM", "city_id": 801, "log_pop": 1.620535, "log_mass": 4.019699}, {"country_iso": "DOM", "city_id": 816, "log_pop": 3.693805, "log_mass": 5.530659}, {"country_iso": "DOM", "city_id": 816, "log_pop": 4.638368, "log_mass": 6.497728}, {"country_iso": "DOM", "city_id": 801, "log_pop": 1.855537, "log_mass": 4.527321}, {"country_iso": "DOM", "city_id": 816, "log_pop": 3.861994, "log_mass": 6.118402}, {"country_iso": "DOM", "city_id": 839, "log_pop": 1.132197, "log_mass": 3.948144}, {"country_iso": "DOM", "city_id": 816, "log_pop": 0.401222, "log_mass": 3.039844}, {"country_iso": "DOM", "city_id": 816, "log_pop": 3.353009, "log_mass": 5.506256}, {"country_iso": "DOM", "city_id": 839, "log_pop": 2.830858, "log_mass": 5.045129}, {"country_iso": "DOM", "city_id": 816, "log_pop": 4.530219, "log_mass": 6.366405}, {"country_iso": "DOM", "city_id": 816, "log_pop": 3.200055, "log_mass": 5.241658}, {"country_iso": "DOM", "city_id": 816, "log_pop": 2.344008, "log_mass": 4.72359}, {"country_iso": "DOM", "city_id": 797, "log_pop": 0.877641, "log_mass": 3.301654}, {"country_iso": "DOM", "city_id": 797, "log_pop": 3.208124, "log_mass": 5.680255}, {"country_iso": "DOM", "city_id": 816, "log_pop": 4.154138, "log_mass": 6.093147}, {"country_iso": "DOM", "city_id": 816, "log_pop": 3.819956, "log_mass": 5.998071}, {"country_iso": "DOM", "city_id": 816, "log_pop": 4.619694, "log_mass": 6.485109}, {"country_iso": "DOM", "city_id": 816, "log_pop": 2.917444, "log_mass": 5.214318}, {"country_iso": "DOM", "city_id": 797, "log_pop": 4.268875, "log_mass": 6.369903}, {"country_iso": "DOM", "city_id": 815, "log_pop": 3.956769, "log_mass": 6.134702}, {"country_iso": "DOM", "city_id": 816, "log_pop": 3.004593, "log_mass": 5.252052}, {"country_iso": "DOM", "city_id": 839, "log_pop": 4.130573, "log_mass": 6.071802}, {"country_iso": "DOM", "city_id": 797, "log_pop": 4.177403, "log_mass": 6.29047}, {"country_iso": "DOM", "city_id": 830, "log_pop": 4.284773, "log_mass": 6.418594}, {"country_iso": "DOM", "city_id": 801, "log_pop": 3.383674, "log_mass": 5.617191}, {"country_iso": "DOM", "city_id": 816, "log_pop": 4.505214, "log_mass": 6.385326}, {"country_iso": "DOM", "city_id": 797, "log_pop": 4.042352, "log_mass": 6.185187}, {"country_iso": "DOM", "city_id": 816, "log_pop": 4.302558, "log_mass": 6.283884}, {"country_iso": "DOM", "city_id": 816, "log_pop": 1.238274, "log_mass": 3.749423}, {"country_iso": "DOM", "city_id": 815, "log_pop": 3.204857, "log_mass": 5.443586}, {"country_iso": "DOM", "city_id": 839, "log_pop": 2.44014, "log_mass": 4.599254}, {"country_iso": "DOM", "city_id": 816, "log_pop": 4.562951, "log_mass": 6.386711}, {"country_iso": "DOM", "city_id": 797, "log_pop": 2.573445, "log_mass": 4.849699}, {"country_iso": "DOM", "city_id": 816, "log_pop": 4.389705, "log_mass": 6.273354}, {"country_iso": "DOM", "city_id": 816, "log_pop": 4.442773, "log_mass": 6.290962}, {"country_iso": "DOM", "city_id": 816, "log_pop": 4.284884, "log_mass": 6.15642}, {"country_iso": "DOM", "city_id": 801, "log_pop": 3.321957, "log_mass": 5.588331}, {"country_iso": "DOM", "city_id": 801, "log_pop": 3.057341, "log_mass": 5.705335}, {"country_iso": "DOM", "city_id": 851, "log_pop": 3.192614, "log_mass": 5.425885}, {"country_iso": "DOM", "city_id": 839, "log_pop": 3.07146, "log_mass": 5.285788}, {"country_iso": "DOM", "city_id": 851, "log_pop": 2.960512, "log_mass": 5.196571}, {"country_iso": "DOM", "city_id": 797, "log_pop": 3.408528, "log_mass": 5.78222}, {"country_iso": "DOM", "city_id": 816, "log_pop": 1.632072, "log_mass": 3.990888}, {"country_iso": "DOM", "city_id": 816, "log_pop": 4.085249, "log_mass": 5.971964}, {"country_iso": "DOM", "city_id": 797, "log_pop": 2.539188, "log_mass": 5.233811}, {"country_iso": "DOM", "city_id": 816, "log_pop": 4.255329, "log_mass": 6.183819}, {"country_iso": "DOM", "city_id": 816, "log_pop": 2.376396, "log_mass": 5.095435}, {"country_iso": "DOM", "city_id": 816, "log_pop": 4.492688, "log_mass": 6.400833}, {"country_iso": "DOM", "city_id": 816, "log_pop": 4.141536, "log_mass": 6.096414}, {"country_iso": "DOM", "city_id": 797, "log_pop": 4.320012, "log_mass": 6.434786}, {"country_iso": "DOM", "city_id": 839, "log_pop": 2.88628, "log_mass": 5.085828}, {"country_iso": "DOM", "city_id": 816, "log_pop": 1.974339, "log_mass": 4.43059}, {"country_iso": "DOM", "city_id": 813, "log_pop": 3.629225, "log_mass": 5.803655}, {"country_iso": "DOM", "city_id": 830, "log_pop": 2.508375, "log_mass": 4.533723}, {"country_iso": "DOM", "city_id": 816, "log_pop": 4.641351, "log_mass": 6.570561}, {"country_iso": "DOM", "city_id": 816, "log_pop": 4.657734, "log_mass": 6.579091}, {"country_iso": "DOM", "city_id": 797, "log_pop": 2.562576, "log_mass": 5.166417}, {"country_iso": "DOM", "city_id": 816, "log_pop": 4.085926, "log_mass": 6.002721}, {"country_iso": "DOM", "city_id": 801, "log_pop": 3.98082, "log_mass": 6.203251}, {"country_iso": "DOM", "city_id": 839, "log_pop": 3.781952, "log_mass": 5.991569}, {"country_iso": "DOM", "city_id": 816, "log_pop": 2.851593, "log_mass": 5.482141}, {"country_iso": "DOM", "city_id": 797, "log_pop": 2.975444, "log_mass": 5.570445}, {"country_iso": "DOM", "city_id": 797, "log_pop": 3.164545, "log_mass": 5.321931}, {"country_iso": "DOM", "city_id": 816, "log_pop": 2.469717, "log_mass": 5.086906}, {"country_iso": "DOM", "city_id": 839, "log_pop": 3.807862, "log_mass": 5.972265}, {"country_iso": "DOM", "city_id": 830, "log_pop": 3.539475, "log_mass": 5.601396}, {"country_iso": "DOM", "city_id": 839, "log_pop": 1.13891, "log_mass": 3.891802}, {"country_iso": "DOM", "city_id": 816, "log_pop": 4.011744, "log_mass": 5.97313}, {"country_iso": "DOM", "city_id": 816, "log_pop": 3.462298, "log_mass": 5.754288}, {"country_iso": "DOM", "city_id": 797, "log_pop": 2.490473, "log_mass": 5.076945}, {"country_iso": "DOM", "city_id": 816, "log_pop": 4.297033, "log_mass": 6.133896}, {"country_iso": "DOM", "city_id": 816, "log_pop": 3.826904, "log_mass": 5.782725}, {"country_iso": "DOM", "city_id": 816, "log_pop": 4.361309, "log_mass": 6.201957}, {"country_iso": "DOM", "city_id": 797, "log_pop": 3.842468, "log_mass": 5.974844}, {"country_iso": "DOM", "city_id": 801, "log_pop": 3.086561, "log_mass": 5.58106}, {"country_iso": "DOM", "city_id": 797, "log_pop": 3.663115, "log_mass": 5.883283}, {"country_iso": "DOM", "city_id": 816, "log_pop": 3.280705, "log_mass": 5.406091}, {"country_iso": "DOM", "city_id": 816, "log_pop": 4.057286, "log_mass": 6.068151}, {"country_iso": "DOM", "city_id": 797, "log_pop": 4.106718, "log_mass": 6.276357}, {"country_iso": "DOM", "city_id": 830, "log_pop": 3.939864, "log_mass": 6.006144}, {"country_iso": "DOM", "city_id": 816, "log_pop": 2.881381, "log_mass": 5.347685}, {"country_iso": "DOM", "city_id": 797, "log_pop": 2.839599, "log_mass": 5.32899}, {"country_iso": "DOM", "city_id": 830, "log_pop": 2.824018, "log_mass": 4.682322}, {"country_iso": "DOM", "city_id": 816, "log_pop": 2.437887, "log_mass": 4.901796}, {"country_iso": "DOM", "city_id": 797, "log_pop": 3.634131, "log_mass": 5.825754}, {"country_iso": "DOM", "city_id": 813, "log_pop": 4.129917, "log_mass": 6.287288}, {"country_iso": "DOM", "city_id": 816, "log_pop": 4.23131, "log_mass": 6.08852}, {"country_iso": "DOM", "city_id": 815, "log_pop": 3.672103, "log_mass": 5.868626}, {"country_iso": "DOM", "city_id": 816, "log_pop": 4.608304, "log_mass": 6.481509}, {"country_iso": "DOM", "city_id": 801, "log_pop": 2.539078, "log_mass": 5.11518}, {"country_iso": "DOM", "city_id": 816, "log_pop": 2.83252, "log_mass": 5.260123}, {"country_iso": "DOM", "city_id": 797, "log_pop": 1.161989, "log_mass": 4.030365}, {"country_iso": "DOM", "city_id": 797, "log_pop": 3.717761, "log_mass": 5.925066}, {"country_iso": "DOM", "city_id": 816, "log_pop": 4.633547, "log_mass": 6.495538}, {"country_iso": "DOM", "city_id": 816, "log_pop": 3.236831, "log_mass": 5.436792}, {"country_iso": "DOM", "city_id": 815, "log_pop": 3.390337, "log_mass": 5.644262}, {"country_iso": "DOM", "city_id": 816, "log_pop": 4.03733, "log_mass": 5.979678}, {"country_iso": "DOM", "city_id": 816, "log_pop": 3.583135, "log_mass": 5.744502}, {"country_iso": "DOM", "city_id": 797, "log_pop": 1.089762, "log_mass": 3.738967}, {"country_iso": "DOM", "city_id": 797, "log_pop": 4.050477, "log_mass": 6.148253}, {"country_iso": "DOM", "city_id": 830, "log_pop": 2.114796, "log_mass": 4.242438}, {"country_iso": "DOM", "city_id": 816, "log_pop": 3.374647, "log_mass": 5.527936}, {"country_iso": "DOM", "city_id": 797, "log_pop": 3.548976, "log_mass": 5.82137}, {"country_iso": "DOM", "city_id": 816, "log_pop": 3.551634, "log_mass": 5.881687}, {"country_iso": "DOM", "city_id": 839, "log_pop": 3.051194, "log_mass": 5.189433}, {"country_iso": "DOM", "city_id": 816, "log_pop": 4.303836, "log_mass": 6.233538}, {"country_iso": "DOM", "city_id": 816, "log_pop": 3.720443, "log_mass": 5.74181}, {"country_iso": "DOM", "city_id": 816, "log_pop": 4.377864, "log_mass": 6.271644}, {"country_iso": "DOM", "city_id": 816, "log_pop": 4.559628, "log_mass": 6.47794}, {"country_iso": "DOM", "city_id": 816, "log_pop": 3.273352, "log_mass": 5.575734}, {"country_iso": "DOM", "city_id": 816, "log_pop": 1.945162, "log_mass": 4.560234}, {"country_iso": "DOM", "city_id": 813, "log_pop": 3.820536, "log_mass": 6.068246}, {"country_iso": "DOM", "city_id": 816, "log_pop": 4.470651, "log_mass": 6.350382}, {"country_iso": "DOM", "city_id": 816, "log_pop": 3.863625, "log_mass": 5.911186}, {"country_iso": "DOM", "city_id": 815, "log_pop": 3.120652, "log_mass": 5.382713}, {"country_iso": "DOM", "city_id": 797, "log_pop": 2.682151, "log_mass": 5.212641}, {"country_iso": "DOM", "city_id": 816, "log_pop": 3.733019, "log_mass": 5.758292}, {"country_iso": "DOM", "city_id": 851, "log_pop": 3.280969, "log_mass": 5.311592}, {"country_iso": "DOM", "city_id": 816, "log_pop": 3.708375, "log_mass": 5.813968}, {"country_iso": "DOM", "city_id": 839, "log_pop": 3.985469, "log_mass": 5.9661}, {"country_iso": "DOM", "city_id": 816, "log_pop": 4.127815, "log_mass": 5.936456}]