[{"country_iso": "SRB", "city_id": 3270, "log_pop": 4.244769, "log_mass": 6.530663, "log_pop_c": 0.679165, "log_mass_c": 0.557331}, {"country_iso": "SRB", "city_id": 3270, "log_pop": 4.306006, "log_mass": 6.55943, "log_pop_c": 0.740403, "log_mass_c": 0.586098}, {"country_iso": "SRB", "city_id": 3240, "log_pop": 1.891239, "log_mass": 4.90582, "log_pop_c": -1.3123, "log_mass_c": -0.856738}, {"country_iso": "SRB", "city_id": 3240, "log_pop": 3.26107, "log_mass": 5.94882, "log_pop_c": 0.057531, "log_mass_c": 0.186261}, {"country_iso": "SRB", "city_id": 3270, "log_pop": 4.437074, "log_mass": 6.593386, "log_pop_c": 0.87147, "log_mass_c": 0.620054}, {"country_iso": "SRB", "city_id": 3270, "log_pop": 4.608411, "log_mass": 6.841779, "log_pop_c": 1.042807, "log_mass_c": 0.868447}, {"country_iso": "SRB", "city_id": 3270, "log_pop": 4.118157, "log_mass": 6.440633, "log_pop_c": 0.552553, "log_mass_c": 0.467301}, {"country_iso": "SRB", "city_id": 3304, "log_pop": 2.725653, "log_mass": 5.363311, "log_pop_c": -0.50805, "log_mass_c": -0.354279}, {"country_iso": "SRB", "city_id": 3340, "log_pop": 4.599313, "log_mass": 6.777805, "log_pop_c": 1.05492, "log_mass_c": 0.869964}, {"country_iso": "SRB", "city_id": 3240, "log_pop": 2.681763, "log_mass": 5.350431, "log_pop_c": -0.521776, "log_mass_c": -0.412128}, {"country_iso": "SRB", "city_id": 3304, "log_pop": 3.400131, "log_mass": 5.907441, "log_pop_c": 0.166428, "log_mass_c": 0.189851}, {"country_iso": "SRB", "city_id": 3240, "log_pop": 3.789057, "log_mass": 6.328972, "log_pop_c": 0.585519, "log_mass_c": 0.566414}, {"country_iso": "SRB", "city_id": 3270, "log_pop": 2.269259, "log_mass": 5.349517, "log_pop_c": -1.296345, "log_mass_c": -0.623815}, {"country_iso": "SRB", "city_id": 3230, "log_pop": 4.353689, "log_mass": 6.74032, "log_pop_c": 1.090477, "log_mass_c": 0.885544}, {"country_iso": "SRB", "city_id": 3304, "log_pop": 3.662839, "log_mass": 5.919972, "log_pop_c": 0.429137, "log_mass_c": 0.202383}, {"country_iso": "SRB", "city_id": 3304, "log_pop": 4.119847, "log_mass": 6.443853, "log_pop_c": 0.886145, "log_mass_c": 0.726264}, {"country_iso": "SRB", "city_id": 3270, "log_pop": 2.956387, "log_mass": 5.672651, "log_pop_c": -0.609217, "log_mass_c": -0.300681}, {"country_iso": "SRB", "city_id": 3340, "log_pop": 3.755362, "log_mass": 6.197816, "log_pop_c": 0.210969, "log_mass_c": 0.289975}, {"country_iso": "SRB", "city_id": 3304, "log_pop": 3.36881, "log_mass": 5.86705, "log_pop_c": 0.135107, "log_mass_c": 0.149461}, {"country_iso": "SRB", "city_id": 3340, "log_pop": 2.10129, "log_mass": 5.224669, "log_pop_c": -1.443103, "log_mass_c": -0.683173}, {"country_iso": "SRB", "city_id": 3240, "log_pop": 0.443736, "log_mass": 3.855385, "log_pop_c": -2.759803, "log_mass_c": -1.907174}, {"country_iso": "SRB", "city_id": 3230, "log_pop": 3.79174, "log_mass": 6.260938, "log_pop_c": 0.528529, "log_mass_c": 0.406162}, {"country_iso": "SRB", "city_id": 3270, "log_pop": 2.196261, "log_mass": 4.649432, "log_pop_c": -1.369343, "log_mass_c": -1.3239}, {"country_iso": "SRB", "city_id": 3240, "log_pop": 4.434516, "log_mass": 6.627388, "log_pop_c": 1.230978, "log_mass_c": 0.864829}, {"country_iso": "SRB", "city_id": 3270, "log_pop": 4.274484, "log_mass": 6.403852, "log_pop_c": 0.70888, "log_mass_c": 0.43052}, {"country_iso": "SRB", "city_id": 3270, "log_pop": 4.538417, "log_mass": 6.876495, "log_pop_c": 0.972813, "log_mass_c": 0.903163}, {"country_iso": "SRB", "city_id": 3270, "log_pop": 3.840125, "log_mass": 6.280741, "log_pop_c": 0.274521, "log_mass_c": 0.307409}, {"country_iso": "SRB", "city_id": 3270, "log_pop": 4.054586, "log_mass": 6.419852, "log_pop_c": 0.488982, "log_mass_c": 0.44652}, {"country_iso": "SRB", "city_id": 3270, "log_pop": 4.535828, "log_mass": 7.027306, "log_pop_c": 0.970224, "log_mass_c": 1.053974}, {"country_iso": "SRB", "city_id": 3230, "log_pop": 3.372929, "log_mass": 5.861032, "log_pop_c": 0.109717, "log_mass_c": 0.006256}, {"country_iso": "SRB", "city_id": 3240, "log_pop": 4.533375, "log_mass": 6.862745, "log_pop_c": 1.329837, "log_mass_c": 1.100187}, {"country_iso": "SRB", "city_id": 3270, "log_pop": 4.006126, "log_mass": 6.339626, "log_pop_c": 0.440523, "log_mass_c": 0.366294}, {"country_iso": "SRB", "city_id": 3270, "log_pop": 3.387107, "log_mass": 5.90068, "log_pop_c": -0.178497, "log_mass_c": -0.072652}, {"country_iso": "SRB", "city_id": 3240, "log_pop": 1.789367, "log_mass": 4.641458, "log_pop_c": -1.414172, "log_mass_c": -1.121101}, {"country_iso": "SRB", "city_id": 3270, "log_pop": 4.700899, "log_mass": 6.850304, "log_pop_c": 1.135295, "log_mass_c": 0.876972}, {"country_iso": "SRB", "city_id": 3270, "log_pop": 3.963101, "log_mass": 6.452972, "log_pop_c": 0.397497, "log_mass_c": 0.47964}, {"country_iso": "SRB", "city_id": 3340, "log_pop": 3.247516, "log_mass": 5.686593, "log_pop_c": -0.296877, "log_mass_c": -0.221248}, {"country_iso": "SRB", "city_id": 3240, "log_pop": 3.241385, "log_mass": 5.824623, "log_pop_c": 0.037846, "log_mass_c": 0.062064}, {"country_iso": "SRB", "city_id": 3270, "log_pop": 3.322557, "log_mass": 5.925042, "log_pop_c": -0.243047, "log_mass_c": -0.04829}, {"country_iso": "SRB", "city_id": 3240, "log_pop": 3.657204, "log_mass": 6.179853, "log_pop_c": 0.453665, "log_mass_c": 0.417294}, {"country_iso": "SRB", "city_id": 3270, "log_pop": 4.1533, "log_mass": 6.344582, "log_pop_c": 0.587696, "log_mass_c": 0.37125}, {"country_iso": "SRB", "city_id": 3270, "log_pop": 4.308133, "log_mass": 6.586441, "log_pop_c": 0.742529, "log_mass_c": 0.613109}, {"country_iso": "SRB", "city_id": 3304, "log_pop": 4.1284, "log_mass": 6.459291, "log_pop_c": 0.894698, "log_mass_c": 0.741701}, {"country_iso": "SRB", "city_id": 3240, "log_pop": 4.510278, "log_mass": 6.806187, "log_pop_c": 1.306739, "log_mass_c": 1.043629}, {"country_iso": "SRB", "city_id": 3270, "log_pop": 2.98362, "log_mass": 5.537306, "log_pop_c": -0.581984, "log_mass_c": -0.436026}, {"country_iso": "SRB", "city_id": 3270, "log_pop": 4.034605, "log_mass": 6.368858, "log_pop_c": 0.469001, "log_mass_c": 0.395526}, {"country_iso": "SRB", "city_id": 3230, "log_pop": 3.886754, "log_mass": 6.3293, "log_pop_c": 0.623543, "log_mass_c": 0.474525}, {"country_iso": "SRB", "city_id": 3240, "log_pop": 4.261396, "log_mass": 6.537483, "log_pop_c": 1.057857, "log_mass_c": 0.774924}, {"country_iso": "SRB", "city_id": 3270, "log_pop": 2.901241, "log_mass": 5.5457, "log_pop_c": -0.664363, "log_mass_c": -0.427632}, {"country_iso": "SRB", "city_id": 3240, "log_pop": 3.907671, "log_mass": 6.17051, "log_pop_c": 0.704132, "log_mass_c": 0.407951}, {"country_iso": "SRB", "city_id": 3270, "log_pop": 4.620941, "log_mass": 6.946894, "log_pop_c": 1.055337, "log_mass_c": 0.973561}, {"country_iso": "SRB", "city_id": 3240, "log_pop": 3.810904, "log_mass": 6.229582, "log_pop_c": 0.607366, "log_mass_c": 0.467023}, {"country_iso": "SRB", "city_id": 3304, "log_pop": 3.116667, "log_mass": 5.613372, "log_pop_c": -0.117036, "log_mass_c": -0.104217}, {"country_iso": "SRB", "city_id": 3270, "log_pop": 3.047011, "log_mass": 5.405417, "log_pop_c": -0.518593, "log_mass_c": -0.567915}, {"country_iso": "SRB", "city_id": 3270, "log_pop": 4.167628, "log_mass": 6.387228, "log_pop_c": 0.602024, "log_mass_c": 0.413895}, {"country_iso": "SRB", "city_id": 3230, "log_pop": 3.084883, "log_mass": 5.768984, "log_pop_c": -0.178329, "log_mass_c": -0.085792}, {"country_iso": "SRB", "city_id": 3270, "log_pop": 4.291815, "log_mass": 6.491488, "log_pop_c": 0.726211, "log_mass_c": 0.518155}, {"country_iso": "SRB", "city_id": 3270, "log_pop": 2.02801, "log_mass": 4.81581, "log_pop_c": -1.537594, "log_mass_c": -1.157522}, {"country_iso": "SRB", "city_id": 3270, "log_pop": 2.823337, "log_mass": 5.299622, "log_pop_c": -0.742267, "log_mass_c": -0.67371}, {"country_iso": "SRB", "city_id": 3270, "log_pop": 3.33511, "log_mass": 5.793691, "log_pop_c": -0.230494, "log_mass_c": -0.179642}, {"country_iso": "SRB", "city_id": 3240, "log_pop": 2.930832, "log_mass": 5.411467, "log_pop_c": -0.272706, "log_mass_c": -0.351092}, {"country_iso": "SRB", "city_id": 3240, "log_pop": 4.372051, "log_mass": 6.720155, "log_pop_c": 1.168512, "log_mass_c": 0.957597}, {"country_iso": "SRB", "city_id": 3270, "log_pop": 0.542, "log_mass": 3.078227, "log_pop_c": -3.023604, "log_mass_c": -2.895105}, {"country_iso": "SRB", "city_id": 3240, "log_pop": 3.187362, "log_mass": 5.782444, "log_pop_c": -0.016177, "log_mass_c": 0.019885}, {"country_iso": "SRB", "city_id": 3340, "log_pop": 3.71131, "log_mass": 6.34613, "log_pop_c": 0.166917, "log_mass_c": 0.438289}, {"country_iso": "SRB", "city_id": 3230, "log_pop": 2.726929, "log_mass": 5.461723, "log_pop_c": -0.536282, "log_mass_c": -0.393053}, {"country_iso": "SRB", "city_id": 3270, "log_pop": 2.305489, "log_mass": 4.953745, "log_pop_c": -1.260115, "log_mass_c": -1.019587}, {"country_iso": "SRB", "city_id": 3270, "log_pop": 3.710251, "log_mass": 6.157525, "log_pop_c": 0.144647, "log_mass_c": 0.184192}, {"country_iso": "SRB", "city_id": 3304, "log_pop": 2.500087, "log_mass": 4.968055, "log_pop_c": -0.733616, "log_mass_c": -0.749534}, {"country_iso": "SRB", "city_id": 3270, "log_pop": 3.839222, "log_mass": 6.120151, "log_pop_c": 0.273618, "log_mass_c": 0.146819}, {"country_iso": "SRB", "city_id": 3230, "log_pop": 3.660997, "log_mass": 6.286662, "log_pop_c": 0.397786, "log_mass_c": 0.431886}, {"country_iso": "SRB", "city_id": 3240, "log_pop": 3.289579, "log_mass": 5.613344, "log_pop_c": 0.08604, "log_mass_c": -0.149215}, {"country_iso": "SRB", "city_id": 3304, "log_pop": 4.485436, "log_mass": 6.8109, "log_pop_c": 1.251733, "log_mass_c": 1.093311}, {"country_iso": "SRB", "city_id": 3230, "log_pop": 3.453646, "log_mass": 5.940973, "log_pop_c": 0.190434, "log_mass_c": 0.086197}, {"country_iso": "SRB", "city_id": 3240, "log_pop": 3.801721, "log_mass": 6.245221, "log_pop_c": 0.598182, "log_mass_c": 0.482663}, {"country_iso": "SRB", "city_id": 3270, "log_pop": 4.414108, "log_mass": 6.767762, "log_pop_c": 0.848504, "log_mass_c": 0.79443}, {"country_iso": "SRB", "city_id": 3270, "log_pop": 2.397899, "log_mass": 5.178619, "log_pop_c": -1.167705, "log_mass_c": -0.794713}, {"country_iso": "SRB", "city_id": 3304, "log_pop": 3.991866, "log_mass": 6.395752, "log_pop_c": 0.758163, "log_mass_c": 0.678162}, {"country_iso": "SRB", "city_id": 3230, "log_pop": 1.480861, "log_mass": 4.494633, "log_pop_c": -1.782351, "log_mass_c": -1.360143}, {"country_iso": "SRB", "city_id": 3340, "log_pop": 3.814496, "log_mass": 6.114023, "log_pop_c": 0.270103, "log_mass_c": 0.206182}, {"country_iso": "SRB", "city_id": 3270, "log_pop": 3.421416, "log_mass": 5.683652, "log_pop_c": -0.144188, "log_mass_c": -0.28968}, {"country_iso": "SRB", "city_id": 3270, "log_pop": 4.496351, "log_mass": 6.736786, "log_pop_c": 0.930747, "log_mass_c": 0.763454}, {"country_iso": "SRB", "city_id": 3270, "log_pop": 3.009885, "log_mass": 5.345588, "log_pop_c": -0.555719, "log_mass_c": -0.627744}, {"country_iso": "SRB", "city_id": 3270, "log_pop": 4.587467, "log_mass": 6.720697, "log_pop_c": 1.021863, "log_mass_c": 0.747365}, {"country_iso": "SRB", "city_id": 3270, "log_pop": 3.098354, "log_mass": 5.587187, "log_pop_c": -0.46725, "log_mass_c": -0.386145}, {"country_iso": "SRB", "city_id": 3270, "log_pop": 4.514156, "log_mass": 6.72452, "log_pop_c": 0.948552, "log_mass_c": 0.751188}, {"country_iso": "SRB", "city_id": 3270, "log_pop": 2.245647, "log_mass": 4.92474, "log_pop_c": -1.319957, "log_mass_c": -1.048592}, {"country_iso": "SRB", "city_id": 3270, "log_pop": 2.591752, "log_mass": 4.896058, "log_pop_c": -0.973852, "log_mass_c": -1.077274}, {"country_iso": "SRB", "city_id": 3270, "log_pop": 2.288625, "log_mass": 4.817065, "log_pop_c": -1.276979, "log_mass_c": -1.156267}, {"country_iso": "SRB", "city_id": 3240, "log_pop": 2.498648, "log_mass": 5.089722, "log_pop_c": -0.704891, "log_mass_c": -0.672836}, {"country_iso": "SRB", "city_id": 3270, "log_pop": 4.232371, "log_mass": 6.455082, "log_pop_c": 0.666767, "log_mass_c": 0.48175}, {"country_iso": "SRB", "city_id": 3340, "log_pop": 3.922757, "log_mass": 6.130294, "log_pop_c": 0.378364, "log_mass_c": 0.222453}, {"country_iso": "SRB", "city_id": 3270, "log_pop": 3.948941, "log_mass": 6.353932, "log_pop_c": 0.383337, "log_mass_c": 0.3806}, {"country_iso": "SRB", "city_id": 3270, "log_pop": 3.094977, "log_mass": 5.752728, "log_pop_c": -0.470627, "log_mass_c": -0.220604}, {"country_iso": "SRB", "city_id": 3340, "log_pop": 4.011572, "log_mass": 6.265075, "log_pop_c": 0.46718, "log_mass_c": 0.357234}, {"country_iso": "SRB", "city_id": 3270, "log_pop": 3.822272, "log_mass": 6.242775, "log_pop_c": 0.256668, "log_mass_c": 0.269443}, {"country_iso": "SRB", "city_id": 3340, "log_pop": 4.673162, "log_mass": 6.72009, "log_pop_c": 1.128769, "log_mass_c": 0.812249}, {"country_iso": "SRB", "city_id": 3270, "log_pop": 3.519472, "log_mass": 5.94342, "log_pop_c": -0.046132, "log_mass_c": -0.029912}, {"country_iso": "SRB", "city_id": 3270, "log_pop": 2.453335, "log_mass": 4.774157, "log_pop_c": -1.112269, "log_mass_c": -1.199175}, {"country_iso": "SRB", "city_id": 3270, "log_pop": 3.993593, "log_mass": 6.356257, "log_pop_c": 0.427989, "log_mass_c": 0.382925}, {"country_iso": "SRB", "city_id": 3240, "log_pop": 3.392083, "log_mass": 5.816171, "log_pop_c": 0.188545, "log_mass_c": 0.053613}, {"country_iso": "SRB", "city_id": 3270, "log_pop": 4.194571, "log_mass": 6.516776, "log_pop_c": 0.628967, "log_mass_c": 0.543444}, {"country_iso": "SRB", "city_id": 3270, "log_pop": 4.244914, "log_mass": 6.545312, "log_pop_c": 0.67931, "log_mass_c": 0.57198}, {"country_iso": "SRB", "city_id": 3270, "log_pop": 1.707641, "log_mass": 4.599804, "log_pop_c": -1.857963, "log_mass_c": -1.373528}, {"country_iso": "SRB", "city_id": 3270, "log_pop": 2.124074, "log_mass": 4.836731, "log_pop_c": -1.44153, "log_mass_c": -1.136601}, {"country_iso": "SRB", "city_id": 3270, "log_pop": 4.285384, "log_mass": 6.575769, "log_pop_c": 0.71978, "log_mass_c": 0.602437}, {"country_iso": "SRB", "city_id": 3240, "log_pop": 2.013329, "log_mass": 4.577535, "log_pop_c": -1.190209, "log_mass_c": -1.185023}, {"country_iso": "SRB", "city_id": 3270, "log_pop": 3.695976, "log_mass": 5.875853, "log_pop_c": 0.130372, "log_mass_c": -0.097479}, {"country_iso": "SRB", "city_id": 3270, "log_pop": 3.922501, "log_mass": 6.459033, "log_pop_c": 0.356897, "log_mass_c": 0.485701}, {"country_iso": "SRB", "city_id": 3230, "log_pop": 3.768759, "log_mass": 6.287611, "log_pop_c": 0.505548, "log_mass_c": 0.432835}, {"country_iso": "SRB", "city_id": 3270, "log_pop": 3.522534, "log_mass": 5.787109, "log_pop_c": -0.04307, "log_mass_c": -0.186223}, {"country_iso": "SRB", "city_id": 3240, "log_pop": 3.268801, "log_mass": 5.903847, "log_pop_c": 0.065262, "log_mass_c": 0.141289}, {"country_iso": "SRB", "city_id": 3230, "log_pop": 2.314138, "log_mass": 4.970359, "log_pop_c": -0.949073, "log_mass_c": -0.884417}, {"country_iso": "SRB", "city_id": 3240, "log_pop": 0.897571, "log_mass": 4.095808, "log_pop_c": -2.305968, "log_mass_c": -1.66675}, {"country_iso": "SRB", "city_id": 3304, "log_pop": 3.261212, "log_mass": 5.829193, "log_pop_c": 0.027509, "log_mass_c": 0.111604}, {"country_iso": "SRB", "city_id": 3304, "log_pop": 2.250818, "log_mass": 5.189014, "log_pop_c": -0.982885, "log_mass_c": -0.528576}, {"country_iso": "SRB", "city_id": 3270, "log_pop": 4.033545, "log_mass": 6.251208, "log_pop_c": 0.467941, "log_mass_c": 0.277876}, {"country_iso": "SRB", "city_id": 3340, "log_pop": 3.502542, "log_mass": 5.857795, "log_pop_c": -0.041851, "log_mass_c": -0.050046}, {"country_iso": "SRB", "city_id": 3270, "log_pop": 4.303777, "log_mass": 6.620993, "log_pop_c": 0.738174, "log_mass_c": 0.647661}, {"country_iso": "SRB", "city_id": 3270, "log_pop": 3.057916, "log_mass": 5.590129, "log_pop_c": -0.507688, "log_mass_c": -0.383204}, {"country_iso": "SRB", "city_id": 3340, "log_pop": 3.794125, "log_mass": 6.028258, "log_pop_c": 0.249732, "log_mass_c": 0.120416}, {"country_iso": "SRB", "city_id": 3340, "log_pop": 1.272313, "log_mass": 3.545439, "log_pop_c": -2.272079, "log_mass_c": -2.362402}, {"country_iso": "SRB", "city_id": 3270, "log_pop": 3.510034, "log_mass": 5.905724, "log_pop_c": -0.05557, "log_mass_c": -0.067608}, {"country_iso": "SRB", "city_id": 3270, "log_pop": 4.302009, "log_mass": 6.448285, "log_pop_c": 0.736405, "log_mass_c": 0.474953}, {"country_iso": "SRB", "city_id": 3240, "log_pop": 3.886427, "log_mass": 6.373193, "log_pop_c": 0.682889, "log_mass_c": 0.610635}, {"country_iso": "SRB", "city_id": 3270, "log_pop": 2.269689, "log_mass": 4.965064, "log_pop_c": -1.295915, "log_mass_c": -1.008268}, {"country_iso": "SRB", "city_id": 3270, "log_pop": 4.739013, "log_mass": 7.027392, "log_pop_c": 1.173409, "log_mass_c": 1.05406}, {"country_iso": "SRB", "city_id": 3304, "log_pop": 0.285727, "log_mass": 3.057845, "log_pop_c": -2.947976, "log_mass_c": -2.659745}, {"country_iso": "SRB", "city_id": 3240, "log_pop": 3.540639, "log_mass": 5.928358, "log_pop_c": 0.337101, "log_mass_c": 0.1658}, {"country_iso": "SRB", "city_id": 3340, "log_pop": 3.671348, "log_mass": 5.907949, "log_pop_c": 0.126955, "log_mass_c": 0.000107}, {"country_iso": "SRB", "city_id": 3304, "log_pop": 3.974347, "log_mass": 6.221203, "log_pop_c": 0.740644, "log_mass_c": 0.503613}]