[{"country_iso": "UZB", "city_id": 6065, "log_pop": 3.953137, "log_mass": 6.716511, "log_pop_c": 0.989918, "log_mass_c": 0.929961}, {"country_iso": "UZB", "city_id": 5897, "log_pop": 3.805757, "log_mass": 6.466307, "log_pop_c": 0.468547, "log_mass_c": 0.382927}, {"country_iso": "UZB", "city_id": 5897, "log_pop": 3.348636, "log_mass": 6.049556, "log_pop_c": 0.011426, "log_mass_c": -0.033824}, {"country_iso": "UZB", "city_id": 5991, "log_pop": 3.744145, "log_mass": 6.653939, "log_pop_c": 0.565127, "log_mass_c": 0.631333}, {"country_iso": "UZB", "city_id": 6008, "log_pop": 3.615612, "log_mass": 6.783467, "log_pop_c": 0.221371, "log_mass_c": 0.630466}, {"country_iso": "UZB", "city_id": 6008, "log_pop": 3.614968, "log_mass": 6.814139, "log_pop_c": 0.220726, "log_mass_c": 0.661138}, {"country_iso": "UZB", "city_id": 5980, "log_pop": 1.964597, "log_mass": 4.991474, "log_pop_c": -0.824051, "log_mass_c": -0.752851}, {"country_iso": "UZB", "city_id": 6008, "log_pop": 2.728521, "log_mass": 5.77908, "log_pop_c": -0.665721, "log_mass_c": -0.373921}, {"country_iso": "UZB", "city_id": 5980, "log_pop": 3.66915, "log_mass": 6.578901, "log_pop_c": 0.880501, "log_mass_c": 0.834576}, {"country_iso": "UZB", "city_id": 5991, "log_pop": 3.944975, "log_mass": 6.800899, "log_pop_c": 0.765957, "log_mass_c": 0.778293}, {"country_iso": "UZB", "city_id": 6065, "log_pop": 3.855579, "log_mass": 6.674485, "log_pop_c": 0.892359, "log_mass_c": 0.887935}, {"country_iso": "UZB", "city_id": 6080, "log_pop": 2.982, "log_mass": 5.865287, "log_pop_c": -0.190785, "log_mass_c": -0.226731}, {"country_iso": "UZB", "city_id": 6008, "log_pop": 3.655833, "log_mass": 6.854934, "log_pop_c": 0.261591, "log_mass_c": 0.701932}, {"country_iso": "UZB", "city_id": 6008, "log_pop": 3.65632, "log_mass": 6.851211, "log_pop_c": 0.262079, "log_mass_c": 0.698209}, {"country_iso": "UZB", "city_id": 5980, "log_pop": 2.043964, "log_mass": 5.241558, "log_pop_c": -0.744684, "log_mass_c": -0.502767}, {"country_iso": "UZB", "city_id": 5980, "log_pop": 3.010118, "log_mass": 5.987267, "log_pop_c": 0.22147, "log_mass_c": 0.242942}, {"country_iso": "UZB", "city_id": 6094, "log_pop": 3.740751, "log_mass": 6.619476, "log_pop_c": 0.524109, "log_mass_c": 0.540677}, {"country_iso": "UZB", "city_id": 5991, "log_pop": 3.94471, "log_mass": 6.800852, "log_pop_c": 0.765693, "log_mass_c": 0.778246}, {"country_iso": "UZB", "city_id": 5980, "log_pop": 3.143426, "log_mass": 5.98687, "log_pop_c": 0.354778, "log_mass_c": 0.242545}, {"country_iso": "UZB", "city_id": 5991, "log_pop": 1.53809, "log_mass": 4.380987, "log_pop_c": -1.640927, "log_mass_c": -1.641619}, {"country_iso": "UZB", "city_id": 6008, "log_pop": 2.881623, "log_mass": 4.427497, "log_pop_c": -0.512619, "log_mass_c": -1.725504}, {"country_iso": "UZB", "city_id": 5991, "log_pop": 2.919794, "log_mass": 5.736152, "log_pop_c": -0.259223, "log_mass_c": -0.286454}, {"country_iso": "UZB", "city_id": 6107, "log_pop": 3.809249, "log_mass": 6.777588, "log_pop_c": 0.54956, "log_mass_c": 0.635768}, {"country_iso": "UZB", "city_id": 6008, "log_pop": 4.787834, "log_mass": 6.511987, "log_pop_c": 1.393592, "log_mass_c": 0.358986}, {"country_iso": "UZB", "city_id": 6008, "log_pop": 3.647861, "log_mass": 6.838419, "log_pop_c": 0.253619, "log_mass_c": 0.685418}, {"country_iso": "UZB", "city_id": 6094, "log_pop": 3.534522, "log_mass": 6.517638, "log_pop_c": 0.31788, "log_mass_c": 0.438839}, {"country_iso": "UZB", "city_id": 6008, "log_pop": 3.638352, "log_mass": 6.803879, "log_pop_c": 0.244111, "log_mass_c": 0.650878}, {"country_iso": "UZB", "city_id": 5980, "log_pop": 3.367214, "log_mass": 6.234169, "log_pop_c": 0.578565, "log_mass_c": 0.489844}, {"country_iso": "UZB", "city_id": 6008, "log_pop": 3.435944, "log_mass": 4.955009, "log_pop_c": 0.041703, "log_mass_c": -1.197992}, {"country_iso": "UZB", "city_id": 5991, "log_pop": 3.966986, "log_mass": 6.800491, "log_pop_c": 0.787968, "log_mass_c": 0.777885}, {"country_iso": "UZB", "city_id": 6080, "log_pop": 3.40145, "log_mass": 6.282211, "log_pop_c": 0.228665, "log_mass_c": 0.190194}, {"country_iso": "UZB", "city_id": 5991, "log_pop": 3.212862, "log_mass": 5.955738, "log_pop_c": 0.033844, "log_mass_c": -0.066868}, {"country_iso": "UZB", "city_id": 6080, "log_pop": 3.905288, "log_mass": 6.788237, "log_pop_c": 0.732503, "log_mass_c": 0.696219}, {"country_iso": "UZB", "city_id": 6008, "log_pop": 4.627984, "log_mass": 6.333301, "log_pop_c": 1.233742, "log_mass_c": 0.180299}, {"country_iso": "UZB", "city_id": 6008, "log_pop": 3.173109, "log_mass": 6.378804, "log_pop_c": -0.221133, "log_mass_c": 0.225802}, {"country_iso": "UZB", "city_id": 6008, "log_pop": 0.944725, "log_mass": 4.014332, "log_pop_c": -2.449517, "log_mass_c": -2.13867}, {"country_iso": "UZB", "city_id": 6008, "log_pop": 1.768548, "log_mass": 4.694743, "log_pop_c": -1.625694, "log_mass_c": -1.458258}, {"country_iso": "UZB", "city_id": 5980, "log_pop": 2.352059, "log_mass": 5.445118, "log_pop_c": -0.436589, "log_mass_c": -0.299207}, {"country_iso": "UZB", "city_id": 6008, "log_pop": 3.747903, "log_mass": 5.338547, "log_pop_c": 0.353661, "log_mass_c": -0.814454}, {"country_iso": "UZB", "city_id": 5991, "log_pop": 2.625915, "log_mass": 5.419186, "log_pop_c": -0.553103, "log_mass_c": -0.60342}, {"country_iso": "UZB", "city_id": 6080, "log_pop": 3.55406, "log_mass": 6.485692, "log_pop_c": 0.381276, "log_mass_c": 0.393674}, {"country_iso": "UZB", "city_id": 6008, "log_pop": 2.835714, "log_mass": 4.925286, "log_pop_c": -0.558528, "log_mass_c": -1.227715}, {"country_iso": "UZB", "city_id": 6008, "log_pop": 3.530449, "log_mass": 6.705727, "log_pop_c": 0.136207, "log_mass_c": 0.552726}, {"country_iso": "UZB", "city_id": 6008, "log_pop": 2.24819, "log_mass": 5.464974, "log_pop_c": -1.146052, "log_mass_c": -0.688028}, {"country_iso": "UZB", "city_id": 6080, "log_pop": 3.387289, "log_mass": 6.200098, "log_pop_c": 0.214504, "log_mass_c": 0.10808}, {"country_iso": "UZB", "city_id": 6008, "log_pop": 3.640485, "log_mass": 6.815968, "log_pop_c": 0.246243, "log_mass_c": 0.662967}, {"country_iso": "UZB", "city_id": 6008, "log_pop": 3.502717, "log_mass": 6.665491, "log_pop_c": 0.108475, "log_mass_c": 0.512489}, {"country_iso": "UZB", "city_id": 6008, "log_pop": 1.406909, "log_mass": 3.868937, "log_pop_c": -1.987333, "log_mass_c": -2.284064}, {"country_iso": "UZB", "city_id": 5897, "log_pop": 3.333567, "log_mass": 6.117014, "log_pop_c": -0.003643, "log_mass_c": 0.033634}, {"country_iso": "UZB", "city_id": 6008, "log_pop": 3.26746, "log_mass": 5.096761, "log_pop_c": -0.126782, "log_mass_c": -1.05624}, {"country_iso": "UZB", "city_id": 5991, "log_pop": 3.752172, "log_mass": 6.593888, "log_pop_c": 0.573155, "log_mass_c": 0.571282}, {"country_iso": "UZB", "city_id": 6080, "log_pop": 3.445043, "log_mass": 6.351445, "log_pop_c": 0.272258, "log_mass_c": 0.259427}, {"country_iso": "UZB", "city_id": 6023, "log_pop": 3.197606, "log_mass": 5.903981, "log_pop_c": 0.233772, "log_mass_c": 0.27831}, {"country_iso": "UZB", "city_id": 6065, "log_pop": 3.536554, "log_mass": 6.317357, "log_pop_c": 0.573334, "log_mass_c": 0.530807}, {"country_iso": "UZB", "city_id": 6008, "log_pop": 3.694751, "log_mass": 6.488839, "log_pop_c": 0.300509, "log_mass_c": 0.335838}, {"country_iso": "UZB", "city_id": 6107, "log_pop": 3.251482, "log_mass": 6.122643, "log_pop_c": -0.008207, "log_mass_c": -0.019177}, {"country_iso": "UZB", "city_id": 6008, "log_pop": 2.999998, "log_mass": 6.069394, "log_pop_c": -0.394244, "log_mass_c": -0.083607}, {"country_iso": "UZB", "city_id": 6080, "log_pop": 3.304982, "log_mass": 6.118994, "log_pop_c": 0.132197, "log_mass_c": 0.026976}, {"country_iso": "UZB", "city_id": 6008, "log_pop": 3.168457, "log_mass": 6.328797, "log_pop_c": -0.225785, "log_mass_c": 0.175795}, {"country_iso": "UZB", "city_id": 5991, "log_pop": 3.909453, "log_mass": 6.738039, "log_pop_c": 0.730435, "log_mass_c": 0.715433}, {"country_iso": "UZB", "city_id": 6080, "log_pop": 3.596516, "log_mass": 6.409518, "log_pop_c": 0.423731, "log_mass_c": 0.3175}, {"country_iso": "UZB", "city_id": 6107, "log_pop": 3.613177, "log_mass": 6.399335, "log_pop_c": 0.353488, "log_mass_c": 0.257515}, {"country_iso": "UZB", "city_id": 5980, "log_pop": 2.38921, "log_mass": 5.219249, "log_pop_c": -0.399438, "log_mass_c": -0.525076}, {"country_iso": "UZB", "city_id": 6080, "log_pop": 3.484132, "log_mass": 6.367596, "log_pop_c": 0.311347, "log_mass_c": 0.275578}, {"country_iso": "UZB", "city_id": 6080, "log_pop": 3.695255, "log_mass": 6.571383, "log_pop_c": 0.522471, "log_mass_c": 0.479365}, {"country_iso": "UZB", "city_id": 6008, "log_pop": 4.245978, "log_mass": 5.854932, "log_pop_c": 0.851736, "log_mass_c": -0.298069}, {"country_iso": "UZB", "city_id": 6080, "log_pop": 0.178457, "log_mass": 3.530595, "log_pop_c": -2.994328, "log_mass_c": -2.561423}, {"country_iso": "UZB", "city_id": 6008, "log_pop": 3.670034, "log_mass": 6.887086, "log_pop_c": 0.275792, "log_mass_c": 0.734085}, {"country_iso": "UZB", "city_id": 5980, "log_pop": 1.407116, "log_mass": 4.823079, "log_pop_c": -1.381532, "log_mass_c": -0.921246}, {"country_iso": "UZB", "city_id": 6107, "log_pop": 3.930334, "log_mass": 6.764599, "log_pop_c": 0.670645, "log_mass_c": 0.622779}, {"country_iso": "UZB", "city_id": 6008, "log_pop": 3.594236, "log_mass": 6.791295, "log_pop_c": 0.199994, "log_mass_c": 0.638294}, {"country_iso": "UZB", "city_id": 6080, "log_pop": 2.219712, "log_mass": 5.031377, "log_pop_c": -0.953072, "log_mass_c": -1.060641}, {"country_iso": "UZB", "city_id": 6107, "log_pop": 3.815951, "log_mass": 6.620968, "log_pop_c": 0.556263, "log_mass_c": 0.479148}, {"country_iso": "UZB", "city_id": 6023, "log_pop": 3.879246, "log_mass": 6.510976, "log_pop_c": 0.915412, "log_mass_c": 0.885304}, {"country_iso": "UZB", "city_id": 5991, "log_pop": 3.500916, "log_mass": 6.309881, "log_pop_c": 0.321899, "log_mass_c": 0.287274}, {"country_iso": "UZB", "city_id": 6023, "log_pop": 3.470848, "log_mass": 6.015572, "log_pop_c": 0.507015, "log_mass_c": 0.389901}, {"country_iso": "UZB", "city_id": 5991, "log_pop": 2.163422, "log_mass": 4.955233, "log_pop_c": -1.015596, "log_mass_c": -1.067373}, {"country_iso": "UZB", "city_id": 6008, "log_pop": 3.631793, "log_mass": 6.820267, "log_pop_c": 0.237551, "log_mass_c": 0.667265}, {"country_iso": "UZB", "city_id": 6023, "log_pop": 4.030532, "log_mass": 6.635177, "log_pop_c": 1.066699, "log_mass_c": 1.009506}, {"country_iso": "UZB", "city_id": 6065, "log_pop": 1.049188, "log_mass": 3.763092, "log_pop_c": -1.914032, "log_mass_c": -2.023458}, {"country_iso": "UZB", "city_id": 6080, "log_pop": 3.404407, "log_mass": 6.31193, "log_pop_c": 0.231623, "log_mass_c": 0.219912}, {"country_iso": "UZB", "city_id": 5980, "log_pop": 2.692688, "log_mass": 5.438688, "log_pop_c": -0.095961, "log_mass_c": -0.305637}, {"country_iso": "UZB", "city_id": 6094, "log_pop": 3.022673, "log_mass": 5.920247, "log_pop_c": -0.193969, "log_mass_c": -0.158552}, {"country_iso": "UZB", "city_id": 6008, "log_pop": 2.732778, "log_mass": 5.761301, "log_pop_c": -0.661463, "log_mass_c": -0.3917}, {"country_iso": "UZB", "city_id": 6080, "log_pop": 3.099831, "log_mass": 6.086358, "log_pop_c": -0.072954, "log_mass_c": -0.00566}, {"country_iso": "UZB", "city_id": 6008, "log_pop": 3.65279, "log_mass": 6.832954, "log_pop_c": 0.258549, "log_mass_c": 0.679953}, {"country_iso": "UZB", "city_id": 6008, "log_pop": 3.118032, "log_mass": 4.6984, "log_pop_c": -0.27621, "log_mass_c": -1.454601}, {"country_iso": "UZB", "city_id": 6008, "log_pop": 3.472801, "log_mass": 6.627817, "log_pop_c": 0.078559, "log_mass_c": 0.474816}, {"country_iso": "UZB", "city_id": 5980, "log_pop": 2.388595, "log_mass": 5.335107, "log_pop_c": -0.400053, "log_mass_c": -0.409218}, {"country_iso": "UZB", "city_id": 6008, "log_pop": 3.912915, "log_mass": 6.422904, "log_pop_c": 0.518674, "log_mass_c": 0.269903}, {"country_iso": "UZB", "city_id": 5991, "log_pop": 3.655488, "log_mass": 6.427887, "log_pop_c": 0.476471, "log_mass_c": 0.405281}, {"country_iso": "UZB", "city_id": 5991, "log_pop": 3.555295, "log_mass": 6.350056, "log_pop_c": 0.376278, "log_mass_c": 0.32745}, {"country_iso": "UZB", "city_id": 5897, "log_pop": 2.669667, "log_mass": 5.332669, "log_pop_c": -0.667543, "log_mass_c": -0.750711}, {"country_iso": "UZB", "city_id": 5897, "log_pop": 3.775843, "log_mass": 6.474225, "log_pop_c": 0.438634, "log_mass_c": 0.390846}, {"country_iso": "UZB", "city_id": 6107, "log_pop": 3.954563, "log_mass": 6.808894, "log_pop_c": 0.694874, "log_mass_c": 0.667073}, {"country_iso": "UZB", "city_id": 6107, "log_pop": 3.724788, "log_mass": 6.659087, "log_pop_c": 0.465099, "log_mass_c": 0.517266}, {"country_iso": "UZB", "city_id": 6065, "log_pop": 2.829163, "log_mass": 5.500361, "log_pop_c": -0.134057, "log_mass_c": -0.286189}, {"country_iso": "UZB", "city_id": 6065, "log_pop": 2.62978, "log_mass": 5.389022, "log_pop_c": -0.33344, "log_mass_c": -0.397528}, {"country_iso": "UZB", "city_id": 6008, "log_pop": 2.892973, "log_mass": 6.032024, "log_pop_c": -0.501268, "log_mass_c": -0.120977}, {"country_iso": "UZB", "city_id": 5980, "log_pop": 1.091189, "log_mass": 4.198787, "log_pop_c": -1.697459, "log_mass_c": -1.545539}, {"country_iso": "UZB", "city_id": 6094, "log_pop": 3.034446, "log_mass": 5.86463, "log_pop_c": -0.182196, "log_mass_c": -0.214169}, {"country_iso": "UZB", "city_id": 5980, "log_pop": 3.214217, "log_mass": 6.179938, "log_pop_c": 0.425569, "log_mass_c": 0.435612}, {"country_iso": "UZB", "city_id": 6080, "log_pop": 3.778289, "log_mass": 6.665787, "log_pop_c": 0.605504, "log_mass_c": 0.573769}, {"country_iso": "UZB", "city_id": 5897, "log_pop": 2.8646, "log_mass": 5.513745, "log_pop_c": -0.47261, "log_mass_c": -0.569635}, {"country_iso": "UZB", "city_id": 6008, "log_pop": 3.889584, "log_mass": 5.524194, "log_pop_c": 0.495342, "log_mass_c": -0.628807}, {"country_iso": "UZB", "city_id": 5991, "log_pop": 2.371326, "log_mass": 5.212394, "log_pop_c": -0.807691, "log_mass_c": -0.810212}, {"country_iso": "UZB", "city_id": 6008, "log_pop": 4.349861, "log_mass": 5.959459, "log_pop_c": 0.955619, "log_mass_c": -0.193542}, {"country_iso": "UZB", "city_id": 5991, "log_pop": 3.318635, "log_mass": 6.106032, "log_pop_c": 0.139618, "log_mass_c": 0.083426}, {"country_iso": "UZB", "city_id": 5980, "log_pop": 3.511993, "log_mass": 6.436141, "log_pop_c": 0.723345, "log_mass_c": 0.691816}, {"country_iso": "UZB", "city_id": 5991, "log_pop": 3.410381, "log_mass": 6.263749, "log_pop_c": 0.231363, "log_mass_c": 0.241143}, {"country_iso": "UZB", "city_id": 6080, "log_pop": 3.092092, "log_mass": 6.058979, "log_pop_c": -0.080693, "log_mass_c": -0.033039}, {"country_iso": "UZB", "city_id": 6080, "log_pop": 3.13581, "log_mass": 6.053309, "log_pop_c": -0.036975, "log_mass_c": -0.038709}, {"country_iso": "UZB", "city_id": 6107, "log_pop": 3.475507, "log_mass": 6.228046, "log_pop_c": 0.215818, "log_mass_c": 0.086226}, {"country_iso": "UZB", "city_id": 5897, "log_pop": 3.689601, "log_mass": 6.462, "log_pop_c": 0.352391, "log_mass_c": 0.37862}, {"country_iso": "UZB", "city_id": 5980, "log_pop": 2.46266, "log_mass": 5.433435, "log_pop_c": -0.325989, "log_mass_c": -0.31089}, {"country_iso": "UZB", "city_id": 6094, "log_pop": 3.853426, "log_mass": 6.732972, "log_pop_c": 0.636784, "log_mass_c": 0.654173}, {"country_iso": "UZB", "city_id": 6080, "log_pop": 3.243026, "log_mass": 6.259072, "log_pop_c": 0.070241, "log_mass_c": 0.167054}, {"country_iso": "UZB", "city_id": 6065, "log_pop": 2.372771, "log_mass": 5.247754, "log_pop_c": -0.590449, "log_mass_c": -0.538796}, {"country_iso": "UZB", "city_id": 6107, "log_pop": 2.793389, "log_mass": 5.670856, "log_pop_c": -0.466299, "log_mass_c": -0.470964}, {"country_iso": "UZB", "city_id": 6094, "log_pop": 3.605781, "log_mass": 6.4541, "log_pop_c": 0.389139, "log_mass_c": 0.375301}, {"country_iso": "UZB", "city_id": 5991, "log_pop": 3.875026, "log_mass": 6.740651, "log_pop_c": 0.696009, "log_mass_c": 0.718045}, {"country_iso": "UZB", "city_id": 5980, "log_pop": 3.355721, "log_mass": 6.264422, "log_pop_c": 0.567073, "log_mass_c": 0.520097}, {"country_iso": "UZB", "city_id": 6094, "log_pop": 1.541678, "log_mass": 4.419334, "log_pop_c": -1.674964, "log_mass_c": -1.659465}, {"country_iso": "UZB", "city_id": 6008, "log_pop": 3.52091, "log_mass": 5.193857, "log_pop_c": 0.126668, "log_mass_c": -0.959145}, {"country_iso": "UZB", "city_id": 5897, "log_pop": 3.282194, "log_mass": 6.086718, "log_pop_c": -0.055016, "log_mass_c": 0.003338}, {"country_iso": "UZB", "city_id": 6008, "log_pop": 2.977941, "log_mass": 6.13997, "log_pop_c": -0.416301, "log_mass_c": -0.013031}, {"country_iso": "UZB", "city_id": 6080, "log_pop": 3.537106, "log_mass": 6.505793, "log_pop_c": 0.364322, "log_mass_c": 0.413775}, {"country_iso": "UZB", "city_id": 6008, "log_pop": 4.792964, "log_mass": 6.46127, "log_pop_c": 1.398722, "log_mass_c": 0.308269}, {"country_iso": "UZB", "city_id": 5991, "log_pop": 3.87652, "log_mass": 6.725674, "log_pop_c": 0.697502, "log_mass_c": 0.703068}, {"country_iso": "UZB", "city_id": 6065, "log_pop": 3.571136, "log_mass": 6.322992, "log_pop_c": 0.607916, "log_mass_c": 0.536443}, {"country_iso": "UZB", "city_id": 6008, "log_pop": 3.670979, "log_mass": 6.921211, "log_pop_c": 0.276737, "log_mass_c": 0.76821}, {"country_iso": "UZB", "city_id": 6094, "log_pop": 2.749371, "log_mass": 5.617588, "log_pop_c": -0.467271, "log_mass_c": -0.461211}, {"country_iso": "UZB", "city_id": 6080, "log_pop": 3.454357, "log_mass": 6.337263, "log_pop_c": 0.281572, "log_mass_c": 0.245245}, {"country_iso": "UZB", "city_id": 6107, "log_pop": 0.92059, "log_mass": 4.348221, "log_pop_c": -2.339099, "log_mass_c": -1.793599}, {"country_iso": "UZB", "city_id": 6107, "log_pop": 1.026645, "log_mass": 4.037836, "log_pop_c": -2.233043, "log_mass_c": -2.103985}, {"country_iso": "UZB", "city_id": 6008, "log_pop": 3.006205, "log_mass": 6.172108, "log_pop_c": -0.388037, "log_mass_c": 0.019106}, {"country_iso": "UZB", "city_id": 5991, "log_pop": 2.290168, "log_mass": 5.0529, "log_pop_c": -0.88885, "log_mass_c": -0.969706}, {"country_iso": "UZB", "city_id": 6065, "log_pop": 2.317411, "log_mass": 5.101228, "log_pop_c": -0.645809, "log_mass_c": -0.685322}, {"country_iso": "UZB", "city_id": 6008, "log_pop": 4.831388, "log_mass": 6.544236, "log_pop_c": 1.437146, "log_mass_c": 0.391234}, {"country_iso": "UZB", "city_id": 6094, "log_pop": 2.398613, "log_mass": 5.277891, "log_pop_c": -0.818029, "log_mass_c": -0.800908}, {"country_iso": "UZB", "city_id": 6094, "log_pop": 3.140588, "log_mass": 5.968381, "log_pop_c": -0.076054, "log_mass_c": -0.110418}, {"country_iso": "UZB", "city_id": 6008, "log_pop": 3.622654, "log_mass": 6.748261, "log_pop_c": 0.228413, "log_mass_c": 0.59526}, {"country_iso": "UZB", "city_id": 6107, "log_pop": 2.937115, "log_mass": 5.796828, "log_pop_c": -0.322574, "log_mass_c": -0.344992}, {"country_iso": "UZB", "city_id": 6008, "log_pop": 2.870482, "log_mass": 4.969148, "log_pop_c": -0.523759, "log_mass_c": -1.183853}, {"country_iso": "UZB", "city_id": 6008, "log_pop": 3.354165, "log_mass": 6.472262, "log_pop_c": -0.040077, "log_mass_c": 0.319261}, {"country_iso": "UZB", "city_id": 5980, "log_pop": 3.170516, "log_mass": 6.131594, "log_pop_c": 0.381868, "log_mass_c": 0.387269}, {"country_iso": "UZB", "city_id": 6080, "log_pop": 2.89676, "log_mass": 5.960505, "log_pop_c": -0.276024, "log_mass_c": -0.131513}, {"country_iso": "UZB", "city_id": 5980, "log_pop": 2.780503, "log_mass": 5.779969, "log_pop_c": -0.008146, "log_mass_c": 0.035644}, {"country_iso": "UZB", "city_id": 6094, "log_pop": 3.811791, "log_mass": 6.754905, "log_pop_c": 0.595149, "log_mass_c": 0.676106}, {"country_iso": "UZB", "city_id": 5991, "log_pop": 3.167141, "log_mass": 5.953504, "log_pop_c": -0.011876, "log_mass_c": -0.069102}, {"country_iso": "UZB", "city_id": 5991, "log_pop": 3.555834, "log_mass": 6.40516, "log_pop_c": 0.376816, "log_mass_c": 0.382554}, {"country_iso": "UZB", "city_id": 6008, "log_pop": 3.680213, "log_mass": 6.865977, "log_pop_c": 0.285971, "log_mass_c": 0.712975}, {"country_iso": "UZB", "city_id": 6107, "log_pop": 3.55901, "log_mass": 6.507157, "log_pop_c": 0.299321, "log_mass_c": 0.365336}, {"country_iso": "UZB", "city_id": 5991, "log_pop": 3.909138, "log_mass": 6.814348, "log_pop_c": 0.73012, "log_mass_c": 0.791742}, {"country_iso": "UZB", "city_id": 6080, "log_pop": 3.911033, "log_mass": 6.79828, "log_pop_c": 0.738248, "log_mass_c": 0.706262}, {"country_iso": "UZB", "city_id": 6008, "log_pop": 3.599513, "log_mass": 6.731565, "log_pop_c": 0.205271, "log_mass_c": 0.578564}, {"country_iso": "UZB", "city_id": 6008, "log_pop": 3.563724, "log_mass": 6.81295, "log_pop_c": 0.169482, "log_mass_c": 0.659948}, {"country_iso": "UZB", "city_id": 5991, "log_pop": 3.437973, "log_mass": 6.230962, "log_pop_c": 0.258955, "log_mass_c": 0.208356}, {"country_iso": "UZB", "city_id": 6008, "log_pop": 3.550702, "log_mass": 6.714241, "log_pop_c": 0.15646, "log_mass_c": 0.56124}, {"country_iso": "UZB", "city_id": 5991, "log_pop": 3.804766, "log_mass": 6.72238, "log_pop_c": 0.625749, "log_mass_c": 0.699774}, {"country_iso": "UZB", "city_id": 6065, "log_pop": 0.409959, "log_mass": 3.498676, "log_pop_c": -2.553261, "log_mass_c": -2.287874}, {"country_iso": "UZB", "city_id": 6008, "log_pop": 3.651266, "log_mass": 6.871488, "log_pop_c": 0.257024, "log_mass_c": 0.718487}, {"country_iso": "UZB", "city_id": 6080, "log_pop": 3.697365, "log_mass": 6.667025, "log_pop_c": 0.524581, "log_mass_c": 0.575007}, {"country_iso": "UZB", "city_id": 6008, "log_pop": 2.567542, "log_mass": 5.758436, "log_pop_c": -0.8267, "log_mass_c": -0.394565}, {"country_iso": "UZB", "city_id": 6008, "log_pop": 4.003031, "log_mass": 5.539942, "log_pop_c": 0.608789, "log_mass_c": -0.613059}, {"country_iso": "UZB", "city_id": 6008, "log_pop": 3.634613, "log_mass": 6.857068, "log_pop_c": 0.240371, "log_mass_c": 0.704067}, {"country_iso": "UZB", "city_id": 5991, "log_pop": 3.663649, "log_mass": 6.575938, "log_pop_c": 0.484631, "log_mass_c": 0.553332}, {"country_iso": "UZB", "city_id": 5991, "log_pop": 3.263003, "log_mass": 5.936933, "log_pop_c": 0.083986, "log_mass_c": -0.085673}, {"country_iso": "UZB", "city_id": 6008, "log_pop": 3.530062, "log_mass": 6.698361, "log_pop_c": 0.13582, "log_mass_c": 0.54536}, {"country_iso": "UZB", "city_id": 5980, "log_pop": 3.459801, "log_mass": 6.347361, "log_pop_c": 0.671153, "log_mass_c": 0.603036}, {"country_iso": "UZB", "city_id": 6094, "log_pop": 1.731178, "log_mass": 4.584128, "log_pop_c": -1.485464, "log_mass_c": -1.494671}, {"country_iso": "UZB", "city_id": 6094, "log_pop": 3.86681, "log_mass": 6.768397, "log_pop_c": 0.650168, "log_mass_c": 0.689597}, {"country_iso": "UZB", "city_id": 6065, "log_pop": 2.485483, "log_mass": 5.311167, "log_pop_c": -0.477737, "log_mass_c": -0.475383}, {"country_iso": "UZB", "city_id": 6094, "log_pop": 3.876133, "log_mass": 6.749716, "log_pop_c": 0.659491, "log_mass_c": 0.670917}, {"country_iso": "UZB", "city_id": 5991, "log_pop": 3.759666, "log_mass": 6.546479, "log_pop_c": 0.580649, "log_mass_c": 0.523873}, {"country_iso": "UZB", "city_id": 5991, "log_pop": 3.597052, "log_mass": 6.522804, "log_pop_c": 0.418034, "log_mass_c": 0.500198}, {"country_iso": "UZB", "city_id": 6080, "log_pop": 2.641085, "log_mass": 5.630145, "log_pop_c": -0.531699, "log_mass_c": -0.461873}, {"country_iso": "UZB", "city_id": 6008, "log_pop": 3.620225, "log_mass": 6.824971, "log_pop_c": 0.225983, "log_mass_c": 0.67197}, {"country_iso": "UZB", "city_id": 6023, "log_pop": 3.980558, "log_mass": 6.631274, "log_pop_c": 1.016724, "log_mass_c": 1.005603}, {"country_iso": "UZB", "city_id": 6065, "log_pop": 3.053825, "log_mass": 5.869849, "log_pop_c": 0.090605, "log_mass_c": 0.083299}, {"country_iso": "UZB", "city_id": 6023, "log_pop": 2.612618, "log_mass": 5.252628, "log_pop_c": -0.351216, "log_mass_c": -0.373043}, {"country_iso": "UZB", "city_id": 6107, "log_pop": 1.569853, "log_mass": 4.807585, "log_pop_c": -1.689836, "log_mass_c": -1.334236}, {"country_iso": "UZB", "city_id": 6065, "log_pop": 3.479402, "log_mass": 6.333558, "log_pop_c": 0.516182, "log_mass_c": 0.547008}, {"country_iso": "UZB", "city_id": 5980, "log_pop": 3.005875, "log_mass": 5.959041, "log_pop_c": 0.217227, "log_mass_c": 0.214716}, {"country_iso": "UZB", "city_id": 6094, "log_pop": 2.439315, "log_mass": 5.37339, "log_pop_c": -0.777327, "log_mass_c": -0.705409}, {"country_iso": "UZB", "city_id": 6094, "log_pop": 3.252058, "log_mass": 6.197166, "log_pop_c": 0.035416, "log_mass_c": 0.118367}, {"country_iso": "UZB", "city_id": 6094, "log_pop": 3.414544, "log_mass": 6.221977, "log_pop_c": 0.197902, "log_mass_c": 0.143177}, {"country_iso": "UZB", "city_id": 5991, "log_pop": 1.541473, "log_mass": 4.455281, "log_pop_c": -1.637545, "log_mass_c": -1.567325}, {"country_iso": "UZB", "city_id": 6008, "log_pop": 3.55255, "log_mass": 6.68896, "log_pop_c": 0.158309, "log_mass_c": 0.535959}, {"country_iso": "UZB", "city_id": 6008, "log_pop": 3.611641, "log_mass": 6.727201, "log_pop_c": 0.217399, "log_mass_c": 0.5742}, {"country_iso": "UZB", "city_id": 5980, "log_pop": 2.763312, "log_mass": 5.600794, "log_pop_c": -0.025336, "log_mass_c": -0.143531}, {"country_iso": "UZB", "city_id": 6107, "log_pop": 3.738619, "log_mass": 6.516231, "log_pop_c": 0.47893, "log_mass_c": 0.374411}, {"country_iso": "UZB", "city_id": 6094, "log_pop": 2.777057, "log_mass": 5.798039, "log_pop_c": -0.439585, "log_mass_c": -0.28076}, {"country_iso": "UZB", "city_id": 5991, "log_pop": 0.525131, "log_mass": 3.545348, "log_pop_c": -2.653886, "log_mass_c": -2.477258}, {"country_iso": "UZB", "city_id": 6107, "log_pop": 3.614986, "log_mass": 6.380524, "log_pop_c": 0.355297, "log_mass_c": 0.238703}, {"country_iso": "UZB", "city_id": 6023, "log_pop": 1.925014, "log_mass": 4.690783, "log_pop_c": -1.038819, "log_mass_c": -0.934888}, {"country_iso": "UZB", "city_id": 6080, "log_pop": 3.599764, "log_mass": 6.468711, "log_pop_c": 0.426979, "log_mass_c": 0.376693}, {"country_iso": "UZB", "city_id": 5991, "log_pop": 3.834144, "log_mass": 6.633925, "log_pop_c": 0.655127, "log_mass_c": 0.611318}, {"country_iso": "UZB", "city_id": 5980, "log_pop": 3.238042, "log_mass": 6.141602, "log_pop_c": 0.449393, "log_mass_c": 0.397277}, {"country_iso": "UZB", "city_id": 5980, "log_pop": 2.816197, "log_mass": 5.768552, "log_pop_c": 0.027549, "log_mass_c": 0.024227}, {"country_iso": "UZB", "city_id": 5897, "log_pop": 3.454601, "log_mass": 6.147418, "log_pop_c": 0.117391, "log_mass_c": 0.064038}, {"country_iso": "UZB", "city_id": 5980, "log_pop": 2.567974, "log_mass": 5.512628, "log_pop_c": -0.220675, "log_mass_c": -0.231697}, {"country_iso": "UZB", "city_id": 6107, "log_pop": 3.903331, "log_mass": 6.751034, "log_pop_c": 0.643642, "log_mass_c": 0.609213}, {"country_iso": "UZB", "city_id": 6080, "log_pop": 3.106067, "log_mass": 6.034461, "log_pop_c": -0.066717, "log_mass_c": -0.057557}, {"country_iso": "UZB", "city_id": 5991, "log_pop": 3.50883, "log_mass": 6.416333, "log_pop_c": 0.329812, "log_mass_c": 0.393727}, {"country_iso": "UZB", "city_id": 5991, "log_pop": 3.702375, "log_mass": 6.497907, "log_pop_c": 0.523358, "log_mass_c": 0.475301}, {"country_iso": "UZB", "city_id": 6094, "log_pop": 2.968724, "log_mass": 5.783622, "log_pop_c": -0.247918, "log_mass_c": -0.295177}, {"country_iso": "UZB", "city_id": 6094, "log_pop": 2.807531, "log_mass": 5.740423, "log_pop_c": -0.409111, "log_mass_c": -0.338376}, {"country_iso": "UZB", "city_id": 5980, "log_pop": 0.71248, "log_mass": 4.151128, "log_pop_c": -2.076168, "log_mass_c": -1.593197}, {"country_iso": "UZB", "city_id": 6008, "log_pop": 4.578217, "log_mass": 6.234738, "log_pop_c": 1.183976, "log_mass_c": 0.081736}, {"country_iso": "UZB", "city_id": 6094, "log_pop": 3.564891, "log_mass": 6.473697, "log_pop_c": 0.348249, "log_mass_c": 0.394898}, {"country_iso": "UZB", "city_id": 5991, "log_pop": 3.921542, "log_mass": 6.81999, "log_pop_c": 0.742525, "log_mass_c": 0.797384}, {"country_iso": "UZB", "city_id": 6094, "log_pop": 3.505055, "log_mass": 6.297655, "log_pop_c": 0.288413, "log_mass_c": 0.218856}, {"country_iso": "UZB", "city_id": 6094, "log_pop": 3.632852, "log_mass": 6.402892, "log_pop_c": 0.41621, "log_mass_c": 0.324093}, {"country_iso": "UZB", "city_id": 6008, "log_pop": 3.667886, "log_mass": 6.894883, "log_pop_c": 0.273644, "log_mass_c": 0.741882}, {"country_iso": "UZB", "city_id": 5991, "log_pop": 3.302236, "log_mass": 6.126336, "log_pop_c": 0.123219, "log_mass_c": 0.10373}, {"country_iso": "UZB", "city_id": 6065, "log_pop": 3.892003, "log_mass": 6.675361, "log_pop_c": 0.928783, "log_mass_c": 0.888811}, {"country_iso": "UZB", "city_id": 6080, "log_pop": 3.262024, "log_mass": 6.221258, "log_pop_c": 0.089239, "log_mass_c": 0.129241}, {"country_iso": "UZB", "city_id": 6065, "log_pop": 1.942957, "log_mass": 4.875125, "log_pop_c": -1.020262, "log_mass_c": -0.911425}, {"country_iso": "UZB", "city_id": 5897, "log_pop": 3.982668, "log_mass": 6.706182, "log_pop_c": 0.645458, "log_mass_c": 0.622802}, {"country_iso": "UZB", "city_id": 5991, "log_pop": 2.207371, "log_mass": 4.839684, "log_pop_c": -0.971646, "log_mass_c": -1.182922}, {"country_iso": "UZB", "city_id": 6008, "log_pop": 3.556113, "log_mass": 6.706309, "log_pop_c": 0.161871, "log_mass_c": 0.553308}, {"country_iso": "UZB", "city_id": 6023, "log_pop": 3.332446, "log_mass": 5.895388, "log_pop_c": 0.368613, "log_mass_c": 0.269716}, {"country_iso": "UZB", "city_id": 6008, "log_pop": 3.44526, "log_mass": 6.622714, "log_pop_c": 0.051018, "log_mass_c": 0.469713}, {"country_iso": "UZB", "city_id": 6008, "log_pop": 3.315459, "log_mass": 6.429734, "log_pop_c": -0.078783, "log_mass_c": 0.276733}, {"country_iso": "UZB", "city_id": 6023, "log_pop": 2.712949, "log_mass": 5.313429, "log_pop_c": -0.250884, "log_mass_c": -0.312243}, {"country_iso": "UZB", "city_id": 5991, "log_pop": 2.064297, "log_mass": 4.844356, "log_pop_c": -1.11472, "log_mass_c": -1.17825}, {"country_iso": "UZB", "city_id": 6080, "log_pop": 2.82315, "log_mass": 5.71431, "log_pop_c": -0.349634, "log_mass_c": -0.377708}, {"country_iso": "UZB", "city_id": 5980, "log_pop": 3.814835, "log_mass": 6.719387, "log_pop_c": 1.026186, "log_mass_c": 0.975062}, {"country_iso": "UZB", "city_id": 5991, "log_pop": 2.87635, "log_mass": 5.850209, "log_pop_c": -0.302667, "log_mass_c": -0.172397}, {"country_iso": "UZB", "city_id": 6107, "log_pop": 2.719417, "log_mass": 5.514737, "log_pop_c": -0.540272, "log_mass_c": -0.627083}, {"country_iso": "UZB", "city_id": 5897, "log_pop": 3.085013, "log_mass": 5.82373, "log_pop_c": -0.252197, "log_mass_c": -0.25965}, {"country_iso": "UZB", "city_id": 6008, "log_pop": 3.479968, "log_mass": 6.616615, "log_pop_c": 0.085726, "log_mass_c": 0.463614}, {"country_iso": "UZB", "city_id": 5980, "log_pop": 2.158906, "log_mass": 5.16902, "log_pop_c": -0.629742, "log_mass_c": -0.575305}, {"country_iso": "UZB", "city_id": 6008, "log_pop": 2.577942, "log_mass": 5.578997, "log_pop_c": -0.8163, "log_mass_c": -0.574004}, {"country_iso": "UZB", "city_id": 6065, "log_pop": 3.248874, "log_mass": 6.169558, "log_pop_c": 0.285655, "log_mass_c": 0.383008}, {"country_iso": "UZB", "city_id": 6008, "log_pop": 3.643591, "log_mass": 6.847926, "log_pop_c": 0.249349, "log_mass_c": 0.694925}, {"country_iso": "UZB", "city_id": 6107, "log_pop": 3.370206, "log_mass": 6.18289, "log_pop_c": 0.110517, "log_mass_c": 0.04107}, {"country_iso": "UZB", "city_id": 6008, "log_pop": 2.790844, "log_mass": 5.934399, "log_pop_c": -0.603398, "log_mass_c": -0.218602}, {"country_iso": "UZB", "city_id": 6107, "log_pop": 3.945552, "log_mass": 6.757224, "log_pop_c": 0.685863, "log_mass_c": 0.615404}, {"country_iso": "UZB", "city_id": 6008, "log_pop": 4.717636, "log_mass": 6.381495, "log_pop_c": 1.323394, "log_mass_c": 0.228493}, {"country_iso": "UZB", "city_id": 6008, "log_pop": 3.661133, "log_mass": 6.802329, "log_pop_c": 0.266891, "log_mass_c": 0.649328}, {"country_iso": "UZB", "city_id": 6008, "log_pop": 3.421604, "log_mass": 6.526022, "log_pop_c": 0.027362, "log_mass_c": 0.373021}, {"country_iso": "UZB", "city_id": 6107, "log_pop": 3.533744, "log_mass": 6.392766, "log_pop_c": 0.274055, "log_mass_c": 0.250946}, {"country_iso": "UZB", "city_id": 5991, "log_pop": 3.730721, "log_mass": 6.554676, "log_pop_c": 0.551703, "log_mass_c": 0.53207}, {"country_iso": "UZB", "city_id": 6065, "log_pop": 3.487207, "log_mass": 6.325043, "log_pop_c": 0.523987, "log_mass_c": 0.538493}, {"country_iso": "UZB", "city_id": 6094, "log_pop": 3.437012, "log_mass": 6.264735, "log_pop_c": 0.220371, "log_mass_c": 0.185935}, {"country_iso": "UZB", "city_id": 5991, "log_pop": 3.274128, "log_mass": 6.09992, "log_pop_c": 0.095111, "log_mass_c": 0.077314}, {"country_iso": "UZB", "city_id": 6080, "log_pop": 2.687361, "log_mass": 5.635319, "log_pop_c": -0.485424, "log_mass_c": -0.456699}, {"country_iso": "UZB", "city_id": 6080, "log_pop": 2.499716, "log_mass": 5.516134, "log_pop_c": -0.673069, "log_mass_c": -0.575884}, {"country_iso": "UZB", "city_id": 5991, "log_pop": 3.413347, "log_mass": 6.20572, "log_pop_c": 0.234329, "log_mass_c": 0.183114}, {"country_iso": "UZB", "city_id": 6094, "log_pop": 2.882525, "log_mass": 5.728362, "log_pop_c": -0.334117, "log_mass_c": -0.350437}, {"country_iso": "UZB", "city_id": 6008, "log_pop": 3.172159, "log_mass": 6.215257, "log_pop_c": -0.222083, "log_mass_c": 0.062256}, {"country_iso": "UZB", "city_id": 6080, "log_pop": 3.453792, "log_mass": 6.32847, "log_pop_c": 0.281007, "log_mass_c": 0.236452}, {"country_iso": "UZB", "city_id": 6065, "log_pop": 3.601667, "log_mass": 6.441545, "log_pop_c": 0.638448, "log_mass_c": 0.654995}, {"country_iso": "UZB", "city_id": 6008, "log_pop": 3.615954, "log_mass": 6.776078, "log_pop_c": 0.221712, "log_mass_c": 0.623077}, {"country_iso": "UZB", "city_id": 6065, "log_pop": 3.111949, "log_mass": 5.999616, "log_pop_c": 0.14873, "log_mass_c": 0.213066}, {"country_iso": "UZB", "city_id": 6107, "log_pop": 3.104229, "log_mass": 5.910714, "log_pop_c": -0.15546, "log_mass_c": -0.231107}, {"country_iso": "UZB", "city_id": 6008, "log_pop": 2.635779, "log_mass": 4.292406, "log_pop_c": -0.758463, "log_mass_c": -1.860595}, {"country_iso": "UZB", "city_id": 6065, "log_pop": 3.827681, "log_mass": 6.695805, "log_pop_c": 0.864461, "log_mass_c": 0.909255}, {"country_iso": "UZB", "city_id": 6080, "log_pop": 3.780974, "log_mass": 6.631049, "log_pop_c": 0.608189, "log_mass_c": 0.539031}, {"country_iso": "UZB", "city_id": 6094, "log_pop": 2.17889, "log_mass": 5.034903, "log_pop_c": -1.037752, "log_mass_c": -1.043896}, {"country_iso": "UZB", "city_id": 6023, "log_pop": 1.054997, "log_mass": 4.139964, "log_pop_c": -1.908836, "log_mass_c": -1.485707}, {"country_iso": "UZB", "city_id": 6008, "log_pop": 4.291452, "log_mass": 6.521389, "log_pop_c": 0.89721, "log_mass_c": 0.368387}, {"country_iso": "UZB", "city_id": 6094, "log_pop": 3.831958, "log_mass": 6.620519, "log_pop_c": 0.615316, "log_mass_c": 0.54172}, {"country_iso": "UZB", "city_id": 5980, "log_pop": 2.48214, "log_mass": 5.335703, "log_pop_c": -0.306508, "log_mass_c": -0.408622}, {"country_iso": "UZB", "city_id": 6008, "log_pop": 3.619048, "log_mass": 6.82976, "log_pop_c": 0.224806, "log_mass_c": 0.676759}, {"country_iso": "UZB", "city_id": 6080, "log_pop": 3.500978, "log_mass": 6.332694, "log_pop_c": 0.328193, "log_mass_c": 0.240676}, {"country_iso": "UZB", "city_id": 5897, "log_pop": 3.239203, "log_mass": 6.01106, "log_pop_c": -0.098007, "log_mass_c": -0.07232}, {"country_iso": "UZB", "city_id": 6080, "log_pop": 3.84124, "log_mass": 6.64035, "log_pop_c": 0.668455, "log_mass_c": 0.548333}, {"country_iso": "UZB", "city_id": 6107, "log_pop": 3.591423, "log_mass": 6.545946, "log_pop_c": 0.331734, "log_mass_c": 0.404126}, {"country_iso": "UZB", "city_id": 6008, "log_pop": 3.255048, "log_mass": 6.369574, "log_pop_c": -0.139193, "log_mass_c": 0.216573}, {"country_iso": "UZB", "city_id": 6080, "log_pop": 3.84856, "log_mass": 6.763507, "log_pop_c": 0.675775, "log_mass_c": 0.671489}, {"country_iso": "UZB", "city_id": 6008, "log_pop": 3.588078, "log_mass": 6.778522, "log_pop_c": 0.193836, "log_mass_c": 0.625521}, {"country_iso": "UZB", "city_id": 6008, "log_pop": 3.522794, "log_mass": 6.618436, "log_pop_c": 0.128552, "log_mass_c": 0.465435}, {"country_iso": "UZB", "city_id": 6008, "log_pop": 3.625098, "log_mass": 6.811566, "log_pop_c": 0.230856, "log_mass_c": 0.658565}, {"country_iso": "UZB", "city_id": 6094, "log_pop": 3.765839, "log_mass": 6.627988, "log_pop_c": 0.549197, "log_mass_c": 0.549189}, {"country_iso": "UZB", "city_id": 6094, "log_pop": 2.979981, "log_mass": 5.742389, "log_pop_c": -0.236661, "log_mass_c": -0.33641}, {"country_iso": "UZB", "city_id": 5897, "log_pop": 3.868193, "log_mass": 6.588541, "log_pop_c": 0.530983, "log_mass_c": 0.505161}, {"country_iso": "UZB", "city_id": 6008, "log_pop": 3.523798, "log_mass": 6.677851, "log_pop_c": 0.129556, "log_mass_c": 0.52485}, {"country_iso": "UZB", "city_id": 5980, "log_pop": 3.209854, "log_mass": 6.093751, "log_pop_c": 0.421206, "log_mass_c": 0.349426}, {"country_iso": "UZB", "city_id": 6080, "log_pop": 1.64508, "log_mass": 4.635938, "log_pop_c": -1.527705, "log_mass_c": -1.45608}, {"country_iso": "UZB", "city_id": 6094, "log_pop": 3.893833, "log_mass": 6.719058, "log_pop_c": 0.677191, "log_mass_c": 0.640259}, {"country_iso": "UZB", "city_id": 6107, "log_pop": 3.859265, "log_mass": 6.683098, "log_pop_c": 0.599577, "log_mass_c": 0.541278}, {"country_iso": "UZB", "city_id": 6023, "log_pop": 2.733567, "log_mass": 5.368798, "log_pop_c": -0.230266, "log_mass_c": -0.256873}, {"country_iso": "UZB", "city_id": 5991, "log_pop": 2.289739, "log_mass": 5.089231, "log_pop_c": -0.889279, "log_mass_c": -0.933375}, {"country_iso": "UZB", "city_id": 6008, "log_pop": 3.634461, "log_mass": 6.83493, "log_pop_c": 0.240219, "log_mass_c": 0.681929}, {"country_iso": "UZB", "city_id": 5991, "log_pop": 3.730463, "log_mass": 6.59528, "log_pop_c": 0.551446, "log_mass_c": 0.572674}, {"country_iso": "UZB", "city_id": 5991, "log_pop": 3.150058, "log_mass": 5.967362, "log_pop_c": -0.028959, "log_mass_c": -0.055244}, {"country_iso": "UZB", "city_id": 6008, "log_pop": 2.752711, "log_mass": 5.851255, "log_pop_c": -0.641531, "log_mass_c": -0.301746}, {"country_iso": "UZB", "city_id": 6008, "log_pop": 3.581204, "log_mass": 6.777699, "log_pop_c": 0.186962, "log_mass_c": 0.624697}, {"country_iso": "UZB", "city_id": 6008, "log_pop": 3.762264, "log_mass": 5.359963, "log_pop_c": 0.368022, "log_mass_c": -0.793038}, {"country_iso": "UZB", "city_id": 5991, "log_pop": 2.158113, "log_mass": 4.99918, "log_pop_c": -1.020905, "log_mass_c": -1.023426}, {"country_iso": "UZB", "city_id": 6008, "log_pop": 4.253927, "log_mass": 6.533967, "log_pop_c": 0.859685, "log_mass_c": 0.380966}, {"country_iso": "UZB", "city_id": 5980, "log_pop": 3.685854, "log_mass": 6.62189, "log_pop_c": 0.897205, "log_mass_c": 0.877565}, {"country_iso": "UZB", "city_id": 6023, "log_pop": 3.054821, "log_mass": 5.611012, "log_pop_c": 0.090988, "log_mass_c": -0.014659}, {"country_iso": "UZB", "city_id": 6080, "log_pop": 2.232893, "log_mass": 5.210539, "log_pop_c": -0.939891, "log_mass_c": -0.881479}, {"country_iso": "UZB", "city_id": 6094, "log_pop": 3.846461, "log_mass": 6.651353, "log_pop_c": 0.629819, "log_mass_c": 0.572554}, {"country_iso": "UZB", "city_id": 5897, "log_pop": 3.221074, "log_mass": 5.962012, "log_pop_c": -0.116136, "log_mass_c": -0.121368}, {"country_iso": "UZB", "city_id": 6080, "log_pop": 3.714176, "log_mass": 6.649489, "log_pop_c": 0.541392, "log_mass_c": 0.557472}, {"country_iso": "UZB", "city_id": 6080, "log_pop": 3.591451, "log_mass": 6.449516, "log_pop_c": 0.418666, "log_mass_c": 0.357499}, {"country_iso": "UZB", "city_id": 6080, "log_pop": 3.822452, "log_mass": 6.782246, "log_pop_c": 0.649667, "log_mass_c": 0.690228}, {"country_iso": "UZB", "city_id": 6065, "log_pop": 2.759714, "log_mass": 5.513429, "log_pop_c": -0.203505, "log_mass_c": -0.273121}, {"country_iso": "UZB", "city_id": 5980, "log_pop": 2.444628, "log_mass": 5.377795, "log_pop_c": -0.34402, "log_mass_c": -0.36653}, {"country_iso": "UZB", "city_id": 6080, "log_pop": 1.36406, "log_mass": 4.428393, "log_pop_c": -1.808725, "log_mass_c": -1.663625}, {"country_iso": "UZB", "city_id": 5980, "log_pop": 3.034839, "log_mass": 5.907114, "log_pop_c": 0.246191, "log_mass_c": 0.162789}, {"country_iso": "UZB", "city_id": 5980, "log_pop": 3.717996, "log_mass": 6.665305, "log_pop_c": 0.929347, "log_mass_c": 0.92098}, {"country_iso": "UZB", "city_id": 6023, "log_pop": 1.683565, "log_mass": 4.376526, "log_pop_c": -1.280269, "log_mass_c": -1.249145}, {"country_iso": "UZB", "city_id": 6094, "log_pop": 3.881747, "log_mass": 6.712884, "log_pop_c": 0.665105, "log_mass_c": 0.634085}, {"country_iso": "UZB", "city_id": 6094, "log_pop": 3.346222, "log_mass": 6.18595, "log_pop_c": 0.12958, "log_mass_c": 0.10715}, {"country_iso": "UZB", "city_id": 6107, "log_pop": 3.922062, "log_mass": 6.795476, "log_pop_c": 0.662373, "log_mass_c": 0.653656}, {"country_iso": "UZB", "city_id": 6008, "log_pop": 2.482264, "log_mass": 5.582172, "log_pop_c": -0.911978, "log_mass_c": -0.570829}, {"country_iso": "UZB", "city_id": 6080, "log_pop": 3.297474, "log_mass": 6.262914, "log_pop_c": 0.124689, "log_mass_c": 0.170896}, {"country_iso": "UZB", "city_id": 6080, "log_pop": 2.015973, "log_mass": 4.848262, "log_pop_c": -1.156811, "log_mass_c": -1.243756}, {"country_iso": "UZB", "city_id": 6023, "log_pop": 2.418262, "log_mass": 5.088937, "log_pop_c": -0.545572, "log_mass_c": -0.536734}, {"country_iso": "UZB", "city_id": 6094, "log_pop": 3.524258, "log_mass": 6.39153, "log_pop_c": 0.307616, "log_mass_c": 0.312731}, {"country_iso": "UZB", "city_id": 6008, "log_pop": 3.556774, "log_mass": 5.227322, "log_pop_c": 0.162532, "log_mass_c": -0.925679}, {"country_iso": "UZB", "city_id": 6008, "log_pop": 3.547398, "log_mass": 6.6505, "log_pop_c": 0.153156, "log_mass_c": 0.497498}, {"country_iso": "UZB", "city_id": 6008, "log_pop": 4.493981, "log_mass": 6.332806, "log_pop_c": 1.099739, "log_mass_c": 0.179805}, {"country_iso": "UZB", "city_id": 6008, "log_pop": 3.313387, "log_mass": 6.40879, "log_pop_c": -0.080855, "log_mass_c": 0.255789}, {"country_iso": "UZB", "city_id": 6008, "log_pop": 3.603188, "log_mass": 6.812075, "log_pop_c": 0.208946, "log_mass_c": 0.659074}, {"country_iso": "UZB", "city_id": 6080, "log_pop": 2.899989, "log_mass": 5.778122, "log_pop_c": -0.272796, "log_mass_c": -0.313896}, {"country_iso": "UZB", "city_id": 6008, "log_pop": 3.45114, "log_mass": 6.576973, "log_pop_c": 0.056898, "log_mass_c": 0.423972}, {"country_iso": "UZB", "city_id": 6094, "log_pop": 3.954243, "log_mass": 6.80097, "log_pop_c": 0.737601, "log_mass_c": 0.72217}, {"country_iso": "UZB", "city_id": 6008, "log_pop": 3.643413, "log_mass": 6.832888, "log_pop_c": 0.249172, "log_mass_c": 0.679887}, {"country_iso": "UZB", "city_id": 6008, "log_pop": 1.562217, "log_mass": 4.698532, "log_pop_c": -1.832024, "log_mass_c": -1.454469}, {"country_iso": "UZB", "city_id": 6094, "log_pop": 2.466128, "log_mass": 5.481921, "log_pop_c": -0.750514, "log_mass_c": -0.596878}, {"country_iso": "UZB", "city_id": 6080, "log_pop": 3.160733, "log_mass": 6.05375, "log_pop_c": -0.012051, "log_mass_c": -0.038268}, {"country_iso": "UZB", "city_id": 6008, "log_pop": 3.807262, "log_mass": 5.270692, "log_pop_c": 0.413021, "log_mass_c": -0.882309}, {"country_iso": "UZB", "city_id": 6023, "log_pop": 3.857634, "log_mass": 6.560281, "log_pop_c": 0.8938, "log_mass_c": 0.93461}, {"country_iso": "UZB", "city_id": 6008, "log_pop": 3.656875, "log_mass": 6.859383, "log_pop_c": 0.262633, "log_mass_c": 0.706382}, {"country_iso": "UZB", "city_id": 6094, "log_pop": 3.827702, "log_mass": 6.600274, "log_pop_c": 0.61106, "log_mass_c": 0.521475}, {"country_iso": "UZB", "city_id": 6107, "log_pop": 3.596417, "log_mass": 6.414391, "log_pop_c": 0.336728, "log_mass_c": 0.272571}, {"country_iso": "UZB", "city_id": 5897, "log_pop": 3.546475, "log_mass": 6.307289, "log_pop_c": 0.209265, "log_mass_c": 0.223909}, {"country_iso": "UZB", "city_id": 5980, "log_pop": 2.557757, "log_mass": 5.521976, "log_pop_c": -0.230891, "log_mass_c": -0.222349}, {"country_iso": "UZB", "city_id": 5991, "log_pop": 3.019658, "log_mass": 5.934524, "log_pop_c": -0.159359, "log_mass_c": -0.088083}, {"country_iso": "UZB", "city_id": 6023, "log_pop": 2.896924, "log_mass": 5.487298, "log_pop_c": -0.06691, "log_mass_c": -0.138373}, {"country_iso": "UZB", "city_id": 5980, "log_pop": 2.39821, "log_mass": 5.317236, "log_pop_c": -0.390438, "log_mass_c": -0.427089}, {"country_iso": "UZB", "city_id": 6023, "log_pop": 3.310797, "log_mass": 5.959831, "log_pop_c": 0.346963, "log_mass_c": 0.33416}, {"country_iso": "UZB", "city_id": 6080, "log_pop": 3.678818, "log_mass": 6.526973, "log_pop_c": 0.506033, "log_mass_c": 0.434955}, {"country_iso": "UZB", "city_id": 6008, "log_pop": 1.812695, "log_mass": 4.942324, "log_pop_c": -1.581547, "log_mass_c": -1.210677}, {"country_iso": "UZB", "city_id": 6008, "log_pop": 2.729327, "log_mass": 5.858157, "log_pop_c": -0.664915, "log_mass_c": -0.294844}, {"country_iso": "UZB", "city_id": 6107, "log_pop": 3.613538, "log_mass": 6.527116, "log_pop_c": 0.35385, "log_mass_c": 0.385295}, {"country_iso": "UZB", "city_id": 6107, "log_pop": 3.138311, "log_mass": 5.837377, "log_pop_c": -0.121378, "log_mass_c": -0.304443}, {"country_iso": "UZB", "city_id": 5980, "log_pop": 2.068945, "log_mass": 4.859944, "log_pop_c": -0.719703, "log_mass_c": -0.884381}, {"country_iso": "UZB", "city_id": 6107, "log_pop": 2.68545, "log_mass": 5.485127, "log_pop_c": -0.574239, "log_mass_c": -0.656694}, {"country_iso": "UZB", "city_id": 6107, "log_pop": 3.235914, "log_mass": 6.179202, "log_pop_c": -0.023775, "log_mass_c": 0.037381}, {"country_iso": "UZB", "city_id": 6008, "log_pop": 2.807277, "log_mass": 4.287216, "log_pop_c": -0.586965, "log_mass_c": -1.865785}, {"country_iso": "UZB", "city_id": 6008, "log_pop": 0.496341, "log_mass": 3.776741, "log_pop_c": -2.897901, "log_mass_c": -2.37626}, {"country_iso": "UZB", "city_id": 5980, "log_pop": 3.498082, "log_mass": 6.429977, "log_pop_c": 0.709433, "log_mass_c": 0.685652}, {"country_iso": "UZB", "city_id": 6080, "log_pop": 3.60313, "log_mass": 6.51022, "log_pop_c": 0.430346, "log_mass_c": 0.418202}, {"country_iso": "UZB", "city_id": 6094, "log_pop": 2.741893, "log_mass": 5.611703, "log_pop_c": -0.474749, "log_mass_c": -0.467096}, {"country_iso": "UZB", "city_id": 6008, "log_pop": 3.346607, "log_mass": 5.036809, "log_pop_c": -0.047635, "log_mass_c": -1.116192}, {"country_iso": "UZB", "city_id": 6023, "log_pop": 2.541144, "log_mass": 5.190918, "log_pop_c": -0.42269, "log_mass_c": -0.434754}, {"country_iso": "UZB", "city_id": 6107, "log_pop": 3.860058, "log_mass": 6.782331, "log_pop_c": 0.60037, "log_mass_c": 0.64051}, {"country_iso": "UZB", "city_id": 6094, "log_pop": 3.100077, "log_mass": 5.849223, "log_pop_c": -0.116565, "log_mass_c": -0.229576}, {"country_iso": "UZB", "city_id": 6094, "log_pop": 2.040653, "log_mass": 5.012615, "log_pop_c": -1.175989, "log_mass_c": -1.066184}, {"country_iso": "UZB", "city_id": 6065, "log_pop": 3.775394, "log_mass": 6.562567, "log_pop_c": 0.812174, "log_mass_c": 0.776017}, {"country_iso": "UZB", "city_id": 5980, "log_pop": 3.749012, "log_mass": 6.686586, "log_pop_c": 0.960364, "log_mass_c": 0.94226}, {"country_iso": "UZB", "city_id": 6094, "log_pop": 3.503918, "log_mass": 6.285971, "log_pop_c": 0.287276, "log_mass_c": 0.207172}, {"country_iso": "UZB", "city_id": 6023, "log_pop": 3.61931, "log_mass": 6.25498, "log_pop_c": 0.655476, "log_mass_c": 0.629309}, {"country_iso": "UZB", "city_id": 5991, "log_pop": 3.824929, "log_mass": 6.724925, "log_pop_c": 0.645912, "log_mass_c": 0.702319}, {"country_iso": "UZB", "city_id": 5991, "log_pop": 1.792099, "log_mass": 4.872745, "log_pop_c": -1.386918, "log_mass_c": -1.149861}, {"country_iso": "UZB", "city_id": 5991, "log_pop": 3.753278, "log_mass": 6.653059, "log_pop_c": 0.574261, "log_mass_c": 0.630453}, {"country_iso": "UZB", "city_id": 5980, "log_pop": 3.124851, "log_mass": 6.055461, "log_pop_c": 0.336203, "log_mass_c": 0.311136}, {"country_iso": "UZB", "city_id": 6008, "log_pop": 3.38418, "log_mass": 6.572368, "log_pop_c": -0.010061, "log_mass_c": 0.419367}, {"country_iso": "UZB", "city_id": 6008, "log_pop": 3.603175, "log_mass": 6.779343, "log_pop_c": 0.208933, "log_mass_c": 0.626342}, {"country_iso": "UZB", "city_id": 5897, "log_pop": 2.228267, "log_mass": 5.285612, "log_pop_c": -1.108943, "log_mass_c": -0.797768}, {"country_iso": "UZB", "city_id": 6080, "log_pop": 3.818464, "log_mass": 6.657356, "log_pop_c": 0.64568, "log_mass_c": 0.565339}, {"country_iso": "UZB", "city_id": 5991, "log_pop": 3.894423, "log_mass": 6.711387, "log_pop_c": 0.715405, "log_mass_c": 0.688781}, {"country_iso": "UZB", "city_id": 5980, "log_pop": 2.525584, "log_mass": 5.493397, "log_pop_c": -0.263065, "log_mass_c": -0.250928}, {"country_iso": "UZB", "city_id": 6008, "log_pop": 3.772016, "log_mass": 5.383765, "log_pop_c": 0.377774, "log_mass_c": -0.769236}, {"country_iso": "UZB", "city_id": 6107, "log_pop": 2.495867, "log_mass": 5.332425, "log_pop_c": -0.763822, "log_mass_c": -0.809396}, {"country_iso": "UZB", "city_id": 6008, "log_pop": 3.401526, "log_mass": 6.577462, "log_pop_c": 0.007284, "log_mass_c": 0.424461}, {"country_iso": "UZB", "city_id": 5991, "log_pop": 2.059702, "log_mass": 5.005001, "log_pop_c": -1.119315, "log_mass_c": -1.017605}, {"country_iso": "UZB", "city_id": 6094, "log_pop": 3.625834, "log_mass": 6.448952, "log_pop_c": 0.409192, "log_mass_c": 0.370153}, {"country_iso": "UZB", "city_id": 5980, "log_pop": 3.284474, "log_mass": 6.075919, "log_pop_c": 0.495825, "log_mass_c": 0.331593}, {"country_iso": "UZB", "city_id": 6008, "log_pop": 3.032349, "log_mass": 6.191351, "log_pop_c": -0.361893, "log_mass_c": 0.03835}]