[{"country_iso":"BLZ","city_id":358,"log_pop":2.5417889721,"log_mass":5.3413454731},{"country_iso":"BLZ","city_id":358,"log_pop":2.2126216332,"log_mass":5.0196085237},{"country_iso":"BLZ","city_id":358,"log_pop":3.1379809386,"log_mass":5.9013319549},{"country_iso":"BLZ","city_id":358,"log_pop":3.732820966,"log_mass":6.5029045453},{"country_iso":"BLZ","city_id":358,"log_pop":3.5492923112,"log_mass":6.2908412644},{"country_iso":"BLZ","city_id":358,"log_pop":2.7046159136,"log_mass":5.6843552783},{"country_iso":"BLZ","city_id":358,"log_pop":2.771693675,"log_mass":5.5250512321},{"country_iso":"BLZ","city_id":358,"log_pop":2.6024549504,"log_mass":5.3615348808}]