[{"country_iso":"MOZ","city_id":4220,"log_pop":2.3304745403,"log_mass":4.9744720589},{"country_iso":"MOZ","city_id":4220,"log_pop":3.5838750551,"log_mass":5.6902722818},{"country_iso":"MOZ","city_id":4220,"log_pop":2.1691717963,"log_mass":4.5181488635},{"country_iso":"MOZ","city_id":4220,"log_pop":4.5842523159,"log_mass":6.7968467325},{"country_iso":"MOZ","city_id":4220,"log_pop":3.9182347393,"log_mass":5.9740301031},{"country_iso":"MOZ","city_id":4220,"log_pop":4.0060332495,"log_mass":6.2643355336},{"country_iso":"MOZ","city_id":4220,"log_pop":3.9835414867,"log_mass":6.118658037},{"country_iso":"MOZ","city_id":4220,"log_pop":4.5935067066,"log_mass":6.4828088359},{"country_iso":"MOZ","city_id":4220,"log_pop":4.305238356,"log_mass":6.1586379474},{"country_iso":"MOZ","city_id":4220,"log_pop":4.6440308786,"log_mass":6.4337094662},{"country_iso":"MOZ","city_id":4220,"log_pop":3.4323471766,"log_mass":5.7531739002},{"country_iso":"MOZ","city_id":4220,"log_pop":4.2834090402,"log_mass":6.4481499036},{"country_iso":"MOZ","city_id":4220,"log_pop":4.344247166,"log_mass":6.4742305274},{"country_iso":"MOZ","city_id":4220,"log_pop":4.292262264,"log_mass":6.5159328644},{"country_iso":"MOZ","city_id":4220,"log_pop":3.1345354961,"log_mass":5.6340619648},{"country_iso":"MOZ","city_id":4220,"log_pop":4.4531236913,"log_mass":6.5504703686},{"country_iso":"MOZ","city_id":4220,"log_pop":4.2412323963,"log_mass":6.4313348692},{"country_iso":"MOZ","city_id":4220,"log_pop":4.1483344252,"log_mass":6.3323104682},{"country_iso":"MOZ","city_id":4220,"log_pop":4.4018440174,"log_mass":6.4393678825},{"country_iso":"MOZ","city_id":4220,"log_pop":3.3500571268,"log_mass":6.135846279},{"country_iso":"MOZ","city_id":4220,"log_pop":4.4984045963,"log_mass":6.3832605185},{"country_iso":"MOZ","city_id":4220,"log_pop":4.2772570428,"log_mass":6.5346207107},{"country_iso":"MOZ","city_id":4220,"log_pop":4.5775367358,"log_mass":6.512120804},{"country_iso":"MOZ","city_id":4220,"log_pop":4.1754346533,"log_mass":6.3769414962},{"country_iso":"MOZ","city_id":4220,"log_pop":4.0142750262,"log_mass":6.0646724916},{"country_iso":"MOZ","city_id":4220,"log_pop":2.5870722368,"log_mass":4.9155437546},{"country_iso":"MOZ","city_id":4220,"log_pop":4.2940604445,"log_mass":6.496098721},{"country_iso":"MOZ","city_id":4220,"log_pop":3.9970691057,"log_mass":6.3420019656},{"country_iso":"MOZ","city_id":4220,"log_pop":3.7478844125,"log_mass":5.9592509107},{"country_iso":"MOZ","city_id":4220,"log_pop":4.2338789477,"log_mass":6.4710594347},{"country_iso":"MOZ","city_id":4220,"log_pop":4.1422672679,"log_mass":6.0791382556},{"country_iso":"MOZ","city_id":4220,"log_pop":2.5248827274,"log_mass":5.2840895956},{"country_iso":"MOZ","city_id":4220,"log_pop":3.8789072763,"log_mass":6.1385054404},{"country_iso":"MOZ","city_id":4220,"log_pop":3.9737562993,"log_mass":6.5017598308},{"country_iso":"MOZ","city_id":4220,"log_pop":4.1163874512,"log_mass":6.4316318166},{"country_iso":"MOZ","city_id":4220,"log_pop":3.8815279676,"log_mass":6.1078990922},{"country_iso":"MOZ","city_id":4220,"log_pop":4.6599611094,"log_mass":6.5051420876},{"country_iso":"MOZ","city_id":4220,"log_pop":4.7875839444,"log_mass":6.711877814},{"country_iso":"MOZ","city_id":4220,"log_pop":4.5665004767,"log_mass":6.381007121},{"country_iso":"MOZ","city_id":4220,"log_pop":4.7204196381,"log_mass":6.6809899806},{"country_iso":"MOZ","city_id":4220,"log_pop":4.447452012,"log_mass":6.6367824391},{"country_iso":"MOZ","city_id":4220,"log_pop":3.1875369026,"log_mass":4.9433538772},{"country_iso":"MOZ","city_id":4220,"log_pop":4.4212210059,"log_mass":6.3850553077},{"country_iso":"MOZ","city_id":4220,"log_pop":4.2172840207,"log_mass":6.3475521232},{"country_iso":"MOZ","city_id":4220,"log_pop":4.3399657138,"log_mass":6.4530449203},{"country_iso":"MOZ","city_id":4220,"log_pop":4.6140017127,"log_mass":6.529015115},{"country_iso":"MOZ","city_id":4220,"log_pop":5.0303115205,"log_mass":6.7309884481},{"country_iso":"MOZ","city_id":4220,"log_pop":4.2257885957,"log_mass":6.225243245},{"country_iso":"MOZ","city_id":4220,"log_pop":4.6358869763,"log_mass":6.4856000696},{"country_iso":"MOZ","city_id":4220,"log_pop":3.9033378104,"log_mass":5.7627880709},{"country_iso":"MOZ","city_id":4220,"log_pop":4.1261691807,"log_mass":5.8713886199},{"country_iso":"MOZ","city_id":4220,"log_pop":2.7946467794,"log_mass":4.8285644826},{"country_iso":"MOZ","city_id":4220,"log_pop":3.311242911,"log_mass":5.2847924583},{"country_iso":"MOZ","city_id":4220,"log_pop":3.6613465064,"log_mass":5.4288515897},{"country_iso":"MOZ","city_id":4220,"log_pop":3.4925876203,"log_mass":5.6284448218},{"country_iso":"MOZ","city_id":4220,"log_pop":0.6013336298,"log_mass":3.7403699838},{"country_iso":"MOZ","city_id":4220,"log_pop":4.1075123902,"log_mass":6.0608839551},{"country_iso":"MOZ","city_id":4220,"log_pop":2.0034967279,"log_mass":5.419312337},{"country_iso":"MOZ","city_id":4220,"log_pop":3.8236342552,"log_mass":6.262848305},{"country_iso":"MOZ","city_id":4220,"log_pop":2.2507224228,"log_mass":5.3868213961},{"country_iso":"MOZ","city_id":4220,"log_pop":2.2207125471,"log_mass":5.4796114184},{"country_iso":"MOZ","city_id":4220,"log_pop":3.2260543165,"log_mass":6.2642528466},{"country_iso":"MOZ","city_id":4220,"log_pop":2.783091586,"log_mass":5.8087297158},{"country_iso":"MOZ","city_id":4220,"log_pop":3.1321943981,"log_mass":6.1994469113},{"country_iso":"MOZ","city_id":4220,"log_pop":2.4433404243,"log_mass":4.4993817357},{"country_iso":"MOZ","city_id":4220,"log_pop":4.3029209132,"log_mass":6.1850978032},{"country_iso":"MOZ","city_id":4220,"log_pop":4.1274983974,"log_mass":6.0263157599},{"country_iso":"MOZ","city_id":4220,"log_pop":4.5917920093,"log_mass":6.4324289416},{"country_iso":"MOZ","city_id":4220,"log_pop":4.1058947121,"log_mass":6.3956897924},{"country_iso":"MOZ","city_id":4220,"log_pop":4.4317575336,"log_mass":6.46507349},{"country_iso":"MOZ","city_id":4220,"log_pop":3.1894849927,"log_mass":6.2963000377},{"country_iso":"MOZ","city_id":4220,"log_pop":3.3819076805,"log_mass":6.3562369959},{"country_iso":"MOZ","city_id":4220,"log_pop":4.3504552412,"log_mass":6.5862911484},{"country_iso":"MOZ","city_id":4220,"log_pop":4.575458999,"log_mass":6.5364287775},{"country_iso":"MOZ","city_id":4220,"log_pop":3.5321645616,"log_mass":6.3323015094},{"country_iso":"MOZ","city_id":4220,"log_pop":1.0615449877,"log_mass":3.9634639507},{"country_iso":"MOZ","city_id":4220,"log_pop":2.3879131407,"log_mass":5.0257410704},{"country_iso":"MOZ","city_id":4220,"log_pop":2.9350918465,"log_mass":5.7477243167},{"country_iso":"MOZ","city_id":4220,"log_pop":2.1424853716,"log_mass":4.7568410502},{"country_iso":"MOZ","city_id":4220,"log_pop":2.9493822425,"log_mass":5.6519266778},{"country_iso":"MOZ","city_id":4220,"log_pop":2.649991908,"log_mass":5.0730593349},{"country_iso":"MOZ","city_id":4220,"log_pop":2.6377932562,"log_mass":5.2644468744},{"country_iso":"MOZ","city_id":4220,"log_pop":3.5258090206,"log_mass":6.1680328077},{"country_iso":"MOZ","city_id":4220,"log_pop":0.8018194317,"log_mass":3.5971356361},{"country_iso":"MOZ","city_id":4220,"log_pop":2.6224220961,"log_mass":5.4616928315},{"country_iso":"MOZ","city_id":4220,"log_pop":0.4183427586,"log_mass":3.6075870593},{"country_iso":"MOZ","city_id":4220,"log_pop":2.5089078813,"log_mass":5.0476010401},{"country_iso":"MOZ","city_id":4220,"log_pop":4.0912384469,"log_mass":6.3441852797},{"country_iso":"MOZ","city_id":4220,"log_pop":3.1705070463,"log_mass":5.668123862},{"country_iso":"MOZ","city_id":4220,"log_pop":3.513403801,"log_mass":5.7654016302},{"country_iso":"MOZ","city_id":4220,"log_pop":3.2576056023,"log_mass":5.2429645337},{"country_iso":"MOZ","city_id":4220,"log_pop":2.8783504066,"log_mass":4.8888430677},{"country_iso":"MOZ","city_id":4220,"log_pop":2.5470822799,"log_mass":5.1559254867},{"country_iso":"MOZ","city_id":4220,"log_pop":2.5399689891,"log_mass":5.2839891784},{"country_iso":"MOZ","city_id":4220,"log_pop":3.5725280814,"log_mass":5.834337177},{"country_iso":"MOZ","city_id":4220,"log_pop":3.7383472722,"log_mass":5.5613264103},{"country_iso":"MOZ","city_id":4220,"log_pop":3.0396232432,"log_mass":5.6812961015},{"country_iso":"MOZ","city_id":5374,"log_pop":3.30506448,"log_mass":5.357054307},{"country_iso":"MOZ","city_id":5374,"log_pop":3.9662566139,"log_mass":6.0139943501},{"country_iso":"MOZ","city_id":5374,"log_pop":3.5041812049,"log_mass":5.6729526882},{"country_iso":"MOZ","city_id":5374,"log_pop":4.1257869328,"log_mass":6.3135974872},{"country_iso":"MOZ","city_id":5374,"log_pop":2.3291737873,"log_mass":4.9740015295},{"country_iso":"MOZ","city_id":5374,"log_pop":3.1733830621,"log_mass":5.3520111509},{"country_iso":"MOZ","city_id":5374,"log_pop":0.9823927799,"log_mass":3.0885059983},{"country_iso":"MOZ","city_id":5374,"log_pop":3.0262123365,"log_mass":5.432298975},{"country_iso":"MOZ","city_id":5374,"log_pop":1.1098619727,"log_mass":3.4923111893},{"country_iso":"MOZ","city_id":5374,"log_pop":3.5585760659,"log_mass":5.7525481054},{"country_iso":"MOZ","city_id":5374,"log_pop":3.3672856984,"log_mass":5.6315761723},{"country_iso":"MOZ","city_id":5374,"log_pop":3.8690028262,"log_mass":6.115177741},{"country_iso":"MOZ","city_id":5374,"log_pop":3.0707449967,"log_mass":5.6122755584},{"country_iso":"MOZ","city_id":5374,"log_pop":4.1064768563,"log_mass":6.313097222},{"country_iso":"MOZ","city_id":5374,"log_pop":2.9146906041,"log_mass":5.3929771338},{"country_iso":"MOZ","city_id":5374,"log_pop":1.7925922328,"log_mass":4.6148130014},{"country_iso":"MOZ","city_id":5374,"log_pop":1.4344977032,"log_mass":4.4011904452},{"country_iso":"MOZ","city_id":5376,"log_pop":1.5936437777,"log_mass":4.5885866437},{"country_iso":"MOZ","city_id":5376,"log_pop":2.6949622638,"log_mass":4.8738343585},{"country_iso":"MOZ","city_id":5376,"log_pop":1.0212735154,"log_mass":3.3376134417},{"country_iso":"MOZ","city_id":5376,"log_pop":3.0162133622,"log_mass":5.4274742033},{"country_iso":"MOZ","city_id":5376,"log_pop":3.7563149495,"log_mass":6.0926676175},{"country_iso":"MOZ","city_id":5376,"log_pop":1.3599982719,"log_mass":4.2710481605},{"country_iso":"MOZ","city_id":5376,"log_pop":3.4054189962,"log_mass":5.7352209899},{"country_iso":"MOZ","city_id":5376,"log_pop":2.0168314158,"log_mass":4.6831528302},{"country_iso":"MOZ","city_id":5376,"log_pop":4.0077832666,"log_mass":6.3348965953},{"country_iso":"MOZ","city_id":5376,"log_pop":3.3488581704,"log_mass":5.5601254522},{"country_iso":"MOZ","city_id":5376,"log_pop":3.6706000326,"log_mass":5.9548595205},{"country_iso":"MOZ","city_id":5376,"log_pop":3.0963031343,"log_mass":5.3607307746},{"country_iso":"MOZ","city_id":5376,"log_pop":2.6239188434,"log_mass":5.0000664345},{"country_iso":"MOZ","city_id":5376,"log_pop":3.3141301203,"log_mass":5.6691837683},{"country_iso":"MOZ","city_id":5376,"log_pop":3.9300652674,"log_mass":6.190270005},{"country_iso":"MOZ","city_id":5376,"log_pop":3.3463050578,"log_mass":5.5699715241},{"country_iso":"MOZ","city_id":5145,"log_pop":3.6678712315,"log_mass":5.7101743748},{"country_iso":"MOZ","city_id":5145,"log_pop":3.9259184507,"log_mass":6.0247909499},{"country_iso":"MOZ","city_id":5145,"log_pop":4.3870605697,"log_mass":6.4119433861},{"country_iso":"MOZ","city_id":5145,"log_pop":2.8341302619,"log_mass":4.9858952531},{"country_iso":"MOZ","city_id":5145,"log_pop":0.710642823,"log_mass":3.2292705935},{"country_iso":"MOZ","city_id":5145,"log_pop":4.3838698154,"log_mass":6.4330601982},{"country_iso":"MOZ","city_id":5145,"log_pop":3.7952333889,"log_mass":5.859198278},{"country_iso":"MOZ","city_id":5145,"log_pop":3.1360134469,"log_mass":5.363100396},{"country_iso":"MOZ","city_id":5145,"log_pop":4.4349852642,"log_mass":6.4263854068},{"country_iso":"MOZ","city_id":5145,"log_pop":4.5318718011,"log_mass":6.589900792},{"country_iso":"MOZ","city_id":5145,"log_pop":4.0993695921,"log_mass":6.146976072},{"country_iso":"MOZ","city_id":5145,"log_pop":3.4652900455,"log_mass":5.6748314894},{"country_iso":"MOZ","city_id":5145,"log_pop":4.4071557861,"log_mass":6.4167347476},{"country_iso":"MOZ","city_id":5145,"log_pop":4.6439512804,"log_mass":6.6551953434},{"country_iso":"MOZ","city_id":5145,"log_pop":3.6427529602,"log_mass":5.5483356177},{"country_iso":"MOZ","city_id":4345,"log_pop":1.6701894545,"log_mass":5.2465551721},{"country_iso":"MOZ","city_id":4345,"log_pop":2.2718654506,"log_mass":5.004223147},{"country_iso":"MOZ","city_id":4345,"log_pop":3.3053022378,"log_mass":5.5111271224},{"country_iso":"MOZ","city_id":4345,"log_pop":3.5303038429,"log_mass":5.6832662579},{"country_iso":"MOZ","city_id":4345,"log_pop":2.0433777046,"log_mass":4.1683537005},{"country_iso":"MOZ","city_id":4345,"log_pop":3.1767698416,"log_mass":5.4878072902},{"country_iso":"MOZ","city_id":4345,"log_pop":2.7250194938,"log_mass":5.0148263529},{"country_iso":"MOZ","city_id":4345,"log_pop":2.7345945938,"log_mass":5.0523467369},{"country_iso":"MOZ","city_id":4345,"log_pop":1.8379249067,"log_mass":4.3188019362},{"country_iso":"MOZ","city_id":4345,"log_pop":0.9305051981,"log_mass":3.5720795302},{"country_iso":"MOZ","city_id":4345,"log_pop":1.6017022449,"log_mass":4.0002281093},{"country_iso":"MOZ","city_id":4345,"log_pop":1.3886268241,"log_mass":3.7835337554},{"country_iso":"MOZ","city_id":4457,"log_pop":2.7543867233,"log_mass":5.3742297024},{"country_iso":"MOZ","city_id":4457,"log_pop":1.4165051332,"log_mass":3.9815507326},{"country_iso":"MOZ","city_id":4457,"log_pop":3.4578673654,"log_mass":5.8213738898},{"country_iso":"MOZ","city_id":4457,"log_pop":3.9734284971,"log_mass":6.1744384414},{"country_iso":"MOZ","city_id":4457,"log_pop":3.1091598159,"log_mass":5.2868171889},{"country_iso":"MOZ","city_id":4457,"log_pop":3.5717177006,"log_mass":5.7497848417},{"country_iso":"MOZ","city_id":4457,"log_pop":3.0489445579,"log_mass":5.309991938},{"country_iso":"MOZ","city_id":4457,"log_pop":4.0137172135,"log_mass":6.1710107551},{"country_iso":"MOZ","city_id":4457,"log_pop":2.9566545636,"log_mass":5.4303078037},{"country_iso":"MOZ","city_id":4457,"log_pop":4.0098925873,"log_mass":6.2085464922},{"country_iso":"MOZ","city_id":4457,"log_pop":1.9274200338,"log_mass":4.3597955479},{"country_iso":"MOZ","city_id":4523,"log_pop":2.3176265114,"log_mass":4.7273484544},{"country_iso":"MOZ","city_id":4523,"log_pop":1.7514155768,"log_mass":4.0557794169},{"country_iso":"MOZ","city_id":4523,"log_pop":0.3458256166,"log_mass":3.0905452964},{"country_iso":"MOZ","city_id":4523,"log_pop":2.5756680956,"log_mass":4.6560621365},{"country_iso":"MOZ","city_id":4523,"log_pop":3.9804043914,"log_mass":6.0735125114},{"country_iso":"MOZ","city_id":4523,"log_pop":3.4380452714,"log_mass":5.6109780177},{"country_iso":"MOZ","city_id":4523,"log_pop":3.6317801642,"log_mass":5.850618345},{"country_iso":"MOZ","city_id":4523,"log_pop":3.6976468826,"log_mass":5.7026860497},{"country_iso":"MOZ","city_id":4523,"log_pop":3.443507652,"log_mass":5.4529128048},{"country_iso":"MOZ","city_id":4523,"log_pop":3.0763348441,"log_mass":5.4142236091},{"country_iso":"MOZ","city_id":4521,"log_pop":4.1077083033,"log_mass":6.3403869293},{"country_iso":"MOZ","city_id":4521,"log_pop":4.5028330009,"log_mass":6.6068778523},{"country_iso":"MOZ","city_id":4521,"log_pop":4.0249148373,"log_mass":6.3061608666},{"country_iso":"MOZ","city_id":4521,"log_pop":3.4754035168,"log_mass":5.6026744102},{"country_iso":"MOZ","city_id":4521,"log_pop":3.7026151012,"log_mass":5.8589430007},{"country_iso":"MOZ","city_id":4521,"log_pop":3.1910543055,"log_mass":5.3929386694},{"country_iso":"MOZ","city_id":4521,"log_pop":2.0621733102,"log_mass":4.518345384},{"country_iso":"MOZ","city_id":4521,"log_pop":4.0445685529,"log_mass":6.1023541405},{"country_iso":"MOZ","city_id":4521,"log_pop":4.3839377412,"log_mass":6.4559020062},{"country_iso":"MOZ","city_id":4521,"log_pop":3.4887933217,"log_mass":5.6191880082},{"country_iso":"MOZ","city_id":4601,"log_pop":3.3558890617,"log_mass":5.7392399443},{"country_iso":"MOZ","city_id":4601,"log_pop":1.750942232,"log_mass":4.3946562531},{"country_iso":"MOZ","city_id":4601,"log_pop":1.9938051321,"log_mass":4.5950377246},{"country_iso":"MOZ","city_id":4601,"log_pop":1.9161940836,"log_mass":4.0589327063},{"country_iso":"MOZ","city_id":4601,"log_pop":3.7033487162,"log_mass":6.0769521822},{"country_iso":"MOZ","city_id":4601,"log_pop":3.9450845356,"log_mass":6.262178011},{"country_iso":"MOZ","city_id":4601,"log_pop":0.8348083476,"log_mass":3.3142975232},{"country_iso":"MOZ","city_id":4601,"log_pop":3.7755520823,"log_mass":6.2033585983},{"country_iso":"MOZ","city_id":4601,"log_pop":1.4289354967,"log_mass":4.0947037003},{"country_iso":"MOZ","city_id":4601,"log_pop":3.7250320285,"log_mass":6.0708787685},{"country_iso":"MOZ","city_id":4698,"log_pop":4.0781417204,"log_mass":6.108364863},{"country_iso":"MOZ","city_id":4698,"log_pop":3.7215284022,"log_mass":5.7971365956},{"country_iso":"MOZ","city_id":4698,"log_pop":3.8349195845,"log_mass":5.9213214557},{"country_iso":"MOZ","city_id":4698,"log_pop":3.4029853612,"log_mass":5.7587114505},{"country_iso":"MOZ","city_id":4698,"log_pop":4.5451845043,"log_mass":6.645450081},{"country_iso":"MOZ","city_id":4698,"log_pop":3.8546347604,"log_mass":6.0331098396},{"country_iso":"MOZ","city_id":4698,"log_pop":1.3639572548,"log_mass":3.2619510593},{"country_iso":"MOZ","city_id":4698,"log_pop":3.1633423743,"log_mass":5.1604784347},{"country_iso":"MOZ","city_id":4338,"log_pop":1.2631810664,"log_mass":4.3602883384},{"country_iso":"MOZ","city_id":4338,"log_pop":2.4992122629,"log_mass":4.6555740517},{"country_iso":"MOZ","city_id":4338,"log_pop":1.0448363344,"log_mass":3.4286917728},{"country_iso":"MOZ","city_id":4338,"log_pop":1.5615990829,"log_mass":4.0103124902},{"country_iso":"MOZ","city_id":4338,"log_pop":1.9031354014,"log_mass":4.3767878638},{"country_iso":"MOZ","city_id":4338,"log_pop":3.6441399508,"log_mass":5.7384190392},{"country_iso":"MOZ","city_id":4338,"log_pop":3.4654151182,"log_mass":5.4348015014},{"country_iso":"MOZ","city_id":4472,"log_pop":2.3458828755,"log_mass":5.4012829647},{"country_iso":"MOZ","city_id":4472,"log_pop":2.6266101999,"log_mass":5.4798017724},{"country_iso":"MOZ","city_id":4472,"log_pop":2.0627063467,"log_mass":4.5717471039},{"country_iso":"MOZ","city_id":4472,"log_pop":2.104355294,"log_mass":4.7800361824},{"country_iso":"MOZ","city_id":4472,"log_pop":0.5610907359,"log_mass":3.7392473596},{"country_iso":"MOZ","city_id":4472,"log_pop":3.3422595607,"log_mass":6.0628710273},{"country_iso":"MOZ","city_id":4472,"log_pop":3.2835481915,"log_mass":5.9349520336},{"country_iso":"MOZ","city_id":4699,"log_pop":2.1457115793,"log_mass":5.3936864071},{"country_iso":"MOZ","city_id":4699,"log_pop":1.5815757934,"log_mass":5.126779788},{"country_iso":"MOZ","city_id":4699,"log_pop":1.5631981524,"log_mass":5.0399507765},{"country_iso":"MOZ","city_id":4699,"log_pop":1.3611385959,"log_mass":4.746202635},{"country_iso":"MOZ","city_id":4699,"log_pop":1.0631504601,"log_mass":4.1314891749},{"country_iso":"MOZ","city_id":4699,"log_pop":3.00919551,"log_mass":6.2466040968},{"country_iso":"MOZ","city_id":5373,"log_pop":2.7458151165,"log_mass":5.421353636},{"country_iso":"MOZ","city_id":5373,"log_pop":3.1092438179,"log_mass":5.781827793},{"country_iso":"MOZ","city_id":5373,"log_pop":2.6795793827,"log_mass":5.4436559145},{"country_iso":"MOZ","city_id":5373,"log_pop":1.4558984846,"log_mass":4.1880081869},{"country_iso":"MOZ","city_id":5373,"log_pop":2.48989759,"log_mass":5.5020468656},{"country_iso":"MOZ","city_id":5373,"log_pop":3.44097653,"log_mass":6.1203112057},{"country_iso":"MOZ","city_id":4722,"log_pop":3.5064204012,"log_mass":5.8068593708},{"country_iso":"MOZ","city_id":4722,"log_pop":1.9833346556,"log_mass":4.2063907423},{"country_iso":"MOZ","city_id":4722,"log_pop":3.1576563366,"log_mass":5.3925657366},{"country_iso":"MOZ","city_id":4722,"log_pop":2.8003684682,"log_mass":4.983458464},{"country_iso":"MOZ","city_id":4722,"log_pop":4.0444435733,"log_mass":6.3267235861},{"country_iso":"MOZ","city_id":4722,"log_pop":1.8634423125,"log_mass":4.546513152},{"country_iso":"MOZ","city_id":5143,"log_pop":0.4579908694,"log_mass":3.1945635463},{"country_iso":"MOZ","city_id":5143,"log_pop":2.8659486802,"log_mass":5.4051385361},{"country_iso":"MOZ","city_id":5143,"log_pop":2.6926457641,"log_mass":4.8783202686},{"country_iso":"MOZ","city_id":5143,"log_pop":3.8321330861,"log_mass":6.1048028123},{"country_iso":"MOZ","city_id":5143,"log_pop":3.7916329192,"log_mass":6.0027612321},{"country_iso":"MOZ","city_id":4516,"log_pop":2.8133533361,"log_mass":5.2082924241},{"country_iso":"MOZ","city_id":4516,"log_pop":3.0178843644,"log_mass":5.3436405888},{"country_iso":"MOZ","city_id":4516,"log_pop":2.2884176969,"log_mass":5.2807390697},{"country_iso":"MOZ","city_id":4516,"log_pop":2.4767404282,"log_mass":5.0036469686},{"country_iso":"MOZ","city_id":4516,"log_pop":1.7688584918,"log_mass":4.1386052761},{"country_iso":"MOZ","city_id":4725,"log_pop":1.1923096964,"log_mass":4.4199324953},{"country_iso":"MOZ","city_id":4725,"log_pop":1.4172803992,"log_mass":4.6949351101},{"country_iso":"MOZ","city_id":4725,"log_pop":2.638449634,"log_mass":5.4990220961},{"country_iso":"MOZ","city_id":4725,"log_pop":1.1924517772,"log_mass":4.5520985203},{"country_iso":"MOZ","city_id":4725,"log_pop":1.3659036107,"log_mass":4.2227228822},{"country_iso":"MOZ","city_id":4533,"log_pop":2.4526857185,"log_mass":4.9048184122},{"country_iso":"MOZ","city_id":4533,"log_pop":1.714405431,"log_mass":4.1507108341},{"country_iso":"MOZ","city_id":4533,"log_pop":1.5866186656,"log_mass":5.1308939004},{"country_iso":"MOZ","city_id":4533,"log_pop":1.7880550962,"log_mass":4.0439119418},{"country_iso":"MOZ","city_id":4618,"log_pop":2.5702347196,"log_mass":4.5143269034},{"country_iso":"MOZ","city_id":4618,"log_pop":1.8019470579,"log_mass":4.0849922637},{"country_iso":"MOZ","city_id":4618,"log_pop":3.825522901,"log_mass":5.940339165},{"country_iso":"MOZ","city_id":4618,"log_pop":2.6759117767,"log_mass":4.6083706882},{"country_iso":"MOZ","city_id":4515,"log_pop":0.5731508035,"log_mass":4.2634778398},{"country_iso":"MOZ","city_id":4515,"log_pop":2.1938929787,"log_mass":5.0153893126},{"country_iso":"MOZ","city_id":4515,"log_pop":2.6485035641,"log_mass":5.016545213},{"country_iso":"MOZ","city_id":4515,"log_pop":1.9401181586,"log_mass":4.5385299791},{"country_iso":"MOZ","city_id":4512,"log_pop":1.8103673182,"log_mass":4.1513538371},{"country_iso":"MOZ","city_id":4512,"log_pop":1.9221504475,"log_mass":5.250809499},{"country_iso":"MOZ","city_id":4512,"log_pop":2.5879528502,"log_mass":5.3418523604},{"country_iso":"MOZ","city_id":4512,"log_pop":3.5754450474,"log_mass":5.9031783693},{"country_iso":"MOZ","city_id":4529,"log_pop":0.9183148972,"log_mass":3.7951368347},{"country_iso":"MOZ","city_id":4529,"log_pop":1.8226363691,"log_mass":4.6077000997},{"country_iso":"MOZ","city_id":4529,"log_pop":1.5354662831,"log_mass":4.4137488349},{"country_iso":"MOZ","city_id":4529,"log_pop":2.8071221616,"log_mass":5.4834890842},{"country_iso":"MOZ","city_id":5027,"log_pop":2.1013055495,"log_mass":4.5901091694},{"country_iso":"MOZ","city_id":5027,"log_pop":2.2919860285,"log_mass":4.6194958307},{"country_iso":"MOZ","city_id":5027,"log_pop":2.4776082421,"log_mass":4.8848053328},{"country_iso":"MOZ","city_id":5316,"log_pop":3.1888703967,"log_mass":5.0518248326},{"country_iso":"MOZ","city_id":5316,"log_pop":3.0947912231,"log_mass":5.1623339456},{"country_iso":"MOZ","city_id":5316,"log_pop":3.4687885305,"log_mass":5.3968087324},{"country_iso":"MOZ","city_id":4629,"log_pop":2.8177342084,"log_mass":5.089968592},{"country_iso":"MOZ","city_id":4629,"log_pop":1.6310446196,"log_mass":4.1442131694},{"country_iso":"MOZ","city_id":4629,"log_pop":-0.6492474993,"log_mass":2.9594045921},{"country_iso":"MOZ","city_id":5274,"log_pop":2.6981752683,"log_mass":5.0536445943},{"country_iso":"MOZ","city_id":5274,"log_pop":2.1487242165,"log_mass":4.4402391445},{"country_iso":"MOZ","city_id":5274,"log_pop":3.1107098579,"log_mass":5.4994208472},{"country_iso":"MOZ","city_id":4735,"log_pop":2.5159389254,"log_mass":4.889700372},{"country_iso":"MOZ","city_id":4735,"log_pop":1.8120393448,"log_mass":4.2346513498},{"country_iso":"MOZ","city_id":4735,"log_pop":2.5238201933,"log_mass":4.7730337014},{"country_iso":"MOZ","city_id":4510,"log_pop":0.2146935849,"log_mass":3.6526739552},{"country_iso":"MOZ","city_id":4510,"log_pop":1.4133802204,"log_mass":4.863374478},{"country_iso":"MOZ","city_id":4510,"log_pop":1.2786448847,"log_mass":4.5607226358},{"country_iso":"MOZ","city_id":4475,"log_pop":2.197013238,"log_mass":4.5018889149},{"country_iso":"MOZ","city_id":4475,"log_pop":2.1145076278,"log_mass":4.6336863514},{"country_iso":"MOZ","city_id":4475,"log_pop":0.5122318332,"log_mass":3.724915606},{"country_iso":"MOZ","city_id":4839,"log_pop":1.1462758712,"log_mass":4.2889718889},{"country_iso":"MOZ","city_id":4839,"log_pop":2.848304794,"log_mass":5.5383700823},{"country_iso":"MOZ","city_id":4839,"log_pop":2.7197646306,"log_mass":5.5504964372},{"country_iso":"MOZ","city_id":4879,"log_pop":1.8954138051,"log_mass":4.4814859264},{"country_iso":"MOZ","city_id":4879,"log_pop":2.3751396776,"log_mass":5.0999706887},{"country_iso":"MOZ","city_id":4879,"log_pop":2.1283964927,"log_mass":4.727517119},{"country_iso":"MOZ","city_id":4716,"log_pop":3.2094739491,"log_mass":5.6349442005},{"country_iso":"MOZ","city_id":4716,"log_pop":1.5876469482,"log_mass":4.6116448866},{"country_iso":"MOZ","city_id":4716,"log_pop":1.1120371766,"log_mass":3.8081118525},{"country_iso":"MOZ","city_id":4695,"log_pop":2.7594317661,"log_mass":5.2831789721},{"country_iso":"MOZ","city_id":4695,"log_pop":1.3158480424,"log_mass":3.8942174334},{"country_iso":"MOZ","city_id":4695,"log_pop":1.5166764657,"log_mass":3.9031742036},{"country_iso":"MOZ","city_id":4772,"log_pop":3.058835951,"log_mass":5.5328076761},{"country_iso":"MOZ","city_id":4772,"log_pop":1.7503515477,"log_mass":4.3419966085},{"country_iso":"MOZ","city_id":4772,"log_pop":2.403509295,"log_mass":4.9669490383},{"country_iso":"MOZ","city_id":5106,"log_pop":1.9562191137,"log_mass":4.7887132377},{"country_iso":"MOZ","city_id":5106,"log_pop":3.3029398915,"log_mass":5.7214496974},{"country_iso":"MOZ","city_id":5106,"log_pop":3.015530497,"log_mass":5.4365512389},{"country_iso":"MOZ","city_id":4929,"log_pop":0.4839259292,"log_mass":3.702426216},{"country_iso":"MOZ","city_id":4929,"log_pop":1.9261463118,"log_mass":4.9394878005},{"country_iso":"MOZ","city_id":4929,"log_pop":1.1632964953,"log_mass":4.237879642},{"country_iso":"MOZ","city_id":5087,"log_pop":2.4903502559,"log_mass":5.3568956659},{"country_iso":"MOZ","city_id":5087,"log_pop":2.2456216645,"log_mass":5.0947978426},{"country_iso":"MOZ","city_id":5087,"log_pop":1.6620004437,"log_mass":4.5087101268},{"country_iso":"MOZ","city_id":4721,"log_pop":1.4159323797,"log_mass":4.9968687838},{"country_iso":"MOZ","city_id":4721,"log_pop":0.7736961932,"log_mass":3.993583033},{"country_iso":"MOZ","city_id":4721,"log_pop":-0.0844318993,"log_mass":2.9794233902},{"country_iso":"MOZ","city_id":4939,"log_pop":0.5001996617,"log_mass":3.5184287061},{"country_iso":"MOZ","city_id":4939,"log_pop":1.8576353183,"log_mass":5.0153211051},{"country_iso":"MOZ","city_id":4939,"log_pop":1.3159734986,"log_mass":4.4726762661},{"country_iso":"MOZ","city_id":4613,"log_pop":3.2292574967,"log_mass":5.4077459342},{"country_iso":"MOZ","city_id":4613,"log_pop":3.1608995055,"log_mass":5.4302614666},{"country_iso":"MOZ","city_id":4613,"log_pop":1.6488743253,"log_mass":4.904486934},{"country_iso":"MOZ","city_id":5220,"log_pop":1.6420648425,"log_mass":4.5287517403},{"country_iso":"MOZ","city_id":5220,"log_pop":0.452836686,"log_mass":3.6220588322},{"country_iso":"MOZ","city_id":5220,"log_pop":1.1712514266,"log_mass":4.0736350909},{"country_iso":"MOZ","city_id":4594,"log_pop":1.854411803,"log_mass":3.9926423807},{"country_iso":"MOZ","city_id":4594,"log_pop":2.2229733086,"log_mass":4.3183282816},{"country_iso":"MOZ","city_id":4594,"log_pop":1.9336698196,"log_mass":3.6131043215},{"country_iso":"MOZ","city_id":4967,"log_pop":1.0206251549,"log_mass":4.7466964612},{"country_iso":"MOZ","city_id":4967,"log_pop":2.4246853697,"log_mass":5.0861180865},{"country_iso":"MOZ","city_id":4967,"log_pop":2.4955867567,"log_mass":5.190350076},{"country_iso":"MOZ","city_id":4905,"log_pop":2.514780441,"log_mass":5.1762767638},{"country_iso":"MOZ","city_id":4905,"log_pop":2.5393548841,"log_mass":5.1458992953},{"country_iso":"MOZ","city_id":4905,"log_pop":1.0589150307,"log_mass":3.9402498938},{"country_iso":"MOZ","city_id":4848,"log_pop":2.6916161674,"log_mass":5.703309328},{"country_iso":"MOZ","city_id":4848,"log_pop":2.2746083753,"log_mass":5.3555232326},{"country_iso":"MOZ","city_id":4848,"log_pop":1.743775921,"log_mass":4.9750005737},{"country_iso":"MOZ","city_id":4522,"log_pop":1.4005152067,"log_mass":3.8743499208},{"country_iso":"MOZ","city_id":4522,"log_pop":1.6742597954,"log_mass":4.3679413274},{"country_iso":"MOZ","city_id":4522,"log_pop":2.3418123241,"log_mass":5.2423942004},{"country_iso":"MOZ","city_id":4392,"log_pop":2.4739654336,"log_mass":5.0207451531},{"country_iso":"MOZ","city_id":4392,"log_pop":0.9086260599,"log_mass":4.6187604878},{"country_iso":"MOZ","city_id":4392,"log_pop":1.918218973,"log_mass":4.3108067873},{"country_iso":"MOZ","city_id":4973,"log_pop":1.418402177,"log_mass":4.6111797758},{"country_iso":"MOZ","city_id":4973,"log_pop":-0.4465967785,"log_mass":3.1825816202},{"country_iso":"MOZ","city_id":4530,"log_pop":1.9744220459,"log_mass":4.4926851069},{"country_iso":"MOZ","city_id":4530,"log_pop":1.1156233081,"log_mass":3.9843843157},{"country_iso":"MOZ","city_id":4446,"log_pop":0.6268058685,"log_mass":4.0287924066},{"country_iso":"MOZ","city_id":4446,"log_pop":0.4036110746,"log_mass":3.7093268456},{"country_iso":"MOZ","city_id":4581,"log_pop":1.6836293678,"log_mass":4.1837553789},{"country_iso":"MOZ","city_id":4581,"log_pop":0.3136901069,"log_mass":3.4565446449},{"country_iso":"MOZ","city_id":4634,"log_pop":1.2130478291,"log_mass":4.2163106136},{"country_iso":"MOZ","city_id":4634,"log_pop":1.9434218956,"log_mass":4.8032683775},{"country_iso":"MOZ","city_id":4597,"log_pop":2.9167980011,"log_mass":5.09664727},{"country_iso":"MOZ","city_id":4597,"log_pop":2.6895199864,"log_mass":4.9172665069},{"country_iso":"MOZ","city_id":5151,"log_pop":1.9642039665,"log_mass":4.3681228372},{"country_iso":"MOZ","city_id":5151,"log_pop":1.7171509356,"log_mass":4.0654480425},{"country_iso":"MOZ","city_id":4572,"log_pop":1.2149989289,"log_mass":3.7004745825},{"country_iso":"MOZ","city_id":4572,"log_pop":3.0502307609,"log_mass":5.1937140647},{"country_iso":"MOZ","city_id":4738,"log_pop":0.0109179182,"log_mass":3.4854470575},{"country_iso":"MOZ","city_id":4738,"log_pop":0.5668265238,"log_mass":4.0940510627},{"country_iso":"MOZ","city_id":5269,"log_pop":1.9275139382,"log_mass":4.5428792142},{"country_iso":"MOZ","city_id":5269,"log_pop":2.7149509996,"log_mass":5.5506741923},{"country_iso":"MOZ","city_id":4745,"log_pop":2.610078863,"log_mass":5.5768261728},{"country_iso":"MOZ","city_id":4745,"log_pop":0.3301403666,"log_mass":3.3638995104},{"country_iso":"MOZ","city_id":4802,"log_pop":2.3912033395,"log_mass":5.2803321711},{"country_iso":"MOZ","city_id":4802,"log_pop":2.9034953691,"log_mass":5.5276847281},{"country_iso":"MOZ","city_id":5280,"log_pop":1.8086466576,"log_mass":4.1745162684},{"country_iso":"MOZ","city_id":5295,"log_pop":0.7319719858,"log_mass":3.65034452},{"country_iso":"MOZ","city_id":4656,"log_pop":0.339847504,"log_mass":4.1389153874},{"country_iso":"MOZ","city_id":5273,"log_pop":1.5939429394,"log_mass":4.7251489932},{"country_iso":"MOZ","city_id":4433,"log_pop":0.9338765756,"log_mass":4.5336230322},{"country_iso":"MOZ","city_id":5080,"log_pop":0.7433218168,"log_mass":4.1543440648},{"country_iso":"MOZ","city_id":4692,"log_pop":0.978771376,"log_mass":4.5071902965},{"country_iso":"MOZ","city_id":4704,"log_pop":0.7661029674,"log_mass":3.8110329322},{"country_iso":"MOZ","city_id":4622,"log_pop":2.8488057805,"log_mass":4.9495604893},{"country_iso":"MOZ","city_id":5116,"log_pop":1.5006484698,"log_mass":3.8212792433},{"country_iso":"MOZ","city_id":4818,"log_pop":1.4643401522,"log_mass":4.4194114842},{"country_iso":"MOZ","city_id":4458,"log_pop":1.3012738351,"log_mass":3.702301637},{"country_iso":"MOZ","city_id":4805,"log_pop":1.003079828,"log_mass":4.6487960315},{"country_iso":"MOZ","city_id":4573,"log_pop":1.3038613635,"log_mass":4.4808657393},{"country_iso":"MOZ","city_id":5097,"log_pop":2.5403105691,"log_mass":5.337948333},{"country_iso":"MOZ","city_id":4378,"log_pop":0.8818165177,"log_mass":3.7611347973},{"country_iso":"MOZ","city_id":4480,"log_pop":2.4564255327,"log_mass":4.7936722974},{"country_iso":"MOZ","city_id":4404,"log_pop":1.7741732381,"log_mass":4.4181665906},{"country_iso":"MOZ","city_id":4484,"log_pop":2.9096277002,"log_mass":5.3923838053},{"country_iso":"MOZ","city_id":4487,"log_pop":1.5894679975,"log_mass":4.8064939063}]