[{"country_iso":"EST","city_id":3255,"log_pop":-1.1006465849,"log_mass":3.74495608},{"country_iso":"EST","city_id":3255,"log_pop":4.2186555287,"log_mass":6.546659926},{"country_iso":"EST","city_id":3255,"log_pop":3.2208329939,"log_mass":5.9719388248},{"country_iso":"EST","city_id":3255,"log_pop":4.1504829837,"log_mass":6.6348662505},{"country_iso":"EST","city_id":3255,"log_pop":4.0902201206,"log_mass":6.5888130412},{"country_iso":"EST","city_id":3255,"log_pop":3.9739125421,"log_mass":6.4648928953},{"country_iso":"EST","city_id":3255,"log_pop":2.3229293233,"log_mass":5.4622651311},{"country_iso":"EST","city_id":3255,"log_pop":4.2732473929,"log_mass":6.6927412087},{"country_iso":"EST","city_id":3255,"log_pop":3.2826738852,"log_mass":5.8525268305},{"country_iso":"EST","city_id":3255,"log_pop":2.9310977073,"log_mass":5.6696750714},{"country_iso":"EST","city_id":3255,"log_pop":2.1970667555,"log_mass":5.4286387077},{"country_iso":"EST","city_id":3255,"log_pop":3.5190714643,"log_mass":6.2364488065},{"country_iso":"EST","city_id":3255,"log_pop":3.6006612879,"log_mass":6.3507761137},{"country_iso":"EST","city_id":3255,"log_pop":3.9538551871,"log_mass":6.4125401034},{"country_iso":"EST","city_id":3255,"log_pop":4.1394175876,"log_mass":6.9114300565},{"country_iso":"EST","city_id":3255,"log_pop":2.8344720037,"log_mass":5.8063948948},{"country_iso":"EST","city_id":3255,"log_pop":4.1318377678,"log_mass":6.7241166704},{"country_iso":"EST","city_id":3255,"log_pop":3.3036681588,"log_mass":6.0970853364},{"country_iso":"EST","city_id":3255,"log_pop":4.2254995174,"log_mass":6.7301235072},{"country_iso":"EST","city_id":3255,"log_pop":3.7965786387,"log_mass":6.2813607539},{"country_iso":"EST","city_id":3255,"log_pop":2.9794842398,"log_mass":5.622171393},{"country_iso":"EST","city_id":3255,"log_pop":3.8064738259,"log_mass":6.4612086306},{"country_iso":"EST","city_id":3255,"log_pop":3.9825972504,"log_mass":6.6055262768},{"country_iso":"EST","city_id":3255,"log_pop":2.2328334861,"log_mass":5.1790998375},{"country_iso":"EST","city_id":3255,"log_pop":3.0047304199,"log_mass":5.6176408325},{"country_iso":"EST","city_id":3255,"log_pop":3.2327064401,"log_mass":6.0478785908},{"country_iso":"EST","city_id":3255,"log_pop":3.2411167029,"log_mass":6.0389320486},{"country_iso":"EST","city_id":3255,"log_pop":3.3833686198,"log_mass":6.0904670937},{"country_iso":"EST","city_id":3255,"log_pop":1.0661631172,"log_mass":4.3781171109},{"country_iso":"EST","city_id":3255,"log_pop":0.5562221578,"log_mass":4.0381620936},{"country_iso":"EST","city_id":3255,"log_pop":2.2070748279,"log_mass":5.1976528837},{"country_iso":"EST","city_id":3255,"log_pop":4.324600503,"log_mass":6.6228035671},{"country_iso":"EST","city_id":3255,"log_pop":3.859251239,"log_mass":6.4040328934},{"country_iso":"EST","city_id":3255,"log_pop":4.085762966,"log_mass":6.4665767802},{"country_iso":"EST","city_id":3255,"log_pop":4.1364201332,"log_mass":6.5392609903},{"country_iso":"EST","city_id":3255,"log_pop":4.0016012135,"log_mass":6.3629952154},{"country_iso":"EST","city_id":3255,"log_pop":3.6796097524,"log_mass":6.1630048988},{"country_iso":"EST","city_id":3255,"log_pop":4.0667184394,"log_mass":6.3427188307},{"country_iso":"EST","city_id":3255,"log_pop":2.104850487,"log_mass":5.0838517954},{"country_iso":"EST","city_id":3255,"log_pop":3.5282759461,"log_mass":6.2299016298},{"country_iso":"EST","city_id":3255,"log_pop":3.1307347133,"log_mass":6.0477466557},{"country_iso":"EST","city_id":3255,"log_pop":2.770452996,"log_mass":5.4742109462},{"country_iso":"EST","city_id":3334,"log_pop":0.347495351,"log_mass":4.0147423099},{"country_iso":"EST","city_id":3334,"log_pop":2.4092032833,"log_mass":5.2347773486},{"country_iso":"EST","city_id":3334,"log_pop":3.5418102483,"log_mass":6.1274564359},{"country_iso":"EST","city_id":3334,"log_pop":0.5261522042,"log_mass":3.4412565207},{"country_iso":"EST","city_id":3334,"log_pop":3.5254574847,"log_mass":6.1490350993},{"country_iso":"EST","city_id":3334,"log_pop":3.0179014614,"log_mass":5.8814585932},{"country_iso":"EST","city_id":3334,"log_pop":4.1588215094,"log_mass":6.5492928084},{"country_iso":"EST","city_id":3334,"log_pop":4.0187149846,"log_mass":6.5926205873},{"country_iso":"EST","city_id":3334,"log_pop":3.7426886234,"log_mass":6.3982676928},{"country_iso":"EST","city_id":3334,"log_pop":3.5172324205,"log_mass":6.1419188822},{"country_iso":"EST","city_id":3334,"log_pop":3.7934793712,"log_mass":6.1661643164},{"country_iso":"EST","city_id":3334,"log_pop":4.0177064884,"log_mass":6.5220038515},{"country_iso":"EST","city_id":3334,"log_pop":3.5434888413,"log_mass":5.9953344208},{"country_iso":"EST","city_id":3334,"log_pop":2.7491044784,"log_mass":5.5904947687}]