[{"country_iso":"AZE","city_id":5528,"log_pop":4.5613093092,"log_mass":6.6761137397},{"country_iso":"AZE","city_id":5528,"log_pop":4.5783016444,"log_mass":6.8042824035},{"country_iso":"AZE","city_id":5528,"log_pop":4.6463298178,"log_mass":6.8306783946},{"country_iso":"AZE","city_id":5528,"log_pop":4.8793673372,"log_mass":6.8324287208},{"country_iso":"AZE","city_id":5528,"log_pop":3.9711597159,"log_mass":6.403318751},{"country_iso":"AZE","city_id":5528,"log_pop":4.3639247405,"log_mass":6.7014575212},{"country_iso":"AZE","city_id":5528,"log_pop":3.5817957188,"log_mass":5.8404251661},{"country_iso":"AZE","city_id":5528,"log_pop":4.3497598854,"log_mass":6.5741250057},{"country_iso":"AZE","city_id":5528,"log_pop":3.7045791935,"log_mass":5.9885348597},{"country_iso":"AZE","city_id":5528,"log_pop":4.562413401,"log_mass":6.806062764},{"country_iso":"AZE","city_id":5528,"log_pop":4.4849189404,"log_mass":6.6752060364},{"country_iso":"AZE","city_id":5528,"log_pop":4.2704858605,"log_mass":6.7608242084},{"country_iso":"AZE","city_id":5528,"log_pop":3.5159577692,"log_mass":5.8590201316},{"country_iso":"AZE","city_id":5528,"log_pop":4.5332242085,"log_mass":6.822008395},{"country_iso":"AZE","city_id":5528,"log_pop":4.0136950818,"log_mass":6.1446663543},{"country_iso":"AZE","city_id":5528,"log_pop":4.5930733623,"log_mass":6.720472688},{"country_iso":"AZE","city_id":5528,"log_pop":3.6180200615,"log_mass":5.9128079588},{"country_iso":"AZE","city_id":5528,"log_pop":4.3167467944,"log_mass":6.5968896241},{"country_iso":"AZE","city_id":5528,"log_pop":3.6026356664,"log_mass":5.6797775681},{"country_iso":"AZE","city_id":5528,"log_pop":3.0431126779,"log_mass":5.3034136512},{"country_iso":"AZE","city_id":5528,"log_pop":4.420312048,"log_mass":6.728239673},{"country_iso":"AZE","city_id":5528,"log_pop":4.6236939641,"log_mass":6.8250948192},{"country_iso":"AZE","city_id":5528,"log_pop":3.3587899182,"log_mass":5.5494508462},{"country_iso":"AZE","city_id":5528,"log_pop":4.9625647041,"log_mass":6.9673217318},{"country_iso":"AZE","city_id":5528,"log_pop":4.7074062779,"log_mass":6.965722172},{"country_iso":"AZE","city_id":5528,"log_pop":3.8677622083,"log_mass":6.4518711646},{"country_iso":"AZE","city_id":5528,"log_pop":4.1643680411,"log_mass":6.6318373024},{"country_iso":"AZE","city_id":5528,"log_pop":4.2076025624,"log_mass":6.7082810986},{"country_iso":"AZE","city_id":5528,"log_pop":3.3375862783,"log_mass":5.8711677511},{"country_iso":"AZE","city_id":5528,"log_pop":4.2655500049,"log_mass":6.7061441125},{"country_iso":"AZE","city_id":5528,"log_pop":3.337564428,"log_mass":6.3367851845},{"country_iso":"AZE","city_id":5528,"log_pop":3.9637690301,"log_mass":6.4573522675},{"country_iso":"AZE","city_id":5528,"log_pop":1.5566571836,"log_mass":4.6765617757},{"country_iso":"AZE","city_id":5528,"log_pop":3.6614446724,"log_mass":6.0982251157},{"country_iso":"AZE","city_id":5528,"log_pop":3.7161679629,"log_mass":6.1928761164},{"country_iso":"AZE","city_id":5528,"log_pop":4.1990719359,"log_mass":6.5995999088},{"country_iso":"AZE","city_id":5528,"log_pop":4.3326155088,"log_mass":6.658250736},{"country_iso":"AZE","city_id":5528,"log_pop":2.8168406662,"log_mass":5.4709264441},{"country_iso":"AZE","city_id":5528,"log_pop":4.0835362337,"log_mass":6.5514928336},{"country_iso":"AZE","city_id":5528,"log_pop":-0.1851807316,"log_mass":3.0790308272},{"country_iso":"AZE","city_id":5528,"log_pop":4.0983926798,"log_mass":6.397307677},{"country_iso":"AZE","city_id":5528,"log_pop":1.8565373577,"log_mass":4.4633475622},{"country_iso":"AZE","city_id":5528,"log_pop":4.3269904555,"log_mass":6.6218441945},{"country_iso":"AZE","city_id":5528,"log_pop":4.0424626075,"log_mass":6.5083287771},{"country_iso":"AZE","city_id":5528,"log_pop":4.5063426335,"log_mass":6.7346707116},{"country_iso":"AZE","city_id":5528,"log_pop":3.896959158,"log_mass":6.5596953205},{"country_iso":"AZE","city_id":5528,"log_pop":4.2413850433,"log_mass":6.4594885111},{"country_iso":"AZE","city_id":5528,"log_pop":4.1931777181,"log_mass":6.4901955028},{"country_iso":"AZE","city_id":5528,"log_pop":4.2109923054,"log_mass":6.4297727955},{"country_iso":"AZE","city_id":5528,"log_pop":2.8208478666,"log_mass":5.7226154393},{"country_iso":"AZE","city_id":5528,"log_pop":3.1428928961,"log_mass":6.2567479214},{"country_iso":"AZE","city_id":5528,"log_pop":3.4392327492,"log_mass":6.1642778472},{"country_iso":"AZE","city_id":5528,"log_pop":3.6165407837,"log_mass":5.8968417363},{"country_iso":"AZE","city_id":5528,"log_pop":1.5335201204,"log_mass":4.2027824903},{"country_iso":"AZE","city_id":5528,"log_pop":3.218546872,"log_mass":5.4093395298},{"country_iso":"AZE","city_id":5528,"log_pop":2.7242804581,"log_mass":5.2344849113},{"country_iso":"AZE","city_id":5528,"log_pop":3.878408074,"log_mass":6.3283736625},{"country_iso":"AZE","city_id":5528,"log_pop":3.072373053,"log_mass":5.4946983059},{"country_iso":"AZE","city_id":5528,"log_pop":3.9571361994,"log_mass":6.172578891},{"country_iso":"AZE","city_id":5528,"log_pop":3.7468593427,"log_mass":5.9486686815},{"country_iso":"AZE","city_id":5528,"log_pop":3.6639701481,"log_mass":6.1817401173},{"country_iso":"AZE","city_id":5528,"log_pop":2.9359542163,"log_mass":5.6851860272},{"country_iso":"AZE","city_id":5528,"log_pop":3.3418451788,"log_mass":5.8245346999},{"country_iso":"AZE","city_id":5528,"log_pop":1.6005965685,"log_mass":4.3757480836},{"country_iso":"AZE","city_id":5528,"log_pop":4.3957153219,"log_mass":6.7380668726},{"country_iso":"AZE","city_id":5528,"log_pop":3.4404653833,"log_mass":6.1432843963},{"country_iso":"AZE","city_id":5528,"log_pop":3.9960128908,"log_mass":6.3311505928},{"country_iso":"AZE","city_id":5528,"log_pop":4.5390865077,"log_mass":6.7056193639},{"country_iso":"AZE","city_id":5528,"log_pop":4.4459378094,"log_mass":6.8118976122},{"country_iso":"AZE","city_id":5528,"log_pop":4.6035218806,"log_mass":6.726103776},{"country_iso":"AZE","city_id":5528,"log_pop":4.5554340605,"log_mass":6.7536195889},{"country_iso":"AZE","city_id":5528,"log_pop":4.5651213588,"log_mass":6.7050810965},{"country_iso":"AZE","city_id":5528,"log_pop":4.5692353033,"log_mass":6.7661430263},{"country_iso":"AZE","city_id":5528,"log_pop":4.5764936394,"log_mass":6.7445972715},{"country_iso":"AZE","city_id":5528,"log_pop":3.8451007204,"log_mass":6.5454439348},{"country_iso":"AZE","city_id":5528,"log_pop":1.6151368806,"log_mass":4.3839747472},{"country_iso":"AZE","city_id":5528,"log_pop":3.0277884563,"log_mass":5.7116905153},{"country_iso":"AZE","city_id":5528,"log_pop":3.9211767506,"log_mass":6.7002643755},{"country_iso":"AZE","city_id":5528,"log_pop":3.83087173,"log_mass":6.5629525924},{"country_iso":"AZE","city_id":5528,"log_pop":4.0247311413,"log_mass":6.6746845198},{"country_iso":"AZE","city_id":5528,"log_pop":4.0110053475,"log_mass":6.223432304},{"country_iso":"AZE","city_id":5528,"log_pop":1.844714674,"log_mass":4.3188086502},{"country_iso":"AZE","city_id":5528,"log_pop":2.9007549526,"log_mass":5.4115499621},{"country_iso":"AZE","city_id":5528,"log_pop":1.2300010488,"log_mass":4.4663281713},{"country_iso":"AZE","city_id":5528,"log_pop":3.7711316344,"log_mass":6.2401710553},{"country_iso":"AZE","city_id":5528,"log_pop":2.4245819575,"log_mass":4.8445718563},{"country_iso":"AZE","city_id":5528,"log_pop":2.88131377,"log_mass":5.2880212966},{"country_iso":"AZE","city_id":5528,"log_pop":0.5486288538,"log_mass":3.0454862118},{"country_iso":"AZE","city_id":5513,"log_pop":4.084650658,"log_mass":6.3219163701},{"country_iso":"AZE","city_id":5513,"log_pop":1.5579854186,"log_mass":5.2126933166},{"country_iso":"AZE","city_id":5513,"log_pop":1.841397421,"log_mass":4.2207897847},{"country_iso":"AZE","city_id":5513,"log_pop":3.86734653,"log_mass":6.3073114176},{"country_iso":"AZE","city_id":5513,"log_pop":2.099578283,"log_mass":4.1244860187},{"country_iso":"AZE","city_id":5513,"log_pop":2.8882700557,"log_mass":5.3018596722},{"country_iso":"AZE","city_id":5513,"log_pop":3.4138679281,"log_mass":5.847784213},{"country_iso":"AZE","city_id":5513,"log_pop":1.294928582,"log_mass":4.8519844365},{"country_iso":"AZE","city_id":5513,"log_pop":3.9176689735,"log_mass":6.357680462},{"country_iso":"AZE","city_id":5513,"log_pop":4.209799943,"log_mass":6.6459773367},{"country_iso":"AZE","city_id":5513,"log_pop":4.0225621767,"log_mass":6.2363638687},{"country_iso":"AZE","city_id":5513,"log_pop":4.1494066908,"log_mass":6.4929373363},{"country_iso":"AZE","city_id":5513,"log_pop":2.3664108852,"log_mass":4.9809388113},{"country_iso":"AZE","city_id":5513,"log_pop":3.912578465,"log_mass":6.4851675453},{"country_iso":"AZE","city_id":5513,"log_pop":3.1415425539,"log_mass":5.3258003416},{"country_iso":"AZE","city_id":5513,"log_pop":0.2754835264,"log_mass":4.2981841917},{"country_iso":"AZE","city_id":5513,"log_pop":3.0631988356,"log_mass":5.5254328381},{"country_iso":"AZE","city_id":5513,"log_pop":2.5810498199,"log_mass":4.786289984},{"country_iso":"AZE","city_id":5513,"log_pop":2.8538174303,"log_mass":6.0614458491},{"country_iso":"AZE","city_id":5513,"log_pop":2.6904436889,"log_mass":5.84189087},{"country_iso":"AZE","city_id":5513,"log_pop":3.0011136812,"log_mass":5.4176099008},{"country_iso":"AZE","city_id":5513,"log_pop":3.0803000366,"log_mass":5.5798960659},{"country_iso":"AZE","city_id":5513,"log_pop":4.1154046535,"log_mass":6.3871369617},{"country_iso":"AZE","city_id":5513,"log_pop":3.9029097993,"log_mass":6.360729658},{"country_iso":"AZE","city_id":5513,"log_pop":4.4567673181,"log_mass":6.7277373767},{"country_iso":"AZE","city_id":5513,"log_pop":3.5654789754,"log_mass":6.0520397589},{"country_iso":"AZE","city_id":5513,"log_pop":3.9767345692,"log_mass":6.6221797531},{"country_iso":"AZE","city_id":5513,"log_pop":3.5107151369,"log_mass":5.9685277984},{"country_iso":"AZE","city_id":5513,"log_pop":3.767832993,"log_mass":6.4946911082},{"country_iso":"AZE","city_id":5513,"log_pop":4.1176338703,"log_mass":6.396020498},{"country_iso":"AZE","city_id":5513,"log_pop":4.3403646703,"log_mass":6.6122459983},{"country_iso":"AZE","city_id":5513,"log_pop":3.2829223957,"log_mass":5.8901907318},{"country_iso":"AZE","city_id":5253,"log_pop":2.4807658413,"log_mass":4.8083370161},{"country_iso":"AZE","city_id":5253,"log_pop":3.5507093918,"log_mass":5.9133782023},{"country_iso":"AZE","city_id":5253,"log_pop":4.5023619147,"log_mass":6.7196491106},{"country_iso":"AZE","city_id":5253,"log_pop":2.4757900387,"log_mass":5.8060203271},{"country_iso":"AZE","city_id":5253,"log_pop":3.8999233504,"log_mass":6.3501913947},{"country_iso":"AZE","city_id":5253,"log_pop":2.9535801691,"log_mass":5.3973377409},{"country_iso":"AZE","city_id":5253,"log_pop":2.1056311882,"log_mass":4.6359584344},{"country_iso":"AZE","city_id":5253,"log_pop":4.6085181182,"log_mass":6.7928827755},{"country_iso":"AZE","city_id":5253,"log_pop":4.3987489034,"log_mass":6.7568953143},{"country_iso":"AZE","city_id":5253,"log_pop":3.1692629452,"log_mass":6.6561739048},{"country_iso":"AZE","city_id":5253,"log_pop":3.3023903574,"log_mass":6.7504583997},{"country_iso":"AZE","city_id":5253,"log_pop":4.050748628,"log_mass":6.1088973964},{"country_iso":"AZE","city_id":5253,"log_pop":4.495079647,"log_mass":6.6173423956},{"country_iso":"AZE","city_id":5253,"log_pop":4.2335356718,"log_mass":6.5039799417},{"country_iso":"AZE","city_id":5253,"log_pop":1.2173582764,"log_mass":4.6686138015},{"country_iso":"AZE","city_id":5253,"log_pop":2.7678289604,"log_mass":6.3253281177},{"country_iso":"AZE","city_id":5253,"log_pop":2.9513987188,"log_mass":6.3816044171},{"country_iso":"AZE","city_id":5253,"log_pop":2.9718767497,"log_mass":6.4029502845},{"country_iso":"AZE","city_id":5253,"log_pop":1.9563675638,"log_mass":5.6688413143},{"country_iso":"AZE","city_id":5325,"log_pop":3.3221948426,"log_mass":6.2724287084},{"country_iso":"AZE","city_id":5325,"log_pop":2.0425297209,"log_mass":5.0386306321},{"country_iso":"AZE","city_id":5325,"log_pop":3.2987018338,"log_mass":6.1463955741},{"country_iso":"AZE","city_id":5325,"log_pop":2.4777373838,"log_mass":5.4213353882},{"country_iso":"AZE","city_id":5325,"log_pop":3.5862127018,"log_mass":6.4542212056},{"country_iso":"AZE","city_id":5325,"log_pop":1.01718925,"log_mass":4.0617093254},{"country_iso":"AZE","city_id":5325,"log_pop":1.6853825108,"log_mass":4.5615231731},{"country_iso":"AZE","city_id":5325,"log_pop":3.4057924865,"log_mass":6.3248200375},{"country_iso":"AZE","city_id":5325,"log_pop":2.7853574507,"log_mass":5.5850345314},{"country_iso":"AZE","city_id":5330,"log_pop":3.4972067372,"log_mass":5.9220405334},{"country_iso":"AZE","city_id":5330,"log_pop":4.0422061253,"log_mass":6.2062096959},{"country_iso":"AZE","city_id":5330,"log_pop":2.6625502327,"log_mass":5.8269402685},{"country_iso":"AZE","city_id":5330,"log_pop":3.3605662285,"log_mass":6.4978658663},{"country_iso":"AZE","city_id":5330,"log_pop":0.8634170432,"log_mass":4.0851139889},{"country_iso":"AZE","city_id":5330,"log_pop":2.7847184103,"log_mass":6.0047742656},{"country_iso":"AZE","city_id":5330,"log_pop":3.7397871176,"log_mass":6.0105084819},{"country_iso":"AZE","city_id":5330,"log_pop":3.9766482424,"log_mass":6.2902680455},{"country_iso":"AZE","city_id":5330,"log_pop":3.0623141613,"log_mass":5.5505374008},{"country_iso":"AZE","city_id":5495,"log_pop":-0.1474986789,"log_mass":2.378385989},{"country_iso":"AZE","city_id":5495,"log_pop":2.7336318367,"log_mass":4.9741068757},{"country_iso":"AZE","city_id":5495,"log_pop":3.943212184,"log_mass":6.3140924422},{"country_iso":"AZE","city_id":5495,"log_pop":2.6440964512,"log_mass":5.7781877653},{"country_iso":"AZE","city_id":5495,"log_pop":3.5765957101,"log_mass":5.6951976507},{"country_iso":"AZE","city_id":5495,"log_pop":2.802408024,"log_mass":5.9038112043},{"country_iso":"AZE","city_id":5495,"log_pop":1.8842639091,"log_mass":5.037705671},{"country_iso":"AZE","city_id":5495,"log_pop":4.0382821528,"log_mass":6.2065204174},{"country_iso":"AZE","city_id":5495,"log_pop":3.5771840931,"log_mass":5.7358359229},{"country_iso":"AZE","city_id":5372,"log_pop":1.1021728076,"log_mass":3.6395064727},{"country_iso":"AZE","city_id":5372,"log_pop":2.7483308578,"log_mass":5.2862913124},{"country_iso":"AZE","city_id":5372,"log_pop":2.7388109356,"log_mass":5.3117588774},{"country_iso":"AZE","city_id":5372,"log_pop":1.4661994749,"log_mass":4.1130705782},{"country_iso":"AZE","city_id":5372,"log_pop":2.0935322928,"log_mass":4.6183290001},{"country_iso":"AZE","city_id":5372,"log_pop":2.4471466028,"log_mass":5.0043066023},{"country_iso":"AZE","city_id":5372,"log_pop":1.8414502924,"log_mass":4.4011038832},{"country_iso":"AZE","city_id":5372,"log_pop":2.6986635251,"log_mass":5.2961976565},{"country_iso":"AZE","city_id":5372,"log_pop":2.4990892211,"log_mass":5.1730156548},{"country_iso":"AZE","city_id":5524,"log_pop":0.534981452,"log_mass":3.8162702185},{"country_iso":"AZE","city_id":5524,"log_pop":1.6323952475,"log_mass":4.7691996992},{"country_iso":"AZE","city_id":5524,"log_pop":3.1304567086,"log_mass":5.8637642184},{"country_iso":"AZE","city_id":5524,"log_pop":1.1595126785,"log_mass":4.2463787491},{"country_iso":"AZE","city_id":5524,"log_pop":1.6179857965,"log_mass":4.664087264},{"country_iso":"AZE","city_id":5524,"log_pop":2.3573581095,"log_mass":4.8442404768},{"country_iso":"AZE","city_id":5524,"log_pop":3.4421564922,"log_mass":6.2025337891},{"country_iso":"AZE","city_id":5524,"log_pop":2.3437575774,"log_mass":4.8645789339},{"country_iso":"AZE","city_id":5524,"log_pop":2.3172182731,"log_mass":5.0311245027},{"country_iso":"AZE","city_id":5205,"log_pop":1.3765845485,"log_mass":4.1157760722},{"country_iso":"AZE","city_id":5205,"log_pop":3.3604776623,"log_mass":6.4137643597},{"country_iso":"AZE","city_id":5205,"log_pop":0.7847519872,"log_mass":5.0166557203},{"country_iso":"AZE","city_id":5205,"log_pop":3.0511264963,"log_mass":5.5850943581},{"country_iso":"AZE","city_id":5205,"log_pop":2.0525663562,"log_mass":4.8987969736},{"country_iso":"AZE","city_id":5205,"log_pop":2.3883629575,"log_mass":3.9453937992},{"country_iso":"AZE","city_id":5205,"log_pop":3.3663667894,"log_mass":5.5412798169},{"country_iso":"AZE","city_id":5205,"log_pop":0.4599882999,"log_mass":4.459804257},{"country_iso":"AZE","city_id":5365,"log_pop":3.3704815756,"log_mass":6.5020231573},{"country_iso":"AZE","city_id":5365,"log_pop":3.3016542408,"log_mass":6.4746295071},{"country_iso":"AZE","city_id":5365,"log_pop":2.5843428866,"log_mass":5.7092374619},{"country_iso":"AZE","city_id":5365,"log_pop":2.9635172124,"log_mass":6.0551679464},{"country_iso":"AZE","city_id":5365,"log_pop":2.8816530194,"log_mass":6.0767847755},{"country_iso":"AZE","city_id":5365,"log_pop":2.1507837443,"log_mass":5.3155277102},{"country_iso":"AZE","city_id":5365,"log_pop":2.5663712451,"log_mass":5.6441272754},{"country_iso":"AZE","city_id":5365,"log_pop":0.3805726349,"log_mass":3.4015142084},{"country_iso":"AZE","city_id":5468,"log_pop":1.6991771017,"log_mass":4.6730282315},{"country_iso":"AZE","city_id":5468,"log_pop":3.3876610693,"log_mass":6.1564338927},{"country_iso":"AZE","city_id":5468,"log_pop":2.6298407049,"log_mass":5.3520279078},{"country_iso":"AZE","city_id":5468,"log_pop":2.7640061978,"log_mass":5.6350399},{"country_iso":"AZE","city_id":5468,"log_pop":2.2651647242,"log_mass":4.8131921121},{"country_iso":"AZE","city_id":5468,"log_pop":1.2623741672,"log_mass":3.7901896511},{"country_iso":"AZE","city_id":5468,"log_pop":3.2210668869,"log_mass":5.9210725948},{"country_iso":"AZE","city_id":5438,"log_pop":1.0815166889,"log_mass":4.26992993},{"country_iso":"AZE","city_id":5438,"log_pop":1.3377105931,"log_mass":4.1126387813},{"country_iso":"AZE","city_id":5438,"log_pop":1.9612881699,"log_mass":4.937966928},{"country_iso":"AZE","city_id":5438,"log_pop":3.2772682302,"log_mass":6.2331891833},{"country_iso":"AZE","city_id":5438,"log_pop":2.5782685798,"log_mass":5.430959609},{"country_iso":"AZE","city_id":5438,"log_pop":1.6269750197,"log_mass":4.4143664246},{"country_iso":"AZE","city_id":5438,"log_pop":0.2292390261,"log_mass":3.5207814595},{"country_iso":"AZE","city_id":5461,"log_pop":2.7370798634,"log_mass":5.2700443379},{"country_iso":"AZE","city_id":5461,"log_pop":2.2744897658,"log_mass":5.0219519393},{"country_iso":"AZE","city_id":5461,"log_pop":2.4204891157,"log_mass":5.0454716845},{"country_iso":"AZE","city_id":5461,"log_pop":1.3667799856,"log_mass":4.5976083684},{"country_iso":"AZE","city_id":5461,"log_pop":3.0917051042,"log_mass":5.7376688381},{"country_iso":"AZE","city_id":5505,"log_pop":0.621585488,"log_mass":4.0431408526},{"country_iso":"AZE","city_id":5505,"log_pop":2.3681168644,"log_mass":5.4486271248},{"country_iso":"AZE","city_id":5505,"log_pop":2.327620595,"log_mass":5.4506995431},{"country_iso":"AZE","city_id":5505,"log_pop":1.8124456729,"log_mass":5.4360832839},{"country_iso":"AZE","city_id":5505,"log_pop":-0.6904709321,"log_mass":4.3587624572},{"country_iso":"AZE","city_id":5486,"log_pop":1.1750630555,"log_mass":5.3013303068},{"country_iso":"AZE","city_id":5486,"log_pop":2.5583836144,"log_mass":5.4569663898},{"country_iso":"AZE","city_id":5486,"log_pop":0.7482802322,"log_mass":4.406409534},{"country_iso":"AZE","city_id":5486,"log_pop":0.4535185141,"log_mass":5.0034155023},{"country_iso":"AZE","city_id":5486,"log_pop":2.1532290618,"log_mass":5.7659562677},{"country_iso":"AZE","city_id":5457,"log_pop":1.6266538109,"log_mass":4.9229727843},{"country_iso":"AZE","city_id":5457,"log_pop":2.1102782135,"log_mass":4.9502594889},{"country_iso":"AZE","city_id":5457,"log_pop":2.1467492637,"log_mass":4.8033230773},{"country_iso":"AZE","city_id":5457,"log_pop":2.2535328686,"log_mass":5.0384550108}]