[{"country_iso": "PER", "city_id": 528, "log_pop": 1.693711, "log_mass": 4.600786, "log_pop_c": -2.455925, "log_mass_c": -1.581149}, {"country_iso": "PER", "city_id": 528, "log_pop": 4.804846, "log_mass": 6.570031, "log_pop_c": 0.65521, "log_mass_c": 0.388097}, {"country_iso": "PER", "city_id": 622, "log_pop": 3.86511, "log_mass": 6.106553, "log_pop_c": 0.175588, "log_mass_c": 0.213408}, {"country_iso": "PER", "city_id": 421, "log_pop": 4.212992, "log_mass": 6.117138, "log_pop_c": 0.948462, "log_mass_c": 0.736956}, {"country_iso": "PER", "city_id": 753, "log_pop": 4.245093, "log_mass": 6.184998, "log_pop_c": 0.812118, "log_mass_c": 0.601753}, {"country_iso": "PER", "city_id": 753, "log_pop": 4.197998, "log_mass": 6.250594, "log_pop_c": 0.765023, "log_mass_c": 0.66735}, {"country_iso": "PER", "city_id": 753, "log_pop": 2.746236, "log_mass": 4.989795, "log_pop_c": -0.686739, "log_mass_c": -0.593449}, {"country_iso": "PER", "city_id": 466, "log_pop": 4.408972, "log_mass": 6.393752, "log_pop_c": 1.246053, "log_mass_c": 0.972672}, {"country_iso": "PER", "city_id": 528, "log_pop": 1.643441, "log_mass": 4.030379, "log_pop_c": -2.506195, "log_mass_c": -2.151556}, {"country_iso": "PER", "city_id": 622, "log_pop": 4.38759, "log_mass": 6.51979, "log_pop_c": 0.698068, "log_mass_c": 0.626645}, {"country_iso": "PER", "city_id": 753, "log_pop": 3.379101, "log_mass": 5.443248, "log_pop_c": -0.053873, "log_mass_c": -0.139996}, {"country_iso": "PER", "city_id": 528, "log_pop": 4.843009, "log_mass": 6.5985, "log_pop_c": 0.693373, "log_mass_c": 0.416566}, {"country_iso": "PER", "city_id": 528, "log_pop": 4.96261, "log_mass": 6.768781, "log_pop_c": 0.812974, "log_mass_c": 0.586846}, {"country_iso": "PER", "city_id": 528, "log_pop": 4.311104, "log_mass": 6.391223, "log_pop_c": 0.161468, "log_mass_c": 0.209289}, {"country_iso": "PER", "city_id": 788, "log_pop": 4.618415, "log_mass": 6.601347, "log_pop_c": 1.423996, "log_mass_c": 1.208836}, {"country_iso": "PER", "city_id": 528, "log_pop": 4.85655, "log_mass": 6.731639, "log_pop_c": 0.706914, "log_mass_c": 0.549704}, {"country_iso": "PER", "city_id": 528, "log_pop": 3.829096, "log_mass": 6.056169, "log_pop_c": -0.32054, "log_mass_c": -0.125766}, {"country_iso": "PER", "city_id": 622, "log_pop": 2.41737, "log_mass": 4.630915, "log_pop_c": -1.272151, "log_mass_c": -1.262231}, {"country_iso": "PER", "city_id": 753, "log_pop": 4.418328, "log_mass": 6.534879, "log_pop_c": 0.985353, "log_mass_c": 0.951634}, {"country_iso": "PER", "city_id": 528, "log_pop": 4.874222, "log_mass": 6.722417, "log_pop_c": 0.724586, "log_mass_c": 0.540483}, {"country_iso": "PER", "city_id": 528, "log_pop": 4.266645, "log_mass": 6.44408, "log_pop_c": 0.117009, "log_mass_c": 0.262146}, {"country_iso": "PER", "city_id": 528, "log_pop": 2.914062, "log_mass": 5.281635, "log_pop_c": -1.235574, "log_mass_c": -0.900299}, {"country_iso": "PER", "city_id": 466, "log_pop": 4.249872, "log_mass": 6.276401, "log_pop_c": 1.086953, "log_mass_c": 0.855321}, {"country_iso": "PER", "city_id": 723, "log_pop": 4.573809, "log_mass": 6.545618, "log_pop_c": 0.73583, "log_mass_c": 0.625038}, {"country_iso": "PER", "city_id": 528, "log_pop": 4.991871, "log_mass": 6.731015, "log_pop_c": 0.842235, "log_mass_c": 0.549081}, {"country_iso": "PER", "city_id": 528, "log_pop": 2.380781, "log_mass": 4.629048, "log_pop_c": -1.768855, "log_mass_c": -1.552886}, {"country_iso": "PER", "city_id": 528, "log_pop": 3.792087, "log_mass": 6.080173, "log_pop_c": -0.357549, "log_mass_c": -0.101761}, {"country_iso": "PER", "city_id": 528, "log_pop": 4.716502, "log_mass": 6.479207, "log_pop_c": 0.566866, "log_mass_c": 0.297273}, {"country_iso": "PER", "city_id": 528, "log_pop": 4.217956, "log_mass": 6.398999, "log_pop_c": 0.06832, "log_mass_c": 0.217065}, {"country_iso": "PER", "city_id": 528, "log_pop": 3.879997, "log_mass": 6.486422, "log_pop_c": -0.269639, "log_mass_c": 0.304487}, {"country_iso": "PER", "city_id": 528, "log_pop": 4.540179, "log_mass": 6.626279, "log_pop_c": 0.390543, "log_mass_c": 0.444345}, {"country_iso": "PER", "city_id": 528, "log_pop": 5.055375, "log_mass": 6.673678, "log_pop_c": 0.905739, "log_mass_c": 0.491744}, {"country_iso": "PER", "city_id": 622, "log_pop": 3.024254, "log_mass": 5.083113, "log_pop_c": -0.665267, "log_mass_c": -0.810033}, {"country_iso": "PER", "city_id": 528, "log_pop": 4.720561, "log_mass": 6.679097, "log_pop_c": 0.570925, "log_mass_c": 0.497162}, {"country_iso": "PER", "city_id": 528, "log_pop": 2.036602, "log_mass": 4.40904, "log_pop_c": -2.113034, "log_mass_c": -1.772894}, {"country_iso": "PER", "city_id": 528, "log_pop": 4.843551, "log_mass": 6.759898, "log_pop_c": 0.693915, "log_mass_c": 0.577963}, {"country_iso": "PER", "city_id": 788, "log_pop": 1.895718, "log_mass": 4.599374, "log_pop_c": -1.298702, "log_mass_c": -0.793137}, {"country_iso": "PER", "city_id": 528, "log_pop": 2.583306, "log_mass": 5.016543, "log_pop_c": -1.56633, "log_mass_c": -1.165391}, {"country_iso": "PER", "city_id": 723, "log_pop": 3.485059, "log_mass": 5.53404, "log_pop_c": -0.35292, "log_mass_c": -0.38654}, {"country_iso": "PER", "city_id": 421, "log_pop": 2.70517, "log_mass": 5.422511, "log_pop_c": -0.55936, "log_mass_c": 0.042329}, {"country_iso": "PER", "city_id": 800, "log_pop": 0.556133, "log_mass": 3.10391, "log_pop_c": -2.210115, "log_mass_c": -1.795719}, {"country_iso": "PER", "city_id": 753, "log_pop": 3.956616, "log_mass": 5.945026, "log_pop_c": 0.523641, "log_mass_c": 0.361782}, {"country_iso": "PER", "city_id": 753, "log_pop": 1.958669, "log_mass": 4.344732, "log_pop_c": -1.474305, "log_mass_c": -1.238512}, {"country_iso": "PER", "city_id": 528, "log_pop": 4.691001, "log_mass": 6.621058, "log_pop_c": 0.541365, "log_mass_c": 0.439124}, {"country_iso": "PER", "city_id": 723, "log_pop": 3.300883, "log_mass": 5.294011, "log_pop_c": -0.537096, "log_mass_c": -0.626569}, {"country_iso": "PER", "city_id": 528, "log_pop": 4.847299, "log_mass": 6.851029, "log_pop_c": 0.697663, "log_mass_c": 0.669094}, {"country_iso": "PER", "city_id": 622, "log_pop": 4.285486, "log_mass": 6.421793, "log_pop_c": 0.595964, "log_mass_c": 0.528647}, {"country_iso": "PER", "city_id": 528, "log_pop": 5.047953, "log_mass": 6.612044, "log_pop_c": 0.898317, "log_mass_c": 0.430109}, {"country_iso": "PER", "city_id": 528, "log_pop": 5.037218, "log_mass": 6.68488, "log_pop_c": 0.887582, "log_mass_c": 0.502946}, {"country_iso": "PER", "city_id": 528, "log_pop": 3.789369, "log_mass": 5.537139, "log_pop_c": -0.360267, "log_mass_c": -0.644796}, {"country_iso": "PER", "city_id": 528, "log_pop": 4.919586, "log_mass": 6.654075, "log_pop_c": 0.76995, "log_mass_c": 0.47214}, {"country_iso": "PER", "city_id": 442, "log_pop": 2.111259, "log_mass": 3.952589, "log_pop_c": -0.801225, "log_mass_c": -1.193112}, {"country_iso": "PER", "city_id": 788, "log_pop": 4.505969, "log_mass": 6.441789, "log_pop_c": 1.31155, "log_mass_c": 1.049278}, {"country_iso": "PER", "city_id": 528, "log_pop": 2.601735, "log_mass": 4.472822, "log_pop_c": -1.547901, "log_mass_c": -1.709113}, {"country_iso": "PER", "city_id": 528, "log_pop": 4.152754, "log_mass": 6.376492, "log_pop_c": 0.003118, "log_mass_c": 0.194558}, {"country_iso": "PER", "city_id": 528, "log_pop": 2.863591, "log_mass": 5.438805, "log_pop_c": -1.286045, "log_mass_c": -0.74313}, {"country_iso": "PER", "city_id": 528, "log_pop": 3.799187, "log_mass": 5.950459, "log_pop_c": -0.350449, "log_mass_c": -0.231475}, {"country_iso": "PER", "city_id": 528, "log_pop": 3.260549, "log_mass": 5.196756, "log_pop_c": -0.889087, "log_mass_c": -0.985179}, {"country_iso": "PER", "city_id": 528, "log_pop": 4.181759, "log_mass": 5.970335, "log_pop_c": 0.032123, "log_mass_c": -0.211599}, {"country_iso": "PER", "city_id": 466, "log_pop": 1.697345, "log_mass": 4.071293, "log_pop_c": -1.465573, "log_mass_c": -1.349787}, {"country_iso": "PER", "city_id": 528, "log_pop": 3.816466, "log_mass": 6.055302, "log_pop_c": -0.33317, "log_mass_c": -0.126632}, {"country_iso": "PER", "city_id": 528, "log_pop": 4.069438, "log_mass": 5.929301, "log_pop_c": -0.080198, "log_mass_c": -0.252633}, {"country_iso": "PER", "city_id": 753, "log_pop": 4.105954, "log_mass": 6.109741, "log_pop_c": 0.672979, "log_mass_c": 0.526497}, {"country_iso": "PER", "city_id": 528, "log_pop": 5.020892, "log_mass": 6.678034, "log_pop_c": 0.871256, "log_mass_c": 0.4961}, {"country_iso": "PER", "city_id": 753, "log_pop": 4.100863, "log_mass": 6.155073, "log_pop_c": 0.667888, "log_mass_c": 0.571829}, {"country_iso": "PER", "city_id": 528, "log_pop": 4.625585, "log_mass": 6.567486, "log_pop_c": 0.475949, "log_mass_c": 0.385552}, {"country_iso": "PER", "city_id": 528, "log_pop": 4.905087, "log_mass": 6.675309, "log_pop_c": 0.755451, "log_mass_c": 0.493374}, {"country_iso": "PER", "city_id": 528, "log_pop": 5.063706, "log_mass": 6.729899, "log_pop_c": 0.91407, "log_mass_c": 0.547964}, {"country_iso": "PER", "city_id": 723, "log_pop": 4.178754, "log_mass": 6.18487, "log_pop_c": 0.340775, "log_mass_c": 0.26429}, {"country_iso": "PER", "city_id": 528, "log_pop": 4.523751, "log_mass": 6.386678, "log_pop_c": 0.374115, "log_mass_c": 0.204744}, {"country_iso": "PER", "city_id": 622, "log_pop": 2.991399, "log_mass": 5.384314, "log_pop_c": -0.698123, "log_mass_c": -0.508832}, {"country_iso": "PER", "city_id": 723, "log_pop": 4.797007, "log_mass": 6.660372, "log_pop_c": 0.959028, "log_mass_c": 0.739792}, {"country_iso": "PER", "city_id": 528, "log_pop": 3.231718, "log_mass": 4.901981, "log_pop_c": -0.917918, "log_mass_c": -1.279954}, {"country_iso": "PER", "city_id": 753, "log_pop": 4.03326, "log_mass": 6.138003, "log_pop_c": 0.600285, "log_mass_c": 0.554759}, {"country_iso": "PER", "city_id": 753, "log_pop": 4.31502, "log_mass": 6.2174, "log_pop_c": 0.882046, "log_mass_c": 0.634156}, {"country_iso": "PER", "city_id": 788, "log_pop": 2.172195, "log_mass": 4.312416, "log_pop_c": -1.022224, "log_mass_c": -1.080096}, {"country_iso": "PER", "city_id": 528, "log_pop": 4.634026, "log_mass": 6.430234, "log_pop_c": 0.48439, "log_mass_c": 0.248299}, {"country_iso": "PER", "city_id": 528, "log_pop": 3.796311, "log_mass": 6.143418, "log_pop_c": -0.353325, "log_mass_c": -0.038517}, {"country_iso": "PER", "city_id": 528, "log_pop": 3.580336, "log_mass": 5.678861, "log_pop_c": -0.5693, "log_mass_c": -0.503073}, {"country_iso": "PER", "city_id": 466, "log_pop": 2.682674, "log_mass": 4.644506, "log_pop_c": -0.480245, "log_mass_c": -0.776574}, {"country_iso": "PER", "city_id": 528, "log_pop": 4.407404, "log_mass": 6.333621, "log_pop_c": 0.257768, "log_mass_c": 0.151686}, {"country_iso": "PER", "city_id": 753, "log_pop": 4.495928, "log_mass": 6.392172, "log_pop_c": 1.062953, "log_mass_c": 0.808928}, {"country_iso": "PER", "city_id": 442, "log_pop": 3.303065, "log_mass": 5.242355, "log_pop_c": 0.390581, "log_mass_c": 0.096655}, {"country_iso": "PER", "city_id": 528, "log_pop": 4.397553, "log_mass": 6.422887, "log_pop_c": 0.247917, "log_mass_c": 0.240953}, {"country_iso": "PER", "city_id": 528, "log_pop": 2.640954, "log_mass": 5.154934, "log_pop_c": -1.508682, "log_mass_c": -1.027001}, {"country_iso": "PER", "city_id": 528, "log_pop": 4.6354, "log_mass": 6.470987, "log_pop_c": 0.485764, "log_mass_c": 0.289052}, {"country_iso": "PER", "city_id": 528, "log_pop": 2.828489, "log_mass": 5.705685, "log_pop_c": -1.321147, "log_mass_c": -0.476249}, {"country_iso": "PER", "city_id": 528, "log_pop": 4.914393, "log_mass": 6.531924, "log_pop_c": 0.764757, "log_mass_c": 0.34999}, {"country_iso": "PER", "city_id": 442, "log_pop": 3.086669, "log_mass": 5.127888, "log_pop_c": 0.174185, "log_mass_c": -0.017812}, {"country_iso": "PER", "city_id": 528, "log_pop": 4.377801, "log_mass": 6.490742, "log_pop_c": 0.228165, "log_mass_c": 0.308808}, {"country_iso": "PER", "city_id": 421, "log_pop": 3.540404, "log_mass": 5.471997, "log_pop_c": 0.275875, "log_mass_c": 0.091814}, {"country_iso": "PER", "city_id": 442, "log_pop": 4.05114, "log_mass": 6.081539, "log_pop_c": 1.138657, "log_mass_c": 0.935839}, {"country_iso": "PER", "city_id": 800, "log_pop": 3.744427, "log_mass": 5.215316, "log_pop_c": 0.978178, "log_mass_c": 0.315688}, {"country_iso": "PER", "city_id": 528, "log_pop": 3.656969, "log_mass": 5.625576, "log_pop_c": -0.492667, "log_mass_c": -0.556358}, {"country_iso": "PER", "city_id": 466, "log_pop": 2.804833, "log_mass": 5.150335, "log_pop_c": -0.358086, "log_mass_c": -0.270745}, {"country_iso": "PER", "city_id": 528, "log_pop": 4.769479, "log_mass": 6.517352, "log_pop_c": 0.619843, "log_mass_c": 0.335417}, {"country_iso": "PER", "city_id": 528, "log_pop": 4.286719, "log_mass": 6.421126, "log_pop_c": 0.137083, "log_mass_c": 0.239191}, {"country_iso": "PER", "city_id": 528, "log_pop": 3.615466, "log_mass": 6.061859, "log_pop_c": -0.53417, "log_mass_c": -0.120076}, {"country_iso": "PER", "city_id": 466, "log_pop": 4.455016, "log_mass": 6.363554, "log_pop_c": 1.292097, "log_mass_c": 0.942474}, {"country_iso": "PER", "city_id": 528, "log_pop": 4.725411, "log_mass": 6.381215, "log_pop_c": 0.575775, "log_mass_c": 0.19928}, {"country_iso": "PER", "city_id": 528, "log_pop": 4.908335, "log_mass": 6.667745, "log_pop_c": 0.758699, "log_mass_c": 0.485811}, {"country_iso": "PER", "city_id": 528, "log_pop": 4.819706, "log_mass": 6.463263, "log_pop_c": 0.67007, "log_mass_c": 0.281328}, {"country_iso": "PER", "city_id": 528, "log_pop": 4.822322, "log_mass": 6.717247, "log_pop_c": 0.672686, "log_mass_c": 0.535312}, {"country_iso": "PER", "city_id": 466, "log_pop": 2.343707, "log_mass": 5.665591, "log_pop_c": -0.819212, "log_mass_c": 0.244511}, {"country_iso": "PER", "city_id": 528, "log_pop": 3.447277, "log_mass": 5.403844, "log_pop_c": -0.702359, "log_mass_c": -0.77809}, {"country_iso": "PER", "city_id": 442, "log_pop": 2.099471, "log_mass": 4.308496, "log_pop_c": -0.813013, "log_mass_c": -0.837205}, {"country_iso": "PER", "city_id": 800, "log_pop": 3.740208, "log_mass": 5.85364, "log_pop_c": 0.973959, "log_mass_c": 0.954012}, {"country_iso": "PER", "city_id": 528, "log_pop": 3.502264, "log_mass": 5.987997, "log_pop_c": -0.647372, "log_mass_c": -0.193937}, {"country_iso": "PER", "city_id": 442, "log_pop": 2.749122, "log_mass": 5.423244, "log_pop_c": -0.163362, "log_mass_c": 0.277543}, {"country_iso": "PER", "city_id": 528, "log_pop": 4.416772, "log_mass": 6.1691, "log_pop_c": 0.267136, "log_mass_c": -0.012835}, {"country_iso": "PER", "city_id": 800, "log_pop": 2.395249, "log_mass": 4.656896, "log_pop_c": -0.371, "log_mass_c": -0.242732}, {"country_iso": "PER", "city_id": 528, "log_pop": 4.101354, "log_mass": 6.388195, "log_pop_c": -0.048282, "log_mass_c": 0.20626}, {"country_iso": "PER", "city_id": 528, "log_pop": 4.282579, "log_mass": 6.460492, "log_pop_c": 0.132943, "log_mass_c": 0.278557}, {"country_iso": "PER", "city_id": 528, "log_pop": 4.204996, "log_mass": 6.489837, "log_pop_c": 0.05536, "log_mass_c": 0.307902}, {"country_iso": "PER", "city_id": 723, "log_pop": 1.821808, "log_mass": 4.308874, "log_pop_c": -2.016171, "log_mass_c": -1.611706}, {"country_iso": "PER", "city_id": 723, "log_pop": 4.569324, "log_mass": 6.47882, "log_pop_c": 0.731346, "log_mass_c": 0.558241}, {"country_iso": "PER", "city_id": 442, "log_pop": 3.630884, "log_mass": 5.536797, "log_pop_c": 0.7184, "log_mass_c": 0.391097}, {"country_iso": "PER", "city_id": 622, "log_pop": 4.270819, "log_mass": 6.314907, "log_pop_c": 0.581298, "log_mass_c": 0.421762}, {"country_iso": "PER", "city_id": 528, "log_pop": 4.02065, "log_mass": 5.769889, "log_pop_c": -0.128986, "log_mass_c": -0.412046}, {"country_iso": "PER", "city_id": 528, "log_pop": 3.610956, "log_mass": 5.594382, "log_pop_c": -0.53868, "log_mass_c": -0.587553}, {"country_iso": "PER", "city_id": 528, "log_pop": 4.693602, "log_mass": 6.388232, "log_pop_c": 0.543966, "log_mass_c": 0.206297}, {"country_iso": "PER", "city_id": 788, "log_pop": 3.138739, "log_mass": 5.244275, "log_pop_c": -0.05568, "log_mass_c": -0.148236}, {"country_iso": "PER", "city_id": 788, "log_pop": 2.997525, "log_mass": 5.128971, "log_pop_c": -0.196894, "log_mass_c": -0.263541}, {"country_iso": "PER", "city_id": 528, "log_pop": 4.654516, "log_mass": 6.662448, "log_pop_c": 0.50488, "log_mass_c": 0.480513}, {"country_iso": "PER", "city_id": 466, "log_pop": 1.442466, "log_mass": 3.834018, "log_pop_c": -1.720452, "log_mass_c": -1.587062}, {"country_iso": "PER", "city_id": 723, "log_pop": 4.034665, "log_mass": 6.142024, "log_pop_c": 0.196686, "log_mass_c": 0.221445}, {"country_iso": "PER", "city_id": 622, "log_pop": 3.926361, "log_mass": 6.248554, "log_pop_c": 0.236839, "log_mass_c": 0.355409}, {"country_iso": "PER", "city_id": 442, "log_pop": 2.861321, "log_mass": 4.994097, "log_pop_c": -0.051162, "log_mass_c": -0.151603}, {"country_iso": "PER", "city_id": 528, "log_pop": 4.173295, "log_mass": 6.371349, "log_pop_c": 0.023659, "log_mass_c": 0.189415}, {"country_iso": "PER", "city_id": 528, "log_pop": 3.384169, "log_mass": 5.832545, "log_pop_c": -0.765467, "log_mass_c": -0.349389}, {"country_iso": "PER", "city_id": 753, "log_pop": 1.882932, "log_mass": 4.074347, "log_pop_c": -1.550043, "log_mass_c": -1.508897}, {"country_iso": "PER", "city_id": 753, "log_pop": 3.881739, "log_mass": 5.819771, "log_pop_c": 0.448765, "log_mass_c": 0.236527}, {"country_iso": "PER", "city_id": 800, "log_pop": 4.17199, "log_mass": 6.170923, "log_pop_c": 1.405741, "log_mass_c": 1.271294}, {"country_iso": "PER", "city_id": 622, "log_pop": 4.235169, "log_mass": 6.401793, "log_pop_c": 0.545647, "log_mass_c": 0.508647}, {"country_iso": "PER", "city_id": 528, "log_pop": 5.003012, "log_mass": 6.720553, "log_pop_c": 0.853376, "log_mass_c": 0.538619}, {"country_iso": "PER", "city_id": 528, "log_pop": 4.484708, "log_mass": 6.277234, "log_pop_c": 0.335072, "log_mass_c": 0.0953}, {"country_iso": "PER", "city_id": 528, "log_pop": 4.748213, "log_mass": 6.553223, "log_pop_c": 0.598577, "log_mass_c": 0.371288}, {"country_iso": "PER", "city_id": 622, "log_pop": 4.487538, "log_mass": 6.63066, "log_pop_c": 0.798016, "log_mass_c": 0.737515}, {"country_iso": "PER", "city_id": 528, "log_pop": 4.927213, "log_mass": 6.694142, "log_pop_c": 0.777577, "log_mass_c": 0.512208}, {"country_iso": "PER", "city_id": 466, "log_pop": 2.344347, "log_mass": 4.983805, "log_pop_c": -0.818572, "log_mass_c": -0.437275}, {"country_iso": "PER", "city_id": 528, "log_pop": 4.592724, "log_mass": 6.62111, "log_pop_c": 0.443088, "log_mass_c": 0.439176}, {"country_iso": "PER", "city_id": 528, "log_pop": 4.489692, "log_mass": 6.339382, "log_pop_c": 0.340056, "log_mass_c": 0.157447}, {"country_iso": "PER", "city_id": 528, "log_pop": 4.889538, "log_mass": 6.653917, "log_pop_c": 0.739902, "log_mass_c": 0.471983}, {"country_iso": "PER", "city_id": 528, "log_pop": 4.444554, "log_mass": 6.284416, "log_pop_c": 0.294918, "log_mass_c": 0.102482}, {"country_iso": "PER", "city_id": 528, "log_pop": 1.686389, "log_mass": 4.40985, "log_pop_c": -2.463247, "log_mass_c": -1.772084}, {"country_iso": "PER", "city_id": 528, "log_pop": 4.75052, "log_mass": 6.688198, "log_pop_c": 0.600884, "log_mass_c": 0.506264}, {"country_iso": "PER", "city_id": 528, "log_pop": 4.866598, "log_mass": 6.674531, "log_pop_c": 0.716962, "log_mass_c": 0.492597}, {"country_iso": "PER", "city_id": 528, "log_pop": 5.06597, "log_mass": 6.776145, "log_pop_c": 0.916334, "log_mass_c": 0.594211}, {"country_iso": "PER", "city_id": 800, "log_pop": 2.198255, "log_mass": 4.285259, "log_pop_c": -0.567994, "log_mass_c": -0.614369}, {"country_iso": "PER", "city_id": 528, "log_pop": 4.954735, "log_mass": 6.549386, "log_pop_c": 0.805099, "log_mass_c": 0.367451}, {"country_iso": "PER", "city_id": 528, "log_pop": 4.025885, "log_mass": 6.400311, "log_pop_c": -0.123751, "log_mass_c": 0.218376}, {"country_iso": "PER", "city_id": 528, "log_pop": 3.882575, "log_mass": 6.259941, "log_pop_c": -0.267061, "log_mass_c": 0.078007}, {"country_iso": "PER", "city_id": 622, "log_pop": 1.49293, "log_mass": 4.169217, "log_pop_c": -2.196592, "log_mass_c": -1.723929}, {"country_iso": "PER", "city_id": 528, "log_pop": 3.152326, "log_mass": 5.471301, "log_pop_c": -0.99731, "log_mass_c": -0.710634}, {"country_iso": "PER", "city_id": 788, "log_pop": 4.030441, "log_mass": 5.92476, "log_pop_c": 0.836022, "log_mass_c": 0.532248}, {"country_iso": "PER", "city_id": 528, "log_pop": 4.244117, "log_mass": 6.413938, "log_pop_c": 0.094481, "log_mass_c": 0.232004}, {"country_iso": "PER", "city_id": 788, "log_pop": 2.289777, "log_mass": 4.519555, "log_pop_c": -0.904642, "log_mass_c": -0.872957}, {"country_iso": "PER", "city_id": 421, "log_pop": 2.558322, "log_mass": 4.635505, "log_pop_c": -0.706207, "log_mass_c": -0.744678}, {"country_iso": "PER", "city_id": 466, "log_pop": 4.628078, "log_mass": 6.649192, "log_pop_c": 1.465159, "log_mass_c": 1.228112}, {"country_iso": "PER", "city_id": 753, "log_pop": 3.76927, "log_mass": 5.989202, "log_pop_c": 0.336296, "log_mass_c": 0.405958}, {"country_iso": "PER", "city_id": 800, "log_pop": 2.395515, "log_mass": 4.722092, "log_pop_c": -0.370734, "log_mass_c": -0.177536}, {"country_iso": "PER", "city_id": 528, "log_pop": 4.246995, "log_mass": 6.289621, "log_pop_c": 0.097359, "log_mass_c": 0.107686}, {"country_iso": "PER", "city_id": 622, "log_pop": 3.964371, "log_mass": 6.157627, "log_pop_c": 0.274849, "log_mass_c": 0.264481}, {"country_iso": "PER", "city_id": 528, "log_pop": 4.555774, "log_mass": 6.467589, "log_pop_c": 0.406138, "log_mass_c": 0.285654}, {"country_iso": "PER", "city_id": 528, "log_pop": 1.854746, "log_mass": 4.386396, "log_pop_c": -2.29489, "log_mass_c": -1.795538}, {"country_iso": "PER", "city_id": 442, "log_pop": 2.675368, "log_mass": 4.870359, "log_pop_c": -0.237116, "log_mass_c": -0.275342}, {"country_iso": "PER", "city_id": 753, "log_pop": 2.41516, "log_mass": 4.497341, "log_pop_c": -1.017815, "log_mass_c": -1.085903}, {"country_iso": "PER", "city_id": 528, "log_pop": 4.053168, "log_mass": 6.110355, "log_pop_c": -0.096468, "log_mass_c": -0.07158}, {"country_iso": "PER", "city_id": 528, "log_pop": 4.035402, "log_mass": 6.203239, "log_pop_c": -0.114234, "log_mass_c": 0.021304}, {"country_iso": "PER", "city_id": 442, "log_pop": 1.315229, "log_mass": 3.78097, "log_pop_c": -1.597254, "log_mass_c": -1.36473}, {"country_iso": "PER", "city_id": 753, "log_pop": 3.704053, "log_mass": 5.791844, "log_pop_c": 0.271078, "log_mass_c": 0.2086}, {"country_iso": "PER", "city_id": 528, "log_pop": 4.359856, "log_mass": 6.515373, "log_pop_c": 0.21022, "log_mass_c": 0.333439}, {"country_iso": "PER", "city_id": 753, "log_pop": 4.047939, "log_mass": 6.138618, "log_pop_c": 0.614964, "log_mass_c": 0.555374}, {"country_iso": "PER", "city_id": 753, "log_pop": 4.484603, "log_mass": 6.454027, "log_pop_c": 1.051629, "log_mass_c": 0.870783}, {"country_iso": "PER", "city_id": 753, "log_pop": 3.544786, "log_mass": 5.528617, "log_pop_c": 0.111812, "log_mass_c": -0.054627}, {"country_iso": "PER", "city_id": 753, "log_pop": 2.278549, "log_mass": 4.764184, "log_pop_c": -1.154426, "log_mass_c": -0.819061}, {"country_iso": "PER", "city_id": 528, "log_pop": 3.571207, "log_mass": 5.861698, "log_pop_c": -0.578429, "log_mass_c": -0.320236}, {"country_iso": "PER", "city_id": 528, "log_pop": 4.012067, "log_mass": 6.389098, "log_pop_c": -0.137569, "log_mass_c": 0.207164}, {"country_iso": "PER", "city_id": 442, "log_pop": 4.364366, "log_mass": 6.277615, "log_pop_c": 1.451883, "log_mass_c": 1.131915}, {"country_iso": "PER", "city_id": 528, "log_pop": 4.127522, "log_mass": 6.491168, "log_pop_c": -0.022114, "log_mass_c": 0.309233}, {"country_iso": "PER", "city_id": 622, "log_pop": 3.772847, "log_mass": 5.835414, "log_pop_c": 0.083325, "log_mass_c": -0.057732}, {"country_iso": "PER", "city_id": 723, "log_pop": 4.485419, "log_mass": 6.416944, "log_pop_c": 0.64744, "log_mass_c": 0.496365}, {"country_iso": "PER", "city_id": 528, "log_pop": 4.382839, "log_mass": 6.265992, "log_pop_c": 0.233203, "log_mass_c": 0.084058}, {"country_iso": "PER", "city_id": 528, "log_pop": 4.653029, "log_mass": 6.210383, "log_pop_c": 0.503393, "log_mass_c": 0.028448}, {"country_iso": "PER", "city_id": 622, "log_pop": 3.509044, "log_mass": 5.755715, "log_pop_c": -0.180478, "log_mass_c": -0.137431}, {"country_iso": "PER", "city_id": 528, "log_pop": 5.071068, "log_mass": 6.771288, "log_pop_c": 0.921432, "log_mass_c": 0.589353}, {"country_iso": "PER", "city_id": 466, "log_pop": 2.766616, "log_mass": 5.676183, "log_pop_c": -0.396303, "log_mass_c": 0.255103}, {"country_iso": "PER", "city_id": 788, "log_pop": 4.236192, "log_mass": 6.201386, "log_pop_c": 1.041772, "log_mass_c": 0.808874}, {"country_iso": "PER", "city_id": 528, "log_pop": 4.740863, "log_mass": 6.497102, "log_pop_c": 0.591227, "log_mass_c": 0.315168}, {"country_iso": "PER", "city_id": 528, "log_pop": 4.947229, "log_mass": 6.757488, "log_pop_c": 0.797593, "log_mass_c": 0.575553}, {"country_iso": "PER", "city_id": 800, "log_pop": 2.235076, "log_mass": 4.426714, "log_pop_c": -0.531173, "log_mass_c": -0.472915}, {"country_iso": "PER", "city_id": 528, "log_pop": 3.069649, "log_mass": 5.279439, "log_pop_c": -1.079987, "log_mass_c": -0.902495}, {"country_iso": "PER", "city_id": 528, "log_pop": 4.459881, "log_mass": 6.436007, "log_pop_c": 0.310245, "log_mass_c": 0.254072}, {"country_iso": "PER", "city_id": 800, "log_pop": 2.365898, "log_mass": 4.209882, "log_pop_c": -0.400351, "log_mass_c": -0.689746}, {"country_iso": "PER", "city_id": 528, "log_pop": 4.863585, "log_mass": 6.535376, "log_pop_c": 0.713949, "log_mass_c": 0.353442}, {"country_iso": "PER", "city_id": 528, "log_pop": 2.031039, "log_mass": 4.763955, "log_pop_c": -2.118597, "log_mass_c": -1.41798}, {"country_iso": "PER", "city_id": 528, "log_pop": 4.071054, "log_mass": 6.338398, "log_pop_c": -0.078582, "log_mass_c": 0.156464}, {"country_iso": "PER", "city_id": 528, "log_pop": 4.36067, "log_mass": 6.495807, "log_pop_c": 0.211034, "log_mass_c": 0.313872}, {"country_iso": "PER", "city_id": 528, "log_pop": 2.264797, "log_mass": 4.65616, "log_pop_c": -1.884839, "log_mass_c": -1.525775}, {"country_iso": "PER", "city_id": 442, "log_pop": 3.427295, "log_mass": 5.590098, "log_pop_c": 0.514811, "log_mass_c": 0.444398}, {"country_iso": "PER", "city_id": 528, "log_pop": 4.83273, "log_mass": 6.718838, "log_pop_c": 0.683094, "log_mass_c": 0.536904}, {"country_iso": "PER", "city_id": 753, "log_pop": 2.945147, "log_mass": 5.187139, "log_pop_c": -0.487828, "log_mass_c": -0.396105}, {"country_iso": "PER", "city_id": 528, "log_pop": 4.880559, "log_mass": 6.635817, "log_pop_c": 0.730923, "log_mass_c": 0.453883}, {"country_iso": "PER", "city_id": 753, "log_pop": 4.460612, "log_mass": 6.609167, "log_pop_c": 1.027637, "log_mass_c": 1.025923}, {"country_iso": "PER", "city_id": 528, "log_pop": 4.048479, "log_mass": 6.347881, "log_pop_c": -0.101157, "log_mass_c": 0.165947}, {"country_iso": "PER", "city_id": 528, "log_pop": 4.662535, "log_mass": 6.541668, "log_pop_c": 0.512899, "log_mass_c": 0.359733}, {"country_iso": "PER", "city_id": 528, "log_pop": 4.037617, "log_mass": 5.9309, "log_pop_c": -0.112019, "log_mass_c": -0.251034}, {"country_iso": "PER", "city_id": 528, "log_pop": 2.207443, "log_mass": 4.989769, "log_pop_c": -1.942193, "log_mass_c": -1.192166}, {"country_iso": "PER", "city_id": 723, "log_pop": 3.774395, "log_mass": 5.875579, "log_pop_c": -0.063584, "log_mass_c": -0.045}, {"country_iso": "PER", "city_id": 528, "log_pop": 1.703118, "log_mass": 4.512937, "log_pop_c": -2.446518, "log_mass_c": -1.668997}, {"country_iso": "PER", "city_id": 528, "log_pop": 3.007881, "log_mass": 5.080653, "log_pop_c": -1.141755, "log_mass_c": -1.101282}, {"country_iso": "PER", "city_id": 528, "log_pop": 3.579095, "log_mass": 5.989785, "log_pop_c": -0.570541, "log_mass_c": -0.192149}, {"country_iso": "PER", "city_id": 528, "log_pop": 2.97084, "log_mass": 5.035625, "log_pop_c": -1.178796, "log_mass_c": -1.146309}, {"country_iso": "PER", "city_id": 442, "log_pop": 0.377061, "log_mass": 3.374456, "log_pop_c": -2.535422, "log_mass_c": -1.771244}, {"country_iso": "PER", "city_id": 528, "log_pop": 2.278807, "log_mass": 4.47404, "log_pop_c": -1.870829, "log_mass_c": -1.707894}, {"country_iso": "PER", "city_id": 800, "log_pop": 2.749412, "log_mass": 4.886159, "log_pop_c": -0.016837, "log_mass_c": -0.013469}, {"country_iso": "PER", "city_id": 528, "log_pop": 4.493268, "log_mass": 6.85649, "log_pop_c": 0.343632, "log_mass_c": 0.674555}, {"country_iso": "PER", "city_id": 528, "log_pop": 4.891373, "log_mass": 6.747656, "log_pop_c": 0.741737, "log_mass_c": 0.565721}, {"country_iso": "PER", "city_id": 788, "log_pop": 2.214916, "log_mass": 4.495411, "log_pop_c": -0.979503, "log_mass_c": -0.897101}, {"country_iso": "PER", "city_id": 528, "log_pop": 4.210389, "log_mass": 6.525408, "log_pop_c": 0.060753, "log_mass_c": 0.343473}, {"country_iso": "PER", "city_id": 528, "log_pop": 3.181704, "log_mass": 5.743477, "log_pop_c": -0.967932, "log_mass_c": -0.438457}, {"country_iso": "PER", "city_id": 528, "log_pop": 3.52507, "log_mass": 5.83454, "log_pop_c": -0.624566, "log_mass_c": -0.347395}, {"country_iso": "PER", "city_id": 528, "log_pop": 4.984487, "log_mass": 6.689245, "log_pop_c": 0.834851, "log_mass_c": 0.507311}, {"country_iso": "PER", "city_id": 528, "log_pop": 4.271913, "log_mass": 6.454627, "log_pop_c": 0.122277, "log_mass_c": 0.272692}, {"country_iso": "PER", "city_id": 466, "log_pop": 4.062665, "log_mass": 5.996277, "log_pop_c": 0.899746, "log_mass_c": 0.575197}, {"country_iso": "PER", "city_id": 421, "log_pop": 4.35766, "log_mass": 6.223864, "log_pop_c": 1.093131, "log_mass_c": 0.843681}, {"country_iso": "PER", "city_id": 528, "log_pop": 4.251111, "log_mass": 6.476792, "log_pop_c": 0.101475, "log_mass_c": 0.294857}, {"country_iso": "PER", "city_id": 528, "log_pop": 4.199052, "log_mass": 6.157426, "log_pop_c": 0.049416, "log_mass_c": -0.024508}, {"country_iso": "PER", "city_id": 753, "log_pop": 4.175162, "log_mass": 6.114672, "log_pop_c": 0.742187, "log_mass_c": 0.531428}, {"country_iso": "PER", "city_id": 528, "log_pop": 4.844314, "log_mass": 6.699619, "log_pop_c": 0.694678, "log_mass_c": 0.517684}, {"country_iso": "PER", "city_id": 800, "log_pop": 1.076205, "log_mass": 3.896585, "log_pop_c": -1.690044, "log_mass_c": -1.003043}, {"country_iso": "PER", "city_id": 723, "log_pop": 3.941748, "log_mass": 5.887487, "log_pop_c": 0.103769, "log_mass_c": -0.033093}, {"country_iso": "PER", "city_id": 723, "log_pop": 2.996505, "log_mass": 5.346667, "log_pop_c": -0.841474, "log_mass_c": -0.573913}, {"country_iso": "PER", "city_id": 753, "log_pop": 4.650516, "log_mass": 6.583462, "log_pop_c": 1.217542, "log_mass_c": 1.000218}, {"country_iso": "PER", "city_id": 788, "log_pop": 4.36912, "log_mass": 6.350125, "log_pop_c": 1.1747, "log_mass_c": 0.957613}, {"country_iso": "PER", "city_id": 753, "log_pop": 3.464523, "log_mass": 5.770047, "log_pop_c": 0.031548, "log_mass_c": 0.186803}, {"country_iso": "PER", "city_id": 528, "log_pop": 4.803422, "log_mass": 6.702832, "log_pop_c": 0.653786, "log_mass_c": 0.520897}, {"country_iso": "PER", "city_id": 622, "log_pop": 4.508763, "log_mass": 6.390943, "log_pop_c": 0.819241, "log_mass_c": 0.497798}, {"country_iso": "PER", "city_id": 528, "log_pop": 4.178185, "log_mass": 6.122261, "log_pop_c": 0.028549, "log_mass_c": -0.059673}, {"country_iso": "PER", "city_id": 788, "log_pop": 4.149074, "log_mass": 6.230171, "log_pop_c": 0.954655, "log_mass_c": 0.837659}, {"country_iso": "PER", "city_id": 622, "log_pop": 3.927024, "log_mass": 6.231968, "log_pop_c": 0.237502, "log_mass_c": 0.338822}, {"country_iso": "PER", "city_id": 421, "log_pop": 0.696608, "log_mass": 3.469316, "log_pop_c": -2.567921, "log_mass_c": -1.910867}, {"country_iso": "PER", "city_id": 528, "log_pop": 4.981446, "log_mass": 6.631412, "log_pop_c": 0.83181, "log_mass_c": 0.449477}, {"country_iso": "PER", "city_id": 528, "log_pop": 1.932875, "log_mass": 4.329071, "log_pop_c": -2.216761, "log_mass_c": -1.852863}, {"country_iso": "PER", "city_id": 528, "log_pop": 4.639838, "log_mass": 6.589757, "log_pop_c": 0.490202, "log_mass_c": 0.407823}, {"country_iso": "PER", "city_id": 528, "log_pop": 4.00228, "log_mass": 6.018597, "log_pop_c": -0.147356, "log_mass_c": -0.163337}, {"country_iso": "PER", "city_id": 421, "log_pop": 2.754986, "log_mass": 4.534178, "log_pop_c": -0.509543, "log_mass_c": -0.846004}, {"country_iso": "PER", "city_id": 528, "log_pop": 4.094314, "log_mass": 6.078056, "log_pop_c": -0.055322, "log_mass_c": -0.103878}, {"country_iso": "PER", "city_id": 528, "log_pop": 4.260392, "log_mass": 6.251243, "log_pop_c": 0.110756, "log_mass_c": 0.069309}, {"country_iso": "PER", "city_id": 442, "log_pop": 1.433722, "log_mass": 4.653856, "log_pop_c": -1.478762, "log_mass_c": -0.491844}, {"country_iso": "PER", "city_id": 528, "log_pop": 4.82754, "log_mass": 6.730839, "log_pop_c": 0.677904, "log_mass_c": 0.548905}, {"country_iso": "PER", "city_id": 528, "log_pop": 4.102116, "log_mass": 5.841672, "log_pop_c": -0.04752, "log_mass_c": -0.340263}, {"country_iso": "PER", "city_id": 800, "log_pop": 3.360346, "log_mass": 5.310392, "log_pop_c": 0.594097, "log_mass_c": 0.410763}, {"country_iso": "PER", "city_id": 723, "log_pop": 3.597042, "log_mass": 5.845966, "log_pop_c": -0.240936, "log_mass_c": -0.074613}, {"country_iso": "PER", "city_id": 753, "log_pop": 3.763529, "log_mass": 5.776497, "log_pop_c": 0.330554, "log_mass_c": 0.193253}, {"country_iso": "PER", "city_id": 528, "log_pop": 3.566436, "log_mass": 5.963722, "log_pop_c": -0.5832, "log_mass_c": -0.218212}, {"country_iso": "PER", "city_id": 753, "log_pop": 3.41991, "log_mass": 5.489929, "log_pop_c": -0.013065, "log_mass_c": -0.093315}, {"country_iso": "PER", "city_id": 528, "log_pop": 4.277217, "log_mass": 6.285509, "log_pop_c": 0.127581, "log_mass_c": 0.103575}, {"country_iso": "PER", "city_id": 800, "log_pop": 3.988845, "log_mass": 5.775583, "log_pop_c": 1.222596, "log_mass_c": 0.875955}, {"country_iso": "PER", "city_id": 622, "log_pop": 3.655796, "log_mass": 5.9002, "log_pop_c": -0.033725, "log_mass_c": 0.007054}, {"country_iso": "PER", "city_id": 528, "log_pop": 4.032949, "log_mass": 6.421748, "log_pop_c": -0.116687, "log_mass_c": 0.239813}, {"country_iso": "PER", "city_id": 753, "log_pop": 3.394419, "log_mass": 5.466329, "log_pop_c": -0.038556, "log_mass_c": -0.116915}, {"country_iso": "PER", "city_id": 528, "log_pop": 4.489088, "log_mass": 6.491634, "log_pop_c": 0.339452, "log_mass_c": 0.3097}, {"country_iso": "PER", "city_id": 528, "log_pop": 4.839998, "log_mass": 6.695638, "log_pop_c": 0.690362, "log_mass_c": 0.513704}, {"country_iso": "PER", "city_id": 528, "log_pop": 4.526618, "log_mass": 6.375774, "log_pop_c": 0.376982, "log_mass_c": 0.193839}, {"country_iso": "PER", "city_id": 528, "log_pop": 3.787894, "log_mass": 5.73062, "log_pop_c": -0.361742, "log_mass_c": -0.451315}, {"country_iso": "PER", "city_id": 723, "log_pop": 4.441743, "log_mass": 6.529569, "log_pop_c": 0.603764, "log_mass_c": 0.608989}, {"country_iso": "PER", "city_id": 528, "log_pop": 4.906473, "log_mass": 6.406509, "log_pop_c": 0.756837, "log_mass_c": 0.224575}, {"country_iso": "PER", "city_id": 723, "log_pop": 2.938754, "log_mass": 5.087734, "log_pop_c": -0.899225, "log_mass_c": -0.832846}, {"country_iso": "PER", "city_id": 528, "log_pop": 4.235875, "log_mass": 6.273491, "log_pop_c": 0.086239, "log_mass_c": 0.091556}, {"country_iso": "PER", "city_id": 528, "log_pop": 3.411173, "log_mass": 5.694995, "log_pop_c": -0.738463, "log_mass_c": -0.486939}, {"country_iso": "PER", "city_id": 753, "log_pop": 3.48398, "log_mass": 5.580163, "log_pop_c": 0.051005, "log_mass_c": -0.003081}, {"country_iso": "PER", "city_id": 800, "log_pop": 3.553529, "log_mass": 5.899911, "log_pop_c": 0.78728, "log_mass_c": 1.000283}, {"country_iso": "PER", "city_id": 421, "log_pop": 3.422332, "log_mass": 5.304411, "log_pop_c": 0.157803, "log_mass_c": -0.075771}, {"country_iso": "PER", "city_id": 788, "log_pop": 3.840285, "log_mass": 5.870997, "log_pop_c": 0.645866, "log_mass_c": 0.478485}, {"country_iso": "PER", "city_id": 442, "log_pop": 2.314166, "log_mass": 4.533618, "log_pop_c": -0.598318, "log_mass_c": -0.612082}, {"country_iso": "PER", "city_id": 421, "log_pop": 3.72951, "log_mass": 5.889283, "log_pop_c": 0.46498, "log_mass_c": 0.5091}, {"country_iso": "PER", "city_id": 421, "log_pop": 3.912647, "log_mass": 5.880239, "log_pop_c": 0.648118, "log_mass_c": 0.500056}, {"country_iso": "PER", "city_id": 753, "log_pop": 0.258646, "log_mass": 3.475118, "log_pop_c": -3.174329, "log_mass_c": -2.108126}, {"country_iso": "PER", "city_id": 442, "log_pop": 4.315105, "log_mass": 6.32932, "log_pop_c": 1.402621, "log_mass_c": 1.18362}, {"country_iso": "PER", "city_id": 753, "log_pop": 3.240969, "log_mass": 5.403294, "log_pop_c": -0.192005, "log_mass_c": -0.17995}, {"country_iso": "PER", "city_id": 753, "log_pop": 4.00211, "log_mass": 6.092227, "log_pop_c": 0.569136, "log_mass_c": 0.508983}, {"country_iso": "PER", "city_id": 466, "log_pop": 1.821938, "log_mass": 3.88416, "log_pop_c": -1.34098, "log_mass_c": -1.53692}, {"country_iso": "PER", "city_id": 528, "log_pop": 4.298576, "log_mass": 6.476403, "log_pop_c": 0.14894, "log_mass_c": 0.294469}, {"country_iso": "PER", "city_id": 528, "log_pop": 3.426067, "log_mass": 5.640163, "log_pop_c": -0.723569, "log_mass_c": -0.541771}, {"country_iso": "PER", "city_id": 528, "log_pop": 4.839582, "log_mass": 6.680812, "log_pop_c": 0.689946, "log_mass_c": 0.498878}, {"country_iso": "PER", "city_id": 421, "log_pop": 3.29615, "log_mass": 5.408985, "log_pop_c": 0.03162, "log_mass_c": 0.028803}, {"country_iso": "PER", "city_id": 528, "log_pop": 2.550369, "log_mass": 5.243403, "log_pop_c": -1.599267, "log_mass_c": -0.938532}, {"country_iso": "PER", "city_id": 466, "log_pop": 4.206344, "log_mass": 5.927971, "log_pop_c": 1.043425, "log_mass_c": 0.506891}, {"country_iso": "PER", "city_id": 528, "log_pop": 4.879282, "log_mass": 6.544017, "log_pop_c": 0.729646, "log_mass_c": 0.362082}, {"country_iso": "PER", "city_id": 528, "log_pop": 4.9939, "log_mass": 6.853357, "log_pop_c": 0.844264, "log_mass_c": 0.671422}, {"country_iso": "PER", "city_id": 723, "log_pop": 4.152713, "log_mass": 6.261726, "log_pop_c": 0.314734, "log_mass_c": 0.341146}, {"country_iso": "PER", "city_id": 528, "log_pop": 4.808822, "log_mass": 6.851896, "log_pop_c": 0.659186, "log_mass_c": 0.669961}, {"country_iso": "PER", "city_id": 528, "log_pop": 5.092513, "log_mass": 6.683458, "log_pop_c": 0.942877, "log_mass_c": 0.501523}, {"country_iso": "PER", "city_id": 421, "log_pop": 3.530688, "log_mass": 5.718509, "log_pop_c": 0.266159, "log_mass_c": 0.338326}, {"country_iso": "PER", "city_id": 528, "log_pop": 3.612354, "log_mass": 5.864153, "log_pop_c": -0.537282, "log_mass_c": -0.317782}, {"country_iso": "PER", "city_id": 466, "log_pop": 3.079424, "log_mass": 5.207865, "log_pop_c": -0.083495, "log_mass_c": -0.213215}, {"country_iso": "PER", "city_id": 528, "log_pop": 2.371343, "log_mass": 4.597037, "log_pop_c": -1.778293, "log_mass_c": -1.584897}, {"country_iso": "PER", "city_id": 528, "log_pop": 4.914528, "log_mass": 6.887562, "log_pop_c": 0.764892, "log_mass_c": 0.705627}, {"country_iso": "PER", "city_id": 466, "log_pop": 1.300267, "log_mass": 4.325405, "log_pop_c": -1.862651, "log_mass_c": -1.095675}, {"country_iso": "PER", "city_id": 442, "log_pop": 3.341079, "log_mass": 5.444679, "log_pop_c": 0.428595, "log_mass_c": 0.298979}, {"country_iso": "PER", "city_id": 723, "log_pop": 4.156011, "log_mass": 6.249552, "log_pop_c": 0.318032, "log_mass_c": 0.328972}, {"country_iso": "PER", "city_id": 528, "log_pop": 4.223436, "log_mass": 6.123124, "log_pop_c": 0.0738, "log_mass_c": -0.058811}, {"country_iso": "PER", "city_id": 800, "log_pop": 4.26771, "log_mass": 6.191485, "log_pop_c": 1.501461, "log_mass_c": 1.291857}, {"country_iso": "PER", "city_id": 528, "log_pop": 3.202062, "log_mass": 5.412542, "log_pop_c": -0.947574, "log_mass_c": -0.769392}, {"country_iso": "PER", "city_id": 753, "log_pop": 2.509663, "log_mass": 4.860985, "log_pop_c": -0.923312, "log_mass_c": -0.722259}, {"country_iso": "PER", "city_id": 528, "log_pop": 4.567783, "log_mass": 6.389487, "log_pop_c": 0.418147, "log_mass_c": 0.207553}, {"country_iso": "PER", "city_id": 753, "log_pop": 1.865676, "log_mass": 4.066765, "log_pop_c": -1.567299, "log_mass_c": -1.516479}, {"country_iso": "PER", "city_id": 753, "log_pop": 1.730564, "log_mass": 4.782793, "log_pop_c": -1.702411, "log_mass_c": -0.800451}, {"country_iso": "PER", "city_id": 442, "log_pop": 4.297082, "log_mass": 6.471567, "log_pop_c": 1.384599, "log_mass_c": 1.325867}, {"country_iso": "PER", "city_id": 528, "log_pop": 4.950735, "log_mass": 6.842821, "log_pop_c": 0.801099, "log_mass_c": 0.660887}, {"country_iso": "PER", "city_id": 528, "log_pop": 4.806976, "log_mass": 6.83499, "log_pop_c": 0.65734, "log_mass_c": 0.653055}, {"country_iso": "PER", "city_id": 528, "log_pop": 4.767361, "log_mass": 6.604195, "log_pop_c": 0.617725, "log_mass_c": 0.422261}, {"country_iso": "PER", "city_id": 528, "log_pop": 5.040507, "log_mass": 6.72565, "log_pop_c": 0.890871, "log_mass_c": 0.543716}, {"country_iso": "PER", "city_id": 753, "log_pop": 3.603215, "log_mass": 5.886251, "log_pop_c": 0.17024, "log_mass_c": 0.303006}, {"country_iso": "PER", "city_id": 528, "log_pop": 4.91499, "log_mass": 6.613135, "log_pop_c": 0.765354, "log_mass_c": 0.4312}, {"country_iso": "PER", "city_id": 528, "log_pop": 4.572867, "log_mass": 6.492194, "log_pop_c": 0.423231, "log_mass_c": 0.31026}, {"country_iso": "PER", "city_id": 528, "log_pop": 4.023788, "log_mass": 6.302891, "log_pop_c": -0.125848, "log_mass_c": 0.120956}, {"country_iso": "PER", "city_id": 528, "log_pop": 4.897921, "log_mass": 6.880701, "log_pop_c": 0.748285, "log_mass_c": 0.698767}, {"country_iso": "PER", "city_id": 442, "log_pop": 3.184455, "log_mass": 5.27676, "log_pop_c": 0.271971, "log_mass_c": 0.13106}, {"country_iso": "PER", "city_id": 442, "log_pop": 3.311813, "log_mass": 5.6437, "log_pop_c": 0.399329, "log_mass_c": 0.498}, {"country_iso": "PER", "city_id": 528, "log_pop": 3.488164, "log_mass": 5.831697, "log_pop_c": -0.661472, "log_mass_c": -0.350238}, {"country_iso": "PER", "city_id": 753, "log_pop": 3.001275, "log_mass": 5.016101, "log_pop_c": -0.4317, "log_mass_c": -0.567143}, {"country_iso": "PER", "city_id": 528, "log_pop": 2.77664, "log_mass": 5.574694, "log_pop_c": -1.372996, "log_mass_c": -0.60724}, {"country_iso": "PER", "city_id": 800, "log_pop": 1.461184, "log_mass": 3.789305, "log_pop_c": -1.305065, "log_mass_c": -1.110323}, {"country_iso": "PER", "city_id": 528, "log_pop": 4.216753, "log_mass": 6.41768, "log_pop_c": 0.067117, "log_mass_c": 0.235746}, {"country_iso": "PER", "city_id": 788, "log_pop": 0.263504, "log_mass": 3.574588, "log_pop_c": -2.930915, "log_mass_c": -1.817924}, {"country_iso": "PER", "city_id": 466, "log_pop": 4.263976, "log_mass": 6.15826, "log_pop_c": 1.101058, "log_mass_c": 0.73718}, {"country_iso": "PER", "city_id": 753, "log_pop": 4.517917, "log_mass": 6.29688, "log_pop_c": 1.084942, "log_mass_c": 0.713636}, {"country_iso": "PER", "city_id": 528, "log_pop": 4.372332, "log_mass": 6.495985, "log_pop_c": 0.222696, "log_mass_c": 0.314051}, {"country_iso": "PER", "city_id": 528, "log_pop": 4.844871, "log_mass": 6.631272, "log_pop_c": 0.695235, "log_mass_c": 0.449337}, {"country_iso": "PER", "city_id": 528, "log_pop": 4.216402, "log_mass": 6.429425, "log_pop_c": 0.066766, "log_mass_c": 0.247491}, {"country_iso": "PER", "city_id": 528, "log_pop": 4.853152, "log_mass": 6.762091, "log_pop_c": 0.703516, "log_mass_c": 0.580156}, {"country_iso": "PER", "city_id": 528, "log_pop": 4.642759, "log_mass": 6.503785, "log_pop_c": 0.493123, "log_mass_c": 0.32185}, {"country_iso": "PER", "city_id": 753, "log_pop": 4.583588, "log_mass": 6.497877, "log_pop_c": 1.150613, "log_mass_c": 0.914632}, {"country_iso": "PER", "city_id": 421, "log_pop": 3.721413, "log_mass": 5.866438, "log_pop_c": 0.456884, "log_mass_c": 0.486255}, {"country_iso": "PER", "city_id": 528, "log_pop": 4.737152, "log_mass": 6.746647, "log_pop_c": 0.587516, "log_mass_c": 0.564713}, {"country_iso": "PER", "city_id": 753, "log_pop": 1.718447, "log_mass": 4.1937, "log_pop_c": -1.714528, "log_mass_c": -1.389544}, {"country_iso": "PER", "city_id": 528, "log_pop": 3.958352, "log_mass": 5.941903, "log_pop_c": -0.191284, "log_mass_c": -0.240031}, {"country_iso": "PER", "city_id": 528, "log_pop": 4.917476, "log_mass": 6.62707, "log_pop_c": 0.76784, "log_mass_c": 0.445136}, {"country_iso": "PER", "city_id": 528, "log_pop": 5.048857, "log_mass": 6.733225, "log_pop_c": 0.899221, "log_mass_c": 0.55129}, {"country_iso": "PER", "city_id": 528, "log_pop": 4.959917, "log_mass": 6.651477, "log_pop_c": 0.810281, "log_mass_c": 0.469542}, {"country_iso": "PER", "city_id": 466, "log_pop": 4.373999, "log_mass": 6.370871, "log_pop_c": 1.21108, "log_mass_c": 0.949791}, {"country_iso": "PER", "city_id": 528, "log_pop": 4.927635, "log_mass": 6.532741, "log_pop_c": 0.777999, "log_mass_c": 0.350807}]