[{"country_iso":"SUR","city_id":1059,"log_pop":2.7461925701,"log_mass":5.784803735},{"country_iso":"SUR","city_id":1059,"log_pop":3.0835127436,"log_mass":5.5773695757},{"country_iso":"SUR","city_id":1059,"log_pop":3.9659201434,"log_mass":6.5085259039},{"country_iso":"SUR","city_id":1059,"log_pop":3.2834048988,"log_mass":6.0764684953},{"country_iso":"SUR","city_id":1059,"log_pop":3.5293329005,"log_mass":6.2285136448},{"country_iso":"SUR","city_id":1059,"log_pop":2.4161974889,"log_mass":5.1197198645},{"country_iso":"SUR","city_id":1059,"log_pop":3.7649347064,"log_mass":6.5686205797},{"country_iso":"SUR","city_id":1059,"log_pop":3.2418997583,"log_mass":6.0221216112},{"country_iso":"SUR","city_id":1059,"log_pop":1.5364937061,"log_mass":4.6710225907},{"country_iso":"SUR","city_id":1059,"log_pop":3.3585938745,"log_mass":5.8436515656},{"country_iso":"SUR","city_id":1059,"log_pop":3.0013778946,"log_mass":5.9319125766},{"country_iso":"SUR","city_id":1059,"log_pop":2.505386973,"log_mass":5.2062522132},{"country_iso":"SUR","city_id":1059,"log_pop":4.205965913,"log_mass":6.1657669163},{"country_iso":"SUR","city_id":1059,"log_pop":3.3493352337,"log_mass":5.5053643313},{"country_iso":"SUR","city_id":1059,"log_pop":4.1018891157,"log_mass":6.5758725193},{"country_iso":"SUR","city_id":1059,"log_pop":4.1923873461,"log_mass":6.4286033059},{"country_iso":"SUR","city_id":1059,"log_pop":3.6797433526,"log_mass":5.8119904091},{"country_iso":"SUR","city_id":1059,"log_pop":3.1030506662,"log_mass":5.4400439616},{"country_iso":"SUR","city_id":1059,"log_pop":4.1433209892,"log_mass":6.4906982687},{"country_iso":"SUR","city_id":1059,"log_pop":2.3619939997,"log_mass":5.8061032982},{"country_iso":"SUR","city_id":1059,"log_pop":3.7605581567,"log_mass":6.6739061311},{"country_iso":"SUR","city_id":1059,"log_pop":2.8249878881,"log_mass":5.9041849714},{"country_iso":"SUR","city_id":1059,"log_pop":3.6868323566,"log_mass":6.6042376693},{"country_iso":"SUR","city_id":1059,"log_pop":2.3763315833,"log_mass":5.4070948242},{"country_iso":"SUR","city_id":1059,"log_pop":3.6156624436,"log_mass":6.4783446462},{"country_iso":"SUR","city_id":1059,"log_pop":3.002796521,"log_mass":5.5864920071},{"country_iso":"SUR","city_id":1059,"log_pop":0.9288106996,"log_mass":3.7812840644},{"country_iso":"SUR","city_id":1059,"log_pop":2.0266774379,"log_mass":4.7223612034},{"country_iso":"SUR","city_id":1059,"log_pop":3.4050685538,"log_mass":5.9372648447}]