[{"country_iso":"LBY","city_id":2971,"log_pop":3.1944838973,"log_mass":5.8848648764},{"country_iso":"LBY","city_id":2971,"log_pop":3.548686302,"log_mass":6.0685219776},{"country_iso":"LBY","city_id":2971,"log_pop":4.3116168078,"log_mass":6.8181551941},{"country_iso":"LBY","city_id":2971,"log_pop":4.3357158894,"log_mass":6.7912180225},{"country_iso":"LBY","city_id":2971,"log_pop":3.0806157178,"log_mass":5.576771588},{"country_iso":"LBY","city_id":2971,"log_pop":4.2275269265,"log_mass":6.6959429501},{"country_iso":"LBY","city_id":2971,"log_pop":3.9614870422,"log_mass":6.5109712424},{"country_iso":"LBY","city_id":2971,"log_pop":4.3732782489,"log_mass":6.7805772181},{"country_iso":"LBY","city_id":2971,"log_pop":4.2459814834,"log_mass":6.6749565232},{"country_iso":"LBY","city_id":2971,"log_pop":3.8008609677,"log_mass":6.3165017777},{"country_iso":"LBY","city_id":2971,"log_pop":3.5858599788,"log_mass":6.1064628514},{"country_iso":"LBY","city_id":2971,"log_pop":4.3598983101,"log_mass":6.7805256479},{"country_iso":"LBY","city_id":2971,"log_pop":4.3057262832,"log_mass":6.7343567494},{"country_iso":"LBY","city_id":2971,"log_pop":4.3147215743,"log_mass":6.6400424429},{"country_iso":"LBY","city_id":2971,"log_pop":4.1901629594,"log_mass":6.7025849379},{"country_iso":"LBY","city_id":2971,"log_pop":4.3143486241,"log_mass":6.7073327044},{"country_iso":"LBY","city_id":2971,"log_pop":3.2178462658,"log_mass":5.8460550403},{"country_iso":"LBY","city_id":2971,"log_pop":3.8004799986,"log_mass":6.2826606057},{"country_iso":"LBY","city_id":2971,"log_pop":4.2056376351,"log_mass":6.7008407153},{"country_iso":"LBY","city_id":2971,"log_pop":4.2579758475,"log_mass":6.7250785521},{"country_iso":"LBY","city_id":2971,"log_pop":4.2221522046,"log_mass":6.6671969491},{"country_iso":"LBY","city_id":2971,"log_pop":3.8661393736,"log_mass":6.311817196},{"country_iso":"LBY","city_id":2971,"log_pop":4.0858749835,"log_mass":6.5950420196},{"country_iso":"LBY","city_id":2971,"log_pop":4.2991720458,"log_mass":6.7052176823},{"country_iso":"LBY","city_id":2971,"log_pop":4.3250496608,"log_mass":6.7030969839},{"country_iso":"LBY","city_id":2971,"log_pop":4.3274776063,"log_mass":6.7278685305},{"country_iso":"LBY","city_id":2971,"log_pop":3.7382924006,"log_mass":6.243709555},{"country_iso":"LBY","city_id":2971,"log_pop":2.4488554752,"log_mass":5.026265952},{"country_iso":"LBY","city_id":2971,"log_pop":4.0822462449,"log_mass":6.5775384158},{"country_iso":"LBY","city_id":2971,"log_pop":4.1717599608,"log_mass":6.6481360352},{"country_iso":"LBY","city_id":2971,"log_pop":3.9029935817,"log_mass":6.431371001},{"country_iso":"LBY","city_id":2971,"log_pop":3.6274992034,"log_mass":6.0529610371},{"country_iso":"LBY","city_id":2971,"log_pop":3.9409472758,"log_mass":6.4584113938},{"country_iso":"LBY","city_id":2971,"log_pop":3.8299166276,"log_mass":6.2964750763},{"country_iso":"LBY","city_id":2971,"log_pop":4.0787376723,"log_mass":6.583458605},{"country_iso":"LBY","city_id":2971,"log_pop":2.8266664857,"log_mass":5.3223749355},{"country_iso":"LBY","city_id":2971,"log_pop":3.4631976268,"log_mass":6.1046784879},{"country_iso":"LBY","city_id":2971,"log_pop":3.9181165206,"log_mass":6.4620654309},{"country_iso":"LBY","city_id":2971,"log_pop":2.5206132464,"log_mass":5.2153650969},{"country_iso":"LBY","city_id":2971,"log_pop":3.7303084915,"log_mass":6.2807553762},{"country_iso":"LBY","city_id":2971,"log_pop":2.7328591022,"log_mass":5.3196409709},{"country_iso":"LBY","city_id":2971,"log_pop":2.2048314677,"log_mass":4.982391141},{"country_iso":"LBY","city_id":2971,"log_pop":2.3480909274,"log_mass":5.1976551416},{"country_iso":"LBY","city_id":2971,"log_pop":3.3167289777,"log_mass":6.1320193042},{"country_iso":"LBY","city_id":2971,"log_pop":3.3790582892,"log_mass":6.3454708281},{"country_iso":"LBY","city_id":2971,"log_pop":3.5374564192,"log_mass":6.45690524},{"country_iso":"LBY","city_id":2971,"log_pop":2.5740012102,"log_mass":5.4398921362},{"country_iso":"LBY","city_id":2971,"log_pop":2.8079569571,"log_mass":5.4244214063},{"country_iso":"LBY","city_id":2971,"log_pop":3.2059432083,"log_mass":5.7784561931},{"country_iso":"LBY","city_id":2971,"log_pop":3.5042376779,"log_mass":6.1136945597},{"country_iso":"LBY","city_id":2971,"log_pop":3.196317081,"log_mass":5.8123922863},{"country_iso":"LBY","city_id":2971,"log_pop":3.0659036228,"log_mass":5.5310058876},{"country_iso":"LBY","city_id":2971,"log_pop":3.6551297619,"log_mass":6.3118734702},{"country_iso":"LBY","city_id":2971,"log_pop":3.9073048692,"log_mass":6.4685601089},{"country_iso":"LBY","city_id":2971,"log_pop":3.4173461419,"log_mass":6.1464531871},{"country_iso":"LBY","city_id":2971,"log_pop":3.8207254836,"log_mass":6.3002835066},{"country_iso":"LBY","city_id":2971,"log_pop":3.8749325329,"log_mass":6.5978305384},{"country_iso":"LBY","city_id":2971,"log_pop":4.1124871679,"log_mass":6.6381932224},{"country_iso":"LBY","city_id":2971,"log_pop":3.2532282291,"log_mass":6.0596635473},{"country_iso":"LBY","city_id":2971,"log_pop":3.8638474006,"log_mass":6.4025010618},{"country_iso":"LBY","city_id":2971,"log_pop":3.8365190617,"log_mass":6.2957509116},{"country_iso":"LBY","city_id":2971,"log_pop":3.6789840542,"log_mass":6.080880542},{"country_iso":"LBY","city_id":2971,"log_pop":3.6445759751,"log_mass":6.1128401495},{"country_iso":"LBY","city_id":2971,"log_pop":3.8834013378,"log_mass":6.3744095381},{"country_iso":"LBY","city_id":2971,"log_pop":4.0420415453,"log_mass":6.4902665031},{"country_iso":"LBY","city_id":2971,"log_pop":3.8154737604,"log_mass":6.3110883153},{"country_iso":"LBY","city_id":2971,"log_pop":2.4897478828,"log_mass":5.3294624314},{"country_iso":"LBY","city_id":2971,"log_pop":1.7948284299,"log_mass":4.5752406212},{"country_iso":"LBY","city_id":2971,"log_pop":2.9296385041,"log_mass":5.7460754542},{"country_iso":"LBY","city_id":2971,"log_pop":3.8935090139,"log_mass":6.4364786157},{"country_iso":"LBY","city_id":2971,"log_pop":1.6498883065,"log_mass":4.8150149149},{"country_iso":"LBY","city_id":2971,"log_pop":3.3764007925,"log_mass":6.2485086204},{"country_iso":"LBY","city_id":2971,"log_pop":3.6801366242,"log_mass":6.5089937121},{"country_iso":"LBY","city_id":2971,"log_pop":3.8779866403,"log_mass":6.6725539113},{"country_iso":"LBY","city_id":2971,"log_pop":3.7820714013,"log_mass":6.5952321123},{"country_iso":"LBY","city_id":2971,"log_pop":2.8915713168,"log_mass":5.8027575417},{"country_iso":"LBY","city_id":2971,"log_pop":1.5667229149,"log_mass":4.1216966157},{"country_iso":"LBY","city_id":2971,"log_pop":2.3608201619,"log_mass":5.0901907449},{"country_iso":"LBY","city_id":2971,"log_pop":3.4780755151,"log_mass":5.9743822313},{"country_iso":"LBY","city_id":2971,"log_pop":3.5323513793,"log_mass":6.1227528395},{"country_iso":"LBY","city_id":2971,"log_pop":3.630359995,"log_mass":6.1095106835},{"country_iso":"LBY","city_id":2971,"log_pop":3.4912050616,"log_mass":6.0345447327},{"country_iso":"LBY","city_id":2971,"log_pop":3.9535061093,"log_mass":6.5101464646},{"country_iso":"LBY","city_id":2971,"log_pop":3.9085916669,"log_mass":6.4297622581},{"country_iso":"LBY","city_id":2971,"log_pop":3.9571112417,"log_mass":6.4495554897},{"country_iso":"LBY","city_id":2971,"log_pop":2.4634975673,"log_mass":5.0592552601},{"country_iso":"LBY","city_id":2971,"log_pop":3.5639531148,"log_mass":5.942459274},{"country_iso":"LBY","city_id":2971,"log_pop":3.1611465192,"log_mass":5.5889926177},{"country_iso":"LBY","city_id":2971,"log_pop":2.9301041007,"log_mass":5.5583889492},{"country_iso":"LBY","city_id":2971,"log_pop":3.6932901014,"log_mass":6.2127420077},{"country_iso":"LBY","city_id":2971,"log_pop":2.5998046965,"log_mass":5.3085573287},{"country_iso":"LBY","city_id":2971,"log_pop":3.2166646823,"log_mass":5.8297887578},{"country_iso":"LBY","city_id":2971,"log_pop":2.1262063822,"log_mass":5.0115635848},{"country_iso":"LBY","city_id":2971,"log_pop":3.7811847523,"log_mass":6.2494408028},{"country_iso":"LBY","city_id":2971,"log_pop":3.6319588951,"log_mass":6.1250551867},{"country_iso":"LBY","city_id":2971,"log_pop":3.554624554,"log_mass":5.9900522074},{"country_iso":"LBY","city_id":3349,"log_pop":3.0939621359,"log_mass":6.2087510351},{"country_iso":"LBY","city_id":3349,"log_pop":1.2219930461,"log_mass":4.5924662842},{"country_iso":"LBY","city_id":3349,"log_pop":2.6573964867,"log_mass":5.8864174221},{"country_iso":"LBY","city_id":3349,"log_pop":2.6347751753,"log_mass":6.0216403795},{"country_iso":"LBY","city_id":3349,"log_pop":1.8269368291,"log_mass":5.1445222025},{"country_iso":"LBY","city_id":3349,"log_pop":3.1892776933,"log_mass":6.3430068998},{"country_iso":"LBY","city_id":3349,"log_pop":2.4389655661,"log_mass":5.4145432725},{"country_iso":"LBY","city_id":3349,"log_pop":2.532694948,"log_mass":5.9964336776},{"country_iso":"LBY","city_id":3349,"log_pop":2.9423118352,"log_mass":5.7894475262},{"country_iso":"LBY","city_id":3349,"log_pop":1.1759060778,"log_mass":4.5508368031},{"country_iso":"LBY","city_id":3349,"log_pop":0.1509163813,"log_mass":3.4836920728},{"country_iso":"LBY","city_id":3349,"log_pop":4.0133994782,"log_mass":6.6088606541},{"country_iso":"LBY","city_id":3349,"log_pop":4.0341288332,"log_mass":6.6089065998},{"country_iso":"LBY","city_id":3349,"log_pop":3.05076702,"log_mass":6.0343414958},{"country_iso":"LBY","city_id":3349,"log_pop":3.141042594,"log_mass":5.8722261023},{"country_iso":"LBY","city_id":3349,"log_pop":3.9903476388,"log_mass":6.5993889167},{"country_iso":"LBY","city_id":3349,"log_pop":4.1968362878,"log_mass":6.7852113779},{"country_iso":"LBY","city_id":3349,"log_pop":3.7365071074,"log_mass":6.4375311999},{"country_iso":"LBY","city_id":3349,"log_pop":2.119651419,"log_mass":5.2999640288},{"country_iso":"LBY","city_id":3349,"log_pop":2.1515707482,"log_mass":5.2051707497},{"country_iso":"LBY","city_id":3349,"log_pop":1.0375837125,"log_mass":4.4022462445},{"country_iso":"LBY","city_id":3349,"log_pop":3.2432049459,"log_mass":6.1779194145},{"country_iso":"LBY","city_id":3349,"log_pop":3.4366057882,"log_mass":6.1252888953},{"country_iso":"LBY","city_id":3349,"log_pop":1.7769623433,"log_mass":4.88057088},{"country_iso":"LBY","city_id":3349,"log_pop":3.394180661,"log_mass":6.1627554993},{"country_iso":"LBY","city_id":3349,"log_pop":3.4725090447,"log_mass":6.262471502},{"country_iso":"LBY","city_id":3349,"log_pop":2.9077421789,"log_mass":5.8445446261},{"country_iso":"LBY","city_id":3349,"log_pop":4.0122041218,"log_mass":6.593119988},{"country_iso":"LBY","city_id":3349,"log_pop":3.2629013142,"log_mass":6.0126175637},{"country_iso":"LBY","city_id":3349,"log_pop":2.6179677664,"log_mass":5.5785453505},{"country_iso":"LBY","city_id":3349,"log_pop":2.6207119871,"log_mass":5.504563736},{"country_iso":"LBY","city_id":3349,"log_pop":2.4839912007,"log_mass":5.2462696271},{"country_iso":"LBY","city_id":3349,"log_pop":3.4738311623,"log_mass":6.279920833},{"country_iso":"LBY","city_id":3349,"log_pop":4.0269102483,"log_mass":6.6780700206},{"country_iso":"LBY","city_id":3349,"log_pop":3.5425748168,"log_mass":6.3873163465},{"country_iso":"LBY","city_id":3349,"log_pop":4.0846343605,"log_mass":6.7537432169},{"country_iso":"LBY","city_id":3349,"log_pop":2.9799499053,"log_mass":5.7328817463},{"country_iso":"LBY","city_id":3349,"log_pop":4.0431116741,"log_mass":6.6291440831},{"country_iso":"LBY","city_id":3349,"log_pop":3.3926967259,"log_mass":6.1438555258},{"country_iso":"LBY","city_id":3349,"log_pop":4.0829631321,"log_mass":6.699196538},{"country_iso":"LBY","city_id":3349,"log_pop":3.4078949141,"log_mass":6.2477202534},{"country_iso":"LBY","city_id":3349,"log_pop":4.1212367049,"log_mass":6.6676618763},{"country_iso":"LBY","city_id":3349,"log_pop":3.3018102817,"log_mass":5.990112244},{"country_iso":"LBY","city_id":3349,"log_pop":4.2314575327,"log_mass":6.7110458016},{"country_iso":"LBY","city_id":3095,"log_pop":2.5663661404,"log_mass":5.5623906803},{"country_iso":"LBY","city_id":3095,"log_pop":3.5913072132,"log_mass":6.4252628135},{"country_iso":"LBY","city_id":3095,"log_pop":3.4735920115,"log_mass":6.2969274141},{"country_iso":"LBY","city_id":3095,"log_pop":3.8214773886,"log_mass":6.5581873966},{"country_iso":"LBY","city_id":3095,"log_pop":1.1038761664,"log_mass":4.0959402328},{"country_iso":"LBY","city_id":3095,"log_pop":3.0877367914,"log_mass":5.9711316167},{"country_iso":"LBY","city_id":3095,"log_pop":2.7166492913,"log_mass":5.5775253971},{"country_iso":"LBY","city_id":3095,"log_pop":2.8193664581,"log_mass":5.6006002338},{"country_iso":"LBY","city_id":3095,"log_pop":1.1861851896,"log_mass":4.1295840631},{"country_iso":"LBY","city_id":3095,"log_pop":3.5469869117,"log_mass":6.3068722445},{"country_iso":"LBY","city_id":3095,"log_pop":3.6485570034,"log_mass":6.4681075128},{"country_iso":"LBY","city_id":3095,"log_pop":1.8533459161,"log_mass":4.9423919045},{"country_iso":"LBY","city_id":3095,"log_pop":3.5645469256,"log_mass":6.4073512791},{"country_iso":"LBY","city_id":3095,"log_pop":3.9163877333,"log_mass":6.6406215834},{"country_iso":"LBY","city_id":3095,"log_pop":3.6384772155,"log_mass":6.4467738653},{"country_iso":"LBY","city_id":3095,"log_pop":3.9622955201,"log_mass":6.6658717223},{"country_iso":"LBY","city_id":3095,"log_pop":3.0190346537,"log_mass":5.9381366339},{"country_iso":"LBY","city_id":3095,"log_pop":3.16171271,"log_mass":6.1121543083},{"country_iso":"LBY","city_id":3095,"log_pop":-0.452601179,"log_mass":3.5570779257},{"country_iso":"LBY","city_id":3095,"log_pop":2.1831082603,"log_mass":5.1257748314},{"country_iso":"LBY","city_id":3095,"log_pop":3.5553787728,"log_mass":6.4090923057},{"country_iso":"LBY","city_id":3095,"log_pop":2.7756406629,"log_mass":5.6687643395},{"country_iso":"LBY","city_id":3095,"log_pop":3.6036506058,"log_mass":6.4430076945},{"country_iso":"LBY","city_id":3095,"log_pop":3.0401725085,"log_mass":5.9623699908},{"country_iso":"LBY","city_id":3095,"log_pop":1.7289602977,"log_mass":4.873679977},{"country_iso":"LBY","city_id":3095,"log_pop":2.0115449515,"log_mass":4.9997182175},{"country_iso":"LBY","city_id":3095,"log_pop":3.7974175315,"log_mass":6.6286398765},{"country_iso":"LBY","city_id":3095,"log_pop":3.6957090212,"log_mass":6.5516242256},{"country_iso":"LBY","city_id":3095,"log_pop":3.821718265,"log_mass":6.6429274126},{"country_iso":"LBY","city_id":3095,"log_pop":3.2983160769,"log_mass":6.1856816422},{"country_iso":"LBY","city_id":3095,"log_pop":3.800895834,"log_mass":6.5988001156},{"country_iso":"LBY","city_id":3095,"log_pop":3.6740003295,"log_mass":6.5413624182},{"country_iso":"LBY","city_id":3095,"log_pop":3.9487967032,"log_mass":6.6951148554},{"country_iso":"LBY","city_id":3095,"log_pop":1.188882182,"log_mass":4.0453882988},{"country_iso":"LBY","city_id":3095,"log_pop":2.9993410989,"log_mass":5.8429135468},{"country_iso":"LBY","city_id":3095,"log_pop":3.5419148074,"log_mass":6.4088931175},{"country_iso":"LBY","city_id":3095,"log_pop":3.5645130084,"log_mass":6.4444009391},{"country_iso":"LBY","city_id":3095,"log_pop":1.3904503039,"log_mass":4.3972339779},{"country_iso":"LBY","city_id":3095,"log_pop":2.8378543972,"log_mass":5.7585575647},{"country_iso":"LBY","city_id":3095,"log_pop":2.4924962556,"log_mass":5.3467568607},{"country_iso":"LBY","city_id":2954,"log_pop":3.6318527202,"log_mass":6.330878985},{"country_iso":"LBY","city_id":2954,"log_pop":3.8299598477,"log_mass":6.5228020177},{"country_iso":"LBY","city_id":2954,"log_pop":2.3676182198,"log_mass":5.1428394414},{"country_iso":"LBY","city_id":2954,"log_pop":3.6231353938,"log_mass":6.2723705255},{"country_iso":"LBY","city_id":2954,"log_pop":4.0505233557,"log_mass":6.7138738076},{"country_iso":"LBY","city_id":2954,"log_pop":2.4417093322,"log_mass":5.3397484402},{"country_iso":"LBY","city_id":2954,"log_pop":3.6195439355,"log_mass":6.4831840208},{"country_iso":"LBY","city_id":2954,"log_pop":3.6799645984,"log_mass":6.5058777038},{"country_iso":"LBY","city_id":2954,"log_pop":2.4632898089,"log_mass":5.5569329867},{"country_iso":"LBY","city_id":2954,"log_pop":3.4776243581,"log_mass":6.2555914476},{"country_iso":"LBY","city_id":2954,"log_pop":3.3622284738,"log_mass":6.0653478455},{"country_iso":"LBY","city_id":2954,"log_pop":3.7341616319,"log_mass":6.470896009},{"country_iso":"LBY","city_id":2954,"log_pop":3.6067062153,"log_mass":6.3820603041},{"country_iso":"LBY","city_id":2954,"log_pop":1.5022211563,"log_mass":4.3067165158},{"country_iso":"LBY","city_id":2954,"log_pop":2.7852932702,"log_mass":5.6378669114},{"country_iso":"LBY","city_id":2954,"log_pop":3.4347658053,"log_mass":6.2449937239},{"country_iso":"LBY","city_id":2954,"log_pop":3.0801611347,"log_mass":6.0476130769},{"country_iso":"LBY","city_id":2954,"log_pop":3.3493572406,"log_mass":6.0317383665},{"country_iso":"LBY","city_id":3042,"log_pop":1.7880250143,"log_mass":4.7629454921},{"country_iso":"LBY","city_id":3042,"log_pop":0.7770867772,"log_mass":3.8498176494},{"country_iso":"LBY","city_id":3042,"log_pop":3.2915296193,"log_mass":6.1271010918},{"country_iso":"LBY","city_id":3042,"log_pop":3.3296288168,"log_mass":6.2121278225},{"country_iso":"LBY","city_id":3042,"log_pop":1.6117796423,"log_mass":4.7672548998},{"country_iso":"LBY","city_id":3042,"log_pop":2.9610810789,"log_mass":5.774566702},{"country_iso":"LBY","city_id":3042,"log_pop":3.1179350256,"log_mass":5.9715559199},{"country_iso":"LBY","city_id":3042,"log_pop":3.4348802083,"log_mass":6.3539511473},{"country_iso":"LBY","city_id":3042,"log_pop":1.0528344675,"log_mass":4.017189261},{"country_iso":"LBY","city_id":3042,"log_pop":-0.4132420879,"log_mass":3.4051113228},{"country_iso":"LBY","city_id":3042,"log_pop":3.1740105613,"log_mass":5.9572980072},{"country_iso":"LBY","city_id":3042,"log_pop":1.6895581895,"log_mass":4.7166088656},{"country_iso":"LBY","city_id":3042,"log_pop":2.2761456786,"log_mass":5.3029680615},{"country_iso":"LBY","city_id":3042,"log_pop":3.207388869,"log_mass":6.1261276127},{"country_iso":"LBY","city_id":3042,"log_pop":2.7879424,"log_mass":5.8493472174},{"country_iso":"LBY","city_id":3042,"log_pop":3.0662802257,"log_mass":5.9866296038},{"country_iso":"LBY","city_id":3042,"log_pop":2.9917862731,"log_mass":5.9544847332},{"country_iso":"LBY","city_id":3459,"log_pop":3.0830746931,"log_mass":6.0897399229},{"country_iso":"LBY","city_id":3459,"log_pop":3.7705190089,"log_mass":6.5908829088},{"country_iso":"LBY","city_id":3459,"log_pop":2.9947259548,"log_mass":5.8438365578},{"country_iso":"LBY","city_id":3459,"log_pop":1.5905731349,"log_mass":4.9303599036},{"country_iso":"LBY","city_id":3459,"log_pop":3.4003685528,"log_mass":6.3888438765},{"country_iso":"LBY","city_id":3459,"log_pop":2.393913546,"log_mass":5.5825830385},{"country_iso":"LBY","city_id":3459,"log_pop":2.9841610028,"log_mass":5.8808699329},{"country_iso":"LBY","city_id":3459,"log_pop":3.0343984501,"log_mass":6.0695928462},{"country_iso":"LBY","city_id":3459,"log_pop":3.8046131333,"log_mass":6.6130760008},{"country_iso":"LBY","city_id":3459,"log_pop":3.5241663327,"log_mass":6.4562125897},{"country_iso":"LBY","city_id":3459,"log_pop":3.4265871929,"log_mass":6.2823723635},{"country_iso":"LBY","city_id":3459,"log_pop":3.263206267,"log_mass":6.3403785551},{"country_iso":"LBY","city_id":3459,"log_pop":3.0238115278,"log_mass":6.0420119066},{"country_iso":"LBY","city_id":3459,"log_pop":2.4676545146,"log_mass":5.6448901504},{"country_iso":"LBY","city_id":3058,"log_pop":2.9015232389,"log_mass":5.8081345685},{"country_iso":"LBY","city_id":3058,"log_pop":3.6818485347,"log_mass":6.4386090316},{"country_iso":"LBY","city_id":3058,"log_pop":3.1385164478,"log_mass":5.926539965},{"country_iso":"LBY","city_id":3058,"log_pop":2.4935431886,"log_mass":5.2331858323},{"country_iso":"LBY","city_id":3058,"log_pop":3.8426383973,"log_mass":6.5907562032},{"country_iso":"LBY","city_id":3058,"log_pop":3.4716813965,"log_mass":6.3005480043},{"country_iso":"LBY","city_id":3058,"log_pop":2.952547735,"log_mass":5.7339304555},{"country_iso":"LBY","city_id":3058,"log_pop":0.0511142759,"log_mass":3.5181027764},{"country_iso":"LBY","city_id":3058,"log_pop":3.4368753566,"log_mass":6.3099489672},{"country_iso":"LBY","city_id":3058,"log_pop":3.5603630066,"log_mass":6.4001017979},{"country_iso":"LBY","city_id":3058,"log_pop":2.1606808306,"log_mass":5.4091084993},{"country_iso":"LBY","city_id":3058,"log_pop":3.0439450229,"log_mass":5.8740946713},{"country_iso":"LBY","city_id":3058,"log_pop":0.100122786,"log_mass":3.2198063339},{"country_iso":"LBY","city_id":2949,"log_pop":3.2146315825,"log_mass":5.9493501774},{"country_iso":"LBY","city_id":2949,"log_pop":2.7745618608,"log_mass":5.7577534903},{"country_iso":"LBY","city_id":2949,"log_pop":3.495717733,"log_mass":6.2639233114},{"country_iso":"LBY","city_id":2949,"log_pop":1.8613368005,"log_mass":4.731977184},{"country_iso":"LBY","city_id":2949,"log_pop":2.3165439406,"log_mass":5.2447404591},{"country_iso":"LBY","city_id":2949,"log_pop":3.6065391233,"log_mass":6.3505929674},{"country_iso":"LBY","city_id":2949,"log_pop":2.4135634078,"log_mass":5.3001407512},{"country_iso":"LBY","city_id":2949,"log_pop":3.756002455,"log_mass":6.4973061316},{"country_iso":"LBY","city_id":2949,"log_pop":3.7694079333,"log_mass":6.5001988079},{"country_iso":"LBY","city_id":2949,"log_pop":1.2941078897,"log_mass":4.4226567533},{"country_iso":"LBY","city_id":2949,"log_pop":3.171363892,"log_mass":6.0526767663},{"country_iso":"LBY","city_id":3201,"log_pop":1.3148963038,"log_mass":4.5022289877},{"country_iso":"LBY","city_id":3201,"log_pop":1.9284012758,"log_mass":5.1681826862},{"country_iso":"LBY","city_id":3201,"log_pop":2.2547268698,"log_mass":5.4196113738},{"country_iso":"LBY","city_id":3201,"log_pop":3.1004939933,"log_mass":6.2396170251},{"country_iso":"LBY","city_id":3201,"log_pop":1.6366924856,"log_mass":5.0827600014},{"country_iso":"LBY","city_id":3201,"log_pop":2.7497295631,"log_mass":5.8957131364},{"country_iso":"LBY","city_id":3201,"log_pop":1.3488236579,"log_mass":4.5683404612},{"country_iso":"LBY","city_id":3201,"log_pop":1.2848736977,"log_mass":4.6472528533},{"country_iso":"LBY","city_id":3201,"log_pop":3.4559434971,"log_mass":6.6052498237},{"country_iso":"LBY","city_id":3201,"log_pop":3.1520842455,"log_mass":6.3317903202},{"country_iso":"LBY","city_id":3201,"log_pop":1.878892473,"log_mass":5.0564823746},{"country_iso":"LBY","city_id":3395,"log_pop":1.5585487119,"log_mass":4.3718661447},{"country_iso":"LBY","city_id":3395,"log_pop":3.1704586075,"log_mass":5.969095197},{"country_iso":"LBY","city_id":3395,"log_pop":3.8728173183,"log_mass":6.6362150321},{"country_iso":"LBY","city_id":3395,"log_pop":-1.7198633784,"log_mass":1.9366072744},{"country_iso":"LBY","city_id":3395,"log_pop":1.9128526779,"log_mass":4.8142588581},{"country_iso":"LBY","city_id":3395,"log_pop":3.4840052426,"log_mass":6.2900785965},{"country_iso":"LBY","city_id":3395,"log_pop":3.378239484,"log_mass":6.2148072834},{"country_iso":"LBY","city_id":3395,"log_pop":3.5215210102,"log_mass":6.3442284329},{"country_iso":"LBY","city_id":3395,"log_pop":2.1443403241,"log_mass":5.0994382807},{"country_iso":"LBY","city_id":3395,"log_pop":3.6320005496,"log_mass":6.3588557641},{"country_iso":"LBY","city_id":3039,"log_pop":3.7997053064,"log_mass":6.5051306389},{"country_iso":"LBY","city_id":3039,"log_pop":3.1847318573,"log_mass":5.9501498136},{"country_iso":"LBY","city_id":3039,"log_pop":2.8731701926,"log_mass":5.6827402541},{"country_iso":"LBY","city_id":3039,"log_pop":3.0082300866,"log_mass":5.9212454203},{"country_iso":"LBY","city_id":3039,"log_pop":2.7307150003,"log_mass":5.5356664335},{"country_iso":"LBY","city_id":3039,"log_pop":1.9642366149,"log_mass":4.7552384971},{"country_iso":"LBY","city_id":3039,"log_pop":2.434511645,"log_mass":5.5290011424},{"country_iso":"LBY","city_id":3039,"log_pop":2.0608101909,"log_mass":5.2637774035},{"country_iso":"LBY","city_id":3039,"log_pop":2.3666202766,"log_mass":5.1843032623},{"country_iso":"LBY","city_id":3358,"log_pop":3.4307004449,"log_mass":6.4143834626},{"country_iso":"LBY","city_id":3358,"log_pop":1.4196078701,"log_mass":4.5632864502},{"country_iso":"LBY","city_id":3358,"log_pop":3.6932157492,"log_mass":6.6140025056},{"country_iso":"LBY","city_id":3358,"log_pop":3.4508815022,"log_mass":6.3947187265},{"country_iso":"LBY","city_id":3358,"log_pop":3.1848518914,"log_mass":6.1385657107},{"country_iso":"LBY","city_id":3358,"log_pop":2.240611397,"log_mass":5.2943052538},{"country_iso":"LBY","city_id":3358,"log_pop":3.0168039415,"log_mass":6.003506203},{"country_iso":"LBY","city_id":3358,"log_pop":1.8869177567,"log_mass":4.9339985797},{"country_iso":"LBY","city_id":3419,"log_pop":3.4673200565,"log_mass":6.373337354},{"country_iso":"LBY","city_id":3419,"log_pop":2.1521315946,"log_mass":5.2201224597},{"country_iso":"LBY","city_id":3419,"log_pop":3.1055210627,"log_mass":6.0408477068},{"country_iso":"LBY","city_id":3419,"log_pop":3.2018087158,"log_mass":6.1535105907},{"country_iso":"LBY","city_id":3419,"log_pop":2.6923937833,"log_mass":5.7636308428},{"country_iso":"LBY","city_id":3419,"log_pop":3.5570803687,"log_mass":6.5118851828},{"country_iso":"LBY","city_id":3419,"log_pop":3.1984235466,"log_mass":6.1254109793},{"country_iso":"LBY","city_id":3370,"log_pop":1.1290572796,"log_mass":4.1549195974},{"country_iso":"LBY","city_id":3370,"log_pop":3.3867945415,"log_mass":5.997527587},{"country_iso":"LBY","city_id":3370,"log_pop":2.7948082634,"log_mass":5.5413834172},{"country_iso":"LBY","city_id":3370,"log_pop":3.2832563486,"log_mass":5.9153641985},{"country_iso":"LBY","city_id":3370,"log_pop":3.5953571062,"log_mass":6.2321108362},{"country_iso":"LBY","city_id":3370,"log_pop":3.767478862,"log_mass":6.4129479282},{"country_iso":"LBY","city_id":3090,"log_pop":0.9346423004,"log_mass":4.7677837123},{"country_iso":"LBY","city_id":3090,"log_pop":2.650937179,"log_mass":5.7138579805},{"country_iso":"LBY","city_id":3090,"log_pop":1.223685151,"log_mass":5.1934590629},{"country_iso":"LBY","city_id":3090,"log_pop":1.8478758756,"log_mass":5.2958549347},{"country_iso":"LBY","city_id":3090,"log_pop":0.6396386668,"log_mass":4.9698283137}]