[{"country_iso":"HRV","city_id":3032,"log_pop":2.3948699645,"log_mass":4.8760231883},{"country_iso":"HRV","city_id":3032,"log_pop":4.0055318421,"log_mass":6.6675029214},{"country_iso":"HRV","city_id":3032,"log_pop":4.0670436238,"log_mass":6.7226873233},{"country_iso":"HRV","city_id":3032,"log_pop":3.0280191494,"log_mass":5.7122542643},{"country_iso":"HRV","city_id":3032,"log_pop":3.6786986843,"log_mass":6.3908864017},{"country_iso":"HRV","city_id":3032,"log_pop":3.0536052374,"log_mass":5.6572187504},{"country_iso":"HRV","city_id":3032,"log_pop":3.6125674497,"log_mass":6.0900030679},{"country_iso":"HRV","city_id":3032,"log_pop":3.6395958839,"log_mass":6.1830345151},{"country_iso":"HRV","city_id":3032,"log_pop":3.786694571,"log_mass":6.3123799162},{"country_iso":"HRV","city_id":3032,"log_pop":4.0845049465,"log_mass":6.68225539},{"country_iso":"HRV","city_id":3032,"log_pop":4.154530558,"log_mass":6.910139264},{"country_iso":"HRV","city_id":3032,"log_pop":4.0183853264,"log_mass":6.5993964066},{"country_iso":"HRV","city_id":3032,"log_pop":3.4711905147,"log_mass":5.9582720993},{"country_iso":"HRV","city_id":3032,"log_pop":3.2126036189,"log_mass":5.7300591245},{"country_iso":"HRV","city_id":3032,"log_pop":3.9812620333,"log_mass":6.4455307744},{"country_iso":"HRV","city_id":3032,"log_pop":3.8471920876,"log_mass":6.4663436003},{"country_iso":"HRV","city_id":3032,"log_pop":3.7174137834,"log_mass":6.2244262275},{"country_iso":"HRV","city_id":3032,"log_pop":3.7086246744,"log_mass":6.229173313},{"country_iso":"HRV","city_id":3032,"log_pop":3.1292454956,"log_mass":5.8055759109},{"country_iso":"HRV","city_id":3032,"log_pop":3.7900397973,"log_mass":6.3843168138},{"country_iso":"HRV","city_id":3032,"log_pop":3.5546293471,"log_mass":6.081402485},{"country_iso":"HRV","city_id":3032,"log_pop":3.8453204389,"log_mass":6.429383605},{"country_iso":"HRV","city_id":3032,"log_pop":4.0820836391,"log_mass":6.7702690179},{"country_iso":"HRV","city_id":3032,"log_pop":4.0119343011,"log_mass":6.6850510742},{"country_iso":"HRV","city_id":3032,"log_pop":3.8144300101,"log_mass":6.4006175225},{"country_iso":"HRV","city_id":3032,"log_pop":3.965686626,"log_mass":6.5444587765},{"country_iso":"HRV","city_id":3032,"log_pop":4.104780884,"log_mass":6.754547372},{"country_iso":"HRV","city_id":3032,"log_pop":4.1297656722,"log_mass":6.9519702251},{"country_iso":"HRV","city_id":3032,"log_pop":4.0651429495,"log_mass":6.7559219731},{"country_iso":"HRV","city_id":3032,"log_pop":3.4161582769,"log_mass":6.0230167701},{"country_iso":"HRV","city_id":3032,"log_pop":3.3359117997,"log_mass":5.9739625083},{"country_iso":"HRV","city_id":3032,"log_pop":3.3940854279,"log_mass":6.0499157089},{"country_iso":"HRV","city_id":3032,"log_pop":4.0831999789,"log_mass":6.72029843},{"country_iso":"HRV","city_id":3032,"log_pop":3.9640853846,"log_mass":6.6365399432},{"country_iso":"HRV","city_id":3032,"log_pop":3.941027179,"log_mass":6.5331984488},{"country_iso":"HRV","city_id":3032,"log_pop":3.0591930215,"log_mass":5.5099135338},{"country_iso":"HRV","city_id":3032,"log_pop":3.3375855681,"log_mass":5.8380696781},{"country_iso":"HRV","city_id":3032,"log_pop":1.8484194653,"log_mass":4.4009966974},{"country_iso":"HRV","city_id":3032,"log_pop":3.4651297636,"log_mass":5.8922998008},{"country_iso":"HRV","city_id":3032,"log_pop":3.6556412329,"log_mass":6.1142944376},{"country_iso":"HRV","city_id":3032,"log_pop":3.541143572,"log_mass":6.0131992655},{"country_iso":"HRV","city_id":3032,"log_pop":1.9701097274,"log_mass":4.3465718361},{"country_iso":"HRV","city_id":3032,"log_pop":2.4541897429,"log_mass":5.1283894994},{"country_iso":"HRV","city_id":3032,"log_pop":3.625959796,"log_mass":6.158755582},{"country_iso":"HRV","city_id":3032,"log_pop":2.372135628,"log_mass":4.9939485119},{"country_iso":"HRV","city_id":3032,"log_pop":2.4506883758,"log_mass":4.8265284252},{"country_iso":"HRV","city_id":3032,"log_pop":3.8591009864,"log_mass":6.3486309959},{"country_iso":"HRV","city_id":3032,"log_pop":3.4217552163,"log_mass":5.956045484},{"country_iso":"HRV","city_id":3032,"log_pop":2.8192110602,"log_mass":5.3017959988},{"country_iso":"HRV","city_id":3032,"log_pop":3.0793733338,"log_mass":5.6603526463},{"country_iso":"HRV","city_id":3032,"log_pop":3.2781398171,"log_mass":5.9586893429},{"country_iso":"HRV","city_id":3032,"log_pop":2.7839556992,"log_mass":5.3975850299},{"country_iso":"HRV","city_id":3032,"log_pop":2.2468290617,"log_mass":4.9058515081},{"country_iso":"HRV","city_id":3032,"log_pop":3.4234461085,"log_mass":6.0438892319},{"country_iso":"HRV","city_id":3032,"log_pop":2.3646365004,"log_mass":4.9945124441},{"country_iso":"HRV","city_id":3032,"log_pop":3.7828688885,"log_mass":6.2715854943},{"country_iso":"HRV","city_id":3032,"log_pop":3.859840888,"log_mass":6.354139201},{"country_iso":"HRV","city_id":3032,"log_pop":1.6583682034,"log_mass":4.3360702843},{"country_iso":"HRV","city_id":3032,"log_pop":0.6748476137,"log_mass":3.7875116762},{"country_iso":"HRV","city_id":3084,"log_pop":2.5276610606,"log_mass":5.247931852},{"country_iso":"HRV","city_id":3084,"log_pop":1.2315667776,"log_mass":3.5504711774},{"country_iso":"HRV","city_id":3084,"log_pop":3.7434667019,"log_mass":6.0612434689},{"country_iso":"HRV","city_id":3084,"log_pop":3.3783016744,"log_mass":6.254589684},{"country_iso":"HRV","city_id":3084,"log_pop":1.3845464256,"log_mass":4.3730939187},{"country_iso":"HRV","city_id":3084,"log_pop":4.2903877803,"log_mass":6.6193583531},{"country_iso":"HRV","city_id":3084,"log_pop":3.7580641909,"log_mass":6.1929754839},{"country_iso":"HRV","city_id":3084,"log_pop":3.6319114971,"log_mass":6.075515159},{"country_iso":"HRV","city_id":3084,"log_pop":2.1545877169,"log_mass":5.0913498092},{"country_iso":"HRV","city_id":3084,"log_pop":3.4095504236,"log_mass":6.2260986308},{"country_iso":"HRV","city_id":3084,"log_pop":3.3523674478,"log_mass":6.1576371502},{"country_iso":"HRV","city_id":3084,"log_pop":2.5800729755,"log_mass":5.8202625747},{"country_iso":"HRV","city_id":3084,"log_pop":2.3352169628,"log_mass":5.8331067545},{"country_iso":"HRV","city_id":3084,"log_pop":4.1006031097,"log_mass":6.6362852464},{"country_iso":"HRV","city_id":3084,"log_pop":3.414392898,"log_mass":6.0907160342},{"country_iso":"HRV","city_id":3084,"log_pop":3.3107916293,"log_mass":6.0421901447},{"country_iso":"HRV","city_id":3084,"log_pop":3.5544467886,"log_mass":6.367245067},{"country_iso":"HRV","city_id":3084,"log_pop":3.3472796005,"log_mass":6.1807612619},{"country_iso":"HRV","city_id":3084,"log_pop":4.3094830297,"log_mass":6.8330273911},{"country_iso":"HRV","city_id":3084,"log_pop":4.4362604037,"log_mass":6.876170525},{"country_iso":"HRV","city_id":3084,"log_pop":3.3191113866,"log_mass":5.6667187654},{"country_iso":"HRV","city_id":3084,"log_pop":3.7271128784,"log_mass":6.1093273129},{"country_iso":"HRV","city_id":3084,"log_pop":3.1255407948,"log_mass":5.5551307743},{"country_iso":"HRV","city_id":3084,"log_pop":3.9191604279,"log_mass":6.4892517978},{"country_iso":"HRV","city_id":3084,"log_pop":3.0968182829,"log_mass":5.4528028061},{"country_iso":"HRV","city_id":3084,"log_pop":2.30464543,"log_mass":5.0275812815},{"country_iso":"HRV","city_id":3084,"log_pop":2.5974317024,"log_mass":5.3378179895},{"country_iso":"HRV","city_id":2964,"log_pop":3.4264990435,"log_mass":6.3221220087},{"country_iso":"HRV","city_id":2964,"log_pop":3.6266770725,"log_mass":6.2076912439},{"country_iso":"HRV","city_id":2964,"log_pop":3.0769471021,"log_mass":6.0890240682},{"country_iso":"HRV","city_id":2964,"log_pop":2.7938908845,"log_mass":5.3464799491},{"country_iso":"HRV","city_id":2964,"log_pop":2.2347880962,"log_mass":5.1808757433},{"country_iso":"HRV","city_id":2964,"log_pop":2.824366058,"log_mass":5.6142001471},{"country_iso":"HRV","city_id":2964,"log_pop":2.6548740982,"log_mass":5.6911103961},{"country_iso":"HRV","city_id":2964,"log_pop":4.1369266155,"log_mass":6.6200993746},{"country_iso":"HRV","city_id":2964,"log_pop":3.5193778987,"log_mass":5.8647755946},{"country_iso":"HRV","city_id":2964,"log_pop":3.2267864286,"log_mass":5.8195344545},{"country_iso":"HRV","city_id":2964,"log_pop":3.9943561233,"log_mass":6.6005382885},{"country_iso":"HRV","city_id":2964,"log_pop":3.7298793476,"log_mass":6.3328665575},{"country_iso":"HRV","city_id":2964,"log_pop":3.2260703577,"log_mass":5.6493510462},{"country_iso":"HRV","city_id":2964,"log_pop":4.139573472,"log_mass":6.6073909614},{"country_iso":"HRV","city_id":2964,"log_pop":1.7661351866,"log_mass":4.7982033569},{"country_iso":"HRV","city_id":2964,"log_pop":3.003486918,"log_mass":5.7356892363},{"country_iso":"HRV","city_id":2964,"log_pop":1.1124396213,"log_mass":4.3635514669},{"country_iso":"HRV","city_id":2964,"log_pop":2.63264141,"log_mass":5.095300154},{"country_iso":"HRV","city_id":2964,"log_pop":3.7170646825,"log_mass":6.2734234056},{"country_iso":"HRV","city_id":2964,"log_pop":0.8835563138,"log_mass":4.1556648464},{"country_iso":"HRV","city_id":2964,"log_pop":4.0210901495,"log_mass":6.540073321},{"country_iso":"HRV","city_id":2964,"log_pop":2.6650091523,"log_mass":5.3766432733},{"country_iso":"HRV","city_id":2964,"log_pop":1.5599778369,"log_mass":4.7878305267},{"country_iso":"HRV","city_id":3017,"log_pop":3.3964011019,"log_mass":6.153714275},{"country_iso":"HRV","city_id":3017,"log_pop":3.0453773645,"log_mass":5.6567048339},{"country_iso":"HRV","city_id":3017,"log_pop":4.0367940653,"log_mass":6.6728370604},{"country_iso":"HRV","city_id":3017,"log_pop":2.5835218078,"log_mass":5.1796861925},{"country_iso":"HRV","city_id":3017,"log_pop":3.1935223903,"log_mass":5.8195714765},{"country_iso":"HRV","city_id":3017,"log_pop":3.9996328515,"log_mass":6.6941340291},{"country_iso":"HRV","city_id":3017,"log_pop":2.026820957,"log_mass":4.8998593965},{"country_iso":"HRV","city_id":3017,"log_pop":3.4363166289,"log_mass":6.2213247766},{"country_iso":"HRV","city_id":3017,"log_pop":1.6882982193,"log_mass":4.48108909},{"country_iso":"HRV","city_id":3017,"log_pop":1.4519582766,"log_mass":4.2849682343},{"country_iso":"HRV","city_id":3017,"log_pop":3.4964936903,"log_mass":6.1484220311},{"country_iso":"HRV","city_id":3017,"log_pop":3.2787267521,"log_mass":5.9271803893},{"country_iso":"HRV","city_id":3017,"log_pop":2.0173482026,"log_mass":4.7049475541},{"country_iso":"HRV","city_id":3195,"log_pop":3.5877739648,"log_mass":6.2967954543},{"country_iso":"HRV","city_id":3195,"log_pop":3.8453996908,"log_mass":6.5522396968},{"country_iso":"HRV","city_id":3195,"log_pop":2.7968388827,"log_mass":5.3795415818},{"country_iso":"HRV","city_id":3195,"log_pop":2.8616197675,"log_mass":5.6158118596},{"country_iso":"HRV","city_id":3195,"log_pop":2.4087681816,"log_mass":5.2173937047},{"country_iso":"HRV","city_id":3195,"log_pop":2.7260726093,"log_mass":5.4340362012},{"country_iso":"HRV","city_id":3195,"log_pop":3.482794789,"log_mass":6.2706608046},{"country_iso":"HRV","city_id":3195,"log_pop":2.7727668349,"log_mass":5.5199808803},{"country_iso":"HRV","city_id":3195,"log_pop":3.7702907672,"log_mass":6.5365691902},{"country_iso":"HRV","city_id":3195,"log_pop":3.4403993136,"log_mass":6.2447990505},{"country_iso":"HRV","city_id":3195,"log_pop":3.4284717733,"log_mass":6.1489301536},{"country_iso":"HRV","city_id":3166,"log_pop":3.0930102828,"log_mass":5.6797882035},{"country_iso":"HRV","city_id":3166,"log_pop":3.4780946658,"log_mass":6.1848512167},{"country_iso":"HRV","city_id":3166,"log_pop":1.8358601648,"log_mass":4.9218144105},{"country_iso":"HRV","city_id":3166,"log_pop":3.2015169501,"log_mass":5.6841968304},{"country_iso":"HRV","city_id":3166,"log_pop":3.478532317,"log_mass":6.0587914234},{"country_iso":"HRV","city_id":3166,"log_pop":3.9483324216,"log_mass":6.6560390625},{"country_iso":"HRV","city_id":3166,"log_pop":3.1289679462,"log_mass":6.0753883774},{"country_iso":"HRV","city_id":3166,"log_pop":2.5950989032,"log_mass":5.1679891767},{"country_iso":"HRV","city_id":3166,"log_pop":3.2880149259,"log_mass":5.806564129}]