[{"country_iso":"PSE","city_id":4285,"log_pop":4.3111163618,"log_mass":6.0832947578},{"country_iso":"PSE","city_id":4285,"log_pop":4.7168958901,"log_mass":6.5211365325},{"country_iso":"PSE","city_id":4285,"log_pop":2.9696249015,"log_mass":5.1622548128},{"country_iso":"PSE","city_id":4285,"log_pop":4.2117385079,"log_mass":6.0832882703},{"country_iso":"PSE","city_id":4285,"log_pop":4.1415115216,"log_mass":6.0552653815},{"country_iso":"PSE","city_id":4285,"log_pop":2.7060240077,"log_mass":5.1910289248},{"country_iso":"PSE","city_id":4285,"log_pop":3.2478486541,"log_mass":5.4685421157},{"country_iso":"PSE","city_id":4285,"log_pop":3.5762557833,"log_mass":5.7520863356},{"country_iso":"PSE","city_id":4285,"log_pop":2.8638952589,"log_mass":5.0962452699},{"country_iso":"PSE","city_id":4285,"log_pop":2.7205347705,"log_mass":5.1520339531},{"country_iso":"PSE","city_id":4285,"log_pop":3.6189086452,"log_mass":5.6879739079},{"country_iso":"PSE","city_id":4285,"log_pop":3.6258499401,"log_mass":5.7877478936},{"country_iso":"PSE","city_id":4285,"log_pop":2.8163335331,"log_mass":5.2782292934},{"country_iso":"PSE","city_id":4285,"log_pop":0.9792317008,"log_mass":3.5537464417},{"country_iso":"PSE","city_id":4285,"log_pop":2.6465314652,"log_mass":4.9653370008},{"country_iso":"PSE","city_id":4285,"log_pop":4.5012427509,"log_mass":6.3818212827},{"country_iso":"PSE","city_id":4285,"log_pop":2.1764788251,"log_mass":4.6998715096},{"country_iso":"PSE","city_id":4285,"log_pop":3.6363957668,"log_mass":5.6584778419},{"country_iso":"PSE","city_id":4285,"log_pop":3.2177567589,"log_mass":5.4449040816},{"country_iso":"PSE","city_id":4285,"log_pop":4.1495196891,"log_mass":6.0473160725},{"country_iso":"PSE","city_id":4285,"log_pop":2.0249560196,"log_mass":4.5458757388},{"country_iso":"PSE","city_id":4285,"log_pop":1.706266171,"log_mass":4.1235094507},{"country_iso":"PSE","city_id":4285,"log_pop":3.694956287,"log_mass":5.7783399731},{"country_iso":"PSE","city_id":4285,"log_pop":4.7277478789,"log_mass":6.486658169},{"country_iso":"PSE","city_id":4285,"log_pop":3.7711827009,"log_mass":5.8585837939},{"country_iso":"PSE","city_id":4285,"log_pop":2.5651627042,"log_mass":5.0235323387},{"country_iso":"PSE","city_id":4285,"log_pop":1.562500317,"log_mass":4.2474399605},{"country_iso":"PSE","city_id":4285,"log_pop":4.5355243828,"log_mass":6.4449595025},{"country_iso":"PSE","city_id":4285,"log_pop":3.2112216264,"log_mass":5.5442493333},{"country_iso":"PSE","city_id":4285,"log_pop":1.9159509033,"log_mass":4.2800908151},{"country_iso":"PSE","city_id":4285,"log_pop":2.6553977848,"log_mass":5.005348544},{"country_iso":"PSE","city_id":4285,"log_pop":2.7021505235,"log_mass":4.8637063299},{"country_iso":"PSE","city_id":4285,"log_pop":3.9812730767,"log_mass":6.1874714134},{"country_iso":"PSE","city_id":4285,"log_pop":2.0510776286,"log_mass":4.6500551397},{"country_iso":"PSE","city_id":4285,"log_pop":3.9589738595,"log_mass":5.9910145314},{"country_iso":"PSE","city_id":4285,"log_pop":2.1627470884,"log_mass":4.6201148284},{"country_iso":"PSE","city_id":4285,"log_pop":3.6403858764,"log_mass":5.7527765695},{"country_iso":"PSE","city_id":4285,"log_pop":2.8808403677,"log_mass":5.2792118043},{"country_iso":"PSE","city_id":4285,"log_pop":2.0046668597,"log_mass":4.8651785666},{"country_iso":"PSE","city_id":4285,"log_pop":4.1946779519,"log_mass":6.1141540852},{"country_iso":"PSE","city_id":4285,"log_pop":4.4230715307,"log_mass":6.3949544997},{"country_iso":"PSE","city_id":4285,"log_pop":3.1018308982,"log_mass":5.3184368952},{"country_iso":"PSE","city_id":4285,"log_pop":4.3188279141,"log_mass":6.3115877528},{"country_iso":"PSE","city_id":4285,"log_pop":3.3917254312,"log_mass":5.5588767297},{"country_iso":"PSE","city_id":4285,"log_pop":4.9950691844,"log_mass":6.7294854932},{"country_iso":"PSE","city_id":4285,"log_pop":3.9149057665,"log_mass":6.0654553952},{"country_iso":"PSE","city_id":4285,"log_pop":0.9269295097,"log_mass":3.9705637575},{"country_iso":"PSE","city_id":4285,"log_pop":4.56863176,"log_mass":6.3671358421},{"country_iso":"PSE","city_id":4285,"log_pop":4.9990015214,"log_mass":6.8218230737},{"country_iso":"PSE","city_id":4285,"log_pop":4.9364468345,"log_mass":6.6322979872},{"country_iso":"PSE","city_id":4285,"log_pop":4.3368026296,"log_mass":6.346905476},{"country_iso":"PSE","city_id":4285,"log_pop":4.4898201449,"log_mass":6.4334627571},{"country_iso":"PSE","city_id":4285,"log_pop":5.0884668936,"log_mass":6.9697972516},{"country_iso":"PSE","city_id":4285,"log_pop":4.4899279688,"log_mass":6.4544684115},{"country_iso":"PSE","city_id":4285,"log_pop":5.2003110669,"log_mass":6.8897294634},{"country_iso":"PSE","city_id":4285,"log_pop":0.6332585431,"log_mass":3.5946244465},{"country_iso":"PSE","city_id":4285,"log_pop":3.713998104,"log_mass":5.8189949495},{"country_iso":"PSE","city_id":4285,"log_pop":2.9235599609,"log_mass":5.1174434504},{"country_iso":"PSE","city_id":4285,"log_pop":4.1440283908,"log_mass":6.1741268471},{"country_iso":"PSE","city_id":4285,"log_pop":-0.0828185264,"log_mass":3.3853375208},{"country_iso":"PSE","city_id":4285,"log_pop":2.4598594677,"log_mass":5.1672683289},{"country_iso":"PSE","city_id":4285,"log_pop":4.6644487293,"log_mass":6.5076791718},{"country_iso":"PSE","city_id":4285,"log_pop":3.1353945358,"log_mass":5.3844232372},{"country_iso":"PSE","city_id":4285,"log_pop":3.201250665,"log_mass":5.5415543417},{"country_iso":"PSE","city_id":4285,"log_pop":2.4891149836,"log_mass":5.014657233},{"country_iso":"PSE","city_id":4285,"log_pop":3.4984432219,"log_mass":5.5691330144},{"country_iso":"PSE","city_id":4285,"log_pop":0.7188692157,"log_mass":3.8980457046},{"country_iso":"PSE","city_id":4285,"log_pop":3.5307709141,"log_mass":5.7684745273},{"country_iso":"PSE","city_id":4285,"log_pop":5.0124017012,"log_mass":6.8380340869},{"country_iso":"PSE","city_id":4285,"log_pop":3.1195897152,"log_mass":5.4927422981},{"country_iso":"PSE","city_id":4285,"log_pop":4.5121861338,"log_mass":6.4987486969},{"country_iso":"PSE","city_id":4285,"log_pop":2.3776410792,"log_mass":5.0830305076},{"country_iso":"PSE","city_id":4285,"log_pop":2.8632266308,"log_mass":5.0286633945},{"country_iso":"PSE","city_id":4285,"log_pop":3.400881602,"log_mass":5.6684275839},{"country_iso":"PSE","city_id":4285,"log_pop":3.1452572219,"log_mass":5.1938393935},{"country_iso":"PSE","city_id":4351,"log_pop":3.8239413594,"log_mass":5.7606975936},{"country_iso":"PSE","city_id":4351,"log_pop":4.2804765187,"log_mass":6.2228845998},{"country_iso":"PSE","city_id":4351,"log_pop":4.3475699077,"log_mass":6.2992023431},{"country_iso":"PSE","city_id":4351,"log_pop":4.6821102165,"log_mass":6.7568375561},{"country_iso":"PSE","city_id":4351,"log_pop":2.6828615663,"log_mass":5.1323390554},{"country_iso":"PSE","city_id":4351,"log_pop":4.2285695103,"log_mass":6.1876808726},{"country_iso":"PSE","city_id":4351,"log_pop":3.6311273294,"log_mass":5.5804503492},{"country_iso":"PSE","city_id":4351,"log_pop":3.1451141904,"log_mass":5.4209263673},{"country_iso":"PSE","city_id":4351,"log_pop":3.8587161248,"log_mass":6.0337275977},{"country_iso":"PSE","city_id":4351,"log_pop":4.0662829995,"log_mass":6.1685333853},{"country_iso":"PSE","city_id":4351,"log_pop":4.5632492439,"log_mass":6.5816025276},{"country_iso":"PSE","city_id":4351,"log_pop":1.8760965688,"log_mass":4.7803202782},{"country_iso":"PSE","city_id":4351,"log_pop":3.766312016,"log_mass":5.7829872835},{"country_iso":"PSE","city_id":4351,"log_pop":3.5299901326,"log_mass":5.5191840825},{"country_iso":"PSE","city_id":4351,"log_pop":2.1986823803,"log_mass":4.2101526069},{"country_iso":"PSE","city_id":4351,"log_pop":4.0360992473,"log_mass":6.0419425294},{"country_iso":"PSE","city_id":4351,"log_pop":3.2526942578,"log_mass":5.1588870025},{"country_iso":"PSE","city_id":4351,"log_pop":2.0929585618,"log_mass":4.4644076502},{"country_iso":"PSE","city_id":4351,"log_pop":4.0638943686,"log_mass":6.328694639},{"country_iso":"PSE","city_id":4351,"log_pop":3.4752832907,"log_mass":5.8516087904},{"country_iso":"PSE","city_id":4351,"log_pop":4.6694868077,"log_mass":6.5509186421},{"country_iso":"PSE","city_id":4351,"log_pop":3.934253376,"log_mass":6.0670717358},{"country_iso":"PSE","city_id":4351,"log_pop":1.9373375863,"log_mass":4.5199983345},{"country_iso":"PSE","city_id":4351,"log_pop":4.849094726,"log_mass":6.604748551},{"country_iso":"PSE","city_id":4351,"log_pop":3.771160171,"log_mass":5.9043003861},{"country_iso":"PSE","city_id":4351,"log_pop":4.4355122825,"log_mass":6.5661955242},{"country_iso":"PSE","city_id":4351,"log_pop":4.5105806802,"log_mass":6.5931626699},{"country_iso":"PSE","city_id":4351,"log_pop":4.7648737967,"log_mass":6.8449892894},{"country_iso":"PSE","city_id":4351,"log_pop":4.4955247531,"log_mass":6.6573377961},{"country_iso":"PSE","city_id":4351,"log_pop":4.1747124268,"log_mass":6.3693249285},{"country_iso":"PSE","city_id":4351,"log_pop":3.5302247131,"log_mass":5.9027126283},{"country_iso":"PSE","city_id":4351,"log_pop":4.7510610914,"log_mass":6.761115623},{"country_iso":"PSE","city_id":4351,"log_pop":2.332243961,"log_mass":4.6972278584},{"country_iso":"PSE","city_id":4351,"log_pop":3.3276007321,"log_mass":5.3023943069},{"country_iso":"PSE","city_id":4351,"log_pop":4.054806689,"log_mass":6.2303096518},{"country_iso":"PSE","city_id":4351,"log_pop":2.356502227,"log_mass":5.1170973688},{"country_iso":"PSE","city_id":4351,"log_pop":4.1509037492,"log_mass":6.307523212},{"country_iso":"PSE","city_id":4351,"log_pop":1.2131010439,"log_mass":3.5027379105},{"country_iso":"PSE","city_id":4351,"log_pop":3.0882384144,"log_mass":5.501278678},{"country_iso":"PSE","city_id":4351,"log_pop":1.1017464145,"log_mass":4.0793813701},{"country_iso":"PSE","city_id":4351,"log_pop":4.2168988927,"log_mass":6.3509411789},{"country_iso":"PSE","city_id":4351,"log_pop":3.6197449287,"log_mass":5.885624308},{"country_iso":"PSE","city_id":4351,"log_pop":3.1841484379,"log_mass":5.4931778789},{"country_iso":"PSE","city_id":4351,"log_pop":4.4846754241,"log_mass":6.4954160779},{"country_iso":"PSE","city_id":4351,"log_pop":3.1580367769,"log_mass":5.5557878181},{"country_iso":"PSE","city_id":4351,"log_pop":2.025758918,"log_mass":4.461103314},{"country_iso":"PSE","city_id":4351,"log_pop":4.1935814532,"log_mass":6.271444402},{"country_iso":"PSE","city_id":4351,"log_pop":3.3498365274,"log_mass":5.7462286481},{"country_iso":"PSE","city_id":4351,"log_pop":2.5704955213,"log_mass":4.915182934},{"country_iso":"PSE","city_id":4351,"log_pop":3.7007774583,"log_mass":5.8936362836},{"country_iso":"PSE","city_id":4351,"log_pop":3.1095611666,"log_mass":5.5567446355},{"country_iso":"PSE","city_id":4351,"log_pop":3.4169717334,"log_mass":5.7911859404},{"country_iso":"PSE","city_id":4351,"log_pop":2.5926559819,"log_mass":5.2236133025},{"country_iso":"PSE","city_id":4351,"log_pop":3.1586423584,"log_mass":5.4832654126},{"country_iso":"PSE","city_id":4351,"log_pop":2.1480132654,"log_mass":4.9437079654},{"country_iso":"PSE","city_id":4351,"log_pop":4.5203086774,"log_mass":6.6566475323},{"country_iso":"PSE","city_id":4351,"log_pop":4.5201193059,"log_mass":6.5454813914},{"country_iso":"PSE","city_id":4351,"log_pop":3.8442759755,"log_mass":6.2003565647},{"country_iso":"PSE","city_id":4351,"log_pop":4.0399022692,"log_mass":6.2837173179},{"country_iso":"PSE","city_id":4351,"log_pop":4.6060273423,"log_mass":6.6539297069},{"country_iso":"PSE","city_id":4351,"log_pop":4.8048664029,"log_mass":6.8371428439},{"country_iso":"PSE","city_id":4351,"log_pop":4.2487408423,"log_mass":6.3220346477},{"country_iso":"PSE","city_id":4351,"log_pop":3.3552023211,"log_mass":5.4071288209},{"country_iso":"PSE","city_id":4351,"log_pop":3.2786983397,"log_mass":5.3143239094},{"country_iso":"PSE","city_id":4351,"log_pop":4.386871371,"log_mass":6.4685684488},{"country_iso":"PSE","city_id":4351,"log_pop":3.3640167539,"log_mass":5.6192330404},{"country_iso":"PSE","city_id":4351,"log_pop":4.1887100927,"log_mass":6.1963309302},{"country_iso":"PSE","city_id":4351,"log_pop":2.1641216199,"log_mass":4.6218055969},{"country_iso":"PSE","city_id":4351,"log_pop":3.5714526734,"log_mass":5.7948548762},{"country_iso":"PSE","city_id":4351,"log_pop":3.5207317815,"log_mass":5.5954361185},{"country_iso":"PSE","city_id":4351,"log_pop":4.4814670149,"log_mass":6.4890720169},{"country_iso":"PSE","city_id":4354,"log_pop":2.4017935481,"log_mass":4.6604776169},{"country_iso":"PSE","city_id":4354,"log_pop":3.3214682551,"log_mass":5.5725248047},{"country_iso":"PSE","city_id":4354,"log_pop":2.9211398284,"log_mass":5.4038473363},{"country_iso":"PSE","city_id":4354,"log_pop":4.3857863146,"log_mass":6.5260283178},{"country_iso":"PSE","city_id":4354,"log_pop":2.71630809,"log_mass":5.2995519197},{"country_iso":"PSE","city_id":4354,"log_pop":3.3467622377,"log_mass":5.7552424151},{"country_iso":"PSE","city_id":4354,"log_pop":3.2285582416,"log_mass":5.6577937519},{"country_iso":"PSE","city_id":4354,"log_pop":4.1849094059,"log_mass":6.3553969384},{"country_iso":"PSE","city_id":4354,"log_pop":2.6936644734,"log_mass":5.2763734999},{"country_iso":"PSE","city_id":4354,"log_pop":2.6721347245,"log_mass":5.208207157},{"country_iso":"PSE","city_id":4354,"log_pop":3.6567883907,"log_mass":6.0152120018},{"country_iso":"PSE","city_id":4354,"log_pop":2.8571781188,"log_mass":5.1768902719},{"country_iso":"PSE","city_id":4354,"log_pop":1.8517597415,"log_mass":4.1018248944},{"country_iso":"PSE","city_id":4354,"log_pop":4.3729643526,"log_mass":6.5771052859},{"country_iso":"PSE","city_id":4354,"log_pop":4.464695334,"log_mass":6.408964361},{"country_iso":"PSE","city_id":4354,"log_pop":2.3263592634,"log_mass":4.6601092753},{"country_iso":"PSE","city_id":4354,"log_pop":3.7595967908,"log_mass":6.0387902239},{"country_iso":"PSE","city_id":4354,"log_pop":3.7383858782,"log_mass":6.0817544982},{"country_iso":"PSE","city_id":4354,"log_pop":4.7634040575,"log_mass":6.6606387667},{"country_iso":"PSE","city_id":4354,"log_pop":1.7157168052,"log_mass":4.3341873142},{"country_iso":"PSE","city_id":4331,"log_pop":3.4333152937,"log_mass":5.6689101554},{"country_iso":"PSE","city_id":4331,"log_pop":3.6565167862,"log_mass":5.8905883095},{"country_iso":"PSE","city_id":4331,"log_pop":3.2579199758,"log_mass":5.4825485005},{"country_iso":"PSE","city_id":4331,"log_pop":4.4892003109,"log_mass":6.3876990953},{"country_iso":"PSE","city_id":4331,"log_pop":3.7591442686,"log_mass":5.8511496043},{"country_iso":"PSE","city_id":4331,"log_pop":3.6805301653,"log_mass":5.9491585196},{"country_iso":"PSE","city_id":4331,"log_pop":3.9855753406,"log_mass":5.993582092},{"country_iso":"PSE","city_id":4331,"log_pop":2.1360381717,"log_mass":4.3378883088},{"country_iso":"PSE","city_id":4331,"log_pop":3.139012785,"log_mass":5.4354966778},{"country_iso":"PSE","city_id":4331,"log_pop":1.8470884532,"log_mass":4.3354239091},{"country_iso":"PSE","city_id":4331,"log_pop":4.5632333251,"log_mass":6.5291393429},{"country_iso":"PSE","city_id":4331,"log_pop":3.9227160258,"log_mass":6.0249826401},{"country_iso":"PSE","city_id":4331,"log_pop":1.6953656245,"log_mass":4.8320857681},{"country_iso":"PSE","city_id":4331,"log_pop":3.3560788661,"log_mass":5.7080137573},{"country_iso":"PSE","city_id":4359,"log_pop":1.916513362,"log_mass":4.2709592527},{"country_iso":"PSE","city_id":4359,"log_pop":1.9638157404,"log_mass":4.3443042114},{"country_iso":"PSE","city_id":4359,"log_pop":3.5439613165,"log_mass":5.6948749148},{"country_iso":"PSE","city_id":4359,"log_pop":0.3995150053,"log_mass":3.6475738798},{"country_iso":"PSE","city_id":4359,"log_pop":1.3830819346,"log_mass":4.0649511612},{"country_iso":"PSE","city_id":4359,"log_pop":3.3148567522,"log_mass":5.7895285467},{"country_iso":"PSE","city_id":4359,"log_pop":3.5122260021,"log_mass":5.6951252327},{"country_iso":"PSE","city_id":4359,"log_pop":4.4533800929,"log_mass":6.3805047451},{"country_iso":"PSE","city_id":4359,"log_pop":3.3228897258,"log_mass":5.5333841926},{"country_iso":"PSE","city_id":4359,"log_pop":2.1558353926,"log_mass":4.8960768469},{"country_iso":"PSE","city_id":4359,"log_pop":4.2246556872,"log_mass":6.4039944083},{"country_iso":"PSE","city_id":4359,"log_pop":3.9702043617,"log_mass":6.129012568},{"country_iso":"PSE","city_id":4359,"log_pop":4.0444256068,"log_mass":6.3281998627},{"country_iso":"PSE","city_id":4359,"log_pop":3.5920076586,"log_mass":5.9156468306},{"country_iso":"PSE","city_id":4360,"log_pop":1.4898707844,"log_mass":4.3673835024},{"country_iso":"PSE","city_id":4360,"log_pop":3.5116302122,"log_mass":5.6808941827},{"country_iso":"PSE","city_id":4360,"log_pop":4.4957813545,"log_mass":6.4586189082},{"country_iso":"PSE","city_id":4360,"log_pop":2.8381108398,"log_mass":5.1287018687},{"country_iso":"PSE","city_id":4360,"log_pop":2.7459193642,"log_mass":5.0338749112},{"country_iso":"PSE","city_id":4360,"log_pop":3.7296836018,"log_mass":5.8276625496},{"country_iso":"PSE","city_id":4360,"log_pop":2.507396815,"log_mass":5.0741491569},{"country_iso":"PSE","city_id":4358,"log_pop":3.9316872461,"log_mass":5.95105932},{"country_iso":"PSE","city_id":4358,"log_pop":1.2587559906,"log_mass":3.9315398538},{"country_iso":"PSE","city_id":4358,"log_pop":1.278633986,"log_mass":3.4501645361},{"country_iso":"PSE","city_id":4358,"log_pop":2.0504527142,"log_mass":4.7255015739},{"country_iso":"PSE","city_id":4358,"log_pop":3.178077548,"log_mass":5.2511802328},{"country_iso":"PSE","city_id":4358,"log_pop":3.3240574937,"log_mass":5.5390668906}]