[{"country_iso":"POL","city_id":3134,"log_pop":2.0515697047,"log_mass":4.9630314441},{"country_iso":"POL","city_id":3134,"log_pop":2.9522354507,"log_mass":5.6310510052},{"country_iso":"POL","city_id":3134,"log_pop":0.7338641373,"log_mass":3.2212710256},{"country_iso":"POL","city_id":3134,"log_pop":3.9002116439,"log_mass":6.4726958299},{"country_iso":"POL","city_id":3134,"log_pop":2.6007825519,"log_mass":5.2398610113},{"country_iso":"POL","city_id":3134,"log_pop":3.2735105087,"log_mass":5.9193166078},{"country_iso":"POL","city_id":3134,"log_pop":3.4634241163,"log_mass":6.2012137527},{"country_iso":"POL","city_id":3134,"log_pop":3.9366233646,"log_mass":6.3737010446},{"country_iso":"POL","city_id":3134,"log_pop":3.9685244971,"log_mass":6.4075199689},{"country_iso":"POL","city_id":3134,"log_pop":1.8959486816,"log_mass":4.6649142536},{"country_iso":"POL","city_id":3134,"log_pop":2.2889737593,"log_mass":5.104591738},{"country_iso":"POL","city_id":3134,"log_pop":2.8282041956,"log_mass":5.3917138728},{"country_iso":"POL","city_id":3134,"log_pop":4.0578708558,"log_mass":6.5715795745},{"country_iso":"POL","city_id":3134,"log_pop":3.9648764039,"log_mass":6.4953223195},{"country_iso":"POL","city_id":3134,"log_pop":1.1570933166,"log_mass":4.4723673344},{"country_iso":"POL","city_id":3134,"log_pop":2.2882979326,"log_mass":5.2188770167},{"country_iso":"POL","city_id":3134,"log_pop":3.1782486906,"log_mass":5.8142540181},{"country_iso":"POL","city_id":3134,"log_pop":4.0710171679,"log_mass":6.5424292641},{"country_iso":"POL","city_id":3134,"log_pop":1.9631759623,"log_mass":4.9004313934},{"country_iso":"POL","city_id":3134,"log_pop":2.9863896058,"log_mass":5.6081397558},{"country_iso":"POL","city_id":3134,"log_pop":3.2509054832,"log_mass":6.0011784814},{"country_iso":"POL","city_id":3134,"log_pop":3.5612750649,"log_mass":6.2038566588},{"country_iso":"POL","city_id":3134,"log_pop":2.818723155,"log_mass":5.3337319505},{"country_iso":"POL","city_id":3134,"log_pop":3.5728393267,"log_mass":6.1751797003},{"country_iso":"POL","city_id":3134,"log_pop":2.6739993136,"log_mass":5.2485956787},{"country_iso":"POL","city_id":3134,"log_pop":3.9442078405,"log_mass":6.3945333731},{"country_iso":"POL","city_id":3134,"log_pop":3.4666049204,"log_mass":5.9328607858},{"country_iso":"POL","city_id":3134,"log_pop":4.1473844211,"log_mass":6.5665751735},{"country_iso":"POL","city_id":3134,"log_pop":3.5885608057,"log_mass":6.4095641956},{"country_iso":"POL","city_id":3134,"log_pop":4.2361276693,"log_mass":6.6892366454},{"country_iso":"POL","city_id":3134,"log_pop":4.0784827881,"log_mass":6.5628917451},{"country_iso":"POL","city_id":3134,"log_pop":3.8598294727,"log_mass":6.4662920756},{"country_iso":"POL","city_id":3134,"log_pop":4.0653525646,"log_mass":6.584545252},{"country_iso":"POL","city_id":3134,"log_pop":4.0270637755,"log_mass":6.5200495333},{"country_iso":"POL","city_id":3134,"log_pop":2.6152420662,"log_mass":5.4321140014},{"country_iso":"POL","city_id":3134,"log_pop":3.5882495829,"log_mass":6.3722426857},{"country_iso":"POL","city_id":3134,"log_pop":2.7038630241,"log_mass":5.5443024802},{"country_iso":"POL","city_id":3134,"log_pop":2.308987755,"log_mass":5.0363890899},{"country_iso":"POL","city_id":3134,"log_pop":4.002789173,"log_mass":6.387807742},{"country_iso":"POL","city_id":3134,"log_pop":3.9300754278,"log_mass":6.3645044481},{"country_iso":"POL","city_id":3134,"log_pop":3.4053618717,"log_mass":6.179615304},{"country_iso":"POL","city_id":3134,"log_pop":3.5870775666,"log_mass":6.1558714906},{"country_iso":"POL","city_id":3134,"log_pop":4.2633202634,"log_mass":6.6236996112},{"country_iso":"POL","city_id":3134,"log_pop":4.1435321736,"log_mass":6.5908823112},{"country_iso":"POL","city_id":3134,"log_pop":3.6140828069,"log_mass":6.2938634522},{"country_iso":"POL","city_id":3134,"log_pop":4.0326164607,"log_mass":6.5189059152},{"country_iso":"POL","city_id":3134,"log_pop":3.9171324036,"log_mass":6.4454574773},{"country_iso":"POL","city_id":3134,"log_pop":3.7365299732,"log_mass":6.3253153901},{"country_iso":"POL","city_id":3134,"log_pop":3.6256566481,"log_mass":6.1967058824},{"country_iso":"POL","city_id":3134,"log_pop":3.9234689619,"log_mass":6.4933445288},{"country_iso":"POL","city_id":3134,"log_pop":4.0393317412,"log_mass":6.5934283406},{"country_iso":"POL","city_id":3134,"log_pop":3.8766377435,"log_mass":6.43023873},{"country_iso":"POL","city_id":3134,"log_pop":2.1990142444,"log_mass":4.7958146412},{"country_iso":"POL","city_id":3134,"log_pop":3.8210596755,"log_mass":6.4735397885},{"country_iso":"POL","city_id":3134,"log_pop":3.3492529017,"log_mass":6.1015140862},{"country_iso":"POL","city_id":3134,"log_pop":2.1996115693,"log_mass":4.8883687759},{"country_iso":"POL","city_id":3134,"log_pop":3.3739584689,"log_mass":5.940020257},{"country_iso":"POL","city_id":3134,"log_pop":3.2692195051,"log_mass":5.9286522778},{"country_iso":"POL","city_id":3134,"log_pop":3.7741680282,"log_mass":6.2810325066},{"country_iso":"POL","city_id":3134,"log_pop":3.0705580352,"log_mass":5.8143892888},{"country_iso":"POL","city_id":3134,"log_pop":3.6366338421,"log_mass":6.2923576261},{"country_iso":"POL","city_id":3134,"log_pop":4.0936669483,"log_mass":6.5315294409},{"country_iso":"POL","city_id":3134,"log_pop":3.3859350324,"log_mass":6.093749474},{"country_iso":"POL","city_id":3134,"log_pop":2.2638120452,"log_mass":5.0251579853},{"country_iso":"POL","city_id":3134,"log_pop":1.0961370252,"log_mass":4.4763138164},{"country_iso":"POL","city_id":3134,"log_pop":3.7259068334,"log_mass":6.294308922},{"country_iso":"POL","city_id":3134,"log_pop":3.8541049009,"log_mass":6.3775081119},{"country_iso":"POL","city_id":3134,"log_pop":3.9303607539,"log_mass":6.3910926875},{"country_iso":"POL","city_id":3134,"log_pop":4.0046811848,"log_mass":6.5526077271},{"country_iso":"POL","city_id":3134,"log_pop":3.7579957881,"log_mass":6.338018244},{"country_iso":"POL","city_id":3134,"log_pop":4.1151590699,"log_mass":6.5650387112},{"country_iso":"POL","city_id":3134,"log_pop":3.6731115553,"log_mass":6.268704964},{"country_iso":"POL","city_id":3134,"log_pop":3.976952447,"log_mass":6.5812463357},{"country_iso":"POL","city_id":3134,"log_pop":3.9798013053,"log_mass":6.5226235771},{"country_iso":"POL","city_id":3134,"log_pop":4.0666870086,"log_mass":6.6534455854},{"country_iso":"POL","city_id":3134,"log_pop":3.9942264542,"log_mass":6.5307286949},{"country_iso":"POL","city_id":3134,"log_pop":3.710102214,"log_mass":6.2515961288},{"country_iso":"POL","city_id":3134,"log_pop":3.2471547067,"log_mass":6.0727725792},{"country_iso":"POL","city_id":3134,"log_pop":4.1223526312,"log_mass":6.7051315102},{"country_iso":"POL","city_id":3134,"log_pop":4.0716192825,"log_mass":6.59874502},{"country_iso":"POL","city_id":3134,"log_pop":3.840020125,"log_mass":6.4450388806},{"country_iso":"POL","city_id":3134,"log_pop":4.3120283101,"log_mass":6.7657750339},{"country_iso":"POL","city_id":3134,"log_pop":4.2053231059,"log_mass":6.6437594883},{"country_iso":"POL","city_id":3134,"log_pop":4.1775724318,"log_mass":6.5805306575},{"country_iso":"POL","city_id":3134,"log_pop":3.7930439387,"log_mass":6.3475564516},{"country_iso":"POL","city_id":3134,"log_pop":3.607361356,"log_mass":6.189039022},{"country_iso":"POL","city_id":3134,"log_pop":4.0927466129,"log_mass":6.5620057481},{"country_iso":"POL","city_id":3134,"log_pop":4.149416401,"log_mass":6.5964703089},{"country_iso":"POL","city_id":3134,"log_pop":4.0923259578,"log_mass":6.6240725529},{"country_iso":"POL","city_id":3134,"log_pop":4.0361123573,"log_mass":6.4948362077},{"country_iso":"POL","city_id":3134,"log_pop":4.1118313578,"log_mass":6.5268023743},{"country_iso":"POL","city_id":3134,"log_pop":4.2965925161,"log_mass":6.6741904453},{"country_iso":"POL","city_id":3134,"log_pop":4.070008768,"log_mass":6.5160855892},{"country_iso":"POL","city_id":3134,"log_pop":3.4945383881,"log_mass":6.0611452279},{"country_iso":"POL","city_id":3134,"log_pop":4.1246133284,"log_mass":6.5670740434},{"country_iso":"POL","city_id":3134,"log_pop":3.4806170224,"log_mass":6.0544346118},{"country_iso":"POL","city_id":3134,"log_pop":4.1221405007,"log_mass":6.5368729053},{"country_iso":"POL","city_id":3134,"log_pop":4.2215413699,"log_mass":6.7382048442},{"country_iso":"POL","city_id":3134,"log_pop":4.2172401835,"log_mass":6.6646432264},{"country_iso":"POL","city_id":3134,"log_pop":3.7130031929,"log_mass":6.3095251149},{"country_iso":"POL","city_id":3134,"log_pop":3.5184039857,"log_mass":6.1276432694},{"country_iso":"POL","city_id":3134,"log_pop":3.7116928101,"log_mass":6.2835989139},{"country_iso":"POL","city_id":3134,"log_pop":0.8711005131,"log_mass":3.7206978446},{"country_iso":"POL","city_id":3134,"log_pop":3.7502817933,"log_mass":6.1625636688},{"country_iso":"POL","city_id":3134,"log_pop":4.3024486931,"log_mass":6.7976233573},{"country_iso":"POL","city_id":3134,"log_pop":4.0661212564,"log_mass":6.587452748},{"country_iso":"POL","city_id":3134,"log_pop":3.8044609997,"log_mass":6.2935564283},{"country_iso":"POL","city_id":3134,"log_pop":3.9526248672,"log_mass":6.4116181248},{"country_iso":"POL","city_id":3134,"log_pop":3.6568863704,"log_mass":6.2400249159},{"country_iso":"POL","city_id":3134,"log_pop":3.3091998101,"log_mass":6.0631818944},{"country_iso":"POL","city_id":3134,"log_pop":3.6238288638,"log_mass":6.3022245711},{"country_iso":"POL","city_id":3134,"log_pop":3.6143614601,"log_mass":6.1631062899},{"country_iso":"POL","city_id":3134,"log_pop":4.0430053495,"log_mass":6.5113900112},{"country_iso":"POL","city_id":3134,"log_pop":3.89371862,"log_mass":6.4148054216},{"country_iso":"POL","city_id":3134,"log_pop":3.945105013,"log_mass":6.497491452},{"country_iso":"POL","city_id":3134,"log_pop":2.2049677391,"log_mass":5.0848468812},{"country_iso":"POL","city_id":3134,"log_pop":3.3429992337,"log_mass":6.0764502087},{"country_iso":"POL","city_id":3134,"log_pop":3.7821195746,"log_mass":6.3003347027},{"country_iso":"POL","city_id":3134,"log_pop":4.2537399989,"log_mass":6.736935747},{"country_iso":"POL","city_id":3134,"log_pop":3.9834698313,"log_mass":6.4946754244},{"country_iso":"POL","city_id":3134,"log_pop":4.3061386401,"log_mass":6.6248062749},{"country_iso":"POL","city_id":3134,"log_pop":4.307404459,"log_mass":6.7433743963},{"country_iso":"POL","city_id":3134,"log_pop":4.0069077164,"log_mass":6.526444968},{"country_iso":"POL","city_id":3134,"log_pop":3.8014840905,"log_mass":6.3357466508},{"country_iso":"POL","city_id":3134,"log_pop":4.1591310696,"log_mass":6.5819062073},{"country_iso":"POL","city_id":3134,"log_pop":1.6790513813,"log_mass":4.5690138171},{"country_iso":"POL","city_id":3134,"log_pop":2.3307535229,"log_mass":5.4706389175},{"country_iso":"POL","city_id":3134,"log_pop":2.0360205861,"log_mass":5.1497707612},{"country_iso":"POL","city_id":3134,"log_pop":3.4280167351,"log_mass":6.4447229427},{"country_iso":"POL","city_id":3134,"log_pop":0.7949907242,"log_mass":3.6101010451},{"country_iso":"POL","city_id":3134,"log_pop":2.2212937139,"log_mass":5.07643075},{"country_iso":"POL","city_id":3134,"log_pop":-0.9974436459,"log_mass":4.3004995509},{"country_iso":"POL","city_id":3134,"log_pop":3.1970409659,"log_mass":5.7689190176},{"country_iso":"POL","city_id":3134,"log_pop":2.7466300833,"log_mass":5.7353332862},{"country_iso":"POL","city_id":3134,"log_pop":3.8694835327,"log_mass":6.4321629986},{"country_iso":"POL","city_id":3134,"log_pop":3.6032142421,"log_mass":6.3054002892},{"country_iso":"POL","city_id":3134,"log_pop":3.6344660836,"log_mass":6.3232961483},{"country_iso":"POL","city_id":3134,"log_pop":3.7502365933,"log_mass":6.3847300295},{"country_iso":"POL","city_id":3134,"log_pop":2.0792557009,"log_mass":5.0826610841},{"country_iso":"POL","city_id":3134,"log_pop":3.711448758,"log_mass":6.3727341074},{"country_iso":"POL","city_id":3134,"log_pop":1.6127943686,"log_mass":4.7002397862},{"country_iso":"POL","city_id":3134,"log_pop":1.5402339269,"log_mass":4.4151947903},{"country_iso":"POL","city_id":3134,"log_pop":0.4999557788,"log_mass":3.4374805196},{"country_iso":"POL","city_id":3134,"log_pop":1.1510424804,"log_mass":4.2814013681},{"country_iso":"POL","city_id":3134,"log_pop":3.0301835769,"log_mass":5.9226899007},{"country_iso":"POL","city_id":3134,"log_pop":0.934409502,"log_mass":3.9384927698},{"country_iso":"POL","city_id":3134,"log_pop":3.6344930509,"log_mass":6.285013603},{"country_iso":"POL","city_id":3134,"log_pop":3.7724725055,"log_mass":6.4849044988},{"country_iso":"POL","city_id":3134,"log_pop":2.1663746126,"log_mass":5.0109382876},{"country_iso":"POL","city_id":3134,"log_pop":3.2677917833,"log_mass":5.9767585096},{"country_iso":"POL","city_id":3134,"log_pop":4.0113010534,"log_mass":6.4907759882},{"country_iso":"POL","city_id":3134,"log_pop":3.6160695481,"log_mass":6.295811114},{"country_iso":"POL","city_id":3134,"log_pop":3.9031660243,"log_mass":6.4956545317},{"country_iso":"POL","city_id":3134,"log_pop":3.8291385987,"log_mass":6.5953347385},{"country_iso":"POL","city_id":3134,"log_pop":3.756781683,"log_mass":6.7566686262},{"country_iso":"POL","city_id":3134,"log_pop":3.6066794683,"log_mass":6.2924181067},{"country_iso":"POL","city_id":3134,"log_pop":3.5348073109,"log_mass":6.5318609962},{"country_iso":"POL","city_id":3134,"log_pop":1.2588268882,"log_mass":4.5142323383},{"country_iso":"POL","city_id":3134,"log_pop":3.5420725131,"log_mass":6.5250562336},{"country_iso":"POL","city_id":3134,"log_pop":3.6289347901,"log_mass":6.312669996},{"country_iso":"POL","city_id":3134,"log_pop":-0.7368387499,"log_mass":2.272676345},{"country_iso":"POL","city_id":3134,"log_pop":2.9805123013,"log_mass":5.8684105972},{"country_iso":"POL","city_id":3134,"log_pop":4.0317601274,"log_mass":6.4897298913},{"country_iso":"POL","city_id":3134,"log_pop":3.2759933054,"log_mass":6.0197937644},{"country_iso":"POL","city_id":3134,"log_pop":4.1376566242,"log_mass":6.5339029418},{"country_iso":"POL","city_id":3134,"log_pop":3.7612782498,"log_mass":6.3421288415},{"country_iso":"POL","city_id":3134,"log_pop":3.9419594727,"log_mass":6.5839486777},{"country_iso":"POL","city_id":3134,"log_pop":4.0622292112,"log_mass":6.6128711353},{"country_iso":"POL","city_id":3134,"log_pop":3.914584307,"log_mass":6.4634746596},{"country_iso":"POL","city_id":3216,"log_pop":1.5710429812,"log_mass":4.4006396206},{"country_iso":"POL","city_id":3216,"log_pop":2.267786104,"log_mass":5.2085497151},{"country_iso":"POL","city_id":3216,"log_pop":3.7677500511,"log_mass":6.2535196382},{"country_iso":"POL","city_id":3216,"log_pop":3.3205186604,"log_mass":5.8255443077},{"country_iso":"POL","city_id":3216,"log_pop":3.6388514489,"log_mass":6.390274184},{"country_iso":"POL","city_id":3216,"log_pop":3.5233460476,"log_mass":6.4258062071},{"country_iso":"POL","city_id":3216,"log_pop":2.3417279621,"log_mass":5.3612104344},{"country_iso":"POL","city_id":3216,"log_pop":3.3678638312,"log_mass":6.2472788864},{"country_iso":"POL","city_id":3216,"log_pop":3.5475593959,"log_mass":6.4883358445},{"country_iso":"POL","city_id":3216,"log_pop":0.8592984614,"log_mass":4.2074686926},{"country_iso":"POL","city_id":3216,"log_pop":4.1464355302,"log_mass":6.4062507113},{"country_iso":"POL","city_id":3216,"log_pop":4.2586156475,"log_mass":6.6881171496},{"country_iso":"POL","city_id":3216,"log_pop":3.3244718569,"log_mass":5.9290189271},{"country_iso":"POL","city_id":3216,"log_pop":3.6769412409,"log_mass":5.9522918877},{"country_iso":"POL","city_id":3216,"log_pop":3.8954597537,"log_mass":6.421509496},{"country_iso":"POL","city_id":3216,"log_pop":4.4637833695,"log_mass":6.7290132772},{"country_iso":"POL","city_id":3216,"log_pop":3.0979151391,"log_mass":5.6573003821},{"country_iso":"POL","city_id":3216,"log_pop":-1.3761904824,"log_mass":1.6762986116},{"country_iso":"POL","city_id":3216,"log_pop":1.8397746986,"log_mass":4.6104505287},{"country_iso":"POL","city_id":3216,"log_pop":4.0287757131,"log_mass":6.6610466415},{"country_iso":"POL","city_id":3216,"log_pop":4.0796401872,"log_mass":6.6134136735},{"country_iso":"POL","city_id":3216,"log_pop":4.329266297,"log_mass":6.6973374264},{"country_iso":"POL","city_id":3216,"log_pop":3.7052142389,"log_mass":6.5268057985},{"country_iso":"POL","city_id":3216,"log_pop":4.1400299482,"log_mass":6.429612832},{"country_iso":"POL","city_id":3216,"log_pop":4.3259972873,"log_mass":6.6272170152},{"country_iso":"POL","city_id":3216,"log_pop":4.2259016895,"log_mass":6.6013300378},{"country_iso":"POL","city_id":3216,"log_pop":4.5098193037,"log_mass":6.8211727843},{"country_iso":"POL","city_id":3216,"log_pop":4.2555900387,"log_mass":6.5123476782},{"country_iso":"POL","city_id":3216,"log_pop":4.0152897662,"log_mass":6.6396790565},{"country_iso":"POL","city_id":3216,"log_pop":4.3652409225,"log_mass":6.6378887899},{"country_iso":"POL","city_id":3216,"log_pop":4.4871599281,"log_mass":6.6795442981},{"country_iso":"POL","city_id":3216,"log_pop":4.5202102527,"log_mass":6.8652785274},{"country_iso":"POL","city_id":3216,"log_pop":3.8591520914,"log_mass":6.6720144734},{"country_iso":"POL","city_id":3216,"log_pop":3.9641029365,"log_mass":6.4547374345},{"country_iso":"POL","city_id":3216,"log_pop":3.2776468877,"log_mass":6.0730396352},{"country_iso":"POL","city_id":3216,"log_pop":3.8604933993,"log_mass":6.341216443},{"country_iso":"POL","city_id":3216,"log_pop":3.7220684205,"log_mass":6.2494844463},{"country_iso":"POL","city_id":3216,"log_pop":4.1999195924,"log_mass":6.5964255149},{"country_iso":"POL","city_id":3216,"log_pop":4.1202166283,"log_mass":6.6223016163},{"country_iso":"POL","city_id":3216,"log_pop":3.9977442275,"log_mass":6.2439232275},{"country_iso":"POL","city_id":3216,"log_pop":4.2833567873,"log_mass":6.6133695021},{"country_iso":"POL","city_id":3216,"log_pop":3.3994614981,"log_mass":6.1463532418},{"country_iso":"POL","city_id":3216,"log_pop":4.3401924224,"log_mass":6.6368181883},{"country_iso":"POL","city_id":3216,"log_pop":3.0187932048,"log_mass":5.9502045543},{"country_iso":"POL","city_id":3216,"log_pop":3.95603314,"log_mass":6.3835712895},{"country_iso":"POL","city_id":3216,"log_pop":2.3154124075,"log_mass":4.6556512439},{"country_iso":"POL","city_id":3216,"log_pop":1.639536971,"log_mass":4.6942791734},{"country_iso":"POL","city_id":3216,"log_pop":2.6139291135,"log_mass":5.3732386063},{"country_iso":"POL","city_id":3216,"log_pop":2.8279851638,"log_mass":5.4005001168},{"country_iso":"POL","city_id":3216,"log_pop":3.7211201045,"log_mass":6.175801945},{"country_iso":"POL","city_id":3216,"log_pop":2.1480259711,"log_mass":5.1262484914},{"country_iso":"POL","city_id":3216,"log_pop":3.8952086422,"log_mass":6.3651572281},{"country_iso":"POL","city_id":3216,"log_pop":3.554795005,"log_mass":6.0858294302},{"country_iso":"POL","city_id":3216,"log_pop":3.0615976323,"log_mass":5.7812632836},{"country_iso":"POL","city_id":3216,"log_pop":3.624468098,"log_mass":6.2249372785},{"country_iso":"POL","city_id":3216,"log_pop":2.9828158387,"log_mass":5.7418967619},{"country_iso":"POL","city_id":3216,"log_pop":3.8222986657,"log_mass":6.4449924526},{"country_iso":"POL","city_id":3216,"log_pop":2.4710644638,"log_mass":5.0724547058},{"country_iso":"POL","city_id":3216,"log_pop":2.812097833,"log_mass":5.6969250714},{"country_iso":"POL","city_id":3216,"log_pop":3.6334040077,"log_mass":6.4026405044},{"country_iso":"POL","city_id":3216,"log_pop":3.954473027,"log_mass":6.5284626656},{"country_iso":"POL","city_id":3216,"log_pop":2.7758313255,"log_mass":5.51481362},{"country_iso":"POL","city_id":3216,"log_pop":4.3168855916,"log_mass":6.5682327688},{"country_iso":"POL","city_id":3216,"log_pop":3.6648164806,"log_mass":6.2065342259},{"country_iso":"POL","city_id":3216,"log_pop":4.1874132265,"log_mass":6.5051621665},{"country_iso":"POL","city_id":3216,"log_pop":4.0505637177,"log_mass":6.6878307992},{"country_iso":"POL","city_id":3216,"log_pop":3.6768348094,"log_mass":6.273905051},{"country_iso":"POL","city_id":3216,"log_pop":3.1967475398,"log_mass":5.8516022301},{"country_iso":"POL","city_id":3216,"log_pop":3.8524273233,"log_mass":6.4727022594},{"country_iso":"POL","city_id":3216,"log_pop":3.6312214086,"log_mass":6.3705608368},{"country_iso":"POL","city_id":3216,"log_pop":3.1091408324,"log_mass":6.1076265523},{"country_iso":"POL","city_id":3216,"log_pop":2.182791784,"log_mass":5.1372121114},{"country_iso":"POL","city_id":3216,"log_pop":2.3387440529,"log_mass":5.1752370694},{"country_iso":"POL","city_id":3216,"log_pop":2.338007915,"log_mass":5.3927114948},{"country_iso":"POL","city_id":3216,"log_pop":3.3172303218,"log_mass":6.0393682899},{"country_iso":"POL","city_id":3216,"log_pop":4.3747783595,"log_mass":6.686731533},{"country_iso":"POL","city_id":3216,"log_pop":3.8238723456,"log_mass":6.345311144},{"country_iso":"POL","city_id":3216,"log_pop":4.4835983326,"log_mass":6.8515985369},{"country_iso":"POL","city_id":3216,"log_pop":4.446596056,"log_mass":6.7191264554},{"country_iso":"POL","city_id":3216,"log_pop":4.4119703579,"log_mass":6.6815440976},{"country_iso":"POL","city_id":3216,"log_pop":4.1128597997,"log_mass":6.4773887295},{"country_iso":"POL","city_id":3216,"log_pop":4.2905376081,"log_mass":6.6237793961},{"country_iso":"POL","city_id":3216,"log_pop":3.0116918113,"log_mass":5.803783605},{"country_iso":"POL","city_id":3216,"log_pop":4.2505558448,"log_mass":6.613980338},{"country_iso":"POL","city_id":3216,"log_pop":3.2596843082,"log_mass":6.015332303},{"country_iso":"POL","city_id":3216,"log_pop":3.8071067237,"log_mass":6.4713289152},{"country_iso":"POL","city_id":3216,"log_pop":4.0285873087,"log_mass":6.4287633043},{"country_iso":"POL","city_id":3216,"log_pop":4.5139792383,"log_mass":6.9644567327},{"country_iso":"POL","city_id":3216,"log_pop":4.4923749635,"log_mass":6.9964367474},{"country_iso":"POL","city_id":3216,"log_pop":4.484323363,"log_mass":6.7275045109},{"country_iso":"POL","city_id":3216,"log_pop":4.5522374423,"log_mass":7.016172561},{"country_iso":"POL","city_id":3216,"log_pop":4.3364637837,"log_mass":6.6166208614},{"country_iso":"POL","city_id":3216,"log_pop":4.3734842713,"log_mass":6.7312979844},{"country_iso":"POL","city_id":3216,"log_pop":4.3324078475,"log_mass":6.68559319},{"country_iso":"POL","city_id":3216,"log_pop":4.2907434795,"log_mass":6.4878315865},{"country_iso":"POL","city_id":3216,"log_pop":4.1952712539,"log_mass":6.5254475475},{"country_iso":"POL","city_id":3216,"log_pop":4.2952231438,"log_mass":6.6791178949},{"country_iso":"POL","city_id":3216,"log_pop":3.456104685,"log_mass":5.8746044264},{"country_iso":"POL","city_id":3216,"log_pop":4.418105063,"log_mass":6.5901767953},{"country_iso":"POL","city_id":3216,"log_pop":4.6039984721,"log_mass":6.8544006753},{"country_iso":"POL","city_id":3216,"log_pop":4.3545376204,"log_mass":6.7550348465},{"country_iso":"POL","city_id":3216,"log_pop":3.2950177014,"log_mass":5.9628338556},{"country_iso":"POL","city_id":3216,"log_pop":3.2249834209,"log_mass":5.9589917244},{"country_iso":"POL","city_id":3216,"log_pop":3.8866678647,"log_mass":6.5593266589},{"country_iso":"POL","city_id":3216,"log_pop":3.8146801588,"log_mass":6.3370059829},{"country_iso":"POL","city_id":3216,"log_pop":1.181244503,"log_mass":4.1390460318},{"country_iso":"POL","city_id":3216,"log_pop":3.5743842354,"log_mass":6.265890473},{"country_iso":"POL","city_id":3216,"log_pop":2.3545940318,"log_mass":5.2424784756},{"country_iso":"POL","city_id":3216,"log_pop":4.1464924766,"log_mass":6.6001839983},{"country_iso":"POL","city_id":3216,"log_pop":3.0956223196,"log_mass":5.7140040886},{"country_iso":"POL","city_id":3216,"log_pop":3.7683438598,"log_mass":6.4927215452},{"country_iso":"POL","city_id":3216,"log_pop":3.9360338197,"log_mass":6.4367742878},{"country_iso":"POL","city_id":3216,"log_pop":3.6676882792,"log_mass":6.0082128326},{"country_iso":"POL","city_id":3216,"log_pop":4.1664446208,"log_mass":6.6170156726},{"country_iso":"POL","city_id":3216,"log_pop":4.4767010964,"log_mass":6.7139163359},{"country_iso":"POL","city_id":3216,"log_pop":4.3377519356,"log_mass":6.6045835378},{"country_iso":"POL","city_id":3216,"log_pop":3.8677311052,"log_mass":6.353670251},{"country_iso":"POL","city_id":3216,"log_pop":3.9921852406,"log_mass":6.5926877918},{"country_iso":"POL","city_id":3216,"log_pop":4.2774849973,"log_mass":6.6732477085},{"country_iso":"POL","city_id":3216,"log_pop":3.6279816456,"log_mass":6.2722902688},{"country_iso":"POL","city_id":3216,"log_pop":2.4989428116,"log_mass":5.1359083704},{"country_iso":"POL","city_id":3216,"log_pop":3.6538079944,"log_mass":6.2363471345},{"country_iso":"POL","city_id":3216,"log_pop":3.8587317573,"log_mass":6.4599996989},{"country_iso":"POL","city_id":3216,"log_pop":2.5795188043,"log_mass":5.0801659559},{"country_iso":"POL","city_id":3216,"log_pop":2.6816662528,"log_mass":5.5417314252},{"country_iso":"POL","city_id":3060,"log_pop":2.4324258956,"log_mass":5.1526514031},{"country_iso":"POL","city_id":3060,"log_pop":4.161054833,"log_mass":6.7427182875},{"country_iso":"POL","city_id":3060,"log_pop":3.8220194218,"log_mass":6.3333114496},{"country_iso":"POL","city_id":3060,"log_pop":3.9174140438,"log_mass":6.4430175337},{"country_iso":"POL","city_id":3060,"log_pop":2.6422919593,"log_mass":5.307303895},{"country_iso":"POL","city_id":3060,"log_pop":4.0516503328,"log_mass":6.5676775702},{"country_iso":"POL","city_id":3060,"log_pop":3.956407774,"log_mass":6.5577493184},{"country_iso":"POL","city_id":3060,"log_pop":4.1458761083,"log_mass":6.602747842},{"country_iso":"POL","city_id":3060,"log_pop":1.9286635184,"log_mass":4.7011464976},{"country_iso":"POL","city_id":3060,"log_pop":3.8056869516,"log_mass":6.5436998957},{"country_iso":"POL","city_id":3060,"log_pop":2.9176797154,"log_mass":5.7831121361},{"country_iso":"POL","city_id":3060,"log_pop":0.7947488279,"log_mass":3.3391580446},{"country_iso":"POL","city_id":3060,"log_pop":3.3654796926,"log_mass":6.1344985469},{"country_iso":"POL","city_id":3060,"log_pop":3.2229045733,"log_mass":5.8178410804},{"country_iso":"POL","city_id":3060,"log_pop":0.8649642566,"log_mass":4.41467289},{"country_iso":"POL","city_id":3060,"log_pop":1.1886412384,"log_mass":4.5993678677},{"country_iso":"POL","city_id":3060,"log_pop":3.4739296582,"log_mass":6.1424610886},{"country_iso":"POL","city_id":3060,"log_pop":3.910710897,"log_mass":6.4628545456},{"country_iso":"POL","city_id":3060,"log_pop":2.8286992454,"log_mass":5.703710149},{"country_iso":"POL","city_id":3060,"log_pop":2.2149487821,"log_mass":5.0685907501},{"country_iso":"POL","city_id":3060,"log_pop":3.5518133379,"log_mass":6.0914816839},{"country_iso":"POL","city_id":3060,"log_pop":3.4529669242,"log_mass":6.1277843773},{"country_iso":"POL","city_id":3060,"log_pop":2.5425528492,"log_mass":5.2501329694},{"country_iso":"POL","city_id":3060,"log_pop":3.8674982728,"log_mass":6.4069205414},{"country_iso":"POL","city_id":3060,"log_pop":3.0989780601,"log_mass":5.6171074481},{"country_iso":"POL","city_id":3060,"log_pop":4.2378329354,"log_mass":6.6702940504},{"country_iso":"POL","city_id":3060,"log_pop":3.7715335062,"log_mass":6.1766801373},{"country_iso":"POL","city_id":3060,"log_pop":3.9595979108,"log_mass":6.3483420564},{"country_iso":"POL","city_id":3060,"log_pop":3.9953742948,"log_mass":6.5100665623},{"country_iso":"POL","city_id":3060,"log_pop":3.9373040593,"log_mass":6.5736836662},{"country_iso":"POL","city_id":3060,"log_pop":4.2639781607,"log_mass":6.7194198972},{"country_iso":"POL","city_id":3060,"log_pop":4.0278849382,"log_mass":6.7148102538},{"country_iso":"POL","city_id":3060,"log_pop":3.6441523452,"log_mass":6.2165747573},{"country_iso":"POL","city_id":3060,"log_pop":3.3542837467,"log_mass":6.0502334144},{"country_iso":"POL","city_id":3060,"log_pop":4.1308943037,"log_mass":6.570650534},{"country_iso":"POL","city_id":3060,"log_pop":3.4385847839,"log_mass":5.9735679745},{"country_iso":"POL","city_id":3060,"log_pop":3.8776789968,"log_mass":6.3332099712},{"country_iso":"POL","city_id":3060,"log_pop":3.3912996402,"log_mass":5.9890072585},{"country_iso":"POL","city_id":3060,"log_pop":3.8271785038,"log_mass":6.4218366077},{"country_iso":"POL","city_id":3060,"log_pop":2.5003476511,"log_mass":5.3767673097},{"country_iso":"POL","city_id":3060,"log_pop":3.9328498416,"log_mass":6.4012550248},{"country_iso":"POL","city_id":3060,"log_pop":2.7413381683,"log_mass":5.3428875886},{"country_iso":"POL","city_id":3060,"log_pop":3.3829111915,"log_mass":5.9048956411},{"country_iso":"POL","city_id":3060,"log_pop":3.6036980246,"log_mass":5.9925621993},{"country_iso":"POL","city_id":3060,"log_pop":3.7093222293,"log_mass":6.2185874522},{"country_iso":"POL","city_id":3060,"log_pop":3.9101690438,"log_mass":6.330669824},{"country_iso":"POL","city_id":3060,"log_pop":3.4775876929,"log_mass":6.0499474599},{"country_iso":"POL","city_id":3060,"log_pop":3.3186616942,"log_mass":5.973203953},{"country_iso":"POL","city_id":3060,"log_pop":3.6935619854,"log_mass":6.1989459542},{"country_iso":"POL","city_id":3060,"log_pop":0.5433815415,"log_mass":3.9582081689},{"country_iso":"POL","city_id":3060,"log_pop":2.4215010712,"log_mass":5.185941881},{"country_iso":"POL","city_id":3060,"log_pop":1.0987745307,"log_mass":4.1585123571},{"country_iso":"POL","city_id":3060,"log_pop":3.5582971203,"log_mass":6.1499205755},{"country_iso":"POL","city_id":3060,"log_pop":2.8056565633,"log_mass":5.7294909482},{"country_iso":"POL","city_id":3060,"log_pop":3.0698371581,"log_mass":6.0918229704},{"country_iso":"POL","city_id":3060,"log_pop":3.4452654106,"log_mass":6.2746830135},{"country_iso":"POL","city_id":3060,"log_pop":1.9745811536,"log_mass":4.8320451929},{"country_iso":"POL","city_id":3060,"log_pop":0.2997970902,"log_mass":4.5464071975},{"country_iso":"POL","city_id":3060,"log_pop":3.2029767777,"log_mass":5.7395182364},{"country_iso":"POL","city_id":3060,"log_pop":3.5907398435,"log_mass":6.0177892281},{"country_iso":"POL","city_id":3060,"log_pop":2.3003292627,"log_mass":4.9422236847},{"country_iso":"POL","city_id":3060,"log_pop":4.1450621646,"log_mass":6.612702502},{"country_iso":"POL","city_id":3060,"log_pop":3.8049815715,"log_mass":6.2909535224},{"country_iso":"POL","city_id":3060,"log_pop":3.8550808883,"log_mass":6.2926395403},{"country_iso":"POL","city_id":3060,"log_pop":4.1273500129,"log_mass":6.6369410733},{"country_iso":"POL","city_id":3060,"log_pop":1.8372114152,"log_mass":4.488597976},{"country_iso":"POL","city_id":3060,"log_pop":3.7475233192,"log_mass":6.1945691843},{"country_iso":"POL","city_id":3060,"log_pop":3.4111288563,"log_mass":5.9561263245},{"country_iso":"POL","city_id":3060,"log_pop":2.5692454388,"log_mass":5.1432388503},{"country_iso":"POL","city_id":3060,"log_pop":3.8116315944,"log_mass":6.4110183161},{"country_iso":"POL","city_id":3060,"log_pop":3.3294746124,"log_mass":5.7728452184},{"country_iso":"POL","city_id":3060,"log_pop":4.172290731,"log_mass":6.6632469772},{"country_iso":"POL","city_id":3060,"log_pop":4.1443461315,"log_mass":6.6572027049},{"country_iso":"POL","city_id":3060,"log_pop":3.5502858223,"log_mass":6.1558542998},{"country_iso":"POL","city_id":3012,"log_pop":2.7437935303,"log_mass":5.6311895047},{"country_iso":"POL","city_id":3012,"log_pop":3.9537685119,"log_mass":6.4160947543},{"country_iso":"POL","city_id":3012,"log_pop":3.7448099046,"log_mass":6.3992187455},{"country_iso":"POL","city_id":3012,"log_pop":4.1256183265,"log_mass":6.6023155375},{"country_iso":"POL","city_id":3012,"log_pop":4.0528840799,"log_mass":6.5633850453},{"country_iso":"POL","city_id":3012,"log_pop":3.990034919,"log_mass":6.506519177},{"country_iso":"POL","city_id":3012,"log_pop":3.4799641862,"log_mass":6.1989410652},{"country_iso":"POL","city_id":3012,"log_pop":4.1595174581,"log_mass":6.5606802333},{"country_iso":"POL","city_id":3012,"log_pop":1.9526235069,"log_mass":4.8291159465},{"country_iso":"POL","city_id":3012,"log_pop":2.6976969975,"log_mass":5.3170333283},{"country_iso":"POL","city_id":3012,"log_pop":1.0155680132,"log_mass":3.8117798375},{"country_iso":"POL","city_id":3012,"log_pop":3.7241359843,"log_mass":6.3122505579},{"country_iso":"POL","city_id":3012,"log_pop":2.7284037462,"log_mass":5.3652904987},{"country_iso":"POL","city_id":3012,"log_pop":3.9175170919,"log_mass":6.3847333657},{"country_iso":"POL","city_id":3012,"log_pop":3.1215682923,"log_mass":5.8234882675},{"country_iso":"POL","city_id":3012,"log_pop":2.3459978443,"log_mass":5.1345079023},{"country_iso":"POL","city_id":3012,"log_pop":3.2944185379,"log_mass":5.9506308252},{"country_iso":"POL","city_id":3012,"log_pop":2.2198204965,"log_mass":4.9464212203},{"country_iso":"POL","city_id":3012,"log_pop":3.1512460603,"log_mass":5.7883431545},{"country_iso":"POL","city_id":3012,"log_pop":3.9863424214,"log_mass":6.4870702544},{"country_iso":"POL","city_id":3012,"log_pop":3.6899285783,"log_mass":6.2608390858},{"country_iso":"POL","city_id":3012,"log_pop":3.9943442809,"log_mass":6.4982630578},{"country_iso":"POL","city_id":3012,"log_pop":2.7390918341,"log_mass":5.5602333449},{"country_iso":"POL","city_id":3012,"log_pop":2.9224865451,"log_mass":5.6199749255},{"country_iso":"POL","city_id":3012,"log_pop":4.2261687075,"log_mass":6.7341295215},{"country_iso":"POL","city_id":3012,"log_pop":4.1356588427,"log_mass":6.6761189186},{"country_iso":"POL","city_id":3012,"log_pop":4.1447530856,"log_mass":6.5794015862},{"country_iso":"POL","city_id":3012,"log_pop":4.0919332514,"log_mass":6.6056729804},{"country_iso":"POL","city_id":3012,"log_pop":4.2220965985,"log_mass":6.6677498719},{"country_iso":"POL","city_id":3012,"log_pop":4.3568380836,"log_mass":6.9417532063},{"country_iso":"POL","city_id":3012,"log_pop":4.1912662931,"log_mass":6.6698496316},{"country_iso":"POL","city_id":3012,"log_pop":4.0612623017,"log_mass":6.569466909},{"country_iso":"POL","city_id":3012,"log_pop":3.1678328853,"log_mass":5.8732085509},{"country_iso":"POL","city_id":3012,"log_pop":2.9607078298,"log_mass":5.7635418478},{"country_iso":"POL","city_id":3012,"log_pop":3.6136490976,"log_mass":6.2315206637},{"country_iso":"POL","city_id":3012,"log_pop":4.086984831,"log_mass":6.5859047344},{"country_iso":"POL","city_id":3012,"log_pop":3.5732480913,"log_mass":6.1610604382},{"country_iso":"POL","city_id":3012,"log_pop":4.0901677907,"log_mass":6.5701295695},{"country_iso":"POL","city_id":3012,"log_pop":2.7334630595,"log_mass":5.3967029892},{"country_iso":"POL","city_id":3012,"log_pop":3.8013426199,"log_mass":6.3303711146},{"country_iso":"POL","city_id":3012,"log_pop":3.3492039386,"log_mass":5.9707773426},{"country_iso":"POL","city_id":3012,"log_pop":2.9576332578,"log_mass":5.9213999248},{"country_iso":"POL","city_id":3012,"log_pop":3.7841595023,"log_mass":6.4474079153},{"country_iso":"POL","city_id":3012,"log_pop":1.0668118089,"log_mass":3.9743726212},{"country_iso":"POL","city_id":3012,"log_pop":2.8245902465,"log_mass":5.6599334693},{"country_iso":"POL","city_id":3012,"log_pop":3.7484175884,"log_mass":6.3307844637},{"country_iso":"POL","city_id":3012,"log_pop":4.1888182375,"log_mass":6.6627112712},{"country_iso":"POL","city_id":3012,"log_pop":3.3786458897,"log_mass":5.976849938},{"country_iso":"POL","city_id":3012,"log_pop":3.9724255871,"log_mass":6.436473501},{"country_iso":"POL","city_id":3012,"log_pop":3.2491113145,"log_mass":5.8423814293},{"country_iso":"POL","city_id":3012,"log_pop":4.0619667363,"log_mass":6.5429720573},{"country_iso":"POL","city_id":3012,"log_pop":3.1605814145,"log_mass":5.9329855609},{"country_iso":"POL","city_id":3012,"log_pop":3.7108075973,"log_mass":6.2755593308},{"country_iso":"POL","city_id":3012,"log_pop":3.2268415044,"log_mass":6.1168398214},{"country_iso":"POL","city_id":3012,"log_pop":3.7388118135,"log_mass":6.4033951663},{"country_iso":"POL","city_id":3012,"log_pop":2.1672773763,"log_mass":4.8309409251},{"country_iso":"POL","city_id":3012,"log_pop":-0.2384437258,"log_mass":2.6950978625},{"country_iso":"POL","city_id":3012,"log_pop":1.9483565499,"log_mass":5.0248998045},{"country_iso":"POL","city_id":3012,"log_pop":3.3196621668,"log_mass":6.2191215414},{"country_iso":"POL","city_id":3205,"log_pop":2.5243270307,"log_mass":5.2100175042},{"country_iso":"POL","city_id":3205,"log_pop":2.2720394972,"log_mass":4.8251647028},{"country_iso":"POL","city_id":3205,"log_pop":1.8965869551,"log_mass":4.3530277197},{"country_iso":"POL","city_id":3205,"log_pop":2.949203461,"log_mass":5.5269964904},{"country_iso":"POL","city_id":3205,"log_pop":2.963583504,"log_mass":5.4794979696},{"country_iso":"POL","city_id":3205,"log_pop":3.3967112847,"log_mass":5.8448517368},{"country_iso":"POL","city_id":3205,"log_pop":3.152384695,"log_mass":5.50770858},{"country_iso":"POL","city_id":3205,"log_pop":1.9619447307,"log_mass":4.8164744226},{"country_iso":"POL","city_id":3205,"log_pop":1.773808951,"log_mass":4.5309646817},{"country_iso":"POL","city_id":3205,"log_pop":3.9772865135,"log_mass":6.4317216122},{"country_iso":"POL","city_id":3205,"log_pop":3.5440047968,"log_mass":5.9993940532},{"country_iso":"POL","city_id":3205,"log_pop":4.203408148,"log_mass":6.605373164},{"country_iso":"POL","city_id":3205,"log_pop":4.0000560144,"log_mass":6.4497853651},{"country_iso":"POL","city_id":3205,"log_pop":4.1316120006,"log_mass":6.5708907964},{"country_iso":"POL","city_id":3205,"log_pop":4.1288196575,"log_mass":6.5655037675},{"country_iso":"POL","city_id":3205,"log_pop":4.2667186595,"log_mass":6.6805491228},{"country_iso":"POL","city_id":3205,"log_pop":0.3845874943,"log_mass":3.3283745649},{"country_iso":"POL","city_id":3205,"log_pop":0.5512300571,"log_mass":3.1702962319},{"country_iso":"POL","city_id":3205,"log_pop":3.0729257356,"log_mass":5.7352315418},{"country_iso":"POL","city_id":3205,"log_pop":2.3943118035,"log_mass":5.2728543448},{"country_iso":"POL","city_id":3205,"log_pop":3.6500035872,"log_mass":6.2695551308},{"country_iso":"POL","city_id":3205,"log_pop":4.0038521558,"log_mass":6.4020760846},{"country_iso":"POL","city_id":3205,"log_pop":4.1301960677,"log_mass":6.481402793},{"country_iso":"POL","city_id":3205,"log_pop":3.727260762,"log_mass":6.0823855923},{"country_iso":"POL","city_id":3205,"log_pop":3.5144209645,"log_mass":5.9121787457},{"country_iso":"POL","city_id":3205,"log_pop":4.0470052889,"log_mass":6.4999914964},{"country_iso":"POL","city_id":3205,"log_pop":4.2189665438,"log_mass":6.5757429386},{"country_iso":"POL","city_id":3205,"log_pop":3.8267789492,"log_mass":6.3850356845},{"country_iso":"POL","city_id":3205,"log_pop":3.9268371412,"log_mass":6.3102819481},{"country_iso":"POL","city_id":3205,"log_pop":3.8420615683,"log_mass":6.2712616295},{"country_iso":"POL","city_id":3205,"log_pop":3.875665373,"log_mass":6.3204042536},{"country_iso":"POL","city_id":3205,"log_pop":4.0573359199,"log_mass":6.434232213},{"country_iso":"POL","city_id":3205,"log_pop":4.3625638545,"log_mass":6.6710523082},{"country_iso":"POL","city_id":3205,"log_pop":4.2189324142,"log_mass":6.557106714},{"country_iso":"POL","city_id":3205,"log_pop":2.40303658,"log_mass":5.1171493903},{"country_iso":"POL","city_id":3205,"log_pop":3.9110360929,"log_mass":6.2938951731},{"country_iso":"POL","city_id":3205,"log_pop":4.1907735294,"log_mass":6.6905689759},{"country_iso":"POL","city_id":3205,"log_pop":4.0100845333,"log_mass":6.6760308311},{"country_iso":"POL","city_id":3205,"log_pop":3.8528073075,"log_mass":6.2147070219},{"country_iso":"POL","city_id":3205,"log_pop":3.8894121105,"log_mass":6.5752349122},{"country_iso":"POL","city_id":3205,"log_pop":3.6608960666,"log_mass":6.127657887},{"country_iso":"POL","city_id":3205,"log_pop":3.3345853294,"log_mass":5.9542580342},{"country_iso":"POL","city_id":3205,"log_pop":4.2865443121,"log_mass":6.6530010661},{"country_iso":"POL","city_id":3205,"log_pop":4.2557874899,"log_mass":6.7379209481},{"country_iso":"POL","city_id":3205,"log_pop":4.4240638144,"log_mass":6.9235003034},{"country_iso":"POL","city_id":3205,"log_pop":3.1175686182,"log_mass":5.6482360025},{"country_iso":"POL","city_id":3205,"log_pop":4.1792601626,"log_mass":6.7270968786},{"country_iso":"POL","city_id":3205,"log_pop":4.2568553753,"log_mass":6.6302628739},{"country_iso":"POL","city_id":3205,"log_pop":4.3655237162,"log_mass":6.7497511915},{"country_iso":"POL","city_id":3205,"log_pop":3.4155461666,"log_mass":5.9571508247},{"country_iso":"POL","city_id":3205,"log_pop":3.0680166602,"log_mass":5.8036918469},{"country_iso":"POL","city_id":3205,"log_pop":3.6144332382,"log_mass":6.1753049051},{"country_iso":"POL","city_id":3205,"log_pop":3.3639686543,"log_mass":5.8528888259},{"country_iso":"POL","city_id":3205,"log_pop":3.6846374184,"log_mass":6.1224414184},{"country_iso":"POL","city_id":3031,"log_pop":3.9221297826,"log_mass":6.4482727041},{"country_iso":"POL","city_id":3031,"log_pop":4.2692529602,"log_mass":6.7068804268},{"country_iso":"POL","city_id":3031,"log_pop":3.52863524,"log_mass":6.1961634202},{"country_iso":"POL","city_id":3031,"log_pop":3.9346699769,"log_mass":6.3561654415},{"country_iso":"POL","city_id":3031,"log_pop":3.3893417117,"log_mass":5.8561355492},{"country_iso":"POL","city_id":3031,"log_pop":4.0682753072,"log_mass":6.552328505},{"country_iso":"POL","city_id":3031,"log_pop":3.2507019268,"log_mass":5.9603845937},{"country_iso":"POL","city_id":3031,"log_pop":4.4968654756,"log_mass":6.9609834312},{"country_iso":"POL","city_id":3031,"log_pop":4.0900386061,"log_mass":6.5865610858},{"country_iso":"POL","city_id":3031,"log_pop":4.2700187111,"log_mass":6.6186675508},{"country_iso":"POL","city_id":3031,"log_pop":4.3169274456,"log_mass":6.7103959999},{"country_iso":"POL","city_id":3031,"log_pop":4.3627120004,"log_mass":6.7555947901},{"country_iso":"POL","city_id":3031,"log_pop":4.3719234341,"log_mass":6.9155694625},{"country_iso":"POL","city_id":3031,"log_pop":4.239671384,"log_mass":6.7396348106},{"country_iso":"POL","city_id":3031,"log_pop":3.5820823689,"log_mass":6.1372231626},{"country_iso":"POL","city_id":3031,"log_pop":4.0930265322,"log_mass":6.5107799173},{"country_iso":"POL","city_id":3031,"log_pop":2.871201729,"log_mass":6.2046863069},{"country_iso":"POL","city_id":3031,"log_pop":3.2148681785,"log_mass":6.1803718632},{"country_iso":"POL","city_id":3031,"log_pop":3.0948409033,"log_mass":5.7048351441},{"country_iso":"POL","city_id":3031,"log_pop":3.8072253655,"log_mass":6.2822464602},{"country_iso":"POL","city_id":3031,"log_pop":3.0233362892,"log_mass":5.585937089},{"country_iso":"POL","city_id":3031,"log_pop":3.5245455186,"log_mass":6.0281534012},{"country_iso":"POL","city_id":3031,"log_pop":3.5904665717,"log_mass":6.1814199448},{"country_iso":"POL","city_id":3031,"log_pop":3.7118342532,"log_mass":6.2170526581},{"country_iso":"POL","city_id":3031,"log_pop":4.1534045231,"log_mass":6.611188849},{"country_iso":"POL","city_id":3031,"log_pop":2.7915788281,"log_mass":5.4544222366},{"country_iso":"POL","city_id":3031,"log_pop":2.417488099,"log_mass":5.1331223997},{"country_iso":"POL","city_id":3031,"log_pop":2.4723217273,"log_mass":5.3274086008},{"country_iso":"POL","city_id":3031,"log_pop":1.8773454434,"log_mass":4.8273772264},{"country_iso":"POL","city_id":3031,"log_pop":3.3530898401,"log_mass":5.940932204},{"country_iso":"POL","city_id":3031,"log_pop":3.8611356985,"log_mass":6.3254876044},{"country_iso":"POL","city_id":3031,"log_pop":2.9556996597,"log_mass":5.6291088365},{"country_iso":"POL","city_id":3031,"log_pop":3.7284587943,"log_mass":6.3005095335},{"country_iso":"POL","city_id":3031,"log_pop":3.1571342468,"log_mass":5.6800789287},{"country_iso":"POL","city_id":3031,"log_pop":2.2053571266,"log_mass":4.8163056111},{"country_iso":"POL","city_id":3031,"log_pop":3.7503328639,"log_mass":6.2751988399},{"country_iso":"POL","city_id":3031,"log_pop":3.7056068797,"log_mass":6.222460369},{"country_iso":"POL","city_id":3031,"log_pop":3.7495214017,"log_mass":6.2355422189},{"country_iso":"POL","city_id":3031,"log_pop":3.6749490761,"log_mass":6.3577130724},{"country_iso":"POL","city_id":3031,"log_pop":3.1668491822,"log_mass":5.7393663159},{"country_iso":"POL","city_id":3031,"log_pop":3.9463880246,"log_mass":6.4590057859},{"country_iso":"POL","city_id":3031,"log_pop":4.0995659575,"log_mass":6.5757674313},{"country_iso":"POL","city_id":3031,"log_pop":2.0623295303,"log_mass":4.6555154801},{"country_iso":"POL","city_id":3031,"log_pop":3.1103008421,"log_mass":5.6773469437},{"country_iso":"POL","city_id":3031,"log_pop":3.9417239612,"log_mass":6.3998800706},{"country_iso":"POL","city_id":3031,"log_pop":3.5454824262,"log_mass":6.0865533954},{"country_iso":"POL","city_id":3031,"log_pop":3.5694623838,"log_mass":6.1373097419},{"country_iso":"POL","city_id":3031,"log_pop":1.3364665092,"log_mass":3.9688986405},{"country_iso":"POL","city_id":3153,"log_pop":2.706189622,"log_mass":5.3555689414},{"country_iso":"POL","city_id":3153,"log_pop":3.9118483549,"log_mass":6.2882218528},{"country_iso":"POL","city_id":3153,"log_pop":3.2700773676,"log_mass":6.0555304405},{"country_iso":"POL","city_id":3153,"log_pop":4.1688357332,"log_mass":6.4547969789},{"country_iso":"POL","city_id":3153,"log_pop":2.9028423572,"log_mass":5.605408022},{"country_iso":"POL","city_id":3153,"log_pop":3.9909893527,"log_mass":6.4210778707},{"country_iso":"POL","city_id":3153,"log_pop":3.3963027706,"log_mass":5.8175639661},{"country_iso":"POL","city_id":3153,"log_pop":3.8036110165,"log_mass":6.2725665596},{"country_iso":"POL","city_id":3153,"log_pop":2.9485476342,"log_mass":5.5440682426},{"country_iso":"POL","city_id":3153,"log_pop":4.2570230156,"log_mass":6.5943260882},{"country_iso":"POL","city_id":3153,"log_pop":3.3127154898,"log_mass":5.944926051},{"country_iso":"POL","city_id":3153,"log_pop":4.0882939718,"log_mass":6.4816787275},{"country_iso":"POL","city_id":3153,"log_pop":3.6128111207,"log_mass":6.0972832142},{"country_iso":"POL","city_id":3153,"log_pop":3.5812253778,"log_mass":6.1277107582},{"country_iso":"POL","city_id":3153,"log_pop":3.995923066,"log_mass":6.4081880177},{"country_iso":"POL","city_id":3153,"log_pop":4.4196438671,"log_mass":6.7604978677},{"country_iso":"POL","city_id":3153,"log_pop":4.1438017898,"log_mass":6.5978573209},{"country_iso":"POL","city_id":3153,"log_pop":4.1494435652,"log_mass":6.579810087},{"country_iso":"POL","city_id":3153,"log_pop":4.319131331,"log_mass":6.707856944},{"country_iso":"POL","city_id":3153,"log_pop":4.5184040622,"log_mass":6.8881102533},{"country_iso":"POL","city_id":3153,"log_pop":4.338514382,"log_mass":6.6716088642},{"country_iso":"POL","city_id":3153,"log_pop":4.2792725066,"log_mass":6.6485850714},{"country_iso":"POL","city_id":3153,"log_pop":0.5930364779,"log_mass":3.6357561529},{"country_iso":"POL","city_id":3153,"log_pop":4.0682814619,"log_mass":6.5447707999},{"country_iso":"POL","city_id":3153,"log_pop":3.9122299653,"log_mass":6.3581191819},{"country_iso":"POL","city_id":3153,"log_pop":2.4549896668,"log_mass":4.8504181482},{"country_iso":"POL","city_id":3153,"log_pop":4.3866276815,"log_mass":6.6343540971},{"country_iso":"POL","city_id":3153,"log_pop":4.0031456973,"log_mass":6.4315319885},{"country_iso":"POL","city_id":3153,"log_pop":4.377603376,"log_mass":6.6846361006},{"country_iso":"POL","city_id":3153,"log_pop":4.4342000578,"log_mass":6.739410872},{"country_iso":"POL","city_id":3153,"log_pop":4.1810093733,"log_mass":6.4976909885},{"country_iso":"POL","city_id":3153,"log_pop":3.6803649185,"log_mass":6.0689265841},{"country_iso":"POL","city_id":3153,"log_pop":4.3588018757,"log_mass":6.6432992932},{"country_iso":"POL","city_id":3153,"log_pop":2.0077844736,"log_mass":4.9451839784},{"country_iso":"POL","city_id":3153,"log_pop":3.9902766443,"log_mass":6.5033097619},{"country_iso":"POL","city_id":3153,"log_pop":2.9801735566,"log_mass":5.7032000809},{"country_iso":"POL","city_id":3153,"log_pop":3.0957332048,"log_mass":5.5887258084},{"country_iso":"POL","city_id":3153,"log_pop":3.4940950028,"log_mass":6.162570488},{"country_iso":"POL","city_id":3153,"log_pop":3.0878025552,"log_mass":5.7124576288},{"country_iso":"POL","city_id":3153,"log_pop":3.9991080327,"log_mass":6.4959917154},{"country_iso":"POL","city_id":3153,"log_pop":3.5667889843,"log_mass":6.1754259449},{"country_iso":"POL","city_id":3153,"log_pop":3.1101741019,"log_mass":5.685098478},{"country_iso":"POL","city_id":3153,"log_pop":3.0826689508,"log_mass":5.5477516753},{"country_iso":"POL","city_id":3153,"log_pop":2.2091452946,"log_mass":4.7999501147},{"country_iso":"POL","city_id":3054,"log_pop":1.7201001331,"log_mass":4.4832043782},{"country_iso":"POL","city_id":3054,"log_pop":3.256993422,"log_mass":5.7782629857},{"country_iso":"POL","city_id":3054,"log_pop":3.2621736484,"log_mass":5.7946320788},{"country_iso":"POL","city_id":3054,"log_pop":3.8039262286,"log_mass":6.3366767615},{"country_iso":"POL","city_id":3054,"log_pop":3.1886441155,"log_mass":5.6938053057},{"country_iso":"POL","city_id":3054,"log_pop":3.6138274721,"log_mass":6.1573425152},{"country_iso":"POL","city_id":3054,"log_pop":4.2675124038,"log_mass":6.6567454888},{"country_iso":"POL","city_id":3054,"log_pop":4.3950674313,"log_mass":6.7897223017},{"country_iso":"POL","city_id":3054,"log_pop":3.9982854702,"log_mass":6.4357271526},{"country_iso":"POL","city_id":3054,"log_pop":4.2663966467,"log_mass":6.6367572471},{"country_iso":"POL","city_id":3054,"log_pop":4.0293629947,"log_mass":6.492207738},{"country_iso":"POL","city_id":3054,"log_pop":3.9790546319,"log_mass":6.3949220392},{"country_iso":"POL","city_id":3054,"log_pop":3.9865627773,"log_mass":6.4332963348},{"country_iso":"POL","city_id":3054,"log_pop":1.2575124571,"log_mass":3.9463080875},{"country_iso":"POL","city_id":3054,"log_pop":4.0540083896,"log_mass":6.524532216},{"country_iso":"POL","city_id":3054,"log_pop":3.6471527533,"log_mass":6.0813943592},{"country_iso":"POL","city_id":3054,"log_pop":3.8623802608,"log_mass":6.3878509478},{"country_iso":"POL","city_id":3054,"log_pop":1.4742071803,"log_mass":4.1611735763},{"country_iso":"POL","city_id":3054,"log_pop":1.9342835245,"log_mass":4.3274377754},{"country_iso":"POL","city_id":3054,"log_pop":3.7860856394,"log_mass":6.2651892506},{"country_iso":"POL","city_id":3054,"log_pop":3.3589404772,"log_mass":5.9348320327},{"country_iso":"POL","city_id":3054,"log_pop":4.0130990703,"log_mass":6.4663003889},{"country_iso":"POL","city_id":3054,"log_pop":3.7051839359,"log_mass":6.2956953179},{"country_iso":"POL","city_id":3054,"log_pop":3.7527369852,"log_mass":6.3221857432},{"country_iso":"POL","city_id":3054,"log_pop":3.4894428678,"log_mass":6.1527378452},{"country_iso":"POL","city_id":3054,"log_pop":4.2515733632,"log_mass":6.6401100487},{"country_iso":"POL","city_id":3054,"log_pop":3.9095648342,"log_mass":6.3848670201},{"country_iso":"POL","city_id":3054,"log_pop":4.2758014188,"log_mass":6.6775986184},{"country_iso":"POL","city_id":3054,"log_pop":2.267884528,"log_mass":5.1184177575},{"country_iso":"POL","city_id":3054,"log_pop":2.5124013404,"log_mass":5.3551874714},{"country_iso":"POL","city_id":3054,"log_pop":3.7523755738,"log_mass":6.0753263912},{"country_iso":"POL","city_id":3289,"log_pop":3.3064791754,"log_mass":5.8766745922},{"country_iso":"POL","city_id":3289,"log_pop":3.7715398003,"log_mass":6.1489926023},{"country_iso":"POL","city_id":3289,"log_pop":3.4488361528,"log_mass":5.8974771948},{"country_iso":"POL","city_id":3289,"log_pop":4.0931021937,"log_mass":6.4781123884},{"country_iso":"POL","city_id":3289,"log_pop":1.6860853961,"log_mass":4.4080820034},{"country_iso":"POL","city_id":3289,"log_pop":4.0698688101,"log_mass":6.4705463891},{"country_iso":"POL","city_id":3289,"log_pop":3.428316902,"log_mass":6.0277173065},{"country_iso":"POL","city_id":3289,"log_pop":4.2665324652,"log_mass":6.6420354105},{"country_iso":"POL","city_id":3289,"log_pop":4.2267612255,"log_mass":6.7155197227},{"country_iso":"POL","city_id":3289,"log_pop":3.8442845055,"log_mass":6.3012754475},{"country_iso":"POL","city_id":3289,"log_pop":4.3451225728,"log_mass":6.7078158708},{"country_iso":"POL","city_id":3289,"log_pop":2.3804630874,"log_mass":5.0476603185},{"country_iso":"POL","city_id":3289,"log_pop":-1.0083302464,"log_mass":3.2695107241},{"country_iso":"POL","city_id":3289,"log_pop":3.989617171,"log_mass":6.3607638879},{"country_iso":"POL","city_id":3289,"log_pop":4.2678099105,"log_mass":6.6298026359},{"country_iso":"POL","city_id":3289,"log_pop":3.778364839,"log_mass":6.202655359},{"country_iso":"POL","city_id":3289,"log_pop":4.246034228,"log_mass":6.569705184},{"country_iso":"POL","city_id":3289,"log_pop":4.2687070428,"log_mass":6.6863160987},{"country_iso":"POL","city_id":3289,"log_pop":3.6662966719,"log_mass":6.1139101468},{"country_iso":"POL","city_id":3289,"log_pop":3.7634795138,"log_mass":6.2859829898},{"country_iso":"POL","city_id":3289,"log_pop":1.9987713086,"log_mass":4.9067791142},{"country_iso":"POL","city_id":3289,"log_pop":0.5645829221,"log_mass":3.9950047754},{"country_iso":"POL","city_id":3289,"log_pop":2.9500209545,"log_mass":5.4970700896},{"country_iso":"POL","city_id":3289,"log_pop":3.2354188396,"log_mass":5.8148442966},{"country_iso":"POL","city_id":3289,"log_pop":4.0582295965,"log_mass":6.4650255612},{"country_iso":"POL","city_id":3289,"log_pop":3.3187276098,"log_mass":5.7862887651},{"country_iso":"POL","city_id":3289,"log_pop":4.0731573056,"log_mass":6.5437951629},{"country_iso":"POL","city_id":3289,"log_pop":1.5867802005,"log_mass":4.1912842329},{"country_iso":"POL","city_id":3289,"log_pop":1.7101307877,"log_mass":4.5463531375},{"country_iso":"POL","city_id":3288,"log_pop":0.7085024767,"log_mass":3.8653600742},{"country_iso":"POL","city_id":3288,"log_pop":3.1233839677,"log_mass":6.0187097353},{"country_iso":"POL","city_id":3288,"log_pop":3.791072652,"log_mass":6.2630655019},{"country_iso":"POL","city_id":3288,"log_pop":4.1254020345,"log_mass":6.5057698092},{"country_iso":"POL","city_id":3288,"log_pop":0.9798272403,"log_mass":4.3057763043},{"country_iso":"POL","city_id":3288,"log_pop":3.819144055,"log_mass":6.236477197},{"country_iso":"POL","city_id":3288,"log_pop":2.9257113515,"log_mass":5.5974951236},{"country_iso":"POL","city_id":3288,"log_pop":4.0115557291,"log_mass":6.4731156607},{"country_iso":"POL","city_id":3288,"log_pop":2.4512151359,"log_mass":5.2119542668},{"country_iso":"POL","city_id":3288,"log_pop":1.4901892631,"log_mass":4.6968623526},{"country_iso":"POL","city_id":3288,"log_pop":2.1528123676,"log_mass":4.8074304274},{"country_iso":"POL","city_id":3288,"log_pop":3.8386808301,"log_mass":6.2957417496},{"country_iso":"POL","city_id":3288,"log_pop":2.9617980337,"log_mass":5.5217203022},{"country_iso":"POL","city_id":3288,"log_pop":4.093704586,"log_mass":6.4799594697},{"country_iso":"POL","city_id":3288,"log_pop":3.7975047003,"log_mass":6.2312534444},{"country_iso":"POL","city_id":3288,"log_pop":3.9411327275,"log_mass":6.3935254116},{"country_iso":"POL","city_id":3288,"log_pop":3.4169598654,"log_mass":5.8772361806},{"country_iso":"POL","city_id":3288,"log_pop":1.7372064342,"log_mass":4.5157063179},{"country_iso":"POL","city_id":3288,"log_pop":4.4087311015,"log_mass":6.7703531024},{"country_iso":"POL","city_id":3288,"log_pop":4.2972460547,"log_mass":6.7058872492},{"country_iso":"POL","city_id":3288,"log_pop":4.2309107267,"log_mass":6.6385308539},{"country_iso":"POL","city_id":3288,"log_pop":2.2371416876,"log_mass":4.9490799701},{"country_iso":"POL","city_id":3288,"log_pop":3.3402748523,"log_mass":6.0482335845},{"country_iso":"POL","city_id":3288,"log_pop":2.9551506655,"log_mass":5.4374464838},{"country_iso":"POL","city_id":3288,"log_pop":3.8271899539,"log_mass":6.2679687896},{"country_iso":"POL","city_id":3288,"log_pop":4.2140293945,"log_mass":6.6190056366},{"country_iso":"POL","city_id":3288,"log_pop":4.3473043965,"log_mass":6.6841449426},{"country_iso":"POL","city_id":3288,"log_pop":3.3534306523,"log_mass":5.8796491498},{"country_iso":"POL","city_id":2907,"log_pop":1.8891971487,"log_mass":4.9105802559},{"country_iso":"POL","city_id":2907,"log_pop":3.8416865084,"log_mass":6.3821403148},{"country_iso":"POL","city_id":2907,"log_pop":3.014720526,"log_mass":5.862410742},{"country_iso":"POL","city_id":2907,"log_pop":3.2391923765,"log_mass":6.0576993004},{"country_iso":"POL","city_id":2907,"log_pop":3.7260978142,"log_mass":6.3936857968},{"country_iso":"POL","city_id":2907,"log_pop":3.7716138044,"log_mass":6.3161540573},{"country_iso":"POL","city_id":2907,"log_pop":2.0851820439,"log_mass":4.6303463072},{"country_iso":"POL","city_id":2907,"log_pop":4.2950399265,"log_mass":6.683119271},{"country_iso":"POL","city_id":2907,"log_pop":4.1705440937,"log_mass":6.5871023789},{"country_iso":"POL","city_id":2907,"log_pop":3.9310297663,"log_mass":6.4948673855},{"country_iso":"POL","city_id":2907,"log_pop":3.6322914622,"log_mass":6.1746843795},{"country_iso":"POL","city_id":2907,"log_pop":3.3213196069,"log_mass":5.9932317439},{"country_iso":"POL","city_id":2907,"log_pop":4.1428448043,"log_mass":6.5485805828},{"country_iso":"POL","city_id":2907,"log_pop":4.4139327986,"log_mass":6.9259224252},{"country_iso":"POL","city_id":2907,"log_pop":3.9590898133,"log_mass":6.3764516264},{"country_iso":"POL","city_id":2907,"log_pop":3.218345029,"log_mass":5.8326232231},{"country_iso":"POL","city_id":2907,"log_pop":3.2555626284,"log_mass":5.9544686546},{"country_iso":"POL","city_id":2907,"log_pop":3.6657556714,"log_mass":6.1571761406},{"country_iso":"POL","city_id":2907,"log_pop":2.6076364467,"log_mass":5.3413184124},{"country_iso":"POL","city_id":2907,"log_pop":1.2742276808,"log_mass":4.2839564692},{"country_iso":"POL","city_id":2907,"log_pop":3.6358723308,"log_mass":6.0558480768},{"country_iso":"POL","city_id":2907,"log_pop":3.9993161173,"log_mass":6.42254508},{"country_iso":"POL","city_id":2907,"log_pop":4.1820233072,"log_mass":6.5835574875},{"country_iso":"POL","city_id":2907,"log_pop":4.1425607475,"log_mass":6.5519263985},{"country_iso":"POL","city_id":2907,"log_pop":3.1062713694,"log_mass":5.8209184225},{"country_iso":"POL","city_id":2907,"log_pop":3.493368787,"log_mass":6.019342013},{"country_iso":"POL","city_id":2907,"log_pop":2.7807256397,"log_mass":5.4774786485},{"country_iso":"POL","city_id":2907,"log_pop":2.1093700812,"log_mass":5.0285803187},{"country_iso":"POL","city_id":3150,"log_pop":3.0331433765,"log_mass":5.84229452},{"country_iso":"POL","city_id":3150,"log_pop":3.5771473295,"log_mass":6.2469399437},{"country_iso":"POL","city_id":3150,"log_pop":2.7508860216,"log_mass":5.4614149968},{"country_iso":"POL","city_id":3150,"log_pop":2.2094675804,"log_mass":4.9738911164},{"country_iso":"POL","city_id":3150,"log_pop":2.9120069529,"log_mass":5.6579291658},{"country_iso":"POL","city_id":3150,"log_pop":2.7837766344,"log_mass":5.6575200659},{"country_iso":"POL","city_id":3150,"log_pop":3.5839468274,"log_mass":6.1263736117},{"country_iso":"POL","city_id":3150,"log_pop":3.8733699992,"log_mass":6.4300393114},{"country_iso":"POL","city_id":3150,"log_pop":1.8506049579,"log_mass":4.9891512302},{"country_iso":"POL","city_id":3150,"log_pop":1.0681283371,"log_mass":4.2455340184},{"country_iso":"POL","city_id":3150,"log_pop":4.0079255731,"log_mass":6.542995532},{"country_iso":"POL","city_id":3150,"log_pop":4.1882612966,"log_mass":6.6869281197},{"country_iso":"POL","city_id":3150,"log_pop":3.2200655421,"log_mass":6.017163037},{"country_iso":"POL","city_id":3150,"log_pop":2.8156541197,"log_mass":5.4079029147},{"country_iso":"POL","city_id":3150,"log_pop":2.1350537013,"log_mass":4.8299223477},{"country_iso":"POL","city_id":3150,"log_pop":4.1246766812,"log_mass":6.5830134642},{"country_iso":"POL","city_id":3150,"log_pop":3.9619401952,"log_mass":6.4616917338},{"country_iso":"POL","city_id":3150,"log_pop":3.8171341961,"log_mass":6.3965158486},{"country_iso":"POL","city_id":3150,"log_pop":4.2953311557,"log_mass":6.8197926235},{"country_iso":"POL","city_id":3150,"log_pop":2.7835238293,"log_mass":5.5985526056},{"country_iso":"POL","city_id":3150,"log_pop":3.95580296,"log_mass":6.4786770696},{"country_iso":"POL","city_id":3150,"log_pop":3.922640104,"log_mass":6.5019378829},{"country_iso":"POL","city_id":3150,"log_pop":1.0756160526,"log_mass":3.8587861106},{"country_iso":"POL","city_id":3150,"log_pop":1.5817586488,"log_mass":4.3842294374},{"country_iso":"POL","city_id":3150,"log_pop":3.3358640567,"log_mass":5.9946132511},{"country_iso":"POL","city_id":3150,"log_pop":2.5504516885,"log_mass":5.4864216296},{"country_iso":"POL","city_id":3150,"log_pop":3.8398406762,"log_mass":6.3911919957},{"country_iso":"POL","city_id":3096,"log_pop":2.6785845722,"log_mass":5.3123668444},{"country_iso":"POL","city_id":3096,"log_pop":2.1513907603,"log_mass":4.7429963549},{"country_iso":"POL","city_id":3096,"log_pop":3.3215792605,"log_mass":5.810209203},{"country_iso":"POL","city_id":3096,"log_pop":3.2258349236,"log_mass":5.8836386141},{"country_iso":"POL","city_id":3096,"log_pop":3.1326112409,"log_mass":5.8145377354},{"country_iso":"POL","city_id":3096,"log_pop":3.4947533331,"log_mass":6.1258741986},{"country_iso":"POL","city_id":3096,"log_pop":4.2867434642,"log_mass":6.7381112707},{"country_iso":"POL","city_id":3096,"log_pop":3.9905301322,"log_mass":6.4827564912},{"country_iso":"POL","city_id":3096,"log_pop":3.8392822018,"log_mass":6.3630558021},{"country_iso":"POL","city_id":3096,"log_pop":3.5416382571,"log_mass":6.0729390247},{"country_iso":"POL","city_id":3096,"log_pop":4.1008072985,"log_mass":6.5710023536},{"country_iso":"POL","city_id":3096,"log_pop":3.9878612919,"log_mass":6.557372393},{"country_iso":"POL","city_id":3096,"log_pop":4.1410891256,"log_mass":6.6358062848},{"country_iso":"POL","city_id":3096,"log_pop":3.8920069309,"log_mass":6.3555137472},{"country_iso":"POL","city_id":3096,"log_pop":2.7987391007,"log_mass":5.5806261208},{"country_iso":"POL","city_id":3096,"log_pop":3.3397668618,"log_mass":6.0690371259},{"country_iso":"POL","city_id":3096,"log_pop":1.5323706899,"log_mass":4.5376622736},{"country_iso":"POL","city_id":3096,"log_pop":3.3167513979,"log_mass":6.1848825313},{"country_iso":"POL","city_id":3096,"log_pop":2.8830931355,"log_mass":5.7610806776},{"country_iso":"POL","city_id":3096,"log_pop":3.9159802072,"log_mass":6.509723243},{"country_iso":"POL","city_id":3096,"log_pop":3.6986995013,"log_mass":6.2593029858},{"country_iso":"POL","city_id":3096,"log_pop":2.703279529,"log_mass":5.5633807933},{"country_iso":"POL","city_id":3161,"log_pop":3.0265862954,"log_mass":5.687510422},{"country_iso":"POL","city_id":3161,"log_pop":3.7580615885,"log_mass":6.1941369956},{"country_iso":"POL","city_id":3161,"log_pop":3.5701604521,"log_mass":6.1644046775},{"country_iso":"POL","city_id":3161,"log_pop":4.1584725266,"log_mass":6.6156644483},{"country_iso":"POL","city_id":3161,"log_pop":-0.1411884759,"log_mass":2.8210884887},{"country_iso":"POL","city_id":3161,"log_pop":1.6987295782,"log_mass":4.3342655619},{"country_iso":"POL","city_id":3161,"log_pop":2.0609190762,"log_mass":4.8859731486},{"country_iso":"POL","city_id":3161,"log_pop":4.1420855955,"log_mass":6.6001257012},{"country_iso":"POL","city_id":3161,"log_pop":3.4218198579,"log_mass":6.1224913299},{"country_iso":"POL","city_id":3161,"log_pop":4.0662965738,"log_mass":6.5762069524},{"country_iso":"POL","city_id":3161,"log_pop":3.6716589236,"log_mass":6.2285386871},{"country_iso":"POL","city_id":3161,"log_pop":2.4813255593,"log_mass":5.0554688742},{"country_iso":"POL","city_id":3161,"log_pop":3.1934465676,"log_mass":5.798696554},{"country_iso":"POL","city_id":3161,"log_pop":3.5180086645,"log_mass":6.112567167},{"country_iso":"POL","city_id":3161,"log_pop":3.596199843,"log_mass":6.1662686798},{"country_iso":"POL","city_id":3161,"log_pop":4.1726786897,"log_mass":6.749126463},{"country_iso":"POL","city_id":3161,"log_pop":3.4151483612,"log_mass":5.9645702935},{"country_iso":"POL","city_id":3161,"log_pop":3.1045958295,"log_mass":5.8013006317},{"country_iso":"POL","city_id":3161,"log_pop":3.4431930903,"log_mass":5.9590316316},{"country_iso":"POL","city_id":3161,"log_pop":2.0875898456,"log_mass":4.7834399719},{"country_iso":"POL","city_id":3161,"log_pop":2.9448734913,"log_mass":5.8044181626},{"country_iso":"POL","city_id":3130,"log_pop":1.4086459119,"log_mass":4.2386805731},{"country_iso":"POL","city_id":3130,"log_pop":3.5468250601,"log_mass":6.2218514978},{"country_iso":"POL","city_id":3130,"log_pop":2.6823716078,"log_mass":5.3640036577},{"country_iso":"POL","city_id":3130,"log_pop":2.9286133896,"log_mass":5.6176380332},{"country_iso":"POL","city_id":3130,"log_pop":2.7992420898,"log_mass":5.6585742268},{"country_iso":"POL","city_id":3130,"log_pop":2.133733923,"log_mass":4.924984486},{"country_iso":"POL","city_id":3130,"log_pop":3.8441725717,"log_mass":6.3831780822},{"country_iso":"POL","city_id":3130,"log_pop":3.9024235529,"log_mass":6.4115722108},{"country_iso":"POL","city_id":3130,"log_pop":3.717393906,"log_mass":6.3463385705},{"country_iso":"POL","city_id":3130,"log_pop":3.6610956607,"log_mass":6.2844016605},{"country_iso":"POL","city_id":3130,"log_pop":3.3467232913,"log_mass":5.883226044},{"country_iso":"POL","city_id":3130,"log_pop":4.1105239523,"log_mass":6.5741818334},{"country_iso":"POL","city_id":3130,"log_pop":1.7400683421,"log_mass":4.8064756898},{"country_iso":"POL","city_id":3130,"log_pop":2.8909525366,"log_mass":5.5593206915},{"country_iso":"POL","city_id":3130,"log_pop":2.639423377,"log_mass":5.4477694653},{"country_iso":"POL","city_id":3130,"log_pop":3.3107555967,"log_mass":5.9783441791},{"country_iso":"POL","city_id":3130,"log_pop":3.8540810469,"log_mass":6.4665882412},{"country_iso":"POL","city_id":3130,"log_pop":2.9949551632,"log_mass":5.754563211},{"country_iso":"POL","city_id":3130,"log_pop":2.5344957293,"log_mass":5.2917379657},{"country_iso":"POL","city_id":3004,"log_pop":2.1485319138,"log_mass":4.7113283811},{"country_iso":"POL","city_id":3004,"log_pop":3.3333493604,"log_mass":5.6665633446},{"country_iso":"POL","city_id":3004,"log_pop":3.2566587844,"log_mass":5.7576324253},{"country_iso":"POL","city_id":3004,"log_pop":2.6842205456,"log_mass":5.601408627},{"country_iso":"POL","city_id":3004,"log_pop":4.1346528497,"log_mass":6.4529552784},{"country_iso":"POL","city_id":3004,"log_pop":-0.2039854793,"log_mass":2.6865817235},{"country_iso":"POL","city_id":3004,"log_pop":3.3865266442,"log_mass":5.8395557446},{"country_iso":"POL","city_id":3004,"log_pop":3.5427235427,"log_mass":5.9858620721},{"country_iso":"POL","city_id":3004,"log_pop":3.9404749736,"log_mass":6.285913137},{"country_iso":"POL","city_id":3004,"log_pop":3.8134810502,"log_mass":6.0538891221},{"country_iso":"POL","city_id":3004,"log_pop":0.0645906941,"log_mass":3.6075235147},{"country_iso":"POL","city_id":3004,"log_pop":4.264179254,"log_mass":6.541896304},{"country_iso":"POL","city_id":3004,"log_pop":3.7039231875,"log_mass":6.1279159056},{"country_iso":"POL","city_id":3004,"log_pop":3.6486229541,"log_mass":5.9911356584},{"country_iso":"POL","city_id":3004,"log_pop":2.7816042111,"log_mass":5.3129829204},{"country_iso":"POL","city_id":3004,"log_pop":3.6502853684,"log_mass":6.0604516254},{"country_iso":"POL","city_id":3004,"log_pop":3.7244510069,"log_mass":6.0345475983},{"country_iso":"POL","city_id":3004,"log_pop":2.8158485887,"log_mass":5.6809584908},{"country_iso":"POL","city_id":3280,"log_pop":2.5780859033,"log_mass":5.2608317454},{"country_iso":"POL","city_id":3280,"log_pop":4.3968907889,"log_mass":6.7249308572},{"country_iso":"POL","city_id":3280,"log_pop":4.0121498601,"log_mass":6.4719636444},{"country_iso":"POL","city_id":3280,"log_pop":1.8895348303,"log_mass":4.929248554},{"country_iso":"POL","city_id":3280,"log_pop":4.0567416669,"log_mass":6.3980802053},{"country_iso":"POL","city_id":3280,"log_pop":3.6921603933,"log_mass":6.0732070546},{"country_iso":"POL","city_id":3280,"log_pop":3.7574414621,"log_mass":6.2021092652},{"country_iso":"POL","city_id":3280,"log_pop":4.3257961172,"log_mass":6.6811545142},{"country_iso":"POL","city_id":3280,"log_pop":3.7379746445,"log_mass":6.1413952034},{"country_iso":"POL","city_id":3280,"log_pop":4.1616522803,"log_mass":6.548261144},{"country_iso":"POL","city_id":3280,"log_pop":2.0179723762,"log_mass":4.9098927923},{"country_iso":"POL","city_id":3280,"log_pop":2.9144701149,"log_mass":5.8099023462},{"country_iso":"POL","city_id":3280,"log_pop":1.294350167,"log_mass":4.1756242145},{"country_iso":"POL","city_id":3280,"log_pop":3.2203794098,"log_mass":5.85672172},{"country_iso":"POL","city_id":3280,"log_pop":0.5476077091,"log_mass":3.5375177976},{"country_iso":"POL","city_id":3280,"log_pop":4.300666776,"log_mass":6.5970331606},{"country_iso":"POL","city_id":3280,"log_pop":3.2064695024,"log_mass":5.8633891898},{"country_iso":"POL","city_id":3280,"log_pop":2.9244927418,"log_mass":5.3660008438},{"country_iso":"POL","city_id":3235,"log_pop":4.1152958198,"log_mass":6.5213621151},{"country_iso":"POL","city_id":3235,"log_pop":3.9459476021,"log_mass":6.4233703563},{"country_iso":"POL","city_id":3235,"log_pop":4.19692446,"log_mass":6.6151530757},{"country_iso":"POL","city_id":3235,"log_pop":4.3467879976,"log_mass":6.7892371303},{"country_iso":"POL","city_id":3235,"log_pop":3.5399872278,"log_mass":6.0474298438},{"country_iso":"POL","city_id":3235,"log_pop":3.3055022829,"log_mass":5.8242744812},{"country_iso":"POL","city_id":3235,"log_pop":1.5670211983,"log_mass":4.4958856268},{"country_iso":"POL","city_id":3235,"log_pop":3.2079743188,"log_mass":5.8780811874},{"country_iso":"POL","city_id":3235,"log_pop":3.6151090809,"log_mass":6.2000459633},{"country_iso":"POL","city_id":3235,"log_pop":3.7075305312,"log_mass":6.2242711612},{"country_iso":"POL","city_id":3235,"log_pop":0.6707766455,"log_mass":3.680933351},{"country_iso":"POL","city_id":3235,"log_pop":3.4841773896,"log_mass":6.0615622752},{"country_iso":"POL","city_id":3235,"log_pop":3.2033469564,"log_mass":5.7136599879},{"country_iso":"POL","city_id":3235,"log_pop":2.4952122135,"log_mass":5.2612951072},{"country_iso":"POL","city_id":3235,"log_pop":4.1920335888,"log_mass":6.6145504908},{"country_iso":"POL","city_id":3235,"log_pop":4.0942571198,"log_mass":6.5572605058},{"country_iso":"POL","city_id":3235,"log_pop":3.3478338204,"log_mass":5.8899678806},{"country_iso":"POL","city_id":3235,"log_pop":2.3042744735,"log_mass":5.2362827353},{"country_iso":"POL","city_id":3156,"log_pop":3.7726511111,"log_mass":6.2769885754},{"country_iso":"POL","city_id":3156,"log_pop":2.8216778484,"log_mass":5.5791604327},{"country_iso":"POL","city_id":3156,"log_pop":0.1583931933,"log_mass":3.4720213899},{"country_iso":"POL","city_id":3156,"log_pop":4.2335899742,"log_mass":6.5849328997},{"country_iso":"POL","city_id":3156,"log_pop":3.7918349176,"log_mass":6.2786720734},{"country_iso":"POL","city_id":3156,"log_pop":3.0554915151,"log_mass":5.4802125224},{"country_iso":"POL","city_id":3156,"log_pop":2.974671257,"log_mass":5.5641949681},{"country_iso":"POL","city_id":3156,"log_pop":3.482533799,"log_mass":6.1299719409},{"country_iso":"POL","city_id":3156,"log_pop":0.228469811,"log_mass":3.5090001568},{"country_iso":"POL","city_id":3156,"log_pop":4.1957480609,"log_mass":6.6297733456},{"country_iso":"POL","city_id":3156,"log_pop":3.6702347698,"log_mass":6.2425141825},{"country_iso":"POL","city_id":3156,"log_pop":3.7026409338,"log_mass":6.2686134054},{"country_iso":"POL","city_id":3156,"log_pop":3.7607837383,"log_mass":6.1590062012},{"country_iso":"POL","city_id":3156,"log_pop":0.9318250021,"log_mass":3.8749620804},{"country_iso":"POL","city_id":3156,"log_pop":3.6307394347,"log_mass":6.3066379641},{"country_iso":"POL","city_id":3156,"log_pop":2.8183828282,"log_mass":5.6773970483},{"country_iso":"POL","city_id":3156,"log_pop":1.1113780711,"log_mass":4.0148499811},{"country_iso":"POL","city_id":3179,"log_pop":1.8497751105,"log_mass":4.8133793128},{"country_iso":"POL","city_id":3179,"log_pop":3.3522881264,"log_mass":5.992392596},{"country_iso":"POL","city_id":3179,"log_pop":3.9522811253,"log_mass":6.396411851},{"country_iso":"POL","city_id":3179,"log_pop":1.5364113984,"log_mass":4.4016760128},{"country_iso":"POL","city_id":3179,"log_pop":3.914420203,"log_mass":6.3740609862},{"country_iso":"POL","city_id":3179,"log_pop":2.5475823405,"log_mass":5.1739204792},{"country_iso":"POL","city_id":3179,"log_pop":3.3744597331,"log_mass":5.9007677247},{"country_iso":"POL","city_id":3179,"log_pop":0.8334201403,"log_mass":3.9625884825},{"country_iso":"POL","city_id":3179,"log_pop":4.2309668353,"log_mass":6.6776828001},{"country_iso":"POL","city_id":3179,"log_pop":4.0346714446,"log_mass":6.4625977973},{"country_iso":"POL","city_id":3179,"log_pop":4.1468528933,"log_mass":6.5038175242},{"country_iso":"POL","city_id":3179,"log_pop":4.3256210108,"log_mass":6.6708147317},{"country_iso":"POL","city_id":3179,"log_pop":2.0744183972,"log_mass":4.8377449583},{"country_iso":"POL","city_id":3179,"log_pop":3.1909952085,"log_mass":5.7797886592},{"country_iso":"POL","city_id":3179,"log_pop":2.4464348851,"log_mass":5.2169838308},{"country_iso":"POL","city_id":3179,"log_pop":3.3444811147,"log_mass":5.8710017851},{"country_iso":"POL","city_id":3179,"log_pop":3.4722961679,"log_mass":6.0261517283},{"country_iso":"POL","city_id":3223,"log_pop":2.8421121878,"log_mass":5.4938131589},{"country_iso":"POL","city_id":3223,"log_pop":3.4051921624,"log_mass":6.0157602792},{"country_iso":"POL","city_id":3223,"log_pop":2.8974030923,"log_mass":5.48681044},{"country_iso":"POL","city_id":3223,"log_pop":3.561318165,"log_mass":6.1602148373},{"country_iso":"POL","city_id":3223,"log_pop":3.660348538,"log_mass":6.2236259017},{"country_iso":"POL","city_id":3223,"log_pop":2.2426194207,"log_mass":4.9485829789},{"country_iso":"POL","city_id":3223,"log_pop":3.2542269651,"log_mass":5.9236063613},{"country_iso":"POL","city_id":3223,"log_pop":4.1747266581,"log_mass":6.6463279361},{"country_iso":"POL","city_id":3223,"log_pop":3.3345750952,"log_mass":5.8676544705},{"country_iso":"POL","city_id":3223,"log_pop":3.5793746789,"log_mass":6.1254616249},{"country_iso":"POL","city_id":3223,"log_pop":4.2122247299,"log_mass":6.6090222839},{"country_iso":"POL","city_id":3223,"log_pop":4.0068298432,"log_mass":6.4902293673},{"country_iso":"POL","city_id":3223,"log_pop":2.7733419264,"log_mass":5.5545069417},{"country_iso":"POL","city_id":3223,"log_pop":4.2302450989,"log_mass":6.6448140405},{"country_iso":"POL","city_id":3223,"log_pop":3.7827315292,"log_mass":6.2623845727},{"country_iso":"POL","city_id":3223,"log_pop":4.3225134541,"log_mass":6.7428213558},{"country_iso":"POL","city_id":3092,"log_pop":3.1013974392,"log_mass":5.9184983355},{"country_iso":"POL","city_id":3092,"log_pop":3.2988477328,"log_mass":5.9494146032},{"country_iso":"POL","city_id":3092,"log_pop":3.9731651521,"log_mass":6.5607115701},{"country_iso":"POL","city_id":3092,"log_pop":4.1771832835,"log_mass":6.6863326704},{"country_iso":"POL","city_id":3092,"log_pop":2.9046228515,"log_mass":5.764423423},{"country_iso":"POL","city_id":3092,"log_pop":2.8595886411,"log_mass":5.4725952495},{"country_iso":"POL","city_id":3092,"log_pop":3.151861043,"log_mass":5.8542810537},{"country_iso":"POL","city_id":3092,"log_pop":2.7149204702,"log_mass":5.3494770711},{"country_iso":"POL","city_id":3092,"log_pop":3.410367967,"log_mass":6.1253318149},{"country_iso":"POL","city_id":3092,"log_pop":4.0699881785,"log_mass":6.6747216567},{"country_iso":"POL","city_id":3092,"log_pop":0.8347776276,"log_mass":3.7015499597},{"country_iso":"POL","city_id":3092,"log_pop":3.8180270987,"log_mass":6.4553454475},{"country_iso":"POL","city_id":3092,"log_pop":3.6211721276,"log_mass":6.1780846891},{"country_iso":"POL","city_id":3092,"log_pop":3.4983602064,"log_mass":6.1311816718},{"country_iso":"POL","city_id":3092,"log_pop":3.1313661577,"log_mass":5.8806036951},{"country_iso":"POL","city_id":2966,"log_pop":3.1943045563,"log_mass":5.7244774445},{"country_iso":"POL","city_id":2966,"log_pop":2.0516452515,"log_mass":4.6978325675},{"country_iso":"POL","city_id":2966,"log_pop":4.021944845,"log_mass":6.5331887976},{"country_iso":"POL","city_id":2966,"log_pop":3.5190407354,"log_mass":6.0140808683},{"country_iso":"POL","city_id":2966,"log_pop":0.2692180007,"log_mass":3.2052303547},{"country_iso":"POL","city_id":2966,"log_pop":3.8914145884,"log_mass":6.4046787405},{"country_iso":"POL","city_id":2966,"log_pop":2.5903606287,"log_mass":5.1987338906},{"country_iso":"POL","city_id":2966,"log_pop":4.2341981485,"log_mass":6.6999609329},{"country_iso":"POL","city_id":2966,"log_pop":4.0695931131,"log_mass":6.5842756747},{"country_iso":"POL","city_id":2966,"log_pop":2.0522143009,"log_mass":4.9549413137},{"country_iso":"POL","city_id":2966,"log_pop":0.8265736692,"log_mass":3.4850092794},{"country_iso":"POL","city_id":2966,"log_pop":3.4408296797,"log_mass":5.9908002197},{"country_iso":"POL","city_id":2966,"log_pop":3.34421279,"log_mass":5.8930243185},{"country_iso":"POL","city_id":2966,"log_pop":3.3595634149,"log_mass":5.9385211433},{"country_iso":"POL","city_id":3001,"log_pop":2.654827059,"log_mass":5.6673655137},{"country_iso":"POL","city_id":3001,"log_pop":3.8944167633,"log_mass":6.4574325397},{"country_iso":"POL","city_id":3001,"log_pop":3.5197259734,"log_mass":6.149333895},{"country_iso":"POL","city_id":3001,"log_pop":2.210758182,"log_mass":5.1287145524},{"country_iso":"POL","city_id":3001,"log_pop":2.814838843,"log_mass":5.7119563042},{"country_iso":"POL","city_id":3001,"log_pop":4.0254158411,"log_mass":6.531253219},{"country_iso":"POL","city_id":3001,"log_pop":0.4089117831,"log_mass":3.4779697587},{"country_iso":"POL","city_id":3001,"log_pop":0.8797553102,"log_mass":3.6104897944},{"country_iso":"POL","city_id":3001,"log_pop":3.229305456,"log_mass":5.8900593518},{"country_iso":"POL","city_id":3001,"log_pop":-0.1051706398,"log_mass":3.0144805607},{"country_iso":"POL","city_id":3001,"log_pop":3.854083561,"log_mass":6.4528121871},{"country_iso":"POL","city_id":3001,"log_pop":0.9425535547,"log_mass":3.3974064312},{"country_iso":"POL","city_id":3001,"log_pop":3.42763955,"log_mass":6.1206322868},{"country_iso":"POL","city_id":3085,"log_pop":3.330800091,"log_mass":5.8670066865},{"country_iso":"POL","city_id":3085,"log_pop":4.2552279345,"log_mass":6.7203898636},{"country_iso":"POL","city_id":3085,"log_pop":2.2888840213,"log_mass":5.2396750227},{"country_iso":"POL","city_id":3085,"log_pop":4.2265162112,"log_mass":6.6607585658},{"country_iso":"POL","city_id":3085,"log_pop":3.0815898166,"log_mass":5.7928837741},{"country_iso":"POL","city_id":3085,"log_pop":3.1956360403,"log_mass":5.8301396372},{"country_iso":"POL","city_id":3085,"log_pop":3.5098304502,"log_mass":6.082987601},{"country_iso":"POL","city_id":3085,"log_pop":3.7699532926,"log_mass":6.3158676116},{"country_iso":"POL","city_id":3085,"log_pop":2.1688300774,"log_mass":4.8463722797},{"country_iso":"POL","city_id":3085,"log_pop":2.9339859046,"log_mass":5.55570634},{"country_iso":"POL","city_id":3085,"log_pop":3.1434407516,"log_mass":5.7793774686},{"country_iso":"POL","city_id":3085,"log_pop":3.7309940012,"log_mass":6.2552332118},{"country_iso":"POL","city_id":2979,"log_pop":3.1875129211,"log_mass":5.7797677718},{"country_iso":"POL","city_id":2979,"log_pop":3.6586830395,"log_mass":6.2389131041},{"country_iso":"POL","city_id":2979,"log_pop":2.2492575044,"log_mass":4.8692741012},{"country_iso":"POL","city_id":2979,"log_pop":2.7075794494,"log_mass":5.4253642814},{"country_iso":"POL","city_id":2979,"log_pop":3.8637812639,"log_mass":6.3801231739},{"country_iso":"POL","city_id":2979,"log_pop":3.2047997384,"log_mass":5.9846308891},{"country_iso":"POL","city_id":2979,"log_pop":1.6627412001,"log_mass":4.4647209931},{"country_iso":"POL","city_id":2979,"log_pop":3.4386631066,"log_mass":5.9834535387},{"country_iso":"POL","city_id":2979,"log_pop":2.517253074,"log_mass":5.1708174671},{"country_iso":"POL","city_id":2979,"log_pop":3.8429370149,"log_mass":6.4574373253},{"country_iso":"POL","city_id":2979,"log_pop":2.7866288069,"log_mass":5.3433097799},{"country_iso":"POL","city_id":2979,"log_pop":2.3291719633,"log_mass":5.0604864975},{"country_iso":"POL","city_id":3159,"log_pop":3.0296228818,"log_mass":5.6304301009},{"country_iso":"POL","city_id":3159,"log_pop":3.3215522239,"log_mass":5.9363429782},{"country_iso":"POL","city_id":3159,"log_pop":3.0897810867,"log_mass":5.7031396629},{"country_iso":"POL","city_id":3159,"log_pop":3.8180924784,"log_mass":6.267546556},{"country_iso":"POL","city_id":3159,"log_pop":3.8827918714,"log_mass":6.4307818575},{"country_iso":"POL","city_id":3159,"log_pop":-0.6222605374,"log_mass":3.5795539601},{"country_iso":"POL","city_id":3159,"log_pop":4.258174177,"log_mass":6.7244283627},{"country_iso":"POL","city_id":3159,"log_pop":3.8221381697,"log_mass":6.2679603581},{"country_iso":"POL","city_id":3159,"log_pop":3.4478444153,"log_mass":6.1583309897},{"country_iso":"POL","city_id":3159,"log_pop":3.2786160662,"log_mass":5.7494023997},{"country_iso":"POL","city_id":3159,"log_pop":3.4036832269,"log_mass":6.0237330041},{"country_iso":"POL","city_id":3159,"log_pop":3.3545438785,"log_mass":5.8092788357},{"country_iso":"POL","city_id":3236,"log_pop":1.9715134466,"log_mass":4.5061423739},{"country_iso":"POL","city_id":3236,"log_pop":3.771248099,"log_mass":6.3160446387},{"country_iso":"POL","city_id":3236,"log_pop":3.178285869,"log_mass":5.8196132861},{"country_iso":"POL","city_id":3236,"log_pop":2.7710926307,"log_mass":5.4820812996},{"country_iso":"POL","city_id":3236,"log_pop":1.653125794,"log_mass":4.4303462198},{"country_iso":"POL","city_id":3236,"log_pop":3.8309183718,"log_mass":6.3303771381},{"country_iso":"POL","city_id":3236,"log_pop":4.0598691066,"log_mass":6.5410849284},{"country_iso":"POL","city_id":3236,"log_pop":3.2477273792,"log_mass":6.2265607152},{"country_iso":"POL","city_id":3236,"log_pop":2.4155163987,"log_mass":5.0663720937},{"country_iso":"POL","city_id":3236,"log_pop":2.0820802356,"log_mass":4.7169736382},{"country_iso":"POL","city_id":3236,"log_pop":3.293734971,"log_mass":5.9435532292},{"country_iso":"POL","city_id":3236,"log_pop":4.0082580392,"log_mass":6.4716348471},{"country_iso":"POL","city_id":3066,"log_pop":4.0293720273,"log_mass":6.5628933529},{"country_iso":"POL","city_id":3066,"log_pop":1.9979737715,"log_mass":4.9255484389},{"country_iso":"POL","city_id":3066,"log_pop":3.8715264663,"log_mass":6.4287672732},{"country_iso":"POL","city_id":3066,"log_pop":2.7037861251,"log_mass":5.4000360095},{"country_iso":"POL","city_id":3066,"log_pop":3.632587516,"log_mass":6.2111174711},{"country_iso":"POL","city_id":3066,"log_pop":1.2477554712,"log_mass":4.6615688151},{"country_iso":"POL","city_id":3066,"log_pop":4.1536228976,"log_mass":6.7235156654},{"country_iso":"POL","city_id":3066,"log_pop":2.5829494255,"log_mass":5.3416182701},{"country_iso":"POL","city_id":3066,"log_pop":3.182309677,"log_mass":5.9256090591},{"country_iso":"POL","city_id":3066,"log_pop":3.4222081862,"log_mass":6.0752581698},{"country_iso":"POL","city_id":3066,"log_pop":2.7747958775,"log_mass":5.7217240374},{"country_iso":"POL","city_id":2937,"log_pop":4.0644055812,"log_mass":6.5062273019},{"country_iso":"POL","city_id":2937,"log_pop":3.9496055785,"log_mass":6.5112309201},{"country_iso":"POL","city_id":2937,"log_pop":3.9233563214,"log_mass":6.4651975801},{"country_iso":"POL","city_id":2937,"log_pop":3.9459790965,"log_mass":6.3794220575},{"country_iso":"POL","city_id":2937,"log_pop":3.119815267,"log_mass":5.6944793714},{"country_iso":"POL","city_id":2937,"log_pop":3.9671430175,"log_mass":6.4668167262},{"country_iso":"POL","city_id":2937,"log_pop":3.630613005,"log_mass":6.1512577528},{"country_iso":"POL","city_id":2937,"log_pop":3.2164482961,"log_mass":5.9558311572},{"country_iso":"POL","city_id":2937,"log_pop":3.1458090871,"log_mass":5.7095454248},{"country_iso":"POL","city_id":2937,"log_pop":3.0133459451,"log_mass":5.6937464428},{"country_iso":"POL","city_id":2937,"log_pop":2.7890093725,"log_mass":5.3402756264},{"country_iso":"POL","city_id":3045,"log_pop":2.615935168,"log_mass":5.6136648165},{"country_iso":"POL","city_id":3045,"log_pop":0.5677399673,"log_mass":3.4669499398},{"country_iso":"POL","city_id":3045,"log_pop":3.8956544799,"log_mass":6.31627967},{"country_iso":"POL","city_id":3045,"log_pop":4.1220730624,"log_mass":6.4855706232},{"country_iso":"POL","city_id":3045,"log_pop":2.5799919171,"log_mass":5.0333467076},{"country_iso":"POL","city_id":3045,"log_pop":3.0998810449,"log_mass":5.9893228585},{"country_iso":"POL","city_id":3045,"log_pop":2.2575410847,"log_mass":4.6808590526},{"country_iso":"POL","city_id":3045,"log_pop":2.9958016377,"log_mass":5.8492333043},{"country_iso":"POL","city_id":3045,"log_pop":3.6550881212,"log_mass":6.0579847458},{"country_iso":"POL","city_id":3045,"log_pop":2.5133817872,"log_mass":5.1412083685},{"country_iso":"POL","city_id":3045,"log_pop":2.711812775,"log_mass":5.2620547273},{"country_iso":"POL","city_id":3252,"log_pop":2.1015887452,"log_mass":4.832979738},{"country_iso":"POL","city_id":3252,"log_pop":1.6587052083,"log_mass":4.2157250711},{"country_iso":"POL","city_id":3252,"log_pop":3.9991830857,"log_mass":6.37731741},{"country_iso":"POL","city_id":3252,"log_pop":2.0317397393,"log_mass":4.605150407},{"country_iso":"POL","city_id":3252,"log_pop":2.9333106342,"log_mass":5.6493875948},{"country_iso":"POL","city_id":3252,"log_pop":0.9095168201,"log_mass":3.7899263384},{"country_iso":"POL","city_id":3252,"log_pop":4.2598722564,"log_mass":6.5450704171},{"country_iso":"POL","city_id":3252,"log_pop":3.8712070097,"log_mass":6.3378535439},{"country_iso":"POL","city_id":3252,"log_pop":1.8609216136,"log_mass":4.3724872448},{"country_iso":"POL","city_id":3252,"log_pop":1.600151522,"log_mass":4.2628179567},{"country_iso":"POL","city_id":3252,"log_pop":3.5236685945,"log_mass":5.9114889615},{"country_iso":"POL","city_id":3248,"log_pop":3.5432140223,"log_mass":6.3100580572},{"country_iso":"POL","city_id":3248,"log_pop":2.803803744,"log_mass":5.4403322981},{"country_iso":"POL","city_id":3248,"log_pop":3.3214957759,"log_mass":5.8613732021},{"country_iso":"POL","city_id":3248,"log_pop":4.0483596608,"log_mass":6.5242803536},{"country_iso":"POL","city_id":3248,"log_pop":2.51952758,"log_mass":4.9840574929},{"country_iso":"POL","city_id":3248,"log_pop":3.1430872798,"log_mass":5.7460608905},{"country_iso":"POL","city_id":3248,"log_pop":4.0141482913,"log_mass":6.4717685951},{"country_iso":"POL","city_id":3248,"log_pop":3.2675525025,"log_mass":6.3458333765},{"country_iso":"POL","city_id":3248,"log_pop":3.3332918398,"log_mass":6.1421766495},{"country_iso":"POL","city_id":3248,"log_pop":1.6192607799,"log_mass":4.7101773515},{"country_iso":"POL","city_id":3248,"log_pop":3.5925669014,"log_mass":6.0505691979},{"country_iso":"POL","city_id":3328,"log_pop":2.8978784266,"log_mass":5.4633549907},{"country_iso":"POL","city_id":3328,"log_pop":3.4732319423,"log_mass":6.0386504262},{"country_iso":"POL","city_id":3328,"log_pop":3.1824035315,"log_mass":5.7725365347},{"country_iso":"POL","city_id":3328,"log_pop":4.0719311184,"log_mass":6.5653185592},{"country_iso":"POL","city_id":3328,"log_pop":2.9920605785,"log_mass":5.4761441382},{"country_iso":"POL","city_id":3328,"log_pop":3.5424341851,"log_mass":6.0663542445},{"country_iso":"POL","city_id":3328,"log_pop":2.0021247042,"log_mass":4.7380000725},{"country_iso":"POL","city_id":3328,"log_pop":1.5269363851,"log_mass":4.7225387275},{"country_iso":"POL","city_id":3328,"log_pop":3.8715851042,"log_mass":6.4191165072},{"country_iso":"POL","city_id":3328,"log_pop":3.4794759268,"log_mass":6.3169620671},{"country_iso":"POL","city_id":3328,"log_pop":3.5313507026,"log_mass":6.0587009501},{"country_iso":"POL","city_id":3043,"log_pop":3.2366749606,"log_mass":5.9150991648},{"country_iso":"POL","city_id":3043,"log_pop":3.8815644903,"log_mass":6.458666675},{"country_iso":"POL","city_id":3043,"log_pop":2.8517984201,"log_mass":5.5113570539},{"country_iso":"POL","city_id":3043,"log_pop":1.8525492948,"log_mass":4.7298967006},{"country_iso":"POL","city_id":3043,"log_pop":4.0849827928,"log_mass":6.5832656754},{"country_iso":"POL","city_id":3043,"log_pop":3.9541542293,"log_mass":6.5247839625},{"country_iso":"POL","city_id":3043,"log_pop":2.994873306,"log_mass":5.696306275},{"country_iso":"POL","city_id":3043,"log_pop":1.6316059973,"log_mass":4.4056910794},{"country_iso":"POL","city_id":3043,"log_pop":2.5108917055,"log_mass":5.1312382741},{"country_iso":"POL","city_id":3043,"log_pop":3.7915467207,"log_mass":6.3337453412},{"country_iso":"POL","city_id":3043,"log_pop":1.9972352012,"log_mass":4.8063549483},{"country_iso":"POL","city_id":3080,"log_pop":3.3303570233,"log_mass":5.8153040106},{"country_iso":"POL","city_id":3080,"log_pop":2.5915375958,"log_mass":5.1198013068},{"country_iso":"POL","city_id":3080,"log_pop":4.0171542403,"log_mass":6.4641008371},{"country_iso":"POL","city_id":3080,"log_pop":3.8876299157,"log_mass":6.3596875458},{"country_iso":"POL","city_id":3080,"log_pop":4.0983866023,"log_mass":6.5359663856},{"country_iso":"POL","city_id":3080,"log_pop":2.4611516259,"log_mass":5.1133106197},{"country_iso":"POL","city_id":3080,"log_pop":3.7232318225,"log_mass":6.1317639669},{"country_iso":"POL","city_id":3080,"log_pop":3.6552964332,"log_mass":6.3573907121},{"country_iso":"POL","city_id":3080,"log_pop":-1.3305477182,"log_mass":2.2914016366},{"country_iso":"POL","city_id":3080,"log_pop":-0.2564402041,"log_mass":3.299548858},{"country_iso":"POL","city_id":3080,"log_pop":0.118255204,"log_mass":3.2828996847},{"country_iso":"POL","city_id":3194,"log_pop":3.9580102026,"log_mass":6.5218694057},{"country_iso":"POL","city_id":3194,"log_pop":2.4859917506,"log_mass":5.3046072333},{"country_iso":"POL","city_id":3194,"log_pop":4.0338701202,"log_mass":6.5065109773},{"country_iso":"POL","city_id":3194,"log_pop":2.5092334922,"log_mass":5.1612978522},{"country_iso":"POL","city_id":3194,"log_pop":3.6262561102,"log_mass":6.2954193168},{"country_iso":"POL","city_id":3194,"log_pop":2.8412111889,"log_mass":5.5501894645},{"country_iso":"POL","city_id":3194,"log_pop":3.9384854296,"log_mass":6.4374558908},{"country_iso":"POL","city_id":3194,"log_pop":0.5974685756,"log_mass":3.5085479803},{"country_iso":"POL","city_id":3194,"log_pop":3.1606522603,"log_mass":5.6753188658},{"country_iso":"POL","city_id":3194,"log_pop":1.526084372,"log_mass":4.6095914766},{"country_iso":"POL","city_id":3154,"log_pop":2.7560606882,"log_mass":5.332477278},{"country_iso":"POL","city_id":3154,"log_pop":2.0987147361,"log_mass":4.7986758355},{"country_iso":"POL","city_id":3154,"log_pop":3.4086610782,"log_mass":6.1165844907},{"country_iso":"POL","city_id":3154,"log_pop":4.1748446053,"log_mass":6.56925178},{"country_iso":"POL","city_id":3154,"log_pop":1.7761859478,"log_mass":4.6990068301},{"country_iso":"POL","city_id":3154,"log_pop":2.3932254136,"log_mass":5.0113615713},{"country_iso":"POL","city_id":3154,"log_pop":3.1275554685,"log_mass":5.7790639828},{"country_iso":"POL","city_id":3154,"log_pop":3.8037594515,"log_mass":6.1872148131},{"country_iso":"POL","city_id":3154,"log_pop":3.1799685191,"log_mass":5.7829825339},{"country_iso":"POL","city_id":3154,"log_pop":4.180989024,"log_mass":6.5904669289},{"country_iso":"POL","city_id":2998,"log_pop":2.9956809361,"log_mass":5.5623914174},{"country_iso":"POL","city_id":2998,"log_pop":3.4822823265,"log_mass":5.9263274464},{"country_iso":"POL","city_id":2998,"log_pop":2.1938808151,"log_mass":5.0369046184},{"country_iso":"POL","city_id":2998,"log_pop":3.8732788729,"log_mass":6.4188297903},{"country_iso":"POL","city_id":2998,"log_pop":3.7882012036,"log_mass":6.2963587311},{"country_iso":"POL","city_id":2998,"log_pop":2.6492311837,"log_mass":5.457520929},{"country_iso":"POL","city_id":2998,"log_pop":4.0860249456,"log_mass":6.5890963325},{"country_iso":"POL","city_id":2998,"log_pop":3.9961092128,"log_mass":6.4255350668},{"country_iso":"POL","city_id":2998,"log_pop":3.2113723067,"log_mass":5.6821766041},{"country_iso":"POL","city_id":2998,"log_pop":3.3064575959,"log_mass":5.8642136897},{"country_iso":"POL","city_id":2914,"log_pop":1.7659188158,"log_mass":4.2745521963},{"country_iso":"POL","city_id":2914,"log_pop":3.1446698507,"log_mass":5.6834989784},{"country_iso":"POL","city_id":2914,"log_pop":2.9625495562,"log_mass":5.4329933874},{"country_iso":"POL","city_id":2914,"log_pop":4.1011028308,"log_mass":6.5851216974},{"country_iso":"POL","city_id":2914,"log_pop":2.0333357695,"log_mass":4.7028241391},{"country_iso":"POL","city_id":2914,"log_pop":3.776890334,"log_mass":6.2255561367},{"country_iso":"POL","city_id":2914,"log_pop":3.3708242889,"log_mass":5.8590764396},{"country_iso":"POL","city_id":2914,"log_pop":2.7934487465,"log_mass":5.4175015795},{"country_iso":"POL","city_id":2914,"log_pop":4.0291718595,"log_mass":6.4519410879},{"country_iso":"POL","city_id":2996,"log_pop":3.4840186593,"log_mass":5.822478631},{"country_iso":"POL","city_id":2996,"log_pop":4.2473443386,"log_mass":6.5175180922},{"country_iso":"POL","city_id":2996,"log_pop":3.1495357265,"log_mass":5.5328260726},{"country_iso":"POL","city_id":2996,"log_pop":3.6656788327,"log_mass":6.0101487545},{"country_iso":"POL","city_id":2996,"log_pop":4.1701262904,"log_mass":6.4891785014},{"country_iso":"POL","city_id":2996,"log_pop":2.4290847927,"log_mass":4.9153227116},{"country_iso":"POL","city_id":2996,"log_pop":3.2524991949,"log_mass":5.7690074898},{"country_iso":"POL","city_id":2996,"log_pop":2.9157377517,"log_mass":5.5021331866},{"country_iso":"POL","city_id":2996,"log_pop":1.5749255729,"log_mass":4.4526517026},{"country_iso":"POL","city_id":3006,"log_pop":3.9267050795,"log_mass":6.407761047},{"country_iso":"POL","city_id":3006,"log_pop":1.9788057304,"log_mass":4.6920534613},{"country_iso":"POL","city_id":3006,"log_pop":3.5979657196,"log_mass":6.1488860201},{"country_iso":"POL","city_id":3006,"log_pop":4.1956760952,"log_mass":6.6358291515},{"country_iso":"POL","city_id":3006,"log_pop":3.8494741654,"log_mass":6.2987253447},{"country_iso":"POL","city_id":3006,"log_pop":2.8471404223,"log_mass":5.5026682934},{"country_iso":"POL","city_id":3006,"log_pop":3.6049170709,"log_mass":6.2055850314},{"country_iso":"POL","city_id":3006,"log_pop":2.1529441773,"log_mass":5.0866729038},{"country_iso":"POL","city_id":3006,"log_pop":2.8434052872,"log_mass":5.4782417281},{"country_iso":"POL","city_id":3091,"log_pop":3.2722697964,"log_mass":5.8750510329},{"country_iso":"POL","city_id":3091,"log_pop":3.0900669796,"log_mass":5.6752880603},{"country_iso":"POL","city_id":3091,"log_pop":3.5182880831,"log_mass":5.9629037983},{"country_iso":"POL","city_id":3091,"log_pop":4.2704896359,"log_mass":6.5890474817},{"country_iso":"POL","city_id":3091,"log_pop":3.479628742,"log_mass":5.9682500485},{"country_iso":"POL","city_id":3091,"log_pop":2.8934993348,"log_mass":5.367891229},{"country_iso":"POL","city_id":3091,"log_pop":2.7430086766,"log_mass":5.3832863703},{"country_iso":"POL","city_id":3091,"log_pop":3.8450420423,"log_mass":6.2519388124},{"country_iso":"POL","city_id":3219,"log_pop":4.2795443411,"log_mass":6.6423837591},{"country_iso":"POL","city_id":3219,"log_pop":3.0777393953,"log_mass":5.5419683313},{"country_iso":"POL","city_id":3219,"log_pop":3.2156648891,"log_mass":5.9040152214},{"country_iso":"POL","city_id":3219,"log_pop":3.9209714561,"log_mass":6.3267454741},{"country_iso":"POL","city_id":3219,"log_pop":3.8882379842,"log_mass":6.2940110498},{"country_iso":"POL","city_id":3219,"log_pop":3.3253067884,"log_mass":5.8091742487},{"country_iso":"POL","city_id":3219,"log_pop":3.0011475101,"log_mass":5.7713027838},{"country_iso":"POL","city_id":3122,"log_pop":2.2110710778,"log_mass":4.9303074062},{"country_iso":"POL","city_id":3122,"log_pop":3.1825389827,"log_mass":5.6031577571},{"country_iso":"POL","city_id":3122,"log_pop":2.9482061367,"log_mass":5.4096854387},{"country_iso":"POL","city_id":3122,"log_pop":3.5746943962,"log_mass":5.8417691234},{"country_iso":"POL","city_id":3122,"log_pop":1.9810700381,"log_mass":5.3593388151},{"country_iso":"POL","city_id":3122,"log_pop":2.237697041,"log_mass":4.4885970701},{"country_iso":"POL","city_id":3122,"log_pop":1.0460747522,"log_mass":4.1096067404},{"country_iso":"POL","city_id":3015,"log_pop":3.5891519276,"log_mass":5.9742914848},{"country_iso":"POL","city_id":3015,"log_pop":3.9350540376,"log_mass":6.3422590187},{"country_iso":"POL","city_id":3015,"log_pop":3.9457106058,"log_mass":6.3726171055},{"country_iso":"POL","city_id":3015,"log_pop":3.3934915463,"log_mass":5.9265633824},{"country_iso":"POL","city_id":3015,"log_pop":4.0088010935,"log_mass":6.4313234714},{"country_iso":"POL","city_id":3015,"log_pop":2.7612295462,"log_mass":5.4506253977},{"country_iso":"POL","city_id":3126,"log_pop":3.4813628717,"log_mass":5.8663190823},{"country_iso":"POL","city_id":3126,"log_pop":3.7261005746,"log_mass":5.7651391038},{"country_iso":"POL","city_id":3126,"log_pop":3.1210388307,"log_mass":5.5988317062}]