[{"country_iso":"SWZ","city_id":4064,"log_pop":1.165509896,"log_mass":3.6707243454},{"country_iso":"SWZ","city_id":4064,"log_pop":3.4391218991,"log_mass":6.001587256},{"country_iso":"SWZ","city_id":4064,"log_pop":2.0063151277,"log_mass":4.77169956},{"country_iso":"SWZ","city_id":4064,"log_pop":1.0086378329,"log_mass":3.9671330667},{"country_iso":"SWZ","city_id":4064,"log_pop":2.5398450672,"log_mass":5.3902617377},{"country_iso":"SWZ","city_id":4064,"log_pop":2.9169628891,"log_mass":5.5269166429},{"country_iso":"SWZ","city_id":4064,"log_pop":3.5804164958,"log_mass":6.2959856613},{"country_iso":"SWZ","city_id":4064,"log_pop":1.3763352422,"log_mass":4.5307379615},{"country_iso":"SWZ","city_id":4080,"log_pop":1.8792741945,"log_mass":4.6195320453},{"country_iso":"SWZ","city_id":4080,"log_pop":3.2481113954,"log_mass":5.8352881955},{"country_iso":"SWZ","city_id":4080,"log_pop":1.6230028844,"log_mass":4.6329848071},{"country_iso":"SWZ","city_id":4080,"log_pop":1.5534897959,"log_mass":4.4928793507},{"country_iso":"SWZ","city_id":4080,"log_pop":3.2879001866,"log_mass":5.9660825721},{"country_iso":"SWZ","city_id":4080,"log_pop":2.8090418705,"log_mass":5.2040176311},{"country_iso":"SWZ","city_id":4080,"log_pop":2.8397167385,"log_mass":5.4169656836}]