[{"country_iso": "CHL", "city_id": 931, "log_pop": 4.038765, "log_mass": 6.223341}, {"country_iso": "CHL", "city_id": 901, "log_pop": 2.546408, "log_mass": 5.238773}, {"country_iso": "CHL", "city_id": 946, "log_pop": 3.289295, "log_mass": 5.702564}, {"country_iso": "CHL", "city_id": 944, "log_pop": 3.882628, "log_mass": 6.310473}, {"country_iso": "CHL", "city_id": 901, "log_pop": 2.338521, "log_mass": 4.495874}, {"country_iso": "CHL", "city_id": 931, "log_pop": 3.97687, "log_mass": 6.191157}, {"country_iso": "CHL", "city_id": 931, "log_pop": 4.018643, "log_mass": 6.269319}, {"country_iso": "CHL", "city_id": 931, "log_pop": 4.216242, "log_mass": 6.197814}, {"country_iso": "CHL", "city_id": 914, "log_pop": 3.14363, "log_mass": 5.611111}, {"country_iso": "CHL", "city_id": 931, "log_pop": 4.698229, "log_mass": 6.420072}, {"country_iso": "CHL", "city_id": 931, "log_pop": 3.707409, "log_mass": 6.309981}, {"country_iso": "CHL", "city_id": 901, "log_pop": 2.408156, "log_mass": 4.967252}, {"country_iso": "CHL", "city_id": 931, "log_pop": 4.189492, "log_mass": 6.549961}, {"country_iso": "CHL", "city_id": 901, "log_pop": 2.400769, "log_mass": 5.25552}, {"country_iso": "CHL", "city_id": 931, "log_pop": 4.655783, "log_mass": 6.595719}, {"country_iso": "CHL", "city_id": 931, "log_pop": 4.302435, "log_mass": 6.554178}, {"country_iso": "CHL", "city_id": 931, "log_pop": 2.128773, "log_mass": 4.901502}, {"country_iso": "CHL", "city_id": 931, "log_pop": 3.321984, "log_mass": 6.122332}, {"country_iso": "CHL", "city_id": 914, "log_pop": 1.829291, "log_mass": 5.27168}, {"country_iso": "CHL", "city_id": 931, "log_pop": 2.379086, "log_mass": 5.521356}, {"country_iso": "CHL", "city_id": 946, "log_pop": 3.888587, "log_mass": 6.121282}, {"country_iso": "CHL", "city_id": 931, "log_pop": 4.162985, "log_mass": 6.664991}, {"country_iso": "CHL", "city_id": 901, "log_pop": 2.907454, "log_mass": 5.056301}, {"country_iso": "CHL", "city_id": 914, "log_pop": 3.769583, "log_mass": 6.199876}, {"country_iso": "CHL", "city_id": 936, "log_pop": 3.465573, "log_mass": 6.065552}, {"country_iso": "CHL", "city_id": 931, "log_pop": 4.119493, "log_mass": 6.566857}, {"country_iso": "CHL", "city_id": 931, "log_pop": 3.992474, "log_mass": 6.214476}, {"country_iso": "CHL", "city_id": 931, "log_pop": 3.936531, "log_mass": 6.035229}, {"country_iso": "CHL", "city_id": 931, "log_pop": 3.921684, "log_mass": 5.838647}, {"country_iso": "CHL", "city_id": 958, "log_pop": 3.016734, "log_mass": 5.619482}, {"country_iso": "CHL", "city_id": 901, "log_pop": 2.695562, "log_mass": 4.838581}, {"country_iso": "CHL", "city_id": 931, "log_pop": 2.875518, "log_mass": 5.832399}, {"country_iso": "CHL", "city_id": 901, "log_pop": 2.808937, "log_mass": 5.16827}, {"country_iso": "CHL", "city_id": 958, "log_pop": 3.563049, "log_mass": 6.029839}, {"country_iso": "CHL", "city_id": 931, "log_pop": 3.96225, "log_mass": 6.31118}, {"country_iso": "CHL", "city_id": 931, "log_pop": 3.051797, "log_mass": 6.10584}, {"country_iso": "CHL", "city_id": 901, "log_pop": 2.379957, "log_mass": 5.171077}, {"country_iso": "CHL", "city_id": 901, "log_pop": 3.41467, "log_mass": 5.74299}, {"country_iso": "CHL", "city_id": 944, "log_pop": 2.630619, "log_mass": 5.1888}, {"country_iso": "CHL", "city_id": 931, "log_pop": 4.254465, "log_mass": 6.441768}, {"country_iso": "CHL", "city_id": 931, "log_pop": 4.438804, "log_mass": 6.262151}, {"country_iso": "CHL", "city_id": 944, "log_pop": 4.039934, "log_mass": 6.442738}, {"country_iso": "CHL", "city_id": 901, "log_pop": 3.452935, "log_mass": 6.065093}, {"country_iso": "CHL", "city_id": 914, "log_pop": 3.998694, "log_mass": 6.398496}, {"country_iso": "CHL", "city_id": 931, "log_pop": 2.88674, "log_mass": 5.801535}, {"country_iso": "CHL", "city_id": 958, "log_pop": 3.76278, "log_mass": 6.096222}, {"country_iso": "CHL", "city_id": 931, "log_pop": 4.277257, "log_mass": 6.368291}, {"country_iso": "CHL", "city_id": 901, "log_pop": 3.477499, "log_mass": 5.701246}, {"country_iso": "CHL", "city_id": 946, "log_pop": 3.811147, "log_mass": 6.228081}, {"country_iso": "CHL", "city_id": 901, "log_pop": 3.248378, "log_mass": 5.387477}, {"country_iso": "CHL", "city_id": 931, "log_pop": 4.06379, "log_mass": 6.293958}, {"country_iso": "CHL", "city_id": 931, "log_pop": 4.271248, "log_mass": 6.370737}, {"country_iso": "CHL", "city_id": 914, "log_pop": 3.919408, "log_mass": 6.293639}, {"country_iso": "CHL", "city_id": 931, "log_pop": 4.41005, "log_mass": 6.469156}, {"country_iso": "CHL", "city_id": 931, "log_pop": 2.709273, "log_mass": 5.154084}, {"country_iso": "CHL", "city_id": 936, "log_pop": 4.163869, "log_mass": 6.429835}, {"country_iso": "CHL", "city_id": 931, "log_pop": 3.829308, "log_mass": 6.226536}, {"country_iso": "CHL", "city_id": 946, "log_pop": 3.774459, "log_mass": 6.113787}, {"country_iso": "CHL", "city_id": 914, "log_pop": 3.762328, "log_mass": 6.04667}, {"country_iso": "CHL", "city_id": 931, "log_pop": 4.244286, "log_mass": 6.173975}, {"country_iso": "CHL", "city_id": 936, "log_pop": 3.10556, "log_mass": 5.560469}, {"country_iso": "CHL", "city_id": 931, "log_pop": 2.782627, "log_mass": 4.881479}, {"country_iso": "CHL", "city_id": 931, "log_pop": 4.304643, "log_mass": 6.398354}, {"country_iso": "CHL", "city_id": 901, "log_pop": 3.232187, "log_mass": 5.641759}, {"country_iso": "CHL", "city_id": 914, "log_pop": 3.396412, "log_mass": 5.774911}, {"country_iso": "CHL", "city_id": 901, "log_pop": 3.051402, "log_mass": 5.133473}, {"country_iso": "CHL", "city_id": 931, "log_pop": 3.728318, "log_mass": 6.097705}, {"country_iso": "CHL", "city_id": 931, "log_pop": 3.26807, "log_mass": 5.575726}, {"country_iso": "CHL", "city_id": 944, "log_pop": 0.989778, "log_mass": 3.853124}, {"country_iso": "CHL", "city_id": 931, "log_pop": 4.098065, "log_mass": 6.488894}, {"country_iso": "CHL", "city_id": 931, "log_pop": 4.179744, "log_mass": 6.424791}, {"country_iso": "CHL", "city_id": 936, "log_pop": 3.896999, "log_mass": 6.152998}, {"country_iso": "CHL", "city_id": 944, "log_pop": 3.379233, "log_mass": 5.752519}, {"country_iso": "CHL", "city_id": 931, "log_pop": 4.269975, "log_mass": 6.419804}, {"country_iso": "CHL", "city_id": 936, "log_pop": 4.038876, "log_mass": 6.352891}, {"country_iso": "CHL", "city_id": 958, "log_pop": 3.881844, "log_mass": 6.387671}, {"country_iso": "CHL", "city_id": 931, "log_pop": 3.657064, "log_mass": 5.73994}, {"country_iso": "CHL", "city_id": 931, "log_pop": 4.260306, "log_mass": 6.521078}, {"country_iso": "CHL", "city_id": 958, "log_pop": 4.273228, "log_mass": 6.674764}, {"country_iso": "CHL", "city_id": 901, "log_pop": 1.8084, "log_mass": 4.336257}, {"country_iso": "CHL", "city_id": 901, "log_pop": 2.447617, "log_mass": 5.484257}, {"country_iso": "CHL", "city_id": 944, "log_pop": 2.594949, "log_mass": 5.37887}, {"country_iso": "CHL", "city_id": 946, "log_pop": 1.91834, "log_mass": 4.208073}, {"country_iso": "CHL", "city_id": 931, "log_pop": 2.012276, "log_mass": 5.581702}, {"country_iso": "CHL", "city_id": 931, "log_pop": 4.312878, "log_mass": 6.002415}, {"country_iso": "CHL", "city_id": 914, "log_pop": 1.969412, "log_mass": 4.775326}, {"country_iso": "CHL", "city_id": 914, "log_pop": 3.241374, "log_mass": 5.661841}, {"country_iso": "CHL", "city_id": 914, "log_pop": 3.234099, "log_mass": 5.818178}, {"country_iso": "CHL", "city_id": 936, "log_pop": 3.314393, "log_mass": 5.540343}, {"country_iso": "CHL", "city_id": 931, "log_pop": 2.84544, "log_mass": 6.258551}, {"country_iso": "CHL", "city_id": 914, "log_pop": 2.193843, "log_mass": 4.269512}, {"country_iso": "CHL", "city_id": 901, "log_pop": 3.6867, "log_mass": 6.02136}, {"country_iso": "CHL", "city_id": 931, "log_pop": 4.193144, "log_mass": 6.583435}, {"country_iso": "CHL", "city_id": 944, "log_pop": 4.117725, "log_mass": 6.506387}, {"country_iso": "CHL", "city_id": 931, "log_pop": 4.287318, "log_mass": 6.270345}, {"country_iso": "CHL", "city_id": 931, "log_pop": 4.457024, "log_mass": 6.538161}, {"country_iso": "CHL", "city_id": 931, "log_pop": 4.215015, "log_mass": 5.989602}, {"country_iso": "CHL", "city_id": 901, "log_pop": 1.875897, "log_mass": 4.22249}, {"country_iso": "CHL", "city_id": 931, "log_pop": 3.082679, "log_mass": 5.443569}, {"country_iso": "CHL", "city_id": 901, "log_pop": 2.894857, "log_mass": 4.98221}, {"country_iso": "CHL", "city_id": 931, "log_pop": 4.368945, "log_mass": 6.81475}, {"country_iso": "CHL", "city_id": 914, "log_pop": 1.843035, "log_mass": 4.692717}, {"country_iso": "CHL", "city_id": 958, "log_pop": 4.082145, "log_mass": 6.506323}, {"country_iso": "CHL", "city_id": 931, "log_pop": 4.132763, "log_mass": 6.395472}, {"country_iso": "CHL", "city_id": 931, "log_pop": 2.585377, "log_mass": 5.375696}, {"country_iso": "CHL", "city_id": 931, "log_pop": 4.308671, "log_mass": 6.559359}, {"country_iso": "CHL", "city_id": 931, "log_pop": 3.713834, "log_mass": 6.507367}, {"country_iso": "CHL", "city_id": 958, "log_pop": 2.972375, "log_mass": 5.43581}, {"country_iso": "CHL", "city_id": 914, "log_pop": 4.002177, "log_mass": 6.38547}, {"country_iso": "CHL", "city_id": 931, "log_pop": 3.353633, "log_mass": 5.765329}, {"country_iso": "CHL", "city_id": 931, "log_pop": 4.099574, "log_mass": 6.415546}, {"country_iso": "CHL", "city_id": 931, "log_pop": 4.525491, "log_mass": 6.588497}, {"country_iso": "CHL", "city_id": 914, "log_pop": 4.342389, "log_mass": 6.685519}, {"country_iso": "CHL", "city_id": 901, "log_pop": 3.046312, "log_mass": 5.881525}, {"country_iso": "CHL", "city_id": 914, "log_pop": 3.646079, "log_mass": 6.045512}, {"country_iso": "CHL", "city_id": 931, "log_pop": 4.434305, "log_mass": 6.452387}, {"country_iso": "CHL", "city_id": 931, "log_pop": 3.545965, "log_mass": 5.803}, {"country_iso": "CHL", "city_id": 901, "log_pop": 2.052829, "log_mass": 4.52089}, {"country_iso": "CHL", "city_id": 914, "log_pop": 3.835227, "log_mass": 6.160524}, {"country_iso": "CHL", "city_id": 931, "log_pop": 1.539524, "log_mass": 4.450004}, {"country_iso": "CHL", "city_id": 914, "log_pop": 3.713683, "log_mass": 6.087826}, {"country_iso": "CHL", "city_id": 931, "log_pop": 2.722128, "log_mass": 5.396901}, {"country_iso": "CHL", "city_id": 901, "log_pop": 3.268786, "log_mass": 6.193748}, {"country_iso": "CHL", "city_id": 901, "log_pop": 2.912568, "log_mass": 5.763036}, {"country_iso": "CHL", "city_id": 931, "log_pop": 4.578365, "log_mass": 6.653729}, {"country_iso": "CHL", "city_id": 931, "log_pop": 2.94551, "log_mass": 5.255082}, {"country_iso": "CHL", "city_id": 931, "log_pop": 4.635319, "log_mass": 6.546015}, {"country_iso": "CHL", "city_id": 931, "log_pop": 3.949415, "log_mass": 6.248884}, {"country_iso": "CHL", "city_id": 931, "log_pop": 3.768254, "log_mass": 5.980873}, {"country_iso": "CHL", "city_id": 944, "log_pop": 3.170845, "log_mass": 5.610796}, {"country_iso": "CHL", "city_id": 931, "log_pop": 4.320594, "log_mass": 6.429293}, {"country_iso": "CHL", "city_id": 901, "log_pop": 3.093821, "log_mass": 6.037111}, {"country_iso": "CHL", "city_id": 931, "log_pop": 3.110226, "log_mass": 5.904698}, {"country_iso": "CHL", "city_id": 931, "log_pop": 4.02316, "log_mass": 6.27141}, {"country_iso": "CHL", "city_id": 946, "log_pop": 3.507992, "log_mass": 5.910438}, {"country_iso": "CHL", "city_id": 931, "log_pop": 3.383724, "log_mass": 5.607294}, {"country_iso": "CHL", "city_id": 931, "log_pop": 3.67124, "log_mass": 5.702485}, {"country_iso": "CHL", "city_id": 946, "log_pop": 3.611526, "log_mass": 6.132776}, {"country_iso": "CHL", "city_id": 931, "log_pop": 4.613674, "log_mass": 6.625212}, {"country_iso": "CHL", "city_id": 931, "log_pop": 2.706343, "log_mass": 5.654064}, {"country_iso": "CHL", "city_id": 931, "log_pop": 4.444837, "log_mass": 6.468058}, {"country_iso": "CHL", "city_id": 914, "log_pop": 4.109717, "log_mass": 6.286545}, {"country_iso": "CHL", "city_id": 931, "log_pop": 4.402446, "log_mass": 6.291979}, {"country_iso": "CHL", "city_id": 931, "log_pop": 3.575657, "log_mass": 5.95272}, {"country_iso": "CHL", "city_id": 931, "log_pop": 4.425185, "log_mass": 6.535102}, {"country_iso": "CHL", "city_id": 931, "log_pop": 2.53203, "log_mass": 5.051234}, {"country_iso": "CHL", "city_id": 931, "log_pop": 4.264926, "log_mass": 6.5306}, {"country_iso": "CHL", "city_id": 931, "log_pop": 3.059364, "log_mass": 5.881964}, {"country_iso": "CHL", "city_id": 901, "log_pop": 3.397167, "log_mass": 5.628396}, {"country_iso": "CHL", "city_id": 914, "log_pop": 3.660286, "log_mass": 6.020092}, {"country_iso": "CHL", "city_id": 931, "log_pop": 4.399626, "log_mass": 6.488771}, {"country_iso": "CHL", "city_id": 931, "log_pop": 4.223701, "log_mass": 6.269284}, {"country_iso": "CHL", "city_id": 936, "log_pop": 2.087536, "log_mass": 4.193212}, {"country_iso": "CHL", "city_id": 931, "log_pop": 2.894953, "log_mass": 6.071002}, {"country_iso": "CHL", "city_id": 931, "log_pop": 4.209887, "log_mass": 6.401601}, {"country_iso": "CHL", "city_id": 901, "log_pop": 3.58691, "log_mass": 5.858356}, {"country_iso": "CHL", "city_id": 901, "log_pop": 2.310407, "log_mass": 4.662831}, {"country_iso": "CHL", "city_id": 901, "log_pop": 2.58664, "log_mass": 4.856882}, {"country_iso": "CHL", "city_id": 931, "log_pop": 3.941778, "log_mass": 5.850441}, {"country_iso": "CHL", "city_id": 931, "log_pop": 1.936426, "log_mass": 4.427797}, {"country_iso": "CHL", "city_id": 901, "log_pop": 2.94965, "log_mass": 5.549391}, {"country_iso": "CHL", "city_id": 914, "log_pop": 3.413296, "log_mass": 5.678648}, {"country_iso": "CHL", "city_id": 931, "log_pop": 4.15593, "log_mass": 6.360984}, {"country_iso": "CHL", "city_id": 914, "log_pop": 4.081645, "log_mass": 6.270672}, {"country_iso": "CHL", "city_id": 931, "log_pop": 2.950898, "log_mass": 6.087509}, {"country_iso": "CHL", "city_id": 931, "log_pop": 4.63201, "log_mass": 6.467079}, {"country_iso": "CHL", "city_id": 931, "log_pop": 2.658622, "log_mass": 5.144408}, {"country_iso": "CHL", "city_id": 931, "log_pop": 4.519268, "log_mass": 6.528043}, {"country_iso": "CHL", "city_id": 931, "log_pop": 2.70181, "log_mass": 4.626355}, {"country_iso": "CHL", "city_id": 944, "log_pop": 3.822001, "log_mass": 6.296055}, {"country_iso": "CHL", "city_id": 914, "log_pop": 1.69867, "log_mass": 4.597648}, {"country_iso": "CHL", "city_id": 914, "log_pop": 3.785496, "log_mass": 6.231622}, {"country_iso": "CHL", "city_id": 936, "log_pop": 4.172693, "log_mass": 6.464078}, {"country_iso": "CHL", "city_id": 914, "log_pop": 3.139308, "log_mass": 5.45014}, {"country_iso": "CHL", "city_id": 931, "log_pop": 3.393883, "log_mass": 5.838209}, {"country_iso": "CHL", "city_id": 958, "log_pop": 3.876997, "log_mass": 6.229629}, {"country_iso": "CHL", "city_id": 931, "log_pop": 2.681579, "log_mass": 5.102097}, {"country_iso": "CHL", "city_id": 931, "log_pop": 3.171793, "log_mass": 6.000427}, {"country_iso": "CHL", "city_id": 931, "log_pop": 4.04602, "log_mass": 5.759914}, {"country_iso": "CHL", "city_id": 901, "log_pop": 2.608884, "log_mass": 4.697791}, {"country_iso": "CHL", "city_id": 946, "log_pop": 2.598094, "log_mass": 5.15223}, {"country_iso": "CHL", "city_id": 931, "log_pop": 3.958633, "log_mass": 6.095085}, {"country_iso": "CHL", "city_id": 931, "log_pop": 4.248947, "log_mass": 6.514323}, {"country_iso": "CHL", "city_id": 931, "log_pop": 3.253217, "log_mass": 5.918257}, {"country_iso": "CHL", "city_id": 931, "log_pop": 3.930252, "log_mass": 5.882637}, {"country_iso": "CHL", "city_id": 914, "log_pop": 2.596059, "log_mass": 5.049305}, {"country_iso": "CHL", "city_id": 931, "log_pop": 2.835338, "log_mass": 6.206142}, {"country_iso": "CHL", "city_id": 931, "log_pop": 4.382842, "log_mass": 6.241685}, {"country_iso": "CHL", "city_id": 936, "log_pop": 3.328531, "log_mass": 5.573901}, {"country_iso": "CHL", "city_id": 958, "log_pop": 3.162758, "log_mass": 5.490641}, {"country_iso": "CHL", "city_id": 931, "log_pop": 1.661783, "log_mass": 4.409331}, {"country_iso": "CHL", "city_id": 914, "log_pop": 2.422362, "log_mass": 4.949711}, {"country_iso": "CHL", "city_id": 931, "log_pop": 3.771664, "log_mass": 5.886516}, {"country_iso": "CHL", "city_id": 931, "log_pop": 2.541204, "log_mass": 5.10855}, {"country_iso": "CHL", "city_id": 931, "log_pop": 4.187523, "log_mass": 5.976971}, {"country_iso": "CHL", "city_id": 931, "log_pop": 4.214021, "log_mass": 6.569084}, {"country_iso": "CHL", "city_id": 931, "log_pop": 4.598658, "log_mass": 6.41737}, {"country_iso": "CHL", "city_id": 946, "log_pop": 3.601021, "log_mass": 5.851943}, {"country_iso": "CHL", "city_id": 931, "log_pop": 2.843308, "log_mass": 4.724905}, {"country_iso": "CHL", "city_id": 931, "log_pop": 4.045321, "log_mass": 6.602842}, {"country_iso": "CHL", "city_id": 931, "log_pop": 3.888506, "log_mass": 5.797276}, {"country_iso": "CHL", "city_id": 931, "log_pop": 4.630478, "log_mass": 6.446094}, {"country_iso": "CHL", "city_id": 931, "log_pop": 4.719169, "log_mass": 6.39471}, {"country_iso": "CHL", "city_id": 914, "log_pop": 4.220657, "log_mass": 6.523123}, {"country_iso": "CHL", "city_id": 931, "log_pop": 4.545382, "log_mass": 6.589107}, {"country_iso": "CHL", "city_id": 914, "log_pop": 2.696465, "log_mass": 5.222919}, {"country_iso": "CHL", "city_id": 931, "log_pop": 4.398009, "log_mass": 6.182782}, {"country_iso": "CHL", "city_id": 931, "log_pop": 1.596528, "log_mass": 4.080309}, {"country_iso": "CHL", "city_id": 958, "log_pop": 3.684136, "log_mass": 6.051509}, {"country_iso": "CHL", "city_id": 901, "log_pop": 3.070841, "log_mass": 5.614631}, {"country_iso": "CHL", "city_id": 931, "log_pop": 4.212132, "log_mass": 6.22047}, {"country_iso": "CHL", "city_id": 944, "log_pop": 3.723366, "log_mass": 6.282622}, {"country_iso": "CHL", "city_id": 931, "log_pop": 2.756731, "log_mass": 5.945734}, {"country_iso": "CHL", "city_id": 944, "log_pop": 1.391519, "log_mass": 3.969193}, {"country_iso": "CHL", "city_id": 931, "log_pop": 4.338692, "log_mass": 6.471208}, {"country_iso": "CHL", "city_id": 931, "log_pop": 4.634272, "log_mass": 6.637343}, {"country_iso": "CHL", "city_id": 931, "log_pop": 3.863898, "log_mass": 5.951669}, {"country_iso": "CHL", "city_id": 914, "log_pop": 3.653969, "log_mass": 6.011318}, {"country_iso": "CHL", "city_id": 901, "log_pop": 3.354682, "log_mass": 5.851708}, {"country_iso": "CHL", "city_id": 936, "log_pop": 4.042144, "log_mass": 6.303937}, {"country_iso": "CHL", "city_id": 901, "log_pop": 3.032152, "log_mass": 5.256073}, {"country_iso": "CHL", "city_id": 944, "log_pop": 2.703744, "log_mass": 5.373997}, {"country_iso": "CHL", "city_id": 931, "log_pop": 3.899158, "log_mass": 5.758725}, {"country_iso": "CHL", "city_id": 931, "log_pop": 4.178045, "log_mass": 6.340935}, {"country_iso": "CHL", "city_id": 901, "log_pop": 2.409912, "log_mass": 4.672873}, {"country_iso": "CHL", "city_id": 931, "log_pop": 4.378535, "log_mass": 6.628428}, {"country_iso": "CHL", "city_id": 946, "log_pop": 2.965211, "log_mass": 5.161892}, {"country_iso": "CHL", "city_id": 901, "log_pop": 2.934951, "log_mass": 5.529014}, {"country_iso": "CHL", "city_id": 901, "log_pop": 2.44919, "log_mass": 4.837847}, {"country_iso": "CHL", "city_id": 931, "log_pop": 4.138056, "log_mass": 5.867749}, {"country_iso": "CHL", "city_id": 931, "log_pop": 2.556902, "log_mass": 5.162889}, {"country_iso": "CHL", "city_id": 931, "log_pop": 3.67267, "log_mass": 5.491195}, {"country_iso": "CHL", "city_id": 931, "log_pop": 3.509302, "log_mass": 5.92259}, {"country_iso": "CHL", "city_id": 931, "log_pop": 3.098385, "log_mass": 5.781927}, {"country_iso": "CHL", "city_id": 931, "log_pop": 2.258583, "log_mass": 4.98516}, {"country_iso": "CHL", "city_id": 931, "log_pop": 2.179631, "log_mass": 4.457911}, {"country_iso": "CHL", "city_id": 931, "log_pop": 3.351045, "log_mass": 5.3604}, {"country_iso": "CHL", "city_id": 901, "log_pop": 3.163904, "log_mass": 5.998738}, {"country_iso": "CHL", "city_id": 914, "log_pop": 1.633858, "log_mass": 3.982593}, {"country_iso": "CHL", "city_id": 931, "log_pop": 4.006185, "log_mass": 6.401726}, {"country_iso": "CHL", "city_id": 914, "log_pop": 3.951359, "log_mass": 6.361784}, {"country_iso": "CHL", "city_id": 931, "log_pop": 2.576155, "log_mass": 4.872699}, {"country_iso": "CHL", "city_id": 931, "log_pop": 4.573527, "log_mass": 6.559268}, {"country_iso": "CHL", "city_id": 931, "log_pop": 3.0343, "log_mass": 5.468681}, {"country_iso": "CHL", "city_id": 901, "log_pop": 2.56653, "log_mass": 4.751942}, {"country_iso": "CHL", "city_id": 931, "log_pop": 3.82373, "log_mass": 5.92141}, {"country_iso": "CHL", "city_id": 914, "log_pop": 3.615898, "log_mass": 6.03376}, {"country_iso": "CHL", "city_id": 931, "log_pop": 4.518759, "log_mass": 6.524824}, {"country_iso": "CHL", "city_id": 931, "log_pop": 4.232802, "log_mass": 6.286742}, {"country_iso": "CHL", "city_id": 901, "log_pop": 1.263163, "log_mass": 4.098389}, {"country_iso": "CHL", "city_id": 958, "log_pop": 3.851166, "log_mass": 6.389511}, {"country_iso": "CHL", "city_id": 931, "log_pop": 2.515077, "log_mass": 5.231965}, {"country_iso": "CHL", "city_id": 931, "log_pop": 4.615789, "log_mass": 6.297415}, {"country_iso": "CHL", "city_id": 944, "log_pop": 3.465357, "log_mass": 5.823581}, {"country_iso": "CHL", "city_id": 946, "log_pop": 2.633555, "log_mass": 5.630986}, {"country_iso": "CHL", "city_id": 946, "log_pop": 3.351934, "log_mass": 5.61061}, {"country_iso": "CHL", "city_id": 914, "log_pop": 0.783997, "log_mass": 3.020251}, {"country_iso": "CHL", "city_id": 931, "log_pop": 2.906598, "log_mass": 5.990637}, {"country_iso": "CHL", "city_id": 931, "log_pop": 3.806873, "log_mass": 6.300054}, {"country_iso": "CHL", "city_id": 914, "log_pop": 3.376231, "log_mass": 6.006525}, {"country_iso": "CHL", "city_id": 931, "log_pop": 3.678928, "log_mass": 6.028785}, {"country_iso": "CHL", "city_id": 931, "log_pop": 3.397895, "log_mass": 5.812632}, {"country_iso": "CHL", "city_id": 931, "log_pop": 3.36098, "log_mass": 5.898692}, {"country_iso": "CHL", "city_id": 931, "log_pop": 4.18618, "log_mass": 6.519611}, {"country_iso": "CHL", "city_id": 901, "log_pop": 3.005121, "log_mass": 5.494056}, {"country_iso": "CHL", "city_id": 901, "log_pop": 0.258712, "log_mass": 3.769351}, {"country_iso": "CHL", "city_id": 901, "log_pop": 2.844848, "log_mass": 5.556216}, {"country_iso": "CHL", "city_id": 914, "log_pop": 1.756342, "log_mass": 4.807904}, {"country_iso": "CHL", "city_id": 931, "log_pop": 4.266873, "log_mass": 6.802179}, {"country_iso": "CHL", "city_id": 914, "log_pop": 2.857063, "log_mass": 5.259264}, {"country_iso": "CHL", "city_id": 901, "log_pop": 2.608912, "log_mass": 5.459441}, {"country_iso": "CHL", "city_id": 914, "log_pop": 3.814372, "log_mass": 6.082696}, {"country_iso": "CHL", "city_id": 931, "log_pop": 4.209025, "log_mass": 6.418607}, {"country_iso": "CHL", "city_id": 931, "log_pop": 2.2004, "log_mass": 5.17954}, {"country_iso": "CHL", "city_id": 931, "log_pop": 4.412835, "log_mass": 6.362974}, {"country_iso": "CHL", "city_id": 958, "log_pop": 1.716461, "log_mass": 4.086002}, {"country_iso": "CHL", "city_id": 931, "log_pop": 4.06112, "log_mass": 6.269185}, {"country_iso": "CHL", "city_id": 901, "log_pop": 1.505305, "log_mass": 4.505318}, {"country_iso": "CHL", "city_id": 931, "log_pop": 4.252356, "log_mass": 6.507367}, {"country_iso": "CHL", "city_id": 931, "log_pop": 4.680392, "log_mass": 6.426449}, {"country_iso": "CHL", "city_id": 946, "log_pop": 3.857172, "log_mass": 6.185288}, {"country_iso": "CHL", "city_id": 901, "log_pop": 3.551184, "log_mass": 5.939279}, {"country_iso": "CHL", "city_id": 946, "log_pop": 2.527598, "log_mass": 4.902447}, {"country_iso": "CHL", "city_id": 931, "log_pop": 4.37334, "log_mass": 6.375123}, {"country_iso": "CHL", "city_id": 901, "log_pop": 2.5742, "log_mass": 5.440474}, {"country_iso": "CHL", "city_id": 936, "log_pop": 3.088919, "log_mass": 5.595834}, {"country_iso": "CHL", "city_id": 944, "log_pop": 2.768899, "log_mass": 5.160266}, {"country_iso": "CHL", "city_id": 931, "log_pop": 4.49104, "log_mass": 6.509619}, {"country_iso": "CHL", "city_id": 914, "log_pop": 4.124008, "log_mass": 6.469805}, {"country_iso": "CHL", "city_id": 936, "log_pop": 2.287196, "log_mass": 5.21243}, {"country_iso": "CHL", "city_id": 931, "log_pop": 4.193944, "log_mass": 6.272377}, {"country_iso": "CHL", "city_id": 931, "log_pop": 4.585127, "log_mass": 6.555043}, {"country_iso": "CHL", "city_id": 931, "log_pop": 4.237553, "log_mass": 6.458868}, {"country_iso": "CHL", "city_id": 958, "log_pop": 4.002025, "log_mass": 6.376027}, {"country_iso": "CHL", "city_id": 931, "log_pop": 4.720504, "log_mass": 6.501969}, {"country_iso": "CHL", "city_id": 958, "log_pop": 4.039392, "log_mass": 6.532876}, {"country_iso": "CHL", "city_id": 936, "log_pop": 4.142179, "log_mass": 6.432362}, {"country_iso": "CHL", "city_id": 914, "log_pop": 3.626733, "log_mass": 5.840733}, {"country_iso": "CHL", "city_id": 931, "log_pop": 3.838365, "log_mass": 6.517216}, {"country_iso": "CHL", "city_id": 931, "log_pop": 4.563265, "log_mass": 6.60272}, {"country_iso": "CHL", "city_id": 901, "log_pop": 3.156158, "log_mass": 5.603157}, {"country_iso": "CHL", "city_id": 931, "log_pop": 4.236811, "log_mass": 6.488373}, {"country_iso": "CHL", "city_id": 931, "log_pop": 3.907564, "log_mass": 6.625666}, {"country_iso": "CHL", "city_id": 931, "log_pop": 2.216924, "log_mass": 4.804561}, {"country_iso": "CHL", "city_id": 931, "log_pop": 2.831094, "log_mass": 5.903357}, {"country_iso": "CHL", "city_id": 901, "log_pop": 3.896666, "log_mass": 6.137162}, {"country_iso": "CHL", "city_id": 946, "log_pop": 2.625563, "log_mass": 4.816038}, {"country_iso": "CHL", "city_id": 901, "log_pop": 3.249627, "log_mass": 5.418948}, {"country_iso": "CHL", "city_id": 931, "log_pop": 4.411094, "log_mass": 6.49068}, {"country_iso": "CHL", "city_id": 931, "log_pop": 4.167837, "log_mass": 6.273245}, {"country_iso": "CHL", "city_id": 901, "log_pop": 3.189135, "log_mass": 5.636133}, {"country_iso": "CHL", "city_id": 931, "log_pop": 3.702566, "log_mass": 5.888267}, {"country_iso": "CHL", "city_id": 931, "log_pop": 3.512839, "log_mass": 6.11619}, {"country_iso": "CHL", "city_id": 901, "log_pop": 3.383002, "log_mass": 5.955286}, {"country_iso": "CHL", "city_id": 931, "log_pop": 4.09934, "log_mass": 6.228307}, {"country_iso": "CHL", "city_id": 931, "log_pop": 3.644622, "log_mass": 5.617816}, {"country_iso": "CHL", "city_id": 946, "log_pop": 3.90573, "log_mass": 6.265069}, {"country_iso": "CHL", "city_id": 914, "log_pop": 3.705525, "log_mass": 6.219689}, {"country_iso": "CHL", "city_id": 931, "log_pop": 4.584688, "log_mass": 6.467776}, {"country_iso": "CHL", "city_id": 914, "log_pop": 3.897171, "log_mass": 6.204262}, {"country_iso": "CHL", "city_id": 931, "log_pop": 4.623598, "log_mass": 6.559055}, {"country_iso": "CHL", "city_id": 958, "log_pop": 4.192195, "log_mass": 6.59239}, {"country_iso": "CHL", "city_id": 931, "log_pop": 4.045795, "log_mass": 6.217264}, {"country_iso": "CHL", "city_id": 944, "log_pop": 3.112347, "log_mass": 5.588599}, {"country_iso": "CHL", "city_id": 958, "log_pop": 3.020617, "log_mass": 5.200129}, {"country_iso": "CHL", "city_id": 914, "log_pop": 3.189618, "log_mass": 5.617279}, {"country_iso": "CHL", "city_id": 931, "log_pop": 3.336994, "log_mass": 5.197678}, {"country_iso": "CHL", "city_id": 901, "log_pop": 3.81972, "log_mass": 5.995498}, {"country_iso": "CHL", "city_id": 901, "log_pop": 2.899414, "log_mass": 5.197306}, {"country_iso": "CHL", "city_id": 931, "log_pop": 4.523964, "log_mass": 6.328547}, {"country_iso": "CHL", "city_id": 931, "log_pop": 4.024689, "log_mass": 6.446353}, {"country_iso": "CHL", "city_id": 958, "log_pop": 1.706809, "log_mass": 5.052465}, {"country_iso": "CHL", "city_id": 931, "log_pop": 1.826719, "log_mass": 4.358534}, {"country_iso": "CHL", "city_id": 931, "log_pop": 4.007025, "log_mass": 6.299883}, {"country_iso": "CHL", "city_id": 901, "log_pop": 3.165402, "log_mass": 5.398341}, {"country_iso": "CHL", "city_id": 901, "log_pop": 3.8158, "log_mass": 6.114446}, {"country_iso": "CHL", "city_id": 931, "log_pop": 4.177741, "log_mass": 6.242048}, {"country_iso": "CHL", "city_id": 931, "log_pop": 4.63915, "log_mass": 6.441673}, {"country_iso": "CHL", "city_id": 901, "log_pop": 2.843018, "log_mass": 5.60035}, {"country_iso": "CHL", "city_id": 914, "log_pop": 3.889186, "log_mass": 6.297006}, {"country_iso": "CHL", "city_id": 931, "log_pop": 4.627439, "log_mass": 6.609298}, {"country_iso": "CHL", "city_id": 914, "log_pop": 4.095331, "log_mass": 6.492091}, {"country_iso": "CHL", "city_id": 931, "log_pop": 4.3622, "log_mass": 6.612924}, {"country_iso": "CHL", "city_id": 914, "log_pop": 3.922164, "log_mass": 6.237541}, {"country_iso": "CHL", "city_id": 936, "log_pop": 2.802503, "log_mass": 5.116764}, {"country_iso": "CHL", "city_id": 931, "log_pop": 3.168512, "log_mass": 6.005278}, {"country_iso": "CHL", "city_id": 944, "log_pop": 3.280743, "log_mass": 5.744468}, {"country_iso": "CHL", "city_id": 931, "log_pop": 3.624578, "log_mass": 5.878366}, {"country_iso": "CHL", "city_id": 931, "log_pop": 4.795415, "log_mass": 6.368269}, {"country_iso": "CHL", "city_id": 931, "log_pop": 3.315508, "log_mass": 5.690075}, {"country_iso": "CHL", "city_id": 931, "log_pop": 3.4956, "log_mass": 6.420346}, {"country_iso": "CHL", "city_id": 931, "log_pop": 4.459226, "log_mass": 6.423678}, {"country_iso": "CHL", "city_id": 936, "log_pop": 3.616706, "log_mass": 6.012527}, {"country_iso": "CHL", "city_id": 931, "log_pop": 4.352181, "log_mass": 6.683742}, {"country_iso": "CHL", "city_id": 931, "log_pop": 4.73176, "log_mass": 6.494888}, {"country_iso": "CHL", "city_id": 958, "log_pop": 3.595066, "log_mass": 6.019547}, {"country_iso": "CHL", "city_id": 901, "log_pop": 2.811561, "log_mass": 5.818039}, {"country_iso": "CHL", "city_id": 931, "log_pop": 3.758468, "log_mass": 5.974756}, {"country_iso": "CHL", "city_id": 901, "log_pop": 1.309272, "log_mass": 3.894068}, {"country_iso": "CHL", "city_id": 931, "log_pop": 2.530384, "log_mass": 5.122527}, {"country_iso": "CHL", "city_id": 914, "log_pop": 3.959244, "log_mass": 6.246112}, {"country_iso": "CHL", "city_id": 958, "log_pop": 4.015477, "log_mass": 6.448293}, {"country_iso": "CHL", "city_id": 931, "log_pop": 1.378088, "log_mass": 5.577409}]