[{"country_iso":"CHL","city_id":931,"log_pop":1.5965281924,"log_mass":4.0803093517},{"country_iso":"CHL","city_id":931,"log_pop":3.6570635414,"log_mass":5.7399397487},{"country_iso":"CHL","city_id":931,"log_pop":4.0186433385,"log_mass":6.2693189493},{"country_iso":"CHL","city_id":931,"log_pop":4.2442864677,"log_mass":6.1739748021},{"country_iso":"CHL","city_id":931,"log_pop":4.3046425107,"log_mass":6.3983538135},{"country_iso":"CHL","city_id":931,"log_pop":4.4343046673,"log_mass":6.4523868392},{"country_iso":"CHL","city_id":931,"log_pop":4.4110944564,"log_mass":6.4906802236},{"country_iso":"CHL","city_id":931,"log_pop":4.4448374411,"log_mass":6.4680582908},{"country_iso":"CHL","city_id":931,"log_pop":4.0980653678,"log_mass":6.488893732},{"country_iso":"CHL","city_id":931,"log_pop":4.212132408,"log_mass":6.2204704516},{"country_iso":"CHL","city_id":931,"log_pop":4.2603063979,"log_mass":6.5210782147},{"country_iso":"CHL","city_id":931,"log_pop":3.8991584932,"log_mass":5.7587249904},{"country_iso":"CHL","city_id":931,"log_pop":2.7018100218,"log_mass":4.6263548491},{"country_iso":"CHL","city_id":931,"log_pop":4.4592258951,"log_mass":6.4236784144},{"country_iso":"CHL","city_id":931,"log_pop":4.584687524,"log_mass":6.4677762518},{"country_iso":"CHL","city_id":931,"log_pop":3.8237304138,"log_mass":5.9214099735},{"country_iso":"CHL","city_id":931,"log_pop":4.2772570499,"log_mass":6.368291043},{"country_iso":"CHL","city_id":931,"log_pop":3.5128389952,"log_mass":6.11618992},{"country_iso":"CHL","city_id":931,"log_pop":3.0593641945,"log_mass":5.8819642134},{"country_iso":"CHL","city_id":931,"log_pop":3.8293077939,"log_mass":6.2265359865},{"country_iso":"CHL","city_id":931,"log_pop":4.1797444759,"log_mass":6.424791161},{"country_iso":"CHL","city_id":931,"log_pop":4.0061845349,"log_mass":6.4017264617},{"country_iso":"CHL","city_id":931,"log_pop":4.3996262448,"log_mass":6.4887713639},{"country_iso":"CHL","city_id":931,"log_pop":2.8949526828,"log_mass":6.0710018071},{"country_iso":"CHL","city_id":931,"log_pop":3.3609795453,"log_mass":5.898691807},{"country_iso":"CHL","city_id":931,"log_pop":3.4956002573,"log_mass":6.4203458056},{"country_iso":"CHL","city_id":931,"log_pop":2.9065977356,"log_mass":5.9906369074},{"country_iso":"CHL","city_id":931,"log_pop":2.3790860916,"log_mass":5.5213562049},{"country_iso":"CHL","city_id":931,"log_pop":1.3780880037,"log_mass":5.5774086334},{"country_iso":"CHL","city_id":931,"log_pop":2.7063430333,"log_mass":5.6540641183},{"country_iso":"CHL","city_id":931,"log_pop":-0.8988508238,"log_mass":5.2174695046},{"country_iso":"CHL","city_id":931,"log_pop":1.5395243438,"log_mass":4.4500042712},{"country_iso":"CHL","city_id":931,"log_pop":2.8310939435,"log_mass":5.9033566073},{"country_iso":"CHL","city_id":931,"log_pop":2.5303839183,"log_mass":5.1225273392},{"country_iso":"CHL","city_id":931,"log_pop":2.7567306033,"log_mass":5.9457336225},{"country_iso":"CHL","city_id":931,"log_pop":2.8755176176,"log_mass":5.8323992402},{"country_iso":"CHL","city_id":931,"log_pop":2.8867402337,"log_mass":5.8015350294},{"country_iso":"CHL","city_id":931,"log_pop":2.8454395863,"log_mass":6.2585509464},{"country_iso":"CHL","city_id":931,"log_pop":3.1102256394,"log_mass":5.9046980404},{"country_iso":"CHL","city_id":931,"log_pop":3.2532165258,"log_mass":5.9182573266},{"country_iso":"CHL","city_id":931,"log_pop":2.0122759264,"log_mass":5.5817023675},{"country_iso":"CHL","city_id":931,"log_pop":3.0517967737,"log_mass":6.1058398748},{"country_iso":"CHL","city_id":931,"log_pop":2.8433082099,"log_mass":4.7249045029},{"country_iso":"CHL","city_id":931,"log_pop":4.3128777642,"log_mass":6.0024151967},{"country_iso":"CHL","city_id":931,"log_pop":4.3828417342,"log_mass":6.2416848432},{"country_iso":"CHL","city_id":931,"log_pop":2.7221278858,"log_mass":5.3969011142},{"country_iso":"CHL","city_id":931,"log_pop":4.2162421886,"log_mass":6.1978138984},{"country_iso":"CHL","city_id":931,"log_pop":4.7191693523,"log_mass":6.3947095411},{"country_iso":"CHL","city_id":931,"log_pop":4.7317599334,"log_mass":6.4948883644},{"country_iso":"CHL","city_id":931,"log_pop":1.9364262788,"log_mass":4.4277974962},{"country_iso":"CHL","city_id":931,"log_pop":3.0342995862,"log_mass":5.4686812641},{"country_iso":"CHL","city_id":931,"log_pop":3.26807033,"log_mass":5.5757260217},{"country_iso":"CHL","city_id":931,"log_pop":4.6320102737,"log_mass":6.4670789224},{"country_iso":"CHL","city_id":931,"log_pop":4.6982291332,"log_mass":6.4200715974},{"country_iso":"CHL","city_id":931,"log_pop":4.3980092795,"log_mass":6.1827818018},{"country_iso":"CHL","city_id":931,"log_pop":4.6803922705,"log_mass":6.4264489791},{"country_iso":"CHL","city_id":931,"log_pop":4.0460201807,"log_mass":5.7599141614},{"country_iso":"CHL","city_id":931,"log_pop":4.7954146255,"log_mass":6.3682694517},{"country_iso":"CHL","city_id":931,"log_pop":2.1796309251,"log_mass":4.4579108027},{"country_iso":"CHL","city_id":931,"log_pop":4.2873180988,"log_mass":6.270345397},{"country_iso":"CHL","city_id":931,"log_pop":4.6342717618,"log_mass":6.6373425558},{"country_iso":"CHL","city_id":931,"log_pop":4.0457949405,"log_mass":6.2172635634},{"country_iso":"CHL","city_id":931,"log_pop":4.2523564426,"log_mass":6.5073666088},{"country_iso":"CHL","city_id":931,"log_pop":4.2328024679,"log_mass":6.286742332},{"country_iso":"CHL","city_id":931,"log_pop":4.6557825255,"log_mass":6.5957187124},{"country_iso":"CHL","city_id":931,"log_pop":4.0611201246,"log_mass":6.2691854406},{"country_iso":"CHL","city_id":931,"log_pop":2.5853770783,"log_mass":5.3756960289},{"country_iso":"CHL","city_id":931,"log_pop":4.2150151425,"log_mass":5.9896019676},{"country_iso":"CHL","city_id":931,"log_pop":2.5150767354,"log_mass":5.2319652356},{"country_iso":"CHL","city_id":931,"log_pop":2.5569020298,"log_mass":5.1628886033},{"country_iso":"CHL","city_id":931,"log_pop":4.2237008431,"log_mass":6.2692843446},{"country_iso":"CHL","city_id":931,"log_pop":3.9417777723,"log_mass":5.850440805},{"country_iso":"CHL","city_id":931,"log_pop":4.0231598691,"log_mass":6.2714098606},{"country_iso":"CHL","city_id":931,"log_pop":2.6586224614,"log_mass":5.1444082861},{"country_iso":"CHL","city_id":931,"log_pop":3.0826793663,"log_mass":5.4435686344},{"country_iso":"CHL","city_id":931,"log_pop":3.9216842362,"log_mass":5.8386468213},{"country_iso":"CHL","city_id":931,"log_pop":3.6245782268,"log_mass":5.8783661691},{"country_iso":"CHL","city_id":931,"log_pop":3.5093018514,"log_mass":5.9225900729},{"country_iso":"CHL","city_id":931,"log_pop":3.3155081814,"log_mass":5.6900753283},{"country_iso":"CHL","city_id":931,"log_pop":3.7682540177,"log_mass":5.980873142},{"country_iso":"CHL","city_id":931,"log_pop":3.9622503376,"log_mass":6.3111801274},{"country_iso":"CHL","city_id":931,"log_pop":4.2140211854,"log_mass":6.5690842391},{"country_iso":"CHL","city_id":931,"log_pop":4.5783651447,"log_mass":6.6537288764},{"country_iso":"CHL","city_id":931,"log_pop":4.3733399737,"log_mass":6.3751234971},{"country_iso":"CHL","city_id":931,"log_pop":4.3086707756,"log_mass":6.5593585224},{"country_iso":"CHL","city_id":931,"log_pop":4.2712481033,"log_mass":6.3707368441},{"country_iso":"CHL","city_id":931,"log_pop":4.378534687,"log_mass":6.6284281644},{"country_iso":"CHL","city_id":931,"log_pop":4.627439202,"log_mass":6.6092980039},{"country_iso":"CHL","city_id":931,"log_pop":4.5632646718,"log_mass":6.6027196022},{"country_iso":"CHL","city_id":931,"log_pop":4.4128348845,"log_mass":6.3629743874},{"country_iso":"CHL","city_id":931,"log_pop":4.0387646749,"log_mass":6.2233412344},{"country_iso":"CHL","city_id":931,"log_pop":3.7716641651,"log_mass":5.8865162385},{"country_iso":"CHL","city_id":931,"log_pop":4.6353191353,"log_mass":6.5460146487},{"country_iso":"CHL","city_id":931,"log_pop":4.6235976366,"log_mass":6.5590554361},{"country_iso":"CHL","city_id":931,"log_pop":4.6136735256,"log_mass":6.6252116662},{"country_iso":"CHL","city_id":931,"log_pop":3.9365312451,"log_mass":6.0352293105},{"country_iso":"CHL","city_id":931,"log_pop":4.0070245416,"log_mass":6.2998829912},{"country_iso":"CHL","city_id":931,"log_pop":4.1380559817,"log_mass":5.8677493807},{"country_iso":"CHL","city_id":931,"log_pop":3.3978948433,"log_mass":5.8126321759},{"country_iso":"CHL","city_id":931,"log_pop":4.3205939622,"log_mass":6.4292932661},{"country_iso":"CHL","city_id":931,"log_pop":4.2544650646,"log_mass":6.4417677224},{"country_iso":"CHL","city_id":931,"log_pop":4.5239638112,"log_mass":6.3285468484},{"country_iso":"CHL","city_id":931,"log_pop":2.7092731453,"log_mass":5.1540843451},{"country_iso":"CHL","city_id":931,"log_pop":3.3938834466,"log_mass":5.838209285},{"country_iso":"CHL","city_id":931,"log_pop":3.3536326348,"log_mass":5.7653287897},{"country_iso":"CHL","city_id":931,"log_pop":-0.413908717,"log_mass":2.4689855841},{"country_iso":"CHL","city_id":931,"log_pop":2.5761545319,"log_mass":4.8726987683},{"country_iso":"CHL","city_id":931,"log_pop":3.9302524238,"log_mass":5.882637207},{"country_iso":"CHL","city_id":931,"log_pop":2.94551024,"log_mass":5.255082035},{"country_iso":"CHL","city_id":931,"log_pop":3.5756570861,"log_mass":5.9527196574},{"country_iso":"CHL","city_id":931,"log_pop":3.9768696876,"log_mass":6.1911571871},{"country_iso":"CHL","city_id":931,"log_pop":2.6815792961,"log_mass":5.1020970111},{"country_iso":"CHL","city_id":931,"log_pop":3.8638983499,"log_mass":5.9516686968},{"country_iso":"CHL","city_id":931,"log_pop":4.4251854252,"log_mass":6.5351020735},{"country_iso":"CHL","city_id":931,"log_pop":4.1780453542,"log_mass":6.3409354989},{"country_iso":"CHL","city_id":931,"log_pop":1.8267190859,"log_mass":4.3585335958},{"country_iso":"CHL","city_id":931,"log_pop":3.7584678959,"log_mass":5.9747556547},{"country_iso":"CHL","city_id":931,"log_pop":4.0246888999,"log_mass":6.4463530333},{"country_iso":"CHL","city_id":931,"log_pop":3.9075639552,"log_mass":6.6256660551},{"country_iso":"CHL","city_id":931,"log_pop":4.3621998883,"log_mass":6.6129241706},{"country_iso":"CHL","city_id":931,"log_pop":4.1629847262,"log_mass":6.664991296},{"country_iso":"CHL","city_id":931,"log_pop":4.2489471155,"log_mass":6.514322924},{"country_iso":"CHL","city_id":931,"log_pop":4.1194926487,"log_mass":6.5668570117},{"country_iso":"CHL","city_id":931,"log_pop":4.1931441204,"log_mass":6.5834345893},{"country_iso":"CHL","city_id":931,"log_pop":4.368945439,"log_mass":6.8147496271},{"country_iso":"CHL","city_id":931,"log_pop":4.2649263826,"log_mass":6.5306001321},{"country_iso":"CHL","city_id":931,"log_pop":4.2098871263,"log_mass":6.4016006189},{"country_iso":"CHL","city_id":931,"log_pop":4.3024345462,"log_mass":6.5541778378},{"country_iso":"CHL","city_id":931,"log_pop":4.2668725512,"log_mass":6.8021793851},{"country_iso":"CHL","city_id":931,"log_pop":3.8383653277,"log_mass":6.5172164697},{"country_iso":"CHL","city_id":931,"log_pop":4.0453212165,"log_mass":6.6028423736},{"country_iso":"CHL","city_id":931,"log_pop":4.5192684329,"log_mass":6.5280434731},{"country_iso":"CHL","city_id":931,"log_pop":4.5735265986,"log_mass":6.5592683708},{"country_iso":"CHL","city_id":931,"log_pop":4.1678373911,"log_mass":6.2732454965},{"country_iso":"CHL","city_id":931,"log_pop":4.5187593655,"log_mass":6.5248240961},{"country_iso":"CHL","city_id":931,"log_pop":4.585126792,"log_mass":6.5550427429},{"country_iso":"CHL","city_id":931,"log_pop":4.5453818074,"log_mass":6.5891073053},{"country_iso":"CHL","city_id":931,"log_pop":4.2699745555,"log_mass":6.4198036911},{"country_iso":"CHL","city_id":931,"log_pop":4.1327627561,"log_mass":6.3954721068},{"country_iso":"CHL","city_id":931,"log_pop":4.4100502688,"log_mass":6.469155945},{"country_iso":"CHL","city_id":931,"log_pop":4.2375531929,"log_mass":6.4588678103},{"country_iso":"CHL","city_id":931,"log_pop":3.6789283275,"log_mass":6.0287846965},{"country_iso":"CHL","city_id":931,"log_pop":4.3521805453,"log_mass":6.6837415972},{"country_iso":"CHL","city_id":931,"log_pop":4.1861804127,"log_mass":6.5196111713},{"country_iso":"CHL","city_id":931,"log_pop":4.4910395522,"log_mass":6.5096186107},{"country_iso":"CHL","city_id":931,"log_pop":4.2368108291,"log_mass":6.4883733618},{"country_iso":"CHL","city_id":931,"log_pop":3.9924738948,"log_mass":6.2144763337},{"country_iso":"CHL","city_id":931,"log_pop":4.5254909322,"log_mass":6.5884965969},{"country_iso":"CHL","city_id":931,"log_pop":4.4570240734,"log_mass":6.5381612388},{"country_iso":"CHL","city_id":931,"log_pop":2.2585828856,"log_mass":4.9851602598},{"country_iso":"CHL","city_id":931,"log_pop":3.7283181339,"log_mass":6.0977051317},{"country_iso":"CHL","city_id":931,"log_pop":4.1559299355,"log_mass":6.3609835336},{"country_iso":"CHL","city_id":931,"log_pop":3.3219836608,"log_mass":6.1223324719},{"country_iso":"CHL","city_id":931,"log_pop":2.8353384225,"log_mass":6.2061423861},{"country_iso":"CHL","city_id":931,"log_pop":3.8068727877,"log_mass":6.3000536163},{"country_iso":"CHL","city_id":931,"log_pop":3.7138337196,"log_mass":6.507367372},{"country_iso":"CHL","city_id":931,"log_pop":3.0983854577,"log_mass":5.7819272389},{"country_iso":"CHL","city_id":931,"log_pop":2.9508975938,"log_mass":6.0875085215},{"country_iso":"CHL","city_id":931,"log_pop":4.2090253314,"log_mass":6.4186069923},{"country_iso":"CHL","city_id":931,"log_pop":3.5459651144,"log_mass":5.8029995282},{"country_iso":"CHL","city_id":931,"log_pop":4.1894918392,"log_mass":6.549960926},{"country_iso":"CHL","city_id":931,"log_pop":4.0637899302,"log_mass":6.293958295},{"country_iso":"CHL","city_id":931,"log_pop":4.338692096,"log_mass":6.4712080782},{"country_iso":"CHL","city_id":931,"log_pop":4.1777405433,"log_mass":6.2420480892},{"country_iso":"CHL","city_id":931,"log_pop":4.1939440182,"log_mass":6.2723774962},{"country_iso":"CHL","city_id":931,"log_pop":3.9586326617,"log_mass":6.0950850909},{"country_iso":"CHL","city_id":931,"log_pop":3.6726696508,"log_mass":5.4911951304},{"country_iso":"CHL","city_id":931,"log_pop":3.3510448868,"log_mass":5.3604001984},{"country_iso":"CHL","city_id":931,"log_pop":4.4388036935,"log_mass":6.2621510557},{"country_iso":"CHL","city_id":931,"log_pop":3.644622269,"log_mass":5.6178160812},{"country_iso":"CHL","city_id":931,"log_pop":3.8885061272,"log_mass":5.7972763304},{"country_iso":"CHL","city_id":931,"log_pop":3.3369938038,"log_mass":5.1976780432},{"country_iso":"CHL","city_id":931,"log_pop":3.6712400362,"log_mass":5.7024850529},{"country_iso":"CHL","city_id":931,"log_pop":2.5320300253,"log_mass":5.0512338023},{"country_iso":"CHL","city_id":931,"log_pop":4.6157889467,"log_mass":6.2974146191},{"country_iso":"CHL","city_id":931,"log_pop":4.4024460352,"log_mass":6.2919789247},{"country_iso":"CHL","city_id":931,"log_pop":4.187522702,"log_mass":5.9769706477},{"country_iso":"CHL","city_id":931,"log_pop":4.6304781387,"log_mass":6.4460939443},{"country_iso":"CHL","city_id":931,"log_pop":4.5986584984,"log_mass":6.4173697594},{"country_iso":"CHL","city_id":931,"log_pop":4.7205035379,"log_mass":6.5019685847},{"country_iso":"CHL","city_id":931,"log_pop":4.6391503083,"log_mass":6.4416727442},{"country_iso":"CHL","city_id":931,"log_pop":2.5412044328,"log_mass":5.1085495446},{"country_iso":"CHL","city_id":931,"log_pop":2.7826274673,"log_mass":4.8814793205},{"country_iso":"CHL","city_id":931,"log_pop":2.1287731847,"log_mass":4.9015020501},{"country_iso":"CHL","city_id":931,"log_pop":3.1717932094,"log_mass":6.0004272311},{"country_iso":"CHL","city_id":931,"log_pop":3.168511661,"log_mass":6.0052783217},{"country_iso":"CHL","city_id":931,"log_pop":3.7074090396,"log_mass":6.3099814744},{"country_iso":"CHL","city_id":931,"log_pop":2.2169242207,"log_mass":4.804561313},{"country_iso":"CHL","city_id":931,"log_pop":2.2004004396,"log_mass":5.1795403899},{"country_iso":"CHL","city_id":931,"log_pop":1.6617829548,"log_mass":4.4093305994},{"country_iso":"CHL","city_id":931,"log_pop":3.3837237611,"log_mass":5.6072940451},{"country_iso":"CHL","city_id":931,"log_pop":3.7025664097,"log_mass":5.8882670486},{"country_iso":"CHL","city_id":931,"log_pop":4.0993403637,"log_mass":6.2283073694},{"country_iso":"CHL","city_id":931,"log_pop":3.9494153053,"log_mass":6.2488841064},{"country_iso":"CHL","city_id":931,"log_pop":4.0995736092,"log_mass":6.4155455463},{"country_iso":"CHL","city_id":901,"log_pop":1.8083999981,"log_mass":4.3362573485},{"country_iso":"CHL","city_id":901,"log_pop":1.8758973048,"log_mass":4.2224897886},{"country_iso":"CHL","city_id":901,"log_pop":2.0528291476,"log_mass":4.5208896646},{"country_iso":"CHL","city_id":901,"log_pop":3.0463117236,"log_mass":5.8815246141},{"country_iso":"CHL","city_id":901,"log_pop":2.8115607839,"log_mass":5.8180392612},{"country_iso":"CHL","city_id":901,"log_pop":2.8430176102,"log_mass":5.6003498868},{"country_iso":"CHL","city_id":901,"log_pop":3.4146703818,"log_mass":5.7429901367},{"country_iso":"CHL","city_id":901,"log_pop":2.3104065061,"log_mass":4.6628313008},{"country_iso":"CHL","city_id":901,"log_pop":2.8948568279,"log_mass":4.9822100245},{"country_iso":"CHL","city_id":901,"log_pop":2.6955624948,"log_mass":4.8385811216},{"country_iso":"CHL","city_id":901,"log_pop":1.2631631428,"log_mass":4.0983890484},{"country_iso":"CHL","city_id":901,"log_pop":2.6089119565,"log_mass":5.4594412793},{"country_iso":"CHL","city_id":901,"log_pop":2.4491897459,"log_mass":4.8378470846},{"country_iso":"CHL","city_id":901,"log_pop":3.0708407176,"log_mass":5.6146307817},{"country_iso":"CHL","city_id":901,"log_pop":3.452934969,"log_mass":6.0650932957},{"country_iso":"CHL","city_id":901,"log_pop":3.268785918,"log_mass":6.1937482965},{"country_iso":"CHL","city_id":901,"log_pop":2.8448483813,"log_mass":5.5562161725},{"country_iso":"CHL","city_id":901,"log_pop":2.5464080125,"log_mass":5.2387734623},{"country_iso":"CHL","city_id":901,"log_pop":3.1891351562,"log_mass":5.6361329504},{"country_iso":"CHL","city_id":901,"log_pop":2.9349511439,"log_mass":5.529013886},{"country_iso":"CHL","city_id":901,"log_pop":2.9125676556,"log_mass":5.7630355756},{"country_iso":"CHL","city_id":901,"log_pop":2.5866403487,"log_mass":4.8568815354},{"country_iso":"CHL","city_id":901,"log_pop":2.6088840095,"log_mass":4.6977907128},{"country_iso":"CHL","city_id":901,"log_pop":2.4081560999,"log_mass":4.9672522171},{"country_iso":"CHL","city_id":901,"log_pop":2.5741997062,"log_mass":5.4404738401},{"country_iso":"CHL","city_id":901,"log_pop":2.5665298393,"log_mass":4.7519422289},{"country_iso":"CHL","city_id":901,"log_pop":2.8089371552,"log_mass":5.1682697808},{"country_iso":"CHL","city_id":901,"log_pop":3.1561580032,"log_mass":5.6031569173},{"country_iso":"CHL","city_id":901,"log_pop":3.3546815759,"log_mass":5.8517080265},{"country_iso":"CHL","city_id":901,"log_pop":3.2483781176,"log_mass":5.3874771634},{"country_iso":"CHL","city_id":901,"log_pop":3.2321870419,"log_mass":5.6417586997},{"country_iso":"CHL","city_id":901,"log_pop":0.258712452,"log_mass":3.769350656},{"country_iso":"CHL","city_id":901,"log_pop":3.815800461,"log_mass":6.1144458682},{"country_iso":"CHL","city_id":901,"log_pop":3.2496274635,"log_mass":5.4189478144},{"country_iso":"CHL","city_id":901,"log_pop":2.8994135492,"log_mass":5.1973062657},{"country_iso":"CHL","city_id":901,"log_pop":3.1639039011,"log_mass":5.9987379223},{"country_iso":"CHL","city_id":901,"log_pop":3.3830016804,"log_mass":5.9552855836},{"country_iso":"CHL","city_id":901,"log_pop":3.8966660773,"log_mass":6.1371621803},{"country_iso":"CHL","city_id":901,"log_pop":3.8197195576,"log_mass":5.9954981906},{"country_iso":"CHL","city_id":901,"log_pop":2.400768518,"log_mass":5.2555200377},{"country_iso":"CHL","city_id":901,"log_pop":3.4774987203,"log_mass":5.7012459283},{"country_iso":"CHL","city_id":901,"log_pop":2.3385212882,"log_mass":4.4958739444},{"country_iso":"CHL","city_id":901,"log_pop":3.1654018747,"log_mass":5.3983408696},{"country_iso":"CHL","city_id":901,"log_pop":3.0938211438,"log_mass":6.0371109054},{"country_iso":"CHL","city_id":901,"log_pop":3.6866997607,"log_mass":6.0213599686},{"country_iso":"CHL","city_id":901,"log_pop":3.0051211501,"log_mass":5.4940563216},{"country_iso":"CHL","city_id":901,"log_pop":1.5053052979,"log_mass":4.5053175651},{"country_iso":"CHL","city_id":901,"log_pop":2.3799569653,"log_mass":5.1710774211},{"country_iso":"CHL","city_id":901,"log_pop":3.5511840411,"log_mass":5.9392788914},{"country_iso":"CHL","city_id":901,"log_pop":3.0321522297,"log_mass":5.2560731223},{"country_iso":"CHL","city_id":901,"log_pop":2.4476167608,"log_mass":5.4842570221},{"country_iso":"CHL","city_id":901,"log_pop":2.9496500889,"log_mass":5.549390968},{"country_iso":"CHL","city_id":901,"log_pop":3.586910421,"log_mass":5.8583559141},{"country_iso":"CHL","city_id":901,"log_pop":3.3971669893,"log_mass":5.6283961007},{"country_iso":"CHL","city_id":901,"log_pop":2.4099123271,"log_mass":4.6728730752},{"country_iso":"CHL","city_id":901,"log_pop":1.309272335,"log_mass":3.8940682038},{"country_iso":"CHL","city_id":901,"log_pop":2.9074541837,"log_mass":5.0563009805},{"country_iso":"CHL","city_id":901,"log_pop":3.0514024551,"log_mass":5.1334731142},{"country_iso":"CHL","city_id":914,"log_pop":1.7563421278,"log_mass":4.8079040763},{"country_iso":"CHL","city_id":914,"log_pop":3.1436300137,"log_mass":5.6111105344},{"country_iso":"CHL","city_id":914,"log_pop":3.6267332123,"log_mass":5.8407330805},{"country_iso":"CHL","city_id":914,"log_pop":3.9592438252,"log_mass":6.246112037},{"country_iso":"CHL","city_id":914,"log_pop":2.1938431689,"log_mass":4.2695117241},{"country_iso":"CHL","city_id":914,"log_pop":1.6338581989,"log_mass":3.9825927677},{"country_iso":"CHL","city_id":914,"log_pop":3.8971712999,"log_mass":6.2042617634},{"country_iso":"CHL","city_id":914,"log_pop":3.4132957614,"log_mass":5.6786478558},{"country_iso":"CHL","city_id":914,"log_pop":3.1393082962,"log_mass":5.4501397439},{"country_iso":"CHL","city_id":914,"log_pop":4.0953305486,"log_mass":6.4920905272},{"country_iso":"CHL","city_id":914,"log_pop":3.9513594416,"log_mass":6.3617840377},{"country_iso":"CHL","city_id":914,"log_pop":3.8352265105,"log_mass":6.1605243287},{"country_iso":"CHL","city_id":914,"log_pop":4.1240082341,"log_mass":6.4698053203},{"country_iso":"CHL","city_id":914,"log_pop":3.7136829002,"log_mass":6.0878260806},{"country_iso":"CHL","city_id":914,"log_pop":3.9194079896,"log_mass":6.2936391067},{"country_iso":"CHL","city_id":914,"log_pop":3.6158978389,"log_mass":6.0337599025},{"country_iso":"CHL","city_id":914,"log_pop":4.3423885063,"log_mass":6.6855194467},{"country_iso":"CHL","city_id":914,"log_pop":3.8143715955,"log_mass":6.0826955949},{"country_iso":"CHL","city_id":914,"log_pop":3.7623281838,"log_mass":6.0466696546},{"country_iso":"CHL","city_id":914,"log_pop":3.769583266,"log_mass":6.1998762522},{"country_iso":"CHL","city_id":914,"log_pop":4.1097167044,"log_mass":6.2865446338},{"country_iso":"CHL","city_id":914,"log_pop":4.2206572766,"log_mass":6.5231234629},{"country_iso":"CHL","city_id":914,"log_pop":4.0816446105,"log_mass":6.2706720977},{"country_iso":"CHL","city_id":914,"log_pop":2.5960586541,"log_mass":5.0493047262},{"country_iso":"CHL","city_id":914,"log_pop":4.0021765045,"log_mass":6.3854696718},{"country_iso":"CHL","city_id":914,"log_pop":3.9986942498,"log_mass":6.3984963112},{"country_iso":"CHL","city_id":914,"log_pop":3.9221639362,"log_mass":6.2375407434},{"country_iso":"CHL","city_id":914,"log_pop":3.3762306292,"log_mass":6.0065249349},{"country_iso":"CHL","city_id":914,"log_pop":3.2340985421,"log_mass":5.8181782209},{"country_iso":"CHL","city_id":914,"log_pop":2.6964650252,"log_mass":5.2229189366},{"country_iso":"CHL","city_id":914,"log_pop":3.8891864062,"log_mass":6.2970059323},{"country_iso":"CHL","city_id":914,"log_pop":3.6539691569,"log_mass":6.011317923},{"country_iso":"CHL","city_id":914,"log_pop":3.7055252573,"log_mass":6.219688651},{"country_iso":"CHL","city_id":914,"log_pop":3.2413737727,"log_mass":5.6618412492},{"country_iso":"CHL","city_id":914,"log_pop":1.698670458,"log_mass":4.5976479053},{"country_iso":"CHL","city_id":914,"log_pop":1.8430347754,"log_mass":4.6927169591},{"country_iso":"CHL","city_id":914,"log_pop":3.1896175249,"log_mass":5.6172793101},{"country_iso":"CHL","city_id":914,"log_pop":3.6460789995,"log_mass":6.0455119417},{"country_iso":"CHL","city_id":914,"log_pop":1.9694122686,"log_mass":4.7753258838},{"country_iso":"CHL","city_id":914,"log_pop":2.8570632151,"log_mass":5.2592638735},{"country_iso":"CHL","city_id":914,"log_pop":3.7854960691,"log_mass":6.2316219726},{"country_iso":"CHL","city_id":914,"log_pop":0.7839967549,"log_mass":3.0202507521},{"country_iso":"CHL","city_id":914,"log_pop":3.3964118607,"log_mass":5.7749108353},{"country_iso":"CHL","city_id":914,"log_pop":3.6602861014,"log_mass":6.0200919556},{"country_iso":"CHL","city_id":914,"log_pop":1.829290843,"log_mass":5.2716800794},{"country_iso":"CHL","city_id":914,"log_pop":2.4223616541,"log_mass":4.9497106715},{"country_iso":"CHL","city_id":958,"log_pop":3.6841358786,"log_mass":6.0515093134},{"country_iso":"CHL","city_id":958,"log_pop":3.8769970362,"log_mass":6.2296290808},{"country_iso":"CHL","city_id":958,"log_pop":1.7164613885,"log_mass":4.0860020061},{"country_iso":"CHL","city_id":958,"log_pop":3.762780239,"log_mass":6.0962224559},{"country_iso":"CHL","city_id":958,"log_pop":4.0154769948,"log_mass":6.4482931796},{"country_iso":"CHL","city_id":958,"log_pop":3.1627578049,"log_mass":5.4906413685},{"country_iso":"CHL","city_id":958,"log_pop":3.5630492226,"log_mass":6.0298387921},{"country_iso":"CHL","city_id":958,"log_pop":4.2732275432,"log_mass":6.6747643914},{"country_iso":"CHL","city_id":958,"log_pop":4.0020253084,"log_mass":6.3760266573},{"country_iso":"CHL","city_id":958,"log_pop":4.0393919998,"log_mass":6.5328762178},{"country_iso":"CHL","city_id":958,"log_pop":4.0821448988,"log_mass":6.5063233332},{"country_iso":"CHL","city_id":958,"log_pop":3.8511663211,"log_mass":6.3895105694},{"country_iso":"CHL","city_id":958,"log_pop":4.192195006,"log_mass":6.5923895769},{"country_iso":"CHL","city_id":958,"log_pop":3.8818438349,"log_mass":6.3876706925},{"country_iso":"CHL","city_id":958,"log_pop":2.9723753974,"log_mass":5.4358104684},{"country_iso":"CHL","city_id":958,"log_pop":3.0167338483,"log_mass":5.6194819752},{"country_iso":"CHL","city_id":958,"log_pop":1.7068086466,"log_mass":5.0524653102},{"country_iso":"CHL","city_id":958,"log_pop":3.0206168063,"log_mass":5.2001289596},{"country_iso":"CHL","city_id":958,"log_pop":3.5950664673,"log_mass":6.0195474667},{"country_iso":"CHL","city_id":944,"log_pop":2.7688988939,"log_mass":5.1602659239},{"country_iso":"CHL","city_id":944,"log_pop":1.3915185448,"log_mass":3.9691927574},{"country_iso":"CHL","city_id":944,"log_pop":2.7037438003,"log_mass":5.3739972546},{"country_iso":"CHL","city_id":944,"log_pop":2.594949422,"log_mass":5.3788699416},{"country_iso":"CHL","city_id":944,"log_pop":0.9897778828,"log_mass":3.8531244421},{"country_iso":"CHL","city_id":944,"log_pop":2.6306189591,"log_mass":5.1887997592},{"country_iso":"CHL","city_id":944,"log_pop":3.7233661951,"log_mass":6.2826217418},{"country_iso":"CHL","city_id":944,"log_pop":3.4653566305,"log_mass":5.8235805151},{"country_iso":"CHL","city_id":944,"log_pop":3.1708454925,"log_mass":5.6107963621},{"country_iso":"CHL","city_id":944,"log_pop":4.1177246002,"log_mass":6.506387003},{"country_iso":"CHL","city_id":944,"log_pop":3.3792329296,"log_mass":5.752519441},{"country_iso":"CHL","city_id":944,"log_pop":3.8220005007,"log_mass":6.2960546523},{"country_iso":"CHL","city_id":944,"log_pop":3.1123466231,"log_mass":5.5885994906},{"country_iso":"CHL","city_id":944,"log_pop":3.8826278586,"log_mass":6.3104730234},{"country_iso":"CHL","city_id":944,"log_pop":3.2807425281,"log_mass":5.7444677193},{"country_iso":"CHL","city_id":944,"log_pop":4.0399336504,"log_mass":6.442738383},{"country_iso":"CHL","city_id":946,"log_pop":3.3519341388,"log_mass":5.6106104296},{"country_iso":"CHL","city_id":946,"log_pop":2.6255633462,"log_mass":4.8160384736},{"country_iso":"CHL","city_id":946,"log_pop":3.6010214071,"log_mass":5.8519426685},{"country_iso":"CHL","city_id":946,"log_pop":3.7744591769,"log_mass":6.1137866861},{"country_iso":"CHL","city_id":946,"log_pop":2.6335548065,"log_mass":5.6309856279},{"country_iso":"CHL","city_id":946,"log_pop":3.8111472617,"log_mass":6.228080637},{"country_iso":"CHL","city_id":946,"log_pop":3.5079918892,"log_mass":5.9104383616},{"country_iso":"CHL","city_id":946,"log_pop":1.9183403954,"log_mass":4.2080725851},{"country_iso":"CHL","city_id":946,"log_pop":3.8571719183,"log_mass":6.1852883652},{"country_iso":"CHL","city_id":946,"log_pop":3.8885866558,"log_mass":6.1212816125},{"country_iso":"CHL","city_id":946,"log_pop":3.6115264686,"log_mass":6.1327764699},{"country_iso":"CHL","city_id":946,"log_pop":2.598093926,"log_mass":5.1522300659},{"country_iso":"CHL","city_id":946,"log_pop":2.9652113968,"log_mass":5.1618920108},{"country_iso":"CHL","city_id":946,"log_pop":3.9057300906,"log_mass":6.265069424},{"country_iso":"CHL","city_id":946,"log_pop":2.5275982484,"log_mass":4.9024466061},{"country_iso":"CHL","city_id":946,"log_pop":3.28929536,"log_mass":5.7025641198},{"country_iso":"CHL","city_id":916,"log_pop":3.7896841899,"log_mass":6.3381325203},{"country_iso":"CHL","city_id":916,"log_pop":2.0972117997,"log_mass":4.4785355823},{"country_iso":"CHL","city_id":916,"log_pop":3.583776346,"log_mass":6.1952970883},{"country_iso":"CHL","city_id":916,"log_pop":3.6539463407,"log_mass":6.2808419683},{"country_iso":"CHL","city_id":916,"log_pop":3.383872691,"log_mass":5.8005656554},{"country_iso":"CHL","city_id":916,"log_pop":3.5549547428,"log_mass":6.0595226236},{"country_iso":"CHL","city_id":916,"log_pop":1.3952006771,"log_mass":4.1228950954},{"country_iso":"CHL","city_id":916,"log_pop":2.4623517783,"log_mass":5.1626717589},{"country_iso":"CHL","city_id":916,"log_pop":0.4955772849,"log_mass":3.1167233098},{"country_iso":"CHL","city_id":916,"log_pop":1.2149403024,"log_mass":3.8552885451},{"country_iso":"CHL","city_id":916,"log_pop":3.6096510291,"log_mass":6.1416753263},{"country_iso":"CHL","city_id":916,"log_pop":3.7015122408,"log_mass":6.395488323},{"country_iso":"CHL","city_id":916,"log_pop":2.0138892145,"log_mass":4.8558219358},{"country_iso":"CHL","city_id":916,"log_pop":3.3596740892,"log_mass":5.8741250631},{"country_iso":"CHL","city_id":916,"log_pop":2.1936518104,"log_mass":4.7690067742},{"country_iso":"CHL","city_id":916,"log_pop":2.6379690357,"log_mass":5.1559192532},{"country_iso":"CHL","city_id":936,"log_pop":4.1726931153,"log_mass":6.4640776505},{"country_iso":"CHL","city_id":936,"log_pop":3.6167059859,"log_mass":6.0125269315},{"country_iso":"CHL","city_id":936,"log_pop":4.1421787373,"log_mass":6.4323616981},{"country_iso":"CHL","city_id":936,"log_pop":3.088918829,"log_mass":5.595834042},{"country_iso":"CHL","city_id":936,"log_pop":4.0421443163,"log_mass":6.3039373084},{"country_iso":"CHL","city_id":936,"log_pop":3.3285311317,"log_mass":5.5739011116},{"country_iso":"CHL","city_id":936,"log_pop":4.1638689831,"log_mass":6.4298354236},{"country_iso":"CHL","city_id":936,"log_pop":3.1055600488,"log_mass":5.5604687668},{"country_iso":"CHL","city_id":936,"log_pop":3.4655732607,"log_mass":6.0655523445},{"country_iso":"CHL","city_id":936,"log_pop":4.0388758175,"log_mass":6.3528910455},{"country_iso":"CHL","city_id":936,"log_pop":2.2871956365,"log_mass":5.212430241},{"country_iso":"CHL","city_id":936,"log_pop":3.3143925036,"log_mass":5.5403428774},{"country_iso":"CHL","city_id":936,"log_pop":2.0875359454,"log_mass":4.1932123805},{"country_iso":"CHL","city_id":936,"log_pop":3.8969985729,"log_mass":6.1529979523},{"country_iso":"CHL","city_id":936,"log_pop":2.8025030154,"log_mass":5.116764243},{"country_iso":"CHL","city_id":961,"log_pop":0.0021483996,"log_mass":3.6507686329},{"country_iso":"CHL","city_id":961,"log_pop":2.859992605,"log_mass":5.2723926776},{"country_iso":"CHL","city_id":961,"log_pop":2.9834871577,"log_mass":5.1953590437},{"country_iso":"CHL","city_id":961,"log_pop":2.7744855721,"log_mass":5.2140656266},{"country_iso":"CHL","city_id":961,"log_pop":3.4196912589,"log_mass":5.9358239628},{"country_iso":"CHL","city_id":961,"log_pop":2.8102825431,"log_mass":5.4113754419},{"country_iso":"CHL","city_id":961,"log_pop":2.7016842974,"log_mass":5.1855401345},{"country_iso":"CHL","city_id":961,"log_pop":3.8299214995,"log_mass":6.2656225097},{"country_iso":"CHL","city_id":961,"log_pop":2.9514111768,"log_mass":5.3364982953},{"country_iso":"CHL","city_id":961,"log_pop":4.0704701132,"log_mass":6.4685250273},{"country_iso":"CHL","city_id":961,"log_pop":3.8234998006,"log_mass":6.3323021675},{"country_iso":"CHL","city_id":961,"log_pop":2.8197908637,"log_mass":5.2114687211},{"country_iso":"CHL","city_id":961,"log_pop":3.1769175792,"log_mass":5.5500079084},{"country_iso":"CHL","city_id":961,"log_pop":3.6089668103,"log_mass":6.0413195133},{"country_iso":"CHL","city_id":968,"log_pop":3.1084755555,"log_mass":5.6674008412},{"country_iso":"CHL","city_id":968,"log_pop":3.5744076309,"log_mass":6.2000946639},{"country_iso":"CHL","city_id":968,"log_pop":3.5964358123,"log_mass":6.0361566232},{"country_iso":"CHL","city_id":968,"log_pop":3.1882605908,"log_mass":5.6929166605},{"country_iso":"CHL","city_id":968,"log_pop":1.7012519249,"log_mass":4.1524859663},{"country_iso":"CHL","city_id":968,"log_pop":3.4073473941,"log_mass":5.9481487631},{"country_iso":"CHL","city_id":968,"log_pop":3.8203623825,"log_mass":6.2531322548},{"country_iso":"CHL","city_id":968,"log_pop":3.632141412,"log_mass":6.1109953921},{"country_iso":"CHL","city_id":968,"log_pop":3.6277964912,"log_mass":6.2855933097},{"country_iso":"CHL","city_id":968,"log_pop":1.7529000731,"log_mass":4.7894322802},{"country_iso":"CHL","city_id":968,"log_pop":3.0683848613,"log_mass":5.7547424664},{"country_iso":"CHL","city_id":968,"log_pop":1.9439434348,"log_mass":4.4302908906},{"country_iso":"CHL","city_id":968,"log_pop":3.1377647712,"log_mass":5.5750453824},{"country_iso":"CHL","city_id":822,"log_pop":3.1614225426,"log_mass":5.1777681783},{"country_iso":"CHL","city_id":822,"log_pop":2.7763830462,"log_mass":4.8606404059},{"country_iso":"CHL","city_id":822,"log_pop":3.2128427183,"log_mass":5.6827109461},{"country_iso":"CHL","city_id":822,"log_pop":3.8769680907,"log_mass":6.2059055259},{"country_iso":"CHL","city_id":822,"log_pop":0.2322592717,"log_mass":2.9991151738},{"country_iso":"CHL","city_id":822,"log_pop":1.6656356909,"log_mass":4.0537934317},{"country_iso":"CHL","city_id":822,"log_pop":2.4236470518,"log_mass":4.4779113497},{"country_iso":"CHL","city_id":822,"log_pop":3.8107429555,"log_mass":5.668099507},{"country_iso":"CHL","city_id":822,"log_pop":2.4095276089,"log_mass":4.7313354865},{"country_iso":"CHL","city_id":822,"log_pop":3.6345914041,"log_mass":5.9150036146},{"country_iso":"CHL","city_id":822,"log_pop":3.5420928058,"log_mass":5.5245165279},{"country_iso":"CHL","city_id":822,"log_pop":1.8072870119,"log_mass":3.888152351},{"country_iso":"CHL","city_id":822,"log_pop":2.5332946451,"log_mass":4.5131048473},{"country_iso":"CHL","city_id":952,"log_pop":3.2693591616,"log_mass":5.9319041334},{"country_iso":"CHL","city_id":952,"log_pop":3.9408217388,"log_mass":6.4947617334},{"country_iso":"CHL","city_id":952,"log_pop":3.2450200741,"log_mass":5.6565243629},{"country_iso":"CHL","city_id":952,"log_pop":3.3188913586,"log_mass":5.9661646503},{"country_iso":"CHL","city_id":952,"log_pop":3.9218842377,"log_mass":6.5003465632},{"country_iso":"CHL","city_id":952,"log_pop":2.480273491,"log_mass":5.0052430135},{"country_iso":"CHL","city_id":952,"log_pop":2.3563138255,"log_mass":5.1764358877},{"country_iso":"CHL","city_id":952,"log_pop":3.046814428,"log_mass":5.6018144303},{"country_iso":"CHL","city_id":952,"log_pop":3.9791273788,"log_mass":6.5604555983},{"country_iso":"CHL","city_id":952,"log_pop":0.5576327278,"log_mass":3.7086818402},{"country_iso":"CHL","city_id":952,"log_pop":2.9502672081,"log_mass":5.5921173913},{"country_iso":"CHL","city_id":882,"log_pop":3.0811841578,"log_mass":5.5729631019},{"country_iso":"CHL","city_id":882,"log_pop":3.4251735993,"log_mass":5.9201060849},{"country_iso":"CHL","city_id":882,"log_pop":3.5138574522,"log_mass":6.0874455128},{"country_iso":"CHL","city_id":882,"log_pop":3.9312944171,"log_mass":6.3457567692},{"country_iso":"CHL","city_id":882,"log_pop":3.8925252438,"log_mass":6.3051181839},{"country_iso":"CHL","city_id":882,"log_pop":2.5005406748,"log_mass":4.8025098571},{"country_iso":"CHL","city_id":882,"log_pop":3.4713013959,"log_mass":6.0414513308},{"country_iso":"CHL","city_id":882,"log_pop":2.5125127389,"log_mass":4.784555771},{"country_iso":"CHL","city_id":882,"log_pop":2.9745950258,"log_mass":5.5695173732},{"country_iso":"CHL","city_id":882,"log_pop":3.6070498204,"log_mass":6.1303223389},{"country_iso":"CHL","city_id":882,"log_pop":2.4952271217,"log_mass":5.0786911218},{"country_iso":"CHL","city_id":984,"log_pop":2.9439517264,"log_mass":5.3423615226},{"country_iso":"CHL","city_id":984,"log_pop":3.6443477267,"log_mass":6.1012220578},{"country_iso":"CHL","city_id":984,"log_pop":3.2157442562,"log_mass":5.8771191655},{"country_iso":"CHL","city_id":984,"log_pop":3.4618204771,"log_mass":6.0579308306},{"country_iso":"CHL","city_id":984,"log_pop":3.9336006192,"log_mass":6.4639688401},{"country_iso":"CHL","city_id":984,"log_pop":3.737237899,"log_mass":6.1816715966},{"country_iso":"CHL","city_id":984,"log_pop":3.9424790862,"log_mass":6.4224708842},{"country_iso":"CHL","city_id":984,"log_pop":2.357303745,"log_mass":5.2703924988},{"country_iso":"CHL","city_id":984,"log_pop":3.5346232279,"log_mass":6.0389876162},{"country_iso":"CHL","city_id":984,"log_pop":2.8565009687,"log_mass":5.2297035473},{"country_iso":"CHL","city_id":844,"log_pop":3.4674699702,"log_mass":6.1859894569},{"country_iso":"CHL","city_id":844,"log_pop":3.0109041529,"log_mass":5.3531849823},{"country_iso":"CHL","city_id":844,"log_pop":3.5380058005,"log_mass":6.3495565921},{"country_iso":"CHL","city_id":844,"log_pop":3.0567753432,"log_mass":5.3478173483},{"country_iso":"CHL","city_id":844,"log_pop":1.0860390677,"log_mass":3.564601551},{"country_iso":"CHL","city_id":844,"log_pop":1.8023305191,"log_mass":4.4840548745},{"country_iso":"CHL","city_id":844,"log_pop":3.385923637,"log_mass":5.875083144},{"country_iso":"CHL","city_id":844,"log_pop":2.8031409072,"log_mass":5.5823172935},{"country_iso":"CHL","city_id":844,"log_pop":1.6103407524,"log_mass":4.7389455071},{"country_iso":"CHL","city_id":844,"log_pop":3.0898997787,"log_mass":5.7363696961},{"country_iso":"CHL","city_id":941,"log_pop":3.5973783536,"log_mass":6.0721830125},{"country_iso":"CHL","city_id":941,"log_pop":4.040293759,"log_mass":6.4516471121},{"country_iso":"CHL","city_id":941,"log_pop":3.2322902264,"log_mass":5.8083664116},{"country_iso":"CHL","city_id":941,"log_pop":3.6870918876,"log_mass":6.1533069768},{"country_iso":"CHL","city_id":941,"log_pop":3.1122392201,"log_mass":5.7065021407},{"country_iso":"CHL","city_id":941,"log_pop":3.4833412631,"log_mass":5.9985696616},{"country_iso":"CHL","city_id":941,"log_pop":2.9114996193,"log_mass":5.4067487859},{"country_iso":"CHL","city_id":941,"log_pop":3.6584221991,"log_mass":6.1838862234},{"country_iso":"CHL","city_id":941,"log_pop":2.0183208174,"log_mass":4.8199456037},{"country_iso":"CHL","city_id":941,"log_pop":0.5991833776,"log_mass":4.4616147324},{"country_iso":"CHL","city_id":948,"log_pop":3.1729462721,"log_mass":5.6657567284},{"country_iso":"CHL","city_id":948,"log_pop":3.8703586931,"log_mass":6.3033383276},{"country_iso":"CHL","city_id":948,"log_pop":2.9691135217,"log_mass":5.4177286929},{"country_iso":"CHL","city_id":948,"log_pop":2.4812887716,"log_mass":5.1575746636},{"country_iso":"CHL","city_id":948,"log_pop":1.7723028974,"log_mass":4.7594168625},{"country_iso":"CHL","city_id":948,"log_pop":2.6524154032,"log_mass":5.1231726535},{"country_iso":"CHL","city_id":948,"log_pop":3.2937600487,"log_mass":5.730023464},{"country_iso":"CHL","city_id":948,"log_pop":3.712114769,"log_mass":6.112411767},{"country_iso":"CHL","city_id":948,"log_pop":2.6701107293,"log_mass":5.2880844733},{"country_iso":"CHL","city_id":906,"log_pop":3.2088486251,"log_mass":5.8384383522},{"country_iso":"CHL","city_id":906,"log_pop":2.8052808495,"log_mass":5.3352945475},{"country_iso":"CHL","city_id":906,"log_pop":2.8355201978,"log_mass":5.6486364074},{"country_iso":"CHL","city_id":906,"log_pop":2.6349730779,"log_mass":4.8804616217},{"country_iso":"CHL","city_id":906,"log_pop":1.0483707552,"log_mass":3.946623731},{"country_iso":"CHL","city_id":906,"log_pop":2.1444910413,"log_mass":5.0208552681},{"country_iso":"CHL","city_id":906,"log_pop":2.8342080241,"log_mass":5.0675962715},{"country_iso":"CHL","city_id":906,"log_pop":0.8078694705,"log_mass":3.9326733807},{"country_iso":"CHL","city_id":906,"log_pop":3.0823719147,"log_mass":5.3296906949},{"country_iso":"CHL","city_id":804,"log_pop":1.8135488997,"log_mass":4.1893826049},{"country_iso":"CHL","city_id":804,"log_pop":3.4498401251,"log_mass":5.9657028147},{"country_iso":"CHL","city_id":804,"log_pop":3.5299355072,"log_mass":5.9676678409},{"country_iso":"CHL","city_id":804,"log_pop":3.9623372882,"log_mass":6.4255785287},{"country_iso":"CHL","city_id":804,"log_pop":3.6248444345,"log_mass":5.9999737699},{"country_iso":"CHL","city_id":804,"log_pop":3.2485231547,"log_mass":5.7130226753},{"country_iso":"CHL","city_id":804,"log_pop":3.4900397065,"log_mass":5.8947909703},{"country_iso":"CHL","city_id":804,"log_pop":3.9811689856,"log_mass":6.4278971667},{"country_iso":"CHL","city_id":804,"log_pop":2.6238765079,"log_mass":4.9894543436},{"country_iso":"CHL","city_id":932,"log_pop":1.5050126457,"log_mass":4.1436831473},{"country_iso":"CHL","city_id":932,"log_pop":1.974292399,"log_mass":4.9820317837},{"country_iso":"CHL","city_id":932,"log_pop":3.0479613299,"log_mass":5.2919276199},{"country_iso":"CHL","city_id":932,"log_pop":3.5870630772,"log_mass":6.0247831086},{"country_iso":"CHL","city_id":932,"log_pop":3.7902586602,"log_mass":6.0533434866},{"country_iso":"CHL","city_id":932,"log_pop":2.9554522537,"log_mass":5.3192685307},{"country_iso":"CHL","city_id":932,"log_pop":2.6860443576,"log_mass":5.2889723967},{"country_iso":"CHL","city_id":932,"log_pop":2.5187720296,"log_mass":5.3302919324},{"country_iso":"CHL","city_id":932,"log_pop":0.1524130829,"log_mass":3.9304599967},{"country_iso":"CHL","city_id":908,"log_pop":2.3278998538,"log_mass":5.0370346754},{"country_iso":"CHL","city_id":908,"log_pop":0.981207265,"log_mass":4.1709406296},{"country_iso":"CHL","city_id":908,"log_pop":2.8791132282,"log_mass":5.1268024702},{"country_iso":"CHL","city_id":908,"log_pop":0.8829021593,"log_mass":4.0061270698},{"country_iso":"CHL","city_id":908,"log_pop":3.5519281489,"log_mass":6.0694329613},{"country_iso":"CHL","city_id":908,"log_pop":2.5931826143,"log_mass":4.8735907519},{"country_iso":"CHL","city_id":908,"log_pop":2.728666991,"log_mass":5.0062178528},{"country_iso":"CHL","city_id":908,"log_pop":3.1087822414,"log_mass":5.6146680618},{"country_iso":"CHL","city_id":908,"log_pop":1.8299508236,"log_mass":4.3940847552},{"country_iso":"CHL","city_id":909,"log_pop":3.1058148586,"log_mass":5.6020834603},{"country_iso":"CHL","city_id":909,"log_pop":3.5446785653,"log_mass":6.047873847},{"country_iso":"CHL","city_id":909,"log_pop":2.3068749255,"log_mass":4.4803637909},{"country_iso":"CHL","city_id":909,"log_pop":2.6105269903,"log_mass":5.025166445},{"country_iso":"CHL","city_id":909,"log_pop":2.6060918053,"log_mass":5.1075454226},{"country_iso":"CHL","city_id":909,"log_pop":2.5536474746,"log_mass":5.3278307567},{"country_iso":"CHL","city_id":909,"log_pop":2.1103850309,"log_mass":4.7125401838},{"country_iso":"CHL","city_id":909,"log_pop":2.878300218,"log_mass":5.2316970809},{"country_iso":"CHL","city_id":943,"log_pop":2.4428188798,"log_mass":5.0258418971},{"country_iso":"CHL","city_id":943,"log_pop":2.7092015494,"log_mass":5.1833374889},{"country_iso":"CHL","city_id":943,"log_pop":1.6190448927,"log_mass":4.0700396428},{"country_iso":"CHL","city_id":943,"log_pop":3.0068330197,"log_mass":5.4704695468},{"country_iso":"CHL","city_id":943,"log_pop":1.9709233615,"log_mass":5.1576299552},{"country_iso":"CHL","city_id":943,"log_pop":3.4134421368,"log_mass":5.9798469306},{"country_iso":"CHL","city_id":943,"log_pop":3.4258602386,"log_mass":6.0251362657},{"country_iso":"CHL","city_id":943,"log_pop":1.8123810495,"log_mass":4.3302371502},{"country_iso":"CHL","city_id":922,"log_pop":3.5327389812,"log_mass":5.7332773339},{"country_iso":"CHL","city_id":922,"log_pop":4.2080815171,"log_mass":6.3030431609},{"country_iso":"CHL","city_id":922,"log_pop":4.1017524834,"log_mass":6.2225557164},{"country_iso":"CHL","city_id":922,"log_pop":1.9544084007,"log_mass":3.9103871967},{"country_iso":"CHL","city_id":922,"log_pop":3.6032132778,"log_mass":5.5698856948},{"country_iso":"CHL","city_id":922,"log_pop":1.0126684436,"log_mass":3.5072019981},{"country_iso":"CHL","city_id":922,"log_pop":3.9434183081,"log_mass":6.0658698048},{"country_iso":"CHL","city_id":922,"log_pop":4.0634260053,"log_mass":6.1440136409},{"country_iso":"CHL","city_id":876,"log_pop":0.6870702102,"log_mass":5.1116340688},{"country_iso":"CHL","city_id":876,"log_pop":3.3378514907,"log_mass":5.9032456892},{"country_iso":"CHL","city_id":876,"log_pop":2.3247730068,"log_mass":4.9600864123},{"country_iso":"CHL","city_id":876,"log_pop":3.08853471,"log_mass":5.919546237},{"country_iso":"CHL","city_id":876,"log_pop":1.8850491105,"log_mass":4.3981856744},{"country_iso":"CHL","city_id":876,"log_pop":3.3864888277,"log_mass":6.0963309504},{"country_iso":"CHL","city_id":876,"log_pop":2.3156760966,"log_mass":5.4537445548},{"country_iso":"CHL","city_id":876,"log_pop":3.053596283,"log_mass":5.9639087765},{"country_iso":"CHL","city_id":930,"log_pop":2.7449645456,"log_mass":5.1924932479},{"country_iso":"CHL","city_id":930,"log_pop":3.2330728299,"log_mass":5.7470701869},{"country_iso":"CHL","city_id":930,"log_pop":1.9405097217,"log_mass":4.6401061716},{"country_iso":"CHL","city_id":930,"log_pop":3.2762445233,"log_mass":5.7386537414},{"country_iso":"CHL","city_id":930,"log_pop":1.1209134118,"log_mass":4.1566055125},{"country_iso":"CHL","city_id":930,"log_pop":2.9847373664,"log_mass":5.5836145055},{"country_iso":"CHL","city_id":930,"log_pop":2.8127828634,"log_mass":5.3122555753},{"country_iso":"CHL","city_id":930,"log_pop":0.5715788722,"log_mass":3.6689284577},{"country_iso":"CHL","city_id":923,"log_pop":3.414914495,"log_mass":5.9643508378},{"country_iso":"CHL","city_id":923,"log_pop":2.1493888014,"log_mass":4.6034016566},{"country_iso":"CHL","city_id":923,"log_pop":3.1518111218,"log_mass":5.6985609382},{"country_iso":"CHL","city_id":923,"log_pop":1.0832386048,"log_mass":3.9792808857},{"country_iso":"CHL","city_id":923,"log_pop":2.5522299122,"log_mass":5.1364924095},{"country_iso":"CHL","city_id":923,"log_pop":3.0280297307,"log_mass":5.7790716755},{"country_iso":"CHL","city_id":928,"log_pop":2.1445327916,"log_mass":4.5589957445},{"country_iso":"CHL","city_id":928,"log_pop":2.7760963598,"log_mass":5.029748032},{"country_iso":"CHL","city_id":928,"log_pop":2.1391674357,"log_mass":5.1865840905},{"country_iso":"CHL","city_id":928,"log_pop":3.0551398682,"log_mass":5.5443884487},{"country_iso":"CHL","city_id":928,"log_pop":3.0505506573,"log_mass":5.7894777704},{"country_iso":"CHL","city_id":928,"log_pop":1.592759895,"log_mass":4.5758380566},{"country_iso":"CHL","city_id":925,"log_pop":3.1476424625,"log_mass":5.6185928435},{"country_iso":"CHL","city_id":925,"log_pop":3.2476269931,"log_mass":5.9390148794},{"country_iso":"CHL","city_id":925,"log_pop":2.6923345413,"log_mass":5.075142182},{"country_iso":"CHL","city_id":925,"log_pop":3.6131234364,"log_mass":5.9359710553},{"country_iso":"CHL","city_id":925,"log_pop":3.1448113031,"log_mass":5.3223123286},{"country_iso":"CHL","city_id":891,"log_pop":1.0069224216,"log_mass":5.3950637646},{"country_iso":"CHL","city_id":891,"log_pop":1.6418595875,"log_mass":4.7530324433}]