[{"country_iso":"BIH","city_id":3196,"log_pop":2.2249994834,"log_mass":4.8052300393},{"country_iso":"BIH","city_id":3196,"log_pop":3.9184839222,"log_mass":6.1892581355},{"country_iso":"BIH","city_id":3196,"log_pop":2.743770594,"log_mass":5.5324372554},{"country_iso":"BIH","city_id":3196,"log_pop":3.404258424,"log_mass":6.0990509896},{"country_iso":"BIH","city_id":3196,"log_pop":3.3976509465,"log_mass":5.7494266314},{"country_iso":"BIH","city_id":3196,"log_pop":1.4043915611,"log_mass":4.4032539282},{"country_iso":"BIH","city_id":3196,"log_pop":2.636736437,"log_mass":4.8640303368},{"country_iso":"BIH","city_id":3196,"log_pop":4.3108700563,"log_mass":6.7723770663},{"country_iso":"BIH","city_id":3196,"log_pop":3.5997695407,"log_mass":6.1790422054},{"country_iso":"BIH","city_id":3196,"log_pop":3.6909606462,"log_mass":5.8113318872},{"country_iso":"BIH","city_id":3196,"log_pop":4.2558688199,"log_mass":6.6905602966},{"country_iso":"BIH","city_id":3196,"log_pop":4.2036328992,"log_mass":6.7225935053},{"country_iso":"BIH","city_id":3196,"log_pop":3.8959153266,"log_mass":6.493984974},{"country_iso":"BIH","city_id":3196,"log_pop":2.845140881,"log_mass":5.8480994431},{"country_iso":"BIH","city_id":3196,"log_pop":3.5560551063,"log_mass":5.9234733101},{"country_iso":"BIH","city_id":3196,"log_pop":4.0741504603,"log_mass":6.0949502309},{"country_iso":"BIH","city_id":3196,"log_pop":4.1314533971,"log_mass":6.6298494173},{"country_iso":"BIH","city_id":3196,"log_pop":3.7874301564,"log_mass":6.5234447718},{"country_iso":"BIH","city_id":3196,"log_pop":3.1847622423,"log_mass":6.0168994916},{"country_iso":"BIH","city_id":3196,"log_pop":2.7295377265,"log_mass":5.6630100216},{"country_iso":"BIH","city_id":3196,"log_pop":2.9702371267,"log_mass":5.4877762527},{"country_iso":"BIH","city_id":3196,"log_pop":2.9419425461,"log_mass":5.6594479424},{"country_iso":"BIH","city_id":3196,"log_pop":1.6486556223,"log_mass":4.302747128},{"country_iso":"BIH","city_id":3196,"log_pop":2.987577039,"log_mass":5.823248662},{"country_iso":"BIH","city_id":3196,"log_pop":3.2025705437,"log_mass":6.0607932024},{"country_iso":"BIH","city_id":3196,"log_pop":2.6802500448,"log_mass":5.5652932935},{"country_iso":"BIH","city_id":3196,"log_pop":3.1505402039,"log_mass":5.868519796},{"country_iso":"BIH","city_id":3196,"log_pop":3.6178557186,"log_mass":6.4449092041},{"country_iso":"BIH","city_id":3196,"log_pop":2.7888938934,"log_mass":5.8410853733},{"country_iso":"BIH","city_id":3121,"log_pop":2.6547676472,"log_mass":5.4220179437},{"country_iso":"BIH","city_id":3121,"log_pop":3.6028728951,"log_mass":6.4027085203},{"country_iso":"BIH","city_id":3121,"log_pop":3.2533349777,"log_mass":6.0030941932},{"country_iso":"BIH","city_id":3121,"log_pop":3.7616099266,"log_mass":6.6179595116},{"country_iso":"BIH","city_id":3121,"log_pop":1.5056641109,"log_mass":4.2330446526},{"country_iso":"BIH","city_id":3121,"log_pop":3.3466150757,"log_mass":6.0758178808},{"country_iso":"BIH","city_id":3121,"log_pop":2.9795255169,"log_mass":5.7268007378},{"country_iso":"BIH","city_id":3121,"log_pop":1.5455715495,"log_mass":4.3849491503},{"country_iso":"BIH","city_id":3121,"log_pop":3.0651657049,"log_mass":5.9197205514},{"country_iso":"BIH","city_id":3121,"log_pop":1.5438271939,"log_mass":4.3372304525},{"country_iso":"BIH","city_id":3121,"log_pop":2.7233506681,"log_mass":5.4576340644},{"country_iso":"BIH","city_id":3121,"log_pop":1.6055643304,"log_mass":4.5619418947},{"country_iso":"BIH","city_id":3121,"log_pop":3.7533987177,"log_mass":6.6753987147},{"country_iso":"BIH","city_id":3121,"log_pop":3.6607359247,"log_mass":6.4990652834},{"country_iso":"BIH","city_id":3121,"log_pop":2.4709101409,"log_mass":5.227149751},{"country_iso":"BIH","city_id":3121,"log_pop":1.1728441212,"log_mass":3.8785536663},{"country_iso":"BIH","city_id":3121,"log_pop":3.0222781019,"log_mass":5.8405473901},{"country_iso":"BIH","city_id":3121,"log_pop":3.092109001,"log_mass":5.8112856215},{"country_iso":"BIH","city_id":3206,"log_pop":3.1563289321,"log_mass":6.2052844615},{"country_iso":"BIH","city_id":3206,"log_pop":3.0892525926,"log_mass":6.024005536},{"country_iso":"BIH","city_id":3206,"log_pop":3.3439342524,"log_mass":6.1545071325},{"country_iso":"BIH","city_id":3206,"log_pop":-0.6264019197,"log_mass":2.2181565807},{"country_iso":"BIH","city_id":3206,"log_pop":2.2286135496,"log_mass":5.1311856057},{"country_iso":"BIH","city_id":3206,"log_pop":3.3665379465,"log_mass":6.3158561512},{"country_iso":"BIH","city_id":3206,"log_pop":2.6876783107,"log_mass":5.4471375892},{"country_iso":"BIH","city_id":3206,"log_pop":3.22587219,"log_mass":6.1069223342},{"country_iso":"BIH","city_id":3206,"log_pop":2.0569835327,"log_mass":4.8346078666},{"country_iso":"BIH","city_id":3206,"log_pop":3.1461797998,"log_mass":6.1449427371},{"country_iso":"BIH","city_id":3206,"log_pop":0.8838160822,"log_mass":4.1936632845},{"country_iso":"BIH","city_id":3206,"log_pop":2.1215247825,"log_mass":4.9112098143},{"country_iso":"BIH","city_id":3170,"log_pop":1.9492013691,"log_mass":4.8408651227},{"country_iso":"BIH","city_id":3170,"log_pop":2.7193899107,"log_mass":5.5010048863},{"country_iso":"BIH","city_id":3170,"log_pop":1.2497498225,"log_mass":4.0765580342},{"country_iso":"BIH","city_id":3170,"log_pop":-0.0645597535,"log_mass":3.0354514034},{"country_iso":"BIH","city_id":3170,"log_pop":3.2531224006,"log_mass":5.9704648326},{"country_iso":"BIH","city_id":3170,"log_pop":2.392127963,"log_mass":5.1920831736},{"country_iso":"BIH","city_id":3170,"log_pop":3.4050837663,"log_mass":6.1744766995},{"country_iso":"BIH","city_id":3170,"log_pop":3.2780217381,"log_mass":6.1625074389},{"country_iso":"BIH","city_id":3170,"log_pop":2.8909213854,"log_mass":5.993274507},{"country_iso":"BIH","city_id":3170,"log_pop":3.4292408768,"log_mass":6.3940028762},{"country_iso":"BIH","city_id":3170,"log_pop":3.5375162938,"log_mass":6.4214216327},{"country_iso":"BIH","city_id":3170,"log_pop":1.8995484795,"log_mass":5.0133290469},{"country_iso":"BIH","city_id":3174,"log_pop":2.988351134,"log_mass":6.0724031913},{"country_iso":"BIH","city_id":3174,"log_pop":2.8053189168,"log_mass":5.73634343},{"country_iso":"BIH","city_id":3174,"log_pop":3.1608054461,"log_mass":6.2276933894},{"country_iso":"BIH","city_id":3174,"log_pop":2.800157015,"log_mass":5.8351994431},{"country_iso":"BIH","city_id":3174,"log_pop":2.0822822235,"log_mass":5.0804094623},{"country_iso":"BIH","city_id":3174,"log_pop":3.1991468314,"log_mass":6.2945578865},{"country_iso":"BIH","city_id":3174,"log_pop":3.0131091981,"log_mass":6.0958801984},{"country_iso":"BIH","city_id":3174,"log_pop":1.5885033161,"log_mass":4.7286464383},{"country_iso":"BIH","city_id":3174,"log_pop":2.009671788,"log_mass":5.1229785906},{"country_iso":"BIH","city_id":3174,"log_pop":3.4457751188,"log_mass":6.5815850608}]