[{"country_iso": "VEN", "city_id": 833, "log_pop": 2.943835, "log_mass": 5.30532}, {"country_iso": "VEN", "city_id": 951, "log_pop": 1.158946, "log_mass": 3.580686}, {"country_iso": "VEN", "city_id": 697, "log_pop": 2.738127, "log_mass": 5.243384}, {"country_iso": "VEN", "city_id": 697, "log_pop": 2.204229, "log_mass": 4.676833}, {"country_iso": "VEN", "city_id": 719, "log_pop": 4.519379, "log_mass": 6.593219}, {"country_iso": "VEN", "city_id": 719, "log_pop": 3.934598, "log_mass": 6.358692}, {"country_iso": "VEN", "city_id": 833, "log_pop": 4.215784, "log_mass": 6.336775}, {"country_iso": "VEN", "city_id": 857, "log_pop": 4.079071, "log_mass": 5.990395}, {"country_iso": "VEN", "city_id": 854, "log_pop": 3.30562, "log_mass": 5.557438}, {"country_iso": "VEN", "city_id": 934, "log_pop": 2.46321, "log_mass": 4.877193}, {"country_iso": "VEN", "city_id": 726, "log_pop": 2.529039, "log_mass": 4.843529}, {"country_iso": "VEN", "city_id": 719, "log_pop": 2.152134, "log_mass": 4.378344}, {"country_iso": "VEN", "city_id": 924, "log_pop": 3.729244, "log_mass": 6.087008}, {"country_iso": "VEN", "city_id": 821, "log_pop": 4.230903, "log_mass": 6.540876}, {"country_iso": "VEN", "city_id": 924, "log_pop": 4.162522, "log_mass": 6.415938}, {"country_iso": "VEN", "city_id": 904, "log_pop": 3.626737, "log_mass": 6.144992}, {"country_iso": "VEN", "city_id": 857, "log_pop": 2.333158, "log_mass": 4.703095}, {"country_iso": "VEN", "city_id": 821, "log_pop": 3.057308, "log_mass": 5.253363}, {"country_iso": "VEN", "city_id": 824, "log_pop": 3.822548, "log_mass": 6.176601}, {"country_iso": "VEN", "city_id": 821, "log_pop": 2.989778, "log_mass": 5.172308}, {"country_iso": "VEN", "city_id": 821, "log_pop": 3.312883, "log_mass": 5.463063}, {"country_iso": "VEN", "city_id": 821, "log_pop": 3.651809, "log_mass": 5.824424}, {"country_iso": "VEN", "city_id": 767, "log_pop": 3.225851, "log_mass": 5.777722}, {"country_iso": "VEN", "city_id": 869, "log_pop": 3.814955, "log_mass": 6.070489}, {"country_iso": "VEN", "city_id": 935, "log_pop": 3.479197, "log_mass": 5.799241}, {"country_iso": "VEN", "city_id": 719, "log_pop": 4.429822, "log_mass": 6.570142}, {"country_iso": "VEN", "city_id": 719, "log_pop": 4.439919, "log_mass": 6.463046}, {"country_iso": "VEN", "city_id": 821, "log_pop": 4.110601, "log_mass": 6.336337}, {"country_iso": "VEN", "city_id": 719, "log_pop": 4.295098, "log_mass": 6.321318}, {"country_iso": "VEN", "city_id": 783, "log_pop": 3.949943, "log_mass": 6.414926}, {"country_iso": "VEN", "city_id": 857, "log_pop": 3.513058, "log_mass": 5.522378}, {"country_iso": "VEN", "city_id": 783, "log_pop": 4.076893, "log_mass": 6.338428}, {"country_iso": "VEN", "city_id": 821, "log_pop": 0.359848, "log_mass": 4.005417}, {"country_iso": "VEN", "city_id": 857, "log_pop": 2.748879, "log_mass": 4.764025}, {"country_iso": "VEN", "city_id": 904, "log_pop": 2.762479, "log_mass": 5.122112}, {"country_iso": "VEN", "city_id": 821, "log_pop": 3.331767, "log_mass": 5.697411}, {"country_iso": "VEN", "city_id": 833, "log_pop": 2.354977, "log_mass": 4.154503}, {"country_iso": "VEN", "city_id": 857, "log_pop": 3.209795, "log_mass": 5.818035}, {"country_iso": "VEN", "city_id": 767, "log_pop": 3.339013, "log_mass": 5.692403}, {"country_iso": "VEN", "city_id": 857, "log_pop": 3.919443, "log_mass": 5.911502}, {"country_iso": "VEN", "city_id": 833, "log_pop": 4.016396, "log_mass": 6.205151}, {"country_iso": "VEN", "city_id": 821, "log_pop": 4.235897, "log_mass": 6.471115}, {"country_iso": "VEN", "city_id": 833, "log_pop": 1.497136, "log_mass": 3.966741}, {"country_iso": "VEN", "city_id": 767, "log_pop": 3.705636, "log_mass": 6.245634}, {"country_iso": "VEN", "city_id": 782, "log_pop": 3.185483, "log_mass": 5.450489}, {"country_iso": "VEN", "city_id": 857, "log_pop": 3.11317, "log_mass": 5.208573}, {"country_iso": "VEN", "city_id": 934, "log_pop": 2.658725, "log_mass": 5.089952}, {"country_iso": "VEN", "city_id": 904, "log_pop": 3.398907, "log_mass": 5.555969}, {"country_iso": "VEN", "city_id": 782, "log_pop": 2.420929, "log_mass": 4.991733}, {"country_iso": "VEN", "city_id": 904, "log_pop": 4.009165, "log_mass": 6.556672}, {"country_iso": "VEN", "city_id": 767, "log_pop": 2.828964, "log_mass": 5.529586}, {"country_iso": "VEN", "city_id": 821, "log_pop": 3.755143, "log_mass": 6.034956}, {"country_iso": "VEN", "city_id": 782, "log_pop": 2.472975, "log_mass": 4.581073}, {"country_iso": "VEN", "city_id": 951, "log_pop": 2.722476, "log_mass": 5.275189}, {"country_iso": "VEN", "city_id": 904, "log_pop": 3.762321, "log_mass": 6.218171}, {"country_iso": "VEN", "city_id": 719, "log_pop": 4.340223, "log_mass": 6.571222}, {"country_iso": "VEN", "city_id": 824, "log_pop": 1.205617, "log_mass": 3.960872}, {"country_iso": "VEN", "city_id": 904, "log_pop": 4.297247, "log_mass": 6.267393}, {"country_iso": "VEN", "city_id": 726, "log_pop": 3.373442, "log_mass": 6.002296}, {"country_iso": "VEN", "city_id": 821, "log_pop": 3.184548, "log_mass": 5.578819}, {"country_iso": "VEN", "city_id": 857, "log_pop": 1.944373, "log_mass": 4.201113}, {"country_iso": "VEN", "city_id": 857, "log_pop": 3.97079, "log_mass": 5.789127}, {"country_iso": "VEN", "city_id": 951, "log_pop": 3.041103, "log_mass": 5.559149}, {"country_iso": "VEN", "city_id": 833, "log_pop": 3.917817, "log_mass": 6.234594}, {"country_iso": "VEN", "city_id": 951, "log_pop": 2.740028, "log_mass": 5.372137}, {"country_iso": "VEN", "city_id": 951, "log_pop": 1.147564, "log_mass": 3.843655}, {"country_iso": "VEN", "city_id": 857, "log_pop": 4.342342, "log_mass": 6.343363}, {"country_iso": "VEN", "city_id": 854, "log_pop": 3.977751, "log_mass": 6.292629}, {"country_iso": "VEN", "city_id": 821, "log_pop": 2.982497, "log_mass": 5.262025}, {"country_iso": "VEN", "city_id": 767, "log_pop": 3.741745, "log_mass": 6.172107}, {"country_iso": "VEN", "city_id": 821, "log_pop": 4.264008, "log_mass": 6.448694}, {"country_iso": "VEN", "city_id": 857, "log_pop": 3.93127, "log_mass": 5.745036}, {"country_iso": "VEN", "city_id": 821, "log_pop": 3.283778, "log_mass": 5.614925}, {"country_iso": "VEN", "city_id": 857, "log_pop": 2.572138, "log_mass": 4.607488}, {"country_iso": "VEN", "city_id": 786, "log_pop": 2.129232, "log_mass": 4.633744}, {"country_iso": "VEN", "city_id": 857, "log_pop": 3.893402, "log_mass": 6.01364}, {"country_iso": "VEN", "city_id": 719, "log_pop": 3.455749, "log_mass": 5.780554}, {"country_iso": "VEN", "city_id": 821, "log_pop": 4.288208, "log_mass": 6.595418}, {"country_iso": "VEN", "city_id": 821, "log_pop": 1.25327, "log_mass": 3.680256}, {"country_iso": "VEN", "city_id": 854, "log_pop": 1.683382, "log_mass": 4.176881}, {"country_iso": "VEN", "city_id": 951, "log_pop": 2.956773, "log_mass": 5.499672}, {"country_iso": "VEN", "city_id": 904, "log_pop": 2.282225, "log_mass": 4.883727}, {"country_iso": "VEN", "city_id": 756, "log_pop": 3.241797, "log_mass": 5.827159}, {"country_iso": "VEN", "city_id": 935, "log_pop": 2.827604, "log_mass": 5.232691}, {"country_iso": "VEN", "city_id": 726, "log_pop": 4.203122, "log_mass": 6.550904}, {"country_iso": "VEN", "city_id": 951, "log_pop": 3.758975, "log_mass": 6.497407}, {"country_iso": "VEN", "city_id": 869, "log_pop": 3.242899, "log_mass": 5.469064}, {"country_iso": "VEN", "city_id": 719, "log_pop": 4.504787, "log_mass": 6.615633}, {"country_iso": "VEN", "city_id": 783, "log_pop": 3.650272, "log_mass": 6.047223}, {"country_iso": "VEN", "city_id": 833, "log_pop": 3.885346, "log_mass": 5.982333}, {"country_iso": "VEN", "city_id": 719, "log_pop": 4.410793, "log_mass": 6.448777}, {"country_iso": "VEN", "city_id": 857, "log_pop": 4.126299, "log_mass": 5.961966}, {"country_iso": "VEN", "city_id": 821, "log_pop": 3.54005, "log_mass": 5.8746}, {"country_iso": "VEN", "city_id": 904, "log_pop": 1.371439, "log_mass": 4.151681}, {"country_iso": "VEN", "city_id": 957, "log_pop": 4.238134, "log_mass": 6.34793}, {"country_iso": "VEN", "city_id": 719, "log_pop": 4.311405, "log_mass": 6.391287}, {"country_iso": "VEN", "city_id": 756, "log_pop": 3.390661, "log_mass": 5.896809}, {"country_iso": "VEN", "city_id": 821, "log_pop": 3.686959, "log_mass": 5.901668}, {"country_iso": "VEN", "city_id": 857, "log_pop": 2.817653, "log_mass": 5.163153}, {"country_iso": "VEN", "city_id": 857, "log_pop": 4.434188, "log_mass": 6.448909}, {"country_iso": "VEN", "city_id": 786, "log_pop": 4.11612, "log_mass": 6.569586}, {"country_iso": "VEN", "city_id": 951, "log_pop": 3.417716, "log_mass": 6.014705}, {"country_iso": "VEN", "city_id": 719, "log_pop": 3.654751, "log_mass": 5.759166}, {"country_iso": "VEN", "city_id": 857, "log_pop": 3.967053, "log_mass": 6.262646}, {"country_iso": "VEN", "city_id": 904, "log_pop": 4.125476, "log_mass": 6.292872}, {"country_iso": "VEN", "city_id": 719, "log_pop": 4.523381, "log_mass": 6.596335}, {"country_iso": "VEN", "city_id": 821, "log_pop": 4.23066, "log_mass": 6.5358}, {"country_iso": "VEN", "city_id": 726, "log_pop": 4.081678, "log_mass": 6.427731}, {"country_iso": "VEN", "city_id": 904, "log_pop": 3.416142, "log_mass": 5.718132}, {"country_iso": "VEN", "city_id": 767, "log_pop": 3.710248, "log_mass": 6.185658}, {"country_iso": "VEN", "city_id": 833, "log_pop": 3.698517, "log_mass": 6.236089}, {"country_iso": "VEN", "city_id": 783, "log_pop": 2.731586, "log_mass": 5.228803}, {"country_iso": "VEN", "city_id": 727, "log_pop": 3.306795, "log_mass": 5.554264}, {"country_iso": "VEN", "city_id": 833, "log_pop": 3.953755, "log_mass": 6.400701}, {"country_iso": "VEN", "city_id": 869, "log_pop": 4.063464, "log_mass": 6.349754}, {"country_iso": "VEN", "city_id": 857, "log_pop": 3.592663, "log_mass": 5.846579}, {"country_iso": "VEN", "city_id": 904, "log_pop": 3.984092, "log_mass": 6.527446}, {"country_iso": "VEN", "city_id": 756, "log_pop": 3.00997, "log_mass": 5.541006}, {"country_iso": "VEN", "city_id": 697, "log_pop": 3.71593, "log_mass": 5.83713}, {"country_iso": "VEN", "city_id": 857, "log_pop": 4.221628, "log_mass": 6.611604}, {"country_iso": "VEN", "city_id": 904, "log_pop": 3.76756, "log_mass": 5.609191}, {"country_iso": "VEN", "city_id": 719, "log_pop": 4.488851, "log_mass": 6.556713}, {"country_iso": "VEN", "city_id": 821, "log_pop": 2.917554, "log_mass": 5.572588}, {"country_iso": "VEN", "city_id": 833, "log_pop": 3.742742, "log_mass": 6.081091}, {"country_iso": "VEN", "city_id": 697, "log_pop": 3.630529, "log_mass": 5.965918}, {"country_iso": "VEN", "city_id": 904, "log_pop": 3.706315, "log_mass": 6.120092}, {"country_iso": "VEN", "city_id": 857, "log_pop": 4.416212, "log_mass": 6.67278}, {"country_iso": "VEN", "city_id": 767, "log_pop": 3.369087, "log_mass": 5.859373}, {"country_iso": "VEN", "city_id": 824, "log_pop": 3.254402, "log_mass": 5.575046}, {"country_iso": "VEN", "city_id": 786, "log_pop": 3.717107, "log_mass": 6.09915}, {"country_iso": "VEN", "city_id": 824, "log_pop": 3.479514, "log_mass": 5.837593}, {"country_iso": "VEN", "city_id": 857, "log_pop": 3.971665, "log_mass": 5.831478}, {"country_iso": "VEN", "city_id": 786, "log_pop": 2.756812, "log_mass": 5.110971}, {"country_iso": "VEN", "city_id": 857, "log_pop": 3.622527, "log_mass": 5.37283}, {"country_iso": "VEN", "city_id": 957, "log_pop": 3.755727, "log_mass": 5.842949}, {"country_iso": "VEN", "city_id": 869, "log_pop": 2.746835, "log_mass": 4.956249}, {"country_iso": "VEN", "city_id": 904, "log_pop": 3.60883, "log_mass": 6.001388}, {"country_iso": "VEN", "city_id": 857, "log_pop": 4.209298, "log_mass": 6.497532}, {"country_iso": "VEN", "city_id": 857, "log_pop": 2.769816, "log_mass": 4.621479}, {"country_iso": "VEN", "city_id": 783, "log_pop": 3.369109, "log_mass": 5.717691}, {"country_iso": "VEN", "city_id": 957, "log_pop": 3.543582, "log_mass": 5.523996}, {"country_iso": "VEN", "city_id": 821, "log_pop": 3.569639, "log_mass": 5.943292}, {"country_iso": "VEN", "city_id": 782, "log_pop": 3.970462, "log_mass": 6.394024}, {"country_iso": "VEN", "city_id": 786, "log_pop": 3.86481, "log_mass": 6.288051}, {"country_iso": "VEN", "city_id": 697, "log_pop": 3.428684, "log_mass": 5.811327}, {"country_iso": "VEN", "city_id": 821, "log_pop": 2.6792, "log_mass": 5.369186}, {"country_iso": "VEN", "city_id": 756, "log_pop": 2.234346, "log_mass": 4.690881}, {"country_iso": "VEN", "city_id": 821, "log_pop": 3.646253, "log_mass": 5.931991}, {"country_iso": "VEN", "city_id": 934, "log_pop": 1.776266, "log_mass": 4.06909}, {"country_iso": "VEN", "city_id": 857, "log_pop": 4.363749, "log_mass": 6.14831}, {"country_iso": "VEN", "city_id": 821, "log_pop": 3.912568, "log_mass": 6.267717}, {"country_iso": "VEN", "city_id": 869, "log_pop": 3.920675, "log_mass": 6.169971}, {"country_iso": "VEN", "city_id": 857, "log_pop": 4.26378, "log_mass": 6.203601}, {"country_iso": "VEN", "city_id": 904, "log_pop": 3.763614, "log_mass": 6.198089}, {"country_iso": "VEN", "city_id": 934, "log_pop": 3.839997, "log_mass": 6.033506}, {"country_iso": "VEN", "city_id": 857, "log_pop": 3.848799, "log_mass": 5.773146}, {"country_iso": "VEN", "city_id": 821, "log_pop": 4.062151, "log_mass": 6.325777}, {"country_iso": "VEN", "city_id": 854, "log_pop": 3.312413, "log_mass": 5.600424}, {"country_iso": "VEN", "city_id": 697, "log_pop": 3.690182, "log_mass": 6.123624}, {"country_iso": "VEN", "city_id": 934, "log_pop": 3.213609, "log_mass": 5.69026}, {"country_iso": "VEN", "city_id": 783, "log_pop": 3.325336, "log_mass": 5.763241}, {"country_iso": "VEN", "city_id": 782, "log_pop": 3.822934, "log_mass": 6.130479}, {"country_iso": "VEN", "city_id": 904, "log_pop": 3.130191, "log_mass": 5.793596}, {"country_iso": "VEN", "city_id": 719, "log_pop": 3.48515, "log_mass": 5.650792}, {"country_iso": "VEN", "city_id": 756, "log_pop": 3.717118, "log_mass": 6.319466}, {"country_iso": "VEN", "city_id": 821, "log_pop": 2.969737, "log_mass": 5.050797}, {"country_iso": "VEN", "city_id": 833, "log_pop": 2.637934, "log_mass": 4.732428}, {"country_iso": "VEN", "city_id": 857, "log_pop": 2.259065, "log_mass": 4.166267}, {"country_iso": "VEN", "city_id": 727, "log_pop": 4.105531, "log_mass": 6.521793}, {"country_iso": "VEN", "city_id": 857, "log_pop": 4.270413, "log_mass": 6.268221}, {"country_iso": "VEN", "city_id": 857, "log_pop": 3.994457, "log_mass": 5.912556}, {"country_iso": "VEN", "city_id": 904, "log_pop": 3.847697, "log_mass": 6.183665}, {"country_iso": "VEN", "city_id": 833, "log_pop": 3.059441, "log_mass": 5.220118}, {"country_iso": "VEN", "city_id": 857, "log_pop": 3.247184, "log_mass": 5.167541}, {"country_iso": "VEN", "city_id": 719, "log_pop": 3.39992, "log_mass": 5.316215}, {"country_iso": "VEN", "city_id": 697, "log_pop": 2.263957, "log_mass": 4.867385}, {"country_iso": "VEN", "city_id": 821, "log_pop": 3.926088, "log_mass": 6.101067}, {"country_iso": "VEN", "city_id": 857, "log_pop": 2.971043, "log_mass": 5.011438}, {"country_iso": "VEN", "city_id": 719, "log_pop": 4.185547, "log_mass": 6.25753}, {"country_iso": "VEN", "city_id": 697, "log_pop": 2.491641, "log_mass": 5.140294}, {"country_iso": "VEN", "city_id": 857, "log_pop": 4.294437, "log_mass": 6.009796}, {"country_iso": "VEN", "city_id": 904, "log_pop": 3.766232, "log_mass": 5.944655}, {"country_iso": "VEN", "city_id": 857, "log_pop": 1.117821, "log_mass": 4.160444}, {"country_iso": "VEN", "city_id": 935, "log_pop": 2.031131, "log_mass": 5.299428}, {"country_iso": "VEN", "city_id": 824, "log_pop": 3.242089, "log_mass": 5.534767}, {"country_iso": "VEN", "city_id": 719, "log_pop": 4.312349, "log_mass": 6.457695}, {"country_iso": "VEN", "city_id": 924, "log_pop": 3.632524, "log_mass": 5.872501}, {"country_iso": "VEN", "city_id": 904, "log_pop": 3.389695, "log_mass": 5.857684}, {"country_iso": "VEN", "city_id": 783, "log_pop": 3.757474, "log_mass": 6.142133}, {"country_iso": "VEN", "city_id": 934, "log_pop": 3.367075, "log_mass": 5.789925}, {"country_iso": "VEN", "city_id": 951, "log_pop": 2.960569, "log_mass": 5.623313}, {"country_iso": "VEN", "city_id": 904, "log_pop": 3.198303, "log_mass": 5.28102}, {"country_iso": "VEN", "city_id": 821, "log_pop": 3.613536, "log_mass": 5.804922}, {"country_iso": "VEN", "city_id": 767, "log_pop": 2.114467, "log_mass": 4.670234}, {"country_iso": "VEN", "city_id": 854, "log_pop": 3.065673, "log_mass": 5.342231}, {"country_iso": "VEN", "city_id": 857, "log_pop": 1.720584, "log_mass": 4.196225}, {"country_iso": "VEN", "city_id": 934, "log_pop": 3.400913, "log_mass": 5.681162}, {"country_iso": "VEN", "city_id": 821, "log_pop": 3.595557, "log_mass": 5.885238}, {"country_iso": "VEN", "city_id": 924, "log_pop": 3.813693, "log_mass": 6.006883}, {"country_iso": "VEN", "city_id": 924, "log_pop": 3.896461, "log_mass": 6.12394}, {"country_iso": "VEN", "city_id": 951, "log_pop": 1.932421, "log_mass": 4.510107}, {"country_iso": "VEN", "city_id": 824, "log_pop": 3.953405, "log_mass": 6.171039}, {"country_iso": "VEN", "city_id": 935, "log_pop": 3.848259, "log_mass": 6.259631}, {"country_iso": "VEN", "city_id": 786, "log_pop": 2.849319, "log_mass": 5.825437}, {"country_iso": "VEN", "city_id": 857, "log_pop": 2.557883, "log_mass": 5.093169}, {"country_iso": "VEN", "city_id": 783, "log_pop": 3.37555, "log_mass": 5.902161}, {"country_iso": "VEN", "city_id": 934, "log_pop": 3.344816, "log_mass": 5.670911}, {"country_iso": "VEN", "city_id": 857, "log_pop": 2.539537, "log_mass": 4.43033}, {"country_iso": "VEN", "city_id": 821, "log_pop": 2.820281, "log_mass": 5.034742}, {"country_iso": "VEN", "city_id": 934, "log_pop": 3.646822, "log_mass": 5.906777}, {"country_iso": "VEN", "city_id": 782, "log_pop": 4.055371, "log_mass": 6.421962}, {"country_iso": "VEN", "city_id": 957, "log_pop": 4.281097, "log_mass": 6.486231}, {"country_iso": "VEN", "city_id": 719, "log_pop": 2.191294, "log_mass": 4.909103}, {"country_iso": "VEN", "city_id": 821, "log_pop": 4.125223, "log_mass": 6.367392}, {"country_iso": "VEN", "city_id": 904, "log_pop": 3.99825, "log_mass": 5.907279}, {"country_iso": "VEN", "city_id": 726, "log_pop": 3.945889, "log_mass": 6.174925}, {"country_iso": "VEN", "city_id": 719, "log_pop": 2.059323, "log_mass": 4.968573}, {"country_iso": "VEN", "city_id": 934, "log_pop": 4.110869, "log_mass": 6.437004}, {"country_iso": "VEN", "city_id": 756, "log_pop": 2.712624, "log_mass": 5.282991}, {"country_iso": "VEN", "city_id": 854, "log_pop": 3.782838, "log_mass": 6.083621}, {"country_iso": "VEN", "city_id": 833, "log_pop": 3.771406, "log_mass": 6.181427}, {"country_iso": "VEN", "city_id": 934, "log_pop": 3.120894, "log_mass": 5.339957}, {"country_iso": "VEN", "city_id": 857, "log_pop": 1.457095, "log_mass": 3.813038}, {"country_iso": "VEN", "city_id": 857, "log_pop": 4.589801, "log_mass": 6.590525}, {"country_iso": "VEN", "city_id": 821, "log_pop": 3.898236, "log_mass": 5.970963}, {"country_iso": "VEN", "city_id": 756, "log_pop": 3.19196, "log_mass": 5.724037}, {"country_iso": "VEN", "city_id": 783, "log_pop": 3.36303, "log_mass": 5.865598}, {"country_iso": "VEN", "city_id": 951, "log_pop": 0.908363, "log_mass": 3.0635}, {"country_iso": "VEN", "city_id": 821, "log_pop": 1.393568, "log_mass": 4.090045}, {"country_iso": "VEN", "city_id": 951, "log_pop": 0.996409, "log_mass": 4.083621}, {"country_iso": "VEN", "city_id": 857, "log_pop": 4.493409, "log_mass": 6.629567}, {"country_iso": "VEN", "city_id": 904, "log_pop": 3.484754, "log_mass": 5.905454}, {"country_iso": "VEN", "city_id": 719, "log_pop": 4.336492, "log_mass": 6.593962}, {"country_iso": "VEN", "city_id": 857, "log_pop": 3.976868, "log_mass": 5.97644}, {"country_iso": "VEN", "city_id": 869, "log_pop": 3.246299, "log_mass": 5.484413}, {"country_iso": "VEN", "city_id": 719, "log_pop": 4.161894, "log_mass": 6.37034}, {"country_iso": "VEN", "city_id": 697, "log_pop": 2.098596, "log_mass": 4.761192}, {"country_iso": "VEN", "city_id": 833, "log_pop": 2.730488, "log_mass": 5.137417}, {"country_iso": "VEN", "city_id": 869, "log_pop": 4.036736, "log_mass": 6.31632}, {"country_iso": "VEN", "city_id": 935, "log_pop": 2.651603, "log_mass": 4.846346}, {"country_iso": "VEN", "city_id": 934, "log_pop": 3.975187, "log_mass": 6.263205}, {"country_iso": "VEN", "city_id": 727, "log_pop": 3.665129, "log_mass": 6.097733}, {"country_iso": "VEN", "city_id": 726, "log_pop": 4.16033, "log_mass": 6.516817}, {"country_iso": "VEN", "city_id": 857, "log_pop": 4.60129, "log_mass": 6.673601}, {"country_iso": "VEN", "city_id": 854, "log_pop": 3.553742, "log_mass": 5.836092}, {"country_iso": "VEN", "city_id": 951, "log_pop": 3.562308, "log_mass": 6.299469}, {"country_iso": "VEN", "city_id": 904, "log_pop": 3.091646, "log_mass": 5.80522}, {"country_iso": "VEN", "city_id": 951, "log_pop": 1.798279, "log_mass": 4.387878}, {"country_iso": "VEN", "city_id": 783, "log_pop": 4.046321, "log_mass": 6.354417}, {"country_iso": "VEN", "city_id": 756, "log_pop": 3.531148, "log_mass": 6.030041}, {"country_iso": "VEN", "city_id": 756, "log_pop": 3.589452, "log_mass": 6.029739}, {"country_iso": "VEN", "city_id": 726, "log_pop": 3.434821, "log_mass": 5.742618}, {"country_iso": "VEN", "city_id": 697, "log_pop": 3.757153, "log_mass": 5.989474}, {"country_iso": "VEN", "city_id": 833, "log_pop": 3.963871, "log_mass": 6.119608}, {"country_iso": "VEN", "city_id": 857, "log_pop": 3.711374, "log_mass": 5.725384}, {"country_iso": "VEN", "city_id": 767, "log_pop": 2.291632, "log_mass": 4.640974}, {"country_iso": "VEN", "city_id": 821, "log_pop": 3.566694, "log_mass": 5.759138}, {"country_iso": "VEN", "city_id": 857, "log_pop": 4.617398, "log_mass": 6.837804}, {"country_iso": "VEN", "city_id": 854, "log_pop": 3.83837, "log_mass": 6.25909}, {"country_iso": "VEN", "city_id": 957, "log_pop": 2.388003, "log_mass": 5.490692}, {"country_iso": "VEN", "city_id": 726, "log_pop": 2.861721, "log_mass": 5.282835}, {"country_iso": "VEN", "city_id": 727, "log_pop": 3.778857, "log_mass": 6.076992}, {"country_iso": "VEN", "city_id": 904, "log_pop": 2.663866, "log_mass": 5.262267}, {"country_iso": "VEN", "city_id": 904, "log_pop": 3.71942, "log_mass": 6.05074}, {"country_iso": "VEN", "city_id": 857, "log_pop": 3.40499, "log_mass": 5.65049}, {"country_iso": "VEN", "city_id": 821, "log_pop": 3.14506, "log_mass": 5.306921}, {"country_iso": "VEN", "city_id": 935, "log_pop": 3.299431, "log_mass": 5.57479}, {"country_iso": "VEN", "city_id": 782, "log_pop": 3.985043, "log_mass": 6.414129}, {"country_iso": "VEN", "city_id": 821, "log_pop": 4.023538, "log_mass": 6.159554}, {"country_iso": "VEN", "city_id": 719, "log_pop": 3.922729, "log_mass": 5.821893}, {"country_iso": "VEN", "city_id": 821, "log_pop": 4.080632, "log_mass": 6.515652}, {"country_iso": "VEN", "city_id": 756, "log_pop": 1.264762, "log_mass": 4.416538}, {"country_iso": "VEN", "city_id": 857, "log_pop": 3.898303, "log_mass": 6.171778}, {"country_iso": "VEN", "city_id": 857, "log_pop": 4.320557, "log_mass": 6.275685}, {"country_iso": "VEN", "city_id": 821, "log_pop": 4.144211, "log_mass": 6.461334}, {"country_iso": "VEN", "city_id": 821, "log_pop": 2.458533, "log_mass": 4.856694}, {"country_iso": "VEN", "city_id": 935, "log_pop": 1.954139, "log_mass": 5.560796}, {"country_iso": "VEN", "city_id": 869, "log_pop": 3.284794, "log_mass": 5.602572}, {"country_iso": "VEN", "city_id": 857, "log_pop": 3.641404, "log_mass": 5.57178}, {"country_iso": "VEN", "city_id": 924, "log_pop": 2.769519, "log_mass": 4.913505}, {"country_iso": "VEN", "city_id": 719, "log_pop": 4.498314, "log_mass": 6.618033}, {"country_iso": "VEN", "city_id": 857, "log_pop": 2.894192, "log_mass": 4.963576}, {"country_iso": "VEN", "city_id": 783, "log_pop": 4.226534, "log_mass": 6.680671}, {"country_iso": "VEN", "city_id": 904, "log_pop": 2.836095, "log_mass": 5.278642}, {"country_iso": "VEN", "city_id": 783, "log_pop": 3.995878, "log_mass": 6.282515}, {"country_iso": "VEN", "city_id": 821, "log_pop": 4.189617, "log_mass": 6.507079}, {"country_iso": "VEN", "city_id": 951, "log_pop": 3.369569, "log_mass": 6.036243}, {"country_iso": "VEN", "city_id": 951, "log_pop": 2.437781, "log_mass": 5.56153}, {"country_iso": "VEN", "city_id": 854, "log_pop": 3.217568, "log_mass": 5.508567}, {"country_iso": "VEN", "city_id": 904, "log_pop": 3.865114, "log_mass": 5.850329}, {"country_iso": "VEN", "city_id": 824, "log_pop": 3.695436, "log_mass": 5.923016}, {"country_iso": "VEN", "city_id": 904, "log_pop": 0.965296, "log_mass": 3.556363}, {"country_iso": "VEN", "city_id": 821, "log_pop": 1.019568, "log_mass": 3.928286}, {"country_iso": "VEN", "city_id": 821, "log_pop": 2.819619, "log_mass": 5.056672}, {"country_iso": "VEN", "city_id": 756, "log_pop": 3.108945, "log_mass": 5.66456}, {"country_iso": "VEN", "city_id": 783, "log_pop": 3.972438, "log_mass": 6.255634}, {"country_iso": "VEN", "city_id": 726, "log_pop": 3.874393, "log_mass": 6.21813}, {"country_iso": "VEN", "city_id": 957, "log_pop": 0.945496, "log_mass": 3.193512}, {"country_iso": "VEN", "city_id": 767, "log_pop": 3.648497, "log_mass": 5.998912}, {"country_iso": "VEN", "city_id": 951, "log_pop": 3.20821, "log_mass": 5.874877}, {"country_iso": "VEN", "city_id": 951, "log_pop": 2.506426, "log_mass": 5.059907}, {"country_iso": "VEN", "city_id": 924, "log_pop": 2.735854, "log_mass": 4.965736}, {"country_iso": "VEN", "city_id": 767, "log_pop": 2.871644, "log_mass": 5.30063}, {"country_iso": "VEN", "city_id": 719, "log_pop": 4.350797, "log_mass": 6.41022}, {"country_iso": "VEN", "city_id": 821, "log_pop": 3.386282, "log_mass": 5.64447}, {"country_iso": "VEN", "city_id": 935, "log_pop": 1.956494, "log_mass": 5.646067}, {"country_iso": "VEN", "city_id": 869, "log_pop": 2.582637, "log_mass": 4.930873}, {"country_iso": "VEN", "city_id": 869, "log_pop": 1.896375, "log_mass": 4.41927}, {"country_iso": "VEN", "city_id": 935, "log_pop": 2.224314, "log_mass": 5.87232}, {"country_iso": "VEN", "city_id": 767, "log_pop": 2.283809, "log_mass": 5.021837}, {"country_iso": "VEN", "city_id": 782, "log_pop": 3.102826, "log_mass": 5.422264}, {"country_iso": "VEN", "city_id": 719, "log_pop": 4.197588, "log_mass": 6.363777}, {"country_iso": "VEN", "city_id": 719, "log_pop": 2.550486, "log_mass": 4.600106}, {"country_iso": "VEN", "city_id": 869, "log_pop": 2.728502, "log_mass": 5.097679}, {"country_iso": "VEN", "city_id": 957, "log_pop": 3.605482, "log_mass": 5.636369}, {"country_iso": "VEN", "city_id": 821, "log_pop": 3.346588, "log_mass": 5.755546}, {"country_iso": "VEN", "city_id": 719, "log_pop": 3.629295, "log_mass": 6.288783}, {"country_iso": "VEN", "city_id": 719, "log_pop": 4.518097, "log_mass": 6.704821}, {"country_iso": "VEN", "city_id": 857, "log_pop": 4.288378, "log_mass": 6.242717}, {"country_iso": "VEN", "city_id": 857, "log_pop": 3.048605, "log_mass": 5.440233}, {"country_iso": "VEN", "city_id": 821, "log_pop": 3.879704, "log_mass": 6.115348}, {"country_iso": "VEN", "city_id": 824, "log_pop": 4.055015, "log_mass": 6.334837}, {"country_iso": "VEN", "city_id": 783, "log_pop": 3.586358, "log_mass": 5.947701}, {"country_iso": "VEN", "city_id": 857, "log_pop": 4.057557, "log_mass": 5.896759}, {"country_iso": "VEN", "city_id": 857, "log_pop": 3.935864, "log_mass": 6.309381}, {"country_iso": "VEN", "city_id": 821, "log_pop": 2.470491, "log_mass": 4.793768}, {"country_iso": "VEN", "city_id": 957, "log_pop": 4.083831, "log_mass": 6.132393}, {"country_iso": "VEN", "city_id": 719, "log_pop": 3.503834, "log_mass": 5.24945}, {"country_iso": "VEN", "city_id": 935, "log_pop": 2.897831, "log_mass": 5.291078}, {"country_iso": "VEN", "city_id": 719, "log_pop": 4.262124, "log_mass": 6.497266}, {"country_iso": "VEN", "city_id": 726, "log_pop": 3.355715, "log_mass": 5.654932}, {"country_iso": "VEN", "city_id": 767, "log_pop": 2.466809, "log_mass": 5.244293}, {"country_iso": "VEN", "city_id": 783, "log_pop": 4.131022, "log_mass": 6.432411}, {"country_iso": "VEN", "city_id": 821, "log_pop": 3.783057, "log_mass": 6.12277}, {"country_iso": "VEN", "city_id": 782, "log_pop": 3.58958, "log_mass": 5.932875}, {"country_iso": "VEN", "city_id": 697, "log_pop": 4.110314, "log_mass": 6.190424}, {"country_iso": "VEN", "city_id": 719, "log_pop": 4.386476, "log_mass": 6.456519}, {"country_iso": "VEN", "city_id": 904, "log_pop": 4.336092, "log_mass": 6.468956}, {"country_iso": "VEN", "city_id": 756, "log_pop": 3.871064, "log_mass": 6.36886}, {"country_iso": "VEN", "city_id": 854, "log_pop": 3.52596, "log_mass": 5.964617}, {"country_iso": "VEN", "city_id": 821, "log_pop": 3.352121, "log_mass": 5.449865}, {"country_iso": "VEN", "city_id": 857, "log_pop": 2.687647, "log_mass": 4.395592}, {"country_iso": "VEN", "city_id": 935, "log_pop": 2.907601, "log_mass": 6.278746}, {"country_iso": "VEN", "city_id": 726, "log_pop": 2.121325, "log_mass": 4.53039}, {"country_iso": "VEN", "city_id": 857, "log_pop": 3.961604, "log_mass": 5.910122}, {"country_iso": "VEN", "city_id": 934, "log_pop": 2.484918, "log_mass": 4.825471}, {"country_iso": "VEN", "city_id": 904, "log_pop": 3.880786, "log_mass": 6.372914}, {"country_iso": "VEN", "city_id": 821, "log_pop": 2.887352, "log_mass": 5.324323}, {"country_iso": "VEN", "city_id": 727, "log_pop": 3.905207, "log_mass": 6.289419}, {"country_iso": "VEN", "city_id": 904, "log_pop": 3.93383, "log_mass": 6.375346}, {"country_iso": "VEN", "city_id": 767, "log_pop": 1.936051, "log_mass": 4.365412}, {"country_iso": "VEN", "city_id": 935, "log_pop": 3.818955, "log_mass": 6.202851}, {"country_iso": "VEN", "city_id": 727, "log_pop": 3.404035, "log_mass": 5.81833}, {"country_iso": "VEN", "city_id": 719, "log_pop": 4.494133, "log_mass": 6.589421}, {"country_iso": "VEN", "city_id": 904, "log_pop": 3.696053, "log_mass": 5.971921}, {"country_iso": "VEN", "city_id": 767, "log_pop": 3.394593, "log_mass": 6.302012}, {"country_iso": "VEN", "city_id": 951, "log_pop": 3.259622, "log_mass": 5.961667}, {"country_iso": "VEN", "city_id": 934, "log_pop": 2.055936, "log_mass": 4.68552}, {"country_iso": "VEN", "city_id": 726, "log_pop": 2.349892, "log_mass": 5.023826}, {"country_iso": "VEN", "city_id": 854, "log_pop": 1.812314, "log_mass": 4.239939}, {"country_iso": "VEN", "city_id": 719, "log_pop": 4.474764, "log_mass": 6.560474}, {"country_iso": "VEN", "city_id": 957, "log_pop": 0.427766, "log_mass": 2.553681}, {"country_iso": "VEN", "city_id": 783, "log_pop": 2.748901, "log_mass": 5.279823}, {"country_iso": "VEN", "city_id": 786, "log_pop": 3.253192, "log_mass": 5.57083}, {"country_iso": "VEN", "city_id": 767, "log_pop": 3.875314, "log_mass": 6.423219}, {"country_iso": "VEN", "city_id": 783, "log_pop": 4.231437, "log_mass": 6.518409}, {"country_iso": "VEN", "city_id": 727, "log_pop": 0.616279, "log_mass": 3.010331}, {"country_iso": "VEN", "city_id": 719, "log_pop": 3.96025, "log_mass": 6.003042}, {"country_iso": "VEN", "city_id": 951, "log_pop": 3.670853, "log_mass": 6.426509}, {"country_iso": "VEN", "city_id": 719, "log_pop": 4.141822, "log_mass": 6.31553}, {"country_iso": "VEN", "city_id": 833, "log_pop": 3.972703, "log_mass": 6.08337}, {"country_iso": "VEN", "city_id": 821, "log_pop": 3.559045, "log_mass": 6.060521}, {"country_iso": "VEN", "city_id": 869, "log_pop": 3.361046, "log_mass": 5.679187}, {"country_iso": "VEN", "city_id": 727, "log_pop": 3.765283, "log_mass": 6.138527}, {"country_iso": "VEN", "city_id": 857, "log_pop": 4.299029, "log_mass": 6.293974}, {"country_iso": "VEN", "city_id": 869, "log_pop": 3.852244, "log_mass": 6.099617}, {"country_iso": "VEN", "city_id": 934, "log_pop": 4.066709, "log_mass": 6.157508}, {"country_iso": "VEN", "city_id": 821, "log_pop": 1.775777, "log_mass": 4.051746}, {"country_iso": "VEN", "city_id": 821, "log_pop": 2.707468, "log_mass": 5.080505}, {"country_iso": "VEN", "city_id": 786, "log_pop": 3.965115, "log_mass": 6.372086}, {"country_iso": "VEN", "city_id": 833, "log_pop": 4.351202, "log_mass": 6.528526}, {"country_iso": "VEN", "city_id": 857, "log_pop": 4.609213, "log_mass": 6.7278}, {"country_iso": "VEN", "city_id": 727, "log_pop": 3.509296, "log_mass": 5.836206}, {"country_iso": "VEN", "city_id": 783, "log_pop": 3.84098, "log_mass": 6.248996}, {"country_iso": "VEN", "city_id": 857, "log_pop": 4.351438, "log_mass": 6.444555}, {"country_iso": "VEN", "city_id": 857, "log_pop": 4.607344, "log_mass": 6.559956}, {"country_iso": "VEN", "city_id": 833, "log_pop": 2.210195, "log_mass": 4.856097}, {"country_iso": "VEN", "city_id": 951, "log_pop": 3.452653, "log_mass": 5.977625}, {"country_iso": "VEN", "city_id": 857, "log_pop": 2.667335, "log_mass": 5.26105}, {"country_iso": "VEN", "city_id": 857, "log_pop": 3.891248, "log_mass": 5.817253}, {"country_iso": "VEN", "city_id": 857, "log_pop": 4.180172, "log_mass": 6.019529}, {"country_iso": "VEN", "city_id": 726, "log_pop": 3.462769, "log_mass": 5.770364}, {"country_iso": "VEN", "city_id": 935, "log_pop": 3.081163, "log_mass": 5.331542}, {"country_iso": "VEN", "city_id": 821, "log_pop": 3.662049, "log_mass": 6.18616}, {"country_iso": "VEN", "city_id": 783, "log_pop": 4.100038, "log_mass": 6.464901}, {"country_iso": "VEN", "city_id": 951, "log_pop": 3.074065, "log_mass": 5.692222}, {"country_iso": "VEN", "city_id": 904, "log_pop": 2.810413, "log_mass": 5.048285}, {"country_iso": "VEN", "city_id": 767, "log_pop": 3.690019, "log_mass": 6.200468}, {"country_iso": "VEN", "city_id": 821, "log_pop": 4.150666, "log_mass": 6.315249}, {"country_iso": "VEN", "city_id": 904, "log_pop": 1.774254, "log_mass": 4.26449}, {"country_iso": "VEN", "city_id": 821, "log_pop": 3.529992, "log_mass": 5.835203}, {"country_iso": "VEN", "city_id": 786, "log_pop": 2.361507, "log_mass": 5.276124}, {"country_iso": "VEN", "city_id": 833, "log_pop": 3.929482, "log_mass": 6.559454}, {"country_iso": "VEN", "city_id": 719, "log_pop": 4.220433, "log_mass": 6.227018}, {"country_iso": "VEN", "city_id": 935, "log_pop": 3.286681, "log_mass": 5.595116}, {"country_iso": "VEN", "city_id": 854, "log_pop": 3.704425, "log_mass": 6.05676}, {"country_iso": "VEN", "city_id": 821, "log_pop": 2.286862, "log_mass": 4.596678}, {"country_iso": "VEN", "city_id": 833, "log_pop": 4.209899, "log_mass": 6.496729}, {"country_iso": "VEN", "city_id": 783, "log_pop": 3.55029, "log_mass": 5.969389}, {"country_iso": "VEN", "city_id": 934, "log_pop": 2.037379, "log_mass": 4.104471}, {"country_iso": "VEN", "city_id": 934, "log_pop": 3.123804, "log_mass": 5.600611}, {"country_iso": "VEN", "city_id": 719, "log_pop": 4.532382, "log_mass": 6.569388}, {"country_iso": "VEN", "city_id": 783, "log_pop": 4.165977, "log_mass": 6.39778}, {"country_iso": "VEN", "city_id": 935, "log_pop": 2.41247, "log_mass": 6.063663}, {"country_iso": "VEN", "city_id": 869, "log_pop": 3.884645, "log_mass": 6.254858}, {"country_iso": "VEN", "city_id": 951, "log_pop": 3.198121, "log_mass": 5.68001}, {"country_iso": "VEN", "city_id": 726, "log_pop": 2.822024, "log_mass": 5.016765}, {"country_iso": "VEN", "city_id": 783, "log_pop": 3.150426, "log_mass": 5.667754}, {"country_iso": "VEN", "city_id": 821, "log_pop": 4.230273, "log_mass": 6.488486}, {"country_iso": "VEN", "city_id": 857, "log_pop": 4.499057, "log_mass": 6.551266}, {"country_iso": "VEN", "city_id": 857, "log_pop": 3.536115, "log_mass": 5.594749}, {"country_iso": "VEN", "city_id": 756, "log_pop": 3.838911, "log_mass": 6.433861}, {"country_iso": "VEN", "city_id": 934, "log_pop": 2.924665, "log_mass": 5.591029}, {"country_iso": "VEN", "city_id": 857, "log_pop": 4.498271, "log_mass": 6.512836}, {"country_iso": "VEN", "city_id": 934, "log_pop": 3.067645, "log_mass": 5.622747}, {"country_iso": "VEN", "city_id": 824, "log_pop": 3.918929, "log_mass": 6.298493}, {"country_iso": "VEN", "city_id": 726, "log_pop": 2.958896, "log_mass": 5.683735}, {"country_iso": "VEN", "city_id": 857, "log_pop": 4.309894, "log_mass": 6.3929}, {"country_iso": "VEN", "city_id": 957, "log_pop": 3.874091, "log_mass": 6.315898}, {"country_iso": "VEN", "city_id": 924, "log_pop": 3.924919, "log_mass": 6.241956}, {"country_iso": "VEN", "city_id": 726, "log_pop": 3.326719, "log_mass": 5.584926}, {"country_iso": "VEN", "city_id": 857, "log_pop": 2.814324, "log_mass": 5.563647}, {"country_iso": "VEN", "city_id": 854, "log_pop": 1.541799, "log_mass": 5.086945}, {"country_iso": "VEN", "city_id": 756, "log_pop": 2.488561, "log_mass": 5.146774}, {"country_iso": "VEN", "city_id": 957, "log_pop": 3.746365, "log_mass": 5.755688}, {"country_iso": "VEN", "city_id": 824, "log_pop": 1.627179, "log_mass": 3.954213}, {"country_iso": "VEN", "city_id": 824, "log_pop": 0.256345, "log_mass": 3.476021}, {"country_iso": "VEN", "city_id": 857, "log_pop": 4.2109, "log_mass": 6.619915}, {"country_iso": "VEN", "city_id": 857, "log_pop": 2.972142, "log_mass": 5.356263}, {"country_iso": "VEN", "city_id": 935, "log_pop": 3.511068, "log_mass": 5.804178}, {"country_iso": "VEN", "city_id": 833, "log_pop": 4.270397, "log_mass": 6.401682}, {"country_iso": "VEN", "city_id": 924, "log_pop": 4.005779, "log_mass": 6.261016}, {"country_iso": "VEN", "city_id": 951, "log_pop": 3.180745, "log_mass": 5.82725}, {"country_iso": "VEN", "city_id": 935, "log_pop": 1.652577, "log_mass": 5.203024}, {"country_iso": "VEN", "city_id": 719, "log_pop": 4.331905, "log_mass": 6.562553}, {"country_iso": "VEN", "city_id": 854, "log_pop": 2.579437, "log_mass": 4.805942}, {"country_iso": "VEN", "city_id": 782, "log_pop": 3.211216, "log_mass": 5.542992}, {"country_iso": "VEN", "city_id": 821, "log_pop": 3.622526, "log_mass": 6.109885}, {"country_iso": "VEN", "city_id": 869, "log_pop": 3.860048, "log_mass": 6.143887}, {"country_iso": "VEN", "city_id": 727, "log_pop": 3.978159, "log_mass": 6.406331}, {"country_iso": "VEN", "city_id": 719, "log_pop": 4.443639, "log_mass": 6.388876}, {"country_iso": "VEN", "city_id": 934, "log_pop": 3.206925, "log_mass": 5.48079}, {"country_iso": "VEN", "city_id": 934, "log_pop": 3.837289, "log_mass": 6.122381}, {"country_iso": "VEN", "city_id": 821, "log_pop": 3.74289, "log_mass": 5.9567}, {"country_iso": "VEN", "city_id": 756, "log_pop": 0.435791, "log_mass": 4.278794}, {"country_iso": "VEN", "city_id": 854, "log_pop": 3.404773, "log_mass": 5.678373}, {"country_iso": "VEN", "city_id": 821, "log_pop": 3.819964, "log_mass": 6.065452}, {"country_iso": "VEN", "city_id": 857, "log_pop": 4.602464, "log_mass": 6.589774}, {"country_iso": "VEN", "city_id": 951, "log_pop": 2.106721, "log_mass": 5.13603}, {"country_iso": "VEN", "city_id": 726, "log_pop": 2.659793, "log_mass": 4.890438}, {"country_iso": "VEN", "city_id": 924, "log_pop": 3.885274, "log_mass": 6.087047}, {"country_iso": "VEN", "city_id": 857, "log_pop": 2.901032, "log_mass": 4.987632}, {"country_iso": "VEN", "city_id": 857, "log_pop": 1.284597, "log_mass": 4.205902}, {"country_iso": "VEN", "city_id": 904, "log_pop": 1.853742, "log_mass": 4.45816}, {"country_iso": "VEN", "city_id": 869, "log_pop": 2.998508, "log_mass": 5.195285}, {"country_iso": "VEN", "city_id": 719, "log_pop": 3.532767, "log_mass": 5.655694}, {"country_iso": "VEN", "city_id": 854, "log_pop": 2.811298, "log_mass": 5.212802}, {"country_iso": "VEN", "city_id": 957, "log_pop": 0.686566, "log_mass": 4.497622}, {"country_iso": "VEN", "city_id": 934, "log_pop": 3.177942, "log_mass": 5.70198}, {"country_iso": "VEN", "city_id": 857, "log_pop": 4.538953, "log_mass": 6.790182}, {"country_iso": "VEN", "city_id": 719, "log_pop": 3.780735, "log_mass": 6.052476}, {"country_iso": "VEN", "city_id": 869, "log_pop": 3.931025, "log_mass": 6.173189}, {"country_iso": "VEN", "city_id": 821, "log_pop": 4.201548, "log_mass": 6.520855}, {"country_iso": "VEN", "city_id": 833, "log_pop": 3.638249, "log_mass": 5.651972}, {"country_iso": "VEN", "city_id": 821, "log_pop": 3.453072, "log_mass": 5.798742}, {"country_iso": "VEN", "city_id": 783, "log_pop": 4.186257, "log_mass": 6.55403}, {"country_iso": "VEN", "city_id": 935, "log_pop": 1.817351, "log_mass": 4.146556}, {"country_iso": "VEN", "city_id": 951, "log_pop": 2.524663, "log_mass": 5.299676}, {"country_iso": "VEN", "city_id": 786, "log_pop": 3.514706, "log_mass": 5.919866}, {"country_iso": "VEN", "city_id": 833, "log_pop": 4.13301, "log_mass": 6.132715}, {"country_iso": "VEN", "city_id": 904, "log_pop": 3.1413, "log_mass": 4.840955}, {"country_iso": "VEN", "city_id": 935, "log_pop": 3.721286, "log_mass": 6.277333}, {"country_iso": "VEN", "city_id": 854, "log_pop": 3.35813, "log_mass": 5.689946}, {"country_iso": "VEN", "city_id": 782, "log_pop": 2.392964, "log_mass": 4.800733}, {"country_iso": "VEN", "city_id": 833, "log_pop": 3.106105, "log_mass": 5.356332}, {"country_iso": "VEN", "city_id": 833, "log_pop": 3.534005, "log_mass": 5.920889}, {"country_iso": "VEN", "city_id": 833, "log_pop": 4.21395, "log_mass": 6.371858}, {"country_iso": "VEN", "city_id": 786, "log_pop": 2.653176, "log_mass": 4.879426}, {"country_iso": "VEN", "city_id": 869, "log_pop": 3.214384, "log_mass": 5.398956}, {"country_iso": "VEN", "city_id": 957, "log_pop": 4.041754, "log_mass": 6.133359}, {"country_iso": "VEN", "city_id": 783, "log_pop": 3.556866, "log_mass": 5.802079}, {"country_iso": "VEN", "city_id": 951, "log_pop": 3.307403, "log_mass": 5.897781}, {"country_iso": "VEN", "city_id": 786, "log_pop": 3.234503, "log_mass": 5.52651}, {"country_iso": "VEN", "city_id": 934, "log_pop": 0.672948, "log_mass": 3.67512}, {"country_iso": "VEN", "city_id": 719, "log_pop": 3.193596, "log_mass": 5.125857}, {"country_iso": "VEN", "city_id": 924, "log_pop": 4.179373, "log_mass": 6.526023}, {"country_iso": "VEN", "city_id": 957, "log_pop": 4.001456, "log_mass": 6.151661}, {"country_iso": "VEN", "city_id": 951, "log_pop": 3.352313, "log_mass": 5.999918}, {"country_iso": "VEN", "city_id": 783, "log_pop": 2.974263, "log_mass": 5.380945}, {"country_iso": "VEN", "city_id": 756, "log_pop": 3.650576, "log_mass": 6.24565}, {"country_iso": "VEN", "city_id": 957, "log_pop": 2.853505, "log_mass": 5.100408}, {"country_iso": "VEN", "city_id": 833, "log_pop": 2.63851, "log_mass": 4.752333}, {"country_iso": "VEN", "city_id": 833, "log_pop": 3.01916, "log_mass": 5.120519}, {"country_iso": "VEN", "city_id": 857, "log_pop": 3.779798, "log_mass": 5.990702}, {"country_iso": "VEN", "city_id": 726, "log_pop": 4.189804, "log_mass": 6.583976}, {"country_iso": "VEN", "city_id": 821, "log_pop": 2.626348, "log_mass": 4.870229}, {"country_iso": "VEN", "city_id": 821, "log_pop": 4.113925, "log_mass": 6.386698}, {"country_iso": "VEN", "city_id": 756, "log_pop": 3.711372, "log_mass": 6.244868}, {"country_iso": "VEN", "city_id": 854, "log_pop": 3.824505, "log_mass": 6.161399}, {"country_iso": "VEN", "city_id": 904, "log_pop": 2.27817, "log_mass": 4.833839}, {"country_iso": "VEN", "city_id": 857, "log_pop": 4.30904, "log_mass": 6.417862}, {"country_iso": "VEN", "city_id": 869, "log_pop": 4.004299, "log_mass": 6.197878}, {"country_iso": "VEN", "city_id": 719, "log_pop": 2.037832, "log_mass": 4.47484}, {"country_iso": "VEN", "city_id": 951, "log_pop": 2.155609, "log_mass": 4.589767}, {"country_iso": "VEN", "city_id": 719, "log_pop": 4.466148, "log_mass": 6.486464}, {"country_iso": "VEN", "city_id": 821, "log_pop": 0.710199, "log_mass": 4.44929}, {"country_iso": "VEN", "city_id": 857, "log_pop": 4.541123, "log_mass": 6.574794}, {"country_iso": "VEN", "city_id": 719, "log_pop": 4.161971, "log_mass": 6.420464}, {"country_iso": "VEN", "city_id": 951, "log_pop": 2.977439, "log_mass": 5.682483}, {"country_iso": "VEN", "city_id": 783, "log_pop": 4.120534, "log_mass": 6.456589}, {"country_iso": "VEN", "city_id": 857, "log_pop": 3.144151, "log_mass": 5.409531}, {"country_iso": "VEN", "city_id": 821, "log_pop": 4.033809, "log_mass": 6.34253}, {"country_iso": "VEN", "city_id": 783, "log_pop": 2.452149, "log_mass": 4.89072}, {"country_iso": "VEN", "city_id": 767, "log_pop": 3.426534, "log_mass": 6.083637}, {"country_iso": "VEN", "city_id": 833, "log_pop": 1.304548, "log_mass": 4.007935}, {"country_iso": "VEN", "city_id": 935, "log_pop": 3.668299, "log_mass": 5.963972}, {"country_iso": "VEN", "city_id": 767, "log_pop": 0.735853, "log_mass": 3.18643}, {"country_iso": "VEN", "city_id": 767, "log_pop": 1.029397, "log_mass": 3.803886}, {"country_iso": "VEN", "city_id": 821, "log_pop": 3.551897, "log_mass": 6.085639}, {"country_iso": "VEN", "city_id": 783, "log_pop": 4.020407, "log_mass": 6.331855}, {"country_iso": "VEN", "city_id": 782, "log_pop": 3.4193, "log_mass": 5.702474}, {"country_iso": "VEN", "city_id": 783, "log_pop": 3.840767, "log_mass": 6.177809}, {"country_iso": "VEN", "city_id": 924, "log_pop": 3.946751, "log_mass": 6.148353}, {"country_iso": "VEN", "city_id": 783, "log_pop": 3.808798, "log_mass": 6.195993}, {"country_iso": "VEN", "city_id": 934, "log_pop": 3.710516, "log_mass": 6.149452}, {"country_iso": "VEN", "city_id": 833, "log_pop": 3.037419, "log_mass": 5.131899}, {"country_iso": "VEN", "city_id": 833, "log_pop": 3.554614, "log_mass": 5.622937}, {"country_iso": "VEN", "city_id": 719, "log_pop": 4.489716, "log_mass": 6.530514}, {"country_iso": "VEN", "city_id": 951, "log_pop": 3.294789, "log_mass": 5.934507}, {"country_iso": "VEN", "city_id": 719, "log_pop": 4.346953, "log_mass": 6.570975}, {"country_iso": "VEN", "city_id": 726, "log_pop": 4.134552, "log_mass": 6.552308}, {"country_iso": "VEN", "city_id": 951, "log_pop": 1.529365, "log_mass": 4.12771}, {"country_iso": "VEN", "city_id": 821, "log_pop": 3.966317, "log_mass": 6.319955}, {"country_iso": "VEN", "city_id": 821, "log_pop": 1.808832, "log_mass": 4.523097}, {"country_iso": "VEN", "city_id": 951, "log_pop": 2.94015, "log_mass": 5.691502}, {"country_iso": "VEN", "city_id": 904, "log_pop": 2.153015, "log_mass": 4.65029}, {"country_iso": "VEN", "city_id": 934, "log_pop": 3.124922, "log_mass": 5.726414}, {"country_iso": "VEN", "city_id": 824, "log_pop": 3.208177, "log_mass": 5.685649}, {"country_iso": "VEN", "city_id": 783, "log_pop": 3.759323, "log_mass": 6.007911}, {"country_iso": "VEN", "city_id": 697, "log_pop": 1.887935, "log_mass": 4.166625}, {"country_iso": "VEN", "city_id": 767, "log_pop": 3.724893, "log_mass": 6.365749}, {"country_iso": "VEN", "city_id": 719, "log_pop": 4.2476, "log_mass": 6.253127}, {"country_iso": "VEN", "city_id": 957, "log_pop": 3.900826, "log_mass": 5.884673}, {"country_iso": "VEN", "city_id": 726, "log_pop": 3.233122, "log_mass": 5.522843}, {"country_iso": "VEN", "city_id": 951, "log_pop": 3.113053, "log_mass": 5.809017}, {"country_iso": "VEN", "city_id": 821, "log_pop": 3.128719, "log_mass": 5.220579}, {"country_iso": "VEN", "city_id": 719, "log_pop": 2.209257, "log_mass": 5.041429}, {"country_iso": "VEN", "city_id": 854, "log_pop": 3.023495, "log_mass": 5.411479}, {"country_iso": "VEN", "city_id": 719, "log_pop": 3.648379, "log_mass": 5.39978}, {"country_iso": "VEN", "city_id": 833, "log_pop": 1.931974, "log_mass": 4.635443}, {"country_iso": "VEN", "city_id": 833, "log_pop": 3.585317, "log_mass": 6.435043}, {"country_iso": "VEN", "city_id": 726, "log_pop": 3.510857, "log_mass": 5.830625}, {"country_iso": "VEN", "city_id": 857, "log_pop": 2.070646, "log_mass": 4.356459}, {"country_iso": "VEN", "city_id": 821, "log_pop": 3.501332, "log_mass": 5.69833}, {"country_iso": "VEN", "city_id": 934, "log_pop": 2.848094, "log_mass": 5.200212}, {"country_iso": "VEN", "city_id": 719, "log_pop": 4.299446, "log_mass": 6.273266}, {"country_iso": "VEN", "city_id": 786, "log_pop": 3.054159, "log_mass": 5.462749}, {"country_iso": "VEN", "city_id": 833, "log_pop": 3.655302, "log_mass": 5.871685}, {"country_iso": "VEN", "city_id": 821, "log_pop": 3.530948, "log_mass": 5.718245}, {"country_iso": "VEN", "city_id": 934, "log_pop": 3.967616, "log_mass": 6.169095}, {"country_iso": "VEN", "city_id": 934, "log_pop": 3.510593, "log_mass": 5.711776}, {"country_iso": "VEN", "city_id": 833, "log_pop": 3.913577, "log_mass": 6.389908}, {"country_iso": "VEN", "city_id": 756, "log_pop": 3.293008, "log_mass": 5.739837}, {"country_iso": "VEN", "city_id": 833, "log_pop": 0.055079, "log_mass": 2.914569}, {"country_iso": "VEN", "city_id": 857, "log_pop": 4.244042, "log_mass": 6.213288}, {"country_iso": "VEN", "city_id": 821, "log_pop": 3.999767, "log_mass": 6.258611}, {"country_iso": "VEN", "city_id": 857, "log_pop": 3.623897, "log_mass": 6.026056}, {"country_iso": "VEN", "city_id": 935, "log_pop": 2.679519, "log_mass": 6.383634}, {"country_iso": "VEN", "city_id": 934, "log_pop": 3.411799, "log_mass": 5.814755}, {"country_iso": "VEN", "city_id": 767, "log_pop": 2.810149, "log_mass": 5.696313}, {"country_iso": "VEN", "city_id": 934, "log_pop": 2.400046, "log_mass": 5.147671}, {"country_iso": "VEN", "city_id": 783, "log_pop": 4.152527, "log_mass": 6.415295}, {"country_iso": "VEN", "city_id": 697, "log_pop": 3.40341, "log_mass": 5.48509}, {"country_iso": "VEN", "city_id": 727, "log_pop": 2.749862, "log_mass": 4.972015}, {"country_iso": "VEN", "city_id": 857, "log_pop": 3.99069, "log_mass": 5.908884}, {"country_iso": "VEN", "city_id": 824, "log_pop": 3.697611, "log_mass": 6.037873}, {"country_iso": "VEN", "city_id": 934, "log_pop": 3.620638, "log_mass": 6.066501}, {"country_iso": "VEN", "city_id": 935, "log_pop": 3.497915, "log_mass": 6.292505}, {"country_iso": "VEN", "city_id": 697, "log_pop": 2.260528, "log_mass": 4.7031}, {"country_iso": "VEN", "city_id": 821, "log_pop": 1.432872, "log_mass": 3.891342}, {"country_iso": "VEN", "city_id": 719, "log_pop": 4.514962, "log_mass": 6.610736}, {"country_iso": "VEN", "city_id": 821, "log_pop": 3.506559, "log_mass": 5.897272}, {"country_iso": "VEN", "city_id": 821, "log_pop": 2.734702, "log_mass": 5.200744}, {"country_iso": "VEN", "city_id": 934, "log_pop": 2.980932, "log_mass": 5.507207}, {"country_iso": "VEN", "city_id": 824, "log_pop": 2.941353, "log_mass": 5.255172}, {"country_iso": "VEN", "city_id": 719, "log_pop": 0.760895, "log_mass": 4.896713}, {"country_iso": "VEN", "city_id": 719, "log_pop": 4.518732, "log_mass": 6.673399}, {"country_iso": "VEN", "city_id": 786, "log_pop": 3.976193, "log_mass": 6.452404}, {"country_iso": "VEN", "city_id": 719, "log_pop": 1.853545, "log_mass": 4.949713}, {"country_iso": "VEN", "city_id": 756, "log_pop": 3.694821, "log_mass": 6.246224}, {"country_iso": "VEN", "city_id": 719, "log_pop": 4.525814, "log_mass": 6.597512}, {"country_iso": "VEN", "city_id": 756, "log_pop": 3.679131, "log_mass": 6.109046}, {"country_iso": "VEN", "city_id": 719, "log_pop": 3.522428, "log_mass": 5.489031}, {"country_iso": "VEN", "city_id": 854, "log_pop": 3.375754, "log_mass": 5.81067}, {"country_iso": "VEN", "city_id": 783, "log_pop": 2.43544, "log_mass": 4.828076}, {"country_iso": "VEN", "city_id": 857, "log_pop": 2.291315, "log_mass": 4.640385}, {"country_iso": "VEN", "city_id": 727, "log_pop": 4.13191, "log_mass": 6.570993}, {"country_iso": "VEN", "city_id": 782, "log_pop": 3.040029, "log_mass": 5.337216}, {"country_iso": "VEN", "city_id": 821, "log_pop": 2.647351, "log_mass": 4.686111}, {"country_iso": "VEN", "city_id": 821, "log_pop": 3.723193, "log_mass": 5.948408}, {"country_iso": "VEN", "city_id": 951, "log_pop": 3.373949, "log_mass": 6.175979}, {"country_iso": "VEN", "city_id": 719, "log_pop": 4.03634, "log_mass": 6.271963}, {"country_iso": "VEN", "city_id": 767, "log_pop": 3.581049, "log_mass": 5.971756}, {"country_iso": "VEN", "city_id": 719, "log_pop": 1.487986, "log_mass": 3.702076}, {"country_iso": "VEN", "city_id": 857, "log_pop": 4.404618, "log_mass": 6.275653}, {"country_iso": "VEN", "city_id": 719, "log_pop": 3.715609, "log_mass": 5.929612}, {"country_iso": "VEN", "city_id": 719, "log_pop": 3.873175, "log_mass": 5.867002}, {"country_iso": "VEN", "city_id": 857, "log_pop": 4.465213, "log_mass": 6.512846}, {"country_iso": "VEN", "city_id": 821, "log_pop": 3.862004, "log_mass": 6.283073}, {"country_iso": "VEN", "city_id": 786, "log_pop": 3.189862, "log_mass": 5.908883}, {"country_iso": "VEN", "city_id": 857, "log_pop": 4.101956, "log_mass": 6.040013}, {"country_iso": "VEN", "city_id": 719, "log_pop": 1.437879, "log_mass": 5.385119}, {"country_iso": "VEN", "city_id": 854, "log_pop": 3.005208, "log_mass": 5.401744}, {"country_iso": "VEN", "city_id": 857, "log_pop": 4.127962, "log_mass": 6.022846}, {"country_iso": "VEN", "city_id": 854, "log_pop": 0.31325, "log_mass": 3.389038}, {"country_iso": "VEN", "city_id": 719, "log_pop": 4.353348, "log_mass": 6.467973}, {"country_iso": "VEN", "city_id": 783, "log_pop": 4.095114, "log_mass": 6.55394}, {"country_iso": "VEN", "city_id": 783, "log_pop": 3.916174, "log_mass": 6.226988}, {"country_iso": "VEN", "city_id": 821, "log_pop": 4.157811, "log_mass": 6.447706}, {"country_iso": "VEN", "city_id": 857, "log_pop": 3.644709, "log_mass": 5.595083}, {"country_iso": "VEN", "city_id": 821, "log_pop": 3.788522, "log_mass": 6.252698}, {"country_iso": "VEN", "city_id": 783, "log_pop": 2.925815, "log_mass": 5.573753}, {"country_iso": "VEN", "city_id": 756, "log_pop": 3.712191, "log_mass": 6.185841}, {"country_iso": "VEN", "city_id": 786, "log_pop": 3.196601, "log_mass": 5.64936}, {"country_iso": "VEN", "city_id": 719, "log_pop": 4.375094, "log_mass": 6.496797}, {"country_iso": "VEN", "city_id": 783, "log_pop": 3.744672, "log_mass": 6.120461}, {"country_iso": "VEN", "city_id": 767, "log_pop": 3.53254, "log_mass": 6.042354}, {"country_iso": "VEN", "city_id": 833, "log_pop": 3.726659, "log_mass": 5.806023}, {"country_iso": "VEN", "city_id": 833, "log_pop": 4.066344, "log_mass": 6.366932}, {"country_iso": "VEN", "city_id": 904, "log_pop": 3.316681, "log_mass": 5.906957}, {"country_iso": "VEN", "city_id": 719, "log_pop": 4.368332, "log_mass": 6.606943}, {"country_iso": "VEN", "city_id": 924, "log_pop": 3.897621, "log_mass": 6.076523}, {"country_iso": "VEN", "city_id": 869, "log_pop": 2.874702, "log_mass": 5.160241}, {"country_iso": "VEN", "city_id": 951, "log_pop": 1.882359, "log_mass": 4.663665}, {"country_iso": "VEN", "city_id": 869, "log_pop": 2.596841, "log_mass": 4.772498}, {"country_iso": "VEN", "city_id": 924, "log_pop": 3.930185, "log_mass": 6.228787}, {"country_iso": "VEN", "city_id": 767, "log_pop": 1.306966, "log_mass": 3.731885}, {"country_iso": "VEN", "city_id": 767, "log_pop": 3.163732, "log_mass": 5.513402}, {"country_iso": "VEN", "city_id": 783, "log_pop": 4.229431, "log_mass": 6.571551}, {"country_iso": "VEN", "city_id": 904, "log_pop": 4.153573, "log_mass": 6.240968}, {"country_iso": "VEN", "city_id": 833, "log_pop": 2.964092, "log_mass": 5.291935}, {"country_iso": "VEN", "city_id": 719, "log_pop": 4.473891, "log_mass": 6.507621}, {"country_iso": "VEN", "city_id": 833, "log_pop": 2.545846, "log_mass": 4.771666}, {"country_iso": "VEN", "city_id": 821, "log_pop": 3.946072, "log_mass": 6.281361}, {"country_iso": "VEN", "city_id": 833, "log_pop": 3.758786, "log_mass": 6.173905}, {"country_iso": "VEN", "city_id": 767, "log_pop": 1.976091, "log_mass": 4.461637}, {"country_iso": "VEN", "city_id": 697, "log_pop": 3.022776, "log_mass": 5.436085}, {"country_iso": "VEN", "city_id": 854, "log_pop": 3.320881, "log_mass": 5.580552}, {"country_iso": "VEN", "city_id": 824, "log_pop": 2.361797, "log_mass": 4.758704}, {"country_iso": "VEN", "city_id": 767, "log_pop": 3.934854, "log_mass": 6.448638}, {"country_iso": "VEN", "city_id": 719, "log_pop": 3.433705, "log_mass": 6.155853}, {"country_iso": "VEN", "city_id": 957, "log_pop": 1.556711, "log_mass": 3.501624}, {"country_iso": "VEN", "city_id": 726, "log_pop": 2.29295, "log_mass": 4.439758}, {"country_iso": "VEN", "city_id": 786, "log_pop": 3.936736, "log_mass": 6.491613}, {"country_iso": "VEN", "city_id": 719, "log_pop": 4.394249, "log_mass": 6.4188}, {"country_iso": "VEN", "city_id": 869, "log_pop": 4.084142, "log_mass": 6.385395}, {"country_iso": "VEN", "city_id": 904, "log_pop": 2.319685, "log_mass": 4.57574}, {"country_iso": "VEN", "city_id": 833, "log_pop": 4.05744, "log_mass": 6.48056}, {"country_iso": "VEN", "city_id": 824, "log_pop": 1.84813, "log_mass": 4.085981}, {"country_iso": "VEN", "city_id": 821, "log_pop": 1.310965, "log_mass": 3.559929}, {"country_iso": "VEN", "city_id": 951, "log_pop": 3.20342, "log_mass": 5.906512}, {"country_iso": "VEN", "city_id": 951, "log_pop": 2.219582, "log_mass": 4.846957}, {"country_iso": "VEN", "city_id": 697, "log_pop": 4.044091, "log_mass": 6.272719}, {"country_iso": "VEN", "city_id": 934, "log_pop": 2.229003, "log_mass": 4.945472}, {"country_iso": "VEN", "city_id": 951, "log_pop": 2.617262, "log_mass": 5.430017}, {"country_iso": "VEN", "city_id": 767, "log_pop": 2.825737, "log_mass": 5.138579}, {"country_iso": "VEN", "city_id": 719, "log_pop": 4.345519, "log_mass": 6.59192}, {"country_iso": "VEN", "city_id": 821, "log_pop": 4.147002, "log_mass": 6.38467}, {"country_iso": "VEN", "city_id": 857, "log_pop": 4.147923, "log_mass": 5.961357}, {"country_iso": "VEN", "city_id": 854, "log_pop": 2.985417, "log_mass": 5.46916}, {"country_iso": "VEN", "city_id": 821, "log_pop": 2.29707, "log_mass": 4.962865}, {"country_iso": "VEN", "city_id": 767, "log_pop": 3.537208, "log_mass": 5.960257}, {"country_iso": "VEN", "city_id": 854, "log_pop": 3.722353, "log_mass": 6.119979}, {"country_iso": "VEN", "city_id": 833, "log_pop": 3.412711, "log_mass": 5.78104}, {"country_iso": "VEN", "city_id": 821, "log_pop": 4.026819, "log_mass": 6.294967}, {"country_iso": "VEN", "city_id": 934, "log_pop": 4.051268, "log_mass": 6.318042}, {"country_iso": "VEN", "city_id": 904, "log_pop": 3.997285, "log_mass": 6.389189}, {"country_iso": "VEN", "city_id": 821, "log_pop": 4.239661, "log_mass": 6.443117}, {"country_iso": "VEN", "city_id": 726, "log_pop": 3.147337, "log_mass": 5.419655}, {"country_iso": "VEN", "city_id": 934, "log_pop": 4.151345, "log_mass": 6.364336}, {"country_iso": "VEN", "city_id": 783, "log_pop": 3.959833, "log_mass": 6.432456}, {"country_iso": "VEN", "city_id": 857, "log_pop": 3.460535, "log_mass": 5.819721}, {"country_iso": "VEN", "city_id": 904, "log_pop": 3.994191, "log_mass": 6.291142}, {"country_iso": "VEN", "city_id": 957, "log_pop": 3.896339, "log_mass": 5.935301}, {"country_iso": "VEN", "city_id": 934, "log_pop": 2.226684, "log_mass": 4.63409}, {"country_iso": "VEN", "city_id": 951, "log_pop": 3.487299, "log_mass": 6.129756}, {"country_iso": "VEN", "city_id": 821, "log_pop": 3.098075, "log_mass": 5.229272}, {"country_iso": "VEN", "city_id": 857, "log_pop": 4.487121, "log_mass": 6.441692}, {"country_iso": "VEN", "city_id": 935, "log_pop": 3.829832, "log_mass": 6.21203}, {"country_iso": "VEN", "city_id": 719, "log_pop": 2.653378, "log_mass": 5.465323}, {"country_iso": "VEN", "city_id": 904, "log_pop": 2.840641, "log_mass": 5.387414}, {"country_iso": "VEN", "city_id": 857, "log_pop": 1.263401, "log_mass": 4.466504}, {"country_iso": "VEN", "city_id": 857, "log_pop": 2.709938, "log_mass": 4.606947}, {"country_iso": "VEN", "city_id": 786, "log_pop": 2.367581, "log_mass": 5.013082}, {"country_iso": "VEN", "city_id": 719, "log_pop": 2.96278, "log_mass": 4.859232}, {"country_iso": "VEN", "city_id": 821, "log_pop": 4.291499, "log_mass": 6.573713}, {"country_iso": "VEN", "city_id": 821, "log_pop": 4.287307, "log_mass": 6.541028}, {"country_iso": "VEN", "city_id": 821, "log_pop": 3.193765, "log_mass": 5.747127}, {"country_iso": "VEN", "city_id": 727, "log_pop": 2.559014, "log_mass": 4.983055}, {"country_iso": "VEN", "city_id": 697, "log_pop": 4.256993, "log_mass": 6.388367}, {"country_iso": "VEN", "city_id": 924, "log_pop": 3.198845, "log_mass": 5.388844}, {"country_iso": "VEN", "city_id": 833, "log_pop": 3.819069, "log_mass": 6.346712}, {"country_iso": "VEN", "city_id": 824, "log_pop": 2.426285, "log_mass": 4.987659}, {"country_iso": "VEN", "city_id": 786, "log_pop": 1.072908, "log_mass": 3.749262}, {"country_iso": "VEN", "city_id": 821, "log_pop": 3.01231, "log_mass": 5.567395}, {"country_iso": "VEN", "city_id": 951, "log_pop": 1.041308, "log_mass": 4.291834}, {"country_iso": "VEN", "city_id": 833, "log_pop": 2.9904, "log_mass": 5.149056}, {"country_iso": "VEN", "city_id": 854, "log_pop": 3.433856, "log_mass": 6.029436}, {"country_iso": "VEN", "city_id": 957, "log_pop": 3.857441, "log_mass": 5.97249}, {"country_iso": "VEN", "city_id": 756, "log_pop": 3.618117, "log_mass": 6.212648}, {"country_iso": "VEN", "city_id": 833, "log_pop": 4.195202, "log_mass": 6.360525}, {"country_iso": "VEN", "city_id": 904, "log_pop": 2.705256, "log_mass": 5.081613}, {"country_iso": "VEN", "city_id": 697, "log_pop": 3.990784, "log_mass": 6.405825}, {"country_iso": "VEN", "city_id": 951, "log_pop": 0.695738, "log_mass": 3.976777}, {"country_iso": "VEN", "city_id": 821, "log_pop": 3.282381, "log_mass": 5.757922}, {"country_iso": "VEN", "city_id": 821, "log_pop": 4.064973, "log_mass": 6.21407}, {"country_iso": "VEN", "city_id": 821, "log_pop": 4.106769, "log_mass": 6.341056}, {"country_iso": "VEN", "city_id": 857, "log_pop": 4.449764, "log_mass": 6.424985}, {"country_iso": "VEN", "city_id": 904, "log_pop": 3.859998, "log_mass": 5.827027}, {"country_iso": "VEN", "city_id": 857, "log_pop": 2.597164, "log_mass": 4.448567}, {"country_iso": "VEN", "city_id": 833, "log_pop": 3.716272, "log_mass": 5.765024}, {"country_iso": "VEN", "city_id": 854, "log_pop": 3.104756, "log_mass": 5.539825}, {"country_iso": "VEN", "city_id": 719, "log_pop": 4.409694, "log_mass": 6.441333}, {"country_iso": "VEN", "city_id": 957, "log_pop": 3.032993, "log_mass": 5.009049}, {"country_iso": "VEN", "city_id": 857, "log_pop": 2.955197, "log_mass": 5.670035}, {"country_iso": "VEN", "city_id": 719, "log_pop": 4.520617, "log_mass": 6.597142}, {"country_iso": "VEN", "city_id": 854, "log_pop": 3.701904, "log_mass": 6.233107}, {"country_iso": "VEN", "city_id": 727, "log_pop": 1.777417, "log_mass": 4.093484}, {"country_iso": "VEN", "city_id": 924, "log_pop": 3.604476, "log_mass": 5.815141}, {"country_iso": "VEN", "city_id": 821, "log_pop": 0.811948, "log_mass": 3.682505}, {"country_iso": "VEN", "city_id": 726, "log_pop": 4.188093, "log_mass": 6.486151}, {"country_iso": "VEN", "city_id": 821, "log_pop": 2.010908, "log_mass": 4.856475}, {"country_iso": "VEN", "city_id": 783, "log_pop": 3.29366, "log_mass": 5.749646}, {"country_iso": "VEN", "city_id": 821, "log_pop": 3.148201, "log_mass": 5.630112}, {"country_iso": "VEN", "city_id": 719, "log_pop": 4.217784, "log_mass": 6.430886}, {"country_iso": "VEN", "city_id": 833, "log_pop": 4.072595, "log_mass": 6.250341}, {"country_iso": "VEN", "city_id": 833, "log_pop": 4.279421, "log_mass": 6.359348}, {"country_iso": "VEN", "city_id": 767, "log_pop": 3.625848, "log_mass": 5.98862}, {"country_iso": "VEN", "city_id": 935, "log_pop": 3.727241, "log_mass": 6.122676}, {"country_iso": "VEN", "city_id": 786, "log_pop": 3.670625, "log_mass": 6.150923}, {"country_iso": "VEN", "city_id": 821, "log_pop": 3.893745, "log_mass": 6.171905}, {"country_iso": "VEN", "city_id": 767, "log_pop": 3.895119, "log_mass": 6.42733}, {"country_iso": "VEN", "city_id": 857, "log_pop": 3.584701, "log_mass": 5.453148}, {"country_iso": "VEN", "city_id": 904, "log_pop": 2.725058, "log_mass": 5.006578}, {"country_iso": "VEN", "city_id": 821, "log_pop": 3.918602, "log_mass": 6.300938}, {"country_iso": "VEN", "city_id": 833, "log_pop": 4.262769, "log_mass": 6.372721}, {"country_iso": "VEN", "city_id": 783, "log_pop": 4.235775, "log_mass": 6.536863}, {"country_iso": "VEN", "city_id": 719, "log_pop": 4.262733, "log_mass": 6.239409}, {"country_iso": "VEN", "city_id": 935, "log_pop": 2.173272, "log_mass": 5.855194}, {"country_iso": "VEN", "city_id": 857, "log_pop": 3.052792, "log_mass": 5.702352}, {"country_iso": "VEN", "city_id": 821, "log_pop": 3.807066, "log_mass": 6.240775}, {"country_iso": "VEN", "city_id": 924, "log_pop": 3.444452, "log_mass": 5.580197}, {"country_iso": "VEN", "city_id": 727, "log_pop": 3.188497, "log_mass": 5.48336}, {"country_iso": "VEN", "city_id": 935, "log_pop": 3.43856, "log_mass": 5.805391}, {"country_iso": "VEN", "city_id": 854, "log_pop": 3.51045, "log_mass": 5.928792}, {"country_iso": "VEN", "city_id": 821, "log_pop": 3.976789, "log_mass": 6.4041}, {"country_iso": "VEN", "city_id": 821, "log_pop": 1.397435, "log_mass": 4.003292}, {"country_iso": "VEN", "city_id": 854, "log_pop": 2.814175, "log_mass": 5.280343}, {"country_iso": "VEN", "city_id": 857, "log_pop": 3.953066, "log_mass": 6.270736}, {"country_iso": "VEN", "city_id": 782, "log_pop": 3.908824, "log_mass": 6.302262}, {"country_iso": "VEN", "city_id": 934, "log_pop": 2.416403, "log_mass": 4.511224}, {"country_iso": "VEN", "city_id": 782, "log_pop": 2.014134, "log_mass": 4.126443}, {"country_iso": "VEN", "city_id": 904, "log_pop": 3.706924, "log_mass": 6.160974}, {"country_iso": "VEN", "city_id": 857, "log_pop": 3.537893, "log_mass": 5.710465}, {"country_iso": "VEN", "city_id": 904, "log_pop": 4.260922, "log_mass": 6.370584}, {"country_iso": "VEN", "city_id": 821, "log_pop": 3.741998, "log_mass": 6.293663}, {"country_iso": "VEN", "city_id": 857, "log_pop": 4.257844, "log_mass": 6.35412}, {"country_iso": "VEN", "city_id": 719, "log_pop": 1.471374, "log_mass": 4.43081}, {"country_iso": "VEN", "city_id": 821, "log_pop": 4.137253, "log_mass": 6.448721}, {"country_iso": "VEN", "city_id": 934, "log_pop": 3.461765, "log_mass": 6.016144}, {"country_iso": "VEN", "city_id": 719, "log_pop": 3.446306, "log_mass": 5.477187}, {"country_iso": "VEN", "city_id": 957, "log_pop": 3.31726, "log_mass": 5.30004}, {"country_iso": "VEN", "city_id": 786, "log_pop": 3.62474, "log_mass": 6.066107}, {"country_iso": "VEN", "city_id": 904, "log_pop": 4.241077, "log_mass": 6.242944}, {"country_iso": "VEN", "city_id": 951, "log_pop": 3.256333, "log_mass": 6.247661}, {"country_iso": "VEN", "city_id": 727, "log_pop": 1.765425, "log_mass": 4.426927}, {"country_iso": "VEN", "city_id": 821, "log_pop": 3.718512, "log_mass": 6.023015}, {"country_iso": "VEN", "city_id": 924, "log_pop": 3.250508, "log_mass": 5.376966}]