[{"country_iso": "TZA", "city_id": 5222, "log_pop": 1.757796, "log_mass": 4.53248}, {"country_iso": "TZA", "city_id": 4470, "log_pop": 3.636434, "log_mass": 5.489718}, {"country_iso": "TZA", "city_id": 5222, "log_pop": 5.316518, "log_mass": 6.733694}, {"country_iso": "TZA", "city_id": 4470, "log_pop": 2.915312, "log_mass": 5.319319}, {"country_iso": "TZA", "city_id": 5262, "log_pop": 3.586329, "log_mass": 5.840511}, {"country_iso": "TZA", "city_id": 5249, "log_pop": 1.639487, "log_mass": 3.463521}, {"country_iso": "TZA", "city_id": 5222, "log_pop": 3.715086, "log_mass": 5.854692}, {"country_iso": "TZA", "city_id": 4470, "log_pop": 4.053957, "log_mass": 6.18586}, {"country_iso": "TZA", "city_id": 4498, "log_pop": 4.229933, "log_mass": 6.222364}, {"country_iso": "TZA", "city_id": 5222, "log_pop": 1.491794, "log_mass": 4.625836}, {"country_iso": "TZA", "city_id": 5249, "log_pop": 4.351294, "log_mass": 6.305589}, {"country_iso": "TZA", "city_id": 5222, "log_pop": 2.535042, "log_mass": 5.073629}, {"country_iso": "TZA", "city_id": 5262, "log_pop": 3.885111, "log_mass": 5.932932}, {"country_iso": "TZA", "city_id": 5222, "log_pop": 4.676502, "log_mass": 6.452811}, {"country_iso": "TZA", "city_id": 5222, "log_pop": 3.489179, "log_mass": 5.655998}, {"country_iso": "TZA", "city_id": 5262, "log_pop": 4.076921, "log_mass": 6.00302}, {"country_iso": "TZA", "city_id": 5222, "log_pop": 5.068654, "log_mass": 6.624859}, {"country_iso": "TZA", "city_id": 4455, "log_pop": 4.432502, "log_mass": 6.40645}, {"country_iso": "TZA", "city_id": 4679, "log_pop": 3.710128, "log_mass": 6.048803}, {"country_iso": "TZA", "city_id": 4679, "log_pop": 2.464024, "log_mass": 4.797238}, {"country_iso": "TZA", "city_id": 5222, "log_pop": 4.178166, "log_mass": 6.124431}, {"country_iso": "TZA", "city_id": 4498, "log_pop": 4.115195, "log_mass": 6.199565}, {"country_iso": "TZA", "city_id": 4498, "log_pop": 2.01914, "log_mass": 4.478933}, {"country_iso": "TZA", "city_id": 5222, "log_pop": 4.137053, "log_mass": 6.206131}, {"country_iso": "TZA", "city_id": 5222, "log_pop": 3.831257, "log_mass": 5.994609}, {"country_iso": "TZA", "city_id": 4679, "log_pop": 3.629307, "log_mass": 6.036187}, {"country_iso": "TZA", "city_id": 4498, "log_pop": 4.103675, "log_mass": 6.098762}, {"country_iso": "TZA", "city_id": 5222, "log_pop": 4.026509, "log_mass": 5.706847}, {"country_iso": "TZA", "city_id": 4470, "log_pop": 4.493496, "log_mass": 6.116891}, {"country_iso": "TZA", "city_id": 5222, "log_pop": 4.47685, "log_mass": 6.623393}, {"country_iso": "TZA", "city_id": 5222, "log_pop": 2.795826, "log_mass": 4.879546}, {"country_iso": "TZA", "city_id": 4679, "log_pop": 3.711158, "log_mass": 6.007004}, {"country_iso": "TZA", "city_id": 4120, "log_pop": 1.936542, "log_mass": 4.259071}, {"country_iso": "TZA", "city_id": 5262, "log_pop": 3.593355, "log_mass": 5.617514}, {"country_iso": "TZA", "city_id": 5222, "log_pop": 3.387986, "log_mass": 5.506883}, {"country_iso": "TZA", "city_id": 5222, "log_pop": 2.77682, "log_mass": 5.326806}, {"country_iso": "TZA", "city_id": 5222, "log_pop": 4.514232, "log_mass": 6.472701}, {"country_iso": "TZA", "city_id": 5222, "log_pop": 4.921758, "log_mass": 6.528105}, {"country_iso": "TZA", "city_id": 5222, "log_pop": 4.4724, "log_mass": 6.477865}, {"country_iso": "TZA", "city_id": 5262, "log_pop": 1.23239, "log_mass": 3.533586}, {"country_iso": "TZA", "city_id": 5222, "log_pop": 4.198311, "log_mass": 6.019076}, {"country_iso": "TZA", "city_id": 5222, "log_pop": 4.296443, "log_mass": 6.234092}, {"country_iso": "TZA", "city_id": 5222, "log_pop": 1.777465, "log_mass": 4.236659}, {"country_iso": "TZA", "city_id": 5222, "log_pop": 3.375192, "log_mass": 5.452618}, {"country_iso": "TZA", "city_id": 5249, "log_pop": 3.93974, "log_mass": 5.934777}, {"country_iso": "TZA", "city_id": 4498, "log_pop": 1.866946, "log_mass": 4.095924}, {"country_iso": "TZA", "city_id": 4679, "log_pop": 3.557402, "log_mass": 5.903834}, {"country_iso": "TZA", "city_id": 5222, "log_pop": 2.747154, "log_mass": 4.881426}, {"country_iso": "TZA", "city_id": 4647, "log_pop": 1.369785, "log_mass": 4.963083}, {"country_iso": "TZA", "city_id": 4470, "log_pop": 3.515938, "log_mass": 5.618049}, {"country_iso": "TZA", "city_id": 4470, "log_pop": 3.690127, "log_mass": 5.593947}, {"country_iso": "TZA", "city_id": 4498, "log_pop": 3.190107, "log_mass": 5.617863}, {"country_iso": "TZA", "city_id": 5222, "log_pop": 2.093805, "log_mass": 4.858569}, {"country_iso": "TZA", "city_id": 5222, "log_pop": 4.875836, "log_mass": 6.476201}, {"country_iso": "TZA", "city_id": 4470, "log_pop": 3.484643, "log_mass": 5.597582}, {"country_iso": "TZA", "city_id": 4120, "log_pop": 2.841656, "log_mass": 4.986694}, {"country_iso": "TZA", "city_id": 4498, "log_pop": 3.075844, "log_mass": 5.343503}, {"country_iso": "TZA", "city_id": 5222, "log_pop": 4.374001, "log_mass": 6.304208}, {"country_iso": "TZA", "city_id": 4647, "log_pop": 1.545792, "log_mass": 3.994527}, {"country_iso": "TZA", "city_id": 4455, "log_pop": 2.723705, "log_mass": 5.139968}, {"country_iso": "TZA", "city_id": 5222, "log_pop": 4.880722, "log_mass": 6.57714}, {"country_iso": "TZA", "city_id": 5222, "log_pop": 2.355842, "log_mass": 4.760376}, {"country_iso": "TZA", "city_id": 4120, "log_pop": 2.471667, "log_mass": 4.609189}, {"country_iso": "TZA", "city_id": 4455, "log_pop": 3.961971, "log_mass": 6.090938}, {"country_iso": "TZA", "city_id": 5222, "log_pop": 3.607619, "log_mass": 5.78635}, {"country_iso": "TZA", "city_id": 5222, "log_pop": 4.011463, "log_mass": 5.993295}, {"country_iso": "TZA", "city_id": 5262, "log_pop": 3.730082, "log_mass": 5.534556}, {"country_iso": "TZA", "city_id": 5222, "log_pop": 4.146354, "log_mass": 6.256944}, {"country_iso": "TZA", "city_id": 5249, "log_pop": 4.465436, "log_mass": 6.352518}, {"country_iso": "TZA", "city_id": 5222, "log_pop": 4.106572, "log_mass": 6.008996}, {"country_iso": "TZA", "city_id": 5222, "log_pop": 3.899353, "log_mass": 6.137947}, {"country_iso": "TZA", "city_id": 5222, "log_pop": 3.69156, "log_mass": 5.907241}, {"country_iso": "TZA", "city_id": 4498, "log_pop": 0.715274, "log_mass": 3.741285}, {"country_iso": "TZA", "city_id": 5262, "log_pop": 1.441264, "log_mass": 4.011281}, {"country_iso": "TZA", "city_id": 4470, "log_pop": 2.276491, "log_mass": 4.821622}, {"country_iso": "TZA", "city_id": 5222, "log_pop": 3.889627, "log_mass": 6.116979}, {"country_iso": "TZA", "city_id": 4679, "log_pop": 3.976953, "log_mass": 6.137051}, {"country_iso": "TZA", "city_id": 4679, "log_pop": 3.279493, "log_mass": 5.821954}, {"country_iso": "TZA", "city_id": 4455, "log_pop": 3.066142, "log_mass": 5.258091}, {"country_iso": "TZA", "city_id": 5222, "log_pop": 3.087729, "log_mass": 5.00479}, {"country_iso": "TZA", "city_id": 5222, "log_pop": 4.19443, "log_mass": 6.142648}, {"country_iso": "TZA", "city_id": 4470, "log_pop": 3.382428, "log_mass": 5.774661}, {"country_iso": "TZA", "city_id": 5222, "log_pop": 4.939408, "log_mass": 6.471564}, {"country_iso": "TZA", "city_id": 5222, "log_pop": 2.729971, "log_mass": 4.876941}, {"country_iso": "TZA", "city_id": 5222, "log_pop": 3.204726, "log_mass": 5.360371}, {"country_iso": "TZA", "city_id": 5222, "log_pop": 1.529107, "log_mass": 3.982969}, {"country_iso": "TZA", "city_id": 4498, "log_pop": 1.716288, "log_mass": 4.240048}, {"country_iso": "TZA", "city_id": 5222, "log_pop": 3.370313, "log_mass": 5.600272}, {"country_iso": "TZA", "city_id": 5222, "log_pop": 3.408768, "log_mass": 5.648257}, {"country_iso": "TZA", "city_id": 5222, "log_pop": 1.738372, "log_mass": 4.403051}, {"country_iso": "TZA", "city_id": 5222, "log_pop": 3.388196, "log_mass": 5.681323}, {"country_iso": "TZA", "city_id": 5222, "log_pop": 4.979615, "log_mass": 6.766692}, {"country_iso": "TZA", "city_id": 5222, "log_pop": 3.502415, "log_mass": 5.872688}, {"country_iso": "TZA", "city_id": 5222, "log_pop": 3.897837, "log_mass": 6.0122}, {"country_iso": "TZA", "city_id": 5249, "log_pop": 1.284732, "log_mass": 4.043558}, {"country_iso": "TZA", "city_id": 5222, "log_pop": 2.610936, "log_mass": 5.146959}, {"country_iso": "TZA", "city_id": 5222, "log_pop": 2.288838, "log_mass": 4.846007}, {"country_iso": "TZA", "city_id": 5222, "log_pop": 3.113671, "log_mass": 5.513792}, {"country_iso": "TZA", "city_id": 5222, "log_pop": 2.761029, "log_mass": 5.188053}, {"country_iso": "TZA", "city_id": 4470, "log_pop": 4.141111, "log_mass": 5.859058}, {"country_iso": "TZA", "city_id": 5262, "log_pop": 0.981588, "log_mass": 3.841435}, {"country_iso": "TZA", "city_id": 5222, "log_pop": 4.05285, "log_mass": 6.149317}, {"country_iso": "TZA", "city_id": 5222, "log_pop": 5.062686, "log_mass": 6.620698}, {"country_iso": "TZA", "city_id": 4647, "log_pop": 2.790254, "log_mass": 5.064273}, {"country_iso": "TZA", "city_id": 4498, "log_pop": 3.75504, "log_mass": 5.916317}, {"country_iso": "TZA", "city_id": 5222, "log_pop": 4.051248, "log_mass": 6.272689}, {"country_iso": "TZA", "city_id": 5222, "log_pop": 4.242797, "log_mass": 6.450827}, {"country_iso": "TZA", "city_id": 5222, "log_pop": 4.142447, "log_mass": 6.187605}, {"country_iso": "TZA", "city_id": 5222, "log_pop": 3.400346, "log_mass": 5.599121}, {"country_iso": "TZA", "city_id": 5222, "log_pop": 3.188728, "log_mass": 5.282423}, {"country_iso": "TZA", "city_id": 5222, "log_pop": 2.98186, "log_mass": 5.223299}, {"country_iso": "TZA", "city_id": 4470, "log_pop": 4.147105, "log_mass": 5.951242}, {"country_iso": "TZA", "city_id": 4647, "log_pop": 2.417532, "log_mass": 4.538479}, {"country_iso": "TZA", "city_id": 5222, "log_pop": 3.175079, "log_mass": 5.523846}, {"country_iso": "TZA", "city_id": 5222, "log_pop": 4.45738, "log_mass": 6.403995}, {"country_iso": "TZA", "city_id": 5222, "log_pop": 2.757802, "log_mass": 5.470283}, {"country_iso": "TZA", "city_id": 5222, "log_pop": 4.344835, "log_mass": 6.263426}, {"country_iso": "TZA", "city_id": 5222, "log_pop": 4.083767, "log_mass": 6.076839}, {"country_iso": "TZA", "city_id": 5222, "log_pop": 4.906686, "log_mass": 6.545525}, {"country_iso": "TZA", "city_id": 4498, "log_pop": 2.601269, "log_mass": 5.187033}, {"country_iso": "TZA", "city_id": 4679, "log_pop": 1.854539, "log_mass": 4.505452}, {"country_iso": "TZA", "city_id": 4120, "log_pop": 3.217793, "log_mass": 5.661364}, {"country_iso": "TZA", "city_id": 4679, "log_pop": 4.544393, "log_mass": 6.520397}, {"country_iso": "TZA", "city_id": 5222, "log_pop": 2.300578, "log_mass": 4.991305}, {"country_iso": "TZA", "city_id": 4470, "log_pop": 2.518805, "log_mass": 5.325358}, {"country_iso": "TZA", "city_id": 4120, "log_pop": 2.288024, "log_mass": 4.505835}, {"country_iso": "TZA", "city_id": 5262, "log_pop": 1.472956, "log_mass": 4.955887}, {"country_iso": "TZA", "city_id": 5222, "log_pop": 5.059201, "log_mass": 6.664248}, {"country_iso": "TZA", "city_id": 4647, "log_pop": 3.766957, "log_mass": 5.581446}, {"country_iso": "TZA", "city_id": 4120, "log_pop": 3.504834, "log_mass": 5.336173}, {"country_iso": "TZA", "city_id": 5222, "log_pop": 2.825114, "log_mass": 5.09763}, {"country_iso": "TZA", "city_id": 5262, "log_pop": 3.459196, "log_mass": 5.573515}, {"country_iso": "TZA", "city_id": 4470, "log_pop": 4.20461, "log_mass": 6.088476}, {"country_iso": "TZA", "city_id": 5222, "log_pop": 3.566644, "log_mass": 5.817318}, {"country_iso": "TZA", "city_id": 5222, "log_pop": 2.127473, "log_mass": 4.412638}, {"country_iso": "TZA", "city_id": 5222, "log_pop": 4.769179, "log_mass": 6.468928}, {"country_iso": "TZA", "city_id": 5222, "log_pop": 2.824021, "log_mass": 5.35461}, {"country_iso": "TZA", "city_id": 5222, "log_pop": 4.023345, "log_mass": 5.998382}, {"country_iso": "TZA", "city_id": 4679, "log_pop": 2.313805, "log_mass": 4.899323}, {"country_iso": "TZA", "city_id": 4679, "log_pop": 2.824373, "log_mass": 5.263783}, {"country_iso": "TZA", "city_id": 5222, "log_pop": 4.147558, "log_mass": 6.0704}, {"country_iso": "TZA", "city_id": 5222, "log_pop": 4.742265, "log_mass": 6.433824}, {"country_iso": "TZA", "city_id": 5222, "log_pop": 4.838123, "log_mass": 6.656948}, {"country_iso": "TZA", "city_id": 5249, "log_pop": 4.07106, "log_mass": 6.131644}, {"country_iso": "TZA", "city_id": 5222, "log_pop": 3.947549, "log_mass": 6.057815}, {"country_iso": "TZA", "city_id": 5222, "log_pop": 3.711126, "log_mass": 5.795564}, {"country_iso": "TZA", "city_id": 5222, "log_pop": 3.941252, "log_mass": 5.888375}, {"country_iso": "TZA", "city_id": 5222, "log_pop": 2.574508, "log_mass": 4.759713}, {"country_iso": "TZA", "city_id": 4120, "log_pop": 3.943013, "log_mass": 5.786704}, {"country_iso": "TZA", "city_id": 4498, "log_pop": 3.505918, "log_mass": 5.662497}, {"country_iso": "TZA", "city_id": 5222, "log_pop": 5.17124, "log_mass": 6.639567}, {"country_iso": "TZA", "city_id": 5222, "log_pop": 3.627528, "log_mass": 5.911655}, {"country_iso": "TZA", "city_id": 5222, "log_pop": 1.122202, "log_mass": 3.671824}, {"country_iso": "TZA", "city_id": 5222, "log_pop": 4.580903, "log_mass": 6.376515}, {"country_iso": "TZA", "city_id": 4470, "log_pop": 2.653809, "log_mass": 5.119584}, {"country_iso": "TZA", "city_id": 5222, "log_pop": 4.927106, "log_mass": 6.600491}, {"country_iso": "TZA", "city_id": 5222, "log_pop": 3.288072, "log_mass": 5.288808}, {"country_iso": "TZA", "city_id": 4120, "log_pop": 2.815731, "log_mass": 4.961564}, {"country_iso": "TZA", "city_id": 5222, "log_pop": 3.65789, "log_mass": 5.786502}, {"country_iso": "TZA", "city_id": 4455, "log_pop": 1.192586, "log_mass": 4.438073}, {"country_iso": "TZA", "city_id": 4470, "log_pop": 3.837851, "log_mass": 5.770952}, {"country_iso": "TZA", "city_id": 5222, "log_pop": 2.892521, "log_mass": 5.062733}, {"country_iso": "TZA", "city_id": 4120, "log_pop": 3.804794, "log_mass": 6.09659}, {"country_iso": "TZA", "city_id": 5222, "log_pop": 4.571528, "log_mass": 6.164013}, {"country_iso": "TZA", "city_id": 4470, "log_pop": 4.795807, "log_mass": 6.502923}, {"country_iso": "TZA", "city_id": 5222, "log_pop": 3.967174, "log_mass": 5.984137}, {"country_iso": "TZA", "city_id": 5222, "log_pop": 2.928634, "log_mass": 5.318467}, {"country_iso": "TZA", "city_id": 5262, "log_pop": 4.009251, "log_mass": 6.095844}, {"country_iso": "TZA", "city_id": 5222, "log_pop": 3.13986, "log_mass": 5.30504}, {"country_iso": "TZA", "city_id": 5222, "log_pop": 3.080409, "log_mass": 5.278813}, {"country_iso": "TZA", "city_id": 4455, "log_pop": 0.990876, "log_mass": 3.571433}, {"country_iso": "TZA", "city_id": 5222, "log_pop": 3.553301, "log_mass": 5.771813}, {"country_iso": "TZA", "city_id": 4470, "log_pop": 2.668767, "log_mass": 5.131314}, {"country_iso": "TZA", "city_id": 5262, "log_pop": 1.308261, "log_mass": 3.683699}, {"country_iso": "TZA", "city_id": 5222, "log_pop": 2.989156, "log_mass": 5.239197}, {"country_iso": "TZA", "city_id": 4120, "log_pop": 3.029211, "log_mass": 5.403822}, {"country_iso": "TZA", "city_id": 4470, "log_pop": 2.370162, "log_mass": 4.584703}, {"country_iso": "TZA", "city_id": 5262, "log_pop": 0.895441, "log_mass": 4.539288}, {"country_iso": "TZA", "city_id": 5222, "log_pop": 4.16812, "log_mass": 6.046783}, {"country_iso": "TZA", "city_id": 4470, "log_pop": 4.550461, "log_mass": 6.285655}, {"country_iso": "TZA", "city_id": 5222, "log_pop": 2.406104, "log_mass": 4.518896}, {"country_iso": "TZA", "city_id": 5222, "log_pop": 3.530716, "log_mass": 5.780969}, {"country_iso": "TZA", "city_id": 4647, "log_pop": 1.177461, "log_mass": 4.041736}, {"country_iso": "TZA", "city_id": 5222, "log_pop": 2.932973, "log_mass": 5.029415}, {"country_iso": "TZA", "city_id": 4470, "log_pop": 0.970354, "log_mass": 4.159559}, {"country_iso": "TZA", "city_id": 5249, "log_pop": 1.472547, "log_mass": 4.09913}, {"country_iso": "TZA", "city_id": 4498, "log_pop": 4.774912, "log_mass": 6.609638}, {"country_iso": "TZA", "city_id": 4679, "log_pop": 3.498424, "log_mass": 5.795224}, {"country_iso": "TZA", "city_id": 5222, "log_pop": 3.91084, "log_mass": 5.916108}, {"country_iso": "TZA", "city_id": 4498, "log_pop": 4.270326, "log_mass": 6.301334}, {"country_iso": "TZA", "city_id": 5222, "log_pop": 2.60726, "log_mass": 4.896175}, {"country_iso": "TZA", "city_id": 5222, "log_pop": 3.936356, "log_mass": 5.985391}, {"country_iso": "TZA", "city_id": 5222, "log_pop": 0.950451, "log_mass": 3.650784}, {"country_iso": "TZA", "city_id": 5262, "log_pop": 3.289547, "log_mass": 5.32932}, {"country_iso": "TZA", "city_id": 5262, "log_pop": 4.579541, "log_mass": 6.380308}, {"country_iso": "TZA", "city_id": 5222, "log_pop": 3.424048, "log_mass": 5.581364}, {"country_iso": "TZA", "city_id": 4498, "log_pop": 3.821953, "log_mass": 5.942158}, {"country_iso": "TZA", "city_id": 4470, "log_pop": 2.203531, "log_mass": 4.630076}, {"country_iso": "TZA", "city_id": 4470, "log_pop": 2.246163, "log_mass": 4.749591}, {"country_iso": "TZA", "city_id": 5249, "log_pop": 2.795294, "log_mass": 4.965997}, {"country_iso": "TZA", "city_id": 4647, "log_pop": 3.780085, "log_mass": 5.680071}, {"country_iso": "TZA", "city_id": 4120, "log_pop": 2.670793, "log_mass": 5.029301}, {"country_iso": "TZA", "city_id": 4679, "log_pop": 3.940183, "log_mass": 6.244478}, {"country_iso": "TZA", "city_id": 5222, "log_pop": 4.106766, "log_mass": 6.149978}, {"country_iso": "TZA", "city_id": 4470, "log_pop": 3.951347, "log_mass": 5.85803}, {"country_iso": "TZA", "city_id": 5249, "log_pop": 3.578032, "log_mass": 5.608542}, {"country_iso": "TZA", "city_id": 5222, "log_pop": 4.650008, "log_mass": 6.677735}, {"country_iso": "TZA", "city_id": 5222, "log_pop": 3.704172, "log_mass": 5.921559}, {"country_iso": "TZA", "city_id": 4120, "log_pop": 4.356685, "log_mass": 6.265457}, {"country_iso": "TZA", "city_id": 5222, "log_pop": 3.80741, "log_mass": 5.911105}, {"country_iso": "TZA", "city_id": 4470, "log_pop": 3.896723, "log_mass": 5.908846}, {"country_iso": "TZA", "city_id": 4498, "log_pop": 2.93603, "log_mass": 5.322161}, {"country_iso": "TZA", "city_id": 5222, "log_pop": 3.088693, "log_mass": 5.109198}, {"country_iso": "TZA", "city_id": 5262, "log_pop": 2.848686, "log_mass": 5.090454}, {"country_iso": "TZA", "city_id": 5222, "log_pop": 2.444651, "log_mass": 4.541769}, {"country_iso": "TZA", "city_id": 5222, "log_pop": 4.732299, "log_mass": 6.605331}, {"country_iso": "TZA", "city_id": 4647, "log_pop": 0.971629, "log_mass": 3.091268}, {"country_iso": "TZA", "city_id": 5249, "log_pop": 3.172369, "log_mass": 5.380609}, {"country_iso": "TZA", "city_id": 5222, "log_pop": 3.429183, "log_mass": 5.563447}, {"country_iso": "TZA", "city_id": 4498, "log_pop": 2.268217, "log_mass": 4.560291}, {"country_iso": "TZA", "city_id": 5222, "log_pop": 1.663037, "log_mass": 4.500462}, {"country_iso": "TZA", "city_id": 5262, "log_pop": 3.22241, "log_mass": 5.142308}, {"country_iso": "TZA", "city_id": 4470, "log_pop": 4.437899, "log_mass": 6.291661}, {"country_iso": "TZA", "city_id": 5222, "log_pop": 1.397762, "log_mass": 3.880652}, {"country_iso": "TZA", "city_id": 5262, "log_pop": 2.211405, "log_mass": 4.887529}, {"country_iso": "TZA", "city_id": 5222, "log_pop": 5.077575, "log_mass": 6.679296}, {"country_iso": "TZA", "city_id": 4679, "log_pop": 4.47469, "log_mass": 6.495546}, {"country_iso": "TZA", "city_id": 4470, "log_pop": 0.866173, "log_mass": 3.544264}, {"country_iso": "TZA", "city_id": 5222, "log_pop": 2.736838, "log_mass": 4.940824}, {"country_iso": "TZA", "city_id": 5222, "log_pop": 3.917908, "log_mass": 5.939398}, {"country_iso": "TZA", "city_id": 4498, "log_pop": 4.340664, "log_mass": 6.398364}, {"country_iso": "TZA", "city_id": 5222, "log_pop": 5.030059, "log_mass": 6.597875}, {"country_iso": "TZA", "city_id": 5222, "log_pop": 4.885357, "log_mass": 6.535122}, {"country_iso": "TZA", "city_id": 4120, "log_pop": 3.13929, "log_mass": 5.343685}, {"country_iso": "TZA", "city_id": 4120, "log_pop": 3.232865, "log_mass": 5.061514}, {"country_iso": "TZA", "city_id": 5262, "log_pop": 4.163603, "log_mass": 6.058856}, {"country_iso": "TZA", "city_id": 4470, "log_pop": 3.569146, "log_mass": 5.720749}, {"country_iso": "TZA", "city_id": 4647, "log_pop": 4.128346, "log_mass": 5.953377}, {"country_iso": "TZA", "city_id": 4498, "log_pop": 3.774474, "log_mass": 5.884107}, {"country_iso": "TZA", "city_id": 4120, "log_pop": 3.883954, "log_mass": 6.051646}, {"country_iso": "TZA", "city_id": 5222, "log_pop": 1.845636, "log_mass": 4.196089}, {"country_iso": "TZA", "city_id": 5262, "log_pop": 4.790118, "log_mass": 6.540676}, {"country_iso": "TZA", "city_id": 5222, "log_pop": 4.961857, "log_mass": 6.568763}, {"country_iso": "TZA", "city_id": 4498, "log_pop": 3.334248, "log_mass": 5.499099}, {"country_iso": "TZA", "city_id": 4470, "log_pop": 3.47709, "log_mass": 5.519151}, {"country_iso": "TZA", "city_id": 4679, "log_pop": 3.362971, "log_mass": 5.732733}, {"country_iso": "TZA", "city_id": 4120, "log_pop": 2.773349, "log_mass": 4.772359}, {"country_iso": "TZA", "city_id": 5222, "log_pop": 3.164731, "log_mass": 5.479799}, {"country_iso": "TZA", "city_id": 5262, "log_pop": 4.913859, "log_mass": 6.51927}, {"country_iso": "TZA", "city_id": 4470, "log_pop": 3.187367, "log_mass": 5.352525}, {"country_iso": "TZA", "city_id": 5222, "log_pop": 2.332625, "log_mass": 4.592596}, {"country_iso": "TZA", "city_id": 4455, "log_pop": 3.229224, "log_mass": 5.430039}, {"country_iso": "TZA", "city_id": 4470, "log_pop": 4.197866, "log_mass": 6.189082}, {"country_iso": "TZA", "city_id": 4498, "log_pop": 3.907734, "log_mass": 6.026313}, {"country_iso": "TZA", "city_id": 5249, "log_pop": 3.040328, "log_mass": 5.294634}, {"country_iso": "TZA", "city_id": 5222, "log_pop": 4.172805, "log_mass": 6.42692}, {"country_iso": "TZA", "city_id": 5262, "log_pop": 3.416716, "log_mass": 5.553715}, {"country_iso": "TZA", "city_id": 5249, "log_pop": 4.676892, "log_mass": 6.473645}, {"country_iso": "TZA", "city_id": 5262, "log_pop": 4.310535, "log_mass": 6.102817}, {"country_iso": "TZA", "city_id": 5222, "log_pop": 3.811758, "log_mass": 5.85268}, {"country_iso": "TZA", "city_id": 4120, "log_pop": 4.381942, "log_mass": 6.336012}, {"country_iso": "TZA", "city_id": 5222, "log_pop": 4.226343, "log_mass": 6.251359}, {"country_iso": "TZA", "city_id": 5222, "log_pop": 4.385505, "log_mass": 6.346931}, {"country_iso": "TZA", "city_id": 5262, "log_pop": 3.318649, "log_mass": 5.678114}, {"country_iso": "TZA", "city_id": 4498, "log_pop": 3.319655, "log_mass": 5.60914}, {"country_iso": "TZA", "city_id": 4470, "log_pop": 1.480618, "log_mass": 4.361154}, {"country_iso": "TZA", "city_id": 5222, "log_pop": 3.831927, "log_mass": 5.951761}, {"country_iso": "TZA", "city_id": 5222, "log_pop": 4.077338, "log_mass": 5.917112}, {"country_iso": "TZA", "city_id": 5222, "log_pop": 3.873402, "log_mass": 5.805197}, {"country_iso": "TZA", "city_id": 4647, "log_pop": 3.35179, "log_mass": 5.467786}, {"country_iso": "TZA", "city_id": 5222, "log_pop": 2.676691, "log_mass": 4.711959}, {"country_iso": "TZA", "city_id": 4647, "log_pop": 1.717943, "log_mass": 4.61005}, {"country_iso": "TZA", "city_id": 4470, "log_pop": 1.197154, "log_mass": 4.130227}, {"country_iso": "TZA", "city_id": 5262, "log_pop": 4.331427, "log_mass": 6.268932}, {"country_iso": "TZA", "city_id": 5262, "log_pop": 3.404267, "log_mass": 5.411521}, {"country_iso": "TZA", "city_id": 5222, "log_pop": 3.257338, "log_mass": 5.346803}, {"country_iso": "TZA", "city_id": 4455, "log_pop": 1.950648, "log_mass": 4.654307}, {"country_iso": "TZA", "city_id": 4647, "log_pop": 1.919422, "log_mass": 4.814197}, {"country_iso": "TZA", "city_id": 4455, "log_pop": 4.25741, "log_mass": 6.182232}, {"country_iso": "TZA", "city_id": 5222, "log_pop": 2.816704, "log_mass": 5.359133}, {"country_iso": "TZA", "city_id": 5262, "log_pop": 4.926463, "log_mass": 6.523947}, {"country_iso": "TZA", "city_id": 5262, "log_pop": 2.883977, "log_mass": 4.873287}, {"country_iso": "TZA", "city_id": 4470, "log_pop": 2.936337, "log_mass": 4.868174}, {"country_iso": "TZA", "city_id": 4498, "log_pop": 3.532998, "log_mass": 5.752099}, {"country_iso": "TZA", "city_id": 5222, "log_pop": 3.007377, "log_mass": 5.295566}, {"country_iso": "TZA", "city_id": 5222, "log_pop": 3.357916, "log_mass": 5.47669}, {"country_iso": "TZA", "city_id": 4679, "log_pop": 3.967381, "log_mass": 6.1892}, {"country_iso": "TZA", "city_id": 4455, "log_pop": 3.890164, "log_mass": 6.09594}, {"country_iso": "TZA", "city_id": 4498, "log_pop": 3.281961, "log_mass": 5.495685}, {"country_iso": "TZA", "city_id": 5222, "log_pop": 3.720827, "log_mass": 5.782122}, {"country_iso": "TZA", "city_id": 5222, "log_pop": 1.142473, "log_mass": 3.95603}, {"country_iso": "TZA", "city_id": 5222, "log_pop": 3.146141, "log_mass": 5.371619}, {"country_iso": "TZA", "city_id": 5222, "log_pop": 3.503667, "log_mass": 5.872176}, {"country_iso": "TZA", "city_id": 5222, "log_pop": 4.454646, "log_mass": 6.208652}, {"country_iso": "TZA", "city_id": 4120, "log_pop": 3.909425, "log_mass": 5.856947}, {"country_iso": "TZA", "city_id": 5222, "log_pop": 2.000205, "log_mass": 4.513077}, {"country_iso": "TZA", "city_id": 4647, "log_pop": 4.398106, "log_mass": 6.366211}, {"country_iso": "TZA", "city_id": 5222, "log_pop": 4.295797, "log_mass": 6.341227}, {"country_iso": "TZA", "city_id": 4455, "log_pop": 3.858534, "log_mass": 5.867148}, {"country_iso": "TZA", "city_id": 5222, "log_pop": 2.628965, "log_mass": 5.120423}, {"country_iso": "TZA", "city_id": 5222, "log_pop": 5.142655, "log_mass": 6.683358}, {"country_iso": "TZA", "city_id": 4498, "log_pop": 4.213135, "log_mass": 6.249722}, {"country_iso": "TZA", "city_id": 5222, "log_pop": 4.543834, "log_mass": 6.641223}]