[{"country_iso":"LKA","city_id":8835,"log_pop":3.4975454921,"log_mass":5.5924171367},{"country_iso":"LKA","city_id":8835,"log_pop":3.1110452059,"log_mass":5.0810981913},{"country_iso":"LKA","city_id":8835,"log_pop":4.0665137119,"log_mass":6.2972498936},{"country_iso":"LKA","city_id":8835,"log_pop":3.7970244061,"log_mass":6.3895030732},{"country_iso":"LKA","city_id":8835,"log_pop":4.0550175439,"log_mass":6.3814497565},{"country_iso":"LKA","city_id":8835,"log_pop":0.8135316868,"log_mass":3.6659348392},{"country_iso":"LKA","city_id":8835,"log_pop":3.7790129408,"log_mass":6.1677664184},{"country_iso":"LKA","city_id":8835,"log_pop":3.6250286669,"log_mass":6.2652280542},{"country_iso":"LKA","city_id":8835,"log_pop":3.9644008991,"log_mass":6.4794621468},{"country_iso":"LKA","city_id":8835,"log_pop":1.9338300455,"log_mass":4.8542368734},{"country_iso":"LKA","city_id":8835,"log_pop":1.6254685906,"log_mass":4.1480053421},{"country_iso":"LKA","city_id":8835,"log_pop":3.7733463943,"log_mass":5.9825900723},{"country_iso":"LKA","city_id":8835,"log_pop":2.8281064355,"log_mass":4.9736906241},{"country_iso":"LKA","city_id":8835,"log_pop":4.1906800251,"log_mass":6.1624981161},{"country_iso":"LKA","city_id":8835,"log_pop":3.8542933132,"log_mass":6.1402034625},{"country_iso":"LKA","city_id":8835,"log_pop":4.1909573096,"log_mass":6.5013261796},{"country_iso":"LKA","city_id":8835,"log_pop":3.4563807693,"log_mass":6.1693986863},{"country_iso":"LKA","city_id":8835,"log_pop":4.0814497363,"log_mass":6.4133838004},{"country_iso":"LKA","city_id":8835,"log_pop":3.9817256317,"log_mass":6.3230661761},{"country_iso":"LKA","city_id":8835,"log_pop":3.4349017125,"log_mass":5.9679640303},{"country_iso":"LKA","city_id":8835,"log_pop":3.9565452449,"log_mass":6.4837229329},{"country_iso":"LKA","city_id":8835,"log_pop":3.7093391914,"log_mass":6.4741789001},{"country_iso":"LKA","city_id":8835,"log_pop":4.0026230036,"log_mass":6.4851451046},{"country_iso":"LKA","city_id":8835,"log_pop":4.0077285962,"log_mass":6.4936769336},{"country_iso":"LKA","city_id":8835,"log_pop":4.2689405999,"log_mass":6.531888385},{"country_iso":"LKA","city_id":8835,"log_pop":1.1515175962,"log_mass":4.0486248821},{"country_iso":"LKA","city_id":8835,"log_pop":3.5725307808,"log_mass":6.2212940509},{"country_iso":"LKA","city_id":8835,"log_pop":3.7826238917,"log_mass":6.373008812},{"country_iso":"LKA","city_id":8835,"log_pop":4.176890883,"log_mass":6.2752890088},{"country_iso":"LKA","city_id":8835,"log_pop":4.0352706938,"log_mass":5.9394162866},{"country_iso":"LKA","city_id":8835,"log_pop":4.4826662633,"log_mass":6.5423410521},{"country_iso":"LKA","city_id":8835,"log_pop":4.4555143308,"log_mass":6.5374806171},{"country_iso":"LKA","city_id":8835,"log_pop":4.182738997,"log_mass":6.3457033699},{"country_iso":"LKA","city_id":8835,"log_pop":4.4297959477,"log_mass":6.3170841431},{"country_iso":"LKA","city_id":8835,"log_pop":4.1910843062,"log_mass":6.4589395939},{"country_iso":"LKA","city_id":8835,"log_pop":4.0199629323,"log_mass":6.4975443036},{"country_iso":"LKA","city_id":8835,"log_pop":4.2232485409,"log_mass":6.4945362682},{"country_iso":"LKA","city_id":8835,"log_pop":4.2294047512,"log_mass":6.5279962923},{"country_iso":"LKA","city_id":8835,"log_pop":4.212260101,"log_mass":6.5180839502},{"country_iso":"LKA","city_id":8835,"log_pop":3.0624644595,"log_mass":5.7284332429},{"country_iso":"LKA","city_id":8835,"log_pop":3.9194536269,"log_mass":6.4825253385},{"country_iso":"LKA","city_id":8835,"log_pop":3.878133245,"log_mass":6.4431413414},{"country_iso":"LKA","city_id":8835,"log_pop":4.4013962195,"log_mass":6.5443475692},{"country_iso":"LKA","city_id":8835,"log_pop":4.2487258305,"log_mass":6.50597926},{"country_iso":"LKA","city_id":8835,"log_pop":4.3374835741,"log_mass":6.5947223938},{"country_iso":"LKA","city_id":8835,"log_pop":4.4207530659,"log_mass":6.6095041781},{"country_iso":"LKA","city_id":8835,"log_pop":4.1892406745,"log_mass":6.4858294441},{"country_iso":"LKA","city_id":8835,"log_pop":4.3682912075,"log_mass":6.5384765301},{"country_iso":"LKA","city_id":8835,"log_pop":4.2751123332,"log_mass":6.5362453314},{"country_iso":"LKA","city_id":8835,"log_pop":3.6658442239,"log_mass":6.1192947026},{"country_iso":"LKA","city_id":8835,"log_pop":2.5625549838,"log_mass":5.1187831804},{"country_iso":"LKA","city_id":8835,"log_pop":4.4202351084,"log_mass":6.5077461021},{"country_iso":"LKA","city_id":8835,"log_pop":4.2028836053,"log_mass":6.4306887343},{"country_iso":"LKA","city_id":8835,"log_pop":4.1120596271,"log_mass":6.4959999393},{"country_iso":"LKA","city_id":8835,"log_pop":4.3426940013,"log_mass":6.5365113718},{"country_iso":"LKA","city_id":8835,"log_pop":3.5957310868,"log_mass":5.9375812052},{"country_iso":"LKA","city_id":8835,"log_pop":4.1682180408,"log_mass":6.3432523338},{"country_iso":"LKA","city_id":8835,"log_pop":4.1672533015,"log_mass":6.4916045578},{"country_iso":"LKA","city_id":8835,"log_pop":2.3978310255,"log_mass":4.9344425182},{"country_iso":"LKA","city_id":8835,"log_pop":3.6843406978,"log_mass":5.6189374356},{"country_iso":"LKA","city_id":8835,"log_pop":4.0848998433,"log_mass":6.3135875948},{"country_iso":"LKA","city_id":8835,"log_pop":3.9279244328,"log_mass":6.4060021097},{"country_iso":"LKA","city_id":8835,"log_pop":3.9544142125,"log_mass":6.2238139534},{"country_iso":"LKA","city_id":8835,"log_pop":4.3102028033,"log_mass":6.2545570539},{"country_iso":"LKA","city_id":8835,"log_pop":3.0061600656,"log_mass":5.6538267508},{"country_iso":"LKA","city_id":8835,"log_pop":2.9733286861,"log_mass":5.5734215793},{"country_iso":"LKA","city_id":8835,"log_pop":3.5416399255,"log_mass":6.217427634},{"country_iso":"LKA","city_id":8835,"log_pop":3.4640732261,"log_mass":6.0562931034},{"country_iso":"LKA","city_id":8835,"log_pop":4.0377951712,"log_mass":6.5010080661},{"country_iso":"LKA","city_id":8835,"log_pop":4.2618783381,"log_mass":6.450451761},{"country_iso":"LKA","city_id":8835,"log_pop":3.8806796228,"log_mass":6.0967637961},{"country_iso":"LKA","city_id":8835,"log_pop":3.550791164,"log_mass":6.2524952749},{"country_iso":"LKA","city_id":8835,"log_pop":4.0047848657,"log_mass":6.4982386615},{"country_iso":"LKA","city_id":8835,"log_pop":3.1639131363,"log_mass":5.7721370826},{"country_iso":"LKA","city_id":8835,"log_pop":3.6455390316,"log_mass":6.2018840546},{"country_iso":"LKA","city_id":8835,"log_pop":2.8252152403,"log_mass":5.4961109139},{"country_iso":"LKA","city_id":8835,"log_pop":3.8899659898,"log_mass":5.9521464429},{"country_iso":"LKA","city_id":8835,"log_pop":0.9132254105,"log_mass":3.2912651476},{"country_iso":"LKA","city_id":8835,"log_pop":3.6711145735,"log_mass":5.6662223747},{"country_iso":"LKA","city_id":8835,"log_pop":2.559350574,"log_mass":5.3600873098},{"country_iso":"LKA","city_id":8835,"log_pop":1.8263312809,"log_mass":5.1187220026},{"country_iso":"LKA","city_id":8835,"log_pop":0.6956981645,"log_mass":3.5674185987},{"country_iso":"LKA","city_id":8835,"log_pop":2.0142896511,"log_mass":5.2137770331},{"country_iso":"LKA","city_id":8835,"log_pop":2.7067019444,"log_mass":5.6279758124},{"country_iso":"LKA","city_id":8835,"log_pop":3.2570923167,"log_mass":5.4952950721},{"country_iso":"LKA","city_id":8835,"log_pop":1.9427568612,"log_mass":4.8661242511},{"country_iso":"LKA","city_id":8835,"log_pop":3.5258747489,"log_mass":5.7854913689},{"country_iso":"LKA","city_id":8835,"log_pop":3.7703290317,"log_mass":5.9810843398},{"country_iso":"LKA","city_id":8835,"log_pop":3.1508854207,"log_mass":5.5800567212},{"country_iso":"LKA","city_id":8835,"log_pop":2.6073958524,"log_mass":5.3037940824},{"country_iso":"LKA","city_id":8835,"log_pop":3.0094270015,"log_mass":5.573213286},{"country_iso":"LKA","city_id":8835,"log_pop":2.2544325508,"log_mass":5.2781117638},{"country_iso":"LKA","city_id":8835,"log_pop":2.3239660934,"log_mass":5.2440429576},{"country_iso":"LKA","city_id":8835,"log_pop":1.4021553321,"log_mass":5.1760865361},{"country_iso":"LKA","city_id":8835,"log_pop":3.5371147321,"log_mass":5.7509860582},{"country_iso":"LKA","city_id":8835,"log_pop":3.0933330047,"log_mass":5.8383679043},{"country_iso":"LKA","city_id":8835,"log_pop":3.0779077101,"log_mass":4.9747332375},{"country_iso":"LKA","city_id":8835,"log_pop":3.1334272428,"log_mass":5.5742610554},{"country_iso":"LKA","city_id":8835,"log_pop":2.7265280012,"log_mass":5.233118287},{"country_iso":"LKA","city_id":8835,"log_pop":3.4909807159,"log_mass":5.5197047437},{"country_iso":"LKA","city_id":8835,"log_pop":0.6768820751,"log_mass":5.2129066824},{"country_iso":"LKA","city_id":8835,"log_pop":4.0006181874,"log_mass":6.4858825413},{"country_iso":"LKA","city_id":8835,"log_pop":4.1870075689,"log_mass":6.5763201046},{"country_iso":"LKA","city_id":8835,"log_pop":4.1572433302,"log_mass":6.4822616374},{"country_iso":"LKA","city_id":8835,"log_pop":4.09802106,"log_mass":6.5021427282},{"country_iso":"LKA","city_id":8835,"log_pop":3.7079287556,"log_mass":6.2474112579},{"country_iso":"LKA","city_id":8835,"log_pop":4.0108367644,"log_mass":6.4924990139},{"country_iso":"LKA","city_id":8835,"log_pop":3.920809819,"log_mass":6.3554726385},{"country_iso":"LKA","city_id":8835,"log_pop":4.3981012251,"log_mass":6.5814115016},{"country_iso":"LKA","city_id":8835,"log_pop":4.4696465342,"log_mass":6.5975787572},{"country_iso":"LKA","city_id":8835,"log_pop":4.2111052245,"log_mass":6.5125064723},{"country_iso":"LKA","city_id":8835,"log_pop":4.4523986543,"log_mass":6.5943508371},{"country_iso":"LKA","city_id":8835,"log_pop":4.3231068946,"log_mass":6.5503696695},{"country_iso":"LKA","city_id":8835,"log_pop":4.3682883203,"log_mass":6.6408446641},{"country_iso":"LKA","city_id":8835,"log_pop":4.0916654938,"log_mass":6.5176302299},{"country_iso":"LKA","city_id":8835,"log_pop":3.0803495791,"log_mass":5.4132815291},{"country_iso":"LKA","city_id":8835,"log_pop":4.1742505109,"log_mass":6.5333517221},{"country_iso":"LKA","city_id":8835,"log_pop":3.5715710492,"log_mass":6.0399435915},{"country_iso":"LKA","city_id":8835,"log_pop":3.8884159555,"log_mass":6.2345990768},{"country_iso":"LKA","city_id":8835,"log_pop":1.9177884643,"log_mass":4.8495072854},{"country_iso":"LKA","city_id":8835,"log_pop":4.1625444169,"log_mass":6.5355642186},{"country_iso":"LKA","city_id":8835,"log_pop":4.281338384,"log_mass":6.59465005},{"country_iso":"LKA","city_id":8835,"log_pop":3.8642229482,"log_mass":6.0552029372},{"country_iso":"LKA","city_id":8835,"log_pop":4.2471365963,"log_mass":6.4290474727},{"country_iso":"LKA","city_id":8835,"log_pop":4.0692964162,"log_mass":6.4931898005},{"country_iso":"LKA","city_id":8835,"log_pop":4.05627212,"log_mass":6.523076762},{"country_iso":"LKA","city_id":8835,"log_pop":4.1301971623,"log_mass":6.5229930556},{"country_iso":"LKA","city_id":8835,"log_pop":3.9524303824,"log_mass":6.4799849036},{"country_iso":"LKA","city_id":8835,"log_pop":4.1447789272,"log_mass":6.4835620933},{"country_iso":"LKA","city_id":8835,"log_pop":3.0357254678,"log_mass":5.5392504269},{"country_iso":"LKA","city_id":8835,"log_pop":4.0353436102,"log_mass":6.4803126382},{"country_iso":"LKA","city_id":8835,"log_pop":4.0925911152,"log_mass":6.4927325555},{"country_iso":"LKA","city_id":8835,"log_pop":4.082004772,"log_mass":6.4918474952},{"country_iso":"LKA","city_id":8835,"log_pop":3.5503824801,"log_mass":6.0950374437},{"country_iso":"LKA","city_id":8835,"log_pop":4.2115198401,"log_mass":6.5197551264},{"country_iso":"LKA","city_id":8835,"log_pop":4.2693382643,"log_mass":6.5314746178},{"country_iso":"LKA","city_id":8835,"log_pop":4.2227348097,"log_mass":6.5448236873},{"country_iso":"LKA","city_id":8835,"log_pop":4.2589154604,"log_mass":6.5631636263},{"country_iso":"LKA","city_id":8835,"log_pop":4.2123979227,"log_mass":6.5143223018},{"country_iso":"LKA","city_id":8835,"log_pop":4.3534813948,"log_mass":6.5884033387},{"country_iso":"LKA","city_id":8835,"log_pop":4.1001991526,"log_mass":6.4891821668},{"country_iso":"LKA","city_id":8835,"log_pop":2.2225641783,"log_mass":4.7460762356},{"country_iso":"LKA","city_id":8835,"log_pop":2.5424660082,"log_mass":5.0708173398},{"country_iso":"LKA","city_id":8835,"log_pop":2.6626039154,"log_mass":5.2698319789},{"country_iso":"LKA","city_id":8835,"log_pop":2.9390932218,"log_mass":5.36743978},{"country_iso":"LKA","city_id":8835,"log_pop":2.0461476451,"log_mass":5.1860872518},{"country_iso":"LKA","city_id":8835,"log_pop":1.0937710309,"log_mass":5.2238530175},{"country_iso":"LKA","city_id":8835,"log_pop":1.3324095245,"log_mass":5.1323146507},{"country_iso":"LKA","city_id":8835,"log_pop":2.4568438014,"log_mass":5.4539826417},{"country_iso":"LKA","city_id":8835,"log_pop":0.7906393087,"log_mass":4.5224244966},{"country_iso":"LKA","city_id":8835,"log_pop":1.0279763143,"log_mass":4.9696321625},{"country_iso":"LKA","city_id":8835,"log_pop":1.9901475601,"log_mass":4.9335421844},{"country_iso":"LKA","city_id":8835,"log_pop":0.9118096762,"log_mass":5.1993655194},{"country_iso":"LKA","city_id":8835,"log_pop":1.5169843727,"log_mass":5.2158659401},{"country_iso":"LKA","city_id":8835,"log_pop":1.6259871912,"log_mass":4.9983446385},{"country_iso":"LKA","city_id":8835,"log_pop":1.7496833156,"log_mass":5.3464861399},{"country_iso":"LKA","city_id":8835,"log_pop":2.7005506065,"log_mass":5.2989964351},{"country_iso":"LKA","city_id":8835,"log_pop":3.0225112199,"log_mass":5.200833162},{"country_iso":"LKA","city_id":8835,"log_pop":1.6077640824,"log_mass":4.9925421717},{"country_iso":"LKA","city_id":8835,"log_pop":2.221452863,"log_mass":5.1019320588},{"country_iso":"LKA","city_id":8835,"log_pop":2.318024576,"log_mass":4.9500113474},{"country_iso":"LKA","city_id":8835,"log_pop":1.3060335002,"log_mass":4.3520807245},{"country_iso":"LKA","city_id":8835,"log_pop":2.1505369797,"log_mass":5.3776264593},{"country_iso":"LKA","city_id":8835,"log_pop":1.0195213514,"log_mass":5.1533236271},{"country_iso":"LKA","city_id":8835,"log_pop":2.209429195,"log_mass":5.0767119706},{"country_iso":"LKA","city_id":8835,"log_pop":3.023391624,"log_mass":5.5249377669},{"country_iso":"LKA","city_id":8835,"log_pop":2.3345243162,"log_mass":5.1082365026},{"country_iso":"LKA","city_id":8835,"log_pop":3.2397797411,"log_mass":5.9164847406},{"country_iso":"LKA","city_id":8835,"log_pop":1.2512348252,"log_mass":4.1682876915},{"country_iso":"LKA","city_id":8835,"log_pop":2.2568385381,"log_mass":4.9522434012},{"country_iso":"LKA","city_id":8835,"log_pop":3.8800265518,"log_mass":6.3833402318},{"country_iso":"LKA","city_id":8835,"log_pop":3.878338955,"log_mass":6.4164015015},{"country_iso":"LKA","city_id":8835,"log_pop":3.1588609318,"log_mass":5.6685238428},{"country_iso":"LKA","city_id":8835,"log_pop":3.7202909531,"log_mass":6.2872149443},{"country_iso":"LKA","city_id":8835,"log_pop":2.5645858601,"log_mass":5.0869731572},{"country_iso":"LKA","city_id":8835,"log_pop":3.7345723123,"log_mass":6.4617687055},{"country_iso":"LKA","city_id":8835,"log_pop":1.9608083159,"log_mass":3.673054375},{"country_iso":"LKA","city_id":8835,"log_pop":3.9483379531,"log_mass":6.4371256197},{"country_iso":"LKA","city_id":8835,"log_pop":4.532597984,"log_mass":6.454051113},{"country_iso":"LKA","city_id":8835,"log_pop":4.7519616606,"log_mass":6.7572983943},{"country_iso":"LKA","city_id":8835,"log_pop":4.9366475118,"log_mass":6.7430094795},{"country_iso":"LKA","city_id":8835,"log_pop":4.4985209761,"log_mass":6.7376284381},{"country_iso":"LKA","city_id":8835,"log_pop":4.8720620769,"log_mass":6.7124178883},{"country_iso":"LKA","city_id":8835,"log_pop":5.009912031,"log_mass":6.8232944399},{"country_iso":"LKA","city_id":8835,"log_pop":4.551241915,"log_mass":6.6456919512},{"country_iso":"LKA","city_id":8835,"log_pop":4.4744786896,"log_mass":6.6635873352},{"country_iso":"LKA","city_id":8835,"log_pop":4.7199373755,"log_mass":6.6486166645},{"country_iso":"LKA","city_id":8835,"log_pop":3.1495990122,"log_mass":6.2719981815},{"country_iso":"LKA","city_id":8835,"log_pop":4.4665281041,"log_mass":6.5327279897},{"country_iso":"LKA","city_id":8835,"log_pop":4.6250169013,"log_mass":6.6548943202},{"country_iso":"LKA","city_id":8835,"log_pop":3.877224181,"log_mass":5.9715732161},{"country_iso":"LKA","city_id":8835,"log_pop":4.5637936233,"log_mass":6.6127608532},{"country_iso":"LKA","city_id":8835,"log_pop":4.1985302523,"log_mass":5.9598268198},{"country_iso":"LKA","city_id":8835,"log_pop":4.2512907768,"log_mass":6.5071974032},{"country_iso":"LKA","city_id":8835,"log_pop":4.6136038033,"log_mass":6.7114714597},{"country_iso":"LKA","city_id":8835,"log_pop":4.6010682162,"log_mass":6.7310626493},{"country_iso":"LKA","city_id":8835,"log_pop":4.2456927426,"log_mass":6.5343756199},{"country_iso":"LKA","city_id":8835,"log_pop":4.4807922296,"log_mass":6.6845102947},{"country_iso":"LKA","city_id":8835,"log_pop":4.4784232726,"log_mass":6.636200249},{"country_iso":"LKA","city_id":8835,"log_pop":4.5070019008,"log_mass":6.5878558357},{"country_iso":"LKA","city_id":8835,"log_pop":4.3125605673,"log_mass":6.5139473745},{"country_iso":"LKA","city_id":8835,"log_pop":-0.4921869218,"log_mass":4.3143737324},{"country_iso":"LKA","city_id":8835,"log_pop":3.3348072844,"log_mass":5.463378361},{"country_iso":"LKA","city_id":8835,"log_pop":3.8693536785,"log_mass":5.9670148669},{"country_iso":"LKA","city_id":8835,"log_pop":3.9183285274,"log_mass":5.8405699163},{"country_iso":"LKA","city_id":8835,"log_pop":3.8429020021,"log_mass":5.9861271356},{"country_iso":"LKA","city_id":8835,"log_pop":3.086258456,"log_mass":5.5638098865},{"country_iso":"LKA","city_id":8835,"log_pop":3.3335249807,"log_mass":5.3199442235},{"country_iso":"LKA","city_id":8835,"log_pop":2.6895823247,"log_mass":5.2689505875},{"country_iso":"LKA","city_id":8835,"log_pop":3.0989307254,"log_mass":5.5587054034},{"country_iso":"LKA","city_id":8835,"log_pop":3.097872219,"log_mass":5.5866374858},{"country_iso":"LKA","city_id":8835,"log_pop":4.4932591314,"log_mass":6.5824070662},{"country_iso":"LKA","city_id":8835,"log_pop":4.6652125568,"log_mass":6.5976917176},{"country_iso":"LKA","city_id":8835,"log_pop":4.2343554201,"log_mass":6.1743391094},{"country_iso":"LKA","city_id":8835,"log_pop":4.3834659109,"log_mass":6.552571173},{"country_iso":"LKA","city_id":8835,"log_pop":4.3946226949,"log_mass":6.5842780034},{"country_iso":"LKA","city_id":8835,"log_pop":4.5160545222,"log_mass":6.5744976995},{"country_iso":"LKA","city_id":8835,"log_pop":4.3867924929,"log_mass":6.5820055965},{"country_iso":"LKA","city_id":8835,"log_pop":4.721449515,"log_mass":6.584975958},{"country_iso":"LKA","city_id":8835,"log_pop":1.9165121251,"log_mass":5.289006209},{"country_iso":"LKA","city_id":8835,"log_pop":4.3245508919,"log_mass":6.2410043239},{"country_iso":"LKA","city_id":8835,"log_pop":3.0957633226,"log_mass":5.6810012849},{"country_iso":"LKA","city_id":8835,"log_pop":3.1569633157,"log_mass":5.6862762829},{"country_iso":"LKA","city_id":8835,"log_pop":3.1452233823,"log_mass":5.6315963051},{"country_iso":"LKA","city_id":8835,"log_pop":2.4261339962,"log_mass":5.4886361686},{"country_iso":"LKA","city_id":8835,"log_pop":2.9972359133,"log_mass":5.4410918851},{"country_iso":"LKA","city_id":8835,"log_pop":2.2810583168,"log_mass":5.378743465},{"country_iso":"LKA","city_id":9006,"log_pop":2.1079116597,"log_mass":4.8966048123},{"country_iso":"LKA","city_id":9006,"log_pop":1.7865727765,"log_mass":5.2001305643},{"country_iso":"LKA","city_id":9006,"log_pop":3.7698696115,"log_mass":6.1810539698},{"country_iso":"LKA","city_id":9006,"log_pop":3.4584129145,"log_mass":5.7812851539},{"country_iso":"LKA","city_id":9006,"log_pop":2.108483643,"log_mass":4.810377661},{"country_iso":"LKA","city_id":9006,"log_pop":2.1679524688,"log_mass":5.1597146028},{"country_iso":"LKA","city_id":9006,"log_pop":2.5278121539,"log_mass":5.2130869083},{"country_iso":"LKA","city_id":9006,"log_pop":1.2095147398,"log_mass":5.1204203989},{"country_iso":"LKA","city_id":9006,"log_pop":2.1621427676,"log_mass":5.2100619344},{"country_iso":"LKA","city_id":9006,"log_pop":2.1715796717,"log_mass":5.3390373406},{"country_iso":"LKA","city_id":9006,"log_pop":1.7340090609,"log_mass":5.2192974911},{"country_iso":"LKA","city_id":9006,"log_pop":3.5300614038,"log_mass":5.8355336199},{"country_iso":"LKA","city_id":9006,"log_pop":1.9267919166,"log_mass":5.1072598323},{"country_iso":"LKA","city_id":9006,"log_pop":2.3920706482,"log_mass":5.2717055891},{"country_iso":"LKA","city_id":9006,"log_pop":2.6835857135,"log_mass":5.3881394899},{"country_iso":"LKA","city_id":9006,"log_pop":2.4179851594,"log_mass":5.1396659278},{"country_iso":"LKA","city_id":9006,"log_pop":1.9816457575,"log_mass":5.2564896314},{"country_iso":"LKA","city_id":9006,"log_pop":1.8615851504,"log_mass":5.0527650022},{"country_iso":"LKA","city_id":9006,"log_pop":1.7580159139,"log_mass":5.2372630505},{"country_iso":"LKA","city_id":9006,"log_pop":3.3647104374,"log_mass":5.7081530642},{"country_iso":"LKA","city_id":9006,"log_pop":2.2464986779,"log_mass":5.1733970608},{"country_iso":"LKA","city_id":9006,"log_pop":2.1001073477,"log_mass":5.1384364839},{"country_iso":"LKA","city_id":9006,"log_pop":1.2726245735,"log_mass":5.0364938792},{"country_iso":"LKA","city_id":9006,"log_pop":1.2704523375,"log_mass":4.9001826936},{"country_iso":"LKA","city_id":9006,"log_pop":1.4547093178,"log_mass":4.6913074801},{"country_iso":"LKA","city_id":9006,"log_pop":2.3972624808,"log_mass":5.3336411875},{"country_iso":"LKA","city_id":9006,"log_pop":2.6696214949,"log_mass":5.2048841384},{"country_iso":"LKA","city_id":9006,"log_pop":0.6917060085,"log_mass":3.8856390333},{"country_iso":"LKA","city_id":9006,"log_pop":2.0205746734,"log_mass":4.8167377037},{"country_iso":"LKA","city_id":9006,"log_pop":2.3902542888,"log_mass":5.0562066991},{"country_iso":"LKA","city_id":9006,"log_pop":1.4689055112,"log_mass":5.0634668599},{"country_iso":"LKA","city_id":9006,"log_pop":0.9963171994,"log_mass":4.540613452},{"country_iso":"LKA","city_id":9006,"log_pop":2.0876031694,"log_mass":5.0373690256},{"country_iso":"LKA","city_id":9007,"log_pop":2.6542396901,"log_mass":4.9931790218},{"country_iso":"LKA","city_id":9007,"log_pop":3.97741081,"log_mass":6.3520532896},{"country_iso":"LKA","city_id":9007,"log_pop":3.5144771989,"log_mass":5.941218722},{"country_iso":"LKA","city_id":9007,"log_pop":1.661190757,"log_mass":4.5115310828},{"country_iso":"LKA","city_id":9007,"log_pop":3.8819662568,"log_mass":6.273238996},{"country_iso":"LKA","city_id":9007,"log_pop":3.2862121276,"log_mass":5.6455793864},{"country_iso":"LKA","city_id":9007,"log_pop":3.5244979735,"log_mass":6.2044156349},{"country_iso":"LKA","city_id":9007,"log_pop":4.2572924073,"log_mass":6.5153766736},{"country_iso":"LKA","city_id":9007,"log_pop":3.8728564837,"log_mass":5.9744421286},{"country_iso":"LKA","city_id":9007,"log_pop":3.9599741625,"log_mass":6.4893122284},{"country_iso":"LKA","city_id":9007,"log_pop":3.4776752025,"log_mass":5.7899879999},{"country_iso":"LKA","city_id":9007,"log_pop":2.0633375547,"log_mass":4.2667509005},{"country_iso":"LKA","city_id":9007,"log_pop":2.5808270429,"log_mass":5.1203833749},{"country_iso":"LKA","city_id":9007,"log_pop":3.6981384186,"log_mass":5.9970486912},{"country_iso":"LKA","city_id":9007,"log_pop":4.1622860708,"log_mass":6.3941502185},{"country_iso":"LKA","city_id":9007,"log_pop":3.7497834503,"log_mass":6.1249483839},{"country_iso":"LKA","city_id":9007,"log_pop":3.2101643085,"log_mass":5.7344263798},{"country_iso":"LKA","city_id":9007,"log_pop":3.92739317,"log_mass":6.3561036271},{"country_iso":"LKA","city_id":9007,"log_pop":3.5467883758,"log_mass":6.0673981844},{"country_iso":"LKA","city_id":9007,"log_pop":3.2413276363,"log_mass":5.8660393316},{"country_iso":"LKA","city_id":9007,"log_pop":1.8845569309,"log_mass":4.5244614403},{"country_iso":"LKA","city_id":9007,"log_pop":3.15006708,"log_mass":5.4285028112},{"country_iso":"LKA","city_id":9007,"log_pop":4.3362214093,"log_mass":6.5561082108},{"country_iso":"LKA","city_id":9007,"log_pop":3.3918938992,"log_mass":5.649250352},{"country_iso":"LKA","city_id":9007,"log_pop":3.6619088883,"log_mass":6.1606374435},{"country_iso":"LKA","city_id":9007,"log_pop":3.6150795024,"log_mass":5.8191004373},{"country_iso":"LKA","city_id":9007,"log_pop":2.1324433139,"log_mass":4.6247052304},{"country_iso":"LKA","city_id":9007,"log_pop":3.5976479452,"log_mass":6.1761144298},{"country_iso":"LKA","city_id":9007,"log_pop":2.2123527185,"log_mass":5.1073545941},{"country_iso":"LKA","city_id":9007,"log_pop":3.1734868643,"log_mass":5.6154866286},{"country_iso":"LKA","city_id":9007,"log_pop":3.2747196863,"log_mass":5.6037423862},{"country_iso":"LKA","city_id":9007,"log_pop":0.9268923249,"log_mass":3.7902554661},{"country_iso":"LKA","city_id":8935,"log_pop":2.029122975,"log_mass":4.7898157206},{"country_iso":"LKA","city_id":8935,"log_pop":3.976711745,"log_mass":6.2738876644},{"country_iso":"LKA","city_id":8935,"log_pop":3.3270749782,"log_mass":5.8236149569},{"country_iso":"LKA","city_id":8935,"log_pop":2.0938709612,"log_mass":4.4987370419},{"country_iso":"LKA","city_id":8935,"log_pop":2.4062922928,"log_mass":4.6386524135},{"country_iso":"LKA","city_id":8935,"log_pop":0.7056482069,"log_mass":3.6102862117},{"country_iso":"LKA","city_id":8935,"log_pop":3.5064094714,"log_mass":6.1250296785},{"country_iso":"LKA","city_id":8935,"log_pop":3.9815066954,"log_mass":6.4976989309},{"country_iso":"LKA","city_id":8935,"log_pop":3.0315664322,"log_mass":5.7300392341},{"country_iso":"LKA","city_id":8935,"log_pop":2.4946145993,"log_mass":5.0011672592},{"country_iso":"LKA","city_id":8935,"log_pop":3.8757905982,"log_mass":6.4426951076},{"country_iso":"LKA","city_id":8935,"log_pop":4.2968218067,"log_mass":6.5038023971},{"country_iso":"LKA","city_id":8935,"log_pop":4.1484122521,"log_mass":6.4527598658},{"country_iso":"LKA","city_id":8935,"log_pop":3.2984494308,"log_mass":5.8624962038},{"country_iso":"LKA","city_id":8935,"log_pop":3.8461074046,"log_mass":6.3299879519},{"country_iso":"LKA","city_id":8935,"log_pop":4.429777304,"log_mass":6.5151430688},{"country_iso":"LKA","city_id":8935,"log_pop":4.2210252599,"log_mass":6.408360591},{"country_iso":"LKA","city_id":8935,"log_pop":4.0160536335,"log_mass":6.4493727001},{"country_iso":"LKA","city_id":8935,"log_pop":3.3876626618,"log_mass":5.7703135821},{"country_iso":"LKA","city_id":8935,"log_pop":2.7887280365,"log_mass":5.0717384751},{"country_iso":"LKA","city_id":8935,"log_pop":3.8976137875,"log_mass":6.3488762295},{"country_iso":"LKA","city_id":8935,"log_pop":3.1667683903,"log_mass":5.2073111953},{"country_iso":"LKA","city_id":8935,"log_pop":1.6297923835,"log_mass":4.3021966957},{"country_iso":"LKA","city_id":8935,"log_pop":3.9845899774,"log_mass":6.3017599072},{"country_iso":"LKA","city_id":8807,"log_pop":2.6853277881,"log_mass":4.9040575024},{"country_iso":"LKA","city_id":8807,"log_pop":2.7852164009,"log_mass":5.1045638622},{"country_iso":"LKA","city_id":8807,"log_pop":1.4295398318,"log_mass":5.3392718191},{"country_iso":"LKA","city_id":8807,"log_pop":1.3726965816,"log_mass":5.3186856422},{"country_iso":"LKA","city_id":8807,"log_pop":2.0960354598,"log_mass":5.1441840151},{"country_iso":"LKA","city_id":8807,"log_pop":2.1410626703,"log_mass":5.2592299524},{"country_iso":"LKA","city_id":8807,"log_pop":1.8243008604,"log_mass":5.2378059907},{"country_iso":"LKA","city_id":8807,"log_pop":2.3333654676,"log_mass":5.3799596147},{"country_iso":"LKA","city_id":8807,"log_pop":1.1341334035,"log_mass":4.7373616475},{"country_iso":"LKA","city_id":8807,"log_pop":1.2115055572,"log_mass":5.0285470133},{"country_iso":"LKA","city_id":8807,"log_pop":2.1825378114,"log_mass":5.251118274},{"country_iso":"LKA","city_id":8807,"log_pop":1.5070146562,"log_mass":4.1054219315},{"country_iso":"LKA","city_id":8807,"log_pop":1.320062127,"log_mass":5.2132120698},{"country_iso":"LKA","city_id":8807,"log_pop":3.2201707871,"log_mass":5.3309081362},{"country_iso":"LKA","city_id":8807,"log_pop":2.7233320821,"log_mass":5.2884611578},{"country_iso":"LKA","city_id":8807,"log_pop":3.622065037,"log_mass":5.8881963471},{"country_iso":"LKA","city_id":8807,"log_pop":0.5315679201,"log_mass":4.2781079213},{"country_iso":"LKA","city_id":8807,"log_pop":2.6675422119,"log_mass":5.618315643},{"country_iso":"LKA","city_id":9222,"log_pop":1.8495544044,"log_mass":4.5091409679},{"country_iso":"LKA","city_id":9222,"log_pop":1.5537608515,"log_mass":4.0753706509},{"country_iso":"LKA","city_id":9222,"log_pop":4.0428551522,"log_mass":6.1201410779},{"country_iso":"LKA","city_id":9222,"log_pop":2.9868433514,"log_mass":5.47058662},{"country_iso":"LKA","city_id":9222,"log_pop":2.0907427899,"log_mass":4.8181846509},{"country_iso":"LKA","city_id":9222,"log_pop":2.9864959495,"log_mass":5.508254464},{"country_iso":"LKA","city_id":9222,"log_pop":1.7371387459,"log_mass":4.5672545206},{"country_iso":"LKA","city_id":9222,"log_pop":4.0632309961,"log_mass":6.1653412078},{"country_iso":"LKA","city_id":9222,"log_pop":1.8025918482,"log_mass":4.5388400266},{"country_iso":"LKA","city_id":9222,"log_pop":2.057859377,"log_mass":5.149797936},{"country_iso":"LKA","city_id":9222,"log_pop":4.2967712139,"log_mass":6.2456547915},{"country_iso":"LKA","city_id":9222,"log_pop":3.4293233563,"log_mass":5.7874789797},{"country_iso":"LKA","city_id":9222,"log_pop":3.3807284089,"log_mass":5.7261277602},{"country_iso":"LKA","city_id":9222,"log_pop":4.092112259,"log_mass":6.2900285655},{"country_iso":"LKA","city_id":9222,"log_pop":0.867010751,"log_mass":4.1487619634},{"country_iso":"LKA","city_id":9222,"log_pop":3.3784066739,"log_mass":5.4650115945},{"country_iso":"LKA","city_id":9222,"log_pop":3.9086853256,"log_mass":6.1452309112},{"country_iso":"LKA","city_id":8886,"log_pop":4.1567880944,"log_mass":6.4487415629},{"country_iso":"LKA","city_id":8886,"log_pop":3.7222293007,"log_mass":6.2806816446},{"country_iso":"LKA","city_id":8886,"log_pop":3.2630564296,"log_mass":5.8871482265},{"country_iso":"LKA","city_id":8886,"log_pop":3.7868631821,"log_mass":6.0382700848},{"country_iso":"LKA","city_id":8886,"log_pop":3.7837270326,"log_mass":6.4308827755},{"country_iso":"LKA","city_id":8886,"log_pop":2.2721655515,"log_mass":5.1144750659},{"country_iso":"LKA","city_id":8886,"log_pop":2.0157342513,"log_mass":4.6212666261},{"country_iso":"LKA","city_id":8886,"log_pop":2.960141807,"log_mass":5.3729160433},{"country_iso":"LKA","city_id":8886,"log_pop":2.8922460413,"log_mass":5.4240781386},{"country_iso":"LKA","city_id":8886,"log_pop":1.8824063146,"log_mass":4.8410293884},{"country_iso":"LKA","city_id":8886,"log_pop":3.5272711868,"log_mass":6.1204154091},{"country_iso":"LKA","city_id":8886,"log_pop":3.8011462841,"log_mass":6.3276609816},{"country_iso":"LKA","city_id":8886,"log_pop":1.4029318656,"log_mass":4.0665106838},{"country_iso":"LKA","city_id":8886,"log_pop":3.9137375487,"log_mass":6.4064947363},{"country_iso":"LKA","city_id":8886,"log_pop":3.3677331924,"log_mass":5.951761507},{"country_iso":"LKA","city_id":8908,"log_pop":3.6991852877,"log_mass":6.0680592259},{"country_iso":"LKA","city_id":8908,"log_pop":2.8188164483,"log_mass":4.9386517022},{"country_iso":"LKA","city_id":8908,"log_pop":3.4807843474,"log_mass":5.9187788123},{"country_iso":"LKA","city_id":8908,"log_pop":4.134180114,"log_mass":6.300998714},{"country_iso":"LKA","city_id":8908,"log_pop":2.1456861886,"log_mass":4.8783341672},{"country_iso":"LKA","city_id":8908,"log_pop":3.610486445,"log_mass":5.8794944397},{"country_iso":"LKA","city_id":8908,"log_pop":2.0894265782,"log_mass":5.137590698},{"country_iso":"LKA","city_id":8908,"log_pop":3.4400724647,"log_mass":5.9719246656},{"country_iso":"LKA","city_id":8908,"log_pop":2.7250688493,"log_mass":5.4410608509},{"country_iso":"LKA","city_id":8908,"log_pop":3.7834431596,"log_mass":6.1102110548},{"country_iso":"LKA","city_id":8908,"log_pop":3.6554031596,"log_mass":6.0810489496},{"country_iso":"LKA","city_id":8908,"log_pop":4.0361884555,"log_mass":6.4162094611},{"country_iso":"LKA","city_id":8908,"log_pop":3.4722355188,"log_mass":5.9405002771},{"country_iso":"LKA","city_id":8908,"log_pop":2.9850180463,"log_mass":5.6479560681},{"country_iso":"LKA","city_id":8908,"log_pop":1.7888206794,"log_mass":4.2447346534},{"country_iso":"LKA","city_id":9261,"log_pop":0.9494152448,"log_mass":3.5824923164},{"country_iso":"LKA","city_id":9261,"log_pop":1.7758434207,"log_mass":4.2786701237},{"country_iso":"LKA","city_id":9261,"log_pop":3.1509676648,"log_mass":5.4950091573},{"country_iso":"LKA","city_id":9261,"log_pop":3.3733061167,"log_mass":5.5425528312},{"country_iso":"LKA","city_id":9261,"log_pop":2.8772799106,"log_mass":5.2975980782},{"country_iso":"LKA","city_id":9261,"log_pop":3.1684857981,"log_mass":5.4860214319},{"country_iso":"LKA","city_id":9261,"log_pop":4.335209485,"log_mass":6.4032894829},{"country_iso":"LKA","city_id":9261,"log_pop":3.7898200133,"log_mass":5.9497113552},{"country_iso":"LKA","city_id":9261,"log_pop":1.7335072961,"log_mass":4.1793085837},{"country_iso":"LKA","city_id":9261,"log_pop":3.4485263768,"log_mass":5.8061953122},{"country_iso":"LKA","city_id":9261,"log_pop":3.302343422,"log_mass":5.5779970248},{"country_iso":"LKA","city_id":9261,"log_pop":4.055997653,"log_mass":6.103512277},{"country_iso":"LKA","city_id":9256,"log_pop":3.5046013307,"log_mass":5.5112458361},{"country_iso":"LKA","city_id":9256,"log_pop":4.2571977614,"log_mass":6.1589726866},{"country_iso":"LKA","city_id":9256,"log_pop":3.9620995458,"log_mass":5.9380203787},{"country_iso":"LKA","city_id":9256,"log_pop":4.4275116148,"log_mass":6.2680351607},{"country_iso":"LKA","city_id":9256,"log_pop":2.2539598469,"log_mass":4.5348727679},{"country_iso":"LKA","city_id":9256,"log_pop":1.0937947465,"log_mass":4.5098482258},{"country_iso":"LKA","city_id":9256,"log_pop":3.9205521726,"log_mass":5.9985856009},{"country_iso":"LKA","city_id":9256,"log_pop":4.1059600612,"log_mass":6.0590060077},{"country_iso":"LKA","city_id":9256,"log_pop":3.9161206253,"log_mass":6.0758182517},{"country_iso":"LKA","city_id":9256,"log_pop":2.873904608,"log_mass":5.5565298995},{"country_iso":"LKA","city_id":9256,"log_pop":2.9453152745,"log_mass":5.4320926794},{"country_iso":"LKA","city_id":9112,"log_pop":3.1579977741,"log_mass":5.418110397},{"country_iso":"LKA","city_id":9112,"log_pop":3.3186567465,"log_mass":5.2583205658},{"country_iso":"LKA","city_id":9112,"log_pop":3.9214545889,"log_mass":6.1398605077},{"country_iso":"LKA","city_id":9112,"log_pop":3.2695587488,"log_mass":5.6628095298},{"country_iso":"LKA","city_id":9112,"log_pop":4.1108696992,"log_mass":6.2249932081},{"country_iso":"LKA","city_id":9112,"log_pop":0.8107934905,"log_mass":3.2750881454},{"country_iso":"LKA","city_id":9112,"log_pop":2.3836585351,"log_mass":5.1357673733},{"country_iso":"LKA","city_id":9112,"log_pop":1.1933613148,"log_mass":3.9335289262},{"country_iso":"LKA","city_id":9112,"log_pop":1.3268822541,"log_mass":4.2848725778},{"country_iso":"LKA","city_id":9112,"log_pop":3.5586164922,"log_mass":5.8530341598},{"country_iso":"LKA","city_id":8917,"log_pop":1.0611673695,"log_mass":4.38257687},{"country_iso":"LKA","city_id":8917,"log_pop":1.996208282,"log_mass":4.9998088026},{"country_iso":"LKA","city_id":8917,"log_pop":1.6695811346,"log_mass":4.918732419},{"country_iso":"LKA","city_id":8917,"log_pop":2.245155676,"log_mass":4.8724690336},{"country_iso":"LKA","city_id":8917,"log_pop":2.6455361564,"log_mass":5.1775714332},{"country_iso":"LKA","city_id":8917,"log_pop":2.9325134383,"log_mass":5.2529243393},{"country_iso":"LKA","city_id":8917,"log_pop":2.4910954738,"log_mass":5.0346069084},{"country_iso":"LKA","city_id":8917,"log_pop":2.288395121,"log_mass":4.7663836698},{"country_iso":"LKA","city_id":8838,"log_pop":1.5750227558,"log_mass":4.513141597},{"country_iso":"LKA","city_id":8838,"log_pop":2.0321034992,"log_mass":5.1822725664},{"country_iso":"LKA","city_id":8838,"log_pop":1.3440953977,"log_mass":4.7047630299},{"country_iso":"LKA","city_id":8838,"log_pop":2.5064599714,"log_mass":5.1445250465},{"country_iso":"LKA","city_id":8838,"log_pop":1.4425591699,"log_mass":5.1687105187},{"country_iso":"LKA","city_id":8838,"log_pop":2.5073457943,"log_mass":5.118784702},{"country_iso":"LKA","city_id":8838,"log_pop":1.1333006434,"log_mass":4.1725997693},{"country_iso":"LKA","city_id":9192,"log_pop":4.1447224628,"log_mass":5.9999170218},{"country_iso":"LKA","city_id":9192,"log_pop":0.949536026,"log_mass":3.6156810716},{"country_iso":"LKA","city_id":9192,"log_pop":3.9094445554,"log_mass":6.0091573449},{"country_iso":"LKA","city_id":9192,"log_pop":3.9106411633,"log_mass":5.7212907261},{"country_iso":"LKA","city_id":9192,"log_pop":3.5130117768,"log_mass":5.9755821605},{"country_iso":"LKA","city_id":9192,"log_pop":2.8837994513,"log_mass":5.6508648773},{"country_iso":"LKA","city_id":9192,"log_pop":2.2795928248,"log_mass":4.7655719619},{"country_iso":"LKA","city_id":9109,"log_pop":4.1349237944,"log_mass":6.112460098},{"country_iso":"LKA","city_id":9109,"log_pop":2.9131873858,"log_mass":5.4415704432},{"country_iso":"LKA","city_id":9109,"log_pop":3.3161155456,"log_mass":5.6674368731},{"country_iso":"LKA","city_id":9109,"log_pop":0.0355169824,"log_mass":3.0353882017},{"country_iso":"LKA","city_id":9109,"log_pop":3.7879729528,"log_mass":5.7497391983},{"country_iso":"LKA","city_id":9109,"log_pop":3.3311455949,"log_mass":5.55173789},{"country_iso":"LKA","city_id":9109,"log_pop":2.8121668268,"log_mass":5.4154057837},{"country_iso":"LKA","city_id":9253,"log_pop":2.2048694906,"log_mass":4.6407390852},{"country_iso":"LKA","city_id":9253,"log_pop":4.1675719001,"log_mass":5.9994893414},{"country_iso":"LKA","city_id":9253,"log_pop":3.0773824167,"log_mass":5.0162922035},{"country_iso":"LKA","city_id":9253,"log_pop":2.8851402833,"log_mass":5.2116128713},{"country_iso":"LKA","city_id":9253,"log_pop":4.0679694758,"log_mass":6.0713325251},{"country_iso":"LKA","city_id":9253,"log_pop":2.6196767575,"log_mass":5.2192631154},{"country_iso":"LKA","city_id":9030,"log_pop":1.9565565996,"log_mass":4.8724869734},{"country_iso":"LKA","city_id":9030,"log_pop":2.6154086768,"log_mass":5.1466908651},{"country_iso":"LKA","city_id":9030,"log_pop":3.3745484369,"log_mass":5.4781183289},{"country_iso":"LKA","city_id":9030,"log_pop":3.4694034928,"log_mass":5.545855264},{"country_iso":"LKA","city_id":9030,"log_pop":2.4381448192,"log_mass":4.6819638237},{"country_iso":"LKA","city_id":9030,"log_pop":2.7632125409,"log_mass":5.2010793897},{"country_iso":"LKA","city_id":9031,"log_pop":2.3208071564,"log_mass":4.7498844833},{"country_iso":"LKA","city_id":9031,"log_pop":3.1287458017,"log_mass":5.5481616134},{"country_iso":"LKA","city_id":9031,"log_pop":2.1721181065,"log_mass":4.7579682761},{"country_iso":"LKA","city_id":9031,"log_pop":2.026179569,"log_mass":4.6619023003},{"country_iso":"LKA","city_id":9018,"log_pop":3.681799905,"log_mass":5.8622285154},{"country_iso":"LKA","city_id":9018,"log_pop":1.4120430431,"log_mass":5.0251093843},{"country_iso":"LKA","city_id":9018,"log_pop":1.5988678216,"log_mass":5.0109365638},{"country_iso":"LKA","city_id":9018,"log_pop":2.9634862454,"log_mass":5.0513378844},{"country_iso":"LKA","city_id":8985,"log_pop":3.2282576995,"log_mass":5.6638315868},{"country_iso":"LKA","city_id":8985,"log_pop":0.9334168588,"log_mass":4.0055243566},{"country_iso":"LKA","city_id":8985,"log_pop":2.2451206386,"log_mass":4.9296148657},{"country_iso":"LKA","city_id":8985,"log_pop":2.4823074827,"log_mass":4.9641387419},{"country_iso":"LKA","city_id":9128,"log_pop":3.0139786615,"log_mass":5.3935409026},{"country_iso":"LKA","city_id":9128,"log_pop":1.8697475887,"log_mass":5.1482491147},{"country_iso":"LKA","city_id":9128,"log_pop":3.4574756818,"log_mass":5.7080139255},{"country_iso":"LKA","city_id":8826,"log_pop":1.6697780006,"log_mass":4.7456275124},{"country_iso":"LKA","city_id":8826,"log_pop":2.1241145348,"log_mass":5.2219632821}]