[{"country_iso":"SRB","city_id":3270,"log_pop":2.9563873343,"log_mass":5.6726509626},{"country_iso":"SRB","city_id":3270,"log_pop":4.2853844625,"log_mass":6.5757689255},{"country_iso":"SRB","city_id":3270,"log_pop":4.4141080793,"log_mass":6.7677618212},{"country_iso":"SRB","city_id":3270,"log_pop":2.82333739,"log_mass":5.2996221045},{"country_iso":"SRB","city_id":3270,"log_pop":4.3060064691,"log_mass":6.5594300271},{"country_iso":"SRB","city_id":3270,"log_pop":3.9489410248,"log_mass":6.3539319793},{"country_iso":"SRB","city_id":3270,"log_pop":4.0061264753,"log_mass":6.3396263016},{"country_iso":"SRB","city_id":3270,"log_pop":2.3054887277,"log_mass":4.9537446882},{"country_iso":"SRB","city_id":3270,"log_pop":4.1532998724,"log_mass":6.3445817987},{"country_iso":"SRB","city_id":3270,"log_pop":4.5384165418,"log_mass":6.8764946924},{"country_iso":"SRB","city_id":3270,"log_pop":4.5141557028,"log_mass":6.7245201766},{"country_iso":"SRB","city_id":3270,"log_pop":4.5358279524,"log_mass":7.0273059807},{"country_iso":"SRB","city_id":3270,"log_pop":3.8222723256,"log_mass":6.2427752378},{"country_iso":"SRB","city_id":3270,"log_pop":3.3351095992,"log_mass":5.7936905022},{"country_iso":"SRB","city_id":3270,"log_pop":4.5874667492,"log_mass":6.7206967322},{"country_iso":"SRB","city_id":3270,"log_pop":3.3871072514,"log_mass":5.9006797477},{"country_iso":"SRB","city_id":3270,"log_pop":3.5225338248,"log_mass":5.787109439},{"country_iso":"SRB","city_id":3270,"log_pop":4.1676276384,"log_mass":6.3872275737},{"country_iso":"SRB","city_id":3270,"log_pop":3.0098846446,"log_mass":5.3455881219},{"country_iso":"SRB","city_id":3270,"log_pop":4.2447690567,"log_mass":6.5306627613},{"country_iso":"SRB","city_id":3270,"log_pop":4.608410883,"log_mass":6.8417794588},{"country_iso":"SRB","city_id":3270,"log_pop":2.4533350664,"log_mass":4.7741567679},{"country_iso":"SRB","city_id":3270,"log_pop":3.0949770649,"log_mass":5.7527276535},{"country_iso":"SRB","city_id":3270,"log_pop":4.244913618,"log_mass":6.5453123475},{"country_iso":"SRB","city_id":3270,"log_pop":2.2696885782,"log_mass":4.9650636273},{"country_iso":"SRB","city_id":3270,"log_pop":2.5917515467,"log_mass":4.8960578785},{"country_iso":"SRB","city_id":3270,"log_pop":2.9836199125,"log_mass":5.5373058706},{"country_iso":"SRB","city_id":3270,"log_pop":1.7076408093,"log_mass":4.5998041889},{"country_iso":"SRB","city_id":3270,"log_pop":2.2692589947,"log_mass":5.3495170494},{"country_iso":"SRB","city_id":3270,"log_pop":4.3081330898,"log_mass":6.586441023},{"country_iso":"SRB","city_id":3270,"log_pop":2.9012410015,"log_mass":5.5456996526},{"country_iso":"SRB","city_id":3270,"log_pop":4.7008994607,"log_mass":6.8503039122},{"country_iso":"SRB","city_id":3270,"log_pop":4.2918151863,"log_mass":6.4914875123},{"country_iso":"SRB","city_id":3270,"log_pop":4.1181573648,"log_mass":6.4406332252},{"country_iso":"SRB","city_id":3270,"log_pop":3.8401245701,"log_mass":6.2807411715},{"country_iso":"SRB","city_id":3270,"log_pop":4.7390126887,"log_mass":7.0273924324},{"country_iso":"SRB","city_id":3270,"log_pop":2.397898975,"log_mass":5.1786194319},{"country_iso":"SRB","city_id":3270,"log_pop":2.0280104128,"log_mass":4.8158099693},{"country_iso":"SRB","city_id":3270,"log_pop":3.0579163491,"log_mass":5.5901285208},{"country_iso":"SRB","city_id":3270,"log_pop":3.9935930668,"log_mass":6.3562569399},{"country_iso":"SRB","city_id":3270,"log_pop":3.71025109,"log_mass":6.1575245813},{"country_iso":"SRB","city_id":3270,"log_pop":3.3225565359,"log_mass":5.9250417836},{"country_iso":"SRB","city_id":3270,"log_pop":4.0545859497,"log_mass":6.4198520237},{"country_iso":"SRB","city_id":3270,"log_pop":3.6959763969,"log_mass":5.8758529133},{"country_iso":"SRB","city_id":3270,"log_pop":2.2456473592,"log_mass":4.9247402023},{"country_iso":"SRB","city_id":3270,"log_pop":2.1240743121,"log_mass":4.8367314888},{"country_iso":"SRB","city_id":3270,"log_pop":3.8392224263,"log_mass":6.1201512092},{"country_iso":"SRB","city_id":3270,"log_pop":3.5194722304,"log_mass":5.9434204002},{"country_iso":"SRB","city_id":3270,"log_pop":3.4214161426,"log_mass":5.6836520539},{"country_iso":"SRB","city_id":3270,"log_pop":3.9631009854,"log_mass":6.4529719715},{"country_iso":"SRB","city_id":3270,"log_pop":4.4963508636,"log_mass":6.7367859511},{"country_iso":"SRB","city_id":3270,"log_pop":4.4370743728,"log_mass":6.5933861566},{"country_iso":"SRB","city_id":3270,"log_pop":4.0335450239,"log_mass":6.2512081301},{"country_iso":"SRB","city_id":3270,"log_pop":3.9225008265,"log_mass":6.4590328439},{"country_iso":"SRB","city_id":3270,"log_pop":4.6209411049,"log_mass":6.9468935784},{"country_iso":"SRB","city_id":3270,"log_pop":4.3037774784,"log_mass":6.6209934517},{"country_iso":"SRB","city_id":3270,"log_pop":3.0983537785,"log_mass":5.5871870954},{"country_iso":"SRB","city_id":3270,"log_pop":3.5100336819,"log_mass":5.9057237634},{"country_iso":"SRB","city_id":3270,"log_pop":2.1962612909,"log_mass":4.6494319344},{"country_iso":"SRB","city_id":3270,"log_pop":4.2323705457,"log_mass":6.4550821247},{"country_iso":"SRB","city_id":3270,"log_pop":4.1945707702,"log_mass":6.5167758689},{"country_iso":"SRB","city_id":3270,"log_pop":4.0346049765,"log_mass":6.3688584207},{"country_iso":"SRB","city_id":3270,"log_pop":0.5419996463,"log_mass":3.0782268435},{"country_iso":"SRB","city_id":3270,"log_pop":4.2744835853,"log_mass":6.4038519909},{"country_iso":"SRB","city_id":3270,"log_pop":2.2886253033,"log_mass":4.817064617},{"country_iso":"SRB","city_id":3270,"log_pop":3.0470105157,"log_mass":5.405416944},{"country_iso":"SRB","city_id":3270,"log_pop":4.302008745,"log_mass":6.4482850894},{"country_iso":"SRB","city_id":3240,"log_pop":4.4345164567,"log_mass":6.627387529},{"country_iso":"SRB","city_id":3240,"log_pop":4.5333754594,"log_mass":6.8627451793},{"country_iso":"SRB","city_id":3240,"log_pop":3.2895787591,"log_mass":5.61334355},{"country_iso":"SRB","city_id":3240,"log_pop":3.5406392746,"log_mass":5.9283582197},{"country_iso":"SRB","city_id":3240,"log_pop":3.2413850057,"log_mass":5.8246230189},{"country_iso":"SRB","city_id":3240,"log_pop":4.3720508505,"log_mass":6.7201554982},{"country_iso":"SRB","city_id":3240,"log_pop":3.8017207085,"log_mass":6.2452210342},{"country_iso":"SRB","city_id":3240,"log_pop":0.4437357011,"log_mass":3.8553847247},{"country_iso":"SRB","city_id":3240,"log_pop":1.8912390799,"log_mass":4.9058201928},{"country_iso":"SRB","city_id":3240,"log_pop":3.8864271398,"log_mass":6.3731932609},{"country_iso":"SRB","city_id":3240,"log_pop":3.2688006704,"log_mass":5.9038471612},{"country_iso":"SRB","city_id":3240,"log_pop":3.6572035518,"log_mass":6.1798529479},{"country_iso":"SRB","city_id":3240,"log_pop":0.8975708876,"log_mass":4.0958084678},{"country_iso":"SRB","city_id":3240,"log_pop":1.7893665603,"log_mass":4.6414577573},{"country_iso":"SRB","city_id":3240,"log_pop":3.907670783,"log_mass":6.1705098802},{"country_iso":"SRB","city_id":3240,"log_pop":2.6817630638,"log_mass":5.350430893},{"country_iso":"SRB","city_id":3240,"log_pop":3.7890572862,"log_mass":6.3289721495},{"country_iso":"SRB","city_id":3240,"log_pop":3.8109043388,"log_mass":6.2295816984},{"country_iso":"SRB","city_id":3240,"log_pop":2.0133292059,"log_mass":4.5775352606},{"country_iso":"SRB","city_id":3240,"log_pop":4.5102781154,"log_mass":6.8061872628},{"country_iso":"SRB","city_id":3240,"log_pop":3.2610698629,"log_mass":5.9488195576},{"country_iso":"SRB","city_id":3240,"log_pop":3.3920831986,"log_mass":5.8161714009},{"country_iso":"SRB","city_id":3240,"log_pop":4.26139601,"log_mass":6.5374825963},{"country_iso":"SRB","city_id":3240,"log_pop":3.1873620123,"log_mass":5.7824435583},{"country_iso":"SRB","city_id":3240,"log_pop":2.9308324828,"log_mass":5.4114666565},{"country_iso":"SRB","city_id":3240,"log_pop":2.4986476868,"log_mass":5.0897223168},{"country_iso":"SRB","city_id":3304,"log_pop":3.3688100832,"log_mass":5.8670502717},{"country_iso":"SRB","city_id":3304,"log_pop":4.4854357684,"log_mass":6.8109000001},{"country_iso":"SRB","city_id":3304,"log_pop":3.4001308795,"log_mass":5.9074406607},{"country_iso":"SRB","city_id":3304,"log_pop":4.1284003831,"log_mass":6.4592905857},{"country_iso":"SRB","city_id":3304,"log_pop":3.6628394033,"log_mass":5.9199720741},{"country_iso":"SRB","city_id":3304,"log_pop":3.1166667987,"log_mass":5.6133721077},{"country_iso":"SRB","city_id":3304,"log_pop":2.2508178899,"log_mass":5.1890136724},{"country_iso":"SRB","city_id":3304,"log_pop":4.1198474795,"log_mass":6.4438533424},{"country_iso":"SRB","city_id":3304,"log_pop":3.9918656356,"log_mass":6.3957518177},{"country_iso":"SRB","city_id":3304,"log_pop":3.9743469322,"log_mass":6.2212025705},{"country_iso":"SRB","city_id":3304,"log_pop":3.2612115059,"log_mass":5.829192833},{"country_iso":"SRB","city_id":3304,"log_pop":2.5000872389,"log_mass":4.9680553458},{"country_iso":"SRB","city_id":3304,"log_pop":2.7256526199,"log_mass":5.3633105709},{"country_iso":"SRB","city_id":3304,"log_pop":0.2857272792,"log_mass":3.0578447042},{"country_iso":"SRB","city_id":3340,"log_pop":3.755361954,"log_mass":6.1978160472},{"country_iso":"SRB","city_id":3340,"log_pop":4.5993129348,"log_mass":6.7778050589},{"country_iso":"SRB","city_id":3340,"log_pop":1.2723133053,"log_mass":3.5454387657},{"country_iso":"SRB","city_id":3340,"log_pop":3.8144962073,"log_mass":6.1140229613},{"country_iso":"SRB","city_id":3340,"log_pop":2.1012901876,"log_mass":5.2246685515},{"country_iso":"SRB","city_id":3340,"log_pop":3.7113101847,"log_mass":6.3461301034},{"country_iso":"SRB","city_id":3340,"log_pop":3.7941251119,"log_mass":6.0282575981},{"country_iso":"SRB","city_id":3340,"log_pop":3.5025422555,"log_mass":5.8577953},{"country_iso":"SRB","city_id":3340,"log_pop":4.673161558,"log_mass":6.7200898539},{"country_iso":"SRB","city_id":3340,"log_pop":3.2475157138,"log_mass":5.6865933268},{"country_iso":"SRB","city_id":3340,"log_pop":4.0115723707,"log_mass":6.2650752029},{"country_iso":"SRB","city_id":3340,"log_pop":3.9227569054,"log_mass":6.1302938048},{"country_iso":"SRB","city_id":3340,"log_pop":3.6713476979,"log_mass":5.9079485158},{"country_iso":"SRB","city_id":3230,"log_pop":3.3729286271,"log_mass":5.8610319083},{"country_iso":"SRB","city_id":3230,"log_pop":3.768759301,"log_mass":6.2876105255},{"country_iso":"SRB","city_id":3230,"log_pop":2.3141378966,"log_mass":4.9703592135},{"country_iso":"SRB","city_id":3230,"log_pop":3.4536456265,"log_mass":5.9409726587},{"country_iso":"SRB","city_id":3230,"log_pop":4.3536887158,"log_mass":6.7403202347},{"country_iso":"SRB","city_id":3230,"log_pop":3.0848826173,"log_mass":5.7689838766},{"country_iso":"SRB","city_id":3230,"log_pop":1.4808607126,"log_mass":4.4946332725},{"country_iso":"SRB","city_id":3230,"log_pop":2.7269289064,"log_mass":5.4617225855},{"country_iso":"SRB","city_id":3230,"log_pop":3.660997162,"log_mass":6.286662206},{"country_iso":"SRB","city_id":3230,"log_pop":3.8867543796,"log_mass":6.3293004918},{"country_iso":"SRB","city_id":3230,"log_pop":3.7917400038,"log_mass":6.2609377194},{"country_iso":"SRB","city_id":3281,"log_pop":2.7131357965,"log_mass":5.3708853062},{"country_iso":"SRB","city_id":3281,"log_pop":3.4893653682,"log_mass":6.0451856967},{"country_iso":"SRB","city_id":3281,"log_pop":3.465592303,"log_mass":6.109561953},{"country_iso":"SRB","city_id":3281,"log_pop":4.0597513115,"log_mass":6.60049888},{"country_iso":"SRB","city_id":3281,"log_pop":3.0484287717,"log_mass":5.7295056682},{"country_iso":"SRB","city_id":3281,"log_pop":3.7160238837,"log_mass":6.3112305133},{"country_iso":"SRB","city_id":3281,"log_pop":3.8455908478,"log_mass":6.4242811655},{"country_iso":"SRB","city_id":3281,"log_pop":1.2952785111,"log_mass":3.6793537912},{"country_iso":"SRB","city_id":3281,"log_pop":2.9203728174,"log_mass":5.573302059},{"country_iso":"SRB","city_id":3281,"log_pop":3.3470527733,"log_mass":5.7859882553},{"country_iso":"SRB","city_id":3266,"log_pop":4.1394257313,"log_mass":6.5755645647},{"country_iso":"SRB","city_id":3266,"log_pop":4.2178643104,"log_mass":6.6349863976},{"country_iso":"SRB","city_id":3266,"log_pop":3.4191702288,"log_mass":6.2106769438},{"country_iso":"SRB","city_id":3266,"log_pop":2.3286716446,"log_mass":5.2071222533},{"country_iso":"SRB","city_id":3266,"log_pop":3.7132135565,"log_mass":6.3764707733},{"country_iso":"SRB","city_id":3266,"log_pop":2.0322637586,"log_mass":4.715814434},{"country_iso":"SRB","city_id":3266,"log_pop":3.2532957149,"log_mass":5.6973701311},{"country_iso":"SRB","city_id":3266,"log_pop":3.1080905219,"log_mass":5.7820443293},{"country_iso":"SRB","city_id":3266,"log_pop":3.0407687067,"log_mass":5.9976750951},{"country_iso":"SRB","city_id":3266,"log_pop":2.7886209588,"log_mass":5.5533360413},{"country_iso":"SRB","city_id":3279,"log_pop":3.0381624682,"log_mass":5.6404323402},{"country_iso":"SRB","city_id":3279,"log_pop":4.2212452705,"log_mass":6.4557248647},{"country_iso":"SRB","city_id":3279,"log_pop":3.0775003431,"log_mass":5.610876272},{"country_iso":"SRB","city_id":3279,"log_pop":3.1360308481,"log_mass":5.6188678197},{"country_iso":"SRB","city_id":3279,"log_pop":3.9115779283,"log_mass":6.3323280192},{"country_iso":"SRB","city_id":3279,"log_pop":2.6858481789,"log_mass":5.162755553},{"country_iso":"SRB","city_id":3279,"log_pop":4.1017722643,"log_mass":6.5025220751},{"country_iso":"SRB","city_id":3279,"log_pop":3.1558592422,"log_mass":5.6917133857},{"country_iso":"SRB","city_id":3279,"log_pop":2.8195171073,"log_mass":5.3338922078},{"country_iso":"SRB","city_id":3296,"log_pop":3.5225696763,"log_mass":5.9389770403},{"country_iso":"SRB","city_id":3296,"log_pop":3.3437957313,"log_mass":5.7159898077},{"country_iso":"SRB","city_id":3296,"log_pop":0.6888036989,"log_mass":3.4481610851},{"country_iso":"SRB","city_id":3296,"log_pop":4.304901035,"log_mass":6.6167739422},{"country_iso":"SRB","city_id":3296,"log_pop":3.3941368518,"log_mass":5.7775969204},{"country_iso":"SRB","city_id":3296,"log_pop":2.2615937793,"log_mass":4.9839255978},{"country_iso":"SRB","city_id":3296,"log_pop":3.3424410467,"log_mass":5.8251281087},{"country_iso":"SRB","city_id":3296,"log_pop":0.6384505708,"log_mass":3.2354565052},{"country_iso":"SRB","city_id":3296,"log_pop":3.7879703532,"log_mass":6.0803303949},{"country_iso":"SRB","city_id":3292,"log_pop":0.7461368532,"log_mass":3.4981507862},{"country_iso":"SRB","city_id":3292,"log_pop":3.9308519681,"log_mass":6.1376033437},{"country_iso":"SRB","city_id":3292,"log_pop":3.4532330199,"log_mass":5.7522693238},{"country_iso":"SRB","city_id":3292,"log_pop":0.9976241108,"log_mass":3.9281394595},{"country_iso":"SRB","city_id":3292,"log_pop":3.4807395604,"log_mass":5.8578124034},{"country_iso":"SRB","city_id":3292,"log_pop":4.4577248038,"log_mass":6.6226422536},{"country_iso":"SRB","city_id":3292,"log_pop":0.7632710904,"log_mass":3.6002695753},{"country_iso":"SRB","city_id":3292,"log_pop":3.7452626283,"log_mass":6.0259480327},{"country_iso":"SRB","city_id":3346,"log_pop":1.4193294732,"log_mass":4.1040911675},{"country_iso":"SRB","city_id":3346,"log_pop":4.0004496458,"log_mass":6.3728019197},{"country_iso":"SRB","city_id":3346,"log_pop":2.7005635649,"log_mass":5.2361966887},{"country_iso":"SRB","city_id":3346,"log_pop":2.5634099049,"log_mass":5.0621136237},{"country_iso":"SRB","city_id":3346,"log_pop":4.0196617924,"log_mass":6.3566530739},{"country_iso":"SRB","city_id":3346,"log_pop":4.201933552,"log_mass":6.5136800099},{"country_iso":"SRB","city_id":3346,"log_pop":0.3056525569,"log_mass":3.2227238006},{"country_iso":"SRB","city_id":3326,"log_pop":2.7492842778,"log_mass":5.2864073472},{"country_iso":"SRB","city_id":3326,"log_pop":1.8136829861,"log_mass":4.1454127015},{"country_iso":"SRB","city_id":3326,"log_pop":4.2151661492,"log_mass":6.5315062072},{"country_iso":"SRB","city_id":3326,"log_pop":3.5671349171,"log_mass":5.8615293637},{"country_iso":"SRB","city_id":3326,"log_pop":2.9245456493,"log_mass":5.3740458244},{"country_iso":"SRB","city_id":3326,"log_pop":4.250747828,"log_mass":6.5044082471},{"country_iso":"SRB","city_id":3326,"log_pop":3.8096455187,"log_mass":6.1645832126},{"country_iso":"SRB","city_id":3256,"log_pop":3.9202170205,"log_mass":6.2853907182},{"country_iso":"SRB","city_id":3256,"log_pop":3.6068648849,"log_mass":6.0998096532},{"country_iso":"SRB","city_id":3256,"log_pop":3.1214078164,"log_mass":5.7011779791},{"country_iso":"SRB","city_id":3256,"log_pop":3.2972793193,"log_mass":5.7521276557},{"country_iso":"SRB","city_id":3256,"log_pop":1.9995986479,"log_mass":4.9220051555},{"country_iso":"SRB","city_id":3256,"log_pop":4.2125994269,"log_mass":6.5802378516},{"country_iso":"SRB","city_id":3256,"log_pop":3.2581687149,"log_mass":5.8663610008}]