[{"country_iso":"MNE","city_id":3243,"log_pop":0.163038566,"log_mass":2.9878317359},{"country_iso":"MNE","city_id":3243,"log_pop":2.5966795209,"log_mass":5.4863919828},{"country_iso":"MNE","city_id":3243,"log_pop":2.2148205706,"log_mass":5.0626051229},{"country_iso":"MNE","city_id":3243,"log_pop":3.6745371522,"log_mass":6.7812038726},{"country_iso":"MNE","city_id":3243,"log_pop":3.275506824,"log_mass":6.2170728553},{"country_iso":"MNE","city_id":3243,"log_pop":3.4544331874,"log_mass":6.3289993213},{"country_iso":"MNE","city_id":3243,"log_pop":2.9675511382,"log_mass":5.8124592482},{"country_iso":"MNE","city_id":3243,"log_pop":3.2223990966,"log_mass":6.2280966079},{"country_iso":"MNE","city_id":3243,"log_pop":3.4777169919,"log_mass":6.312226508},{"country_iso":"MNE","city_id":3243,"log_pop":3.5396765266,"log_mass":6.4373236988},{"country_iso":"MNE","city_id":3243,"log_pop":0.5466289497,"log_mass":3.3916204},{"country_iso":"MNE","city_id":3243,"log_pop":2.2180686208,"log_mass":4.9677920666},{"country_iso":"MNE","city_id":3243,"log_pop":2.7816817547,"log_mass":5.5569404679}]