[{"country_iso":"KEN","city_id":4808,"log_pop":3.2148410427,"log_mass":5.3321498813},{"country_iso":"KEN","city_id":4808,"log_pop":3.5190390041,"log_mass":5.3338218276},{"country_iso":"KEN","city_id":4808,"log_pop":5.3040648503,"log_mass":6.4130494666},{"country_iso":"KEN","city_id":4808,"log_pop":3.5632556282,"log_mass":5.2606468173},{"country_iso":"KEN","city_id":4808,"log_pop":4.2524063741,"log_mass":5.9800494954},{"country_iso":"KEN","city_id":4808,"log_pop":4.5100660981,"log_mass":6.1409489646},{"country_iso":"KEN","city_id":4808,"log_pop":3.4604914337,"log_mass":5.4309185868},{"country_iso":"KEN","city_id":4808,"log_pop":3.7272636866,"log_mass":5.2479940445},{"country_iso":"KEN","city_id":4808,"log_pop":4.6629417365,"log_mass":6.2189287033},{"country_iso":"KEN","city_id":4808,"log_pop":4.5119977385,"log_mass":6.2056215479},{"country_iso":"KEN","city_id":4808,"log_pop":3.7152099795,"log_mass":5.3492859763},{"country_iso":"KEN","city_id":4808,"log_pop":4.8696661715,"log_mass":6.5057829505},{"country_iso":"KEN","city_id":4808,"log_pop":5.0830006332,"log_mass":6.4717506878},{"country_iso":"KEN","city_id":4808,"log_pop":4.9437574058,"log_mass":6.5668272844},{"country_iso":"KEN","city_id":4808,"log_pop":5.0890648314,"log_mass":6.2514204758},{"country_iso":"KEN","city_id":4808,"log_pop":4.9816740783,"log_mass":6.5414186637},{"country_iso":"KEN","city_id":4808,"log_pop":4.6523625885,"log_mass":6.4877785096},{"country_iso":"KEN","city_id":4808,"log_pop":4.9874747003,"log_mass":6.5186215462},{"country_iso":"KEN","city_id":4808,"log_pop":4.5207924561,"log_mass":6.508352304},{"country_iso":"KEN","city_id":4808,"log_pop":3.8536926733,"log_mass":6.3002246999},{"country_iso":"KEN","city_id":4808,"log_pop":2.9287095772,"log_mass":5.3102864171},{"country_iso":"KEN","city_id":4808,"log_pop":2.9572756913,"log_mass":5.3611998888},{"country_iso":"KEN","city_id":4808,"log_pop":4.2845466736,"log_mass":6.5267517837},{"country_iso":"KEN","city_id":4808,"log_pop":3.6727579183,"log_mass":5.9089782466},{"country_iso":"KEN","city_id":4808,"log_pop":4.9986302914,"log_mass":6.4134610671},{"country_iso":"KEN","city_id":4808,"log_pop":4.6383771448,"log_mass":6.3323730336},{"country_iso":"KEN","city_id":4808,"log_pop":5.156324688,"log_mass":6.4428123464},{"country_iso":"KEN","city_id":4808,"log_pop":4.2682952593,"log_mass":6.056045352},{"country_iso":"KEN","city_id":4808,"log_pop":4.4311365205,"log_mass":6.021233934},{"country_iso":"KEN","city_id":4808,"log_pop":4.573420126,"log_mass":5.9709457025},{"country_iso":"KEN","city_id":4808,"log_pop":5.147253774,"log_mass":6.5680217682},{"country_iso":"KEN","city_id":4808,"log_pop":3.4906579672,"log_mass":5.6367065924},{"country_iso":"KEN","city_id":4808,"log_pop":2.5682297585,"log_mass":5.2017995392},{"country_iso":"KEN","city_id":4808,"log_pop":1.9335538945,"log_mass":4.6601237544},{"country_iso":"KEN","city_id":4808,"log_pop":1.7050306755,"log_mass":4.914904344},{"country_iso":"KEN","city_id":4808,"log_pop":2.848800594,"log_mass":5.0573796472},{"country_iso":"KEN","city_id":4808,"log_pop":1.2240013208,"log_mass":3.5670738478},{"country_iso":"KEN","city_id":4808,"log_pop":3.7352713622,"log_mass":5.6832432646},{"country_iso":"KEN","city_id":4808,"log_pop":3.5814610303,"log_mass":5.4690869137},{"country_iso":"KEN","city_id":4808,"log_pop":3.5208594,"log_mass":5.6536462909},{"country_iso":"KEN","city_id":4808,"log_pop":3.5166412501,"log_mass":5.5782427602},{"country_iso":"KEN","city_id":4808,"log_pop":3.5696902835,"log_mass":5.2063312996},{"country_iso":"KEN","city_id":4808,"log_pop":2.3958835008,"log_mass":5.0826255706},{"country_iso":"KEN","city_id":4808,"log_pop":4.6813812974,"log_mass":6.2267761289},{"country_iso":"KEN","city_id":4808,"log_pop":3.215220811,"log_mass":5.3510889948},{"country_iso":"KEN","city_id":4808,"log_pop":3.0034228747,"log_mass":5.3259629249},{"country_iso":"KEN","city_id":4808,"log_pop":3.6663638788,"log_mass":5.6280006173},{"country_iso":"KEN","city_id":4808,"log_pop":4.6765130002,"log_mass":6.11541668},{"country_iso":"KEN","city_id":4808,"log_pop":2.6775010944,"log_mass":5.244937786},{"country_iso":"KEN","city_id":4808,"log_pop":3.1049991367,"log_mass":5.075176154},{"country_iso":"KEN","city_id":4808,"log_pop":2.2505723136,"log_mass":4.9722937559},{"country_iso":"KEN","city_id":4808,"log_pop":4.6580146743,"log_mass":6.4264790753},{"country_iso":"KEN","city_id":4808,"log_pop":4.5671378537,"log_mass":6.5007379464},{"country_iso":"KEN","city_id":4808,"log_pop":3.1520436435,"log_mass":5.3984164627},{"country_iso":"KEN","city_id":4808,"log_pop":4.1890228019,"log_mass":6.4434960476},{"country_iso":"KEN","city_id":4808,"log_pop":4.3084005573,"log_mass":5.8440910376},{"country_iso":"KEN","city_id":4808,"log_pop":1.9297333167,"log_mass":4.5162914023},{"country_iso":"KEN","city_id":4808,"log_pop":4.1182939308,"log_mass":6.1976209014},{"country_iso":"KEN","city_id":4808,"log_pop":4.5003472567,"log_mass":5.9959376796},{"country_iso":"KEN","city_id":4808,"log_pop":4.6854743956,"log_mass":6.5784618982},{"country_iso":"KEN","city_id":4808,"log_pop":4.4044029254,"log_mass":6.3732751594},{"country_iso":"KEN","city_id":4808,"log_pop":3.9777672563,"log_mass":6.0349731882},{"country_iso":"KEN","city_id":4808,"log_pop":4.3763014918,"log_mass":6.1556215446},{"country_iso":"KEN","city_id":4808,"log_pop":4.4608372822,"log_mass":6.1508795667},{"country_iso":"KEN","city_id":4808,"log_pop":3.7889964604,"log_mass":6.1082731508},{"country_iso":"KEN","city_id":4808,"log_pop":4.8007342181,"log_mass":6.3039457805},{"country_iso":"KEN","city_id":4808,"log_pop":4.4054198995,"log_mass":6.1239336446},{"country_iso":"KEN","city_id":4808,"log_pop":5.0819927315,"log_mass":6.3268188312},{"country_iso":"KEN","city_id":4808,"log_pop":2.1771467032,"log_mass":5.2663175478},{"country_iso":"KEN","city_id":4808,"log_pop":2.0381893164,"log_mass":4.1311734754},{"country_iso":"KEN","city_id":5329,"log_pop":4.2894364856,"log_mass":6.2691303661},{"country_iso":"KEN","city_id":5329,"log_pop":2.2032055028,"log_mass":4.5174192902},{"country_iso":"KEN","city_id":5329,"log_pop":3.6906741106,"log_mass":5.6536097622},{"country_iso":"KEN","city_id":5329,"log_pop":3.3421006564,"log_mass":5.6006847657},{"country_iso":"KEN","city_id":5329,"log_pop":4.4518897085,"log_mass":6.5169875325},{"country_iso":"KEN","city_id":5329,"log_pop":1.5368238744,"log_mass":4.0257766762},{"country_iso":"KEN","city_id":5329,"log_pop":3.8093705934,"log_mass":5.7824349191},{"country_iso":"KEN","city_id":5329,"log_pop":3.9911037425,"log_mass":5.8697273517},{"country_iso":"KEN","city_id":5329,"log_pop":2.8321559664,"log_mass":5.3190724428},{"country_iso":"KEN","city_id":5329,"log_pop":3.962677582,"log_mass":5.8183146346},{"country_iso":"KEN","city_id":5329,"log_pop":0.5341462428,"log_mass":2.729545917},{"country_iso":"KEN","city_id":5329,"log_pop":3.7192023474,"log_mass":5.6345140753},{"country_iso":"KEN","city_id":5329,"log_pop":3.7170437048,"log_mass":5.8658069914},{"country_iso":"KEN","city_id":5329,"log_pop":1.4102976919,"log_mass":3.6834494446},{"country_iso":"KEN","city_id":5329,"log_pop":3.7352173602,"log_mass":5.3745609685},{"country_iso":"KEN","city_id":5329,"log_pop":4.4497881397,"log_mass":6.6977085162},{"country_iso":"KEN","city_id":5329,"log_pop":3.7322595213,"log_mass":6.1809135412},{"country_iso":"KEN","city_id":5329,"log_pop":4.5213350157,"log_mass":6.4481232404},{"country_iso":"KEN","city_id":5329,"log_pop":4.6097568612,"log_mass":6.4555706077},{"country_iso":"KEN","city_id":5329,"log_pop":3.2603988807,"log_mass":5.4915002748},{"country_iso":"KEN","city_id":5329,"log_pop":4.5673122358,"log_mass":6.3640961204},{"country_iso":"KEN","city_id":5329,"log_pop":3.7938840305,"log_mass":5.8078596267},{"country_iso":"KEN","city_id":5329,"log_pop":4.4173086581,"log_mass":6.3681046081},{"country_iso":"KEN","city_id":5329,"log_pop":2.2858025774,"log_mass":4.1440524652},{"country_iso":"KEN","city_id":5329,"log_pop":4.2977900532,"log_mass":6.4125531011},{"country_iso":"KEN","city_id":5329,"log_pop":3.9210651007,"log_mass":5.9916191798},{"country_iso":"KEN","city_id":5329,"log_pop":3.2017913545,"log_mass":5.3262989893},{"country_iso":"KEN","city_id":5329,"log_pop":2.1920541278,"log_mass":3.8290724887},{"country_iso":"KEN","city_id":5329,"log_pop":4.4345722789,"log_mass":6.338868131},{"country_iso":"KEN","city_id":5329,"log_pop":4.2750102697,"log_mass":5.988088453},{"country_iso":"KEN","city_id":5329,"log_pop":4.6788093146,"log_mass":6.5940779099},{"country_iso":"KEN","city_id":5329,"log_pop":3.2998752872,"log_mass":4.8118220244},{"country_iso":"KEN","city_id":5329,"log_pop":4.5170108798,"log_mass":6.2899310695},{"country_iso":"KEN","city_id":5329,"log_pop":2.6962270265,"log_mass":4.4021494465},{"country_iso":"KEN","city_id":5329,"log_pop":4.0940534093,"log_mass":6.1494989025},{"country_iso":"KEN","city_id":5329,"log_pop":2.7235069836,"log_mass":4.4919022678},{"country_iso":"KEN","city_id":5329,"log_pop":2.5808221449,"log_mass":4.8908651906},{"country_iso":"KEN","city_id":5329,"log_pop":3.5611716932,"log_mass":5.936539174},{"country_iso":"KEN","city_id":4733,"log_pop":3.5116067442,"log_mass":5.2279010386},{"country_iso":"KEN","city_id":4733,"log_pop":1.8475002089,"log_mass":4.3099382657},{"country_iso":"KEN","city_id":4733,"log_pop":0.7258817476,"log_mass":4.1034794014},{"country_iso":"KEN","city_id":4733,"log_pop":2.3341915362,"log_mass":4.6014460921},{"country_iso":"KEN","city_id":4733,"log_pop":2.5877659243,"log_mass":5.3711191924},{"country_iso":"KEN","city_id":4733,"log_pop":2.1882359136,"log_mass":4.9472104294},{"country_iso":"KEN","city_id":4733,"log_pop":0.4436395513,"log_mass":3.7580222056},{"country_iso":"KEN","city_id":4733,"log_pop":1.6122929133,"log_mass":4.5289666527},{"country_iso":"KEN","city_id":4733,"log_pop":1.1996719405,"log_mass":3.7902323108},{"country_iso":"KEN","city_id":4733,"log_pop":3.7962739865,"log_mass":5.7736401829},{"country_iso":"KEN","city_id":4733,"log_pop":2.6908051883,"log_mass":4.954912381},{"country_iso":"KEN","city_id":4733,"log_pop":2.7599308804,"log_mass":4.8508568451},{"country_iso":"KEN","city_id":4733,"log_pop":3.9297005061,"log_mass":5.7875345043},{"country_iso":"KEN","city_id":4733,"log_pop":3.0419716086,"log_mass":5.207604069},{"country_iso":"KEN","city_id":4608,"log_pop":4.4266429876,"log_mass":6.1161989004},{"country_iso":"KEN","city_id":4608,"log_pop":4.2577787594,"log_mass":6.2127885263},{"country_iso":"KEN","city_id":4608,"log_pop":3.07511033,"log_mass":5.0604376517},{"country_iso":"KEN","city_id":4608,"log_pop":3.2985039649,"log_mass":5.3420650675},{"country_iso":"KEN","city_id":4608,"log_pop":1.76819326,"log_mass":4.9903562219},{"country_iso":"KEN","city_id":4608,"log_pop":4.6117933978,"log_mass":6.4001747672},{"country_iso":"KEN","city_id":4608,"log_pop":2.0182972737,"log_mass":4.3567815207},{"country_iso":"KEN","city_id":4608,"log_pop":2.6466602115,"log_mass":4.6256356789},{"country_iso":"KEN","city_id":4608,"log_pop":1.6002543725,"log_mass":3.7836117176},{"country_iso":"KEN","city_id":4608,"log_pop":3.6070332199,"log_mass":5.6475478354},{"country_iso":"KEN","city_id":4608,"log_pop":2.7876333968,"log_mass":4.9474679632},{"country_iso":"KEN","city_id":4608,"log_pop":3.9133589948,"log_mass":6.2621588346},{"country_iso":"KEN","city_id":4608,"log_pop":3.7936153442,"log_mass":5.5750051215},{"country_iso":"KEN","city_id":4608,"log_pop":4.2492178891,"log_mass":5.9987479968},{"country_iso":"KEN","city_id":4643,"log_pop":3.6487267499,"log_mass":5.6620143082},{"country_iso":"KEN","city_id":4643,"log_pop":2.6509549735,"log_mass":4.6095478403},{"country_iso":"KEN","city_id":4643,"log_pop":2.3732495681,"log_mass":4.5580913322},{"country_iso":"KEN","city_id":4643,"log_pop":3.9457466674,"log_mass":5.9315682215},{"country_iso":"KEN","city_id":4643,"log_pop":1.0188425336,"log_mass":4.3140944039},{"country_iso":"KEN","city_id":4643,"log_pop":2.9403650079,"log_mass":5.2003488194},{"country_iso":"KEN","city_id":4643,"log_pop":2.6703704777,"log_mass":4.3782286929},{"country_iso":"KEN","city_id":4643,"log_pop":3.6785118837,"log_mass":5.4824169075},{"country_iso":"KEN","city_id":4643,"log_pop":4.1639432855,"log_mass":5.8821895333},{"country_iso":"KEN","city_id":4643,"log_pop":2.1102982717,"log_mass":5.2096910385},{"country_iso":"KEN","city_id":4643,"log_pop":2.7481104684,"log_mass":4.6931944931},{"country_iso":"KEN","city_id":4643,"log_pop":2.0524603621,"log_mass":4.4013593018},{"country_iso":"KEN","city_id":4643,"log_pop":2.8606280033,"log_mass":5.2477417258},{"country_iso":"KEN","city_id":4856,"log_pop":2.2059403481,"log_mass":4.9914062758},{"country_iso":"KEN","city_id":4856,"log_pop":2.5440048912,"log_mass":5.0589743601},{"country_iso":"KEN","city_id":4856,"log_pop":1.6785247484,"log_mass":4.087452094},{"country_iso":"KEN","city_id":4856,"log_pop":3.3327603334,"log_mass":5.5943480766},{"country_iso":"KEN","city_id":4856,"log_pop":3.1093569102,"log_mass":5.2665261773},{"country_iso":"KEN","city_id":4856,"log_pop":3.8258814342,"log_mass":5.9348762138},{"country_iso":"KEN","city_id":4856,"log_pop":2.5547752133,"log_mass":4.8395768263},{"country_iso":"KEN","city_id":4856,"log_pop":1.8370351706,"log_mass":4.7992703695},{"country_iso":"KEN","city_id":4856,"log_pop":3.0239041772,"log_mass":5.1424093209},{"country_iso":"KEN","city_id":4856,"log_pop":0.3171388979,"log_mass":3.5377349714},{"country_iso":"KEN","city_id":4729,"log_pop":0.5620909195,"log_mass":3.6732342921},{"country_iso":"KEN","city_id":4729,"log_pop":4.7887992452,"log_mass":6.4146909054},{"country_iso":"KEN","city_id":4729,"log_pop":4.1145290542,"log_mass":5.5533288734},{"country_iso":"KEN","city_id":4729,"log_pop":3.8884044267,"log_mass":6.0668580924},{"country_iso":"KEN","city_id":4729,"log_pop":3.8156139175,"log_mass":5.9224168797},{"country_iso":"KEN","city_id":4729,"log_pop":4.2444130068,"log_mass":5.669018572},{"country_iso":"KEN","city_id":4729,"log_pop":3.5038368966,"log_mass":5.3357323645},{"country_iso":"KEN","city_id":4729,"log_pop":4.3557727462,"log_mass":5.9691529905},{"country_iso":"KEN","city_id":4729,"log_pop":0.0111976756,"log_mass":3.7872067641},{"country_iso":"KEN","city_id":4623,"log_pop":2.9642296376,"log_mass":4.560864141},{"country_iso":"KEN","city_id":4623,"log_pop":2.9795926359,"log_mass":5.0311943058},{"country_iso":"KEN","city_id":4623,"log_pop":4.1449576669,"log_mass":5.8795515315},{"country_iso":"KEN","city_id":4623,"log_pop":3.5546362052,"log_mass":5.1828745729},{"country_iso":"KEN","city_id":4623,"log_pop":3.1413814737,"log_mass":5.3329003424},{"country_iso":"KEN","city_id":4623,"log_pop":0.7309355396,"log_mass":3.7253151758},{"country_iso":"KEN","city_id":4623,"log_pop":2.5994696625,"log_mass":4.9321835258},{"country_iso":"KEN","city_id":4623,"log_pop":0.8957075261,"log_mass":4.2503351523},{"country_iso":"KEN","city_id":4607,"log_pop":2.084868986,"log_mass":4.474257762},{"country_iso":"KEN","city_id":4607,"log_pop":3.2623003096,"log_mass":5.1773712798},{"country_iso":"KEN","city_id":4607,"log_pop":1.5225991096,"log_mass":4.6949443195},{"country_iso":"KEN","city_id":4607,"log_pop":1.9236468981,"log_mass":4.4120340689},{"country_iso":"KEN","city_id":4607,"log_pop":3.7063715419,"log_mass":5.8036384351},{"country_iso":"KEN","city_id":4607,"log_pop":1.8351404884,"log_mass":4.4303089881},{"country_iso":"KEN","city_id":4607,"log_pop":2.6383795041,"log_mass":5.2404005659},{"country_iso":"KEN","city_id":4557,"log_pop":3.8034545107,"log_mass":5.746399797},{"country_iso":"KEN","city_id":4557,"log_pop":4.4003113532,"log_mass":6.1434776963},{"country_iso":"KEN","city_id":4557,"log_pop":3.2038366272,"log_mass":5.1270380497},{"country_iso":"KEN","city_id":4557,"log_pop":3.0704634692,"log_mass":4.9440653176},{"country_iso":"KEN","city_id":4557,"log_pop":1.6098942774,"log_mass":4.2537641389},{"country_iso":"KEN","city_id":4557,"log_pop":1.3891120257,"log_mass":3.6355095862},{"country_iso":"KEN","city_id":4806,"log_pop":1.8418533831,"log_mass":4.0392103767},{"country_iso":"KEN","city_id":4806,"log_pop":3.7723751962,"log_mass":5.4871384796},{"country_iso":"KEN","city_id":4806,"log_pop":0.1157751395,"log_mass":4.1378525759},{"country_iso":"KEN","city_id":4806,"log_pop":1.1390668194,"log_mass":4.0187218606},{"country_iso":"KEN","city_id":4806,"log_pop":2.6055224552,"log_mass":4.8783410745},{"country_iso":"KEN","city_id":4806,"log_pop":3.6156140739,"log_mass":5.7347283218},{"country_iso":"KEN","city_id":4606,"log_pop":1.6358347908,"log_mass":4.006690923},{"country_iso":"KEN","city_id":4606,"log_pop":2.1859449556,"log_mass":4.7371739151},{"country_iso":"KEN","city_id":4606,"log_pop":3.0087752141,"log_mass":5.5082865051},{"country_iso":"KEN","city_id":4606,"log_pop":1.5068143251,"log_mass":4.0602721967},{"country_iso":"KEN","city_id":4606,"log_pop":3.5024113343,"log_mass":5.7551445056},{"country_iso":"KEN","city_id":4606,"log_pop":2.1084301567,"log_mass":3.9117389378},{"country_iso":"KEN","city_id":4817,"log_pop":3.2634273272,"log_mass":5.2315163429},{"country_iso":"KEN","city_id":4817,"log_pop":2.5319295104,"log_mass":5.4459986839},{"country_iso":"KEN","city_id":4817,"log_pop":3.6186920253,"log_mass":5.4070593785},{"country_iso":"KEN","city_id":4817,"log_pop":3.9833200467,"log_mass":5.3764304114},{"country_iso":"KEN","city_id":4817,"log_pop":2.8819078724,"log_mass":5.1904818314},{"country_iso":"KEN","city_id":4817,"log_pop":4.4573502739,"log_mass":6.2219918045},{"country_iso":"KEN","city_id":4591,"log_pop":0.89223797,"log_mass":3.5490321243},{"country_iso":"KEN","city_id":4591,"log_pop":1.2936678539,"log_mass":4.0892795558},{"country_iso":"KEN","city_id":4591,"log_pop":2.8472355777,"log_mass":4.9145856279},{"country_iso":"KEN","city_id":4591,"log_pop":3.7890223255,"log_mass":5.8471713577},{"country_iso":"KEN","city_id":4591,"log_pop":3.1122395247,"log_mass":5.2353121095},{"country_iso":"KEN","city_id":4591,"log_pop":2.5226811531,"log_mass":4.8648890568},{"country_iso":"KEN","city_id":5394,"log_pop":2.6507246338,"log_mass":4.2835482902},{"country_iso":"KEN","city_id":5394,"log_pop":4.1976481918,"log_mass":6.1204506126},{"country_iso":"KEN","city_id":5394,"log_pop":3.1734597479,"log_mass":4.8697529832},{"country_iso":"KEN","city_id":5394,"log_pop":3.3016843433,"log_mass":5.3646780595},{"country_iso":"KEN","city_id":5394,"log_pop":1.6743407044,"log_mass":3.6621622361},{"country_iso":"KEN","city_id":5394,"log_pop":4.1910332331,"log_mass":6.094235458},{"country_iso":"KEN","city_id":4652,"log_pop":3.0153842002,"log_mass":5.2753393892},{"country_iso":"KEN","city_id":4652,"log_pop":2.0992082114,"log_mass":4.6966217951},{"country_iso":"KEN","city_id":4652,"log_pop":2.725814852,"log_mass":4.8412827601},{"country_iso":"KEN","city_id":4652,"log_pop":2.3827001685,"log_mass":4.7762058128},{"country_iso":"KEN","city_id":4652,"log_pop":1.5313679478,"log_mass":3.7592973973},{"country_iso":"KEN","city_id":4855,"log_pop":3.6364571031,"log_mass":5.835030083},{"country_iso":"KEN","city_id":4855,"log_pop":3.3549095741,"log_mass":5.3425333549},{"country_iso":"KEN","city_id":4855,"log_pop":1.3375518744,"log_mass":4.0581365568},{"country_iso":"KEN","city_id":4855,"log_pop":1.8661225307,"log_mass":3.9790068594},{"country_iso":"KEN","city_id":4855,"log_pop":1.8678137859,"log_mass":4.1594294467},{"country_iso":"KEN","city_id":5323,"log_pop":1.029464706,"log_mass":4.7820446829},{"country_iso":"KEN","city_id":5323,"log_pop":3.327324643,"log_mass":5.5961997882},{"country_iso":"KEN","city_id":5323,"log_pop":3.6012704117,"log_mass":5.8776268855},{"country_iso":"KEN","city_id":5323,"log_pop":2.3058845064,"log_mass":4.9919538396},{"country_iso":"KEN","city_id":5323,"log_pop":3.0989687876,"log_mass":5.4657594511},{"country_iso":"KEN","city_id":4854,"log_pop":1.976970389,"log_mass":5.2144648871},{"country_iso":"KEN","city_id":4854,"log_pop":2.8243011305,"log_mass":5.4004201098},{"country_iso":"KEN","city_id":4854,"log_pop":2.1260686833,"log_mass":4.531160859},{"country_iso":"KEN","city_id":4854,"log_pop":1.6468422055,"log_mass":4.7782892548},{"country_iso":"KEN","city_id":4854,"log_pop":3.6808322634,"log_mass":5.9805132944},{"country_iso":"KEN","city_id":4768,"log_pop":3.7343143708,"log_mass":5.6831281012},{"country_iso":"KEN","city_id":4768,"log_pop":1.6172607022,"log_mass":4.334961401},{"country_iso":"KEN","city_id":4768,"log_pop":2.7075597712,"log_mass":4.9436583322},{"country_iso":"KEN","city_id":4768,"log_pop":3.3744021279,"log_mass":5.4409703844},{"country_iso":"KEN","city_id":4768,"log_pop":3.9562317704,"log_mass":5.9650484491},{"country_iso":"KEN","city_id":4837,"log_pop":1.6222434156,"log_mass":4.209692352},{"country_iso":"KEN","city_id":4837,"log_pop":2.5917695321,"log_mass":4.6863869505},{"country_iso":"KEN","city_id":4837,"log_pop":3.391076306,"log_mass":5.5509207286},{"country_iso":"KEN","city_id":4837,"log_pop":2.0195630847,"log_mass":5.0645659088},{"country_iso":"KEN","city_id":4821,"log_pop":3.3211360344,"log_mass":5.5527058004},{"country_iso":"KEN","city_id":4821,"log_pop":1.6280859793,"log_mass":4.7203773847},{"country_iso":"KEN","city_id":4821,"log_pop":3.5997190524,"log_mass":5.6839670795},{"country_iso":"KEN","city_id":4821,"log_pop":1.8864195618,"log_mass":4.875800977},{"country_iso":"KEN","city_id":5367,"log_pop":4.0263598499,"log_mass":6.0262733397},{"country_iso":"KEN","city_id":5367,"log_pop":2.0935298664,"log_mass":4.1040284188},{"country_iso":"KEN","city_id":5367,"log_pop":2.5642919534,"log_mass":4.5816734292},{"country_iso":"KEN","city_id":5367,"log_pop":2.9926154895,"log_mass":5.4115656314},{"country_iso":"KEN","city_id":4995,"log_pop":2.5014804508,"log_mass":4.7387284941},{"country_iso":"KEN","city_id":4995,"log_pop":2.0309845219,"log_mass":4.5170533405},{"country_iso":"KEN","city_id":4995,"log_pop":3.2467527576,"log_mass":5.4919826191},{"country_iso":"KEN","city_id":4995,"log_pop":3.2628042553,"log_mass":5.5035859945},{"country_iso":"KEN","city_id":5350,"log_pop":3.0277779921,"log_mass":5.3926847677},{"country_iso":"KEN","city_id":5350,"log_pop":2.3734637137,"log_mass":4.5247182124},{"country_iso":"KEN","city_id":5350,"log_pop":3.0029106244,"log_mass":4.9716655485},{"country_iso":"KEN","city_id":5350,"log_pop":4.0161563562,"log_mass":6.1809426056},{"country_iso":"KEN","city_id":4909,"log_pop":2.0501101574,"log_mass":4.672322478},{"country_iso":"KEN","city_id":4909,"log_pop":3.6161200646,"log_mass":5.7037658987},{"country_iso":"KEN","city_id":4909,"log_pop":3.1253106848,"log_mass":4.6652091409},{"country_iso":"KEN","city_id":4909,"log_pop":1.7107312073,"log_mass":5.2825611108},{"country_iso":"KEN","city_id":4758,"log_pop":3.2566047399,"log_mass":5.0412443016},{"country_iso":"KEN","city_id":4758,"log_pop":2.67701713,"log_mass":5.1637488815},{"country_iso":"KEN","city_id":4758,"log_pop":3.3960119073,"log_mass":5.5410276308},{"country_iso":"KEN","city_id":4876,"log_pop":1.7493544342,"log_mass":4.0602581288},{"country_iso":"KEN","city_id":4876,"log_pop":2.1753753385,"log_mass":4.9277912546},{"country_iso":"KEN","city_id":4876,"log_pop":3.3714605472,"log_mass":5.6400643218},{"country_iso":"KEN","city_id":4648,"log_pop":3.3954631883,"log_mass":5.3112000272},{"country_iso":"KEN","city_id":4648,"log_pop":3.8093082892,"log_mass":5.5613833093},{"country_iso":"KEN","city_id":4648,"log_pop":3.7078021077,"log_mass":5.6149017037},{"country_iso":"KEN","city_id":5520,"log_pop":2.6084172301,"log_mass":5.1392853717},{"country_iso":"KEN","city_id":5520,"log_pop":1.7919737518,"log_mass":4.3540549814},{"country_iso":"KEN","city_id":5520,"log_pop":1.8861368188,"log_mass":4.9954087112},{"country_iso":"KEN","city_id":5346,"log_pop":4.148993103,"log_mass":5.5543280316},{"country_iso":"KEN","city_id":5346,"log_pop":2.8465867661,"log_mass":5.407380289},{"country_iso":"KEN","city_id":5346,"log_pop":3.8240118543,"log_mass":5.3283101991},{"country_iso":"KEN","city_id":4693,"log_pop":3.3775868423,"log_mass":5.308309534},{"country_iso":"KEN","city_id":4693,"log_pop":2.8118036457,"log_mass":4.8414426385},{"country_iso":"KEN","city_id":4693,"log_pop":1.912589971,"log_mass":4.6539547003},{"country_iso":"KEN","city_id":4819,"log_pop":2.0515896116,"log_mass":5.2299371497},{"country_iso":"KEN","city_id":4819,"log_pop":2.3422119405,"log_mass":4.9654736283},{"country_iso":"KEN","city_id":4819,"log_pop":1.3978561052,"log_mass":3.6319649708},{"country_iso":"KEN","city_id":5390,"log_pop":1.6364096379,"log_mass":4.3033893839},{"country_iso":"KEN","city_id":5390,"log_pop":2.0917141476,"log_mass":4.3177432301},{"country_iso":"KEN","city_id":5417,"log_pop":3.3339662833,"log_mass":5.4638202055},{"country_iso":"KEN","city_id":5417,"log_pop":2.2603786763,"log_mass":4.0368662443},{"country_iso":"KEN","city_id":4707,"log_pop":3.7433647917,"log_mass":5.8053174824},{"country_iso":"KEN","city_id":4707,"log_pop":2.7657513292,"log_mass":4.9195666472},{"country_iso":"KEN","city_id":4585,"log_pop":3.6139942308,"log_mass":5.4576088762},{"country_iso":"KEN","city_id":4585,"log_pop":2.6271318102,"log_mass":4.8230669384},{"country_iso":"KEN","city_id":4620,"log_pop":2.3203071783,"log_mass":4.0879015981},{"country_iso":"KEN","city_id":4620,"log_pop":2.801801487,"log_mass":4.875688965},{"country_iso":"KEN","city_id":4586,"log_pop":3.4123519919,"log_mass":5.5225154908},{"country_iso":"KEN","city_id":4586,"log_pop":3.4568278132,"log_mass":5.0025069059},{"country_iso":"KEN","city_id":4632,"log_pop":1.9345028145,"log_mass":4.6087010911},{"country_iso":"KEN","city_id":4604,"log_pop":2.8069534849,"log_mass":4.8945859076}]