[{"country_iso":"TKM","city_id":5893,"log_pop":2.6560098713,"log_mass":5.8161763088},{"country_iso":"TKM","city_id":5893,"log_pop":4.5580142096,"log_mass":6.4913907027},{"country_iso":"TKM","city_id":5893,"log_pop":3.7318825203,"log_mass":5.7158003179},{"country_iso":"TKM","city_id":5893,"log_pop":4.572326767,"log_mass":6.5312428894},{"country_iso":"TKM","city_id":5893,"log_pop":3.7918817865,"log_mass":5.6774373304},{"country_iso":"TKM","city_id":5893,"log_pop":4.5201072416,"log_mass":6.4768201664},{"country_iso":"TKM","city_id":5893,"log_pop":3.7773218487,"log_mass":6.1815808704},{"country_iso":"TKM","city_id":5893,"log_pop":4.6491776401,"log_mass":6.7830850666},{"country_iso":"TKM","city_id":5893,"log_pop":1.7738228398,"log_mass":4.8519284282},{"country_iso":"TKM","city_id":5893,"log_pop":3.8525674222,"log_mass":5.7773248396},{"country_iso":"TKM","city_id":5893,"log_pop":4.013471738,"log_mass":6.0699766169},{"country_iso":"TKM","city_id":5893,"log_pop":1.8504649201,"log_mass":4.8390033671},{"country_iso":"TKM","city_id":5893,"log_pop":4.1409783867,"log_mass":6.104361762},{"country_iso":"TKM","city_id":5893,"log_pop":4.4819259293,"log_mass":6.471727232},{"country_iso":"TKM","city_id":5893,"log_pop":4.6289357592,"log_mass":6.66962898},{"country_iso":"TKM","city_id":5893,"log_pop":4.6493055081,"log_mass":6.6423633048},{"country_iso":"TKM","city_id":5893,"log_pop":4.2355833803,"log_mass":6.3191758673},{"country_iso":"TKM","city_id":5893,"log_pop":2.563635159,"log_mass":5.7646900962},{"country_iso":"TKM","city_id":5893,"log_pop":-1.9541152179,"log_mass":1.8496351588},{"country_iso":"TKM","city_id":5893,"log_pop":3.9044888384,"log_mass":5.8521711831},{"country_iso":"TKM","city_id":5893,"log_pop":3.2206391486,"log_mass":6.0421474513},{"country_iso":"TKM","city_id":5893,"log_pop":2.5869743721,"log_mass":4.6936273459},{"country_iso":"TKM","city_id":5893,"log_pop":4.3974619231,"log_mass":6.4512774979},{"country_iso":"TKM","city_id":5893,"log_pop":4.6044034677,"log_mass":6.7555423212},{"country_iso":"TKM","city_id":5893,"log_pop":4.4727283168,"log_mass":6.4816660561},{"country_iso":"TKM","city_id":5893,"log_pop":4.6774543109,"log_mass":6.7362065325},{"country_iso":"TKM","city_id":5893,"log_pop":3.9327722682,"log_mass":6.0160059835},{"country_iso":"TKM","city_id":5893,"log_pop":4.4621132821,"log_mass":6.6399501378},{"country_iso":"TKM","city_id":5893,"log_pop":3.2604459923,"log_mass":5.2880976487},{"country_iso":"TKM","city_id":5893,"log_pop":4.3197595381,"log_mass":6.3583680154},{"country_iso":"TKM","city_id":5893,"log_pop":3.5642585276,"log_mass":5.6087451073},{"country_iso":"TKM","city_id":5893,"log_pop":2.9953069115,"log_mass":5.404362086},{"country_iso":"TKM","city_id":5893,"log_pop":4.0085413932,"log_mass":6.0120595309},{"country_iso":"TKM","city_id":5893,"log_pop":2.8870913385,"log_mass":5.1488521252},{"country_iso":"TKM","city_id":5942,"log_pop":1.0578711402,"log_mass":4.5358010762},{"country_iso":"TKM","city_id":5942,"log_pop":3.3047139974,"log_mass":6.3438073676},{"country_iso":"TKM","city_id":5942,"log_pop":2.8888342938,"log_mass":5.9154300296},{"country_iso":"TKM","city_id":5942,"log_pop":2.5671516,"log_mass":5.6755813322},{"country_iso":"TKM","city_id":5942,"log_pop":2.4572870778,"log_mass":5.7320237619},{"country_iso":"TKM","city_id":5942,"log_pop":3.0683071204,"log_mass":6.0565946102},{"country_iso":"TKM","city_id":5942,"log_pop":1.702666046,"log_mass":4.8851263085},{"country_iso":"TKM","city_id":5942,"log_pop":3.4303525105,"log_mass":6.4623212279},{"country_iso":"TKM","city_id":5942,"log_pop":2.8299048636,"log_mass":5.9198759314},{"country_iso":"TKM","city_id":5942,"log_pop":2.7126880844,"log_mass":5.7904771739},{"country_iso":"TKM","city_id":5942,"log_pop":1.9164422572,"log_mass":5.0779674979},{"country_iso":"TKM","city_id":5942,"log_pop":0.7584185119,"log_mass":4.3137340585},{"country_iso":"TKM","city_id":5942,"log_pop":2.9255040894,"log_mass":5.9209098657},{"country_iso":"TKM","city_id":5942,"log_pop":2.3337501876,"log_mass":5.5534140131},{"country_iso":"TKM","city_id":5942,"log_pop":3.3375924317,"log_mass":6.367152795},{"country_iso":"TKM","city_id":5942,"log_pop":3.2116666594,"log_mass":6.2421715946},{"country_iso":"TKM","city_id":5942,"log_pop":1.6780547126,"log_mass":5.1208029791},{"country_iso":"TKM","city_id":5942,"log_pop":2.0725934286,"log_mass":5.2226120292},{"country_iso":"TKM","city_id":5942,"log_pop":2.5806739973,"log_mass":5.6141089195},{"country_iso":"TKM","city_id":5887,"log_pop":3.5901803153,"log_mass":6.3389194365},{"country_iso":"TKM","city_id":5887,"log_pop":2.9750019886,"log_mass":5.7580857881},{"country_iso":"TKM","city_id":5887,"log_pop":3.3108778435,"log_mass":5.970134356},{"country_iso":"TKM","city_id":5887,"log_pop":3.6234190118,"log_mass":6.3357179671},{"country_iso":"TKM","city_id":5887,"log_pop":3.366087324,"log_mass":6.1401716288},{"country_iso":"TKM","city_id":5887,"log_pop":2.3683762594,"log_mass":5.0633507171},{"country_iso":"TKM","city_id":5887,"log_pop":3.1301063865,"log_mass":5.8773319183},{"country_iso":"TKM","city_id":5887,"log_pop":2.0624155946,"log_mass":4.989768678},{"country_iso":"TKM","city_id":5887,"log_pop":3.3115316433,"log_mass":5.9949523858},{"country_iso":"TKM","city_id":5887,"log_pop":0.4139367305,"log_mass":3.6524570455},{"country_iso":"TKM","city_id":5887,"log_pop":1.8559083343,"log_mass":4.5586926038},{"country_iso":"TKM","city_id":5887,"log_pop":2.1236690514,"log_mass":5.0467152511},{"country_iso":"TKM","city_id":5887,"log_pop":1.9365500648,"log_mass":5.0734108941},{"country_iso":"TKM","city_id":5889,"log_pop":1.925254421,"log_mass":5.1692480478},{"country_iso":"TKM","city_id":5889,"log_pop":2.8380661443,"log_mass":6.2145673},{"country_iso":"TKM","city_id":5889,"log_pop":0.4335495451,"log_mass":4.2090606254},{"country_iso":"TKM","city_id":5889,"log_pop":2.9863192106,"log_mass":6.2261337254},{"country_iso":"TKM","city_id":5889,"log_pop":2.524199837,"log_mass":5.8122785104},{"country_iso":"TKM","city_id":5889,"log_pop":1.0679258535,"log_mass":4.601878124},{"country_iso":"TKM","city_id":5889,"log_pop":3.0857390676,"log_mass":6.3597675888},{"country_iso":"TKM","city_id":5889,"log_pop":2.9885465002,"log_mass":6.240732925},{"country_iso":"TKM","city_id":5889,"log_pop":3.0902626822,"log_mass":6.4009241395},{"country_iso":"TKM","city_id":5889,"log_pop":2.8834414737,"log_mass":6.233947229},{"country_iso":"TKM","city_id":5889,"log_pop":1.7911389092,"log_mass":5.1950461669},{"country_iso":"TKM","city_id":5889,"log_pop":2.8417446682,"log_mass":6.0720792899},{"country_iso":"TKM","city_id":5951,"log_pop":1.5911511218,"log_mass":4.8092740521},{"country_iso":"TKM","city_id":5951,"log_pop":2.7798776293,"log_mass":5.7706588289},{"country_iso":"TKM","city_id":5951,"log_pop":3.0158451951,"log_mass":6.0236635828},{"country_iso":"TKM","city_id":5951,"log_pop":3.2873659144,"log_mass":6.3062575577},{"country_iso":"TKM","city_id":5951,"log_pop":3.2120822437,"log_mass":6.2551512755},{"country_iso":"TKM","city_id":5951,"log_pop":3.0798141326,"log_mass":6.1131410316},{"country_iso":"TKM","city_id":5951,"log_pop":3.400770064,"log_mass":6.437136942},{"country_iso":"TKM","city_id":5951,"log_pop":2.8611436168,"log_mass":5.8741111621},{"country_iso":"TKM","city_id":5951,"log_pop":2.6537949729,"log_mass":5.6942602463},{"country_iso":"TKM","city_id":5951,"log_pop":3.4904720815,"log_mass":6.488055176},{"country_iso":"TKM","city_id":5951,"log_pop":2.7961103912,"log_mass":5.8343259237},{"country_iso":"TKM","city_id":5885,"log_pop":1.5764551978,"log_mass":4.8553958218},{"country_iso":"TKM","city_id":5885,"log_pop":0.1972008291,"log_mass":4.1346430242},{"country_iso":"TKM","city_id":5885,"log_pop":1.9642978988,"log_mass":5.2855886388},{"country_iso":"TKM","city_id":5885,"log_pop":1.0818065182,"log_mass":4.6803864135},{"country_iso":"TKM","city_id":5885,"log_pop":1.8119181911,"log_mass":5.2871902302},{"country_iso":"TKM","city_id":5885,"log_pop":2.6679624367,"log_mass":6.1114710391},{"country_iso":"TKM","city_id":5885,"log_pop":1.233180676,"log_mass":4.6905054171},{"country_iso":"TKM","city_id":5885,"log_pop":2.0932417693,"log_mass":5.5246206511},{"country_iso":"TKM","city_id":5751,"log_pop":3.0032356136,"log_mass":6.046108816},{"country_iso":"TKM","city_id":5751,"log_pop":1.3843674689,"log_mass":4.6409457109},{"country_iso":"TKM","city_id":5751,"log_pop":3.4462601793,"log_mass":6.5570180174},{"country_iso":"TKM","city_id":5751,"log_pop":3.0184285743,"log_mass":6.0166365409},{"country_iso":"TKM","city_id":5751,"log_pop":2.2379271531,"log_mass":5.3029348584},{"country_iso":"TKM","city_id":5751,"log_pop":3.1285761445,"log_mass":6.2647021089},{"country_iso":"TKM","city_id":5751,"log_pop":2.8781155988,"log_mass":6.1497856881},{"country_iso":"TKM","city_id":5807,"log_pop":2.1512490591,"log_mass":6.2259257906},{"country_iso":"TKM","city_id":5807,"log_pop":2.333348202,"log_mass":6.2760003243},{"country_iso":"TKM","city_id":5807,"log_pop":1.0978468921,"log_mass":5.1359492622},{"country_iso":"TKM","city_id":5807,"log_pop":2.0473896826,"log_mass":6.07083248},{"country_iso":"TKM","city_id":5807,"log_pop":0.0301485345,"log_mass":4.1552136924},{"country_iso":"TKM","city_id":5807,"log_pop":1.2210212147,"log_mass":4.9649032189},{"country_iso":"TKM","city_id":5857,"log_pop":3.0157289905,"log_mass":6.1158350638},{"country_iso":"TKM","city_id":5857,"log_pop":1.2082067188,"log_mass":4.4386026239},{"country_iso":"TKM","city_id":5857,"log_pop":2.9168497353,"log_mass":6.0461031633},{"country_iso":"TKM","city_id":5857,"log_pop":2.6208951819,"log_mass":5.6841406478},{"country_iso":"TKM","city_id":5857,"log_pop":1.7014333797,"log_mass":5.1377272328},{"country_iso":"TKM","city_id":5877,"log_pop":2.3740424216,"log_mass":5.2198635313},{"country_iso":"TKM","city_id":5877,"log_pop":3.0830418053,"log_mass":5.9209202049},{"country_iso":"TKM","city_id":5877,"log_pop":1.5678578447,"log_mass":4.3485859155}]