[{"country_iso":"NAM","city_id":3260,"log_pop":1.5992201949,"log_mass":4.4697815537},{"country_iso":"NAM","city_id":3260,"log_pop":3.5543400411,"log_mass":6.1583927355},{"country_iso":"NAM","city_id":3260,"log_pop":3.1472431989,"log_mass":5.9366374903},{"country_iso":"NAM","city_id":3260,"log_pop":3.5597590645,"log_mass":6.4906763645},{"country_iso":"NAM","city_id":3260,"log_pop":2.3606696065,"log_mass":4.3900519539},{"country_iso":"NAM","city_id":3260,"log_pop":1.9480782454,"log_mass":4.2524947216},{"country_iso":"NAM","city_id":3260,"log_pop":4.6242446625,"log_mass":6.4432863919},{"country_iso":"NAM","city_id":3260,"log_pop":3.496724977,"log_mass":5.2556362063},{"country_iso":"NAM","city_id":3260,"log_pop":4.3968409563,"log_mass":6.1737578371},{"country_iso":"NAM","city_id":3260,"log_pop":4.1357203328,"log_mass":5.6959518066},{"country_iso":"NAM","city_id":3260,"log_pop":4.3248883115,"log_mass":6.3339880549},{"country_iso":"NAM","city_id":3260,"log_pop":3.23136885,"log_mass":5.0611139698},{"country_iso":"NAM","city_id":3260,"log_pop":4.2547953259,"log_mass":6.0831130081},{"country_iso":"NAM","city_id":3260,"log_pop":2.6443961655,"log_mass":5.3541402454},{"country_iso":"NAM","city_id":3260,"log_pop":2.5924898521,"log_mass":5.1699353956},{"country_iso":"NAM","city_id":3260,"log_pop":3.0627989509,"log_mass":6.0069378809},{"country_iso":"NAM","city_id":3260,"log_pop":3.822738046,"log_mass":6.0625468484},{"country_iso":"NAM","city_id":3260,"log_pop":0.4157018791,"log_mass":3.6620444315},{"country_iso":"NAM","city_id":3260,"log_pop":3.9631475094,"log_mass":6.4203272833},{"country_iso":"NAM","city_id":3260,"log_pop":3.7475203149,"log_mass":5.6855608788},{"country_iso":"NAM","city_id":3260,"log_pop":3.7547397635,"log_mass":6.2661276555},{"country_iso":"NAM","city_id":3260,"log_pop":3.6436480779,"log_mass":6.5242127855},{"country_iso":"NAM","city_id":3117,"log_pop":-0.5147961754,"log_mass":2.8791305753},{"country_iso":"NAM","city_id":3117,"log_pop":1.5855743697,"log_mass":3.7251846216}]