[{"country_iso":"SLV","city_id":321,"log_pop":3.5131697534,"log_mass":5.9072040914},{"country_iso":"SLV","city_id":321,"log_pop":2.5177062265,"log_mass":5.139285314},{"country_iso":"SLV","city_id":321,"log_pop":4.1662697873,"log_mass":6.5608531529},{"country_iso":"SLV","city_id":321,"log_pop":3.532292118,"log_mass":6.0664377609},{"country_iso":"SLV","city_id":321,"log_pop":3.6288204406,"log_mass":5.9567916028},{"country_iso":"SLV","city_id":321,"log_pop":3.4635941661,"log_mass":5.8604993571},{"country_iso":"SLV","city_id":321,"log_pop":1.488344656,"log_mass":3.9314495184},{"country_iso":"SLV","city_id":321,"log_pop":3.4989295555,"log_mass":5.8792552007},{"country_iso":"SLV","city_id":321,"log_pop":3.4208717605,"log_mass":5.3965605309},{"country_iso":"SLV","city_id":321,"log_pop":3.7692900251,"log_mass":5.7255617081},{"country_iso":"SLV","city_id":321,"log_pop":2.7128822139,"log_mass":4.7638438945},{"country_iso":"SLV","city_id":321,"log_pop":2.1948081674,"log_mass":4.0443127667},{"country_iso":"SLV","city_id":321,"log_pop":3.1737618859,"log_mass":4.9969941073},{"country_iso":"SLV","city_id":321,"log_pop":2.9228920841,"log_mass":4.8601767873},{"country_iso":"SLV","city_id":321,"log_pop":3.0059627462,"log_mass":4.7741139096},{"country_iso":"SLV","city_id":321,"log_pop":3.8883529038,"log_mass":6.0882282213},{"country_iso":"SLV","city_id":321,"log_pop":4.1399294567,"log_mass":6.325703294},{"country_iso":"SLV","city_id":321,"log_pop":3.4367601118,"log_mass":5.5770533971},{"country_iso":"SLV","city_id":321,"log_pop":3.7486216307,"log_mass":5.7242374984},{"country_iso":"SLV","city_id":321,"log_pop":3.246754277,"log_mass":5.5187699867},{"country_iso":"SLV","city_id":321,"log_pop":3.7640340888,"log_mass":5.9797073178},{"country_iso":"SLV","city_id":321,"log_pop":3.6575446178,"log_mass":5.4655519412},{"country_iso":"SLV","city_id":321,"log_pop":3.3891870676,"log_mass":5.2800903572},{"country_iso":"SLV","city_id":321,"log_pop":4.0004525263,"log_mass":5.8485736119},{"country_iso":"SLV","city_id":321,"log_pop":4.213559865,"log_mass":6.0721145468},{"country_iso":"SLV","city_id":321,"log_pop":3.3286251177,"log_mass":5.2389261477},{"country_iso":"SLV","city_id":321,"log_pop":4.0619191069,"log_mass":6.014273587},{"country_iso":"SLV","city_id":321,"log_pop":4.0771580902,"log_mass":6.3992361266},{"country_iso":"SLV","city_id":321,"log_pop":4.2028087575,"log_mass":6.6213196458},{"country_iso":"SLV","city_id":321,"log_pop":3.653098476,"log_mass":5.9835484416},{"country_iso":"SLV","city_id":321,"log_pop":3.8829378485,"log_mass":6.3415602316},{"country_iso":"SLV","city_id":321,"log_pop":3.2688850417,"log_mass":5.5215751157},{"country_iso":"SLV","city_id":321,"log_pop":4.2786512336,"log_mass":6.6039549916},{"country_iso":"SLV","city_id":321,"log_pop":2.3199057336,"log_mass":4.7604971951},{"country_iso":"SLV","city_id":321,"log_pop":4.0642384349,"log_mass":6.3868680359},{"country_iso":"SLV","city_id":321,"log_pop":3.4233154969,"log_mass":5.5651836089},{"country_iso":"SLV","city_id":321,"log_pop":1.4743297849,"log_mass":4.0734552012},{"country_iso":"SLV","city_id":321,"log_pop":3.0550070627,"log_mass":5.3721454052},{"country_iso":"SLV","city_id":321,"log_pop":3.055240046,"log_mass":5.5576316164},{"country_iso":"SLV","city_id":321,"log_pop":3.0950751767,"log_mass":5.5097691998},{"country_iso":"SLV","city_id":321,"log_pop":3.3285353014,"log_mass":5.7058581088},{"country_iso":"SLV","city_id":321,"log_pop":3.0917260568,"log_mass":4.848635533},{"country_iso":"SLV","city_id":321,"log_pop":4.3931030487,"log_mass":6.3397810293},{"country_iso":"SLV","city_id":321,"log_pop":4.3198111402,"log_mass":6.2677298196},{"country_iso":"SLV","city_id":321,"log_pop":3.0455934241,"log_mass":5.3830754899},{"country_iso":"SLV","city_id":321,"log_pop":2.7829457235,"log_mass":5.0024732008},{"country_iso":"SLV","city_id":321,"log_pop":1.7906273686,"log_mass":3.918295015},{"country_iso":"SLV","city_id":321,"log_pop":3.7932596969,"log_mass":5.933790232},{"country_iso":"SLV","city_id":321,"log_pop":4.1067963411,"log_mass":6.2396552523},{"country_iso":"SLV","city_id":321,"log_pop":3.8774936736,"log_mass":6.0323296613},{"country_iso":"SLV","city_id":321,"log_pop":2.3409288172,"log_mass":4.427408611},{"country_iso":"SLV","city_id":321,"log_pop":4.2509902148,"log_mass":6.278945509},{"country_iso":"SLV","city_id":321,"log_pop":1.7968162308,"log_mass":3.8637666202},{"country_iso":"SLV","city_id":321,"log_pop":2.0939556299,"log_mass":4.3942749233},{"country_iso":"SLV","city_id":321,"log_pop":3.8183852948,"log_mass":6.0813884734},{"country_iso":"SLV","city_id":321,"log_pop":3.9150681737,"log_mass":5.9536353857},{"country_iso":"SLV","city_id":321,"log_pop":3.3822015544,"log_mass":5.7173400771},{"country_iso":"SLV","city_id":321,"log_pop":4.0443656979,"log_mass":6.074036378},{"country_iso":"SLV","city_id":321,"log_pop":2.6819791131,"log_mass":5.1090612862},{"country_iso":"SLV","city_id":321,"log_pop":3.0145552236,"log_mass":5.0610476438},{"country_iso":"SLV","city_id":321,"log_pop":2.2367572252,"log_mass":4.6492441438},{"country_iso":"SLV","city_id":321,"log_pop":3.9879120272,"log_mass":6.0434821735},{"country_iso":"SLV","city_id":321,"log_pop":2.9668767692,"log_mass":5.2869381752},{"country_iso":"SLV","city_id":321,"log_pop":3.0242131529,"log_mass":5.3347622317},{"country_iso":"SLV","city_id":321,"log_pop":4.085339264,"log_mass":6.4059187318},{"country_iso":"SLV","city_id":321,"log_pop":3.7048725794,"log_mass":5.8720207943},{"country_iso":"SLV","city_id":321,"log_pop":3.7034267558,"log_mass":6.3019794394},{"country_iso":"SLV","city_id":321,"log_pop":2.5651730419,"log_mass":4.8845840624},{"country_iso":"SLV","city_id":321,"log_pop":4.4763776001,"log_mass":6.430163502},{"country_iso":"SLV","city_id":321,"log_pop":4.1292713578,"log_mass":6.1820229436},{"country_iso":"SLV","city_id":321,"log_pop":4.531837154,"log_mass":6.5023852511},{"country_iso":"SLV","city_id":321,"log_pop":4.420927175,"log_mass":6.4491435232},{"country_iso":"SLV","city_id":321,"log_pop":4.2197675834,"log_mass":6.0845766728},{"country_iso":"SLV","city_id":321,"log_pop":4.262103714,"log_mass":6.1371196419},{"country_iso":"SLV","city_id":321,"log_pop":4.3732292411,"log_mass":6.2529312011},{"country_iso":"SLV","city_id":321,"log_pop":3.0029465815,"log_mass":5.2895719908},{"country_iso":"SLV","city_id":321,"log_pop":2.9812388216,"log_mass":5.3409437312},{"country_iso":"SLV","city_id":321,"log_pop":1.0916236053,"log_mass":3.4464508522},{"country_iso":"SLV","city_id":321,"log_pop":3.0769281745,"log_mass":5.2652397486},{"country_iso":"SLV","city_id":321,"log_pop":4.3333955926,"log_mass":6.6646749075},{"country_iso":"SLV","city_id":321,"log_pop":4.2797231022,"log_mass":6.5204584683},{"country_iso":"SLV","city_id":321,"log_pop":4.2911333376,"log_mass":6.6068472799},{"country_iso":"SLV","city_id":321,"log_pop":4.295921369,"log_mass":6.5425764762},{"country_iso":"SLV","city_id":321,"log_pop":4.5830661621,"log_mass":6.5760648052},{"country_iso":"SLV","city_id":321,"log_pop":4.4411098092,"log_mass":6.4795018104},{"country_iso":"SLV","city_id":321,"log_pop":4.4404378797,"log_mass":6.5973007861},{"country_iso":"SLV","city_id":316,"log_pop":3.4446130345,"log_mass":5.6024402595},{"country_iso":"SLV","city_id":316,"log_pop":4.0194633081,"log_mass":6.1369901217},{"country_iso":"SLV","city_id":316,"log_pop":3.0418871337,"log_mass":5.3801986183},{"country_iso":"SLV","city_id":316,"log_pop":2.8060450051,"log_mass":4.9158589963},{"country_iso":"SLV","city_id":316,"log_pop":2.9696407439,"log_mass":5.465963344},{"country_iso":"SLV","city_id":316,"log_pop":1.7257973344,"log_mass":4.3660427158},{"country_iso":"SLV","city_id":316,"log_pop":4.1472543642,"log_mass":6.3422017209},{"country_iso":"SLV","city_id":316,"log_pop":3.3053931825,"log_mass":5.4726457179},{"country_iso":"SLV","city_id":316,"log_pop":2.8612792114,"log_mass":5.1837764917},{"country_iso":"SLV","city_id":316,"log_pop":0.7387727063,"log_mass":3.5350508004},{"country_iso":"SLV","city_id":316,"log_pop":2.604382836,"log_mass":5.1401581462},{"country_iso":"SLV","city_id":316,"log_pop":3.4305013347,"log_mass":5.7337238729},{"country_iso":"SLV","city_id":316,"log_pop":3.1391232469,"log_mass":5.4616056707},{"country_iso":"SLV","city_id":316,"log_pop":2.932083737,"log_mass":5.3959225383},{"country_iso":"SLV","city_id":316,"log_pop":3.3850508216,"log_mass":5.689899332},{"country_iso":"SLV","city_id":316,"log_pop":2.3917543147,"log_mass":4.9956647853},{"country_iso":"SLV","city_id":316,"log_pop":2.9333435017,"log_mass":5.2850242691},{"country_iso":"SLV","city_id":316,"log_pop":1.5167301324,"log_mass":4.492194363},{"country_iso":"SLV","city_id":316,"log_pop":2.066476354,"log_mass":4.5956087516},{"country_iso":"SLV","city_id":316,"log_pop":3.9704024555,"log_mass":6.1550901624},{"country_iso":"SLV","city_id":316,"log_pop":3.3365520573,"log_mass":5.5591315071},{"country_iso":"SLV","city_id":316,"log_pop":2.7552611099,"log_mass":5.2371152956},{"country_iso":"SLV","city_id":316,"log_pop":2.44090987,"log_mass":4.7930498906},{"country_iso":"SLV","city_id":311,"log_pop":2.1571956688,"log_mass":4.483669847},{"country_iso":"SLV","city_id":311,"log_pop":3.8321268646,"log_mass":6.0604992981},{"country_iso":"SLV","city_id":311,"log_pop":2.8910062501,"log_mass":5.233622489},{"country_iso":"SLV","city_id":311,"log_pop":2.6595213518,"log_mass":4.8181142723},{"country_iso":"SLV","city_id":311,"log_pop":3.6470740272,"log_mass":5.8603165968},{"country_iso":"SLV","city_id":311,"log_pop":-1.0077798524,"log_mass":3.492326486},{"country_iso":"SLV","city_id":311,"log_pop":3.9365249792,"log_mass":6.2188452752},{"country_iso":"SLV","city_id":311,"log_pop":2.5525159803,"log_mass":4.9526622934},{"country_iso":"SLV","city_id":311,"log_pop":4.1890241232,"log_mass":6.4864617467},{"country_iso":"SLV","city_id":311,"log_pop":3.6203715613,"log_mass":5.8339177974},{"country_iso":"SLV","city_id":311,"log_pop":2.4019322686,"log_mass":4.6831454038},{"country_iso":"SLV","city_id":311,"log_pop":2.7404373371,"log_mass":5.0295603451},{"country_iso":"SLV","city_id":311,"log_pop":3.990860926,"log_mass":6.2071545516},{"country_iso":"SLV","city_id":338,"log_pop":3.4732318103,"log_mass":5.6695604451},{"country_iso":"SLV","city_id":338,"log_pop":3.7387089756,"log_mass":6.1146890051},{"country_iso":"SLV","city_id":338,"log_pop":3.4743236956,"log_mass":5.8846289044},{"country_iso":"SLV","city_id":338,"log_pop":4.1812363631,"log_mass":6.534143939},{"country_iso":"SLV","city_id":338,"log_pop":0.1068424639,"log_mass":3.5186034092},{"country_iso":"SLV","city_id":338,"log_pop":3.3171957593,"log_mass":5.4095106772},{"country_iso":"SLV","city_id":338,"log_pop":0.5259332552,"log_mass":3.5810664166},{"country_iso":"SLV","city_id":338,"log_pop":3.4939650017,"log_mass":5.7776032681},{"country_iso":"SLV","city_id":338,"log_pop":1.6763054076,"log_mass":4.5323539253},{"country_iso":"SLV","city_id":338,"log_pop":4.1213388332,"log_mass":6.4404579486},{"country_iso":"SLV","city_id":338,"log_pop":3.2785310847,"log_mass":5.5989601424},{"country_iso":"SLV","city_id":338,"log_pop":3.7985689101,"log_mass":6.1190239507},{"country_iso":"SLV","city_id":308,"log_pop":-0.4468089467,"log_mass":4.0729294806},{"country_iso":"SLV","city_id":308,"log_pop":4.050077635,"log_mass":6.2387376098},{"country_iso":"SLV","city_id":308,"log_pop":3.9251920916,"log_mass":5.7741176444},{"country_iso":"SLV","city_id":308,"log_pop":2.6946061816,"log_mass":5.0654706813},{"country_iso":"SLV","city_id":308,"log_pop":3.9318117182,"log_mass":6.2422516498},{"country_iso":"SLV","city_id":308,"log_pop":1.2747153223,"log_mass":4.1530576388},{"country_iso":"SLV","city_id":308,"log_pop":3.5869199588,"log_mass":5.8640984399},{"country_iso":"SLV","city_id":308,"log_pop":3.0253606168,"log_mass":5.3789891338},{"country_iso":"SLV","city_id":308,"log_pop":2.1034772791,"log_mass":4.2423639679},{"country_iso":"SLV","city_id":308,"log_pop":3.3909175456,"log_mass":5.4365136572},{"country_iso":"SLV","city_id":308,"log_pop":2.1845320207,"log_mass":4.8039465611},{"country_iso":"SLV","city_id":308,"log_pop":2.9458330861,"log_mass":5.0197867235},{"country_iso":"SLV","city_id":305,"log_pop":0.550847137,"log_mass":3.1988572013},{"country_iso":"SLV","city_id":305,"log_pop":1.0677056896,"log_mass":4.4342654481},{"country_iso":"SLV","city_id":305,"log_pop":3.4736749946,"log_mass":5.6409411917},{"country_iso":"SLV","city_id":305,"log_pop":2.5872110137,"log_mass":4.9741229508},{"country_iso":"SLV","city_id":305,"log_pop":2.8788209361,"log_mass":4.8484394},{"country_iso":"SLV","city_id":305,"log_pop":3.5172793051,"log_mass":5.7220652017},{"country_iso":"SLV","city_id":305,"log_pop":3.5326999703,"log_mass":5.7179695291},{"country_iso":"SLV","city_id":305,"log_pop":4.0372773496,"log_mass":6.2188828545},{"country_iso":"SLV","city_id":334,"log_pop":2.1574872258,"log_mass":4.6090387521},{"country_iso":"SLV","city_id":334,"log_pop":4.0980504071,"log_mass":6.391581082},{"country_iso":"SLV","city_id":334,"log_pop":2.5542800468,"log_mass":5.0872722086},{"country_iso":"SLV","city_id":334,"log_pop":2.5069281352,"log_mass":4.8826144966},{"country_iso":"SLV","city_id":334,"log_pop":2.5860280718,"log_mass":4.826133784},{"country_iso":"SLV","city_id":334,"log_pop":2.4505767058,"log_mass":5.2318908614},{"country_iso":"SLV","city_id":334,"log_pop":2.9527340067,"log_mass":5.2242409716},{"country_iso":"SLV","city_id":334,"log_pop":2.6137420797,"log_mass":4.8614508358},{"country_iso":"SLV","city_id":310,"log_pop":3.1295221039,"log_mass":5.366689645},{"country_iso":"SLV","city_id":310,"log_pop":3.9045057251,"log_mass":6.0519797433},{"country_iso":"SLV","city_id":310,"log_pop":0.7327589205,"log_mass":3.9632460478},{"country_iso":"SLV","city_id":310,"log_pop":3.5112762355,"log_mass":5.7125207109},{"country_iso":"SLV","city_id":310,"log_pop":3.2763640261,"log_mass":5.5685597986},{"country_iso":"SLV","city_id":310,"log_pop":3.1303963382,"log_mass":5.413192084},{"country_iso":"SLV","city_id":326,"log_pop":3.5113986647,"log_mass":6.1146389094},{"country_iso":"SLV","city_id":326,"log_pop":1.1194090989,"log_mass":3.6832114454},{"country_iso":"SLV","city_id":326,"log_pop":1.489974618,"log_mass":3.9515150987},{"country_iso":"SLV","city_id":326,"log_pop":3.2074230337,"log_mass":5.7013616452},{"country_iso":"SLV","city_id":326,"log_pop":2.4682066036,"log_mass":4.8416858015},{"country_iso":"SLV","city_id":326,"log_pop":3.1548653233,"log_mass":5.7203940648}]