[{"country_iso": "PAN", "city_id": 458, "log_pop": 4.640911, "log_mass": 6.548188}, {"country_iso": "PAN", "city_id": 452, "log_pop": 4.214999, "log_mass": 6.407655}, {"country_iso": "PAN", "city_id": 454, "log_pop": 1.80423, "log_mass": 4.502709}, {"country_iso": "PAN", "city_id": 454, "log_pop": 3.232593, "log_mass": 5.36985}, {"country_iso": "PAN", "city_id": 451, "log_pop": 2.773873, "log_mass": 4.580106}, {"country_iso": "PAN", "city_id": 460, "log_pop": 0.900535, "log_mass": 3.732084}, {"country_iso": "PAN", "city_id": 451, "log_pop": 2.454794, "log_mass": 4.55906}, {"country_iso": "PAN", "city_id": 458, "log_pop": 3.340838, "log_mass": 5.571729}, {"country_iso": "PAN", "city_id": 454, "log_pop": 3.573303, "log_mass": 5.820265}, {"country_iso": "PAN", "city_id": 458, "log_pop": 4.661839, "log_mass": 6.606796}, {"country_iso": "PAN", "city_id": 460, "log_pop": 3.904633, "log_mass": 6.02459}, {"country_iso": "PAN", "city_id": 452, "log_pop": 3.715029, "log_mass": 6.021064}, {"country_iso": "PAN", "city_id": 458, "log_pop": 4.245695, "log_mass": 6.325782}, {"country_iso": "PAN", "city_id": 460, "log_pop": 2.518689, "log_mass": 4.981484}, {"country_iso": "PAN", "city_id": 452, "log_pop": 3.569601, "log_mass": 5.572101}, {"country_iso": "PAN", "city_id": 458, "log_pop": 3.983708, "log_mass": 6.244869}, {"country_iso": "PAN", "city_id": 458, "log_pop": 4.526873, "log_mass": 5.916752}, {"country_iso": "PAN", "city_id": 454, "log_pop": 2.705566, "log_mass": 5.301457}, {"country_iso": "PAN", "city_id": 454, "log_pop": 3.249374, "log_mass": 5.710845}, {"country_iso": "PAN", "city_id": 451, "log_pop": 2.839486, "log_mass": 5.34332}, {"country_iso": "PAN", "city_id": 454, "log_pop": 3.531944, "log_mass": 5.895419}, {"country_iso": "PAN", "city_id": 458, "log_pop": 4.403635, "log_mass": 6.759993}, {"country_iso": "PAN", "city_id": 454, "log_pop": 4.096832, "log_mass": 6.160252}, {"country_iso": "PAN", "city_id": 458, "log_pop": 4.141396, "log_mass": 6.332912}, {"country_iso": "PAN", "city_id": 452, "log_pop": 3.40722, "log_mass": 5.614739}, {"country_iso": "PAN", "city_id": 458, "log_pop": 3.072062, "log_mass": 5.531231}, {"country_iso": "PAN", "city_id": 458, "log_pop": 4.472978, "log_mass": 6.560341}, {"country_iso": "PAN", "city_id": 451, "log_pop": 2.101698, "log_mass": 4.54565}, {"country_iso": "PAN", "city_id": 458, "log_pop": 0.623616, "log_mass": 3.612163}, {"country_iso": "PAN", "city_id": 460, "log_pop": 4.093443, "log_mass": 6.335991}, {"country_iso": "PAN", "city_id": 460, "log_pop": 3.531695, "log_mass": 5.856843}, {"country_iso": "PAN", "city_id": 460, "log_pop": 2.943918, "log_mass": 5.277613}, {"country_iso": "PAN", "city_id": 458, "log_pop": 2.531061, "log_mass": 5.36057}, {"country_iso": "PAN", "city_id": 458, "log_pop": 3.644808, "log_mass": 6.068491}, {"country_iso": "PAN", "city_id": 458, "log_pop": 3.458899, "log_mass": 5.752155}, {"country_iso": "PAN", "city_id": 454, "log_pop": 2.514979, "log_mass": 4.775622}, {"country_iso": "PAN", "city_id": 451, "log_pop": 3.641547, "log_mass": 6.123434}, {"country_iso": "PAN", "city_id": 451, "log_pop": 4.072259, "log_mass": 6.381182}, {"country_iso": "PAN", "city_id": 458, "log_pop": 4.016629, "log_mass": 6.26529}, {"country_iso": "PAN", "city_id": 458, "log_pop": 3.221491, "log_mass": 5.22527}, {"country_iso": "PAN", "city_id": 458, "log_pop": 4.323023, "log_mass": 6.460907}, {"country_iso": "PAN", "city_id": 458, "log_pop": 2.179236, "log_mass": 4.419979}, {"country_iso": "PAN", "city_id": 454, "log_pop": 4.104732, "log_mass": 6.002209}, {"country_iso": "PAN", "city_id": 458, "log_pop": 3.431347, "log_mass": 5.617908}, {"country_iso": "PAN", "city_id": 452, "log_pop": 3.400245, "log_mass": 5.76788}, {"country_iso": "PAN", "city_id": 458, "log_pop": 3.990976, "log_mass": 6.29751}, {"country_iso": "PAN", "city_id": 452, "log_pop": 0.903448, "log_mass": 3.687587}, {"country_iso": "PAN", "city_id": 460, "log_pop": 3.271729, "log_mass": 5.797559}, {"country_iso": "PAN", "city_id": 452, "log_pop": 3.98528, "log_mass": 6.21608}, {"country_iso": "PAN", "city_id": 458, "log_pop": 3.465384, "log_mass": 5.995082}, {"country_iso": "PAN", "city_id": 454, "log_pop": 2.270727, "log_mass": 4.804743}, {"country_iso": "PAN", "city_id": 452, "log_pop": 3.247852, "log_mass": 5.584729}, {"country_iso": "PAN", "city_id": 454, "log_pop": 2.803992, "log_mass": 5.327089}, {"country_iso": "PAN", "city_id": 460, "log_pop": 3.693285, "log_mass": 5.841662}, {"country_iso": "PAN", "city_id": 452, "log_pop": 2.264637, "log_mass": 4.798199}, {"country_iso": "PAN", "city_id": 458, "log_pop": 3.150798, "log_mass": 5.094114}, {"country_iso": "PAN", "city_id": 451, "log_pop": 2.416635, "log_mass": 4.815694}, {"country_iso": "PAN", "city_id": 458, "log_pop": 4.623479, "log_mass": 6.614402}, {"country_iso": "PAN", "city_id": 458, "log_pop": 3.920125, "log_mass": 6.04419}, {"country_iso": "PAN", "city_id": 458, "log_pop": 3.467028, "log_mass": 5.803343}, {"country_iso": "PAN", "city_id": 452, "log_pop": 2.806134, "log_mass": 5.383665}, {"country_iso": "PAN", "city_id": 460, "log_pop": 3.985191, "log_mass": 6.208936}, {"country_iso": "PAN", "city_id": 454, "log_pop": 2.360763, "log_mass": 4.896063}, {"country_iso": "PAN", "city_id": 458, "log_pop": 3.190882, "log_mass": 5.757675}, {"country_iso": "PAN", "city_id": 454, "log_pop": 2.772692, "log_mass": 5.178939}, {"country_iso": "PAN", "city_id": 454, "log_pop": 3.714275, "log_mass": 6.051172}, {"country_iso": "PAN", "city_id": 458, "log_pop": 3.424856, "log_mass": 5.364796}, {"country_iso": "PAN", "city_id": 454, "log_pop": 2.295372, "log_mass": 5.0441}, {"country_iso": "PAN", "city_id": 454, "log_pop": 1.409729, "log_mass": 4.063829}, {"country_iso": "PAN", "city_id": 451, "log_pop": 3.005409, "log_mass": 5.111998}, {"country_iso": "PAN", "city_id": 451, "log_pop": 2.032689, "log_mass": 4.573955}, {"country_iso": "PAN", "city_id": 460, "log_pop": 2.576003, "log_mass": 4.915904}, {"country_iso": "PAN", "city_id": 458, "log_pop": 4.306855, "log_mass": 6.580156}, {"country_iso": "PAN", "city_id": 458, "log_pop": 2.861749, "log_mass": 5.562731}, {"country_iso": "PAN", "city_id": 451, "log_pop": 3.518818, "log_mass": 5.599928}, {"country_iso": "PAN", "city_id": 458, "log_pop": 2.855422, "log_mass": 5.715997}, {"country_iso": "PAN", "city_id": 454, "log_pop": 4.037071, "log_mass": 6.270943}, {"country_iso": "PAN", "city_id": 454, "log_pop": 1.653134, "log_mass": 4.245583}, {"country_iso": "PAN", "city_id": 460, "log_pop": 2.528557, "log_mass": 5.099566}, {"country_iso": "PAN", "city_id": 451, "log_pop": 3.936193, "log_mass": 6.258593}, {"country_iso": "PAN", "city_id": 454, "log_pop": 3.299768, "log_mass": 5.448486}, {"country_iso": "PAN", "city_id": 458, "log_pop": 4.34452, "log_mass": 6.4837}, {"country_iso": "PAN", "city_id": 451, "log_pop": 4.168216, "log_mass": 6.211255}, {"country_iso": "PAN", "city_id": 458, "log_pop": 3.837731, "log_mass": 5.991302}, {"country_iso": "PAN", "city_id": 458, "log_pop": 3.299171, "log_mass": 5.704304}, {"country_iso": "PAN", "city_id": 458, "log_pop": 4.129284, "log_mass": 6.387038}, {"country_iso": "PAN", "city_id": 458, "log_pop": 4.063238, "log_mass": 6.122693}, {"country_iso": "PAN", "city_id": 458, "log_pop": 3.215913, "log_mass": 5.402858}, {"country_iso": "PAN", "city_id": 458, "log_pop": 4.097766, "log_mass": 6.183887}, {"country_iso": "PAN", "city_id": 458, "log_pop": 2.173929, "log_mass": 4.508181}, {"country_iso": "PAN", "city_id": 451, "log_pop": 2.238127, "log_mass": 4.697356}, {"country_iso": "PAN", "city_id": 460, "log_pop": 3.854345, "log_mass": 6.106487}, {"country_iso": "PAN", "city_id": 458, "log_pop": 2.021253, "log_mass": 4.638234}, {"country_iso": "PAN", "city_id": 458, "log_pop": 4.202963, "log_mass": 6.437862}, {"country_iso": "PAN", "city_id": 454, "log_pop": 2.710882, "log_mass": 5.173022}, {"country_iso": "PAN", "city_id": 458, "log_pop": 2.817444, "log_mass": 5.216538}, {"country_iso": "PAN", "city_id": 458, "log_pop": 4.433231, "log_mass": 6.579252}, {"country_iso": "PAN", "city_id": 458, "log_pop": 2.598436, "log_mass": 5.245634}, {"country_iso": "PAN", "city_id": 458, "log_pop": 4.354124, "log_mass": 6.53556}, {"country_iso": "PAN", "city_id": 460, "log_pop": 3.453205, "log_mass": 5.727205}, {"country_iso": "PAN", "city_id": 458, "log_pop": 1.91579, "log_mass": 4.809644}, {"country_iso": "PAN", "city_id": 460, "log_pop": 2.752864, "log_mass": 5.114336}, {"country_iso": "PAN", "city_id": 452, "log_pop": 3.758814, "log_mass": 6.126113}, {"country_iso": "PAN", "city_id": 451, "log_pop": 3.785065, "log_mass": 5.948259}, {"country_iso": "PAN", "city_id": 458, "log_pop": 2.627668, "log_mass": 5.205995}, {"country_iso": "PAN", "city_id": 452, "log_pop": 2.033125, "log_mass": 4.050149}, {"country_iso": "PAN", "city_id": 458, "log_pop": 1.25479, "log_mass": 3.799678}, {"country_iso": "PAN", "city_id": 454, "log_pop": 3.016753, "log_mass": 5.335988}, {"country_iso": "PAN", "city_id": 452, "log_pop": 3.680557, "log_mass": 6.035219}, {"country_iso": "PAN", "city_id": 458, "log_pop": 4.093919, "log_mass": 5.803075}, {"country_iso": "PAN", "city_id": 451, "log_pop": 2.704779, "log_mass": 5.310665}, {"country_iso": "PAN", "city_id": 458, "log_pop": 4.000436, "log_mass": 6.333592}, {"country_iso": "PAN", "city_id": 458, "log_pop": 3.163027, "log_mass": 5.488392}, {"country_iso": "PAN", "city_id": 454, "log_pop": 3.014672, "log_mass": 5.506232}, {"country_iso": "PAN", "city_id": 458, "log_pop": 3.140596, "log_mass": 6.183565}, {"country_iso": "PAN", "city_id": 454, "log_pop": 3.524055, "log_mass": 5.973723}, {"country_iso": "PAN", "city_id": 460, "log_pop": 2.854465, "log_mass": 5.331628}, {"country_iso": "PAN", "city_id": 458, "log_pop": 3.899006, "log_mass": 6.193433}, {"country_iso": "PAN", "city_id": 451, "log_pop": 2.245155, "log_mass": 4.510779}, {"country_iso": "PAN", "city_id": 458, "log_pop": 4.214443, "log_mass": 6.460275}, {"country_iso": "PAN", "city_id": 451, "log_pop": 3.731713, "log_mass": 5.868574}, {"country_iso": "PAN", "city_id": 460, "log_pop": 0.991018, "log_mass": 4.232804}, {"country_iso": "PAN", "city_id": 458, "log_pop": 3.615369, "log_mass": 5.868641}, {"country_iso": "PAN", "city_id": 460, "log_pop": 2.989498, "log_mass": 5.396256}, {"country_iso": "PAN", "city_id": 451, "log_pop": 3.418285, "log_mass": 5.98319}, {"country_iso": "PAN", "city_id": 451, "log_pop": 2.583672, "log_mass": 5.299263}, {"country_iso": "PAN", "city_id": 454, "log_pop": 3.62814, "log_mass": 5.902499}, {"country_iso": "PAN", "city_id": 458, "log_pop": 2.68894, "log_mass": 4.786394}, {"country_iso": "PAN", "city_id": 452, "log_pop": 2.215807, "log_mass": 4.592542}, {"country_iso": "PAN", "city_id": 458, "log_pop": 4.218586, "log_mass": 6.207427}, {"country_iso": "PAN", "city_id": 458, "log_pop": 4.474397, "log_mass": 6.702416}, {"country_iso": "PAN", "city_id": 458, "log_pop": 4.59525, "log_mass": 6.490627}, {"country_iso": "PAN", "city_id": 458, "log_pop": 3.604191, "log_mass": 5.70696}]