[{"country_iso":"GHA","city_id":1910,"log_pop":3.3656944246,"log_mass":6.0550132019},{"country_iso":"GHA","city_id":1910,"log_pop":3.8993235868,"log_mass":6.2510987215},{"country_iso":"GHA","city_id":1910,"log_pop":2.8732453525,"log_mass":5.5025509155},{"country_iso":"GHA","city_id":1910,"log_pop":2.3514024394,"log_mass":5.3239580465},{"country_iso":"GHA","city_id":1910,"log_pop":3.0086369229,"log_mass":5.7894297858},{"country_iso":"GHA","city_id":1910,"log_pop":2.225018467,"log_mass":4.9566025247},{"country_iso":"GHA","city_id":1910,"log_pop":2.664951019,"log_mass":5.3505129237},{"country_iso":"GHA","city_id":1910,"log_pop":3.8911067702,"log_mass":6.2590161957},{"country_iso":"GHA","city_id":1910,"log_pop":3.935289284,"log_mass":6.2348837799},{"country_iso":"GHA","city_id":1910,"log_pop":4.1481774619,"log_mass":6.3802468079},{"country_iso":"GHA","city_id":1910,"log_pop":4.1706850835,"log_mass":6.4754788074},{"country_iso":"GHA","city_id":1910,"log_pop":2.7079253378,"log_mass":5.334678486},{"country_iso":"GHA","city_id":1910,"log_pop":3.2086976686,"log_mass":5.6045599112},{"country_iso":"GHA","city_id":1910,"log_pop":4.0086067938,"log_mass":6.3552598358},{"country_iso":"GHA","city_id":1910,"log_pop":3.3283802406,"log_mass":5.8120820522},{"country_iso":"GHA","city_id":1910,"log_pop":2.5921234247,"log_mass":5.2260429559},{"country_iso":"GHA","city_id":1910,"log_pop":3.9765472901,"log_mass":6.2822747148},{"country_iso":"GHA","city_id":1910,"log_pop":3.8728568267,"log_mass":6.0722796909},{"country_iso":"GHA","city_id":1910,"log_pop":3.9777305517,"log_mass":6.2309020293},{"country_iso":"GHA","city_id":1910,"log_pop":3.6194179535,"log_mass":5.9433709278},{"country_iso":"GHA","city_id":1910,"log_pop":3.8280443791,"log_mass":6.1114250433},{"country_iso":"GHA","city_id":1910,"log_pop":4.3055008924,"log_mass":6.4461445294},{"country_iso":"GHA","city_id":1910,"log_pop":4.3198166638,"log_mass":6.4331557723},{"country_iso":"GHA","city_id":1910,"log_pop":3.1760223047,"log_mass":5.4663887488},{"country_iso":"GHA","city_id":1910,"log_pop":3.5988727526,"log_mass":5.8920069879},{"country_iso":"GHA","city_id":1910,"log_pop":3.6736315076,"log_mass":6.0407344318},{"country_iso":"GHA","city_id":1910,"log_pop":3.0840791365,"log_mass":5.4475683986},{"country_iso":"GHA","city_id":1910,"log_pop":2.4684875117,"log_mass":5.2028123658},{"country_iso":"GHA","city_id":1910,"log_pop":4.0931350368,"log_mass":6.3376518978},{"country_iso":"GHA","city_id":1910,"log_pop":4.0842146822,"log_mass":6.3431114893},{"country_iso":"GHA","city_id":1910,"log_pop":3.3245802423,"log_mass":5.7108945082},{"country_iso":"GHA","city_id":1910,"log_pop":1.4765941437,"log_mass":3.9766658436},{"country_iso":"GHA","city_id":1910,"log_pop":2.7750424086,"log_mass":5.4643758258},{"country_iso":"GHA","city_id":1910,"log_pop":3.2347789692,"log_mass":5.8506413306},{"country_iso":"GHA","city_id":1910,"log_pop":2.1226345038,"log_mass":4.8794802911},{"country_iso":"GHA","city_id":1910,"log_pop":3.5758885555,"log_mass":6.126256441},{"country_iso":"GHA","city_id":1910,"log_pop":3.4854827967,"log_mass":6.015016683},{"country_iso":"GHA","city_id":1910,"log_pop":3.2867954247,"log_mass":5.6701772313},{"country_iso":"GHA","city_id":1910,"log_pop":4.0954785025,"log_mass":6.3336916625},{"country_iso":"GHA","city_id":1910,"log_pop":3.356635151,"log_mass":6.0367377682},{"country_iso":"GHA","city_id":1910,"log_pop":3.6033897079,"log_mass":6.2108372957},{"country_iso":"GHA","city_id":1910,"log_pop":3.1363874749,"log_mass":5.631872009},{"country_iso":"GHA","city_id":1910,"log_pop":2.3250145923,"log_mass":5.1787551753},{"country_iso":"GHA","city_id":1910,"log_pop":3.1383249447,"log_mass":5.8322434827},{"country_iso":"GHA","city_id":1910,"log_pop":1.85473156,"log_mass":4.5990653475},{"country_iso":"GHA","city_id":1910,"log_pop":3.0960659212,"log_mass":5.8750554058},{"country_iso":"GHA","city_id":1910,"log_pop":2.9181040136,"log_mass":5.6688808167},{"country_iso":"GHA","city_id":1910,"log_pop":3.1884287264,"log_mass":5.8691578844},{"country_iso":"GHA","city_id":1910,"log_pop":2.5394032189,"log_mass":5.1670387151},{"country_iso":"GHA","city_id":1910,"log_pop":2.7982377205,"log_mass":5.5073861338},{"country_iso":"GHA","city_id":1910,"log_pop":3.5564956547,"log_mass":6.3233996454},{"country_iso":"GHA","city_id":1910,"log_pop":3.6058789831,"log_mass":6.1857347782},{"country_iso":"GHA","city_id":1910,"log_pop":3.5580603915,"log_mass":6.3344821818},{"country_iso":"GHA","city_id":1910,"log_pop":3.8184622613,"log_mass":6.3870479492},{"country_iso":"GHA","city_id":1910,"log_pop":3.4218971683,"log_mass":6.379762133},{"country_iso":"GHA","city_id":1910,"log_pop":3.167669891,"log_mass":6.0473931128},{"country_iso":"GHA","city_id":1910,"log_pop":3.542169948,"log_mass":6.3712841749},{"country_iso":"GHA","city_id":1910,"log_pop":4.2055432878,"log_mass":6.3359250093},{"country_iso":"GHA","city_id":1910,"log_pop":4.4604360944,"log_mass":6.4306909785},{"country_iso":"GHA","city_id":1910,"log_pop":4.1234369592,"log_mass":6.3749750304},{"country_iso":"GHA","city_id":1910,"log_pop":4.4659640709,"log_mass":6.4216777664},{"country_iso":"GHA","city_id":1910,"log_pop":4.1313932904,"log_mass":6.4139699262},{"country_iso":"GHA","city_id":1910,"log_pop":4.2851864738,"log_mass":6.4443849593},{"country_iso":"GHA","city_id":1910,"log_pop":3.9055568823,"log_mass":6.2478373917},{"country_iso":"GHA","city_id":1910,"log_pop":4.0812318077,"log_mass":6.397524336},{"country_iso":"GHA","city_id":1910,"log_pop":4.0762919322,"log_mass":6.4183532095},{"country_iso":"GHA","city_id":1910,"log_pop":4.0082870963,"log_mass":6.3330316636},{"country_iso":"GHA","city_id":1910,"log_pop":3.9287200464,"log_mass":6.260903443},{"country_iso":"GHA","city_id":1910,"log_pop":3.8287748238,"log_mass":6.3558504117},{"country_iso":"GHA","city_id":1910,"log_pop":3.7203327838,"log_mass":6.2483607118},{"country_iso":"GHA","city_id":1910,"log_pop":3.6761192238,"log_mass":6.2170507175},{"country_iso":"GHA","city_id":1910,"log_pop":4.6575184916,"log_mass":6.4188445508},{"country_iso":"GHA","city_id":1910,"log_pop":3.9155195977,"log_mass":6.1506002322},{"country_iso":"GHA","city_id":1910,"log_pop":4.1901329773,"log_mass":5.9210272024},{"country_iso":"GHA","city_id":1910,"log_pop":4.275779395,"log_mass":6.1274429014},{"country_iso":"GHA","city_id":1910,"log_pop":4.3162997929,"log_mass":6.3584068144},{"country_iso":"GHA","city_id":1910,"log_pop":4.156343104,"log_mass":6.3932978731},{"country_iso":"GHA","city_id":1910,"log_pop":3.822722451,"log_mass":5.7333526085},{"country_iso":"GHA","city_id":1910,"log_pop":1.7913385455,"log_mass":4.4981194839},{"country_iso":"GHA","city_id":1910,"log_pop":2.6615115244,"log_mass":5.7988443237},{"country_iso":"GHA","city_id":1910,"log_pop":2.3346998873,"log_mass":5.3945527584},{"country_iso":"GHA","city_id":1910,"log_pop":0.5241826258,"log_mass":3.1724726914},{"country_iso":"GHA","city_id":1910,"log_pop":3.9173184601,"log_mass":6.2476988422},{"country_iso":"GHA","city_id":1910,"log_pop":4.092612399,"log_mass":6.3966850846},{"country_iso":"GHA","city_id":1910,"log_pop":3.4999844696,"log_mass":5.9543598105},{"country_iso":"GHA","city_id":1910,"log_pop":4.1342967481,"log_mass":6.4686127924},{"country_iso":"GHA","city_id":1910,"log_pop":2.8681517622,"log_mass":5.2358419879},{"country_iso":"GHA","city_id":1910,"log_pop":3.8687521076,"log_mass":6.2316944757},{"country_iso":"GHA","city_id":1910,"log_pop":3.1305729742,"log_mass":5.9865393496},{"country_iso":"GHA","city_id":1910,"log_pop":3.1342161923,"log_mass":6.2124097429},{"country_iso":"GHA","city_id":1910,"log_pop":3.6922082665,"log_mass":6.2158728572},{"country_iso":"GHA","city_id":1910,"log_pop":3.500527083,"log_mass":6.2993421417},{"country_iso":"GHA","city_id":1910,"log_pop":1.0193884991,"log_mass":3.972664552},{"country_iso":"GHA","city_id":1910,"log_pop":1.9864255819,"log_mass":5.1159209537},{"country_iso":"GHA","city_id":1910,"log_pop":3.2203150133,"log_mass":5.9379097116},{"country_iso":"GHA","city_id":1910,"log_pop":2.3475927895,"log_mass":5.3177309837},{"country_iso":"GHA","city_id":1910,"log_pop":-0.0205666221,"log_mass":4.1116249142},{"country_iso":"GHA","city_id":1910,"log_pop":2.4190897349,"log_mass":5.2085539642},{"country_iso":"GHA","city_id":1910,"log_pop":3.1656124467,"log_mass":5.6780329526},{"country_iso":"GHA","city_id":1910,"log_pop":3.4162833711,"log_mass":6.1151599557},{"country_iso":"GHA","city_id":1910,"log_pop":2.6808536297,"log_mass":5.2752982441},{"country_iso":"GHA","city_id":1910,"log_pop":2.3046371768,"log_mass":4.9067328033},{"country_iso":"GHA","city_id":1910,"log_pop":3.0278798543,"log_mass":5.2219684012},{"country_iso":"GHA","city_id":1910,"log_pop":3.8315560924,"log_mass":5.8759058204},{"country_iso":"GHA","city_id":1910,"log_pop":4.1404094118,"log_mass":6.2039012473},{"country_iso":"GHA","city_id":1910,"log_pop":4.4105984973,"log_mass":6.4584105315},{"country_iso":"GHA","city_id":1910,"log_pop":3.7988970594,"log_mass":5.9284132192},{"country_iso":"GHA","city_id":1910,"log_pop":4.4573675366,"log_mass":6.4799790055},{"country_iso":"GHA","city_id":1910,"log_pop":3.4532792179,"log_mass":5.6267874266},{"country_iso":"GHA","city_id":1910,"log_pop":3.9290695963,"log_mass":6.2217976165},{"country_iso":"GHA","city_id":1910,"log_pop":2.7777342012,"log_mass":5.2216288908},{"country_iso":"GHA","city_id":1910,"log_pop":4.1901256292,"log_mass":6.4364942983},{"country_iso":"GHA","city_id":1910,"log_pop":4.1252189312,"log_mass":6.2997349189},{"country_iso":"GHA","city_id":1910,"log_pop":3.42132656,"log_mass":5.4451746866},{"country_iso":"GHA","city_id":1910,"log_pop":4.1662033289,"log_mass":6.3859319753},{"country_iso":"GHA","city_id":1910,"log_pop":3.5607332745,"log_mass":5.9079859466},{"country_iso":"GHA","city_id":1910,"log_pop":4.2371169029,"log_mass":6.388188075},{"country_iso":"GHA","city_id":1910,"log_pop":3.7292582823,"log_mass":5.9447475065},{"country_iso":"GHA","city_id":1910,"log_pop":3.9683534772,"log_mass":6.3028572646},{"country_iso":"GHA","city_id":1910,"log_pop":3.2219800712,"log_mass":5.5843239371},{"country_iso":"GHA","city_id":1910,"log_pop":1.3143182789,"log_mass":4.2468080523},{"country_iso":"GHA","city_id":1910,"log_pop":4.0343692026,"log_mass":6.3944851295},{"country_iso":"GHA","city_id":1910,"log_pop":3.3086982788,"log_mass":5.6900988498},{"country_iso":"GHA","city_id":1910,"log_pop":3.3703527132,"log_mass":5.8080380439},{"country_iso":"GHA","city_id":1910,"log_pop":3.1727738694,"log_mass":5.5762229286},{"country_iso":"GHA","city_id":1910,"log_pop":3.2342992153,"log_mass":5.765692797},{"country_iso":"GHA","city_id":1910,"log_pop":2.6585034306,"log_mass":5.2173987503},{"country_iso":"GHA","city_id":1910,"log_pop":3.0888795262,"log_mass":5.6068887084},{"country_iso":"GHA","city_id":1910,"log_pop":3.8405376357,"log_mass":6.1154814772},{"country_iso":"GHA","city_id":1910,"log_pop":3.1789502047,"log_mass":5.5980947009},{"country_iso":"GHA","city_id":1910,"log_pop":3.8821052492,"log_mass":6.2963452175},{"country_iso":"GHA","city_id":1910,"log_pop":4.5258221919,"log_mass":6.4447636382},{"country_iso":"GHA","city_id":1910,"log_pop":4.6837931599,"log_mass":6.4786590162},{"country_iso":"GHA","city_id":1910,"log_pop":4.2232919866,"log_mass":6.4328371301},{"country_iso":"GHA","city_id":1910,"log_pop":4.127352664,"log_mass":6.3167240503},{"country_iso":"GHA","city_id":1910,"log_pop":4.3505056713,"log_mass":6.4669588315},{"country_iso":"GHA","city_id":1910,"log_pop":4.6902574077,"log_mass":6.5137926826},{"country_iso":"GHA","city_id":1910,"log_pop":3.9670613011,"log_mass":6.3884245225},{"country_iso":"GHA","city_id":1910,"log_pop":4.7172776247,"log_mass":6.4403789882},{"country_iso":"GHA","city_id":1910,"log_pop":4.1884410204,"log_mass":5.9648264267},{"country_iso":"GHA","city_id":1910,"log_pop":3.5583079241,"log_mass":5.4523057782},{"country_iso":"GHA","city_id":1910,"log_pop":4.1623378838,"log_mass":6.1569755888},{"country_iso":"GHA","city_id":1910,"log_pop":4.65752881,"log_mass":6.4681959538},{"country_iso":"GHA","city_id":1910,"log_pop":4.7246082158,"log_mass":6.4237347832},{"country_iso":"GHA","city_id":1910,"log_pop":4.4015841065,"log_mass":6.2169274446},{"country_iso":"GHA","city_id":1910,"log_pop":2.8386238436,"log_mass":5.4648949716},{"country_iso":"GHA","city_id":1910,"log_pop":3.9781844951,"log_mass":6.278400026},{"country_iso":"GHA","city_id":1910,"log_pop":3.002811665,"log_mass":5.2461814101},{"country_iso":"GHA","city_id":1910,"log_pop":3.3865787407,"log_mass":6.148259841},{"country_iso":"GHA","city_id":1910,"log_pop":3.6595634528,"log_mass":6.2669215263},{"country_iso":"GHA","city_id":1910,"log_pop":2.2577092155,"log_mass":5.0763101789},{"country_iso":"GHA","city_id":1910,"log_pop":3.6814182281,"log_mass":6.2259682878},{"country_iso":"GHA","city_id":1910,"log_pop":4.0632392083,"log_mass":6.3879409554},{"country_iso":"GHA","city_id":1910,"log_pop":2.861662053,"log_mass":5.4699082821},{"country_iso":"GHA","city_id":1910,"log_pop":3.2982023206,"log_mass":5.826537121},{"country_iso":"GHA","city_id":1910,"log_pop":3.3846121921,"log_mass":6.024214476},{"country_iso":"GHA","city_id":1910,"log_pop":3.7901949052,"log_mass":6.2432252838},{"country_iso":"GHA","city_id":1910,"log_pop":2.8479365512,"log_mass":5.4949848273},{"country_iso":"GHA","city_id":1910,"log_pop":3.7656692562,"log_mass":6.1047035324},{"country_iso":"GHA","city_id":1910,"log_pop":3.314785083,"log_mass":5.7711849966},{"country_iso":"GHA","city_id":1910,"log_pop":2.6826173353,"log_mass":5.4800070081},{"country_iso":"GHA","city_id":1910,"log_pop":4.0517425672,"log_mass":6.3782150286},{"country_iso":"GHA","city_id":1910,"log_pop":3.6752632248,"log_mass":6.0590827593},{"country_iso":"GHA","city_id":1910,"log_pop":3.6402129947,"log_mass":6.2144249511},{"country_iso":"GHA","city_id":1910,"log_pop":0.1339102156,"log_mass":2.8965162547},{"country_iso":"GHA","city_id":1910,"log_pop":3.5669060513,"log_mass":6.0978149414},{"country_iso":"GHA","city_id":1910,"log_pop":0.792011963,"log_mass":4.7141351441},{"country_iso":"GHA","city_id":1910,"log_pop":1.6450595425,"log_mass":4.586362997},{"country_iso":"GHA","city_id":1910,"log_pop":2.321344254,"log_mass":4.8831358987},{"country_iso":"GHA","city_id":1910,"log_pop":3.1901146984,"log_mass":5.8397263751},{"country_iso":"GHA","city_id":1910,"log_pop":2.2700176347,"log_mass":4.7080228401},{"country_iso":"GHA","city_id":1910,"log_pop":1.5871068766,"log_mass":4.3142746576},{"country_iso":"GHA","city_id":1910,"log_pop":1.0392153107,"log_mass":4.0701138608},{"country_iso":"GHA","city_id":1910,"log_pop":2.7303029862,"log_mass":5.418513568},{"country_iso":"GHA","city_id":1910,"log_pop":4.0552616903,"log_mass":6.3508941992},{"country_iso":"GHA","city_id":1910,"log_pop":3.1417201305,"log_mass":5.6197783848},{"country_iso":"GHA","city_id":1910,"log_pop":4.155424866,"log_mass":6.4132957545},{"country_iso":"GHA","city_id":1910,"log_pop":3.5479012047,"log_mass":6.0312341217},{"country_iso":"GHA","city_id":1910,"log_pop":3.4465358782,"log_mass":5.8348958802},{"country_iso":"GHA","city_id":1910,"log_pop":3.5150668894,"log_mass":5.997896421},{"country_iso":"GHA","city_id":1910,"log_pop":3.7612916061,"log_mass":6.2161259236},{"country_iso":"GHA","city_id":1910,"log_pop":1.1003778575,"log_mass":3.6583524366},{"country_iso":"GHA","city_id":1910,"log_pop":3.0623686426,"log_mass":5.6654392847},{"country_iso":"GHA","city_id":1910,"log_pop":1.9397477442,"log_mass":4.7080217889},{"country_iso":"GHA","city_id":1910,"log_pop":2.5476193173,"log_mass":5.2344509789},{"country_iso":"GHA","city_id":1910,"log_pop":3.0871033862,"log_mass":5.6209912351},{"country_iso":"GHA","city_id":1910,"log_pop":0.6030160969,"log_mass":3.1320767147},{"country_iso":"GHA","city_id":1910,"log_pop":3.0372436589,"log_mass":5.4681170117},{"country_iso":"GHA","city_id":1910,"log_pop":2.1481418351,"log_mass":4.3958431283},{"country_iso":"GHA","city_id":1910,"log_pop":2.7776126001,"log_mass":5.1708437032},{"country_iso":"GHA","city_id":1910,"log_pop":3.8113706501,"log_mass":6.2607349137},{"country_iso":"GHA","city_id":1910,"log_pop":4.0957091729,"log_mass":6.4374393858},{"country_iso":"GHA","city_id":1910,"log_pop":3.56395418,"log_mass":6.06648542},{"country_iso":"GHA","city_id":1910,"log_pop":4.0586811103,"log_mass":6.3449585561},{"country_iso":"GHA","city_id":1910,"log_pop":3.7962141763,"log_mass":6.3016778582},{"country_iso":"GHA","city_id":1910,"log_pop":3.9618313079,"log_mass":6.3656217781},{"country_iso":"GHA","city_id":1910,"log_pop":3.7002328422,"log_mass":6.1935297517},{"country_iso":"GHA","city_id":1910,"log_pop":4.519110278,"log_mass":6.4860975},{"country_iso":"GHA","city_id":1910,"log_pop":4.659299704,"log_mass":6.4849154763},{"country_iso":"GHA","city_id":1910,"log_pop":4.0904199062,"log_mass":6.4329217135},{"country_iso":"GHA","city_id":1910,"log_pop":4.613489877,"log_mass":6.5152121451},{"country_iso":"GHA","city_id":1910,"log_pop":4.2887010518,"log_mass":6.4213556032},{"country_iso":"GHA","city_id":1910,"log_pop":4.560418122,"log_mass":6.3808945661},{"country_iso":"GHA","city_id":1910,"log_pop":4.1223482,"log_mass":6.4223366081},{"country_iso":"GHA","city_id":1910,"log_pop":3.0326020231,"log_mass":5.7273957554},{"country_iso":"GHA","city_id":1910,"log_pop":3.3374667975,"log_mass":5.7199689244},{"country_iso":"GHA","city_id":1910,"log_pop":2.8149343265,"log_mass":5.4348353335},{"country_iso":"GHA","city_id":1910,"log_pop":3.4847512296,"log_mass":6.1060326789},{"country_iso":"GHA","city_id":1910,"log_pop":3.5994727418,"log_mass":6.1119285528},{"country_iso":"GHA","city_id":1910,"log_pop":2.0024722706,"log_mass":4.7480599592},{"country_iso":"GHA","city_id":1910,"log_pop":3.8372585697,"log_mass":6.3466986723},{"country_iso":"GHA","city_id":1910,"log_pop":3.8671077628,"log_mass":6.3401524645},{"country_iso":"GHA","city_id":1910,"log_pop":3.630949049,"log_mass":6.2762947777},{"country_iso":"GHA","city_id":1910,"log_pop":3.7414449558,"log_mass":6.3576578233},{"country_iso":"GHA","city_id":1910,"log_pop":3.6795082015,"log_mass":6.1399954848},{"country_iso":"GHA","city_id":1910,"log_pop":3.9121207777,"log_mass":6.2778478119},{"country_iso":"GHA","city_id":1910,"log_pop":3.4592408825,"log_mass":5.9868810834},{"country_iso":"GHA","city_id":1910,"log_pop":3.5900919724,"log_mass":6.2256306058},{"country_iso":"GHA","city_id":1910,"log_pop":3.5788058313,"log_mass":6.0983495671},{"country_iso":"GHA","city_id":1910,"log_pop":3.4245003043,"log_mass":6.0691565814},{"country_iso":"GHA","city_id":1910,"log_pop":3.9833148867,"log_mass":6.3487927234},{"country_iso":"GHA","city_id":1910,"log_pop":2.177226507,"log_mass":4.8731939767},{"country_iso":"GHA","city_id":1910,"log_pop":3.5180655733,"log_mass":6.1031043693},{"country_iso":"GHA","city_id":1910,"log_pop":2.0587379061,"log_mass":4.9253279994},{"country_iso":"GHA","city_id":1910,"log_pop":3.9938354354,"log_mass":6.408016426},{"country_iso":"GHA","city_id":1910,"log_pop":2.9399442225,"log_mass":5.3365539419},{"country_iso":"GHA","city_id":1910,"log_pop":4.04001573,"log_mass":6.3644706615},{"country_iso":"GHA","city_id":1910,"log_pop":3.9777426758,"log_mass":6.3081736617},{"country_iso":"GHA","city_id":1910,"log_pop":3.9523571225,"log_mass":6.1864997824},{"country_iso":"GHA","city_id":1910,"log_pop":3.4121728463,"log_mass":5.4895986463},{"country_iso":"GHA","city_id":1910,"log_pop":3.2474055235,"log_mass":5.574799168},{"country_iso":"GHA","city_id":1910,"log_pop":3.0695404424,"log_mass":5.6540927035},{"country_iso":"GHA","city_id":1910,"log_pop":2.9797110694,"log_mass":5.5846574901},{"country_iso":"GHA","city_id":1910,"log_pop":3.2895018389,"log_mass":5.9604133443},{"country_iso":"GHA","city_id":1910,"log_pop":3.4946070185,"log_mass":6.0047179902},{"country_iso":"GHA","city_id":1910,"log_pop":2.424559049,"log_mass":5.1611045719},{"country_iso":"GHA","city_id":1910,"log_pop":4.5688991266,"log_mass":6.4111014119},{"country_iso":"GHA","city_id":1910,"log_pop":4.65499889,"log_mass":6.4107385402},{"country_iso":"GHA","city_id":1910,"log_pop":3.1508474799,"log_mass":5.1660853574},{"country_iso":"GHA","city_id":1910,"log_pop":4.5731457763,"log_mass":6.3683031238},{"country_iso":"GHA","city_id":1910,"log_pop":4.3002930255,"log_mass":6.155872767},{"country_iso":"GHA","city_id":1910,"log_pop":4.631859165,"log_mass":6.3609230362},{"country_iso":"GHA","city_id":1910,"log_pop":4.7518206618,"log_mass":6.4936819425},{"country_iso":"GHA","city_id":1910,"log_pop":4.8039653052,"log_mass":6.5991423494},{"country_iso":"GHA","city_id":1910,"log_pop":4.6693632259,"log_mass":6.4545801105},{"country_iso":"GHA","city_id":1910,"log_pop":4.800544473,"log_mass":6.4876735563},{"country_iso":"GHA","city_id":1910,"log_pop":4.7335316992,"log_mass":6.507094673},{"country_iso":"GHA","city_id":1910,"log_pop":4.8192128886,"log_mass":6.5550035389},{"country_iso":"GHA","city_id":1910,"log_pop":4.6886227248,"log_mass":6.5008114239},{"country_iso":"GHA","city_id":1910,"log_pop":2.0896156728,"log_mass":4.604798201},{"country_iso":"GHA","city_id":1910,"log_pop":3.7645313302,"log_mass":5.6747512736},{"country_iso":"GHA","city_id":1910,"log_pop":4.271237082,"log_mass":6.1919214318},{"country_iso":"GHA","city_id":1910,"log_pop":4.5495779908,"log_mass":6.3515726117},{"country_iso":"GHA","city_id":1910,"log_pop":4.0729488671,"log_mass":5.9781607137},{"country_iso":"GHA","city_id":1910,"log_pop":3.9940012399,"log_mass":5.9214055774},{"country_iso":"GHA","city_id":1910,"log_pop":4.3414551187,"log_mass":6.0432289902},{"country_iso":"GHA","city_id":1910,"log_pop":4.6068984365,"log_mass":6.3816725651},{"country_iso":"GHA","city_id":1910,"log_pop":3.6736414336,"log_mass":5.816418298},{"country_iso":"GHA","city_id":1910,"log_pop":4.2415841594,"log_mass":6.3144311712},{"country_iso":"GHA","city_id":1910,"log_pop":3.9992053154,"log_mass":5.8162615497},{"country_iso":"GHA","city_id":1910,"log_pop":3.4497498384,"log_mass":5.3396086034},{"country_iso":"GHA","city_id":1910,"log_pop":4.5745791099,"log_mass":6.4144906829},{"country_iso":"GHA","city_id":1910,"log_pop":4.5403065293,"log_mass":6.3072795777},{"country_iso":"GHA","city_id":1910,"log_pop":4.6512499022,"log_mass":6.5129887705},{"country_iso":"GHA","city_id":1910,"log_pop":4.7574985352,"log_mass":6.5523941313},{"country_iso":"GHA","city_id":1910,"log_pop":4.343759661,"log_mass":6.1849188617},{"country_iso":"GHA","city_id":1910,"log_pop":4.5110838037,"log_mass":6.3071045939},{"country_iso":"GHA","city_id":1910,"log_pop":3.8673961921,"log_mass":5.817316435},{"country_iso":"GHA","city_id":1910,"log_pop":2.3694912058,"log_mass":5.060041825},{"country_iso":"GHA","city_id":1910,"log_pop":3.0724014169,"log_mass":5.7439178545},{"country_iso":"GHA","city_id":1910,"log_pop":1.9941457478,"log_mass":4.730674211},{"country_iso":"GHA","city_id":1910,"log_pop":3.0315379093,"log_mass":5.6699827749},{"country_iso":"GHA","city_id":1785,"log_pop":3.2543141287,"log_mass":5.9088785684},{"country_iso":"GHA","city_id":1785,"log_pop":3.1851104236,"log_mass":6.1621381759},{"country_iso":"GHA","city_id":1785,"log_pop":0.9254736639,"log_mass":4.0009070963},{"country_iso":"GHA","city_id":1785,"log_pop":2.8111868529,"log_mass":5.9364953425},{"country_iso":"GHA","city_id":1785,"log_pop":3.1516601371,"log_mass":5.5189334959},{"country_iso":"GHA","city_id":1785,"log_pop":3.0396689591,"log_mass":5.5580115452},{"country_iso":"GHA","city_id":1785,"log_pop":2.3393153756,"log_mass":4.9577097224},{"country_iso":"GHA","city_id":1785,"log_pop":4.1829806602,"log_mass":6.448130695},{"country_iso":"GHA","city_id":1785,"log_pop":4.7434079326,"log_mass":6.5034893881},{"country_iso":"GHA","city_id":1785,"log_pop":4.0841060199,"log_mass":6.3778764595},{"country_iso":"GHA","city_id":1785,"log_pop":4.7258182995,"log_mass":6.4359179976},{"country_iso":"GHA","city_id":1785,"log_pop":3.3249305229,"log_mass":6.3221581459},{"country_iso":"GHA","city_id":1785,"log_pop":3.7821861811,"log_mass":6.4616415494},{"country_iso":"GHA","city_id":1785,"log_pop":3.3699243452,"log_mass":6.2607243317},{"country_iso":"GHA","city_id":1785,"log_pop":3.0225315711,"log_mass":5.9840141665},{"country_iso":"GHA","city_id":1785,"log_pop":4.1019001145,"log_mass":6.3447270882},{"country_iso":"GHA","city_id":1785,"log_pop":2.8426750571,"log_mass":5.0995270999},{"country_iso":"GHA","city_id":1785,"log_pop":2.4715320776,"log_mass":5.567317932},{"country_iso":"GHA","city_id":1785,"log_pop":3.3629259662,"log_mass":6.2532254467},{"country_iso":"GHA","city_id":1785,"log_pop":3.1983494849,"log_mass":5.7312805343},{"country_iso":"GHA","city_id":1785,"log_pop":2.2150801363,"log_mass":4.8105641581},{"country_iso":"GHA","city_id":1785,"log_pop":1.8333786409,"log_mass":4.4317509499},{"country_iso":"GHA","city_id":1785,"log_pop":1.926542826,"log_mass":5.0229180239},{"country_iso":"GHA","city_id":1785,"log_pop":3.6056157118,"log_mass":6.4118095715},{"country_iso":"GHA","city_id":1785,"log_pop":2.0554731023,"log_mass":5.1756207855},{"country_iso":"GHA","city_id":1785,"log_pop":3.3905127662,"log_mass":6.2418369638},{"country_iso":"GHA","city_id":1785,"log_pop":2.829920814,"log_mass":5.8977499925},{"country_iso":"GHA","city_id":1785,"log_pop":2.3275780952,"log_mass":4.8423357752},{"country_iso":"GHA","city_id":1785,"log_pop":1.7697632194,"log_mass":4.4970320798},{"country_iso":"GHA","city_id":1785,"log_pop":2.5451451566,"log_mass":5.0511547646},{"country_iso":"GHA","city_id":1785,"log_pop":3.4297467511,"log_mass":5.6591443908},{"country_iso":"GHA","city_id":1785,"log_pop":2.5772666095,"log_mass":5.6156502933},{"country_iso":"GHA","city_id":1785,"log_pop":3.7399668287,"log_mass":5.9600525321},{"country_iso":"GHA","city_id":1785,"log_pop":4.3881494315,"log_mass":6.2848944326},{"country_iso":"GHA","city_id":1785,"log_pop":3.3309408328,"log_mass":6.1492349677},{"country_iso":"GHA","city_id":1785,"log_pop":4.206832387,"log_mass":6.1810525842},{"country_iso":"GHA","city_id":1785,"log_pop":4.2269159132,"log_mass":6.3135621059},{"country_iso":"GHA","city_id":1785,"log_pop":3.8268543639,"log_mass":6.0569873766},{"country_iso":"GHA","city_id":1785,"log_pop":3.5447568203,"log_mass":6.270435935},{"country_iso":"GHA","city_id":1785,"log_pop":2.7341578618,"log_mass":5.5836395848},{"country_iso":"GHA","city_id":1785,"log_pop":4.7163676184,"log_mass":6.4532041252},{"country_iso":"GHA","city_id":1785,"log_pop":4.4664375916,"log_mass":6.3828794838},{"country_iso":"GHA","city_id":1785,"log_pop":4.5880969439,"log_mass":6.3342529046},{"country_iso":"GHA","city_id":1785,"log_pop":4.5010240998,"log_mass":6.3963907889},{"country_iso":"GHA","city_id":1785,"log_pop":4.2271814922,"log_mass":6.1761915057},{"country_iso":"GHA","city_id":1785,"log_pop":4.7739805412,"log_mass":6.5222697348},{"country_iso":"GHA","city_id":1785,"log_pop":4.1547584393,"log_mass":6.0210381004},{"country_iso":"GHA","city_id":1785,"log_pop":4.2940182056,"log_mass":6.2739882031},{"country_iso":"GHA","city_id":1785,"log_pop":4.2343946432,"log_mass":6.135862559},{"country_iso":"GHA","city_id":1785,"log_pop":4.2830084162,"log_mass":6.1089189559},{"country_iso":"GHA","city_id":1785,"log_pop":4.0424742474,"log_mass":6.0914088517},{"country_iso":"GHA","city_id":1785,"log_pop":0.6704904917,"log_mass":3.6238960527},{"country_iso":"GHA","city_id":1785,"log_pop":4.5129849794,"log_mass":6.3029015345},{"country_iso":"GHA","city_id":1785,"log_pop":3.9226181707,"log_mass":6.2860842469},{"country_iso":"GHA","city_id":1785,"log_pop":4.347981385,"log_mass":6.3729194898},{"country_iso":"GHA","city_id":1785,"log_pop":3.4552603735,"log_mass":5.6570152335},{"country_iso":"GHA","city_id":1785,"log_pop":4.3448638493,"log_mass":6.2680707096},{"country_iso":"GHA","city_id":1785,"log_pop":4.6661890679,"log_mass":6.4897213448},{"country_iso":"GHA","city_id":1785,"log_pop":4.8144519477,"log_mass":6.5907919183},{"country_iso":"GHA","city_id":1785,"log_pop":4.7134129176,"log_mass":6.4952993079},{"country_iso":"GHA","city_id":1785,"log_pop":4.6063925129,"log_mass":6.3693122923},{"country_iso":"GHA","city_id":1785,"log_pop":4.7394044699,"log_mass":6.5394028771},{"country_iso":"GHA","city_id":1785,"log_pop":4.6990501437,"log_mass":6.5013185886},{"country_iso":"GHA","city_id":1785,"log_pop":4.7869351935,"log_mass":6.5077809918},{"country_iso":"GHA","city_id":1785,"log_pop":4.6723614433,"log_mass":6.4057740597},{"country_iso":"GHA","city_id":1785,"log_pop":4.6856017284,"log_mass":6.3756933375},{"country_iso":"GHA","city_id":1785,"log_pop":4.7408295024,"log_mass":6.3986156003},{"country_iso":"GHA","city_id":1785,"log_pop":4.4139591443,"log_mass":6.2352451291},{"country_iso":"GHA","city_id":1785,"log_pop":4.7814209726,"log_mass":6.4533661347},{"country_iso":"GHA","city_id":1785,"log_pop":4.6692944361,"log_mass":6.3801521052},{"country_iso":"GHA","city_id":1785,"log_pop":4.5808110076,"log_mass":6.3113748878},{"country_iso":"GHA","city_id":1785,"log_pop":3.6011816566,"log_mass":5.9620867869},{"country_iso":"GHA","city_id":1785,"log_pop":3.4703019942,"log_mass":5.9925222649},{"country_iso":"GHA","city_id":1785,"log_pop":4.2772626224,"log_mass":6.3459118013},{"country_iso":"GHA","city_id":1785,"log_pop":4.1541536058,"log_mass":6.177770885},{"country_iso":"GHA","city_id":1785,"log_pop":3.4047147609,"log_mass":5.956487881},{"country_iso":"GHA","city_id":1785,"log_pop":3.2870314635,"log_mass":6.0823641577},{"country_iso":"GHA","city_id":1785,"log_pop":3.5410903789,"log_mass":6.3575978067},{"country_iso":"GHA","city_id":1785,"log_pop":4.1341394882,"log_mass":6.2687659249},{"country_iso":"GHA","city_id":1785,"log_pop":3.3511252236,"log_mass":5.6218003469},{"country_iso":"GHA","city_id":1785,"log_pop":4.1827635429,"log_mass":6.1749636272},{"country_iso":"GHA","city_id":1785,"log_pop":4.1011100367,"log_mass":6.1691638615},{"country_iso":"GHA","city_id":1785,"log_pop":2.8286898092,"log_mass":5.6522117667},{"country_iso":"GHA","city_id":1785,"log_pop":2.3490975329,"log_mass":5.1177443471},{"country_iso":"GHA","city_id":1785,"log_pop":4.217843239,"log_mass":6.2134931888},{"country_iso":"GHA","city_id":1785,"log_pop":4.4302709055,"log_mass":6.4336538254},{"country_iso":"GHA","city_id":1785,"log_pop":4.367709304,"log_mass":6.3102328037},{"country_iso":"GHA","city_id":1785,"log_pop":4.7339843878,"log_mass":6.4523249829},{"country_iso":"GHA","city_id":1785,"log_pop":4.5355079519,"log_mass":6.3981693615},{"country_iso":"GHA","city_id":1785,"log_pop":3.4775931184,"log_mass":6.353154958},{"country_iso":"GHA","city_id":1785,"log_pop":3.5059126241,"log_mass":6.3092020236},{"country_iso":"GHA","city_id":1785,"log_pop":3.937118247,"log_mass":6.4905431262},{"country_iso":"GHA","city_id":1785,"log_pop":3.1161104524,"log_mass":6.0929602504},{"country_iso":"GHA","city_id":1785,"log_pop":2.8119987107,"log_mass":5.676898331},{"country_iso":"GHA","city_id":1785,"log_pop":2.4898480701,"log_mass":4.553325183},{"country_iso":"GHA","city_id":1785,"log_pop":4.0352782816,"log_mass":6.179630716},{"country_iso":"GHA","city_id":1785,"log_pop":4.1534465965,"log_mass":6.1707778624},{"country_iso":"GHA","city_id":1785,"log_pop":3.3284844004,"log_mass":6.0278025943},{"country_iso":"GHA","city_id":1785,"log_pop":3.4268807692,"log_mass":5.5035430717},{"country_iso":"GHA","city_id":1785,"log_pop":4.4963296564,"log_mass":6.3842894574},{"country_iso":"GHA","city_id":1785,"log_pop":4.6383539502,"log_mass":6.352155867},{"country_iso":"GHA","city_id":1785,"log_pop":3.7924911952,"log_mass":6.3702767773},{"country_iso":"GHA","city_id":1785,"log_pop":2.5906665036,"log_mass":5.4697054194},{"country_iso":"GHA","city_id":1785,"log_pop":3.9187044324,"log_mass":6.2264361141},{"country_iso":"GHA","city_id":1785,"log_pop":3.1624148723,"log_mass":6.0251132125},{"country_iso":"GHA","city_id":1785,"log_pop":3.4730524059,"log_mass":5.5993597928},{"country_iso":"GHA","city_id":1785,"log_pop":2.3857492738,"log_mass":5.2762344896},{"country_iso":"GHA","city_id":1785,"log_pop":2.5727836625,"log_mass":5.335193014},{"country_iso":"GHA","city_id":1785,"log_pop":0.5737780065,"log_mass":3.3504376764},{"country_iso":"GHA","city_id":1785,"log_pop":2.0342628658,"log_mass":5.0006838146},{"country_iso":"GHA","city_id":1785,"log_pop":3.3665027711,"log_mass":6.0601439088},{"country_iso":"GHA","city_id":1785,"log_pop":3.4957792981,"log_mass":6.1286130874},{"country_iso":"GHA","city_id":1785,"log_pop":4.4051963707,"log_mass":6.25456715},{"country_iso":"GHA","city_id":1785,"log_pop":3.2840704114,"log_mass":5.7226116247},{"country_iso":"GHA","city_id":1785,"log_pop":4.4736540549,"log_mass":6.309513056},{"country_iso":"GHA","city_id":1785,"log_pop":4.2027203462,"log_mass":6.2362682263},{"country_iso":"GHA","city_id":1785,"log_pop":4.6730127028,"log_mass":6.4232846633},{"country_iso":"GHA","city_id":1785,"log_pop":2.2417599544,"log_mass":5.3811817585},{"country_iso":"GHA","city_id":1785,"log_pop":4.5693114758,"log_mass":6.3400221229},{"country_iso":"GHA","city_id":1785,"log_pop":4.6851358208,"log_mass":6.383657094},{"country_iso":"GHA","city_id":1785,"log_pop":3.8881201016,"log_mass":5.8735632285},{"country_iso":"GHA","city_id":1785,"log_pop":4.0788810917,"log_mass":6.3058998955},{"country_iso":"GHA","city_id":1785,"log_pop":4.766187375,"log_mass":6.4633407628},{"country_iso":"GHA","city_id":1785,"log_pop":4.6132638902,"log_mass":6.2942407996},{"country_iso":"GHA","city_id":1785,"log_pop":4.659844654,"log_mass":6.3262312814},{"country_iso":"GHA","city_id":1785,"log_pop":2.6321200496,"log_mass":5.5543467898},{"country_iso":"GHA","city_id":1785,"log_pop":2.839630161,"log_mass":5.7359635193},{"country_iso":"GHA","city_id":1785,"log_pop":2.7771199714,"log_mass":5.629153049},{"country_iso":"GHA","city_id":1785,"log_pop":3.55010282,"log_mass":6.3013960261},{"country_iso":"GHA","city_id":1785,"log_pop":1.017581195,"log_mass":3.8246039501},{"country_iso":"GHA","city_id":1785,"log_pop":2.6187778472,"log_mass":5.4907790096},{"country_iso":"GHA","city_id":1785,"log_pop":2.7180204159,"log_mass":5.7527672703},{"country_iso":"GHA","city_id":1785,"log_pop":2.947540119,"log_mass":6.0329690214},{"country_iso":"GHA","city_id":1785,"log_pop":3.5235734166,"log_mass":6.3440500087},{"country_iso":"GHA","city_id":1785,"log_pop":3.3044624806,"log_mass":6.1934268404},{"country_iso":"GHA","city_id":1785,"log_pop":2.2190580538,"log_mass":5.3020390924},{"country_iso":"GHA","city_id":1785,"log_pop":3.0812175047,"log_mass":6.0298624649},{"country_iso":"GHA","city_id":1785,"log_pop":1.3526014827,"log_mass":4.6741113284},{"country_iso":"GHA","city_id":1785,"log_pop":1.551385472,"log_mass":4.454788492},{"country_iso":"GHA","city_id":1785,"log_pop":3.1887797814,"log_mass":5.9263859968},{"country_iso":"GHA","city_id":1785,"log_pop":3.396254369,"log_mass":6.0692567481},{"country_iso":"GHA","city_id":1785,"log_pop":3.372364158,"log_mass":6.062872784},{"country_iso":"GHA","city_id":1785,"log_pop":3.1205338687,"log_mass":5.8293598203},{"country_iso":"GHA","city_id":1785,"log_pop":3.3551810046,"log_mass":6.0301110449},{"country_iso":"GHA","city_id":1785,"log_pop":2.1544059869,"log_mass":5.1270427237},{"country_iso":"GHA","city_id":1785,"log_pop":1.2226844467,"log_mass":4.1098575576},{"country_iso":"GHA","city_id":1785,"log_pop":3.109961929,"log_mass":6.0098624215},{"country_iso":"GHA","city_id":1785,"log_pop":1.3499684353,"log_mass":4.0581991249},{"country_iso":"GHA","city_id":1785,"log_pop":3.2755733994,"log_mass":6.0023993579},{"country_iso":"GHA","city_id":1779,"log_pop":2.4966356228,"log_mass":4.9504489649},{"country_iso":"GHA","city_id":1779,"log_pop":2.8159709991,"log_mass":4.948804995},{"country_iso":"GHA","city_id":1779,"log_pop":1.8551050363,"log_mass":3.858947681},{"country_iso":"GHA","city_id":1779,"log_pop":4.0675734743,"log_mass":6.0146764326},{"country_iso":"GHA","city_id":1779,"log_pop":2.269906223,"log_mass":4.2725478981},{"country_iso":"GHA","city_id":1779,"log_pop":2.8148854053,"log_mass":4.794897081},{"country_iso":"GHA","city_id":1779,"log_pop":2.9840354246,"log_mass":5.6251488732},{"country_iso":"GHA","city_id":1779,"log_pop":3.0237856554,"log_mass":5.5770414394},{"country_iso":"GHA","city_id":1779,"log_pop":2.8263141626,"log_mass":5.4315687828},{"country_iso":"GHA","city_id":1779,"log_pop":2.6112639962,"log_mass":5.2443496995},{"country_iso":"GHA","city_id":1779,"log_pop":3.3215164372,"log_mass":5.5077882362},{"country_iso":"GHA","city_id":1779,"log_pop":4.4190381164,"log_mass":6.2937799918},{"country_iso":"GHA","city_id":1779,"log_pop":4.030819687,"log_mass":5.9881247915},{"country_iso":"GHA","city_id":1779,"log_pop":3.3016946362,"log_mass":5.2759832094},{"country_iso":"GHA","city_id":1779,"log_pop":3.9828311879,"log_mass":5.9882842197},{"country_iso":"GHA","city_id":1779,"log_pop":4.2635524525,"log_mass":6.219934976},{"country_iso":"GHA","city_id":1779,"log_pop":4.2145500667,"log_mass":6.0778631415},{"country_iso":"GHA","city_id":1779,"log_pop":2.7984227759,"log_mass":4.6805271725},{"country_iso":"GHA","city_id":1779,"log_pop":3.9409508563,"log_mass":6.0402028056},{"country_iso":"GHA","city_id":1779,"log_pop":4.1574644513,"log_mass":6.1762705707},{"country_iso":"GHA","city_id":1779,"log_pop":4.3626028232,"log_mass":6.3084682173},{"country_iso":"GHA","city_id":1779,"log_pop":3.7979836076,"log_mass":5.8314907085},{"country_iso":"GHA","city_id":1779,"log_pop":2.6709733838,"log_mass":4.8390350207},{"country_iso":"GHA","city_id":1779,"log_pop":3.5398344102,"log_mass":5.5361433589},{"country_iso":"GHA","city_id":1779,"log_pop":3.7932722403,"log_mass":5.8091337408},{"country_iso":"GHA","city_id":1779,"log_pop":3.8155690464,"log_mass":5.7364963701},{"country_iso":"GHA","city_id":1779,"log_pop":3.3930880838,"log_mass":5.3760872039},{"country_iso":"GHA","city_id":1779,"log_pop":3.9483079886,"log_mass":5.9000374374},{"country_iso":"GHA","city_id":1779,"log_pop":4.0410098024,"log_mass":5.9229616095},{"country_iso":"GHA","city_id":1779,"log_pop":3.4623684771,"log_mass":5.4571675547},{"country_iso":"GHA","city_id":1779,"log_pop":3.840860004,"log_mass":5.7011736961},{"country_iso":"GHA","city_id":1779,"log_pop":4.1022198883,"log_mass":6.071907827},{"country_iso":"GHA","city_id":1779,"log_pop":4.0140511826,"log_mass":5.9936322225},{"country_iso":"GHA","city_id":1779,"log_pop":3.8990713844,"log_mass":5.9211231589},{"country_iso":"GHA","city_id":1779,"log_pop":4.2134442434,"log_mass":6.2110802855},{"country_iso":"GHA","city_id":1779,"log_pop":3.5143108099,"log_mass":5.498515611},{"country_iso":"GHA","city_id":1779,"log_pop":3.9277398651,"log_mass":5.9285906046},{"country_iso":"GHA","city_id":1779,"log_pop":2.4692193936,"log_mass":4.6904022976},{"country_iso":"GHA","city_id":1779,"log_pop":3.4873237267,"log_mass":5.5045257702},{"country_iso":"GHA","city_id":1779,"log_pop":-0.8407789511,"log_mass":3.3503289848},{"country_iso":"GHA","city_id":1779,"log_pop":2.2264062949,"log_mass":4.3182599233},{"country_iso":"GHA","city_id":1779,"log_pop":2.5249834677,"log_mass":4.6489741837},{"country_iso":"GHA","city_id":1779,"log_pop":3.4255789882,"log_mass":5.436663964},{"country_iso":"GHA","city_id":1779,"log_pop":2.7613710705,"log_mass":4.7081153008},{"country_iso":"GHA","city_id":1779,"log_pop":3.604611204,"log_mass":5.4844044024},{"country_iso":"GHA","city_id":1866,"log_pop":2.5049797621,"log_mass":5.1051342327},{"country_iso":"GHA","city_id":1866,"log_pop":3.251433756,"log_mass":5.6384038616},{"country_iso":"GHA","city_id":1866,"log_pop":2.4629988206,"log_mass":5.1776405822},{"country_iso":"GHA","city_id":1866,"log_pop":1.5062080082,"log_mass":3.7988314907},{"country_iso":"GHA","city_id":1866,"log_pop":1.140928102,"log_mass":3.5353373731},{"country_iso":"GHA","city_id":1866,"log_pop":3.1527853991,"log_mass":5.6875911601},{"country_iso":"GHA","city_id":1866,"log_pop":3.2814208397,"log_mass":5.7507378008},{"country_iso":"GHA","city_id":1866,"log_pop":2.4110572025,"log_mass":5.1492277565},{"country_iso":"GHA","city_id":1866,"log_pop":3.5176720786,"log_mass":5.9857071738},{"country_iso":"GHA","city_id":1866,"log_pop":3.4200273999,"log_mass":5.9499543326},{"country_iso":"GHA","city_id":1866,"log_pop":2.5039899865,"log_mass":5.18166913},{"country_iso":"GHA","city_id":1866,"log_pop":3.1701170763,"log_mass":5.5459175888},{"country_iso":"GHA","city_id":1866,"log_pop":3.474176904,"log_mass":5.8904676756},{"country_iso":"GHA","city_id":1866,"log_pop":2.453128336,"log_mass":4.6444130313},{"country_iso":"GHA","city_id":1866,"log_pop":3.4764255364,"log_mass":5.7924647887},{"country_iso":"GHA","city_id":1866,"log_pop":2.3053491133,"log_mass":4.6983842423},{"country_iso":"GHA","city_id":1866,"log_pop":0.4291779809,"log_mass":2.6930261155},{"country_iso":"GHA","city_id":1866,"log_pop":4.1126895228,"log_mass":6.409187522},{"country_iso":"GHA","city_id":1866,"log_pop":3.964665262,"log_mass":6.3333522423},{"country_iso":"GHA","city_id":1866,"log_pop":3.3306909121,"log_mass":5.7650561398},{"country_iso":"GHA","city_id":1866,"log_pop":4.0570540003,"log_mass":6.4508302427},{"country_iso":"GHA","city_id":1866,"log_pop":3.6303829607,"log_mass":6.0681882569},{"country_iso":"GHA","city_id":1866,"log_pop":3.5988057419,"log_mass":5.931749684},{"country_iso":"GHA","city_id":1866,"log_pop":3.7056913672,"log_mass":6.105112088},{"country_iso":"GHA","city_id":1866,"log_pop":3.2144530774,"log_mass":5.4591433856},{"country_iso":"GHA","city_id":1866,"log_pop":3.2681410088,"log_mass":5.6957339222},{"country_iso":"GHA","city_id":1747,"log_pop":1.5656306277,"log_mass":4.5546481991},{"country_iso":"GHA","city_id":1747,"log_pop":2.6446859504,"log_mass":5.5349624328},{"country_iso":"GHA","city_id":1747,"log_pop":2.2898242288,"log_mass":5.2497441858},{"country_iso":"GHA","city_id":1747,"log_pop":2.0536466859,"log_mass":5.0685169799},{"country_iso":"GHA","city_id":1747,"log_pop":3.2988521603,"log_mass":6.0405656485},{"country_iso":"GHA","city_id":1747,"log_pop":2.4110594064,"log_mass":5.2509718159},{"country_iso":"GHA","city_id":1747,"log_pop":0.93953183,"log_mass":3.7436805389},{"country_iso":"GHA","city_id":1747,"log_pop":3.079957472,"log_mass":5.7332547163},{"country_iso":"GHA","city_id":1747,"log_pop":2.2866859804,"log_mass":5.0115909174},{"country_iso":"GHA","city_id":1747,"log_pop":1.8762186605,"log_mass":4.7106822798},{"country_iso":"GHA","city_id":1747,"log_pop":3.3974443137,"log_mass":5.9851520065},{"country_iso":"GHA","city_id":1747,"log_pop":3.5445123275,"log_mass":6.1589184456},{"country_iso":"GHA","city_id":1747,"log_pop":3.0899984616,"log_mass":5.8627738009},{"country_iso":"GHA","city_id":1747,"log_pop":1.0215136862,"log_mass":4.1383656764},{"country_iso":"GHA","city_id":1747,"log_pop":2.9632803324,"log_mass":5.8147525128},{"country_iso":"GHA","city_id":1747,"log_pop":3.2080226873,"log_mass":5.9254886177},{"country_iso":"GHA","city_id":1747,"log_pop":3.2857328399,"log_mass":5.9767565051},{"country_iso":"GHA","city_id":1747,"log_pop":3.6468242337,"log_mass":6.2166836499},{"country_iso":"GHA","city_id":1747,"log_pop":-0.0675747241,"log_mass":4.3833753405},{"country_iso":"GHA","city_id":1747,"log_pop":2.0063573582,"log_mass":4.8140976485},{"country_iso":"GHA","city_id":1747,"log_pop":2.9808935989,"log_mass":5.9509925671},{"country_iso":"GHA","city_id":1747,"log_pop":0.9403434473,"log_mass":3.9009515322},{"country_iso":"GHA","city_id":1747,"log_pop":2.9552907751,"log_mass":5.711004486},{"country_iso":"GHA","city_id":1822,"log_pop":3.0691854608,"log_mass":5.2455864543},{"country_iso":"GHA","city_id":1822,"log_pop":3.6179523045,"log_mass":5.8422732505},{"country_iso":"GHA","city_id":1822,"log_pop":3.1860097527,"log_mass":5.3377220611},{"country_iso":"GHA","city_id":1822,"log_pop":3.2789531771,"log_mass":5.710992318},{"country_iso":"GHA","city_id":1822,"log_pop":3.50698919,"log_mass":5.6153013138},{"country_iso":"GHA","city_id":1822,"log_pop":4.0152976093,"log_mass":6.2807297147},{"country_iso":"GHA","city_id":1822,"log_pop":3.9287005821,"log_mass":6.0735735144},{"country_iso":"GHA","city_id":1822,"log_pop":3.7847448919,"log_mass":5.9380763037},{"country_iso":"GHA","city_id":1822,"log_pop":2.9266438131,"log_mass":5.1662472513},{"country_iso":"GHA","city_id":1822,"log_pop":3.4851080421,"log_mass":5.7222964034},{"country_iso":"GHA","city_id":1822,"log_pop":1.4381437904,"log_mass":3.9262032368},{"country_iso":"GHA","city_id":1822,"log_pop":2.8814957287,"log_mass":5.0562837578},{"country_iso":"GHA","city_id":1822,"log_pop":2.8416862677,"log_mass":5.1674477291},{"country_iso":"GHA","city_id":1822,"log_pop":3.2245552048,"log_mass":5.5023395931},{"country_iso":"GHA","city_id":1822,"log_pop":3.0371903812,"log_mass":5.4105721615},{"country_iso":"GHA","city_id":1822,"log_pop":1.270511437,"log_mass":3.6195473023},{"country_iso":"GHA","city_id":1822,"log_pop":3.2844393113,"log_mass":5.5365707457},{"country_iso":"GHA","city_id":1822,"log_pop":2.5162085113,"log_mass":5.1583003957},{"country_iso":"GHA","city_id":1822,"log_pop":3.1684148041,"log_mass":5.5734832543},{"country_iso":"GHA","city_id":1822,"log_pop":3.2291350421,"log_mass":5.7914238385},{"country_iso":"GHA","city_id":1822,"log_pop":3.1910171047,"log_mass":5.2749862318},{"country_iso":"GHA","city_id":1822,"log_pop":1.7855218034,"log_mass":4.6182805888},{"country_iso":"GHA","city_id":1791,"log_pop":3.1649800267,"log_mass":5.7364386141},{"country_iso":"GHA","city_id":1791,"log_pop":3.7106904106,"log_mass":6.2205894992},{"country_iso":"GHA","city_id":1791,"log_pop":1.1225630325,"log_mass":4.3215771994},{"country_iso":"GHA","city_id":1791,"log_pop":0.6039995855,"log_mass":3.1874785787},{"country_iso":"GHA","city_id":1791,"log_pop":3.8129015201,"log_mass":6.29031481},{"country_iso":"GHA","city_id":1791,"log_pop":1.5381582185,"log_mass":4.0322296214},{"country_iso":"GHA","city_id":1791,"log_pop":3.23050118,"log_mass":5.7184155652},{"country_iso":"GHA","city_id":1791,"log_pop":2.6101881002,"log_mass":5.0750012376},{"country_iso":"GHA","city_id":1791,"log_pop":2.0123982344,"log_mass":4.842198826},{"country_iso":"GHA","city_id":1791,"log_pop":1.5558540522,"log_mass":4.1963075677},{"country_iso":"GHA","city_id":1791,"log_pop":2.4313801098,"log_mass":5.3705771734},{"country_iso":"GHA","city_id":1791,"log_pop":3.0019985358,"log_mass":5.712227074},{"country_iso":"GHA","city_id":1791,"log_pop":3.0998680056,"log_mass":5.883933886},{"country_iso":"GHA","city_id":1791,"log_pop":1.0287620202,"log_mass":4.2850757041},{"country_iso":"GHA","city_id":1791,"log_pop":2.1756670014,"log_mass":4.7570312553},{"country_iso":"GHA","city_id":1791,"log_pop":3.5828278713,"log_mass":6.1742072932},{"country_iso":"GHA","city_id":1791,"log_pop":2.8941139458,"log_mass":5.5132377847},{"country_iso":"GHA","city_id":1791,"log_pop":3.6086234898,"log_mass":6.0906853664},{"country_iso":"GHA","city_id":1791,"log_pop":2.5240231488,"log_mass":5.1383515329},{"country_iso":"GHA","city_id":1791,"log_pop":3.4881808067,"log_mass":6.1531976764},{"country_iso":"GHA","city_id":1791,"log_pop":3.4979688814,"log_mass":6.1073514988},{"country_iso":"GHA","city_id":1935,"log_pop":1.625533203,"log_mass":4.6394957592},{"country_iso":"GHA","city_id":1935,"log_pop":1.5586628957,"log_mass":4.4409351121},{"country_iso":"GHA","city_id":1935,"log_pop":4.0483506347,"log_mass":6.3492705427},{"country_iso":"GHA","city_id":1935,"log_pop":3.2706711504,"log_mass":5.5920574965},{"country_iso":"GHA","city_id":1935,"log_pop":1.6029501609,"log_mass":4.8812661827},{"country_iso":"GHA","city_id":1935,"log_pop":3.6322690503,"log_mass":5.9348326323},{"country_iso":"GHA","city_id":1935,"log_pop":2.2378261988,"log_mass":4.2180469296},{"country_iso":"GHA","city_id":1935,"log_pop":3.3134353593,"log_mass":5.4969857416},{"country_iso":"GHA","city_id":1935,"log_pop":1.6473719029,"log_mass":4.0169858625},{"country_iso":"GHA","city_id":1935,"log_pop":3.6096986723,"log_mass":5.8750614166},{"country_iso":"GHA","city_id":1935,"log_pop":2.1701650329,"log_mass":4.703863981},{"country_iso":"GHA","city_id":1935,"log_pop":1.5430508076,"log_mass":4.4941269529},{"country_iso":"GHA","city_id":1935,"log_pop":2.8453845918,"log_mass":5.0407517814},{"country_iso":"GHA","city_id":1935,"log_pop":2.5033539667,"log_mass":5.1423563404},{"country_iso":"GHA","city_id":1935,"log_pop":2.8457012684,"log_mass":5.2809931664},{"country_iso":"GHA","city_id":1935,"log_pop":1.9335735626,"log_mass":4.523732422},{"country_iso":"GHA","city_id":1935,"log_pop":3.1514271384,"log_mass":5.4714756695},{"country_iso":"GHA","city_id":1935,"log_pop":3.7204635951,"log_mass":5.9552505893},{"country_iso":"GHA","city_id":1935,"log_pop":2.3482674141,"log_mass":4.8665997684},{"country_iso":"GHA","city_id":1774,"log_pop":1.6356879495,"log_mass":4.4793737745},{"country_iso":"GHA","city_id":1774,"log_pop":1.6414773962,"log_mass":4.5904550794},{"country_iso":"GHA","city_id":1774,"log_pop":2.9996916815,"log_mass":5.7663107612},{"country_iso":"GHA","city_id":1774,"log_pop":3.339280495,"log_mass":6.1402770082},{"country_iso":"GHA","city_id":1774,"log_pop":3.7036270054,"log_mass":6.3947152606},{"country_iso":"GHA","city_id":1774,"log_pop":2.3228855164,"log_mass":5.1354356923},{"country_iso":"GHA","city_id":1774,"log_pop":2.9573571505,"log_mass":5.6823870535},{"country_iso":"GHA","city_id":1774,"log_pop":1.7747933457,"log_mass":4.6877031132},{"country_iso":"GHA","city_id":1774,"log_pop":3.4130907717,"log_mass":6.2247945836},{"country_iso":"GHA","city_id":1774,"log_pop":2.5320346376,"log_mass":5.3091675337},{"country_iso":"GHA","city_id":1774,"log_pop":3.0279941698,"log_mass":5.7736911789},{"country_iso":"GHA","city_id":1774,"log_pop":3.3611100894,"log_mass":6.1207256864},{"country_iso":"GHA","city_id":1774,"log_pop":2.1776677574,"log_mass":4.9658230429},{"country_iso":"GHA","city_id":1774,"log_pop":3.1183389479,"log_mass":5.9003899076},{"country_iso":"GHA","city_id":1774,"log_pop":1.6947371318,"log_mass":4.4920534065},{"country_iso":"GHA","city_id":1774,"log_pop":3.1707657359,"log_mass":5.9494509666},{"country_iso":"GHA","city_id":1774,"log_pop":2.0804356962,"log_mass":4.836333971},{"country_iso":"GHA","city_id":1774,"log_pop":2.4166851713,"log_mass":5.278901469},{"country_iso":"GHA","city_id":1957,"log_pop":2.5431359813,"log_mass":5.3087922702},{"country_iso":"GHA","city_id":1957,"log_pop":3.1074158046,"log_mass":5.7421734624},{"country_iso":"GHA","city_id":1957,"log_pop":2.5935534944,"log_mass":5.3340522671},{"country_iso":"GHA","city_id":1957,"log_pop":1.2502585765,"log_mass":4.4693940238},{"country_iso":"GHA","city_id":1957,"log_pop":2.612341524,"log_mass":5.3791887219},{"country_iso":"GHA","city_id":1957,"log_pop":2.5114634256,"log_mass":5.2355535875},{"country_iso":"GHA","city_id":1957,"log_pop":2.1715533247,"log_mass":4.6400681387},{"country_iso":"GHA","city_id":1957,"log_pop":2.4882848486,"log_mass":4.8770316811},{"country_iso":"GHA","city_id":1957,"log_pop":3.3100691554,"log_mass":5.9774873238},{"country_iso":"GHA","city_id":1957,"log_pop":0.6198380917,"log_mass":3.9537943755},{"country_iso":"GHA","city_id":1957,"log_pop":2.9900864205,"log_mass":5.6605449992},{"country_iso":"GHA","city_id":1957,"log_pop":2.4680148986,"log_mass":5.2672226338},{"country_iso":"GHA","city_id":1957,"log_pop":2.615673823,"log_mass":5.4877848275},{"country_iso":"GHA","city_id":1957,"log_pop":2.9259036391,"log_mass":5.4028664466},{"country_iso":"GHA","city_id":1957,"log_pop":2.045920722,"log_mass":4.7477123071},{"country_iso":"GHA","city_id":1985,"log_pop":2.3005759232,"log_mass":4.6340223497},{"country_iso":"GHA","city_id":1985,"log_pop":3.5446406707,"log_mass":6.0122458277},{"country_iso":"GHA","city_id":1985,"log_pop":1.7583402471,"log_mass":4.9369131777},{"country_iso":"GHA","city_id":1985,"log_pop":3.6287475329,"log_mass":6.0593779289},{"country_iso":"GHA","city_id":1985,"log_pop":2.4660623837,"log_mass":4.8817128551},{"country_iso":"GHA","city_id":1985,"log_pop":2.5045586995,"log_mass":4.9064964571},{"country_iso":"GHA","city_id":1985,"log_pop":2.84402384,"log_mass":5.4324099263},{"country_iso":"GHA","city_id":1985,"log_pop":3.434932675,"log_mass":5.813493339},{"country_iso":"GHA","city_id":1985,"log_pop":2.3166861162,"log_mass":5.0232169572},{"country_iso":"GHA","city_id":1985,"log_pop":2.6009704275,"log_mass":5.1309383204},{"country_iso":"GHA","city_id":1985,"log_pop":2.4707215093,"log_mass":5.1316819016},{"country_iso":"GHA","city_id":1985,"log_pop":1.5266605942,"log_mass":4.2357431247},{"country_iso":"GHA","city_id":1879,"log_pop":2.5818846064,"log_mass":5.1504256984},{"country_iso":"GHA","city_id":1879,"log_pop":3.901382906,"log_mass":6.243630409},{"country_iso":"GHA","city_id":1879,"log_pop":2.4433050252,"log_mass":5.0918852549},{"country_iso":"GHA","city_id":1879,"log_pop":2.5897804441,"log_mass":5.2608673935},{"country_iso":"GHA","city_id":1879,"log_pop":2.5483098095,"log_mass":4.9868980492},{"country_iso":"GHA","city_id":1879,"log_pop":2.2047726315,"log_mass":5.102484176},{"country_iso":"GHA","city_id":1879,"log_pop":3.1917603446,"log_mass":5.6723248002},{"country_iso":"GHA","city_id":1879,"log_pop":1.5355639981,"log_mass":4.3950433001},{"country_iso":"GHA","city_id":1879,"log_pop":2.6577058201,"log_mass":5.2804484214},{"country_iso":"GHA","city_id":1879,"log_pop":2.4843874306,"log_mass":5.1774963094},{"country_iso":"GHA","city_id":1879,"log_pop":2.4543220711,"log_mass":5.2230856624},{"country_iso":"GHA","city_id":1879,"log_pop":1.9973511757,"log_mass":4.9484638124},{"country_iso":"GHA","city_id":1736,"log_pop":2.4999567064,"log_mass":5.1701542226},{"country_iso":"GHA","city_id":1736,"log_pop":3.2954832316,"log_mass":5.8996150994},{"country_iso":"GHA","city_id":1736,"log_pop":2.7461298341,"log_mass":5.458778257},{"country_iso":"GHA","city_id":1736,"log_pop":3.3054635582,"log_mass":5.9232935139},{"country_iso":"GHA","city_id":1736,"log_pop":2.3843989528,"log_mass":5.2242429773},{"country_iso":"GHA","city_id":1736,"log_pop":3.1361081307,"log_mass":5.765811573},{"country_iso":"GHA","city_id":1736,"log_pop":2.4060789962,"log_mass":4.949022621},{"country_iso":"GHA","city_id":1736,"log_pop":2.3598483284,"log_mass":5.1129752399},{"country_iso":"GHA","city_id":1736,"log_pop":3.1493895924,"log_mass":5.6876776382},{"country_iso":"GHA","city_id":1736,"log_pop":3.6440039862,"log_mass":6.1397235957},{"country_iso":"GHA","city_id":1736,"log_pop":1.7939665858,"log_mass":4.7883579618},{"country_iso":"GHA","city_id":1876,"log_pop":1.8564458168,"log_mass":4.9922578095},{"country_iso":"GHA","city_id":1876,"log_pop":1.6917190392,"log_mass":4.5296252194},{"country_iso":"GHA","city_id":1876,"log_pop":2.6190687507,"log_mass":5.3321152583},{"country_iso":"GHA","city_id":1876,"log_pop":2.394344184,"log_mass":5.0889173365},{"country_iso":"GHA","city_id":1876,"log_pop":3.1221894457,"log_mass":5.9076135984},{"country_iso":"GHA","city_id":1876,"log_pop":2.62767978,"log_mass":5.434712447},{"country_iso":"GHA","city_id":1876,"log_pop":3.5655419921,"log_mass":6.1928767817},{"country_iso":"GHA","city_id":1876,"log_pop":0.8693472558,"log_mass":3.8032343992},{"country_iso":"GHA","city_id":1876,"log_pop":0.8322791215,"log_mass":3.8704930092},{"country_iso":"GHA","city_id":1876,"log_pop":1.9002697016,"log_mass":4.772663979},{"country_iso":"GHA","city_id":1876,"log_pop":3.1280143237,"log_mass":5.7875089085},{"country_iso":"GHA","city_id":1926,"log_pop":2.6194095726,"log_mass":5.3772981161},{"country_iso":"GHA","city_id":1926,"log_pop":2.5935445212,"log_mass":5.312962691},{"country_iso":"GHA","city_id":1926,"log_pop":2.8584963943,"log_mass":5.6446340811},{"country_iso":"GHA","city_id":1926,"log_pop":1.5369378276,"log_mass":4.3634253644},{"country_iso":"GHA","city_id":1926,"log_pop":0.7774143124,"log_mass":3.7142466689},{"country_iso":"GHA","city_id":1926,"log_pop":1.2129790931,"log_mass":4.2642864186},{"country_iso":"GHA","city_id":1926,"log_pop":3.2965700258,"log_mass":6.0787092397},{"country_iso":"GHA","city_id":1926,"log_pop":1.5282421662,"log_mass":4.2074666227},{"country_iso":"GHA","city_id":1926,"log_pop":0.6072277485,"log_mass":3.6727135145},{"country_iso":"GHA","city_id":1926,"log_pop":2.3891269856,"log_mass":5.2750094084},{"country_iso":"GHA","city_id":1738,"log_pop":0.8485938483,"log_mass":3.7256826696},{"country_iso":"GHA","city_id":1738,"log_pop":3.3980970735,"log_mass":6.1448058866},{"country_iso":"GHA","city_id":1738,"log_pop":2.7170738254,"log_mass":5.617284809},{"country_iso":"GHA","city_id":1738,"log_pop":1.7955973748,"log_mass":4.8236657977},{"country_iso":"GHA","city_id":1738,"log_pop":2.5209890634,"log_mass":5.4010413622},{"country_iso":"GHA","city_id":1738,"log_pop":1.995401466,"log_mass":4.8529246707},{"country_iso":"GHA","city_id":1738,"log_pop":3.3265804014,"log_mass":6.0626111416},{"country_iso":"GHA","city_id":1738,"log_pop":3.5014852914,"log_mass":6.290685774},{"country_iso":"GHA","city_id":1738,"log_pop":2.6364924551,"log_mass":5.5115641087},{"country_iso":"GHA","city_id":1738,"log_pop":2.4419314007,"log_mass":5.2008307511},{"country_iso":"GHA","city_id":1854,"log_pop":1.4740303705,"log_mass":4.2894291777},{"country_iso":"GHA","city_id":1854,"log_pop":1.0906154947,"log_mass":3.7342552343},{"country_iso":"GHA","city_id":1854,"log_pop":3.1607449013,"log_mass":5.6948629883},{"country_iso":"GHA","city_id":1854,"log_pop":2.5512566881,"log_mass":4.9974073468},{"country_iso":"GHA","city_id":1854,"log_pop":2.6567715863,"log_mass":5.2806931949},{"country_iso":"GHA","city_id":1854,"log_pop":1.866067708,"log_mass":4.7448351365},{"country_iso":"GHA","city_id":1854,"log_pop":2.9720526943,"log_mass":5.4635782826},{"country_iso":"GHA","city_id":1854,"log_pop":3.2876658495,"log_mass":5.6730993788},{"country_iso":"GHA","city_id":1854,"log_pop":3.7096442866,"log_mass":6.1429458186},{"country_iso":"GHA","city_id":1854,"log_pop":2.7487396443,"log_mass":5.2710086543},{"country_iso":"GHA","city_id":1886,"log_pop":2.8263707075,"log_mass":5.4233239392},{"country_iso":"GHA","city_id":1886,"log_pop":2.0826729966,"log_mass":4.5555111392},{"country_iso":"GHA","city_id":1886,"log_pop":2.7903773418,"log_mass":5.0247753528},{"country_iso":"GHA","city_id":1886,"log_pop":3.7824496492,"log_mass":6.1356798929},{"country_iso":"GHA","city_id":1886,"log_pop":1.5141855531,"log_mass":3.9802918235},{"country_iso":"GHA","city_id":1886,"log_pop":2.3681317158,"log_mass":4.5610234021},{"country_iso":"GHA","city_id":1886,"log_pop":3.5409359691,"log_mass":5.9017122077},{"country_iso":"GHA","city_id":1886,"log_pop":1.8984278079,"log_mass":4.0725152915},{"country_iso":"GHA","city_id":1886,"log_pop":2.3974184834,"log_mass":4.8509905371},{"country_iso":"GHA","city_id":1886,"log_pop":2.7330853225,"log_mass":5.40037434},{"country_iso":"GHA","city_id":1829,"log_pop":2.3573818091,"log_mass":5.3189115151},{"country_iso":"GHA","city_id":1829,"log_pop":1.1364028423,"log_mass":4.2199744386},{"country_iso":"GHA","city_id":1829,"log_pop":2.4916146213,"log_mass":5.4785084444},{"country_iso":"GHA","city_id":1829,"log_pop":3.1377098742,"log_mass":5.934295255},{"country_iso":"GHA","city_id":1829,"log_pop":2.8624352029,"log_mass":5.7105523441},{"country_iso":"GHA","city_id":1829,"log_pop":1.8134217901,"log_mass":4.7405249486},{"country_iso":"GHA","city_id":1829,"log_pop":3.2122983218,"log_mass":6.0159139133},{"country_iso":"GHA","city_id":1829,"log_pop":1.9602898938,"log_mass":4.8628772597},{"country_iso":"GHA","city_id":1829,"log_pop":2.7632120325,"log_mass":5.5523569131},{"country_iso":"GHA","city_id":1789,"log_pop":2.3715801485,"log_mass":5.2738544907},{"country_iso":"GHA","city_id":1789,"log_pop":1.4533988431,"log_mass":4.4054619728},{"country_iso":"GHA","city_id":1789,"log_pop":2.3454177632,"log_mass":5.2977637979},{"country_iso":"GHA","city_id":1789,"log_pop":2.6811641459,"log_mass":5.6085693987},{"country_iso":"GHA","city_id":1789,"log_pop":3.0614121802,"log_mass":5.8480454124},{"country_iso":"GHA","city_id":1789,"log_pop":2.5637843729,"log_mass":5.4921849809},{"country_iso":"GHA","city_id":1789,"log_pop":1.9344662765,"log_mass":4.8697610984},{"country_iso":"GHA","city_id":1789,"log_pop":2.8673010679,"log_mass":5.7274366218},{"country_iso":"GHA","city_id":1868,"log_pop":2.187665279,"log_mass":4.6022977393},{"country_iso":"GHA","city_id":1868,"log_pop":1.5322390674,"log_mass":4.8073259449},{"country_iso":"GHA","city_id":1868,"log_pop":3.3551699322,"log_mass":5.8645745777},{"country_iso":"GHA","city_id":1868,"log_pop":2.3350652829,"log_mass":4.6642966033},{"country_iso":"GHA","city_id":1868,"log_pop":2.8694317344,"log_mass":5.3151804699},{"country_iso":"GHA","city_id":1868,"log_pop":3.2102031083,"log_mass":5.6699556411},{"country_iso":"GHA","city_id":1868,"log_pop":2.8312464855,"log_mass":5.3243906063},{"country_iso":"GHA","city_id":1868,"log_pop":3.7325812904,"log_mass":6.1463391118},{"country_iso":"GHA","city_id":1720,"log_pop":3.0781724725,"log_mass":5.8031244407},{"country_iso":"GHA","city_id":1720,"log_pop":2.5862592693,"log_mass":5.417385115},{"country_iso":"GHA","city_id":1720,"log_pop":2.4793694971,"log_mass":5.3964390875},{"country_iso":"GHA","city_id":1720,"log_pop":2.6096717262,"log_mass":5.5633351415},{"country_iso":"GHA","city_id":1720,"log_pop":1.9626853804,"log_mass":5.0357399784},{"country_iso":"GHA","city_id":1720,"log_pop":3.3519072059,"log_mass":5.9930137385},{"country_iso":"GHA","city_id":1720,"log_pop":0.8436251051,"log_mass":4.0499990255},{"country_iso":"GHA","city_id":1720,"log_pop":-0.546705503,"log_mass":2.3706355656},{"country_iso":"GHA","city_id":1788,"log_pop":0.8876560889,"log_mass":4.6222375621},{"country_iso":"GHA","city_id":1788,"log_pop":1.8113008373,"log_mass":4.8900355108},{"country_iso":"GHA","city_id":1788,"log_pop":2.2860175173,"log_mass":5.2943145317},{"country_iso":"GHA","city_id":1788,"log_pop":2.931738574,"log_mass":5.9415932837},{"country_iso":"GHA","city_id":1788,"log_pop":2.8792039684,"log_mass":5.8221754296},{"country_iso":"GHA","city_id":1788,"log_pop":2.9510210945,"log_mass":5.8946370559},{"country_iso":"GHA","city_id":1788,"log_pop":1.7848418504,"log_mass":4.7908360547},{"country_iso":"GHA","city_id":1788,"log_pop":2.4135775267,"log_mass":5.3435990355},{"country_iso":"GHA","city_id":1827,"log_pop":2.0952970001,"log_mass":4.776671994},{"country_iso":"GHA","city_id":1827,"log_pop":0.9598012923,"log_mass":4.4902961578},{"country_iso":"GHA","city_id":1827,"log_pop":2.1185890897,"log_mass":5.0362751987},{"country_iso":"GHA","city_id":1827,"log_pop":2.1541329049,"log_mass":4.7637267039},{"country_iso":"GHA","city_id":1827,"log_pop":-0.1348304568,"log_mass":2.8005320685},{"country_iso":"GHA","city_id":1827,"log_pop":3.0270438732,"log_mass":5.7444273667},{"country_iso":"GHA","city_id":1827,"log_pop":3.3935825539,"log_mass":5.9913154091},{"country_iso":"GHA","city_id":1827,"log_pop":1.5774246685,"log_mass":4.3147594659},{"country_iso":"GHA","city_id":1783,"log_pop":1.1247231869,"log_mass":3.5082100623},{"country_iso":"GHA","city_id":1783,"log_pop":1.5383747444,"log_mass":4.516482029},{"country_iso":"GHA","city_id":1783,"log_pop":2.5487805195,"log_mass":5.2085055977},{"country_iso":"GHA","city_id":1783,"log_pop":3.3636831109,"log_mass":5.9753659261},{"country_iso":"GHA","city_id":1783,"log_pop":2.9045080875,"log_mass":5.6021895479},{"country_iso":"GHA","city_id":1783,"log_pop":2.2671743142,"log_mass":4.977216667},{"country_iso":"GHA","city_id":1783,"log_pop":2.909538832,"log_mass":5.6561086855},{"country_iso":"GHA","city_id":1783,"log_pop":2.9848707114,"log_mass":5.7591202178},{"country_iso":"GHA","city_id":1913,"log_pop":0.6807016905,"log_mass":3.6891343362},{"country_iso":"GHA","city_id":1913,"log_pop":2.7592102575,"log_mass":5.4781433215},{"country_iso":"GHA","city_id":1913,"log_pop":2.978509222,"log_mass":5.700973268},{"country_iso":"GHA","city_id":1913,"log_pop":1.5351819791,"log_mass":4.4361544521},{"country_iso":"GHA","city_id":1913,"log_pop":1.3737519997,"log_mass":4.125655842},{"country_iso":"GHA","city_id":1913,"log_pop":3.1730502059,"log_mass":5.8237273714},{"country_iso":"GHA","city_id":1913,"log_pop":1.4529924831,"log_mass":4.4223944},{"country_iso":"GHA","city_id":1921,"log_pop":1.4846538867,"log_mass":4.099598413},{"country_iso":"GHA","city_id":1921,"log_pop":1.0160958774,"log_mass":3.7166721469},{"country_iso":"GHA","city_id":1921,"log_pop":2.3946647556,"log_mass":4.9639807825},{"country_iso":"GHA","city_id":1921,"log_pop":2.7175407472,"log_mass":5.2864264429},{"country_iso":"GHA","city_id":1921,"log_pop":2.8881712635,"log_mass":5.3919761323},{"country_iso":"GHA","city_id":1921,"log_pop":2.4946723561,"log_mass":5.021690959},{"country_iso":"GHA","city_id":1921,"log_pop":2.1521718936,"log_mass":4.9528118404},{"country_iso":"GHA","city_id":1812,"log_pop":2.5105887118,"log_mass":5.4696893656},{"country_iso":"GHA","city_id":1812,"log_pop":2.5225499937,"log_mass":5.3801826084},{"country_iso":"GHA","city_id":1812,"log_pop":2.7941272367,"log_mass":5.7738894258},{"country_iso":"GHA","city_id":1812,"log_pop":-0.218248095,"log_mass":4.3031870958},{"country_iso":"GHA","city_id":1812,"log_pop":3.1321342249,"log_mass":6.0037933614},{"country_iso":"GHA","city_id":1812,"log_pop":1.1826975059,"log_mass":4.2767488647},{"country_iso":"GHA","city_id":1812,"log_pop":2.5704263035,"log_mass":5.5338551369},{"country_iso":"GHA","city_id":1730,"log_pop":1.4432042297,"log_mass":4.6201763295},{"country_iso":"GHA","city_id":1730,"log_pop":3.0318896444,"log_mass":5.689052621},{"country_iso":"GHA","city_id":1730,"log_pop":0.5316607586,"log_mass":3.5636585639},{"country_iso":"GHA","city_id":1730,"log_pop":2.4454714826,"log_mass":4.9501141778},{"country_iso":"GHA","city_id":1730,"log_pop":0.7888048046,"log_mass":4.078542102},{"country_iso":"GHA","city_id":1730,"log_pop":0.089759089,"log_mass":3.3220856745},{"country_iso":"GHA","city_id":1844,"log_pop":1.4793173487,"log_mass":4.1715436539},{"country_iso":"GHA","city_id":1844,"log_pop":1.3930433966,"log_mass":4.1620810081},{"country_iso":"GHA","city_id":1844,"log_pop":1.9792326808,"log_mass":4.8049501846},{"country_iso":"GHA","city_id":1844,"log_pop":2.588797198,"log_mass":5.2890814428},{"country_iso":"GHA","city_id":1844,"log_pop":2.8797161588,"log_mass":5.6618680008},{"country_iso":"GHA","city_id":1844,"log_pop":1.176112689,"log_mass":4.5770845506},{"country_iso":"GHA","city_id":1875,"log_pop":-1.0009575241,"log_mass":3.2734628968},{"country_iso":"GHA","city_id":1875,"log_pop":1.1841999764,"log_mass":4.105298188},{"country_iso":"GHA","city_id":1875,"log_pop":2.9994680617,"log_mass":5.7982188681},{"country_iso":"GHA","city_id":1875,"log_pop":1.0608348356,"log_mass":4.0430743221},{"country_iso":"GHA","city_id":1875,"log_pop":1.7318746641,"log_mass":4.734904707},{"country_iso":"GHA","city_id":1875,"log_pop":2.1206132208,"log_mass":4.8135255842},{"country_iso":"GHA","city_id":1817,"log_pop":2.9109197804,"log_mass":5.9414676475},{"country_iso":"GHA","city_id":1817,"log_pop":2.0236466872,"log_mass":5.0903003564},{"country_iso":"GHA","city_id":1817,"log_pop":2.1424772328,"log_mass":5.1101942042},{"country_iso":"GHA","city_id":1817,"log_pop":0.5949264685,"log_mass":3.8963643141},{"country_iso":"GHA","city_id":1817,"log_pop":1.3739186401,"log_mass":4.6580335362},{"country_iso":"GHA","city_id":1817,"log_pop":3.0708844972,"log_mass":6.1460943248},{"country_iso":"GHA","city_id":1883,"log_pop":3.1198408521,"log_mass":5.7714989184},{"country_iso":"GHA","city_id":1883,"log_pop":2.7252418899,"log_mass":5.3446676629},{"country_iso":"GHA","city_id":1883,"log_pop":0.9806993279,"log_mass":3.5854323179},{"country_iso":"GHA","city_id":1883,"log_pop":1.477880627,"log_mass":4.1316639576},{"country_iso":"GHA","city_id":1883,"log_pop":3.5295215895,"log_mass":6.0614742332},{"country_iso":"GHA","city_id":1883,"log_pop":1.585755361,"log_mass":4.441290515},{"country_iso":"GHA","city_id":1762,"log_pop":2.2718327844,"log_mass":5.1289302767},{"country_iso":"GHA","city_id":1762,"log_pop":3.2181548834,"log_mass":6.020031673},{"country_iso":"GHA","city_id":1762,"log_pop":2.0671520596,"log_mass":4.9132449571},{"country_iso":"GHA","city_id":1762,"log_pop":3.231939922,"log_mass":6.0645584269},{"country_iso":"GHA","city_id":1762,"log_pop":2.2750476134,"log_mass":5.2121232181},{"country_iso":"GHA","city_id":1762,"log_pop":0.5813252217,"log_mass":3.6730670983},{"country_iso":"GHA","city_id":2001,"log_pop":2.6911754008,"log_mass":5.2637399485},{"country_iso":"GHA","city_id":2001,"log_pop":2.734800676,"log_mass":5.2225522961},{"country_iso":"GHA","city_id":2001,"log_pop":3.0085193435,"log_mass":5.5754750535},{"country_iso":"GHA","city_id":2001,"log_pop":-0.7116805431,"log_mass":2.782253712},{"country_iso":"GHA","city_id":2001,"log_pop":0.6284871098,"log_mass":3.7521528307},{"country_iso":"GHA","city_id":1842,"log_pop":1.6719862191,"log_mass":4.4628313928},{"country_iso":"GHA","city_id":1842,"log_pop":2.1650491129,"log_mass":5.1671277886},{"country_iso":"GHA","city_id":1842,"log_pop":2.3856307145,"log_mass":5.0235327931},{"country_iso":"GHA","city_id":1842,"log_pop":2.1843513493,"log_mass":4.9369454396},{"country_iso":"GHA","city_id":1842,"log_pop":1.0718672809,"log_mass":3.7618532229},{"country_iso":"GHA","city_id":1987,"log_pop":3.7414538265,"log_mass":6.0600969865},{"country_iso":"GHA","city_id":1987,"log_pop":2.9509244122,"log_mass":5.275918223},{"country_iso":"GHA","city_id":1987,"log_pop":2.9284075019,"log_mass":5.4809640493},{"country_iso":"GHA","city_id":1987,"log_pop":1.8938050998,"log_mass":4.38391622},{"country_iso":"GHA","city_id":1987,"log_pop":3.045855602,"log_mass":5.4290624642},{"country_iso":"GHA","city_id":1972,"log_pop":1.3822504412,"log_mass":4.3946580972},{"country_iso":"GHA","city_id":1972,"log_pop":2.429708611,"log_mass":5.5783133314},{"country_iso":"GHA","city_id":1972,"log_pop":2.1798062057,"log_mass":5.4189224283},{"country_iso":"GHA","city_id":1972,"log_pop":0.9366729912,"log_mass":4.7191311501},{"country_iso":"GHA","city_id":1882,"log_pop":2.0155456116,"log_mass":5.1559620459},{"country_iso":"GHA","city_id":1882,"log_pop":2.3408048636,"log_mass":5.5213975651},{"country_iso":"GHA","city_id":1882,"log_pop":1.1886138893,"log_mass":4.6675949458},{"country_iso":"GHA","city_id":1882,"log_pop":1.9807010742,"log_mass":5.2107608249},{"country_iso":"GHA","city_id":1884,"log_pop":2.6990704397,"log_mass":5.7102988967},{"country_iso":"GHA","city_id":1884,"log_pop":2.5918780295,"log_mass":5.5751111332},{"country_iso":"GHA","city_id":1884,"log_pop":-0.8214383074,"log_mass":4.2468184621},{"country_iso":"GHA","city_id":1884,"log_pop":2.7387285958,"log_mass":5.7022676578},{"country_iso":"GHA","city_id":1853,"log_pop":2.2430546664,"log_mass":5.1744631768},{"country_iso":"GHA","city_id":1853,"log_pop":2.0065932012,"log_mass":5.1883406556},{"country_iso":"GHA","city_id":1853,"log_pop":2.6897463089,"log_mass":5.4334949386},{"country_iso":"GHA","city_id":1853,"log_pop":3.2564288915,"log_mass":6.0073765727},{"country_iso":"GHA","city_id":1941,"log_pop":2.1343161895,"log_mass":4.9107921779},{"country_iso":"GHA","city_id":1941,"log_pop":2.7892043769,"log_mass":5.6396586366},{"country_iso":"GHA","city_id":1941,"log_pop":0.9084750172,"log_mass":4.7847499928},{"country_iso":"GHA","city_id":1941,"log_pop":1.4088415383,"log_mass":4.1423215032},{"country_iso":"GHA","city_id":1873,"log_pop":2.0225948683,"log_mass":4.7172338174},{"country_iso":"GHA","city_id":1873,"log_pop":2.5682716188,"log_mass":5.2987015575},{"country_iso":"GHA","city_id":1873,"log_pop":3.0088457554,"log_mass":5.7373698225},{"country_iso":"GHA","city_id":1873,"log_pop":2.714506537,"log_mass":5.4263516759},{"country_iso":"GHA","city_id":1956,"log_pop":3.4461666434,"log_mass":6.1510299395},{"country_iso":"GHA","city_id":1956,"log_pop":2.7600694556,"log_mass":5.5546916572},{"country_iso":"GHA","city_id":1956,"log_pop":1.6774854345,"log_mass":4.7940427432},{"country_iso":"GHA","city_id":1956,"log_pop":2.8954803451,"log_mass":5.4318523126},{"country_iso":"GHA","city_id":1909,"log_pop":0.9803285706,"log_mass":4.2820766963},{"country_iso":"GHA","city_id":1909,"log_pop":1.3697585951,"log_mass":3.9958598658},{"country_iso":"GHA","city_id":1909,"log_pop":1.9214705649,"log_mass":4.7063003302},{"country_iso":"GHA","city_id":1909,"log_pop":2.6326089292,"log_mass":5.3143857877},{"country_iso":"GHA","city_id":1964,"log_pop":1.2270997776,"log_mass":4.7495858718},{"country_iso":"GHA","city_id":1964,"log_pop":1.2325193047,"log_mass":4.2055766878},{"country_iso":"GHA","city_id":1964,"log_pop":1.7682988026,"log_mass":4.9579382816},{"country_iso":"GHA","city_id":1964,"log_pop":3.0281803202,"log_mass":5.7648372074},{"country_iso":"GHA","city_id":1740,"log_pop":1.5540960258,"log_mass":4.5840489299},{"country_iso":"GHA","city_id":1740,"log_pop":2.5302373316,"log_mass":5.64736525},{"country_iso":"GHA","city_id":1740,"log_pop":2.4399595313,"log_mass":5.5428231923},{"country_iso":"GHA","city_id":1740,"log_pop":0.3169119911,"log_mass":3.9844452046},{"country_iso":"GHA","city_id":1925,"log_pop":2.7325532609,"log_mass":5.4749715111},{"country_iso":"GHA","city_id":1925,"log_pop":2.7008238313,"log_mass":5.4944750811},{"country_iso":"GHA","city_id":1925,"log_pop":2.0726553527,"log_mass":4.6317732727},{"country_iso":"GHA","city_id":1938,"log_pop":1.9856972284,"log_mass":5.1251469151},{"country_iso":"GHA","city_id":1938,"log_pop":2.9036847306,"log_mass":5.5544366251},{"country_iso":"GHA","city_id":1938,"log_pop":1.2736857712,"log_mass":4.2590847788},{"country_iso":"GHA","city_id":1904,"log_pop":2.6957874328,"log_mass":5.6118154109},{"country_iso":"GHA","city_id":1904,"log_pop":2.3002178366,"log_mass":5.2291141964},{"country_iso":"GHA","city_id":1904,"log_pop":2.1211848669,"log_mass":4.9161701228},{"country_iso":"GHA","city_id":1953,"log_pop":2.054184707,"log_mass":5.283547414},{"country_iso":"GHA","city_id":1953,"log_pop":2.2809604038,"log_mass":5.3064153362},{"country_iso":"GHA","city_id":1953,"log_pop":1.6271972936,"log_mass":5.0661152884},{"country_iso":"GHA","city_id":1724,"log_pop":1.5350213071,"log_mass":4.5002275004},{"country_iso":"GHA","city_id":1724,"log_pop":2.3489976291,"log_mass":5.3197281224},{"country_iso":"GHA","city_id":1724,"log_pop":1.4393318231,"log_mass":4.4006802129},{"country_iso":"GHA","city_id":1743,"log_pop":1.5661776825,"log_mass":4.4818752744},{"country_iso":"GHA","city_id":1743,"log_pop":1.1925080654,"log_mass":3.8481910592},{"country_iso":"GHA","city_id":1743,"log_pop":2.4991705034,"log_mass":5.3436260815},{"country_iso":"GHA","city_id":1918,"log_pop":1.9714127403,"log_mass":4.9375294246},{"country_iso":"GHA","city_id":1918,"log_pop":2.1049855851,"log_mass":5.1053742347},{"country_iso":"GHA","city_id":1918,"log_pop":2.3120891634,"log_mass":5.1820016487},{"country_iso":"GHA","city_id":1826,"log_pop":1.9131279003,"log_mass":4.8165372058},{"country_iso":"GHA","city_id":1826,"log_pop":1.9831366974,"log_mass":4.9515206765},{"country_iso":"GHA","city_id":1966,"log_pop":1.9864075602,"log_mass":4.3353219275},{"country_iso":"GHA","city_id":1966,"log_pop":1.7455045024,"log_mass":4.2197737762},{"country_iso":"GHA","city_id":1959,"log_pop":1.901435553,"log_mass":4.9306516755},{"country_iso":"GHA","city_id":1959,"log_pop":2.3318493343,"log_mass":5.1101613491},{"country_iso":"GHA","city_id":1944,"log_pop":2.6250811597,"log_mass":5.078356545},{"country_iso":"GHA","city_id":1992,"log_pop":2.2225010291,"log_mass":5.1684094455}]