[{"country_iso":"TWN","city_id":12696,"log_pop":1.2661244115,"log_mass":4.1284155838},{"country_iso":"TWN","city_id":12696,"log_pop":2.4461690147,"log_mass":4.8885314772},{"country_iso":"TWN","city_id":12696,"log_pop":2.2114415835,"log_mass":5.3721179449},{"country_iso":"TWN","city_id":12696,"log_pop":2.5925953894,"log_mass":5.4736686954},{"country_iso":"TWN","city_id":12696,"log_pop":0.6838155242,"log_mass":3.5329003015},{"country_iso":"TWN","city_id":12696,"log_pop":1.9003475815,"log_mass":4.6083568693},{"country_iso":"TWN","city_id":12696,"log_pop":3.3879825416,"log_mass":5.7860268485},{"country_iso":"TWN","city_id":12696,"log_pop":2.4105497943,"log_mass":5.2589883865},{"country_iso":"TWN","city_id":12696,"log_pop":4.1134343785,"log_mass":6.3709812084},{"country_iso":"TWN","city_id":12696,"log_pop":0.8685598119,"log_mass":5.4683001026},{"country_iso":"TWN","city_id":12696,"log_pop":3.0339038522,"log_mass":5.6506285286},{"country_iso":"TWN","city_id":12696,"log_pop":3.8684613935,"log_mass":6.1562064822},{"country_iso":"TWN","city_id":12696,"log_pop":1.6575904876,"log_mass":4.5312389831},{"country_iso":"TWN","city_id":12696,"log_pop":2.9328784783,"log_mass":5.6917181863},{"country_iso":"TWN","city_id":12696,"log_pop":3.4357133435,"log_mass":5.9902897503},{"country_iso":"TWN","city_id":12696,"log_pop":1.7721921028,"log_mass":4.2710152417},{"country_iso":"TWN","city_id":12696,"log_pop":3.3420647246,"log_mass":5.9531733895},{"country_iso":"TWN","city_id":12696,"log_pop":3.5430616764,"log_mass":5.9649205503},{"country_iso":"TWN","city_id":12696,"log_pop":3.2798380474,"log_mass":5.8422064695},{"country_iso":"TWN","city_id":12696,"log_pop":2.6702119844,"log_mass":5.1690538295},{"country_iso":"TWN","city_id":12696,"log_pop":3.7129034177,"log_mass":6.1191852041},{"country_iso":"TWN","city_id":12696,"log_pop":3.3205416531,"log_mass":5.748861397},{"country_iso":"TWN","city_id":12696,"log_pop":3.6221312597,"log_mass":6.0940976118},{"country_iso":"TWN","city_id":12696,"log_pop":1.5777685267,"log_mass":4.5164581515},{"country_iso":"TWN","city_id":12696,"log_pop":3.5683047496,"log_mass":5.9995610477},{"country_iso":"TWN","city_id":12696,"log_pop":3.5598451605,"log_mass":6.0081074074},{"country_iso":"TWN","city_id":12696,"log_pop":4.3203487148,"log_mass":6.5069273973},{"country_iso":"TWN","city_id":12696,"log_pop":4.583332398,"log_mass":6.5205327383},{"country_iso":"TWN","city_id":12696,"log_pop":4.8779593213,"log_mass":6.6212623924},{"country_iso":"TWN","city_id":12696,"log_pop":4.4474151351,"log_mass":6.5613709993},{"country_iso":"TWN","city_id":12696,"log_pop":4.7042326766,"log_mass":6.5683411119},{"country_iso":"TWN","city_id":12696,"log_pop":4.3964186266,"log_mass":6.4289668721},{"country_iso":"TWN","city_id":12696,"log_pop":4.9773140556,"log_mass":6.7595588018},{"country_iso":"TWN","city_id":12696,"log_pop":1.705609071,"log_mass":4.3269086921},{"country_iso":"TWN","city_id":12696,"log_pop":4.3271334565,"log_mass":6.3946972987},{"country_iso":"TWN","city_id":12696,"log_pop":4.2791331395,"log_mass":6.3778133345},{"country_iso":"TWN","city_id":12696,"log_pop":3.7567765038,"log_mass":5.9109323178},{"country_iso":"TWN","city_id":12696,"log_pop":4.0937404211,"log_mass":6.4713939492},{"country_iso":"TWN","city_id":12696,"log_pop":4.5931002033,"log_mass":6.5178709855},{"country_iso":"TWN","city_id":12696,"log_pop":4.4841649153,"log_mass":6.6498860691},{"country_iso":"TWN","city_id":12696,"log_pop":4.4595221184,"log_mass":6.4860920402},{"country_iso":"TWN","city_id":12696,"log_pop":4.1953568053,"log_mass":6.4242536322},{"country_iso":"TWN","city_id":12696,"log_pop":4.3154061854,"log_mass":6.4560286897},{"country_iso":"TWN","city_id":12696,"log_pop":4.3882970175,"log_mass":6.496355319},{"country_iso":"TWN","city_id":12696,"log_pop":3.8231015699,"log_mass":6.0572919143},{"country_iso":"TWN","city_id":12696,"log_pop":2.7992286492,"log_mass":5.2066095716},{"country_iso":"TWN","city_id":12696,"log_pop":3.7923902518,"log_mass":5.8878336521},{"country_iso":"TWN","city_id":12696,"log_pop":4.1360443639,"log_mass":6.267438488},{"country_iso":"TWN","city_id":12696,"log_pop":3.4162053443,"log_mass":5.8128029636},{"country_iso":"TWN","city_id":12696,"log_pop":4.4096946006,"log_mass":6.642949443},{"country_iso":"TWN","city_id":12696,"log_pop":2.722973369,"log_mass":5.4334843007},{"country_iso":"TWN","city_id":12696,"log_pop":3.8381094934,"log_mass":6.1485112526},{"country_iso":"TWN","city_id":12696,"log_pop":1.9597727763,"log_mass":4.9982639243},{"country_iso":"TWN","city_id":12696,"log_pop":3.4790442378,"log_mass":6.0033283521},{"country_iso":"TWN","city_id":12696,"log_pop":3.8253322723,"log_mass":6.1946385803},{"country_iso":"TWN","city_id":12696,"log_pop":3.4118110979,"log_mass":5.9058243634},{"country_iso":"TWN","city_id":12696,"log_pop":3.699914587,"log_mass":6.270654324},{"country_iso":"TWN","city_id":12696,"log_pop":3.2326521509,"log_mass":5.8049039849},{"country_iso":"TWN","city_id":12696,"log_pop":4.3921297875,"log_mass":6.3607027018},{"country_iso":"TWN","city_id":12696,"log_pop":4.0472430143,"log_mass":6.4476116214},{"country_iso":"TWN","city_id":12696,"log_pop":3.1851643644,"log_mass":5.7837562184},{"country_iso":"TWN","city_id":12696,"log_pop":3.9726001504,"log_mass":6.4685051689},{"country_iso":"TWN","city_id":12696,"log_pop":4.801115819,"log_mass":6.745211245},{"country_iso":"TWN","city_id":12696,"log_pop":4.3439980868,"log_mass":6.4152843156},{"country_iso":"TWN","city_id":12696,"log_pop":4.5534159291,"log_mass":6.6022374516},{"country_iso":"TWN","city_id":12696,"log_pop":4.8325710471,"log_mass":6.75392951},{"country_iso":"TWN","city_id":12696,"log_pop":4.3351957165,"log_mass":6.4368052509},{"country_iso":"TWN","city_id":12696,"log_pop":4.692948124,"log_mass":6.6597710581},{"country_iso":"TWN","city_id":12696,"log_pop":4.1737883767,"log_mass":6.3441997017},{"country_iso":"TWN","city_id":12696,"log_pop":4.7064097548,"log_mass":6.8019953102},{"country_iso":"TWN","city_id":12696,"log_pop":4.6518393109,"log_mass":6.8952432401},{"country_iso":"TWN","city_id":12696,"log_pop":4.7761244931,"log_mass":6.5717273362},{"country_iso":"TWN","city_id":12696,"log_pop":4.9110756569,"log_mass":6.8656690988},{"country_iso":"TWN","city_id":12696,"log_pop":4.8577902211,"log_mass":6.6281470634},{"country_iso":"TWN","city_id":12696,"log_pop":4.6365696178,"log_mass":6.7699233981},{"country_iso":"TWN","city_id":12696,"log_pop":4.8808883209,"log_mass":6.4394948037},{"country_iso":"TWN","city_id":12696,"log_pop":4.9880865421,"log_mass":6.7705464811},{"country_iso":"TWN","city_id":12696,"log_pop":4.2876440044,"log_mass":6.3016306938},{"country_iso":"TWN","city_id":12696,"log_pop":4.3959664884,"log_mass":6.2677644496},{"country_iso":"TWN","city_id":12696,"log_pop":1.076191747,"log_mass":5.5326852298},{"country_iso":"TWN","city_id":12696,"log_pop":4.9778053925,"log_mass":6.8267035545},{"country_iso":"TWN","city_id":12696,"log_pop":4.8228458469,"log_mass":6.6838529068},{"country_iso":"TWN","city_id":12696,"log_pop":5.1360032913,"log_mass":6.8769563691},{"country_iso":"TWN","city_id":12696,"log_pop":4.9979875165,"log_mass":6.611306831},{"country_iso":"TWN","city_id":12696,"log_pop":5.2908174282,"log_mass":6.716767791},{"country_iso":"TWN","city_id":12696,"log_pop":4.1005013924,"log_mass":5.8260681695},{"country_iso":"TWN","city_id":12696,"log_pop":4.4113225807,"log_mass":6.0698101092},{"country_iso":"TWN","city_id":12696,"log_pop":5.1568927234,"log_mass":6.7127347179},{"country_iso":"TWN","city_id":12696,"log_pop":4.9687779868,"log_mass":6.391773904},{"country_iso":"TWN","city_id":12696,"log_pop":5.1063396274,"log_mass":6.7354589779},{"country_iso":"TWN","city_id":12696,"log_pop":4.796476462,"log_mass":6.6628658429},{"country_iso":"TWN","city_id":12696,"log_pop":4.4722048795,"log_mass":6.374988817},{"country_iso":"TWN","city_id":12696,"log_pop":4.7518758198,"log_mass":6.4862328002},{"country_iso":"TWN","city_id":12696,"log_pop":4.7606939707,"log_mass":6.5709274579},{"country_iso":"TWN","city_id":12696,"log_pop":5.0415473564,"log_mass":6.5332768663},{"country_iso":"TWN","city_id":12696,"log_pop":4.7749744014,"log_mass":6.4996801946},{"country_iso":"TWN","city_id":12696,"log_pop":5.0307155795,"log_mass":6.5743889503},{"country_iso":"TWN","city_id":12696,"log_pop":4.8001302874,"log_mass":6.5745477593},{"country_iso":"TWN","city_id":12696,"log_pop":4.7222903793,"log_mass":6.5994683869},{"country_iso":"TWN","city_id":12696,"log_pop":5.1628152196,"log_mass":6.8493298176},{"country_iso":"TWN","city_id":12696,"log_pop":4.8076790674,"log_mass":6.6286236768},{"country_iso":"TWN","city_id":12696,"log_pop":4.2384683734,"log_mass":6.249840745},{"country_iso":"TWN","city_id":12696,"log_pop":4.382172735,"log_mass":6.3261871102},{"country_iso":"TWN","city_id":12696,"log_pop":5.1118950459,"log_mass":6.7317899615},{"country_iso":"TWN","city_id":12696,"log_pop":4.1414212444,"log_mass":6.63548428},{"country_iso":"TWN","city_id":12696,"log_pop":3.8428860035,"log_mass":5.8712242493},{"country_iso":"TWN","city_id":12696,"log_pop":4.4509082352,"log_mass":6.6470204946},{"country_iso":"TWN","city_id":12696,"log_pop":4.6300420243,"log_mass":6.6844125066},{"country_iso":"TWN","city_id":12696,"log_pop":4.1879274596,"log_mass":6.2993230788},{"country_iso":"TWN","city_id":12696,"log_pop":2.8424593415,"log_mass":5.2084590499},{"country_iso":"TWN","city_id":12696,"log_pop":4.1551147692,"log_mass":6.3135210302},{"country_iso":"TWN","city_id":12696,"log_pop":4.9645454456,"log_mass":6.7711027684},{"country_iso":"TWN","city_id":12696,"log_pop":4.806088383,"log_mass":6.615398854},{"country_iso":"TWN","city_id":12696,"log_pop":4.8439389521,"log_mass":6.5579721049},{"country_iso":"TWN","city_id":12696,"log_pop":5.0158589276,"log_mass":6.6403980218},{"country_iso":"TWN","city_id":12696,"log_pop":4.6697579063,"log_mass":6.7236882858},{"country_iso":"TWN","city_id":12696,"log_pop":4.7913996849,"log_mass":6.6884550718},{"country_iso":"TWN","city_id":12696,"log_pop":4.7394555027,"log_mass":6.713719157},{"country_iso":"TWN","city_id":12696,"log_pop":3.8282803268,"log_mass":6.1094863905},{"country_iso":"TWN","city_id":12696,"log_pop":3.1151164769,"log_mass":5.7087485402},{"country_iso":"TWN","city_id":12696,"log_pop":2.6524674443,"log_mass":5.1916644577},{"country_iso":"TWN","city_id":12696,"log_pop":4.1657304083,"log_mass":6.3287536416},{"country_iso":"TWN","city_id":12696,"log_pop":2.9871245289,"log_mass":5.4281724885},{"country_iso":"TWN","city_id":12696,"log_pop":3.8615098823,"log_mass":6.119473923},{"country_iso":"TWN","city_id":12696,"log_pop":3.1229309338,"log_mass":5.6357294878},{"country_iso":"TWN","city_id":12696,"log_pop":3.3306766137,"log_mass":5.6553787964},{"country_iso":"TWN","city_id":12696,"log_pop":4.5526397141,"log_mass":6.6063487161},{"country_iso":"TWN","city_id":12696,"log_pop":3.9690089768,"log_mass":6.2118572656},{"country_iso":"TWN","city_id":12696,"log_pop":1.3211683725,"log_mass":3.9887095191},{"country_iso":"TWN","city_id":12696,"log_pop":3.7238933444,"log_mass":5.9262819822},{"country_iso":"TWN","city_id":12696,"log_pop":1.6512333109,"log_mass":4.0813273831},{"country_iso":"TWN","city_id":12696,"log_pop":1.966318383,"log_mass":4.693236475},{"country_iso":"TWN","city_id":12696,"log_pop":2.7918033054,"log_mass":5.211917468},{"country_iso":"TWN","city_id":12696,"log_pop":3.2069921411,"log_mass":5.7827043447},{"country_iso":"TWN","city_id":12696,"log_pop":2.9068038757,"log_mass":5.5613723518},{"country_iso":"TWN","city_id":12696,"log_pop":3.7370404135,"log_mass":6.122357108},{"country_iso":"TWN","city_id":12696,"log_pop":2.8790557362,"log_mass":5.6266690632},{"country_iso":"TWN","city_id":12696,"log_pop":4.0497853497,"log_mass":6.2327061519},{"country_iso":"TWN","city_id":12696,"log_pop":3.6702493006,"log_mass":5.9903845002},{"country_iso":"TWN","city_id":12696,"log_pop":4.1082250732,"log_mass":6.3160274172},{"country_iso":"TWN","city_id":12696,"log_pop":2.8087105754,"log_mass":5.3514920275},{"country_iso":"TWN","city_id":12696,"log_pop":2.9303236405,"log_mass":5.3458631243},{"country_iso":"TWN","city_id":12696,"log_pop":2.0486378524,"log_mass":5.1568219891},{"country_iso":"TWN","city_id":12696,"log_pop":1.7100625718,"log_mass":4.8635459712},{"country_iso":"TWN","city_id":12696,"log_pop":4.6659515163,"log_mass":6.5196585232},{"country_iso":"TWN","city_id":12696,"log_pop":4.5911492001,"log_mass":6.3364460089},{"country_iso":"TWN","city_id":12696,"log_pop":2.7181519431,"log_mass":5.2733941583},{"country_iso":"TWN","city_id":12696,"log_pop":4.0201186095,"log_mass":6.1269294935},{"country_iso":"TWN","city_id":12696,"log_pop":4.0732684702,"log_mass":5.9959691836},{"country_iso":"TWN","city_id":12696,"log_pop":2.0857935202,"log_mass":4.3978393018},{"country_iso":"TWN","city_id":12696,"log_pop":3.5821246158,"log_mass":5.7641468806},{"country_iso":"TWN","city_id":12696,"log_pop":4.3605924255,"log_mass":6.2627296504},{"country_iso":"TWN","city_id":12696,"log_pop":3.5425999682,"log_mass":5.755785448},{"country_iso":"TWN","city_id":12696,"log_pop":1.6748068102,"log_mass":5.1241399572},{"country_iso":"TWN","city_id":12696,"log_pop":3.1395987445,"log_mass":5.5564227558},{"country_iso":"TWN","city_id":12696,"log_pop":2.7206337997,"log_mass":5.3476094717},{"country_iso":"TWN","city_id":12696,"log_pop":2.580323875,"log_mass":5.1745382948},{"country_iso":"TWN","city_id":12696,"log_pop":3.3018885106,"log_mass":5.7219005869},{"country_iso":"TWN","city_id":12696,"log_pop":2.4315169733,"log_mass":5.1922465056},{"country_iso":"TWN","city_id":12696,"log_pop":4.0295224456,"log_mass":6.410456952},{"country_iso":"TWN","city_id":12696,"log_pop":4.0426573955,"log_mass":6.4548647335},{"country_iso":"TWN","city_id":12696,"log_pop":3.7437956555,"log_mass":6.1983847906},{"country_iso":"TWN","city_id":12696,"log_pop":4.2224446193,"log_mass":6.5071247461},{"country_iso":"TWN","city_id":12696,"log_pop":3.5276967895,"log_mass":6.0539051089},{"country_iso":"TWN","city_id":12696,"log_pop":4.0133731209,"log_mass":6.5060306421},{"country_iso":"TWN","city_id":12696,"log_pop":3.206935921,"log_mass":5.8742604422},{"country_iso":"TWN","city_id":12696,"log_pop":-0.8238521677,"log_mass":2.4122136007},{"country_iso":"TWN","city_id":12696,"log_pop":3.9434956695,"log_mass":6.1789802492},{"country_iso":"TWN","city_id":12696,"log_pop":4.344723111,"log_mass":6.4294887088},{"country_iso":"TWN","city_id":12696,"log_pop":3.9683151854,"log_mass":6.1731510332},{"country_iso":"TWN","city_id":12696,"log_pop":3.8017662141,"log_mass":5.7492354832},{"country_iso":"TWN","city_id":12696,"log_pop":3.4515276371,"log_mass":5.9575039467},{"country_iso":"TWN","city_id":12696,"log_pop":3.6006814466,"log_mass":6.2218118673},{"country_iso":"TWN","city_id":12696,"log_pop":2.9398773277,"log_mass":5.7763273522},{"country_iso":"TWN","city_id":12696,"log_pop":4.0725090901,"log_mass":6.6789744265},{"country_iso":"TWN","city_id":12696,"log_pop":3.9279197009,"log_mass":6.5703600077},{"country_iso":"TWN","city_id":12696,"log_pop":1.9021911378,"log_mass":4.7039347738},{"country_iso":"TWN","city_id":12696,"log_pop":2.8131231096,"log_mass":5.3198942566},{"country_iso":"TWN","city_id":12696,"log_pop":3.8056447635,"log_mass":6.3218294642},{"country_iso":"TWN","city_id":12696,"log_pop":4.332335424,"log_mass":6.3056495117},{"country_iso":"TWN","city_id":12696,"log_pop":4.039314337,"log_mass":6.422149331},{"country_iso":"TWN","city_id":12696,"log_pop":4.3250784805,"log_mass":6.5840404718},{"country_iso":"TWN","city_id":12696,"log_pop":2.5731028144,"log_mass":5.3507968367},{"country_iso":"TWN","city_id":12696,"log_pop":3.0976998969,"log_mass":5.6195783009},{"country_iso":"TWN","city_id":12696,"log_pop":3.1208307981,"log_mass":5.9802964797},{"country_iso":"TWN","city_id":12696,"log_pop":4.3738354862,"log_mass":6.5240889936},{"country_iso":"TWN","city_id":12696,"log_pop":4.5342196579,"log_mass":6.7356357624},{"country_iso":"TWN","city_id":12696,"log_pop":4.230654501,"log_mass":6.1434511004},{"country_iso":"TWN","city_id":12696,"log_pop":4.6450125397,"log_mass":6.7252434944},{"country_iso":"TWN","city_id":12696,"log_pop":3.6594360795,"log_mass":6.0024700842},{"country_iso":"TWN","city_id":12696,"log_pop":3.5553538228,"log_mass":5.8497545581},{"country_iso":"TWN","city_id":12696,"log_pop":4.0617700445,"log_mass":6.3840642219},{"country_iso":"TWN","city_id":12696,"log_pop":4.2762936107,"log_mass":6.4820567862},{"country_iso":"TWN","city_id":12696,"log_pop":4.3865672488,"log_mass":6.4884004719},{"country_iso":"TWN","city_id":12696,"log_pop":4.3252108767,"log_mass":6.5917250024},{"country_iso":"TWN","city_id":12696,"log_pop":3.950648868,"log_mass":6.1032448514},{"country_iso":"TWN","city_id":12696,"log_pop":4.6278025521,"log_mass":6.7241525697},{"country_iso":"TWN","city_id":12696,"log_pop":4.3751790006,"log_mass":6.4184238282},{"country_iso":"TWN","city_id":12696,"log_pop":4.4395412015,"log_mass":6.6875365981},{"country_iso":"TWN","city_id":12696,"log_pop":4.1718608618,"log_mass":6.3465232053},{"country_iso":"TWN","city_id":12696,"log_pop":4.112027317,"log_mass":6.2390892981},{"country_iso":"TWN","city_id":12696,"log_pop":3.4270265708,"log_mass":5.6876718497},{"country_iso":"TWN","city_id":12696,"log_pop":3.8118182928,"log_mass":6.1707837437},{"country_iso":"TWN","city_id":12696,"log_pop":3.563389514,"log_mass":6.0747260832},{"country_iso":"TWN","city_id":12696,"log_pop":4.011672315,"log_mass":6.3435478643},{"country_iso":"TWN","city_id":12696,"log_pop":4.1805585992,"log_mass":6.5032463836},{"country_iso":"TWN","city_id":12696,"log_pop":4.0001872013,"log_mass":6.1351206615},{"country_iso":"TWN","city_id":12696,"log_pop":4.1090893853,"log_mass":6.3446556349},{"country_iso":"TWN","city_id":12696,"log_pop":4.1009250298,"log_mass":6.014439332},{"country_iso":"TWN","city_id":12696,"log_pop":3.7482475643,"log_mass":5.9679983384},{"country_iso":"TWN","city_id":12696,"log_pop":4.2585217295,"log_mass":6.2813500642},{"country_iso":"TWN","city_id":12696,"log_pop":4.1411924408,"log_mass":6.3811696397},{"country_iso":"TWN","city_id":12696,"log_pop":4.4114647887,"log_mass":6.4353664183},{"country_iso":"TWN","city_id":12696,"log_pop":2.7356405229,"log_mass":5.0780519044},{"country_iso":"TWN","city_id":12696,"log_pop":2.8145598527,"log_mass":4.9967904449},{"country_iso":"TWN","city_id":12696,"log_pop":3.8001523486,"log_mass":6.2294396901},{"country_iso":"TWN","city_id":12696,"log_pop":3.8214577365,"log_mass":6.1979933334},{"country_iso":"TWN","city_id":12696,"log_pop":4.2748443266,"log_mass":6.3618992844},{"country_iso":"TWN","city_id":12696,"log_pop":4.2888042361,"log_mass":6.3553772599},{"country_iso":"TWN","city_id":12696,"log_pop":3.5721486628,"log_mass":6.0937529791},{"country_iso":"TWN","city_id":12696,"log_pop":3.887861032,"log_mass":6.2507537298},{"country_iso":"TWN","city_id":12696,"log_pop":3.7338606979,"log_mass":6.0709428645},{"country_iso":"TWN","city_id":12696,"log_pop":3.5411181915,"log_mass":5.8691380436},{"country_iso":"TWN","city_id":12696,"log_pop":2.8817379255,"log_mass":5.5687165872},{"country_iso":"TWN","city_id":12696,"log_pop":3.6495665497,"log_mass":6.2444884957},{"country_iso":"TWN","city_id":12696,"log_pop":4.0677657145,"log_mass":6.2140986142},{"country_iso":"TWN","city_id":12696,"log_pop":3.9032309546,"log_mass":6.3225534494},{"country_iso":"TWN","city_id":12696,"log_pop":4.1373839894,"log_mass":6.1863691236},{"country_iso":"TWN","city_id":12696,"log_pop":3.6837400081,"log_mass":6.0623760696},{"country_iso":"TWN","city_id":12696,"log_pop":1.4242711354,"log_mass":4.4458532521},{"country_iso":"TWN","city_id":12696,"log_pop":4.125326073,"log_mass":6.0680506245},{"country_iso":"TWN","city_id":12696,"log_pop":2.5994155546,"log_mass":5.3770641908},{"country_iso":"TWN","city_id":12696,"log_pop":3.7397221665,"log_mass":6.0872601244},{"country_iso":"TWN","city_id":12696,"log_pop":3.9308697898,"log_mass":6.1390625307},{"country_iso":"TWN","city_id":12696,"log_pop":3.175475239,"log_mass":5.5096448569},{"country_iso":"TWN","city_id":12696,"log_pop":0.6009460699,"log_mass":3.9952696616},{"country_iso":"TWN","city_id":12696,"log_pop":0.2949839937,"log_mass":3.9890108294},{"country_iso":"TWN","city_id":12696,"log_pop":4.5173896918,"log_mass":6.5338697991},{"country_iso":"TWN","city_id":12696,"log_pop":4.2054458369,"log_mass":6.1891337074},{"country_iso":"TWN","city_id":12696,"log_pop":3.7761638215,"log_mass":5.8290406993},{"country_iso":"TWN","city_id":12696,"log_pop":4.012158026,"log_mass":6.2021984963},{"country_iso":"TWN","city_id":12696,"log_pop":4.7857633994,"log_mass":6.4286888388},{"country_iso":"TWN","city_id":12696,"log_pop":2.863393775,"log_mass":5.167566252},{"country_iso":"TWN","city_id":12696,"log_pop":3.7939982115,"log_mass":5.9521623695},{"country_iso":"TWN","city_id":12696,"log_pop":3.7318742024,"log_mass":5.9469526692},{"country_iso":"TWN","city_id":12696,"log_pop":4.3626599033,"log_mass":6.198875256},{"country_iso":"TWN","city_id":12696,"log_pop":3.5818457962,"log_mass":5.636358355},{"country_iso":"TWN","city_id":12696,"log_pop":3.3415595489,"log_mass":5.5943073207},{"country_iso":"TWN","city_id":12696,"log_pop":4.5794952529,"log_mass":6.5931761011},{"country_iso":"TWN","city_id":12696,"log_pop":4.4939566303,"log_mass":6.5739088412},{"country_iso":"TWN","city_id":12696,"log_pop":2.7687675649,"log_mass":5.1280248943},{"country_iso":"TWN","city_id":12696,"log_pop":4.4412507029,"log_mass":6.5902891418},{"country_iso":"TWN","city_id":12696,"log_pop":3.4599167458,"log_mass":5.2964525936},{"country_iso":"TWN","city_id":12696,"log_pop":3.8961685427,"log_mass":6.1467917106},{"country_iso":"TWN","city_id":12696,"log_pop":3.8957830079,"log_mass":5.9631649379},{"country_iso":"TWN","city_id":12696,"log_pop":3.2211239875,"log_mass":5.6727835198},{"country_iso":"TWN","city_id":12696,"log_pop":4.447612331,"log_mass":6.2776965404},{"country_iso":"TWN","city_id":12696,"log_pop":4.0989971873,"log_mass":6.0068547163},{"country_iso":"TWN","city_id":12696,"log_pop":4.2444058365,"log_mass":6.1244901937},{"country_iso":"TWN","city_id":12696,"log_pop":2.7989594481,"log_mass":4.8376064465},{"country_iso":"TWN","city_id":12696,"log_pop":3.3003389144,"log_mass":5.8022624345},{"country_iso":"TWN","city_id":12696,"log_pop":3.8004134278,"log_mass":5.7648792763},{"country_iso":"TWN","city_id":12696,"log_pop":3.2717285225,"log_mass":5.6861530257},{"country_iso":"TWN","city_id":12696,"log_pop":4.227272719,"log_mass":6.2460378994},{"country_iso":"TWN","city_id":12696,"log_pop":3.0008037065,"log_mass":5.5646176718},{"country_iso":"TWN","city_id":12696,"log_pop":4.2047297197,"log_mass":6.260868947},{"country_iso":"TWN","city_id":12696,"log_pop":1.2130560092,"log_mass":4.5659709537},{"country_iso":"TWN","city_id":12696,"log_pop":3.1496992838,"log_mass":5.2458684909},{"country_iso":"TWN","city_id":12696,"log_pop":3.6175908329,"log_mass":5.9361967577},{"country_iso":"TWN","city_id":12696,"log_pop":4.7777964105,"log_mass":6.8064430891},{"country_iso":"TWN","city_id":12696,"log_pop":3.3871359337,"log_mass":5.8085283162},{"country_iso":"TWN","city_id":12696,"log_pop":2.8023362099,"log_mass":5.2459121677},{"country_iso":"TWN","city_id":12696,"log_pop":4.3181380947,"log_mass":6.4257387551},{"country_iso":"TWN","city_id":12696,"log_pop":2.9960113539,"log_mass":5.1516867161},{"country_iso":"TWN","city_id":12696,"log_pop":3.0723459032,"log_mass":5.3488806287},{"country_iso":"TWN","city_id":12696,"log_pop":4.5504099263,"log_mass":6.2205414906},{"country_iso":"TWN","city_id":12696,"log_pop":4.1087894915,"log_mass":6.1309280271},{"country_iso":"TWN","city_id":12696,"log_pop":3.3428374327,"log_mass":5.0845305117},{"country_iso":"TWN","city_id":12709,"log_pop":3.7127433124,"log_mass":6.2729754624},{"country_iso":"TWN","city_id":12709,"log_pop":1.4496891609,"log_mass":4.7344484217},{"country_iso":"TWN","city_id":12709,"log_pop":4.0025829873,"log_mass":6.5967416324},{"country_iso":"TWN","city_id":12709,"log_pop":3.3132420397,"log_mass":6.0059524832},{"country_iso":"TWN","city_id":12709,"log_pop":4.2391537495,"log_mass":6.6614106954},{"country_iso":"TWN","city_id":12709,"log_pop":3.3553067953,"log_mass":5.9604846203},{"country_iso":"TWN","city_id":12709,"log_pop":4.1495481486,"log_mass":6.7248005161},{"country_iso":"TWN","city_id":12709,"log_pop":4.8549434032,"log_mass":6.7222241606},{"country_iso":"TWN","city_id":12709,"log_pop":3.5837685436,"log_mass":6.1721124932},{"country_iso":"TWN","city_id":12709,"log_pop":4.9364806593,"log_mass":6.7113946529},{"country_iso":"TWN","city_id":12709,"log_pop":4.8502156425,"log_mass":6.8556793877},{"country_iso":"TWN","city_id":12709,"log_pop":4.9059254872,"log_mass":6.819679129},{"country_iso":"TWN","city_id":12709,"log_pop":4.3526209511,"log_mass":6.6494432341},{"country_iso":"TWN","city_id":12709,"log_pop":4.7225778944,"log_mass":6.7252190452},{"country_iso":"TWN","city_id":12709,"log_pop":3.5544160849,"log_mass":6.1456233542},{"country_iso":"TWN","city_id":12709,"log_pop":2.9488711515,"log_mass":5.7321762026},{"country_iso":"TWN","city_id":12709,"log_pop":4.6422248154,"log_mass":6.6450697917},{"country_iso":"TWN","city_id":12709,"log_pop":4.0051384716,"log_mass":6.5087930092},{"country_iso":"TWN","city_id":12709,"log_pop":3.7328940425,"log_mass":6.3224392195},{"country_iso":"TWN","city_id":12709,"log_pop":3.9166421881,"log_mass":6.4566807056},{"country_iso":"TWN","city_id":12709,"log_pop":3.282737546,"log_mass":5.7758749605},{"country_iso":"TWN","city_id":12709,"log_pop":3.0020246704,"log_mass":5.8425564894},{"country_iso":"TWN","city_id":12709,"log_pop":4.4525136593,"log_mass":6.6349893577},{"country_iso":"TWN","city_id":12709,"log_pop":3.6644804876,"log_mass":6.2547466122},{"country_iso":"TWN","city_id":12709,"log_pop":0.6548954868,"log_mass":4.4442380622},{"country_iso":"TWN","city_id":12709,"log_pop":3.4824499141,"log_mass":6.0108930659},{"country_iso":"TWN","city_id":12709,"log_pop":1.8078851891,"log_mass":4.7097297988},{"country_iso":"TWN","city_id":12709,"log_pop":4.4923979132,"log_mass":6.6326860959},{"country_iso":"TWN","city_id":12709,"log_pop":4.4697710975,"log_mass":6.5293422939},{"country_iso":"TWN","city_id":12709,"log_pop":4.3778501095,"log_mass":6.3960918543},{"country_iso":"TWN","city_id":12709,"log_pop":4.3275724919,"log_mass":6.5586551969},{"country_iso":"TWN","city_id":12709,"log_pop":4.4089741613,"log_mass":6.573154056},{"country_iso":"TWN","city_id":12709,"log_pop":4.3717718462,"log_mass":6.552910052},{"country_iso":"TWN","city_id":12709,"log_pop":3.9414071942,"log_mass":6.1605650734},{"country_iso":"TWN","city_id":12709,"log_pop":3.9434992067,"log_mass":6.2418845626},{"country_iso":"TWN","city_id":12709,"log_pop":4.4348829494,"log_mass":6.5994549147},{"country_iso":"TWN","city_id":12709,"log_pop":3.4601024907,"log_mass":6.0890808598},{"country_iso":"TWN","city_id":12709,"log_pop":3.8317554014,"log_mass":6.1071183188},{"country_iso":"TWN","city_id":12709,"log_pop":4.6165171533,"log_mass":6.6520639186},{"country_iso":"TWN","city_id":12709,"log_pop":4.1443914134,"log_mass":6.684381736},{"country_iso":"TWN","city_id":12709,"log_pop":3.2043974702,"log_mass":5.8049908848},{"country_iso":"TWN","city_id":12709,"log_pop":4.1171315437,"log_mass":6.7557856612},{"country_iso":"TWN","city_id":12709,"log_pop":3.9307944443,"log_mass":6.505970529},{"country_iso":"TWN","city_id":12709,"log_pop":4.1433693438,"log_mass":6.5164570105},{"country_iso":"TWN","city_id":12709,"log_pop":3.7845952763,"log_mass":6.1642684196},{"country_iso":"TWN","city_id":12709,"log_pop":4.1209566851,"log_mass":6.7066585587},{"country_iso":"TWN","city_id":12709,"log_pop":4.0081025313,"log_mass":6.4657363737},{"country_iso":"TWN","city_id":12709,"log_pop":3.6483668826,"log_mass":6.3501441707},{"country_iso":"TWN","city_id":12709,"log_pop":4.3478129241,"log_mass":6.489108943},{"country_iso":"TWN","city_id":12709,"log_pop":4.9033800842,"log_mass":6.9052965074},{"country_iso":"TWN","city_id":12709,"log_pop":3.4722733293,"log_mass":5.7379842377},{"country_iso":"TWN","city_id":12709,"log_pop":4.480229992,"log_mass":6.5680228888},{"country_iso":"TWN","city_id":12709,"log_pop":4.1950382439,"log_mass":6.2937298493},{"country_iso":"TWN","city_id":12709,"log_pop":4.8235420208,"log_mass":6.8688594198},{"country_iso":"TWN","city_id":12709,"log_pop":3.611077641,"log_mass":5.8430209564},{"country_iso":"TWN","city_id":12709,"log_pop":4.7570408417,"log_mass":6.621400152},{"country_iso":"TWN","city_id":12709,"log_pop":4.5442865767,"log_mass":6.4557887222},{"country_iso":"TWN","city_id":12709,"log_pop":4.6470091504,"log_mass":6.6100070117},{"country_iso":"TWN","city_id":12709,"log_pop":4.2989042084,"log_mass":6.3350358689},{"country_iso":"TWN","city_id":12709,"log_pop":4.8729348189,"log_mass":6.7628849103},{"country_iso":"TWN","city_id":12709,"log_pop":4.8829199474,"log_mass":6.8375459542},{"country_iso":"TWN","city_id":12709,"log_pop":4.7225370866,"log_mass":6.6562079175},{"country_iso":"TWN","city_id":12709,"log_pop":2.3222479186,"log_mass":4.8472540949},{"country_iso":"TWN","city_id":12709,"log_pop":3.3990731092,"log_mass":5.9615336306},{"country_iso":"TWN","city_id":12709,"log_pop":3.1207209172,"log_mass":5.5776134205},{"country_iso":"TWN","city_id":12709,"log_pop":3.8701056034,"log_mass":6.3494970379},{"country_iso":"TWN","city_id":12709,"log_pop":3.9758783223,"log_mass":6.5115147277},{"country_iso":"TWN","city_id":12709,"log_pop":3.4509516695,"log_mass":5.9244902709},{"country_iso":"TWN","city_id":12709,"log_pop":3.174680815,"log_mass":5.6846970609},{"country_iso":"TWN","city_id":12709,"log_pop":3.8182273496,"log_mass":6.277776026},{"country_iso":"TWN","city_id":12709,"log_pop":3.7628868754,"log_mass":6.3296688635},{"country_iso":"TWN","city_id":12709,"log_pop":2.2847170037,"log_mass":5.1546647146},{"country_iso":"TWN","city_id":12709,"log_pop":3.7212630879,"log_mass":6.2024788003},{"country_iso":"TWN","city_id":12709,"log_pop":3.9888271097,"log_mass":6.3662775855},{"country_iso":"TWN","city_id":12709,"log_pop":4.1460012859,"log_mass":6.3418015479},{"country_iso":"TWN","city_id":12709,"log_pop":3.4926971924,"log_mass":6.0860093065},{"country_iso":"TWN","city_id":12709,"log_pop":3.3258671462,"log_mass":5.9134225062},{"country_iso":"TWN","city_id":12709,"log_pop":3.5577078611,"log_mass":6.2411101318},{"country_iso":"TWN","city_id":12709,"log_pop":3.8096834588,"log_mass":6.3391601603},{"country_iso":"TWN","city_id":12709,"log_pop":3.577710784,"log_mass":6.1545904831},{"country_iso":"TWN","city_id":12709,"log_pop":3.6355576221,"log_mass":6.2303592542},{"country_iso":"TWN","city_id":12709,"log_pop":2.6631368229,"log_mass":5.3973226643},{"country_iso":"TWN","city_id":12709,"log_pop":2.2023503862,"log_mass":4.8413710416},{"country_iso":"TWN","city_id":12709,"log_pop":3.4701555704,"log_mass":5.9779617056},{"country_iso":"TWN","city_id":12709,"log_pop":3.7731714932,"log_mass":6.2759982929},{"country_iso":"TWN","city_id":12709,"log_pop":3.2412994742,"log_mass":5.9897986534},{"country_iso":"TWN","city_id":12709,"log_pop":3.6993974934,"log_mass":6.0733366895},{"country_iso":"TWN","city_id":12709,"log_pop":3.4776291346,"log_mass":5.9234726689},{"country_iso":"TWN","city_id":12709,"log_pop":4.3440564723,"log_mass":6.6749566618},{"country_iso":"TWN","city_id":12709,"log_pop":3.1749110066,"log_mass":5.6544914897},{"country_iso":"TWN","city_id":12709,"log_pop":2.5882855938,"log_mass":5.2775420844},{"country_iso":"TWN","city_id":12709,"log_pop":3.6186836261,"log_mass":6.2299490736},{"country_iso":"TWN","city_id":12709,"log_pop":3.6554617049,"log_mass":6.1134753813},{"country_iso":"TWN","city_id":12709,"log_pop":3.3895735968,"log_mass":5.8673265853},{"country_iso":"TWN","city_id":12709,"log_pop":3.4024145528,"log_mass":6.0417818032},{"country_iso":"TWN","city_id":12709,"log_pop":3.6184563225,"log_mass":6.1679688324},{"country_iso":"TWN","city_id":12709,"log_pop":3.621368157,"log_mass":6.0998308134},{"country_iso":"TWN","city_id":12709,"log_pop":3.839982662,"log_mass":6.217202705},{"country_iso":"TWN","city_id":12709,"log_pop":2.358190226,"log_mass":4.8037975828},{"country_iso":"TWN","city_id":12709,"log_pop":1.711989655,"log_mass":4.575911173},{"country_iso":"TWN","city_id":12709,"log_pop":1.8194763076,"log_mass":4.5299244219},{"country_iso":"TWN","city_id":12709,"log_pop":3.279835702,"log_mass":5.9350680267},{"country_iso":"TWN","city_id":12709,"log_pop":2.6284820521,"log_mass":5.0371109983},{"country_iso":"TWN","city_id":12709,"log_pop":4.524788381,"log_mass":6.5865041879},{"country_iso":"TWN","city_id":12709,"log_pop":4.4352405118,"log_mass":6.4514586293},{"country_iso":"TWN","city_id":12709,"log_pop":3.8481378722,"log_mass":6.0704015438},{"country_iso":"TWN","city_id":12709,"log_pop":3.0948493085,"log_mass":5.8877810196},{"country_iso":"TWN","city_id":12709,"log_pop":2.1633793475,"log_mass":5.2641609155},{"country_iso":"TWN","city_id":12709,"log_pop":3.8805827983,"log_mass":6.2834826405},{"country_iso":"TWN","city_id":12709,"log_pop":3.3543284867,"log_mass":5.7342573396},{"country_iso":"TWN","city_id":12709,"log_pop":3.3742482636,"log_mass":5.8373119116},{"country_iso":"TWN","city_id":12709,"log_pop":3.9794469842,"log_mass":6.3499899729},{"country_iso":"TWN","city_id":12709,"log_pop":3.5707767414,"log_mass":6.0914724743},{"country_iso":"TWN","city_id":12709,"log_pop":3.7810133766,"log_mass":6.0764662964},{"country_iso":"TWN","city_id":12709,"log_pop":4.1935162694,"log_mass":6.6091110963},{"country_iso":"TWN","city_id":12709,"log_pop":3.7050403273,"log_mass":6.363240286},{"country_iso":"TWN","city_id":12709,"log_pop":3.5819150683,"log_mass":6.1042589682},{"country_iso":"TWN","city_id":12709,"log_pop":3.5533759358,"log_mass":6.0183539513},{"country_iso":"TWN","city_id":12709,"log_pop":1.649610225,"log_mass":4.4738810051},{"country_iso":"TWN","city_id":12693,"log_pop":3.0146855729,"log_mass":5.4824784591},{"country_iso":"TWN","city_id":12693,"log_pop":3.9825901458,"log_mass":6.3223609571},{"country_iso":"TWN","city_id":12693,"log_pop":3.6297459,"log_mass":6.008251625},{"country_iso":"TWN","city_id":12693,"log_pop":4.3236539757,"log_mass":6.5716984336},{"country_iso":"TWN","city_id":12693,"log_pop":2.9920094852,"log_mass":5.6157870406},{"country_iso":"TWN","city_id":12693,"log_pop":2.6477876187,"log_mass":5.4828713181},{"country_iso":"TWN","city_id":12693,"log_pop":2.8748265906,"log_mass":5.5633801455},{"country_iso":"TWN","city_id":12693,"log_pop":4.1891831222,"log_mass":6.490944729},{"country_iso":"TWN","city_id":12693,"log_pop":3.5880713215,"log_mass":6.0589088924},{"country_iso":"TWN","city_id":12693,"log_pop":1.7869469351,"log_mass":4.8014393624},{"country_iso":"TWN","city_id":12693,"log_pop":4.0303249561,"log_mass":6.2828013858},{"country_iso":"TWN","city_id":12693,"log_pop":2.6453010906,"log_mass":5.1161427251},{"country_iso":"TWN","city_id":12693,"log_pop":4.371432576,"log_mass":6.5706758841},{"country_iso":"TWN","city_id":12693,"log_pop":4.3034425807,"log_mass":6.5782949224},{"country_iso":"TWN","city_id":12693,"log_pop":4.3452501684,"log_mass":6.509176731},{"country_iso":"TWN","city_id":12693,"log_pop":2.1900642583,"log_mass":5.0971421757},{"country_iso":"TWN","city_id":12693,"log_pop":3.2844896322,"log_mass":5.8634109247},{"country_iso":"TWN","city_id":12693,"log_pop":2.7866352567,"log_mass":5.7421024163},{"country_iso":"TWN","city_id":12693,"log_pop":3.545334315,"log_mass":6.1356562078},{"country_iso":"TWN","city_id":12693,"log_pop":3.8298223302,"log_mass":6.3606378643},{"country_iso":"TWN","city_id":12693,"log_pop":3.580040358,"log_mass":6.168377389},{"country_iso":"TWN","city_id":12693,"log_pop":4.0868143876,"log_mass":6.515971733},{"country_iso":"TWN","city_id":12693,"log_pop":4.5338752897,"log_mass":6.5737360672},{"country_iso":"TWN","city_id":12693,"log_pop":2.2051844416,"log_mass":4.8806859305},{"country_iso":"TWN","city_id":12693,"log_pop":3.5544576101,"log_mass":6.1323334621},{"country_iso":"TWN","city_id":12693,"log_pop":1.6454052049,"log_mass":4.5935957927},{"country_iso":"TWN","city_id":12693,"log_pop":3.2778822435,"log_mass":5.8929837706},{"country_iso":"TWN","city_id":12693,"log_pop":3.4890026234,"log_mass":5.9900296955},{"country_iso":"TWN","city_id":12693,"log_pop":2.3889473264,"log_mass":5.0934662794},{"country_iso":"TWN","city_id":12693,"log_pop":0.3267010754,"log_mass":4.3798681555},{"country_iso":"TWN","city_id":12693,"log_pop":4.3063608359,"log_mass":6.3244085363},{"country_iso":"TWN","city_id":12693,"log_pop":3.0577772264,"log_mass":5.6293355624},{"country_iso":"TWN","city_id":12693,"log_pop":4.2763424105,"log_mass":6.5696927773},{"country_iso":"TWN","city_id":12693,"log_pop":3.3942003099,"log_mass":5.9082091073},{"country_iso":"TWN","city_id":12693,"log_pop":4.0456328942,"log_mass":6.3462233481},{"country_iso":"TWN","city_id":12693,"log_pop":3.0992243776,"log_mass":5.6236416257},{"country_iso":"TWN","city_id":12693,"log_pop":4.6547663093,"log_mass":6.5860030395},{"country_iso":"TWN","city_id":12693,"log_pop":4.1979367554,"log_mass":6.4247681565},{"country_iso":"TWN","city_id":12693,"log_pop":4.4997730988,"log_mass":6.5042653263},{"country_iso":"TWN","city_id":12693,"log_pop":4.1933408107,"log_mass":6.4913490036},{"country_iso":"TWN","city_id":12693,"log_pop":4.9111050061,"log_mass":6.7289295516},{"country_iso":"TWN","city_id":12693,"log_pop":4.6293845764,"log_mass":6.7350532046},{"country_iso":"TWN","city_id":12693,"log_pop":5.0279674535,"log_mass":6.7600781358},{"country_iso":"TWN","city_id":12693,"log_pop":2.1546722833,"log_mass":4.6350728014},{"country_iso":"TWN","city_id":12693,"log_pop":3.1076808839,"log_mass":5.499276341},{"country_iso":"TWN","city_id":12693,"log_pop":3.7148103106,"log_mass":6.0214926013},{"country_iso":"TWN","city_id":12693,"log_pop":4.5289204029,"log_mass":6.5481205969},{"country_iso":"TWN","city_id":12693,"log_pop":3.4521336643,"log_mass":6.1216826188},{"country_iso":"TWN","city_id":12693,"log_pop":3.7896428837,"log_mass":6.1795615281},{"country_iso":"TWN","city_id":12693,"log_pop":3.957728529,"log_mass":6.2383468713},{"country_iso":"TWN","city_id":12693,"log_pop":4.6974567324,"log_mass":6.6064746349},{"country_iso":"TWN","city_id":12693,"log_pop":3.7514482684,"log_mass":6.2719534178},{"country_iso":"TWN","city_id":12693,"log_pop":4.270409332,"log_mass":6.4996627061},{"country_iso":"TWN","city_id":12693,"log_pop":4.4665777993,"log_mass":6.5657181578},{"country_iso":"TWN","city_id":12693,"log_pop":4.1599210958,"log_mass":6.4239266932},{"country_iso":"TWN","city_id":12693,"log_pop":4.5850493955,"log_mass":6.6201417624},{"country_iso":"TWN","city_id":12693,"log_pop":3.9472429824,"log_mass":6.4039564563},{"country_iso":"TWN","city_id":12693,"log_pop":3.8096318361,"log_mass":6.1641362635},{"country_iso":"TWN","city_id":12693,"log_pop":4.2442758048,"log_mass":6.6876686813},{"country_iso":"TWN","city_id":12693,"log_pop":4.5831317943,"log_mass":6.6795472602},{"country_iso":"TWN","city_id":12693,"log_pop":4.2811082068,"log_mass":6.5375326658},{"country_iso":"TWN","city_id":12693,"log_pop":4.83920872,"log_mass":6.8886832929},{"country_iso":"TWN","city_id":12693,"log_pop":4.6090449852,"log_mass":6.7453102786},{"country_iso":"TWN","city_id":12693,"log_pop":4.3097486046,"log_mass":6.5077119076},{"country_iso":"TWN","city_id":12693,"log_pop":4.3236615218,"log_mass":6.4927706758},{"country_iso":"TWN","city_id":12693,"log_pop":4.6859742133,"log_mass":6.8506781422},{"country_iso":"TWN","city_id":12693,"log_pop":2.6317260312,"log_mass":5.0848316447},{"country_iso":"TWN","city_id":12693,"log_pop":4.1066758944,"log_mass":6.2376920383},{"country_iso":"TWN","city_id":12693,"log_pop":3.461628511,"log_mass":5.8472401809},{"country_iso":"TWN","city_id":12693,"log_pop":3.7430968367,"log_mass":6.162307694},{"country_iso":"TWN","city_id":12693,"log_pop":3.8646221317,"log_mass":6.1427726301},{"country_iso":"TWN","city_id":12693,"log_pop":4.7342185629,"log_mass":6.6237577604},{"country_iso":"TWN","city_id":12693,"log_pop":4.8344131206,"log_mass":6.7475392841},{"country_iso":"TWN","city_id":12693,"log_pop":4.4447556265,"log_mass":6.498135174},{"country_iso":"TWN","city_id":12693,"log_pop":4.9142601426,"log_mass":6.68081255},{"country_iso":"TWN","city_id":12693,"log_pop":4.5117985213,"log_mass":6.5049233673},{"country_iso":"TWN","city_id":12693,"log_pop":4.8548428687,"log_mass":6.781979408},{"country_iso":"TWN","city_id":12693,"log_pop":4.1354652642,"log_mass":6.2058218194},{"country_iso":"TWN","city_id":12693,"log_pop":2.1647681831,"log_mass":4.9256591617},{"country_iso":"TWN","city_id":12693,"log_pop":3.5542287276,"log_mass":6.2058197879},{"country_iso":"TWN","city_id":12693,"log_pop":-0.13373862,"log_mass":4.5563915816},{"country_iso":"TWN","city_id":12693,"log_pop":3.718289273,"log_mass":6.4304592442},{"country_iso":"TWN","city_id":12693,"log_pop":3.2853088333,"log_mass":5.8880211983},{"country_iso":"TWN","city_id":12693,"log_pop":4.147336928,"log_mass":6.4809025249},{"country_iso":"TWN","city_id":12693,"log_pop":3.804410245,"log_mass":6.2042646516},{"country_iso":"TWN","city_id":12693,"log_pop":4.1400039311,"log_mass":6.4549920168},{"country_iso":"TWN","city_id":12693,"log_pop":4.0387536264,"log_mass":6.4321257223},{"country_iso":"TWN","city_id":12693,"log_pop":3.6805138094,"log_mass":6.2058613491},{"country_iso":"TWN","city_id":12693,"log_pop":3.7706378489,"log_mass":6.3663033434},{"country_iso":"TWN","city_id":12693,"log_pop":4.0789705816,"log_mass":6.4748294186},{"country_iso":"TWN","city_id":12693,"log_pop":2.784140119,"log_mass":5.3932111145},{"country_iso":"TWN","city_id":12693,"log_pop":4.0814910036,"log_mass":6.4022476318},{"country_iso":"TWN","city_id":12693,"log_pop":3.8240806828,"log_mass":6.2659061644},{"country_iso":"TWN","city_id":12703,"log_pop":4.0843908737,"log_mass":6.5400099878},{"country_iso":"TWN","city_id":12703,"log_pop":3.6861174648,"log_mass":6.2754057212},{"country_iso":"TWN","city_id":12703,"log_pop":4.1247071603,"log_mass":6.5359492195},{"country_iso":"TWN","city_id":12703,"log_pop":4.2685443536,"log_mass":6.5612384916},{"country_iso":"TWN","city_id":12703,"log_pop":3.5485365399,"log_mass":6.0251634229},{"country_iso":"TWN","city_id":12703,"log_pop":3.8704555859,"log_mass":6.3923078947},{"country_iso":"TWN","city_id":12703,"log_pop":3.987456904,"log_mass":6.444843254},{"country_iso":"TWN","city_id":12703,"log_pop":4.212446506,"log_mass":6.5385939502},{"country_iso":"TWN","city_id":12703,"log_pop":2.5862930196,"log_mass":5.2102731418},{"country_iso":"TWN","city_id":12703,"log_pop":4.4638242336,"log_mass":6.7316967928},{"country_iso":"TWN","city_id":12703,"log_pop":3.9317923813,"log_mass":6.3417724754},{"country_iso":"TWN","city_id":12703,"log_pop":2.7504889891,"log_mass":5.3465876084},{"country_iso":"TWN","city_id":12703,"log_pop":1.8898755271,"log_mass":4.748567475},{"country_iso":"TWN","city_id":12703,"log_pop":4.3397753068,"log_mass":6.5713916707},{"country_iso":"TWN","city_id":12703,"log_pop":4.152198192,"log_mass":6.4204027071},{"country_iso":"TWN","city_id":12703,"log_pop":4.5560293999,"log_mass":6.7338395296},{"country_iso":"TWN","city_id":12703,"log_pop":3.8677771247,"log_mass":6.0616881467},{"country_iso":"TWN","city_id":12703,"log_pop":4.6171656181,"log_mass":6.7491911384},{"country_iso":"TWN","city_id":12703,"log_pop":3.4208807189,"log_mass":5.7675129017},{"country_iso":"TWN","city_id":12703,"log_pop":3.4834041988,"log_mass":5.7817558079},{"country_iso":"TWN","city_id":12703,"log_pop":4.6016655089,"log_mass":6.724478592},{"country_iso":"TWN","city_id":12703,"log_pop":4.302642767,"log_mass":6.6296413303},{"country_iso":"TWN","city_id":12703,"log_pop":4.5252160444,"log_mass":6.7345517401},{"country_iso":"TWN","city_id":12703,"log_pop":4.356729191,"log_mass":6.7095238084},{"country_iso":"TWN","city_id":12703,"log_pop":4.6711342557,"log_mass":6.7628508412},{"country_iso":"TWN","city_id":12703,"log_pop":4.3291573183,"log_mass":6.6343940357},{"country_iso":"TWN","city_id":12703,"log_pop":4.7028176708,"log_mass":6.8235462925},{"country_iso":"TWN","city_id":12703,"log_pop":0.9718924333,"log_mass":3.7094898181},{"country_iso":"TWN","city_id":12703,"log_pop":2.8148484524,"log_mass":5.516498792},{"country_iso":"TWN","city_id":12703,"log_pop":2.1882272002,"log_mass":5.1470712189},{"country_iso":"TWN","city_id":12703,"log_pop":3.1057528219,"log_mass":5.9343111044},{"country_iso":"TWN","city_id":12703,"log_pop":3.5964731122,"log_mass":5.9992378334},{"country_iso":"TWN","city_id":12703,"log_pop":1.7961955856,"log_mass":4.6878201732},{"country_iso":"TWN","city_id":12703,"log_pop":2.8380143004,"log_mass":5.4133922074},{"country_iso":"TWN","city_id":12703,"log_pop":3.128848941,"log_mass":5.4873076926},{"country_iso":"TWN","city_id":12703,"log_pop":3.9809834036,"log_mass":6.3028708166},{"country_iso":"TWN","city_id":12703,"log_pop":3.7702959281,"log_mass":5.8934726394},{"country_iso":"TWN","city_id":12703,"log_pop":1.5012932982,"log_mass":4.3416158983},{"country_iso":"TWN","city_id":12703,"log_pop":3.5986314752,"log_mass":6.0866987082},{"country_iso":"TWN","city_id":12703,"log_pop":3.3650325866,"log_mass":5.9724769746},{"country_iso":"TWN","city_id":12703,"log_pop":-0.7245770057,"log_mass":2.3718095958},{"country_iso":"TWN","city_id":12703,"log_pop":3.3814198645,"log_mass":6.0147336951},{"country_iso":"TWN","city_id":12703,"log_pop":3.3000722053,"log_mass":5.9058261154},{"country_iso":"TWN","city_id":12703,"log_pop":3.6148751729,"log_mass":6.2054676484},{"country_iso":"TWN","city_id":12703,"log_pop":3.8301720305,"log_mass":6.1578131029},{"country_iso":"TWN","city_id":12703,"log_pop":2.3560526899,"log_mass":4.6936610478},{"country_iso":"TWN","city_id":12703,"log_pop":2.0756359704,"log_mass":4.842047978},{"country_iso":"TWN","city_id":12703,"log_pop":3.9161325723,"log_mass":6.0831162077},{"country_iso":"TWN","city_id":12703,"log_pop":3.8715076779,"log_mass":6.1678916251},{"country_iso":"TWN","city_id":12703,"log_pop":3.9633202082,"log_mass":6.2207842967},{"country_iso":"TWN","city_id":12703,"log_pop":2.9695232304,"log_mass":5.6800218188},{"country_iso":"TWN","city_id":12703,"log_pop":4.3122516658,"log_mass":6.4488178926},{"country_iso":"TWN","city_id":12703,"log_pop":4.503217189,"log_mass":6.6240592879},{"country_iso":"TWN","city_id":12703,"log_pop":3.0216640877,"log_mass":5.4514101313},{"country_iso":"TWN","city_id":12703,"log_pop":1.752410274,"log_mass":4.8924077944},{"country_iso":"TWN","city_id":12703,"log_pop":3.918946029,"log_mass":6.340923909},{"country_iso":"TWN","city_id":12703,"log_pop":4.1644440029,"log_mass":6.4272039676},{"country_iso":"TWN","city_id":12703,"log_pop":3.2110631408,"log_mass":5.7824881892},{"country_iso":"TWN","city_id":12703,"log_pop":0.9793151738,"log_mass":4.3587447033},{"country_iso":"TWN","city_id":12703,"log_pop":1.0796693743,"log_mass":4.2591595967},{"country_iso":"TWN","city_id":12703,"log_pop":2.6363289326,"log_mass":5.6476032365},{"country_iso":"TWN","city_id":12703,"log_pop":2.6077190099,"log_mass":5.0812443903},{"country_iso":"TWN","city_id":12703,"log_pop":3.7281002229,"log_mass":6.2002195301},{"country_iso":"TWN","city_id":12703,"log_pop":3.8182325052,"log_mass":6.2049196092},{"country_iso":"TWN","city_id":12703,"log_pop":2.991090856,"log_mass":5.5145849269},{"country_iso":"TWN","city_id":12703,"log_pop":4.2149245044,"log_mass":6.4581424515},{"country_iso":"TWN","city_id":12703,"log_pop":3.261672837,"log_mass":5.7788125224},{"country_iso":"TWN","city_id":12703,"log_pop":4.2653128842,"log_mass":6.4963434517},{"country_iso":"TWN","city_id":12703,"log_pop":2.3942323551,"log_mass":5.1661464912},{"country_iso":"TWN","city_id":12703,"log_pop":3.7458466262,"log_mass":6.2959150684},{"country_iso":"TWN","city_id":12703,"log_pop":3.6526047902,"log_mass":6.0669010961},{"country_iso":"TWN","city_id":12703,"log_pop":3.81166038,"log_mass":6.254315106},{"country_iso":"TWN","city_id":12703,"log_pop":2.9941474017,"log_mass":5.6705617007},{"country_iso":"TWN","city_id":12703,"log_pop":4.0803647849,"log_mass":6.5107429295},{"country_iso":"TWN","city_id":12703,"log_pop":3.9983887369,"log_mass":6.4837532733},{"country_iso":"TWN","city_id":12703,"log_pop":3.0572087653,"log_mass":5.7536842287},{"country_iso":"TWN","city_id":12691,"log_pop":4.1298884996,"log_mass":6.5251796593},{"country_iso":"TWN","city_id":12691,"log_pop":4.4122995335,"log_mass":6.6749927794},{"country_iso":"TWN","city_id":12691,"log_pop":2.9915720844,"log_mass":5.7656010859},{"country_iso":"TWN","city_id":12691,"log_pop":3.7418164542,"log_mass":6.3086273393},{"country_iso":"TWN","city_id":12691,"log_pop":4.2465483909,"log_mass":6.4489036218},{"country_iso":"TWN","city_id":12691,"log_pop":4.2555344849,"log_mass":6.5525541239},{"country_iso":"TWN","city_id":12691,"log_pop":3.5757898757,"log_mass":6.0059736843},{"country_iso":"TWN","city_id":12691,"log_pop":3.8652418532,"log_mass":6.1470284807},{"country_iso":"TWN","city_id":12691,"log_pop":1.4008577648,"log_mass":4.1366563529},{"country_iso":"TWN","city_id":12691,"log_pop":2.2797313856,"log_mass":4.9232149101},{"country_iso":"TWN","city_id":12691,"log_pop":3.4365034679,"log_mass":5.8266339409},{"country_iso":"TWN","city_id":12691,"log_pop":3.4998814922,"log_mass":5.9228090351},{"country_iso":"TWN","city_id":12691,"log_pop":0.2901568136,"log_mass":3.2377247192},{"country_iso":"TWN","city_id":12691,"log_pop":4.1094313625,"log_mass":6.4118664595},{"country_iso":"TWN","city_id":12691,"log_pop":2.6528346141,"log_mass":5.4224253993},{"country_iso":"TWN","city_id":12691,"log_pop":4.2685882219,"log_mass":6.3820934449},{"country_iso":"TWN","city_id":12691,"log_pop":4.0142890421,"log_mass":6.3168315821},{"country_iso":"TWN","city_id":12691,"log_pop":4.7743614705,"log_mass":6.7905518351},{"country_iso":"TWN","city_id":12691,"log_pop":4.5243684731,"log_mass":6.7525811939},{"country_iso":"TWN","city_id":12691,"log_pop":3.4754581693,"log_mass":5.9371629709},{"country_iso":"TWN","city_id":12691,"log_pop":3.4153500384,"log_mass":5.9147980738},{"country_iso":"TWN","city_id":12691,"log_pop":3.7206303601,"log_mass":6.1089300443},{"country_iso":"TWN","city_id":12691,"log_pop":4.1928143327,"log_mass":6.511768763},{"country_iso":"TWN","city_id":12691,"log_pop":1.8224301917,"log_mass":4.7785611643},{"country_iso":"TWN","city_id":12691,"log_pop":3.96151798,"log_mass":6.3751652931},{"country_iso":"TWN","city_id":12691,"log_pop":3.9229194452,"log_mass":6.2275678842},{"country_iso":"TWN","city_id":12691,"log_pop":4.3817276142,"log_mass":6.7611620835},{"country_iso":"TWN","city_id":12691,"log_pop":2.9384056619,"log_mass":5.5817443765},{"country_iso":"TWN","city_id":12691,"log_pop":4.0482113118,"log_mass":6.4439703008},{"country_iso":"TWN","city_id":12691,"log_pop":3.535812885,"log_mass":5.9420107379},{"country_iso":"TWN","city_id":12691,"log_pop":4.0125544277,"log_mass":6.1701365171},{"country_iso":"TWN","city_id":12691,"log_pop":2.6480569643,"log_mass":5.238261166},{"country_iso":"TWN","city_id":12691,"log_pop":2.6636984572,"log_mass":5.2236763992},{"country_iso":"TWN","city_id":12691,"log_pop":3.6876581876,"log_mass":5.9761681425},{"country_iso":"TWN","city_id":12691,"log_pop":4.2586174684,"log_mass":6.5172968363},{"country_iso":"TWN","city_id":12691,"log_pop":3.2527972074,"log_mass":5.7072273333},{"country_iso":"TWN","city_id":12691,"log_pop":2.1289937804,"log_mass":5.1175204366},{"country_iso":"TWN","city_id":12691,"log_pop":1.2461875777,"log_mass":4.2252447111},{"country_iso":"TWN","city_id":12691,"log_pop":3.1935239063,"log_mass":5.8387096229},{"country_iso":"TWN","city_id":12691,"log_pop":3.1887331881,"log_mass":5.8645141352},{"country_iso":"TWN","city_id":12691,"log_pop":2.3952373025,"log_mass":5.0914846384},{"country_iso":"TWN","city_id":12691,"log_pop":3.9809152478,"log_mass":6.2997486539},{"country_iso":"TWN","city_id":12691,"log_pop":1.0194924882,"log_mass":4.0958463979},{"country_iso":"TWN","city_id":12691,"log_pop":3.8147545601,"log_mass":6.1268241727},{"country_iso":"TWN","city_id":12691,"log_pop":3.3027032546,"log_mass":5.6256329973},{"country_iso":"TWN","city_id":12691,"log_pop":3.5038494754,"log_mass":5.9379072776},{"country_iso":"TWN","city_id":12691,"log_pop":3.839154703,"log_mass":6.230143525},{"country_iso":"TWN","city_id":12691,"log_pop":3.5729062427,"log_mass":6.0298195457},{"country_iso":"TWN","city_id":12691,"log_pop":1.5547243424,"log_mass":4.5247129928},{"country_iso":"TWN","city_id":12691,"log_pop":4.2966074328,"log_mass":6.5998786134},{"country_iso":"TWN","city_id":12691,"log_pop":3.9740072463,"log_mass":6.3630849174},{"country_iso":"TWN","city_id":12691,"log_pop":3.8862983801,"log_mass":6.2790776899},{"country_iso":"TWN","city_id":12691,"log_pop":4.0198465224,"log_mass":6.4049715527},{"country_iso":"TWN","city_id":12691,"log_pop":2.8641436276,"log_mass":5.2830586816},{"country_iso":"TWN","city_id":12691,"log_pop":3.2596469555,"log_mass":5.8040103413},{"country_iso":"TWN","city_id":12691,"log_pop":3.7201530606,"log_mass":6.2026968971},{"country_iso":"TWN","city_id":12691,"log_pop":1.9455015058,"log_mass":4.5121127858},{"country_iso":"TWN","city_id":12691,"log_pop":3.4716293502,"log_mass":5.9996974358},{"country_iso":"TWN","city_id":12691,"log_pop":2.7837330232,"log_mass":5.5540032476},{"country_iso":"TWN","city_id":12691,"log_pop":2.9224873749,"log_mass":5.6364288248},{"country_iso":"TWN","city_id":12691,"log_pop":3.0569014682,"log_mass":5.2871171374},{"country_iso":"TWN","city_id":12691,"log_pop":3.3911350409,"log_mass":5.6192692513},{"country_iso":"TWN","city_id":12691,"log_pop":3.4300169882,"log_mass":5.7955532798},{"country_iso":"TWN","city_id":12689,"log_pop":3.3072821092,"log_mass":5.8981636504},{"country_iso":"TWN","city_id":12689,"log_pop":0.6930301906,"log_mass":4.4609255824},{"country_iso":"TWN","city_id":12689,"log_pop":2.8947431164,"log_mass":5.5511169251},{"country_iso":"TWN","city_id":12689,"log_pop":3.6205139206,"log_mass":6.1646332246},{"country_iso":"TWN","city_id":12689,"log_pop":0.6128167669,"log_mass":3.3472416713},{"country_iso":"TWN","city_id":12689,"log_pop":3.2298305025,"log_mass":5.806882833},{"country_iso":"TWN","city_id":12689,"log_pop":1.9257099354,"log_mass":4.9397621161},{"country_iso":"TWN","city_id":12689,"log_pop":4.5000754957,"log_mass":6.6832274067},{"country_iso":"TWN","city_id":12689,"log_pop":4.1365921893,"log_mass":6.445677248},{"country_iso":"TWN","city_id":12689,"log_pop":4.5669766584,"log_mass":6.6460638925},{"country_iso":"TWN","city_id":12689,"log_pop":3.416475515,"log_mass":5.7867281341},{"country_iso":"TWN","city_id":12689,"log_pop":3.9984662987,"log_mass":6.478867073},{"country_iso":"TWN","city_id":12689,"log_pop":3.305381914,"log_mass":5.8461909169},{"country_iso":"TWN","city_id":12689,"log_pop":4.3913246486,"log_mass":6.4504783869},{"country_iso":"TWN","city_id":12689,"log_pop":2.6958613621,"log_mass":5.3748920352},{"country_iso":"TWN","city_id":12689,"log_pop":3.580558791,"log_mass":5.9702607431},{"country_iso":"TWN","city_id":12689,"log_pop":3.6915854953,"log_mass":6.0893778366},{"country_iso":"TWN","city_id":12689,"log_pop":3.7631373953,"log_mass":6.0912424877},{"country_iso":"TWN","city_id":12689,"log_pop":2.8467932888,"log_mass":5.4962257848},{"country_iso":"TWN","city_id":12689,"log_pop":3.1255168047,"log_mass":5.7905153281},{"country_iso":"TWN","city_id":12689,"log_pop":3.7343786687,"log_mass":6.0774260339},{"country_iso":"TWN","city_id":12689,"log_pop":4.3007942694,"log_mass":6.5141472126},{"country_iso":"TWN","city_id":12689,"log_pop":3.5482181834,"log_mass":6.0291390517},{"country_iso":"TWN","city_id":12689,"log_pop":2.5147849975,"log_mass":5.109185482},{"country_iso":"TWN","city_id":12689,"log_pop":2.4797427469,"log_mass":5.3081900579},{"country_iso":"TWN","city_id":12689,"log_pop":2.9732123247,"log_mass":5.6844794526},{"country_iso":"TWN","city_id":12689,"log_pop":3.4388116778,"log_mass":6.0350343138},{"country_iso":"TWN","city_id":12689,"log_pop":2.1143038879,"log_mass":4.9715535798},{"country_iso":"TWN","city_id":12689,"log_pop":3.4394497651,"log_mass":6.042971499},{"country_iso":"TWN","city_id":12689,"log_pop":2.5270911734,"log_mass":5.5806622183},{"country_iso":"TWN","city_id":12689,"log_pop":1.9934150216,"log_mass":4.8036700162},{"country_iso":"TWN","city_id":12689,"log_pop":3.5320291058,"log_mass":6.0653636567},{"country_iso":"TWN","city_id":12689,"log_pop":2.5134567704,"log_mass":5.2543795919},{"country_iso":"TWN","city_id":12689,"log_pop":3.1209321127,"log_mass":5.6552533053},{"country_iso":"TWN","city_id":12689,"log_pop":3.3559496735,"log_mass":5.9216544703},{"country_iso":"TWN","city_id":12689,"log_pop":3.7771072998,"log_mass":6.261000064},{"country_iso":"TWN","city_id":12689,"log_pop":3.8934039696,"log_mass":6.3732818},{"country_iso":"TWN","city_id":12689,"log_pop":2.9434760884,"log_mass":5.6939908846},{"country_iso":"TWN","city_id":12689,"log_pop":3.6546500094,"log_mass":6.1885420719},{"country_iso":"TWN","city_id":12689,"log_pop":3.3629154945,"log_mass":5.9557483902},{"country_iso":"TWN","city_id":12689,"log_pop":4.1548331974,"log_mass":6.5011050757},{"country_iso":"TWN","city_id":12689,"log_pop":3.4325733434,"log_mass":6.0429448431},{"country_iso":"TWN","city_id":12689,"log_pop":0.548996562,"log_mass":4.4524594411},{"country_iso":"TWN","city_id":12689,"log_pop":0.2789670331,"log_mass":3.055601615},{"country_iso":"TWN","city_id":12689,"log_pop":3.4757898502,"log_mass":6.0144048273},{"country_iso":"TWN","city_id":12689,"log_pop":2.4329942373,"log_mass":5.1508457629},{"country_iso":"TWN","city_id":12689,"log_pop":-1.9707274827,"log_mass":3.7965692277},{"country_iso":"TWN","city_id":12689,"log_pop":3.1065109966,"log_mass":5.7174866223},{"country_iso":"TWN","city_id":12689,"log_pop":3.197424402,"log_mass":5.7821168613},{"country_iso":"TWN","city_id":12689,"log_pop":4.3035472268,"log_mass":6.6031684726},{"country_iso":"TWN","city_id":12689,"log_pop":3.0347664815,"log_mass":5.7588075473},{"country_iso":"TWN","city_id":12689,"log_pop":3.534711849,"log_mass":6.0798053895},{"country_iso":"TWN","city_id":12697,"log_pop":2.6270882018,"log_mass":5.3006629784},{"country_iso":"TWN","city_id":12697,"log_pop":2.8077635133,"log_mass":5.6089403805},{"country_iso":"TWN","city_id":12697,"log_pop":3.0636913553,"log_mass":5.818585776},{"country_iso":"TWN","city_id":12697,"log_pop":3.903367569,"log_mass":6.3559657842},{"country_iso":"TWN","city_id":12697,"log_pop":2.9164139009,"log_mass":5.5548821101},{"country_iso":"TWN","city_id":12697,"log_pop":2.2125247634,"log_mass":5.1883748811},{"country_iso":"TWN","city_id":12697,"log_pop":3.6357500076,"log_mass":6.3047150015},{"country_iso":"TWN","city_id":12697,"log_pop":3.1627622522,"log_mass":5.6827985147},{"country_iso":"TWN","city_id":12697,"log_pop":3.3506567237,"log_mass":5.992887454},{"country_iso":"TWN","city_id":12697,"log_pop":3.6486790598,"log_mass":6.2662173325},{"country_iso":"TWN","city_id":12697,"log_pop":3.5345367627,"log_mass":6.189627574},{"country_iso":"TWN","city_id":12697,"log_pop":1.1198945919,"log_mass":3.7194667384},{"country_iso":"TWN","city_id":12697,"log_pop":3.3562297176,"log_mass":5.8902293679},{"country_iso":"TWN","city_id":12697,"log_pop":3.7493458133,"log_mass":6.1311427748},{"country_iso":"TWN","city_id":12697,"log_pop":3.2382363202,"log_mass":5.8194092437},{"country_iso":"TWN","city_id":12697,"log_pop":1.678213302,"log_mass":4.6806330212},{"country_iso":"TWN","city_id":12697,"log_pop":2.9900830539,"log_mass":5.868095314},{"country_iso":"TWN","city_id":12697,"log_pop":3.3076510891,"log_mass":5.8446985334},{"country_iso":"TWN","city_id":12697,"log_pop":3.0559219396,"log_mass":5.8284891545},{"country_iso":"TWN","city_id":12697,"log_pop":2.8580419044,"log_mass":5.491292325},{"country_iso":"TWN","city_id":12697,"log_pop":3.5276859236,"log_mass":5.9845423086},{"country_iso":"TWN","city_id":12697,"log_pop":3.3675188823,"log_mass":5.9436935035},{"country_iso":"TWN","city_id":12697,"log_pop":3.2323818924,"log_mass":5.8753796217},{"country_iso":"TWN","city_id":12697,"log_pop":1.4671422231,"log_mass":4.1274109376},{"country_iso":"TWN","city_id":12697,"log_pop":1.6933725773,"log_mass":4.4155498244},{"country_iso":"TWN","city_id":12697,"log_pop":4.0758139604,"log_mass":6.5086956871},{"country_iso":"TWN","city_id":12697,"log_pop":4.140651308,"log_mass":6.5273309013},{"country_iso":"TWN","city_id":12697,"log_pop":3.8673266368,"log_mass":6.3352653197},{"country_iso":"TWN","city_id":12697,"log_pop":3.549889523,"log_mass":6.0968736312},{"country_iso":"TWN","city_id":12697,"log_pop":3.6448069449,"log_mass":6.0472082511},{"country_iso":"TWN","city_id":12697,"log_pop":4.3114978476,"log_mass":6.6553803885},{"country_iso":"TWN","city_id":12697,"log_pop":2.9873465228,"log_mass":5.864856723},{"country_iso":"TWN","city_id":12697,"log_pop":-0.510707713,"log_mass":2.4804180489},{"country_iso":"TWN","city_id":12697,"log_pop":3.6456105608,"log_mass":6.1082010022},{"country_iso":"TWN","city_id":12697,"log_pop":2.7988460999,"log_mass":5.4769246575},{"country_iso":"TWN","city_id":12702,"log_pop":2.0242830525,"log_mass":5.0635870022},{"country_iso":"TWN","city_id":12702,"log_pop":3.1951914272,"log_mass":5.8244526553},{"country_iso":"TWN","city_id":12702,"log_pop":3.7632846644,"log_mass":5.7095545156},{"country_iso":"TWN","city_id":12702,"log_pop":1.8419334263,"log_mass":5.0670301098},{"country_iso":"TWN","city_id":12702,"log_pop":2.1741358573,"log_mass":4.8856676593},{"country_iso":"TWN","city_id":12702,"log_pop":4.1518797856,"log_mass":6.5320227601},{"country_iso":"TWN","city_id":12702,"log_pop":4.667740727,"log_mass":6.7327810723},{"country_iso":"TWN","city_id":12702,"log_pop":3.2764446866,"log_mass":5.9786039627},{"country_iso":"TWN","city_id":12702,"log_pop":4.0117043013,"log_mass":6.3326009443},{"country_iso":"TWN","city_id":12702,"log_pop":3.0840055674,"log_mass":5.7350190256},{"country_iso":"TWN","city_id":12702,"log_pop":4.1179771024,"log_mass":6.461625324},{"country_iso":"TWN","city_id":12702,"log_pop":2.2550286646,"log_mass":5.2904640395},{"country_iso":"TWN","city_id":12702,"log_pop":2.5466592896,"log_mass":5.2563200688},{"country_iso":"TWN","city_id":12702,"log_pop":3.5055588864,"log_mass":6.0036834525},{"country_iso":"TWN","city_id":12702,"log_pop":1.0123248361,"log_mass":4.0842800364},{"country_iso":"TWN","city_id":12702,"log_pop":3.1289952375,"log_mass":5.7336544012},{"country_iso":"TWN","city_id":12702,"log_pop":1.5451851733,"log_mass":4.2495620957},{"country_iso":"TWN","city_id":12702,"log_pop":1.7674719442,"log_mass":5.1477235533},{"country_iso":"TWN","city_id":12702,"log_pop":2.8637280549,"log_mass":5.4744411909},{"country_iso":"TWN","city_id":12702,"log_pop":0.6505105795,"log_mass":3.8215172074},{"country_iso":"TWN","city_id":12702,"log_pop":3.4167153313,"log_mass":5.610773714},{"country_iso":"TWN","city_id":12702,"log_pop":3.777573404,"log_mass":6.0487307551},{"country_iso":"TWN","city_id":12702,"log_pop":2.7453411626,"log_mass":5.2251311707},{"country_iso":"TWN","city_id":12702,"log_pop":4.6620723194,"log_mass":6.3664588118},{"country_iso":"TWN","city_id":12702,"log_pop":3.4742480795,"log_mass":5.8370944485},{"country_iso":"TWN","city_id":12702,"log_pop":4.6481019366,"log_mass":6.5878710082},{"country_iso":"TWN","city_id":12702,"log_pop":3.9033600121,"log_mass":6.2746172111},{"country_iso":"TWN","city_id":12702,"log_pop":-0.4767591143,"log_mass":2.7677963046},{"country_iso":"TWN","city_id":12702,"log_pop":4.4521645416,"log_mass":6.4939412227},{"country_iso":"TWN","city_id":12702,"log_pop":3.3958303582,"log_mass":5.6383025055},{"country_iso":"TWN","city_id":12702,"log_pop":3.6574212231,"log_mass":6.2198034761},{"country_iso":"TWN","city_id":12702,"log_pop":2.8674010604,"log_mass":5.4665470347},{"country_iso":"TWN","city_id":12702,"log_pop":3.8281179709,"log_mass":6.1943339989},{"country_iso":"TWN","city_id":12702,"log_pop":1.4932633281,"log_mass":4.0654328336},{"country_iso":"TWN","city_id":12699,"log_pop":3.7836311253,"log_mass":6.1012843055},{"country_iso":"TWN","city_id":12699,"log_pop":3.3608724727,"log_mass":5.8792743192},{"country_iso":"TWN","city_id":12699,"log_pop":4.0297099158,"log_mass":6.4264187245},{"country_iso":"TWN","city_id":12699,"log_pop":3.6348033978,"log_mass":5.9460146407},{"country_iso":"TWN","city_id":12699,"log_pop":3.1941116649,"log_mass":5.6480162078},{"country_iso":"TWN","city_id":12699,"log_pop":3.8417969744,"log_mass":6.1668884954},{"country_iso":"TWN","city_id":12699,"log_pop":3.7133532877,"log_mass":6.1214277185},{"country_iso":"TWN","city_id":12699,"log_pop":1.8685098299,"log_mass":4.5098479719},{"country_iso":"TWN","city_id":12699,"log_pop":2.4570888242,"log_mass":5.1572323758},{"country_iso":"TWN","city_id":12699,"log_pop":1.911947846,"log_mass":4.7269372204},{"country_iso":"TWN","city_id":12699,"log_pop":4.159906225,"log_mass":6.4515208639},{"country_iso":"TWN","city_id":12699,"log_pop":2.8152455285,"log_mass":5.4140263128},{"country_iso":"TWN","city_id":12699,"log_pop":0.4052924838,"log_mass":4.6837614872},{"country_iso":"TWN","city_id":12699,"log_pop":2.9299830626,"log_mass":5.6282532969},{"country_iso":"TWN","city_id":12699,"log_pop":3.5562250745,"log_mass":6.0797430655},{"country_iso":"TWN","city_id":12699,"log_pop":2.9774096858,"log_mass":5.4187938265},{"country_iso":"TWN","city_id":12699,"log_pop":3.4355648647,"log_mass":5.9032271557},{"country_iso":"TWN","city_id":12699,"log_pop":2.3029801073,"log_mass":4.9507119202},{"country_iso":"TWN","city_id":12699,"log_pop":2.9680838282,"log_mass":5.4908863071},{"country_iso":"TWN","city_id":12699,"log_pop":1.4119348426,"log_mass":4.4256807106},{"country_iso":"TWN","city_id":12699,"log_pop":2.5113149288,"log_mass":5.3301758196},{"country_iso":"TWN","city_id":12699,"log_pop":2.0190317079,"log_mass":5.1104780621},{"country_iso":"TWN","city_id":12699,"log_pop":2.8765302811,"log_mass":5.5588737861},{"country_iso":"TWN","city_id":12699,"log_pop":4.1538745989,"log_mass":6.4293081249},{"country_iso":"TWN","city_id":12687,"log_pop":2.5476235139,"log_mass":5.3523703806},{"country_iso":"TWN","city_id":12687,"log_pop":0.9607420523,"log_mass":3.8909614474},{"country_iso":"TWN","city_id":12687,"log_pop":3.4332245343,"log_mass":6.072260236},{"country_iso":"TWN","city_id":12687,"log_pop":2.0738728068,"log_mass":4.7723082235},{"country_iso":"TWN","city_id":12687,"log_pop":3.9286819196,"log_mass":6.2530538822},{"country_iso":"TWN","city_id":12687,"log_pop":2.9557371896,"log_mass":5.7138172747},{"country_iso":"TWN","city_id":12687,"log_pop":3.3777750436,"log_mass":6.0502764918},{"country_iso":"TWN","city_id":12687,"log_pop":2.2342156418,"log_mass":4.707040131},{"country_iso":"TWN","city_id":12687,"log_pop":2.8870087184,"log_mass":5.5929080591},{"country_iso":"TWN","city_id":12687,"log_pop":3.8550051316,"log_mass":6.3436756644},{"country_iso":"TWN","city_id":12687,"log_pop":3.9548727027,"log_mass":6.3223897499},{"country_iso":"TWN","city_id":12687,"log_pop":3.6628446356,"log_mass":6.1631353424},{"country_iso":"TWN","city_id":12687,"log_pop":3.1833328924,"log_mass":5.9016991227},{"country_iso":"TWN","city_id":12687,"log_pop":2.7515068766,"log_mass":5.711698373},{"country_iso":"TWN","city_id":12687,"log_pop":3.9724435299,"log_mass":6.4268764091},{"country_iso":"TWN","city_id":12687,"log_pop":3.5807639008,"log_mass":6.1590239362},{"country_iso":"TWN","city_id":12687,"log_pop":2.5664960094,"log_mass":4.9811835669},{"country_iso":"TWN","city_id":12687,"log_pop":3.4740916794,"log_mass":6.0537354699},{"country_iso":"TWN","city_id":12687,"log_pop":4.2446007327,"log_mass":6.5426709999},{"country_iso":"TWN","city_id":12687,"log_pop":2.8840375524,"log_mass":5.7888128852},{"country_iso":"TWN","city_id":12687,"log_pop":3.6076457511,"log_mass":6.0950075859},{"country_iso":"TWN","city_id":12687,"log_pop":4.0491122362,"log_mass":6.4681871433},{"country_iso":"TWN","city_id":12687,"log_pop":3.9632171676,"log_mass":6.2701053765},{"country_iso":"TWN","city_id":12687,"log_pop":4.0195844995,"log_mass":6.4728745655},{"country_iso":"TWN","city_id":12721,"log_pop":2.0489205237,"log_mass":4.8586945357},{"country_iso":"TWN","city_id":12721,"log_pop":3.7107782502,"log_mass":6.246571794},{"country_iso":"TWN","city_id":12721,"log_pop":1.0760538683,"log_mass":3.9810802818},{"country_iso":"TWN","city_id":12721,"log_pop":3.7085999264,"log_mass":6.2610299323},{"country_iso":"TWN","city_id":12721,"log_pop":0.8563255144,"log_mass":3.6148905985},{"country_iso":"TWN","city_id":12721,"log_pop":2.2975657049,"log_mass":5.3175402543},{"country_iso":"TWN","city_id":12721,"log_pop":3.9598973513,"log_mass":6.2639287559},{"country_iso":"TWN","city_id":12721,"log_pop":3.1702785546,"log_mass":5.6869011981},{"country_iso":"TWN","city_id":12721,"log_pop":3.2127412702,"log_mass":5.6725503374},{"country_iso":"TWN","city_id":12721,"log_pop":2.8912073371,"log_mass":5.4177275854},{"country_iso":"TWN","city_id":12721,"log_pop":1.4540374891,"log_mass":4.0502063171},{"country_iso":"TWN","city_id":12721,"log_pop":3.9502737641,"log_mass":6.3431425127},{"country_iso":"TWN","city_id":12721,"log_pop":3.8144452488,"log_mass":6.243340377},{"country_iso":"TWN","city_id":12721,"log_pop":4.1513452548,"log_mass":6.4557306306},{"country_iso":"TWN","city_id":12721,"log_pop":4.324586386,"log_mass":6.6358238325},{"country_iso":"TWN","city_id":12721,"log_pop":1.2932993714,"log_mass":4.1079218178},{"country_iso":"TWN","city_id":12721,"log_pop":1.6057744013,"log_mass":4.5229921709},{"country_iso":"TWN","city_id":12721,"log_pop":3.6015064396,"log_mass":5.9554572474},{"country_iso":"TWN","city_id":12721,"log_pop":2.8796465927,"log_mass":5.6496288231},{"country_iso":"TWN","city_id":12721,"log_pop":2.9214709505,"log_mass":5.6274230172},{"country_iso":"TWN","city_id":12721,"log_pop":3.1557775359,"log_mass":5.5474560916},{"country_iso":"TWN","city_id":12714,"log_pop":2.7766778924,"log_mass":4.9334993269},{"country_iso":"TWN","city_id":12714,"log_pop":2.8068455317,"log_mass":5.2542386962},{"country_iso":"TWN","city_id":12714,"log_pop":4.0782598692,"log_mass":6.3356021998},{"country_iso":"TWN","city_id":12714,"log_pop":4.4644205246,"log_mass":6.5613670075},{"country_iso":"TWN","city_id":12714,"log_pop":3.0159603716,"log_mass":5.7699451758},{"country_iso":"TWN","city_id":12714,"log_pop":1.0979707292,"log_mass":3.9819956257},{"country_iso":"TWN","city_id":12714,"log_pop":3.2371266122,"log_mass":5.836046365},{"country_iso":"TWN","city_id":12714,"log_pop":3.3513746038,"log_mass":5.9235864088},{"country_iso":"TWN","city_id":12714,"log_pop":2.0580105235,"log_mass":4.770220302},{"country_iso":"TWN","city_id":12714,"log_pop":2.6790657032,"log_mass":5.3305290592},{"country_iso":"TWN","city_id":12714,"log_pop":0.67226255,"log_mass":3.6104660443},{"country_iso":"TWN","city_id":12714,"log_pop":1.9216338354,"log_mass":4.8154415102},{"country_iso":"TWN","city_id":12714,"log_pop":3.5694159227,"log_mass":6.118102105},{"country_iso":"TWN","city_id":12714,"log_pop":3.9128175792,"log_mass":6.2558187839},{"country_iso":"TWN","city_id":12714,"log_pop":3.2917308208,"log_mass":5.9383980679},{"country_iso":"TWN","city_id":12714,"log_pop":3.7695209937,"log_mass":6.090683061},{"country_iso":"TWN","city_id":12714,"log_pop":3.0766248006,"log_mass":5.5895140727},{"country_iso":"TWN","city_id":12714,"log_pop":2.7495484378,"log_mass":5.45101223},{"country_iso":"TWN","city_id":12714,"log_pop":4.5013245617,"log_mass":6.7325597679},{"country_iso":"TWN","city_id":12714,"log_pop":4.2370442499,"log_mass":6.5363268452},{"country_iso":"TWN","city_id":12714,"log_pop":3.8482308037,"log_mass":6.2697090853},{"country_iso":"TWN","city_id":12701,"log_pop":1.5498169867,"log_mass":4.7485069912},{"country_iso":"TWN","city_id":12701,"log_pop":3.4044096653,"log_mass":5.9727926481},{"country_iso":"TWN","city_id":12701,"log_pop":3.5466726987,"log_mass":6.2404775753},{"country_iso":"TWN","city_id":12701,"log_pop":2.8052973632,"log_mass":5.4368179532},{"country_iso":"TWN","city_id":12701,"log_pop":2.7996615515,"log_mass":5.4054523487},{"country_iso":"TWN","city_id":12701,"log_pop":3.4359918846,"log_mass":5.7102158357},{"country_iso":"TWN","city_id":12701,"log_pop":2.1943226037,"log_mass":4.7956981384},{"country_iso":"TWN","city_id":12701,"log_pop":4.0654492287,"log_mass":6.4169070379},{"country_iso":"TWN","city_id":12701,"log_pop":4.019129317,"log_mass":6.3681266124},{"country_iso":"TWN","city_id":12701,"log_pop":2.6704900945,"log_mass":5.3881165503},{"country_iso":"TWN","city_id":12701,"log_pop":3.5231664997,"log_mass":5.8197635787},{"country_iso":"TWN","city_id":12701,"log_pop":3.2179178283,"log_mass":5.6439373785},{"country_iso":"TWN","city_id":12701,"log_pop":3.9855181612,"log_mass":6.2415528272},{"country_iso":"TWN","city_id":12701,"log_pop":1.6366627701,"log_mass":4.3030319128},{"country_iso":"TWN","city_id":12701,"log_pop":2.8850145191,"log_mass":5.1601825897},{"country_iso":"TWN","city_id":12701,"log_pop":3.1684626183,"log_mass":5.6046289359},{"country_iso":"TWN","city_id":12701,"log_pop":1.7954566889,"log_mass":4.2908374183},{"country_iso":"TWN","city_id":12701,"log_pop":2.6741811905,"log_mass":5.0374940177},{"country_iso":"TWN","city_id":12692,"log_pop":0.30005521,"log_mass":3.6997505451},{"country_iso":"TWN","city_id":12692,"log_pop":4.1963431625,"log_mass":6.3581713309},{"country_iso":"TWN","city_id":12692,"log_pop":1.8091683684,"log_mass":4.2332840718},{"country_iso":"TWN","city_id":12692,"log_pop":4.0687064259,"log_mass":6.5048873142},{"country_iso":"TWN","city_id":12692,"log_pop":3.7792499049,"log_mass":6.1240804824},{"country_iso":"TWN","city_id":12692,"log_pop":4.4675858314,"log_mass":6.5790687432},{"country_iso":"TWN","city_id":12692,"log_pop":0.7887657539,"log_mass":3.5102941894},{"country_iso":"TWN","city_id":12692,"log_pop":2.9894615455,"log_mass":5.7404179944},{"country_iso":"TWN","city_id":12692,"log_pop":3.4755187479,"log_mass":5.8334644562},{"country_iso":"TWN","city_id":12692,"log_pop":3.4866158691,"log_mass":6.0722795304},{"country_iso":"TWN","city_id":12692,"log_pop":3.728300614,"log_mass":6.3386928058},{"country_iso":"TWN","city_id":12692,"log_pop":1.5542869532,"log_mass":4.332188818},{"country_iso":"TWN","city_id":12692,"log_pop":3.8136300957,"log_mass":6.2018098559},{"country_iso":"TWN","city_id":12692,"log_pop":4.2593335026,"log_mass":6.6527390807},{"country_iso":"TWN","city_id":12692,"log_pop":2.8382456243,"log_mass":5.3299491286},{"country_iso":"TWN","city_id":12692,"log_pop":4.0484222598,"log_mass":6.4224223406},{"country_iso":"TWN","city_id":12692,"log_pop":3.2619531994,"log_mass":5.8461751097},{"country_iso":"TWN","city_id":12694,"log_pop":2.5004498226,"log_mass":5.0080685541},{"country_iso":"TWN","city_id":12694,"log_pop":2.105333223,"log_mass":4.6087056731},{"country_iso":"TWN","city_id":12694,"log_pop":3.509729524,"log_mass":6.1345942328},{"country_iso":"TWN","city_id":12694,"log_pop":2.437369445,"log_mass":4.8875045385},{"country_iso":"TWN","city_id":12694,"log_pop":2.9012526326,"log_mass":5.4482147949},{"country_iso":"TWN","city_id":12694,"log_pop":2.9447067408,"log_mass":5.4169490009},{"country_iso":"TWN","city_id":12694,"log_pop":1.5396649257,"log_mass":4.3797605854},{"country_iso":"TWN","city_id":12694,"log_pop":4.0645323111,"log_mass":6.233078199},{"country_iso":"TWN","city_id":12694,"log_pop":2.9475371568,"log_mass":5.603148522},{"country_iso":"TWN","city_id":12694,"log_pop":2.8965188627,"log_mass":5.4419586558},{"country_iso":"TWN","city_id":12694,"log_pop":3.4238312551,"log_mass":5.8358310818},{"country_iso":"TWN","city_id":12694,"log_pop":4.1984251679,"log_mass":6.3996231092},{"country_iso":"TWN","city_id":12694,"log_pop":3.6812485701,"log_mass":6.0524485724},{"country_iso":"TWN","city_id":12694,"log_pop":-0.3665864593,"log_mass":3.8879448284},{"country_iso":"TWN","city_id":12694,"log_pop":4.1552296302,"log_mass":6.3673498546},{"country_iso":"TWN","city_id":12695,"log_pop":3.3584333161,"log_mass":5.9078414297},{"country_iso":"TWN","city_id":12695,"log_pop":3.0966804961,"log_mass":5.8126708584},{"country_iso":"TWN","city_id":12695,"log_pop":2.4494509139,"log_mass":5.2318934762},{"country_iso":"TWN","city_id":12695,"log_pop":4.1373311822,"log_mass":6.5466138946},{"country_iso":"TWN","city_id":12695,"log_pop":2.3502564957,"log_mass":5.1273509908},{"country_iso":"TWN","city_id":12695,"log_pop":3.2235560743,"log_mass":5.7527784074},{"country_iso":"TWN","city_id":12695,"log_pop":0.5751076129,"log_mass":3.493630783},{"country_iso":"TWN","city_id":12695,"log_pop":2.1146055866,"log_mass":4.9130538265},{"country_iso":"TWN","city_id":12695,"log_pop":3.2835470809,"log_mass":5.6838426959},{"country_iso":"TWN","city_id":12695,"log_pop":-0.2516838898,"log_mass":2.5906573237},{"country_iso":"TWN","city_id":12695,"log_pop":3.1155514897,"log_mass":5.7725269038},{"country_iso":"TWN","city_id":12695,"log_pop":2.6299146041,"log_mass":5.489819654},{"country_iso":"TWN","city_id":12695,"log_pop":3.2791421197,"log_mass":5.6292225271},{"country_iso":"TWN","city_id":12695,"log_pop":0.3565144906,"log_mass":3.4023615884},{"country_iso":"TWN","city_id":12717,"log_pop":0.1681802854,"log_mass":3.1433486289},{"country_iso":"TWN","city_id":12717,"log_pop":3.763086334,"log_mass":6.1127524995},{"country_iso":"TWN","city_id":12717,"log_pop":3.1489362424,"log_mass":5.7179784605},{"country_iso":"TWN","city_id":12717,"log_pop":3.69395381,"log_mass":5.997649386},{"country_iso":"TWN","city_id":12717,"log_pop":2.4185224066,"log_mass":5.2219832288},{"country_iso":"TWN","city_id":12717,"log_pop":1.3844077078,"log_mass":3.9908413323},{"country_iso":"TWN","city_id":12717,"log_pop":4.2747557028,"log_mass":6.4953736351},{"country_iso":"TWN","city_id":12717,"log_pop":2.7886103744,"log_mass":5.4759733522},{"country_iso":"TWN","city_id":12717,"log_pop":4.1417888862,"log_mass":6.3098540916},{"country_iso":"TWN","city_id":12717,"log_pop":1.7239353406,"log_mass":3.9565194379},{"country_iso":"TWN","city_id":12717,"log_pop":2.661693165,"log_mass":5.0778689105},{"country_iso":"TWN","city_id":12718,"log_pop":2.7387653729,"log_mass":5.4683683702},{"country_iso":"TWN","city_id":12718,"log_pop":3.192664751,"log_mass":5.48864531},{"country_iso":"TWN","city_id":12718,"log_pop":3.4643208031,"log_mass":5.8666851294},{"country_iso":"TWN","city_id":12718,"log_pop":3.0072553132,"log_mass":5.5922918398},{"country_iso":"TWN","city_id":12718,"log_pop":3.4755039136,"log_mass":6.1045235243},{"country_iso":"TWN","city_id":12718,"log_pop":3.4676001975,"log_mass":5.9411807745},{"country_iso":"TWN","city_id":12718,"log_pop":3.5029061633,"log_mass":5.7941885552},{"country_iso":"TWN","city_id":12718,"log_pop":3.537633254,"log_mass":5.7256788873},{"country_iso":"TWN","city_id":12718,"log_pop":4.4930450271,"log_mass":6.6456926571},{"country_iso":"TWN","city_id":12718,"log_pop":1.9362719778,"log_mass":4.3947201372},{"country_iso":"TWN","city_id":12700,"log_pop":2.063231323,"log_mass":4.8534965283},{"country_iso":"TWN","city_id":12700,"log_pop":4.0817952684,"log_mass":6.4246976409},{"country_iso":"TWN","city_id":12700,"log_pop":3.9969092295,"log_mass":6.3867679007},{"country_iso":"TWN","city_id":12700,"log_pop":2.3170451024,"log_mass":4.964429498},{"country_iso":"TWN","city_id":12700,"log_pop":2.8653345483,"log_mass":5.4276825654},{"country_iso":"TWN","city_id":12700,"log_pop":3.3631626183,"log_mass":5.8653404047},{"country_iso":"TWN","city_id":12700,"log_pop":3.6886364246,"log_mass":6.2071564812},{"country_iso":"TWN","city_id":12700,"log_pop":3.8274533441,"log_mass":6.1202655093},{"country_iso":"TWN","city_id":12700,"log_pop":2.3464224735,"log_mass":5.013548789},{"country_iso":"TWN","city_id":12724,"log_pop":2.9774717727,"log_mass":5.4519468775},{"country_iso":"TWN","city_id":12724,"log_pop":0.9710246804,"log_mass":4.1846638921},{"country_iso":"TWN","city_id":12724,"log_pop":4.160069779,"log_mass":6.436282687},{"country_iso":"TWN","city_id":12724,"log_pop":3.9277521311,"log_mass":6.2949946603},{"country_iso":"TWN","city_id":12724,"log_pop":3.7139932691,"log_mass":5.958636237},{"country_iso":"TWN","city_id":12724,"log_pop":2.8870902224,"log_mass":5.4466875114},{"country_iso":"TWN","city_id":12724,"log_pop":3.5453443129,"log_mass":6.0558646279},{"country_iso":"TWN","city_id":12724,"log_pop":1.7814300796,"log_mass":4.3984280584},{"country_iso":"TWN","city_id":12698,"log_pop":2.8947847762,"log_mass":5.2048694691},{"country_iso":"TWN","city_id":12698,"log_pop":4.2300901732,"log_mass":6.4435492702},{"country_iso":"TWN","city_id":12698,"log_pop":3.6151800965,"log_mass":5.8336489824},{"country_iso":"TWN","city_id":12698,"log_pop":1.1340209563,"log_mass":4.1111839756},{"country_iso":"TWN","city_id":12698,"log_pop":3.0857548098,"log_mass":5.5039205714},{"country_iso":"TWN","city_id":12698,"log_pop":2.2450002005,"log_mass":4.9505261032}]