[{"country_iso":"OMN","city_id":5958,"log_pop":3.2743752264,"log_mass":6.1129398352},{"country_iso":"OMN","city_id":5958,"log_pop":3.5856945798,"log_mass":6.351622039},{"country_iso":"OMN","city_id":5958,"log_pop":1.8613551123,"log_mass":4.810163514},{"country_iso":"OMN","city_id":5958,"log_pop":3.1787233648,"log_mass":5.9517350897},{"country_iso":"OMN","city_id":5958,"log_pop":3.2149494263,"log_mass":6.0759293542},{"country_iso":"OMN","city_id":5958,"log_pop":2.0755422619,"log_mass":4.7337883796},{"country_iso":"OMN","city_id":5958,"log_pop":3.3026634359,"log_mass":6.0705603763},{"country_iso":"OMN","city_id":5958,"log_pop":2.9021661371,"log_mass":5.5930953057},{"country_iso":"OMN","city_id":5958,"log_pop":3.2881682493,"log_mass":5.8664429342},{"country_iso":"OMN","city_id":5958,"log_pop":3.5425508429,"log_mass":6.4074916733},{"country_iso":"OMN","city_id":5958,"log_pop":3.5860521503,"log_mass":6.4548397117},{"country_iso":"OMN","city_id":5958,"log_pop":3.2613792306,"log_mass":6.2089922283},{"country_iso":"OMN","city_id":5958,"log_pop":3.5919199951,"log_mass":6.4955007137},{"country_iso":"OMN","city_id":5958,"log_pop":3.2315600179,"log_mass":5.9742230825},{"country_iso":"OMN","city_id":5958,"log_pop":3.5310827238,"log_mass":6.3466106802},{"country_iso":"OMN","city_id":5958,"log_pop":2.8133678599,"log_mass":5.6983125948},{"country_iso":"OMN","city_id":5958,"log_pop":1.7473424286,"log_mass":4.398990423},{"country_iso":"OMN","city_id":5958,"log_pop":3.0391983951,"log_mass":5.9345899485},{"country_iso":"OMN","city_id":5958,"log_pop":3.3576430176,"log_mass":6.1886655118},{"country_iso":"OMN","city_id":5958,"log_pop":3.1438057079,"log_mass":5.9402347914},{"country_iso":"OMN","city_id":5958,"log_pop":2.5875932055,"log_mass":5.2696116845},{"country_iso":"OMN","city_id":5958,"log_pop":2.9368510491,"log_mass":5.7141900667},{"country_iso":"OMN","city_id":5958,"log_pop":3.2749048178,"log_mass":5.975796545},{"country_iso":"OMN","city_id":5958,"log_pop":2.8219593958,"log_mass":5.5534105496},{"country_iso":"OMN","city_id":5958,"log_pop":3.4555211281,"log_mass":6.1637954902},{"country_iso":"OMN","city_id":5958,"log_pop":3.2005972521,"log_mass":5.8538170137},{"country_iso":"OMN","city_id":5958,"log_pop":3.4986214567,"log_mass":6.298085823},{"country_iso":"OMN","city_id":5958,"log_pop":1.2155683893,"log_mass":3.9430177195},{"country_iso":"OMN","city_id":5958,"log_pop":3.3099039765,"log_mass":6.2384630552},{"country_iso":"OMN","city_id":5958,"log_pop":3.1158945548,"log_mass":5.9772108343},{"country_iso":"OMN","city_id":5958,"log_pop":2.1062423342,"log_mass":4.7150094088},{"country_iso":"OMN","city_id":5958,"log_pop":3.2588701174,"log_mass":5.9653239336},{"country_iso":"OMN","city_id":5958,"log_pop":2.4248849667,"log_mass":5.063709177},{"country_iso":"OMN","city_id":5958,"log_pop":2.327481003,"log_mass":4.9950671541},{"country_iso":"OMN","city_id":5963,"log_pop":3.2195824151,"log_mass":5.7945275963},{"country_iso":"OMN","city_id":5963,"log_pop":0.9985141088,"log_mass":4.5373812614},{"country_iso":"OMN","city_id":5963,"log_pop":3.5033404381,"log_mass":6.1448477442},{"country_iso":"OMN","city_id":5963,"log_pop":3.3486129022,"log_mass":5.8375809142},{"country_iso":"OMN","city_id":5963,"log_pop":0.620068228,"log_mass":4.3922024898},{"country_iso":"OMN","city_id":5963,"log_pop":2.8952892314,"log_mass":5.5207720715},{"country_iso":"OMN","city_id":5963,"log_pop":2.3381740284,"log_mass":4.5747532962},{"country_iso":"OMN","city_id":5963,"log_pop":3.2988699091,"log_mass":6.118038379},{"country_iso":"OMN","city_id":5963,"log_pop":3.1936491312,"log_mass":5.7797995735},{"country_iso":"OMN","city_id":5963,"log_pop":3.2597747738,"log_mass":5.9870924552},{"country_iso":"OMN","city_id":5963,"log_pop":3.6392418451,"log_mass":6.3929477372},{"country_iso":"OMN","city_id":5963,"log_pop":3.5832215885,"log_mass":6.2845642431},{"country_iso":"OMN","city_id":5963,"log_pop":3.4293667814,"log_mass":6.2259675378},{"country_iso":"OMN","city_id":5963,"log_pop":3.4859650624,"log_mass":6.3518240504},{"country_iso":"OMN","city_id":5963,"log_pop":3.4712651323,"log_mass":6.2061327224},{"country_iso":"OMN","city_id":5963,"log_pop":2.9007048224,"log_mass":5.5614910858},{"country_iso":"OMN","city_id":5963,"log_pop":0.8069250119,"log_mass":3.7837884926},{"country_iso":"OMN","city_id":5963,"log_pop":3.2626118594,"log_mass":6.0799676063},{"country_iso":"OMN","city_id":5963,"log_pop":2.2926193227,"log_mass":5.0053508535},{"country_iso":"OMN","city_id":5963,"log_pop":3.3749713258,"log_mass":6.168198809},{"country_iso":"OMN","city_id":5963,"log_pop":2.5467313926,"log_mass":5.2333760739},{"country_iso":"OMN","city_id":5963,"log_pop":3.3197111111,"log_mass":6.0950343911},{"country_iso":"OMN","city_id":5963,"log_pop":3.4601196808,"log_mass":6.334638602},{"country_iso":"OMN","city_id":5963,"log_pop":3.4750331089,"log_mass":6.2883320334},{"country_iso":"OMN","city_id":5963,"log_pop":2.2399661775,"log_mass":4.7552542162},{"country_iso":"OMN","city_id":5943,"log_pop":2.7200397132,"log_mass":5.763468571},{"country_iso":"OMN","city_id":5943,"log_pop":2.6912107084,"log_mass":5.6932634954},{"country_iso":"OMN","city_id":5943,"log_pop":2.9332488661,"log_mass":6.0843508097},{"country_iso":"OMN","city_id":5943,"log_pop":2.8477338326,"log_mass":5.8706656416},{"country_iso":"OMN","city_id":5943,"log_pop":2.3163267829,"log_mass":5.2410157592},{"country_iso":"OMN","city_id":5943,"log_pop":2.5670096486,"log_mass":5.624052683},{"country_iso":"OMN","city_id":5943,"log_pop":2.9357547616,"log_mass":5.9177163868},{"country_iso":"OMN","city_id":5943,"log_pop":2.8172087839,"log_mass":5.7760248621},{"country_iso":"OMN","city_id":5943,"log_pop":2.3235325723,"log_mass":5.4209266284},{"country_iso":"OMN","city_id":5943,"log_pop":0.7930037955,"log_mass":3.7690244384},{"country_iso":"OMN","city_id":5943,"log_pop":1.4353245623,"log_mass":4.5731858366},{"country_iso":"OMN","city_id":5943,"log_pop":0.8269279423,"log_mass":3.6528482455},{"country_iso":"OMN","city_id":5943,"log_pop":1.9241316394,"log_mass":4.6224224712},{"country_iso":"OMN","city_id":5943,"log_pop":1.3733560619,"log_mass":4.4667239685},{"country_iso":"OMN","city_id":5943,"log_pop":2.1388573584,"log_mass":4.9301549305},{"country_iso":"OMN","city_id":5943,"log_pop":2.5882149184,"log_mass":5.5451174987},{"country_iso":"OMN","city_id":5966,"log_pop":2.7385437945,"log_mass":5.5094103413},{"country_iso":"OMN","city_id":5966,"log_pop":2.5897342354,"log_mass":5.3060951097},{"country_iso":"OMN","city_id":5966,"log_pop":1.404530721,"log_mass":4.2148702835},{"country_iso":"OMN","city_id":5966,"log_pop":2.3486212595,"log_mass":4.9745825462},{"country_iso":"OMN","city_id":5966,"log_pop":3.0886468148,"log_mass":5.8496034323},{"country_iso":"OMN","city_id":5966,"log_pop":3.4260505663,"log_mass":6.1344134758},{"country_iso":"OMN","city_id":5966,"log_pop":3.116319164,"log_mass":5.8603127782},{"country_iso":"OMN","city_id":5966,"log_pop":1.7425043326,"log_mass":4.2366553148},{"country_iso":"OMN","city_id":5966,"log_pop":3.3319124554,"log_mass":6.0516024314},{"country_iso":"OMN","city_id":5966,"log_pop":1.9828249239,"log_mass":4.520488352},{"country_iso":"OMN","city_id":5966,"log_pop":3.3284223062,"log_mass":5.9033459726},{"country_iso":"OMN","city_id":5966,"log_pop":1.9520023182,"log_mass":3.979434146},{"country_iso":"OMN","city_id":5966,"log_pop":1.869036191,"log_mass":5.1898982895},{"country_iso":"OMN","city_id":5944,"log_pop":0.7943388822,"log_mass":4.1833619146},{"country_iso":"OMN","city_id":5944,"log_pop":2.042920547,"log_mass":5.3035178695},{"country_iso":"OMN","city_id":5944,"log_pop":1.150583453,"log_mass":4.52496351},{"country_iso":"OMN","city_id":5944,"log_pop":2.6096663102,"log_mass":6.1170607127},{"country_iso":"OMN","city_id":5944,"log_pop":2.4009200795,"log_mass":5.7888661719},{"country_iso":"OMN","city_id":5944,"log_pop":1.2634705204,"log_mass":4.4407505078},{"country_iso":"OMN","city_id":5944,"log_pop":0.022219488,"log_mass":3.6451557101},{"country_iso":"OMN","city_id":5944,"log_pop":1.8096217252,"log_mass":5.2094756103},{"country_iso":"OMN","city_id":5944,"log_pop":1.4035039799,"log_mass":4.9464260758},{"country_iso":"OMN","city_id":5944,"log_pop":2.5301567121,"log_mass":5.996358958},{"country_iso":"OMN","city_id":5944,"log_pop":2.1990140797,"log_mass":5.5848732302},{"country_iso":"OMN","city_id":5944,"log_pop":0.3323449004,"log_mass":3.5573626459},{"country_iso":"OMN","city_id":5955,"log_pop":0.5068567406,"log_mass":3.7889630359},{"country_iso":"OMN","city_id":5955,"log_pop":1.9953828947,"log_mass":5.4130351387},{"country_iso":"OMN","city_id":5955,"log_pop":1.7943370571,"log_mass":4.9708786398},{"country_iso":"OMN","city_id":5955,"log_pop":1.570281368,"log_mass":5.1734670335},{"country_iso":"OMN","city_id":5955,"log_pop":1.7194809377,"log_mass":5.4257477091},{"country_iso":"OMN","city_id":5955,"log_pop":1.103211638,"log_mass":4.6704652951},{"country_iso":"OMN","city_id":5955,"log_pop":1.4565980962,"log_mass":4.5095152276},{"country_iso":"OMN","city_id":5955,"log_pop":1.2453217969,"log_mass":4.0765949071},{"country_iso":"OMN","city_id":5955,"log_pop":0.7296005283,"log_mass":3.7842244528},{"country_iso":"OMN","city_id":5965,"log_pop":2.036980776,"log_mass":5.0795594834},{"country_iso":"OMN","city_id":5965,"log_pop":1.576473381,"log_mass":4.9281240518},{"country_iso":"OMN","city_id":5965,"log_pop":1.9799067006,"log_mass":5.4594650373},{"country_iso":"OMN","city_id":5965,"log_pop":0.6595511488,"log_mass":4.4788369754},{"country_iso":"OMN","city_id":5965,"log_pop":1.632025675,"log_mass":5.3086586709},{"country_iso":"OMN","city_id":5965,"log_pop":1.2523177419,"log_mass":5.062156058}]