[{"country_iso": "MYS", "city_id": 10964, "log_pop": 4.219766, "log_mass": 6.569809}, {"country_iso": "MYS", "city_id": 11139, "log_pop": 4.136015, "log_mass": 6.438685}, {"country_iso": "MYS", "city_id": 10964, "log_pop": 2.762671, "log_mass": 5.022861}, {"country_iso": "MYS", "city_id": 12732, "log_pop": 4.30825, "log_mass": 6.437004}, {"country_iso": "MYS", "city_id": 11074, "log_pop": 4.406178, "log_mass": 6.581529}, {"country_iso": "MYS", "city_id": 11139, "log_pop": 4.224403, "log_mass": 6.633294}, {"country_iso": "MYS", "city_id": 12598, "log_pop": 2.318999, "log_mass": 5.306604}, {"country_iso": "MYS", "city_id": 11074, "log_pop": 4.224317, "log_mass": 6.475612}, {"country_iso": "MYS", "city_id": 10964, "log_pop": 3.76829, "log_mass": 5.995811}, {"country_iso": "MYS", "city_id": 11019, "log_pop": 3.959373, "log_mass": 6.197987}, {"country_iso": "MYS", "city_id": 11216, "log_pop": 4.018146, "log_mass": 6.351879}, {"country_iso": "MYS", "city_id": 11139, "log_pop": 4.377592, "log_mass": 6.470154}, {"country_iso": "MYS", "city_id": 12454, "log_pop": 2.362259, "log_mass": 4.901934}, {"country_iso": "MYS", "city_id": 11216, "log_pop": 4.153974, "log_mass": 6.476885}, {"country_iso": "MYS", "city_id": 10956, "log_pop": 4.195808, "log_mass": 6.438848}, {"country_iso": "MYS", "city_id": 11139, "log_pop": 3.82265, "log_mass": 6.203861}, {"country_iso": "MYS", "city_id": 12598, "log_pop": 1.799804, "log_mass": 4.43186}, {"country_iso": "MYS", "city_id": 11139, "log_pop": 4.58774, "log_mass": 6.638879}, {"country_iso": "MYS", "city_id": 10943, "log_pop": 2.311693, "log_mass": 4.872315}, {"country_iso": "MYS", "city_id": 10940, "log_pop": 4.523018, "log_mass": 6.65367}, {"country_iso": "MYS", "city_id": 11139, "log_pop": 4.481125, "log_mass": 6.635226}, {"country_iso": "MYS", "city_id": 11139, "log_pop": 4.507635, "log_mass": 6.591632}, {"country_iso": "MYS", "city_id": 11074, "log_pop": 3.8795, "log_mass": 6.165404}, {"country_iso": "MYS", "city_id": 11216, "log_pop": 4.304568, "log_mass": 6.625042}, {"country_iso": "MYS", "city_id": 11139, "log_pop": 3.260634, "log_mass": 5.795278}, {"country_iso": "MYS", "city_id": 11143, "log_pop": 3.638389, "log_mass": 6.155076}, {"country_iso": "MYS", "city_id": 11496, "log_pop": 3.619626, "log_mass": 5.91212}, {"country_iso": "MYS", "city_id": 11139, "log_pop": 4.112147, "log_mass": 6.399591}, {"country_iso": "MYS", "city_id": 11420, "log_pop": 4.151988, "log_mass": 6.484581}, {"country_iso": "MYS", "city_id": 11139, "log_pop": 3.910142, "log_mass": 5.848242}, {"country_iso": "MYS", "city_id": 10956, "log_pop": 3.913522, "log_mass": 6.372187}, {"country_iso": "MYS", "city_id": 11139, "log_pop": 3.528214, "log_mass": 5.760648}, {"country_iso": "MYS", "city_id": 11139, "log_pop": 4.44328, "log_mass": 6.780898}, {"country_iso": "MYS", "city_id": 12793, "log_pop": 3.626259, "log_mass": 5.788703}, {"country_iso": "MYS", "city_id": 12791, "log_pop": 4.227605, "log_mass": 6.430766}, {"country_iso": "MYS", "city_id": 11139, "log_pop": 4.581148, "log_mass": 6.722981}, {"country_iso": "MYS", "city_id": 11139, "log_pop": 4.093668, "log_mass": 6.442643}, {"country_iso": "MYS", "city_id": 11019, "log_pop": 2.623197, "log_mass": 5.007681}, {"country_iso": "MYS", "city_id": 12454, "log_pop": 4.113385, "log_mass": 6.46334}, {"country_iso": "MYS", "city_id": 11266, "log_pop": 4.118527, "log_mass": 6.371984}, {"country_iso": "MYS", "city_id": 11139, "log_pop": 4.122891, "log_mass": 6.268099}, {"country_iso": "MYS", "city_id": 11139, "log_pop": 3.624655, "log_mass": 6.354135}, {"country_iso": "MYS", "city_id": 11216, "log_pop": 3.315316, "log_mass": 5.957009}, {"country_iso": "MYS", "city_id": 11139, "log_pop": 3.584188, "log_mass": 6.467254}, {"country_iso": "MYS", "city_id": 12454, "log_pop": 1.880633, "log_mass": 4.555234}, {"country_iso": "MYS", "city_id": 11139, "log_pop": 2.505117, "log_mass": 4.897964}, {"country_iso": "MYS", "city_id": 11266, "log_pop": 3.249863, "log_mass": 5.825519}, {"country_iso": "MYS", "city_id": 10943, "log_pop": 4.171896, "log_mass": 6.497433}, {"country_iso": "MYS", "city_id": 11074, "log_pop": 3.181826, "log_mass": 5.59486}, {"country_iso": "MYS", "city_id": 12454, "log_pop": 2.024858, "log_mass": 4.617227}, {"country_iso": "MYS", "city_id": 11220, "log_pop": 3.451412, "log_mass": 5.77272}, {"country_iso": "MYS", "city_id": 11139, "log_pop": 4.721741, "log_mass": 6.564128}, {"country_iso": "MYS", "city_id": 11139, "log_pop": 3.946416, "log_mass": 6.416298}, {"country_iso": "MYS", "city_id": 11216, "log_pop": 3.958808, "log_mass": 6.306176}, {"country_iso": "MYS", "city_id": 12791, "log_pop": 3.935378, "log_mass": 6.301457}, {"country_iso": "MYS", "city_id": 12454, "log_pop": 3.753753, "log_mass": 6.03732}, {"country_iso": "MYS", "city_id": 10943, "log_pop": 3.610721, "log_mass": 5.974381}, {"country_iso": "MYS", "city_id": 11216, "log_pop": 3.129254, "log_mass": 5.846991}, {"country_iso": "MYS", "city_id": 11139, "log_pop": 3.59448, "log_mass": 5.744204}, {"country_iso": "MYS", "city_id": 12791, "log_pop": 3.851229, "log_mass": 6.049341}, {"country_iso": "MYS", "city_id": 11139, "log_pop": 3.651744, "log_mass": 6.384489}, {"country_iso": "MYS", "city_id": 12793, "log_pop": 3.608335, "log_mass": 5.92905}, {"country_iso": "MYS", "city_id": 10940, "log_pop": 2.711889, "log_mass": 5.053708}, {"country_iso": "MYS", "city_id": 10982, "log_pop": 3.970115, "log_mass": 6.381345}, {"country_iso": "MYS", "city_id": 10940, "log_pop": 4.677958, "log_mass": 6.739465}, {"country_iso": "MYS", "city_id": 11074, "log_pop": 4.158895, "log_mass": 6.458982}, {"country_iso": "MYS", "city_id": 11266, "log_pop": 1.092399, "log_mass": 3.527341}, {"country_iso": "MYS", "city_id": 12732, "log_pop": 4.028962, "log_mass": 6.273317}, {"country_iso": "MYS", "city_id": 12732, "log_pop": 3.207389, "log_mass": 5.689236}, {"country_iso": "MYS", "city_id": 12454, "log_pop": 3.454006, "log_mass": 5.934833}, {"country_iso": "MYS", "city_id": 12791, "log_pop": 1.894648, "log_mass": 4.968566}, {"country_iso": "MYS", "city_id": 11220, "log_pop": 3.60098, "log_mass": 6.006983}, {"country_iso": "MYS", "city_id": 11139, "log_pop": 2.990989, "log_mass": 5.425379}, {"country_iso": "MYS", "city_id": 11139, "log_pop": 3.742802, "log_mass": 6.191452}, {"country_iso": "MYS", "city_id": 12791, "log_pop": 3.605122, "log_mass": 5.968973}, {"country_iso": "MYS", "city_id": 11074, "log_pop": 3.940872, "log_mass": 6.261309}, {"country_iso": "MYS", "city_id": 12598, "log_pop": 3.326087, "log_mass": 5.641887}, {"country_iso": "MYS", "city_id": 10956, "log_pop": 4.086535, "log_mass": 6.361904}, {"country_iso": "MYS", "city_id": 11139, "log_pop": 4.127584, "log_mass": 6.309923}, {"country_iso": "MYS", "city_id": 11139, "log_pop": 4.406796, "log_mass": 6.499476}, {"country_iso": "MYS", "city_id": 11139, "log_pop": 4.083516, "log_mass": 6.336433}, {"country_iso": "MYS", "city_id": 12454, "log_pop": 3.777208, "log_mass": 6.163074}, {"country_iso": "MYS", "city_id": 11019, "log_pop": 4.091407, "log_mass": 6.259784}, {"country_iso": "MYS", "city_id": 11019, "log_pop": 3.404739, "log_mass": 5.757447}, {"country_iso": "MYS", "city_id": 11496, "log_pop": 3.045296, "log_mass": 5.438995}, {"country_iso": "MYS", "city_id": 11266, "log_pop": 2.546813, "log_mass": 5.018892}, {"country_iso": "MYS", "city_id": 11139, "log_pop": 2.689048, "log_mass": 5.418854}, {"country_iso": "MYS", "city_id": 12732, "log_pop": 3.553587, "log_mass": 5.940918}, {"country_iso": "MYS", "city_id": 10956, "log_pop": 3.998917, "log_mass": 6.353029}, {"country_iso": "MYS", "city_id": 12598, "log_pop": 3.647776, "log_mass": 5.967925}, {"country_iso": "MYS", "city_id": 11139, "log_pop": 3.018927, "log_mass": 5.406017}, {"country_iso": "MYS", "city_id": 11074, "log_pop": 3.84074, "log_mass": 6.18548}, {"country_iso": "MYS", "city_id": 11139, "log_pop": 2.786204, "log_mass": 5.417374}, {"country_iso": "MYS", "city_id": 10943, "log_pop": 2.000739, "log_mass": 4.437339}, {"country_iso": "MYS", "city_id": 10982, "log_pop": 2.789827, "log_mass": 5.094697}, {"country_iso": "MYS", "city_id": 11266, "log_pop": 4.092239, "log_mass": 6.468719}, {"country_iso": "MYS", "city_id": 10964, "log_pop": 3.961024, "log_mass": 6.34879}, {"country_iso": "MYS", "city_id": 11139, "log_pop": 4.391033, "log_mass": 6.485142}, {"country_iso": "MYS", "city_id": 10956, "log_pop": 3.235577, "log_mass": 5.648477}, {"country_iso": "MYS", "city_id": 10940, "log_pop": 4.166147, "log_mass": 6.380282}, {"country_iso": "MYS", "city_id": 11139, "log_pop": 2.388691, "log_mass": 4.511297}, {"country_iso": "MYS", "city_id": 11220, "log_pop": 3.103086, "log_mass": 5.542504}, {"country_iso": "MYS", "city_id": 11139, "log_pop": 4.190399, "log_mass": 6.279829}, {"country_iso": "MYS", "city_id": 11139, "log_pop": 4.343028, "log_mass": 6.61998}, {"country_iso": "MYS", "city_id": 11139, "log_pop": 3.734543, "log_mass": 6.144154}, {"country_iso": "MYS", "city_id": 11266, "log_pop": 4.282893, "log_mass": 6.543465}, {"country_iso": "MYS", "city_id": 11139, "log_pop": 3.932657, "log_mass": 6.284613}, {"country_iso": "MYS", "city_id": 11139, "log_pop": 4.48672, "log_mass": 6.696503}, {"country_iso": "MYS", "city_id": 11496, "log_pop": 3.479037, "log_mass": 5.818428}, {"country_iso": "MYS", "city_id": 11139, "log_pop": 4.304571, "log_mass": 6.552487}, {"country_iso": "MYS", "city_id": 11074, "log_pop": 3.146729, "log_mass": 5.759803}, {"country_iso": "MYS", "city_id": 11074, "log_pop": 1.389256, "log_mass": 3.560822}, {"country_iso": "MYS", "city_id": 12732, "log_pop": 4.147809, "log_mass": 6.470662}, {"country_iso": "MYS", "city_id": 12598, "log_pop": 3.564621, "log_mass": 6.033055}, {"country_iso": "MYS", "city_id": 11139, "log_pop": 3.981139, "log_mass": 6.276807}, {"country_iso": "MYS", "city_id": 10964, "log_pop": 2.413105, "log_mass": 4.837149}, {"country_iso": "MYS", "city_id": 10940, "log_pop": 4.651737, "log_mass": 6.535105}, {"country_iso": "MYS", "city_id": 11139, "log_pop": 3.22293, "log_mass": 5.828052}, {"country_iso": "MYS", "city_id": 11266, "log_pop": 0.408963, "log_mass": 4.25337}, {"country_iso": "MYS", "city_id": 11139, "log_pop": 3.312786, "log_mass": 6.015173}, {"country_iso": "MYS", "city_id": 10982, "log_pop": 1.507073, "log_mass": 4.283164}, {"country_iso": "MYS", "city_id": 11496, "log_pop": 3.282432, "log_mass": 5.880536}, {"country_iso": "MYS", "city_id": 12454, "log_pop": 3.112854, "log_mass": 5.546919}, {"country_iso": "MYS", "city_id": 11139, "log_pop": 3.40323, "log_mass": 5.793564}, {"country_iso": "MYS", "city_id": 11266, "log_pop": 3.553743, "log_mass": 6.204231}, {"country_iso": "MYS", "city_id": 11367, "log_pop": 3.323245, "log_mass": 5.888233}, {"country_iso": "MYS", "city_id": 10940, "log_pop": 2.231682, "log_mass": 4.41949}, {"country_iso": "MYS", "city_id": 11139, "log_pop": 3.498, "log_mass": 6.213456}, {"country_iso": "MYS", "city_id": 11074, "log_pop": 3.931495, "log_mass": 6.284297}, {"country_iso": "MYS", "city_id": 11321, "log_pop": 3.140105, "log_mass": 5.53705}, {"country_iso": "MYS", "city_id": 11139, "log_pop": 3.787513, "log_mass": 6.001149}, {"country_iso": "MYS", "city_id": 12732, "log_pop": 3.782385, "log_mass": 5.964672}, {"country_iso": "MYS", "city_id": 11139, "log_pop": 4.600903, "log_mass": 6.616085}, {"country_iso": "MYS", "city_id": 12454, "log_pop": 3.003889, "log_mass": 5.54146}, {"country_iso": "MYS", "city_id": 11139, "log_pop": 3.879791, "log_mass": 6.481216}, {"country_iso": "MYS", "city_id": 11019, "log_pop": 3.179422, "log_mass": 5.638209}, {"country_iso": "MYS", "city_id": 12793, "log_pop": 3.711407, "log_mass": 5.886698}, {"country_iso": "MYS", "city_id": 11216, "log_pop": 2.621342, "log_mass": 5.170409}, {"country_iso": "MYS", "city_id": 12791, "log_pop": 3.971446, "log_mass": 6.0838}, {"country_iso": "MYS", "city_id": 11266, "log_pop": 3.862938, "log_mass": 6.391362}, {"country_iso": "MYS", "city_id": 11139, "log_pop": 4.366243, "log_mass": 6.562544}, {"country_iso": "MYS", "city_id": 12732, "log_pop": 4.310192, "log_mass": 6.441224}, {"country_iso": "MYS", "city_id": 11139, "log_pop": 3.803109, "log_mass": 6.008013}, {"country_iso": "MYS", "city_id": 10982, "log_pop": 4.011851, "log_mass": 6.233129}, {"country_iso": "MYS", "city_id": 10956, "log_pop": 3.936952, "log_mass": 6.493322}, {"country_iso": "MYS", "city_id": 11420, "log_pop": 0.594697, "log_mass": 3.24957}, {"country_iso": "MYS", "city_id": 12732, "log_pop": 2.549529, "log_mass": 4.996869}, {"country_iso": "MYS", "city_id": 12598, "log_pop": 3.699133, "log_mass": 6.062296}, {"country_iso": "MYS", "city_id": 11266, "log_pop": 2.611927, "log_mass": 4.954932}, {"country_iso": "MYS", "city_id": 11220, "log_pop": 3.640675, "log_mass": 5.996121}, {"country_iso": "MYS", "city_id": 10956, "log_pop": 1.091648, "log_mass": 3.856162}, {"country_iso": "MYS", "city_id": 11139, "log_pop": 4.324489, "log_mass": 6.543338}, {"country_iso": "MYS", "city_id": 11139, "log_pop": 4.411925, "log_mass": 6.561193}, {"country_iso": "MYS", "city_id": 11139, "log_pop": 3.702137, "log_mass": 6.310913}, {"country_iso": "MYS", "city_id": 11074, "log_pop": 4.152602, "log_mass": 6.503983}, {"country_iso": "MYS", "city_id": 11266, "log_pop": 4.22514, "log_mass": 6.43219}, {"country_iso": "MYS", "city_id": 11139, "log_pop": 4.273897, "log_mass": 6.53845}, {"country_iso": "MYS", "city_id": 11139, "log_pop": 4.427559, "log_mass": 6.548641}, {"country_iso": "MYS", "city_id": 11139, "log_pop": 4.43655, "log_mass": 6.633712}, {"country_iso": "MYS", "city_id": 11220, "log_pop": 4.099162, "log_mass": 6.341317}, {"country_iso": "MYS", "city_id": 11220, "log_pop": 1.909674, "log_mass": 4.174515}, {"country_iso": "MYS", "city_id": 11139, "log_pop": 3.668161, "log_mass": 6.093262}, {"country_iso": "MYS", "city_id": 11367, "log_pop": 3.339925, "log_mass": 5.721854}, {"country_iso": "MYS", "city_id": 11074, "log_pop": 3.486275, "log_mass": 5.935071}, {"country_iso": "MYS", "city_id": 11139, "log_pop": 2.904871, "log_mass": 5.396059}, {"country_iso": "MYS", "city_id": 11220, "log_pop": 3.879023, "log_mass": 6.082951}, {"country_iso": "MYS", "city_id": 12732, "log_pop": 3.912345, "log_mass": 6.113734}, {"country_iso": "MYS", "city_id": 11139, "log_pop": 3.631553, "log_mass": 6.046063}, {"country_iso": "MYS", "city_id": 12793, "log_pop": 3.282381, "log_mass": 5.556351}, {"country_iso": "MYS", "city_id": 11367, "log_pop": 2.867498, "log_mass": 5.637199}, {"country_iso": "MYS", "city_id": 12598, "log_pop": 4.011261, "log_mass": 6.375056}, {"country_iso": "MYS", "city_id": 10956, "log_pop": 3.950392, "log_mass": 6.249697}, {"country_iso": "MYS", "city_id": 11139, "log_pop": 4.350372, "log_mass": 6.443125}, {"country_iso": "MYS", "city_id": 11139, "log_pop": 1.033784, "log_mass": 4.119251}, {"country_iso": "MYS", "city_id": 12454, "log_pop": 4.192555, "log_mass": 6.475488}, {"country_iso": "MYS", "city_id": 10943, "log_pop": 3.550508, "log_mass": 5.885389}, {"country_iso": "MYS", "city_id": 12454, "log_pop": 3.604682, "log_mass": 6.024471}, {"country_iso": "MYS", "city_id": 11266, "log_pop": 3.096197, "log_mass": 5.528873}, {"country_iso": "MYS", "city_id": 11139, "log_pop": 3.891544, "log_mass": 6.442486}, {"country_iso": "MYS", "city_id": 11139, "log_pop": 4.111125, "log_mass": 6.479201}, {"country_iso": "MYS", "city_id": 11321, "log_pop": 2.03837, "log_mass": 4.501707}, {"country_iso": "MYS", "city_id": 11496, "log_pop": 3.144338, "log_mass": 5.779488}, {"country_iso": "MYS", "city_id": 11216, "log_pop": 2.261881, "log_mass": 4.767006}, {"country_iso": "MYS", "city_id": 11139, "log_pop": 3.710883, "log_mass": 6.243029}, {"country_iso": "MYS", "city_id": 11139, "log_pop": 3.941595, "log_mass": 6.153992}, {"country_iso": "MYS", "city_id": 11321, "log_pop": 3.815283, "log_mass": 6.230038}, {"country_iso": "MYS", "city_id": 11266, "log_pop": 2.270821, "log_mass": 4.945216}, {"country_iso": "MYS", "city_id": 11139, "log_pop": 4.225765, "log_mass": 6.372309}, {"country_iso": "MYS", "city_id": 11420, "log_pop": 4.247632, "log_mass": 6.543706}, {"country_iso": "MYS", "city_id": 12454, "log_pop": 4.135039, "log_mass": 6.456297}, {"country_iso": "MYS", "city_id": 10956, "log_pop": 2.278653, "log_mass": 5.007045}, {"country_iso": "MYS", "city_id": 11074, "log_pop": 4.223184, "log_mass": 6.501765}, {"country_iso": "MYS", "city_id": 11367, "log_pop": 3.638645, "log_mass": 5.942802}, {"country_iso": "MYS", "city_id": 11496, "log_pop": 2.077401, "log_mass": 4.889861}, {"country_iso": "MYS", "city_id": 10956, "log_pop": 3.695995, "log_mass": 6.094975}, {"country_iso": "MYS", "city_id": 11139, "log_pop": 4.341566, "log_mass": 6.50637}, {"country_iso": "MYS", "city_id": 12454, "log_pop": 0.931894, "log_mass": 3.595454}, {"country_iso": "MYS", "city_id": 10956, "log_pop": 4.370879, "log_mass": 6.604253}, {"country_iso": "MYS", "city_id": 11266, "log_pop": 3.951898, "log_mass": 6.272311}, {"country_iso": "MYS", "city_id": 11139, "log_pop": 4.355217, "log_mass": 6.521188}, {"country_iso": "MYS", "city_id": 11139, "log_pop": 1.68368, "log_mass": 4.154367}, {"country_iso": "MYS", "city_id": 10940, "log_pop": 3.717218, "log_mass": 5.962395}, {"country_iso": "MYS", "city_id": 11074, "log_pop": 4.338598, "log_mass": 6.584845}, {"country_iso": "MYS", "city_id": 11139, "log_pop": 3.983373, "log_mass": 6.252781}, {"country_iso": "MYS", "city_id": 10940, "log_pop": 2.29534, "log_mass": 4.586499}, {"country_iso": "MYS", "city_id": 11420, "log_pop": 3.883527, "log_mass": 6.179208}, {"country_iso": "MYS", "city_id": 11139, "log_pop": 0.715043, "log_mass": 3.550497}, {"country_iso": "MYS", "city_id": 11216, "log_pop": 1.947674, "log_mass": 4.571622}, {"country_iso": "MYS", "city_id": 10943, "log_pop": 4.17149, "log_mass": 6.435852}, {"country_iso": "MYS", "city_id": 10982, "log_pop": 4.009831, "log_mass": 6.249618}, {"country_iso": "MYS", "city_id": 11216, "log_pop": 3.005644, "log_mass": 5.378037}, {"country_iso": "MYS", "city_id": 11220, "log_pop": 3.784864, "log_mass": 6.020425}, {"country_iso": "MYS", "city_id": 11266, "log_pop": 2.875545, "log_mass": 5.324129}, {"country_iso": "MYS", "city_id": 11420, "log_pop": 1.858896, "log_mass": 4.431544}, {"country_iso": "MYS", "city_id": 12791, "log_pop": 2.682245, "log_mass": 5.028193}, {"country_iso": "MYS", "city_id": 11139, "log_pop": 3.766641, "log_mass": 6.442658}, {"country_iso": "MYS", "city_id": 12598, "log_pop": 1.899317, "log_mass": 4.717162}, {"country_iso": "MYS", "city_id": 11139, "log_pop": 3.796344, "log_mass": 6.118573}, {"country_iso": "MYS", "city_id": 11220, "log_pop": 3.359482, "log_mass": 5.672277}, {"country_iso": "MYS", "city_id": 10964, "log_pop": 4.303528, "log_mass": 6.606446}, {"country_iso": "MYS", "city_id": 11139, "log_pop": 4.114735, "log_mass": 6.037259}, {"country_iso": "MYS", "city_id": 11139, "log_pop": 4.282252, "log_mass": 6.580762}, {"country_iso": "MYS", "city_id": 11074, "log_pop": 2.43113, "log_mass": 5.207864}, {"country_iso": "MYS", "city_id": 10940, "log_pop": 0.734241, "log_mass": 3.734337}, {"country_iso": "MYS", "city_id": 11139, "log_pop": 4.015895, "log_mass": 6.191771}, {"country_iso": "MYS", "city_id": 11074, "log_pop": 3.796041, "log_mass": 6.165165}, {"country_iso": "MYS", "city_id": 11367, "log_pop": 2.411612, "log_mass": 4.723749}, {"country_iso": "MYS", "city_id": 11074, "log_pop": 1.55446, "log_mass": 4.236938}, {"country_iso": "MYS", "city_id": 11143, "log_pop": 3.8942, "log_mass": 6.325782}, {"country_iso": "MYS", "city_id": 11216, "log_pop": 4.143674, "log_mass": 6.368757}, {"country_iso": "MYS", "city_id": 11139, "log_pop": 3.986358, "log_mass": 6.121987}, {"country_iso": "MYS", "city_id": 11139, "log_pop": 4.499066, "log_mass": 6.58142}, {"country_iso": "MYS", "city_id": 11139, "log_pop": 4.506081, "log_mass": 6.607175}, {"country_iso": "MYS", "city_id": 11139, "log_pop": 3.827176, "log_mass": 6.301686}, {"country_iso": "MYS", "city_id": 11139, "log_pop": 4.343476, "log_mass": 6.56295}, {"country_iso": "MYS", "city_id": 11139, "log_pop": 4.084363, "log_mass": 6.390489}, {"country_iso": "MYS", "city_id": 11019, "log_pop": 4.104078, "log_mass": 6.336857}, {"country_iso": "MYS", "city_id": 11496, "log_pop": 3.510643, "log_mass": 5.914503}, {"country_iso": "MYS", "city_id": 11139, "log_pop": 4.439235, "log_mass": 6.747632}, {"country_iso": "MYS", "city_id": 10956, "log_pop": 3.737047, "log_mass": 6.068388}, {"country_iso": "MYS", "city_id": 12732, "log_pop": 2.207556, "log_mass": 4.89843}, {"country_iso": "MYS", "city_id": 11220, "log_pop": 3.221938, "log_mass": 5.547978}, {"country_iso": "MYS", "city_id": 11139, "log_pop": 4.47427, "log_mass": 6.627712}, {"country_iso": "MYS", "city_id": 11220, "log_pop": 1.936673, "log_mass": 4.359581}, {"country_iso": "MYS", "city_id": 11139, "log_pop": 4.403611, "log_mass": 6.503425}, {"country_iso": "MYS", "city_id": 11139, "log_pop": 4.175824, "log_mass": 6.196315}, {"country_iso": "MYS", "city_id": 10940, "log_pop": 2.738782, "log_mass": 5.557028}, {"country_iso": "MYS", "city_id": 11074, "log_pop": 3.636537, "log_mass": 5.969531}, {"country_iso": "MYS", "city_id": 10940, "log_pop": 4.165285, "log_mass": 6.17117}, {"country_iso": "MYS", "city_id": 10940, "log_pop": 3.445807, "log_mass": 5.669745}, {"country_iso": "MYS", "city_id": 11139, "log_pop": 3.778036, "log_mass": 6.19783}, {"country_iso": "MYS", "city_id": 11139, "log_pop": 4.549727, "log_mass": 6.619676}, {"country_iso": "MYS", "city_id": 11074, "log_pop": 4.087625, "log_mass": 6.531631}, {"country_iso": "MYS", "city_id": 10956, "log_pop": 4.186226, "log_mass": 6.530646}, {"country_iso": "MYS", "city_id": 11139, "log_pop": 2.477323, "log_mass": 4.911859}, {"country_iso": "MYS", "city_id": 12791, "log_pop": 3.776478, "log_mass": 6.137959}, {"country_iso": "MYS", "city_id": 11139, "log_pop": 4.005614, "log_mass": 6.089398}, {"country_iso": "MYS", "city_id": 11139, "log_pop": 3.045662, "log_mass": 5.685958}, {"country_iso": "MYS", "city_id": 11139, "log_pop": 4.179638, "log_mass": 6.305938}, {"country_iso": "MYS", "city_id": 11321, "log_pop": 1.614402, "log_mass": 4.215043}, {"country_iso": "MYS", "city_id": 11220, "log_pop": 3.839861, "log_mass": 6.05538}, {"country_iso": "MYS", "city_id": 11139, "log_pop": 4.525517, "log_mass": 6.559876}, {"country_iso": "MYS", "city_id": 10956, "log_pop": 3.169457, "log_mass": 5.651516}, {"country_iso": "MYS", "city_id": 10964, "log_pop": 2.089003, "log_mass": 4.509792}, {"country_iso": "MYS", "city_id": 12454, "log_pop": 2.199486, "log_mass": 4.591663}, {"country_iso": "MYS", "city_id": 11019, "log_pop": 3.367875, "log_mass": 5.799072}, {"country_iso": "MYS", "city_id": 10956, "log_pop": 3.20047, "log_mass": 5.893729}, {"country_iso": "MYS", "city_id": 11139, "log_pop": 4.240491, "log_mass": 6.488638}, {"country_iso": "MYS", "city_id": 10982, "log_pop": 1.525437, "log_mass": 3.877009}, {"country_iso": "MYS", "city_id": 11074, "log_pop": 2.791633, "log_mass": 5.446147}, {"country_iso": "MYS", "city_id": 11220, "log_pop": 2.938981, "log_mass": 5.176989}, {"country_iso": "MYS", "city_id": 11139, "log_pop": 2.821397, "log_mass": 5.056889}, {"country_iso": "MYS", "city_id": 12598, "log_pop": 2.23569, "log_mass": 5.167493}, {"country_iso": "MYS", "city_id": 11019, "log_pop": 2.044473, "log_mass": 4.866556}, {"country_iso": "MYS", "city_id": 11220, "log_pop": 2.904315, "log_mass": 5.292962}, {"country_iso": "MYS", "city_id": 11216, "log_pop": 3.303876, "log_mass": 5.682095}, {"country_iso": "MYS", "city_id": 11216, "log_pop": 3.868734, "log_mass": 6.229184}, {"country_iso": "MYS", "city_id": 11074, "log_pop": 3.652537, "log_mass": 5.939167}, {"country_iso": "MYS", "city_id": 11216, "log_pop": 3.73714, "log_mass": 6.098572}, {"country_iso": "MYS", "city_id": 12793, "log_pop": 4.133827, "log_mass": 6.253914}, {"country_iso": "MYS", "city_id": 11139, "log_pop": 1.590074, "log_mass": 3.809923}, {"country_iso": "MYS", "city_id": 10940, "log_pop": 3.498442, "log_mass": 5.731502}, {"country_iso": "MYS", "city_id": 10956, "log_pop": 4.125359, "log_mass": 6.568444}, {"country_iso": "MYS", "city_id": 10982, "log_pop": 3.465219, "log_mass": 5.678538}, {"country_iso": "MYS", "city_id": 11266, "log_pop": 3.387847, "log_mass": 6.033377}, {"country_iso": "MYS", "city_id": 11074, "log_pop": 4.108469, "log_mass": 6.365073}, {"country_iso": "MYS", "city_id": 10940, "log_pop": 4.530299, "log_mass": 6.508838}, {"country_iso": "MYS", "city_id": 11139, "log_pop": 3.984171, "log_mass": 6.125061}, {"country_iso": "MYS", "city_id": 11139, "log_pop": 3.997821, "log_mass": 6.436895}, {"country_iso": "MYS", "city_id": 11074, "log_pop": 4.317021, "log_mass": 6.579074}, {"country_iso": "MYS", "city_id": 10943, "log_pop": 3.105626, "log_mass": 5.44905}, {"country_iso": "MYS", "city_id": 11139, "log_pop": 4.303791, "log_mass": 6.439834}, {"country_iso": "MYS", "city_id": 11139, "log_pop": 2.590628, "log_mass": 5.071352}, {"country_iso": "MYS", "city_id": 11420, "log_pop": 3.717103, "log_mass": 6.099988}, {"country_iso": "MYS", "city_id": 10964, "log_pop": 3.498819, "log_mass": 5.85394}, {"country_iso": "MYS", "city_id": 11139, "log_pop": 3.700138, "log_mass": 5.907666}, {"country_iso": "MYS", "city_id": 11139, "log_pop": 4.446623, "log_mass": 6.560312}, {"country_iso": "MYS", "city_id": 10956, "log_pop": 3.408879, "log_mass": 6.079345}, {"country_iso": "MYS", "city_id": 11139, "log_pop": 3.94036, "log_mass": 6.312076}, {"country_iso": "MYS", "city_id": 11367, "log_pop": 3.622955, "log_mass": 6.120756}, {"country_iso": "MYS", "city_id": 12598, "log_pop": 2.161533, "log_mass": 5.102245}, {"country_iso": "MYS", "city_id": 11143, "log_pop": 2.922796, "log_mass": 5.333363}, {"country_iso": "MYS", "city_id": 12454, "log_pop": 2.986008, "log_mass": 5.380557}, {"country_iso": "MYS", "city_id": 10964, "log_pop": 4.309604, "log_mass": 6.543177}, {"country_iso": "MYS", "city_id": 10956, "log_pop": 3.956027, "log_mass": 6.335808}, {"country_iso": "MYS", "city_id": 11139, "log_pop": 3.500752, "log_mass": 5.891944}, {"country_iso": "MYS", "city_id": 10940, "log_pop": 4.387709, "log_mass": 6.45778}, {"country_iso": "MYS", "city_id": 12454, "log_pop": 3.317942, "log_mass": 5.72984}, {"country_iso": "MYS", "city_id": 11139, "log_pop": 4.263348, "log_mass": 6.574486}, {"country_iso": "MYS", "city_id": 11139, "log_pop": 4.488764, "log_mass": 6.584643}, {"country_iso": "MYS", "city_id": 10956, "log_pop": 2.587755, "log_mass": 5.152243}, {"country_iso": "MYS", "city_id": 12732, "log_pop": 3.303692, "log_mass": 5.43609}, {"country_iso": "MYS", "city_id": 11074, "log_pop": 3.871533, "log_mass": 6.29189}, {"country_iso": "MYS", "city_id": 12793, "log_pop": 2.097531, "log_mass": 4.31864}, {"country_iso": "MYS", "city_id": 11367, "log_pop": 3.210718, "log_mass": 5.57089}, {"country_iso": "MYS", "city_id": 11220, "log_pop": 2.117294, "log_mass": 4.789851}, {"country_iso": "MYS", "city_id": 11139, "log_pop": 4.650939, "log_mass": 6.721619}, {"country_iso": "MYS", "city_id": 11139, "log_pop": 4.539313, "log_mass": 6.818903}, {"country_iso": "MYS", "city_id": 11367, "log_pop": 2.577793, "log_mass": 5.738502}, {"country_iso": "MYS", "city_id": 11139, "log_pop": 3.889287, "log_mass": 6.45457}, {"country_iso": "MYS", "city_id": 11220, "log_pop": 4.127521, "log_mass": 6.40632}, {"country_iso": "MYS", "city_id": 11139, "log_pop": 3.961207, "log_mass": 6.299288}, {"country_iso": "MYS", "city_id": 10964, "log_pop": 3.932712, "log_mass": 6.350642}, {"country_iso": "MYS", "city_id": 12454, "log_pop": 3.82796, "log_mass": 6.196341}, {"country_iso": "MYS", "city_id": 12598, "log_pop": 3.716321, "log_mass": 6.079837}, {"country_iso": "MYS", "city_id": 10956, "log_pop": 1.135991, "log_mass": 3.928142}, {"country_iso": "MYS", "city_id": 10956, "log_pop": 3.774014, "log_mass": 6.175918}, {"country_iso": "MYS", "city_id": 11139, "log_pop": 3.142389, "log_mass": 5.668027}, {"country_iso": "MYS", "city_id": 11074, "log_pop": 4.302735, "log_mass": 6.532171}, {"country_iso": "MYS", "city_id": 12732, "log_pop": 4.329042, "log_mass": 6.543254}, {"country_iso": "MYS", "city_id": 11019, "log_pop": 2.478785, "log_mass": 4.886966}, {"country_iso": "MYS", "city_id": 11019, "log_pop": 2.842427, "log_mass": 5.260242}, {"country_iso": "MYS", "city_id": 11139, "log_pop": 4.139104, "log_mass": 6.428437}, {"country_iso": "MYS", "city_id": 11139, "log_pop": 4.27695, "log_mass": 6.514278}, {"country_iso": "MYS", "city_id": 12732, "log_pop": 4.218161, "log_mass": 6.437099}, {"country_iso": "MYS", "city_id": 10943, "log_pop": 3.74266, "log_mass": 6.148105}, {"country_iso": "MYS", "city_id": 11266, "log_pop": 3.418722, "log_mass": 5.830176}, {"country_iso": "MYS", "city_id": 11220, "log_pop": 2.640722, "log_mass": 5.212955}, {"country_iso": "MYS", "city_id": 11139, "log_pop": 4.126097, "log_mass": 6.538043}, {"country_iso": "MYS", "city_id": 11266, "log_pop": 3.765283, "log_mass": 6.134664}, {"country_iso": "MYS", "city_id": 11496, "log_pop": 3.38981, "log_mass": 6.025621}, {"country_iso": "MYS", "city_id": 11139, "log_pop": 4.272285, "log_mass": 6.612519}, {"country_iso": "MYS", "city_id": 10956, "log_pop": 3.499347, "log_mass": 6.036725}, {"country_iso": "MYS", "city_id": 12732, "log_pop": 3.532989, "log_mass": 5.895}, {"country_iso": "MYS", "city_id": 10956, "log_pop": 3.449129, "log_mass": 6.209839}, {"country_iso": "MYS", "city_id": 11139, "log_pop": 4.483148, "log_mass": 6.550135}, {"country_iso": "MYS", "city_id": 10943, "log_pop": 3.459776, "log_mass": 5.786731}, {"country_iso": "MYS", "city_id": 11139, "log_pop": 4.596031, "log_mass": 6.643378}, {"country_iso": "MYS", "city_id": 10956, "log_pop": 3.422381, "log_mass": 6.008903}, {"country_iso": "MYS", "city_id": 11074, "log_pop": 2.462844, "log_mass": 4.881057}, {"country_iso": "MYS", "city_id": 11074, "log_pop": 3.575813, "log_mass": 6.015831}, {"country_iso": "MYS", "city_id": 11216, "log_pop": 3.197398, "log_mass": 5.628102}, {"country_iso": "MYS", "city_id": 11139, "log_pop": 4.124628, "log_mass": 6.150391}, {"country_iso": "MYS", "city_id": 10956, "log_pop": 4.130915, "log_mass": 6.512841}, {"country_iso": "MYS", "city_id": 11220, "log_pop": 4.048212, "log_mass": 6.366944}, {"country_iso": "MYS", "city_id": 11216, "log_pop": 3.908529, "log_mass": 6.360889}, {"country_iso": "MYS", "city_id": 11139, "log_pop": 3.547608, "log_mass": 5.812115}, {"country_iso": "MYS", "city_id": 12793, "log_pop": 3.442219, "log_mass": 5.731514}, {"country_iso": "MYS", "city_id": 10982, "log_pop": 2.996967, "log_mass": 5.616355}, {"country_iso": "MYS", "city_id": 11220, "log_pop": 2.712573, "log_mass": 5.038672}, {"country_iso": "MYS", "city_id": 11139, "log_pop": 4.503888, "log_mass": 6.690534}, {"country_iso": "MYS", "city_id": 12732, "log_pop": 4.006927, "log_mass": 6.194968}, {"country_iso": "MYS", "city_id": 11074, "log_pop": 4.031352, "log_mass": 6.455086}, {"country_iso": "MYS", "city_id": 11139, "log_pop": 4.550033, "log_mass": 6.633899}, {"country_iso": "MYS", "city_id": 11074, "log_pop": 2.516774, "log_mass": 4.885695}, {"country_iso": "MYS", "city_id": 11143, "log_pop": 3.498489, "log_mass": 5.890057}, {"country_iso": "MYS", "city_id": 11139, "log_pop": 0.948988, "log_mass": 3.544612}, {"country_iso": "MYS", "city_id": 11266, "log_pop": 3.277501, "log_mass": 5.853475}, {"country_iso": "MYS", "city_id": 12791, "log_pop": 2.271963, "log_mass": 4.583205}, {"country_iso": "MYS", "city_id": 12454, "log_pop": 4.216023, "log_mass": 6.554843}, {"country_iso": "MYS", "city_id": 10964, "log_pop": 3.643159, "log_mass": 5.987771}, {"country_iso": "MYS", "city_id": 11143, "log_pop": 2.515534, "log_mass": 5.022759}, {"country_iso": "MYS", "city_id": 12732, "log_pop": 2.548116, "log_mass": 5.073276}, {"country_iso": "MYS", "city_id": 11139, "log_pop": 3.591035, "log_mass": 6.034406}, {"country_iso": "MYS", "city_id": 11139, "log_pop": 3.850808, "log_mass": 6.252865}, {"country_iso": "MYS", "city_id": 11139, "log_pop": 3.437736, "log_mass": 5.999015}, {"country_iso": "MYS", "city_id": 11220, "log_pop": 4.388142, "log_mass": 6.629214}, {"country_iso": "MYS", "city_id": 11216, "log_pop": 4.129102, "log_mass": 6.397339}, {"country_iso": "MYS", "city_id": 10982, "log_pop": 4.029247, "log_mass": 6.198346}, {"country_iso": "MYS", "city_id": 11139, "log_pop": 2.5182, "log_mass": 5.00147}, {"country_iso": "MYS", "city_id": 11139, "log_pop": 4.186841, "log_mass": 6.469358}, {"country_iso": "MYS", "city_id": 12732, "log_pop": 4.002284, "log_mass": 6.213605}, {"country_iso": "MYS", "city_id": 11220, "log_pop": 2.724392, "log_mass": 5.078368}, {"country_iso": "MYS", "city_id": 11139, "log_pop": 4.231373, "log_mass": 6.520147}, {"country_iso": "MYS", "city_id": 11074, "log_pop": 2.684939, "log_mass": 5.390479}, {"country_iso": "MYS", "city_id": 10940, "log_pop": 2.136626, "log_mass": 4.466097}, {"country_iso": "MYS", "city_id": 10956, "log_pop": 2.90584, "log_mass": 5.915856}, {"country_iso": "MYS", "city_id": 11139, "log_pop": 4.606988, "log_mass": 6.685461}, {"country_iso": "MYS", "city_id": 11074, "log_pop": 3.548648, "log_mass": 5.758388}, {"country_iso": "MYS", "city_id": 10956, "log_pop": 4.075484, "log_mass": 6.495405}, {"country_iso": "MYS", "city_id": 11139, "log_pop": 4.250648, "log_mass": 6.557795}, {"country_iso": "MYS", "city_id": 11139, "log_pop": 4.820852, "log_mass": 6.746104}, {"country_iso": "MYS", "city_id": 11496, "log_pop": 3.781988, "log_mass": 6.256188}, {"country_iso": "MYS", "city_id": 10956, "log_pop": 3.883079, "log_mass": 6.388735}, {"country_iso": "MYS", "city_id": 11139, "log_pop": 4.212295, "log_mass": 6.52559}, {"country_iso": "MYS", "city_id": 11139, "log_pop": 4.257677, "log_mass": 6.457667}, {"country_iso": "MYS", "city_id": 12732, "log_pop": 3.409258, "log_mass": 5.743205}, {"country_iso": "MYS", "city_id": 11139, "log_pop": 4.459544, "log_mass": 6.552851}, {"country_iso": "MYS", "city_id": 11139, "log_pop": 4.508003, "log_mass": 6.669677}, {"country_iso": "MYS", "city_id": 11496, "log_pop": 2.930487, "log_mass": 5.479715}, {"country_iso": "MYS", "city_id": 11139, "log_pop": 4.861383, "log_mass": 6.665017}, {"country_iso": "MYS", "city_id": 11139, "log_pop": 2.602164, "log_mass": 5.18179}, {"country_iso": "MYS", "city_id": 11074, "log_pop": 3.567955, "log_mass": 5.999161}, {"country_iso": "MYS", "city_id": 12454, "log_pop": 1.742461, "log_mass": 4.889622}, {"country_iso": "MYS", "city_id": 10982, "log_pop": 3.213702, "log_mass": 5.669508}, {"country_iso": "MYS", "city_id": 12732, "log_pop": 3.809535, "log_mass": 6.346385}, {"country_iso": "MYS", "city_id": 11216, "log_pop": 3.794693, "log_mass": 6.131487}, {"country_iso": "MYS", "city_id": 10964, "log_pop": 3.69284, "log_mass": 5.99576}, {"country_iso": "MYS", "city_id": 12732, "log_pop": 3.703475, "log_mass": 5.952571}, {"country_iso": "MYS", "city_id": 11139, "log_pop": 4.430825, "log_mass": 6.631136}, {"country_iso": "MYS", "city_id": 11266, "log_pop": 3.381166, "log_mass": 5.850643}, {"country_iso": "MYS", "city_id": 11139, "log_pop": 4.494496, "log_mass": 6.567159}, {"country_iso": "MYS", "city_id": 11139, "log_pop": 3.261967, "log_mass": 5.8377}, {"country_iso": "MYS", "city_id": 10956, "log_pop": 2.576117, "log_mass": 5.144173}, {"country_iso": "MYS", "city_id": 10956, "log_pop": 4.042024, "log_mass": 6.350004}, {"country_iso": "MYS", "city_id": 11367, "log_pop": 3.439864, "log_mass": 6.062358}, {"country_iso": "MYS", "city_id": 11139, "log_pop": 4.524421, "log_mass": 6.596556}, {"country_iso": "MYS", "city_id": 11139, "log_pop": 3.487929, "log_mass": 5.716301}, {"country_iso": "MYS", "city_id": 11266, "log_pop": 3.931474, "log_mass": 6.385085}, {"country_iso": "MYS", "city_id": 11139, "log_pop": 4.471029, "log_mass": 6.484939}, {"country_iso": "MYS", "city_id": 10940, "log_pop": 1.550721, "log_mass": 4.135866}, {"country_iso": "MYS", "city_id": 10982, "log_pop": 4.291586, "log_mass": 6.375918}, {"country_iso": "MYS", "city_id": 12791, "log_pop": 4.329332, "log_mass": 6.492617}, {"country_iso": "MYS", "city_id": 11321, "log_pop": 3.198026, "log_mass": 5.73345}, {"country_iso": "MYS", "city_id": 11216, "log_pop": 3.279883, "log_mass": 5.721823}, {"country_iso": "MYS", "city_id": 11139, "log_pop": 4.570379, "log_mass": 6.625318}, {"country_iso": "MYS", "city_id": 10956, "log_pop": 2.951244, "log_mass": 5.432982}, {"country_iso": "MYS", "city_id": 11139, "log_pop": 4.359218, "log_mass": 6.648831}, {"country_iso": "MYS", "city_id": 11220, "log_pop": 3.993703, "log_mass": 6.245867}, {"country_iso": "MYS", "city_id": 11139, "log_pop": 3.513478, "log_mass": 5.661711}, {"country_iso": "MYS", "city_id": 10940, "log_pop": 3.614372, "log_mass": 5.911215}, {"country_iso": "MYS", "city_id": 11074, "log_pop": 3.704029, "log_mass": 6.057157}, {"country_iso": "MYS", "city_id": 11143, "log_pop": 3.127188, "log_mass": 5.525808}, {"country_iso": "MYS", "city_id": 11216, "log_pop": 3.917958, "log_mass": 6.31305}, {"country_iso": "MYS", "city_id": 10940, "log_pop": 3.743703, "log_mass": 5.969446}, {"country_iso": "MYS", "city_id": 11139, "log_pop": 4.573972, "log_mass": 6.628778}, {"country_iso": "MYS", "city_id": 11139, "log_pop": 4.204454, "log_mass": 6.46276}, {"country_iso": "MYS", "city_id": 12454, "log_pop": 4.00435, "log_mass": 6.334484}, {"country_iso": "MYS", "city_id": 12732, "log_pop": 3.424292, "log_mass": 5.673778}, {"country_iso": "MYS", "city_id": 11139, "log_pop": 4.502076, "log_mass": 6.739332}, {"country_iso": "MYS", "city_id": 11074, "log_pop": 4.082349, "log_mass": 6.39413}, {"country_iso": "MYS", "city_id": 11496, "log_pop": 3.462313, "log_mass": 5.879475}, {"country_iso": "MYS", "city_id": 12732, "log_pop": 2.681656, "log_mass": 5.257216}, {"country_iso": "MYS", "city_id": 11139, "log_pop": 4.47318, "log_mass": 6.617048}, {"country_iso": "MYS", "city_id": 11220, "log_pop": 3.605025, "log_mass": 5.851143}, {"country_iso": "MYS", "city_id": 10956, "log_pop": 3.383527, "log_mass": 5.750319}, {"country_iso": "MYS", "city_id": 12791, "log_pop": 3.767824, "log_mass": 6.077189}, {"country_iso": "MYS", "city_id": 10940, "log_pop": 3.183385, "log_mass": 5.186221}, {"country_iso": "MYS", "city_id": 10940, "log_pop": 2.551564, "log_mass": 4.80027}, {"country_iso": "MYS", "city_id": 11139, "log_pop": 2.847672, "log_mass": 5.399007}, {"country_iso": "MYS", "city_id": 11139, "log_pop": 3.941125, "log_mass": 6.114212}, {"country_iso": "MYS", "city_id": 12732, "log_pop": 3.448782, "log_mass": 5.745707}, {"country_iso": "MYS", "city_id": 11074, "log_pop": 3.514433, "log_mass": 5.916084}, {"country_iso": "MYS", "city_id": 12454, "log_pop": 2.616965, "log_mass": 5.336593}, {"country_iso": "MYS", "city_id": 11139, "log_pop": 4.329149, "log_mass": 6.62414}, {"country_iso": "MYS", "city_id": 11139, "log_pop": 4.413133, "log_mass": 6.696659}, {"country_iso": "MYS", "city_id": 11321, "log_pop": 1.533599, "log_mass": 4.039703}, {"country_iso": "MYS", "city_id": 12732, "log_pop": 3.441201, "log_mass": 5.773463}, {"country_iso": "MYS", "city_id": 11139, "log_pop": 4.256583, "log_mass": 6.577442}, {"country_iso": "MYS", "city_id": 10956, "log_pop": 4.04962, "log_mass": 5.975517}, {"country_iso": "MYS", "city_id": 11074, "log_pop": 1.162138, "log_mass": 3.928385}, {"country_iso": "MYS", "city_id": 11321, "log_pop": 3.540809, "log_mass": 5.907231}, {"country_iso": "MYS", "city_id": 11220, "log_pop": 3.856591, "log_mass": 6.070333}, {"country_iso": "MYS", "city_id": 12454, "log_pop": 1.309402, "log_mass": 3.934635}, {"country_iso": "MYS", "city_id": 10943, "log_pop": 1.156042, "log_mass": 4.290904}, {"country_iso": "MYS", "city_id": 11139, "log_pop": 4.148398, "log_mass": 6.394362}, {"country_iso": "MYS", "city_id": 11139, "log_pop": 3.75555, "log_mass": 6.350798}, {"country_iso": "MYS", "city_id": 12793, "log_pop": 4.137892, "log_mass": 6.229341}, {"country_iso": "MYS", "city_id": 11139, "log_pop": 4.655713, "log_mass": 6.604514}, {"country_iso": "MYS", "city_id": 11216, "log_pop": 1.924569, "log_mass": 4.563083}, {"country_iso": "MYS", "city_id": 11321, "log_pop": 3.70727, "log_mass": 6.024896}, {"country_iso": "MYS", "city_id": 11139, "log_pop": 4.494102, "log_mass": 6.490241}, {"country_iso": "MYS", "city_id": 11216, "log_pop": 4.009235, "log_mass": 6.280388}, {"country_iso": "MYS", "city_id": 11139, "log_pop": 1.107836, "log_mass": 3.629434}, {"country_iso": "MYS", "city_id": 11139, "log_pop": 4.026126, "log_mass": 6.272784}, {"country_iso": "MYS", "city_id": 11074, "log_pop": 3.511936, "log_mass": 5.759746}, {"country_iso": "MYS", "city_id": 11139, "log_pop": 4.332221, "log_mass": 6.628624}, {"country_iso": "MYS", "city_id": 11266, "log_pop": 3.862133, "log_mass": 6.111652}, {"country_iso": "MYS", "city_id": 11139, "log_pop": 4.247331, "log_mass": 6.483364}, {"country_iso": "MYS", "city_id": 11216, "log_pop": 3.075104, "log_mass": 5.512789}, {"country_iso": "MYS", "city_id": 12598, "log_pop": 3.727225, "log_mass": 6.041217}, {"country_iso": "MYS", "city_id": 11074, "log_pop": 4.134515, "log_mass": 6.358864}, {"country_iso": "MYS", "city_id": 11420, "log_pop": 3.725657, "log_mass": 6.057123}, {"country_iso": "MYS", "city_id": 11420, "log_pop": 4.01405, "log_mass": 6.323155}, {"country_iso": "MYS", "city_id": 11139, "log_pop": 4.097776, "log_mass": 6.285606}, {"country_iso": "MYS", "city_id": 11143, "log_pop": 3.640924, "log_mass": 6.099444}, {"country_iso": "MYS", "city_id": 11019, "log_pop": 3.778753, "log_mass": 6.292483}, {"country_iso": "MYS", "city_id": 11496, "log_pop": 3.511297, "log_mass": 5.847884}, {"country_iso": "MYS", "city_id": 11139, "log_pop": 3.697689, "log_mass": 6.195443}, {"country_iso": "MYS", "city_id": 10982, "log_pop": 2.380842, "log_mass": 4.777173}, {"country_iso": "MYS", "city_id": 11019, "log_pop": 3.715033, "log_mass": 5.993462}, {"country_iso": "MYS", "city_id": 11139, "log_pop": 3.924917, "log_mass": 6.234757}, {"country_iso": "MYS", "city_id": 11139, "log_pop": 0.858492, "log_mass": 4.371974}, {"country_iso": "MYS", "city_id": 11139, "log_pop": 4.003971, "log_mass": 6.165015}, {"country_iso": "MYS", "city_id": 12732, "log_pop": 3.766904, "log_mass": 6.058446}, {"country_iso": "MYS", "city_id": 11420, "log_pop": 0.618135, "log_mass": 3.517694}, {"country_iso": "MYS", "city_id": 11496, "log_pop": 0.952881, "log_mass": 3.83544}, {"country_iso": "MYS", "city_id": 11139, "log_pop": 4.583129, "log_mass": 6.5206}, {"country_iso": "MYS", "city_id": 10964, "log_pop": 4.176308, "log_mass": 6.476762}, {"country_iso": "MYS", "city_id": 12732, "log_pop": 4.092314, "log_mass": 6.372427}, {"country_iso": "MYS", "city_id": 12791, "log_pop": 3.023974, "log_mass": 5.047746}, {"country_iso": "MYS", "city_id": 11139, "log_pop": 4.211216, "log_mass": 6.562248}, {"country_iso": "MYS", "city_id": 11139, "log_pop": 4.384857, "log_mass": 6.473275}, {"country_iso": "MYS", "city_id": 11220, "log_pop": 3.47716, "log_mass": 5.915454}, {"country_iso": "MYS", "city_id": 10940, "log_pop": 3.662185, "log_mass": 5.816565}, {"country_iso": "MYS", "city_id": 11143, "log_pop": 3.34418, "log_mass": 5.830546}, {"country_iso": "MYS", "city_id": 11220, "log_pop": 2.959989, "log_mass": 5.440255}, {"country_iso": "MYS", "city_id": 11139, "log_pop": 4.710027, "log_mass": 6.703067}, {"country_iso": "MYS", "city_id": 11139, "log_pop": 4.434218, "log_mass": 6.694034}, {"country_iso": "MYS", "city_id": 10956, "log_pop": 3.89322, "log_mass": 6.439256}, {"country_iso": "MYS", "city_id": 11139, "log_pop": 4.220462, "log_mass": 6.629953}, {"country_iso": "MYS", "city_id": 11139, "log_pop": 3.115364, "log_mass": 5.601333}, {"country_iso": "MYS", "city_id": 11266, "log_pop": 4.081992, "log_mass": 6.410771}, {"country_iso": "MYS", "city_id": 11074, "log_pop": 3.452099, "log_mass": 5.709811}, {"country_iso": "MYS", "city_id": 11139, "log_pop": 4.439832, "log_mass": 6.494019}, {"country_iso": "MYS", "city_id": 11139, "log_pop": 4.439847, "log_mass": 6.606834}, {"country_iso": "MYS", "city_id": 11139, "log_pop": 4.460535, "log_mass": 6.610172}, {"country_iso": "MYS", "city_id": 12454, "log_pop": 2.74524, "log_mass": 5.313224}, {"country_iso": "MYS", "city_id": 12454, "log_pop": 3.409121, "log_mass": 5.887109}, {"country_iso": "MYS", "city_id": 11139, "log_pop": 4.369864, "log_mass": 6.697347}, {"country_iso": "MYS", "city_id": 11139, "log_pop": 4.298074, "log_mass": 6.566733}, {"country_iso": "MYS", "city_id": 10956, "log_pop": 3.760275, "log_mass": 6.289234}, {"country_iso": "MYS", "city_id": 11139, "log_pop": 1.978594, "log_mass": 4.387925}, {"country_iso": "MYS", "city_id": 11139, "log_pop": 4.249685, "log_mass": 6.582363}, {"country_iso": "MYS", "city_id": 12732, "log_pop": 2.990359, "log_mass": 5.212381}, {"country_iso": "MYS", "city_id": 12454, "log_pop": 3.53761, "log_mass": 5.900866}, {"country_iso": "MYS", "city_id": 11266, "log_pop": 3.364665, "log_mass": 6.068723}, {"country_iso": "MYS", "city_id": 10956, "log_pop": 4.115466, "log_mass": 6.495774}, {"country_iso": "MYS", "city_id": 10956, "log_pop": 4.055663, "log_mass": 6.464014}, {"country_iso": "MYS", "city_id": 10943, "log_pop": 4.198888, "log_mass": 6.420576}, {"country_iso": "MYS", "city_id": 12454, "log_pop": 4.263103, "log_mass": 6.605378}, {"country_iso": "MYS", "city_id": 11074, "log_pop": 4.201694, "log_mass": 6.540673}, {"country_iso": "MYS", "city_id": 12791, "log_pop": 1.463598, "log_mass": 4.058531}, {"country_iso": "MYS", "city_id": 11139, "log_pop": 4.111135, "log_mass": 6.404331}, {"country_iso": "MYS", "city_id": 11496, "log_pop": 1.198016, "log_mass": 3.607659}, {"country_iso": "MYS", "city_id": 11143, "log_pop": 3.9541, "log_mass": 6.389958}, {"country_iso": "MYS", "city_id": 11074, "log_pop": 4.122599, "log_mass": 6.406612}, {"country_iso": "MYS", "city_id": 10943, "log_pop": 4.18905, "log_mass": 6.488812}, {"country_iso": "MYS", "city_id": 11074, "log_pop": 3.913342, "log_mass": 6.222934}, {"country_iso": "MYS", "city_id": 12454, "log_pop": 3.943877, "log_mass": 6.262198}, {"country_iso": "MYS", "city_id": 10943, "log_pop": 4.296527, "log_mass": 6.58408}, {"country_iso": "MYS", "city_id": 10940, "log_pop": 2.219726, "log_mass": 4.86755}, {"country_iso": "MYS", "city_id": 10964, "log_pop": 3.094477, "log_mass": 5.377879}, {"country_iso": "MYS", "city_id": 11139, "log_pop": 0.26529, "log_mass": 3.051475}, {"country_iso": "MYS", "city_id": 12598, "log_pop": 3.670142, "log_mass": 6.07399}, {"country_iso": "MYS", "city_id": 11139, "log_pop": 3.286047, "log_mass": 5.751142}, {"country_iso": "MYS", "city_id": 11019, "log_pop": 3.896749, "log_mass": 6.41883}, {"country_iso": "MYS", "city_id": 12454, "log_pop": 3.93936, "log_mass": 6.241547}, {"country_iso": "MYS", "city_id": 11220, "log_pop": 3.118996, "log_mass": 5.661723}, {"country_iso": "MYS", "city_id": 11216, "log_pop": 2.716034, "log_mass": 5.195019}, {"country_iso": "MYS", "city_id": 11139, "log_pop": 3.121327, "log_mass": 5.535124}, {"country_iso": "MYS", "city_id": 11019, "log_pop": 2.684465, "log_mass": 4.995567}, {"country_iso": "MYS", "city_id": 12454, "log_pop": 4.129718, "log_mass": 6.389063}, {"country_iso": "MYS", "city_id": 11139, "log_pop": 3.449218, "log_mass": 5.813734}, {"country_iso": "MYS", "city_id": 11367, "log_pop": 4.219146, "log_mass": 6.425282}, {"country_iso": "MYS", "city_id": 12454, "log_pop": 3.923877, "log_mass": 6.290331}, {"country_iso": "MYS", "city_id": 12732, "log_pop": 4.014207, "log_mass": 6.212385}, {"country_iso": "MYS", "city_id": 10964, "log_pop": 2.117459, "log_mass": 4.439433}, {"country_iso": "MYS", "city_id": 11139, "log_pop": 4.196326, "log_mass": 6.441863}, {"country_iso": "MYS", "city_id": 12732, "log_pop": 4.440709, "log_mass": 6.638188}, {"country_iso": "MYS", "city_id": 12791, "log_pop": 3.915585, "log_mass": 6.129193}, {"country_iso": "MYS", "city_id": 10943, "log_pop": 2.653491, "log_mass": 5.216333}, {"country_iso": "MYS", "city_id": 12454, "log_pop": 3.767579, "log_mass": 6.131326}, {"country_iso": "MYS", "city_id": 12732, "log_pop": 3.881913, "log_mass": 6.073387}, {"country_iso": "MYS", "city_id": 12454, "log_pop": 4.213164, "log_mass": 6.524288}, {"country_iso": "MYS", "city_id": 11139, "log_pop": 4.307599, "log_mass": 6.589793}, {"country_iso": "MYS", "city_id": 12598, "log_pop": 4.223195, "log_mass": 6.593656}, {"country_iso": "MYS", "city_id": 11139, "log_pop": 4.158839, "log_mass": 6.471539}, {"country_iso": "MYS", "city_id": 10956, "log_pop": 4.021372, "log_mass": 6.143002}, {"country_iso": "MYS", "city_id": 10940, "log_pop": 2.911802, "log_mass": 5.280986}, {"country_iso": "MYS", "city_id": 11266, "log_pop": 1.609589, "log_mass": 4.548908}, {"country_iso": "MYS", "city_id": 11139, "log_pop": 4.532488, "log_mass": 6.661268}, {"country_iso": "MYS", "city_id": 11139, "log_pop": 4.009196, "log_mass": 6.352899}, {"country_iso": "MYS", "city_id": 10956, "log_pop": 3.536903, "log_mass": 5.895395}, {"country_iso": "MYS", "city_id": 11139, "log_pop": 4.400535, "log_mass": 6.481618}, {"country_iso": "MYS", "city_id": 11220, "log_pop": 3.939017, "log_mass": 6.114478}, {"country_iso": "MYS", "city_id": 11220, "log_pop": 2.426242, "log_mass": 4.650751}, {"country_iso": "MYS", "city_id": 11139, "log_pop": 4.307356, "log_mass": 6.512023}, {"country_iso": "MYS", "city_id": 11074, "log_pop": 3.982388, "log_mass": 6.380996}, {"country_iso": "MYS", "city_id": 11139, "log_pop": 4.250392, "log_mass": 6.622277}, {"country_iso": "MYS", "city_id": 11420, "log_pop": 2.717002, "log_mass": 5.221559}, {"country_iso": "MYS", "city_id": 12598, "log_pop": 1.10862, "log_mass": 4.123178}, {"country_iso": "MYS", "city_id": 11139, "log_pop": 4.092792, "log_mass": 6.419477}, {"country_iso": "MYS", "city_id": 12732, "log_pop": 4.13249, "log_mass": 6.340005}, {"country_iso": "MYS", "city_id": 11266, "log_pop": 4.103153, "log_mass": 6.328528}, {"country_iso": "MYS", "city_id": 11074, "log_pop": 4.022001, "log_mass": 6.371012}, {"country_iso": "MYS", "city_id": 11266, "log_pop": 3.530415, "log_mass": 6.028306}, {"country_iso": "MYS", "city_id": 11019, "log_pop": 4.169182, "log_mass": 6.450276}, {"country_iso": "MYS", "city_id": 11367, "log_pop": 3.307145, "log_mass": 5.811419}, {"country_iso": "MYS", "city_id": 11139, "log_pop": 4.762015, "log_mass": 6.627539}, {"country_iso": "MYS", "city_id": 11139, "log_pop": 4.245666, "log_mass": 6.432462}, {"country_iso": "MYS", "city_id": 11496, "log_pop": 3.580966, "log_mass": 5.955316}, {"country_iso": "MYS", "city_id": 10940, "log_pop": 4.550674, "log_mass": 6.617969}, {"country_iso": "MYS", "city_id": 10940, "log_pop": 4.217683, "log_mass": 6.422968}, {"country_iso": "MYS", "city_id": 10940, "log_pop": 4.594056, "log_mass": 6.555962}, {"country_iso": "MYS", "city_id": 11139, "log_pop": 3.68061, "log_mass": 5.909325}, {"country_iso": "MYS", "city_id": 11139, "log_pop": 4.162725, "log_mass": 6.334565}, {"country_iso": "MYS", "city_id": 11420, "log_pop": 1.621337, "log_mass": 4.244016}, {"country_iso": "MYS", "city_id": 11139, "log_pop": 3.804543, "log_mass": 6.237508}, {"country_iso": "MYS", "city_id": 11321, "log_pop": 4.079493, "log_mass": 6.360294}, {"country_iso": "MYS", "city_id": 12791, "log_pop": 1.588602, "log_mass": 4.184147}, {"country_iso": "MYS", "city_id": 10940, "log_pop": 4.290174, "log_mass": 6.6379}, {"country_iso": "MYS", "city_id": 10964, "log_pop": 3.971038, "log_mass": 6.25341}, {"country_iso": "MYS", "city_id": 11139, "log_pop": 3.681944, "log_mass": 6.111196}, {"country_iso": "MYS", "city_id": 11139, "log_pop": 4.621775, "log_mass": 6.605112}, {"country_iso": "MYS", "city_id": 10964, "log_pop": 3.746363, "log_mass": 6.09126}, {"country_iso": "MYS", "city_id": 12454, "log_pop": 3.578558, "log_mass": 5.958166}, {"country_iso": "MYS", "city_id": 11496, "log_pop": 3.575538, "log_mass": 5.96185}, {"country_iso": "MYS", "city_id": 11139, "log_pop": 4.084597, "log_mass": 6.503036}, {"country_iso": "MYS", "city_id": 11367, "log_pop": 4.052734, "log_mass": 6.267433}, {"country_iso": "MYS", "city_id": 11139, "log_pop": 4.002046, "log_mass": 6.248747}, {"country_iso": "MYS", "city_id": 11139, "log_pop": 3.518647, "log_mass": 5.847636}, {"country_iso": "MYS", "city_id": 11139, "log_pop": 4.394396, "log_mass": 6.655268}, {"country_iso": "MYS", "city_id": 12791, "log_pop": 3.507409, "log_mass": 5.856815}, {"country_iso": "MYS", "city_id": 10940, "log_pop": 4.34735, "log_mass": 6.605365}, {"country_iso": "MYS", "city_id": 11139, "log_pop": 4.618672, "log_mass": 6.695242}, {"country_iso": "MYS", "city_id": 12454, "log_pop": 3.856893, "log_mass": 6.199802}, {"country_iso": "MYS", "city_id": 11139, "log_pop": 4.141877, "log_mass": 6.408049}, {"country_iso": "MYS", "city_id": 10940, "log_pop": 3.914418, "log_mass": 5.895863}, {"country_iso": "MYS", "city_id": 11139, "log_pop": 4.380168, "log_mass": 6.377326}, {"country_iso": "MYS", "city_id": 11139, "log_pop": 1.893336, "log_mass": 4.16793}, {"country_iso": "MYS", "city_id": 11420, "log_pop": 1.27042, "log_mass": 3.878595}, {"country_iso": "MYS", "city_id": 11139, "log_pop": 4.527447, "log_mass": 6.746187}, {"country_iso": "MYS", "city_id": 11139, "log_pop": 3.622713, "log_mass": 6.004094}, {"country_iso": "MYS", "city_id": 11139, "log_pop": 3.010822, "log_mass": 5.443259}, {"country_iso": "MYS", "city_id": 11220, "log_pop": 1.872392, "log_mass": 4.593463}, {"country_iso": "MYS", "city_id": 11139, "log_pop": 3.696481, "log_mass": 6.225204}, {"country_iso": "MYS", "city_id": 11420, "log_pop": 4.206597, "log_mass": 6.518149}, {"country_iso": "MYS", "city_id": 12454, "log_pop": 4.237606, "log_mass": 6.559542}, {"country_iso": "MYS", "city_id": 11139, "log_pop": 4.352539, "log_mass": 6.433744}, {"country_iso": "MYS", "city_id": 11420, "log_pop": 1.786, "log_mass": 4.409867}, {"country_iso": "MYS", "city_id": 11321, "log_pop": 4.181583, "log_mass": 6.520118}, {"country_iso": "MYS", "city_id": 12732, "log_pop": 0.103192, "log_mass": 3.191423}, {"country_iso": "MYS", "city_id": 12793, "log_pop": 2.063567, "log_mass": 4.340961}, {"country_iso": "MYS", "city_id": 11139, "log_pop": 4.175729, "log_mass": 6.328345}, {"country_iso": "MYS", "city_id": 12793, "log_pop": 1.585463, "log_mass": 3.776024}, {"country_iso": "MYS", "city_id": 11266, "log_pop": 3.821576, "log_mass": 6.055832}, {"country_iso": "MYS", "city_id": 12793, "log_pop": 2.164928, "log_mass": 4.194142}, {"country_iso": "MYS", "city_id": 11496, "log_pop": 1.035665, "log_mass": 3.672242}, {"country_iso": "MYS", "city_id": 12732, "log_pop": 4.119208, "log_mass": 6.375955}, {"country_iso": "MYS", "city_id": 11266, "log_pop": 3.595069, "log_mass": 6.284083}, {"country_iso": "MYS", "city_id": 11216, "log_pop": 3.952439, "log_mass": 6.350261}, {"country_iso": "MYS", "city_id": 12454, "log_pop": 4.001044, "log_mass": 6.285942}, {"country_iso": "MYS", "city_id": 10943, "log_pop": 3.163467, "log_mass": 5.54713}, {"country_iso": "MYS", "city_id": 11139, "log_pop": 4.681891, "log_mass": 6.665662}, {"country_iso": "MYS", "city_id": 11496, "log_pop": 0.235561, "log_mass": 2.919617}, {"country_iso": "MYS", "city_id": 11220, "log_pop": 4.182597, "log_mass": 6.405582}, {"country_iso": "MYS", "city_id": 10964, "log_pop": 3.496051, "log_mass": 5.861398}, {"country_iso": "MYS", "city_id": 11139, "log_pop": 4.333667, "log_mass": 6.459816}, {"country_iso": "MYS", "city_id": 11139, "log_pop": 3.858686, "log_mass": 6.294163}, {"country_iso": "MYS", "city_id": 12732, "log_pop": 1.393559, "log_mass": 4.180715}, {"country_iso": "MYS", "city_id": 10940, "log_pop": 3.534342, "log_mass": 5.766337}, {"country_iso": "MYS", "city_id": 11139, "log_pop": 2.842509, "log_mass": 5.413819}, {"country_iso": "MYS", "city_id": 11139, "log_pop": 3.020947, "log_mass": 5.602763}, {"country_iso": "MYS", "city_id": 11321, "log_pop": 4.078619, "log_mass": 6.367179}, {"country_iso": "MYS", "city_id": 11139, "log_pop": 3.375665, "log_mass": 5.749025}, {"country_iso": "MYS", "city_id": 11266, "log_pop": 4.176972, "log_mass": 6.499954}, {"country_iso": "MYS", "city_id": 11420, "log_pop": 3.349666, "log_mass": 5.746728}, {"country_iso": "MYS", "city_id": 12791, "log_pop": 3.485263, "log_mass": 6.029893}, {"country_iso": "MYS", "city_id": 11143, "log_pop": 4.045417, "log_mass": 6.612161}, {"country_iso": "MYS", "city_id": 11139, "log_pop": 3.875698, "log_mass": 5.868148}, {"country_iso": "MYS", "city_id": 11496, "log_pop": 4.156231, "log_mass": 6.429978}, {"country_iso": "MYS", "city_id": 11496, "log_pop": 3.640437, "log_mass": 6.208515}, {"country_iso": "MYS", "city_id": 11139, "log_pop": 4.257678, "log_mass": 6.480258}, {"country_iso": "MYS", "city_id": 11216, "log_pop": 2.697961, "log_mass": 4.981617}, {"country_iso": "MYS", "city_id": 11216, "log_pop": 4.076727, "log_mass": 6.377689}, {"country_iso": "MYS", "city_id": 11139, "log_pop": 3.49808, "log_mass": 6.060116}, {"country_iso": "MYS", "city_id": 12598, "log_pop": 3.773039, "log_mass": 6.310725}, {"country_iso": "MYS", "city_id": 11266, "log_pop": 2.778892, "log_mass": 5.278817}, {"country_iso": "MYS", "city_id": 10964, "log_pop": 1.523704, "log_mass": 3.964106}, {"country_iso": "MYS", "city_id": 11139, "log_pop": 4.173757, "log_mass": 6.49658}, {"country_iso": "MYS", "city_id": 10943, "log_pop": 3.993934, "log_mass": 6.200836}, {"country_iso": "MYS", "city_id": 11266, "log_pop": 3.855317, "log_mass": 6.118773}, {"country_iso": "MYS", "city_id": 12454, "log_pop": 3.796633, "log_mass": 6.093183}, {"country_iso": "MYS", "city_id": 12598, "log_pop": 3.778395, "log_mass": 6.106205}, {"country_iso": "MYS", "city_id": 12791, "log_pop": 2.68429, "log_mass": 5.372338}, {"country_iso": "MYS", "city_id": 10964, "log_pop": 4.123858, "log_mass": 6.480258}, {"country_iso": "MYS", "city_id": 12732, "log_pop": 4.252232, "log_mass": 6.440219}, {"country_iso": "MYS", "city_id": 11266, "log_pop": 2.272577, "log_mass": 4.872223}, {"country_iso": "MYS", "city_id": 12732, "log_pop": 4.094451, "log_mass": 6.351949}, {"country_iso": "MYS", "city_id": 10982, "log_pop": 3.96034, "log_mass": 6.280251}, {"country_iso": "MYS", "city_id": 12454, "log_pop": 2.918993, "log_mass": 5.238024}, {"country_iso": "MYS", "city_id": 10956, "log_pop": 2.511767, "log_mass": 5.162027}, {"country_iso": "MYS", "city_id": 11139, "log_pop": 3.564755, "log_mass": 6.079855}, {"country_iso": "MYS", "city_id": 11139, "log_pop": 3.298484, "log_mass": 5.775813}, {"country_iso": "MYS", "city_id": 11139, "log_pop": 4.361673, "log_mass": 6.685657}, {"country_iso": "MYS", "city_id": 10956, "log_pop": 3.744813, "log_mass": 6.442571}, {"country_iso": "MYS", "city_id": 11019, "log_pop": 2.943524, "log_mass": 5.439038}, {"country_iso": "MYS", "city_id": 10956, "log_pop": 3.293821, "log_mass": 5.724049}, {"country_iso": "MYS", "city_id": 11143, "log_pop": 3.473004, "log_mass": 5.945178}, {"country_iso": "MYS", "city_id": 11266, "log_pop": 4.057115, "log_mass": 6.271582}, {"country_iso": "MYS", "city_id": 12732, "log_pop": 1.923981, "log_mass": 4.41468}, {"country_iso": "MYS", "city_id": 12732, "log_pop": 4.278001, "log_mass": 6.508286}, {"country_iso": "MYS", "city_id": 12598, "log_pop": 3.458226, "log_mass": 6.053102}, {"country_iso": "MYS", "city_id": 11139, "log_pop": 3.917127, "log_mass": 6.475744}, {"country_iso": "MYS", "city_id": 10982, "log_pop": 3.691835, "log_mass": 5.738177}, {"country_iso": "MYS", "city_id": 11139, "log_pop": 2.930994, "log_mass": 5.451636}, {"country_iso": "MYS", "city_id": 10940, "log_pop": 4.161463, "log_mass": 6.292723}, {"country_iso": "MYS", "city_id": 11266, "log_pop": 3.460439, "log_mass": 5.939395}, {"country_iso": "MYS", "city_id": 11367, "log_pop": 3.887123, "log_mass": 6.108016}, {"country_iso": "MYS", "city_id": 10982, "log_pop": 2.925494, "log_mass": 5.442362}, {"country_iso": "MYS", "city_id": 12732, "log_pop": 4.027546, "log_mass": 6.315226}, {"country_iso": "MYS", "city_id": 11139, "log_pop": 3.801624, "log_mass": 6.343285}, {"country_iso": "MYS", "city_id": 11216, "log_pop": 3.842326, "log_mass": 6.14804}, {"country_iso": "MYS", "city_id": 11216, "log_pop": 3.7741, "log_mass": 6.192149}, {"country_iso": "MYS", "city_id": 12732, "log_pop": 4.268744, "log_mass": 6.528123}, {"country_iso": "MYS", "city_id": 11139, "log_pop": 4.489727, "log_mass": 6.705289}, {"country_iso": "MYS", "city_id": 11074, "log_pop": 3.79378, "log_mass": 6.220392}, {"country_iso": "MYS", "city_id": 11266, "log_pop": 3.686898, "log_mass": 6.105064}, {"country_iso": "MYS", "city_id": 12791, "log_pop": 4.266371, "log_mass": 6.359192}, {"country_iso": "MYS", "city_id": 10940, "log_pop": 4.302004, "log_mass": 6.187978}, {"country_iso": "MYS", "city_id": 10956, "log_pop": 3.337484, "log_mass": 5.647069}, {"country_iso": "MYS", "city_id": 11266, "log_pop": 3.726003, "log_mass": 6.158059}, {"country_iso": "MYS", "city_id": 11139, "log_pop": 4.570233, "log_mass": 6.684603}, {"country_iso": "MYS", "city_id": 10940, "log_pop": 4.315959, "log_mass": 6.438664}, {"country_iso": "MYS", "city_id": 11420, "log_pop": 3.066937, "log_mass": 5.466074}, {"country_iso": "MYS", "city_id": 10943, "log_pop": 3.586548, "log_mass": 5.960678}, {"country_iso": "MYS", "city_id": 11074, "log_pop": 4.14561, "log_mass": 6.389429}, {"country_iso": "MYS", "city_id": 11019, "log_pop": 4.254741, "log_mass": 6.488}, {"country_iso": "MYS", "city_id": 11139, "log_pop": 3.731892, "log_mass": 6.164375}, {"country_iso": "MYS", "city_id": 11139, "log_pop": 4.547718, "log_mass": 6.661629}, {"country_iso": "MYS", "city_id": 11019, "log_pop": 1.216521, "log_mass": 4.007268}, {"country_iso": "MYS", "city_id": 12732, "log_pop": 2.579743, "log_mass": 4.970053}, {"country_iso": "MYS", "city_id": 11139, "log_pop": 2.594603, "log_mass": 5.219294}, {"country_iso": "MYS", "city_id": 10964, "log_pop": 3.350921, "log_mass": 5.681295}, {"country_iso": "MYS", "city_id": 11216, "log_pop": 3.921355, "log_mass": 6.152344}, {"country_iso": "MYS", "city_id": 11139, "log_pop": 4.851161, "log_mass": 6.719894}, {"country_iso": "MYS", "city_id": 11420, "log_pop": 3.332185, "log_mass": 5.749501}, {"country_iso": "MYS", "city_id": 11321, "log_pop": 2.098347, "log_mass": 4.918601}, {"country_iso": "MYS", "city_id": 11216, "log_pop": 1.635426, "log_mass": 4.74267}, {"country_iso": "MYS", "city_id": 10956, "log_pop": 3.032356, "log_mass": 5.449171}, {"country_iso": "MYS", "city_id": 10943, "log_pop": 3.666451, "log_mass": 6.062761}, {"country_iso": "MYS", "city_id": 11139, "log_pop": 4.478319, "log_mass": 6.660589}, {"country_iso": "MYS", "city_id": 11074, "log_pop": 3.968845, "log_mass": 6.163329}, {"country_iso": "MYS", "city_id": 11367, "log_pop": 3.94612, "log_mass": 6.349668}, {"country_iso": "MYS", "city_id": 11266, "log_pop": 3.949023, "log_mass": 6.211336}, {"country_iso": "MYS", "city_id": 11139, "log_pop": 4.593182, "log_mass": 6.582784}, {"country_iso": "MYS", "city_id": 12454, "log_pop": 3.167006, "log_mass": 5.728022}, {"country_iso": "MYS", "city_id": 10956, "log_pop": 3.138603, "log_mass": 5.551996}, {"country_iso": "MYS", "city_id": 11074, "log_pop": 4.177451, "log_mass": 6.457749}, {"country_iso": "MYS", "city_id": 11074, "log_pop": 3.037182, "log_mass": 5.38275}, {"country_iso": "MYS", "city_id": 11139, "log_pop": 4.139964, "log_mass": 6.671083}, {"country_iso": "MYS", "city_id": 11019, "log_pop": 3.42887, "log_mass": 5.727904}, {"country_iso": "MYS", "city_id": 10964, "log_pop": 3.743582, "log_mass": 6.121564}, {"country_iso": "MYS", "city_id": 11216, "log_pop": 4.26365, "log_mass": 6.47837}, {"country_iso": "MYS", "city_id": 11139, "log_pop": 4.434922, "log_mass": 6.658558}, {"country_iso": "MYS", "city_id": 11139, "log_pop": 4.462893, "log_mass": 6.533305}, {"country_iso": "MYS", "city_id": 11074, "log_pop": 1.712392, "log_mass": 4.738758}, {"country_iso": "MYS", "city_id": 11139, "log_pop": 3.885548, "log_mass": 5.992766}, {"country_iso": "MYS", "city_id": 12791, "log_pop": 2.557676, "log_mass": 5.472422}, {"country_iso": "MYS", "city_id": 12732, "log_pop": 4.22431, "log_mass": 6.380466}, {"country_iso": "MYS", "city_id": 12732, "log_pop": 3.115943, "log_mass": 5.565396}, {"country_iso": "MYS", "city_id": 11139, "log_pop": 4.298558, "log_mass": 6.43754}, {"country_iso": "MYS", "city_id": 12732, "log_pop": 3.223599, "log_mass": 5.507539}, {"country_iso": "MYS", "city_id": 11139, "log_pop": 4.489596, "log_mass": 6.520911}, {"country_iso": "MYS", "city_id": 12732, "log_pop": 3.315261, "log_mass": 5.595646}, {"country_iso": "MYS", "city_id": 11367, "log_pop": 3.652194, "log_mass": 5.903389}, {"country_iso": "MYS", "city_id": 11367, "log_pop": 3.190453, "log_mass": 5.679222}, {"country_iso": "MYS", "city_id": 12454, "log_pop": 3.606961, "log_mass": 6.106519}, {"country_iso": "MYS", "city_id": 11139, "log_pop": 4.672856, "log_mass": 6.48708}, {"country_iso": "MYS", "city_id": 11139, "log_pop": 3.692516, "log_mass": 6.150257}, {"country_iso": "MYS", "city_id": 11139, "log_pop": 4.354627, "log_mass": 6.571824}, {"country_iso": "MYS", "city_id": 10982, "log_pop": 0.167828, "log_mass": 3.924895}, {"country_iso": "MYS", "city_id": 12732, "log_pop": 2.667645, "log_mass": 5.285034}, {"country_iso": "MYS", "city_id": 11420, "log_pop": 3.325281, "log_mass": 5.69298}, {"country_iso": "MYS", "city_id": 12732, "log_pop": 2.847365, "log_mass": 5.105233}, {"country_iso": "MYS", "city_id": 10964, "log_pop": 1.97987, "log_mass": 4.78759}, {"country_iso": "MYS", "city_id": 11139, "log_pop": 4.377994, "log_mass": 6.698529}, {"country_iso": "MYS", "city_id": 10956, "log_pop": 4.472981, "log_mass": 6.652674}, {"country_iso": "MYS", "city_id": 11216, "log_pop": 4.003516, "log_mass": 6.290384}, {"country_iso": "MYS", "city_id": 11074, "log_pop": 1.462163, "log_mass": 4.179002}, {"country_iso": "MYS", "city_id": 12598, "log_pop": 3.254635, "log_mass": 5.942361}, {"country_iso": "MYS", "city_id": 10956, "log_pop": 2.886356, "log_mass": 5.611038}, {"country_iso": "MYS", "city_id": 11139, "log_pop": 3.221656, "log_mass": 5.910339}, {"country_iso": "MYS", "city_id": 11139, "log_pop": 3.256675, "log_mass": 5.672981}, {"country_iso": "MYS", "city_id": 11019, "log_pop": 4.180453, "log_mass": 6.379086}, {"country_iso": "MYS", "city_id": 12793, "log_pop": 1.839098, "log_mass": 3.994099}, {"country_iso": "MYS", "city_id": 10943, "log_pop": 1.285297, "log_mass": 3.762639}, {"country_iso": "MYS", "city_id": 11220, "log_pop": 3.985471, "log_mass": 6.23357}, {"country_iso": "MYS", "city_id": 11367, "log_pop": 3.634412, "log_mass": 6.041686}, {"country_iso": "MYS", "city_id": 11216, "log_pop": 3.606623, "log_mass": 5.99233}, {"country_iso": "MYS", "city_id": 11139, "log_pop": 2.604722, "log_mass": 5.23105}, {"country_iso": "MYS", "city_id": 11139, "log_pop": 4.558713, "log_mass": 6.658836}, {"country_iso": "MYS", "city_id": 10982, "log_pop": 3.816842, "log_mass": 6.065284}, {"country_iso": "MYS", "city_id": 11143, "log_pop": 3.493067, "log_mass": 6.189416}, {"country_iso": "MYS", "city_id": 12793, "log_pop": 4.093687, "log_mass": 6.208746}, {"country_iso": "MYS", "city_id": 11139, "log_pop": 4.003732, "log_mass": 6.392654}, {"country_iso": "MYS", "city_id": 11074, "log_pop": 4.089088, "log_mass": 6.464059}, {"country_iso": "MYS", "city_id": 11139, "log_pop": 4.358543, "log_mass": 6.487679}, {"country_iso": "MYS", "city_id": 10940, "log_pop": 1.97077, "log_mass": 4.657297}, {"country_iso": "MYS", "city_id": 11216, "log_pop": 4.066302, "log_mass": 6.360776}, {"country_iso": "MYS", "city_id": 11139, "log_pop": 4.251481, "log_mass": 6.341569}, {"country_iso": "MYS", "city_id": 11139, "log_pop": 4.405945, "log_mass": 6.748045}, {"country_iso": "MYS", "city_id": 12454, "log_pop": 3.716251, "log_mass": 6.204314}, {"country_iso": "MYS", "city_id": 11266, "log_pop": 4.398334, "log_mass": 6.638755}, {"country_iso": "MYS", "city_id": 10940, "log_pop": 4.220013, "log_mass": 6.365596}, {"country_iso": "MYS", "city_id": 12454, "log_pop": 3.534617, "log_mass": 5.958399}, {"country_iso": "MYS", "city_id": 10943, "log_pop": 1.426195, "log_mass": 3.847829}, {"country_iso": "MYS", "city_id": 11139, "log_pop": 4.296359, "log_mass": 6.621167}, {"country_iso": "MYS", "city_id": 10956, "log_pop": 4.386258, "log_mass": 6.600233}, {"country_iso": "MYS", "city_id": 10982, "log_pop": 3.186635, "log_mass": 5.494865}, {"country_iso": "MYS", "city_id": 11266, "log_pop": 4.182538, "log_mass": 6.491699}, {"country_iso": "MYS", "city_id": 11139, "log_pop": 4.450009, "log_mass": 6.686902}, {"country_iso": "MYS", "city_id": 12454, "log_pop": 2.225724, "log_mass": 4.800451}, {"country_iso": "MYS", "city_id": 12732, "log_pop": 3.375491, "log_mass": 5.760758}, {"country_iso": "MYS", "city_id": 10964, "log_pop": 3.819731, "log_mass": 6.082628}, {"country_iso": "MYS", "city_id": 11266, "log_pop": 3.207238, "log_mass": 5.67682}, {"country_iso": "MYS", "city_id": 10943, "log_pop": 3.745874, "log_mass": 6.059825}, {"country_iso": "MYS", "city_id": 11074, "log_pop": 3.580527, "log_mass": 6.281567}, {"country_iso": "MYS", "city_id": 10964, "log_pop": 1.353243, "log_mass": 4.400677}, {"country_iso": "MYS", "city_id": 10982, "log_pop": 3.857957, "log_mass": 6.170871}, {"country_iso": "MYS", "city_id": 12732, "log_pop": 2.71976, "log_mass": 5.288709}, {"country_iso": "MYS", "city_id": 11139, "log_pop": 4.759411, "log_mass": 6.650727}, {"country_iso": "MYS", "city_id": 11074, "log_pop": 2.695762, "log_mass": 5.274552}, {"country_iso": "MYS", "city_id": 11139, "log_pop": 3.167544, "log_mass": 5.744128}, {"country_iso": "MYS", "city_id": 11367, "log_pop": 2.607656, "log_mass": 5.134189}, {"country_iso": "MYS", "city_id": 11139, "log_pop": 4.004512, "log_mass": 6.311963}, {"country_iso": "MYS", "city_id": 11139, "log_pop": 4.551998, "log_mass": 6.593312}, {"country_iso": "MYS", "city_id": 11139, "log_pop": 4.288462, "log_mass": 6.438448}, {"country_iso": "MYS", "city_id": 11216, "log_pop": 4.120069, "log_mass": 6.389278}, {"country_iso": "MYS", "city_id": 12598, "log_pop": 2.168244, "log_mass": 4.771569}, {"country_iso": "MYS", "city_id": 11420, "log_pop": 3.721811, "log_mass": 6.159709}, {"country_iso": "MYS", "city_id": 10964, "log_pop": 2.885491, "log_mass": 5.354818}, {"country_iso": "MYS", "city_id": 11139, "log_pop": 3.952991, "log_mass": 6.452501}, {"country_iso": "MYS", "city_id": 12793, "log_pop": 3.011341, "log_mass": 5.376541}, {"country_iso": "MYS", "city_id": 11139, "log_pop": 3.28667, "log_mass": 5.531073}, {"country_iso": "MYS", "city_id": 11266, "log_pop": 3.356832, "log_mass": 5.766695}, {"country_iso": "MYS", "city_id": 11139, "log_pop": 4.19844, "log_mass": 6.183845}, {"country_iso": "MYS", "city_id": 11321, "log_pop": 3.376275, "log_mass": 5.716305}, {"country_iso": "MYS", "city_id": 11139, "log_pop": 4.54863, "log_mass": 6.669951}, {"country_iso": "MYS", "city_id": 11139, "log_pop": 3.69916, "log_mass": 6.23809}, {"country_iso": "MYS", "city_id": 11139, "log_pop": 2.051457, "log_mass": 5.05677}, {"country_iso": "MYS", "city_id": 11367, "log_pop": 3.667503, "log_mass": 5.986641}, {"country_iso": "MYS", "city_id": 11139, "log_pop": 3.357909, "log_mass": 5.90256}, {"country_iso": "MYS", "city_id": 11139, "log_pop": 4.247951, "log_mass": 6.489424}, {"country_iso": "MYS", "city_id": 11367, "log_pop": 3.588919, "log_mass": 6.140954}, {"country_iso": "MYS", "city_id": 11139, "log_pop": 4.383779, "log_mass": 6.455433}, {"country_iso": "MYS", "city_id": 10940, "log_pop": 4.099719, "log_mass": 6.119332}, {"country_iso": "MYS", "city_id": 11074, "log_pop": 0.725466, "log_mass": 3.639254}, {"country_iso": "MYS", "city_id": 12732, "log_pop": 0.400933, "log_mass": 2.689184}, {"country_iso": "MYS", "city_id": 11074, "log_pop": 3.43934, "log_mass": 5.822647}, {"country_iso": "MYS", "city_id": 11139, "log_pop": 4.477211, "log_mass": 6.726549}, {"country_iso": "MYS", "city_id": 11139, "log_pop": 4.727839, "log_mass": 6.624841}, {"country_iso": "MYS", "city_id": 11220, "log_pop": 2.107542, "log_mass": 4.506907}, {"country_iso": "MYS", "city_id": 11139, "log_pop": 4.382471, "log_mass": 6.469165}]