[{"country_iso":"GIN","city_id":1502,"log_pop":4.1877350596,"log_mass":6.0738970244},{"country_iso":"GIN","city_id":1502,"log_pop":3.7951597373,"log_mass":6.4044208417},{"country_iso":"GIN","city_id":1502,"log_pop":3.5903903263,"log_mass":6.3350942241},{"country_iso":"GIN","city_id":1502,"log_pop":1.7806093621,"log_mass":5.1653675507},{"country_iso":"GIN","city_id":1502,"log_pop":4.4765811876,"log_mass":6.5430097425},{"country_iso":"GIN","city_id":1502,"log_pop":4.6637957877,"log_mass":6.5984445032},{"country_iso":"GIN","city_id":1502,"log_pop":4.2504477897,"log_mass":6.0880504621},{"country_iso":"GIN","city_id":1502,"log_pop":4.4794669926,"log_mass":6.5502239099},{"country_iso":"GIN","city_id":1502,"log_pop":4.2210669,"log_mass":6.2075978236},{"country_iso":"GIN","city_id":1502,"log_pop":4.4794958716,"log_mass":6.6037234065},{"country_iso":"GIN","city_id":1502,"log_pop":4.132035048,"log_mass":6.3003622772},{"country_iso":"GIN","city_id":1502,"log_pop":4.4206695828,"log_mass":6.587557112},{"country_iso":"GIN","city_id":1502,"log_pop":3.2439392765,"log_mass":5.330816318},{"country_iso":"GIN","city_id":1502,"log_pop":4.2962700861,"log_mass":6.5352896887},{"country_iso":"GIN","city_id":1502,"log_pop":3.0849090513,"log_mass":5.0811657861},{"country_iso":"GIN","city_id":1502,"log_pop":4.3748864802,"log_mass":6.5716950869},{"country_iso":"GIN","city_id":1502,"log_pop":4.4788121037,"log_mass":6.2889061264},{"country_iso":"GIN","city_id":1502,"log_pop":4.75657947,"log_mass":6.5368110467},{"country_iso":"GIN","city_id":1502,"log_pop":3.7349459769,"log_mass":5.5433003015},{"country_iso":"GIN","city_id":1502,"log_pop":4.6746043351,"log_mass":6.5314276812},{"country_iso":"GIN","city_id":1502,"log_pop":0.1204202708,"log_mass":4.8359937986},{"country_iso":"GIN","city_id":1502,"log_pop":4.6361994497,"log_mass":6.6178734903},{"country_iso":"GIN","city_id":1502,"log_pop":4.3915355251,"log_mass":6.5676817281},{"country_iso":"GIN","city_id":1502,"log_pop":4.4350660491,"log_mass":6.425540186},{"country_iso":"GIN","city_id":1502,"log_pop":4.4327491382,"log_mass":6.5381715663},{"country_iso":"GIN","city_id":1502,"log_pop":4.4345937074,"log_mass":6.5164792716},{"country_iso":"GIN","city_id":1502,"log_pop":4.2111743147,"log_mass":6.4631377074},{"country_iso":"GIN","city_id":1502,"log_pop":4.2818393541,"log_mass":6.5154498999},{"country_iso":"GIN","city_id":1502,"log_pop":4.1633084528,"log_mass":6.291046328},{"country_iso":"GIN","city_id":1502,"log_pop":2.3174654757,"log_mass":4.4566215748},{"country_iso":"GIN","city_id":1502,"log_pop":3.8904751525,"log_mass":5.8429927007},{"country_iso":"GIN","city_id":1502,"log_pop":2.7022295252,"log_mass":4.9680405032},{"country_iso":"GIN","city_id":1502,"log_pop":4.4476844385,"log_mass":6.5473068767},{"country_iso":"GIN","city_id":1502,"log_pop":4.1306158017,"log_mass":6.1929936986},{"country_iso":"GIN","city_id":1502,"log_pop":3.8927407805,"log_mass":5.9175186852},{"country_iso":"GIN","city_id":1502,"log_pop":3.3733681169,"log_mass":5.8785279017},{"country_iso":"GIN","city_id":1502,"log_pop":3.0480465286,"log_mass":5.6642005366},{"country_iso":"GIN","city_id":1502,"log_pop":1.9323566286,"log_mass":4.6981428485},{"country_iso":"GIN","city_id":1502,"log_pop":3.4275417575,"log_mass":6.1466909313},{"country_iso":"GIN","city_id":1502,"log_pop":2.1602055449,"log_mass":4.8271976611},{"country_iso":"GIN","city_id":1502,"log_pop":3.9021811678,"log_mass":6.5363570494},{"country_iso":"GIN","city_id":1502,"log_pop":3.8712681061,"log_mass":6.3453424422},{"country_iso":"GIN","city_id":1502,"log_pop":4.4606412786,"log_mass":6.677030526},{"country_iso":"GIN","city_id":1502,"log_pop":3.8336976228,"log_mass":6.3165421214},{"country_iso":"GIN","city_id":1502,"log_pop":3.8340882991,"log_mass":6.1493082721},{"country_iso":"GIN","city_id":1502,"log_pop":4.4400020999,"log_mass":6.5568611571},{"country_iso":"GIN","city_id":1502,"log_pop":2.7431609045,"log_mass":4.8814871037},{"country_iso":"GIN","city_id":1502,"log_pop":1.5376502513,"log_mass":4.1717081952},{"country_iso":"GIN","city_id":1502,"log_pop":1.0047656456,"log_mass":3.554923148},{"country_iso":"GIN","city_id":1502,"log_pop":2.4198920033,"log_mass":4.5266334087},{"country_iso":"GIN","city_id":1502,"log_pop":0.5573571724,"log_mass":4.2648594175},{"country_iso":"GIN","city_id":1502,"log_pop":4.1023674596,"log_mass":6.2815965506},{"country_iso":"GIN","city_id":1502,"log_pop":4.185848595,"log_mass":6.4647345292},{"country_iso":"GIN","city_id":1502,"log_pop":3.3920792314,"log_mass":5.5028220633},{"country_iso":"GIN","city_id":1502,"log_pop":4.161243826,"log_mass":6.3902576553},{"country_iso":"GIN","city_id":1502,"log_pop":3.709868691,"log_mass":5.8397608389},{"country_iso":"GIN","city_id":1502,"log_pop":4.0448611079,"log_mass":6.1664700943},{"country_iso":"GIN","city_id":1502,"log_pop":3.3218311092,"log_mass":5.4857107318},{"country_iso":"GIN","city_id":1502,"log_pop":3.1028197391,"log_mass":5.5264764591},{"country_iso":"GIN","city_id":1502,"log_pop":3.3782263894,"log_mass":5.3386900495},{"country_iso":"GIN","city_id":1502,"log_pop":2.6509850268,"log_mass":4.9342298158},{"country_iso":"GIN","city_id":1502,"log_pop":3.3169368859,"log_mass":5.6206613214},{"country_iso":"GIN","city_id":1502,"log_pop":2.9783363066,"log_mass":5.2879821691},{"country_iso":"GIN","city_id":1502,"log_pop":2.9356086334,"log_mass":5.1733934626},{"country_iso":"GIN","city_id":1502,"log_pop":3.7174701516,"log_mass":6.0017570645},{"country_iso":"GIN","city_id":1502,"log_pop":3.6214190503,"log_mass":5.8192141823},{"country_iso":"GIN","city_id":1502,"log_pop":3.0177152446,"log_mass":5.1196067012},{"country_iso":"GIN","city_id":1502,"log_pop":1.3547713004,"log_mass":4.1916450754},{"country_iso":"GIN","city_id":1502,"log_pop":4.0837171964,"log_mass":6.0909089865},{"country_iso":"GIN","city_id":1502,"log_pop":3.6194891059,"log_mass":5.7824112085},{"country_iso":"GIN","city_id":1502,"log_pop":2.4105673442,"log_mass":4.6923349302},{"country_iso":"GIN","city_id":1502,"log_pop":4.1011159508,"log_mass":6.3519416334},{"country_iso":"GIN","city_id":1502,"log_pop":2.4451390735,"log_mass":4.6896665976},{"country_iso":"GIN","city_id":1502,"log_pop":3.5042619874,"log_mass":5.9888530597},{"country_iso":"GIN","city_id":1502,"log_pop":3.5773675656,"log_mass":5.7835665798},{"country_iso":"GIN","city_id":1502,"log_pop":3.3892840813,"log_mass":5.6694521555},{"country_iso":"GIN","city_id":1502,"log_pop":3.4102533682,"log_mass":5.5654100476},{"country_iso":"GIN","city_id":1502,"log_pop":1.7696644989,"log_mass":4.7145664334},{"country_iso":"GIN","city_id":1502,"log_pop":2.3900135943,"log_mass":5.1283306115},{"country_iso":"GIN","city_id":1502,"log_pop":2.8683739081,"log_mass":5.5960824547},{"country_iso":"GIN","city_id":1502,"log_pop":4.122163477,"log_mass":6.3760770988},{"country_iso":"GIN","city_id":1502,"log_pop":3.6937463776,"log_mass":5.9759237248},{"country_iso":"GIN","city_id":1502,"log_pop":4.1774933536,"log_mass":6.3248899386},{"country_iso":"GIN","city_id":1502,"log_pop":3.416833739,"log_mass":5.6900471785},{"country_iso":"GIN","city_id":1502,"log_pop":3.5032107999,"log_mass":5.844076824},{"country_iso":"GIN","city_id":1502,"log_pop":3.976603017,"log_mass":6.0877348076},{"country_iso":"GIN","city_id":1502,"log_pop":3.9043383658,"log_mass":6.0824984525},{"country_iso":"GIN","city_id":1502,"log_pop":1.6047235945,"log_mass":4.4555879464},{"country_iso":"GIN","city_id":1545,"log_pop":2.2803769836,"log_mass":5.5494730139},{"country_iso":"GIN","city_id":1545,"log_pop":3.3340759504,"log_mass":5.8451046772},{"country_iso":"GIN","city_id":1545,"log_pop":3.0109590087,"log_mass":5.0761339011},{"country_iso":"GIN","city_id":1545,"log_pop":4.1087391964,"log_mass":6.3513325818},{"country_iso":"GIN","city_id":1545,"log_pop":4.195720345,"log_mass":6.3854229929},{"country_iso":"GIN","city_id":1545,"log_pop":2.4632175227,"log_mass":5.7094405015},{"country_iso":"GIN","city_id":1545,"log_pop":3.0012860173,"log_mass":5.219359222},{"country_iso":"GIN","city_id":1545,"log_pop":2.8827411116,"log_mass":5.3229341636},{"country_iso":"GIN","city_id":1545,"log_pop":4.1719788767,"log_mass":6.3969130987},{"country_iso":"GIN","city_id":1545,"log_pop":2.4994691693,"log_mass":4.7168743207},{"country_iso":"GIN","city_id":1545,"log_pop":3.4940991253,"log_mass":5.9598327435},{"country_iso":"GIN","city_id":1545,"log_pop":3.878806515,"log_mass":6.0370281344},{"country_iso":"GIN","city_id":1545,"log_pop":2.9256273996,"log_mass":5.2397552903},{"country_iso":"GIN","city_id":1545,"log_pop":1.9856888608,"log_mass":4.2810801182},{"country_iso":"GIN","city_id":1545,"log_pop":4.2861768627,"log_mass":6.4174587098},{"country_iso":"GIN","city_id":1545,"log_pop":3.7680414435,"log_mass":5.9490577078},{"country_iso":"GIN","city_id":1545,"log_pop":3.8142929862,"log_mass":6.0115343269},{"country_iso":"GIN","city_id":1515,"log_pop":3.0198925339,"log_mass":5.4015838892},{"country_iso":"GIN","city_id":1515,"log_pop":3.9566904993,"log_mass":6.2960327722},{"country_iso":"GIN","city_id":1515,"log_pop":1.6708847232,"log_mass":4.1339799075},{"country_iso":"GIN","city_id":1515,"log_pop":3.9700688261,"log_mass":6.3390620948},{"country_iso":"GIN","city_id":1515,"log_pop":1.0360637737,"log_mass":3.5585970371},{"country_iso":"GIN","city_id":1515,"log_pop":3.289281842,"log_mass":5.5584562436},{"country_iso":"GIN","city_id":1515,"log_pop":3.5595737318,"log_mass":5.9292019837},{"country_iso":"GIN","city_id":1515,"log_pop":2.8004180821,"log_mass":5.3905780183},{"country_iso":"GIN","city_id":1515,"log_pop":3.2304398832,"log_mass":5.6082637214},{"country_iso":"GIN","city_id":1515,"log_pop":0.500680274,"log_mass":3.8072747845},{"country_iso":"GIN","city_id":1515,"log_pop":4.1009627692,"log_mass":6.5182938748},{"country_iso":"GIN","city_id":1515,"log_pop":3.1564709263,"log_mass":5.5228506851},{"country_iso":"GIN","city_id":1515,"log_pop":3.7385142875,"log_mass":6.0889590093},{"country_iso":"GIN","city_id":1515,"log_pop":4.0187939303,"log_mass":6.4107608836},{"country_iso":"GIN","city_id":1512,"log_pop":1.9888278989,"log_mass":4.465030059},{"country_iso":"GIN","city_id":1512,"log_pop":1.9415913753,"log_mass":4.2542304355},{"country_iso":"GIN","city_id":1512,"log_pop":3.4590938829,"log_mass":5.9781954998},{"country_iso":"GIN","city_id":1512,"log_pop":3.1710774896,"log_mass":5.8488126503},{"country_iso":"GIN","city_id":1512,"log_pop":0.5180555887,"log_mass":4.3611508506},{"country_iso":"GIN","city_id":1512,"log_pop":2.3982917651,"log_mass":5.2872124592},{"country_iso":"GIN","city_id":1512,"log_pop":1.7676538763,"log_mass":4.7353282425},{"country_iso":"GIN","city_id":1512,"log_pop":3.4756507881,"log_mass":5.9679270643},{"country_iso":"GIN","city_id":1512,"log_pop":3.0167449563,"log_mass":5.6043474774},{"country_iso":"GIN","city_id":1512,"log_pop":1.9436740604,"log_mass":4.4202533686},{"country_iso":"GIN","city_id":1512,"log_pop":3.5454328841,"log_mass":6.1209863908},{"country_iso":"GIN","city_id":1512,"log_pop":3.2313525497,"log_mass":5.8272314729},{"country_iso":"GIN","city_id":1512,"log_pop":2.7757005478,"log_mass":5.3178577149},{"country_iso":"GIN","city_id":1512,"log_pop":3.7766378869,"log_mass":6.3325262703},{"country_iso":"GIN","city_id":1539,"log_pop":2.8029915231,"log_mass":5.1052583351},{"country_iso":"GIN","city_id":1539,"log_pop":3.2542100295,"log_mass":5.4323306362},{"country_iso":"GIN","city_id":1539,"log_pop":3.5688423912,"log_mass":5.64862015},{"country_iso":"GIN","city_id":1539,"log_pop":2.2433348917,"log_mass":5.5975949517},{"country_iso":"GIN","city_id":1539,"log_pop":2.4558778416,"log_mass":5.8114198934},{"country_iso":"GIN","city_id":1539,"log_pop":2.9485064182,"log_mass":6.4022817505},{"country_iso":"GIN","city_id":1539,"log_pop":3.9135598669,"log_mass":6.253991826},{"country_iso":"GIN","city_id":1539,"log_pop":1.8663482409,"log_mass":5.3553096399},{"country_iso":"GIN","city_id":1539,"log_pop":3.233271738,"log_mass":6.0816787525},{"country_iso":"GIN","city_id":1539,"log_pop":2.3013333883,"log_mass":5.7809073302},{"country_iso":"GIN","city_id":1539,"log_pop":2.8567060196,"log_mass":6.2577843328},{"country_iso":"GIN","city_id":1539,"log_pop":2.1610406177,"log_mass":5.6828917501},{"country_iso":"GIN","city_id":1540,"log_pop":2.581913043,"log_mass":5.2830610497},{"country_iso":"GIN","city_id":1540,"log_pop":3.1161900499,"log_mass":5.8626997107},{"country_iso":"GIN","city_id":1540,"log_pop":2.5827260087,"log_mass":5.4006568743},{"country_iso":"GIN","city_id":1540,"log_pop":3.6705890046,"log_mass":6.3775188575},{"country_iso":"GIN","city_id":1540,"log_pop":2.8384426131,"log_mass":5.6686027089},{"country_iso":"GIN","city_id":1540,"log_pop":-0.5309621679,"log_mass":3.4401441464},{"country_iso":"GIN","city_id":1540,"log_pop":3.2043614586,"log_mass":5.9472538828},{"country_iso":"GIN","city_id":1540,"log_pop":2.9120911495,"log_mass":5.6619206737},{"country_iso":"GIN","city_id":1540,"log_pop":2.1714894037,"log_mass":4.9108246114},{"country_iso":"GIN","city_id":1540,"log_pop":3.4854182356,"log_mass":6.1765381131},{"country_iso":"GIN","city_id":1532,"log_pop":2.6143304023,"log_mass":5.3323572184},{"country_iso":"GIN","city_id":1532,"log_pop":1.9173368747,"log_mass":4.3508554943},{"country_iso":"GIN","city_id":1532,"log_pop":3.0421036923,"log_mass":5.6085714034},{"country_iso":"GIN","city_id":1532,"log_pop":3.3362162577,"log_mass":5.9947379757},{"country_iso":"GIN","city_id":1532,"log_pop":0.8937824216,"log_mass":3.7576467266},{"country_iso":"GIN","city_id":1532,"log_pop":2.9651069906,"log_mass":5.4172512892},{"country_iso":"GIN","city_id":1532,"log_pop":3.46495907,"log_mass":6.1443592772},{"country_iso":"GIN","city_id":1532,"log_pop":2.3735037059,"log_mass":5.048918965},{"country_iso":"GIN","city_id":1532,"log_pop":1.9157561215,"log_mass":4.3488929044},{"country_iso":"GIN","city_id":1532,"log_pop":1.7094969526,"log_mass":4.2088833251},{"country_iso":"GIN","city_id":1493,"log_pop":2.1956714248,"log_mass":5.4995443194},{"country_iso":"GIN","city_id":1493,"log_pop":2.5103881337,"log_mass":5.3409137919},{"country_iso":"GIN","city_id":1493,"log_pop":1.0204774475,"log_mass":4.2400621061},{"country_iso":"GIN","city_id":1493,"log_pop":0.8425472005,"log_mass":3.6816017577},{"country_iso":"GIN","city_id":1493,"log_pop":1.7716694697,"log_mass":5.1930925306},{"country_iso":"GIN","city_id":1493,"log_pop":3.0214117864,"log_mass":5.8232799491},{"country_iso":"GIN","city_id":1493,"log_pop":2.3848734048,"log_mass":5.3346791177},{"country_iso":"GIN","city_id":1493,"log_pop":2.0858632744,"log_mass":4.848736799},{"country_iso":"GIN","city_id":1493,"log_pop":2.2405455917,"log_mass":5.1957390505},{"country_iso":"GIN","city_id":1493,"log_pop":3.0139716081,"log_mass":5.8332146306},{"country_iso":"GIN","city_id":1535,"log_pop":1.01561289,"log_mass":3.6808062798},{"country_iso":"GIN","city_id":1535,"log_pop":2.0736652267,"log_mass":4.4975030574},{"country_iso":"GIN","city_id":1535,"log_pop":2.2780804407,"log_mass":4.7979159282},{"country_iso":"GIN","city_id":1535,"log_pop":2.4915503521,"log_mass":5.0137737986},{"country_iso":"GIN","city_id":1535,"log_pop":1.5107351478,"log_mass":4.5607914699},{"country_iso":"GIN","city_id":1535,"log_pop":2.7369494505,"log_mass":5.1539796846},{"country_iso":"GIN","city_id":1535,"log_pop":2.6018215944,"log_mass":5.1135316143},{"country_iso":"GIN","city_id":1535,"log_pop":1.1167920795,"log_mass":3.8061886551},{"country_iso":"GIN","city_id":1535,"log_pop":2.0703993138,"log_mass":4.642290715},{"country_iso":"GIN","city_id":1527,"log_pop":1.6174356127,"log_mass":4.4143696992},{"country_iso":"GIN","city_id":1527,"log_pop":1.9820659588,"log_mass":4.6839421585},{"country_iso":"GIN","city_id":1527,"log_pop":3.5753029915,"log_mass":6.0927089289},{"country_iso":"GIN","city_id":1527,"log_pop":3.1287351773,"log_mass":5.6695351674},{"country_iso":"GIN","city_id":1527,"log_pop":1.399218282,"log_mass":3.7635040151},{"country_iso":"GIN","city_id":1527,"log_pop":3.0660232237,"log_mass":5.7039044209},{"country_iso":"GIN","city_id":1527,"log_pop":3.1208768175,"log_mass":5.8430469789},{"country_iso":"GIN","city_id":1527,"log_pop":2.261876572,"log_mass":4.7963689301},{"country_iso":"GIN","city_id":1538,"log_pop":2.8630025353,"log_mass":5.5168750324},{"country_iso":"GIN","city_id":1538,"log_pop":0.6387610096,"log_mass":3.2683156244},{"country_iso":"GIN","city_id":1538,"log_pop":3.3114103522,"log_mass":6.0007641597},{"country_iso":"GIN","city_id":1538,"log_pop":0.8873615943,"log_mass":4.1913640412},{"country_iso":"GIN","city_id":1538,"log_pop":2.8221199947,"log_mass":5.4625260416},{"country_iso":"GIN","city_id":1538,"log_pop":1.9257648436,"log_mass":4.6661162472},{"country_iso":"GIN","city_id":1538,"log_pop":1.5177823155,"log_mass":4.3684381706},{"country_iso":"GIN","city_id":1497,"log_pop":2.1747243353,"log_mass":4.8134137041},{"country_iso":"GIN","city_id":1497,"log_pop":1.4486158013,"log_mass":4.1158748832},{"country_iso":"GIN","city_id":1497,"log_pop":2.6309847031,"log_mass":5.161670821},{"country_iso":"GIN","city_id":1497,"log_pop":2.1230971921,"log_mass":4.5123277595},{"country_iso":"GIN","city_id":1497,"log_pop":3.0050660836,"log_mass":5.7626554672},{"country_iso":"GIN","city_id":1497,"log_pop":2.1557727964,"log_mass":4.7566613696},{"country_iso":"GIN","city_id":1497,"log_pop":1.1503019585,"log_mass":3.9187779314},{"country_iso":"GIN","city_id":1518,"log_pop":3.3325106084,"log_mass":5.8487642832},{"country_iso":"GIN","city_id":1518,"log_pop":2.9376995831,"log_mass":5.6117527323},{"country_iso":"GIN","city_id":1518,"log_pop":2.6406185803,"log_mass":5.4976338116},{"country_iso":"GIN","city_id":1518,"log_pop":3.0073089982,"log_mass":5.6193574363},{"country_iso":"GIN","city_id":1518,"log_pop":2.9063683061,"log_mass":5.5587605316},{"country_iso":"GIN","city_id":1518,"log_pop":2.316723427,"log_mass":4.7955941046},{"country_iso":"GIN","city_id":1518,"log_pop":3.7441479622,"log_mass":6.3273924334},{"country_iso":"GIN","city_id":1531,"log_pop":2.4457765816,"log_mass":4.9618017201},{"country_iso":"GIN","city_id":1531,"log_pop":2.4904204167,"log_mass":4.933410661},{"country_iso":"GIN","city_id":1531,"log_pop":1.89409998,"log_mass":4.5882264289},{"country_iso":"GIN","city_id":1531,"log_pop":1.6041490552,"log_mass":4.2517607826},{"country_iso":"GIN","city_id":1531,"log_pop":2.4366225807,"log_mass":5.0168201299},{"country_iso":"GIN","city_id":1531,"log_pop":1.7517969783,"log_mass":4.5639008147},{"country_iso":"GIN","city_id":1531,"log_pop":1.8247638629,"log_mass":4.5936367852},{"country_iso":"GIN","city_id":1505,"log_pop":0.9982189426,"log_mass":3.5884226331},{"country_iso":"GIN","city_id":1505,"log_pop":2.3205060471,"log_mass":5.0882336192},{"country_iso":"GIN","city_id":1505,"log_pop":2.4800374505,"log_mass":5.5046557303},{"country_iso":"GIN","city_id":1505,"log_pop":2.1958466423,"log_mass":4.9402407247},{"country_iso":"GIN","city_id":1505,"log_pop":3.2915453995,"log_mass":6.0184085918},{"country_iso":"GIN","city_id":1505,"log_pop":2.9578703109,"log_mass":5.6667027158},{"country_iso":"GIN","city_id":1501,"log_pop":1.3846362506,"log_mass":4.9435370543},{"country_iso":"GIN","city_id":1501,"log_pop":3.0115400021,"log_mass":5.8749604996},{"country_iso":"GIN","city_id":1501,"log_pop":0.9506248912,"log_mass":3.7943894644},{"country_iso":"GIN","city_id":1501,"log_pop":2.5799398412,"log_mass":5.4333000876},{"country_iso":"GIN","city_id":1501,"log_pop":1.6014577103,"log_mass":4.4219708458},{"country_iso":"GIN","city_id":1501,"log_pop":2.423198828,"log_mass":5.5481224195}]