[{"country_iso": "LKA", "city_id": 8835, "log_pop": 4.157243, "log_mass": 6.482262}, {"country_iso": "LKA", "city_id": 8835, "log_pop": 3.163913, "log_mass": 5.772137}, {"country_iso": "LKA", "city_id": 8835, "log_pop": 3.434902, "log_mass": 5.967964}, {"country_iso": "LKA", "city_id": 8935, "log_pop": 4.221025, "log_mass": 6.408361}, {"country_iso": "LKA", "city_id": 8835, "log_pop": 3.464073, "log_mass": 6.056293}, {"country_iso": "LKA", "city_id": 8886, "log_pop": 3.913738, "log_mass": 6.406495}, {"country_iso": "LKA", "city_id": 8835, "log_pop": 3.797024, "log_mass": 6.389503}, {"country_iso": "LKA", "city_id": 8835, "log_pop": 3.782624, "log_mass": 6.373009}, {"country_iso": "LKA", "city_id": 8835, "log_pop": 3.08035, "log_mass": 5.413282}, {"country_iso": "LKA", "city_id": 8835, "log_pop": 3.062464, "log_mass": 5.728433}, {"country_iso": "LKA", "city_id": 8835, "log_pop": 3.919454, "log_mass": 6.482525}, {"country_iso": "LKA", "city_id": 8835, "log_pop": 3.257092, "log_mass": 5.495295}, {"country_iso": "LKA", "city_id": 8835, "log_pop": 3.490981, "log_mass": 5.519705}, {"country_iso": "LKA", "city_id": 9256, "log_pop": 1.093795, "log_mass": 4.509848}, {"country_iso": "LKA", "city_id": 8835, "log_pop": 2.825215, "log_mass": 5.496111}, {"country_iso": "LKA", "city_id": 8835, "log_pop": 3.779013, "log_mass": 6.167766}, {"country_iso": "LKA", "city_id": 8835, "log_pop": 2.564586, "log_mass": 5.086973}, {"country_iso": "LKA", "city_id": 8835, "log_pop": 4.401396, "log_mass": 6.544348}, {"country_iso": "LKA", "city_id": 8835, "log_pop": 4.563794, "log_mass": 6.612761}, {"country_iso": "LKA", "city_id": 8835, "log_pop": 3.889966, "log_mass": 5.952146}, {"country_iso": "LKA", "city_id": 8835, "log_pop": 4.469647, "log_mass": 6.597579}, {"country_iso": "LKA", "city_id": 8835, "log_pop": 3.709339, "log_mass": 6.474179}, {"country_iso": "LKA", "city_id": 9261, "log_pop": 3.302343, "log_mass": 5.577997}, {"country_iso": "LKA", "city_id": 8886, "log_pop": 3.786863, "log_mass": 6.03827}, {"country_iso": "LKA", "city_id": 8835, "log_pop": 1.019521, "log_mass": 5.153324}, {"country_iso": "LKA", "city_id": 9007, "log_pop": 3.150067, "log_mass": 5.428503}, {"country_iso": "LKA", "city_id": 8835, "log_pop": 4.092591, "log_mass": 6.492733}, {"country_iso": "LKA", "city_id": 9007, "log_pop": 3.959974, "log_mass": 6.489312}, {"country_iso": "LKA", "city_id": 8835, "log_pop": 4.11206, "log_mass": 6.496}, {"country_iso": "LKA", "city_id": 8835, "log_pop": 4.202884, "log_mass": 6.430689}, {"country_iso": "LKA", "city_id": 8835, "log_pop": 2.997236, "log_mass": 5.441092}, {"country_iso": "LKA", "city_id": 8935, "log_pop": 3.846107, "log_mass": 6.329988}, {"country_iso": "LKA", "city_id": 8835, "log_pop": 1.942757, "log_mass": 4.866124}, {"country_iso": "LKA", "city_id": 9007, "log_pop": 3.546788, "log_mass": 6.067398}, {"country_iso": "LKA", "city_id": 8835, "log_pop": 3.88068, "log_mass": 6.096764}, {"country_iso": "LKA", "city_id": 8835, "log_pop": 4.162544, "log_mass": 6.535564}, {"country_iso": "LKA", "city_id": 8835, "log_pop": 3.956545, "log_mass": 6.483723}, {"country_iso": "LKA", "city_id": 8935, "log_pop": 3.298449, "log_mass": 5.862496}, {"country_iso": "LKA", "city_id": 9007, "log_pop": 2.132443, "log_mass": 4.624705}, {"country_iso": "LKA", "city_id": 8835, "log_pop": 1.93383, "log_mass": 4.854237}, {"country_iso": "LKA", "city_id": 8886, "log_pop": 2.015734, "log_mass": 4.621267}, {"country_iso": "LKA", "city_id": 8835, "log_pop": 3.550791, "log_mass": 6.252495}, {"country_iso": "LKA", "city_id": 8835, "log_pop": 1.516984, "log_mass": 5.215866}, {"country_iso": "LKA", "city_id": 8908, "log_pop": 3.783443, "log_mass": 6.110211}, {"country_iso": "LKA", "city_id": 9007, "log_pop": 3.286212, "log_mass": 5.645579}, {"country_iso": "LKA", "city_id": 8835, "log_pop": 3.537115, "log_mass": 5.750986}, {"country_iso": "LKA", "city_id": 8835, "log_pop": 4.516055, "log_mass": 6.574498}, {"country_iso": "LKA", "city_id": 8835, "log_pop": 4.383466, "log_mass": 6.552571}, {"country_iso": "LKA", "city_id": 9256, "log_pop": 2.945315, "log_mass": 5.432093}, {"country_iso": "LKA", "city_id": 9222, "log_pop": 2.090743, "log_mass": 4.818185}, {"country_iso": "LKA", "city_id": 8835, "log_pop": 4.507002, "log_mass": 6.587856}, {"country_iso": "LKA", "city_id": 8935, "log_pop": 2.788728, "log_mass": 5.071738}, {"country_iso": "LKA", "city_id": 9007, "log_pop": 1.661191, "log_mass": 4.511531}, {"country_iso": "LKA", "city_id": 8835, "log_pop": 3.54164, "log_mass": 6.217428}, {"country_iso": "LKA", "city_id": 8835, "log_pop": 4.223249, "log_mass": 6.494536}, {"country_iso": "LKA", "city_id": 8835, "log_pop": 4.498521, "log_mass": 6.737628}, {"country_iso": "LKA", "city_id": 8835, "log_pop": 4.72145, "log_mass": 6.584976}, {"country_iso": "LKA", "city_id": 8835, "log_pop": 1.625469, "log_mass": 4.148005}, {"country_iso": "LKA", "city_id": 8835, "log_pop": 4.466528, "log_mass": 6.532728}, {"country_iso": "LKA", "city_id": 8835, "log_pop": 4.229405, "log_mass": 6.527996}, {"country_iso": "LKA", "city_id": 8835, "log_pop": 2.726528, "log_mass": 5.233118}, {"country_iso": "LKA", "city_id": 9222, "log_pop": 4.042855, "log_mass": 6.120141}, {"country_iso": "LKA", "city_id": 9007, "log_pop": 3.173487, "log_mass": 5.615487}, {"country_iso": "LKA", "city_id": 8835, "log_pop": 4.551242, "log_mass": 6.645692}, {"country_iso": "LKA", "city_id": 8835, "log_pop": 4.247137, "log_mass": 6.429047}, {"country_iso": "LKA", "city_id": 8835, "log_pop": 3.878133, "log_mass": 6.443141}, {"country_iso": "LKA", "city_id": 8935, "log_pop": 3.387663, "log_mass": 5.770314}, {"country_iso": "LKA", "city_id": 9256, "log_pop": 3.9621, "log_mass": 5.93802}, {"country_iso": "LKA", "city_id": 8935, "log_pop": 3.031566, "log_mass": 5.730039}, {"country_iso": "LKA", "city_id": 8835, "log_pop": 4.100199, "log_mass": 6.489182}, {"country_iso": "LKA", "city_id": 8835, "log_pop": 3.869354, "log_mass": 5.967015}, {"country_iso": "LKA", "city_id": 9222, "log_pop": 3.908685, "log_mass": 6.145231}, {"country_iso": "LKA", "city_id": 8835, "log_pop": 4.394623, "log_mass": 6.584278}, {"country_iso": "LKA", "city_id": 8835, "log_pop": 4.189241, "log_mass": 6.485829}, {"country_iso": "LKA", "city_id": 9007, "log_pop": 3.749783, "log_mass": 6.124948}, {"country_iso": "LKA", "city_id": 8835, "log_pop": 4.482666, "log_mass": 6.542341}, {"country_iso": "LKA", "city_id": 8908, "log_pop": 3.610486, "log_mass": 5.879494}, {"country_iso": "LKA", "city_id": 9007, "log_pop": 4.257292, "log_mass": 6.515377}, {"country_iso": "LKA", "city_id": 8835, "log_pop": 3.878339, "log_mass": 6.416402}, {"country_iso": "LKA", "city_id": 8835, "log_pop": 2.973329, "log_mass": 5.573422}, {"country_iso": "LKA", "city_id": 8835, "log_pop": 4.719937, "log_mass": 6.648617}, {"country_iso": "LKA", "city_id": 8835, "log_pop": 3.097872, "log_mass": 5.586637}, {"country_iso": "LKA", "city_id": 8835, "log_pop": 4.275112, "log_mass": 6.536245}, {"country_iso": "LKA", "city_id": 8835, "log_pop": 2.150537, "log_mass": 5.377626}, {"country_iso": "LKA", "city_id": 8835, "log_pop": 0.91181, "log_mass": 5.199366}, {"country_iso": "LKA", "city_id": 8835, "log_pop": 3.948338, "log_mass": 6.437126}, {"country_iso": "LKA", "city_id": 8835, "log_pop": 4.268941, "log_mass": 6.531888}, {"country_iso": "LKA", "city_id": 8835, "log_pop": 3.671115, "log_mass": 5.666222}, {"country_iso": "LKA", "city_id": 8835, "log_pop": 4.069296, "log_mass": 6.49319}, {"country_iso": "LKA", "city_id": 8835, "log_pop": 4.312561, "log_mass": 6.513947}, {"country_iso": "LKA", "city_id": 8835, "log_pop": 3.525875, "log_mass": 5.785491}, {"country_iso": "LKA", "city_id": 8835, "log_pop": 4.222735, "log_mass": 6.544824}, {"country_iso": "LKA", "city_id": 9007, "log_pop": 3.210164, "log_mass": 5.734426}, {"country_iso": "LKA", "city_id": 8835, "log_pop": 4.091665, "log_mass": 6.51763}, {"country_iso": "LKA", "city_id": 9007, "log_pop": 1.884557, "log_mass": 4.524461}, {"country_iso": "LKA", "city_id": 8835, "log_pop": 5.009912, "log_mass": 6.823294}, {"country_iso": "LKA", "city_id": 8835, "log_pop": 3.023392, "log_mass": 5.524938}, {"country_iso": "LKA", "city_id": 9256, "log_pop": 3.504601, "log_mass": 5.511246}, {"country_iso": "LKA", "city_id": 8835, "log_pop": 4.056272, "log_mass": 6.523077}, {"country_iso": "LKA", "city_id": 8835, "log_pop": 3.156963, "log_mass": 5.686276}, {"country_iso": "LKA", "city_id": 9256, "log_pop": 3.920552, "log_mass": 5.998586}, {"country_iso": "LKA", "city_id": 8886, "log_pop": 3.801146, "log_mass": 6.327661}, {"country_iso": "LKA", "city_id": 8835, "log_pop": 3.880027, "log_mass": 6.38334}, {"country_iso": "LKA", "city_id": 8835, "log_pop": 2.334524, "log_mass": 5.108237}, {"country_iso": "LKA", "city_id": 8835, "log_pop": 3.133427, "log_mass": 5.574261}, {"country_iso": "LKA", "city_id": 8935, "log_pop": 3.327075, "log_mass": 5.823615}, {"country_iso": "LKA", "city_id": 8908, "log_pop": 3.472236, "log_mass": 5.9405}, {"country_iso": "LKA", "city_id": 8835, "log_pop": 4.248726, "log_mass": 6.505979}, {"country_iso": "LKA", "city_id": 8835, "log_pop": 4.098021, "log_mass": 6.502143}, {"country_iso": "LKA", "city_id": 8935, "log_pop": 3.976712, "log_mass": 6.273888}, {"country_iso": "LKA", "city_id": 8835, "log_pop": 1.027976, "log_mass": 4.969632}, {"country_iso": "LKA", "city_id": 8835, "log_pop": 3.927924, "log_mass": 6.406002}, {"country_iso": "LKA", "city_id": 8835, "log_pop": 1.33241, "log_mass": 5.132315}, {"country_iso": "LKA", "city_id": 9007, "log_pop": 3.597648, "log_mass": 6.176114}, {"country_iso": "LKA", "city_id": 8835, "log_pop": 4.035344, "log_mass": 6.480313}, {"country_iso": "LKA", "city_id": 8835, "log_pop": 4.493259, "log_mass": 6.582407}, {"country_iso": "LKA", "city_id": 9222, "log_pop": 2.057859, "log_mass": 5.149798}, {"country_iso": "LKA", "city_id": 8835, "log_pop": 3.550382, "log_mass": 6.095037}, {"country_iso": "LKA", "city_id": 8835, "log_pop": 3.571571, "log_mass": 6.039944}, {"country_iso": "LKA", "city_id": 9222, "log_pop": 1.849554, "log_mass": 4.509141}, {"country_iso": "LKA", "city_id": 9256, "log_pop": 4.427512, "log_mass": 6.268035}, {"country_iso": "LKA", "city_id": 8835, "log_pop": 4.007729, "log_mass": 6.493677}, {"country_iso": "LKA", "city_id": 8935, "log_pop": 2.494615, "log_mass": 5.001167}, {"country_iso": "LKA", "city_id": 8835, "log_pop": 2.256839, "log_mass": 4.952243}, {"country_iso": "LKA", "city_id": 8835, "log_pop": 4.037795, "log_mass": 6.501008}, {"country_iso": "LKA", "city_id": 8908, "log_pop": 4.036188, "log_mass": 6.416209}, {"country_iso": "LKA", "city_id": 9007, "log_pop": 4.162286, "log_mass": 6.39415}, {"country_iso": "LKA", "city_id": 8935, "log_pop": 3.506409, "log_mass": 6.12503}, {"country_iso": "LKA", "city_id": 9007, "log_pop": 3.524498, "log_mass": 6.204416}, {"country_iso": "LKA", "city_id": 8835, "log_pop": 3.035725, "log_mass": 5.53925}, {"country_iso": "LKA", "city_id": 8835, "log_pop": 3.92081, "log_mass": 6.355473}, {"country_iso": "LKA", "city_id": 9007, "log_pop": 3.477675, "log_mass": 5.789988}, {"country_iso": "LKA", "city_id": 9222, "log_pop": 0.867011, "log_mass": 4.148762}, {"country_iso": "LKA", "city_id": 8835, "log_pop": 3.334807, "log_mass": 5.463378}, {"country_iso": "LKA", "city_id": 8835, "log_pop": 4.420753, "log_mass": 6.609504}, {"country_iso": "LKA", "city_id": 9256, "log_pop": 4.257198, "log_mass": 6.158973}, {"country_iso": "LKA", "city_id": 9261, "log_pop": 4.055998, "log_mass": 6.103512}, {"country_iso": "LKA", "city_id": 9222, "log_pop": 4.296771, "log_mass": 6.245655}, {"country_iso": "LKA", "city_id": 9222, "log_pop": 4.092112, "log_mass": 6.290029}, {"country_iso": "LKA", "city_id": 8835, "log_pop": 4.398101, "log_mass": 6.581412}, {"country_iso": "LKA", "city_id": 8835, "log_pop": 3.095763, "log_mass": 5.681001}, {"country_iso": "LKA", "city_id": 8835, "log_pop": 4.420235, "log_mass": 6.507746}, {"country_iso": "LKA", "city_id": 8835, "log_pop": 4.429796, "log_mass": 6.317084}, {"country_iso": "LKA", "city_id": 8835, "log_pop": 4.010837, "log_mass": 6.492499}, {"country_iso": "LKA", "city_id": 8835, "log_pop": 3.595731, "log_mass": 5.937581}, {"country_iso": "LKA", "city_id": 8935, "log_pop": 2.406292, "log_mass": 4.638652}, {"country_iso": "LKA", "city_id": 8835, "log_pop": 2.662604, "log_mass": 5.269832}, {"country_iso": "LKA", "city_id": 8835, "log_pop": 4.168218, "log_mass": 6.343252}, {"country_iso": "LKA", "city_id": 8835, "log_pop": 3.333525, "log_mass": 5.319944}, {"country_iso": "LKA", "city_id": 8835, "log_pop": 4.182739, "log_mass": 6.345703}, {"country_iso": "LKA", "city_id": 9007, "log_pop": 3.241328, "log_mass": 5.866039}, {"country_iso": "LKA", "city_id": 8835, "log_pop": 3.111045, "log_mass": 5.081098}, {"country_iso": "LKA", "city_id": 8935, "log_pop": 0.705648, "log_mass": 3.610286}, {"country_iso": "LKA", "city_id": 8886, "log_pop": 1.882406, "log_mass": 4.841029}, {"country_iso": "LKA", "city_id": 8835, "log_pop": 4.455514, "log_mass": 6.537481}, {"country_iso": "LKA", "city_id": 8835, "log_pop": 2.700551, "log_mass": 5.298996}, {"country_iso": "LKA", "city_id": 8835, "log_pop": 2.222564, "log_mass": 4.746076}, {"country_iso": "LKA", "city_id": 8886, "log_pop": 1.402932, "log_mass": 4.066511}, {"country_iso": "LKA", "city_id": 8935, "log_pop": 3.981507, "log_mass": 6.497699}, {"country_iso": "LKA", "city_id": 9261, "log_pop": 1.733507, "log_mass": 4.179309}, {"country_iso": "LKA", "city_id": 8835, "log_pop": 3.665844, "log_mass": 6.119295}, {"country_iso": "LKA", "city_id": 8835, "log_pop": 3.158861, "log_mass": 5.668524}, {"country_iso": "LKA", "city_id": 8835, "log_pop": 3.093333, "log_mass": 5.838368}, {"country_iso": "LKA", "city_id": 8835, "log_pop": 3.720291, "log_mass": 6.287215}, {"country_iso": "LKA", "city_id": 8835, "log_pop": 4.474479, "log_mass": 6.663587}, {"country_iso": "LKA", "city_id": 8835, "log_pop": 2.542466, "log_mass": 5.070817}, {"country_iso": "LKA", "city_id": 9222, "log_pop": 2.986496, "log_mass": 5.508254}, {"country_iso": "LKA", "city_id": 8835, "log_pop": 4.281338, "log_mass": 6.59465}, {"country_iso": "LKA", "city_id": 9222, "log_pop": 3.380728, "log_mass": 5.726128}, {"country_iso": "LKA", "city_id": 8835, "log_pop": 3.877224, "log_mass": 5.971573}, {"country_iso": "LKA", "city_id": 8908, "log_pop": 3.480784, "log_mass": 5.918779}, {"country_iso": "LKA", "city_id": 8835, "log_pop": 4.066514, "log_mass": 6.29725}, {"country_iso": "LKA", "city_id": 9007, "log_pop": 2.063338, "log_mass": 4.266751}, {"country_iso": "LKA", "city_id": 8835, "log_pop": 3.864223, "log_mass": 6.055203}, {"country_iso": "LKA", "city_id": 8835, "log_pop": 1.607764, "log_mass": 4.992542}, {"country_iso": "LKA", "city_id": 8835, "log_pop": 4.261878, "log_mass": 6.450452}, {"country_iso": "LKA", "city_id": 8835, "log_pop": 0.676882, "log_mass": 5.212907}, {"country_iso": "LKA", "city_id": 8835, "log_pop": 1.749683, "log_mass": 5.346486}, {"country_iso": "LKA", "city_id": 8835, "log_pop": 3.645539, "log_mass": 6.201884}, {"country_iso": "LKA", "city_id": 8835, "log_pop": 4.478423, "log_mass": 6.6362}, {"country_iso": "LKA", "city_id": 8835, "log_pop": 4.234355, "log_mass": 6.174339}, {"country_iso": "LKA", "city_id": 8835, "log_pop": 4.144779, "log_mass": 6.483562}, {"country_iso": "LKA", "city_id": 8835, "log_pop": 4.19853, "log_mass": 5.959827}, {"country_iso": "LKA", "city_id": 9222, "log_pop": 1.553761, "log_mass": 4.075371}, {"country_iso": "LKA", "city_id": 8835, "log_pop": 2.706702, "log_mass": 5.627976}, {"country_iso": "LKA", "city_id": 8835, "log_pop": 3.022511, "log_mass": 5.200833}, {"country_iso": "LKA", "city_id": 8935, "log_pop": 4.429777, "log_mass": 6.515143}, {"country_iso": "LKA", "city_id": 8835, "log_pop": 4.368288, "log_mass": 6.640845}, {"country_iso": "LKA", "city_id": 9007, "log_pop": 3.514477, "log_mass": 5.941219}, {"country_iso": "LKA", "city_id": 8835, "log_pop": 4.004785, "log_mass": 6.498239}, {"country_iso": "LKA", "city_id": 9261, "log_pop": 3.78982, "log_mass": 5.949711}, {"country_iso": "LKA", "city_id": 9261, "log_pop": 3.448526, "log_mass": 5.806195}, {"country_iso": "LKA", "city_id": 8835, "log_pop": 4.323107, "log_mass": 6.55037}, {"country_iso": "LKA", "city_id": 8886, "log_pop": 2.960142, "log_mass": 5.372916}, {"country_iso": "LKA", "city_id": 8835, "log_pop": 1.093771, "log_mass": 5.223853}, {"country_iso": "LKA", "city_id": 9256, "log_pop": 4.10596, "log_mass": 6.059006}, {"country_iso": "LKA", "city_id": 8835, "log_pop": 4.532598, "log_mass": 6.454051}, {"country_iso": "LKA", "city_id": 8908, "log_pop": 3.699185, "log_mass": 6.068059}, {"country_iso": "LKA", "city_id": 8835, "log_pop": 4.21226, "log_mass": 6.518084}, {"country_iso": "LKA", "city_id": 8835, "log_pop": 2.318025, "log_mass": 4.950011}, {"country_iso": "LKA", "city_id": 9007, "log_pop": 3.61508, "log_mass": 5.8191}, {"country_iso": "LKA", "city_id": 8835, "log_pop": 4.368291, "log_mass": 6.538477}, {"country_iso": "LKA", "city_id": 8835, "log_pop": 3.23978, "log_mass": 5.916485}, {"country_iso": "LKA", "city_id": 8835, "log_pop": 3.00616, "log_mass": 5.653827}, {"country_iso": "LKA", "city_id": 8835, "log_pop": 1.917788, "log_mass": 4.849507}, {"country_iso": "LKA", "city_id": 8835, "log_pop": 2.221453, "log_mass": 5.101932}, {"country_iso": "LKA", "city_id": 8908, "log_pop": 2.089427, "log_mass": 5.137591}, {"country_iso": "LKA", "city_id": 9256, "log_pop": 2.25396, "log_mass": 4.534873}, {"country_iso": "LKA", "city_id": 8835, "log_pop": 3.098931, "log_mass": 5.558705}, {"country_iso": "LKA", "city_id": 8835, "log_pop": 3.964401, "log_mass": 6.479462}, {"country_iso": "LKA", "city_id": 8835, "log_pop": 4.480792, "log_mass": 6.68451}, {"country_iso": "LKA", "city_id": 8835, "log_pop": 4.035271, "log_mass": 5.939416}, {"country_iso": "LKA", "city_id": 8835, "log_pop": 4.258915, "log_mass": 6.563164}, {"country_iso": "LKA", "city_id": 8886, "log_pop": 4.156788, "log_mass": 6.448742}, {"country_iso": "LKA", "city_id": 9261, "log_pop": 0.949415, "log_mass": 3.582492}, {"country_iso": "LKA", "city_id": 8835, "log_pop": 4.191084, "log_mass": 6.45894}, {"country_iso": "LKA", "city_id": 8935, "log_pop": 3.897614, "log_mass": 6.348876}, {"country_iso": "LKA", "city_id": 8935, "log_pop": 2.029123, "log_mass": 4.789816}, {"country_iso": "LKA", "city_id": 9007, "log_pop": 0.926892, "log_mass": 3.790255}, {"country_iso": "LKA", "city_id": 9007, "log_pop": 3.661909, "log_mass": 6.160637}, {"country_iso": "LKA", "city_id": 9222, "log_pop": 4.063231, "log_mass": 6.165341}, {"country_iso": "LKA", "city_id": 8908, "log_pop": 1.788821, "log_mass": 4.244735}, {"country_iso": "LKA", "city_id": 8935, "log_pop": 4.296822, "log_mass": 6.503802}, {"country_iso": "LKA", "city_id": 8835, "log_pop": 3.077908, "log_mass": 4.974733}, {"country_iso": "LKA", "city_id": 8908, "log_pop": 2.145686, "log_mass": 4.878334}, {"country_iso": "LKA", "city_id": 8835, "log_pop": 4.187008, "log_mass": 6.57632}, {"country_iso": "LKA", "city_id": 8835, "log_pop": 4.190957, "log_mass": 6.501326}, {"country_iso": "LKA", "city_id": 8835, "log_pop": 4.342694, "log_mass": 6.536511}, {"country_iso": "LKA", "city_id": 8835, "log_pop": 2.209429, "log_mass": 5.076712}, {"country_iso": "LKA", "city_id": 9222, "log_pop": 3.378407, "log_mass": 5.465012}, {"country_iso": "LKA", "city_id": 8835, "log_pop": 2.559351, "log_mass": 5.360087}, {"country_iso": "LKA", "city_id": 8886, "log_pop": 3.527271, "log_mass": 6.120415}, {"country_iso": "LKA", "city_id": 8835, "log_pop": 0.813532, "log_mass": 3.665935}, {"country_iso": "LKA", "city_id": 8886, "log_pop": 3.263056, "log_mass": 5.887148}, {"country_iso": "LKA", "city_id": 8835, "log_pop": 0.790639, "log_mass": 4.522424}, {"country_iso": "LKA", "city_id": 8835, "log_pop": 0.695698, "log_mass": 3.567419}, {"country_iso": "LKA", "city_id": 8835, "log_pop": 0.913225, "log_mass": 3.291265}, {"country_iso": "LKA", "city_id": 9007, "log_pop": 4.336221, "log_mass": 6.556108}, {"country_iso": "LKA", "city_id": 8835, "log_pop": 1.916512, "log_mass": 5.289006}, {"country_iso": "LKA", "city_id": 8908, "log_pop": 2.985018, "log_mass": 5.647956}, {"country_iso": "LKA", "city_id": 8835, "log_pop": 2.689582, "log_mass": 5.268951}, {"country_iso": "LKA", "city_id": 9007, "log_pop": 3.881966, "log_mass": 6.273239}, {"country_iso": "LKA", "city_id": 9007, "log_pop": 2.65424, "log_mass": 4.993179}, {"country_iso": "LKA", "city_id": 8835, "log_pop": 4.625017, "log_mass": 6.654894}, {"country_iso": "LKA", "city_id": 8886, "log_pop": 3.367733, "log_mass": 5.951762}, {"country_iso": "LKA", "city_id": 8835, "log_pop": 4.251291, "log_mass": 6.507197}, {"country_iso": "LKA", "city_id": 8886, "log_pop": 2.272166, "log_mass": 5.114475}, {"country_iso": "LKA", "city_id": 8835, "log_pop": 4.000618, "log_mass": 6.485883}, {"country_iso": "LKA", "city_id": 9261, "log_pop": 4.335209, "log_mass": 6.403289}, {"country_iso": "LKA", "city_id": 8835, "log_pop": 1.960808, "log_mass": 3.673054}, {"country_iso": "LKA", "city_id": 8835, "log_pop": 1.402155, "log_mass": 5.176087}, {"country_iso": "LKA", "city_id": 8835, "log_pop": 3.150885, "log_mass": 5.580057}, {"country_iso": "LKA", "city_id": 8835, "log_pop": 4.0849, "log_mass": 6.313588}, {"country_iso": "LKA", "city_id": 9222, "log_pop": 1.802592, "log_mass": 4.53884}, {"country_iso": "LKA", "city_id": 8835, "log_pop": 4.167253, "log_mass": 6.491605}, {"country_iso": "LKA", "city_id": 8835, "log_pop": 3.497545, "log_mass": 5.592417}, {"country_iso": "LKA", "city_id": 8835, "log_pop": 3.009427, "log_mass": 5.573213}, {"country_iso": "LKA", "city_id": 8835, "log_pop": 1.151518, "log_mass": 4.048625}, {"country_iso": "LKA", "city_id": 8835, "log_pop": 3.773346, "log_mass": 5.98259}, {"country_iso": "LKA", "city_id": 9007, "log_pop": 2.212353, "log_mass": 5.107355}, {"country_iso": "LKA", "city_id": 9256, "log_pop": 3.916121, "log_mass": 6.075818}, {"country_iso": "LKA", "city_id": 8835, "log_pop": 3.918329, "log_mass": 5.84057}, {"country_iso": "LKA", "city_id": 9007, "log_pop": 3.391894, "log_mass": 5.64925}, {"country_iso": "LKA", "city_id": 8835, "log_pop": 3.086258, "log_mass": 5.56381}, {"country_iso": "LKA", "city_id": 8835, "log_pop": 3.707929, "log_mass": 6.247411}, {"country_iso": "LKA", "city_id": 8835, "log_pop": 4.269338, "log_mass": 6.531475}, {"country_iso": "LKA", "city_id": 8935, "log_pop": 3.98459, "log_mass": 6.30176}, {"country_iso": "LKA", "city_id": 8835, "log_pop": 3.734572, "log_mass": 6.461769}, {"country_iso": "LKA", "city_id": 8908, "log_pop": 3.655403, "log_mass": 6.081049}, {"country_iso": "LKA", "city_id": 8835, "log_pop": 3.572531, "log_mass": 6.221294}, {"country_iso": "LKA", "city_id": 8908, "log_pop": 2.725069, "log_mass": 5.441061}, {"country_iso": "LKA", "city_id": 8908, "log_pop": 2.818816, "log_mass": 4.938652}, {"country_iso": "LKA", "city_id": 9007, "log_pop": 3.872856, "log_mass": 5.974442}, {"country_iso": "LKA", "city_id": 8835, "log_pop": 4.176891, "log_mass": 6.275289}, {"country_iso": "LKA", "city_id": 9007, "log_pop": 3.698138, "log_mass": 5.997049}, {"country_iso": "LKA", "city_id": 8935, "log_pop": 4.016054, "log_mass": 6.449373}, {"country_iso": "LKA", "city_id": 8835, "log_pop": 4.055018, "log_mass": 6.38145}, {"country_iso": "LKA", "city_id": 8835, "log_pop": 4.245693, "log_mass": 6.534376}, {"country_iso": "LKA", "city_id": 8835, "log_pop": 1.306034, "log_mass": 4.352081}, {"country_iso": "LKA", "city_id": 8835, "log_pop": 2.254433, "log_mass": 5.278112}, {"country_iso": "LKA", "city_id": 8835, "log_pop": 1.625987, "log_mass": 4.998345}, {"country_iso": "LKA", "city_id": 8835, "log_pop": 4.751962, "log_mass": 6.757298}, {"country_iso": "LKA", "city_id": 8835, "log_pop": 4.452399, "log_mass": 6.594351}, {"country_iso": "LKA", "city_id": 8835, "log_pop": 2.01429, "log_mass": 5.213777}, {"country_iso": "LKA", "city_id": 8835, "log_pop": 3.770329, "log_mass": 5.981084}, {"country_iso": "LKA", "city_id": 8835, "log_pop": 4.613604, "log_mass": 6.711471}, {"country_iso": "LKA", "city_id": 8835, "log_pop": 4.130197, "log_mass": 6.522993}, {"country_iso": "LKA", "city_id": 8835, "log_pop": 4.386792, "log_mass": 6.582006}, {"country_iso": "LKA", "city_id": 8835, "log_pop": 4.601068, "log_mass": 6.731063}, {"country_iso": "LKA", "city_id": 8835, "log_pop": 2.939093, "log_mass": 5.36744}, {"country_iso": "LKA", "city_id": 9256, "log_pop": 2.873905, "log_mass": 5.55653}, {"country_iso": "LKA", "city_id": 8935, "log_pop": 1.629792, "log_mass": 4.302197}, {"country_iso": "LKA", "city_id": 8835, "log_pop": 3.625029, "log_mass": 6.265228}, {"country_iso": "LKA", "city_id": 8835, "log_pop": 2.323966, "log_mass": 5.244043}, {"country_iso": "LKA", "city_id": 9261, "log_pop": 2.87728, "log_mass": 5.297598}, {"country_iso": "LKA", "city_id": 8835, "log_pop": 4.21152, "log_mass": 6.519755}, {"country_iso": "LKA", "city_id": 8835, "log_pop": 3.954414, "log_mass": 6.223814}, {"country_iso": "LKA", "city_id": 8835, "log_pop": 4.08145, "log_mass": 6.413384}, {"country_iso": "LKA", "city_id": 9007, "log_pop": 3.977411, "log_mass": 6.352053}, {"country_iso": "LKA", "city_id": 8835, "log_pop": 4.19068, "log_mass": 6.162498}, {"country_iso": "LKA", "city_id": 8835, "log_pop": 4.337484, "log_mass": 6.594722}, {"country_iso": "LKA", "city_id": 8835, "log_pop": 1.826331, "log_mass": 5.118722}, {"country_iso": "LKA", "city_id": 9007, "log_pop": 3.27472, "log_mass": 5.603742}, {"country_iso": "LKA", "city_id": 8835, "log_pop": 4.212398, "log_mass": 6.514322}, {"country_iso": "LKA", "city_id": 8886, "log_pop": 3.783727, "log_mass": 6.430883}, {"country_iso": "LKA", "city_id": 8835, "log_pop": 3.456381, "log_mass": 6.169399}, {"country_iso": "LKA", "city_id": 8835, "log_pop": 4.353481, "log_mass": 6.588403}, {"country_iso": "LKA", "city_id": 8835, "log_pop": 4.174251, "log_mass": 6.533352}, {"country_iso": "LKA", "city_id": 9007, "log_pop": 2.580827, "log_mass": 5.120383}, {"country_iso": "LKA", "city_id": 8835, "log_pop": 2.562555, "log_mass": 5.118783}, {"country_iso": "LKA", "city_id": 8835, "log_pop": 2.456844, "log_mass": 5.453983}, {"country_iso": "LKA", "city_id": 9222, "log_pop": 2.986843, "log_mass": 5.470587}, {"country_iso": "LKA", "city_id": 8835, "log_pop": 4.324551, "log_mass": 6.241004}, {"country_iso": "LKA", "city_id": 8908, "log_pop": 3.440072, "log_mass": 5.971925}, {"country_iso": "LKA", "city_id": 8835, "log_pop": 4.936648, "log_mass": 6.743009}, {"country_iso": "LKA", "city_id": 8835, "log_pop": 4.665213, "log_mass": 6.597692}, {"country_iso": "LKA", "city_id": 8835, "log_pop": 3.888416, "log_mass": 6.234599}, {"country_iso": "LKA", "city_id": 8835, "log_pop": 3.981726, "log_mass": 6.323066}, {"country_iso": "LKA", "city_id": 8835, "log_pop": 3.854293, "log_mass": 6.140203}, {"country_iso": "LKA", "city_id": 9222, "log_pop": 3.429323, "log_mass": 5.787479}, {"country_iso": "LKA", "city_id": 9261, "log_pop": 3.373306, "log_mass": 5.542553}, {"country_iso": "LKA", "city_id": 8835, "log_pop": 2.426134, "log_mass": 5.488636}, {"country_iso": "LKA", "city_id": 9261, "log_pop": 1.775843, "log_mass": 4.27867}, {"country_iso": "LKA", "city_id": 9222, "log_pop": 1.737139, "log_mass": 4.567255}, {"country_iso": "LKA", "city_id": 8835, "log_pop": 4.002623, "log_mass": 6.485145}, {"country_iso": "LKA", "city_id": 8835, "log_pop": 2.828106, "log_mass": 4.973691}, {"country_iso": "LKA", "city_id": 8835, "log_pop": 4.211105, "log_mass": 6.512506}, {"country_iso": "LKA", "city_id": 8835, "log_pop": 3.95243, "log_mass": 6.479985}, {"country_iso": "LKA", "city_id": 9007, "log_pop": 3.927393, "log_mass": 6.356104}, {"country_iso": "LKA", "city_id": 8835, "log_pop": 3.149599, "log_mass": 6.271998}, {"country_iso": "LKA", "city_id": 8935, "log_pop": 3.166768, "log_mass": 5.207311}, {"country_iso": "LKA", "city_id": 8835, "log_pop": 1.990148, "log_mass": 4.933542}, {"country_iso": "LKA", "city_id": 9261, "log_pop": 3.168486, "log_mass": 5.486021}, {"country_iso": "LKA", "city_id": 8835, "log_pop": 1.251235, "log_mass": 4.168288}, {"country_iso": "LKA", "city_id": 8835, "log_pop": 4.082005, "log_mass": 6.491847}, {"country_iso": "LKA", "city_id": 8835, "log_pop": 4.872062, "log_mass": 6.712418}, {"country_iso": "LKA", "city_id": 8935, "log_pop": 3.875791, "log_mass": 6.442695}, {"country_iso": "LKA", "city_id": 8908, "log_pop": 4.13418, "log_mass": 6.300999}, {"country_iso": "LKA", "city_id": 8935, "log_pop": 4.148412, "log_mass": 6.45276}, {"country_iso": "LKA", "city_id": 8835, "log_pop": 2.397831, "log_mass": 4.934443}, {"country_iso": "LKA", "city_id": 8886, "log_pop": 3.722229, "log_mass": 6.280682}, {"country_iso": "LKA", "city_id": 8835, "log_pop": 3.842902, "log_mass": 5.986127}, {"country_iso": "LKA", "city_id": 8835, "log_pop": 2.607396, "log_mass": 5.303794}, {"country_iso": "LKA", "city_id": 8886, "log_pop": 2.892246, "log_mass": 5.424078}, {"country_iso": "LKA", "city_id": 8835, "log_pop": 2.281058, "log_mass": 5.378743}, {"country_iso": "LKA", "city_id": 8935, "log_pop": 2.093871, "log_mass": 4.498737}, {"country_iso": "LKA", "city_id": 9261, "log_pop": 3.150968, "log_mass": 5.495009}, {"country_iso": "LKA", "city_id": 8835, "log_pop": 4.019963, "log_mass": 6.497544}, {"country_iso": "LKA", "city_id": 8835, "log_pop": 4.310203, "log_mass": 6.254557}, {"country_iso": "LKA", "city_id": 8835, "log_pop": 2.046148, "log_mass": 5.186087}, {"country_iso": "LKA", "city_id": 8835, "log_pop": 3.145223, "log_mass": 5.631596}, {"country_iso": "LKA", "city_id": 8835, "log_pop": 3.684341, "log_mass": 5.618937}]