[{"country_iso":"ARM","city_id":4980,"log_pop":2.8064139678,"log_mass":5.6022319585},{"country_iso":"ARM","city_id":4980,"log_pop":4.1808989339,"log_mass":6.3986345958},{"country_iso":"ARM","city_id":4980,"log_pop":4.0544077079,"log_mass":6.2450725938},{"country_iso":"ARM","city_id":4980,"log_pop":4.242980382,"log_mass":6.630795555},{"country_iso":"ARM","city_id":4980,"log_pop":4.5522176343,"log_mass":6.7631517151},{"country_iso":"ARM","city_id":4980,"log_pop":2.2439499745,"log_mass":4.6132769452},{"country_iso":"ARM","city_id":4980,"log_pop":3.1151071574,"log_mass":5.4504082459},{"country_iso":"ARM","city_id":4980,"log_pop":3.3364674929,"log_mass":6.0996387535},{"country_iso":"ARM","city_id":4980,"log_pop":3.1498131508,"log_mass":5.8123097772},{"country_iso":"ARM","city_id":4980,"log_pop":4.065442158,"log_mass":6.5837590163},{"country_iso":"ARM","city_id":4980,"log_pop":3.5307953023,"log_mass":6.0210482713},{"country_iso":"ARM","city_id":4980,"log_pop":3.4631779526,"log_mass":6.1641325598},{"country_iso":"ARM","city_id":4980,"log_pop":3.655836229,"log_mass":5.8491635902},{"country_iso":"ARM","city_id":4980,"log_pop":3.769867136,"log_mass":6.0564161847},{"country_iso":"ARM","city_id":4980,"log_pop":-0.3997271692,"log_mass":2.7589726216},{"country_iso":"ARM","city_id":4980,"log_pop":4.4827985827,"log_mass":6.7237317799},{"country_iso":"ARM","city_id":4980,"log_pop":3.8405345112,"log_mass":6.1826509113},{"country_iso":"ARM","city_id":4980,"log_pop":4.5864513027,"log_mass":6.8596799145},{"country_iso":"ARM","city_id":4980,"log_pop":4.6487661481,"log_mass":6.8356884587},{"country_iso":"ARM","city_id":4980,"log_pop":4.0830490787,"log_mass":6.2737234784},{"country_iso":"ARM","city_id":4980,"log_pop":2.7665946351,"log_mass":5.0434234693},{"country_iso":"ARM","city_id":4980,"log_pop":4.4724917792,"log_mass":6.6821120635},{"country_iso":"ARM","city_id":4980,"log_pop":3.8656813065,"log_mass":6.0409162409},{"country_iso":"ARM","city_id":4980,"log_pop":4.4336007404,"log_mass":6.5913527914},{"country_iso":"ARM","city_id":4980,"log_pop":3.2992314088,"log_mass":5.9568386054},{"country_iso":"ARM","city_id":4980,"log_pop":1.9560099733,"log_mass":4.3011174039},{"country_iso":"ARM","city_id":4980,"log_pop":4.4215571525,"log_mass":6.5310502848},{"country_iso":"ARM","city_id":4980,"log_pop":3.7463981402,"log_mass":5.9434687021},{"country_iso":"ARM","city_id":4980,"log_pop":2.9163352168,"log_mass":5.6416776855},{"country_iso":"ARM","city_id":4980,"log_pop":1.4872789326,"log_mass":3.9601844003},{"country_iso":"ARM","city_id":4980,"log_pop":2.986850813,"log_mass":5.2573805055},{"country_iso":"ARM","city_id":4980,"log_pop":4.2832547693,"log_mass":6.5473402219},{"country_iso":"ARM","city_id":4980,"log_pop":4.0369365836,"log_mass":6.3702833492},{"country_iso":"ARM","city_id":4980,"log_pop":2.2415431903,"log_mass":4.7930293669},{"country_iso":"ARM","city_id":4980,"log_pop":4.3337537602,"log_mass":6.78168826},{"country_iso":"ARM","city_id":4980,"log_pop":4.6098537096,"log_mass":6.9087147223},{"country_iso":"ARM","city_id":4980,"log_pop":4.3871708349,"log_mass":6.6755300033},{"country_iso":"ARM","city_id":4980,"log_pop":4.4514560596,"log_mass":6.8111811891},{"country_iso":"ARM","city_id":4980,"log_pop":4.1991894083,"log_mass":6.4192969691},{"country_iso":"ARM","city_id":4980,"log_pop":4.0926799026,"log_mass":6.2280084728},{"country_iso":"ARM","city_id":4980,"log_pop":4.1525999867,"log_mass":6.5530755348},{"country_iso":"ARM","city_id":4980,"log_pop":4.176945041,"log_mass":6.4083835946},{"country_iso":"ARM","city_id":4980,"log_pop":4.5825864391,"log_mass":6.6135203789},{"country_iso":"ARM","city_id":4980,"log_pop":2.7565942513,"log_mass":5.0588298252},{"country_iso":"ARM","city_id":4980,"log_pop":3.9095125152,"log_mass":6.0269504839},{"country_iso":"ARM","city_id":4980,"log_pop":4.5000684035,"log_mass":6.8532420597},{"country_iso":"ARM","city_id":4980,"log_pop":4.4723381556,"log_mass":6.6427440324},{"country_iso":"ARM","city_id":4980,"log_pop":4.1973510092,"log_mass":6.5036633606},{"country_iso":"ARM","city_id":4980,"log_pop":3.611813585,"log_mass":6.2122350176},{"country_iso":"ARM","city_id":4980,"log_pop":4.0640853565,"log_mass":6.3742152379},{"country_iso":"ARM","city_id":4980,"log_pop":-0.6877632495,"log_mass":1.8273499403},{"country_iso":"ARM","city_id":4980,"log_pop":3.0038549342,"log_mass":5.3149958102},{"country_iso":"ARM","city_id":4980,"log_pop":3.4546214698,"log_mass":6.1754073573},{"country_iso":"ARM","city_id":4980,"log_pop":3.8746420817,"log_mass":6.3391079339},{"country_iso":"ARM","city_id":4980,"log_pop":3.0269911659,"log_mass":5.7668162819},{"country_iso":"ARM","city_id":4844,"log_pop":2.3130935819,"log_mass":4.5772093091},{"country_iso":"ARM","city_id":4844,"log_pop":2.5601074442,"log_mass":4.9114210863},{"country_iso":"ARM","city_id":4844,"log_pop":0.1546683704,"log_mass":2.8256547271},{"country_iso":"ARM","city_id":4844,"log_pop":3.0209323794,"log_mass":5.3063521168},{"country_iso":"ARM","city_id":4844,"log_pop":3.930824334,"log_mass":6.45646399},{"country_iso":"ARM","city_id":4844,"log_pop":4.1705539868,"log_mass":6.6555335167},{"country_iso":"ARM","city_id":4844,"log_pop":4.0720833802,"log_mass":6.5433163898},{"country_iso":"ARM","city_id":4844,"log_pop":3.9204860957,"log_mass":6.3840503638},{"country_iso":"ARM","city_id":4844,"log_pop":3.5040617493,"log_mass":6.0639159188},{"country_iso":"ARM","city_id":4844,"log_pop":2.2239165543,"log_mass":4.5298303288},{"country_iso":"ARM","city_id":4844,"log_pop":3.9655655802,"log_mass":6.369302105},{"country_iso":"ARM","city_id":4932,"log_pop":2.8906244832,"log_mass":5.0225028617},{"country_iso":"ARM","city_id":4932,"log_pop":3.0075116986,"log_mass":5.35261879},{"country_iso":"ARM","city_id":4932,"log_pop":3.3776630657,"log_mass":5.9584570874},{"country_iso":"ARM","city_id":4932,"log_pop":1.3950513068,"log_mass":4.9595804877},{"country_iso":"ARM","city_id":4932,"log_pop":1.4472363035,"log_mass":4.4643020683},{"country_iso":"ARM","city_id":4932,"log_pop":3.8919094738,"log_mass":6.3229271647},{"country_iso":"ARM","city_id":4932,"log_pop":1.4580575263,"log_mass":4.3876936063}]