[{"country_iso":"COD","city_id":3209,"log_pop":3.4675092794,"log_mass":5.9870481012},{"country_iso":"COD","city_id":3209,"log_pop":5.0074917437,"log_mass":6.7772004226},{"country_iso":"COD","city_id":3209,"log_pop":4.0371268119,"log_mass":6.2152690098},{"country_iso":"COD","city_id":3209,"log_pop":4.997035308,"log_mass":6.6751802527},{"country_iso":"COD","city_id":3209,"log_pop":4.6177970658,"log_mass":6.6561132355},{"country_iso":"COD","city_id":3209,"log_pop":3.8624657288,"log_mass":6.4260381002},{"country_iso":"COD","city_id":3209,"log_pop":2.9407986206,"log_mass":6.0064362548},{"country_iso":"COD","city_id":3209,"log_pop":2.5005820956,"log_mass":4.9485398079},{"country_iso":"COD","city_id":3209,"log_pop":2.4933563181,"log_mass":4.8416891445},{"country_iso":"COD","city_id":3209,"log_pop":1.6595620717,"log_mass":4.4135919974},{"country_iso":"COD","city_id":3209,"log_pop":2.3177999603,"log_mass":4.995261092},{"country_iso":"COD","city_id":3209,"log_pop":1.1014965309,"log_mass":4.4785814132},{"country_iso":"COD","city_id":3209,"log_pop":5.104201595,"log_mass":6.7556799846},{"country_iso":"COD","city_id":3209,"log_pop":5.2178442338,"log_mass":6.7579062422},{"country_iso":"COD","city_id":3209,"log_pop":3.6055865848,"log_mass":5.4608790308},{"country_iso":"COD","city_id":3209,"log_pop":4.6425176437,"log_mass":6.279310146},{"country_iso":"COD","city_id":3209,"log_pop":4.7317777425,"log_mass":6.5625314726},{"country_iso":"COD","city_id":3209,"log_pop":5.0610777062,"log_mass":6.6684889294},{"country_iso":"COD","city_id":3209,"log_pop":4.3293469312,"log_mass":6.0899767439},{"country_iso":"COD","city_id":3209,"log_pop":5.095983483,"log_mass":6.6717809755},{"country_iso":"COD","city_id":3209,"log_pop":5.305224712,"log_mass":6.846885279},{"country_iso":"COD","city_id":3209,"log_pop":4.358664983,"log_mass":6.3101938045},{"country_iso":"COD","city_id":3209,"log_pop":4.8631868253,"log_mass":6.7516344229},{"country_iso":"COD","city_id":3209,"log_pop":5.0476319001,"log_mass":6.6410762438},{"country_iso":"COD","city_id":3209,"log_pop":5.2883320843,"log_mass":6.7917292533},{"country_iso":"COD","city_id":3209,"log_pop":4.9608155625,"log_mass":6.6170193909},{"country_iso":"COD","city_id":3209,"log_pop":3.8869008238,"log_mass":5.8282279185},{"country_iso":"COD","city_id":3209,"log_pop":3.4131226333,"log_mass":5.213158452},{"country_iso":"COD","city_id":3209,"log_pop":3.9081188748,"log_mass":5.8392978659},{"country_iso":"COD","city_id":3209,"log_pop":3.6344857293,"log_mass":5.8625473373},{"country_iso":"COD","city_id":3209,"log_pop":2.599955857,"log_mass":4.821758938},{"country_iso":"COD","city_id":3209,"log_pop":3.4321104355,"log_mass":5.4943594066},{"country_iso":"COD","city_id":3209,"log_pop":3.680180113,"log_mass":5.7361028072},{"country_iso":"COD","city_id":3209,"log_pop":3.9384107243,"log_mass":5.8664292446},{"country_iso":"COD","city_id":3209,"log_pop":3.594623719,"log_mass":5.5285091197},{"country_iso":"COD","city_id":3209,"log_pop":4.9237731461,"log_mass":6.5815792854},{"country_iso":"COD","city_id":3209,"log_pop":4.6338384005,"log_mass":6.1826083083},{"country_iso":"COD","city_id":3209,"log_pop":3.5321926066,"log_mass":5.2806714528},{"country_iso":"COD","city_id":3209,"log_pop":2.4821424999,"log_mass":5.1508964179},{"country_iso":"COD","city_id":3209,"log_pop":4.4826838138,"log_mass":6.3069841352},{"country_iso":"COD","city_id":3209,"log_pop":4.379618124,"log_mass":6.3231175386},{"country_iso":"COD","city_id":3209,"log_pop":2.0569385026,"log_mass":4.6896164713},{"country_iso":"COD","city_id":3209,"log_pop":3.631201697,"log_mass":5.5644889325},{"country_iso":"COD","city_id":3209,"log_pop":3.1909497018,"log_mass":5.8205452803},{"country_iso":"COD","city_id":3209,"log_pop":1.8717812796,"log_mass":4.923176586},{"country_iso":"COD","city_id":3209,"log_pop":4.7084593757,"log_mass":6.452770227},{"country_iso":"COD","city_id":3209,"log_pop":4.3118468722,"log_mass":6.1765365659},{"country_iso":"COD","city_id":3209,"log_pop":4.0132069831,"log_mass":6.0498176061},{"country_iso":"COD","city_id":3209,"log_pop":2.6525712556,"log_mass":5.0017252069},{"country_iso":"COD","city_id":3209,"log_pop":4.02921059,"log_mass":6.0510647924},{"country_iso":"COD","city_id":3209,"log_pop":3.3039931421,"log_mass":6.0030473881},{"country_iso":"COD","city_id":3209,"log_pop":3.9545377431,"log_mass":6.1528340397},{"country_iso":"COD","city_id":3209,"log_pop":-2.4523112513,"log_mass":2.7734741603},{"country_iso":"COD","city_id":3209,"log_pop":2.4548451309,"log_mass":5.0387856486},{"country_iso":"COD","city_id":3209,"log_pop":4.318246907,"log_mass":6.2419877772},{"country_iso":"COD","city_id":3209,"log_pop":5.323765816,"log_mass":6.7085799248},{"country_iso":"COD","city_id":3209,"log_pop":5.3728223814,"log_mass":6.6920225966},{"country_iso":"COD","city_id":3209,"log_pop":5.2451160236,"log_mass":6.7704461496},{"country_iso":"COD","city_id":3209,"log_pop":5.1342226951,"log_mass":6.615443081},{"country_iso":"COD","city_id":3209,"log_pop":5.5456021816,"log_mass":6.865779459},{"country_iso":"COD","city_id":3209,"log_pop":5.3037968497,"log_mass":6.7467592607},{"country_iso":"COD","city_id":3209,"log_pop":5.278848404,"log_mass":6.8864391348},{"country_iso":"COD","city_id":3209,"log_pop":3.3050377554,"log_mass":5.2004646411},{"country_iso":"COD","city_id":3209,"log_pop":3.3030271568,"log_mass":5.5965162709},{"country_iso":"COD","city_id":3209,"log_pop":4.7059189396,"log_mass":6.5074062104},{"country_iso":"COD","city_id":3209,"log_pop":4.7322907042,"log_mass":6.5210018518},{"country_iso":"COD","city_id":3209,"log_pop":4.6103407763,"log_mass":6.4169469558},{"country_iso":"COD","city_id":3209,"log_pop":3.9019234223,"log_mass":6.1827810881},{"country_iso":"COD","city_id":3209,"log_pop":2.2943610376,"log_mass":4.9093896585},{"country_iso":"COD","city_id":3209,"log_pop":4.1696493237,"log_mass":6.0226370324},{"country_iso":"COD","city_id":3209,"log_pop":3.4756569718,"log_mass":5.6085179841},{"country_iso":"COD","city_id":3209,"log_pop":2.5556757972,"log_mass":5.0205031116},{"country_iso":"COD","city_id":3209,"log_pop":2.0896067319,"log_mass":5.047849465},{"country_iso":"COD","city_id":3209,"log_pop":3.5628147313,"log_mass":5.8363265709},{"country_iso":"COD","city_id":3209,"log_pop":1.5499867987,"log_mass":4.2890279824},{"country_iso":"COD","city_id":3209,"log_pop":1.420550993,"log_mass":4.1276113538},{"country_iso":"COD","city_id":3209,"log_pop":4.1827533495,"log_mass":6.1684181528},{"country_iso":"COD","city_id":3209,"log_pop":4.130515203,"log_mass":5.9906567347},{"country_iso":"COD","city_id":3209,"log_pop":5.1590334816,"log_mass":6.6729007715},{"country_iso":"COD","city_id":3209,"log_pop":4.7132374775,"log_mass":6.3897252606},{"country_iso":"COD","city_id":3209,"log_pop":3.3638989614,"log_mass":5.4427313376},{"country_iso":"COD","city_id":3209,"log_pop":4.0938835746,"log_mass":6.1552134388},{"country_iso":"COD","city_id":3209,"log_pop":4.6100634562,"log_mass":6.3713447861},{"country_iso":"COD","city_id":3209,"log_pop":2.6087305454,"log_mass":4.7886854332},{"country_iso":"COD","city_id":3209,"log_pop":2.682852857,"log_mass":4.9325653685},{"country_iso":"COD","city_id":3209,"log_pop":3.7284168688,"log_mass":5.8092178087},{"country_iso":"COD","city_id":3209,"log_pop":1.3481794599,"log_mass":3.6216878962},{"country_iso":"COD","city_id":3756,"log_pop":3.037179197,"log_mass":5.1122908036},{"country_iso":"COD","city_id":3756,"log_pop":2.7120210771,"log_mass":4.7678952376},{"country_iso":"COD","city_id":3756,"log_pop":3.8834923213,"log_mass":5.914717941},{"country_iso":"COD","city_id":3756,"log_pop":4.4282067515,"log_mass":6.4985603792},{"country_iso":"COD","city_id":3756,"log_pop":3.2687330264,"log_mass":5.5886495478},{"country_iso":"COD","city_id":3756,"log_pop":4.246911331,"log_mass":6.3936592006},{"country_iso":"COD","city_id":3756,"log_pop":2.2205430131,"log_mass":4.5004024108},{"country_iso":"COD","city_id":3756,"log_pop":4.8128285501,"log_mass":6.6904592875},{"country_iso":"COD","city_id":3756,"log_pop":4.660334724,"log_mass":6.5458315942},{"country_iso":"COD","city_id":3756,"log_pop":4.5624179734,"log_mass":6.5898441641},{"country_iso":"COD","city_id":3756,"log_pop":4.7524038845,"log_mass":6.6859609975},{"country_iso":"COD","city_id":3756,"log_pop":4.6363444462,"log_mass":6.6206167041},{"country_iso":"COD","city_id":3756,"log_pop":4.7140027907,"log_mass":6.6139434695},{"country_iso":"COD","city_id":3756,"log_pop":4.7649919214,"log_mass":6.6169993214},{"country_iso":"COD","city_id":3756,"log_pop":3.2035483453,"log_mass":5.495995779},{"country_iso":"COD","city_id":3756,"log_pop":4.4386144537,"log_mass":6.5779587664},{"country_iso":"COD","city_id":3756,"log_pop":4.3360057392,"log_mass":6.5455518724},{"country_iso":"COD","city_id":3756,"log_pop":3.8199113141,"log_mass":5.9901306279},{"country_iso":"COD","city_id":3756,"log_pop":4.1642167545,"log_mass":6.3008933566},{"country_iso":"COD","city_id":3756,"log_pop":4.3077289251,"log_mass":6.4985197671},{"country_iso":"COD","city_id":3756,"log_pop":4.600280985,"log_mass":6.5771141311},{"country_iso":"COD","city_id":3756,"log_pop":3.5974592175,"log_mass":5.7869287172},{"country_iso":"COD","city_id":3756,"log_pop":4.2036187231,"log_mass":6.3249703587},{"country_iso":"COD","city_id":3756,"log_pop":4.4250741509,"log_mass":6.4444389506},{"country_iso":"COD","city_id":3756,"log_pop":4.249217519,"log_mass":6.2726289966},{"country_iso":"COD","city_id":3756,"log_pop":4.4658933252,"log_mass":6.3976009005},{"country_iso":"COD","city_id":3756,"log_pop":3.8039788266,"log_mass":6.076899677},{"country_iso":"COD","city_id":3756,"log_pop":3.1551847397,"log_mass":5.3179869206},{"country_iso":"COD","city_id":3756,"log_pop":2.1044496823,"log_mass":4.5686217453},{"country_iso":"COD","city_id":3756,"log_pop":2.6420396994,"log_mass":4.8379069564},{"country_iso":"COD","city_id":3756,"log_pop":4.479008827,"log_mass":6.5423032996},{"country_iso":"COD","city_id":3756,"log_pop":3.8344246487,"log_mass":5.9869338607},{"country_iso":"COD","city_id":3756,"log_pop":4.1483532351,"log_mass":6.1460751694},{"country_iso":"COD","city_id":3756,"log_pop":3.1345151974,"log_mass":5.245452038},{"country_iso":"COD","city_id":3756,"log_pop":4.6277222739,"log_mass":6.5307395736},{"country_iso":"COD","city_id":3756,"log_pop":4.2216274391,"log_mass":6.2014853861},{"country_iso":"COD","city_id":3756,"log_pop":4.4275331725,"log_mass":6.4589732504},{"country_iso":"COD","city_id":3756,"log_pop":4.4480648078,"log_mass":6.5284197261},{"country_iso":"COD","city_id":3756,"log_pop":3.6510952422,"log_mass":5.763977568},{"country_iso":"COD","city_id":3756,"log_pop":4.7016593609,"log_mass":6.586096982},{"country_iso":"COD","city_id":3756,"log_pop":4.2727396827,"log_mass":6.3793544695},{"country_iso":"COD","city_id":3756,"log_pop":4.09143602,"log_mass":6.0836634842},{"country_iso":"COD","city_id":3756,"log_pop":0.9873846962,"log_mass":4.5178479261},{"country_iso":"COD","city_id":3756,"log_pop":4.7968212812,"log_mass":6.6405612115},{"country_iso":"COD","city_id":3756,"log_pop":2.9486558321,"log_mass":5.039337104},{"country_iso":"COD","city_id":3756,"log_pop":4.2983260141,"log_mass":6.3805245132},{"country_iso":"COD","city_id":3756,"log_pop":4.1276089071,"log_mass":6.224351046},{"country_iso":"COD","city_id":3756,"log_pop":4.0371220348,"log_mass":6.1108908464},{"country_iso":"COD","city_id":3756,"log_pop":3.8967111961,"log_mass":6.0844860793},{"country_iso":"COD","city_id":3756,"log_pop":4.5782624161,"log_mass":6.5995461968},{"country_iso":"COD","city_id":3756,"log_pop":4.563326579,"log_mass":6.5910277364},{"country_iso":"COD","city_id":3756,"log_pop":4.1703114338,"log_mass":6.3054250467},{"country_iso":"COD","city_id":3756,"log_pop":2.9732748913,"log_mass":5.13439141},{"country_iso":"COD","city_id":3756,"log_pop":3.6811922301,"log_mass":6.0001097951},{"country_iso":"COD","city_id":3756,"log_pop":2.9543266299,"log_mass":5.148143629},{"country_iso":"COD","city_id":3756,"log_pop":1.9974255053,"log_mass":4.1524569507},{"country_iso":"COD","city_id":3756,"log_pop":3.0795568155,"log_mass":5.2107700963},{"country_iso":"COD","city_id":3756,"log_pop":3.5249566611,"log_mass":5.6057255724},{"country_iso":"COD","city_id":3541,"log_pop":3.0807753282,"log_mass":4.3662077601},{"country_iso":"COD","city_id":3541,"log_pop":4.8458467865,"log_mass":5.9170103377},{"country_iso":"COD","city_id":3541,"log_pop":4.3176221532,"log_mass":5.4731627747},{"country_iso":"COD","city_id":3541,"log_pop":3.1206423292,"log_mass":4.2891919929},{"country_iso":"COD","city_id":3541,"log_pop":1.3162620292,"log_mass":3.0824887559},{"country_iso":"COD","city_id":3541,"log_pop":4.8831681228,"log_mass":5.9634389577},{"country_iso":"COD","city_id":3541,"log_pop":4.7516562477,"log_mass":6.0412898711},{"country_iso":"COD","city_id":3541,"log_pop":5.3142467925,"log_mass":6.5681063235},{"country_iso":"COD","city_id":3541,"log_pop":5.1736432315,"log_mass":6.4754013272},{"country_iso":"COD","city_id":3541,"log_pop":3.3800575578,"log_mass":4.7072711008},{"country_iso":"COD","city_id":3541,"log_pop":5.2295102048,"log_mass":6.4078297765},{"country_iso":"COD","city_id":3541,"log_pop":3.4680408559,"log_mass":4.7697030805},{"country_iso":"COD","city_id":3541,"log_pop":1.6478247819,"log_mass":4.1667773658},{"country_iso":"COD","city_id":3541,"log_pop":3.8290512659,"log_mass":4.9625673018},{"country_iso":"COD","city_id":3541,"log_pop":1.9236093836,"log_mass":4.4042452574},{"country_iso":"COD","city_id":3541,"log_pop":4.0544959133,"log_mass":5.3549391234},{"country_iso":"COD","city_id":3541,"log_pop":4.2741103412,"log_mass":5.6783898484},{"country_iso":"COD","city_id":3541,"log_pop":3.9042050496,"log_mass":5.4810123673},{"country_iso":"COD","city_id":3541,"log_pop":4.481568349,"log_mass":5.8157617229},{"country_iso":"COD","city_id":3541,"log_pop":2.2684630373,"log_mass":3.7215607729},{"country_iso":"COD","city_id":3541,"log_pop":3.4071633191,"log_mass":4.5783016261},{"country_iso":"COD","city_id":3541,"log_pop":1.8935673717,"log_mass":4.9136100734},{"country_iso":"COD","city_id":3541,"log_pop":4.7982530689,"log_mass":6.0267863526},{"country_iso":"COD","city_id":3541,"log_pop":3.0149230159,"log_mass":4.6964430558},{"country_iso":"COD","city_id":3541,"log_pop":3.9132081449,"log_mass":5.368558976},{"country_iso":"COD","city_id":3541,"log_pop":2.5006090592,"log_mass":4.8532357358},{"country_iso":"COD","city_id":3541,"log_pop":4.4626806859,"log_mass":5.7725260135},{"country_iso":"COD","city_id":3541,"log_pop":1.6841657629,"log_mass":4.01072726},{"country_iso":"COD","city_id":3541,"log_pop":3.2572664288,"log_mass":4.6377141621},{"country_iso":"COD","city_id":3541,"log_pop":1.6074488523,"log_mass":3.2498764563},{"country_iso":"COD","city_id":4007,"log_pop":2.7777611798,"log_mass":5.3480618911},{"country_iso":"COD","city_id":4007,"log_pop":2.4860598213,"log_mass":4.1915240281},{"country_iso":"COD","city_id":4007,"log_pop":0.8465171747,"log_mass":2.5530861524},{"country_iso":"COD","city_id":4007,"log_pop":3.2604786034,"log_mass":5.3138916317},{"country_iso":"COD","city_id":4007,"log_pop":3.9054836634,"log_mass":5.5699882021},{"country_iso":"COD","city_id":4007,"log_pop":1.4357161116,"log_mass":3.9619784098},{"country_iso":"COD","city_id":4007,"log_pop":2.4628378065,"log_mass":4.6056709455},{"country_iso":"COD","city_id":4007,"log_pop":4.1259264387,"log_mass":5.8760534582},{"country_iso":"COD","city_id":4007,"log_pop":3.359108544,"log_mass":5.0788558164},{"country_iso":"COD","city_id":4007,"log_pop":1.3231576009,"log_mass":4.4763851194},{"country_iso":"COD","city_id":4007,"log_pop":4.6332428274,"log_mass":6.1689291584},{"country_iso":"COD","city_id":4007,"log_pop":4.2965058929,"log_mass":6.0790798806},{"country_iso":"COD","city_id":4007,"log_pop":1.7232334096,"log_mass":4.0505405576},{"country_iso":"COD","city_id":4007,"log_pop":2.485194556,"log_mass":4.8200988455},{"country_iso":"COD","city_id":4007,"log_pop":2.9511636711,"log_mass":4.7614409582},{"country_iso":"COD","city_id":4007,"log_pop":3.7018401476,"log_mass":5.9594667834},{"country_iso":"COD","city_id":4007,"log_pop":1.6653007561,"log_mass":4.3007519032},{"country_iso":"COD","city_id":4007,"log_pop":4.6838790039,"log_mass":6.4221625456},{"country_iso":"COD","city_id":4007,"log_pop":4.5681883544,"log_mass":6.3199184848},{"country_iso":"COD","city_id":4007,"log_pop":4.695441797,"log_mass":6.3230810358},{"country_iso":"COD","city_id":4007,"log_pop":4.8717357527,"log_mass":6.3797088963},{"country_iso":"COD","city_id":4007,"log_pop":4.3462357452,"log_mass":6.1391568282},{"country_iso":"COD","city_id":4007,"log_pop":3.1831576823,"log_mass":5.2565993526},{"country_iso":"COD","city_id":4007,"log_pop":3.9732784424,"log_mass":5.5008551831},{"country_iso":"COD","city_id":4052,"log_pop":2.6976660693,"log_mass":5.4124138132},{"country_iso":"COD","city_id":4052,"log_pop":3.1630926662,"log_mass":5.2821739615},{"country_iso":"COD","city_id":4052,"log_pop":3.3091195692,"log_mass":5.739418873},{"country_iso":"COD","city_id":4052,"log_pop":4.3824597095,"log_mass":6.5906855947},{"country_iso":"COD","city_id":4052,"log_pop":3.5838224183,"log_mass":5.9496155901},{"country_iso":"COD","city_id":4052,"log_pop":2.6545131932,"log_mass":5.3286665707},{"country_iso":"COD","city_id":4052,"log_pop":3.0279552411,"log_mass":5.3176122062},{"country_iso":"COD","city_id":4052,"log_pop":2.251766626,"log_mass":4.7541163244},{"country_iso":"COD","city_id":4052,"log_pop":1.3647375865,"log_mass":4.0787058423},{"country_iso":"COD","city_id":4052,"log_pop":3.4988142186,"log_mass":5.6616828721},{"country_iso":"COD","city_id":4052,"log_pop":2.3541850475,"log_mass":5.1820718017},{"country_iso":"COD","city_id":4052,"log_pop":4.2766914309,"log_mass":6.3226525951},{"country_iso":"COD","city_id":4052,"log_pop":2.9125709498,"log_mass":5.4225714798},{"country_iso":"COD","city_id":4052,"log_pop":2.4148619591,"log_mass":4.9998023119},{"country_iso":"COD","city_id":4052,"log_pop":2.6450186374,"log_mass":4.5711117566},{"country_iso":"COD","city_id":4052,"log_pop":3.1386836478,"log_mass":5.1843654589},{"country_iso":"COD","city_id":4052,"log_pop":4.4680137902,"log_mass":6.6965743184},{"country_iso":"COD","city_id":4052,"log_pop":4.2723878484,"log_mass":6.4408333238},{"country_iso":"COD","city_id":4052,"log_pop":2.6392693306,"log_mass":5.2179390504},{"country_iso":"COD","city_id":4052,"log_pop":4.280979279,"log_mass":6.5126607111},{"country_iso":"COD","city_id":4052,"log_pop":4.4280633121,"log_mass":6.5662174322},{"country_iso":"COD","city_id":4052,"log_pop":4.3983061605,"log_mass":6.4628837562},{"country_iso":"COD","city_id":4052,"log_pop":4.3013105533,"log_mass":6.5715035889},{"country_iso":"COD","city_id":3625,"log_pop":2.5418494782,"log_mass":4.7052800395},{"country_iso":"COD","city_id":3625,"log_pop":3.3157452664,"log_mass":5.6488657546},{"country_iso":"COD","city_id":3625,"log_pop":4.2156954852,"log_mass":6.3873330268},{"country_iso":"COD","city_id":3625,"log_pop":4.0990586219,"log_mass":6.2353124579},{"country_iso":"COD","city_id":3625,"log_pop":3.0816799055,"log_mass":5.4264921945},{"country_iso":"COD","city_id":3625,"log_pop":4.4057922859,"log_mass":6.5496836729},{"country_iso":"COD","city_id":3625,"log_pop":3.9651228912,"log_mass":6.3168224596},{"country_iso":"COD","city_id":3625,"log_pop":3.7845112913,"log_mass":6.0028223974},{"country_iso":"COD","city_id":3625,"log_pop":4.0581945185,"log_mass":6.3088477463},{"country_iso":"COD","city_id":3625,"log_pop":0.7682319456,"log_mass":3.7955436273},{"country_iso":"COD","city_id":3625,"log_pop":2.8229576081,"log_mass":5.2399489273},{"country_iso":"COD","city_id":3625,"log_pop":4.023770356,"log_mass":6.2568516612},{"country_iso":"COD","city_id":3625,"log_pop":4.0843213863,"log_mass":6.3605972291},{"country_iso":"COD","city_id":3625,"log_pop":3.4183949835,"log_mass":5.6466381234},{"country_iso":"COD","city_id":3625,"log_pop":3.5652800151,"log_mass":5.9499541403},{"country_iso":"COD","city_id":3625,"log_pop":4.3208275741,"log_mass":6.5295014919},{"country_iso":"COD","city_id":3625,"log_pop":4.5004237454,"log_mass":6.6060715876},{"country_iso":"COD","city_id":3625,"log_pop":3.5071157682,"log_mass":5.8700014324},{"country_iso":"COD","city_id":3625,"log_pop":2.192005949,"log_mass":4.4304046362},{"country_iso":"COD","city_id":3625,"log_pop":3.8038129769,"log_mass":6.1779062835},{"country_iso":"COD","city_id":3625,"log_pop":2.1439561491,"log_mass":4.1828862833},{"country_iso":"COD","city_id":3625,"log_pop":2.9629637109,"log_mass":5.2977233435},{"country_iso":"COD","city_id":3624,"log_pop":2.3879633502,"log_mass":5.4637539517},{"country_iso":"COD","city_id":3624,"log_pop":3.2442580449,"log_mass":6.2153523335},{"country_iso":"COD","city_id":3624,"log_pop":2.6617756967,"log_mass":5.6978531932},{"country_iso":"COD","city_id":3624,"log_pop":1.7453188,"log_mass":4.7037194561},{"country_iso":"COD","city_id":3624,"log_pop":3.5887051676,"log_mass":6.5077241413},{"country_iso":"COD","city_id":3624,"log_pop":3.0647217617,"log_mass":5.9660549202},{"country_iso":"COD","city_id":3624,"log_pop":2.0979311326,"log_mass":5.1141830594},{"country_iso":"COD","city_id":3624,"log_pop":2.975890221,"log_mass":6.429727406},{"country_iso":"COD","city_id":3624,"log_pop":3.261422111,"log_mass":6.5425899548},{"country_iso":"COD","city_id":3624,"log_pop":2.3139339325,"log_mass":5.4746430222},{"country_iso":"COD","city_id":3624,"log_pop":2.2836904651,"log_mass":5.2643506303},{"country_iso":"COD","city_id":3624,"log_pop":3.1377959791,"log_mass":6.2392298831},{"country_iso":"COD","city_id":3624,"log_pop":3.2018966526,"log_mass":6.3064377463},{"country_iso":"COD","city_id":3624,"log_pop":3.2268008747,"log_mass":6.2424618413},{"country_iso":"COD","city_id":3624,"log_pop":2.8138548186,"log_mass":5.8073566046},{"country_iso":"COD","city_id":3624,"log_pop":3.3153983285,"log_mass":6.5316698616},{"country_iso":"COD","city_id":3624,"log_pop":3.39309876,"log_mass":6.5182839955},{"country_iso":"COD","city_id":3624,"log_pop":2.3077807752,"log_mass":5.0902158072},{"country_iso":"COD","city_id":3624,"log_pop":2.7946051944,"log_mass":5.9020593117},{"country_iso":"COD","city_id":3624,"log_pop":3.1967021498,"log_mass":6.2200616064},{"country_iso":"COD","city_id":3624,"log_pop":2.9630613816,"log_mass":6.4081436576},{"country_iso":"COD","city_id":4077,"log_pop":4.3712174663,"log_mass":6.6038882099},{"country_iso":"COD","city_id":4077,"log_pop":4.0226186533,"log_mass":6.4389651462},{"country_iso":"COD","city_id":4077,"log_pop":3.966358597,"log_mass":6.3906627647},{"country_iso":"COD","city_id":4077,"log_pop":4.1780344685,"log_mass":6.5055483255},{"country_iso":"COD","city_id":4077,"log_pop":4.1870472126,"log_mass":6.4682734223},{"country_iso":"COD","city_id":4077,"log_pop":4.1896369439,"log_mass":6.5023650227},{"country_iso":"COD","city_id":4077,"log_pop":3.7439090181,"log_mass":6.1043396034},{"country_iso":"COD","city_id":4077,"log_pop":2.4185157134,"log_mass":5.167037217},{"country_iso":"COD","city_id":4077,"log_pop":3.5475886844,"log_mass":6.0414889824},{"country_iso":"COD","city_id":4077,"log_pop":2.586790849,"log_mass":5.1931970864},{"country_iso":"COD","city_id":4077,"log_pop":2.6117347312,"log_mass":5.1423230281},{"country_iso":"COD","city_id":4077,"log_pop":3.3867102777,"log_mass":5.8282284633},{"country_iso":"COD","city_id":4077,"log_pop":2.9887840963,"log_mass":5.4956300515},{"country_iso":"COD","city_id":4077,"log_pop":-0.3920582907,"log_mass":2.4115686126},{"country_iso":"COD","city_id":4077,"log_pop":3.0009457578,"log_mass":5.3363278734},{"country_iso":"COD","city_id":4077,"log_pop":3.9015670492,"log_mass":6.1313708073},{"country_iso":"COD","city_id":4077,"log_pop":3.6591898691,"log_mass":6.0339827465},{"country_iso":"COD","city_id":4077,"log_pop":2.1205783206,"log_mass":4.8268680011},{"country_iso":"COD","city_id":4077,"log_pop":3.828329902,"log_mass":6.2033368465},{"country_iso":"COD","city_id":4077,"log_pop":3.1899050538,"log_mass":5.4828316785},{"country_iso":"COD","city_id":4099,"log_pop":2.3612667965,"log_mass":4.3483313009},{"country_iso":"COD","city_id":4099,"log_pop":5.0075818646,"log_mass":6.4645373},{"country_iso":"COD","city_id":4099,"log_pop":4.8286630749,"log_mass":6.3008214224},{"country_iso":"COD","city_id":4099,"log_pop":4.7640328858,"log_mass":6.298280736},{"country_iso":"COD","city_id":4099,"log_pop":5.1112503985,"log_mass":6.4895291574},{"country_iso":"COD","city_id":4099,"log_pop":2.6415546988,"log_mass":4.1193042065},{"country_iso":"COD","city_id":4099,"log_pop":4.2345852666,"log_mass":5.853330039},{"country_iso":"COD","city_id":4099,"log_pop":4.2477408504,"log_mass":5.807364104},{"country_iso":"COD","city_id":4099,"log_pop":3.2944259056,"log_mass":4.744330343},{"country_iso":"COD","city_id":4099,"log_pop":2.3724221306,"log_mass":4.0093773163},{"country_iso":"COD","city_id":4099,"log_pop":1.4665001421,"log_mass":3.3085041502},{"country_iso":"COD","city_id":4099,"log_pop":2.959898981,"log_mass":4.4296221808},{"country_iso":"COD","city_id":4099,"log_pop":3.5456999254,"log_mass":5.1828675518},{"country_iso":"COD","city_id":4099,"log_pop":4.3222592548,"log_mass":5.8399399564},{"country_iso":"COD","city_id":4099,"log_pop":3.582641934,"log_mass":5.1967605256},{"country_iso":"COD","city_id":4099,"log_pop":3.9433472669,"log_mass":5.5899804479},{"country_iso":"COD","city_id":4099,"log_pop":3.4530070326,"log_mass":5.1195379242},{"country_iso":"COD","city_id":3709,"log_pop":3.1212593284,"log_mass":5.4003723965},{"country_iso":"COD","city_id":3709,"log_pop":1.8245596805,"log_mass":4.5063656863},{"country_iso":"COD","city_id":3709,"log_pop":3.62230165,"log_mass":5.9687607744},{"country_iso":"COD","city_id":3709,"log_pop":3.6009348357,"log_mass":5.7930322715},{"country_iso":"COD","city_id":3709,"log_pop":4.179214834,"log_mass":6.3551326599},{"country_iso":"COD","city_id":3709,"log_pop":3.7649889765,"log_mass":6.0058564809},{"country_iso":"COD","city_id":3709,"log_pop":3.3731405598,"log_mass":5.6506558436},{"country_iso":"COD","city_id":3709,"log_pop":4.4369410665,"log_mass":6.5970454323},{"country_iso":"COD","city_id":3709,"log_pop":4.2752630951,"log_mass":6.4371125108},{"country_iso":"COD","city_id":3709,"log_pop":3.5698489063,"log_mass":5.8634843826},{"country_iso":"COD","city_id":3709,"log_pop":4.3642748671,"log_mass":6.5928518451},{"country_iso":"COD","city_id":3709,"log_pop":3.7560393487,"log_mass":5.9927063817},{"country_iso":"COD","city_id":3709,"log_pop":3.505963009,"log_mass":5.8434883469},{"country_iso":"COD","city_id":3709,"log_pop":3.9685963429,"log_mass":6.2649838129},{"country_iso":"COD","city_id":3709,"log_pop":1.6876652872,"log_mass":3.9607138449},{"country_iso":"COD","city_id":3709,"log_pop":3.8011811293,"log_mass":6.0306498523},{"country_iso":"COD","city_id":3709,"log_pop":1.640424702,"log_mass":4.0007043163},{"country_iso":"COD","city_id":3486,"log_pop":3.0638933865,"log_mass":5.1533286062},{"country_iso":"COD","city_id":3486,"log_pop":2.6422564188,"log_mass":5.0545385276},{"country_iso":"COD","city_id":3486,"log_pop":3.2479792551,"log_mass":5.2373621381},{"country_iso":"COD","city_id":3486,"log_pop":2.3361645855,"log_mass":4.3399177473},{"country_iso":"COD","city_id":3486,"log_pop":2.9302311058,"log_mass":5.1723015227},{"country_iso":"COD","city_id":3486,"log_pop":1.2994454943,"log_mass":3.7458054416},{"country_iso":"COD","city_id":3486,"log_pop":2.5771354368,"log_mass":4.9594710297},{"country_iso":"COD","city_id":3486,"log_pop":2.6903039022,"log_mass":4.7313977953},{"country_iso":"COD","city_id":3486,"log_pop":2.6841838429,"log_mass":4.9315904811},{"country_iso":"COD","city_id":3486,"log_pop":3.8301542243,"log_mass":5.7901247844},{"country_iso":"COD","city_id":3486,"log_pop":3.6931727016,"log_mass":5.6377488686},{"country_iso":"COD","city_id":3486,"log_pop":2.2112049462,"log_mass":4.787684605},{"country_iso":"COD","city_id":3486,"log_pop":4.0233311523,"log_mass":5.9565513901},{"country_iso":"COD","city_id":3486,"log_pop":4.3114083203,"log_mass":6.1177394258},{"country_iso":"COD","city_id":3486,"log_pop":3.1454986789,"log_mass":5.3634470408},{"country_iso":"COD","city_id":4045,"log_pop":1.5425813857,"log_mass":4.6835254795},{"country_iso":"COD","city_id":4045,"log_pop":2.7717469902,"log_mass":5.4611902082},{"country_iso":"COD","city_id":4045,"log_pop":3.6171492055,"log_mass":5.8604234542},{"country_iso":"COD","city_id":4045,"log_pop":3.8592949211,"log_mass":6.1941268749},{"country_iso":"COD","city_id":4045,"log_pop":2.6706306075,"log_mass":4.9914104797},{"country_iso":"COD","city_id":4045,"log_pop":3.9474603949,"log_mass":6.3635479628},{"country_iso":"COD","city_id":4045,"log_pop":3.3135268088,"log_mass":5.7947125107},{"country_iso":"COD","city_id":4045,"log_pop":3.7281649322,"log_mass":6.1016430964},{"country_iso":"COD","city_id":4045,"log_pop":2.779328127,"log_mass":5.5301012717},{"country_iso":"COD","city_id":4045,"log_pop":2.6213831964,"log_mass":4.9928438939},{"country_iso":"COD","city_id":4045,"log_pop":3.2139425806,"log_mass":5.70851025},{"country_iso":"COD","city_id":4045,"log_pop":2.1768114747,"log_mass":4.9993183336},{"country_iso":"COD","city_id":4045,"log_pop":1.312987869,"log_mass":4.2991040188},{"country_iso":"COD","city_id":3663,"log_pop":3.4054250783,"log_mass":5.6275985071},{"country_iso":"COD","city_id":3663,"log_pop":4.2391246776,"log_mass":6.3849402741},{"country_iso":"COD","city_id":3663,"log_pop":4.3521405803,"log_mass":6.438764796},{"country_iso":"COD","city_id":3663,"log_pop":3.4965111603,"log_mass":5.7142058449},{"country_iso":"COD","city_id":3663,"log_pop":3.9945812406,"log_mass":6.2199577451},{"country_iso":"COD","city_id":3663,"log_pop":0.5161606648,"log_mass":2.6542642693},{"country_iso":"COD","city_id":3663,"log_pop":4.0399218004,"log_mass":6.2502746511},{"country_iso":"COD","city_id":3663,"log_pop":4.3626739524,"log_mass":6.4297003325},{"country_iso":"COD","city_id":3663,"log_pop":-0.8979014667,"log_mass":2.929173708},{"country_iso":"COD","city_id":3663,"log_pop":3.8058124325,"log_mass":5.9896294615},{"country_iso":"COD","city_id":3663,"log_pop":1.5002210647,"log_mass":3.9692820608},{"country_iso":"COD","city_id":3663,"log_pop":3.7916193799,"log_mass":5.9789692346},{"country_iso":"COD","city_id":3663,"log_pop":2.0091667733,"log_mass":4.1182285241},{"country_iso":"COD","city_id":3089,"log_pop":3.8270468254,"log_mass":6.1647623821},{"country_iso":"COD","city_id":3089,"log_pop":3.9807783007,"log_mass":6.1447702348},{"country_iso":"COD","city_id":3089,"log_pop":2.2647991219,"log_mass":4.5504309792},{"country_iso":"COD","city_id":3089,"log_pop":2.934514667,"log_mass":5.465525904},{"country_iso":"COD","city_id":3089,"log_pop":1.7649988785,"log_mass":4.1499821537},{"country_iso":"COD","city_id":3089,"log_pop":4.1942572071,"log_mass":6.3220452849},{"country_iso":"COD","city_id":3089,"log_pop":-0.5210024637,"log_mass":4.3866228635},{"country_iso":"COD","city_id":3089,"log_pop":3.3397582975,"log_mass":5.7169449378},{"country_iso":"COD","city_id":3089,"log_pop":1.0060732265,"log_mass":4.9439342317},{"country_iso":"COD","city_id":3089,"log_pop":4.1694431567,"log_mass":6.5160917737},{"country_iso":"COD","city_id":3089,"log_pop":1.1617329802,"log_mass":4.8090285229},{"country_iso":"COD","city_id":3089,"log_pop":3.3031245853,"log_mass":5.7674472372},{"country_iso":"COD","city_id":4200,"log_pop":1.679988224,"log_mass":4.6885406354},{"country_iso":"COD","city_id":4200,"log_pop":3.9872822989,"log_mass":6.4553641821},{"country_iso":"COD","city_id":4200,"log_pop":2.6727866037,"log_mass":5.0058167883},{"country_iso":"COD","city_id":4200,"log_pop":2.5785036934,"log_mass":4.8140893899},{"country_iso":"COD","city_id":4200,"log_pop":3.4989148587,"log_mass":5.858628927},{"country_iso":"COD","city_id":4200,"log_pop":3.1230403387,"log_mass":5.526361122},{"country_iso":"COD","city_id":4200,"log_pop":3.9555768676,"log_mass":6.3576100865},{"country_iso":"COD","city_id":4200,"log_pop":2.7819608681,"log_mass":5.2337897389},{"country_iso":"COD","city_id":4200,"log_pop":3.7404948693,"log_mass":6.0729929938},{"country_iso":"COD","city_id":4200,"log_pop":3.1718431092,"log_mass":5.6323890215},{"country_iso":"COD","city_id":4200,"log_pop":2.8683646657,"log_mass":5.1478391134},{"country_iso":"COD","city_id":4200,"log_pop":1.3002971721,"log_mass":3.1187685891},{"country_iso":"COD","city_id":3319,"log_pop":3.2171198034,"log_mass":5.4681725127},{"country_iso":"COD","city_id":3319,"log_pop":2.4716021776,"log_mass":4.4228013662},{"country_iso":"COD","city_id":3319,"log_pop":1.1255140612,"log_mass":3.4288520053},{"country_iso":"COD","city_id":3319,"log_pop":3.2625568819,"log_mass":5.528454875},{"country_iso":"COD","city_id":3319,"log_pop":4.0277534373,"log_mass":6.1705619041},{"country_iso":"COD","city_id":3319,"log_pop":0.835627156,"log_mass":3.9658620218},{"country_iso":"COD","city_id":3319,"log_pop":3.0346059721,"log_mass":5.4103853663},{"country_iso":"COD","city_id":3319,"log_pop":3.8654530924,"log_mass":5.9848481736},{"country_iso":"COD","city_id":3319,"log_pop":2.8321265437,"log_mass":5.1500870111},{"country_iso":"COD","city_id":3319,"log_pop":3.8133620511,"log_mass":6.0484307121},{"country_iso":"COD","city_id":3319,"log_pop":2.5664828192,"log_mass":4.7849972651},{"country_iso":"COD","city_id":3319,"log_pop":3.9254837523,"log_mass":6.1340124036},{"country_iso":"COD","city_id":3371,"log_pop":3.2012929688,"log_mass":5.0596862375},{"country_iso":"COD","city_id":3371,"log_pop":3.6511229509,"log_mass":5.9738457448},{"country_iso":"COD","city_id":3371,"log_pop":2.2790080743,"log_mass":4.9434966258},{"country_iso":"COD","city_id":3371,"log_pop":2.8244938287,"log_mass":5.2551563171},{"country_iso":"COD","city_id":3371,"log_pop":2.7432832982,"log_mass":5.3165973812},{"country_iso":"COD","city_id":3371,"log_pop":2.768989848,"log_mass":5.2522412024},{"country_iso":"COD","city_id":3371,"log_pop":1.290528445,"log_mass":4.2330489341},{"country_iso":"COD","city_id":3371,"log_pop":3.9226442862,"log_mass":6.0965842441},{"country_iso":"COD","city_id":3371,"log_pop":3.187724628,"log_mass":5.5902398114},{"country_iso":"COD","city_id":3371,"log_pop":1.2778233045,"log_mass":4.1118221858},{"country_iso":"COD","city_id":3371,"log_pop":2.555563177,"log_mass":5.2852244512},{"country_iso":"COD","city_id":3222,"log_pop":3.2775751795,"log_mass":6.0659816084},{"country_iso":"COD","city_id":3222,"log_pop":0.6703919729,"log_mass":3.6408711455},{"country_iso":"COD","city_id":3222,"log_pop":2.6761008384,"log_mass":5.3835837147},{"country_iso":"COD","city_id":3222,"log_pop":3.7652267153,"log_mass":6.4556866476},{"country_iso":"COD","city_id":3222,"log_pop":2.0852960895,"log_mass":4.8995299945},{"country_iso":"COD","city_id":3222,"log_pop":3.6009262738,"log_mass":6.3549831767},{"country_iso":"COD","city_id":3222,"log_pop":1.340400489,"log_mass":4.2975226717},{"country_iso":"COD","city_id":3222,"log_pop":3.2663154542,"log_mass":5.9502455298},{"country_iso":"COD","city_id":3222,"log_pop":2.2834618686,"log_mass":5.0991417231},{"country_iso":"COD","city_id":3222,"log_pop":2.8026883935,"log_mass":5.5645966981},{"country_iso":"COD","city_id":3222,"log_pop":3.2901300231,"log_mass":5.9512873994},{"country_iso":"COD","city_id":3699,"log_pop":2.8176854538,"log_mass":5.5636524438},{"country_iso":"COD","city_id":3699,"log_pop":2.0750785707,"log_mass":4.757377236},{"country_iso":"COD","city_id":3699,"log_pop":3.4898187303,"log_mass":6.1338892262},{"country_iso":"COD","city_id":3699,"log_pop":2.6356337789,"log_mass":5.2620302746},{"country_iso":"COD","city_id":3699,"log_pop":3.5750220664,"log_mass":6.1913000981},{"country_iso":"COD","city_id":3699,"log_pop":2.72086208,"log_mass":5.2592402139},{"country_iso":"COD","city_id":3699,"log_pop":2.5140179195,"log_mass":5.2943523461},{"country_iso":"COD","city_id":3699,"log_pop":3.4664742644,"log_mass":6.1038823693},{"country_iso":"COD","city_id":3699,"log_pop":2.2827997372,"log_mass":4.9463377625},{"country_iso":"COD","city_id":3699,"log_pop":0.9425206653,"log_mass":3.2210889648},{"country_iso":"COD","city_id":3699,"log_pop":1.8726497433,"log_mass":4.5994179319},{"country_iso":"COD","city_id":4047,"log_pop":2.8036968,"log_mass":5.4509845876},{"country_iso":"COD","city_id":4047,"log_pop":2.3685946946,"log_mass":4.9632862275},{"country_iso":"COD","city_id":4047,"log_pop":3.7080043404,"log_mass":6.3767183518},{"country_iso":"COD","city_id":4047,"log_pop":3.0011679983,"log_mass":5.685857228},{"country_iso":"COD","city_id":4047,"log_pop":3.0344303408,"log_mass":5.7730692433},{"country_iso":"COD","city_id":4047,"log_pop":2.6699489589,"log_mass":5.4448288222},{"country_iso":"COD","city_id":4047,"log_pop":2.9242709627,"log_mass":5.5255059226},{"country_iso":"COD","city_id":4047,"log_pop":3.1732988463,"log_mass":5.7717447293},{"country_iso":"COD","city_id":4047,"log_pop":3.5200910038,"log_mass":6.2264252805},{"country_iso":"COD","city_id":4047,"log_pop":2.81336933,"log_mass":5.4120138177},{"country_iso":"COD","city_id":3586,"log_pop":1.0002009943,"log_mass":3.6033933497},{"country_iso":"COD","city_id":3586,"log_pop":0.9008609699,"log_mass":3.9404855905},{"country_iso":"COD","city_id":3586,"log_pop":1.5661114024,"log_mass":4.0179956639},{"country_iso":"COD","city_id":3586,"log_pop":2.4550679259,"log_mass":4.9820732787},{"country_iso":"COD","city_id":3586,"log_pop":1.6789215955,"log_mass":4.3081553603},{"country_iso":"COD","city_id":3586,"log_pop":2.4021906004,"log_mass":4.8968435831},{"country_iso":"COD","city_id":3586,"log_pop":2.3213431446,"log_mass":4.9392027292},{"country_iso":"COD","city_id":3586,"log_pop":2.8673002472,"log_mass":5.5750890281},{"country_iso":"COD","city_id":3586,"log_pop":2.904475154,"log_mass":5.4712758349},{"country_iso":"COD","city_id":3586,"log_pop":1.6499407887,"log_mass":4.1851837621},{"country_iso":"COD","city_id":3780,"log_pop":3.0804460755,"log_mass":5.8431060123},{"country_iso":"COD","city_id":3780,"log_pop":1.928908327,"log_mass":4.8008138925},{"country_iso":"COD","city_id":3780,"log_pop":0.9895170141,"log_mass":3.6782150711},{"country_iso":"COD","city_id":3780,"log_pop":3.2212349661,"log_mass":6.0914377897},{"country_iso":"COD","city_id":3780,"log_pop":2.4709422351,"log_mass":5.4351557668},{"country_iso":"COD","city_id":3780,"log_pop":2.0208104686,"log_mass":4.8924642203},{"country_iso":"COD","city_id":3780,"log_pop":3.20726575,"log_mass":5.9985078531},{"country_iso":"COD","city_id":3780,"log_pop":2.2826526071,"log_mass":5.066482074},{"country_iso":"COD","city_id":3780,"log_pop":3.2909334691,"log_mass":6.1632881223},{"country_iso":"COD","city_id":3780,"log_pop":3.4233972741,"log_mass":6.2564588244},{"country_iso":"COD","city_id":3353,"log_pop":0.8707124781,"log_mass":3.2468387919},{"country_iso":"COD","city_id":3353,"log_pop":2.973723051,"log_mass":5.3186539324},{"country_iso":"COD","city_id":3353,"log_pop":3.5626327133,"log_mass":6.0892402081},{"country_iso":"COD","city_id":3353,"log_pop":3.6589054947,"log_mass":6.1219434544},{"country_iso":"COD","city_id":3353,"log_pop":2.878160537,"log_mass":5.6278683853},{"country_iso":"COD","city_id":3353,"log_pop":1.1350057693,"log_mass":3.7761411172},{"country_iso":"COD","city_id":3353,"log_pop":0.9202144963,"log_mass":4.3066040772},{"country_iso":"COD","city_id":3353,"log_pop":3.8556331832,"log_mass":6.3064560627},{"country_iso":"COD","city_id":3353,"log_pop":2.3531480631,"log_mass":4.9410426992},{"country_iso":"COD","city_id":3353,"log_pop":3.3427520056,"log_mass":5.7996276938},{"country_iso":"COD","city_id":3053,"log_pop":0.1827591003,"log_mass":3.5279082412},{"country_iso":"COD","city_id":3053,"log_pop":2.4587698881,"log_mass":4.5945114815},{"country_iso":"COD","city_id":3053,"log_pop":2.1779243252,"log_mass":4.5100694929},{"country_iso":"COD","city_id":3053,"log_pop":4.2555054706,"log_mass":6.1948383786},{"country_iso":"COD","city_id":3053,"log_pop":3.5587506443,"log_mass":5.7016831893},{"country_iso":"COD","city_id":3053,"log_pop":3.2347793877,"log_mass":5.2102470418},{"country_iso":"COD","city_id":3053,"log_pop":3.1173664663,"log_mass":5.1798715364},{"country_iso":"COD","city_id":3053,"log_pop":4.0932101234,"log_mass":6.0921466995},{"country_iso":"COD","city_id":3053,"log_pop":2.1030112961,"log_mass":4.794312619},{"country_iso":"COD","city_id":3053,"log_pop":3.7120880671,"log_mass":5.7656378652},{"country_iso":"COD","city_id":3010,"log_pop":3.1574409315,"log_mass":6.3862001161},{"country_iso":"COD","city_id":3010,"log_pop":2.0491200848,"log_mass":5.2408515192},{"country_iso":"COD","city_id":3010,"log_pop":2.8731332728,"log_mass":6.2386835322},{"country_iso":"COD","city_id":3010,"log_pop":2.7850734621,"log_mass":6.2548092033},{"country_iso":"COD","city_id":3010,"log_pop":0.7006630405,"log_mass":3.9515429545},{"country_iso":"COD","city_id":3010,"log_pop":2.2060018908,"log_mass":5.4328450696},{"country_iso":"COD","city_id":3010,"log_pop":2.2266968375,"log_mass":5.5225801359},{"country_iso":"COD","city_id":3010,"log_pop":1.2004342649,"log_mass":4.6717891412},{"country_iso":"COD","city_id":3010,"log_pop":-1.103562954,"log_mass":2.9051618066},{"country_iso":"COD","city_id":3491,"log_pop":3.2547440831,"log_mass":6.1703066231},{"country_iso":"COD","city_id":3491,"log_pop":3.4175400189,"log_mass":6.3053768213},{"country_iso":"COD","city_id":3491,"log_pop":2.5815981415,"log_mass":5.5155343201},{"country_iso":"COD","city_id":3491,"log_pop":3.2621006847,"log_mass":6.1689661243},{"country_iso":"COD","city_id":3491,"log_pop":2.1903888977,"log_mass":5.2288758991},{"country_iso":"COD","city_id":3491,"log_pop":1.1557204908,"log_mass":4.1447507531},{"country_iso":"COD","city_id":3491,"log_pop":2.257154147,"log_mass":5.2665805672},{"country_iso":"COD","city_id":3491,"log_pop":2.4261738435,"log_mass":5.3934322349},{"country_iso":"COD","city_id":3491,"log_pop":3.2094408631,"log_mass":6.1934298686},{"country_iso":"COD","city_id":3610,"log_pop":2.9130093761,"log_mass":5.6736745291},{"country_iso":"COD","city_id":3610,"log_pop":3.0668756277,"log_mass":5.9134452575},{"country_iso":"COD","city_id":3610,"log_pop":2.5588125366,"log_mass":5.4083805321},{"country_iso":"COD","city_id":3610,"log_pop":3.4014351964,"log_mass":6.2261723407},{"country_iso":"COD","city_id":3610,"log_pop":1.1919505711,"log_mass":4.240614191},{"country_iso":"COD","city_id":3610,"log_pop":1.9406645362,"log_mass":5.1501941286},{"country_iso":"COD","city_id":3610,"log_pop":3.4743658281,"log_mass":6.3138794751},{"country_iso":"COD","city_id":3610,"log_pop":3.0987646907,"log_mass":5.8907035103},{"country_iso":"COD","city_id":3610,"log_pop":1.1867804724,"log_mass":4.1700044844},{"country_iso":"COD","city_id":3679,"log_pop":2.9995428412,"log_mass":5.8194773873},{"country_iso":"COD","city_id":3679,"log_pop":3.2755808864,"log_mass":6.0775933869},{"country_iso":"COD","city_id":3679,"log_pop":3.3986899994,"log_mass":6.1618678018},{"country_iso":"COD","city_id":3679,"log_pop":1.9056227994,"log_mass":4.9917730652},{"country_iso":"COD","city_id":3679,"log_pop":1.5729786428,"log_mass":4.5477231228},{"country_iso":"COD","city_id":3679,"log_pop":-0.0576798446,"log_mass":3.1783563665},{"country_iso":"COD","city_id":3679,"log_pop":1.5469213612,"log_mass":4.0187914195},{"country_iso":"COD","city_id":3679,"log_pop":-1.5902757568,"log_mass":2.6482368254},{"country_iso":"COD","city_id":3679,"log_pop":1.8714031076,"log_mass":4.731200693},{"country_iso":"COD","city_id":3767,"log_pop":3.2624837552,"log_mass":5.7513289057},{"country_iso":"COD","city_id":3767,"log_pop":3.520384203,"log_mass":6.0347157273},{"country_iso":"COD","city_id":3767,"log_pop":2.1967341617,"log_mass":4.9708156606},{"country_iso":"COD","city_id":3767,"log_pop":2.2525176758,"log_mass":4.8838839545},{"country_iso":"COD","city_id":3767,"log_pop":3.4738017502,"log_mass":6.0658903882},{"country_iso":"COD","city_id":3767,"log_pop":2.4182043942,"log_mass":5.1643560659},{"country_iso":"COD","city_id":3767,"log_pop":0.8666259283,"log_mass":3.4305202539},{"country_iso":"COD","city_id":3767,"log_pop":2.2405803259,"log_mass":5.0297454257},{"country_iso":"COD","city_id":3767,"log_pop":2.6432258359,"log_mass":5.577099656},{"country_iso":"COD","city_id":3434,"log_pop":3.1460507934,"log_mass":5.8168639809},{"country_iso":"COD","city_id":3434,"log_pop":1.3712065096,"log_mass":4.1912133982},{"country_iso":"COD","city_id":3434,"log_pop":3.6487589434,"log_mass":6.0481397506},{"country_iso":"COD","city_id":3434,"log_pop":2.9002016524,"log_mass":5.8335620507},{"country_iso":"COD","city_id":3434,"log_pop":2.7660527491,"log_mass":5.1778231966},{"country_iso":"COD","city_id":3434,"log_pop":3.6754432779,"log_mass":6.0506901048},{"country_iso":"COD","city_id":3434,"log_pop":1.8950255329,"log_mass":4.1632174331},{"country_iso":"COD","city_id":3434,"log_pop":3.072431805,"log_mass":5.3603774103},{"country_iso":"COD","city_id":3434,"log_pop":1.9694987124,"log_mass":4.2414865649},{"country_iso":"COD","city_id":4116,"log_pop":3.2752980154,"log_mass":6.0639749194},{"country_iso":"COD","city_id":4116,"log_pop":0.7215421105,"log_mass":3.4903276759},{"country_iso":"COD","city_id":4116,"log_pop":1.5895919792,"log_mass":4.5046718448},{"country_iso":"COD","city_id":4116,"log_pop":2.9800547587,"log_mass":5.795560551},{"country_iso":"COD","city_id":4116,"log_pop":2.8608355109,"log_mass":5.7412814327},{"country_iso":"COD","city_id":4116,"log_pop":0.6771089293,"log_mass":3.4766135918},{"country_iso":"COD","city_id":4116,"log_pop":2.7679822334,"log_mass":5.5519976416},{"country_iso":"COD","city_id":4116,"log_pop":1.7867246162,"log_mass":4.7991626779},{"country_iso":"COD","city_id":3538,"log_pop":-0.1601819968,"log_mass":1.9665822229},{"country_iso":"COD","city_id":3538,"log_pop":2.1559733131,"log_mass":4.2763300838},{"country_iso":"COD","city_id":3538,"log_pop":3.8146426253,"log_mass":5.9373490136},{"country_iso":"COD","city_id":3538,"log_pop":2.7478114462,"log_mass":5.4266351123},{"country_iso":"COD","city_id":3538,"log_pop":3.5091299938,"log_mass":5.6554303386},{"country_iso":"COD","city_id":3538,"log_pop":3.6466243183,"log_mass":5.6736700958},{"country_iso":"COD","city_id":3538,"log_pop":3.9480132722,"log_mass":6.0045112954},{"country_iso":"COD","city_id":3803,"log_pop":2.6976447215,"log_mass":5.6217535647},{"country_iso":"COD","city_id":3803,"log_pop":1.4715476028,"log_mass":4.6684808722},{"country_iso":"COD","city_id":3803,"log_pop":2.7669470764,"log_mass":5.6073765632},{"country_iso":"COD","city_id":3803,"log_pop":2.8095022007,"log_mass":5.7750510817},{"country_iso":"COD","city_id":3803,"log_pop":-0.8182078853,"log_mass":2.9395720164},{"country_iso":"COD","city_id":3803,"log_pop":2.0850279383,"log_mass":5.0851351603},{"country_iso":"COD","city_id":3803,"log_pop":1.2449682707,"log_mass":4.8474630073},{"country_iso":"COD","city_id":3602,"log_pop":3.0386525372,"log_mass":5.9464466592},{"country_iso":"COD","city_id":3602,"log_pop":3.3664661948,"log_mass":6.2984008726},{"country_iso":"COD","city_id":3602,"log_pop":1.5038205854,"log_mass":4.6450205789},{"country_iso":"COD","city_id":3602,"log_pop":2.9580240641,"log_mass":5.7170935892},{"country_iso":"COD","city_id":3602,"log_pop":2.9894117568,"log_mass":5.9164829511},{"country_iso":"COD","city_id":3602,"log_pop":-0.1760927452,"log_mass":2.9007805916},{"country_iso":"COD","city_id":3602,"log_pop":2.7104098054,"log_mass":5.5536868239},{"country_iso":"COD","city_id":3305,"log_pop":1.0789085406,"log_mass":3.9117231932},{"country_iso":"COD","city_id":3305,"log_pop":0.0102935531,"log_mass":3.7257805476},{"country_iso":"COD","city_id":3305,"log_pop":1.5953773428,"log_mass":4.4872090716},{"country_iso":"COD","city_id":3305,"log_pop":1.381281958,"log_mass":4.2227750539},{"country_iso":"COD","city_id":3305,"log_pop":1.9189894472,"log_mass":4.5474149229},{"country_iso":"COD","city_id":3305,"log_pop":1.9214925122,"log_mass":4.9227567819},{"country_iso":"COD","city_id":3305,"log_pop":2.2958180226,"log_mass":4.9873749233},{"country_iso":"COD","city_id":3746,"log_pop":3.0523231888,"log_mass":5.8581915633},{"country_iso":"COD","city_id":3746,"log_pop":1.7104410104,"log_mass":4.2848219021},{"country_iso":"COD","city_id":3746,"log_pop":3.4817917024,"log_mass":6.0759650047},{"country_iso":"COD","city_id":3746,"log_pop":3.1083194069,"log_mass":5.7050208008},{"country_iso":"COD","city_id":3746,"log_pop":3.9202134617,"log_mass":6.499274076},{"country_iso":"COD","city_id":3746,"log_pop":2.6229636818,"log_mass":5.2634027605},{"country_iso":"COD","city_id":3746,"log_pop":3.3047955575,"log_mass":5.9397023327},{"country_iso":"COD","city_id":4262,"log_pop":3.6968329808,"log_mass":5.9343905455},{"country_iso":"COD","city_id":4262,"log_pop":2.4345825476,"log_mass":4.8064742731},{"country_iso":"COD","city_id":4262,"log_pop":2.4242846809,"log_mass":4.5781798679},{"country_iso":"COD","city_id":4262,"log_pop":2.7135073537,"log_mass":4.8646629822},{"country_iso":"COD","city_id":4262,"log_pop":3.0829707226,"log_mass":5.4152164425},{"country_iso":"COD","city_id":4262,"log_pop":-0.9052612804,"log_mass":2.1762717684},{"country_iso":"COD","city_id":4252,"log_pop":1.9091561695,"log_mass":4.2930644903},{"country_iso":"COD","city_id":4252,"log_pop":1.3190964527,"log_mass":3.9607377031},{"country_iso":"COD","city_id":4252,"log_pop":3.9087525369,"log_mass":6.1876660556},{"country_iso":"COD","city_id":4252,"log_pop":3.113641194,"log_mass":5.3707600538},{"country_iso":"COD","city_id":4252,"log_pop":2.6679874886,"log_mass":4.9255979016},{"country_iso":"COD","city_id":4252,"log_pop":2.8048259141,"log_mass":5.1831812615},{"country_iso":"COD","city_id":3176,"log_pop":2.7044909087,"log_mass":5.5685897145},{"country_iso":"COD","city_id":3176,"log_pop":1.6014177995,"log_mass":4.5214317795},{"country_iso":"COD","city_id":3176,"log_pop":1.8439978435,"log_mass":4.7974057685},{"country_iso":"COD","city_id":3176,"log_pop":1.2741064381,"log_mass":4.66370846},{"country_iso":"COD","city_id":3176,"log_pop":2.9023006238,"log_mass":5.7793180743},{"country_iso":"COD","city_id":3176,"log_pop":1.0544050159,"log_mass":4.369957769},{"country_iso":"COD","city_id":3711,"log_pop":2.9308614123,"log_mass":5.5635391439},{"country_iso":"COD","city_id":3711,"log_pop":1.7895786899,"log_mass":4.5833221013},{"country_iso":"COD","city_id":3711,"log_pop":1.6222576687,"log_mass":4.5886319225},{"country_iso":"COD","city_id":3711,"log_pop":1.3010239445,"log_mass":4.2909068551},{"country_iso":"COD","city_id":3711,"log_pop":2.8016046576,"log_mass":5.4768934602},{"country_iso":"COD","city_id":3711,"log_pop":2.9266230115,"log_mass":5.9264499389},{"country_iso":"COD","city_id":3456,"log_pop":2.5158957194,"log_mass":5.2415182448},{"country_iso":"COD","city_id":3456,"log_pop":3.1327589754,"log_mass":5.7239170196},{"country_iso":"COD","city_id":3456,"log_pop":1.1900337473,"log_mass":3.8668550366},{"country_iso":"COD","city_id":3456,"log_pop":0.9932046424,"log_mass":3.5258174567},{"country_iso":"COD","city_id":3456,"log_pop":3.1046161009,"log_mass":5.652510808},{"country_iso":"COD","city_id":3456,"log_pop":1.8537961188,"log_mass":4.4077625453},{"country_iso":"COD","city_id":3406,"log_pop":2.2361117458,"log_mass":5.0966360443},{"country_iso":"COD","city_id":3406,"log_pop":2.9420481068,"log_mass":5.8262666109},{"country_iso":"COD","city_id":3406,"log_pop":1.3089130334,"log_mass":4.258735121},{"country_iso":"COD","city_id":3406,"log_pop":1.8268341304,"log_mass":4.5427195692},{"country_iso":"COD","city_id":3406,"log_pop":0.6777965741,"log_mass":3.7064552319},{"country_iso":"COD","city_id":3406,"log_pop":0.4493088773,"log_mass":3.5175404583},{"country_iso":"COD","city_id":3397,"log_pop":1.8311660012,"log_mass":4.8189231806},{"country_iso":"COD","city_id":3397,"log_pop":1.3779511491,"log_mass":4.2070054438},{"country_iso":"COD","city_id":3397,"log_pop":1.3625974421,"log_mass":5.0847951005},{"country_iso":"COD","city_id":3397,"log_pop":1.1376958137,"log_mass":4.202091485},{"country_iso":"COD","city_id":3397,"log_pop":0.4279048889,"log_mass":5.1466209222},{"country_iso":"COD","city_id":3397,"log_pop":2.3204014944,"log_mass":5.4803761669},{"country_iso":"COD","city_id":3683,"log_pop":3.2475600995,"log_mass":6.2116441613},{"country_iso":"COD","city_id":3683,"log_pop":2.5738617282,"log_mass":5.677224878},{"country_iso":"COD","city_id":3683,"log_pop":2.8459902576,"log_mass":5.8462080352},{"country_iso":"COD","city_id":3683,"log_pop":2.8157744217,"log_mass":5.833643807},{"country_iso":"COD","city_id":3683,"log_pop":1.6797416902,"log_mass":4.6340520831},{"country_iso":"COD","city_id":3683,"log_pop":2.9809366642,"log_mass":5.9354545425},{"country_iso":"COD","city_id":4177,"log_pop":2.4876479094,"log_mass":5.0884272086},{"country_iso":"COD","city_id":4177,"log_pop":2.5665518018,"log_mass":5.186988303},{"country_iso":"COD","city_id":4177,"log_pop":2.9703357965,"log_mass":5.3422536743},{"country_iso":"COD","city_id":4177,"log_pop":3.4355768758,"log_mass":5.9311655413},{"country_iso":"COD","city_id":4177,"log_pop":1.9823222069,"log_mass":4.4714054633},{"country_iso":"COD","city_id":4177,"log_pop":2.867449447,"log_mass":5.2710939099},{"country_iso":"COD","city_id":3945,"log_pop":2.9016616187,"log_mass":5.5710661621},{"country_iso":"COD","city_id":3945,"log_pop":3.2019462112,"log_mass":5.9554836034},{"country_iso":"COD","city_id":3945,"log_pop":1.6871460123,"log_mass":4.3656070953},{"country_iso":"COD","city_id":3945,"log_pop":1.4699731316,"log_mass":4.1067522151},{"country_iso":"COD","city_id":3945,"log_pop":1.7008363011,"log_mass":4.5323726097},{"country_iso":"COD","city_id":3945,"log_pop":1.5279215912,"log_mass":4.2759689056},{"country_iso":"COD","city_id":3531,"log_pop":0.3200746693,"log_mass":3.594500479},{"country_iso":"COD","city_id":3531,"log_pop":2.0896133854,"log_mass":5.5161330529},{"country_iso":"COD","city_id":3531,"log_pop":0.6074627028,"log_mass":4.1049547272},{"country_iso":"COD","city_id":3531,"log_pop":1.165029011,"log_mass":4.3661938892},{"country_iso":"COD","city_id":3531,"log_pop":0.3995516354,"log_mass":3.7295911404},{"country_iso":"COD","city_id":3531,"log_pop":2.2847717927,"log_mass":5.5253344173},{"country_iso":"COD","city_id":3530,"log_pop":2.9133388606,"log_mass":5.8440702657},{"country_iso":"COD","city_id":3530,"log_pop":1.5436940339,"log_mass":4.53916073},{"country_iso":"COD","city_id":3530,"log_pop":3.0095850446,"log_mass":5.9985728275},{"country_iso":"COD","city_id":3530,"log_pop":2.4201742876,"log_mass":5.4179200757},{"country_iso":"COD","city_id":3530,"log_pop":2.868061713,"log_mass":5.8335248708},{"country_iso":"COD","city_id":3530,"log_pop":0.7041008653,"log_mass":3.6848574433},{"country_iso":"COD","city_id":4113,"log_pop":2.1312759215,"log_mass":5.2982669553},{"country_iso":"COD","city_id":4113,"log_pop":2.5186468643,"log_mass":5.5865912434},{"country_iso":"COD","city_id":4113,"log_pop":2.8659405146,"log_mass":5.9627170351},{"country_iso":"COD","city_id":4113,"log_pop":2.9028080776,"log_mass":6.0216460969},{"country_iso":"COD","city_id":4113,"log_pop":1.7358602684,"log_mass":4.7789775126},{"country_iso":"COD","city_id":4113,"log_pop":3.2027012659,"log_mass":6.3218452223},{"country_iso":"COD","city_id":3771,"log_pop":0.9303612574,"log_mass":4.1937039304},{"country_iso":"COD","city_id":3771,"log_pop":3.300017579,"log_mass":5.8223542739},{"country_iso":"COD","city_id":3771,"log_pop":1.933559022,"log_mass":4.5151290543},{"country_iso":"COD","city_id":3771,"log_pop":2.7787409433,"log_mass":5.3733912266},{"country_iso":"COD","city_id":3771,"log_pop":2.772689042,"log_mass":5.3220436211},{"country_iso":"COD","city_id":3556,"log_pop":1.836602207,"log_mass":4.4220849397},{"country_iso":"COD","city_id":3556,"log_pop":1.7203331868,"log_mass":4.3511092873},{"country_iso":"COD","city_id":3556,"log_pop":1.6552608107,"log_mass":4.3417561037},{"country_iso":"COD","city_id":3556,"log_pop":1.8964978239,"log_mass":4.5862206838},{"country_iso":"COD","city_id":3556,"log_pop":0.9416566039,"log_mass":3.8446714683},{"country_iso":"COD","city_id":3430,"log_pop":2.6579227485,"log_mass":5.3238760526},{"country_iso":"COD","city_id":3430,"log_pop":3.2520169915,"log_mass":5.8001664178},{"country_iso":"COD","city_id":3430,"log_pop":2.5955761385,"log_mass":5.3261251595},{"country_iso":"COD","city_id":3430,"log_pop":3.6149319248,"log_mass":6.2000624188},{"country_iso":"COD","city_id":3430,"log_pop":3.3227801408,"log_mass":5.9303971776},{"country_iso":"COD","city_id":3192,"log_pop":-0.0076164916,"log_mass":5.36889809},{"country_iso":"COD","city_id":3192,"log_pop":2.0423593387,"log_mass":5.2245860616},{"country_iso":"COD","city_id":3192,"log_pop":0.9383723682,"log_mass":4.8870919108},{"country_iso":"COD","city_id":3192,"log_pop":2.4701287294,"log_mass":5.5709440143},{"country_iso":"COD","city_id":3192,"log_pop":1.4928580609,"log_mass":4.5740914817},{"country_iso":"COD","city_id":3073,"log_pop":2.1277395948,"log_mass":5.0169326806},{"country_iso":"COD","city_id":3073,"log_pop":2.9128247335,"log_mass":5.7889683107},{"country_iso":"COD","city_id":3073,"log_pop":0.7008043042,"log_mass":3.7522940387},{"country_iso":"COD","city_id":3073,"log_pop":1.4101024193,"log_mass":4.2188154187},{"country_iso":"COD","city_id":3073,"log_pop":1.2385746686,"log_mass":4.3797319377},{"country_iso":"COD","city_id":3963,"log_pop":1.7602305581,"log_mass":4.618146579},{"country_iso":"COD","city_id":3963,"log_pop":2.1275598883,"log_mass":5.0695766935},{"country_iso":"COD","city_id":3963,"log_pop":-0.2054854798,"log_mass":2.9725839656},{"country_iso":"COD","city_id":3963,"log_pop":1.818757346,"log_mass":4.7669724149},{"country_iso":"COD","city_id":3963,"log_pop":1.6872347298,"log_mass":4.5377006013},{"country_iso":"COD","city_id":3660,"log_pop":0.4782075969,"log_mass":4.2769569028},{"country_iso":"COD","city_id":3660,"log_pop":2.2276518891,"log_mass":5.4803236562},{"country_iso":"COD","city_id":3660,"log_pop":2.4271889861,"log_mass":5.6141653},{"country_iso":"COD","city_id":3660,"log_pop":-0.2529415114,"log_mass":3.574866794},{"country_iso":"COD","city_id":3660,"log_pop":0.5189227081,"log_mass":3.0862392086},{"country_iso":"COD","city_id":4038,"log_pop":2.7388046372,"log_mass":4.8225688294},{"country_iso":"COD","city_id":4038,"log_pop":2.8695214939,"log_mass":5.1476336588},{"country_iso":"COD","city_id":4038,"log_pop":2.6727316093,"log_mass":4.8126246492},{"country_iso":"COD","city_id":4038,"log_pop":2.2770113084,"log_mass":4.5744158106},{"country_iso":"COD","city_id":4038,"log_pop":1.8651755098,"log_mass":4.1999358076},{"country_iso":"COD","city_id":4137,"log_pop":1.951704668,"log_mass":4.8333496379},{"country_iso":"COD","city_id":4137,"log_pop":1.2663512482,"log_mass":3.7707731529},{"country_iso":"COD","city_id":4137,"log_pop":1.2894232164,"log_mass":4.1735958169},{"country_iso":"COD","city_id":4137,"log_pop":1.7903742637,"log_mass":4.6895804368},{"country_iso":"COD","city_id":4137,"log_pop":2.3248032093,"log_mass":5.0822866722},{"country_iso":"COD","city_id":3379,"log_pop":1.2614009484,"log_mass":3.8968723174},{"country_iso":"COD","city_id":3379,"log_pop":2.0944174893,"log_mass":4.9264462489},{"country_iso":"COD","city_id":3379,"log_pop":0.8289368078,"log_mass":3.6087313259},{"country_iso":"COD","city_id":3379,"log_pop":2.7903993807,"log_mass":5.6477005613},{"country_iso":"COD","city_id":3379,"log_pop":2.8810752205,"log_mass":5.7191238163},{"country_iso":"COD","city_id":4013,"log_pop":2.5814177314,"log_mass":5.1549061864},{"country_iso":"COD","city_id":4013,"log_pop":2.8707245942,"log_mass":5.3747040596},{"country_iso":"COD","city_id":4013,"log_pop":2.3085995565,"log_mass":4.9105237789},{"country_iso":"COD","city_id":4013,"log_pop":1.0191250812,"log_mass":3.1555146492},{"country_iso":"COD","city_id":4013,"log_pop":1.4439246416,"log_mass":4.0475206949},{"country_iso":"COD","city_id":3555,"log_pop":2.7648391439,"log_mass":5.98717778},{"country_iso":"COD","city_id":3555,"log_pop":1.9401341465,"log_mass":5.1095952362},{"country_iso":"COD","city_id":3555,"log_pop":1.9027141798,"log_mass":5.0740209006},{"country_iso":"COD","city_id":3555,"log_pop":2.5925786859,"log_mass":5.7892246562},{"country_iso":"COD","city_id":3441,"log_pop":1.898640457,"log_mass":5.0748938433},{"country_iso":"COD","city_id":3441,"log_pop":-0.2809946866,"log_mass":2.9460094965},{"country_iso":"COD","city_id":3441,"log_pop":0.9812938958,"log_mass":3.9106500996},{"country_iso":"COD","city_id":3441,"log_pop":3.1589315413,"log_mass":6.2341275159},{"country_iso":"COD","city_id":3443,"log_pop":2.8797092356,"log_mass":5.7102859606},{"country_iso":"COD","city_id":3443,"log_pop":2.7156562287,"log_mass":5.4246475952},{"country_iso":"COD","city_id":3443,"log_pop":3.3349736343,"log_mass":5.9542608764},{"country_iso":"COD","city_id":3443,"log_pop":2.3931657889,"log_mass":5.0032694599},{"country_iso":"COD","city_id":3489,"log_pop":3.1302808797,"log_mass":6.0378438988},{"country_iso":"COD","city_id":3489,"log_pop":2.5933213537,"log_mass":5.4794146489},{"country_iso":"COD","city_id":3489,"log_pop":2.3388041632,"log_mass":5.412768441},{"country_iso":"COD","city_id":3489,"log_pop":2.9997590135,"log_mass":5.9270574244},{"country_iso":"COD","city_id":3749,"log_pop":2.0439414,"log_mass":4.7710078058},{"country_iso":"COD","city_id":3749,"log_pop":1.3547271785,"log_mass":3.8441472372},{"country_iso":"COD","city_id":3749,"log_pop":1.7447464849,"log_mass":4.2778591334},{"country_iso":"COD","city_id":3749,"log_pop":3.2102658671,"log_mass":5.9130162022},{"country_iso":"COD","city_id":3716,"log_pop":2.5161618403,"log_mass":5.2695108353},{"country_iso":"COD","city_id":3716,"log_pop":2.3061586363,"log_mass":4.8999875967},{"country_iso":"COD","city_id":3716,"log_pop":1.9259327089,"log_mass":4.4998815243},{"country_iso":"COD","city_id":3716,"log_pop":3.5627392593,"log_mass":6.2095390742},{"country_iso":"COD","city_id":3457,"log_pop":2.5054330777,"log_mass":5.2424313698},{"country_iso":"COD","city_id":3457,"log_pop":0.8748224819,"log_mass":4.4203387953},{"country_iso":"COD","city_id":3457,"log_pop":1.8373220141,"log_mass":4.7086427873},{"country_iso":"COD","city_id":3457,"log_pop":2.8005692523,"log_mass":5.3986735512},{"country_iso":"COD","city_id":3740,"log_pop":1.1497822874,"log_mass":4.2530313727},{"country_iso":"COD","city_id":3740,"log_pop":2.6429661668,"log_mass":5.451591598},{"country_iso":"COD","city_id":3740,"log_pop":0.7516258272,"log_mass":3.2277211015},{"country_iso":"COD","city_id":3740,"log_pop":2.4926722197,"log_mass":5.040530386},{"country_iso":"COD","city_id":4039,"log_pop":2.6408446713,"log_mass":5.6803299763},{"country_iso":"COD","city_id":4039,"log_pop":0.5694005607,"log_mass":3.8451593771},{"country_iso":"COD","city_id":4039,"log_pop":1.3082411631,"log_mass":4.2715773832},{"country_iso":"COD","city_id":4039,"log_pop":1.8207188343,"log_mass":4.7640166846},{"country_iso":"COD","city_id":4100,"log_pop":1.2734360463,"log_mass":4.0798575729},{"country_iso":"COD","city_id":4100,"log_pop":2.691352334,"log_mass":5.2743180517},{"country_iso":"COD","city_id":4100,"log_pop":3.1100956884,"log_mass":5.6476536231},{"country_iso":"COD","city_id":4100,"log_pop":3.2862639435,"log_mass":5.7076049546},{"country_iso":"COD","city_id":3560,"log_pop":1.551588141,"log_mass":4.0814171353},{"country_iso":"COD","city_id":3560,"log_pop":2.2154938491,"log_mass":4.9911137542},{"country_iso":"COD","city_id":3560,"log_pop":2.8996253684,"log_mass":5.5102635183},{"country_iso":"COD","city_id":3560,"log_pop":0.4578684514,"log_mass":4.6437778451},{"country_iso":"COD","city_id":3650,"log_pop":2.5072048347,"log_mass":5.1366783663},{"country_iso":"COD","city_id":3650,"log_pop":3.4883992925,"log_mass":6.2313051928},{"country_iso":"COD","city_id":3650,"log_pop":2.6981563643,"log_mass":5.4215053716},{"country_iso":"COD","city_id":3650,"log_pop":2.043001345,"log_mass":4.7579556534},{"country_iso":"COD","city_id":3641,"log_pop":2.4781442178,"log_mass":5.2959650777},{"country_iso":"COD","city_id":3641,"log_pop":1.5871094616,"log_mass":4.3302303107},{"country_iso":"COD","city_id":3641,"log_pop":-0.0693117676,"log_mass":3.8059143365},{"country_iso":"COD","city_id":3641,"log_pop":0.7208256539,"log_mass":3.6725812956},{"country_iso":"COD","city_id":4055,"log_pop":3.3421808337,"log_mass":5.8197901407},{"country_iso":"COD","city_id":4055,"log_pop":2.7653486784,"log_mass":5.3810232923},{"country_iso":"COD","city_id":4055,"log_pop":2.8243947292,"log_mass":5.3556159066},{"country_iso":"COD","city_id":4055,"log_pop":3.2869838035,"log_mass":5.7714688469},{"country_iso":"COD","city_id":3479,"log_pop":2.3535039423,"log_mass":5.2305519142},{"country_iso":"COD","city_id":3479,"log_pop":2.9796282633,"log_mass":5.9407533679},{"country_iso":"COD","city_id":3479,"log_pop":2.9641749395,"log_mass":5.935587013},{"country_iso":"COD","city_id":3479,"log_pop":2.0251525134,"log_mass":5.0474995007},{"country_iso":"COD","city_id":3157,"log_pop":2.1485420343,"log_mass":5.1473657466},{"country_iso":"COD","city_id":3157,"log_pop":1.2669736094,"log_mass":4.2140122715},{"country_iso":"COD","city_id":3157,"log_pop":1.4827556447,"log_mass":4.6708354576},{"country_iso":"COD","city_id":3157,"log_pop":2.356707873,"log_mass":5.3819925561},{"country_iso":"COD","city_id":3640,"log_pop":2.0223369655,"log_mass":4.4842735649},{"country_iso":"COD","city_id":3640,"log_pop":3.3697382944,"log_mass":6.0968432638},{"country_iso":"COD","city_id":3640,"log_pop":0.8992797848,"log_mass":3.7332455966},{"country_iso":"COD","city_id":3640,"log_pop":2.0980225993,"log_mass":4.8249109008},{"country_iso":"COD","city_id":3545,"log_pop":2.4503162778,"log_mass":5.4889469549},{"country_iso":"COD","city_id":3545,"log_pop":2.7249219113,"log_mass":5.7176725715},{"country_iso":"COD","city_id":3545,"log_pop":2.1583452086,"log_mass":5.213648354},{"country_iso":"COD","city_id":3545,"log_pop":2.3714620172,"log_mass":5.4796038882},{"country_iso":"COD","city_id":3999,"log_pop":2.7214861773,"log_mass":5.190144068},{"country_iso":"COD","city_id":3999,"log_pop":2.7604319264,"log_mass":5.1400533479},{"country_iso":"COD","city_id":3999,"log_pop":1.2187747513,"log_mass":3.7489514214},{"country_iso":"COD","city_id":3999,"log_pop":2.8030738478,"log_mass":5.1885457664},{"country_iso":"COD","city_id":4125,"log_pop":0.8531025459,"log_mass":3.4428585453},{"country_iso":"COD","city_id":4125,"log_pop":2.8590699839,"log_mass":5.4259579981},{"country_iso":"COD","city_id":4125,"log_pop":3.0857091695,"log_mass":5.674870782},{"country_iso":"COD","city_id":4125,"log_pop":2.4758295465,"log_mass":5.0464609781},{"country_iso":"COD","city_id":3773,"log_pop":2.3317468963,"log_mass":5.2715838514},{"country_iso":"COD","city_id":3773,"log_pop":2.2884822868,"log_mass":5.1909319788},{"country_iso":"COD","city_id":3773,"log_pop":2.0008572916,"log_mass":4.9214377122},{"country_iso":"COD","city_id":3773,"log_pop":0.6205518032,"log_mass":4.4236196518},{"country_iso":"COD","city_id":3632,"log_pop":0.9810896974,"log_mass":3.8666948133},{"country_iso":"COD","city_id":3632,"log_pop":1.5467881759,"log_mass":4.447489477},{"country_iso":"COD","city_id":3632,"log_pop":0.9734397836,"log_mass":4.0829005069},{"country_iso":"COD","city_id":3632,"log_pop":2.7013254346,"log_mass":5.8508742917},{"country_iso":"COD","city_id":3987,"log_pop":0.0152746737,"log_mass":2.9411743357},{"country_iso":"COD","city_id":3987,"log_pop":2.0031145028,"log_mass":4.2771900953},{"country_iso":"COD","city_id":3987,"log_pop":2.0177844852,"log_mass":4.3572405883},{"country_iso":"COD","city_id":3987,"log_pop":3.3433841395,"log_mass":5.7767728268},{"country_iso":"COD","city_id":3831,"log_pop":1.0261706851,"log_mass":3.7802726932},{"country_iso":"COD","city_id":3831,"log_pop":1.2986552168,"log_mass":4.4472489273},{"country_iso":"COD","city_id":3831,"log_pop":3.0383280927,"log_mass":5.8157332679},{"country_iso":"COD","city_id":3831,"log_pop":1.9899340419,"log_mass":4.9212840817},{"country_iso":"COD","city_id":4040,"log_pop":3.2719126211,"log_mass":5.8566103249},{"country_iso":"COD","city_id":4040,"log_pop":3.046351132,"log_mass":5.6830001843},{"country_iso":"COD","city_id":4040,"log_pop":2.3564951873,"log_mass":5.0384469242},{"country_iso":"COD","city_id":4040,"log_pop":1.8425909537,"log_mass":4.7716537806},{"country_iso":"COD","city_id":3636,"log_pop":0.0810225176,"log_mass":3.4740899919},{"country_iso":"COD","city_id":3636,"log_pop":1.5919058848,"log_mass":4.6217386335},{"country_iso":"COD","city_id":3636,"log_pop":2.467775741,"log_mass":5.4963568428},{"country_iso":"COD","city_id":3636,"log_pop":-0.0356549665,"log_mass":3.14726153},{"country_iso":"COD","city_id":3863,"log_pop":2.1108028678,"log_mass":4.6320528191},{"country_iso":"COD","city_id":3863,"log_pop":3.0930141792,"log_mass":5.758267868},{"country_iso":"COD","city_id":3863,"log_pop":2.1123085588,"log_mass":4.9511583143},{"country_iso":"COD","city_id":3863,"log_pop":2.7680196948,"log_mass":5.3251278485},{"country_iso":"COD","city_id":3202,"log_pop":2.2370093772,"log_mass":4.7518476259},{"country_iso":"COD","city_id":3202,"log_pop":1.5862372798,"log_mass":4.2075633785},{"country_iso":"COD","city_id":3202,"log_pop":2.2679927901,"log_mass":5.1164059936},{"country_iso":"COD","city_id":3202,"log_pop":2.9284122173,"log_mass":5.4622620911},{"country_iso":"COD","city_id":4095,"log_pop":0.094896583,"log_mass":3.0812596098},{"country_iso":"COD","city_id":4095,"log_pop":2.4444352641,"log_mass":5.3556463805},{"country_iso":"COD","city_id":4095,"log_pop":2.4470296314,"log_mass":5.3094445017},{"country_iso":"COD","city_id":4095,"log_pop":1.1288252038,"log_mass":3.9694543965},{"country_iso":"COD","city_id":3726,"log_pop":2.2587913252,"log_mass":5.2078704426},{"country_iso":"COD","city_id":3726,"log_pop":1.2905904295,"log_mass":4.3656916646},{"country_iso":"COD","city_id":3726,"log_pop":2.5577724906,"log_mass":5.5108595704},{"country_iso":"COD","city_id":3726,"log_pop":2.7407669546,"log_mass":5.6895722434},{"country_iso":"COD","city_id":3652,"log_pop":0.9060109514,"log_mass":5.1707751927},{"country_iso":"COD","city_id":3652,"log_pop":2.5977724759,"log_mass":5.523770136},{"country_iso":"COD","city_id":3652,"log_pop":1.3258814441,"log_mass":4.4689743359},{"country_iso":"COD","city_id":3652,"log_pop":0.3153029263,"log_mass":3.4848120559},{"country_iso":"COD","city_id":3758,"log_pop":2.4556638213,"log_mass":5.1806749386},{"country_iso":"COD","city_id":3758,"log_pop":1.5650569316,"log_mass":4.3034497487},{"country_iso":"COD","city_id":3758,"log_pop":0.9554805571,"log_mass":3.6960677813},{"country_iso":"COD","city_id":3695,"log_pop":1.99189725,"log_mass":4.4361445646},{"country_iso":"COD","city_id":3695,"log_pop":0.6848857494,"log_mass":3.587706511},{"country_iso":"COD","city_id":3695,"log_pop":3.0477346137,"log_mass":5.7177209105},{"country_iso":"COD","city_id":3480,"log_pop":2.2128284503,"log_mass":4.5749192977},{"country_iso":"COD","city_id":3480,"log_pop":1.9076220062,"log_mass":4.1683309758},{"country_iso":"COD","city_id":3480,"log_pop":2.3372639017,"log_mass":4.6919791581},{"country_iso":"COD","city_id":3472,"log_pop":2.3707420651,"log_mass":4.8690913492},{"country_iso":"COD","city_id":3472,"log_pop":3.0146475195,"log_mass":5.6874812742},{"country_iso":"COD","city_id":3472,"log_pop":1.2760892024,"log_mass":4.1812243661},{"country_iso":"COD","city_id":3979,"log_pop":2.1376507215,"log_mass":4.6872874871},{"country_iso":"COD","city_id":3979,"log_pop":1.9939462099,"log_mass":4.3872859313},{"country_iso":"COD","city_id":3979,"log_pop":1.4611243778,"log_mass":3.8952244715},{"country_iso":"COD","city_id":3547,"log_pop":2.7678345446,"log_mass":6.0064289494},{"country_iso":"COD","city_id":3547,"log_pop":2.4297313378,"log_mass":5.6189432484},{"country_iso":"COD","city_id":3547,"log_pop":2.3914695604,"log_mass":5.5704953066},{"country_iso":"COD","city_id":4079,"log_pop":2.4764790405,"log_mass":5.4640994821},{"country_iso":"COD","city_id":4079,"log_pop":2.7305732464,"log_mass":5.6993057794},{"country_iso":"COD","city_id":4079,"log_pop":1.5358453789,"log_mass":4.3920471943},{"country_iso":"COD","city_id":3852,"log_pop":2.3707584183,"log_mass":5.0348240114},{"country_iso":"COD","city_id":3852,"log_pop":2.6189549847,"log_mass":5.1672639825},{"country_iso":"COD","city_id":3852,"log_pop":1.3069622087,"log_mass":4.2509906601},{"country_iso":"COD","city_id":3529,"log_pop":1.1473826839,"log_mass":4.2362273124},{"country_iso":"COD","city_id":3529,"log_pop":0.1654073191,"log_mass":3.364012401},{"country_iso":"COD","city_id":3529,"log_pop":-0.7852628516,"log_mass":3.4995570908},{"country_iso":"COD","city_id":3662,"log_pop":1.648630899,"log_mass":4.7376341541},{"country_iso":"COD","city_id":3662,"log_pop":2.190645068,"log_mass":5.2562258108},{"country_iso":"COD","city_id":3662,"log_pop":1.3483569251,"log_mass":4.6522109172},{"country_iso":"COD","city_id":3976,"log_pop":1.1676357823,"log_mass":4.0929569627},{"country_iso":"COD","city_id":3976,"log_pop":3.0524567657,"log_mass":5.9821721816},{"country_iso":"COD","city_id":3976,"log_pop":1.7541575302,"log_mass":4.8107098401},{"country_iso":"COD","city_id":4059,"log_pop":2.4852878495,"log_mass":5.0467644684},{"country_iso":"COD","city_id":4059,"log_pop":2.9125003285,"log_mass":5.513251426},{"country_iso":"COD","city_id":4059,"log_pop":2.3931739892,"log_mass":4.8878558293},{"country_iso":"COD","city_id":3568,"log_pop":2.9511315853,"log_mass":5.756427456},{"country_iso":"COD","city_id":3568,"log_pop":1.5661435997,"log_mass":4.641782655},{"country_iso":"COD","city_id":3568,"log_pop":1.9237220425,"log_mass":4.8707154445},{"country_iso":"COD","city_id":3745,"log_pop":3.2621338563,"log_mass":5.3406218168},{"country_iso":"COD","city_id":3745,"log_pop":2.2970679138,"log_mass":4.0814776774},{"country_iso":"COD","city_id":3745,"log_pop":2.8822867228,"log_mass":4.8732535718},{"country_iso":"COD","city_id":3752,"log_pop":2.733069988,"log_mass":5.1321184817},{"country_iso":"COD","city_id":3752,"log_pop":3.2563593819,"log_mass":5.4650627345},{"country_iso":"COD","city_id":3752,"log_pop":2.5950728932,"log_mass":4.8331825821},{"country_iso":"COD","city_id":3052,"log_pop":1.1205348185,"log_mass":4.5316331444},{"country_iso":"COD","city_id":3052,"log_pop":1.3531794753,"log_mass":4.4700277951},{"country_iso":"COD","city_id":3052,"log_pop":1.7543066137,"log_mass":4.6370105563},{"country_iso":"COD","city_id":4033,"log_pop":3.1888676394,"log_mass":5.2787924353},{"country_iso":"COD","city_id":4033,"log_pop":2.9588095489,"log_mass":5.062217174},{"country_iso":"COD","city_id":4033,"log_pop":3.3561543626,"log_mass":5.6971107621},{"country_iso":"COD","city_id":4006,"log_pop":2.1573864794,"log_mass":4.6713254801},{"country_iso":"COD","city_id":4006,"log_pop":2.5619827858,"log_mass":5.2076332683},{"country_iso":"COD","city_id":4006,"log_pop":1.5324296805,"log_mass":4.1514962051},{"country_iso":"COD","city_id":3577,"log_pop":0.8131909238,"log_mass":4.3297221032},{"country_iso":"COD","city_id":3577,"log_pop":1.4357655946,"log_mass":4.7970996212},{"country_iso":"COD","city_id":3577,"log_pop":0.8296343548,"log_mass":4.2576718733},{"country_iso":"COD","city_id":3724,"log_pop":2.2010435491,"log_mass":5.384329584},{"country_iso":"COD","city_id":3724,"log_pop":0.9206096538,"log_mass":4.1515209237},{"country_iso":"COD","city_id":3724,"log_pop":1.2341958851,"log_mass":4.6116155011},{"country_iso":"COD","city_id":3543,"log_pop":2.3573879732,"log_mass":5.1699591339},{"country_iso":"COD","city_id":3543,"log_pop":2.7053248622,"log_mass":5.5704102232},{"country_iso":"COD","city_id":3543,"log_pop":1.7887520193,"log_mass":4.744059312},{"country_iso":"COD","city_id":3728,"log_pop":2.283192657,"log_mass":5.1448560555},{"country_iso":"COD","city_id":3728,"log_pop":2.5247607881,"log_mass":5.2898907835},{"country_iso":"COD","city_id":3728,"log_pop":1.8391439103,"log_mass":4.742617798},{"country_iso":"COD","city_id":3485,"log_pop":2.0511786902,"log_mass":5.2328559578},{"country_iso":"COD","city_id":3485,"log_pop":1.2303280384,"log_mass":4.3095838247},{"country_iso":"COD","city_id":3485,"log_pop":1.2031737134,"log_mass":4.3004212345},{"country_iso":"COD","city_id":4210,"log_pop":3.4042292333,"log_mass":5.7374916043},{"country_iso":"COD","city_id":4210,"log_pop":1.4502085421,"log_mass":3.7391828036},{"country_iso":"COD","city_id":4210,"log_pop":2.1792133865,"log_mass":4.4081974623},{"country_iso":"COD","city_id":3748,"log_pop":3.3169677011,"log_mass":5.7543315515},{"country_iso":"COD","city_id":3748,"log_pop":2.79475522,"log_mass":5.5912264138},{"country_iso":"COD","city_id":3748,"log_pop":2.5667138747,"log_mass":5.1567810476},{"country_iso":"COD","city_id":4056,"log_pop":1.7438254297,"log_mass":4.5135661691},{"country_iso":"COD","city_id":4056,"log_pop":2.7904593085,"log_mass":5.4763279132},{"country_iso":"COD","city_id":4056,"log_pop":3.0933273712,"log_mass":5.6711987292},{"country_iso":"COD","city_id":3732,"log_pop":2.9271956849,"log_mass":4.9137492966},{"country_iso":"COD","city_id":3732,"log_pop":1.7089475504,"log_mass":3.6933227183},{"country_iso":"COD","city_id":3732,"log_pop":2.005455698,"log_mass":3.8835795667},{"country_iso":"COD","city_id":3727,"log_pop":1.8389668786,"log_mass":4.6637718053},{"country_iso":"COD","city_id":3727,"log_pop":2.0106744161,"log_mass":4.5342119111},{"country_iso":"COD","city_id":3727,"log_pop":2.7203810697,"log_mass":5.1800979384},{"country_iso":"COD","city_id":3854,"log_pop":2.020015874,"log_mass":4.433077092},{"country_iso":"COD","city_id":3854,"log_pop":2.4690002049,"log_mass":4.9976253976},{"country_iso":"COD","city_id":3854,"log_pop":2.849232011,"log_mass":5.367697184},{"country_iso":"COD","city_id":3504,"log_pop":2.0044173735,"log_mass":5.1621828263},{"country_iso":"COD","city_id":3504,"log_pop":1.3001297386,"log_mass":4.2810795345},{"country_iso":"COD","city_id":3504,"log_pop":2.5512617907,"log_mass":5.5911464402},{"country_iso":"COD","city_id":3741,"log_pop":2.2765673864,"log_mass":4.8960873639},{"country_iso":"COD","city_id":3741,"log_pop":1.4664113311,"log_mass":4.2522420386},{"country_iso":"COD","city_id":3424,"log_pop":1.2735864716,"log_mass":4.0616064882},{"country_iso":"COD","city_id":3424,"log_pop":0.8434059177,"log_mass":3.9923517944},{"country_iso":"COD","city_id":3899,"log_pop":2.5487979451,"log_mass":4.9822206987},{"country_iso":"COD","city_id":3899,"log_pop":2.6458132141,"log_mass":5.1660803204},{"country_iso":"COD","city_id":3742,"log_pop":1.4601801331,"log_mass":4.1239703406},{"country_iso":"COD","city_id":3742,"log_pop":2.6272751056,"log_mass":5.1171127971},{"country_iso":"COD","city_id":3638,"log_pop":1.8223928161,"log_mass":4.2069827613},{"country_iso":"COD","city_id":3638,"log_pop":1.1371652558,"log_mass":3.8555505074},{"country_iso":"COD","city_id":4127,"log_pop":2.244312943,"log_mass":5.5052544425},{"country_iso":"COD","city_id":4127,"log_pop":1.7226385247,"log_mass":4.8407287361},{"country_iso":"COD","city_id":4011,"log_pop":2.4788146192,"log_mass":4.7197613421},{"country_iso":"COD","city_id":4011,"log_pop":2.9042418565,"log_mass":5.1180062794},{"country_iso":"COD","city_id":3483,"log_pop":1.932618306,"log_mass":4.9083498202},{"country_iso":"COD","city_id":3483,"log_pop":1.4398037888,"log_mass":4.4455551564},{"country_iso":"COD","city_id":4278,"log_pop":3.2894896597,"log_mass":5.3406594992},{"country_iso":"COD","city_id":4278,"log_pop":2.3760428966,"log_mass":5.0266074041},{"country_iso":"COD","city_id":3714,"log_pop":2.0172452152,"log_mass":5.4935058543},{"country_iso":"COD","city_id":3714,"log_pop":1.580793273,"log_mass":5.0652811354},{"country_iso":"COD","city_id":4042,"log_pop":3.2502379137,"log_mass":5.5664221893},{"country_iso":"COD","city_id":4042,"log_pop":3.1214683995,"log_mass":5.4817022476},{"country_iso":"COD","city_id":3046,"log_pop":1.8108032331,"log_mass":4.3637162988},{"country_iso":"COD","city_id":3046,"log_pop":1.8137982612,"log_mass":4.3190530026},{"country_iso":"COD","city_id":4015,"log_pop":2.5716173505,"log_mass":5.3123188317},{"country_iso":"COD","city_id":4015,"log_pop":1.9081377755,"log_mass":4.4405519052},{"country_iso":"COD","city_id":4014,"log_pop":1.7739857585,"log_mass":4.1533748398},{"country_iso":"COD","city_id":4014,"log_pop":3.1126225436,"log_mass":5.4835190497},{"country_iso":"COD","city_id":4121,"log_pop":2.5730329345,"log_mass":5.327173406},{"country_iso":"COD","city_id":4121,"log_pop":1.0962431426,"log_mass":4.1018868088},{"country_iso":"COD","city_id":4130,"log_pop":2.4514369297,"log_mass":4.824348006},{"country_iso":"COD","city_id":4130,"log_pop":1.6301255569,"log_mass":4.2709694942},{"country_iso":"COD","city_id":3374,"log_pop":1.1318097945,"log_mass":4.2248682309},{"country_iso":"COD","city_id":3374,"log_pop":1.6821577655,"log_mass":4.3325723517},{"country_iso":"COD","city_id":3985,"log_pop":2.0134195951,"log_mass":4.6033729008},{"country_iso":"COD","city_id":3985,"log_pop":2.254155149,"log_mass":4.66260928},{"country_iso":"COD","city_id":3766,"log_pop":0.7305869318,"log_mass":4.577013027},{"country_iso":"COD","city_id":3766,"log_pop":1.0384632479,"log_mass":4.8497755857},{"country_iso":"COD","city_id":3847,"log_pop":2.4438695017,"log_mass":4.788208095},{"country_iso":"COD","city_id":3847,"log_pop":1.9357702251,"log_mass":3.9702254367},{"country_iso":"COD","city_id":3520,"log_pop":1.4828931284,"log_mass":4.2469892233},{"country_iso":"COD","city_id":3520,"log_pop":1.0682693012,"log_mass":3.9658136242},{"country_iso":"COD","city_id":4273,"log_pop":1.3936604899,"log_mass":4.2040444409},{"country_iso":"COD","city_id":4273,"log_pop":2.9187602276,"log_mass":5.2841527436},{"country_iso":"COD","city_id":4016,"log_pop":2.0263235194,"log_mass":4.7115682364},{"country_iso":"COD","city_id":4016,"log_pop":2.6486514294,"log_mass":5.3002094622},{"country_iso":"COD","city_id":3703,"log_pop":1.5372078377,"log_mass":4.3719879344},{"country_iso":"COD","city_id":3703,"log_pop":2.7006928536,"log_mass":5.5038249059},{"country_iso":"COD","city_id":3900,"log_pop":1.4269570049,"log_mass":4.1700067323},{"country_iso":"COD","city_id":3900,"log_pop":1.958092426,"log_mass":4.7427454863},{"country_iso":"COD","city_id":3544,"log_pop":2.4061927399,"log_mass":5.0855848913},{"country_iso":"COD","city_id":3454,"log_pop":1.859584445,"log_mass":4.4147733173},{"country_iso":"COD","city_id":4256,"log_pop":2.7037958169,"log_mass":5.6950158127},{"country_iso":"COD","city_id":3285,"log_pop":0.9206899926,"log_mass":5.1359223409},{"country_iso":"COD","city_id":3510,"log_pop":1.9718398425,"log_mass":4.3580114516},{"country_iso":"COD","city_id":4179,"log_pop":2.9162225536,"log_mass":5.4071723115},{"country_iso":"COD","city_id":3824,"log_pop":1.6924715288,"log_mass":4.9459465837},{"country_iso":"COD","city_id":3452,"log_pop":1.8273856043,"log_mass":4.8121104796},{"country_iso":"COD","city_id":3508,"log_pop":0.4523793472,"log_mass":3.8598761479},{"country_iso":"COD","city_id":4261,"log_pop":1.8917709527,"log_mass":4.2656333888}]