[{"country_iso":"MLT","city_id":3034,"log_pop":2.7884139003,"log_mass":5.40577648},{"country_iso":"MLT","city_id":3034,"log_pop":3.4552412952,"log_mass":5.9173266865},{"country_iso":"MLT","city_id":3034,"log_pop":4.2508970362,"log_mass":6.6727039426},{"country_iso":"MLT","city_id":3034,"log_pop":4.1407195702,"log_mass":6.4550018977},{"country_iso":"MLT","city_id":3034,"log_pop":3.2544846424,"log_mass":5.7335762077},{"country_iso":"MLT","city_id":3034,"log_pop":2.7472241309,"log_mass":5.3800263581},{"country_iso":"MLT","city_id":3034,"log_pop":2.7372293343,"log_mass":5.6520192938},{"country_iso":"MLT","city_id":3034,"log_pop":0.1452251,"log_mass":3.7532583819},{"country_iso":"MLT","city_id":3034,"log_pop":0.5335107893,"log_mass":3.4927550131},{"country_iso":"MLT","city_id":3034,"log_pop":0.3558390498,"log_mass":3.5316437384},{"country_iso":"MLT","city_id":3034,"log_pop":3.7546004561,"log_mass":6.3044442334},{"country_iso":"MLT","city_id":3034,"log_pop":4.4338557412,"log_mass":6.6616710481},{"country_iso":"MLT","city_id":3034,"log_pop":-0.9745655844,"log_mass":1.9559333674},{"country_iso":"MLT","city_id":3034,"log_pop":3.6296053381,"log_mass":6.1878923365},{"country_iso":"MLT","city_id":3034,"log_pop":3.9634959821,"log_mass":6.3182407264},{"country_iso":"MLT","city_id":3034,"log_pop":3.9346078453,"log_mass":6.4807468721},{"country_iso":"MLT","city_id":3034,"log_pop":4.3575715374,"log_mass":6.7265373282},{"country_iso":"MLT","city_id":3034,"log_pop":4.0965396105,"log_mass":6.3395438333},{"country_iso":"MLT","city_id":3034,"log_pop":3.4326734501,"log_mass":6.1670021906},{"country_iso":"MLT","city_id":3034,"log_pop":3.8795000729,"log_mass":6.3278343299},{"country_iso":"MLT","city_id":3034,"log_pop":4.3787350328,"log_mass":6.7038179747},{"country_iso":"MLT","city_id":3034,"log_pop":4.0017446994,"log_mass":6.3963648664},{"country_iso":"MLT","city_id":3034,"log_pop":4.038203193,"log_mass":6.5141501038},{"country_iso":"MLT","city_id":3034,"log_pop":3.2349601327,"log_mass":5.7322520816},{"country_iso":"MLT","city_id":3034,"log_pop":3.071012674,"log_mass":5.4878921207},{"country_iso":"MLT","city_id":3034,"log_pop":3.5093843,"log_mass":6.0097712022}]