[{"country_iso": "PRT", "city_id": 1569, "log_pop": 3.938146, "log_mass": 6.575908}, {"country_iso": "PRT", "city_id": 1483, "log_pop": 2.28876, "log_mass": 5.392858}, {"country_iso": "PRT", "city_id": 1554, "log_pop": 2.38992, "log_mass": 5.13104}, {"country_iso": "PRT", "city_id": 1569, "log_pop": 4.387753, "log_mass": 6.769991}, {"country_iso": "PRT", "city_id": 1551, "log_pop": 4.67005, "log_mass": 6.802414}, {"country_iso": "PRT", "city_id": 1551, "log_pop": 4.116676, "log_mass": 6.583518}, {"country_iso": "PRT", "city_id": 1551, "log_pop": 4.229326, "log_mass": 6.656325}, {"country_iso": "PRT", "city_id": 1569, "log_pop": 3.238241, "log_mass": 6.037662}, {"country_iso": "PRT", "city_id": 1483, "log_pop": 1.965901, "log_mass": 1.649071}, {"country_iso": "PRT", "city_id": 1551, "log_pop": 4.259968, "log_mass": 6.488046}, {"country_iso": "PRT", "city_id": 1551, "log_pop": 4.354995, "log_mass": 6.752711}, {"country_iso": "PRT", "city_id": 1551, "log_pop": 4.53579, "log_mass": 6.675446}, {"country_iso": "PRT", "city_id": 1551, "log_pop": 1.803862, "log_mass": 4.113515}, {"country_iso": "PRT", "city_id": 1551, "log_pop": 4.728885, "log_mass": 6.878911}, {"country_iso": "PRT", "city_id": 1569, "log_pop": 3.88065, "log_mass": 6.528097}, {"country_iso": "PRT", "city_id": 1551, "log_pop": 4.551531, "log_mass": 6.741448}, {"country_iso": "PRT", "city_id": 1551, "log_pop": 3.968759, "log_mass": 6.098536}, {"country_iso": "PRT", "city_id": 1569, "log_pop": 3.353944, "log_mass": 6.11333}, {"country_iso": "PRT", "city_id": 1554, "log_pop": 3.376992, "log_mass": 6.047007}, {"country_iso": "PRT", "city_id": 1569, "log_pop": 3.230613, "log_mass": 5.903374}, {"country_iso": "PRT", "city_id": 1573, "log_pop": 4.003843, "log_mass": 6.419329}, {"country_iso": "PRT", "city_id": 1569, "log_pop": 3.794709, "log_mass": 6.323374}, {"country_iso": "PRT", "city_id": 1569, "log_pop": 1.966416, "log_mass": 5.146164}, {"country_iso": "PRT", "city_id": 1569, "log_pop": 2.76511, "log_mass": 5.319509}, {"country_iso": "PRT", "city_id": 1551, "log_pop": 3.970679, "log_mass": 6.2306}, {"country_iso": "PRT", "city_id": 1551, "log_pop": 4.089926, "log_mass": 6.518895}, {"country_iso": "PRT", "city_id": 1551, "log_pop": 2.311972, "log_mass": 4.929063}, {"country_iso": "PRT", "city_id": 1483, "log_pop": 3.107672, "log_mass": 5.297743}, {"country_iso": "PRT", "city_id": 1569, "log_pop": 3.941159, "log_mass": 6.550331}, {"country_iso": "PRT", "city_id": 1566, "log_pop": 3.036498, "log_mass": 5.707215}, {"country_iso": "PRT", "city_id": 1551, "log_pop": 4.378598, "log_mass": 6.333526}, {"country_iso": "PRT", "city_id": 1551, "log_pop": 3.956869, "log_mass": 6.325263}, {"country_iso": "PRT", "city_id": 1566, "log_pop": 3.132436, "log_mass": 5.925014}, {"country_iso": "PRT", "city_id": 1569, "log_pop": 3.773174, "log_mass": 6.514998}, {"country_iso": "PRT", "city_id": 1551, "log_pop": 2.715276, "log_mass": 5.446421}, {"country_iso": "PRT", "city_id": 1569, "log_pop": 3.437575, "log_mass": 6.066033}, {"country_iso": "PRT", "city_id": 1551, "log_pop": 3.887048, "log_mass": 6.39124}, {"country_iso": "PRT", "city_id": 1551, "log_pop": 4.341546, "log_mass": 6.335869}, {"country_iso": "PRT", "city_id": 1569, "log_pop": 4.317983, "log_mass": 6.642811}, {"country_iso": "PRT", "city_id": 1569, "log_pop": 4.026694, "log_mass": 6.553756}, {"country_iso": "PRT", "city_id": 1551, "log_pop": 3.319784, "log_mass": 6.14313}, {"country_iso": "PRT", "city_id": 1569, "log_pop": 3.796959, "log_mass": 6.326238}, {"country_iso": "PRT", "city_id": 1569, "log_pop": 4.190014, "log_mass": 6.558767}, {"country_iso": "PRT", "city_id": 1554, "log_pop": 4.515867, "log_mass": 6.624253}, {"country_iso": "PRT", "city_id": 1569, "log_pop": 3.710763, "log_mass": 6.531857}, {"country_iso": "PRT", "city_id": 1573, "log_pop": 4.479502, "log_mass": 6.840053}, {"country_iso": "PRT", "city_id": 1569, "log_pop": 2.095448, "log_mass": 4.868547}, {"country_iso": "PRT", "city_id": 1554, "log_pop": 2.145542, "log_mass": 5.390355}, {"country_iso": "PRT", "city_id": 1566, "log_pop": 3.377861, "log_mass": 5.988976}, {"country_iso": "PRT", "city_id": 1551, "log_pop": 4.154623, "log_mass": 6.527633}, {"country_iso": "PRT", "city_id": 1551, "log_pop": 3.712449, "log_mass": 6.112029}, {"country_iso": "PRT", "city_id": 1551, "log_pop": 3.98656, "log_mass": 6.219408}, {"country_iso": "PRT", "city_id": 1566, "log_pop": 2.760375, "log_mass": 6.020479}, {"country_iso": "PRT", "city_id": 1551, "log_pop": 3.06563, "log_mass": 5.038955}, {"country_iso": "PRT", "city_id": 1551, "log_pop": 3.787696, "log_mass": 6.266008}, {"country_iso": "PRT", "city_id": 1569, "log_pop": 3.628825, "log_mass": 6.156907}, {"country_iso": "PRT", "city_id": 1551, "log_pop": 4.524748, "log_mass": 6.603043}, {"country_iso": "PRT", "city_id": 1551, "log_pop": 4.536555, "log_mass": 6.632899}, {"country_iso": "PRT", "city_id": 1566, "log_pop": 3.422319, "log_mass": 6.482339}, {"country_iso": "PRT", "city_id": 1551, "log_pop": 3.053118, "log_mass": 5.305758}, {"country_iso": "PRT", "city_id": 1569, "log_pop": 4.202078, "log_mass": 6.684074}, {"country_iso": "PRT", "city_id": 1569, "log_pop": 4.081882, "log_mass": 6.499975}, {"country_iso": "PRT", "city_id": 1566, "log_pop": 3.134459, "log_mass": 5.924282}, {"country_iso": "PRT", "city_id": 1551, "log_pop": 4.630376, "log_mass": 6.634831}, {"country_iso": "PRT", "city_id": 1573, "log_pop": 1.31322, "log_mass": 4.324137}, {"country_iso": "PRT", "city_id": 1569, "log_pop": 4.316484, "log_mass": 6.659832}, {"country_iso": "PRT", "city_id": 1551, "log_pop": 4.462473, "log_mass": 6.519476}, {"country_iso": "PRT", "city_id": 1573, "log_pop": 0.857314, "log_mass": 3.42245}, {"country_iso": "PRT", "city_id": 1569, "log_pop": 3.772796, "log_mass": 6.173262}, {"country_iso": "PRT", "city_id": 1551, "log_pop": 3.136729, "log_mass": 5.66464}, {"country_iso": "PRT", "city_id": 1569, "log_pop": 3.316783, "log_mass": 5.891665}, {"country_iso": "PRT", "city_id": 1569, "log_pop": 2.819965, "log_mass": 5.382295}, {"country_iso": "PRT", "city_id": 1569, "log_pop": 4.086298, "log_mass": 6.578936}, {"country_iso": "PRT", "city_id": 1551, "log_pop": 3.004122, "log_mass": 5.775857}, {"country_iso": "PRT", "city_id": 1569, "log_pop": 3.971135, "log_mass": 6.469902}, {"country_iso": "PRT", "city_id": 1573, "log_pop": 1.703118, "log_mass": 4.070169}, {"country_iso": "PRT", "city_id": 1566, "log_pop": 1.730942, "log_mass": 4.898322}, {"country_iso": "PRT", "city_id": 1569, "log_pop": 4.556566, "log_mass": 7.02831}, {"country_iso": "PRT", "city_id": 1483, "log_pop": 1.308232, "log_mass": 1.964002}, {"country_iso": "PRT", "city_id": 1569, "log_pop": 4.209509, "log_mass": 6.514332}, {"country_iso": "PRT", "city_id": 1551, "log_pop": 3.86647, "log_mass": 6.249315}, {"country_iso": "PRT", "city_id": 1551, "log_pop": 4.256169, "log_mass": 6.52767}, {"country_iso": "PRT", "city_id": 1551, "log_pop": 3.862184, "log_mass": 6.197979}, {"country_iso": "PRT", "city_id": 1569, "log_pop": 4.11037, "log_mass": 6.5024}, {"country_iso": "PRT", "city_id": 1551, "log_pop": 1.838245, "log_mass": 4.724538}, {"country_iso": "PRT", "city_id": 1551, "log_pop": 4.269134, "log_mass": 6.30749}, {"country_iso": "PRT", "city_id": 1551, "log_pop": 3.796859, "log_mass": 6.384783}, {"country_iso": "PRT", "city_id": 1551, "log_pop": 2.543926, "log_mass": 5.662412}, {"country_iso": "PRT", "city_id": 1569, "log_pop": 4.524655, "log_mass": 6.814443}, {"country_iso": "PRT", "city_id": 1483, "log_pop": 3.543533, "log_mass": 6.1127}, {"country_iso": "PRT", "city_id": 1569, "log_pop": 4.044059, "log_mass": 6.6207}, {"country_iso": "PRT", "city_id": 1569, "log_pop": 3.150831, "log_mass": 5.900023}, {"country_iso": "PRT", "city_id": 1569, "log_pop": 3.458904, "log_mass": 5.962316}, {"country_iso": "PRT", "city_id": 1551, "log_pop": 3.856101, "log_mass": 6.213719}, {"country_iso": "PRT", "city_id": 1569, "log_pop": 3.755242, "log_mass": 6.444243}, {"country_iso": "PRT", "city_id": 1566, "log_pop": 4.130272, "log_mass": 6.561117}, {"country_iso": "PRT", "city_id": 1551, "log_pop": 4.509554, "log_mass": 6.760145}, {"country_iso": "PRT", "city_id": 1551, "log_pop": 4.589268, "log_mass": 6.730181}, {"country_iso": "PRT", "city_id": 1569, "log_pop": 4.099116, "log_mass": 6.505251}, {"country_iso": "PRT", "city_id": 1566, "log_pop": 3.947344, "log_mass": 6.503499}, {"country_iso": "PRT", "city_id": 1551, "log_pop": 4.274291, "log_mass": 6.426661}, {"country_iso": "PRT", "city_id": 1551, "log_pop": 2.358902, "log_mass": 5.516095}, {"country_iso": "PRT", "city_id": 1569, "log_pop": 4.115731, "log_mass": 6.507485}, {"country_iso": "PRT", "city_id": 1569, "log_pop": 4.168451, "log_mass": 6.603662}, {"country_iso": "PRT", "city_id": 1569, "log_pop": 3.719679, "log_mass": 6.399072}, {"country_iso": "PRT", "city_id": 1551, "log_pop": 3.650189, "log_mass": 6.185961}, {"country_iso": "PRT", "city_id": 1569, "log_pop": 3.880706, "log_mass": 6.297867}, {"country_iso": "PRT", "city_id": 1551, "log_pop": 4.686719, "log_mass": 6.991969}, {"country_iso": "PRT", "city_id": 1569, "log_pop": 3.621085, "log_mass": 6.576477}, {"country_iso": "PRT", "city_id": 1551, "log_pop": 3.275079, "log_mass": 5.562251}, {"country_iso": "PRT", "city_id": 1551, "log_pop": 4.223819, "log_mass": 6.398708}, {"country_iso": "PRT", "city_id": 1554, "log_pop": 2.444884, "log_mass": 5.504917}, {"country_iso": "PRT", "city_id": 1551, "log_pop": 4.019288, "log_mass": 6.23774}, {"country_iso": "PRT", "city_id": 1483, "log_pop": 3.958328, "log_mass": 6.286219}, {"country_iso": "PRT", "city_id": 1483, "log_pop": 3.978445, "log_mass": 6.052285}, {"country_iso": "PRT", "city_id": 1569, "log_pop": 2.728772, "log_mass": 5.495393}, {"country_iso": "PRT", "city_id": 1569, "log_pop": 3.712962, "log_mass": 6.431382}, {"country_iso": "PRT", "city_id": 1566, "log_pop": 1.904538, "log_mass": 4.770607}, {"country_iso": "PRT", "city_id": 1573, "log_pop": 3.825902, "log_mass": 6.232625}, {"country_iso": "PRT", "city_id": 1551, "log_pop": 4.010307, "log_mass": 6.518802}, {"country_iso": "PRT", "city_id": 1551, "log_pop": 3.767172, "log_mass": 6.236294}, {"country_iso": "PRT", "city_id": 1566, "log_pop": 4.36396, "log_mass": 6.667871}, {"country_iso": "PRT", "city_id": 1569, "log_pop": 4.386649, "log_mass": 6.753535}, {"country_iso": "PRT", "city_id": 1551, "log_pop": 3.889786, "log_mass": 6.386528}, {"country_iso": "PRT", "city_id": 1551, "log_pop": 4.388832, "log_mass": 6.628324}, {"country_iso": "PRT", "city_id": 1566, "log_pop": 3.512675, "log_mass": 6.301478}, {"country_iso": "PRT", "city_id": 1566, "log_pop": 1.51369, "log_mass": 5.120399}, {"country_iso": "PRT", "city_id": 1551, "log_pop": 4.613624, "log_mass": 6.674686}, {"country_iso": "PRT", "city_id": 1569, "log_pop": 3.815182, "log_mass": 6.306221}, {"country_iso": "PRT", "city_id": 1551, "log_pop": 1.461151, "log_mass": 5.117717}, {"country_iso": "PRT", "city_id": 1551, "log_pop": 2.29627, "log_mass": 4.751046}, {"country_iso": "PRT", "city_id": 1483, "log_pop": 4.250869, "log_mass": 6.698885}, {"country_iso": "PRT", "city_id": 1551, "log_pop": 3.812743, "log_mass": 6.43844}, {"country_iso": "PRT", "city_id": 1569, "log_pop": 3.676348, "log_mass": 6.171919}, {"country_iso": "PRT", "city_id": 1551, "log_pop": 4.052194, "log_mass": 6.368656}, {"country_iso": "PRT", "city_id": 1483, "log_pop": 3.827109, "log_mass": 6.231574}, {"country_iso": "PRT", "city_id": 1573, "log_pop": 4.350695, "log_mass": 6.658073}, {"country_iso": "PRT", "city_id": 1569, "log_pop": 4.514987, "log_mass": 6.790356}, {"country_iso": "PRT", "city_id": 1551, "log_pop": 4.23206, "log_mass": 6.666917}, {"country_iso": "PRT", "city_id": 1551, "log_pop": 4.638223, "log_mass": 6.685825}, {"country_iso": "PRT", "city_id": 1551, "log_pop": 1.540693, "log_mass": 5.164237}, {"country_iso": "PRT", "city_id": 1569, "log_pop": 3.823653, "log_mass": 6.420856}, {"country_iso": "PRT", "city_id": 1551, "log_pop": 4.212656, "log_mass": 6.254975}, {"country_iso": "PRT", "city_id": 1573, "log_pop": 2.979021, "log_mass": 5.841783}, {"country_iso": "PRT", "city_id": 1551, "log_pop": 4.705447, "log_mass": 6.722565}, {"country_iso": "PRT", "city_id": 1551, "log_pop": 4.31612, "log_mass": 6.641475}, {"country_iso": "PRT", "city_id": 1569, "log_pop": 4.359532, "log_mass": 6.603789}, {"country_iso": "PRT", "city_id": 1554, "log_pop": 2.539353, "log_mass": 5.524892}, {"country_iso": "PRT", "city_id": 1569, "log_pop": 4.35445, "log_mass": 6.671596}, {"country_iso": "PRT", "city_id": 1569, "log_pop": 2.998662, "log_mass": 5.772669}, {"country_iso": "PRT", "city_id": 1551, "log_pop": 4.6366, "log_mass": 6.750329}, {"country_iso": "PRT", "city_id": 1569, "log_pop": 3.551583, "log_mass": 6.006069}, {"country_iso": "PRT", "city_id": 1573, "log_pop": 2.683196, "log_mass": 5.625766}, {"country_iso": "PRT", "city_id": 1551, "log_pop": 4.168402, "log_mass": 6.57486}, {"country_iso": "PRT", "city_id": 1569, "log_pop": 2.854188, "log_mass": 5.616681}, {"country_iso": "PRT", "city_id": 1554, "log_pop": 3.917011, "log_mass": 6.38642}, {"country_iso": "PRT", "city_id": 1554, "log_pop": 3.64345, "log_mass": 6.3894}, {"country_iso": "PRT", "city_id": 1569, "log_pop": 2.285297, "log_mass": 4.894415}, {"country_iso": "PRT", "city_id": 1569, "log_pop": 1.716352, "log_mass": 5.018235}, {"country_iso": "PRT", "city_id": 1551, "log_pop": 4.139303, "log_mass": 6.360522}, {"country_iso": "PRT", "city_id": 1569, "log_pop": 3.953769, "log_mass": 6.48934}, {"country_iso": "PRT", "city_id": 1566, "log_pop": 3.719346, "log_mass": 6.163239}, {"country_iso": "PRT", "city_id": 1551, "log_pop": 4.254668, "log_mass": 6.665166}, {"country_iso": "PRT", "city_id": 1551, "log_pop": 3.577858, "log_mass": 6.151948}, {"country_iso": "PRT", "city_id": 1569, "log_pop": 2.828398, "log_mass": 5.670604}, {"country_iso": "PRT", "city_id": 1551, "log_pop": 3.918619, "log_mass": 6.168358}, {"country_iso": "PRT", "city_id": 1551, "log_pop": 3.351342, "log_mass": 5.579149}, {"country_iso": "PRT", "city_id": 1483, "log_pop": 3.744951, "log_mass": 6.16876}, {"country_iso": "PRT", "city_id": 1569, "log_pop": 3.788879, "log_mass": 6.171347}, {"country_iso": "PRT", "city_id": 1569, "log_pop": 3.650961, "log_mass": 6.190851}, {"country_iso": "PRT", "city_id": 1551, "log_pop": 3.87779, "log_mass": 6.165188}, {"country_iso": "PRT", "city_id": 1551, "log_pop": 4.714427, "log_mass": 6.66523}, {"country_iso": "PRT", "city_id": 1551, "log_pop": 3.028558, "log_mass": 5.517226}, {"country_iso": "PRT", "city_id": 1551, "log_pop": 4.015729, "log_mass": 6.623492}, {"country_iso": "PRT", "city_id": 1569, "log_pop": 1.727621, "log_mass": 5.444502}, {"country_iso": "PRT", "city_id": 1551, "log_pop": 4.648707, "log_mass": 6.99305}, {"country_iso": "PRT", "city_id": 1569, "log_pop": 3.729781, "log_mass": 6.238834}, {"country_iso": "PRT", "city_id": 1569, "log_pop": 3.444618, "log_mass": 6.316257}, {"country_iso": "PRT", "city_id": 1551, "log_pop": 4.203273, "log_mass": 6.522607}, {"country_iso": "PRT", "city_id": 1483, "log_pop": 3.321313, "log_mass": 5.777717}, {"country_iso": "PRT", "city_id": 1551, "log_pop": 4.381527, "log_mass": 6.540695}, {"country_iso": "PRT", "city_id": 1569, "log_pop": 3.506716, "log_mass": 6.310888}, {"country_iso": "PRT", "city_id": 1566, "log_pop": 3.554964, "log_mass": 5.993044}, {"country_iso": "PRT", "city_id": 1569, "log_pop": 4.300598, "log_mass": 6.944895}, {"country_iso": "PRT", "city_id": 1551, "log_pop": 4.262014, "log_mass": 6.494503}, {"country_iso": "PRT", "city_id": 1551, "log_pop": 4.407904, "log_mass": 6.619915}, {"country_iso": "PRT", "city_id": 1569, "log_pop": 4.245785, "log_mass": 6.503732}, {"country_iso": "PRT", "city_id": 1483, "log_pop": 2.349181, "log_mass": 4.747824}, {"country_iso": "PRT", "city_id": 1569, "log_pop": 0.414912, "log_mass": 3.935446}, {"country_iso": "PRT", "city_id": 1569, "log_pop": 2.633986, "log_mass": 5.241942}, {"country_iso": "PRT", "city_id": 1551, "log_pop": 3.467854, "log_mass": 6.131307}, {"country_iso": "PRT", "city_id": 1573, "log_pop": 3.165103, "log_mass": 5.768304}, {"country_iso": "PRT", "city_id": 1569, "log_pop": 2.832534, "log_mass": 5.414839}, {"country_iso": "PRT", "city_id": 1551, "log_pop": 4.602992, "log_mass": 6.778826}, {"country_iso": "PRT", "city_id": 1569, "log_pop": 4.30763, "log_mass": 6.624345}, {"country_iso": "PRT", "city_id": 1551, "log_pop": 4.140517, "log_mass": 6.598552}, {"country_iso": "PRT", "city_id": 1551, "log_pop": 2.790094, "log_mass": 5.685857}, {"country_iso": "PRT", "city_id": 1551, "log_pop": 4.485118, "log_mass": 6.576825}, {"country_iso": "PRT", "city_id": 1551, "log_pop": 4.184924, "log_mass": 6.454447}, {"country_iso": "PRT", "city_id": 1569, "log_pop": 3.156523, "log_mass": 5.78789}, {"country_iso": "PRT", "city_id": 1569, "log_pop": 3.291708, "log_mass": 5.960295}, {"country_iso": "PRT", "city_id": 1569, "log_pop": 3.927146, "log_mass": 6.479022}, {"country_iso": "PRT", "city_id": 1569, "log_pop": 4.20655, "log_mass": 6.556226}, {"country_iso": "PRT", "city_id": 1551, "log_pop": 3.854777, "log_mass": 6.355141}, {"country_iso": "PRT", "city_id": 1551, "log_pop": 3.309751, "log_mass": 6.062255}, {"country_iso": "PRT", "city_id": 1551, "log_pop": 2.031179, "log_mass": 4.799816}, {"country_iso": "PRT", "city_id": 1554, "log_pop": 3.87139, "log_mass": 6.13902}, {"country_iso": "PRT", "city_id": 1551, "log_pop": 4.54122, "log_mass": 6.79705}, {"country_iso": "PRT", "city_id": 1551, "log_pop": 3.545627, "log_mass": 6.306276}, {"country_iso": "PRT", "city_id": 1551, "log_pop": 4.03073, "log_mass": 6.436913}, {"country_iso": "PRT", "city_id": 1551, "log_pop": 3.986261, "log_mass": 6.19711}, {"country_iso": "PRT", "city_id": 1569, "log_pop": 2.771804, "log_mass": 5.317647}, {"country_iso": "PRT", "city_id": 1569, "log_pop": 4.239924, "log_mass": 6.634001}, {"country_iso": "PRT", "city_id": 1569, "log_pop": 4.600764, "log_mass": 6.935992}, {"country_iso": "PRT", "city_id": 1569, "log_pop": 4.385729, "log_mass": 6.707801}, {"country_iso": "PRT", "city_id": 1569, "log_pop": 4.006333, "log_mass": 6.465588}, {"country_iso": "PRT", "city_id": 1551, "log_pop": 3.409657, "log_mass": 5.755988}, {"country_iso": "PRT", "city_id": 1551, "log_pop": 4.706077, "log_mass": 6.713007}, {"country_iso": "PRT", "city_id": 1551, "log_pop": 3.872434, "log_mass": 6.232984}, {"country_iso": "PRT", "city_id": 1554, "log_pop": 3.874663, "log_mass": 6.47769}, {"country_iso": "PRT", "city_id": 1551, "log_pop": 2.91834, "log_mass": 5.745865}, {"country_iso": "PRT", "city_id": 1573, "log_pop": 3.332335, "log_mass": 5.918719}, {"country_iso": "PRT", "city_id": 1566, "log_pop": 3.050063, "log_mass": 6.039754}, {"country_iso": "PRT", "city_id": 1551, "log_pop": 4.219487, "log_mass": 6.409291}, {"country_iso": "PRT", "city_id": 1551, "log_pop": 4.552433, "log_mass": 6.782626}, {"country_iso": "PRT", "city_id": 1483, "log_pop": 4.36918, "log_mass": 6.6948}, {"country_iso": "PRT", "city_id": 1569, "log_pop": 4.101163, "log_mass": 6.472881}, {"country_iso": "PRT", "city_id": 1551, "log_pop": 4.369937, "log_mass": 6.59715}, {"country_iso": "PRT", "city_id": 1573, "log_pop": 3.641751, "log_mass": 6.157521}, {"country_iso": "PRT", "city_id": 1551, "log_pop": 3.491564, "log_mass": 6.244887}, {"country_iso": "PRT", "city_id": 1566, "log_pop": 3.07504, "log_mass": 6.088647}, {"country_iso": "PRT", "city_id": 1566, "log_pop": 0.526313, "log_mass": 5.07195}, {"country_iso": "PRT", "city_id": 1566, "log_pop": 2.750461, "log_mass": 6.299017}, {"country_iso": "PRT", "city_id": 1569, "log_pop": 4.528294, "log_mass": 6.919732}, {"country_iso": "PRT", "city_id": 1551, "log_pop": 3.24649, "log_mass": 5.795259}, {"country_iso": "PRT", "city_id": 1569, "log_pop": 4.116205, "log_mass": 6.417501}, {"country_iso": "PRT", "city_id": 1551, "log_pop": 3.530583, "log_mass": 5.867779}, {"country_iso": "PRT", "city_id": 1551, "log_pop": 3.973806, "log_mass": 6.377963}, {"country_iso": "PRT", "city_id": 1573, "log_pop": 4.359829, "log_mass": 6.702758}, {"country_iso": "PRT", "city_id": 1551, "log_pop": 4.197812, "log_mass": 6.485588}, {"country_iso": "PRT", "city_id": 1569, "log_pop": 2.730865, "log_mass": 5.493272}, {"country_iso": "PRT", "city_id": 1551, "log_pop": 0.545204, "log_mass": 4.686805}, {"country_iso": "PRT", "city_id": 1569, "log_pop": 4.376204, "log_mass": 6.774295}, {"country_iso": "PRT", "city_id": 1569, "log_pop": 2.010257, "log_mass": 4.949797}, {"country_iso": "PRT", "city_id": 1569, "log_pop": 3.483535, "log_mass": 6.041888}, {"country_iso": "PRT", "city_id": 1566, "log_pop": 1.976094, "log_mass": 5.19949}, {"country_iso": "PRT", "city_id": 1554, "log_pop": 3.461587, "log_mass": 6.161858}, {"country_iso": "PRT", "city_id": 1566, "log_pop": 1.803147, "log_mass": 5.032511}]