[{"country_iso": "THA", "city_id": 10715, "log_pop": 3.01524, "log_mass": 5.66611}, {"country_iso": "THA", "city_id": 10385, "log_pop": 2.939083, "log_mass": 5.363335}, {"country_iso": "THA", "city_id": 10715, "log_pop": 2.912695, "log_mass": 5.418387}, {"country_iso": "THA", "city_id": 10715, "log_pop": 5.00645, "log_mass": 6.890936}, {"country_iso": "THA", "city_id": 10894, "log_pop": 2.510512, "log_mass": 5.182736}, {"country_iso": "THA", "city_id": 10385, "log_pop": 3.739235, "log_mass": 6.232874}, {"country_iso": "THA", "city_id": 10715, "log_pop": 4.683565, "log_mass": 6.564628}, {"country_iso": "THA", "city_id": 10385, "log_pop": 3.473038, "log_mass": 6.121903}, {"country_iso": "THA", "city_id": 10715, "log_pop": 4.509148, "log_mass": 6.569711}, {"country_iso": "THA", "city_id": 10715, "log_pop": 3.97008, "log_mass": 6.404071}, {"country_iso": "THA", "city_id": 10715, "log_pop": 4.2502, "log_mass": 6.434712}, {"country_iso": "THA", "city_id": 10715, "log_pop": 4.581212, "log_mass": 6.599706}, {"country_iso": "THA", "city_id": 10715, "log_pop": 4.935941, "log_mass": 6.81252}, {"country_iso": "THA", "city_id": 10715, "log_pop": 5.062731, "log_mass": 6.904471}, {"country_iso": "THA", "city_id": 10921, "log_pop": 2.482478, "log_mass": 4.984923}, {"country_iso": "THA", "city_id": 10715, "log_pop": 3.175189, "log_mass": 5.724234}, {"country_iso": "THA", "city_id": 10715, "log_pop": 4.56513, "log_mass": 6.567375}, {"country_iso": "THA", "city_id": 10830, "log_pop": 2.871182, "log_mass": 5.974253}, {"country_iso": "THA", "city_id": 10597, "log_pop": 3.791064, "log_mass": 6.340242}, {"country_iso": "THA", "city_id": 10715, "log_pop": 4.471509, "log_mass": 6.564439}, {"country_iso": "THA", "city_id": 10952, "log_pop": 2.224335, "log_mass": 4.774113}, {"country_iso": "THA", "city_id": 10715, "log_pop": 3.92222, "log_mass": 6.459806}, {"country_iso": "THA", "city_id": 10921, "log_pop": 2.894364, "log_mass": 5.382356}, {"country_iso": "THA", "city_id": 10627, "log_pop": 4.503543, "log_mass": 6.561882}, {"country_iso": "THA", "city_id": 10715, "log_pop": 4.203935, "log_mass": 6.566134}, {"country_iso": "THA", "city_id": 10822, "log_pop": 3.696618, "log_mass": 6.132613}, {"country_iso": "THA", "city_id": 10934, "log_pop": 3.241158, "log_mass": 5.710185}, {"country_iso": "THA", "city_id": 10597, "log_pop": 2.883059, "log_mass": 5.603674}, {"country_iso": "THA", "city_id": 10715, "log_pop": 4.039437, "log_mass": 6.294776}, {"country_iso": "THA", "city_id": 10715, "log_pop": 4.272708, "log_mass": 6.450934}, {"country_iso": "THA", "city_id": 10715, "log_pop": 4.252512, "log_mass": 6.437044}, {"country_iso": "THA", "city_id": 10385, "log_pop": 3.288164, "log_mass": 5.845854}, {"country_iso": "THA", "city_id": 10720, "log_pop": 3.346747, "log_mass": 5.978362}, {"country_iso": "THA", "city_id": 10715, "log_pop": 4.673274, "log_mass": 6.62598}, {"country_iso": "THA", "city_id": 10715, "log_pop": 4.013125, "log_mass": 6.362864}, {"country_iso": "THA", "city_id": 10934, "log_pop": 3.83, "log_mass": 6.169215}, {"country_iso": "THA", "city_id": 10934, "log_pop": 1.949479, "log_mass": 4.08464}, {"country_iso": "THA", "city_id": 10715, "log_pop": 3.459438, "log_mass": 5.840336}, {"country_iso": "THA", "city_id": 10894, "log_pop": 3.052563, "log_mass": 5.793146}, {"country_iso": "THA", "city_id": 10715, "log_pop": 4.039733, "log_mass": 6.514367}, {"country_iso": "THA", "city_id": 10720, "log_pop": 3.93244, "log_mass": 6.385001}, {"country_iso": "THA", "city_id": 10715, "log_pop": 3.091842, "log_mass": 5.65709}, {"country_iso": "THA", "city_id": 10715, "log_pop": 3.846476, "log_mass": 6.064209}, {"country_iso": "THA", "city_id": 10715, "log_pop": 4.758399, "log_mass": 6.723921}, {"country_iso": "THA", "city_id": 10715, "log_pop": 4.299081, "log_mass": 6.44952}, {"country_iso": "THA", "city_id": 10715, "log_pop": 3.367805, "log_mass": 5.477581}, {"country_iso": "THA", "city_id": 10877, "log_pop": 3.804465, "log_mass": 6.357486}, {"country_iso": "THA", "city_id": 10715, "log_pop": 3.640005, "log_mass": 5.897596}, {"country_iso": "THA", "city_id": 10715, "log_pop": 4.137553, "log_mass": 6.434273}, {"country_iso": "THA", "city_id": 10715, "log_pop": 3.959164, "log_mass": 6.504144}, {"country_iso": "THA", "city_id": 10715, "log_pop": 3.899084, "log_mass": 6.373192}, {"country_iso": "THA", "city_id": 10734, "log_pop": 2.29455, "log_mass": 4.997677}, {"country_iso": "THA", "city_id": 10734, "log_pop": 4.128865, "log_mass": 6.36718}, {"country_iso": "THA", "city_id": 10715, "log_pop": 4.756823, "log_mass": 6.661066}, {"country_iso": "THA", "city_id": 10627, "log_pop": 4.326985, "log_mass": 6.393687}, {"country_iso": "THA", "city_id": 10715, "log_pop": 3.096145, "log_mass": 5.633341}, {"country_iso": "THA", "city_id": 10715, "log_pop": 4.32577, "log_mass": 6.378091}, {"country_iso": "THA", "city_id": 10715, "log_pop": 4.565745, "log_mass": 6.584462}, {"country_iso": "THA", "city_id": 10715, "log_pop": 2.663816, "log_mass": 5.187581}, {"country_iso": "THA", "city_id": 10715, "log_pop": 4.774387, "log_mass": 6.687595}, {"country_iso": "THA", "city_id": 10715, "log_pop": 4.527954, "log_mass": 6.577153}, {"country_iso": "THA", "city_id": 11324, "log_pop": 3.87938, "log_mass": 6.339114}, {"country_iso": "THA", "city_id": 10822, "log_pop": 3.941555, "log_mass": 6.260694}, {"country_iso": "THA", "city_id": 10715, "log_pop": 3.171513, "log_mass": 5.662597}, {"country_iso": "THA", "city_id": 10734, "log_pop": 3.580777, "log_mass": 6.179296}, {"country_iso": "THA", "city_id": 10715, "log_pop": 3.575025, "log_mass": 6.001159}, {"country_iso": "THA", "city_id": 10715, "log_pop": 4.651929, "log_mass": 6.510926}, {"country_iso": "THA", "city_id": 10715, "log_pop": 4.725995, "log_mass": 6.617581}, {"country_iso": "THA", "city_id": 10952, "log_pop": 1.557925, "log_mass": 4.009701}, {"country_iso": "THA", "city_id": 10715, "log_pop": 3.789469, "log_mass": 6.222108}, {"country_iso": "THA", "city_id": 10715, "log_pop": 4.417194, "log_mass": 6.530902}, {"country_iso": "THA", "city_id": 10822, "log_pop": 3.950458, "log_mass": 6.42598}, {"country_iso": "THA", "city_id": 10715, "log_pop": 2.282985, "log_mass": 5.08939}, {"country_iso": "THA", "city_id": 11324, "log_pop": 2.681809, "log_mass": 5.565235}, {"country_iso": "THA", "city_id": 10715, "log_pop": 3.993653, "log_mass": 6.339733}, {"country_iso": "THA", "city_id": 10385, "log_pop": 2.207256, "log_mass": 5.028681}, {"country_iso": "THA", "city_id": 10715, "log_pop": 1.783577, "log_mass": 4.277018}, {"country_iso": "THA", "city_id": 10720, "log_pop": 2.189417, "log_mass": 5.028957}, {"country_iso": "THA", "city_id": 10715, "log_pop": 3.953091, "log_mass": 6.241912}, {"country_iso": "THA", "city_id": 10680, "log_pop": 3.863218, "log_mass": 6.210416}, {"country_iso": "THA", "city_id": 10715, "log_pop": 4.48954, "log_mass": 6.627471}, {"country_iso": "THA", "city_id": 10715, "log_pop": 4.93577, "log_mass": 6.881574}, {"country_iso": "THA", "city_id": 10680, "log_pop": 4.009522, "log_mass": 6.339773}, {"country_iso": "THA", "city_id": 10715, "log_pop": 2.691064, "log_mass": 5.068477}, {"country_iso": "THA", "city_id": 10715, "log_pop": 3.043624, "log_mass": 5.513835}, {"country_iso": "THA", "city_id": 10715, "log_pop": 4.323745, "log_mass": 6.467024}, {"country_iso": "THA", "city_id": 10715, "log_pop": 3.59195, "log_mass": 5.780656}, {"country_iso": "THA", "city_id": 10597, "log_pop": 3.487644, "log_mass": 5.993322}, {"country_iso": "THA", "city_id": 10822, "log_pop": 3.700841, "log_mass": 6.247749}, {"country_iso": "THA", "city_id": 10836, "log_pop": 3.576055, "log_mass": 6.166933}, {"country_iso": "THA", "city_id": 10715, "log_pop": 1.561254, "log_mass": 4.228064}, {"country_iso": "THA", "city_id": 10715, "log_pop": 2.859869, "log_mass": 5.05719}, {"country_iso": "THA", "city_id": 10830, "log_pop": 2.448085, "log_mass": 4.852828}, {"country_iso": "THA", "city_id": 10715, "log_pop": 4.212553, "log_mass": 6.176604}, {"country_iso": "THA", "city_id": 10836, "log_pop": 3.798867, "log_mass": 6.373232}, {"country_iso": "THA", "city_id": 10720, "log_pop": 2.907704, "log_mass": 5.437688}, {"country_iso": "THA", "city_id": 10715, "log_pop": 4.834801, "log_mass": 6.786912}, {"country_iso": "THA", "city_id": 10921, "log_pop": 3.102682, "log_mass": 5.843814}, {"country_iso": "THA", "city_id": 10715, "log_pop": 2.932958, "log_mass": 5.749635}, {"country_iso": "THA", "city_id": 10952, "log_pop": 3.606428, "log_mass": 5.863867}, {"country_iso": "THA", "city_id": 10715, "log_pop": 2.895506, "log_mass": 5.382451}, {"country_iso": "THA", "city_id": 10715, "log_pop": 4.438454, "log_mass": 6.384564}, {"country_iso": "THA", "city_id": 10385, "log_pop": 2.447651, "log_mass": 5.336893}, {"country_iso": "THA", "city_id": 10715, "log_pop": 4.033563, "log_mass": 6.199224}, {"country_iso": "THA", "city_id": 10715, "log_pop": 2.743969, "log_mass": 5.355814}, {"country_iso": "THA", "city_id": 10385, "log_pop": 3.914895, "log_mass": 6.363211}, {"country_iso": "THA", "city_id": 10715, "log_pop": 4.407585, "log_mass": 6.536903}, {"country_iso": "THA", "city_id": 10680, "log_pop": 3.573755, "log_mass": 6.002155}, {"country_iso": "THA", "city_id": 10715, "log_pop": 3.286591, "log_mass": 5.4231}, {"country_iso": "THA", "city_id": 10836, "log_pop": 3.914218, "log_mass": 6.634974}, {"country_iso": "THA", "city_id": 10822, "log_pop": 3.897932, "log_mass": 6.408334}, {"country_iso": "THA", "city_id": 10715, "log_pop": 4.263463, "log_mass": 6.488649}, {"country_iso": "THA", "city_id": 10715, "log_pop": 4.313126, "log_mass": 6.413262}, {"country_iso": "THA", "city_id": 10715, "log_pop": 2.967465, "log_mass": 5.306539}, {"country_iso": "THA", "city_id": 10715, "log_pop": 3.768275, "log_mass": 6.061154}, {"country_iso": "THA", "city_id": 10385, "log_pop": 4.347259, "log_mass": 6.695863}, {"country_iso": "THA", "city_id": 10822, "log_pop": 2.991221, "log_mass": 5.451267}, {"country_iso": "THA", "city_id": 10715, "log_pop": 4.489992, "log_mass": 6.493913}, {"country_iso": "THA", "city_id": 10715, "log_pop": 4.59306, "log_mass": 6.639845}, {"country_iso": "THA", "city_id": 11324, "log_pop": 2.630651, "log_mass": 5.339565}, {"country_iso": "THA", "city_id": 10921, "log_pop": 3.327136, "log_mass": 6.020746}, {"country_iso": "THA", "city_id": 10385, "log_pop": 3.939701, "log_mass": 6.318633}, {"country_iso": "THA", "city_id": 10715, "log_pop": 4.401361, "log_mass": 6.525727}, {"country_iso": "THA", "city_id": 10715, "log_pop": 4.329373, "log_mass": 6.53713}, {"country_iso": "THA", "city_id": 10715, "log_pop": 4.34767, "log_mass": 6.403311}, {"country_iso": "THA", "city_id": 10715, "log_pop": 3.557939, "log_mass": 6.206905}, {"country_iso": "THA", "city_id": 10715, "log_pop": 4.100535, "log_mass": 6.306316}, {"country_iso": "THA", "city_id": 10921, "log_pop": 1.058132, "log_mass": 4.00008}, {"country_iso": "THA", "city_id": 10715, "log_pop": 2.64851, "log_mass": 5.615133}, {"country_iso": "THA", "city_id": 10680, "log_pop": 1.139244, "log_mass": 3.545891}, {"country_iso": "THA", "city_id": 10715, "log_pop": 4.861608, "log_mass": 6.758161}, {"country_iso": "THA", "city_id": 10715, "log_pop": 4.294312, "log_mass": 6.385258}, {"country_iso": "THA", "city_id": 10894, "log_pop": 3.996851, "log_mass": 6.353621}, {"country_iso": "THA", "city_id": 10715, "log_pop": 2.275559, "log_mass": 4.639896}, {"country_iso": "THA", "city_id": 10968, "log_pop": 4.097867, "log_mass": 6.480484}, {"country_iso": "THA", "city_id": 10830, "log_pop": 3.626475, "log_mass": 6.381633}, {"country_iso": "THA", "city_id": 10734, "log_pop": 3.265504, "log_mass": 6.008997}, {"country_iso": "THA", "city_id": 10715, "log_pop": 4.210185, "log_mass": 6.341197}, {"country_iso": "THA", "city_id": 10916, "log_pop": 3.290977, "log_mass": 6.081522}, {"country_iso": "THA", "city_id": 10385, "log_pop": 2.795957, "log_mass": 5.534754}, {"country_iso": "THA", "city_id": 10830, "log_pop": 2.151069, "log_mass": 5.275867}, {"country_iso": "THA", "city_id": 10715, "log_pop": 3.952683, "log_mass": 6.398971}, {"country_iso": "THA", "city_id": 10597, "log_pop": 3.466601, "log_mass": 6.14228}, {"country_iso": "THA", "city_id": 10715, "log_pop": 3.660823, "log_mass": 6.024818}, {"country_iso": "THA", "city_id": 10597, "log_pop": 2.468442, "log_mass": 5.263571}, {"country_iso": "THA", "city_id": 10715, "log_pop": 4.766538, "log_mass": 6.787173}, {"country_iso": "THA", "city_id": 10715, "log_pop": 2.991693, "log_mass": 5.575335}, {"country_iso": "THA", "city_id": 10720, "log_pop": 3.206936, "log_mass": 5.692239}, {"country_iso": "THA", "city_id": 10734, "log_pop": 3.381288, "log_mass": 5.777322}, {"country_iso": "THA", "city_id": 10822, "log_pop": 3.90554, "log_mass": 6.321086}, {"country_iso": "THA", "city_id": 10715, "log_pop": 3.794887, "log_mass": 6.214988}, {"country_iso": "THA", "city_id": 10894, "log_pop": 1.380319, "log_mass": 4.204475}, {"country_iso": "THA", "city_id": 10836, "log_pop": 4.184026, "log_mass": 6.748093}, {"country_iso": "THA", "city_id": 10916, "log_pop": 2.677617, "log_mass": 5.493254}, {"country_iso": "THA", "city_id": 10715, "log_pop": 4.533965, "log_mass": 6.477648}, {"country_iso": "THA", "city_id": 10715, "log_pop": 3.70352, "log_mass": 6.175451}, {"country_iso": "THA", "city_id": 10715, "log_pop": 4.24287, "log_mass": 6.408229}, {"country_iso": "THA", "city_id": 10715, "log_pop": 4.447044, "log_mass": 6.609804}, {"country_iso": "THA", "city_id": 10831, "log_pop": 2.533457, "log_mass": 4.969912}, {"country_iso": "THA", "city_id": 10952, "log_pop": 0.702508, "log_mass": 3.444321}, {"country_iso": "THA", "city_id": 10934, "log_pop": 4.430523, "log_mass": 6.641469}, {"country_iso": "THA", "city_id": 10916, "log_pop": 3.568823, "log_mass": 6.158284}, {"country_iso": "THA", "city_id": 10715, "log_pop": 4.348393, "log_mass": 6.583289}, {"country_iso": "THA", "city_id": 10715, "log_pop": 1.874352, "log_mass": 4.138419}, {"country_iso": "THA", "city_id": 10715, "log_pop": 4.094509, "log_mass": 6.405418}, {"country_iso": "THA", "city_id": 10921, "log_pop": 2.703723, "log_mass": 5.432639}, {"country_iso": "THA", "city_id": 10715, "log_pop": 3.665129, "log_mass": 6.125891}, {"country_iso": "THA", "city_id": 10715, "log_pop": 4.575796, "log_mass": 6.554109}, {"country_iso": "THA", "city_id": 10627, "log_pop": 3.773241, "log_mass": 5.955537}, {"country_iso": "THA", "city_id": 10627, "log_pop": 3.961446, "log_mass": 6.200254}, {"country_iso": "THA", "city_id": 10894, "log_pop": 3.545299, "log_mass": 6.116975}, {"country_iso": "THA", "city_id": 10597, "log_pop": 3.120284, "log_mass": 5.557393}, {"country_iso": "THA", "city_id": 10836, "log_pop": 2.730578, "log_mass": 5.610468}, {"country_iso": "THA", "city_id": 10715, "log_pop": 4.406044, "log_mass": 6.500851}, {"country_iso": "THA", "city_id": 10715, "log_pop": 4.738531, "log_mass": 6.732822}, {"country_iso": "THA", "city_id": 10385, "log_pop": 4.252654, "log_mass": 6.648293}, {"country_iso": "THA", "city_id": 10385, "log_pop": 4.118328, "log_mass": 6.490333}, {"country_iso": "THA", "city_id": 10715, "log_pop": 2.080346, "log_mass": 4.681907}, {"country_iso": "THA", "city_id": 10715, "log_pop": 4.889799, "log_mass": 6.913572}, {"country_iso": "THA", "city_id": 10385, "log_pop": 3.346084, "log_mass": 5.686596}, {"country_iso": "THA", "city_id": 10715, "log_pop": 4.480623, "log_mass": 6.691794}, {"country_iso": "THA", "city_id": 10715, "log_pop": 3.911468, "log_mass": 6.297174}, {"country_iso": "THA", "city_id": 10715, "log_pop": 4.845839, "log_mass": 6.779408}, {"country_iso": "THA", "city_id": 10715, "log_pop": 3.715787, "log_mass": 6.092494}, {"country_iso": "THA", "city_id": 10627, "log_pop": 3.917138, "log_mass": 6.079156}, {"country_iso": "THA", "city_id": 10877, "log_pop": 3.030585, "log_mass": 5.953204}, {"country_iso": "THA", "city_id": 10715, "log_pop": 3.885825, "log_mass": 6.37318}, {"country_iso": "THA", "city_id": 10715, "log_pop": 3.841017, "log_mass": 6.184096}, {"country_iso": "THA", "city_id": 10627, "log_pop": 1.873526, "log_mass": 4.140154}, {"country_iso": "THA", "city_id": 10831, "log_pop": 3.588706, "log_mass": 6.04253}, {"country_iso": "THA", "city_id": 10715, "log_pop": 3.782983, "log_mass": 5.921373}, {"country_iso": "THA", "city_id": 10836, "log_pop": 3.138987, "log_mass": 5.502929}, {"country_iso": "THA", "city_id": 10715, "log_pop": 3.358397, "log_mass": 5.718962}, {"country_iso": "THA", "city_id": 10836, "log_pop": 4.068607, "log_mass": 6.569339}, {"country_iso": "THA", "city_id": 10385, "log_pop": 2.870308, "log_mass": 5.672263}, {"country_iso": "THA", "city_id": 10822, "log_pop": 3.335348, "log_mass": 5.667042}, {"country_iso": "THA", "city_id": 10715, "log_pop": 4.775837, "log_mass": 6.778484}, {"country_iso": "THA", "city_id": 10715, "log_pop": 3.701898, "log_mass": 5.791563}, {"country_iso": "THA", "city_id": 11324, "log_pop": 4.028068, "log_mass": 6.468963}, {"country_iso": "THA", "city_id": 11324, "log_pop": 3.012528, "log_mass": 5.834556}, {"country_iso": "THA", "city_id": 10715, "log_pop": 4.364771, "log_mass": 6.377182}, {"country_iso": "THA", "city_id": 10627, "log_pop": 1.833134, "log_mass": 4.510809}, {"country_iso": "THA", "city_id": 10385, "log_pop": 2.005735, "log_mass": 4.535825}, {"country_iso": "THA", "city_id": 10627, "log_pop": 4.365059, "log_mass": 6.475103}, {"country_iso": "THA", "city_id": 10934, "log_pop": 4.207057, "log_mass": 6.47296}, {"country_iso": "THA", "city_id": 10715, "log_pop": 3.951462, "log_mass": 6.406455}, {"country_iso": "THA", "city_id": 10715, "log_pop": 3.861964, "log_mass": 6.213595}, {"country_iso": "THA", "city_id": 10715, "log_pop": 4.195193, "log_mass": 6.482325}, {"country_iso": "THA", "city_id": 10715, "log_pop": 4.742287, "log_mass": 6.678389}, {"country_iso": "THA", "city_id": 10715, "log_pop": 3.57726, "log_mass": 6.370177}, {"country_iso": "THA", "city_id": 10715, "log_pop": 4.611661, "log_mass": 6.630424}, {"country_iso": "THA", "city_id": 10921, "log_pop": 3.607913, "log_mass": 6.144798}, {"country_iso": "THA", "city_id": 10627, "log_pop": 3.699948, "log_mass": 6.095341}, {"country_iso": "THA", "city_id": 10831, "log_pop": 3.095058, "log_mass": 5.441793}, {"country_iso": "THA", "city_id": 10715, "log_pop": 3.741666, "log_mass": 5.994856}, {"country_iso": "THA", "city_id": 10715, "log_pop": 4.399613, "log_mass": 6.583568}, {"country_iso": "THA", "city_id": 10968, "log_pop": 3.283904, "log_mass": 6.035482}, {"country_iso": "THA", "city_id": 10715, "log_pop": 4.752493, "log_mass": 6.727205}, {"country_iso": "THA", "city_id": 10715, "log_pop": 4.421042, "log_mass": 6.441473}, {"country_iso": "THA", "city_id": 10877, "log_pop": 3.976056, "log_mass": 6.492736}, {"country_iso": "THA", "city_id": 10385, "log_pop": 3.915393, "log_mass": 6.381887}, {"country_iso": "THA", "city_id": 10715, "log_pop": 4.452314, "log_mass": 6.598019}, {"country_iso": "THA", "city_id": 10916, "log_pop": 1.007613, "log_mass": 4.126401}, {"country_iso": "THA", "city_id": 10680, "log_pop": 1.872456, "log_mass": 4.514016}, {"country_iso": "THA", "city_id": 10894, "log_pop": 3.869581, "log_mass": 6.455859}, {"country_iso": "THA", "city_id": 10715, "log_pop": 1.965556, "log_mass": 5.030816}, {"country_iso": "THA", "city_id": 10952, "log_pop": 3.831397, "log_mass": 6.106121}, {"country_iso": "THA", "city_id": 10715, "log_pop": 4.317285, "log_mass": 6.528553}, {"country_iso": "THA", "city_id": 10715, "log_pop": 3.754497, "log_mass": 5.895647}, {"country_iso": "THA", "city_id": 10597, "log_pop": 2.056692, "log_mass": 4.982501}, {"country_iso": "THA", "city_id": 10952, "log_pop": 4.085533, "log_mass": 6.319304}, {"country_iso": "THA", "city_id": 10715, "log_pop": 3.507693, "log_mass": 5.623122}, {"country_iso": "THA", "city_id": 10715, "log_pop": 3.869571, "log_mass": 6.343606}, {"country_iso": "THA", "city_id": 10822, "log_pop": 1.007939, "log_mass": 3.590596}, {"country_iso": "THA", "city_id": 10921, "log_pop": 4.310147, "log_mass": 6.696067}, {"country_iso": "THA", "city_id": 10715, "log_pop": 4.861112, "log_mass": 6.74757}, {"country_iso": "THA", "city_id": 10715, "log_pop": 4.436723, "log_mass": 6.469135}, {"country_iso": "THA", "city_id": 10715, "log_pop": 4.855465, "log_mass": 6.731637}, {"country_iso": "THA", "city_id": 10715, "log_pop": 3.810144, "log_mass": 6.173224}, {"country_iso": "THA", "city_id": 10822, "log_pop": 3.848438, "log_mass": 6.424015}, {"country_iso": "THA", "city_id": 10715, "log_pop": 4.896582, "log_mass": 6.729101}, {"country_iso": "THA", "city_id": 10831, "log_pop": 1.896864, "log_mass": 4.832812}, {"country_iso": "THA", "city_id": 10715, "log_pop": 2.203811, "log_mass": 5.082085}, {"country_iso": "THA", "city_id": 10921, "log_pop": 4.150882, "log_mass": 6.5851}, {"country_iso": "THA", "city_id": 10877, "log_pop": 3.844442, "log_mass": 6.325079}, {"country_iso": "THA", "city_id": 10830, "log_pop": 4.04034, "log_mass": 6.545684}, {"country_iso": "THA", "city_id": 10715, "log_pop": 4.72743, "log_mass": 6.690791}, {"country_iso": "THA", "city_id": 10715, "log_pop": 4.496634, "log_mass": 6.446995}, {"country_iso": "THA", "city_id": 10627, "log_pop": 3.470157, "log_mass": 5.697892}, {"country_iso": "THA", "city_id": 10715, "log_pop": 4.222387, "log_mass": 6.416506}, {"country_iso": "THA", "city_id": 10715, "log_pop": 3.534375, "log_mass": 5.924357}, {"country_iso": "THA", "city_id": 10715, "log_pop": 3.320837, "log_mass": 6.051066}, {"country_iso": "THA", "city_id": 10952, "log_pop": 3.319237, "log_mass": 5.617124}, {"country_iso": "THA", "city_id": 10385, "log_pop": 3.655432, "log_mass": 6.225386}, {"country_iso": "THA", "city_id": 10734, "log_pop": 3.45174, "log_mass": 5.861471}, {"country_iso": "THA", "city_id": 10715, "log_pop": 4.765668, "log_mass": 6.832672}, {"country_iso": "THA", "city_id": 10836, "log_pop": 2.960491, "log_mass": 5.651998}, {"country_iso": "THA", "city_id": 10715, "log_pop": 3.434472, "log_mass": 5.962072}, {"country_iso": "THA", "city_id": 10597, "log_pop": 2.798089, "log_mass": 5.203865}, {"country_iso": "THA", "city_id": 10715, "log_pop": 3.216675, "log_mass": 5.573262}, {"country_iso": "THA", "city_id": 10715, "log_pop": 4.421763, "log_mass": 6.459467}, {"country_iso": "THA", "city_id": 10597, "log_pop": 3.780545, "log_mass": 6.184886}, {"country_iso": "THA", "city_id": 10715, "log_pop": 4.581661, "log_mass": 6.606738}, {"country_iso": "THA", "city_id": 10836, "log_pop": 3.402686, "log_mass": 6.063945}, {"country_iso": "THA", "city_id": 10836, "log_pop": 3.692567, "log_mass": 6.254695}, {"country_iso": "THA", "city_id": 10715, "log_pop": 3.555394, "log_mass": 5.960296}, {"country_iso": "THA", "city_id": 10715, "log_pop": 3.593912, "log_mass": 5.931566}, {"country_iso": "THA", "city_id": 10894, "log_pop": 3.527624, "log_mass": 6.204018}, {"country_iso": "THA", "city_id": 10715, "log_pop": 3.756061, "log_mass": 6.119468}, {"country_iso": "THA", "city_id": 10715, "log_pop": 3.119364, "log_mass": 5.412999}, {"country_iso": "THA", "city_id": 10715, "log_pop": 3.541404, "log_mass": 5.947699}, {"country_iso": "THA", "city_id": 10715, "log_pop": 4.915211, "log_mass": 6.782025}, {"country_iso": "THA", "city_id": 10934, "log_pop": 2.217358, "log_mass": 4.521217}, {"country_iso": "THA", "city_id": 10715, "log_pop": 2.629367, "log_mass": 4.86846}, {"country_iso": "THA", "city_id": 10385, "log_pop": 1.743553, "log_mass": 4.762636}, {"country_iso": "THA", "city_id": 10715, "log_pop": 3.257895, "log_mass": 5.310914}, {"country_iso": "THA", "city_id": 10715, "log_pop": 3.994834, "log_mass": 6.143694}, {"country_iso": "THA", "city_id": 10715, "log_pop": 4.633269, "log_mass": 6.665896}, {"country_iso": "THA", "city_id": 10715, "log_pop": 3.5455, "log_mass": 5.966291}, {"country_iso": "THA", "city_id": 10715, "log_pop": 3.692376, "log_mass": 6.153076}, {"country_iso": "THA", "city_id": 10822, "log_pop": 3.924877, "log_mass": 6.418762}, {"country_iso": "THA", "city_id": 10734, "log_pop": 3.929208, "log_mass": 6.32874}, {"country_iso": "THA", "city_id": 10968, "log_pop": 2.40183, "log_mass": 5.281675}, {"country_iso": "THA", "city_id": 10836, "log_pop": 2.79271, "log_mass": 5.686669}, {"country_iso": "THA", "city_id": 10715, "log_pop": 2.917716, "log_mass": 5.318973}, {"country_iso": "THA", "city_id": 10715, "log_pop": 3.867546, "log_mass": 6.251864}, {"country_iso": "THA", "city_id": 10934, "log_pop": 4.541778, "log_mass": 6.64714}, {"country_iso": "THA", "city_id": 10715, "log_pop": 3.834769, "log_mass": 6.19398}, {"country_iso": "THA", "city_id": 10715, "log_pop": 3.51446, "log_mass": 5.539604}, {"country_iso": "THA", "city_id": 10597, "log_pop": 2.083629, "log_mass": 4.764144}, {"country_iso": "THA", "city_id": 10715, "log_pop": 3.681333, "log_mass": 6.071878}, {"country_iso": "THA", "city_id": 10921, "log_pop": 3.143733, "log_mass": 5.704681}, {"country_iso": "THA", "city_id": 10715, "log_pop": 3.725436, "log_mass": 6.200366}, {"country_iso": "THA", "city_id": 10715, "log_pop": 4.270703, "log_mass": 6.49507}, {"country_iso": "THA", "city_id": 10822, "log_pop": 1.81267, "log_mass": 4.859256}, {"country_iso": "THA", "city_id": 10715, "log_pop": 3.157817, "log_mass": 5.637367}, {"country_iso": "THA", "city_id": 10715, "log_pop": 3.529872, "log_mass": 6.016722}, {"country_iso": "THA", "city_id": 10385, "log_pop": 1.245614, "log_mass": 3.956396}, {"country_iso": "THA", "city_id": 10830, "log_pop": 3.451844, "log_mass": 6.247696}, {"country_iso": "THA", "city_id": 10715, "log_pop": 4.174178, "log_mass": 6.360344}, {"country_iso": "THA", "city_id": 10715, "log_pop": 3.392827, "log_mass": 5.754653}, {"country_iso": "THA", "city_id": 10715, "log_pop": 2.347492, "log_mass": 4.923053}, {"country_iso": "THA", "city_id": 10385, "log_pop": 3.362122, "log_mass": 6.063316}, {"country_iso": "THA", "city_id": 10715, "log_pop": 3.779855, "log_mass": 6.028979}, {"country_iso": "THA", "city_id": 10734, "log_pop": 3.584789, "log_mass": 6.432845}, {"country_iso": "THA", "city_id": 10715, "log_pop": 3.840882, "log_mass": 6.189554}, {"country_iso": "THA", "city_id": 10715, "log_pop": 3.580017, "log_mass": 6.140642}, {"country_iso": "THA", "city_id": 10734, "log_pop": 4.132971, "log_mass": 6.427603}, {"country_iso": "THA", "city_id": 10734, "log_pop": 2.610208, "log_mass": 5.223016}, {"country_iso": "THA", "city_id": 10715, "log_pop": 4.111315, "log_mass": 6.424784}, {"country_iso": "THA", "city_id": 10627, "log_pop": 3.979583, "log_mass": 6.21095}, {"country_iso": "THA", "city_id": 10715, "log_pop": 4.681003, "log_mass": 6.688922}, {"country_iso": "THA", "city_id": 10715, "log_pop": 4.328729, "log_mass": 6.473067}, {"country_iso": "THA", "city_id": 10715, "log_pop": 3.809419, "log_mass": 6.304441}, {"country_iso": "THA", "city_id": 10597, "log_pop": 3.598493, "log_mass": 6.043638}, {"country_iso": "THA", "city_id": 10715, "log_pop": 3.884284, "log_mass": 6.28007}, {"country_iso": "THA", "city_id": 10934, "log_pop": 1.765359, "log_mass": 4.392731}, {"country_iso": "THA", "city_id": 10734, "log_pop": 3.309722, "log_mass": 6.074357}, {"country_iso": "THA", "city_id": 10715, "log_pop": 1.161671, "log_mass": 4.723986}, {"country_iso": "THA", "city_id": 10627, "log_pop": 3.938331, "log_mass": 6.179292}, {"country_iso": "THA", "city_id": 10597, "log_pop": 4.026842, "log_mass": 6.442646}, {"country_iso": "THA", "city_id": 10715, "log_pop": 4.015358, "log_mass": 6.310447}, {"country_iso": "THA", "city_id": 10385, "log_pop": 3.221795, "log_mass": 5.904851}, {"country_iso": "THA", "city_id": 10916, "log_pop": 4.291379, "log_mass": 6.742727}, {"country_iso": "THA", "city_id": 10715, "log_pop": 4.31389, "log_mass": 6.492238}, {"country_iso": "THA", "city_id": 10715, "log_pop": 4.218378, "log_mass": 6.149001}, {"country_iso": "THA", "city_id": 10715, "log_pop": 3.202529, "log_mass": 5.695182}, {"country_iso": "THA", "city_id": 10715, "log_pop": 4.886752, "log_mass": 6.903792}, {"country_iso": "THA", "city_id": 10715, "log_pop": 4.185582, "log_mass": 6.272226}, {"country_iso": "THA", "city_id": 10934, "log_pop": 3.821371, "log_mass": 6.139868}, {"country_iso": "THA", "city_id": 10715, "log_pop": 4.6288, "log_mass": 6.62073}, {"country_iso": "THA", "city_id": 10734, "log_pop": 1.782649, "log_mass": 4.70329}, {"country_iso": "THA", "city_id": 10952, "log_pop": 3.377593, "log_mass": 5.890546}, {"country_iso": "THA", "city_id": 10715, "log_pop": 4.74651, "log_mass": 6.697317}, {"country_iso": "THA", "city_id": 10715, "log_pop": 4.133177, "log_mass": 6.314729}, {"country_iso": "THA", "city_id": 10720, "log_pop": 2.702898, "log_mass": 5.245256}, {"country_iso": "THA", "city_id": 10680, "log_pop": 3.117285, "log_mass": 5.693062}, {"country_iso": "THA", "city_id": 10385, "log_pop": 4.090574, "log_mass": 6.379122}, {"country_iso": "THA", "city_id": 10921, "log_pop": 4.230395, "log_mass": 6.664531}, {"country_iso": "THA", "city_id": 10831, "log_pop": 3.196464, "log_mass": 5.823862}, {"country_iso": "THA", "city_id": 10715, "log_pop": 2.788636, "log_mass": 5.289315}, {"country_iso": "THA", "city_id": 10822, "log_pop": 4.124783, "log_mass": 6.472225}, {"country_iso": "THA", "city_id": 10715, "log_pop": 4.770919, "log_mass": 6.751833}, {"country_iso": "THA", "city_id": 10627, "log_pop": 4.284311, "log_mass": 6.457849}, {"country_iso": "THA", "city_id": 10715, "log_pop": 3.819217, "log_mass": 6.238646}, {"country_iso": "THA", "city_id": 10597, "log_pop": 4.411288, "log_mass": 6.710482}, {"country_iso": "THA", "city_id": 10715, "log_pop": 4.787283, "log_mass": 6.745422}, {"country_iso": "THA", "city_id": 10715, "log_pop": 2.413865, "log_mass": 5.083042}, {"country_iso": "THA", "city_id": 10831, "log_pop": 1.806288, "log_mass": 4.521026}, {"country_iso": "THA", "city_id": 10715, "log_pop": 4.205622, "log_mass": 6.43683}, {"country_iso": "THA", "city_id": 10836, "log_pop": 2.926555, "log_mass": 5.512271}, {"country_iso": "THA", "city_id": 10597, "log_pop": 3.212225, "log_mass": 5.730465}, {"country_iso": "THA", "city_id": 10715, "log_pop": 4.690781, "log_mass": 6.717215}, {"country_iso": "THA", "city_id": 10715, "log_pop": 2.58623, "log_mass": 5.133763}, {"country_iso": "THA", "city_id": 10916, "log_pop": 2.553503, "log_mass": 5.241297}, {"country_iso": "THA", "city_id": 10715, "log_pop": 4.967484, "log_mass": 6.795774}, {"country_iso": "THA", "city_id": 10715, "log_pop": 3.664745, "log_mass": 6.148765}, {"country_iso": "THA", "city_id": 10627, "log_pop": 2.84246, "log_mass": 5.09954}, {"country_iso": "THA", "city_id": 10952, "log_pop": 0.939839, "log_mass": 3.807393}, {"country_iso": "THA", "city_id": 10715, "log_pop": 4.344605, "log_mass": 6.351167}, {"country_iso": "THA", "city_id": 10715, "log_pop": 3.298843, "log_mass": 5.829813}, {"country_iso": "THA", "city_id": 10385, "log_pop": 3.530702, "log_mass": 5.960082}, {"country_iso": "THA", "city_id": 10720, "log_pop": 1.65059, "log_mass": 4.74398}, {"country_iso": "THA", "city_id": 10715, "log_pop": 4.062131, "log_mass": 6.158619}, {"country_iso": "THA", "city_id": 10715, "log_pop": 4.272433, "log_mass": 6.323449}, {"country_iso": "THA", "city_id": 10715, "log_pop": 3.491105, "log_mass": 6.001175}, {"country_iso": "THA", "city_id": 10715, "log_pop": 3.995752, "log_mass": 6.306835}, {"country_iso": "THA", "city_id": 10715, "log_pop": 4.313891, "log_mass": 6.455074}, {"country_iso": "THA", "city_id": 10715, "log_pop": 4.096718, "log_mass": 6.351015}, {"country_iso": "THA", "city_id": 10627, "log_pop": 4.142308, "log_mass": 6.357101}, {"country_iso": "THA", "city_id": 10715, "log_pop": 4.595479, "log_mass": 6.573394}, {"country_iso": "THA", "city_id": 10715, "log_pop": 4.127116, "log_mass": 6.342234}, {"country_iso": "THA", "city_id": 10968, "log_pop": 3.99241, "log_mass": 6.48913}, {"country_iso": "THA", "city_id": 10680, "log_pop": 3.325129, "log_mass": 5.724886}, {"country_iso": "THA", "city_id": 10715, "log_pop": 3.825243, "log_mass": 6.177592}, {"country_iso": "THA", "city_id": 10715, "log_pop": 4.59093, "log_mass": 6.722919}, {"country_iso": "THA", "city_id": 10934, "log_pop": 3.456683, "log_mass": 5.666896}, {"country_iso": "THA", "city_id": 10715, "log_pop": 4.357992, "log_mass": 6.438302}, {"country_iso": "THA", "city_id": 10715, "log_pop": 4.921651, "log_mass": 7.018925}, {"country_iso": "THA", "city_id": 10715, "log_pop": 4.533838, "log_mass": 6.598373}, {"country_iso": "THA", "city_id": 10830, "log_pop": 3.494347, "log_mass": 6.221447}, {"country_iso": "THA", "city_id": 10715, "log_pop": 3.412612, "log_mass": 5.93262}, {"country_iso": "THA", "city_id": 10968, "log_pop": 2.934384, "log_mass": 5.664563}, {"country_iso": "THA", "city_id": 10715, "log_pop": 4.449971, "log_mass": 6.586656}, {"country_iso": "THA", "city_id": 10715, "log_pop": 4.217788, "log_mass": 6.341772}, {"country_iso": "THA", "city_id": 10715, "log_pop": 4.01076, "log_mass": 6.330984}, {"country_iso": "THA", "city_id": 10715, "log_pop": 4.807632, "log_mass": 6.771314}, {"country_iso": "THA", "city_id": 10597, "log_pop": 3.351336, "log_mass": 5.919184}, {"country_iso": "THA", "city_id": 10715, "log_pop": 3.700795, "log_mass": 6.10439}, {"country_iso": "THA", "city_id": 10715, "log_pop": 4.185893, "log_mass": 6.313766}, {"country_iso": "THA", "city_id": 10385, "log_pop": 3.707727, "log_mass": 6.236365}, {"country_iso": "THA", "city_id": 10385, "log_pop": 3.021136, "log_mass": 5.513818}, {"country_iso": "THA", "city_id": 10715, "log_pop": 4.214123, "log_mass": 6.322453}, {"country_iso": "THA", "city_id": 10715, "log_pop": 3.036448, "log_mass": 5.544228}, {"country_iso": "THA", "city_id": 10680, "log_pop": 3.07386, "log_mass": 5.580441}, {"country_iso": "THA", "city_id": 10385, "log_pop": 2.39777, "log_mass": 5.117083}, {"country_iso": "THA", "city_id": 10385, "log_pop": 3.444138, "log_mass": 5.954429}, {"country_iso": "THA", "city_id": 10597, "log_pop": 2.79197, "log_mass": 5.527366}, {"country_iso": "THA", "city_id": 10385, "log_pop": 3.877829, "log_mass": 6.456751}, {"country_iso": "THA", "city_id": 10715, "log_pop": 4.369686, "log_mass": 6.518259}, {"country_iso": "THA", "city_id": 10385, "log_pop": 3.34279, "log_mass": 5.917017}, {"country_iso": "THA", "city_id": 10715, "log_pop": 2.884523, "log_mass": 5.72525}, {"country_iso": "THA", "city_id": 10921, "log_pop": 3.879037, "log_mass": 6.381827}, {"country_iso": "THA", "city_id": 10836, "log_pop": 3.564146, "log_mass": 6.277556}, {"country_iso": "THA", "city_id": 10836, "log_pop": 3.486606, "log_mass": 5.862906}, {"country_iso": "THA", "city_id": 10894, "log_pop": 2.359285, "log_mass": 5.327765}, {"country_iso": "THA", "city_id": 10830, "log_pop": 2.035894, "log_mass": 5.275274}, {"country_iso": "THA", "city_id": 10680, "log_pop": 4.216082, "log_mass": 6.480343}, {"country_iso": "THA", "city_id": 10385, "log_pop": 3.425269, "log_mass": 5.869037}, {"country_iso": "THA", "city_id": 10627, "log_pop": 3.24992, "log_mass": 5.318623}, {"country_iso": "THA", "city_id": 10715, "log_pop": 3.385517, "log_mass": 6.034687}, {"country_iso": "THA", "city_id": 10968, "log_pop": 3.920982, "log_mass": 6.474631}, {"country_iso": "THA", "city_id": 10720, "log_pop": 2.162984, "log_mass": 4.894535}, {"country_iso": "THA", "city_id": 10720, "log_pop": 3.429264, "log_mass": 5.845478}, {"country_iso": "THA", "city_id": 10715, "log_pop": 3.677997, "log_mass": 6.266574}, {"country_iso": "THA", "city_id": 10715, "log_pop": 3.618097, "log_mass": 5.995048}, {"country_iso": "THA", "city_id": 10715, "log_pop": 5.085476, "log_mass": 6.833342}, {"country_iso": "THA", "city_id": 10715, "log_pop": 3.839552, "log_mass": 6.415759}, {"country_iso": "THA", "city_id": 10715, "log_pop": 5.082727, "log_mass": 6.858761}, {"country_iso": "THA", "city_id": 10894, "log_pop": 3.34331, "log_mass": 6.004324}, {"country_iso": "THA", "city_id": 10385, "log_pop": 3.262948, "log_mass": 5.882493}, {"country_iso": "THA", "city_id": 10715, "log_pop": 4.264944, "log_mass": 6.43249}, {"country_iso": "THA", "city_id": 10715, "log_pop": 2.43488, "log_mass": 4.960337}, {"country_iso": "THA", "city_id": 10597, "log_pop": 1.477013, "log_mass": 4.108124}, {"country_iso": "THA", "city_id": 10715, "log_pop": 2.385841, "log_mass": 5.107047}, {"country_iso": "THA", "city_id": 10968, "log_pop": 1.701993, "log_mass": 4.599544}, {"country_iso": "THA", "city_id": 10715, "log_pop": 3.405672, "log_mass": 5.871321}, {"country_iso": "THA", "city_id": 10830, "log_pop": 3.152059, "log_mass": 5.945471}, {"country_iso": "THA", "city_id": 10916, "log_pop": 2.194081, "log_mass": 4.964536}, {"country_iso": "THA", "city_id": 10822, "log_pop": 3.172993, "log_mass": 5.821082}, {"country_iso": "THA", "city_id": 10934, "log_pop": 1.959357, "log_mass": 4.754384}, {"country_iso": "THA", "city_id": 10715, "log_pop": 4.098323, "log_mass": 6.497418}, {"country_iso": "THA", "city_id": 10715, "log_pop": 3.912147, "log_mass": 6.434979}, {"country_iso": "THA", "city_id": 10597, "log_pop": 3.125318, "log_mass": 5.808791}, {"country_iso": "THA", "city_id": 10715, "log_pop": 3.844664, "log_mass": 6.397322}, {"country_iso": "THA", "city_id": 10916, "log_pop": 1.324595, "log_mass": 4.204977}, {"country_iso": "THA", "city_id": 10627, "log_pop": 2.794361, "log_mass": 5.147385}, {"country_iso": "THA", "city_id": 10627, "log_pop": 2.929319, "log_mass": 5.429453}, {"country_iso": "THA", "city_id": 10715, "log_pop": 4.511028, "log_mass": 6.588164}, {"country_iso": "THA", "city_id": 10715, "log_pop": 4.021212, "log_mass": 6.401318}, {"country_iso": "THA", "city_id": 10680, "log_pop": 4.169178, "log_mass": 6.374746}, {"country_iso": "THA", "city_id": 10836, "log_pop": 2.592302, "log_mass": 5.355208}, {"country_iso": "THA", "city_id": 10715, "log_pop": 4.416137, "log_mass": 6.467993}, {"country_iso": "THA", "city_id": 10680, "log_pop": 1.136389, "log_mass": 4.08631}, {"country_iso": "THA", "city_id": 10715, "log_pop": 2.454856, "log_mass": 5.20881}, {"country_iso": "THA", "city_id": 10715, "log_pop": 4.198902, "log_mass": 6.35797}, {"country_iso": "THA", "city_id": 10715, "log_pop": 4.092273, "log_mass": 6.39368}, {"country_iso": "THA", "city_id": 10715, "log_pop": 4.553277, "log_mass": 6.646127}, {"country_iso": "THA", "city_id": 10715, "log_pop": 3.793518, "log_mass": 6.374867}, {"country_iso": "THA", "city_id": 10934, "log_pop": 2.686423, "log_mass": 5.396857}, {"country_iso": "THA", "city_id": 10627, "log_pop": 3.736457, "log_mass": 5.955352}, {"country_iso": "THA", "city_id": 10715, "log_pop": 4.987004, "log_mass": 6.812719}, {"country_iso": "THA", "city_id": 10627, "log_pop": 3.727995, "log_mass": 5.97814}, {"country_iso": "THA", "city_id": 10715, "log_pop": 2.055416, "log_mass": 4.669568}, {"country_iso": "THA", "city_id": 10715, "log_pop": 3.504212, "log_mass": 5.995372}, {"country_iso": "THA", "city_id": 10968, "log_pop": 1.503199, "log_mass": 4.219436}, {"country_iso": "THA", "city_id": 10715, "log_pop": 4.442708, "log_mass": 6.483259}, {"country_iso": "THA", "city_id": 10921, "log_pop": 3.719273, "log_mass": 6.188906}, {"country_iso": "THA", "city_id": 10715, "log_pop": 4.846656, "log_mass": 6.732373}, {"country_iso": "THA", "city_id": 10715, "log_pop": 2.654094, "log_mass": 4.966579}, {"country_iso": "THA", "city_id": 10715, "log_pop": 4.570217, "log_mass": 6.691283}, {"country_iso": "THA", "city_id": 10877, "log_pop": 3.638301, "log_mass": 6.330427}, {"country_iso": "THA", "city_id": 10715, "log_pop": 4.359504, "log_mass": 6.565782}, {"country_iso": "THA", "city_id": 10715, "log_pop": 3.989688, "log_mass": 6.306451}, {"country_iso": "THA", "city_id": 10597, "log_pop": 2.847609, "log_mass": 5.262712}, {"country_iso": "THA", "city_id": 10715, "log_pop": 4.905694, "log_mass": 6.744574}, {"country_iso": "THA", "city_id": 10715, "log_pop": 4.876295, "log_mass": 6.785576}, {"country_iso": "THA", "city_id": 10385, "log_pop": 2.846658, "log_mass": 5.617266}, {"country_iso": "THA", "city_id": 10715, "log_pop": 4.784324, "log_mass": 6.716768}, {"country_iso": "THA", "city_id": 10715, "log_pop": 4.514151, "log_mass": 6.500457}, {"country_iso": "THA", "city_id": 10968, "log_pop": 2.921854, "log_mass": 5.358171}, {"country_iso": "THA", "city_id": 10715, "log_pop": 4.16536, "log_mass": 6.239528}, {"country_iso": "THA", "city_id": 10715, "log_pop": 4.536885, "log_mass": 6.509321}, {"country_iso": "THA", "city_id": 10715, "log_pop": 4.518572, "log_mass": 6.617069}, {"country_iso": "THA", "city_id": 10822, "log_pop": 4.052537, "log_mass": 6.476761}, {"country_iso": "THA", "city_id": 10715, "log_pop": 4.920561, "log_mass": 6.938965}, {"country_iso": "THA", "city_id": 10830, "log_pop": 3.573405, "log_mass": 6.016982}, {"country_iso": "THA", "city_id": 10715, "log_pop": 3.977544, "log_mass": 6.292094}, {"country_iso": "THA", "city_id": 10385, "log_pop": 3.262912, "log_mass": 5.641049}, {"country_iso": "THA", "city_id": 10715, "log_pop": 4.719286, "log_mass": 6.679311}, {"country_iso": "THA", "city_id": 10934, "log_pop": 4.087853, "log_mass": 6.358784}, {"country_iso": "THA", "city_id": 10680, "log_pop": 2.894989, "log_mass": 5.739902}, {"country_iso": "THA", "city_id": 10715, "log_pop": 4.283865, "log_mass": 6.578896}, {"country_iso": "THA", "city_id": 10385, "log_pop": 2.498087, "log_mass": 5.29821}, {"country_iso": "THA", "city_id": 10715, "log_pop": 4.760783, "log_mass": 6.656746}, {"country_iso": "THA", "city_id": 10680, "log_pop": 3.05107, "log_mass": 5.55241}, {"country_iso": "THA", "city_id": 10715, "log_pop": 3.834667, "log_mass": 6.302923}, {"country_iso": "THA", "city_id": 10715, "log_pop": 4.088118, "log_mass": 6.402096}, {"country_iso": "THA", "city_id": 10715, "log_pop": 4.72956, "log_mass": 6.728141}, {"country_iso": "THA", "city_id": 10680, "log_pop": 3.96514, "log_mass": 6.3444}, {"country_iso": "THA", "city_id": 10715, "log_pop": 4.922948, "log_mass": 6.886135}, {"country_iso": "THA", "city_id": 10715, "log_pop": 4.415436, "log_mass": 6.395939}, {"country_iso": "THA", "city_id": 10385, "log_pop": 3.474094, "log_mass": 6.094219}, {"country_iso": "THA", "city_id": 10715, "log_pop": 4.662837, "log_mass": 6.635809}, {"country_iso": "THA", "city_id": 10715, "log_pop": 1.070487, "log_mass": 4.083244}, {"country_iso": "THA", "city_id": 10715, "log_pop": 0.909689, "log_mass": 4.285771}, {"country_iso": "THA", "city_id": 10715, "log_pop": 3.272355, "log_mass": 5.682135}, {"country_iso": "THA", "city_id": 10715, "log_pop": 3.858762, "log_mass": 6.175417}, {"country_iso": "THA", "city_id": 10715, "log_pop": 4.497819, "log_mass": 6.585445}, {"country_iso": "THA", "city_id": 10627, "log_pop": 2.666166, "log_mass": 5.00306}, {"country_iso": "THA", "city_id": 10921, "log_pop": 2.745847, "log_mass": 5.252689}, {"country_iso": "THA", "city_id": 10715, "log_pop": 3.83906, "log_mass": 6.097543}, {"country_iso": "THA", "city_id": 10715, "log_pop": 4.340482, "log_mass": 6.471171}, {"country_iso": "THA", "city_id": 10715, "log_pop": 4.029213, "log_mass": 6.311312}, {"country_iso": "THA", "city_id": 10715, "log_pop": 2.719007, "log_mass": 5.294692}, {"country_iso": "THA", "city_id": 10715, "log_pop": 4.967849, "log_mass": 6.821862}, {"country_iso": "THA", "city_id": 10715, "log_pop": 4.268076, "log_mass": 6.644467}, {"country_iso": "THA", "city_id": 10715, "log_pop": 4.003785, "log_mass": 6.27228}, {"country_iso": "THA", "city_id": 10877, "log_pop": 4.026968, "log_mass": 6.522476}, {"country_iso": "THA", "city_id": 10715, "log_pop": 2.156015, "log_mass": 5.157082}, {"country_iso": "THA", "city_id": 10715, "log_pop": 3.696907, "log_mass": 6.019381}, {"country_iso": "THA", "city_id": 10715, "log_pop": 4.312092, "log_mass": 6.520069}, {"country_iso": "THA", "city_id": 10822, "log_pop": 1.63897, "log_mass": 4.262674}, {"country_iso": "THA", "city_id": 10831, "log_pop": 2.667198, "log_mass": 5.208431}, {"country_iso": "THA", "city_id": 10968, "log_pop": 3.118221, "log_mass": 5.802802}, {"country_iso": "THA", "city_id": 10715, "log_pop": 3.157634, "log_mass": 5.636531}, {"country_iso": "THA", "city_id": 10715, "log_pop": 2.714552, "log_mass": 5.437638}, {"country_iso": "THA", "city_id": 10715, "log_pop": 3.560512, "log_mass": 5.961186}, {"country_iso": "THA", "city_id": 10831, "log_pop": 3.825106, "log_mass": 6.165989}, {"country_iso": "THA", "city_id": 10715, "log_pop": 3.69594, "log_mass": 6.331056}, {"country_iso": "THA", "city_id": 10715, "log_pop": 4.443319, "log_mass": 6.437466}, {"country_iso": "THA", "city_id": 10921, "log_pop": 1.115804, "log_mass": 3.899358}, {"country_iso": "THA", "city_id": 10715, "log_pop": 4.663214, "log_mass": 6.556268}, {"country_iso": "THA", "city_id": 10830, "log_pop": 4.318342, "log_mass": 6.840811}, {"country_iso": "THA", "city_id": 10715, "log_pop": 4.687135, "log_mass": 6.733258}, {"country_iso": "THA", "city_id": 10715, "log_pop": 4.577282, "log_mass": 6.547932}, {"country_iso": "THA", "city_id": 10968, "log_pop": 3.959472, "log_mass": 6.39645}, {"country_iso": "THA", "city_id": 10715, "log_pop": 4.234227, "log_mass": 6.333419}, {"country_iso": "THA", "city_id": 10715, "log_pop": 4.123653, "log_mass": 6.343384}, {"country_iso": "THA", "city_id": 11324, "log_pop": 4.033703, "log_mass": 6.356841}, {"country_iso": "THA", "city_id": 10715, "log_pop": 4.090205, "log_mass": 6.244739}, {"country_iso": "THA", "city_id": 10715, "log_pop": 3.849027, "log_mass": 6.281011}, {"country_iso": "THA", "city_id": 10822, "log_pop": 0.616215, "log_mass": 3.530145}, {"country_iso": "THA", "city_id": 10831, "log_pop": 4.09382, "log_mass": 6.419517}, {"country_iso": "THA", "city_id": 10715, "log_pop": 3.743466, "log_mass": 5.960532}, {"country_iso": "THA", "city_id": 10836, "log_pop": 4.09131, "log_mass": 6.665455}, {"country_iso": "THA", "city_id": 10734, "log_pop": 3.060512, "log_mass": 5.374541}, {"country_iso": "THA", "city_id": 10715, "log_pop": 4.090971, "log_mass": 6.217008}, {"country_iso": "THA", "city_id": 10715, "log_pop": 3.455457, "log_mass": 5.985132}, {"country_iso": "THA", "city_id": 10680, "log_pop": 4.308451, "log_mass": 6.553622}, {"country_iso": "THA", "city_id": 10715, "log_pop": 3.729094, "log_mass": 6.266619}, {"country_iso": "THA", "city_id": 10627, "log_pop": 3.86058, "log_mass": 6.075643}, {"country_iso": "THA", "city_id": 10822, "log_pop": 3.760102, "log_mass": 6.248844}, {"country_iso": "THA", "city_id": 10822, "log_pop": 4.126839, "log_mass": 6.798867}, {"country_iso": "THA", "city_id": 10822, "log_pop": 2.350206, "log_mass": 4.854558}, {"country_iso": "THA", "city_id": 10715, "log_pop": 4.104481, "log_mass": 6.453786}, {"country_iso": "THA", "city_id": 10715, "log_pop": 4.588614, "log_mass": 6.56938}, {"country_iso": "THA", "city_id": 10822, "log_pop": 3.529685, "log_mass": 6.316034}, {"country_iso": "THA", "city_id": 10720, "log_pop": 3.326815, "log_mass": 5.885888}, {"country_iso": "THA", "city_id": 10715, "log_pop": 3.294391, "log_mass": 5.785898}, {"country_iso": "THA", "city_id": 10715, "log_pop": 4.927073, "log_mass": 6.791857}, {"country_iso": "THA", "city_id": 10822, "log_pop": 2.967278, "log_mass": 5.689005}, {"country_iso": "THA", "city_id": 10968, "log_pop": 2.907734, "log_mass": 5.612887}, {"country_iso": "THA", "city_id": 10715, "log_pop": 3.347609, "log_mass": 5.680273}, {"country_iso": "THA", "city_id": 10715, "log_pop": 4.782392, "log_mass": 6.654189}, {"country_iso": "THA", "city_id": 10715, "log_pop": 3.188196, "log_mass": 5.733025}, {"country_iso": "THA", "city_id": 10715, "log_pop": 4.180914, "log_mass": 6.415833}, {"country_iso": "THA", "city_id": 11324, "log_pop": 2.553656, "log_mass": 5.242112}, {"country_iso": "THA", "city_id": 10627, "log_pop": 3.696237, "log_mass": 5.762562}, {"country_iso": "THA", "city_id": 10715, "log_pop": 3.506342, "log_mass": 5.854973}, {"country_iso": "THA", "city_id": 10715, "log_pop": 3.706833, "log_mass": 6.242502}, {"country_iso": "THA", "city_id": 10715, "log_pop": 4.156871, "log_mass": 6.365208}, {"country_iso": "THA", "city_id": 10836, "log_pop": 2.131401, "log_mass": 5.12592}, {"country_iso": "THA", "city_id": 11324, "log_pop": 4.121093, "log_mass": 6.440278}, {"country_iso": "THA", "city_id": 10715, "log_pop": 4.292329, "log_mass": 6.432369}, {"country_iso": "THA", "city_id": 10385, "log_pop": 1.977144, "log_mass": 4.354713}, {"country_iso": "THA", "city_id": 10822, "log_pop": 3.838166, "log_mass": 6.433611}, {"country_iso": "THA", "city_id": 10715, "log_pop": 4.530725, "log_mass": 6.451168}, {"country_iso": "THA", "city_id": 10715, "log_pop": 4.34218, "log_mass": 6.437598}, {"country_iso": "THA", "city_id": 10894, "log_pop": 1.795713, "log_mass": 4.799769}, {"country_iso": "THA", "city_id": 10952, "log_pop": 3.202558, "log_mass": 5.597801}, {"country_iso": "THA", "city_id": 10952, "log_pop": 3.333528, "log_mass": 5.731848}, {"country_iso": "THA", "city_id": 10916, "log_pop": 3.619542, "log_mass": 6.22725}, {"country_iso": "THA", "city_id": 10968, "log_pop": 2.852219, "log_mass": 5.509176}, {"country_iso": "THA", "city_id": 10715, "log_pop": 4.805638, "log_mass": 6.713774}, {"country_iso": "THA", "city_id": 10921, "log_pop": 3.136311, "log_mass": 6.004375}, {"country_iso": "THA", "city_id": 10831, "log_pop": 1.639656, "log_mass": 4.536985}, {"country_iso": "THA", "city_id": 10715, "log_pop": 4.069293, "log_mass": 6.476257}, {"country_iso": "THA", "city_id": 10715, "log_pop": 4.219335, "log_mass": 6.405547}, {"country_iso": "THA", "city_id": 10894, "log_pop": 4.15769, "log_mass": 6.553578}, {"country_iso": "THA", "city_id": 10715, "log_pop": 2.284233, "log_mass": 5.529554}, {"country_iso": "THA", "city_id": 10627, "log_pop": 1.928911, "log_mass": 4.135838}, {"country_iso": "THA", "city_id": 10715, "log_pop": 3.848066, "log_mass": 6.199242}, {"country_iso": "THA", "city_id": 10831, "log_pop": 3.616691, "log_mass": 5.969732}, {"country_iso": "THA", "city_id": 11324, "log_pop": 2.565933, "log_mass": 5.468957}, {"country_iso": "THA", "city_id": 10715, "log_pop": 4.441461, "log_mass": 6.514938}, {"country_iso": "THA", "city_id": 10715, "log_pop": 3.895363, "log_mass": 6.233935}, {"country_iso": "THA", "city_id": 10934, "log_pop": 3.521871, "log_mass": 5.81141}, {"country_iso": "THA", "city_id": 10715, "log_pop": 3.482559, "log_mass": 5.796282}, {"country_iso": "THA", "city_id": 10715, "log_pop": 4.467081, "log_mass": 6.527797}, {"country_iso": "THA", "city_id": 11324, "log_pop": 3.102693, "log_mass": 5.614727}, {"country_iso": "THA", "city_id": 10715, "log_pop": 4.693308, "log_mass": 6.688974}, {"country_iso": "THA", "city_id": 10627, "log_pop": 2.191014, "log_mass": 4.605149}, {"country_iso": "THA", "city_id": 10715, "log_pop": 4.288209, "log_mass": 6.534415}, {"country_iso": "THA", "city_id": 10715, "log_pop": 4.866175, "log_mass": 6.748568}, {"country_iso": "THA", "city_id": 10830, "log_pop": 3.557142, "log_mass": 6.299974}, {"country_iso": "THA", "city_id": 10715, "log_pop": 4.254265, "log_mass": 6.528479}, {"country_iso": "THA", "city_id": 10715, "log_pop": 4.636551, "log_mass": 6.697983}, {"country_iso": "THA", "city_id": 10720, "log_pop": 3.620719, "log_mass": 6.029175}, {"country_iso": "THA", "city_id": 11324, "log_pop": 2.705003, "log_mass": 5.609333}, {"country_iso": "THA", "city_id": 10715, "log_pop": 4.474854, "log_mass": 6.51559}, {"country_iso": "THA", "city_id": 10715, "log_pop": 4.053499, "log_mass": 6.258144}, {"country_iso": "THA", "city_id": 11324, "log_pop": 3.04312, "log_mass": 5.535831}, {"country_iso": "THA", "city_id": 10715, "log_pop": 4.355573, "log_mass": 6.620192}, {"country_iso": "THA", "city_id": 10934, "log_pop": 3.090006, "log_mass": 5.270861}, {"country_iso": "THA", "city_id": 10715, "log_pop": 3.900926, "log_mass": 6.196702}, {"country_iso": "THA", "city_id": 10715, "log_pop": 4.315168, "log_mass": 6.369156}, {"country_iso": "THA", "city_id": 10715, "log_pop": 4.404536, "log_mass": 6.406096}, {"country_iso": "THA", "city_id": 10715, "log_pop": 3.880456, "log_mass": 6.315958}, {"country_iso": "THA", "city_id": 11324, "log_pop": 4.317746, "log_mass": 6.665558}, {"country_iso": "THA", "city_id": 10822, "log_pop": 2.407919, "log_mass": 5.287204}, {"country_iso": "THA", "city_id": 10680, "log_pop": 1.771885, "log_mass": 4.595776}, {"country_iso": "THA", "city_id": 11324, "log_pop": 3.976756, "log_mass": 6.456294}, {"country_iso": "THA", "city_id": 10715, "log_pop": 2.522415, "log_mass": 4.957669}, {"country_iso": "THA", "city_id": 10822, "log_pop": 3.543843, "log_mass": 6.423938}, {"country_iso": "THA", "city_id": 10715, "log_pop": 3.271179, "log_mass": 5.75722}, {"country_iso": "THA", "city_id": 10916, "log_pop": 2.494558, "log_mass": 5.188219}, {"country_iso": "THA", "city_id": 10934, "log_pop": 3.606589, "log_mass": 5.916326}, {"country_iso": "THA", "city_id": 10877, "log_pop": 2.027842, "log_mass": 4.620494}, {"country_iso": "THA", "city_id": 10385, "log_pop": 4.164917, "log_mass": 6.53076}, {"country_iso": "THA", "city_id": 10715, "log_pop": 4.749502, "log_mass": 6.651467}, {"country_iso": "THA", "city_id": 10934, "log_pop": 2.882719, "log_mass": 5.430852}, {"country_iso": "THA", "city_id": 10385, "log_pop": 3.736033, "log_mass": 6.198949}, {"country_iso": "THA", "city_id": 10715, "log_pop": 4.579462, "log_mass": 6.611257}, {"country_iso": "THA", "city_id": 10715, "log_pop": 3.027507, "log_mass": 5.478109}, {"country_iso": "THA", "city_id": 10822, "log_pop": 3.595375, "log_mass": 6.095282}, {"country_iso": "THA", "city_id": 10597, "log_pop": 3.172455, "log_mass": 5.674877}, {"country_iso": "THA", "city_id": 10715, "log_pop": 4.096896, "log_mass": 6.341599}, {"country_iso": "THA", "city_id": 10715, "log_pop": 1.80406, "log_mass": 4.212775}, {"country_iso": "THA", "city_id": 10831, "log_pop": 3.474515, "log_mass": 5.802515}, {"country_iso": "THA", "city_id": 10715, "log_pop": 3.04321, "log_mass": 5.304112}, {"country_iso": "THA", "city_id": 10715, "log_pop": 4.04321, "log_mass": 6.281968}, {"country_iso": "THA", "city_id": 10830, "log_pop": 3.976127, "log_mass": 6.595217}, {"country_iso": "THA", "city_id": 10715, "log_pop": 3.810781, "log_mass": 6.182919}, {"country_iso": "THA", "city_id": 10715, "log_pop": 4.537003, "log_mass": 6.626646}, {"country_iso": "THA", "city_id": 10894, "log_pop": 3.875627, "log_mass": 6.441408}, {"country_iso": "THA", "city_id": 10627, "log_pop": 3.2814, "log_mass": 5.505787}, {"country_iso": "THA", "city_id": 10822, "log_pop": 3.565594, "log_mass": 6.018267}, {"country_iso": "THA", "city_id": 10720, "log_pop": 1.478926, "log_mass": 4.455603}, {"country_iso": "THA", "city_id": 10715, "log_pop": 4.650402, "log_mass": 6.626906}, {"country_iso": "THA", "city_id": 10715, "log_pop": 4.468753, "log_mass": 6.600851}, {"country_iso": "THA", "city_id": 10715, "log_pop": 3.996097, "log_mass": 6.073232}, {"country_iso": "THA", "city_id": 10894, "log_pop": 3.375474, "log_mass": 6.026987}, {"country_iso": "THA", "city_id": 10680, "log_pop": 2.687804, "log_mass": 5.251211}, {"country_iso": "THA", "city_id": 10968, "log_pop": 4.277267, "log_mass": 6.672955}, {"country_iso": "THA", "city_id": 10921, "log_pop": 4.321353, "log_mass": 6.693961}, {"country_iso": "THA", "city_id": 10934, "log_pop": 4.266158, "log_mass": 6.499307}, {"country_iso": "THA", "city_id": 10715, "log_pop": 4.809837, "log_mass": 6.787137}, {"country_iso": "THA", "city_id": 10968, "log_pop": 3.564032, "log_mass": 6.139197}, {"country_iso": "THA", "city_id": 10715, "log_pop": 4.231643, "log_mass": 6.47425}, {"country_iso": "THA", "city_id": 10715, "log_pop": 3.915313, "log_mass": 6.295292}, {"country_iso": "THA", "city_id": 10715, "log_pop": 2.673266, "log_mass": 5.285289}, {"country_iso": "THA", "city_id": 10822, "log_pop": 3.973975, "log_mass": 6.518459}, {"country_iso": "THA", "city_id": 10916, "log_pop": 4.005948, "log_mass": 6.612273}, {"country_iso": "THA", "city_id": 10715, "log_pop": 3.580453, "log_mass": 6.070464}, {"country_iso": "THA", "city_id": 10715, "log_pop": 4.927118, "log_mass": 6.860914}, {"country_iso": "THA", "city_id": 10715, "log_pop": 3.892966, "log_mass": 6.028061}, {"country_iso": "THA", "city_id": 10715, "log_pop": 4.612928, "log_mass": 6.561285}, {"country_iso": "THA", "city_id": 10715, "log_pop": 3.485601, "log_mass": 5.975149}, {"country_iso": "THA", "city_id": 10715, "log_pop": 3.193211, "log_mass": 5.541743}, {"country_iso": "THA", "city_id": 10952, "log_pop": 4.090592, "log_mass": 6.138614}, {"country_iso": "THA", "city_id": 10836, "log_pop": 3.405573, "log_mass": 5.743178}, {"country_iso": "THA", "city_id": 10952, "log_pop": 3.497584, "log_mass": 5.693226}, {"country_iso": "THA", "city_id": 10934, "log_pop": 3.921914, "log_mass": 6.209759}, {"country_iso": "THA", "city_id": 10715, "log_pop": 3.734002, "log_mass": 6.317467}, {"country_iso": "THA", "city_id": 10715, "log_pop": 4.767044, "log_mass": 6.7033}, {"country_iso": "THA", "city_id": 10715, "log_pop": 3.458004, "log_mass": 5.888758}, {"country_iso": "THA", "city_id": 10715, "log_pop": 4.0529, "log_mass": 6.313795}, {"country_iso": "THA", "city_id": 10715, "log_pop": 3.59358, "log_mass": 6.146583}, {"country_iso": "THA", "city_id": 10715, "log_pop": 4.395411, "log_mass": 6.437047}, {"country_iso": "THA", "city_id": 10968, "log_pop": 2.474448, "log_mass": 5.110981}, {"country_iso": "THA", "city_id": 10734, "log_pop": 2.419505, "log_mass": 4.997614}, {"country_iso": "THA", "city_id": 10836, "log_pop": 3.134941, "log_mass": 5.650194}, {"country_iso": "THA", "city_id": 10715, "log_pop": 3.462133, "log_mass": 5.872425}, {"country_iso": "THA", "city_id": 10968, "log_pop": 2.797797, "log_mass": 5.645363}, {"country_iso": "THA", "city_id": 10715, "log_pop": 3.923587, "log_mass": 6.075039}, {"country_iso": "THA", "city_id": 10715, "log_pop": 3.197428, "log_mass": 5.5385}, {"country_iso": "THA", "city_id": 10715, "log_pop": 2.904771, "log_mass": 5.547067}, {"country_iso": "THA", "city_id": 10715, "log_pop": 1.818736, "log_mass": 4.443665}, {"country_iso": "THA", "city_id": 10715, "log_pop": 4.561872, "log_mass": 6.51194}, {"country_iso": "THA", "city_id": 10715, "log_pop": 3.266203, "log_mass": 5.601079}, {"country_iso": "THA", "city_id": 10715, "log_pop": 4.904401, "log_mass": 6.99261}, {"country_iso": "THA", "city_id": 10715, "log_pop": 4.86356, "log_mass": 6.804679}, {"country_iso": "THA", "city_id": 10715, "log_pop": 2.844173, "log_mass": 5.311218}, {"country_iso": "THA", "city_id": 10894, "log_pop": 3.602565, "log_mass": 6.021441}, {"country_iso": "THA", "city_id": 10877, "log_pop": 4.27342, "log_mass": 6.714765}, {"country_iso": "THA", "city_id": 10715, "log_pop": 4.138343, "log_mass": 6.400815}, {"country_iso": "THA", "city_id": 10715, "log_pop": 1.403419, "log_mass": 4.451473}, {"country_iso": "THA", "city_id": 10916, "log_pop": 4.206298, "log_mass": 6.674024}, {"country_iso": "THA", "city_id": 10715, "log_pop": 4.106673, "log_mass": 6.337743}, {"country_iso": "THA", "city_id": 10822, "log_pop": 3.323999, "log_mass": 5.862538}, {"country_iso": "THA", "city_id": 10877, "log_pop": 3.793214, "log_mass": 6.488685}, {"country_iso": "THA", "city_id": 10715, "log_pop": 4.036263, "log_mass": 6.370408}, {"country_iso": "THA", "city_id": 10715, "log_pop": 3.632967, "log_mass": 5.846923}, {"country_iso": "THA", "city_id": 10916, "log_pop": 3.622466, "log_mass": 6.226692}, {"country_iso": "THA", "city_id": 10715, "log_pop": 4.272492, "log_mass": 6.453994}, {"country_iso": "THA", "city_id": 10921, "log_pop": 2.70763, "log_mass": 5.574701}, {"country_iso": "THA", "city_id": 11324, "log_pop": 1.414793, "log_mass": 4.204231}, {"country_iso": "THA", "city_id": 10968, "log_pop": 3.925142, "log_mass": 6.552986}, {"country_iso": "THA", "city_id": 10830, "log_pop": 4.007325, "log_mass": 6.591282}, {"country_iso": "THA", "city_id": 10894, "log_pop": 3.105714, "log_mass": 5.61759}, {"country_iso": "THA", "city_id": 10715, "log_pop": 4.143806, "log_mass": 6.445498}, {"country_iso": "THA", "city_id": 11324, "log_pop": 1.830807, "log_mass": 4.708609}, {"country_iso": "THA", "city_id": 10715, "log_pop": 3.662829, "log_mass": 6.126417}, {"country_iso": "THA", "city_id": 10715, "log_pop": 4.270797, "log_mass": 6.540174}, {"country_iso": "THA", "city_id": 10822, "log_pop": 4.158241, "log_mass": 6.52802}, {"country_iso": "THA", "city_id": 10715, "log_pop": 4.556622, "log_mass": 6.563052}, {"country_iso": "THA", "city_id": 10715, "log_pop": 4.095088, "log_mass": 6.428897}, {"country_iso": "THA", "city_id": 10385, "log_pop": 1.606321, "log_mass": 4.411146}, {"country_iso": "THA", "city_id": 10952, "log_pop": 3.022514, "log_mass": 5.587178}, {"country_iso": "THA", "city_id": 10715, "log_pop": 4.860632, "log_mass": 7.049873}, {"country_iso": "THA", "city_id": 10715, "log_pop": 3.943772, "log_mass": 6.064216}, {"country_iso": "THA", "city_id": 10597, "log_pop": 2.104664, "log_mass": 5.05641}, {"country_iso": "THA", "city_id": 10952, "log_pop": 4.06257, "log_mass": 6.223081}, {"country_iso": "THA", "city_id": 10715, "log_pop": 3.644507, "log_mass": 6.05221}, {"country_iso": "THA", "city_id": 10921, "log_pop": 3.743922, "log_mass": 6.333073}, {"country_iso": "THA", "city_id": 10715, "log_pop": 2.471956, "log_mass": 5.384352}, {"country_iso": "THA", "city_id": 10715, "log_pop": 4.508476, "log_mass": 6.575482}, {"country_iso": "THA", "city_id": 10822, "log_pop": 2.203828, "log_mass": 4.736709}, {"country_iso": "THA", "city_id": 10952, "log_pop": 3.256155, "log_mass": 5.583806}, {"country_iso": "THA", "city_id": 10715, "log_pop": 2.924581, "log_mass": 5.605898}, {"country_iso": "THA", "city_id": 10916, "log_pop": 3.601111, "log_mass": 6.227465}, {"country_iso": "THA", "city_id": 10715, "log_pop": 2.655077, "log_mass": 4.98614}, {"country_iso": "THA", "city_id": 10715, "log_pop": 2.200715, "log_mass": 4.93103}, {"country_iso": "THA", "city_id": 10894, "log_pop": 1.135192, "log_mass": 4.029457}, {"country_iso": "THA", "city_id": 10715, "log_pop": 3.85669, "log_mass": 6.328563}, {"country_iso": "THA", "city_id": 10715, "log_pop": 4.018637, "log_mass": 6.323359}, {"country_iso": "THA", "city_id": 10968, "log_pop": 2.637969, "log_mass": 5.338165}, {"country_iso": "THA", "city_id": 10916, "log_pop": 1.671502, "log_mass": 4.543607}, {"country_iso": "THA", "city_id": 10715, "log_pop": 4.666627, "log_mass": 6.642484}, {"country_iso": "THA", "city_id": 10715, "log_pop": 4.053417, "log_mass": 6.282526}, {"country_iso": "THA", "city_id": 10715, "log_pop": 4.071221, "log_mass": 6.329166}, {"country_iso": "THA", "city_id": 10715, "log_pop": 4.53148, "log_mass": 6.656724}, {"country_iso": "THA", "city_id": 10830, "log_pop": 3.322795, "log_mass": 5.819425}, {"country_iso": "THA", "city_id": 10715, "log_pop": 2.474217, "log_mass": 5.258011}, {"country_iso": "THA", "city_id": 10715, "log_pop": 4.157107, "log_mass": 6.346486}, {"country_iso": "THA", "city_id": 10715, "log_pop": 2.741469, "log_mass": 5.367024}, {"country_iso": "THA", "city_id": 10715, "log_pop": 4.030736, "log_mass": 6.255136}, {"country_iso": "THA", "city_id": 10916, "log_pop": 4.27383, "log_mass": 6.710587}, {"country_iso": "THA", "city_id": 10921, "log_pop": 3.642438, "log_mass": 6.218083}, {"country_iso": "THA", "city_id": 10836, "log_pop": 3.677826, "log_mass": 6.32115}, {"country_iso": "THA", "city_id": 10715, "log_pop": 4.075342, "log_mass": 6.417131}, {"country_iso": "THA", "city_id": 10968, "log_pop": 3.529719, "log_mass": 6.125271}, {"country_iso": "THA", "city_id": 10715, "log_pop": 3.555311, "log_mass": 6.247111}, {"country_iso": "THA", "city_id": 10916, "log_pop": 3.209848, "log_mass": 5.831226}, {"country_iso": "THA", "city_id": 10715, "log_pop": 3.226735, "log_mass": 5.64908}, {"country_iso": "THA", "city_id": 10715, "log_pop": 4.826113, "log_mass": 6.800827}, {"country_iso": "THA", "city_id": 10836, "log_pop": 2.965314, "log_mass": 5.767255}, {"country_iso": "THA", "city_id": 10680, "log_pop": 3.385299, "log_mass": 5.902333}, {"country_iso": "THA", "city_id": 10385, "log_pop": 3.314065, "log_mass": 5.962158}, {"country_iso": "THA", "city_id": 10715, "log_pop": 4.127185, "log_mass": 6.364528}, {"country_iso": "THA", "city_id": 10894, "log_pop": 3.637309, "log_mass": 6.177427}, {"country_iso": "THA", "city_id": 10715, "log_pop": 3.344935, "log_mass": 5.680433}, {"country_iso": "THA", "city_id": 10715, "log_pop": 4.236836, "log_mass": 6.306653}, {"country_iso": "THA", "city_id": 10720, "log_pop": 4.081638, "log_mass": 6.475071}, {"country_iso": "THA", "city_id": 10715, "log_pop": 3.99844, "log_mass": 6.280455}, {"country_iso": "THA", "city_id": 10715, "log_pop": 4.082007, "log_mass": 6.431547}, {"country_iso": "THA", "city_id": 10934, "log_pop": 3.306527, "log_mass": 5.664631}, {"country_iso": "THA", "city_id": 10715, "log_pop": 3.635404, "log_mass": 5.727045}, {"country_iso": "THA", "city_id": 10715, "log_pop": 4.525849, "log_mass": 6.441562}, {"country_iso": "THA", "city_id": 10715, "log_pop": 4.194654, "log_mass": 6.385266}, {"country_iso": "THA", "city_id": 10830, "log_pop": 3.794892, "log_mass": 6.517501}, {"country_iso": "THA", "city_id": 10822, "log_pop": 1.444149, "log_mass": 4.211127}, {"country_iso": "THA", "city_id": 10385, "log_pop": 2.40365, "log_mass": 4.917509}, {"country_iso": "THA", "city_id": 10715, "log_pop": 4.535351, "log_mass": 6.608485}, {"country_iso": "THA", "city_id": 10715, "log_pop": 4.377503, "log_mass": 6.570834}, {"country_iso": "THA", "city_id": 10822, "log_pop": 3.293386, "log_mass": 5.831132}, {"country_iso": "THA", "city_id": 10680, "log_pop": 3.159073, "log_mass": 5.729164}, {"country_iso": "THA", "city_id": 10952, "log_pop": 4.384432, "log_mass": 6.500767}, {"country_iso": "THA", "city_id": 10715, "log_pop": 4.261816, "log_mass": 6.442128}, {"country_iso": "THA", "city_id": 10715, "log_pop": 4.45178, "log_mass": 6.532101}, {"country_iso": "THA", "city_id": 10830, "log_pop": 1.993968, "log_mass": 4.479757}, {"country_iso": "THA", "city_id": 10715, "log_pop": 4.32644, "log_mass": 6.439985}, {"country_iso": "THA", "city_id": 10680, "log_pop": 1.80635, "log_mass": 4.502809}, {"country_iso": "THA", "city_id": 10715, "log_pop": 3.819445, "log_mass": 6.279572}, {"country_iso": "THA", "city_id": 10822, "log_pop": 2.122768, "log_mass": 4.684897}, {"country_iso": "THA", "city_id": 10715, "log_pop": 4.049551, "log_mass": 6.278679}, {"country_iso": "THA", "city_id": 10715, "log_pop": 4.314053, "log_mass": 6.444068}, {"country_iso": "THA", "city_id": 10627, "log_pop": 3.72166, "log_mass": 5.882604}, {"country_iso": "THA", "city_id": 10822, "log_pop": 3.218195, "log_mass": 5.786751}, {"country_iso": "THA", "city_id": 10916, "log_pop": 2.958044, "log_mass": 5.731526}, {"country_iso": "THA", "city_id": 10715, "log_pop": 2.622247, "log_mass": 5.153496}, {"country_iso": "THA", "city_id": 10968, "log_pop": 3.157713, "log_mass": 5.828917}, {"country_iso": "THA", "city_id": 10822, "log_pop": 3.50597, "log_mass": 5.954101}, {"country_iso": "THA", "city_id": 10715, "log_pop": 4.931996, "log_mass": 6.848683}, {"country_iso": "THA", "city_id": 10822, "log_pop": 3.943429, "log_mass": 6.432843}, {"country_iso": "THA", "city_id": 10934, "log_pop": 3.650572, "log_mass": 5.952939}, {"country_iso": "THA", "city_id": 10385, "log_pop": 3.160852, "log_mass": 5.828488}, {"country_iso": "THA", "city_id": 10822, "log_pop": 3.812672, "log_mass": 6.355757}, {"country_iso": "THA", "city_id": 10680, "log_pop": 3.773993, "log_mass": 6.207699}, {"country_iso": "THA", "city_id": 10715, "log_pop": 4.020814, "log_mass": 6.351252}, {"country_iso": "THA", "city_id": 10715, "log_pop": 4.128271, "log_mass": 6.389216}, {"country_iso": "THA", "city_id": 10831, "log_pop": 3.352124, "log_mass": 5.870394}, {"country_iso": "THA", "city_id": 10627, "log_pop": 2.492352, "log_mass": 4.652286}, {"country_iso": "THA", "city_id": 10715, "log_pop": 4.09853, "log_mass": 6.126782}, {"country_iso": "THA", "city_id": 10715, "log_pop": 3.327402, "log_mass": 5.766779}, {"country_iso": "THA", "city_id": 10734, "log_pop": 3.527005, "log_mass": 5.878613}, {"country_iso": "THA", "city_id": 10627, "log_pop": 4.18485, "log_mass": 6.352305}, {"country_iso": "THA", "city_id": 10715, "log_pop": 1.711416, "log_mass": 4.452747}, {"country_iso": "THA", "city_id": 10715, "log_pop": 4.057188, "log_mass": 6.283686}, {"country_iso": "THA", "city_id": 10715, "log_pop": 4.386877, "log_mass": 6.57155}, {"country_iso": "THA", "city_id": 10822, "log_pop": 2.238421, "log_mass": 5.215969}, {"country_iso": "THA", "city_id": 10715, "log_pop": 3.333393, "log_mass": 6.067164}, {"country_iso": "THA", "city_id": 10715, "log_pop": 3.749404, "log_mass": 6.135433}, {"country_iso": "THA", "city_id": 10715, "log_pop": 3.447846, "log_mass": 5.811582}, {"country_iso": "THA", "city_id": 10952, "log_pop": 3.367401, "log_mass": 5.537315}, {"country_iso": "THA", "city_id": 10680, "log_pop": 2.452507, "log_mass": 4.968349}, {"country_iso": "THA", "city_id": 10597, "log_pop": 3.626785, "log_mass": 6.27685}, {"country_iso": "THA", "city_id": 10715, "log_pop": 4.003519, "log_mass": 6.391391}, {"country_iso": "THA", "city_id": 10734, "log_pop": 1.504319, "log_mass": 4.121948}, {"country_iso": "THA", "city_id": 10720, "log_pop": 3.83851, "log_mass": 6.18137}, {"country_iso": "THA", "city_id": 10715, "log_pop": 4.178014, "log_mass": 6.308786}, {"country_iso": "THA", "city_id": 10916, "log_pop": 1.936272, "log_mass": 4.677661}, {"country_iso": "THA", "city_id": 10715, "log_pop": 4.0982, "log_mass": 6.552165}, {"country_iso": "THA", "city_id": 11324, "log_pop": 3.10884, "log_mass": 5.978782}, {"country_iso": "THA", "city_id": 10715, "log_pop": 4.802263, "log_mass": 6.719061}, {"country_iso": "THA", "city_id": 10720, "log_pop": 2.2188, "log_mass": 4.69307}, {"country_iso": "THA", "city_id": 10715, "log_pop": 4.078369, "log_mass": 6.330334}, {"country_iso": "THA", "city_id": 10627, "log_pop": 3.894144, "log_mass": 5.901199}, {"country_iso": "THA", "city_id": 10715, "log_pop": 4.018253, "log_mass": 6.237262}, {"country_iso": "THA", "city_id": 10720, "log_pop": 4.027043, "log_mass": 6.369841}, {"country_iso": "THA", "city_id": 10715, "log_pop": 3.694148, "log_mass": 6.20936}, {"country_iso": "THA", "city_id": 10715, "log_pop": 3.658887, "log_mass": 6.157263}, {"country_iso": "THA", "city_id": 10715, "log_pop": 4.009303, "log_mass": 6.247315}, {"country_iso": "THA", "city_id": 10822, "log_pop": 4.055741, "log_mass": 6.455219}, {"country_iso": "THA", "city_id": 10715, "log_pop": 1.942561, "log_mass": 4.737962}, {"country_iso": "THA", "city_id": 10715, "log_pop": 4.486946, "log_mass": 6.676556}, {"country_iso": "THA", "city_id": 10831, "log_pop": 4.180599, "log_mass": 6.532031}, {"country_iso": "THA", "city_id": 10715, "log_pop": 3.807645, "log_mass": 6.361706}, {"country_iso": "THA", "city_id": 10822, "log_pop": 4.17593, "log_mass": 6.570488}, {"country_iso": "THA", "city_id": 10877, "log_pop": 3.401715, "log_mass": 6.028115}, {"country_iso": "THA", "city_id": 10877, "log_pop": 3.060169, "log_mass": 5.929401}, {"country_iso": "THA", "city_id": 10715, "log_pop": 4.401182, "log_mass": 6.609802}, {"country_iso": "THA", "city_id": 10877, "log_pop": 2.209907, "log_mass": 4.766477}, {"country_iso": "THA", "city_id": 10715, "log_pop": 4.65934, "log_mass": 6.713121}, {"country_iso": "THA", "city_id": 10822, "log_pop": 4.412703, "log_mass": 6.596861}, {"country_iso": "THA", "city_id": 10715, "log_pop": 3.95856, "log_mass": 6.167941}, {"country_iso": "THA", "city_id": 10715, "log_pop": 4.476398, "log_mass": 6.641054}, {"country_iso": "THA", "city_id": 10921, "log_pop": 3.032214, "log_mass": 5.696945}, {"country_iso": "THA", "city_id": 10715, "log_pop": 4.668476, "log_mass": 6.71461}, {"country_iso": "THA", "city_id": 10715, "log_pop": 4.204761, "log_mass": 6.397945}, {"country_iso": "THA", "city_id": 10715, "log_pop": 4.327826, "log_mass": 6.606819}, {"country_iso": "THA", "city_id": 10715, "log_pop": 3.852431, "log_mass": 6.234616}, {"country_iso": "THA", "city_id": 10715, "log_pop": 4.134823, "log_mass": 6.327649}, {"country_iso": "THA", "city_id": 10822, "log_pop": 3.420622, "log_mass": 6.062875}, {"country_iso": "THA", "city_id": 10715, "log_pop": 2.583546, "log_mass": 5.186542}, {"country_iso": "THA", "city_id": 10894, "log_pop": 2.216627, "log_mass": 5.15302}, {"country_iso": "THA", "city_id": 10715, "log_pop": 3.587998, "log_mass": 5.826178}, {"country_iso": "THA", "city_id": 10715, "log_pop": 1.845761, "log_mass": 4.288897}, {"country_iso": "THA", "city_id": 10830, "log_pop": 2.68387, "log_mass": 5.514844}, {"country_iso": "THA", "city_id": 10385, "log_pop": 4.50731, "log_mass": 6.765918}, {"country_iso": "THA", "city_id": 10715, "log_pop": 4.515871, "log_mass": 6.647619}, {"country_iso": "THA", "city_id": 10715, "log_pop": 4.158186, "log_mass": 6.546453}, {"country_iso": "THA", "city_id": 10627, "log_pop": 1.817148, "log_mass": 4.238247}, {"country_iso": "THA", "city_id": 10830, "log_pop": 3.531682, "log_mass": 6.036741}, {"country_iso": "THA", "city_id": 10715, "log_pop": 4.505686, "log_mass": 6.593902}, {"country_iso": "THA", "city_id": 10385, "log_pop": 3.781011, "log_mass": 6.144913}, {"country_iso": "THA", "city_id": 10715, "log_pop": 3.443432, "log_mass": 5.700273}, {"country_iso": "THA", "city_id": 10720, "log_pop": 3.801441, "log_mass": 6.265596}, {"country_iso": "THA", "city_id": 10877, "log_pop": 1.233999, "log_mass": 4.034134}, {"country_iso": "THA", "city_id": 10715, "log_pop": 4.096433, "log_mass": 6.412992}, {"country_iso": "THA", "city_id": 10715, "log_pop": 4.613377, "log_mass": 6.601548}, {"country_iso": "THA", "city_id": 10715, "log_pop": 4.663321, "log_mass": 6.597468}, {"country_iso": "THA", "city_id": 10715, "log_pop": 4.038542, "log_mass": 6.40183}, {"country_iso": "THA", "city_id": 10385, "log_pop": 3.558577, "log_mass": 6.161642}, {"country_iso": "THA", "city_id": 10715, "log_pop": 3.567, "log_mass": 5.925328}, {"country_iso": "THA", "city_id": 10715, "log_pop": 4.804623, "log_mass": 6.794981}, {"country_iso": "THA", "city_id": 10715, "log_pop": 3.867168, "log_mass": 6.315668}, {"country_iso": "THA", "city_id": 10877, "log_pop": 2.585986, "log_mass": 5.364814}, {"country_iso": "THA", "city_id": 10715, "log_pop": 4.088426, "log_mass": 6.347698}, {"country_iso": "THA", "city_id": 10627, "log_pop": 2.527616, "log_mass": 4.578208}, {"country_iso": "THA", "city_id": 10715, "log_pop": 3.261931, "log_mass": 5.546485}, {"country_iso": "THA", "city_id": 10597, "log_pop": 3.826402, "log_mass": 6.243291}, {"country_iso": "THA", "city_id": 10715, "log_pop": 4.339531, "log_mass": 6.548261}, {"country_iso": "THA", "city_id": 10715, "log_pop": 1.892935, "log_mass": 4.41074}, {"country_iso": "THA", "city_id": 10715, "log_pop": 4.055743, "log_mass": 6.458822}, {"country_iso": "THA", "city_id": 10715, "log_pop": 3.689865, "log_mass": 6.184363}, {"country_iso": "THA", "city_id": 10921, "log_pop": 3.139822, "log_mass": 5.862939}, {"country_iso": "THA", "city_id": 10916, "log_pop": 3.869222, "log_mass": 6.392268}, {"country_iso": "THA", "city_id": 10715, "log_pop": 3.25661, "log_mass": 5.968502}, {"country_iso": "THA", "city_id": 10715, "log_pop": 4.258503, "log_mass": 6.315545}, {"country_iso": "THA", "city_id": 10921, "log_pop": 4.192227, "log_mass": 6.555349}, {"country_iso": "THA", "city_id": 10715, "log_pop": 3.329671, "log_mass": 5.79303}, {"country_iso": "THA", "city_id": 10715, "log_pop": 2.879721, "log_mass": 5.195558}, {"country_iso": "THA", "city_id": 10715, "log_pop": 4.302003, "log_mass": 6.452357}, {"country_iso": "THA", "city_id": 10680, "log_pop": 2.358734, "log_mass": 4.986538}, {"country_iso": "THA", "city_id": 10830, "log_pop": 4.02488, "log_mass": 6.469205}, {"country_iso": "THA", "city_id": 10715, "log_pop": 4.604573, "log_mass": 6.599877}, {"country_iso": "THA", "city_id": 10934, "log_pop": 3.348947, "log_mass": 5.78178}, {"country_iso": "THA", "city_id": 10715, "log_pop": 4.24866, "log_mass": 6.414412}, {"country_iso": "THA", "city_id": 10715, "log_pop": 4.450562, "log_mass": 6.518995}, {"country_iso": "THA", "city_id": 10894, "log_pop": 3.670815, "log_mass": 6.14355}, {"country_iso": "THA", "city_id": 10715, "log_pop": 3.76991, "log_mass": 5.993382}, {"country_iso": "THA", "city_id": 10934, "log_pop": 3.102788, "log_mass": 5.660183}, {"country_iso": "THA", "city_id": 10715, "log_pop": 4.042889, "log_mass": 6.358845}, {"country_iso": "THA", "city_id": 10831, "log_pop": 0.62734, "log_mass": 3.011155}, {"country_iso": "THA", "city_id": 10715, "log_pop": 3.946311, "log_mass": 6.203748}, {"country_iso": "THA", "city_id": 10715, "log_pop": 4.79164, "log_mass": 6.803287}, {"country_iso": "THA", "city_id": 10836, "log_pop": 1.932839, "log_mass": 4.839768}, {"country_iso": "THA", "city_id": 10822, "log_pop": 4.014926, "log_mass": 6.448648}, {"country_iso": "THA", "city_id": 10715, "log_pop": 4.218439, "log_mass": 6.482594}, {"country_iso": "THA", "city_id": 10627, "log_pop": 3.619846, "log_mass": 5.857609}, {"country_iso": "THA", "city_id": 10715, "log_pop": 4.580473, "log_mass": 6.722317}, {"country_iso": "THA", "city_id": 10715, "log_pop": 3.719559, "log_mass": 6.027802}, {"country_iso": "THA", "city_id": 10715, "log_pop": 3.353648, "log_mass": 5.945145}, {"country_iso": "THA", "city_id": 10715, "log_pop": 3.904448, "log_mass": 6.248921}, {"country_iso": "THA", "city_id": 10715, "log_pop": 4.179401, "log_mass": 6.479459}, {"country_iso": "THA", "city_id": 10715, "log_pop": 3.818381, "log_mass": 6.301072}, {"country_iso": "THA", "city_id": 10715, "log_pop": 3.474698, "log_mass": 5.558768}, {"country_iso": "THA", "city_id": 10715, "log_pop": 3.344405, "log_mass": 5.88426}, {"country_iso": "THA", "city_id": 10715, "log_pop": 3.627837, "log_mass": 6.250605}, {"country_iso": "THA", "city_id": 10715, "log_pop": 1.697105, "log_mass": 4.336394}, {"country_iso": "THA", "city_id": 10830, "log_pop": 2.830943, "log_mass": 5.568275}, {"country_iso": "THA", "city_id": 10715, "log_pop": 4.548657, "log_mass": 6.668547}, {"country_iso": "THA", "city_id": 10934, "log_pop": 2.897775, "log_mass": 5.392853}, {"country_iso": "THA", "city_id": 10715, "log_pop": 2.388214, "log_mass": 4.835399}, {"country_iso": "THA", "city_id": 10934, "log_pop": 2.666068, "log_mass": 5.101964}, {"country_iso": "THA", "city_id": 10836, "log_pop": 3.416966, "log_mass": 5.953727}, {"country_iso": "THA", "city_id": 10385, "log_pop": 4.086512, "log_mass": 6.453848}, {"country_iso": "THA", "city_id": 10715, "log_pop": 4.001589, "log_mass": 6.410482}, {"country_iso": "THA", "city_id": 10385, "log_pop": 3.9376, "log_mass": 6.33542}, {"country_iso": "THA", "city_id": 10715, "log_pop": 4.548054, "log_mass": 6.748411}, {"country_iso": "THA", "city_id": 10715, "log_pop": 3.950025, "log_mass": 6.445739}, {"country_iso": "THA", "city_id": 10715, "log_pop": 3.791716, "log_mass": 6.06709}, {"country_iso": "THA", "city_id": 10715, "log_pop": 3.796692, "log_mass": 5.94887}, {"country_iso": "THA", "city_id": 10715, "log_pop": 3.241157, "log_mass": 5.723955}, {"country_iso": "THA", "city_id": 10968, "log_pop": 1.877517, "log_mass": 5.006728}, {"country_iso": "THA", "city_id": 10627, "log_pop": 2.355228, "log_mass": 4.915923}, {"country_iso": "THA", "city_id": 10894, "log_pop": 3.589123, "log_mass": 6.296828}, {"country_iso": "THA", "city_id": 10385, "log_pop": 2.983466, "log_mass": 5.819795}, {"country_iso": "THA", "city_id": 10385, "log_pop": 4.158242, "log_mass": 6.651718}, {"country_iso": "THA", "city_id": 10715, "log_pop": 3.913246, "log_mass": 6.404135}, {"country_iso": "THA", "city_id": 10836, "log_pop": 3.98325, "log_mass": 6.483435}, {"country_iso": "THA", "city_id": 10715, "log_pop": 4.918594, "log_mass": 6.826444}, {"country_iso": "THA", "city_id": 10385, "log_pop": 3.649765, "log_mass": 6.085827}]