[{"country_iso":"SEN","city_id":1452,"log_pop":4.3035087651,"log_mass":6.0267855699},{"country_iso":"SEN","city_id":1452,"log_pop":4.3035547217,"log_mass":6.1389106635},{"country_iso":"SEN","city_id":1452,"log_pop":4.8143272337,"log_mass":6.2527566436},{"country_iso":"SEN","city_id":1452,"log_pop":4.7893670664,"log_mass":6.3036576642},{"country_iso":"SEN","city_id":1452,"log_pop":4.8677444537,"log_mass":6.3021358802},{"country_iso":"SEN","city_id":1452,"log_pop":3.5352804289,"log_mass":4.874590965},{"country_iso":"SEN","city_id":1452,"log_pop":4.621796686,"log_mass":6.3684596112},{"country_iso":"SEN","city_id":1452,"log_pop":3.7323249782,"log_mass":5.3875531599},{"country_iso":"SEN","city_id":1452,"log_pop":5.0289275129,"log_mass":6.5883544606},{"country_iso":"SEN","city_id":1452,"log_pop":3.807046944,"log_mass":5.8842606276},{"country_iso":"SEN","city_id":1452,"log_pop":3.530784854,"log_mass":5.7407001582},{"country_iso":"SEN","city_id":1452,"log_pop":5.038015858,"log_mass":6.4730603703},{"country_iso":"SEN","city_id":1452,"log_pop":4.2781076845,"log_mass":5.6614137106},{"country_iso":"SEN","city_id":1452,"log_pop":4.8261395231,"log_mass":6.522406477},{"country_iso":"SEN","city_id":1452,"log_pop":3.5724401588,"log_mass":5.1948135246},{"country_iso":"SEN","city_id":1452,"log_pop":4.7637607784,"log_mass":6.3899064578},{"country_iso":"SEN","city_id":1452,"log_pop":5.0555517953,"log_mass":6.5869298523},{"country_iso":"SEN","city_id":1452,"log_pop":4.6578297809,"log_mass":6.4685527112},{"country_iso":"SEN","city_id":1452,"log_pop":3.8194887982,"log_mass":5.9695270788},{"country_iso":"SEN","city_id":1452,"log_pop":3.5396241692,"log_mass":5.8201793102},{"country_iso":"SEN","city_id":1452,"log_pop":4.6246719398,"log_mass":6.35189607},{"country_iso":"SEN","city_id":1452,"log_pop":4.6272078805,"log_mass":6.4463065113},{"country_iso":"SEN","city_id":1452,"log_pop":2.9989566148,"log_mass":5.4254371735},{"country_iso":"SEN","city_id":1452,"log_pop":3.6393216959,"log_mass":5.5371340918},{"country_iso":"SEN","city_id":1452,"log_pop":3.6679618431,"log_mass":5.9367775998},{"country_iso":"SEN","city_id":1452,"log_pop":3.6818219473,"log_mass":6.1147182225},{"country_iso":"SEN","city_id":1452,"log_pop":4.2338808049,"log_mass":6.3504451312},{"country_iso":"SEN","city_id":1452,"log_pop":4.2214086449,"log_mass":6.3411744168},{"country_iso":"SEN","city_id":1452,"log_pop":3.5671520314,"log_mass":5.9225436943},{"country_iso":"SEN","city_id":1452,"log_pop":2.4911046221,"log_mass":5.1817565407},{"country_iso":"SEN","city_id":1452,"log_pop":3.9893524919,"log_mass":6.2856066967},{"country_iso":"SEN","city_id":1452,"log_pop":4.3034743149,"log_mass":5.8512771707},{"country_iso":"SEN","city_id":1452,"log_pop":4.7740471471,"log_mass":6.3946725274},{"country_iso":"SEN","city_id":1452,"log_pop":4.3126900518,"log_mass":5.9542522848},{"country_iso":"SEN","city_id":1452,"log_pop":4.9211007613,"log_mass":6.605279688},{"country_iso":"SEN","city_id":1452,"log_pop":3.8590118488,"log_mass":5.5257103714},{"country_iso":"SEN","city_id":1452,"log_pop":3.8611421214,"log_mass":5.4844755035},{"country_iso":"SEN","city_id":1452,"log_pop":4.4924720706,"log_mass":6.2667455614},{"country_iso":"SEN","city_id":1452,"log_pop":4.6885565536,"log_mass":6.4815602548},{"country_iso":"SEN","city_id":1452,"log_pop":3.7149299962,"log_mass":5.518788719},{"country_iso":"SEN","city_id":1452,"log_pop":4.0777002965,"log_mass":5.8570077818},{"country_iso":"SEN","city_id":1452,"log_pop":4.7454532059,"log_mass":6.5975269282},{"country_iso":"SEN","city_id":1452,"log_pop":4.7827208691,"log_mass":6.6699236469},{"country_iso":"SEN","city_id":1452,"log_pop":4.5725370811,"log_mass":6.3554391995},{"country_iso":"SEN","city_id":1452,"log_pop":4.7539430117,"log_mass":6.6157810428},{"country_iso":"SEN","city_id":1452,"log_pop":4.4802905459,"log_mass":6.2359731223},{"country_iso":"SEN","city_id":1452,"log_pop":4.7938263414,"log_mass":6.6547369535},{"country_iso":"SEN","city_id":1452,"log_pop":4.6191455612,"log_mass":6.3708448193},{"country_iso":"SEN","city_id":1452,"log_pop":4.7802438088,"log_mass":6.6000528969},{"country_iso":"SEN","city_id":1452,"log_pop":3.7434251714,"log_mass":5.4587369899},{"country_iso":"SEN","city_id":1452,"log_pop":4.8384290716,"log_mass":6.6574230329},{"country_iso":"SEN","city_id":1452,"log_pop":4.7631965428,"log_mass":6.7131922487},{"country_iso":"SEN","city_id":1452,"log_pop":4.5408103491,"log_mass":6.4115177682},{"country_iso":"SEN","city_id":1452,"log_pop":3.7559140644,"log_mass":5.4923015799},{"country_iso":"SEN","city_id":1452,"log_pop":4.8142213476,"log_mass":6.6510781134},{"country_iso":"SEN","city_id":1452,"log_pop":3.9966044354,"log_mass":5.8556221458},{"country_iso":"SEN","city_id":1452,"log_pop":4.2456975079,"log_mass":5.9773942591},{"country_iso":"SEN","city_id":1452,"log_pop":2.6468711521,"log_mass":4.60811943},{"country_iso":"SEN","city_id":1452,"log_pop":4.5660804074,"log_mass":6.3504914948},{"country_iso":"SEN","city_id":1452,"log_pop":1.59379217,"log_mass":4.1773171814},{"country_iso":"SEN","city_id":1452,"log_pop":1.7344811732,"log_mass":3.937610239},{"country_iso":"SEN","city_id":1452,"log_pop":1.5821670804,"log_mass":4.5249936686},{"country_iso":"SEN","city_id":1452,"log_pop":3.8922178072,"log_mass":6.106202198},{"country_iso":"SEN","city_id":1452,"log_pop":3.6150862615,"log_mass":5.9664099198},{"country_iso":"SEN","city_id":1452,"log_pop":3.3327165736,"log_mass":5.8415931407},{"country_iso":"SEN","city_id":1452,"log_pop":3.0717250802,"log_mass":5.4992120225},{"country_iso":"SEN","city_id":1452,"log_pop":4.1910609464,"log_mass":6.4520429103},{"country_iso":"SEN","city_id":1452,"log_pop":2.7046313168,"log_mass":4.5252322874},{"country_iso":"SEN","city_id":1452,"log_pop":3.7397001799,"log_mass":5.5750751323},{"country_iso":"SEN","city_id":1452,"log_pop":2.4361315344,"log_mass":4.9463301972},{"country_iso":"SEN","city_id":1452,"log_pop":2.1092501234,"log_mass":4.690419427},{"country_iso":"SEN","city_id":1473,"log_pop":3.6611142895,"log_mass":6.1249451768},{"country_iso":"SEN","city_id":1473,"log_pop":4.01925549,"log_mass":6.4862978693},{"country_iso":"SEN","city_id":1473,"log_pop":2.2309011705,"log_mass":4.3618935024},{"country_iso":"SEN","city_id":1473,"log_pop":3.4863613829,"log_mass":5.9880056742},{"country_iso":"SEN","city_id":1473,"log_pop":3.5947036587,"log_mass":6.1834585372},{"country_iso":"SEN","city_id":1473,"log_pop":4.0493160674,"log_mass":6.5324882531},{"country_iso":"SEN","city_id":1473,"log_pop":0.5224541726,"log_mass":4.3953615251},{"country_iso":"SEN","city_id":1473,"log_pop":3.255064736,"log_mass":5.7051208708},{"country_iso":"SEN","city_id":1473,"log_pop":3.9462650379,"log_mass":6.3634268757},{"country_iso":"SEN","city_id":1473,"log_pop":1.9946342162,"log_mass":4.8523579525},{"country_iso":"SEN","city_id":1473,"log_pop":3.9498238064,"log_mass":6.44461922},{"country_iso":"SEN","city_id":1473,"log_pop":2.5846909563,"log_mass":5.2403583226},{"country_iso":"SEN","city_id":1473,"log_pop":3.8891287021,"log_mass":6.2934492422},{"country_iso":"SEN","city_id":1473,"log_pop":2.8886879757,"log_mass":5.1971741379},{"country_iso":"SEN","city_id":1473,"log_pop":2.0117845983,"log_mass":4.3389875154},{"country_iso":"SEN","city_id":1473,"log_pop":2.9896315773,"log_mass":5.2071078323},{"country_iso":"SEN","city_id":1473,"log_pop":1.5621360523,"log_mass":5.087566362},{"country_iso":"SEN","city_id":1473,"log_pop":2.4448647945,"log_mass":5.0577200469},{"country_iso":"SEN","city_id":1473,"log_pop":3.8016689699,"log_mass":6.3012249578},{"country_iso":"SEN","city_id":1473,"log_pop":3.6586935803,"log_mass":6.2055097792},{"country_iso":"SEN","city_id":1473,"log_pop":2.1815963465,"log_mass":4.5697031409},{"country_iso":"SEN","city_id":1473,"log_pop":4.1304125283,"log_mass":6.5838104819},{"country_iso":"SEN","city_id":1473,"log_pop":3.6649659079,"log_mass":6.2374126689},{"country_iso":"SEN","city_id":1473,"log_pop":2.1048155688,"log_mass":4.7810305461},{"country_iso":"SEN","city_id":1473,"log_pop":3.8364145693,"log_mass":6.3383447259},{"country_iso":"SEN","city_id":1473,"log_pop":1.1143815519,"log_mass":3.8980697395},{"country_iso":"SEN","city_id":1473,"log_pop":1.160890238,"log_mass":3.6775572295},{"country_iso":"SEN","city_id":1473,"log_pop":3.5584942672,"log_mass":6.0187172753},{"country_iso":"SEN","city_id":1453,"log_pop":2.4784898652,"log_mass":4.9305819896},{"country_iso":"SEN","city_id":1453,"log_pop":3.3435694547,"log_mass":5.7787918949},{"country_iso":"SEN","city_id":1453,"log_pop":4.1601201175,"log_mass":6.5245482581},{"country_iso":"SEN","city_id":1453,"log_pop":3.5894899105,"log_mass":6.0994072359},{"country_iso":"SEN","city_id":1453,"log_pop":3.1811814691,"log_mass":5.7410301166},{"country_iso":"SEN","city_id":1453,"log_pop":1.7124955591,"log_mass":4.0722944567},{"country_iso":"SEN","city_id":1453,"log_pop":3.2984953482,"log_mass":5.5923986382},{"country_iso":"SEN","city_id":1453,"log_pop":2.5583170501,"log_mass":4.7694793858},{"country_iso":"SEN","city_id":1453,"log_pop":3.0286574013,"log_mass":5.3061551103},{"country_iso":"SEN","city_id":1453,"log_pop":3.3226515468,"log_mass":5.7530848871},{"country_iso":"SEN","city_id":1453,"log_pop":3.1707589826,"log_mass":5.5062078971},{"country_iso":"SEN","city_id":1453,"log_pop":3.6996728853,"log_mass":6.1302264105},{"country_iso":"SEN","city_id":1453,"log_pop":3.3442753725,"log_mass":5.5958827364},{"country_iso":"SEN","city_id":1453,"log_pop":2.5204881386,"log_mass":5.2237902849},{"country_iso":"SEN","city_id":1453,"log_pop":2.6172955813,"log_mass":4.6096000881},{"country_iso":"SEN","city_id":1453,"log_pop":3.2336403444,"log_mass":5.4409724878},{"country_iso":"SEN","city_id":1453,"log_pop":1.7117315456,"log_mass":3.9903950029},{"country_iso":"SEN","city_id":1453,"log_pop":3.5435108356,"log_mass":5.9622123636},{"country_iso":"SEN","city_id":1453,"log_pop":2.6713426204,"log_mass":5.048196632},{"country_iso":"SEN","city_id":1453,"log_pop":1.7536653388,"log_mass":4.3580595856},{"country_iso":"SEN","city_id":1453,"log_pop":2.4807732886,"log_mass":5.2167806984},{"country_iso":"SEN","city_id":1454,"log_pop":3.649727101,"log_mass":6.3116483921},{"country_iso":"SEN","city_id":1454,"log_pop":1.1258054369,"log_mass":5.0024677007},{"country_iso":"SEN","city_id":1454,"log_pop":3.3993316777,"log_mass":5.9929265386},{"country_iso":"SEN","city_id":1454,"log_pop":3.7116532986,"log_mass":6.2681799588},{"country_iso":"SEN","city_id":1454,"log_pop":2.8096008988,"log_mass":5.4435037328},{"country_iso":"SEN","city_id":1454,"log_pop":3.9309528178,"log_mass":6.5030983285},{"country_iso":"SEN","city_id":1454,"log_pop":1.7354837006,"log_mass":4.500811355},{"country_iso":"SEN","city_id":1454,"log_pop":0.7823317659,"log_mass":3.6757478521},{"country_iso":"SEN","city_id":1454,"log_pop":3.561814706,"log_mass":6.1134510503},{"country_iso":"SEN","city_id":1454,"log_pop":3.4002653096,"log_mass":6.0789888583},{"country_iso":"SEN","city_id":1454,"log_pop":1.4161347199,"log_mass":4.1631592846},{"country_iso":"SEN","city_id":1454,"log_pop":2.3455392473,"log_mass":4.9259539941},{"country_iso":"SEN","city_id":1454,"log_pop":3.8409416888,"log_mass":6.3875054369},{"country_iso":"SEN","city_id":1454,"log_pop":3.0407865875,"log_mass":5.6027281618},{"country_iso":"SEN","city_id":1454,"log_pop":2.1753668825,"log_mass":4.9944064594},{"country_iso":"SEN","city_id":1467,"log_pop":3.8449958917,"log_mass":6.1794058103},{"country_iso":"SEN","city_id":1467,"log_pop":2.4753684812,"log_mass":4.6779710247},{"country_iso":"SEN","city_id":1467,"log_pop":2.1770599374,"log_mass":4.5029540528},{"country_iso":"SEN","city_id":1467,"log_pop":3.8464149754,"log_mass":6.2429241181},{"country_iso":"SEN","city_id":1467,"log_pop":1.6224754541,"log_mass":4.78535311},{"country_iso":"SEN","city_id":1467,"log_pop":4.0666395847,"log_mass":6.3590272032},{"country_iso":"SEN","city_id":1467,"log_pop":2.1114675654,"log_mass":4.4249713738},{"country_iso":"SEN","city_id":1467,"log_pop":3.1687699348,"log_mass":5.6597902307},{"country_iso":"SEN","city_id":1467,"log_pop":1.8187231997,"log_mass":4.7014690709},{"country_iso":"SEN","city_id":1467,"log_pop":3.8521982277,"log_mass":6.2743639915},{"country_iso":"SEN","city_id":1467,"log_pop":2.9935487991,"log_mass":5.5191817657},{"country_iso":"SEN","city_id":1467,"log_pop":1.9122861389,"log_mass":4.4520811048},{"country_iso":"SEN","city_id":1463,"log_pop":3.3238526536,"log_mass":5.8181880681},{"country_iso":"SEN","city_id":1463,"log_pop":2.8036547912,"log_mass":5.512673368},{"country_iso":"SEN","city_id":1463,"log_pop":1.5739430367,"log_mass":4.4697304575},{"country_iso":"SEN","city_id":1463,"log_pop":3.6558340916,"log_mass":6.3012304579},{"country_iso":"SEN","city_id":1463,"log_pop":3.2332973675,"log_mass":5.851467925},{"country_iso":"SEN","city_id":1463,"log_pop":2.8831305963,"log_mass":5.4935936871},{"country_iso":"SEN","city_id":1463,"log_pop":2.6895981707,"log_mass":5.3454553955},{"country_iso":"SEN","city_id":1463,"log_pop":3.9140417008,"log_mass":6.398118208},{"country_iso":"SEN","city_id":1463,"log_pop":3.837910908,"log_mass":6.4515717909},{"country_iso":"SEN","city_id":1463,"log_pop":3.5157172918,"log_mass":6.0870442107},{"country_iso":"SEN","city_id":1461,"log_pop":2.4271628732,"log_mass":4.6595735427},{"country_iso":"SEN","city_id":1461,"log_pop":3.4581757931,"log_mass":5.6385123811},{"country_iso":"SEN","city_id":1461,"log_pop":3.6182500856,"log_mass":5.5754127093},{"country_iso":"SEN","city_id":1461,"log_pop":4.144479232,"log_mass":6.1576547093},{"country_iso":"SEN","city_id":1461,"log_pop":3.2483286242,"log_mass":5.5025942438},{"country_iso":"SEN","city_id":1461,"log_pop":3.2121412984,"log_mass":5.5041361495},{"country_iso":"SEN","city_id":1461,"log_pop":3.86955598,"log_mass":5.9698458858},{"country_iso":"SEN","city_id":1461,"log_pop":3.8394356936,"log_mass":6.143260925},{"country_iso":"SEN","city_id":1461,"log_pop":3.7225146154,"log_mass":5.8923249272},{"country_iso":"SEN","city_id":1506,"log_pop":0.5614099635,"log_mass":4.5494891287},{"country_iso":"SEN","city_id":1506,"log_pop":2.4010955198,"log_mass":5.5967202776},{"country_iso":"SEN","city_id":1506,"log_pop":1.1636937489,"log_mass":4.6883362716},{"country_iso":"SEN","city_id":1506,"log_pop":0.9882879756,"log_mass":4.9189110344},{"country_iso":"SEN","city_id":1506,"log_pop":2.7360053188,"log_mass":5.9446966074},{"country_iso":"SEN","city_id":1506,"log_pop":3.0040070288,"log_mass":6.22963143},{"country_iso":"SEN","city_id":1506,"log_pop":2.8210098363,"log_mass":6.0409037008},{"country_iso":"SEN","city_id":1506,"log_pop":2.2340036926,"log_mass":5.2766938213},{"country_iso":"SEN","city_id":1465,"log_pop":1.5766412064,"log_mass":4.6410224429},{"country_iso":"SEN","city_id":1465,"log_pop":3.5138790144,"log_mass":6.1562097763},{"country_iso":"SEN","city_id":1465,"log_pop":3.6729193148,"log_mass":6.2765661056},{"country_iso":"SEN","city_id":1465,"log_pop":2.6091527713,"log_mass":5.0921960994},{"country_iso":"SEN","city_id":1465,"log_pop":1.3182075957,"log_mass":4.4017998388},{"country_iso":"SEN","city_id":1465,"log_pop":3.2018376892,"log_mass":5.8018638777},{"country_iso":"SEN","city_id":1465,"log_pop":2.1542304641,"log_mass":4.815482113},{"country_iso":"SEN","city_id":1465,"log_pop":2.5109666544,"log_mass":5.1213968702},{"country_iso":"SEN","city_id":1489,"log_pop":3.5543930391,"log_mass":6.3144309515},{"country_iso":"SEN","city_id":1489,"log_pop":2.6098903031,"log_mass":5.396179529},{"country_iso":"SEN","city_id":1489,"log_pop":2.0178076548,"log_mass":4.8690752859},{"country_iso":"SEN","city_id":1489,"log_pop":2.5718870329,"log_mass":5.4354622351},{"country_iso":"SEN","city_id":1489,"log_pop":2.6083667796,"log_mass":5.3610948851},{"country_iso":"SEN","city_id":1489,"log_pop":2.9386427721,"log_mass":5.7427535918},{"country_iso":"SEN","city_id":1489,"log_pop":1.6154799524,"log_mass":4.3580189614},{"country_iso":"SEN","city_id":1464,"log_pop":1.7332952436,"log_mass":4.9960694757},{"country_iso":"SEN","city_id":1464,"log_pop":2.0794732374,"log_mass":5.3987648703},{"country_iso":"SEN","city_id":1464,"log_pop":-1.0017367886,"log_mass":3.9379530886},{"country_iso":"SEN","city_id":1464,"log_pop":1.6385534205,"log_mass":4.8639895659},{"country_iso":"SEN","city_id":1464,"log_pop":1.535829921,"log_mass":4.8108526706},{"country_iso":"SEN","city_id":1464,"log_pop":1.8250248711,"log_mass":5.205302979},{"country_iso":"SEN","city_id":1464,"log_pop":2.9795546194,"log_mass":6.3161342086},{"country_iso":"SEN","city_id":1482,"log_pop":1.9122581385,"log_mass":4.7291406587},{"country_iso":"SEN","city_id":1482,"log_pop":0.535987248,"log_mass":3.2600767332},{"country_iso":"SEN","city_id":1482,"log_pop":0.1509078322,"log_mass":3.0580015078},{"country_iso":"SEN","city_id":1482,"log_pop":2.9749026717,"log_mass":5.7558525033},{"country_iso":"SEN","city_id":1482,"log_pop":3.0506406248,"log_mass":5.7645873005},{"country_iso":"SEN","city_id":1482,"log_pop":3.1574856298,"log_mass":5.883398345},{"country_iso":"SEN","city_id":1456,"log_pop":1.328983332,"log_mass":4.1968634489},{"country_iso":"SEN","city_id":1456,"log_pop":3.1095989072,"log_mass":6.0928544755},{"country_iso":"SEN","city_id":1456,"log_pop":2.7225326643,"log_mass":5.6166073712},{"country_iso":"SEN","city_id":1456,"log_pop":0.1331249927,"log_mass":4.0968079463},{"country_iso":"SEN","city_id":1456,"log_pop":3.0257094088,"log_mass":5.9658005748},{"country_iso":"SEN","city_id":1466,"log_pop":3.2586254145,"log_mass":6.1636285046},{"country_iso":"SEN","city_id":1466,"log_pop":0.9511599107,"log_mass":4.3464640063},{"country_iso":"SEN","city_id":1466,"log_pop":3.2095106799,"log_mass":6.0973971452},{"country_iso":"SEN","city_id":1466,"log_pop":3.0280350745,"log_mass":5.8902819048},{"country_iso":"SEN","city_id":1466,"log_pop":2.5521010798,"log_mass":5.3661546325},{"country_iso":"SEN","city_id":1484,"log_pop":2.9060113138,"log_mass":5.7267909394},{"country_iso":"SEN","city_id":1484,"log_pop":2.8020638906,"log_mass":5.6948052105},{"country_iso":"SEN","city_id":1484,"log_pop":2.4740865519,"log_mass":5.3153315704},{"country_iso":"SEN","city_id":1484,"log_pop":2.3369709035,"log_mass":5.1609376862},{"country_iso":"SEN","city_id":1462,"log_pop":1.6286889698,"log_mass":4.0724224612},{"country_iso":"SEN","city_id":1462,"log_pop":2.5877303681,"log_mass":5.221306052},{"country_iso":"SEN","city_id":1462,"log_pop":1.4634113875,"log_mass":4.0361825329},{"country_iso":"SEN","city_id":1462,"log_pop":2.8551442006,"log_mass":5.4559325493},{"country_iso":"SEN","city_id":1500,"log_pop":2.1333463591,"log_mass":5.1895772118},{"country_iso":"SEN","city_id":1500,"log_pop":1.3085146688,"log_mass":4.7544506977},{"country_iso":"SEN","city_id":1500,"log_pop":-0.1183456834,"log_mass":4.4953993959},{"country_iso":"SEN","city_id":1500,"log_pop":3.0240820059,"log_mass":6.0093446515},{"country_iso":"SEN","city_id":1481,"log_pop":1.3777352416,"log_mass":4.3354079692},{"country_iso":"SEN","city_id":1481,"log_pop":1.5053903604,"log_mass":4.5850467185},{"country_iso":"SEN","city_id":1481,"log_pop":3.108873618,"log_mass":6.1448370252},{"country_iso":"SEN","city_id":1481,"log_pop":1.8249455101,"log_mass":4.8942169599},{"country_iso":"SEN","city_id":1472,"log_pop":1.7381430341,"log_mass":4.7260404291},{"country_iso":"SEN","city_id":1472,"log_pop":2.6924714323,"log_mass":5.6594397195},{"country_iso":"SEN","city_id":1472,"log_pop":1.8312535913,"log_mass":4.801140245},{"country_iso":"SEN","city_id":1460,"log_pop":2.4003579975,"log_mass":4.9965795845},{"country_iso":"SEN","city_id":1460,"log_pop":2.4818600331,"log_mass":5.1023292021},{"country_iso":"SEN","city_id":1460,"log_pop":2.2079037144,"log_mass":4.8136840001},{"country_iso":"SEN","city_id":1504,"log_pop":1.7856355476,"log_mass":5.045600601},{"country_iso":"SEN","city_id":1504,"log_pop":1.5595378765,"log_mass":4.7557375195},{"country_iso":"SEN","city_id":1504,"log_pop":2.3632288084,"log_mass":5.540726525},{"country_iso":"SEN","city_id":1513,"log_pop":1.6046703768,"log_mass":4.4535377003},{"country_iso":"SEN","city_id":1513,"log_pop":0.6158347909,"log_mass":3.3840662903},{"country_iso":"SEN","city_id":1513,"log_pop":2.6692790891,"log_mass":5.6486505053},{"country_iso":"SEN","city_id":1485,"log_pop":1.7419362369,"log_mass":5.1023388363},{"country_iso":"SEN","city_id":1485,"log_pop":1.6979032104,"log_mass":5.2322319004},{"country_iso":"SEN","city_id":1485,"log_pop":2.4660106114,"log_mass":5.7254117195},{"country_iso":"SEN","city_id":1471,"log_pop":0.6473679957,"log_mass":4.8900250967},{"country_iso":"SEN","city_id":1471,"log_pop":1.6418902867,"log_mass":4.6076323025},{"country_iso":"SEN","city_id":1471,"log_pop":1.764100392,"log_mass":4.6971783759},{"country_iso":"SEN","city_id":1468,"log_pop":2.6086135501,"log_mass":5.4093074541},{"country_iso":"SEN","city_id":1468,"log_pop":1.5027614305,"log_mass":4.4017596679},{"country_iso":"SEN","city_id":1468,"log_pop":2.2945964673,"log_mass":5.1331130654},{"country_iso":"SEN","city_id":1487,"log_pop":2.60853919,"log_mass":5.6328060268},{"country_iso":"SEN","city_id":1487,"log_pop":2.3488081123,"log_mass":5.4246788879},{"country_iso":"SEN","city_id":1487,"log_pop":1.6221314838,"log_mass":4.6569945197},{"country_iso":"SEN","city_id":1490,"log_pop":1.4503681517,"log_mass":4.185242027},{"country_iso":"SEN","city_id":1490,"log_pop":2.7150318829,"log_mass":5.4499754899},{"country_iso":"SEN","city_id":1490,"log_pop":2.5919768478,"log_mass":5.2630947655},{"country_iso":"SEN","city_id":1470,"log_pop":2.6686154166,"log_mass":5.6394921673},{"country_iso":"SEN","city_id":1470,"log_pop":1.282110987,"log_mass":4.7537232262},{"country_iso":"SEN","city_id":1476,"log_pop":1.3905960479,"log_mass":4.2572623854},{"country_iso":"SEN","city_id":1476,"log_pop":2.8924805119,"log_mass":5.5635213977},{"country_iso":"SEN","city_id":1491,"log_pop":1.910021547,"log_mass":5.180845743},{"country_iso":"SEN","city_id":1491,"log_pop":2.7164357973,"log_mass":5.8275199261},{"country_iso":"SEN","city_id":1496,"log_pop":1.8390189138,"log_mass":4.9318300765},{"country_iso":"SEN","city_id":1496,"log_pop":1.3221475602,"log_mass":4.474723238},{"country_iso":"SEN","city_id":1469,"log_pop":1.9903028065,"log_mass":5.0694254855}]