[{"country_iso":"MNG","city_id":9602,"log_pop":2.8419401233,"log_mass":5.450393046},{"country_iso":"MNG","city_id":9602,"log_pop":3.9946842877,"log_mass":6.6158930523},{"country_iso":"MNG","city_id":9602,"log_pop":3.9723120434,"log_mass":6.6840204488},{"country_iso":"MNG","city_id":9602,"log_pop":3.9006429215,"log_mass":6.6240185464},{"country_iso":"MNG","city_id":9602,"log_pop":3.8191029617,"log_mass":6.41271794},{"country_iso":"MNG","city_id":9602,"log_pop":3.60607135,"log_mass":6.1898831258},{"country_iso":"MNG","city_id":9602,"log_pop":1.3435034951,"log_mass":4.2991161688},{"country_iso":"MNG","city_id":9602,"log_pop":4.1469698538,"log_mass":6.8545527616},{"country_iso":"MNG","city_id":9602,"log_pop":3.4589144978,"log_mass":6.0459067839},{"country_iso":"MNG","city_id":9602,"log_pop":3.060334056,"log_mass":5.6820415879},{"country_iso":"MNG","city_id":9602,"log_pop":1.6182506008,"log_mass":4.3318837838},{"country_iso":"MNG","city_id":9602,"log_pop":3.7688664418,"log_mass":6.3745139504},{"country_iso":"MNG","city_id":9602,"log_pop":2.9712227722,"log_mass":5.3858290542},{"country_iso":"MNG","city_id":9602,"log_pop":3.5748538088,"log_mass":6.1057204608},{"country_iso":"MNG","city_id":9602,"log_pop":1.1613561672,"log_mass":4.0886660038},{"country_iso":"MNG","city_id":9602,"log_pop":3.5134163134,"log_mass":6.0301904577},{"country_iso":"MNG","city_id":9602,"log_pop":3.3003237067,"log_mass":6.2900666268},{"country_iso":"MNG","city_id":9602,"log_pop":3.3863537859,"log_mass":6.0672595967},{"country_iso":"MNG","city_id":9602,"log_pop":2.2073111193,"log_mass":5.3267273925},{"country_iso":"MNG","city_id":9602,"log_pop":4.1684596017,"log_mass":6.79436014},{"country_iso":"MNG","city_id":9602,"log_pop":4.0205977466,"log_mass":6.7646635177},{"country_iso":"MNG","city_id":9602,"log_pop":3.0938773238,"log_mass":5.9692175847},{"country_iso":"MNG","city_id":9602,"log_pop":2.9757790949,"log_mass":5.8463192601},{"country_iso":"MNG","city_id":9602,"log_pop":0.6768847968,"log_mass":4.0221615022},{"country_iso":"MNG","city_id":9602,"log_pop":3.0602366801,"log_mass":5.5410339756},{"country_iso":"MNG","city_id":9602,"log_pop":4.0800010992,"log_mass":6.3802104747},{"country_iso":"MNG","city_id":9602,"log_pop":3.5818316114,"log_mass":5.9265657622},{"country_iso":"MNG","city_id":9602,"log_pop":4.0086733362,"log_mass":6.3820895098},{"country_iso":"MNG","city_id":9602,"log_pop":2.3897853455,"log_mass":4.7333265051},{"country_iso":"MNG","city_id":9602,"log_pop":4.2153198842,"log_mass":6.4476579617},{"country_iso":"MNG","city_id":9602,"log_pop":4.0687678854,"log_mass":6.6633560161},{"country_iso":"MNG","city_id":9602,"log_pop":4.5111748918,"log_mass":6.7178547072},{"country_iso":"MNG","city_id":9602,"log_pop":4.301624726,"log_mass":6.8476018374},{"country_iso":"MNG","city_id":9602,"log_pop":3.3202354326,"log_mass":5.4682695513},{"country_iso":"MNG","city_id":9602,"log_pop":4.1211333429,"log_mass":6.4956464013},{"country_iso":"MNG","city_id":9602,"log_pop":3.8933982824,"log_mass":6.0943707708},{"country_iso":"MNG","city_id":9602,"log_pop":3.6017396683,"log_mass":5.9786960252},{"country_iso":"MNG","city_id":9602,"log_pop":4.1473106383,"log_mass":6.4338857552},{"country_iso":"MNG","city_id":9602,"log_pop":3.6106787604,"log_mass":6.0199449725},{"country_iso":"MNG","city_id":9602,"log_pop":4.1929064665,"log_mass":6.3326101602},{"country_iso":"MNG","city_id":9602,"log_pop":2.2263710344,"log_mass":4.8915530308},{"country_iso":"MNG","city_id":9602,"log_pop":1.844098357,"log_mass":4.4833340202},{"country_iso":"MNG","city_id":9602,"log_pop":4.2464957225,"log_mass":6.4654844619},{"country_iso":"MNG","city_id":9602,"log_pop":4.3051454741,"log_mass":6.6011783343},{"country_iso":"MNG","city_id":9602,"log_pop":3.5488518047,"log_mass":6.0215325391},{"country_iso":"MNG","city_id":9602,"log_pop":2.8495183641,"log_mass":5.7042774815},{"country_iso":"MNG","city_id":9602,"log_pop":4.3275879867,"log_mass":6.604427226},{"country_iso":"MNG","city_id":9602,"log_pop":4.3710709762,"log_mass":6.621423816},{"country_iso":"MNG","city_id":9602,"log_pop":4.4563955878,"log_mass":6.6077753273},{"country_iso":"MNG","city_id":9602,"log_pop":2.9416466711,"log_mass":5.0903836163},{"country_iso":"MNG","city_id":9602,"log_pop":1.488716679,"log_mass":4.197666869},{"country_iso":"MNG","city_id":9602,"log_pop":1.8269270763,"log_mass":4.4124118118},{"country_iso":"MNG","city_id":9602,"log_pop":3.0473586256,"log_mass":5.9537862159},{"country_iso":"MNG","city_id":9602,"log_pop":3.2493580215,"log_mass":5.5376814189},{"country_iso":"MNG","city_id":9602,"log_pop":3.988910686,"log_mass":6.0437517107},{"country_iso":"MNG","city_id":8973,"log_pop":2.8034448546,"log_mass":5.7668351339},{"country_iso":"MNG","city_id":8973,"log_pop":1.0448351956,"log_mass":4.1444408004},{"country_iso":"MNG","city_id":8973,"log_pop":-1.5803296915,"log_mass":1.0108638677},{"country_iso":"MNG","city_id":8973,"log_pop":1.7351978859,"log_mass":4.58619204}]