[{"country_iso":"DNK","city_id":2749,"log_pop":4.0488591256,"log_mass":6.5451846771},{"country_iso":"DNK","city_id":2749,"log_pop":4.4973903345,"log_mass":6.7984961233},{"country_iso":"DNK","city_id":2749,"log_pop":3.4934559937,"log_mass":6.1832256211},{"country_iso":"DNK","city_id":2749,"log_pop":3.8043449354,"log_mass":6.6423084356},{"country_iso":"DNK","city_id":2749,"log_pop":2.6995874251,"log_mass":5.9811552632},{"country_iso":"DNK","city_id":2749,"log_pop":4.5358497515,"log_mass":6.8031103501},{"country_iso":"DNK","city_id":2749,"log_pop":3.1327098164,"log_mass":6.037510681},{"country_iso":"DNK","city_id":2749,"log_pop":4.0733208876,"log_mass":6.696594559},{"country_iso":"DNK","city_id":2749,"log_pop":3.6239691219,"log_mass":6.354706521},{"country_iso":"DNK","city_id":2749,"log_pop":4.1586382416,"log_mass":6.6730443207},{"country_iso":"DNK","city_id":2749,"log_pop":3.6153618811,"log_mass":6.2269728944},{"country_iso":"DNK","city_id":2749,"log_pop":2.1475406218,"log_mass":5.1285646107},{"country_iso":"DNK","city_id":2749,"log_pop":3.4440406668,"log_mass":6.3245693205},{"country_iso":"DNK","city_id":2749,"log_pop":1.314652072,"log_mass":4.7056801849},{"country_iso":"DNK","city_id":2749,"log_pop":4.0796790802,"log_mass":6.669254359},{"country_iso":"DNK","city_id":2749,"log_pop":2.8294155711,"log_mass":5.7141130341},{"country_iso":"DNK","city_id":2749,"log_pop":3.6557785391,"log_mass":6.5577844718},{"country_iso":"DNK","city_id":2749,"log_pop":3.3722236744,"log_mass":6.4469583959},{"country_iso":"DNK","city_id":2749,"log_pop":4.6220891691,"log_mass":6.7722482827},{"country_iso":"DNK","city_id":2749,"log_pop":2.7900305001,"log_mass":5.8252666456},{"country_iso":"DNK","city_id":2749,"log_pop":3.8655816112,"log_mass":6.3645861176},{"country_iso":"DNK","city_id":2749,"log_pop":4.4490480983,"log_mass":6.7009069327},{"country_iso":"DNK","city_id":2749,"log_pop":4.716365937,"log_mass":6.9121567976},{"country_iso":"DNK","city_id":2749,"log_pop":4.4803199717,"log_mass":6.9073616702},{"country_iso":"DNK","city_id":2749,"log_pop":4.3887625102,"log_mass":6.7562091083},{"country_iso":"DNK","city_id":2749,"log_pop":4.5750907074,"log_mass":6.8809257186},{"country_iso":"DNK","city_id":2749,"log_pop":4.4762906079,"log_mass":6.6877684245},{"country_iso":"DNK","city_id":2749,"log_pop":4.8450052257,"log_mass":6.8992453379},{"country_iso":"DNK","city_id":2749,"log_pop":4.4975301274,"log_mass":6.7144012458},{"country_iso":"DNK","city_id":2749,"log_pop":2.4924692423,"log_mass":5.7427947422},{"country_iso":"DNK","city_id":2749,"log_pop":3.6228160167,"log_mass":6.6605851277},{"country_iso":"DNK","city_id":2749,"log_pop":3.0191873163,"log_mass":6.1073674475},{"country_iso":"DNK","city_id":2749,"log_pop":1.7254212994,"log_mass":4.6809623224},{"country_iso":"DNK","city_id":2749,"log_pop":3.2751436081,"log_mass":6.2132691721},{"country_iso":"DNK","city_id":2749,"log_pop":3.7336922556,"log_mass":6.2775644686},{"country_iso":"DNK","city_id":2749,"log_pop":3.6201346662,"log_mass":6.3530729309},{"country_iso":"DNK","city_id":2749,"log_pop":4.0440434164,"log_mass":6.5948102299},{"country_iso":"DNK","city_id":2749,"log_pop":4.0578826741,"log_mass":6.5682876207},{"country_iso":"DNK","city_id":2749,"log_pop":3.9227542147,"log_mass":6.4606742724},{"country_iso":"DNK","city_id":2749,"log_pop":3.612572632,"log_mass":6.28207197},{"country_iso":"DNK","city_id":2749,"log_pop":3.1826458298,"log_mass":5.897511413},{"country_iso":"DNK","city_id":2749,"log_pop":3.9342011124,"log_mass":6.4675495572},{"country_iso":"DNK","city_id":2749,"log_pop":1.5822396513,"log_mass":4.3175233028},{"country_iso":"DNK","city_id":2749,"log_pop":4.0343502542,"log_mass":6.5092221008},{"country_iso":"DNK","city_id":2749,"log_pop":2.9965571879,"log_mass":5.7080321369},{"country_iso":"DNK","city_id":2749,"log_pop":2.5743877167,"log_mass":5.5543285123},{"country_iso":"DNK","city_id":2749,"log_pop":3.601598509,"log_mass":6.1735244414},{"country_iso":"DNK","city_id":2749,"log_pop":3.8451054338,"log_mass":6.5152055663},{"country_iso":"DNK","city_id":2749,"log_pop":3.8386196178,"log_mass":6.5566328388},{"country_iso":"DNK","city_id":2749,"log_pop":3.7305525685,"log_mass":6.4239465627},{"country_iso":"DNK","city_id":2749,"log_pop":3.9453317128,"log_mass":6.679407788},{"country_iso":"DNK","city_id":2749,"log_pop":3.5034964189,"log_mass":6.2687607486},{"country_iso":"DNK","city_id":2749,"log_pop":3.5123268828,"log_mass":6.2742004434},{"country_iso":"DNK","city_id":2749,"log_pop":3.6422934522,"log_mass":6.5215892758},{"country_iso":"DNK","city_id":2749,"log_pop":4.0553787368,"log_mass":6.4776607831},{"country_iso":"DNK","city_id":2749,"log_pop":4.0821402655,"log_mass":6.6167269463},{"country_iso":"DNK","city_id":2749,"log_pop":4.1611231186,"log_mass":6.5547827138},{"country_iso":"DNK","city_id":2749,"log_pop":4.4657856851,"log_mass":6.7552807976},{"country_iso":"DNK","city_id":2749,"log_pop":4.0831985867,"log_mass":6.6271701744},{"country_iso":"DNK","city_id":2749,"log_pop":3.9602052602,"log_mass":6.5244598998},{"country_iso":"DNK","city_id":2749,"log_pop":4.0530884377,"log_mass":6.5633807812},{"country_iso":"DNK","city_id":2749,"log_pop":3.2643549919,"log_mass":5.7919472148},{"country_iso":"DNK","city_id":2749,"log_pop":2.8743680061,"log_mass":5.5977566968},{"country_iso":"DNK","city_id":2749,"log_pop":3.2344458663,"log_mass":5.8704809048},{"country_iso":"DNK","city_id":2749,"log_pop":-0.0527223732,"log_mass":2.8471065197},{"country_iso":"DNK","city_id":2749,"log_pop":2.627913666,"log_mass":5.5264863488},{"country_iso":"DNK","city_id":2749,"log_pop":2.4924111307,"log_mass":5.1029702435},{"country_iso":"DNK","city_id":2749,"log_pop":1.9407608224,"log_mass":4.7869717062},{"country_iso":"DNK","city_id":2749,"log_pop":2.5784370233,"log_mass":5.4634391636},{"country_iso":"DNK","city_id":2749,"log_pop":3.9615664028,"log_mass":6.6525024034},{"country_iso":"DNK","city_id":2749,"log_pop":3.7177516374,"log_mass":6.6570788118},{"country_iso":"DNK","city_id":2749,"log_pop":3.0783276643,"log_mass":5.9161975262},{"country_iso":"DNK","city_id":2749,"log_pop":3.2340202908,"log_mass":6.3116388605},{"country_iso":"DNK","city_id":2749,"log_pop":3.8903707235,"log_mass":6.5859445829},{"country_iso":"DNK","city_id":2749,"log_pop":3.9165861883,"log_mass":6.6393442213},{"country_iso":"DNK","city_id":2749,"log_pop":3.5699619961,"log_mass":6.3491466162},{"country_iso":"DNK","city_id":2749,"log_pop":3.9429893247,"log_mass":6.5346510699},{"country_iso":"DNK","city_id":2749,"log_pop":4.0746351541,"log_mass":6.528757588},{"country_iso":"DNK","city_id":2749,"log_pop":3.6061289453,"log_mass":6.4559250866},{"country_iso":"DNK","city_id":2749,"log_pop":4.0081702649,"log_mass":6.5971949802},{"country_iso":"DNK","city_id":2749,"log_pop":3.6697691166,"log_mass":6.3625469776},{"country_iso":"DNK","city_id":2749,"log_pop":4.2036883288,"log_mass":6.6291230731},{"country_iso":"DNK","city_id":2749,"log_pop":2.9849588693,"log_mass":6.0347200185},{"country_iso":"DNK","city_id":2749,"log_pop":3.0919939065,"log_mass":6.0282416365},{"country_iso":"DNK","city_id":2749,"log_pop":3.8224136513,"log_mass":6.5270378688},{"country_iso":"DNK","city_id":2749,"log_pop":3.1148812494,"log_mass":6.0466304676},{"country_iso":"DNK","city_id":2749,"log_pop":3.8688906168,"log_mass":6.5738548502},{"country_iso":"DNK","city_id":2749,"log_pop":2.9127627857,"log_mass":5.7926026146},{"country_iso":"DNK","city_id":2749,"log_pop":3.1579262353,"log_mass":6.0546963034},{"country_iso":"DNK","city_id":2749,"log_pop":2.5903299697,"log_mass":5.7042892589},{"country_iso":"DNK","city_id":2749,"log_pop":2.4951533538,"log_mass":5.4770672514},{"country_iso":"DNK","city_id":2749,"log_pop":3.7966690841,"log_mass":6.5143087151},{"country_iso":"DNK","city_id":2749,"log_pop":3.947472182,"log_mass":6.4975272284},{"country_iso":"DNK","city_id":2749,"log_pop":3.4521849962,"log_mass":6.2622907109},{"country_iso":"DNK","city_id":2749,"log_pop":1.8188754938,"log_mass":4.6001807562},{"country_iso":"DNK","city_id":2749,"log_pop":2.931764193,"log_mass":5.9378759192},{"country_iso":"DNK","city_id":2749,"log_pop":2.7776510095,"log_mass":5.5313348812},{"country_iso":"DNK","city_id":2749,"log_pop":3.5394198595,"log_mass":6.2200364192},{"country_iso":"DNK","city_id":2749,"log_pop":3.9130250182,"log_mass":6.5184163413},{"country_iso":"DNK","city_id":2749,"log_pop":4.2451073526,"log_mass":6.6454713829},{"country_iso":"DNK","city_id":2749,"log_pop":3.7752434564,"log_mass":6.5674919142},{"country_iso":"DNK","city_id":2749,"log_pop":4.1068791917,"log_mass":6.6242663918},{"country_iso":"DNK","city_id":2749,"log_pop":3.7805368689,"log_mass":6.5950429919},{"country_iso":"DNK","city_id":2749,"log_pop":4.0145571643,"log_mass":6.5612384363},{"country_iso":"DNK","city_id":2749,"log_pop":3.3975936518,"log_mass":6.3427947927},{"country_iso":"DNK","city_id":2749,"log_pop":3.474979136,"log_mass":6.1552860308},{"country_iso":"DNK","city_id":2749,"log_pop":3.4992770045,"log_mass":6.2219353316},{"country_iso":"DNK","city_id":2749,"log_pop":3.5515709144,"log_mass":6.3156186454},{"country_iso":"DNK","city_id":2749,"log_pop":4.0666319365,"log_mass":6.6137435689},{"country_iso":"DNK","city_id":2749,"log_pop":3.0227882616,"log_mass":6.1605762498},{"country_iso":"DNK","city_id":2749,"log_pop":3.5711469122,"log_mass":6.3293251946},{"country_iso":"DNK","city_id":2749,"log_pop":0.8386484986,"log_mass":4.0236345912},{"country_iso":"DNK","city_id":2749,"log_pop":3.5488858313,"log_mass":6.3246692189},{"country_iso":"DNK","city_id":2749,"log_pop":3.6183629291,"log_mass":6.4168061765},{"country_iso":"DNK","city_id":2749,"log_pop":3.1200433554,"log_mass":5.8724811518},{"country_iso":"DNK","city_id":2749,"log_pop":3.2525590583,"log_mass":6.0339713866},{"country_iso":"DNK","city_id":2749,"log_pop":2.8061400284,"log_mass":5.7291058688},{"country_iso":"DNK","city_id":2749,"log_pop":3.6258032166,"log_mass":6.3262018089},{"country_iso":"DNK","city_id":2749,"log_pop":1.7343399082,"log_mass":4.858419188},{"country_iso":"DNK","city_id":2518,"log_pop":-0.4790837871,"log_mass":3.5034003156},{"country_iso":"DNK","city_id":2518,"log_pop":2.7674376037,"log_mass":5.6995933801},{"country_iso":"DNK","city_id":2518,"log_pop":3.2172963849,"log_mass":5.8735714071},{"country_iso":"DNK","city_id":2518,"log_pop":1.6398391241,"log_mass":4.4039026225},{"country_iso":"DNK","city_id":2518,"log_pop":4.0466644311,"log_mass":6.6552921235},{"country_iso":"DNK","city_id":2518,"log_pop":4.4042095875,"log_mass":6.8763446735},{"country_iso":"DNK","city_id":2518,"log_pop":2.7780731485,"log_mass":6.2894694997},{"country_iso":"DNK","city_id":2518,"log_pop":4.0747984858,"log_mass":6.5162707123},{"country_iso":"DNK","city_id":2518,"log_pop":3.6536741376,"log_mass":6.2841324474},{"country_iso":"DNK","city_id":2518,"log_pop":4.2620326929,"log_mass":6.5717453922},{"country_iso":"DNK","city_id":2518,"log_pop":3.6358066775,"log_mass":6.3783633575},{"country_iso":"DNK","city_id":2518,"log_pop":4.0643615105,"log_mass":6.4935421157},{"country_iso":"DNK","city_id":2518,"log_pop":3.7005878536,"log_mass":6.3673461956},{"country_iso":"DNK","city_id":2518,"log_pop":3.9866841706,"log_mass":6.6085243303},{"country_iso":"DNK","city_id":2518,"log_pop":3.3028305672,"log_mass":5.8751562122},{"country_iso":"DNK","city_id":2518,"log_pop":3.8812901299,"log_mass":6.5099251669},{"country_iso":"DNK","city_id":2518,"log_pop":1.7872042278,"log_mass":4.6302327663},{"country_iso":"DNK","city_id":2518,"log_pop":2.6637398247,"log_mass":5.3206151162},{"country_iso":"DNK","city_id":2518,"log_pop":3.4648150248,"log_mass":6.2580196253},{"country_iso":"DNK","city_id":2518,"log_pop":3.6631859107,"log_mass":6.1692837155},{"country_iso":"DNK","city_id":2518,"log_pop":0.4936367374,"log_mass":4.4794211649},{"country_iso":"DNK","city_id":2518,"log_pop":3.3885886086,"log_mass":6.355565101},{"country_iso":"DNK","city_id":2518,"log_pop":3.7266255682,"log_mass":6.3599406059},{"country_iso":"DNK","city_id":2518,"log_pop":3.1709798242,"log_mass":6.0498799583},{"country_iso":"DNK","city_id":2518,"log_pop":2.2418065946,"log_mass":5.2168821886},{"country_iso":"DNK","city_id":2518,"log_pop":0.1434240619,"log_mass":3.1519285352},{"country_iso":"DNK","city_id":2518,"log_pop":3.7390733583,"log_mass":6.3774405735},{"country_iso":"DNK","city_id":2518,"log_pop":1.8975704201,"log_mass":4.6933630509},{"country_iso":"DNK","city_id":2518,"log_pop":3.8049642531,"log_mass":6.2336627315},{"country_iso":"DNK","city_id":2518,"log_pop":3.6022631212,"log_mass":6.3165394849},{"country_iso":"DNK","city_id":2518,"log_pop":3.929691836,"log_mass":6.4564770926},{"country_iso":"DNK","city_id":2518,"log_pop":0.2841127813,"log_mass":3.2259340623},{"country_iso":"DNK","city_id":2564,"log_pop":3.2065327807,"log_mass":6.1384846681},{"country_iso":"DNK","city_id":2564,"log_pop":2.3617401057,"log_mass":5.2477782104},{"country_iso":"DNK","city_id":2564,"log_pop":3.1478031386,"log_mass":6.0344890759},{"country_iso":"DNK","city_id":2564,"log_pop":2.6929852429,"log_mass":5.5612362991},{"country_iso":"DNK","city_id":2564,"log_pop":3.7459674647,"log_mass":6.321457083},{"country_iso":"DNK","city_id":2564,"log_pop":1.6338405944,"log_mass":4.4576342287},{"country_iso":"DNK","city_id":2564,"log_pop":3.9603808358,"log_mass":6.5827482474},{"country_iso":"DNK","city_id":2564,"log_pop":3.4485260461,"log_mass":6.3590805859},{"country_iso":"DNK","city_id":2564,"log_pop":3.046695715,"log_mass":6.0429663399},{"country_iso":"DNK","city_id":2564,"log_pop":2.1080303033,"log_mass":5.4800717691},{"country_iso":"DNK","city_id":2564,"log_pop":3.7438680263,"log_mass":6.4007510829},{"country_iso":"DNK","city_id":2564,"log_pop":3.5519789759,"log_mass":6.2817440944},{"country_iso":"DNK","city_id":2564,"log_pop":3.00109767,"log_mass":5.9144277651},{"country_iso":"DNK","city_id":2564,"log_pop":2.4809282827,"log_mass":5.5792152463},{"country_iso":"DNK","city_id":2564,"log_pop":3.5669919005,"log_mass":6.2842707577},{"country_iso":"DNK","city_id":2564,"log_pop":2.897106325,"log_mass":5.4851069313},{"country_iso":"DNK","city_id":2564,"log_pop":1.980161465,"log_mass":5.0370980625},{"country_iso":"DNK","city_id":2564,"log_pop":3.2851159057,"log_mass":6.3103614006},{"country_iso":"DNK","city_id":2564,"log_pop":3.9079397148,"log_mass":6.5401019068},{"country_iso":"DNK","city_id":2564,"log_pop":4.1602410435,"log_mass":6.7660715159},{"country_iso":"DNK","city_id":2564,"log_pop":3.0253730845,"log_mass":5.9116240004},{"country_iso":"DNK","city_id":2564,"log_pop":3.9842008073,"log_mass":6.5076790779},{"country_iso":"DNK","city_id":2564,"log_pop":3.7174492897,"log_mass":6.4831617488},{"country_iso":"DNK","city_id":2564,"log_pop":3.6022031891,"log_mass":6.4211583808},{"country_iso":"DNK","city_id":2564,"log_pop":2.857136716,"log_mass":5.4212744944},{"country_iso":"DNK","city_id":2564,"log_pop":2.2434003925,"log_mass":5.6094908815},{"country_iso":"DNK","city_id":2564,"log_pop":2.2533349102,"log_mass":5.3071099003},{"country_iso":"DNK","city_id":2564,"log_pop":3.4823310487,"log_mass":6.290831497},{"country_iso":"DNK","city_id":2486,"log_pop":1.7045159602,"log_mass":4.5508857593},{"country_iso":"DNK","city_id":2486,"log_pop":1.794770747,"log_mass":5.2353635987},{"country_iso":"DNK","city_id":2486,"log_pop":3.4337638938,"log_mass":6.0567465342},{"country_iso":"DNK","city_id":2486,"log_pop":0.1703755292,"log_mass":3.354052705},{"country_iso":"DNK","city_id":2486,"log_pop":3.8137306052,"log_mass":6.4463477572},{"country_iso":"DNK","city_id":2486,"log_pop":3.6791862141,"log_mass":6.3522155865},{"country_iso":"DNK","city_id":2486,"log_pop":3.3524316444,"log_mass":6.193055369},{"country_iso":"DNK","city_id":2486,"log_pop":3.5896583799,"log_mass":6.2091522129},{"country_iso":"DNK","city_id":2486,"log_pop":3.9106516561,"log_mass":6.5538349157},{"country_iso":"DNK","city_id":2486,"log_pop":4.0779003892,"log_mass":6.6807363401},{"country_iso":"DNK","city_id":2486,"log_pop":3.5919585587,"log_mass":6.3617955428},{"country_iso":"DNK","city_id":2486,"log_pop":0.8381525227,"log_mass":4.2586330304},{"country_iso":"DNK","city_id":2486,"log_pop":3.2412911253,"log_mass":6.2681113224},{"country_iso":"DNK","city_id":2486,"log_pop":3.3956188109,"log_mass":6.1484809268},{"country_iso":"DNK","city_id":2486,"log_pop":3.2281048667,"log_mass":6.2584263568},{"country_iso":"DNK","city_id":2486,"log_pop":3.4459017921,"log_mass":6.2366855567},{"country_iso":"DNK","city_id":2486,"log_pop":4.0963491636,"log_mass":6.5923932568},{"country_iso":"DNK","city_id":2486,"log_pop":2.3846953516,"log_mass":5.8733342889},{"country_iso":"DNK","city_id":2486,"log_pop":3.4307874405,"log_mass":6.1019178404},{"country_iso":"DNK","city_id":2486,"log_pop":1.8715972479,"log_mass":5.1451297885},{"country_iso":"DNK","city_id":2486,"log_pop":3.4634605361,"log_mass":6.4645528375}]