[{"country_iso":"DZA","city_id":2095,"log_pop":3.5179678391,"log_mass":5.8043576072},{"country_iso":"DZA","city_id":2095,"log_pop":3.9061092438,"log_mass":6.2469757995},{"country_iso":"DZA","city_id":2095,"log_pop":3.6417771689,"log_mass":6.1298295657},{"country_iso":"DZA","city_id":2095,"log_pop":2.4945798887,"log_mass":5.0624488678},{"country_iso":"DZA","city_id":2095,"log_pop":3.5325774355,"log_mass":5.9474605827},{"country_iso":"DZA","city_id":2095,"log_pop":2.4729851719,"log_mass":5.2394282195},{"country_iso":"DZA","city_id":2095,"log_pop":3.7752659294,"log_mass":6.1571822704},{"country_iso":"DZA","city_id":2095,"log_pop":3.8244633308,"log_mass":6.1571219492},{"country_iso":"DZA","city_id":2095,"log_pop":3.1710741508,"log_mass":5.6008892362},{"country_iso":"DZA","city_id":2095,"log_pop":3.4867439922,"log_mass":5.8056628464},{"country_iso":"DZA","city_id":2095,"log_pop":2.593586807,"log_mass":5.2007678993},{"country_iso":"DZA","city_id":2095,"log_pop":3.6732143686,"log_mass":6.0812467833},{"country_iso":"DZA","city_id":2095,"log_pop":3.6068286578,"log_mass":6.046194756},{"country_iso":"DZA","city_id":2095,"log_pop":3.6976702979,"log_mass":6.1180353097},{"country_iso":"DZA","city_id":2095,"log_pop":3.6719960462,"log_mass":5.8899068447},{"country_iso":"DZA","city_id":2095,"log_pop":3.6795819363,"log_mass":6.0719488601},{"country_iso":"DZA","city_id":2095,"log_pop":4.0751658105,"log_mass":6.2426699341},{"country_iso":"DZA","city_id":2095,"log_pop":3.0953280742,"log_mass":5.3413993788},{"country_iso":"DZA","city_id":2095,"log_pop":1.6306737638,"log_mass":4.4342400544},{"country_iso":"DZA","city_id":2095,"log_pop":3.639375176,"log_mass":5.9023095186},{"country_iso":"DZA","city_id":2095,"log_pop":2.9077364451,"log_mass":5.3773657587},{"country_iso":"DZA","city_id":2095,"log_pop":3.3653128662,"log_mass":5.7474583298},{"country_iso":"DZA","city_id":2095,"log_pop":3.7936860203,"log_mass":6.1674354473},{"country_iso":"DZA","city_id":2095,"log_pop":3.5903884219,"log_mass":5.8908601228},{"country_iso":"DZA","city_id":2095,"log_pop":2.9855903383,"log_mass":5.6975112586},{"country_iso":"DZA","city_id":2095,"log_pop":3.4332822094,"log_mass":5.7540905978},{"country_iso":"DZA","city_id":2095,"log_pop":3.3446542594,"log_mass":5.7345383143},{"country_iso":"DZA","city_id":2095,"log_pop":2.8876851281,"log_mass":5.4493154752},{"country_iso":"DZA","city_id":2095,"log_pop":3.7030168424,"log_mass":5.8354394961},{"country_iso":"DZA","city_id":2095,"log_pop":3.0031000213,"log_mass":5.3424260827},{"country_iso":"DZA","city_id":2095,"log_pop":1.8888065165,"log_mass":4.2726108362},{"country_iso":"DZA","city_id":2095,"log_pop":3.2685991698,"log_mass":5.5928856477},{"country_iso":"DZA","city_id":2095,"log_pop":3.9444170115,"log_mass":6.1657312435},{"country_iso":"DZA","city_id":2095,"log_pop":3.8182969776,"log_mass":6.0713129513},{"country_iso":"DZA","city_id":2095,"log_pop":3.9425104396,"log_mass":6.2306084415},{"country_iso":"DZA","city_id":2095,"log_pop":3.7852754972,"log_mass":5.9684931376},{"country_iso":"DZA","city_id":2095,"log_pop":4.4255690161,"log_mass":6.4649839207},{"country_iso":"DZA","city_id":2095,"log_pop":3.1510601872,"log_mass":5.4983913132},{"country_iso":"DZA","city_id":2095,"log_pop":1.4495838273,"log_mass":4.1505287466},{"country_iso":"DZA","city_id":2095,"log_pop":3.9379506125,"log_mass":5.7516838193},{"country_iso":"DZA","city_id":2095,"log_pop":2.0047776725,"log_mass":4.8395875609},{"country_iso":"DZA","city_id":2095,"log_pop":3.9634608974,"log_mass":5.7968032104},{"country_iso":"DZA","city_id":2095,"log_pop":4.6669807933,"log_mass":6.4265811126},{"country_iso":"DZA","city_id":2095,"log_pop":1.7615915831,"log_mass":4.5276764127},{"country_iso":"DZA","city_id":2095,"log_pop":4.0147571747,"log_mass":6.2888764451},{"country_iso":"DZA","city_id":2095,"log_pop":3.5143350467,"log_mass":5.8697448492},{"country_iso":"DZA","city_id":2095,"log_pop":3.7990588179,"log_mass":5.9692365618},{"country_iso":"DZA","city_id":2095,"log_pop":4.2339936122,"log_mass":6.1951393732},{"country_iso":"DZA","city_id":2095,"log_pop":4.2764428816,"log_mass":6.4516833188},{"country_iso":"DZA","city_id":2095,"log_pop":4.6238733254,"log_mass":6.4151627698},{"country_iso":"DZA","city_id":2095,"log_pop":4.8703321404,"log_mass":6.6239719858},{"country_iso":"DZA","city_id":2095,"log_pop":4.4602851701,"log_mass":6.6978455565},{"country_iso":"DZA","city_id":2095,"log_pop":4.337129236,"log_mass":6.2856069096},{"country_iso":"DZA","city_id":2095,"log_pop":3.6869065391,"log_mass":5.7482753141},{"country_iso":"DZA","city_id":2095,"log_pop":3.9694508128,"log_mass":5.740679878},{"country_iso":"DZA","city_id":2095,"log_pop":4.6424987995,"log_mass":6.5901171864},{"country_iso":"DZA","city_id":2095,"log_pop":4.4521932083,"log_mass":6.6113629188},{"country_iso":"DZA","city_id":2095,"log_pop":4.242803545,"log_mass":6.0544409174},{"country_iso":"DZA","city_id":2095,"log_pop":4.0961057685,"log_mass":6.2212450661},{"country_iso":"DZA","city_id":2095,"log_pop":3.895191017,"log_mass":6.1189239169},{"country_iso":"DZA","city_id":2095,"log_pop":3.4794487097,"log_mass":5.9407034535},{"country_iso":"DZA","city_id":2095,"log_pop":3.6524038825,"log_mass":6.1861913753},{"country_iso":"DZA","city_id":2095,"log_pop":4.4800477399,"log_mass":6.5800233761},{"country_iso":"DZA","city_id":2095,"log_pop":2.1059021909,"log_mass":4.2671746117},{"country_iso":"DZA","city_id":2095,"log_pop":3.6271438753,"log_mass":6.0787489981},{"country_iso":"DZA","city_id":2095,"log_pop":3.6974318102,"log_mass":5.9525625239},{"country_iso":"DZA","city_id":2095,"log_pop":2.7917930373,"log_mass":5.1795934481},{"country_iso":"DZA","city_id":2095,"log_pop":4.0388991473,"log_mass":6.4214378808},{"country_iso":"DZA","city_id":2095,"log_pop":4.2532285668,"log_mass":6.4955092885},{"country_iso":"DZA","city_id":2095,"log_pop":3.5512121843,"log_mass":5.9361138851},{"country_iso":"DZA","city_id":2095,"log_pop":3.968041891,"log_mass":6.4503726014},{"country_iso":"DZA","city_id":2095,"log_pop":4.2254683381,"log_mass":6.3650415619},{"country_iso":"DZA","city_id":2095,"log_pop":3.8990962486,"log_mass":6.3738589735},{"country_iso":"DZA","city_id":2095,"log_pop":4.0701643836,"log_mass":6.4689167106},{"country_iso":"DZA","city_id":2095,"log_pop":3.8617234812,"log_mass":6.1112261331},{"country_iso":"DZA","city_id":2095,"log_pop":4.1508593681,"log_mass":6.3784875698},{"country_iso":"DZA","city_id":2095,"log_pop":2.6020356058,"log_mass":5.1329766808},{"country_iso":"DZA","city_id":2095,"log_pop":4.0757243412,"log_mass":6.3072765886},{"country_iso":"DZA","city_id":2095,"log_pop":4.3478724528,"log_mass":6.524296533},{"country_iso":"DZA","city_id":2095,"log_pop":3.4843965351,"log_mass":5.9601126281},{"country_iso":"DZA","city_id":2095,"log_pop":4.6614100283,"log_mass":6.7017626409},{"country_iso":"DZA","city_id":2095,"log_pop":4.8232471949,"log_mass":6.8263969745},{"country_iso":"DZA","city_id":2095,"log_pop":4.2063874152,"log_mass":6.4368478331},{"country_iso":"DZA","city_id":2095,"log_pop":4.8808901983,"log_mass":6.8464110781},{"country_iso":"DZA","city_id":2095,"log_pop":4.5374035267,"log_mass":6.6583218551},{"country_iso":"DZA","city_id":2095,"log_pop":4.8729680826,"log_mass":6.7517332618},{"country_iso":"DZA","city_id":2095,"log_pop":4.1696438654,"log_mass":6.537759963},{"country_iso":"DZA","city_id":2095,"log_pop":4.0154526954,"log_mass":6.3533864247},{"country_iso":"DZA","city_id":2095,"log_pop":2.8686203416,"log_mass":5.1012261105},{"country_iso":"DZA","city_id":2095,"log_pop":4.7922272021,"log_mass":6.8123385746},{"country_iso":"DZA","city_id":2095,"log_pop":4.8604312917,"log_mass":6.6989727378},{"country_iso":"DZA","city_id":2095,"log_pop":1.4983729252,"log_mass":4.7872979672},{"country_iso":"DZA","city_id":2095,"log_pop":4.6196366739,"log_mass":6.644015342},{"country_iso":"DZA","city_id":2095,"log_pop":4.3010792758,"log_mass":6.4021430342},{"country_iso":"DZA","city_id":2095,"log_pop":4.1478716987,"log_mass":6.3923721363},{"country_iso":"DZA","city_id":2095,"log_pop":4.2336025188,"log_mass":6.4380593008},{"country_iso":"DZA","city_id":2095,"log_pop":3.8124431018,"log_mass":6.1070310485},{"country_iso":"DZA","city_id":2095,"log_pop":3.3411712251,"log_mass":5.6113078178},{"country_iso":"DZA","city_id":2095,"log_pop":4.5080200366,"log_mass":6.5151574273},{"country_iso":"DZA","city_id":2095,"log_pop":3.5355951019,"log_mass":5.8953456144},{"country_iso":"DZA","city_id":2095,"log_pop":4.5621488947,"log_mass":6.5936362983},{"country_iso":"DZA","city_id":2095,"log_pop":4.901027828,"log_mass":6.6944662821},{"country_iso":"DZA","city_id":2095,"log_pop":3.7651295133,"log_mass":6.1059207555},{"country_iso":"DZA","city_id":2095,"log_pop":4.3988463489,"log_mass":6.3011963371},{"country_iso":"DZA","city_id":2095,"log_pop":4.6794327886,"log_mass":6.703308822},{"country_iso":"DZA","city_id":2095,"log_pop":4.5862150398,"log_mass":6.6608908399},{"country_iso":"DZA","city_id":2095,"log_pop":3.9552496079,"log_mass":6.2580946313},{"country_iso":"DZA","city_id":2095,"log_pop":4.1501063757,"log_mass":6.1492809495},{"country_iso":"DZA","city_id":2095,"log_pop":3.6017480067,"log_mass":5.6783580652},{"country_iso":"DZA","city_id":2095,"log_pop":4.323709765,"log_mass":6.4721585635},{"country_iso":"DZA","city_id":2095,"log_pop":4.4307734715,"log_mass":6.3132613553},{"country_iso":"DZA","city_id":2095,"log_pop":3.7932840466,"log_mass":5.9353800595},{"country_iso":"DZA","city_id":2095,"log_pop":4.0849424116,"log_mass":6.2246597479},{"country_iso":"DZA","city_id":2095,"log_pop":4.5857209629,"log_mass":6.2903466162},{"country_iso":"DZA","city_id":2095,"log_pop":4.3040569008,"log_mass":6.5618395203},{"country_iso":"DZA","city_id":2095,"log_pop":4.3004291702,"log_mass":6.499683754},{"country_iso":"DZA","city_id":2095,"log_pop":4.0815674699,"log_mass":6.415482665},{"country_iso":"DZA","city_id":2095,"log_pop":4.2706209973,"log_mass":6.5163481527},{"country_iso":"DZA","city_id":2095,"log_pop":3.2270900722,"log_mass":5.4465638214},{"country_iso":"DZA","city_id":2095,"log_pop":4.2745681555,"log_mass":6.2595834265},{"country_iso":"DZA","city_id":2095,"log_pop":4.016378044,"log_mass":6.3215431524},{"country_iso":"DZA","city_id":2095,"log_pop":3.9809305185,"log_mass":5.9738608969},{"country_iso":"DZA","city_id":2095,"log_pop":4.5551738593,"log_mass":6.5402417237},{"country_iso":"DZA","city_id":2095,"log_pop":4.2338958802,"log_mass":6.2481852875},{"country_iso":"DZA","city_id":2095,"log_pop":4.6186874939,"log_mass":6.6249597882},{"country_iso":"DZA","city_id":2095,"log_pop":3.5076461553,"log_mass":6.06373105},{"country_iso":"DZA","city_id":2095,"log_pop":3.8763142863,"log_mass":6.0464992558},{"country_iso":"DZA","city_id":2095,"log_pop":3.6992456992,"log_mass":5.930131587},{"country_iso":"DZA","city_id":2095,"log_pop":3.2848519814,"log_mass":5.8134371406},{"country_iso":"DZA","city_id":2095,"log_pop":3.1760819341,"log_mass":5.4340854594},{"country_iso":"DZA","city_id":2095,"log_pop":3.9475239436,"log_mass":5.96492872},{"country_iso":"DZA","city_id":2095,"log_pop":3.8113267889,"log_mass":5.9164597097},{"country_iso":"DZA","city_id":2095,"log_pop":4.2670944357,"log_mass":6.2514407136},{"country_iso":"DZA","city_id":2095,"log_pop":4.6401883993,"log_mass":6.6769327324},{"country_iso":"DZA","city_id":2095,"log_pop":4.5737055639,"log_mass":6.567169582},{"country_iso":"DZA","city_id":2095,"log_pop":4.5350615429,"log_mass":6.5004898753},{"country_iso":"DZA","city_id":2095,"log_pop":4.7435814537,"log_mass":6.7221198415},{"country_iso":"DZA","city_id":2095,"log_pop":-0.0826278456,"log_mass":4.9403990915},{"country_iso":"DZA","city_id":2095,"log_pop":3.3552956844,"log_mass":5.413088714},{"country_iso":"DZA","city_id":2095,"log_pop":4.5343604383,"log_mass":6.5334740193},{"country_iso":"DZA","city_id":2095,"log_pop":3.7359116209,"log_mass":6.3320253654},{"country_iso":"DZA","city_id":2095,"log_pop":3.9364995561,"log_mass":6.3677936751},{"country_iso":"DZA","city_id":2095,"log_pop":3.3752735063,"log_mass":6.1089472354},{"country_iso":"DZA","city_id":2095,"log_pop":3.8035843335,"log_mass":6.1789960432},{"country_iso":"DZA","city_id":2095,"log_pop":4.1988965398,"log_mass":6.2412624719},{"country_iso":"DZA","city_id":2095,"log_pop":3.1696832373,"log_mass":5.6752481411},{"country_iso":"DZA","city_id":2095,"log_pop":4.1822453607,"log_mass":6.5698882607},{"country_iso":"DZA","city_id":2095,"log_pop":3.6453923596,"log_mass":5.7818518667},{"country_iso":"DZA","city_id":2095,"log_pop":1.8702211391,"log_mass":4.5047117619},{"country_iso":"DZA","city_id":2095,"log_pop":4.2966026503,"log_mass":6.3904721191},{"country_iso":"DZA","city_id":2095,"log_pop":3.7341557481,"log_mass":5.9960910606},{"country_iso":"DZA","city_id":2095,"log_pop":0.8534986108,"log_mass":3.9750332418},{"country_iso":"DZA","city_id":2095,"log_pop":3.2040649662,"log_mass":6.0898794343},{"country_iso":"DZA","city_id":2095,"log_pop":3.1165578271,"log_mass":5.5829986029},{"country_iso":"DZA","city_id":2095,"log_pop":-1.6681160105,"log_mass":2.618132005},{"country_iso":"DZA","city_id":2095,"log_pop":1.5963598559,"log_mass":4.2766262603},{"country_iso":"DZA","city_id":2095,"log_pop":3.0822884391,"log_mass":5.5123820621},{"country_iso":"DZA","city_id":2095,"log_pop":3.043587875,"log_mass":5.7722390452},{"country_iso":"DZA","city_id":2095,"log_pop":3.7379347591,"log_mass":6.1536923759},{"country_iso":"DZA","city_id":2095,"log_pop":3.3283760444,"log_mass":5.7688493851},{"country_iso":"DZA","city_id":2095,"log_pop":3.563339033,"log_mass":5.9479676891},{"country_iso":"DZA","city_id":2095,"log_pop":3.0217472242,"log_mass":5.3182132984},{"country_iso":"DZA","city_id":2095,"log_pop":1.4614139627,"log_mass":4.5369167425},{"country_iso":"DZA","city_id":2095,"log_pop":1.368331513,"log_mass":4.4866035486},{"country_iso":"DZA","city_id":2095,"log_pop":3.7272037494,"log_mass":5.9908757859},{"country_iso":"DZA","city_id":2095,"log_pop":3.3682414268,"log_mass":5.8459470155},{"country_iso":"DZA","city_id":2095,"log_pop":4.2102976292,"log_mass":6.367311055},{"country_iso":"DZA","city_id":2095,"log_pop":2.9741231416,"log_mass":5.5638218506},{"country_iso":"DZA","city_id":2095,"log_pop":2.5406434454,"log_mass":5.205213629},{"country_iso":"DZA","city_id":2095,"log_pop":0.6662902972,"log_mass":3.6995585248},{"country_iso":"DZA","city_id":2095,"log_pop":3.7780348685,"log_mass":5.9886117435},{"country_iso":"DZA","city_id":2095,"log_pop":3.7452224215,"log_mass":6.1084792724},{"country_iso":"DZA","city_id":2095,"log_pop":4.309601756,"log_mass":6.6089166237},{"country_iso":"DZA","city_id":2095,"log_pop":3.7831349242,"log_mass":6.0750181165},{"country_iso":"DZA","city_id":2095,"log_pop":2.9143329227,"log_mass":5.5392001593},{"country_iso":"DZA","city_id":2095,"log_pop":2.5446693328,"log_mass":5.0483135627},{"country_iso":"DZA","city_id":2095,"log_pop":3.2521882243,"log_mass":5.5512797258},{"country_iso":"DZA","city_id":1890,"log_pop":2.7973314369,"log_mass":5.5017995242},{"country_iso":"DZA","city_id":1890,"log_pop":-0.5026890898,"log_mass":2.6358159412},{"country_iso":"DZA","city_id":1890,"log_pop":3.873448572,"log_mass":6.1053113801},{"country_iso":"DZA","city_id":1890,"log_pop":2.7108810982,"log_mass":5.075463411},{"country_iso":"DZA","city_id":1890,"log_pop":4.3492089982,"log_mass":6.2028368175},{"country_iso":"DZA","city_id":1890,"log_pop":4.7220010868,"log_mass":6.5940342525},{"country_iso":"DZA","city_id":1890,"log_pop":2.5081019563,"log_mass":4.5803988099},{"country_iso":"DZA","city_id":1890,"log_pop":3.7598859645,"log_mass":5.9060719243},{"country_iso":"DZA","city_id":1890,"log_pop":3.235986925,"log_mass":5.1809390872},{"country_iso":"DZA","city_id":1890,"log_pop":4.6563121517,"log_mass":6.4876280369},{"country_iso":"DZA","city_id":1890,"log_pop":3.9865474414,"log_mass":6.0880513088},{"country_iso":"DZA","city_id":1890,"log_pop":2.2999796316,"log_mass":4.5199397805},{"country_iso":"DZA","city_id":1890,"log_pop":2.528860801,"log_mass":4.9597761609},{"country_iso":"DZA","city_id":1890,"log_pop":2.5829419953,"log_mass":4.7230014587},{"country_iso":"DZA","city_id":1890,"log_pop":4.278421538,"log_mass":6.3024927236},{"country_iso":"DZA","city_id":1890,"log_pop":2.6097266439,"log_mass":4.9812718546},{"country_iso":"DZA","city_id":1890,"log_pop":3.5391474478,"log_mass":5.9755869092},{"country_iso":"DZA","city_id":1890,"log_pop":3.5525623365,"log_mass":6.0848337151},{"country_iso":"DZA","city_id":1890,"log_pop":4.5517442006,"log_mass":6.560712233},{"country_iso":"DZA","city_id":1890,"log_pop":4.0686783622,"log_mass":6.0538606779},{"country_iso":"DZA","city_id":1890,"log_pop":3.6890451099,"log_mass":5.652468487},{"country_iso":"DZA","city_id":1890,"log_pop":3.4051366286,"log_mass":5.4351546714},{"country_iso":"DZA","city_id":1890,"log_pop":4.6303300047,"log_mass":6.6113893329},{"country_iso":"DZA","city_id":1890,"log_pop":4.3852816433,"log_mass":6.3047533193},{"country_iso":"DZA","city_id":1890,"log_pop":4.5515842873,"log_mass":6.4642514341},{"country_iso":"DZA","city_id":1890,"log_pop":4.2706522065,"log_mass":6.4004159707},{"country_iso":"DZA","city_id":1890,"log_pop":3.8272936817,"log_mass":5.961908778},{"country_iso":"DZA","city_id":1890,"log_pop":4.2162105579,"log_mass":6.3562164623},{"country_iso":"DZA","city_id":1890,"log_pop":4.1938566583,"log_mass":6.4810036055},{"country_iso":"DZA","city_id":1890,"log_pop":4.5723987567,"log_mass":6.4769700967},{"country_iso":"DZA","city_id":1890,"log_pop":4.1269968173,"log_mass":6.1217885129},{"country_iso":"DZA","city_id":1890,"log_pop":4.032339382,"log_mass":6.052015003},{"country_iso":"DZA","city_id":1890,"log_pop":3.2956676212,"log_mass":5.2939291079},{"country_iso":"DZA","city_id":1890,"log_pop":2.1480328201,"log_mass":4.9056833651},{"country_iso":"DZA","city_id":1890,"log_pop":4.3194790822,"log_mass":6.2580343173},{"country_iso":"DZA","city_id":1890,"log_pop":1.7016163333,"log_mass":3.6816874956},{"country_iso":"DZA","city_id":1890,"log_pop":4.4405014602,"log_mass":6.3210343568},{"country_iso":"DZA","city_id":1890,"log_pop":4.5236072654,"log_mass":6.4101582001},{"country_iso":"DZA","city_id":1890,"log_pop":4.8863236883,"log_mass":6.7805260576},{"country_iso":"DZA","city_id":1890,"log_pop":4.8407272571,"log_mass":6.7173892087},{"country_iso":"DZA","city_id":1890,"log_pop":4.1848720631,"log_mass":6.0703866906},{"country_iso":"DZA","city_id":1890,"log_pop":3.1821217022,"log_mass":5.4106862166},{"country_iso":"DZA","city_id":1890,"log_pop":4.1768258441,"log_mass":6.103445634},{"country_iso":"DZA","city_id":1890,"log_pop":3.5323305874,"log_mass":5.4085999205},{"country_iso":"DZA","city_id":1890,"log_pop":4.2880273904,"log_mass":6.3254742031},{"country_iso":"DZA","city_id":2377,"log_pop":3.9776242214,"log_mass":6.0914542669},{"country_iso":"DZA","city_id":2377,"log_pop":4.3041576466,"log_mass":6.3727809077},{"country_iso":"DZA","city_id":2377,"log_pop":4.0846782488,"log_mass":6.1873273503},{"country_iso":"DZA","city_id":2377,"log_pop":4.5484278905,"log_mass":6.5335035947},{"country_iso":"DZA","city_id":2377,"log_pop":3.545666,"log_mass":5.6312784388},{"country_iso":"DZA","city_id":2377,"log_pop":3.8751433812,"log_mass":6.0669072767},{"country_iso":"DZA","city_id":2377,"log_pop":3.3144206606,"log_mass":5.4472211173},{"country_iso":"DZA","city_id":2377,"log_pop":2.4272177684,"log_mass":5.1183870169},{"country_iso":"DZA","city_id":2377,"log_pop":4.1109925871,"log_mass":6.2825450577},{"country_iso":"DZA","city_id":2377,"log_pop":3.5881157146,"log_mass":5.7461889715},{"country_iso":"DZA","city_id":2377,"log_pop":4.573571388,"log_mass":6.6062034242},{"country_iso":"DZA","city_id":2377,"log_pop":3.9125513241,"log_mass":6.0262390258},{"country_iso":"DZA","city_id":2377,"log_pop":4.1761427718,"log_mass":6.2988047721},{"country_iso":"DZA","city_id":2377,"log_pop":2.8236370027,"log_mass":5.1493983893},{"country_iso":"DZA","city_id":2377,"log_pop":3.4543443198,"log_mass":5.5285475415},{"country_iso":"DZA","city_id":2377,"log_pop":3.3493089624,"log_mass":5.6678449615},{"country_iso":"DZA","city_id":2377,"log_pop":4.1934273233,"log_mass":6.2920049594},{"country_iso":"DZA","city_id":2377,"log_pop":4.0873749335,"log_mass":6.2040586391},{"country_iso":"DZA","city_id":2377,"log_pop":0.9955601291,"log_mass":3.6853027055},{"country_iso":"DZA","city_id":2377,"log_pop":2.6693324107,"log_mass":5.1759190443},{"country_iso":"DZA","city_id":2377,"log_pop":3.8041704674,"log_mass":5.968155424},{"country_iso":"DZA","city_id":2377,"log_pop":2.4722659283,"log_mass":4.9470524876},{"country_iso":"DZA","city_id":2377,"log_pop":3.8543268192,"log_mass":5.9300085749},{"country_iso":"DZA","city_id":2377,"log_pop":1.730972398,"log_mass":4.2490635432},{"country_iso":"DZA","city_id":2377,"log_pop":3.7867345808,"log_mass":5.9251555195},{"country_iso":"DZA","city_id":2377,"log_pop":2.0955380798,"log_mass":4.1705473861},{"country_iso":"DZA","city_id":2377,"log_pop":4.0870634726,"log_mass":6.3212048176},{"country_iso":"DZA","city_id":2377,"log_pop":3.1446671823,"log_mass":5.4602831599},{"country_iso":"DZA","city_id":2377,"log_pop":2.9746269863,"log_mass":5.2828221773},{"country_iso":"DZA","city_id":2377,"log_pop":3.1576197061,"log_mass":5.3004220141},{"country_iso":"DZA","city_id":2377,"log_pop":0.4557596389,"log_mass":3.2132733753},{"country_iso":"DZA","city_id":2377,"log_pop":3.2996643165,"log_mass":5.5786814517},{"country_iso":"DZA","city_id":2377,"log_pop":2.5328204067,"log_mass":4.6127274781},{"country_iso":"DZA","city_id":2377,"log_pop":3.8319006128,"log_mass":6.0065101411},{"country_iso":"DZA","city_id":2377,"log_pop":0.5135135142,"log_mass":3.4565446449},{"country_iso":"DZA","city_id":2089,"log_pop":1.227704532,"log_mass":3.6318124584},{"country_iso":"DZA","city_id":2089,"log_pop":3.4093447463,"log_mass":5.713583164},{"country_iso":"DZA","city_id":2089,"log_pop":4.0235713342,"log_mass":6.3276455766},{"country_iso":"DZA","city_id":2089,"log_pop":3.7210905686,"log_mass":6.1062091454},{"country_iso":"DZA","city_id":2089,"log_pop":3.5235255978,"log_mass":5.8392834274},{"country_iso":"DZA","city_id":2089,"log_pop":3.6166502326,"log_mass":5.9111257497},{"country_iso":"DZA","city_id":2089,"log_pop":2.9635361595,"log_mass":5.1731001979},{"country_iso":"DZA","city_id":2089,"log_pop":2.8670870646,"log_mass":5.2970593375},{"country_iso":"DZA","city_id":2089,"log_pop":2.1332646726,"log_mass":4.7640491759},{"country_iso":"DZA","city_id":2089,"log_pop":2.2841842476,"log_mass":4.775023881},{"country_iso":"DZA","city_id":2089,"log_pop":2.9133809849,"log_mass":5.2354321302},{"country_iso":"DZA","city_id":2089,"log_pop":3.9190369371,"log_mass":6.1497183505},{"country_iso":"DZA","city_id":2089,"log_pop":3.7546549266,"log_mass":5.9985453817},{"country_iso":"DZA","city_id":2089,"log_pop":-0.3209530327,"log_mass":2.5784613205},{"country_iso":"DZA","city_id":2089,"log_pop":1.5655495768,"log_mass":3.9008802661},{"country_iso":"DZA","city_id":2089,"log_pop":4.5220203834,"log_mass":6.4193689501},{"country_iso":"DZA","city_id":2089,"log_pop":3.8384262763,"log_mass":6.104497533},{"country_iso":"DZA","city_id":2089,"log_pop":4.7085849751,"log_mass":6.6264788242},{"country_iso":"DZA","city_id":2089,"log_pop":4.1344142068,"log_mass":6.0310047411},{"country_iso":"DZA","city_id":2089,"log_pop":3.7016168716,"log_mass":5.9999617795},{"country_iso":"DZA","city_id":2089,"log_pop":3.553957413,"log_mass":5.9166683283},{"country_iso":"DZA","city_id":2089,"log_pop":4.2238676458,"log_mass":6.3952975484},{"country_iso":"DZA","city_id":2089,"log_pop":3.5667998108,"log_mass":5.8281067963},{"country_iso":"DZA","city_id":2089,"log_pop":3.179341456,"log_mass":5.4927206562},{"country_iso":"DZA","city_id":2089,"log_pop":4.5272051291,"log_mass":6.6660727499},{"country_iso":"DZA","city_id":2089,"log_pop":3.8591662041,"log_mass":6.1197747672},{"country_iso":"DZA","city_id":2089,"log_pop":2.7289926702,"log_mass":5.0195269552},{"country_iso":"DZA","city_id":2089,"log_pop":3.0086085109,"log_mass":5.3075758349},{"country_iso":"DZA","city_id":2089,"log_pop":4.2570686642,"log_mass":6.4547299868},{"country_iso":"DZA","city_id":2089,"log_pop":4.5048533035,"log_mass":6.6352763444},{"country_iso":"DZA","city_id":2089,"log_pop":4.0962154269,"log_mass":6.2556658614},{"country_iso":"DZA","city_id":2480,"log_pop":0.6581782481,"log_mass":3.1211006431},{"country_iso":"DZA","city_id":2480,"log_pop":4.0161367717,"log_mass":6.2659380389},{"country_iso":"DZA","city_id":2480,"log_pop":4.0969633489,"log_mass":6.370823487},{"country_iso":"DZA","city_id":2480,"log_pop":3.7328436925,"log_mass":6.0148861227},{"country_iso":"DZA","city_id":2480,"log_pop":4.7167569257,"log_mass":6.7206778354},{"country_iso":"DZA","city_id":2480,"log_pop":3.6384222926,"log_mass":5.8252050554},{"country_iso":"DZA","city_id":2480,"log_pop":4.1054265,"log_mass":6.2940459912},{"country_iso":"DZA","city_id":2480,"log_pop":2.2701589489,"log_mass":4.3337746288},{"country_iso":"DZA","city_id":2480,"log_pop":4.0120564754,"log_mass":6.0441220277},{"country_iso":"DZA","city_id":2480,"log_pop":3.3053934858,"log_mass":5.3336014291},{"country_iso":"DZA","city_id":2480,"log_pop":4.4719358823,"log_mass":6.5023102575},{"country_iso":"DZA","city_id":2480,"log_pop":4.5509785982,"log_mass":6.5947015357},{"country_iso":"DZA","city_id":2480,"log_pop":2.9644524162,"log_mass":5.179240094},{"country_iso":"DZA","city_id":2480,"log_pop":3.396561604,"log_mass":6.1065086396},{"country_iso":"DZA","city_id":2480,"log_pop":1.97264133,"log_mass":5.3016728514},{"country_iso":"DZA","city_id":2480,"log_pop":4.1139606333,"log_mass":6.3850283522},{"country_iso":"DZA","city_id":2480,"log_pop":3.1565979797,"log_mass":5.4478715031},{"country_iso":"DZA","city_id":2480,"log_pop":4.0438689846,"log_mass":6.3610380546},{"country_iso":"DZA","city_id":2480,"log_pop":4.0751353019,"log_mass":6.3716660943},{"country_iso":"DZA","city_id":2480,"log_pop":2.6958778412,"log_mass":5.1567810647},{"country_iso":"DZA","city_id":2480,"log_pop":4.0312818217,"log_mass":6.3299975214},{"country_iso":"DZA","city_id":2480,"log_pop":2.6401942532,"log_mass":5.1882850909},{"country_iso":"DZA","city_id":2480,"log_pop":3.224524407,"log_mass":5.8501324245},{"country_iso":"DZA","city_id":2480,"log_pop":3.8545119909,"log_mass":6.5558859254},{"country_iso":"DZA","city_id":2480,"log_pop":1.760880619,"log_mass":4.471833184},{"country_iso":"DZA","city_id":2480,"log_pop":1.8274205403,"log_mass":4.4475442782},{"country_iso":"DZA","city_id":2480,"log_pop":4.5058014112,"log_mass":6.5808490821},{"country_iso":"DZA","city_id":2480,"log_pop":3.7831534964,"log_mass":5.8143161114},{"country_iso":"DZA","city_id":2400,"log_pop":3.9199627256,"log_mass":6.1407400204},{"country_iso":"DZA","city_id":2400,"log_pop":4.4627814429,"log_mass":6.6484943019},{"country_iso":"DZA","city_id":2400,"log_pop":2.5241762363,"log_mass":4.9965502728},{"country_iso":"DZA","city_id":2400,"log_pop":3.5621502253,"log_mass":5.9222377453},{"country_iso":"DZA","city_id":2400,"log_pop":2.481666793,"log_mass":4.7728145794},{"country_iso":"DZA","city_id":2400,"log_pop":4.1638467013,"log_mass":6.3306608105},{"country_iso":"DZA","city_id":2400,"log_pop":3.2007717474,"log_mass":5.6166100808},{"country_iso":"DZA","city_id":2400,"log_pop":3.5864900329,"log_mass":5.9383075157},{"country_iso":"DZA","city_id":2400,"log_pop":3.1738117912,"log_mass":5.4113949099},{"country_iso":"DZA","city_id":2400,"log_pop":2.5916779799,"log_mass":5.3278250279},{"country_iso":"DZA","city_id":2400,"log_pop":3.6936549713,"log_mass":5.9255943476},{"country_iso":"DZA","city_id":2400,"log_pop":2.8705772401,"log_mass":5.2036240311},{"country_iso":"DZA","city_id":2400,"log_pop":2.4179156498,"log_mass":4.822328072},{"country_iso":"DZA","city_id":2400,"log_pop":3.9868636674,"log_mass":6.3451730646},{"country_iso":"DZA","city_id":2400,"log_pop":3.0670823454,"log_mass":5.58518043},{"country_iso":"DZA","city_id":2400,"log_pop":3.5820154202,"log_mass":5.9855669534},{"country_iso":"DZA","city_id":2400,"log_pop":1.1762329544,"log_mass":3.7141785777},{"country_iso":"DZA","city_id":2400,"log_pop":4.0041249631,"log_mass":6.3306684744},{"country_iso":"DZA","city_id":2400,"log_pop":4.0974243137,"log_mass":6.4729778517},{"country_iso":"DZA","city_id":2400,"log_pop":3.928230134,"log_mass":6.2540785246},{"country_iso":"DZA","city_id":2400,"log_pop":3.7108044971,"log_mass":6.0059051217},{"country_iso":"DZA","city_id":2400,"log_pop":3.5981292413,"log_mass":5.9267913927},{"country_iso":"DZA","city_id":2400,"log_pop":0.7512724025,"log_mass":3.9656725214},{"country_iso":"DZA","city_id":1832,"log_pop":1.1648988493,"log_mass":4.1783335309},{"country_iso":"DZA","city_id":1832,"log_pop":0.0770229121,"log_mass":3.2192103752},{"country_iso":"DZA","city_id":1832,"log_pop":2.4225641213,"log_mass":4.4760198228},{"country_iso":"DZA","city_id":1832,"log_pop":2.4971033799,"log_mass":4.9360489747},{"country_iso":"DZA","city_id":1832,"log_pop":0.8924811747,"log_mass":3.103362696},{"country_iso":"DZA","city_id":1832,"log_pop":3.5150727742,"log_mass":5.8631299968},{"country_iso":"DZA","city_id":1832,"log_pop":3.6855964816,"log_mass":5.892764435},{"country_iso":"DZA","city_id":1832,"log_pop":3.9371734695,"log_mass":6.0949764805},{"country_iso":"DZA","city_id":1832,"log_pop":3.3663388095,"log_mass":5.4694032192},{"country_iso":"DZA","city_id":1832,"log_pop":4.3210739775,"log_mass":6.4025142995},{"country_iso":"DZA","city_id":1832,"log_pop":3.0584099784,"log_mass":5.342610552},{"country_iso":"DZA","city_id":1832,"log_pop":3.5806894313,"log_mass":5.8863269188},{"country_iso":"DZA","city_id":1832,"log_pop":3.8456805083,"log_mass":5.9571593513},{"country_iso":"DZA","city_id":1832,"log_pop":4.0367753229,"log_mass":6.1638515058},{"country_iso":"DZA","city_id":1832,"log_pop":2.1191032552,"log_mass":4.2892605886},{"country_iso":"DZA","city_id":1832,"log_pop":4.1843108652,"log_mass":6.2248506093},{"country_iso":"DZA","city_id":1832,"log_pop":0.0298352476,"log_mass":2.6270715339},{"country_iso":"DZA","city_id":1832,"log_pop":3.9023020817,"log_mass":6.1573534566},{"country_iso":"DZA","city_id":1832,"log_pop":4.2700580642,"log_mass":6.4032754183},{"country_iso":"DZA","city_id":1832,"log_pop":0.0996256685,"log_mass":3.5522975392},{"country_iso":"DZA","city_id":1832,"log_pop":3.9833699113,"log_mass":6.1021363987},{"country_iso":"DZA","city_id":2274,"log_pop":3.2612858379,"log_mass":6.4721190524},{"country_iso":"DZA","city_id":2274,"log_pop":2.8842423807,"log_mass":5.8737055654},{"country_iso":"DZA","city_id":2274,"log_pop":1.634961209,"log_mass":4.4109138295},{"country_iso":"DZA","city_id":2274,"log_pop":3.7591260306,"log_mass":6.3812785084},{"country_iso":"DZA","city_id":2274,"log_pop":3.5060854178,"log_mass":6.0673144602},{"country_iso":"DZA","city_id":2274,"log_pop":3.8132265319,"log_mass":6.4873424132},{"country_iso":"DZA","city_id":2274,"log_pop":4.1241391189,"log_mass":6.5368435188},{"country_iso":"DZA","city_id":2274,"log_pop":4.2153389984,"log_mass":6.6461698207},{"country_iso":"DZA","city_id":2274,"log_pop":1.6497838023,"log_mass":4.1712468263},{"country_iso":"DZA","city_id":2274,"log_pop":3.512779982,"log_mass":6.346557808},{"country_iso":"DZA","city_id":2274,"log_pop":2.5675898816,"log_mass":5.5491319478},{"country_iso":"DZA","city_id":2274,"log_pop":-1.2142210397,"log_mass":1.8511074543},{"country_iso":"DZA","city_id":2274,"log_pop":3.0423002728,"log_mass":5.9564228361},{"country_iso":"DZA","city_id":2274,"log_pop":3.7389673676,"log_mass":6.3439813678},{"country_iso":"DZA","city_id":2274,"log_pop":3.3941628318,"log_mass":5.8369123591},{"country_iso":"DZA","city_id":2274,"log_pop":4.1710871814,"log_mass":6.6040129169},{"country_iso":"DZA","city_id":2274,"log_pop":1.0577622501,"log_mass":4.3552685537},{"country_iso":"DZA","city_id":2274,"log_pop":2.9412488649,"log_mass":5.6179759931},{"country_iso":"DZA","city_id":2337,"log_pop":2.4327723802,"log_mass":4.8562159401},{"country_iso":"DZA","city_id":2337,"log_pop":3.1216139217,"log_mass":5.6755737619},{"country_iso":"DZA","city_id":2337,"log_pop":3.5079796816,"log_mass":5.7016999399},{"country_iso":"DZA","city_id":2337,"log_pop":3.2215935623,"log_mass":5.3659688309},{"country_iso":"DZA","city_id":2337,"log_pop":4.2094147407,"log_mass":6.3899740042},{"country_iso":"DZA","city_id":2337,"log_pop":4.5709158754,"log_mass":6.617296789},{"country_iso":"DZA","city_id":2337,"log_pop":0.9798900424,"log_mass":3.5226075238},{"country_iso":"DZA","city_id":2337,"log_pop":3.8135006999,"log_mass":6.0212688802},{"country_iso":"DZA","city_id":2337,"log_pop":1.6319625942,"log_mass":3.9259328707},{"country_iso":"DZA","city_id":2337,"log_pop":4.0848641806,"log_mass":6.1941292554},{"country_iso":"DZA","city_id":2337,"log_pop":0.5008895451,"log_mass":3.0677359369},{"country_iso":"DZA","city_id":2337,"log_pop":3.9455167116,"log_mass":6.1023886667},{"country_iso":"DZA","city_id":2337,"log_pop":2.6378460419,"log_mass":4.7886978256},{"country_iso":"DZA","city_id":2337,"log_pop":4.2086010063,"log_mass":6.3264329526},{"country_iso":"DZA","city_id":2337,"log_pop":4.1352203492,"log_mass":6.2905183899},{"country_iso":"DZA","city_id":2337,"log_pop":4.6543391272,"log_mass":6.6035353},{"country_iso":"DZA","city_id":2337,"log_pop":4.6725571492,"log_mass":6.6280315665},{"country_iso":"DZA","city_id":2337,"log_pop":1.7376483633,"log_mass":4.4349267194},{"country_iso":"DZA","city_id":1962,"log_pop":3.3070429138,"log_mass":5.5934463308},{"country_iso":"DZA","city_id":1962,"log_pop":3.9124171444,"log_mass":6.1613370068},{"country_iso":"DZA","city_id":1962,"log_pop":1.1040420349,"log_mass":3.5682683058},{"country_iso":"DZA","city_id":1962,"log_pop":2.6390145456,"log_mass":5.093940933},{"country_iso":"DZA","city_id":1962,"log_pop":1.2548547256,"log_mass":4.2683462069},{"country_iso":"DZA","city_id":1962,"log_pop":3.0821790688,"log_mass":5.6997796815},{"country_iso":"DZA","city_id":1962,"log_pop":3.7730941938,"log_mass":6.1742064166},{"country_iso":"DZA","city_id":1962,"log_pop":2.0610513972,"log_mass":4.5464540696},{"country_iso":"DZA","city_id":1962,"log_pop":2.0886295849,"log_mass":4.5969489909},{"country_iso":"DZA","city_id":1962,"log_pop":2.3708473124,"log_mass":4.4947826964},{"country_iso":"DZA","city_id":1962,"log_pop":3.9217901946,"log_mass":6.1492854521},{"country_iso":"DZA","city_id":1962,"log_pop":4.5345181568,"log_mass":6.6531843094},{"country_iso":"DZA","city_id":1962,"log_pop":2.2079327521,"log_mass":5.0024405252},{"country_iso":"DZA","city_id":1962,"log_pop":3.5963400013,"log_mass":5.7558841811},{"country_iso":"DZA","city_id":1962,"log_pop":3.3787881565,"log_mass":5.6331955341},{"country_iso":"DZA","city_id":1962,"log_pop":4.2204756377,"log_mass":6.3603069006},{"country_iso":"DZA","city_id":1962,"log_pop":3.4511511111,"log_mass":5.6763918767},{"country_iso":"DZA","city_id":1962,"log_pop":4.5348734868,"log_mass":6.5831967919},{"country_iso":"DZA","city_id":2084,"log_pop":4.1296364749,"log_mass":6.3299139387},{"country_iso":"DZA","city_id":2084,"log_pop":3.9373368935,"log_mass":6.1585375861},{"country_iso":"DZA","city_id":2084,"log_pop":2.6490005624,"log_mass":5.0064859673},{"country_iso":"DZA","city_id":2084,"log_pop":3.188969509,"log_mass":5.4120414878},{"country_iso":"DZA","city_id":2084,"log_pop":4.0001844731,"log_mass":6.1769321323},{"country_iso":"DZA","city_id":2084,"log_pop":3.8260610342,"log_mass":6.0145943676},{"country_iso":"DZA","city_id":2084,"log_pop":3.6897253126,"log_mass":6.1241214997},{"country_iso":"DZA","city_id":2084,"log_pop":2.7119079749,"log_mass":5.0226563627},{"country_iso":"DZA","city_id":2084,"log_pop":1.5658127281,"log_mass":4.0950081763},{"country_iso":"DZA","city_id":2084,"log_pop":1.7298335944,"log_mass":4.538191158},{"country_iso":"DZA","city_id":2084,"log_pop":2.044727229,"log_mass":4.6555692685},{"country_iso":"DZA","city_id":2084,"log_pop":3.5285567163,"log_mass":5.5332733594},{"country_iso":"DZA","city_id":2084,"log_pop":3.8461170268,"log_mass":6.033682926},{"country_iso":"DZA","city_id":2084,"log_pop":3.6375317385,"log_mass":5.9688579802},{"country_iso":"DZA","city_id":2084,"log_pop":3.8342809204,"log_mass":6.0989591632},{"country_iso":"DZA","city_id":2084,"log_pop":3.7394547599,"log_mass":6.0365912683},{"country_iso":"DZA","city_id":2084,"log_pop":3.3129029327,"log_mass":5.4457950383},{"country_iso":"DZA","city_id":2261,"log_pop":2.2838864245,"log_mass":4.9843614317},{"country_iso":"DZA","city_id":2261,"log_pop":3.7620547379,"log_mass":6.0027323274},{"country_iso":"DZA","city_id":2261,"log_pop":3.367521761,"log_mass":5.6882473364},{"country_iso":"DZA","city_id":2261,"log_pop":0.4043299713,"log_mass":3.0108032933},{"country_iso":"DZA","city_id":2261,"log_pop":4.2704269168,"log_mass":6.4206641765},{"country_iso":"DZA","city_id":2261,"log_pop":4.6350092078,"log_mass":6.7628832585},{"country_iso":"DZA","city_id":2261,"log_pop":3.2910142731,"log_mass":5.7286945237},{"country_iso":"DZA","city_id":2261,"log_pop":4.3559284045,"log_mass":6.4384623429},{"country_iso":"DZA","city_id":2261,"log_pop":3.6892300508,"log_mass":5.9462628168},{"country_iso":"DZA","city_id":2261,"log_pop":3.7704973379,"log_mass":6.0179641092},{"country_iso":"DZA","city_id":2261,"log_pop":3.491430016,"log_mass":5.7440361829},{"country_iso":"DZA","city_id":2261,"log_pop":2.2367901495,"log_mass":4.5078151542},{"country_iso":"DZA","city_id":2261,"log_pop":4.3947414444,"log_mass":6.6335567554},{"country_iso":"DZA","city_id":2261,"log_pop":1.9168226229,"log_mass":4.3179041549},{"country_iso":"DZA","city_id":2261,"log_pop":4.0643476955,"log_mass":6.2512652214},{"country_iso":"DZA","city_id":2261,"log_pop":2.4355434954,"log_mass":4.9388888827},{"country_iso":"DZA","city_id":2261,"log_pop":3.8858326694,"log_mass":6.2376603082},{"country_iso":"DZA","city_id":2301,"log_pop":2.9377439276,"log_mass":5.3415034571},{"country_iso":"DZA","city_id":2301,"log_pop":3.3514584319,"log_mass":5.6495282482},{"country_iso":"DZA","city_id":2301,"log_pop":3.9955201587,"log_mass":6.2408809014},{"country_iso":"DZA","city_id":2301,"log_pop":4.5802186662,"log_mass":6.6707169176},{"country_iso":"DZA","city_id":2301,"log_pop":3.3923940733,"log_mass":5.7273596975},{"country_iso":"DZA","city_id":2301,"log_pop":4.0506859504,"log_mass":6.3290414615},{"country_iso":"DZA","city_id":2301,"log_pop":3.4438611403,"log_mass":5.6870708169},{"country_iso":"DZA","city_id":2301,"log_pop":2.1884555179,"log_mass":4.4659609746},{"country_iso":"DZA","city_id":2301,"log_pop":3.4448147722,"log_mass":5.7575107707},{"country_iso":"DZA","city_id":2301,"log_pop":3.2012824039,"log_mass":5.676164879},{"country_iso":"DZA","city_id":2301,"log_pop":1.7480254266,"log_mass":4.3185516115},{"country_iso":"DZA","city_id":2301,"log_pop":4.4258634963,"log_mass":6.5108272047},{"country_iso":"DZA","city_id":2301,"log_pop":3.6473090334,"log_mass":5.9670825321},{"country_iso":"DZA","city_id":2301,"log_pop":4.1512201951,"log_mass":6.3662911087},{"country_iso":"DZA","city_id":2301,"log_pop":3.8980173848,"log_mass":6.0572543268},{"country_iso":"DZA","city_id":2301,"log_pop":2.8677504925,"log_mass":5.228173137},{"country_iso":"DZA","city_id":2413,"log_pop":2.8853921305,"log_mass":4.9799544836},{"country_iso":"DZA","city_id":2413,"log_pop":3.6527045921,"log_mass":5.8712106458},{"country_iso":"DZA","city_id":2413,"log_pop":3.0832147477,"log_mass":5.4342386988},{"country_iso":"DZA","city_id":2413,"log_pop":2.720456385,"log_mass":5.244621095},{"country_iso":"DZA","city_id":2413,"log_pop":3.8769938705,"log_mass":6.1845014287},{"country_iso":"DZA","city_id":2413,"log_pop":3.5039773464,"log_mass":6.0026431501},{"country_iso":"DZA","city_id":2413,"log_pop":4.1383985109,"log_mass":6.328053804},{"country_iso":"DZA","city_id":2413,"log_pop":1.8383506524,"log_mass":4.567809082},{"country_iso":"DZA","city_id":2413,"log_pop":0.9961656845,"log_mass":3.607108732},{"country_iso":"DZA","city_id":2413,"log_pop":2.4776094082,"log_mass":4.7302273075},{"country_iso":"DZA","city_id":2413,"log_pop":4.0029222041,"log_mass":6.1870332534},{"country_iso":"DZA","city_id":2413,"log_pop":4.4978573222,"log_mass":6.6431373709},{"country_iso":"DZA","city_id":2413,"log_pop":2.7718125652,"log_mass":5.2024932651},{"country_iso":"DZA","city_id":2413,"log_pop":2.894755223,"log_mass":5.1028671625},{"country_iso":"DZA","city_id":2413,"log_pop":3.4398414547,"log_mass":5.5349451347},{"country_iso":"DZA","city_id":2413,"log_pop":4.2378758901,"log_mass":6.4515405866},{"country_iso":"DZA","city_id":1769,"log_pop":2.726649444,"log_mass":5.0989691735},{"country_iso":"DZA","city_id":1769,"log_pop":4.3435204065,"log_mass":6.5743206718},{"country_iso":"DZA","city_id":1769,"log_pop":4.0898964142,"log_mass":6.3398897251},{"country_iso":"DZA","city_id":1769,"log_pop":3.9168569874,"log_mass":6.1680679468},{"country_iso":"DZA","city_id":1769,"log_pop":3.4813694059,"log_mass":5.7629802081},{"country_iso":"DZA","city_id":1769,"log_pop":3.8709461686,"log_mass":6.0678196579},{"country_iso":"DZA","city_id":1769,"log_pop":1.8026798705,"log_mass":4.2540908746},{"country_iso":"DZA","city_id":1769,"log_pop":3.1030348328,"log_mass":5.3285937498},{"country_iso":"DZA","city_id":1769,"log_pop":3.0081062858,"log_mass":5.5362412814},{"country_iso":"DZA","city_id":1769,"log_pop":2.8889644691,"log_mass":5.442387997},{"country_iso":"DZA","city_id":1769,"log_pop":4.0793981127,"log_mass":6.3353761295},{"country_iso":"DZA","city_id":1769,"log_pop":2.9270152298,"log_mass":5.2665235268},{"country_iso":"DZA","city_id":1769,"log_pop":4.0774368846,"log_mass":6.3193236945},{"country_iso":"DZA","city_id":1769,"log_pop":0.2794240108,"log_mass":3.0215638784},{"country_iso":"DZA","city_id":1769,"log_pop":2.240029242,"log_mass":5.1368756055},{"country_iso":"DZA","city_id":2116,"log_pop":3.5095312728,"log_mass":5.5223332367},{"country_iso":"DZA","city_id":2116,"log_pop":4.6840439422,"log_mass":6.513249063},{"country_iso":"DZA","city_id":2116,"log_pop":4.2086377644,"log_mass":6.2046720738},{"country_iso":"DZA","city_id":2116,"log_pop":2.9178233893,"log_mass":4.7577268987},{"country_iso":"DZA","city_id":2116,"log_pop":2.2993495492,"log_mass":4.5632036326},{"country_iso":"DZA","city_id":2116,"log_pop":3.4951195003,"log_mass":5.6305183818},{"country_iso":"DZA","city_id":2116,"log_pop":4.5781235988,"log_mass":6.4389931164},{"country_iso":"DZA","city_id":2116,"log_pop":2.6998789072,"log_mass":4.9900435994},{"country_iso":"DZA","city_id":2116,"log_pop":4.2263827789,"log_mass":6.1391403175},{"country_iso":"DZA","city_id":2116,"log_pop":3.6756174891,"log_mass":5.5410275802},{"country_iso":"DZA","city_id":2116,"log_pop":4.5637627392,"log_mass":6.4589945424},{"country_iso":"DZA","city_id":2116,"log_pop":3.0329185428,"log_mass":5.1916442827},{"country_iso":"DZA","city_id":2116,"log_pop":3.9902566955,"log_mass":5.9619544591},{"country_iso":"DZA","city_id":2116,"log_pop":3.5500173176,"log_mass":5.5252815348},{"country_iso":"DZA","city_id":2293,"log_pop":1.5176403539,"log_mass":4.0732017463},{"country_iso":"DZA","city_id":2293,"log_pop":3.3765119086,"log_mass":5.6149765288},{"country_iso":"DZA","city_id":2293,"log_pop":2.2388754762,"log_mass":4.7065341244},{"country_iso":"DZA","city_id":2293,"log_pop":4.3568758808,"log_mass":6.5322118345},{"country_iso":"DZA","city_id":2293,"log_pop":4.5450213475,"log_mass":6.5870489485},{"country_iso":"DZA","city_id":2293,"log_pop":3.126679769,"log_mass":5.3318385105},{"country_iso":"DZA","city_id":2293,"log_pop":3.7173044041,"log_mass":5.9990050036},{"country_iso":"DZA","city_id":2293,"log_pop":1.8441768209,"log_mass":4.250053474},{"country_iso":"DZA","city_id":2293,"log_pop":3.1089294984,"log_mass":5.3675016843},{"country_iso":"DZA","city_id":2293,"log_pop":3.1114938928,"log_mass":5.4486456629},{"country_iso":"DZA","city_id":2293,"log_pop":2.838325169,"log_mass":5.0444661954},{"country_iso":"DZA","city_id":2293,"log_pop":3.9954097622,"log_mass":6.0891027345},{"country_iso":"DZA","city_id":2293,"log_pop":3.8730244982,"log_mass":6.1005989872},{"country_iso":"DZA","city_id":2293,"log_pop":-1.0076948338,"log_mass":1.8665629097},{"country_iso":"DZA","city_id":2203,"log_pop":3.8662848725,"log_mass":6.1995198173},{"country_iso":"DZA","city_id":2203,"log_pop":3.9254585891,"log_mass":6.221870447},{"country_iso":"DZA","city_id":2203,"log_pop":2.1467136632,"log_mass":4.7869936692},{"country_iso":"DZA","city_id":2203,"log_pop":2.2072070179,"log_mass":4.8441653381},{"country_iso":"DZA","city_id":2203,"log_pop":2.6704226098,"log_mass":5.191827635},{"country_iso":"DZA","city_id":2203,"log_pop":4.4888021971,"log_mass":6.6707253069},{"country_iso":"DZA","city_id":2203,"log_pop":2.5873695562,"log_mass":5.5493087125},{"country_iso":"DZA","city_id":2203,"log_pop":2.7909270611,"log_mass":5.710780462},{"country_iso":"DZA","city_id":2203,"log_pop":1.4081040249,"log_mass":4.320897785},{"country_iso":"DZA","city_id":2203,"log_pop":3.8602313193,"log_mass":6.4304446037},{"country_iso":"DZA","city_id":2203,"log_pop":2.95239894,"log_mass":5.3349029852},{"country_iso":"DZA","city_id":2203,"log_pop":3.9979449123,"log_mass":6.2659192499},{"country_iso":"DZA","city_id":2203,"log_pop":2.7038187677,"log_mass":5.0045569945},{"country_iso":"DZA","city_id":2203,"log_pop":4.379711973,"log_mass":6.6473338941},{"country_iso":"DZA","city_id":2023,"log_pop":4.2461818019,"log_mass":6.5113723126},{"country_iso":"DZA","city_id":2023,"log_pop":3.1109413479,"log_mass":5.4185822807},{"country_iso":"DZA","city_id":2023,"log_pop":2.545081933,"log_mass":4.7684838498},{"country_iso":"DZA","city_id":2023,"log_pop":4.0965595933,"log_mass":6.3364071024},{"country_iso":"DZA","city_id":2023,"log_pop":4.227503717,"log_mass":6.4692381273},{"country_iso":"DZA","city_id":2023,"log_pop":3.1182093299,"log_mass":5.6063985618},{"country_iso":"DZA","city_id":2023,"log_pop":1.9461671325,"log_mass":4.3080254164},{"country_iso":"DZA","city_id":2023,"log_pop":3.4233187899,"log_mass":5.5686416393},{"country_iso":"DZA","city_id":2023,"log_pop":4.3100537479,"log_mass":6.4941340818},{"country_iso":"DZA","city_id":2023,"log_pop":3.8476679189,"log_mass":6.2031352976},{"country_iso":"DZA","city_id":2023,"log_pop":1.6462265981,"log_mass":4.1382948299},{"country_iso":"DZA","city_id":2023,"log_pop":3.8842563876,"log_mass":6.1890217434},{"country_iso":"DZA","city_id":2023,"log_pop":3.3520033328,"log_mass":5.7244703231},{"country_iso":"DZA","city_id":2023,"log_pop":2.4007576082,"log_mass":4.9619438802},{"country_iso":"DZA","city_id":2230,"log_pop":1.316191101,"log_mass":4.3778159194},{"country_iso":"DZA","city_id":2230,"log_pop":4.370631704,"log_mass":6.5312210342},{"country_iso":"DZA","city_id":2230,"log_pop":4.0238884054,"log_mass":6.236758557},{"country_iso":"DZA","city_id":2230,"log_pop":3.390040315,"log_mass":5.7504531826},{"country_iso":"DZA","city_id":2230,"log_pop":4.2341723217,"log_mass":6.4161911707},{"country_iso":"DZA","city_id":2230,"log_pop":4.6045566214,"log_mass":6.6037838263},{"country_iso":"DZA","city_id":2230,"log_pop":2.0704972898,"log_mass":4.6039689912},{"country_iso":"DZA","city_id":2230,"log_pop":2.065037026,"log_mass":4.9204441395},{"country_iso":"DZA","city_id":2230,"log_pop":2.9061718182,"log_mass":5.4612318026},{"country_iso":"DZA","city_id":2230,"log_pop":3.5418909132,"log_mass":5.8034173838},{"country_iso":"DZA","city_id":2230,"log_pop":1.557140579,"log_mass":4.3205483304},{"country_iso":"DZA","city_id":2230,"log_pop":4.0712712722,"log_mass":6.1580063438},{"country_iso":"DZA","city_id":2230,"log_pop":3.356524141,"log_mass":5.4034554872},{"country_iso":"DZA","city_id":2177,"log_pop":3.6942615089,"log_mass":5.8705841375},{"country_iso":"DZA","city_id":2177,"log_pop":2.6168261999,"log_mass":5.2300518268},{"country_iso":"DZA","city_id":2177,"log_pop":4.2248107049,"log_mass":6.3447446992},{"country_iso":"DZA","city_id":2177,"log_pop":2.9646331724,"log_mass":5.1701486901},{"country_iso":"DZA","city_id":2177,"log_pop":3.1380272943,"log_mass":5.4064236997},{"country_iso":"DZA","city_id":2177,"log_pop":3.8042035076,"log_mass":6.0252802788},{"country_iso":"DZA","city_id":2177,"log_pop":4.0506682467,"log_mass":6.1826055051},{"country_iso":"DZA","city_id":2177,"log_pop":3.9411270475,"log_mass":6.0220336019},{"country_iso":"DZA","city_id":2177,"log_pop":1.9084371459,"log_mass":4.6637284821},{"country_iso":"DZA","city_id":2177,"log_pop":2.7543063682,"log_mass":5.5651970027},{"country_iso":"DZA","city_id":2177,"log_pop":3.2142239302,"log_mass":5.7735495507},{"country_iso":"DZA","city_id":2177,"log_pop":3.4144793454,"log_mass":5.8359283096},{"country_iso":"DZA","city_id":2177,"log_pop":1.522950293,"log_mass":3.889341132},{"country_iso":"DZA","city_id":2539,"log_pop":3.767138684,"log_mass":6.0185688253},{"country_iso":"DZA","city_id":2539,"log_pop":4.6678907494,"log_mass":6.669303965},{"country_iso":"DZA","city_id":2539,"log_pop":3.5278638879,"log_mass":5.7853908627},{"country_iso":"DZA","city_id":2539,"log_pop":4.0418048108,"log_mass":6.2164119094},{"country_iso":"DZA","city_id":2539,"log_pop":4.3003108622,"log_mass":6.4381545927},{"country_iso":"DZA","city_id":2539,"log_pop":4.162033828,"log_mass":6.3369427559},{"country_iso":"DZA","city_id":2539,"log_pop":1.7014056769,"log_mass":4.2120216397},{"country_iso":"DZA","city_id":2539,"log_pop":3.0007856158,"log_mass":5.3535226196},{"country_iso":"DZA","city_id":2539,"log_pop":2.9940414444,"log_mass":5.1040778404},{"country_iso":"DZA","city_id":2539,"log_pop":1.4419560999,"log_mass":4.1531058311},{"country_iso":"DZA","city_id":2539,"log_pop":4.3359742304,"log_mass":6.4198886279},{"country_iso":"DZA","city_id":2539,"log_pop":1.4073062449,"log_mass":4.3228629868},{"country_iso":"DZA","city_id":2539,"log_pop":3.1061715209,"log_mass":5.4217502659},{"country_iso":"DZA","city_id":2024,"log_pop":3.8309225838,"log_mass":5.8969079482},{"country_iso":"DZA","city_id":2024,"log_pop":2.0218368431,"log_mass":4.2212236164},{"country_iso":"DZA","city_id":2024,"log_pop":4.5716068363,"log_mass":6.6113274976},{"country_iso":"DZA","city_id":2024,"log_pop":4.3197641714,"log_mass":6.4087098637},{"country_iso":"DZA","city_id":2024,"log_pop":3.7523481651,"log_mass":6.0797491391},{"country_iso":"DZA","city_id":2024,"log_pop":3.6858085001,"log_mass":5.8292059555},{"country_iso":"DZA","city_id":2024,"log_pop":3.9761180621,"log_mass":6.0591885146},{"country_iso":"DZA","city_id":2024,"log_pop":4.3793523217,"log_mass":6.4451515519},{"country_iso":"DZA","city_id":2024,"log_pop":3.4706910306,"log_mass":5.6746705226},{"country_iso":"DZA","city_id":2024,"log_pop":0.9563126223,"log_mass":3.9670014803},{"country_iso":"DZA","city_id":2024,"log_pop":3.6242972193,"log_mass":5.7371355152},{"country_iso":"DZA","city_id":2024,"log_pop":2.6707094041,"log_mass":5.3563542051},{"country_iso":"DZA","city_id":2024,"log_pop":2.1140221413,"log_mass":4.474290551},{"country_iso":"DZA","city_id":1894,"log_pop":3.0418850751,"log_mass":5.1440400603},{"country_iso":"DZA","city_id":1894,"log_pop":4.618840483,"log_mass":6.6076622461},{"country_iso":"DZA","city_id":1894,"log_pop":4.1032134604,"log_mass":6.207898232},{"country_iso":"DZA","city_id":1894,"log_pop":3.5931250866,"log_mass":5.699652846},{"country_iso":"DZA","city_id":1894,"log_pop":3.9442435114,"log_mass":6.1976631974},{"country_iso":"DZA","city_id":1894,"log_pop":3.208649465,"log_mass":5.4375407189},{"country_iso":"DZA","city_id":1894,"log_pop":2.4713753073,"log_mass":4.7312082666},{"country_iso":"DZA","city_id":1894,"log_pop":4.31624229,"log_mass":6.4201680992},{"country_iso":"DZA","city_id":1894,"log_pop":3.1913403324,"log_mass":5.509623376},{"country_iso":"DZA","city_id":1894,"log_pop":4.3247384749,"log_mass":6.3748312421},{"country_iso":"DZA","city_id":1894,"log_pop":4.3801431366,"log_mass":6.429394493},{"country_iso":"DZA","city_id":1894,"log_pop":3.7151506284,"log_mass":5.9162929201},{"country_iso":"DZA","city_id":1894,"log_pop":2.1410675137,"log_mass":4.2460154665},{"country_iso":"DZA","city_id":2508,"log_pop":4.0842043849,"log_mass":6.1361454648},{"country_iso":"DZA","city_id":2508,"log_pop":2.8622469157,"log_mass":5.0561677216},{"country_iso":"DZA","city_id":2508,"log_pop":4.2021898843,"log_mass":6.1561040413},{"country_iso":"DZA","city_id":2508,"log_pop":3.4018471312,"log_mass":5.5005013223},{"country_iso":"DZA","city_id":2508,"log_pop":2.0261933719,"log_mass":4.336745584},{"country_iso":"DZA","city_id":2508,"log_pop":4.5306081051,"log_mass":6.485446997},{"country_iso":"DZA","city_id":2508,"log_pop":3.1940371702,"log_mass":5.1920309023},{"country_iso":"DZA","city_id":2508,"log_pop":4.3398927446,"log_mass":6.2885724649},{"country_iso":"DZA","city_id":2508,"log_pop":1.9117098961,"log_mass":4.259649062},{"country_iso":"DZA","city_id":2508,"log_pop":3.3642657329,"log_mass":5.4965264864},{"country_iso":"DZA","city_id":2508,"log_pop":3.1724469401,"log_mass":5.1816428639},{"country_iso":"DZA","city_id":2088,"log_pop":4.3794868899,"log_mass":6.4103420614},{"country_iso":"DZA","city_id":2088,"log_pop":3.7827048852,"log_mass":5.824685516},{"country_iso":"DZA","city_id":2088,"log_pop":3.1342760222,"log_mass":5.4879237443},{"country_iso":"DZA","city_id":2088,"log_pop":3.3937569328,"log_mass":5.5965973199},{"country_iso":"DZA","city_id":2088,"log_pop":3.8287547225,"log_mass":5.9526149733},{"country_iso":"DZA","city_id":2088,"log_pop":2.4450262549,"log_mass":4.8137958214},{"country_iso":"DZA","city_id":2088,"log_pop":4.0850910628,"log_mass":6.1489621111},{"country_iso":"DZA","city_id":2088,"log_pop":2.5097066464,"log_mass":5.1789047065},{"country_iso":"DZA","city_id":2088,"log_pop":2.5597713034,"log_mass":5.1223680258},{"country_iso":"DZA","city_id":2088,"log_pop":3.3964985742,"log_mass":5.7301715588},{"country_iso":"DZA","city_id":2088,"log_pop":1.2474907937,"log_mass":4.2636096696},{"country_iso":"DZA","city_id":2213,"log_pop":4.5955604474,"log_mass":6.6456790655},{"country_iso":"DZA","city_id":2213,"log_pop":3.9224493381,"log_mass":6.1921193111},{"country_iso":"DZA","city_id":2213,"log_pop":4.1842166987,"log_mass":6.3134605409},{"country_iso":"DZA","city_id":2213,"log_pop":3.9613628278,"log_mass":6.1127037758},{"country_iso":"DZA","city_id":2213,"log_pop":3.8353543917,"log_mass":6.0449280632},{"country_iso":"DZA","city_id":2213,"log_pop":3.5753885755,"log_mass":6.0263380841},{"country_iso":"DZA","city_id":2213,"log_pop":4.3740352556,"log_mass":6.469667},{"country_iso":"DZA","city_id":2213,"log_pop":3.3893870247,"log_mass":5.854896972},{"country_iso":"DZA","city_id":2213,"log_pop":3.6410950032,"log_mass":5.9204372471},{"country_iso":"DZA","city_id":2213,"log_pop":2.2804503475,"log_mass":5.1792591647},{"country_iso":"DZA","city_id":2213,"log_pop":0.4453511509,"log_mass":3.3473326179},{"country_iso":"DZA","city_id":2113,"log_pop":2.147378374,"log_mass":5.0648959406},{"country_iso":"DZA","city_id":2113,"log_pop":4.1834780601,"log_mass":6.3364046228},{"country_iso":"DZA","city_id":2113,"log_pop":3.1417067551,"log_mass":5.4398037312},{"country_iso":"DZA","city_id":2113,"log_pop":3.5931112794,"log_mass":5.9157699503},{"country_iso":"DZA","city_id":2113,"log_pop":2.4576193993,"log_mass":4.8981713718},{"country_iso":"DZA","city_id":2113,"log_pop":3.2131815763,"log_mass":5.6653880404},{"country_iso":"DZA","city_id":2113,"log_pop":2.1628985568,"log_mass":4.7666040577},{"country_iso":"DZA","city_id":2113,"log_pop":3.6817063623,"log_mass":6.1381951404},{"country_iso":"DZA","city_id":2113,"log_pop":3.3360659147,"log_mass":5.8213994596},{"country_iso":"DZA","city_id":2113,"log_pop":3.1887034079,"log_mass":5.4843057603},{"country_iso":"DZA","city_id":2113,"log_pop":3.8137776965,"log_mass":6.1997169891},{"country_iso":"DZA","city_id":1970,"log_pop":3.4491733394,"log_mass":5.62050744},{"country_iso":"DZA","city_id":1970,"log_pop":4.4519053138,"log_mass":6.4893540128},{"country_iso":"DZA","city_id":1970,"log_pop":2.7563051698,"log_mass":4.9086738188},{"country_iso":"DZA","city_id":1970,"log_pop":4.2779168344,"log_mass":6.2947005564},{"country_iso":"DZA","city_id":1970,"log_pop":3.2507025304,"log_mass":5.4307731473},{"country_iso":"DZA","city_id":1970,"log_pop":1.8460030722,"log_mass":4.2717632741},{"country_iso":"DZA","city_id":1970,"log_pop":2.5404448944,"log_mass":5.2418401825},{"country_iso":"DZA","city_id":1970,"log_pop":3.0981941275,"log_mass":5.4062580836},{"country_iso":"DZA","city_id":1970,"log_pop":4.2037804714,"log_mass":6.2909620121},{"country_iso":"DZA","city_id":1970,"log_pop":3.2965195183,"log_mass":5.6122080837},{"country_iso":"DZA","city_id":1970,"log_pop":3.9944458948,"log_mass":6.0743959395},{"country_iso":"DZA","city_id":2291,"log_pop":2.5526790024,"log_mass":4.7554879951},{"country_iso":"DZA","city_id":2291,"log_pop":2.7339275198,"log_mass":5.1227400789},{"country_iso":"DZA","city_id":2291,"log_pop":3.2467184547,"log_mass":5.5129882258},{"country_iso":"DZA","city_id":2291,"log_pop":4.4056219182,"log_mass":6.4398275831},{"country_iso":"DZA","city_id":2291,"log_pop":4.5528504509,"log_mass":6.6213670196},{"country_iso":"DZA","city_id":2291,"log_pop":3.8326890676,"log_mass":6.0301807369},{"country_iso":"DZA","city_id":2291,"log_pop":3.9795093205,"log_mass":6.1699828638},{"country_iso":"DZA","city_id":2291,"log_pop":4.2787022048,"log_mass":6.3961368316},{"country_iso":"DZA","city_id":2291,"log_pop":2.7671631459,"log_mass":4.9535706278},{"country_iso":"DZA","city_id":2291,"log_pop":2.5029130758,"log_mass":5.0640787171},{"country_iso":"DZA","city_id":2291,"log_pop":1.9512867489,"log_mass":4.467391516},{"country_iso":"DZA","city_id":2345,"log_pop":2.2134293281,"log_mass":4.3727725492},{"country_iso":"DZA","city_id":2345,"log_pop":3.9305607209,"log_mass":6.0957376697},{"country_iso":"DZA","city_id":2345,"log_pop":4.3461658938,"log_mass":6.4524148292},{"country_iso":"DZA","city_id":2345,"log_pop":2.9401569,"log_mass":5.2805527025},{"country_iso":"DZA","city_id":2345,"log_pop":3.7695560192,"log_mass":6.0605025819},{"country_iso":"DZA","city_id":2345,"log_pop":0.465174424,"log_mass":4.0653020818},{"country_iso":"DZA","city_id":2345,"log_pop":3.5558004212,"log_mass":5.8798152132},{"country_iso":"DZA","city_id":2345,"log_pop":4.2388115767,"log_mass":6.4977280783},{"country_iso":"DZA","city_id":2345,"log_pop":3.3932462339,"log_mass":5.8042992941},{"country_iso":"DZA","city_id":2345,"log_pop":2.9160485636,"log_mass":5.3368534417},{"country_iso":"DZA","city_id":2345,"log_pop":3.0492164521,"log_mass":5.5789834995},{"country_iso":"DZA","city_id":2434,"log_pop":2.7994785917,"log_mass":4.9542706178},{"country_iso":"DZA","city_id":2434,"log_pop":4.0275506852,"log_mass":6.3082362546},{"country_iso":"DZA","city_id":2434,"log_pop":1.9932527984,"log_mass":4.8021559255},{"country_iso":"DZA","city_id":2434,"log_pop":4.2330960823,"log_mass":6.3047545759},{"country_iso":"DZA","city_id":2434,"log_pop":4.4214103135,"log_mass":6.4720509378},{"country_iso":"DZA","city_id":2434,"log_pop":2.7690719294,"log_mass":5.3155329708},{"country_iso":"DZA","city_id":2434,"log_pop":3.1068852813,"log_mass":5.6345281437},{"country_iso":"DZA","city_id":2434,"log_pop":2.2029778664,"log_mass":4.5936008461},{"country_iso":"DZA","city_id":2434,"log_pop":3.6773047249,"log_mass":5.8397190177},{"country_iso":"DZA","city_id":2434,"log_pop":4.1938757813,"log_mass":6.3362529499},{"country_iso":"DZA","city_id":2105,"log_pop":3.5455982365,"log_mass":6.2424532791},{"country_iso":"DZA","city_id":2105,"log_pop":2.4659695417,"log_mass":5.2309240558},{"country_iso":"DZA","city_id":2105,"log_pop":2.2773380063,"log_mass":5.185237643},{"country_iso":"DZA","city_id":2105,"log_pop":3.0546160123,"log_mass":5.9566149736},{"country_iso":"DZA","city_id":2105,"log_pop":2.3626618729,"log_mass":5.162945565},{"country_iso":"DZA","city_id":2105,"log_pop":2.7291425281,"log_mass":5.4824752921},{"country_iso":"DZA","city_id":2105,"log_pop":0.4664698249,"log_mass":3.5019366616},{"country_iso":"DZA","city_id":2105,"log_pop":1.1805574749,"log_mass":4.3149581996},{"country_iso":"DZA","city_id":2105,"log_pop":0.7936317239,"log_mass":3.9595847869},{"country_iso":"DZA","city_id":2105,"log_pop":2.4338321769,"log_mass":5.7061759229},{"country_iso":"DZA","city_id":2378,"log_pop":1.1745885391,"log_mass":3.9953621811},{"country_iso":"DZA","city_id":2378,"log_pop":2.8534858887,"log_mass":5.5652355659},{"country_iso":"DZA","city_id":2378,"log_pop":2.2988834427,"log_mass":4.3995373208},{"country_iso":"DZA","city_id":2378,"log_pop":3.7596119671,"log_mass":6.0657811475},{"country_iso":"DZA","city_id":2378,"log_pop":3.959379512,"log_mass":6.0790507918},{"country_iso":"DZA","city_id":2378,"log_pop":3.3392216692,"log_mass":5.9761605035},{"country_iso":"DZA","city_id":2378,"log_pop":4.2885732643,"log_mass":6.3892480189},{"country_iso":"DZA","city_id":2378,"log_pop":2.6143575004,"log_mass":5.1063397126},{"country_iso":"DZA","city_id":2378,"log_pop":2.5492929322,"log_mass":4.9132961262},{"country_iso":"DZA","city_id":2378,"log_pop":3.6739782387,"log_mass":5.7760010789},{"country_iso":"DZA","city_id":2266,"log_pop":4.451079156,"log_mass":6.6098338031},{"country_iso":"DZA","city_id":2266,"log_pop":3.9411695722,"log_mass":6.2143780679},{"country_iso":"DZA","city_id":2266,"log_pop":3.0656333231,"log_mass":5.2547988212},{"country_iso":"DZA","city_id":2266,"log_pop":3.9699180299,"log_mass":6.1874527079},{"country_iso":"DZA","city_id":2266,"log_pop":3.3226265362,"log_mass":5.6364371781},{"country_iso":"DZA","city_id":2266,"log_pop":3.5208652131,"log_mass":5.8358490114},{"country_iso":"DZA","city_id":2266,"log_pop":2.6725303613,"log_mass":5.2618170948},{"country_iso":"DZA","city_id":2266,"log_pop":2.347791422,"log_mass":4.6784475564},{"country_iso":"DZA","city_id":2266,"log_pop":2.5020357106,"log_mass":5.0254717711},{"country_iso":"DZA","city_id":2266,"log_pop":1.2154586067,"log_mass":3.8907543866},{"country_iso":"DZA","city_id":2097,"log_pop":3.8132637979,"log_mass":5.9489077689},{"country_iso":"DZA","city_id":2097,"log_pop":4.404412578,"log_mass":6.5979361357},{"country_iso":"DZA","city_id":2097,"log_pop":3.4922869189,"log_mass":5.7180936996},{"country_iso":"DZA","city_id":2097,"log_pop":4.3341847954,"log_mass":6.4384478763},{"country_iso":"DZA","city_id":2097,"log_pop":3.1426848327,"log_mass":5.5433122104},{"country_iso":"DZA","city_id":2097,"log_pop":3.4604067858,"log_mass":5.6991960524},{"country_iso":"DZA","city_id":2097,"log_pop":4.0159156005,"log_mass":6.1534674286},{"country_iso":"DZA","city_id":2097,"log_pop":3.0374842749,"log_mass":5.3513722981},{"country_iso":"DZA","city_id":2097,"log_pop":2.9065828184,"log_mass":5.2444395876},{"country_iso":"DZA","city_id":2097,"log_pop":3.4570664295,"log_mass":5.751928953},{"country_iso":"DZA","city_id":2111,"log_pop":1.4980695116,"log_mass":4.226939505},{"country_iso":"DZA","city_id":2111,"log_pop":3.6485478647,"log_mass":5.8608438944},{"country_iso":"DZA","city_id":2111,"log_pop":2.3279564959,"log_mass":4.7567673112},{"country_iso":"DZA","city_id":2111,"log_pop":3.2907816917,"log_mass":5.4952786907},{"country_iso":"DZA","city_id":2111,"log_pop":4.1861234865,"log_mass":6.322894454},{"country_iso":"DZA","city_id":2111,"log_pop":1.2008697469,"log_mass":3.745313447},{"country_iso":"DZA","city_id":2111,"log_pop":2.9441508559,"log_mass":5.3674321075},{"country_iso":"DZA","city_id":2111,"log_pop":3.9106403519,"log_mass":5.9853926997},{"country_iso":"DZA","city_id":2111,"log_pop":0.6730483468,"log_mass":3.5357789863},{"country_iso":"DZA","city_id":2111,"log_pop":3.4682824201,"log_mass":5.6758514697},{"country_iso":"DZA","city_id":2117,"log_pop":3.1901839025,"log_mass":5.4151269214},{"country_iso":"DZA","city_id":2117,"log_pop":3.9696463979,"log_mass":6.336489034},{"country_iso":"DZA","city_id":2117,"log_pop":0.6906799045,"log_mass":3.5817817215},{"country_iso":"DZA","city_id":2117,"log_pop":3.8448861287,"log_mass":6.1857009886},{"country_iso":"DZA","city_id":2117,"log_pop":0.7641596459,"log_mass":3.7048579193},{"country_iso":"DZA","city_id":2117,"log_pop":2.1906017099,"log_mass":5.1473482989},{"country_iso":"DZA","city_id":2117,"log_pop":3.5491868311,"log_mass":5.987912083},{"country_iso":"DZA","city_id":2117,"log_pop":1.2132749913,"log_mass":3.9576711731},{"country_iso":"DZA","city_id":2117,"log_pop":2.8331061906,"log_mass":5.2636045344},{"country_iso":"DZA","city_id":2117,"log_pop":2.9955387169,"log_mass":5.5361152413},{"country_iso":"DZA","city_id":2170,"log_pop":4.1818638434,"log_mass":6.4857665332},{"country_iso":"DZA","city_id":2170,"log_pop":2.4730379472,"log_mass":4.9527974869},{"country_iso":"DZA","city_id":2170,"log_pop":4.2406932014,"log_mass":6.6148644373},{"country_iso":"DZA","city_id":2170,"log_pop":3.9042122545,"log_mass":6.3243089252},{"country_iso":"DZA","city_id":2170,"log_pop":2.8326178262,"log_mass":5.3910515031},{"country_iso":"DZA","city_id":2170,"log_pop":3.9930114207,"log_mass":6.330103125},{"country_iso":"DZA","city_id":2170,"log_pop":2.5696734609,"log_mass":5.2212041156},{"country_iso":"DZA","city_id":2170,"log_pop":2.6525660516,"log_mass":5.2014414949},{"country_iso":"DZA","city_id":2170,"log_pop":3.3262529773,"log_mass":5.7537409778},{"country_iso":"DZA","city_id":2453,"log_pop":3.9258644414,"log_mass":6.0714699351},{"country_iso":"DZA","city_id":2453,"log_pop":3.5829604449,"log_mass":5.6322413609},{"country_iso":"DZA","city_id":2453,"log_pop":1.4284042234,"log_mass":4.9020440102},{"country_iso":"DZA","city_id":2453,"log_pop":4.53791162,"log_mass":6.5979289756},{"country_iso":"DZA","city_id":2453,"log_pop":3.7054469832,"log_mass":5.8037149823},{"country_iso":"DZA","city_id":2453,"log_pop":3.5656832823,"log_mass":5.7798391102},{"country_iso":"DZA","city_id":2453,"log_pop":3.8092856257,"log_mass":5.8917751058},{"country_iso":"DZA","city_id":2453,"log_pop":3.2919463783,"log_mass":5.2467783994},{"country_iso":"DZA","city_id":2453,"log_pop":3.3596568731,"log_mass":5.7303342232},{"country_iso":"DZA","city_id":2143,"log_pop":2.1064151896,"log_mass":4.7287328939},{"country_iso":"DZA","city_id":2143,"log_pop":0.8912944599,"log_mass":3.5978069364},{"country_iso":"DZA","city_id":2143,"log_pop":3.9780870831,"log_mass":6.2443115949},{"country_iso":"DZA","city_id":2143,"log_pop":3.8017210297,"log_mass":6.0244202046},{"country_iso":"DZA","city_id":2143,"log_pop":3.6681415986,"log_mass":5.9692510232},{"country_iso":"DZA","city_id":2143,"log_pop":2.7570291133,"log_mass":5.4606375987},{"country_iso":"DZA","city_id":2143,"log_pop":3.5648384457,"log_mass":5.940815632},{"country_iso":"DZA","city_id":2143,"log_pop":2.3748441621,"log_mass":5.282909779},{"country_iso":"DZA","city_id":2143,"log_pop":3.6202186628,"log_mass":6.1118032412},{"country_iso":"DZA","city_id":2454,"log_pop":3.6422646595,"log_mass":5.6884081033},{"country_iso":"DZA","city_id":2454,"log_pop":3.7130571017,"log_mass":5.7091664709},{"country_iso":"DZA","city_id":2454,"log_pop":2.757651276,"log_mass":4.8508077313},{"country_iso":"DZA","city_id":2454,"log_pop":4.0274517138,"log_mass":6.0716434396},{"country_iso":"DZA","city_id":2454,"log_pop":3.1269808607,"log_mass":5.1813423914},{"country_iso":"DZA","city_id":2454,"log_pop":3.9414216409,"log_mass":5.9028401485},{"country_iso":"DZA","city_id":2454,"log_pop":0.0341679185,"log_mass":2.9129066527},{"country_iso":"DZA","city_id":2454,"log_pop":4.6471107291,"log_mass":6.6212692029},{"country_iso":"DZA","city_id":2099,"log_pop":4.5008165372,"log_mass":6.5702280576},{"country_iso":"DZA","city_id":2099,"log_pop":2.9994364601,"log_mass":5.2847996002},{"country_iso":"DZA","city_id":2099,"log_pop":3.4853676409,"log_mass":5.6644043205},{"country_iso":"DZA","city_id":2099,"log_pop":3.6098520095,"log_mass":5.910897253},{"country_iso":"DZA","city_id":2099,"log_pop":3.1441320089,"log_mass":5.2778212359},{"country_iso":"DZA","city_id":2099,"log_pop":2.6516126134,"log_mass":4.7743925864},{"country_iso":"DZA","city_id":2099,"log_pop":3.0515025652,"log_mass":5.169947197},{"country_iso":"DZA","city_id":2099,"log_pop":2.2940497279,"log_mass":5.029147639},{"country_iso":"DZA","city_id":2427,"log_pop":2.8265851148,"log_mass":5.4385394553},{"country_iso":"DZA","city_id":2427,"log_pop":2.8713462422,"log_mass":5.3335514303},{"country_iso":"DZA","city_id":2427,"log_pop":0.963356324,"log_mass":3.7046287261},{"country_iso":"DZA","city_id":2427,"log_pop":1.7127390675,"log_mass":4.1726067911},{"country_iso":"DZA","city_id":2427,"log_pop":4.2315452186,"log_mass":6.4945685664},{"country_iso":"DZA","city_id":2427,"log_pop":3.9997425317,"log_mass":6.3299720084},{"country_iso":"DZA","city_id":2427,"log_pop":3.696358293,"log_mass":6.0100689436},{"country_iso":"DZA","city_id":2427,"log_pop":3.7510551786,"log_mass":5.9353476801},{"country_iso":"DZA","city_id":1968,"log_pop":4.4972231701,"log_mass":6.6100527588},{"country_iso":"DZA","city_id":1968,"log_pop":3.7051476054,"log_mass":5.9293630456},{"country_iso":"DZA","city_id":1968,"log_pop":4.0126814673,"log_mass":6.1864569437},{"country_iso":"DZA","city_id":1968,"log_pop":3.7032458591,"log_mass":5.9257594445},{"country_iso":"DZA","city_id":1968,"log_pop":3.5791368105,"log_mass":5.7467373367},{"country_iso":"DZA","city_id":1968,"log_pop":3.2204286963,"log_mass":5.6223834217},{"country_iso":"DZA","city_id":1968,"log_pop":3.7319554668,"log_mass":5.969625725},{"country_iso":"DZA","city_id":1968,"log_pop":3.1911429818,"log_mass":5.3527564624},{"country_iso":"DZA","city_id":2109,"log_pop":3.3966835573,"log_mass":5.7808479057},{"country_iso":"DZA","city_id":2109,"log_pop":2.3198958926,"log_mass":4.8705208442},{"country_iso":"DZA","city_id":2109,"log_pop":4.1719880341,"log_mass":6.3166026484},{"country_iso":"DZA","city_id":2109,"log_pop":1.3977660035,"log_mass":4.5526643942},{"country_iso":"DZA","city_id":2109,"log_pop":2.4426331401,"log_mass":5.0754224331},{"country_iso":"DZA","city_id":2109,"log_pop":2.3630705751,"log_mass":5.0478295375},{"country_iso":"DZA","city_id":2109,"log_pop":4.0129429359,"log_mass":6.2627573622},{"country_iso":"DZA","city_id":2109,"log_pop":3.7405173542,"log_mass":6.0936199212},{"country_iso":"DZA","city_id":2388,"log_pop":3.8286610264,"log_mass":5.9402621859},{"country_iso":"DZA","city_id":2388,"log_pop":3.4277594589,"log_mass":5.8489785963},{"country_iso":"DZA","city_id":2388,"log_pop":4.4742713284,"log_mass":6.5664147388},{"country_iso":"DZA","city_id":2388,"log_pop":3.8055948452,"log_mass":5.9196245183},{"country_iso":"DZA","city_id":2388,"log_pop":2.5047645306,"log_mass":4.447014449},{"country_iso":"DZA","city_id":2388,"log_pop":3.1957205441,"log_mass":5.3534080511},{"country_iso":"DZA","city_id":2388,"log_pop":2.0349347445,"log_mass":4.8416372533},{"country_iso":"DZA","city_id":2158,"log_pop":3.2339808759,"log_mass":5.5076525109},{"country_iso":"DZA","city_id":2158,"log_pop":4.2302007601,"log_mass":6.347212957},{"country_iso":"DZA","city_id":2158,"log_pop":2.7329527526,"log_mass":4.934973145},{"country_iso":"DZA","city_id":2158,"log_pop":0.4498108475,"log_mass":2.7219163236},{"country_iso":"DZA","city_id":2158,"log_pop":2.3562733725,"log_mass":4.9261650631},{"country_iso":"DZA","city_id":2158,"log_pop":3.8800749022,"log_mass":5.9769247574},{"country_iso":"DZA","city_id":2158,"log_pop":3.6601318639,"log_mass":5.8800994777},{"country_iso":"DZA","city_id":2255,"log_pop":2.8585099671,"log_mass":5.2100797705},{"country_iso":"DZA","city_id":2255,"log_pop":1.3823885452,"log_mass":3.4324665162},{"country_iso":"DZA","city_id":2255,"log_pop":3.3277699856,"log_mass":5.6396732472},{"country_iso":"DZA","city_id":2255,"log_pop":4.3444930294,"log_mass":6.5429764353},{"country_iso":"DZA","city_id":2255,"log_pop":2.5750231485,"log_mass":4.8003915232},{"country_iso":"DZA","city_id":2255,"log_pop":3.6161553926,"log_mass":5.8988925297},{"country_iso":"DZA","city_id":2255,"log_pop":2.4853537991,"log_mass":4.9390070147},{"country_iso":"DZA","city_id":2343,"log_pop":2.6357997901,"log_mass":5.0160634612},{"country_iso":"DZA","city_id":2343,"log_pop":3.3614068158,"log_mass":5.7368360979},{"country_iso":"DZA","city_id":2343,"log_pop":3.6748490074,"log_mass":5.9593149601},{"country_iso":"DZA","city_id":2343,"log_pop":-0.3096747184,"log_mass":2.8001014362},{"country_iso":"DZA","city_id":2343,"log_pop":3.1703545287,"log_mass":5.5198988145},{"country_iso":"DZA","city_id":2343,"log_pop":4.2932531706,"log_mass":6.5503195556},{"country_iso":"DZA","city_id":2343,"log_pop":2.5002280226,"log_mass":4.8730923292},{"country_iso":"DZA","city_id":2002,"log_pop":1.4889985374,"log_mass":4.0249322264},{"country_iso":"DZA","city_id":2002,"log_pop":4.3985853743,"log_mass":6.5225251816},{"country_iso":"DZA","city_id":2002,"log_pop":3.3058526244,"log_mass":5.750399038},{"country_iso":"DZA","city_id":2002,"log_pop":1.15998571,"log_mass":3.6975096143},{"country_iso":"DZA","city_id":2002,"log_pop":2.7040780021,"log_mass":4.9405721642},{"country_iso":"DZA","city_id":2002,"log_pop":3.489269955,"log_mass":5.6717515575},{"country_iso":"DZA","city_id":2002,"log_pop":2.2055948273,"log_mass":5.1090955241},{"country_iso":"DZA","city_id":2379,"log_pop":4.0573657236,"log_mass":6.2164636782},{"country_iso":"DZA","city_id":2379,"log_pop":4.3745596038,"log_mass":6.591358113},{"country_iso":"DZA","city_id":2379,"log_pop":2.5090992404,"log_mass":4.7976096748},{"country_iso":"DZA","city_id":2379,"log_pop":1.1737070042,"log_mass":3.422232247},{"country_iso":"DZA","city_id":2379,"log_pop":3.7762567781,"log_mass":5.9848038609},{"country_iso":"DZA","city_id":2379,"log_pop":2.1640492179,"log_mass":4.8050651686},{"country_iso":"DZA","city_id":2379,"log_pop":2.4829896335,"log_mass":5.1953433528},{"country_iso":"DZA","city_id":2039,"log_pop":1.3558657202,"log_mass":4.0975547629},{"country_iso":"DZA","city_id":2039,"log_pop":1.2252118241,"log_mass":3.640614776},{"country_iso":"DZA","city_id":2039,"log_pop":4.231200767,"log_mass":5.8596668597},{"country_iso":"DZA","city_id":2039,"log_pop":1.5312125325,"log_mass":3.5094732229},{"country_iso":"DZA","city_id":2039,"log_pop":3.0925824291,"log_mass":5.1877964687},{"country_iso":"DZA","city_id":2039,"log_pop":2.139692189,"log_mass":4.028769897},{"country_iso":"DZA","city_id":2039,"log_pop":2.4530913384,"log_mass":4.5738299872},{"country_iso":"DZA","city_id":1901,"log_pop":0.9274141193,"log_mass":3.2633743785},{"country_iso":"DZA","city_id":1901,"log_pop":1.8657190484,"log_mass":4.2097101443},{"country_iso":"DZA","city_id":1901,"log_pop":0.9814769647,"log_mass":3.2425103769},{"country_iso":"DZA","city_id":1901,"log_pop":3.1340010161,"log_mass":5.2498743897},{"country_iso":"DZA","city_id":1901,"log_pop":4.231312613,"log_mass":6.2155813408},{"country_iso":"DZA","city_id":1901,"log_pop":2.9222732431,"log_mass":5.0886968794},{"country_iso":"DZA","city_id":1901,"log_pop":2.7535055081,"log_mass":4.8264668746},{"country_iso":"DZA","city_id":2055,"log_pop":3.534988144,"log_mass":5.9042098766},{"country_iso":"DZA","city_id":2055,"log_pop":3.8446798491,"log_mass":6.0954201229},{"country_iso":"DZA","city_id":2055,"log_pop":2.7474026392,"log_mass":5.2282075092},{"country_iso":"DZA","city_id":2055,"log_pop":2.1064313618,"log_mass":4.1928429052},{"country_iso":"DZA","city_id":2055,"log_pop":4.1638006569,"log_mass":6.4018981593},{"country_iso":"DZA","city_id":2055,"log_pop":3.4847569251,"log_mass":5.7893220601},{"country_iso":"DZA","city_id":2055,"log_pop":3.6658941257,"log_mass":5.9572916794},{"country_iso":"DZA","city_id":2062,"log_pop":2.129898266,"log_mass":4.6238241194},{"country_iso":"DZA","city_id":2062,"log_pop":3.5712054763,"log_mass":5.6956260635},{"country_iso":"DZA","city_id":2062,"log_pop":4.38411754,"log_mass":6.4542019911},{"country_iso":"DZA","city_id":2062,"log_pop":3.255644274,"log_mass":5.3801820202},{"country_iso":"DZA","city_id":2062,"log_pop":3.6875013555,"log_mass":5.7983383921},{"country_iso":"DZA","city_id":2062,"log_pop":2.2915375834,"log_mass":4.7757044258},{"country_iso":"DZA","city_id":2062,"log_pop":3.9470962977,"log_mass":6.0803921331},{"country_iso":"DZA","city_id":1878,"log_pop":2.172384524,"log_mass":4.7796098216},{"country_iso":"DZA","city_id":1878,"log_pop":2.5077229961,"log_mass":5.0237133069},{"country_iso":"DZA","city_id":1878,"log_pop":4.2599571307,"log_mass":6.1399173894},{"country_iso":"DZA","city_id":1878,"log_pop":4.2234046925,"log_mass":6.1045357539},{"country_iso":"DZA","city_id":1878,"log_pop":4.0918767567,"log_mass":6.006294874},{"country_iso":"DZA","city_id":1878,"log_pop":3.6074895039,"log_mass":5.4350458005},{"country_iso":"DZA","city_id":1878,"log_pop":3.5610834147,"log_mass":5.719425666},{"country_iso":"DZA","city_id":1916,"log_pop":4.0564640156,"log_mass":6.1296329699},{"country_iso":"DZA","city_id":1916,"log_pop":3.8027798316,"log_mass":5.8659367267},{"country_iso":"DZA","city_id":1916,"log_pop":2.9427445666,"log_mass":5.1843528631},{"country_iso":"DZA","city_id":1916,"log_pop":3.8218911881,"log_mass":6.0625167183},{"country_iso":"DZA","city_id":1916,"log_pop":2.4303740882,"log_mass":5.0715878458},{"country_iso":"DZA","city_id":1916,"log_pop":3.2377532877,"log_mass":5.6326063479},{"country_iso":"DZA","city_id":1916,"log_pop":2.9315596288,"log_mass":5.4777950659},{"country_iso":"DZA","city_id":1804,"log_pop":4.0566488663,"log_mass":6.1315215104},{"country_iso":"DZA","city_id":1804,"log_pop":2.889797901,"log_mass":5.1623348265},{"country_iso":"DZA","city_id":1804,"log_pop":4.0420979691,"log_mass":6.0568432452},{"country_iso":"DZA","city_id":1804,"log_pop":3.9663847885,"log_mass":6.0524622943},{"country_iso":"DZA","city_id":1804,"log_pop":3.9517586138,"log_mass":6.0836250245},{"country_iso":"DZA","city_id":1804,"log_pop":3.1843963261,"log_mass":5.4786887272},{"country_iso":"DZA","city_id":1804,"log_pop":1.9134982632,"log_mass":4.691918822},{"country_iso":"DZA","city_id":1986,"log_pop":3.0737914247,"log_mass":5.4748664657},{"country_iso":"DZA","city_id":1986,"log_pop":4.4311795512,"log_mass":6.5069876647},{"country_iso":"DZA","city_id":1986,"log_pop":3.6410509299,"log_mass":5.8069917726},{"country_iso":"DZA","city_id":1986,"log_pop":3.618775755,"log_mass":5.9228707792},{"country_iso":"DZA","city_id":1986,"log_pop":4.2480432613,"log_mass":6.236543816},{"country_iso":"DZA","city_id":1986,"log_pop":3.3003331693,"log_mass":5.4408101028},{"country_iso":"DZA","city_id":1986,"log_pop":3.917691298,"log_mass":5.9363865363},{"country_iso":"DZA","city_id":1933,"log_pop":3.0169458725,"log_mass":5.4198206346},{"country_iso":"DZA","city_id":1933,"log_pop":3.770958449,"log_mass":6.0586117537},{"country_iso":"DZA","city_id":1933,"log_pop":1.0362625161,"log_mass":3.6790676478},{"country_iso":"DZA","city_id":1933,"log_pop":3.3972456053,"log_mass":5.8912861947},{"country_iso":"DZA","city_id":1933,"log_pop":3.6390799044,"log_mass":6.0677321724},{"country_iso":"DZA","city_id":1933,"log_pop":3.6021302521,"log_mass":5.9535452647},{"country_iso":"DZA","city_id":1933,"log_pop":3.5753125214,"log_mass":5.8844785274},{"country_iso":"DZA","city_id":2137,"log_pop":2.7023721933,"log_mass":5.3037507305},{"country_iso":"DZA","city_id":2137,"log_pop":3.8054629009,"log_mass":6.0200411761},{"country_iso":"DZA","city_id":2137,"log_pop":4.0826696459,"log_mass":6.3277426193},{"country_iso":"DZA","city_id":2137,"log_pop":3.829580823,"log_mass":5.9814823142},{"country_iso":"DZA","city_id":2137,"log_pop":1.5581221878,"log_mass":4.2250906479},{"country_iso":"DZA","city_id":2137,"log_pop":2.8529827175,"log_mass":5.1526010682},{"country_iso":"DZA","city_id":2128,"log_pop":3.7336810482,"log_mass":5.6572701068},{"country_iso":"DZA","city_id":2128,"log_pop":3.7373278729,"log_mass":5.7314728746},{"country_iso":"DZA","city_id":2128,"log_pop":2.6467405291,"log_mass":4.8976046709},{"country_iso":"DZA","city_id":2128,"log_pop":3.4251643856,"log_mass":5.5184496601},{"country_iso":"DZA","city_id":2128,"log_pop":4.4495033802,"log_mass":6.3414332831},{"country_iso":"DZA","city_id":2128,"log_pop":2.3955835481,"log_mass":4.5080596495},{"country_iso":"DZA","city_id":1990,"log_pop":1.3782327526,"log_mass":4.2955879969},{"country_iso":"DZA","city_id":1990,"log_pop":4.3408006025,"log_mass":6.1670682902},{"country_iso":"DZA","city_id":1990,"log_pop":3.3856841104,"log_mass":5.5490682799},{"country_iso":"DZA","city_id":1990,"log_pop":1.4930635118,"log_mass":3.7489601794},{"country_iso":"DZA","city_id":1990,"log_pop":2.2187267161,"log_mass":4.5789937615},{"country_iso":"DZA","city_id":1990,"log_pop":3.1859230687,"log_mass":5.1108512047},{"country_iso":"DZA","city_id":2322,"log_pop":0.8251780194,"log_mass":3.5766027192},{"country_iso":"DZA","city_id":2322,"log_pop":3.5365704103,"log_mass":5.752683043},{"country_iso":"DZA","city_id":2322,"log_pop":0.2619298431,"log_mass":2.7655859442},{"country_iso":"DZA","city_id":2322,"log_pop":2.3201640542,"log_mass":4.7600968465},{"country_iso":"DZA","city_id":2322,"log_pop":3.9546425238,"log_mass":6.1871589019},{"country_iso":"DZA","city_id":2322,"log_pop":3.9241026375,"log_mass":6.2497569743},{"country_iso":"DZA","city_id":2242,"log_pop":3.354880773,"log_mass":5.3713833721},{"country_iso":"DZA","city_id":2242,"log_pop":4.1755905248,"log_mass":6.3005096164},{"country_iso":"DZA","city_id":2242,"log_pop":4.0859796588,"log_mass":6.281923166},{"country_iso":"DZA","city_id":2242,"log_pop":1.6781250591,"log_mass":3.5511589386},{"country_iso":"DZA","city_id":2242,"log_pop":2.9113808445,"log_mass":5.3670485897},{"country_iso":"DZA","city_id":2242,"log_pop":0.8947830299,"log_mass":3.3840602029},{"country_iso":"DZA","city_id":2497,"log_pop":3.1667589056,"log_mass":5.2309802247},{"country_iso":"DZA","city_id":2497,"log_pop":3.7715484091,"log_mass":5.7724342945},{"country_iso":"DZA","city_id":2497,"log_pop":1.712153527,"log_mass":3.9528266121},{"country_iso":"DZA","city_id":2497,"log_pop":2.5654617792,"log_mass":4.9031161457},{"country_iso":"DZA","city_id":2497,"log_pop":4.4025844575,"log_mass":6.3500928548},{"country_iso":"DZA","city_id":2497,"log_pop":2.8547968359,"log_mass":4.787885623},{"country_iso":"DZA","city_id":2050,"log_pop":4.137228572,"log_mass":6.3003852065},{"country_iso":"DZA","city_id":2050,"log_pop":4.0189745591,"log_mass":6.1846670073},{"country_iso":"DZA","city_id":2050,"log_pop":1.1093143769,"log_mass":4.4102081305},{"country_iso":"DZA","city_id":2050,"log_pop":3.8511500549,"log_mass":5.9484178785},{"country_iso":"DZA","city_id":2050,"log_pop":2.098560889,"log_mass":4.6049401161},{"country_iso":"DZA","city_id":2050,"log_pop":2.693113212,"log_mass":5.1169651174},{"country_iso":"DZA","city_id":1943,"log_pop":2.5275202796,"log_mass":4.5886926061},{"country_iso":"DZA","city_id":1943,"log_pop":4.2732769908,"log_mass":6.388238543},{"country_iso":"DZA","city_id":1943,"log_pop":3.6107676326,"log_mass":5.7739026308},{"country_iso":"DZA","city_id":1943,"log_pop":3.6279191618,"log_mass":5.8022779276},{"country_iso":"DZA","city_id":1943,"log_pop":0.9319084019,"log_mass":3.4921352368},{"country_iso":"DZA","city_id":1943,"log_pop":3.3481819724,"log_mass":5.6676412156},{"country_iso":"DZA","city_id":1852,"log_pop":3.2195360878,"log_mass":5.2730510052},{"country_iso":"DZA","city_id":1852,"log_pop":3.4060993875,"log_mass":5.5838359342},{"country_iso":"DZA","city_id":1852,"log_pop":4.112007775,"log_mass":6.2209093779},{"country_iso":"DZA","city_id":1852,"log_pop":4.3340797311,"log_mass":6.4255719153},{"country_iso":"DZA","city_id":1852,"log_pop":2.9117582632,"log_mass":5.267050106},{"country_iso":"DZA","city_id":1852,"log_pop":3.8580059107,"log_mass":6.1008200591},{"country_iso":"DZA","city_id":2271,"log_pop":1.2856405155,"log_mass":3.7461483133},{"country_iso":"DZA","city_id":2271,"log_pop":2.8185877447,"log_mass":5.1579941075},{"country_iso":"DZA","city_id":2271,"log_pop":3.5535047842,"log_mass":5.7947538289},{"country_iso":"DZA","city_id":2271,"log_pop":2.5224636378,"log_mass":4.5676226592},{"country_iso":"DZA","city_id":2271,"log_pop":2.1922966663,"log_mass":4.9668802753},{"country_iso":"DZA","city_id":2271,"log_pop":4.1664021653,"log_mass":6.3596955605},{"country_iso":"DZA","city_id":2018,"log_pop":3.6858957572,"log_mass":6.0057724979},{"country_iso":"DZA","city_id":2018,"log_pop":3.6720696949,"log_mass":5.6808058437},{"country_iso":"DZA","city_id":2018,"log_pop":2.5135421157,"log_mass":5.1912051096},{"country_iso":"DZA","city_id":2018,"log_pop":3.6160461205,"log_mass":5.9963482491},{"country_iso":"DZA","city_id":2018,"log_pop":4.3087024761,"log_mass":6.3522118509},{"country_iso":"DZA","city_id":2018,"log_pop":3.6334105933,"log_mass":5.7642798386},{"country_iso":"DZA","city_id":2108,"log_pop":3.9939351465,"log_mass":5.8547883638},{"country_iso":"DZA","city_id":2108,"log_pop":-0.7562705667,"log_mass":2.7953129084},{"country_iso":"DZA","city_id":2108,"log_pop":4.129142386,"log_mass":6.0785979933},{"country_iso":"DZA","city_id":2108,"log_pop":3.0635839044,"log_mass":5.0218901766},{"country_iso":"DZA","city_id":2108,"log_pop":3.9452085546,"log_mass":5.8037028267},{"country_iso":"DZA","city_id":2108,"log_pop":1.8904783901,"log_mass":3.6152936769},{"country_iso":"DZA","city_id":2350,"log_pop":3.7730620513,"log_mass":6.0206060322},{"country_iso":"DZA","city_id":2350,"log_pop":2.004722157,"log_mass":4.4310067363},{"country_iso":"DZA","city_id":2350,"log_pop":2.9687584758,"log_mass":5.4559288426},{"country_iso":"DZA","city_id":2350,"log_pop":4.0220131797,"log_mass":6.254716119},{"country_iso":"DZA","city_id":2350,"log_pop":3.9852719357,"log_mass":6.2656455931},{"country_iso":"DZA","city_id":2350,"log_pop":1.4831715372,"log_mass":3.836230745},{"country_iso":"DZA","city_id":2146,"log_pop":3.5921040627,"log_mass":5.7237183309},{"country_iso":"DZA","city_id":2146,"log_pop":3.2736233621,"log_mass":5.4314068587},{"country_iso":"DZA","city_id":2146,"log_pop":4.2197593058,"log_mass":6.2599673603},{"country_iso":"DZA","city_id":2146,"log_pop":3.9575916098,"log_mass":6.0569992411},{"country_iso":"DZA","city_id":2146,"log_pop":1.2462300581,"log_mass":4.1372491576},{"country_iso":"DZA","city_id":1937,"log_pop":3.2258509019,"log_mass":5.3815247049},{"country_iso":"DZA","city_id":1937,"log_pop":4.0152620613,"log_mass":6.1261646556},{"country_iso":"DZA","city_id":1937,"log_pop":2.2995778324,"log_mass":4.695436279},{"country_iso":"DZA","city_id":1937,"log_pop":4.0706872618,"log_mass":6.2275558793},{"country_iso":"DZA","city_id":1937,"log_pop":3.6116015942,"log_mass":5.7645942221},{"country_iso":"DZA","city_id":2545,"log_pop":3.4766893276,"log_mass":5.6110924671},{"country_iso":"DZA","city_id":2545,"log_pop":4.0536855469,"log_mass":6.23808898},{"country_iso":"DZA","city_id":2545,"log_pop":3.7549446624,"log_mass":5.8507666466},{"country_iso":"DZA","city_id":2545,"log_pop":3.5150428307,"log_mass":5.7506499572},{"country_iso":"DZA","city_id":2545,"log_pop":1.5259721329,"log_mass":4.4592535484},{"country_iso":"DZA","city_id":1561,"log_pop":2.1812273931,"log_mass":4.7245494771},{"country_iso":"DZA","city_id":1561,"log_pop":1.6121840753,"log_mass":3.9904702947},{"country_iso":"DZA","city_id":1561,"log_pop":1.7074800511,"log_mass":4.484990492},{"country_iso":"DZA","city_id":1561,"log_pop":3.0258366602,"log_mass":5.4431968527},{"country_iso":"DZA","city_id":1561,"log_pop":1.9215422892,"log_mass":4.7059803866},{"country_iso":"DZA","city_id":2060,"log_pop":3.9544060967,"log_mass":5.6069791735},{"country_iso":"DZA","city_id":2060,"log_pop":3.1574874002,"log_mass":4.9377285772},{"country_iso":"DZA","city_id":2060,"log_pop":4.2914947628,"log_mass":5.9835331529},{"country_iso":"DZA","city_id":2060,"log_pop":0.8173208974,"log_mass":2.9415178047},{"country_iso":"DZA","city_id":2060,"log_pop":4.1328240285,"log_mass":5.8216884107},{"country_iso":"DZA","city_id":2207,"log_pop":1.1142855494,"log_mass":3.716554815},{"country_iso":"DZA","city_id":2207,"log_pop":4.0009239762,"log_mass":6.2044341709},{"country_iso":"DZA","city_id":2207,"log_pop":2.5311732287,"log_mass":4.6980983074},{"country_iso":"DZA","city_id":2207,"log_pop":2.7782537411,"log_mass":5.1534500465},{"country_iso":"DZA","city_id":2207,"log_pop":1.7544027299,"log_mass":4.814144373},{"country_iso":"DZA","city_id":2338,"log_pop":3.3765027072,"log_mass":5.4351834628},{"country_iso":"DZA","city_id":2338,"log_pop":2.9415494478,"log_mass":5.0678661119},{"country_iso":"DZA","city_id":2338,"log_pop":2.9279055375,"log_mass":5.102707735},{"country_iso":"DZA","city_id":2338,"log_pop":3.6619708641,"log_mass":5.888342153},{"country_iso":"DZA","city_id":2338,"log_pop":0.2081659896,"log_mass":3.7558748557},{"country_iso":"DZA","city_id":2098,"log_pop":3.6059720521,"log_mass":5.7690565601},{"country_iso":"DZA","city_id":2098,"log_pop":3.4798713441,"log_mass":5.6947828358},{"country_iso":"DZA","city_id":2098,"log_pop":1.8223805794,"log_mass":4.1443227952},{"country_iso":"DZA","city_id":2098,"log_pop":2.9568000375,"log_mass":5.1442267193},{"country_iso":"DZA","city_id":2098,"log_pop":3.8126598116,"log_mass":5.9346283522},{"country_iso":"DZA","city_id":2092,"log_pop":1.550200146,"log_mass":4.1081442672},{"country_iso":"DZA","city_id":2092,"log_pop":3.593919969,"log_mass":5.6902476665},{"country_iso":"DZA","city_id":2092,"log_pop":4.0675233055,"log_mass":6.1382921462},{"country_iso":"DZA","city_id":2092,"log_pop":3.4368986032,"log_mass":5.4110638975},{"country_iso":"DZA","city_id":2092,"log_pop":4.1103544115,"log_mass":6.049759641},{"country_iso":"DZA","city_id":1963,"log_pop":0.4224632279,"log_mass":3.2023619567},{"country_iso":"DZA","city_id":1963,"log_pop":3.5660733518,"log_mass":5.828832374},{"country_iso":"DZA","city_id":1963,"log_pop":3.536791237,"log_mass":5.7175550335},{"country_iso":"DZA","city_id":1963,"log_pop":4.2828790761,"log_mass":6.4160085008},{"country_iso":"DZA","city_id":1963,"log_pop":2.848540899,"log_mass":5.0017201061},{"country_iso":"DZA","city_id":2096,"log_pop":3.910062036,"log_mass":6.0886686325},{"country_iso":"DZA","city_id":2096,"log_pop":4.0224580943,"log_mass":6.1996046568},{"country_iso":"DZA","city_id":2096,"log_pop":3.6966165559,"log_mass":5.836626246},{"country_iso":"DZA","city_id":2096,"log_pop":2.9940804513,"log_mass":5.1769147162},{"country_iso":"DZA","city_id":2096,"log_pop":1.1589072668,"log_mass":3.5348406427},{"country_iso":"DZA","city_id":2037,"log_pop":3.5675326608,"log_mass":5.637238373},{"country_iso":"DZA","city_id":2037,"log_pop":4.1463759968,"log_mass":6.0752627128},{"country_iso":"DZA","city_id":2037,"log_pop":1.0222167517,"log_mass":3.6065337005},{"country_iso":"DZA","city_id":2037,"log_pop":4.1539515757,"log_mass":6.2273766417},{"country_iso":"DZA","city_id":2037,"log_pop":3.5503056223,"log_mass":5.5912295499},{"country_iso":"DZA","city_id":2326,"log_pop":3.8156297582,"log_mass":6.0987501716},{"country_iso":"DZA","city_id":2326,"log_pop":0.4922762639,"log_mass":3.374531395},{"country_iso":"DZA","city_id":2326,"log_pop":3.2314562982,"log_mass":5.6917724703},{"country_iso":"DZA","city_id":2326,"log_pop":4.0218216075,"log_mass":6.3127350058},{"country_iso":"DZA","city_id":2403,"log_pop":2.1819096326,"log_mass":4.4771331568},{"country_iso":"DZA","city_id":2403,"log_pop":3.8246674564,"log_mass":6.0188649871},{"country_iso":"DZA","city_id":2403,"log_pop":3.8373549429,"log_mass":6.0754913949},{"country_iso":"DZA","city_id":2403,"log_pop":3.7271419569,"log_mass":5.9804597967},{"country_iso":"DZA","city_id":2231,"log_pop":3.7878483161,"log_mass":6.0129359037},{"country_iso":"DZA","city_id":2231,"log_pop":2.382707223,"log_mass":4.7752257077},{"country_iso":"DZA","city_id":2231,"log_pop":2.0207891227,"log_mass":4.531538576},{"country_iso":"DZA","city_id":2231,"log_pop":4.1631580983,"log_mass":6.3258406759},{"country_iso":"DZA","city_id":2466,"log_pop":4.0905178658,"log_mass":6.2172410309},{"country_iso":"DZA","city_id":2466,"log_pop":3.4757284828,"log_mass":5.6272595849},{"country_iso":"DZA","city_id":2466,"log_pop":3.3344845446,"log_mass":5.4567387805},{"country_iso":"DZA","city_id":2466,"log_pop":3.2123763866,"log_mass":5.3772119893},{"country_iso":"DZA","city_id":2500,"log_pop":1.9073601386,"log_mass":4.5323053669},{"country_iso":"DZA","city_id":2500,"log_pop":3.3403035238,"log_mass":5.330202108},{"country_iso":"DZA","city_id":2500,"log_pop":4.1861456507,"log_mass":6.1203002367},{"country_iso":"DZA","city_id":2500,"log_pop":1.7434456838,"log_mass":4.0999087954},{"country_iso":"DZA","city_id":2068,"log_pop":4.0431211329,"log_mass":6.0557689854},{"country_iso":"DZA","city_id":2068,"log_pop":2.8932504827,"log_mass":5.0680059923},{"country_iso":"DZA","city_id":2068,"log_pop":2.9068945727,"log_mass":4.8987845469},{"country_iso":"DZA","city_id":2068,"log_pop":4.096221726,"log_mass":6.0606776043},{"country_iso":"DZA","city_id":2007,"log_pop":3.9374910974,"log_mass":5.9854265859},{"country_iso":"DZA","city_id":2007,"log_pop":3.4732447742,"log_mass":5.5537217162},{"country_iso":"DZA","city_id":2007,"log_pop":3.9574231076,"log_mass":6.0321384838},{"country_iso":"DZA","city_id":2456,"log_pop":1.272989572,"log_mass":3.0009468691},{"country_iso":"DZA","city_id":2456,"log_pop":2.8307546409,"log_mass":4.6234463105},{"country_iso":"DZA","city_id":2456,"log_pop":3.6735573101,"log_mass":5.2450041041}]