[{"country_iso": "HUN", "city_id": 3114, "log_pop": 3.224113, "log_mass": 5.928844}, {"country_iso": "HUN", "city_id": 3193, "log_pop": 4.375322, "log_mass": 6.717476}, {"country_iso": "HUN", "city_id": 3193, "log_pop": 3.936348, "log_mass": 6.270819}, {"country_iso": "HUN", "city_id": 3297, "log_pop": 0.284246, "log_mass": 3.260685}, {"country_iso": "HUN", "city_id": 3165, "log_pop": 4.159738, "log_mass": 6.630919}, {"country_iso": "HUN", "city_id": 3193, "log_pop": 3.802656, "log_mass": 6.368646}, {"country_iso": "HUN", "city_id": 3193, "log_pop": 2.604914, "log_mass": 5.366907}, {"country_iso": "HUN", "city_id": 3193, "log_pop": 4.349789, "log_mass": 6.702856}, {"country_iso": "HUN", "city_id": 3165, "log_pop": 2.422563, "log_mass": 5.183776}, {"country_iso": "HUN", "city_id": 3246, "log_pop": 3.424457, "log_mass": 6.040876}, {"country_iso": "HUN", "city_id": 3193, "log_pop": 3.876466, "log_mass": 6.591101}, {"country_iso": "HUN", "city_id": 3193, "log_pop": 2.993332, "log_mass": 5.528743}, {"country_iso": "HUN", "city_id": 3164, "log_pop": 3.478133, "log_mass": 6.091836}, {"country_iso": "HUN", "city_id": 3193, "log_pop": 2.775493, "log_mass": 5.535642}, {"country_iso": "HUN", "city_id": 3193, "log_pop": 3.839855, "log_mass": 6.355768}, {"country_iso": "HUN", "city_id": 3193, "log_pop": 3.714485, "log_mass": 6.334972}, {"country_iso": "HUN", "city_id": 3253, "log_pop": 3.716585, "log_mass": 6.248923}, {"country_iso": "HUN", "city_id": 3193, "log_pop": 3.946924, "log_mass": 6.315094}, {"country_iso": "HUN", "city_id": 3164, "log_pop": 2.404657, "log_mass": 5.413119}, {"country_iso": "HUN", "city_id": 3193, "log_pop": 4.516155, "log_mass": 6.816015}, {"country_iso": "HUN", "city_id": 3193, "log_pop": 4.463723, "log_mass": 6.725605}, {"country_iso": "HUN", "city_id": 3193, "log_pop": 3.778132, "log_mass": 6.354273}, {"country_iso": "HUN", "city_id": 3193, "log_pop": 4.546924, "log_mass": 6.70512}, {"country_iso": "HUN", "city_id": 3297, "log_pop": 3.504209, "log_mass": 6.223449}, {"country_iso": "HUN", "city_id": 3298, "log_pop": 3.750198, "log_mass": 6.461288}, {"country_iso": "HUN", "city_id": 3297, "log_pop": 4.298576, "log_mass": 6.782714}, {"country_iso": "HUN", "city_id": 3246, "log_pop": 1.584684, "log_mass": 4.46089}, {"country_iso": "HUN", "city_id": 3193, "log_pop": 1.689015, "log_mass": 4.640891}, {"country_iso": "HUN", "city_id": 3193, "log_pop": 3.541539, "log_mass": 6.348289}, {"country_iso": "HUN", "city_id": 3193, "log_pop": 4.073922, "log_mass": 6.521178}, {"country_iso": "HUN", "city_id": 3165, "log_pop": 2.91804, "log_mass": 5.687062}, {"country_iso": "HUN", "city_id": 3193, "log_pop": 2.329, "log_mass": 5.151121}, {"country_iso": "HUN", "city_id": 3193, "log_pop": 4.049005, "log_mass": 6.574873}, {"country_iso": "HUN", "city_id": 3246, "log_pop": 4.266662, "log_mass": 6.632505}, {"country_iso": "HUN", "city_id": 3298, "log_pop": 4.298773, "log_mass": 6.740663}, {"country_iso": "HUN", "city_id": 3193, "log_pop": 3.900702, "log_mass": 6.394059}, {"country_iso": "HUN", "city_id": 3253, "log_pop": 0.757588, "log_mass": 4.363796}, {"country_iso": "HUN", "city_id": 3193, "log_pop": 4.360251, "log_mass": 6.776439}, {"country_iso": "HUN", "city_id": 3193, "log_pop": 3.365456, "log_mass": 6.050172}, {"country_iso": "HUN", "city_id": 3165, "log_pop": 0.378508, "log_mass": 3.552139}, {"country_iso": "HUN", "city_id": 3297, "log_pop": 3.302136, "log_mass": 5.981856}, {"country_iso": "HUN", "city_id": 3164, "log_pop": 3.961502, "log_mass": 6.552682}, {"country_iso": "HUN", "city_id": 3246, "log_pop": 4.254583, "log_mass": 6.67121}, {"country_iso": "HUN", "city_id": 3193, "log_pop": 4.363268, "log_mass": 6.619984}, {"country_iso": "HUN", "city_id": 3253, "log_pop": 1.466726, "log_mass": 4.531852}, {"country_iso": "HUN", "city_id": 3193, "log_pop": 4.49631, "log_mass": 6.744258}, {"country_iso": "HUN", "city_id": 3193, "log_pop": 2.790367, "log_mass": 5.576239}, {"country_iso": "HUN", "city_id": 3193, "log_pop": 1.929651, "log_mass": 4.456914}, {"country_iso": "HUN", "city_id": 3193, "log_pop": 3.983636, "log_mass": 6.276915}, {"country_iso": "HUN", "city_id": 3193, "log_pop": 3.815547, "log_mass": 6.035156}, {"country_iso": "HUN", "city_id": 3193, "log_pop": 4.18037, "log_mass": 6.583564}, {"country_iso": "HUN", "city_id": 3253, "log_pop": 1.439254, "log_mass": 4.494771}, {"country_iso": "HUN", "city_id": 3193, "log_pop": 4.532362, "log_mass": 6.664945}, {"country_iso": "HUN", "city_id": 3193, "log_pop": 3.975798, "log_mass": 6.511768}, {"country_iso": "HUN", "city_id": 3193, "log_pop": 4.027993, "log_mass": 6.540323}, {"country_iso": "HUN", "city_id": 3193, "log_pop": 1.618314, "log_mass": 4.773203}, {"country_iso": "HUN", "city_id": 3193, "log_pop": 4.374921, "log_mass": 6.667083}, {"country_iso": "HUN", "city_id": 3246, "log_pop": 3.492018, "log_mass": 6.163539}, {"country_iso": "HUN", "city_id": 3246, "log_pop": 1.961818, "log_mass": 4.8019}, {"country_iso": "HUN", "city_id": 3114, "log_pop": 4.243757, "log_mass": 6.708781}, {"country_iso": "HUN", "city_id": 3193, "log_pop": 3.972135, "log_mass": 6.527017}, {"country_iso": "HUN", "city_id": 3193, "log_pop": 3.426293, "log_mass": 5.949897}, {"country_iso": "HUN", "city_id": 3246, "log_pop": 3.521645, "log_mass": 6.171931}, {"country_iso": "HUN", "city_id": 3165, "log_pop": 2.031137, "log_mass": 4.788057}, {"country_iso": "HUN", "city_id": 3193, "log_pop": 4.228848, "log_mass": 6.608742}, {"country_iso": "HUN", "city_id": 3164, "log_pop": 3.908811, "log_mass": 6.495068}, {"country_iso": "HUN", "city_id": 3114, "log_pop": 2.509945, "log_mass": 5.477391}, {"country_iso": "HUN", "city_id": 3193, "log_pop": 2.388336, "log_mass": 5.291254}, {"country_iso": "HUN", "city_id": 3193, "log_pop": 3.899167, "log_mass": 6.592002}, {"country_iso": "HUN", "city_id": 3297, "log_pop": 3.369974, "log_mass": 6.062858}, {"country_iso": "HUN", "city_id": 3193, "log_pop": 3.003139, "log_mass": 5.759498}, {"country_iso": "HUN", "city_id": 3193, "log_pop": 2.777727, "log_mass": 5.45085}, {"country_iso": "HUN", "city_id": 3193, "log_pop": 4.321249, "log_mass": 6.628927}, {"country_iso": "HUN", "city_id": 3246, "log_pop": 3.80359, "log_mass": 6.394171}, {"country_iso": "HUN", "city_id": 3298, "log_pop": 3.546357, "log_mass": 6.154265}, {"country_iso": "HUN", "city_id": 3193, "log_pop": 4.29917, "log_mass": 6.715878}, {"country_iso": "HUN", "city_id": 3114, "log_pop": 1.828649, "log_mass": 4.952666}, {"country_iso": "HUN", "city_id": 3193, "log_pop": 3.709969, "log_mass": 6.514818}, {"country_iso": "HUN", "city_id": 3193, "log_pop": 4.001016, "log_mass": 6.504827}, {"country_iso": "HUN", "city_id": 3193, "log_pop": 3.762814, "log_mass": 6.37627}, {"country_iso": "HUN", "city_id": 3165, "log_pop": 0.654769, "log_mass": 4.186218}, {"country_iso": "HUN", "city_id": 3297, "log_pop": 3.68069, "log_mass": 6.307302}, {"country_iso": "HUN", "city_id": 3298, "log_pop": 3.960406, "log_mass": 6.447843}, {"country_iso": "HUN", "city_id": 3193, "log_pop": 3.108674, "log_mass": 5.894767}, {"country_iso": "HUN", "city_id": 3253, "log_pop": 3.504488, "log_mass": 6.154639}, {"country_iso": "HUN", "city_id": 3165, "log_pop": 3.676016, "log_mass": 6.325345}, {"country_iso": "HUN", "city_id": 3193, "log_pop": 4.102366, "log_mass": 6.49528}, {"country_iso": "HUN", "city_id": 3193, "log_pop": 3.067281, "log_mass": 5.740032}, {"country_iso": "HUN", "city_id": 3297, "log_pop": 1.551681, "log_mass": 4.691217}, {"country_iso": "HUN", "city_id": 3193, "log_pop": 4.317041, "log_mass": 6.60894}, {"country_iso": "HUN", "city_id": 3298, "log_pop": 2.156929, "log_mass": 5.158026}, {"country_iso": "HUN", "city_id": 3193, "log_pop": 3.84621, "log_mass": 6.349215}, {"country_iso": "HUN", "city_id": 3298, "log_pop": 4.536867, "log_mass": 6.838585}, {"country_iso": "HUN", "city_id": 3253, "log_pop": 1.072203, "log_mass": 3.535241}, {"country_iso": "HUN", "city_id": 3297, "log_pop": 3.92755, "log_mass": 6.609718}, {"country_iso": "HUN", "city_id": 3114, "log_pop": 2.902646, "log_mass": 5.842076}, {"country_iso": "HUN", "city_id": 3114, "log_pop": 3.659649, "log_mass": 6.49171}, {"country_iso": "HUN", "city_id": 3193, "log_pop": 4.562583, "log_mass": 6.77556}, {"country_iso": "HUN", "city_id": 3193, "log_pop": 4.237015, "log_mass": 6.744873}, {"country_iso": "HUN", "city_id": 3165, "log_pop": 2.186894, "log_mass": 4.976937}, {"country_iso": "HUN", "city_id": 3297, "log_pop": 3.377838, "log_mass": 6.108307}, {"country_iso": "HUN", "city_id": 3193, "log_pop": 4.630027, "log_mass": 6.861405}, {"country_iso": "HUN", "city_id": 3193, "log_pop": 1.713282, "log_mass": 4.464309}, {"country_iso": "HUN", "city_id": 3193, "log_pop": 3.908599, "log_mass": 6.469231}, {"country_iso": "HUN", "city_id": 3298, "log_pop": 4.314876, "log_mass": 6.682781}, {"country_iso": "HUN", "city_id": 3193, "log_pop": 3.211169, "log_mass": 5.940545}, {"country_iso": "HUN", "city_id": 3193, "log_pop": 3.513967, "log_mass": 6.022123}, {"country_iso": "HUN", "city_id": 3193, "log_pop": 3.54435, "log_mass": 6.395672}, {"country_iso": "HUN", "city_id": 3164, "log_pop": 4.238566, "log_mass": 6.732328}, {"country_iso": "HUN", "city_id": 3193, "log_pop": 4.047647, "log_mass": 6.56919}, {"country_iso": "HUN", "city_id": 3193, "log_pop": 3.663644, "log_mass": 6.358458}, {"country_iso": "HUN", "city_id": 3298, "log_pop": 3.109921, "log_mass": 5.873593}, {"country_iso": "HUN", "city_id": 3193, "log_pop": 4.93124, "log_mass": 7.160201}, {"country_iso": "HUN", "city_id": 3193, "log_pop": 4.444814, "log_mass": 6.726228}, {"country_iso": "HUN", "city_id": 3114, "log_pop": 1.532072, "log_mass": 4.53671}, {"country_iso": "HUN", "city_id": 3165, "log_pop": 3.115802, "log_mass": 5.919341}, {"country_iso": "HUN", "city_id": 3253, "log_pop": 3.892697, "log_mass": 6.405399}, {"country_iso": "HUN", "city_id": 3114, "log_pop": 3.971544, "log_mass": 6.539608}, {"country_iso": "HUN", "city_id": 3193, "log_pop": 4.273116, "log_mass": 6.676778}, {"country_iso": "HUN", "city_id": 3297, "log_pop": 3.974128, "log_mass": 6.540872}, {"country_iso": "HUN", "city_id": 3165, "log_pop": 4.225047, "log_mass": 6.480418}, {"country_iso": "HUN", "city_id": 3298, "log_pop": 1.058136, "log_mass": 4.117599}, {"country_iso": "HUN", "city_id": 3114, "log_pop": 3.222005, "log_mass": 6.103295}, {"country_iso": "HUN", "city_id": 3193, "log_pop": 4.690704, "log_mass": 6.855215}, {"country_iso": "HUN", "city_id": 3193, "log_pop": 3.65988, "log_mass": 6.146702}, {"country_iso": "HUN", "city_id": 3193, "log_pop": 4.545821, "log_mass": 6.74222}, {"country_iso": "HUN", "city_id": 3253, "log_pop": 3.449508, "log_mass": 6.186081}, {"country_iso": "HUN", "city_id": 3253, "log_pop": 3.864901, "log_mass": 6.406444}, {"country_iso": "HUN", "city_id": 3246, "log_pop": 2.799179, "log_mass": 5.469448}, {"country_iso": "HUN", "city_id": 3193, "log_pop": 4.141714, "log_mass": 6.561163}, {"country_iso": "HUN", "city_id": 3193, "log_pop": 4.449072, "log_mass": 6.892202}, {"country_iso": "HUN", "city_id": 3164, "log_pop": 1.19664, "log_mass": 4.148648}, {"country_iso": "HUN", "city_id": 3165, "log_pop": 4.066223, "log_mass": 6.425475}, {"country_iso": "HUN", "city_id": 3193, "log_pop": 2.692717, "log_mass": 5.663759}, {"country_iso": "HUN", "city_id": 3253, "log_pop": 3.142023, "log_mass": 5.930598}, {"country_iso": "HUN", "city_id": 3193, "log_pop": 0.928904, "log_mass": 4.007725}, {"country_iso": "HUN", "city_id": 3193, "log_pop": 3.888363, "log_mass": 6.485812}, {"country_iso": "HUN", "city_id": 3298, "log_pop": 3.870588, "log_mass": 6.352789}, {"country_iso": "HUN", "city_id": 3193, "log_pop": 3.89124, "log_mass": 6.463272}, {"country_iso": "HUN", "city_id": 3193, "log_pop": 4.570948, "log_mass": 6.758682}, {"country_iso": "HUN", "city_id": 3193, "log_pop": 2.846077, "log_mass": 5.45869}, {"country_iso": "HUN", "city_id": 3253, "log_pop": 3.993921, "log_mass": 6.495278}, {"country_iso": "HUN", "city_id": 3253, "log_pop": 3.91853, "log_mass": 6.465345}, {"country_iso": "HUN", "city_id": 3193, "log_pop": 3.911438, "log_mass": 6.253433}, {"country_iso": "HUN", "city_id": 3193, "log_pop": 2.455498, "log_mass": 5.281575}, {"country_iso": "HUN", "city_id": 3246, "log_pop": 2.120222, "log_mass": 4.960683}, {"country_iso": "HUN", "city_id": 3193, "log_pop": 3.830873, "log_mass": 6.508652}, {"country_iso": "HUN", "city_id": 3193, "log_pop": 3.718684, "log_mass": 6.290623}, {"country_iso": "HUN", "city_id": 3253, "log_pop": 2.904863, "log_mass": 5.630586}, {"country_iso": "HUN", "city_id": 3193, "log_pop": 3.20541, "log_mass": 5.802655}, {"country_iso": "HUN", "city_id": 3297, "log_pop": 2.135742, "log_mass": 4.913353}, {"country_iso": "HUN", "city_id": 3298, "log_pop": 3.936113, "log_mass": 6.479057}, {"country_iso": "HUN", "city_id": 3114, "log_pop": 4.074397, "log_mass": 6.639648}, {"country_iso": "HUN", "city_id": 3193, "log_pop": 4.195832, "log_mass": 6.617017}, {"country_iso": "HUN", "city_id": 3193, "log_pop": 3.426627, "log_mass": 6.347246}, {"country_iso": "HUN", "city_id": 3297, "log_pop": 2.586753, "log_mass": 5.502469}, {"country_iso": "HUN", "city_id": 3165, "log_pop": 1.377168, "log_mass": 4.289363}, {"country_iso": "HUN", "city_id": 3253, "log_pop": 3.819894, "log_mass": 6.375831}, {"country_iso": "HUN", "city_id": 3164, "log_pop": 2.306144, "log_mass": 5.373291}, {"country_iso": "HUN", "city_id": 3193, "log_pop": 4.28525, "log_mass": 6.688698}, {"country_iso": "HUN", "city_id": 3193, "log_pop": 4.268785, "log_mass": 6.515641}, {"country_iso": "HUN", "city_id": 3193, "log_pop": 2.961444, "log_mass": 5.598311}, {"country_iso": "HUN", "city_id": 3114, "log_pop": 2.52805, "log_mass": 5.464124}, {"country_iso": "HUN", "city_id": 3193, "log_pop": 4.133818, "log_mass": 6.66546}, {"country_iso": "HUN", "city_id": 3193, "log_pop": 3.723631, "log_mass": 6.205122}, {"country_iso": "HUN", "city_id": 3193, "log_pop": 3.81428, "log_mass": 6.324676}, {"country_iso": "HUN", "city_id": 3164, "log_pop": 2.396127, "log_mass": 5.337805}, {"country_iso": "HUN", "city_id": 3164, "log_pop": 3.636975, "log_mass": 6.379615}, {"country_iso": "HUN", "city_id": 3193, "log_pop": 2.315056, "log_mass": 5.026451}, {"country_iso": "HUN", "city_id": 3114, "log_pop": 3.840873, "log_mass": 6.444578}, {"country_iso": "HUN", "city_id": 3114, "log_pop": 2.254322, "log_mass": 5.098417}, {"country_iso": "HUN", "city_id": 3193, "log_pop": 3.516088, "log_mass": 6.24638}, {"country_iso": "HUN", "city_id": 3164, "log_pop": 2.830415, "log_mass": 5.610299}, {"country_iso": "HUN", "city_id": 3298, "log_pop": 3.815672, "log_mass": 6.356586}, {"country_iso": "HUN", "city_id": 3193, "log_pop": 4.066482, "log_mass": 6.56375}, {"country_iso": "HUN", "city_id": 3253, "log_pop": 4.026544, "log_mass": 6.556951}, {"country_iso": "HUN", "city_id": 3193, "log_pop": 3.791927, "log_mass": 6.368452}, {"country_iso": "HUN", "city_id": 3246, "log_pop": 3.454727, "log_mass": 6.023899}, {"country_iso": "HUN", "city_id": 3297, "log_pop": 3.348936, "log_mass": 6.128758}, {"country_iso": "HUN", "city_id": 3246, "log_pop": 4.081426, "log_mass": 6.679621}, {"country_iso": "HUN", "city_id": 3164, "log_pop": 2.845805, "log_mass": 5.784882}, {"country_iso": "HUN", "city_id": 3193, "log_pop": 4.078013, "log_mass": 6.54161}, {"country_iso": "HUN", "city_id": 3193, "log_pop": 0.612986, "log_mass": 3.779331}, {"country_iso": "HUN", "city_id": 3193, "log_pop": 3.465005, "log_mass": 6.224228}, {"country_iso": "HUN", "city_id": 3193, "log_pop": 4.291909, "log_mass": 6.682938}, {"country_iso": "HUN", "city_id": 3253, "log_pop": 4.325838, "log_mass": 6.69117}, {"country_iso": "HUN", "city_id": 3165, "log_pop": 3.201088, "log_mass": 5.829588}, {"country_iso": "HUN", "city_id": 3246, "log_pop": 3.953763, "log_mass": 6.480827}, {"country_iso": "HUN", "city_id": 3253, "log_pop": 2.604649, "log_mass": 5.252476}, {"country_iso": "HUN", "city_id": 3193, "log_pop": 2.383671, "log_mass": 5.429568}, {"country_iso": "HUN", "city_id": 3193, "log_pop": 4.389334, "log_mass": 6.66434}, {"country_iso": "HUN", "city_id": 3193, "log_pop": 4.52002, "log_mass": 6.751944}, {"country_iso": "HUN", "city_id": 3193, "log_pop": 3.952243, "log_mass": 6.380933}, {"country_iso": "HUN", "city_id": 3193, "log_pop": 3.790505, "log_mass": 6.558315}, {"country_iso": "HUN", "city_id": 3253, "log_pop": 2.458593, "log_mass": 5.177943}, {"country_iso": "HUN", "city_id": 3165, "log_pop": 3.395226, "log_mass": 6.021028}, {"country_iso": "HUN", "city_id": 3246, "log_pop": 3.120072, "log_mass": 5.750316}, {"country_iso": "HUN", "city_id": 3246, "log_pop": 0.323253, "log_mass": 3.422988}, {"country_iso": "HUN", "city_id": 3298, "log_pop": 1.896004, "log_mass": 4.771812}, {"country_iso": "HUN", "city_id": 3193, "log_pop": 2.34075, "log_mass": 5.279267}, {"country_iso": "HUN", "city_id": 3298, "log_pop": 3.285818, "log_mass": 5.965659}, {"country_iso": "HUN", "city_id": 3165, "log_pop": 3.972285, "log_mass": 6.301635}, {"country_iso": "HUN", "city_id": 3114, "log_pop": 3.613106, "log_mass": 6.24341}, {"country_iso": "HUN", "city_id": 3193, "log_pop": 1.646584, "log_mass": 4.803935}, {"country_iso": "HUN", "city_id": 3298, "log_pop": 2.644642, "log_mass": 5.757399}, {"country_iso": "HUN", "city_id": 3298, "log_pop": 3.956608, "log_mass": 6.446853}, {"country_iso": "HUN", "city_id": 3298, "log_pop": 2.358272, "log_mass": 5.410521}, {"country_iso": "HUN", "city_id": 3193, "log_pop": 4.578044, "log_mass": 6.99513}, {"country_iso": "HUN", "city_id": 3193, "log_pop": 4.31547, "log_mass": 6.739137}, {"country_iso": "HUN", "city_id": 3193, "log_pop": 3.433725, "log_mass": 6.153204}, {"country_iso": "HUN", "city_id": 3193, "log_pop": 2.540999, "log_mass": 5.249617}, {"country_iso": "HUN", "city_id": 3164, "log_pop": 3.704021, "log_mass": 6.397866}, {"country_iso": "HUN", "city_id": 3193, "log_pop": 2.051386, "log_mass": 4.922157}, {"country_iso": "HUN", "city_id": 3164, "log_pop": 3.070471, "log_mass": 5.811945}, {"country_iso": "HUN", "city_id": 3193, "log_pop": 3.799607, "log_mass": 6.110984}, {"country_iso": "HUN", "city_id": 3165, "log_pop": 4.302497, "log_mass": 6.637181}, {"country_iso": "HUN", "city_id": 3193, "log_pop": 3.360844, "log_mass": 6.211787}, {"country_iso": "HUN", "city_id": 3246, "log_pop": 3.428412, "log_mass": 6.052903}, {"country_iso": "HUN", "city_id": 3193, "log_pop": 3.147897, "log_mass": 6.013231}, {"country_iso": "HUN", "city_id": 3193, "log_pop": 2.034613, "log_mass": 5.040224}, {"country_iso": "HUN", "city_id": 3193, "log_pop": 1.860775, "log_mass": 4.633203}, {"country_iso": "HUN", "city_id": 3193, "log_pop": 4.285872, "log_mass": 6.57799}, {"country_iso": "HUN", "city_id": 3165, "log_pop": 3.39449, "log_mass": 6.053708}, {"country_iso": "HUN", "city_id": 3193, "log_pop": 4.519214, "log_mass": 6.723026}]