[{"country_iso": "PER", "city_id": 528, "log_pop": 1.693711, "log_mass": 4.600786}, {"country_iso": "PER", "city_id": 528, "log_pop": 4.804846, "log_mass": 6.570031}, {"country_iso": "PER", "city_id": 622, "log_pop": 3.86511, "log_mass": 6.106553}, {"country_iso": "PER", "city_id": 421, "log_pop": 4.212992, "log_mass": 6.117138}, {"country_iso": "PER", "city_id": 753, "log_pop": 4.245093, "log_mass": 6.184998}, {"country_iso": "PER", "city_id": 753, "log_pop": 4.197998, "log_mass": 6.250594}, {"country_iso": "PER", "city_id": 753, "log_pop": 2.746236, "log_mass": 4.989795}, {"country_iso": "PER", "city_id": 466, "log_pop": 4.408972, "log_mass": 6.393752}, {"country_iso": "PER", "city_id": 528, "log_pop": 1.643441, "log_mass": 4.030379}, {"country_iso": "PER", "city_id": 622, "log_pop": 4.38759, "log_mass": 6.51979}, {"country_iso": "PER", "city_id": 753, "log_pop": 3.379101, "log_mass": 5.443248}, {"country_iso": "PER", "city_id": 528, "log_pop": 4.843009, "log_mass": 6.5985}, {"country_iso": "PER", "city_id": 528, "log_pop": 4.96261, "log_mass": 6.768781}, {"country_iso": "PER", "city_id": 528, "log_pop": 4.311104, "log_mass": 6.391223}, {"country_iso": "PER", "city_id": 788, "log_pop": 4.618415, "log_mass": 6.601347}, {"country_iso": "PER", "city_id": 528, "log_pop": 4.85655, "log_mass": 6.731639}, {"country_iso": "PER", "city_id": 528, "log_pop": 3.829096, "log_mass": 6.056169}, {"country_iso": "PER", "city_id": 622, "log_pop": 2.41737, "log_mass": 4.630915}, {"country_iso": "PER", "city_id": 753, "log_pop": 4.418328, "log_mass": 6.534879}, {"country_iso": "PER", "city_id": 528, "log_pop": 4.874222, "log_mass": 6.722417}, {"country_iso": "PER", "city_id": 528, "log_pop": 4.266645, "log_mass": 6.44408}, {"country_iso": "PER", "city_id": 528, "log_pop": 2.914062, "log_mass": 5.281635}, {"country_iso": "PER", "city_id": 466, "log_pop": 4.249872, "log_mass": 6.276401}, {"country_iso": "PER", "city_id": 723, "log_pop": 4.573809, "log_mass": 6.545618}, {"country_iso": "PER", "city_id": 528, "log_pop": 4.991871, "log_mass": 6.731015}, {"country_iso": "PER", "city_id": 528, "log_pop": 2.380781, "log_mass": 4.629048}, {"country_iso": "PER", "city_id": 528, "log_pop": 3.792087, "log_mass": 6.080173}, {"country_iso": "PER", "city_id": 528, "log_pop": 4.716502, "log_mass": 6.479207}, {"country_iso": "PER", "city_id": 528, "log_pop": 4.217956, "log_mass": 6.398999}, {"country_iso": "PER", "city_id": 528, "log_pop": 3.879997, "log_mass": 6.486422}, {"country_iso": "PER", "city_id": 528, "log_pop": 4.540179, "log_mass": 6.626279}, {"country_iso": "PER", "city_id": 528, "log_pop": 5.055375, "log_mass": 6.673678}, {"country_iso": "PER", "city_id": 622, "log_pop": 3.024254, "log_mass": 5.083113}, {"country_iso": "PER", "city_id": 528, "log_pop": 4.720561, "log_mass": 6.679097}, {"country_iso": "PER", "city_id": 528, "log_pop": 2.036602, "log_mass": 4.40904}, {"country_iso": "PER", "city_id": 528, "log_pop": 4.843551, "log_mass": 6.759898}, {"country_iso": "PER", "city_id": 788, "log_pop": 1.895718, "log_mass": 4.599374}, {"country_iso": "PER", "city_id": 528, "log_pop": 2.583306, "log_mass": 5.016543}, {"country_iso": "PER", "city_id": 723, "log_pop": 3.485059, "log_mass": 5.53404}, {"country_iso": "PER", "city_id": 421, "log_pop": 2.70517, "log_mass": 5.422511}, {"country_iso": "PER", "city_id": 800, "log_pop": 0.556133, "log_mass": 3.10391}, {"country_iso": "PER", "city_id": 753, "log_pop": 3.956616, "log_mass": 5.945026}, {"country_iso": "PER", "city_id": 753, "log_pop": 1.958669, "log_mass": 4.344732}, {"country_iso": "PER", "city_id": 528, "log_pop": 4.691001, "log_mass": 6.621058}, {"country_iso": "PER", "city_id": 723, "log_pop": 3.300883, "log_mass": 5.294011}, {"country_iso": "PER", "city_id": 528, "log_pop": 4.847299, "log_mass": 6.851029}, {"country_iso": "PER", "city_id": 622, "log_pop": 4.285486, "log_mass": 6.421793}, {"country_iso": "PER", "city_id": 528, "log_pop": 5.047953, "log_mass": 6.612044}, {"country_iso": "PER", "city_id": 528, "log_pop": 5.037218, "log_mass": 6.68488}, {"country_iso": "PER", "city_id": 528, "log_pop": 3.789369, "log_mass": 5.537139}, {"country_iso": "PER", "city_id": 528, "log_pop": 4.919586, "log_mass": 6.654075}, {"country_iso": "PER", "city_id": 442, "log_pop": 2.111259, "log_mass": 3.952589}, {"country_iso": "PER", "city_id": 788, "log_pop": 4.505969, "log_mass": 6.441789}, {"country_iso": "PER", "city_id": 528, "log_pop": 2.601735, "log_mass": 4.472822}, {"country_iso": "PER", "city_id": 528, "log_pop": 4.152754, "log_mass": 6.376492}, {"country_iso": "PER", "city_id": 528, "log_pop": 2.863591, "log_mass": 5.438805}, {"country_iso": "PER", "city_id": 528, "log_pop": 3.799187, "log_mass": 5.950459}, {"country_iso": "PER", "city_id": 528, "log_pop": 3.260549, "log_mass": 5.196756}, {"country_iso": "PER", "city_id": 528, "log_pop": 4.181759, "log_mass": 5.970335}, {"country_iso": "PER", "city_id": 466, "log_pop": 1.697345, "log_mass": 4.071293}, {"country_iso": "PER", "city_id": 528, "log_pop": 3.816466, "log_mass": 6.055302}, {"country_iso": "PER", "city_id": 528, "log_pop": 4.069438, "log_mass": 5.929301}, {"country_iso": "PER", "city_id": 753, "log_pop": 4.105954, "log_mass": 6.109741}, {"country_iso": "PER", "city_id": 528, "log_pop": 5.020892, "log_mass": 6.678034}, {"country_iso": "PER", "city_id": 753, "log_pop": 4.100863, "log_mass": 6.155073}, {"country_iso": "PER", "city_id": 528, "log_pop": 4.625585, "log_mass": 6.567486}, {"country_iso": "PER", "city_id": 528, "log_pop": 4.905087, "log_mass": 6.675309}, {"country_iso": "PER", "city_id": 528, "log_pop": 5.063706, "log_mass": 6.729899}, {"country_iso": "PER", "city_id": 723, "log_pop": 4.178754, "log_mass": 6.18487}, {"country_iso": "PER", "city_id": 528, "log_pop": 4.523751, "log_mass": 6.386678}, {"country_iso": "PER", "city_id": 622, "log_pop": 2.991399, "log_mass": 5.384314}, {"country_iso": "PER", "city_id": 723, "log_pop": 4.797007, "log_mass": 6.660372}, {"country_iso": "PER", "city_id": 528, "log_pop": 3.231718, "log_mass": 4.901981}, {"country_iso": "PER", "city_id": 753, "log_pop": 4.03326, "log_mass": 6.138003}, {"country_iso": "PER", "city_id": 753, "log_pop": 4.31502, "log_mass": 6.2174}, {"country_iso": "PER", "city_id": 788, "log_pop": 2.172195, "log_mass": 4.312416}, {"country_iso": "PER", "city_id": 528, "log_pop": 4.634026, "log_mass": 6.430234}, {"country_iso": "PER", "city_id": 528, "log_pop": 3.796311, "log_mass": 6.143418}, {"country_iso": "PER", "city_id": 528, "log_pop": 3.580336, "log_mass": 5.678861}, {"country_iso": "PER", "city_id": 466, "log_pop": 2.682674, "log_mass": 4.644506}, {"country_iso": "PER", "city_id": 528, "log_pop": 4.407404, "log_mass": 6.333621}, {"country_iso": "PER", "city_id": 753, "log_pop": 4.495928, "log_mass": 6.392172}, {"country_iso": "PER", "city_id": 442, "log_pop": 3.303065, "log_mass": 5.242355}, {"country_iso": "PER", "city_id": 528, "log_pop": 4.397553, "log_mass": 6.422887}, {"country_iso": "PER", "city_id": 528, "log_pop": 2.640954, "log_mass": 5.154934}, {"country_iso": "PER", "city_id": 528, "log_pop": 4.6354, "log_mass": 6.470987}, {"country_iso": "PER", "city_id": 528, "log_pop": 2.828489, "log_mass": 5.705685}, {"country_iso": "PER", "city_id": 528, "log_pop": 4.914393, "log_mass": 6.531924}, {"country_iso": "PER", "city_id": 442, "log_pop": 3.086669, "log_mass": 5.127888}, {"country_iso": "PER", "city_id": 528, "log_pop": 4.377801, "log_mass": 6.490742}, {"country_iso": "PER", "city_id": 421, "log_pop": 3.540404, "log_mass": 5.471997}, {"country_iso": "PER", "city_id": 442, "log_pop": 4.05114, "log_mass": 6.081539}, {"country_iso": "PER", "city_id": 800, "log_pop": 3.744427, "log_mass": 5.215316}, {"country_iso": "PER", "city_id": 528, "log_pop": 3.656969, "log_mass": 5.625576}, {"country_iso": "PER", "city_id": 466, "log_pop": 2.804833, "log_mass": 5.150335}, {"country_iso": "PER", "city_id": 528, "log_pop": 4.769479, "log_mass": 6.517352}, {"country_iso": "PER", "city_id": 528, "log_pop": 4.286719, "log_mass": 6.421126}, {"country_iso": "PER", "city_id": 528, "log_pop": 3.615466, "log_mass": 6.061859}, {"country_iso": "PER", "city_id": 466, "log_pop": 4.455016, "log_mass": 6.363554}, {"country_iso": "PER", "city_id": 528, "log_pop": 4.725411, "log_mass": 6.381215}, {"country_iso": "PER", "city_id": 528, "log_pop": 4.908335, "log_mass": 6.667745}, {"country_iso": "PER", "city_id": 528, "log_pop": 4.819706, "log_mass": 6.463263}, {"country_iso": "PER", "city_id": 528, "log_pop": 4.822322, "log_mass": 6.717247}, {"country_iso": "PER", "city_id": 466, "log_pop": 2.343707, "log_mass": 5.665591}, {"country_iso": "PER", "city_id": 528, "log_pop": 3.447277, "log_mass": 5.403844}, {"country_iso": "PER", "city_id": 442, "log_pop": 2.099471, "log_mass": 4.308496}, {"country_iso": "PER", "city_id": 800, "log_pop": 3.740208, "log_mass": 5.85364}, {"country_iso": "PER", "city_id": 528, "log_pop": 3.502264, "log_mass": 5.987997}, {"country_iso": "PER", "city_id": 442, "log_pop": 2.749122, "log_mass": 5.423244}, {"country_iso": "PER", "city_id": 528, "log_pop": 4.416772, "log_mass": 6.1691}, {"country_iso": "PER", "city_id": 800, "log_pop": 2.395249, "log_mass": 4.656896}, {"country_iso": "PER", "city_id": 528, "log_pop": 4.101354, "log_mass": 6.388195}, {"country_iso": "PER", "city_id": 528, "log_pop": 4.282579, "log_mass": 6.460492}, {"country_iso": "PER", "city_id": 528, "log_pop": 4.204996, "log_mass": 6.489837}, {"country_iso": "PER", "city_id": 723, "log_pop": 1.821808, "log_mass": 4.308874}, {"country_iso": "PER", "city_id": 723, "log_pop": 4.569324, "log_mass": 6.47882}, {"country_iso": "PER", "city_id": 442, "log_pop": 3.630884, "log_mass": 5.536797}, {"country_iso": "PER", "city_id": 622, "log_pop": 4.270819, "log_mass": 6.314907}, {"country_iso": "PER", "city_id": 528, "log_pop": 4.02065, "log_mass": 5.769889}, {"country_iso": "PER", "city_id": 528, "log_pop": 3.610956, "log_mass": 5.594382}, {"country_iso": "PER", "city_id": 528, "log_pop": 4.693602, "log_mass": 6.388232}, {"country_iso": "PER", "city_id": 788, "log_pop": 3.138739, "log_mass": 5.244275}, {"country_iso": "PER", "city_id": 788, "log_pop": 2.997525, "log_mass": 5.128971}, {"country_iso": "PER", "city_id": 528, "log_pop": 4.654516, "log_mass": 6.662448}, {"country_iso": "PER", "city_id": 466, "log_pop": 1.442466, "log_mass": 3.834018}, {"country_iso": "PER", "city_id": 723, "log_pop": 4.034665, "log_mass": 6.142024}, {"country_iso": "PER", "city_id": 622, "log_pop": 3.926361, "log_mass": 6.248554}, {"country_iso": "PER", "city_id": 442, "log_pop": 2.861321, "log_mass": 4.994097}, {"country_iso": "PER", "city_id": 528, "log_pop": 4.173295, "log_mass": 6.371349}, {"country_iso": "PER", "city_id": 528, "log_pop": 3.384169, "log_mass": 5.832545}, {"country_iso": "PER", "city_id": 753, "log_pop": 1.882932, "log_mass": 4.074347}, {"country_iso": "PER", "city_id": 753, "log_pop": 3.881739, "log_mass": 5.819771}, {"country_iso": "PER", "city_id": 800, "log_pop": 4.17199, "log_mass": 6.170923}, {"country_iso": "PER", "city_id": 622, "log_pop": 4.235169, "log_mass": 6.401793}, {"country_iso": "PER", "city_id": 528, "log_pop": 5.003012, "log_mass": 6.720553}, {"country_iso": "PER", "city_id": 528, "log_pop": 4.484708, "log_mass": 6.277234}, {"country_iso": "PER", "city_id": 528, "log_pop": 4.748213, "log_mass": 6.553223}, {"country_iso": "PER", "city_id": 622, "log_pop": 4.487538, "log_mass": 6.63066}, {"country_iso": "PER", "city_id": 528, "log_pop": 4.927213, "log_mass": 6.694142}, {"country_iso": "PER", "city_id": 466, "log_pop": 2.344347, "log_mass": 4.983805}, {"country_iso": "PER", "city_id": 528, "log_pop": 4.592724, "log_mass": 6.62111}, {"country_iso": "PER", "city_id": 528, "log_pop": 4.489692, "log_mass": 6.339382}, {"country_iso": "PER", "city_id": 528, "log_pop": 4.889538, "log_mass": 6.653917}, {"country_iso": "PER", "city_id": 528, "log_pop": 4.444554, "log_mass": 6.284416}, {"country_iso": "PER", "city_id": 528, "log_pop": 1.686389, "log_mass": 4.40985}, {"country_iso": "PER", "city_id": 528, "log_pop": 4.75052, "log_mass": 6.688198}, {"country_iso": "PER", "city_id": 528, "log_pop": 4.866598, "log_mass": 6.674531}, {"country_iso": "PER", "city_id": 528, "log_pop": 5.06597, "log_mass": 6.776145}, {"country_iso": "PER", "city_id": 800, "log_pop": 2.198255, "log_mass": 4.285259}, {"country_iso": "PER", "city_id": 528, "log_pop": 4.954735, "log_mass": 6.549386}, {"country_iso": "PER", "city_id": 528, "log_pop": 4.025885, "log_mass": 6.400311}, {"country_iso": "PER", "city_id": 528, "log_pop": 3.882575, "log_mass": 6.259941}, {"country_iso": "PER", "city_id": 622, "log_pop": 1.49293, "log_mass": 4.169217}, {"country_iso": "PER", "city_id": 528, "log_pop": 3.152326, "log_mass": 5.471301}, {"country_iso": "PER", "city_id": 788, "log_pop": 4.030441, "log_mass": 5.92476}, {"country_iso": "PER", "city_id": 528, "log_pop": 4.244117, "log_mass": 6.413938}, {"country_iso": "PER", "city_id": 788, "log_pop": 2.289777, "log_mass": 4.519555}, {"country_iso": "PER", "city_id": 421, "log_pop": 2.558322, "log_mass": 4.635505}, {"country_iso": "PER", "city_id": 466, "log_pop": 4.628078, "log_mass": 6.649192}, {"country_iso": "PER", "city_id": 753, "log_pop": 3.76927, "log_mass": 5.989202}, {"country_iso": "PER", "city_id": 800, "log_pop": 2.395515, "log_mass": 4.722092}, {"country_iso": "PER", "city_id": 528, "log_pop": 4.246995, "log_mass": 6.289621}, {"country_iso": "PER", "city_id": 622, "log_pop": 3.964371, "log_mass": 6.157627}, {"country_iso": "PER", "city_id": 528, "log_pop": 4.555774, "log_mass": 6.467589}, {"country_iso": "PER", "city_id": 528, "log_pop": 1.854746, "log_mass": 4.386396}, {"country_iso": "PER", "city_id": 442, "log_pop": 2.675368, "log_mass": 4.870359}, {"country_iso": "PER", "city_id": 753, "log_pop": 2.41516, "log_mass": 4.497341}, {"country_iso": "PER", "city_id": 528, "log_pop": 4.053168, "log_mass": 6.110355}, {"country_iso": "PER", "city_id": 528, "log_pop": 4.035402, "log_mass": 6.203239}, {"country_iso": "PER", "city_id": 442, "log_pop": 1.315229, "log_mass": 3.78097}, {"country_iso": "PER", "city_id": 753, "log_pop": 3.704053, "log_mass": 5.791844}, {"country_iso": "PER", "city_id": 528, "log_pop": 4.359856, "log_mass": 6.515373}, {"country_iso": "PER", "city_id": 753, "log_pop": 4.047939, "log_mass": 6.138618}, {"country_iso": "PER", "city_id": 753, "log_pop": 4.484603, "log_mass": 6.454027}, {"country_iso": "PER", "city_id": 753, "log_pop": 3.544786, "log_mass": 5.528617}, {"country_iso": "PER", "city_id": 753, "log_pop": 2.278549, "log_mass": 4.764184}, {"country_iso": "PER", "city_id": 528, "log_pop": 3.571207, "log_mass": 5.861698}, {"country_iso": "PER", "city_id": 528, "log_pop": 4.012067, "log_mass": 6.389098}, {"country_iso": "PER", "city_id": 442, "log_pop": 4.364366, "log_mass": 6.277615}, {"country_iso": "PER", "city_id": 528, "log_pop": 4.127522, "log_mass": 6.491168}, {"country_iso": "PER", "city_id": 622, "log_pop": 3.772847, "log_mass": 5.835414}, {"country_iso": "PER", "city_id": 723, "log_pop": 4.485419, "log_mass": 6.416944}, {"country_iso": "PER", "city_id": 528, "log_pop": 4.382839, "log_mass": 6.265992}, {"country_iso": "PER", "city_id": 528, "log_pop": 4.653029, "log_mass": 6.210383}, {"country_iso": "PER", "city_id": 622, "log_pop": 3.509044, "log_mass": 5.755715}, {"country_iso": "PER", "city_id": 528, "log_pop": 5.071068, "log_mass": 6.771288}, {"country_iso": "PER", "city_id": 466, "log_pop": 2.766616, "log_mass": 5.676183}, {"country_iso": "PER", "city_id": 788, "log_pop": 4.236192, "log_mass": 6.201386}, {"country_iso": "PER", "city_id": 528, "log_pop": 4.740863, "log_mass": 6.497102}, {"country_iso": "PER", "city_id": 528, "log_pop": 4.947229, "log_mass": 6.757488}, {"country_iso": "PER", "city_id": 800, "log_pop": 2.235076, "log_mass": 4.426714}, {"country_iso": "PER", "city_id": 528, "log_pop": 3.069649, "log_mass": 5.279439}, {"country_iso": "PER", "city_id": 528, "log_pop": 4.459881, "log_mass": 6.436007}, {"country_iso": "PER", "city_id": 800, "log_pop": 2.365898, "log_mass": 4.209882}, {"country_iso": "PER", "city_id": 528, "log_pop": 4.863585, "log_mass": 6.535376}, {"country_iso": "PER", "city_id": 528, "log_pop": 2.031039, "log_mass": 4.763955}, {"country_iso": "PER", "city_id": 528, "log_pop": 4.071054, "log_mass": 6.338398}, {"country_iso": "PER", "city_id": 528, "log_pop": 4.36067, "log_mass": 6.495807}, {"country_iso": "PER", "city_id": 528, "log_pop": 2.264797, "log_mass": 4.65616}, {"country_iso": "PER", "city_id": 442, "log_pop": 3.427295, "log_mass": 5.590098}, {"country_iso": "PER", "city_id": 528, "log_pop": 4.83273, "log_mass": 6.718838}, {"country_iso": "PER", "city_id": 753, "log_pop": 2.945147, "log_mass": 5.187139}, {"country_iso": "PER", "city_id": 528, "log_pop": 4.880559, "log_mass": 6.635817}, {"country_iso": "PER", "city_id": 753, "log_pop": 4.460612, "log_mass": 6.609167}, {"country_iso": "PER", "city_id": 528, "log_pop": 4.048479, "log_mass": 6.347881}, {"country_iso": "PER", "city_id": 528, "log_pop": 4.662535, "log_mass": 6.541668}, {"country_iso": "PER", "city_id": 528, "log_pop": 4.037617, "log_mass": 5.9309}, {"country_iso": "PER", "city_id": 528, "log_pop": 2.207443, "log_mass": 4.989769}, {"country_iso": "PER", "city_id": 723, "log_pop": 3.774395, "log_mass": 5.875579}, {"country_iso": "PER", "city_id": 528, "log_pop": 1.703118, "log_mass": 4.512937}, {"country_iso": "PER", "city_id": 528, "log_pop": 3.007881, "log_mass": 5.080653}, {"country_iso": "PER", "city_id": 528, "log_pop": 3.579095, "log_mass": 5.989785}, {"country_iso": "PER", "city_id": 528, "log_pop": 2.97084, "log_mass": 5.035625}, {"country_iso": "PER", "city_id": 442, "log_pop": 0.377061, "log_mass": 3.374456}, {"country_iso": "PER", "city_id": 528, "log_pop": 2.278807, "log_mass": 4.47404}, {"country_iso": "PER", "city_id": 800, "log_pop": 2.749412, "log_mass": 4.886159}, {"country_iso": "PER", "city_id": 528, "log_pop": 4.493268, "log_mass": 6.85649}, {"country_iso": "PER", "city_id": 528, "log_pop": 4.891373, "log_mass": 6.747656}, {"country_iso": "PER", "city_id": 788, "log_pop": 2.214916, "log_mass": 4.495411}, {"country_iso": "PER", "city_id": 528, "log_pop": 4.210389, "log_mass": 6.525408}, {"country_iso": "PER", "city_id": 528, "log_pop": 3.181704, "log_mass": 5.743477}, {"country_iso": "PER", "city_id": 528, "log_pop": 3.52507, "log_mass": 5.83454}, {"country_iso": "PER", "city_id": 528, "log_pop": 4.984487, "log_mass": 6.689245}, {"country_iso": "PER", "city_id": 528, "log_pop": 4.271913, "log_mass": 6.454627}, {"country_iso": "PER", "city_id": 466, "log_pop": 4.062665, "log_mass": 5.996277}, {"country_iso": "PER", "city_id": 421, "log_pop": 4.35766, "log_mass": 6.223864}, {"country_iso": "PER", "city_id": 528, "log_pop": 4.251111, "log_mass": 6.476792}, {"country_iso": "PER", "city_id": 528, "log_pop": 4.199052, "log_mass": 6.157426}, {"country_iso": "PER", "city_id": 753, "log_pop": 4.175162, "log_mass": 6.114672}, {"country_iso": "PER", "city_id": 528, "log_pop": 4.844314, "log_mass": 6.699619}, {"country_iso": "PER", "city_id": 800, "log_pop": 1.076205, "log_mass": 3.896585}, {"country_iso": "PER", "city_id": 723, "log_pop": 3.941748, "log_mass": 5.887487}, {"country_iso": "PER", "city_id": 723, "log_pop": 2.996505, "log_mass": 5.346667}, {"country_iso": "PER", "city_id": 753, "log_pop": 4.650516, "log_mass": 6.583462}, {"country_iso": "PER", "city_id": 788, "log_pop": 4.36912, "log_mass": 6.350125}, {"country_iso": "PER", "city_id": 753, "log_pop": 3.464523, "log_mass": 5.770047}, {"country_iso": "PER", "city_id": 528, "log_pop": 4.803422, "log_mass": 6.702832}, {"country_iso": "PER", "city_id": 622, "log_pop": 4.508763, "log_mass": 6.390943}, {"country_iso": "PER", "city_id": 528, "log_pop": 4.178185, "log_mass": 6.122261}, {"country_iso": "PER", "city_id": 788, "log_pop": 4.149074, "log_mass": 6.230171}, {"country_iso": "PER", "city_id": 622, "log_pop": 3.927024, "log_mass": 6.231968}, {"country_iso": "PER", "city_id": 421, "log_pop": 0.696608, "log_mass": 3.469316}, {"country_iso": "PER", "city_id": 528, "log_pop": 4.981446, "log_mass": 6.631412}, {"country_iso": "PER", "city_id": 528, "log_pop": 1.932875, "log_mass": 4.329071}, {"country_iso": "PER", "city_id": 528, "log_pop": 4.639838, "log_mass": 6.589757}, {"country_iso": "PER", "city_id": 528, "log_pop": 4.00228, "log_mass": 6.018597}, {"country_iso": "PER", "city_id": 421, "log_pop": 2.754986, "log_mass": 4.534178}, {"country_iso": "PER", "city_id": 528, "log_pop": 4.094314, "log_mass": 6.078056}, {"country_iso": "PER", "city_id": 528, "log_pop": 4.260392, "log_mass": 6.251243}, {"country_iso": "PER", "city_id": 442, "log_pop": 1.433722, "log_mass": 4.653856}, {"country_iso": "PER", "city_id": 528, "log_pop": 4.82754, "log_mass": 6.730839}, {"country_iso": "PER", "city_id": 528, "log_pop": 4.102116, "log_mass": 5.841672}, {"country_iso": "PER", "city_id": 800, "log_pop": 3.360346, "log_mass": 5.310392}, {"country_iso": "PER", "city_id": 723, "log_pop": 3.597042, "log_mass": 5.845966}, {"country_iso": "PER", "city_id": 753, "log_pop": 3.763529, "log_mass": 5.776497}, {"country_iso": "PER", "city_id": 528, "log_pop": 3.566436, "log_mass": 5.963722}, {"country_iso": "PER", "city_id": 753, "log_pop": 3.41991, "log_mass": 5.489929}, {"country_iso": "PER", "city_id": 528, "log_pop": 4.277217, "log_mass": 6.285509}, {"country_iso": "PER", "city_id": 800, "log_pop": 3.988845, "log_mass": 5.775583}, {"country_iso": "PER", "city_id": 622, "log_pop": 3.655796, "log_mass": 5.9002}, {"country_iso": "PER", "city_id": 528, "log_pop": 4.032949, "log_mass": 6.421748}, {"country_iso": "PER", "city_id": 753, "log_pop": 3.394419, "log_mass": 5.466329}, {"country_iso": "PER", "city_id": 528, "log_pop": 4.489088, "log_mass": 6.491634}, {"country_iso": "PER", "city_id": 528, "log_pop": 4.839998, "log_mass": 6.695638}, {"country_iso": "PER", "city_id": 528, "log_pop": 4.526618, "log_mass": 6.375774}, {"country_iso": "PER", "city_id": 528, "log_pop": 3.787894, "log_mass": 5.73062}, {"country_iso": "PER", "city_id": 723, "log_pop": 4.441743, "log_mass": 6.529569}, {"country_iso": "PER", "city_id": 528, "log_pop": 4.906473, "log_mass": 6.406509}, {"country_iso": "PER", "city_id": 723, "log_pop": 2.938754, "log_mass": 5.087734}, {"country_iso": "PER", "city_id": 528, "log_pop": 4.235875, "log_mass": 6.273491}, {"country_iso": "PER", "city_id": 528, "log_pop": 3.411173, "log_mass": 5.694995}, {"country_iso": "PER", "city_id": 753, "log_pop": 3.48398, "log_mass": 5.580163}, {"country_iso": "PER", "city_id": 800, "log_pop": 3.553529, "log_mass": 5.899911}, {"country_iso": "PER", "city_id": 421, "log_pop": 3.422332, "log_mass": 5.304411}, {"country_iso": "PER", "city_id": 788, "log_pop": 3.840285, "log_mass": 5.870997}, {"country_iso": "PER", "city_id": 442, "log_pop": 2.314166, "log_mass": 4.533618}, {"country_iso": "PER", "city_id": 421, "log_pop": 3.72951, "log_mass": 5.889283}, {"country_iso": "PER", "city_id": 421, "log_pop": 3.912647, "log_mass": 5.880239}, {"country_iso": "PER", "city_id": 753, "log_pop": 0.258646, "log_mass": 3.475118}, {"country_iso": "PER", "city_id": 442, "log_pop": 4.315105, "log_mass": 6.32932}, {"country_iso": "PER", "city_id": 753, "log_pop": 3.240969, "log_mass": 5.403294}, {"country_iso": "PER", "city_id": 753, "log_pop": 4.00211, "log_mass": 6.092227}, {"country_iso": "PER", "city_id": 466, "log_pop": 1.821938, "log_mass": 3.88416}, {"country_iso": "PER", "city_id": 528, "log_pop": 4.298576, "log_mass": 6.476403}, {"country_iso": "PER", "city_id": 528, "log_pop": 3.426067, "log_mass": 5.640163}, {"country_iso": "PER", "city_id": 528, "log_pop": 4.839582, "log_mass": 6.680812}, {"country_iso": "PER", "city_id": 421, "log_pop": 3.29615, "log_mass": 5.408985}, {"country_iso": "PER", "city_id": 528, "log_pop": 2.550369, "log_mass": 5.243403}, {"country_iso": "PER", "city_id": 466, "log_pop": 4.206344, "log_mass": 5.927971}, {"country_iso": "PER", "city_id": 528, "log_pop": 4.879282, "log_mass": 6.544017}, {"country_iso": "PER", "city_id": 528, "log_pop": 4.9939, "log_mass": 6.853357}, {"country_iso": "PER", "city_id": 723, "log_pop": 4.152713, "log_mass": 6.261726}, {"country_iso": "PER", "city_id": 528, "log_pop": 4.808822, "log_mass": 6.851896}, {"country_iso": "PER", "city_id": 528, "log_pop": 5.092513, "log_mass": 6.683458}, {"country_iso": "PER", "city_id": 421, "log_pop": 3.530688, "log_mass": 5.718509}, {"country_iso": "PER", "city_id": 528, "log_pop": 3.612354, "log_mass": 5.864153}, {"country_iso": "PER", "city_id": 466, "log_pop": 3.079424, "log_mass": 5.207865}, {"country_iso": "PER", "city_id": 528, "log_pop": 2.371343, "log_mass": 4.597037}, {"country_iso": "PER", "city_id": 528, "log_pop": 4.914528, "log_mass": 6.887562}, {"country_iso": "PER", "city_id": 466, "log_pop": 1.300267, "log_mass": 4.325405}, {"country_iso": "PER", "city_id": 442, "log_pop": 3.341079, "log_mass": 5.444679}, {"country_iso": "PER", "city_id": 723, "log_pop": 4.156011, "log_mass": 6.249552}, {"country_iso": "PER", "city_id": 528, "log_pop": 4.223436, "log_mass": 6.123124}, {"country_iso": "PER", "city_id": 800, "log_pop": 4.26771, "log_mass": 6.191485}, {"country_iso": "PER", "city_id": 528, "log_pop": 3.202062, "log_mass": 5.412542}, {"country_iso": "PER", "city_id": 753, "log_pop": 2.509663, "log_mass": 4.860985}, {"country_iso": "PER", "city_id": 528, "log_pop": 4.567783, "log_mass": 6.389487}, {"country_iso": "PER", "city_id": 753, "log_pop": 1.865676, "log_mass": 4.066765}, {"country_iso": "PER", "city_id": 753, "log_pop": 1.730564, "log_mass": 4.782793}, {"country_iso": "PER", "city_id": 442, "log_pop": 4.297082, "log_mass": 6.471567}, {"country_iso": "PER", "city_id": 528, "log_pop": 4.950735, "log_mass": 6.842821}, {"country_iso": "PER", "city_id": 528, "log_pop": 4.806976, "log_mass": 6.83499}, {"country_iso": "PER", "city_id": 528, "log_pop": 4.767361, "log_mass": 6.604195}, {"country_iso": "PER", "city_id": 528, "log_pop": 5.040507, "log_mass": 6.72565}, {"country_iso": "PER", "city_id": 753, "log_pop": 3.603215, "log_mass": 5.886251}, {"country_iso": "PER", "city_id": 528, "log_pop": 4.91499, "log_mass": 6.613135}, {"country_iso": "PER", "city_id": 528, "log_pop": 4.572867, "log_mass": 6.492194}, {"country_iso": "PER", "city_id": 528, "log_pop": 4.023788, "log_mass": 6.302891}, {"country_iso": "PER", "city_id": 528, "log_pop": 4.897921, "log_mass": 6.880701}, {"country_iso": "PER", "city_id": 442, "log_pop": 3.184455, "log_mass": 5.27676}, {"country_iso": "PER", "city_id": 442, "log_pop": 3.311813, "log_mass": 5.6437}, {"country_iso": "PER", "city_id": 528, "log_pop": 3.488164, "log_mass": 5.831697}, {"country_iso": "PER", "city_id": 753, "log_pop": 3.001275, "log_mass": 5.016101}, {"country_iso": "PER", "city_id": 528, "log_pop": 2.77664, "log_mass": 5.574694}, {"country_iso": "PER", "city_id": 800, "log_pop": 1.461184, "log_mass": 3.789305}, {"country_iso": "PER", "city_id": 528, "log_pop": 4.216753, "log_mass": 6.41768}, {"country_iso": "PER", "city_id": 788, "log_pop": 0.263504, "log_mass": 3.574588}, {"country_iso": "PER", "city_id": 466, "log_pop": 4.263976, "log_mass": 6.15826}, {"country_iso": "PER", "city_id": 753, "log_pop": 4.517917, "log_mass": 6.29688}, {"country_iso": "PER", "city_id": 528, "log_pop": 4.372332, "log_mass": 6.495985}, {"country_iso": "PER", "city_id": 528, "log_pop": 4.844871, "log_mass": 6.631272}, {"country_iso": "PER", "city_id": 528, "log_pop": 4.216402, "log_mass": 6.429425}, {"country_iso": "PER", "city_id": 528, "log_pop": 4.853152, "log_mass": 6.762091}, {"country_iso": "PER", "city_id": 528, "log_pop": 4.642759, "log_mass": 6.503785}, {"country_iso": "PER", "city_id": 753, "log_pop": 4.583588, "log_mass": 6.497877}, {"country_iso": "PER", "city_id": 421, "log_pop": 3.721413, "log_mass": 5.866438}, {"country_iso": "PER", "city_id": 528, "log_pop": 4.737152, "log_mass": 6.746647}, {"country_iso": "PER", "city_id": 753, "log_pop": 1.718447, "log_mass": 4.1937}, {"country_iso": "PER", "city_id": 528, "log_pop": 3.958352, "log_mass": 5.941903}, {"country_iso": "PER", "city_id": 528, "log_pop": 4.917476, "log_mass": 6.62707}, {"country_iso": "PER", "city_id": 528, "log_pop": 5.048857, "log_mass": 6.733225}, {"country_iso": "PER", "city_id": 528, "log_pop": 4.959917, "log_mass": 6.651477}, {"country_iso": "PER", "city_id": 466, "log_pop": 4.373999, "log_mass": 6.370871}, {"country_iso": "PER", "city_id": 528, "log_pop": 4.927635, "log_mass": 6.532741}]