[{"country_iso": "DOM", "city_id": 816, "log_pop": 2.80374, "log_mass": 5.129471, "log_pop_c": -0.804111, "log_mass_c": -0.615761}, {"country_iso": "DOM", "city_id": 797, "log_pop": 4.034894, "log_mass": 6.119714, "log_pop_c": 0.815481, "log_mass_c": 0.535349}, {"country_iso": "DOM", "city_id": 797, "log_pop": 2.882481, "log_mass": 5.596268, "log_pop_c": -0.336932, "log_mass_c": 0.011903}, {"country_iso": "DOM", "city_id": 797, "log_pop": 2.689653, "log_mass": 4.981633, "log_pop_c": -0.52976, "log_mass_c": -0.602732}, {"country_iso": "DOM", "city_id": 797, "log_pop": 3.949234, "log_mass": 6.077146, "log_pop_c": 0.729821, "log_mass_c": 0.492781}, {"country_iso": "DOM", "city_id": 797, "log_pop": 3.532736, "log_mass": 5.76054, "log_pop_c": 0.313323, "log_mass_c": 0.176175}, {"country_iso": "DOM", "city_id": 816, "log_pop": 2.131327, "log_mass": 4.765767, "log_pop_c": -1.476524, "log_mass_c": -0.979465}, {"country_iso": "DOM", "city_id": 816, "log_pop": 4.023498, "log_mass": 5.989234, "log_pop_c": 0.415648, "log_mass_c": 0.244002}, {"country_iso": "DOM", "city_id": 816, "log_pop": 3.849277, "log_mass": 5.979497, "log_pop_c": 0.241426, "log_mass_c": 0.234265}, {"country_iso": "DOM", "city_id": 797, "log_pop": 2.861889, "log_mass": 5.34927, "log_pop_c": -0.357524, "log_mass_c": -0.235095}, {"country_iso": "DOM", "city_id": 813, "log_pop": 3.314096, "log_mass": 5.677451, "log_pop_c": 0.38035, "log_mass_c": 0.369882}, {"country_iso": "DOM", "city_id": 816, "log_pop": 2.729859, "log_mass": 5.15982, "log_pop_c": -0.877992, "log_mass_c": -0.585412}, {"country_iso": "DOM", "city_id": 801, "log_pop": 2.322849, "log_mass": 4.8512, "log_pop_c": -0.441056, "log_mass_c": -0.391875}, {"country_iso": "DOM", "city_id": 815, "log_pop": 4.23175, "log_mass": 6.42927, "log_pop_c": 0.768102, "log_mass_c": 0.724339}, {"country_iso": "DOM", "city_id": 816, "log_pop": 2.846289, "log_mass": 5.194446, "log_pop_c": -0.761562, "log_mass_c": -0.550785}, {"country_iso": "DOM", "city_id": 816, "log_pop": 3.434243, "log_mass": 5.652667, "log_pop_c": -0.173608, "log_mass_c": -0.092565}, {"country_iso": "DOM", "city_id": 801, "log_pop": 4.146503, "log_mass": 6.313536, "log_pop_c": 1.382598, "log_mass_c": 1.070461}, {"country_iso": "DOM", "city_id": 816, "log_pop": 4.300396, "log_mass": 6.210826, "log_pop_c": 0.692545, "log_mass_c": 0.465594}, {"country_iso": "DOM", "city_id": 816, "log_pop": 2.157414, "log_mass": 4.591938, "log_pop_c": -1.450437, "log_mass_c": -1.153294}, {"country_iso": "DOM", "city_id": 816, "log_pop": 3.005959, "log_mass": 5.306877, "log_pop_c": -0.601892, "log_mass_c": -0.438355}, {"country_iso": "DOM", "city_id": 851, "log_pop": 4.303842, "log_mass": 6.370797, "log_pop_c": 0.701438, "log_mass_c": 0.690354}, {"country_iso": "DOM", "city_id": 816, "log_pop": 2.856682, "log_mass": 5.095909, "log_pop_c": -0.751169, "log_mass_c": -0.649323}, {"country_iso": "DOM", "city_id": 816, "log_pop": 4.436209, "log_mass": 6.263102, "log_pop_c": 0.828358, "log_mass_c": 0.51787}, {"country_iso": "DOM", "city_id": 816, "log_pop": 3.169346, "log_mass": 5.326125, "log_pop_c": -0.438505, "log_mass_c": -0.419107}, {"country_iso": "DOM", "city_id": 813, "log_pop": 3.546487, "log_mass": 5.71884, "log_pop_c": 0.612741, "log_mass_c": 0.411272}, {"country_iso": "DOM", "city_id": 816, "log_pop": 3.487308, "log_mass": 5.982687, "log_pop_c": -0.120543, "log_mass_c": 0.237455}, {"country_iso": "DOM", "city_id": 816, "log_pop": 2.259089, "log_mass": 4.801141, "log_pop_c": -1.348762, "log_mass_c": -0.94409}, {"country_iso": "DOM", "city_id": 797, "log_pop": 4.346539, "log_mass": 6.50051, "log_pop_c": 1.127126, "log_mass_c": 0.916145}, {"country_iso": "DOM", "city_id": 839, "log_pop": 4.180817, "log_mass": 6.395376, "log_pop_c": 1.059323, "log_mass_c": 1.056152}, {"country_iso": "DOM", "city_id": 816, "log_pop": 3.902526, "log_mass": 5.998647, "log_pop_c": 0.294675, "log_mass_c": 0.253415}, {"country_iso": "DOM", "city_id": 816, "log_pop": 3.863899, "log_mass": 5.888371, "log_pop_c": 0.256048, "log_mass_c": 0.143139}, {"country_iso": "DOM", "city_id": 801, "log_pop": 1.980102, "log_mass": 4.757148, "log_pop_c": -0.783802, "log_mass_c": -0.485927}, {"country_iso": "DOM", "city_id": 813, "log_pop": 3.038337, "log_mass": 5.445075, "log_pop_c": 0.104591, "log_mass_c": 0.137507}, {"country_iso": "DOM", "city_id": 816, "log_pop": 1.227987, "log_mass": 4.643131, "log_pop_c": -2.379864, "log_mass_c": -1.102101}, {"country_iso": "DOM", "city_id": 816, "log_pop": 4.053891, "log_mass": 6.219878, "log_pop_c": 0.44604, "log_mass_c": 0.474646}, {"country_iso": "DOM", "city_id": 816, "log_pop": 3.941323, "log_mass": 5.960549, "log_pop_c": 0.333472, "log_mass_c": 0.215317}, {"country_iso": "DOM", "city_id": 797, "log_pop": 2.374407, "log_mass": 4.962825, "log_pop_c": -0.845006, "log_mass_c": -0.62154}, {"country_iso": "DOM", "city_id": 797, "log_pop": 0.685882, "log_mass": 3.478876, "log_pop_c": -2.533532, "log_mass_c": -2.105489}, {"country_iso": "DOM", "city_id": 816, "log_pop": 4.384787, "log_mass": 6.335585, "log_pop_c": 0.776936, "log_mass_c": 0.590353}, {"country_iso": "DOM", "city_id": 816, "log_pop": 4.519278, "log_mass": 6.413913, "log_pop_c": 0.911427, "log_mass_c": 0.668681}, {"country_iso": "DOM", "city_id": 797, "log_pop": 2.841454, "log_mass": 5.317277, "log_pop_c": -0.37796, "log_mass_c": -0.267088}, {"country_iso": "DOM", "city_id": 797, "log_pop": 4.136808, "log_mass": 6.308919, "log_pop_c": 0.917395, "log_mass_c": 0.724554}, {"country_iso": "DOM", "city_id": 816, "log_pop": 4.396924, "log_mass": 6.316629, "log_pop_c": 0.789074, "log_mass_c": 0.571397}, {"country_iso": "DOM", "city_id": 816, "log_pop": 3.416513, "log_mass": 5.686035, "log_pop_c": -0.191338, "log_mass_c": -0.059197}, {"country_iso": "DOM", "city_id": 801, "log_pop": 2.656086, "log_mass": 4.981202, "log_pop_c": -0.107818, "log_mass_c": -0.261873}, {"country_iso": "DOM", "city_id": 816, "log_pop": 4.232574, "log_mass": 6.148695, "log_pop_c": 0.624723, "log_mass_c": 0.403463}, {"country_iso": "DOM", "city_id": 830, "log_pop": 2.846436, "log_mass": 4.890221, "log_pop_c": -0.514019, "log_mass_c": -0.510001}, {"country_iso": "DOM", "city_id": 801, "log_pop": 4.016485, "log_mass": 6.227425, "log_pop_c": 1.252581, "log_mass_c": 0.98435}, {"country_iso": "DOM", "city_id": 816, "log_pop": 2.216049, "log_mass": 4.689299, "log_pop_c": -1.391802, "log_mass_c": -1.055933}, {"country_iso": "DOM", "city_id": 813, "log_pop": 4.242841, "log_mass": 6.376929, "log_pop_c": 1.309094, "log_mass_c": 1.069361}, {"country_iso": "DOM", "city_id": 816, "log_pop": 2.751002, "log_mass": 4.99803, "log_pop_c": -0.856849, "log_mass_c": -0.747202}, {"country_iso": "DOM", "city_id": 816, "log_pop": 3.554671, "log_mass": 5.632665, "log_pop_c": -0.05318, "log_mass_c": -0.112567}, {"country_iso": "DOM", "city_id": 816, "log_pop": 3.405094, "log_mass": 5.653981, "log_pop_c": -0.202757, "log_mass_c": -0.091251}, {"country_iso": "DOM", "city_id": 813, "log_pop": 3.475728, "log_mass": 5.716158, "log_pop_c": 0.541982, "log_mass_c": 0.408589}, {"country_iso": "DOM", "city_id": 816, "log_pop": 4.404111, "log_mass": 6.355883, "log_pop_c": 0.79626, "log_mass_c": 0.610651}, {"country_iso": "DOM", "city_id": 830, "log_pop": 3.467612, "log_mass": 5.460836, "log_pop_c": 0.107157, "log_mass_c": 0.060614}, {"country_iso": "DOM", "city_id": 801, "log_pop": 1.004974, "log_mass": 3.91002, "log_pop_c": -1.75893, "log_mass_c": -1.333055}, {"country_iso": "DOM", "city_id": 816, "log_pop": 4.622586, "log_mass": 6.607864, "log_pop_c": 1.014735, "log_mass_c": 0.862632}, {"country_iso": "DOM", "city_id": 816, "log_pop": 3.905464, "log_mass": 6.074239, "log_pop_c": 0.297614, "log_mass_c": 0.329007}, {"country_iso": "DOM", "city_id": 816, "log_pop": 4.612979, "log_mass": 6.561426, "log_pop_c": 1.005128, "log_mass_c": 0.816194}, {"country_iso": "DOM", "city_id": 815, "log_pop": 3.723809, "log_mass": 5.848141, "log_pop_c": 0.260162, "log_mass_c": 0.14321}, {"country_iso": "DOM", "city_id": 816, "log_pop": 0.677125, "log_mass": 3.608075, "log_pop_c": -2.930726, "log_mass_c": -2.137157}, {"country_iso": "DOM", "city_id": 816, "log_pop": 4.5381, "log_mass": 6.407062, "log_pop_c": 0.930249, "log_mass_c": 0.66183}, {"country_iso": "DOM", "city_id": 816, "log_pop": 4.072465, "log_mass": 5.983933, "log_pop_c": 0.464614, "log_mass_c": 0.238701}, {"country_iso": "DOM", "city_id": 816, "log_pop": 3.478746, "log_mass": 5.764622, "log_pop_c": -0.129105, "log_mass_c": 0.01939}, {"country_iso": "DOM", "city_id": 830, "log_pop": 2.447574, "log_mass": 4.439102, "log_pop_c": -0.912881, "log_mass_c": -0.96112}, {"country_iso": "DOM", "city_id": 816, "log_pop": 3.946255, "log_mass": 5.897305, "log_pop_c": 0.338404, "log_mass_c": 0.152073}, {"country_iso": "DOM", "city_id": 816, "log_pop": 3.409282, "log_mass": 5.8579, "log_pop_c": -0.198569, "log_mass_c": 0.112669}, {"country_iso": "DOM", "city_id": 816, "log_pop": 3.699491, "log_mass": 5.836932, "log_pop_c": 0.09164, "log_mass_c": 0.0917}, {"country_iso": "DOM", "city_id": 797, "log_pop": 3.894619, "log_mass": 6.059492, "log_pop_c": 0.675205, "log_mass_c": 0.475127}, {"country_iso": "DOM", "city_id": 816, "log_pop": 4.628766, "log_mass": 6.494329, "log_pop_c": 1.020915, "log_mass_c": 0.749097}, {"country_iso": "DOM", "city_id": 801, "log_pop": 3.274058, "log_mass": 5.747229, "log_pop_c": 0.510153, "log_mass_c": 0.504154}, {"country_iso": "DOM", "city_id": 816, "log_pop": 4.399605, "log_mass": 6.337224, "log_pop_c": 0.791754, "log_mass_c": 0.591992}, {"country_iso": "DOM", "city_id": 797, "log_pop": 3.929096, "log_mass": 6.079249, "log_pop_c": 0.709682, "log_mass_c": 0.494884}, {"country_iso": "DOM", "city_id": 797, "log_pop": 4.398389, "log_mass": 6.505789, "log_pop_c": 1.178976, "log_mass_c": 0.921423}, {"country_iso": "DOM", "city_id": 839, "log_pop": 2.96277, "log_mass": 5.381507, "log_pop_c": -0.158724, "log_mass_c": 0.042283}, {"country_iso": "DOM", "city_id": 797, "log_pop": 2.865158, "log_mass": 5.608789, "log_pop_c": -0.354255, "log_mass_c": 0.024424}, {"country_iso": "DOM", "city_id": 816, "log_pop": 2.992137, "log_mass": 5.380097, "log_pop_c": -0.615714, "log_mass_c": -0.365135}, {"country_iso": "DOM", "city_id": 816, "log_pop": 4.502479, "log_mass": 6.453297, "log_pop_c": 0.894628, "log_mass_c": 0.708065}, {"country_iso": "DOM", "city_id": 816, "log_pop": 4.589204, "log_mass": 6.567673, "log_pop_c": 0.981353, "log_mass_c": 0.822441}, {"country_iso": "DOM", "city_id": 839, "log_pop": 2.489753, "log_mass": 4.726987, "log_pop_c": -0.631741, "log_mass_c": -0.612238}, {"country_iso": "DOM", "city_id": 816, "log_pop": 4.321718, "log_mass": 6.206962, "log_pop_c": 0.713868, "log_mass_c": 0.461731}, {"country_iso": "DOM", "city_id": 816, "log_pop": 4.541896, "log_mass": 6.519549, "log_pop_c": 0.934045, "log_mass_c": 0.774317}, {"country_iso": "DOM", "city_id": 816, "log_pop": 2.704254, "log_mass": 5.090095, "log_pop_c": -0.903597, "log_mass_c": -0.655137}, {"country_iso": "DOM", "city_id": 816, "log_pop": 1.679273, "log_mass": 4.111058, "log_pop_c": -1.928578, "log_mass_c": -1.634174}, {"country_iso": "DOM", "city_id": 815, "log_pop": 3.883161, "log_mass": 6.09451, "log_pop_c": 0.419513, "log_mass_c": 0.389579}, {"country_iso": "DOM", "city_id": 851, "log_pop": 4.326253, "log_mass": 6.372539, "log_pop_c": 0.723849, "log_mass_c": 0.692096}, {"country_iso": "DOM", "city_id": 816, "log_pop": 2.035825, "log_mass": 4.296073, "log_pop_c": -1.572026, "log_mass_c": -1.449159}, {"country_iso": "DOM", "city_id": 816, "log_pop": 3.304748, "log_mass": 5.871263, "log_pop_c": -0.303103, "log_mass_c": 0.126031}, {"country_iso": "DOM", "city_id": 816, "log_pop": 4.077834, "log_mass": 6.254445, "log_pop_c": 0.469984, "log_mass_c": 0.509213}, {"country_iso": "DOM", "city_id": 797, "log_pop": 2.817067, "log_mass": 5.337398, "log_pop_c": -0.402346, "log_mass_c": -0.246967}, {"country_iso": "DOM", "city_id": 816, "log_pop": 3.673984, "log_mass": 5.762227, "log_pop_c": 0.066133, "log_mass_c": 0.016995}, {"country_iso": "DOM", "city_id": 813, "log_pop": 1.887858, "log_mass": 4.468356, "log_pop_c": -1.045888, "log_mass_c": -0.839212}, {"country_iso": "DOM", "city_id": 801, "log_pop": 4.008027, "log_mass": 6.162693, "log_pop_c": 1.244123, "log_mass_c": 0.919618}, {"country_iso": "DOM", "city_id": 816, "log_pop": 0.232778, "log_mass": 3.33916, "log_pop_c": -3.375073, "log_mass_c": -2.406072}, {"country_iso": "DOM", "city_id": 851, "log_pop": 3.335542, "log_mass": 5.465587, "log_pop_c": -0.266861, "log_mass_c": -0.214857}, {"country_iso": "DOM", "city_id": 797, "log_pop": 2.844993, "log_mass": 5.258677, "log_pop_c": -0.37442, "log_mass_c": -0.325688}, {"country_iso": "DOM", "city_id": 797, "log_pop": 3.497601, "log_mass": 5.773567, "log_pop_c": 0.278188, "log_mass_c": 0.189202}, {"country_iso": "DOM", "city_id": 839, "log_pop": 4.221283, "log_mass": 6.177473, "log_pop_c": 1.099789, "log_mass_c": 0.838249}, {"country_iso": "DOM", "city_id": 830, "log_pop": 4.138809, "log_mass": 6.193167, "log_pop_c": 0.778355, "log_mass_c": 0.792945}, {"country_iso": "DOM", "city_id": 816, "log_pop": 2.75545, "log_mass": 5.490916, "log_pop_c": -0.852401, "log_mass_c": -0.254316}, {"country_iso": "DOM", "city_id": 851, "log_pop": 3.975023, "log_mass": 5.940049, "log_pop_c": 0.372619, "log_mass_c": 0.259605}, {"country_iso": "DOM", "city_id": 816, "log_pop": 2.533219, "log_mass": 4.636475, "log_pop_c": -1.074632, "log_mass_c": -1.108757}, {"country_iso": "DOM", "city_id": 797, "log_pop": 2.838326, "log_mass": 5.239597, "log_pop_c": -0.381087, "log_mass_c": -0.344768}, {"country_iso": "DOM", "city_id": 797, "log_pop": 3.15106, "log_mass": 5.708348, "log_pop_c": -0.068353, "log_mass_c": 0.123983}, {"country_iso": "DOM", "city_id": 797, "log_pop": 3.219125, "log_mass": 5.904623, "log_pop_c": -0.000289, "log_mass_c": 0.320258}, {"country_iso": "DOM", "city_id": 816, "log_pop": 2.66624, "log_mass": 4.950369, "log_pop_c": -0.941611, "log_mass_c": -0.794863}, {"country_iso": "DOM", "city_id": 839, "log_pop": 2.613435, "log_mass": 4.422622, "log_pop_c": -0.508059, "log_mass_c": -0.916602}, {"country_iso": "DOM", "city_id": 851, "log_pop": 3.308361, "log_mass": 5.237465, "log_pop_c": -0.294043, "log_mass_c": -0.442978}, {"country_iso": "DOM", "city_id": 816, "log_pop": 2.171746, "log_mass": 4.666909, "log_pop_c": -1.436105, "log_mass_c": -1.078323}, {"country_iso": "DOM", "city_id": 851, "log_pop": 3.688257, "log_mass": 5.797595, "log_pop_c": 0.085853, "log_mass_c": 0.117151}, {"country_iso": "DOM", "city_id": 797, "log_pop": 4.074387, "log_mass": 6.211854, "log_pop_c": 0.854974, "log_mass_c": 0.627489}, {"country_iso": "DOM", "city_id": 816, "log_pop": 4.646784, "log_mass": 6.586074, "log_pop_c": 1.038933, "log_mass_c": 0.840842}, {"country_iso": "DOM", "city_id": 816, "log_pop": 4.35526, "log_mass": 6.220776, "log_pop_c": 0.747409, "log_mass_c": 0.475545}, {"country_iso": "DOM", "city_id": 830, "log_pop": 2.962143, "log_mass": 5.109316, "log_pop_c": -0.398311, "log_mass_c": -0.290906}, {"country_iso": "DOM", "city_id": 816, "log_pop": 4.404709, "log_mass": 6.293541, "log_pop_c": 0.796858, "log_mass_c": 0.548309}, {"country_iso": "DOM", "city_id": 797, "log_pop": 3.171814, "log_mass": 5.75587, "log_pop_c": -0.047599, "log_mass_c": 0.171504}, {"country_iso": "DOM", "city_id": 816, "log_pop": 2.463577, "log_mass": 5.010065, "log_pop_c": -1.144274, "log_mass_c": -0.735167}, {"country_iso": "DOM", "city_id": 816, "log_pop": 0.498172, "log_mass": 3.522881, "log_pop_c": -3.109679, "log_mass_c": -2.222351}, {"country_iso": "DOM", "city_id": 816, "log_pop": 4.272268, "log_mass": 6.165491, "log_pop_c": 0.664417, "log_mass_c": 0.420259}, {"country_iso": "DOM", "city_id": 816, "log_pop": 4.587773, "log_mass": 6.485748, "log_pop_c": 0.979922, "log_mass_c": 0.740516}, {"country_iso": "DOM", "city_id": 813, "log_pop": 2.787603, "log_mass": 5.297742, "log_pop_c": -0.146144, "log_mass_c": -0.009826}, {"country_iso": "DOM", "city_id": 816, "log_pop": 3.002657, "log_mass": 5.24149, "log_pop_c": -0.605194, "log_mass_c": -0.503742}, {"country_iso": "DOM", "city_id": 816, "log_pop": 3.444517, "log_mass": 5.77076, "log_pop_c": -0.163334, "log_mass_c": 0.025528}, {"country_iso": "DOM", "city_id": 816, "log_pop": 4.264111, "log_mass": 6.153219, "log_pop_c": 0.65626, "log_mass_c": 0.407987}, {"country_iso": "DOM", "city_id": 839, "log_pop": 4.042992, "log_mass": 6.022042, "log_pop_c": 0.921498, "log_mass_c": 0.682818}, {"country_iso": "DOM", "city_id": 816, "log_pop": 4.026801, "log_mass": 6.011025, "log_pop_c": 0.41895, "log_mass_c": 0.265793}, {"country_iso": "DOM", "city_id": 815, "log_pop": 3.001411, "log_mass": 5.353788, "log_pop_c": -0.462236, "log_mass_c": -0.351143}, {"country_iso": "DOM", "city_id": 816, "log_pop": 3.773479, "log_mass": 5.976862, "log_pop_c": 0.165628, "log_mass_c": 0.23163}, {"country_iso": "DOM", "city_id": 816, "log_pop": 4.68157, "log_mass": 6.605345, "log_pop_c": 1.073719, "log_mass_c": 0.860113}, {"country_iso": "DOM", "city_id": 816, "log_pop": 4.152624, "log_mass": 6.149588, "log_pop_c": 0.544773, "log_mass_c": 0.404356}, {"country_iso": "DOM", "city_id": 816, "log_pop": 3.555995, "log_mass": 5.870439, "log_pop_c": -0.051856, "log_mass_c": 0.125207}, {"country_iso": "DOM", "city_id": 816, "log_pop": 1.454674, "log_mass": 4.261722, "log_pop_c": -2.153177, "log_mass_c": -1.483509}, {"country_iso": "DOM", "city_id": 816, "log_pop": 4.218154, "log_mass": 6.082384, "log_pop_c": 0.610303, "log_mass_c": 0.337152}, {"country_iso": "DOM", "city_id": 797, "log_pop": 3.453383, "log_mass": 5.808346, "log_pop_c": 0.23397, "log_mass_c": 0.223981}, {"country_iso": "DOM", "city_id": 816, "log_pop": 3.277168, "log_mass": 5.605479, "log_pop_c": -0.330683, "log_mass_c": -0.139753}, {"country_iso": "DOM", "city_id": 816, "log_pop": 4.612363, "log_mass": 6.553232, "log_pop_c": 1.004512, "log_mass_c": 0.808}, {"country_iso": "DOM", "city_id": 816, "log_pop": 4.570242, "log_mass": 6.455189, "log_pop_c": 0.962391, "log_mass_c": 0.709957}, {"country_iso": "DOM", "city_id": 816, "log_pop": 2.885424, "log_mass": 5.289456, "log_pop_c": -0.722427, "log_mass_c": -0.455776}, {"country_iso": "DOM", "city_id": 816, "log_pop": 4.609789, "log_mass": 6.527636, "log_pop_c": 1.001938, "log_mass_c": 0.782405}, {"country_iso": "DOM", "city_id": 816, "log_pop": 4.550817, "log_mass": 6.409444, "log_pop_c": 0.942966, "log_mass_c": 0.664212}, {"country_iso": "DOM", "city_id": 816, "log_pop": 2.652112, "log_mass": 5.077146, "log_pop_c": -0.955739, "log_mass_c": -0.668086}, {"country_iso": "DOM", "city_id": 839, "log_pop": 2.858437, "log_mass": 5.088758, "log_pop_c": -0.263058, "log_mass_c": -0.250466}, {"country_iso": "DOM", "city_id": 816, "log_pop": 2.438599, "log_mass": 4.940406, "log_pop_c": -1.169252, "log_mass_c": -0.804826}, {"country_iso": "DOM", "city_id": 816, "log_pop": 4.645492, "log_mass": 6.57367, "log_pop_c": 1.037641, "log_mass_c": 0.828438}, {"country_iso": "DOM", "city_id": 830, "log_pop": 3.90221, "log_mass": 5.952532, "log_pop_c": 0.541755, "log_mass_c": 0.55231}, {"country_iso": "DOM", "city_id": 801, "log_pop": 0.731785, "log_mass": 3.824453, "log_pop_c": -2.032119, "log_mass_c": -1.418622}, {"country_iso": "DOM", "city_id": 816, "log_pop": 2.674815, "log_mass": 5.208411, "log_pop_c": -0.933036, "log_mass_c": -0.536821}, {"country_iso": "DOM", "city_id": 816, "log_pop": 4.312291, "log_mass": 6.280015, "log_pop_c": 0.70444, "log_mass_c": 0.534783}, {"country_iso": "DOM", "city_id": 816, "log_pop": 3.674433, "log_mass": 5.761127, "log_pop_c": 0.066582, "log_mass_c": 0.015895}, {"country_iso": "DOM", "city_id": 816, "log_pop": 4.659795, "log_mass": 6.485962, "log_pop_c": 1.051944, "log_mass_c": 0.74073}, {"country_iso": "DOM", "city_id": 815, "log_pop": 2.766415, "log_mass": 5.045626, "log_pop_c": -0.697233, "log_mass_c": -0.659305}, {"country_iso": "DOM", "city_id": 839, "log_pop": 4.118732, "log_mass": 6.328121, "log_pop_c": 0.997238, "log_mass_c": 0.988897}, {"country_iso": "DOM", "city_id": 816, "log_pop": 4.168771, "log_mass": 6.026016, "log_pop_c": 0.56092, "log_mass_c": 0.280784}, {"country_iso": "DOM", "city_id": 813, "log_pop": 1.477201, "log_mass": 3.838121, "log_pop_c": -1.456545, "log_mass_c": -1.469447}, {"country_iso": "DOM", "city_id": 797, "log_pop": 4.128935, "log_mass": 6.257682, "log_pop_c": 0.909522, "log_mass_c": 0.673317}, {"country_iso": "DOM", "city_id": 813, "log_pop": 1.207149, "log_mass": 4.156609, "log_pop_c": -1.726597, "log_mass_c": -1.15096}, {"country_iso": "DOM", "city_id": 816, "log_pop": 2.668935, "log_mass": 4.793476, "log_pop_c": -0.938916, "log_mass_c": -0.951756}, {"country_iso": "DOM", "city_id": 816, "log_pop": 4.194706, "log_mass": 6.164572, "log_pop_c": 0.586855, "log_mass_c": 0.41934}, {"country_iso": "DOM", "city_id": 816, "log_pop": 3.340751, "log_mass": 5.6738, "log_pop_c": -0.2671, "log_mass_c": -0.071432}, {"country_iso": "DOM", "city_id": 816, "log_pop": 4.033081, "log_mass": 5.936102, "log_pop_c": 0.42523, "log_mass_c": 0.190871}, {"country_iso": "DOM", "city_id": 816, "log_pop": 4.264405, "log_mass": 6.138023, "log_pop_c": 0.656554, "log_mass_c": 0.392792}, {"country_iso": "DOM", "city_id": 839, "log_pop": 2.684773, "log_mass": 5.194483, "log_pop_c": -0.436722, "log_mass_c": -0.144741}, {"country_iso": "DOM", "city_id": 830, "log_pop": 4.142684, "log_mass": 6.11944, "log_pop_c": 0.782229, "log_mass_c": 0.719218}, {"country_iso": "DOM", "city_id": 851, "log_pop": 3.652666, "log_mass": 5.686355, "log_pop_c": 0.050262, "log_mass_c": 0.005912}, {"country_iso": "DOM", "city_id": 816, "log_pop": 4.677753, "log_mass": 6.714249, "log_pop_c": 1.069902, "log_mass_c": 0.969018}, {"country_iso": "DOM", "city_id": 813, "log_pop": 1.424148, "log_mass": 3.978072, "log_pop_c": -1.509599, "log_mass_c": -1.329497}, {"country_iso": "DOM", "city_id": 815, "log_pop": 3.14886, "log_mass": 5.509015, "log_pop_c": -0.314787, "log_mass_c": -0.195916}, {"country_iso": "DOM", "city_id": 816, "log_pop": 3.054746, "log_mass": 5.164405, "log_pop_c": -0.553105, "log_mass_c": -0.580827}, {"country_iso": "DOM", "city_id": 797, "log_pop": 4.261946, "log_mass": 6.380914, "log_pop_c": 1.042533, "log_mass_c": 0.796548}, {"country_iso": "DOM", "city_id": 797, "log_pop": 4.350344, "log_mass": 6.50645, "log_pop_c": 1.13093, "log_mass_c": 0.922085}, {"country_iso": "DOM", "city_id": 797, "log_pop": 4.239909, "log_mass": 6.299773, "log_pop_c": 1.020496, "log_mass_c": 0.715408}, {"country_iso": "DOM", "city_id": 816, "log_pop": 4.19521, "log_mass": 6.14131, "log_pop_c": 0.587359, "log_mass_c": 0.396078}, {"country_iso": "DOM", "city_id": 816, "log_pop": 4.662978, "log_mass": 6.581085, "log_pop_c": 1.055127, "log_mass_c": 0.835853}, {"country_iso": "DOM", "city_id": 816, "log_pop": 3.925991, "log_mass": 5.882301, "log_pop_c": 0.31814, "log_mass_c": 0.13707}, {"country_iso": "DOM", "city_id": 816, "log_pop": 4.15063, "log_mass": 6.025241, "log_pop_c": 0.542779, "log_mass_c": 0.280009}, {"country_iso": "DOM", "city_id": 816, "log_pop": 4.571151, "log_mass": 6.440696, "log_pop_c": 0.9633, "log_mass_c": 0.695464}, {"country_iso": "DOM", "city_id": 797, "log_pop": 1.730816, "log_mass": 4.400862, "log_pop_c": -1.488597, "log_mass_c": -1.183504}, {"country_iso": "DOM", "city_id": 816, "log_pop": 3.511919, "log_mass": 5.812529, "log_pop_c": -0.095931, "log_mass_c": 0.067298}, {"country_iso": "DOM", "city_id": 816, "log_pop": 4.290456, "log_mass": 6.214301, "log_pop_c": 0.682605, "log_mass_c": 0.469069}, {"country_iso": "DOM", "city_id": 816, "log_pop": 4.394969, "log_mass": 6.282907, "log_pop_c": 0.787118, "log_mass_c": 0.537675}, {"country_iso": "DOM", "city_id": 830, "log_pop": 2.931733, "log_mass": 4.89609, "log_pop_c": -0.428722, "log_mass_c": -0.504132}, {"country_iso": "DOM", "city_id": 797, "log_pop": 0.972751, "log_mass": 4.005991, "log_pop_c": -2.246662, "log_mass_c": -1.578375}, {"country_iso": "DOM", "city_id": 813, "log_pop": 3.091321, "log_mass": 5.473415, "log_pop_c": 0.157575, "log_mass_c": 0.165847}, {"country_iso": "DOM", "city_id": 830, "log_pop": 4.35632, "log_mass": 6.458011, "log_pop_c": 0.995866, "log_mass_c": 1.057789}, {"country_iso": "DOM", "city_id": 816, "log_pop": 4.177066, "log_mass": 6.142748, "log_pop_c": 0.569215, "log_mass_c": 0.397516}, {"country_iso": "DOM", "city_id": 797, "log_pop": 3.946282, "log_mass": 6.154217, "log_pop_c": 0.726869, "log_mass_c": 0.569852}, {"country_iso": "DOM", "city_id": 801, "log_pop": 1.620535, "log_mass": 4.019699, "log_pop_c": -1.143369, "log_mass_c": -1.223376}, {"country_iso": "DOM", "city_id": 816, "log_pop": 3.693805, "log_mass": 5.530659, "log_pop_c": 0.085954, "log_mass_c": -0.214573}, {"country_iso": "DOM", "city_id": 816, "log_pop": 4.638368, "log_mass": 6.497728, "log_pop_c": 1.030517, "log_mass_c": 0.752496}, {"country_iso": "DOM", "city_id": 801, "log_pop": 1.855537, "log_mass": 4.527321, "log_pop_c": -0.908367, "log_mass_c": -0.715754}, {"country_iso": "DOM", "city_id": 816, "log_pop": 3.861994, "log_mass": 6.118402, "log_pop_c": 0.254143, "log_mass_c": 0.37317}, {"country_iso": "DOM", "city_id": 839, "log_pop": 1.132197, "log_mass": 3.948144, "log_pop_c": -1.989297, "log_mass_c": -1.391081}, {"country_iso": "DOM", "city_id": 816, "log_pop": 0.401222, "log_mass": 3.039844, "log_pop_c": -3.206629, "log_mass_c": -2.705388}, {"country_iso": "DOM", "city_id": 816, "log_pop": 3.353009, "log_mass": 5.506256, "log_pop_c": -0.254842, "log_mass_c": -0.238976}, {"country_iso": "DOM", "city_id": 839, "log_pop": 2.830858, "log_mass": 5.045129, "log_pop_c": -0.290636, "log_mass_c": -0.294095}, {"country_iso": "DOM", "city_id": 816, "log_pop": 4.530219, "log_mass": 6.366405, "log_pop_c": 0.922368, "log_mass_c": 0.621173}, {"country_iso": "DOM", "city_id": 816, "log_pop": 3.200055, "log_mass": 5.241658, "log_pop_c": -0.407796, "log_mass_c": -0.503574}, {"country_iso": "DOM", "city_id": 816, "log_pop": 2.344008, "log_mass": 4.72359, "log_pop_c": -1.263843, "log_mass_c": -1.021642}, {"country_iso": "DOM", "city_id": 797, "log_pop": 0.877641, "log_mass": 3.301654, "log_pop_c": -2.341772, "log_mass_c": -2.282711}, {"country_iso": "DOM", "city_id": 797, "log_pop": 3.208124, "log_mass": 5.680255, "log_pop_c": -0.011289, "log_mass_c": 0.09589}, {"country_iso": "DOM", "city_id": 816, "log_pop": 4.154138, "log_mass": 6.093147, "log_pop_c": 0.546287, "log_mass_c": 0.347915}, {"country_iso": "DOM", "city_id": 816, "log_pop": 3.819956, "log_mass": 5.998071, "log_pop_c": 0.212105, "log_mass_c": 0.252839}, {"country_iso": "DOM", "city_id": 816, "log_pop": 4.619694, "log_mass": 6.485109, "log_pop_c": 1.011844, "log_mass_c": 0.739877}, {"country_iso": "DOM", "city_id": 816, "log_pop": 2.917444, "log_mass": 5.214318, "log_pop_c": -0.690407, "log_mass_c": -0.530914}, {"country_iso": "DOM", "city_id": 797, "log_pop": 4.268875, "log_mass": 6.369903, "log_pop_c": 1.049461, "log_mass_c": 0.785538}, {"country_iso": "DOM", "city_id": 815, "log_pop": 3.956769, "log_mass": 6.134702, "log_pop_c": 0.493121, "log_mass_c": 0.429771}, {"country_iso": "DOM", "city_id": 816, "log_pop": 3.004593, "log_mass": 5.252052, "log_pop_c": -0.603258, "log_mass_c": -0.49318}, {"country_iso": "DOM", "city_id": 839, "log_pop": 4.130573, "log_mass": 6.071802, "log_pop_c": 1.009078, "log_mass_c": 0.732578}, {"country_iso": "DOM", "city_id": 797, "log_pop": 4.177403, "log_mass": 6.29047, "log_pop_c": 0.957989, "log_mass_c": 0.706105}, {"country_iso": "DOM", "city_id": 830, "log_pop": 4.284773, "log_mass": 6.418594, "log_pop_c": 0.924318, "log_mass_c": 1.018372}, {"country_iso": "DOM", "city_id": 801, "log_pop": 3.383674, "log_mass": 5.617191, "log_pop_c": 0.619769, "log_mass_c": 0.374116}, {"country_iso": "DOM", "city_id": 816, "log_pop": 4.505214, "log_mass": 6.385326, "log_pop_c": 0.897363, "log_mass_c": 0.640094}, {"country_iso": "DOM", "city_id": 797, "log_pop": 4.042352, "log_mass": 6.185187, "log_pop_c": 0.822939, "log_mass_c": 0.600822}, {"country_iso": "DOM", "city_id": 816, "log_pop": 4.302558, "log_mass": 6.283884, "log_pop_c": 0.694707, "log_mass_c": 0.538652}, {"country_iso": "DOM", "city_id": 816, "log_pop": 1.238274, "log_mass": 3.749423, "log_pop_c": -2.369577, "log_mass_c": -1.995809}, {"country_iso": "DOM", "city_id": 815, "log_pop": 3.204857, "log_mass": 5.443586, "log_pop_c": -0.258791, "log_mass_c": -0.261345}, {"country_iso": "DOM", "city_id": 839, "log_pop": 2.44014, "log_mass": 4.599254, "log_pop_c": -0.681354, "log_mass_c": -0.73997}, {"country_iso": "DOM", "city_id": 816, "log_pop": 4.562951, "log_mass": 6.386711, "log_pop_c": 0.9551, "log_mass_c": 0.641479}, {"country_iso": "DOM", "city_id": 797, "log_pop": 2.573445, "log_mass": 4.849699, "log_pop_c": -0.645968, "log_mass_c": -0.734666}, {"country_iso": "DOM", "city_id": 816, "log_pop": 4.389705, "log_mass": 6.273354, "log_pop_c": 0.781854, "log_mass_c": 0.528123}, {"country_iso": "DOM", "city_id": 816, "log_pop": 4.442773, "log_mass": 6.290962, "log_pop_c": 0.834922, "log_mass_c": 0.545731}, {"country_iso": "DOM", "city_id": 816, "log_pop": 4.284884, "log_mass": 6.15642, "log_pop_c": 0.677033, "log_mass_c": 0.411188}, {"country_iso": "DOM", "city_id": 801, "log_pop": 3.321957, "log_mass": 5.588331, "log_pop_c": 0.558053, "log_mass_c": 0.345256}, {"country_iso": "DOM", "city_id": 801, "log_pop": 3.057341, "log_mass": 5.705335, "log_pop_c": 0.293436, "log_mass_c": 0.46226}, {"country_iso": "DOM", "city_id": 851, "log_pop": 3.192614, "log_mass": 5.425885, "log_pop_c": -0.40979, "log_mass_c": -0.254558}, {"country_iso": "DOM", "city_id": 839, "log_pop": 3.07146, "log_mass": 5.285788, "log_pop_c": -0.050035, "log_mass_c": -0.053436}, {"country_iso": "DOM", "city_id": 851, "log_pop": 2.960512, "log_mass": 5.196571, "log_pop_c": -0.641891, "log_mass_c": -0.483873}, {"country_iso": "DOM", "city_id": 797, "log_pop": 3.408528, "log_mass": 5.78222, "log_pop_c": 0.189114, "log_mass_c": 0.197855}, {"country_iso": "DOM", "city_id": 816, "log_pop": 1.632072, "log_mass": 3.990888, "log_pop_c": -1.975779, "log_mass_c": -1.754344}, {"country_iso": "DOM", "city_id": 816, "log_pop": 4.085249, "log_mass": 5.971964, "log_pop_c": 0.477398, "log_mass_c": 0.226732}, {"country_iso": "DOM", "city_id": 797, "log_pop": 2.539188, "log_mass": 5.233811, "log_pop_c": -0.680226, "log_mass_c": -0.350554}, {"country_iso": "DOM", "city_id": 816, "log_pop": 4.255329, "log_mass": 6.183819, "log_pop_c": 0.647478, "log_mass_c": 0.438587}, {"country_iso": "DOM", "city_id": 816, "log_pop": 2.376396, "log_mass": 5.095435, "log_pop_c": -1.231455, "log_mass_c": -0.649797}, {"country_iso": "DOM", "city_id": 816, "log_pop": 4.492688, "log_mass": 6.400833, "log_pop_c": 0.884837, "log_mass_c": 0.655602}, {"country_iso": "DOM", "city_id": 816, "log_pop": 4.141536, "log_mass": 6.096414, "log_pop_c": 0.533685, "log_mass_c": 0.351182}, {"country_iso": "DOM", "city_id": 797, "log_pop": 4.320012, "log_mass": 6.434786, "log_pop_c": 1.100599, "log_mass_c": 0.850421}, {"country_iso": "DOM", "city_id": 839, "log_pop": 2.88628, "log_mass": 5.085828, "log_pop_c": -0.235214, "log_mass_c": -0.253396}, {"country_iso": "DOM", "city_id": 816, "log_pop": 1.974339, "log_mass": 4.43059, "log_pop_c": -1.633512, "log_mass_c": -1.314642}, {"country_iso": "DOM", "city_id": 813, "log_pop": 3.629225, "log_mass": 5.803655, "log_pop_c": 0.695479, "log_mass_c": 0.496087}, {"country_iso": "DOM", "city_id": 830, "log_pop": 2.508375, "log_mass": 4.533723, "log_pop_c": -0.85208, "log_mass_c": -0.866499}, {"country_iso": "DOM", "city_id": 816, "log_pop": 4.641351, "log_mass": 6.570561, "log_pop_c": 1.0335, "log_mass_c": 0.825329}, {"country_iso": "DOM", "city_id": 816, "log_pop": 4.657734, "log_mass": 6.579091, "log_pop_c": 1.049883, "log_mass_c": 0.833859}, {"country_iso": "DOM", "city_id": 797, "log_pop": 2.562576, "log_mass": 5.166417, "log_pop_c": -0.656837, "log_mass_c": -0.417948}, {"country_iso": "DOM", "city_id": 816, "log_pop": 4.085926, "log_mass": 6.002721, "log_pop_c": 0.478075, "log_mass_c": 0.257489}, {"country_iso": "DOM", "city_id": 801, "log_pop": 3.98082, "log_mass": 6.203251, "log_pop_c": 1.216915, "log_mass_c": 0.960176}, {"country_iso": "DOM", "city_id": 839, "log_pop": 3.781952, "log_mass": 5.991569, "log_pop_c": 0.660458, "log_mass_c": 0.652344}, {"country_iso": "DOM", "city_id": 816, "log_pop": 2.851593, "log_mass": 5.482141, "log_pop_c": -0.756258, "log_mass_c": -0.263091}, {"country_iso": "DOM", "city_id": 797, "log_pop": 2.975444, "log_mass": 5.570445, "log_pop_c": -0.24397, "log_mass_c": -0.01392}, {"country_iso": "DOM", "city_id": 797, "log_pop": 3.164545, "log_mass": 5.321931, "log_pop_c": -0.054868, "log_mass_c": -0.262435}, {"country_iso": "DOM", "city_id": 816, "log_pop": 2.469717, "log_mass": 5.086906, "log_pop_c": -1.138133, "log_mass_c": -0.658326}, {"country_iso": "DOM", "city_id": 839, "log_pop": 3.807862, "log_mass": 5.972265, "log_pop_c": 0.686367, "log_mass_c": 0.633041}, {"country_iso": "DOM", "city_id": 830, "log_pop": 3.539475, "log_mass": 5.601396, "log_pop_c": 0.179021, "log_mass_c": 0.201174}, {"country_iso": "DOM", "city_id": 839, "log_pop": 1.13891, "log_mass": 3.891802, "log_pop_c": -1.982584, "log_mass_c": -1.447422}, {"country_iso": "DOM", "city_id": 816, "log_pop": 4.011744, "log_mass": 5.97313, "log_pop_c": 0.403893, "log_mass_c": 0.227898}, {"country_iso": "DOM", "city_id": 816, "log_pop": 3.462298, "log_mass": 5.754288, "log_pop_c": -0.145553, "log_mass_c": 0.009056}, {"country_iso": "DOM", "city_id": 797, "log_pop": 2.490473, "log_mass": 5.076945, "log_pop_c": -0.728941, "log_mass_c": -0.50742}, {"country_iso": "DOM", "city_id": 816, "log_pop": 4.297033, "log_mass": 6.133896, "log_pop_c": 0.689182, "log_mass_c": 0.388664}, {"country_iso": "DOM", "city_id": 816, "log_pop": 3.826904, "log_mass": 5.782725, "log_pop_c": 0.219053, "log_mass_c": 0.037493}, {"country_iso": "DOM", "city_id": 816, "log_pop": 4.361309, "log_mass": 6.201957, "log_pop_c": 0.753458, "log_mass_c": 0.456725}, {"country_iso": "DOM", "city_id": 797, "log_pop": 3.842468, "log_mass": 5.974844, "log_pop_c": 0.623054, "log_mass_c": 0.390479}, {"country_iso": "DOM", "city_id": 801, "log_pop": 3.086561, "log_mass": 5.58106, "log_pop_c": 0.322656, "log_mass_c": 0.337985}, {"country_iso": "DOM", "city_id": 797, "log_pop": 3.663115, "log_mass": 5.883283, "log_pop_c": 0.443702, "log_mass_c": 0.298918}, {"country_iso": "DOM", "city_id": 816, "log_pop": 3.280705, "log_mass": 5.406091, "log_pop_c": -0.327146, "log_mass_c": -0.339141}, {"country_iso": "DOM", "city_id": 816, "log_pop": 4.057286, "log_mass": 6.068151, "log_pop_c": 0.449435, "log_mass_c": 0.322919}, {"country_iso": "DOM", "city_id": 797, "log_pop": 4.106718, "log_mass": 6.276357, "log_pop_c": 0.887304, "log_mass_c": 0.691992}, {"country_iso": "DOM", "city_id": 830, "log_pop": 3.939864, "log_mass": 6.006144, "log_pop_c": 0.579409, "log_mass_c": 0.605922}, {"country_iso": "DOM", "city_id": 816, "log_pop": 2.881381, "log_mass": 5.347685, "log_pop_c": -0.72647, "log_mass_c": -0.397547}, {"country_iso": "DOM", "city_id": 797, "log_pop": 2.839599, "log_mass": 5.32899, "log_pop_c": -0.379814, "log_mass_c": -0.255375}, {"country_iso": "DOM", "city_id": 830, "log_pop": 2.824018, "log_mass": 4.682322, "log_pop_c": -0.536437, "log_mass_c": -0.717901}, {"country_iso": "DOM", "city_id": 816, "log_pop": 2.437887, "log_mass": 4.901796, "log_pop_c": -1.169964, "log_mass_c": -0.843436}, {"country_iso": "DOM", "city_id": 797, "log_pop": 3.634131, "log_mass": 5.825754, "log_pop_c": 0.414718, "log_mass_c": 0.241389}, {"country_iso": "DOM", "city_id": 813, "log_pop": 4.129917, "log_mass": 6.287288, "log_pop_c": 1.196171, "log_mass_c": 0.979719}, {"country_iso": "DOM", "city_id": 816, "log_pop": 4.23131, "log_mass": 6.08852, "log_pop_c": 0.623459, "log_mass_c": 0.343289}, {"country_iso": "DOM", "city_id": 815, "log_pop": 3.672103, "log_mass": 5.868626, "log_pop_c": 0.208455, "log_mass_c": 0.163695}, {"country_iso": "DOM", "city_id": 816, "log_pop": 4.608304, "log_mass": 6.481509, "log_pop_c": 1.000453, "log_mass_c": 0.736277}, {"country_iso": "DOM", "city_id": 801, "log_pop": 2.539078, "log_mass": 5.11518, "log_pop_c": -0.224826, "log_mass_c": -0.127895}, {"country_iso": "DOM", "city_id": 816, "log_pop": 2.83252, "log_mass": 5.260123, "log_pop_c": -0.775331, "log_mass_c": -0.485109}, {"country_iso": "DOM", "city_id": 797, "log_pop": 1.161989, "log_mass": 4.030365, "log_pop_c": -2.057424, "log_mass_c": -1.554}, {"country_iso": "DOM", "city_id": 797, "log_pop": 3.717761, "log_mass": 5.925066, "log_pop_c": 0.498348, "log_mass_c": 0.340701}, {"country_iso": "DOM", "city_id": 816, "log_pop": 4.633547, "log_mass": 6.495538, "log_pop_c": 1.025696, "log_mass_c": 0.750306}, {"country_iso": "DOM", "city_id": 816, "log_pop": 3.236831, "log_mass": 5.436792, "log_pop_c": -0.37102, "log_mass_c": -0.30844}, {"country_iso": "DOM", "city_id": 815, "log_pop": 3.390337, "log_mass": 5.644262, "log_pop_c": -0.073311, "log_mass_c": -0.060669}, {"country_iso": "DOM", "city_id": 816, "log_pop": 4.03733, "log_mass": 5.979678, "log_pop_c": 0.429479, "log_mass_c": 0.234446}, {"country_iso": "DOM", "city_id": 816, "log_pop": 3.583135, "log_mass": 5.744502, "log_pop_c": -0.024716, "log_mass_c": -0.00073}, {"country_iso": "DOM", "city_id": 797, "log_pop": 1.089762, "log_mass": 3.738967, "log_pop_c": -2.129651, "log_mass_c": -1.845398}, {"country_iso": "DOM", "city_id": 797, "log_pop": 4.050477, "log_mass": 6.148253, "log_pop_c": 0.831064, "log_mass_c": 0.563888}, {"country_iso": "DOM", "city_id": 830, "log_pop": 2.114796, "log_mass": 4.242438, "log_pop_c": -1.245659, "log_mass_c": -1.157784}, {"country_iso": "DOM", "city_id": 816, "log_pop": 3.374647, "log_mass": 5.527936, "log_pop_c": -0.233204, "log_mass_c": -0.217296}, {"country_iso": "DOM", "city_id": 797, "log_pop": 3.548976, "log_mass": 5.82137, "log_pop_c": 0.329563, "log_mass_c": 0.237005}, {"country_iso": "DOM", "city_id": 816, "log_pop": 3.551634, "log_mass": 5.881687, "log_pop_c": -0.056217, "log_mass_c": 0.136455}, {"country_iso": "DOM", "city_id": 839, "log_pop": 3.051194, "log_mass": 5.189433, "log_pop_c": -0.0703, "log_mass_c": -0.149791}, {"country_iso": "DOM", "city_id": 816, "log_pop": 4.303836, "log_mass": 6.233538, "log_pop_c": 0.695985, "log_mass_c": 0.488306}, {"country_iso": "DOM", "city_id": 816, "log_pop": 3.720443, "log_mass": 5.74181, "log_pop_c": 0.112592, "log_mass_c": -0.003422}, {"country_iso": "DOM", "city_id": 816, "log_pop": 4.377864, "log_mass": 6.271644, "log_pop_c": 0.770013, "log_mass_c": 0.526412}, {"country_iso": "DOM", "city_id": 816, "log_pop": 4.559628, "log_mass": 6.47794, "log_pop_c": 0.951777, "log_mass_c": 0.732708}, {"country_iso": "DOM", "city_id": 816, "log_pop": 3.273352, "log_mass": 5.575734, "log_pop_c": -0.334499, "log_mass_c": -0.169498}, {"country_iso": "DOM", "city_id": 816, "log_pop": 1.945162, "log_mass": 4.560234, "log_pop_c": -1.662689, "log_mass_c": -1.184998}, {"country_iso": "DOM", "city_id": 813, "log_pop": 3.820536, "log_mass": 6.068246, "log_pop_c": 0.88679, "log_mass_c": 0.760678}, {"country_iso": "DOM", "city_id": 816, "log_pop": 4.470651, "log_mass": 6.350382, "log_pop_c": 0.8628, "log_mass_c": 0.60515}, {"country_iso": "DOM", "city_id": 816, "log_pop": 3.863625, "log_mass": 5.911186, "log_pop_c": 0.255774, "log_mass_c": 0.165954}, {"country_iso": "DOM", "city_id": 815, "log_pop": 3.120652, "log_mass": 5.382713, "log_pop_c": -0.342996, "log_mass_c": -0.322218}, {"country_iso": "DOM", "city_id": 797, "log_pop": 2.682151, "log_mass": 5.212641, "log_pop_c": -0.537262, "log_mass_c": -0.371724}, {"country_iso": "DOM", "city_id": 816, "log_pop": 3.733019, "log_mass": 5.758292, "log_pop_c": 0.125168, "log_mass_c": 0.01306}, {"country_iso": "DOM", "city_id": 851, "log_pop": 3.280969, "log_mass": 5.311592, "log_pop_c": -0.321435, "log_mass_c": -0.368852}, {"country_iso": "DOM", "city_id": 816, "log_pop": 3.708375, "log_mass": 5.813968, "log_pop_c": 0.100524, "log_mass_c": 0.068736}, {"country_iso": "DOM", "city_id": 839, "log_pop": 3.985469, "log_mass": 5.9661, "log_pop_c": 0.863974, "log_mass_c": 0.626875}, {"country_iso": "DOM", "city_id": 816, "log_pop": 4.127815, "log_mass": 5.936456, "log_pop_c": 0.519964, "log_mass_c": 0.191224}]