[{"country_iso":"BDI","city_id":4078,"log_pop":3.4945016516,"log_mass":5.8653639218},{"country_iso":"BDI","city_id":4078,"log_pop":4.1212871203,"log_mass":6.4596933106},{"country_iso":"BDI","city_id":4078,"log_pop":3.7473078458,"log_mass":6.1151451189},{"country_iso":"BDI","city_id":4078,"log_pop":4.244136199,"log_mass":6.35413811},{"country_iso":"BDI","city_id":4078,"log_pop":4.4304773031,"log_mass":6.4141789998},{"country_iso":"BDI","city_id":4078,"log_pop":4.6731853782,"log_mass":6.4277434351},{"country_iso":"BDI","city_id":4078,"log_pop":4.9790124297,"log_mass":6.5749664189},{"country_iso":"BDI","city_id":4078,"log_pop":2.1800820632,"log_mass":4.5389500863},{"country_iso":"BDI","city_id":4078,"log_pop":1.7355527183,"log_mass":4.6532184686},{"country_iso":"BDI","city_id":4078,"log_pop":1.6837101988,"log_mass":4.4287072429},{"country_iso":"BDI","city_id":4078,"log_pop":3.4344199738,"log_mass":5.5946845057},{"country_iso":"BDI","city_id":4078,"log_pop":4.4308510243,"log_mass":6.3040376487},{"country_iso":"BDI","city_id":4078,"log_pop":-0.533300687,"log_mass":4.5564164907},{"country_iso":"BDI","city_id":4078,"log_pop":3.533443517,"log_mass":5.66732076},{"country_iso":"BDI","city_id":4078,"log_pop":3.6657992965,"log_mass":6.102117399},{"country_iso":"BDI","city_id":4078,"log_pop":4.8788380974,"log_mass":6.5476321759},{"country_iso":"BDI","city_id":4078,"log_pop":3.5437287157,"log_mass":5.8719211012},{"country_iso":"BDI","city_id":4078,"log_pop":4.5158173204,"log_mass":6.4659936866},{"country_iso":"BDI","city_id":4078,"log_pop":1.8804405704,"log_mass":4.1694393397},{"country_iso":"BDI","city_id":4078,"log_pop":2.1802310129,"log_mass":4.7084973743},{"country_iso":"BDI","city_id":4078,"log_pop":3.2576131678,"log_mass":5.7803051687},{"country_iso":"BDI","city_id":4078,"log_pop":4.0913943462,"log_mass":6.203228208},{"country_iso":"BDI","city_id":4078,"log_pop":4.1291835849,"log_mass":6.1945810354},{"country_iso":"BDI","city_id":4078,"log_pop":2.0871250115,"log_mass":4.4791203973},{"country_iso":"BDI","city_id":4078,"log_pop":4.7809701215,"log_mass":6.4657310646},{"country_iso":"BDI","city_id":4078,"log_pop":2.5270989481,"log_mass":5.1568322097},{"country_iso":"BDI","city_id":4078,"log_pop":3.4654579723,"log_mass":5.8896129091},{"country_iso":"BDI","city_id":4078,"log_pop":2.6215997995,"log_mass":4.702507244},{"country_iso":"BDI","city_id":4078,"log_pop":1.7951186356,"log_mass":4.5616804563},{"country_iso":"BDI","city_id":4194,"log_pop":1.9662100551,"log_mass":4.6874130094},{"country_iso":"BDI","city_id":4194,"log_pop":2.0950270314,"log_mass":4.5424869859},{"country_iso":"BDI","city_id":4194,"log_pop":1.8054431266,"log_mass":4.1503038138},{"country_iso":"BDI","city_id":4194,"log_pop":1.074009378,"log_mass":4.1464505614},{"country_iso":"BDI","city_id":4194,"log_pop":0.723687514,"log_mass":3.84900705},{"country_iso":"BDI","city_id":4194,"log_pop":1.2988811893,"log_mass":4.219398333},{"country_iso":"BDI","city_id":4194,"log_pop":0.963662106,"log_mass":3.4972124541},{"country_iso":"BDI","city_id":4194,"log_pop":2.071936424,"log_mass":4.621562061},{"country_iso":"BDI","city_id":4152,"log_pop":2.9583399777,"log_mass":5.0668434185},{"country_iso":"BDI","city_id":4152,"log_pop":4.0224538589,"log_mass":5.7998925065},{"country_iso":"BDI","city_id":4152,"log_pop":2.5949860669,"log_mass":5.0895126751},{"country_iso":"BDI","city_id":4152,"log_pop":2.5175623093,"log_mass":4.7546454095},{"country_iso":"BDI","city_id":4152,"log_pop":0.965717549,"log_mass":3.4959743039},{"country_iso":"BDI","city_id":4152,"log_pop":2.8609388044,"log_mass":4.9956629394},{"country_iso":"BDI","city_id":4163,"log_pop":3.4736991237,"log_mass":5.6604616731},{"country_iso":"BDI","city_id":4163,"log_pop":3.5622782936,"log_mass":5.6288094702},{"country_iso":"BDI","city_id":4163,"log_pop":3.6793107635,"log_mass":5.7998400566},{"country_iso":"BDI","city_id":4163,"log_pop":4.0507715063,"log_mass":6.1168450608},{"country_iso":"BDI","city_id":4163,"log_pop":0.8148624668,"log_mass":3.4517116728},{"country_iso":"BDI","city_id":4163,"log_pop":2.3757640827,"log_mass":4.6604449008},{"country_iso":"BDI","city_id":4043,"log_pop":3.4797572189,"log_mass":5.9230120119},{"country_iso":"BDI","city_id":4043,"log_pop":2.1179781237,"log_mass":4.6725974036},{"country_iso":"BDI","city_id":4043,"log_pop":1.6163779345,"log_mass":4.1648863263},{"country_iso":"BDI","city_id":4043,"log_pop":2.0158714999,"log_mass":4.5527084646},{"country_iso":"BDI","city_id":4043,"log_pop":1.5159003496,"log_mass":4.0774881848},{"country_iso":"BDI","city_id":4063,"log_pop":2.3383570267,"log_mass":4.8716927453},{"country_iso":"BDI","city_id":4063,"log_pop":2.866859984,"log_mass":5.5382081621},{"country_iso":"BDI","city_id":4063,"log_pop":2.327666279,"log_mass":4.8737022635},{"country_iso":"BDI","city_id":4063,"log_pop":3.6112168327,"log_mass":6.0633453566},{"country_iso":"BDI","city_id":4063,"log_pop":2.4818259559,"log_mass":5.1565181681},{"country_iso":"BDI","city_id":4212,"log_pop":1.4532656999,"log_mass":4.0686452584},{"country_iso":"BDI","city_id":4212,"log_pop":3.2166066626,"log_mass":5.3385691872},{"country_iso":"BDI","city_id":4212,"log_pop":1.9535004954,"log_mass":4.4076868878},{"country_iso":"BDI","city_id":4212,"log_pop":3.6196922499,"log_mass":5.7703599589},{"country_iso":"BDI","city_id":4126,"log_pop":3.6586480084,"log_mass":5.7437667939},{"country_iso":"BDI","city_id":4126,"log_pop":1.5145279528,"log_mass":4.4755033703},{"country_iso":"BDI","city_id":4126,"log_pop":3.0279893346,"log_mass":5.2523769646},{"country_iso":"BDI","city_id":4126,"log_pop":0.9699506962,"log_mass":3.4129826098},{"country_iso":"BDI","city_id":4091,"log_pop":2.8146224993,"log_mass":5.0047613033},{"country_iso":"BDI","city_id":4091,"log_pop":0.2251864054,"log_mass":3.2331896421},{"country_iso":"BDI","city_id":4091,"log_pop":1.1988116753,"log_mass":3.8891719206},{"country_iso":"BDI","city_id":4091,"log_pop":2.456338969,"log_mass":4.7726978278},{"country_iso":"BDI","city_id":4118,"log_pop":1.2010831188,"log_mass":3.6522615411},{"country_iso":"BDI","city_id":4118,"log_pop":2.0564176577,"log_mass":4.9729532541},{"country_iso":"BDI","city_id":4118,"log_pop":3.1496723519,"log_mass":5.6796546196},{"country_iso":"BDI","city_id":4118,"log_pop":1.8062019316,"log_mass":4.6006505204},{"country_iso":"BDI","city_id":4211,"log_pop":0.5285573538,"log_mass":3.8222891897},{"country_iso":"BDI","city_id":4211,"log_pop":1.3664757145,"log_mass":4.0517942767},{"country_iso":"BDI","city_id":4211,"log_pop":2.0891092682,"log_mass":4.9708905676},{"country_iso":"BDI","city_id":4211,"log_pop":1.5002208757,"log_mass":3.9154059013},{"country_iso":"BDI","city_id":4129,"log_pop":2.475990916,"log_mass":4.8047316013},{"country_iso":"BDI","city_id":4129,"log_pop":2.1648129055,"log_mass":4.4390538707},{"country_iso":"BDI","city_id":4129,"log_pop":1.2899987711,"log_mass":3.4080549547},{"country_iso":"BDI","city_id":4101,"log_pop":-0.462275909,"log_mass":3.623956465},{"country_iso":"BDI","city_id":4101,"log_pop":1.7192034874,"log_mass":4.1120558234},{"country_iso":"BDI","city_id":4101,"log_pop":2.2601883988,"log_mass":4.479840021},{"country_iso":"BDI","city_id":4053,"log_pop":2.2991059101,"log_mass":4.7687533565},{"country_iso":"BDI","city_id":4053,"log_pop":2.54534308,"log_mass":5.1063125116},{"country_iso":"BDI","city_id":4053,"log_pop":2.9381464228,"log_mass":5.5451333357},{"country_iso":"BDI","city_id":4235,"log_pop":2.6642289037,"log_mass":5.0181042097},{"country_iso":"BDI","city_id":4235,"log_pop":2.2659462244,"log_mass":4.5130928953},{"country_iso":"BDI","city_id":4235,"log_pop":2.5664160361,"log_mass":5.0733764772},{"country_iso":"BDI","city_id":4188,"log_pop":2.4971723691,"log_mass":4.9016085049},{"country_iso":"BDI","city_id":4188,"log_pop":2.5237887503,"log_mass":4.9664373928},{"country_iso":"BDI","city_id":4188,"log_pop":0.8006526653,"log_mass":3.8360017954},{"country_iso":"BDI","city_id":4226,"log_pop":2.8634466848,"log_mass":5.2755655708},{"country_iso":"BDI","city_id":4226,"log_pop":1.8390824229,"log_mass":4.4572076221},{"country_iso":"BDI","city_id":4226,"log_pop":0.6778490596,"log_mass":3.3832683419},{"country_iso":"BDI","city_id":4201,"log_pop":2.8831755316,"log_mass":5.2551003815},{"country_iso":"BDI","city_id":4201,"log_pop":3.109096697,"log_mass":5.2676759818},{"country_iso":"BDI","city_id":4201,"log_pop":2.3288067192,"log_mass":4.9559900763},{"country_iso":"BDI","city_id":4147,"log_pop":2.8337856367,"log_mass":5.2791375274},{"country_iso":"BDI","city_id":4147,"log_pop":3.0412860067,"log_mass":5.4101503242},{"country_iso":"BDI","city_id":4147,"log_pop":1.7276976358,"log_mass":4.3017063459},{"country_iso":"BDI","city_id":4183,"log_pop":0.2258620857,"log_mass":3.6963551754},{"country_iso":"BDI","city_id":4183,"log_pop":-1.2920711435,"log_mass":2.9471196984},{"country_iso":"BDI","city_id":4183,"log_pop":1.8099094234,"log_mass":4.2446659532},{"country_iso":"BDI","city_id":4165,"log_pop":1.1512601259,"log_mass":3.9660508691},{"country_iso":"BDI","city_id":4165,"log_pop":1.312398616,"log_mass":3.7965036473},{"country_iso":"BDI","city_id":4165,"log_pop":3.1457393025,"log_mass":5.5463917266},{"country_iso":"BDI","city_id":4168,"log_pop":2.8282919083,"log_mass":5.1736379217},{"country_iso":"BDI","city_id":4168,"log_pop":0.7060259233,"log_mass":3.7318747448},{"country_iso":"BDI","city_id":4168,"log_pop":2.0706294716,"log_mass":4.4890560287},{"country_iso":"BDI","city_id":4186,"log_pop":3.1869279933,"log_mass":5.2752269054},{"country_iso":"BDI","city_id":4186,"log_pop":2.3843139223,"log_mass":4.6871070258},{"country_iso":"BDI","city_id":4186,"log_pop":1.8535258781,"log_mass":4.125275699},{"country_iso":"BDI","city_id":4169,"log_pop":1.4844567089,"log_mass":4.0533181627},{"country_iso":"BDI","city_id":4169,"log_pop":1.7855353939,"log_mass":4.4527683884},{"country_iso":"BDI","city_id":4169,"log_pop":1.2717174868,"log_mass":4.1722572336},{"country_iso":"BDI","city_id":4096,"log_pop":3.6030356214,"log_mass":5.7688743295},{"country_iso":"BDI","city_id":4096,"log_pop":3.5749516254,"log_mass":5.7108804287},{"country_iso":"BDI","city_id":4096,"log_pop":3.5102170073,"log_mass":5.7011742564},{"country_iso":"BDI","city_id":4123,"log_pop":-0.1225009231,"log_mass":3.4666513683},{"country_iso":"BDI","city_id":4123,"log_pop":2.0253649839,"log_mass":4.5774956339},{"country_iso":"BDI","city_id":4123,"log_pop":2.2748694648,"log_mass":4.923169507},{"country_iso":"BDI","city_id":4105,"log_pop":1.6715893782,"log_mass":3.6854075701},{"country_iso":"BDI","city_id":4105,"log_pop":2.474440848,"log_mass":4.6561524603},{"country_iso":"BDI","city_id":4105,"log_pop":2.2558422273,"log_mass":4.5549988314},{"country_iso":"BDI","city_id":4044,"log_pop":2.5214525095,"log_mass":4.9711108129},{"country_iso":"BDI","city_id":4044,"log_pop":1.0266928818,"log_mass":3.7365966619},{"country_iso":"BDI","city_id":4138,"log_pop":1.6158326966,"log_mass":4.3404222568},{"country_iso":"BDI","city_id":4138,"log_pop":2.3157841877,"log_mass":4.7904401803},{"country_iso":"BDI","city_id":4082,"log_pop":2.8448436677,"log_mass":5.254714717},{"country_iso":"BDI","city_id":4082,"log_pop":0.7514332629,"log_mass":3.8476247859},{"country_iso":"BDI","city_id":4180,"log_pop":1.9362590049,"log_mass":4.4494818178},{"country_iso":"BDI","city_id":4180,"log_pop":0.3454091208,"log_mass":3.7361646059},{"country_iso":"BDI","city_id":4124,"log_pop":2.9295210357,"log_mass":5.0627320664},{"country_iso":"BDI","city_id":4124,"log_pop":1.6278335897,"log_mass":4.2189664354},{"country_iso":"BDI","city_id":4221,"log_pop":1.637269699,"log_mass":3.9289621411},{"country_iso":"BDI","city_id":4221,"log_pop":2.2840390291,"log_mass":4.3638089964},{"country_iso":"BDI","city_id":4057,"log_pop":1.8685545104,"log_mass":4.5912833303},{"country_iso":"BDI","city_id":4160,"log_pop":1.6286836255,"log_mass":4.2011285788},{"country_iso":"BDI","city_id":4102,"log_pop":1.7407805703,"log_mass":4.1632769498},{"country_iso":"BDI","city_id":4228,"log_pop":1.5119031772,"log_mass":4.0358419315},{"country_iso":"BDI","city_id":4153,"log_pop":1.80875253,"log_mass":4.4270195972},{"country_iso":"BDI","city_id":4174,"log_pop":1.9333716168,"log_mass":4.7256804125},{"country_iso":"BDI","city_id":4173,"log_pop":2.1409062086,"log_mass":4.6464225718},{"country_iso":"BDI","city_id":4187,"log_pop":2.2825210928,"log_mass":4.7284653003},{"country_iso":"BDI","city_id":4161,"log_pop":1.238896776,"log_mass":4.145888278},{"country_iso":"BDI","city_id":4224,"log_pop":1.623930853,"log_mass":4.2282214134}]