[{"country_iso": "DZA", "city_id": 2266, "log_pop": 3.969918, "log_mass": 6.187453, "log_pop_c": 0.869007, "log_mass_c": 0.727929}, {"country_iso": "DZA", "city_id": 1890, "log_pop": 2.29998, "log_mass": 4.51994, "log_pop_c": -1.473498, "log_mass_c": -1.341183}, {"country_iso": "DZA", "city_id": 1890, "log_pop": 3.759886, "log_mass": 5.906072, "log_pop_c": -0.013592, "log_mass_c": 0.04495}, {"country_iso": "DZA", "city_id": 2084, "log_pop": 3.834281, "log_mass": 6.098959, "log_pop_c": 0.577102, "log_mass_c": 0.531241}, {"country_iso": "DZA", "city_id": 2434, "log_pop": 3.677305, "log_mass": 5.839719, "log_pop_c": 0.334814, "log_mass_c": 0.183609}, {"country_iso": "DZA", "city_id": 2539, "log_pop": 4.162034, "log_mass": 6.336943, "log_pop_c": 0.896289, "log_mass_c": 0.763712}, {"country_iso": "DZA", "city_id": 2095, "log_pop": 4.460285, "log_mass": 6.697846, "log_pop_c": 0.77372, "log_mass_c": 0.729104}, {"country_iso": "DZA", "city_id": 2539, "log_pop": 4.041805, "log_mass": 6.216412, "log_pop_c": 0.77606, "log_mass_c": 0.643181}, {"country_iso": "DZA", "city_id": 2095, "log_pop": 4.792227, "log_mass": 6.812339, "log_pop_c": 1.105662, "log_mass_c": 0.843597}, {"country_iso": "DZA", "city_id": 1890, "log_pop": 4.523607, "log_mass": 6.410158, "log_pop_c": 0.750129, "log_mass_c": 0.549036}, {"country_iso": "DZA", "city_id": 2084, "log_pop": 3.18897, "log_mass": 5.412041, "log_pop_c": -0.068209, "log_mass_c": -0.155677}, {"country_iso": "DZA", "city_id": 2095, "log_pop": 3.517968, "log_mass": 5.804358, "log_pop_c": -0.168598, "log_mass_c": -0.164384}, {"country_iso": "DZA", "city_id": 2400, "log_pop": 3.693655, "log_mass": 5.925594, "log_pop_c": 0.452278, "log_mass_c": 0.288926}, {"country_iso": "DZA", "city_id": 2088, "log_pop": 2.559771, "log_mass": 5.122368, "log_pop_c": -0.600462, "log_mass_c": -0.380357}, {"country_iso": "DZA", "city_id": 2095, "log_pop": 3.785275, "log_mass": 5.968493, "log_pop_c": 0.09871, "log_mass_c": -0.000248}, {"country_iso": "DZA", "city_id": 1890, "log_pop": 1.701616, "log_mass": 3.681687, "log_pop_c": -2.071862, "log_mass_c": -2.179435}, {"country_iso": "DZA", "city_id": 2023, "log_pop": 3.118209, "log_mass": 5.606399, "log_pop_c": -0.178571, "log_mass_c": -0.014898}, {"country_iso": "DZA", "city_id": 2293, "log_pop": 1.844177, "log_mass": 4.250053, "log_pop_c": -1.35969, "log_mass_c": -1.222653}, {"country_iso": "DZA", "city_id": 2089, "log_pop": 2.728993, "log_mass": 5.019527, "log_pop_c": -0.748798, "log_mass_c": -0.717013}, {"country_iso": "DZA", "city_id": 2023, "log_pop": 4.09656, "log_mass": 6.336407, "log_pop_c": 0.799779, "log_mass_c": 0.715111}, {"country_iso": "DZA", "city_id": 2116, "log_pop": 3.990257, "log_mass": 5.961954, "log_pop_c": 0.316581, "log_mass_c": 0.287756}, {"country_iso": "DZA", "city_id": 2095, "log_pop": 3.375274, "log_mass": 6.108947, "log_pop_c": -0.311292, "log_mass_c": 0.140206}, {"country_iso": "DZA", "city_id": 2177, "log_pop": 4.050668, "log_mass": 6.182606, "log_pop_c": 0.877672, "log_mass_c": 0.645712}, {"country_iso": "DZA", "city_id": 2274, "log_pop": 3.759126, "log_mass": 6.381279, "log_pop_c": 0.625356, "log_mass_c": 0.51909}, {"country_iso": "DZA", "city_id": 1890, "log_pop": 4.216211, "log_mass": 6.356216, "log_pop_c": 0.442733, "log_mass_c": 0.495094}, {"country_iso": "DZA", "city_id": 2095, "log_pop": 3.268599, "log_mass": 5.592886, "log_pop_c": -0.417966, "log_mass_c": -0.375855}, {"country_iso": "DZA", "city_id": 2377, "log_pop": 2.669332, "log_mass": 5.175919, "log_pop_c": -0.580763, "log_mass_c": -0.325063}, {"country_iso": "DZA", "city_id": 1890, "log_pop": 3.235987, "log_mass": 5.180939, "log_pop_c": -0.537491, "log_mass_c": -0.680183}, {"country_iso": "DZA", "city_id": 2095, "log_pop": 4.242804, "log_mass": 6.054441, "log_pop_c": 0.556238, "log_mass_c": 0.0857}, {"country_iso": "DZA", "city_id": 1894, "log_pop": 4.316242, "log_mass": 6.420168, "log_pop_c": 0.69701, "log_mass_c": 0.656938}, {"country_iso": "DZA", "city_id": 1769, "log_pop": 3.103035, "log_mass": 5.328594, "log_pop_c": -0.01932, "log_mass_c": -0.181608}, {"country_iso": "DZA", "city_id": 2377, "log_pop": 4.548428, "log_mass": 6.533504, "log_pop_c": 1.298332, "log_mass_c": 1.032522}, {"country_iso": "DZA", "city_id": 2480, "log_pop": 3.854512, "log_mass": 6.555886, "log_pop_c": 0.439436, "log_mass_c": 0.806963}, {"country_iso": "DZA", "city_id": 2337, "log_pop": 0.97989, "log_mass": 3.522608, "log_pop_c": -2.246061, "log_mass_c": -1.950333}, {"country_iso": "DZA", "city_id": 2177, "log_pop": 3.414479, "log_mass": 5.835928, "log_pop_c": 0.241483, "log_mass_c": 0.299035}, {"country_iso": "DZA", "city_id": 2274, "log_pop": 1.634961, "log_mass": 4.410914, "log_pop_c": -1.498809, "log_mass_c": -1.451274}, {"country_iso": "DZA", "city_id": 2508, "log_pop": 3.194037, "log_mass": 5.192031, "log_pop_c": -0.177748, "log_mass_c": -0.270654}, {"country_iso": "DZA", "city_id": 2089, "log_pop": 3.179341, "log_mass": 5.492721, "log_pop_c": -0.298449, "log_mass_c": -0.243819}, {"country_iso": "DZA", "city_id": 2095, "log_pop": 4.198897, "log_mass": 6.241262, "log_pop_c": 0.512331, "log_mass_c": 0.272521}, {"country_iso": "DZA", "city_id": 2089, "log_pop": 2.133265, "log_mass": 4.764049, "log_pop_c": -1.344526, "log_mass_c": -0.972491}, {"country_iso": "DZA", "city_id": 2095, "log_pop": 3.824463, "log_mass": 6.157122, "log_pop_c": 0.137898, "log_mass_c": 0.188381}, {"country_iso": "DZA", "city_id": 2230, "log_pop": 2.070497, "log_mass": 4.603969, "log_pop_c": -1.122427, "log_mass_c": -0.979669}, {"country_iso": "DZA", "city_id": 2203, "log_pop": 2.146714, "log_mass": 4.786994, "log_pop_c": -0.9951, "log_mass_c": -0.868667}, {"country_iso": "DZA", "city_id": 2274, "log_pop": 2.941249, "log_mass": 5.617976, "log_pop_c": -0.192521, "log_mass_c": -0.244212}, {"country_iso": "DZA", "city_id": 2089, "log_pop": 3.701617, "log_mass": 5.999962, "log_pop_c": 0.223826, "log_mass_c": 0.263422}, {"country_iso": "DZA", "city_id": 2434, "log_pop": 2.202978, "log_mass": 4.593601, "log_pop_c": -1.139513, "log_mass_c": -1.062509}, {"country_iso": "DZA", "city_id": 2095, "log_pop": 1.368332, "log_mass": 4.486604, "log_pop_c": -2.318234, "log_mass_c": -1.482138}, {"country_iso": "DZA", "city_id": 2095, "log_pop": 3.686907, "log_mass": 5.748275, "log_pop_c": 0.000341, "log_mass_c": -0.220466}, {"country_iso": "DZA", "city_id": 2301, "log_pop": 3.647309, "log_mass": 5.967083, "log_pop_c": 0.18952, "log_mass_c": 0.217463}, {"country_iso": "DZA", "city_id": 1832, "log_pop": 3.05841, "log_mass": 5.342611, "log_pop_c": 0.249387, "log_mass_c": 0.18347}, {"country_iso": "DZA", "city_id": 2095, "log_pop": 4.081567, "log_mass": 6.415483, "log_pop_c": 0.395002, "log_mass_c": 0.446742}, {"country_iso": "DZA", "city_id": 2084, "log_pop": 3.312903, "log_mass": 5.445795, "log_pop_c": 0.055724, "log_mass_c": -0.121923}, {"country_iso": "DZA", "city_id": 2377, "log_pop": 2.095538, "log_mass": 4.170547, "log_pop_c": -1.154557, "log_mass_c": -1.330435}, {"country_iso": "DZA", "city_id": 2337, "log_pop": 4.209415, "log_mass": 6.389974, "log_pop_c": 0.983463, "log_mass_c": 0.917033}, {"country_iso": "DZA", "city_id": 2539, "log_pop": 2.994041, "log_mass": 5.104078, "log_pop_c": -0.271703, "log_mass_c": -0.469153}, {"country_iso": "DZA", "city_id": 1890, "log_pop": 4.278422, "log_mass": 6.302493, "log_pop_c": 0.504944, "log_mass_c": 0.44137}, {"country_iso": "DZA", "city_id": 2377, "log_pop": 4.087063, "log_mass": 6.321205, "log_pop_c": 0.836968, "log_mass_c": 0.820223}, {"country_iso": "DZA", "city_id": 2293, "log_pop": 3.99541, "log_mass": 6.089103, "log_pop_c": 0.791543, "log_mass_c": 0.616396}, {"country_iso": "DZA", "city_id": 2095, "log_pop": 4.618687, "log_mass": 6.62496, "log_pop_c": 0.932122, "log_mass_c": 0.656219}, {"country_iso": "DZA", "city_id": 2095, "log_pop": 4.430773, "log_mass": 6.313261, "log_pop_c": 0.744208, "log_mass_c": 0.34452}, {"country_iso": "DZA", "city_id": 2177, "log_pop": 2.964633, "log_mass": 5.170149, "log_pop_c": -0.208363, "log_mass_c": -0.366745}, {"country_iso": "DZA", "city_id": 1962, "log_pop": 3.912417, "log_mass": 6.161337, "log_pop_c": 0.83247, "log_mass_c": 0.716259}, {"country_iso": "DZA", "city_id": 2274, "log_pop": 3.51278, "log_mass": 6.346558, "log_pop_c": 0.37901, "log_mass_c": 0.48437}, {"country_iso": "DZA", "city_id": 2177, "log_pop": 1.52295, "log_mass": 3.889341, "log_pop_c": -1.650046, "log_mass_c": -1.647552}, {"country_iso": "DZA", "city_id": 1962, "log_pop": 3.59634, "log_mass": 5.755884, "log_pop_c": 0.516393, "log_mass_c": 0.310807}, {"country_iso": "DZA", "city_id": 2095, "log_pop": 4.480048, "log_mass": 6.580023, "log_pop_c": 0.793482, "log_mass_c": 0.611282}, {"country_iso": "DZA", "city_id": 2095, "log_pop": 3.176082, "log_mass": 5.434085, "log_pop_c": -0.510484, "log_mass_c": -0.534656}, {"country_iso": "DZA", "city_id": 2337, "log_pop": 4.13522, "log_mass": 6.290518, "log_pop_c": 0.909269, "log_mass_c": 0.817578}, {"country_iso": "DZA", "city_id": 2095, "log_pop": 4.586215, "log_mass": 6.660891, "log_pop_c": 0.899649, "log_mass_c": 0.69215}, {"country_iso": "DZA", "city_id": 1890, "log_pop": 3.539147, "log_mass": 5.975587, "log_pop_c": -0.23433, "log_mass_c": 0.114465}, {"country_iso": "DZA", "city_id": 1890, "log_pop": 3.873449, "log_mass": 6.105311, "log_pop_c": 0.099971, "log_mass_c": 0.244189}, {"country_iso": "DZA", "city_id": 1970, "log_pop": 3.994446, "log_mass": 6.074396, "log_pop_c": 0.615774, "log_mass_c": 0.470629}, {"country_iso": "DZA", "city_id": 2024, "log_pop": 2.670709, "log_mass": 5.356354, "log_pop_c": -0.665736, "log_mass_c": -0.240639}, {"country_iso": "DZA", "city_id": 2377, "log_pop": 3.854327, "log_mass": 5.930009, "log_pop_c": 0.604231, "log_mass_c": 0.429027}, {"country_iso": "DZA", "city_id": 2345, "log_pop": 4.346166, "log_mass": 6.452415, "log_pop_c": 1.180878, "log_mass_c": 0.868327}, {"country_iso": "DZA", "city_id": 2413, "log_pop": 4.002922, "log_mass": 6.187033, "log_pop_c": 0.814277, "log_mass_c": 0.682509}, {"country_iso": "DZA", "city_id": 2088, "log_pop": 3.393757, "log_mass": 5.596597, "log_pop_c": 0.233524, "log_mass_c": 0.093872}, {"country_iso": "DZA", "city_id": 2095, "log_pop": 2.98559, "log_mass": 5.697511, "log_pop_c": -0.700975, "log_mass_c": -0.27123}, {"country_iso": "DZA", "city_id": 2116, "log_pop": 3.550017, "log_mass": 5.525282, "log_pop_c": -0.123659, "log_mass_c": -0.148917}, {"country_iso": "DZA", "city_id": 2095, "log_pop": 3.355296, "log_mass": 5.413089, "log_pop_c": -0.33127, "log_mass_c": -0.555652}, {"country_iso": "DZA", "city_id": 2539, "log_pop": 1.701406, "log_mass": 4.212022, "log_pop_c": -1.564339, "log_mass_c": -1.361209}, {"country_iso": "DZA", "city_id": 2095, "log_pop": 4.535062, "log_mass": 6.50049, "log_pop_c": 0.848496, "log_mass_c": 0.531749}, {"country_iso": "DZA", "city_id": 1890, "log_pop": 2.508102, "log_mass": 4.580399, "log_pop_c": -1.265376, "log_mass_c": -1.280723}, {"country_iso": "DZA", "city_id": 1832, "log_pop": 2.422564, "log_mass": 4.47602, "log_pop_c": -0.386459, "log_mass_c": -0.683121}, {"country_iso": "DZA", "city_id": 2024, "log_pop": 2.021837, "log_mass": 4.221224, "log_pop_c": -1.314609, "log_mass_c": -1.37577}, {"country_iso": "DZA", "city_id": 1962, "log_pop": 2.370847, "log_mass": 4.494783, "log_pop_c": -0.709099, "log_mass_c": -0.950295}, {"country_iso": "DZA", "city_id": 2261, "log_pop": 3.762055, "log_mass": 6.002732, "log_pop_c": 0.452913, "log_mass_c": 0.377309}, {"country_iso": "DZA", "city_id": 2095, "log_pop": 4.309602, "log_mass": 6.608917, "log_pop_c": 0.623036, "log_mass_c": 0.640175}, {"country_iso": "DZA", "city_id": 2539, "log_pop": 3.106172, "log_mass": 5.42175, "log_pop_c": -0.159573, "log_mass_c": -0.151481}, {"country_iso": "DZA", "city_id": 2539, "log_pop": 1.407306, "log_mass": 4.322863, "log_pop_c": -1.858439, "log_mass_c": -1.250368}, {"country_iso": "DZA", "city_id": 2024, "log_pop": 3.976118, "log_mass": 6.059189, "log_pop_c": 0.639673, "log_mass_c": 0.462195}, {"country_iso": "DZA", "city_id": 2095, "log_pop": 3.783135, "log_mass": 6.075018, "log_pop_c": 0.096569, "log_mass_c": 0.106277}, {"country_iso": "DZA", "city_id": 2095, "log_pop": 3.095328, "log_mass": 5.341399, "log_pop_c": -0.591238, "log_mass_c": -0.627342}, {"country_iso": "DZA", "city_id": 2345, "log_pop": 4.238812, "log_mass": 6.497728, "log_pop_c": 1.073524, "log_mass_c": 0.913641}, {"country_iso": "DZA", "city_id": 1890, "log_pop": 4.032339, "log_mass": 6.052015, "log_pop_c": 0.258861, "log_mass_c": 0.190893}, {"country_iso": "DZA", "city_id": 2203, "log_pop": 3.866285, "log_mass": 6.19952, "log_pop_c": 0.724471, "log_mass_c": 0.543859}, {"country_iso": "DZA", "city_id": 2095, "log_pop": 4.901028, "log_mass": 6.694466, "log_pop_c": 1.214462, "log_mass_c": 0.725725}, {"country_iso": "DZA", "city_id": 1890, "log_pop": 3.689045, "log_mass": 5.652468, "log_pop_c": -0.084433, "log_mass_c": -0.208654}, {"country_iso": "DZA", "city_id": 2089, "log_pop": 2.867087, "log_mass": 5.297059, "log_pop_c": -0.610704, "log_mass_c": -0.439481}, {"country_iso": "DZA", "city_id": 2434, "log_pop": 2.799479, "log_mass": 4.954271, "log_pop_c": -0.543012, "log_mass_c": -0.70184}, {"country_iso": "DZA", "city_id": 1769, "log_pop": 3.481369, "log_mass": 5.76298, "log_pop_c": 0.359014, "log_mass_c": 0.252779}, {"country_iso": "DZA", "city_id": 1962, "log_pop": 2.639015, "log_mass": 5.093941, "log_pop_c": -0.440932, "log_mass_c": -0.351137}, {"country_iso": "DZA", "city_id": 1970, "log_pop": 3.29652, "log_mass": 5.612208, "log_pop_c": -0.082152, "log_mass_c": 0.008441}, {"country_iso": "DZA", "city_id": 1769, "log_pop": 0.279424, "log_mass": 3.021564, "log_pop_c": -2.842931, "log_mass_c": -2.488638}, {"country_iso": "DZA", "city_id": 2337, "log_pop": 2.432772, "log_mass": 4.856216, "log_pop_c": -0.793179, "log_mass_c": -0.616725}, {"country_iso": "DZA", "city_id": 2095, "log_pop": 1.449584, "log_mass": 4.150529, "log_pop_c": -2.236982, "log_mass_c": -1.818212}, {"country_iso": "DZA", "city_id": 2116, "log_pop": 4.208638, "log_mass": 6.204672, "log_pop_c": 0.534962, "log_mass_c": 0.530473}, {"country_iso": "DZA", "city_id": 2400, "log_pop": 2.417916, "log_mass": 4.822328, "log_pop_c": -0.823461, "log_mass_c": -0.81434}, {"country_iso": "DZA", "city_id": 1769, "log_pop": 2.240029, "log_mass": 5.136876, "log_pop_c": -0.882326, "log_mass_c": -0.373326}, {"country_iso": "DZA", "city_id": 2084, "log_pop": 1.729834, "log_mass": 4.538191, "log_pop_c": -1.527345, "log_mass_c": -1.029527}, {"country_iso": "DZA", "city_id": 2024, "log_pop": 0.956313, "log_mass": 3.967001, "log_pop_c": -2.380133, "log_mass_c": -1.629992}, {"country_iso": "DZA", "city_id": 2095, "log_pop": 4.075166, "log_mass": 6.24267, "log_pop_c": 0.3886, "log_mass_c": 0.273929}, {"country_iso": "DZA", "city_id": 2023, "log_pop": 4.310054, "log_mass": 6.494134, "log_pop_c": 1.013273, "log_mass_c": 0.872838}, {"country_iso": "DZA", "city_id": 2095, "log_pop": 3.679582, "log_mass": 6.071949, "log_pop_c": -0.006984, "log_mass_c": 0.103208}, {"country_iso": "DZA", "city_id": 2337, "log_pop": 4.084864, "log_mass": 6.194129, "log_pop_c": 0.858913, "log_mass_c": 0.721188}, {"country_iso": "DZA", "city_id": 2088, "log_pop": 4.085091, "log_mass": 6.148962, "log_pop_c": 0.924858, "log_mass_c": 0.646237}, {"country_iso": "DZA", "city_id": 2293, "log_pop": 4.356876, "log_mass": 6.532212, "log_pop_c": 1.153009, "log_mass_c": 1.059505}, {"country_iso": "DZA", "city_id": 2508, "log_pop": 4.084204, "log_mass": 6.136145, "log_pop_c": 0.712419, "log_mass_c": 0.673461}, {"country_iso": "DZA", "city_id": 2293, "log_pop": 3.873024, "log_mass": 6.100599, "log_pop_c": 0.669158, "log_mass_c": 0.627892}, {"country_iso": "DZA", "city_id": 2095, "log_pop": 4.573706, "log_mass": 6.56717, "log_pop_c": 0.88714, "log_mass_c": 0.598428}, {"country_iso": "DZA", "city_id": 1769, "log_pop": 2.888964, "log_mass": 5.442388, "log_pop_c": -0.233391, "log_mass_c": -0.067814}, {"country_iso": "DZA", "city_id": 2301, "log_pop": 2.937744, "log_mass": 5.341503, "log_pop_c": -0.520045, "log_mass_c": -0.408116}, {"country_iso": "DZA", "city_id": 2116, "log_pop": 2.699879, "log_mass": 4.990044, "log_pop_c": -0.973797, "log_mass_c": -0.684155}, {"country_iso": "DZA", "city_id": 2261, "log_pop": 3.291014, "log_mass": 5.728695, "log_pop_c": -0.018127, "log_mass_c": 0.103271}, {"country_iso": "DZA", "city_id": 2023, "log_pop": 3.423319, "log_mass": 5.568642, "log_pop_c": 0.126538, "log_mass_c": -0.052655}, {"country_iso": "DZA", "city_id": 2097, "log_pop": 3.037484, "log_mass": 5.351372, "log_pop_c": -0.568945, "log_mass_c": -0.493338}, {"country_iso": "DZA", "city_id": 2261, "log_pop": 4.270427, "log_mass": 6.420664, "log_pop_c": 0.961285, "log_mass_c": 0.795241}, {"country_iso": "DZA", "city_id": 2337, "log_pop": 4.654339, "log_mass": 6.603535, "log_pop_c": 1.428388, "log_mass_c": 1.130594}, {"country_iso": "DZA", "city_id": 1832, "log_pop": 3.685596, "log_mass": 5.892764, "log_pop_c": 0.876573, "log_mass_c": 0.733624}, {"country_iso": "DZA", "city_id": 2084, "log_pop": 3.739455, "log_mass": 6.036591, "log_pop_c": 0.482276, "log_mass_c": 0.468873}, {"country_iso": "DZA", "city_id": 2539, "log_pop": 3.527864, "log_mass": 5.785391, "log_pop_c": 0.262119, "log_mass_c": 0.21216}, {"country_iso": "DZA", "city_id": 2230, "log_pop": 1.316191, "log_mass": 4.377816, "log_pop_c": -1.876733, "log_mass_c": -1.205822}, {"country_iso": "DZA", "city_id": 2377, "log_pop": 3.875143, "log_mass": 6.066907, "log_pop_c": 0.625048, "log_mass_c": 0.565925}, {"country_iso": "DZA", "city_id": 2023, "log_pop": 4.227504, "log_mass": 6.469238, "log_pop_c": 0.930723, "log_mass_c": 0.847942}, {"country_iso": "DZA", "city_id": 2400, "log_pop": 2.591678, "log_mass": 5.327825, "log_pop_c": -0.649699, "log_mass_c": -0.308843}, {"country_iso": "DZA", "city_id": 2097, "log_pop": 3.457066, "log_mass": 5.751929, "log_pop_c": -0.149362, "log_mass_c": -0.092781}, {"country_iso": "DZA", "city_id": 1894, "log_pop": 2.471375, "log_mass": 4.731208, "log_pop_c": -1.147857, "log_mass_c": -1.032022}, {"country_iso": "DZA", "city_id": 2095, "log_pop": 3.479449, "log_mass": 5.940703, "log_pop_c": -0.207117, "log_mass_c": -0.028038}, {"country_iso": "DZA", "city_id": 1769, "log_pop": 2.726649, "log_mass": 5.098969, "log_pop_c": -0.395706, "log_mass_c": -0.411232}, {"country_iso": "DZA", "city_id": 2095, "log_pop": 3.043588, "log_mass": 5.772239, "log_pop_c": -0.642978, "log_mass_c": -0.196502}, {"country_iso": "DZA", "city_id": 2095, "log_pop": 4.537404, "log_mass": 6.658322, "log_pop_c": 0.850838, "log_mass_c": 0.689581}, {"country_iso": "DZA", "city_id": 1970, "log_pop": 4.277917, "log_mass": 6.294701, "log_pop_c": 0.899245, "log_mass_c": 0.690934}, {"country_iso": "DZA", "city_id": 2084, "log_pop": 4.129636, "log_mass": 6.329914, "log_pop_c": 0.872458, "log_mass_c": 0.762196}, {"country_iso": "DZA", "city_id": 2095, "log_pop": 3.671996, "log_mass": 5.889907, "log_pop_c": -0.01457, "log_mass_c": -0.078834}, {"country_iso": "DZA", "city_id": 2095, "log_pop": 2.105902, "log_mass": 4.267175, "log_pop_c": -1.580663, "log_mass_c": -1.701567}, {"country_iso": "DZA", "city_id": 2377, "log_pop": 0.99556, "log_mass": 3.685303, "log_pop_c": -2.254535, "log_mass_c": -1.815679}, {"country_iso": "DZA", "city_id": 2301, "log_pop": 3.898017, "log_mass": 6.057254, "log_pop_c": 0.440229, "log_mass_c": 0.307634}, {"country_iso": "DZA", "city_id": 1894, "log_pop": 3.19134, "log_mass": 5.509623, "log_pop_c": -0.427892, "log_mass_c": -0.253607}, {"country_iso": "DZA", "city_id": 1890, "log_pop": 2.528861, "log_mass": 4.959776, "log_pop_c": -1.244617, "log_mass_c": -0.901346}, {"country_iso": "DZA", "city_id": 2116, "log_pop": 3.675617, "log_mass": 5.541028, "log_pop_c": 0.001942, "log_mass_c": -0.133171}, {"country_iso": "DZA", "city_id": 2400, "log_pop": 3.92823, "log_mass": 6.254079, "log_pop_c": 0.686853, "log_mass_c": 0.61741}, {"country_iso": "DZA", "city_id": 2095, "log_pop": 4.150106, "log_mass": 6.149281, "log_pop_c": 0.463541, "log_mass_c": 0.18054}, {"country_iso": "DZA", "city_id": 2230, "log_pop": 4.604557, "log_mass": 6.603784, "log_pop_c": 1.411633, "log_mass_c": 1.020146}, {"country_iso": "DZA", "city_id": 2095, "log_pop": 4.562149, "log_mass": 6.593636, "log_pop_c": 0.875583, "log_mass_c": 0.624895}, {"country_iso": "DZA", "city_id": 2095, "log_pop": 4.233896, "log_mass": 6.248185, "log_pop_c": 0.54733, "log_mass_c": 0.279444}, {"country_iso": "DZA", "city_id": 2301, "log_pop": 4.050686, "log_mass": 6.329041, "log_pop_c": 0.592897, "log_mass_c": 0.579422}, {"country_iso": "DZA", "city_id": 2508, "log_pop": 4.20219, "log_mass": 6.156104, "log_pop_c": 0.830404, "log_mass_c": 0.693419}, {"country_iso": "DZA", "city_id": 1832, "log_pop": 4.270058, "log_mass": 6.403275, "log_pop_c": 1.461035, "log_mass_c": 1.244135}, {"country_iso": "DZA", "city_id": 2095, "log_pop": 4.585721, "log_mass": 6.290347, "log_pop_c": 0.899155, "log_mass_c": 0.321605}, {"country_iso": "DZA", "city_id": 2213, "log_pop": 3.922449, "log_mass": 6.192119, "log_pop_c": 0.449299, "log_mass_c": 0.364226}, {"country_iso": "DZA", "city_id": 2377, "log_pop": 3.831901, "log_mass": 6.00651, "log_pop_c": 0.581805, "log_mass_c": 0.505528}, {"country_iso": "DZA", "city_id": 2293, "log_pop": 4.545021, "log_mass": 6.587049, "log_pop_c": 1.341155, "log_mass_c": 1.114342}, {"country_iso": "DZA", "city_id": 1769, "log_pop": 3.870946, "log_mass": 6.06782, "log_pop_c": 0.748591, "log_mass_c": 0.557618}, {"country_iso": "DZA", "city_id": 2095, "log_pop": 4.619637, "log_mass": 6.644015, "log_pop_c": 0.933071, "log_mass_c": 0.675274}, {"country_iso": "DZA", "city_id": 2301, "log_pop": 4.425863, "log_mass": 6.510827, "log_pop_c": 0.968075, "log_mass_c": 0.761207}, {"country_iso": "DZA", "city_id": 1970, "log_pop": 4.20378, "log_mass": 6.290962, "log_pop_c": 0.825109, "log_mass_c": 0.687195}, {"country_iso": "DZA", "city_id": 2413, "log_pop": 3.503977, "log_mass": 6.002643, "log_pop_c": 0.315332, "log_mass_c": 0.498119}, {"country_iso": "DZA", "city_id": 2095, "log_pop": 2.887685, "log_mass": 5.449315, "log_pop_c": -0.798881, "log_mass_c": -0.519426}, {"country_iso": "DZA", "city_id": 2213, "log_pop": 4.59556, "log_mass": 6.645679, "log_pop_c": 1.12241, "log_mass_c": 0.817786}, {"country_iso": "DZA", "city_id": 2508, "log_pop": 2.026193, "log_mass": 4.336746, "log_pop_c": -1.345592, "log_mass_c": -1.125939}, {"country_iso": "DZA", "city_id": 2508, "log_pop": 3.172447, "log_mass": 5.181643, "log_pop_c": -0.199339, "log_mass_c": -0.281042}, {"country_iso": "DZA", "city_id": 2084, "log_pop": 2.044727, "log_mass": 4.655569, "log_pop_c": -1.212452, "log_mass_c": -0.912149}, {"country_iso": "DZA", "city_id": 2413, "log_pop": 1.838351, "log_mass": 4.567809, "log_pop_c": -1.350295, "log_mass_c": -0.936715}, {"country_iso": "DZA", "city_id": 2203, "log_pop": 2.670423, "log_mass": 5.191828, "log_pop_c": -0.471391, "log_mass_c": -0.463833}, {"country_iso": "DZA", "city_id": 2095, "log_pop": 4.233994, "log_mass": 6.195139, "log_pop_c": 0.547428, "log_mass_c": 0.226398}, {"country_iso": "DZA", "city_id": 2095, "log_pop": 4.666981, "log_mass": 6.426581, "log_pop_c": 0.980415, "log_mass_c": 0.45784}, {"country_iso": "DZA", "city_id": 2508, "log_pop": 2.862247, "log_mass": 5.056168, "log_pop_c": -0.509539, "log_mass_c": -0.406517}, {"country_iso": "DZA", "city_id": 2413, "log_pop": 3.652705, "log_mass": 5.871211, "log_pop_c": 0.464059, "log_mass_c": 0.366687}, {"country_iso": "DZA", "city_id": 2095, "log_pop": 3.486744, "log_mass": 5.805663, "log_pop_c": -0.199822, "log_mass_c": -0.163078}, {"country_iso": "DZA", "city_id": 2400, "log_pop": 3.986864, "log_mass": 6.345173, "log_pop_c": 0.745487, "log_mass_c": 0.708505}, {"country_iso": "DZA", "city_id": 2095, "log_pop": 3.639375, "log_mass": 5.90231, "log_pop_c": -0.04719, "log_mass_c": -0.066432}, {"country_iso": "DZA", "city_id": 2291, "log_pop": 4.278702, "log_mass": 6.396137, "log_pop_c": 0.932878, "log_mass_c": 0.802159}, {"country_iso": "DZA", "city_id": 2095, "log_pop": 4.253229, "log_mass": 6.495509, "log_pop_c": 0.566663, "log_mass_c": 0.526768}, {"country_iso": "DZA", "city_id": 2095, "log_pop": 3.737935, "log_mass": 6.153692, "log_pop_c": 0.051369, "log_mass_c": 0.184951}, {"country_iso": "DZA", "city_id": 2084, "log_pop": 1.565813, "log_mass": 4.095008, "log_pop_c": -1.691366, "log_mass_c": -1.47271}, {"country_iso": "DZA", "city_id": 2337, "log_pop": 3.945517, "log_mass": 6.102389, "log_pop_c": 0.719565, "log_mass_c": 0.629448}, {"country_iso": "DZA", "city_id": 2095, "log_pop": 4.015453, "log_mass": 6.353386, "log_pop_c": 0.328887, "log_mass_c": 0.384645}, {"country_iso": "DZA", "city_id": 2480, "log_pop": 0.658178, "log_mass": 3.121101, "log_pop_c": -2.756897, "log_mass_c": -2.627822}, {"country_iso": "DZA", "city_id": 2274, "log_pop": 2.884242, "log_mass": 5.873706, "log_pop_c": -0.249527, "log_mass_c": 0.011517}, {"country_iso": "DZA", "city_id": 2024, "log_pop": 3.752348, "log_mass": 6.079749, "log_pop_c": 0.415903, "log_mass_c": 0.482756}, {"country_iso": "DZA", "city_id": 2377, "log_pop": 3.912551, "log_mass": 6.026239, "log_pop_c": 0.662456, "log_mass_c": 0.525257}, {"country_iso": "DZA", "city_id": 1894, "log_pop": 4.103213, "log_mass": 6.207898, "log_pop_c": 0.483982, "log_mass_c": 0.444668}, {"country_iso": "DZA", "city_id": 1894, "log_pop": 2.141068, "log_mass": 4.246015, "log_pop_c": -1.478164, "log_mass_c": -1.517215}, {"country_iso": "DZA", "city_id": 2095, "log_pop": 3.76513, "log_mass": 6.105921, "log_pop_c": 0.078564, "log_mass_c": 0.13718}, {"country_iso": "DZA", "city_id": 2213, "log_pop": 3.641095, "log_mass": 5.920437, "log_pop_c": 0.167945, "log_mass_c": 0.092544}, {"country_iso": "DZA", "city_id": 1962, "log_pop": 3.773094, "log_mass": 6.174206, "log_pop_c": 0.693147, "log_mass_c": 0.729129}, {"country_iso": "DZA", "city_id": 1890, "log_pop": 4.63033, "log_mass": 6.611389, "log_pop_c": 0.856852, "log_mass_c": 0.750267}, {"country_iso": "DZA", "city_id": 1832, "log_pop": 3.937173, "log_mass": 6.094976, "log_pop_c": 1.12815, "log_mass_c": 0.935836}, {"country_iso": "DZA", "city_id": 1890, "log_pop": 4.068678, "log_mass": 6.053861, "log_pop_c": 0.2952, "log_mass_c": 0.192738}, {"country_iso": "DZA", "city_id": 2301, "log_pop": 3.201282, "log_mass": 5.676165, "log_pop_c": -0.256506, "log_mass_c": -0.073455}, {"country_iso": "DZA", "city_id": 2095, "log_pop": 3.601748, "log_mass": 5.678358, "log_pop_c": -0.084818, "log_mass_c": -0.290383}, {"country_iso": "DZA", "city_id": 2301, "log_pop": 3.99552, "log_mass": 6.240881, "log_pop_c": 0.537731, "log_mass_c": 0.491261}, {"country_iso": "DZA", "city_id": 2413, "log_pop": 2.771813, "log_mass": 5.202493, "log_pop_c": -0.416833, "log_mass_c": -0.302031}, {"country_iso": "DZA", "city_id": 2413, "log_pop": 4.497857, "log_mass": 6.643137, "log_pop_c": 1.309212, "log_mass_c": 1.138613}, {"country_iso": "DZA", "city_id": 2337, "log_pop": 1.631963, "log_mass": 3.925933, "log_pop_c": -1.593989, "log_mass_c": -1.547008}, {"country_iso": "DZA", "city_id": 2023, "log_pop": 3.352003, "log_mass": 5.72447, "log_pop_c": 0.055223, "log_mass_c": 0.103174}, {"country_iso": "DZA", "city_id": 1970, "log_pop": 3.098194, "log_mass": 5.406258, "log_pop_c": -0.280478, "log_mass_c": -0.197509}, {"country_iso": "DZA", "city_id": 2116, "log_pop": 4.684044, "log_mass": 6.513249, "log_pop_c": 1.010368, "log_mass_c": 0.83905}, {"country_iso": "DZA", "city_id": 2116, "log_pop": 3.509531, "log_mass": 5.522333, "log_pop_c": -0.164145, "log_mass_c": -0.151866}, {"country_iso": "DZA", "city_id": 1890, "log_pop": 2.710881, "log_mass": 5.075463, "log_pop_c": -1.062597, "log_mass_c": -0.785659}, {"country_iso": "DZA", "city_id": 2089, "log_pop": 2.963536, "log_mass": 5.1731, "log_pop_c": -0.514255, "log_mass_c": -0.56344}, {"country_iso": "DZA", "city_id": 2261, "log_pop": 4.064348, "log_mass": 6.251265, "log_pop_c": 0.755206, "log_mass_c": 0.625842}, {"country_iso": "DZA", "city_id": 2095, "log_pop": 4.872968, "log_mass": 6.751733, "log_pop_c": 1.186402, "log_mass_c": 0.782992}, {"country_iso": "DZA", "city_id": 1769, "log_pop": 4.079398, "log_mass": 6.335376, "log_pop_c": 0.957043, "log_mass_c": 0.825175}, {"country_iso": "DZA", "city_id": 1832, "log_pop": 3.580689, "log_mass": 5.886327, "log_pop_c": 0.771666, "log_mass_c": 0.727186}, {"country_iso": "DZA", "city_id": 2274, "log_pop": 4.171087, "log_mass": 6.604013, "log_pop_c": 1.037317, "log_mass_c": 0.741825}, {"country_iso": "DZA", "city_id": 2230, "log_pop": 2.906172, "log_mass": 5.461232, "log_pop_c": -0.286752, "log_mass_c": -0.122406}, {"country_iso": "DZA", "city_id": 2095, "log_pop": 3.673214, "log_mass": 6.081247, "log_pop_c": -0.013351, "log_mass_c": 0.112506}, {"country_iso": "DZA", "city_id": 2095, "log_pop": 3.284852, "log_mass": 5.813437, "log_pop_c": -0.401714, "log_mass_c": -0.155304}, {"country_iso": "DZA", "city_id": 2400, "log_pop": 3.173812, "log_mass": 5.411395, "log_pop_c": -0.067565, "log_mass_c": -0.225274}, {"country_iso": "DZA", "city_id": 2266, "log_pop": 2.347791, "log_mass": 4.678448, "log_pop_c": -0.753119, "log_mass_c": -0.781076}, {"country_iso": "DZA", "city_id": 2345, "log_pop": 3.769556, "log_mass": 6.060503, "log_pop_c": 0.604268, "log_mass_c": 0.476415}, {"country_iso": "DZA", "city_id": 2377, "log_pop": 1.730972, "log_mass": 4.249064, "log_pop_c": -1.519123, "log_mass_c": -1.251918}, {"country_iso": "DZA", "city_id": 2095, "log_pop": 2.593587, "log_mass": 5.200768, "log_pop_c": -1.092979, "log_mass_c": -0.767973}, {"country_iso": "DZA", "city_id": 2480, "log_pop": 4.075135, "log_mass": 6.371666, "log_pop_c": 0.66006, "log_mass_c": 0.622743}, {"country_iso": "DZA", "city_id": 2480, "log_pop": 4.105426, "log_mass": 6.294046, "log_pop_c": 0.690351, "log_mass_c": 0.545123}, {"country_iso": "DZA", "city_id": 1890, "log_pop": 2.582942, "log_mass": 4.723001, "log_pop_c": -1.190536, "log_mass_c": -1.138121}, {"country_iso": "DZA", "city_id": 2095, "log_pop": 3.793686, "log_mass": 6.167435, "log_pop_c": 0.10712, "log_mass_c": 0.198694}, {"country_iso": "DZA", "city_id": 2480, "log_pop": 4.113961, "log_mass": 6.385028, "log_pop_c": 0.698885, "log_mass_c": 0.636106}, {"country_iso": "DZA", "city_id": 2274, "log_pop": 2.56759, "log_mass": 5.549132, "log_pop_c": -0.56618, "log_mass_c": -0.313056}, {"country_iso": "DZA", "city_id": 2095, "log_pop": 4.038899, "log_mass": 6.421438, "log_pop_c": 0.352334, "log_mass_c": 0.452697}, {"country_iso": "DZA", "city_id": 2480, "log_pop": 3.224524, "log_mass": 5.850132, "log_pop_c": -0.190551, "log_mass_c": 0.10121}, {"country_iso": "DZA", "city_id": 1890, "log_pop": 4.656312, "log_mass": 6.487628, "log_pop_c": 0.882834, "log_mass_c": 0.626506}, {"country_iso": "DZA", "city_id": 1970, "log_pop": 2.756305, "log_mass": 4.908674, "log_pop_c": -0.622367, "log_mass_c": -0.695093}, {"country_iso": "DZA", "city_id": 1832, "log_pop": 4.184311, "log_mass": 6.224851, "log_pop_c": 1.375288, "log_mass_c": 1.06571}, {"country_iso": "DZA", "city_id": 2400, "log_pop": 2.481667, "log_mass": 4.772815, "log_pop_c": -0.75971, "log_mass_c": -0.863854}, {"country_iso": "DZA", "city_id": 2095, "log_pop": 4.347872, "log_mass": 6.524297, "log_pop_c": 0.661307, "log_mass_c": 0.555555}, {"country_iso": "DZA", "city_id": 2095, "log_pop": 4.870332, "log_mass": 6.623972, "log_pop_c": 1.183767, "log_mass_c": 0.655231}, {"country_iso": "DZA", "city_id": 2095, "log_pop": 2.544669, "log_mass": 5.048314, "log_pop_c": -1.141896, "log_mass_c": -0.920428}, {"country_iso": "DZA", "city_id": 2274, "log_pop": 1.649784, "log_mass": 4.171247, "log_pop_c": -1.483986, "log_mass_c": -1.690941}, {"country_iso": "DZA", "city_id": 2274, "log_pop": 3.506085, "log_mass": 6.067314, "log_pop_c": 0.372316, "log_mass_c": 0.205126}, {"country_iso": "DZA", "city_id": 2095, "log_pop": 4.233603, "log_mass": 6.438059, "log_pop_c": 0.547037, "log_mass_c": 0.469318}, {"country_iso": "DZA", "city_id": 2023, "log_pop": 3.847668, "log_mass": 6.203135, "log_pop_c": 0.550887, "log_mass_c": 0.581839}, {"country_iso": "DZA", "city_id": 2274, "log_pop": 4.215339, "log_mass": 6.64617, "log_pop_c": 1.081569, "log_mass_c": 0.783982}, {"country_iso": "DZA", "city_id": 2434, "log_pop": 4.233096, "log_mass": 6.304755, "log_pop_c": 0.890606, "log_mass_c": 0.648644}, {"country_iso": "DZA", "city_id": 2097, "log_pop": 4.404413, "log_mass": 6.597936, "log_pop_c": 0.797984, "log_mass_c": 0.753226}, {"country_iso": "DZA", "city_id": 2095, "log_pop": 3.895191, "log_mass": 6.118924, "log_pop_c": 0.208625, "log_mass_c": 0.150183}, {"country_iso": "DZA", "city_id": 2377, "log_pop": 3.786735, "log_mass": 5.925156, "log_pop_c": 0.536639, "log_mass_c": 0.424174}, {"country_iso": "DZA", "city_id": 2480, "log_pop": 4.505801, "log_mass": 6.580849, "log_pop_c": 1.090726, "log_mass_c": 0.831926}, {"country_iso": "DZA", "city_id": 1832, "log_pop": 4.321074, "log_mass": 6.402514, "log_pop_c": 1.512051, "log_mass_c": 1.243373}, {"country_iso": "DZA", "city_id": 2095, "log_pop": 4.337129, "log_mass": 6.285607, "log_pop_c": 0.650564, "log_mass_c": 0.316866}, {"country_iso": "DZA", "city_id": 1970, "log_pop": 4.451905, "log_mass": 6.489354, "log_pop_c": 1.073233, "log_mass_c": 0.885587}, {"country_iso": "DZA", "city_id": 1962, "log_pop": 4.534873, "log_mass": 6.583197, "log_pop_c": 1.454927, "log_mass_c": 1.138119}, {"country_iso": "DZA", "city_id": 2095, "log_pop": 3.433282, "log_mass": 5.754091, "log_pop_c": -0.253283, "log_mass_c": -0.214651}, {"country_iso": "DZA", "city_id": 2293, "log_pop": 1.51764, "log_mass": 4.073202, "log_pop_c": -1.686226, "log_mass_c": -1.399505}, {"country_iso": "DZA", "city_id": 2095, "log_pop": 3.116558, "log_mass": 5.582999, "log_pop_c": -0.570008, "log_mass_c": -0.385743}, {"country_iso": "DZA", "city_id": 2095, "log_pop": 3.021747, "log_mass": 5.318213, "log_pop_c": -0.664818, "log_mass_c": -0.650528}, {"country_iso": "DZA", "city_id": 2095, "log_pop": 0.66629, "log_mass": 3.699559, "log_pop_c": -3.020275, "log_mass_c": -2.269183}, {"country_iso": "DZA", "city_id": 2230, "log_pop": 3.39004, "log_mass": 5.750453, "log_pop_c": 0.197116, "log_mass_c": 0.166815}, {"country_iso": "DZA", "city_id": 2089, "log_pop": 4.096215, "log_mass": 6.255666, "log_pop_c": 0.618425, "log_mass_c": 0.519126}, {"country_iso": "DZA", "city_id": 2377, "log_pop": 4.084678, "log_mass": 6.187327, "log_pop_c": 0.834583, "log_mass_c": 0.686345}, {"country_iso": "DZA", "city_id": 1890, "log_pop": 4.385282, "log_mass": 6.304753, "log_pop_c": 0.611804, "log_mass_c": 0.443631}, {"country_iso": "DZA", "city_id": 2261, "log_pop": 4.635009, "log_mass": 6.762883, "log_pop_c": 1.325868, "log_mass_c": 1.13746}, {"country_iso": "DZA", "city_id": 2024, "log_pop": 2.114022, "log_mass": 4.474291, "log_pop_c": -1.222423, "log_mass_c": -1.122703}, {"country_iso": "DZA", "city_id": 2480, "log_pop": 2.640194, "log_mass": 5.188285, "log_pop_c": -0.774881, "log_mass_c": -0.560638}, {"country_iso": "DZA", "city_id": 2089, "log_pop": 2.913381, "log_mass": 5.235432, "log_pop_c": -0.56441, "log_mass_c": -0.501108}, {"country_iso": "DZA", "city_id": 2291, "log_pop": 3.979509, "log_mass": 6.169983, "log_pop_c": 0.633686, "log_mass_c": 0.576005}, {"country_iso": "DZA", "city_id": 1962, "log_pop": 2.061051, "log_mass": 4.546454, "log_pop_c": -1.018895, "log_mass_c": -0.898623}, {"country_iso": "DZA", "city_id": 2089, "log_pop": 3.721091, "log_mass": 6.106209, "log_pop_c": 0.2433, "log_mass_c": 0.369669}, {"country_iso": "DZA", "city_id": 1890, "log_pop": 4.722001, "log_mass": 6.594034, "log_pop_c": 0.948523, "log_mass_c": 0.732912}, {"country_iso": "DZA", "city_id": 2345, "log_pop": 3.049216, "log_mass": 5.578983, "log_pop_c": -0.116071, "log_mass_c": -0.005104}, {"country_iso": "DZA", "city_id": 1769, "log_pop": 4.077437, "log_mass": 6.319324, "log_pop_c": 0.955082, "log_mass_c": 0.809122}, {"country_iso": "DZA", "city_id": 2400, "log_pop": 2.524176, "log_mass": 4.99655, "log_pop_c": -0.7172, "log_mass_c": -0.640118}, {"country_iso": "DZA", "city_id": 2089, "log_pop": 4.52202, "log_mass": 6.419369, "log_pop_c": 1.04423, "log_mass_c": 0.682829}, {"country_iso": "DZA", "city_id": 2095, "log_pop": 3.861723, "log_mass": 6.111226, "log_pop_c": 0.175158, "log_mass_c": 0.142485}, {"country_iso": "DZA", "city_id": 2095, "log_pop": 3.937951, "log_mass": 5.751684, "log_pop_c": 0.251385, "log_mass_c": -0.217057}, {"country_iso": "DZA", "city_id": 1890, "log_pop": 4.551744, "log_mass": 6.560712, "log_pop_c": 0.778266, "log_mass_c": 0.69959}, {"country_iso": "DZA", "city_id": 2230, "log_pop": 4.071271, "log_mass": 6.158006, "log_pop_c": 0.878347, "log_mass_c": 0.574368}, {"country_iso": "DZA", "city_id": 1890, "log_pop": 4.319479, "log_mass": 6.258034, "log_pop_c": 0.546001, "log_mass_c": 0.396912}, {"country_iso": "DZA", "city_id": 1890, "log_pop": 4.176826, "log_mass": 6.103446, "log_pop_c": 0.403348, "log_mass_c": 0.242323}, {"country_iso": "DZA", "city_id": 2293, "log_pop": 3.12668, "log_mass": 5.331839, "log_pop_c": -0.077187, "log_mass_c": -0.140868}, {"country_iso": "DZA", "city_id": 2095, "log_pop": 3.963461, "log_mass": 5.796803, "log_pop_c": 0.276895, "log_mass_c": -0.171938}, {"country_iso": "DZA", "city_id": 1832, "log_pop": 1.164899, "log_mass": 4.178334, "log_pop_c": -1.644124, "log_mass_c": -0.980807}, {"country_iso": "DZA", "city_id": 2095, "log_pop": 2.540643, "log_mass": 5.205214, "log_pop_c": -1.145922, "log_mass_c": -0.763527}, {"country_iso": "DZA", "city_id": 2024, "log_pop": 3.624297, "log_mass": 5.737136, "log_pop_c": 0.287852, "log_mass_c": 0.140142}, {"country_iso": "DZA", "city_id": 2213, "log_pop": 4.184217, "log_mass": 6.313461, "log_pop_c": 0.711067, "log_mass_c": 0.485568}, {"country_iso": "DZA", "city_id": 2345, "log_pop": 3.393246, "log_mass": 5.804299, "log_pop_c": 0.227958, "log_mass_c": 0.220212}, {"country_iso": "DZA", "city_id": 2088, "log_pop": 3.396499, "log_mass": 5.730172, "log_pop_c": 0.236265, "log_mass_c": 0.227447}, {"country_iso": "DZA", "city_id": 1890, "log_pop": 2.148033, "log_mass": 4.905683, "log_pop_c": -1.625445, "log_mass_c": -0.955439}, {"country_iso": "DZA", "city_id": 2095, "log_pop": 3.944417, "log_mass": 6.165731, "log_pop_c": 0.257851, "log_mass_c": 0.19699}, {"country_iso": "DZA", "city_id": 2400, "log_pop": 3.58649, "log_mass": 5.938308, "log_pop_c": 0.345113, "log_mass_c": 0.301639}, {"country_iso": "DZA", "city_id": 2539, "log_pop": 3.000786, "log_mass": 5.353523, "log_pop_c": -0.264959, "log_mass_c": -0.219708}, {"country_iso": "DZA", "city_id": 2095, "log_pop": 4.075724, "log_mass": 6.307277, "log_pop_c": 0.389159, "log_mass_c": 0.338535}, {"country_iso": "DZA", "city_id": 2480, "log_pop": 4.716757, "log_mass": 6.720678, "log_pop_c": 1.301681, "log_mass_c": 0.971755}, {"country_iso": "DZA", "city_id": 2088, "log_pop": 3.134276, "log_mass": 5.487924, "log_pop_c": -0.025957, "log_mass_c": -0.014801}, {"country_iso": "DZA", "city_id": 2177, "log_pop": 1.908437, "log_mass": 4.663728, "log_pop_c": -1.264559, "log_mass_c": -0.873165}, {"country_iso": "DZA", "city_id": 2508, "log_pop": 3.364266, "log_mass": 5.496526, "log_pop_c": -0.00752, "log_mass_c": 0.033842}, {"country_iso": "DZA", "city_id": 2095, "log_pop": 3.95525, "log_mass": 6.258095, "log_pop_c": 0.268684, "log_mass_c": 0.289354}, {"country_iso": "DZA", "city_id": 2337, "log_pop": 4.570916, "log_mass": 6.617297, "log_pop_c": 1.344964, "log_mass_c": 1.144356}, {"country_iso": "DZA", "city_id": 2095, "log_pop": 4.225468, "log_mass": 6.365042, "log_pop_c": 0.538903, "log_mass_c": 0.3963}, {"country_iso": "DZA", "city_id": 2095, "log_pop": 3.803584, "log_mass": 6.178996, "log_pop_c": 0.117019, "log_mass_c": 0.210255}, {"country_iso": "DZA", "city_id": 2116, "log_pop": 2.29935, "log_mass": 4.563204, "log_pop_c": -1.374326, "log_mass_c": -1.110995}, {"country_iso": "DZA", "city_id": 2095, "log_pop": 3.627144, "log_mass": 6.078749, "log_pop_c": -0.059422, "log_mass_c": 0.110008}, {"country_iso": "DZA", "city_id": 2089, "log_pop": 3.5668, "log_mass": 5.828107, "log_pop_c": 0.089009, "log_mass_c": 0.091567}, {"country_iso": "DZA", "city_id": 2095, "log_pop": 3.252188, "log_mass": 5.55128, "log_pop_c": -0.434377, "log_mass_c": -0.417461}, {"country_iso": "DZA", "city_id": 2230, "log_pop": 4.234172, "log_mass": 6.416191, "log_pop_c": 1.041248, "log_mass_c": 0.832553}, {"country_iso": "DZA", "city_id": 1894, "log_pop": 3.208649, "log_mass": 5.437541, "log_pop_c": -0.410582, "log_mass_c": -0.325689}, {"country_iso": "DZA", "city_id": 2261, "log_pop": 2.283886, "log_mass": 4.984361, "log_pop_c": -1.025255, "log_mass_c": -0.641062}, {"country_iso": "DZA", "city_id": 2301, "log_pop": 3.351458, "log_mass": 5.649528, "log_pop_c": -0.10633, "log_mass_c": -0.100092}, {"country_iso": "DZA", "city_id": 2539, "log_pop": 4.335974, "log_mass": 6.419889, "log_pop_c": 1.070229, "log_mass_c": 0.846658}, {"country_iso": "DZA", "city_id": 1890, "log_pop": 4.126997, "log_mass": 6.121789, "log_pop_c": 0.353519, "log_mass_c": 0.260666}, {"country_iso": "DZA", "city_id": 2203, "log_pop": 3.925459, "log_mass": 6.22187, "log_pop_c": 0.783645, "log_mass_c": 0.56621}, {"country_iso": "DZA", "city_id": 2095, "log_pop": 3.535595, "log_mass": 5.895346, "log_pop_c": -0.150971, "log_mass_c": -0.073396}, {"country_iso": "DZA", "city_id": 2345, "log_pop": 2.213429, "log_mass": 4.372773, "log_pop_c": -0.951859, "log_mass_c": -1.211315}, {"country_iso": "DZA", "city_id": 2095, "log_pop": 3.606829, "log_mass": 6.046195, "log_pop_c": -0.079737, "log_mass_c": 0.077454}, {"country_iso": "DZA", "city_id": 1962, "log_pop": 4.534518, "log_mass": 6.653184, "log_pop_c": 1.454571, "log_mass_c": 1.208107}, {"country_iso": "DZA", "city_id": 2261, "log_pop": 4.355928, "log_mass": 6.438462, "log_pop_c": 1.046787, "log_mass_c": 0.813039}, {"country_iso": "DZA", "city_id": 2095, "log_pop": 3.645392, "log_mass": 5.781852, "log_pop_c": -0.041173, "log_mass_c": -0.186889}, {"country_iso": "DZA", "city_id": 2088, "log_pop": 2.509707, "log_mass": 5.178905, "log_pop_c": -0.650526, "log_mass_c": -0.32382}, {"country_iso": "DZA", "city_id": 1890, "log_pop": 3.182122, "log_mass": 5.410686, "log_pop_c": -0.591356, "log_mass_c": -0.450436}, {"country_iso": "DZA", "city_id": 2261, "log_pop": 1.916823, "log_mass": 4.317904, "log_pop_c": -1.392319, "log_mass_c": -1.30752}, {"country_iso": "DZA", "city_id": 2095, "log_pop": 4.66141, "log_mass": 6.701763, "log_pop_c": 0.974844, "log_mass_c": 0.733022}, {"country_iso": "DZA", "city_id": 2089, "log_pop": 3.919037, "log_mass": 6.149718, "log_pop_c": 0.441246, "log_mass_c": 0.413178}, {"country_iso": "DZA", "city_id": 2377, "log_pop": 3.299664, "log_mass": 5.578681, "log_pop_c": 0.049569, "log_mass_c": 0.077699}, {"country_iso": "DZA", "city_id": 2377, "log_pop": 3.454344, "log_mass": 5.528548, "log_pop_c": 0.204249, "log_mass_c": 0.027566}, {"country_iso": "DZA", "city_id": 2095, "log_pop": 4.210298, "log_mass": 6.367311, "log_pop_c": 0.523732, "log_mass_c": 0.39857}, {"country_iso": "DZA", "city_id": 2274, "log_pop": 3.261286, "log_mass": 6.472119, "log_pop_c": 0.127516, "log_mass_c": 0.609931}, {"country_iso": "DZA", "city_id": 2539, "log_pop": 3.767139, "log_mass": 6.018569, "log_pop_c": 0.501394, "log_mass_c": 0.445338}, {"country_iso": "DZA", "city_id": 2095, "log_pop": 4.274568, "log_mass": 6.259583, "log_pop_c": 0.588003, "log_mass_c": 0.290842}, {"country_iso": "DZA", "city_id": 2088, "log_pop": 4.379487, "log_mass": 6.410342, "log_pop_c": 1.219254, "log_mass_c": 0.907617}, {"country_iso": "DZA", "city_id": 2023, "log_pop": 2.400758, "log_mass": 4.961944, "log_pop_c": -0.896023, "log_mass_c": -0.659353}, {"country_iso": "DZA", "city_id": 2230, "log_pop": 4.023888, "log_mass": 6.236759, "log_pop_c": 0.830964, "log_mass_c": 0.65312}, {"country_iso": "DZA", "city_id": 2434, "log_pop": 4.193876, "log_mass": 6.336253, "log_pop_c": 0.851385, "log_mass_c": 0.680143}, {"country_iso": "DZA", "city_id": 1832, "log_pop": 0.099626, "log_mass": 3.552298, "log_pop_c": -2.709397, "log_mass_c": -1.606843}, {"country_iso": "DZA", "city_id": 2095, "log_pop": 2.472985, "log_mass": 5.239428, "log_pop_c": -1.21358, "log_mass_c": -0.729313}, {"country_iso": "DZA", "city_id": 2291, "log_pop": 1.951287, "log_mass": 4.467392, "log_pop_c": -1.394537, "log_mass_c": -1.126586}, {"country_iso": "DZA", "city_id": 2434, "log_pop": 4.027551, "log_mass": 6.308236, "log_pop_c": 0.68506, "log_mass_c": 0.652126}, {"country_iso": "DZA", "city_id": 2095, "log_pop": 3.507646, "log_mass": 6.063731, "log_pop_c": -0.178919, "log_mass_c": 0.09499}, {"country_iso": "DZA", "city_id": 1832, "log_pop": 3.845681, "log_mass": 5.957159, "log_pop_c": 1.036657, "log_mass_c": 0.798019}, {"country_iso": "DZA", "city_id": 1962, "log_pop": 2.207933, "log_mass": 5.002441, "log_pop_c": -0.872014, "log_mass_c": -0.442637}, {"country_iso": "DZA", "city_id": 1970, "log_pop": 3.250703, "log_mass": 5.430773, "log_pop_c": -0.127969, "log_mass_c": -0.172994}, {"country_iso": "DZA", "city_id": 2291, "log_pop": 2.502913, "log_mass": 5.064079, "log_pop_c": -0.842911, "log_mass_c": -0.529899}, {"country_iso": "DZA", "city_id": 2095, "log_pop": 3.641777, "log_mass": 6.12983, "log_pop_c": -0.044788, "log_mass_c": 0.161088}, {"country_iso": "DZA", "city_id": 2213, "log_pop": 3.575389, "log_mass": 6.026338, "log_pop_c": 0.102238, "log_mass_c": 0.198445}, {"country_iso": "DZA", "city_id": 2377, "log_pop": 3.314421, "log_mass": 5.447221, "log_pop_c": 0.064325, "log_mass_c": -0.053761}, {"country_iso": "DZA", "city_id": 2095, "log_pop": 4.276443, "log_mass": 6.451683, "log_pop_c": 0.589877, "log_mass_c": 0.482942}, {"country_iso": "DZA", "city_id": 1962, "log_pop": 3.082179, "log_mass": 5.69978, "log_pop_c": 0.002232, "log_mass_c": 0.254702}, {"country_iso": "DZA", "city_id": 2400, "log_pop": 0.751272, "log_mass": 3.965673, "log_pop_c": -2.490104, "log_mass_c": -1.670996}, {"country_iso": "DZA", "city_id": 2095, "log_pop": 4.150859, "log_mass": 6.378488, "log_pop_c": 0.464294, "log_mass_c": 0.409746}, {"country_iso": "DZA", "city_id": 2089, "log_pop": 3.523526, "log_mass": 5.839283, "log_pop_c": 0.045735, "log_mass_c": 0.102744}, {"country_iso": "DZA", "city_id": 1890, "log_pop": 3.532331, "log_mass": 5.4086, "log_pop_c": -0.241147, "log_mass_c": -0.452522}, {"country_iso": "DZA", "city_id": 2266, "log_pop": 2.67253, "log_mass": 5.261817, "log_pop_c": -0.42838, "log_mass_c": -0.197707}, {"country_iso": "DZA", "city_id": 2508, "log_pop": 4.339893, "log_mass": 6.288572, "log_pop_c": 0.968107, "log_mass_c": 0.825888}, {"country_iso": "DZA", "city_id": 2024, "log_pop": 4.379352, "log_mass": 6.445152, "log_pop_c": 1.042907, "log_mass_c": 0.848158}, {"country_iso": "DZA", "city_id": 1894, "log_pop": 3.715151, "log_mass": 5.916293, "log_pop_c": 0.095919, "log_mass_c": 0.153063}, {"country_iso": "DZA", "city_id": 2261, "log_pop": 3.49143, "log_mass": 5.744036, "log_pop_c": 0.182288, "log_mass_c": 0.118613}, {"country_iso": "DZA", "city_id": 2095, "log_pop": 3.775266, "log_mass": 6.157182, "log_pop_c": 0.0887, "log_mass_c": 0.188441}, {"country_iso": "DZA", "city_id": 2400, "log_pop": 4.097424, "log_mass": 6.472978, "log_pop_c": 0.856048, "log_mass_c": 0.836309}, {"country_iso": "DZA", "city_id": 1769, "log_pop": 4.34352, "log_mass": 6.574321, "log_pop_c": 1.221165, "log_mass_c": 1.064119}, {"country_iso": "DZA", "city_id": 2480, "log_pop": 4.043869, "log_mass": 6.361038, "log_pop_c": 0.628793, "log_mass_c": 0.612115}, {"country_iso": "DZA", "city_id": 2095, "log_pop": 3.344654, "log_mass": 5.734538, "log_pop_c": -0.341911, "log_mass_c": -0.234203}, {"country_iso": "DZA", "city_id": 2024, "log_pop": 3.830923, "log_mass": 5.896908, "log_pop_c": 0.494477, "log_mass_c": 0.299914}, {"country_iso": "DZA", "city_id": 1832, "log_pop": 3.902302, "log_mass": 6.157353, "log_pop_c": 1.093279, "log_mass_c": 0.998213}, {"country_iso": "DZA", "city_id": 2266, "log_pop": 3.520865, "log_mass": 5.835849, "log_pop_c": 0.419954, "log_mass_c": 0.376325}, {"country_iso": "DZA", "city_id": 2539, "log_pop": 4.667891, "log_mass": 6.669304, "log_pop_c": 1.402146, "log_mass_c": 1.096073}, {"country_iso": "DZA", "city_id": 2095, "log_pop": 4.096106, "log_mass": 6.221245, "log_pop_c": 0.40954, "log_mass_c": 0.252504}, {"country_iso": "DZA", "city_id": 2377, "log_pop": 3.80417, "log_mass": 5.968155, "log_pop_c": 0.554075, "log_mass_c": 0.467173}, {"country_iso": "DZA", "city_id": 2095, "log_pop": 3.169683, "log_mass": 5.675248, "log_pop_c": -0.516882, "log_mass_c": -0.293493}, {"country_iso": "DZA", "city_id": 2089, "log_pop": 4.708585, "log_mass": 6.626479, "log_pop_c": 1.230794, "log_mass_c": 0.889939}, {"country_iso": "DZA", "city_id": 2480, "log_pop": 4.016137, "log_mass": 6.265938, "log_pop_c": 0.601061, "log_mass_c": 0.517015}, {"country_iso": "DZA", "city_id": 2095, "log_pop": 1.498373, "log_mass": 4.787298, "log_pop_c": -2.188193, "log_mass_c": -1.181443}, {"country_iso": "DZA", "city_id": 2095, "log_pop": 4.860431, "log_mass": 6.698973, "log_pop_c": 1.173866, "log_mass_c": 0.730232}, {"country_iso": "DZA", "city_id": 1890, "log_pop": 4.551584, "log_mass": 6.464251, "log_pop_c": 0.778106, "log_mass_c": 0.603129}, {"country_iso": "DZA", "city_id": 2095, "log_pop": 3.69767, "log_mass": 6.118035, "log_pop_c": 0.011105, "log_mass_c": 0.149294}, {"country_iso": "DZA", "city_id": 1962, "log_pop": 2.08863, "log_mass": 4.596949, "log_pop_c": -0.991317, "log_mass_c": -0.848129}, {"country_iso": "DZA", "city_id": 2377, "log_pop": 0.45576, "log_mass": 3.213273, "log_pop_c": -2.794336, "log_mass_c": -2.287709}, {"country_iso": "DZA", "city_id": 2337, "log_pop": 0.50089, "log_mass": 3.067736, "log_pop_c": -2.725062, "log_mass_c": -2.405205}, {"country_iso": "DZA", "city_id": 2301, "log_pop": 4.15122, "log_mass": 6.366291, "log_pop_c": 0.693431, "log_mass_c": 0.616671}, {"country_iso": "DZA", "city_id": 2293, "log_pop": 3.111494, "log_mass": 5.448646, "log_pop_c": -0.092373, "log_mass_c": -0.024061}, {"country_iso": "DZA", "city_id": 2337, "log_pop": 4.672557, "log_mass": 6.628032, "log_pop_c": 1.446606, "log_mass_c": 1.155091}, {"country_iso": "DZA", "city_id": 1832, "log_pop": 3.515073, "log_mass": 5.86313, "log_pop_c": 0.70605, "log_mass_c": 0.703989}, {"country_iso": "DZA", "city_id": 2095, "log_pop": 1.461414, "log_mass": 4.536917, "log_pop_c": -2.225152, "log_mass_c": -1.431824}, {"country_iso": "DZA", "city_id": 2116, "log_pop": 2.917823, "log_mass": 4.757727, "log_pop_c": -0.755853, "log_mass_c": -0.916472}, {"country_iso": "DZA", "city_id": 2480, "log_pop": 4.096963, "log_mass": 6.370823, "log_pop_c": 0.681888, "log_mass_c": 0.621901}, {"country_iso": "DZA", "city_id": 2301, "log_pop": 3.443861, "log_mass": 5.687071, "log_pop_c": -0.013928, "log_mass_c": -0.062549}, {"country_iso": "DZA", "city_id": 2095, "log_pop": 3.532577, "log_mass": 5.947461, "log_pop_c": -0.153988, "log_mass_c": -0.021281}, {"country_iso": "DZA", "city_id": 1832, "log_pop": 0.029835, "log_mass": 2.627072, "log_pop_c": -2.779188, "log_mass_c": -2.532069}, {"country_iso": "DZA", "city_id": 2116, "log_pop": 4.578124, "log_mass": 6.438993, "log_pop_c": 0.904448, "log_mass_c": 0.764794}, {"country_iso": "DZA", "city_id": 2095, "log_pop": 0.853499, "log_mass": 3.975033, "log_pop_c": -2.833067, "log_mass_c": -1.993708}, {"country_iso": "DZA", "city_id": 2095, "log_pop": 4.304057, "log_mass": 6.56184, "log_pop_c": 0.617491, "log_mass_c": 0.593098}, {"country_iso": "DZA", "city_id": 1832, "log_pop": 2.497103, "log_mass": 4.936049, "log_pop_c": -0.31192, "log_mass_c": -0.223092}, {"country_iso": "DZA", "city_id": 2095, "log_pop": 3.727204, "log_mass": 5.990876, "log_pop_c": 0.040638, "log_mass_c": 0.022135}, {"country_iso": "DZA", "city_id": 2508, "log_pop": 1.91171, "log_mass": 4.259649, "log_pop_c": -1.460076, "log_mass_c": -1.203036}, {"country_iso": "DZA", "city_id": 2434, "log_pop": 2.769072, "log_mass": 5.315533, "log_pop_c": -0.573418, "log_mass_c": -0.340577}, {"country_iso": "DZA", "city_id": 2095, "log_pop": 3.22709, "log_mass": 5.446564, "log_pop_c": -0.459476, "log_mass_c": -0.522177}, {"country_iso": "DZA", "city_id": 2024, "log_pop": 4.319764, "log_mass": 6.40871, "log_pop_c": 0.983319, "log_mass_c": 0.811716}, {"country_iso": "DZA", "city_id": 1890, "log_pop": 3.827294, "log_mass": 5.961909, "log_pop_c": 0.053816, "log_mass_c": 0.100786}, {"country_iso": "DZA", "city_id": 2024, "log_pop": 3.685809, "log_mass": 5.829206, "log_pop_c": 0.349363, "log_mass_c": 0.232212}, {"country_iso": "DZA", "city_id": 2377, "log_pop": 4.193427, "log_mass": 6.292005, "log_pop_c": 0.943332, "log_mass_c": 0.791023}, {"country_iso": "DZA", "city_id": 2095, "log_pop": 3.0031, "log_mass": 5.342426, "log_pop_c": -0.683466, "log_mass_c": -0.626315}, {"country_iso": "DZA", "city_id": 1970, "log_pop": 1.846003, "log_mass": 4.271763, "log_pop_c": -1.532669, "log_mass_c": -1.332004}, {"country_iso": "DZA", "city_id": 2293, "log_pop": 2.838325, "log_mass": 5.044466, "log_pop_c": -0.365542, "log_mass_c": -0.42824}, {"country_iso": "DZA", "city_id": 2095, "log_pop": 2.791793, "log_mass": 5.179593, "log_pop_c": -0.894773, "log_mass_c": -0.789148}, {"country_iso": "DZA", "city_id": 2116, "log_pop": 4.226383, "log_mass": 6.13914, "log_pop_c": 0.552707, "log_mass_c": 0.464942}, {"country_iso": "DZA", "city_id": 2274, "log_pop": 3.0423, "log_mass": 5.956423, "log_pop_c": -0.09147, "log_mass_c": 0.094235}, {"country_iso": "DZA", "city_id": 2095, "log_pop": 3.818297, "log_mass": 6.071313, "log_pop_c": 0.131731, "log_mass_c": 0.102572}, {"country_iso": "DZA", "city_id": 2097, "log_pop": 3.460407, "log_mass": 5.699196, "log_pop_c": -0.146022, "log_mass_c": -0.145514}, {"country_iso": "DZA", "city_id": 2084, "log_pop": 2.649001, "log_mass": 5.006486, "log_pop_c": -0.608178, "log_mass_c": -0.561232}, {"country_iso": "DZA", "city_id": 2095, "log_pop": 2.004778, "log_mass": 4.839588, "log_pop_c": -1.681788, "log_mass_c": -1.129154}, {"country_iso": "DZA", "city_id": 2095, "log_pop": 4.182245, "log_mass": 6.569888, "log_pop_c": 0.49568, "log_mass_c": 0.601147}, {"country_iso": "DZA", "city_id": 2413, "log_pop": 3.876994, "log_mass": 6.184501, "log_pop_c": 0.688348, "log_mass_c": 0.679977}, {"country_iso": "DZA", "city_id": 2413, "log_pop": 2.885392, "log_mass": 4.979954, "log_pop_c": -0.303253, "log_mass_c": -0.52457}, {"country_iso": "DZA", "city_id": 2095, "log_pop": 3.171074, "log_mass": 5.600889, "log_pop_c": -0.515491, "log_mass_c": -0.367852}, {"country_iso": "DZA", "city_id": 2230, "log_pop": 3.356524, "log_mass": 5.403455, "log_pop_c": 0.1636, "log_mass_c": -0.180183}, {"country_iso": "DZA", "city_id": 2095, "log_pop": 1.59636, "log_mass": 4.276626, "log_pop_c": -2.090206, "log_mass_c": -1.692115}, {"country_iso": "DZA", "city_id": 2337, "log_pop": 2.637846, "log_mass": 4.788698, "log_pop_c": -0.588105, "log_mass_c": -0.684243}, {"country_iso": "DZA", "city_id": 2089, "log_pop": 4.223868, "log_mass": 6.395298, "log_pop_c": 0.746077, "log_mass_c": 0.658758}, {"country_iso": "DZA", "city_id": 2177, "log_pop": 2.616826, "log_mass": 5.230052, "log_pop_c": -0.55617, "log_mass_c": -0.306842}, {"country_iso": "DZA", "city_id": 2177, "log_pop": 2.754306, "log_mass": 5.565197, "log_pop_c": -0.41869, "log_mass_c": 0.028303}, {"country_iso": "DZA", "city_id": 2377, "log_pop": 2.974627, "log_mass": 5.282822, "log_pop_c": -0.275468, "log_mass_c": -0.21816}, {"country_iso": "DZA", "city_id": 2095, "log_pop": 4.270621, "log_mass": 6.516348, "log_pop_c": 0.584055, "log_mass_c": 0.547607}, {"country_iso": "DZA", "city_id": 2480, "log_pop": 4.471936, "log_mass": 6.50231, "log_pop_c": 1.05686, "log_mass_c": 0.753387}, {"country_iso": "DZA", "city_id": 2095, "log_pop": 3.734156, "log_mass": 5.996091, "log_pop_c": 0.04759, "log_mass_c": 0.02735}, {"country_iso": "DZA", "city_id": 2230, "log_pop": 4.370632, "log_mass": 6.531221, "log_pop_c": 1.177708, "log_mass_c": 0.947583}, {"country_iso": "DZA", "city_id": 2177, "log_pop": 3.941127, "log_mass": 6.022034, "log_pop_c": 0.768131, "log_mass_c": 0.48514}, {"country_iso": "DZA", "city_id": 1769, "log_pop": 2.927015, "log_mass": 5.266524, "log_pop_c": -0.19534, "log_mass_c": -0.243678}, {"country_iso": "DZA", "city_id": 2203, "log_pop": 2.790927, "log_mass": 5.71078, "log_pop_c": -0.350887, "log_mass_c": 0.05512}, {"country_iso": "DZA", "city_id": 2095, "log_pop": 3.906109, "log_mass": 6.246976, "log_pop_c": 0.219544, "log_mass_c": 0.278235}, {"country_iso": "DZA", "city_id": 2480, "log_pop": 3.305393, "log_mass": 5.333601, "log_pop_c": -0.109682, "log_mass_c": -0.415321}, {"country_iso": "DZA", "city_id": 2084, "log_pop": 2.711908, "log_mass": 5.022656, "log_pop_c": -0.545271, "log_mass_c": -0.545062}, {"country_iso": "DZA", "city_id": 1962, "log_pop": 3.451151, "log_mass": 5.676392, "log_pop_c": 0.371204, "log_mass_c": 0.231314}, {"country_iso": "DZA", "city_id": 2089, "log_pop": 3.553957, "log_mass": 5.916668, "log_pop_c": 0.076167, "log_mass_c": 0.180128}, {"country_iso": "DZA", "city_id": 2177, "log_pop": 3.804204, "log_mass": 6.02528, "log_pop_c": 0.631207, "log_mass_c": 0.488387}, {"country_iso": "DZA", "city_id": 2274, "log_pop": 3.738967, "log_mass": 6.343981, "log_pop_c": 0.605197, "log_mass_c": 0.481793}, {"country_iso": "DZA", "city_id": 2413, "log_pop": 2.894755, "log_mass": 5.102867, "log_pop_c": -0.29389, "log_mass_c": -0.401657}, {"country_iso": "DZA", "city_id": 2095, "log_pop": 4.679433, "log_mass": 6.703309, "log_pop_c": 0.992867, "log_mass_c": 0.734568}, {"country_iso": "DZA", "city_id": 2095, "log_pop": 3.811327, "log_mass": 5.91646, "log_pop_c": 0.124761, "log_mass_c": -0.052281}, {"country_iso": "DZA", "city_id": 2089, "log_pop": 4.023571, "log_mass": 6.327646, "log_pop_c": 0.545781, "log_mass_c": 0.591106}, {"country_iso": "DZA", "city_id": 2095, "log_pop": 1.870221, "log_mass": 4.504712, "log_pop_c": -1.816344, "log_mass_c": -1.464029}, {"country_iso": "DZA", "city_id": 2266, "log_pop": 2.502036, "log_mass": 5.025472, "log_pop_c": -0.598875, "log_mass_c": -0.434052}, {"country_iso": "DZA", "city_id": 2095, "log_pop": 1.888807, "log_mass": 4.272611, "log_pop_c": -1.797759, "log_mass_c": -1.69613}, {"country_iso": "DZA", "city_id": 2095, "log_pop": 2.974123, "log_mass": 5.563822, "log_pop_c": -0.712442, "log_mass_c": -0.404919}, {"country_iso": "DZA", "city_id": 2293, "log_pop": 3.717304, "log_mass": 5.999005, "log_pop_c": 0.513438, "log_mass_c": 0.526298}, {"country_iso": "DZA", "city_id": 1894, "log_pop": 4.61884, "log_mass": 6.607662, "log_pop_c": 0.999609, "log_mass_c": 0.844432}, {"country_iso": "DZA", "city_id": 2377, "log_pop": 3.349309, "log_mass": 5.667845, "log_pop_c": 0.099214, "log_mass_c": 0.166863}, {"country_iso": "DZA", "city_id": 2203, "log_pop": 2.952399, "log_mass": 5.334903, "log_pop_c": -0.189415, "log_mass_c": -0.320758}, {"country_iso": "DZA", "city_id": 2301, "log_pop": 3.444815, "log_mass": 5.757511, "log_pop_c": -0.012974, "log_mass_c": 0.007891}, {"country_iso": "DZA", "city_id": 1890, "log_pop": 4.349209, "log_mass": 6.202837, "log_pop_c": 0.575731, "log_mass_c": 0.341715}, {"country_iso": "DZA", "city_id": 1890, "log_pop": 3.295668, "log_mass": 5.293929, "log_pop_c": -0.47781, "log_mass_c": -0.567193}, {"country_iso": "DZA", "city_id": 2377, "log_pop": 4.304158, "log_mass": 6.372781, "log_pop_c": 1.054062, "log_mass_c": 0.871799}, {"country_iso": "DZA", "city_id": 2095, "log_pop": 4.296603, "log_mass": 6.390472, "log_pop_c": 0.610037, "log_mass_c": 0.421731}, {"country_iso": "DZA", "city_id": 1890, "log_pop": 4.440501, "log_mass": 6.321034, "log_pop_c": 0.667024, "log_mass_c": 0.459912}, {"country_iso": "DZA", "city_id": 2116, "log_pop": 3.032919, "log_mass": 5.191644, "log_pop_c": -0.640757, "log_mass_c": -0.482554}, {"country_iso": "DZA", "city_id": 2089, "log_pop": 3.409345, "log_mass": 5.713583, "log_pop_c": -0.068446, "log_mass_c": -0.022957}, {"country_iso": "DZA", "city_id": 2400, "log_pop": 4.004125, "log_mass": 6.330668, "log_pop_c": 0.762748, "log_mass_c": 0.694}, {"country_iso": "DZA", "city_id": 2095, "log_pop": 4.640188, "log_mass": 6.676933, "log_pop_c": 0.953623, "log_mass_c": 0.708192}, {"country_iso": "DZA", "city_id": 2084, "log_pop": 3.637532, "log_mass": 5.968858, "log_pop_c": 0.380353, "log_mass_c": 0.40114}, {"country_iso": "DZA", "city_id": 2480, "log_pop": 4.031282, "log_mass": 6.329998, "log_pop_c": 0.616206, "log_mass_c": 0.581075}, {"country_iso": "DZA", "city_id": 2203, "log_pop": 2.58737, "log_mass": 5.549309, "log_pop_c": -0.554444, "log_mass_c": -0.106352}, {"country_iso": "DZA", "city_id": 2266, "log_pop": 3.322627, "log_mass": 5.636437, "log_pop_c": 0.221716, "log_mass_c": 0.176913}, {"country_iso": "DZA", "city_id": 2213, "log_pop": 0.445351, "log_mass": 3.347333, "log_pop_c": -3.027799, "log_mass_c": -2.48056}, {"country_iso": "DZA", "city_id": 1832, "log_pop": 3.366339, "log_mass": 5.469403, "log_pop_c": 0.557316, "log_mass_c": 0.310262}, {"country_iso": "DZA", "city_id": 2291, "log_pop": 2.767163, "log_mass": 4.953571, "log_pop_c": -0.578661, "log_mass_c": -0.640407}, {"country_iso": "DZA", "city_id": 2097, "log_pop": 3.142685, "log_mass": 5.543312, "log_pop_c": -0.463744, "log_mass_c": -0.301398}, {"country_iso": "DZA", "city_id": 2480, "log_pop": 3.638422, "log_mass": 5.825205, "log_pop_c": 0.223347, "log_mass_c": 0.076282}, {"country_iso": "DZA", "city_id": 2023, "log_pop": 3.884256, "log_mass": 6.189022, "log_pop_c": 0.587476, "log_mass_c": 0.567725}, {"country_iso": "DZA", "city_id": 2095, "log_pop": 4.452193, "log_mass": 6.611363, "log_pop_c": 0.765628, "log_mass_c": 0.642622}, {"country_iso": "DZA", "city_id": 1962, "log_pop": 3.92179, "log_mass": 6.149285, "log_pop_c": 0.841843, "log_mass_c": 0.704208}, {"country_iso": "DZA", "city_id": 2301, "log_pop": 3.392394, "log_mass": 5.72736, "log_pop_c": -0.065395, "log_mass_c": -0.02226}, {"country_iso": "DZA", "city_id": 2301, "log_pop": 2.188456, "log_mass": 4.465961, "log_pop_c": -1.269333, "log_mass_c": -1.283659}, {"country_iso": "DZA", "city_id": 2274, "log_pop": 1.057762, "log_mass": 4.355269, "log_pop_c": -2.076008, "log_mass_c": -1.50692}, {"country_iso": "DZA", "city_id": 1769, "log_pop": 3.916857, "log_mass": 6.168068, "log_pop_c": 0.794502, "log_mass_c": 0.657866}, {"country_iso": "DZA", "city_id": 1894, "log_pop": 4.324738, "log_mass": 6.374831, "log_pop_c": 0.705507, "log_mass_c": 0.611601}, {"country_iso": "DZA", "city_id": 2203, "log_pop": 1.408104, "log_mass": 4.320898, "log_pop_c": -1.73371, "log_mass_c": -1.334763}, {"country_iso": "DZA", "city_id": 2337, "log_pop": 3.813501, "log_mass": 6.021269, "log_pop_c": 0.587549, "log_mass_c": 0.548328}, {"country_iso": "DZA", "city_id": 2095, "log_pop": 3.793284, "log_mass": 5.93538, "log_pop_c": 0.106718, "log_mass_c": -0.033361}, {"country_iso": "DZA", "city_id": 2095, "log_pop": 3.697432, "log_mass": 5.952563, "log_pop_c": 0.010866, "log_mass_c": -0.016179}, {"country_iso": "DZA", "city_id": 2177, "log_pop": 3.214224, "log_mass": 5.77355, "log_pop_c": 0.041227, "log_mass_c": 0.236656}, {"country_iso": "DZA", "city_id": 1962, "log_pop": 1.254855, "log_mass": 4.268346, "log_pop_c": -1.825092, "log_mass_c": -1.176731}, {"country_iso": "DZA", "city_id": 2266, "log_pop": 3.065633, "log_mass": 5.254799, "log_pop_c": -0.035277, "log_mass_c": -0.204725}, {"country_iso": "DZA", "city_id": 2377, "log_pop": 4.110993, "log_mass": 6.282545, "log_pop_c": 0.860897, "log_mass_c": 0.781563}, {"country_iso": "DZA", "city_id": 2089, "log_pop": 1.227705, "log_mass": 3.631812, "log_pop_c": -2.250086, "log_mass_c": -2.104727}, {"country_iso": "DZA", "city_id": 2377, "log_pop": 3.144667, "log_mass": 5.460283, "log_pop_c": -0.105428, "log_mass_c": -0.040699}, {"country_iso": "DZA", "city_id": 2261, "log_pop": 2.435543, "log_mass": 4.938889, "log_pop_c": -0.873598, "log_mass_c": -0.686535}, {"country_iso": "DZA", "city_id": 2377, "log_pop": 0.513514, "log_mass": 3.456545, "log_pop_c": -2.736582, "log_mass_c": -2.044437}, {"country_iso": "DZA", "city_id": 2095, "log_pop": 3.735912, "log_mass": 6.332025, "log_pop_c": 0.049346, "log_mass_c": 0.363284}, {"country_iso": "DZA", "city_id": 2095, "log_pop": 3.551212, "log_mass": 5.936114, "log_pop_c": -0.135353, "log_mass_c": -0.032627}, {"country_iso": "DZA", "city_id": 2095, "log_pop": 4.206387, "log_mass": 6.436848, "log_pop_c": 0.519822, "log_mass_c": 0.468107}, {"country_iso": "DZA", "city_id": 2274, "log_pop": 4.124139, "log_mass": 6.536844, "log_pop_c": 0.990369, "log_mass_c": 0.674655}, {"country_iso": "DZA", "city_id": 2095, "log_pop": 4.147872, "log_mass": 6.392372, "log_pop_c": 0.461306, "log_mass_c": 0.423631}, {"country_iso": "DZA", "city_id": 2097, "log_pop": 4.015916, "log_mass": 6.153467, "log_pop_c": 0.409487, "log_mass_c": 0.308757}, {"country_iso": "DZA", "city_id": 1890, "log_pop": 4.288027, "log_mass": 6.325474, "log_pop_c": 0.514549, "log_mass_c": 0.464352}, {"country_iso": "DZA", "city_id": 2377, "log_pop": 4.087375, "log_mass": 6.204059, "log_pop_c": 0.83728, "log_mass_c": 0.703077}, {"country_iso": "DZA", "city_id": 2377, "log_pop": 4.573571, "log_mass": 6.606203, "log_pop_c": 1.323476, "log_mass_c": 1.105221}, {"country_iso": "DZA", "city_id": 2213, "log_pop": 3.961363, "log_mass": 6.112704, "log_pop_c": 0.488213, "log_mass_c": 0.284811}, {"country_iso": "DZA", "city_id": 1962, "log_pop": 3.378788, "log_mass": 5.633196, "log_pop_c": 0.298841, "log_mass_c": 0.188118}, {"country_iso": "DZA", "city_id": 2089, "log_pop": 3.859166, "log_mass": 6.119775, "log_pop_c": 0.381376, "log_mass_c": 0.383235}, {"country_iso": "DZA", "city_id": 2345, "log_pop": 2.916049, "log_mass": 5.336853, "log_pop_c": -0.249239, "log_mass_c": -0.247234}, {"country_iso": "DZA", "city_id": 2203, "log_pop": 4.379712, "log_mass": 6.647334, "log_pop_c": 1.237898, "log_mass_c": 0.991673}, {"country_iso": "DZA", "city_id": 2088, "log_pop": 3.828755, "log_mass": 5.952615, "log_pop_c": 0.668522, "log_mass_c": 0.44989}, {"country_iso": "DZA", "city_id": 2480, "log_pop": 3.732844, "log_mass": 6.014886, "log_pop_c": 0.317768, "log_mass_c": 0.265963}, {"country_iso": "DZA", "city_id": 2095, "log_pop": 4.555174, "log_mass": 6.540242, "log_pop_c": 0.868608, "log_mass_c": 0.571501}, {"country_iso": "DZA", "city_id": 2301, "log_pop": 4.580219, "log_mass": 6.670717, "log_pop_c": 1.12243, "log_mass_c": 0.921097}, {"country_iso": "DZA", "city_id": 2377, "log_pop": 2.823637, "log_mass": 5.149398, "log_pop_c": -0.426458, "log_mass_c": -0.351584}, {"country_iso": "DZA", "city_id": 2400, "log_pop": 3.598129, "log_mass": 5.926791, "log_pop_c": 0.356753, "log_mass_c": 0.290123}, {"country_iso": "DZA", "city_id": 2095, "log_pop": 3.812443, "log_mass": 6.107031, "log_pop_c": 0.125877, "log_mass_c": 0.13829}, {"country_iso": "DZA", "city_id": 2088, "log_pop": 2.445026, "log_mass": 4.813796, "log_pop_c": -0.715207, "log_mass_c": -0.688929}, {"country_iso": "DZA", "city_id": 2261, "log_pop": 3.68923, "log_mass": 5.946263, "log_pop_c": 0.380088, "log_mass_c": 0.320839}, {"country_iso": "DZA", "city_id": 2345, "log_pop": 3.5558, "log_mass": 5.879815, "log_pop_c": 0.390513, "log_mass_c": 0.295728}, {"country_iso": "DZA", "city_id": 2480, "log_pop": 3.156598, "log_mass": 5.447872, "log_pop_c": -0.258478, "log_mass_c": -0.301051}, {"country_iso": "DZA", "city_id": 2539, "log_pop": 4.300311, "log_mass": 6.438155, "log_pop_c": 1.034566, "log_mass_c": 0.864924}, {"country_iso": "DZA", "city_id": 2089, "log_pop": 3.754655, "log_mass": 5.998545, "log_pop_c": 0.276864, "log_mass_c": 0.262006}, {"country_iso": "DZA", "city_id": 1890, "log_pop": 4.184872, "log_mass": 6.070387, "log_pop_c": 0.411394, "log_mass_c": 0.209264}, {"country_iso": "DZA", "city_id": 2177, "log_pop": 3.694262, "log_mass": 5.870584, "log_pop_c": 0.521265, "log_mass_c": 0.333691}, {"country_iso": "DZA", "city_id": 2088, "log_pop": 3.782705, "log_mass": 5.824686, "log_pop_c": 0.622472, "log_mass_c": 0.32196}, {"country_iso": "DZA", "city_id": 2095, "log_pop": 3.9365, "log_mass": 6.367794, "log_pop_c": 0.249934, "log_mass_c": 0.399053}, {"country_iso": "DZA", "city_id": 2089, "log_pop": 4.527205, "log_mass": 6.666073, "log_pop_c": 1.049414, "log_mass_c": 0.929533}, {"country_iso": "DZA", "city_id": 2088, "log_pop": 1.247491, "log_mass": 4.26361, "log_pop_c": -1.912742, "log_mass_c": -1.239115}, {"country_iso": "DZA", "city_id": 1962, "log_pop": 3.307043, "log_mass": 5.593446, "log_pop_c": 0.227096, "log_mass_c": 0.148369}, {"country_iso": "DZA", "city_id": 2400, "log_pop": 3.067082, "log_mass": 5.58518, "log_pop_c": -0.174294, "log_mass_c": -0.051488}, {"country_iso": "DZA", "city_id": 1890, "log_pop": 4.840727, "log_mass": 6.717389, "log_pop_c": 1.067249, "log_mass_c": 0.856267}, {"country_iso": "DZA", "city_id": 2089, "log_pop": 2.284184, "log_mass": 4.775024, "log_pop_c": -1.193606, "log_mass_c": -0.961516}, {"country_iso": "DZA", "city_id": 2089, "log_pop": 4.504853, "log_mass": 6.635276, "log_pop_c": 1.027063, "log_mass_c": 0.898736}, {"country_iso": "DZA", "city_id": 2377, "log_pop": 2.53282, "log_mass": 4.612727, "log_pop_c": -0.717275, "log_mass_c": -0.888255}, {"country_iso": "DZA", "city_id": 2095, "log_pop": 4.623873, "log_mass": 6.415163, "log_pop_c": 0.937308, "log_mass_c": 0.446422}, {"country_iso": "DZA", "city_id": 2377, "log_pop": 3.588116, "log_mass": 5.746189, "log_pop_c": 0.33802, "log_mass_c": 0.245207}, {"country_iso": "DZA", "city_id": 2095, "log_pop": 4.301079, "log_mass": 6.402143, "log_pop_c": 0.614514, "log_mass_c": 0.433402}, {"country_iso": "DZA", "city_id": 2023, "log_pop": 3.110941, "log_mass": 5.418582, "log_pop_c": -0.185839, "log_mass_c": -0.202714}, {"country_iso": "DZA", "city_id": 2400, "log_pop": 1.176233, "log_mass": 3.714179, "log_pop_c": -2.065144, "log_mass_c": -1.92249}, {"country_iso": "DZA", "city_id": 2095, "log_pop": 3.980931, "log_mass": 5.973861, "log_pop_c": 0.294365, "log_mass_c": 0.00512}, {"country_iso": "DZA", "city_id": 2261, "log_pop": 0.40433, "log_mass": 3.010803, "log_pop_c": -2.904812, "log_mass_c": -2.61462}, {"country_iso": "DZA", "city_id": 2095, "log_pop": 3.590388, "log_mass": 5.89086, "log_pop_c": -0.096177, "log_mass_c": -0.077881}, {"country_iso": "DZA", "city_id": 2095, "log_pop": 4.32371, "log_mass": 6.472159, "log_pop_c": 0.637144, "log_mass_c": 0.503417}, {"country_iso": "DZA", "city_id": 2301, "log_pop": 1.748025, "log_mass": 4.318552, "log_pop_c": -1.709763, "log_mass_c": -1.431068}, {"country_iso": "DZA", "city_id": 2095, "log_pop": 4.084942, "log_mass": 6.22466, "log_pop_c": 0.398377, "log_mass_c": 0.255919}, {"country_iso": "DZA", "city_id": 2213, "log_pop": 2.28045, "log_mass": 5.179259, "log_pop_c": -1.1927, "log_mass_c": -0.648634}, {"country_iso": "DZA", "city_id": 2400, "log_pop": 3.919963, "log_mass": 6.14074, "log_pop_c": 0.678586, "log_mass_c": 0.504072}, {"country_iso": "DZA", "city_id": 2095, "log_pop": 3.204065, "log_mass": 6.089879, "log_pop_c": -0.482501, "log_mass_c": 0.121138}, {"country_iso": "DZA", "city_id": 2337, "log_pop": 3.50798, "log_mass": 5.7017, "log_pop_c": 0.282028, "log_mass_c": 0.228759}, {"country_iso": "DZA", "city_id": 2095, "log_pop": 3.968042, "log_mass": 6.450373, "log_pop_c": 0.281476, "log_mass_c": 0.481631}, {"country_iso": "DZA", "city_id": 2400, "log_pop": 3.710804, "log_mass": 6.005905, "log_pop_c": 0.469428, "log_mass_c": 0.369237}, {"country_iso": "DZA", "city_id": 2203, "log_pop": 2.207207, "log_mass": 4.844165, "log_pop_c": -0.934607, "log_mass_c": -0.811495}, {"country_iso": "DZA", "city_id": 1894, "log_pop": 4.380143, "log_mass": 6.429394, "log_pop_c": 0.760911, "log_mass_c": 0.666164}, {"country_iso": "DZA", "city_id": 2095, "log_pop": 4.425569, "log_mass": 6.464984, "log_pop_c": 0.739003, "log_mass_c": 0.496243}, {"country_iso": "DZA", "city_id": 2095, "log_pop": 4.823247, "log_mass": 6.826397, "log_pop_c": 1.136682, "log_mass_c": 0.857656}, {"country_iso": "DZA", "city_id": 2413, "log_pop": 2.720456, "log_mass": 5.244621, "log_pop_c": -0.468189, "log_mass_c": -0.259903}, {"country_iso": "DZA", "city_id": 2095, "log_pop": 3.15106, "log_mass": 5.498391, "log_pop_c": -0.535505, "log_mass_c": -0.47035}, {"country_iso": "DZA", "city_id": 2095, "log_pop": 4.743581, "log_mass": 6.72212, "log_pop_c": 1.057016, "log_mass_c": 0.753379}, {"country_iso": "DZA", "city_id": 2434, "log_pop": 3.106885, "log_mass": 5.634528, "log_pop_c": -0.235605, "log_mass_c": -0.021582}, {"country_iso": "DZA", "city_id": 2377, "log_pop": 3.545666, "log_mass": 5.631278, "log_pop_c": 0.295571, "log_mass_c": 0.130296}, {"country_iso": "DZA", "city_id": 2095, "log_pop": 4.50802, "log_mass": 6.515157, "log_pop_c": 0.821454, "log_mass_c": 0.546416}, {"country_iso": "DZA", "city_id": 2274, "log_pop": 3.813227, "log_mass": 6.487342, "log_pop_c": 0.679457, "log_mass_c": 0.625154}, {"country_iso": "DZA", "city_id": 2095, "log_pop": 3.652404, "log_mass": 6.186191, "log_pop_c": -0.034162, "log_mass_c": 0.21745}, {"country_iso": "DZA", "city_id": 2024, "log_pop": 4.571607, "log_mass": 6.611327, "log_pop_c": 1.235161, "log_mass_c": 1.014334}, {"country_iso": "DZA", "city_id": 2413, "log_pop": 4.138399, "log_mass": 6.328054, "log_pop_c": 0.949753, "log_mass_c": 0.82353}, {"country_iso": "DZA", "city_id": 2413, "log_pop": 3.439841, "log_mass": 5.534945, "log_pop_c": 0.251196, "log_mass_c": 0.030421}, {"country_iso": "DZA", "city_id": 2095, "log_pop": 3.703017, "log_mass": 5.835439, "log_pop_c": 0.016451, "log_mass_c": -0.133302}, {"country_iso": "DZA", "city_id": 2095, "log_pop": 4.53436, "log_mass": 6.533474, "log_pop_c": 0.847795, "log_mass_c": 0.564733}, {"country_iso": "DZA", "city_id": 2293, "log_pop": 3.108929, "log_mass": 5.367502, "log_pop_c": -0.094937, "log_mass_c": -0.105205}, {"country_iso": "DZA", "city_id": 2480, "log_pop": 1.827421, "log_mass": 4.447544, "log_pop_c": -1.587655, "log_mass_c": -1.301378}, {"country_iso": "DZA", "city_id": 2345, "log_pop": 0.465174, "log_mass": 4.065302, "log_pop_c": -2.700113, "log_mass_c": -1.518785}, {"country_iso": "DZA", "city_id": 2203, "log_pop": 2.703819, "log_mass": 5.004557, "log_pop_c": -0.437995, "log_mass_c": -0.651103}, {"country_iso": "DZA", "city_id": 2095, "log_pop": 3.368241, "log_mass": 5.845947, "log_pop_c": -0.318324, "log_mass_c": -0.122794}, {"country_iso": "DZA", "city_id": 2095, "log_pop": 4.016378, "log_mass": 6.321543, "log_pop_c": 0.329812, "log_mass_c": 0.352802}, {"country_iso": "DZA", "city_id": 2095, "log_pop": 4.398846, "log_mass": 6.301196, "log_pop_c": 0.712281, "log_mass_c": 0.332455}, {"country_iso": "DZA", "city_id": 2095, "log_pop": 3.876314, "log_mass": 6.046499, "log_pop_c": 0.189749, "log_mass_c": 0.077758}, {"country_iso": "DZA", "city_id": 2261, "log_pop": 4.394741, "log_mass": 6.633557, "log_pop_c": 1.0856, "log_mass_c": 1.008133}, {"country_iso": "DZA", "city_id": 1890, "log_pop": 2.609727, "log_mass": 4.981272, "log_pop_c": -1.163751, "log_mass_c": -0.87985}, {"country_iso": "DZA", "city_id": 2095, "log_pop": 3.514335, "log_mass": 5.869745, "log_pop_c": -0.172231, "log_mass_c": -0.098996}, {"country_iso": "DZA", "city_id": 2084, "log_pop": 4.000184, "log_mass": 6.176932, "log_pop_c": 0.743006, "log_mass_c": 0.609214}, {"country_iso": "DZA", "city_id": 2337, "log_pop": 1.737648, "log_mass": 4.434927, "log_pop_c": -1.488303, "log_mass_c": -1.038014}, {"country_iso": "DZA", "city_id": 2097, "log_pop": 4.334185, "log_mass": 6.438448, "log_pop_c": 0.727756, "log_mass_c": 0.593738}, {"country_iso": "DZA", "city_id": 2301, "log_pop": 2.86775, "log_mass": 5.228173, "log_pop_c": -0.590038, "log_mass_c": -0.521447}, {"country_iso": "DZA", "city_id": 2095, "log_pop": 2.49458, "log_mass": 5.062449, "log_pop_c": -1.191986, "log_mass_c": -0.906292}, {"country_iso": "DZA", "city_id": 2177, "log_pop": 3.138027, "log_mass": 5.406424, "log_pop_c": -0.034969, "log_mass_c": -0.13047}, {"country_iso": "DZA", "city_id": 2230, "log_pop": 3.541891, "log_mass": 5.803417, "log_pop_c": 0.348967, "log_mass_c": 0.219779}, {"country_iso": "DZA", "city_id": 2095, "log_pop": 3.563339, "log_mass": 5.947968, "log_pop_c": -0.123227, "log_mass_c": -0.020773}, {"country_iso": "DZA", "city_id": 1890, "log_pop": 4.270652, "log_mass": 6.400416, "log_pop_c": 0.497174, "log_mass_c": 0.539294}, {"country_iso": "DZA", "city_id": 2291, "log_pop": 3.246718, "log_mass": 5.512988, "log_pop_c": -0.099105, "log_mass_c": -0.080989}, {"country_iso": "DZA", "city_id": 2095, "log_pop": 1.761592, "log_mass": 4.527676, "log_pop_c": -1.924974, "log_mass_c": -1.441065}, {"country_iso": "DZA", "city_id": 2293, "log_pop": 2.238875, "log_mass": 4.706534, "log_pop_c": -0.964991, "log_mass_c": -0.766172}, {"country_iso": "DZA", "city_id": 2480, "log_pop": 3.396562, "log_mass": 6.106509, "log_pop_c": -0.018514, "log_mass_c": 0.357586}, {"country_iso": "DZA", "city_id": 2261, "log_pop": 3.770497, "log_mass": 6.017964, "log_pop_c": 0.461356, "log_mass_c": 0.39254}, {"country_iso": "DZA", "city_id": 2095, "log_pop": 4.169644, "log_mass": 6.53776, "log_pop_c": 0.483078, "log_mass_c": 0.569019}, {"country_iso": "DZA", "city_id": 2084, "log_pop": 3.846117, "log_mass": 6.033683, "log_pop_c": 0.588938, "log_mass_c": 0.465965}, {"country_iso": "DZA", "city_id": 2400, "log_pop": 3.200772, "log_mass": 5.61661, "log_pop_c": -0.040605, "log_mass_c": -0.020058}, {"country_iso": "DZA", "city_id": 2400, "log_pop": 2.870577, "log_mass": 5.203624, "log_pop_c": -0.370799, "log_mass_c": -0.433044}, {"country_iso": "DZA", "city_id": 2230, "log_pop": 1.557141, "log_mass": 4.320548, "log_pop_c": -1.635784, "log_mass_c": -1.26309}, {"country_iso": "DZA", "city_id": 2095, "log_pop": 3.365313, "log_mass": 5.747458, "log_pop_c": -0.321253, "log_mass_c": -0.221283}, {"country_iso": "DZA", "city_id": 1832, "log_pop": 0.892481, "log_mass": 3.103363, "log_pop_c": -1.916542, "log_mass_c": -2.055778}, {"country_iso": "DZA", "city_id": 2095, "log_pop": 3.341171, "log_mass": 5.611308, "log_pop_c": -0.345394, "log_mass_c": -0.357433}, {"country_iso": "DZA", "city_id": 2261, "log_pop": 3.367522, "log_mass": 5.688247, "log_pop_c": 0.05838, "log_mass_c": 0.062824}, {"country_iso": "DZA", "city_id": 1890, "log_pop": 4.193857, "log_mass": 6.481004, "log_pop_c": 0.420379, "log_mass_c": 0.619881}, {"country_iso": "DZA", "city_id": 2293, "log_pop": 3.376512, "log_mass": 5.614977, "log_pop_c": 0.172645, "log_mass_c": 0.14227}, {"country_iso": "DZA", "city_id": 2377, "log_pop": 3.977624, "log_mass": 6.091454, "log_pop_c": 0.727529, "log_mass_c": 0.590472}, {"country_iso": "DZA", "city_id": 2203, "log_pop": 3.860231, "log_mass": 6.430445, "log_pop_c": 0.718417, "log_mass_c": 0.774784}, {"country_iso": "DZA", "city_id": 2116, "log_pop": 3.49512, "log_mass": 5.630518, "log_pop_c": -0.178556, "log_mass_c": -0.04368}, {"country_iso": "DZA", "city_id": 2097, "log_pop": 3.813264, "log_mass": 5.948908, "log_pop_c": 0.206835, "log_mass_c": 0.104198}, {"country_iso": "DZA", "city_id": 2089, "log_pop": 3.008609, "log_mass": 5.307576, "log_pop_c": -0.469182, "log_mass_c": -0.428964}, {"country_iso": "DZA", "city_id": 2023, "log_pop": 1.946167, "log_mass": 4.308025, "log_pop_c": -1.350614, "log_mass_c": -1.313271}, {"country_iso": "DZA", "city_id": 1970, "log_pop": 2.540445, "log_mass": 5.24184, "log_pop_c": -0.838227, "log_mass_c": -0.361927}, {"country_iso": "DZA", "city_id": 2095, "log_pop": 2.86862, "log_mass": 5.101226, "log_pop_c": -0.817945, "log_mass_c": -0.867515}, {"country_iso": "DZA", "city_id": 2095, "log_pop": 3.94251, "log_mass": 6.230608, "log_pop_c": 0.255945, "log_mass_c": 0.261867}, {"country_iso": "DZA", "city_id": 2213, "log_pop": 3.835354, "log_mass": 6.044928, "log_pop_c": 0.362204, "log_mass_c": 0.217035}, {"country_iso": "DZA", "city_id": 2413, "log_pop": 0.996166, "log_mass": 3.607109, "log_pop_c": -2.19248, "log_mass_c": -1.897415}, {"country_iso": "DZA", "city_id": 2024, "log_pop": 3.470691, "log_mass": 5.674671, "log_pop_c": 0.134246, "log_mass_c": 0.077677}, {"country_iso": "DZA", "city_id": 2377, "log_pop": 4.176143, "log_mass": 6.298805, "log_pop_c": 0.926047, "log_mass_c": 0.797823}, {"country_iso": "DZA", "city_id": 2400, "log_pop": 4.163847, "log_mass": 6.330661, "log_pop_c": 0.92247, "log_mass_c": 0.693992}, {"country_iso": "DZA", "city_id": 2230, "log_pop": 2.065037, "log_mass": 4.920444, "log_pop_c": -1.127887, "log_mass_c": -0.663194}, {"country_iso": "DZA", "city_id": 2203, "log_pop": 4.488802, "log_mass": 6.670725, "log_pop_c": 1.346988, "log_mass_c": 1.015065}, {"country_iso": "DZA", "city_id": 2023, "log_pop": 1.646227, "log_mass": 4.138295, "log_pop_c": -1.650554, "log_mass_c": -1.483002}, {"country_iso": "DZA", "city_id": 1769, "log_pop": 1.80268, "log_mass": 4.254091, "log_pop_c": -1.319675, "log_mass_c": -1.256111}, {"country_iso": "DZA", "city_id": 2480, "log_pop": 1.760881, "log_mass": 4.471833, "log_pop_c": -1.654195, "log_mass_c": -1.27709}, {"country_iso": "DZA", "city_id": 2023, "log_pop": 4.246182, "log_mass": 6.511372, "log_pop_c": 0.949401, "log_mass_c": 0.890076}, {"country_iso": "DZA", "city_id": 2095, "log_pop": 3.082288, "log_mass": 5.512382, "log_pop_c": -0.604277, "log_mass_c": -0.456359}, {"country_iso": "DZA", "city_id": 2337, "log_pop": 4.208601, "log_mass": 6.326433, "log_pop_c": 0.98265, "log_mass_c": 0.853492}, {"country_iso": "DZA", "city_id": 1769, "log_pop": 3.008106, "log_mass": 5.536241, "log_pop_c": -0.114249, "log_mass_c": 0.02604}, {"country_iso": "DZA", "city_id": 1832, "log_pop": 2.119103, "log_mass": 4.289261, "log_pop_c": -0.68992, "log_mass_c": -0.86988}, {"country_iso": "DZA", "city_id": 2084, "log_pop": 3.937337, "log_mass": 6.158538, "log_pop_c": 0.680158, "log_mass_c": 0.590819}, {"country_iso": "DZA", "city_id": 2097, "log_pop": 2.906583, "log_mass": 5.24444, "log_pop_c": -0.699846, "log_mass_c": -0.600271}, {"country_iso": "DZA", "city_id": 2213, "log_pop": 3.389387, "log_mass": 5.854897, "log_pop_c": -0.083763, "log_mass_c": 0.027004}, {"country_iso": "DZA", "city_id": 2413, "log_pop": 2.477609, "log_mass": 4.730227, "log_pop_c": -0.711036, "log_mass_c": -0.774297}, {"country_iso": "DZA", "city_id": 2089, "log_pop": 1.56555, "log_mass": 3.90088, "log_pop_c": -1.912241, "log_mass_c": -1.83566}, {"country_iso": "DZA", "city_id": 2095, "log_pop": 2.907736, "log_mass": 5.377366, "log_pop_c": -0.778829, "log_mass_c": -0.591375}, {"country_iso": "DZA", "city_id": 2116, "log_pop": 4.563763, "log_mass": 6.458995, "log_pop_c": 0.890087, "log_mass_c": 0.784796}, {"country_iso": "DZA", "city_id": 2508, "log_pop": 3.401847, "log_mass": 5.500501, "log_pop_c": 0.030061, "log_mass_c": 0.037817}, {"country_iso": "DZA", "city_id": 1962, "log_pop": 1.104042, "log_mass": 3.568268, "log_pop_c": -1.975905, "log_mass_c": -1.876809}, {"country_iso": "DZA", "city_id": 2095, "log_pop": 3.969451, "log_mass": 5.74068, "log_pop_c": 0.282885, "log_mass_c": -0.228061}, {"country_iso": "DZA", "city_id": 2480, "log_pop": 1.972641, "log_mass": 5.301673, "log_pop_c": -1.442434, "log_mass_c": -0.44725}, {"country_iso": "DZA", "city_id": 2480, "log_pop": 4.012056, "log_mass": 6.044122, "log_pop_c": 0.596981, "log_mass_c": 0.295199}, {"country_iso": "DZA", "city_id": 2095, "log_pop": 2.914333, "log_mass": 5.5392, "log_pop_c": -0.772233, "log_mass_c": -0.429541}, {"country_iso": "DZA", "city_id": 2095, "log_pop": 3.899096, "log_mass": 6.373859, "log_pop_c": 0.212531, "log_mass_c": 0.405118}, {"country_iso": "DZA", "city_id": 2089, "log_pop": 4.257069, "log_mass": 6.45473, "log_pop_c": 0.779278, "log_mass_c": 0.71819}, {"country_iso": "DZA", "city_id": 2084, "log_pop": 3.689725, "log_mass": 6.124121, "log_pop_c": 0.432546, "log_mass_c": 0.556403}, {"country_iso": "DZA", "city_id": 2261, "log_pop": 2.23679, "log_mass": 4.507815, "log_pop_c": -1.072351, "log_mass_c": -1.117609}, {"country_iso": "DZA", "city_id": 2400, "log_pop": 3.582015, "log_mass": 5.985567, "log_pop_c": 0.340639, "log_mass_c": 0.348898}, {"country_iso": "DZA", "city_id": 2266, "log_pop": 3.94117, "log_mass": 6.214378, "log_pop_c": 0.840259, "log_mass_c": 0.754854}, {"country_iso": "DZA", "city_id": 1894, "log_pop": 3.593125, "log_mass": 5.699653, "log_pop_c": -0.026107, "log_mass_c": -0.063577}, {"country_iso": "DZA", "city_id": 2291, "log_pop": 4.55285, "log_mass": 6.621367, "log_pop_c": 1.207027, "log_mass_c": 1.02739}, {"country_iso": "DZA", "city_id": 2400, "log_pop": 3.56215, "log_mass": 5.922238, "log_pop_c": 0.320774, "log_mass_c": 0.285569}, {"country_iso": "DZA", "city_id": 1832, "log_pop": 0.077023, "log_mass": 3.21921, "log_pop_c": -2.732, "log_mass_c": -1.93993}, {"country_iso": "DZA", "city_id": 2095, "log_pop": 3.699246, "log_mass": 5.930132, "log_pop_c": 0.01268, "log_mass_c": -0.03861}, {"country_iso": "DZA", "city_id": 2291, "log_pop": 2.552679, "log_mass": 4.755488, "log_pop_c": -0.793145, "log_mass_c": -0.838489}, {"country_iso": "DZA", "city_id": 1890, "log_pop": 3.986547, "log_mass": 6.088051, "log_pop_c": 0.21307, "log_mass_c": 0.226929}, {"country_iso": "DZA", "city_id": 2084, "log_pop": 3.528557, "log_mass": 5.533273, "log_pop_c": 0.271378, "log_mass_c": -0.034445}, {"country_iso": "DZA", "city_id": 2097, "log_pop": 3.492287, "log_mass": 5.718094, "log_pop_c": -0.114142, "log_mass_c": -0.126617}, {"country_iso": "DZA", "city_id": 2337, "log_pop": 3.121614, "log_mass": 5.675574, "log_pop_c": -0.104338, "log_mass_c": 0.202633}, {"country_iso": "DZA", "city_id": 2377, "log_pop": 2.472266, "log_mass": 4.947052, "log_pop_c": -0.777829, "log_mass_c": -0.55393}, {"country_iso": "DZA", "city_id": 2480, "log_pop": 2.270159, "log_mass": 4.333775, "log_pop_c": -1.144917, "log_mass_c": -1.415148}, {"country_iso": "DZA", "city_id": 2274, "log_pop": 3.394163, "log_mass": 5.836912, "log_pop_c": 0.260393, "log_mass_c": -0.025276}, {"country_iso": "DZA", "city_id": 1890, "log_pop": 3.405137, "log_mass": 5.435155, "log_pop_c": -0.368341, "log_mass_c": -0.425968}, {"country_iso": "DZA", "city_id": 2508, "log_pop": 4.530608, "log_mass": 6.485447, "log_pop_c": 1.158822, "log_mass_c": 1.022762}, {"country_iso": "DZA", "city_id": 2291, "log_pop": 4.405622, "log_mass": 6.439828, "log_pop_c": 1.059798, "log_mass_c": 0.84585}, {"country_iso": "DZA", "city_id": 2345, "log_pop": 2.940157, "log_mass": 5.280553, "log_pop_c": -0.225131, "log_mass_c": -0.303535}, {"country_iso": "DZA", "city_id": 2095, "log_pop": 4.014757, "log_mass": 6.288876, "log_pop_c": 0.328192, "log_mass_c": 0.320135}, {"country_iso": "DZA", "city_id": 1832, "log_pop": 4.036775, "log_mass": 6.163852, "log_pop_c": 1.227752, "log_mass_c": 1.004711}, {"country_iso": "DZA", "city_id": 2434, "log_pop": 4.42141, "log_mass": 6.472051, "log_pop_c": 1.07892, "log_mass_c": 0.815941}, {"country_iso": "DZA", "city_id": 2177, "log_pop": 4.224811, "log_mass": 6.344745, "log_pop_c": 1.051814, "log_mass_c": 0.807851}, {"country_iso": "DZA", "city_id": 2400, "log_pop": 4.462781, "log_mass": 6.648494, "log_pop_c": 1.221405, "log_mass_c": 1.011826}, {"country_iso": "DZA", "city_id": 2095, "log_pop": 2.602036, "log_mass": 5.132977, "log_pop_c": -1.08453, "log_mass_c": -0.835764}, {"country_iso": "DZA", "city_id": 2089, "log_pop": 3.61665, "log_mass": 5.911126, "log_pop_c": 0.13886, "log_mass_c": 0.174586}, {"country_iso": "DZA", "city_id": 2095, "log_pop": 3.778035, "log_mass": 5.988612, "log_pop_c": 0.091469, "log_mass_c": 0.019871}, {"country_iso": "DZA", "city_id": 2095, "log_pop": 4.300429, "log_mass": 6.499684, "log_pop_c": 0.613864, "log_mass_c": 0.530943}, {"country_iso": "DZA", "city_id": 2266, "log_pop": 1.215459, "log_mass": 3.890754, "log_pop_c": -1.885452, "log_mass_c": -1.56877}, {"country_iso": "DZA", "city_id": 2095, "log_pop": 3.328376, "log_mass": 5.768849, "log_pop_c": -0.35819, "log_mass_c": -0.199892}, {"country_iso": "DZA", "city_id": 2203, "log_pop": 3.997945, "log_mass": 6.265919, "log_pop_c": 0.856131, "log_mass_c": 0.610259}, {"country_iso": "DZA", "city_id": 2095, "log_pop": 3.799059, "log_mass": 5.969237, "log_pop_c": 0.112493, "log_mass_c": 0.000495}, {"country_iso": "DZA", "city_id": 2291, "log_pop": 3.832689, "log_mass": 6.030181, "log_pop_c": 0.486865, "log_mass_c": 0.436203}, {"country_iso": "DZA", "city_id": 2291, "log_pop": 2.733928, "log_mass": 5.12274, "log_pop_c": -0.611896, "log_mass_c": -0.471237}, {"country_iso": "DZA", "city_id": 2089, "log_pop": 3.838426, "log_mass": 6.104498, "log_pop_c": 0.360636, "log_mass_c": 0.367958}, {"country_iso": "DZA", "city_id": 2266, "log_pop": 4.451079, "log_mass": 6.609834, "log_pop_c": 1.350168, "log_mass_c": 1.15031}, {"country_iso": "DZA", "city_id": 2337, "log_pop": 3.221594, "log_mass": 5.365969, "log_pop_c": -0.004358, "log_mass_c": -0.106972}, {"country_iso": "DZA", "city_id": 1769, "log_pop": 4.089896, "log_mass": 6.33989, "log_pop_c": 0.967541, "log_mass_c": 0.829688}, {"country_iso": "DZA", "city_id": 2480, "log_pop": 3.783153, "log_mass": 5.814316, "log_pop_c": 0.368078, "log_mass_c": 0.065393}, {"country_iso": "DZA", "city_id": 2261, "log_pop": 3.885833, "log_mass": 6.23766, "log_pop_c": 0.576691, "log_mass_c": 0.612237}, {"country_iso": "DZA", "city_id": 2095, "log_pop": 4.642499, "log_mass": 6.590117, "log_pop_c": 0.955933, "log_mass_c": 0.621376}, {"country_iso": "DZA", "city_id": 1970, "log_pop": 3.449173, "log_mass": 5.620507, "log_pop_c": 0.070501, "log_mass_c": 0.01674}, {"country_iso": "DZA", "city_id": 2434, "log_pop": 1.993253, "log_mass": 4.802156, "log_pop_c": -1.349238, "log_mass_c": -0.853954}, {"country_iso": "DZA", "city_id": 2480, "log_pop": 2.964452, "log_mass": 5.17924, "log_pop_c": -0.450623, "log_mass_c": -0.569683}, {"country_iso": "DZA", "city_id": 2084, "log_pop": 3.826061, "log_mass": 6.014594, "log_pop_c": 0.568882, "log_mass_c": 0.446876}, {"country_iso": "DZA", "city_id": 2095, "log_pop": 3.484397, "log_mass": 5.960113, "log_pop_c": -0.202169, "log_mass_c": -0.008628}, {"country_iso": "DZA", "city_id": 2089, "log_pop": 4.134414, "log_mass": 6.031005, "log_pop_c": 0.656624, "log_mass_c": 0.294465}, {"country_iso": "DZA", "city_id": 2413, "log_pop": 4.237876, "log_mass": 6.451541, "log_pop_c": 1.04923, "log_mass_c": 0.947017}, {"country_iso": "DZA", "city_id": 2377, "log_pop": 2.427218, "log_mass": 5.118387, "log_pop_c": -0.822878, "log_mass_c": -0.382595}, {"country_iso": "DZA", "city_id": 2213, "log_pop": 4.374035, "log_mass": 6.469667, "log_pop_c": 0.900885, "log_mass_c": 0.641774}, {"country_iso": "DZA", "city_id": 2345, "log_pop": 3.930561, "log_mass": 6.095738, "log_pop_c": 0.765273, "log_mass_c": 0.51165}, {"country_iso": "DZA", "city_id": 1962, "log_pop": 4.220476, "log_mass": 6.360307, "log_pop_c": 1.140529, "log_mass_c": 0.915229}, {"country_iso": "DZA", "city_id": 2095, "log_pop": 3.947524, "log_mass": 5.964929, "log_pop_c": 0.260958, "log_mass_c": -0.003812}, {"country_iso": "DZA", "city_id": 2023, "log_pop": 2.545082, "log_mass": 4.768484, "log_pop_c": -0.751699, "log_mass_c": -0.852813}, {"country_iso": "DZA", "city_id": 2095, "log_pop": 4.267094, "log_mass": 6.251441, "log_pop_c": 0.580529, "log_mass_c": 0.2827}, {"country_iso": "DZA", "city_id": 1890, "log_pop": 4.572399, "log_mass": 6.47697, "log_pop_c": 0.798921, "log_mass_c": 0.615848}, {"country_iso": "DZA", "city_id": 2413, "log_pop": 3.083215, "log_mass": 5.434239, "log_pop_c": -0.105431, "log_mass_c": -0.070285}, {"country_iso": "DZA", "city_id": 1890, "log_pop": 3.552562, "log_mass": 6.084834, "log_pop_c": -0.220916, "log_mass_c": 0.223711}, {"country_iso": "DZA", "city_id": 2480, "log_pop": 4.550979, "log_mass": 6.594702, "log_pop_c": 1.135903, "log_mass_c": 0.845779}, {"country_iso": "DZA", "city_id": 2539, "log_pop": 1.441956, "log_mass": 4.153106, "log_pop_c": -1.823789, "log_mass_c": -1.420125}, {"country_iso": "DZA", "city_id": 2095, "log_pop": 1.630674, "log_mass": 4.43424, "log_pop_c": -2.055892, "log_mass_c": -1.534501}, {"country_iso": "DZA", "city_id": 2480, "log_pop": 2.695878, "log_mass": 5.156781, "log_pop_c": -0.719198, "log_mass_c": -0.592142}, {"country_iso": "DZA", "city_id": 1890, "log_pop": 4.886324, "log_mass": 6.780526, "log_pop_c": 1.112846, "log_mass_c": 0.919404}, {"country_iso": "DZA", "city_id": 2095, "log_pop": 4.88089, "log_mass": 6.846411, "log_pop_c": 1.194325, "log_mass_c": 0.87767}, {"country_iso": "DZA", "city_id": 1832, "log_pop": 3.98337, "log_mass": 6.102136, "log_pop_c": 1.174347, "log_mass_c": 0.942996}, {"country_iso": "DZA", "city_id": 2095, "log_pop": 3.745222, "log_mass": 6.108479, "log_pop_c": 0.058657, "log_mass_c": 0.139738}, {"country_iso": "DZA", "city_id": 1890, "log_pop": 2.797331, "log_mass": 5.5018, "log_pop_c": -0.976146, "log_mass_c": -0.359323}, {"country_iso": "DZA", "city_id": 1894, "log_pop": 3.944244, "log_mass": 6.197663, "log_pop_c": 0.325012, "log_mass_c": 0.434433}, {"country_iso": "DZA", "city_id": 2095, "log_pop": 4.070164, "log_mass": 6.468917, "log_pop_c": 0.383599, "log_mass_c": 0.500176}, {"country_iso": "DZA", "city_id": 2377, "log_pop": 3.15762, "log_mass": 5.300422, "log_pop_c": -0.092476, "log_mass_c": -0.20056}, {"country_iso": "DZA", "city_id": 1894, "log_pop": 3.041885, "log_mass": 5.14404, "log_pop_c": -0.577347, "log_mass_c": -0.61919}]