[{"country_iso":"CZE","city_id":2927,"log_pop":3.4130330968,"log_mass":5.919273057},{"country_iso":"CZE","city_id":2927,"log_pop":3.8517407066,"log_mass":6.2599483369},{"country_iso":"CZE","city_id":2927,"log_pop":3.7786879329,"log_mass":6.1618558569},{"country_iso":"CZE","city_id":2927,"log_pop":3.9554310756,"log_mass":6.4069216991},{"country_iso":"CZE","city_id":2927,"log_pop":4.1222253745,"log_mass":6.4850042019},{"country_iso":"CZE","city_id":2927,"log_pop":2.9215905901,"log_mass":5.4075805601},{"country_iso":"CZE","city_id":2927,"log_pop":3.5968055822,"log_mass":6.0660390232},{"country_iso":"CZE","city_id":2927,"log_pop":4.0501710241,"log_mass":6.5731165142},{"country_iso":"CZE","city_id":2927,"log_pop":3.0829806536,"log_mass":5.6037762421},{"country_iso":"CZE","city_id":2927,"log_pop":4.2004737552,"log_mass":6.7350223193},{"country_iso":"CZE","city_id":2927,"log_pop":3.9902434305,"log_mass":6.5512251013},{"country_iso":"CZE","city_id":2927,"log_pop":3.8207551763,"log_mass":6.2635813182},{"country_iso":"CZE","city_id":2927,"log_pop":3.9115313868,"log_mass":6.4457479295},{"country_iso":"CZE","city_id":2927,"log_pop":4.2067241025,"log_mass":6.6401871181},{"country_iso":"CZE","city_id":2927,"log_pop":4.0056031351,"log_mass":6.4164676991},{"country_iso":"CZE","city_id":2927,"log_pop":4.2419572617,"log_mass":6.8110098153},{"country_iso":"CZE","city_id":2927,"log_pop":3.9775549213,"log_mass":6.4696732623},{"country_iso":"CZE","city_id":2927,"log_pop":4.2098784919,"log_mass":6.6840232274},{"country_iso":"CZE","city_id":2927,"log_pop":3.6551924729,"log_mass":6.025041486},{"country_iso":"CZE","city_id":2927,"log_pop":3.2900874828,"log_mass":5.7923418582},{"country_iso":"CZE","city_id":2927,"log_pop":4.2009726358,"log_mass":6.9844508253},{"country_iso":"CZE","city_id":2927,"log_pop":4.2149462227,"log_mass":6.7610865096},{"country_iso":"CZE","city_id":2927,"log_pop":4.2175741776,"log_mass":7.0568536578},{"country_iso":"CZE","city_id":2927,"log_pop":4.2564096349,"log_mass":6.9511206574},{"country_iso":"CZE","city_id":2927,"log_pop":4.0285008636,"log_mass":6.7005648084},{"country_iso":"CZE","city_id":2927,"log_pop":4.1452276946,"log_mass":6.8236034325},{"country_iso":"CZE","city_id":2927,"log_pop":4.0683070725,"log_mass":6.8616455186},{"country_iso":"CZE","city_id":2927,"log_pop":3.1841864077,"log_mass":5.6413199361},{"country_iso":"CZE","city_id":2927,"log_pop":0.9465603356,"log_mass":3.9269036395},{"country_iso":"CZE","city_id":2927,"log_pop":2.8627882626,"log_mass":5.3483986755},{"country_iso":"CZE","city_id":2927,"log_pop":3.9799496088,"log_mass":6.5726988999},{"country_iso":"CZE","city_id":2927,"log_pop":3.6696097112,"log_mass":6.2703059106},{"country_iso":"CZE","city_id":2927,"log_pop":3.6558029037,"log_mass":6.2730696197},{"country_iso":"CZE","city_id":2927,"log_pop":3.2347116726,"log_mass":5.7856213067},{"country_iso":"CZE","city_id":2927,"log_pop":3.2803338675,"log_mass":5.6889530748},{"country_iso":"CZE","city_id":2927,"log_pop":3.0316571518,"log_mass":5.8635150245},{"country_iso":"CZE","city_id":2927,"log_pop":3.9631102397,"log_mass":6.4670267848},{"country_iso":"CZE","city_id":2927,"log_pop":2.872119879,"log_mass":5.3633004513},{"country_iso":"CZE","city_id":2927,"log_pop":3.4535078676,"log_mass":5.9664812907},{"country_iso":"CZE","city_id":2927,"log_pop":3.8118722199,"log_mass":6.3243932969},{"country_iso":"CZE","city_id":2927,"log_pop":3.696237546,"log_mass":6.1620242407},{"country_iso":"CZE","city_id":2927,"log_pop":3.5728348222,"log_mass":5.9992307324},{"country_iso":"CZE","city_id":2927,"log_pop":2.9503858832,"log_mass":5.50574629},{"country_iso":"CZE","city_id":2927,"log_pop":3.499064856,"log_mass":6.0080030015},{"country_iso":"CZE","city_id":2927,"log_pop":4.1159917347,"log_mass":6.583861407},{"country_iso":"CZE","city_id":2927,"log_pop":3.1800363054,"log_mass":5.6720864514},{"country_iso":"CZE","city_id":2927,"log_pop":4.0091734186,"log_mass":6.5048358914},{"country_iso":"CZE","city_id":2927,"log_pop":4.0390165947,"log_mass":6.4724809749},{"country_iso":"CZE","city_id":2927,"log_pop":3.209786935,"log_mass":5.7406029697},{"country_iso":"CZE","city_id":2927,"log_pop":3.9726799177,"log_mass":6.5140996884},{"country_iso":"CZE","city_id":2927,"log_pop":4.0350123432,"log_mass":6.5230083407},{"country_iso":"CZE","city_id":2927,"log_pop":3.7440448989,"log_mass":6.1813821868},{"country_iso":"CZE","city_id":2927,"log_pop":4.0653839697,"log_mass":6.5971194832},{"country_iso":"CZE","city_id":2927,"log_pop":3.6123116562,"log_mass":6.2164057014},{"country_iso":"CZE","city_id":2927,"log_pop":3.9965548663,"log_mass":6.4234720551},{"country_iso":"CZE","city_id":2927,"log_pop":3.9575116752,"log_mass":6.3932558857},{"country_iso":"CZE","city_id":2927,"log_pop":4.1627043263,"log_mass":6.7490624651},{"country_iso":"CZE","city_id":2927,"log_pop":4.1286901005,"log_mass":6.7516299397},{"country_iso":"CZE","city_id":2927,"log_pop":2.4279440856,"log_mass":5.1177578906},{"country_iso":"CZE","city_id":2927,"log_pop":3.4107218512,"log_mass":5.9086919777},{"country_iso":"CZE","city_id":2927,"log_pop":3.9024509144,"log_mass":6.4143939306},{"country_iso":"CZE","city_id":2927,"log_pop":4.099131893,"log_mass":6.5848140789},{"country_iso":"CZE","city_id":2927,"log_pop":3.9951821671,"log_mass":6.5149342152},{"country_iso":"CZE","city_id":2927,"log_pop":3.1565167785,"log_mass":5.702705916},{"country_iso":"CZE","city_id":2927,"log_pop":2.2850167917,"log_mass":4.7854171062},{"country_iso":"CZE","city_id":2927,"log_pop":3.922999055,"log_mass":6.3841012898},{"country_iso":"CZE","city_id":2927,"log_pop":3.057639002,"log_mass":5.6078440749},{"country_iso":"CZE","city_id":2927,"log_pop":1.5777538027,"log_mass":3.9020725731},{"country_iso":"CZE","city_id":2927,"log_pop":4.1948204091,"log_mass":6.6971548888},{"country_iso":"CZE","city_id":2927,"log_pop":3.7099943877,"log_mass":6.2207460977},{"country_iso":"CZE","city_id":2927,"log_pop":4.1212873031,"log_mass":6.6093431561},{"country_iso":"CZE","city_id":2927,"log_pop":4.1082864498,"log_mass":6.6472249116},{"country_iso":"CZE","city_id":2927,"log_pop":4.0176574659,"log_mass":6.4539184773},{"country_iso":"CZE","city_id":2927,"log_pop":3.9693483172,"log_mass":6.3938196163},{"country_iso":"CZE","city_id":2927,"log_pop":4.2462550724,"log_mass":6.754647317},{"country_iso":"CZE","city_id":2927,"log_pop":3.4269589236,"log_mass":5.9013355375},{"country_iso":"CZE","city_id":2927,"log_pop":3.3510344945,"log_mass":5.7332713963},{"country_iso":"CZE","city_id":2927,"log_pop":4.0375662197,"log_mass":6.5535747372},{"country_iso":"CZE","city_id":2927,"log_pop":4.1838540286,"log_mass":6.7036341565},{"country_iso":"CZE","city_id":2927,"log_pop":4.180771159,"log_mass":6.6678945123},{"country_iso":"CZE","city_id":2927,"log_pop":3.9868121884,"log_mass":6.4339118483},{"country_iso":"CZE","city_id":2927,"log_pop":4.2419520638,"log_mass":6.9312937741},{"country_iso":"CZE","city_id":2927,"log_pop":4.2191397174,"log_mass":6.6868898513},{"country_iso":"CZE","city_id":2927,"log_pop":4.1571283792,"log_mass":6.6735808514},{"country_iso":"CZE","city_id":2927,"log_pop":1.5698262101,"log_mass":4.2207295503},{"country_iso":"CZE","city_id":3036,"log_pop":2.9355667026,"log_mass":5.7292861168},{"country_iso":"CZE","city_id":3036,"log_pop":1.7184215702,"log_mass":4.1490492826},{"country_iso":"CZE","city_id":3036,"log_pop":3.552490422,"log_mass":6.2410236053},{"country_iso":"CZE","city_id":3036,"log_pop":1.326572152,"log_mass":3.8975312388},{"country_iso":"CZE","city_id":3036,"log_pop":1.3008793688,"log_mass":3.8389836247},{"country_iso":"CZE","city_id":3036,"log_pop":3.9740283881,"log_mass":6.4521806512},{"country_iso":"CZE","city_id":3036,"log_pop":3.6355887121,"log_mass":6.218878432},{"country_iso":"CZE","city_id":3036,"log_pop":4.142820572,"log_mass":6.94214337},{"country_iso":"CZE","city_id":3036,"log_pop":4.0794920206,"log_mass":6.703243206},{"country_iso":"CZE","city_id":3036,"log_pop":2.9779898241,"log_mass":5.5950314464},{"country_iso":"CZE","city_id":3036,"log_pop":4.1591397321,"log_mass":6.774820691},{"country_iso":"CZE","city_id":3036,"log_pop":3.1203783596,"log_mass":5.7229980827},{"country_iso":"CZE","city_id":3036,"log_pop":3.361120999,"log_mass":6.0102758354},{"country_iso":"CZE","city_id":3036,"log_pop":3.9953220756,"log_mass":6.5154357511},{"country_iso":"CZE","city_id":3036,"log_pop":3.4366968774,"log_mass":5.9330885819},{"country_iso":"CZE","city_id":3036,"log_pop":4.0977357509,"log_mass":6.7563562035},{"country_iso":"CZE","city_id":3036,"log_pop":3.2021462391,"log_mass":5.6553055792},{"country_iso":"CZE","city_id":3036,"log_pop":4.048963931,"log_mass":6.5752483656},{"country_iso":"CZE","city_id":3036,"log_pop":3.038514355,"log_mass":5.7494591031},{"country_iso":"CZE","city_id":3036,"log_pop":4.0229117373,"log_mass":6.5435443649},{"country_iso":"CZE","city_id":3036,"log_pop":3.7771471811,"log_mass":6.4555827052},{"country_iso":"CZE","city_id":3036,"log_pop":3.9140591612,"log_mass":6.6142882676},{"country_iso":"CZE","city_id":3036,"log_pop":3.6409757902,"log_mass":6.1946604643},{"country_iso":"CZE","city_id":3036,"log_pop":1.9875882991,"log_mass":4.6951221163},{"country_iso":"CZE","city_id":3036,"log_pop":4.1170817563,"log_mass":6.8350625886},{"country_iso":"CZE","city_id":3036,"log_pop":4.0277790154,"log_mass":6.6315973992},{"country_iso":"CZE","city_id":3036,"log_pop":4.0780129645,"log_mass":6.6915634964},{"country_iso":"CZE","city_id":3036,"log_pop":3.4320655137,"log_mass":5.8820583603},{"country_iso":"CZE","city_id":3036,"log_pop":3.8280979762,"log_mass":6.4111063093},{"country_iso":"CZE","city_id":3036,"log_pop":3.6514311396,"log_mass":6.2319585725},{"country_iso":"CZE","city_id":3120,"log_pop":1.161462491,"log_mass":3.8166758637},{"country_iso":"CZE","city_id":3120,"log_pop":2.7476187713,"log_mass":5.6055194698},{"country_iso":"CZE","city_id":3120,"log_pop":3.6187412135,"log_mass":6.4149779609},{"country_iso":"CZE","city_id":3120,"log_pop":3.5187592694,"log_mass":6.2844612633},{"country_iso":"CZE","city_id":3120,"log_pop":2.1529506117,"log_mass":4.9226219318},{"country_iso":"CZE","city_id":3120,"log_pop":0.9687453261,"log_mass":3.7787274144},{"country_iso":"CZE","city_id":3120,"log_pop":3.3845429074,"log_mass":6.1570775681},{"country_iso":"CZE","city_id":3120,"log_pop":3.525603054,"log_mass":6.4094413862},{"country_iso":"CZE","city_id":3120,"log_pop":2.5262669149,"log_mass":5.5078761592},{"country_iso":"CZE","city_id":3120,"log_pop":1.1571117296,"log_mass":3.7202658819},{"country_iso":"CZE","city_id":3120,"log_pop":3.7846047924,"log_mass":6.5789600189},{"country_iso":"CZE","city_id":3120,"log_pop":3.8127314577,"log_mass":6.7715136417},{"country_iso":"CZE","city_id":3120,"log_pop":3.5935620277,"log_mass":6.3449215449},{"country_iso":"CZE","city_id":3120,"log_pop":-0.7615739187,"log_mass":3.1666777303},{"country_iso":"CZE","city_id":3120,"log_pop":3.9280173194,"log_mass":6.7476766876},{"country_iso":"CZE","city_id":3120,"log_pop":3.4843958784,"log_mass":6.1128423515},{"country_iso":"CZE","city_id":3120,"log_pop":3.9467868468,"log_mass":6.8101451403},{"country_iso":"CZE","city_id":3120,"log_pop":3.8551639294,"log_mass":6.5189534606},{"country_iso":"CZE","city_id":3120,"log_pop":3.9365807998,"log_mass":6.6964840385},{"country_iso":"CZE","city_id":3120,"log_pop":3.8497455093,"log_mass":6.6080629024},{"country_iso":"CZE","city_id":3120,"log_pop":3.7981955419,"log_mass":6.6986719023},{"country_iso":"CZE","city_id":3120,"log_pop":3.4757895762,"log_mass":6.1128343682},{"country_iso":"CZE","city_id":3120,"log_pop":3.2609098782,"log_mass":5.8965605886},{"country_iso":"CZE","city_id":3120,"log_pop":3.8956472656,"log_mass":6.5840679832},{"country_iso":"CZE","city_id":3120,"log_pop":2.175924151,"log_mass":4.8914469519},{"country_iso":"CZE","city_id":3120,"log_pop":3.1364940245,"log_mass":5.8319884244},{"country_iso":"CZE","city_id":3120,"log_pop":3.659130391,"log_mass":6.4145372394},{"country_iso":"CZE","city_id":2886,"log_pop":3.5335116596,"log_mass":6.1344005097},{"country_iso":"CZE","city_id":2886,"log_pop":3.6170494769,"log_mass":6.3249152874},{"country_iso":"CZE","city_id":2886,"log_pop":3.8412557223,"log_mass":6.6071682751},{"country_iso":"CZE","city_id":2886,"log_pop":1.6930877116,"log_mass":4.6208668072},{"country_iso":"CZE","city_id":2886,"log_pop":2.9282100426,"log_mass":5.5819130315},{"country_iso":"CZE","city_id":2886,"log_pop":3.4395116556,"log_mass":6.0478731753},{"country_iso":"CZE","city_id":2886,"log_pop":3.758531874,"log_mass":6.4488118735},{"country_iso":"CZE","city_id":2886,"log_pop":3.9364778119,"log_mass":6.6837636093},{"country_iso":"CZE","city_id":2886,"log_pop":3.9940409136,"log_mass":6.9187964067},{"country_iso":"CZE","city_id":2886,"log_pop":3.9023065992,"log_mass":6.5022807105},{"country_iso":"CZE","city_id":2886,"log_pop":3.4310724717,"log_mass":6.0331731359},{"country_iso":"CZE","city_id":2886,"log_pop":2.9448663081,"log_mass":5.594279998},{"country_iso":"CZE","city_id":2886,"log_pop":3.6952240787,"log_mass":6.3742217978},{"country_iso":"CZE","city_id":2886,"log_pop":3.7457865012,"log_mass":6.4136952265},{"country_iso":"CZE","city_id":2886,"log_pop":2.7878698617,"log_mass":5.3889648638},{"country_iso":"CZE","city_id":2886,"log_pop":3.9426003704,"log_mass":6.7340613845},{"country_iso":"CZE","city_id":2886,"log_pop":3.1742378457,"log_mass":5.9490295894},{"country_iso":"CZE","city_id":2886,"log_pop":2.8973795105,"log_mass":5.5773195932},{"country_iso":"CZE","city_id":2886,"log_pop":1.8798802399,"log_mass":4.7658438374},{"country_iso":"CZE","city_id":2886,"log_pop":1.3871396945,"log_mass":4.3710549334},{"country_iso":"CZE","city_id":2911,"log_pop":2.6883778575,"log_mass":5.3385488249},{"country_iso":"CZE","city_id":2911,"log_pop":3.7030388501,"log_mass":6.499935409},{"country_iso":"CZE","city_id":2911,"log_pop":3.2338675133,"log_mass":5.974138808},{"country_iso":"CZE","city_id":2911,"log_pop":-0.4525140626,"log_mass":2.4113132803},{"country_iso":"CZE","city_id":2911,"log_pop":0.5364389167,"log_mass":4.0840850496},{"country_iso":"CZE","city_id":2911,"log_pop":3.4875719548,"log_mass":6.1725087176},{"country_iso":"CZE","city_id":2911,"log_pop":1.9881266144,"log_mass":4.5031571571},{"country_iso":"CZE","city_id":2911,"log_pop":3.7656853479,"log_mass":6.5192142019},{"country_iso":"CZE","city_id":2911,"log_pop":3.3184224803,"log_mass":6.0755660128},{"country_iso":"CZE","city_id":2911,"log_pop":-0.837549274,"log_mass":2.4043200963},{"country_iso":"CZE","city_id":2911,"log_pop":2.8969994619,"log_mass":5.5676858446},{"country_iso":"CZE","city_id":2911,"log_pop":2.6361416266,"log_mass":5.2883611052},{"country_iso":"CZE","city_id":2911,"log_pop":3.9173656055,"log_mass":6.5411833954},{"country_iso":"CZE","city_id":2911,"log_pop":3.5002054301,"log_mass":6.2140178507},{"country_iso":"CZE","city_id":2911,"log_pop":3.6529801659,"log_mass":6.2493669467},{"country_iso":"CZE","city_id":2951,"log_pop":2.0924867824,"log_mass":5.285313631},{"country_iso":"CZE","city_id":2951,"log_pop":2.8929644318,"log_mass":5.5318399044},{"country_iso":"CZE","city_id":2951,"log_pop":3.4092191552,"log_mass":5.9711399259},{"country_iso":"CZE","city_id":2951,"log_pop":3.8702754686,"log_mass":6.6697153434},{"country_iso":"CZE","city_id":2951,"log_pop":2.9993332418,"log_mass":5.6722932536},{"country_iso":"CZE","city_id":2951,"log_pop":3.0285876214,"log_mass":5.6425193278},{"country_iso":"CZE","city_id":2951,"log_pop":3.9509535214,"log_mass":6.5771838288},{"country_iso":"CZE","city_id":2951,"log_pop":3.0401428244,"log_mass":5.7293405609},{"country_iso":"CZE","city_id":2951,"log_pop":3.8035285717,"log_mass":6.5247366067},{"country_iso":"CZE","city_id":2951,"log_pop":1.7711973527,"log_mass":4.9439945375},{"country_iso":"CZE","city_id":2951,"log_pop":3.8128065815,"log_mass":6.5032153288},{"country_iso":"CZE","city_id":2951,"log_pop":3.4326618042,"log_mass":5.9849176657},{"country_iso":"CZE","city_id":2951,"log_pop":1.7918851104,"log_mass":4.4105498301},{"country_iso":"CZE","city_id":2989,"log_pop":1.6575316325,"log_mass":4.1315109719},{"country_iso":"CZE","city_id":2989,"log_pop":3.0563318837,"log_mass":5.7552490952},{"country_iso":"CZE","city_id":2989,"log_pop":3.3724095088,"log_mass":6.1456085739},{"country_iso":"CZE","city_id":2989,"log_pop":2.3706096041,"log_mass":5.1657850547},{"country_iso":"CZE","city_id":2989,"log_pop":2.8119979803,"log_mass":5.4721945862},{"country_iso":"CZE","city_id":2989,"log_pop":2.054573735,"log_mass":4.736725059},{"country_iso":"CZE","city_id":2989,"log_pop":3.8887652125,"log_mass":6.635043766},{"country_iso":"CZE","city_id":2989,"log_pop":3.6812456593,"log_mass":6.3577329898},{"country_iso":"CZE","city_id":2989,"log_pop":1.5981182479,"log_mass":4.8447224683},{"country_iso":"CZE","city_id":2989,"log_pop":3.8244581107,"log_mass":6.6527730968},{"country_iso":"CZE","city_id":2989,"log_pop":3.6820980763,"log_mass":6.4226478447},{"country_iso":"CZE","city_id":2989,"log_pop":3.6749442204,"log_mass":6.3600979499},{"country_iso":"CZE","city_id":3132,"log_pop":3.4402433624,"log_mass":5.7101683262},{"country_iso":"CZE","city_id":3132,"log_pop":0.8244176081,"log_mass":4.1505839839},{"country_iso":"CZE","city_id":3132,"log_pop":3.7921327394,"log_mass":6.1475072986},{"country_iso":"CZE","city_id":3132,"log_pop":4.0178206315,"log_mass":6.4477615804},{"country_iso":"CZE","city_id":3132,"log_pop":2.910019366,"log_mass":5.3213176911},{"country_iso":"CZE","city_id":3132,"log_pop":3.3316568579,"log_mass":5.894978086},{"country_iso":"CZE","city_id":3132,"log_pop":3.2459289452,"log_mass":6.1072607331},{"country_iso":"CZE","city_id":3132,"log_pop":3.9245086446,"log_mass":6.3141173132},{"country_iso":"CZE","city_id":3132,"log_pop":2.14404082,"log_mass":4.746469679},{"country_iso":"CZE","city_id":3132,"log_pop":2.0986769082,"log_mass":4.5917687346},{"country_iso":"CZE","city_id":3132,"log_pop":3.2517378887,"log_mass":5.9624219788},{"country_iso":"CZE","city_id":2992,"log_pop":3.2545937067,"log_mass":6.0201078239},{"country_iso":"CZE","city_id":2992,"log_pop":3.5767672648,"log_mass":6.4085504057},{"country_iso":"CZE","city_id":2992,"log_pop":3.8050554655,"log_mass":6.5709592057},{"country_iso":"CZE","city_id":2992,"log_pop":2.4231839522,"log_mass":5.3765229166},{"country_iso":"CZE","city_id":2992,"log_pop":3.8532514808,"log_mass":6.6779180254},{"country_iso":"CZE","city_id":2992,"log_pop":2.1924546049,"log_mass":5.0672466201},{"country_iso":"CZE","city_id":2992,"log_pop":2.8996098137,"log_mass":5.6125191973},{"country_iso":"CZE","city_id":2992,"log_pop":0.4438193706,"log_mass":3.4592731369},{"country_iso":"CZE","city_id":2992,"log_pop":2.5571244732,"log_mass":5.3125018546},{"country_iso":"CZE","city_id":2992,"log_pop":3.6283788329,"log_mass":6.4720867046},{"country_iso":"CZE","city_id":2992,"log_pop":3.5771500458,"log_mass":6.3569239764},{"country_iso":"CZE","city_id":2939,"log_pop":3.9809295609,"log_mass":6.6064492787},{"country_iso":"CZE","city_id":2939,"log_pop":3.8610762421,"log_mass":6.5102216982},{"country_iso":"CZE","city_id":2939,"log_pop":3.1900727243,"log_mass":5.8534124984},{"country_iso":"CZE","city_id":2939,"log_pop":4.0334224094,"log_mass":6.7532954905},{"country_iso":"CZE","city_id":2939,"log_pop":2.9630865418,"log_mass":5.6181070234},{"country_iso":"CZE","city_id":2939,"log_pop":3.315398872,"log_mass":5.9364803628},{"country_iso":"CZE","city_id":2939,"log_pop":2.8422519555,"log_mass":5.7390317086},{"country_iso":"CZE","city_id":2939,"log_pop":3.3707631314,"log_mass":6.0361804224},{"country_iso":"CZE","city_id":2939,"log_pop":3.9038497012,"log_mass":6.4606503628},{"country_iso":"CZE","city_id":2939,"log_pop":3.4447064873,"log_mass":6.1073856903},{"country_iso":"CZE","city_id":2939,"log_pop":3.4275958931,"log_mass":6.0272733267},{"country_iso":"CZE","city_id":3063,"log_pop":3.2083232681,"log_mass":6.0063560443},{"country_iso":"CZE","city_id":3063,"log_pop":1.5669910249,"log_mass":4.2648561945},{"country_iso":"CZE","city_id":3063,"log_pop":3.6053688242,"log_mass":6.3604989601},{"country_iso":"CZE","city_id":3063,"log_pop":3.3350798426,"log_mass":6.0765858351},{"country_iso":"CZE","city_id":3063,"log_pop":3.8927591147,"log_mass":6.7674890721},{"country_iso":"CZE","city_id":3063,"log_pop":3.7719810588,"log_mass":6.5085167476},{"country_iso":"CZE","city_id":3063,"log_pop":3.451783541,"log_mass":6.190990785},{"country_iso":"CZE","city_id":3063,"log_pop":3.2939165628,"log_mass":6.0797881243},{"country_iso":"CZE","city_id":3063,"log_pop":3.5257676945,"log_mass":6.2425478314},{"country_iso":"CZE","city_id":3063,"log_pop":3.9487087005,"log_mass":6.7783119159},{"country_iso":"CZE","city_id":2921,"log_pop":2.9727753509,"log_mass":5.5721737185},{"country_iso":"CZE","city_id":2921,"log_pop":2.4300843019,"log_mass":5.398876862},{"country_iso":"CZE","city_id":2921,"log_pop":3.0129539725,"log_mass":5.620303958},{"country_iso":"CZE","city_id":2921,"log_pop":1.2168303912,"log_mass":3.9681559967},{"country_iso":"CZE","city_id":2921,"log_pop":3.9415255436,"log_mass":6.5655662828},{"country_iso":"CZE","city_id":2921,"log_pop":3.7883076252,"log_mass":6.4574576369},{"country_iso":"CZE","city_id":2921,"log_pop":3.6446372415,"log_mass":6.3053476469},{"country_iso":"CZE","city_id":2921,"log_pop":2.5474954633,"log_mass":5.2231560405},{"country_iso":"CZE","city_id":2921,"log_pop":3.8584785681,"log_mass":6.5549150012},{"country_iso":"CZE","city_id":2921,"log_pop":3.4908090425,"log_mass":6.1617745391}]