[{"country_iso":"BRB","city_id":1031,"log_pop":3.1549995753,"log_mass":5.9738915473},{"country_iso":"BRB","city_id":1031,"log_pop":3.4699992144,"log_mass":6.2348475036},{"country_iso":"BRB","city_id":1031,"log_pop":2.8013734476,"log_mass":5.6971453549},{"country_iso":"BRB","city_id":1031,"log_pop":3.0660790621,"log_mass":5.9219797743},{"country_iso":"BRB","city_id":1031,"log_pop":3.4552737553,"log_mass":6.0121517259},{"country_iso":"BRB","city_id":1031,"log_pop":3.5257107677,"log_mass":6.1097985407},{"country_iso":"BRB","city_id":1031,"log_pop":3.5747922825,"log_mass":6.2878780824},{"country_iso":"BRB","city_id":1031,"log_pop":3.9173968057,"log_mass":6.5053979536},{"country_iso":"BRB","city_id":1031,"log_pop":2.0209744418,"log_mass":5.0268545021},{"country_iso":"BRB","city_id":1031,"log_pop":2.5960409497,"log_mass":5.380435925},{"country_iso":"BRB","city_id":1031,"log_pop":3.2688414341,"log_mass":6.0146434182},{"country_iso":"BRB","city_id":1031,"log_pop":1.5993101527,"log_mass":4.3315796923},{"country_iso":"BRB","city_id":1031,"log_pop":3.7183638165,"log_mass":6.274679029},{"country_iso":"BRB","city_id":1031,"log_pop":3.5656698175,"log_mass":6.3023580853},{"country_iso":"BRB","city_id":1031,"log_pop":2.3922111929,"log_mass":5.3112699762},{"country_iso":"BRB","city_id":1031,"log_pop":2.6643447552,"log_mass":5.4344993322},{"country_iso":"BRB","city_id":1031,"log_pop":3.9359548815,"log_mass":6.5055532966},{"country_iso":"BRB","city_id":1031,"log_pop":3.7152997192,"log_mass":6.2460036865},{"country_iso":"BRB","city_id":1031,"log_pop":2.9786504935,"log_mass":5.6774055686},{"country_iso":"BRB","city_id":1031,"log_pop":1.5589677407,"log_mass":4.31782072},{"country_iso":"BRB","city_id":1031,"log_pop":3.9378059507,"log_mass":6.4670454047},{"country_iso":"BRB","city_id":1031,"log_pop":3.3733903465,"log_mass":5.9216003283},{"country_iso":"BRB","city_id":1031,"log_pop":3.0980305107,"log_mass":5.5928841736}]