[{"country_iso":"QAT","city_id":5865,"log_pop":2.5335341093,"log_mass":4.9564241483},{"country_iso":"QAT","city_id":5865,"log_pop":4.87635004,"log_mass":6.5814235726},{"country_iso":"QAT","city_id":5865,"log_pop":4.1252875888,"log_mass":6.0335099308},{"country_iso":"QAT","city_id":5865,"log_pop":4.1464502071,"log_mass":6.1121872624},{"country_iso":"QAT","city_id":5865,"log_pop":1.2652707701,"log_mass":4.4468120224},{"country_iso":"QAT","city_id":5865,"log_pop":1.6346133112,"log_mass":5.097103929},{"country_iso":"QAT","city_id":5865,"log_pop":3.99825616,"log_mass":6.3648742661},{"country_iso":"QAT","city_id":5865,"log_pop":0.6652984952,"log_mass":4.6630082073},{"country_iso":"QAT","city_id":5865,"log_pop":4.3189954497,"log_mass":6.4749518919},{"country_iso":"QAT","city_id":5865,"log_pop":4.0340629034,"log_mass":6.4514591757},{"country_iso":"QAT","city_id":5865,"log_pop":3.835493784,"log_mass":6.3196030757},{"country_iso":"QAT","city_id":5865,"log_pop":2.2314934266,"log_mass":5.9663051609},{"country_iso":"QAT","city_id":5865,"log_pop":4.2739834003,"log_mass":6.409562761},{"country_iso":"QAT","city_id":5865,"log_pop":0.6577401324,"log_mass":5.7371153138},{"country_iso":"QAT","city_id":5865,"log_pop":2.4214575836,"log_mass":5.4517054332},{"country_iso":"QAT","city_id":5865,"log_pop":4.7265930859,"log_mass":6.6867867761},{"country_iso":"QAT","city_id":5865,"log_pop":4.6676573022,"log_mass":6.6055885739},{"country_iso":"QAT","city_id":5865,"log_pop":4.1247115579,"log_mass":6.4450316185},{"country_iso":"QAT","city_id":5865,"log_pop":4.3843161371,"log_mass":6.5124726893},{"country_iso":"QAT","city_id":5865,"log_pop":4.2520395282,"log_mass":6.5858629768},{"country_iso":"QAT","city_id":5865,"log_pop":4.2101198651,"log_mass":6.464623902},{"country_iso":"QAT","city_id":5865,"log_pop":4.1820741659,"log_mass":6.4810955735},{"country_iso":"QAT","city_id":5865,"log_pop":4.5823389509,"log_mass":6.5794336672},{"country_iso":"QAT","city_id":5865,"log_pop":4.9169054076,"log_mass":6.6953547591},{"country_iso":"QAT","city_id":5865,"log_pop":4.729796044,"log_mass":6.6692035821},{"country_iso":"QAT","city_id":5865,"log_pop":5.0060391554,"log_mass":6.6495477438},{"country_iso":"QAT","city_id":5865,"log_pop":3.8215627807,"log_mass":6.4804057835},{"country_iso":"QAT","city_id":5865,"log_pop":1.1021385935,"log_mass":5.6257183373},{"country_iso":"QAT","city_id":5865,"log_pop":4.6114584826,"log_mass":6.532830883},{"country_iso":"QAT","city_id":5865,"log_pop":1.5825618987,"log_mass":5.2506973653},{"country_iso":"QAT","city_id":5865,"log_pop":2.7199661986,"log_mass":6.0291174071},{"country_iso":"QAT","city_id":5865,"log_pop":3.3727793833,"log_mass":6.1025829818},{"country_iso":"QAT","city_id":5865,"log_pop":3.4875098281,"log_mass":6.2127269727},{"country_iso":"QAT","city_id":5865,"log_pop":3.4221481303,"log_mass":6.2135204861},{"country_iso":"QAT","city_id":5865,"log_pop":3.7057211135,"log_mass":6.2584223162},{"country_iso":"QAT","city_id":5865,"log_pop":1.9104539417,"log_mass":4.8849250183},{"country_iso":"QAT","city_id":5865,"log_pop":-1.2778054618,"log_mass":3.0418524},{"country_iso":"QAT","city_id":5865,"log_pop":3.5256026131,"log_mass":6.3556138949},{"country_iso":"QAT","city_id":5865,"log_pop":3.8718310893,"log_mass":6.2456081858},{"country_iso":"QAT","city_id":5865,"log_pop":4.4333339148,"log_mass":6.4771433081},{"country_iso":"QAT","city_id":5865,"log_pop":3.3343837599,"log_mass":5.8952092222},{"country_iso":"QAT","city_id":5865,"log_pop":4.4251891866,"log_mass":6.4089289171},{"country_iso":"QAT","city_id":5865,"log_pop":4.0679997332,"log_mass":6.2242902319},{"country_iso":"QAT","city_id":5865,"log_pop":4.3800242445,"log_mass":6.5112999489},{"country_iso":"QAT","city_id":5865,"log_pop":3.6657218203,"log_mass":6.0803876211},{"country_iso":"QAT","city_id":5865,"log_pop":3.5922461156,"log_mass":6.0653657081},{"country_iso":"QAT","city_id":5865,"log_pop":3.4261393842,"log_mass":5.970004359},{"country_iso":"QAT","city_id":5865,"log_pop":4.9078812864,"log_mass":6.718807216},{"country_iso":"QAT","city_id":5865,"log_pop":4.461713918,"log_mass":6.3438915016},{"country_iso":"QAT","city_id":5865,"log_pop":4.2023936782,"log_mass":6.4209642487},{"country_iso":"QAT","city_id":5865,"log_pop":3.9042082371,"log_mass":6.2302837455},{"country_iso":"QAT","city_id":5865,"log_pop":4.9105091908,"log_mass":6.6829701866},{"country_iso":"QAT","city_id":5865,"log_pop":3.1455894014,"log_mass":5.7281250048},{"country_iso":"QAT","city_id":5865,"log_pop":3.6785868575,"log_mass":6.1255387341},{"country_iso":"QAT","city_id":5865,"log_pop":3.2742736636,"log_mass":5.7964369466},{"country_iso":"QAT","city_id":5865,"log_pop":3.5987815538,"log_mass":6.0215125359},{"country_iso":"QAT","city_id":5865,"log_pop":3.7569074662,"log_mass":5.832595995},{"country_iso":"QAT","city_id":5865,"log_pop":4.5114827196,"log_mass":6.4433838561},{"country_iso":"QAT","city_id":5865,"log_pop":1.8164235604,"log_mass":5.1677983067},{"country_iso":"QAT","city_id":5865,"log_pop":3.2532283507,"log_mass":6.2764265028},{"country_iso":"QAT","city_id":5865,"log_pop":4.0996810078,"log_mass":6.3149872296},{"country_iso":"QAT","city_id":5865,"log_pop":4.9398775575,"log_mass":6.7171364096},{"country_iso":"QAT","city_id":5865,"log_pop":-0.0185350741,"log_mass":3.3719376719},{"country_iso":"QAT","city_id":5865,"log_pop":4.3816041632,"log_mass":6.5221994207},{"country_iso":"QAT","city_id":5865,"log_pop":4.2819848496,"log_mass":6.481403312},{"country_iso":"QAT","city_id":5865,"log_pop":3.6882945503,"log_mass":5.7297396677},{"country_iso":"QAT","city_id":5865,"log_pop":4.5364454428,"log_mass":6.5459257795},{"country_iso":"QAT","city_id":5865,"log_pop":3.8025122322,"log_mass":6.2646515768},{"country_iso":"QAT","city_id":5865,"log_pop":3.8293581067,"log_mass":6.3768653892},{"country_iso":"QAT","city_id":5865,"log_pop":3.3873533369,"log_mass":5.8627436978},{"country_iso":"QAT","city_id":5865,"log_pop":4.2858222561,"log_mass":6.3885770697},{"country_iso":"QAT","city_id":5865,"log_pop":4.5078270054,"log_mass":6.5082036208},{"country_iso":"QAT","city_id":5865,"log_pop":4.5510822684,"log_mass":6.5327358591},{"country_iso":"QAT","city_id":5865,"log_pop":4.434993984,"log_mass":6.5104099739},{"country_iso":"QAT","city_id":5865,"log_pop":3.8239558811,"log_mass":6.3987875993},{"country_iso":"QAT","city_id":5865,"log_pop":4.0576968141,"log_mass":6.4412066926},{"country_iso":"QAT","city_id":5865,"log_pop":3.9112764231,"log_mass":6.3926750202},{"country_iso":"QAT","city_id":5865,"log_pop":1.1562559323,"log_mass":4.5200419792},{"country_iso":"QAT","city_id":5865,"log_pop":1.5608369026,"log_mass":4.4430982182},{"country_iso":"QAT","city_id":5865,"log_pop":3.6706423227,"log_mass":6.1337339636},{"country_iso":"QAT","city_id":5865,"log_pop":3.5663099528,"log_mass":5.9341850379},{"country_iso":"QAT","city_id":5865,"log_pop":3.0996769797,"log_mass":5.3829593691},{"country_iso":"QAT","city_id":5865,"log_pop":2.2571976464,"log_mass":4.8512542308},{"country_iso":"QAT","city_id":5865,"log_pop":4.2874940873,"log_mass":6.3255424492},{"country_iso":"QAT","city_id":5865,"log_pop":1.4673586352,"log_mass":4.8368362424},{"country_iso":"QAT","city_id":5865,"log_pop":4.7107104294,"log_mass":6.6106322394},{"country_iso":"QAT","city_id":5865,"log_pop":4.5228784824,"log_mass":6.5187530221},{"country_iso":"QAT","city_id":5865,"log_pop":4.3723812322,"log_mass":6.4519553126},{"country_iso":"QAT","city_id":5865,"log_pop":5.0916763703,"log_mass":6.7625165293},{"country_iso":"QAT","city_id":5865,"log_pop":3.6316443946,"log_mass":5.7711761751},{"country_iso":"QAT","city_id":5865,"log_pop":4.1765457375,"log_mass":6.4941993336},{"country_iso":"QAT","city_id":5865,"log_pop":3.8450769104,"log_mass":6.220964464},{"country_iso":"QAT","city_id":5865,"log_pop":3.7262239481,"log_mass":6.2523624505},{"country_iso":"QAT","city_id":5865,"log_pop":1.7571580017,"log_mass":4.5585326854},{"country_iso":"QAT","city_id":5865,"log_pop":4.2798459767,"log_mass":6.6348205593},{"country_iso":"QAT","city_id":5865,"log_pop":4.5594871997,"log_mass":6.599233193},{"country_iso":"QAT","city_id":5865,"log_pop":4.3717843393,"log_mass":6.5117250811},{"country_iso":"QAT","city_id":5865,"log_pop":-1.159575014,"log_mass":1.9395666232},{"country_iso":"QAT","city_id":5865,"log_pop":2.8628992875,"log_mass":5.6964028336},{"country_iso":"QAT","city_id":5865,"log_pop":3.8739094498,"log_mass":6.3721653435},{"country_iso":"QAT","city_id":5865,"log_pop":2.1092257764,"log_mass":4.7006549751},{"country_iso":"QAT","city_id":5865,"log_pop":3.6611696499,"log_mass":6.3815991017},{"country_iso":"QAT","city_id":5865,"log_pop":3.595880345,"log_mass":6.0851698035},{"country_iso":"QAT","city_id":5865,"log_pop":4.0473942837,"log_mass":6.5007956038},{"country_iso":"QAT","city_id":5865,"log_pop":3.5037465725,"log_mass":6.0580768548},{"country_iso":"QAT","city_id":5865,"log_pop":3.2825549535,"log_mass":5.6628732961},{"country_iso":"QAT","city_id":5865,"log_pop":3.2178644495,"log_mass":5.848096946},{"country_iso":"QAT","city_id":5865,"log_pop":3.2532816609,"log_mass":6.1496025712},{"country_iso":"QAT","city_id":5865,"log_pop":3.2156916524,"log_mass":5.8358511158},{"country_iso":"QAT","city_id":5865,"log_pop":3.924099696,"log_mass":6.4307696452},{"country_iso":"QAT","city_id":5865,"log_pop":-0.8493896899,"log_mass":1.8645724569},{"country_iso":"QAT","city_id":5865,"log_pop":1.4578658888,"log_mass":4.5211996514},{"country_iso":"QAT","city_id":5865,"log_pop":3.5082981009,"log_mass":5.9737109073},{"country_iso":"QAT","city_id":5864,"log_pop":3.0304656361,"log_mass":5.6413747387},{"country_iso":"QAT","city_id":5864,"log_pop":3.8758459177,"log_mass":6.1908169548},{"country_iso":"QAT","city_id":5864,"log_pop":2.3261295391,"log_mass":5.1196713231},{"country_iso":"QAT","city_id":5864,"log_pop":2.8706753471,"log_mass":5.4152179041},{"country_iso":"QAT","city_id":5864,"log_pop":3.230867971,"log_mass":5.9468136803},{"country_iso":"QAT","city_id":5864,"log_pop":3.3929625831,"log_mass":5.8919396359},{"country_iso":"QAT","city_id":5864,"log_pop":2.486483121,"log_mass":5.3018880292},{"country_iso":"QAT","city_id":5864,"log_pop":0.0339390348,"log_mass":3.2052885521},{"country_iso":"QAT","city_id":5864,"log_pop":2.1137273563,"log_mass":5.1125790644},{"country_iso":"QAT","city_id":5864,"log_pop":3.5179221912,"log_mass":6.0016973086},{"country_iso":"QAT","city_id":5864,"log_pop":2.9358776917,"log_mass":5.7692610387},{"country_iso":"QAT","city_id":5864,"log_pop":1.7975006525,"log_mass":4.0294500652},{"country_iso":"QAT","city_id":5869,"log_pop":2.7772378985,"log_mass":5.2016358708},{"country_iso":"QAT","city_id":5869,"log_pop":1.289755537,"log_mass":3.8771441546},{"country_iso":"QAT","city_id":5869,"log_pop":4.5113757737,"log_mass":6.4490477267},{"country_iso":"QAT","city_id":5869,"log_pop":4.2993319079,"log_mass":6.2795035958},{"country_iso":"QAT","city_id":5869,"log_pop":3.9165285912,"log_mass":6.0827899024},{"country_iso":"QAT","city_id":5869,"log_pop":4.2355857008,"log_mass":6.1253725255},{"country_iso":"QAT","city_id":5869,"log_pop":3.5850966948,"log_mass":5.7048592099},{"country_iso":"QAT","city_id":5869,"log_pop":3.5161901298,"log_mass":5.8354073355},{"country_iso":"QAT","city_id":5869,"log_pop":2.8130193865,"log_mass":5.4874486608},{"country_iso":"QAT","city_id":5869,"log_pop":3.253516329,"log_mass":5.7351916111},{"country_iso":"QAT","city_id":5866,"log_pop":2.5509116849,"log_mass":4.7651206972},{"country_iso":"QAT","city_id":5866,"log_pop":3.3448925591,"log_mass":5.8989292248},{"country_iso":"QAT","city_id":5866,"log_pop":2.3608031956,"log_mass":5.0305173719},{"country_iso":"QAT","city_id":5866,"log_pop":4.015018733,"log_mass":6.2326496061},{"country_iso":"QAT","city_id":5866,"log_pop":3.8172516059,"log_mass":6.1150957967},{"country_iso":"QAT","city_id":5866,"log_pop":3.3438053855,"log_mass":5.7830855198}]