[{"country_iso":"GEO","city_id":4917,"log_pop":2.932095005,"log_mass":5.080527225},{"country_iso":"GEO","city_id":4917,"log_pop":2.5252225022,"log_mass":4.8142005717},{"country_iso":"GEO","city_id":4917,"log_pop":2.6443515934,"log_mass":4.8336539067},{"country_iso":"GEO","city_id":4917,"log_pop":4.3546381024,"log_mass":6.3977210276},{"country_iso":"GEO","city_id":4917,"log_pop":0.5878135319,"log_mass":4.5717284943},{"country_iso":"GEO","city_id":4917,"log_pop":4.1759287894,"log_mass":6.3023632521},{"country_iso":"GEO","city_id":4917,"log_pop":4.1156838718,"log_mass":6.1472190026},{"country_iso":"GEO","city_id":4917,"log_pop":3.9678321069,"log_mass":6.220384754},{"country_iso":"GEO","city_id":4917,"log_pop":1.0464970011,"log_mass":4.2518579465},{"country_iso":"GEO","city_id":4917,"log_pop":3.517249113,"log_mass":5.8009970918},{"country_iso":"GEO","city_id":4917,"log_pop":4.1425977219,"log_mass":6.3791407791},{"country_iso":"GEO","city_id":4917,"log_pop":1.19574056,"log_mass":3.4533298528},{"country_iso":"GEO","city_id":4917,"log_pop":3.9397540436,"log_mass":6.1540788753},{"country_iso":"GEO","city_id":4917,"log_pop":2.5701276941,"log_mass":4.7624134198},{"country_iso":"GEO","city_id":4917,"log_pop":4.6471858711,"log_mass":6.8826788791},{"country_iso":"GEO","city_id":4917,"log_pop":3.4081869517,"log_mass":5.7199928073},{"country_iso":"GEO","city_id":4917,"log_pop":4.6476996548,"log_mass":6.9292094741},{"country_iso":"GEO","city_id":4917,"log_pop":4.1858216858,"log_mass":6.303700074},{"country_iso":"GEO","city_id":4917,"log_pop":4.616222697,"log_mass":6.6888951103},{"country_iso":"GEO","city_id":4917,"log_pop":4.2950034334,"log_mass":6.3291014206},{"country_iso":"GEO","city_id":4917,"log_pop":3.2880909913,"log_mass":5.5815523787},{"country_iso":"GEO","city_id":4917,"log_pop":4.6640903238,"log_mass":6.8209396744},{"country_iso":"GEO","city_id":4917,"log_pop":4.4688799084,"log_mass":6.5786492579},{"country_iso":"GEO","city_id":4917,"log_pop":2.8347374198,"log_mass":5.0442854314},{"country_iso":"GEO","city_id":4917,"log_pop":4.6276778127,"log_mass":6.6712286079},{"country_iso":"GEO","city_id":4917,"log_pop":3.6294779603,"log_mass":6.1790365744},{"country_iso":"GEO","city_id":4917,"log_pop":4.057058665,"log_mass":6.2427598203},{"country_iso":"GEO","city_id":4917,"log_pop":2.2824808239,"log_mass":4.9161502292},{"country_iso":"GEO","city_id":4917,"log_pop":4.6896085722,"log_mass":6.7719355512},{"country_iso":"GEO","city_id":4917,"log_pop":1.173351318,"log_mass":4.6094477353},{"country_iso":"GEO","city_id":4917,"log_pop":0.2787532761,"log_mass":3.5032737835},{"country_iso":"GEO","city_id":4917,"log_pop":3.9962730076,"log_mass":6.3582237629},{"country_iso":"GEO","city_id":4917,"log_pop":3.8791257528,"log_mass":6.4866836304},{"country_iso":"GEO","city_id":4917,"log_pop":4.0709310669,"log_mass":6.6535526908},{"country_iso":"GEO","city_id":4917,"log_pop":0.484899252,"log_mass":3.6758613493},{"country_iso":"GEO","city_id":4917,"log_pop":4.0199708126,"log_mass":6.1508245497},{"country_iso":"GEO","city_id":4917,"log_pop":2.9388986906,"log_mass":5.0753155671},{"country_iso":"GEO","city_id":4917,"log_pop":2.9068692105,"log_mass":6.1365778867},{"country_iso":"GEO","city_id":4917,"log_pop":2.5762413989,"log_mass":5.7693476797},{"country_iso":"GEO","city_id":4917,"log_pop":3.7380896426,"log_mass":6.4771901266},{"country_iso":"GEO","city_id":4917,"log_pop":4.2160747174,"log_mass":6.5500104166},{"country_iso":"GEO","city_id":4917,"log_pop":4.6873672496,"log_mass":6.9895094267},{"country_iso":"GEO","city_id":4917,"log_pop":2.2897465773,"log_mass":4.2204119588},{"country_iso":"GEO","city_id":4917,"log_pop":4.4445987645,"log_mass":6.7234879048},{"country_iso":"GEO","city_id":4917,"log_pop":3.9785236359,"log_mass":6.3392570527},{"country_iso":"GEO","city_id":4917,"log_pop":4.2277074332,"log_mass":6.7397476033},{"country_iso":"GEO","city_id":4917,"log_pop":2.052910285,"log_mass":4.332998939},{"country_iso":"GEO","city_id":4917,"log_pop":0.7441477969,"log_mass":4.335753726},{"country_iso":"GEO","city_id":4605,"log_pop":2.7637380232,"log_mass":5.4581611057},{"country_iso":"GEO","city_id":4605,"log_pop":2.7960469424,"log_mass":5.0484333907},{"country_iso":"GEO","city_id":4605,"log_pop":4.1348398685,"log_mass":6.3573695537},{"country_iso":"GEO","city_id":4605,"log_pop":4.3367252611,"log_mass":6.5649166626},{"country_iso":"GEO","city_id":4605,"log_pop":2.8016122311,"log_mass":5.6883141284},{"country_iso":"GEO","city_id":4605,"log_pop":2.442442481,"log_mass":5.1204326486},{"country_iso":"GEO","city_id":4605,"log_pop":0.8007571441,"log_mass":3.8360980045},{"country_iso":"GEO","city_id":4605,"log_pop":3.8339086804,"log_mass":5.9698662558},{"country_iso":"GEO","city_id":4605,"log_pop":4.5096969018,"log_mass":6.669114835},{"country_iso":"GEO","city_id":4605,"log_pop":4.387811353,"log_mass":6.4531428109},{"country_iso":"GEO","city_id":4605,"log_pop":3.5547252325,"log_mass":6.0573352687},{"country_iso":"GEO","city_id":4605,"log_pop":4.3700027059,"log_mass":6.5913063403},{"country_iso":"GEO","city_id":4595,"log_pop":4.0675276991,"log_mass":6.6417479068},{"country_iso":"GEO","city_id":4595,"log_pop":3.931098625,"log_mass":6.5152515118},{"country_iso":"GEO","city_id":4595,"log_pop":3.194887156,"log_mass":5.8106962149},{"country_iso":"GEO","city_id":4595,"log_pop":3.4187322101,"log_mass":5.9986204439},{"country_iso":"GEO","city_id":4595,"log_pop":3.0233777931,"log_mass":6.0965284942},{"country_iso":"GEO","city_id":4595,"log_pop":3.1896468167,"log_mass":5.9469900557},{"country_iso":"GEO","city_id":4595,"log_pop":3.0344102771,"log_mass":5.5948372908},{"country_iso":"GEO","city_id":4595,"log_pop":0.0091446886,"log_mass":3.421051557},{"country_iso":"GEO","city_id":4595,"log_pop":2.2311232418,"log_mass":4.8331803872},{"country_iso":"GEO","city_id":4595,"log_pop":0.7390735537,"log_mass":3.7582980466},{"country_iso":"GEO","city_id":4595,"log_pop":-0.6379584107,"log_mass":2.3244564746},{"country_iso":"GEO","city_id":4661,"log_pop":3.0912226954,"log_mass":6.2061461685},{"country_iso":"GEO","city_id":4661,"log_pop":2.3794361334,"log_mass":5.403385421},{"country_iso":"GEO","city_id":4661,"log_pop":3.6937427324,"log_mass":6.3125920889},{"country_iso":"GEO","city_id":4661,"log_pop":2.3744891551,"log_mass":5.3129514928},{"country_iso":"GEO","city_id":4661,"log_pop":4.3757889155,"log_mass":6.4817913683},{"country_iso":"GEO","city_id":4661,"log_pop":2.1512877886,"log_mass":5.1571142593},{"country_iso":"GEO","city_id":4661,"log_pop":0.6208890535,"log_mass":3.5423697799},{"country_iso":"GEO","city_id":4661,"log_pop":4.6575858864,"log_mass":6.6935137092},{"country_iso":"GEO","city_id":4661,"log_pop":4.2960658509,"log_mass":6.5119839643},{"country_iso":"GEO","city_id":4661,"log_pop":4.2732364161,"log_mass":6.2609287896},{"country_iso":"GEO","city_id":4975,"log_pop":3.5202784871,"log_mass":6.0002636021},{"country_iso":"GEO","city_id":4975,"log_pop":3.1984132637,"log_mass":5.6110188337},{"country_iso":"GEO","city_id":4975,"log_pop":2.0744820013,"log_mass":4.3238252096},{"country_iso":"GEO","city_id":4975,"log_pop":3.5711803416,"log_mass":5.9776313373},{"country_iso":"GEO","city_id":4975,"log_pop":4.1055442088,"log_mass":6.4991388907},{"country_iso":"GEO","city_id":4975,"log_pop":2.2014375994,"log_mass":4.9487363059}]