[{"country_iso":"GUY","city_id":1039,"log_pop":2.932680491,"log_mass":5.4750247048},{"country_iso":"GUY","city_id":1039,"log_pop":3.4191145315,"log_mass":6.0048984114},{"country_iso":"GUY","city_id":1039,"log_pop":3.1144715095,"log_mass":5.7811448807},{"country_iso":"GUY","city_id":1039,"log_pop":0.5917891846,"log_mass":3.884975914},{"country_iso":"GUY","city_id":1039,"log_pop":3.5064430116,"log_mass":6.1444769458},{"country_iso":"GUY","city_id":1039,"log_pop":3.5086491411,"log_mass":6.0848366434},{"country_iso":"GUY","city_id":1039,"log_pop":2.9831507013,"log_mass":5.606567539},{"country_iso":"GUY","city_id":1039,"log_pop":2.9452247747,"log_mass":5.6364304027},{"country_iso":"GUY","city_id":1039,"log_pop":3.3385545824,"log_mass":5.9629024141},{"country_iso":"GUY","city_id":1039,"log_pop":2.9681299882,"log_mass":5.5016406471},{"country_iso":"GUY","city_id":1039,"log_pop":2.8003184683,"log_mass":5.5072982476},{"country_iso":"GUY","city_id":1039,"log_pop":3.6658187118,"log_mass":6.3029574572},{"country_iso":"GUY","city_id":1039,"log_pop":3.556754455,"log_mass":6.0620746911},{"country_iso":"GUY","city_id":1038,"log_pop":2.871146685,"log_mass":5.6892858823},{"country_iso":"GUY","city_id":1038,"log_pop":3.5309726444,"log_mass":5.9699067053},{"country_iso":"GUY","city_id":1038,"log_pop":2.8958461735,"log_mass":5.0718284542},{"country_iso":"GUY","city_id":1038,"log_pop":1.3731999949,"log_mass":4.1545277081},{"country_iso":"GUY","city_id":1038,"log_pop":3.6402509791,"log_mass":5.8607494614},{"country_iso":"GUY","city_id":1038,"log_pop":2.979358197,"log_mass":5.1694980171},{"country_iso":"GUY","city_id":1038,"log_pop":2.9045093453,"log_mass":5.1379614217},{"country_iso":"GUY","city_id":1038,"log_pop":3.7638898238,"log_mass":6.2204769838},{"country_iso":"GUY","city_id":1038,"log_pop":3.0553818049,"log_mass":5.3056129602},{"country_iso":"GUY","city_id":1038,"log_pop":4.0455580869,"log_mass":6.4505552848},{"country_iso":"GUY","city_id":1038,"log_pop":2.6846224241,"log_mass":5.0150995835},{"country_iso":"GUY","city_id":1038,"log_pop":4.1053848615,"log_mass":6.4290541712}]