[{"country_iso": "BLR", "city_id": 3506, "log_pop": 3.496307, "log_mass": 5.995723}, {"country_iso": "BLR", "city_id": 3401, "log_pop": 4.245552, "log_mass": 6.484065}, {"country_iso": "BLR", "city_id": 3466, "log_pop": 3.468164, "log_mass": 5.877843}, {"country_iso": "BLR", "city_id": 3373, "log_pop": 3.998982, "log_mass": 6.464901}, {"country_iso": "BLR", "city_id": 3373, "log_pop": 3.709061, "log_mass": 6.213727}, {"country_iso": "BLR", "city_id": 3401, "log_pop": 4.430384, "log_mass": 6.586141}, {"country_iso": "BLR", "city_id": 3373, "log_pop": 3.029941, "log_mass": 6.094605}, {"country_iso": "BLR", "city_id": 3310, "log_pop": 4.359886, "log_mass": 6.615627}, {"country_iso": "BLR", "city_id": 3450, "log_pop": 3.838672, "log_mass": 6.384196}, {"country_iso": "BLR", "city_id": 3450, "log_pop": 4.233258, "log_mass": 6.649737}, {"country_iso": "BLR", "city_id": 3382, "log_pop": 4.005031, "log_mass": 6.485527}, {"country_iso": "BLR", "city_id": 3450, "log_pop": 3.676206, "log_mass": 6.052154}, {"country_iso": "BLR", "city_id": 3325, "log_pop": 3.773693, "log_mass": 6.35457}, {"country_iso": "BLR", "city_id": 3466, "log_pop": 4.181389, "log_mass": 6.537094}, {"country_iso": "BLR", "city_id": 3401, "log_pop": 4.506459, "log_mass": 6.62721}, {"country_iso": "BLR", "city_id": 3450, "log_pop": 2.047053, "log_mass": 4.681267}, {"country_iso": "BLR", "city_id": 3325, "log_pop": 3.696746, "log_mass": 6.177614}, {"country_iso": "BLR", "city_id": 3401, "log_pop": 4.21953, "log_mass": 6.277391}, {"country_iso": "BLR", "city_id": 3401, "log_pop": 1.410619, "log_mass": 4.907117}, {"country_iso": "BLR", "city_id": 3449, "log_pop": 4.186423, "log_mass": 6.637676}, {"country_iso": "BLR", "city_id": 3325, "log_pop": 3.943442, "log_mass": 6.329398}, {"country_iso": "BLR", "city_id": 3382, "log_pop": 3.623971, "log_mass": 6.290037}, {"country_iso": "BLR", "city_id": 3310, "log_pop": 4.294321, "log_mass": 6.580523}, {"country_iso": "BLR", "city_id": 3310, "log_pop": 4.124605, "log_mass": 6.442858}, {"country_iso": "BLR", "city_id": 3450, "log_pop": 1.810117, "log_mass": 4.861456}, {"country_iso": "BLR", "city_id": 3506, "log_pop": 3.566428, "log_mass": 5.907028}, {"country_iso": "BLR", "city_id": 3506, "log_pop": 4.280977, "log_mass": 6.610527}, {"country_iso": "BLR", "city_id": 3325, "log_pop": 1.672261, "log_mass": 5.007476}, {"country_iso": "BLR", "city_id": 3401, "log_pop": 2.974131, "log_mass": 6.549814}, {"country_iso": "BLR", "city_id": 3506, "log_pop": 4.352404, "log_mass": 6.580329}, {"country_iso": "BLR", "city_id": 3401, "log_pop": 3.023974, "log_mass": 6.634506}, {"country_iso": "BLR", "city_id": 3449, "log_pop": 1.373533, "log_mass": 3.902842}, {"country_iso": "BLR", "city_id": 3401, "log_pop": 3.242614, "log_mass": 5.772874}, {"country_iso": "BLR", "city_id": 3325, "log_pop": 4.014808, "log_mass": 6.565172}, {"country_iso": "BLR", "city_id": 3373, "log_pop": 2.505088, "log_mass": 5.499523}, {"country_iso": "BLR", "city_id": 3506, "log_pop": 2.270127, "log_mass": 4.749489}, {"country_iso": "BLR", "city_id": 3450, "log_pop": 2.967395, "log_mass": 5.255296}, {"country_iso": "BLR", "city_id": 3449, "log_pop": 3.927852, "log_mass": 6.589884}, {"country_iso": "BLR", "city_id": 3401, "log_pop": 4.585359, "log_mass": 6.696718}, {"country_iso": "BLR", "city_id": 3401, "log_pop": 4.530082, "log_mass": 6.633835}, {"country_iso": "BLR", "city_id": 3506, "log_pop": 2.634233, "log_mass": 4.901616}, {"country_iso": "BLR", "city_id": 3401, "log_pop": 4.377472, "log_mass": 6.580095}, {"country_iso": "BLR", "city_id": 3450, "log_pop": 4.210163, "log_mass": 6.5567}, {"country_iso": "BLR", "city_id": 3506, "log_pop": 2.924352, "log_mass": 5.320891}, {"country_iso": "BLR", "city_id": 3449, "log_pop": 2.901092, "log_mass": 5.562079}, {"country_iso": "BLR", "city_id": 3401, "log_pop": 4.305104, "log_mass": 6.415787}, {"country_iso": "BLR", "city_id": 3466, "log_pop": 4.230813, "log_mass": 6.6603}, {"country_iso": "BLR", "city_id": 3401, "log_pop": 4.569661, "log_mass": 6.771179}, {"country_iso": "BLR", "city_id": 3466, "log_pop": 4.313498, "log_mass": 6.623654}, {"country_iso": "BLR", "city_id": 3401, "log_pop": 3.00763, "log_mass": 5.831061}, {"country_iso": "BLR", "city_id": 3506, "log_pop": 3.81888, "log_mass": 6.317997}, {"country_iso": "BLR", "city_id": 3401, "log_pop": 3.882532, "log_mass": 6.320265}, {"country_iso": "BLR", "city_id": 3325, "log_pop": 0.690946, "log_mass": 4.11176}, {"country_iso": "BLR", "city_id": 3450, "log_pop": 4.180212, "log_mass": 6.565513}, {"country_iso": "BLR", "city_id": 3401, "log_pop": 2.390964, "log_mass": 5.96931}, {"country_iso": "BLR", "city_id": 3310, "log_pop": 3.870444, "log_mass": 6.0929}, {"country_iso": "BLR", "city_id": 3382, "log_pop": 4.388857, "log_mass": 6.684948}, {"country_iso": "BLR", "city_id": 3401, "log_pop": 4.570717, "log_mass": 6.764218}, {"country_iso": "BLR", "city_id": 3373, "log_pop": 1.989357, "log_mass": 5.315522}, {"country_iso": "BLR", "city_id": 3310, "log_pop": 3.314454, "log_mass": 6.197783}, {"country_iso": "BLR", "city_id": 3506, "log_pop": 4.205488, "log_mass": 6.651347}, {"country_iso": "BLR", "city_id": 3466, "log_pop": 3.923322, "log_mass": 6.336364}, {"country_iso": "BLR", "city_id": 3401, "log_pop": 4.058334, "log_mass": 6.290239}, {"country_iso": "BLR", "city_id": 3506, "log_pop": 4.284112, "log_mass": 6.599995}, {"country_iso": "BLR", "city_id": 3450, "log_pop": 4.191138, "log_mass": 6.566517}, {"country_iso": "BLR", "city_id": 3449, "log_pop": 3.245777, "log_mass": 6.083396}, {"country_iso": "BLR", "city_id": 3401, "log_pop": 4.487821, "log_mass": 6.587004}, {"country_iso": "BLR", "city_id": 3401, "log_pop": 4.599243, "log_mass": 6.845332}, {"country_iso": "BLR", "city_id": 3382, "log_pop": 3.672858, "log_mass": 6.093016}, {"country_iso": "BLR", "city_id": 3466, "log_pop": 4.241837, "log_mass": 6.577155}, {"country_iso": "BLR", "city_id": 3506, "log_pop": 3.865753, "log_mass": 6.331848}, {"country_iso": "BLR", "city_id": 3466, "log_pop": 2.201549, "log_mass": 4.553563}, {"country_iso": "BLR", "city_id": 3382, "log_pop": 1.314155, "log_mass": 4.92326}, {"country_iso": "BLR", "city_id": 3401, "log_pop": 4.415797, "log_mass": 6.491843}, {"country_iso": "BLR", "city_id": 3401, "log_pop": 3.25366, "log_mass": 5.757149}, {"country_iso": "BLR", "city_id": 3466, "log_pop": 3.85853, "log_mass": 6.260334}, {"country_iso": "BLR", "city_id": 3449, "log_pop": 3.995344, "log_mass": 6.562174}, {"country_iso": "BLR", "city_id": 3466, "log_pop": 4.057354, "log_mass": 6.40128}, {"country_iso": "BLR", "city_id": 3373, "log_pop": 4.128696, "log_mass": 6.633563}, {"country_iso": "BLR", "city_id": 3310, "log_pop": 1.608826, "log_mass": 5.138812}, {"country_iso": "BLR", "city_id": 3401, "log_pop": 4.518011, "log_mass": 6.650424}, {"country_iso": "BLR", "city_id": 3466, "log_pop": 2.91268, "log_mass": 6.165498}, {"country_iso": "BLR", "city_id": 3450, "log_pop": 4.243621, "log_mass": 6.637002}, {"country_iso": "BLR", "city_id": 3466, "log_pop": 3.879653, "log_mass": 6.355708}, {"country_iso": "BLR", "city_id": 3373, "log_pop": 2.605917, "log_mass": 5.247266}, {"country_iso": "BLR", "city_id": 3401, "log_pop": 3.023132, "log_mass": 6.505476}, {"country_iso": "BLR", "city_id": 3401, "log_pop": 3.901765, "log_mass": 6.32916}, {"country_iso": "BLR", "city_id": 3449, "log_pop": 2.558162, "log_mass": 5.478183}, {"country_iso": "BLR", "city_id": 3382, "log_pop": 3.845777, "log_mass": 6.31821}, {"country_iso": "BLR", "city_id": 3401, "log_pop": 3.089546, "log_mass": 5.648838}, {"country_iso": "BLR", "city_id": 3325, "log_pop": 1.974078, "log_mass": 4.844115}, {"country_iso": "BLR", "city_id": 3450, "log_pop": 0.408367, "log_mass": 3.717006}, {"country_iso": "BLR", "city_id": 3450, "log_pop": 2.908561, "log_mass": 5.306909}, {"country_iso": "BLR", "city_id": 3401, "log_pop": 3.603195, "log_mass": 6.259676}, {"country_iso": "BLR", "city_id": 3401, "log_pop": 4.581872, "log_mass": 6.744392}, {"country_iso": "BLR", "city_id": 3401, "log_pop": 3.719023, "log_mass": 6.279894}, {"country_iso": "BLR", "city_id": 3449, "log_pop": 4.020159, "log_mass": 6.513976}, {"country_iso": "BLR", "city_id": 3450, "log_pop": 0.355182, "log_mass": 3.789358}, {"country_iso": "BLR", "city_id": 3466, "log_pop": 1.452956, "log_mass": 4.735855}, {"country_iso": "BLR", "city_id": 3450, "log_pop": 3.77505, "log_mass": 6.373477}, {"country_iso": "BLR", "city_id": 3401, "log_pop": 4.117552, "log_mass": 6.342785}, {"country_iso": "BLR", "city_id": 3382, "log_pop": 4.034863, "log_mass": 6.598872}, {"country_iso": "BLR", "city_id": 3466, "log_pop": 4.077204, "log_mass": 6.601421}, {"country_iso": "BLR", "city_id": 3401, "log_pop": 0.69542, "log_mass": 4.50145}, {"country_iso": "BLR", "city_id": 3401, "log_pop": 2.353786, "log_mass": 5.980298}, {"country_iso": "BLR", "city_id": 3401, "log_pop": 1.255733, "log_mass": 4.641921}, {"country_iso": "BLR", "city_id": 3373, "log_pop": 2.231959, "log_mass": 4.584245}, {"country_iso": "BLR", "city_id": 3466, "log_pop": 3.325822, "log_mass": 5.628412}, {"country_iso": "BLR", "city_id": 3401, "log_pop": 4.39919, "log_mass": 6.557383}, {"country_iso": "BLR", "city_id": 3506, "log_pop": 4.057115, "log_mass": 6.410284}, {"country_iso": "BLR", "city_id": 3373, "log_pop": 2.441486, "log_mass": 4.895826}, {"country_iso": "BLR", "city_id": 3382, "log_pop": 2.703265, "log_mass": 6.227355}, {"country_iso": "BLR", "city_id": 3325, "log_pop": 3.412442, "log_mass": 6.285769}, {"country_iso": "BLR", "city_id": 3401, "log_pop": 3.199465, "log_mass": 5.606489}, {"country_iso": "BLR", "city_id": 3401, "log_pop": 4.556748, "log_mass": 6.821639}, {"country_iso": "BLR", "city_id": 3450, "log_pop": 4.082792, "log_mass": 6.516599}, {"country_iso": "BLR", "city_id": 3401, "log_pop": 4.331454, "log_mass": 6.489322}, {"country_iso": "BLR", "city_id": 3449, "log_pop": 4.210781, "log_mass": 6.703703}, {"country_iso": "BLR", "city_id": 3401, "log_pop": 4.481014, "log_mass": 6.720116}, {"country_iso": "BLR", "city_id": 3401, "log_pop": 4.414804, "log_mass": 6.503758}, {"country_iso": "BLR", "city_id": 3401, "log_pop": 4.635752, "log_mass": 6.896934}, {"country_iso": "BLR", "city_id": 3449, "log_pop": 2.983595, "log_mass": 5.55715}, {"country_iso": "BLR", "city_id": 3401, "log_pop": 4.196409, "log_mass": 6.37297}, {"country_iso": "BLR", "city_id": 3466, "log_pop": 3.682032, "log_mass": 6.192383}, {"country_iso": "BLR", "city_id": 3401, "log_pop": 4.054755, "log_mass": 6.529073}, {"country_iso": "BLR", "city_id": 3450, "log_pop": 1.501155, "log_mass": 4.9372}, {"country_iso": "BLR", "city_id": 3373, "log_pop": 4.024417, "log_mass": 6.562312}, {"country_iso": "BLR", "city_id": 3506, "log_pop": 3.048927, "log_mass": 5.778531}, {"country_iso": "BLR", "city_id": 3506, "log_pop": 4.426096, "log_mass": 6.682648}, {"country_iso": "BLR", "city_id": 3310, "log_pop": 3.902409, "log_mass": 6.309026}, {"country_iso": "BLR", "city_id": 3506, "log_pop": 3.260835, "log_mass": 5.962157}, {"country_iso": "BLR", "city_id": 3450, "log_pop": 3.567048, "log_mass": 6.003377}, {"country_iso": "BLR", "city_id": 3401, "log_pop": 4.192617, "log_mass": 6.303441}, {"country_iso": "BLR", "city_id": 3449, "log_pop": 1.554174, "log_mass": 4.277811}, {"country_iso": "BLR", "city_id": 3466, "log_pop": 3.768443, "log_mass": 6.246996}, {"country_iso": "BLR", "city_id": 3450, "log_pop": 2.721118, "log_mass": 5.108236}, {"country_iso": "BLR", "city_id": 3401, "log_pop": 4.324988, "log_mass": 6.356372}, {"country_iso": "BLR", "city_id": 3310, "log_pop": 3.334408, "log_mass": 5.597992}, {"country_iso": "BLR", "city_id": 3325, "log_pop": 4.335664, "log_mass": 6.616491}, {"country_iso": "BLR", "city_id": 3401, "log_pop": 4.547434, "log_mass": 6.825668}, {"country_iso": "BLR", "city_id": 3401, "log_pop": 4.579496, "log_mass": 6.650762}, {"country_iso": "BLR", "city_id": 3506, "log_pop": 3.466404, "log_mass": 6.166276}, {"country_iso": "BLR", "city_id": 3450, "log_pop": 3.92615, "log_mass": 6.336734}, {"country_iso": "BLR", "city_id": 3401, "log_pop": 1.237408, "log_mass": 4.896412}, {"country_iso": "BLR", "city_id": 3382, "log_pop": 2.782606, "log_mass": 6.268946}, {"country_iso": "BLR", "city_id": 3450, "log_pop": 3.018094, "log_mass": 5.477229}, {"country_iso": "BLR", "city_id": 3325, "log_pop": 2.696619, "log_mass": 6.245147}, {"country_iso": "BLR", "city_id": 3466, "log_pop": 4.128806, "log_mass": 6.5177}, {"country_iso": "BLR", "city_id": 3373, "log_pop": 4.093354, "log_mass": 6.667403}, {"country_iso": "BLR", "city_id": 3373, "log_pop": 4.075985, "log_mass": 6.632083}, {"country_iso": "BLR", "city_id": 3466, "log_pop": 2.736006, "log_mass": 6.171307}, {"country_iso": "BLR", "city_id": 3310, "log_pop": 3.730773, "log_mass": 6.082642}, {"country_iso": "BLR", "city_id": 3449, "log_pop": 3.340554, "log_mass": 5.970621}, {"country_iso": "BLR", "city_id": 3401, "log_pop": 3.246292, "log_mass": 5.419903}, {"country_iso": "BLR", "city_id": 3382, "log_pop": 4.089219, "log_mass": 6.409365}, {"country_iso": "BLR", "city_id": 3373, "log_pop": 3.017298, "log_mass": 5.803959}, {"country_iso": "BLR", "city_id": 3506, "log_pop": 4.34919, "log_mass": 6.671991}, {"country_iso": "BLR", "city_id": 3450, "log_pop": 0.936535, "log_mass": 4.536651}, {"country_iso": "BLR", "city_id": 3325, "log_pop": 4.14274, "log_mass": 6.55617}, {"country_iso": "BLR", "city_id": 3506, "log_pop": 4.301595, "log_mass": 6.555224}, {"country_iso": "BLR", "city_id": 3401, "log_pop": 3.512775, "log_mass": 6.046431}, {"country_iso": "BLR", "city_id": 3450, "log_pop": 3.291204, "log_mass": 5.831136}, {"country_iso": "BLR", "city_id": 3401, "log_pop": 4.478556, "log_mass": 6.634993}, {"country_iso": "BLR", "city_id": 3310, "log_pop": 2.766088, "log_mass": 5.104328}, {"country_iso": "BLR", "city_id": 3401, "log_pop": 4.507019, "log_mass": 6.73947}, {"country_iso": "BLR", "city_id": 3401, "log_pop": 3.974184, "log_mass": 6.394652}, {"country_iso": "BLR", "city_id": 3401, "log_pop": 4.605731, "log_mass": 6.79967}, {"country_iso": "BLR", "city_id": 3325, "log_pop": 1.337577, "log_mass": 5.405514}, {"country_iso": "BLR", "city_id": 3401, "log_pop": 4.373733, "log_mass": 6.546096}, {"country_iso": "BLR", "city_id": 3449, "log_pop": 3.205631, "log_mass": 5.92435}, {"country_iso": "BLR", "city_id": 3401, "log_pop": 4.579104, "log_mass": 6.835022}, {"country_iso": "BLR", "city_id": 3401, "log_pop": 3.767706, "log_mass": 6.604562}, {"country_iso": "BLR", "city_id": 3450, "log_pop": 1.763866, "log_mass": 4.184011}, {"country_iso": "BLR", "city_id": 3325, "log_pop": 4.411193, "log_mass": 6.802083}, {"country_iso": "BLR", "city_id": 3466, "log_pop": 1.940803, "log_mass": 4.452807}, {"country_iso": "BLR", "city_id": 3325, "log_pop": 4.207538, "log_mass": 6.468717}, {"country_iso": "BLR", "city_id": 3449, "log_pop": 4.096187, "log_mass": 6.585348}, {"country_iso": "BLR", "city_id": 3310, "log_pop": 3.674176, "log_mass": 5.993958}, {"country_iso": "BLR", "city_id": 3450, "log_pop": 4.134141, "log_mass": 6.493119}, {"country_iso": "BLR", "city_id": 3401, "log_pop": 4.465502, "log_mass": 6.564899}, {"country_iso": "BLR", "city_id": 3310, "log_pop": 4.126564, "log_mass": 6.494059}, {"country_iso": "BLR", "city_id": 3401, "log_pop": 1.519968, "log_mass": 5.11919}, {"country_iso": "BLR", "city_id": 3401, "log_pop": 4.2068, "log_mass": 6.301989}, {"country_iso": "BLR", "city_id": 3506, "log_pop": 3.150235, "log_mass": 5.917778}, {"country_iso": "BLR", "city_id": 3450, "log_pop": 1.751338, "log_mass": 5.141382}, {"country_iso": "BLR", "city_id": 3373, "log_pop": 4.213166, "log_mass": 6.733593}, {"country_iso": "BLR", "city_id": 3466, "log_pop": 3.269654, "log_mass": 6.165553}, {"country_iso": "BLR", "city_id": 3310, "log_pop": 3.295067, "log_mass": 6.25329}, {"country_iso": "BLR", "city_id": 3325, "log_pop": 2.783609, "log_mass": 5.541722}, {"country_iso": "BLR", "city_id": 3310, "log_pop": 4.261314, "log_mass": 6.619617}, {"country_iso": "BLR", "city_id": 3466, "log_pop": 1.75741, "log_mass": 5.466235}, {"country_iso": "BLR", "city_id": 3325, "log_pop": 3.841959, "log_mass": 6.264886}, {"country_iso": "BLR", "city_id": 3325, "log_pop": 3.742052, "log_mass": 6.179005}, {"country_iso": "BLR", "city_id": 3401, "log_pop": 4.343603, "log_mass": 6.515178}, {"country_iso": "BLR", "city_id": 3310, "log_pop": 4.362595, "log_mass": 6.584036}, {"country_iso": "BLR", "city_id": 3401, "log_pop": 3.85058, "log_mass": 6.020376}, {"country_iso": "BLR", "city_id": 3382, "log_pop": 3.509609, "log_mass": 6.050273}, {"country_iso": "BLR", "city_id": 3373, "log_pop": 3.261378, "log_mass": 6.100592}, {"country_iso": "BLR", "city_id": 3450, "log_pop": 3.969718, "log_mass": 6.331896}, {"country_iso": "BLR", "city_id": 3401, "log_pop": 3.72144, "log_mass": 6.226274}, {"country_iso": "BLR", "city_id": 3449, "log_pop": 3.21798, "log_mass": 5.701806}, {"country_iso": "BLR", "city_id": 3401, "log_pop": 1.842833, "log_mass": 5.529909}, {"country_iso": "BLR", "city_id": 3450, "log_pop": 0.64613, "log_mass": 3.148053}, {"country_iso": "BLR", "city_id": 3325, "log_pop": 3.492072, "log_mass": 6.180487}, {"country_iso": "BLR", "city_id": 3466, "log_pop": 3.217054, "log_mass": 6.1493}, {"country_iso": "BLR", "city_id": 3310, "log_pop": 4.33332, "log_mass": 6.543837}, {"country_iso": "BLR", "city_id": 3401, "log_pop": 4.251371, "log_mass": 6.468817}, {"country_iso": "BLR", "city_id": 3466, "log_pop": 4.149492, "log_mass": 6.48833}, {"country_iso": "BLR", "city_id": 3373, "log_pop": 3.568133, "log_mass": 6.033049}, {"country_iso": "BLR", "city_id": 3310, "log_pop": 4.464157, "log_mass": 6.674562}, {"country_iso": "BLR", "city_id": 3325, "log_pop": 2.951103, "log_mass": 5.523159}, {"country_iso": "BLR", "city_id": 3506, "log_pop": 4.436889, "log_mass": 6.843479}, {"country_iso": "BLR", "city_id": 3401, "log_pop": 1.696769, "log_mass": 5.215067}, {"country_iso": "BLR", "city_id": 3382, "log_pop": 0.649516, "log_mass": 4.299457}, {"country_iso": "BLR", "city_id": 3325, "log_pop": 0.30252, "log_mass": 3.98754}, {"country_iso": "BLR", "city_id": 3401, "log_pop": 4.133523, "log_mass": 6.523395}, {"country_iso": "BLR", "city_id": 3466, "log_pop": 1.574104, "log_mass": 5.071471}, {"country_iso": "BLR", "city_id": 3466, "log_pop": 3.146568, "log_mass": 6.094597}, {"country_iso": "BLR", "city_id": 3401, "log_pop": 2.59701, "log_mass": 6.189703}, {"country_iso": "BLR", "city_id": 3449, "log_pop": 4.060683, "log_mass": 6.50608}, {"country_iso": "BLR", "city_id": 3466, "log_pop": 1.751763, "log_mass": 4.323378}, {"country_iso": "BLR", "city_id": 3506, "log_pop": 4.263324, "log_mass": 6.632081}, {"country_iso": "BLR", "city_id": 3506, "log_pop": 4.416001, "log_mass": 6.769459}, {"country_iso": "BLR", "city_id": 3449, "log_pop": 4.017066, "log_mass": 6.573824}, {"country_iso": "BLR", "city_id": 3450, "log_pop": 4.112516, "log_mass": 6.492867}, {"country_iso": "BLR", "city_id": 3401, "log_pop": 2.449062, "log_mass": 5.9418}, {"country_iso": "BLR", "city_id": 3506, "log_pop": 4.265115, "log_mass": 6.491393}, {"country_iso": "BLR", "city_id": 3401, "log_pop": 4.559182, "log_mass": 6.685585}, {"country_iso": "BLR", "city_id": 3466, "log_pop": 0.121255, "log_mass": 3.942274}, {"country_iso": "BLR", "city_id": 3450, "log_pop": 3.781396, "log_mass": 6.128992}, {"country_iso": "BLR", "city_id": 3401, "log_pop": 4.57395, "log_mass": 6.820483}, {"country_iso": "BLR", "city_id": 3325, "log_pop": 3.452128, "log_mass": 5.839683}, {"country_iso": "BLR", "city_id": 3325, "log_pop": 4.276067, "log_mass": 6.606488}, {"country_iso": "BLR", "city_id": 3450, "log_pop": 3.794465, "log_mass": 6.224499}, {"country_iso": "BLR", "city_id": 3449, "log_pop": 3.426432, "log_mass": 6.046664}, {"country_iso": "BLR", "city_id": 3449, "log_pop": 3.947968, "log_mass": 6.465362}, {"country_iso": "BLR", "city_id": 3401, "log_pop": 2.146398, "log_mass": 5.691742}, {"country_iso": "BLR", "city_id": 3449, "log_pop": 1.964486, "log_mass": 5.025827}, {"country_iso": "BLR", "city_id": 3325, "log_pop": 3.772083, "log_mass": 6.178342}, {"country_iso": "BLR", "city_id": 3401, "log_pop": 3.298952, "log_mass": 5.577014}, {"country_iso": "BLR", "city_id": 3325, "log_pop": 0.765346, "log_mass": 5.070194}, {"country_iso": "BLR", "city_id": 3382, "log_pop": 1.800354, "log_mass": 4.907211}, {"country_iso": "BLR", "city_id": 3506, "log_pop": 3.073206, "log_mass": 6.269821}, {"country_iso": "BLR", "city_id": 3373, "log_pop": 2.863311, "log_mass": 6.095711}, {"country_iso": "BLR", "city_id": 3382, "log_pop": 3.170075, "log_mass": 5.711018}, {"country_iso": "BLR", "city_id": 3325, "log_pop": 4.23996, "log_mass": 6.587727}, {"country_iso": "BLR", "city_id": 3401, "log_pop": 4.434597, "log_mass": 6.65646}, {"country_iso": "BLR", "city_id": 3449, "log_pop": 3.832627, "log_mass": 6.436967}, {"country_iso": "BLR", "city_id": 3325, "log_pop": 4.255575, "log_mass": 6.619778}, {"country_iso": "BLR", "city_id": 3310, "log_pop": 3.703088, "log_mass": 5.988388}, {"country_iso": "BLR", "city_id": 3466, "log_pop": 4.166225, "log_mass": 6.609433}, {"country_iso": "BLR", "city_id": 3325, "log_pop": 3.696392, "log_mass": 6.026671}, {"country_iso": "BLR", "city_id": 3450, "log_pop": 4.225046, "log_mass": 6.636889}, {"country_iso": "BLR", "city_id": 3506, "log_pop": 3.419415, "log_mass": 5.775166}, {"country_iso": "BLR", "city_id": 3449, "log_pop": 3.502944, "log_mass": 6.11447}, {"country_iso": "BLR", "city_id": 3373, "log_pop": 3.0591, "log_mass": 5.699318}, {"country_iso": "BLR", "city_id": 3401, "log_pop": 3.084772, "log_mass": 5.541094}, {"country_iso": "BLR", "city_id": 3382, "log_pop": 1.777212, "log_mass": 5.372452}, {"country_iso": "BLR", "city_id": 3450, "log_pop": 1.915359, "log_mass": 5.227713}, {"country_iso": "BLR", "city_id": 3401, "log_pop": 4.128368, "log_mass": 6.170283}, {"country_iso": "BLR", "city_id": 3401, "log_pop": 3.106866, "log_mass": 6.674422}, {"country_iso": "BLR", "city_id": 3401, "log_pop": 4.487096, "log_mass": 6.551099}, {"country_iso": "BLR", "city_id": 3466, "log_pop": 3.395956, "log_mass": 6.19968}, {"country_iso": "BLR", "city_id": 3466, "log_pop": 4.023014, "log_mass": 6.427808}, {"country_iso": "BLR", "city_id": 3373, "log_pop": 4.144667, "log_mass": 6.572561}, {"country_iso": "BLR", "city_id": 3401, "log_pop": 4.614664, "log_mass": 6.691743}, {"country_iso": "BLR", "city_id": 3450, "log_pop": 3.404128, "log_mass": 5.724656}, {"country_iso": "BLR", "city_id": 3506, "log_pop": 4.219224, "log_mass": 6.536363}, {"country_iso": "BLR", "city_id": 3382, "log_pop": 3.141659, "log_mass": 5.983908}, {"country_iso": "BLR", "city_id": 3466, "log_pop": 2.973851, "log_mass": 5.502394}, {"country_iso": "BLR", "city_id": 3401, "log_pop": 3.701076, "log_mass": 5.940723}, {"country_iso": "BLR", "city_id": 3450, "log_pop": 3.957738, "log_mass": 6.337469}, {"country_iso": "BLR", "city_id": 3466, "log_pop": 1.273393, "log_mass": 4.968702}]