[{"country_iso": "MAR", "city_id": 1595, "log_pop": 4.607771, "log_mass": 6.281474, "log_pop_c": 0.978637, "log_mass_c": 0.548997}, {"country_iso": "MAR", "city_id": 1733, "log_pop": 3.806913, "log_mass": 5.96828, "log_pop_c": 0.591734, "log_mass_c": 0.482082}, {"country_iso": "MAR", "city_id": 1575, "log_pop": 3.258684, "log_mass": 5.583127, "log_pop_c": -0.557408, "log_mass_c": -0.365598}, {"country_iso": "MAR", "city_id": 1575, "log_pop": 1.659047, "log_mass": 4.618326, "log_pop_c": -2.157046, "log_mass_c": -1.3304}, {"country_iso": "MAR", "city_id": 1652, "log_pop": 4.706711, "log_mass": 6.477996, "log_pop_c": 1.397215, "log_mass_c": 1.020316}, {"country_iso": "MAR", "city_id": 1544, "log_pop": 2.547337, "log_mass": 5.051414, "log_pop_c": -1.234604, "log_mass_c": -0.915646}, {"country_iso": "MAR", "city_id": 1595, "log_pop": 3.390449, "log_mass": 5.529408, "log_pop_c": -0.238686, "log_mass_c": -0.203069}, {"country_iso": "MAR", "city_id": 1643, "log_pop": 4.445678, "log_mass": 6.30335, "log_pop_c": 1.067988, "log_mass_c": 0.808529}, {"country_iso": "MAR", "city_id": 1575, "log_pop": 4.821894, "log_mass": 6.249433, "log_pop_c": 1.005802, "log_mass_c": 0.300708}, {"country_iso": "MAR", "city_id": 1765, "log_pop": 3.244656, "log_mass": 5.438192, "log_pop_c": -0.02277, "log_mass_c": 0.091583}, {"country_iso": "MAR", "city_id": 1664, "log_pop": 2.863565, "log_mass": 4.738865, "log_pop_c": -0.725993, "log_mass_c": -0.884911}, {"country_iso": "MAR", "city_id": 1635, "log_pop": 3.487548, "log_mass": 5.98284, "log_pop_c": 0.293509, "log_mass_c": 0.625482}, {"country_iso": "MAR", "city_id": 1635, "log_pop": 3.064902, "log_mass": 5.312168, "log_pop_c": -0.129138, "log_mass_c": -0.045191}, {"country_iso": "MAR", "city_id": 1575, "log_pop": 3.781984, "log_mass": 5.996985, "log_pop_c": -0.034108, "log_mass_c": 0.04826}, {"country_iso": "MAR", "city_id": 1575, "log_pop": 3.290661, "log_mass": 5.334111, "log_pop_c": -0.525431, "log_mass_c": -0.614614}, {"country_iso": "MAR", "city_id": 1734, "log_pop": 3.644409, "log_mass": 6.084059, "log_pop_c": 0.64088, "log_mass_c": 0.66733}, {"country_iso": "MAR", "city_id": 1575, "log_pop": 4.570063, "log_mass": 6.679374, "log_pop_c": 0.753971, "log_mass_c": 0.730649}, {"country_iso": "MAR", "city_id": 1544, "log_pop": 4.28539, "log_mass": 6.49584, "log_pop_c": 0.503449, "log_mass_c": 0.528781}, {"country_iso": "MAR", "city_id": 1575, "log_pop": 3.589265, "log_mass": 5.66832, "log_pop_c": -0.226827, "log_mass_c": -0.280405}, {"country_iso": "MAR", "city_id": 1664, "log_pop": 4.620644, "log_mass": 6.350912, "log_pop_c": 1.031086, "log_mass_c": 0.727136}, {"country_iso": "MAR", "city_id": 1664, "log_pop": 3.369753, "log_mass": 5.70118, "log_pop_c": -0.219805, "log_mass_c": 0.077404}, {"country_iso": "MAR", "city_id": 1635, "log_pop": 2.542876, "log_mass": 4.523659, "log_pop_c": -0.651163, "log_mass_c": -0.833699}, {"country_iso": "MAR", "city_id": 1570, "log_pop": 3.766866, "log_mass": 6.103104, "log_pop_c": 0.395067, "log_mass_c": 0.418531}, {"country_iso": "MAR", "city_id": 1643, "log_pop": 2.255709, "log_mass": 4.157769, "log_pop_c": -1.121981, "log_mass_c": -1.337052}, {"country_iso": "MAR", "city_id": 1544, "log_pop": 3.212324, "log_mass": 5.553062, "log_pop_c": -0.569617, "log_mass_c": -0.413997}, {"country_iso": "MAR", "city_id": 1544, "log_pop": 4.714629, "log_mass": 6.52998, "log_pop_c": 0.932688, "log_mass_c": 0.562921}, {"country_iso": "MAR", "city_id": 1664, "log_pop": 3.04788, "log_mass": 4.841639, "log_pop_c": -0.541678, "log_mass_c": -0.782137}, {"country_iso": "MAR", "city_id": 1595, "log_pop": 2.768596, "log_mass": 4.935134, "log_pop_c": -0.860538, "log_mass_c": -0.797343}, {"country_iso": "MAR", "city_id": 1787, "log_pop": 4.210494, "log_mass": 6.260011, "log_pop_c": 0.586742, "log_mass_c": 0.406718}, {"country_iso": "MAR", "city_id": 1575, "log_pop": 4.612136, "log_mass": 6.605051, "log_pop_c": 0.796044, "log_mass_c": 0.656326}, {"country_iso": "MAR", "city_id": 1575, "log_pop": 3.362459, "log_mass": 5.576399, "log_pop_c": -0.453634, "log_mass_c": -0.372326}, {"country_iso": "MAR", "city_id": 1570, "log_pop": 3.252277, "log_mass": 5.767666, "log_pop_c": -0.119522, "log_mass_c": 0.083093}, {"country_iso": "MAR", "city_id": 1575, "log_pop": 3.682545, "log_mass": 6.053194, "log_pop_c": -0.133548, "log_mass_c": 0.104469}, {"country_iso": "MAR", "city_id": 1643, "log_pop": 3.457852, "log_mass": 5.843128, "log_pop_c": 0.080162, "log_mass_c": 0.348306}, {"country_iso": "MAR", "city_id": 1595, "log_pop": 2.144783, "log_mass": 4.286343, "log_pop_c": -1.484352, "log_mass_c": -1.446133}, {"country_iso": "MAR", "city_id": 1664, "log_pop": 0.033335, "log_mass": 3.41566, "log_pop_c": -3.556223, "log_mass_c": -2.208116}, {"country_iso": "MAR", "city_id": 1604, "log_pop": 2.72547, "log_mass": 4.827183, "log_pop_c": -0.728909, "log_mass_c": -0.803253}, {"country_iso": "MAR", "city_id": 1604, "log_pop": 2.543642, "log_mass": 4.838258, "log_pop_c": -0.910737, "log_mass_c": -0.792178}, {"country_iso": "MAR", "city_id": 1635, "log_pop": 4.663618, "log_mass": 6.51857, "log_pop_c": 1.469579, "log_mass_c": 1.161212}, {"country_iso": "MAR", "city_id": 1664, "log_pop": 2.308793, "log_mass": 4.651267, "log_pop_c": -1.280765, "log_mass_c": -0.972509}, {"country_iso": "MAR", "city_id": 1595, "log_pop": 4.41666, "log_mass": 6.40278, "log_pop_c": 0.787525, "log_mass_c": 0.670303}, {"country_iso": "MAR", "city_id": 1664, "log_pop": 1.187327, "log_mass": 4.23695, "log_pop_c": -2.402231, "log_mass_c": -1.386827}, {"country_iso": "MAR", "city_id": 1595, "log_pop": 1.985651, "log_mass": 4.242387, "log_pop_c": -1.643484, "log_mass_c": -1.490089}, {"country_iso": "MAR", "city_id": 1664, "log_pop": 4.563566, "log_mass": 6.544814, "log_pop_c": 0.974008, "log_mass_c": 0.921038}, {"country_iso": "MAR", "city_id": 1595, "log_pop": 2.841409, "log_mass": 5.471084, "log_pop_c": -0.787726, "log_mass_c": -0.261393}, {"country_iso": "MAR", "city_id": 1664, "log_pop": 4.492128, "log_mass": 6.213249, "log_pop_c": 0.90257, "log_mass_c": 0.589473}, {"country_iso": "MAR", "city_id": 1664, "log_pop": 4.392038, "log_mass": 6.175367, "log_pop_c": 0.80248, "log_mass_c": 0.551591}, {"country_iso": "MAR", "city_id": 1547, "log_pop": 4.538567, "log_mass": 6.306698, "log_pop_c": 1.221535, "log_mass_c": 0.871314}, {"country_iso": "MAR", "city_id": 1575, "log_pop": 5.323547, "log_mass": 6.593924, "log_pop_c": 1.507455, "log_mass_c": 0.645198}, {"country_iso": "MAR", "city_id": 1595, "log_pop": 2.620147, "log_mass": 4.888601, "log_pop_c": -1.008988, "log_mass_c": -0.843876}, {"country_iso": "MAR", "city_id": 1604, "log_pop": 4.431137, "log_mass": 6.52162, "log_pop_c": 0.976758, "log_mass_c": 0.891184}, {"country_iso": "MAR", "city_id": 1733, "log_pop": 3.432909, "log_mass": 5.931873, "log_pop_c": 0.21773, "log_mass_c": 0.445675}, {"country_iso": "MAR", "city_id": 1570, "log_pop": 2.906797, "log_mass": 4.669484, "log_pop_c": -0.465002, "log_mass_c": -1.015089}, {"country_iso": "MAR", "city_id": 1604, "log_pop": 2.142446, "log_mass": 4.73633, "log_pop_c": -1.311934, "log_mass_c": -0.894106}, {"country_iso": "MAR", "city_id": 1575, "log_pop": 4.140564, "log_mass": 6.230653, "log_pop_c": 0.324472, "log_mass_c": 0.281928}, {"country_iso": "MAR", "city_id": 1575, "log_pop": 4.00138, "log_mass": 6.168966, "log_pop_c": 0.185287, "log_mass_c": 0.220241}, {"country_iso": "MAR", "city_id": 1787, "log_pop": 4.319667, "log_mass": 6.442453, "log_pop_c": 0.695915, "log_mass_c": 0.589159}, {"country_iso": "MAR", "city_id": 1575, "log_pop": 4.292428, "log_mass": 6.045012, "log_pop_c": 0.476336, "log_mass_c": 0.096287}, {"country_iso": "MAR", "city_id": 1787, "log_pop": 4.207912, "log_mass": 6.265197, "log_pop_c": 0.584161, "log_mass_c": 0.411904}, {"country_iso": "MAR", "city_id": 1595, "log_pop": 4.121442, "log_mass": 6.096919, "log_pop_c": 0.492307, "log_mass_c": 0.364442}, {"country_iso": "MAR", "city_id": 1575, "log_pop": 4.030362, "log_mass": 6.097872, "log_pop_c": 0.21427, "log_mass_c": 0.149146}, {"country_iso": "MAR", "city_id": 1787, "log_pop": 3.33824, "log_mass": 5.485225, "log_pop_c": -0.285512, "log_mass_c": -0.368068}, {"country_iso": "MAR", "city_id": 1787, "log_pop": 4.641147, "log_mass": 6.578046, "log_pop_c": 1.017395, "log_mass_c": 0.724752}, {"country_iso": "MAR", "city_id": 1595, "log_pop": 4.220442, "log_mass": 6.463396, "log_pop_c": 0.591307, "log_mass_c": 0.730919}, {"country_iso": "MAR", "city_id": 1595, "log_pop": 2.176141, "log_mass": 4.77876, "log_pop_c": -1.452994, "log_mass_c": -0.953717}, {"country_iso": "MAR", "city_id": 1734, "log_pop": 3.976472, "log_mass": 6.38733, "log_pop_c": 0.972944, "log_mass_c": 0.9706}, {"country_iso": "MAR", "city_id": 1604, "log_pop": 3.224681, "log_mass": 5.32988, "log_pop_c": -0.229699, "log_mass_c": -0.300556}, {"country_iso": "MAR", "city_id": 1575, "log_pop": 4.363162, "log_mass": 6.601398, "log_pop_c": 0.54707, "log_mass_c": 0.652672}, {"country_iso": "MAR", "city_id": 1595, "log_pop": 3.895677, "log_mass": 6.263973, "log_pop_c": 0.266543, "log_mass_c": 0.531496}, {"country_iso": "MAR", "city_id": 1595, "log_pop": 4.511301, "log_mass": 6.365407, "log_pop_c": 0.882167, "log_mass_c": 0.63293}, {"country_iso": "MAR", "city_id": 1595, "log_pop": 2.611752, "log_mass": 4.684102, "log_pop_c": -1.017383, "log_mass_c": -1.048374}, {"country_iso": "MAR", "city_id": 1575, "log_pop": 4.821101, "log_mass": 6.052048, "log_pop_c": 1.005008, "log_mass_c": 0.103323}, {"country_iso": "MAR", "city_id": 1765, "log_pop": 1.565612, "log_mass": 3.82058, "log_pop_c": -1.701813, "log_mass_c": -1.52603}, {"country_iso": "MAR", "city_id": 1595, "log_pop": 3.934195, "log_mass": 6.048112, "log_pop_c": 0.305061, "log_mass_c": 0.315635}, {"country_iso": "MAR", "city_id": 1595, "log_pop": 4.242435, "log_mass": 6.312935, "log_pop_c": 0.6133, "log_mass_c": 0.580458}, {"country_iso": "MAR", "city_id": 1575, "log_pop": 4.331472, "log_mass": 6.392408, "log_pop_c": 0.51538, "log_mass_c": 0.443683}, {"country_iso": "MAR", "city_id": 1733, "log_pop": 4.427918, "log_mass": 6.462865, "log_pop_c": 1.21274, "log_mass_c": 0.976668}, {"country_iso": "MAR", "city_id": 1544, "log_pop": 4.074224, "log_mass": 6.078329, "log_pop_c": 0.292283, "log_mass_c": 0.11127}, {"country_iso": "MAR", "city_id": 1595, "log_pop": 2.257283, "log_mass": 4.300891, "log_pop_c": -1.371852, "log_mass_c": -1.431586}, {"country_iso": "MAR", "city_id": 1643, "log_pop": 4.266933, "log_mass": 6.074599, "log_pop_c": 0.889243, "log_mass_c": 0.579778}, {"country_iso": "MAR", "city_id": 1570, "log_pop": 1.934843, "log_mass": 5.098945, "log_pop_c": -1.436957, "log_mass_c": -0.585628}, {"country_iso": "MAR", "city_id": 1595, "log_pop": 4.538189, "log_mass": 6.590177, "log_pop_c": 0.909054, "log_mass_c": 0.8577}, {"country_iso": "MAR", "city_id": 1595, "log_pop": 1.702723, "log_mass": 4.723375, "log_pop_c": -1.926412, "log_mass_c": -1.009102}, {"country_iso": "MAR", "city_id": 1765, "log_pop": 3.945138, "log_mass": 5.972073, "log_pop_c": 0.677712, "log_mass_c": 0.625463}, {"country_iso": "MAR", "city_id": 1734, "log_pop": 2.222937, "log_mass": 5.147771, "log_pop_c": -0.780591, "log_mass_c": -0.268958}, {"country_iso": "MAR", "city_id": 1595, "log_pop": 2.595861, "log_mass": 4.509868, "log_pop_c": -1.033273, "log_mass_c": -1.222609}, {"country_iso": "MAR", "city_id": 1595, "log_pop": 2.557048, "log_mass": 5.501998, "log_pop_c": -1.072086, "log_mass_c": -0.230479}, {"country_iso": "MAR", "city_id": 1635, "log_pop": 3.638784, "log_mass": 5.814504, "log_pop_c": 0.444745, "log_mass_c": 0.457146}, {"country_iso": "MAR", "city_id": 1664, "log_pop": 4.252207, "log_mass": 5.783032, "log_pop_c": 0.662649, "log_mass_c": 0.159256}, {"country_iso": "MAR", "city_id": 1734, "log_pop": 3.852276, "log_mass": 6.370435, "log_pop_c": 0.848748, "log_mass_c": 0.953706}, {"country_iso": "MAR", "city_id": 1570, "log_pop": 1.867916, "log_mass": 4.644771, "log_pop_c": -1.503883, "log_mass_c": -1.039802}, {"country_iso": "MAR", "city_id": 1765, "log_pop": 4.541761, "log_mass": 6.39368, "log_pop_c": 1.274335, "log_mass_c": 1.047071}, {"country_iso": "MAR", "city_id": 1787, "log_pop": 4.688971, "log_mass": 6.579133, "log_pop_c": 1.065219, "log_mass_c": 0.72584}, {"country_iso": "MAR", "city_id": 1664, "log_pop": 4.201995, "log_mass": 5.998271, "log_pop_c": 0.612437, "log_mass_c": 0.374495}, {"country_iso": "MAR", "city_id": 1595, "log_pop": 3.474752, "log_mass": 5.315549, "log_pop_c": -0.154383, "log_mass_c": -0.416928}, {"country_iso": "MAR", "city_id": 1575, "log_pop": 2.922807, "log_mass": 5.254139, "log_pop_c": -0.893285, "log_mass_c": -0.694586}, {"country_iso": "MAR", "city_id": 1733, "log_pop": 1.361088, "log_mass": 3.917759, "log_pop_c": -1.85409, "log_mass_c": -1.568438}, {"country_iso": "MAR", "city_id": 1664, "log_pop": 4.626572, "log_mass": 6.633719, "log_pop_c": 1.037014, "log_mass_c": 1.009942}, {"country_iso": "MAR", "city_id": 1575, "log_pop": 3.753712, "log_mass": 5.853885, "log_pop_c": -0.06238, "log_mass_c": -0.09484}, {"country_iso": "MAR", "city_id": 1635, "log_pop": 1.156337, "log_mass": 3.103154, "log_pop_c": -2.037702, "log_mass_c": -2.254204}, {"country_iso": "MAR", "city_id": 1547, "log_pop": 3.870208, "log_mass": 6.056893, "log_pop_c": 0.553175, "log_mass_c": 0.621508}, {"country_iso": "MAR", "city_id": 1652, "log_pop": 4.244181, "log_mass": 6.056867, "log_pop_c": 0.934685, "log_mass_c": 0.599187}, {"country_iso": "MAR", "city_id": 1643, "log_pop": 3.318752, "log_mass": 5.546055, "log_pop_c": -0.058938, "log_mass_c": 0.051234}, {"country_iso": "MAR", "city_id": 1575, "log_pop": 4.651626, "log_mass": 6.779334, "log_pop_c": 0.835534, "log_mass_c": 0.830609}, {"country_iso": "MAR", "city_id": 1635, "log_pop": 3.670782, "log_mass": 6.128912, "log_pop_c": 0.476743, "log_mass_c": 0.771554}, {"country_iso": "MAR", "city_id": 1604, "log_pop": 4.347978, "log_mass": 6.304923, "log_pop_c": 0.893599, "log_mass_c": 0.674487}, {"country_iso": "MAR", "city_id": 1604, "log_pop": 3.67156, "log_mass": 5.795114, "log_pop_c": 0.217181, "log_mass_c": 0.164678}, {"country_iso": "MAR", "city_id": 1575, "log_pop": 1.170262, "log_mass": 3.704734, "log_pop_c": -2.64583, "log_mass_c": -2.243992}, {"country_iso": "MAR", "city_id": 1643, "log_pop": 3.697744, "log_mass": 6.109975, "log_pop_c": 0.320054, "log_mass_c": 0.615154}, {"country_iso": "MAR", "city_id": 1604, "log_pop": 3.472119, "log_mass": 5.603916, "log_pop_c": 0.01774, "log_mass_c": -0.02652}, {"country_iso": "MAR", "city_id": 1787, "log_pop": 3.244156, "log_mass": 5.283905, "log_pop_c": -0.379596, "log_mass_c": -0.569389}, {"country_iso": "MAR", "city_id": 1733, "log_pop": 1.174977, "log_mass": 2.992151, "log_pop_c": -2.040201, "log_mass_c": -2.494047}, {"country_iso": "MAR", "city_id": 1652, "log_pop": 4.196127, "log_mass": 6.095032, "log_pop_c": 0.886631, "log_mass_c": 0.637352}, {"country_iso": "MAR", "city_id": 1635, "log_pop": 4.860782, "log_mass": 6.724683, "log_pop_c": 1.666743, "log_mass_c": 1.367325}, {"country_iso": "MAR", "city_id": 1575, "log_pop": 1.943288, "log_mass": 4.853847, "log_pop_c": -1.872805, "log_mass_c": -1.094878}, {"country_iso": "MAR", "city_id": 1595, "log_pop": 4.657385, "log_mass": 6.332591, "log_pop_c": 1.02825, "log_mass_c": 0.600114}, {"country_iso": "MAR", "city_id": 1787, "log_pop": 4.394733, "log_mass": 6.450861, "log_pop_c": 0.770981, "log_mass_c": 0.597568}, {"country_iso": "MAR", "city_id": 1595, "log_pop": 1.889688, "log_mass": 4.74161, "log_pop_c": -1.739447, "log_mass_c": -0.990867}, {"country_iso": "MAR", "city_id": 1595, "log_pop": 3.646615, "log_mass": 5.472434, "log_pop_c": 0.01748, "log_mass_c": -0.260043}, {"country_iso": "MAR", "city_id": 1575, "log_pop": 1.839619, "log_mass": 4.433047, "log_pop_c": -1.976473, "log_mass_c": -1.515678}, {"country_iso": "MAR", "city_id": 1787, "log_pop": 0.688532, "log_mass": 3.982494, "log_pop_c": -2.93522, "log_mass_c": -1.870799}, {"country_iso": "MAR", "city_id": 1787, "log_pop": 4.581335, "log_mass": 6.560325, "log_pop_c": 0.957583, "log_mass_c": 0.707032}, {"country_iso": "MAR", "city_id": 1547, "log_pop": 0.540605, "log_mass": 3.181365, "log_pop_c": -2.776427, "log_mass_c": -2.25402}, {"country_iso": "MAR", "city_id": 1734, "log_pop": 3.421317, "log_mass": 5.521667, "log_pop_c": 0.417789, "log_mass_c": 0.104937}, {"country_iso": "MAR", "city_id": 1544, "log_pop": 3.585384, "log_mass": 5.711412, "log_pop_c": -0.196557, "log_mass_c": -0.255648}, {"country_iso": "MAR", "city_id": 1544, "log_pop": 4.334997, "log_mass": 6.308273, "log_pop_c": 0.553056, "log_mass_c": 0.341213}, {"country_iso": "MAR", "city_id": 1547, "log_pop": 2.083103, "log_mass": 4.773661, "log_pop_c": -1.23393, "log_mass_c": -0.661724}, {"country_iso": "MAR", "city_id": 1664, "log_pop": 4.493676, "log_mass": 6.372826, "log_pop_c": 0.904118, "log_mass_c": 0.74905}, {"country_iso": "MAR", "city_id": 1643, "log_pop": 1.153345, "log_mass": 3.649863, "log_pop_c": -2.224346, "log_mass_c": -1.844958}, {"country_iso": "MAR", "city_id": 1595, "log_pop": 4.880457, "log_mass": 6.516314, "log_pop_c": 1.251322, "log_mass_c": 0.783837}, {"country_iso": "MAR", "city_id": 1544, "log_pop": 4.389459, "log_mass": 6.450136, "log_pop_c": 0.607519, "log_mass_c": 0.483077}, {"country_iso": "MAR", "city_id": 1765, "log_pop": 2.740989, "log_mass": 4.755996, "log_pop_c": -0.526436, "log_mass_c": -0.590613}, {"country_iso": "MAR", "city_id": 1635, "log_pop": 3.584456, "log_mass": 5.906592, "log_pop_c": 0.390417, "log_mass_c": 0.549234}, {"country_iso": "MAR", "city_id": 1558, "log_pop": 3.377325, "log_mass": 5.864041, "log_pop_c": -0.23412, "log_mass_c": 0.073136}, {"country_iso": "MAR", "city_id": 1765, "log_pop": 4.06732, "log_mass": 5.984168, "log_pop_c": 0.799895, "log_mass_c": 0.637558}, {"country_iso": "MAR", "city_id": 1787, "log_pop": 4.378845, "log_mass": 6.418915, "log_pop_c": 0.755094, "log_mass_c": 0.565621}, {"country_iso": "MAR", "city_id": 1575, "log_pop": 5.100002, "log_mass": 6.414103, "log_pop_c": 1.283909, "log_mass_c": 0.465377}, {"country_iso": "MAR", "city_id": 1643, "log_pop": 3.834985, "log_mass": 5.81059, "log_pop_c": 0.457295, "log_mass_c": 0.315769}, {"country_iso": "MAR", "city_id": 1544, "log_pop": 4.60244, "log_mass": 6.621333, "log_pop_c": 0.820499, "log_mass_c": 0.654274}, {"country_iso": "MAR", "city_id": 1595, "log_pop": 1.928044, "log_mass": 4.364653, "log_pop_c": -1.701091, "log_mass_c": -1.367824}, {"country_iso": "MAR", "city_id": 1643, "log_pop": 2.907141, "log_mass": 5.607533, "log_pop_c": -0.470549, "log_mass_c": 0.112711}, {"country_iso": "MAR", "city_id": 1643, "log_pop": 2.133573, "log_mass": 4.249835, "log_pop_c": -1.244117, "log_mass_c": -1.244986}, {"country_iso": "MAR", "city_id": 1544, "log_pop": 3.782209, "log_mass": 6.009354, "log_pop_c": 0.000268, "log_mass_c": 0.042294}, {"country_iso": "MAR", "city_id": 1547, "log_pop": 4.502869, "log_mass": 6.267679, "log_pop_c": 1.185836, "log_mass_c": 0.832295}, {"country_iso": "MAR", "city_id": 1575, "log_pop": 4.909737, "log_mass": 6.583309, "log_pop_c": 1.093644, "log_mass_c": 0.634584}, {"country_iso": "MAR", "city_id": 1575, "log_pop": 4.445212, "log_mass": 6.498941, "log_pop_c": 0.62912, "log_mass_c": 0.550215}, {"country_iso": "MAR", "city_id": 1652, "log_pop": 4.59941, "log_mass": 6.411619, "log_pop_c": 1.289915, "log_mass_c": 0.953939}, {"country_iso": "MAR", "city_id": 1575, "log_pop": 4.454825, "log_mass": 5.76213, "log_pop_c": 0.638733, "log_mass_c": -0.186596}, {"country_iso": "MAR", "city_id": 1575, "log_pop": 4.711154, "log_mass": 6.64958, "log_pop_c": 0.895061, "log_mass_c": 0.700855}, {"country_iso": "MAR", "city_id": 1635, "log_pop": 4.29251, "log_mass": 6.366551, "log_pop_c": 1.098471, "log_mass_c": 1.009192}, {"country_iso": "MAR", "city_id": 1595, "log_pop": 4.470769, "log_mass": 6.459379, "log_pop_c": 0.841634, "log_mass_c": 0.726902}, {"country_iso": "MAR", "city_id": 1570, "log_pop": 3.514721, "log_mass": 5.389142, "log_pop_c": 0.142922, "log_mass_c": -0.295431}, {"country_iso": "MAR", "city_id": 1575, "log_pop": 3.574019, "log_mass": 5.815002, "log_pop_c": -0.242074, "log_mass_c": -0.133723}, {"country_iso": "MAR", "city_id": 1544, "log_pop": 3.03553, "log_mass": 5.763688, "log_pop_c": -0.746411, "log_mass_c": -0.203371}, {"country_iso": "MAR", "city_id": 1643, "log_pop": 4.525968, "log_mass": 6.436001, "log_pop_c": 1.148278, "log_mass_c": 0.94118}, {"country_iso": "MAR", "city_id": 1595, "log_pop": 4.301869, "log_mass": 6.396675, "log_pop_c": 0.672734, "log_mass_c": 0.664198}, {"country_iso": "MAR", "city_id": 1635, "log_pop": 2.271019, "log_mass": 3.765895, "log_pop_c": -0.92302, "log_mass_c": -1.591463}, {"country_iso": "MAR", "city_id": 1575, "log_pop": 4.498003, "log_mass": 6.514476, "log_pop_c": 0.68191, "log_mass_c": 0.565751}, {"country_iso": "MAR", "city_id": 1652, "log_pop": 4.410464, "log_mass": 6.279954, "log_pop_c": 1.100968, "log_mass_c": 0.822274}, {"country_iso": "MAR", "city_id": 1547, "log_pop": 3.216136, "log_mass": 5.358913, "log_pop_c": -0.100897, "log_mass_c": -0.076471}, {"country_iso": "MAR", "city_id": 1544, "log_pop": 2.53538, "log_mass": 4.931532, "log_pop_c": -1.246561, "log_mass_c": -1.035527}, {"country_iso": "MAR", "city_id": 1664, "log_pop": 4.365452, "log_mass": 6.425308, "log_pop_c": 0.775894, "log_mass_c": 0.801532}, {"country_iso": "MAR", "city_id": 1575, "log_pop": 3.13552, "log_mass": 5.694244, "log_pop_c": -0.680573, "log_mass_c": -0.254481}, {"country_iso": "MAR", "city_id": 1575, "log_pop": 5.157458, "log_mass": 6.38632, "log_pop_c": 1.341365, "log_mass_c": 0.437595}, {"country_iso": "MAR", "city_id": 1544, "log_pop": 3.793739, "log_mass": 6.076007, "log_pop_c": 0.011798, "log_mass_c": 0.108948}, {"country_iso": "MAR", "city_id": 1664, "log_pop": 4.469889, "log_mass": 6.557343, "log_pop_c": 0.880331, "log_mass_c": 0.933567}, {"country_iso": "MAR", "city_id": 1570, "log_pop": 4.528001, "log_mass": 6.536524, "log_pop_c": 1.156201, "log_mass_c": 0.851951}, {"country_iso": "MAR", "city_id": 1595, "log_pop": 2.94136, "log_mass": 5.576681, "log_pop_c": -0.687774, "log_mass_c": -0.155795}, {"country_iso": "MAR", "city_id": 1544, "log_pop": 3.899949, "log_mass": 6.179248, "log_pop_c": 0.118008, "log_mass_c": 0.212189}, {"country_iso": "MAR", "city_id": 1652, "log_pop": 2.60412, "log_mass": 4.772433, "log_pop_c": -0.705376, "log_mass_c": -0.685247}, {"country_iso": "MAR", "city_id": 1595, "log_pop": 3.970004, "log_mass": 6.010227, "log_pop_c": 0.34087, "log_mass_c": 0.27775}, {"country_iso": "MAR", "city_id": 1604, "log_pop": 3.28834, "log_mass": 5.642943, "log_pop_c": -0.16604, "log_mass_c": 0.012507}, {"country_iso": "MAR", "city_id": 1575, "log_pop": 4.490921, "log_mass": 6.545661, "log_pop_c": 0.674829, "log_mass_c": 0.596936}, {"country_iso": "MAR", "city_id": 1575, "log_pop": 4.77891, "log_mass": 6.770233, "log_pop_c": 0.962818, "log_mass_c": 0.821508}, {"country_iso": "MAR", "city_id": 1547, "log_pop": 4.304499, "log_mass": 6.255375, "log_pop_c": 0.987466, "log_mass_c": 0.819991}, {"country_iso": "MAR", "city_id": 1544, "log_pop": 3.170187, "log_mass": 5.263849, "log_pop_c": -0.611754, "log_mass_c": -0.703211}, {"country_iso": "MAR", "city_id": 1575, "log_pop": 4.083723, "log_mass": 5.886174, "log_pop_c": 0.267631, "log_mass_c": -0.062551}, {"country_iso": "MAR", "city_id": 1575, "log_pop": 2.544793, "log_mass": 5.358099, "log_pop_c": -1.2713, "log_mass_c": -0.590626}, {"country_iso": "MAR", "city_id": 1570, "log_pop": 4.379106, "log_mass": 6.12888, "log_pop_c": 1.007306, "log_mass_c": 0.444307}, {"country_iso": "MAR", "city_id": 1733, "log_pop": 3.576122, "log_mass": 6.009054, "log_pop_c": 0.360943, "log_mass_c": 0.522857}, {"country_iso": "MAR", "city_id": 1635, "log_pop": 3.227322, "log_mass": 5.389218, "log_pop_c": 0.033283, "log_mass_c": 0.03186}, {"country_iso": "MAR", "city_id": 1575, "log_pop": 4.413149, "log_mass": 6.35263, "log_pop_c": 0.597057, "log_mass_c": 0.403905}, {"country_iso": "MAR", "city_id": 1575, "log_pop": 2.628, "log_mass": 4.347128, "log_pop_c": -1.188092, "log_mass_c": -1.601597}, {"country_iso": "MAR", "city_id": 1558, "log_pop": 3.962021, "log_mass": 5.946964, "log_pop_c": 0.350576, "log_mass_c": 0.156058}, {"country_iso": "MAR", "city_id": 1604, "log_pop": 4.197999, "log_mass": 6.327669, "log_pop_c": 0.74362, "log_mass_c": 0.697233}, {"country_iso": "MAR", "city_id": 1734, "log_pop": 4.746243, "log_mass": 6.555444, "log_pop_c": 1.742715, "log_mass_c": 1.138714}, {"country_iso": "MAR", "city_id": 1643, "log_pop": 4.267185, "log_mass": 6.018454, "log_pop_c": 0.889495, "log_mass_c": 0.523633}, {"country_iso": "MAR", "city_id": 1544, "log_pop": 2.87183, "log_mass": 5.116362, "log_pop_c": -0.910111, "log_mass_c": -0.850698}, {"country_iso": "MAR", "city_id": 1570, "log_pop": 4.637094, "log_mass": 6.621825, "log_pop_c": 1.265294, "log_mass_c": 0.937253}, {"country_iso": "MAR", "city_id": 1787, "log_pop": 3.56727, "log_mass": 5.596775, "log_pop_c": -0.056482, "log_mass_c": -0.256518}, {"country_iso": "MAR", "city_id": 1575, "log_pop": 3.938999, "log_mass": 5.987081, "log_pop_c": 0.122906, "log_mass_c": 0.038356}, {"country_iso": "MAR", "city_id": 1604, "log_pop": 3.395151, "log_mass": 5.418098, "log_pop_c": -0.059229, "log_mass_c": -0.212338}, {"country_iso": "MAR", "city_id": 1652, "log_pop": 3.393002, "log_mass": 5.558112, "log_pop_c": 0.083506, "log_mass_c": 0.100431}, {"country_iso": "MAR", "city_id": 1652, "log_pop": 2.659722, "log_mass": 4.548049, "log_pop_c": -0.649774, "log_mass_c": -0.909632}, {"country_iso": "MAR", "city_id": 1547, "log_pop": 3.853754, "log_mass": 5.85596, "log_pop_c": 0.536722, "log_mass_c": 0.420576}, {"country_iso": "MAR", "city_id": 1547, "log_pop": 3.526205, "log_mass": 5.832542, "log_pop_c": 0.209172, "log_mass_c": 0.397157}, {"country_iso": "MAR", "city_id": 1787, "log_pop": 1.677262, "log_mass": 5.077312, "log_pop_c": -1.94649, "log_mass_c": -0.775981}, {"country_iso": "MAR", "city_id": 1570, "log_pop": 4.138022, "log_mass": 6.381582, "log_pop_c": 0.766223, "log_mass_c": 0.697009}, {"country_iso": "MAR", "city_id": 1643, "log_pop": 4.116169, "log_mass": 6.334433, "log_pop_c": 0.738479, "log_mass_c": 0.839612}, {"country_iso": "MAR", "city_id": 1664, "log_pop": 4.411009, "log_mass": 6.317289, "log_pop_c": 0.821451, "log_mass_c": 0.693513}, {"country_iso": "MAR", "city_id": 1733, "log_pop": 3.640252, "log_mass": 5.8452, "log_pop_c": 0.425074, "log_mass_c": 0.359003}, {"country_iso": "MAR", "city_id": 1604, "log_pop": 3.141434, "log_mass": 5.268395, "log_pop_c": -0.312946, "log_mass_c": -0.362041}, {"country_iso": "MAR", "city_id": 1635, "log_pop": 0.731357, "log_mass": 3.280453, "log_pop_c": -2.462682, "log_mass_c": -2.076905}, {"country_iso": "MAR", "city_id": 1595, "log_pop": 3.911419, "log_mass": 5.913228, "log_pop_c": 0.282284, "log_mass_c": 0.180751}, {"country_iso": "MAR", "city_id": 1558, "log_pop": 2.941717, "log_mass": 5.495858, "log_pop_c": -0.669727, "log_mass_c": -0.295048}, {"country_iso": "MAR", "city_id": 1544, "log_pop": 4.207641, "log_mass": 6.092971, "log_pop_c": 0.4257, "log_mass_c": 0.125912}, {"country_iso": "MAR", "city_id": 1558, "log_pop": 3.758188, "log_mass": 5.847769, "log_pop_c": 0.146743, "log_mass_c": 0.056864}, {"country_iso": "MAR", "city_id": 1575, "log_pop": 3.68388, "log_mass": 6.070465, "log_pop_c": -0.132213, "log_mass_c": 0.12174}, {"country_iso": "MAR", "city_id": 1544, "log_pop": 4.071888, "log_mass": 6.356635, "log_pop_c": 0.289947, "log_mass_c": 0.389576}, {"country_iso": "MAR", "city_id": 1544, "log_pop": 3.113579, "log_mass": 5.417007, "log_pop_c": -0.668362, "log_mass_c": -0.550053}, {"country_iso": "MAR", "city_id": 1664, "log_pop": 4.575164, "log_mass": 5.917712, "log_pop_c": 0.985606, "log_mass_c": 0.293936}, {"country_iso": "MAR", "city_id": 1570, "log_pop": 4.061196, "log_mass": 6.155557, "log_pop_c": 0.689396, "log_mass_c": 0.470984}, {"country_iso": "MAR", "city_id": 1652, "log_pop": 3.741106, "log_mass": 5.69631, "log_pop_c": 0.431611, "log_mass_c": 0.23863}, {"country_iso": "MAR", "city_id": 1570, "log_pop": 2.472598, "log_mass": 5.812044, "log_pop_c": -0.899202, "log_mass_c": 0.127471}, {"country_iso": "MAR", "city_id": 1635, "log_pop": 3.959313, "log_mass": 6.180126, "log_pop_c": 0.765274, "log_mass_c": 0.822768}, {"country_iso": "MAR", "city_id": 1787, "log_pop": 0.564151, "log_mass": 3.292597, "log_pop_c": -3.059601, "log_mass_c": -2.560696}, {"country_iso": "MAR", "city_id": 1664, "log_pop": 3.407506, "log_mass": 5.133636, "log_pop_c": -0.182051, "log_mass_c": -0.49014}, {"country_iso": "MAR", "city_id": 1575, "log_pop": 4.411248, "log_mass": 6.350506, "log_pop_c": 0.595155, "log_mass_c": 0.401781}, {"country_iso": "MAR", "city_id": 1664, "log_pop": 4.685613, "log_mass": 6.430302, "log_pop_c": 1.096055, "log_mass_c": 0.806525}, {"country_iso": "MAR", "city_id": 1595, "log_pop": 4.253894, "log_mass": 6.095397, "log_pop_c": 0.624759, "log_mass_c": 0.36292}, {"country_iso": "MAR", "city_id": 1635, "log_pop": 5.221536, "log_mass": 6.567981, "log_pop_c": 2.027496, "log_mass_c": 1.210622}, {"country_iso": "MAR", "city_id": 1575, "log_pop": 3.018565, "log_mass": 5.727859, "log_pop_c": -0.797527, "log_mass_c": -0.220867}, {"country_iso": "MAR", "city_id": 1643, "log_pop": 2.648239, "log_mass": 4.98485, "log_pop_c": -0.729451, "log_mass_c": -0.509971}, {"country_iso": "MAR", "city_id": 1635, "log_pop": 4.706625, "log_mass": 6.361165, "log_pop_c": 1.512586, "log_mass_c": 1.003807}, {"country_iso": "MAR", "city_id": 1575, "log_pop": 2.85599, "log_mass": 5.374769, "log_pop_c": -0.960103, "log_mass_c": -0.573957}, {"country_iso": "MAR", "city_id": 1575, "log_pop": 4.596738, "log_mass": 6.508684, "log_pop_c": 0.780646, "log_mass_c": 0.559959}, {"country_iso": "MAR", "city_id": 1570, "log_pop": 4.504494, "log_mass": 6.271947, "log_pop_c": 1.132694, "log_mass_c": 0.587374}, {"country_iso": "MAR", "city_id": 1643, "log_pop": 4.333401, "log_mass": 6.21281, "log_pop_c": 0.955711, "log_mass_c": 0.717989}, {"country_iso": "MAR", "city_id": 1604, "log_pop": 4.128126, "log_mass": 6.156272, "log_pop_c": 0.673747, "log_mass_c": 0.525836}, {"country_iso": "MAR", "city_id": 1664, "log_pop": 4.432526, "log_mass": 6.23949, "log_pop_c": 0.842968, "log_mass_c": 0.615714}, {"country_iso": "MAR", "city_id": 1765, "log_pop": 3.884164, "log_mass": 5.946724, "log_pop_c": 0.616739, "log_mass_c": 0.600114}, {"country_iso": "MAR", "city_id": 1733, "log_pop": 2.882189, "log_mass": 5.218, "log_pop_c": -0.33299, "log_mass_c": -0.268197}, {"country_iso": "MAR", "city_id": 1635, "log_pop": 1.281293, "log_mass": 4.397877, "log_pop_c": -1.912746, "log_mass_c": -0.959481}, {"country_iso": "MAR", "city_id": 1635, "log_pop": 3.457524, "log_mass": 5.385635, "log_pop_c": 0.263485, "log_mass_c": 0.028277}, {"country_iso": "MAR", "city_id": 1547, "log_pop": 3.578899, "log_mass": 5.824094, "log_pop_c": 0.261867, "log_mass_c": 0.388709}, {"country_iso": "MAR", "city_id": 1544, "log_pop": 3.521953, "log_mass": 5.763724, "log_pop_c": -0.259988, "log_mass_c": -0.203335}, {"country_iso": "MAR", "city_id": 1547, "log_pop": 2.567222, "log_mass": 4.4987, "log_pop_c": -0.749811, "log_mass_c": -0.936684}, {"country_iso": "MAR", "city_id": 1664, "log_pop": 2.916011, "log_mass": 5.232211, "log_pop_c": -0.673546, "log_mass_c": -0.391565}, {"country_iso": "MAR", "city_id": 1595, "log_pop": 4.050652, "log_mass": 5.959313, "log_pop_c": 0.421517, "log_mass_c": 0.226836}, {"country_iso": "MAR", "city_id": 1604, "log_pop": 3.026556, "log_mass": 4.978713, "log_pop_c": -0.427823, "log_mass_c": -0.651723}, {"country_iso": "MAR", "city_id": 1575, "log_pop": 3.640235, "log_mass": 5.646838, "log_pop_c": -0.175858, "log_mass_c": -0.301887}, {"country_iso": "MAR", "city_id": 1604, "log_pop": 2.224084, "log_mass": 5.016742, "log_pop_c": -1.230296, "log_mass_c": -0.613694}, {"country_iso": "MAR", "city_id": 1575, "log_pop": 1.657336, "log_mass": 4.633796, "log_pop_c": -2.158756, "log_mass_c": -1.314929}, {"country_iso": "MAR", "city_id": 1575, "log_pop": 2.490907, "log_mass": 5.106842, "log_pop_c": -1.325185, "log_mass_c": -0.841883}, {"country_iso": "MAR", "city_id": 1575, "log_pop": 5.014581, "log_mass": 6.642143, "log_pop_c": 1.198488, "log_mass_c": 0.693418}, {"country_iso": "MAR", "city_id": 1635, "log_pop": 4.021265, "log_mass": 5.56712, "log_pop_c": 0.827226, "log_mass_c": 0.209762}, {"country_iso": "MAR", "city_id": 1635, "log_pop": 3.342522, "log_mass": 5.759216, "log_pop_c": 0.148483, "log_mass_c": 0.401858}, {"country_iso": "MAR", "city_id": 1575, "log_pop": 4.741836, "log_mass": 6.720493, "log_pop_c": 0.925743, "log_mass_c": 0.771768}, {"country_iso": "MAR", "city_id": 1604, "log_pop": 4.465775, "log_mass": 6.451323, "log_pop_c": 1.011396, "log_mass_c": 0.820887}, {"country_iso": "MAR", "city_id": 1544, "log_pop": 3.906002, "log_mass": 6.094157, "log_pop_c": 0.124061, "log_mass_c": 0.127097}, {"country_iso": "MAR", "city_id": 1544, "log_pop": 4.499123, "log_mass": 6.491242, "log_pop_c": 0.717182, "log_mass_c": 0.524183}, {"country_iso": "MAR", "city_id": 1664, "log_pop": 3.367788, "log_mass": 5.759318, "log_pop_c": -0.22177, "log_mass_c": 0.135542}, {"country_iso": "MAR", "city_id": 1575, "log_pop": 2.978351, "log_mass": 5.633399, "log_pop_c": -0.837741, "log_mass_c": -0.315326}, {"country_iso": "MAR", "city_id": 1544, "log_pop": 2.937017, "log_mass": 5.243732, "log_pop_c": -0.844924, "log_mass_c": -0.723328}, {"country_iso": "MAR", "city_id": 1635, "log_pop": 3.951651, "log_mass": 6.219074, "log_pop_c": 0.757612, "log_mass_c": 0.861716}, {"country_iso": "MAR", "city_id": 1575, "log_pop": 3.076158, "log_mass": 5.534537, "log_pop_c": -0.739934, "log_mass_c": -0.414188}, {"country_iso": "MAR", "city_id": 1575, "log_pop": 3.337659, "log_mass": 5.669176, "log_pop_c": -0.478434, "log_mass_c": -0.27955}, {"country_iso": "MAR", "city_id": 1575, "log_pop": 3.677875, "log_mass": 5.652035, "log_pop_c": -0.138218, "log_mass_c": -0.29669}, {"country_iso": "MAR", "city_id": 1575, "log_pop": 4.501543, "log_mass": 6.572619, "log_pop_c": 0.685451, "log_mass_c": 0.623893}, {"country_iso": "MAR", "city_id": 1558, "log_pop": 2.952149, "log_mass": 5.418175, "log_pop_c": -0.659296, "log_mass_c": -0.372731}, {"country_iso": "MAR", "city_id": 1604, "log_pop": 2.85767, "log_mass": 5.142303, "log_pop_c": -0.59671, "log_mass_c": -0.488132}, {"country_iso": "MAR", "city_id": 1575, "log_pop": 3.998151, "log_mass": 6.424569, "log_pop_c": 0.182058, "log_mass_c": 0.475843}, {"country_iso": "MAR", "city_id": 1575, "log_pop": 4.965774, "log_mass": 6.734145, "log_pop_c": 1.149681, "log_mass_c": 0.78542}, {"country_iso": "MAR", "city_id": 1643, "log_pop": 3.525439, "log_mass": 5.562137, "log_pop_c": 0.147749, "log_mass_c": 0.067316}, {"country_iso": "MAR", "city_id": 1547, "log_pop": 4.509788, "log_mass": 6.361609, "log_pop_c": 1.192756, "log_mass_c": 0.926224}, {"country_iso": "MAR", "city_id": 1595, "log_pop": 4.978108, "log_mass": 6.552711, "log_pop_c": 1.348973, "log_mass_c": 0.820234}, {"country_iso": "MAR", "city_id": 1595, "log_pop": 4.493857, "log_mass": 6.362793, "log_pop_c": 0.864722, "log_mass_c": 0.630316}, {"country_iso": "MAR", "city_id": 1595, "log_pop": 2.107102, "log_mass": 4.814228, "log_pop_c": -1.522032, "log_mass_c": -0.918249}, {"country_iso": "MAR", "city_id": 1595, "log_pop": 3.713914, "log_mass": 6.420572, "log_pop_c": 0.084779, "log_mass_c": 0.688095}, {"country_iso": "MAR", "city_id": 1575, "log_pop": 4.59077, "log_mass": 6.398359, "log_pop_c": 0.774678, "log_mass_c": 0.449633}, {"country_iso": "MAR", "city_id": 1570, "log_pop": 4.287295, "log_mass": 6.523853, "log_pop_c": 0.915496, "log_mass_c": 0.83928}, {"country_iso": "MAR", "city_id": 1575, "log_pop": 4.452335, "log_mass": 6.385721, "log_pop_c": 0.636242, "log_mass_c": 0.436996}, {"country_iso": "MAR", "city_id": 1635, "log_pop": 1.505615, "log_mass": 4.982697, "log_pop_c": -1.688424, "log_mass_c": -0.374662}, {"country_iso": "MAR", "city_id": 1635, "log_pop": 1.050268, "log_mass": 3.352545, "log_pop_c": -2.143771, "log_mass_c": -2.004813}, {"country_iso": "MAR", "city_id": 1544, "log_pop": 1.686283, "log_mass": 4.180582, "log_pop_c": -2.095658, "log_mass_c": -1.786478}, {"country_iso": "MAR", "city_id": 1558, "log_pop": 2.470425, "log_mass": 4.763057, "log_pop_c": -1.14102, "log_mass_c": -1.027849}, {"country_iso": "MAR", "city_id": 1570, "log_pop": 1.641158, "log_mass": 3.817585, "log_pop_c": -1.730642, "log_mass_c": -1.866988}, {"country_iso": "MAR", "city_id": 1643, "log_pop": 0.000777, "log_mass": 2.803532, "log_pop_c": -3.376913, "log_mass_c": -2.691289}, {"country_iso": "MAR", "city_id": 1635, "log_pop": 4.57405, "log_mass": 6.24299, "log_pop_c": 1.380011, "log_mass_c": 0.885632}, {"country_iso": "MAR", "city_id": 1544, "log_pop": 3.805677, "log_mass": 6.152285, "log_pop_c": 0.023736, "log_mass_c": 0.185225}, {"country_iso": "MAR", "city_id": 1575, "log_pop": 3.432236, "log_mass": 5.785796, "log_pop_c": -0.383857, "log_mass_c": -0.162929}, {"country_iso": "MAR", "city_id": 1575, "log_pop": 3.621392, "log_mass": 5.907022, "log_pop_c": -0.1947, "log_mass_c": -0.041703}, {"country_iso": "MAR", "city_id": 1635, "log_pop": 1.386444, "log_mass": 4.286184, "log_pop_c": -1.807595, "log_mass_c": -1.071174}, {"country_iso": "MAR", "city_id": 1575, "log_pop": 3.916805, "log_mass": 6.021449, "log_pop_c": 0.100713, "log_mass_c": 0.072724}, {"country_iso": "MAR", "city_id": 1643, "log_pop": 4.119941, "log_mass": 5.92446, "log_pop_c": 0.742251, "log_mass_c": 0.429639}, {"country_iso": "MAR", "city_id": 1575, "log_pop": 4.755125, "log_mass": 6.556077, "log_pop_c": 0.939033, "log_mass_c": 0.607352}, {"country_iso": "MAR", "city_id": 1595, "log_pop": 4.211398, "log_mass": 6.581491, "log_pop_c": 0.582263, "log_mass_c": 0.849014}, {"country_iso": "MAR", "city_id": 1635, "log_pop": 2.064428, "log_mass": 4.164055, "log_pop_c": -1.129611, "log_mass_c": -1.193303}, {"country_iso": "MAR", "city_id": 1575, "log_pop": 4.611282, "log_mass": 6.803395, "log_pop_c": 0.79519, "log_mass_c": 0.85467}, {"country_iso": "MAR", "city_id": 1733, "log_pop": 3.759236, "log_mass": 5.967119, "log_pop_c": 0.544057, "log_mass_c": 0.480922}, {"country_iso": "MAR", "city_id": 1575, "log_pop": 3.78327, "log_mass": 6.443852, "log_pop_c": -0.032822, "log_mass_c": 0.495126}, {"country_iso": "MAR", "city_id": 1664, "log_pop": 3.742303, "log_mass": 5.906961, "log_pop_c": 0.152745, "log_mass_c": 0.283185}, {"country_iso": "MAR", "city_id": 1595, "log_pop": 4.799889, "log_mass": 6.522617, "log_pop_c": 1.170754, "log_mass_c": 0.79014}, {"country_iso": "MAR", "city_id": 1664, "log_pop": 3.26424, "log_mass": 5.226217, "log_pop_c": -0.325318, "log_mass_c": -0.397559}, {"country_iso": "MAR", "city_id": 1570, "log_pop": 4.362456, "log_mass": 6.270954, "log_pop_c": 0.990657, "log_mass_c": 0.586381}, {"country_iso": "MAR", "city_id": 1570, "log_pop": 2.692394, "log_mass": 5.302065, "log_pop_c": -0.679405, "log_mass_c": -0.382508}, {"country_iso": "MAR", "city_id": 1652, "log_pop": 1.920832, "log_mass": 4.598491, "log_pop_c": -1.388664, "log_mass_c": -0.85919}, {"country_iso": "MAR", "city_id": 1787, "log_pop": 3.984086, "log_mass": 6.260503, "log_pop_c": 0.360335, "log_mass_c": 0.40721}, {"country_iso": "MAR", "city_id": 1733, "log_pop": 3.841551, "log_mass": 6.105567, "log_pop_c": 0.626372, "log_mass_c": 0.61937}, {"country_iso": "MAR", "city_id": 1765, "log_pop": 2.02475, "log_mass": 4.344626, "log_pop_c": -1.242676, "log_mass_c": -1.001984}, {"country_iso": "MAR", "city_id": 1547, "log_pop": 2.597155, "log_mass": 4.249884, "log_pop_c": -0.719877, "log_mass_c": -1.185501}, {"country_iso": "MAR", "city_id": 1635, "log_pop": 3.785153, "log_mass": 5.963088, "log_pop_c": 0.591114, "log_mass_c": 0.60573}, {"country_iso": "MAR", "city_id": 1575, "log_pop": 1.851026, "log_mass": 4.491146, "log_pop_c": -1.965066, "log_mass_c": -1.457579}, {"country_iso": "MAR", "city_id": 1595, "log_pop": 3.962507, "log_mass": 5.996308, "log_pop_c": 0.333372, "log_mass_c": 0.263831}, {"country_iso": "MAR", "city_id": 1544, "log_pop": 3.728898, "log_mass": 6.060351, "log_pop_c": -0.053043, "log_mass_c": 0.093291}, {"country_iso": "MAR", "city_id": 1643, "log_pop": 4.352299, "log_mass": 6.271763, "log_pop_c": 0.974609, "log_mass_c": 0.776942}, {"country_iso": "MAR", "city_id": 1734, "log_pop": 0.676009, "log_mass": 3.472684, "log_pop_c": -2.327519, "log_mass_c": -1.944046}, {"country_iso": "MAR", "city_id": 1570, "log_pop": 5.292934, "log_mass": 6.619225, "log_pop_c": 1.921134, "log_mass_c": 0.934652}, {"country_iso": "MAR", "city_id": 1575, "log_pop": 2.933445, "log_mass": 5.221064, "log_pop_c": -0.882647, "log_mass_c": -0.727661}, {"country_iso": "MAR", "city_id": 1575, "log_pop": 3.401834, "log_mass": 5.849411, "log_pop_c": -0.414258, "log_mass_c": -0.099314}, {"country_iso": "MAR", "city_id": 1547, "log_pop": 2.239811, "log_mass": 4.620457, "log_pop_c": -1.077222, "log_mass_c": -0.814928}, {"country_iso": "MAR", "city_id": 1733, "log_pop": 4.44901, "log_mass": 6.392094, "log_pop_c": 1.233832, "log_mass_c": 0.905897}, {"country_iso": "MAR", "city_id": 1575, "log_pop": 3.751492, "log_mass": 5.960996, "log_pop_c": -0.0646, "log_mass_c": 0.012271}, {"country_iso": "MAR", "city_id": 1544, "log_pop": 4.580929, "log_mass": 6.579707, "log_pop_c": 0.798988, "log_mass_c": 0.612647}, {"country_iso": "MAR", "city_id": 1595, "log_pop": 4.118168, "log_mass": 5.899963, "log_pop_c": 0.489033, "log_mass_c": 0.167486}, {"country_iso": "MAR", "city_id": 1558, "log_pop": 3.667781, "log_mass": 5.786936, "log_pop_c": 0.056337, "log_mass_c": -0.00397}, {"country_iso": "MAR", "city_id": 1575, "log_pop": 4.2746, "log_mass": 6.346266, "log_pop_c": 0.458508, "log_mass_c": 0.39754}, {"country_iso": "MAR", "city_id": 1787, "log_pop": 3.529116, "log_mass": 5.659207, "log_pop_c": -0.094636, "log_mass_c": -0.194087}, {"country_iso": "MAR", "city_id": 1558, "log_pop": 4.204826, "log_mass": 6.267783, "log_pop_c": 0.593381, "log_mass_c": 0.476878}, {"country_iso": "MAR", "city_id": 1575, "log_pop": 4.438445, "log_mass": 6.933034, "log_pop_c": 0.622353, "log_mass_c": 0.984309}, {"country_iso": "MAR", "city_id": 1643, "log_pop": 4.394965, "log_mass": 6.336939, "log_pop_c": 1.017274, "log_mass_c": 0.842118}, {"country_iso": "MAR", "city_id": 1544, "log_pop": 4.479419, "log_mass": 6.484617, "log_pop_c": 0.697478, "log_mass_c": 0.517557}, {"country_iso": "MAR", "city_id": 1575, "log_pop": 2.284753, "log_mass": 5.042563, "log_pop_c": -1.531339, "log_mass_c": -0.906162}, {"country_iso": "MAR", "city_id": 1544, "log_pop": 4.245441, "log_mass": 6.421382, "log_pop_c": 0.4635, "log_mass_c": 0.454322}, {"country_iso": "MAR", "city_id": 1547, "log_pop": 4.195731, "log_mass": 6.208207, "log_pop_c": 0.878699, "log_mass_c": 0.772823}, {"country_iso": "MAR", "city_id": 1643, "log_pop": 1.205672, "log_mass": 4.1428, "log_pop_c": -2.172019, "log_mass_c": -1.352021}, {"country_iso": "MAR", "city_id": 1595, "log_pop": 3.219136, "log_mass": 5.838619, "log_pop_c": -0.409999, "log_mass_c": 0.106142}, {"country_iso": "MAR", "city_id": 1544, "log_pop": 4.500628, "log_mass": 6.454435, "log_pop_c": 0.718687, "log_mass_c": 0.487376}, {"country_iso": "MAR", "city_id": 1664, "log_pop": 2.659835, "log_mass": 5.157165, "log_pop_c": -0.929723, "log_mass_c": -0.466612}, {"country_iso": "MAR", "city_id": 1734, "log_pop": 3.110713, "log_mass": 5.807409, "log_pop_c": 0.107185, "log_mass_c": 0.390679}, {"country_iso": "MAR", "city_id": 1733, "log_pop": 3.135877, "log_mass": 5.611164, "log_pop_c": -0.079301, "log_mass_c": 0.124966}, {"country_iso": "MAR", "city_id": 1558, "log_pop": 4.497605, "log_mass": 6.439471, "log_pop_c": 0.886161, "log_mass_c": 0.648565}, {"country_iso": "MAR", "city_id": 1575, "log_pop": 4.477917, "log_mass": 6.410184, "log_pop_c": 0.661825, "log_mass_c": 0.461459}, {"country_iso": "MAR", "city_id": 1544, "log_pop": 4.146605, "log_mass": 6.223756, "log_pop_c": 0.364664, "log_mass_c": 0.256696}, {"country_iso": "MAR", "city_id": 1575, "log_pop": 4.767711, "log_mass": 6.639547, "log_pop_c": 0.951619, "log_mass_c": 0.690822}, {"country_iso": "MAR", "city_id": 1765, "log_pop": 2.616439, "log_mass": 4.808322, "log_pop_c": -0.650986, "log_mass_c": -0.538288}, {"country_iso": "MAR", "city_id": 1575, "log_pop": 3.721799, "log_mass": 5.983749, "log_pop_c": -0.094293, "log_mass_c": 0.035024}, {"country_iso": "MAR", "city_id": 1544, "log_pop": 2.408257, "log_mass": 5.21581, "log_pop_c": -1.373684, "log_mass_c": -0.75125}, {"country_iso": "MAR", "city_id": 1558, "log_pop": 3.897156, "log_mass": 5.988806, "log_pop_c": 0.285711, "log_mass_c": 0.1979}, {"country_iso": "MAR", "city_id": 1595, "log_pop": 4.834994, "log_mass": 6.629099, "log_pop_c": 1.205859, "log_mass_c": 0.896622}, {"country_iso": "MAR", "city_id": 1652, "log_pop": 4.069192, "log_mass": 6.033875, "log_pop_c": 0.759696, "log_mass_c": 0.576194}, {"country_iso": "MAR", "city_id": 1575, "log_pop": 2.801647, "log_mass": 5.189071, "log_pop_c": -1.014445, "log_mass_c": -0.759654}, {"country_iso": "MAR", "city_id": 1635, "log_pop": 1.218978, "log_mass": 3.479719, "log_pop_c": -1.975061, "log_mass_c": -1.877639}, {"country_iso": "MAR", "city_id": 1664, "log_pop": 2.547586, "log_mass": 4.671905, "log_pop_c": -1.041971, "log_mass_c": -0.951872}, {"country_iso": "MAR", "city_id": 1635, "log_pop": 3.866413, "log_mass": 6.027901, "log_pop_c": 0.672374, "log_mass_c": 0.670543}, {"country_iso": "MAR", "city_id": 1635, "log_pop": 4.416652, "log_mass": 6.482327, "log_pop_c": 1.222613, "log_mass_c": 1.124969}, {"country_iso": "MAR", "city_id": 1595, "log_pop": 2.860829, "log_mass": 5.351121, "log_pop_c": -0.768305, "log_mass_c": -0.381356}, {"country_iso": "MAR", "city_id": 1787, "log_pop": 3.992264, "log_mass": 6.025005, "log_pop_c": 0.368512, "log_mass_c": 0.171711}, {"country_iso": "MAR", "city_id": 1575, "log_pop": 3.892507, "log_mass": 5.870859, "log_pop_c": 0.076414, "log_mass_c": -0.077866}, {"country_iso": "MAR", "city_id": 1595, "log_pop": 3.400146, "log_mass": 5.694373, "log_pop_c": -0.228989, "log_mass_c": -0.038104}, {"country_iso": "MAR", "city_id": 1664, "log_pop": 4.467778, "log_mass": 6.335504, "log_pop_c": 0.87822, "log_mass_c": 0.711728}, {"country_iso": "MAR", "city_id": 1595, "log_pop": 3.951635, "log_mass": 5.887818, "log_pop_c": 0.3225, "log_mass_c": 0.155341}, {"country_iso": "MAR", "city_id": 1787, "log_pop": 4.524883, "log_mass": 6.468653, "log_pop_c": 0.901132, "log_mass_c": 0.61536}, {"country_iso": "MAR", "city_id": 1652, "log_pop": 1.006615, "log_mass": 3.964124, "log_pop_c": -2.302881, "log_mass_c": -1.493556}, {"country_iso": "MAR", "city_id": 1733, "log_pop": 3.581113, "log_mass": 6.026867, "log_pop_c": 0.365935, "log_mass_c": 0.54067}, {"country_iso": "MAR", "city_id": 1575, "log_pop": 5.29985, "log_mass": 6.632605, "log_pop_c": 1.483758, "log_mass_c": 0.68388}, {"country_iso": "MAR", "city_id": 1575, "log_pop": 3.665115, "log_mass": 5.91628, "log_pop_c": -0.150977, "log_mass_c": -0.032445}, {"country_iso": "MAR", "city_id": 1544, "log_pop": 4.423707, "log_mass": 6.361616, "log_pop_c": 0.641766, "log_mass_c": 0.394556}, {"country_iso": "MAR", "city_id": 1604, "log_pop": 3.030733, "log_mass": 5.422031, "log_pop_c": -0.423647, "log_mass_c": -0.208405}, {"country_iso": "MAR", "city_id": 1575, "log_pop": 4.765723, "log_mass": 6.636788, "log_pop_c": 0.949631, "log_mass_c": 0.688063}, {"country_iso": "MAR", "city_id": 1575, "log_pop": 1.953336, "log_mass": 3.88883, "log_pop_c": -1.862757, "log_mass_c": -2.059895}, {"country_iso": "MAR", "city_id": 1570, "log_pop": 5.19769, "log_mass": 6.509103, "log_pop_c": 1.82589, "log_mass_c": 0.82453}, {"country_iso": "MAR", "city_id": 1544, "log_pop": 2.963696, "log_mass": 5.3975, "log_pop_c": -0.818245, "log_mass_c": -0.56956}, {"country_iso": "MAR", "city_id": 1544, "log_pop": 4.581833, "log_mass": 6.490659, "log_pop_c": 0.799892, "log_mass_c": 0.523599}, {"country_iso": "MAR", "city_id": 1595, "log_pop": 3.716596, "log_mass": 5.554704, "log_pop_c": 0.087462, "log_mass_c": -0.177773}, {"country_iso": "MAR", "city_id": 1595, "log_pop": 2.919922, "log_mass": 5.085981, "log_pop_c": -0.709213, "log_mass_c": -0.646496}, {"country_iso": "MAR", "city_id": 1570, "log_pop": 1.028686, "log_mass": 4.873948, "log_pop_c": -2.343114, "log_mass_c": -0.810625}, {"country_iso": "MAR", "city_id": 1595, "log_pop": 4.390868, "log_mass": 6.185266, "log_pop_c": 0.761733, "log_mass_c": 0.452789}, {"country_iso": "MAR", "city_id": 1575, "log_pop": 4.89697, "log_mass": 6.568193, "log_pop_c": 1.080878, "log_mass_c": 0.619467}, {"country_iso": "MAR", "city_id": 1595, "log_pop": 2.487573, "log_mass": 4.499723, "log_pop_c": -1.141562, "log_mass_c": -1.232754}, {"country_iso": "MAR", "city_id": 1575, "log_pop": 2.93498, "log_mass": 5.250568, "log_pop_c": -0.881113, "log_mass_c": -0.698157}, {"country_iso": "MAR", "city_id": 1604, "log_pop": 3.983747, "log_mass": 6.285013, "log_pop_c": 0.529368, "log_mass_c": 0.654577}, {"country_iso": "MAR", "city_id": 1544, "log_pop": 3.600133, "log_mass": 5.677398, "log_pop_c": -0.181808, "log_mass_c": -0.289662}, {"country_iso": "MAR", "city_id": 1652, "log_pop": 4.092379, "log_mass": 6.062742, "log_pop_c": 0.782883, "log_mass_c": 0.605061}, {"country_iso": "MAR", "city_id": 1733, "log_pop": 2.535857, "log_mass": 5.398722, "log_pop_c": -0.679321, "log_mass_c": -0.087475}, {"country_iso": "MAR", "city_id": 1544, "log_pop": 4.508838, "log_mass": 6.554188, "log_pop_c": 0.726897, "log_mass_c": 0.587128}, {"country_iso": "MAR", "city_id": 1570, "log_pop": 3.473366, "log_mass": 5.987846, "log_pop_c": 0.101566, "log_mass_c": 0.303273}, {"country_iso": "MAR", "city_id": 1604, "log_pop": 2.861551, "log_mass": 5.045488, "log_pop_c": -0.592828, "log_mass_c": -0.584948}, {"country_iso": "MAR", "city_id": 1558, "log_pop": 3.537712, "log_mass": 5.563411, "log_pop_c": -0.073732, "log_mass_c": -0.227495}, {"country_iso": "MAR", "city_id": 1643, "log_pop": 4.424413, "log_mass": 6.355613, "log_pop_c": 1.046723, "log_mass_c": 0.860792}, {"country_iso": "MAR", "city_id": 1734, "log_pop": 3.357427, "log_mass": 5.501732, "log_pop_c": 0.353899, "log_mass_c": 0.085002}, {"country_iso": "MAR", "city_id": 1787, "log_pop": 3.196794, "log_mass": 5.67188, "log_pop_c": -0.426958, "log_mass_c": -0.181413}, {"country_iso": "MAR", "city_id": 1595, "log_pop": 4.564103, "log_mass": 6.194782, "log_pop_c": 0.934968, "log_mass_c": 0.462305}, {"country_iso": "MAR", "city_id": 1733, "log_pop": 3.860737, "log_mass": 5.993974, "log_pop_c": 0.645559, "log_mass_c": 0.507777}, {"country_iso": "MAR", "city_id": 1664, "log_pop": 1.528732, "log_mass": 4.238486, "log_pop_c": -2.060826, "log_mass_c": -1.38529}, {"country_iso": "MAR", "city_id": 1544, "log_pop": 4.407748, "log_mass": 6.436052, "log_pop_c": 0.625807, "log_mass_c": 0.468993}, {"country_iso": "MAR", "city_id": 1733, "log_pop": 4.352403, "log_mass": 6.433299, "log_pop_c": 1.137225, "log_mass_c": 0.947102}, {"country_iso": "MAR", "city_id": 1558, "log_pop": 3.24099, "log_mass": 5.527307, "log_pop_c": -0.370455, "log_mass_c": -0.263599}, {"country_iso": "MAR", "city_id": 1575, "log_pop": 1.746493, "log_mass": 4.391974, "log_pop_c": -2.069599, "log_mass_c": -1.556751}, {"country_iso": "MAR", "city_id": 1664, "log_pop": 4.795996, "log_mass": 6.331493, "log_pop_c": 1.206438, "log_mass_c": 0.707717}, {"country_iso": "MAR", "city_id": 1575, "log_pop": 4.411662, "log_mass": 6.785411, "log_pop_c": 0.595569, "log_mass_c": 0.836686}, {"country_iso": "MAR", "city_id": 1595, "log_pop": 5.016987, "log_mass": 6.491282, "log_pop_c": 1.387853, "log_mass_c": 0.758806}, {"country_iso": "MAR", "city_id": 1734, "log_pop": 2.315945, "log_mass": 4.979523, "log_pop_c": -0.687584, "log_mass_c": -0.437207}, {"country_iso": "MAR", "city_id": 1575, "log_pop": 3.48181, "log_mass": 5.850212, "log_pop_c": -0.334282, "log_mass_c": -0.098514}, {"country_iso": "MAR", "city_id": 1558, "log_pop": 3.461271, "log_mass": 5.649013, "log_pop_c": -0.150174, "log_mass_c": -0.141893}, {"country_iso": "MAR", "city_id": 1570, "log_pop": 4.666855, "log_mass": 6.249692, "log_pop_c": 1.295056, "log_mass_c": 0.565119}, {"country_iso": "MAR", "city_id": 1787, "log_pop": 4.715872, "log_mass": 6.592117, "log_pop_c": 1.09212, "log_mass_c": 0.738823}, {"country_iso": "MAR", "city_id": 1604, "log_pop": 4.287473, "log_mass": 6.325802, "log_pop_c": 0.833093, "log_mass_c": 0.695366}, {"country_iso": "MAR", "city_id": 1664, "log_pop": 2.052768, "log_mass": 4.235391, "log_pop_c": -1.53679, "log_mass_c": -1.388385}, {"country_iso": "MAR", "city_id": 1575, "log_pop": 4.323081, "log_mass": 6.126955, "log_pop_c": 0.506988, "log_mass_c": 0.178229}, {"country_iso": "MAR", "city_id": 1604, "log_pop": 3.404442, "log_mass": 5.480526, "log_pop_c": -0.049937, "log_mass_c": -0.14991}, {"country_iso": "MAR", "city_id": 1635, "log_pop": 1.066225, "log_mass": 3.376974, "log_pop_c": -2.127814, "log_mass_c": -1.980385}, {"country_iso": "MAR", "city_id": 1575, "log_pop": 4.709938, "log_mass": 6.562333, "log_pop_c": 0.893845, "log_mass_c": 0.613608}, {"country_iso": "MAR", "city_id": 1595, "log_pop": 4.116465, "log_mass": 5.842276, "log_pop_c": 0.48733, "log_mass_c": 0.109799}, {"country_iso": "MAR", "city_id": 1635, "log_pop": 3.638905, "log_mass": 5.834025, "log_pop_c": 0.444866, "log_mass_c": 0.476667}, {"country_iso": "MAR", "city_id": 1595, "log_pop": 4.739788, "log_mass": 6.479601, "log_pop_c": 1.110653, "log_mass_c": 0.747124}, {"country_iso": "MAR", "city_id": 1595, "log_pop": 4.491815, "log_mass": 6.153305, "log_pop_c": 0.86268, "log_mass_c": 0.420828}, {"country_iso": "MAR", "city_id": 1604, "log_pop": 3.585188, "log_mass": 5.852676, "log_pop_c": 0.130808, "log_mass_c": 0.22224}, {"country_iso": "MAR", "city_id": 1570, "log_pop": 1.285635, "log_mass": 3.544638, "log_pop_c": -2.086164, "log_mass_c": -2.139935}, {"country_iso": "MAR", "city_id": 1734, "log_pop": 1.046915, "log_mass": 3.057518, "log_pop_c": -1.956614, "log_mass_c": -2.359212}, {"country_iso": "MAR", "city_id": 1575, "log_pop": 3.296354, "log_mass": 5.472348, "log_pop_c": -0.519738, "log_mass_c": -0.476377}, {"country_iso": "MAR", "city_id": 1733, "log_pop": 2.547074, "log_mass": 4.629008, "log_pop_c": -0.668105, "log_mass_c": -0.857189}, {"country_iso": "MAR", "city_id": 1547, "log_pop": 3.090984, "log_mass": 5.356652, "log_pop_c": -0.226048, "log_mass_c": -0.078733}, {"country_iso": "MAR", "city_id": 1570, "log_pop": 2.657514, "log_mass": 5.22988, "log_pop_c": -0.714285, "log_mass_c": -0.454693}, {"country_iso": "MAR", "city_id": 1595, "log_pop": 3.718486, "log_mass": 5.829818, "log_pop_c": 0.089351, "log_mass_c": 0.097341}, {"country_iso": "MAR", "city_id": 1570, "log_pop": 3.521181, "log_mass": 5.856928, "log_pop_c": 0.149381, "log_mass_c": 0.172355}, {"country_iso": "MAR", "city_id": 1547, "log_pop": 3.174017, "log_mass": 5.39285, "log_pop_c": -0.143015, "log_mass_c": -0.042535}, {"country_iso": "MAR", "city_id": 1734, "log_pop": 3.671678, "log_mass": 6.115185, "log_pop_c": 0.668149, "log_mass_c": 0.698455}, {"country_iso": "MAR", "city_id": 1733, "log_pop": 1.507986, "log_mass": 3.848555, "log_pop_c": -1.707192, "log_mass_c": -1.637643}, {"country_iso": "MAR", "city_id": 1575, "log_pop": 3.936027, "log_mass": 6.173483, "log_pop_c": 0.119934, "log_mass_c": 0.224757}, {"country_iso": "MAR", "city_id": 1570, "log_pop": 2.854785, "log_mass": 5.619157, "log_pop_c": -0.517014, "log_mass_c": -0.065416}, {"country_iso": "MAR", "city_id": 1570, "log_pop": 3.019975, "log_mass": 5.676988, "log_pop_c": -0.351825, "log_mass_c": -0.007585}, {"country_iso": "MAR", "city_id": 1765, "log_pop": 4.043425, "log_mass": 6.001736, "log_pop_c": 0.776, "log_mass_c": 0.655126}, {"country_iso": "MAR", "city_id": 1604, "log_pop": 4.178289, "log_mass": 6.083009, "log_pop_c": 0.72391, "log_mass_c": 0.452573}, {"country_iso": "MAR", "city_id": 1652, "log_pop": 2.44327, "log_mass": 4.995534, "log_pop_c": -0.866226, "log_mass_c": -0.462147}, {"country_iso": "MAR", "city_id": 1604, "log_pop": 4.412144, "log_mass": 6.422177, "log_pop_c": 0.957764, "log_mass_c": 0.791741}, {"country_iso": "MAR", "city_id": 1570, "log_pop": 3.483841, "log_mass": 6.242106, "log_pop_c": 0.112041, "log_mass_c": 0.557534}, {"country_iso": "MAR", "city_id": 1575, "log_pop": 4.210048, "log_mass": 6.071742, "log_pop_c": 0.393955, "log_mass_c": 0.123017}, {"country_iso": "MAR", "city_id": 1595, "log_pop": 4.615441, "log_mass": 6.417627, "log_pop_c": 0.986307, "log_mass_c": 0.68515}, {"country_iso": "MAR", "city_id": 1575, "log_pop": 4.831532, "log_mass": 6.63731, "log_pop_c": 1.01544, "log_mass_c": 0.688585}, {"country_iso": "MAR", "city_id": 1575, "log_pop": 3.801517, "log_mass": 6.239692, "log_pop_c": -0.014575, "log_mass_c": 0.290967}, {"country_iso": "MAR", "city_id": 1558, "log_pop": 4.591059, "log_mass": 6.514088, "log_pop_c": 0.979614, "log_mass_c": 0.723182}, {"country_iso": "MAR", "city_id": 1595, "log_pop": 2.253328, "log_mass": 5.065186, "log_pop_c": -1.375807, "log_mass_c": -0.667291}, {"country_iso": "MAR", "city_id": 1652, "log_pop": 2.249756, "log_mass": 5.029478, "log_pop_c": -1.05974, "log_mass_c": -0.428202}, {"country_iso": "MAR", "city_id": 1635, "log_pop": 4.896904, "log_mass": 6.560502, "log_pop_c": 1.702865, "log_mass_c": 1.203144}, {"country_iso": "MAR", "city_id": 1652, "log_pop": 2.615047, "log_mass": 4.742272, "log_pop_c": -0.694448, "log_mass_c": -0.715409}, {"country_iso": "MAR", "city_id": 1575, "log_pop": 3.801619, "log_mass": 5.977698, "log_pop_c": -0.014473, "log_mass_c": 0.028973}, {"country_iso": "MAR", "city_id": 1643, "log_pop": 4.628395, "log_mass": 6.418193, "log_pop_c": 1.250705, "log_mass_c": 0.923372}, {"country_iso": "MAR", "city_id": 1575, "log_pop": 2.512939, "log_mass": 5.454732, "log_pop_c": -1.303154, "log_mass_c": -0.493993}, {"country_iso": "MAR", "city_id": 1664, "log_pop": 4.421756, "log_mass": 6.192718, "log_pop_c": 0.832198, "log_mass_c": 0.568941}, {"country_iso": "MAR", "city_id": 1575, "log_pop": 4.142502, "log_mass": 6.110177, "log_pop_c": 0.32641, "log_mass_c": 0.161451}, {"country_iso": "MAR", "city_id": 1544, "log_pop": 4.335394, "log_mass": 6.425699, "log_pop_c": 0.553453, "log_mass_c": 0.45864}, {"country_iso": "MAR", "city_id": 1635, "log_pop": 3.993271, "log_mass": 6.141776, "log_pop_c": 0.799232, "log_mass_c": 0.784418}, {"country_iso": "MAR", "city_id": 1595, "log_pop": 3.552666, "log_mass": 6.018196, "log_pop_c": -0.076469, "log_mass_c": 0.285719}, {"country_iso": "MAR", "city_id": 1787, "log_pop": 3.653057, "log_mass": 5.968546, "log_pop_c": 0.029306, "log_mass_c": 0.115253}, {"country_iso": "MAR", "city_id": 1570, "log_pop": 2.352493, "log_mass": 4.947178, "log_pop_c": -1.019307, "log_mass_c": -0.737395}, {"country_iso": "MAR", "city_id": 1664, "log_pop": 3.889978, "log_mass": 5.618415, "log_pop_c": 0.30042, "log_mass_c": -0.005361}, {"country_iso": "MAR", "city_id": 1643, "log_pop": 3.032993, "log_mass": 4.876602, "log_pop_c": -0.344697, "log_mass_c": -0.618219}, {"country_iso": "MAR", "city_id": 1604, "log_pop": 2.78613, "log_mass": 5.114932, "log_pop_c": -0.668249, "log_mass_c": -0.515504}, {"country_iso": "MAR", "city_id": 1575, "log_pop": 3.953752, "log_mass": 6.045881, "log_pop_c": 0.13766, "log_mass_c": 0.097156}, {"country_iso": "MAR", "city_id": 1595, "log_pop": 3.624639, "log_mass": 5.480457, "log_pop_c": -0.004496, "log_mass_c": -0.25202}, {"country_iso": "MAR", "city_id": 1643, "log_pop": 3.394686, "log_mass": 5.339244, "log_pop_c": 0.016996, "log_mass_c": -0.155577}]