[{"country_iso":"HTI","city_id":741,"log_pop":2.7422429921,"log_mass":5.4812530474},{"country_iso":"HTI","city_id":741,"log_pop":3.7847102469,"log_mass":6.1374070205},{"country_iso":"HTI","city_id":741,"log_pop":4.0861880519,"log_mass":5.8505847667},{"country_iso":"HTI","city_id":741,"log_pop":4.3171015507,"log_mass":6.1884389484},{"country_iso":"HTI","city_id":741,"log_pop":2.9317037876,"log_mass":5.6016467961},{"country_iso":"HTI","city_id":741,"log_pop":4.2964693737,"log_mass":6.3285262309},{"country_iso":"HTI","city_id":741,"log_pop":4.1060681471,"log_mass":6.3176450072},{"country_iso":"HTI","city_id":741,"log_pop":4.6576935636,"log_mass":6.4411160159},{"country_iso":"HTI","city_id":741,"log_pop":4.638433015,"log_mass":6.4258378087},{"country_iso":"HTI","city_id":741,"log_pop":4.3668627232,"log_mass":6.375779125},{"country_iso":"HTI","city_id":741,"log_pop":4.1768182262,"log_mass":6.2939501776},{"country_iso":"HTI","city_id":741,"log_pop":4.2773023158,"log_mass":6.2108652505},{"country_iso":"HTI","city_id":741,"log_pop":3.9508469464,"log_mass":5.6458282336},{"country_iso":"HTI","city_id":741,"log_pop":0.2925894178,"log_mass":2.421094366},{"country_iso":"HTI","city_id":741,"log_pop":4.8094618254,"log_mass":6.3541613073},{"country_iso":"HTI","city_id":741,"log_pop":4.7657029519,"log_mass":6.5107407598},{"country_iso":"HTI","city_id":741,"log_pop":4.4526730788,"log_mass":5.9660527451},{"country_iso":"HTI","city_id":741,"log_pop":4.8813184192,"log_mass":6.5589956381},{"country_iso":"HTI","city_id":741,"log_pop":4.3196417024,"log_mass":5.9501194387},{"country_iso":"HTI","city_id":741,"log_pop":4.5386398673,"log_mass":6.288224549},{"country_iso":"HTI","city_id":741,"log_pop":3.3893190646,"log_mass":5.0104064682},{"country_iso":"HTI","city_id":741,"log_pop":0.039763041,"log_mass":3.0533939437},{"country_iso":"HTI","city_id":741,"log_pop":4.0438856363,"log_mass":6.1913757706},{"country_iso":"HTI","city_id":741,"log_pop":2.0445138651,"log_mass":5.0432734055},{"country_iso":"HTI","city_id":741,"log_pop":1.65980436,"log_mass":4.7538040244},{"country_iso":"HTI","city_id":741,"log_pop":3.8177082693,"log_mass":6.1173658079},{"country_iso":"HTI","city_id":741,"log_pop":3.8375182379,"log_mass":6.0743238693},{"country_iso":"HTI","city_id":741,"log_pop":4.0518223272,"log_mass":6.2622932954},{"country_iso":"HTI","city_id":741,"log_pop":4.1122116542,"log_mass":6.2727256187},{"country_iso":"HTI","city_id":741,"log_pop":3.841869595,"log_mass":6.1213072688},{"country_iso":"HTI","city_id":741,"log_pop":2.8816548426,"log_mass":5.4976164522},{"country_iso":"HTI","city_id":741,"log_pop":4.0487459334,"log_mass":6.276486141},{"country_iso":"HTI","city_id":741,"log_pop":2.4133618164,"log_mass":5.1951247343},{"country_iso":"HTI","city_id":741,"log_pop":4.2161511572,"log_mass":6.2479748548},{"country_iso":"HTI","city_id":741,"log_pop":3.9446274405,"log_mass":6.2285228098},{"country_iso":"HTI","city_id":741,"log_pop":4.5150215749,"log_mass":6.3815388379},{"country_iso":"HTI","city_id":741,"log_pop":4.1382470559,"log_mass":6.1082418129},{"country_iso":"HTI","city_id":741,"log_pop":4.1141472448,"log_mass":6.2317201669},{"country_iso":"HTI","city_id":741,"log_pop":3.7262317302,"log_mass":5.9629045208},{"country_iso":"HTI","city_id":741,"log_pop":4.4113384301,"log_mass":6.2428791228},{"country_iso":"HTI","city_id":741,"log_pop":2.5936802668,"log_mass":5.3600334426},{"country_iso":"HTI","city_id":741,"log_pop":2.335552644,"log_mass":4.9825665931},{"country_iso":"HTI","city_id":741,"log_pop":1.6848603368,"log_mass":4.7180808848},{"country_iso":"HTI","city_id":741,"log_pop":4.0939768498,"log_mass":6.3571747812},{"country_iso":"HTI","city_id":741,"log_pop":3.1945284655,"log_mass":5.7536513453},{"country_iso":"HTI","city_id":741,"log_pop":3.93828547,"log_mass":6.1443668229},{"country_iso":"HTI","city_id":741,"log_pop":3.5786991593,"log_mass":5.8068005551},{"country_iso":"HTI","city_id":741,"log_pop":3.3280580226,"log_mass":5.9198109928},{"country_iso":"HTI","city_id":741,"log_pop":2.673835227,"log_mass":5.6075704833},{"country_iso":"HTI","city_id":741,"log_pop":4.1783672734,"log_mass":6.2850146779},{"country_iso":"HTI","city_id":741,"log_pop":2.7172509604,"log_mass":4.4634797089},{"country_iso":"HTI","city_id":741,"log_pop":4.9269031723,"log_mass":6.4748231186},{"country_iso":"HTI","city_id":741,"log_pop":4.5941493005,"log_mass":6.1065694053},{"country_iso":"HTI","city_id":741,"log_pop":4.0309220822,"log_mass":5.7904078799},{"country_iso":"HTI","city_id":741,"log_pop":4.1356541611,"log_mass":5.8478525743},{"country_iso":"HTI","city_id":741,"log_pop":4.6892517689,"log_mass":6.242705124},{"country_iso":"HTI","city_id":741,"log_pop":4.8381297106,"log_mass":6.3558113371},{"country_iso":"HTI","city_id":741,"log_pop":4.5741322994,"log_mass":6.1599964052},{"country_iso":"HTI","city_id":741,"log_pop":1.2817522116,"log_mass":3.7065073971},{"country_iso":"HTI","city_id":741,"log_pop":2.554431538,"log_mass":5.1756162719},{"country_iso":"HTI","city_id":741,"log_pop":4.1832309252,"log_mass":5.9954935775},{"country_iso":"HTI","city_id":741,"log_pop":2.0694732113,"log_mass":4.478165546},{"country_iso":"HTI","city_id":741,"log_pop":3.8468515886,"log_mass":5.8730373181},{"country_iso":"HTI","city_id":741,"log_pop":3.4552962206,"log_mass":5.6738750999},{"country_iso":"HTI","city_id":741,"log_pop":1.1799459522,"log_mass":3.9716641339},{"country_iso":"HTI","city_id":741,"log_pop":2.9761961512,"log_mass":5.1773241558},{"country_iso":"HTI","city_id":741,"log_pop":3.276823938,"log_mass":5.3311141267},{"country_iso":"HTI","city_id":741,"log_pop":3.6120102575,"log_mass":5.6987207731},{"country_iso":"HTI","city_id":741,"log_pop":2.5507638817,"log_mass":4.8927264085},{"country_iso":"HTI","city_id":741,"log_pop":2.5028641357,"log_mass":5.2960176922},{"country_iso":"HTI","city_id":741,"log_pop":0.5695349353,"log_mass":3.5049914693},{"country_iso":"HTI","city_id":741,"log_pop":2.8495105115,"log_mass":5.3772125205},{"country_iso":"HTI","city_id":741,"log_pop":1.3950103113,"log_mass":4.0499955085},{"country_iso":"HTI","city_id":741,"log_pop":3.5972904988,"log_mass":5.1818909146},{"country_iso":"HTI","city_id":741,"log_pop":4.6871942204,"log_mass":6.3104956379},{"country_iso":"HTI","city_id":741,"log_pop":4.6447668592,"log_mass":6.5128981605},{"country_iso":"HTI","city_id":741,"log_pop":4.8146934381,"log_mass":6.2686780296},{"country_iso":"HTI","city_id":741,"log_pop":4.4596815659,"log_mass":6.2094227881},{"country_iso":"HTI","city_id":741,"log_pop":4.7578117724,"log_mass":6.5169961075},{"country_iso":"HTI","city_id":741,"log_pop":4.5838145239,"log_mass":6.3973051008},{"country_iso":"HTI","city_id":741,"log_pop":4.9888440199,"log_mass":6.5110029497},{"country_iso":"HTI","city_id":741,"log_pop":1.1609534283,"log_mass":3.9680779418},{"country_iso":"HTI","city_id":741,"log_pop":2.0686101259,"log_mass":4.6824477762},{"country_iso":"HTI","city_id":741,"log_pop":4.2468970928,"log_mass":6.166281255},{"country_iso":"HTI","city_id":741,"log_pop":4.2284443661,"log_mass":6.0865817405},{"country_iso":"HTI","city_id":741,"log_pop":5.1983004707,"log_mass":6.5375147375},{"country_iso":"HTI","city_id":741,"log_pop":4.9591233683,"log_mass":6.2287669972},{"country_iso":"HTI","city_id":741,"log_pop":5.0527211206,"log_mass":6.4540563439},{"country_iso":"HTI","city_id":741,"log_pop":4.6448882947,"log_mass":5.884447726},{"country_iso":"HTI","city_id":741,"log_pop":4.5311519543,"log_mass":6.087688745},{"country_iso":"HTI","city_id":741,"log_pop":5.0575369902,"log_mass":6.5456506275},{"country_iso":"HTI","city_id":741,"log_pop":3.1072928385,"log_mass":4.5382037638},{"country_iso":"HTI","city_id":741,"log_pop":3.0569996216,"log_mass":5.7129926032},{"country_iso":"HTI","city_id":741,"log_pop":3.5256395001,"log_mass":6.0751657464},{"country_iso":"HTI","city_id":741,"log_pop":2.0885462045,"log_mass":4.8510073803},{"country_iso":"HTI","city_id":741,"log_pop":2.6925167369,"log_mass":5.1760659273},{"country_iso":"HTI","city_id":741,"log_pop":3.1393157697,"log_mass":5.7503410667},{"country_iso":"HTI","city_id":741,"log_pop":3.3278626779,"log_mass":5.8076815231},{"country_iso":"HTI","city_id":741,"log_pop":1.7237688287,"log_mass":4.4389867748},{"country_iso":"HTI","city_id":740,"log_pop":3.2716648541,"log_mass":5.8049770417},{"country_iso":"HTI","city_id":740,"log_pop":3.8290809254,"log_mass":5.9782074955},{"country_iso":"HTI","city_id":740,"log_pop":4.2776304675,"log_mass":6.2554532784},{"country_iso":"HTI","city_id":740,"log_pop":2.4725836217,"log_mass":5.0158522077},{"country_iso":"HTI","city_id":740,"log_pop":3.8898785545,"log_mass":5.8551695781},{"country_iso":"HTI","city_id":740,"log_pop":3.3041883168,"log_mass":5.3456777326},{"country_iso":"HTI","city_id":740,"log_pop":1.8446929226,"log_mass":4.5483763528},{"country_iso":"HTI","city_id":740,"log_pop":4.3399012708,"log_mass":6.0509748108},{"country_iso":"HTI","city_id":740,"log_pop":4.4463559392,"log_mass":6.1611043081},{"country_iso":"HTI","city_id":740,"log_pop":3.4083850019,"log_mass":5.225155614},{"country_iso":"HTI","city_id":740,"log_pop":4.2332364531,"log_mass":6.3178840931},{"country_iso":"HTI","city_id":740,"log_pop":4.5970190543,"log_mass":6.4132135518},{"country_iso":"HTI","city_id":740,"log_pop":0.8920393835,"log_mass":3.8079979776},{"country_iso":"HTI","city_id":760,"log_pop":4.2818685907,"log_mass":6.042641169},{"country_iso":"HTI","city_id":760,"log_pop":4.0420917509,"log_mass":5.9771227857},{"country_iso":"HTI","city_id":760,"log_pop":4.3897299661,"log_mass":6.1153644603},{"country_iso":"HTI","city_id":760,"log_pop":4.4416615052,"log_mass":6.0367396389},{"country_iso":"HTI","city_id":760,"log_pop":3.9002640991,"log_mass":5.7837483173},{"country_iso":"HTI","city_id":760,"log_pop":4.399764275,"log_mass":5.9825269804},{"country_iso":"HTI","city_id":760,"log_pop":0.5867657313,"log_mass":3.5335295545},{"country_iso":"HTI","city_id":760,"log_pop":3.0028886508,"log_mass":4.9485333296},{"country_iso":"HTI","city_id":760,"log_pop":2.9715443333,"log_mass":4.7591712441},{"country_iso":"HTI","city_id":760,"log_pop":3.9139391091,"log_mass":5.7409748589},{"country_iso":"HTI","city_id":760,"log_pop":3.4483137245,"log_mass":5.2713547025},{"country_iso":"HTI","city_id":776,"log_pop":1.7770051518,"log_mass":4.0613065362},{"country_iso":"HTI","city_id":776,"log_pop":3.0072964872,"log_mass":5.3761097474},{"country_iso":"HTI","city_id":776,"log_pop":3.7873109743,"log_mass":5.9522881657},{"country_iso":"HTI","city_id":776,"log_pop":1.408508615,"log_mass":4.4150985681},{"country_iso":"HTI","city_id":776,"log_pop":1.8500901426,"log_mass":4.3135666307},{"country_iso":"HTI","city_id":776,"log_pop":1.5753504217,"log_mass":3.856006242},{"country_iso":"HTI","city_id":776,"log_pop":3.7276258753,"log_mass":5.8718630754},{"country_iso":"HTI","city_id":776,"log_pop":3.9573001168,"log_mass":6.094942325},{"country_iso":"HTI","city_id":739,"log_pop":3.9485841478,"log_mass":5.7988993596},{"country_iso":"HTI","city_id":739,"log_pop":4.2733793537,"log_mass":6.141318652},{"country_iso":"HTI","city_id":739,"log_pop":2.5485143924,"log_mass":4.9265449996},{"country_iso":"HTI","city_id":739,"log_pop":2.8853308793,"log_mass":4.9379503873},{"country_iso":"HTI","city_id":739,"log_pop":1.3007271619,"log_mass":4.5534175273},{"country_iso":"HTI","city_id":739,"log_pop":2.5813446659,"log_mass":4.2984161287},{"country_iso":"HTI","city_id":739,"log_pop":2.7696276511,"log_mass":4.5962344071},{"country_iso":"HTI","city_id":736,"log_pop":3.4212838278,"log_mass":5.2209401194},{"country_iso":"HTI","city_id":736,"log_pop":3.650655401,"log_mass":5.8301793772},{"country_iso":"HTI","city_id":736,"log_pop":3.0059085402,"log_mass":5.4934082547},{"country_iso":"HTI","city_id":736,"log_pop":4.2136474514,"log_mass":6.1677327035},{"country_iso":"HTI","city_id":736,"log_pop":3.0606090535,"log_mass":5.5276207736},{"country_iso":"HTI","city_id":736,"log_pop":0.6426144836,"log_mass":3.1583285894},{"country_iso":"HTI","city_id":736,"log_pop":3.5486856361,"log_mass":5.6061763938},{"country_iso":"HTI","city_id":737,"log_pop":3.0209357907,"log_mass":4.6789854621},{"country_iso":"HTI","city_id":737,"log_pop":4.4546103827,"log_mass":6.1754593422},{"country_iso":"HTI","city_id":737,"log_pop":3.2601665935,"log_mass":5.4052528536},{"country_iso":"HTI","city_id":737,"log_pop":3.3246910261,"log_mass":5.6818142987},{"country_iso":"HTI","city_id":737,"log_pop":2.7065060632,"log_mass":5.0801828352},{"country_iso":"HTI","city_id":737,"log_pop":1.8348926686,"log_mass":4.0249712294},{"country_iso":"HTI","city_id":737,"log_pop":2.2272235891,"log_mass":4.3157852193},{"country_iso":"HTI","city_id":710,"log_pop":2.3957380946,"log_mass":5.0144571627},{"country_iso":"HTI","city_id":710,"log_pop":2.6970101859,"log_mass":5.2435368984},{"country_iso":"HTI","city_id":710,"log_pop":3.4718654945,"log_mass":5.8313005977},{"country_iso":"HTI","city_id":710,"log_pop":4.112373647,"log_mass":6.2004893671},{"country_iso":"HTI","city_id":710,"log_pop":2.6701774204,"log_mass":5.1721959403},{"country_iso":"HTI","city_id":710,"log_pop":4.0474238103,"log_mass":6.1740417066},{"country_iso":"HTI","city_id":731,"log_pop":3.0442114454,"log_mass":5.0433163267},{"country_iso":"HTI","city_id":731,"log_pop":3.3205081863,"log_mass":5.3135737924},{"country_iso":"HTI","city_id":731,"log_pop":2.8633014167,"log_mass":5.0478955849},{"country_iso":"HTI","city_id":731,"log_pop":2.7868686275,"log_mass":4.9124188631},{"country_iso":"HTI","city_id":728,"log_pop":3.2416275714,"log_mass":5.6156558802},{"country_iso":"HTI","city_id":728,"log_pop":3.9425961064,"log_mass":5.346958497},{"country_iso":"HTI","city_id":728,"log_pop":4.3934299621,"log_mass":6.0652963306},{"country_iso":"HTI","city_id":728,"log_pop":3.5238570176,"log_mass":5.0674336782},{"country_iso":"HTI","city_id":759,"log_pop":1.2555482777,"log_mass":3.9966070208},{"country_iso":"HTI","city_id":759,"log_pop":3.0778355053,"log_mass":4.9772188528},{"country_iso":"HTI","city_id":759,"log_pop":3.707769878,"log_mass":5.7215348629},{"country_iso":"HTI","city_id":759,"log_pop":2.4458714817,"log_mass":5.1319367018},{"country_iso":"HTI","city_id":761,"log_pop":2.5756458919,"log_mass":5.0296742887},{"country_iso":"HTI","city_id":761,"log_pop":2.8699248358,"log_mass":5.0447572629},{"country_iso":"HTI","city_id":761,"log_pop":3.840656963,"log_mass":5.9604732826},{"country_iso":"HTI","city_id":761,"log_pop":1.1756059446,"log_mass":3.7673228979},{"country_iso":"HTI","city_id":701,"log_pop":2.5107666749,"log_mass":4.9255676509},{"country_iso":"HTI","city_id":701,"log_pop":3.7566096713,"log_mass":6.0051184184},{"country_iso":"HTI","city_id":701,"log_pop":2.384878312,"log_mass":4.9272689247},{"country_iso":"HTI","city_id":701,"log_pop":2.9745742698,"log_mass":5.2971671311},{"country_iso":"HTI","city_id":730,"log_pop":2.669155857,"log_mass":4.5714919896},{"country_iso":"HTI","city_id":730,"log_pop":3.2954069507,"log_mass":5.0094169329},{"country_iso":"HTI","city_id":730,"log_pop":1.8286185053,"log_mass":4.238181683},{"country_iso":"HTI","city_id":735,"log_pop":3.2740896302,"log_mass":5.4029983516},{"country_iso":"HTI","city_id":735,"log_pop":4.1890142263,"log_mass":5.7598565315},{"country_iso":"HTI","city_id":735,"log_pop":3.8240588839,"log_mass":5.6629633954},{"country_iso":"HTI","city_id":766,"log_pop":2.5502632811,"log_mass":5.2403134296},{"country_iso":"HTI","city_id":766,"log_pop":1.4500906124,"log_mass":4.1297923564},{"country_iso":"HTI","city_id":766,"log_pop":1.3845605891,"log_mass":4.1575077912},{"country_iso":"HTI","city_id":746,"log_pop":3.116387273,"log_mass":5.2083450643},{"country_iso":"HTI","city_id":746,"log_pop":3.2578381996,"log_mass":5.4037815877},{"country_iso":"HTI","city_id":746,"log_pop":1.9898596651,"log_mass":4.0164614292},{"country_iso":"HTI","city_id":747,"log_pop":2.9432595183,"log_mass":5.1872203238},{"country_iso":"HTI","city_id":747,"log_pop":2.7094149599,"log_mass":4.9683890306},{"country_iso":"HTI","city_id":757,"log_pop":3.8895708981,"log_mass":5.4473787311}]