[{"country_iso": "AUT", "city_id": 3027, "log_pop": 3.169079, "log_mass": 5.651856, "log_pop_c": -0.527218, "log_mass_c": -0.568648}, {"country_iso": "AUT", "city_id": 3000, "log_pop": 3.984204, "log_mass": 6.502801, "log_pop_c": 0.452961, "log_mass_c": 0.382858}, {"country_iso": "AUT", "city_id": 2788, "log_pop": 3.441439, "log_mass": 5.992775, "log_pop_c": 0.151656, "log_mass_c": 0.152971}, {"country_iso": "AUT", "city_id": 3027, "log_pop": 3.697335, "log_mass": 6.029607, "log_pop_c": 0.001038, "log_mass_c": -0.190897}, {"country_iso": "AUT", "city_id": 2936, "log_pop": 1.358629, "log_mass": 3.995102, "log_pop_c": -1.968363, "log_mass_c": -2.028772}, {"country_iso": "AUT", "city_id": 3027, "log_pop": 2.417838, "log_mass": 4.612087, "log_pop_c": -1.278459, "log_mass_c": -1.608418}, {"country_iso": "AUT", "city_id": 3027, "log_pop": 2.962519, "log_mass": 5.405209, "log_pop_c": -0.733778, "log_mass_c": -0.815296}, {"country_iso": "AUT", "city_id": 3027, "log_pop": 4.397767, "log_mass": 6.821731, "log_pop_c": 0.70147, "log_mass_c": 0.601226}, {"country_iso": "AUT", "city_id": 3027, "log_pop": 4.311996, "log_mass": 6.723102, "log_pop_c": 0.6157, "log_mass_c": 0.502598}, {"country_iso": "AUT", "city_id": 3027, "log_pop": 3.73568, "log_mass": 6.184442, "log_pop_c": 0.039383, "log_mass_c": -0.036062}, {"country_iso": "AUT", "city_id": 3027, "log_pop": 4.512117, "log_mass": 7.115266, "log_pop_c": 0.81582, "log_mass_c": 0.894761}, {"country_iso": "AUT", "city_id": 2788, "log_pop": 3.771811, "log_mass": 6.349257, "log_pop_c": 0.482028, "log_mass_c": 0.509453}, {"country_iso": "AUT", "city_id": 3027, "log_pop": 2.870367, "log_mass": 5.632925, "log_pop_c": -0.825929, "log_mass_c": -0.587579}, {"country_iso": "AUT", "city_id": 2885, "log_pop": 2.986384, "log_mass": 5.950732, "log_pop_c": -0.399741, "log_mass_c": -0.033961}, {"country_iso": "AUT", "city_id": 3000, "log_pop": 3.361389, "log_mass": 6.141999, "log_pop_c": -0.169853, "log_mass_c": 0.022056}, {"country_iso": "AUT", "city_id": 3027, "log_pop": 3.333991, "log_mass": 5.904558, "log_pop_c": -0.362306, "log_mass_c": -0.315947}, {"country_iso": "AUT", "city_id": 2936, "log_pop": 3.776747, "log_mass": 6.408596, "log_pop_c": 0.449754, "log_mass_c": 0.384723}, {"country_iso": "AUT", "city_id": 3000, "log_pop": 2.5673, "log_mass": 4.966528, "log_pop_c": -0.963943, "log_mass_c": -1.153415}, {"country_iso": "AUT", "city_id": 3027, "log_pop": 3.468066, "log_mass": 5.735616, "log_pop_c": -0.228231, "log_mass_c": -0.484889}, {"country_iso": "AUT", "city_id": 2936, "log_pop": 3.870745, "log_mass": 6.62188, "log_pop_c": 0.543753, "log_mass_c": 0.598006}, {"country_iso": "AUT", "city_id": 2788, "log_pop": 3.902156, "log_mass": 6.328947, "log_pop_c": 0.612373, "log_mass_c": 0.489143}, {"country_iso": "AUT", "city_id": 3027, "log_pop": 4.303821, "log_mass": 6.552546, "log_pop_c": 0.607525, "log_mass_c": 0.332041}, {"country_iso": "AUT", "city_id": 2936, "log_pop": 1.685244, "log_mass": 4.169102, "log_pop_c": -1.641749, "log_mass_c": -1.854771}, {"country_iso": "AUT", "city_id": 3000, "log_pop": 3.782004, "log_mass": 6.243589, "log_pop_c": 0.250761, "log_mass_c": 0.123646}, {"country_iso": "AUT", "city_id": 3027, "log_pop": 3.574825, "log_mass": 5.839055, "log_pop_c": -0.121472, "log_mass_c": -0.381449}, {"country_iso": "AUT", "city_id": 3027, "log_pop": 3.627464, "log_mass": 5.995617, "log_pop_c": -0.068833, "log_mass_c": -0.224888}, {"country_iso": "AUT", "city_id": 3027, "log_pop": 3.367544, "log_mass": 6.39708, "log_pop_c": -0.328753, "log_mass_c": 0.176575}, {"country_iso": "AUT", "city_id": 3027, "log_pop": 3.659317, "log_mass": 6.114923, "log_pop_c": -0.036979, "log_mass_c": -0.105582}, {"country_iso": "AUT", "city_id": 2936, "log_pop": 4.150587, "log_mass": 6.916551, "log_pop_c": 0.823595, "log_mass_c": 0.892678}, {"country_iso": "AUT", "city_id": 3027, "log_pop": 2.744044, "log_mass": 5.918062, "log_pop_c": -0.952253, "log_mass_c": -0.302443}, {"country_iso": "AUT", "city_id": 3027, "log_pop": 3.455466, "log_mass": 6.683952, "log_pop_c": -0.240831, "log_mass_c": 0.463448}, {"country_iso": "AUT", "city_id": 2936, "log_pop": 3.019746, "log_mass": 6.031018, "log_pop_c": -0.307246, "log_mass_c": 0.007145}, {"country_iso": "AUT", "city_id": 3027, "log_pop": 4.463541, "log_mass": 7.004633, "log_pop_c": 0.767244, "log_mass_c": 0.784128}, {"country_iso": "AUT", "city_id": 2936, "log_pop": 3.351713, "log_mass": 5.836811, "log_pop_c": 0.02472, "log_mass_c": -0.187062}, {"country_iso": "AUT", "city_id": 3027, "log_pop": 3.862672, "log_mass": 6.60397, "log_pop_c": 0.166376, "log_mass_c": 0.383466}, {"country_iso": "AUT", "city_id": 3000, "log_pop": 4.113343, "log_mass": 6.744164, "log_pop_c": 0.5821, "log_mass_c": 0.624221}, {"country_iso": "AUT", "city_id": 2885, "log_pop": 3.541024, "log_mass": 6.203759, "log_pop_c": 0.154899, "log_mass_c": 0.219066}, {"country_iso": "AUT", "city_id": 3027, "log_pop": 3.166551, "log_mass": 5.892682, "log_pop_c": -0.529746, "log_mass_c": -0.327822}, {"country_iso": "AUT", "city_id": 3027, "log_pop": 4.192836, "log_mass": 6.49499, "log_pop_c": 0.49654, "log_mass_c": 0.274486}, {"country_iso": "AUT", "city_id": 3000, "log_pop": 2.231754, "log_mass": 4.774907, "log_pop_c": -1.299488, "log_mass_c": -1.345036}, {"country_iso": "AUT", "city_id": 3027, "log_pop": 3.040207, "log_mass": 5.917337, "log_pop_c": -0.65609, "log_mass_c": -0.303168}, {"country_iso": "AUT", "city_id": 3000, "log_pop": 4.092725, "log_mass": 6.576648, "log_pop_c": 0.561482, "log_mass_c": 0.456705}, {"country_iso": "AUT", "city_id": 3027, "log_pop": 4.411649, "log_mass": 6.751413, "log_pop_c": 0.715352, "log_mass_c": 0.530909}, {"country_iso": "AUT", "city_id": 3027, "log_pop": 4.098941, "log_mass": 6.364169, "log_pop_c": 0.402644, "log_mass_c": 0.143664}, {"country_iso": "AUT", "city_id": 3027, "log_pop": 4.468024, "log_mass": 6.976496, "log_pop_c": 0.771728, "log_mass_c": 0.755992}, {"country_iso": "AUT", "city_id": 3027, "log_pop": 4.254001, "log_mass": 6.578002, "log_pop_c": 0.557705, "log_mass_c": 0.357497}, {"country_iso": "AUT", "city_id": 3027, "log_pop": 4.527654, "log_mass": 6.982015, "log_pop_c": 0.831358, "log_mass_c": 0.761511}, {"country_iso": "AUT", "city_id": 3000, "log_pop": 3.573885, "log_mass": 6.070401, "log_pop_c": 0.042642, "log_mass_c": -0.049542}, {"country_iso": "AUT", "city_id": 3027, "log_pop": 4.243756, "log_mass": 6.612434, "log_pop_c": 0.54746, "log_mass_c": 0.391929}, {"country_iso": "AUT", "city_id": 3027, "log_pop": 4.251206, "log_mass": 6.528277, "log_pop_c": 0.554909, "log_mass_c": 0.307773}, {"country_iso": "AUT", "city_id": 3027, "log_pop": 2.538911, "log_mass": 5.746485, "log_pop_c": -1.157385, "log_mass_c": -0.47402}, {"country_iso": "AUT", "city_id": 2788, "log_pop": 1.806842, "log_mass": 4.353645, "log_pop_c": -1.482941, "log_mass_c": -1.486158}, {"country_iso": "AUT", "city_id": 3027, "log_pop": 3.30027, "log_mass": 6.179132, "log_pop_c": -0.396026, "log_mass_c": -0.041373}, {"country_iso": "AUT", "city_id": 3027, "log_pop": 4.51574, "log_mass": 7.136801, "log_pop_c": 0.819443, "log_mass_c": 0.916297}, {"country_iso": "AUT", "city_id": 3000, "log_pop": 4.159541, "log_mass": 6.747132, "log_pop_c": 0.628298, "log_mass_c": 0.627189}, {"country_iso": "AUT", "city_id": 2885, "log_pop": 3.421099, "log_mass": 6.271669, "log_pop_c": 0.034974, "log_mass_c": 0.286976}, {"country_iso": "AUT", "city_id": 2936, "log_pop": 3.798986, "log_mass": 6.611237, "log_pop_c": 0.471993, "log_mass_c": 0.587364}, {"country_iso": "AUT", "city_id": 3027, "log_pop": 4.431851, "log_mass": 6.748599, "log_pop_c": 0.735555, "log_mass_c": 0.528095}, {"country_iso": "AUT", "city_id": 2788, "log_pop": 2.521447, "log_mass": 5.278015, "log_pop_c": -0.768336, "log_mass_c": -0.561789}, {"country_iso": "AUT", "city_id": 3000, "log_pop": 3.885585, "log_mass": 6.553022, "log_pop_c": 0.354342, "log_mass_c": 0.43308}, {"country_iso": "AUT", "city_id": 2788, "log_pop": 3.128607, "log_mass": 5.679154, "log_pop_c": -0.161176, "log_mass_c": -0.16065}, {"country_iso": "AUT", "city_id": 2885, "log_pop": 3.728775, "log_mass": 6.284497, "log_pop_c": 0.342651, "log_mass_c": 0.299804}, {"country_iso": "AUT", "city_id": 3027, "log_pop": 4.387542, "log_mass": 6.635531, "log_pop_c": 0.691246, "log_mass_c": 0.415027}, {"country_iso": "AUT", "city_id": 3027, "log_pop": 2.664455, "log_mass": 5.697199, "log_pop_c": -1.031841, "log_mass_c": -0.523305}, {"country_iso": "AUT", "city_id": 3000, "log_pop": 2.674431, "log_mass": 5.512278, "log_pop_c": -0.856811, "log_mass_c": -0.607665}, {"country_iso": "AUT", "city_id": 3027, "log_pop": 4.232, "log_mass": 6.499728, "log_pop_c": 0.535703, "log_mass_c": 0.279224}, {"country_iso": "AUT", "city_id": 3027, "log_pop": 2.295906, "log_mass": 5.062865, "log_pop_c": -1.40039, "log_mass_c": -1.157639}, {"country_iso": "AUT", "city_id": 3027, "log_pop": 4.485021, "log_mass": 6.863196, "log_pop_c": 0.788724, "log_mass_c": 0.642691}, {"country_iso": "AUT", "city_id": 3027, "log_pop": 4.505697, "log_mass": 6.774086, "log_pop_c": 0.809401, "log_mass_c": 0.553581}, {"country_iso": "AUT", "city_id": 3027, "log_pop": 4.241711, "log_mass": 6.531336, "log_pop_c": 0.545414, "log_mass_c": 0.310832}, {"country_iso": "AUT", "city_id": 3027, "log_pop": 4.301094, "log_mass": 6.619064, "log_pop_c": 0.604797, "log_mass_c": 0.39856}, {"country_iso": "AUT", "city_id": 2885, "log_pop": 3.557854, "log_mass": 6.091505, "log_pop_c": 0.171729, "log_mass_c": 0.106811}, {"country_iso": "AUT", "city_id": 2936, "log_pop": 4.030994, "log_mass": 6.641656, "log_pop_c": 0.704001, "log_mass_c": 0.617783}, {"country_iso": "AUT", "city_id": 3027, "log_pop": 4.205473, "log_mass": 6.488019, "log_pop_c": 0.509176, "log_mass_c": 0.267514}, {"country_iso": "AUT", "city_id": 3000, "log_pop": 3.154444, "log_mass": 5.876694, "log_pop_c": -0.376799, "log_mass_c": -0.243249}, {"country_iso": "AUT", "city_id": 3027, "log_pop": 4.487235, "log_mass": 6.954974, "log_pop_c": 0.790939, "log_mass_c": 0.734469}, {"country_iso": "AUT", "city_id": 3027, "log_pop": 3.726852, "log_mass": 6.044047, "log_pop_c": 0.030556, "log_mass_c": -0.176458}, {"country_iso": "AUT", "city_id": 3000, "log_pop": 4.18885, "log_mass": 6.843499, "log_pop_c": 0.657607, "log_mass_c": 0.723556}, {"country_iso": "AUT", "city_id": 3027, "log_pop": 3.672429, "log_mass": 6.050684, "log_pop_c": -0.023867, "log_mass_c": -0.16982}, {"country_iso": "AUT", "city_id": 2936, "log_pop": 4.176236, "log_mass": 6.910884, "log_pop_c": 0.849244, "log_mass_c": 0.887011}, {"country_iso": "AUT", "city_id": 3027, "log_pop": 3.652507, "log_mass": 6.03625, "log_pop_c": -0.043789, "log_mass_c": -0.184254}, {"country_iso": "AUT", "city_id": 3027, "log_pop": 4.450404, "log_mass": 6.703209, "log_pop_c": 0.754107, "log_mass_c": 0.482705}, {"country_iso": "AUT", "city_id": 3027, "log_pop": 3.822144, "log_mass": 6.04386, "log_pop_c": 0.125847, "log_mass_c": -0.176645}, {"country_iso": "AUT", "city_id": 3027, "log_pop": 4.446441, "log_mass": 6.782474, "log_pop_c": 0.750144, "log_mass_c": 0.561969}, {"country_iso": "AUT", "city_id": 2936, "log_pop": 4.032627, "log_mass": 6.536898, "log_pop_c": 0.705634, "log_mass_c": 0.513025}, {"country_iso": "AUT", "city_id": 3027, "log_pop": 2.023422, "log_mass": 4.944012, "log_pop_c": -1.672874, "log_mass_c": -1.276493}, {"country_iso": "AUT", "city_id": 2936, "log_pop": 2.483787, "log_mass": 5.060355, "log_pop_c": -0.843206, "log_mass_c": -0.963518}, {"country_iso": "AUT", "city_id": 3027, "log_pop": 1.885884, "log_mass": 4.795848, "log_pop_c": -1.810413, "log_mass_c": -1.424657}, {"country_iso": "AUT", "city_id": 3027, "log_pop": 4.463187, "log_mass": 7.112663, "log_pop_c": 0.76689, "log_mass_c": 0.892159}, {"country_iso": "AUT", "city_id": 3027, "log_pop": 3.890339, "log_mass": 6.581616, "log_pop_c": 0.194042, "log_mass_c": 0.361112}, {"country_iso": "AUT", "city_id": 3000, "log_pop": 2.929946, "log_mass": 5.618684, "log_pop_c": -0.601297, "log_mass_c": -0.501258}, {"country_iso": "AUT", "city_id": 2885, "log_pop": 3.517001, "log_mass": 6.04937, "log_pop_c": 0.130876, "log_mass_c": 0.064676}, {"country_iso": "AUT", "city_id": 3000, "log_pop": 4.209886, "log_mass": 7.043622, "log_pop_c": 0.678643, "log_mass_c": 0.923679}, {"country_iso": "AUT", "city_id": 3000, "log_pop": 3.999403, "log_mass": 6.473392, "log_pop_c": 0.468161, "log_mass_c": 0.353449}, {"country_iso": "AUT", "city_id": 2936, "log_pop": 3.642084, "log_mass": 6.251721, "log_pop_c": 0.315092, "log_mass_c": 0.227848}, {"country_iso": "AUT", "city_id": 2936, "log_pop": 1.468363, "log_mass": 4.493254, "log_pop_c": -1.85863, "log_mass_c": -1.530619}, {"country_iso": "AUT", "city_id": 3027, "log_pop": 2.538766, "log_mass": 5.081593, "log_pop_c": -1.157531, "log_mass_c": -1.138912}, {"country_iso": "AUT", "city_id": 3027, "log_pop": 4.219176, "log_mass": 6.487809, "log_pop_c": 0.52288, "log_mass_c": 0.267304}, {"country_iso": "AUT", "city_id": 3027, "log_pop": 4.487152, "log_mass": 6.983725, "log_pop_c": 0.790855, "log_mass_c": 0.76322}, {"country_iso": "AUT", "city_id": 3027, "log_pop": 4.391075, "log_mass": 6.608188, "log_pop_c": 0.694778, "log_mass_c": 0.387683}, {"country_iso": "AUT", "city_id": 3027, "log_pop": 2.69701, "log_mass": 5.089451, "log_pop_c": -0.999286, "log_mass_c": -1.131053}, {"country_iso": "AUT", "city_id": 3027, "log_pop": 3.579814, "log_mass": 5.80708, "log_pop_c": -0.116483, "log_mass_c": -0.413424}, {"country_iso": "AUT", "city_id": 3000, "log_pop": 4.226537, "log_mass": 6.62541, "log_pop_c": 0.695294, "log_mass_c": 0.505467}, {"country_iso": "AUT", "city_id": 3027, "log_pop": 3.993825, "log_mass": 6.638116, "log_pop_c": 0.297528, "log_mass_c": 0.417611}, {"country_iso": "AUT", "city_id": 3027, "log_pop": 2.684956, "log_mass": 5.011872, "log_pop_c": -1.01134, "log_mass_c": -1.208632}, {"country_iso": "AUT", "city_id": 3027, "log_pop": 2.722691, "log_mass": 5.859651, "log_pop_c": -0.973606, "log_mass_c": -0.360854}, {"country_iso": "AUT", "city_id": 2885, "log_pop": 3.894628, "log_mass": 6.387589, "log_pop_c": 0.508503, "log_mass_c": 0.402895}, {"country_iso": "AUT", "city_id": 2936, "log_pop": 3.596369, "log_mass": 6.248062, "log_pop_c": 0.269376, "log_mass_c": 0.224189}, {"country_iso": "AUT", "city_id": 3000, "log_pop": 3.794351, "log_mass": 6.281372, "log_pop_c": 0.263109, "log_mass_c": 0.161429}, {"country_iso": "AUT", "city_id": 3027, "log_pop": 4.489416, "log_mass": 6.852447, "log_pop_c": 0.79312, "log_mass_c": 0.631942}, {"country_iso": "AUT", "city_id": 2936, "log_pop": 2.100278, "log_mass": 4.9795, "log_pop_c": -1.226715, "log_mass_c": -1.044373}, {"country_iso": "AUT", "city_id": 2885, "log_pop": 1.776389, "log_mass": 4.077783, "log_pop_c": -1.609736, "log_mass_c": -1.906911}, {"country_iso": "AUT", "city_id": 3027, "log_pop": 3.831807, "log_mass": 6.411908, "log_pop_c": 0.13551, "log_mass_c": 0.191404}, {"country_iso": "AUT", "city_id": 3027, "log_pop": 2.895064, "log_mass": 5.822045, "log_pop_c": -0.801233, "log_mass_c": -0.39846}, {"country_iso": "AUT", "city_id": 3000, "log_pop": 2.998305, "log_mass": 5.453747, "log_pop_c": -0.532937, "log_mass_c": -0.666196}, {"country_iso": "AUT", "city_id": 3000, "log_pop": 3.159322, "log_mass": 6.011559, "log_pop_c": -0.371921, "log_mass_c": -0.108384}, {"country_iso": "AUT", "city_id": 3027, "log_pop": 4.459921, "log_mass": 6.72558, "log_pop_c": 0.763624, "log_mass_c": 0.505076}, {"country_iso": "AUT", "city_id": 2936, "log_pop": 4.052699, "log_mass": 6.992787, "log_pop_c": 0.725706, "log_mass_c": 0.968914}, {"country_iso": "AUT", "city_id": 3027, "log_pop": 3.921372, "log_mass": 6.659073, "log_pop_c": 0.225075, "log_mass_c": 0.438569}, {"country_iso": "AUT", "city_id": 2885, "log_pop": 4.112828, "log_mass": 6.836633, "log_pop_c": 0.726703, "log_mass_c": 0.85194}, {"country_iso": "AUT", "city_id": 3027, "log_pop": 4.424193, "log_mass": 6.704047, "log_pop_c": 0.727896, "log_mass_c": 0.483542}, {"country_iso": "AUT", "city_id": 3027, "log_pop": 4.390018, "log_mass": 6.684852, "log_pop_c": 0.693721, "log_mass_c": 0.464347}, {"country_iso": "AUT", "city_id": 3027, "log_pop": 4.348523, "log_mass": 6.714944, "log_pop_c": 0.652226, "log_mass_c": 0.494439}, {"country_iso": "AUT", "city_id": 2936, "log_pop": 3.238098, "log_mass": 5.958401, "log_pop_c": -0.088894, "log_mass_c": -0.065473}, {"country_iso": "AUT", "city_id": 3027, "log_pop": 3.711547, "log_mass": 6.320736, "log_pop_c": 0.015251, "log_mass_c": 0.100231}, {"country_iso": "AUT", "city_id": 2788, "log_pop": 4.182662, "log_mass": 6.921935, "log_pop_c": 0.892879, "log_mass_c": 1.082132}, {"country_iso": "AUT", "city_id": 3027, "log_pop": 3.556197, "log_mass": 6.144334, "log_pop_c": -0.1401, "log_mass_c": -0.07617}, {"country_iso": "AUT", "city_id": 2885, "log_pop": 2.76806, "log_mass": 5.441788, "log_pop_c": -0.618065, "log_mass_c": -0.542906}, {"country_iso": "AUT", "city_id": 3000, "log_pop": 3.682077, "log_mass": 6.120077, "log_pop_c": 0.150835, "log_mass_c": 0.000134}, {"country_iso": "AUT", "city_id": 3027, "log_pop": 4.078655, "log_mass": 6.283701, "log_pop_c": 0.382359, "log_mass_c": 0.063196}, {"country_iso": "AUT", "city_id": 3000, "log_pop": 3.150969, "log_mass": 5.543272, "log_pop_c": -0.380273, "log_mass_c": -0.576671}, {"country_iso": "AUT", "city_id": 3027, "log_pop": 3.434009, "log_mass": 6.299202, "log_pop_c": -0.262288, "log_mass_c": 0.078698}, {"country_iso": "AUT", "city_id": 3027, "log_pop": 4.438553, "log_mass": 6.772779, "log_pop_c": 0.742257, "log_mass_c": 0.552275}, {"country_iso": "AUT", "city_id": 3027, "log_pop": 4.310864, "log_mass": 6.790519, "log_pop_c": 0.614568, "log_mass_c": 0.570015}, {"country_iso": "AUT", "city_id": 3027, "log_pop": 4.397275, "log_mass": 6.618666, "log_pop_c": 0.700978, "log_mass_c": 0.398162}, {"country_iso": "AUT", "city_id": 2788, "log_pop": 3.688157, "log_mass": 6.325813, "log_pop_c": 0.398374, "log_mass_c": 0.486009}, {"country_iso": "AUT", "city_id": 2788, "log_pop": 3.30582, "log_mass": 5.784238, "log_pop_c": 0.016037, "log_mass_c": -0.055565}, {"country_iso": "AUT", "city_id": 3027, "log_pop": 4.128968, "log_mass": 6.379945, "log_pop_c": 0.432671, "log_mass_c": 0.159441}, {"country_iso": "AUT", "city_id": 3027, "log_pop": 2.460608, "log_mass": 4.825995, "log_pop_c": -1.235689, "log_mass_c": -1.394509}, {"country_iso": "AUT", "city_id": 3027, "log_pop": 1.591046, "log_mass": 3.917504, "log_pop_c": -2.10525, "log_mass_c": -2.303}, {"country_iso": "AUT", "city_id": 3027, "log_pop": 3.418257, "log_mass": 6.46434, "log_pop_c": -0.27804, "log_mass_c": 0.243835}, {"country_iso": "AUT", "city_id": 2788, "log_pop": 2.415675, "log_mass": 4.810969, "log_pop_c": -0.874108, "log_mass_c": -1.028835}, {"country_iso": "AUT", "city_id": 3027, "log_pop": 4.528091, "log_mass": 7.162415, "log_pop_c": 0.831794, "log_mass_c": 0.94191}, {"country_iso": "AUT", "city_id": 3027, "log_pop": 4.051752, "log_mass": 6.358512, "log_pop_c": 0.355455, "log_mass_c": 0.138007}, {"country_iso": "AUT", "city_id": 3027, "log_pop": 0.195992, "log_mass": 3.831739, "log_pop_c": -3.500304, "log_mass_c": -2.388766}, {"country_iso": "AUT", "city_id": 2788, "log_pop": 4.186897, "log_mass": 6.709409, "log_pop_c": 0.897114, "log_mass_c": 0.869605}, {"country_iso": "AUT", "city_id": 3027, "log_pop": 4.516592, "log_mass": 7.185706, "log_pop_c": 0.820295, "log_mass_c": 0.965201}, {"country_iso": "AUT", "city_id": 2936, "log_pop": 3.883345, "log_mass": 6.406191, "log_pop_c": 0.556352, "log_mass_c": 0.382318}, {"country_iso": "AUT", "city_id": 2885, "log_pop": 3.835516, "log_mass": 6.306574, "log_pop_c": 0.449391, "log_mass_c": 0.321881}, {"country_iso": "AUT", "city_id": 3027, "log_pop": 3.902739, "log_mass": 6.681192, "log_pop_c": 0.206442, "log_mass_c": 0.460688}, {"country_iso": "AUT", "city_id": 2936, "log_pop": 3.83748, "log_mass": 6.473365, "log_pop_c": 0.510487, "log_mass_c": 0.449492}, {"country_iso": "AUT", "city_id": 3027, "log_pop": 4.296839, "log_mass": 6.695824, "log_pop_c": 0.600542, "log_mass_c": 0.47532}, {"country_iso": "AUT", "city_id": 3000, "log_pop": 2.81438, "log_mass": 5.430892, "log_pop_c": -0.716863, "log_mass_c": -0.68905}, {"country_iso": "AUT", "city_id": 2885, "log_pop": 3.276155, "log_mass": 5.726437, "log_pop_c": -0.10997, "log_mass_c": -0.258256}, {"country_iso": "AUT", "city_id": 3027, "log_pop": 3.168111, "log_mass": 5.958096, "log_pop_c": -0.528186, "log_mass_c": -0.262409}, {"country_iso": "AUT", "city_id": 3000, "log_pop": 4.075937, "log_mass": 6.566152, "log_pop_c": 0.544695, "log_mass_c": 0.44621}, {"country_iso": "AUT", "city_id": 3027, "log_pop": 3.636505, "log_mass": 5.833052, "log_pop_c": -0.059792, "log_mass_c": -0.387453}, {"country_iso": "AUT", "city_id": 3027, "log_pop": 4.033808, "log_mass": 6.445185, "log_pop_c": 0.337511, "log_mass_c": 0.22468}, {"country_iso": "AUT", "city_id": 2936, "log_pop": 3.473718, "log_mass": 6.137493, "log_pop_c": 0.146725, "log_mass_c": 0.11362}, {"country_iso": "AUT", "city_id": 2885, "log_pop": 2.490961, "log_mass": 5.288577, "log_pop_c": -0.895164, "log_mass_c": -0.696117}, {"country_iso": "AUT", "city_id": 3027, "log_pop": 3.96336, "log_mass": 6.288166, "log_pop_c": 0.267064, "log_mass_c": 0.067661}, {"country_iso": "AUT", "city_id": 3000, "log_pop": 3.470498, "log_mass": 6.276731, "log_pop_c": -0.060745, "log_mass_c": 0.156788}, {"country_iso": "AUT", "city_id": 2788, "log_pop": 3.125884, "log_mass": 5.543488, "log_pop_c": -0.163899, "log_mass_c": -0.296316}, {"country_iso": "AUT", "city_id": 2885, "log_pop": 4.119752, "log_mass": 6.652263, "log_pop_c": 0.733627, "log_mass_c": 0.667569}, {"country_iso": "AUT", "city_id": 3027, "log_pop": 2.788405, "log_mass": 5.658991, "log_pop_c": -0.907892, "log_mass_c": -0.561514}, {"country_iso": "AUT", "city_id": 2936, "log_pop": 3.405072, "log_mass": 6.179232, "log_pop_c": 0.078079, "log_mass_c": 0.155359}, {"country_iso": "AUT", "city_id": 2936, "log_pop": 3.252525, "log_mass": 5.901598, "log_pop_c": -0.074467, "log_mass_c": -0.122275}, {"country_iso": "AUT", "city_id": 3027, "log_pop": 4.478616, "log_mass": 6.745576, "log_pop_c": 0.782319, "log_mass_c": 0.525071}, {"country_iso": "AUT", "city_id": 2936, "log_pop": 4.161754, "log_mass": 6.811263, "log_pop_c": 0.834761, "log_mass_c": 0.787389}, {"country_iso": "AUT", "city_id": 3027, "log_pop": 4.218588, "log_mass": 6.563906, "log_pop_c": 0.522292, "log_mass_c": 0.343401}, {"country_iso": "AUT", "city_id": 3027, "log_pop": 4.210998, "log_mass": 6.591005, "log_pop_c": 0.514701, "log_mass_c": 0.370501}, {"country_iso": "AUT", "city_id": 3027, "log_pop": 4.059574, "log_mass": 6.386435, "log_pop_c": 0.363277, "log_mass_c": 0.165931}, {"country_iso": "AUT", "city_id": 3027, "log_pop": 3.398547, "log_mass": 5.464442, "log_pop_c": -0.29775, "log_mass_c": -0.756063}, {"country_iso": "AUT", "city_id": 3027, "log_pop": 1.276085, "log_mass": 4.889461, "log_pop_c": -2.420212, "log_mass_c": -1.331044}, {"country_iso": "AUT", "city_id": 3027, "log_pop": 4.223612, "log_mass": 6.594816, "log_pop_c": 0.527315, "log_mass_c": 0.374311}, {"country_iso": "AUT", "city_id": 2885, "log_pop": 3.835296, "log_mass": 6.357671, "log_pop_c": 0.449171, "log_mass_c": 0.372977}, {"country_iso": "AUT", "city_id": 3027, "log_pop": 4.38473, "log_mass": 6.693186, "log_pop_c": 0.688433, "log_mass_c": 0.472682}, {"country_iso": "AUT", "city_id": 3027, "log_pop": 2.666932, "log_mass": 5.723235, "log_pop_c": -1.029365, "log_mass_c": -0.49727}, {"country_iso": "AUT", "city_id": 3027, "log_pop": 4.300513, "log_mass": 6.813545, "log_pop_c": 0.604216, "log_mass_c": 0.59304}, {"country_iso": "AUT", "city_id": 3027, "log_pop": 1.179056, "log_mass": 4.668282, "log_pop_c": -2.51724, "log_mass_c": -1.552222}, {"country_iso": "AUT", "city_id": 3027, "log_pop": 3.818586, "log_mass": 6.151697, "log_pop_c": 0.12229, "log_mass_c": -0.068807}, {"country_iso": "AUT", "city_id": 2885, "log_pop": 3.31628, "log_mass": 5.82825, "log_pop_c": -0.069845, "log_mass_c": -0.156443}, {"country_iso": "AUT", "city_id": 3027, "log_pop": 3.691865, "log_mass": 5.973192, "log_pop_c": -0.004431, "log_mass_c": -0.247313}]