[{"country_iso": "MAR", "city_id": 1595, "log_pop": 4.607771, "log_mass": 6.281474}, {"country_iso": "MAR", "city_id": 1733, "log_pop": 3.806913, "log_mass": 5.96828}, {"country_iso": "MAR", "city_id": 1575, "log_pop": 3.258684, "log_mass": 5.583127}, {"country_iso": "MAR", "city_id": 1575, "log_pop": 1.659047, "log_mass": 4.618326}, {"country_iso": "MAR", "city_id": 1652, "log_pop": 4.706711, "log_mass": 6.477996}, {"country_iso": "MAR", "city_id": 1544, "log_pop": 2.547337, "log_mass": 5.051414}, {"country_iso": "MAR", "city_id": 1595, "log_pop": 3.390449, "log_mass": 5.529408}, {"country_iso": "MAR", "city_id": 1643, "log_pop": 4.445678, "log_mass": 6.30335}, {"country_iso": "MAR", "city_id": 1575, "log_pop": 4.821894, "log_mass": 6.249433}, {"country_iso": "MAR", "city_id": 1765, "log_pop": 3.244656, "log_mass": 5.438192}, {"country_iso": "MAR", "city_id": 1664, "log_pop": 2.863565, "log_mass": 4.738865}, {"country_iso": "MAR", "city_id": 1635, "log_pop": 3.487548, "log_mass": 5.98284}, {"country_iso": "MAR", "city_id": 1635, "log_pop": 3.064902, "log_mass": 5.312168}, {"country_iso": "MAR", "city_id": 1575, "log_pop": 3.781984, "log_mass": 5.996985}, {"country_iso": "MAR", "city_id": 1575, "log_pop": 3.290661, "log_mass": 5.334111}, {"country_iso": "MAR", "city_id": 1734, "log_pop": 3.644409, "log_mass": 6.084059}, {"country_iso": "MAR", "city_id": 1575, "log_pop": 4.570063, "log_mass": 6.679374}, {"country_iso": "MAR", "city_id": 1544, "log_pop": 4.28539, "log_mass": 6.49584}, {"country_iso": "MAR", "city_id": 1575, "log_pop": 3.589265, "log_mass": 5.66832}, {"country_iso": "MAR", "city_id": 1664, "log_pop": 4.620644, "log_mass": 6.350912}, {"country_iso": "MAR", "city_id": 1664, "log_pop": 3.369753, "log_mass": 5.70118}, {"country_iso": "MAR", "city_id": 1635, "log_pop": 2.542876, "log_mass": 4.523659}, {"country_iso": "MAR", "city_id": 1570, "log_pop": 3.766866, "log_mass": 6.103104}, {"country_iso": "MAR", "city_id": 1643, "log_pop": 2.255709, "log_mass": 4.157769}, {"country_iso": "MAR", "city_id": 1544, "log_pop": 3.212324, "log_mass": 5.553062}, {"country_iso": "MAR", "city_id": 1544, "log_pop": 4.714629, "log_mass": 6.52998}, {"country_iso": "MAR", "city_id": 1664, "log_pop": 3.04788, "log_mass": 4.841639}, {"country_iso": "MAR", "city_id": 1595, "log_pop": 2.768596, "log_mass": 4.935134}, {"country_iso": "MAR", "city_id": 1787, "log_pop": 4.210494, "log_mass": 6.260011}, {"country_iso": "MAR", "city_id": 1575, "log_pop": 4.612136, "log_mass": 6.605051}, {"country_iso": "MAR", "city_id": 1575, "log_pop": 3.362459, "log_mass": 5.576399}, {"country_iso": "MAR", "city_id": 1570, "log_pop": 3.252277, "log_mass": 5.767666}, {"country_iso": "MAR", "city_id": 1575, "log_pop": 3.682545, "log_mass": 6.053194}, {"country_iso": "MAR", "city_id": 1643, "log_pop": 3.457852, "log_mass": 5.843128}, {"country_iso": "MAR", "city_id": 1595, "log_pop": 2.144783, "log_mass": 4.286343}, {"country_iso": "MAR", "city_id": 1664, "log_pop": 0.033335, "log_mass": 3.41566}, {"country_iso": "MAR", "city_id": 1604, "log_pop": 2.72547, "log_mass": 4.827183}, {"country_iso": "MAR", "city_id": 1604, "log_pop": 2.543642, "log_mass": 4.838258}, {"country_iso": "MAR", "city_id": 1635, "log_pop": 4.663618, "log_mass": 6.51857}, {"country_iso": "MAR", "city_id": 1664, "log_pop": 2.308793, "log_mass": 4.651267}, {"country_iso": "MAR", "city_id": 1595, "log_pop": 4.41666, "log_mass": 6.40278}, {"country_iso": "MAR", "city_id": 1664, "log_pop": 1.187327, "log_mass": 4.23695}, {"country_iso": "MAR", "city_id": 1595, "log_pop": 1.985651, "log_mass": 4.242387}, {"country_iso": "MAR", "city_id": 1664, "log_pop": 4.563566, "log_mass": 6.544814}, {"country_iso": "MAR", "city_id": 1595, "log_pop": 2.841409, "log_mass": 5.471084}, {"country_iso": "MAR", "city_id": 1664, "log_pop": 4.492128, "log_mass": 6.213249}, {"country_iso": "MAR", "city_id": 1664, "log_pop": 4.392038, "log_mass": 6.175367}, {"country_iso": "MAR", "city_id": 1547, "log_pop": 4.538567, "log_mass": 6.306698}, {"country_iso": "MAR", "city_id": 1575, "log_pop": 5.323547, "log_mass": 6.593924}, {"country_iso": "MAR", "city_id": 1595, "log_pop": 2.620147, "log_mass": 4.888601}, {"country_iso": "MAR", "city_id": 1604, "log_pop": 4.431137, "log_mass": 6.52162}, {"country_iso": "MAR", "city_id": 1733, "log_pop": 3.432909, "log_mass": 5.931873}, {"country_iso": "MAR", "city_id": 1570, "log_pop": 2.906797, "log_mass": 4.669484}, {"country_iso": "MAR", "city_id": 1604, "log_pop": 2.142446, "log_mass": 4.73633}, {"country_iso": "MAR", "city_id": 1575, "log_pop": 4.140564, "log_mass": 6.230653}, {"country_iso": "MAR", "city_id": 1575, "log_pop": 4.00138, "log_mass": 6.168966}, {"country_iso": "MAR", "city_id": 1787, "log_pop": 4.319667, "log_mass": 6.442453}, {"country_iso": "MAR", "city_id": 1575, "log_pop": 4.292428, "log_mass": 6.045012}, {"country_iso": "MAR", "city_id": 1787, "log_pop": 4.207912, "log_mass": 6.265197}, {"country_iso": "MAR", "city_id": 1595, "log_pop": 4.121442, "log_mass": 6.096919}, {"country_iso": "MAR", "city_id": 1575, "log_pop": 4.030362, "log_mass": 6.097872}, {"country_iso": "MAR", "city_id": 1787, "log_pop": 3.33824, "log_mass": 5.485225}, {"country_iso": "MAR", "city_id": 1787, "log_pop": 4.641147, "log_mass": 6.578046}, {"country_iso": "MAR", "city_id": 1595, "log_pop": 4.220442, "log_mass": 6.463396}, {"country_iso": "MAR", "city_id": 1595, "log_pop": 2.176141, "log_mass": 4.77876}, {"country_iso": "MAR", "city_id": 1734, "log_pop": 3.976472, "log_mass": 6.38733}, {"country_iso": "MAR", "city_id": 1604, "log_pop": 3.224681, "log_mass": 5.32988}, {"country_iso": "MAR", "city_id": 1575, "log_pop": 4.363162, "log_mass": 6.601398}, {"country_iso": "MAR", "city_id": 1595, "log_pop": 3.895677, "log_mass": 6.263973}, {"country_iso": "MAR", "city_id": 1595, "log_pop": 4.511301, "log_mass": 6.365407}, {"country_iso": "MAR", "city_id": 1595, "log_pop": 2.611752, "log_mass": 4.684102}, {"country_iso": "MAR", "city_id": 1575, "log_pop": 4.821101, "log_mass": 6.052048}, {"country_iso": "MAR", "city_id": 1765, "log_pop": 1.565612, "log_mass": 3.82058}, {"country_iso": "MAR", "city_id": 1595, "log_pop": 3.934195, "log_mass": 6.048112}, {"country_iso": "MAR", "city_id": 1595, "log_pop": 4.242435, "log_mass": 6.312935}, {"country_iso": "MAR", "city_id": 1575, "log_pop": 4.331472, "log_mass": 6.392408}, {"country_iso": "MAR", "city_id": 1733, "log_pop": 4.427918, "log_mass": 6.462865}, {"country_iso": "MAR", "city_id": 1544, "log_pop": 4.074224, "log_mass": 6.078329}, {"country_iso": "MAR", "city_id": 1595, "log_pop": 2.257283, "log_mass": 4.300891}, {"country_iso": "MAR", "city_id": 1643, "log_pop": 4.266933, "log_mass": 6.074599}, {"country_iso": "MAR", "city_id": 1570, "log_pop": 1.934843, "log_mass": 5.098945}, {"country_iso": "MAR", "city_id": 1595, "log_pop": 4.538189, "log_mass": 6.590177}, {"country_iso": "MAR", "city_id": 1595, "log_pop": 1.702723, "log_mass": 4.723375}, {"country_iso": "MAR", "city_id": 1765, "log_pop": 3.945138, "log_mass": 5.972073}, {"country_iso": "MAR", "city_id": 1734, "log_pop": 2.222937, "log_mass": 5.147771}, {"country_iso": "MAR", "city_id": 1595, "log_pop": 2.595861, "log_mass": 4.509868}, {"country_iso": "MAR", "city_id": 1595, "log_pop": 2.557048, "log_mass": 5.501998}, {"country_iso": "MAR", "city_id": 1635, "log_pop": 3.638784, "log_mass": 5.814504}, {"country_iso": "MAR", "city_id": 1664, "log_pop": 4.252207, "log_mass": 5.783032}, {"country_iso": "MAR", "city_id": 1734, "log_pop": 3.852276, "log_mass": 6.370435}, {"country_iso": "MAR", "city_id": 1570, "log_pop": 1.867916, "log_mass": 4.644771}, {"country_iso": "MAR", "city_id": 1765, "log_pop": 4.541761, "log_mass": 6.39368}, {"country_iso": "MAR", "city_id": 1787, "log_pop": 4.688971, "log_mass": 6.579133}, {"country_iso": "MAR", "city_id": 1664, "log_pop": 4.201995, "log_mass": 5.998271}, {"country_iso": "MAR", "city_id": 1595, "log_pop": 3.474752, "log_mass": 5.315549}, {"country_iso": "MAR", "city_id": 1575, "log_pop": 2.922807, "log_mass": 5.254139}, {"country_iso": "MAR", "city_id": 1733, "log_pop": 1.361088, "log_mass": 3.917759}, {"country_iso": "MAR", "city_id": 1664, "log_pop": 4.626572, "log_mass": 6.633719}, {"country_iso": "MAR", "city_id": 1575, "log_pop": 3.753712, "log_mass": 5.853885}, {"country_iso": "MAR", "city_id": 1635, "log_pop": 1.156337, "log_mass": 3.103154}, {"country_iso": "MAR", "city_id": 1547, "log_pop": 3.870208, "log_mass": 6.056893}, {"country_iso": "MAR", "city_id": 1652, "log_pop": 4.244181, "log_mass": 6.056867}, {"country_iso": "MAR", "city_id": 1643, "log_pop": 3.318752, "log_mass": 5.546055}, {"country_iso": "MAR", "city_id": 1575, "log_pop": 4.651626, "log_mass": 6.779334}, {"country_iso": "MAR", "city_id": 1635, "log_pop": 3.670782, "log_mass": 6.128912}, {"country_iso": "MAR", "city_id": 1604, "log_pop": 4.347978, "log_mass": 6.304923}, {"country_iso": "MAR", "city_id": 1604, "log_pop": 3.67156, "log_mass": 5.795114}, {"country_iso": "MAR", "city_id": 1575, "log_pop": 1.170262, "log_mass": 3.704734}, {"country_iso": "MAR", "city_id": 1643, "log_pop": 3.697744, "log_mass": 6.109975}, {"country_iso": "MAR", "city_id": 1604, "log_pop": 3.472119, "log_mass": 5.603916}, {"country_iso": "MAR", "city_id": 1787, "log_pop": 3.244156, "log_mass": 5.283905}, {"country_iso": "MAR", "city_id": 1733, "log_pop": 1.174977, "log_mass": 2.992151}, {"country_iso": "MAR", "city_id": 1652, "log_pop": 4.196127, "log_mass": 6.095032}, {"country_iso": "MAR", "city_id": 1635, "log_pop": 4.860782, "log_mass": 6.724683}, {"country_iso": "MAR", "city_id": 1575, "log_pop": 1.943288, "log_mass": 4.853847}, {"country_iso": "MAR", "city_id": 1595, "log_pop": 4.657385, "log_mass": 6.332591}, {"country_iso": "MAR", "city_id": 1787, "log_pop": 4.394733, "log_mass": 6.450861}, {"country_iso": "MAR", "city_id": 1595, "log_pop": 1.889688, "log_mass": 4.74161}, {"country_iso": "MAR", "city_id": 1595, "log_pop": 3.646615, "log_mass": 5.472434}, {"country_iso": "MAR", "city_id": 1575, "log_pop": 1.839619, "log_mass": 4.433047}, {"country_iso": "MAR", "city_id": 1787, "log_pop": 0.688532, "log_mass": 3.982494}, {"country_iso": "MAR", "city_id": 1787, "log_pop": 4.581335, "log_mass": 6.560325}, {"country_iso": "MAR", "city_id": 1547, "log_pop": 0.540605, "log_mass": 3.181365}, {"country_iso": "MAR", "city_id": 1734, "log_pop": 3.421317, "log_mass": 5.521667}, {"country_iso": "MAR", "city_id": 1544, "log_pop": 3.585384, "log_mass": 5.711412}, {"country_iso": "MAR", "city_id": 1544, "log_pop": 4.334997, "log_mass": 6.308273}, {"country_iso": "MAR", "city_id": 1547, "log_pop": 2.083103, "log_mass": 4.773661}, {"country_iso": "MAR", "city_id": 1664, "log_pop": 4.493676, "log_mass": 6.372826}, {"country_iso": "MAR", "city_id": 1643, "log_pop": 1.153345, "log_mass": 3.649863}, {"country_iso": "MAR", "city_id": 1595, "log_pop": 4.880457, "log_mass": 6.516314}, {"country_iso": "MAR", "city_id": 1544, "log_pop": 4.389459, "log_mass": 6.450136}, {"country_iso": "MAR", "city_id": 1765, "log_pop": 2.740989, "log_mass": 4.755996}, {"country_iso": "MAR", "city_id": 1635, "log_pop": 3.584456, "log_mass": 5.906592}, {"country_iso": "MAR", "city_id": 1558, "log_pop": 3.377325, "log_mass": 5.864041}, {"country_iso": "MAR", "city_id": 1765, "log_pop": 4.06732, "log_mass": 5.984168}, {"country_iso": "MAR", "city_id": 1787, "log_pop": 4.378845, "log_mass": 6.418915}, {"country_iso": "MAR", "city_id": 1575, "log_pop": 5.100002, "log_mass": 6.414103}, {"country_iso": "MAR", "city_id": 1643, "log_pop": 3.834985, "log_mass": 5.81059}, {"country_iso": "MAR", "city_id": 1544, "log_pop": 4.60244, "log_mass": 6.621333}, {"country_iso": "MAR", "city_id": 1595, "log_pop": 1.928044, "log_mass": 4.364653}, {"country_iso": "MAR", "city_id": 1643, "log_pop": 2.907141, "log_mass": 5.607533}, {"country_iso": "MAR", "city_id": 1643, "log_pop": 2.133573, "log_mass": 4.249835}, {"country_iso": "MAR", "city_id": 1544, "log_pop": 3.782209, "log_mass": 6.009354}, {"country_iso": "MAR", "city_id": 1547, "log_pop": 4.502869, "log_mass": 6.267679}, {"country_iso": "MAR", "city_id": 1575, "log_pop": 4.909737, "log_mass": 6.583309}, {"country_iso": "MAR", "city_id": 1575, "log_pop": 4.445212, "log_mass": 6.498941}, {"country_iso": "MAR", "city_id": 1652, "log_pop": 4.59941, "log_mass": 6.411619}, {"country_iso": "MAR", "city_id": 1575, "log_pop": 4.454825, "log_mass": 5.76213}, {"country_iso": "MAR", "city_id": 1575, "log_pop": 4.711154, "log_mass": 6.64958}, {"country_iso": "MAR", "city_id": 1635, "log_pop": 4.29251, "log_mass": 6.366551}, {"country_iso": "MAR", "city_id": 1595, "log_pop": 4.470769, "log_mass": 6.459379}, {"country_iso": "MAR", "city_id": 1570, "log_pop": 3.514721, "log_mass": 5.389142}, {"country_iso": "MAR", "city_id": 1575, "log_pop": 3.574019, "log_mass": 5.815002}, {"country_iso": "MAR", "city_id": 1544, "log_pop": 3.03553, "log_mass": 5.763688}, {"country_iso": "MAR", "city_id": 1643, "log_pop": 4.525968, "log_mass": 6.436001}, {"country_iso": "MAR", "city_id": 1595, "log_pop": 4.301869, "log_mass": 6.396675}, {"country_iso": "MAR", "city_id": 1635, "log_pop": 2.271019, "log_mass": 3.765895}, {"country_iso": "MAR", "city_id": 1575, "log_pop": 4.498003, "log_mass": 6.514476}, {"country_iso": "MAR", "city_id": 1652, "log_pop": 4.410464, "log_mass": 6.279954}, {"country_iso": "MAR", "city_id": 1547, "log_pop": 3.216136, "log_mass": 5.358913}, {"country_iso": "MAR", "city_id": 1544, "log_pop": 2.53538, "log_mass": 4.931532}, {"country_iso": "MAR", "city_id": 1664, "log_pop": 4.365452, "log_mass": 6.425308}, {"country_iso": "MAR", "city_id": 1575, "log_pop": 3.13552, "log_mass": 5.694244}, {"country_iso": "MAR", "city_id": 1575, "log_pop": 5.157458, "log_mass": 6.38632}, {"country_iso": "MAR", "city_id": 1544, "log_pop": 3.793739, "log_mass": 6.076007}, {"country_iso": "MAR", "city_id": 1664, "log_pop": 4.469889, "log_mass": 6.557343}, {"country_iso": "MAR", "city_id": 1570, "log_pop": 4.528001, "log_mass": 6.536524}, {"country_iso": "MAR", "city_id": 1595, "log_pop": 2.94136, "log_mass": 5.576681}, {"country_iso": "MAR", "city_id": 1544, "log_pop": 3.899949, "log_mass": 6.179248}, {"country_iso": "MAR", "city_id": 1652, "log_pop": 2.60412, "log_mass": 4.772433}, {"country_iso": "MAR", "city_id": 1595, "log_pop": 3.970004, "log_mass": 6.010227}, {"country_iso": "MAR", "city_id": 1604, "log_pop": 3.28834, "log_mass": 5.642943}, {"country_iso": "MAR", "city_id": 1575, "log_pop": 4.490921, "log_mass": 6.545661}, {"country_iso": "MAR", "city_id": 1575, "log_pop": 4.77891, "log_mass": 6.770233}, {"country_iso": "MAR", "city_id": 1547, "log_pop": 4.304499, "log_mass": 6.255375}, {"country_iso": "MAR", "city_id": 1544, "log_pop": 3.170187, "log_mass": 5.263849}, {"country_iso": "MAR", "city_id": 1575, "log_pop": 4.083723, "log_mass": 5.886174}, {"country_iso": "MAR", "city_id": 1575, "log_pop": 2.544793, "log_mass": 5.358099}, {"country_iso": "MAR", "city_id": 1570, "log_pop": 4.379106, "log_mass": 6.12888}, {"country_iso": "MAR", "city_id": 1733, "log_pop": 3.576122, "log_mass": 6.009054}, {"country_iso": "MAR", "city_id": 1635, "log_pop": 3.227322, "log_mass": 5.389218}, {"country_iso": "MAR", "city_id": 1575, "log_pop": 4.413149, "log_mass": 6.35263}, {"country_iso": "MAR", "city_id": 1575, "log_pop": 2.628, "log_mass": 4.347128}, {"country_iso": "MAR", "city_id": 1558, "log_pop": 3.962021, "log_mass": 5.946964}, {"country_iso": "MAR", "city_id": 1604, "log_pop": 4.197999, "log_mass": 6.327669}, {"country_iso": "MAR", "city_id": 1734, "log_pop": 4.746243, "log_mass": 6.555444}, {"country_iso": "MAR", "city_id": 1643, "log_pop": 4.267185, "log_mass": 6.018454}, {"country_iso": "MAR", "city_id": 1544, "log_pop": 2.87183, "log_mass": 5.116362}, {"country_iso": "MAR", "city_id": 1570, "log_pop": 4.637094, "log_mass": 6.621825}, {"country_iso": "MAR", "city_id": 1787, "log_pop": 3.56727, "log_mass": 5.596775}, {"country_iso": "MAR", "city_id": 1575, "log_pop": 3.938999, "log_mass": 5.987081}, {"country_iso": "MAR", "city_id": 1604, "log_pop": 3.395151, "log_mass": 5.418098}, {"country_iso": "MAR", "city_id": 1652, "log_pop": 3.393002, "log_mass": 5.558112}, {"country_iso": "MAR", "city_id": 1652, "log_pop": 2.659722, "log_mass": 4.548049}, {"country_iso": "MAR", "city_id": 1547, "log_pop": 3.853754, "log_mass": 5.85596}, {"country_iso": "MAR", "city_id": 1547, "log_pop": 3.526205, "log_mass": 5.832542}, {"country_iso": "MAR", "city_id": 1787, "log_pop": 1.677262, "log_mass": 5.077312}, {"country_iso": "MAR", "city_id": 1570, "log_pop": 4.138022, "log_mass": 6.381582}, {"country_iso": "MAR", "city_id": 1643, "log_pop": 4.116169, "log_mass": 6.334433}, {"country_iso": "MAR", "city_id": 1664, "log_pop": 4.411009, "log_mass": 6.317289}, {"country_iso": "MAR", "city_id": 1733, "log_pop": 3.640252, "log_mass": 5.8452}, {"country_iso": "MAR", "city_id": 1604, "log_pop": 3.141434, "log_mass": 5.268395}, {"country_iso": "MAR", "city_id": 1635, "log_pop": 0.731357, "log_mass": 3.280453}, {"country_iso": "MAR", "city_id": 1595, "log_pop": 3.911419, "log_mass": 5.913228}, {"country_iso": "MAR", "city_id": 1558, "log_pop": 2.941717, "log_mass": 5.495858}, {"country_iso": "MAR", "city_id": 1544, "log_pop": 4.207641, "log_mass": 6.092971}, {"country_iso": "MAR", "city_id": 1558, "log_pop": 3.758188, "log_mass": 5.847769}, {"country_iso": "MAR", "city_id": 1575, "log_pop": 3.68388, "log_mass": 6.070465}, {"country_iso": "MAR", "city_id": 1544, "log_pop": 4.071888, "log_mass": 6.356635}, {"country_iso": "MAR", "city_id": 1544, "log_pop": 3.113579, "log_mass": 5.417007}, {"country_iso": "MAR", "city_id": 1664, "log_pop": 4.575164, "log_mass": 5.917712}, {"country_iso": "MAR", "city_id": 1570, "log_pop": 4.061196, "log_mass": 6.155557}, {"country_iso": "MAR", "city_id": 1652, "log_pop": 3.741106, "log_mass": 5.69631}, {"country_iso": "MAR", "city_id": 1570, "log_pop": 2.472598, "log_mass": 5.812044}, {"country_iso": "MAR", "city_id": 1635, "log_pop": 3.959313, "log_mass": 6.180126}, {"country_iso": "MAR", "city_id": 1787, "log_pop": 0.564151, "log_mass": 3.292597}, {"country_iso": "MAR", "city_id": 1664, "log_pop": 3.407506, "log_mass": 5.133636}, {"country_iso": "MAR", "city_id": 1575, "log_pop": 4.411248, "log_mass": 6.350506}, {"country_iso": "MAR", "city_id": 1664, "log_pop": 4.685613, "log_mass": 6.430302}, {"country_iso": "MAR", "city_id": 1595, "log_pop": 4.253894, "log_mass": 6.095397}, {"country_iso": "MAR", "city_id": 1635, "log_pop": 5.221536, "log_mass": 6.567981}, {"country_iso": "MAR", "city_id": 1575, "log_pop": 3.018565, "log_mass": 5.727859}, {"country_iso": "MAR", "city_id": 1643, "log_pop": 2.648239, "log_mass": 4.98485}, {"country_iso": "MAR", "city_id": 1635, "log_pop": 4.706625, "log_mass": 6.361165}, {"country_iso": "MAR", "city_id": 1575, "log_pop": 2.85599, "log_mass": 5.374769}, {"country_iso": "MAR", "city_id": 1575, "log_pop": 4.596738, "log_mass": 6.508684}, {"country_iso": "MAR", "city_id": 1570, "log_pop": 4.504494, "log_mass": 6.271947}, {"country_iso": "MAR", "city_id": 1643, "log_pop": 4.333401, "log_mass": 6.21281}, {"country_iso": "MAR", "city_id": 1604, "log_pop": 4.128126, "log_mass": 6.156272}, {"country_iso": "MAR", "city_id": 1664, "log_pop": 4.432526, "log_mass": 6.23949}, {"country_iso": "MAR", "city_id": 1765, "log_pop": 3.884164, "log_mass": 5.946724}, {"country_iso": "MAR", "city_id": 1733, "log_pop": 2.882189, "log_mass": 5.218}, {"country_iso": "MAR", "city_id": 1635, "log_pop": 1.281293, "log_mass": 4.397877}, {"country_iso": "MAR", "city_id": 1635, "log_pop": 3.457524, "log_mass": 5.385635}, {"country_iso": "MAR", "city_id": 1547, "log_pop": 3.578899, "log_mass": 5.824094}, {"country_iso": "MAR", "city_id": 1544, "log_pop": 3.521953, "log_mass": 5.763724}, {"country_iso": "MAR", "city_id": 1547, "log_pop": 2.567222, "log_mass": 4.4987}, {"country_iso": "MAR", "city_id": 1664, "log_pop": 2.916011, "log_mass": 5.232211}, {"country_iso": "MAR", "city_id": 1595, "log_pop": 4.050652, "log_mass": 5.959313}, {"country_iso": "MAR", "city_id": 1604, "log_pop": 3.026556, "log_mass": 4.978713}, {"country_iso": "MAR", "city_id": 1575, "log_pop": 3.640235, "log_mass": 5.646838}, {"country_iso": "MAR", "city_id": 1604, "log_pop": 2.224084, "log_mass": 5.016742}, {"country_iso": "MAR", "city_id": 1575, "log_pop": 1.657336, "log_mass": 4.633796}, {"country_iso": "MAR", "city_id": 1575, "log_pop": 2.490907, "log_mass": 5.106842}, {"country_iso": "MAR", "city_id": 1575, "log_pop": 5.014581, "log_mass": 6.642143}, {"country_iso": "MAR", "city_id": 1635, "log_pop": 4.021265, "log_mass": 5.56712}, {"country_iso": "MAR", "city_id": 1635, "log_pop": 3.342522, "log_mass": 5.759216}, {"country_iso": "MAR", "city_id": 1575, "log_pop": 4.741836, "log_mass": 6.720493}, {"country_iso": "MAR", "city_id": 1604, "log_pop": 4.465775, "log_mass": 6.451323}, {"country_iso": "MAR", "city_id": 1544, "log_pop": 3.906002, "log_mass": 6.094157}, {"country_iso": "MAR", "city_id": 1544, "log_pop": 4.499123, "log_mass": 6.491242}, {"country_iso": "MAR", "city_id": 1664, "log_pop": 3.367788, "log_mass": 5.759318}, {"country_iso": "MAR", "city_id": 1575, "log_pop": 2.978351, "log_mass": 5.633399}, {"country_iso": "MAR", "city_id": 1544, "log_pop": 2.937017, "log_mass": 5.243732}, {"country_iso": "MAR", "city_id": 1635, "log_pop": 3.951651, "log_mass": 6.219074}, {"country_iso": "MAR", "city_id": 1575, "log_pop": 3.076158, "log_mass": 5.534537}, {"country_iso": "MAR", "city_id": 1575, "log_pop": 3.337659, "log_mass": 5.669176}, {"country_iso": "MAR", "city_id": 1575, "log_pop": 3.677875, "log_mass": 5.652035}, {"country_iso": "MAR", "city_id": 1575, "log_pop": 4.501543, "log_mass": 6.572619}, {"country_iso": "MAR", "city_id": 1558, "log_pop": 2.952149, "log_mass": 5.418175}, {"country_iso": "MAR", "city_id": 1604, "log_pop": 2.85767, "log_mass": 5.142303}, {"country_iso": "MAR", "city_id": 1575, "log_pop": 3.998151, "log_mass": 6.424569}, {"country_iso": "MAR", "city_id": 1575, "log_pop": 4.965774, "log_mass": 6.734145}, {"country_iso": "MAR", "city_id": 1643, "log_pop": 3.525439, "log_mass": 5.562137}, {"country_iso": "MAR", "city_id": 1547, "log_pop": 4.509788, "log_mass": 6.361609}, {"country_iso": "MAR", "city_id": 1595, "log_pop": 4.978108, "log_mass": 6.552711}, {"country_iso": "MAR", "city_id": 1595, "log_pop": 4.493857, "log_mass": 6.362793}, {"country_iso": "MAR", "city_id": 1595, "log_pop": 2.107102, "log_mass": 4.814228}, {"country_iso": "MAR", "city_id": 1595, "log_pop": 3.713914, "log_mass": 6.420572}, {"country_iso": "MAR", "city_id": 1575, "log_pop": 4.59077, "log_mass": 6.398359}, {"country_iso": "MAR", "city_id": 1570, "log_pop": 4.287295, "log_mass": 6.523853}, {"country_iso": "MAR", "city_id": 1575, "log_pop": 4.452335, "log_mass": 6.385721}, {"country_iso": "MAR", "city_id": 1635, "log_pop": 1.505615, "log_mass": 4.982697}, {"country_iso": "MAR", "city_id": 1635, "log_pop": 1.050268, "log_mass": 3.352545}, {"country_iso": "MAR", "city_id": 1544, "log_pop": 1.686283, "log_mass": 4.180582}, {"country_iso": "MAR", "city_id": 1558, "log_pop": 2.470425, "log_mass": 4.763057}, {"country_iso": "MAR", "city_id": 1570, "log_pop": 1.641158, "log_mass": 3.817585}, {"country_iso": "MAR", "city_id": 1643, "log_pop": 0.000777, "log_mass": 2.803532}, {"country_iso": "MAR", "city_id": 1635, "log_pop": 4.57405, "log_mass": 6.24299}, {"country_iso": "MAR", "city_id": 1544, "log_pop": 3.805677, "log_mass": 6.152285}, {"country_iso": "MAR", "city_id": 1575, "log_pop": 3.432236, "log_mass": 5.785796}, {"country_iso": "MAR", "city_id": 1575, "log_pop": 3.621392, "log_mass": 5.907022}, {"country_iso": "MAR", "city_id": 1635, "log_pop": 1.386444, "log_mass": 4.286184}, {"country_iso": "MAR", "city_id": 1575, "log_pop": 3.916805, "log_mass": 6.021449}, {"country_iso": "MAR", "city_id": 1643, "log_pop": 4.119941, "log_mass": 5.92446}, {"country_iso": "MAR", "city_id": 1575, "log_pop": 4.755125, "log_mass": 6.556077}, {"country_iso": "MAR", "city_id": 1595, "log_pop": 4.211398, "log_mass": 6.581491}, {"country_iso": "MAR", "city_id": 1635, "log_pop": 2.064428, "log_mass": 4.164055}, {"country_iso": "MAR", "city_id": 1575, "log_pop": 4.611282, "log_mass": 6.803395}, {"country_iso": "MAR", "city_id": 1733, "log_pop": 3.759236, "log_mass": 5.967119}, {"country_iso": "MAR", "city_id": 1575, "log_pop": 3.78327, "log_mass": 6.443852}, {"country_iso": "MAR", "city_id": 1664, "log_pop": 3.742303, "log_mass": 5.906961}, {"country_iso": "MAR", "city_id": 1595, "log_pop": 4.799889, "log_mass": 6.522617}, {"country_iso": "MAR", "city_id": 1664, "log_pop": 3.26424, "log_mass": 5.226217}, {"country_iso": "MAR", "city_id": 1570, "log_pop": 4.362456, "log_mass": 6.270954}, {"country_iso": "MAR", "city_id": 1570, "log_pop": 2.692394, "log_mass": 5.302065}, {"country_iso": "MAR", "city_id": 1652, "log_pop": 1.920832, "log_mass": 4.598491}, {"country_iso": "MAR", "city_id": 1787, "log_pop": 3.984086, "log_mass": 6.260503}, {"country_iso": "MAR", "city_id": 1733, "log_pop": 3.841551, "log_mass": 6.105567}, {"country_iso": "MAR", "city_id": 1765, "log_pop": 2.02475, "log_mass": 4.344626}, {"country_iso": "MAR", "city_id": 1547, "log_pop": 2.597155, "log_mass": 4.249884}, {"country_iso": "MAR", "city_id": 1635, "log_pop": 3.785153, "log_mass": 5.963088}, {"country_iso": "MAR", "city_id": 1575, "log_pop": 1.851026, "log_mass": 4.491146}, {"country_iso": "MAR", "city_id": 1595, "log_pop": 3.962507, "log_mass": 5.996308}, {"country_iso": "MAR", "city_id": 1544, "log_pop": 3.728898, "log_mass": 6.060351}, {"country_iso": "MAR", "city_id": 1643, "log_pop": 4.352299, "log_mass": 6.271763}, {"country_iso": "MAR", "city_id": 1734, "log_pop": 0.676009, "log_mass": 3.472684}, {"country_iso": "MAR", "city_id": 1570, "log_pop": 5.292934, "log_mass": 6.619225}, {"country_iso": "MAR", "city_id": 1575, "log_pop": 2.933445, "log_mass": 5.221064}, {"country_iso": "MAR", "city_id": 1575, "log_pop": 3.401834, "log_mass": 5.849411}, {"country_iso": "MAR", "city_id": 1547, "log_pop": 2.239811, "log_mass": 4.620457}, {"country_iso": "MAR", "city_id": 1733, "log_pop": 4.44901, "log_mass": 6.392094}, {"country_iso": "MAR", "city_id": 1575, "log_pop": 3.751492, "log_mass": 5.960996}, {"country_iso": "MAR", "city_id": 1544, "log_pop": 4.580929, "log_mass": 6.579707}, {"country_iso": "MAR", "city_id": 1595, "log_pop": 4.118168, "log_mass": 5.899963}, {"country_iso": "MAR", "city_id": 1558, "log_pop": 3.667781, "log_mass": 5.786936}, {"country_iso": "MAR", "city_id": 1575, "log_pop": 4.2746, "log_mass": 6.346266}, {"country_iso": "MAR", "city_id": 1787, "log_pop": 3.529116, "log_mass": 5.659207}, {"country_iso": "MAR", "city_id": 1558, "log_pop": 4.204826, "log_mass": 6.267783}, {"country_iso": "MAR", "city_id": 1575, "log_pop": 4.438445, "log_mass": 6.933034}, {"country_iso": "MAR", "city_id": 1643, "log_pop": 4.394965, "log_mass": 6.336939}, {"country_iso": "MAR", "city_id": 1544, "log_pop": 4.479419, "log_mass": 6.484617}, {"country_iso": "MAR", "city_id": 1575, "log_pop": 2.284753, "log_mass": 5.042563}, {"country_iso": "MAR", "city_id": 1544, "log_pop": 4.245441, "log_mass": 6.421382}, {"country_iso": "MAR", "city_id": 1547, "log_pop": 4.195731, "log_mass": 6.208207}, {"country_iso": "MAR", "city_id": 1643, "log_pop": 1.205672, "log_mass": 4.1428}, {"country_iso": "MAR", "city_id": 1595, "log_pop": 3.219136, "log_mass": 5.838619}, {"country_iso": "MAR", "city_id": 1544, "log_pop": 4.500628, "log_mass": 6.454435}, {"country_iso": "MAR", "city_id": 1664, "log_pop": 2.659835, "log_mass": 5.157165}, {"country_iso": "MAR", "city_id": 1734, "log_pop": 3.110713, "log_mass": 5.807409}, {"country_iso": "MAR", "city_id": 1733, "log_pop": 3.135877, "log_mass": 5.611164}, {"country_iso": "MAR", "city_id": 1558, "log_pop": 4.497605, "log_mass": 6.439471}, {"country_iso": "MAR", "city_id": 1575, "log_pop": 4.477917, "log_mass": 6.410184}, {"country_iso": "MAR", "city_id": 1544, "log_pop": 4.146605, "log_mass": 6.223756}, {"country_iso": "MAR", "city_id": 1575, "log_pop": 4.767711, "log_mass": 6.639547}, {"country_iso": "MAR", "city_id": 1765, "log_pop": 2.616439, "log_mass": 4.808322}, {"country_iso": "MAR", "city_id": 1575, "log_pop": 3.721799, "log_mass": 5.983749}, {"country_iso": "MAR", "city_id": 1544, "log_pop": 2.408257, "log_mass": 5.21581}, {"country_iso": "MAR", "city_id": 1558, "log_pop": 3.897156, "log_mass": 5.988806}, {"country_iso": "MAR", "city_id": 1595, "log_pop": 4.834994, "log_mass": 6.629099}, {"country_iso": "MAR", "city_id": 1652, "log_pop": 4.069192, "log_mass": 6.033875}, {"country_iso": "MAR", "city_id": 1575, "log_pop": 2.801647, "log_mass": 5.189071}, {"country_iso": "MAR", "city_id": 1635, "log_pop": 1.218978, "log_mass": 3.479719}, {"country_iso": "MAR", "city_id": 1664, "log_pop": 2.547586, "log_mass": 4.671905}, {"country_iso": "MAR", "city_id": 1635, "log_pop": 3.866413, "log_mass": 6.027901}, {"country_iso": "MAR", "city_id": 1635, "log_pop": 4.416652, "log_mass": 6.482327}, {"country_iso": "MAR", "city_id": 1595, "log_pop": 2.860829, "log_mass": 5.351121}, {"country_iso": "MAR", "city_id": 1787, "log_pop": 3.992264, "log_mass": 6.025005}, {"country_iso": "MAR", "city_id": 1575, "log_pop": 3.892507, "log_mass": 5.870859}, {"country_iso": "MAR", "city_id": 1595, "log_pop": 3.400146, "log_mass": 5.694373}, {"country_iso": "MAR", "city_id": 1664, "log_pop": 4.467778, "log_mass": 6.335504}, {"country_iso": "MAR", "city_id": 1595, "log_pop": 3.951635, "log_mass": 5.887818}, {"country_iso": "MAR", "city_id": 1787, "log_pop": 4.524883, "log_mass": 6.468653}, {"country_iso": "MAR", "city_id": 1652, "log_pop": 1.006615, "log_mass": 3.964124}, {"country_iso": "MAR", "city_id": 1733, "log_pop": 3.581113, "log_mass": 6.026867}, {"country_iso": "MAR", "city_id": 1575, "log_pop": 5.29985, "log_mass": 6.632605}, {"country_iso": "MAR", "city_id": 1575, "log_pop": 3.665115, "log_mass": 5.91628}, {"country_iso": "MAR", "city_id": 1544, "log_pop": 4.423707, "log_mass": 6.361616}, {"country_iso": "MAR", "city_id": 1604, "log_pop": 3.030733, "log_mass": 5.422031}, {"country_iso": "MAR", "city_id": 1575, "log_pop": 4.765723, "log_mass": 6.636788}, {"country_iso": "MAR", "city_id": 1575, "log_pop": 1.953336, "log_mass": 3.88883}, {"country_iso": "MAR", "city_id": 1570, "log_pop": 5.19769, "log_mass": 6.509103}, {"country_iso": "MAR", "city_id": 1544, "log_pop": 2.963696, "log_mass": 5.3975}, {"country_iso": "MAR", "city_id": 1544, "log_pop": 4.581833, "log_mass": 6.490659}, {"country_iso": "MAR", "city_id": 1595, "log_pop": 3.716596, "log_mass": 5.554704}, {"country_iso": "MAR", "city_id": 1595, "log_pop": 2.919922, "log_mass": 5.085981}, {"country_iso": "MAR", "city_id": 1570, "log_pop": 1.028686, "log_mass": 4.873948}, {"country_iso": "MAR", "city_id": 1595, "log_pop": 4.390868, "log_mass": 6.185266}, {"country_iso": "MAR", "city_id": 1575, "log_pop": 4.89697, "log_mass": 6.568193}, {"country_iso": "MAR", "city_id": 1595, "log_pop": 2.487573, "log_mass": 4.499723}, {"country_iso": "MAR", "city_id": 1575, "log_pop": 2.93498, "log_mass": 5.250568}, {"country_iso": "MAR", "city_id": 1604, "log_pop": 3.983747, "log_mass": 6.285013}, {"country_iso": "MAR", "city_id": 1544, "log_pop": 3.600133, "log_mass": 5.677398}, {"country_iso": "MAR", "city_id": 1652, "log_pop": 4.092379, "log_mass": 6.062742}, {"country_iso": "MAR", "city_id": 1733, "log_pop": 2.535857, "log_mass": 5.398722}, {"country_iso": "MAR", "city_id": 1544, "log_pop": 4.508838, "log_mass": 6.554188}, {"country_iso": "MAR", "city_id": 1570, "log_pop": 3.473366, "log_mass": 5.987846}, {"country_iso": "MAR", "city_id": 1604, "log_pop": 2.861551, "log_mass": 5.045488}, {"country_iso": "MAR", "city_id": 1558, "log_pop": 3.537712, "log_mass": 5.563411}, {"country_iso": "MAR", "city_id": 1643, "log_pop": 4.424413, "log_mass": 6.355613}, {"country_iso": "MAR", "city_id": 1734, "log_pop": 3.357427, "log_mass": 5.501732}, {"country_iso": "MAR", "city_id": 1787, "log_pop": 3.196794, "log_mass": 5.67188}, {"country_iso": "MAR", "city_id": 1595, "log_pop": 4.564103, "log_mass": 6.194782}, {"country_iso": "MAR", "city_id": 1733, "log_pop": 3.860737, "log_mass": 5.993974}, {"country_iso": "MAR", "city_id": 1664, "log_pop": 1.528732, "log_mass": 4.238486}, {"country_iso": "MAR", "city_id": 1544, "log_pop": 4.407748, "log_mass": 6.436052}, {"country_iso": "MAR", "city_id": 1733, "log_pop": 4.352403, "log_mass": 6.433299}, {"country_iso": "MAR", "city_id": 1558, "log_pop": 3.24099, "log_mass": 5.527307}, {"country_iso": "MAR", "city_id": 1575, "log_pop": 1.746493, "log_mass": 4.391974}, {"country_iso": "MAR", "city_id": 1664, "log_pop": 4.795996, "log_mass": 6.331493}, {"country_iso": "MAR", "city_id": 1575, "log_pop": 4.411662, "log_mass": 6.785411}, {"country_iso": "MAR", "city_id": 1595, "log_pop": 5.016987, "log_mass": 6.491282}, {"country_iso": "MAR", "city_id": 1734, "log_pop": 2.315945, "log_mass": 4.979523}, {"country_iso": "MAR", "city_id": 1575, "log_pop": 3.48181, "log_mass": 5.850212}, {"country_iso": "MAR", "city_id": 1558, "log_pop": 3.461271, "log_mass": 5.649013}, {"country_iso": "MAR", "city_id": 1570, "log_pop": 4.666855, "log_mass": 6.249692}, {"country_iso": "MAR", "city_id": 1787, "log_pop": 4.715872, "log_mass": 6.592117}, {"country_iso": "MAR", "city_id": 1604, "log_pop": 4.287473, "log_mass": 6.325802}, {"country_iso": "MAR", "city_id": 1664, "log_pop": 2.052768, "log_mass": 4.235391}, {"country_iso": "MAR", "city_id": 1575, "log_pop": 4.323081, "log_mass": 6.126955}, {"country_iso": "MAR", "city_id": 1604, "log_pop": 3.404442, "log_mass": 5.480526}, {"country_iso": "MAR", "city_id": 1635, "log_pop": 1.066225, "log_mass": 3.376974}, {"country_iso": "MAR", "city_id": 1575, "log_pop": 4.709938, "log_mass": 6.562333}, {"country_iso": "MAR", "city_id": 1595, "log_pop": 4.116465, "log_mass": 5.842276}, {"country_iso": "MAR", "city_id": 1635, "log_pop": 3.638905, "log_mass": 5.834025}, {"country_iso": "MAR", "city_id": 1595, "log_pop": 4.739788, "log_mass": 6.479601}, {"country_iso": "MAR", "city_id": 1595, "log_pop": 4.491815, "log_mass": 6.153305}, {"country_iso": "MAR", "city_id": 1604, "log_pop": 3.585188, "log_mass": 5.852676}, {"country_iso": "MAR", "city_id": 1570, "log_pop": 1.285635, "log_mass": 3.544638}, {"country_iso": "MAR", "city_id": 1734, "log_pop": 1.046915, "log_mass": 3.057518}, {"country_iso": "MAR", "city_id": 1575, "log_pop": 3.296354, "log_mass": 5.472348}, {"country_iso": "MAR", "city_id": 1733, "log_pop": 2.547074, "log_mass": 4.629008}, {"country_iso": "MAR", "city_id": 1547, "log_pop": 3.090984, "log_mass": 5.356652}, {"country_iso": "MAR", "city_id": 1570, "log_pop": 2.657514, "log_mass": 5.22988}, {"country_iso": "MAR", "city_id": 1595, "log_pop": 3.718486, "log_mass": 5.829818}, {"country_iso": "MAR", "city_id": 1570, "log_pop": 3.521181, "log_mass": 5.856928}, {"country_iso": "MAR", "city_id": 1547, "log_pop": 3.174017, "log_mass": 5.39285}, {"country_iso": "MAR", "city_id": 1734, "log_pop": 3.671678, "log_mass": 6.115185}, {"country_iso": "MAR", "city_id": 1733, "log_pop": 1.507986, "log_mass": 3.848555}, {"country_iso": "MAR", "city_id": 1575, "log_pop": 3.936027, "log_mass": 6.173483}, {"country_iso": "MAR", "city_id": 1570, "log_pop": 2.854785, "log_mass": 5.619157}, {"country_iso": "MAR", "city_id": 1570, "log_pop": 3.019975, "log_mass": 5.676988}, {"country_iso": "MAR", "city_id": 1765, "log_pop": 4.043425, "log_mass": 6.001736}, {"country_iso": "MAR", "city_id": 1604, "log_pop": 4.178289, "log_mass": 6.083009}, {"country_iso": "MAR", "city_id": 1652, "log_pop": 2.44327, "log_mass": 4.995534}, {"country_iso": "MAR", "city_id": 1604, "log_pop": 4.412144, "log_mass": 6.422177}, {"country_iso": "MAR", "city_id": 1570, "log_pop": 3.483841, "log_mass": 6.242106}, {"country_iso": "MAR", "city_id": 1575, "log_pop": 4.210048, "log_mass": 6.071742}, {"country_iso": "MAR", "city_id": 1595, "log_pop": 4.615441, "log_mass": 6.417627}, {"country_iso": "MAR", "city_id": 1575, "log_pop": 4.831532, "log_mass": 6.63731}, {"country_iso": "MAR", "city_id": 1575, "log_pop": 3.801517, "log_mass": 6.239692}, {"country_iso": "MAR", "city_id": 1558, "log_pop": 4.591059, "log_mass": 6.514088}, {"country_iso": "MAR", "city_id": 1595, "log_pop": 2.253328, "log_mass": 5.065186}, {"country_iso": "MAR", "city_id": 1652, "log_pop": 2.249756, "log_mass": 5.029478}, {"country_iso": "MAR", "city_id": 1635, "log_pop": 4.896904, "log_mass": 6.560502}, {"country_iso": "MAR", "city_id": 1652, "log_pop": 2.615047, "log_mass": 4.742272}, {"country_iso": "MAR", "city_id": 1575, "log_pop": 3.801619, "log_mass": 5.977698}, {"country_iso": "MAR", "city_id": 1643, "log_pop": 4.628395, "log_mass": 6.418193}, {"country_iso": "MAR", "city_id": 1575, "log_pop": 2.512939, "log_mass": 5.454732}, {"country_iso": "MAR", "city_id": 1664, "log_pop": 4.421756, "log_mass": 6.192718}, {"country_iso": "MAR", "city_id": 1575, "log_pop": 4.142502, "log_mass": 6.110177}, {"country_iso": "MAR", "city_id": 1544, "log_pop": 4.335394, "log_mass": 6.425699}, {"country_iso": "MAR", "city_id": 1635, "log_pop": 3.993271, "log_mass": 6.141776}, {"country_iso": "MAR", "city_id": 1595, "log_pop": 3.552666, "log_mass": 6.018196}, {"country_iso": "MAR", "city_id": 1787, "log_pop": 3.653057, "log_mass": 5.968546}, {"country_iso": "MAR", "city_id": 1570, "log_pop": 2.352493, "log_mass": 4.947178}, {"country_iso": "MAR", "city_id": 1664, "log_pop": 3.889978, "log_mass": 5.618415}, {"country_iso": "MAR", "city_id": 1643, "log_pop": 3.032993, "log_mass": 4.876602}, {"country_iso": "MAR", "city_id": 1604, "log_pop": 2.78613, "log_mass": 5.114932}, {"country_iso": "MAR", "city_id": 1575, "log_pop": 3.953752, "log_mass": 6.045881}, {"country_iso": "MAR", "city_id": 1595, "log_pop": 3.624639, "log_mass": 5.480457}, {"country_iso": "MAR", "city_id": 1643, "log_pop": 3.394686, "log_mass": 5.339244}]