[{"country_iso":"KAZ","city_id":6174,"log_pop":4.264569452,"log_mass":6.8812762519},{"country_iso":"KAZ","city_id":6174,"log_pop":4.1140299148,"log_mass":6.4224238226},{"country_iso":"KAZ","city_id":6174,"log_pop":4.3203290636,"log_mass":6.7722270609},{"country_iso":"KAZ","city_id":6174,"log_pop":3.9621351326,"log_mass":6.2060167202},{"country_iso":"KAZ","city_id":6174,"log_pop":3.3620436796,"log_mass":6.6983071366},{"country_iso":"KAZ","city_id":6174,"log_pop":3.1764784734,"log_mass":6.2452775851},{"country_iso":"KAZ","city_id":6174,"log_pop":4.3685389506,"log_mass":6.871713466},{"country_iso":"KAZ","city_id":6174,"log_pop":2.0939702146,"log_mass":4.623609679},{"country_iso":"KAZ","city_id":6174,"log_pop":4.4977322172,"log_mass":6.8792461632},{"country_iso":"KAZ","city_id":6174,"log_pop":4.4279987889,"log_mass":6.7900415875},{"country_iso":"KAZ","city_id":6174,"log_pop":4.5371895981,"log_mass":7.0462659394},{"country_iso":"KAZ","city_id":6174,"log_pop":4.5466969755,"log_mass":6.9760500734},{"country_iso":"KAZ","city_id":6174,"log_pop":4.4619663231,"log_mass":6.7656559586},{"country_iso":"KAZ","city_id":6174,"log_pop":4.4131116964,"log_mass":6.8203825447},{"country_iso":"KAZ","city_id":6174,"log_pop":4.4709866657,"log_mass":6.814515173},{"country_iso":"KAZ","city_id":6174,"log_pop":1.8086105467,"log_mass":5.125207142},{"country_iso":"KAZ","city_id":6174,"log_pop":3.3762896253,"log_mass":5.7738591796},{"country_iso":"KAZ","city_id":6174,"log_pop":4.1492070599,"log_mass":6.7861927337},{"country_iso":"KAZ","city_id":6174,"log_pop":0.9043509152,"log_mass":4.694267114},{"country_iso":"KAZ","city_id":6174,"log_pop":0.1684275576,"log_mass":4.5602862166},{"country_iso":"KAZ","city_id":6174,"log_pop":3.2245193733,"log_mass":5.8148949153},{"country_iso":"KAZ","city_id":6174,"log_pop":3.5154287102,"log_mass":5.7958827828},{"country_iso":"KAZ","city_id":6174,"log_pop":4.0095563265,"log_mass":6.5899262527},{"country_iso":"KAZ","city_id":6174,"log_pop":4.1799023695,"log_mass":6.5869992696},{"country_iso":"KAZ","city_id":6174,"log_pop":4.3554071735,"log_mass":6.7155189724},{"country_iso":"KAZ","city_id":6174,"log_pop":0.7499478785,"log_mass":3.8798803401},{"country_iso":"KAZ","city_id":6174,"log_pop":3.3505226566,"log_mass":5.994446062},{"country_iso":"KAZ","city_id":6174,"log_pop":3.1486136092,"log_mass":5.83988774},{"country_iso":"KAZ","city_id":6174,"log_pop":4.5360512801,"log_mass":6.9889664492},{"country_iso":"KAZ","city_id":6174,"log_pop":4.5326412813,"log_mass":7.013826633},{"country_iso":"KAZ","city_id":6174,"log_pop":4.4089288464,"log_mass":6.7750924539},{"country_iso":"KAZ","city_id":6174,"log_pop":4.0670148092,"log_mass":6.3830832252},{"country_iso":"KAZ","city_id":6174,"log_pop":4.4887696756,"log_mass":6.9670604969},{"country_iso":"KAZ","city_id":6174,"log_pop":4.5145884128,"log_mass":7.0088990007},{"country_iso":"KAZ","city_id":6174,"log_pop":4.5224493416,"log_mass":6.7973300067},{"country_iso":"KAZ","city_id":6174,"log_pop":3.310276681,"log_mass":5.6111308714},{"country_iso":"KAZ","city_id":6174,"log_pop":4.4899506582,"log_mass":6.9158959158},{"country_iso":"KAZ","city_id":6174,"log_pop":3.9884412397,"log_mass":6.2869214198},{"country_iso":"KAZ","city_id":6174,"log_pop":4.2631670261,"log_mass":6.7324235006},{"country_iso":"KAZ","city_id":6174,"log_pop":2.4598309051,"log_mass":5.8961105374},{"country_iso":"KAZ","city_id":6174,"log_pop":4.0773193696,"log_mass":6.6556195456},{"country_iso":"KAZ","city_id":6174,"log_pop":4.250712727,"log_mass":6.6193851342},{"country_iso":"KAZ","city_id":6174,"log_pop":0.5876073109,"log_mass":5.023077028},{"country_iso":"KAZ","city_id":6174,"log_pop":2.9316838384,"log_mass":6.1125987579},{"country_iso":"KAZ","city_id":6174,"log_pop":2.9787255034,"log_mass":6.2303809122},{"country_iso":"KAZ","city_id":6174,"log_pop":4.4198154737,"log_mass":6.7897100121},{"country_iso":"KAZ","city_id":6174,"log_pop":4.3110646171,"log_mass":6.6556076632},{"country_iso":"KAZ","city_id":6174,"log_pop":4.3860047866,"log_mass":6.8822049182},{"country_iso":"KAZ","city_id":6174,"log_pop":4.4585111893,"log_mass":6.8582026013},{"country_iso":"KAZ","city_id":6174,"log_pop":2.9325672569,"log_mass":5.208887746},{"country_iso":"KAZ","city_id":6174,"log_pop":4.100531269,"log_mass":6.4523001913},{"country_iso":"KAZ","city_id":6174,"log_pop":3.7348486398,"log_mass":6.070832294},{"country_iso":"KAZ","city_id":6174,"log_pop":3.1329886335,"log_mass":6.2795030962},{"country_iso":"KAZ","city_id":6174,"log_pop":3.6524421462,"log_mass":6.8294556765},{"country_iso":"KAZ","city_id":6174,"log_pop":4.2610249534,"log_mass":6.8791373337},{"country_iso":"KAZ","city_id":6174,"log_pop":3.3511627124,"log_mass":6.4761058971},{"country_iso":"KAZ","city_id":6174,"log_pop":4.3428569608,"log_mass":6.901114939},{"country_iso":"KAZ","city_id":6174,"log_pop":3.2393333275,"log_mass":6.3973057682},{"country_iso":"KAZ","city_id":6174,"log_pop":3.3990476984,"log_mass":6.5883883041},{"country_iso":"KAZ","city_id":6174,"log_pop":2.4573584031,"log_mass":5.6400005479},{"country_iso":"KAZ","city_id":6174,"log_pop":2.6557556668,"log_mass":5.8369863679},{"country_iso":"KAZ","city_id":6174,"log_pop":3.3511749708,"log_mass":6.4849133263},{"country_iso":"KAZ","city_id":6174,"log_pop":1.5305406983,"log_mass":4.7761878553},{"country_iso":"KAZ","city_id":6174,"log_pop":2.4338546344,"log_mass":5.5681486426},{"country_iso":"KAZ","city_id":6003,"log_pop":2.4478734025,"log_mass":5.2864803345},{"country_iso":"KAZ","city_id":6003,"log_pop":2.6018906603,"log_mass":5.6921814815},{"country_iso":"KAZ","city_id":6003,"log_pop":1.2645794037,"log_mass":4.2831007645},{"country_iso":"KAZ","city_id":6003,"log_pop":4.2705409781,"log_mass":6.8312101522},{"country_iso":"KAZ","city_id":6003,"log_pop":4.2809428893,"log_mass":6.9041780109},{"country_iso":"KAZ","city_id":6003,"log_pop":3.9884779247,"log_mass":6.6465548221},{"country_iso":"KAZ","city_id":6003,"log_pop":4.2684285034,"log_mass":6.8501844843},{"country_iso":"KAZ","city_id":6003,"log_pop":4.2834414331,"log_mass":6.8538887317},{"country_iso":"KAZ","city_id":6003,"log_pop":4.238222263,"log_mass":6.8239085158},{"country_iso":"KAZ","city_id":6003,"log_pop":4.0729080813,"log_mass":6.7024374806},{"country_iso":"KAZ","city_id":6003,"log_pop":1.7233964514,"log_mass":4.9499304182},{"country_iso":"KAZ","city_id":6003,"log_pop":2.7810239264,"log_mass":6.0917465244},{"country_iso":"KAZ","city_id":6003,"log_pop":1.5213513869,"log_mass":4.2424972496},{"country_iso":"KAZ","city_id":6003,"log_pop":3.8697855921,"log_mass":6.4975868266},{"country_iso":"KAZ","city_id":6003,"log_pop":3.5786998807,"log_mass":6.1612365129},{"country_iso":"KAZ","city_id":6003,"log_pop":4.0708683155,"log_mass":6.6801922368},{"country_iso":"KAZ","city_id":6003,"log_pop":4.2404940474,"log_mass":6.795421775},{"country_iso":"KAZ","city_id":6003,"log_pop":3.4168432981,"log_mass":6.2508606291},{"country_iso":"KAZ","city_id":6003,"log_pop":0.3038009715,"log_mass":4.6840985566},{"country_iso":"KAZ","city_id":6003,"log_pop":2.6775754525,"log_mass":5.3940460709},{"country_iso":"KAZ","city_id":6003,"log_pop":2.6526597359,"log_mass":5.8261728546},{"country_iso":"KAZ","city_id":6003,"log_pop":1.4554430558,"log_mass":4.6939613828},{"country_iso":"KAZ","city_id":6003,"log_pop":3.2749619249,"log_mass":5.9630790908},{"country_iso":"KAZ","city_id":6003,"log_pop":3.8725644292,"log_mass":6.4871813199},{"country_iso":"KAZ","city_id":6003,"log_pop":2.5580718586,"log_mass":5.3378235605},{"country_iso":"KAZ","city_id":6003,"log_pop":3.1965071064,"log_mass":5.6409004243},{"country_iso":"KAZ","city_id":6003,"log_pop":4.0918438703,"log_mass":6.6352247113},{"country_iso":"KAZ","city_id":6003,"log_pop":3.5812082175,"log_mass":6.1543052054},{"country_iso":"KAZ","city_id":6003,"log_pop":4.2309477864,"log_mass":6.8705072049},{"country_iso":"KAZ","city_id":6003,"log_pop":1.3458611706,"log_mass":4.4491619103},{"country_iso":"KAZ","city_id":6003,"log_pop":3.5129826466,"log_mass":6.0393076058},{"country_iso":"KAZ","city_id":6003,"log_pop":3.8423663091,"log_mass":6.404078532},{"country_iso":"KAZ","city_id":6003,"log_pop":4.2594976568,"log_mass":6.7697722209},{"country_iso":"KAZ","city_id":6003,"log_pop":3.7707283417,"log_mass":6.3067612469},{"country_iso":"KAZ","city_id":6003,"log_pop":1.7886515289,"log_mass":4.3754905988},{"country_iso":"KAZ","city_id":6003,"log_pop":4.1190242399,"log_mass":6.6561495148},{"country_iso":"KAZ","city_id":6003,"log_pop":0.1441537989,"log_mass":4.4181834716},{"country_iso":"KAZ","city_id":6003,"log_pop":3.4747646923,"log_mass":6.2071453722},{"country_iso":"KAZ","city_id":6003,"log_pop":3.8917154828,"log_mass":6.5870194185},{"country_iso":"KAZ","city_id":6003,"log_pop":3.9944374678,"log_mass":6.5924637889},{"country_iso":"KAZ","city_id":6003,"log_pop":2.5666758471,"log_mass":5.3406938668},{"country_iso":"KAZ","city_id":5936,"log_pop":2.6157963419,"log_mass":5.5619878394},{"country_iso":"KAZ","city_id":5936,"log_pop":3.0062325394,"log_mass":5.9834384404},{"country_iso":"KAZ","city_id":5936,"log_pop":3.581961882,"log_mass":6.686273408},{"country_iso":"KAZ","city_id":5936,"log_pop":3.6292388855,"log_mass":6.6817392604},{"country_iso":"KAZ","city_id":5936,"log_pop":2.9407016777,"log_mass":5.9550323847},{"country_iso":"KAZ","city_id":5936,"log_pop":3.2595539933,"log_mass":6.2304504827},{"country_iso":"KAZ","city_id":5936,"log_pop":2.9041337003,"log_mass":5.8900897766},{"country_iso":"KAZ","city_id":5936,"log_pop":3.6347367957,"log_mass":6.7202996579},{"country_iso":"KAZ","city_id":5936,"log_pop":3.7666893952,"log_mass":7.0144205858},{"country_iso":"KAZ","city_id":5936,"log_pop":3.5177691238,"log_mass":6.646435846},{"country_iso":"KAZ","city_id":5936,"log_pop":3.6448152975,"log_mass":6.7597042181},{"country_iso":"KAZ","city_id":5936,"log_pop":3.2749090243,"log_mass":6.3223231101},{"country_iso":"KAZ","city_id":5936,"log_pop":3.792792665,"log_mass":7.0041723689},{"country_iso":"KAZ","city_id":5936,"log_pop":2.5895985025,"log_mass":5.566635566},{"country_iso":"KAZ","city_id":5936,"log_pop":3.4679778392,"log_mass":6.4711755668},{"country_iso":"KAZ","city_id":5936,"log_pop":3.6672038571,"log_mass":6.7801890878},{"country_iso":"KAZ","city_id":5936,"log_pop":3.4219240931,"log_mass":6.4553952614},{"country_iso":"KAZ","city_id":5936,"log_pop":3.7552485638,"log_mass":6.7875630094},{"country_iso":"KAZ","city_id":5936,"log_pop":3.5207578779,"log_mass":6.4930328103},{"country_iso":"KAZ","city_id":5936,"log_pop":3.7538449001,"log_mass":6.8416263893},{"country_iso":"KAZ","city_id":5936,"log_pop":2.9987250605,"log_mass":6.1392879973},{"country_iso":"KAZ","city_id":5936,"log_pop":2.3875413572,"log_mass":5.3636526156},{"country_iso":"KAZ","city_id":5936,"log_pop":3.4693419394,"log_mass":6.5408597245},{"country_iso":"KAZ","city_id":5936,"log_pop":3.5837752405,"log_mass":6.6713369048},{"country_iso":"KAZ","city_id":5936,"log_pop":3.4147871592,"log_mass":6.4345619152},{"country_iso":"KAZ","city_id":5936,"log_pop":3.732829626,"log_mass":6.8136192128},{"country_iso":"KAZ","city_id":5936,"log_pop":2.5751859321,"log_mass":5.7066477946},{"country_iso":"KAZ","city_id":5936,"log_pop":2.8717642895,"log_mass":5.8576546563},{"country_iso":"KAZ","city_id":5936,"log_pop":3.4558284753,"log_mass":6.5563535808},{"country_iso":"KAZ","city_id":5936,"log_pop":2.3734640125,"log_mass":5.4736725896},{"country_iso":"KAZ","city_id":5936,"log_pop":3.7408782355,"log_mass":6.9077395826},{"country_iso":"KAZ","city_id":5936,"log_pop":3.580369234,"log_mass":6.6799096658},{"country_iso":"KAZ","city_id":5936,"log_pop":2.567800505,"log_mass":5.5878987162},{"country_iso":"KAZ","city_id":5936,"log_pop":3.745077923,"log_mass":6.8360242552},{"country_iso":"KAZ","city_id":5936,"log_pop":1.958309442,"log_mass":4.8629058259},{"country_iso":"KAZ","city_id":5936,"log_pop":2.8504454957,"log_mass":5.807141491},{"country_iso":"KAZ","city_id":5634,"log_pop":2.1695629522,"log_mass":5.1691442616},{"country_iso":"KAZ","city_id":5634,"log_pop":1.5772835019,"log_mass":4.7471482917},{"country_iso":"KAZ","city_id":5634,"log_pop":3.0687295081,"log_mass":5.9681377},{"country_iso":"KAZ","city_id":5634,"log_pop":3.077320033,"log_mass":6.1072810577},{"country_iso":"KAZ","city_id":5634,"log_pop":1.8876015607,"log_mass":4.9602045826},{"country_iso":"KAZ","city_id":5634,"log_pop":0.4080288337,"log_mass":3.7088765365},{"country_iso":"KAZ","city_id":5634,"log_pop":2.8046954005,"log_mass":5.6246117498},{"country_iso":"KAZ","city_id":5634,"log_pop":2.4853644241,"log_mass":5.4293490911},{"country_iso":"KAZ","city_id":5634,"log_pop":2.8957334774,"log_mass":5.8455038654},{"country_iso":"KAZ","city_id":5634,"log_pop":2.5790218185,"log_mass":5.6202347934},{"country_iso":"KAZ","city_id":5634,"log_pop":2.5266291967,"log_mass":5.5474140083},{"country_iso":"KAZ","city_id":5634,"log_pop":3.5844802259,"log_mass":6.6574923572},{"country_iso":"KAZ","city_id":5634,"log_pop":2.6771716401,"log_mass":5.6535760465},{"country_iso":"KAZ","city_id":5634,"log_pop":3.0731616228,"log_mass":6.1014209841},{"country_iso":"KAZ","city_id":5634,"log_pop":2.8797172324,"log_mass":5.9113563388},{"country_iso":"KAZ","city_id":5634,"log_pop":3.6971579539,"log_mass":6.7623292392},{"country_iso":"KAZ","city_id":5634,"log_pop":3.5021937326,"log_mass":6.4381603868},{"country_iso":"KAZ","city_id":5634,"log_pop":3.3484988462,"log_mass":6.3424687403},{"country_iso":"KAZ","city_id":5634,"log_pop":2.635901482,"log_mass":5.6015393387},{"country_iso":"KAZ","city_id":5634,"log_pop":3.7129440924,"log_mass":6.7617940716},{"country_iso":"KAZ","city_id":5634,"log_pop":3.607743232,"log_mass":6.686705113},{"country_iso":"KAZ","city_id":5634,"log_pop":3.3057219875,"log_mass":6.3437856725},{"country_iso":"KAZ","city_id":5634,"log_pop":0.8819556657,"log_mass":3.7245717003},{"country_iso":"KAZ","city_id":5634,"log_pop":0.3955573988,"log_mass":3.1497455302},{"country_iso":"KAZ","city_id":5634,"log_pop":3.0717106938,"log_mass":6.1049210803},{"country_iso":"KAZ","city_id":5634,"log_pop":2.5169337106,"log_mass":5.5680350405},{"country_iso":"KAZ","city_id":5634,"log_pop":3.6105275757,"log_mass":6.6389017516},{"country_iso":"KAZ","city_id":5634,"log_pop":1.3151873205,"log_mass":5.0194121005},{"country_iso":"KAZ","city_id":5634,"log_pop":3.7118743719,"log_mass":6.7526120814},{"country_iso":"KAZ","city_id":5634,"log_pop":3.4742389593,"log_mass":6.4909603662},{"country_iso":"KAZ","city_id":5634,"log_pop":3.6404859659,"log_mass":6.6548568075},{"country_iso":"KAZ","city_id":5634,"log_pop":3.2492114018,"log_mass":6.3028264454},{"country_iso":"KAZ","city_id":5634,"log_pop":3.6587354331,"log_mass":6.7089335804},{"country_iso":"KAZ","city_id":6096,"log_pop":1.5283547055,"log_mass":4.8144988903},{"country_iso":"KAZ","city_id":6096,"log_pop":-0.274698034,"log_mass":4.6188647737},{"country_iso":"KAZ","city_id":6096,"log_pop":2.6461914464,"log_mass":5.9560681225},{"country_iso":"KAZ","city_id":6096,"log_pop":2.2786178996,"log_mass":5.556726882},{"country_iso":"KAZ","city_id":6096,"log_pop":2.3806530879,"log_mass":5.8298781696},{"country_iso":"KAZ","city_id":6096,"log_pop":3.0138124165,"log_mass":6.4064233873},{"country_iso":"KAZ","city_id":6096,"log_pop":2.1647553873,"log_mass":5.6026625396},{"country_iso":"KAZ","city_id":6096,"log_pop":3.3803293607,"log_mass":6.7812988093},{"country_iso":"KAZ","city_id":6096,"log_pop":2.9779696949,"log_mass":6.3086066954},{"country_iso":"KAZ","city_id":6096,"log_pop":3.2155575364,"log_mass":6.5473837036},{"country_iso":"KAZ","city_id":6096,"log_pop":3.411167648,"log_mass":6.6762990549},{"country_iso":"KAZ","city_id":6096,"log_pop":1.8285090366,"log_mass":5.2914033542},{"country_iso":"KAZ","city_id":6096,"log_pop":3.413319695,"log_mass":6.7087007593},{"country_iso":"KAZ","city_id":6096,"log_pop":3.5058167995,"log_mass":6.9232069821},{"country_iso":"KAZ","city_id":6096,"log_pop":3.5185819902,"log_mass":6.8203366738},{"country_iso":"KAZ","city_id":6096,"log_pop":2.9169997552,"log_mass":6.255201499},{"country_iso":"KAZ","city_id":6096,"log_pop":2.8134631305,"log_mass":6.0558689338},{"country_iso":"KAZ","city_id":6096,"log_pop":2.9760064659,"log_mass":6.2961945498},{"country_iso":"KAZ","city_id":6096,"log_pop":3.5186376289,"log_mass":6.8914357066},{"country_iso":"KAZ","city_id":6096,"log_pop":0.8883182883,"log_mass":4.3019207034},{"country_iso":"KAZ","city_id":6096,"log_pop":1.6776288445,"log_mass":4.9376603233},{"country_iso":"KAZ","city_id":6096,"log_pop":2.8759986866,"log_mass":6.1817208894},{"country_iso":"KAZ","city_id":6096,"log_pop":3.0136155379,"log_mass":6.4193612197},{"country_iso":"KAZ","city_id":6096,"log_pop":3.5300997885,"log_mass":6.8182694132},{"country_iso":"KAZ","city_id":6096,"log_pop":2.5692447438,"log_mass":5.866097895},{"country_iso":"KAZ","city_id":6096,"log_pop":2.8639771088,"log_mass":6.177387414},{"country_iso":"KAZ","city_id":5136,"log_pop":1.5482023168,"log_mass":4.8026279031},{"country_iso":"KAZ","city_id":5136,"log_pop":1.5780878213,"log_mass":4.7350533163},{"country_iso":"KAZ","city_id":5136,"log_pop":1.3349871054,"log_mass":4.7571858111},{"country_iso":"KAZ","city_id":5136,"log_pop":3.2219495926,"log_mass":6.4398123969},{"country_iso":"KAZ","city_id":5136,"log_pop":2.4045182408,"log_mass":5.5479000921},{"country_iso":"KAZ","city_id":5136,"log_pop":2.1206040482,"log_mass":5.3747997757},{"country_iso":"KAZ","city_id":5136,"log_pop":3.1076016126,"log_mass":6.3862688981},{"country_iso":"KAZ","city_id":5136,"log_pop":1.0746673663,"log_mass":4.370951411},{"country_iso":"KAZ","city_id":5136,"log_pop":3.238615988,"log_mass":6.4813557653},{"country_iso":"KAZ","city_id":5136,"log_pop":2.4912522665,"log_mass":5.844593468},{"country_iso":"KAZ","city_id":5136,"log_pop":3.3626425969,"log_mass":6.5719511909},{"country_iso":"KAZ","city_id":5136,"log_pop":-0.1096986458,"log_mass":3.7622665079},{"country_iso":"KAZ","city_id":5136,"log_pop":2.713888013,"log_mass":5.9430418382},{"country_iso":"KAZ","city_id":5136,"log_pop":1.2952557826,"log_mass":4.5605922501},{"country_iso":"KAZ","city_id":5136,"log_pop":2.7411077394,"log_mass":5.8967881164},{"country_iso":"KAZ","city_id":5136,"log_pop":3.4988300012,"log_mass":6.703625964},{"country_iso":"KAZ","city_id":5136,"log_pop":3.5062103045,"log_mass":6.7528425099},{"country_iso":"KAZ","city_id":5136,"log_pop":2.6890933751,"log_mass":5.8864265877},{"country_iso":"KAZ","city_id":5136,"log_pop":3.2385255933,"log_mass":6.4316222018},{"country_iso":"KAZ","city_id":5136,"log_pop":3.4125384014,"log_mass":6.6430153691},{"country_iso":"KAZ","city_id":5136,"log_pop":3.2037153298,"log_mass":6.3913610774},{"country_iso":"KAZ","city_id":5136,"log_pop":3.5862036215,"log_mass":6.869389029},{"country_iso":"KAZ","city_id":6158,"log_pop":1.7525026442,"log_mass":5.0469783833},{"country_iso":"KAZ","city_id":6158,"log_pop":2.8908968485,"log_mass":6.2502373895},{"country_iso":"KAZ","city_id":6158,"log_pop":2.166147038,"log_mass":5.2397256028},{"country_iso":"KAZ","city_id":6158,"log_pop":2.3629019745,"log_mass":5.5521330658},{"country_iso":"KAZ","city_id":6158,"log_pop":0.5287309348,"log_mass":3.9229556501},{"country_iso":"KAZ","city_id":6158,"log_pop":3.3433676971,"log_mass":6.4874287287},{"country_iso":"KAZ","city_id":6158,"log_pop":0.8092518063,"log_mass":4.8687881181},{"country_iso":"KAZ","city_id":6158,"log_pop":2.2263433017,"log_mass":5.4223033036},{"country_iso":"KAZ","city_id":6158,"log_pop":3.4768562104,"log_mass":6.6755994926},{"country_iso":"KAZ","city_id":6158,"log_pop":2.2873343868,"log_mass":5.8156441414},{"country_iso":"KAZ","city_id":6158,"log_pop":3.3391413432,"log_mass":6.5584251798},{"country_iso":"KAZ","city_id":6158,"log_pop":2.4317122321,"log_mass":6.1748635636},{"country_iso":"KAZ","city_id":6158,"log_pop":3.5620197692,"log_mass":6.8353843172},{"country_iso":"KAZ","city_id":6158,"log_pop":3.3918375139,"log_mass":6.6673554092},{"country_iso":"KAZ","city_id":6158,"log_pop":3.4373694285,"log_mass":6.6077347304},{"country_iso":"KAZ","city_id":6158,"log_pop":1.7905254214,"log_mass":5.063269378},{"country_iso":"KAZ","city_id":6158,"log_pop":0.9905363904,"log_mass":4.2599556217},{"country_iso":"KAZ","city_id":6158,"log_pop":3.0757877718,"log_mass":6.2564810362},{"country_iso":"KAZ","city_id":6158,"log_pop":1.9856410976,"log_mass":5.2259950083},{"country_iso":"KAZ","city_id":6158,"log_pop":3.4760103534,"log_mass":6.695222039},{"country_iso":"KAZ","city_id":6158,"log_pop":2.6246034011,"log_mass":5.793042064},{"country_iso":"KAZ","city_id":6158,"log_pop":2.4444983439,"log_mass":5.5672379876},{"country_iso":"KAZ","city_id":5447,"log_pop":2.4484427693,"log_mass":6.3116207452},{"country_iso":"KAZ","city_id":5447,"log_pop":2.3307030971,"log_mass":6.1625062367},{"country_iso":"KAZ","city_id":5447,"log_pop":3.1257962147,"log_mass":6.5974875579},{"country_iso":"KAZ","city_id":5447,"log_pop":3.0794668137,"log_mass":6.592489685},{"country_iso":"KAZ","city_id":5447,"log_pop":1.9197709468,"log_mass":5.7249568829},{"country_iso":"KAZ","city_id":5447,"log_pop":3.3638337627,"log_mass":6.2522834433},{"country_iso":"KAZ","city_id":5447,"log_pop":2.7380890988,"log_mass":5.6317438063},{"country_iso":"KAZ","city_id":5447,"log_pop":1.5183435955,"log_mass":4.5723464752},{"country_iso":"KAZ","city_id":5447,"log_pop":3.235400826,"log_mass":6.1331959564},{"country_iso":"KAZ","city_id":5447,"log_pop":2.4813408072,"log_mass":5.3940866282},{"country_iso":"KAZ","city_id":5447,"log_pop":3.4786983179,"log_mass":6.4847851161},{"country_iso":"KAZ","city_id":5447,"log_pop":3.4639233953,"log_mass":6.3167770973},{"country_iso":"KAZ","city_id":5447,"log_pop":3.5395253971,"log_mass":6.4578102968},{"country_iso":"KAZ","city_id":5447,"log_pop":2.0035387531,"log_mass":5.0111792037},{"country_iso":"KAZ","city_id":5447,"log_pop":3.3175420204,"log_mass":6.1990342597},{"country_iso":"KAZ","city_id":5447,"log_pop":3.4691966054,"log_mass":6.5466751762},{"country_iso":"KAZ","city_id":5447,"log_pop":2.6378287748,"log_mass":5.4927561287},{"country_iso":"KAZ","city_id":5447,"log_pop":2.7436680402,"log_mass":5.5924097659},{"country_iso":"KAZ","city_id":5447,"log_pop":3.6528340423,"log_mass":6.5692025758},{"country_iso":"KAZ","city_id":5447,"log_pop":3.6498118143,"log_mass":6.6249162081},{"country_iso":"KAZ","city_id":5447,"log_pop":3.4001366861,"log_mass":6.2919672189},{"country_iso":"KAZ","city_id":5447,"log_pop":1.934850011,"log_mass":4.7790197846},{"country_iso":"KAZ","city_id":5967,"log_pop":2.0576690736,"log_mass":5.3139892972},{"country_iso":"KAZ","city_id":5967,"log_pop":2.6392574846,"log_mass":5.9597418976},{"country_iso":"KAZ","city_id":5967,"log_pop":2.7902270075,"log_mass":6.0186447083},{"country_iso":"KAZ","city_id":5967,"log_pop":1.8650821526,"log_mass":5.1691680357},{"country_iso":"KAZ","city_id":5967,"log_pop":3.4154979357,"log_mass":6.633986155},{"country_iso":"KAZ","city_id":5967,"log_pop":3.4611893027,"log_mass":6.7788919114},{"country_iso":"KAZ","city_id":5967,"log_pop":2.6521834245,"log_mass":5.8879354616},{"country_iso":"KAZ","city_id":5967,"log_pop":3.4514999415,"log_mass":6.6834677317},{"country_iso":"KAZ","city_id":5967,"log_pop":2.646913204,"log_mass":5.884949616},{"country_iso":"KAZ","city_id":5967,"log_pop":3.4567096819,"log_mass":6.6864402996},{"country_iso":"KAZ","city_id":5967,"log_pop":1.9952281301,"log_mass":5.2162150099},{"country_iso":"KAZ","city_id":5967,"log_pop":2.3855749883,"log_mass":5.6445932788},{"country_iso":"KAZ","city_id":5967,"log_pop":3.1452608484,"log_mass":6.4194631893},{"country_iso":"KAZ","city_id":5967,"log_pop":3.4292561272,"log_mass":6.677589775},{"country_iso":"KAZ","city_id":5967,"log_pop":2.4927505279,"log_mass":5.7869204864},{"country_iso":"KAZ","city_id":5967,"log_pop":3.4852112591,"log_mass":6.8562275139},{"country_iso":"KAZ","city_id":5967,"log_pop":2.5657751305,"log_mass":5.907555664},{"country_iso":"KAZ","city_id":5967,"log_pop":3.5447759563,"log_mass":6.8517201241},{"country_iso":"KAZ","city_id":5967,"log_pop":3.3610376938,"log_mass":6.6598855899},{"country_iso":"KAZ","city_id":5967,"log_pop":2.411928748,"log_mass":5.7901311443},{"country_iso":"KAZ","city_id":5967,"log_pop":1.6585620045,"log_mass":4.809607563},{"country_iso":"KAZ","city_id":6035,"log_pop":1.9398937034,"log_mass":5.5404049052},{"country_iso":"KAZ","city_id":6035,"log_pop":3.6186288682,"log_mass":6.7087229966},{"country_iso":"KAZ","city_id":6035,"log_pop":2.1473514138,"log_mass":5.1111958118},{"country_iso":"KAZ","city_id":6035,"log_pop":3.1459915107,"log_mass":6.7062296341},{"country_iso":"KAZ","city_id":6035,"log_pop":1.7239207716,"log_mass":4.4008312906},{"country_iso":"KAZ","city_id":6035,"log_pop":1.939477733,"log_mass":4.6330029416},{"country_iso":"KAZ","city_id":6035,"log_pop":3.3280400416,"log_mass":6.2885485113},{"country_iso":"KAZ","city_id":6035,"log_pop":2.9941044028,"log_mass":5.8800781364},{"country_iso":"KAZ","city_id":6035,"log_pop":-0.010374727,"log_mass":3.6595206029},{"country_iso":"KAZ","city_id":6035,"log_pop":2.7562303401,"log_mass":6.4250404513},{"country_iso":"KAZ","city_id":6035,"log_pop":0.9722576245,"log_mass":4.5707485535},{"country_iso":"KAZ","city_id":6035,"log_pop":3.1274814214,"log_mass":6.6548519578},{"country_iso":"KAZ","city_id":6035,"log_pop":3.2302295734,"log_mass":6.7998601854},{"country_iso":"KAZ","city_id":6035,"log_pop":2.0570514377,"log_mass":5.6735082534},{"country_iso":"KAZ","city_id":6035,"log_pop":2.7939130435,"log_mass":6.3722097048},{"country_iso":"KAZ","city_id":6035,"log_pop":3.4583535439,"log_mass":6.8574875306},{"country_iso":"KAZ","city_id":6035,"log_pop":2.7471671021,"log_mass":6.325992241},{"country_iso":"KAZ","city_id":6035,"log_pop":3.2303675553,"log_mass":6.7744371904},{"country_iso":"KAZ","city_id":6035,"log_pop":2.684019312,"log_mass":5.7377250504},{"country_iso":"KAZ","city_id":6035,"log_pop":2.9764086162,"log_mass":6.242014833},{"country_iso":"KAZ","city_id":5522,"log_pop":1.6150305205,"log_mass":4.4389501929},{"country_iso":"KAZ","city_id":5522,"log_pop":2.410315699,"log_mass":5.4158396228},{"country_iso":"KAZ","city_id":5522,"log_pop":3.4125277093,"log_mass":6.2760780229},{"country_iso":"KAZ","city_id":5522,"log_pop":2.0280168054,"log_mass":4.8047331212},{"country_iso":"KAZ","city_id":5522,"log_pop":2.8672845423,"log_mass":5.7827927096},{"country_iso":"KAZ","city_id":5522,"log_pop":3.4342205122,"log_mass":6.2623594607},{"country_iso":"KAZ","city_id":5522,"log_pop":2.5999258178,"log_mass":5.4169838015},{"country_iso":"KAZ","city_id":5522,"log_pop":3.2033796794,"log_mass":6.0416806201},{"country_iso":"KAZ","city_id":5522,"log_pop":3.0514330559,"log_mass":5.8887485892},{"country_iso":"KAZ","city_id":5522,"log_pop":3.120509477,"log_mass":6.1467143484},{"country_iso":"KAZ","city_id":5522,"log_pop":2.007365832,"log_mass":5.0349878413},{"country_iso":"KAZ","city_id":5522,"log_pop":3.529532266,"log_mass":6.4480164877},{"country_iso":"KAZ","city_id":5522,"log_pop":2.7917792833,"log_mass":5.6505449426},{"country_iso":"KAZ","city_id":5522,"log_pop":2.1561197926,"log_mass":5.0758489455},{"country_iso":"KAZ","city_id":5522,"log_pop":3.5100646519,"log_mass":6.3800459286},{"country_iso":"KAZ","city_id":5522,"log_pop":1.6240344385,"log_mass":4.5758911798},{"country_iso":"KAZ","city_id":5522,"log_pop":3.4909964806,"log_mass":6.462433151},{"country_iso":"KAZ","city_id":5522,"log_pop":3.4764123009,"log_mass":6.4344675299},{"country_iso":"KAZ","city_id":5522,"log_pop":2.0392947346,"log_mass":4.9530307409},{"country_iso":"KAZ","city_id":5962,"log_pop":0.4707093994,"log_mass":3.8170460273},{"country_iso":"KAZ","city_id":5962,"log_pop":2.3848704079,"log_mass":5.7645687256},{"country_iso":"KAZ","city_id":5962,"log_pop":3.3064808744,"log_mass":6.6818460239},{"country_iso":"KAZ","city_id":5962,"log_pop":3.0192154623,"log_mass":6.2886985815},{"country_iso":"KAZ","city_id":5962,"log_pop":2.7662302679,"log_mass":6.1205404389},{"country_iso":"KAZ","city_id":5962,"log_pop":3.4346238382,"log_mass":6.745790259},{"country_iso":"KAZ","city_id":5962,"log_pop":3.2881188056,"log_mass":6.4946467387},{"country_iso":"KAZ","city_id":5962,"log_pop":3.0666047102,"log_mass":6.4053505273},{"country_iso":"KAZ","city_id":5962,"log_pop":3.2037267286,"log_mass":6.4578215988},{"country_iso":"KAZ","city_id":5962,"log_pop":1.5395042536,"log_mass":4.8305300111},{"country_iso":"KAZ","city_id":5962,"log_pop":3.2777390192,"log_mass":6.6516422995},{"country_iso":"KAZ","city_id":5962,"log_pop":2.7786178104,"log_mass":6.1229635714},{"country_iso":"KAZ","city_id":5962,"log_pop":1.5864122801,"log_mass":4.8086376852},{"country_iso":"KAZ","city_id":5962,"log_pop":3.4082666636,"log_mass":6.7701414614},{"country_iso":"KAZ","city_id":5962,"log_pop":2.6745452337,"log_mass":5.8429329424},{"country_iso":"KAZ","city_id":5962,"log_pop":2.6144509398,"log_mass":5.8279740249},{"country_iso":"KAZ","city_id":5962,"log_pop":1.7299158266,"log_mass":5.0847528817},{"country_iso":"KAZ","city_id":5962,"log_pop":3.0142336549,"log_mass":6.2955173637},{"country_iso":"KAZ","city_id":5962,"log_pop":3.1767767295,"log_mass":6.5119574906},{"country_iso":"KAZ","city_id":5984,"log_pop":2.7145309217,"log_mass":5.9972301343},{"country_iso":"KAZ","city_id":5984,"log_pop":3.5455723942,"log_mass":6.860454918},{"country_iso":"KAZ","city_id":5984,"log_pop":3.3076118462,"log_mass":6.6521363711},{"country_iso":"KAZ","city_id":5984,"log_pop":3.5355034781,"log_mass":6.727279776},{"country_iso":"KAZ","city_id":5984,"log_pop":3.3150561192,"log_mass":6.6206992029},{"country_iso":"KAZ","city_id":5984,"log_pop":3.5612731104,"log_mass":6.8285587667},{"country_iso":"KAZ","city_id":5984,"log_pop":3.4820293276,"log_mass":6.7866883494},{"country_iso":"KAZ","city_id":5984,"log_pop":3.4245678064,"log_mass":6.6548024014},{"country_iso":"KAZ","city_id":5984,"log_pop":3.0517423275,"log_mass":6.3249377883},{"country_iso":"KAZ","city_id":5984,"log_pop":2.5760877224,"log_mass":5.8957213061},{"country_iso":"KAZ","city_id":5984,"log_pop":-0.6027236988,"log_mass":3.0671600752},{"country_iso":"KAZ","city_id":5984,"log_pop":2.3716056316,"log_mass":5.6271032381},{"country_iso":"KAZ","city_id":5984,"log_pop":2.3016619274,"log_mass":5.4851886562},{"country_iso":"KAZ","city_id":5984,"log_pop":2.9251242995,"log_mass":6.3172647763},{"country_iso":"KAZ","city_id":5984,"log_pop":3.344619429,"log_mass":6.4954451282},{"country_iso":"KAZ","city_id":5984,"log_pop":3.4212677675,"log_mass":6.6724683681},{"country_iso":"KAZ","city_id":5984,"log_pop":3.064178665,"log_mass":6.3368258775},{"country_iso":"KAZ","city_id":5984,"log_pop":-1.351255244,"log_mass":2.571378484},{"country_iso":"KAZ","city_id":5984,"log_pop":2.9368332026,"log_mass":6.25335792},{"country_iso":"KAZ","city_id":5928,"log_pop":2.6107310732,"log_mass":5.5949226639},{"country_iso":"KAZ","city_id":5928,"log_pop":3.7110201234,"log_mass":6.7804024382},{"country_iso":"KAZ","city_id":5928,"log_pop":3.2852512288,"log_mass":6.3263911645},{"country_iso":"KAZ","city_id":5928,"log_pop":3.5791726805,"log_mass":6.5783103723},{"country_iso":"KAZ","city_id":5928,"log_pop":2.3038527699,"log_mass":5.4777836981},{"country_iso":"KAZ","city_id":5928,"log_pop":1.6098567305,"log_mass":4.691031734},{"country_iso":"KAZ","city_id":5928,"log_pop":3.3479019519,"log_mass":6.3816644089},{"country_iso":"KAZ","city_id":5928,"log_pop":3.4664653309,"log_mass":6.5500087426},{"country_iso":"KAZ","city_id":5928,"log_pop":3.4257712015,"log_mass":6.4097559},{"country_iso":"KAZ","city_id":5928,"log_pop":2.4032626399,"log_mass":5.3475594395},{"country_iso":"KAZ","city_id":5928,"log_pop":2.7329773429,"log_mass":5.6965748252},{"country_iso":"KAZ","city_id":5928,"log_pop":3.1801836418,"log_mass":6.1889635721},{"country_iso":"KAZ","city_id":5928,"log_pop":1.9411626863,"log_mass":5.5380760927},{"country_iso":"KAZ","city_id":5928,"log_pop":2.7852619706,"log_mass":6.0736138634},{"country_iso":"KAZ","city_id":5928,"log_pop":2.1753477378,"log_mass":5.1214694278},{"country_iso":"KAZ","city_id":5928,"log_pop":3.5633676662,"log_mass":6.5779065167},{"country_iso":"KAZ","city_id":5928,"log_pop":3.1022745998,"log_mass":6.0560015605},{"country_iso":"KAZ","city_id":5876,"log_pop":1.0898019479,"log_mass":4.3223104559},{"country_iso":"KAZ","city_id":5876,"log_pop":2.8558566066,"log_mass":6.2842108773},{"country_iso":"KAZ","city_id":5876,"log_pop":3.2363241213,"log_mass":6.7389171115},{"country_iso":"KAZ","city_id":5876,"log_pop":2.6505757119,"log_mass":6.1252118686},{"country_iso":"KAZ","city_id":5876,"log_pop":3.1041188275,"log_mass":6.5558980911},{"country_iso":"KAZ","city_id":5876,"log_pop":3.3077642888,"log_mass":6.670001034},{"country_iso":"KAZ","city_id":5876,"log_pop":1.6817846449,"log_mass":5.168239354},{"country_iso":"KAZ","city_id":5876,"log_pop":3.4580769492,"log_mass":6.8702059445},{"country_iso":"KAZ","city_id":5876,"log_pop":3.1761897242,"log_mass":6.5958295102},{"country_iso":"KAZ","city_id":5876,"log_pop":1.9907241186,"log_mass":5.2655725099},{"country_iso":"KAZ","city_id":5876,"log_pop":2.4774332955,"log_mass":5.797198358},{"country_iso":"KAZ","city_id":5876,"log_pop":2.3595370682,"log_mass":5.7962455741},{"country_iso":"KAZ","city_id":5876,"log_pop":2.6988903571,"log_mass":6.1252476385},{"country_iso":"KAZ","city_id":5876,"log_pop":3.3658229306,"log_mass":6.8376989277},{"country_iso":"KAZ","city_id":5876,"log_pop":2.2853639814,"log_mass":5.7372577591},{"country_iso":"KAZ","city_id":5876,"log_pop":3.1357353111,"log_mass":6.5228441962},{"country_iso":"KAZ","city_id":5804,"log_pop":3.0080281853,"log_mass":6.3758759992},{"country_iso":"KAZ","city_id":5804,"log_pop":2.638137962,"log_mass":5.9919989286},{"country_iso":"KAZ","city_id":5804,"log_pop":-0.1130299735,"log_mass":4.48373412},{"country_iso":"KAZ","city_id":5804,"log_pop":3.5028013376,"log_mass":6.8857824065},{"country_iso":"KAZ","city_id":5804,"log_pop":3.526743156,"log_mass":6.9375718373},{"country_iso":"KAZ","city_id":5804,"log_pop":3.4556625643,"log_mass":6.7829179389},{"country_iso":"KAZ","city_id":5804,"log_pop":3.2200045828,"log_mass":6.5740907354},{"country_iso":"KAZ","city_id":5804,"log_pop":2.1178162997,"log_mass":5.5142428348},{"country_iso":"KAZ","city_id":5804,"log_pop":2.8561339224,"log_mass":6.2359602598},{"country_iso":"KAZ","city_id":5804,"log_pop":2.6247526968,"log_mass":5.9730742256},{"country_iso":"KAZ","city_id":5804,"log_pop":-0.1670583317,"log_mass":3.2132038632},{"country_iso":"KAZ","city_id":5804,"log_pop":3.4523224013,"log_mass":6.765910699},{"country_iso":"KAZ","city_id":5804,"log_pop":2.925463965,"log_mass":6.1980562093},{"country_iso":"KAZ","city_id":5804,"log_pop":2.4710138442,"log_mass":5.7845586839},{"country_iso":"KAZ","city_id":5804,"log_pop":2.8137817264,"log_mass":6.1217747992},{"country_iso":"KAZ","city_id":5804,"log_pop":2.9031293344,"log_mass":6.2482439267},{"country_iso":"KAZ","city_id":5974,"log_pop":2.8535941574,"log_mass":5.9921227009},{"country_iso":"KAZ","city_id":5974,"log_pop":0.0280304374,"log_mass":4.4656238306},{"country_iso":"KAZ","city_id":5974,"log_pop":2.09578507,"log_mass":5.5952843865},{"country_iso":"KAZ","city_id":5974,"log_pop":2.6698295118,"log_mass":5.9436820554},{"country_iso":"KAZ","city_id":5974,"log_pop":3.0036664431,"log_mass":6.1827525551},{"country_iso":"KAZ","city_id":5974,"log_pop":2.2311649425,"log_mass":5.4610667337},{"country_iso":"KAZ","city_id":5974,"log_pop":3.4007872957,"log_mass":6.6673371349},{"country_iso":"KAZ","city_id":5974,"log_pop":3.3425313522,"log_mass":6.5868400523},{"country_iso":"KAZ","city_id":5974,"log_pop":1.5718710886,"log_mass":5.0771874479},{"country_iso":"KAZ","city_id":5974,"log_pop":3.3309511222,"log_mass":6.5235761059},{"country_iso":"KAZ","city_id":5974,"log_pop":2.2870474942,"log_mass":5.6766240601},{"country_iso":"KAZ","city_id":5974,"log_pop":1.4416907499,"log_mass":4.9715182572},{"country_iso":"KAZ","city_id":5974,"log_pop":3.3109668282,"log_mass":6.5419720543},{"country_iso":"KAZ","city_id":5974,"log_pop":1.226164909,"log_mass":4.6573778591},{"country_iso":"KAZ","city_id":5974,"log_pop":2.7803798862,"log_mass":5.9988757724},{"country_iso":"KAZ","city_id":6181,"log_pop":0.9593479231,"log_mass":4.9536761574},{"country_iso":"KAZ","city_id":6181,"log_pop":1.500832251,"log_mass":4.6385179184},{"country_iso":"KAZ","city_id":6181,"log_pop":0.4010492448,"log_mass":3.7237666758},{"country_iso":"KAZ","city_id":6181,"log_pop":2.6453333415,"log_mass":5.9768854717},{"country_iso":"KAZ","city_id":6181,"log_pop":2.159861022,"log_mass":5.6341459124},{"country_iso":"KAZ","city_id":6181,"log_pop":3.5250228494,"log_mass":6.764257853},{"country_iso":"KAZ","city_id":6181,"log_pop":2.5691846095,"log_mass":5.9302863814},{"country_iso":"KAZ","city_id":6181,"log_pop":1.456295031,"log_mass":5.3166163802},{"country_iso":"KAZ","city_id":6181,"log_pop":2.8506613628,"log_mass":5.9641639606},{"country_iso":"KAZ","city_id":6181,"log_pop":3.2041049213,"log_mass":6.4141717993},{"country_iso":"KAZ","city_id":6181,"log_pop":3.0145163594,"log_mass":6.2380499505},{"country_iso":"KAZ","city_id":6181,"log_pop":3.1740204283,"log_mass":6.4522264402},{"country_iso":"KAZ","city_id":6181,"log_pop":2.3439673802,"log_mass":5.5820024301},{"country_iso":"KAZ","city_id":5795,"log_pop":3.2549239454,"log_mass":6.520653034},{"country_iso":"KAZ","city_id":5795,"log_pop":1.194823645,"log_mass":4.5174618332},{"country_iso":"KAZ","city_id":5795,"log_pop":2.0261033599,"log_mass":5.2907908925},{"country_iso":"KAZ","city_id":5795,"log_pop":2.364396539,"log_mass":5.5803932916},{"country_iso":"KAZ","city_id":5795,"log_pop":2.1935402906,"log_mass":5.587338385},{"country_iso":"KAZ","city_id":5795,"log_pop":3.1677251293,"log_mass":6.7254586731},{"country_iso":"KAZ","city_id":5795,"log_pop":3.4820110875,"log_mass":6.7119379795},{"country_iso":"KAZ","city_id":5795,"log_pop":0.8582977799,"log_mass":4.6493131935},{"country_iso":"KAZ","city_id":5795,"log_pop":3.0042708082,"log_mass":6.3187755296},{"country_iso":"KAZ","city_id":5795,"log_pop":2.5314970353,"log_mass":6.319964969},{"country_iso":"KAZ","city_id":5795,"log_pop":3.3543178611,"log_mass":6.56349049},{"country_iso":"KAZ","city_id":5795,"log_pop":1.9205724942,"log_mass":5.563585553},{"country_iso":"KAZ","city_id":5892,"log_pop":3.311554356,"log_mass":6.898628263},{"country_iso":"KAZ","city_id":5892,"log_pop":3.0494728538,"log_mass":6.5440258322},{"country_iso":"KAZ","city_id":5892,"log_pop":2.7457587914,"log_mass":6.3333347623},{"country_iso":"KAZ","city_id":5892,"log_pop":2.9289688855,"log_mass":6.4402000647},{"country_iso":"KAZ","city_id":5892,"log_pop":2.7927172362,"log_mass":6.4074958336},{"country_iso":"KAZ","city_id":5892,"log_pop":3.2079851084,"log_mass":6.7048001321},{"country_iso":"KAZ","city_id":5892,"log_pop":3.0447104507,"log_mass":6.662936826},{"country_iso":"KAZ","city_id":5892,"log_pop":1.5774258343,"log_mass":5.2747168899},{"country_iso":"KAZ","city_id":5892,"log_pop":1.3844975913,"log_mass":5.0102511847},{"country_iso":"KAZ","city_id":5892,"log_pop":1.9569507653,"log_mass":5.6096339833},{"country_iso":"KAZ","city_id":5892,"log_pop":2.4587012095,"log_mass":5.930826929},{"country_iso":"KAZ","city_id":5892,"log_pop":2.3937384158,"log_mass":5.9576895441},{"country_iso":"KAZ","city_id":6006,"log_pop":2.5869088678,"log_mass":5.7108729516},{"country_iso":"KAZ","city_id":6006,"log_pop":3.4938613295,"log_mass":6.6473457508},{"country_iso":"KAZ","city_id":6006,"log_pop":2.9548522747,"log_mass":6.1097506374},{"country_iso":"KAZ","city_id":6006,"log_pop":2.722706703,"log_mass":5.956559738},{"country_iso":"KAZ","city_id":6006,"log_pop":0.8749995913,"log_mass":4.9447354981},{"country_iso":"KAZ","city_id":6006,"log_pop":1.7909579443,"log_mass":4.950917839},{"country_iso":"KAZ","city_id":6006,"log_pop":2.1385021314,"log_mass":5.331393384},{"country_iso":"KAZ","city_id":6006,"log_pop":0.5768364939,"log_mass":4.6216376603},{"country_iso":"KAZ","city_id":6006,"log_pop":2.6323142163,"log_mass":5.8739034903},{"country_iso":"KAZ","city_id":6006,"log_pop":2.6687826604,"log_mass":5.8298072601},{"country_iso":"KAZ","city_id":5649,"log_pop":1.6734744502,"log_mass":5.7895569943},{"country_iso":"KAZ","city_id":5649,"log_pop":1.4821523253,"log_mass":5.5377424936},{"country_iso":"KAZ","city_id":5649,"log_pop":1.1775801901,"log_mass":5.2543904868},{"country_iso":"KAZ","city_id":5649,"log_pop":1.0267502383,"log_mass":5.206548421},{"country_iso":"KAZ","city_id":5649,"log_pop":1.10003769,"log_mass":5.1075725855},{"country_iso":"KAZ","city_id":5649,"log_pop":2.1426741751,"log_mass":6.2090651811},{"country_iso":"KAZ","city_id":5649,"log_pop":0.1441086636,"log_mass":5.1654951981},{"country_iso":"KAZ","city_id":5649,"log_pop":1.0853992555,"log_mass":5.2506794329},{"country_iso":"KAZ","city_id":6002,"log_pop":1.7123906151,"log_mass":4.9928740448},{"country_iso":"KAZ","city_id":6002,"log_pop":2.64095006,"log_mass":5.9266600566},{"country_iso":"KAZ","city_id":6002,"log_pop":2.3540347117,"log_mass":5.7834213045},{"country_iso":"KAZ","city_id":6002,"log_pop":-0.325801857,"log_mass":4.0864363896},{"country_iso":"KAZ","city_id":6002,"log_pop":2.7032408138,"log_mass":5.9830364614},{"country_iso":"KAZ","city_id":6002,"log_pop":3.3854007582,"log_mass":6.6043509125},{"country_iso":"KAZ","city_id":6002,"log_pop":2.069701592,"log_mass":5.1351259902},{"country_iso":"KAZ","city_id":6002,"log_pop":2.6340748812,"log_mass":6.0498901734},{"country_iso":"KAZ","city_id":6007,"log_pop":-0.0596232945,"log_mass":4.7164989886},{"country_iso":"KAZ","city_id":6007,"log_pop":2.7315741227,"log_mass":5.9467044041},{"country_iso":"KAZ","city_id":6007,"log_pop":1.5844131114,"log_mass":5.1985040238},{"country_iso":"KAZ","city_id":6007,"log_pop":2.9951768436,"log_mass":6.2421194655},{"country_iso":"KAZ","city_id":6007,"log_pop":2.401615997,"log_mass":5.6890361716},{"country_iso":"KAZ","city_id":6007,"log_pop":3.140984808,"log_mass":6.36740688},{"country_iso":"KAZ","city_id":6007,"log_pop":2.6218687068,"log_mass":5.972581101},{"country_iso":"KAZ","city_id":5950,"log_pop":1.301240107,"log_mass":5.4623675393},{"country_iso":"KAZ","city_id":5950,"log_pop":0.0366659381,"log_mass":4.6035195627},{"country_iso":"KAZ","city_id":5950,"log_pop":1.2585950251,"log_mass":5.4606435424},{"country_iso":"KAZ","city_id":5884,"log_pop":2.2537871869,"log_mass":5.6504970168},{"country_iso":"KAZ","city_id":5884,"log_pop":0.6145199901,"log_mass":4.6817363141},{"country_iso":"KAZ","city_id":5884,"log_pop":2.1794265932,"log_mass":5.5733792211},{"country_iso":"KAZ","city_id":6156,"log_pop":2.3425391556,"log_mass":6.1243198522},{"country_iso":"KAZ","city_id":6156,"log_pop":2.024769835,"log_mass":5.7759650396},{"country_iso":"KAZ","city_id":6156,"log_pop":2.0918595737,"log_mass":5.8323647034}]