[{"country_iso":"BGR","city_id":3381,"log_pop":2.3061755245,"log_mass":4.7380222398},{"country_iso":"BGR","city_id":3381,"log_pop":3.25560612,"log_mass":5.738738718},{"country_iso":"BGR","city_id":3381,"log_pop":4.0482760818,"log_mass":6.6546458489},{"country_iso":"BGR","city_id":3381,"log_pop":2.0854799025,"log_mass":4.5024468506},{"country_iso":"BGR","city_id":3381,"log_pop":3.5844469343,"log_mass":6.1946833585},{"country_iso":"BGR","city_id":3381,"log_pop":3.0618581541,"log_mass":5.4905284585},{"country_iso":"BGR","city_id":3381,"log_pop":3.8751494864,"log_mass":6.3693038613},{"country_iso":"BGR","city_id":3381,"log_pop":4.1224831803,"log_mass":6.7343967177},{"country_iso":"BGR","city_id":3381,"log_pop":3.8037718185,"log_mass":6.3704873437},{"country_iso":"BGR","city_id":3381,"log_pop":3.9567158785,"log_mass":6.4698463569},{"country_iso":"BGR","city_id":3381,"log_pop":3.5161276297,"log_mass":5.9728280013},{"country_iso":"BGR","city_id":3381,"log_pop":4.1249704505,"log_mass":6.6966663318},{"country_iso":"BGR","city_id":3381,"log_pop":3.9581036876,"log_mass":6.5828370555},{"country_iso":"BGR","city_id":3381,"log_pop":4.0508317098,"log_mass":6.7180595196},{"country_iso":"BGR","city_id":3381,"log_pop":3.6156037608,"log_mass":6.0608056614},{"country_iso":"BGR","city_id":3381,"log_pop":3.6414406523,"log_mass":6.0977331599},{"country_iso":"BGR","city_id":3381,"log_pop":3.9437983846,"log_mass":6.6094422885},{"country_iso":"BGR","city_id":3381,"log_pop":4.1413027489,"log_mass":6.7290397903},{"country_iso":"BGR","city_id":3381,"log_pop":3.6715077848,"log_mass":6.1303316028},{"country_iso":"BGR","city_id":3381,"log_pop":3.4634133429,"log_mass":5.9536463835},{"country_iso":"BGR","city_id":3381,"log_pop":2.0016149226,"log_mass":4.8481766526},{"country_iso":"BGR","city_id":3381,"log_pop":3.921650768,"log_mass":6.5047009529},{"country_iso":"BGR","city_id":3381,"log_pop":3.8876945313,"log_mass":6.4825982128},{"country_iso":"BGR","city_id":3381,"log_pop":2.0580703883,"log_mass":4.503937238},{"country_iso":"BGR","city_id":3381,"log_pop":3.1832985627,"log_mass":5.8200641881},{"country_iso":"BGR","city_id":3381,"log_pop":3.4398514107,"log_mass":5.9531042724},{"country_iso":"BGR","city_id":3381,"log_pop":2.7689560742,"log_mass":5.2460033547},{"country_iso":"BGR","city_id":3381,"log_pop":4.128140257,"log_mass":6.689974985},{"country_iso":"BGR","city_id":3381,"log_pop":4.1019828724,"log_mass":6.7011191938},{"country_iso":"BGR","city_id":3381,"log_pop":3.5608812724,"log_mass":6.2029923293},{"country_iso":"BGR","city_id":3381,"log_pop":3.9102153088,"log_mass":6.4936768536},{"country_iso":"BGR","city_id":3381,"log_pop":2.9785945041,"log_mass":5.4208249501},{"country_iso":"BGR","city_id":3381,"log_pop":3.8515219151,"log_mass":6.3916580543},{"country_iso":"BGR","city_id":3381,"log_pop":3.1812303176,"log_mass":5.6528907296},{"country_iso":"BGR","city_id":3381,"log_pop":4.1119932645,"log_mass":6.8351721905},{"country_iso":"BGR","city_id":3381,"log_pop":4.1452284366,"log_mass":6.768958067},{"country_iso":"BGR","city_id":3381,"log_pop":4.0956407662,"log_mass":6.9877255866},{"country_iso":"BGR","city_id":3381,"log_pop":3.96292467,"log_mass":6.6792367208},{"country_iso":"BGR","city_id":3381,"log_pop":4.1341479005,"log_mass":6.759914497},{"country_iso":"BGR","city_id":3381,"log_pop":3.962080824,"log_mass":6.4631699832},{"country_iso":"BGR","city_id":3381,"log_pop":4.1251990452,"log_mass":6.8364306085},{"country_iso":"BGR","city_id":3381,"log_pop":0.4465006587,"log_mass":3.0625747332},{"country_iso":"BGR","city_id":3381,"log_pop":3.037216972,"log_mass":5.4519851813},{"country_iso":"BGR","city_id":3381,"log_pop":3.4082451287,"log_mass":5.8391306752},{"country_iso":"BGR","city_id":3381,"log_pop":2.0177831159,"log_mass":4.6148673995},{"country_iso":"BGR","city_id":3381,"log_pop":4.0783469987,"log_mass":6.6885808093},{"country_iso":"BGR","city_id":3381,"log_pop":4.0083176432,"log_mass":6.7758159553},{"country_iso":"BGR","city_id":3381,"log_pop":3.1002844227,"log_mass":5.3945057346},{"country_iso":"BGR","city_id":3381,"log_pop":3.6107303156,"log_mass":6.1283137069},{"country_iso":"BGR","city_id":3381,"log_pop":3.9983050086,"log_mass":6.5511625666},{"country_iso":"BGR","city_id":3381,"log_pop":4.1172982447,"log_mass":6.8136441729},{"country_iso":"BGR","city_id":3381,"log_pop":3.7593037314,"log_mass":6.2233427895},{"country_iso":"BGR","city_id":3516,"log_pop":2.7779825392,"log_mass":5.2079356355},{"country_iso":"BGR","city_id":3516,"log_pop":2.9388587744,"log_mass":5.5927757464},{"country_iso":"BGR","city_id":3516,"log_pop":3.1972345025,"log_mass":5.9441694189},{"country_iso":"BGR","city_id":3516,"log_pop":4.0882863702,"log_mass":6.6598081118},{"country_iso":"BGR","city_id":3516,"log_pop":3.6890662409,"log_mass":6.0409826866},{"country_iso":"BGR","city_id":3516,"log_pop":4.0849758548,"log_mass":6.8365767981},{"country_iso":"BGR","city_id":3516,"log_pop":2.9039028727,"log_mass":5.2641992245},{"country_iso":"BGR","city_id":3516,"log_pop":2.3832975363,"log_mass":4.9313108414},{"country_iso":"BGR","city_id":3516,"log_pop":2.3843219031,"log_mass":4.8935537413},{"country_iso":"BGR","city_id":3516,"log_pop":4.1320360694,"log_mass":6.7685762132},{"country_iso":"BGR","city_id":3516,"log_pop":3.4143706628,"log_mass":5.7891307095},{"country_iso":"BGR","city_id":3516,"log_pop":2.7920987544,"log_mass":5.2381421511},{"country_iso":"BGR","city_id":3516,"log_pop":3.8649003921,"log_mass":6.4880821649},{"country_iso":"BGR","city_id":3516,"log_pop":2.1021209567,"log_mass":4.8703933389},{"country_iso":"BGR","city_id":3516,"log_pop":3.3409146384,"log_mass":5.8959372779},{"country_iso":"BGR","city_id":3516,"log_pop":3.947355404,"log_mass":6.4533876515},{"country_iso":"BGR","city_id":3516,"log_pop":2.2731534129,"log_mass":5.0007284041},{"country_iso":"BGR","city_id":3516,"log_pop":2.7989753469,"log_mass":5.1028436001},{"country_iso":"BGR","city_id":3516,"log_pop":3.4219831934,"log_mass":5.9108463297},{"country_iso":"BGR","city_id":3516,"log_pop":3.6760399003,"log_mass":6.0798484874},{"country_iso":"BGR","city_id":3516,"log_pop":3.5625171463,"log_mass":5.958292501},{"country_iso":"BGR","city_id":3516,"log_pop":2.6273829505,"log_mass":4.9689455927},{"country_iso":"BGR","city_id":3516,"log_pop":2.7923652787,"log_mass":5.2239271404},{"country_iso":"BGR","city_id":3516,"log_pop":3.7954407662,"log_mass":6.3504185032},{"country_iso":"BGR","city_id":3516,"log_pop":3.492814884,"log_mass":6.1499498325},{"country_iso":"BGR","city_id":3516,"log_pop":3.4685219838,"log_mass":5.9311771065},{"country_iso":"BGR","city_id":3516,"log_pop":4.116865487,"log_mass":6.7671670357},{"country_iso":"BGR","city_id":3516,"log_pop":2.994682765,"log_mass":5.434664471},{"country_iso":"BGR","city_id":3448,"log_pop":3.820185732,"log_mass":6.454755364},{"country_iso":"BGR","city_id":3448,"log_pop":3.502128677,"log_mass":6.3015587165},{"country_iso":"BGR","city_id":3448,"log_pop":3.4160638271,"log_mass":6.2631452044},{"country_iso":"BGR","city_id":3448,"log_pop":3.7791551326,"log_mass":6.5819166651},{"country_iso":"BGR","city_id":3448,"log_pop":4.2415548876,"log_mass":6.5641034187},{"country_iso":"BGR","city_id":3448,"log_pop":3.1973682272,"log_mass":5.6560642994},{"country_iso":"BGR","city_id":3448,"log_pop":3.9409487679,"log_mass":6.3926323725},{"country_iso":"BGR","city_id":3448,"log_pop":2.389278626,"log_mass":5.2487926796},{"country_iso":"BGR","city_id":3448,"log_pop":2.9634660129,"log_mass":5.9300453407},{"country_iso":"BGR","city_id":3448,"log_pop":3.5494113647,"log_mass":6.555135636},{"country_iso":"BGR","city_id":3448,"log_pop":3.3038400636,"log_mass":6.2569537827},{"country_iso":"BGR","city_id":3448,"log_pop":2.120779295,"log_mass":4.9993877945},{"country_iso":"BGR","city_id":3448,"log_pop":2.9148384516,"log_mass":5.8229676527},{"country_iso":"BGR","city_id":3448,"log_pop":3.8096080319,"log_mass":6.6790196246},{"country_iso":"BGR","city_id":3448,"log_pop":2.9187186889,"log_mass":5.6941141709},{"country_iso":"BGR","city_id":3448,"log_pop":3.6389442192,"log_mass":6.4764678238},{"country_iso":"BGR","city_id":3448,"log_pop":1.1619435513,"log_mass":3.8554569249},{"country_iso":"BGR","city_id":3448,"log_pop":3.3794064205,"log_mass":5.9673767545},{"country_iso":"BGR","city_id":3448,"log_pop":2.1825937139,"log_mass":4.6953683181},{"country_iso":"BGR","city_id":3448,"log_pop":2.5692779465,"log_mass":5.6704874323},{"country_iso":"BGR","city_id":3448,"log_pop":0.6432485679,"log_mass":3.7109047426},{"country_iso":"BGR","city_id":3448,"log_pop":1.9744604511,"log_mass":4.8921357894},{"country_iso":"BGR","city_id":3427,"log_pop":2.6000965531,"log_mass":4.7678324007},{"country_iso":"BGR","city_id":3427,"log_pop":1.9731328248,"log_mass":4.9583136453},{"country_iso":"BGR","city_id":3427,"log_pop":2.6421897028,"log_mass":4.9966596335},{"country_iso":"BGR","city_id":3427,"log_pop":4.200305422,"log_mass":6.5000361063},{"country_iso":"BGR","city_id":3427,"log_pop":2.996131741,"log_mass":5.6353519574},{"country_iso":"BGR","city_id":3427,"log_pop":3.801809765,"log_mass":6.0349364003},{"country_iso":"BGR","city_id":3427,"log_pop":1.7580284914,"log_mass":4.8993394003},{"country_iso":"BGR","city_id":3427,"log_pop":3.1818432638,"log_mass":5.4818297874},{"country_iso":"BGR","city_id":3427,"log_pop":3.7166055269,"log_mass":6.0764325867},{"country_iso":"BGR","city_id":3427,"log_pop":4.3459240495,"log_mass":6.6768473305},{"country_iso":"BGR","city_id":3427,"log_pop":3.7510164684,"log_mass":5.9846514658},{"country_iso":"BGR","city_id":3427,"log_pop":3.7310132051,"log_mass":6.127818353},{"country_iso":"BGR","city_id":3427,"log_pop":3.106396891,"log_mass":5.502336635},{"country_iso":"BGR","city_id":3427,"log_pop":4.3767223395,"log_mass":6.8339131393},{"country_iso":"BGR","city_id":3427,"log_pop":4.3307093928,"log_mass":6.600726473},{"country_iso":"BGR","city_id":3427,"log_pop":4.3140155298,"log_mass":6.6518954903},{"country_iso":"BGR","city_id":3427,"log_pop":3.383167285,"log_mass":5.9870835789},{"country_iso":"BGR","city_id":3427,"log_pop":2.0879075408,"log_mass":4.5318392787},{"country_iso":"BGR","city_id":3427,"log_pop":4.2195759687,"log_mass":6.655578296},{"country_iso":"BGR","city_id":3427,"log_pop":4.2246551364,"log_mass":6.580985686},{"country_iso":"BGR","city_id":3503,"log_pop":2.5860250281,"log_mass":5.2666286858},{"country_iso":"BGR","city_id":3503,"log_pop":3.4891647886,"log_mass":6.3351176921},{"country_iso":"BGR","city_id":3503,"log_pop":1.6853450148,"log_mass":4.5201739069},{"country_iso":"BGR","city_id":3503,"log_pop":2.9739707539,"log_mass":5.6780125425},{"country_iso":"BGR","city_id":3503,"log_pop":3.4492851267,"log_mass":6.082547115},{"country_iso":"BGR","city_id":3503,"log_pop":1.117339586,"log_mass":5.4261474148},{"country_iso":"BGR","city_id":3503,"log_pop":3.7663679315,"log_mass":6.6214930096},{"country_iso":"BGR","city_id":3503,"log_pop":3.2924987687,"log_mass":6.4534900987},{"country_iso":"BGR","city_id":3503,"log_pop":2.8921279796,"log_mass":5.5145563967},{"country_iso":"BGR","city_id":3503,"log_pop":3.7517804096,"log_mass":6.4783119421},{"country_iso":"BGR","city_id":3503,"log_pop":3.7923215525,"log_mass":6.5446729023},{"country_iso":"BGR","city_id":3503,"log_pop":3.5600921166,"log_mass":6.6078959945},{"country_iso":"BGR","city_id":3503,"log_pop":-0.0125839623,"log_mass":2.6467503073},{"country_iso":"BGR","city_id":3503,"log_pop":3.1265280907,"log_mass":5.8102818223},{"country_iso":"BGR","city_id":3451,"log_pop":3.1542946016,"log_mass":6.1573782209},{"country_iso":"BGR","city_id":3451,"log_pop":3.3271296594,"log_mass":6.2007546601},{"country_iso":"BGR","city_id":3451,"log_pop":1.9648324947,"log_mass":4.7815802811},{"country_iso":"BGR","city_id":3451,"log_pop":3.3619657407,"log_mass":6.3921590317},{"country_iso":"BGR","city_id":3451,"log_pop":3.7492838855,"log_mass":6.8452067399},{"country_iso":"BGR","city_id":3451,"log_pop":1.8104982929,"log_mass":4.7608712558},{"country_iso":"BGR","city_id":3451,"log_pop":1.7545259552,"log_mass":4.9933896597},{"country_iso":"BGR","city_id":3451,"log_pop":1.5781894589,"log_mass":4.5508805446},{"country_iso":"BGR","city_id":3451,"log_pop":3.2520072128,"log_mass":6.2726717329},{"country_iso":"BGR","city_id":3451,"log_pop":3.4012138206,"log_mass":6.395277209},{"country_iso":"BGR","city_id":3414,"log_pop":2.1891489443,"log_mass":5.0137258869},{"country_iso":"BGR","city_id":3414,"log_pop":3.5983785038,"log_mass":6.6140426879},{"country_iso":"BGR","city_id":3414,"log_pop":2.7820107738,"log_mass":5.6619995921},{"country_iso":"BGR","city_id":3414,"log_pop":3.7121554177,"log_mass":6.5930408096},{"country_iso":"BGR","city_id":3414,"log_pop":2.7845498943,"log_mass":5.6648815452},{"country_iso":"BGR","city_id":3414,"log_pop":-0.1262678255,"log_mass":2.6210927543},{"country_iso":"BGR","city_id":3414,"log_pop":2.2005944072,"log_mass":5.1294246722},{"country_iso":"BGR","city_id":3414,"log_pop":3.2392053501,"log_mass":6.1063663034},{"country_iso":"BGR","city_id":3414,"log_pop":3.4075547304,"log_mass":6.318633621},{"country_iso":"BGR","city_id":3414,"log_pop":2.542025122,"log_mass":5.7021744246},{"country_iso":"BGR","city_id":3391,"log_pop":3.1728068056,"log_mass":6.0820285561},{"country_iso":"BGR","city_id":3391,"log_pop":3.6464458844,"log_mass":6.3072461064},{"country_iso":"BGR","city_id":3391,"log_pop":3.6853001805,"log_mass":6.260007022},{"country_iso":"BGR","city_id":3391,"log_pop":3.5436861329,"log_mass":6.2781819052},{"country_iso":"BGR","city_id":3391,"log_pop":2.7332200607,"log_mass":5.4509483082},{"country_iso":"BGR","city_id":3391,"log_pop":2.4801538513,"log_mass":5.0598037691},{"country_iso":"BGR","city_id":3391,"log_pop":1.5538648084,"log_mass":4.0004405042},{"country_iso":"BGR","city_id":3391,"log_pop":3.2172613587,"log_mass":5.8343710404}]