[{"country_iso":"MMR","city_id":10248,"log_pop":3.170286304,"log_mass":5.6129257698},{"country_iso":"MMR","city_id":10248,"log_pop":4.1157686609,"log_mass":6.1422312925},{"country_iso":"MMR","city_id":10248,"log_pop":2.0079466883,"log_mass":4.1479792857},{"country_iso":"MMR","city_id":10248,"log_pop":2.0673324648,"log_mass":4.1931499852},{"country_iso":"MMR","city_id":10248,"log_pop":4.839747955,"log_mass":6.6160195618},{"country_iso":"MMR","city_id":10248,"log_pop":4.9355924365,"log_mass":6.6206578658},{"country_iso":"MMR","city_id":10248,"log_pop":4.6260627332,"log_mass":6.3993988853},{"country_iso":"MMR","city_id":10248,"log_pop":4.4931042327,"log_mass":6.2359439657},{"country_iso":"MMR","city_id":10248,"log_pop":4.5953457604,"log_mass":6.3137464923},{"country_iso":"MMR","city_id":10248,"log_pop":4.824691305,"log_mass":6.6300877026},{"country_iso":"MMR","city_id":10248,"log_pop":4.499578678,"log_mass":6.3802828314},{"country_iso":"MMR","city_id":10248,"log_pop":4.4419849865,"log_mass":6.2481055092},{"country_iso":"MMR","city_id":10248,"log_pop":4.5832284747,"log_mass":6.5563266519},{"country_iso":"MMR","city_id":10248,"log_pop":5.0178166263,"log_mass":6.7248290679},{"country_iso":"MMR","city_id":10248,"log_pop":4.7775964,"log_mass":6.7090579612},{"country_iso":"MMR","city_id":10248,"log_pop":4.9384686658,"log_mass":6.6574783479},{"country_iso":"MMR","city_id":10248,"log_pop":3.3513061177,"log_mass":5.2120075055},{"country_iso":"MMR","city_id":10248,"log_pop":4.0455505136,"log_mass":5.9125514999},{"country_iso":"MMR","city_id":10248,"log_pop":3.2972409134,"log_mass":5.4859253801},{"country_iso":"MMR","city_id":10248,"log_pop":4.4792155729,"log_mass":6.2462798926},{"country_iso":"MMR","city_id":10248,"log_pop":4.5347069832,"log_mass":6.4207392425},{"country_iso":"MMR","city_id":10248,"log_pop":4.5149953027,"log_mass":6.4075171401},{"country_iso":"MMR","city_id":10248,"log_pop":3.0261019487,"log_mass":5.2181437495},{"country_iso":"MMR","city_id":10248,"log_pop":4.5251890124,"log_mass":6.3262893102},{"country_iso":"MMR","city_id":10248,"log_pop":3.9947565565,"log_mass":5.9520494755},{"country_iso":"MMR","city_id":10248,"log_pop":4.7569171647,"log_mass":6.6065135508},{"country_iso":"MMR","city_id":10248,"log_pop":3.8354456965,"log_mass":5.9712615151},{"country_iso":"MMR","city_id":10248,"log_pop":3.7019166204,"log_mass":5.7554726021},{"country_iso":"MMR","city_id":10248,"log_pop":3.5791918649,"log_mass":5.783996363},{"country_iso":"MMR","city_id":10248,"log_pop":3.6144216529,"log_mass":5.6173510329},{"country_iso":"MMR","city_id":10248,"log_pop":0.8496385159,"log_mass":3.9904822539},{"country_iso":"MMR","city_id":10248,"log_pop":4.3327722228,"log_mass":6.2103749073},{"country_iso":"MMR","city_id":10248,"log_pop":5.0107209913,"log_mass":6.5779418882},{"country_iso":"MMR","city_id":10248,"log_pop":5.245911562,"log_mass":6.9078460101},{"country_iso":"MMR","city_id":10248,"log_pop":4.8257852401,"log_mass":6.5794781048},{"country_iso":"MMR","city_id":10248,"log_pop":5.143742683,"log_mass":6.7049063846},{"country_iso":"MMR","city_id":10248,"log_pop":3.8756054586,"log_mass":5.4877688472},{"country_iso":"MMR","city_id":10248,"log_pop":4.3111500036,"log_mass":6.1063374511},{"country_iso":"MMR","city_id":10248,"log_pop":4.8083517605,"log_mass":6.492760665},{"country_iso":"MMR","city_id":10248,"log_pop":4.4425571503,"log_mass":6.1759133342},{"country_iso":"MMR","city_id":10248,"log_pop":4.6614335166,"log_mass":6.473432928},{"country_iso":"MMR","city_id":10248,"log_pop":4.7602692126,"log_mass":6.5583089081},{"country_iso":"MMR","city_id":10248,"log_pop":4.8555146628,"log_mass":6.5804629036},{"country_iso":"MMR","city_id":10248,"log_pop":4.7502356713,"log_mass":6.5393549386},{"country_iso":"MMR","city_id":10248,"log_pop":3.6110141219,"log_mass":5.6416587712},{"country_iso":"MMR","city_id":10248,"log_pop":4.8992833128,"log_mass":6.6760747861},{"country_iso":"MMR","city_id":10248,"log_pop":3.6602514299,"log_mass":5.5058834052},{"country_iso":"MMR","city_id":10248,"log_pop":4.7948835502,"log_mass":6.5434204826},{"country_iso":"MMR","city_id":10248,"log_pop":3.3372973042,"log_mass":5.349969632},{"country_iso":"MMR","city_id":10248,"log_pop":4.7540041343,"log_mass":6.5877392669},{"country_iso":"MMR","city_id":10248,"log_pop":2.0087029645,"log_mass":4.5317488648},{"country_iso":"MMR","city_id":10248,"log_pop":2.9904403581,"log_mass":5.3580468915},{"country_iso":"MMR","city_id":10248,"log_pop":3.2757108126,"log_mass":5.3503992301},{"country_iso":"MMR","city_id":10248,"log_pop":4.9274792731,"log_mass":6.6681592168},{"country_iso":"MMR","city_id":10248,"log_pop":3.4139666198,"log_mass":5.2264943297},{"country_iso":"MMR","city_id":10248,"log_pop":5.1203038993,"log_mass":6.7863691976},{"country_iso":"MMR","city_id":10248,"log_pop":3.9842202134,"log_mass":5.6077291468},{"country_iso":"MMR","city_id":10248,"log_pop":4.9928914431,"log_mass":6.6603085187},{"country_iso":"MMR","city_id":10248,"log_pop":3.6748009236,"log_mass":5.7393456177},{"country_iso":"MMR","city_id":10248,"log_pop":4.6025391482,"log_mass":6.5822247915},{"country_iso":"MMR","city_id":10248,"log_pop":1.236011426,"log_mass":3.7761524482},{"country_iso":"MMR","city_id":10248,"log_pop":4.3087702611,"log_mass":6.1741283267},{"country_iso":"MMR","city_id":10248,"log_pop":4.7346049152,"log_mass":6.5488169679},{"country_iso":"MMR","city_id":10248,"log_pop":3.0617401661,"log_mass":5.1871236576},{"country_iso":"MMR","city_id":10248,"log_pop":4.2758170344,"log_mass":6.0574360678},{"country_iso":"MMR","city_id":10248,"log_pop":4.0151955679,"log_mass":6.0404386518},{"country_iso":"MMR","city_id":10248,"log_pop":4.5340375837,"log_mass":6.3902563497},{"country_iso":"MMR","city_id":10248,"log_pop":4.0110904921,"log_mass":6.1563731815},{"country_iso":"MMR","city_id":10248,"log_pop":2.281172415,"log_mass":4.5617963669},{"country_iso":"MMR","city_id":10248,"log_pop":0.0212335312,"log_mass":2.8791857038},{"country_iso":"MMR","city_id":10248,"log_pop":3.7884756848,"log_mass":5.690723526},{"country_iso":"MMR","city_id":10248,"log_pop":4.1551381098,"log_mass":6.0200930142},{"country_iso":"MMR","city_id":10248,"log_pop":3.8358398297,"log_mass":5.9693804741},{"country_iso":"MMR","city_id":10248,"log_pop":1.9462283379,"log_mass":4.1556067087},{"country_iso":"MMR","city_id":10248,"log_pop":3.4848041767,"log_mass":5.472215089},{"country_iso":"MMR","city_id":10248,"log_pop":3.2479418752,"log_mass":5.3368138525},{"country_iso":"MMR","city_id":10248,"log_pop":3.4010063572,"log_mass":5.4592669756},{"country_iso":"MMR","city_id":10248,"log_pop":3.8979217548,"log_mass":5.9450358711},{"country_iso":"MMR","city_id":10248,"log_pop":3.3801032838,"log_mass":5.3394023029},{"country_iso":"MMR","city_id":10248,"log_pop":2.3504668666,"log_mass":4.5877986306},{"country_iso":"MMR","city_id":10248,"log_pop":3.6921327171,"log_mass":5.6131394302},{"country_iso":"MMR","city_id":10248,"log_pop":4.092374569,"log_mass":6.1052447181},{"country_iso":"MMR","city_id":10248,"log_pop":4.2392562528,"log_mass":6.188186605},{"country_iso":"MMR","city_id":10248,"log_pop":4.7848691012,"log_mass":6.551504042},{"country_iso":"MMR","city_id":10248,"log_pop":4.3051296975,"log_mass":6.2891336945},{"country_iso":"MMR","city_id":10248,"log_pop":3.7050066964,"log_mass":5.6608578907},{"country_iso":"MMR","city_id":10248,"log_pop":4.7328238117,"log_mass":6.5651086985},{"country_iso":"MMR","city_id":10248,"log_pop":4.5916583673,"log_mass":6.5355963541},{"country_iso":"MMR","city_id":10248,"log_pop":4.9174067723,"log_mass":6.5703921899},{"country_iso":"MMR","city_id":10248,"log_pop":4.5959990781,"log_mass":6.4969977565},{"country_iso":"MMR","city_id":10248,"log_pop":4.5491537445,"log_mass":6.416685602},{"country_iso":"MMR","city_id":10248,"log_pop":4.6061529871,"log_mass":6.5630524025},{"country_iso":"MMR","city_id":10248,"log_pop":4.0387662202,"log_mass":5.9339819982},{"country_iso":"MMR","city_id":10248,"log_pop":4.6773115554,"log_mass":6.4004224882},{"country_iso":"MMR","city_id":10248,"log_pop":4.7501566338,"log_mass":6.5597398081},{"country_iso":"MMR","city_id":10248,"log_pop":4.6002070015,"log_mass":6.4324086173},{"country_iso":"MMR","city_id":10248,"log_pop":3.7112311353,"log_mass":5.5674799341},{"country_iso":"MMR","city_id":10248,"log_pop":3.5699341416,"log_mass":5.5661325355},{"country_iso":"MMR","city_id":10248,"log_pop":1.7560343794,"log_mass":4.243304048},{"country_iso":"MMR","city_id":10248,"log_pop":3.8869864396,"log_mass":5.857917969},{"country_iso":"MMR","city_id":10248,"log_pop":4.5743425338,"log_mass":6.3641982407},{"country_iso":"MMR","city_id":10248,"log_pop":4.7080614549,"log_mass":6.4690030707},{"country_iso":"MMR","city_id":10248,"log_pop":2.3727049035,"log_mass":4.2289818232},{"country_iso":"MMR","city_id":10248,"log_pop":3.231958217,"log_mass":5.3445590747},{"country_iso":"MMR","city_id":10248,"log_pop":3.0289365556,"log_mass":5.1649937327},{"country_iso":"MMR","city_id":10248,"log_pop":3.575123142,"log_mass":5.7067057222},{"country_iso":"MMR","city_id":10248,"log_pop":2.8183344592,"log_mass":4.8374047694},{"country_iso":"MMR","city_id":10248,"log_pop":3.0950828986,"log_mass":5.2589955727},{"country_iso":"MMR","city_id":10248,"log_pop":2.7665438031,"log_mass":4.6794257873},{"country_iso":"MMR","city_id":10248,"log_pop":4.2108535919,"log_mass":6.1965251476},{"country_iso":"MMR","city_id":10248,"log_pop":4.1648904456,"log_mass":6.0082043097},{"country_iso":"MMR","city_id":10248,"log_pop":3.0862708682,"log_mass":5.2210694221},{"country_iso":"MMR","city_id":10248,"log_pop":2.6494786755,"log_mass":4.9163409221},{"country_iso":"MMR","city_id":10248,"log_pop":2.8302782394,"log_mass":4.9725462949},{"country_iso":"MMR","city_id":10155,"log_pop":3.282291647,"log_mass":5.3969265124},{"country_iso":"MMR","city_id":10155,"log_pop":4.2113397058,"log_mass":6.2012052736},{"country_iso":"MMR","city_id":10155,"log_pop":-0.1649548451,"log_mass":3.1278149368},{"country_iso":"MMR","city_id":10155,"log_pop":4.574483634,"log_mass":6.3936915994},{"country_iso":"MMR","city_id":10155,"log_pop":4.7949618197,"log_mass":6.6175168541},{"country_iso":"MMR","city_id":10155,"log_pop":4.5535238118,"log_mass":6.4983542784},{"country_iso":"MMR","city_id":10155,"log_pop":4.3164981936,"log_mass":6.375460295},{"country_iso":"MMR","city_id":10155,"log_pop":4.575400808,"log_mass":6.4777728111},{"country_iso":"MMR","city_id":10155,"log_pop":4.2195632206,"log_mass":6.5128227901},{"country_iso":"MMR","city_id":10155,"log_pop":4.608982743,"log_mass":6.474945657},{"country_iso":"MMR","city_id":10155,"log_pop":4.8112323273,"log_mass":6.6635030078},{"country_iso":"MMR","city_id":10155,"log_pop":4.2631646867,"log_mass":5.9340757734},{"country_iso":"MMR","city_id":10155,"log_pop":1.1115867234,"log_mass":3.9483350674},{"country_iso":"MMR","city_id":10155,"log_pop":2.7588977765,"log_mass":5.4811600047},{"country_iso":"MMR","city_id":10155,"log_pop":1.7486811526,"log_mass":5.1760207031},{"country_iso":"MMR","city_id":10155,"log_pop":3.4366133867,"log_mass":5.4201422729},{"country_iso":"MMR","city_id":10155,"log_pop":2.0432963835,"log_mass":4.5527640352},{"country_iso":"MMR","city_id":10155,"log_pop":4.3733180993,"log_mass":6.1434478823},{"country_iso":"MMR","city_id":10155,"log_pop":3.7742821664,"log_mass":5.7349147652},{"country_iso":"MMR","city_id":10155,"log_pop":3.4979726707,"log_mass":5.5843101799},{"country_iso":"MMR","city_id":10155,"log_pop":4.528808581,"log_mass":6.4519977503},{"country_iso":"MMR","city_id":10155,"log_pop":5.0419784135,"log_mass":6.783386523},{"country_iso":"MMR","city_id":10155,"log_pop":4.9188388188,"log_mass":6.6670821805},{"country_iso":"MMR","city_id":10155,"log_pop":4.4646977222,"log_mass":6.2710906258},{"country_iso":"MMR","city_id":10155,"log_pop":4.7073296479,"log_mass":6.489752354},{"country_iso":"MMR","city_id":10155,"log_pop":4.3170723507,"log_mass":6.1152074646},{"country_iso":"MMR","city_id":10155,"log_pop":4.8976924607,"log_mass":6.6743205046},{"country_iso":"MMR","city_id":10155,"log_pop":4.3131360967,"log_mass":6.1085345281},{"country_iso":"MMR","city_id":10155,"log_pop":0.5182549447,"log_mass":3.2315308558},{"country_iso":"MMR","city_id":10155,"log_pop":1.307762247,"log_mass":3.6661519423},{"country_iso":"MMR","city_id":10155,"log_pop":4.0128018155,"log_mass":5.7651554334},{"country_iso":"MMR","city_id":10155,"log_pop":2.7015874559,"log_mass":5.4369775755},{"country_iso":"MMR","city_id":10155,"log_pop":2.5664086506,"log_mass":4.8502968485},{"country_iso":"MMR","city_id":10155,"log_pop":2.2560125219,"log_mass":5.2160636885},{"country_iso":"MMR","city_id":10155,"log_pop":1.9105024996,"log_mass":4.3707164246},{"country_iso":"MMR","city_id":10155,"log_pop":3.1129373509,"log_mass":5.4887000188},{"country_iso":"MMR","city_id":10155,"log_pop":3.2656946412,"log_mass":5.3859782348},{"country_iso":"MMR","city_id":10155,"log_pop":2.1051440557,"log_mass":4.6709339623},{"country_iso":"MMR","city_id":10155,"log_pop":3.0128365467,"log_mass":5.1670926901},{"country_iso":"MMR","city_id":10155,"log_pop":2.2015552947,"log_mass":4.5367134097},{"country_iso":"MMR","city_id":10155,"log_pop":3.2699131687,"log_mass":5.5453935028},{"country_iso":"MMR","city_id":10155,"log_pop":4.0931873286,"log_mass":6.1244171138},{"country_iso":"MMR","city_id":10155,"log_pop":2.4702462626,"log_mass":4.8606758542},{"country_iso":"MMR","city_id":10155,"log_pop":2.2193507987,"log_mass":4.5438489724},{"country_iso":"MMR","city_id":10155,"log_pop":0.7972176422,"log_mass":4.3996799421},{"country_iso":"MMR","city_id":10155,"log_pop":2.2695545908,"log_mass":4.6842478944},{"country_iso":"MMR","city_id":10155,"log_pop":2.6089248024,"log_mass":4.6131992484},{"country_iso":"MMR","city_id":10155,"log_pop":1.5884227575,"log_mass":4.2764543712},{"country_iso":"MMR","city_id":10155,"log_pop":3.9660009331,"log_mass":6.0374456002},{"country_iso":"MMR","city_id":10155,"log_pop":3.6011417316,"log_mass":5.659046625},{"country_iso":"MMR","city_id":10155,"log_pop":4.0137379509,"log_mass":5.9901865888},{"country_iso":"MMR","city_id":10155,"log_pop":2.1004544276,"log_mass":4.4877201842},{"country_iso":"MMR","city_id":10155,"log_pop":1.8710724443,"log_mass":4.4695691847},{"country_iso":"MMR","city_id":10155,"log_pop":2.2485017653,"log_mass":4.7819538767},{"country_iso":"MMR","city_id":10155,"log_pop":2.1143384041,"log_mass":4.6155699554},{"country_iso":"MMR","city_id":10155,"log_pop":1.2478647037,"log_mass":3.9907088712},{"country_iso":"MMR","city_id":10155,"log_pop":3.2684785642,"log_mass":5.4558042419},{"country_iso":"MMR","city_id":10155,"log_pop":1.9600190327,"log_mass":4.6372823163},{"country_iso":"MMR","city_id":10155,"log_pop":2.7141630042,"log_mass":5.0749170225},{"country_iso":"MMR","city_id":10155,"log_pop":3.2024355023,"log_mass":5.8263725928},{"country_iso":"MMR","city_id":10155,"log_pop":3.7876285867,"log_mass":6.2600531655},{"country_iso":"MMR","city_id":10155,"log_pop":3.1095783599,"log_mass":5.3858542971},{"country_iso":"MMR","city_id":10155,"log_pop":2.6375135035,"log_mass":4.979634297},{"country_iso":"MMR","city_id":10155,"log_pop":3.1441484495,"log_mass":5.3571787788},{"country_iso":"MMR","city_id":10155,"log_pop":3.3333899283,"log_mass":5.4736662531},{"country_iso":"MMR","city_id":10155,"log_pop":2.9844609589,"log_mass":5.1920301437},{"country_iso":"MMR","city_id":10155,"log_pop":3.5609283879,"log_mass":5.6950178691},{"country_iso":"MMR","city_id":10114,"log_pop":2.3746490348,"log_mass":5.4846366159},{"country_iso":"MMR","city_id":10114,"log_pop":2.4678532925,"log_mass":5.7819699043},{"country_iso":"MMR","city_id":10114,"log_pop":3.3609356652,"log_mass":6.3098235199},{"country_iso":"MMR","city_id":10114,"log_pop":3.0546565721,"log_mass":6.4218679757},{"country_iso":"MMR","city_id":10114,"log_pop":0.8280847866,"log_mass":3.9434285083},{"country_iso":"MMR","city_id":10114,"log_pop":2.0163626303,"log_mass":5.6039813611},{"country_iso":"MMR","city_id":10114,"log_pop":2.9665970086,"log_mass":5.8623748811},{"country_iso":"MMR","city_id":10114,"log_pop":3.1741520952,"log_mass":6.2688912399},{"country_iso":"MMR","city_id":10114,"log_pop":2.5707198135,"log_mass":5.7997615552},{"country_iso":"MMR","city_id":10114,"log_pop":3.2749418345,"log_mass":6.3905229201},{"country_iso":"MMR","city_id":10114,"log_pop":2.0155834051,"log_mass":4.8228628643},{"country_iso":"MMR","city_id":10114,"log_pop":2.6191198352,"log_mass":5.6723997966},{"country_iso":"MMR","city_id":10114,"log_pop":2.7612194096,"log_mass":5.8586175053},{"country_iso":"MMR","city_id":10114,"log_pop":2.1611242249,"log_mass":5.6176601612},{"country_iso":"MMR","city_id":10114,"log_pop":2.4834499404,"log_mass":5.673385651},{"country_iso":"MMR","city_id":10114,"log_pop":3.3914469848,"log_mass":6.1380837258},{"country_iso":"MMR","city_id":10114,"log_pop":3.1712381159,"log_mass":6.1607832113},{"country_iso":"MMR","city_id":10114,"log_pop":1.8550415823,"log_mass":4.7025533239},{"country_iso":"MMR","city_id":10114,"log_pop":3.3422915943,"log_mass":6.2677993428},{"country_iso":"MMR","city_id":10114,"log_pop":1.370915244,"log_mass":4.3541946994},{"country_iso":"MMR","city_id":10114,"log_pop":2.0776395166,"log_mass":5.4560624627},{"country_iso":"MMR","city_id":10114,"log_pop":1.004724743,"log_mass":4.2803162866},{"country_iso":"MMR","city_id":10114,"log_pop":1.3022549443,"log_mass":4.444002857},{"country_iso":"MMR","city_id":10147,"log_pop":1.8067486075,"log_mass":4.4008585631},{"country_iso":"MMR","city_id":10147,"log_pop":2.4127389023,"log_mass":5.222616133},{"country_iso":"MMR","city_id":10147,"log_pop":1.8649013785,"log_mass":4.6554788922},{"country_iso":"MMR","city_id":10147,"log_pop":0.5532328384,"log_mass":3.7533678361},{"country_iso":"MMR","city_id":10147,"log_pop":2.502306343,"log_mass":4.7404393595},{"country_iso":"MMR","city_id":10147,"log_pop":2.6311274957,"log_mass":4.9695950778},{"country_iso":"MMR","city_id":10147,"log_pop":2.4389368276,"log_mass":5.2201616245},{"country_iso":"MMR","city_id":10147,"log_pop":4.1259375189,"log_mass":6.3267468621},{"country_iso":"MMR","city_id":10147,"log_pop":2.5829620657,"log_mass":5.0505615107},{"country_iso":"MMR","city_id":10147,"log_pop":3.3200330207,"log_mass":5.2819790908},{"country_iso":"MMR","city_id":10147,"log_pop":3.6024094001,"log_mass":5.9552355428},{"country_iso":"MMR","city_id":10147,"log_pop":2.8714984257,"log_mass":5.2863559732},{"country_iso":"MMR","city_id":10147,"log_pop":1.3606883381,"log_mass":4.2846106796},{"country_iso":"MMR","city_id":10147,"log_pop":2.4763297023,"log_mass":5.4144876651},{"country_iso":"MMR","city_id":10147,"log_pop":2.256467047,"log_mass":5.2801733926},{"country_iso":"MMR","city_id":10147,"log_pop":4.206090671,"log_mass":6.3427766365},{"country_iso":"MMR","city_id":10147,"log_pop":4.0232808937,"log_mass":6.0322719187},{"country_iso":"MMR","city_id":10147,"log_pop":2.8599252998,"log_mass":5.4671821892},{"country_iso":"MMR","city_id":10147,"log_pop":3.0179636149,"log_mass":5.7939749587},{"country_iso":"MMR","city_id":10224,"log_pop":2.6935787038,"log_mass":5.2792217965},{"country_iso":"MMR","city_id":10224,"log_pop":3.2986389111,"log_mass":5.6561270046},{"country_iso":"MMR","city_id":10224,"log_pop":2.7934762495,"log_mass":5.3593220286},{"country_iso":"MMR","city_id":10224,"log_pop":3.4605365687,"log_mass":5.9659112222},{"country_iso":"MMR","city_id":10224,"log_pop":2.4882363536,"log_mass":5.2593141743},{"country_iso":"MMR","city_id":10224,"log_pop":3.6903289168,"log_mass":5.8942424288},{"country_iso":"MMR","city_id":10224,"log_pop":3.7725326484,"log_mass":5.9952437402},{"country_iso":"MMR","city_id":10224,"log_pop":4.0068912937,"log_mass":6.1338845486},{"country_iso":"MMR","city_id":10224,"log_pop":3.4348468581,"log_mass":5.6834521755},{"country_iso":"MMR","city_id":10224,"log_pop":4.1023831505,"log_mass":6.327402748},{"country_iso":"MMR","city_id":10224,"log_pop":1.9310507757,"log_mass":4.6353933894},{"country_iso":"MMR","city_id":10224,"log_pop":4.4042675266,"log_mass":6.5050356166},{"country_iso":"MMR","city_id":10224,"log_pop":1.4856527686,"log_mass":4.426732981},{"country_iso":"MMR","city_id":10224,"log_pop":2.2550454661,"log_mass":4.8996993327},{"country_iso":"MMR","city_id":10224,"log_pop":1.1087507458,"log_mass":3.8458671691},{"country_iso":"MMR","city_id":10224,"log_pop":3.6324638924,"log_mass":5.9473708984},{"country_iso":"MMR","city_id":10224,"log_pop":2.987748926,"log_mass":5.4862239122},{"country_iso":"MMR","city_id":10224,"log_pop":3.1797823509,"log_mass":5.4479975423},{"country_iso":"MMR","city_id":10224,"log_pop":0.5643067668,"log_mass":3.4644895084},{"country_iso":"MMR","city_id":10177,"log_pop":1.5867209029,"log_mass":3.8122767468},{"country_iso":"MMR","city_id":10177,"log_pop":2.1409139713,"log_mass":4.5984227394},{"country_iso":"MMR","city_id":10177,"log_pop":4.3562802521,"log_mass":6.342509597},{"country_iso":"MMR","city_id":10177,"log_pop":2.8912515689,"log_mass":5.0442032426},{"country_iso":"MMR","city_id":10177,"log_pop":3.7961164411,"log_mass":5.8605205153},{"country_iso":"MMR","city_id":10177,"log_pop":2.8606449937,"log_mass":4.8290733621},{"country_iso":"MMR","city_id":10177,"log_pop":2.1176233934,"log_mass":4.4079790799},{"country_iso":"MMR","city_id":10177,"log_pop":3.0690475941,"log_mass":5.3568459782},{"country_iso":"MMR","city_id":10177,"log_pop":3.6978838292,"log_mass":5.8134348258},{"country_iso":"MMR","city_id":10177,"log_pop":0.6408418449,"log_mass":3.1808746376},{"country_iso":"MMR","city_id":10177,"log_pop":2.931937824,"log_mass":5.2895218989},{"country_iso":"MMR","city_id":10177,"log_pop":2.0125884552,"log_mass":4.2781770165},{"country_iso":"MMR","city_id":10177,"log_pop":1.1198729156,"log_mass":3.7439376341},{"country_iso":"MMR","city_id":10177,"log_pop":3.1195781868,"log_mass":5.4310981581},{"country_iso":"MMR","city_id":10177,"log_pop":1.61537209,"log_mass":4.0644735893},{"country_iso":"MMR","city_id":10200,"log_pop":2.5114277365,"log_mass":5.013475327},{"country_iso":"MMR","city_id":10200,"log_pop":1.9364483428,"log_mass":4.4999534343},{"country_iso":"MMR","city_id":10200,"log_pop":1.8553802627,"log_mass":4.150850845},{"country_iso":"MMR","city_id":10200,"log_pop":3.4808808816,"log_mass":5.7124251174},{"country_iso":"MMR","city_id":10200,"log_pop":3.4325589386,"log_mass":5.6558686338},{"country_iso":"MMR","city_id":10200,"log_pop":3.0787226944,"log_mass":5.3001858255},{"country_iso":"MMR","city_id":10200,"log_pop":3.4564612477,"log_mass":5.8386071211},{"country_iso":"MMR","city_id":10200,"log_pop":2.9721553494,"log_mass":5.61124356},{"country_iso":"MMR","city_id":10200,"log_pop":4.05465779,"log_mass":6.2779824647},{"country_iso":"MMR","city_id":10200,"log_pop":3.5970947665,"log_mass":5.8962515582},{"country_iso":"MMR","city_id":10200,"log_pop":2.1468260967,"log_mass":4.4444009949},{"country_iso":"MMR","city_id":10200,"log_pop":2.6272745772,"log_mass":4.9955521338},{"country_iso":"MMR","city_id":10200,"log_pop":4.0444048448,"log_mass":6.1915157422},{"country_iso":"MMR","city_id":10200,"log_pop":3.1972513422,"log_mass":5.5480029992},{"country_iso":"MMR","city_id":10170,"log_pop":3.5411068419,"log_mass":5.8703358657},{"country_iso":"MMR","city_id":10170,"log_pop":2.6023047865,"log_mass":5.1417523823},{"country_iso":"MMR","city_id":10170,"log_pop":3.9149298424,"log_mass":6.2449805686},{"country_iso":"MMR","city_id":10170,"log_pop":3.2800095375,"log_mass":5.9166925679},{"country_iso":"MMR","city_id":10170,"log_pop":1.3385545527,"log_mass":4.1922390656},{"country_iso":"MMR","city_id":10170,"log_pop":2.2148573379,"log_mass":5.0013329721},{"country_iso":"MMR","city_id":10170,"log_pop":3.6522019766,"log_mass":6.0169046591},{"country_iso":"MMR","city_id":10170,"log_pop":1.1769474595,"log_mass":4.1863970132},{"country_iso":"MMR","city_id":10170,"log_pop":2.5891041011,"log_mass":5.0845071928},{"country_iso":"MMR","city_id":10170,"log_pop":3.1845657486,"log_mass":5.7462317831},{"country_iso":"MMR","city_id":10170,"log_pop":2.0984557169,"log_mass":5.2569616862},{"country_iso":"MMR","city_id":10170,"log_pop":1.1841605639,"log_mass":4.2586285051},{"country_iso":"MMR","city_id":10170,"log_pop":1.4012937856,"log_mass":4.0105383219},{"country_iso":"MMR","city_id":10170,"log_pop":2.4990460776,"log_mass":5.074777488},{"country_iso":"MMR","city_id":10231,"log_pop":0.9141408469,"log_mass":3.4836223747},{"country_iso":"MMR","city_id":10231,"log_pop":0.9516305318,"log_mass":4.1021823333},{"country_iso":"MMR","city_id":10231,"log_pop":3.3185097003,"log_mass":5.605276951},{"country_iso":"MMR","city_id":10231,"log_pop":0.3602963027,"log_mass":3.426723424},{"country_iso":"MMR","city_id":10231,"log_pop":1.9289837284,"log_mass":4.3895192574},{"country_iso":"MMR","city_id":10231,"log_pop":1.6926326869,"log_mass":3.8255932253},{"country_iso":"MMR","city_id":10231,"log_pop":4.2371968617,"log_mass":6.3806643539},{"country_iso":"MMR","city_id":10231,"log_pop":2.2918469914,"log_mass":4.6947742224},{"country_iso":"MMR","city_id":10231,"log_pop":2.4444073254,"log_mass":4.7409488317},{"country_iso":"MMR","city_id":10231,"log_pop":1.2731527821,"log_mass":3.4177403117},{"country_iso":"MMR","city_id":10231,"log_pop":3.7819916887,"log_mass":5.9474144223},{"country_iso":"MMR","city_id":10231,"log_pop":2.2474469664,"log_mass":4.5684393032},{"country_iso":"MMR","city_id":10231,"log_pop":3.3776229481,"log_mass":5.6768239509},{"country_iso":"MMR","city_id":10263,"log_pop":2.1591975809,"log_mass":4.579244556},{"country_iso":"MMR","city_id":10263,"log_pop":2.7783646525,"log_mass":5.0378598286},{"country_iso":"MMR","city_id":10263,"log_pop":1.3381687048,"log_mass":3.5891215108},{"country_iso":"MMR","city_id":10263,"log_pop":3.6235373884,"log_mass":5.9127447319},{"country_iso":"MMR","city_id":10263,"log_pop":3.3834137148,"log_mass":5.4754509353},{"country_iso":"MMR","city_id":10263,"log_pop":3.0439921976,"log_mass":5.3988863003},{"country_iso":"MMR","city_id":10263,"log_pop":3.2197398136,"log_mass":5.5526445019},{"country_iso":"MMR","city_id":10263,"log_pop":4.0839617235,"log_mass":6.2206371542},{"country_iso":"MMR","city_id":10263,"log_pop":4.2223256391,"log_mass":6.3772824394},{"country_iso":"MMR","city_id":10263,"log_pop":1.5414317903,"log_mass":4.0036664326},{"country_iso":"MMR","city_id":10263,"log_pop":2.3930280548,"log_mass":4.7377561786},{"country_iso":"MMR","city_id":10263,"log_pop":2.1648189888,"log_mass":4.6986995382},{"country_iso":"MMR","city_id":10263,"log_pop":3.7526575258,"log_mass":5.7677254838},{"country_iso":"MMR","city_id":10337,"log_pop":3.8177859776,"log_mass":6.1152748469},{"country_iso":"MMR","city_id":10337,"log_pop":1.5683385483,"log_mass":4.0680426377},{"country_iso":"MMR","city_id":10337,"log_pop":3.41024169,"log_mass":5.8642366284},{"country_iso":"MMR","city_id":10337,"log_pop":2.0954357282,"log_mass":5.1628639234},{"country_iso":"MMR","city_id":10337,"log_pop":2.9753782198,"log_mass":5.2872302911},{"country_iso":"MMR","city_id":10337,"log_pop":2.5727957532,"log_mass":5.2542270139},{"country_iso":"MMR","city_id":10337,"log_pop":2.3080864918,"log_mass":4.8775343328},{"country_iso":"MMR","city_id":10337,"log_pop":2.5244086559,"log_mass":5.1941519575},{"country_iso":"MMR","city_id":10337,"log_pop":2.0462020522,"log_mass":4.6422264932},{"country_iso":"MMR","city_id":10337,"log_pop":3.5425928055,"log_mass":5.9390600223},{"country_iso":"MMR","city_id":10337,"log_pop":1.5651229661,"log_mass":4.4124381568},{"country_iso":"MMR","city_id":10337,"log_pop":1.8345137646,"log_mass":4.5125514535},{"country_iso":"MMR","city_id":10337,"log_pop":1.1835417559,"log_mass":3.8474517556},{"country_iso":"MMR","city_id":10217,"log_pop":2.1881636083,"log_mass":4.8089028584},{"country_iso":"MMR","city_id":10217,"log_pop":0.8138462962,"log_mass":3.4542212654},{"country_iso":"MMR","city_id":10217,"log_pop":3.9336673333,"log_mass":6.2251262447},{"country_iso":"MMR","city_id":10217,"log_pop":2.7203108008,"log_mass":5.5415719041},{"country_iso":"MMR","city_id":10217,"log_pop":3.745269007,"log_mass":5.9366114603},{"country_iso":"MMR","city_id":10217,"log_pop":3.8200405923,"log_mass":6.2063251592},{"country_iso":"MMR","city_id":10217,"log_pop":3.9753500401,"log_mass":6.3571189831},{"country_iso":"MMR","city_id":10217,"log_pop":4.0479478176,"log_mass":6.3725036672},{"country_iso":"MMR","city_id":10217,"log_pop":3.9646724568,"log_mass":6.1837550295},{"country_iso":"MMR","city_id":10217,"log_pop":3.1753922716,"log_mass":5.8312175647},{"country_iso":"MMR","city_id":10217,"log_pop":2.917452998,"log_mass":5.2011107107},{"country_iso":"MMR","city_id":10217,"log_pop":2.2678460489,"log_mass":4.6621944753},{"country_iso":"MMR","city_id":10217,"log_pop":1.2625361723,"log_mass":3.8890681352},{"country_iso":"MMR","city_id":10407,"log_pop":3.9202014461,"log_mass":6.3584218331},{"country_iso":"MMR","city_id":10407,"log_pop":3.5594648124,"log_mass":5.9741522249},{"country_iso":"MMR","city_id":10407,"log_pop":3.8733438516,"log_mass":6.4830167917},{"country_iso":"MMR","city_id":10407,"log_pop":2.5832648819,"log_mass":5.2286679482},{"country_iso":"MMR","city_id":10407,"log_pop":4.0338574322,"log_mass":6.4457445491},{"country_iso":"MMR","city_id":10407,"log_pop":3.3699852988,"log_mass":5.7878353093},{"country_iso":"MMR","city_id":10407,"log_pop":3.6550988461,"log_mass":6.0648366404},{"country_iso":"MMR","city_id":10407,"log_pop":1.0514991791,"log_mass":4.4823713046},{"country_iso":"MMR","city_id":10407,"log_pop":3.1406472985,"log_mass":5.6122509396},{"country_iso":"MMR","city_id":10407,"log_pop":2.8262678037,"log_mass":5.4183636181},{"country_iso":"MMR","city_id":10407,"log_pop":3.4683693391,"log_mass":5.9810239417},{"country_iso":"MMR","city_id":10407,"log_pop":1.8087256213,"log_mass":4.5729846213},{"country_iso":"MMR","city_id":10347,"log_pop":3.7503636574,"log_mass":5.7574678287},{"country_iso":"MMR","city_id":10347,"log_pop":3.3386002543,"log_mass":5.4912477621},{"country_iso":"MMR","city_id":10347,"log_pop":4.2325757119,"log_mass":6.1287210212},{"country_iso":"MMR","city_id":10347,"log_pop":4.4724105464,"log_mass":6.412118091},{"country_iso":"MMR","city_id":10347,"log_pop":2.522852785,"log_mass":4.8815184555},{"country_iso":"MMR","city_id":10347,"log_pop":3.9075377554,"log_mass":5.9480901278},{"country_iso":"MMR","city_id":10347,"log_pop":3.4859379259,"log_mass":5.4616893127},{"country_iso":"MMR","city_id":10347,"log_pop":3.3253497701,"log_mass":5.5293615091},{"country_iso":"MMR","city_id":10347,"log_pop":3.6688349557,"log_mass":5.6572725445},{"country_iso":"MMR","city_id":10347,"log_pop":3.7858095227,"log_mass":5.7987080082},{"country_iso":"MMR","city_id":10347,"log_pop":1.0338477132,"log_mass":3.4869280048},{"country_iso":"MMR","city_id":10347,"log_pop":-0.353412889,"log_mass":2.0737873746},{"country_iso":"MMR","city_id":10121,"log_pop":2.88028473,"log_mass":5.2398765371},{"country_iso":"MMR","city_id":10121,"log_pop":2.0053694331,"log_mass":4.8731760005},{"country_iso":"MMR","city_id":10121,"log_pop":3.4316154113,"log_mass":5.4743220199},{"country_iso":"MMR","city_id":10121,"log_pop":3.0983968233,"log_mass":5.3066083557},{"country_iso":"MMR","city_id":10121,"log_pop":3.7840469578,"log_mass":5.8355932275},{"country_iso":"MMR","city_id":10121,"log_pop":2.1310629295,"log_mass":4.5598768468},{"country_iso":"MMR","city_id":10121,"log_pop":4.4839745433,"log_mass":6.5005162798},{"country_iso":"MMR","city_id":10121,"log_pop":3.3442662894,"log_mass":5.8967323112},{"country_iso":"MMR","city_id":10121,"log_pop":2.7979655953,"log_mass":4.9797581327},{"country_iso":"MMR","city_id":10121,"log_pop":3.6840644534,"log_mass":5.8815468317},{"country_iso":"MMR","city_id":10121,"log_pop":1.2714139049,"log_mass":4.7254929346},{"country_iso":"MMR","city_id":10165,"log_pop":2.3497496847,"log_mass":4.7483770486},{"country_iso":"MMR","city_id":10165,"log_pop":2.3100556745,"log_mass":4.584730728},{"country_iso":"MMR","city_id":10165,"log_pop":3.5756437841,"log_mass":5.7382618309},{"country_iso":"MMR","city_id":10165,"log_pop":3.2673836666,"log_mass":5.567752098},{"country_iso":"MMR","city_id":10165,"log_pop":2.9144762029,"log_mass":4.9693902096},{"country_iso":"MMR","city_id":10165,"log_pop":2.8672743783,"log_mass":5.5621750256},{"country_iso":"MMR","city_id":10165,"log_pop":-1.2873104505,"log_mass":3.71198754},{"country_iso":"MMR","city_id":10165,"log_pop":2.1483201134,"log_mass":4.6194306955},{"country_iso":"MMR","city_id":10165,"log_pop":4.0495946745,"log_mass":6.2317741405},{"country_iso":"MMR","city_id":10165,"log_pop":2.0070621865,"log_mass":4.412743668},{"country_iso":"MMR","city_id":10550,"log_pop":3.390891502,"log_mass":5.6992195723},{"country_iso":"MMR","city_id":10550,"log_pop":1.2549579608,"log_mass":4.5604843872},{"country_iso":"MMR","city_id":10550,"log_pop":4.039937015,"log_mass":6.1698324017},{"country_iso":"MMR","city_id":10550,"log_pop":4.4471385607,"log_mass":6.4199825173},{"country_iso":"MMR","city_id":10550,"log_pop":3.8216159518,"log_mass":5.9144525536},{"country_iso":"MMR","city_id":10550,"log_pop":1.6964420976,"log_mass":4.0440347865},{"country_iso":"MMR","city_id":10550,"log_pop":2.8039047738,"log_mass":5.3256630563},{"country_iso":"MMR","city_id":10550,"log_pop":3.2701850826,"log_mass":5.4234477641},{"country_iso":"MMR","city_id":10550,"log_pop":1.841304867,"log_mass":4.5408074351},{"country_iso":"MMR","city_id":10189,"log_pop":1.6571694872,"log_mass":4.4706949447},{"country_iso":"MMR","city_id":10189,"log_pop":1.8547478903,"log_mass":4.846414068},{"country_iso":"MMR","city_id":10189,"log_pop":1.3137408806,"log_mass":4.3209073139},{"country_iso":"MMR","city_id":10189,"log_pop":3.0919308588,"log_mass":5.6136210655},{"country_iso":"MMR","city_id":10189,"log_pop":1.0087719026,"log_mass":3.9138272563},{"country_iso":"MMR","city_id":10189,"log_pop":2.2092710981,"log_mass":4.9022006221},{"country_iso":"MMR","city_id":10189,"log_pop":1.7273960466,"log_mass":4.6064542838},{"country_iso":"MMR","city_id":10189,"log_pop":4.089081851,"log_mass":6.3097165481},{"country_iso":"MMR","city_id":10189,"log_pop":1.7481066409,"log_mass":4.454985146},{"country_iso":"MMR","city_id":10135,"log_pop":3.8586997871,"log_mass":5.9270792037},{"country_iso":"MMR","city_id":10135,"log_pop":3.3861260651,"log_mass":5.49732424},{"country_iso":"MMR","city_id":10135,"log_pop":2.5109754208,"log_mass":4.8710685178},{"country_iso":"MMR","city_id":10135,"log_pop":3.9437330905,"log_mass":6.0347214066},{"country_iso":"MMR","city_id":10135,"log_pop":2.6089467309,"log_mass":4.6786858855},{"country_iso":"MMR","city_id":10135,"log_pop":1.3321444439,"log_mass":4.2917370192},{"country_iso":"MMR","city_id":10135,"log_pop":2.1458638168,"log_mass":4.8910802018},{"country_iso":"MMR","city_id":10135,"log_pop":2.6903381948,"log_mass":5.0586960505},{"country_iso":"MMR","city_id":10135,"log_pop":1.3826897267,"log_mass":3.6925206138},{"country_iso":"MMR","city_id":10142,"log_pop":2.3599325839,"log_mass":4.3672446942},{"country_iso":"MMR","city_id":10142,"log_pop":3.7878602149,"log_mass":5.9246549138},{"country_iso":"MMR","city_id":10142,"log_pop":1.3016618794,"log_mass":3.4744682954},{"country_iso":"MMR","city_id":10142,"log_pop":3.0859409007,"log_mass":5.5046658383},{"country_iso":"MMR","city_id":10142,"log_pop":2.7186951341,"log_mass":4.9976601155},{"country_iso":"MMR","city_id":10142,"log_pop":3.0659526861,"log_mass":5.3222783956},{"country_iso":"MMR","city_id":10142,"log_pop":3.9086265099,"log_mass":6.058571921},{"country_iso":"MMR","city_id":10142,"log_pop":1.2585030635,"log_mass":3.9692700339},{"country_iso":"MMR","city_id":10257,"log_pop":1.878078662,"log_mass":4.5783570595},{"country_iso":"MMR","city_id":10257,"log_pop":2.1338872824,"log_mass":4.5181723507},{"country_iso":"MMR","city_id":10257,"log_pop":3.9833358705,"log_mass":6.2988290183},{"country_iso":"MMR","city_id":10257,"log_pop":3.0191701895,"log_mass":5.4119194817},{"country_iso":"MMR","city_id":10257,"log_pop":2.4623015869,"log_mass":5.0398016778},{"country_iso":"MMR","city_id":10257,"log_pop":1.7079804334,"log_mass":4.4698429855},{"country_iso":"MMR","city_id":10257,"log_pop":3.3557226934,"log_mass":5.7658736699},{"country_iso":"MMR","city_id":10257,"log_pop":3.6804490763,"log_mass":6.0509414082},{"country_iso":"MMR","city_id":10171,"log_pop":3.9469718671,"log_mass":5.9655126263},{"country_iso":"MMR","city_id":10171,"log_pop":4.0482616841,"log_mass":6.1915791214},{"country_iso":"MMR","city_id":10171,"log_pop":2.5361863846,"log_mass":4.7357264927},{"country_iso":"MMR","city_id":10171,"log_pop":2.6137887295,"log_mass":5.0680644231},{"country_iso":"MMR","city_id":10171,"log_pop":4.0986873771,"log_mass":6.2607781375},{"country_iso":"MMR","city_id":10171,"log_pop":2.0708236281,"log_mass":4.4637336499},{"country_iso":"MMR","city_id":10171,"log_pop":1.7528136817,"log_mass":4.1525044173},{"country_iso":"MMR","city_id":10171,"log_pop":3.4197763969,"log_mass":5.7927967673},{"country_iso":"MMR","city_id":10403,"log_pop":3.6900450787,"log_mass":5.9939126879},{"country_iso":"MMR","city_id":10403,"log_pop":2.5106260179,"log_mass":5.012553743},{"country_iso":"MMR","city_id":10403,"log_pop":3.5380354204,"log_mass":5.765053809},{"country_iso":"MMR","city_id":10403,"log_pop":2.1737705918,"log_mass":4.6147975557},{"country_iso":"MMR","city_id":10403,"log_pop":0.6896878913,"log_mass":3.5809329425},{"country_iso":"MMR","city_id":10403,"log_pop":3.179320171,"log_mass":5.746803237},{"country_iso":"MMR","city_id":10403,"log_pop":4.1478116076,"log_mass":6.3003100626},{"country_iso":"MMR","city_id":10317,"log_pop":1.3099127827,"log_mass":3.7179751546},{"country_iso":"MMR","city_id":10317,"log_pop":1.6807221599,"log_mass":4.3187652419},{"country_iso":"MMR","city_id":10317,"log_pop":3.8705074719,"log_mass":6.0163240095},{"country_iso":"MMR","city_id":10317,"log_pop":1.6775652669,"log_mass":4.1589814699},{"country_iso":"MMR","city_id":10317,"log_pop":0.9479208164,"log_mass":3.6407516609},{"country_iso":"MMR","city_id":10317,"log_pop":0.651323731,"log_mass":3.3891803032},{"country_iso":"MMR","city_id":10317,"log_pop":3.2860545797,"log_mass":5.6661987938},{"country_iso":"MMR","city_id":10203,"log_pop":2.2694086713,"log_mass":4.5136970742},{"country_iso":"MMR","city_id":10203,"log_pop":3.8283639406,"log_mass":6.06296024},{"country_iso":"MMR","city_id":10203,"log_pop":3.4984214799,"log_mass":5.7866439786},{"country_iso":"MMR","city_id":10203,"log_pop":1.8262094436,"log_mass":4.2974314624},{"country_iso":"MMR","city_id":10203,"log_pop":2.177311685,"log_mass":4.7261197998},{"country_iso":"MMR","city_id":10203,"log_pop":3.6667861161,"log_mass":6.0018969584},{"country_iso":"MMR","city_id":10203,"log_pop":2.2118112403,"log_mass":4.6710882537},{"country_iso":"MMR","city_id":10360,"log_pop":0.9554753763,"log_mass":4.0678609657},{"country_iso":"MMR","city_id":10360,"log_pop":2.7201625381,"log_mass":5.3645358762},{"country_iso":"MMR","city_id":10360,"log_pop":1.796901838,"log_mass":4.5711765224},{"country_iso":"MMR","city_id":10360,"log_pop":4.0085802838,"log_mass":6.2884246137},{"country_iso":"MMR","city_id":10360,"log_pop":3.6424773375,"log_mass":6.1274783384},{"country_iso":"MMR","city_id":10360,"log_pop":2.058511979,"log_mass":5.0769877443},{"country_iso":"MMR","city_id":10360,"log_pop":2.5089943759,"log_mass":5.3659510625},{"country_iso":"MMR","city_id":10163,"log_pop":3.2790228657,"log_mass":5.8277508062},{"country_iso":"MMR","city_id":10163,"log_pop":2.8207647603,"log_mass":5.1765264867},{"country_iso":"MMR","city_id":10163,"log_pop":1.7751754387,"log_mass":4.3765830405},{"country_iso":"MMR","city_id":10163,"log_pop":2.8199334497,"log_mass":5.6074544858},{"country_iso":"MMR","city_id":10163,"log_pop":1.5973161467,"log_mass":4.2272627277},{"country_iso":"MMR","city_id":10163,"log_pop":3.5080844785,"log_mass":5.6610660613},{"country_iso":"MMR","city_id":10239,"log_pop":2.2003097308,"log_mass":4.8788019521},{"country_iso":"MMR","city_id":10239,"log_pop":3.0156782749,"log_mass":5.5961459038},{"country_iso":"MMR","city_id":10239,"log_pop":1.035429065,"log_mass":3.5525513246},{"country_iso":"MMR","city_id":10239,"log_pop":2.8636367825,"log_mass":5.6213330002},{"country_iso":"MMR","city_id":10239,"log_pop":0.6674856996,"log_mass":3.7712291152},{"country_iso":"MMR","city_id":10239,"log_pop":2.4447904251,"log_mass":5.2193433578},{"country_iso":"MMR","city_id":10357,"log_pop":0.6435698878,"log_mass":3.5319496938},{"country_iso":"MMR","city_id":10357,"log_pop":2.8678642143,"log_mass":5.1048516292},{"country_iso":"MMR","city_id":10357,"log_pop":2.0269214904,"log_mass":4.4672195239},{"country_iso":"MMR","city_id":10357,"log_pop":1.3484502847,"log_mass":3.5039180033},{"country_iso":"MMR","city_id":10357,"log_pop":2.9656204152,"log_mass":5.4136710962},{"country_iso":"MMR","city_id":10357,"log_pop":3.677425458,"log_mass":5.893236326},{"country_iso":"MMR","city_id":10245,"log_pop":2.9595930487,"log_mass":5.035429785},{"country_iso":"MMR","city_id":10245,"log_pop":2.0878645573,"log_mass":4.4980545905},{"country_iso":"MMR","city_id":10245,"log_pop":3.0847635634,"log_mass":5.2025765858},{"country_iso":"MMR","city_id":10245,"log_pop":2.0398416872,"log_mass":4.3964877988},{"country_iso":"MMR","city_id":10245,"log_pop":3.1692810315,"log_mass":5.3502293463},{"country_iso":"MMR","city_id":10245,"log_pop":2.7076408599,"log_mass":4.8541219327},{"country_iso":"MMR","city_id":10166,"log_pop":1.3890713525,"log_mass":4.417648344},{"country_iso":"MMR","city_id":10166,"log_pop":2.1657188043,"log_mass":4.5320929688},{"country_iso":"MMR","city_id":10166,"log_pop":0.656298015,"log_mass":3.8064241431},{"country_iso":"MMR","city_id":10166,"log_pop":2.2554009913,"log_mass":4.6550489887},{"country_iso":"MMR","city_id":10166,"log_pop":1.1008064298,"log_mass":3.7657544551},{"country_iso":"MMR","city_id":10166,"log_pop":3.8505096016,"log_mass":6.0589089406},{"country_iso":"MMR","city_id":10218,"log_pop":1.7971273725,"log_mass":4.6064238053},{"country_iso":"MMR","city_id":10218,"log_pop":1.9637424647,"log_mass":4.7103791548},{"country_iso":"MMR","city_id":10218,"log_pop":3.2981707529,"log_mass":5.7999671481},{"country_iso":"MMR","city_id":10218,"log_pop":2.0532056728,"log_mass":4.5073123007},{"country_iso":"MMR","city_id":10218,"log_pop":0.8762700143,"log_mass":3.746105337},{"country_iso":"MMR","city_id":10218,"log_pop":0.7281002791,"log_mass":3.6454022716},{"country_iso":"MMR","city_id":10197,"log_pop":1.7988273886,"log_mass":4.4903579656},{"country_iso":"MMR","city_id":10197,"log_pop":1.7865100884,"log_mass":4.6614516713},{"country_iso":"MMR","city_id":10197,"log_pop":3.0825383082,"log_mass":5.267927613},{"country_iso":"MMR","city_id":10197,"log_pop":3.8027184603,"log_mass":6.0105200363},{"country_iso":"MMR","city_id":10197,"log_pop":3.0300491672,"log_mass":5.0365120799},{"country_iso":"MMR","city_id":10197,"log_pop":1.4985575524,"log_mass":4.6384769732},{"country_iso":"MMR","city_id":10261,"log_pop":2.529427522,"log_mass":4.6238786287},{"country_iso":"MMR","city_id":10261,"log_pop":1.8349463191,"log_mass":4.0552312845},{"country_iso":"MMR","city_id":10261,"log_pop":3.7234530955,"log_mass":5.9523683354},{"country_iso":"MMR","city_id":10261,"log_pop":3.9512498691,"log_mass":5.9642297631},{"country_iso":"MMR","city_id":10261,"log_pop":2.50651843,"log_mass":5.0814888376},{"country_iso":"MMR","city_id":10261,"log_pop":4.0590365103,"log_mass":6.1409596374},{"country_iso":"MMR","city_id":10131,"log_pop":2.6510891174,"log_mass":4.788943091},{"country_iso":"MMR","city_id":10131,"log_pop":2.3622188729,"log_mass":4.9036911359},{"country_iso":"MMR","city_id":10131,"log_pop":4.0878352702,"log_mass":6.2941590987},{"country_iso":"MMR","city_id":10131,"log_pop":1.45490313,"log_mass":3.4787951291},{"country_iso":"MMR","city_id":10131,"log_pop":2.9817863212,"log_mass":5.5554864685},{"country_iso":"MMR","city_id":10131,"log_pop":3.5832728209,"log_mass":5.8809990249},{"country_iso":"MMR","city_id":10610,"log_pop":0.5203720372,"log_mass":3.1515749369},{"country_iso":"MMR","city_id":10610,"log_pop":3.4385250649,"log_mass":5.8031767311},{"country_iso":"MMR","city_id":10610,"log_pop":3.4036457762,"log_mass":5.7780813163},{"country_iso":"MMR","city_id":10610,"log_pop":2.9387848281,"log_mass":5.501683714},{"country_iso":"MMR","city_id":10610,"log_pop":0.718718851,"log_mass":3.07514173},{"country_iso":"MMR","city_id":10610,"log_pop":2.3645073829,"log_mass":4.8983334748},{"country_iso":"MMR","city_id":10184,"log_pop":3.2399646465,"log_mass":5.9450249785},{"country_iso":"MMR","city_id":10184,"log_pop":3.1895201282,"log_mass":5.5788662509},{"country_iso":"MMR","city_id":10184,"log_pop":2.1036976098,"log_mass":5.0640305708},{"country_iso":"MMR","city_id":10184,"log_pop":0.1110412029,"log_mass":3.2300495413},{"country_iso":"MMR","city_id":10184,"log_pop":3.5907870493,"log_mass":6.1459753066},{"country_iso":"MMR","city_id":10184,"log_pop":1.3194033519,"log_mass":4.2022133618},{"country_iso":"MMR","city_id":10104,"log_pop":3.9911129459,"log_mass":6.1483397373},{"country_iso":"MMR","city_id":10104,"log_pop":2.0469366952,"log_mass":4.7768227463},{"country_iso":"MMR","city_id":10104,"log_pop":2.8018506304,"log_mass":4.9114690399},{"country_iso":"MMR","city_id":10104,"log_pop":2.3446004214,"log_mass":4.6991223214},{"country_iso":"MMR","city_id":10104,"log_pop":3.0941320942,"log_mass":5.5315732303},{"country_iso":"MMR","city_id":10104,"log_pop":2.4136239867,"log_mass":4.6578871718},{"country_iso":"MMR","city_id":10158,"log_pop":2.5153229677,"log_mass":4.7701598823},{"country_iso":"MMR","city_id":10158,"log_pop":1.0153807291,"log_mass":4.5202339459},{"country_iso":"MMR","city_id":10158,"log_pop":1.5537303243,"log_mass":4.3538347565},{"country_iso":"MMR","city_id":10158,"log_pop":2.9058210619,"log_mass":5.3203454931},{"country_iso":"MMR","city_id":10158,"log_pop":2.4410823705,"log_mass":5.0045402307},{"country_iso":"MMR","city_id":10158,"log_pop":1.2851880788,"log_mass":3.9683101758},{"country_iso":"MMR","city_id":10238,"log_pop":3.1875086468,"log_mass":5.4956397585},{"country_iso":"MMR","city_id":10238,"log_pop":2.8371972281,"log_mass":5.3177476903},{"country_iso":"MMR","city_id":10238,"log_pop":3.6355465912,"log_mass":5.9688176971},{"country_iso":"MMR","city_id":10238,"log_pop":0.6652310817,"log_mass":3.5738657792},{"country_iso":"MMR","city_id":10238,"log_pop":1.5479482287,"log_mass":4.3097069134},{"country_iso":"MMR","city_id":10238,"log_pop":2.5217156672,"log_mass":4.8114763733},{"country_iso":"MMR","city_id":10365,"log_pop":1.3731849641,"log_mass":3.911215185},{"country_iso":"MMR","city_id":10365,"log_pop":1.294445437,"log_mass":3.7731806097},{"country_iso":"MMR","city_id":10365,"log_pop":2.503336857,"log_mass":4.9508503935},{"country_iso":"MMR","city_id":10365,"log_pop":3.3073326652,"log_mass":5.6757783811},{"country_iso":"MMR","city_id":10365,"log_pop":0.710990544,"log_mass":3.8400601307},{"country_iso":"MMR","city_id":10365,"log_pop":2.1478263727,"log_mass":4.7066807114},{"country_iso":"MMR","city_id":10452,"log_pop":2.3518031161,"log_mass":4.9906678325},{"country_iso":"MMR","city_id":10452,"log_pop":3.9476018361,"log_mass":6.093837567},{"country_iso":"MMR","city_id":10452,"log_pop":2.5468196906,"log_mass":4.9113685436},{"country_iso":"MMR","city_id":10452,"log_pop":1.9536915527,"log_mass":4.9261564932},{"country_iso":"MMR","city_id":10452,"log_pop":2.1999026426,"log_mass":4.6341801156},{"country_iso":"MMR","city_id":10221,"log_pop":2.5129102074,"log_mass":5.2443930629},{"country_iso":"MMR","city_id":10221,"log_pop":2.3707431724,"log_mass":4.9380358334},{"country_iso":"MMR","city_id":10221,"log_pop":2.6301176097,"log_mass":5.1789003065},{"country_iso":"MMR","city_id":10221,"log_pop":2.2205219911,"log_mass":4.8864124899},{"country_iso":"MMR","city_id":10221,"log_pop":1.5670866396,"log_mass":4.4069551005},{"country_iso":"MMR","city_id":10254,"log_pop":2.8445421561,"log_mass":5.035999555},{"country_iso":"MMR","city_id":10254,"log_pop":2.9034649312,"log_mass":5.0980109192},{"country_iso":"MMR","city_id":10254,"log_pop":3.5381584625,"log_mass":5.7198794855},{"country_iso":"MMR","city_id":10254,"log_pop":3.4434482603,"log_mass":5.7708131676},{"country_iso":"MMR","city_id":10254,"log_pop":0.9341751373,"log_mass":3.42122841},{"country_iso":"MMR","city_id":10222,"log_pop":1.7540510791,"log_mass":4.2835004187},{"country_iso":"MMR","city_id":10222,"log_pop":1.5541768401,"log_mass":4.1631011017},{"country_iso":"MMR","city_id":10222,"log_pop":1.8612172314,"log_mass":4.699754581},{"country_iso":"MMR","city_id":10222,"log_pop":3.7561578742,"log_mass":6.0186284931},{"country_iso":"MMR","city_id":10222,"log_pop":-0.6965876836,"log_mass":3.10220422},{"country_iso":"MMR","city_id":10219,"log_pop":1.9246147865,"log_mass":4.3265385212},{"country_iso":"MMR","city_id":10219,"log_pop":3.5098095994,"log_mass":5.8337766442},{"country_iso":"MMR","city_id":10219,"log_pop":2.961259596,"log_mass":5.2179248984},{"country_iso":"MMR","city_id":10219,"log_pop":0.86346335,"log_mass":3.4065618794},{"country_iso":"MMR","city_id":10219,"log_pop":1.5611813042,"log_mass":4.0718455754},{"country_iso":"MMR","city_id":10236,"log_pop":3.3994382036,"log_mass":5.5876161426},{"country_iso":"MMR","city_id":10236,"log_pop":-0.0391224183,"log_mass":3.4064122307},{"country_iso":"MMR","city_id":10236,"log_pop":1.3768234207,"log_mass":4.1041810903},{"country_iso":"MMR","city_id":10236,"log_pop":3.440418598,"log_mass":5.606551797},{"country_iso":"MMR","city_id":10236,"log_pop":-0.4647013238,"log_mass":2.5817594393},{"country_iso":"MMR","city_id":10143,"log_pop":2.5024881471,"log_mass":5.3479388682},{"country_iso":"MMR","city_id":10143,"log_pop":3.8883527724,"log_mass":6.0905223763},{"country_iso":"MMR","city_id":10143,"log_pop":2.8426622824,"log_mass":4.9126895824},{"country_iso":"MMR","city_id":10143,"log_pop":3.6153917167,"log_mass":6.0985697711},{"country_iso":"MMR","city_id":10143,"log_pop":2.4243231839,"log_mass":5.1165339592},{"country_iso":"MMR","city_id":10162,"log_pop":0.7117747302,"log_mass":3.4474570438},{"country_iso":"MMR","city_id":10162,"log_pop":3.1730541465,"log_mass":5.6397106765},{"country_iso":"MMR","city_id":10162,"log_pop":2.8933836351,"log_mass":5.3500557438},{"country_iso":"MMR","city_id":10162,"log_pop":2.7494519929,"log_mass":4.9701273107},{"country_iso":"MMR","city_id":10162,"log_pop":3.6073358725,"log_mass":5.8521372943},{"country_iso":"MMR","city_id":10159,"log_pop":2.4096427802,"log_mass":4.4146331454},{"country_iso":"MMR","city_id":10159,"log_pop":3.7814897735,"log_mass":5.7899262701},{"country_iso":"MMR","city_id":10159,"log_pop":3.1369466285,"log_mass":5.454498119},{"country_iso":"MMR","city_id":10159,"log_pop":3.5909442982,"log_mass":5.6989180275},{"country_iso":"MMR","city_id":10159,"log_pop":3.8263562671,"log_mass":5.7597047805},{"country_iso":"MMR","city_id":10242,"log_pop":1.0627010496,"log_mass":3.5747800632},{"country_iso":"MMR","city_id":10242,"log_pop":3.8431805557,"log_mass":6.0234230213},{"country_iso":"MMR","city_id":10242,"log_pop":1.4584812217,"log_mass":3.9062659654},{"country_iso":"MMR","city_id":10242,"log_pop":2.5285743549,"log_mass":4.8557540049},{"country_iso":"MMR","city_id":10242,"log_pop":2.9867489701,"log_mass":5.3454439018},{"country_iso":"MMR","city_id":10132,"log_pop":0.7546823887,"log_mass":3.2786606441},{"country_iso":"MMR","city_id":10132,"log_pop":2.5302012144,"log_mass":5.038403332},{"country_iso":"MMR","city_id":10132,"log_pop":2.9458051316,"log_mass":5.2659381724},{"country_iso":"MMR","city_id":10132,"log_pop":1.3000675479,"log_mass":4.1500127625},{"country_iso":"MMR","city_id":10132,"log_pop":0.6625169824,"log_mass":3.6487675874},{"country_iso":"MMR","city_id":10216,"log_pop":1.4294198081,"log_mass":4.0020628437},{"country_iso":"MMR","city_id":10216,"log_pop":1.8620957237,"log_mass":4.577412985},{"country_iso":"MMR","city_id":10216,"log_pop":3.4869430188,"log_mass":5.938851116},{"country_iso":"MMR","city_id":10216,"log_pop":2.4358362741,"log_mass":5.1734480704},{"country_iso":"MMR","city_id":10216,"log_pop":1.7272669303,"log_mass":3.8099176526},{"country_iso":"MMR","city_id":10164,"log_pop":3.4180075276,"log_mass":5.6489842966},{"country_iso":"MMR","city_id":10164,"log_pop":3.1768850325,"log_mass":5.3309240532},{"country_iso":"MMR","city_id":10164,"log_pop":3.997721193,"log_mass":6.0638719072},{"country_iso":"MMR","city_id":10164,"log_pop":1.1960316075,"log_mass":3.8297050925},{"country_iso":"MMR","city_id":10164,"log_pop":2.1807978313,"log_mass":4.2775054766},{"country_iso":"MMR","city_id":10191,"log_pop":2.9396400928,"log_mass":5.4613648246},{"country_iso":"MMR","city_id":10191,"log_pop":3.5779482186,"log_mass":5.8386820933},{"country_iso":"MMR","city_id":10191,"log_pop":3.1383978081,"log_mass":5.4646855649},{"country_iso":"MMR","city_id":10191,"log_pop":2.1288864625,"log_mass":4.7208118702},{"country_iso":"MMR","city_id":10191,"log_pop":2.8431759139,"log_mass":5.0408890876},{"country_iso":"MMR","city_id":10168,"log_pop":3.1233026295,"log_mass":5.3019361627},{"country_iso":"MMR","city_id":10168,"log_pop":3.0739641761,"log_mass":5.0027091092},{"country_iso":"MMR","city_id":10168,"log_pop":1.5189686342,"log_mass":3.818393006},{"country_iso":"MMR","city_id":10168,"log_pop":3.0538145174,"log_mass":5.3156081742},{"country_iso":"MMR","city_id":10168,"log_pop":3.2337407728,"log_mass":5.2271799676},{"country_iso":"MMR","city_id":10326,"log_pop":0.2698297093,"log_mass":3.5356339197},{"country_iso":"MMR","city_id":10326,"log_pop":3.2325862054,"log_mass":5.7423042307},{"country_iso":"MMR","city_id":10326,"log_pop":2.8722314255,"log_mass":5.50130718},{"country_iso":"MMR","city_id":10326,"log_pop":0.7110315911,"log_mass":3.5516704993},{"country_iso":"MMR","city_id":10326,"log_pop":-0.5085654441,"log_mass":2.5879598783},{"country_iso":"MMR","city_id":10209,"log_pop":2.0449308564,"log_mass":4.6288035129},{"country_iso":"MMR","city_id":10209,"log_pop":1.6972425194,"log_mass":4.4711845764},{"country_iso":"MMR","city_id":10209,"log_pop":3.2205865887,"log_mass":5.4739832514},{"country_iso":"MMR","city_id":10209,"log_pop":0.2442604781,"log_mass":3.2312076062},{"country_iso":"MMR","city_id":10209,"log_pop":1.7991858085,"log_mass":4.3442182525},{"country_iso":"MMR","city_id":10287,"log_pop":1.5546484747,"log_mass":3.9664669057},{"country_iso":"MMR","city_id":10287,"log_pop":3.7360783223,"log_mass":5.8931242829},{"country_iso":"MMR","city_id":10287,"log_pop":2.6678291274,"log_mass":4.9982955885},{"country_iso":"MMR","city_id":10287,"log_pop":2.00959008,"log_mass":4.4738049499},{"country_iso":"MMR","city_id":10287,"log_pop":1.4205108407,"log_mass":3.790682811},{"country_iso":"MMR","city_id":10210,"log_pop":3.6996476108,"log_mass":6.0393774574},{"country_iso":"MMR","city_id":10210,"log_pop":1.3983769122,"log_mass":3.8256034181},{"country_iso":"MMR","city_id":10210,"log_pop":3.0695268468,"log_mass":5.4546057883},{"country_iso":"MMR","city_id":10210,"log_pop":3.4150505929,"log_mass":5.7227461322},{"country_iso":"MMR","city_id":10210,"log_pop":1.5213867202,"log_mass":4.1252011077},{"country_iso":"MMR","city_id":10213,"log_pop":2.2441366591,"log_mass":4.7125998886},{"country_iso":"MMR","city_id":10213,"log_pop":3.1945445487,"log_mass":5.583785475},{"country_iso":"MMR","city_id":10213,"log_pop":2.9763239902,"log_mass":5.5493449975},{"country_iso":"MMR","city_id":10213,"log_pop":2.0098592191,"log_mass":4.5228147772},{"country_iso":"MMR","city_id":10213,"log_pop":1.6547602248,"log_mass":4.355628487},{"country_iso":"MMR","city_id":10176,"log_pop":1.3232583185,"log_mass":3.8644843411},{"country_iso":"MMR","city_id":10176,"log_pop":1.4261537821,"log_mass":3.9401692393},{"country_iso":"MMR","city_id":10176,"log_pop":2.4637547903,"log_mass":4.7294463302},{"country_iso":"MMR","city_id":10176,"log_pop":1.9312526387,"log_mass":4.3730838204},{"country_iso":"MMR","city_id":10176,"log_pop":4.0167467588,"log_mass":6.1513445972},{"country_iso":"MMR","city_id":10161,"log_pop":2.0297769752,"log_mass":4.3881550238},{"country_iso":"MMR","city_id":10161,"log_pop":3.3255302874,"log_mass":5.4754476139},{"country_iso":"MMR","city_id":10161,"log_pop":1.1524226477,"log_mass":3.8010299776},{"country_iso":"MMR","city_id":10161,"log_pop":3.5766262,"log_mass":5.6023785861},{"country_iso":"MMR","city_id":10161,"log_pop":2.7919762589,"log_mass":4.838120444},{"country_iso":"MMR","city_id":10226,"log_pop":0.6240981413,"log_mass":3.640032092},{"country_iso":"MMR","city_id":10226,"log_pop":2.2341398326,"log_mass":4.6046889214},{"country_iso":"MMR","city_id":10226,"log_pop":0.7427681491,"log_mass":3.53815},{"country_iso":"MMR","city_id":10226,"log_pop":2.3493905751,"log_mass":4.9481172611},{"country_iso":"MMR","city_id":10226,"log_pop":3.990732381,"log_mass":6.1568606719},{"country_iso":"MMR","city_id":10195,"log_pop":-0.3931823758,"log_mass":3.400095304},{"country_iso":"MMR","city_id":10195,"log_pop":3.326833891,"log_mass":5.4569073526},{"country_iso":"MMR","city_id":10195,"log_pop":1.1443531479,"log_mass":3.7963443342},{"country_iso":"MMR","city_id":10195,"log_pop":2.0563717892,"log_mass":4.4544521492},{"country_iso":"MMR","city_id":10195,"log_pop":0.6507647806,"log_mass":3.3985643971},{"country_iso":"MMR","city_id":10252,"log_pop":3.0264135672,"log_mass":5.4849318552},{"country_iso":"MMR","city_id":10252,"log_pop":3.279850545,"log_mass":5.738761579},{"country_iso":"MMR","city_id":10252,"log_pop":3.7867165804,"log_mass":6.3080557684},{"country_iso":"MMR","city_id":10252,"log_pop":0.546244845,"log_mass":4.1297392317},{"country_iso":"MMR","city_id":10252,"log_pop":3.2881641856,"log_mass":5.6292243869},{"country_iso":"MMR","city_id":10207,"log_pop":2.096343569,"log_mass":4.3370574928},{"country_iso":"MMR","city_id":10207,"log_pop":2.0591948818,"log_mass":4.5429976135},{"country_iso":"MMR","city_id":10207,"log_pop":2.5846594235,"log_mass":5.0020123205},{"country_iso":"MMR","city_id":10207,"log_pop":3.1145425033,"log_mass":5.4386988979},{"country_iso":"MMR","city_id":10202,"log_pop":2.1601137278,"log_mass":4.4335857049},{"country_iso":"MMR","city_id":10202,"log_pop":2.9083054975,"log_mass":5.2281366449},{"country_iso":"MMR","city_id":10202,"log_pop":2.7610982462,"log_mass":5.122840517},{"country_iso":"MMR","city_id":10202,"log_pop":0.8814383479,"log_mass":3.5272074937},{"country_iso":"MMR","city_id":10260,"log_pop":2.5617117788,"log_mass":5.116037373},{"country_iso":"MMR","city_id":10260,"log_pop":2.9852564635,"log_mass":5.3071211268},{"country_iso":"MMR","city_id":10260,"log_pop":2.6928492244,"log_mass":5.1695621547},{"country_iso":"MMR","city_id":10260,"log_pop":0.6211734917,"log_mass":3.5000349945},{"country_iso":"MMR","city_id":10172,"log_pop":3.608981178,"log_mass":5.8941492711},{"country_iso":"MMR","city_id":10172,"log_pop":2.0523989117,"log_mass":4.4166133702},{"country_iso":"MMR","city_id":10172,"log_pop":0.9021545782,"log_mass":4.1239330873},{"country_iso":"MMR","city_id":10172,"log_pop":2.5514758759,"log_mass":4.9001935055},{"country_iso":"MMR","city_id":10250,"log_pop":2.7619753289,"log_mass":5.0770093869},{"country_iso":"MMR","city_id":10250,"log_pop":1.7826983247,"log_mass":4.1379918084},{"country_iso":"MMR","city_id":10250,"log_pop":2.7433305824,"log_mass":5.1560400627},{"country_iso":"MMR","city_id":10250,"log_pop":3.83806363,"log_mass":6.0914524099},{"country_iso":"MMR","city_id":10201,"log_pop":2.2038953081,"log_mass":4.7442787775},{"country_iso":"MMR","city_id":10201,"log_pop":2.942378657,"log_mass":5.4667375607},{"country_iso":"MMR","city_id":10201,"log_pop":3.39400094,"log_mass":5.9122679845},{"country_iso":"MMR","city_id":10201,"log_pop":0.7304514812,"log_mass":3.8830568957},{"country_iso":"MMR","city_id":10267,"log_pop":1.663605677,"log_mass":4.2003368416},{"country_iso":"MMR","city_id":10267,"log_pop":1.5490076785,"log_mass":3.9130183444},{"country_iso":"MMR","city_id":10267,"log_pop":2.4461473834,"log_mass":4.7163491608},{"country_iso":"MMR","city_id":10267,"log_pop":3.8107598678,"log_mass":5.9124912},{"country_iso":"MMR","city_id":10380,"log_pop":1.6628260855,"log_mass":4.9283010363},{"country_iso":"MMR","city_id":10380,"log_pop":-0.2022774834,"log_mass":3.1450374713},{"country_iso":"MMR","city_id":10380,"log_pop":1.820099383,"log_mass":5.0418164532},{"country_iso":"MMR","city_id":10380,"log_pop":1.9159604465,"log_mass":5.2378229714},{"country_iso":"MMR","city_id":10431,"log_pop":3.253908202,"log_mass":5.9185653452},{"country_iso":"MMR","city_id":10431,"log_pop":0.7734857694,"log_mass":4.2291741334},{"country_iso":"MMR","city_id":10431,"log_pop":0.769698442,"log_mass":3.9937793442},{"country_iso":"MMR","city_id":10431,"log_pop":1.981877872,"log_mass":4.8816593853},{"country_iso":"MMR","city_id":10125,"log_pop":0.7918059664,"log_mass":3.7481502081},{"country_iso":"MMR","city_id":10125,"log_pop":2.9924379257,"log_mass":5.8346271354},{"country_iso":"MMR","city_id":10125,"log_pop":2.6218572425,"log_mass":5.4295727388},{"country_iso":"MMR","city_id":10125,"log_pop":2.8280970431,"log_mass":5.5730324456},{"country_iso":"MMR","city_id":10129,"log_pop":3.8055802989,"log_mass":6.0061132752},{"country_iso":"MMR","city_id":10129,"log_pop":2.6044721985,"log_mass":4.5898013803},{"country_iso":"MMR","city_id":10129,"log_pop":1.4467412714,"log_mass":3.5964565124},{"country_iso":"MMR","city_id":10129,"log_pop":3.0188403905,"log_mass":5.4141414186},{"country_iso":"MMR","city_id":10259,"log_pop":2.6319609527,"log_mass":5.4553012522},{"country_iso":"MMR","city_id":10259,"log_pop":3.1664434015,"log_mass":5.8386466775},{"country_iso":"MMR","city_id":10259,"log_pop":3.2077402583,"log_mass":5.8044417807},{"country_iso":"MMR","city_id":10259,"log_pop":1.4621447854,"log_mass":4.1947496189},{"country_iso":"MMR","city_id":10194,"log_pop":0.9835981636,"log_mass":3.2017236447},{"country_iso":"MMR","city_id":10194,"log_pop":1.7159248774,"log_mass":4.0068051211},{"country_iso":"MMR","city_id":10194,"log_pop":3.6616006185,"log_mass":5.7846736724},{"country_iso":"MMR","city_id":10194,"log_pop":3.0016562538,"log_mass":5.1779529851},{"country_iso":"MMR","city_id":10298,"log_pop":2.3776531799,"log_mass":5.0898426167},{"country_iso":"MMR","city_id":10298,"log_pop":2.3054517832,"log_mass":5.0202863633},{"country_iso":"MMR","city_id":10298,"log_pop":1.3211526122,"log_mass":4.006404054},{"country_iso":"MMR","city_id":10298,"log_pop":1.4393265116,"log_mass":4.0988303898},{"country_iso":"MMR","city_id":10304,"log_pop":0.5918398896,"log_mass":3.1637196232},{"country_iso":"MMR","city_id":10304,"log_pop":1.8333259363,"log_mass":4.7738174072},{"country_iso":"MMR","city_id":10304,"log_pop":2.7427146211,"log_mass":5.3312051989},{"country_iso":"MMR","city_id":10304,"log_pop":1.2675395172,"log_mass":3.6716070855},{"country_iso":"MMR","city_id":10206,"log_pop":3.0703860028,"log_mass":5.3704209007},{"country_iso":"MMR","city_id":10206,"log_pop":3.3513563912,"log_mass":5.702076436},{"country_iso":"MMR","city_id":10206,"log_pop":2.1895017335,"log_mass":4.6550477468},{"country_iso":"MMR","city_id":10206,"log_pop":1.7028245134,"log_mass":4.0251023779},{"country_iso":"MMR","city_id":10246,"log_pop":2.6715854733,"log_mass":4.987056211},{"country_iso":"MMR","city_id":10246,"log_pop":3.3424235059,"log_mass":5.6969692148},{"country_iso":"MMR","city_id":10246,"log_pop":3.1475241209,"log_mass":5.3504586118},{"country_iso":"MMR","city_id":10246,"log_pop":1.729480565,"log_mass":3.9081446548},{"country_iso":"MMR","city_id":10180,"log_pop":1.218902573,"log_mass":3.8701068666},{"country_iso":"MMR","city_id":10180,"log_pop":0.8605898839,"log_mass":3.5557365601},{"country_iso":"MMR","city_id":10180,"log_pop":3.6816187406,"log_mass":5.7953583717},{"country_iso":"MMR","city_id":10180,"log_pop":2.5807638683,"log_mass":4.8590856268},{"country_iso":"MMR","city_id":10199,"log_pop":0.9819286007,"log_mass":4.0923640771},{"country_iso":"MMR","city_id":10199,"log_pop":1.9588104254,"log_mass":4.6139118499},{"country_iso":"MMR","city_id":10199,"log_pop":3.3024327091,"log_mass":5.6025818081},{"country_iso":"MMR","city_id":10199,"log_pop":3.4188605576,"log_mass":5.8953827848},{"country_iso":"MMR","city_id":10167,"log_pop":3.2879129491,"log_mass":5.4760257252},{"country_iso":"MMR","city_id":10167,"log_pop":1.4654370393,"log_mass":4.2638655226},{"country_iso":"MMR","city_id":10167,"log_pop":2.6912271123,"log_mass":4.9255992155},{"country_iso":"MMR","city_id":10274,"log_pop":1.5260959557,"log_mass":4.3083291993},{"country_iso":"MMR","city_id":10274,"log_pop":1.165468028,"log_mass":4.0324520787},{"country_iso":"MMR","city_id":10274,"log_pop":2.8216849904,"log_mass":5.5322342545},{"country_iso":"MMR","city_id":10151,"log_pop":1.8964661542,"log_mass":4.4077274365},{"country_iso":"MMR","city_id":10151,"log_pop":2.5482172386,"log_mass":5.0921141793},{"country_iso":"MMR","city_id":10151,"log_pop":1.7509429095,"log_mass":4.1532418793},{"country_iso":"MMR","city_id":10183,"log_pop":1.9727239896,"log_mass":4.4432866385},{"country_iso":"MMR","city_id":10183,"log_pop":1.2166711742,"log_mass":3.8870798802},{"country_iso":"MMR","city_id":10183,"log_pop":3.2811180526,"log_mass":5.6579654113},{"country_iso":"MMR","city_id":10141,"log_pop":1.2366179732,"log_mass":4.9606493532},{"country_iso":"MMR","city_id":10141,"log_pop":0.2563729285,"log_mass":3.6353268601},{"country_iso":"MMR","city_id":10141,"log_pop":3.8862854483,"log_mass":5.9801045505},{"country_iso":"MMR","city_id":10277,"log_pop":3.7051690615,"log_mass":5.6668429795},{"country_iso":"MMR","city_id":10277,"log_pop":2.1256955227,"log_mass":4.2246674988},{"country_iso":"MMR","city_id":10277,"log_pop":2.8410798581,"log_mass":4.8301683351},{"country_iso":"MMR","city_id":10276,"log_pop":2.0391174972,"log_mass":4.0570108952},{"country_iso":"MMR","city_id":10276,"log_pop":1.2326501451,"log_mass":3.6105338795},{"country_iso":"MMR","city_id":10276,"log_pop":3.8798133181,"log_mass":5.9101947748},{"country_iso":"MMR","city_id":10249,"log_pop":0.4793042435,"log_mass":3.5278108592},{"country_iso":"MMR","city_id":10249,"log_pop":3.1803466889,"log_mass":5.467445853},{"country_iso":"MMR","city_id":10249,"log_pop":2.1355047747,"log_mass":4.7742720302},{"country_iso":"MMR","city_id":10108,"log_pop":1.9578923383,"log_mass":4.8804365081},{"country_iso":"MMR","city_id":10108,"log_pop":1.8033319457,"log_mass":4.6025878729},{"country_iso":"MMR","city_id":10108,"log_pop":0.9803656023,"log_mass":3.8888232391},{"country_iso":"MMR","city_id":10113,"log_pop":1.7946531615,"log_mass":4.2978031326},{"country_iso":"MMR","city_id":10113,"log_pop":1.6051932887,"log_mass":3.7776241832},{"country_iso":"MMR","city_id":10113,"log_pop":2.9626286312,"log_mass":4.9462121058},{"country_iso":"MMR","city_id":10388,"log_pop":3.1977177564,"log_mass":5.6159634563},{"country_iso":"MMR","city_id":10388,"log_pop":2.4791655563,"log_mass":4.9141649149},{"country_iso":"MMR","city_id":10388,"log_pop":0.6759839973,"log_mass":3.5920768793},{"country_iso":"MMR","city_id":10198,"log_pop":2.8030750497,"log_mass":5.4601007751},{"country_iso":"MMR","city_id":10198,"log_pop":1.7337232887,"log_mass":4.460613431},{"country_iso":"MMR","city_id":10198,"log_pop":1.8190033832,"log_mass":4.4248521025},{"country_iso":"MMR","city_id":10181,"log_pop":2.9148661547,"log_mass":5.2908466129},{"country_iso":"MMR","city_id":10181,"log_pop":2.7683139393,"log_mass":5.1138986219},{"country_iso":"MMR","city_id":10181,"log_pop":3.9315199927,"log_mass":6.0362601922},{"country_iso":"MMR","city_id":10187,"log_pop":2.8807630735,"log_mass":5.2156132247},{"country_iso":"MMR","city_id":10187,"log_pop":2.4712449902,"log_mass":4.7080244025},{"country_iso":"MMR","city_id":10187,"log_pop":3.5635400753,"log_mass":5.836134105},{"country_iso":"MMR","city_id":10157,"log_pop":3.261476248,"log_mass":5.3307949078},{"country_iso":"MMR","city_id":10157,"log_pop":3.3516645145,"log_mass":5.4274756876},{"country_iso":"MMR","city_id":10157,"log_pop":2.8303164762,"log_mass":5.0991707658},{"country_iso":"MMR","city_id":10204,"log_pop":2.3295330105,"log_mass":5.0364588635},{"country_iso":"MMR","city_id":10204,"log_pop":1.9495267967,"log_mass":4.6724557815},{"country_iso":"MMR","city_id":10204,"log_pop":1.7118257482,"log_mass":4.2196546846},{"country_iso":"MMR","city_id":10228,"log_pop":3.3750709629,"log_mass":5.5745059226},{"country_iso":"MMR","city_id":10228,"log_pop":3.3850758718,"log_mass":5.6406789111},{"country_iso":"MMR","city_id":10228,"log_pop":3.5396896597,"log_mass":5.8212113752},{"country_iso":"MMR","city_id":10225,"log_pop":2.1275833282,"log_mass":4.2498530555},{"country_iso":"MMR","city_id":10225,"log_pop":2.0081238166,"log_mass":4.3628274606},{"country_iso":"MMR","city_id":10225,"log_pop":3.4989325963,"log_mass":5.8215298405},{"country_iso":"MMR","city_id":10255,"log_pop":2.3328745598,"log_mass":4.7958402606},{"country_iso":"MMR","city_id":10255,"log_pop":3.1937566065,"log_mass":5.4767343451},{"country_iso":"MMR","city_id":10255,"log_pop":1.6837700385,"log_mass":3.8375341229},{"country_iso":"MMR","city_id":10235,"log_pop":2.2142492828,"log_mass":4.8077074791},{"country_iso":"MMR","city_id":10235,"log_pop":3.2563545303,"log_mass":5.5448703814},{"country_iso":"MMR","city_id":10235,"log_pop":3.2920780526,"log_mass":5.750893986},{"country_iso":"MMR","city_id":10266,"log_pop":2.6847307553,"log_mass":4.7934692611},{"country_iso":"MMR","city_id":10266,"log_pop":3.3537549094,"log_mass":5.3087805101},{"country_iso":"MMR","city_id":10266,"log_pop":3.2723159577,"log_mass":5.3311230535},{"country_iso":"MMR","city_id":10190,"log_pop":1.3014014143,"log_mass":3.3089438526},{"country_iso":"MMR","city_id":10190,"log_pop":1.4086008952,"log_mass":3.9158914273},{"country_iso":"MMR","city_id":10190,"log_pop":3.5290468667,"log_mass":5.7827521221},{"country_iso":"MMR","city_id":10362,"log_pop":2.4977609626,"log_mass":5.4753372492},{"country_iso":"MMR","city_id":10362,"log_pop":2.0861561611,"log_mass":5.4048915795},{"country_iso":"MMR","city_id":10362,"log_pop":1.9879452907,"log_mass":5.092992367},{"country_iso":"MMR","city_id":10212,"log_pop":1.3135078509,"log_mass":3.791755287},{"country_iso":"MMR","city_id":10212,"log_pop":2.5474440194,"log_mass":4.6153406471},{"country_iso":"MMR","city_id":10212,"log_pop":3.3821798321,"log_mass":5.5399044074},{"country_iso":"MMR","city_id":10233,"log_pop":3.0794883172,"log_mass":5.6002718275},{"country_iso":"MMR","city_id":10233,"log_pop":2.7644374403,"log_mass":5.3062750544},{"country_iso":"MMR","city_id":10233,"log_pop":3.1853337956,"log_mass":5.5887191252},{"country_iso":"MMR","city_id":10178,"log_pop":0.7129719811,"log_mass":3.5026647724},{"country_iso":"MMR","city_id":10178,"log_pop":0.7027528159,"log_mass":4.0091779572},{"country_iso":"MMR","city_id":10178,"log_pop":3.4377924022,"log_mass":5.8031069918},{"country_iso":"MMR","city_id":10215,"log_pop":3.3830131484,"log_mass":5.6642659985},{"country_iso":"MMR","city_id":10215,"log_pop":0.9087540678,"log_mass":3.7081675475},{"country_iso":"MMR","city_id":10174,"log_pop":0.9445117264,"log_mass":3.7326468166},{"country_iso":"MMR","city_id":10174,"log_pop":1.7802494149,"log_mass":5.1661396775},{"country_iso":"MMR","city_id":10188,"log_pop":2.4891137368,"log_mass":5.0153026025},{"country_iso":"MMR","city_id":10188,"log_pop":1.7543689551,"log_mass":4.5162495515},{"country_iso":"MMR","city_id":10107,"log_pop":1.7117747488,"log_mass":3.9053630017},{"country_iso":"MMR","city_id":10107,"log_pop":2.3381670052,"log_mass":4.6786992212},{"country_iso":"MMR","city_id":10110,"log_pop":2.4319278922,"log_mass":4.9017622481},{"country_iso":"MMR","city_id":10110,"log_pop":1.5742647919,"log_mass":4.1883114385},{"country_iso":"MMR","city_id":10278,"log_pop":2.8508718862,"log_mass":5.6347583617},{"country_iso":"MMR","city_id":10278,"log_pop":1.3461619781,"log_mass":4.3649860163},{"country_iso":"MMR","city_id":10182,"log_pop":1.4589091891,"log_mass":3.6643747005},{"country_iso":"MMR","city_id":10182,"log_pop":2.299128422,"log_mass":4.9826670051},{"country_iso":"MMR","city_id":10103,"log_pop":2.1157982259,"log_mass":4.9228781077},{"country_iso":"MMR","city_id":10540,"log_pop":2.4366454315,"log_mass":4.9606980629},{"country_iso":"MMR","city_id":10105,"log_pop":0.5470880565,"log_mass":4.0174422449},{"country_iso":"MMR","city_id":10102,"log_pop":1.3947793479,"log_mass":4.4131901243},{"country_iso":"MMR","city_id":10100,"log_pop":1.0440161316,"log_mass":4.4762874906},{"country_iso":"MMR","city_id":10271,"log_pop":3.5041140141,"log_mass":5.6123118596},{"country_iso":"MMR","city_id":10134,"log_pop":2.6661443547,"log_mass":5.6172785908}]