[{"country_iso":"KHM","city_id":11478,"log_pop":3.2831462841,"log_mass":5.575278929},{"country_iso":"KHM","city_id":11478,"log_pop":3.777518473,"log_mass":5.9190913069},{"country_iso":"KHM","city_id":11478,"log_pop":1.4864937092,"log_mass":4.2608940658},{"country_iso":"KHM","city_id":11478,"log_pop":1.6180089903,"log_mass":4.5078718738},{"country_iso":"KHM","city_id":11478,"log_pop":2.7034650598,"log_mass":5.3670169081},{"country_iso":"KHM","city_id":11478,"log_pop":2.6942132237,"log_mass":4.9662793035},{"country_iso":"KHM","city_id":11478,"log_pop":3.8976453147,"log_mass":5.9753605328},{"country_iso":"KHM","city_id":11478,"log_pop":2.9769190754,"log_mass":5.3875559415},{"country_iso":"KHM","city_id":11478,"log_pop":4.6516999453,"log_mass":6.4864703051},{"country_iso":"KHM","city_id":11478,"log_pop":4.3318556117,"log_mass":6.1238592654},{"country_iso":"KHM","city_id":11478,"log_pop":4.4110880777,"log_mass":6.4102288289},{"country_iso":"KHM","city_id":11478,"log_pop":2.5760675565,"log_mass":4.8713992153},{"country_iso":"KHM","city_id":11478,"log_pop":3.5781395093,"log_mass":5.5547782463},{"country_iso":"KHM","city_id":11478,"log_pop":2.9119068259,"log_mass":5.1856139426},{"country_iso":"KHM","city_id":11478,"log_pop":3.1482364143,"log_mass":5.4871968712},{"country_iso":"KHM","city_id":11478,"log_pop":4.6506442247,"log_mass":6.5533116963},{"country_iso":"KHM","city_id":11478,"log_pop":4.3011910979,"log_mass":6.3699689927},{"country_iso":"KHM","city_id":11478,"log_pop":2.7322636751,"log_mass":5.0577441583},{"country_iso":"KHM","city_id":11478,"log_pop":4.0187693239,"log_mass":6.3730671252},{"country_iso":"KHM","city_id":11478,"log_pop":2.9065104583,"log_mass":4.8502871719},{"country_iso":"KHM","city_id":11478,"log_pop":3.6935018992,"log_mass":5.7732265924},{"country_iso":"KHM","city_id":11478,"log_pop":3.6295622359,"log_mass":5.6598563575},{"country_iso":"KHM","city_id":11478,"log_pop":2.6092729627,"log_mass":4.7780885189},{"country_iso":"KHM","city_id":11478,"log_pop":2.9772914106,"log_mass":5.498704444},{"country_iso":"KHM","city_id":11478,"log_pop":4.4885133531,"log_mass":6.4573893892},{"country_iso":"KHM","city_id":11478,"log_pop":2.9103391383,"log_mass":5.3028162248},{"country_iso":"KHM","city_id":11478,"log_pop":3.7488876931,"log_mass":6.1337045401},{"country_iso":"KHM","city_id":11478,"log_pop":0.7402215037,"log_mass":4.5519999555},{"country_iso":"KHM","city_id":11478,"log_pop":4.1628264261,"log_mass":6.3156244481},{"country_iso":"KHM","city_id":11478,"log_pop":0.7688443253,"log_mass":4.0692902262},{"country_iso":"KHM","city_id":11478,"log_pop":3.5356317425,"log_mass":5.8361691773},{"country_iso":"KHM","city_id":11478,"log_pop":2.9027215001,"log_mass":5.1360967236},{"country_iso":"KHM","city_id":11478,"log_pop":4.1551136596,"log_mass":6.1794149286},{"country_iso":"KHM","city_id":11478,"log_pop":2.9140682967,"log_mass":4.9556993777},{"country_iso":"KHM","city_id":11478,"log_pop":4.4234354891,"log_mass":6.5131983258},{"country_iso":"KHM","city_id":11478,"log_pop":3.8907242858,"log_mass":6.3281445182},{"country_iso":"KHM","city_id":11478,"log_pop":4.1006098606,"log_mass":6.2995766123},{"country_iso":"KHM","city_id":11478,"log_pop":2.5591554644,"log_mass":5.0836992231},{"country_iso":"KHM","city_id":11478,"log_pop":1.6747398098,"log_mass":4.8675550013},{"country_iso":"KHM","city_id":11478,"log_pop":3.5892509823,"log_mass":5.7971658415},{"country_iso":"KHM","city_id":11478,"log_pop":1.0190107243,"log_mass":3.9073992684},{"country_iso":"KHM","city_id":11478,"log_pop":2.2523268211,"log_mass":4.6614629911},{"country_iso":"KHM","city_id":11478,"log_pop":4.3667661128,"log_mass":6.2698414706},{"country_iso":"KHM","city_id":11478,"log_pop":2.6422812478,"log_mass":5.25574477},{"country_iso":"KHM","city_id":11478,"log_pop":3.8351696902,"log_mass":6.2362878522},{"country_iso":"KHM","city_id":11478,"log_pop":5.1982810399,"log_mass":6.9215079657},{"country_iso":"KHM","city_id":11478,"log_pop":4.8306307275,"log_mass":6.6929864062},{"country_iso":"KHM","city_id":11478,"log_pop":5.0282079947,"log_mass":6.8329470231},{"country_iso":"KHM","city_id":11478,"log_pop":4.7304990235,"log_mass":6.6734893002},{"country_iso":"KHM","city_id":11478,"log_pop":5.0686223759,"log_mass":6.8328527159},{"country_iso":"KHM","city_id":11478,"log_pop":4.9338457425,"log_mass":6.6554164053},{"country_iso":"KHM","city_id":11478,"log_pop":5.1425958736,"log_mass":6.8797289058},{"country_iso":"KHM","city_id":11478,"log_pop":2.9505157269,"log_mass":5.2525482677},{"country_iso":"KHM","city_id":11478,"log_pop":1.6683115528,"log_mass":4.4614035228},{"country_iso":"KHM","city_id":11478,"log_pop":3.0089939171,"log_mass":5.8007208064},{"country_iso":"KHM","city_id":11478,"log_pop":1.8724003867,"log_mass":4.9061675371},{"country_iso":"KHM","city_id":11478,"log_pop":4.3051790473,"log_mass":6.3804257309},{"country_iso":"KHM","city_id":11478,"log_pop":3.4892406845,"log_mass":6.0738764023},{"country_iso":"KHM","city_id":11478,"log_pop":3.1604742184,"log_mass":5.5382212527},{"country_iso":"KHM","city_id":11478,"log_pop":3.7800515553,"log_mass":5.9273539911},{"country_iso":"KHM","city_id":11478,"log_pop":3.2578463463,"log_mass":5.5935849566},{"country_iso":"KHM","city_id":11478,"log_pop":4.1041834213,"log_mass":6.3719183539},{"country_iso":"KHM","city_id":11478,"log_pop":3.3661940979,"log_mass":5.8454044685},{"country_iso":"KHM","city_id":11478,"log_pop":3.708120063,"log_mass":6.2188223934},{"country_iso":"KHM","city_id":11478,"log_pop":2.5281056672,"log_mass":5.0779870156},{"country_iso":"KHM","city_id":11478,"log_pop":4.3877878202,"log_mass":6.3575763162},{"country_iso":"KHM","city_id":11478,"log_pop":4.4526483343,"log_mass":6.4821294828},{"country_iso":"KHM","city_id":11478,"log_pop":4.4985365161,"log_mass":6.6201721791},{"country_iso":"KHM","city_id":11478,"log_pop":1.5457218685,"log_mass":3.9353974991},{"country_iso":"KHM","city_id":11478,"log_pop":2.6187944774,"log_mass":4.818653918},{"country_iso":"KHM","city_id":11257,"log_pop":3.8957592304,"log_mass":6.0222440528},{"country_iso":"KHM","city_id":11257,"log_pop":3.3417701058,"log_mass":5.6245144254},{"country_iso":"KHM","city_id":11257,"log_pop":2.9137568031,"log_mass":5.3813895746},{"country_iso":"KHM","city_id":11257,"log_pop":4.3679222269,"log_mass":6.4573016261},{"country_iso":"KHM","city_id":11257,"log_pop":2.6746072304,"log_mass":5.2104409443},{"country_iso":"KHM","city_id":11257,"log_pop":4.459596792,"log_mass":6.5047854042},{"country_iso":"KHM","city_id":11257,"log_pop":1.5071273756,"log_mass":4.4724149178},{"country_iso":"KHM","city_id":11257,"log_pop":2.0951103472,"log_mass":5.1403666858},{"country_iso":"KHM","city_id":11257,"log_pop":2.7451040928,"log_mass":5.0275612849},{"country_iso":"KHM","city_id":11257,"log_pop":2.4450522355,"log_mass":4.6228600933},{"country_iso":"KHM","city_id":11257,"log_pop":2.7163770056,"log_mass":5.1616369778},{"country_iso":"KHM","city_id":11257,"log_pop":3.2195494541,"log_mass":5.4189524799},{"country_iso":"KHM","city_id":11257,"log_pop":1.0278353196,"log_mass":3.9158021108},{"country_iso":"KHM","city_id":11257,"log_pop":3.6226304949,"log_mass":5.6146096621},{"country_iso":"KHM","city_id":11257,"log_pop":4.4731563208,"log_mass":6.5243241475},{"country_iso":"KHM","city_id":11257,"log_pop":3.2663332696,"log_mass":5.4456117203},{"country_iso":"KHM","city_id":11257,"log_pop":2.4558443527,"log_mass":4.9451915732},{"country_iso":"KHM","city_id":11257,"log_pop":2.8292647627,"log_mass":5.4122089281},{"country_iso":"KHM","city_id":11257,"log_pop":1.9920097396,"log_mass":4.7477998687},{"country_iso":"KHM","city_id":11165,"log_pop":1.899296765,"log_mass":4.853654553},{"country_iso":"KHM","city_id":11165,"log_pop":1.3893729412,"log_mass":4.2529344329},{"country_iso":"KHM","city_id":11165,"log_pop":1.6297673237,"log_mass":4.4647981891},{"country_iso":"KHM","city_id":11165,"log_pop":2.8595270012,"log_mass":5.3817725708},{"country_iso":"KHM","city_id":11165,"log_pop":1.9221313793,"log_mass":4.4462611754},{"country_iso":"KHM","city_id":11165,"log_pop":2.1867237234,"log_mass":5.0053824669},{"country_iso":"KHM","city_id":11165,"log_pop":2.7935676497,"log_mass":5.2690182124},{"country_iso":"KHM","city_id":11165,"log_pop":4.4960570133,"log_mass":6.5783302615},{"country_iso":"KHM","city_id":11165,"log_pop":3.9433270917,"log_mass":6.2149472323},{"country_iso":"KHM","city_id":11165,"log_pop":2.8727174249,"log_mass":5.1170656415},{"country_iso":"KHM","city_id":11165,"log_pop":3.7061346058,"log_mass":5.7697488518},{"country_iso":"KHM","city_id":11165,"log_pop":2.0223138369,"log_mass":4.3952219004},{"country_iso":"KHM","city_id":11165,"log_pop":3.0343211863,"log_mass":5.5886354286},{"country_iso":"KHM","city_id":11165,"log_pop":3.7747043012,"log_mass":6.0618428146},{"country_iso":"KHM","city_id":11165,"log_pop":3.5253126337,"log_mass":5.6083687146},{"country_iso":"KHM","city_id":11165,"log_pop":2.0124411752,"log_mass":4.4003156833},{"country_iso":"KHM","city_id":11165,"log_pop":2.1623838739,"log_mass":4.5777589252},{"country_iso":"KHM","city_id":11305,"log_pop":3.1517964326,"log_mass":5.453884212},{"country_iso":"KHM","city_id":11305,"log_pop":2.5403400935,"log_mass":4.9728514641},{"country_iso":"KHM","city_id":11305,"log_pop":3.3817242638,"log_mass":5.6997837708},{"country_iso":"KHM","city_id":11305,"log_pop":3.7896508632,"log_mass":6.1392453088},{"country_iso":"KHM","city_id":11305,"log_pop":2.8607952249,"log_mass":5.4120703543},{"country_iso":"KHM","city_id":11305,"log_pop":1.9968193882,"log_mass":4.3521450252},{"country_iso":"KHM","city_id":11305,"log_pop":2.9558789411,"log_mass":5.2276226867},{"country_iso":"KHM","city_id":11305,"log_pop":4.1013603052,"log_mass":6.3684802804},{"country_iso":"KHM","city_id":11305,"log_pop":3.0744506182,"log_mass":5.532685011},{"country_iso":"KHM","city_id":11118,"log_pop":2.0945976003,"log_mass":4.6048858907},{"country_iso":"KHM","city_id":11118,"log_pop":2.2665805927,"log_mass":4.6325504493},{"country_iso":"KHM","city_id":11118,"log_pop":1.2716192384,"log_mass":4.1188413238},{"country_iso":"KHM","city_id":11118,"log_pop":3.3063295005,"log_mass":5.7632488519},{"country_iso":"KHM","city_id":11118,"log_pop":2.3182284105,"log_mass":5.1891003794},{"country_iso":"KHM","city_id":11118,"log_pop":3.5581984238,"log_mass":5.7622271495},{"country_iso":"KHM","city_id":11118,"log_pop":3.0221247413,"log_mass":5.3002501834},{"country_iso":"KHM","city_id":11118,"log_pop":3.9799979978,"log_mass":6.1611922509},{"country_iso":"KHM","city_id":11572,"log_pop":3.8608458728,"log_mass":5.9382633762},{"country_iso":"KHM","city_id":11572,"log_pop":2.8701718225,"log_mass":5.0389664558},{"country_iso":"KHM","city_id":11572,"log_pop":2.1810207472,"log_mass":4.8236975899},{"country_iso":"KHM","city_id":11572,"log_pop":1.5990714609,"log_mass":3.9571341546},{"country_iso":"KHM","city_id":11572,"log_pop":1.6750980428,"log_mass":4.0474989516},{"country_iso":"KHM","city_id":11572,"log_pop":3.2555689308,"log_mass":5.5073203292},{"country_iso":"KHM","city_id":11572,"log_pop":4.1356580814,"log_mass":6.197720096},{"country_iso":"KHM","city_id":11429,"log_pop":0.7207798312,"log_mass":3.6026602735},{"country_iso":"KHM","city_id":11429,"log_pop":3.3017951159,"log_mass":5.4730796458},{"country_iso":"KHM","city_id":11429,"log_pop":2.1011246595,"log_mass":5.157962323},{"country_iso":"KHM","city_id":11429,"log_pop":3.4921516508,"log_mass":5.765421834},{"country_iso":"KHM","city_id":11429,"log_pop":2.8918941748,"log_mass":5.4099989549},{"country_iso":"KHM","city_id":11429,"log_pop":3.3953486551,"log_mass":5.6834788411},{"country_iso":"KHM","city_id":11061,"log_pop":2.6423791333,"log_mass":4.6871299334},{"country_iso":"KHM","city_id":11061,"log_pop":4.0843965024,"log_mass":6.1251041801},{"country_iso":"KHM","city_id":11061,"log_pop":3.5152297823,"log_mass":5.7721290297},{"country_iso":"KHM","city_id":11061,"log_pop":3.0377468433,"log_mass":5.4895331352},{"country_iso":"KHM","city_id":11061,"log_pop":3.5230103664,"log_mass":5.3685271504},{"country_iso":"KHM","city_id":11061,"log_pop":4.3866875739,"log_mass":6.4701192277},{"country_iso":"KHM","city_id":11043,"log_pop":2.9116537079,"log_mass":5.3343921077},{"country_iso":"KHM","city_id":11043,"log_pop":1.5783110945,"log_mass":3.9432372902},{"country_iso":"KHM","city_id":11043,"log_pop":2.4809706187,"log_mass":4.6919448321},{"country_iso":"KHM","city_id":11043,"log_pop":3.2171298849,"log_mass":5.1918393889},{"country_iso":"KHM","city_id":11053,"log_pop":3.5809128642,"log_mass":5.4139334402},{"country_iso":"KHM","city_id":11053,"log_pop":2.0384049713,"log_mass":4.4032962089},{"country_iso":"KHM","city_id":11053,"log_pop":3.1228356386,"log_mass":5.0463028333}]