[{"country_iso": "NZL", "city_id": 13129, "log_pop": 1.21294, "log_mass": 4.295578}, {"country_iso": "NZL", "city_id": 13121, "log_pop": 3.584053, "log_mass": 6.609494}, {"country_iso": "NZL", "city_id": 13127, "log_pop": 1.796826, "log_mass": 4.430387}, {"country_iso": "NZL", "city_id": 13129, "log_pop": 4.023798, "log_mass": 6.695273}, {"country_iso": "NZL", "city_id": 13129, "log_pop": 0.007357, "log_mass": 3.929028}, {"country_iso": "NZL", "city_id": 13127, "log_pop": 3.891814, "log_mass": 6.602091}, {"country_iso": "NZL", "city_id": 13131, "log_pop": 3.385572, "log_mass": 6.068244}, {"country_iso": "NZL", "city_id": 13129, "log_pop": 3.708937, "log_mass": 6.267201}, {"country_iso": "NZL", "city_id": 13121, "log_pop": 0.917209, "log_mass": 4.171339}, {"country_iso": "NZL", "city_id": 13071, "log_pop": 3.506907, "log_mass": 6.434639}, {"country_iso": "NZL", "city_id": 13071, "log_pop": 3.568553, "log_mass": 6.168743}, {"country_iso": "NZL", "city_id": 13071, "log_pop": 4.11662, "log_mass": 6.648862}, {"country_iso": "NZL", "city_id": 13071, "log_pop": 3.764804, "log_mass": 6.327257}, {"country_iso": "NZL", "city_id": 13127, "log_pop": 3.21317, "log_mass": 5.718633}, {"country_iso": "NZL", "city_id": 13130, "log_pop": 3.348675, "log_mass": 5.795913}, {"country_iso": "NZL", "city_id": 13071, "log_pop": 4.026383, "log_mass": 6.510992}, {"country_iso": "NZL", "city_id": 13071, "log_pop": 3.782847, "log_mass": 6.519895}, {"country_iso": "NZL", "city_id": 13121, "log_pop": 4.313211, "log_mass": 6.788026}, {"country_iso": "NZL", "city_id": 13127, "log_pop": 3.92507, "log_mass": 6.502012}, {"country_iso": "NZL", "city_id": 13129, "log_pop": 4.436978, "log_mass": 7.015811}, {"country_iso": "NZL", "city_id": 13129, "log_pop": 3.934643, "log_mass": 6.398183}, {"country_iso": "NZL", "city_id": 13130, "log_pop": 2.664742, "log_mass": 5.594863}, {"country_iso": "NZL", "city_id": 13129, "log_pop": 3.843232, "log_mass": 6.459297}, {"country_iso": "NZL", "city_id": 13130, "log_pop": 0.203772, "log_mass": 3.882187}, {"country_iso": "NZL", "city_id": 13071, "log_pop": 3.574074, "log_mass": 6.393221}, {"country_iso": "NZL", "city_id": 13129, "log_pop": 3.952028, "log_mass": 6.420802}, {"country_iso": "NZL", "city_id": 13131, "log_pop": 3.039201, "log_mass": 5.639498}, {"country_iso": "NZL", "city_id": 13121, "log_pop": 3.735502, "log_mass": 6.132868}, {"country_iso": "NZL", "city_id": 13130, "log_pop": 3.728289, "log_mass": 6.273861}, {"country_iso": "NZL", "city_id": 13129, "log_pop": 4.08901, "log_mass": 6.612579}, {"country_iso": "NZL", "city_id": 13071, "log_pop": 2.877806, "log_mass": 5.563423}, {"country_iso": "NZL", "city_id": 13071, "log_pop": 3.791339, "log_mass": 6.429806}, {"country_iso": "NZL", "city_id": 13129, "log_pop": 4.076895, "log_mass": 6.643147}, {"country_iso": "NZL", "city_id": 13129, "log_pop": 3.677431, "log_mass": 6.250129}, {"country_iso": "NZL", "city_id": 13071, "log_pop": 3.585741, "log_mass": 6.14104}, {"country_iso": "NZL", "city_id": 13121, "log_pop": 4.085735, "log_mass": 6.423422}, {"country_iso": "NZL", "city_id": 13129, "log_pop": 4.12217, "log_mass": 6.506906}, {"country_iso": "NZL", "city_id": 13131, "log_pop": 3.254529, "log_mass": 6.300412}, {"country_iso": "NZL", "city_id": 13129, "log_pop": 4.030445, "log_mass": 6.738899}, {"country_iso": "NZL", "city_id": 13129, "log_pop": 3.751596, "log_mass": 6.287633}, {"country_iso": "NZL", "city_id": 13071, "log_pop": 4.148754, "log_mass": 6.69558}, {"country_iso": "NZL", "city_id": 13129, "log_pop": 3.914447, "log_mass": 6.409809}, {"country_iso": "NZL", "city_id": 13130, "log_pop": 3.441487, "log_mass": 6.007195}, {"country_iso": "NZL", "city_id": 13131, "log_pop": 3.512502, "log_mass": 6.173996}, {"country_iso": "NZL", "city_id": 13121, "log_pop": 2.841165, "log_mass": 5.733747}, {"country_iso": "NZL", "city_id": 13129, "log_pop": 3.504625, "log_mass": 6.024622}, {"country_iso": "NZL", "city_id": 13130, "log_pop": 4.014518, "log_mass": 6.469113}, {"country_iso": "NZL", "city_id": 13127, "log_pop": 2.371881, "log_mass": 4.953809}, {"country_iso": "NZL", "city_id": 13129, "log_pop": 4.246552, "log_mass": 6.698252}, {"country_iso": "NZL", "city_id": 13071, "log_pop": 3.1447, "log_mass": 5.62921}, {"country_iso": "NZL", "city_id": 13129, "log_pop": 2.718734, "log_mass": 5.401232}, {"country_iso": "NZL", "city_id": 13071, "log_pop": 1.075812, "log_mass": 4.535139}, {"country_iso": "NZL", "city_id": 13129, "log_pop": 1.220515, "log_mass": 6.142124}, {"country_iso": "NZL", "city_id": 13131, "log_pop": 3.531505, "log_mass": 6.219366}, {"country_iso": "NZL", "city_id": 13071, "log_pop": 3.057471, "log_mass": 5.720984}, {"country_iso": "NZL", "city_id": 13129, "log_pop": 2.9691, "log_mass": 5.380033}, {"country_iso": "NZL", "city_id": 13129, "log_pop": 3.841276, "log_mass": 6.349855}, {"country_iso": "NZL", "city_id": 13127, "log_pop": 1.035224, "log_mass": 5.612105}, {"country_iso": "NZL", "city_id": 13129, "log_pop": 2.860654, "log_mass": 5.229117}, {"country_iso": "NZL", "city_id": 13129, "log_pop": 3.585876, "log_mass": 6.289751}, {"country_iso": "NZL", "city_id": 13130, "log_pop": 3.357464, "log_mass": 5.923399}, {"country_iso": "NZL", "city_id": 13129, "log_pop": 3.043853, "log_mass": 5.601339}, {"country_iso": "NZL", "city_id": 13129, "log_pop": 3.892873, "log_mass": 6.354361}, {"country_iso": "NZL", "city_id": 13131, "log_pop": 3.556161, "log_mass": 6.151063}, {"country_iso": "NZL", "city_id": 13129, "log_pop": 3.4207, "log_mass": 5.880427}, {"country_iso": "NZL", "city_id": 13130, "log_pop": 1.685609, "log_mass": 4.438808}, {"country_iso": "NZL", "city_id": 13131, "log_pop": 2.92137, "log_mass": 5.525367}, {"country_iso": "NZL", "city_id": 13129, "log_pop": 4.06004, "log_mass": 6.57994}, {"country_iso": "NZL", "city_id": 13129, "log_pop": 1.220306, "log_mass": 5.505298}, {"country_iso": "NZL", "city_id": 13131, "log_pop": 2.582212, "log_mass": 5.176896}, {"country_iso": "NZL", "city_id": 13129, "log_pop": 3.879385, "log_mass": 6.43401}, {"country_iso": "NZL", "city_id": 13129, "log_pop": 3.990563, "log_mass": 6.476722}, {"country_iso": "NZL", "city_id": 13130, "log_pop": 3.310615, "log_mass": 5.902874}, {"country_iso": "NZL", "city_id": 13129, "log_pop": 4.046061, "log_mass": 6.582181}, {"country_iso": "NZL", "city_id": 13130, "log_pop": 4.134112, "log_mass": 6.7007}, {"country_iso": "NZL", "city_id": 13129, "log_pop": 3.38069, "log_mass": 5.99478}, {"country_iso": "NZL", "city_id": 13129, "log_pop": 3.913465, "log_mass": 6.447332}, {"country_iso": "NZL", "city_id": 13129, "log_pop": 3.821023, "log_mass": 6.592087}, {"country_iso": "NZL", "city_id": 13121, "log_pop": 1.995134, "log_mass": 4.336297}, {"country_iso": "NZL", "city_id": 13129, "log_pop": 3.879981, "log_mass": 6.480574}, {"country_iso": "NZL", "city_id": 13129, "log_pop": 2.966574, "log_mass": 5.453113}, {"country_iso": "NZL", "city_id": 13071, "log_pop": 3.934071, "log_mass": 6.519632}, {"country_iso": "NZL", "city_id": 13129, "log_pop": 3.58412, "log_mass": 5.99568}, {"country_iso": "NZL", "city_id": 13129, "log_pop": 3.845004, "log_mass": 6.362688}, {"country_iso": "NZL", "city_id": 13131, "log_pop": 3.530351, "log_mass": 6.074457}, {"country_iso": "NZL", "city_id": 13129, "log_pop": 2.235341, "log_mass": 6.646334}, {"country_iso": "NZL", "city_id": 13071, "log_pop": 4.114464, "log_mass": 6.657476}, {"country_iso": "NZL", "city_id": 13129, "log_pop": 3.95857, "log_mass": 6.53575}, {"country_iso": "NZL", "city_id": 13130, "log_pop": 4.01605, "log_mass": 6.466767}, {"country_iso": "NZL", "city_id": 13121, "log_pop": 3.834987, "log_mass": 6.429653}, {"country_iso": "NZL", "city_id": 13129, "log_pop": 3.523542, "log_mass": 6.152848}, {"country_iso": "NZL", "city_id": 13130, "log_pop": 3.704617, "log_mass": 6.397096}, {"country_iso": "NZL", "city_id": 13129, "log_pop": 3.995739, "log_mass": 6.522291}, {"country_iso": "NZL", "city_id": 13127, "log_pop": 3.511882, "log_mass": 6.392027}, {"country_iso": "NZL", "city_id": 13130, "log_pop": 3.966825, "log_mass": 6.478052}, {"country_iso": "NZL", "city_id": 13129, "log_pop": 3.426229, "log_mass": 6.762375}, {"country_iso": "NZL", "city_id": 13131, "log_pop": 3.294756, "log_mass": 5.84841}, {"country_iso": "NZL", "city_id": 13071, "log_pop": 3.996033, "log_mass": 6.532252}, {"country_iso": "NZL", "city_id": 13129, "log_pop": 4.134338, "log_mass": 6.598696}, {"country_iso": "NZL", "city_id": 13129, "log_pop": 3.811089, "log_mass": 6.296907}, {"country_iso": "NZL", "city_id": 13129, "log_pop": 3.908408, "log_mass": 6.49468}, {"country_iso": "NZL", "city_id": 13131, "log_pop": 1.475305, "log_mass": 5.087228}, {"country_iso": "NZL", "city_id": 13130, "log_pop": 4.127541, "log_mass": 6.582123}, {"country_iso": "NZL", "city_id": 13129, "log_pop": 4.180463, "log_mass": 6.737453}, {"country_iso": "NZL", "city_id": 13129, "log_pop": 4.153947, "log_mass": 6.631986}, {"country_iso": "NZL", "city_id": 13129, "log_pop": 4.180608, "log_mass": 6.607209}, {"country_iso": "NZL", "city_id": 13130, "log_pop": 3.748157, "log_mass": 6.244966}, {"country_iso": "NZL", "city_id": 13127, "log_pop": 3.764516, "log_mass": 6.567643}, {"country_iso": "NZL", "city_id": 13130, "log_pop": 3.935826, "log_mass": 6.549314}, {"country_iso": "NZL", "city_id": 13071, "log_pop": 3.599447, "log_mass": 6.229735}, {"country_iso": "NZL", "city_id": 13127, "log_pop": 2.385141, "log_mass": 5.050647}, {"country_iso": "NZL", "city_id": 13131, "log_pop": 3.619954, "log_mass": 6.184127}, {"country_iso": "NZL", "city_id": 13129, "log_pop": 4.169281, "log_mass": 6.62332}, {"country_iso": "NZL", "city_id": 13121, "log_pop": 1.347581, "log_mass": 4.354719}, {"country_iso": "NZL", "city_id": 13121, "log_pop": 2.949075, "log_mass": 5.419237}, {"country_iso": "NZL", "city_id": 13130, "log_pop": 2.390287, "log_mass": 5.242257}, {"country_iso": "NZL", "city_id": 13130, "log_pop": 3.233022, "log_mass": 5.716427}, {"country_iso": "NZL", "city_id": 13129, "log_pop": 3.909203, "log_mass": 6.629437}, {"country_iso": "NZL", "city_id": 13129, "log_pop": 2.542248, "log_mass": 5.237747}, {"country_iso": "NZL", "city_id": 13129, "log_pop": 4.243561, "log_mass": 6.583418}, {"country_iso": "NZL", "city_id": 13127, "log_pop": 3.662752, "log_mass": 6.678348}, {"country_iso": "NZL", "city_id": 13129, "log_pop": 3.754691, "log_mass": 6.328729}, {"country_iso": "NZL", "city_id": 13129, "log_pop": 3.955888, "log_mass": 6.360895}, {"country_iso": "NZL", "city_id": 13127, "log_pop": 3.907922, "log_mass": 6.484968}, {"country_iso": "NZL", "city_id": 13127, "log_pop": 3.993899, "log_mass": 6.52826}, {"country_iso": "NZL", "city_id": 13129, "log_pop": 3.497583, "log_mass": 5.963683}, {"country_iso": "NZL", "city_id": 13129, "log_pop": 2.67166, "log_mass": 5.30773}, {"country_iso": "NZL", "city_id": 13129, "log_pop": 2.360907, "log_mass": 5.400207}, {"country_iso": "NZL", "city_id": 13130, "log_pop": 3.587987, "log_mass": 6.154339}, {"country_iso": "NZL", "city_id": 13127, "log_pop": 3.833668, "log_mass": 6.365029}, {"country_iso": "NZL", "city_id": 13129, "log_pop": 3.758868, "log_mass": 6.575722}, {"country_iso": "NZL", "city_id": 13121, "log_pop": 2.854753, "log_mass": 5.255579}, {"country_iso": "NZL", "city_id": 13071, "log_pop": 0.32615, "log_mass": 3.951059}, {"country_iso": "NZL", "city_id": 13130, "log_pop": 4.15123, "log_mass": 6.638879}, {"country_iso": "NZL", "city_id": 13071, "log_pop": 3.567682, "log_mass": 6.20305}, {"country_iso": "NZL", "city_id": 13121, "log_pop": 3.680855, "log_mass": 6.150626}, {"country_iso": "NZL", "city_id": 13129, "log_pop": 3.701406, "log_mass": 6.210343}, {"country_iso": "NZL", "city_id": 13130, "log_pop": 3.801461, "log_mass": 6.300929}, {"country_iso": "NZL", "city_id": 13129, "log_pop": 3.873502, "log_mass": 6.653073}, {"country_iso": "NZL", "city_id": 13127, "log_pop": 2.299835, "log_mass": 5.054563}, {"country_iso": "NZL", "city_id": 13129, "log_pop": 3.838431, "log_mass": 6.667391}, {"country_iso": "NZL", "city_id": 13130, "log_pop": 3.074798, "log_mass": 5.569563}, {"country_iso": "NZL", "city_id": 13129, "log_pop": 3.905075, "log_mass": 6.412093}, {"country_iso": "NZL", "city_id": 13129, "log_pop": 3.783583, "log_mass": 6.27643}, {"country_iso": "NZL", "city_id": 13071, "log_pop": 3.918691, "log_mass": 6.340035}, {"country_iso": "NZL", "city_id": 13131, "log_pop": 3.68666, "log_mass": 6.317045}, {"country_iso": "NZL", "city_id": 13129, "log_pop": 2.838865, "log_mass": 5.39125}, {"country_iso": "NZL", "city_id": 13071, "log_pop": 2.518457, "log_mass": 5.442316}, {"country_iso": "NZL", "city_id": 13129, "log_pop": 3.618631, "log_mass": 6.138729}, {"country_iso": "NZL", "city_id": 13129, "log_pop": 4.18357, "log_mass": 6.573297}, {"country_iso": "NZL", "city_id": 13127, "log_pop": 3.195598, "log_mass": 5.654649}, {"country_iso": "NZL", "city_id": 13129, "log_pop": 4.034927, "log_mass": 6.680242}, {"country_iso": "NZL", "city_id": 13129, "log_pop": 4.037389, "log_mass": 6.508845}, {"country_iso": "NZL", "city_id": 13129, "log_pop": 4.047932, "log_mass": 6.666239}, {"country_iso": "NZL", "city_id": 13131, "log_pop": 1.058217, "log_mass": 4.118606}, {"country_iso": "NZL", "city_id": 13127, "log_pop": 2.519658, "log_mass": 5.126058}, {"country_iso": "NZL", "city_id": 13129, "log_pop": 2.941671, "log_mass": 5.476827}, {"country_iso": "NZL", "city_id": 13129, "log_pop": 4.282533, "log_mass": 6.754208}, {"country_iso": "NZL", "city_id": 13131, "log_pop": 3.098287, "log_mass": 5.844776}, {"country_iso": "NZL", "city_id": 13129, "log_pop": 3.993347, "log_mass": 6.54638}, {"country_iso": "NZL", "city_id": 13129, "log_pop": 4.203627, "log_mass": 6.568518}, {"country_iso": "NZL", "city_id": 13131, "log_pop": 3.646432, "log_mass": 6.104208}, {"country_iso": "NZL", "city_id": 13127, "log_pop": 3.622195, "log_mass": 6.164123}, {"country_iso": "NZL", "city_id": 13129, "log_pop": 4.15027, "log_mass": 6.611507}, {"country_iso": "NZL", "city_id": 13129, "log_pop": 2.546342, "log_mass": 5.949144}, {"country_iso": "NZL", "city_id": 13127, "log_pop": 3.546472, "log_mass": 6.120468}, {"country_iso": "NZL", "city_id": 13121, "log_pop": 3.88812, "log_mass": 6.403109}, {"country_iso": "NZL", "city_id": 13129, "log_pop": 4.102126, "log_mass": 6.628266}, {"country_iso": "NZL", "city_id": 13129, "log_pop": 4.085989, "log_mass": 6.530823}, {"country_iso": "NZL", "city_id": 13129, "log_pop": 3.737088, "log_mass": 6.087297}, {"country_iso": "NZL", "city_id": 13071, "log_pop": 3.926552, "log_mass": 6.624562}, {"country_iso": "NZL", "city_id": 13131, "log_pop": 2.375858, "log_mass": 4.971227}, {"country_iso": "NZL", "city_id": 13071, "log_pop": 3.742876, "log_mass": 6.309598}, {"country_iso": "NZL", "city_id": 13129, "log_pop": 4.265193, "log_mass": 6.755338}, {"country_iso": "NZL", "city_id": 13127, "log_pop": 0.783859, "log_mass": 5.074716}, {"country_iso": "NZL", "city_id": 13129, "log_pop": 3.015328, "log_mass": 6.153525}, {"country_iso": "NZL", "city_id": 13129, "log_pop": 4.075979, "log_mass": 6.552022}, {"country_iso": "NZL", "city_id": 13071, "log_pop": 3.854848, "log_mass": 6.517022}, {"country_iso": "NZL", "city_id": 13121, "log_pop": 2.081791, "log_mass": 4.874343}, {"country_iso": "NZL", "city_id": 13127, "log_pop": 4.07444, "log_mass": 6.595558}, {"country_iso": "NZL", "city_id": 13129, "log_pop": 4.157664, "log_mass": 6.632542}, {"country_iso": "NZL", "city_id": 13129, "log_pop": 3.521942, "log_mass": 6.361158}, {"country_iso": "NZL", "city_id": 13129, "log_pop": 3.938259, "log_mass": 6.318116}, {"country_iso": "NZL", "city_id": 13071, "log_pop": 3.940587, "log_mass": 6.590677}, {"country_iso": "NZL", "city_id": 13071, "log_pop": 3.220042, "log_mass": 6.183775}, {"country_iso": "NZL", "city_id": 13129, "log_pop": 3.643813, "log_mass": 6.720482}, {"country_iso": "NZL", "city_id": 13121, "log_pop": 1.945454, "log_mass": 4.46971}, {"country_iso": "NZL", "city_id": 13121, "log_pop": 2.733311, "log_mass": 5.367349}, {"country_iso": "NZL", "city_id": 13130, "log_pop": 3.988903, "log_mass": 6.615332}, {"country_iso": "NZL", "city_id": 13071, "log_pop": 0.191459, "log_mass": 3.790401}, {"country_iso": "NZL", "city_id": 13129, "log_pop": 2.000315, "log_mass": 4.997643}, {"country_iso": "NZL", "city_id": 13121, "log_pop": 1.345874, "log_mass": 4.600409}, {"country_iso": "NZL", "city_id": 13127, "log_pop": 3.332034, "log_mass": 5.838494}, {"country_iso": "NZL", "city_id": 13130, "log_pop": 3.752638, "log_mass": 6.24872}, {"country_iso": "NZL", "city_id": 13071, "log_pop": 3.917163, "log_mass": 6.547479}, {"country_iso": "NZL", "city_id": 13129, "log_pop": 3.460076, "log_mass": 5.890459}, {"country_iso": "NZL", "city_id": 13131, "log_pop": 3.530932, "log_mass": 6.280215}, {"country_iso": "NZL", "city_id": 13071, "log_pop": 0.415116, "log_mass": 4.028067}, {"country_iso": "NZL", "city_id": 13130, "log_pop": 4.034691, "log_mass": 6.601566}, {"country_iso": "NZL", "city_id": 13129, "log_pop": 3.934259, "log_mass": 6.737997}, {"country_iso": "NZL", "city_id": 13129, "log_pop": 4.187445, "log_mass": 6.618856}, {"country_iso": "NZL", "city_id": 13129, "log_pop": 3.977548, "log_mass": 6.598812}, {"country_iso": "NZL", "city_id": 13131, "log_pop": 1.781766, "log_mass": 6.54023}, {"country_iso": "NZL", "city_id": 13127, "log_pop": 3.139971, "log_mass": 5.799144}, {"country_iso": "NZL", "city_id": 13131, "log_pop": 3.282223, "log_mass": 5.982406}, {"country_iso": "NZL", "city_id": 13131, "log_pop": 3.857405, "log_mass": 6.401071}, {"country_iso": "NZL", "city_id": 13071, "log_pop": 2.633894, "log_mass": 5.195665}, {"country_iso": "NZL", "city_id": 13131, "log_pop": 3.200745, "log_mass": 5.877213}, {"country_iso": "NZL", "city_id": 13071, "log_pop": 3.992299, "log_mass": 6.675944}, {"country_iso": "NZL", "city_id": 13127, "log_pop": 3.961176, "log_mass": 6.501911}, {"country_iso": "NZL", "city_id": 13130, "log_pop": 2.791593, "log_mass": 5.458163}, {"country_iso": "NZL", "city_id": 13129, "log_pop": 3.572791, "log_mass": 6.02366}, {"country_iso": "NZL", "city_id": 13129, "log_pop": 3.037267, "log_mass": 6.186986}, {"country_iso": "NZL", "city_id": 13130, "log_pop": 2.961433, "log_mass": 5.691973}, {"country_iso": "NZL", "city_id": 13130, "log_pop": 3.502994, "log_mass": 6.555026}, {"country_iso": "NZL", "city_id": 13131, "log_pop": 3.573716, "log_mass": 6.130944}, {"country_iso": "NZL", "city_id": 13127, "log_pop": 2.084597, "log_mass": 5.072958}, {"country_iso": "NZL", "city_id": 13071, "log_pop": 3.058579, "log_mass": 5.812957}, {"country_iso": "NZL", "city_id": 13131, "log_pop": 2.840507, "log_mass": 5.447133}, {"country_iso": "NZL", "city_id": 13131, "log_pop": 3.504054, "log_mass": 6.192109}, {"country_iso": "NZL", "city_id": 13129, "log_pop": 4.098941, "log_mass": 6.603487}, {"country_iso": "NZL", "city_id": 13130, "log_pop": 3.126568, "log_mass": 5.820942}, {"country_iso": "NZL", "city_id": 13129, "log_pop": 3.624982, "log_mass": 6.293791}, {"country_iso": "NZL", "city_id": 13071, "log_pop": 4.029453, "log_mass": 6.626723}, {"country_iso": "NZL", "city_id": 13121, "log_pop": 2.767668, "log_mass": 5.25469}, {"country_iso": "NZL", "city_id": 13129, "log_pop": 3.975789, "log_mass": 6.548405}, {"country_iso": "NZL", "city_id": 13129, "log_pop": 3.935249, "log_mass": 6.6029}, {"country_iso": "NZL", "city_id": 13129, "log_pop": 2.09299, "log_mass": 4.945577}, {"country_iso": "NZL", "city_id": 13129, "log_pop": 2.238102, "log_mass": 4.845307}, {"country_iso": "NZL", "city_id": 13129, "log_pop": 3.735071, "log_mass": 6.169842}, {"country_iso": "NZL", "city_id": 13129, "log_pop": 4.012773, "log_mass": 6.514514}, {"country_iso": "NZL", "city_id": 13129, "log_pop": 4.095296, "log_mass": 6.672798}, {"country_iso": "NZL", "city_id": 13129, "log_pop": 4.163828, "log_mass": 6.563419}, {"country_iso": "NZL", "city_id": 13131, "log_pop": 3.486216, "log_mass": 6.448949}, {"country_iso": "NZL", "city_id": 13130, "log_pop": 4.004817, "log_mass": 6.542078}, {"country_iso": "NZL", "city_id": 13071, "log_pop": 3.392294, "log_mass": 6.628619}, {"country_iso": "NZL", "city_id": 13071, "log_pop": 3.335071, "log_mass": 5.930179}, {"country_iso": "NZL", "city_id": 13129, "log_pop": 3.411499, "log_mass": 5.953803}, {"country_iso": "NZL", "city_id": 13071, "log_pop": 2.16652, "log_mass": 4.894928}, {"country_iso": "NZL", "city_id": 13130, "log_pop": 2.814895, "log_mass": 5.504271}, {"country_iso": "NZL", "city_id": 13131, "log_pop": 3.640579, "log_mass": 6.427428}, {"country_iso": "NZL", "city_id": 13130, "log_pop": 3.665892, "log_mass": 6.144784}, {"country_iso": "NZL", "city_id": 13129, "log_pop": 3.931978, "log_mass": 6.489914}, {"country_iso": "NZL", "city_id": 13121, "log_pop": 1.523478, "log_mass": 5.085735}, {"country_iso": "NZL", "city_id": 13129, "log_pop": 3.407883, "log_mass": 6.605613}, {"country_iso": "NZL", "city_id": 13127, "log_pop": 3.880353, "log_mass": 6.604243}, {"country_iso": "NZL", "city_id": 13129, "log_pop": 1.613518, "log_mass": 5.033264}]