[{"country_iso": "GRC", "city_id": 3420, "log_pop": 3.397196, "log_mass": 5.957898, "log_pop_c": -0.508566, "log_mass_c": -0.380147}, {"country_iso": "GRC", "city_id": 3393, "log_pop": 0.786138, "log_mass": 4.559937, "log_pop_c": -2.034047, "log_mass_c": -1.023424}, {"country_iso": "GRC", "city_id": 3420, "log_pop": 3.930357, "log_mass": 6.455735, "log_pop_c": 0.024595, "log_mass_c": 0.11769}, {"country_iso": "GRC", "city_id": 3393, "log_pop": 4.257706, "log_mass": 6.518664, "log_pop_c": 1.437521, "log_mass_c": 0.935304}, {"country_iso": "GRC", "city_id": 3420, "log_pop": 4.526661, "log_mass": 6.889269, "log_pop_c": 0.6209, "log_mass_c": 0.551223}, {"country_iso": "GRC", "city_id": 3377, "log_pop": 3.481913, "log_mass": 5.747379, "log_pop_c": 0.177245, "log_mass_c": -0.001591}, {"country_iso": "GRC", "city_id": 3384, "log_pop": 4.126931, "log_mass": 6.686, "log_pop_c": 0.589865, "log_mass_c": 0.53647}, {"country_iso": "GRC", "city_id": 3384, "log_pop": 2.835536, "log_mass": 5.568695, "log_pop_c": -0.70153, "log_mass_c": -0.580836}, {"country_iso": "GRC", "city_id": 3384, "log_pop": 4.781191, "log_mass": 6.822251, "log_pop_c": 1.244124, "log_mass_c": 0.672721}, {"country_iso": "GRC", "city_id": 3384, "log_pop": 4.567631, "log_mass": 6.791964, "log_pop_c": 1.030565, "log_mass_c": 0.642433}, {"country_iso": "GRC", "city_id": 3420, "log_pop": 4.930428, "log_mass": 7.049205, "log_pop_c": 1.024666, "log_mass_c": 0.71116}, {"country_iso": "GRC", "city_id": 3420, "log_pop": 4.792126, "log_mass": 6.945195, "log_pop_c": 0.886364, "log_mass_c": 0.60715}, {"country_iso": "GRC", "city_id": 3420, "log_pop": 4.012797, "log_mass": 6.610624, "log_pop_c": 0.107036, "log_mass_c": 0.272578}, {"country_iso": "GRC", "city_id": 3420, "log_pop": 3.881301, "log_mass": 6.229227, "log_pop_c": -0.02446, "log_mass_c": -0.108819}, {"country_iso": "GRC", "city_id": 3377, "log_pop": 3.815688, "log_mass": 6.1312, "log_pop_c": 0.511019, "log_mass_c": 0.38223}, {"country_iso": "GRC", "city_id": 3420, "log_pop": 4.066845, "log_mass": 6.471799, "log_pop_c": 0.161083, "log_mass_c": 0.133753}, {"country_iso": "GRC", "city_id": 3393, "log_pop": 2.460459, "log_mass": 5.034215, "log_pop_c": -0.359726, "log_mass_c": -0.549146}, {"country_iso": "GRC", "city_id": 3420, "log_pop": 3.719628, "log_mass": 6.38503, "log_pop_c": -0.186134, "log_mass_c": 0.046984}, {"country_iso": "GRC", "city_id": 3420, "log_pop": 4.286916, "log_mass": 6.691805, "log_pop_c": 0.381154, "log_mass_c": 0.35376}, {"country_iso": "GRC", "city_id": 3420, "log_pop": 4.382618, "log_mass": 6.696392, "log_pop_c": 0.476856, "log_mass_c": 0.358347}, {"country_iso": "GRC", "city_id": 3377, "log_pop": 3.381463, "log_mass": 5.833021, "log_pop_c": 0.076795, "log_mass_c": 0.084051}, {"country_iso": "GRC", "city_id": 3384, "log_pop": 4.323928, "log_mass": 6.431034, "log_pop_c": 0.786862, "log_mass_c": 0.281504}, {"country_iso": "GRC", "city_id": 3420, "log_pop": 4.686455, "log_mass": 6.895254, "log_pop_c": 0.780693, "log_mass_c": 0.557208}, {"country_iso": "GRC", "city_id": 3420, "log_pop": 4.65315, "log_mass": 6.792635, "log_pop_c": 0.747388, "log_mass_c": 0.45459}, {"country_iso": "GRC", "city_id": 3420, "log_pop": 3.939032, "log_mass": 6.257252, "log_pop_c": 0.03327, "log_mass_c": -0.080793}, {"country_iso": "GRC", "city_id": 3420, "log_pop": 4.439897, "log_mass": 6.815516, "log_pop_c": 0.534135, "log_mass_c": 0.47747}, {"country_iso": "GRC", "city_id": 3420, "log_pop": 3.310706, "log_mass": 5.987148, "log_pop_c": -0.595056, "log_mass_c": -0.350898}, {"country_iso": "GRC", "city_id": 3377, "log_pop": 3.456334, "log_mass": 5.949822, "log_pop_c": 0.151665, "log_mass_c": 0.200852}, {"country_iso": "GRC", "city_id": 3420, "log_pop": 0.859449, "log_mass": 4.13382, "log_pop_c": -3.046312, "log_mass_c": -2.204226}, {"country_iso": "GRC", "city_id": 3393, "log_pop": 4.470788, "log_mass": 6.684904, "log_pop_c": 1.650603, "log_mass_c": 1.101543}, {"country_iso": "GRC", "city_id": 3420, "log_pop": 4.906348, "log_mass": 7.009503, "log_pop_c": 1.000586, "log_mass_c": 0.671458}, {"country_iso": "GRC", "city_id": 3369, "log_pop": 2.795387, "log_mass": 5.577165, "log_pop_c": -0.434077, "log_mass_c": -0.132767}, {"country_iso": "GRC", "city_id": 3384, "log_pop": 2.40664, "log_mass": 5.434477, "log_pop_c": -1.130426, "log_mass_c": -0.715054}, {"country_iso": "GRC", "city_id": 3420, "log_pop": 4.656843, "log_mass": 6.854928, "log_pop_c": 0.751081, "log_mass_c": 0.516883}, {"country_iso": "GRC", "city_id": 3369, "log_pop": 0.965984, "log_mass": 3.392058, "log_pop_c": -2.263479, "log_mass_c": -2.317874}, {"country_iso": "GRC", "city_id": 3384, "log_pop": 1.489639, "log_mass": 4.584298, "log_pop_c": -2.047428, "log_mass_c": -1.565233}, {"country_iso": "GRC", "city_id": 3377, "log_pop": 2.473373, "log_mass": 5.024389, "log_pop_c": -0.831296, "log_mass_c": -0.724581}, {"country_iso": "GRC", "city_id": 3393, "log_pop": 3.728031, "log_mass": 6.067233, "log_pop_c": 0.907846, "log_mass_c": 0.483873}, {"country_iso": "GRC", "city_id": 3369, "log_pop": 3.541818, "log_mass": 6.090837, "log_pop_c": 0.312355, "log_mass_c": 0.380905}, {"country_iso": "GRC", "city_id": 3420, "log_pop": 4.864594, "log_mass": 6.917562, "log_pop_c": 0.958833, "log_mass_c": 0.579516}, {"country_iso": "GRC", "city_id": 3420, "log_pop": 4.698887, "log_mass": 6.808912, "log_pop_c": 0.793125, "log_mass_c": 0.470866}, {"country_iso": "GRC", "city_id": 3369, "log_pop": 3.617646, "log_mass": 6.124913, "log_pop_c": 0.388183, "log_mass_c": 0.414981}, {"country_iso": "GRC", "city_id": 3420, "log_pop": 2.562187, "log_mass": 5.397414, "log_pop_c": -1.343575, "log_mass_c": -0.940632}, {"country_iso": "GRC", "city_id": 3393, "log_pop": 1.270397, "log_mass": 4.160312, "log_pop_c": -1.549788, "log_mass_c": -1.423048}, {"country_iso": "GRC", "city_id": 3420, "log_pop": 3.67495, "log_mass": 6.334174, "log_pop_c": -0.230812, "log_mass_c": -0.003872}, {"country_iso": "GRC", "city_id": 3477, "log_pop": 4.537293, "log_mass": 6.703544, "log_pop_c": 1.430379, "log_mass_c": 1.041751}, {"country_iso": "GRC", "city_id": 3420, "log_pop": 4.549548, "log_mass": 6.934688, "log_pop_c": 0.643786, "log_mass_c": 0.596642}, {"country_iso": "GRC", "city_id": 3420, "log_pop": 1.58856, "log_mass": 4.505741, "log_pop_c": -2.317202, "log_mass_c": -1.832305}, {"country_iso": "GRC", "city_id": 3420, "log_pop": 3.467934, "log_mass": 6.095067, "log_pop_c": -0.437828, "log_mass_c": -0.242979}, {"country_iso": "GRC", "city_id": 3384, "log_pop": 3.522988, "log_mass": 5.959688, "log_pop_c": -0.014078, "log_mass_c": -0.189843}, {"country_iso": "GRC", "city_id": 3420, "log_pop": 3.835868, "log_mass": 6.387681, "log_pop_c": -0.069894, "log_mass_c": 0.049636}, {"country_iso": "GRC", "city_id": 3369, "log_pop": 3.558401, "log_mass": 6.027437, "log_pop_c": 0.328937, "log_mass_c": 0.317505}, {"country_iso": "GRC", "city_id": 3420, "log_pop": 1.79797, "log_mass": 5.135592, "log_pop_c": -2.107792, "log_mass_c": -1.202453}, {"country_iso": "GRC", "city_id": 3420, "log_pop": 4.307202, "log_mass": 6.54311, "log_pop_c": 0.40144, "log_mass_c": 0.205064}, {"country_iso": "GRC", "city_id": 3369, "log_pop": 3.882646, "log_mass": 6.204343, "log_pop_c": 0.653183, "log_mass_c": 0.494411}, {"country_iso": "GRC", "city_id": 3420, "log_pop": 2.191688, "log_mass": 4.637838, "log_pop_c": -1.714074, "log_mass_c": -1.700208}, {"country_iso": "GRC", "city_id": 3420, "log_pop": 4.042208, "log_mass": 6.548868, "log_pop_c": 0.136446, "log_mass_c": 0.210823}, {"country_iso": "GRC", "city_id": 3377, "log_pop": 4.436439, "log_mass": 6.618032, "log_pop_c": 1.131771, "log_mass_c": 0.869062}, {"country_iso": "GRC", "city_id": 3384, "log_pop": 3.73598, "log_mass": 6.410794, "log_pop_c": 0.198914, "log_mass_c": 0.261264}, {"country_iso": "GRC", "city_id": 3420, "log_pop": 4.014346, "log_mass": 6.523762, "log_pop_c": 0.108584, "log_mass_c": 0.185717}, {"country_iso": "GRC", "city_id": 3369, "log_pop": 4.179602, "log_mass": 6.449022, "log_pop_c": 0.950138, "log_mass_c": 0.73909}, {"country_iso": "GRC", "city_id": 3477, "log_pop": 1.095923, "log_mass": 3.815327, "log_pop_c": -2.010991, "log_mass_c": -1.846465}, {"country_iso": "GRC", "city_id": 3477, "log_pop": 3.707221, "log_mass": 6.140326, "log_pop_c": 0.600306, "log_mass_c": 0.478534}, {"country_iso": "GRC", "city_id": 3420, "log_pop": 4.908515, "log_mass": 6.906213, "log_pop_c": 1.002753, "log_mass_c": 0.568167}, {"country_iso": "GRC", "city_id": 3420, "log_pop": 2.722142, "log_mass": 5.46553, "log_pop_c": -1.18362, "log_mass_c": -0.872515}, {"country_iso": "GRC", "city_id": 3384, "log_pop": 2.60366, "log_mass": 5.411827, "log_pop_c": -0.933407, "log_mass_c": -0.737704}, {"country_iso": "GRC", "city_id": 3420, "log_pop": 4.742417, "log_mass": 6.877609, "log_pop_c": 0.836656, "log_mass_c": 0.539564}, {"country_iso": "GRC", "city_id": 3420, "log_pop": 4.753736, "log_mass": 6.876402, "log_pop_c": 0.847974, "log_mass_c": 0.538356}, {"country_iso": "GRC", "city_id": 3384, "log_pop": 3.622474, "log_mass": 6.439794, "log_pop_c": 0.085407, "log_mass_c": 0.290263}, {"country_iso": "GRC", "city_id": 3420, "log_pop": 3.345585, "log_mass": 6.009426, "log_pop_c": -0.560177, "log_mass_c": -0.32862}, {"country_iso": "GRC", "city_id": 3420, "log_pop": 4.850241, "log_mass": 6.995319, "log_pop_c": 0.944479, "log_mass_c": 0.657274}, {"country_iso": "GRC", "city_id": 3420, "log_pop": 4.50817, "log_mass": 6.944639, "log_pop_c": 0.602408, "log_mass_c": 0.606593}, {"country_iso": "GRC", "city_id": 3384, "log_pop": 3.08937, "log_mass": 5.704865, "log_pop_c": -0.447697, "log_mass_c": -0.444666}, {"country_iso": "GRC", "city_id": 3420, "log_pop": 3.836499, "log_mass": 6.367687, "log_pop_c": -0.069263, "log_mass_c": 0.029642}, {"country_iso": "GRC", "city_id": 3477, "log_pop": 3.851403, "log_mass": 6.31963, "log_pop_c": 0.744489, "log_mass_c": 0.657837}, {"country_iso": "GRC", "city_id": 3420, "log_pop": 3.026677, "log_mass": 5.675275, "log_pop_c": -0.879084, "log_mass_c": -0.662771}, {"country_iso": "GRC", "city_id": 3477, "log_pop": 2.918363, "log_mass": 5.435689, "log_pop_c": -0.188551, "log_mass_c": -0.226103}, {"country_iso": "GRC", "city_id": 3420, "log_pop": 4.63724, "log_mass": 6.844964, "log_pop_c": 0.731479, "log_mass_c": 0.506918}, {"country_iso": "GRC", "city_id": 3384, "log_pop": 4.861746, "log_mass": 6.907394, "log_pop_c": 1.324679, "log_mass_c": 0.757863}, {"country_iso": "GRC", "city_id": 3384, "log_pop": 2.36485, "log_mass": 5.858088, "log_pop_c": -1.172216, "log_mass_c": -0.291443}, {"country_iso": "GRC", "city_id": 3420, "log_pop": 2.887494, "log_mass": 5.497155, "log_pop_c": -1.018268, "log_mass_c": -0.840891}, {"country_iso": "GRC", "city_id": 3377, "log_pop": 4.188425, "log_mass": 6.346233, "log_pop_c": 0.883756, "log_mass_c": 0.597263}, {"country_iso": "GRC", "city_id": 3384, "log_pop": 4.87548, "log_mass": 6.856536, "log_pop_c": 1.338413, "log_mass_c": 0.707006}, {"country_iso": "GRC", "city_id": 3420, "log_pop": 2.874145, "log_mass": 5.312819, "log_pop_c": -1.031616, "log_mass_c": -1.025227}, {"country_iso": "GRC", "city_id": 3420, "log_pop": 4.972008, "log_mass": 7.126866, "log_pop_c": 1.066246, "log_mass_c": 0.788821}, {"country_iso": "GRC", "city_id": 3384, "log_pop": 3.886148, "log_mass": 6.474389, "log_pop_c": 0.349082, "log_mass_c": 0.324858}, {"country_iso": "GRC", "city_id": 3420, "log_pop": 4.569552, "log_mass": 6.838648, "log_pop_c": 0.66379, "log_mass_c": 0.500602}, {"country_iso": "GRC", "city_id": 3384, "log_pop": 4.692013, "log_mass": 6.836401, "log_pop_c": 1.154946, "log_mass_c": 0.68687}, {"country_iso": "GRC", "city_id": 3393, "log_pop": 2.742479, "log_mass": 5.309308, "log_pop_c": -0.077706, "log_mass_c": -0.274052}, {"country_iso": "GRC", "city_id": 3384, "log_pop": 3.686798, "log_mass": 6.352238, "log_pop_c": 0.149731, "log_mass_c": 0.202707}, {"country_iso": "GRC", "city_id": 3393, "log_pop": 1.627633, "log_mass": 5.032537, "log_pop_c": -1.192552, "log_mass_c": -0.550824}, {"country_iso": "GRC", "city_id": 3384, "log_pop": 2.888737, "log_mass": 6.149616, "log_pop_c": -0.64833, "log_mass_c": 8.6e-05}, {"country_iso": "GRC", "city_id": 3420, "log_pop": 2.656148, "log_mass": 5.663759, "log_pop_c": -1.249614, "log_mass_c": -0.674287}, {"country_iso": "GRC", "city_id": 3420, "log_pop": 4.510549, "log_mass": 6.592587, "log_pop_c": 0.604788, "log_mass_c": 0.254541}, {"country_iso": "GRC", "city_id": 3393, "log_pop": 2.275826, "log_mass": 5.036023, "log_pop_c": -0.544359, "log_mass_c": -0.547338}, {"country_iso": "GRC", "city_id": 3384, "log_pop": 2.190519, "log_mass": 5.227221, "log_pop_c": -1.346548, "log_mass_c": -0.922309}, {"country_iso": "GRC", "city_id": 3369, "log_pop": 4.236365, "log_mass": 6.500513, "log_pop_c": 1.006901, "log_mass_c": 0.790581}, {"country_iso": "GRC", "city_id": 3393, "log_pop": 1.845773, "log_mass": 4.944225, "log_pop_c": -0.974412, "log_mass_c": -0.639135}, {"country_iso": "GRC", "city_id": 3420, "log_pop": 4.547418, "log_mass": 6.834583, "log_pop_c": 0.641656, "log_mass_c": 0.496537}, {"country_iso": "GRC", "city_id": 3477, "log_pop": 3.917724, "log_mass": 6.360111, "log_pop_c": 0.81081, "log_mass_c": 0.698318}, {"country_iso": "GRC", "city_id": 3420, "log_pop": 2.555968, "log_mass": 5.308847, "log_pop_c": -1.349794, "log_mass_c": -1.029198}, {"country_iso": "GRC", "city_id": 3420, "log_pop": 4.092807, "log_mass": 6.629681, "log_pop_c": 0.187045, "log_mass_c": 0.291635}, {"country_iso": "GRC", "city_id": 3420, "log_pop": 4.171325, "log_mass": 6.531489, "log_pop_c": 0.265563, "log_mass_c": 0.193443}, {"country_iso": "GRC", "city_id": 3420, "log_pop": 4.554661, "log_mass": 6.782069, "log_pop_c": 0.6489, "log_mass_c": 0.444023}, {"country_iso": "GRC", "city_id": 3420, "log_pop": 3.418075, "log_mass": 5.843746, "log_pop_c": -0.487686, "log_mass_c": -0.494299}, {"country_iso": "GRC", "city_id": 3369, "log_pop": 1.098089, "log_mass": 3.71921, "log_pop_c": -2.131375, "log_mass_c": -1.990722}, {"country_iso": "GRC", "city_id": 3377, "log_pop": 2.20714, "log_mass": 4.936259, "log_pop_c": -1.097529, "log_mass_c": -0.812711}, {"country_iso": "GRC", "city_id": 3420, "log_pop": 3.244956, "log_mass": 5.947941, "log_pop_c": -0.660806, "log_mass_c": -0.390105}, {"country_iso": "GRC", "city_id": 3420, "log_pop": 1.54027, "log_mass": 4.552257, "log_pop_c": -2.365492, "log_mass_c": -1.785789}, {"country_iso": "GRC", "city_id": 3393, "log_pop": 4.466516, "log_mass": 6.676598, "log_pop_c": 1.646331, "log_mass_c": 1.093238}, {"country_iso": "GRC", "city_id": 3393, "log_pop": 3.01961, "log_mass": 6.283407, "log_pop_c": 0.199425, "log_mass_c": 0.700047}, {"country_iso": "GRC", "city_id": 3420, "log_pop": 4.979742, "log_mass": 7.174875, "log_pop_c": 1.073981, "log_mass_c": 0.836829}, {"country_iso": "GRC", "city_id": 3420, "log_pop": 4.593344, "log_mass": 6.718308, "log_pop_c": 0.687582, "log_mass_c": 0.380263}, {"country_iso": "GRC", "city_id": 3420, "log_pop": 4.969557, "log_mass": 7.228135, "log_pop_c": 1.063796, "log_mass_c": 0.890089}, {"country_iso": "GRC", "city_id": 3420, "log_pop": 4.771831, "log_mass": 6.865527, "log_pop_c": 0.86607, "log_mass_c": 0.527482}, {"country_iso": "GRC", "city_id": 3420, "log_pop": 2.57687, "log_mass": 5.226342, "log_pop_c": -1.328891, "log_mass_c": -1.111703}, {"country_iso": "GRC", "city_id": 3384, "log_pop": 3.029291, "log_mass": 5.803643, "log_pop_c": -0.507776, "log_mass_c": -0.345888}, {"country_iso": "GRC", "city_id": 3420, "log_pop": 3.573544, "log_mass": 5.726887, "log_pop_c": -0.332218, "log_mass_c": -0.611159}, {"country_iso": "GRC", "city_id": 3420, "log_pop": 2.132917, "log_mass": 5.46624, "log_pop_c": -1.772845, "log_mass_c": -0.871806}, {"country_iso": "GRC", "city_id": 3477, "log_pop": 4.200779, "log_mass": 6.313464, "log_pop_c": 1.093865, "log_mass_c": 0.651672}, {"country_iso": "GRC", "city_id": 3369, "log_pop": 3.541467, "log_mass": 6.102933, "log_pop_c": 0.312003, "log_mass_c": 0.393001}, {"country_iso": "GRC", "city_id": 3420, "log_pop": 4.079256, "log_mass": 6.541476, "log_pop_c": 0.173495, "log_mass_c": 0.20343}, {"country_iso": "GRC", "city_id": 3420, "log_pop": 4.538794, "log_mass": 6.787419, "log_pop_c": 0.633032, "log_mass_c": 0.449374}, {"country_iso": "GRC", "city_id": 3393, "log_pop": 3.711049, "log_mass": 6.276322, "log_pop_c": 0.890864, "log_mass_c": 0.692962}, {"country_iso": "GRC", "city_id": 3477, "log_pop": 3.035704, "log_mass": 5.760722, "log_pop_c": -0.07121, "log_mass_c": 0.098929}, {"country_iso": "GRC", "city_id": 3420, "log_pop": 3.855234, "log_mass": 6.275892, "log_pop_c": -0.050528, "log_mass_c": -0.062153}, {"country_iso": "GRC", "city_id": 3420, "log_pop": 4.405243, "log_mass": 6.828884, "log_pop_c": 0.499481, "log_mass_c": 0.490839}, {"country_iso": "GRC", "city_id": 3420, "log_pop": 4.05494, "log_mass": 6.413481, "log_pop_c": 0.149179, "log_mass_c": 0.075435}, {"country_iso": "GRC", "city_id": 3420, "log_pop": 4.316209, "log_mass": 6.819964, "log_pop_c": 0.410447, "log_mass_c": 0.481918}, {"country_iso": "GRC", "city_id": 3384, "log_pop": 2.543764, "log_mass": 5.315072, "log_pop_c": -0.993303, "log_mass_c": -0.834458}, {"country_iso": "GRC", "city_id": 3384, "log_pop": 4.360778, "log_mass": 6.681138, "log_pop_c": 0.823711, "log_mass_c": 0.531608}, {"country_iso": "GRC", "city_id": 3420, "log_pop": 4.772213, "log_mass": 7.006817, "log_pop_c": 0.866451, "log_mass_c": 0.668771}, {"country_iso": "GRC", "city_id": 3420, "log_pop": 3.06249, "log_mass": 5.605117, "log_pop_c": -0.843272, "log_mass_c": -0.732929}, {"country_iso": "GRC", "city_id": 3384, "log_pop": 3.916555, "log_mass": 6.199138, "log_pop_c": 0.379488, "log_mass_c": 0.049607}, {"country_iso": "GRC", "city_id": 3369, "log_pop": 3.100484, "log_mass": 5.77266, "log_pop_c": -0.128979, "log_mass_c": 0.062728}, {"country_iso": "GRC", "city_id": 3477, "log_pop": 2.069601, "log_mass": 4.687204, "log_pop_c": -1.037313, "log_mass_c": -0.974588}, {"country_iso": "GRC", "city_id": 3477, "log_pop": 0.015273, "log_mass": 3.495742, "log_pop_c": -3.091641, "log_mass_c": -2.16605}, {"country_iso": "GRC", "city_id": 3420, "log_pop": 1.324163, "log_mass": 3.803743, "log_pop_c": -2.581598, "log_mass_c": -2.534303}, {"country_iso": "GRC", "city_id": 3420, "log_pop": 4.706201, "log_mass": 6.905839, "log_pop_c": 0.800439, "log_mass_c": 0.567793}, {"country_iso": "GRC", "city_id": 3420, "log_pop": 4.593325, "log_mass": 6.892579, "log_pop_c": 0.687564, "log_mass_c": 0.554533}, {"country_iso": "GRC", "city_id": 3384, "log_pop": 4.117905, "log_mass": 6.379365, "log_pop_c": 0.580838, "log_mass_c": 0.229834}, {"country_iso": "GRC", "city_id": 3420, "log_pop": 3.527917, "log_mass": 6.040431, "log_pop_c": -0.377844, "log_mass_c": -0.297615}, {"country_iso": "GRC", "city_id": 3420, "log_pop": 4.890369, "log_mass": 7.13306, "log_pop_c": 0.984607, "log_mass_c": 0.795015}, {"country_iso": "GRC", "city_id": 3420, "log_pop": 4.877849, "log_mass": 7.055044, "log_pop_c": 0.972088, "log_mass_c": 0.716998}, {"country_iso": "GRC", "city_id": 3369, "log_pop": 3.25076, "log_mass": 5.626128, "log_pop_c": 0.021297, "log_mass_c": -0.083804}, {"country_iso": "GRC", "city_id": 3369, "log_pop": 4.187661, "log_mass": 6.676369, "log_pop_c": 0.958198, "log_mass_c": 0.966437}, {"country_iso": "GRC", "city_id": 3420, "log_pop": 4.757904, "log_mass": 6.987836, "log_pop_c": 0.852143, "log_mass_c": 0.64979}, {"country_iso": "GRC", "city_id": 3384, "log_pop": 3.87509, "log_mass": 6.566281, "log_pop_c": 0.338024, "log_mass_c": 0.41675}, {"country_iso": "GRC", "city_id": 3384, "log_pop": 4.80425, "log_mass": 6.846996, "log_pop_c": 1.267184, "log_mass_c": 0.697465}, {"country_iso": "GRC", "city_id": 3420, "log_pop": 2.117291, "log_mass": 5.040001, "log_pop_c": -1.788471, "log_mass_c": -1.298045}, {"country_iso": "GRC", "city_id": 3369, "log_pop": 3.4865, "log_mass": 6.08891, "log_pop_c": 0.257036, "log_mass_c": 0.378978}, {"country_iso": "GRC", "city_id": 3384, "log_pop": 4.860976, "log_mass": 6.973014, "log_pop_c": 1.32391, "log_mass_c": 0.823484}, {"country_iso": "GRC", "city_id": 3384, "log_pop": 3.273647, "log_mass": 6.632505, "log_pop_c": -0.26342, "log_mass_c": 0.482974}, {"country_iso": "GRC", "city_id": 3420, "log_pop": 3.758794, "log_mass": 6.411555, "log_pop_c": -0.146968, "log_mass_c": 0.07351}, {"country_iso": "GRC", "city_id": 3369, "log_pop": 2.118799, "log_mass": 4.53329, "log_pop_c": -1.110665, "log_mass_c": -1.176642}, {"country_iso": "GRC", "city_id": 3384, "log_pop": 2.465819, "log_mass": 5.179266, "log_pop_c": -1.071247, "log_mass_c": -0.970265}, {"country_iso": "GRC", "city_id": 3369, "log_pop": 2.653691, "log_mass": 5.241424, "log_pop_c": -0.575773, "log_mass_c": -0.468508}, {"country_iso": "GRC", "city_id": 3369, "log_pop": 4.685579, "log_mass": 6.941632, "log_pop_c": 1.456116, "log_mass_c": 1.2317}, {"country_iso": "GRC", "city_id": 3420, "log_pop": 4.286823, "log_mass": 6.689346, "log_pop_c": 0.381061, "log_mass_c": 0.351301}, {"country_iso": "GRC", "city_id": 3420, "log_pop": 4.214869, "log_mass": 6.579211, "log_pop_c": 0.309107, "log_mass_c": 0.241166}, {"country_iso": "GRC", "city_id": 3420, "log_pop": 4.390065, "log_mass": 6.73252, "log_pop_c": 0.484303, "log_mass_c": 0.394474}, {"country_iso": "GRC", "city_id": 3420, "log_pop": 4.250957, "log_mass": 6.727205, "log_pop_c": 0.345195, "log_mass_c": 0.389159}, {"country_iso": "GRC", "city_id": 3477, "log_pop": 4.592675, "log_mass": 6.745761, "log_pop_c": 1.485761, "log_mass_c": 1.083968}, {"country_iso": "GRC", "city_id": 3420, "log_pop": 4.033379, "log_mass": 6.390589, "log_pop_c": 0.127618, "log_mass_c": 0.052543}, {"country_iso": "GRC", "city_id": 3420, "log_pop": 3.959393, "log_mass": 6.440104, "log_pop_c": 0.053631, "log_mass_c": 0.102058}, {"country_iso": "GRC", "city_id": 3420, "log_pop": 3.084058, "log_mass": 5.411954, "log_pop_c": -0.821704, "log_mass_c": -0.926092}, {"country_iso": "GRC", "city_id": 3384, "log_pop": 0.757775, "log_mass": 4.993674, "log_pop_c": -2.779292, "log_mass_c": -1.155856}, {"country_iso": "GRC", "city_id": 3420, "log_pop": 3.495537, "log_mass": 6.036598, "log_pop_c": -0.410225, "log_mass_c": -0.301448}, {"country_iso": "GRC", "city_id": 3377, "log_pop": 4.509931, "log_mass": 6.745317, "log_pop_c": 1.205262, "log_mass_c": 0.996347}, {"country_iso": "GRC", "city_id": 3477, "log_pop": 3.46864, "log_mass": 5.921209, "log_pop_c": 0.361726, "log_mass_c": 0.259416}, {"country_iso": "GRC", "city_id": 3384, "log_pop": 4.836096, "log_mass": 6.917054, "log_pop_c": 1.29903, "log_mass_c": 0.767524}, {"country_iso": "GRC", "city_id": 3420, "log_pop": 3.061262, "log_mass": 5.870519, "log_pop_c": -0.8445, "log_mass_c": -0.467526}, {"country_iso": "GRC", "city_id": 3377, "log_pop": 2.781709, "log_mass": 5.419447, "log_pop_c": -0.522959, "log_mass_c": -0.329523}, {"country_iso": "GRC", "city_id": 3477, "log_pop": 2.397902, "log_mass": 5.554976, "log_pop_c": -0.709012, "log_mass_c": -0.106816}, {"country_iso": "GRC", "city_id": 3384, "log_pop": 3.418391, "log_mass": 6.172967, "log_pop_c": -0.118675, "log_mass_c": 0.023436}, {"country_iso": "GRC", "city_id": 3420, "log_pop": 4.182172, "log_mass": 6.558526, "log_pop_c": 0.27641, "log_mass_c": 0.22048}, {"country_iso": "GRC", "city_id": 3377, "log_pop": 1.924837, "log_mass": 4.623481, "log_pop_c": -1.379832, "log_mass_c": -1.125489}, {"country_iso": "GRC", "city_id": 3384, "log_pop": 4.440041, "log_mass": 6.814141, "log_pop_c": 0.902975, "log_mass_c": 0.664611}, {"country_iso": "GRC", "city_id": 3377, "log_pop": 2.998771, "log_mass": 5.613058, "log_pop_c": -0.305897, "log_mass_c": -0.135912}, {"country_iso": "GRC", "city_id": 3420, "log_pop": 4.913503, "log_mass": 7.17648, "log_pop_c": 1.007742, "log_mass_c": 0.838434}, {"country_iso": "GRC", "city_id": 3420, "log_pop": 4.975046, "log_mass": 7.171885, "log_pop_c": 1.069284, "log_mass_c": 0.833839}, {"country_iso": "GRC", "city_id": 3420, "log_pop": 4.507946, "log_mass": 6.838179, "log_pop_c": 0.602184, "log_mass_c": 0.500133}, {"country_iso": "GRC", "city_id": 3420, "log_pop": 4.723848, "log_mass": 6.847454, "log_pop_c": 0.818086, "log_mass_c": 0.509408}, {"country_iso": "GRC", "city_id": 3420, "log_pop": 0.71434, "log_mass": 3.970809, "log_pop_c": -3.191422, "log_mass_c": -2.367237}, {"country_iso": "GRC", "city_id": 3420, "log_pop": 4.05581, "log_mass": 6.465107, "log_pop_c": 0.150048, "log_mass_c": 0.127061}, {"country_iso": "GRC", "city_id": 3477, "log_pop": 3.47829, "log_mass": 5.965879, "log_pop_c": 0.371376, "log_mass_c": 0.304086}, {"country_iso": "GRC", "city_id": 3384, "log_pop": 3.946334, "log_mass": 6.169128, "log_pop_c": 0.409267, "log_mass_c": 0.019598}, {"country_iso": "GRC", "city_id": 3420, "log_pop": 4.071898, "log_mass": 6.383964, "log_pop_c": 0.166136, "log_mass_c": 0.045918}, {"country_iso": "GRC", "city_id": 3420, "log_pop": 3.862621, "log_mass": 6.355521, "log_pop_c": -0.043141, "log_mass_c": 0.017475}, {"country_iso": "GRC", "city_id": 3384, "log_pop": 2.135424, "log_mass": 4.832152, "log_pop_c": -1.401642, "log_mass_c": -1.317379}, {"country_iso": "GRC", "city_id": 3420, "log_pop": 4.968336, "log_mass": 6.921738, "log_pop_c": 1.062574, "log_mass_c": 0.583692}, {"country_iso": "GRC", "city_id": 3477, "log_pop": 3.316922, "log_mass": 5.707304, "log_pop_c": 0.210008, "log_mass_c": 0.045511}, {"country_iso": "GRC", "city_id": 3420, "log_pop": 4.687022, "log_mass": 6.957249, "log_pop_c": 0.78126, "log_mass_c": 0.619204}]