[{"country_iso":"JOR","city_id":4408,"log_pop":1.3461106834,"log_mass":4.0826588268},{"country_iso":"JOR","city_id":4408,"log_pop":2.5500234893,"log_mass":5.1026979957},{"country_iso":"JOR","city_id":4408,"log_pop":1.7615628209,"log_mass":4.6713185972},{"country_iso":"JOR","city_id":4408,"log_pop":3.6157558111,"log_mass":6.162666488},{"country_iso":"JOR","city_id":4408,"log_pop":3.298515928,"log_mass":5.9771756748},{"country_iso":"JOR","city_id":4408,"log_pop":3.6979162804,"log_mass":5.8618970557},{"country_iso":"JOR","city_id":4408,"log_pop":2.9107212532,"log_mass":5.5397855148},{"country_iso":"JOR","city_id":4408,"log_pop":2.8546292963,"log_mass":4.9759502787},{"country_iso":"JOR","city_id":4408,"log_pop":3.7050587117,"log_mass":5.8973924367},{"country_iso":"JOR","city_id":4408,"log_pop":1.9465650142,"log_mass":4.3829217994},{"country_iso":"JOR","city_id":4408,"log_pop":2.2828358974,"log_mass":4.8258510587},{"country_iso":"JOR","city_id":4408,"log_pop":4.5000523841,"log_mass":6.7360915234},{"country_iso":"JOR","city_id":4408,"log_pop":4.7923438114,"log_mass":6.9022491467},{"country_iso":"JOR","city_id":4408,"log_pop":4.1935157154,"log_mass":6.6070189632},{"country_iso":"JOR","city_id":4408,"log_pop":4.6952390094,"log_mass":6.6859429037},{"country_iso":"JOR","city_id":4408,"log_pop":3.6615644714,"log_mass":6.0350799629},{"country_iso":"JOR","city_id":4408,"log_pop":4.6485144854,"log_mass":6.7720630816},{"country_iso":"JOR","city_id":4408,"log_pop":3.973983383,"log_mass":6.5136655724},{"country_iso":"JOR","city_id":4408,"log_pop":4.7495319796,"log_mass":6.7965425638},{"country_iso":"JOR","city_id":4408,"log_pop":4.6262734344,"log_mass":6.6406495862},{"country_iso":"JOR","city_id":4408,"log_pop":4.4238554268,"log_mass":6.5939560579},{"country_iso":"JOR","city_id":4408,"log_pop":4.5375936542,"log_mass":6.6440824582},{"country_iso":"JOR","city_id":4408,"log_pop":4.8072581454,"log_mass":6.8823422934},{"country_iso":"JOR","city_id":4408,"log_pop":4.7550299399,"log_mass":6.66492538},{"country_iso":"JOR","city_id":4408,"log_pop":4.8016256651,"log_mass":6.8440806984},{"country_iso":"JOR","city_id":4408,"log_pop":3.201190551,"log_mass":5.755577202},{"country_iso":"JOR","city_id":4408,"log_pop":3.9796157853,"log_mass":6.5362698408},{"country_iso":"JOR","city_id":4408,"log_pop":3.0978997814,"log_mass":5.7567482752},{"country_iso":"JOR","city_id":4408,"log_pop":3.9373713175,"log_mass":6.4604513534},{"country_iso":"JOR","city_id":4408,"log_pop":1.776753312,"log_mass":4.3228415734},{"country_iso":"JOR","city_id":4408,"log_pop":3.4731971087,"log_mass":5.9961973971},{"country_iso":"JOR","city_id":4408,"log_pop":4.1943010457,"log_mass":6.6635637716},{"country_iso":"JOR","city_id":4408,"log_pop":4.0557696831,"log_mass":6.3673489179},{"country_iso":"JOR","city_id":4408,"log_pop":3.9165367931,"log_mass":6.297669404},{"country_iso":"JOR","city_id":4408,"log_pop":4.033418589,"log_mass":6.4171411439},{"country_iso":"JOR","city_id":4408,"log_pop":4.2887993752,"log_mass":6.565603816},{"country_iso":"JOR","city_id":4408,"log_pop":4.420381452,"log_mass":6.7067799078},{"country_iso":"JOR","city_id":4408,"log_pop":3.889015045,"log_mass":6.2350170153},{"country_iso":"JOR","city_id":4408,"log_pop":4.2804767315,"log_mass":6.7407921407},{"country_iso":"JOR","city_id":4408,"log_pop":4.3579124672,"log_mass":6.8242563872},{"country_iso":"JOR","city_id":4408,"log_pop":3.6740418619,"log_mass":5.970493037},{"country_iso":"JOR","city_id":4408,"log_pop":4.3722281701,"log_mass":6.8103069862},{"country_iso":"JOR","city_id":4408,"log_pop":3.2756984363,"log_mass":5.9139779314},{"country_iso":"JOR","city_id":4408,"log_pop":3.9304045699,"log_mass":6.2928450167},{"country_iso":"JOR","city_id":4408,"log_pop":3.2380394628,"log_mass":5.7999779788},{"country_iso":"JOR","city_id":4408,"log_pop":4.5733035872,"log_mass":6.8831769323},{"country_iso":"JOR","city_id":4408,"log_pop":3.8810354309,"log_mass":6.2499479853},{"country_iso":"JOR","city_id":4408,"log_pop":4.8250672165,"log_mass":6.9698906153},{"country_iso":"JOR","city_id":4408,"log_pop":4.8314706157,"log_mass":6.7786950208},{"country_iso":"JOR","city_id":4408,"log_pop":4.3566069926,"log_mass":6.8795554474},{"country_iso":"JOR","city_id":4408,"log_pop":4.1893598089,"log_mass":6.6120456789},{"country_iso":"JOR","city_id":4408,"log_pop":4.5717034547,"log_mass":6.9441315944},{"country_iso":"JOR","city_id":4408,"log_pop":3.9284539349,"log_mass":6.330997361},{"country_iso":"JOR","city_id":4408,"log_pop":4.0171659217,"log_mass":6.4087266965},{"country_iso":"JOR","city_id":4408,"log_pop":2.6552920447,"log_mass":5.1686696865},{"country_iso":"JOR","city_id":4408,"log_pop":3.9746762096,"log_mass":6.3822422553},{"country_iso":"JOR","city_id":4408,"log_pop":1.8583076278,"log_mass":4.2119631517},{"country_iso":"JOR","city_id":4408,"log_pop":3.0741366818,"log_mass":5.5044305621},{"country_iso":"JOR","city_id":4408,"log_pop":3.5831026744,"log_mass":6.2059704963},{"country_iso":"JOR","city_id":4408,"log_pop":2.2274876849,"log_mass":5.1577802398},{"country_iso":"JOR","city_id":4408,"log_pop":3.4201584496,"log_mass":5.7110809027},{"country_iso":"JOR","city_id":4408,"log_pop":4.664410769,"log_mass":6.5352896148},{"country_iso":"JOR","city_id":4408,"log_pop":3.8762015385,"log_mass":5.9379000983},{"country_iso":"JOR","city_id":4408,"log_pop":3.6519439678,"log_mass":5.6357296592},{"country_iso":"JOR","city_id":4408,"log_pop":4.2792445765,"log_mass":6.3779925102},{"country_iso":"JOR","city_id":4408,"log_pop":3.9429187384,"log_mass":6.1193140679},{"country_iso":"JOR","city_id":4408,"log_pop":4.5187536655,"log_mass":6.6952551879},{"country_iso":"JOR","city_id":4408,"log_pop":4.2958019069,"log_mass":6.4743683404},{"country_iso":"JOR","city_id":4408,"log_pop":1.933879526,"log_mass":4.6226339994},{"country_iso":"JOR","city_id":4408,"log_pop":4.2075683994,"log_mass":6.3927748578},{"country_iso":"JOR","city_id":4408,"log_pop":4.5929690991,"log_mass":6.3664939383},{"country_iso":"JOR","city_id":4408,"log_pop":4.6230627522,"log_mass":6.36449215},{"country_iso":"JOR","city_id":4408,"log_pop":3.4549027011,"log_mass":5.5022655227},{"country_iso":"JOR","city_id":4408,"log_pop":3.853048332,"log_mass":5.8784920949},{"country_iso":"JOR","city_id":4408,"log_pop":4.6639235459,"log_mass":6.6424960637},{"country_iso":"JOR","city_id":4408,"log_pop":4.725882487,"log_mass":6.5721159941},{"country_iso":"JOR","city_id":4408,"log_pop":4.3488276844,"log_mass":6.2756108193},{"country_iso":"JOR","city_id":4408,"log_pop":4.4565231262,"log_mass":6.4478759812},{"country_iso":"JOR","city_id":4408,"log_pop":4.2655947191,"log_mass":6.3537201437},{"country_iso":"JOR","city_id":4408,"log_pop":3.2232314686,"log_mass":5.4755083618},{"country_iso":"JOR","city_id":4408,"log_pop":3.3765817067,"log_mass":5.4540806892},{"country_iso":"JOR","city_id":4408,"log_pop":4.7926242797,"log_mass":6.6032479064},{"country_iso":"JOR","city_id":4408,"log_pop":4.3669764838,"log_mass":6.3705351464},{"country_iso":"JOR","city_id":4408,"log_pop":3.7887801079,"log_mass":5.73529436},{"country_iso":"JOR","city_id":4408,"log_pop":3.8602064888,"log_mass":5.9577181012},{"country_iso":"JOR","city_id":4408,"log_pop":4.5018146427,"log_mass":6.5010728496},{"country_iso":"JOR","city_id":4408,"log_pop":3.082446475,"log_mass":5.2290167671},{"country_iso":"JOR","city_id":4408,"log_pop":2.9140965807,"log_mass":5.2887094022},{"country_iso":"JOR","city_id":4408,"log_pop":4.4824167539,"log_mass":6.6710649309},{"country_iso":"JOR","city_id":4408,"log_pop":1.9189124444,"log_mass":4.6375517851},{"country_iso":"JOR","city_id":4408,"log_pop":1.7234183104,"log_mass":4.4721187887},{"country_iso":"JOR","city_id":4408,"log_pop":2.6180925065,"log_mass":5.2804120281},{"country_iso":"JOR","city_id":4408,"log_pop":2.9981985184,"log_mass":5.6195766235},{"country_iso":"JOR","city_id":4408,"log_pop":0.5476320792,"log_mass":4.2850516746},{"country_iso":"JOR","city_id":4408,"log_pop":3.4707707084,"log_mass":5.8249561774},{"country_iso":"JOR","city_id":4408,"log_pop":3.7101582248,"log_mass":5.667852603},{"country_iso":"JOR","city_id":4408,"log_pop":2.6179762477,"log_mass":5.1992844242},{"country_iso":"JOR","city_id":4408,"log_pop":2.4906779009,"log_mass":5.0717536027},{"country_iso":"JOR","city_id":4408,"log_pop":3.2510308462,"log_mass":5.7369283136},{"country_iso":"JOR","city_id":4408,"log_pop":3.0078517176,"log_mass":5.55726192},{"country_iso":"JOR","city_id":4408,"log_pop":4.0831000313,"log_mass":6.5013241376},{"country_iso":"JOR","city_id":4408,"log_pop":3.6114199669,"log_mass":6.0451052384},{"country_iso":"JOR","city_id":4408,"log_pop":3.7994699733,"log_mass":6.3058735857},{"country_iso":"JOR","city_id":4408,"log_pop":1.3809098682,"log_mass":3.8036910896},{"country_iso":"JOR","city_id":4408,"log_pop":3.6587519351,"log_mass":6.0473176391},{"country_iso":"JOR","city_id":4408,"log_pop":3.0942284567,"log_mass":5.2928931616},{"country_iso":"JOR","city_id":4408,"log_pop":4.1046178379,"log_mass":6.4463015464},{"country_iso":"JOR","city_id":4408,"log_pop":3.8616776715,"log_mass":6.3001887644},{"country_iso":"JOR","city_id":4408,"log_pop":1.4265972224,"log_mass":3.8501752056},{"country_iso":"JOR","city_id":4408,"log_pop":3.3881623947,"log_mass":5.7464558497},{"country_iso":"JOR","city_id":4408,"log_pop":2.0162839044,"log_mass":4.5055759314},{"country_iso":"JOR","city_id":4408,"log_pop":3.9269804916,"log_mass":6.2869326236},{"country_iso":"JOR","city_id":4408,"log_pop":4.0602042102,"log_mass":6.5242112542},{"country_iso":"JOR","city_id":4408,"log_pop":4.2184889425,"log_mass":6.5603080263},{"country_iso":"JOR","city_id":4408,"log_pop":4.1590987358,"log_mass":6.677107132},{"country_iso":"JOR","city_id":4408,"log_pop":2.6870760315,"log_mass":5.2498168758},{"country_iso":"JOR","city_id":4408,"log_pop":3.8080146451,"log_mass":6.1350839875},{"country_iso":"JOR","city_id":4408,"log_pop":3.6306295074,"log_mass":5.9841873816},{"country_iso":"JOR","city_id":4408,"log_pop":3.9067287318,"log_mass":6.267145936},{"country_iso":"JOR","city_id":4408,"log_pop":3.0159017401,"log_mass":5.4051112496},{"country_iso":"JOR","city_id":4408,"log_pop":3.7129927373,"log_mass":6.0861490154},{"country_iso":"JOR","city_id":4408,"log_pop":3.482280639,"log_mass":5.7931169726},{"country_iso":"JOR","city_id":4408,"log_pop":3.7674632455,"log_mass":6.1249533632},{"country_iso":"JOR","city_id":4408,"log_pop":3.8417689348,"log_mass":6.1179778778},{"country_iso":"JOR","city_id":4408,"log_pop":4.1520719979,"log_mass":6.5870393326},{"country_iso":"JOR","city_id":4408,"log_pop":2.7324900347,"log_mass":5.3586050886},{"country_iso":"JOR","city_id":4408,"log_pop":0.5845558287,"log_mass":3.431846793},{"country_iso":"JOR","city_id":4408,"log_pop":2.063176346,"log_mass":4.5772711906},{"country_iso":"JOR","city_id":4393,"log_pop":1.9975815994,"log_mass":4.3941250418},{"country_iso":"JOR","city_id":4393,"log_pop":2.7447558808,"log_mass":5.2829991986},{"country_iso":"JOR","city_id":4393,"log_pop":3.432942565,"log_mass":5.6758643976},{"country_iso":"JOR","city_id":4393,"log_pop":3.3178095197,"log_mass":5.5073135428},{"country_iso":"JOR","city_id":4393,"log_pop":1.9669758282,"log_mass":4.6224915518},{"country_iso":"JOR","city_id":4393,"log_pop":3.9656016476,"log_mass":6.1548394576},{"country_iso":"JOR","city_id":4393,"log_pop":2.923720768,"log_mass":5.2102091604},{"country_iso":"JOR","city_id":4393,"log_pop":1.9911154388,"log_mass":4.277412918},{"country_iso":"JOR","city_id":4393,"log_pop":3.5880090182,"log_mass":5.8930463665},{"country_iso":"JOR","city_id":4393,"log_pop":3.6793477219,"log_mass":5.8424423543},{"country_iso":"JOR","city_id":4393,"log_pop":3.2538931144,"log_mass":5.5160827369},{"country_iso":"JOR","city_id":4393,"log_pop":2.3342979741,"log_mass":5.0954297272},{"country_iso":"JOR","city_id":4393,"log_pop":1.9440295889,"log_mass":4.7373400162},{"country_iso":"JOR","city_id":4393,"log_pop":3.2578125955,"log_mass":5.4801377799},{"country_iso":"JOR","city_id":4393,"log_pop":1.9271820065,"log_mass":4.5647838647},{"country_iso":"JOR","city_id":4393,"log_pop":3.2799307154,"log_mass":5.5158314108},{"country_iso":"JOR","city_id":4393,"log_pop":4.5070407013,"log_mass":6.7430331032},{"country_iso":"JOR","city_id":4393,"log_pop":4.2341038495,"log_mass":6.448738812},{"country_iso":"JOR","city_id":4393,"log_pop":3.7096041414,"log_mass":6.0050524598},{"country_iso":"JOR","city_id":4393,"log_pop":3.958409758,"log_mass":6.0414592543},{"country_iso":"JOR","city_id":4393,"log_pop":4.3844184499,"log_mass":6.6130841434},{"country_iso":"JOR","city_id":4393,"log_pop":4.487960602,"log_mass":6.6847309293},{"country_iso":"JOR","city_id":4393,"log_pop":4.3055177556,"log_mass":6.6296657065},{"country_iso":"JOR","city_id":4393,"log_pop":3.3690104445,"log_mass":5.8475955053},{"country_iso":"JOR","city_id":4393,"log_pop":3.6953373177,"log_mass":6.204816508},{"country_iso":"JOR","city_id":4393,"log_pop":1.9534699465,"log_mass":4.6085393949},{"country_iso":"JOR","city_id":4393,"log_pop":3.6387884831,"log_mass":6.0759734133},{"country_iso":"JOR","city_id":4393,"log_pop":3.45079051,"log_mass":6.0195245623},{"country_iso":"JOR","city_id":4393,"log_pop":2.7687229944,"log_mass":5.1725934255},{"country_iso":"JOR","city_id":4393,"log_pop":0.8266035015,"log_mass":3.1574857674},{"country_iso":"JOR","city_id":4393,"log_pop":0.69196989,"log_mass":2.9634677991},{"country_iso":"JOR","city_id":4393,"log_pop":3.0219406451,"log_mass":5.1981418425},{"country_iso":"JOR","city_id":4393,"log_pop":1.6044231633,"log_mass":4.6371728339},{"country_iso":"JOR","city_id":4393,"log_pop":3.6737783583,"log_mass":5.8734223416},{"country_iso":"JOR","city_id":4393,"log_pop":4.18133261,"log_mass":6.4120899084},{"country_iso":"JOR","city_id":4393,"log_pop":2.0058880192,"log_mass":4.5687554955},{"country_iso":"JOR","city_id":4393,"log_pop":2.3248263385,"log_mass":4.3813014744},{"country_iso":"JOR","city_id":4393,"log_pop":3.0793122668,"log_mass":5.3513793635},{"country_iso":"JOR","city_id":4388,"log_pop":1.8551533963,"log_mass":4.68751625},{"country_iso":"JOR","city_id":4388,"log_pop":3.6349952078,"log_mass":6.4053325119},{"country_iso":"JOR","city_id":4388,"log_pop":0.9020324724,"log_mass":3.6976882198},{"country_iso":"JOR","city_id":4388,"log_pop":2.17201728,"log_mass":5.1875213989},{"country_iso":"JOR","city_id":4388,"log_pop":2.4949686601,"log_mass":5.2405020011},{"country_iso":"JOR","city_id":4388,"log_pop":3.9164700064,"log_mass":6.5599110022},{"country_iso":"JOR","city_id":4388,"log_pop":3.0034226201,"log_mass":5.7904520284},{"country_iso":"JOR","city_id":4388,"log_pop":3.4933354092,"log_mass":6.1590073311},{"country_iso":"JOR","city_id":4388,"log_pop":2.1340285656,"log_mass":4.7806912756},{"country_iso":"JOR","city_id":4388,"log_pop":2.9711428235,"log_mass":5.6698533},{"country_iso":"JOR","city_id":4388,"log_pop":2.7121661781,"log_mass":5.3124152837},{"country_iso":"JOR","city_id":4399,"log_pop":3.4146386585,"log_mass":5.9419768328},{"country_iso":"JOR","city_id":4399,"log_pop":3.1192561345,"log_mass":5.6849969118},{"country_iso":"JOR","city_id":4399,"log_pop":0.8388805363,"log_mass":3.8655706194},{"country_iso":"JOR","city_id":4399,"log_pop":1.8699676583,"log_mass":4.2079382929},{"country_iso":"JOR","city_id":4399,"log_pop":3.6527334896,"log_mass":6.0678933722},{"country_iso":"JOR","city_id":4399,"log_pop":2.8828533177,"log_mass":5.3143952618},{"country_iso":"JOR","city_id":4399,"log_pop":3.598137418,"log_mass":6.1589197579},{"country_iso":"JOR","city_id":4399,"log_pop":2.3734844363,"log_mass":4.9458060479},{"country_iso":"JOR","city_id":4399,"log_pop":2.4977821954,"log_mass":4.7618039464},{"country_iso":"JOR","city_id":4414,"log_pop":1.4592564314,"log_mass":4.0690685304},{"country_iso":"JOR","city_id":4414,"log_pop":3.3512788726,"log_mass":5.9184481685},{"country_iso":"JOR","city_id":4414,"log_pop":3.924824008,"log_mass":6.4957118286},{"country_iso":"JOR","city_id":4414,"log_pop":2.1742050492,"log_mass":4.8022290991},{"country_iso":"JOR","city_id":4414,"log_pop":3.5531529627,"log_mass":6.0871319619},{"country_iso":"JOR","city_id":4414,"log_pop":2.218512602,"log_mass":4.5573744489},{"country_iso":"JOR","city_id":4414,"log_pop":1.8380731093,"log_mass":4.3517728115},{"country_iso":"JOR","city_id":4414,"log_pop":2.8270016328,"log_mass":5.3948955473},{"country_iso":"JOR","city_id":4413,"log_pop":1.6642968453,"log_mass":4.551562105},{"country_iso":"JOR","city_id":4413,"log_pop":2.4838544036,"log_mass":4.8272588989},{"country_iso":"JOR","city_id":4413,"log_pop":3.8143552166,"log_mass":6.118908416},{"country_iso":"JOR","city_id":4413,"log_pop":2.8254797688,"log_mass":5.214472539},{"country_iso":"JOR","city_id":4413,"log_pop":4.188450925,"log_mass":6.3995363883},{"country_iso":"JOR","city_id":4413,"log_pop":3.8710508339,"log_mass":6.1272194023},{"country_iso":"JOR","city_id":4413,"log_pop":3.1400447308,"log_mass":5.4689108252},{"country_iso":"JOR","city_id":4413,"log_pop":1.5870297363,"log_mass":3.9429460206},{"country_iso":"JOR","city_id":4442,"log_pop":3.4965644152,"log_mass":5.819966758},{"country_iso":"JOR","city_id":4442,"log_pop":3.644322112,"log_mass":6.042197745},{"country_iso":"JOR","city_id":4442,"log_pop":1.860136334,"log_mass":4.2900970768},{"country_iso":"JOR","city_id":4442,"log_pop":3.6154798605,"log_mass":6.1310104776},{"country_iso":"JOR","city_id":4442,"log_pop":0.6946159851,"log_mass":3.5144847946},{"country_iso":"JOR","city_id":4442,"log_pop":1.6523962141,"log_mass":4.4048695437},{"country_iso":"JOR","city_id":4442,"log_pop":0.0134750131,"log_mass":2.8879013626},{"country_iso":"JOR","city_id":4442,"log_pop":2.2853090386,"log_mass":4.61768694},{"country_iso":"JOR","city_id":4411,"log_pop":2.0473310662,"log_mass":4.5138969491},{"country_iso":"JOR","city_id":4411,"log_pop":3.7097367887,"log_mass":6.1691514915},{"country_iso":"JOR","city_id":4411,"log_pop":3.4219647007,"log_mass":5.8985161034},{"country_iso":"JOR","city_id":4411,"log_pop":1.4938697075,"log_mass":3.9021850461},{"country_iso":"JOR","city_id":4411,"log_pop":2.4438042355,"log_mass":4.8713948362},{"country_iso":"JOR","city_id":4411,"log_pop":2.1071236248,"log_mass":4.5833705655},{"country_iso":"JOR","city_id":4411,"log_pop":3.1079787795,"log_mass":5.4277477335},{"country_iso":"JOR","city_id":4411,"log_pop":-0.5993639894,"log_mass":2.5661806791},{"country_iso":"JOR","city_id":4450,"log_pop":1.7418491648,"log_mass":4.2282869448},{"country_iso":"JOR","city_id":4450,"log_pop":3.8192946269,"log_mass":6.0177693559},{"country_iso":"JOR","city_id":4450,"log_pop":3.0746962755,"log_mass":5.2476003983},{"country_iso":"JOR","city_id":4450,"log_pop":3.8673138879,"log_mass":6.0893746779}]