[{"country_iso": "PSE", "city_id": 4351, "log_pop": 4.764874, "log_mass": 6.844989, "log_pop_c": 1.175067, "log_mass_c": 1.050116}, {"country_iso": "PSE", "city_id": 4285, "log_pop": 3.217757, "log_mass": 5.444904, "log_pop_c": -0.153964, "log_mass_c": -0.127498}, {"country_iso": "PSE", "city_id": 4359, "log_pop": 3.32289, "log_mass": 5.533384, "log_pop_c": 0.337363, "log_mass_c": 0.169517}, {"country_iso": "PSE", "city_id": 4285, "log_pop": 2.565163, "log_mass": 5.023532, "log_pop_c": -0.806558, "log_mass_c": -0.54887}, {"country_iso": "PSE", "city_id": 4351, "log_pop": 3.364017, "log_mass": 5.619233, "log_pop_c": -0.22579, "log_mass_c": -0.17564}, {"country_iso": "PSE", "city_id": 4285, "log_pop": 2.051078, "log_mass": 4.650055, "log_pop_c": -1.320643, "log_mass_c": -0.922347}, {"country_iso": "PSE", "city_id": 4359, "log_pop": 1.963816, "log_mass": 4.344304, "log_pop_c": -1.021711, "log_mass_c": -1.019563}, {"country_iso": "PSE", "city_id": 4351, "log_pop": 3.823941, "log_mass": 5.760698, "log_pop_c": 0.234134, "log_mass_c": -0.034176}, {"country_iso": "PSE", "city_id": 4359, "log_pop": 3.543961, "log_mass": 5.694875, "log_pop_c": 0.558435, "log_mass_c": 0.331008}, {"country_iso": "PSE", "city_id": 4331, "log_pop": 1.847088, "log_mass": 4.335424, "log_pop_c": -1.504464, "log_mass_c": -1.266481}, {"country_iso": "PSE", "city_id": 4359, "log_pop": 4.224656, "log_mass": 6.403994, "log_pop_c": 1.239129, "log_mass_c": 1.040128}, {"country_iso": "PSE", "city_id": 4351, "log_pop": 4.386871, "log_mass": 6.468568, "log_pop_c": 0.797064, "log_mass_c": 0.673695}, {"country_iso": "PSE", "city_id": 4351, "log_pop": 2.570496, "log_mass": 4.915183, "log_pop_c": -1.019312, "log_mass_c": -0.879691}, {"country_iso": "PSE", "city_id": 4351, "log_pop": 3.349837, "log_mass": 5.746229, "log_pop_c": -0.239971, "log_mass_c": -0.048645}, {"country_iso": "PSE", "city_id": 4285, "log_pop": 2.162747, "log_mass": 4.620115, "log_pop_c": -1.208973, "log_mass_c": -0.952287}, {"country_iso": "PSE", "city_id": 4351, "log_pop": 3.766312, "log_mass": 5.782987, "log_pop_c": 0.176505, "log_mass_c": -0.011886}, {"country_iso": "PSE", "city_id": 4285, "log_pop": 4.535524, "log_mass": 6.44496, "log_pop_c": 1.163804, "log_mass_c": 0.872557}, {"country_iso": "PSE", "city_id": 4351, "log_pop": 3.416972, "log_mass": 5.791186, "log_pop_c": -0.172835, "log_mass_c": -0.003688}, {"country_iso": "PSE", "city_id": 4351, "log_pop": 3.278698, "log_mass": 5.314324, "log_pop_c": -0.311109, "log_mass_c": -0.48055}, {"country_iso": "PSE", "city_id": 4351, "log_pop": 3.109561, "log_mass": 5.556745, "log_pop_c": -0.480246, "log_mass_c": -0.238129}, {"country_iso": "PSE", "city_id": 4285, "log_pop": 4.194678, "log_mass": 6.114154, "log_pop_c": 0.822958, "log_mass_c": 0.541752}, {"country_iso": "PSE", "city_id": 4285, "log_pop": 2.176479, "log_mass": 4.699872, "log_pop_c": -1.195242, "log_mass_c": -0.872531}, {"country_iso": "PSE", "city_id": 4351, "log_pop": 4.481467, "log_mass": 6.489072, "log_pop_c": 0.89166, "log_mass_c": 0.694199}, {"country_iso": "PSE", "city_id": 4354, "log_pop": 3.759597, "log_mass": 6.03879, "log_pop_c": 0.490628, "log_mass_c": 0.450244}, {"country_iso": "PSE", "city_id": 4351, "log_pop": 3.700777, "log_mass": 5.893636, "log_pop_c": 0.11097, "log_mass_c": 0.098763}, {"country_iso": "PSE", "city_id": 4351, "log_pop": 2.164122, "log_mass": 4.621806, "log_pop_c": -1.425686, "log_mass_c": -1.173068}, {"country_iso": "PSE", "city_id": 4351, "log_pop": 3.631127, "log_mass": 5.58045, "log_pop_c": 0.04132, "log_mass_c": -0.214423}, {"country_iso": "PSE", "city_id": 4285, "log_pop": 4.423072, "log_mass": 6.394954, "log_pop_c": 1.051351, "log_mass_c": 0.822552}, {"country_iso": "PSE", "city_id": 4351, "log_pop": 3.184148, "log_mass": 5.493178, "log_pop_c": -0.405659, "log_mass_c": -0.301696}, {"country_iso": "PSE", "city_id": 4285, "log_pop": 4.727748, "log_mass": 6.486658, "log_pop_c": 1.356028, "log_mass_c": 0.914256}, {"country_iso": "PSE", "city_id": 4351, "log_pop": 4.18871, "log_mass": 6.196331, "log_pop_c": 0.598903, "log_mass_c": 0.401457}, {"country_iso": "PSE", "city_id": 4285, "log_pop": 4.999002, "log_mass": 6.821823, "log_pop_c": 1.627281, "log_mass_c": 1.249421}, {"country_iso": "PSE", "city_id": 4351, "log_pop": 4.280477, "log_mass": 6.222885, "log_pop_c": 0.690669, "log_mass_c": 0.428011}, {"country_iso": "PSE", "city_id": 4354, "log_pop": 2.693664, "log_mass": 5.276373, "log_pop_c": -0.575304, "log_mass_c": -0.312173}, {"country_iso": "PSE", "city_id": 4285, "log_pop": 5.088467, "log_mass": 6.969797, "log_pop_c": 1.716747, "log_mass_c": 1.397395}, {"country_iso": "PSE", "city_id": 4331, "log_pop": 3.68053, "log_mass": 5.949159, "log_pop_c": 0.328978, "log_mass_c": 0.347254}, {"country_iso": "PSE", "city_id": 4285, "log_pop": 3.640386, "log_mass": 5.752777, "log_pop_c": 0.268666, "log_mass_c": 0.180374}, {"country_iso": "PSE", "city_id": 4285, "log_pop": 3.771183, "log_mass": 5.858584, "log_pop_c": 0.399462, "log_mass_c": 0.286182}, {"country_iso": "PSE", "city_id": 4285, "log_pop": 4.568632, "log_mass": 6.367136, "log_pop_c": 1.196911, "log_mass_c": 0.794734}, {"country_iso": "PSE", "city_id": 4354, "log_pop": 2.401794, "log_mass": 4.660478, "log_pop_c": -0.867175, "log_mass_c": -0.928068}, {"country_iso": "PSE", "city_id": 4351, "log_pop": 4.248741, "log_mass": 6.322035, "log_pop_c": 0.658934, "log_mass_c": 0.527161}, {"country_iso": "PSE", "city_id": 4285, "log_pop": 4.995069, "log_mass": 6.729485, "log_pop_c": 1.623349, "log_mass_c": 1.157083}, {"country_iso": "PSE", "city_id": 4351, "log_pop": 2.092959, "log_mass": 4.464408, "log_pop_c": -1.496849, "log_mass_c": -1.330466}, {"country_iso": "PSE", "city_id": 4285, "log_pop": 3.636396, "log_mass": 5.658478, "log_pop_c": 0.264675, "log_mass_c": 0.086076}, {"country_iso": "PSE", "city_id": 4351, "log_pop": 3.77116, "log_mass": 5.9043, "log_pop_c": 0.181353, "log_mass_c": 0.109427}, {"country_iso": "PSE", "city_id": 4285, "log_pop": 3.498443, "log_mass": 5.569133, "log_pop_c": 0.126723, "log_mass_c": -0.003269}, {"country_iso": "PSE", "city_id": 4354, "log_pop": 1.715717, "log_mass": 4.334187, "log_pop_c": -1.553252, "log_mass_c": -1.254359}, {"country_iso": "PSE", "city_id": 4351, "log_pop": 1.213101, "log_mass": 3.502738, "log_pop_c": -2.376706, "log_mass_c": -2.292136}, {"country_iso": "PSE", "city_id": 4359, "log_pop": 4.45338, "log_mass": 6.380505, "log_pop_c": 1.467854, "log_mass_c": 1.016638}, {"country_iso": "PSE", "city_id": 4285, "log_pop": 3.576256, "log_mass": 5.752086, "log_pop_c": 0.204535, "log_mass_c": 0.179684}, {"country_iso": "PSE", "city_id": 4351, "log_pop": 1.876097, "log_mass": 4.78032, "log_pop_c": -1.713711, "log_mass_c": -1.014553}, {"country_iso": "PSE", "city_id": 4285, "log_pop": 4.489928, "log_mass": 6.454468, "log_pop_c": 1.118208, "log_mass_c": 0.882066}, {"country_iso": "PSE", "city_id": 4351, "log_pop": 3.088238, "log_mass": 5.501279, "log_pop_c": -0.501569, "log_mass_c": -0.293595}, {"country_iso": "PSE", "city_id": 4351, "log_pop": 3.327601, "log_mass": 5.302394, "log_pop_c": -0.262206, "log_mass_c": -0.492479}, {"country_iso": "PSE", "city_id": 4285, "log_pop": 3.914906, "log_mass": 6.065455, "log_pop_c": 0.543185, "log_mass_c": 0.493053}, {"country_iso": "PSE", "city_id": 4351, "log_pop": 4.669487, "log_mass": 6.550919, "log_pop_c": 1.07968, "log_mass_c": 0.756045}, {"country_iso": "PSE", "city_id": 4351, "log_pop": 3.52999, "log_mass": 5.519184, "log_pop_c": -0.059817, "log_mass_c": -0.275689}, {"country_iso": "PSE", "city_id": 4285, "log_pop": 2.88084, "log_mass": 5.279212, "log_pop_c": -0.49088, "log_mass_c": -0.29319}, {"country_iso": "PSE", "city_id": 4331, "log_pop": 1.695366, "log_mass": 4.832086, "log_pop_c": -1.656187, "log_mass_c": -0.769819}, {"country_iso": "PSE", "city_id": 4351, "log_pop": 4.849095, "log_mass": 6.604749, "log_pop_c": 1.259288, "log_mass_c": 0.809875}, {"country_iso": "PSE", "city_id": 4285, "log_pop": 4.936447, "log_mass": 6.632298, "log_pop_c": 1.564727, "log_mass_c": 1.059896}, {"country_iso": "PSE", "city_id": 4285, "log_pop": 2.863227, "log_mass": 5.028663, "log_pop_c": -0.508494, "log_mass_c": -0.543739}, {"country_iso": "PSE", "city_id": 4285, "log_pop": 3.530771, "log_mass": 5.768475, "log_pop_c": 0.159051, "log_mass_c": 0.196072}, {"country_iso": "PSE", "city_id": 4354, "log_pop": 2.326359, "log_mass": 4.660109, "log_pop_c": -0.942609, "log_mass_c": -0.928437}, {"country_iso": "PSE", "city_id": 4351, "log_pop": 3.858716, "log_mass": 6.033728, "log_pop_c": 0.268909, "log_mass_c": 0.238854}, {"country_iso": "PSE", "city_id": 4285, "log_pop": 4.141512, "log_mass": 6.055265, "log_pop_c": 0.769791, "log_mass_c": 0.482863}, {"country_iso": "PSE", "city_id": 4354, "log_pop": 4.385786, "log_mass": 6.526028, "log_pop_c": 1.116818, "log_mass_c": 0.937482}, {"country_iso": "PSE", "city_id": 4354, "log_pop": 4.372964, "log_mass": 6.577105, "log_pop_c": 1.103996, "log_mass_c": 0.988559}, {"country_iso": "PSE", "city_id": 4331, "log_pop": 3.25792, "log_mass": 5.482549, "log_pop_c": -0.093633, "log_mass_c": -0.119356}, {"country_iso": "PSE", "city_id": 4351, "log_pop": 4.495525, "log_mass": 6.657338, "log_pop_c": 0.905718, "log_mass_c": 0.862464}, {"country_iso": "PSE", "city_id": 4354, "log_pop": 4.763404, "log_mass": 6.660639, "log_pop_c": 1.494435, "log_mass_c": 1.072093}, {"country_iso": "PSE", "city_id": 4354, "log_pop": 2.857178, "log_mass": 5.17689, "log_pop_c": -0.411791, "log_mass_c": -0.411656}, {"country_iso": "PSE", "city_id": 4285, "log_pop": 2.720535, "log_mass": 5.152034, "log_pop_c": -0.651186, "log_mass_c": -0.420368}, {"country_iso": "PSE", "city_id": 4351, "log_pop": 4.063894, "log_mass": 6.328695, "log_pop_c": 0.474087, "log_mass_c": 0.533821}, {"country_iso": "PSE", "city_id": 4285, "log_pop": 3.201251, "log_mass": 5.541554, "log_pop_c": -0.17047, "log_mass_c": -0.030848}, {"country_iso": "PSE", "city_id": 4351, "log_pop": 2.682862, "log_mass": 5.132339, "log_pop_c": -0.906946, "log_mass_c": -0.662534}, {"country_iso": "PSE", "city_id": 4285, "log_pop": 0.718869, "log_mass": 3.898046, "log_pop_c": -2.652851, "log_mass_c": -1.674357}, {"country_iso": "PSE", "city_id": 4351, "log_pop": 3.520732, "log_mass": 5.595436, "log_pop_c": -0.069075, "log_mass_c": -0.199437}, {"country_iso": "PSE", "city_id": 4285, "log_pop": 2.863895, "log_mass": 5.096245, "log_pop_c": -0.507825, "log_mass_c": -0.476157}, {"country_iso": "PSE", "city_id": 4331, "log_pop": 3.922716, "log_mass": 6.024983, "log_pop_c": 0.571163, "log_mass_c": 0.423078}, {"country_iso": "PSE", "city_id": 4285, "log_pop": 4.311116, "log_mass": 6.083295, "log_pop_c": 0.939396, "log_mass_c": 0.510893}, {"country_iso": "PSE", "city_id": 4285, "log_pop": 3.958974, "log_mass": 5.991015, "log_pop_c": 0.587254, "log_mass_c": 0.418612}, {"country_iso": "PSE", "city_id": 4331, "log_pop": 3.985575, "log_mass": 5.993582, "log_pop_c": 0.634023, "log_mass_c": 0.391677}, {"country_iso": "PSE", "city_id": 4351, "log_pop": 4.066283, "log_mass": 6.168533, "log_pop_c": 0.476476, "log_mass_c": 0.37366}, {"country_iso": "PSE", "city_id": 4351, "log_pop": 4.520119, "log_mass": 6.545481, "log_pop_c": 0.930312, "log_mass_c": 0.750608}, {"country_iso": "PSE", "city_id": 4331, "log_pop": 3.759144, "log_mass": 5.85115, "log_pop_c": 0.407592, "log_mass_c": 0.249245}, {"country_iso": "PSE", "city_id": 4351, "log_pop": 2.198682, "log_mass": 4.210153, "log_pop_c": -1.391125, "log_mass_c": -1.584721}, {"country_iso": "PSE", "city_id": 4285, "log_pop": 2.706024, "log_mass": 5.191029, "log_pop_c": -0.665696, "log_mass_c": -0.381373}, {"country_iso": "PSE", "city_id": 4285, "log_pop": 2.024956, "log_mass": 4.545876, "log_pop_c": -1.346764, "log_mass_c": -1.026526}, {"country_iso": "PSE", "city_id": 4285, "log_pop": 4.211739, "log_mass": 6.083288, "log_pop_c": 0.840018, "log_mass_c": 0.510886}, {"country_iso": "PSE", "city_id": 4285, "log_pop": 4.14952, "log_mass": 6.047316, "log_pop_c": 0.777799, "log_mass_c": 0.474914}, {"country_iso": "PSE", "city_id": 4331, "log_pop": 4.563233, "log_mass": 6.529139, "log_pop_c": 1.211681, "log_mass_c": 0.927235}, {"country_iso": "PSE", "city_id": 4351, "log_pop": 3.158037, "log_mass": 5.555788, "log_pop_c": -0.43177, "log_mass_c": -0.239086}, {"country_iso": "PSE", "city_id": 4354, "log_pop": 4.464695, "log_mass": 6.408964, "log_pop_c": 1.195727, "log_mass_c": 0.820418}, {"country_iso": "PSE", "city_id": 4285, "log_pop": 1.706266, "log_mass": 4.123509, "log_pop_c": -1.665454, "log_mass_c": -1.448893}, {"country_iso": "PSE", "city_id": 4331, "log_pop": 3.433315, "log_mass": 5.66891, "log_pop_c": 0.081763, "log_mass_c": 0.067005}, {"country_iso": "PSE", "city_id": 4285, "log_pop": 5.200311, "log_mass": 6.889729, "log_pop_c": 1.828591, "log_mass_c": 1.317327}, {"country_iso": "PSE", "city_id": 4285, "log_pop": 3.211222, "log_mass": 5.544249, "log_pop_c": -0.160499, "log_mass_c": -0.028153}, {"country_iso": "PSE", "city_id": 4351, "log_pop": 2.592656, "log_mass": 5.223613, "log_pop_c": -0.997151, "log_mass_c": -0.57126}, {"country_iso": "PSE", "city_id": 4285, "log_pop": 4.512186, "log_mass": 6.498749, "log_pop_c": 1.140466, "log_mass_c": 0.926346}, {"country_iso": "PSE", "city_id": 4351, "log_pop": 4.193581, "log_mass": 6.271444, "log_pop_c": 0.603774, "log_mass_c": 0.476571}, {"country_iso": "PSE", "city_id": 4351, "log_pop": 4.510581, "log_mass": 6.593163, "log_pop_c": 0.920774, "log_mass_c": 0.798289}, {"country_iso": "PSE", "city_id": 4285, "log_pop": 4.716896, "log_mass": 6.521137, "log_pop_c": 1.345176, "log_mass_c": 0.948734}, {"country_iso": "PSE", "city_id": 4351, "log_pop": 4.563249, "log_mass": 6.581603, "log_pop_c": 0.973442, "log_mass_c": 0.786729}, {"country_iso": "PSE", "city_id": 4351, "log_pop": 1.937338, "log_mass": 4.519998, "log_pop_c": -1.65247, "log_mass_c": -1.274875}, {"country_iso": "PSE", "city_id": 4285, "log_pop": 2.92356, "log_mass": 5.117443, "log_pop_c": -0.44816, "log_mass_c": -0.454959}, {"country_iso": "PSE", "city_id": 4285, "log_pop": 2.702151, "log_mass": 4.863706, "log_pop_c": -0.66957, "log_mass_c": -0.708696}, {"country_iso": "PSE", "city_id": 4351, "log_pop": 3.145114, "log_mass": 5.420926, "log_pop_c": -0.444693, "log_mass_c": -0.373947}, {"country_iso": "PSE", "city_id": 4351, "log_pop": 4.22857, "log_mass": 6.187681, "log_pop_c": 0.638762, "log_mass_c": 0.392807}, {"country_iso": "PSE", "city_id": 4285, "log_pop": 1.5625, "log_mass": 4.24744, "log_pop_c": -1.80922, "log_mass_c": -1.324962}, {"country_iso": "PSE", "city_id": 4285, "log_pop": 3.694956, "log_mass": 5.77834, "log_pop_c": 0.323236, "log_mass_c": 0.205938}, {"country_iso": "PSE", "city_id": 4359, "log_pop": 3.592008, "log_mass": 5.915647, "log_pop_c": 0.606481, "log_mass_c": 0.55178}, {"country_iso": "PSE", "city_id": 4351, "log_pop": 4.804866, "log_mass": 6.837143, "log_pop_c": 1.215059, "log_mass_c": 1.042269}, {"country_iso": "PSE", "city_id": 4359, "log_pop": 3.970204, "log_mass": 6.129013, "log_pop_c": 0.984678, "log_mass_c": 0.765146}, {"country_iso": "PSE", "city_id": 4354, "log_pop": 2.92114, "log_mass": 5.403847, "log_pop_c": -0.347829, "log_mass_c": -0.184699}, {"country_iso": "PSE", "city_id": 4351, "log_pop": 3.934253, "log_mass": 6.067072, "log_pop_c": 0.344446, "log_mass_c": 0.272198}, {"country_iso": "PSE", "city_id": 4285, "log_pop": 3.247849, "log_mass": 5.468542, "log_pop_c": -0.123872, "log_mass_c": -0.10386}, {"country_iso": "PSE", "city_id": 4354, "log_pop": 2.716308, "log_mass": 5.299552, "log_pop_c": -0.552661, "log_mass_c": -0.288994}, {"country_iso": "PSE", "city_id": 4359, "log_pop": 2.155835, "log_mass": 4.896077, "log_pop_c": -0.829691, "log_mass_c": -0.46779}, {"country_iso": "PSE", "city_id": 4285, "log_pop": 3.11959, "log_mass": 5.492742, "log_pop_c": -0.252131, "log_mass_c": -0.07966}, {"country_iso": "PSE", "city_id": 4285, "log_pop": 3.391725, "log_mass": 5.558877, "log_pop_c": 0.020005, "log_mass_c": -0.013525}, {"country_iso": "PSE", "city_id": 4351, "log_pop": 4.174712, "log_mass": 6.369325, "log_pop_c": 0.584905, "log_mass_c": 0.574451}, {"country_iso": "PSE", "city_id": 4354, "log_pop": 1.85176, "log_mass": 4.101825, "log_pop_c": -1.417209, "log_mass_c": -1.486721}, {"country_iso": "PSE", "city_id": 4285, "log_pop": 1.915951, "log_mass": 4.280091, "log_pop_c": -1.455769, "log_mass_c": -1.292311}, {"country_iso": "PSE", "city_id": 4285, "log_pop": 3.135395, "log_mass": 5.384423, "log_pop_c": -0.236326, "log_mass_c": -0.187979}, {"country_iso": "PSE", "city_id": 4351, "log_pop": 4.484675, "log_mass": 6.495416, "log_pop_c": 0.894868, "log_mass_c": 0.700543}, {"country_iso": "PSE", "city_id": 4359, "log_pop": 3.314857, "log_mass": 5.789529, "log_pop_c": 0.32933, "log_mass_c": 0.425662}, {"country_iso": "PSE", "city_id": 4351, "log_pop": 4.036099, "log_mass": 6.041943, "log_pop_c": 0.446292, "log_mass_c": 0.247069}, {"country_iso": "PSE", "city_id": 4351, "log_pop": 4.435512, "log_mass": 6.566196, "log_pop_c": 0.845705, "log_mass_c": 0.771322}, {"country_iso": "PSE", "city_id": 4285, "log_pop": 0.979232, "log_mass": 3.553746, "log_pop_c": -2.392489, "log_mass_c": -2.018656}, {"country_iso": "PSE", "city_id": 4331, "log_pop": 4.4892, "log_mass": 6.387699, "log_pop_c": 1.137648, "log_mass_c": 0.785794}, {"country_iso": "PSE", "city_id": 4351, "log_pop": 3.844276, "log_mass": 6.200357, "log_pop_c": 0.254469, "log_mass_c": 0.405483}, {"country_iso": "PSE", "city_id": 4351, "log_pop": 2.356502, "log_mass": 5.117097, "log_pop_c": -1.233305, "log_mass_c": -0.677776}, {"country_iso": "PSE", "city_id": 4285, "log_pop": 2.646531, "log_mass": 4.965337, "log_pop_c": -0.725189, "log_mass_c": -0.607065}, {"country_iso": "PSE", "city_id": 4285, "log_pop": 0.633259, "log_mass": 3.594624, "log_pop_c": -2.738462, "log_mass_c": -1.977778}, {"country_iso": "PSE", "city_id": 4285, "log_pop": 2.459859, "log_mass": 5.167268, "log_pop_c": -0.911861, "log_mass_c": -0.405134}, {"country_iso": "PSE", "city_id": 4285, "log_pop": 3.400882, "log_mass": 5.668428, "log_pop_c": 0.029161, "log_mass_c": 0.096025}, {"country_iso": "PSE", "city_id": 4351, "log_pop": 4.751061, "log_mass": 6.761116, "log_pop_c": 1.161254, "log_mass_c": 0.966242}, {"country_iso": "PSE", "city_id": 4359, "log_pop": 4.044426, "log_mass": 6.3282, "log_pop_c": 1.058899, "log_mass_c": 0.964333}, {"country_iso": "PSE", "city_id": 4351, "log_pop": 3.252694, "log_mass": 5.158887, "log_pop_c": -0.337113, "log_mass_c": -0.635986}, {"country_iso": "PSE", "city_id": 4331, "log_pop": 2.136038, "log_mass": 4.337888, "log_pop_c": -1.215514, "log_mass_c": -1.264016}, {"country_iso": "PSE", "city_id": 4351, "log_pop": 3.355202, "log_mass": 5.407129, "log_pop_c": -0.234605, "log_mass_c": -0.387745}, {"country_iso": "PSE", "city_id": 4354, "log_pop": 2.672135, "log_mass": 5.208207, "log_pop_c": -0.596834, "log_mass_c": -0.380339}, {"country_iso": "PSE", "city_id": 4354, "log_pop": 3.321468, "log_mass": 5.572525, "log_pop_c": 0.0525, "log_mass_c": -0.016021}, {"country_iso": "PSE", "city_id": 4285, "log_pop": 4.48982, "log_mass": 6.433463, "log_pop_c": 1.1181, "log_mass_c": 0.861061}, {"country_iso": "PSE", "city_id": 4285, "log_pop": 3.713998, "log_mass": 5.818995, "log_pop_c": 0.342278, "log_mass_c": 0.246593}, {"country_iso": "PSE", "city_id": 4354, "log_pop": 4.184909, "log_mass": 6.355397, "log_pop_c": 0.915941, "log_mass_c": 0.766851}, {"country_iso": "PSE", "city_id": 4331, "log_pop": 3.139013, "log_mass": 5.435497, "log_pop_c": -0.21254, "log_mass_c": -0.166408}, {"country_iso": "PSE", "city_id": 4331, "log_pop": 3.356079, "log_mass": 5.708014, "log_pop_c": 0.004526, "log_mass_c": 0.106109}, {"country_iso": "PSE", "city_id": 4351, "log_pop": 3.619745, "log_mass": 5.885624, "log_pop_c": 0.029938, "log_mass_c": 0.090751}, {"country_iso": "PSE", "city_id": 4285, "log_pop": 0.92693, "log_mass": 3.970564, "log_pop_c": -2.444791, "log_mass_c": -1.601838}, {"country_iso": "PSE", "city_id": 4285, "log_pop": 2.816334, "log_mass": 5.278229, "log_pop_c": -0.555387, "log_mass_c": -0.294173}, {"country_iso": "PSE", "city_id": 4359, "log_pop": 0.399515, "log_mass": 3.647574, "log_pop_c": -2.586011, "log_mass_c": -1.716293}, {"country_iso": "PSE", "city_id": 4359, "log_pop": 1.383082, "log_mass": 4.064951, "log_pop_c": -1.602444, "log_mass_c": -1.298916}, {"country_iso": "PSE", "city_id": 4285, "log_pop": 4.336803, "log_mass": 6.346905, "log_pop_c": 0.965082, "log_mass_c": 0.774503}, {"country_iso": "PSE", "city_id": 4285, "log_pop": 4.501243, "log_mass": 6.381821, "log_pop_c": 1.129522, "log_mass_c": 0.809419}, {"country_iso": "PSE", "city_id": 4285, "log_pop": 4.318828, "log_mass": 6.311588, "log_pop_c": 0.947108, "log_mass_c": 0.739186}, {"country_iso": "PSE", "city_id": 4285, "log_pop": 4.144028, "log_mass": 6.174127, "log_pop_c": 0.772308, "log_mass_c": 0.601725}, {"country_iso": "PSE", "city_id": 4351, "log_pop": 2.025759, "log_mass": 4.461103, "log_pop_c": -1.564048, "log_mass_c": -1.33377}, {"country_iso": "PSE", "city_id": 4351, "log_pop": 4.150904, "log_mass": 6.307523, "log_pop_c": 0.561097, "log_mass_c": 0.51265}, {"country_iso": "PSE", "city_id": 4351, "log_pop": 4.606027, "log_mass": 6.65393, "log_pop_c": 1.01622, "log_mass_c": 0.859056}, {"country_iso": "PSE", "city_id": 4351, "log_pop": 2.332244, "log_mass": 4.697228, "log_pop_c": -1.257563, "log_mass_c": -1.097646}, {"country_iso": "PSE", "city_id": 4285, "log_pop": 2.377641, "log_mass": 5.083031, "log_pop_c": -0.994079, "log_mass_c": -0.489372}, {"country_iso": "PSE", "city_id": 4351, "log_pop": 4.216899, "log_mass": 6.350941, "log_pop_c": 0.627092, "log_mass_c": 0.556068}, {"country_iso": "PSE", "city_id": 4351, "log_pop": 3.530225, "log_mass": 5.902713, "log_pop_c": -0.059582, "log_mass_c": 0.107839}, {"country_iso": "PSE", "city_id": 4354, "log_pop": 3.228558, "log_mass": 5.657794, "log_pop_c": -0.04041, "log_mass_c": 0.069248}, {"country_iso": "PSE", "city_id": 4351, "log_pop": 4.68211, "log_mass": 6.756838, "log_pop_c": 1.092303, "log_mass_c": 0.961964}, {"country_iso": "PSE", "city_id": 4351, "log_pop": 1.101746, "log_mass": 4.079381, "log_pop_c": -2.488061, "log_mass_c": -1.715492}, {"country_iso": "PSE", "city_id": 4285, "log_pop": 3.101831, "log_mass": 5.318437, "log_pop_c": -0.269889, "log_mass_c": -0.253965}, {"country_iso": "PSE", "city_id": 4285, "log_pop": 5.012402, "log_mass": 6.838034, "log_pop_c": 1.640681, "log_mass_c": 1.265632}, {"country_iso": "PSE", "city_id": 4285, "log_pop": 3.618909, "log_mass": 5.687974, "log_pop_c": 0.247188, "log_mass_c": 0.115572}, {"country_iso": "PSE", "city_id": 4351, "log_pop": 3.475283, "log_mass": 5.851609, "log_pop_c": -0.114524, "log_mass_c": 0.056735}, {"country_iso": "PSE", "city_id": 4285, "log_pop": 2.004667, "log_mass": 4.865179, "log_pop_c": -1.367053, "log_mass_c": -0.707224}, {"country_iso": "PSE", "city_id": 4285, "log_pop": 2.489115, "log_mass": 5.014657, "log_pop_c": -0.882605, "log_mass_c": -0.557745}, {"country_iso": "PSE", "city_id": 4331, "log_pop": 3.656517, "log_mass": 5.890588, "log_pop_c": 0.304964, "log_mass_c": 0.288684}, {"country_iso": "PSE", "city_id": 4351, "log_pop": 4.054807, "log_mass": 6.23031, "log_pop_c": 0.465, "log_mass_c": 0.435436}, {"country_iso": "PSE", "city_id": 4285, "log_pop": 2.655398, "log_mass": 5.005349, "log_pop_c": -0.716323, "log_mass_c": -0.567054}, {"country_iso": "PSE", "city_id": 4285, "log_pop": 3.62585, "log_mass": 5.787748, "log_pop_c": 0.25413, "log_mass_c": 0.215346}, {"country_iso": "PSE", "city_id": 4285, "log_pop": 3.981273, "log_mass": 6.187471, "log_pop_c": 0.609553, "log_mass_c": 0.615069}, {"country_iso": "PSE", "city_id": 4351, "log_pop": 4.520309, "log_mass": 6.656648, "log_pop_c": 0.930502, "log_mass_c": 0.861774}, {"country_iso": "PSE", "city_id": 4354, "log_pop": 3.738386, "log_mass": 6.081754, "log_pop_c": 0.469417, "log_mass_c": 0.493208}, {"country_iso": "PSE", "city_id": 4351, "log_pop": 3.571453, "log_mass": 5.794855, "log_pop_c": -0.018354, "log_mass_c": -1.9e-05}, {"country_iso": "PSE", "city_id": 4354, "log_pop": 3.346762, "log_mass": 5.755242, "log_pop_c": 0.077794, "log_mass_c": 0.166696}, {"country_iso": "PSE", "city_id": 4359, "log_pop": 3.512226, "log_mass": 5.695125, "log_pop_c": 0.5267, "log_mass_c": 0.331258}, {"country_iso": "PSE", "city_id": 4285, "log_pop": 2.969625, "log_mass": 5.162255, "log_pop_c": -0.402095, "log_mass_c": -0.410147}, {"country_iso": "PSE", "city_id": 4285, "log_pop": 3.145257, "log_mass": 5.193839, "log_pop_c": -0.226463, "log_mass_c": -0.378563}, {"country_iso": "PSE", "city_id": 4351, "log_pop": 4.34757, "log_mass": 6.299202, "log_pop_c": 0.757763, "log_mass_c": 0.504329}, {"country_iso": "PSE", "city_id": 4351, "log_pop": 3.158642, "log_mass": 5.483265, "log_pop_c": -0.431165, "log_mass_c": -0.311608}, {"country_iso": "PSE", "city_id": 4351, "log_pop": 4.039902, "log_mass": 6.283717, "log_pop_c": 0.450095, "log_mass_c": 0.488844}, {"country_iso": "PSE", "city_id": 4359, "log_pop": 1.916513, "log_mass": 4.270959, "log_pop_c": -1.069013, "log_mass_c": -1.092908}, {"country_iso": "PSE", "city_id": 4354, "log_pop": 3.656788, "log_mass": 6.015212, "log_pop_c": 0.38782, "log_mass_c": 0.426666}, {"country_iso": "PSE", "city_id": 4285, "log_pop": 4.664449, "log_mass": 6.507679, "log_pop_c": 1.292728, "log_mass_c": 0.935277}, {"country_iso": "PSE", "city_id": 4351, "log_pop": 2.148013, "log_mass": 4.943708, "log_pop_c": -1.441794, "log_mass_c": -0.851166}]