[{"country_iso":"CAF","city_id":3363,"log_pop":3.391186088,"log_mass":6.0368757347},{"country_iso":"CAF","city_id":3363,"log_pop":3.1435721377,"log_mass":5.9714916402},{"country_iso":"CAF","city_id":3363,"log_pop":2.5023524824,"log_mass":5.2974979092},{"country_iso":"CAF","city_id":3363,"log_pop":5.0144193653,"log_mass":6.5617881796},{"country_iso":"CAF","city_id":3363,"log_pop":3.6486232885,"log_mass":6.2761499105},{"country_iso":"CAF","city_id":3363,"log_pop":4.9219197941,"log_mass":6.5337373842},{"country_iso":"CAF","city_id":3363,"log_pop":4.7411578605,"log_mass":6.311669683},{"country_iso":"CAF","city_id":3363,"log_pop":5.0635023902,"log_mass":6.5378885412},{"country_iso":"CAF","city_id":3363,"log_pop":4.4868442183,"log_mass":6.4308445054},{"country_iso":"CAF","city_id":3363,"log_pop":4.6412833662,"log_mass":6.3882765076},{"country_iso":"CAF","city_id":3363,"log_pop":0.9131857484,"log_mass":3.5776681237},{"country_iso":"CAF","city_id":3363,"log_pop":3.7254011378,"log_mass":6.2325414095},{"country_iso":"CAF","city_id":3363,"log_pop":3.311223842,"log_mass":5.7088478508},{"country_iso":"CAF","city_id":3363,"log_pop":3.1923639702,"log_mass":6.0144268614},{"country_iso":"CAF","city_id":3363,"log_pop":3.1866556395,"log_mass":5.9216702002},{"country_iso":"CAF","city_id":3363,"log_pop":2.999532257,"log_mass":5.6296971817},{"country_iso":"CAF","city_id":3363,"log_pop":3.6853991698,"log_mass":6.2890541252},{"country_iso":"CAF","city_id":3363,"log_pop":2.4240122033,"log_mass":5.5527440088},{"country_iso":"CAF","city_id":3363,"log_pop":4.6524443478,"log_mass":6.472817023},{"country_iso":"CAF","city_id":3363,"log_pop":4.6885505288,"log_mass":6.5277921761},{"country_iso":"CAF","city_id":3363,"log_pop":3.4629284609,"log_mass":6.2750216212},{"country_iso":"CAF","city_id":3363,"log_pop":1.5637311709,"log_mass":4.5289587275},{"country_iso":"CAF","city_id":3363,"log_pop":3.6101812743,"log_mass":6.2577228976},{"country_iso":"CAF","city_id":3363,"log_pop":3.4236382082,"log_mass":6.0436499788},{"country_iso":"CAF","city_id":3363,"log_pop":3.5259438058,"log_mass":5.9278164263},{"country_iso":"CAF","city_id":3363,"log_pop":3.7788685245,"log_mass":5.9569844333},{"country_iso":"CAF","city_id":3363,"log_pop":4.5160472245,"log_mass":6.0876017753},{"country_iso":"CAF","city_id":3363,"log_pop":3.8586315418,"log_mass":6.04602271},{"country_iso":"CAF","city_id":3363,"log_pop":2.8632596451,"log_mass":5.7194321457},{"country_iso":"CAF","city_id":3229,"log_pop":2.2789312431,"log_mass":5.1884778636},{"country_iso":"CAF","city_id":3229,"log_pop":1.5295580757,"log_mass":4.3410711239},{"country_iso":"CAF","city_id":3229,"log_pop":2.8585497972,"log_mass":5.6645273712},{"country_iso":"CAF","city_id":3229,"log_pop":0.1049201562,"log_mass":3.7597829265},{"country_iso":"CAF","city_id":3229,"log_pop":2.3390420622,"log_mass":5.1866778452},{"country_iso":"CAF","city_id":3229,"log_pop":1.7005233478,"log_mass":4.7354230887},{"country_iso":"CAF","city_id":3229,"log_pop":-0.5856748347,"log_mass":3.6223364873},{"country_iso":"CAF","city_id":3473,"log_pop":1.508258008,"log_mass":4.3129344083},{"country_iso":"CAF","city_id":3473,"log_pop":1.963862967,"log_mass":5.165491283},{"country_iso":"CAF","city_id":3473,"log_pop":2.6734733204,"log_mass":5.837133788},{"country_iso":"CAF","city_id":3473,"log_pop":1.7107724695,"log_mass":5.0703133287},{"country_iso":"CAF","city_id":3473,"log_pop":1.0106303971,"log_mass":3.9192110129},{"country_iso":"CAF","city_id":3239,"log_pop":3.0772919897,"log_mass":5.8194970164},{"country_iso":"CAF","city_id":3239,"log_pop":2.2923151021,"log_mass":5.083932326},{"country_iso":"CAF","city_id":3239,"log_pop":2.2845153537,"log_mass":5.0122944462},{"country_iso":"CAF","city_id":3239,"log_pop":-0.6209058092,"log_mass":3.3098422924},{"country_iso":"CAF","city_id":3239,"log_pop":0.6125280993,"log_mass":4.5766726665},{"country_iso":"CAF","city_id":3366,"log_pop":2.7869588713,"log_mass":5.2893149077},{"country_iso":"CAF","city_id":3366,"log_pop":2.8581945257,"log_mass":5.2880321892},{"country_iso":"CAF","city_id":3366,"log_pop":3.5242776359,"log_mass":5.6687298341},{"country_iso":"CAF","city_id":3366,"log_pop":4.0765260895,"log_mass":6.2004416997},{"country_iso":"CAF","city_id":3366,"log_pop":2.9937059232,"log_mass":5.174150337},{"country_iso":"CAF","city_id":3433,"log_pop":2.0835304018,"log_mass":4.6591526211},{"country_iso":"CAF","city_id":3433,"log_pop":2.1144671542,"log_mass":4.782515696},{"country_iso":"CAF","city_id":3433,"log_pop":1.5397328659,"log_mass":4.3426434466},{"country_iso":"CAF","city_id":3433,"log_pop":1.4641738565,"log_mass":4.0534841193},{"country_iso":"CAF","city_id":3250,"log_pop":3.0797452941,"log_mass":5.782495487},{"country_iso":"CAF","city_id":3250,"log_pop":2.3971976371,"log_mass":5.0447644658},{"country_iso":"CAF","city_id":3250,"log_pop":2.2468928326,"log_mass":4.821315576},{"country_iso":"CAF","city_id":3250,"log_pop":3.003064464,"log_mass":5.7180935069},{"country_iso":"CAF","city_id":3215,"log_pop":1.8298989339,"log_mass":4.7344814343}]