[{"country_iso":"MUS","city_id":5960,"log_pop":2.1335642875,"log_mass":4.7550167649},{"country_iso":"MUS","city_id":5960,"log_pop":2.9917656788,"log_mass":5.5146359232},{"country_iso":"MUS","city_id":5960,"log_pop":2.8606660676,"log_mass":5.4140613323},{"country_iso":"MUS","city_id":5960,"log_pop":3.1599697427,"log_mass":5.8929640396},{"country_iso":"MUS","city_id":5960,"log_pop":2.8349202038,"log_mass":5.7069050993},{"country_iso":"MUS","city_id":5960,"log_pop":3.5003402303,"log_mass":5.8449510525},{"country_iso":"MUS","city_id":5960,"log_pop":2.8873590005,"log_mass":5.6652982455},{"country_iso":"MUS","city_id":5960,"log_pop":2.341282198,"log_mass":5.088908817},{"country_iso":"MUS","city_id":5960,"log_pop":3.8256873624,"log_mass":6.0481660298},{"country_iso":"MUS","city_id":5960,"log_pop":2.1551097859,"log_mass":5.3190359473},{"country_iso":"MUS","city_id":5960,"log_pop":2.9396125611,"log_mass":5.6921881116},{"country_iso":"MUS","city_id":5960,"log_pop":2.1147849291,"log_mass":5.6083899667},{"country_iso":"MUS","city_id":5960,"log_pop":2.9594143974,"log_mass":5.689347293},{"country_iso":"MUS","city_id":5960,"log_pop":1.8420673935,"log_mass":4.834011479},{"country_iso":"MUS","city_id":5960,"log_pop":3.0258703441,"log_mass":5.4669066404},{"country_iso":"MUS","city_id":5960,"log_pop":3.3787597915,"log_mass":5.8191108455},{"country_iso":"MUS","city_id":5960,"log_pop":3.2275046554,"log_mass":6.1003709043},{"country_iso":"MUS","city_id":5960,"log_pop":3.5350316078,"log_mass":5.9680144503},{"country_iso":"MUS","city_id":5960,"log_pop":1.1303414997,"log_mass":5.2035268228},{"country_iso":"MUS","city_id":5960,"log_pop":3.4872486466,"log_mass":5.6883279914},{"country_iso":"MUS","city_id":5960,"log_pop":3.9718853596,"log_mass":6.148543676},{"country_iso":"MUS","city_id":5960,"log_pop":3.7893627152,"log_mass":5.8916067723},{"country_iso":"MUS","city_id":5960,"log_pop":3.7749001015,"log_mass":5.8929340193},{"country_iso":"MUS","city_id":5960,"log_pop":4.4053146821,"log_mass":6.5379284087},{"country_iso":"MUS","city_id":5960,"log_pop":0.8973282848,"log_mass":3.4653341677},{"country_iso":"MUS","city_id":5960,"log_pop":3.7487825022,"log_mass":5.8224089937},{"country_iso":"MUS","city_id":5960,"log_pop":4.2527049845,"log_mass":6.2653253848},{"country_iso":"MUS","city_id":5960,"log_pop":4.4427375865,"log_mass":6.4512479225},{"country_iso":"MUS","city_id":5960,"log_pop":3.5513497484,"log_mass":5.8209780372},{"country_iso":"MUS","city_id":5960,"log_pop":3.2713296198,"log_mass":5.8173673211},{"country_iso":"MUS","city_id":5960,"log_pop":3.4868163866,"log_mass":5.8056346538},{"country_iso":"MUS","city_id":5960,"log_pop":2.5044924273,"log_mass":5.2712685001},{"country_iso":"MUS","city_id":5960,"log_pop":3.440663653,"log_mass":5.7620037389},{"country_iso":"MUS","city_id":5960,"log_pop":3.4956598432,"log_mass":5.8506618557},{"country_iso":"MUS","city_id":5960,"log_pop":3.4580157284,"log_mass":5.7219157},{"country_iso":"MUS","city_id":5960,"log_pop":4.0332460528,"log_mass":6.3135006398}]