[{"country_iso":"ROU","city_id":3444,"log_pop":2.199231454,"log_mass":4.9487615582},{"country_iso":"ROU","city_id":3444,"log_pop":0.5136466704,"log_mass":3.690635443},{"country_iso":"ROU","city_id":3444,"log_pop":2.9526950573,"log_mass":5.4270539041},{"country_iso":"ROU","city_id":3444,"log_pop":3.9662240647,"log_mass":6.3483003224},{"country_iso":"ROU","city_id":3444,"log_pop":3.3193612028,"log_mass":6.0300659552},{"country_iso":"ROU","city_id":3444,"log_pop":2.0256641342,"log_mass":4.7566750408},{"country_iso":"ROU","city_id":3444,"log_pop":3.8831734927,"log_mass":6.3886317691},{"country_iso":"ROU","city_id":3444,"log_pop":3.884145456,"log_mass":6.1155611391},{"country_iso":"ROU","city_id":3444,"log_pop":4.3364159241,"log_mass":6.6304446203},{"country_iso":"ROU","city_id":3444,"log_pop":3.6244644283,"log_mass":6.3024729312},{"country_iso":"ROU","city_id":3444,"log_pop":0.5926601791,"log_mass":3.5712393864},{"country_iso":"ROU","city_id":3444,"log_pop":1.9001446621,"log_mass":4.8804360784},{"country_iso":"ROU","city_id":3444,"log_pop":3.005551323,"log_mass":5.8415211965},{"country_iso":"ROU","city_id":3444,"log_pop":4.8091397388,"log_mass":6.8128337152},{"country_iso":"ROU","city_id":3444,"log_pop":4.4217578348,"log_mass":6.5853828637},{"country_iso":"ROU","city_id":3444,"log_pop":4.762616768,"log_mass":6.8010939715},{"country_iso":"ROU","city_id":3444,"log_pop":4.6226539851,"log_mass":6.6947307413},{"country_iso":"ROU","city_id":3444,"log_pop":4.4621335759,"log_mass":6.5734848172},{"country_iso":"ROU","city_id":3444,"log_pop":3.945865472,"log_mass":6.4950520492},{"country_iso":"ROU","city_id":3444,"log_pop":4.8430845851,"log_mass":6.9682755348},{"country_iso":"ROU","city_id":3444,"log_pop":2.4797414471,"log_mass":5.3308679046},{"country_iso":"ROU","city_id":3444,"log_pop":1.9119979792,"log_mass":4.6458898789},{"country_iso":"ROU","city_id":3444,"log_pop":3.8891923891,"log_mass":6.4074831419},{"country_iso":"ROU","city_id":3444,"log_pop":3.9700621697,"log_mass":6.4542083895},{"country_iso":"ROU","city_id":3444,"log_pop":2.5986716889,"log_mass":5.1492543321},{"country_iso":"ROU","city_id":3444,"log_pop":3.8774007154,"log_mass":6.2962222207},{"country_iso":"ROU","city_id":3444,"log_pop":3.8519340313,"log_mass":6.4897233398},{"country_iso":"ROU","city_id":3444,"log_pop":4.5561198663,"log_mass":6.6443810532},{"country_iso":"ROU","city_id":3444,"log_pop":4.1863162837,"log_mass":6.5093671373},{"country_iso":"ROU","city_id":3444,"log_pop":2.0919031522,"log_mass":4.7854847693},{"country_iso":"ROU","city_id":3444,"log_pop":3.3476926052,"log_mass":6.0072214738},{"country_iso":"ROU","city_id":3444,"log_pop":3.8064967269,"log_mass":6.1601662557},{"country_iso":"ROU","city_id":3444,"log_pop":4.1523429828,"log_mass":6.5527453982},{"country_iso":"ROU","city_id":3444,"log_pop":4.8357300913,"log_mass":6.875458835},{"country_iso":"ROU","city_id":3444,"log_pop":4.805064476,"log_mass":6.9711596659},{"country_iso":"ROU","city_id":3444,"log_pop":4.023962283,"log_mass":6.337901329},{"country_iso":"ROU","city_id":3444,"log_pop":4.3807929249,"log_mass":6.478485774},{"country_iso":"ROU","city_id":3444,"log_pop":4.5875015987,"log_mass":6.7044251531},{"country_iso":"ROU","city_id":3444,"log_pop":4.7512020488,"log_mass":6.82516253},{"country_iso":"ROU","city_id":3444,"log_pop":4.5512572361,"log_mass":6.7001778675},{"country_iso":"ROU","city_id":3444,"log_pop":4.7218983092,"log_mass":6.7268960265},{"country_iso":"ROU","city_id":3444,"log_pop":4.3812448743,"log_mass":6.575346108},{"country_iso":"ROU","city_id":3444,"log_pop":4.664790786,"log_mass":6.638444765},{"country_iso":"ROU","city_id":3444,"log_pop":4.7554424681,"log_mass":6.688066746},{"country_iso":"ROU","city_id":3444,"log_pop":4.7562215387,"log_mass":6.8721161975},{"country_iso":"ROU","city_id":3444,"log_pop":4.8581364777,"log_mass":6.9958182833},{"country_iso":"ROU","city_id":3444,"log_pop":4.7876808826,"log_mass":6.8645027339},{"country_iso":"ROU","city_id":3444,"log_pop":1.6073963019,"log_mass":4.220162412},{"country_iso":"ROU","city_id":3444,"log_pop":0.6059239524,"log_mass":3.6591186997},{"country_iso":"ROU","city_id":3444,"log_pop":1.6524379898,"log_mass":4.5901953604},{"country_iso":"ROU","city_id":3444,"log_pop":3.1294608095,"log_mass":5.2895913787},{"country_iso":"ROU","city_id":3444,"log_pop":3.7596234778,"log_mass":6.1168278084},{"country_iso":"ROU","city_id":3444,"log_pop":4.2216843197,"log_mass":6.5476656296},{"country_iso":"ROU","city_id":3444,"log_pop":4.4683343691,"log_mass":6.7700007246},{"country_iso":"ROU","city_id":3444,"log_pop":3.274120947,"log_mass":5.8988544712},{"country_iso":"ROU","city_id":3444,"log_pop":4.2817038377,"log_mass":6.4511932044},{"country_iso":"ROU","city_id":3444,"log_pop":2.2339632865,"log_mass":4.7596114741},{"country_iso":"ROU","city_id":3444,"log_pop":4.0490946509,"log_mass":6.4826077994},{"country_iso":"ROU","city_id":3444,"log_pop":4.5631787658,"log_mass":6.9565447399},{"country_iso":"ROU","city_id":3444,"log_pop":4.8224146897,"log_mass":6.9698941704},{"country_iso":"ROU","city_id":3444,"log_pop":4.5890857445,"log_mass":6.906852991},{"country_iso":"ROU","city_id":3444,"log_pop":4.8368742785,"log_mass":7.1602077828},{"country_iso":"ROU","city_id":3444,"log_pop":4.0413505577,"log_mass":6.5621626342},{"country_iso":"ROU","city_id":3444,"log_pop":4.4640960538,"log_mass":6.6331703024},{"country_iso":"ROU","city_id":3444,"log_pop":4.6081111889,"log_mass":6.9227902385},{"country_iso":"ROU","city_id":3444,"log_pop":3.9859161907,"log_mass":6.2441405215},{"country_iso":"ROU","city_id":3444,"log_pop":3.5943112779,"log_mass":5.9370747077},{"country_iso":"ROU","city_id":3367,"log_pop":0.0560967438,"log_mass":3.2771135062},{"country_iso":"ROU","city_id":3367,"log_pop":3.7801230805,"log_mass":6.2547941426},{"country_iso":"ROU","city_id":3367,"log_pop":2.8556903633,"log_mass":5.6485053727},{"country_iso":"ROU","city_id":3367,"log_pop":4.0641386181,"log_mass":6.4209355891},{"country_iso":"ROU","city_id":3367,"log_pop":4.5040867573,"log_mass":6.792468911},{"country_iso":"ROU","city_id":3367,"log_pop":3.9609707571,"log_mass":6.2611183363},{"country_iso":"ROU","city_id":3367,"log_pop":4.4507824655,"log_mass":6.6784052123},{"country_iso":"ROU","city_id":3367,"log_pop":2.8507512683,"log_mass":5.2838378287},{"country_iso":"ROU","city_id":3367,"log_pop":3.2337554815,"log_mass":5.8542649767},{"country_iso":"ROU","city_id":3367,"log_pop":3.4923111627,"log_mass":5.8146702404},{"country_iso":"ROU","city_id":3367,"log_pop":2.152790911,"log_mass":4.8917775473},{"country_iso":"ROU","city_id":3367,"log_pop":3.2114762302,"log_mass":5.7194865704},{"country_iso":"ROU","city_id":3367,"log_pop":4.5166151831,"log_mass":6.8338958493},{"country_iso":"ROU","city_id":3367,"log_pop":4.1041199386,"log_mass":6.4390411597},{"country_iso":"ROU","city_id":3367,"log_pop":4.5194974816,"log_mass":6.8238486993},{"country_iso":"ROU","city_id":3367,"log_pop":2.9014337921,"log_mass":5.5779070695},{"country_iso":"ROU","city_id":3367,"log_pop":1.9028606751,"log_mass":4.5660224195},{"country_iso":"ROU","city_id":3367,"log_pop":1.9916446002,"log_mass":4.7500262377},{"country_iso":"ROU","city_id":3367,"log_pop":4.0895830764,"log_mass":6.4980608808},{"country_iso":"ROU","city_id":3367,"log_pop":4.0504312403,"log_mass":6.5188946986},{"country_iso":"ROU","city_id":3367,"log_pop":3.8139827629,"log_mass":6.1374492289},{"country_iso":"ROU","city_id":3367,"log_pop":3.6372087564,"log_mass":6.1137228535},{"country_iso":"ROU","city_id":3300,"log_pop":3.6498962269,"log_mass":6.0135481953},{"country_iso":"ROU","city_id":3300,"log_pop":4.352037718,"log_mass":6.6911690579},{"country_iso":"ROU","city_id":3300,"log_pop":2.9660044013,"log_mass":5.4658509807},{"country_iso":"ROU","city_id":3300,"log_pop":4.5257968265,"log_mass":6.7121356695},{"country_iso":"ROU","city_id":3300,"log_pop":2.3467005957,"log_mass":5.0249898053},{"country_iso":"ROU","city_id":3300,"log_pop":4.1291089605,"log_mass":6.4893841932},{"country_iso":"ROU","city_id":3300,"log_pop":1.0529633205,"log_mass":3.9699522895},{"country_iso":"ROU","city_id":3300,"log_pop":4.3162002251,"log_mass":6.6723410083},{"country_iso":"ROU","city_id":3300,"log_pop":3.1701916893,"log_mass":5.6607936848},{"country_iso":"ROU","city_id":3300,"log_pop":4.3941058811,"log_mass":6.6122807561},{"country_iso":"ROU","city_id":3300,"log_pop":3.0554089354,"log_mass":5.6461588837},{"country_iso":"ROU","city_id":3300,"log_pop":4.5568301947,"log_mass":6.7818779079},{"country_iso":"ROU","city_id":3300,"log_pop":3.0818952472,"log_mass":5.692171223},{"country_iso":"ROU","city_id":3300,"log_pop":2.9725814678,"log_mass":5.7388366318},{"country_iso":"ROU","city_id":3300,"log_pop":4.0230456484,"log_mass":6.4461865521},{"country_iso":"ROU","city_id":3300,"log_pop":3.4024626821,"log_mass":5.8962090505},{"country_iso":"ROU","city_id":3300,"log_pop":4.0621791818,"log_mass":6.4043697071},{"country_iso":"ROU","city_id":3300,"log_pop":4.5942193128,"log_mass":6.7437077605},{"country_iso":"ROU","city_id":3300,"log_pop":3.4776326516,"log_mass":6.0289281953},{"country_iso":"ROU","city_id":3300,"log_pop":1.7250107265,"log_mass":4.4762527695},{"country_iso":"ROU","city_id":3300,"log_pop":3.5266860397,"log_mass":6.2677102174},{"country_iso":"ROU","city_id":3300,"log_pop":3.0786993108,"log_mass":5.5919881564},{"country_iso":"ROU","city_id":3461,"log_pop":3.2063234048,"log_mass":5.8837130897},{"country_iso":"ROU","city_id":3461,"log_pop":3.9942372744,"log_mass":6.4896985063},{"country_iso":"ROU","city_id":3461,"log_pop":2.5751067711,"log_mass":5.2817357969},{"country_iso":"ROU","city_id":3461,"log_pop":3.0875013564,"log_mass":5.8191670833},{"country_iso":"ROU","city_id":3461,"log_pop":0.3897231703,"log_mass":3.5197683733},{"country_iso":"ROU","city_id":3461,"log_pop":3.8745256599,"log_mass":6.1966975077},{"country_iso":"ROU","city_id":3461,"log_pop":4.4801031391,"log_mass":6.7899013636},{"country_iso":"ROU","city_id":3461,"log_pop":4.2114038879,"log_mass":6.487753105},{"country_iso":"ROU","city_id":3461,"log_pop":3.8401813596,"log_mass":6.1702356004},{"country_iso":"ROU","city_id":3461,"log_pop":4.0788988149,"log_mass":6.4145391758},{"country_iso":"ROU","city_id":3461,"log_pop":4.5874184179,"log_mass":6.8889539626},{"country_iso":"ROU","city_id":3461,"log_pop":-0.7094094301,"log_mass":3.2216751156},{"country_iso":"ROU","city_id":3461,"log_pop":3.5013334243,"log_mass":5.9980975635},{"country_iso":"ROU","city_id":3461,"log_pop":3.8507381258,"log_mass":6.3001335871},{"country_iso":"ROU","city_id":3461,"log_pop":3.0239013185,"log_mass":5.7963038088},{"country_iso":"ROU","city_id":3461,"log_pop":4.0895130042,"log_mass":6.439848961},{"country_iso":"ROU","city_id":3461,"log_pop":3.7760658736,"log_mass":6.1946639967},{"country_iso":"ROU","city_id":3461,"log_pop":1.0548004922,"log_mass":3.6449460645},{"country_iso":"ROU","city_id":3461,"log_pop":4.4612937781,"log_mass":6.731153143},{"country_iso":"ROU","city_id":3461,"log_pop":2.9246149792,"log_mass":5.6103007862},{"country_iso":"ROU","city_id":3461,"log_pop":3.1851630214,"log_mass":5.8097769106},{"country_iso":"ROU","city_id":3490,"log_pop":2.0357528348,"log_mass":4.708717503},{"country_iso":"ROU","city_id":3490,"log_pop":3.9365828414,"log_mass":6.3011218875},{"country_iso":"ROU","city_id":3490,"log_pop":3.7053646044,"log_mass":6.3635983009},{"country_iso":"ROU","city_id":3490,"log_pop":4.3993679591,"log_mass":6.7257975225},{"country_iso":"ROU","city_id":3490,"log_pop":-0.1433353663,"log_mass":2.3539108348},{"country_iso":"ROU","city_id":3490,"log_pop":2.0701804883,"log_mass":5.0388923671},{"country_iso":"ROU","city_id":3490,"log_pop":3.7475097906,"log_mass":6.2721799141},{"country_iso":"ROU","city_id":3490,"log_pop":3.1391142515,"log_mass":5.9718482249},{"country_iso":"ROU","city_id":3490,"log_pop":3.7244705931,"log_mass":6.232506409},{"country_iso":"ROU","city_id":3490,"log_pop":4.3320083346,"log_mass":6.6958251897},{"country_iso":"ROU","city_id":3490,"log_pop":3.0113501868,"log_mass":5.7174415031},{"country_iso":"ROU","city_id":3490,"log_pop":0.0300523841,"log_mass":3.2198530408},{"country_iso":"ROU","city_id":3490,"log_pop":4.2926003243,"log_mass":6.9432199354},{"country_iso":"ROU","city_id":3490,"log_pop":3.2977258461,"log_mass":5.8902608327},{"country_iso":"ROU","city_id":3490,"log_pop":3.6251320165,"log_mass":6.3089938177},{"country_iso":"ROU","city_id":3490,"log_pop":4.1910397527,"log_mass":6.4962765822},{"country_iso":"ROU","city_id":3490,"log_pop":3.0134499753,"log_mass":5.6297815371},{"country_iso":"ROU","city_id":3490,"log_pop":4.1699587091,"log_mass":6.5762580158},{"country_iso":"ROU","city_id":3490,"log_pop":4.4567053245,"log_mass":6.7685097325},{"country_iso":"ROU","city_id":3490,"log_pop":3.9749201727,"log_mass":6.7011566487},{"country_iso":"ROU","city_id":3442,"log_pop":3.3287130272,"log_mass":5.9468027159},{"country_iso":"ROU","city_id":3442,"log_pop":2.6392195009,"log_mass":5.4837918746},{"country_iso":"ROU","city_id":3442,"log_pop":4.0830648627,"log_mass":6.5008100559},{"country_iso":"ROU","city_id":3442,"log_pop":3.5987077157,"log_mass":6.1150425076},{"country_iso":"ROU","city_id":3442,"log_pop":3.8380739332,"log_mass":6.294683209},{"country_iso":"ROU","city_id":3442,"log_pop":0.1861133809,"log_mass":3.6143984354},{"country_iso":"ROU","city_id":3442,"log_pop":4.2279385382,"log_mass":6.4783764066},{"country_iso":"ROU","city_id":3442,"log_pop":4.3106046329,"log_mass":6.6377141401},{"country_iso":"ROU","city_id":3442,"log_pop":3.1282456863,"log_mass":5.6939337466},{"country_iso":"ROU","city_id":3442,"log_pop":4.4344728056,"log_mass":6.682567234},{"country_iso":"ROU","city_id":3442,"log_pop":4.5814666368,"log_mass":6.8593786175},{"country_iso":"ROU","city_id":3442,"log_pop":3.0736968386,"log_mass":5.5453499787},{"country_iso":"ROU","city_id":3442,"log_pop":1.9694861506,"log_mass":4.6061085637},{"country_iso":"ROU","city_id":3442,"log_pop":1.8729216627,"log_mass":4.4778272141},{"country_iso":"ROU","city_id":3442,"log_pop":2.3958728325,"log_mass":5.2813295948},{"country_iso":"ROU","city_id":3442,"log_pop":2.6956279314,"log_mass":5.3349529834},{"country_iso":"ROU","city_id":3442,"log_pop":4.0913293024,"log_mass":6.3434494442},{"country_iso":"ROU","city_id":3442,"log_pop":2.5154207273,"log_mass":5.420970946},{"country_iso":"ROU","city_id":3482,"log_pop":2.0890341059,"log_mass":4.0783112424},{"country_iso":"ROU","city_id":3482,"log_pop":3.9694730948,"log_mass":6.0401023908},{"country_iso":"ROU","city_id":3482,"log_pop":2.303094497,"log_mass":4.8169315742},{"country_iso":"ROU","city_id":3482,"log_pop":1.0936777549,"log_mass":3.7511255531},{"country_iso":"ROU","city_id":3482,"log_pop":3.8135352201,"log_mass":5.9335816385},{"country_iso":"ROU","city_id":3482,"log_pop":3.5107221825,"log_mass":5.6611107599},{"country_iso":"ROU","city_id":3482,"log_pop":4.1782701287,"log_mass":6.2922772978},{"country_iso":"ROU","city_id":3482,"log_pop":1.9516270753,"log_mass":4.3567162475},{"country_iso":"ROU","city_id":3482,"log_pop":4.9102368022,"log_mass":6.5726592888},{"country_iso":"ROU","city_id":3482,"log_pop":4.4015682313,"log_mass":6.2721548385},{"country_iso":"ROU","city_id":3482,"log_pop":2.306707638,"log_mass":4.9124848819},{"country_iso":"ROU","city_id":3482,"log_pop":2.9828158045,"log_mass":4.9500814507},{"country_iso":"ROU","city_id":3482,"log_pop":4.8571789073,"log_mass":6.6541993992},{"country_iso":"ROU","city_id":3482,"log_pop":3.867364585,"log_mass":5.749469727},{"country_iso":"ROU","city_id":3482,"log_pop":3.5925681224,"log_mass":5.8262545555},{"country_iso":"ROU","city_id":3482,"log_pop":0.3069218509,"log_mass":3.7438082947},{"country_iso":"ROU","city_id":3482,"log_pop":4.0771391238,"log_mass":6.3703548936},{"country_iso":"ROU","city_id":3482,"log_pop":3.3041239915,"log_mass":5.6392673303},{"country_iso":"ROU","city_id":3386,"log_pop":3.7387259551,"log_mass":6.1455922342},{"country_iso":"ROU","city_id":3386,"log_pop":3.7255925576,"log_mass":6.0906422093},{"country_iso":"ROU","city_id":3386,"log_pop":3.8208875588,"log_mass":6.1090241756},{"country_iso":"ROU","city_id":3386,"log_pop":2.4698996763,"log_mass":5.6600031065},{"country_iso":"ROU","city_id":3386,"log_pop":4.4359279163,"log_mass":6.6612153156},{"country_iso":"ROU","city_id":3386,"log_pop":4.3324751413,"log_mass":6.6941641884},{"country_iso":"ROU","city_id":3386,"log_pop":2.1656022939,"log_mass":4.6784704704},{"country_iso":"ROU","city_id":3386,"log_pop":2.4724950579,"log_mass":4.9737324041},{"country_iso":"ROU","city_id":3386,"log_pop":2.9491109586,"log_mass":5.4429628168},{"country_iso":"ROU","city_id":3386,"log_pop":4.0159208968,"log_mass":6.3184790355},{"country_iso":"ROU","city_id":3386,"log_pop":3.8926881324,"log_mass":6.2294666132},{"country_iso":"ROU","city_id":3386,"log_pop":4.4996034266,"log_mass":6.7324391904},{"country_iso":"ROU","city_id":3386,"log_pop":4.5944722311,"log_mass":6.8809497414},{"country_iso":"ROU","city_id":3386,"log_pop":0.7156778673,"log_mass":4.0021360667},{"country_iso":"ROU","city_id":3386,"log_pop":2.6749841677,"log_mass":5.45352448},{"country_iso":"ROU","city_id":3386,"log_pop":4.1614818183,"log_mass":6.4776637383},{"country_iso":"ROU","city_id":3386,"log_pop":2.8425298853,"log_mass":6.1685842314},{"country_iso":"ROU","city_id":3386,"log_pop":3.9974122523,"log_mass":6.2718919024},{"country_iso":"ROU","city_id":3314,"log_pop":3.8836457648,"log_mass":6.2825126455},{"country_iso":"ROU","city_id":3314,"log_pop":4.3962161007,"log_mass":6.7789128844},{"country_iso":"ROU","city_id":3314,"log_pop":3.9216999842,"log_mass":6.4171520964},{"country_iso":"ROU","city_id":3314,"log_pop":2.8663926789,"log_mass":5.548891383},{"country_iso":"ROU","city_id":3314,"log_pop":4.1213630192,"log_mass":6.688853137},{"country_iso":"ROU","city_id":3314,"log_pop":2.6717850845,"log_mass":5.3513690361},{"country_iso":"ROU","city_id":3314,"log_pop":0.901943409,"log_mass":3.6792011928},{"country_iso":"ROU","city_id":3314,"log_pop":3.8326256197,"log_mass":6.3024057446},{"country_iso":"ROU","city_id":3314,"log_pop":3.4241346509,"log_mass":5.937692418},{"country_iso":"ROU","city_id":3314,"log_pop":3.8684496965,"log_mass":6.2719703828},{"country_iso":"ROU","city_id":3314,"log_pop":3.1986032193,"log_mass":5.817800605},{"country_iso":"ROU","city_id":3314,"log_pop":4.2842283853,"log_mass":6.6904875641},{"country_iso":"ROU","city_id":3314,"log_pop":4.0665397703,"log_mass":6.5327150061},{"country_iso":"ROU","city_id":3314,"log_pop":1.4355576407,"log_mass":4.1149392107},{"country_iso":"ROU","city_id":3314,"log_pop":3.2709803635,"log_mass":6.0660875589},{"country_iso":"ROU","city_id":3314,"log_pop":3.5797843638,"log_mass":6.2723720442},{"country_iso":"ROU","city_id":3314,"log_pop":3.22433412,"log_mass":5.8892794434},{"country_iso":"ROU","city_id":3301,"log_pop":4.1274271995,"log_mass":6.6481674167},{"country_iso":"ROU","city_id":3301,"log_pop":3.7741799015,"log_mass":6.3090418466},{"country_iso":"ROU","city_id":3301,"log_pop":2.5052519566,"log_mass":5.2073246536},{"country_iso":"ROU","city_id":3301,"log_pop":3.7455900159,"log_mass":6.322596607},{"country_iso":"ROU","city_id":3301,"log_pop":4.2882251502,"log_mass":6.7072316876},{"country_iso":"ROU","city_id":3301,"log_pop":4.2108517311,"log_mass":6.6886360899},{"country_iso":"ROU","city_id":3301,"log_pop":3.6034150284,"log_mass":6.0982456405},{"country_iso":"ROU","city_id":3301,"log_pop":2.6424953306,"log_mass":5.3007948989},{"country_iso":"ROU","city_id":3301,"log_pop":2.7192049249,"log_mass":5.4241478908},{"country_iso":"ROU","city_id":3301,"log_pop":2.1030041703,"log_mass":4.8197052416},{"country_iso":"ROU","city_id":3301,"log_pop":-1.503564262,"log_mass":1.6646956552},{"country_iso":"ROU","city_id":3301,"log_pop":3.9635971426,"log_mass":6.476685486},{"country_iso":"ROU","city_id":3301,"log_pop":3.6012746948,"log_mass":6.2091334881},{"country_iso":"ROU","city_id":3301,"log_pop":1.9801072186,"log_mass":4.7609409707},{"country_iso":"ROU","city_id":3301,"log_pop":3.0795768746,"log_mass":5.7508116346},{"country_iso":"ROU","city_id":3301,"log_pop":3.1561977946,"log_mass":5.9365764907},{"country_iso":"ROU","city_id":3301,"log_pop":3.2327804757,"log_mass":5.7757092796},{"country_iso":"ROU","city_id":3423,"log_pop":3.835327916,"log_mass":6.2708505522},{"country_iso":"ROU","city_id":3423,"log_pop":4.3973737778,"log_mass":6.696573299},{"country_iso":"ROU","city_id":3423,"log_pop":3.4412334417,"log_mass":6.0179106413},{"country_iso":"ROU","city_id":3423,"log_pop":2.6496700771,"log_mass":5.4626147664},{"country_iso":"ROU","city_id":3423,"log_pop":4.3271739238,"log_mass":6.5882892706},{"country_iso":"ROU","city_id":3423,"log_pop":4.0839259285,"log_mass":6.4930459134},{"country_iso":"ROU","city_id":3423,"log_pop":3.2571377529,"log_mass":5.710151296},{"country_iso":"ROU","city_id":3423,"log_pop":2.6098261653,"log_mass":5.4029195222},{"country_iso":"ROU","city_id":3423,"log_pop":4.435937849,"log_mass":6.7589029675},{"country_iso":"ROU","city_id":3423,"log_pop":3.4067186908,"log_mass":5.9967780993},{"country_iso":"ROU","city_id":3423,"log_pop":3.7207325129,"log_mass":6.2507071275},{"country_iso":"ROU","city_id":3423,"log_pop":1.2833788591,"log_mass":3.7350236904},{"country_iso":"ROU","city_id":3423,"log_pop":3.1543523828,"log_mass":5.7627093374},{"country_iso":"ROU","city_id":3423,"log_pop":4.4379817418,"log_mass":6.7111194196},{"country_iso":"ROU","city_id":3423,"log_pop":3.9260800572,"log_mass":6.4217024388},{"country_iso":"ROU","city_id":3423,"log_pop":2.6980564994,"log_mass":5.4015643535},{"country_iso":"ROU","city_id":3453,"log_pop":1.9244953742,"log_mass":4.6663601124},{"country_iso":"ROU","city_id":3453,"log_pop":2.7922523884,"log_mass":5.2311063214},{"country_iso":"ROU","city_id":3453,"log_pop":2.3187492312,"log_mass":4.7572009845},{"country_iso":"ROU","city_id":3453,"log_pop":2.5659699582,"log_mass":5.5634302705},{"country_iso":"ROU","city_id":3453,"log_pop":3.6523713837,"log_mass":6.0910424024},{"country_iso":"ROU","city_id":3453,"log_pop":3.6550680442,"log_mass":6.2815412091},{"country_iso":"ROU","city_id":3453,"log_pop":4.4406334454,"log_mass":6.7888593367},{"country_iso":"ROU","city_id":3453,"log_pop":3.3256338571,"log_mass":5.8637993399},{"country_iso":"ROU","city_id":3453,"log_pop":3.5634364132,"log_mass":5.9664587134},{"country_iso":"ROU","city_id":3453,"log_pop":4.278684759,"log_mass":6.6199672632},{"country_iso":"ROU","city_id":3453,"log_pop":3.858905231,"log_mass":6.2730104988},{"country_iso":"ROU","city_id":3453,"log_pop":3.9864781691,"log_mass":6.3572689213},{"country_iso":"ROU","city_id":3453,"log_pop":3.9027717254,"log_mass":6.2624267837},{"country_iso":"ROU","city_id":3453,"log_pop":3.2405618537,"log_mass":5.6794013774},{"country_iso":"ROU","city_id":3453,"log_pop":2.9382500349,"log_mass":5.3987007355},{"country_iso":"ROU","city_id":3533,"log_pop":1.9551963799,"log_mass":4.6794786174},{"country_iso":"ROU","city_id":3533,"log_pop":3.1904555816,"log_mass":6.0249028526},{"country_iso":"ROU","city_id":3533,"log_pop":3.9571635725,"log_mass":6.2273669028},{"country_iso":"ROU","city_id":3533,"log_pop":4.3432771043,"log_mass":6.7769249703},{"country_iso":"ROU","city_id":3533,"log_pop":3.8993652829,"log_mass":6.2771173554},{"country_iso":"ROU","city_id":3533,"log_pop":-0.2656322412,"log_mass":4.185493074},{"country_iso":"ROU","city_id":3533,"log_pop":3.0096552208,"log_mass":5.6381185193},{"country_iso":"ROU","city_id":3533,"log_pop":4.3212286,"log_mass":6.6267848576},{"country_iso":"ROU","city_id":3533,"log_pop":4.1047134419,"log_mass":6.3943229016},{"country_iso":"ROU","city_id":3533,"log_pop":4.649164402,"log_mass":6.8132996275},{"country_iso":"ROU","city_id":3533,"log_pop":3.8453278494,"log_mass":6.0722215201},{"country_iso":"ROU","city_id":3533,"log_pop":4.5493565133,"log_mass":6.7418243072},{"country_iso":"ROU","city_id":3533,"log_pop":4.1946277156,"log_mass":6.4698673788},{"country_iso":"ROU","city_id":3533,"log_pop":4.332926377,"log_mass":6.6634558294},{"country_iso":"ROU","city_id":3533,"log_pop":3.6861337596,"log_mass":6.7343934694},{"country_iso":"ROU","city_id":3411,"log_pop":3.1473325321,"log_mass":5.5956495251},{"country_iso":"ROU","city_id":3411,"log_pop":4.2867737941,"log_mass":6.5715870453},{"country_iso":"ROU","city_id":3411,"log_pop":2.9418480375,"log_mass":5.2667483201},{"country_iso":"ROU","city_id":3411,"log_pop":3.1162870692,"log_mass":5.9869889472},{"country_iso":"ROU","city_id":3411,"log_pop":4.0717982415,"log_mass":6.337648524},{"country_iso":"ROU","city_id":3411,"log_pop":4.3189648583,"log_mass":6.5885812343},{"country_iso":"ROU","city_id":3411,"log_pop":3.9603436214,"log_mass":6.254079763},{"country_iso":"ROU","city_id":3411,"log_pop":3.4299224199,"log_mass":5.8973832198},{"country_iso":"ROU","city_id":3411,"log_pop":4.4128526509,"log_mass":6.5364328803},{"country_iso":"ROU","city_id":3411,"log_pop":3.6032466267,"log_mass":5.9986359177},{"country_iso":"ROU","city_id":3411,"log_pop":2.2531935264,"log_mass":5.1201030039},{"country_iso":"ROU","city_id":3411,"log_pop":1.5959317376,"log_mass":4.8651402909},{"country_iso":"ROU","city_id":3385,"log_pop":2.8670116284,"log_mass":5.2924750095},{"country_iso":"ROU","city_id":3385,"log_pop":4.3755106167,"log_mass":6.7612819343},{"country_iso":"ROU","city_id":3385,"log_pop":4.1648017208,"log_mass":6.5226005521},{"country_iso":"ROU","city_id":3385,"log_pop":2.7485848224,"log_mass":5.353521966},{"country_iso":"ROU","city_id":3385,"log_pop":2.5827894412,"log_mass":5.4324083014},{"country_iso":"ROU","city_id":3385,"log_pop":4.0508903425,"log_mass":6.5243584621},{"country_iso":"ROU","city_id":3385,"log_pop":2.2317435058,"log_mass":4.8242115},{"country_iso":"ROU","city_id":3385,"log_pop":3.0673010948,"log_mass":5.7968557706},{"country_iso":"ROU","city_id":3385,"log_pop":-0.4303530504,"log_mass":2.9689583596},{"country_iso":"ROU","city_id":3385,"log_pop":4.3820961503,"log_mass":6.7606955764},{"country_iso":"ROU","city_id":3385,"log_pop":3.5154363547,"log_mass":6.105947863},{"country_iso":"ROU","city_id":3385,"log_pop":3.7608259352,"log_mass":6.2346025415},{"country_iso":"ROU","city_id":3492,"log_pop":2.9592448738,"log_mass":5.3984347095},{"country_iso":"ROU","city_id":3492,"log_pop":3.1258425452,"log_mass":5.4873862103},{"country_iso":"ROU","city_id":3492,"log_pop":2.7969776788,"log_mass":5.3432488726},{"country_iso":"ROU","city_id":3492,"log_pop":4.4153601108,"log_mass":6.706733906},{"country_iso":"ROU","city_id":3492,"log_pop":4.2640063403,"log_mass":6.6211301861},{"country_iso":"ROU","city_id":3492,"log_pop":0.4433528672,"log_mass":3.9790320084},{"country_iso":"ROU","city_id":3492,"log_pop":4.520326287,"log_mass":6.7518509801},{"country_iso":"ROU","city_id":3492,"log_pop":4.0932223582,"log_mass":6.3702356035},{"country_iso":"ROU","city_id":3492,"log_pop":4.1151548097,"log_mass":6.4113364305},{"country_iso":"ROU","city_id":3492,"log_pop":0.6515622974,"log_mass":4.248329454},{"country_iso":"ROU","city_id":3492,"log_pop":3.6120795981,"log_mass":6.2036164165},{"country_iso":"ROU","city_id":3492,"log_pop":4.1654699379,"log_mass":6.4785505471},{"country_iso":"ROU","city_id":3392,"log_pop":1.0800883031,"log_mass":3.8692002185},{"country_iso":"ROU","city_id":3392,"log_pop":3.8037622803,"log_mass":6.2809008597},{"country_iso":"ROU","city_id":3392,"log_pop":3.7541607371,"log_mass":6.2181471174},{"country_iso":"ROU","city_id":3392,"log_pop":3.749212803,"log_mass":6.1308629252},{"country_iso":"ROU","city_id":3392,"log_pop":3.4151043846,"log_mass":5.8973333132},{"country_iso":"ROU","city_id":3392,"log_pop":4.2284755887,"log_mass":6.5529532769},{"country_iso":"ROU","city_id":3392,"log_pop":3.8415108091,"log_mass":6.2010398187},{"country_iso":"ROU","city_id":3392,"log_pop":3.736972314,"log_mass":6.1565718269},{"country_iso":"ROU","city_id":3392,"log_pop":3.4333326321,"log_mass":5.9439851911},{"country_iso":"ROU","city_id":3392,"log_pop":4.4676418387,"log_mass":6.7889493622},{"country_iso":"ROU","city_id":3392,"log_pop":3.6916563345,"log_mass":6.0273534891},{"country_iso":"ROU","city_id":3392,"log_pop":2.7178390173,"log_mass":5.3289263343},{"country_iso":"ROU","city_id":3426,"log_pop":1.9578328216,"log_mass":4.4502286435},{"country_iso":"ROU","city_id":3426,"log_pop":1.7510738576,"log_mass":4.4769038657},{"country_iso":"ROU","city_id":3426,"log_pop":3.4155026964,"log_mass":6.2518422329},{"country_iso":"ROU","city_id":3426,"log_pop":2.2362125065,"log_mass":4.8644265963},{"country_iso":"ROU","city_id":3426,"log_pop":3.4903816315,"log_mass":5.9089658885},{"country_iso":"ROU","city_id":3426,"log_pop":3.6137328212,"log_mass":5.9651222045},{"country_iso":"ROU","city_id":3426,"log_pop":4.2297256099,"log_mass":6.6519234437},{"country_iso":"ROU","city_id":3426,"log_pop":2.0660904885,"log_mass":4.9647893107},{"country_iso":"ROU","city_id":3426,"log_pop":4.2029972245,"log_mass":6.6481912073},{"country_iso":"ROU","city_id":3426,"log_pop":2.8446662224,"log_mass":5.3507225444},{"country_iso":"ROU","city_id":3426,"log_pop":3.545818591,"log_mass":5.9688835371},{"country_iso":"ROU","city_id":3426,"log_pop":1.8424355189,"log_mass":4.974240668},{"country_iso":"ROU","city_id":3437,"log_pop":4.0991401142,"log_mass":6.576790572},{"country_iso":"ROU","city_id":3437,"log_pop":2.3494569965,"log_mass":5.090149015},{"country_iso":"ROU","city_id":3437,"log_pop":3.1745282234,"log_mass":5.5901623741},{"country_iso":"ROU","city_id":3437,"log_pop":4.0106989101,"log_mass":6.4016572791},{"country_iso":"ROU","city_id":3437,"log_pop":2.6034701603,"log_mass":5.2191254919},{"country_iso":"ROU","city_id":3437,"log_pop":3.5131146915,"log_mass":5.9890040501},{"country_iso":"ROU","city_id":3437,"log_pop":3.9978783091,"log_mass":6.3704401398},{"country_iso":"ROU","city_id":3437,"log_pop":2.7609817444,"log_mass":5.493396784},{"country_iso":"ROU","city_id":3437,"log_pop":2.7579377251,"log_mass":5.4185349596},{"country_iso":"ROU","city_id":3437,"log_pop":2.3952200561,"log_mass":4.805380807},{"country_iso":"ROU","city_id":3437,"log_pop":2.1425237637,"log_mass":4.6639375448},{"country_iso":"ROU","city_id":3458,"log_pop":1.355630977,"log_mass":4.0365934652},{"country_iso":"ROU","city_id":3458,"log_pop":3.3335350572,"log_mass":5.9061028154},{"country_iso":"ROU","city_id":3458,"log_pop":3.9735466459,"log_mass":6.3786833893},{"country_iso":"ROU","city_id":3458,"log_pop":1.0630073312,"log_mass":3.3823293259},{"country_iso":"ROU","city_id":3458,"log_pop":4.2446677702,"log_mass":6.585809573},{"country_iso":"ROU","city_id":3458,"log_pop":3.7890514386,"log_mass":6.1552102317},{"country_iso":"ROU","city_id":3458,"log_pop":2.5580193984,"log_mass":5.0707437167},{"country_iso":"ROU","city_id":3458,"log_pop":3.8615177506,"log_mass":6.3151670625},{"country_iso":"ROU","city_id":3458,"log_pop":3.0553190912,"log_mass":5.5148268671},{"country_iso":"ROU","city_id":3458,"log_pop":4.4013891998,"log_mass":6.7332693147},{"country_iso":"ROU","city_id":3458,"log_pop":0.5169721124,"log_mass":3.6170220004},{"country_iso":"ROU","city_id":3357,"log_pop":4.1835219619,"log_mass":6.5501532518},{"country_iso":"ROU","city_id":3357,"log_pop":3.0768787547,"log_mass":5.74531337},{"country_iso":"ROU","city_id":3357,"log_pop":2.5975295389,"log_mass":5.2732142876},{"country_iso":"ROU","city_id":3357,"log_pop":4.1703749237,"log_mass":6.6228079072},{"country_iso":"ROU","city_id":3357,"log_pop":4.1253420488,"log_mass":6.5621197768},{"country_iso":"ROU","city_id":3357,"log_pop":2.7157909012,"log_mass":5.4559350365},{"country_iso":"ROU","city_id":3357,"log_pop":4.1068212311,"log_mass":6.6097681715},{"country_iso":"ROU","city_id":3357,"log_pop":-1.0168938167,"log_mass":2.522881424},{"country_iso":"ROU","city_id":3357,"log_pop":3.6210774646,"log_mass":6.1484766404},{"country_iso":"ROU","city_id":3357,"log_pop":2.7827550877,"log_mass":5.6655984133},{"country_iso":"ROU","city_id":3356,"log_pop":2.5960433015,"log_mass":5.2711096757},{"country_iso":"ROU","city_id":3356,"log_pop":3.9854895362,"log_mass":6.2497835219},{"country_iso":"ROU","city_id":3356,"log_pop":2.3442480717,"log_mass":5.103962567},{"country_iso":"ROU","city_id":3356,"log_pop":4.2484160722,"log_mass":6.6049280916},{"country_iso":"ROU","city_id":3356,"log_pop":3.5660798309,"log_mass":6.0460566535},{"country_iso":"ROU","city_id":3356,"log_pop":4.214854575,"log_mass":6.513417034},{"country_iso":"ROU","city_id":3356,"log_pop":3.2763537891,"log_mass":6.0413684521},{"country_iso":"ROU","city_id":3356,"log_pop":3.0107726491,"log_mass":5.7165368096},{"country_iso":"ROU","city_id":3356,"log_pop":3.9927218632,"log_mass":6.4410707096},{"country_iso":"ROU","city_id":3526,"log_pop":3.7658972033,"log_mass":6.3924888658},{"country_iso":"ROU","city_id":3526,"log_pop":2.1548705518,"log_mass":4.822448293},{"country_iso":"ROU","city_id":3526,"log_pop":4.1086169202,"log_mass":6.6166606949},{"country_iso":"ROU","city_id":3526,"log_pop":0.9911718007,"log_mass":3.6679594659},{"country_iso":"ROU","city_id":3526,"log_pop":3.9766917739,"log_mass":6.5111964236},{"country_iso":"ROU","city_id":3526,"log_pop":3.2821260502,"log_mass":5.9166592844},{"country_iso":"ROU","city_id":3526,"log_pop":3.8476937709,"log_mass":6.3809350161},{"country_iso":"ROU","city_id":3526,"log_pop":2.9567580387,"log_mass":5.7254700166},{"country_iso":"ROU","city_id":3526,"log_pop":0.9648567482,"log_mass":3.8403167544},{"country_iso":"ROU","city_id":3429,"log_pop":3.8284036338,"log_mass":6.2858964505},{"country_iso":"ROU","city_id":3429,"log_pop":2.4935226627,"log_mass":5.5402134884},{"country_iso":"ROU","city_id":3429,"log_pop":4.0790757559,"log_mass":6.4853319855},{"country_iso":"ROU","city_id":3429,"log_pop":1.9701843341,"log_mass":4.7300602709},{"country_iso":"ROU","city_id":3429,"log_pop":4.1741584146,"log_mass":6.6648190515},{"country_iso":"ROU","city_id":3429,"log_pop":2.3513703202,"log_mass":5.1112939825},{"country_iso":"ROU","city_id":3429,"log_pop":3.2817594947,"log_mass":5.9133214814},{"country_iso":"ROU","city_id":3429,"log_pop":3.9776382139,"log_mass":6.3897837262},{"country_iso":"ROU","city_id":3429,"log_pop":1.9069214785,"log_mass":4.7121349441},{"country_iso":"ROU","city_id":3404,"log_pop":2.8342097986,"log_mass":5.4291631613},{"country_iso":"ROU","city_id":3404,"log_pop":1.9378120552,"log_mass":4.6980291598},{"country_iso":"ROU","city_id":3404,"log_pop":4.1127914109,"log_mass":6.5395313482},{"country_iso":"ROU","city_id":3404,"log_pop":3.5918711761,"log_mass":6.4216093476},{"country_iso":"ROU","city_id":3404,"log_pop":0.673687527,"log_mass":3.5466041582},{"country_iso":"ROU","city_id":3404,"log_pop":2.3026531261,"log_mass":4.8241570569},{"country_iso":"ROU","city_id":3404,"log_pop":2.4290072198,"log_mass":5.1201390355},{"country_iso":"ROU","city_id":3404,"log_pop":3.9066748976,"log_mass":6.3738094332},{"country_iso":"ROU","city_id":3404,"log_pop":4.1666715799,"log_mass":6.6891919961},{"country_iso":"ROU","city_id":3335,"log_pop":3.0825704394,"log_mass":5.4757780472},{"country_iso":"ROU","city_id":3335,"log_pop":3.9033901434,"log_mass":6.3640802773},{"country_iso":"ROU","city_id":3335,"log_pop":4.1709279759,"log_mass":6.6494120701},{"country_iso":"ROU","city_id":3335,"log_pop":3.0819824084,"log_mass":5.6497315575},{"country_iso":"ROU","city_id":3335,"log_pop":3.9076420365,"log_mass":6.3957028374},{"country_iso":"ROU","city_id":3335,"log_pop":2.2010450356,"log_mass":5.0608278395},{"country_iso":"ROU","city_id":3335,"log_pop":1.9570187872,"log_mass":4.7222793355},{"country_iso":"ROU","city_id":3335,"log_pop":3.6990830902,"log_mass":6.2837308434},{"country_iso":"ROU","city_id":3335,"log_pop":4.1021669276,"log_mass":6.5897926433},{"country_iso":"ROU","city_id":3438,"log_pop":2.6228534456,"log_mass":5.1775785901},{"country_iso":"ROU","city_id":3438,"log_pop":3.9261622617,"log_mass":6.2842967143},{"country_iso":"ROU","city_id":3438,"log_pop":4.4834963837,"log_mass":6.7723848774},{"country_iso":"ROU","city_id":3438,"log_pop":3.5691403206,"log_mass":5.8919263415},{"country_iso":"ROU","city_id":3438,"log_pop":4.1681436074,"log_mass":6.4188004978},{"country_iso":"ROU","city_id":3438,"log_pop":2.0647010556,"log_mass":4.988655234},{"country_iso":"ROU","city_id":3438,"log_pop":3.5798326659,"log_mass":5.9896297227},{"country_iso":"ROU","city_id":3438,"log_pop":3.6319686312,"log_mass":5.9209642634},{"country_iso":"ROU","city_id":3467,"log_pop":1.6552284221,"log_mass":4.6402385682},{"country_iso":"ROU","city_id":3467,"log_pop":3.9349648339,"log_mass":6.3666270055},{"country_iso":"ROU","city_id":3467,"log_pop":4.1225611742,"log_mass":6.4064481097},{"country_iso":"ROU","city_id":3467,"log_pop":2.023654718,"log_mass":4.860836864},{"country_iso":"ROU","city_id":3467,"log_pop":1.578655998,"log_mass":4.2881266691},{"country_iso":"ROU","city_id":3467,"log_pop":4.2698577526,"log_mass":6.6324807271},{"country_iso":"ROU","city_id":3467,"log_pop":3.8410893019,"log_mass":6.2175982583},{"country_iso":"ROU","city_id":3464,"log_pop":4.1741658466,"log_mass":5.8897342921},{"country_iso":"ROU","city_id":3464,"log_pop":3.1598780808,"log_mass":5.2273482735},{"country_iso":"ROU","city_id":3464,"log_pop":1.1279024657,"log_mass":3.9105114075},{"country_iso":"ROU","city_id":3464,"log_pop":4.6435657478,"log_mass":6.3195978414},{"country_iso":"ROU","city_id":3464,"log_pop":1.5235509258,"log_mass":4.5149785097},{"country_iso":"ROU","city_id":3464,"log_pop":4.1912719333,"log_mass":5.8921898892}]