[{"country_iso":"MWI","city_id":4495,"log_pop":1.8759143994,"log_mass":3.9862338572},{"country_iso":"MWI","city_id":4495,"log_pop":4.4861512015,"log_mass":6.2730614647},{"country_iso":"MWI","city_id":4495,"log_pop":2.9750484422,"log_mass":5.9023060383},{"country_iso":"MWI","city_id":4495,"log_pop":2.059010073,"log_mass":4.7700537385},{"country_iso":"MWI","city_id":4495,"log_pop":3.6430690962,"log_mass":5.6503884478},{"country_iso":"MWI","city_id":4495,"log_pop":2.1216281104,"log_mass":4.3876582153},{"country_iso":"MWI","city_id":4495,"log_pop":4.3621358688,"log_mass":6.2973006113},{"country_iso":"MWI","city_id":4495,"log_pop":4.4186414715,"log_mass":6.3695587344},{"country_iso":"MWI","city_id":4495,"log_pop":1.4963384777,"log_mass":4.0653327493},{"country_iso":"MWI","city_id":4495,"log_pop":4.4514249622,"log_mass":6.2607099704},{"country_iso":"MWI","city_id":4495,"log_pop":3.9727571068,"log_mass":6.3546987903},{"country_iso":"MWI","city_id":4495,"log_pop":4.1077178913,"log_mass":5.9456339207},{"country_iso":"MWI","city_id":4495,"log_pop":4.4814494021,"log_mass":6.473635739},{"country_iso":"MWI","city_id":4495,"log_pop":3.6929787449,"log_mass":5.951295229},{"country_iso":"MWI","city_id":4495,"log_pop":3.8947936857,"log_mass":6.3397858054},{"country_iso":"MWI","city_id":4495,"log_pop":2.6517663621,"log_mass":5.3290793137},{"country_iso":"MWI","city_id":4495,"log_pop":3.5769698845,"log_mass":5.9770412995},{"country_iso":"MWI","city_id":4495,"log_pop":1.7591582051,"log_mass":4.4134587198},{"country_iso":"MWI","city_id":4495,"log_pop":3.6531290787,"log_mass":5.8345659697},{"country_iso":"MWI","city_id":4495,"log_pop":4.6354778723,"log_mass":6.4691728177},{"country_iso":"MWI","city_id":4495,"log_pop":4.0377978038,"log_mass":5.8087345948},{"country_iso":"MWI","city_id":4495,"log_pop":3.2440320214,"log_mass":5.3624404559},{"country_iso":"MWI","city_id":4495,"log_pop":4.5223288523,"log_mass":6.398891771},{"country_iso":"MWI","city_id":4495,"log_pop":2.2713816285,"log_mass":5.212339641},{"country_iso":"MWI","city_id":4495,"log_pop":3.9444820991,"log_mass":5.7389194612},{"country_iso":"MWI","city_id":4495,"log_pop":3.4697586652,"log_mass":6.1630982941},{"country_iso":"MWI","city_id":4495,"log_pop":4.7420318099,"log_mass":6.4921731879},{"country_iso":"MWI","city_id":4495,"log_pop":4.4474135193,"log_mass":6.0605660712},{"country_iso":"MWI","city_id":4495,"log_pop":4.7641559215,"log_mass":6.5245254616},{"country_iso":"MWI","city_id":4495,"log_pop":1.5428381726,"log_mass":3.8348029276},{"country_iso":"MWI","city_id":4495,"log_pop":1.0344791149,"log_mass":3.6864096379},{"country_iso":"MWI","city_id":4495,"log_pop":3.1913882524,"log_mass":5.2966136946},{"country_iso":"MWI","city_id":4495,"log_pop":4.3492826588,"log_mass":6.2443812796},{"country_iso":"MWI","city_id":4495,"log_pop":4.4126649118,"log_mass":6.2050195932},{"country_iso":"MWI","city_id":4495,"log_pop":2.3937116482,"log_mass":4.8738987045},{"country_iso":"MWI","city_id":4495,"log_pop":1.6172132712,"log_mass":4.2099047848},{"country_iso":"MWI","city_id":4558,"log_pop":1.3912270142,"log_mass":4.9970547246},{"country_iso":"MWI","city_id":4558,"log_pop":3.0614910427,"log_mass":5.1288495262},{"country_iso":"MWI","city_id":4558,"log_pop":3.8057665211,"log_mass":5.6260738282},{"country_iso":"MWI","city_id":4558,"log_pop":3.0389513944,"log_mass":4.6231203115},{"country_iso":"MWI","city_id":4558,"log_pop":3.1327346961,"log_mass":5.7613828793},{"country_iso":"MWI","city_id":4558,"log_pop":3.5639430493,"log_mass":5.4231605883},{"country_iso":"MWI","city_id":4558,"log_pop":4.4329166311,"log_mass":6.2197158709},{"country_iso":"MWI","city_id":4558,"log_pop":4.5185603016,"log_mass":6.249328135},{"country_iso":"MWI","city_id":4558,"log_pop":3.5614097105,"log_mass":5.8433900259},{"country_iso":"MWI","city_id":4558,"log_pop":3.4200112951,"log_mass":5.4120017367},{"country_iso":"MWI","city_id":4558,"log_pop":4.1134093784,"log_mass":5.9805057953},{"country_iso":"MWI","city_id":4558,"log_pop":3.903288389,"log_mass":5.9147811211},{"country_iso":"MWI","city_id":4558,"log_pop":3.3247162157,"log_mass":5.5672858939},{"country_iso":"MWI","city_id":4558,"log_pop":4.1996538396,"log_mass":5.8975993512},{"country_iso":"MWI","city_id":4558,"log_pop":4.9571293317,"log_mass":6.4535832512},{"country_iso":"MWI","city_id":4558,"log_pop":3.8240435626,"log_mass":5.8195447997},{"country_iso":"MWI","city_id":4558,"log_pop":2.1766792716,"log_mass":4.5094702167},{"country_iso":"MWI","city_id":4558,"log_pop":1.0490387386,"log_mass":3.4545953881},{"country_iso":"MWI","city_id":4558,"log_pop":4.2213532459,"log_mass":6.1969870538},{"country_iso":"MWI","city_id":4558,"log_pop":3.8392092005,"log_mass":5.4459576489},{"country_iso":"MWI","city_id":4558,"log_pop":3.8413433239,"log_mass":5.9463645271},{"country_iso":"MWI","city_id":4558,"log_pop":4.3346101414,"log_mass":5.9843317682},{"country_iso":"MWI","city_id":4562,"log_pop":3.4835528003,"log_mass":5.5379170685},{"country_iso":"MWI","city_id":4562,"log_pop":3.68996624,"log_mass":5.6007535654},{"country_iso":"MWI","city_id":4562,"log_pop":2.2926466268,"log_mass":4.3716512001},{"country_iso":"MWI","city_id":4562,"log_pop":4.1830602652,"log_mass":5.9247589938},{"country_iso":"MWI","city_id":4562,"log_pop":1.8860857644,"log_mass":3.4420129184},{"country_iso":"MWI","city_id":4562,"log_pop":1.72018278,"log_mass":3.4678762193},{"country_iso":"MWI","city_id":4562,"log_pop":4.3148352932,"log_mass":6.309596708},{"country_iso":"MWI","city_id":4562,"log_pop":4.2136372701,"log_mass":5.9860613474},{"country_iso":"MWI","city_id":4562,"log_pop":3.1491085479,"log_mass":5.2451439481},{"country_iso":"MWI","city_id":4562,"log_pop":4.1568163576,"log_mass":6.118727814},{"country_iso":"MWI","city_id":4562,"log_pop":4.3213044377,"log_mass":6.1752058562},{"country_iso":"MWI","city_id":4562,"log_pop":3.2225508838,"log_mass":5.1355474413},{"country_iso":"MWI","city_id":4562,"log_pop":3.2176348078,"log_mass":5.336163173},{"country_iso":"MWI","city_id":4562,"log_pop":3.7971409739,"log_mass":6.3826139783},{"country_iso":"MWI","city_id":4562,"log_pop":3.9650892737,"log_mass":6.0891810262},{"country_iso":"MWI","city_id":4562,"log_pop":4.2318567001,"log_mass":6.0666229003},{"country_iso":"MWI","city_id":4562,"log_pop":4.200440674,"log_mass":6.0527209233},{"country_iso":"MWI","city_id":4562,"log_pop":4.2533585556,"log_mass":5.9031380169},{"country_iso":"MWI","city_id":4526,"log_pop":2.6672251757,"log_mass":5.1331283235},{"country_iso":"MWI","city_id":4526,"log_pop":-0.030160931,"log_mass":2.7831216856},{"country_iso":"MWI","city_id":4526,"log_pop":4.3613116457,"log_mass":6.1490972328},{"country_iso":"MWI","city_id":4526,"log_pop":1.5868876862,"log_mass":4.8209638191},{"country_iso":"MWI","city_id":4526,"log_pop":3.1552661254,"log_mass":5.5371921399},{"country_iso":"MWI","city_id":4526,"log_pop":2.3128597074,"log_mass":4.7424785968},{"country_iso":"MWI","city_id":4526,"log_pop":4.0450148323,"log_mass":6.0729229142},{"country_iso":"MWI","city_id":4526,"log_pop":3.8111170116,"log_mass":5.7323437825},{"country_iso":"MWI","city_id":4526,"log_pop":3.3864628147,"log_mass":5.1402508994},{"country_iso":"MWI","city_id":4526,"log_pop":4.3280331928,"log_mass":6.1219270961},{"country_iso":"MWI","city_id":4526,"log_pop":1.3321255839,"log_mass":4.0244175514},{"country_iso":"MWI","city_id":4490,"log_pop":1.734662403,"log_mass":4.1234867369},{"country_iso":"MWI","city_id":4490,"log_pop":1.9125353436,"log_mass":4.2829347003},{"country_iso":"MWI","city_id":4490,"log_pop":1.27815895,"log_mass":4.0435583865},{"country_iso":"MWI","city_id":4490,"log_pop":2.9950539993,"log_mass":4.8086947939},{"country_iso":"MWI","city_id":4490,"log_pop":3.3145014221,"log_mass":4.7409789319},{"country_iso":"MWI","city_id":4490,"log_pop":3.6956425834,"log_mass":5.6629202372},{"country_iso":"MWI","city_id":4490,"log_pop":3.7868087096,"log_mass":5.6149463276},{"country_iso":"MWI","city_id":4490,"log_pop":4.7474550616,"log_mass":6.3698053882},{"country_iso":"MWI","city_id":4490,"log_pop":2.3017037691,"log_mass":4.3100283332},{"country_iso":"MWI","city_id":4589,"log_pop":2.6543058502,"log_mass":4.6371295113},{"country_iso":"MWI","city_id":4589,"log_pop":1.6360171046,"log_mass":3.5146792873},{"country_iso":"MWI","city_id":4589,"log_pop":3.4439509134,"log_mass":5.2330754883},{"country_iso":"MWI","city_id":4589,"log_pop":2.9983188675,"log_mass":5.2475478458},{"country_iso":"MWI","city_id":4589,"log_pop":2.7612919619,"log_mass":4.6140420121},{"country_iso":"MWI","city_id":4589,"log_pop":4.1189449096,"log_mass":5.7276068619},{"country_iso":"MWI","city_id":4589,"log_pop":1.7227490157,"log_mass":3.8375074081},{"country_iso":"MWI","city_id":4592,"log_pop":2.9498382659,"log_mass":5.4759776615},{"country_iso":"MWI","city_id":4592,"log_pop":3.1513351302,"log_mass":4.9851334773},{"country_iso":"MWI","city_id":4592,"log_pop":2.1943452491,"log_mass":4.6549407165},{"country_iso":"MWI","city_id":4592,"log_pop":3.7497740797,"log_mass":5.7944161668},{"country_iso":"MWI","city_id":4592,"log_pop":3.5447842157,"log_mass":5.4444643742},{"country_iso":"MWI","city_id":4403,"log_pop":2.3055395422,"log_mass":4.2142761468},{"country_iso":"MWI","city_id":4403,"log_pop":3.7539690877,"log_mass":5.5870874026},{"country_iso":"MWI","city_id":4403,"log_pop":2.6327875564,"log_mass":4.5117778136}]