[{"country_iso": "TUN", "city_id": 2837, "log_pop": 2.620587, "log_mass": 5.489253, "log_pop_c": -0.699117, "log_mass_c": -0.385459}, {"country_iso": "TUN", "city_id": 2815, "log_pop": 4.049675, "log_mass": 6.38592, "log_pop_c": 1.032364, "log_mass_c": 0.800751}, {"country_iso": "TUN", "city_id": 2816, "log_pop": 2.571304, "log_mass": 5.292834, "log_pop_c": -0.932624, "log_mass_c": -0.646018}, {"country_iso": "TUN", "city_id": 2815, "log_pop": 3.420053, "log_mass": 5.889035, "log_pop_c": 0.402742, "log_mass_c": 0.303865}, {"country_iso": "TUN", "city_id": 2767, "log_pop": 4.51993, "log_mass": 6.662916, "log_pop_c": 0.887157, "log_mass_c": 0.627657}, {"country_iso": "TUN", "city_id": 2767, "log_pop": 4.418377, "log_mass": 6.695695, "log_pop_c": 0.785604, "log_mass_c": 0.660436}, {"country_iso": "TUN", "city_id": 2792, "log_pop": 1.350166, "log_mass": 4.294238, "log_pop_c": -1.786743, "log_mass_c": -1.297761}, {"country_iso": "TUN", "city_id": 2837, "log_pop": 4.229477, "log_mass": 6.683648, "log_pop_c": 0.909773, "log_mass_c": 0.808936}, {"country_iso": "TUN", "city_id": 2767, "log_pop": 3.626771, "log_mass": 6.01494, "log_pop_c": -0.006002, "log_mass_c": -0.020319}, {"country_iso": "TUN", "city_id": 2767, "log_pop": 3.719144, "log_mass": 5.794477, "log_pop_c": 0.086371, "log_mass_c": -0.240781}, {"country_iso": "TUN", "city_id": 2767, "log_pop": 2.622324, "log_mass": 5.484403, "log_pop_c": -1.010449, "log_mass_c": -0.550855}, {"country_iso": "TUN", "city_id": 2747, "log_pop": 3.160669, "log_mass": 5.839166, "log_pop_c": 0.177934, "log_mass_c": 0.266628}, {"country_iso": "TUN", "city_id": 2767, "log_pop": 2.607856, "log_mass": 5.44205, "log_pop_c": -1.024918, "log_mass_c": -0.593209}, {"country_iso": "TUN", "city_id": 2848, "log_pop": 2.428688, "log_mass": 4.942033, "log_pop_c": -0.661894, "log_mass_c": -0.639638}, {"country_iso": "TUN", "city_id": 2767, "log_pop": 3.333481, "log_mass": 5.718391, "log_pop_c": -0.299292, "log_mass_c": -0.316868}, {"country_iso": "TUN", "city_id": 2767, "log_pop": 4.571921, "log_mass": 6.764127, "log_pop_c": 0.939148, "log_mass_c": 0.728868}, {"country_iso": "TUN", "city_id": 2767, "log_pop": 3.741121, "log_mass": 6.099198, "log_pop_c": 0.108348, "log_mass_c": 0.06394}, {"country_iso": "TUN", "city_id": 2767, "log_pop": 4.115366, "log_mass": 6.540366, "log_pop_c": 0.482593, "log_mass_c": 0.505108}, {"country_iso": "TUN", "city_id": 2815, "log_pop": 1.741134, "log_mass": 4.563245, "log_pop_c": -1.276177, "log_mass_c": -1.021924}, {"country_iso": "TUN", "city_id": 2790, "log_pop": 2.704781, "log_mass": 5.167492, "log_pop_c": -0.49043, "log_mass_c": -0.596794}, {"country_iso": "TUN", "city_id": 2767, "log_pop": 4.339575, "log_mass": 6.545491, "log_pop_c": 0.706801, "log_mass_c": 0.510232}, {"country_iso": "TUN", "city_id": 2747, "log_pop": 3.861192, "log_mass": 6.392065, "log_pop_c": 0.878457, "log_mass_c": 0.819528}, {"country_iso": "TUN", "city_id": 2837, "log_pop": 3.333079, "log_mass": 5.960487, "log_pop_c": 0.013375, "log_mass_c": 0.085775}, {"country_iso": "TUN", "city_id": 2837, "log_pop": 4.109603, "log_mass": 6.664954, "log_pop_c": 0.789898, "log_mass_c": 0.790242}, {"country_iso": "TUN", "city_id": 2767, "log_pop": 4.051968, "log_mass": 6.320958, "log_pop_c": 0.419195, "log_mass_c": 0.2857}, {"country_iso": "TUN", "city_id": 2837, "log_pop": 1.811689, "log_mass": 4.772888, "log_pop_c": -1.508015, "log_mass_c": -1.101824}, {"country_iso": "TUN", "city_id": 2837, "log_pop": 1.933238, "log_mass": 4.844782, "log_pop_c": -1.386467, "log_mass_c": -1.02993}, {"country_iso": "TUN", "city_id": 2767, "log_pop": 4.083842, "log_mass": 6.0052, "log_pop_c": 0.451069, "log_mass_c": -0.030058}, {"country_iso": "TUN", "city_id": 2815, "log_pop": 3.903114, "log_mass": 6.494867, "log_pop_c": 0.885804, "log_mass_c": 0.909697}, {"country_iso": "TUN", "city_id": 2837, "log_pop": 2.306062, "log_mass": 4.881771, "log_pop_c": -1.013642, "log_mass_c": -0.992941}, {"country_iso": "TUN", "city_id": 2815, "log_pop": 2.621923, "log_mass": 5.192309, "log_pop_c": -0.395388, "log_mass_c": -0.392861}, {"country_iso": "TUN", "city_id": 2816, "log_pop": 2.459932, "log_mass": 5.015242, "log_pop_c": -1.043996, "log_mass_c": -0.92361}, {"country_iso": "TUN", "city_id": 2767, "log_pop": 4.354859, "log_mass": 6.829279, "log_pop_c": 0.722085, "log_mass_c": 0.794021}, {"country_iso": "TUN", "city_id": 2767, "log_pop": 3.953437, "log_mass": 6.297306, "log_pop_c": 0.320664, "log_mass_c": 0.262048}, {"country_iso": "TUN", "city_id": 2747, "log_pop": 3.596866, "log_mass": 6.027732, "log_pop_c": 0.614131, "log_mass_c": 0.455194}, {"country_iso": "TUN", "city_id": 2837, "log_pop": 3.342312, "log_mass": 6.007207, "log_pop_c": 0.022608, "log_mass_c": 0.132495}, {"country_iso": "TUN", "city_id": 2815, "log_pop": 0.679944, "log_mass": 4.287082, "log_pop_c": -2.337367, "log_mass_c": -1.298087}, {"country_iso": "TUN", "city_id": 2816, "log_pop": 3.640285, "log_mass": 6.176407, "log_pop_c": 0.136357, "log_mass_c": 0.237555}, {"country_iso": "TUN", "city_id": 2815, "log_pop": 4.151884, "log_mass": 6.421553, "log_pop_c": 1.134573, "log_mass_c": 0.836383}, {"country_iso": "TUN", "city_id": 2815, "log_pop": 2.022108, "log_mass": 4.988015, "log_pop_c": -0.995203, "log_mass_c": -0.597155}, {"country_iso": "TUN", "city_id": 2837, "log_pop": 4.364865, "log_mass": 6.725521, "log_pop_c": 1.045161, "log_mass_c": 0.850809}, {"country_iso": "TUN", "city_id": 2815, "log_pop": 4.263581, "log_mass": 6.649082, "log_pop_c": 1.24627, "log_mass_c": 1.063912}, {"country_iso": "TUN", "city_id": 2767, "log_pop": 2.623131, "log_mass": 4.964834, "log_pop_c": -1.009642, "log_mass_c": -1.070424}, {"country_iso": "TUN", "city_id": 2837, "log_pop": 4.174787, "log_mass": 6.684698, "log_pop_c": 0.855083, "log_mass_c": 0.809986}, {"country_iso": "TUN", "city_id": 2816, "log_pop": 4.200725, "log_mass": 6.497178, "log_pop_c": 0.696797, "log_mass_c": 0.558326}, {"country_iso": "TUN", "city_id": 2792, "log_pop": 3.087959, "log_mass": 5.571536, "log_pop_c": -0.048951, "log_mass_c": -0.020464}, {"country_iso": "TUN", "city_id": 2848, "log_pop": 4.269157, "log_mass": 6.610254, "log_pop_c": 1.178575, "log_mass_c": 1.028583}, {"country_iso": "TUN", "city_id": 2792, "log_pop": 1.062912, "log_mass": 3.746373, "log_pop_c": -2.073998, "log_mass_c": -1.845626}, {"country_iso": "TUN", "city_id": 2848, "log_pop": 3.519998, "log_mass": 5.955298, "log_pop_c": 0.429416, "log_mass_c": 0.373627}, {"country_iso": "TUN", "city_id": 2767, "log_pop": 4.051744, "log_mass": 6.460307, "log_pop_c": 0.41897, "log_mass_c": 0.425048}, {"country_iso": "TUN", "city_id": 2837, "log_pop": 4.324396, "log_mass": 6.698575, "log_pop_c": 1.004692, "log_mass_c": 0.823863}, {"country_iso": "TUN", "city_id": 2767, "log_pop": 4.140914, "log_mass": 6.628727, "log_pop_c": 0.508141, "log_mass_c": 0.593469}, {"country_iso": "TUN", "city_id": 2767, "log_pop": 2.612494, "log_mass": 5.322763, "log_pop_c": -1.02028, "log_mass_c": -0.712495}, {"country_iso": "TUN", "city_id": 2747, "log_pop": 2.122967, "log_mass": 4.973286, "log_pop_c": -0.859768, "log_mass_c": -0.599252}, {"country_iso": "TUN", "city_id": 2815, "log_pop": 3.558552, "log_mass": 6.032087, "log_pop_c": 0.541241, "log_mass_c": 0.446918}, {"country_iso": "TUN", "city_id": 2837, "log_pop": 3.736541, "log_mass": 6.34048, "log_pop_c": 0.416837, "log_mass_c": 0.465768}, {"country_iso": "TUN", "city_id": 2767, "log_pop": 4.175692, "log_mass": 6.345916, "log_pop_c": 0.542919, "log_mass_c": 0.310658}, {"country_iso": "TUN", "city_id": 2767, "log_pop": 4.003262, "log_mass": 6.40185, "log_pop_c": 0.370489, "log_mass_c": 0.366591}, {"country_iso": "TUN", "city_id": 2767, "log_pop": 4.579624, "log_mass": 6.591216, "log_pop_c": 0.946851, "log_mass_c": 0.555958}, {"country_iso": "TUN", "city_id": 2837, "log_pop": 3.067433, "log_mass": 5.75291, "log_pop_c": -0.252271, "log_mass_c": -0.121802}, {"country_iso": "TUN", "city_id": 2837, "log_pop": 3.891139, "log_mass": 6.41822, "log_pop_c": 0.571435, "log_mass_c": 0.543508}, {"country_iso": "TUN", "city_id": 2816, "log_pop": 4.573179, "log_mass": 6.721813, "log_pop_c": 1.069251, "log_mass_c": 0.782961}, {"country_iso": "TUN", "city_id": 2767, "log_pop": 3.646617, "log_mass": 6.681604, "log_pop_c": 0.013844, "log_mass_c": 0.646346}, {"country_iso": "TUN", "city_id": 2837, "log_pop": 3.993467, "log_mass": 6.538694, "log_pop_c": 0.673763, "log_mass_c": 0.663982}, {"country_iso": "TUN", "city_id": 2767, "log_pop": 3.321789, "log_mass": 5.280537, "log_pop_c": -0.310984, "log_mass_c": -0.754721}, {"country_iso": "TUN", "city_id": 2816, "log_pop": 3.82684, "log_mass": 6.34557, "log_pop_c": 0.322911, "log_mass_c": 0.406718}, {"country_iso": "TUN", "city_id": 2747, "log_pop": 3.070413, "log_mass": 5.619264, "log_pop_c": 0.087679, "log_mass_c": 0.046727}, {"country_iso": "TUN", "city_id": 2767, "log_pop": 3.552242, "log_mass": 6.021243, "log_pop_c": -0.080532, "log_mass_c": -0.014015}, {"country_iso": "TUN", "city_id": 2767, "log_pop": 2.006407, "log_mass": 4.661663, "log_pop_c": -1.626366, "log_mass_c": -1.373595}, {"country_iso": "TUN", "city_id": 2816, "log_pop": 3.949533, "log_mass": 6.503097, "log_pop_c": 0.445604, "log_mass_c": 0.564245}, {"country_iso": "TUN", "city_id": 2837, "log_pop": 3.659011, "log_mass": 6.253821, "log_pop_c": 0.339307, "log_mass_c": 0.379109}, {"country_iso": "TUN", "city_id": 2816, "log_pop": 3.907701, "log_mass": 6.42349, "log_pop_c": 0.403773, "log_mass_c": 0.484638}, {"country_iso": "TUN", "city_id": 2767, "log_pop": 4.152097, "log_mass": 6.337702, "log_pop_c": 0.519324, "log_mass_c": 0.302444}, {"country_iso": "TUN", "city_id": 2815, "log_pop": 3.641569, "log_mass": 6.170987, "log_pop_c": 0.624258, "log_mass_c": 0.585817}, {"country_iso": "TUN", "city_id": 2767, "log_pop": 4.362324, "log_mass": 6.711049, "log_pop_c": 0.729551, "log_mass_c": 0.67579}, {"country_iso": "TUN", "city_id": 2848, "log_pop": 3.554144, "log_mass": 6.16211, "log_pop_c": 0.463562, "log_mass_c": 0.580439}, {"country_iso": "TUN", "city_id": 2790, "log_pop": 3.506167, "log_mass": 6.17634, "log_pop_c": 0.310955, "log_mass_c": 0.412053}, {"country_iso": "TUN", "city_id": 2816, "log_pop": 3.435359, "log_mass": 5.884442, "log_pop_c": -0.06857, "log_mass_c": -0.05441}, {"country_iso": "TUN", "city_id": 2767, "log_pop": 0.494689, "log_mass": 3.269544, "log_pop_c": -3.138084, "log_mass_c": -2.765715}, {"country_iso": "TUN", "city_id": 2837, "log_pop": 1.942292, "log_mass": 4.664212, "log_pop_c": -1.377412, "log_mass_c": -1.2105}, {"country_iso": "TUN", "city_id": 2767, "log_pop": 3.018827, "log_mass": 5.647044, "log_pop_c": -0.613946, "log_mass_c": -0.388215}, {"country_iso": "TUN", "city_id": 2848, "log_pop": 3.051152, "log_mass": 5.620682, "log_pop_c": -0.03943, "log_mass_c": 0.039011}, {"country_iso": "TUN", "city_id": 2747, "log_pop": 1.366685, "log_mass": 4.15481, "log_pop_c": -1.616049, "log_mass_c": -1.417728}, {"country_iso": "TUN", "city_id": 2848, "log_pop": 1.47272, "log_mass": 3.894347, "log_pop_c": -1.617862, "log_mass_c": -1.687324}, {"country_iso": "TUN", "city_id": 2792, "log_pop": 4.21769, "log_mass": 6.415382, "log_pop_c": 1.080781, "log_mass_c": 0.823382}, {"country_iso": "TUN", "city_id": 2815, "log_pop": 3.548683, "log_mass": 5.976639, "log_pop_c": 0.531372, "log_mass_c": 0.391469}, {"country_iso": "TUN", "city_id": 2815, "log_pop": 3.484516, "log_mass": 5.894649, "log_pop_c": 0.467205, "log_mass_c": 0.309479}, {"country_iso": "TUN", "city_id": 2816, "log_pop": 4.417487, "log_mass": 6.60049, "log_pop_c": 0.913559, "log_mass_c": 0.661638}, {"country_iso": "TUN", "city_id": 2767, "log_pop": 3.217426, "log_mass": 5.736673, "log_pop_c": -0.415347, "log_mass_c": -0.298586}, {"country_iso": "TUN", "city_id": 2815, "log_pop": 2.868613, "log_mass": 5.400312, "log_pop_c": -0.148698, "log_mass_c": -0.184858}, {"country_iso": "TUN", "city_id": 2767, "log_pop": 3.235113, "log_mass": 5.629221, "log_pop_c": -0.39766, "log_mass_c": -0.406037}, {"country_iso": "TUN", "city_id": 2747, "log_pop": 3.686208, "log_mass": 6.133889, "log_pop_c": 0.703473, "log_mass_c": 0.561351}, {"country_iso": "TUN", "city_id": 2747, "log_pop": 3.570511, "log_mass": 5.829656, "log_pop_c": 0.587777, "log_mass_c": 0.257118}, {"country_iso": "TUN", "city_id": 2792, "log_pop": 3.892199, "log_mass": 6.310717, "log_pop_c": 0.75529, "log_mass_c": 0.718717}, {"country_iso": "TUN", "city_id": 2767, "log_pop": 4.573858, "log_mass": 6.638119, "log_pop_c": 0.941085, "log_mass_c": 0.602861}, {"country_iso": "TUN", "city_id": 2767, "log_pop": 3.232932, "log_mass": 5.916564, "log_pop_c": -0.399841, "log_mass_c": -0.118694}, {"country_iso": "TUN", "city_id": 2816, "log_pop": 4.385352, "log_mass": 6.658349, "log_pop_c": 0.881423, "log_mass_c": 0.719497}, {"country_iso": "TUN", "city_id": 2790, "log_pop": 3.514081, "log_mass": 6.116483, "log_pop_c": 0.31887, "log_mass_c": 0.352196}, {"country_iso": "TUN", "city_id": 2816, "log_pop": 4.100197, "log_mass": 6.350775, "log_pop_c": 0.596269, "log_mass_c": 0.411923}, {"country_iso": "TUN", "city_id": 2767, "log_pop": 4.36136, "log_mass": 6.640106, "log_pop_c": 0.728587, "log_mass_c": 0.604848}, {"country_iso": "TUN", "city_id": 2767, "log_pop": 3.87906, "log_mass": 6.347483, "log_pop_c": 0.246287, "log_mass_c": 0.312224}, {"country_iso": "TUN", "city_id": 2767, "log_pop": 3.783709, "log_mass": 6.365803, "log_pop_c": 0.150936, "log_mass_c": 0.330545}, {"country_iso": "TUN", "city_id": 2816, "log_pop": 4.14881, "log_mass": 6.368757, "log_pop_c": 0.644882, "log_mass_c": 0.429905}, {"country_iso": "TUN", "city_id": 2815, "log_pop": 3.238118, "log_mass": 5.827621, "log_pop_c": 0.220808, "log_mass_c": 0.242452}, {"country_iso": "TUN", "city_id": 2767, "log_pop": 3.412306, "log_mass": 5.848178, "log_pop_c": -0.220467, "log_mass_c": -0.18708}, {"country_iso": "TUN", "city_id": 2767, "log_pop": 4.458483, "log_mass": 6.67943, "log_pop_c": 0.82571, "log_mass_c": 0.644172}, {"country_iso": "TUN", "city_id": 2747, "log_pop": 2.037942, "log_mass": 4.936081, "log_pop_c": -0.944793, "log_mass_c": -0.636457}, {"country_iso": "TUN", "city_id": 2816, "log_pop": 4.37546, "log_mass": 6.605183, "log_pop_c": 0.871532, "log_mass_c": 0.666331}, {"country_iso": "TUN", "city_id": 2815, "log_pop": 3.368554, "log_mass": 5.926179, "log_pop_c": 0.351243, "log_mass_c": 0.341009}, {"country_iso": "TUN", "city_id": 2837, "log_pop": 3.199484, "log_mass": 5.828159, "log_pop_c": -0.12022, "log_mass_c": -0.046553}, {"country_iso": "TUN", "city_id": 2767, "log_pop": 3.27911, "log_mass": 5.893613, "log_pop_c": -0.353663, "log_mass_c": -0.141645}, {"country_iso": "TUN", "city_id": 2767, "log_pop": 3.961419, "log_mass": 6.389152, "log_pop_c": 0.328646, "log_mass_c": 0.353894}, {"country_iso": "TUN", "city_id": 2767, "log_pop": 3.49827, "log_mass": 5.762094, "log_pop_c": -0.134504, "log_mass_c": -0.273165}, {"country_iso": "TUN", "city_id": 2767, "log_pop": 3.158283, "log_mass": 5.708261, "log_pop_c": -0.474491, "log_mass_c": -0.326998}, {"country_iso": "TUN", "city_id": 2747, "log_pop": 3.63697, "log_mass": 6.044157, "log_pop_c": 0.654235, "log_mass_c": 0.47162}, {"country_iso": "TUN", "city_id": 2790, "log_pop": 3.240482, "log_mass": 5.68339, "log_pop_c": 0.045271, "log_mass_c": -0.080897}, {"country_iso": "TUN", "city_id": 2790, "log_pop": 4.118608, "log_mass": 6.405733, "log_pop_c": 0.923397, "log_mass_c": 0.641446}, {"country_iso": "TUN", "city_id": 2747, "log_pop": 2.865278, "log_mass": 5.596617, "log_pop_c": -0.117456, "log_mass_c": 0.02408}, {"country_iso": "TUN", "city_id": 2767, "log_pop": 3.590163, "log_mass": 6.034224, "log_pop_c": -0.04261, "log_mass_c": -0.001034}, {"country_iso": "TUN", "city_id": 2767, "log_pop": 4.177983, "log_mass": 6.561529, "log_pop_c": 0.54521, "log_mass_c": 0.526271}, {"country_iso": "TUN", "city_id": 2816, "log_pop": 2.165958, "log_mass": 4.653123, "log_pop_c": -1.33797, "log_mass_c": -1.285729}, {"country_iso": "TUN", "city_id": 2767, "log_pop": 4.196257, "log_mass": 6.467968, "log_pop_c": 0.563484, "log_mass_c": 0.432709}, {"country_iso": "TUN", "city_id": 2848, "log_pop": 4.243648, "log_mass": 6.641506, "log_pop_c": 1.153066, "log_mass_c": 1.059835}, {"country_iso": "TUN", "city_id": 2815, "log_pop": 3.567386, "log_mass": 6.027445, "log_pop_c": 0.550075, "log_mass_c": 0.442275}, {"country_iso": "TUN", "city_id": 2767, "log_pop": 3.718922, "log_mass": 5.707313, "log_pop_c": 0.086148, "log_mass_c": -0.327945}, {"country_iso": "TUN", "city_id": 2767, "log_pop": 3.547238, "log_mass": 5.931688, "log_pop_c": -0.085535, "log_mass_c": -0.103571}, {"country_iso": "TUN", "city_id": 2837, "log_pop": 3.91669, "log_mass": 6.316433, "log_pop_c": 0.596985, "log_mass_c": 0.441721}, {"country_iso": "TUN", "city_id": 2837, "log_pop": 2.091165, "log_mass": 4.625002, "log_pop_c": -1.228539, "log_mass_c": -1.24971}, {"country_iso": "TUN", "city_id": 2837, "log_pop": 4.282477, "log_mass": 6.525765, "log_pop_c": 0.962773, "log_mass_c": 0.651053}, {"country_iso": "TUN", "city_id": 2837, "log_pop": 1.984589, "log_mass": 4.632856, "log_pop_c": -1.335115, "log_mass_c": -1.241856}, {"country_iso": "TUN", "city_id": 2767, "log_pop": 3.096421, "log_mass": 6.439179, "log_pop_c": -0.536352, "log_mass_c": 0.40392}, {"country_iso": "TUN", "city_id": 2790, "log_pop": 2.271369, "log_mass": 4.652851, "log_pop_c": -0.923842, "log_mass_c": -1.111436}, {"country_iso": "TUN", "city_id": 2816, "log_pop": 3.438325, "log_mass": 6.142513, "log_pop_c": -0.065603, "log_mass_c": 0.203661}, {"country_iso": "TUN", "city_id": 2767, "log_pop": 2.947163, "log_mass": 5.301295, "log_pop_c": -0.685611, "log_mass_c": -0.733964}, {"country_iso": "TUN", "city_id": 2767, "log_pop": 3.143653, "log_mass": 5.622094, "log_pop_c": -0.48912, "log_mass_c": -0.413164}, {"country_iso": "TUN", "city_id": 2837, "log_pop": 3.728643, "log_mass": 6.359689, "log_pop_c": 0.408939, "log_mass_c": 0.484977}, {"country_iso": "TUN", "city_id": 2767, "log_pop": 2.039665, "log_mass": 4.57804, "log_pop_c": -1.593108, "log_mass_c": -1.457219}, {"country_iso": "TUN", "city_id": 2767, "log_pop": 4.092892, "log_mass": 6.453417, "log_pop_c": 0.460119, "log_mass_c": 0.418159}, {"country_iso": "TUN", "city_id": 2767, "log_pop": 4.234056, "log_mass": 6.729966, "log_pop_c": 0.601283, "log_mass_c": 0.694707}, {"country_iso": "TUN", "city_id": 2837, "log_pop": 4.279421, "log_mass": 6.695622, "log_pop_c": 0.959716, "log_mass_c": 0.82091}, {"country_iso": "TUN", "city_id": 2747, "log_pop": 3.159212, "log_mass": 5.587728, "log_pop_c": 0.176478, "log_mass_c": 0.015191}, {"country_iso": "TUN", "city_id": 2767, "log_pop": 4.418056, "log_mass": 6.593914, "log_pop_c": 0.785283, "log_mass_c": 0.558656}, {"country_iso": "TUN", "city_id": 2767, "log_pop": 2.927036, "log_mass": 5.435168, "log_pop_c": -0.705737, "log_mass_c": -0.600091}, {"country_iso": "TUN", "city_id": 2790, "log_pop": 3.563064, "log_mass": 6.073863, "log_pop_c": 0.367853, "log_mass_c": 0.309576}, {"country_iso": "TUN", "city_id": 2767, "log_pop": 2.787507, "log_mass": 5.307704, "log_pop_c": -0.845266, "log_mass_c": -0.727555}, {"country_iso": "TUN", "city_id": 2816, "log_pop": 2.968426, "log_mass": 5.352976, "log_pop_c": -0.535502, "log_mass_c": -0.585876}, {"country_iso": "TUN", "city_id": 2767, "log_pop": 4.426007, "log_mass": 6.522217, "log_pop_c": 0.793234, "log_mass_c": 0.486958}, {"country_iso": "TUN", "city_id": 2792, "log_pop": 3.671537, "log_mass": 5.957819, "log_pop_c": 0.534627, "log_mass_c": 0.36582}, {"country_iso": "TUN", "city_id": 2816, "log_pop": 4.117529, "log_mass": 6.171068, "log_pop_c": 0.613601, "log_mass_c": 0.232216}, {"country_iso": "TUN", "city_id": 2837, "log_pop": 4.456604, "log_mass": 6.652515, "log_pop_c": 1.1369, "log_mass_c": 0.777803}, {"country_iso": "TUN", "city_id": 2790, "log_pop": 3.61158, "log_mass": 6.211677, "log_pop_c": 0.416368, "log_mass_c": 0.44739}, {"country_iso": "TUN", "city_id": 2767, "log_pop": 2.931619, "log_mass": 6.11927, "log_pop_c": -0.701154, "log_mass_c": 0.084012}, {"country_iso": "TUN", "city_id": 2792, "log_pop": 2.851145, "log_mass": 5.337562, "log_pop_c": -0.285764, "log_mass_c": -0.254437}, {"country_iso": "TUN", "city_id": 2747, "log_pop": 4.228845, "log_mass": 6.544123, "log_pop_c": 1.24611, "log_mass_c": 0.971586}, {"country_iso": "TUN", "city_id": 2837, "log_pop": 1.747554, "log_mass": 4.191997, "log_pop_c": -1.57215, "log_mass_c": -1.682715}, {"country_iso": "TUN", "city_id": 2747, "log_pop": 2.00245, "log_mass": 4.982874, "log_pop_c": -0.980284, "log_mass_c": -0.589664}, {"country_iso": "TUN", "city_id": 2767, "log_pop": 0.944359, "log_mass": 3.070813, "log_pop_c": -2.688414, "log_mass_c": -2.964445}, {"country_iso": "TUN", "city_id": 2837, "log_pop": 4.517384, "log_mass": 6.801712, "log_pop_c": 1.19768, "log_mass_c": 0.927}, {"country_iso": "TUN", "city_id": 2767, "log_pop": 4.047528, "log_mass": 6.575695, "log_pop_c": 0.414755, "log_mass_c": 0.540436}, {"country_iso": "TUN", "city_id": 2790, "log_pop": 3.173148, "log_mass": 6.003648, "log_pop_c": -0.022063, "log_mass_c": 0.239361}, {"country_iso": "TUN", "city_id": 2815, "log_pop": 2.83305, "log_mass": 5.324807, "log_pop_c": -0.184261, "log_mass_c": -0.260363}, {"country_iso": "TUN", "city_id": 2837, "log_pop": 2.609014, "log_mass": 5.251324, "log_pop_c": -0.71069, "log_mass_c": -0.623388}, {"country_iso": "TUN", "city_id": 2792, "log_pop": 4.105994, "log_mass": 6.239339, "log_pop_c": 0.969085, "log_mass_c": 0.647339}, {"country_iso": "TUN", "city_id": 2767, "log_pop": 3.806782, "log_mass": 6.185675, "log_pop_c": 0.174009, "log_mass_c": 0.150417}, {"country_iso": "TUN", "city_id": 2767, "log_pop": 4.291082, "log_mass": 6.425869, "log_pop_c": 0.658309, "log_mass_c": 0.390611}, {"country_iso": "TUN", "city_id": 2792, "log_pop": 3.647535, "log_mass": 6.320237, "log_pop_c": 0.510626, "log_mass_c": 0.728238}, {"country_iso": "TUN", "city_id": 2767, "log_pop": 3.422941, "log_mass": 5.894751, "log_pop_c": -0.209832, "log_mass_c": -0.140507}, {"country_iso": "TUN", "city_id": 2790, "log_pop": 0.944624, "log_mass": 3.470466, "log_pop_c": -2.250588, "log_mass_c": -2.293821}, {"country_iso": "TUN", "city_id": 2767, "log_pop": 4.141911, "log_mass": 6.379583, "log_pop_c": 0.509138, "log_mass_c": 0.344324}, {"country_iso": "TUN", "city_id": 2815, "log_pop": 3.47397, "log_mass": 6.035558, "log_pop_c": 0.456659, "log_mass_c": 0.450388}, {"country_iso": "TUN", "city_id": 2747, "log_pop": 4.367461, "log_mass": 6.669035, "log_pop_c": 1.384726, "log_mass_c": 1.096497}, {"country_iso": "TUN", "city_id": 2767, "log_pop": 4.145917, "log_mass": 6.312845, "log_pop_c": 0.513144, "log_mass_c": 0.277587}, {"country_iso": "TUN", "city_id": 2816, "log_pop": 3.665865, "log_mass": 6.132903, "log_pop_c": 0.161937, "log_mass_c": 0.194051}, {"country_iso": "TUN", "city_id": 2767, "log_pop": 1.449999, "log_mass": 3.973979, "log_pop_c": -2.182774, "log_mass_c": -2.061279}, {"country_iso": "TUN", "city_id": 2816, "log_pop": 3.567411, "log_mass": 6.064197, "log_pop_c": 0.063482, "log_mass_c": 0.125345}, {"country_iso": "TUN", "city_id": 2837, "log_pop": 4.184489, "log_mass": 6.689152, "log_pop_c": 0.864785, "log_mass_c": 0.81444}, {"country_iso": "TUN", "city_id": 2767, "log_pop": 0.031436, "log_mass": 3.697608, "log_pop_c": -3.601338, "log_mass_c": -2.337651}, {"country_iso": "TUN", "city_id": 2767, "log_pop": 0.631178, "log_mass": 4.15979, "log_pop_c": -3.001596, "log_mass_c": -1.875468}, {"country_iso": "TUN", "city_id": 2837, "log_pop": 0.675995, "log_mass": 3.482744, "log_pop_c": -2.643709, "log_mass_c": -2.391968}, {"country_iso": "TUN", "city_id": 2815, "log_pop": 1.724902, "log_mass": 4.21733, "log_pop_c": -1.292409, "log_mass_c": -1.367839}, {"country_iso": "TUN", "city_id": 2767, "log_pop": 4.028451, "log_mass": 6.62716, "log_pop_c": 0.395678, "log_mass_c": 0.591901}, {"country_iso": "TUN", "city_id": 2837, "log_pop": 4.162931, "log_mass": 6.58866, "log_pop_c": 0.843226, "log_mass_c": 0.713948}, {"country_iso": "TUN", "city_id": 2792, "log_pop": 4.377046, "log_mass": 6.648281, "log_pop_c": 1.240137, "log_mass_c": 1.056281}, {"country_iso": "TUN", "city_id": 2792, "log_pop": 3.332136, "log_mass": 5.570023, "log_pop_c": 0.195227, "log_mass_c": -0.021976}, {"country_iso": "TUN", "city_id": 2816, "log_pop": 2.745208, "log_mass": 5.304709, "log_pop_c": -0.75872, "log_mass_c": -0.634143}, {"country_iso": "TUN", "city_id": 2837, "log_pop": 1.228327, "log_mass": 3.651728, "log_pop_c": -2.091378, "log_mass_c": -2.222984}, {"country_iso": "TUN", "city_id": 2767, "log_pop": 4.809874, "log_mass": 6.734838, "log_pop_c": 1.177101, "log_mass_c": 0.699579}, {"country_iso": "TUN", "city_id": 2837, "log_pop": 3.613464, "log_mass": 6.23425, "log_pop_c": 0.29376, "log_mass_c": 0.359538}, {"country_iso": "TUN", "city_id": 2816, "log_pop": 1.872929, "log_mass": 4.508889, "log_pop_c": -1.630999, "log_mass_c": -1.429963}, {"country_iso": "TUN", "city_id": 2792, "log_pop": 2.795033, "log_mass": 5.049294, "log_pop_c": -0.341876, "log_mass_c": -0.542706}, {"country_iso": "TUN", "city_id": 2767, "log_pop": 4.707414, "log_mass": 6.724112, "log_pop_c": 1.074641, "log_mass_c": 0.688854}, {"country_iso": "TUN", "city_id": 2767, "log_pop": 3.555025, "log_mass": 5.962327, "log_pop_c": -0.077749, "log_mass_c": -0.072931}, {"country_iso": "TUN", "city_id": 2837, "log_pop": 3.988945, "log_mass": 6.515487, "log_pop_c": 0.669241, "log_mass_c": 0.640775}, {"country_iso": "TUN", "city_id": 2767, "log_pop": 4.594823, "log_mass": 6.664683, "log_pop_c": 0.96205, "log_mass_c": 0.629424}, {"country_iso": "TUN", "city_id": 2767, "log_pop": 3.643745, "log_mass": 6.053801, "log_pop_c": 0.010972, "log_mass_c": 0.018542}, {"country_iso": "TUN", "city_id": 2792, "log_pop": 1.371568, "log_mass": 3.996394, "log_pop_c": -1.765341, "log_mass_c": -1.595605}, {"country_iso": "TUN", "city_id": 2790, "log_pop": 3.093447, "log_mass": 5.85112, "log_pop_c": -0.101764, "log_mass_c": 0.086833}, {"country_iso": "TUN", "city_id": 2815, "log_pop": 2.812863, "log_mass": 5.381514, "log_pop_c": -0.204447, "log_mass_c": -0.203656}, {"country_iso": "TUN", "city_id": 2790, "log_pop": 4.105109, "log_mass": 6.588741, "log_pop_c": 0.909898, "log_mass_c": 0.824454}, {"country_iso": "TUN", "city_id": 2767, "log_pop": 3.101142, "log_mass": 6.33373, "log_pop_c": -0.531631, "log_mass_c": 0.298471}, {"country_iso": "TUN", "city_id": 2790, "log_pop": 2.485365, "log_mass": 5.517036, "log_pop_c": -0.709847, "log_mass_c": -0.247251}, {"country_iso": "TUN", "city_id": 2767, "log_pop": 2.265856, "log_mass": 4.802898, "log_pop_c": -1.366918, "log_mass_c": -1.23236}, {"country_iso": "TUN", "city_id": 2816, "log_pop": 3.522575, "log_mass": 6.110751, "log_pop_c": 0.018646, "log_mass_c": 0.171899}, {"country_iso": "TUN", "city_id": 2790, "log_pop": 2.319765, "log_mass": 4.945353, "log_pop_c": -0.875447, "log_mass_c": -0.818934}, {"country_iso": "TUN", "city_id": 2767, "log_pop": 3.950504, "log_mass": 6.207345, "log_pop_c": 0.317731, "log_mass_c": 0.172086}, {"country_iso": "TUN", "city_id": 2816, "log_pop": 3.542394, "log_mass": 5.966401, "log_pop_c": 0.038465, "log_mass_c": 0.027549}, {"country_iso": "TUN", "city_id": 2792, "log_pop": 3.575865, "log_mass": 6.015056, "log_pop_c": 0.438956, "log_mass_c": 0.423057}, {"country_iso": "TUN", "city_id": 2837, "log_pop": 2.865764, "log_mass": 5.614305, "log_pop_c": -0.45394, "log_mass_c": -0.260407}, {"country_iso": "TUN", "city_id": 2767, "log_pop": 4.6426, "log_mass": 6.604676, "log_pop_c": 1.009827, "log_mass_c": 0.569417}, {"country_iso": "TUN", "city_id": 2837, "log_pop": 2.556641, "log_mass": 5.246522, "log_pop_c": -0.763063, "log_mass_c": -0.62819}, {"country_iso": "TUN", "city_id": 2767, "log_pop": 4.478669, "log_mass": 6.765902, "log_pop_c": 0.845896, "log_mass_c": 0.730643}, {"country_iso": "TUN", "city_id": 2767, "log_pop": 4.284459, "log_mass": 6.679687, "log_pop_c": 0.651685, "log_mass_c": 0.644428}, {"country_iso": "TUN", "city_id": 2767, "log_pop": 3.335966, "log_mass": 5.626276, "log_pop_c": -0.296807, "log_mass_c": -0.408982}, {"country_iso": "TUN", "city_id": 2815, "log_pop": 3.003499, "log_mass": 5.605222, "log_pop_c": -0.013811, "log_mass_c": 0.020052}, {"country_iso": "TUN", "city_id": 2848, "log_pop": 3.803633, "log_mass": 6.299, "log_pop_c": 0.713051, "log_mass_c": 0.717329}, {"country_iso": "TUN", "city_id": 2848, "log_pop": 2.616941, "log_mass": 5.101284, "log_pop_c": -0.473641, "log_mass_c": -0.480387}, {"country_iso": "TUN", "city_id": 2815, "log_pop": 1.164003, "log_mass": 3.380816, "log_pop_c": -1.853308, "log_mass_c": -2.204353}, {"country_iso": "TUN", "city_id": 2790, "log_pop": 3.834004, "log_mass": 6.302216, "log_pop_c": 0.638792, "log_mass_c": 0.537929}, {"country_iso": "TUN", "city_id": 2848, "log_pop": 1.910863, "log_mass": 4.657037, "log_pop_c": -1.179719, "log_mass_c": -0.924635}, {"country_iso": "TUN", "city_id": 2837, "log_pop": 3.648813, "log_mass": 6.163343, "log_pop_c": 0.329108, "log_mass_c": 0.288631}, {"country_iso": "TUN", "city_id": 2837, "log_pop": 3.407286, "log_mass": 5.949385, "log_pop_c": 0.087582, "log_mass_c": 0.074673}, {"country_iso": "TUN", "city_id": 2837, "log_pop": 3.300411, "log_mass": 5.864274, "log_pop_c": -0.019294, "log_mass_c": -0.010438}, {"country_iso": "TUN", "city_id": 2767, "log_pop": 3.949599, "log_mass": 6.020867, "log_pop_c": 0.316826, "log_mass_c": -0.014391}, {"country_iso": "TUN", "city_id": 2767, "log_pop": 4.309746, "log_mass": 6.64203, "log_pop_c": 0.676973, "log_mass_c": 0.606771}, {"country_iso": "TUN", "city_id": 2837, "log_pop": 4.537221, "log_mass": 6.704942, "log_pop_c": 1.217517, "log_mass_c": 0.83023}, {"country_iso": "TUN", "city_id": 2767, "log_pop": 3.465878, "log_mass": 5.886033, "log_pop_c": -0.166895, "log_mass_c": -0.149225}, {"country_iso": "TUN", "city_id": 2816, "log_pop": 3.943239, "log_mass": 6.391142, "log_pop_c": 0.439311, "log_mass_c": 0.45229}, {"country_iso": "TUN", "city_id": 2747, "log_pop": 2.598057, "log_mass": 5.352245, "log_pop_c": -0.384677, "log_mass_c": -0.220293}, {"country_iso": "TUN", "city_id": 2767, "log_pop": 4.277423, "log_mass": 6.653186, "log_pop_c": 0.644649, "log_mass_c": 0.617928}, {"country_iso": "TUN", "city_id": 2767, "log_pop": 2.959497, "log_mass": 5.272486, "log_pop_c": -0.673277, "log_mass_c": -0.762773}, {"country_iso": "TUN", "city_id": 2767, "log_pop": 3.464862, "log_mass": 5.935649, "log_pop_c": -0.167911, "log_mass_c": -0.099609}, {"country_iso": "TUN", "city_id": 2747, "log_pop": 2.334412, "log_mass": 5.040405, "log_pop_c": -0.648322, "log_mass_c": -0.532133}, {"country_iso": "TUN", "city_id": 2790, "log_pop": 3.937723, "log_mass": 6.3205, "log_pop_c": 0.742511, "log_mass_c": 0.556213}, {"country_iso": "TUN", "city_id": 2790, "log_pop": 3.316904, "log_mass": 5.957899, "log_pop_c": 0.121692, "log_mass_c": 0.193612}, {"country_iso": "TUN", "city_id": 2815, "log_pop": 2.707667, "log_mass": 5.354292, "log_pop_c": -0.309644, "log_mass_c": -0.230878}, {"country_iso": "TUN", "city_id": 2790, "log_pop": 3.773584, "log_mass": 6.312355, "log_pop_c": 0.578373, "log_mass_c": 0.548068}, {"country_iso": "TUN", "city_id": 2767, "log_pop": 4.781673, "log_mass": 6.73426, "log_pop_c": 1.1489, "log_mass_c": 0.699001}, {"country_iso": "TUN", "city_id": 2767, "log_pop": 3.830346, "log_mass": 6.081063, "log_pop_c": 0.197573, "log_mass_c": 0.045805}, {"country_iso": "TUN", "city_id": 2767, "log_pop": 4.810434, "log_mass": 6.507756, "log_pop_c": 1.177661, "log_mass_c": 0.472498}, {"country_iso": "TUN", "city_id": 2767, "log_pop": 3.24742, "log_mass": 6.124782, "log_pop_c": -0.385353, "log_mass_c": 0.089523}, {"country_iso": "TUN", "city_id": 2837, "log_pop": 4.149789, "log_mass": 6.672397, "log_pop_c": 0.830085, "log_mass_c": 0.797685}, {"country_iso": "TUN", "city_id": 2792, "log_pop": 3.0305, "log_mass": 5.74705, "log_pop_c": -0.106409, "log_mass_c": 0.155051}, {"country_iso": "TUN", "city_id": 2747, "log_pop": 3.700283, "log_mass": 6.245334, "log_pop_c": 0.717548, "log_mass_c": 0.672797}, {"country_iso": "TUN", "city_id": 2767, "log_pop": 4.09649, "log_mass": 6.355703, "log_pop_c": 0.463717, "log_mass_c": 0.320444}, {"country_iso": "TUN", "city_id": 2767, "log_pop": 4.560645, "log_mass": 6.705229, "log_pop_c": 0.927872, "log_mass_c": 0.669971}, {"country_iso": "TUN", "city_id": 2837, "log_pop": 3.341101, "log_mass": 5.926785, "log_pop_c": 0.021397, "log_mass_c": 0.052073}, {"country_iso": "TUN", "city_id": 2792, "log_pop": 3.652091, "log_mass": 6.197987, "log_pop_c": 0.515182, "log_mass_c": 0.605988}, {"country_iso": "TUN", "city_id": 2837, "log_pop": 3.888544, "log_mass": 6.443139, "log_pop_c": 0.56884, "log_mass_c": 0.568427}, {"country_iso": "TUN", "city_id": 2848, "log_pop": 4.04759, "log_mass": 6.444682, "log_pop_c": 0.957008, "log_mass_c": 0.863011}, {"country_iso": "TUN", "city_id": 2767, "log_pop": 4.687242, "log_mass": 6.702726, "log_pop_c": 1.054468, "log_mass_c": 0.667467}, {"country_iso": "TUN", "city_id": 2837, "log_pop": 4.0995, "log_mass": 6.567522, "log_pop_c": 0.779796, "log_mass_c": 0.69281}, {"country_iso": "TUN", "city_id": 2837, "log_pop": 2.105752, "log_mass": 4.60369, "log_pop_c": -1.213953, "log_mass_c": -1.271022}, {"country_iso": "TUN", "city_id": 2792, "log_pop": 3.30608, "log_mass": 5.6467, "log_pop_c": 0.169171, "log_mass_c": 0.054701}, {"country_iso": "TUN", "city_id": 2767, "log_pop": 4.154869, "log_mass": 6.472712, "log_pop_c": 0.522096, "log_mass_c": 0.437454}, {"country_iso": "TUN", "city_id": 2747, "log_pop": 3.318606, "log_mass": 5.982268, "log_pop_c": 0.335871, "log_mass_c": 0.40973}, {"country_iso": "TUN", "city_id": 2767, "log_pop": 3.769496, "log_mass": 6.12209, "log_pop_c": 0.136723, "log_mass_c": 0.086832}, {"country_iso": "TUN", "city_id": 2767, "log_pop": 4.218507, "log_mass": 6.669352, "log_pop_c": 0.585734, "log_mass_c": 0.634094}, {"country_iso": "TUN", "city_id": 2747, "log_pop": 1.87403, "log_mass": 4.56351, "log_pop_c": -1.108705, "log_mass_c": -1.009028}, {"country_iso": "TUN", "city_id": 2767, "log_pop": 4.832022, "log_mass": 6.77416, "log_pop_c": 1.199249, "log_mass_c": 0.738902}, {"country_iso": "TUN", "city_id": 2767, "log_pop": 3.3847, "log_mass": 6.117326, "log_pop_c": -0.248073, "log_mass_c": 0.082067}, {"country_iso": "TUN", "city_id": 2767, "log_pop": 3.95281, "log_mass": 6.524708, "log_pop_c": 0.320037, "log_mass_c": 0.489449}, {"country_iso": "TUN", "city_id": 2816, "log_pop": 0.733389, "log_mass": 3.625209, "log_pop_c": -2.770539, "log_mass_c": -2.313643}, {"country_iso": "TUN", "city_id": 2848, "log_pop": 2.168449, "log_mass": 4.651821, "log_pop_c": -0.922133, "log_mass_c": -0.92985}, {"country_iso": "TUN", "city_id": 2767, "log_pop": 2.877272, "log_mass": 5.388684, "log_pop_c": -0.755502, "log_mass_c": -0.646575}, {"country_iso": "TUN", "city_id": 2815, "log_pop": 3.116367, "log_mass": 5.739787, "log_pop_c": 0.099056, "log_mass_c": 0.154617}, {"country_iso": "TUN", "city_id": 2747, "log_pop": 1.497321, "log_mass": 4.056024, "log_pop_c": -1.485414, "log_mass_c": -1.516514}, {"country_iso": "TUN", "city_id": 2837, "log_pop": 3.298419, "log_mass": 6.055232, "log_pop_c": -0.021285, "log_mass_c": 0.18052}, {"country_iso": "TUN", "city_id": 2767, "log_pop": 3.105253, "log_mass": 5.576294, "log_pop_c": -0.52752, "log_mass_c": -0.458965}, {"country_iso": "TUN", "city_id": 2816, "log_pop": 3.902353, "log_mass": 6.200158, "log_pop_c": 0.398424, "log_mass_c": 0.261306}, {"country_iso": "TUN", "city_id": 2815, "log_pop": 3.484352, "log_mass": 6.048061, "log_pop_c": 0.467042, "log_mass_c": 0.462892}, {"country_iso": "TUN", "city_id": 2747, "log_pop": 3.563781, "log_mass": 6.02556, "log_pop_c": 0.581047, "log_mass_c": 0.453022}, {"country_iso": "TUN", "city_id": 2816, "log_pop": 3.932227, "log_mass": 6.220189, "log_pop_c": 0.428299, "log_mass_c": 0.281336}]