[{"country_iso":"SYR","city_id":4407,"log_pop":3.9976195372,"log_mass":6.0330532973},{"country_iso":"SYR","city_id":4407,"log_pop":4.8650519765,"log_mass":6.4619823072},{"country_iso":"SYR","city_id":4407,"log_pop":4.3801417523,"log_mass":6.4517698265},{"country_iso":"SYR","city_id":4407,"log_pop":4.7107040586,"log_mass":6.4061621068},{"country_iso":"SYR","city_id":4407,"log_pop":4.4560841582,"log_mass":6.5902654906},{"country_iso":"SYR","city_id":4407,"log_pop":4.3858678772,"log_mass":6.0610428927},{"country_iso":"SYR","city_id":4407,"log_pop":4.0144177273,"log_mass":6.333787958},{"country_iso":"SYR","city_id":4407,"log_pop":4.9467125612,"log_mass":6.6718959842},{"country_iso":"SYR","city_id":4407,"log_pop":4.9214118671,"log_mass":6.6089810772},{"country_iso":"SYR","city_id":4407,"log_pop":4.710155614,"log_mass":6.6727943778},{"country_iso":"SYR","city_id":4407,"log_pop":4.8267852527,"log_mass":6.5701221609},{"country_iso":"SYR","city_id":4407,"log_pop":5.0795774252,"log_mass":6.7973302726},{"country_iso":"SYR","city_id":4407,"log_pop":5.0911961592,"log_mass":6.8512926822},{"country_iso":"SYR","city_id":4407,"log_pop":5.0674964269,"log_mass":6.7849620715},{"country_iso":"SYR","city_id":4407,"log_pop":3.4429063257,"log_mass":5.8006463937},{"country_iso":"SYR","city_id":4407,"log_pop":0.9415298964,"log_mass":3.5589796578},{"country_iso":"SYR","city_id":4407,"log_pop":3.7559956089,"log_mass":6.2237225158},{"country_iso":"SYR","city_id":4407,"log_pop":3.9861496715,"log_mass":5.9359657715},{"country_iso":"SYR","city_id":4407,"log_pop":4.5934263333,"log_mass":6.5084978731},{"country_iso":"SYR","city_id":4407,"log_pop":2.6545752734,"log_mass":4.519629405},{"country_iso":"SYR","city_id":4407,"log_pop":4.4555768142,"log_mass":6.3356851153},{"country_iso":"SYR","city_id":4407,"log_pop":4.4274440283,"log_mass":6.2642667073},{"country_iso":"SYR","city_id":4407,"log_pop":4.5192149436,"log_mass":6.2289717959},{"country_iso":"SYR","city_id":4407,"log_pop":2.4798131392,"log_mass":4.4163520869},{"country_iso":"SYR","city_id":4407,"log_pop":4.2872045287,"log_mass":6.350424453},{"country_iso":"SYR","city_id":4407,"log_pop":4.2158829655,"log_mass":5.9981359427},{"country_iso":"SYR","city_id":4407,"log_pop":3.4227426703,"log_mass":5.5567858333},{"country_iso":"SYR","city_id":4407,"log_pop":4.5421141909,"log_mass":6.2117452135},{"country_iso":"SYR","city_id":4407,"log_pop":4.0043698098,"log_mass":5.611539694},{"country_iso":"SYR","city_id":4407,"log_pop":4.9874647055,"log_mass":6.6227732321},{"country_iso":"SYR","city_id":4407,"log_pop":5.0528607198,"log_mass":6.8556409161},{"country_iso":"SYR","city_id":4407,"log_pop":4.7022496006,"log_mass":6.3050559042},{"country_iso":"SYR","city_id":4407,"log_pop":4.6277534893,"log_mass":6.2743969368},{"country_iso":"SYR","city_id":4407,"log_pop":4.8546516822,"log_mass":6.5672130946},{"country_iso":"SYR","city_id":4407,"log_pop":3.6791494156,"log_mass":5.6791386375},{"country_iso":"SYR","city_id":4407,"log_pop":3.6698229265,"log_mass":6.2030640932},{"country_iso":"SYR","city_id":4407,"log_pop":3.3903345119,"log_mass":5.507497134},{"country_iso":"SYR","city_id":4407,"log_pop":4.0229273998,"log_mass":6.0880601863},{"country_iso":"SYR","city_id":4407,"log_pop":2.01822312,"log_mass":4.2725052654},{"country_iso":"SYR","city_id":4407,"log_pop":4.1105493071,"log_mass":6.3733725864},{"country_iso":"SYR","city_id":4407,"log_pop":3.9373236736,"log_mass":6.2722641569},{"country_iso":"SYR","city_id":4407,"log_pop":3.7261377434,"log_mass":5.9628543538},{"country_iso":"SYR","city_id":4407,"log_pop":4.29731074,"log_mass":6.40102941},{"country_iso":"SYR","city_id":4407,"log_pop":1.8686443389,"log_mass":4.2191047694},{"country_iso":"SYR","city_id":4407,"log_pop":3.7240684822,"log_mass":6.0437806973},{"country_iso":"SYR","city_id":4407,"log_pop":-0.0077736019,"log_mass":3.5581041434},{"country_iso":"SYR","city_id":4407,"log_pop":3.9063046135,"log_mass":6.1696363924},{"country_iso":"SYR","city_id":4407,"log_pop":4.6446211487,"log_mass":6.523075747},{"country_iso":"SYR","city_id":4407,"log_pop":4.1152779158,"log_mass":6.0990390027},{"country_iso":"SYR","city_id":4407,"log_pop":3.7771152678,"log_mass":5.7989675341},{"country_iso":"SYR","city_id":4407,"log_pop":2.4223831696,"log_mass":5.2488418475},{"country_iso":"SYR","city_id":4407,"log_pop":4.8588418767,"log_mass":6.6579067493},{"country_iso":"SYR","city_id":4407,"log_pop":4.5954768057,"log_mass":6.4736904935},{"country_iso":"SYR","city_id":4407,"log_pop":4.3125379373,"log_mass":6.1286637852},{"country_iso":"SYR","city_id":4407,"log_pop":1.9335376612,"log_mass":4.4126808191},{"country_iso":"SYR","city_id":4407,"log_pop":3.560250278,"log_mass":5.808858598},{"country_iso":"SYR","city_id":4407,"log_pop":3.5680663514,"log_mass":5.8032202718},{"country_iso":"SYR","city_id":4407,"log_pop":4.9673431285,"log_mass":6.6283731479},{"country_iso":"SYR","city_id":4407,"log_pop":3.9892042625,"log_mass":6.0118070619},{"country_iso":"SYR","city_id":4407,"log_pop":5.048966583,"log_mass":6.6966487776},{"country_iso":"SYR","city_id":4407,"log_pop":4.8237334833,"log_mass":6.4398467571},{"country_iso":"SYR","city_id":4407,"log_pop":2.2936952174,"log_mass":4.8726397177},{"country_iso":"SYR","city_id":4407,"log_pop":3.1231541251,"log_mass":5.449740869},{"country_iso":"SYR","city_id":4407,"log_pop":4.8898233222,"log_mass":6.6381008182},{"country_iso":"SYR","city_id":4407,"log_pop":2.812506894,"log_mass":5.3962936419},{"country_iso":"SYR","city_id":4407,"log_pop":4.0512291875,"log_mass":5.9736847937},{"country_iso":"SYR","city_id":4407,"log_pop":3.8530373827,"log_mass":6.1560931531},{"country_iso":"SYR","city_id":4407,"log_pop":3.5444422622,"log_mass":5.5654509948},{"country_iso":"SYR","city_id":4407,"log_pop":3.0623719748,"log_mass":4.8977569212},{"country_iso":"SYR","city_id":4407,"log_pop":2.0968198228,"log_mass":4.4651629285},{"country_iso":"SYR","city_id":4407,"log_pop":4.0685250961,"log_mass":5.9947144935},{"country_iso":"SYR","city_id":4407,"log_pop":3.6003136824,"log_mass":5.7655454724},{"country_iso":"SYR","city_id":4407,"log_pop":3.0651222274,"log_mass":5.0026962742},{"country_iso":"SYR","city_id":4407,"log_pop":2.3714050036,"log_mass":4.95380664},{"country_iso":"SYR","city_id":4407,"log_pop":3.6460790337,"log_mass":5.9799834699},{"country_iso":"SYR","city_id":4407,"log_pop":3.4223521242,"log_mass":5.6283956897},{"country_iso":"SYR","city_id":4407,"log_pop":4.2404553027,"log_mass":6.0951311801},{"country_iso":"SYR","city_id":4407,"log_pop":4.2987990919,"log_mass":6.4765966362},{"country_iso":"SYR","city_id":4407,"log_pop":2.8675914478,"log_mass":5.3902637208},{"country_iso":"SYR","city_id":4407,"log_pop":3.335518345,"log_mass":5.6307018332},{"country_iso":"SYR","city_id":4417,"log_pop":1.9612745517,"log_mass":4.0179559371},{"country_iso":"SYR","city_id":4417,"log_pop":2.7312903,"log_mass":4.7741629774},{"country_iso":"SYR","city_id":4417,"log_pop":3.7229097517,"log_mass":5.4855740105},{"country_iso":"SYR","city_id":4417,"log_pop":4.8101639912,"log_mass":6.693907598},{"country_iso":"SYR","city_id":4417,"log_pop":4.8099577671,"log_mass":6.7537521757},{"country_iso":"SYR","city_id":4417,"log_pop":4.1488803438,"log_mass":5.9122201201},{"country_iso":"SYR","city_id":4417,"log_pop":4.463223888,"log_mass":6.2862420876},{"country_iso":"SYR","city_id":4417,"log_pop":4.770366687,"log_mass":6.7899862922},{"country_iso":"SYR","city_id":4417,"log_pop":4.8243057808,"log_mass":6.8099664403},{"country_iso":"SYR","city_id":4417,"log_pop":4.7232662902,"log_mass":6.5544574451},{"country_iso":"SYR","city_id":4417,"log_pop":4.1567511441,"log_mass":5.9846000871},{"country_iso":"SYR","city_id":4417,"log_pop":4.1538951076,"log_mass":5.9847122245},{"country_iso":"SYR","city_id":4417,"log_pop":3.6043482194,"log_mass":5.5401961529},{"country_iso":"SYR","city_id":4417,"log_pop":4.7786743882,"log_mass":6.5969317396},{"country_iso":"SYR","city_id":4417,"log_pop":4.3246931859,"log_mass":6.2335500725},{"country_iso":"SYR","city_id":4417,"log_pop":4.7068184616,"log_mass":6.5952528479},{"country_iso":"SYR","city_id":4417,"log_pop":2.8074345609,"log_mass":4.7322449089},{"country_iso":"SYR","city_id":4417,"log_pop":2.9456790886,"log_mass":4.9151806893},{"country_iso":"SYR","city_id":4417,"log_pop":3.419588422,"log_mass":5.3830036694},{"country_iso":"SYR","city_id":4417,"log_pop":4.635448721,"log_mass":6.4384512301},{"country_iso":"SYR","city_id":4417,"log_pop":3.8311137913,"log_mass":5.7052567093},{"country_iso":"SYR","city_id":4417,"log_pop":4.1724872003,"log_mass":5.9869477248},{"country_iso":"SYR","city_id":4417,"log_pop":3.4790582282,"log_mass":5.4337928597},{"country_iso":"SYR","city_id":4417,"log_pop":4.4181060032,"log_mass":6.2438899437},{"country_iso":"SYR","city_id":4417,"log_pop":4.491647538,"log_mass":6.396982053},{"country_iso":"SYR","city_id":4417,"log_pop":4.5312398989,"log_mass":6.3904253031},{"country_iso":"SYR","city_id":4417,"log_pop":4.7691395079,"log_mass":6.7133879817},{"country_iso":"SYR","city_id":4417,"log_pop":4.8065382167,"log_mass":6.7708217154},{"country_iso":"SYR","city_id":4417,"log_pop":3.1748700299,"log_mass":5.0971260452},{"country_iso":"SYR","city_id":4417,"log_pop":4.2335706723,"log_mass":6.2328764339},{"country_iso":"SYR","city_id":4417,"log_pop":4.1149802053,"log_mass":5.8805717089},{"country_iso":"SYR","city_id":4417,"log_pop":4.3551212087,"log_mass":6.2078935773},{"country_iso":"SYR","city_id":4417,"log_pop":4.2499965489,"log_mass":6.063657444},{"country_iso":"SYR","city_id":4417,"log_pop":4.7698001257,"log_mass":6.6660904724},{"country_iso":"SYR","city_id":4417,"log_pop":4.5468356446,"log_mass":6.3834221673},{"country_iso":"SYR","city_id":4417,"log_pop":3.6498640059,"log_mass":5.6477410213},{"country_iso":"SYR","city_id":4417,"log_pop":4.7555180301,"log_mass":6.5697694631},{"country_iso":"SYR","city_id":4417,"log_pop":3.7903189177,"log_mass":5.944005888},{"country_iso":"SYR","city_id":4417,"log_pop":4.7301073326,"log_mass":6.6072516961},{"country_iso":"SYR","city_id":4417,"log_pop":3.2971502674,"log_mass":5.1860937294},{"country_iso":"SYR","city_id":4417,"log_pop":4.3781096929,"log_mass":6.2689479816},{"country_iso":"SYR","city_id":4417,"log_pop":3.8766713542,"log_mass":5.5568393604},{"country_iso":"SYR","city_id":4417,"log_pop":4.5633994414,"log_mass":6.3217501221},{"country_iso":"SYR","city_id":4417,"log_pop":1.5160511103,"log_mass":3.615041274},{"country_iso":"SYR","city_id":4417,"log_pop":-0.7589585858,"log_mass":2.9373305977},{"country_iso":"SYR","city_id":4417,"log_pop":2.355238231,"log_mass":5.2185837385},{"country_iso":"SYR","city_id":4417,"log_pop":2.6736492778,"log_mass":5.0504746131},{"country_iso":"SYR","city_id":4417,"log_pop":1.3296805916,"log_mass":3.8142637848},{"country_iso":"SYR","city_id":4417,"log_pop":3.5022127856,"log_mass":5.9222984734},{"country_iso":"SYR","city_id":4417,"log_pop":2.9733296968,"log_mass":4.9987764317},{"country_iso":"SYR","city_id":4417,"log_pop":3.8570257851,"log_mass":5.5937837369},{"country_iso":"SYR","city_id":4417,"log_pop":3.9294521336,"log_mass":5.5554292769},{"country_iso":"SYR","city_id":4417,"log_pop":3.5736262889,"log_mass":5.3417961847},{"country_iso":"SYR","city_id":4417,"log_pop":2.7534914711,"log_mass":4.4522630607},{"country_iso":"SYR","city_id":4417,"log_pop":3.9525165365,"log_mass":5.9077633373},{"country_iso":"SYR","city_id":4417,"log_pop":3.1964953818,"log_mass":5.0812003506},{"country_iso":"SYR","city_id":4417,"log_pop":3.6437353656,"log_mass":5.4517407374},{"country_iso":"SYR","city_id":4417,"log_pop":4.022877066,"log_mass":5.9543233619},{"country_iso":"SYR","city_id":4417,"log_pop":3.6024346086,"log_mass":5.7588530831},{"country_iso":"SYR","city_id":4417,"log_pop":3.9239715037,"log_mass":5.8492028865},{"country_iso":"SYR","city_id":4417,"log_pop":4.3884617734,"log_mass":6.4476375596},{"country_iso":"SYR","city_id":4417,"log_pop":3.7062323617,"log_mass":5.5199815889},{"country_iso":"SYR","city_id":4417,"log_pop":4.1227561043,"log_mass":5.8459646936},{"country_iso":"SYR","city_id":4417,"log_pop":4.1192573516,"log_mass":5.9743882638},{"country_iso":"SYR","city_id":4417,"log_pop":3.5955320927,"log_mass":5.4919986656},{"country_iso":"SYR","city_id":4417,"log_pop":4.0304787851,"log_mass":5.8869263913},{"country_iso":"SYR","city_id":4417,"log_pop":2.9637198361,"log_mass":4.9884622999},{"country_iso":"SYR","city_id":4417,"log_pop":4.0991128474,"log_mass":5.9310258273},{"country_iso":"SYR","city_id":4417,"log_pop":3.4946973344,"log_mass":6.0726409065},{"country_iso":"SYR","city_id":4417,"log_pop":-0.3877947175,"log_mass":2.6092266798},{"country_iso":"SYR","city_id":4417,"log_pop":4.081965598,"log_mass":6.0207732156},{"country_iso":"SYR","city_id":4417,"log_pop":2.1967395417,"log_mass":4.8403980659},{"country_iso":"SYR","city_id":4417,"log_pop":3.3246184969,"log_mass":6.0069168077},{"country_iso":"SYR","city_id":4426,"log_pop":2.9592499687,"log_mass":5.1020844455},{"country_iso":"SYR","city_id":4426,"log_pop":3.4470668181,"log_mass":5.4413091865},{"country_iso":"SYR","city_id":4426,"log_pop":1.5375524409,"log_mass":4.3259495582},{"country_iso":"SYR","city_id":4426,"log_pop":4.4707126416,"log_mass":6.5296345456},{"country_iso":"SYR","city_id":4426,"log_pop":4.6183649101,"log_mass":6.8319265303},{"country_iso":"SYR","city_id":4426,"log_pop":3.6434152833,"log_mass":5.5604744989},{"country_iso":"SYR","city_id":4426,"log_pop":4.3361206373,"log_mass":6.3962059967},{"country_iso":"SYR","city_id":4426,"log_pop":4.0880057956,"log_mass":6.1826839314},{"country_iso":"SYR","city_id":4426,"log_pop":4.4535621872,"log_mass":6.6380301832},{"country_iso":"SYR","city_id":4426,"log_pop":3.7371759088,"log_mass":5.8073185402},{"country_iso":"SYR","city_id":4426,"log_pop":3.2015952911,"log_mass":5.2452944989},{"country_iso":"SYR","city_id":4426,"log_pop":3.7123536494,"log_mass":5.6808071997},{"country_iso":"SYR","city_id":4426,"log_pop":4.5071560695,"log_mass":6.6105570903},{"country_iso":"SYR","city_id":4426,"log_pop":3.8329682338,"log_mass":5.8278870485},{"country_iso":"SYR","city_id":4426,"log_pop":4.0071104419,"log_mass":6.0281398391},{"country_iso":"SYR","city_id":4426,"log_pop":3.034492179,"log_mass":5.1933379923},{"country_iso":"SYR","city_id":4426,"log_pop":2.831922982,"log_mass":5.0458634305},{"country_iso":"SYR","city_id":4426,"log_pop":3.0049605322,"log_mass":5.4736836381},{"country_iso":"SYR","city_id":4426,"log_pop":3.4225456589,"log_mass":5.5346125651},{"country_iso":"SYR","city_id":4426,"log_pop":3.3078840173,"log_mass":5.8348555041},{"country_iso":"SYR","city_id":4426,"log_pop":4.1177256362,"log_mass":6.2008310627},{"country_iso":"SYR","city_id":4426,"log_pop":3.0757287967,"log_mass":5.8195010002},{"country_iso":"SYR","city_id":4426,"log_pop":3.3101907647,"log_mass":5.3051602488},{"country_iso":"SYR","city_id":4426,"log_pop":3.4169559895,"log_mass":5.3789482134},{"country_iso":"SYR","city_id":4426,"log_pop":4.004004656,"log_mass":5.9726231578},{"country_iso":"SYR","city_id":4426,"log_pop":3.7128060334,"log_mass":5.6592712003},{"country_iso":"SYR","city_id":4426,"log_pop":4.5928594467,"log_mass":6.6486219463},{"country_iso":"SYR","city_id":4426,"log_pop":4.01483601,"log_mass":5.9403977887},{"country_iso":"SYR","city_id":4426,"log_pop":2.0079917233,"log_mass":3.8745139572},{"country_iso":"SYR","city_id":4426,"log_pop":2.1716647369,"log_mass":4.3557415778},{"country_iso":"SYR","city_id":4426,"log_pop":4.0833752779,"log_mass":6.093829313},{"country_iso":"SYR","city_id":4317,"log_pop":3.0423020885,"log_mass":5.0369786663},{"country_iso":"SYR","city_id":4317,"log_pop":4.3287903378,"log_mass":6.2981672729},{"country_iso":"SYR","city_id":4317,"log_pop":3.9579409606,"log_mass":6.1190020075},{"country_iso":"SYR","city_id":4317,"log_pop":2.5893155513,"log_mass":5.049947338},{"country_iso":"SYR","city_id":4317,"log_pop":2.1943919133,"log_mass":4.799830285},{"country_iso":"SYR","city_id":4317,"log_pop":4.6486413601,"log_mass":6.7190662063},{"country_iso":"SYR","city_id":4317,"log_pop":4.0380914827,"log_mass":5.9755046687},{"country_iso":"SYR","city_id":4317,"log_pop":4.3877375269,"log_mass":6.2882416082},{"country_iso":"SYR","city_id":4317,"log_pop":2.4353396273,"log_mass":5.1931942474},{"country_iso":"SYR","city_id":4317,"log_pop":2.0376955283,"log_mass":4.2306511904},{"country_iso":"SYR","city_id":4317,"log_pop":4.0822579346,"log_mass":5.974845769},{"country_iso":"SYR","city_id":4317,"log_pop":2.4169144074,"log_mass":4.3169869823},{"country_iso":"SYR","city_id":4317,"log_pop":4.5636015526,"log_mass":6.6514724298},{"country_iso":"SYR","city_id":4317,"log_pop":4.40396111,"log_mass":6.3382698984},{"country_iso":"SYR","city_id":4317,"log_pop":3.7656119659,"log_mass":5.7187342072},{"country_iso":"SYR","city_id":4317,"log_pop":3.8062535217,"log_mass":5.6606347114},{"country_iso":"SYR","city_id":4317,"log_pop":2.0408095044,"log_mass":4.6317163798},{"country_iso":"SYR","city_id":4317,"log_pop":3.1171982765,"log_mass":4.8775946776},{"country_iso":"SYR","city_id":4317,"log_pop":3.5445425777,"log_mass":5.5932687556},{"country_iso":"SYR","city_id":4317,"log_pop":2.4696983439,"log_mass":4.2772653259},{"country_iso":"SYR","city_id":4317,"log_pop":3.2958745542,"log_mass":5.2651487062},{"country_iso":"SYR","city_id":4317,"log_pop":3.5643783728,"log_mass":5.6586859506},{"country_iso":"SYR","city_id":4317,"log_pop":4.6360066623,"log_mass":6.7927854767},{"country_iso":"SYR","city_id":4317,"log_pop":3.8119037766,"log_mass":5.8867797898},{"country_iso":"SYR","city_id":4317,"log_pop":3.4481210926,"log_mass":5.3816366789},{"country_iso":"SYR","city_id":4420,"log_pop":2.4068490437,"log_mass":4.6361031313},{"country_iso":"SYR","city_id":4420,"log_pop":4.1846308736,"log_mass":6.4778645256},{"country_iso":"SYR","city_id":4420,"log_pop":4.0867307678,"log_mass":6.4367397558},{"country_iso":"SYR","city_id":4420,"log_pop":3.1914788637,"log_mass":5.4239193197},{"country_iso":"SYR","city_id":4420,"log_pop":2.9966117789,"log_mass":5.3233295259},{"country_iso":"SYR","city_id":4420,"log_pop":3.0571246351,"log_mass":5.4400325272},{"country_iso":"SYR","city_id":4420,"log_pop":4.3206009248,"log_mass":6.635124415},{"country_iso":"SYR","city_id":4420,"log_pop":1.9755090873,"log_mass":4.4678020306},{"country_iso":"SYR","city_id":4420,"log_pop":3.7983173112,"log_mass":6.0580365178},{"country_iso":"SYR","city_id":4420,"log_pop":2.1477883146,"log_mass":4.325570637},{"country_iso":"SYR","city_id":4420,"log_pop":2.4182928289,"log_mass":4.5510193303},{"country_iso":"SYR","city_id":4420,"log_pop":2.5451455176,"log_mass":4.8807498799},{"country_iso":"SYR","city_id":4420,"log_pop":3.6227981174,"log_mass":6.0320197473},{"country_iso":"SYR","city_id":4420,"log_pop":2.5896385231,"log_mass":5.1417137378},{"country_iso":"SYR","city_id":4420,"log_pop":4.3243441598,"log_mass":6.6899498317},{"country_iso":"SYR","city_id":4420,"log_pop":3.5576508229,"log_mass":5.7642646818},{"country_iso":"SYR","city_id":4420,"log_pop":2.9265559672,"log_mass":5.3430350216},{"country_iso":"SYR","city_id":4420,"log_pop":3.8703076577,"log_mass":6.2722509498},{"country_iso":"SYR","city_id":4353,"log_pop":2.0624301603,"log_mass":4.302126162},{"country_iso":"SYR","city_id":4353,"log_pop":3.6889204315,"log_mass":6.0174955443},{"country_iso":"SYR","city_id":4353,"log_pop":2.7721828064,"log_mass":4.9651688699},{"country_iso":"SYR","city_id":4353,"log_pop":2.5963822183,"log_mass":4.9653127816},{"country_iso":"SYR","city_id":4353,"log_pop":1.1827924414,"log_mass":3.9803917301},{"country_iso":"SYR","city_id":4353,"log_pop":2.7115529808,"log_mass":4.950420949},{"country_iso":"SYR","city_id":4353,"log_pop":1.4872418249,"log_mass":3.9323289509},{"country_iso":"SYR","city_id":4353,"log_pop":1.486845232,"log_mass":3.6979483857},{"country_iso":"SYR","city_id":4353,"log_pop":3.1009395471,"log_mass":5.471764294},{"country_iso":"SYR","city_id":4353,"log_pop":3.9044402206,"log_mass":6.2270621491},{"country_iso":"SYR","city_id":4353,"log_pop":3.2081557704,"log_mass":5.4604492099},{"country_iso":"SYR","city_id":4353,"log_pop":3.8927267917,"log_mass":6.0973646728},{"country_iso":"SYR","city_id":4353,"log_pop":3.8067398351,"log_mass":6.1546590386},{"country_iso":"SYR","city_id":4353,"log_pop":3.58259458,"log_mass":5.8365270104},{"country_iso":"SYR","city_id":4353,"log_pop":3.9473217884,"log_mass":6.3627914197},{"country_iso":"SYR","city_id":4353,"log_pop":4.1534155056,"log_mass":6.4944348102},{"country_iso":"SYR","city_id":4564,"log_pop":2.4025281091,"log_mass":4.7667324989},{"country_iso":"SYR","city_id":4564,"log_pop":3.544486942,"log_mass":5.9776040604},{"country_iso":"SYR","city_id":4564,"log_pop":3.1295620332,"log_mass":5.5038367731},{"country_iso":"SYR","city_id":4564,"log_pop":3.1110097271,"log_mass":5.4507987059},{"country_iso":"SYR","city_id":4564,"log_pop":4.1340321094,"log_mass":6.4802652655},{"country_iso":"SYR","city_id":4564,"log_pop":4.0389788686,"log_mass":6.4058529815},{"country_iso":"SYR","city_id":4564,"log_pop":2.7071146724,"log_mass":5.1810121379},{"country_iso":"SYR","city_id":4564,"log_pop":3.2876063739,"log_mass":5.6754906663},{"country_iso":"SYR","city_id":4564,"log_pop":2.56909255,"log_mass":4.9212080095},{"country_iso":"SYR","city_id":4564,"log_pop":3.9381175176,"log_mass":6.3342993687},{"country_iso":"SYR","city_id":4564,"log_pop":1.2382121293,"log_mass":3.3546442236},{"country_iso":"SYR","city_id":4564,"log_pop":4.0709819918,"log_mass":6.502607703},{"country_iso":"SYR","city_id":4564,"log_pop":2.4341591729,"log_mass":4.7383685113},{"country_iso":"SYR","city_id":4564,"log_pop":3.4725632691,"log_mass":5.7847219278},{"country_iso":"SYR","city_id":4564,"log_pop":4.2690564459,"log_mass":6.8175026708},{"country_iso":"SYR","city_id":4700,"log_pop":4.1960125353,"log_mass":6.397017231},{"country_iso":"SYR","city_id":4700,"log_pop":3.9400229953,"log_mass":6.205366142},{"country_iso":"SYR","city_id":4700,"log_pop":2.1870223671,"log_mass":4.472111295},{"country_iso":"SYR","city_id":4700,"log_pop":2.9999221872,"log_mass":5.0495010442},{"country_iso":"SYR","city_id":4700,"log_pop":4.213992736,"log_mass":6.5052544321},{"country_iso":"SYR","city_id":4700,"log_pop":3.9274171039,"log_mass":6.2388909703},{"country_iso":"SYR","city_id":4700,"log_pop":4.0693494665,"log_mass":6.3994837824},{"country_iso":"SYR","city_id":4700,"log_pop":2.7427370573,"log_mass":4.7616875093},{"country_iso":"SYR","city_id":4700,"log_pop":2.912990174,"log_mass":5.3962089982},{"country_iso":"SYR","city_id":4700,"log_pop":3.2108802837,"log_mass":5.4414484447},{"country_iso":"SYR","city_id":4700,"log_pop":4.1516108183,"log_mass":6.323539855},{"country_iso":"SYR","city_id":4700,"log_pop":1.3741530692,"log_mass":4.2873173614},{"country_iso":"SYR","city_id":4700,"log_pop":-0.4351632271,"log_mass":2.3268333267},{"country_iso":"SYR","city_id":4700,"log_pop":3.7961853754,"log_mass":6.0679464209},{"country_iso":"SYR","city_id":4700,"log_pop":3.8260098919,"log_mass":6.0612972263},{"country_iso":"SYR","city_id":4672,"log_pop":0.9598194251,"log_mass":3.8244037768},{"country_iso":"SYR","city_id":4672,"log_pop":4.3026622786,"log_mass":6.4965614302},{"country_iso":"SYR","city_id":4672,"log_pop":2.6265070672,"log_mass":4.953370868},{"country_iso":"SYR","city_id":4672,"log_pop":4.3425783841,"log_mass":6.5602370761},{"country_iso":"SYR","city_id":4672,"log_pop":4.2568956746,"log_mass":6.4449612751},{"country_iso":"SYR","city_id":4672,"log_pop":3.2213641295,"log_mass":5.4915800051},{"country_iso":"SYR","city_id":4672,"log_pop":3.7729440438,"log_mass":6.0469606744},{"country_iso":"SYR","city_id":4672,"log_pop":3.697435413,"log_mass":5.8987286056},{"country_iso":"SYR","city_id":4672,"log_pop":1.939383515,"log_mass":4.5899905335},{"country_iso":"SYR","city_id":4672,"log_pop":3.6978655841,"log_mass":5.8872929015},{"country_iso":"SYR","city_id":4672,"log_pop":3.9033647612,"log_mass":6.1372919942},{"country_iso":"SYR","city_id":4672,"log_pop":3.1866907835,"log_mass":5.3448034652},{"country_iso":"SYR","city_id":4672,"log_pop":2.8927117337,"log_mass":5.3594116267},{"country_iso":"SYR","city_id":4349,"log_pop":3.3002425055,"log_mass":5.9072176209},{"country_iso":"SYR","city_id":4349,"log_pop":1.7248530091,"log_mass":4.2202875613},{"country_iso":"SYR","city_id":4349,"log_pop":3.13761889,"log_mass":5.5885713873},{"country_iso":"SYR","city_id":4349,"log_pop":3.7206167068,"log_mass":6.1265430027},{"country_iso":"SYR","city_id":4349,"log_pop":0.9339271155,"log_mass":3.521840835},{"country_iso":"SYR","city_id":4349,"log_pop":2.5704702557,"log_mass":5.0224860093},{"country_iso":"SYR","city_id":4349,"log_pop":3.2141702321,"log_mass":5.5175334165},{"country_iso":"SYR","city_id":4349,"log_pop":3.7881599397,"log_mass":6.2751115354},{"country_iso":"SYR","city_id":4349,"log_pop":2.8378239344,"log_mass":5.0875678791},{"country_iso":"SYR","city_id":4349,"log_pop":2.3189863105,"log_mass":4.8529048621},{"country_iso":"SYR","city_id":4349,"log_pop":2.5704505154,"log_mass":4.8457559622},{"country_iso":"SYR","city_id":4466,"log_pop":2.45528978,"log_mass":4.807343471},{"country_iso":"SYR","city_id":4466,"log_pop":3.79268477,"log_mass":6.3535280509},{"country_iso":"SYR","city_id":4466,"log_pop":2.0426860175,"log_mass":4.7259989318},{"country_iso":"SYR","city_id":4466,"log_pop":3.2593468432,"log_mass":5.7215323835},{"country_iso":"SYR","city_id":4466,"log_pop":3.5248945769,"log_mass":5.9638853764},{"country_iso":"SYR","city_id":4466,"log_pop":3.1411866238,"log_mass":5.786600016},{"country_iso":"SYR","city_id":4466,"log_pop":3.8754184129,"log_mass":6.3402323269},{"country_iso":"SYR","city_id":4466,"log_pop":4.1209028339,"log_mass":6.6472632044},{"country_iso":"SYR","city_id":4466,"log_pop":2.2523691539,"log_mass":4.7030509782},{"country_iso":"SYR","city_id":4466,"log_pop":2.9185122661,"log_mass":5.5525565101},{"country_iso":"SYR","city_id":4494,"log_pop":1.3991289759,"log_mass":3.9688723547},{"country_iso":"SYR","city_id":4494,"log_pop":3.9323273839,"log_mass":6.2602413278},{"country_iso":"SYR","city_id":4494,"log_pop":3.5345997336,"log_mass":5.8000882045},{"country_iso":"SYR","city_id":4494,"log_pop":3.6474491688,"log_mass":5.911839153},{"country_iso":"SYR","city_id":4494,"log_pop":0.6205011052,"log_mass":3.4787848212},{"country_iso":"SYR","city_id":4494,"log_pop":4.2185852331,"log_mass":6.4977822167},{"country_iso":"SYR","city_id":4494,"log_pop":1.6199455915,"log_mass":4.092966863},{"country_iso":"SYR","city_id":4494,"log_pop":3.6472250683,"log_mass":5.9410754776},{"country_iso":"SYR","city_id":4494,"log_pop":3.4842444655,"log_mass":5.7806542258},{"country_iso":"SYR","city_id":4494,"log_pop":2.8081088171,"log_mass":5.110313999},{"country_iso":"SYR","city_id":4460,"log_pop":2.9255927696,"log_mass":5.3584929721},{"country_iso":"SYR","city_id":4460,"log_pop":3.1633524282,"log_mass":5.4992077627},{"country_iso":"SYR","city_id":4460,"log_pop":2.623065159,"log_mass":5.0484547882},{"country_iso":"SYR","city_id":4460,"log_pop":3.2692054165,"log_mass":5.5847528289},{"country_iso":"SYR","city_id":4460,"log_pop":2.0284207485,"log_mass":4.5630170727},{"country_iso":"SYR","city_id":4460,"log_pop":4.0711811196,"log_mass":6.4047499643},{"country_iso":"SYR","city_id":4460,"log_pop":1.9654079573,"log_mass":4.1691648406},{"country_iso":"SYR","city_id":4460,"log_pop":3.8297014492,"log_mass":6.1268840305},{"country_iso":"SYR","city_id":4460,"log_pop":1.8908292152,"log_mass":4.4099281124},{"country_iso":"SYR","city_id":4658,"log_pop":2.5759835851,"log_mass":5.0262339541},{"country_iso":"SYR","city_id":4658,"log_pop":3.8714494451,"log_mass":6.212140505},{"country_iso":"SYR","city_id":4658,"log_pop":3.4977402722,"log_mass":5.8591468374},{"country_iso":"SYR","city_id":4658,"log_pop":0.3015339367,"log_mass":3.2738826655},{"country_iso":"SYR","city_id":4658,"log_pop":3.3960934253,"log_mass":5.7217786712},{"country_iso":"SYR","city_id":4658,"log_pop":2.7399909593,"log_mass":5.003817367},{"country_iso":"SYR","city_id":4658,"log_pop":4.2053262489,"log_mass":6.5260432924},{"country_iso":"SYR","city_id":4658,"log_pop":3.4731749099,"log_mass":5.9810546951},{"country_iso":"SYR","city_id":4658,"log_pop":3.6441332839,"log_mass":6.0045208512},{"country_iso":"SYR","city_id":4344,"log_pop":1.7071882196,"log_mass":3.702293549},{"country_iso":"SYR","city_id":4344,"log_pop":3.0998461682,"log_mass":5.2834965233},{"country_iso":"SYR","city_id":4344,"log_pop":3.6333466219,"log_mass":5.918059317},{"country_iso":"SYR","city_id":4344,"log_pop":4.1334472137,"log_mass":6.4009389025},{"country_iso":"SYR","city_id":4344,"log_pop":3.3436508368,"log_mass":5.5420437681},{"country_iso":"SYR","city_id":4344,"log_pop":3.007392163,"log_mass":5.1893335248},{"country_iso":"SYR","city_id":4344,"log_pop":2.0343706816,"log_mass":3.9459102356},{"country_iso":"SYR","city_id":4344,"log_pop":2.7969989388,"log_mass":4.893206347},{"country_iso":"SYR","city_id":4344,"log_pop":3.5247199689,"log_mass":5.7177644415},{"country_iso":"SYR","city_id":4540,"log_pop":3.8766656764,"log_mass":6.0510652577},{"country_iso":"SYR","city_id":4540,"log_pop":2.7598506125,"log_mass":5.0297070155},{"country_iso":"SYR","city_id":4540,"log_pop":3.0012181916,"log_mass":5.1493415204},{"country_iso":"SYR","city_id":4540,"log_pop":4.1297524489,"log_mass":6.2944294574},{"country_iso":"SYR","city_id":4540,"log_pop":4.1968647021,"log_mass":6.3427645277},{"country_iso":"SYR","city_id":4540,"log_pop":3.1969576754,"log_mass":5.4414888724},{"country_iso":"SYR","city_id":4540,"log_pop":3.5626805016,"log_mass":5.9239827196},{"country_iso":"SYR","city_id":4540,"log_pop":0.1076983764,"log_mass":3.1726661672},{"country_iso":"SYR","city_id":4391,"log_pop":2.7854438473,"log_mass":5.2670137007},{"country_iso":"SYR","city_id":4391,"log_pop":2.271855168,"log_mass":4.4624948605},{"country_iso":"SYR","city_id":4391,"log_pop":3.7685937938,"log_mass":5.9604671867},{"country_iso":"SYR","city_id":4391,"log_pop":3.349038237,"log_mass":5.5461020534},{"country_iso":"SYR","city_id":4391,"log_pop":2.2633668053,"log_mass":4.3104484},{"country_iso":"SYR","city_id":4391,"log_pop":3.8465387751,"log_mass":6.0662905274},{"country_iso":"SYR","city_id":4391,"log_pop":0.7575991269,"log_mass":3.156690909},{"country_iso":"SYR","city_id":4391,"log_pop":4.2477708882,"log_mass":6.4816410123},{"country_iso":"SYR","city_id":4401,"log_pop":2.3876689434,"log_mass":4.5647227494},{"country_iso":"SYR","city_id":4401,"log_pop":3.1948664065,"log_mass":5.454314463},{"country_iso":"SYR","city_id":4401,"log_pop":1.6303768161,"log_mass":4.0296814113},{"country_iso":"SYR","city_id":4401,"log_pop":3.627675995,"log_mass":5.9474162434},{"country_iso":"SYR","city_id":4401,"log_pop":3.209691185,"log_mass":5.5289932841},{"country_iso":"SYR","city_id":4401,"log_pop":1.547407894,"log_mass":4.1085568388},{"country_iso":"SYR","city_id":4401,"log_pop":3.6947922433,"log_mass":6.0049638724},{"country_iso":"SYR","city_id":4401,"log_pop":3.794081095,"log_mass":6.1829947889},{"country_iso":"SYR","city_id":4703,"log_pop":3.7452642362,"log_mass":5.8409274479},{"country_iso":"SYR","city_id":4703,"log_pop":2.6906550361,"log_mass":4.5232710659},{"country_iso":"SYR","city_id":4703,"log_pop":2.5140958747,"log_mass":4.916657326},{"country_iso":"SYR","city_id":4703,"log_pop":1.4908422425,"log_mass":4.2807451758},{"country_iso":"SYR","city_id":4703,"log_pop":2.496356208,"log_mass":4.6607161541},{"country_iso":"SYR","city_id":4703,"log_pop":3.262151819,"log_mass":5.3352967338},{"country_iso":"SYR","city_id":4456,"log_pop":3.4246571947,"log_mass":5.5634569615},{"country_iso":"SYR","city_id":4456,"log_pop":4.0690840981,"log_mass":6.3025451921},{"country_iso":"SYR","city_id":4456,"log_pop":3.0864676213,"log_mass":5.062645966},{"country_iso":"SYR","city_id":4456,"log_pop":2.8012361113,"log_mass":5.2195751525},{"country_iso":"SYR","city_id":4456,"log_pop":2.2895978547,"log_mass":4.5673193577},{"country_iso":"SYR","city_id":4456,"log_pop":2.9739342573,"log_mass":5.0927920296},{"country_iso":"SYR","city_id":4429,"log_pop":4.0521257929,"log_mass":6.3485098996},{"country_iso":"SYR","city_id":4429,"log_pop":2.9178469595,"log_mass":5.1135360711},{"country_iso":"SYR","city_id":4429,"log_pop":-0.2317778327,"log_mass":2.6317224784},{"country_iso":"SYR","city_id":4429,"log_pop":3.6124500148,"log_mass":5.9421954143},{"country_iso":"SYR","city_id":4429,"log_pop":3.9648100183,"log_mass":6.2588968927},{"country_iso":"SYR","city_id":4429,"log_pop":3.3787126245,"log_mass":5.7109578222},{"country_iso":"SYR","city_id":4508,"log_pop":4.0578176411,"log_mass":6.2259273661},{"country_iso":"SYR","city_id":4508,"log_pop":3.6953567838,"log_mass":5.8510062027},{"country_iso":"SYR","city_id":4508,"log_pop":3.2384288432,"log_mass":5.5408808602},{"country_iso":"SYR","city_id":4803,"log_pop":2.5494940757,"log_mass":5.235490931},{"country_iso":"SYR","city_id":4803,"log_pop":-0.4694180157,"log_mass":3.6668658546},{"country_iso":"SYR","city_id":4803,"log_pop":2.825045476,"log_mass":5.7356431782},{"country_iso":"SYR","city_id":4747,"log_pop":3.6509788512,"log_mass":5.7151536224},{"country_iso":"SYR","city_id":4747,"log_pop":3.6137692761,"log_mass":5.8558486039}]