[{"country_iso": "ZMB", "city_id": 3798, "log_pop": 2.056282, "log_mass": 4.531131}, {"country_iso": "ZMB", "city_id": 3798, "log_pop": 2.809287, "log_mass": 4.816423}, {"country_iso": "ZMB", "city_id": 3822, "log_pop": 3.448061, "log_mass": 6.019826}, {"country_iso": "ZMB", "city_id": 3811, "log_pop": 3.666321, "log_mass": 5.991808}, {"country_iso": "ZMB", "city_id": 3798, "log_pop": 3.676241, "log_mass": 5.725552}, {"country_iso": "ZMB", "city_id": 3811, "log_pop": 3.747854, "log_mass": 6.118521}, {"country_iso": "ZMB", "city_id": 3798, "log_pop": 3.846901, "log_mass": 5.848374}, {"country_iso": "ZMB", "city_id": 3822, "log_pop": 3.772693, "log_mass": 6.309816}, {"country_iso": "ZMB", "city_id": 3798, "log_pop": 3.686063, "log_mass": 5.881392}, {"country_iso": "ZMB", "city_id": 3798, "log_pop": 1.651992, "log_mass": 4.475614}, {"country_iso": "ZMB", "city_id": 3859, "log_pop": 3.790324, "log_mass": 6.0546}, {"country_iso": "ZMB", "city_id": 3811, "log_pop": 3.886987, "log_mass": 6.174331}, {"country_iso": "ZMB", "city_id": 3859, "log_pop": 4.114886, "log_mass": 6.375351}, {"country_iso": "ZMB", "city_id": 3786, "log_pop": 3.860934, "log_mass": 6.263944}, {"country_iso": "ZMB", "city_id": 3859, "log_pop": 3.426245, "log_mass": 5.9385}, {"country_iso": "ZMB", "city_id": 3811, "log_pop": 4.061635, "log_mass": 6.511149}, {"country_iso": "ZMB", "city_id": 3798, "log_pop": 3.024892, "log_mass": 5.063371}, {"country_iso": "ZMB", "city_id": 3811, "log_pop": 4.157879, "log_mass": 6.370474}, {"country_iso": "ZMB", "city_id": 4432, "log_pop": 2.524205, "log_mass": 4.833857}, {"country_iso": "ZMB", "city_id": 3859, "log_pop": 3.283959, "log_mass": 5.535731}, {"country_iso": "ZMB", "city_id": 3822, "log_pop": 0.758157, "log_mass": 4.155814}, {"country_iso": "ZMB", "city_id": 3859, "log_pop": 3.987104, "log_mass": 6.521212}, {"country_iso": "ZMB", "city_id": 3859, "log_pop": 2.084663, "log_mass": 4.503528}, {"country_iso": "ZMB", "city_id": 3859, "log_pop": 2.708119, "log_mass": 5.290835}, {"country_iso": "ZMB", "city_id": 3798, "log_pop": 4.778945, "log_mass": 6.605825}, {"country_iso": "ZMB", "city_id": 3822, "log_pop": 3.523418, "log_mass": 6.055899}, {"country_iso": "ZMB", "city_id": 3798, "log_pop": 4.572821, "log_mass": 6.692789}, {"country_iso": "ZMB", "city_id": 3786, "log_pop": 3.696017, "log_mass": 6.353502}, {"country_iso": "ZMB", "city_id": 3811, "log_pop": 2.998793, "log_mass": 5.570876}, {"country_iso": "ZMB", "city_id": 3798, "log_pop": 4.463119, "log_mass": 6.544849}, {"country_iso": "ZMB", "city_id": 3811, "log_pop": 4.14031, "log_mass": 6.41822}, {"country_iso": "ZMB", "city_id": 3798, "log_pop": 4.272473, "log_mass": 6.439088}, {"country_iso": "ZMB", "city_id": 3798, "log_pop": 3.564681, "log_mass": 5.547817}, {"country_iso": "ZMB", "city_id": 3798, "log_pop": 4.069171, "log_mass": 6.129557}, {"country_iso": "ZMB", "city_id": 4432, "log_pop": 2.162933, "log_mass": 4.481921}, {"country_iso": "ZMB", "city_id": 3859, "log_pop": 4.191114, "log_mass": 6.436548}, {"country_iso": "ZMB", "city_id": 3798, "log_pop": 4.170328, "log_mass": 6.239232}, {"country_iso": "ZMB", "city_id": 3798, "log_pop": 4.3273, "log_mass": 6.370843}, {"country_iso": "ZMB", "city_id": 3786, "log_pop": 3.364102, "log_mass": 5.872656}, {"country_iso": "ZMB", "city_id": 3798, "log_pop": 0.614589, "log_mass": 2.981953}, {"country_iso": "ZMB", "city_id": 3811, "log_pop": 3.700064, "log_mass": 5.948721}, {"country_iso": "ZMB", "city_id": 3859, "log_pop": 3.853279, "log_mass": 6.136579}, {"country_iso": "ZMB", "city_id": 3798, "log_pop": 4.58963, "log_mass": 6.68463}, {"country_iso": "ZMB", "city_id": 3822, "log_pop": 3.278071, "log_mass": 5.880738}, {"country_iso": "ZMB", "city_id": 3798, "log_pop": 4.162632, "log_mass": 6.22442}, {"country_iso": "ZMB", "city_id": 3798, "log_pop": 4.295979, "log_mass": 6.600501}, {"country_iso": "ZMB", "city_id": 3811, "log_pop": 3.283158, "log_mass": 5.773601}, {"country_iso": "ZMB", "city_id": 3798, "log_pop": 4.08028, "log_mass": 5.760421}, {"country_iso": "ZMB", "city_id": 3859, "log_pop": 3.925895, "log_mass": 6.37801}, {"country_iso": "ZMB", "city_id": 3798, "log_pop": 4.530139, "log_mass": 6.580304}, {"country_iso": "ZMB", "city_id": 3798, "log_pop": 4.30595, "log_mass": 6.200974}, {"country_iso": "ZMB", "city_id": 3798, "log_pop": 0.957916, "log_mass": 3.772494}, {"country_iso": "ZMB", "city_id": 3859, "log_pop": 4.006649, "log_mass": 6.459447}, {"country_iso": "ZMB", "city_id": 3786, "log_pop": 3.090544, "log_mass": 5.56597}, {"country_iso": "ZMB", "city_id": 3798, "log_pop": 4.412164, "log_mass": 6.442564}, {"country_iso": "ZMB", "city_id": 3859, "log_pop": 3.320583, "log_mass": 5.638947}, {"country_iso": "ZMB", "city_id": 3811, "log_pop": 2.956964, "log_mass": 5.429833}, {"country_iso": "ZMB", "city_id": 3798, "log_pop": 4.186981, "log_mass": 6.22553}, {"country_iso": "ZMB", "city_id": 3798, "log_pop": 4.090061, "log_mass": 6.244846}, {"country_iso": "ZMB", "city_id": 3811, "log_pop": 2.978255, "log_mass": 5.514353}, {"country_iso": "ZMB", "city_id": 3811, "log_pop": 3.255877, "log_mass": 5.604583}, {"country_iso": "ZMB", "city_id": 3859, "log_pop": 0.631982, "log_mass": 3.324387}, {"country_iso": "ZMB", "city_id": 3798, "log_pop": 4.202954, "log_mass": 6.360764}, {"country_iso": "ZMB", "city_id": 3811, "log_pop": 3.24852, "log_mass": 5.714851}, {"country_iso": "ZMB", "city_id": 3786, "log_pop": 1.108165, "log_mass": 3.98305}, {"country_iso": "ZMB", "city_id": 3798, "log_pop": 4.664673, "log_mass": 6.466767}, {"country_iso": "ZMB", "city_id": 3786, "log_pop": 3.883996, "log_mass": 6.552767}, {"country_iso": "ZMB", "city_id": 3859, "log_pop": 2.261239, "log_mass": 4.714936}, {"country_iso": "ZMB", "city_id": 3798, "log_pop": 4.020897, "log_mass": 6.154516}, {"country_iso": "ZMB", "city_id": 3798, "log_pop": 4.190221, "log_mass": 6.57815}, {"country_iso": "ZMB", "city_id": 3859, "log_pop": 3.978547, "log_mass": 6.220504}, {"country_iso": "ZMB", "city_id": 3798, "log_pop": 2.442065, "log_mass": 5.423911}, {"country_iso": "ZMB", "city_id": 3798, "log_pop": 3.75818, "log_mass": 6.00554}, {"country_iso": "ZMB", "city_id": 3786, "log_pop": 4.143162, "log_mass": 6.539107}, {"country_iso": "ZMB", "city_id": 3811, "log_pop": 3.811273, "log_mass": 5.993382}, {"country_iso": "ZMB", "city_id": 3798, "log_pop": 1.200261, "log_mass": 4.425324}, {"country_iso": "ZMB", "city_id": 3811, "log_pop": 3.939939, "log_mass": 6.456397}, {"country_iso": "ZMB", "city_id": 3811, "log_pop": 3.726902, "log_mass": 5.997532}, {"country_iso": "ZMB", "city_id": 3798, "log_pop": 4.44269, "log_mass": 6.260615}, {"country_iso": "ZMB", "city_id": 3859, "log_pop": 2.340718, "log_mass": 4.737022}, {"country_iso": "ZMB", "city_id": 3859, "log_pop": 3.583037, "log_mass": 6.113279}, {"country_iso": "ZMB", "city_id": 3798, "log_pop": 3.98691, "log_mass": 6.153951}, {"country_iso": "ZMB", "city_id": 3822, "log_pop": 3.899069, "log_mass": 6.269884}, {"country_iso": "ZMB", "city_id": 3822, "log_pop": 3.690954, "log_mass": 6.083766}, {"country_iso": "ZMB", "city_id": 3822, "log_pop": 0.756349, "log_mass": 4.222049}, {"country_iso": "ZMB", "city_id": 3811, "log_pop": 0.80854, "log_mass": 4.660593}, {"country_iso": "ZMB", "city_id": 3798, "log_pop": 2.947388, "log_mass": 5.499367}, {"country_iso": "ZMB", "city_id": 3822, "log_pop": 2.86868, "log_mass": 5.290124}, {"country_iso": "ZMB", "city_id": 3798, "log_pop": 4.756439, "log_mass": 6.704587}, {"country_iso": "ZMB", "city_id": 4432, "log_pop": 4.124287, "log_mass": 6.419533}, {"country_iso": "ZMB", "city_id": 3798, "log_pop": 4.566412, "log_mass": 6.719764}, {"country_iso": "ZMB", "city_id": 3811, "log_pop": 3.988698, "log_mass": 6.499552}, {"country_iso": "ZMB", "city_id": 3798, "log_pop": 4.601991, "log_mass": 6.481977}, {"country_iso": "ZMB", "city_id": 3786, "log_pop": 3.783894, "log_mass": 6.356784}, {"country_iso": "ZMB", "city_id": 3786, "log_pop": 3.365099, "log_mass": 5.929723}, {"country_iso": "ZMB", "city_id": 3811, "log_pop": 1.691419, "log_mass": 4.174199}, {"country_iso": "ZMB", "city_id": 3798, "log_pop": 4.479026, "log_mass": 6.779009}, {"country_iso": "ZMB", "city_id": 3798, "log_pop": 4.194495, "log_mass": 5.99777}, {"country_iso": "ZMB", "city_id": 3798, "log_pop": 4.583802, "log_mass": 6.386811}, {"country_iso": "ZMB", "city_id": 3786, "log_pop": 3.723747, "log_mass": 6.323391}, {"country_iso": "ZMB", "city_id": 4432, "log_pop": 3.485183, "log_mass": 5.84947}, {"country_iso": "ZMB", "city_id": 3798, "log_pop": 4.533879, "log_mass": 6.681623}, {"country_iso": "ZMB", "city_id": 4432, "log_pop": 1.616931, "log_mass": 4.14267}, {"country_iso": "ZMB", "city_id": 3811, "log_pop": 4.228467, "log_mass": 6.389964}, {"country_iso": "ZMB", "city_id": 3859, "log_pop": 3.52318, "log_mass": 6.035559}, {"country_iso": "ZMB", "city_id": 3798, "log_pop": 3.328194, "log_mass": 5.505644}, {"country_iso": "ZMB", "city_id": 3859, "log_pop": 4.320448, "log_mass": 6.568074}, {"country_iso": "ZMB", "city_id": 3798, "log_pop": 3.315685, "log_mass": 5.807258}, {"country_iso": "ZMB", "city_id": 3811, "log_pop": 4.224691, "log_mass": 6.477843}, {"country_iso": "ZMB", "city_id": 3811, "log_pop": 2.685841, "log_mass": 5.242034}, {"country_iso": "ZMB", "city_id": 3822, "log_pop": 3.692781, "log_mass": 6.255889}, {"country_iso": "ZMB", "city_id": 3822, "log_pop": 3.842717, "log_mass": 6.298346}, {"country_iso": "ZMB", "city_id": 3811, "log_pop": 3.767642, "log_mass": 6.263876}, {"country_iso": "ZMB", "city_id": 3811, "log_pop": 3.064389, "log_mass": 5.327861}, {"country_iso": "ZMB", "city_id": 3859, "log_pop": 3.381097, "log_mass": 5.966601}, {"country_iso": "ZMB", "city_id": 3811, "log_pop": 3.93272, "log_mass": 6.221221}, {"country_iso": "ZMB", "city_id": 3786, "log_pop": 3.290722, "log_mass": 6.112388}, {"country_iso": "ZMB", "city_id": 3798, "log_pop": 3.649478, "log_mass": 6.196156}, {"country_iso": "ZMB", "city_id": 3798, "log_pop": 4.480275, "log_mass": 6.633974}, {"country_iso": "ZMB", "city_id": 3798, "log_pop": 3.03339, "log_mass": 5.516319}, {"country_iso": "ZMB", "city_id": 3822, "log_pop": 3.77378, "log_mass": 6.108522}, {"country_iso": "ZMB", "city_id": 3798, "log_pop": 4.293967, "log_mass": 6.288967}, {"country_iso": "ZMB", "city_id": 3798, "log_pop": 4.065913, "log_mass": 6.497837}, {"country_iso": "ZMB", "city_id": 3822, "log_pop": 3.51794, "log_mass": 6.1134}, {"country_iso": "ZMB", "city_id": 3859, "log_pop": 3.173866, "log_mass": 5.741371}, {"country_iso": "ZMB", "city_id": 4432, "log_pop": 3.755126, "log_mass": 5.907035}, {"country_iso": "ZMB", "city_id": 3798, "log_pop": 4.768184, "log_mass": 6.543506}, {"country_iso": "ZMB", "city_id": 3859, "log_pop": 1.634698, "log_mass": 4.057161}, {"country_iso": "ZMB", "city_id": 3786, "log_pop": 3.606519, "log_mass": 6.306979}, {"country_iso": "ZMB", "city_id": 3798, "log_pop": 4.554858, "log_mass": 6.656245}, {"country_iso": "ZMB", "city_id": 3859, "log_pop": 1.679851, "log_mass": 4.02415}, {"country_iso": "ZMB", "city_id": 3786, "log_pop": 1.546904, "log_mass": 4.813971}, {"country_iso": "ZMB", "city_id": 3798, "log_pop": 4.498001, "log_mass": 6.574036}, {"country_iso": "ZMB", "city_id": 3798, "log_pop": 4.361277, "log_mass": 6.532045}, {"country_iso": "ZMB", "city_id": 3798, "log_pop": 4.412503, "log_mass": 6.475842}, {"country_iso": "ZMB", "city_id": 3786, "log_pop": 3.820629, "log_mass": 6.261311}, {"country_iso": "ZMB", "city_id": 3811, "log_pop": 2.986934, "log_mass": 5.139249}, {"country_iso": "ZMB", "city_id": 3798, "log_pop": 3.667542, "log_mass": 5.57158}, {"country_iso": "ZMB", "city_id": 3811, "log_pop": 4.082743, "log_mass": 6.402962}, {"country_iso": "ZMB", "city_id": 4432, "log_pop": 4.204829, "log_mass": 6.227146}, {"country_iso": "ZMB", "city_id": 3786, "log_pop": 3.168869, "log_mass": 5.904827}, {"country_iso": "ZMB", "city_id": 3811, "log_pop": 3.938496, "log_mass": 6.405795}, {"country_iso": "ZMB", "city_id": 3822, "log_pop": 3.309939, "log_mass": 5.74929}, {"country_iso": "ZMB", "city_id": 3859, "log_pop": 4.182502, "log_mass": 6.534445}, {"country_iso": "ZMB", "city_id": 3811, "log_pop": 3.470668, "log_mass": 5.824131}, {"country_iso": "ZMB", "city_id": 4432, "log_pop": 2.067942, "log_mass": 4.957799}, {"country_iso": "ZMB", "city_id": 3798, "log_pop": 4.149877, "log_mass": 5.996111}, {"country_iso": "ZMB", "city_id": 3811, "log_pop": 3.459324, "log_mass": 6.023412}, {"country_iso": "ZMB", "city_id": 4432, "log_pop": 3.822078, "log_mass": 5.8821}, {"country_iso": "ZMB", "city_id": 3859, "log_pop": 4.086266, "log_mass": 6.436914}, {"country_iso": "ZMB", "city_id": 3811, "log_pop": 4.037974, "log_mass": 6.568948}, {"country_iso": "ZMB", "city_id": 3798, "log_pop": 4.59873, "log_mass": 6.753067}, {"country_iso": "ZMB", "city_id": 3798, "log_pop": 3.032607, "log_mass": 4.962328}, {"country_iso": "ZMB", "city_id": 3798, "log_pop": 4.143762, "log_mass": 6.285611}, {"country_iso": "ZMB", "city_id": 3798, "log_pop": 2.29937, "log_mass": 4.998895}, {"country_iso": "ZMB", "city_id": 3798, "log_pop": 3.63812, "log_mass": 5.974545}, {"country_iso": "ZMB", "city_id": 3798, "log_pop": 4.457731, "log_mass": 6.44963}, {"country_iso": "ZMB", "city_id": 3822, "log_pop": 2.674014, "log_mass": 5.342616}, {"country_iso": "ZMB", "city_id": 3786, "log_pop": 3.84755, "log_mass": 6.358477}, {"country_iso": "ZMB", "city_id": 3798, "log_pop": 4.777313, "log_mass": 6.522048}, {"country_iso": "ZMB", "city_id": 4432, "log_pop": 3.684489, "log_mass": 6.014453}, {"country_iso": "ZMB", "city_id": 3859, "log_pop": 3.799448, "log_mass": 6.36879}, {"country_iso": "ZMB", "city_id": 3786, "log_pop": 4.227597, "log_mass": 6.504166}, {"country_iso": "ZMB", "city_id": 3798, "log_pop": 4.185851, "log_mass": 6.207467}, {"country_iso": "ZMB", "city_id": 3859, "log_pop": 3.283032, "log_mass": 5.873937}, {"country_iso": "ZMB", "city_id": 3798, "log_pop": 3.938722, "log_mass": 6.114885}, {"country_iso": "ZMB", "city_id": 3798, "log_pop": 1.404679, "log_mass": 4.024665}]