[{"country_iso":"SOM","city_id":5765,"log_pop":3.1648912381,"log_mass":4.8587644626},{"country_iso":"SOM","city_id":5765,"log_pop":3.7167536032,"log_mass":5.3492066753},{"country_iso":"SOM","city_id":5765,"log_pop":4.3754194107,"log_mass":6.3540989485},{"country_iso":"SOM","city_id":5765,"log_pop":-0.2333076464,"log_mass":3.307264179},{"country_iso":"SOM","city_id":5765,"log_pop":2.3231975837,"log_mass":5.5853748463},{"country_iso":"SOM","city_id":5765,"log_pop":3.108056406,"log_mass":6.2288247678},{"country_iso":"SOM","city_id":5765,"log_pop":3.6236138497,"log_mass":6.1601798595},{"country_iso":"SOM","city_id":5765,"log_pop":-0.3805088825,"log_mass":4.8272277797},{"country_iso":"SOM","city_id":5765,"log_pop":1.7667844143,"log_mass":3.9195081424},{"country_iso":"SOM","city_id":5765,"log_pop":4.5072179312,"log_mass":6.5145337627},{"country_iso":"SOM","city_id":5765,"log_pop":4.001307506,"log_mass":6.4677292076},{"country_iso":"SOM","city_id":5765,"log_pop":4.3862359756,"log_mass":6.4037740827},{"country_iso":"SOM","city_id":5765,"log_pop":2.1965723077,"log_mass":5.005764736},{"country_iso":"SOM","city_id":5765,"log_pop":4.1661125166,"log_mass":6.3640011112},{"country_iso":"SOM","city_id":5765,"log_pop":4.0320292528,"log_mass":6.0179497339},{"country_iso":"SOM","city_id":5765,"log_pop":4.5246249682,"log_mass":6.501472402},{"country_iso":"SOM","city_id":5765,"log_pop":4.5956495065,"log_mass":6.5340187759},{"country_iso":"SOM","city_id":5765,"log_pop":4.5197331775,"log_mass":6.6027105102},{"country_iso":"SOM","city_id":5765,"log_pop":1.7586418723,"log_mass":4.452927559},{"country_iso":"SOM","city_id":5765,"log_pop":2.6689438102,"log_mass":5.9670346479},{"country_iso":"SOM","city_id":5765,"log_pop":0.6471639809,"log_mass":4.5720308224},{"country_iso":"SOM","city_id":5765,"log_pop":2.2937366981,"log_mass":5.7095245413},{"country_iso":"SOM","city_id":5765,"log_pop":4.3638485888,"log_mass":6.4573104076},{"country_iso":"SOM","city_id":5765,"log_pop":3.2076981349,"log_mass":6.4212025721},{"country_iso":"SOM","city_id":5765,"log_pop":4.2137948093,"log_mass":6.457096041},{"country_iso":"SOM","city_id":5765,"log_pop":3.8082735228,"log_mass":5.2846008494},{"country_iso":"SOM","city_id":5765,"log_pop":4.484799452,"log_mass":6.3540686812},{"country_iso":"SOM","city_id":5765,"log_pop":4.1543346027,"log_mass":6.0197320372},{"country_iso":"SOM","city_id":5765,"log_pop":3.9495291927,"log_mass":5.5748992172},{"country_iso":"SOM","city_id":5685,"log_pop":1.6957041438,"log_mass":5.0111784694},{"country_iso":"SOM","city_id":5685,"log_pop":2.7246469749,"log_mass":5.8263854074},{"country_iso":"SOM","city_id":5685,"log_pop":3.0889637827,"log_mass":6.3573742286},{"country_iso":"SOM","city_id":5685,"log_pop":2.0554340107,"log_mass":5.1204321284},{"country_iso":"SOM","city_id":5685,"log_pop":3.0694586712,"log_mass":6.1953894274},{"country_iso":"SOM","city_id":5685,"log_pop":3.1221599782,"log_mass":6.4195304223},{"country_iso":"SOM","city_id":5685,"log_pop":0.5697604229,"log_mass":4.0299205669},{"country_iso":"SOM","city_id":5685,"log_pop":1.5574328195,"log_mass":5.0091863949},{"country_iso":"SOM","city_id":5685,"log_pop":1.8847374083,"log_mass":5.0450988938},{"country_iso":"SOM","city_id":5685,"log_pop":2.8472604868,"log_mass":6.0533731869},{"country_iso":"SOM","city_id":5685,"log_pop":1.5055253524,"log_mass":4.6979943331},{"country_iso":"SOM","city_id":5685,"log_pop":1.2600690533,"log_mass":4.4974933937},{"country_iso":"SOM","city_id":5685,"log_pop":3.010275205,"log_mass":6.1552617905},{"country_iso":"SOM","city_id":5685,"log_pop":1.967999814,"log_mass":4.9050136967},{"country_iso":"SOM","city_id":5685,"log_pop":2.6659422889,"log_mass":5.741123991},{"country_iso":"SOM","city_id":5685,"log_pop":2.3722211865,"log_mass":5.6398301067},{"country_iso":"SOM","city_id":5685,"log_pop":3.067311538,"log_mass":6.307412957},{"country_iso":"SOM","city_id":5685,"log_pop":2.4984458898,"log_mass":5.4617700253},{"country_iso":"SOM","city_id":5685,"log_pop":3.0796099662,"log_mass":6.3462049229},{"country_iso":"SOM","city_id":5742,"log_pop":1.2012869118,"log_mass":4.3572160419},{"country_iso":"SOM","city_id":5742,"log_pop":1.2248155147,"log_mass":4.1838402247},{"country_iso":"SOM","city_id":5742,"log_pop":1.6546167784,"log_mass":4.5940800647},{"country_iso":"SOM","city_id":5742,"log_pop":1.5544882483,"log_mass":4.379826634},{"country_iso":"SOM","city_id":5742,"log_pop":2.511564422,"log_mass":5.4520064171},{"country_iso":"SOM","city_id":5742,"log_pop":0.4294222117,"log_mass":3.0709750414},{"country_iso":"SOM","city_id":5742,"log_pop":1.4491318778,"log_mass":4.4722419778},{"country_iso":"SOM","city_id":5742,"log_pop":2.2905257806,"log_mass":5.3303191926},{"country_iso":"SOM","city_id":5742,"log_pop":2.7038618765,"log_mass":5.6484202211},{"country_iso":"SOM","city_id":5837,"log_pop":-0.0949439076,"log_mass":3.8679804582},{"country_iso":"SOM","city_id":5837,"log_pop":-0.4935549444,"log_mass":3.5177923486},{"country_iso":"SOM","city_id":5837,"log_pop":2.1572911552,"log_mass":6.3096484196},{"country_iso":"SOM","city_id":5837,"log_pop":1.8685376086,"log_mass":6.0000413592},{"country_iso":"SOM","city_id":5837,"log_pop":-0.3720972705,"log_mass":3.8835422745},{"country_iso":"SOM","city_id":5837,"log_pop":1.8078194185,"log_mass":5.7917624094},{"country_iso":"SOM","city_id":5837,"log_pop":0.6027325327,"log_mass":4.6522920801},{"country_iso":"SOM","city_id":5837,"log_pop":1.7507955374,"log_mass":5.7376265705},{"country_iso":"SOM","city_id":5572,"log_pop":1.1067278162,"log_mass":4.4925931863},{"country_iso":"SOM","city_id":5572,"log_pop":2.3895353707,"log_mass":5.8546640169},{"country_iso":"SOM","city_id":5572,"log_pop":0.8567195474,"log_mass":4.0540710644},{"country_iso":"SOM","city_id":5572,"log_pop":0.0723586314,"log_mass":3.4021054262},{"country_iso":"SOM","city_id":5572,"log_pop":2.7906157879,"log_mass":6.3456934539},{"country_iso":"SOM","city_id":5572,"log_pop":2.0653564067,"log_mass":5.511329215},{"country_iso":"SOM","city_id":5762,"log_pop":1.4396876686,"log_mass":5.2934513594},{"country_iso":"SOM","city_id":5762,"log_pop":2.1662599045,"log_mass":5.8053751885},{"country_iso":"SOM","city_id":5762,"log_pop":0.1190159991,"log_mass":4.0620775239},{"country_iso":"SOM","city_id":5762,"log_pop":1.8542692807,"log_mass":5.3004262339},{"country_iso":"SOM","city_id":5762,"log_pop":2.4773922907,"log_mass":6.1856630558},{"country_iso":"SOM","city_id":5762,"log_pop":2.2252886864,"log_mass":5.7765564812},{"country_iso":"SOM","city_id":5596,"log_pop":1.6785893656,"log_mass":5.3857744333},{"country_iso":"SOM","city_id":5596,"log_pop":0.4004065786,"log_mass":3.5108695437},{"country_iso":"SOM","city_id":5596,"log_pop":2.6091969311,"log_mass":6.0960653381},{"country_iso":"SOM","city_id":5596,"log_pop":-0.0454789282,"log_mass":5.1085610313},{"country_iso":"SOM","city_id":5596,"log_pop":0.0354408156,"log_mass":4.9547755966},{"country_iso":"SOM","city_id":5739,"log_pop":2.2418992365,"log_mass":5.2689172733},{"country_iso":"SOM","city_id":5739,"log_pop":1.281232281,"log_mass":4.2563321761},{"country_iso":"SOM","city_id":5739,"log_pop":1.8457475843,"log_mass":4.5387792516},{"country_iso":"SOM","city_id":5739,"log_pop":1.7136547306,"log_mass":4.6045311273},{"country_iso":"SOM","city_id":5739,"log_pop":1.825926831,"log_mass":4.5333016533},{"country_iso":"SOM","city_id":5680,"log_pop":1.7208429268,"log_mass":5.7426221066},{"country_iso":"SOM","city_id":5680,"log_pop":0.2517553187,"log_mass":4.1154334084},{"country_iso":"SOM","city_id":5680,"log_pop":1.2595941969,"log_mass":5.4849158714},{"country_iso":"SOM","city_id":5680,"log_pop":1.7123722994,"log_mass":5.4797414367},{"country_iso":"SOM","city_id":5732,"log_pop":0.5407963863,"log_mass":4.1710443282},{"country_iso":"SOM","city_id":5732,"log_pop":0.4898922484,"log_mass":3.9475288824},{"country_iso":"SOM","city_id":5732,"log_pop":0.9822184289,"log_mass":4.0771776573},{"country_iso":"SOM","city_id":5809,"log_pop":-0.2866063473,"log_mass":4.0002441218},{"country_iso":"SOM","city_id":5809,"log_pop":0.9606061402,"log_mass":5.0446380856},{"country_iso":"SOM","city_id":5809,"log_pop":1.0419931384,"log_mass":5.1472182987},{"country_iso":"SOM","city_id":5709,"log_pop":0.5187587305,"log_mass":3.8722335639},{"country_iso":"SOM","city_id":5709,"log_pop":1.1446574797,"log_mass":4.8115914477},{"country_iso":"SOM","city_id":5709,"log_pop":2.0883467471,"log_mass":5.9757664494},{"country_iso":"SOM","city_id":5745,"log_pop":-0.3864847515,"log_mass":3.9555257216},{"country_iso":"SOM","city_id":5745,"log_pop":1.0862091649,"log_mass":4.523011913},{"country_iso":"SOM","city_id":5745,"log_pop":0.1117994342,"log_mass":4.2029587065},{"country_iso":"SOM","city_id":5750,"log_pop":0.2349154477,"log_mass":4.7143659075},{"country_iso":"SOM","city_id":5750,"log_pop":0.5775712587,"log_mass":4.2344614883},{"country_iso":"SOM","city_id":5827,"log_pop":0.7862825023,"log_mass":4.8870798992},{"country_iso":"SOM","city_id":5710,"log_pop":1.2353206349,"log_mass":5.2569202023},{"country_iso":"SOM","city_id":5730,"log_pop":0.7369316406,"log_mass":4.7726689015},{"country_iso":"SOM","city_id":5614,"log_pop":-0.0707812677,"log_mass":4.4064079022},{"country_iso":"SOM","city_id":5696,"log_pop":0.3979598886,"log_mass":4.2429142259}]