[{"country_iso":"MDA","city_id":3498,"log_pop":3.9878961443,"log_mass":6.7217272393},{"country_iso":"MDA","city_id":3498,"log_pop":3.3333013939,"log_mass":6.1493481804},{"country_iso":"MDA","city_id":3498,"log_pop":3.7498597792,"log_mass":6.5381177999},{"country_iso":"MDA","city_id":3498,"log_pop":3.5366195269,"log_mass":6.1978892589},{"country_iso":"MDA","city_id":3498,"log_pop":3.9480642325,"log_mass":6.7561671427},{"country_iso":"MDA","city_id":3498,"log_pop":2.3078503257,"log_mass":4.9423038564},{"country_iso":"MDA","city_id":3498,"log_pop":3.889664133,"log_mass":6.6525248962},{"country_iso":"MDA","city_id":3498,"log_pop":2.1989403626,"log_mass":5.1538836908},{"country_iso":"MDA","city_id":3498,"log_pop":3.1343892803,"log_mass":5.8931451698},{"country_iso":"MDA","city_id":3498,"log_pop":3.6919237205,"log_mass":6.5684710405},{"country_iso":"MDA","city_id":3498,"log_pop":0.8030774365,"log_mass":3.4846212791},{"country_iso":"MDA","city_id":3498,"log_pop":3.8463038747,"log_mass":6.539085285},{"country_iso":"MDA","city_id":3498,"log_pop":3.5856065254,"log_mass":6.3621416739},{"country_iso":"MDA","city_id":3498,"log_pop":3.2742001586,"log_mass":6.0198358513},{"country_iso":"MDA","city_id":3498,"log_pop":3.037558166,"log_mass":5.7775981088},{"country_iso":"MDA","city_id":3498,"log_pop":3.8789475677,"log_mass":6.6396007887},{"country_iso":"MDA","city_id":3498,"log_pop":-0.5738004628,"log_mass":2.2541018047},{"country_iso":"MDA","city_id":3498,"log_pop":3.3277382827,"log_mass":5.9691608648},{"country_iso":"MDA","city_id":3498,"log_pop":2.7743809211,"log_mass":5.3519668997},{"country_iso":"MDA","city_id":3498,"log_pop":3.6803973342,"log_mass":6.377491343},{"country_iso":"MDA","city_id":3498,"log_pop":3.7613192336,"log_mass":6.5304813446},{"country_iso":"MDA","city_id":3498,"log_pop":1.4837144907,"log_mass":4.0009215997},{"country_iso":"MDA","city_id":3498,"log_pop":0.2038532692,"log_mass":3.3647845579},{"country_iso":"MDA","city_id":3498,"log_pop":3.3606467546,"log_mass":6.0320839012},{"country_iso":"MDA","city_id":3498,"log_pop":3.6889591745,"log_mass":6.5084348285},{"country_iso":"MDA","city_id":3498,"log_pop":3.5323297349,"log_mass":6.3410957046},{"country_iso":"MDA","city_id":3498,"log_pop":1.7422159921,"log_mass":4.3604130612},{"country_iso":"MDA","city_id":3498,"log_pop":2.0509680211,"log_mass":4.7066935282},{"country_iso":"MDA","city_id":3498,"log_pop":3.8137769152,"log_mass":6.6774108162},{"country_iso":"MDA","city_id":3498,"log_pop":3.9818528631,"log_mass":6.8670387306},{"country_iso":"MDA","city_id":3498,"log_pop":3.6384907406,"log_mass":6.3683276026},{"country_iso":"MDA","city_id":3498,"log_pop":3.895681942,"log_mass":6.6258059274},{"country_iso":"MDA","city_id":3498,"log_pop":3.8644862404,"log_mass":6.6136921415},{"country_iso":"MDA","city_id":3498,"log_pop":3.9607054157,"log_mass":6.8037138371},{"country_iso":"MDA","city_id":3498,"log_pop":3.8086819516,"log_mass":6.5922675131},{"country_iso":"MDA","city_id":3498,"log_pop":3.1878509306,"log_mass":5.9668340748},{"country_iso":"MDA","city_id":3498,"log_pop":3.165481313,"log_mass":5.9080800144},{"country_iso":"MDA","city_id":3498,"log_pop":2.9278939448,"log_mass":5.77110204},{"country_iso":"MDA","city_id":3498,"log_pop":0.9246597857,"log_mass":3.9228690535},{"country_iso":"MDA","city_id":3498,"log_pop":3.4537971186,"log_mass":6.1601219453},{"country_iso":"MDA","city_id":3537,"log_pop":1.3077415172,"log_mass":5.0524631293},{"country_iso":"MDA","city_id":3537,"log_pop":3.3042611032,"log_mass":5.9613896942},{"country_iso":"MDA","city_id":3537,"log_pop":1.0984077063,"log_mass":4.3189570822},{"country_iso":"MDA","city_id":3537,"log_pop":2.6873074815,"log_mass":5.8843414716},{"country_iso":"MDA","city_id":3537,"log_pop":3.1521351191,"log_mass":6.191785104},{"country_iso":"MDA","city_id":3537,"log_pop":4.152615013,"log_mass":6.5265773495},{"country_iso":"MDA","city_id":3537,"log_pop":4.2916820008,"log_mass":6.7756813257},{"country_iso":"MDA","city_id":3537,"log_pop":2.8965649355,"log_mass":6.0664926962},{"country_iso":"MDA","city_id":3537,"log_pop":3.2106764087,"log_mass":6.1511757893},{"country_iso":"MDA","city_id":3537,"log_pop":2.4743476444,"log_mass":4.9356323654},{"country_iso":"MDA","city_id":3537,"log_pop":3.9833936163,"log_mass":6.588283218},{"country_iso":"MDA","city_id":3537,"log_pop":2.937582148,"log_mass":6.3473641325},{"country_iso":"MDA","city_id":3537,"log_pop":1.8059084725,"log_mass":5.2086710751},{"country_iso":"MDA","city_id":3537,"log_pop":2.9686730402,"log_mass":5.312774447},{"country_iso":"MDA","city_id":3537,"log_pop":4.2338890019,"log_mass":6.6594004483},{"country_iso":"MDA","city_id":3537,"log_pop":1.672824641,"log_mass":4.8972307185},{"country_iso":"MDA","city_id":3537,"log_pop":1.0950160186,"log_mass":3.3937169789},{"country_iso":"MDA","city_id":3537,"log_pop":4.0875682929,"log_mass":6.4869486275},{"country_iso":"MDA","city_id":3468,"log_pop":2.3833769448,"log_mass":5.6042977716},{"country_iso":"MDA","city_id":3468,"log_pop":3.5335063982,"log_mass":6.2669914949},{"country_iso":"MDA","city_id":3468,"log_pop":-1.0691289852,"log_mass":1.6926304528},{"country_iso":"MDA","city_id":3468,"log_pop":2.9898312803,"log_mass":5.6497519883},{"country_iso":"MDA","city_id":3468,"log_pop":1.6984600209,"log_mass":4.6075774319},{"country_iso":"MDA","city_id":3468,"log_pop":2.8565750084,"log_mass":5.7864078037},{"country_iso":"MDA","city_id":3468,"log_pop":0.5966546755,"log_mass":4.037263164},{"country_iso":"MDA","city_id":3468,"log_pop":3.814732799,"log_mass":6.4833583773},{"country_iso":"MDA","city_id":3468,"log_pop":3.474232012,"log_mass":6.1455156008},{"country_iso":"MDA","city_id":3468,"log_pop":3.9220389935,"log_mass":6.696462911},{"country_iso":"MDA","city_id":3468,"log_pop":3.8662484057,"log_mass":6.6596466253},{"country_iso":"MDA","city_id":3468,"log_pop":3.677128873,"log_mass":6.3575437253},{"country_iso":"MDA","city_id":3468,"log_pop":3.470029564,"log_mass":6.0911907975},{"country_iso":"MDA","city_id":3468,"log_pop":3.5991617993,"log_mass":6.3566231676},{"country_iso":"MDA","city_id":3534,"log_pop":3.0366212533,"log_mass":5.765165752},{"country_iso":"MDA","city_id":3534,"log_pop":3.7566644791,"log_mass":6.4992292758},{"country_iso":"MDA","city_id":3534,"log_pop":3.6605488663,"log_mass":6.3808711131},{"country_iso":"MDA","city_id":3534,"log_pop":3.5968071212,"log_mass":6.350677206},{"country_iso":"MDA","city_id":3534,"log_pop":2.8620595438,"log_mass":5.5812575076},{"country_iso":"MDA","city_id":3534,"log_pop":3.8407963181,"log_mass":6.5882977543},{"country_iso":"MDA","city_id":3534,"log_pop":1.9180774152,"log_mass":4.6875145},{"country_iso":"MDA","city_id":3534,"log_pop":3.11061997,"log_mass":5.8401400649},{"country_iso":"MDA","city_id":3534,"log_pop":3.0268781972,"log_mass":5.789847036},{"country_iso":"MDA","city_id":3534,"log_pop":3.4415862859,"log_mass":6.2086696658},{"country_iso":"MDA","city_id":3534,"log_pop":3.1607454228,"log_mass":6.008661405},{"country_iso":"MDA","city_id":3501,"log_pop":3.3587828676,"log_mass":6.5975711571},{"country_iso":"MDA","city_id":3501,"log_pop":3.0894748327,"log_mass":6.3311750672},{"country_iso":"MDA","city_id":3501,"log_pop":2.5635346027,"log_mass":5.9529500393},{"country_iso":"MDA","city_id":3501,"log_pop":3.0863290942,"log_mass":6.1932241855},{"country_iso":"MDA","city_id":3501,"log_pop":2.6381538322,"log_mass":5.8265147846},{"country_iso":"MDA","city_id":3501,"log_pop":3.1406213173,"log_mass":6.5122311432},{"country_iso":"MDA","city_id":3501,"log_pop":1.615975533,"log_mass":4.6312739612},{"country_iso":"MDA","city_id":3501,"log_pop":2.5803287288,"log_mass":5.8024736538}]