[{"country_iso":"MRT","city_id":1474,"log_pop":4.0299783172,"log_mass":5.8679580221},{"country_iso":"MRT","city_id":1474,"log_pop":3.3485221949,"log_mass":5.2952094017},{"country_iso":"MRT","city_id":1474,"log_pop":3.6977910506,"log_mass":5.5830721301},{"country_iso":"MRT","city_id":1474,"log_pop":3.7978405384,"log_mass":5.7660641906},{"country_iso":"MRT","city_id":1474,"log_pop":0.9966935841,"log_mass":3.6456831689},{"country_iso":"MRT","city_id":1474,"log_pop":2.8749131556,"log_mass":4.5178950024},{"country_iso":"MRT","city_id":1474,"log_pop":0.2549421493,"log_mass":4.3616800111},{"country_iso":"MRT","city_id":1474,"log_pop":3.8879822783,"log_mass":6.0196520852},{"country_iso":"MRT","city_id":1474,"log_pop":4.1478151042,"log_mass":6.0283483511},{"country_iso":"MRT","city_id":1474,"log_pop":1.2808711142,"log_mass":4.2227371382},{"country_iso":"MRT","city_id":1474,"log_pop":2.983895556,"log_mass":5.458791571},{"country_iso":"MRT","city_id":1474,"log_pop":3.6897603695,"log_mass":5.9788001961},{"country_iso":"MRT","city_id":1474,"log_pop":4.1410628987,"log_mass":6.2710591045},{"country_iso":"MRT","city_id":1474,"log_pop":4.1687348125,"log_mass":6.5141288715},{"country_iso":"MRT","city_id":1474,"log_pop":4.4966542894,"log_mass":6.3813838539},{"country_iso":"MRT","city_id":1474,"log_pop":3.4807713767,"log_mass":5.8635000113},{"country_iso":"MRT","city_id":1474,"log_pop":3.2116031011,"log_mass":5.7534576872},{"country_iso":"MRT","city_id":1474,"log_pop":4.6542272016,"log_mass":6.5295745218},{"country_iso":"MRT","city_id":1474,"log_pop":4.572226603,"log_mass":6.4590722274},{"country_iso":"MRT","city_id":1474,"log_pop":4.8127772863,"log_mass":6.346858189},{"country_iso":"MRT","city_id":1474,"log_pop":4.5778397608,"log_mass":5.8149104036},{"country_iso":"MRT","city_id":1474,"log_pop":3.5926930407,"log_mass":5.9572618257},{"country_iso":"MRT","city_id":1474,"log_pop":2.8765972127,"log_mass":5.2338683462},{"country_iso":"MRT","city_id":1474,"log_pop":2.7913132619,"log_mass":4.6167748396},{"country_iso":"MRT","city_id":1474,"log_pop":4.5494823163,"log_mass":6.32309528},{"country_iso":"MRT","city_id":1474,"log_pop":3.8008159244,"log_mass":6.1111087483},{"country_iso":"MRT","city_id":1474,"log_pop":4.6138216125,"log_mass":6.4916973838},{"country_iso":"MRT","city_id":1474,"log_pop":4.4662767707,"log_mass":6.3109841515},{"country_iso":"MRT","city_id":1474,"log_pop":4.5071186532,"log_mass":5.8279604949},{"country_iso":"MRT","city_id":1474,"log_pop":4.8601220666,"log_mass":6.454844146},{"country_iso":"MRT","city_id":1474,"log_pop":3.3612902796,"log_mass":5.1984632498},{"country_iso":"MRT","city_id":1474,"log_pop":1.5214900428,"log_mass":4.1917324007},{"country_iso":"MRT","city_id":1474,"log_pop":3.7599372996,"log_mass":5.6685492497},{"country_iso":"MRT","city_id":1474,"log_pop":4.3875164441,"log_mass":6.2642009084},{"country_iso":"MRT","city_id":1474,"log_pop":3.6977946803,"log_mass":5.6351330479},{"country_iso":"MRT","city_id":1474,"log_pop":2.5584044714,"log_mass":4.6848738913},{"country_iso":"MRT","city_id":1474,"log_pop":4.2807407258,"log_mass":6.1655674386},{"country_iso":"MRT","city_id":1459,"log_pop":-0.8544149222,"log_mass":3.4605732012},{"country_iso":"MRT","city_id":1459,"log_pop":3.5213922985,"log_mass":5.7020221691},{"country_iso":"MRT","city_id":1459,"log_pop":3.3304365246,"log_mass":5.5894342082},{"country_iso":"MRT","city_id":1459,"log_pop":3.8280546257,"log_mass":5.9117484886},{"country_iso":"MRT","city_id":1459,"log_pop":3.4275292144,"log_mass":5.6304507722},{"country_iso":"MRT","city_id":1459,"log_pop":2.7394171546,"log_mass":5.4033205134},{"country_iso":"MRT","city_id":1459,"log_pop":2.2434342172,"log_mass":4.5830165454},{"country_iso":"MRT","city_id":1459,"log_pop":2.5137457307,"log_mass":4.6630851609},{"country_iso":"MRT","city_id":1508,"log_pop":2.2010702139,"log_mass":4.9208829051},{"country_iso":"MRT","city_id":1508,"log_pop":1.1319238427,"log_mass":3.7531980583},{"country_iso":"MRT","city_id":1508,"log_pop":3.0692849603,"log_mass":5.764538489},{"country_iso":"MRT","city_id":1508,"log_pop":2.6132883789,"log_mass":5.3836283884},{"country_iso":"MRT","city_id":1478,"log_pop":2.4031451764,"log_mass":5.2163002127},{"country_iso":"MRT","city_id":1478,"log_pop":2.8176491382,"log_mass":5.6837247548},{"country_iso":"MRT","city_id":1478,"log_pop":2.8131732224,"log_mass":5.5884491041},{"country_iso":"MRT","city_id":1478,"log_pop":2.4415160075,"log_mass":5.2770049165},{"country_iso":"MRT","city_id":1499,"log_pop":1.748176441,"log_mass":4.7281948293},{"country_iso":"MRT","city_id":1499,"log_pop":2.4311886565,"log_mass":5.4931953999}]