[{"country_iso":"AUT","city_id":3027,"log_pop":2.0234223505,"log_mass":4.9440116389},{"country_iso":"AUT","city_id":3027,"log_pop":2.7884045373,"log_mass":5.6589908472},{"country_iso":"AUT","city_id":3027,"log_pop":3.3002702891,"log_mass":6.1791317194},{"country_iso":"AUT","city_id":3027,"log_pop":3.5561966859,"log_mass":6.1443343543},{"country_iso":"AUT","city_id":3027,"log_pop":3.7268524865,"log_mass":6.0440466334},{"country_iso":"AUT","city_id":3027,"log_pop":3.7115474435,"log_mass":6.3207357648},{"country_iso":"AUT","city_id":3027,"log_pop":4.2054727804,"log_mass":6.4880190286},{"country_iso":"AUT","city_id":3027,"log_pop":3.4340086745,"log_mass":6.2992024577},{"country_iso":"AUT","city_id":3027,"log_pop":2.4606080544,"log_mass":4.8259951901},{"country_iso":"AUT","city_id":3027,"log_pop":3.5748247972,"log_mass":5.8390553336},{"country_iso":"AUT","city_id":3027,"log_pop":3.8221438225,"log_mass":6.0438595767},{"country_iso":"AUT","city_id":3027,"log_pop":4.3010937869,"log_mass":6.6190642569},{"country_iso":"AUT","city_id":3027,"log_pop":3.0402065958,"log_mass":5.9173368818},{"country_iso":"AUT","city_id":3027,"log_pop":1.5910460871,"log_mass":3.9175041804},{"country_iso":"AUT","city_id":3027,"log_pop":1.1790560955,"log_mass":4.6682824297},{"country_iso":"AUT","city_id":3027,"log_pop":2.4178377521,"log_mass":4.6120866296},{"country_iso":"AUT","city_id":3027,"log_pop":3.3339907475,"log_mass":5.9045578471},{"country_iso":"AUT","city_id":3027,"log_pop":4.0517520121,"log_mass":6.3585116321},{"country_iso":"AUT","city_id":3027,"log_pop":3.6593172096,"log_mass":6.1149226088},{"country_iso":"AUT","city_id":3027,"log_pop":3.1690785482,"log_mass":5.6518564999},{"country_iso":"AUT","city_id":3027,"log_pop":4.3847296569,"log_mass":6.6931861624},{"country_iso":"AUT","city_id":3027,"log_pop":4.0338075342,"log_mass":6.4451849383},{"country_iso":"AUT","city_id":3027,"log_pop":2.2959064207,"log_mass":5.0628653844},{"country_iso":"AUT","city_id":3027,"log_pop":4.2191762121,"log_mass":6.4878085096},{"country_iso":"AUT","city_id":3027,"log_pop":2.9625186728,"log_mass":5.4052086409},{"country_iso":"AUT","city_id":3027,"log_pop":2.5387655077,"log_mass":5.0815926516},{"country_iso":"AUT","city_id":3027,"log_pop":3.1681107982,"log_mass":5.9580958822},{"country_iso":"AUT","city_id":3027,"log_pop":3.418256554,"log_mass":6.4643396223},{"country_iso":"AUT","city_id":3027,"log_pop":3.3675436633,"log_mass":6.3970798577},{"country_iso":"AUT","city_id":3027,"log_pop":3.8318067722,"log_mass":6.4119083164},{"country_iso":"AUT","city_id":3027,"log_pop":3.9213716351,"log_mass":6.6590734595},{"country_iso":"AUT","city_id":3027,"log_pop":3.9027385029,"log_mass":6.6811921866},{"country_iso":"AUT","city_id":3027,"log_pop":3.8903389189,"log_mass":6.5816163897},{"country_iso":"AUT","city_id":3027,"log_pop":3.1665506836,"log_mass":5.8926822399},{"country_iso":"AUT","city_id":3027,"log_pop":3.8626724036,"log_mass":6.6039704955},{"country_iso":"AUT","city_id":3027,"log_pop":4.1928363858,"log_mass":6.4949902591},{"country_iso":"AUT","city_id":3027,"log_pop":4.3977665715,"log_mass":6.8217307055},{"country_iso":"AUT","city_id":3027,"log_pop":2.8703674392,"log_mass":5.6329254952},{"country_iso":"AUT","city_id":3027,"log_pop":1.8858836035,"log_mass":4.7958477541},{"country_iso":"AUT","city_id":3027,"log_pop":2.666931778,"log_mass":5.723234572},{"country_iso":"AUT","city_id":3027,"log_pop":0.1959921952,"log_mass":3.8317388585},{"country_iso":"AUT","city_id":3027,"log_pop":2.8950638623,"log_mass":5.8220450257},{"country_iso":"AUT","city_id":3027,"log_pop":1.2760848037,"log_mass":4.8894611222},{"country_iso":"AUT","city_id":3027,"log_pop":3.4554658574,"log_mass":6.6839524571},{"country_iso":"AUT","city_id":3027,"log_pop":2.5389110895,"log_mass":5.7464849728},{"country_iso":"AUT","city_id":3027,"log_pop":2.7226907279,"log_mass":5.859650809},{"country_iso":"AUT","city_id":3027,"log_pop":2.6644551463,"log_mass":5.697199467},{"country_iso":"AUT","city_id":3027,"log_pop":2.6970103691,"log_mass":5.0894514442},{"country_iso":"AUT","city_id":3027,"log_pop":4.0786551688,"log_mass":6.2837009117},{"country_iso":"AUT","city_id":3027,"log_pop":4.3910745028,"log_mass":6.6081876917},{"country_iso":"AUT","city_id":3027,"log_pop":3.468065882,"log_mass":5.7356158386},{"country_iso":"AUT","city_id":3027,"log_pop":4.3972748828,"log_mass":6.618666134},{"country_iso":"AUT","city_id":3027,"log_pop":3.5798136132,"log_mass":5.8070802922},{"country_iso":"AUT","city_id":3027,"log_pop":4.4318513044,"log_mass":6.7485993359},{"country_iso":"AUT","city_id":3027,"log_pop":2.6849561852,"log_mass":5.0118722625},{"country_iso":"AUT","city_id":3027,"log_pop":3.3985467195,"log_mass":5.4644415686},{"country_iso":"AUT","city_id":3027,"log_pop":3.6365047965,"log_mass":5.833051708},{"country_iso":"AUT","city_id":3027,"log_pop":4.1289676976,"log_mass":6.3799453372},{"country_iso":"AUT","city_id":3027,"log_pop":4.0989408909,"log_mass":6.3641685746},{"country_iso":"AUT","city_id":3027,"log_pop":-0.9670811137,"log_mass":3.4792912882},{"country_iso":"AUT","city_id":3027,"log_pop":4.310864428,"log_mass":6.7905193505},{"country_iso":"AUT","city_id":3027,"log_pop":3.8185863373,"log_mass":6.1516971684},{"country_iso":"AUT","city_id":3027,"log_pop":4.487235222,"log_mass":6.9549737993},{"country_iso":"AUT","city_id":3027,"log_pop":4.4894160981,"log_mass":6.8524467421},{"country_iso":"AUT","city_id":3027,"log_pop":4.4631865945,"log_mass":7.1126631954},{"country_iso":"AUT","city_id":3027,"log_pop":4.2512057985,"log_mass":6.5282772144},{"country_iso":"AUT","city_id":3027,"log_pop":4.5121165152,"log_mass":7.1152660181},{"country_iso":"AUT","city_id":3027,"log_pop":3.7356800474,"log_mass":6.184442188},{"country_iso":"AUT","city_id":3027,"log_pop":4.2109976435,"log_mass":6.5910054551},{"country_iso":"AUT","city_id":3027,"log_pop":3.6724293388,"log_mass":6.0506842924},{"country_iso":"AUT","city_id":3027,"log_pop":3.6525072269,"log_mass":6.0362504294},{"country_iso":"AUT","city_id":3027,"log_pop":3.6918651343,"log_mass":5.9731920073},{"country_iso":"AUT","city_id":3027,"log_pop":4.2185881032,"log_mass":6.5639055702},{"country_iso":"AUT","city_id":3027,"log_pop":4.2540014647,"log_mass":6.5780017651},{"country_iso":"AUT","city_id":3027,"log_pop":4.3485229593,"log_mass":6.7149438729},{"country_iso":"AUT","city_id":3027,"log_pop":4.3005130452,"log_mass":6.8135448105},{"country_iso":"AUT","city_id":3027,"log_pop":4.2968388037,"log_mass":6.6958242782},{"country_iso":"AUT","city_id":3027,"log_pop":4.4850209841,"log_mass":6.8631955203},{"country_iso":"AUT","city_id":3027,"log_pop":4.5276543276,"log_mass":6.9820154638},{"country_iso":"AUT","city_id":3027,"log_pop":4.4385534424,"log_mass":6.7727791427},{"country_iso":"AUT","city_id":3027,"log_pop":3.6973348165,"log_mass":6.0296073551},{"country_iso":"AUT","city_id":3027,"log_pop":3.9938249027,"log_mass":6.6381159503},{"country_iso":"AUT","city_id":3027,"log_pop":2.7440437711,"log_mass":5.9180618975},{"country_iso":"AUT","city_id":3027,"log_pop":4.2417106387,"log_mass":6.5313364576},{"country_iso":"AUT","city_id":3027,"log_pop":4.3875422705,"log_mass":6.6355312456},{"country_iso":"AUT","city_id":3027,"log_pop":4.0595737588,"log_mass":6.3864352899},{"country_iso":"AUT","city_id":3027,"log_pop":4.3119963036,"log_mass":6.7231021404},{"country_iso":"AUT","city_id":3027,"log_pop":4.4464405849,"log_mass":6.7824736355},{"country_iso":"AUT","city_id":3027,"log_pop":4.4635410013,"log_mass":7.0046328607},{"country_iso":"AUT","city_id":3027,"log_pop":4.2437561609,"log_mass":6.6124335263},{"country_iso":"AUT","city_id":3027,"log_pop":4.2236116992,"log_mass":6.5948155956},{"country_iso":"AUT","city_id":3027,"log_pop":4.5056970943,"log_mass":6.7740857852},{"country_iso":"AUT","city_id":3027,"log_pop":4.4241929781,"log_mass":6.7040469617},{"country_iso":"AUT","city_id":3027,"log_pop":4.3038213677,"log_mass":6.5525455387},{"country_iso":"AUT","city_id":3027,"log_pop":3.6274639118,"log_mass":5.9956166435},{"country_iso":"AUT","city_id":3027,"log_pop":4.3900179559,"log_mass":6.6848517407},{"country_iso":"AUT","city_id":3027,"log_pop":4.2319995282,"log_mass":6.4997281712},{"country_iso":"AUT","city_id":3027,"log_pop":4.4116490235,"log_mass":6.7514133938},{"country_iso":"AUT","city_id":3027,"log_pop":3.9633603994,"log_mass":6.2881660666},{"country_iso":"AUT","city_id":3027,"log_pop":4.4786156193,"log_mass":6.7455759567},{"country_iso":"AUT","city_id":3027,"log_pop":4.5280905966,"log_mass":7.1624146312},{"country_iso":"AUT","city_id":3027,"log_pop":4.5157395474,"log_mass":7.1368014691},{"country_iso":"AUT","city_id":3027,"log_pop":4.4680244659,"log_mass":6.9764963797},{"country_iso":"AUT","city_id":3027,"log_pop":4.516591787,"log_mass":7.1857060244},{"country_iso":"AUT","city_id":3027,"log_pop":4.4504037644,"log_mass":6.7032094736},{"country_iso":"AUT","city_id":3027,"log_pop":4.4871516243,"log_mass":6.983724704},{"country_iso":"AUT","city_id":3027,"log_pop":4.45992067,"log_mass":6.7255802403},{"country_iso":"AUT","city_id":2936,"log_pop":3.7767466746,"log_mass":6.4085957791},{"country_iso":"AUT","city_id":2936,"log_pop":3.4050715572,"log_mass":6.179231673},{"country_iso":"AUT","city_id":2936,"log_pop":-1.3724014796,"log_mass":2.268043781},{"country_iso":"AUT","city_id":2936,"log_pop":3.2380983349,"log_mass":5.9584005832},{"country_iso":"AUT","city_id":2936,"log_pop":3.8374797289,"log_mass":6.4733649939},{"country_iso":"AUT","city_id":2936,"log_pop":3.0197464763,"log_mass":6.031018139},{"country_iso":"AUT","city_id":2936,"log_pop":3.8707453997,"log_mass":6.6218796359},{"country_iso":"AUT","city_id":2936,"log_pop":-0.0411523179,"log_mass":2.8580629753},{"country_iso":"AUT","city_id":2936,"log_pop":3.4737181105,"log_mass":6.1374931095},{"country_iso":"AUT","city_id":2936,"log_pop":2.4837869481,"log_mass":5.0603547374},{"country_iso":"AUT","city_id":2936,"log_pop":2.1002779213,"log_mass":4.9794999834},{"country_iso":"AUT","city_id":2936,"log_pop":3.6420844931,"log_mass":6.2517210801},{"country_iso":"AUT","city_id":2936,"log_pop":1.4683625872,"log_mass":4.4932539995},{"country_iso":"AUT","city_id":2936,"log_pop":4.0326268036,"log_mass":6.5368978885},{"country_iso":"AUT","city_id":2936,"log_pop":4.0526988075,"log_mass":6.9927872735},{"country_iso":"AUT","city_id":2936,"log_pop":4.0309941733,"log_mass":6.6416562294},{"country_iso":"AUT","city_id":2936,"log_pop":1.6852440862,"log_mass":4.1691016845},{"country_iso":"AUT","city_id":2936,"log_pop":3.3517126585,"log_mass":5.8368112389},{"country_iso":"AUT","city_id":2936,"log_pop":1.3586293136,"log_mass":3.9951015224},{"country_iso":"AUT","city_id":2936,"log_pop":4.1762364816,"log_mass":6.9108841555},{"country_iso":"AUT","city_id":2936,"log_pop":3.252525483,"log_mass":5.9015984506},{"country_iso":"AUT","city_id":2936,"log_pop":4.1505873276,"log_mass":6.9165510855},{"country_iso":"AUT","city_id":2936,"log_pop":4.1617542437,"log_mass":6.8112625978},{"country_iso":"AUT","city_id":2936,"log_pop":3.8833447333,"log_mass":6.4061907898},{"country_iso":"AUT","city_id":2936,"log_pop":3.596369173,"log_mass":6.2480623563},{"country_iso":"AUT","city_id":2936,"log_pop":3.798985997,"log_mass":6.6112367474},{"country_iso":"AUT","city_id":3000,"log_pop":3.8855849342,"log_mass":6.5530224653},{"country_iso":"AUT","city_id":3000,"log_pop":3.1544442081,"log_mass":5.8766935415},{"country_iso":"AUT","city_id":3000,"log_pop":4.20988568,"log_mass":7.0436222773},{"country_iso":"AUT","city_id":3000,"log_pop":4.1133431588,"log_mass":6.744163689},{"country_iso":"AUT","city_id":3000,"log_pop":3.7820040708,"log_mass":6.243588777},{"country_iso":"AUT","city_id":3000,"log_pop":2.2317544333,"log_mass":4.7749073265},{"country_iso":"AUT","city_id":3000,"log_pop":4.1888500531,"log_mass":6.8434990536},{"country_iso":"AUT","city_id":3000,"log_pop":2.9983053216,"log_mass":5.4537470236},{"country_iso":"AUT","city_id":3000,"log_pop":3.1509693025,"log_mass":5.5432716428},{"country_iso":"AUT","city_id":3000,"log_pop":2.5672995983,"log_mass":4.9665281077},{"country_iso":"AUT","city_id":3000,"log_pop":2.6744313782,"log_mass":5.5122777043},{"country_iso":"AUT","city_id":3000,"log_pop":3.4704980575,"log_mass":6.2767307711},{"country_iso":"AUT","city_id":3000,"log_pop":3.5738846121,"log_mass":6.070401449},{"country_iso":"AUT","city_id":3000,"log_pop":4.2265369071,"log_mass":6.6254099608},{"country_iso":"AUT","city_id":3000,"log_pop":3.9994034193,"log_mass":6.4733918073},{"country_iso":"AUT","city_id":3000,"log_pop":4.0927246216,"log_mass":6.5766476572},{"country_iso":"AUT","city_id":3000,"log_pop":3.9842041368,"log_mass":6.5028010485},{"country_iso":"AUT","city_id":3000,"log_pop":3.1593221889,"log_mass":6.0115593876},{"country_iso":"AUT","city_id":3000,"log_pop":2.9299455647,"log_mass":5.6186844845},{"country_iso":"AUT","city_id":3000,"log_pop":3.361389275,"log_mass":6.1419992873},{"country_iso":"AUT","city_id":3000,"log_pop":4.1595408228,"log_mass":6.7471324487},{"country_iso":"AUT","city_id":3000,"log_pop":3.7943513602,"log_mass":6.2813717399},{"country_iso":"AUT","city_id":3000,"log_pop":4.0759374202,"log_mass":6.5661524908},{"country_iso":"AUT","city_id":3000,"log_pop":3.6820773759,"log_mass":6.1200771959},{"country_iso":"AUT","city_id":3000,"log_pop":2.8143800358,"log_mass":5.4308924855},{"country_iso":"AUT","city_id":2885,"log_pop":3.8355159108,"log_mass":6.3065743641},{"country_iso":"AUT","city_id":2885,"log_pop":3.5170005964,"log_mass":6.0493695244},{"country_iso":"AUT","city_id":2885,"log_pop":2.7680595358,"log_mass":5.4417875788},{"country_iso":"AUT","city_id":2885,"log_pop":1.7763887425,"log_mass":4.0777826369},{"country_iso":"AUT","city_id":2885,"log_pop":3.4210985884,"log_mass":6.27166936},{"country_iso":"AUT","city_id":2885,"log_pop":4.1197517141,"log_mass":6.6522628482},{"country_iso":"AUT","city_id":2885,"log_pop":2.9863837895,"log_mass":5.9507321331},{"country_iso":"AUT","city_id":2885,"log_pop":3.5410235371,"log_mass":6.203759334},{"country_iso":"AUT","city_id":2885,"log_pop":3.728775476,"log_mass":6.2844973603},{"country_iso":"AUT","city_id":2885,"log_pop":2.4909607455,"log_mass":5.2885768967},{"country_iso":"AUT","city_id":2885,"log_pop":3.8946284458,"log_mass":6.387588557},{"country_iso":"AUT","city_id":2885,"log_pop":3.5578540281,"log_mass":6.0915046909},{"country_iso":"AUT","city_id":2885,"log_pop":3.3162797168,"log_mass":5.8282501959},{"country_iso":"AUT","city_id":2885,"log_pop":4.1128280971,"log_mass":6.8366333191},{"country_iso":"AUT","city_id":2885,"log_pop":3.2761545597,"log_mass":5.7264374818},{"country_iso":"AUT","city_id":2885,"log_pop":3.8352960109,"log_mass":6.3576709938},{"country_iso":"AUT","city_id":2788,"log_pop":3.4414388336,"log_mass":5.9927746424},{"country_iso":"AUT","city_id":2788,"log_pop":2.4156753705,"log_mass":4.8109685155},{"country_iso":"AUT","city_id":2788,"log_pop":3.1258836393,"log_mass":5.5434877211},{"country_iso":"AUT","city_id":2788,"log_pop":1.8068415286,"log_mass":4.3536453249},{"country_iso":"AUT","city_id":2788,"log_pop":4.1868970663,"log_mass":6.7094086829},{"country_iso":"AUT","city_id":2788,"log_pop":3.6881568248,"log_mass":6.3258128105},{"country_iso":"AUT","city_id":2788,"log_pop":3.7718110018,"log_mass":6.3492570049},{"country_iso":"AUT","city_id":2788,"log_pop":3.1286065251,"log_mass":5.679153875},{"country_iso":"AUT","city_id":2788,"log_pop":3.9021558856,"log_mass":6.3289465741},{"country_iso":"AUT","city_id":2788,"log_pop":4.1826623213,"log_mass":6.9219352514},{"country_iso":"AUT","city_id":2788,"log_pop":3.3058198136,"log_mass":5.7842382108},{"country_iso":"AUT","city_id":2788,"log_pop":2.5214474499,"log_mass":5.2780149005},{"country_iso":"AUT","city_id":2952,"log_pop":3.5515634737,"log_mass":6.1836502661},{"country_iso":"AUT","city_id":2952,"log_pop":3.5016517667,"log_mass":6.1745477482},{"country_iso":"AUT","city_id":2952,"log_pop":3.542606963,"log_mass":6.2348313401},{"country_iso":"AUT","city_id":2952,"log_pop":1.7561219227,"log_mass":4.6059273302},{"country_iso":"AUT","city_id":2952,"log_pop":2.8454025881,"log_mass":5.4670828262},{"country_iso":"AUT","city_id":2952,"log_pop":3.8385406088,"log_mass":6.5137616439},{"country_iso":"AUT","city_id":2952,"log_pop":4.072502167,"log_mass":6.8340406992},{"country_iso":"AUT","city_id":2952,"log_pop":1.9921038998,"log_mass":4.6690836712},{"country_iso":"AUT","city_id":2952,"log_pop":3.6434713277,"log_mass":6.3699571089},{"country_iso":"AUT","city_id":2952,"log_pop":3.5891770051,"log_mass":6.3058275389},{"country_iso":"AUT","city_id":2952,"log_pop":2.4476906206,"log_mass":5.1220045915}]