[{"country_iso": "LKA", "city_id": 8835, "log_pop": 4.157243, "log_mass": 6.482262, "log_pop_c": 0.677733, "log_mass_c": 0.531817}, {"country_iso": "LKA", "city_id": 8835, "log_pop": 3.163913, "log_mass": 5.772137, "log_pop_c": -0.315597, "log_mass_c": -0.178307}, {"country_iso": "LKA", "city_id": 8835, "log_pop": 3.434902, "log_mass": 5.967964, "log_pop_c": -0.044608, "log_mass_c": 0.01752}, {"country_iso": "LKA", "city_id": 8935, "log_pop": 4.221025, "log_mass": 6.408361, "log_pop_c": 0.948508, "log_mass_c": 0.701871}, {"country_iso": "LKA", "city_id": 8835, "log_pop": 3.464073, "log_mass": 6.056293, "log_pop_c": -0.015437, "log_mass_c": 0.105849}, {"country_iso": "LKA", "city_id": 8886, "log_pop": 3.913738, "log_mass": 6.406495, "log_pop_c": 0.797192, "log_mass_c": 0.717673}, {"country_iso": "LKA", "city_id": 8835, "log_pop": 3.797024, "log_mass": 6.389503, "log_pop_c": 0.317514, "log_mass_c": 0.439059}, {"country_iso": "LKA", "city_id": 8835, "log_pop": 3.782624, "log_mass": 6.373009, "log_pop_c": 0.303114, "log_mass_c": 0.422565}, {"country_iso": "LKA", "city_id": 8835, "log_pop": 3.08035, "log_mass": 5.413282, "log_pop_c": -0.399161, "log_mass_c": -0.537163}, {"country_iso": "LKA", "city_id": 8835, "log_pop": 3.062464, "log_mass": 5.728433, "log_pop_c": -0.417046, "log_mass_c": -0.222011}, {"country_iso": "LKA", "city_id": 8835, "log_pop": 3.919454, "log_mass": 6.482525, "log_pop_c": 0.439943, "log_mass_c": 0.532081}, {"country_iso": "LKA", "city_id": 8835, "log_pop": 3.257092, "log_mass": 5.495295, "log_pop_c": -0.222418, "log_mass_c": -0.455149}, {"country_iso": "LKA", "city_id": 8835, "log_pop": 3.490981, "log_mass": 5.519705, "log_pop_c": 0.011471, "log_mass_c": -0.43074}, {"country_iso": "LKA", "city_id": 9256, "log_pop": 1.093795, "log_mass": 4.509848, "log_pop_c": -2.29357, "log_mass_c": -1.130427}, {"country_iso": "LKA", "city_id": 8835, "log_pop": 2.825215, "log_mass": 5.496111, "log_pop_c": -0.654295, "log_mass_c": -0.454333}, {"country_iso": "LKA", "city_id": 8835, "log_pop": 3.779013, "log_mass": 6.167766, "log_pop_c": 0.299503, "log_mass_c": 0.217322}, {"country_iso": "LKA", "city_id": 8835, "log_pop": 2.564586, "log_mass": 5.086973, "log_pop_c": -0.914924, "log_mass_c": -0.863471}, {"country_iso": "LKA", "city_id": 8835, "log_pop": 4.401396, "log_mass": 6.544348, "log_pop_c": 0.921886, "log_mass_c": 0.593903}, {"country_iso": "LKA", "city_id": 8835, "log_pop": 4.563794, "log_mass": 6.612761, "log_pop_c": 1.084283, "log_mass_c": 0.662317}, {"country_iso": "LKA", "city_id": 8835, "log_pop": 3.889966, "log_mass": 5.952146, "log_pop_c": 0.410456, "log_mass_c": 0.001702}, {"country_iso": "LKA", "city_id": 8835, "log_pop": 4.469647, "log_mass": 6.597579, "log_pop_c": 0.990136, "log_mass_c": 0.647135}, {"country_iso": "LKA", "city_id": 8835, "log_pop": 3.709339, "log_mass": 6.474179, "log_pop_c": 0.229829, "log_mass_c": 0.523735}, {"country_iso": "LKA", "city_id": 9261, "log_pop": 3.302343, "log_mass": 5.577997, "log_pop_c": 0.305618, "log_mass_c": 0.269467}, {"country_iso": "LKA", "city_id": 8886, "log_pop": 3.786863, "log_mass": 6.03827, "log_pop_c": 0.670318, "log_mass_c": 0.349448}, {"country_iso": "LKA", "city_id": 8835, "log_pop": 1.019521, "log_mass": 5.153324, "log_pop_c": -2.459989, "log_mass_c": -0.797121}, {"country_iso": "LKA", "city_id": 9007, "log_pop": 3.150067, "log_mass": 5.428503, "log_pop_c": -0.087593, "log_mass_c": -0.248788}, {"country_iso": "LKA", "city_id": 8835, "log_pop": 4.092591, "log_mass": 6.492733, "log_pop_c": 0.613081, "log_mass_c": 0.542288}, {"country_iso": "LKA", "city_id": 9007, "log_pop": 3.959974, "log_mass": 6.489312, "log_pop_c": 0.722314, "log_mass_c": 0.812021}, {"country_iso": "LKA", "city_id": 8835, "log_pop": 4.11206, "log_mass": 6.496, "log_pop_c": 0.632549, "log_mass_c": 0.545556}, {"country_iso": "LKA", "city_id": 8835, "log_pop": 4.202884, "log_mass": 6.430689, "log_pop_c": 0.723373, "log_mass_c": 0.480244}, {"country_iso": "LKA", "city_id": 8835, "log_pop": 2.997236, "log_mass": 5.441092, "log_pop_c": -0.482274, "log_mass_c": -0.509352}, {"country_iso": "LKA", "city_id": 8935, "log_pop": 3.846107, "log_mass": 6.329988, "log_pop_c": 0.57359, "log_mass_c": 0.623499}, {"country_iso": "LKA", "city_id": 8835, "log_pop": 1.942757, "log_mass": 4.866124, "log_pop_c": -1.536753, "log_mass_c": -1.08432}, {"country_iso": "LKA", "city_id": 9007, "log_pop": 3.546788, "log_mass": 6.067398, "log_pop_c": 0.309129, "log_mass_c": 0.390107}, {"country_iso": "LKA", "city_id": 8835, "log_pop": 3.88068, "log_mass": 6.096764, "log_pop_c": 0.401169, "log_mass_c": 0.14632}, {"country_iso": "LKA", "city_id": 8835, "log_pop": 4.162544, "log_mass": 6.535564, "log_pop_c": 0.683034, "log_mass_c": 0.58512}, {"country_iso": "LKA", "city_id": 8835, "log_pop": 3.956545, "log_mass": 6.483723, "log_pop_c": 0.477035, "log_mass_c": 0.533279}, {"country_iso": "LKA", "city_id": 8935, "log_pop": 3.298449, "log_mass": 5.862496, "log_pop_c": 0.025932, "log_mass_c": 0.156007}, {"country_iso": "LKA", "city_id": 9007, "log_pop": 2.132443, "log_mass": 4.624705, "log_pop_c": -1.105216, "log_mass_c": -1.052586}, {"country_iso": "LKA", "city_id": 8835, "log_pop": 1.93383, "log_mass": 4.854237, "log_pop_c": -1.54568, "log_mass_c": -1.096207}, {"country_iso": "LKA", "city_id": 8886, "log_pop": 2.015734, "log_mass": 4.621267, "log_pop_c": -1.100811, "log_mass_c": -1.067556}, {"country_iso": "LKA", "city_id": 8835, "log_pop": 3.550791, "log_mass": 6.252495, "log_pop_c": 0.071281, "log_mass_c": 0.302051}, {"country_iso": "LKA", "city_id": 8835, "log_pop": 1.516984, "log_mass": 5.215866, "log_pop_c": -1.962526, "log_mass_c": -0.734578}, {"country_iso": "LKA", "city_id": 8908, "log_pop": 3.783443, "log_mass": 6.110211, "log_pop_c": 0.592455, "log_mass_c": 0.445174}, {"country_iso": "LKA", "city_id": 9007, "log_pop": 3.286212, "log_mass": 5.645579, "log_pop_c": 0.048552, "log_mass_c": -0.031711}, {"country_iso": "LKA", "city_id": 8835, "log_pop": 3.537115, "log_mass": 5.750986, "log_pop_c": 0.057605, "log_mass_c": -0.199458}, {"country_iso": "LKA", "city_id": 8835, "log_pop": 4.516055, "log_mass": 6.574498, "log_pop_c": 1.036544, "log_mass_c": 0.624053}, {"country_iso": "LKA", "city_id": 8835, "log_pop": 4.383466, "log_mass": 6.552571, "log_pop_c": 0.903956, "log_mass_c": 0.602127}, {"country_iso": "LKA", "city_id": 9256, "log_pop": 2.945315, "log_mass": 5.432093, "log_pop_c": -0.44205, "log_mass_c": -0.208183}, {"country_iso": "LKA", "city_id": 9222, "log_pop": 2.090743, "log_mass": 4.818185, "log_pop_c": -0.763617, "log_mass_c": -0.518945}, {"country_iso": "LKA", "city_id": 8835, "log_pop": 4.507002, "log_mass": 6.587856, "log_pop_c": 1.027492, "log_mass_c": 0.637412}, {"country_iso": "LKA", "city_id": 8935, "log_pop": 2.788728, "log_mass": 5.071738, "log_pop_c": -0.483789, "log_mass_c": -0.634751}, {"country_iso": "LKA", "city_id": 9007, "log_pop": 1.661191, "log_mass": 4.511531, "log_pop_c": -1.576469, "log_mass_c": -1.16576}, {"country_iso": "LKA", "city_id": 8835, "log_pop": 3.54164, "log_mass": 6.217428, "log_pop_c": 0.06213, "log_mass_c": 0.266983}, {"country_iso": "LKA", "city_id": 8835, "log_pop": 4.223249, "log_mass": 6.494536, "log_pop_c": 0.743738, "log_mass_c": 0.544092}, {"country_iso": "LKA", "city_id": 8835, "log_pop": 4.498521, "log_mass": 6.737628, "log_pop_c": 1.019011, "log_mass_c": 0.787184}, {"country_iso": "LKA", "city_id": 8835, "log_pop": 4.72145, "log_mass": 6.584976, "log_pop_c": 1.241939, "log_mass_c": 0.634532}, {"country_iso": "LKA", "city_id": 8835, "log_pop": 1.625469, "log_mass": 4.148005, "log_pop_c": -1.854042, "log_mass_c": -1.802439}, {"country_iso": "LKA", "city_id": 8835, "log_pop": 4.466528, "log_mass": 6.532728, "log_pop_c": 0.987018, "log_mass_c": 0.582284}, {"country_iso": "LKA", "city_id": 8835, "log_pop": 4.229405, "log_mass": 6.527996, "log_pop_c": 0.749895, "log_mass_c": 0.577552}, {"country_iso": "LKA", "city_id": 8835, "log_pop": 2.726528, "log_mass": 5.233118, "log_pop_c": -0.752982, "log_mass_c": -0.717326}, {"country_iso": "LKA", "city_id": 9222, "log_pop": 4.042855, "log_mass": 6.120141, "log_pop_c": 1.188496, "log_mass_c": 0.783011}, {"country_iso": "LKA", "city_id": 9007, "log_pop": 3.173487, "log_mass": 5.615487, "log_pop_c": -0.064173, "log_mass_c": -0.061804}, {"country_iso": "LKA", "city_id": 8835, "log_pop": 4.551242, "log_mass": 6.645692, "log_pop_c": 1.071732, "log_mass_c": 0.695248}, {"country_iso": "LKA", "city_id": 8835, "log_pop": 4.247137, "log_mass": 6.429047, "log_pop_c": 0.767626, "log_mass_c": 0.478603}, {"country_iso": "LKA", "city_id": 8835, "log_pop": 3.878133, "log_mass": 6.443141, "log_pop_c": 0.398623, "log_mass_c": 0.492697}, {"country_iso": "LKA", "city_id": 8935, "log_pop": 3.387663, "log_mass": 5.770314, "log_pop_c": 0.115146, "log_mass_c": 0.063824}, {"country_iso": "LKA", "city_id": 9256, "log_pop": 3.9621, "log_mass": 5.93802, "log_pop_c": 0.574734, "log_mass_c": 0.297745}, {"country_iso": "LKA", "city_id": 8935, "log_pop": 3.031566, "log_mass": 5.730039, "log_pop_c": -0.240951, "log_mass_c": 0.02355}, {"country_iso": "LKA", "city_id": 8835, "log_pop": 4.100199, "log_mass": 6.489182, "log_pop_c": 0.620689, "log_mass_c": 0.538738}, {"country_iso": "LKA", "city_id": 8835, "log_pop": 3.869354, "log_mass": 5.967015, "log_pop_c": 0.389844, "log_mass_c": 0.016571}, {"country_iso": "LKA", "city_id": 9222, "log_pop": 3.908685, "log_mass": 6.145231, "log_pop_c": 1.054326, "log_mass_c": 0.808101}, {"country_iso": "LKA", "city_id": 8835, "log_pop": 4.394623, "log_mass": 6.584278, "log_pop_c": 0.915113, "log_mass_c": 0.633834}, {"country_iso": "LKA", "city_id": 8835, "log_pop": 4.189241, "log_mass": 6.485829, "log_pop_c": 0.70973, "log_mass_c": 0.535385}, {"country_iso": "LKA", "city_id": 9007, "log_pop": 3.749783, "log_mass": 6.124948, "log_pop_c": 0.512124, "log_mass_c": 0.447658}, {"country_iso": "LKA", "city_id": 8835, "log_pop": 4.482666, "log_mass": 6.542341, "log_pop_c": 1.003156, "log_mass_c": 0.591897}, {"country_iso": "LKA", "city_id": 8908, "log_pop": 3.610486, "log_mass": 5.879494, "log_pop_c": 0.419499, "log_mass_c": 0.214458}, {"country_iso": "LKA", "city_id": 9007, "log_pop": 4.257292, "log_mass": 6.515377, "log_pop_c": 1.019633, "log_mass_c": 0.838086}, {"country_iso": "LKA", "city_id": 8835, "log_pop": 3.878339, "log_mass": 6.416402, "log_pop_c": 0.398829, "log_mass_c": 0.465957}, {"country_iso": "LKA", "city_id": 8835, "log_pop": 2.973329, "log_mass": 5.573422, "log_pop_c": -0.506181, "log_mass_c": -0.377023}, {"country_iso": "LKA", "city_id": 8835, "log_pop": 4.719937, "log_mass": 6.648617, "log_pop_c": 1.240427, "log_mass_c": 0.698172}, {"country_iso": "LKA", "city_id": 8835, "log_pop": 3.097872, "log_mass": 5.586637, "log_pop_c": -0.381638, "log_mass_c": -0.363807}, {"country_iso": "LKA", "city_id": 8835, "log_pop": 4.275112, "log_mass": 6.536245, "log_pop_c": 0.795602, "log_mass_c": 0.585801}, {"country_iso": "LKA", "city_id": 8835, "log_pop": 2.150537, "log_mass": 5.377626, "log_pop_c": -1.328973, "log_mass_c": -0.572818}, {"country_iso": "LKA", "city_id": 8835, "log_pop": 0.91181, "log_mass": 5.199366, "log_pop_c": -2.567701, "log_mass_c": -0.751079}, {"country_iso": "LKA", "city_id": 8835, "log_pop": 3.948338, "log_mass": 6.437126, "log_pop_c": 0.468828, "log_mass_c": 0.486681}, {"country_iso": "LKA", "city_id": 8835, "log_pop": 4.268941, "log_mass": 6.531888, "log_pop_c": 0.78943, "log_mass_c": 0.581444}, {"country_iso": "LKA", "city_id": 8835, "log_pop": 3.671115, "log_mass": 5.666222, "log_pop_c": 0.191604, "log_mass_c": -0.284222}, {"country_iso": "LKA", "city_id": 8835, "log_pop": 4.069296, "log_mass": 6.49319, "log_pop_c": 0.589786, "log_mass_c": 0.542746}, {"country_iso": "LKA", "city_id": 8835, "log_pop": 4.312561, "log_mass": 6.513947, "log_pop_c": 0.83305, "log_mass_c": 0.563503}, {"country_iso": "LKA", "city_id": 8835, "log_pop": 3.525875, "log_mass": 5.785491, "log_pop_c": 0.046365, "log_mass_c": -0.164953}, {"country_iso": "LKA", "city_id": 8835, "log_pop": 4.222735, "log_mass": 6.544824, "log_pop_c": 0.743225, "log_mass_c": 0.594379}, {"country_iso": "LKA", "city_id": 9007, "log_pop": 3.210164, "log_mass": 5.734426, "log_pop_c": -0.027495, "log_mass_c": 0.057136}, {"country_iso": "LKA", "city_id": 8835, "log_pop": 4.091665, "log_mass": 6.51763, "log_pop_c": 0.612155, "log_mass_c": 0.567186}, {"country_iso": "LKA", "city_id": 9007, "log_pop": 1.884557, "log_mass": 4.524461, "log_pop_c": -1.353103, "log_mass_c": -1.152829}, {"country_iso": "LKA", "city_id": 8835, "log_pop": 5.009912, "log_mass": 6.823294, "log_pop_c": 1.530402, "log_mass_c": 0.87285}, {"country_iso": "LKA", "city_id": 8835, "log_pop": 3.023392, "log_mass": 5.524938, "log_pop_c": -0.456119, "log_mass_c": -0.425506}, {"country_iso": "LKA", "city_id": 9256, "log_pop": 3.504601, "log_mass": 5.511246, "log_pop_c": 0.117236, "log_mass_c": -0.129029}, {"country_iso": "LKA", "city_id": 8835, "log_pop": 4.056272, "log_mass": 6.523077, "log_pop_c": 0.576762, "log_mass_c": 0.572633}, {"country_iso": "LKA", "city_id": 8835, "log_pop": 3.156963, "log_mass": 5.686276, "log_pop_c": -0.322547, "log_mass_c": -0.264168}, {"country_iso": "LKA", "city_id": 9256, "log_pop": 3.920552, "log_mass": 5.998586, "log_pop_c": 0.533187, "log_mass_c": 0.35831}, {"country_iso": "LKA", "city_id": 8886, "log_pop": 3.801146, "log_mass": 6.327661, "log_pop_c": 0.684601, "log_mass_c": 0.638839}, {"country_iso": "LKA", "city_id": 8835, "log_pop": 3.880027, "log_mass": 6.38334, "log_pop_c": 0.400516, "log_mass_c": 0.432896}, {"country_iso": "LKA", "city_id": 8835, "log_pop": 2.334524, "log_mass": 5.108237, "log_pop_c": -1.144986, "log_mass_c": -0.842208}, {"country_iso": "LKA", "city_id": 8835, "log_pop": 3.133427, "log_mass": 5.574261, "log_pop_c": -0.346083, "log_mass_c": -0.376183}, {"country_iso": "LKA", "city_id": 8935, "log_pop": 3.327075, "log_mass": 5.823615, "log_pop_c": 0.054558, "log_mass_c": 0.117126}, {"country_iso": "LKA", "city_id": 8908, "log_pop": 3.472236, "log_mass": 5.9405, "log_pop_c": 0.281248, "log_mass_c": 0.275463}, {"country_iso": "LKA", "city_id": 8835, "log_pop": 4.248726, "log_mass": 6.505979, "log_pop_c": 0.769216, "log_mass_c": 0.555535}, {"country_iso": "LKA", "city_id": 8835, "log_pop": 4.098021, "log_mass": 6.502143, "log_pop_c": 0.618511, "log_mass_c": 0.551698}, {"country_iso": "LKA", "city_id": 8935, "log_pop": 3.976712, "log_mass": 6.273888, "log_pop_c": 0.704195, "log_mass_c": 0.567398}, {"country_iso": "LKA", "city_id": 8835, "log_pop": 1.027976, "log_mass": 4.969632, "log_pop_c": -2.451534, "log_mass_c": -0.980812}, {"country_iso": "LKA", "city_id": 8835, "log_pop": 3.927924, "log_mass": 6.406002, "log_pop_c": 0.448414, "log_mass_c": 0.455558}, {"country_iso": "LKA", "city_id": 8835, "log_pop": 1.33241, "log_mass": 5.132315, "log_pop_c": -2.147101, "log_mass_c": -0.81813}, {"country_iso": "LKA", "city_id": 9007, "log_pop": 3.597648, "log_mass": 6.176114, "log_pop_c": 0.359988, "log_mass_c": 0.498824}, {"country_iso": "LKA", "city_id": 8835, "log_pop": 4.035344, "log_mass": 6.480313, "log_pop_c": 0.555833, "log_mass_c": 0.529868}, {"country_iso": "LKA", "city_id": 8835, "log_pop": 4.493259, "log_mass": 6.582407, "log_pop_c": 1.013749, "log_mass_c": 0.631963}, {"country_iso": "LKA", "city_id": 9222, "log_pop": 2.057859, "log_mass": 5.149798, "log_pop_c": -0.7965, "log_mass_c": -0.187332}, {"country_iso": "LKA", "city_id": 8835, "log_pop": 3.550382, "log_mass": 6.095037, "log_pop_c": 0.070872, "log_mass_c": 0.144593}, {"country_iso": "LKA", "city_id": 8835, "log_pop": 3.571571, "log_mass": 6.039944, "log_pop_c": 0.092061, "log_mass_c": 0.089499}, {"country_iso": "LKA", "city_id": 9222, "log_pop": 1.849554, "log_mass": 4.509141, "log_pop_c": -1.004805, "log_mass_c": -0.827989}, {"country_iso": "LKA", "city_id": 9256, "log_pop": 4.427512, "log_mass": 6.268035, "log_pop_c": 1.040146, "log_mass_c": 0.62776}, {"country_iso": "LKA", "city_id": 8835, "log_pop": 4.007729, "log_mass": 6.493677, "log_pop_c": 0.528218, "log_mass_c": 0.543233}, {"country_iso": "LKA", "city_id": 8935, "log_pop": 2.494615, "log_mass": 5.001167, "log_pop_c": -0.777903, "log_mass_c": -0.705322}, {"country_iso": "LKA", "city_id": 8835, "log_pop": 2.256839, "log_mass": 4.952243, "log_pop_c": -1.222672, "log_mass_c": -0.998201}, {"country_iso": "LKA", "city_id": 8835, "log_pop": 4.037795, "log_mass": 6.501008, "log_pop_c": 0.558285, "log_mass_c": 0.550564}, {"country_iso": "LKA", "city_id": 8908, "log_pop": 4.036188, "log_mass": 6.416209, "log_pop_c": 0.845201, "log_mass_c": 0.751173}, {"country_iso": "LKA", "city_id": 9007, "log_pop": 4.162286, "log_mass": 6.39415, "log_pop_c": 0.924626, "log_mass_c": 0.716859}, {"country_iso": "LKA", "city_id": 8935, "log_pop": 3.506409, "log_mass": 6.12503, "log_pop_c": 0.233892, "log_mass_c": 0.41854}, {"country_iso": "LKA", "city_id": 9007, "log_pop": 3.524498, "log_mass": 6.204416, "log_pop_c": 0.286838, "log_mass_c": 0.527125}, {"country_iso": "LKA", "city_id": 8835, "log_pop": 3.035725, "log_mass": 5.53925, "log_pop_c": -0.443785, "log_mass_c": -0.411194}, {"country_iso": "LKA", "city_id": 8835, "log_pop": 3.92081, "log_mass": 6.355473, "log_pop_c": 0.4413, "log_mass_c": 0.405028}, {"country_iso": "LKA", "city_id": 9007, "log_pop": 3.477675, "log_mass": 5.789988, "log_pop_c": 0.240016, "log_mass_c": 0.112697}, {"country_iso": "LKA", "city_id": 9222, "log_pop": 0.867011, "log_mass": 4.148762, "log_pop_c": -1.987349, "log_mass_c": -1.188368}, {"country_iso": "LKA", "city_id": 8835, "log_pop": 3.334807, "log_mass": 5.463378, "log_pop_c": -0.144703, "log_mass_c": -0.487066}, {"country_iso": "LKA", "city_id": 8835, "log_pop": 4.420753, "log_mass": 6.609504, "log_pop_c": 0.941243, "log_mass_c": 0.65906}, {"country_iso": "LKA", "city_id": 9256, "log_pop": 4.257198, "log_mass": 6.158973, "log_pop_c": 0.869833, "log_mass_c": 0.518697}, {"country_iso": "LKA", "city_id": 9261, "log_pop": 4.055998, "log_mass": 6.103512, "log_pop_c": 1.059272, "log_mass_c": 0.794982}, {"country_iso": "LKA", "city_id": 9222, "log_pop": 4.296771, "log_mass": 6.245655, "log_pop_c": 1.442412, "log_mass_c": 0.908525}, {"country_iso": "LKA", "city_id": 9222, "log_pop": 4.092112, "log_mass": 6.290029, "log_pop_c": 1.237753, "log_mass_c": 0.952899}, {"country_iso": "LKA", "city_id": 8835, "log_pop": 4.398101, "log_mass": 6.581412, "log_pop_c": 0.918591, "log_mass_c": 0.630967}, {"country_iso": "LKA", "city_id": 8835, "log_pop": 3.095763, "log_mass": 5.681001, "log_pop_c": -0.383747, "log_mass_c": -0.269443}, {"country_iso": "LKA", "city_id": 8835, "log_pop": 4.420235, "log_mass": 6.507746, "log_pop_c": 0.940725, "log_mass_c": 0.557302}, {"country_iso": "LKA", "city_id": 8835, "log_pop": 4.429796, "log_mass": 6.317084, "log_pop_c": 0.950286, "log_mass_c": 0.36664}, {"country_iso": "LKA", "city_id": 8835, "log_pop": 4.010837, "log_mass": 6.492499, "log_pop_c": 0.531327, "log_mass_c": 0.542055}, {"country_iso": "LKA", "city_id": 8835, "log_pop": 3.595731, "log_mass": 5.937581, "log_pop_c": 0.116221, "log_mass_c": -0.012863}, {"country_iso": "LKA", "city_id": 8935, "log_pop": 2.406292, "log_mass": 4.638652, "log_pop_c": -0.866225, "log_mass_c": -1.067837}, {"country_iso": "LKA", "city_id": 8835, "log_pop": 2.662604, "log_mass": 5.269832, "log_pop_c": -0.816906, "log_mass_c": -0.680612}, {"country_iso": "LKA", "city_id": 8835, "log_pop": 4.168218, "log_mass": 6.343252, "log_pop_c": 0.688708, "log_mass_c": 0.392808}, {"country_iso": "LKA", "city_id": 8835, "log_pop": 3.333525, "log_mass": 5.319944, "log_pop_c": -0.145985, "log_mass_c": -0.6305}, {"country_iso": "LKA", "city_id": 8835, "log_pop": 4.182739, "log_mass": 6.345703, "log_pop_c": 0.703229, "log_mass_c": 0.395259}, {"country_iso": "LKA", "city_id": 9007, "log_pop": 3.241328, "log_mass": 5.866039, "log_pop_c": 0.003668, "log_mass_c": 0.188749}, {"country_iso": "LKA", "city_id": 8835, "log_pop": 3.111045, "log_mass": 5.081098, "log_pop_c": -0.368465, "log_mass_c": -0.869346}, {"country_iso": "LKA", "city_id": 8935, "log_pop": 0.705648, "log_mass": 3.610286, "log_pop_c": -2.566869, "log_mass_c": -2.096203}, {"country_iso": "LKA", "city_id": 8886, "log_pop": 1.882406, "log_mass": 4.841029, "log_pop_c": -1.234139, "log_mass_c": -0.847793}, {"country_iso": "LKA", "city_id": 8835, "log_pop": 4.455514, "log_mass": 6.537481, "log_pop_c": 0.976004, "log_mass_c": 0.587036}, {"country_iso": "LKA", "city_id": 8835, "log_pop": 2.700551, "log_mass": 5.298996, "log_pop_c": -0.77896, "log_mass_c": -0.651448}, {"country_iso": "LKA", "city_id": 8835, "log_pop": 2.222564, "log_mass": 4.746076, "log_pop_c": -1.256946, "log_mass_c": -1.204368}, {"country_iso": "LKA", "city_id": 8886, "log_pop": 1.402932, "log_mass": 4.066511, "log_pop_c": -1.713613, "log_mass_c": -1.622312}, {"country_iso": "LKA", "city_id": 8935, "log_pop": 3.981507, "log_mass": 6.497699, "log_pop_c": 0.70899, "log_mass_c": 0.79121}, {"country_iso": "LKA", "city_id": 9261, "log_pop": 1.733507, "log_mass": 4.179309, "log_pop_c": -1.263218, "log_mass_c": -1.129221}, {"country_iso": "LKA", "city_id": 8835, "log_pop": 3.665844, "log_mass": 6.119295, "log_pop_c": 0.186334, "log_mass_c": 0.16885}, {"country_iso": "LKA", "city_id": 8835, "log_pop": 3.158861, "log_mass": 5.668524, "log_pop_c": -0.320649, "log_mass_c": -0.28192}, {"country_iso": "LKA", "city_id": 8835, "log_pop": 3.093333, "log_mass": 5.838368, "log_pop_c": -0.386177, "log_mass_c": -0.112076}, {"country_iso": "LKA", "city_id": 8835, "log_pop": 3.720291, "log_mass": 6.287215, "log_pop_c": 0.240781, "log_mass_c": 0.336771}, {"country_iso": "LKA", "city_id": 8835, "log_pop": 4.474479, "log_mass": 6.663587, "log_pop_c": 0.994969, "log_mass_c": 0.713143}, {"country_iso": "LKA", "city_id": 8835, "log_pop": 2.542466, "log_mass": 5.070817, "log_pop_c": -0.937044, "log_mass_c": -0.879627}, {"country_iso": "LKA", "city_id": 9222, "log_pop": 2.986496, "log_mass": 5.508254, "log_pop_c": 0.132136, "log_mass_c": 0.171125}, {"country_iso": "LKA", "city_id": 8835, "log_pop": 4.281338, "log_mass": 6.59465, "log_pop_c": 0.801828, "log_mass_c": 0.644206}, {"country_iso": "LKA", "city_id": 9222, "log_pop": 3.380728, "log_mass": 5.726128, "log_pop_c": 0.526369, "log_mass_c": 0.388998}, {"country_iso": "LKA", "city_id": 8835, "log_pop": 3.877224, "log_mass": 5.971573, "log_pop_c": 0.397714, "log_mass_c": 0.021129}, {"country_iso": "LKA", "city_id": 8908, "log_pop": 3.480784, "log_mass": 5.918779, "log_pop_c": 0.289797, "log_mass_c": 0.253742}, {"country_iso": "LKA", "city_id": 8835, "log_pop": 4.066514, "log_mass": 6.29725, "log_pop_c": 0.587004, "log_mass_c": 0.346806}, {"country_iso": "LKA", "city_id": 9007, "log_pop": 2.063338, "log_mass": 4.266751, "log_pop_c": -1.174322, "log_mass_c": -1.41054}, {"country_iso": "LKA", "city_id": 8835, "log_pop": 3.864223, "log_mass": 6.055203, "log_pop_c": 0.384713, "log_mass_c": 0.104759}, {"country_iso": "LKA", "city_id": 8835, "log_pop": 1.607764, "log_mass": 4.992542, "log_pop_c": -1.871746, "log_mass_c": -0.957902}, {"country_iso": "LKA", "city_id": 8835, "log_pop": 4.261878, "log_mass": 6.450452, "log_pop_c": 0.782368, "log_mass_c": 0.500008}, {"country_iso": "LKA", "city_id": 8835, "log_pop": 0.676882, "log_mass": 5.212907, "log_pop_c": -2.802628, "log_mass_c": -0.737538}, {"country_iso": "LKA", "city_id": 8835, "log_pop": 1.749683, "log_mass": 5.346486, "log_pop_c": -1.729827, "log_mass_c": -0.603958}, {"country_iso": "LKA", "city_id": 8835, "log_pop": 3.645539, "log_mass": 6.201884, "log_pop_c": 0.166029, "log_mass_c": 0.25144}, {"country_iso": "LKA", "city_id": 8835, "log_pop": 4.478423, "log_mass": 6.6362, "log_pop_c": 0.998913, "log_mass_c": 0.685756}, {"country_iso": "LKA", "city_id": 8835, "log_pop": 4.234355, "log_mass": 6.174339, "log_pop_c": 0.754845, "log_mass_c": 0.223895}, {"country_iso": "LKA", "city_id": 8835, "log_pop": 4.144779, "log_mass": 6.483562, "log_pop_c": 0.665269, "log_mass_c": 0.533118}, {"country_iso": "LKA", "city_id": 8835, "log_pop": 4.19853, "log_mass": 5.959827, "log_pop_c": 0.71902, "log_mass_c": 0.009383}, {"country_iso": "LKA", "city_id": 9222, "log_pop": 1.553761, "log_mass": 4.075371, "log_pop_c": -1.300599, "log_mass_c": -1.261759}, {"country_iso": "LKA", "city_id": 8835, "log_pop": 2.706702, "log_mass": 5.627976, "log_pop_c": -0.772808, "log_mass_c": -0.322468}, {"country_iso": "LKA", "city_id": 8835, "log_pop": 3.022511, "log_mass": 5.200833, "log_pop_c": -0.456999, "log_mass_c": -0.749611}, {"country_iso": "LKA", "city_id": 8935, "log_pop": 4.429777, "log_mass": 6.515143, "log_pop_c": 1.15726, "log_mass_c": 0.808654}, {"country_iso": "LKA", "city_id": 8835, "log_pop": 4.368288, "log_mass": 6.640845, "log_pop_c": 0.888778, "log_mass_c": 0.6904}, {"country_iso": "LKA", "city_id": 9007, "log_pop": 3.514477, "log_mass": 5.941219, "log_pop_c": 0.276818, "log_mass_c": 0.263928}, {"country_iso": "LKA", "city_id": 8835, "log_pop": 4.004785, "log_mass": 6.498239, "log_pop_c": 0.525275, "log_mass_c": 0.547794}, {"country_iso": "LKA", "city_id": 9261, "log_pop": 3.78982, "log_mass": 5.949711, "log_pop_c": 0.793095, "log_mass_c": 0.641182}, {"country_iso": "LKA", "city_id": 9261, "log_pop": 3.448526, "log_mass": 5.806195, "log_pop_c": 0.451801, "log_mass_c": 0.497665}, {"country_iso": "LKA", "city_id": 8835, "log_pop": 4.323107, "log_mass": 6.55037, "log_pop_c": 0.843597, "log_mass_c": 0.599925}, {"country_iso": "LKA", "city_id": 8886, "log_pop": 2.960142, "log_mass": 5.372916, "log_pop_c": -0.156403, "log_mass_c": -0.315906}, {"country_iso": "LKA", "city_id": 8835, "log_pop": 1.093771, "log_mass": 5.223853, "log_pop_c": -2.385739, "log_mass_c": -0.726591}, {"country_iso": "LKA", "city_id": 9256, "log_pop": 4.10596, "log_mass": 6.059006, "log_pop_c": 0.718595, "log_mass_c": 0.418731}, {"country_iso": "LKA", "city_id": 8835, "log_pop": 4.532598, "log_mass": 6.454051, "log_pop_c": 1.053088, "log_mass_c": 0.503607}, {"country_iso": "LKA", "city_id": 8908, "log_pop": 3.699185, "log_mass": 6.068059, "log_pop_c": 0.508198, "log_mass_c": 0.403022}, {"country_iso": "LKA", "city_id": 8835, "log_pop": 4.21226, "log_mass": 6.518084, "log_pop_c": 0.73275, "log_mass_c": 0.56764}, {"country_iso": "LKA", "city_id": 8835, "log_pop": 2.318025, "log_mass": 4.950011, "log_pop_c": -1.161486, "log_mass_c": -1.000433}, {"country_iso": "LKA", "city_id": 9007, "log_pop": 3.61508, "log_mass": 5.8191, "log_pop_c": 0.37742, "log_mass_c": 0.14181}, {"country_iso": "LKA", "city_id": 8835, "log_pop": 4.368291, "log_mass": 6.538477, "log_pop_c": 0.888781, "log_mass_c": 0.588032}, {"country_iso": "LKA", "city_id": 8835, "log_pop": 3.23978, "log_mass": 5.916485, "log_pop_c": -0.23973, "log_mass_c": -0.03396}, {"country_iso": "LKA", "city_id": 8835, "log_pop": 3.00616, "log_mass": 5.653827, "log_pop_c": -0.47335, "log_mass_c": -0.296618}, {"country_iso": "LKA", "city_id": 8835, "log_pop": 1.917788, "log_mass": 4.849507, "log_pop_c": -1.561722, "log_mass_c": -1.100937}, {"country_iso": "LKA", "city_id": 8835, "log_pop": 2.221453, "log_mass": 5.101932, "log_pop_c": -1.258057, "log_mass_c": -0.848512}, {"country_iso": "LKA", "city_id": 8908, "log_pop": 2.089427, "log_mass": 5.137591, "log_pop_c": -1.101561, "log_mass_c": -0.527446}, {"country_iso": "LKA", "city_id": 9256, "log_pop": 2.25396, "log_mass": 4.534873, "log_pop_c": -1.133405, "log_mass_c": -1.105402}, {"country_iso": "LKA", "city_id": 8835, "log_pop": 3.098931, "log_mass": 5.558705, "log_pop_c": -0.380579, "log_mass_c": -0.391739}, {"country_iso": "LKA", "city_id": 8835, "log_pop": 3.964401, "log_mass": 6.479462, "log_pop_c": 0.484891, "log_mass_c": 0.529018}, {"country_iso": "LKA", "city_id": 8835, "log_pop": 4.480792, "log_mass": 6.68451, "log_pop_c": 1.001282, "log_mass_c": 0.734066}, {"country_iso": "LKA", "city_id": 8835, "log_pop": 4.035271, "log_mass": 5.939416, "log_pop_c": 0.555761, "log_mass_c": -0.011028}, {"country_iso": "LKA", "city_id": 8835, "log_pop": 4.258915, "log_mass": 6.563164, "log_pop_c": 0.779405, "log_mass_c": 0.612719}, {"country_iso": "LKA", "city_id": 8886, "log_pop": 4.156788, "log_mass": 6.448742, "log_pop_c": 1.040243, "log_mass_c": 0.759919}, {"country_iso": "LKA", "city_id": 9261, "log_pop": 0.949415, "log_mass": 3.582492, "log_pop_c": -2.04731, "log_mass_c": -1.726038}, {"country_iso": "LKA", "city_id": 8835, "log_pop": 4.191084, "log_mass": 6.45894, "log_pop_c": 0.711574, "log_mass_c": 0.508495}, {"country_iso": "LKA", "city_id": 8935, "log_pop": 3.897614, "log_mass": 6.348876, "log_pop_c": 0.625097, "log_mass_c": 0.642387}, {"country_iso": "LKA", "city_id": 8935, "log_pop": 2.029123, "log_mass": 4.789816, "log_pop_c": -1.243394, "log_mass_c": -0.916674}, {"country_iso": "LKA", "city_id": 9007, "log_pop": 0.926892, "log_mass": 3.790255, "log_pop_c": -2.310767, "log_mass_c": -1.887035}, {"country_iso": "LKA", "city_id": 9007, "log_pop": 3.661909, "log_mass": 6.160637, "log_pop_c": 0.424249, "log_mass_c": 0.483347}, {"country_iso": "LKA", "city_id": 9222, "log_pop": 4.063231, "log_mass": 6.165341, "log_pop_c": 1.208871, "log_mass_c": 0.828211}, {"country_iso": "LKA", "city_id": 8908, "log_pop": 1.788821, "log_mass": 4.244735, "log_pop_c": -1.402167, "log_mass_c": -1.420302}, {"country_iso": "LKA", "city_id": 8935, "log_pop": 4.296822, "log_mass": 6.503802, "log_pop_c": 1.024305, "log_mass_c": 0.797313}, {"country_iso": "LKA", "city_id": 8835, "log_pop": 3.077908, "log_mass": 4.974733, "log_pop_c": -0.401602, "log_mass_c": -0.975711}, {"country_iso": "LKA", "city_id": 8908, "log_pop": 2.145686, "log_mass": 4.878334, "log_pop_c": -1.045302, "log_mass_c": -0.786703}, {"country_iso": "LKA", "city_id": 8835, "log_pop": 4.187008, "log_mass": 6.57632, "log_pop_c": 0.707497, "log_mass_c": 0.625876}, {"country_iso": "LKA", "city_id": 8835, "log_pop": 4.190957, "log_mass": 6.501326, "log_pop_c": 0.711447, "log_mass_c": 0.550882}, {"country_iso": "LKA", "city_id": 8835, "log_pop": 4.342694, "log_mass": 6.536511, "log_pop_c": 0.863184, "log_mass_c": 0.586067}, {"country_iso": "LKA", "city_id": 8835, "log_pop": 2.209429, "log_mass": 5.076712, "log_pop_c": -1.270081, "log_mass_c": -0.873732}, {"country_iso": "LKA", "city_id": 9222, "log_pop": 3.378407, "log_mass": 5.465012, "log_pop_c": 0.524047, "log_mass_c": 0.127882}, {"country_iso": "LKA", "city_id": 8835, "log_pop": 2.559351, "log_mass": 5.360087, "log_pop_c": -0.92016, "log_mass_c": -0.590357}, {"country_iso": "LKA", "city_id": 8886, "log_pop": 3.527271, "log_mass": 6.120415, "log_pop_c": 0.410726, "log_mass_c": 0.431593}, {"country_iso": "LKA", "city_id": 8835, "log_pop": 0.813532, "log_mass": 3.665935, "log_pop_c": -2.665978, "log_mass_c": -2.284509}, {"country_iso": "LKA", "city_id": 8886, "log_pop": 3.263056, "log_mass": 5.887148, "log_pop_c": 0.146511, "log_mass_c": 0.198326}, {"country_iso": "LKA", "city_id": 8835, "log_pop": 0.790639, "log_mass": 4.522424, "log_pop_c": -2.688871, "log_mass_c": -1.42802}, {"country_iso": "LKA", "city_id": 8835, "log_pop": 0.695698, "log_mass": 3.567419, "log_pop_c": -2.783812, "log_mass_c": -2.383026}, {"country_iso": "LKA", "city_id": 8835, "log_pop": 0.913225, "log_mass": 3.291265, "log_pop_c": -2.566285, "log_mass_c": -2.659179}, {"country_iso": "LKA", "city_id": 9007, "log_pop": 4.336221, "log_mass": 6.556108, "log_pop_c": 1.098562, "log_mass_c": 0.878817}, {"country_iso": "LKA", "city_id": 8835, "log_pop": 1.916512, "log_mass": 5.289006, "log_pop_c": -1.562998, "log_mass_c": -0.661438}, {"country_iso": "LKA", "city_id": 8908, "log_pop": 2.985018, "log_mass": 5.647956, "log_pop_c": -0.20597, "log_mass_c": -0.017081}, {"country_iso": "LKA", "city_id": 8835, "log_pop": 2.689582, "log_mass": 5.268951, "log_pop_c": -0.789928, "log_mass_c": -0.681494}, {"country_iso": "LKA", "city_id": 9007, "log_pop": 3.881966, "log_mass": 6.273239, "log_pop_c": 0.644307, "log_mass_c": 0.595948}, {"country_iso": "LKA", "city_id": 9007, "log_pop": 2.65424, "log_mass": 4.993179, "log_pop_c": -0.58342, "log_mass_c": -0.684112}, {"country_iso": "LKA", "city_id": 8835, "log_pop": 4.625017, "log_mass": 6.654894, "log_pop_c": 1.145507, "log_mass_c": 0.70445}, {"country_iso": "LKA", "city_id": 8886, "log_pop": 3.367733, "log_mass": 5.951762, "log_pop_c": 0.251188, "log_mass_c": 0.262939}, {"country_iso": "LKA", "city_id": 8835, "log_pop": 4.251291, "log_mass": 6.507197, "log_pop_c": 0.771781, "log_mass_c": 0.556753}, {"country_iso": "LKA", "city_id": 8886, "log_pop": 2.272166, "log_mass": 5.114475, "log_pop_c": -0.84438, "log_mass_c": -0.574347}, {"country_iso": "LKA", "city_id": 8835, "log_pop": 4.000618, "log_mass": 6.485883, "log_pop_c": 0.521108, "log_mass_c": 0.535438}, {"country_iso": "LKA", "city_id": 9261, "log_pop": 4.335209, "log_mass": 6.403289, "log_pop_c": 1.338484, "log_mass_c": 1.09476}, {"country_iso": "LKA", "city_id": 8835, "log_pop": 1.960808, "log_mass": 3.673054, "log_pop_c": -1.518702, "log_mass_c": -2.27739}, {"country_iso": "LKA", "city_id": 8835, "log_pop": 1.402155, "log_mass": 5.176087, "log_pop_c": -2.077355, "log_mass_c": -0.774358}, {"country_iso": "LKA", "city_id": 8835, "log_pop": 3.150885, "log_mass": 5.580057, "log_pop_c": -0.328625, "log_mass_c": -0.370388}, {"country_iso": "LKA", "city_id": 8835, "log_pop": 4.0849, "log_mass": 6.313588, "log_pop_c": 0.60539, "log_mass_c": 0.363143}, {"country_iso": "LKA", "city_id": 9222, "log_pop": 1.802592, "log_mass": 4.53884, "log_pop_c": -1.051768, "log_mass_c": -0.79829}, {"country_iso": "LKA", "city_id": 8835, "log_pop": 4.167253, "log_mass": 6.491605, "log_pop_c": 0.687743, "log_mass_c": 0.54116}, {"country_iso": "LKA", "city_id": 8835, "log_pop": 3.497545, "log_mass": 5.592417, "log_pop_c": 0.018035, "log_mass_c": -0.358027}, {"country_iso": "LKA", "city_id": 8835, "log_pop": 3.009427, "log_mass": 5.573213, "log_pop_c": -0.470083, "log_mass_c": -0.377231}, {"country_iso": "LKA", "city_id": 8835, "log_pop": 1.151518, "log_mass": 4.048625, "log_pop_c": -2.327993, "log_mass_c": -1.901819}, {"country_iso": "LKA", "city_id": 8835, "log_pop": 3.773346, "log_mass": 5.98259, "log_pop_c": 0.293836, "log_mass_c": 0.032146}, {"country_iso": "LKA", "city_id": 9007, "log_pop": 2.212353, "log_mass": 5.107355, "log_pop_c": -1.025307, "log_mass_c": -0.569936}, {"country_iso": "LKA", "city_id": 9256, "log_pop": 3.916121, "log_mass": 6.075818, "log_pop_c": 0.528755, "log_mass_c": 0.435543}, {"country_iso": "LKA", "city_id": 8835, "log_pop": 3.918329, "log_mass": 5.84057, "log_pop_c": 0.438818, "log_mass_c": -0.109874}, {"country_iso": "LKA", "city_id": 9007, "log_pop": 3.391894, "log_mass": 5.64925, "log_pop_c": 0.154234, "log_mass_c": -0.02804}, {"country_iso": "LKA", "city_id": 8835, "log_pop": 3.086258, "log_mass": 5.56381, "log_pop_c": -0.393252, "log_mass_c": -0.386634}, {"country_iso": "LKA", "city_id": 8835, "log_pop": 3.707929, "log_mass": 6.247411, "log_pop_c": 0.228419, "log_mass_c": 0.296967}, {"country_iso": "LKA", "city_id": 8835, "log_pop": 4.269338, "log_mass": 6.531475, "log_pop_c": 0.789828, "log_mass_c": 0.58103}, {"country_iso": "LKA", "city_id": 8935, "log_pop": 3.98459, "log_mass": 6.30176, "log_pop_c": 0.712073, "log_mass_c": 0.595271}, {"country_iso": "LKA", "city_id": 8835, "log_pop": 3.734572, "log_mass": 6.461769, "log_pop_c": 0.255062, "log_mass_c": 0.511324}, {"country_iso": "LKA", "city_id": 8908, "log_pop": 3.655403, "log_mass": 6.081049, "log_pop_c": 0.464415, "log_mass_c": 0.416012}, {"country_iso": "LKA", "city_id": 8835, "log_pop": 3.572531, "log_mass": 6.221294, "log_pop_c": 0.093021, "log_mass_c": 0.27085}, {"country_iso": "LKA", "city_id": 8908, "log_pop": 2.725069, "log_mass": 5.441061, "log_pop_c": -0.465919, "log_mass_c": -0.223976}, {"country_iso": "LKA", "city_id": 8908, "log_pop": 2.818816, "log_mass": 4.938652, "log_pop_c": -0.372171, "log_mass_c": -0.726385}, {"country_iso": "LKA", "city_id": 9007, "log_pop": 3.872856, "log_mass": 5.974442, "log_pop_c": 0.635197, "log_mass_c": 0.297151}, {"country_iso": "LKA", "city_id": 8835, "log_pop": 4.176891, "log_mass": 6.275289, "log_pop_c": 0.697381, "log_mass_c": 0.324845}, {"country_iso": "LKA", "city_id": 9007, "log_pop": 3.698138, "log_mass": 5.997049, "log_pop_c": 0.460479, "log_mass_c": 0.319758}, {"country_iso": "LKA", "city_id": 8935, "log_pop": 4.016054, "log_mass": 6.449373, "log_pop_c": 0.743536, "log_mass_c": 0.742883}, {"country_iso": "LKA", "city_id": 8835, "log_pop": 4.055018, "log_mass": 6.38145, "log_pop_c": 0.575507, "log_mass_c": 0.431006}, {"country_iso": "LKA", "city_id": 8835, "log_pop": 4.245693, "log_mass": 6.534376, "log_pop_c": 0.766183, "log_mass_c": 0.583931}, {"country_iso": "LKA", "city_id": 8835, "log_pop": 1.306034, "log_mass": 4.352081, "log_pop_c": -2.173477, "log_mass_c": -1.598364}, {"country_iso": "LKA", "city_id": 8835, "log_pop": 2.254433, "log_mass": 5.278112, "log_pop_c": -1.225078, "log_mass_c": -0.672332}, {"country_iso": "LKA", "city_id": 8835, "log_pop": 1.625987, "log_mass": 4.998345, "log_pop_c": -1.853523, "log_mass_c": -0.9521}, {"country_iso": "LKA", "city_id": 8835, "log_pop": 4.751962, "log_mass": 6.757298, "log_pop_c": 1.272451, "log_mass_c": 0.806854}, {"country_iso": "LKA", "city_id": 8835, "log_pop": 4.452399, "log_mass": 6.594351, "log_pop_c": 0.972888, "log_mass_c": 0.643907}, {"country_iso": "LKA", "city_id": 8835, "log_pop": 2.01429, "log_mass": 5.213777, "log_pop_c": -1.465221, "log_mass_c": -0.736667}, {"country_iso": "LKA", "city_id": 8835, "log_pop": 3.770329, "log_mass": 5.981084, "log_pop_c": 0.290819, "log_mass_c": 0.03064}, {"country_iso": "LKA", "city_id": 8835, "log_pop": 4.613604, "log_mass": 6.711471, "log_pop_c": 1.134094, "log_mass_c": 0.761027}, {"country_iso": "LKA", "city_id": 8835, "log_pop": 4.130197, "log_mass": 6.522993, "log_pop_c": 0.650687, "log_mass_c": 0.572549}, {"country_iso": "LKA", "city_id": 8835, "log_pop": 4.386792, "log_mass": 6.582006, "log_pop_c": 0.907282, "log_mass_c": 0.631561}, {"country_iso": "LKA", "city_id": 8835, "log_pop": 4.601068, "log_mass": 6.731063, "log_pop_c": 1.121558, "log_mass_c": 0.780618}, {"country_iso": "LKA", "city_id": 8835, "log_pop": 2.939093, "log_mass": 5.36744, "log_pop_c": -0.540417, "log_mass_c": -0.583004}, {"country_iso": "LKA", "city_id": 9256, "log_pop": 2.873905, "log_mass": 5.55653, "log_pop_c": -0.513461, "log_mass_c": -0.083745}, {"country_iso": "LKA", "city_id": 8935, "log_pop": 1.629792, "log_mass": 4.302197, "log_pop_c": -1.642725, "log_mass_c": -1.404293}, {"country_iso": "LKA", "city_id": 8835, "log_pop": 3.625029, "log_mass": 6.265228, "log_pop_c": 0.145518, "log_mass_c": 0.314784}, {"country_iso": "LKA", "city_id": 8835, "log_pop": 2.323966, "log_mass": 5.244043, "log_pop_c": -1.155544, "log_mass_c": -0.706401}, {"country_iso": "LKA", "city_id": 9261, "log_pop": 2.87728, "log_mass": 5.297598, "log_pop_c": -0.119445, "log_mass_c": -0.010932}, {"country_iso": "LKA", "city_id": 8835, "log_pop": 4.21152, "log_mass": 6.519755, "log_pop_c": 0.73201, "log_mass_c": 0.569311}, {"country_iso": "LKA", "city_id": 8835, "log_pop": 3.954414, "log_mass": 6.223814, "log_pop_c": 0.474904, "log_mass_c": 0.27337}, {"country_iso": "LKA", "city_id": 8835, "log_pop": 4.08145, "log_mass": 6.413384, "log_pop_c": 0.60194, "log_mass_c": 0.46294}, {"country_iso": "LKA", "city_id": 9007, "log_pop": 3.977411, "log_mass": 6.352053, "log_pop_c": 0.739751, "log_mass_c": 0.674763}, {"country_iso": "LKA", "city_id": 8835, "log_pop": 4.19068, "log_mass": 6.162498, "log_pop_c": 0.71117, "log_mass_c": 0.212054}, {"country_iso": "LKA", "city_id": 8835, "log_pop": 4.337484, "log_mass": 6.594722, "log_pop_c": 0.857973, "log_mass_c": 0.644278}, {"country_iso": "LKA", "city_id": 8835, "log_pop": 1.826331, "log_mass": 5.118722, "log_pop_c": -1.653179, "log_mass_c": -0.831722}, {"country_iso": "LKA", "city_id": 9007, "log_pop": 3.27472, "log_mass": 5.603742, "log_pop_c": 0.03706, "log_mass_c": -0.073548}, {"country_iso": "LKA", "city_id": 8835, "log_pop": 4.212398, "log_mass": 6.514322, "log_pop_c": 0.732888, "log_mass_c": 0.563878}, {"country_iso": "LKA", "city_id": 8886, "log_pop": 3.783727, "log_mass": 6.430883, "log_pop_c": 0.667182, "log_mass_c": 0.742061}, {"country_iso": "LKA", "city_id": 8835, "log_pop": 3.456381, "log_mass": 6.169399, "log_pop_c": -0.023129, "log_mass_c": 0.218954}, {"country_iso": "LKA", "city_id": 8835, "log_pop": 4.353481, "log_mass": 6.588403, "log_pop_c": 0.873971, "log_mass_c": 0.637959}, {"country_iso": "LKA", "city_id": 8835, "log_pop": 4.174251, "log_mass": 6.533352, "log_pop_c": 0.69474, "log_mass_c": 0.582907}, {"country_iso": "LKA", "city_id": 9007, "log_pop": 2.580827, "log_mass": 5.120383, "log_pop_c": -0.656833, "log_mass_c": -0.556907}, {"country_iso": "LKA", "city_id": 8835, "log_pop": 2.562555, "log_mass": 5.118783, "log_pop_c": -0.916955, "log_mass_c": -0.831661}, {"country_iso": "LKA", "city_id": 8835, "log_pop": 2.456844, "log_mass": 5.453983, "log_pop_c": -1.022666, "log_mass_c": -0.496462}, {"country_iso": "LKA", "city_id": 9222, "log_pop": 2.986843, "log_mass": 5.470587, "log_pop_c": 0.132484, "log_mass_c": 0.133457}, {"country_iso": "LKA", "city_id": 8835, "log_pop": 4.324551, "log_mass": 6.241004, "log_pop_c": 0.845041, "log_mass_c": 0.29056}, {"country_iso": "LKA", "city_id": 8908, "log_pop": 3.440072, "log_mass": 5.971925, "log_pop_c": 0.249085, "log_mass_c": 0.306888}, {"country_iso": "LKA", "city_id": 8835, "log_pop": 4.936648, "log_mass": 6.743009, "log_pop_c": 1.457137, "log_mass_c": 0.792565}, {"country_iso": "LKA", "city_id": 8835, "log_pop": 4.665213, "log_mass": 6.597692, "log_pop_c": 1.185702, "log_mass_c": 0.647247}, {"country_iso": "LKA", "city_id": 8835, "log_pop": 3.888416, "log_mass": 6.234599, "log_pop_c": 0.408906, "log_mass_c": 0.284155}, {"country_iso": "LKA", "city_id": 8835, "log_pop": 3.981726, "log_mass": 6.323066, "log_pop_c": 0.502215, "log_mass_c": 0.372622}, {"country_iso": "LKA", "city_id": 8835, "log_pop": 3.854293, "log_mass": 6.140203, "log_pop_c": 0.374783, "log_mass_c": 0.189759}, {"country_iso": "LKA", "city_id": 9222, "log_pop": 3.429323, "log_mass": 5.787479, "log_pop_c": 0.574964, "log_mass_c": 0.450349}, {"country_iso": "LKA", "city_id": 9261, "log_pop": 3.373306, "log_mass": 5.542553, "log_pop_c": 0.376581, "log_mass_c": 0.234023}, {"country_iso": "LKA", "city_id": 8835, "log_pop": 2.426134, "log_mass": 5.488636, "log_pop_c": -1.053376, "log_mass_c": -0.461808}, {"country_iso": "LKA", "city_id": 9261, "log_pop": 1.775843, "log_mass": 4.27867, "log_pop_c": -1.220882, "log_mass_c": -1.02986}, {"country_iso": "LKA", "city_id": 9222, "log_pop": 1.737139, "log_mass": 4.567255, "log_pop_c": -1.117221, "log_mass_c": -0.769875}, {"country_iso": "LKA", "city_id": 8835, "log_pop": 4.002623, "log_mass": 6.485145, "log_pop_c": 0.523113, "log_mass_c": 0.534701}, {"country_iso": "LKA", "city_id": 8835, "log_pop": 2.828106, "log_mass": 4.973691, "log_pop_c": -0.651404, "log_mass_c": -0.976754}, {"country_iso": "LKA", "city_id": 8835, "log_pop": 4.211105, "log_mass": 6.512506, "log_pop_c": 0.731595, "log_mass_c": 0.562062}, {"country_iso": "LKA", "city_id": 8835, "log_pop": 3.95243, "log_mass": 6.479985, "log_pop_c": 0.47292, "log_mass_c": 0.529541}, {"country_iso": "LKA", "city_id": 9007, "log_pop": 3.927393, "log_mass": 6.356104, "log_pop_c": 0.689733, "log_mass_c": 0.678813}, {"country_iso": "LKA", "city_id": 8835, "log_pop": 3.149599, "log_mass": 6.271998, "log_pop_c": -0.329911, "log_mass_c": 0.321554}, {"country_iso": "LKA", "city_id": 8935, "log_pop": 3.166768, "log_mass": 5.207311, "log_pop_c": -0.105749, "log_mass_c": -0.499178}, {"country_iso": "LKA", "city_id": 8835, "log_pop": 1.990148, "log_mass": 4.933542, "log_pop_c": -1.489363, "log_mass_c": -1.016902}, {"country_iso": "LKA", "city_id": 9261, "log_pop": 3.168486, "log_mass": 5.486021, "log_pop_c": 0.171761, "log_mass_c": 0.177492}, {"country_iso": "LKA", "city_id": 8835, "log_pop": 1.251235, "log_mass": 4.168288, "log_pop_c": -2.228275, "log_mass_c": -1.782157}, {"country_iso": "LKA", "city_id": 8835, "log_pop": 4.082005, "log_mass": 6.491847, "log_pop_c": 0.602495, "log_mass_c": 0.541403}, {"country_iso": "LKA", "city_id": 8835, "log_pop": 4.872062, "log_mass": 6.712418, "log_pop_c": 1.392552, "log_mass_c": 0.761974}, {"country_iso": "LKA", "city_id": 8935, "log_pop": 3.875791, "log_mass": 6.442695, "log_pop_c": 0.603273, "log_mass_c": 0.736206}, {"country_iso": "LKA", "city_id": 8908, "log_pop": 4.13418, "log_mass": 6.300999, "log_pop_c": 0.943192, "log_mass_c": 0.635962}, {"country_iso": "LKA", "city_id": 8935, "log_pop": 4.148412, "log_mass": 6.45276, "log_pop_c": 0.875895, "log_mass_c": 0.746271}, {"country_iso": "LKA", "city_id": 8835, "log_pop": 2.397831, "log_mass": 4.934443, "log_pop_c": -1.081679, "log_mass_c": -1.016002}, {"country_iso": "LKA", "city_id": 8886, "log_pop": 3.722229, "log_mass": 6.280682, "log_pop_c": 0.605684, "log_mass_c": 0.591859}, {"country_iso": "LKA", "city_id": 8835, "log_pop": 3.842902, "log_mass": 5.986127, "log_pop_c": 0.363392, "log_mass_c": 0.035683}, {"country_iso": "LKA", "city_id": 8835, "log_pop": 2.607396, "log_mass": 5.303794, "log_pop_c": -0.872114, "log_mass_c": -0.64665}, {"country_iso": "LKA", "city_id": 8886, "log_pop": 2.892246, "log_mass": 5.424078, "log_pop_c": -0.224299, "log_mass_c": -0.264744}, {"country_iso": "LKA", "city_id": 8835, "log_pop": 2.281058, "log_mass": 5.378743, "log_pop_c": -1.198452, "log_mass_c": -0.571701}, {"country_iso": "LKA", "city_id": 8935, "log_pop": 2.093871, "log_mass": 4.498737, "log_pop_c": -1.178646, "log_mass_c": -1.207752}, {"country_iso": "LKA", "city_id": 9261, "log_pop": 3.150968, "log_mass": 5.495009, "log_pop_c": 0.154242, "log_mass_c": 0.186479}, {"country_iso": "LKA", "city_id": 8835, "log_pop": 4.019963, "log_mass": 6.497544, "log_pop_c": 0.540453, "log_mass_c": 0.5471}, {"country_iso": "LKA", "city_id": 8835, "log_pop": 4.310203, "log_mass": 6.254557, "log_pop_c": 0.830693, "log_mass_c": 0.304113}, {"country_iso": "LKA", "city_id": 8835, "log_pop": 2.046148, "log_mass": 5.186087, "log_pop_c": -1.433363, "log_mass_c": -0.764357}, {"country_iso": "LKA", "city_id": 8835, "log_pop": 3.145223, "log_mass": 5.631596, "log_pop_c": -0.334287, "log_mass_c": -0.318848}, {"country_iso": "LKA", "city_id": 8835, "log_pop": 3.684341, "log_mass": 5.618937, "log_pop_c": 0.204831, "log_mass_c": -0.331507}]