[{"country_iso": "CHL", "city_id": 931, "log_pop": 4.038765, "log_mass": 6.223341, "log_pop_c": 0.277251, "log_mass_c": 0.174105}, {"country_iso": "CHL", "city_id": 901, "log_pop": 2.546408, "log_mass": 5.238773, "log_pop_c": -0.264328, "log_mass_c": -0.07337}, {"country_iso": "CHL", "city_id": 946, "log_pop": 3.289295, "log_mass": 5.702564, "log_pop_c": 0.047594, "log_mass_c": 0.07797}, {"country_iso": "CHL", "city_id": 944, "log_pop": 3.882628, "log_mass": 6.310473, "log_pop_c": 0.815523, "log_mass_c": 0.730317}, {"country_iso": "CHL", "city_id": 901, "log_pop": 2.338521, "log_mass": 4.495874, "log_pop_c": -0.472214, "log_mass_c": -0.816269}, {"country_iso": "CHL", "city_id": 931, "log_pop": 3.97687, "log_mass": 6.191157, "log_pop_c": 0.215356, "log_mass_c": 0.141921}, {"country_iso": "CHL", "city_id": 931, "log_pop": 4.018643, "log_mass": 6.269319, "log_pop_c": 0.25713, "log_mass_c": 0.220083}, {"country_iso": "CHL", "city_id": 931, "log_pop": 4.216242, "log_mass": 6.197814, "log_pop_c": 0.454729, "log_mass_c": 0.148578}, {"country_iso": "CHL", "city_id": 914, "log_pop": 3.14363, "log_mass": 5.611111, "log_pop_c": -0.150211, "log_mass_c": -0.120408}, {"country_iso": "CHL", "city_id": 931, "log_pop": 4.698229, "log_mass": 6.420072, "log_pop_c": 0.936716, "log_mass_c": 0.370836}, {"country_iso": "CHL", "city_id": 931, "log_pop": 3.707409, "log_mass": 6.309981, "log_pop_c": -0.054104, "log_mass_c": 0.260746}, {"country_iso": "CHL", "city_id": 901, "log_pop": 2.408156, "log_mass": 4.967252, "log_pop_c": -0.402579, "log_mass_c": -0.344891}, {"country_iso": "CHL", "city_id": 931, "log_pop": 4.189492, "log_mass": 6.549961, "log_pop_c": 0.427979, "log_mass_c": 0.500725}, {"country_iso": "CHL", "city_id": 901, "log_pop": 2.400769, "log_mass": 5.25552, "log_pop_c": -0.409967, "log_mass_c": -0.056623}, {"country_iso": "CHL", "city_id": 931, "log_pop": 4.655783, "log_mass": 6.595719, "log_pop_c": 0.894269, "log_mass_c": 0.546483}, {"country_iso": "CHL", "city_id": 931, "log_pop": 4.302435, "log_mass": 6.554178, "log_pop_c": 0.540921, "log_mass_c": 0.504942}, {"country_iso": "CHL", "city_id": 931, "log_pop": 2.128773, "log_mass": 4.901502, "log_pop_c": -1.63274, "log_mass_c": -1.147734}, {"country_iso": "CHL", "city_id": 931, "log_pop": 3.321984, "log_mass": 6.122332, "log_pop_c": -0.43953, "log_mass_c": 0.073097}, {"country_iso": "CHL", "city_id": 914, "log_pop": 1.829291, "log_mass": 5.27168, "log_pop_c": -1.46455, "log_mass_c": -0.459838}, {"country_iso": "CHL", "city_id": 931, "log_pop": 2.379086, "log_mass": 5.521356, "log_pop_c": -1.382427, "log_mass_c": -0.52788}, {"country_iso": "CHL", "city_id": 946, "log_pop": 3.888587, "log_mass": 6.121282, "log_pop_c": 0.646885, "log_mass_c": 0.496688}, {"country_iso": "CHL", "city_id": 931, "log_pop": 4.162985, "log_mass": 6.664991, "log_pop_c": 0.401471, "log_mass_c": 0.615755}, {"country_iso": "CHL", "city_id": 901, "log_pop": 2.907454, "log_mass": 5.056301, "log_pop_c": 0.096719, "log_mass_c": -0.255842}, {"country_iso": "CHL", "city_id": 914, "log_pop": 3.769583, "log_mass": 6.199876, "log_pop_c": 0.475742, "log_mass_c": 0.468358}, {"country_iso": "CHL", "city_id": 936, "log_pop": 3.465573, "log_mass": 6.065552, "log_pop_c": 0.028662, "log_mass_c": 0.265077}, {"country_iso": "CHL", "city_id": 931, "log_pop": 4.119493, "log_mass": 6.566857, "log_pop_c": 0.357979, "log_mass_c": 0.517621}, {"country_iso": "CHL", "city_id": 931, "log_pop": 3.992474, "log_mass": 6.214476, "log_pop_c": 0.230961, "log_mass_c": 0.16524}, {"country_iso": "CHL", "city_id": 931, "log_pop": 3.936531, "log_mass": 6.035229, "log_pop_c": 0.175018, "log_mass_c": -0.014007}, {"country_iso": "CHL", "city_id": 931, "log_pop": 3.921684, "log_mass": 5.838647, "log_pop_c": 0.160171, "log_mass_c": -0.210589}, {"country_iso": "CHL", "city_id": 958, "log_pop": 3.016734, "log_mass": 5.619482, "log_pop_c": -0.478806, "log_mass_c": -0.33942}, {"country_iso": "CHL", "city_id": 901, "log_pop": 2.695562, "log_mass": 4.838581, "log_pop_c": -0.115173, "log_mass_c": -0.473562}, {"country_iso": "CHL", "city_id": 931, "log_pop": 2.875518, "log_mass": 5.832399, "log_pop_c": -0.885996, "log_mass_c": -0.216837}, {"country_iso": "CHL", "city_id": 901, "log_pop": 2.808937, "log_mass": 5.16827, "log_pop_c": -0.001798, "log_mass_c": -0.143873}, {"country_iso": "CHL", "city_id": 958, "log_pop": 3.563049, "log_mass": 6.029839, "log_pop_c": 0.06751, "log_mass_c": 0.070937}, {"country_iso": "CHL", "city_id": 931, "log_pop": 3.96225, "log_mass": 6.31118, "log_pop_c": 0.200737, "log_mass_c": 0.261944}, {"country_iso": "CHL", "city_id": 931, "log_pop": 3.051797, "log_mass": 6.10584, "log_pop_c": -0.709717, "log_mass_c": 0.056604}, {"country_iso": "CHL", "city_id": 901, "log_pop": 2.379957, "log_mass": 5.171077, "log_pop_c": -0.430779, "log_mass_c": -0.141066}, {"country_iso": "CHL", "city_id": 901, "log_pop": 3.41467, "log_mass": 5.74299, "log_pop_c": 0.603935, "log_mass_c": 0.430847}, {"country_iso": "CHL", "city_id": 944, "log_pop": 2.630619, "log_mass": 5.1888, "log_pop_c": -0.436486, "log_mass_c": -0.391356}, {"country_iso": "CHL", "city_id": 931, "log_pop": 4.254465, "log_mass": 6.441768, "log_pop_c": 0.492952, "log_mass_c": 0.392532}, {"country_iso": "CHL", "city_id": 931, "log_pop": 4.438804, "log_mass": 6.262151, "log_pop_c": 0.67729, "log_mass_c": 0.212915}, {"country_iso": "CHL", "city_id": 944, "log_pop": 4.039934, "log_mass": 6.442738, "log_pop_c": 0.972828, "log_mass_c": 0.862583}, {"country_iso": "CHL", "city_id": 901, "log_pop": 3.452935, "log_mass": 6.065093, "log_pop_c": 0.642199, "log_mass_c": 0.75295}, {"country_iso": "CHL", "city_id": 914, "log_pop": 3.998694, "log_mass": 6.398496, "log_pop_c": 0.704853, "log_mass_c": 0.666978}, {"country_iso": "CHL", "city_id": 931, "log_pop": 2.88674, "log_mass": 5.801535, "log_pop_c": -0.874773, "log_mass_c": -0.247701}, {"country_iso": "CHL", "city_id": 958, "log_pop": 3.76278, "log_mass": 6.096222, "log_pop_c": 0.267241, "log_mass_c": 0.137321}, {"country_iso": "CHL", "city_id": 931, "log_pop": 4.277257, "log_mass": 6.368291, "log_pop_c": 0.515744, "log_mass_c": 0.319055}, {"country_iso": "CHL", "city_id": 901, "log_pop": 3.477499, "log_mass": 5.701246, "log_pop_c": 0.666763, "log_mass_c": 0.389103}, {"country_iso": "CHL", "city_id": 946, "log_pop": 3.811147, "log_mass": 6.228081, "log_pop_c": 0.569446, "log_mass_c": 0.603487}, {"country_iso": "CHL", "city_id": 901, "log_pop": 3.248378, "log_mass": 5.387477, "log_pop_c": 0.437643, "log_mass_c": 0.075334}, {"country_iso": "CHL", "city_id": 931, "log_pop": 4.06379, "log_mass": 6.293958, "log_pop_c": 0.302277, "log_mass_c": 0.244722}, {"country_iso": "CHL", "city_id": 931, "log_pop": 4.271248, "log_mass": 6.370737, "log_pop_c": 0.509735, "log_mass_c": 0.321501}, {"country_iso": "CHL", "city_id": 914, "log_pop": 3.919408, "log_mass": 6.293639, "log_pop_c": 0.625567, "log_mass_c": 0.562121}, {"country_iso": "CHL", "city_id": 931, "log_pop": 4.41005, "log_mass": 6.469156, "log_pop_c": 0.648537, "log_mass_c": 0.41992}, {"country_iso": "CHL", "city_id": 931, "log_pop": 2.709273, "log_mass": 5.154084, "log_pop_c": -1.05224, "log_mass_c": -0.895152}, {"country_iso": "CHL", "city_id": 936, "log_pop": 4.163869, "log_mass": 6.429835, "log_pop_c": 0.726957, "log_mass_c": 0.62936}, {"country_iso": "CHL", "city_id": 931, "log_pop": 3.829308, "log_mass": 6.226536, "log_pop_c": 0.067795, "log_mass_c": 0.1773}, {"country_iso": "CHL", "city_id": 946, "log_pop": 3.774459, "log_mass": 6.113787, "log_pop_c": 0.532758, "log_mass_c": 0.489193}, {"country_iso": "CHL", "city_id": 914, "log_pop": 3.762328, "log_mass": 6.04667, "log_pop_c": 0.468487, "log_mass_c": 0.315151}, {"country_iso": "CHL", "city_id": 931, "log_pop": 4.244286, "log_mass": 6.173975, "log_pop_c": 0.482773, "log_mass_c": 0.124739}, {"country_iso": "CHL", "city_id": 936, "log_pop": 3.10556, "log_mass": 5.560469, "log_pop_c": -0.331352, "log_mass_c": -0.240007}, {"country_iso": "CHL", "city_id": 931, "log_pop": 2.782627, "log_mass": 4.881479, "log_pop_c": -0.978886, "log_mass_c": -1.167757}, {"country_iso": "CHL", "city_id": 931, "log_pop": 4.304643, "log_mass": 6.398354, "log_pop_c": 0.543129, "log_mass_c": 0.349118}, {"country_iso": "CHL", "city_id": 901, "log_pop": 3.232187, "log_mass": 5.641759, "log_pop_c": 0.421451, "log_mass_c": 0.329616}, {"country_iso": "CHL", "city_id": 914, "log_pop": 3.396412, "log_mass": 5.774911, "log_pop_c": 0.102571, "log_mass_c": 0.043392}, {"country_iso": "CHL", "city_id": 901, "log_pop": 3.051402, "log_mass": 5.133473, "log_pop_c": 0.240667, "log_mass_c": -0.17867}, {"country_iso": "CHL", "city_id": 931, "log_pop": 3.728318, "log_mass": 6.097705, "log_pop_c": -0.033195, "log_mass_c": 0.048469}, {"country_iso": "CHL", "city_id": 931, "log_pop": 3.26807, "log_mass": 5.575726, "log_pop_c": -0.493443, "log_mass_c": -0.47351}, {"country_iso": "CHL", "city_id": 944, "log_pop": 0.989778, "log_mass": 3.853124, "log_pop_c": -2.077327, "log_mass_c": -1.727031}, {"country_iso": "CHL", "city_id": 931, "log_pop": 4.098065, "log_mass": 6.488894, "log_pop_c": 0.336552, "log_mass_c": 0.439658}, {"country_iso": "CHL", "city_id": 931, "log_pop": 4.179744, "log_mass": 6.424791, "log_pop_c": 0.418231, "log_mass_c": 0.375555}, {"country_iso": "CHL", "city_id": 936, "log_pop": 3.896999, "log_mass": 6.152998, "log_pop_c": 0.460087, "log_mass_c": 0.352522}, {"country_iso": "CHL", "city_id": 944, "log_pop": 3.379233, "log_mass": 5.752519, "log_pop_c": 0.312128, "log_mass_c": 0.172364}, {"country_iso": "CHL", "city_id": 931, "log_pop": 4.269975, "log_mass": 6.419804, "log_pop_c": 0.508461, "log_mass_c": 0.370568}, {"country_iso": "CHL", "city_id": 936, "log_pop": 4.038876, "log_mass": 6.352891, "log_pop_c": 0.601964, "log_mass_c": 0.552415}, {"country_iso": "CHL", "city_id": 958, "log_pop": 3.881844, "log_mass": 6.387671, "log_pop_c": 0.386304, "log_mass_c": 0.428769}, {"country_iso": "CHL", "city_id": 931, "log_pop": 3.657064, "log_mass": 5.73994, "log_pop_c": -0.10445, "log_mass_c": -0.309296}, {"country_iso": "CHL", "city_id": 931, "log_pop": 4.260306, "log_mass": 6.521078, "log_pop_c": 0.498793, "log_mass_c": 0.471842}, {"country_iso": "CHL", "city_id": 958, "log_pop": 4.273228, "log_mass": 6.674764, "log_pop_c": 0.777688, "log_mass_c": 0.715863}, {"country_iso": "CHL", "city_id": 901, "log_pop": 1.8084, "log_mass": 4.336257, "log_pop_c": -1.002336, "log_mass_c": -0.975886}, {"country_iso": "CHL", "city_id": 901, "log_pop": 2.447617, "log_mass": 5.484257, "log_pop_c": -0.363119, "log_mass_c": 0.172114}, {"country_iso": "CHL", "city_id": 944, "log_pop": 2.594949, "log_mass": 5.37887, "log_pop_c": -0.472156, "log_mass_c": -0.201286}, {"country_iso": "CHL", "city_id": 946, "log_pop": 1.91834, "log_mass": 4.208073, "log_pop_c": -1.323361, "log_mass_c": -1.416521}, {"country_iso": "CHL", "city_id": 931, "log_pop": 2.012276, "log_mass": 5.581702, "log_pop_c": -1.749237, "log_mass_c": -0.467534}, {"country_iso": "CHL", "city_id": 931, "log_pop": 4.312878, "log_mass": 6.002415, "log_pop_c": 0.551364, "log_mass_c": -0.046821}, {"country_iso": "CHL", "city_id": 914, "log_pop": 1.969412, "log_mass": 4.775326, "log_pop_c": -1.324429, "log_mass_c": -0.956192}, {"country_iso": "CHL", "city_id": 914, "log_pop": 3.241374, "log_mass": 5.661841, "log_pop_c": -0.052467, "log_mass_c": -0.069677}, {"country_iso": "CHL", "city_id": 914, "log_pop": 3.234099, "log_mass": 5.818178, "log_pop_c": -0.059743, "log_mass_c": 0.08666}, {"country_iso": "CHL", "city_id": 936, "log_pop": 3.314393, "log_mass": 5.540343, "log_pop_c": -0.122519, "log_mass_c": -0.260133}, {"country_iso": "CHL", "city_id": 931, "log_pop": 2.84544, "log_mass": 6.258551, "log_pop_c": -0.916074, "log_mass_c": 0.209315}, {"country_iso": "CHL", "city_id": 914, "log_pop": 2.193843, "log_mass": 4.269512, "log_pop_c": -1.099998, "log_mass_c": -1.462007}, {"country_iso": "CHL", "city_id": 901, "log_pop": 3.6867, "log_mass": 6.02136, "log_pop_c": 0.875964, "log_mass_c": 0.709217}, {"country_iso": "CHL", "city_id": 931, "log_pop": 4.193144, "log_mass": 6.583435, "log_pop_c": 0.431631, "log_mass_c": 0.534199}, {"country_iso": "CHL", "city_id": 944, "log_pop": 4.117725, "log_mass": 6.506387, "log_pop_c": 1.050619, "log_mass_c": 0.926231}, {"country_iso": "CHL", "city_id": 931, "log_pop": 4.287318, "log_mass": 6.270345, "log_pop_c": 0.525805, "log_mass_c": 0.221109}, {"country_iso": "CHL", "city_id": 931, "log_pop": 4.457024, "log_mass": 6.538161, "log_pop_c": 0.695511, "log_mass_c": 0.488925}, {"country_iso": "CHL", "city_id": 931, "log_pop": 4.215015, "log_mass": 5.989602, "log_pop_c": 0.453502, "log_mass_c": -0.059634}, {"country_iso": "CHL", "city_id": 901, "log_pop": 1.875897, "log_mass": 4.22249, "log_pop_c": -0.934838, "log_mass_c": -1.089653}, {"country_iso": "CHL", "city_id": 931, "log_pop": 3.082679, "log_mass": 5.443569, "log_pop_c": -0.678834, "log_mass_c": -0.605667}, {"country_iso": "CHL", "city_id": 901, "log_pop": 2.894857, "log_mass": 4.98221, "log_pop_c": 0.084121, "log_mass_c": -0.329933}, {"country_iso": "CHL", "city_id": 931, "log_pop": 4.368945, "log_mass": 6.81475, "log_pop_c": 0.607432, "log_mass_c": 0.765514}, {"country_iso": "CHL", "city_id": 914, "log_pop": 1.843035, "log_mass": 4.692717, "log_pop_c": -1.450806, "log_mass_c": -1.038801}, {"country_iso": "CHL", "city_id": 958, "log_pop": 4.082145, "log_mass": 6.506323, "log_pop_c": 0.586605, "log_mass_c": 0.547422}, {"country_iso": "CHL", "city_id": 931, "log_pop": 4.132763, "log_mass": 6.395472, "log_pop_c": 0.371249, "log_mass_c": 0.346236}, {"country_iso": "CHL", "city_id": 931, "log_pop": 2.585377, "log_mass": 5.375696, "log_pop_c": -1.176136, "log_mass_c": -0.67354}, {"country_iso": "CHL", "city_id": 931, "log_pop": 4.308671, "log_mass": 6.559359, "log_pop_c": 0.547157, "log_mass_c": 0.510123}, {"country_iso": "CHL", "city_id": 931, "log_pop": 3.713834, "log_mass": 6.507367, "log_pop_c": -0.04768, "log_mass_c": 0.458131}, {"country_iso": "CHL", "city_id": 958, "log_pop": 2.972375, "log_mass": 5.43581, "log_pop_c": -0.523164, "log_mass_c": -0.523091}, {"country_iso": "CHL", "city_id": 914, "log_pop": 4.002177, "log_mass": 6.38547, "log_pop_c": 0.708335, "log_mass_c": 0.653951}, {"country_iso": "CHL", "city_id": 931, "log_pop": 3.353633, "log_mass": 5.765329, "log_pop_c": -0.407881, "log_mass_c": -0.283907}, {"country_iso": "CHL", "city_id": 931, "log_pop": 4.099574, "log_mass": 6.415546, "log_pop_c": 0.33806, "log_mass_c": 0.36631}, {"country_iso": "CHL", "city_id": 931, "log_pop": 4.525491, "log_mass": 6.588497, "log_pop_c": 0.763978, "log_mass_c": 0.539261}, {"country_iso": "CHL", "city_id": 914, "log_pop": 4.342389, "log_mass": 6.685519, "log_pop_c": 1.048547, "log_mass_c": 0.954001}, {"country_iso": "CHL", "city_id": 901, "log_pop": 3.046312, "log_mass": 5.881525, "log_pop_c": 0.235576, "log_mass_c": 0.569381}, {"country_iso": "CHL", "city_id": 914, "log_pop": 3.646079, "log_mass": 6.045512, "log_pop_c": 0.352238, "log_mass_c": 0.313994}, {"country_iso": "CHL", "city_id": 931, "log_pop": 4.434305, "log_mass": 6.452387, "log_pop_c": 0.672791, "log_mass_c": 0.403151}, {"country_iso": "CHL", "city_id": 931, "log_pop": 3.545965, "log_mass": 5.803, "log_pop_c": -0.215548, "log_mass_c": -0.246236}, {"country_iso": "CHL", "city_id": 901, "log_pop": 2.052829, "log_mass": 4.52089, "log_pop_c": -0.757906, "log_mass_c": -0.791253}, {"country_iso": "CHL", "city_id": 914, "log_pop": 3.835227, "log_mass": 6.160524, "log_pop_c": 0.541385, "log_mass_c": 0.429006}, {"country_iso": "CHL", "city_id": 931, "log_pop": 1.539524, "log_mass": 4.450004, "log_pop_c": -2.221989, "log_mass_c": -1.599232}, {"country_iso": "CHL", "city_id": 914, "log_pop": 3.713683, "log_mass": 6.087826, "log_pop_c": 0.419842, "log_mass_c": 0.356308}, {"country_iso": "CHL", "city_id": 931, "log_pop": 2.722128, "log_mass": 5.396901, "log_pop_c": -1.039385, "log_mass_c": -0.652335}, {"country_iso": "CHL", "city_id": 901, "log_pop": 3.268786, "log_mass": 6.193748, "log_pop_c": 0.45805, "log_mass_c": 0.881605}, {"country_iso": "CHL", "city_id": 901, "log_pop": 2.912568, "log_mass": 5.763036, "log_pop_c": 0.101832, "log_mass_c": 0.450892}, {"country_iso": "CHL", "city_id": 931, "log_pop": 4.578365, "log_mass": 6.653729, "log_pop_c": 0.816852, "log_mass_c": 0.604493}, {"country_iso": "CHL", "city_id": 931, "log_pop": 2.94551, "log_mass": 5.255082, "log_pop_c": -0.816003, "log_mass_c": -0.794154}, {"country_iso": "CHL", "city_id": 931, "log_pop": 4.635319, "log_mass": 6.546015, "log_pop_c": 0.873806, "log_mass_c": 0.496779}, {"country_iso": "CHL", "city_id": 931, "log_pop": 3.949415, "log_mass": 6.248884, "log_pop_c": 0.187902, "log_mass_c": 0.199648}, {"country_iso": "CHL", "city_id": 931, "log_pop": 3.768254, "log_mass": 5.980873, "log_pop_c": 0.006741, "log_mass_c": -0.068363}, {"country_iso": "CHL", "city_id": 944, "log_pop": 3.170845, "log_mass": 5.610796, "log_pop_c": 0.10374, "log_mass_c": 0.030641}, {"country_iso": "CHL", "city_id": 931, "log_pop": 4.320594, "log_mass": 6.429293, "log_pop_c": 0.559081, "log_mass_c": 0.380057}, {"country_iso": "CHL", "city_id": 901, "log_pop": 3.093821, "log_mass": 6.037111, "log_pop_c": 0.283086, "log_mass_c": 0.724968}, {"country_iso": "CHL", "city_id": 931, "log_pop": 3.110226, "log_mass": 5.904698, "log_pop_c": -0.651288, "log_mass_c": -0.144538}, {"country_iso": "CHL", "city_id": 931, "log_pop": 4.02316, "log_mass": 6.27141, "log_pop_c": 0.261647, "log_mass_c": 0.222174}, {"country_iso": "CHL", "city_id": 946, "log_pop": 3.507992, "log_mass": 5.910438, "log_pop_c": 0.26629, "log_mass_c": 0.285844}, {"country_iso": "CHL", "city_id": 931, "log_pop": 3.383724, "log_mass": 5.607294, "log_pop_c": -0.37779, "log_mass_c": -0.441942}, {"country_iso": "CHL", "city_id": 931, "log_pop": 3.67124, "log_mass": 5.702485, "log_pop_c": -0.090273, "log_mass_c": -0.346751}, {"country_iso": "CHL", "city_id": 946, "log_pop": 3.611526, "log_mass": 6.132776, "log_pop_c": 0.369825, "log_mass_c": 0.508182}, {"country_iso": "CHL", "city_id": 931, "log_pop": 4.613674, "log_mass": 6.625212, "log_pop_c": 0.85216, "log_mass_c": 0.575976}, {"country_iso": "CHL", "city_id": 931, "log_pop": 2.706343, "log_mass": 5.654064, "log_pop_c": -1.05517, "log_mass_c": -0.395172}, {"country_iso": "CHL", "city_id": 931, "log_pop": 4.444837, "log_mass": 6.468058, "log_pop_c": 0.683324, "log_mass_c": 0.418822}, {"country_iso": "CHL", "city_id": 914, "log_pop": 4.109717, "log_mass": 6.286545, "log_pop_c": 0.815876, "log_mass_c": 0.555026}, {"country_iso": "CHL", "city_id": 931, "log_pop": 4.402446, "log_mass": 6.291979, "log_pop_c": 0.640933, "log_mass_c": 0.242743}, {"country_iso": "CHL", "city_id": 931, "log_pop": 3.575657, "log_mass": 5.95272, "log_pop_c": -0.185856, "log_mass_c": -0.096516}, {"country_iso": "CHL", "city_id": 931, "log_pop": 4.425185, "log_mass": 6.535102, "log_pop_c": 0.663672, "log_mass_c": 0.485866}, {"country_iso": "CHL", "city_id": 931, "log_pop": 2.53203, "log_mass": 5.051234, "log_pop_c": -1.229483, "log_mass_c": -0.998002}, {"country_iso": "CHL", "city_id": 931, "log_pop": 4.264926, "log_mass": 6.5306, "log_pop_c": 0.503413, "log_mass_c": 0.481364}, {"country_iso": "CHL", "city_id": 931, "log_pop": 3.059364, "log_mass": 5.881964, "log_pop_c": -0.702149, "log_mass_c": -0.167272}, {"country_iso": "CHL", "city_id": 901, "log_pop": 3.397167, "log_mass": 5.628396, "log_pop_c": 0.586431, "log_mass_c": 0.316253}, {"country_iso": "CHL", "city_id": 914, "log_pop": 3.660286, "log_mass": 6.020092, "log_pop_c": 0.366445, "log_mass_c": 0.288574}, {"country_iso": "CHL", "city_id": 931, "log_pop": 4.399626, "log_mass": 6.488771, "log_pop_c": 0.638113, "log_mass_c": 0.439535}, {"country_iso": "CHL", "city_id": 931, "log_pop": 4.223701, "log_mass": 6.269284, "log_pop_c": 0.462188, "log_mass_c": 0.220048}, {"country_iso": "CHL", "city_id": 936, "log_pop": 2.087536, "log_mass": 4.193212, "log_pop_c": -1.349376, "log_mass_c": -1.607263}, {"country_iso": "CHL", "city_id": 931, "log_pop": 2.894953, "log_mass": 6.071002, "log_pop_c": -0.866561, "log_mass_c": 0.021766}, {"country_iso": "CHL", "city_id": 931, "log_pop": 4.209887, "log_mass": 6.401601, "log_pop_c": 0.448374, "log_mass_c": 0.352365}, {"country_iso": "CHL", "city_id": 901, "log_pop": 3.58691, "log_mass": 5.858356, "log_pop_c": 0.776175, "log_mass_c": 0.546213}, {"country_iso": "CHL", "city_id": 901, "log_pop": 2.310407, "log_mass": 4.662831, "log_pop_c": -0.500329, "log_mass_c": -0.649312}, {"country_iso": "CHL", "city_id": 901, "log_pop": 2.58664, "log_mass": 4.856882, "log_pop_c": -0.224095, "log_mass_c": -0.455262}, {"country_iso": "CHL", "city_id": 931, "log_pop": 3.941778, "log_mass": 5.850441, "log_pop_c": 0.180264, "log_mass_c": -0.198795}, {"country_iso": "CHL", "city_id": 931, "log_pop": 1.936426, "log_mass": 4.427797, "log_pop_c": -1.825087, "log_mass_c": -1.621438}, {"country_iso": "CHL", "city_id": 901, "log_pop": 2.94965, "log_mass": 5.549391, "log_pop_c": 0.138915, "log_mass_c": 0.237248}, {"country_iso": "CHL", "city_id": 914, "log_pop": 3.413296, "log_mass": 5.678648, "log_pop_c": 0.119455, "log_mass_c": -0.05287}, {"country_iso": "CHL", "city_id": 931, "log_pop": 4.15593, "log_mass": 6.360984, "log_pop_c": 0.394417, "log_mass_c": 0.311748}, {"country_iso": "CHL", "city_id": 914, "log_pop": 4.081645, "log_mass": 6.270672, "log_pop_c": 0.787803, "log_mass_c": 0.539154}, {"country_iso": "CHL", "city_id": 931, "log_pop": 2.950898, "log_mass": 6.087509, "log_pop_c": -0.810616, "log_mass_c": 0.038273}, {"country_iso": "CHL", "city_id": 931, "log_pop": 4.63201, "log_mass": 6.467079, "log_pop_c": 0.870497, "log_mass_c": 0.417843}, {"country_iso": "CHL", "city_id": 931, "log_pop": 2.658622, "log_mass": 5.144408, "log_pop_c": -1.102891, "log_mass_c": -0.904828}, {"country_iso": "CHL", "city_id": 931, "log_pop": 4.519268, "log_mass": 6.528043, "log_pop_c": 0.757755, "log_mass_c": 0.478808}, {"country_iso": "CHL", "city_id": 931, "log_pop": 2.70181, "log_mass": 4.626355, "log_pop_c": -1.059703, "log_mass_c": -1.422881}, {"country_iso": "CHL", "city_id": 944, "log_pop": 3.822001, "log_mass": 6.296055, "log_pop_c": 0.754895, "log_mass_c": 0.715899}, {"country_iso": "CHL", "city_id": 914, "log_pop": 1.69867, "log_mass": 4.597648, "log_pop_c": -1.595171, "log_mass_c": -1.13387}, {"country_iso": "CHL", "city_id": 914, "log_pop": 3.785496, "log_mass": 6.231622, "log_pop_c": 0.491655, "log_mass_c": 0.500104}, {"country_iso": "CHL", "city_id": 936, "log_pop": 4.172693, "log_mass": 6.464078, "log_pop_c": 0.735781, "log_mass_c": 0.663602}, {"country_iso": "CHL", "city_id": 914, "log_pop": 3.139308, "log_mass": 5.45014, "log_pop_c": -0.154533, "log_mass_c": -0.281379}, {"country_iso": "CHL", "city_id": 931, "log_pop": 3.393883, "log_mass": 5.838209, "log_pop_c": -0.36763, "log_mass_c": -0.211027}, {"country_iso": "CHL", "city_id": 958, "log_pop": 3.876997, "log_mass": 6.229629, "log_pop_c": 0.381457, "log_mass_c": 0.270727}, {"country_iso": "CHL", "city_id": 931, "log_pop": 2.681579, "log_mass": 5.102097, "log_pop_c": -1.079934, "log_mass_c": -0.947139}, {"country_iso": "CHL", "city_id": 931, "log_pop": 3.171793, "log_mass": 6.000427, "log_pop_c": -0.58972, "log_mass_c": -0.048809}, {"country_iso": "CHL", "city_id": 931, "log_pop": 4.04602, "log_mass": 5.759914, "log_pop_c": 0.284507, "log_mass_c": -0.289322}, {"country_iso": "CHL", "city_id": 901, "log_pop": 2.608884, "log_mass": 4.697791, "log_pop_c": -0.201852, "log_mass_c": -0.614352}, {"country_iso": "CHL", "city_id": 946, "log_pop": 2.598094, "log_mass": 5.15223, "log_pop_c": -0.643608, "log_mass_c": -0.472364}, {"country_iso": "CHL", "city_id": 931, "log_pop": 3.958633, "log_mass": 6.095085, "log_pop_c": 0.197119, "log_mass_c": 0.045849}, {"country_iso": "CHL", "city_id": 931, "log_pop": 4.248947, "log_mass": 6.514323, "log_pop_c": 0.487434, "log_mass_c": 0.465087}, {"country_iso": "CHL", "city_id": 931, "log_pop": 3.253217, "log_mass": 5.918257, "log_pop_c": -0.508297, "log_mass_c": -0.130979}, {"country_iso": "CHL", "city_id": 931, "log_pop": 3.930252, "log_mass": 5.882637, "log_pop_c": 0.168739, "log_mass_c": -0.166599}, {"country_iso": "CHL", "city_id": 914, "log_pop": 2.596059, "log_mass": 5.049305, "log_pop_c": -0.697782, "log_mass_c": -0.682214}, {"country_iso": "CHL", "city_id": 931, "log_pop": 2.835338, "log_mass": 6.206142, "log_pop_c": -0.926175, "log_mass_c": 0.156906}, {"country_iso": "CHL", "city_id": 931, "log_pop": 4.382842, "log_mass": 6.241685, "log_pop_c": 0.621328, "log_mass_c": 0.192449}, {"country_iso": "CHL", "city_id": 936, "log_pop": 3.328531, "log_mass": 5.573901, "log_pop_c": -0.108381, "log_mass_c": -0.226574}, {"country_iso": "CHL", "city_id": 958, "log_pop": 3.162758, "log_mass": 5.490641, "log_pop_c": -0.332782, "log_mass_c": -0.46826}, {"country_iso": "CHL", "city_id": 931, "log_pop": 1.661783, "log_mass": 4.409331, "log_pop_c": -2.09973, "log_mass_c": -1.639905}, {"country_iso": "CHL", "city_id": 914, "log_pop": 2.422362, "log_mass": 4.949711, "log_pop_c": -0.871479, "log_mass_c": -0.781808}, {"country_iso": "CHL", "city_id": 931, "log_pop": 3.771664, "log_mass": 5.886516, "log_pop_c": 0.010151, "log_mass_c": -0.16272}, {"country_iso": "CHL", "city_id": 931, "log_pop": 2.541204, "log_mass": 5.10855, "log_pop_c": -1.220309, "log_mass_c": -0.940686}, {"country_iso": "CHL", "city_id": 931, "log_pop": 4.187523, "log_mass": 5.976971, "log_pop_c": 0.426009, "log_mass_c": -0.072265}, {"country_iso": "CHL", "city_id": 931, "log_pop": 4.214021, "log_mass": 6.569084, "log_pop_c": 0.452508, "log_mass_c": 0.519848}, {"country_iso": "CHL", "city_id": 931, "log_pop": 4.598658, "log_mass": 6.41737, "log_pop_c": 0.837145, "log_mass_c": 0.368134}, {"country_iso": "CHL", "city_id": 946, "log_pop": 3.601021, "log_mass": 5.851943, "log_pop_c": 0.35932, "log_mass_c": 0.227349}, {"country_iso": "CHL", "city_id": 931, "log_pop": 2.843308, "log_mass": 4.724905, "log_pop_c": -0.918205, "log_mass_c": -1.324331}, {"country_iso": "CHL", "city_id": 931, "log_pop": 4.045321, "log_mass": 6.602842, "log_pop_c": 0.283808, "log_mass_c": 0.553606}, {"country_iso": "CHL", "city_id": 931, "log_pop": 3.888506, "log_mass": 5.797276, "log_pop_c": 0.126993, "log_mass_c": -0.25196}, {"country_iso": "CHL", "city_id": 931, "log_pop": 4.630478, "log_mass": 6.446094, "log_pop_c": 0.868965, "log_mass_c": 0.396858}, {"country_iso": "CHL", "city_id": 931, "log_pop": 4.719169, "log_mass": 6.39471, "log_pop_c": 0.957656, "log_mass_c": 0.345474}, {"country_iso": "CHL", "city_id": 914, "log_pop": 4.220657, "log_mass": 6.523123, "log_pop_c": 0.926816, "log_mass_c": 0.791605}, {"country_iso": "CHL", "city_id": 931, "log_pop": 4.545382, "log_mass": 6.589107, "log_pop_c": 0.783869, "log_mass_c": 0.539871}, {"country_iso": "CHL", "city_id": 914, "log_pop": 2.696465, "log_mass": 5.222919, "log_pop_c": -0.597376, "log_mass_c": -0.508599}, {"country_iso": "CHL", "city_id": 931, "log_pop": 4.398009, "log_mass": 6.182782, "log_pop_c": 0.636496, "log_mass_c": 0.133546}, {"country_iso": "CHL", "city_id": 931, "log_pop": 1.596528, "log_mass": 4.080309, "log_pop_c": -2.164985, "log_mass_c": -1.968927}, {"country_iso": "CHL", "city_id": 958, "log_pop": 3.684136, "log_mass": 6.051509, "log_pop_c": 0.188596, "log_mass_c": 0.092608}, {"country_iso": "CHL", "city_id": 901, "log_pop": 3.070841, "log_mass": 5.614631, "log_pop_c": 0.260105, "log_mass_c": 0.302488}, {"country_iso": "CHL", "city_id": 931, "log_pop": 4.212132, "log_mass": 6.22047, "log_pop_c": 0.450619, "log_mass_c": 0.171235}, {"country_iso": "CHL", "city_id": 944, "log_pop": 3.723366, "log_mass": 6.282622, "log_pop_c": 0.656261, "log_mass_c": 0.702466}, {"country_iso": "CHL", "city_id": 931, "log_pop": 2.756731, "log_mass": 5.945734, "log_pop_c": -1.004783, "log_mass_c": -0.103502}, {"country_iso": "CHL", "city_id": 944, "log_pop": 1.391519, "log_mass": 3.969193, "log_pop_c": -1.675587, "log_mass_c": -1.610963}, {"country_iso": "CHL", "city_id": 931, "log_pop": 4.338692, "log_mass": 6.471208, "log_pop_c": 0.577179, "log_mass_c": 0.421972}, {"country_iso": "CHL", "city_id": 931, "log_pop": 4.634272, "log_mass": 6.637343, "log_pop_c": 0.872758, "log_mass_c": 0.588107}, {"country_iso": "CHL", "city_id": 931, "log_pop": 3.863898, "log_mass": 5.951669, "log_pop_c": 0.102385, "log_mass_c": -0.097567}, {"country_iso": "CHL", "city_id": 914, "log_pop": 3.653969, "log_mass": 6.011318, "log_pop_c": 0.360128, "log_mass_c": 0.2798}, {"country_iso": "CHL", "city_id": 901, "log_pop": 3.354682, "log_mass": 5.851708, "log_pop_c": 0.543946, "log_mass_c": 0.539565}, {"country_iso": "CHL", "city_id": 936, "log_pop": 4.042144, "log_mass": 6.303937, "log_pop_c": 0.605233, "log_mass_c": 0.503462}, {"country_iso": "CHL", "city_id": 901, "log_pop": 3.032152, "log_mass": 5.256073, "log_pop_c": 0.221417, "log_mass_c": -0.05607}, {"country_iso": "CHL", "city_id": 944, "log_pop": 2.703744, "log_mass": 5.373997, "log_pop_c": -0.363361, "log_mass_c": -0.206158}, {"country_iso": "CHL", "city_id": 931, "log_pop": 3.899158, "log_mass": 5.758725, "log_pop_c": 0.137645, "log_mass_c": -0.290511}, {"country_iso": "CHL", "city_id": 931, "log_pop": 4.178045, "log_mass": 6.340935, "log_pop_c": 0.416532, "log_mass_c": 0.2917}, {"country_iso": "CHL", "city_id": 901, "log_pop": 2.409912, "log_mass": 4.672873, "log_pop_c": -0.400823, "log_mass_c": -0.63927}, {"country_iso": "CHL", "city_id": 931, "log_pop": 4.378535, "log_mass": 6.628428, "log_pop_c": 0.617021, "log_mass_c": 0.579192}, {"country_iso": "CHL", "city_id": 946, "log_pop": 2.965211, "log_mass": 5.161892, "log_pop_c": -0.27649, "log_mass_c": -0.462702}, {"country_iso": "CHL", "city_id": 901, "log_pop": 2.934951, "log_mass": 5.529014, "log_pop_c": 0.124216, "log_mass_c": 0.216871}, {"country_iso": "CHL", "city_id": 901, "log_pop": 2.44919, "log_mass": 4.837847, "log_pop_c": -0.361546, "log_mass_c": -0.474296}, {"country_iso": "CHL", "city_id": 931, "log_pop": 4.138056, "log_mass": 5.867749, "log_pop_c": 0.376543, "log_mass_c": -0.181487}, {"country_iso": "CHL", "city_id": 931, "log_pop": 2.556902, "log_mass": 5.162889, "log_pop_c": -1.204611, "log_mass_c": -0.886347}, {"country_iso": "CHL", "city_id": 931, "log_pop": 3.67267, "log_mass": 5.491195, "log_pop_c": -0.088844, "log_mass_c": -0.558041}, {"country_iso": "CHL", "city_id": 931, "log_pop": 3.509302, "log_mass": 5.92259, "log_pop_c": -0.252211, "log_mass_c": -0.126646}, {"country_iso": "CHL", "city_id": 931, "log_pop": 3.098385, "log_mass": 5.781927, "log_pop_c": -0.663128, "log_mass_c": -0.267309}, {"country_iso": "CHL", "city_id": 931, "log_pop": 2.258583, "log_mass": 4.98516, "log_pop_c": -1.50293, "log_mass_c": -1.064076}, {"country_iso": "CHL", "city_id": 931, "log_pop": 2.179631, "log_mass": 4.457911, "log_pop_c": -1.581882, "log_mass_c": -1.591325}, {"country_iso": "CHL", "city_id": 931, "log_pop": 3.351045, "log_mass": 5.3604, "log_pop_c": -0.410468, "log_mass_c": -0.688836}, {"country_iso": "CHL", "city_id": 901, "log_pop": 3.163904, "log_mass": 5.998738, "log_pop_c": 0.353168, "log_mass_c": 0.686595}, {"country_iso": "CHL", "city_id": 914, "log_pop": 1.633858, "log_mass": 3.982593, "log_pop_c": -1.659983, "log_mass_c": -1.748926}, {"country_iso": "CHL", "city_id": 931, "log_pop": 4.006185, "log_mass": 6.401726, "log_pop_c": 0.244671, "log_mass_c": 0.352491}, {"country_iso": "CHL", "city_id": 914, "log_pop": 3.951359, "log_mass": 6.361784, "log_pop_c": 0.657518, "log_mass_c": 0.630266}, {"country_iso": "CHL", "city_id": 931, "log_pop": 2.576155, "log_mass": 4.872699, "log_pop_c": -1.185359, "log_mass_c": -1.176537}, {"country_iso": "CHL", "city_id": 931, "log_pop": 4.573527, "log_mass": 6.559268, "log_pop_c": 0.812013, "log_mass_c": 0.510032}, {"country_iso": "CHL", "city_id": 931, "log_pop": 3.0343, "log_mass": 5.468681, "log_pop_c": -0.727214, "log_mass_c": -0.580555}, {"country_iso": "CHL", "city_id": 901, "log_pop": 2.56653, "log_mass": 4.751942, "log_pop_c": -0.244206, "log_mass_c": -0.560201}, {"country_iso": "CHL", "city_id": 931, "log_pop": 3.82373, "log_mass": 5.92141, "log_pop_c": 0.062217, "log_mass_c": -0.127826}, {"country_iso": "CHL", "city_id": 914, "log_pop": 3.615898, "log_mass": 6.03376, "log_pop_c": 0.322057, "log_mass_c": 0.302242}, {"country_iso": "CHL", "city_id": 931, "log_pop": 4.518759, "log_mass": 6.524824, "log_pop_c": 0.757246, "log_mass_c": 0.475588}, {"country_iso": "CHL", "city_id": 931, "log_pop": 4.232802, "log_mass": 6.286742, "log_pop_c": 0.471289, "log_mass_c": 0.237506}, {"country_iso": "CHL", "city_id": 901, "log_pop": 1.263163, "log_mass": 4.098389, "log_pop_c": -1.547572, "log_mass_c": -1.213754}, {"country_iso": "CHL", "city_id": 958, "log_pop": 3.851166, "log_mass": 6.389511, "log_pop_c": 0.355627, "log_mass_c": 0.430609}, {"country_iso": "CHL", "city_id": 931, "log_pop": 2.515077, "log_mass": 5.231965, "log_pop_c": -1.246437, "log_mass_c": -0.817271}, {"country_iso": "CHL", "city_id": 931, "log_pop": 4.615789, "log_mass": 6.297415, "log_pop_c": 0.854276, "log_mass_c": 0.248179}, {"country_iso": "CHL", "city_id": 944, "log_pop": 3.465357, "log_mass": 5.823581, "log_pop_c": 0.398251, "log_mass_c": 0.243425}, {"country_iso": "CHL", "city_id": 946, "log_pop": 2.633555, "log_mass": 5.630986, "log_pop_c": -0.608147, "log_mass_c": 0.006392}, {"country_iso": "CHL", "city_id": 946, "log_pop": 3.351934, "log_mass": 5.61061, "log_pop_c": 0.110232, "log_mass_c": -0.013984}, {"country_iso": "CHL", "city_id": 914, "log_pop": 0.783997, "log_mass": 3.020251, "log_pop_c": -2.509844, "log_mass_c": -2.711268}, {"country_iso": "CHL", "city_id": 931, "log_pop": 2.906598, "log_mass": 5.990637, "log_pop_c": -0.854916, "log_mass_c": -0.058599}, {"country_iso": "CHL", "city_id": 931, "log_pop": 3.806873, "log_mass": 6.300054, "log_pop_c": 0.045359, "log_mass_c": 0.250818}, {"country_iso": "CHL", "city_id": 914, "log_pop": 3.376231, "log_mass": 6.006525, "log_pop_c": 0.082389, "log_mass_c": 0.275007}, {"country_iso": "CHL", "city_id": 931, "log_pop": 3.678928, "log_mass": 6.028785, "log_pop_c": -0.082585, "log_mass_c": -0.020451}, {"country_iso": "CHL", "city_id": 931, "log_pop": 3.397895, "log_mass": 5.812632, "log_pop_c": -0.363618, "log_mass_c": -0.236604}, {"country_iso": "CHL", "city_id": 931, "log_pop": 3.36098, "log_mass": 5.898692, "log_pop_c": -0.400534, "log_mass_c": -0.150544}, {"country_iso": "CHL", "city_id": 931, "log_pop": 4.18618, "log_mass": 6.519611, "log_pop_c": 0.424667, "log_mass_c": 0.470375}, {"country_iso": "CHL", "city_id": 901, "log_pop": 3.005121, "log_mass": 5.494056, "log_pop_c": 0.194386, "log_mass_c": 0.181913}, {"country_iso": "CHL", "city_id": 901, "log_pop": 0.258712, "log_mass": 3.769351, "log_pop_c": -2.552023, "log_mass_c": -1.542792}, {"country_iso": "CHL", "city_id": 901, "log_pop": 2.844848, "log_mass": 5.556216, "log_pop_c": 0.034113, "log_mass_c": 0.244073}, {"country_iso": "CHL", "city_id": 914, "log_pop": 1.756342, "log_mass": 4.807904, "log_pop_c": -1.537499, "log_mass_c": -0.923614}, {"country_iso": "CHL", "city_id": 931, "log_pop": 4.266873, "log_mass": 6.802179, "log_pop_c": 0.505359, "log_mass_c": 0.752943}, {"country_iso": "CHL", "city_id": 914, "log_pop": 2.857063, "log_mass": 5.259264, "log_pop_c": -0.436778, "log_mass_c": -0.472254}, {"country_iso": "CHL", "city_id": 901, "log_pop": 2.608912, "log_mass": 5.459441, "log_pop_c": -0.201824, "log_mass_c": 0.147298}, {"country_iso": "CHL", "city_id": 914, "log_pop": 3.814372, "log_mass": 6.082696, "log_pop_c": 0.52053, "log_mass_c": 0.351177}, {"country_iso": "CHL", "city_id": 931, "log_pop": 4.209025, "log_mass": 6.418607, "log_pop_c": 0.447512, "log_mass_c": 0.369371}, {"country_iso": "CHL", "city_id": 931, "log_pop": 2.2004, "log_mass": 5.17954, "log_pop_c": -1.561113, "log_mass_c": -0.869696}, {"country_iso": "CHL", "city_id": 931, "log_pop": 4.412835, "log_mass": 6.362974, "log_pop_c": 0.651322, "log_mass_c": 0.313738}, {"country_iso": "CHL", "city_id": 958, "log_pop": 1.716461, "log_mass": 4.086002, "log_pop_c": -1.779078, "log_mass_c": -1.8729}, {"country_iso": "CHL", "city_id": 931, "log_pop": 4.06112, "log_mass": 6.269185, "log_pop_c": 0.299607, "log_mass_c": 0.219949}, {"country_iso": "CHL", "city_id": 901, "log_pop": 1.505305, "log_mass": 4.505318, "log_pop_c": -1.30543, "log_mass_c": -0.806826}, {"country_iso": "CHL", "city_id": 931, "log_pop": 4.252356, "log_mass": 6.507367, "log_pop_c": 0.490843, "log_mass_c": 0.458131}, {"country_iso": "CHL", "city_id": 931, "log_pop": 4.680392, "log_mass": 6.426449, "log_pop_c": 0.918879, "log_mass_c": 0.377213}, {"country_iso": "CHL", "city_id": 946, "log_pop": 3.857172, "log_mass": 6.185288, "log_pop_c": 0.61547, "log_mass_c": 0.560694}, {"country_iso": "CHL", "city_id": 901, "log_pop": 3.551184, "log_mass": 5.939279, "log_pop_c": 0.740448, "log_mass_c": 0.627136}, {"country_iso": "CHL", "city_id": 946, "log_pop": 2.527598, "log_mass": 4.902447, "log_pop_c": -0.714103, "log_mass_c": -0.722147}, {"country_iso": "CHL", "city_id": 931, "log_pop": 4.37334, "log_mass": 6.375123, "log_pop_c": 0.611827, "log_mass_c": 0.325888}, {"country_iso": "CHL", "city_id": 901, "log_pop": 2.5742, "log_mass": 5.440474, "log_pop_c": -0.236536, "log_mass_c": 0.128331}, {"country_iso": "CHL", "city_id": 936, "log_pop": 3.088919, "log_mass": 5.595834, "log_pop_c": -0.347993, "log_mass_c": -0.204642}, {"country_iso": "CHL", "city_id": 944, "log_pop": 2.768899, "log_mass": 5.160266, "log_pop_c": -0.298206, "log_mass_c": -0.41989}, {"country_iso": "CHL", "city_id": 931, "log_pop": 4.49104, "log_mass": 6.509619, "log_pop_c": 0.729526, "log_mass_c": 0.460383}, {"country_iso": "CHL", "city_id": 914, "log_pop": 4.124008, "log_mass": 6.469805, "log_pop_c": 0.830167, "log_mass_c": 0.738287}, {"country_iso": "CHL", "city_id": 936, "log_pop": 2.287196, "log_mass": 5.21243, "log_pop_c": -1.149716, "log_mass_c": -0.588045}, {"country_iso": "CHL", "city_id": 931, "log_pop": 4.193944, "log_mass": 6.272377, "log_pop_c": 0.432431, "log_mass_c": 0.223142}, {"country_iso": "CHL", "city_id": 931, "log_pop": 4.585127, "log_mass": 6.555043, "log_pop_c": 0.823613, "log_mass_c": 0.505807}, {"country_iso": "CHL", "city_id": 931, "log_pop": 4.237553, "log_mass": 6.458868, "log_pop_c": 0.47604, "log_mass_c": 0.409632}, {"country_iso": "CHL", "city_id": 958, "log_pop": 4.002025, "log_mass": 6.376027, "log_pop_c": 0.506486, "log_mass_c": 0.417125}, {"country_iso": "CHL", "city_id": 931, "log_pop": 4.720504, "log_mass": 6.501969, "log_pop_c": 0.95899, "log_mass_c": 0.452733}, {"country_iso": "CHL", "city_id": 958, "log_pop": 4.039392, "log_mass": 6.532876, "log_pop_c": 0.543852, "log_mass_c": 0.573975}, {"country_iso": "CHL", "city_id": 936, "log_pop": 4.142179, "log_mass": 6.432362, "log_pop_c": 0.705267, "log_mass_c": 0.631886}, {"country_iso": "CHL", "city_id": 914, "log_pop": 3.626733, "log_mass": 5.840733, "log_pop_c": 0.332892, "log_mass_c": 0.109215}, {"country_iso": "CHL", "city_id": 931, "log_pop": 3.838365, "log_mass": 6.517216, "log_pop_c": 0.076852, "log_mass_c": 0.467981}, {"country_iso": "CHL", "city_id": 931, "log_pop": 4.563265, "log_mass": 6.60272, "log_pop_c": 0.801751, "log_mass_c": 0.553484}, {"country_iso": "CHL", "city_id": 901, "log_pop": 3.156158, "log_mass": 5.603157, "log_pop_c": 0.345422, "log_mass_c": 0.291014}, {"country_iso": "CHL", "city_id": 931, "log_pop": 4.236811, "log_mass": 6.488373, "log_pop_c": 0.475298, "log_mass_c": 0.439137}, {"country_iso": "CHL", "city_id": 931, "log_pop": 3.907564, "log_mass": 6.625666, "log_pop_c": 0.146051, "log_mass_c": 0.57643}, {"country_iso": "CHL", "city_id": 931, "log_pop": 2.216924, "log_mass": 4.804561, "log_pop_c": -1.544589, "log_mass_c": -1.244675}, {"country_iso": "CHL", "city_id": 931, "log_pop": 2.831094, "log_mass": 5.903357, "log_pop_c": -0.930419, "log_mass_c": -0.145879}, {"country_iso": "CHL", "city_id": 901, "log_pop": 3.896666, "log_mass": 6.137162, "log_pop_c": 1.085931, "log_mass_c": 0.825019}, {"country_iso": "CHL", "city_id": 946, "log_pop": 2.625563, "log_mass": 4.816038, "log_pop_c": -0.616138, "log_mass_c": -0.808556}, {"country_iso": "CHL", "city_id": 901, "log_pop": 3.249627, "log_mass": 5.418948, "log_pop_c": 0.438892, "log_mass_c": 0.106805}, {"country_iso": "CHL", "city_id": 931, "log_pop": 4.411094, "log_mass": 6.49068, "log_pop_c": 0.649581, "log_mass_c": 0.441444}, {"country_iso": "CHL", "city_id": 931, "log_pop": 4.167837, "log_mass": 6.273245, "log_pop_c": 0.406324, "log_mass_c": 0.22401}, {"country_iso": "CHL", "city_id": 901, "log_pop": 3.189135, "log_mass": 5.636133, "log_pop_c": 0.3784, "log_mass_c": 0.32399}, {"country_iso": "CHL", "city_id": 931, "log_pop": 3.702566, "log_mass": 5.888267, "log_pop_c": -0.058947, "log_mass_c": -0.160969}, {"country_iso": "CHL", "city_id": 931, "log_pop": 3.512839, "log_mass": 6.11619, "log_pop_c": -0.248674, "log_mass_c": 0.066954}, {"country_iso": "CHL", "city_id": 901, "log_pop": 3.383002, "log_mass": 5.955286, "log_pop_c": 0.572266, "log_mass_c": 0.643142}, {"country_iso": "CHL", "city_id": 931, "log_pop": 4.09934, "log_mass": 6.228307, "log_pop_c": 0.337827, "log_mass_c": 0.179071}, {"country_iso": "CHL", "city_id": 931, "log_pop": 3.644622, "log_mass": 5.617816, "log_pop_c": -0.116891, "log_mass_c": -0.43142}, {"country_iso": "CHL", "city_id": 946, "log_pop": 3.90573, "log_mass": 6.265069, "log_pop_c": 0.664028, "log_mass_c": 0.640475}, {"country_iso": "CHL", "city_id": 914, "log_pop": 3.705525, "log_mass": 6.219689, "log_pop_c": 0.411684, "log_mass_c": 0.48817}, {"country_iso": "CHL", "city_id": 931, "log_pop": 4.584688, "log_mass": 6.467776, "log_pop_c": 0.823174, "log_mass_c": 0.41854}, {"country_iso": "CHL", "city_id": 914, "log_pop": 3.897171, "log_mass": 6.204262, "log_pop_c": 0.60333, "log_mass_c": 0.472743}, {"country_iso": "CHL", "city_id": 931, "log_pop": 4.623598, "log_mass": 6.559055, "log_pop_c": 0.862084, "log_mass_c": 0.509819}, {"country_iso": "CHL", "city_id": 958, "log_pop": 4.192195, "log_mass": 6.59239, "log_pop_c": 0.696655, "log_mass_c": 0.633488}, {"country_iso": "CHL", "city_id": 931, "log_pop": 4.045795, "log_mass": 6.217264, "log_pop_c": 0.284282, "log_mass_c": 0.168028}, {"country_iso": "CHL", "city_id": 944, "log_pop": 3.112347, "log_mass": 5.588599, "log_pop_c": 0.045241, "log_mass_c": 0.008444}, {"country_iso": "CHL", "city_id": 958, "log_pop": 3.020617, "log_mass": 5.200129, "log_pop_c": -0.474923, "log_mass_c": -0.758773}, {"country_iso": "CHL", "city_id": 914, "log_pop": 3.189618, "log_mass": 5.617279, "log_pop_c": -0.104224, "log_mass_c": -0.114239}, {"country_iso": "CHL", "city_id": 931, "log_pop": 3.336994, "log_mass": 5.197678, "log_pop_c": -0.424519, "log_mass_c": -0.851558}, {"country_iso": "CHL", "city_id": 901, "log_pop": 3.81972, "log_mass": 5.995498, "log_pop_c": 1.008984, "log_mass_c": 0.683355}, {"country_iso": "CHL", "city_id": 901, "log_pop": 2.899414, "log_mass": 5.197306, "log_pop_c": 0.088678, "log_mass_c": -0.114837}, {"country_iso": "CHL", "city_id": 931, "log_pop": 4.523964, "log_mass": 6.328547, "log_pop_c": 0.762451, "log_mass_c": 0.279311}, {"country_iso": "CHL", "city_id": 931, "log_pop": 4.024689, "log_mass": 6.446353, "log_pop_c": 0.263176, "log_mass_c": 0.397117}, {"country_iso": "CHL", "city_id": 958, "log_pop": 1.706809, "log_mass": 5.052465, "log_pop_c": -1.788731, "log_mass_c": -0.906436}, {"country_iso": "CHL", "city_id": 931, "log_pop": 1.826719, "log_mass": 4.358534, "log_pop_c": -1.934794, "log_mass_c": -1.690702}, {"country_iso": "CHL", "city_id": 931, "log_pop": 4.007025, "log_mass": 6.299883, "log_pop_c": 0.245511, "log_mass_c": 0.250647}, {"country_iso": "CHL", "city_id": 901, "log_pop": 3.165402, "log_mass": 5.398341, "log_pop_c": 0.354666, "log_mass_c": 0.086198}, {"country_iso": "CHL", "city_id": 901, "log_pop": 3.8158, "log_mass": 6.114446, "log_pop_c": 1.005065, "log_mass_c": 0.802303}, {"country_iso": "CHL", "city_id": 931, "log_pop": 4.177741, "log_mass": 6.242048, "log_pop_c": 0.416227, "log_mass_c": 0.192812}, {"country_iso": "CHL", "city_id": 931, "log_pop": 4.63915, "log_mass": 6.441673, "log_pop_c": 0.877637, "log_mass_c": 0.392437}, {"country_iso": "CHL", "city_id": 901, "log_pop": 2.843018, "log_mass": 5.60035, "log_pop_c": 0.032282, "log_mass_c": 0.288207}, {"country_iso": "CHL", "city_id": 914, "log_pop": 3.889186, "log_mass": 6.297006, "log_pop_c": 0.595345, "log_mass_c": 0.565488}, {"country_iso": "CHL", "city_id": 931, "log_pop": 4.627439, "log_mass": 6.609298, "log_pop_c": 0.865926, "log_mass_c": 0.560062}, {"country_iso": "CHL", "city_id": 914, "log_pop": 4.095331, "log_mass": 6.492091, "log_pop_c": 0.801489, "log_mass_c": 0.760572}, {"country_iso": "CHL", "city_id": 931, "log_pop": 4.3622, "log_mass": 6.612924, "log_pop_c": 0.600687, "log_mass_c": 0.563688}, {"country_iso": "CHL", "city_id": 914, "log_pop": 3.922164, "log_mass": 6.237541, "log_pop_c": 0.628323, "log_mass_c": 0.506022}, {"country_iso": "CHL", "city_id": 936, "log_pop": 2.802503, "log_mass": 5.116764, "log_pop_c": -0.634409, "log_mass_c": -0.683711}, {"country_iso": "CHL", "city_id": 931, "log_pop": 3.168512, "log_mass": 6.005278, "log_pop_c": -0.593002, "log_mass_c": -0.043958}, {"country_iso": "CHL", "city_id": 944, "log_pop": 3.280743, "log_mass": 5.744468, "log_pop_c": 0.213637, "log_mass_c": 0.164312}, {"country_iso": "CHL", "city_id": 931, "log_pop": 3.624578, "log_mass": 5.878366, "log_pop_c": -0.136935, "log_mass_c": -0.17087}, {"country_iso": "CHL", "city_id": 931, "log_pop": 4.795415, "log_mass": 6.368269, "log_pop_c": 1.033901, "log_mass_c": 0.319034}, {"country_iso": "CHL", "city_id": 931, "log_pop": 3.315508, "log_mass": 5.690075, "log_pop_c": -0.446005, "log_mass_c": -0.359161}, {"country_iso": "CHL", "city_id": 931, "log_pop": 3.4956, "log_mass": 6.420346, "log_pop_c": -0.265913, "log_mass_c": 0.37111}, {"country_iso": "CHL", "city_id": 931, "log_pop": 4.459226, "log_mass": 6.423678, "log_pop_c": 0.697713, "log_mass_c": 0.374442}, {"country_iso": "CHL", "city_id": 936, "log_pop": 3.616706, "log_mass": 6.012527, "log_pop_c": 0.179794, "log_mass_c": 0.212051}, {"country_iso": "CHL", "city_id": 931, "log_pop": 4.352181, "log_mass": 6.683742, "log_pop_c": 0.590667, "log_mass_c": 0.634506}, {"country_iso": "CHL", "city_id": 931, "log_pop": 4.73176, "log_mass": 6.494888, "log_pop_c": 0.970247, "log_mass_c": 0.445652}, {"country_iso": "CHL", "city_id": 958, "log_pop": 3.595066, "log_mass": 6.019547, "log_pop_c": 0.099527, "log_mass_c": 0.060646}, {"country_iso": "CHL", "city_id": 901, "log_pop": 2.811561, "log_mass": 5.818039, "log_pop_c": 0.000825, "log_mass_c": 0.505896}, {"country_iso": "CHL", "city_id": 931, "log_pop": 3.758468, "log_mass": 5.974756, "log_pop_c": -0.003045, "log_mass_c": -0.07448}, {"country_iso": "CHL", "city_id": 901, "log_pop": 1.309272, "log_mass": 3.894068, "log_pop_c": -1.501463, "log_mass_c": -1.418075}, {"country_iso": "CHL", "city_id": 931, "log_pop": 2.530384, "log_mass": 5.122527, "log_pop_c": -1.231129, "log_mass_c": -0.926709}, {"country_iso": "CHL", "city_id": 914, "log_pop": 3.959244, "log_mass": 6.246112, "log_pop_c": 0.665403, "log_mass_c": 0.514594}, {"country_iso": "CHL", "city_id": 958, "log_pop": 4.015477, "log_mass": 6.448293, "log_pop_c": 0.519937, "log_mass_c": 0.489392}, {"country_iso": "CHL", "city_id": 931, "log_pop": 1.378088, "log_mass": 5.577409, "log_pop_c": -2.383425, "log_mass_c": -0.471827}]