[{"country_iso": "ZMB", "city_id": 3798, "log_pop": 2.056282, "log_mass": 4.531131, "log_pop_c": -1.762004, "log_mass_c": -1.450952}, {"country_iso": "ZMB", "city_id": 3798, "log_pop": 2.809287, "log_mass": 4.816423, "log_pop_c": -1.008998, "log_mass_c": -1.16566}, {"country_iso": "ZMB", "city_id": 3822, "log_pop": 3.448061, "log_mass": 6.019826, "log_pop_c": 0.327619, "log_mass_c": 0.276094}, {"country_iso": "ZMB", "city_id": 3811, "log_pop": 3.666321, "log_mass": 5.991808, "log_pop_c": 0.184731, "log_mass_c": 0.081799}, {"country_iso": "ZMB", "city_id": 3798, "log_pop": 3.676241, "log_mass": 5.725552, "log_pop_c": -0.142045, "log_mass_c": -0.256532}, {"country_iso": "ZMB", "city_id": 3811, "log_pop": 3.747854, "log_mass": 6.118521, "log_pop_c": 0.266265, "log_mass_c": 0.208512}, {"country_iso": "ZMB", "city_id": 3798, "log_pop": 3.846901, "log_mass": 5.848374, "log_pop_c": 0.028616, "log_mass_c": -0.13371}, {"country_iso": "ZMB", "city_id": 3822, "log_pop": 3.772693, "log_mass": 6.309816, "log_pop_c": 0.652252, "log_mass_c": 0.566084}, {"country_iso": "ZMB", "city_id": 3798, "log_pop": 3.686063, "log_mass": 5.881392, "log_pop_c": -0.132223, "log_mass_c": -0.100692}, {"country_iso": "ZMB", "city_id": 3798, "log_pop": 1.651992, "log_mass": 4.475614, "log_pop_c": -2.166293, "log_mass_c": -1.50647}, {"country_iso": "ZMB", "city_id": 3859, "log_pop": 3.790324, "log_mass": 6.0546, "log_pop_c": 0.510593, "log_mass_c": 0.351399}, {"country_iso": "ZMB", "city_id": 3811, "log_pop": 3.886987, "log_mass": 6.174331, "log_pop_c": 0.405398, "log_mass_c": 0.264322}, {"country_iso": "ZMB", "city_id": 3859, "log_pop": 4.114886, "log_mass": 6.375351, "log_pop_c": 0.835155, "log_mass_c": 0.672151}, {"country_iso": "ZMB", "city_id": 3786, "log_pop": 3.860934, "log_mass": 6.263944, "log_pop_c": 0.476908, "log_mass_c": 0.263767}, {"country_iso": "ZMB", "city_id": 3859, "log_pop": 3.426245, "log_mass": 5.9385, "log_pop_c": 0.146514, "log_mass_c": 0.2353}, {"country_iso": "ZMB", "city_id": 3811, "log_pop": 4.061635, "log_mass": 6.511149, "log_pop_c": 0.580045, "log_mass_c": 0.601141}, {"country_iso": "ZMB", "city_id": 3798, "log_pop": 3.024892, "log_mass": 5.063371, "log_pop_c": -0.793393, "log_mass_c": -0.918713}, {"country_iso": "ZMB", "city_id": 3811, "log_pop": 4.157879, "log_mass": 6.370474, "log_pop_c": 0.67629, "log_mass_c": 0.460465}, {"country_iso": "ZMB", "city_id": 4432, "log_pop": 2.524205, "log_mass": 4.833857, "log_pop_c": -0.620595, "log_mass_c": -0.637741}, {"country_iso": "ZMB", "city_id": 3859, "log_pop": 3.283959, "log_mass": 5.535731, "log_pop_c": 0.004229, "log_mass_c": -0.16747}, {"country_iso": "ZMB", "city_id": 3822, "log_pop": 0.758157, "log_mass": 4.155814, "log_pop_c": -2.362285, "log_mass_c": -1.587918}, {"country_iso": "ZMB", "city_id": 3859, "log_pop": 3.987104, "log_mass": 6.521212, "log_pop_c": 0.707374, "log_mass_c": 0.818011}, {"country_iso": "ZMB", "city_id": 3859, "log_pop": 2.084663, "log_mass": 4.503528, "log_pop_c": -1.195068, "log_mass_c": -1.199673}, {"country_iso": "ZMB", "city_id": 3859, "log_pop": 2.708119, "log_mass": 5.290835, "log_pop_c": -0.571612, "log_mass_c": -0.412365}, {"country_iso": "ZMB", "city_id": 3798, "log_pop": 4.778945, "log_mass": 6.605825, "log_pop_c": 0.960659, "log_mass_c": 0.623741}, {"country_iso": "ZMB", "city_id": 3822, "log_pop": 3.523418, "log_mass": 6.055899, "log_pop_c": 0.402976, "log_mass_c": 0.312167}, {"country_iso": "ZMB", "city_id": 3798, "log_pop": 4.572821, "log_mass": 6.692789, "log_pop_c": 0.754536, "log_mass_c": 0.710705}, {"country_iso": "ZMB", "city_id": 3786, "log_pop": 3.696017, "log_mass": 6.353502, "log_pop_c": 0.311991, "log_mass_c": 0.353325}, {"country_iso": "ZMB", "city_id": 3811, "log_pop": 2.998793, "log_mass": 5.570876, "log_pop_c": -0.482797, "log_mass_c": -0.339133}, {"country_iso": "ZMB", "city_id": 3798, "log_pop": 4.463119, "log_mass": 6.544849, "log_pop_c": 0.644833, "log_mass_c": 0.562766}, {"country_iso": "ZMB", "city_id": 3811, "log_pop": 4.14031, "log_mass": 6.41822, "log_pop_c": 0.65872, "log_mass_c": 0.508211}, {"country_iso": "ZMB", "city_id": 3798, "log_pop": 4.272473, "log_mass": 6.439088, "log_pop_c": 0.454188, "log_mass_c": 0.457005}, {"country_iso": "ZMB", "city_id": 3798, "log_pop": 3.564681, "log_mass": 5.547817, "log_pop_c": -0.253604, "log_mass_c": -0.434266}, {"country_iso": "ZMB", "city_id": 3798, "log_pop": 4.069171, "log_mass": 6.129557, "log_pop_c": 0.250885, "log_mass_c": 0.147473}, {"country_iso": "ZMB", "city_id": 4432, "log_pop": 2.162933, "log_mass": 4.481921, "log_pop_c": -0.981867, "log_mass_c": -0.989678}, {"country_iso": "ZMB", "city_id": 3859, "log_pop": 4.191114, "log_mass": 6.436548, "log_pop_c": 0.911383, "log_mass_c": 0.733347}, {"country_iso": "ZMB", "city_id": 3798, "log_pop": 4.170328, "log_mass": 6.239232, "log_pop_c": 0.352042, "log_mass_c": 0.257148}, {"country_iso": "ZMB", "city_id": 3798, "log_pop": 4.3273, "log_mass": 6.370843, "log_pop_c": 0.509014, "log_mass_c": 0.38876}, {"country_iso": "ZMB", "city_id": 3786, "log_pop": 3.364102, "log_mass": 5.872656, "log_pop_c": -0.019924, "log_mass_c": -0.127521}, {"country_iso": "ZMB", "city_id": 3798, "log_pop": 0.614589, "log_mass": 2.981953, "log_pop_c": -3.203697, "log_mass_c": -3.00013}, {"country_iso": "ZMB", "city_id": 3811, "log_pop": 3.700064, "log_mass": 5.948721, "log_pop_c": 0.218474, "log_mass_c": 0.038713}, {"country_iso": "ZMB", "city_id": 3859, "log_pop": 3.853279, "log_mass": 6.136579, "log_pop_c": 0.573549, "log_mass_c": 0.433378}, {"country_iso": "ZMB", "city_id": 3798, "log_pop": 4.58963, "log_mass": 6.68463, "log_pop_c": 0.771345, "log_mass_c": 0.702546}, {"country_iso": "ZMB", "city_id": 3822, "log_pop": 3.278071, "log_mass": 5.880738, "log_pop_c": 0.15763, "log_mass_c": 0.137006}, {"country_iso": "ZMB", "city_id": 3798, "log_pop": 4.162632, "log_mass": 6.22442, "log_pop_c": 0.344346, "log_mass_c": 0.242337}, {"country_iso": "ZMB", "city_id": 3798, "log_pop": 4.295979, "log_mass": 6.600501, "log_pop_c": 0.477694, "log_mass_c": 0.618417}, {"country_iso": "ZMB", "city_id": 3811, "log_pop": 3.283158, "log_mass": 5.773601, "log_pop_c": -0.198431, "log_mass_c": -0.136408}, {"country_iso": "ZMB", "city_id": 3798, "log_pop": 4.08028, "log_mass": 5.760421, "log_pop_c": 0.261995, "log_mass_c": -0.221662}, {"country_iso": "ZMB", "city_id": 3859, "log_pop": 3.925895, "log_mass": 6.37801, "log_pop_c": 0.646164, "log_mass_c": 0.674809}, {"country_iso": "ZMB", "city_id": 3798, "log_pop": 4.530139, "log_mass": 6.580304, "log_pop_c": 0.711853, "log_mass_c": 0.59822}, {"country_iso": "ZMB", "city_id": 3798, "log_pop": 4.30595, "log_mass": 6.200974, "log_pop_c": 0.487665, "log_mass_c": 0.21889}, {"country_iso": "ZMB", "city_id": 3798, "log_pop": 0.957916, "log_mass": 3.772494, "log_pop_c": -2.860369, "log_mass_c": -2.20959}, {"country_iso": "ZMB", "city_id": 3859, "log_pop": 4.006649, "log_mass": 6.459447, "log_pop_c": 0.726919, "log_mass_c": 0.756247}, {"country_iso": "ZMB", "city_id": 3786, "log_pop": 3.090544, "log_mass": 5.56597, "log_pop_c": -0.293483, "log_mass_c": -0.434207}, {"country_iso": "ZMB", "city_id": 3798, "log_pop": 4.412164, "log_mass": 6.442564, "log_pop_c": 0.593879, "log_mass_c": 0.46048}, {"country_iso": "ZMB", "city_id": 3859, "log_pop": 3.320583, "log_mass": 5.638947, "log_pop_c": 0.040852, "log_mass_c": -0.064254}, {"country_iso": "ZMB", "city_id": 3811, "log_pop": 2.956964, "log_mass": 5.429833, "log_pop_c": -0.524625, "log_mass_c": -0.480176}, {"country_iso": "ZMB", "city_id": 3798, "log_pop": 4.186981, "log_mass": 6.22553, "log_pop_c": 0.368696, "log_mass_c": 0.243447}, {"country_iso": "ZMB", "city_id": 3798, "log_pop": 4.090061, "log_mass": 6.244846, "log_pop_c": 0.271775, "log_mass_c": 0.262762}, {"country_iso": "ZMB", "city_id": 3811, "log_pop": 2.978255, "log_mass": 5.514353, "log_pop_c": -0.503335, "log_mass_c": -0.395656}, {"country_iso": "ZMB", "city_id": 3811, "log_pop": 3.255877, "log_mass": 5.604583, "log_pop_c": -0.225712, "log_mass_c": -0.305426}, {"country_iso": "ZMB", "city_id": 3859, "log_pop": 0.631982, "log_mass": 3.324387, "log_pop_c": -2.647749, "log_mass_c": -2.378813}, {"country_iso": "ZMB", "city_id": 3798, "log_pop": 4.202954, "log_mass": 6.360764, "log_pop_c": 0.384668, "log_mass_c": 0.378681}, {"country_iso": "ZMB", "city_id": 3811, "log_pop": 3.24852, "log_mass": 5.714851, "log_pop_c": -0.233069, "log_mass_c": -0.195157}, {"country_iso": "ZMB", "city_id": 3786, "log_pop": 1.108165, "log_mass": 3.98305, "log_pop_c": -2.275861, "log_mass_c": -2.017128}, {"country_iso": "ZMB", "city_id": 3798, "log_pop": 4.664673, "log_mass": 6.466767, "log_pop_c": 0.846387, "log_mass_c": 0.484684}, {"country_iso": "ZMB", "city_id": 3786, "log_pop": 3.883996, "log_mass": 6.552767, "log_pop_c": 0.499969, "log_mass_c": 0.55259}, {"country_iso": "ZMB", "city_id": 3859, "log_pop": 2.261239, "log_mass": 4.714936, "log_pop_c": -1.018492, "log_mass_c": -0.988264}, {"country_iso": "ZMB", "city_id": 3798, "log_pop": 4.020897, "log_mass": 6.154516, "log_pop_c": 0.202612, "log_mass_c": 0.172432}, {"country_iso": "ZMB", "city_id": 3798, "log_pop": 4.190221, "log_mass": 6.57815, "log_pop_c": 0.371936, "log_mass_c": 0.596066}, {"country_iso": "ZMB", "city_id": 3859, "log_pop": 3.978547, "log_mass": 6.220504, "log_pop_c": 0.698816, "log_mass_c": 0.517304}, {"country_iso": "ZMB", "city_id": 3798, "log_pop": 2.442065, "log_mass": 5.423911, "log_pop_c": -1.37622, "log_mass_c": -0.558172}, {"country_iso": "ZMB", "city_id": 3798, "log_pop": 3.75818, "log_mass": 6.00554, "log_pop_c": -0.060106, "log_mass_c": 0.023456}, {"country_iso": "ZMB", "city_id": 3786, "log_pop": 4.143162, "log_mass": 6.539107, "log_pop_c": 0.759136, "log_mass_c": 0.53893}, {"country_iso": "ZMB", "city_id": 3811, "log_pop": 3.811273, "log_mass": 5.993382, "log_pop_c": 0.329684, "log_mass_c": 0.083374}, {"country_iso": "ZMB", "city_id": 3798, "log_pop": 1.200261, "log_mass": 4.425324, "log_pop_c": -2.618025, "log_mass_c": -1.556759}, {"country_iso": "ZMB", "city_id": 3811, "log_pop": 3.939939, "log_mass": 6.456397, "log_pop_c": 0.45835, "log_mass_c": 0.546388}, {"country_iso": "ZMB", "city_id": 3811, "log_pop": 3.726902, "log_mass": 5.997532, "log_pop_c": 0.245312, "log_mass_c": 0.087523}, {"country_iso": "ZMB", "city_id": 3798, "log_pop": 4.44269, "log_mass": 6.260615, "log_pop_c": 0.624405, "log_mass_c": 0.278531}, {"country_iso": "ZMB", "city_id": 3859, "log_pop": 2.340718, "log_mass": 4.737022, "log_pop_c": -0.939013, "log_mass_c": -0.966178}, {"country_iso": "ZMB", "city_id": 3859, "log_pop": 3.583037, "log_mass": 6.113279, "log_pop_c": 0.303306, "log_mass_c": 0.410078}, {"country_iso": "ZMB", "city_id": 3798, "log_pop": 3.98691, "log_mass": 6.153951, "log_pop_c": 0.168625, "log_mass_c": 0.171868}, {"country_iso": "ZMB", "city_id": 3822, "log_pop": 3.899069, "log_mass": 6.269884, "log_pop_c": 0.778628, "log_mass_c": 0.526152}, {"country_iso": "ZMB", "city_id": 3822, "log_pop": 3.690954, "log_mass": 6.083766, "log_pop_c": 0.570512, "log_mass_c": 0.340034}, {"country_iso": "ZMB", "city_id": 3822, "log_pop": 0.756349, "log_mass": 4.222049, "log_pop_c": -2.364092, "log_mass_c": -1.521682}, {"country_iso": "ZMB", "city_id": 3811, "log_pop": 0.80854, "log_mass": 4.660593, "log_pop_c": -2.67305, "log_mass_c": -1.249416}, {"country_iso": "ZMB", "city_id": 3798, "log_pop": 2.947388, "log_mass": 5.499367, "log_pop_c": -0.870897, "log_mass_c": -0.482717}, {"country_iso": "ZMB", "city_id": 3822, "log_pop": 2.86868, "log_mass": 5.290124, "log_pop_c": -0.251762, "log_mass_c": -0.453608}, {"country_iso": "ZMB", "city_id": 3798, "log_pop": 4.756439, "log_mass": 6.704587, "log_pop_c": 0.938153, "log_mass_c": 0.722503}, {"country_iso": "ZMB", "city_id": 4432, "log_pop": 4.124287, "log_mass": 6.419533, "log_pop_c": 0.979487, "log_mass_c": 0.947935}, {"country_iso": "ZMB", "city_id": 3798, "log_pop": 4.566412, "log_mass": 6.719764, "log_pop_c": 0.748126, "log_mass_c": 0.737681}, {"country_iso": "ZMB", "city_id": 3811, "log_pop": 3.988698, "log_mass": 6.499552, "log_pop_c": 0.507108, "log_mass_c": 0.589543}, {"country_iso": "ZMB", "city_id": 3798, "log_pop": 4.601991, "log_mass": 6.481977, "log_pop_c": 0.783705, "log_mass_c": 0.499893}, {"country_iso": "ZMB", "city_id": 3786, "log_pop": 3.783894, "log_mass": 6.356784, "log_pop_c": 0.399868, "log_mass_c": 0.356607}, {"country_iso": "ZMB", "city_id": 3786, "log_pop": 3.365099, "log_mass": 5.929723, "log_pop_c": -0.018928, "log_mass_c": -0.070454}, {"country_iso": "ZMB", "city_id": 3811, "log_pop": 1.691419, "log_mass": 4.174199, "log_pop_c": -1.790171, "log_mass_c": -1.73581}, {"country_iso": "ZMB", "city_id": 3798, "log_pop": 4.479026, "log_mass": 6.779009, "log_pop_c": 0.660741, "log_mass_c": 0.796925}, {"country_iso": "ZMB", "city_id": 3798, "log_pop": 4.194495, "log_mass": 5.99777, "log_pop_c": 0.376209, "log_mass_c": 0.015687}, {"country_iso": "ZMB", "city_id": 3798, "log_pop": 4.583802, "log_mass": 6.386811, "log_pop_c": 0.765516, "log_mass_c": 0.404728}, {"country_iso": "ZMB", "city_id": 3786, "log_pop": 3.723747, "log_mass": 6.323391, "log_pop_c": 0.339721, "log_mass_c": 0.323213}, {"country_iso": "ZMB", "city_id": 4432, "log_pop": 3.485183, "log_mass": 5.84947, "log_pop_c": 0.340382, "log_mass_c": 0.377872}, {"country_iso": "ZMB", "city_id": 3798, "log_pop": 4.533879, "log_mass": 6.681623, "log_pop_c": 0.715594, "log_mass_c": 0.699539}, {"country_iso": "ZMB", "city_id": 4432, "log_pop": 1.616931, "log_mass": 4.14267, "log_pop_c": -1.527869, "log_mass_c": -1.328929}, {"country_iso": "ZMB", "city_id": 3811, "log_pop": 4.228467, "log_mass": 6.389964, "log_pop_c": 0.746877, "log_mass_c": 0.479955}, {"country_iso": "ZMB", "city_id": 3859, "log_pop": 3.52318, "log_mass": 6.035559, "log_pop_c": 0.243449, "log_mass_c": 0.332358}, {"country_iso": "ZMB", "city_id": 3798, "log_pop": 3.328194, "log_mass": 5.505644, "log_pop_c": -0.490092, "log_mass_c": -0.47644}, {"country_iso": "ZMB", "city_id": 3859, "log_pop": 4.320448, "log_mass": 6.568074, "log_pop_c": 1.040717, "log_mass_c": 0.864873}, {"country_iso": "ZMB", "city_id": 3798, "log_pop": 3.315685, "log_mass": 5.807258, "log_pop_c": -0.5026, "log_mass_c": -0.174826}, {"country_iso": "ZMB", "city_id": 3811, "log_pop": 4.224691, "log_mass": 6.477843, "log_pop_c": 0.743102, "log_mass_c": 0.567834}, {"country_iso": "ZMB", "city_id": 3811, "log_pop": 2.685841, "log_mass": 5.242034, "log_pop_c": -0.795748, "log_mass_c": -0.667975}, {"country_iso": "ZMB", "city_id": 3822, "log_pop": 3.692781, "log_mass": 6.255889, "log_pop_c": 0.572339, "log_mass_c": 0.512157}, {"country_iso": "ZMB", "city_id": 3822, "log_pop": 3.842717, "log_mass": 6.298346, "log_pop_c": 0.722275, "log_mass_c": 0.554614}, {"country_iso": "ZMB", "city_id": 3811, "log_pop": 3.767642, "log_mass": 6.263876, "log_pop_c": 0.286052, "log_mass_c": 0.353867}, {"country_iso": "ZMB", "city_id": 3811, "log_pop": 3.064389, "log_mass": 5.327861, "log_pop_c": -0.417201, "log_mass_c": -0.582148}, {"country_iso": "ZMB", "city_id": 3859, "log_pop": 3.381097, "log_mass": 5.966601, "log_pop_c": 0.101366, "log_mass_c": 0.263401}, {"country_iso": "ZMB", "city_id": 3811, "log_pop": 3.93272, "log_mass": 6.221221, "log_pop_c": 0.45113, "log_mass_c": 0.311212}, {"country_iso": "ZMB", "city_id": 3786, "log_pop": 3.290722, "log_mass": 6.112388, "log_pop_c": -0.093305, "log_mass_c": 0.11221}, {"country_iso": "ZMB", "city_id": 3798, "log_pop": 3.649478, "log_mass": 6.196156, "log_pop_c": -0.168808, "log_mass_c": 0.214073}, {"country_iso": "ZMB", "city_id": 3798, "log_pop": 4.480275, "log_mass": 6.633974, "log_pop_c": 0.661989, "log_mass_c": 0.65189}, {"country_iso": "ZMB", "city_id": 3798, "log_pop": 3.03339, "log_mass": 5.516319, "log_pop_c": -0.784895, "log_mass_c": -0.465765}, {"country_iso": "ZMB", "city_id": 3822, "log_pop": 3.77378, "log_mass": 6.108522, "log_pop_c": 0.653338, "log_mass_c": 0.36479}, {"country_iso": "ZMB", "city_id": 3798, "log_pop": 4.293967, "log_mass": 6.288967, "log_pop_c": 0.475682, "log_mass_c": 0.306884}, {"country_iso": "ZMB", "city_id": 3798, "log_pop": 4.065913, "log_mass": 6.497837, "log_pop_c": 0.247628, "log_mass_c": 0.515753}, {"country_iso": "ZMB", "city_id": 3822, "log_pop": 3.51794, "log_mass": 6.1134, "log_pop_c": 0.397499, "log_mass_c": 0.369668}, {"country_iso": "ZMB", "city_id": 3859, "log_pop": 3.173866, "log_mass": 5.741371, "log_pop_c": -0.105865, "log_mass_c": 0.03817}, {"country_iso": "ZMB", "city_id": 4432, "log_pop": 3.755126, "log_mass": 5.907035, "log_pop_c": 0.610326, "log_mass_c": 0.435437}, {"country_iso": "ZMB", "city_id": 3798, "log_pop": 4.768184, "log_mass": 6.543506, "log_pop_c": 0.949898, "log_mass_c": 0.561423}, {"country_iso": "ZMB", "city_id": 3859, "log_pop": 1.634698, "log_mass": 4.057161, "log_pop_c": -1.645033, "log_mass_c": -1.64604}, {"country_iso": "ZMB", "city_id": 3786, "log_pop": 3.606519, "log_mass": 6.306979, "log_pop_c": 0.222492, "log_mass_c": 0.306802}, {"country_iso": "ZMB", "city_id": 3798, "log_pop": 4.554858, "log_mass": 6.656245, "log_pop_c": 0.736572, "log_mass_c": 0.674161}, {"country_iso": "ZMB", "city_id": 3859, "log_pop": 1.679851, "log_mass": 4.02415, "log_pop_c": -1.59988, "log_mass_c": -1.679051}, {"country_iso": "ZMB", "city_id": 3786, "log_pop": 1.546904, "log_mass": 4.813971, "log_pop_c": -1.837122, "log_mass_c": -1.186206}, {"country_iso": "ZMB", "city_id": 3798, "log_pop": 4.498001, "log_mass": 6.574036, "log_pop_c": 0.679716, "log_mass_c": 0.591953}, {"country_iso": "ZMB", "city_id": 3798, "log_pop": 4.361277, "log_mass": 6.532045, "log_pop_c": 0.542992, "log_mass_c": 0.549961}, {"country_iso": "ZMB", "city_id": 3798, "log_pop": 4.412503, "log_mass": 6.475842, "log_pop_c": 0.594218, "log_mass_c": 0.493758}, {"country_iso": "ZMB", "city_id": 3786, "log_pop": 3.820629, "log_mass": 6.261311, "log_pop_c": 0.436603, "log_mass_c": 0.261134}, {"country_iso": "ZMB", "city_id": 3811, "log_pop": 2.986934, "log_mass": 5.139249, "log_pop_c": -0.494656, "log_mass_c": -0.77076}, {"country_iso": "ZMB", "city_id": 3798, "log_pop": 3.667542, "log_mass": 5.57158, "log_pop_c": -0.150744, "log_mass_c": -0.410504}, {"country_iso": "ZMB", "city_id": 3811, "log_pop": 4.082743, "log_mass": 6.402962, "log_pop_c": 0.601153, "log_mass_c": 0.492954}, {"country_iso": "ZMB", "city_id": 4432, "log_pop": 4.204829, "log_mass": 6.227146, "log_pop_c": 1.060029, "log_mass_c": 0.755547}, {"country_iso": "ZMB", "city_id": 3786, "log_pop": 3.168869, "log_mass": 5.904827, "log_pop_c": -0.215157, "log_mass_c": -0.09535}, {"country_iso": "ZMB", "city_id": 3811, "log_pop": 3.938496, "log_mass": 6.405795, "log_pop_c": 0.456906, "log_mass_c": 0.495786}, {"country_iso": "ZMB", "city_id": 3822, "log_pop": 3.309939, "log_mass": 5.74929, "log_pop_c": 0.189497, "log_mass_c": 0.005558}, {"country_iso": "ZMB", "city_id": 3859, "log_pop": 4.182502, "log_mass": 6.534445, "log_pop_c": 0.902771, "log_mass_c": 0.831244}, {"country_iso": "ZMB", "city_id": 3811, "log_pop": 3.470668, "log_mass": 5.824131, "log_pop_c": -0.010921, "log_mass_c": -0.085878}, {"country_iso": "ZMB", "city_id": 4432, "log_pop": 2.067942, "log_mass": 4.957799, "log_pop_c": -1.076859, "log_mass_c": -0.5138}, {"country_iso": "ZMB", "city_id": 3798, "log_pop": 4.149877, "log_mass": 5.996111, "log_pop_c": 0.331591, "log_mass_c": 0.014028}, {"country_iso": "ZMB", "city_id": 3811, "log_pop": 3.459324, "log_mass": 6.023412, "log_pop_c": -0.022265, "log_mass_c": 0.113404}, {"country_iso": "ZMB", "city_id": 4432, "log_pop": 3.822078, "log_mass": 5.8821, "log_pop_c": 0.677278, "log_mass_c": 0.410502}, {"country_iso": "ZMB", "city_id": 3859, "log_pop": 4.086266, "log_mass": 6.436914, "log_pop_c": 0.806535, "log_mass_c": 0.733713}, {"country_iso": "ZMB", "city_id": 3811, "log_pop": 4.037974, "log_mass": 6.568948, "log_pop_c": 0.556384, "log_mass_c": 0.658939}, {"country_iso": "ZMB", "city_id": 3798, "log_pop": 4.59873, "log_mass": 6.753067, "log_pop_c": 0.780444, "log_mass_c": 0.770983}, {"country_iso": "ZMB", "city_id": 3798, "log_pop": 3.032607, "log_mass": 4.962328, "log_pop_c": -0.785678, "log_mass_c": -1.019756}, {"country_iso": "ZMB", "city_id": 3798, "log_pop": 4.143762, "log_mass": 6.285611, "log_pop_c": 0.325476, "log_mass_c": 0.303528}, {"country_iso": "ZMB", "city_id": 3798, "log_pop": 2.29937, "log_mass": 4.998895, "log_pop_c": -1.518915, "log_mass_c": -0.983189}, {"country_iso": "ZMB", "city_id": 3798, "log_pop": 3.63812, "log_mass": 5.974545, "log_pop_c": -0.180165, "log_mass_c": -0.007539}, {"country_iso": "ZMB", "city_id": 3798, "log_pop": 4.457731, "log_mass": 6.44963, "log_pop_c": 0.639446, "log_mass_c": 0.467546}, {"country_iso": "ZMB", "city_id": 3822, "log_pop": 2.674014, "log_mass": 5.342616, "log_pop_c": -0.446427, "log_mass_c": -0.401116}, {"country_iso": "ZMB", "city_id": 3786, "log_pop": 3.84755, "log_mass": 6.358477, "log_pop_c": 0.463524, "log_mass_c": 0.3583}, {"country_iso": "ZMB", "city_id": 3798, "log_pop": 4.777313, "log_mass": 6.522048, "log_pop_c": 0.959028, "log_mass_c": 0.539965}, {"country_iso": "ZMB", "city_id": 4432, "log_pop": 3.684489, "log_mass": 6.014453, "log_pop_c": 0.539689, "log_mass_c": 0.542854}, {"country_iso": "ZMB", "city_id": 3859, "log_pop": 3.799448, "log_mass": 6.36879, "log_pop_c": 0.519717, "log_mass_c": 0.665589}, {"country_iso": "ZMB", "city_id": 3786, "log_pop": 4.227597, "log_mass": 6.504166, "log_pop_c": 0.84357, "log_mass_c": 0.503988}, {"country_iso": "ZMB", "city_id": 3798, "log_pop": 4.185851, "log_mass": 6.207467, "log_pop_c": 0.367566, "log_mass_c": 0.225383}, {"country_iso": "ZMB", "city_id": 3859, "log_pop": 3.283032, "log_mass": 5.873937, "log_pop_c": 0.003301, "log_mass_c": 0.170737}, {"country_iso": "ZMB", "city_id": 3798, "log_pop": 3.938722, "log_mass": 6.114885, "log_pop_c": 0.120436, "log_mass_c": 0.132801}, {"country_iso": "ZMB", "city_id": 3798, "log_pop": 1.404679, "log_mass": 4.024665, "log_pop_c": -2.413606, "log_mass_c": -1.957419}]