[{"country_iso": "CUB", "city_id": 658, "log_pop": 2.7561, "log_mass": 5.298913, "log_pop_c": -0.4894, "log_mass_c": -0.268071}, {"country_iso": "CUB", "city_id": 473, "log_pop": 3.297349, "log_mass": 5.524778, "log_pop_c": -0.170615, "log_mass_c": -0.241203}, {"country_iso": "CUB", "city_id": 473, "log_pop": 3.451119, "log_mass": 5.754287, "log_pop_c": -0.016845, "log_mass_c": -0.011694}, {"country_iso": "CUB", "city_id": 473, "log_pop": 3.104564, "log_mass": 5.408703, "log_pop_c": -0.3634, "log_mass_c": -0.357278}, {"country_iso": "CUB", "city_id": 658, "log_pop": 3.367792, "log_mass": 5.604017, "log_pop_c": 0.122291, "log_mass_c": 0.037033}, {"country_iso": "CUB", "city_id": 473, "log_pop": 4.033773, "log_mass": 6.173367, "log_pop_c": 0.565809, "log_mass_c": 0.407386}, {"country_iso": "CUB", "city_id": 473, "log_pop": 3.590991, "log_mass": 6.019087, "log_pop_c": 0.123027, "log_mass_c": 0.253105}, {"country_iso": "CUB", "city_id": 604, "log_pop": 3.275508, "log_mass": 5.711547, "log_pop_c": 0.321119, "log_mass_c": 0.246261}, {"country_iso": "CUB", "city_id": 473, "log_pop": 3.942231, "log_mass": 6.520776, "log_pop_c": 0.474267, "log_mass_c": 0.754794}, {"country_iso": "CUB", "city_id": 604, "log_pop": 3.764291, "log_mass": 6.281435, "log_pop_c": 0.809902, "log_mass_c": 0.816149}, {"country_iso": "CUB", "city_id": 658, "log_pop": 3.518667, "log_mass": 5.793477, "log_pop_c": 0.273166, "log_mass_c": 0.226494}, {"country_iso": "CUB", "city_id": 473, "log_pop": 4.203781, "log_mass": 6.076081, "log_pop_c": 0.735817, "log_mass_c": 0.310099}, {"country_iso": "CUB", "city_id": 658, "log_pop": 3.820111, "log_mass": 5.999506, "log_pop_c": 0.574611, "log_mass_c": 0.432522}, {"country_iso": "CUB", "city_id": 664, "log_pop": 2.34384, "log_mass": 4.73477, "log_pop_c": -0.80036, "log_mass_c": -0.822695}, {"country_iso": "CUB", "city_id": 523, "log_pop": 1.725509, "log_mass": 4.447517, "log_pop_c": -1.44075, "log_mass_c": -1.144554}, {"country_iso": "CUB", "city_id": 664, "log_pop": 3.382998, "log_mass": 5.815702, "log_pop_c": 0.238799, "log_mass_c": 0.258237}, {"country_iso": "CUB", "city_id": 658, "log_pop": 2.910982, "log_mass": 5.477547, "log_pop_c": -0.334519, "log_mass_c": -0.089437}, {"country_iso": "CUB", "city_id": 664, "log_pop": 2.85246, "log_mass": 5.041574, "log_pop_c": -0.29174, "log_mass_c": -0.515891}, {"country_iso": "CUB", "city_id": 473, "log_pop": 3.635161, "log_mass": 6.359449, "log_pop_c": 0.167197, "log_mass_c": 0.593468}, {"country_iso": "CUB", "city_id": 473, "log_pop": 2.833868, "log_mass": 5.254309, "log_pop_c": -0.634096, "log_mass_c": -0.511673}, {"country_iso": "CUB", "city_id": 523, "log_pop": 4.01659, "log_mass": 6.442902, "log_pop_c": 0.850331, "log_mass_c": 0.850832}, {"country_iso": "CUB", "city_id": 658, "log_pop": 2.864447, "log_mass": 5.140499, "log_pop_c": -0.381053, "log_mass_c": -0.426485}, {"country_iso": "CUB", "city_id": 473, "log_pop": 2.943643, "log_mass": 5.232523, "log_pop_c": -0.524321, "log_mass_c": -0.533459}, {"country_iso": "CUB", "city_id": 473, "log_pop": 3.159024, "log_mass": 5.647427, "log_pop_c": -0.30894, "log_mass_c": -0.118555}, {"country_iso": "CUB", "city_id": 473, "log_pop": 3.188826, "log_mass": 5.685693, "log_pop_c": -0.279137, "log_mass_c": -0.080289}, {"country_iso": "CUB", "city_id": 473, "log_pop": 3.920354, "log_mass": 5.759451, "log_pop_c": 0.45239, "log_mass_c": -0.00653}, {"country_iso": "CUB", "city_id": 473, "log_pop": 3.519294, "log_mass": 5.801623, "log_pop_c": 0.05133, "log_mass_c": 0.035641}, {"country_iso": "CUB", "city_id": 473, "log_pop": 4.20154, "log_mass": 6.15973, "log_pop_c": 0.733576, "log_mass_c": 0.393749}, {"country_iso": "CUB", "city_id": 604, "log_pop": 3.565929, "log_mass": 6.038636, "log_pop_c": 0.61154, "log_mass_c": 0.57335}, {"country_iso": "CUB", "city_id": 664, "log_pop": 3.645048, "log_mass": 6.009862, "log_pop_c": 0.500848, "log_mass_c": 0.452398}, {"country_iso": "CUB", "city_id": 658, "log_pop": 3.088732, "log_mass": 5.330765, "log_pop_c": -0.156768, "log_mass_c": -0.236218}, {"country_iso": "CUB", "city_id": 473, "log_pop": 2.217622, "log_mass": 4.523646, "log_pop_c": -1.250342, "log_mass_c": -1.242335}, {"country_iso": "CUB", "city_id": 473, "log_pop": 3.077052, "log_mass": 5.605513, "log_pop_c": -0.390912, "log_mass_c": -0.160469}, {"country_iso": "CUB", "city_id": 523, "log_pop": 3.791082, "log_mass": 6.14102, "log_pop_c": 0.624823, "log_mass_c": 0.54895}, {"country_iso": "CUB", "city_id": 604, "log_pop": 3.512685, "log_mass": 5.931944, "log_pop_c": 0.558296, "log_mass_c": 0.466658}, {"country_iso": "CUB", "city_id": 473, "log_pop": 3.877829, "log_mass": 5.975994, "log_pop_c": 0.409865, "log_mass_c": 0.210012}, {"country_iso": "CUB", "city_id": 604, "log_pop": 1.89077, "log_mass": 4.321977, "log_pop_c": -1.063619, "log_mass_c": -1.143309}, {"country_iso": "CUB", "city_id": 658, "log_pop": 3.04999, "log_mass": 5.326315, "log_pop_c": -0.19551, "log_mass_c": -0.240669}, {"country_iso": "CUB", "city_id": 473, "log_pop": 3.804031, "log_mass": 6.129665, "log_pop_c": 0.336067, "log_mass_c": 0.363684}, {"country_iso": "CUB", "city_id": 523, "log_pop": 3.213301, "log_mass": 5.653923, "log_pop_c": 0.047042, "log_mass_c": 0.061852}, {"country_iso": "CUB", "city_id": 473, "log_pop": 3.294175, "log_mass": 5.488439, "log_pop_c": -0.173789, "log_mass_c": -0.277542}, {"country_iso": "CUB", "city_id": 664, "log_pop": 1.206434, "log_mass": 5.067045, "log_pop_c": -1.937766, "log_mass_c": -0.490419}, {"country_iso": "CUB", "city_id": 473, "log_pop": 2.57436, "log_mass": 5.029036, "log_pop_c": -0.893604, "log_mass_c": -0.736945}, {"country_iso": "CUB", "city_id": 664, "log_pop": 4.040245, "log_mass": 6.490941, "log_pop_c": 0.896045, "log_mass_c": 0.933476}, {"country_iso": "CUB", "city_id": 473, "log_pop": 3.652909, "log_mass": 6.070586, "log_pop_c": 0.184945, "log_mass_c": 0.304604}, {"country_iso": "CUB", "city_id": 473, "log_pop": 3.753979, "log_mass": 5.993688, "log_pop_c": 0.286015, "log_mass_c": 0.227706}, {"country_iso": "CUB", "city_id": 664, "log_pop": 3.544866, "log_mass": 5.843459, "log_pop_c": 0.400667, "log_mass_c": 0.285995}, {"country_iso": "CUB", "city_id": 664, "log_pop": 3.010075, "log_mass": 5.228256, "log_pop_c": -0.134125, "log_mass_c": -0.329208}, {"country_iso": "CUB", "city_id": 473, "log_pop": 4.002385, "log_mass": 6.514603, "log_pop_c": 0.534421, "log_mass_c": 0.748622}, {"country_iso": "CUB", "city_id": 473, "log_pop": 4.254711, "log_mass": 6.398311, "log_pop_c": 0.786747, "log_mass_c": 0.63233}, {"country_iso": "CUB", "city_id": 473, "log_pop": 3.532885, "log_mass": 5.990064, "log_pop_c": 0.064921, "log_mass_c": 0.224083}, {"country_iso": "CUB", "city_id": 664, "log_pop": 3.308103, "log_mass": 5.673845, "log_pop_c": 0.163903, "log_mass_c": 0.11638}, {"country_iso": "CUB", "city_id": 473, "log_pop": 4.044624, "log_mass": 6.057915, "log_pop_c": 0.57666, "log_mass_c": 0.291934}, {"country_iso": "CUB", "city_id": 473, "log_pop": 3.751749, "log_mass": 6.282574, "log_pop_c": 0.283785, "log_mass_c": 0.516593}, {"country_iso": "CUB", "city_id": 473, "log_pop": 2.390077, "log_mass": 5.349828, "log_pop_c": -1.077887, "log_mass_c": -0.416154}, {"country_iso": "CUB", "city_id": 473, "log_pop": 1.968143, "log_mass": 4.324007, "log_pop_c": -1.499821, "log_mass_c": -1.441974}, {"country_iso": "CUB", "city_id": 664, "log_pop": 3.93179, "log_mass": 6.297606, "log_pop_c": 0.787591, "log_mass_c": 0.740141}, {"country_iso": "CUB", "city_id": 658, "log_pop": 3.362606, "log_mass": 5.57813, "log_pop_c": 0.117106, "log_mass_c": 0.011146}, {"country_iso": "CUB", "city_id": 473, "log_pop": 3.755542, "log_mass": 6.105196, "log_pop_c": 0.287579, "log_mass_c": 0.339215}, {"country_iso": "CUB", "city_id": 604, "log_pop": 1.533526, "log_mass": 4.272364, "log_pop_c": -1.420863, "log_mass_c": -1.192922}, {"country_iso": "CUB", "city_id": 473, "log_pop": 3.429998, "log_mass": 5.508369, "log_pop_c": -0.037966, "log_mass_c": -0.257612}, {"country_iso": "CUB", "city_id": 523, "log_pop": 2.307512, "log_mass": 4.618319, "log_pop_c": -0.858747, "log_mass_c": -0.973752}, {"country_iso": "CUB", "city_id": 523, "log_pop": 4.004717, "log_mass": 6.354688, "log_pop_c": 0.838458, "log_mass_c": 0.762617}, {"country_iso": "CUB", "city_id": 604, "log_pop": 2.613867, "log_mass": 4.993804, "log_pop_c": -0.340521, "log_mass_c": -0.471482}, {"country_iso": "CUB", "city_id": 473, "log_pop": 3.229521, "log_mass": 5.315374, "log_pop_c": -0.238443, "log_mass_c": -0.450607}, {"country_iso": "CUB", "city_id": 664, "log_pop": 1.568174, "log_mass": 4.062505, "log_pop_c": -1.576026, "log_mass_c": -1.494959}, {"country_iso": "CUB", "city_id": 473, "log_pop": 3.682837, "log_mass": 5.779896, "log_pop_c": 0.214873, "log_mass_c": 0.013914}, {"country_iso": "CUB", "city_id": 473, "log_pop": 4.210569, "log_mass": 6.213442, "log_pop_c": 0.742605, "log_mass_c": 0.447461}, {"country_iso": "CUB", "city_id": 473, "log_pop": 4.019616, "log_mass": 6.220996, "log_pop_c": 0.551652, "log_mass_c": 0.455015}, {"country_iso": "CUB", "city_id": 473, "log_pop": 4.182663, "log_mass": 6.323818, "log_pop_c": 0.714699, "log_mass_c": 0.557837}, {"country_iso": "CUB", "city_id": 473, "log_pop": 3.859098, "log_mass": 5.742309, "log_pop_c": 0.391134, "log_mass_c": -0.023672}, {"country_iso": "CUB", "city_id": 473, "log_pop": 3.713495, "log_mass": 5.980109, "log_pop_c": 0.245531, "log_mass_c": 0.214128}, {"country_iso": "CUB", "city_id": 473, "log_pop": 3.135076, "log_mass": 5.506011, "log_pop_c": -0.332888, "log_mass_c": -0.25997}, {"country_iso": "CUB", "city_id": 604, "log_pop": 3.465156, "log_mass": 5.911785, "log_pop_c": 0.510767, "log_mass_c": 0.446499}, {"country_iso": "CUB", "city_id": 473, "log_pop": 4.094592, "log_mass": 6.371369, "log_pop_c": 0.626628, "log_mass_c": 0.605388}, {"country_iso": "CUB", "city_id": 523, "log_pop": 1.900911, "log_mass": 4.577846, "log_pop_c": -1.265348, "log_mass_c": -1.014225}, {"country_iso": "CUB", "city_id": 658, "log_pop": 3.987557, "log_mass": 6.312563, "log_pop_c": 0.742056, "log_mass_c": 0.745579}, {"country_iso": "CUB", "city_id": 473, "log_pop": 3.849519, "log_mass": 6.21501, "log_pop_c": 0.381555, "log_mass_c": 0.449029}, {"country_iso": "CUB", "city_id": 473, "log_pop": 3.718455, "log_mass": 6.058086, "log_pop_c": 0.250491, "log_mass_c": 0.292105}, {"country_iso": "CUB", "city_id": 523, "log_pop": 2.625894, "log_mass": 5.225476, "log_pop_c": -0.540365, "log_mass_c": -0.366595}, {"country_iso": "CUB", "city_id": 473, "log_pop": 3.77922, "log_mass": 6.054863, "log_pop_c": 0.311256, "log_mass_c": 0.288882}, {"country_iso": "CUB", "city_id": 664, "log_pop": 3.275908, "log_mass": 5.783959, "log_pop_c": 0.131708, "log_mass_c": 0.226495}, {"country_iso": "CUB", "city_id": 473, "log_pop": 4.418531, "log_mass": 6.314509, "log_pop_c": 0.950567, "log_mass_c": 0.548528}, {"country_iso": "CUB", "city_id": 604, "log_pop": 3.787995, "log_mass": 6.279552, "log_pop_c": 0.833606, "log_mass_c": 0.814266}, {"country_iso": "CUB", "city_id": 473, "log_pop": 1.151152, "log_mass": 3.879996, "log_pop_c": -2.316812, "log_mass_c": -1.885986}, {"country_iso": "CUB", "city_id": 664, "log_pop": 3.718028, "log_mass": 6.061493, "log_pop_c": 0.573828, "log_mass_c": 0.504029}, {"country_iso": "CUB", "city_id": 473, "log_pop": 4.209024, "log_mass": 6.359567, "log_pop_c": 0.74106, "log_mass_c": 0.593585}, {"country_iso": "CUB", "city_id": 473, "log_pop": 3.613801, "log_mass": 5.86549, "log_pop_c": 0.145837, "log_mass_c": 0.099509}, {"country_iso": "CUB", "city_id": 473, "log_pop": 4.267582, "log_mass": 6.439595, "log_pop_c": 0.799618, "log_mass_c": 0.673614}, {"country_iso": "CUB", "city_id": 523, "log_pop": 3.578187, "log_mass": 5.886547, "log_pop_c": 0.411928, "log_mass_c": 0.294476}, {"country_iso": "CUB", "city_id": 473, "log_pop": 2.062876, "log_mass": 4.115187, "log_pop_c": -1.405088, "log_mass_c": -1.650794}, {"country_iso": "CUB", "city_id": 473, "log_pop": 2.805951, "log_mass": 5.314387, "log_pop_c": -0.662013, "log_mass_c": -0.451594}, {"country_iso": "CUB", "city_id": 473, "log_pop": 3.447053, "log_mass": 5.528364, "log_pop_c": -0.020911, "log_mass_c": -0.237617}, {"country_iso": "CUB", "city_id": 604, "log_pop": 3.556918, "log_mass": 5.98531, "log_pop_c": 0.60253, "log_mass_c": 0.520024}, {"country_iso": "CUB", "city_id": 473, "log_pop": 4.405711, "log_mass": 6.51768, "log_pop_c": 0.937747, "log_mass_c": 0.751698}, {"country_iso": "CUB", "city_id": 523, "log_pop": 2.8675, "log_mass": 5.156217, "log_pop_c": -0.298759, "log_mass_c": -0.435854}, {"country_iso": "CUB", "city_id": 473, "log_pop": 3.753976, "log_mass": 6.316261, "log_pop_c": 0.286012, "log_mass_c": 0.550279}, {"country_iso": "CUB", "city_id": 473, "log_pop": 3.801562, "log_mass": 6.376443, "log_pop_c": 0.333598, "log_mass_c": 0.610462}, {"country_iso": "CUB", "city_id": 604, "log_pop": 3.341126, "log_mass": 5.757737, "log_pop_c": 0.386737, "log_mass_c": 0.292451}, {"country_iso": "CUB", "city_id": 604, "log_pop": 2.970384, "log_mass": 5.35724, "log_pop_c": 0.015995, "log_mass_c": -0.108046}, {"country_iso": "CUB", "city_id": 473, "log_pop": 4.584499, "log_mass": 6.727311, "log_pop_c": 1.116535, "log_mass_c": 0.961329}, {"country_iso": "CUB", "city_id": 473, "log_pop": 4.2975, "log_mass": 6.386653, "log_pop_c": 0.829536, "log_mass_c": 0.620672}, {"country_iso": "CUB", "city_id": 664, "log_pop": 3.320245, "log_mass": 5.655843, "log_pop_c": 0.176046, "log_mass_c": 0.098378}, {"country_iso": "CUB", "city_id": 658, "log_pop": 3.256716, "log_mass": 5.646443, "log_pop_c": 0.011216, "log_mass_c": 0.07946}, {"country_iso": "CUB", "city_id": 473, "log_pop": 1.729864, "log_mass": 3.527356, "log_pop_c": -1.7381, "log_mass_c": -2.238626}, {"country_iso": "CUB", "city_id": 473, "log_pop": 3.739962, "log_mass": 6.08064, "log_pop_c": 0.271998, "log_mass_c": 0.314659}, {"country_iso": "CUB", "city_id": 658, "log_pop": 2.907289, "log_mass": 5.519634, "log_pop_c": -0.338211, "log_mass_c": -0.047349}, {"country_iso": "CUB", "city_id": 664, "log_pop": 2.406383, "log_mass": 4.676175, "log_pop_c": -0.737817, "log_mass_c": -0.88129}, {"country_iso": "CUB", "city_id": 604, "log_pop": 3.844307, "log_mass": 6.31789, "log_pop_c": 0.889919, "log_mass_c": 0.852604}, {"country_iso": "CUB", "city_id": 473, "log_pop": 1.583696, "log_mass": 3.717181, "log_pop_c": -1.884267, "log_mass_c": -2.0488}, {"country_iso": "CUB", "city_id": 473, "log_pop": 4.294085, "log_mass": 6.488038, "log_pop_c": 0.826121, "log_mass_c": 0.722057}, {"country_iso": "CUB", "city_id": 473, "log_pop": 3.365882, "log_mass": 5.560356, "log_pop_c": -0.102081, "log_mass_c": -0.205625}, {"country_iso": "CUB", "city_id": 664, "log_pop": 3.463215, "log_mass": 5.740712, "log_pop_c": 0.319015, "log_mass_c": 0.183247}, {"country_iso": "CUB", "city_id": 523, "log_pop": 2.80528, "log_mass": 5.528717, "log_pop_c": -0.360979, "log_mass_c": -0.063354}, {"country_iso": "CUB", "city_id": 604, "log_pop": 3.064417, "log_mass": 5.446685, "log_pop_c": 0.110028, "log_mass_c": -0.018601}, {"country_iso": "CUB", "city_id": 523, "log_pop": 3.575413, "log_mass": 5.884627, "log_pop_c": 0.409154, "log_mass_c": 0.292556}, {"country_iso": "CUB", "city_id": 473, "log_pop": 2.122899, "log_mass": 4.513447, "log_pop_c": -1.345065, "log_mass_c": -1.252534}, {"country_iso": "CUB", "city_id": 473, "log_pop": 2.838962, "log_mass": 5.448497, "log_pop_c": -0.629002, "log_mass_c": -0.317484}, {"country_iso": "CUB", "city_id": 523, "log_pop": 2.889237, "log_mass": 5.161821, "log_pop_c": -0.277022, "log_mass_c": -0.43025}, {"country_iso": "CUB", "city_id": 658, "log_pop": 3.627489, "log_mass": 5.81479, "log_pop_c": 0.381989, "log_mass_c": 0.247807}, {"country_iso": "CUB", "city_id": 604, "log_pop": 1.654285, "log_mass": 4.513696, "log_pop_c": -1.300104, "log_mass_c": -0.951589}, {"country_iso": "CUB", "city_id": 473, "log_pop": 4.418734, "log_mass": 6.561847, "log_pop_c": 0.95077, "log_mass_c": 0.795866}, {"country_iso": "CUB", "city_id": 664, "log_pop": 3.675211, "log_mass": 5.998285, "log_pop_c": 0.531011, "log_mass_c": 0.440821}, {"country_iso": "CUB", "city_id": 658, "log_pop": 4.003332, "log_mass": 6.316565, "log_pop_c": 0.757831, "log_mass_c": 0.749581}, {"country_iso": "CUB", "city_id": 473, "log_pop": 3.270556, "log_mass": 5.864515, "log_pop_c": -0.197408, "log_mass_c": 0.098534}, {"country_iso": "CUB", "city_id": 658, "log_pop": 2.725111, "log_mass": 5.113623, "log_pop_c": -0.520389, "log_mass_c": -0.45336}, {"country_iso": "CUB", "city_id": 473, "log_pop": 2.693901, "log_mass": 5.125285, "log_pop_c": -0.774063, "log_mass_c": -0.640696}, {"country_iso": "CUB", "city_id": 473, "log_pop": 3.487435, "log_mass": 5.798827, "log_pop_c": 0.019471, "log_mass_c": 0.032845}, {"country_iso": "CUB", "city_id": 604, "log_pop": 2.989511, "log_mass": 5.43198, "log_pop_c": 0.035122, "log_mass_c": -0.033306}, {"country_iso": "CUB", "city_id": 473, "log_pop": 3.138673, "log_mass": 5.500934, "log_pop_c": -0.329291, "log_mass_c": -0.265047}, {"country_iso": "CUB", "city_id": 523, "log_pop": 3.53763, "log_mass": 5.846777, "log_pop_c": 0.37137, "log_mass_c": 0.254707}, {"country_iso": "CUB", "city_id": 473, "log_pop": 3.992169, "log_mass": 6.590209, "log_pop_c": 0.524205, "log_mass_c": 0.824228}, {"country_iso": "CUB", "city_id": 664, "log_pop": 4.035831, "log_mass": 6.481319, "log_pop_c": 0.891631, "log_mass_c": 0.923854}, {"country_iso": "CUB", "city_id": 658, "log_pop": 4.115824, "log_mass": 6.410976, "log_pop_c": 0.870323, "log_mass_c": 0.843993}, {"country_iso": "CUB", "city_id": 473, "log_pop": 3.26478, "log_mass": 5.459788, "log_pop_c": -0.203184, "log_mass_c": -0.306194}, {"country_iso": "CUB", "city_id": 473, "log_pop": 3.862378, "log_mass": 6.169059, "log_pop_c": 0.394415, "log_mass_c": 0.403077}, {"country_iso": "CUB", "city_id": 664, "log_pop": 3.368494, "log_mass": 5.968739, "log_pop_c": 0.224294, "log_mass_c": 0.411275}, {"country_iso": "CUB", "city_id": 473, "log_pop": 3.740122, "log_mass": 6.129674, "log_pop_c": 0.272158, "log_mass_c": 0.363693}, {"country_iso": "CUB", "city_id": 473, "log_pop": 3.669426, "log_mass": 6.063333, "log_pop_c": 0.201462, "log_mass_c": 0.297352}, {"country_iso": "CUB", "city_id": 664, "log_pop": 4.046262, "log_mass": 6.47726, "log_pop_c": 0.902062, "log_mass_c": 0.919795}, {"country_iso": "CUB", "city_id": 473, "log_pop": 3.63445, "log_mass": 6.015049, "log_pop_c": 0.166486, "log_mass_c": 0.249068}, {"country_iso": "CUB", "city_id": 604, "log_pop": 3.892565, "log_mass": 6.448982, "log_pop_c": 0.938176, "log_mass_c": 0.983696}, {"country_iso": "CUB", "city_id": 473, "log_pop": 3.953748, "log_mass": 5.999473, "log_pop_c": 0.485784, "log_mass_c": 0.233492}, {"country_iso": "CUB", "city_id": 473, "log_pop": 2.960906, "log_mass": 5.234669, "log_pop_c": -0.507058, "log_mass_c": -0.531313}, {"country_iso": "CUB", "city_id": 473, "log_pop": 2.435067, "log_mass": 5.098525, "log_pop_c": -1.032897, "log_mass_c": -0.667456}, {"country_iso": "CUB", "city_id": 604, "log_pop": 2.20958, "log_mass": 4.721921, "log_pop_c": -0.744809, "log_mass_c": -0.743365}, {"country_iso": "CUB", "city_id": 664, "log_pop": 3.651429, "log_mass": 5.978485, "log_pop_c": 0.50723, "log_mass_c": 0.421021}, {"country_iso": "CUB", "city_id": 658, "log_pop": 1.476503, "log_mass": 3.812141, "log_pop_c": -1.768997, "log_mass_c": -1.754842}, {"country_iso": "CUB", "city_id": 664, "log_pop": 2.63303, "log_mass": 4.981813, "log_pop_c": -0.51117, "log_mass_c": -0.575651}, {"country_iso": "CUB", "city_id": 473, "log_pop": 3.898617, "log_mass": 6.430782, "log_pop_c": 0.430654, "log_mass_c": 0.664801}, {"country_iso": "CUB", "city_id": 473, "log_pop": 3.982754, "log_mass": 6.456051, "log_pop_c": 0.51479, "log_mass_c": 0.69007}, {"country_iso": "CUB", "city_id": 473, "log_pop": 3.84568, "log_mass": 6.512404, "log_pop_c": 0.377716, "log_mass_c": 0.746423}, {"country_iso": "CUB", "city_id": 473, "log_pop": 3.797348, "log_mass": 6.248647, "log_pop_c": 0.329384, "log_mass_c": 0.482666}, {"country_iso": "CUB", "city_id": 473, "log_pop": 3.452334, "log_mass": 5.676928, "log_pop_c": -0.01563, "log_mass_c": -0.089053}, {"country_iso": "CUB", "city_id": 473, "log_pop": 3.337597, "log_mass": 5.694253, "log_pop_c": -0.130367, "log_mass_c": -0.071728}, {"country_iso": "CUB", "city_id": 473, "log_pop": 3.614524, "log_mass": 5.812266, "log_pop_c": 0.14656, "log_mass_c": 0.046285}, {"country_iso": "CUB", "city_id": 664, "log_pop": 3.239453, "log_mass": 5.643349, "log_pop_c": 0.095253, "log_mass_c": 0.085885}, {"country_iso": "CUB", "city_id": 664, "log_pop": 2.757738, "log_mass": 5.226134, "log_pop_c": -0.386462, "log_mass_c": -0.33133}, {"country_iso": "CUB", "city_id": 473, "log_pop": 3.371111, "log_mass": 5.552397, "log_pop_c": -0.096853, "log_mass_c": -0.213584}, {"country_iso": "CUB", "city_id": 473, "log_pop": 4.065705, "log_mass": 6.085094, "log_pop_c": 0.597741, "log_mass_c": 0.319112}, {"country_iso": "CUB", "city_id": 473, "log_pop": 4.503241, "log_mass": 6.501652, "log_pop_c": 1.035277, "log_mass_c": 0.735671}, {"country_iso": "CUB", "city_id": 473, "log_pop": 2.951666, "log_mass": 5.512187, "log_pop_c": -0.516298, "log_mass_c": -0.253795}, {"country_iso": "CUB", "city_id": 664, "log_pop": 3.408663, "log_mass": 5.753324, "log_pop_c": 0.264464, "log_mass_c": 0.19586}, {"country_iso": "CUB", "city_id": 604, "log_pop": 1.044291, "log_mass": 4.176922, "log_pop_c": -1.910098, "log_mass_c": -1.288364}, {"country_iso": "CUB", "city_id": 473, "log_pop": 4.138998, "log_mass": 6.317356, "log_pop_c": 0.671034, "log_mass_c": 0.551374}, {"country_iso": "CUB", "city_id": 473, "log_pop": 3.683144, "log_mass": 6.052885, "log_pop_c": 0.21518, "log_mass_c": 0.286903}, {"country_iso": "CUB", "city_id": 664, "log_pop": 3.3697, "log_mass": 5.831055, "log_pop_c": 0.225501, "log_mass_c": 0.27359}, {"country_iso": "CUB", "city_id": 604, "log_pop": 1.157093, "log_mass": 3.621827, "log_pop_c": -1.797295, "log_mass_c": -1.843458}, {"country_iso": "CUB", "city_id": 664, "log_pop": 2.697774, "log_mass": 5.351823, "log_pop_c": -0.446426, "log_mass_c": -0.205641}, {"country_iso": "CUB", "city_id": 664, "log_pop": 3.472688, "log_mass": 5.747734, "log_pop_c": 0.328488, "log_mass_c": 0.19027}, {"country_iso": "CUB", "city_id": 473, "log_pop": 2.507203, "log_mass": 4.902737, "log_pop_c": -0.960761, "log_mass_c": -0.863245}, {"country_iso": "CUB", "city_id": 473, "log_pop": 3.674905, "log_mass": 5.949684, "log_pop_c": 0.206941, "log_mass_c": 0.183703}, {"country_iso": "CUB", "city_id": 473, "log_pop": 1.731046, "log_mass": 3.894971, "log_pop_c": -1.736918, "log_mass_c": -1.87101}, {"country_iso": "CUB", "city_id": 473, "log_pop": 3.654426, "log_mass": 5.851837, "log_pop_c": 0.186462, "log_mass_c": 0.085855}, {"country_iso": "CUB", "city_id": 664, "log_pop": 2.841029, "log_mass": 5.05812, "log_pop_c": -0.303171, "log_mass_c": -0.499344}, {"country_iso": "CUB", "city_id": 664, "log_pop": 3.311808, "log_mass": 5.593363, "log_pop_c": 0.167608, "log_mass_c": 0.035898}, {"country_iso": "CUB", "city_id": 658, "log_pop": 3.637755, "log_mass": 5.9088, "log_pop_c": 0.392254, "log_mass_c": 0.341816}, {"country_iso": "CUB", "city_id": 473, "log_pop": 1.561285, "log_mass": 4.444523, "log_pop_c": -1.906679, "log_mass_c": -1.321459}, {"country_iso": "CUB", "city_id": 473, "log_pop": 4.318642, "log_mass": 6.342702, "log_pop_c": 0.850679, "log_mass_c": 0.576721}, {"country_iso": "CUB", "city_id": 473, "log_pop": 2.054835, "log_mass": 4.494243, "log_pop_c": -1.413129, "log_mass_c": -1.271738}, {"country_iso": "CUB", "city_id": 473, "log_pop": 3.972502, "log_mass": 6.578512, "log_pop_c": 0.504538, "log_mass_c": 0.812531}, {"country_iso": "CUB", "city_id": 473, "log_pop": 3.416899, "log_mass": 5.705346, "log_pop_c": -0.051065, "log_mass_c": -0.060635}, {"country_iso": "CUB", "city_id": 658, "log_pop": 3.736905, "log_mass": 6.00632, "log_pop_c": 0.491404, "log_mass_c": 0.439336}, {"country_iso": "CUB", "city_id": 664, "log_pop": 1.520128, "log_mass": 4.085422, "log_pop_c": -1.624071, "log_mass_c": -1.472043}, {"country_iso": "CUB", "city_id": 604, "log_pop": 3.172659, "log_mass": 5.518096, "log_pop_c": 0.21827, "log_mass_c": 0.05281}, {"country_iso": "CUB", "city_id": 473, "log_pop": 4.576457, "log_mass": 6.671618, "log_pop_c": 1.108494, "log_mass_c": 0.905636}, {"country_iso": "CUB", "city_id": 658, "log_pop": 3.847966, "log_mass": 6.104649, "log_pop_c": 0.602466, "log_mass_c": 0.537666}, {"country_iso": "CUB", "city_id": 664, "log_pop": 3.028962, "log_mass": 5.307529, "log_pop_c": -0.115238, "log_mass_c": -0.249936}, {"country_iso": "CUB", "city_id": 473, "log_pop": 3.03383, "log_mass": 5.204417, "log_pop_c": -0.434134, "log_mass_c": -0.561564}, {"country_iso": "CUB", "city_id": 473, "log_pop": 4.073627, "log_mass": 5.95003, "log_pop_c": 0.605663, "log_mass_c": 0.184049}, {"country_iso": "CUB", "city_id": 604, "log_pop": 3.918552, "log_mass": 6.471008, "log_pop_c": 0.964163, "log_mass_c": 1.005722}, {"country_iso": "CUB", "city_id": 604, "log_pop": 3.725526, "log_mass": 6.189239, "log_pop_c": 0.771137, "log_mass_c": 0.723953}, {"country_iso": "CUB", "city_id": 658, "log_pop": 2.093633, "log_mass": 4.390984, "log_pop_c": -1.151867, "log_mass_c": -1.176}, {"country_iso": "CUB", "city_id": 473, "log_pop": 3.832448, "log_mass": 5.664307, "log_pop_c": 0.364484, "log_mass_c": -0.101674}, {"country_iso": "CUB", "city_id": 473, "log_pop": 2.334768, "log_mass": 5.018585, "log_pop_c": -1.133196, "log_mass_c": -0.747396}, {"country_iso": "CUB", "city_id": 523, "log_pop": 3.872487, "log_mass": 6.207752, "log_pop_c": 0.706228, "log_mass_c": 0.615681}, {"country_iso": "CUB", "city_id": 473, "log_pop": 2.627011, "log_mass": 4.960481, "log_pop_c": -0.840953, "log_mass_c": -0.8055}, {"country_iso": "CUB", "city_id": 473, "log_pop": 3.350281, "log_mass": 5.518124, "log_pop_c": -0.117683, "log_mass_c": -0.247857}, {"country_iso": "CUB", "city_id": 523, "log_pop": 3.948897, "log_mass": 6.338983, "log_pop_c": 0.782637, "log_mass_c": 0.746912}, {"country_iso": "CUB", "city_id": 664, "log_pop": 3.791593, "log_mass": 6.061947, "log_pop_c": 0.647393, "log_mass_c": 0.504482}, {"country_iso": "CUB", "city_id": 473, "log_pop": 4.29956, "log_mass": 6.619053, "log_pop_c": 0.831596, "log_mass_c": 0.853072}, {"country_iso": "CUB", "city_id": 664, "log_pop": 2.852541, "log_mass": 5.155201, "log_pop_c": -0.291659, "log_mass_c": -0.402264}, {"country_iso": "CUB", "city_id": 473, "log_pop": 3.684892, "log_mass": 6.185307, "log_pop_c": 0.216928, "log_mass_c": 0.419325}, {"country_iso": "CUB", "city_id": 473, "log_pop": 2.691087, "log_mass": 5.320955, "log_pop_c": -0.776877, "log_mass_c": -0.445026}, {"country_iso": "CUB", "city_id": 473, "log_pop": 4.376173, "log_mass": 6.510069, "log_pop_c": 0.908209, "log_mass_c": 0.744087}, {"country_iso": "CUB", "city_id": 473, "log_pop": 2.91336, "log_mass": 5.342185, "log_pop_c": -0.554604, "log_mass_c": -0.423796}, {"country_iso": "CUB", "city_id": 664, "log_pop": 3.326846, "log_mass": 5.626609, "log_pop_c": 0.182647, "log_mass_c": 0.069145}, {"country_iso": "CUB", "city_id": 473, "log_pop": 3.652807, "log_mass": 5.97915, "log_pop_c": 0.184843, "log_mass_c": 0.213168}]