[{"country_iso": "COD", "city_id": 4099, "log_pop": 4.764033, "log_mass": 6.298281, "log_pop_c": 1.108922, "log_mass_c": 1.056962}, {"country_iso": "COD", "city_id": 3541, "log_pop": 1.684166, "log_mass": 4.010727, "log_pop_c": -1.842637, "log_mass_c": -1.047744}, {"country_iso": "COD", "city_id": 4007, "log_pop": 2.485195, "log_mass": 4.820099, "log_pop_c": -0.754866, "log_mass_c": -0.407288}, {"country_iso": "COD", "city_id": 3209, "log_pop": 3.363899, "log_mass": 5.442731, "log_pop_c": -0.48654, "log_mass_c": -0.449411}, {"country_iso": "COD", "city_id": 4077, "log_pop": 3.189905, "log_mass": 5.482832, "log_pop_c": -0.278488, "log_mass_c": -0.406466}, {"country_iso": "COD", "city_id": 3541, "log_pop": 2.268463, "log_mass": 3.721561, "log_pop_c": -1.25834, "log_mass_c": -1.33691}, {"country_iso": "COD", "city_id": 3541, "log_pop": 1.316262, "log_mass": 3.082489, "log_pop_c": -2.210541, "log_mass_c": -1.975982}, {"country_iso": "COD", "city_id": 3209, "log_pop": 4.732291, "log_mass": 6.521002, "log_pop_c": 0.881852, "log_mass_c": 0.628859}, {"country_iso": "COD", "city_id": 3709, "log_pop": 3.569849, "log_mass": 5.863484, "log_pop_c": 0.129108, "log_mass_c": 0.142078}, {"country_iso": "COD", "city_id": 3209, "log_pop": 4.610063, "log_mass": 6.371345, "log_pop_c": 0.759625, "log_mass_c": 0.479202}, {"country_iso": "COD", "city_id": 4007, "log_pop": 3.70184, "log_mass": 5.959467, "log_pop_c": 0.46178, "log_mass_c": 0.73208}, {"country_iso": "COD", "city_id": 3625, "log_pop": 0.768232, "log_mass": 3.795544, "log_pop_c": -2.6673, "log_mass_c": -1.928342}, {"country_iso": "COD", "city_id": 3663, "log_pop": 3.405425, "log_mass": 5.627599, "log_pop_c": 0.112645, "log_mass_c": 0.146281}, {"country_iso": "COD", "city_id": 3209, "log_pop": 2.3178, "log_mass": 4.995261, "log_pop_c": -1.532639, "log_mass_c": -0.896882}, {"country_iso": "COD", "city_id": 3756, "log_pop": 4.127609, "log_mass": 6.224351, "log_pop_c": 0.250521, "log_mass_c": 0.235505}, {"country_iso": "COD", "city_id": 3209, "log_pop": 4.731778, "log_mass": 6.562531, "log_pop_c": 0.881339, "log_mass_c": 0.670389}, {"country_iso": "COD", "city_id": 3089, "log_pop": 1.161733, "log_mass": 4.809029, "log_pop_c": -1.742497, "log_mass_c": -0.695605}, {"country_iso": "COD", "city_id": 3209, "log_pop": 2.599956, "log_mass": 4.821759, "log_pop_c": -1.250483, "log_mass_c": -1.070384}, {"country_iso": "COD", "city_id": 4007, "log_pop": 1.665301, "log_mass": 4.300752, "log_pop_c": -1.574759, "log_mass_c": -0.926635}, {"country_iso": "COD", "city_id": 3756, "log_pop": 3.079557, "log_mass": 5.21077, "log_pop_c": -0.797531, "log_mass_c": -0.778076}, {"country_iso": "COD", "city_id": 3089, "log_pop": 1.764999, "log_mass": 4.149982, "log_pop_c": -1.139231, "log_mass_c": -1.354651}, {"country_iso": "COD", "city_id": 3209, "log_pop": 4.358665, "log_mass": 6.310194, "log_pop_c": 0.508226, "log_mass_c": 0.418051}, {"country_iso": "COD", "city_id": 3486, "log_pop": 2.211205, "log_mass": 4.787685, "log_pop_c": -0.767886, "log_mass_c": -0.344249}, {"country_iso": "COD", "city_id": 3209, "log_pop": 2.682853, "log_mass": 4.932565, "log_pop_c": -1.167586, "log_mass_c": -0.959577}, {"country_iso": "COD", "city_id": 3625, "log_pop": 4.405792, "log_mass": 6.549684, "log_pop_c": 0.97026, "log_mass_c": 0.825798}, {"country_iso": "COD", "city_id": 3089, "log_pop": 4.194257, "log_mass": 6.322045, "log_pop_c": 1.290027, "log_mass_c": 0.817412}, {"country_iso": "COD", "city_id": 3756, "log_pop": 0.987385, "log_mass": 4.517848, "log_pop_c": -2.889703, "log_mass_c": -1.470998}, {"country_iso": "COD", "city_id": 3663, "log_pop": 3.994581, "log_mass": 6.219958, "log_pop_c": 0.701801, "log_mass_c": 0.73864}, {"country_iso": "COD", "city_id": 3209, "log_pop": 4.013207, "log_mass": 6.049818, "log_pop_c": 0.162768, "log_mass_c": 0.157675}, {"country_iso": "COD", "city_id": 3663, "log_pop": 3.496511, "log_mass": 5.714206, "log_pop_c": 0.203731, "log_mass_c": 0.232888}, {"country_iso": "COD", "city_id": 3209, "log_pop": 2.454845, "log_mass": 5.038786, "log_pop_c": -1.395594, "log_mass_c": -0.853357}, {"country_iso": "COD", "city_id": 3541, "log_pop": 3.913208, "log_mass": 5.368559, "log_pop_c": 0.386405, "log_mass_c": 0.310088}, {"country_iso": "COD", "city_id": 4007, "log_pop": 3.260479, "log_mass": 5.313892, "log_pop_c": 0.020418, "log_mass_c": 0.086505}, {"country_iso": "COD", "city_id": 4052, "log_pop": 3.30912, "log_mass": 5.739419, "log_pop_c": -0.015415, "log_mass_c": 0.075668}, {"country_iso": "COD", "city_id": 3541, "log_pop": 4.845847, "log_mass": 5.91701, "log_pop_c": 1.319044, "log_mass_c": 0.858539}, {"country_iso": "COD", "city_id": 3541, "log_pop": 3.468041, "log_mass": 4.769703, "log_pop_c": -0.058762, "log_mass_c": -0.288768}, {"country_iso": "COD", "city_id": 3209, "log_pop": 3.901923, "log_mass": 6.182781, "log_pop_c": 0.051485, "log_mass_c": 0.290638}, {"country_iso": "COD", "city_id": 3756, "log_pop": 4.627722, "log_mass": 6.53074, "log_pop_c": 0.750635, "log_mass_c": 0.541894}, {"country_iso": "COD", "city_id": 4077, "log_pop": 2.418516, "log_mass": 5.167037, "log_pop_c": -1.049877, "log_mass_c": -0.722261}, {"country_iso": "COD", "city_id": 3209, "log_pop": 4.037127, "log_mass": 6.215269, "log_pop_c": 0.186688, "log_mass_c": 0.323126}, {"country_iso": "COD", "city_id": 4099, "log_pop": 2.959899, "log_mass": 4.429622, "log_pop_c": -0.695212, "log_mass_c": -0.811697}, {"country_iso": "COD", "city_id": 4077, "log_pop": 4.178034, "log_mass": 6.505548, "log_pop_c": 0.709642, "log_mass_c": 0.61625}, {"country_iso": "COD", "city_id": 3209, "log_pop": 5.245116, "log_mass": 6.770446, "log_pop_c": 1.394677, "log_mass_c": 0.878303}, {"country_iso": "COD", "city_id": 3209, "log_pop": 4.610341, "log_mass": 6.416947, "log_pop_c": 0.759902, "log_mass_c": 0.524804}, {"country_iso": "COD", "city_id": 3089, "log_pop": 4.169443, "log_mass": 6.516092, "log_pop_c": 1.265213, "log_mass_c": 1.011459}, {"country_iso": "COD", "city_id": 4007, "log_pop": 1.723233, "log_mass": 4.050541, "log_pop_c": -1.516827, "log_mass_c": -1.176846}, {"country_iso": "COD", "city_id": 3756, "log_pop": 1.997426, "log_mass": 4.152457, "log_pop_c": -1.879662, "log_mass_c": -1.836389}, {"country_iso": "COD", "city_id": 4077, "log_pop": 3.743909, "log_mass": 6.10434, "log_pop_c": 0.275516, "log_mass_c": 0.215041}, {"country_iso": "COD", "city_id": 4052, "log_pop": 4.280979, "log_mass": 6.512661, "log_pop_c": 0.956445, "log_mass_c": 0.848909}, {"country_iso": "COD", "city_id": 3486, "log_pop": 2.690304, "log_mass": 4.731398, "log_pop_c": -0.288787, "log_mass_c": -0.400536}, {"country_iso": "COD", "city_id": 4052, "log_pop": 2.912571, "log_mass": 5.422571, "log_pop_c": -0.411963, "log_mass_c": -0.24118}, {"country_iso": "COD", "city_id": 3756, "log_pop": 4.752404, "log_mass": 6.685961, "log_pop_c": 0.875316, "log_mass_c": 0.697115}, {"country_iso": "COD", "city_id": 3756, "log_pop": 2.712021, "log_mass": 4.767895, "log_pop_c": -1.165066, "log_mass_c": -1.22095}, {"country_iso": "COD", "city_id": 3625, "log_pop": 4.500424, "log_mass": 6.606072, "log_pop_c": 1.064891, "log_mass_c": 0.882186}, {"country_iso": "COD", "city_id": 3089, "log_pop": 2.934515, "log_mass": 5.465526, "log_pop_c": 0.030285, "log_mass_c": -0.039107}, {"country_iso": "COD", "city_id": 3756, "log_pop": 2.64204, "log_mass": 4.837907, "log_pop_c": -1.235048, "log_mass_c": -1.150939}, {"country_iso": "COD", "city_id": 3625, "log_pop": 3.784511, "log_mass": 6.002822, "log_pop_c": 0.348979, "log_mass_c": 0.278937}, {"country_iso": "COD", "city_id": 4077, "log_pop": 2.120578, "log_mass": 4.826868, "log_pop_c": -1.347814, "log_mass_c": -1.06243}, {"country_iso": "COD", "city_id": 3209, "log_pop": 3.43211, "log_mass": 5.494359, "log_pop_c": -0.418328, "log_mass_c": -0.397783}, {"country_iso": "COD", "city_id": 3209, "log_pop": 4.705919, "log_mass": 6.507406, "log_pop_c": 0.85548, "log_mass_c": 0.615263}, {"country_iso": "COD", "city_id": 3541, "log_pop": 3.407163, "log_mass": 4.578302, "log_pop_c": -0.11964, "log_mass_c": -0.48017}, {"country_iso": "COD", "city_id": 3486, "log_pop": 4.023331, "log_mass": 5.956551, "log_pop_c": 1.04424, "log_mass_c": 0.824617}, {"country_iso": "COD", "city_id": 3541, "log_pop": 3.120642, "log_mass": 4.289192, "log_pop_c": -0.406161, "log_mass_c": -0.769279}, {"country_iso": "COD", "city_id": 3625, "log_pop": 4.099059, "log_mass": 6.235312, "log_pop_c": 0.663526, "log_mass_c": 0.511427}, {"country_iso": "COD", "city_id": 4007, "log_pop": 4.683879, "log_mass": 6.422163, "log_pop_c": 1.443819, "log_mass_c": 1.194776}, {"country_iso": "COD", "city_id": 3486, "log_pop": 2.577135, "log_mass": 4.959471, "log_pop_c": -0.401955, "log_mass_c": -0.172463}, {"country_iso": "COD", "city_id": 4007, "log_pop": 2.777761, "log_mass": 5.348062, "log_pop_c": -0.462299, "log_mass_c": 0.120675}, {"country_iso": "COD", "city_id": 3756, "log_pop": 4.246911, "log_mass": 6.393659, "log_pop_c": 0.369824, "log_mass_c": 0.404814}, {"country_iso": "COD", "city_id": 4007, "log_pop": 4.568188, "log_mass": 6.319918, "log_pop_c": 1.328128, "log_mass_c": 1.092532}, {"country_iso": "COD", "city_id": 3541, "log_pop": 4.481568, "log_mass": 5.815762, "log_pop_c": 0.954765, "log_mass_c": 0.757291}, {"country_iso": "COD", "city_id": 3625, "log_pop": 3.507116, "log_mass": 5.870001, "log_pop_c": 0.071583, "log_mass_c": 0.146116}, {"country_iso": "COD", "city_id": 4099, "log_pop": 4.828663, "log_mass": 6.300821, "log_pop_c": 1.173553, "log_mass_c": 1.059503}, {"country_iso": "COD", "city_id": 3756, "log_pop": 3.834425, "log_mass": 5.986934, "log_pop_c": -0.042663, "log_mass_c": -0.001912}, {"country_iso": "COD", "city_id": 3663, "log_pop": 4.039922, "log_mass": 6.250275, "log_pop_c": 0.747142, "log_mass_c": 0.768957}, {"country_iso": "COD", "city_id": 3756, "log_pop": 4.307729, "log_mass": 6.49852, "log_pop_c": 0.430641, "log_mass_c": 0.509674}, {"country_iso": "COD", "city_id": 3209, "log_pop": 3.305038, "log_mass": 5.200465, "log_pop_c": -0.545401, "log_mass_c": -0.691678}, {"country_iso": "COD", "city_id": 4007, "log_pop": 3.183158, "log_mass": 5.256599, "log_pop_c": -0.056903, "log_mass_c": 0.029212}, {"country_iso": "COD", "city_id": 3089, "log_pop": 3.339758, "log_mass": 5.716945, "log_pop_c": 0.435529, "log_mass_c": 0.212312}, {"country_iso": "COD", "city_id": 3209, "log_pop": 3.413123, "log_mass": 5.213158, "log_pop_c": -0.437316, "log_mass_c": -0.678984}, {"country_iso": "COD", "city_id": 3756, "log_pop": 3.597459, "log_mass": 5.786929, "log_pop_c": -0.279628, "log_mass_c": -0.201917}, {"country_iso": "COD", "city_id": 3209, "log_pop": 3.467509, "log_mass": 5.987048, "log_pop_c": -0.38293, "log_mass_c": 0.094905}, {"country_iso": "COD", "city_id": 3209, "log_pop": 5.288332, "log_mass": 6.791729, "log_pop_c": 1.437893, "log_mass_c": 0.899586}, {"country_iso": "COD", "city_id": 3209, "log_pop": 5.278848, "log_mass": 6.886439, "log_pop_c": 1.42841, "log_mass_c": 0.994296}, {"country_iso": "COD", "city_id": 4052, "log_pop": 1.364738, "log_mass": 4.078706, "log_pop_c": -1.959797, "log_mass_c": -1.585045}, {"country_iso": "COD", "city_id": 3486, "log_pop": 3.830154, "log_mass": 5.790125, "log_pop_c": 0.851063, "log_mass_c": 0.658191}, {"country_iso": "COD", "city_id": 3756, "log_pop": 4.701659, "log_mass": 6.586097, "log_pop_c": 0.824572, "log_mass_c": 0.597251}, {"country_iso": "COD", "city_id": 4099, "log_pop": 2.372422, "log_mass": 4.009377, "log_pop_c": -1.282688, "log_mass_c": -1.231941}, {"country_iso": "COD", "city_id": 3541, "log_pop": 3.014923, "log_mass": 4.696443, "log_pop_c": -0.51188, "log_mass_c": -0.362028}, {"country_iso": "COD", "city_id": 3209, "log_pop": 3.475657, "log_mass": 5.608518, "log_pop_c": -0.374782, "log_mass_c": -0.283625}, {"country_iso": "COD", "city_id": 3209, "log_pop": 3.954538, "log_mass": 6.152834, "log_pop_c": 0.104099, "log_mass_c": 0.260691}, {"country_iso": "COD", "city_id": 3756, "log_pop": 4.438614, "log_mass": 6.577959, "log_pop_c": 0.561527, "log_mass_c": 0.589113}, {"country_iso": "COD", "city_id": 3663, "log_pop": 2.009167, "log_mass": 4.118229, "log_pop_c": -1.283613, "log_mass_c": -1.363089}, {"country_iso": "COD", "city_id": 3209, "log_pop": 3.634486, "log_mass": 5.862547, "log_pop_c": -0.215953, "log_mass_c": -0.029595}, {"country_iso": "COD", "city_id": 4052, "log_pop": 3.163093, "log_mass": 5.282174, "log_pop_c": -0.161442, "log_mass_c": -0.381577}, {"country_iso": "COD", "city_id": 3209, "log_pop": 4.997035, "log_mass": 6.67518, "log_pop_c": 1.146596, "log_mass_c": 0.783037}, {"country_iso": "COD", "city_id": 3625, "log_pop": 4.320828, "log_mass": 6.529501, "log_pop_c": 0.885295, "log_mass_c": 0.805616}, {"country_iso": "COD", "city_id": 3625, "log_pop": 3.965123, "log_mass": 6.316822, "log_pop_c": 0.529591, "log_mass_c": 0.592937}, {"country_iso": "COD", "city_id": 3709, "log_pop": 4.436941, "log_mass": 6.597045, "log_pop_c": 0.9962, "log_mass_c": 0.875639}, {"country_iso": "COD", "city_id": 4052, "log_pop": 4.276691, "log_mass": 6.322653, "log_pop_c": 0.952157, "log_mass_c": 0.658901}, {"country_iso": "COD", "city_id": 4099, "log_pop": 3.294426, "log_mass": 4.74433, "log_pop_c": -0.360685, "log_mass_c": -0.496988}, {"country_iso": "COD", "city_id": 4099, "log_pop": 2.361267, "log_mass": 4.348331, "log_pop_c": -1.293844, "log_mass_c": -0.892987}, {"country_iso": "COD", "city_id": 3541, "log_pop": 5.314247, "log_mass": 6.568106, "log_pop_c": 1.787444, "log_mass_c": 1.509635}, {"country_iso": "COD", "city_id": 3541, "log_pop": 3.904205, "log_mass": 5.481012, "log_pop_c": 0.377402, "log_mass_c": 0.422541}, {"country_iso": "COD", "city_id": 4077, "log_pop": 3.82833, "log_mass": 6.203337, "log_pop_c": 0.359937, "log_mass_c": 0.314039}, {"country_iso": "COD", "city_id": 3209, "log_pop": 5.303797, "log_mass": 6.746759, "log_pop_c": 1.453358, "log_mass_c": 0.854616}, {"country_iso": "COD", "city_id": 3625, "log_pop": 2.822958, "log_mass": 5.239949, "log_pop_c": -0.612575, "log_mass_c": -0.483937}, {"country_iso": "COD", "city_id": 3756, "log_pop": 2.220543, "log_mass": 4.500402, "log_pop_c": -1.656545, "log_mass_c": -1.488443}, {"country_iso": "COD", "city_id": 3756, "log_pop": 4.660335, "log_mass": 6.545832, "log_pop_c": 0.783247, "log_mass_c": 0.556986}, {"country_iso": "COD", "city_id": 4007, "log_pop": 4.346236, "log_mass": 6.139157, "log_pop_c": 1.106176, "log_mass_c": 0.91177}, {"country_iso": "COD", "city_id": 3209, "log_pop": 3.532193, "log_mass": 5.280671, "log_pop_c": -0.318246, "log_mass_c": -0.611471}, {"country_iso": "COD", "city_id": 4077, "log_pop": 4.371217, "log_mass": 6.603888, "log_pop_c": 0.902825, "log_mass_c": 0.71459}, {"country_iso": "COD", "city_id": 3486, "log_pop": 1.299445, "log_mass": 3.745805, "log_pop_c": -1.679645, "log_mass_c": -1.386129}, {"country_iso": "COD", "city_id": 4052, "log_pop": 4.301311, "log_mass": 6.571504, "log_pop_c": 0.976776, "log_mass_c": 0.907752}, {"country_iso": "COD", "city_id": 3209, "log_pop": 4.482684, "log_mass": 6.306984, "log_pop_c": 0.632245, "log_mass_c": 0.414841}, {"country_iso": "COD", "city_id": 3209, "log_pop": 5.159033, "log_mass": 6.672901, "log_pop_c": 1.308595, "log_mass_c": 0.780758}, {"country_iso": "COD", "city_id": 3209, "log_pop": 3.631202, "log_mass": 5.564489, "log_pop_c": -0.219237, "log_mass_c": -0.327654}, {"country_iso": "COD", "city_id": 3209, "log_pop": 2.493356, "log_mass": 4.841689, "log_pop_c": -1.357083, "log_mass_c": -1.050454}, {"country_iso": "COD", "city_id": 3756, "log_pop": 4.562418, "log_mass": 6.589844, "log_pop_c": 0.68533, "log_mass_c": 0.600998}, {"country_iso": "COD", "city_id": 4007, "log_pop": 2.462838, "log_mass": 4.605671, "log_pop_c": -0.777222, "log_mass_c": -0.621716}, {"country_iso": "COD", "city_id": 3709, "log_pop": 4.275263, "log_mass": 6.437113, "log_pop_c": 0.834522, "log_mass_c": 0.715706}, {"country_iso": "COD", "city_id": 3625, "log_pop": 2.192006, "log_mass": 4.430405, "log_pop_c": -1.243526, "log_mass_c": -1.293481}, {"country_iso": "COD", "city_id": 3209, "log_pop": 4.093884, "log_mass": 6.155213, "log_pop_c": 0.243445, "log_mass_c": 0.263071}, {"country_iso": "COD", "city_id": 3756, "log_pop": 3.896711, "log_mass": 6.084486, "log_pop_c": 0.019624, "log_mass_c": 0.09564}, {"country_iso": "COD", "city_id": 3209, "log_pop": 5.047632, "log_mass": 6.641076, "log_pop_c": 1.197193, "log_mass_c": 0.748933}, {"country_iso": "COD", "city_id": 3625, "log_pop": 3.803813, "log_mass": 6.177906, "log_pop_c": 0.368281, "log_mass_c": 0.45402}, {"country_iso": "COD", "city_id": 3663, "log_pop": 1.500221, "log_mass": 3.969282, "log_pop_c": -1.792559, "log_mass_c": -1.512036}, {"country_iso": "COD", "city_id": 4052, "log_pop": 2.354185, "log_mass": 5.182072, "log_pop_c": -0.970349, "log_mass_c": -0.481679}, {"country_iso": "COD", "city_id": 4007, "log_pop": 4.695442, "log_mass": 6.323081, "log_pop_c": 1.455382, "log_mass_c": 1.095694}, {"country_iso": "COD", "city_id": 4007, "log_pop": 1.323158, "log_mass": 4.476385, "log_pop_c": -1.916903, "log_mass_c": -0.751002}, {"country_iso": "COD", "city_id": 3709, "log_pop": 3.373141, "log_mass": 5.650656, "log_pop_c": -0.0676, "log_mass_c": -0.070751}, {"country_iso": "COD", "city_id": 4052, "log_pop": 2.645019, "log_mass": 4.571112, "log_pop_c": -0.679516, "log_mass_c": -1.09264}, {"country_iso": "COD", "city_id": 4052, "log_pop": 3.138684, "log_mass": 5.184365, "log_pop_c": -0.185851, "log_mass_c": -0.479386}, {"country_iso": "COD", "city_id": 3209, "log_pop": 2.608731, "log_mass": 4.788685, "log_pop_c": -1.241708, "log_mass_c": -1.103457}, {"country_iso": "COD", "city_id": 4007, "log_pop": 3.359109, "log_mass": 5.078856, "log_pop_c": 0.119048, "log_mass_c": -0.148531}, {"country_iso": "COD", "city_id": 4099, "log_pop": 5.007582, "log_mass": 6.464537, "log_pop_c": 1.352471, "log_mass_c": 1.223219}, {"country_iso": "COD", "city_id": 4099, "log_pop": 3.943347, "log_mass": 5.58998, "log_pop_c": 0.288237, "log_mass_c": 0.348662}, {"country_iso": "COD", "city_id": 3756, "log_pop": 3.155185, "log_mass": 5.317987, "log_pop_c": -0.721903, "log_mass_c": -0.670859}, {"country_iso": "COD", "city_id": 4007, "log_pop": 4.125926, "log_mass": 5.876053, "log_pop_c": 0.885866, "log_mass_c": 0.648667}, {"country_iso": "COD", "city_id": 3756, "log_pop": 4.037122, "log_mass": 6.110891, "log_pop_c": 0.160035, "log_mass_c": 0.122045}, {"country_iso": "COD", "city_id": 3209, "log_pop": 3.908119, "log_mass": 5.839298, "log_pop_c": 0.05768, "log_mass_c": -0.052845}, {"country_iso": "COD", "city_id": 3209, "log_pop": 1.659562, "log_mass": 4.413592, "log_pop_c": -2.190877, "log_mass_c": -1.478551}, {"country_iso": "COD", "city_id": 3756, "log_pop": 3.883492, "log_mass": 5.914718, "log_pop_c": 0.006405, "log_mass_c": -0.074128}, {"country_iso": "COD", "city_id": 4052, "log_pop": 3.583822, "log_mass": 5.949616, "log_pop_c": 0.259288, "log_mass_c": 0.285864}, {"country_iso": "COD", "city_id": 3541, "log_pop": 4.883168, "log_mass": 5.963439, "log_pop_c": 1.356365, "log_mass_c": 0.904968}, {"country_iso": "COD", "city_id": 3209, "log_pop": 4.633838, "log_mass": 6.182608, "log_pop_c": 0.7834, "log_mass_c": 0.290465}, {"country_iso": "COD", "city_id": 3541, "log_pop": 4.751656, "log_mass": 6.04129, "log_pop_c": 1.224853, "log_mass_c": 0.982819}, {"country_iso": "COD", "city_id": 3209, "log_pop": 3.68018, "log_mass": 5.736103, "log_pop_c": -0.170259, "log_mass_c": -0.15604}, {"country_iso": "COD", "city_id": 3541, "log_pop": 1.923609, "log_mass": 4.404245, "log_pop_c": -1.603193, "log_mass_c": -0.654226}, {"country_iso": "COD", "city_id": 3756, "log_pop": 4.600281, "log_mass": 6.577114, "log_pop_c": 0.723193, "log_mass_c": 0.588268}, {"country_iso": "COD", "city_id": 3756, "log_pop": 4.428207, "log_mass": 6.49856, "log_pop_c": 0.551119, "log_mass_c": 0.509715}, {"country_iso": "COD", "city_id": 3209, "log_pop": 2.056939, "log_mass": 4.689616, "log_pop_c": -1.7935, "log_mass_c": -1.202526}, {"country_iso": "COD", "city_id": 3756, "log_pop": 3.037179, "log_mass": 5.112291, "log_pop_c": -0.839908, "log_mass_c": -0.876555}, {"country_iso": "COD", "city_id": 3209, "log_pop": 5.217844, "log_mass": 6.757906, "log_pop_c": 1.367405, "log_mass_c": 0.865763}, {"country_iso": "COD", "city_id": 4099, "log_pop": 3.453007, "log_mass": 5.119538, "log_pop_c": -0.202103, "log_mass_c": -0.121781}, {"country_iso": "COD", "city_id": 3756, "log_pop": 4.164217, "log_mass": 6.300893, "log_pop_c": 0.287129, "log_mass_c": 0.312048}, {"country_iso": "COD", "city_id": 3709, "log_pop": 1.82456, "log_mass": 4.506366, "log_pop_c": -1.616181, "log_mass_c": -1.215041}, {"country_iso": "COD", "city_id": 3209, "log_pop": 4.029211, "log_mass": 6.051065, "log_pop_c": 0.178772, "log_mass_c": 0.158922}, {"country_iso": "COD", "city_id": 3089, "log_pop": 1.006073, "log_mass": 4.943934, "log_pop_c": -1.898157, "log_mass_c": -0.560699}, {"country_iso": "COD", "city_id": 3709, "log_pop": 3.121259, "log_mass": 5.400372, "log_pop_c": -0.319482, "log_mass_c": -0.321034}, {"country_iso": "COD", "city_id": 3209, "log_pop": 4.713237, "log_mass": 6.389725, "log_pop_c": 0.862799, "log_mass_c": 0.497582}, {"country_iso": "COD", "city_id": 3209, "log_pop": 5.007492, "log_mass": 6.7772, "log_pop_c": 1.157053, "log_mass_c": 0.885058}, {"country_iso": "COD", "city_id": 3486, "log_pop": 3.145499, "log_mass": 5.363447, "log_pop_c": 0.166408, "log_mass_c": 0.231513}, {"country_iso": "COD", "city_id": 3663, "log_pop": 4.352141, "log_mass": 6.438765, "log_pop_c": 1.059361, "log_mass_c": 0.957447}, {"country_iso": "COD", "city_id": 3541, "log_pop": 2.500609, "log_mass": 4.853236, "log_pop_c": -1.026194, "log_mass_c": -0.205235}, {"country_iso": "COD", "city_id": 3209, "log_pop": 2.652571, "log_mass": 5.001725, "log_pop_c": -1.197868, "log_mass_c": -0.890418}, {"country_iso": "COD", "city_id": 3756, "log_pop": 3.268733, "log_mass": 5.58865, "log_pop_c": -0.608354, "log_mass_c": -0.400196}, {"country_iso": "COD", "city_id": 3756, "log_pop": 4.812829, "log_mass": 6.690459, "log_pop_c": 0.935741, "log_mass_c": 0.701614}, {"country_iso": "COD", "city_id": 3209, "log_pop": 2.482142, "log_mass": 5.150896, "log_pop_c": -1.368296, "log_mass_c": -0.741246}, {"country_iso": "COD", "city_id": 3756, "log_pop": 4.714003, "log_mass": 6.613943, "log_pop_c": 0.836915, "log_mass_c": 0.625098}, {"country_iso": "COD", "city_id": 3625, "log_pop": 4.215695, "log_mass": 6.387333, "log_pop_c": 0.780163, "log_mass_c": 0.663447}, {"country_iso": "COD", "city_id": 3089, "log_pop": 3.303125, "log_mass": 5.767447, "log_pop_c": 0.398895, "log_mass_c": 0.262814}, {"country_iso": "COD", "city_id": 3209, "log_pop": 5.134223, "log_mass": 6.615443, "log_pop_c": 1.283784, "log_mass_c": 0.7233}, {"country_iso": "COD", "city_id": 3756, "log_pop": 3.681192, "log_mass": 6.00011, "log_pop_c": -0.195895, "log_mass_c": 0.011264}, {"country_iso": "COD", "city_id": 3209, "log_pop": 4.617797, "log_mass": 6.656113, "log_pop_c": 0.767358, "log_mass_c": 0.76397}, {"country_iso": "COD", "city_id": 3486, "log_pop": 4.311408, "log_mass": 6.117739, "log_pop_c": 1.332317, "log_mass_c": 0.985805}, {"country_iso": "COD", "city_id": 3541, "log_pop": 1.647825, "log_mass": 4.166777, "log_pop_c": -1.878978, "log_mass_c": -0.891694}, {"country_iso": "COD", "city_id": 3209, "log_pop": 1.101497, "log_mass": 4.478581, "log_pop_c": -2.748942, "log_mass_c": -1.413561}, {"country_iso": "COD", "city_id": 4007, "log_pop": 2.951164, "log_mass": 4.761441, "log_pop_c": -0.288897, "log_mass_c": -0.465946}, {"country_iso": "COD", "city_id": 4099, "log_pop": 4.247741, "log_mass": 5.807364, "log_pop_c": 0.59263, "log_mass_c": 0.566045}, {"country_iso": "COD", "city_id": 4007, "log_pop": 3.973278, "log_mass": 5.500855, "log_pop_c": 0.733218, "log_mass_c": 0.273468}, {"country_iso": "COD", "city_id": 3541, "log_pop": 3.080775, "log_mass": 4.366208, "log_pop_c": -0.446028, "log_mass_c": -0.692263}, {"country_iso": "COD", "city_id": 3089, "log_pop": 2.264799, "log_mass": 4.550431, "log_pop_c": -0.639431, "log_mass_c": -0.954202}, {"country_iso": "COD", "city_id": 3209, "log_pop": 2.294361, "log_mass": 4.90939, "log_pop_c": -1.556078, "log_mass_c": -0.982753}, {"country_iso": "COD", "city_id": 3541, "log_pop": 4.317622, "log_mass": 5.473163, "log_pop_c": 0.790819, "log_mass_c": 0.414692}, {"country_iso": "COD", "city_id": 3209, "log_pop": 5.061078, "log_mass": 6.668489, "log_pop_c": 1.210639, "log_mass_c": 0.776346}, {"country_iso": "COD", "city_id": 3209, "log_pop": 4.169649, "log_mass": 6.022637, "log_pop_c": 0.31921, "log_mass_c": 0.130494}, {"country_iso": "COD", "city_id": 3756, "log_pop": 4.764992, "log_mass": 6.616999, "log_pop_c": 0.887904, "log_mass_c": 0.628154}, {"country_iso": "COD", "city_id": 4077, "log_pop": 4.189637, "log_mass": 6.502365, "log_pop_c": 0.721244, "log_mass_c": 0.613067}, {"country_iso": "COD", "city_id": 3486, "log_pop": 2.336165, "log_mass": 4.339918, "log_pop_c": -0.642926, "log_mass_c": -0.792016}, {"country_iso": "COD", "city_id": 4007, "log_pop": 1.435716, "log_mass": 3.961978, "log_pop_c": -1.804344, "log_mass_c": -1.265409}, {"country_iso": "COD", "city_id": 3541, "log_pop": 4.054496, "log_mass": 5.354939, "log_pop_c": 0.527693, "log_mass_c": 0.296468}, {"country_iso": "COD", "city_id": 4052, "log_pop": 4.38246, "log_mass": 6.590686, "log_pop_c": 1.057925, "log_mass_c": 0.926934}, {"country_iso": "COD", "city_id": 3209, "log_pop": 2.555676, "log_mass": 5.020503, "log_pop_c": -1.294763, "log_mass_c": -0.87164}, {"country_iso": "COD", "city_id": 4007, "log_pop": 4.633243, "log_mass": 6.168929, "log_pop_c": 1.393183, "log_mass_c": 0.941542}, {"country_iso": "COD", "city_id": 3209, "log_pop": 3.19095, "log_mass": 5.820545, "log_pop_c": -0.659489, "log_mass_c": -0.071598}, {"country_iso": "COD", "city_id": 3625, "log_pop": 4.084321, "log_mass": 6.360597, "log_pop_c": 0.648789, "log_mass_c": 0.636711}, {"country_iso": "COD", "city_id": 4099, "log_pop": 4.322259, "log_mass": 5.83994, "log_pop_c": 0.667149, "log_mass_c": 0.598621}, {"country_iso": "COD", "city_id": 4099, "log_pop": 4.234585, "log_mass": 5.85333, "log_pop_c": 0.579475, "log_mass_c": 0.612011}, {"country_iso": "COD", "city_id": 3209, "log_pop": 5.323766, "log_mass": 6.70858, "log_pop_c": 1.473327, "log_mass_c": 0.816437}, {"country_iso": "COD", "city_id": 3209, "log_pop": 3.886901, "log_mass": 5.828228, "log_pop_c": 0.036462, "log_mass_c": -0.063915}, {"country_iso": "COD", "city_id": 3756, "log_pop": 4.465893, "log_mass": 6.397601, "log_pop_c": 0.588806, "log_mass_c": 0.408755}, {"country_iso": "COD", "city_id": 3209, "log_pop": 4.642518, "log_mass": 6.27931, "log_pop_c": 0.792079, "log_mass_c": 0.387167}, {"country_iso": "COD", "city_id": 3756, "log_pop": 4.578262, "log_mass": 6.599546, "log_pop_c": 0.701175, "log_mass_c": 0.610701}, {"country_iso": "COD", "city_id": 4077, "log_pop": 2.988784, "log_mass": 5.49563, "log_pop_c": -0.479609, "log_mass_c": -0.393668}, {"country_iso": "COD", "city_id": 4052, "log_pop": 2.414862, "log_mass": 4.999802, "log_pop_c": -0.909672, "log_mass_c": -0.663949}, {"country_iso": "COD", "city_id": 3756, "log_pop": 4.221627, "log_mass": 6.201485, "log_pop_c": 0.34454, "log_mass_c": 0.21264}, {"country_iso": "COD", "city_id": 3209, "log_pop": 3.303027, "log_mass": 5.596516, "log_pop_c": -0.547412, "log_mass_c": -0.295627}, {"country_iso": "COD", "city_id": 3709, "log_pop": 3.622302, "log_mass": 5.968761, "log_pop_c": 0.181561, "log_mass_c": 0.247354}, {"country_iso": "COD", "city_id": 3209, "log_pop": 2.500582, "log_mass": 4.94854, "log_pop_c": -1.349857, "log_mass_c": -0.943603}, {"country_iso": "COD", "city_id": 4077, "log_pop": 3.966359, "log_mass": 6.390663, "log_pop_c": 0.497966, "log_mass_c": 0.501365}, {"country_iso": "COD", "city_id": 4052, "log_pop": 2.251767, "log_mass": 4.754116, "log_pop_c": -1.072768, "log_mass_c": -0.909635}, {"country_iso": "COD", "city_id": 3756, "log_pop": 4.091436, "log_mass": 6.083663, "log_pop_c": 0.214348, "log_mass_c": 0.094818}, {"country_iso": "COD", "city_id": 3709, "log_pop": 4.179215, "log_mass": 6.355133, "log_pop_c": 0.738474, "log_mass_c": 0.633726}, {"country_iso": "COD", "city_id": 3209, "log_pop": 5.305225, "log_mass": 6.846885, "log_pop_c": 1.454786, "log_mass_c": 0.954742}, {"country_iso": "COD", "city_id": 4099, "log_pop": 5.11125, "log_mass": 6.489529, "log_pop_c": 1.45614, "log_mass_c": 1.24821}, {"country_iso": "COD", "city_id": 3663, "log_pop": 4.362674, "log_mass": 6.4297, "log_pop_c": 1.069894, "log_mass_c": 0.948382}, {"country_iso": "COD", "city_id": 3209, "log_pop": 4.960816, "log_mass": 6.617019, "log_pop_c": 1.110377, "log_mass_c": 0.724877}, {"country_iso": "COD", "city_id": 3756, "log_pop": 3.803979, "log_mass": 6.0769, "log_pop_c": -0.073109, "log_mass_c": 0.088054}, {"country_iso": "COD", "city_id": 3625, "log_pop": 2.541849, "log_mass": 4.70528, "log_pop_c": -0.893683, "log_mass_c": -1.018606}, {"country_iso": "COD", "city_id": 3541, "log_pop": 4.798253, "log_mass": 6.026786, "log_pop_c": 1.27145, "log_mass_c": 0.968315}, {"country_iso": "COD", "city_id": 3541, "log_pop": 3.380058, "log_mass": 4.707271, "log_pop_c": -0.146745, "log_mass_c": -0.3512}, {"country_iso": "COD", "city_id": 3541, "log_pop": 4.462681, "log_mass": 5.772526, "log_pop_c": 0.935878, "log_mass_c": 0.714055}, {"country_iso": "COD", "city_id": 4052, "log_pop": 2.639269, "log_mass": 5.217939, "log_pop_c": -0.685265, "log_mass_c": -0.445812}, {"country_iso": "COD", "city_id": 3209, "log_pop": 4.130515, "log_mass": 5.990657, "log_pop_c": 0.280076, "log_mass_c": 0.098514}, {"country_iso": "COD", "city_id": 3541, "log_pop": 5.22951, "log_mass": 6.40783, "log_pop_c": 1.702707, "log_mass_c": 1.349359}, {"country_iso": "COD", "city_id": 3709, "log_pop": 1.640425, "log_mass": 4.000704, "log_pop_c": -1.800316, "log_mass_c": -1.720703}, {"country_iso": "COD", "city_id": 3709, "log_pop": 3.756039, "log_mass": 5.992706, "log_pop_c": 0.315298, "log_mass_c": 0.2713}, {"country_iso": "COD", "city_id": 4052, "log_pop": 4.398306, "log_mass": 6.462884, "log_pop_c": 1.073772, "log_mass_c": 0.799132}, {"country_iso": "COD", "city_id": 3209, "log_pop": 5.372822, "log_mass": 6.692023, "log_pop_c": 1.522384, "log_mass_c": 0.79988}, {"country_iso": "COD", "city_id": 4052, "log_pop": 4.468014, "log_mass": 6.696574, "log_pop_c": 1.143479, "log_mass_c": 1.032823}, {"country_iso": "COD", "city_id": 4099, "log_pop": 3.582642, "log_mass": 5.196761, "log_pop_c": -0.072469, "log_mass_c": -0.044558}, {"country_iso": "COD", "city_id": 3756, "log_pop": 4.427533, "log_mass": 6.458973, "log_pop_c": 0.550446, "log_mass_c": 0.470128}, {"country_iso": "COD", "city_id": 4007, "log_pop": 2.48606, "log_mass": 4.191524, "log_pop_c": -0.754, "log_mass_c": -1.035863}, {"country_iso": "COD", "city_id": 3209, "log_pop": 3.594624, "log_mass": 5.528509, "log_pop_c": -0.255815, "log_mass_c": -0.363634}, {"country_iso": "COD", "city_id": 4077, "log_pop": 3.547589, "log_mass": 6.041489, "log_pop_c": 0.079196, "log_mass_c": 0.152191}, {"country_iso": "COD", "city_id": 3756, "log_pop": 2.10445, "log_mass": 4.568622, "log_pop_c": -1.772638, "log_mass_c": -1.420224}, {"country_iso": "COD", "city_id": 3486, "log_pop": 3.693173, "log_mass": 5.637749, "log_pop_c": 0.714082, "log_mass_c": 0.505815}, {"country_iso": "COD", "city_id": 3625, "log_pop": 4.02377, "log_mass": 6.256852, "log_pop_c": 0.588238, "log_mass_c": 0.532966}, {"country_iso": "COD", "city_id": 3663, "log_pop": 3.791619, "log_mass": 5.978969, "log_pop_c": 0.498839, "log_mass_c": 0.497651}, {"country_iso": "COD", "city_id": 3209, "log_pop": 3.728417, "log_mass": 5.809218, "log_pop_c": -0.122022, "log_mass_c": -0.082925}, {"country_iso": "COD", "city_id": 3541, "log_pop": 1.893567, "log_mass": 4.91361, "log_pop_c": -1.633235, "log_mass_c": -0.144861}, {"country_iso": "COD", "city_id": 4099, "log_pop": 2.641555, "log_mass": 4.119304, "log_pop_c": -1.013556, "log_mass_c": -1.122015}, {"country_iso": "COD", "city_id": 3756, "log_pop": 4.796821, "log_mass": 6.640561, "log_pop_c": 0.919734, "log_mass_c": 0.651716}, {"country_iso": "COD", "city_id": 3756, "log_pop": 4.636344, "log_mass": 6.620617, "log_pop_c": 0.759257, "log_mass_c": 0.631771}, {"country_iso": "COD", "city_id": 3756, "log_pop": 3.203548, "log_mass": 5.495996, "log_pop_c": -0.673539, "log_mass_c": -0.49285}, {"country_iso": "COD", "city_id": 3625, "log_pop": 3.08168, "log_mass": 5.426492, "log_pop_c": -0.353852, "log_mass_c": -0.297394}, {"country_iso": "COD", "city_id": 3209, "log_pop": 2.940799, "log_mass": 6.006436, "log_pop_c": -0.90964, "log_mass_c": 0.114293}, {"country_iso": "COD", "city_id": 4099, "log_pop": 1.4665, "log_mass": 3.308504, "log_pop_c": -2.18861, "log_mass_c": -1.932815}, {"country_iso": "COD", "city_id": 3756, "log_pop": 4.479009, "log_mass": 6.542303, "log_pop_c": 0.601921, "log_mass_c": 0.553458}, {"country_iso": "COD", "city_id": 3209, "log_pop": 4.311847, "log_mass": 6.176537, "log_pop_c": 0.461408, "log_mass_c": 0.284394}, {"country_iso": "COD", "city_id": 3756, "log_pop": 4.448065, "log_mass": 6.52842, "log_pop_c": 0.570977, "log_mass_c": 0.539574}, {"country_iso": "COD", "city_id": 3541, "log_pop": 5.173643, "log_mass": 6.475401, "log_pop_c": 1.64684, "log_mass_c": 1.41693}, {"country_iso": "COD", "city_id": 3756, "log_pop": 4.425074, "log_mass": 6.444439, "log_pop_c": 0.547987, "log_mass_c": 0.455593}, {"country_iso": "COD", "city_id": 3209, "log_pop": 4.863187, "log_mass": 6.751634, "log_pop_c": 1.012748, "log_mass_c": 0.859492}, {"country_iso": "COD", "city_id": 4007, "log_pop": 0.846517, "log_mass": 2.553086, "log_pop_c": -2.393543, "log_mass_c": -2.674301}, {"country_iso": "COD", "city_id": 3709, "log_pop": 3.968596, "log_mass": 6.264984, "log_pop_c": 0.527855, "log_mass_c": 0.543577}, {"country_iso": "COD", "city_id": 3209, "log_pop": 5.095983, "log_mass": 6.671781, "log_pop_c": 1.245545, "log_mass_c": 0.779638}, {"country_iso": "COD", "city_id": 3209, "log_pop": 5.104202, "log_mass": 6.75568, "log_pop_c": 1.253763, "log_mass_c": 0.863537}, {"country_iso": "COD", "city_id": 3625, "log_pop": 4.058195, "log_mass": 6.308848, "log_pop_c": 0.622662, "log_mass_c": 0.584962}, {"country_iso": "COD", "city_id": 4007, "log_pop": 3.905484, "log_mass": 5.569988, "log_pop_c": 0.665423, "log_mass_c": 0.342601}, {"country_iso": "COD", "city_id": 3625, "log_pop": 3.56528, "log_mass": 5.949954, "log_pop_c": 0.129748, "log_mass_c": 0.226068}, {"country_iso": "COD", "city_id": 3209, "log_pop": 4.379618, "log_mass": 6.323118, "log_pop_c": 0.529179, "log_mass_c": 0.430975}, {"country_iso": "COD", "city_id": 4077, "log_pop": 4.022619, "log_mass": 6.438965, "log_pop_c": 0.554226, "log_mass_c": 0.549667}, {"country_iso": "COD", "city_id": 3486, "log_pop": 3.247979, "log_mass": 5.237362, "log_pop_c": 0.268888, "log_mass_c": 0.105428}, {"country_iso": "COD", "city_id": 3756, "log_pop": 2.973275, "log_mass": 5.134391, "log_pop_c": -0.903813, "log_mass_c": -0.854454}, {"country_iso": "COD", "city_id": 3709, "log_pop": 1.687665, "log_mass": 3.960714, "log_pop_c": -1.753076, "log_mass_c": -1.760693}, {"country_iso": "COD", "city_id": 3541, "log_pop": 3.829051, "log_mass": 4.962567, "log_pop_c": 0.302248, "log_mass_c": -0.095904}, {"country_iso": "COD", "city_id": 3756, "log_pop": 3.819911, "log_mass": 5.990131, "log_pop_c": -0.057176, "log_mass_c": 0.001285}, {"country_iso": "COD", "city_id": 3709, "log_pop": 3.764989, "log_mass": 6.005856, "log_pop_c": 0.324248, "log_mass_c": 0.28445}, {"country_iso": "COD", "city_id": 3709, "log_pop": 4.364275, "log_mass": 6.592852, "log_pop_c": 0.923534, "log_mass_c": 0.871445}, {"country_iso": "COD", "city_id": 3486, "log_pop": 3.063893, "log_mass": 5.153329, "log_pop_c": 0.084802, "log_mass_c": 0.021395}, {"country_iso": "COD", "city_id": 3756, "log_pop": 4.148353, "log_mass": 6.146075, "log_pop_c": 0.271266, "log_mass_c": 0.15723}, {"country_iso": "COD", "city_id": 3663, "log_pop": 0.516161, "log_mass": 2.654264, "log_pop_c": -2.776619, "log_mass_c": -2.827054}, {"country_iso": "COD", "city_id": 3486, "log_pop": 2.642256, "log_mass": 5.054539, "log_pop_c": -0.336834, "log_mass_c": -0.077395}, {"country_iso": "COD", "city_id": 3756, "log_pop": 4.563327, "log_mass": 6.591028, "log_pop_c": 0.686239, "log_mass_c": 0.602182}, {"country_iso": "COD", "city_id": 3209, "log_pop": 1.348179, "log_mass": 3.621688, "log_pop_c": -2.502259, "log_mass_c": -2.270455}, {"country_iso": "COD", "city_id": 3209, "log_pop": 4.708459, "log_mass": 6.45277, "log_pop_c": 0.858021, "log_mass_c": 0.560627}, {"country_iso": "COD", "city_id": 4077, "log_pop": 4.187047, "log_mass": 6.468273, "log_pop_c": 0.718654, "log_mass_c": 0.578975}, {"country_iso": "COD", "city_id": 3709, "log_pop": 3.801181, "log_mass": 6.03065, "log_pop_c": 0.36044, "log_mass_c": 0.309243}, {"country_iso": "COD", "city_id": 3209, "log_pop": 1.420551, "log_mass": 4.127611, "log_pop_c": -2.429888, "log_mass_c": -1.764531}, {"country_iso": "COD", "city_id": 3756, "log_pop": 4.27274, "log_mass": 6.379354, "log_pop_c": 0.395652, "log_mass_c": 0.390509}, {"country_iso": "COD", "city_id": 3089, "log_pop": 3.827047, "log_mass": 6.164762, "log_pop_c": 0.922817, "log_mass_c": 0.660129}, {"country_iso": "COD", "city_id": 4077, "log_pop": 3.901567, "log_mass": 6.131371, "log_pop_c": 0.433174, "log_mass_c": 0.242073}, {"country_iso": "COD", "city_id": 3625, "log_pop": 3.315745, "log_mass": 5.648866, "log_pop_c": -0.119787, "log_mass_c": -0.07502}, {"country_iso": "COD", "city_id": 4077, "log_pop": 2.611735, "log_mass": 5.142323, "log_pop_c": -0.856658, "log_mass_c": -0.746975}, {"country_iso": "COD", "city_id": 4007, "log_pop": 4.871736, "log_mass": 6.379709, "log_pop_c": 1.631676, "log_mass_c": 1.152322}, {"country_iso": "COD", "city_id": 3709, "log_pop": 3.600935, "log_mass": 5.793032, "log_pop_c": 0.160194, "log_mass_c": 0.071625}, {"country_iso": "COD", "city_id": 4099, "log_pop": 3.5457, "log_mass": 5.182868, "log_pop_c": -0.109411, "log_mass_c": -0.058451}, {"country_iso": "COD", "city_id": 3756, "log_pop": 2.948656, "log_mass": 5.039337, "log_pop_c": -0.928432, "log_mass_c": -0.949509}, {"country_iso": "COD", "city_id": 4052, "log_pop": 3.498814, "log_mass": 5.661683, "log_pop_c": 0.17428, "log_mass_c": -0.002068}, {"country_iso": "COD", "city_id": 4077, "log_pop": 3.000946, "log_mass": 5.336328, "log_pop_c": -0.467447, "log_mass_c": -0.55297}, {"country_iso": "COD", "city_id": 3756, "log_pop": 4.298326, "log_mass": 6.380525, "log_pop_c": 0.421238, "log_mass_c": 0.391679}, {"country_iso": "COD", "city_id": 3756, "log_pop": 4.203619, "log_mass": 6.32497, "log_pop_c": 0.326531, "log_mass_c": 0.336125}, {"country_iso": "COD", "city_id": 3625, "log_pop": 3.418395, "log_mass": 5.646638, "log_pop_c": -0.017137, "log_mass_c": -0.077248}, {"country_iso": "COD", "city_id": 4052, "log_pop": 3.027955, "log_mass": 5.317612, "log_pop_c": -0.296579, "log_mass_c": -0.346139}, {"country_iso": "COD", "city_id": 3756, "log_pop": 2.954327, "log_mass": 5.148144, "log_pop_c": -0.922761, "log_mass_c": -0.840702}, {"country_iso": "COD", "city_id": 3209, "log_pop": 3.303993, "log_mass": 6.003047, "log_pop_c": -0.546446, "log_mass_c": 0.110905}, {"country_iso": "COD", "city_id": 3663, "log_pop": 3.805812, "log_mass": 5.989629, "log_pop_c": 0.513033, "log_mass_c": 0.508311}, {"country_iso": "COD", "city_id": 3209, "log_pop": 4.329347, "log_mass": 6.089977, "log_pop_c": 0.478908, "log_mass_c": 0.197834}, {"country_iso": "COD", "city_id": 3663, "log_pop": 4.239125, "log_mass": 6.38494, "log_pop_c": 0.946345, "log_mass_c": 0.903622}, {"country_iso": "COD", "city_id": 3756, "log_pop": 4.249218, "log_mass": 6.272629, "log_pop_c": 0.37213, "log_mass_c": 0.283783}, {"country_iso": "COD", "city_id": 4077, "log_pop": 3.65919, "log_mass": 6.033983, "log_pop_c": 0.190797, "log_mass_c": 0.144685}, {"country_iso": "COD", "city_id": 4077, "log_pop": 3.38671, "log_mass": 5.828228, "log_pop_c": -0.081682, "log_mass_c": -0.06107}, {"country_iso": "COD", "city_id": 3209, "log_pop": 5.545602, "log_mass": 6.865779, "log_pop_c": 1.695163, "log_mass_c": 0.973637}, {"country_iso": "COD", "city_id": 3209, "log_pop": 1.549987, "log_mass": 4.289028, "log_pop_c": -2.300452, "log_mass_c": -1.603115}, {"country_iso": "COD", "city_id": 3541, "log_pop": 3.257266, "log_mass": 4.637714, "log_pop_c": -0.269536, "log_mass_c": -0.420757}, {"country_iso": "COD", "city_id": 3209, "log_pop": 2.089607, "log_mass": 5.047849, "log_pop_c": -1.760832, "log_mass_c": -0.844293}, {"country_iso": "COD", "city_id": 3209, "log_pop": 4.318247, "log_mass": 6.241988, "log_pop_c": 0.467808, "log_mass_c": 0.349845}, {"country_iso": "COD", "city_id": 4052, "log_pop": 2.697666, "log_mass": 5.412414, "log_pop_c": -0.626868, "log_mass_c": -0.251337}, {"country_iso": "COD", "city_id": 4077, "log_pop": 2.586791, "log_mass": 5.193197, "log_pop_c": -0.881602, "log_mass_c": -0.696101}, {"country_iso": "COD", "city_id": 3756, "log_pop": 4.336006, "log_mass": 6.545552, "log_pop_c": 0.458918, "log_mass_c": 0.556706}, {"country_iso": "COD", "city_id": 3756, "log_pop": 3.134515, "log_mass": 5.245452, "log_pop_c": -0.742572, "log_mass_c": -0.743394}, {"country_iso": "COD", "city_id": 3625, "log_pop": 2.962964, "log_mass": 5.297723, "log_pop_c": -0.472569, "log_mass_c": -0.426162}, {"country_iso": "COD", "city_id": 3486, "log_pop": 2.684184, "log_mass": 4.93159, "log_pop_c": -0.294907, "log_mass_c": -0.200343}, {"country_iso": "COD", "city_id": 3209, "log_pop": 1.871781, "log_mass": 4.923177, "log_pop_c": -1.978658, "log_mass_c": -0.968966}, {"country_iso": "COD", "city_id": 3756, "log_pop": 3.524957, "log_mass": 5.605726, "log_pop_c": -0.352131, "log_mass_c": -0.38312}, {"country_iso": "COD", "city_id": 3209, "log_pop": 4.182753, "log_mass": 6.168418, "log_pop_c": 0.332315, "log_mass_c": 0.276275}, {"country_iso": "COD", "city_id": 3541, "log_pop": 4.27411, "log_mass": 5.67839, "log_pop_c": 0.747307, "log_mass_c": 0.619919}, {"country_iso": "COD", "city_id": 3756, "log_pop": 3.651095, "log_mass": 5.763978, "log_pop_c": -0.225992, "log_mass_c": -0.224868}, {"country_iso": "COD", "city_id": 3486, "log_pop": 2.930231, "log_mass": 5.172302, "log_pop_c": -0.04886, "log_mass_c": 0.040368}, {"country_iso": "COD", "city_id": 3209, "log_pop": 3.938411, "log_mass": 5.866429, "log_pop_c": 0.087972, "log_mass_c": -0.025714}, {"country_iso": "COD", "city_id": 3209, "log_pop": 3.605587, "log_mass": 5.460879, "log_pop_c": -0.244852, "log_mass_c": -0.431264}, {"country_iso": "COD", "city_id": 3209, "log_pop": 4.923773, "log_mass": 6.581579, "log_pop_c": 1.073334, "log_mass_c": 0.689436}, {"country_iso": "COD", "city_id": 4052, "log_pop": 4.272388, "log_mass": 6.440833, "log_pop_c": 0.947854, "log_mass_c": 0.777082}, {"country_iso": "COD", "city_id": 4052, "log_pop": 2.654513, "log_mass": 5.328667, "log_pop_c": -0.670021, "log_mass_c": -0.335085}, {"country_iso": "COD", "city_id": 3709, "log_pop": 3.505963, "log_mass": 5.843488, "log_pop_c": 0.065222, "log_mass_c": 0.122081}, {"country_iso": "COD", "city_id": 3209, "log_pop": 3.862466, "log_mass": 6.426038, "log_pop_c": 0.012027, "log_mass_c": 0.533895}, {"country_iso": "COD", "city_id": 3541, "log_pop": 1.607449, "log_mass": 3.249876, "log_pop_c": -1.919354, "log_mass_c": -1.808595}, {"country_iso": "COD", "city_id": 3625, "log_pop": 2.143956, "log_mass": 4.182886, "log_pop_c": -1.291576, "log_mass_c": -1.541}, {"country_iso": "COD", "city_id": 3209, "log_pop": 3.562815, "log_mass": 5.836327, "log_pop_c": -0.287624, "log_mass_c": -0.055816}, {"country_iso": "COD", "city_id": 4007, "log_pop": 4.296506, "log_mass": 6.07908, "log_pop_c": 1.056446, "log_mass_c": 0.851693}, {"country_iso": "COD", "city_id": 3089, "log_pop": 3.980778, "log_mass": 6.14477, "log_pop_c": 1.076549, "log_mass_c": 0.640137}, {"country_iso": "COD", "city_id": 3756, "log_pop": 4.170311, "log_mass": 6.305425, "log_pop_c": 0.293224, "log_mass_c": 0.316579}, {"country_iso": "COD", "city_id": 4052, "log_pop": 4.428063, "log_mass": 6.566217, "log_pop_c": 1.103529, "log_mass_c": 0.902466}]