[{"country_iso": "LBN", "city_id": 4337, "log_pop": 2.346053, "log_mass": 5.214165, "log_pop_c": -1.211043, "log_mass_c": -0.720564}, {"country_iso": "LBN", "city_id": 4337, "log_pop": 4.599905, "log_mass": 6.617687, "log_pop_c": 1.042809, "log_mass_c": 0.682957}, {"country_iso": "LBN", "city_id": 4337, "log_pop": 5.218371, "log_mass": 7.12317, "log_pop_c": 1.661275, "log_mass_c": 1.188441}, {"country_iso": "LBN", "city_id": 4334, "log_pop": 3.897827, "log_mass": 6.134347, "log_pop_c": 0.621291, "log_mass_c": 0.508976}, {"country_iso": "LBN", "city_id": 4361, "log_pop": 2.103502, "log_mass": 5.769869, "log_pop_c": -1.380485, "log_mass_c": 0.061229}, {"country_iso": "LBN", "city_id": 4337, "log_pop": 5.0723, "log_mass": 6.565412, "log_pop_c": 1.515204, "log_mass_c": 0.630683}, {"country_iso": "LBN", "city_id": 4337, "log_pop": 2.835303, "log_mass": 6.009872, "log_pop_c": -0.721792, "log_mass_c": 0.075142}, {"country_iso": "LBN", "city_id": 4327, "log_pop": 4.538992, "log_mass": 6.349084, "log_pop_c": 1.349221, "log_mass_c": 1.024525}, {"country_iso": "LBN", "city_id": 4337, "log_pop": 3.887951, "log_mass": 6.129207, "log_pop_c": 0.330856, "log_mass_c": 0.194478}, {"country_iso": "LBN", "city_id": 4337, "log_pop": 1.438657, "log_mass": 4.196807, "log_pop_c": -2.118438, "log_mass_c": -1.737922}, {"country_iso": "LBN", "city_id": 4337, "log_pop": 2.302397, "log_mass": 4.939324, "log_pop_c": -1.254699, "log_mass_c": -0.995405}, {"country_iso": "LBN", "city_id": 4375, "log_pop": 2.864917, "log_mass": 4.921557, "log_pop_c": -0.446642, "log_mass_c": -0.546917}, {"country_iso": "LBN", "city_id": 4361, "log_pop": 3.075303, "log_mass": 5.211033, "log_pop_c": -0.408683, "log_mass_c": -0.497607}, {"country_iso": "LBN", "city_id": 4334, "log_pop": 0.175998, "log_mass": 3.736032, "log_pop_c": -3.100538, "log_mass_c": -1.889339}, {"country_iso": "LBN", "city_id": 4375, "log_pop": 4.138193, "log_mass": 6.094741, "log_pop_c": 0.826634, "log_mass_c": 0.626266}, {"country_iso": "LBN", "city_id": 4361, "log_pop": 3.593094, "log_mass": 5.545324, "log_pop_c": 0.109107, "log_mass_c": -0.163316}, {"country_iso": "LBN", "city_id": 4337, "log_pop": 3.550472, "log_mass": 6.070306, "log_pop_c": -0.006624, "log_mass_c": 0.135577}, {"country_iso": "LBN", "city_id": 4337, "log_pop": 3.616349, "log_mass": 6.007419, "log_pop_c": 0.059253, "log_mass_c": 0.072689}, {"country_iso": "LBN", "city_id": 4375, "log_pop": 3.716364, "log_mass": 5.511524, "log_pop_c": 0.404805, "log_mass_c": 0.04305}, {"country_iso": "LBN", "city_id": 4361, "log_pop": 2.922978, "log_mass": 5.594289, "log_pop_c": -0.561009, "log_mass_c": -0.114351}, {"country_iso": "LBN", "city_id": 4337, "log_pop": 5.671754, "log_mass": 7.135189, "log_pop_c": 2.114658, "log_mass_c": 1.20046}, {"country_iso": "LBN", "city_id": 4337, "log_pop": 5.401516, "log_mass": 7.057455, "log_pop_c": 1.84442, "log_mass_c": 1.122726}, {"country_iso": "LBN", "city_id": 4337, "log_pop": 3.270882, "log_mass": 5.799634, "log_pop_c": -0.286214, "log_mass_c": -0.135096}, {"country_iso": "LBN", "city_id": 4334, "log_pop": 0.723776, "log_mass": 4.640151, "log_pop_c": -2.55276, "log_mass_c": -0.98522}, {"country_iso": "LBN", "city_id": 4337, "log_pop": 3.965829, "log_mass": 5.975687, "log_pop_c": 0.408733, "log_mass_c": 0.040958}, {"country_iso": "LBN", "city_id": 4337, "log_pop": 4.242123, "log_mass": 6.351096, "log_pop_c": 0.685027, "log_mass_c": 0.416367}, {"country_iso": "LBN", "city_id": 4327, "log_pop": 1.716385, "log_mass": 3.895679, "log_pop_c": -1.473386, "log_mass_c": -1.42888}, {"country_iso": "LBN", "city_id": 4334, "log_pop": 3.341318, "log_mass": 5.676927, "log_pop_c": 0.064782, "log_mass_c": 0.051556}, {"country_iso": "LBN", "city_id": 4337, "log_pop": 3.35545, "log_mass": 5.625953, "log_pop_c": -0.201645, "log_mass_c": -0.308776}, {"country_iso": "LBN", "city_id": 4327, "log_pop": 1.189743, "log_mass": 4.543423, "log_pop_c": -2.000028, "log_mass_c": -0.781136}, {"country_iso": "LBN", "city_id": 4361, "log_pop": 3.311153, "log_mass": 5.384621, "log_pop_c": -0.172834, "log_mass_c": -0.324019}, {"country_iso": "LBN", "city_id": 4361, "log_pop": 3.552384, "log_mass": 5.617921, "log_pop_c": 0.068398, "log_mass_c": -0.090719}, {"country_iso": "LBN", "city_id": 4337, "log_pop": 4.11184, "log_mass": 6.360609, "log_pop_c": 0.554744, "log_mass_c": 0.425879}, {"country_iso": "LBN", "city_id": 4337, "log_pop": 4.603273, "log_mass": 6.701599, "log_pop_c": 1.046177, "log_mass_c": 0.76687}, {"country_iso": "LBN", "city_id": 4375, "log_pop": 3.112071, "log_mass": 5.661622, "log_pop_c": -0.199488, "log_mass_c": 0.193148}, {"country_iso": "LBN", "city_id": 4334, "log_pop": 3.205768, "log_mass": 5.667845, "log_pop_c": -0.070768, "log_mass_c": 0.042474}, {"country_iso": "LBN", "city_id": 4337, "log_pop": 0.699904, "log_mass": 3.869551, "log_pop_c": -2.857192, "log_mass_c": -2.065178}, {"country_iso": "LBN", "city_id": 4337, "log_pop": 4.460271, "log_mass": 6.592317, "log_pop_c": 0.903175, "log_mass_c": 0.657588}, {"country_iso": "LBN", "city_id": 4337, "log_pop": 3.583464, "log_mass": 5.918054, "log_pop_c": 0.026368, "log_mass_c": -0.016675}, {"country_iso": "LBN", "city_id": 4337, "log_pop": 4.078506, "log_mass": 6.277756, "log_pop_c": 0.52141, "log_mass_c": 0.343026}, {"country_iso": "LBN", "city_id": 4361, "log_pop": 2.548416, "log_mass": 5.475337, "log_pop_c": -0.935571, "log_mass_c": -0.233303}, {"country_iso": "LBN", "city_id": 4337, "log_pop": 2.612456, "log_mass": 5.516363, "log_pop_c": -0.944639, "log_mass_c": -0.418367}, {"country_iso": "LBN", "city_id": 4337, "log_pop": 3.819451, "log_mass": 6.116112, "log_pop_c": 0.262356, "log_mass_c": 0.181383}, {"country_iso": "LBN", "city_id": 4337, "log_pop": 2.534093, "log_mass": 5.669178, "log_pop_c": -1.023003, "log_mass_c": -0.265551}, {"country_iso": "LBN", "city_id": 4337, "log_pop": 5.027233, "log_mass": 6.772841, "log_pop_c": 1.470138, "log_mass_c": 0.838112}, {"country_iso": "LBN", "city_id": 4375, "log_pop": 3.84853, "log_mass": 5.686938, "log_pop_c": 0.536971, "log_mass_c": 0.218463}, {"country_iso": "LBN", "city_id": 4375, "log_pop": 3.142768, "log_mass": 5.407724, "log_pop_c": -0.168791, "log_mass_c": -0.060751}, {"country_iso": "LBN", "city_id": 4361, "log_pop": 4.652146, "log_mass": 6.608349, "log_pop_c": 1.16816, "log_mass_c": 0.899709}, {"country_iso": "LBN", "city_id": 4337, "log_pop": 4.460418, "log_mass": 6.531555, "log_pop_c": 0.903322, "log_mass_c": 0.596826}, {"country_iso": "LBN", "city_id": 4337, "log_pop": 3.324062, "log_mass": 6.052247, "log_pop_c": -0.233034, "log_mass_c": 0.117518}, {"country_iso": "LBN", "city_id": 4337, "log_pop": 5.237447, "log_mass": 7.085729, "log_pop_c": 1.680351, "log_mass_c": 1.151}, {"country_iso": "LBN", "city_id": 4337, "log_pop": 5.052598, "log_mass": 6.57097, "log_pop_c": 1.495502, "log_mass_c": 0.636241}, {"country_iso": "LBN", "city_id": 4337, "log_pop": 0.995332, "log_mass": 4.00954, "log_pop_c": -2.561764, "log_mass_c": -1.925189}, {"country_iso": "LBN", "city_id": 4361, "log_pop": 4.52799, "log_mass": 6.275095, "log_pop_c": 1.044003, "log_mass_c": 0.566455}, {"country_iso": "LBN", "city_id": 4337, "log_pop": 2.080153, "log_mass": 4.553756, "log_pop_c": -1.476942, "log_mass_c": -1.380973}, {"country_iso": "LBN", "city_id": 4337, "log_pop": 3.781706, "log_mass": 5.87003, "log_pop_c": 0.22461, "log_mass_c": -0.064699}, {"country_iso": "LBN", "city_id": 4337, "log_pop": 3.024345, "log_mass": 5.290821, "log_pop_c": -0.532751, "log_mass_c": -0.643908}, {"country_iso": "LBN", "city_id": 4361, "log_pop": 4.199284, "log_mass": 5.829026, "log_pop_c": 0.715298, "log_mass_c": 0.120386}, {"country_iso": "LBN", "city_id": 4337, "log_pop": 4.371916, "log_mass": 6.436216, "log_pop_c": 0.81482, "log_mass_c": 0.501487}, {"country_iso": "LBN", "city_id": 4337, "log_pop": 2.776345, "log_mass": 5.348558, "log_pop_c": -0.78075, "log_mass_c": -0.586171}, {"country_iso": "LBN", "city_id": 4337, "log_pop": 2.738385, "log_mass": 5.305866, "log_pop_c": -0.818711, "log_mass_c": -0.628863}, {"country_iso": "LBN", "city_id": 4337, "log_pop": 4.450961, "log_mass": 6.753369, "log_pop_c": 0.893865, "log_mass_c": 0.81864}, {"country_iso": "LBN", "city_id": 4337, "log_pop": 5.261844, "log_mass": 6.983515, "log_pop_c": 1.704749, "log_mass_c": 1.048786}, {"country_iso": "LBN", "city_id": 4337, "log_pop": 3.650891, "log_mass": 5.845321, "log_pop_c": 0.093796, "log_mass_c": -0.089408}, {"country_iso": "LBN", "city_id": 4334, "log_pop": 4.684368, "log_mass": 6.513143, "log_pop_c": 1.407832, "log_mass_c": 0.887772}, {"country_iso": "LBN", "city_id": 4375, "log_pop": 3.394889, "log_mass": 5.589151, "log_pop_c": 0.083331, "log_mass_c": 0.120676}, {"country_iso": "LBN", "city_id": 4361, "log_pop": 3.896977, "log_mass": 5.577982, "log_pop_c": 0.41299, "log_mass_c": -0.130658}, {"country_iso": "LBN", "city_id": 4361, "log_pop": 2.689527, "log_mass": 5.134216, "log_pop_c": -0.79446, "log_mass_c": -0.574424}, {"country_iso": "LBN", "city_id": 4337, "log_pop": 4.324686, "log_mass": 6.36959, "log_pop_c": 0.76759, "log_mass_c": 0.434861}, {"country_iso": "LBN", "city_id": 4361, "log_pop": 4.996977, "log_mass": 6.7424, "log_pop_c": 1.51299, "log_mass_c": 1.03376}, {"country_iso": "LBN", "city_id": 4337, "log_pop": 2.691668, "log_mass": 4.767086, "log_pop_c": -0.865428, "log_mass_c": -1.167643}, {"country_iso": "LBN", "city_id": 4337, "log_pop": 4.514091, "log_mass": 6.340701, "log_pop_c": 0.956995, "log_mass_c": 0.405972}, {"country_iso": "LBN", "city_id": 4334, "log_pop": 4.793485, "log_mass": 6.425694, "log_pop_c": 1.516948, "log_mass_c": 0.800323}, {"country_iso": "LBN", "city_id": 4361, "log_pop": 5.144576, "log_mass": 6.774111, "log_pop_c": 1.660589, "log_mass_c": 1.065471}, {"country_iso": "LBN", "city_id": 4337, "log_pop": 3.504706, "log_mass": 6.190013, "log_pop_c": -0.05239, "log_mass_c": 0.255284}, {"country_iso": "LBN", "city_id": 4327, "log_pop": 4.175544, "log_mass": 6.053805, "log_pop_c": 0.985773, "log_mass_c": 0.729246}, {"country_iso": "LBN", "city_id": 4334, "log_pop": 4.683855, "log_mass": 6.346024, "log_pop_c": 1.407319, "log_mass_c": 0.720652}, {"country_iso": "LBN", "city_id": 4337, "log_pop": 3.161535, "log_mass": 5.77483, "log_pop_c": -0.395561, "log_mass_c": -0.159899}, {"country_iso": "LBN", "city_id": 4337, "log_pop": 4.16475, "log_mass": 6.62498, "log_pop_c": 0.607655, "log_mass_c": 0.690251}, {"country_iso": "LBN", "city_id": 4337, "log_pop": 3.951154, "log_mass": 6.241032, "log_pop_c": 0.394058, "log_mass_c": 0.306303}, {"country_iso": "LBN", "city_id": 4337, "log_pop": 1.607723, "log_mass": 6.059, "log_pop_c": -1.949373, "log_mass_c": 0.124271}, {"country_iso": "LBN", "city_id": 4375, "log_pop": 3.739243, "log_mass": 5.910231, "log_pop_c": 0.427684, "log_mass_c": 0.441756}, {"country_iso": "LBN", "city_id": 4337, "log_pop": 2.948231, "log_mass": 5.601013, "log_pop_c": -0.608864, "log_mass_c": -0.333716}, {"country_iso": "LBN", "city_id": 4375, "log_pop": 4.575076, "log_mass": 6.250623, "log_pop_c": 1.263517, "log_mass_c": 0.782148}, {"country_iso": "LBN", "city_id": 4337, "log_pop": 4.193249, "log_mass": 6.37574, "log_pop_c": 0.636153, "log_mass_c": 0.441011}, {"country_iso": "LBN", "city_id": 4334, "log_pop": 4.024103, "log_mass": 6.17491, "log_pop_c": 0.747567, "log_mass_c": 0.549539}, {"country_iso": "LBN", "city_id": 4337, "log_pop": 5.510952, "log_mass": 7.046778, "log_pop_c": 1.953857, "log_mass_c": 1.112049}, {"country_iso": "LBN", "city_id": 4337, "log_pop": 3.521054, "log_mass": 5.910992, "log_pop_c": -0.036042, "log_mass_c": -0.023737}, {"country_iso": "LBN", "city_id": 4337, "log_pop": 2.880509, "log_mass": 5.431513, "log_pop_c": -0.676586, "log_mass_c": -0.503216}, {"country_iso": "LBN", "city_id": 4334, "log_pop": 3.213178, "log_mass": 5.637521, "log_pop_c": -0.063359, "log_mass_c": 0.01215}, {"country_iso": "LBN", "city_id": 4375, "log_pop": 4.036556, "log_mass": 5.657565, "log_pop_c": 0.724998, "log_mass_c": 0.18909}, {"country_iso": "LBN", "city_id": 4337, "log_pop": 3.03462, "log_mass": 5.868383, "log_pop_c": -0.522475, "log_mass_c": -0.066346}, {"country_iso": "LBN", "city_id": 4337, "log_pop": 3.180686, "log_mass": 5.485342, "log_pop_c": -0.376409, "log_mass_c": -0.449387}, {"country_iso": "LBN", "city_id": 4337, "log_pop": 2.099077, "log_mass": 5.024451, "log_pop_c": -1.458019, "log_mass_c": -0.910278}, {"country_iso": "LBN", "city_id": 4375, "log_pop": 3.116649, "log_mass": 5.348881, "log_pop_c": -0.19491, "log_mass_c": -0.119594}, {"country_iso": "LBN", "city_id": 4337, "log_pop": 2.96426, "log_mass": 5.906799, "log_pop_c": -0.592835, "log_mass_c": -0.02793}, {"country_iso": "LBN", "city_id": 4337, "log_pop": 2.468943, "log_mass": 5.455491, "log_pop_c": -1.088152, "log_mass_c": -0.479238}, {"country_iso": "LBN", "city_id": 4327, "log_pop": 3.748072, "log_mass": 5.934721, "log_pop_c": 0.558301, "log_mass_c": 0.610162}, {"country_iso": "LBN", "city_id": 4337, "log_pop": 2.347552, "log_mass": 4.959264, "log_pop_c": -1.209544, "log_mass_c": -0.975466}, {"country_iso": "LBN", "city_id": 4337, "log_pop": 4.650679, "log_mass": 6.787458, "log_pop_c": 1.093583, "log_mass_c": 0.852729}, {"country_iso": "LBN", "city_id": 4375, "log_pop": 1.904823, "log_mass": 4.654224, "log_pop_c": -1.406736, "log_mass_c": -0.814251}, {"country_iso": "LBN", "city_id": 4361, "log_pop": 1.870549, "log_mass": 4.876731, "log_pop_c": -1.613437, "log_mass_c": -0.831909}, {"country_iso": "LBN", "city_id": 4337, "log_pop": 3.113008, "log_mass": 5.104453, "log_pop_c": -0.444088, "log_mass_c": -0.830276}, {"country_iso": "LBN", "city_id": 4337, "log_pop": 3.182095, "log_mass": 5.53746, "log_pop_c": -0.375001, "log_mass_c": -0.397269}, {"country_iso": "LBN", "city_id": 4361, "log_pop": 2.589657, "log_mass": 4.907102, "log_pop_c": -0.89433, "log_mass_c": -0.801538}, {"country_iso": "LBN", "city_id": 4337, "log_pop": 4.230869, "log_mass": 6.575248, "log_pop_c": 0.673773, "log_mass_c": 0.640519}, {"country_iso": "LBN", "city_id": 4327, "log_pop": 1.92579, "log_mass": 4.217396, "log_pop_c": -1.263982, "log_mass_c": -1.107163}, {"country_iso": "LBN", "city_id": 4327, "log_pop": 3.324267, "log_mass": 5.659094, "log_pop_c": 0.134495, "log_mass_c": 0.334536}, {"country_iso": "LBN", "city_id": 4334, "log_pop": 3.326376, "log_mass": 5.288656, "log_pop_c": 0.04984, "log_mass_c": -0.336715}, {"country_iso": "LBN", "city_id": 4375, "log_pop": 1.460185, "log_mass": 4.39539, "log_pop_c": -1.851374, "log_mass_c": -1.073085}, {"country_iso": "LBN", "city_id": 4337, "log_pop": 2.232244, "log_mass": 5.098268, "log_pop_c": -1.324852, "log_mass_c": -0.836462}, {"country_iso": "LBN", "city_id": 4334, "log_pop": 2.918005, "log_mass": 5.3684, "log_pop_c": -0.358531, "log_mass_c": -0.256971}, {"country_iso": "LBN", "city_id": 4337, "log_pop": 4.025173, "log_mass": 6.317998, "log_pop_c": 0.468077, "log_mass_c": 0.383269}, {"country_iso": "LBN", "city_id": 4327, "log_pop": 3.910408, "log_mass": 5.612531, "log_pop_c": 0.720636, "log_mass_c": 0.287972}, {"country_iso": "LBN", "city_id": 4337, "log_pop": 3.628579, "log_mass": 5.909845, "log_pop_c": 0.071483, "log_mass_c": -0.024885}, {"country_iso": "LBN", "city_id": 4337, "log_pop": 3.714979, "log_mass": 6.048391, "log_pop_c": 0.157884, "log_mass_c": 0.113662}, {"country_iso": "LBN", "city_id": 4337, "log_pop": 1.669982, "log_mass": 4.915493, "log_pop_c": -1.887114, "log_mass_c": -1.019236}, {"country_iso": "LBN", "city_id": 4327, "log_pop": 3.347426, "log_mass": 5.06369, "log_pop_c": 0.157654, "log_mass_c": -0.260869}, {"country_iso": "LBN", "city_id": 4361, "log_pop": 3.553261, "log_mass": 5.723475, "log_pop_c": 0.069275, "log_mass_c": 0.014835}, {"country_iso": "LBN", "city_id": 4334, "log_pop": 3.606912, "log_mass": 5.520173, "log_pop_c": 0.330376, "log_mass_c": -0.105198}, {"country_iso": "LBN", "city_id": 4337, "log_pop": 4.410346, "log_mass": 6.518444, "log_pop_c": 0.85325, "log_mass_c": 0.583715}, {"country_iso": "LBN", "city_id": 4327, "log_pop": 4.021088, "log_mass": 5.916165, "log_pop_c": 0.831317, "log_mass_c": 0.591607}]