[{"country_iso": "TZA", "city_id": 5222, "log_pop": 1.757796, "log_mass": 4.53248, "log_pop_c": -1.815699, "log_mass_c": -1.153874}, {"country_iso": "TZA", "city_id": 4470, "log_pop": 3.636434, "log_mass": 5.489718, "log_pop_c": 0.425674, "log_mass_c": 0.083051}, {"country_iso": "TZA", "city_id": 5222, "log_pop": 5.316518, "log_mass": 6.733694, "log_pop_c": 1.743023, "log_mass_c": 1.047339}, {"country_iso": "TZA", "city_id": 4470, "log_pop": 2.915312, "log_mass": 5.319319, "log_pop_c": -0.295448, "log_mass_c": -0.087348}, {"country_iso": "TZA", "city_id": 5262, "log_pop": 3.586329, "log_mass": 5.840511, "log_pop_c": 0.361924, "log_mass_c": 0.428936}, {"country_iso": "TZA", "city_id": 5249, "log_pop": 1.639487, "log_mass": 3.463521, "log_pop_c": -1.56778, "log_mass_c": -1.874326}, {"country_iso": "TZA", "city_id": 5222, "log_pop": 3.715086, "log_mass": 5.854692, "log_pop_c": 0.141591, "log_mass_c": 0.168337}, {"country_iso": "TZA", "city_id": 4470, "log_pop": 4.053957, "log_mass": 6.18586, "log_pop_c": 0.843197, "log_mass_c": 0.779193}, {"country_iso": "TZA", "city_id": 4498, "log_pop": 4.229933, "log_mass": 6.222364, "log_pop_c": 0.923096, "log_mass_c": 0.684196}, {"country_iso": "TZA", "city_id": 5222, "log_pop": 1.491794, "log_mass": 4.625836, "log_pop_c": -2.081701, "log_mass_c": -1.060518}, {"country_iso": "TZA", "city_id": 5249, "log_pop": 4.351294, "log_mass": 6.305589, "log_pop_c": 1.144026, "log_mass_c": 0.967742}, {"country_iso": "TZA", "city_id": 5222, "log_pop": 2.535042, "log_mass": 5.073629, "log_pop_c": -1.038453, "log_mass_c": -0.612725}, {"country_iso": "TZA", "city_id": 5262, "log_pop": 3.885111, "log_mass": 5.932932, "log_pop_c": 0.660706, "log_mass_c": 0.521356}, {"country_iso": "TZA", "city_id": 5222, "log_pop": 4.676502, "log_mass": 6.452811, "log_pop_c": 1.103007, "log_mass_c": 0.766457}, {"country_iso": "TZA", "city_id": 5222, "log_pop": 3.489179, "log_mass": 5.655998, "log_pop_c": -0.084317, "log_mass_c": -0.030356}, {"country_iso": "TZA", "city_id": 5262, "log_pop": 4.076921, "log_mass": 6.00302, "log_pop_c": 0.852516, "log_mass_c": 0.591444}, {"country_iso": "TZA", "city_id": 5222, "log_pop": 5.068654, "log_mass": 6.624859, "log_pop_c": 1.495159, "log_mass_c": 0.938504}, {"country_iso": "TZA", "city_id": 4455, "log_pop": 4.432502, "log_mass": 6.40645, "log_pop_c": 1.38216, "log_mass_c": 1.030575}, {"country_iso": "TZA", "city_id": 4679, "log_pop": 3.710128, "log_mass": 6.048803, "log_pop_c": 0.265801, "log_mass_c": 0.273915}, {"country_iso": "TZA", "city_id": 4679, "log_pop": 2.464024, "log_mass": 4.797238, "log_pop_c": -0.980303, "log_mass_c": -0.97765}, {"country_iso": "TZA", "city_id": 5222, "log_pop": 4.178166, "log_mass": 6.124431, "log_pop_c": 0.60467, "log_mass_c": 0.438077}, {"country_iso": "TZA", "city_id": 4498, "log_pop": 4.115195, "log_mass": 6.199565, "log_pop_c": 0.808358, "log_mass_c": 0.661397}, {"country_iso": "TZA", "city_id": 4498, "log_pop": 2.01914, "log_mass": 4.478933, "log_pop_c": -1.287698, "log_mass_c": -1.059236}, {"country_iso": "TZA", "city_id": 5222, "log_pop": 4.137053, "log_mass": 6.206131, "log_pop_c": 0.563558, "log_mass_c": 0.519777}, {"country_iso": "TZA", "city_id": 5222, "log_pop": 3.831257, "log_mass": 5.994609, "log_pop_c": 0.257761, "log_mass_c": 0.308255}, {"country_iso": "TZA", "city_id": 4679, "log_pop": 3.629307, "log_mass": 6.036187, "log_pop_c": 0.18498, "log_mass_c": 0.261299}, {"country_iso": "TZA", "city_id": 4498, "log_pop": 4.103675, "log_mass": 6.098762, "log_pop_c": 0.796838, "log_mass_c": 0.560594}, {"country_iso": "TZA", "city_id": 5222, "log_pop": 4.026509, "log_mass": 5.706847, "log_pop_c": 0.453014, "log_mass_c": 0.020493}, {"country_iso": "TZA", "city_id": 4470, "log_pop": 4.493496, "log_mass": 6.116891, "log_pop_c": 1.282736, "log_mass_c": 0.710224}, {"country_iso": "TZA", "city_id": 5222, "log_pop": 4.47685, "log_mass": 6.623393, "log_pop_c": 0.903355, "log_mass_c": 0.937039}, {"country_iso": "TZA", "city_id": 5222, "log_pop": 2.795826, "log_mass": 4.879546, "log_pop_c": -0.77767, "log_mass_c": -0.806808}, {"country_iso": "TZA", "city_id": 4679, "log_pop": 3.711158, "log_mass": 6.007004, "log_pop_c": 0.266831, "log_mass_c": 0.232117}, {"country_iso": "TZA", "city_id": 4120, "log_pop": 1.936542, "log_mass": 4.259071, "log_pop_c": -1.296878, "log_mass_c": -1.092258}, {"country_iso": "TZA", "city_id": 5262, "log_pop": 3.593355, "log_mass": 5.617514, "log_pop_c": 0.36895, "log_mass_c": 0.205938}, {"country_iso": "TZA", "city_id": 5222, "log_pop": 3.387986, "log_mass": 5.506883, "log_pop_c": -0.185509, "log_mass_c": -0.179471}, {"country_iso": "TZA", "city_id": 5222, "log_pop": 2.77682, "log_mass": 5.326806, "log_pop_c": -0.796675, "log_mass_c": -0.359548}, {"country_iso": "TZA", "city_id": 5222, "log_pop": 4.514232, "log_mass": 6.472701, "log_pop_c": 0.940737, "log_mass_c": 0.786346}, {"country_iso": "TZA", "city_id": 5222, "log_pop": 4.921758, "log_mass": 6.528105, "log_pop_c": 1.348263, "log_mass_c": 0.841751}, {"country_iso": "TZA", "city_id": 5222, "log_pop": 4.4724, "log_mass": 6.477865, "log_pop_c": 0.898904, "log_mass_c": 0.791511}, {"country_iso": "TZA", "city_id": 5262, "log_pop": 1.23239, "log_mass": 3.533586, "log_pop_c": -1.992016, "log_mass_c": -1.877989}, {"country_iso": "TZA", "city_id": 5222, "log_pop": 4.198311, "log_mass": 6.019076, "log_pop_c": 0.624816, "log_mass_c": 0.332721}, {"country_iso": "TZA", "city_id": 5222, "log_pop": 4.296443, "log_mass": 6.234092, "log_pop_c": 0.722948, "log_mass_c": 0.547738}, {"country_iso": "TZA", "city_id": 5222, "log_pop": 1.777465, "log_mass": 4.236659, "log_pop_c": -1.79603, "log_mass_c": -1.449695}, {"country_iso": "TZA", "city_id": 5222, "log_pop": 3.375192, "log_mass": 5.452618, "log_pop_c": -0.198303, "log_mass_c": -0.233736}, {"country_iso": "TZA", "city_id": 5249, "log_pop": 3.93974, "log_mass": 5.934777, "log_pop_c": 0.732473, "log_mass_c": 0.59693}, {"country_iso": "TZA", "city_id": 4498, "log_pop": 1.866946, "log_mass": 4.095924, "log_pop_c": -1.439891, "log_mass_c": -1.442245}, {"country_iso": "TZA", "city_id": 4679, "log_pop": 3.557402, "log_mass": 5.903834, "log_pop_c": 0.113076, "log_mass_c": 0.128946}, {"country_iso": "TZA", "city_id": 5222, "log_pop": 2.747154, "log_mass": 4.881426, "log_pop_c": -0.826341, "log_mass_c": -0.804928}, {"country_iso": "TZA", "city_id": 4647, "log_pop": 1.369785, "log_mass": 4.963083, "log_pop_c": -1.194453, "log_mass_c": 0.027199}, {"country_iso": "TZA", "city_id": 4470, "log_pop": 3.515938, "log_mass": 5.618049, "log_pop_c": 0.305178, "log_mass_c": 0.211383}, {"country_iso": "TZA", "city_id": 4470, "log_pop": 3.690127, "log_mass": 5.593947, "log_pop_c": 0.479367, "log_mass_c": 0.18728}, {"country_iso": "TZA", "city_id": 4498, "log_pop": 3.190107, "log_mass": 5.617863, "log_pop_c": -0.116731, "log_mass_c": 0.079694}, {"country_iso": "TZA", "city_id": 5222, "log_pop": 2.093805, "log_mass": 4.858569, "log_pop_c": -1.47969, "log_mass_c": -0.827785}, {"country_iso": "TZA", "city_id": 5222, "log_pop": 4.875836, "log_mass": 6.476201, "log_pop_c": 1.30234, "log_mass_c": 0.789847}, {"country_iso": "TZA", "city_id": 4470, "log_pop": 3.484643, "log_mass": 5.597582, "log_pop_c": 0.273883, "log_mass_c": 0.190915}, {"country_iso": "TZA", "city_id": 4120, "log_pop": 2.841656, "log_mass": 4.986694, "log_pop_c": -0.391764, "log_mass_c": -0.364635}, {"country_iso": "TZA", "city_id": 4498, "log_pop": 3.075844, "log_mass": 5.343503, "log_pop_c": -0.230994, "log_mass_c": -0.194665}, {"country_iso": "TZA", "city_id": 5222, "log_pop": 4.374001, "log_mass": 6.304208, "log_pop_c": 0.800506, "log_mass_c": 0.617854}, {"country_iso": "TZA", "city_id": 4647, "log_pop": 1.545792, "log_mass": 3.994527, "log_pop_c": -1.018447, "log_mass_c": -0.941358}, {"country_iso": "TZA", "city_id": 4455, "log_pop": 2.723705, "log_mass": 5.139968, "log_pop_c": -0.326637, "log_mass_c": -0.235906}, {"country_iso": "TZA", "city_id": 5222, "log_pop": 4.880722, "log_mass": 6.57714, "log_pop_c": 1.307227, "log_mass_c": 0.890786}, {"country_iso": "TZA", "city_id": 5222, "log_pop": 2.355842, "log_mass": 4.760376, "log_pop_c": -1.217654, "log_mass_c": -0.925978}, {"country_iso": "TZA", "city_id": 4120, "log_pop": 2.471667, "log_mass": 4.609189, "log_pop_c": -0.761753, "log_mass_c": -0.742141}, {"country_iso": "TZA", "city_id": 4455, "log_pop": 3.961971, "log_mass": 6.090938, "log_pop_c": 0.911629, "log_mass_c": 0.715063}, {"country_iso": "TZA", "city_id": 5222, "log_pop": 3.607619, "log_mass": 5.78635, "log_pop_c": 0.034124, "log_mass_c": 0.099995}, {"country_iso": "TZA", "city_id": 5222, "log_pop": 4.011463, "log_mass": 5.993295, "log_pop_c": 0.437967, "log_mass_c": 0.306941}, {"country_iso": "TZA", "city_id": 5262, "log_pop": 3.730082, "log_mass": 5.534556, "log_pop_c": 0.505677, "log_mass_c": 0.12298}, {"country_iso": "TZA", "city_id": 5222, "log_pop": 4.146354, "log_mass": 6.256944, "log_pop_c": 0.572858, "log_mass_c": 0.57059}, {"country_iso": "TZA", "city_id": 5249, "log_pop": 4.465436, "log_mass": 6.352518, "log_pop_c": 1.258169, "log_mass_c": 1.014671}, {"country_iso": "TZA", "city_id": 5222, "log_pop": 4.106572, "log_mass": 6.008996, "log_pop_c": 0.533076, "log_mass_c": 0.322641}, {"country_iso": "TZA", "city_id": 5222, "log_pop": 3.899353, "log_mass": 6.137947, "log_pop_c": 0.325858, "log_mass_c": 0.451592}, {"country_iso": "TZA", "city_id": 5222, "log_pop": 3.69156, "log_mass": 5.907241, "log_pop_c": 0.118065, "log_mass_c": 0.220886}, {"country_iso": "TZA", "city_id": 4498, "log_pop": 0.715274, "log_mass": 3.741285, "log_pop_c": -2.591563, "log_mass_c": -1.796884}, {"country_iso": "TZA", "city_id": 5262, "log_pop": 1.441264, "log_mass": 4.011281, "log_pop_c": -1.783141, "log_mass_c": -1.400295}, {"country_iso": "TZA", "city_id": 4470, "log_pop": 2.276491, "log_mass": 4.821622, "log_pop_c": -0.934269, "log_mass_c": -0.585044}, {"country_iso": "TZA", "city_id": 5222, "log_pop": 3.889627, "log_mass": 6.116979, "log_pop_c": 0.316131, "log_mass_c": 0.430625}, {"country_iso": "TZA", "city_id": 4679, "log_pop": 3.976953, "log_mass": 6.137051, "log_pop_c": 0.532626, "log_mass_c": 0.362163}, {"country_iso": "TZA", "city_id": 4679, "log_pop": 3.279493, "log_mass": 5.821954, "log_pop_c": -0.164833, "log_mass_c": 0.047066}, {"country_iso": "TZA", "city_id": 4455, "log_pop": 3.066142, "log_mass": 5.258091, "log_pop_c": 0.0158, "log_mass_c": -0.117783}, {"country_iso": "TZA", "city_id": 5222, "log_pop": 3.087729, "log_mass": 5.00479, "log_pop_c": -0.485766, "log_mass_c": -0.681565}, {"country_iso": "TZA", "city_id": 5222, "log_pop": 4.19443, "log_mass": 6.142648, "log_pop_c": 0.620935, "log_mass_c": 0.456294}, {"country_iso": "TZA", "city_id": 4470, "log_pop": 3.382428, "log_mass": 5.774661, "log_pop_c": 0.171668, "log_mass_c": 0.367994}, {"country_iso": "TZA", "city_id": 5222, "log_pop": 4.939408, "log_mass": 6.471564, "log_pop_c": 1.365912, "log_mass_c": 0.78521}, {"country_iso": "TZA", "city_id": 5222, "log_pop": 2.729971, "log_mass": 4.876941, "log_pop_c": -0.843525, "log_mass_c": -0.809413}, {"country_iso": "TZA", "city_id": 5222, "log_pop": 3.204726, "log_mass": 5.360371, "log_pop_c": -0.368769, "log_mass_c": -0.325983}, {"country_iso": "TZA", "city_id": 5222, "log_pop": 1.529107, "log_mass": 3.982969, "log_pop_c": -2.044389, "log_mass_c": -1.703386}, {"country_iso": "TZA", "city_id": 4498, "log_pop": 1.716288, "log_mass": 4.240048, "log_pop_c": -1.590549, "log_mass_c": -1.29812}, {"country_iso": "TZA", "city_id": 5222, "log_pop": 3.370313, "log_mass": 5.600272, "log_pop_c": -0.203182, "log_mass_c": -0.086082}, {"country_iso": "TZA", "city_id": 5222, "log_pop": 3.408768, "log_mass": 5.648257, "log_pop_c": -0.164728, "log_mass_c": -0.038097}, {"country_iso": "TZA", "city_id": 5222, "log_pop": 1.738372, "log_mass": 4.403051, "log_pop_c": -1.835123, "log_mass_c": -1.283303}, {"country_iso": "TZA", "city_id": 5222, "log_pop": 3.388196, "log_mass": 5.681323, "log_pop_c": -0.185299, "log_mass_c": -0.005031}, {"country_iso": "TZA", "city_id": 5222, "log_pop": 4.979615, "log_mass": 6.766692, "log_pop_c": 1.406119, "log_mass_c": 1.080337}, {"country_iso": "TZA", "city_id": 5222, "log_pop": 3.502415, "log_mass": 5.872688, "log_pop_c": -0.07108, "log_mass_c": 0.186333}, {"country_iso": "TZA", "city_id": 5222, "log_pop": 3.897837, "log_mass": 6.0122, "log_pop_c": 0.324342, "log_mass_c": 0.325845}, {"country_iso": "TZA", "city_id": 5249, "log_pop": 1.284732, "log_mass": 4.043558, "log_pop_c": -1.922536, "log_mass_c": -1.294289}, {"country_iso": "TZA", "city_id": 5222, "log_pop": 2.610936, "log_mass": 5.146959, "log_pop_c": -0.962559, "log_mass_c": -0.539395}, {"country_iso": "TZA", "city_id": 5222, "log_pop": 2.288838, "log_mass": 4.846007, "log_pop_c": -1.284658, "log_mass_c": -0.840347}, {"country_iso": "TZA", "city_id": 5222, "log_pop": 3.113671, "log_mass": 5.513792, "log_pop_c": -0.459824, "log_mass_c": -0.172562}, {"country_iso": "TZA", "city_id": 5222, "log_pop": 2.761029, "log_mass": 5.188053, "log_pop_c": -0.812466, "log_mass_c": -0.498302}, {"country_iso": "TZA", "city_id": 4470, "log_pop": 4.141111, "log_mass": 5.859058, "log_pop_c": 0.93035, "log_mass_c": 0.452391}, {"country_iso": "TZA", "city_id": 5262, "log_pop": 0.981588, "log_mass": 3.841435, "log_pop_c": -2.242817, "log_mass_c": -1.570141}, {"country_iso": "TZA", "city_id": 5222, "log_pop": 4.05285, "log_mass": 6.149317, "log_pop_c": 0.479354, "log_mass_c": 0.462962}, {"country_iso": "TZA", "city_id": 5222, "log_pop": 5.062686, "log_mass": 6.620698, "log_pop_c": 1.489191, "log_mass_c": 0.934344}, {"country_iso": "TZA", "city_id": 4647, "log_pop": 2.790254, "log_mass": 5.064273, "log_pop_c": 0.226015, "log_mass_c": 0.128388}, {"country_iso": "TZA", "city_id": 4498, "log_pop": 3.75504, "log_mass": 5.916317, "log_pop_c": 0.448203, "log_mass_c": 0.378149}, {"country_iso": "TZA", "city_id": 5222, "log_pop": 4.051248, "log_mass": 6.272689, "log_pop_c": 0.477752, "log_mass_c": 0.586335}, {"country_iso": "TZA", "city_id": 5222, "log_pop": 4.242797, "log_mass": 6.450827, "log_pop_c": 0.669301, "log_mass_c": 0.764473}, {"country_iso": "TZA", "city_id": 5222, "log_pop": 4.142447, "log_mass": 6.187605, "log_pop_c": 0.568952, "log_mass_c": 0.50125}, {"country_iso": "TZA", "city_id": 5222, "log_pop": 3.400346, "log_mass": 5.599121, "log_pop_c": -0.17315, "log_mass_c": -0.087233}, {"country_iso": "TZA", "city_id": 5222, "log_pop": 3.188728, "log_mass": 5.282423, "log_pop_c": -0.384767, "log_mass_c": -0.403931}, {"country_iso": "TZA", "city_id": 5222, "log_pop": 2.98186, "log_mass": 5.223299, "log_pop_c": -0.591635, "log_mass_c": -0.463055}, {"country_iso": "TZA", "city_id": 4470, "log_pop": 4.147105, "log_mass": 5.951242, "log_pop_c": 0.936345, "log_mass_c": 0.544575}, {"country_iso": "TZA", "city_id": 4647, "log_pop": 2.417532, "log_mass": 4.538479, "log_pop_c": -0.146707, "log_mass_c": -0.397406}, {"country_iso": "TZA", "city_id": 5222, "log_pop": 3.175079, "log_mass": 5.523846, "log_pop_c": -0.398416, "log_mass_c": -0.162509}, {"country_iso": "TZA", "city_id": 5222, "log_pop": 4.45738, "log_mass": 6.403995, "log_pop_c": 0.883885, "log_mass_c": 0.717641}, {"country_iso": "TZA", "city_id": 5222, "log_pop": 2.757802, "log_mass": 5.470283, "log_pop_c": -0.815694, "log_mass_c": -0.216071}, {"country_iso": "TZA", "city_id": 5222, "log_pop": 4.344835, "log_mass": 6.263426, "log_pop_c": 0.771339, "log_mass_c": 0.577071}, {"country_iso": "TZA", "city_id": 5222, "log_pop": 4.083767, "log_mass": 6.076839, "log_pop_c": 0.510271, "log_mass_c": 0.390485}, {"country_iso": "TZA", "city_id": 5222, "log_pop": 4.906686, "log_mass": 6.545525, "log_pop_c": 1.333191, "log_mass_c": 0.859171}, {"country_iso": "TZA", "city_id": 4498, "log_pop": 2.601269, "log_mass": 5.187033, "log_pop_c": -0.705569, "log_mass_c": -0.351135}, {"country_iso": "TZA", "city_id": 4679, "log_pop": 1.854539, "log_mass": 4.505452, "log_pop_c": -1.589788, "log_mass_c": -1.269436}, {"country_iso": "TZA", "city_id": 4120, "log_pop": 3.217793, "log_mass": 5.661364, "log_pop_c": -0.015627, "log_mass_c": 0.310035}, {"country_iso": "TZA", "city_id": 4679, "log_pop": 4.544393, "log_mass": 6.520397, "log_pop_c": 1.100067, "log_mass_c": 0.74551}, {"country_iso": "TZA", "city_id": 5222, "log_pop": 2.300578, "log_mass": 4.991305, "log_pop_c": -1.272917, "log_mass_c": -0.69505}, {"country_iso": "TZA", "city_id": 4470, "log_pop": 2.518805, "log_mass": 5.325358, "log_pop_c": -0.691955, "log_mass_c": -0.081309}, {"country_iso": "TZA", "city_id": 4120, "log_pop": 2.288024, "log_mass": 4.505835, "log_pop_c": -0.945396, "log_mass_c": -0.845494}, {"country_iso": "TZA", "city_id": 5262, "log_pop": 1.472956, "log_mass": 4.955887, "log_pop_c": -1.75145, "log_mass_c": -0.455689}, {"country_iso": "TZA", "city_id": 5222, "log_pop": 5.059201, "log_mass": 6.664248, "log_pop_c": 1.485706, "log_mass_c": 0.977894}, {"country_iso": "TZA", "city_id": 4647, "log_pop": 3.766957, "log_mass": 5.581446, "log_pop_c": 1.202719, "log_mass_c": 0.645561}, {"country_iso": "TZA", "city_id": 4120, "log_pop": 3.504834, "log_mass": 5.336173, "log_pop_c": 0.271413, "log_mass_c": -0.015156}, {"country_iso": "TZA", "city_id": 5222, "log_pop": 2.825114, "log_mass": 5.09763, "log_pop_c": -0.748381, "log_mass_c": -0.588724}, {"country_iso": "TZA", "city_id": 5262, "log_pop": 3.459196, "log_mass": 5.573515, "log_pop_c": 0.23479, "log_mass_c": 0.16194}, {"country_iso": "TZA", "city_id": 4470, "log_pop": 4.20461, "log_mass": 6.088476, "log_pop_c": 0.99385, "log_mass_c": 0.68181}, {"country_iso": "TZA", "city_id": 5222, "log_pop": 3.566644, "log_mass": 5.817318, "log_pop_c": -0.006852, "log_mass_c": 0.130964}, {"country_iso": "TZA", "city_id": 5222, "log_pop": 2.127473, "log_mass": 4.412638, "log_pop_c": -1.446023, "log_mass_c": -1.273717}, {"country_iso": "TZA", "city_id": 5222, "log_pop": 4.769179, "log_mass": 6.468928, "log_pop_c": 1.195683, "log_mass_c": 0.782574}, {"country_iso": "TZA", "city_id": 5222, "log_pop": 2.824021, "log_mass": 5.35461, "log_pop_c": -0.749474, "log_mass_c": -0.331745}, {"country_iso": "TZA", "city_id": 5222, "log_pop": 4.023345, "log_mass": 5.998382, "log_pop_c": 0.44985, "log_mass_c": 0.312028}, {"country_iso": "TZA", "city_id": 4679, "log_pop": 2.313805, "log_mass": 4.899323, "log_pop_c": -1.130521, "log_mass_c": -0.875565}, {"country_iso": "TZA", "city_id": 4679, "log_pop": 2.824373, "log_mass": 5.263783, "log_pop_c": -0.619953, "log_mass_c": -0.511105}, {"country_iso": "TZA", "city_id": 5222, "log_pop": 4.147558, "log_mass": 6.0704, "log_pop_c": 0.574062, "log_mass_c": 0.384046}, {"country_iso": "TZA", "city_id": 5222, "log_pop": 4.742265, "log_mass": 6.433824, "log_pop_c": 1.16877, "log_mass_c": 0.74747}, {"country_iso": "TZA", "city_id": 5222, "log_pop": 4.838123, "log_mass": 6.656948, "log_pop_c": 1.264628, "log_mass_c": 0.970593}, {"country_iso": "TZA", "city_id": 5249, "log_pop": 4.07106, "log_mass": 6.131644, "log_pop_c": 0.863792, "log_mass_c": 0.793797}, {"country_iso": "TZA", "city_id": 5222, "log_pop": 3.947549, "log_mass": 6.057815, "log_pop_c": 0.374054, "log_mass_c": 0.37146}, {"country_iso": "TZA", "city_id": 5222, "log_pop": 3.711126, "log_mass": 5.795564, "log_pop_c": 0.13763, "log_mass_c": 0.109209}, {"country_iso": "TZA", "city_id": 5222, "log_pop": 3.941252, "log_mass": 5.888375, "log_pop_c": 0.367756, "log_mass_c": 0.202021}, {"country_iso": "TZA", "city_id": 5222, "log_pop": 2.574508, "log_mass": 4.759713, "log_pop_c": -0.998987, "log_mass_c": -0.926641}, {"country_iso": "TZA", "city_id": 4120, "log_pop": 3.943013, "log_mass": 5.786704, "log_pop_c": 0.709593, "log_mass_c": 0.435375}, {"country_iso": "TZA", "city_id": 4498, "log_pop": 3.505918, "log_mass": 5.662497, "log_pop_c": 0.19908, "log_mass_c": 0.124329}, {"country_iso": "TZA", "city_id": 5222, "log_pop": 5.17124, "log_mass": 6.639567, "log_pop_c": 1.597745, "log_mass_c": 0.953213}, {"country_iso": "TZA", "city_id": 5222, "log_pop": 3.627528, "log_mass": 5.911655, "log_pop_c": 0.054033, "log_mass_c": 0.225301}, {"country_iso": "TZA", "city_id": 5222, "log_pop": 1.122202, "log_mass": 3.671824, "log_pop_c": -2.451294, "log_mass_c": -2.014531}, {"country_iso": "TZA", "city_id": 5222, "log_pop": 4.580903, "log_mass": 6.376515, "log_pop_c": 1.007408, "log_mass_c": 0.69016}, {"country_iso": "TZA", "city_id": 4470, "log_pop": 2.653809, "log_mass": 5.119584, "log_pop_c": -0.556951, "log_mass_c": -0.287083}, {"country_iso": "TZA", "city_id": 5222, "log_pop": 4.927106, "log_mass": 6.600491, "log_pop_c": 1.35361, "log_mass_c": 0.914137}, {"country_iso": "TZA", "city_id": 5222, "log_pop": 3.288072, "log_mass": 5.288808, "log_pop_c": -0.285424, "log_mass_c": -0.397547}, {"country_iso": "TZA", "city_id": 4120, "log_pop": 2.815731, "log_mass": 4.961564, "log_pop_c": -0.417689, "log_mass_c": -0.389765}, {"country_iso": "TZA", "city_id": 5222, "log_pop": 3.65789, "log_mass": 5.786502, "log_pop_c": 0.084394, "log_mass_c": 0.100148}, {"country_iso": "TZA", "city_id": 4455, "log_pop": 1.192586, "log_mass": 4.438073, "log_pop_c": -1.857756, "log_mass_c": -0.937801}, {"country_iso": "TZA", "city_id": 4470, "log_pop": 3.837851, "log_mass": 5.770952, "log_pop_c": 0.627091, "log_mass_c": 0.364285}, {"country_iso": "TZA", "city_id": 5222, "log_pop": 2.892521, "log_mass": 5.062733, "log_pop_c": -0.680974, "log_mass_c": -0.623621}, {"country_iso": "TZA", "city_id": 4120, "log_pop": 3.804794, "log_mass": 6.09659, "log_pop_c": 0.571373, "log_mass_c": 0.74526}, {"country_iso": "TZA", "city_id": 5222, "log_pop": 4.571528, "log_mass": 6.164013, "log_pop_c": 0.998032, "log_mass_c": 0.477659}, {"country_iso": "TZA", "city_id": 4470, "log_pop": 4.795807, "log_mass": 6.502923, "log_pop_c": 1.585047, "log_mass_c": 1.096256}, {"country_iso": "TZA", "city_id": 5222, "log_pop": 3.967174, "log_mass": 5.984137, "log_pop_c": 0.393679, "log_mass_c": 0.297783}, {"country_iso": "TZA", "city_id": 5222, "log_pop": 2.928634, "log_mass": 5.318467, "log_pop_c": -0.644862, "log_mass_c": -0.367887}, {"country_iso": "TZA", "city_id": 5262, "log_pop": 4.009251, "log_mass": 6.095844, "log_pop_c": 0.784846, "log_mass_c": 0.684268}, {"country_iso": "TZA", "city_id": 5222, "log_pop": 3.13986, "log_mass": 5.30504, "log_pop_c": -0.433636, "log_mass_c": -0.381315}, {"country_iso": "TZA", "city_id": 5222, "log_pop": 3.080409, "log_mass": 5.278813, "log_pop_c": -0.493086, "log_mass_c": -0.407541}, {"country_iso": "TZA", "city_id": 4455, "log_pop": 0.990876, "log_mass": 3.571433, "log_pop_c": -2.059466, "log_mass_c": -1.804442}, {"country_iso": "TZA", "city_id": 5222, "log_pop": 3.553301, "log_mass": 5.771813, "log_pop_c": -0.020194, "log_mass_c": 0.085459}, {"country_iso": "TZA", "city_id": 4470, "log_pop": 2.668767, "log_mass": 5.131314, "log_pop_c": -0.541993, "log_mass_c": -0.275353}, {"country_iso": "TZA", "city_id": 5262, "log_pop": 1.308261, "log_mass": 3.683699, "log_pop_c": -1.916145, "log_mass_c": -1.727877}, {"country_iso": "TZA", "city_id": 5222, "log_pop": 2.989156, "log_mass": 5.239197, "log_pop_c": -0.58434, "log_mass_c": -0.447157}, {"country_iso": "TZA", "city_id": 4120, "log_pop": 3.029211, "log_mass": 5.403822, "log_pop_c": -0.204209, "log_mass_c": 0.052493}, {"country_iso": "TZA", "city_id": 4470, "log_pop": 2.370162, "log_mass": 4.584703, "log_pop_c": -0.840598, "log_mass_c": -0.821964}, {"country_iso": "TZA", "city_id": 5262, "log_pop": 0.895441, "log_mass": 4.539288, "log_pop_c": -2.328965, "log_mass_c": -0.872287}, {"country_iso": "TZA", "city_id": 5222, "log_pop": 4.16812, "log_mass": 6.046783, "log_pop_c": 0.594625, "log_mass_c": 0.360429}, {"country_iso": "TZA", "city_id": 4470, "log_pop": 4.550461, "log_mass": 6.285655, "log_pop_c": 1.339701, "log_mass_c": 0.878988}, {"country_iso": "TZA", "city_id": 5222, "log_pop": 2.406104, "log_mass": 4.518896, "log_pop_c": -1.167392, "log_mass_c": -1.167458}, {"country_iso": "TZA", "city_id": 5222, "log_pop": 3.530716, "log_mass": 5.780969, "log_pop_c": -0.042779, "log_mass_c": 0.094615}, {"country_iso": "TZA", "city_id": 4647, "log_pop": 1.177461, "log_mass": 4.041736, "log_pop_c": -1.386777, "log_mass_c": -0.894149}, {"country_iso": "TZA", "city_id": 5222, "log_pop": 2.932973, "log_mass": 5.029415, "log_pop_c": -0.640523, "log_mass_c": -0.656939}, {"country_iso": "TZA", "city_id": 4470, "log_pop": 0.970354, "log_mass": 4.159559, "log_pop_c": -2.240406, "log_mass_c": -1.247108}, {"country_iso": "TZA", "city_id": 5249, "log_pop": 1.472547, "log_mass": 4.09913, "log_pop_c": -1.734721, "log_mass_c": -1.238717}, {"country_iso": "TZA", "city_id": 4498, "log_pop": 4.774912, "log_mass": 6.609638, "log_pop_c": 1.468074, "log_mass_c": 1.07147}, {"country_iso": "TZA", "city_id": 4679, "log_pop": 3.498424, "log_mass": 5.795224, "log_pop_c": 0.054098, "log_mass_c": 0.020336}, {"country_iso": "TZA", "city_id": 5222, "log_pop": 3.91084, "log_mass": 5.916108, "log_pop_c": 0.337345, "log_mass_c": 0.229753}, {"country_iso": "TZA", "city_id": 4498, "log_pop": 4.270326, "log_mass": 6.301334, "log_pop_c": 0.963488, "log_mass_c": 0.763166}, {"country_iso": "TZA", "city_id": 5222, "log_pop": 2.60726, "log_mass": 4.896175, "log_pop_c": -0.966236, "log_mass_c": -0.790179}, {"country_iso": "TZA", "city_id": 5222, "log_pop": 3.936356, "log_mass": 5.985391, "log_pop_c": 0.362861, "log_mass_c": 0.299037}, {"country_iso": "TZA", "city_id": 5222, "log_pop": 0.950451, "log_mass": 3.650784, "log_pop_c": -2.623044, "log_mass_c": -2.03557}, {"country_iso": "TZA", "city_id": 5262, "log_pop": 3.289547, "log_mass": 5.32932, "log_pop_c": 0.065141, "log_mass_c": -0.082256}, {"country_iso": "TZA", "city_id": 5262, "log_pop": 4.579541, "log_mass": 6.380308, "log_pop_c": 1.355136, "log_mass_c": 0.968732}, {"country_iso": "TZA", "city_id": 5222, "log_pop": 3.424048, "log_mass": 5.581364, "log_pop_c": -0.149448, "log_mass_c": -0.10499}, {"country_iso": "TZA", "city_id": 4498, "log_pop": 3.821953, "log_mass": 5.942158, "log_pop_c": 0.515116, "log_mass_c": 0.403989}, {"country_iso": "TZA", "city_id": 4470, "log_pop": 2.203531, "log_mass": 4.630076, "log_pop_c": -1.007229, "log_mass_c": -0.776591}, {"country_iso": "TZA", "city_id": 4470, "log_pop": 2.246163, "log_mass": 4.749591, "log_pop_c": -0.964597, "log_mass_c": -0.657076}, {"country_iso": "TZA", "city_id": 5249, "log_pop": 2.795294, "log_mass": 4.965997, "log_pop_c": -0.411974, "log_mass_c": -0.37185}, {"country_iso": "TZA", "city_id": 4647, "log_pop": 3.780085, "log_mass": 5.680071, "log_pop_c": 1.215846, "log_mass_c": 0.744186}, {"country_iso": "TZA", "city_id": 4120, "log_pop": 2.670793, "log_mass": 5.029301, "log_pop_c": -0.562627, "log_mass_c": -0.322028}, {"country_iso": "TZA", "city_id": 4679, "log_pop": 3.940183, "log_mass": 6.244478, "log_pop_c": 0.495857, "log_mass_c": 0.46959}, {"country_iso": "TZA", "city_id": 5222, "log_pop": 4.106766, "log_mass": 6.149978, "log_pop_c": 0.53327, "log_mass_c": 0.463623}, {"country_iso": "TZA", "city_id": 4470, "log_pop": 3.951347, "log_mass": 5.85803, "log_pop_c": 0.740587, "log_mass_c": 0.451363}, {"country_iso": "TZA", "city_id": 5249, "log_pop": 3.578032, "log_mass": 5.608542, "log_pop_c": 0.370765, "log_mass_c": 0.270695}, {"country_iso": "TZA", "city_id": 5222, "log_pop": 4.650008, "log_mass": 6.677735, "log_pop_c": 1.076513, "log_mass_c": 0.99138}, {"country_iso": "TZA", "city_id": 5222, "log_pop": 3.704172, "log_mass": 5.921559, "log_pop_c": 0.130677, "log_mass_c": 0.235204}, {"country_iso": "TZA", "city_id": 4120, "log_pop": 4.356685, "log_mass": 6.265457, "log_pop_c": 1.123264, "log_mass_c": 0.914128}, {"country_iso": "TZA", "city_id": 5222, "log_pop": 3.80741, "log_mass": 5.911105, "log_pop_c": 0.233914, "log_mass_c": 0.224751}, {"country_iso": "TZA", "city_id": 4470, "log_pop": 3.896723, "log_mass": 5.908846, "log_pop_c": 0.685963, "log_mass_c": 0.502179}, {"country_iso": "TZA", "city_id": 4498, "log_pop": 2.93603, "log_mass": 5.322161, "log_pop_c": -0.370808, "log_mass_c": -0.216007}, {"country_iso": "TZA", "city_id": 5222, "log_pop": 3.088693, "log_mass": 5.109198, "log_pop_c": -0.484802, "log_mass_c": -0.577157}, {"country_iso": "TZA", "city_id": 5262, "log_pop": 2.848686, "log_mass": 5.090454, "log_pop_c": -0.375719, "log_mass_c": -0.321121}, {"country_iso": "TZA", "city_id": 5222, "log_pop": 2.444651, "log_mass": 4.541769, "log_pop_c": -1.128844, "log_mass_c": -1.144586}, {"country_iso": "TZA", "city_id": 5222, "log_pop": 4.732299, "log_mass": 6.605331, "log_pop_c": 1.158803, "log_mass_c": 0.918977}, {"country_iso": "TZA", "city_id": 4647, "log_pop": 0.971629, "log_mass": 3.091268, "log_pop_c": -1.592609, "log_mass_c": -1.844617}, {"country_iso": "TZA", "city_id": 5249, "log_pop": 3.172369, "log_mass": 5.380609, "log_pop_c": -0.034899, "log_mass_c": 0.042761}, {"country_iso": "TZA", "city_id": 5222, "log_pop": 3.429183, "log_mass": 5.563447, "log_pop_c": -0.144312, "log_mass_c": -0.122907}, {"country_iso": "TZA", "city_id": 4498, "log_pop": 2.268217, "log_mass": 4.560291, "log_pop_c": -1.03862, "log_mass_c": -0.977877}, {"country_iso": "TZA", "city_id": 5222, "log_pop": 1.663037, "log_mass": 4.500462, "log_pop_c": -1.910458, "log_mass_c": -1.185892}, {"country_iso": "TZA", "city_id": 5262, "log_pop": 3.22241, "log_mass": 5.142308, "log_pop_c": -0.001995, "log_mass_c": -0.269267}, {"country_iso": "TZA", "city_id": 4470, "log_pop": 4.437899, "log_mass": 6.291661, "log_pop_c": 1.227139, "log_mass_c": 0.884994}, {"country_iso": "TZA", "city_id": 5222, "log_pop": 1.397762, "log_mass": 3.880652, "log_pop_c": -2.175734, "log_mass_c": -1.805703}, {"country_iso": "TZA", "city_id": 5262, "log_pop": 2.211405, "log_mass": 4.887529, "log_pop_c": -1.013, "log_mass_c": -0.524047}, {"country_iso": "TZA", "city_id": 5222, "log_pop": 5.077575, "log_mass": 6.679296, "log_pop_c": 1.50408, "log_mass_c": 0.992942}, {"country_iso": "TZA", "city_id": 4679, "log_pop": 4.47469, "log_mass": 6.495546, "log_pop_c": 1.030363, "log_mass_c": 0.720658}, {"country_iso": "TZA", "city_id": 4470, "log_pop": 0.866173, "log_mass": 3.544264, "log_pop_c": -2.344587, "log_mass_c": -1.862403}, {"country_iso": "TZA", "city_id": 5222, "log_pop": 2.736838, "log_mass": 4.940824, "log_pop_c": -0.836658, "log_mass_c": -0.745531}, {"country_iso": "TZA", "city_id": 5222, "log_pop": 3.917908, "log_mass": 5.939398, "log_pop_c": 0.344412, "log_mass_c": 0.253044}, {"country_iso": "TZA", "city_id": 4498, "log_pop": 4.340664, "log_mass": 6.398364, "log_pop_c": 1.033827, "log_mass_c": 0.860196}, {"country_iso": "TZA", "city_id": 5222, "log_pop": 5.030059, "log_mass": 6.597875, "log_pop_c": 1.456564, "log_mass_c": 0.91152}, {"country_iso": "TZA", "city_id": 5222, "log_pop": 4.885357, "log_mass": 6.535122, "log_pop_c": 1.311861, "log_mass_c": 0.848768}, {"country_iso": "TZA", "city_id": 4120, "log_pop": 3.13929, "log_mass": 5.343685, "log_pop_c": -0.09413, "log_mass_c": -0.007644}, {"country_iso": "TZA", "city_id": 4120, "log_pop": 3.232865, "log_mass": 5.061514, "log_pop_c": -0.000555, "log_mass_c": -0.289815}, {"country_iso": "TZA", "city_id": 5262, "log_pop": 4.163603, "log_mass": 6.058856, "log_pop_c": 0.939197, "log_mass_c": 0.64728}, {"country_iso": "TZA", "city_id": 4470, "log_pop": 3.569146, "log_mass": 5.720749, "log_pop_c": 0.358386, "log_mass_c": 0.314082}, {"country_iso": "TZA", "city_id": 4647, "log_pop": 4.128346, "log_mass": 5.953377, "log_pop_c": 1.564107, "log_mass_c": 1.017492}, {"country_iso": "TZA", "city_id": 4498, "log_pop": 3.774474, "log_mass": 5.884107, "log_pop_c": 0.467637, "log_mass_c": 0.345938}, {"country_iso": "TZA", "city_id": 4120, "log_pop": 3.883954, "log_mass": 6.051646, "log_pop_c": 0.650533, "log_mass_c": 0.700317}, {"country_iso": "TZA", "city_id": 5222, "log_pop": 1.845636, "log_mass": 4.196089, "log_pop_c": -1.72786, "log_mass_c": -1.490265}, {"country_iso": "TZA", "city_id": 5262, "log_pop": 4.790118, "log_mass": 6.540676, "log_pop_c": 1.565713, "log_mass_c": 1.1291}, {"country_iso": "TZA", "city_id": 5222, "log_pop": 4.961857, "log_mass": 6.568763, "log_pop_c": 1.388361, "log_mass_c": 0.882409}, {"country_iso": "TZA", "city_id": 4498, "log_pop": 3.334248, "log_mass": 5.499099, "log_pop_c": 0.027411, "log_mass_c": -0.039069}, {"country_iso": "TZA", "city_id": 4470, "log_pop": 3.47709, "log_mass": 5.519151, "log_pop_c": 0.26633, "log_mass_c": 0.112484}, {"country_iso": "TZA", "city_id": 4679, "log_pop": 3.362971, "log_mass": 5.732733, "log_pop_c": -0.081355, "log_mass_c": -0.042155}, {"country_iso": "TZA", "city_id": 4120, "log_pop": 2.773349, "log_mass": 4.772359, "log_pop_c": -0.460072, "log_mass_c": -0.578971}, {"country_iso": "TZA", "city_id": 5222, "log_pop": 3.164731, "log_mass": 5.479799, "log_pop_c": -0.408764, "log_mass_c": -0.206555}, {"country_iso": "TZA", "city_id": 5262, "log_pop": 4.913859, "log_mass": 6.51927, "log_pop_c": 1.689454, "log_mass_c": 1.107694}, {"country_iso": "TZA", "city_id": 4470, "log_pop": 3.187367, "log_mass": 5.352525, "log_pop_c": -0.023393, "log_mass_c": -0.054142}, {"country_iso": "TZA", "city_id": 5222, "log_pop": 2.332625, "log_mass": 4.592596, "log_pop_c": -1.240871, "log_mass_c": -1.093758}, {"country_iso": "TZA", "city_id": 4455, "log_pop": 3.229224, "log_mass": 5.430039, "log_pop_c": 0.178882, "log_mass_c": 0.054164}, {"country_iso": "TZA", "city_id": 4470, "log_pop": 4.197866, "log_mass": 6.189082, "log_pop_c": 0.987106, "log_mass_c": 0.782415}, {"country_iso": "TZA", "city_id": 4498, "log_pop": 3.907734, "log_mass": 6.026313, "log_pop_c": 0.600896, "log_mass_c": 0.488144}, {"country_iso": "TZA", "city_id": 5249, "log_pop": 3.040328, "log_mass": 5.294634, "log_pop_c": -0.166939, "log_mass_c": -0.043213}, {"country_iso": "TZA", "city_id": 5222, "log_pop": 4.172805, "log_mass": 6.42692, "log_pop_c": 0.599309, "log_mass_c": 0.740566}, {"country_iso": "TZA", "city_id": 5262, "log_pop": 3.416716, "log_mass": 5.553715, "log_pop_c": 0.192311, "log_mass_c": 0.142139}, {"country_iso": "TZA", "city_id": 5249, "log_pop": 4.676892, "log_mass": 6.473645, "log_pop_c": 1.469625, "log_mass_c": 1.135798}, {"country_iso": "TZA", "city_id": 5262, "log_pop": 4.310535, "log_mass": 6.102817, "log_pop_c": 1.08613, "log_mass_c": 0.691241}, {"country_iso": "TZA", "city_id": 5222, "log_pop": 3.811758, "log_mass": 5.85268, "log_pop_c": 0.238262, "log_mass_c": 0.166326}, {"country_iso": "TZA", "city_id": 4120, "log_pop": 4.381942, "log_mass": 6.336012, "log_pop_c": 1.148521, "log_mass_c": 0.984683}, {"country_iso": "TZA", "city_id": 5222, "log_pop": 4.226343, "log_mass": 6.251359, "log_pop_c": 0.652848, "log_mass_c": 0.565005}, {"country_iso": "TZA", "city_id": 5222, "log_pop": 4.385505, "log_mass": 6.346931, "log_pop_c": 0.812009, "log_mass_c": 0.660577}, {"country_iso": "TZA", "city_id": 5262, "log_pop": 3.318649, "log_mass": 5.678114, "log_pop_c": 0.094243, "log_mass_c": 0.266538}, {"country_iso": "TZA", "city_id": 4498, "log_pop": 3.319655, "log_mass": 5.60914, "log_pop_c": 0.012818, "log_mass_c": 0.070972}, {"country_iso": "TZA", "city_id": 4470, "log_pop": 1.480618, "log_mass": 4.361154, "log_pop_c": -1.730142, "log_mass_c": -1.045513}, {"country_iso": "TZA", "city_id": 5222, "log_pop": 3.831927, "log_mass": 5.951761, "log_pop_c": 0.258432, "log_mass_c": 0.265407}, {"country_iso": "TZA", "city_id": 5222, "log_pop": 4.077338, "log_mass": 5.917112, "log_pop_c": 0.503842, "log_mass_c": 0.230758}, {"country_iso": "TZA", "city_id": 5222, "log_pop": 3.873402, "log_mass": 5.805197, "log_pop_c": 0.299906, "log_mass_c": 0.118843}, {"country_iso": "TZA", "city_id": 4647, "log_pop": 3.35179, "log_mass": 5.467786, "log_pop_c": 0.787552, "log_mass_c": 0.531901}, {"country_iso": "TZA", "city_id": 5222, "log_pop": 2.676691, "log_mass": 4.711959, "log_pop_c": -0.896804, "log_mass_c": -0.974395}, {"country_iso": "TZA", "city_id": 4647, "log_pop": 1.717943, "log_mass": 4.61005, "log_pop_c": -0.846296, "log_mass_c": -0.325835}, {"country_iso": "TZA", "city_id": 4470, "log_pop": 1.197154, "log_mass": 4.130227, "log_pop_c": -2.013606, "log_mass_c": -1.276439}, {"country_iso": "TZA", "city_id": 5262, "log_pop": 4.331427, "log_mass": 6.268932, "log_pop_c": 1.107021, "log_mass_c": 0.857356}, {"country_iso": "TZA", "city_id": 5262, "log_pop": 3.404267, "log_mass": 5.411521, "log_pop_c": 0.179862, "log_mass_c": -5.5e-05}, {"country_iso": "TZA", "city_id": 5222, "log_pop": 3.257338, "log_mass": 5.346803, "log_pop_c": -0.316158, "log_mass_c": -0.339552}, {"country_iso": "TZA", "city_id": 4455, "log_pop": 1.950648, "log_mass": 4.654307, "log_pop_c": -1.099694, "log_mass_c": -0.721568}, {"country_iso": "TZA", "city_id": 4647, "log_pop": 1.919422, "log_mass": 4.814197, "log_pop_c": -0.644816, "log_mass_c": -0.121687}, {"country_iso": "TZA", "city_id": 4455, "log_pop": 4.25741, "log_mass": 6.182232, "log_pop_c": 1.207068, "log_mass_c": 0.806358}, {"country_iso": "TZA", "city_id": 5222, "log_pop": 2.816704, "log_mass": 5.359133, "log_pop_c": -0.756791, "log_mass_c": -0.327221}, {"country_iso": "TZA", "city_id": 5262, "log_pop": 4.926463, "log_mass": 6.523947, "log_pop_c": 1.702058, "log_mass_c": 1.112372}, {"country_iso": "TZA", "city_id": 5262, "log_pop": 2.883977, "log_mass": 4.873287, "log_pop_c": -0.340428, "log_mass_c": -0.538289}, {"country_iso": "TZA", "city_id": 4470, "log_pop": 2.936337, "log_mass": 4.868174, "log_pop_c": -0.274423, "log_mass_c": -0.538492}, {"country_iso": "TZA", "city_id": 4498, "log_pop": 3.532998, "log_mass": 5.752099, "log_pop_c": 0.226161, "log_mass_c": 0.213931}, {"country_iso": "TZA", "city_id": 5222, "log_pop": 3.007377, "log_mass": 5.295566, "log_pop_c": -0.566118, "log_mass_c": -0.390788}, {"country_iso": "TZA", "city_id": 5222, "log_pop": 3.357916, "log_mass": 5.47669, "log_pop_c": -0.215579, "log_mass_c": -0.209664}, {"country_iso": "TZA", "city_id": 4679, "log_pop": 3.967381, "log_mass": 6.1892, "log_pop_c": 0.523055, "log_mass_c": 0.414312}, {"country_iso": "TZA", "city_id": 4455, "log_pop": 3.890164, "log_mass": 6.09594, "log_pop_c": 0.839822, "log_mass_c": 0.720066}, {"country_iso": "TZA", "city_id": 4498, "log_pop": 3.281961, "log_mass": 5.495685, "log_pop_c": -0.024876, "log_mass_c": -0.042483}, {"country_iso": "TZA", "city_id": 5222, "log_pop": 3.720827, "log_mass": 5.782122, "log_pop_c": 0.147332, "log_mass_c": 0.095768}, {"country_iso": "TZA", "city_id": 5222, "log_pop": 1.142473, "log_mass": 3.95603, "log_pop_c": -2.431023, "log_mass_c": -1.730325}, {"country_iso": "TZA", "city_id": 5222, "log_pop": 3.146141, "log_mass": 5.371619, "log_pop_c": -0.427355, "log_mass_c": -0.314735}, {"country_iso": "TZA", "city_id": 5222, "log_pop": 3.503667, "log_mass": 5.872176, "log_pop_c": -0.069828, "log_mass_c": 0.185821}, {"country_iso": "TZA", "city_id": 5222, "log_pop": 4.454646, "log_mass": 6.208652, "log_pop_c": 0.88115, "log_mass_c": 0.522298}, {"country_iso": "TZA", "city_id": 4120, "log_pop": 3.909425, "log_mass": 5.856947, "log_pop_c": 0.676005, "log_mass_c": 0.505617}, {"country_iso": "TZA", "city_id": 5222, "log_pop": 2.000205, "log_mass": 4.513077, "log_pop_c": -1.573291, "log_mass_c": -1.173277}, {"country_iso": "TZA", "city_id": 4647, "log_pop": 4.398106, "log_mass": 6.366211, "log_pop_c": 1.833867, "log_mass_c": 1.430326}, {"country_iso": "TZA", "city_id": 5222, "log_pop": 4.295797, "log_mass": 6.341227, "log_pop_c": 0.722302, "log_mass_c": 0.654872}, {"country_iso": "TZA", "city_id": 4455, "log_pop": 3.858534, "log_mass": 5.867148, "log_pop_c": 0.808192, "log_mass_c": 0.491274}, {"country_iso": "TZA", "city_id": 5222, "log_pop": 2.628965, "log_mass": 5.120423, "log_pop_c": -0.94453, "log_mass_c": -0.565931}, {"country_iso": "TZA", "city_id": 5222, "log_pop": 5.142655, "log_mass": 6.683358, "log_pop_c": 1.569159, "log_mass_c": 0.997003}, {"country_iso": "TZA", "city_id": 4498, "log_pop": 4.213135, "log_mass": 6.249722, "log_pop_c": 0.906297, "log_mass_c": 0.711554}, {"country_iso": "TZA", "city_id": 5222, "log_pop": 4.543834, "log_mass": 6.641223, "log_pop_c": 0.970338, "log_mass_c": 0.954869}]