[{"country_iso": "CHE", "city_id": 2459, "log_pop": 1.933785, "log_mass": 4.98126, "log_pop_c": -1.180704, "log_mass_c": -0.68195}, {"country_iso": "CHE", "city_id": 2314, "log_pop": 3.909836, "log_mass": 6.177711, "log_pop_c": 0.56177, "log_mass_c": 0.340973}, {"country_iso": "CHE", "city_id": 2463, "log_pop": 1.862323, "log_mass": 4.7238, "log_pop_c": -1.429696, "log_mass_c": -1.077522}, {"country_iso": "CHE", "city_id": 2275, "log_pop": 4.519155, "log_mass": 6.726309, "log_pop_c": 1.145428, "log_mass_c": 0.805338}, {"country_iso": "CHE", "city_id": 2463, "log_pop": 4.419786, "log_mass": 6.716723, "log_pop_c": 1.127767, "log_mass_c": 0.915401}, {"country_iso": "CHE", "city_id": 2463, "log_pop": 3.036355, "log_mass": 5.608471, "log_pop_c": -0.255664, "log_mass_c": -0.19285}, {"country_iso": "CHE", "city_id": 2463, "log_pop": 2.389647, "log_mass": 4.905034, "log_pop_c": -0.902372, "log_mass_c": -0.896288}, {"country_iso": "CHE", "city_id": 2392, "log_pop": 1.541876, "log_mass": 5.264093, "log_pop_c": -1.734667, "log_mass_c": -0.6533}, {"country_iso": "CHE", "city_id": 2314, "log_pop": 3.290357, "log_mass": 5.557406, "log_pop_c": -0.057709, "log_mass_c": -0.279332}, {"country_iso": "CHE", "city_id": 2392, "log_pop": 3.836295, "log_mass": 6.485902, "log_pop_c": 0.559752, "log_mass_c": 0.568509}, {"country_iso": "CHE", "city_id": 2463, "log_pop": 3.465567, "log_mass": 6.155013, "log_pop_c": 0.173549, "log_mass_c": 0.353691}, {"country_iso": "CHE", "city_id": 2275, "log_pop": 1.290861, "log_mass": 4.404669, "log_pop_c": -2.082866, "log_mass_c": -1.516302}, {"country_iso": "CHE", "city_id": 2392, "log_pop": 2.924067, "log_mass": 5.792761, "log_pop_c": -0.352476, "log_mass_c": -0.124633}, {"country_iso": "CHE", "city_id": 2463, "log_pop": 2.9811, "log_mass": 5.554766, "log_pop_c": -0.310919, "log_mass_c": -0.246556}, {"country_iso": "CHE", "city_id": 2392, "log_pop": 1.24163, "log_mass": 4.012087, "log_pop_c": -2.034913, "log_mass_c": -1.905307}, {"country_iso": "CHE", "city_id": 2463, "log_pop": 2.874041, "log_mass": 5.855863, "log_pop_c": -0.417978, "log_mass_c": 0.054541}, {"country_iso": "CHE", "city_id": 2463, "log_pop": 4.434685, "log_mass": 6.75508, "log_pop_c": 1.142667, "log_mass_c": 0.953758}, {"country_iso": "CHE", "city_id": 2314, "log_pop": 3.355107, "log_mass": 5.784998, "log_pop_c": 0.007041, "log_mass_c": -0.05174}, {"country_iso": "CHE", "city_id": 2384, "log_pop": 4.200069, "log_mass": 6.550171, "log_pop_c": 0.7735, "log_mass_c": 0.694529}, {"country_iso": "CHE", "city_id": 2494, "log_pop": 3.382913, "log_mass": 5.763924, "log_pop_c": 0.25102, "log_mass_c": 0.086353}, {"country_iso": "CHE", "city_id": 2459, "log_pop": 3.735494, "log_mass": 6.187583, "log_pop_c": 0.621005, "log_mass_c": 0.524373}, {"country_iso": "CHE", "city_id": 2314, "log_pop": 1.19871, "log_mass": 4.133364, "log_pop_c": -2.149356, "log_mass_c": -1.703374}, {"country_iso": "CHE", "city_id": 2392, "log_pop": 3.985876, "log_mass": 6.324362, "log_pop_c": 0.709334, "log_mass_c": 0.406968}, {"country_iso": "CHE", "city_id": 2459, "log_pop": 3.808333, "log_mass": 6.22279, "log_pop_c": 0.693844, "log_mass_c": 0.559579}, {"country_iso": "CHE", "city_id": 2463, "log_pop": 3.198623, "log_mass": 5.463225, "log_pop_c": -0.093396, "log_mass_c": -0.338097}, {"country_iso": "CHE", "city_id": 2392, "log_pop": 2.864561, "log_mass": 5.473288, "log_pop_c": -0.411982, "log_mass_c": -0.444105}, {"country_iso": "CHE", "city_id": 2314, "log_pop": 3.451172, "log_mass": 5.768074, "log_pop_c": 0.103106, "log_mass_c": -0.068664}, {"country_iso": "CHE", "city_id": 2384, "log_pop": 2.517737, "log_mass": 4.847629, "log_pop_c": -0.908832, "log_mass_c": -1.008014}, {"country_iso": "CHE", "city_id": 2494, "log_pop": 2.769797, "log_mass": 5.215938, "log_pop_c": -0.362095, "log_mass_c": -0.461632}, {"country_iso": "CHE", "city_id": 2463, "log_pop": 2.834139, "log_mass": 5.366611, "log_pop_c": -0.45788, "log_mass_c": -0.434711}, {"country_iso": "CHE", "city_id": 2392, "log_pop": 3.877141, "log_mass": 6.421797, "log_pop_c": 0.600598, "log_mass_c": 0.504403}, {"country_iso": "CHE", "city_id": 2275, "log_pop": 3.693767, "log_mass": 6.140722, "log_pop_c": 0.32004, "log_mass_c": 0.219751}, {"country_iso": "CHE", "city_id": 2459, "log_pop": 3.611816, "log_mass": 6.013772, "log_pop_c": 0.497327, "log_mass_c": 0.350562}, {"country_iso": "CHE", "city_id": 2384, "log_pop": 3.190185, "log_mass": 5.67344, "log_pop_c": -0.236385, "log_mass_c": -0.182203}, {"country_iso": "CHE", "city_id": 2314, "log_pop": 3.102712, "log_mass": 5.632654, "log_pop_c": -0.245353, "log_mass_c": -0.204084}, {"country_iso": "CHE", "city_id": 2392, "log_pop": 3.732992, "log_mass": 6.344074, "log_pop_c": 0.456449, "log_mass_c": 0.426681}, {"country_iso": "CHE", "city_id": 2392, "log_pop": 3.819513, "log_mass": 6.408898, "log_pop_c": 0.542971, "log_mass_c": 0.491505}, {"country_iso": "CHE", "city_id": 2463, "log_pop": 3.888306, "log_mass": 6.178633, "log_pop_c": 0.596287, "log_mass_c": 0.377311}, {"country_iso": "CHE", "city_id": 2463, "log_pop": 3.957046, "log_mass": 6.414351, "log_pop_c": 0.665028, "log_mass_c": 0.613029}, {"country_iso": "CHE", "city_id": 2275, "log_pop": 3.930587, "log_mass": 6.577476, "log_pop_c": 0.55686, "log_mass_c": 0.656505}, {"country_iso": "CHE", "city_id": 2384, "log_pop": 2.756288, "log_mass": 5.081838, "log_pop_c": -0.670281, "log_mass_c": -0.773805}, {"country_iso": "CHE", "city_id": 2463, "log_pop": 3.203005, "log_mass": 5.624141, "log_pop_c": -0.089013, "log_mass_c": -0.177181}, {"country_iso": "CHE", "city_id": 2392, "log_pop": 3.251796, "log_mass": 5.876594, "log_pop_c": -0.024746, "log_mass_c": -0.0408}, {"country_iso": "CHE", "city_id": 2314, "log_pop": 2.907265, "log_mass": 5.431804, "log_pop_c": -0.440801, "log_mass_c": -0.404934}, {"country_iso": "CHE", "city_id": 2463, "log_pop": 3.673597, "log_mass": 6.142896, "log_pop_c": 0.381578, "log_mass_c": 0.341574}, {"country_iso": "CHE", "city_id": 2384, "log_pop": 3.934117, "log_mass": 6.301763, "log_pop_c": 0.507547, "log_mass_c": 0.44612}, {"country_iso": "CHE", "city_id": 2494, "log_pop": 4.151033, "log_mass": 6.524255, "log_pop_c": 1.01914, "log_mass_c": 0.846685}, {"country_iso": "CHE", "city_id": 2463, "log_pop": 2.929091, "log_mass": 5.410039, "log_pop_c": -0.362927, "log_mass_c": -0.391283}, {"country_iso": "CHE", "city_id": 2463, "log_pop": 0.963749, "log_mass": 3.659722, "log_pop_c": -2.328269, "log_mass_c": -2.1416}, {"country_iso": "CHE", "city_id": 2275, "log_pop": 3.798687, "log_mass": 6.083694, "log_pop_c": 0.42496, "log_mass_c": 0.162723}, {"country_iso": "CHE", "city_id": 2275, "log_pop": 2.811286, "log_mass": 5.751813, "log_pop_c": -0.562441, "log_mass_c": -0.169158}, {"country_iso": "CHE", "city_id": 2392, "log_pop": 3.95115, "log_mass": 6.536371, "log_pop_c": 0.674607, "log_mass_c": 0.618977}, {"country_iso": "CHE", "city_id": 2494, "log_pop": 3.585594, "log_mass": 6.00821, "log_pop_c": 0.453701, "log_mass_c": 0.33064}, {"country_iso": "CHE", "city_id": 2392, "log_pop": 1.184139, "log_mass": 3.826326, "log_pop_c": -2.092404, "log_mass_c": -2.091068}, {"country_iso": "CHE", "city_id": 2459, "log_pop": 2.016017, "log_mass": 4.752234, "log_pop_c": -1.098472, "log_mass_c": -0.910976}, {"country_iso": "CHE", "city_id": 2392, "log_pop": 2.946437, "log_mass": 5.73175, "log_pop_c": -0.330106, "log_mass_c": -0.185643}, {"country_iso": "CHE", "city_id": 2463, "log_pop": 3.276369, "log_mass": 5.780972, "log_pop_c": -0.015649, "log_mass_c": -0.02035}, {"country_iso": "CHE", "city_id": 2314, "log_pop": 2.612083, "log_mass": 5.294725, "log_pop_c": -0.735983, "log_mass_c": -0.542013}, {"country_iso": "CHE", "city_id": 2463, "log_pop": 2.892797, "log_mass": 5.860238, "log_pop_c": -0.399221, "log_mass_c": 0.058916}, {"country_iso": "CHE", "city_id": 2275, "log_pop": 2.474484, "log_mass": 5.025596, "log_pop_c": -0.899243, "log_mass_c": -0.895375}, {"country_iso": "CHE", "city_id": 2463, "log_pop": 3.144627, "log_mass": 5.787779, "log_pop_c": -0.147391, "log_mass_c": -0.013543}, {"country_iso": "CHE", "city_id": 2392, "log_pop": 3.544971, "log_mass": 6.443299, "log_pop_c": 0.268429, "log_mass_c": 0.525905}, {"country_iso": "CHE", "city_id": 2463, "log_pop": 3.352338, "log_mass": 5.880386, "log_pop_c": 0.06032, "log_mass_c": 0.079064}, {"country_iso": "CHE", "city_id": 2275, "log_pop": 3.680446, "log_mass": 6.213256, "log_pop_c": 0.306719, "log_mass_c": 0.292286}, {"country_iso": "CHE", "city_id": 2384, "log_pop": 3.765921, "log_mass": 6.12421, "log_pop_c": 0.339352, "log_mass_c": 0.268567}, {"country_iso": "CHE", "city_id": 2392, "log_pop": 4.277263, "log_mass": 6.567576, "log_pop_c": 1.00072, "log_mass_c": 0.650183}, {"country_iso": "CHE", "city_id": 2384, "log_pop": 3.588708, "log_mass": 6.053867, "log_pop_c": 0.162138, "log_mass_c": 0.198225}, {"country_iso": "CHE", "city_id": 2392, "log_pop": 3.550961, "log_mass": 5.988566, "log_pop_c": 0.274418, "log_mass_c": 0.071172}, {"country_iso": "CHE", "city_id": 2275, "log_pop": 2.992924, "log_mass": 5.592705, "log_pop_c": -0.380803, "log_mass_c": -0.328266}, {"country_iso": "CHE", "city_id": 2494, "log_pop": 3.942475, "log_mass": 6.360204, "log_pop_c": 0.810582, "log_mass_c": 0.682633}, {"country_iso": "CHE", "city_id": 2463, "log_pop": 3.475961, "log_mass": 6.016086, "log_pop_c": 0.183943, "log_mass_c": 0.214765}, {"country_iso": "CHE", "city_id": 2275, "log_pop": 4.357141, "log_mass": 6.725319, "log_pop_c": 0.983414, "log_mass_c": 0.804348}, {"country_iso": "CHE", "city_id": 2392, "log_pop": 3.690528, "log_mass": 6.399788, "log_pop_c": 0.413985, "log_mass_c": 0.482395}, {"country_iso": "CHE", "city_id": 2459, "log_pop": 2.158814, "log_mass": 4.968663, "log_pop_c": -0.955675, "log_mass_c": -0.694548}, {"country_iso": "CHE", "city_id": 2275, "log_pop": 2.957345, "log_mass": 5.558354, "log_pop_c": -0.416382, "log_mass_c": -0.362617}, {"country_iso": "CHE", "city_id": 2275, "log_pop": 3.190125, "log_mass": 5.892787, "log_pop_c": -0.183602, "log_mass_c": -0.028184}, {"country_iso": "CHE", "city_id": 2463, "log_pop": 3.949029, "log_mass": 6.170719, "log_pop_c": 0.65701, "log_mass_c": 0.369397}, {"country_iso": "CHE", "city_id": 2314, "log_pop": 3.924744, "log_mass": 6.48199, "log_pop_c": 0.576679, "log_mass_c": 0.645252}, {"country_iso": "CHE", "city_id": 2384, "log_pop": 4.110741, "log_mass": 6.469413, "log_pop_c": 0.684172, "log_mass_c": 0.613771}, {"country_iso": "CHE", "city_id": 2392, "log_pop": 1.254677, "log_mass": 4.4336, "log_pop_c": -2.021866, "log_mass_c": -1.483794}, {"country_iso": "CHE", "city_id": 2463, "log_pop": 3.641455, "log_mass": 6.031859, "log_pop_c": 0.349436, "log_mass_c": 0.230537}, {"country_iso": "CHE", "city_id": 2392, "log_pop": 1.847067, "log_mass": 4.812698, "log_pop_c": -1.429476, "log_mass_c": -1.104696}, {"country_iso": "CHE", "city_id": 2384, "log_pop": 1.862064, "log_mass": 4.593157, "log_pop_c": -1.564506, "log_mass_c": -1.262485}, {"country_iso": "CHE", "city_id": 2463, "log_pop": 3.481029, "log_mass": 6.182029, "log_pop_c": 0.189011, "log_mass_c": 0.380707}, {"country_iso": "CHE", "city_id": 2275, "log_pop": 2.355864, "log_mass": 5.114511, "log_pop_c": -1.017863, "log_mass_c": -0.80646}, {"country_iso": "CHE", "city_id": 2494, "log_pop": 4.042682, "log_mass": 6.435525, "log_pop_c": 0.910789, "log_mass_c": 0.757955}, {"country_iso": "CHE", "city_id": 2459, "log_pop": 4.194698, "log_mass": 6.630555, "log_pop_c": 1.080209, "log_mass_c": 0.967344}, {"country_iso": "CHE", "city_id": 2314, "log_pop": 4.197419, "log_mass": 6.468365, "log_pop_c": 0.849353, "log_mass_c": 0.631627}, {"country_iso": "CHE", "city_id": 2459, "log_pop": 2.258275, "log_mass": 4.962432, "log_pop_c": -0.856214, "log_mass_c": -0.700779}, {"country_iso": "CHE", "city_id": 2459, "log_pop": 2.798302, "log_mass": 5.467672, "log_pop_c": -0.316187, "log_mass_c": -0.195539}, {"country_iso": "CHE", "city_id": 2463, "log_pop": 3.499324, "log_mass": 5.858238, "log_pop_c": 0.207306, "log_mass_c": 0.056916}, {"country_iso": "CHE", "city_id": 2275, "log_pop": 3.164165, "log_mass": 5.744992, "log_pop_c": -0.209562, "log_mass_c": -0.175978}, {"country_iso": "CHE", "city_id": 2463, "log_pop": 0.21485, "log_mass": 3.55148, "log_pop_c": -3.077168, "log_mass_c": -2.249842}, {"country_iso": "CHE", "city_id": 2392, "log_pop": 3.573206, "log_mass": 6.342739, "log_pop_c": 0.296663, "log_mass_c": 0.425345}, {"country_iso": "CHE", "city_id": 2494, "log_pop": 1.400697, "log_mass": 4.325424, "log_pop_c": -1.731196, "log_mass_c": -1.352146}, {"country_iso": "CHE", "city_id": 2459, "log_pop": 3.230859, "log_mass": 5.708122, "log_pop_c": 0.11637, "log_mass_c": 0.044912}, {"country_iso": "CHE", "city_id": 2392, "log_pop": 2.885174, "log_mass": 5.490431, "log_pop_c": -0.391369, "log_mass_c": -0.426962}, {"country_iso": "CHE", "city_id": 2494, "log_pop": 3.738077, "log_mass": 6.295712, "log_pop_c": 0.606184, "log_mass_c": 0.618142}, {"country_iso": "CHE", "city_id": 2463, "log_pop": 3.510264, "log_mass": 5.981121, "log_pop_c": 0.218246, "log_mass_c": 0.179799}, {"country_iso": "CHE", "city_id": 2384, "log_pop": 2.974444, "log_mass": 5.530232, "log_pop_c": -0.452126, "log_mass_c": -0.32541}, {"country_iso": "CHE", "city_id": 2463, "log_pop": 2.352901, "log_mass": 4.960262, "log_pop_c": -0.939117, "log_mass_c": -0.84106}, {"country_iso": "CHE", "city_id": 2392, "log_pop": 4.302013, "log_mass": 6.749155, "log_pop_c": 1.025471, "log_mass_c": 0.831761}, {"country_iso": "CHE", "city_id": 2275, "log_pop": 4.271765, "log_mass": 6.525483, "log_pop_c": 0.898038, "log_mass_c": 0.604512}, {"country_iso": "CHE", "city_id": 2392, "log_pop": 2.16554, "log_mass": 5.036439, "log_pop_c": -1.111003, "log_mass_c": -0.880955}, {"country_iso": "CHE", "city_id": 2463, "log_pop": 1.729677, "log_mass": 3.893152, "log_pop_c": -1.562342, "log_mass_c": -1.90817}, {"country_iso": "CHE", "city_id": 2459, "log_pop": 2.461194, "log_mass": 4.755441, "log_pop_c": -0.653295, "log_mass_c": -0.90777}, {"country_iso": "CHE", "city_id": 2275, "log_pop": 4.084903, "log_mass": 6.532261, "log_pop_c": 0.711176, "log_mass_c": 0.61129}, {"country_iso": "CHE", "city_id": 2275, "log_pop": 2.620941, "log_mass": 5.374789, "log_pop_c": -0.752786, "log_mass_c": -0.546182}, {"country_iso": "CHE", "city_id": 2463, "log_pop": 4.494844, "log_mass": 6.913288, "log_pop_c": 1.202826, "log_mass_c": 1.111967}, {"country_iso": "CHE", "city_id": 2463, "log_pop": 3.215649, "log_mass": 5.668345, "log_pop_c": -0.076369, "log_mass_c": -0.132977}, {"country_iso": "CHE", "city_id": 2314, "log_pop": 2.9058, "log_mass": 5.875128, "log_pop_c": -0.442266, "log_mass_c": 0.03839}, {"country_iso": "CHE", "city_id": 2314, "log_pop": 4.50037, "log_mass": 6.719908, "log_pop_c": 1.152305, "log_mass_c": 0.88317}, {"country_iso": "CHE", "city_id": 2384, "log_pop": 3.498945, "log_mass": 5.79316, "log_pop_c": 0.072375, "log_mass_c": -0.062483}, {"country_iso": "CHE", "city_id": 2463, "log_pop": 3.279426, "log_mass": 5.735505, "log_pop_c": -0.012593, "log_mass_c": -0.065817}, {"country_iso": "CHE", "city_id": 2392, "log_pop": 3.221606, "log_mass": 5.761047, "log_pop_c": -0.054937, "log_mass_c": -0.156347}, {"country_iso": "CHE", "city_id": 2463, "log_pop": 4.034227, "log_mass": 6.487925, "log_pop_c": 0.742208, "log_mass_c": 0.686603}, {"country_iso": "CHE", "city_id": 2463, "log_pop": 2.478777, "log_mass": 4.974476, "log_pop_c": -0.813242, "log_mass_c": -0.826846}, {"country_iso": "CHE", "city_id": 2463, "log_pop": 4.066061, "log_mass": 6.321294, "log_pop_c": 0.774042, "log_mass_c": 0.519972}, {"country_iso": "CHE", "city_id": 2392, "log_pop": 4.081415, "log_mass": 6.579366, "log_pop_c": 0.804872, "log_mass_c": 0.661972}, {"country_iso": "CHE", "city_id": 2392, "log_pop": 3.795494, "log_mass": 6.398968, "log_pop_c": 0.518952, "log_mass_c": 0.481574}, {"country_iso": "CHE", "city_id": 2463, "log_pop": 3.978055, "log_mass": 6.434805, "log_pop_c": 0.686036, "log_mass_c": 0.633483}, {"country_iso": "CHE", "city_id": 2494, "log_pop": 1.824364, "log_mass": 4.727848, "log_pop_c": -1.307528, "log_mass_c": -0.949722}, {"country_iso": "CHE", "city_id": 2392, "log_pop": 3.778682, "log_mass": 6.290801, "log_pop_c": 0.502139, "log_mass_c": 0.373408}, {"country_iso": "CHE", "city_id": 2459, "log_pop": 2.803839, "log_mass": 5.521885, "log_pop_c": -0.31065, "log_mass_c": -0.141326}, {"country_iso": "CHE", "city_id": 2463, "log_pop": 3.18741, "log_mass": 5.195183, "log_pop_c": -0.104608, "log_mass_c": -0.606139}, {"country_iso": "CHE", "city_id": 2384, "log_pop": 3.189243, "log_mass": 5.722352, "log_pop_c": -0.237326, "log_mass_c": -0.133291}, {"country_iso": "CHE", "city_id": 2314, "log_pop": 3.800211, "log_mass": 6.173158, "log_pop_c": 0.452145, "log_mass_c": 0.33642}, {"country_iso": "CHE", "city_id": 2392, "log_pop": 2.560442, "log_mass": 5.351871, "log_pop_c": -0.7161, "log_mass_c": -0.565523}, {"country_iso": "CHE", "city_id": 2463, "log_pop": 3.348375, "log_mass": 5.973566, "log_pop_c": 0.056357, "log_mass_c": 0.172244}, {"country_iso": "CHE", "city_id": 2463, "log_pop": 3.90079, "log_mass": 6.398686, "log_pop_c": 0.608771, "log_mass_c": 0.597364}, {"country_iso": "CHE", "city_id": 2314, "log_pop": 3.670527, "log_mass": 6.210561, "log_pop_c": 0.322461, "log_mass_c": 0.373823}, {"country_iso": "CHE", "city_id": 2275, "log_pop": 4.573511, "log_mass": 6.774912, "log_pop_c": 1.199785, "log_mass_c": 0.853941}, {"country_iso": "CHE", "city_id": 2459, "log_pop": 3.345152, "log_mass": 5.882784, "log_pop_c": 0.230663, "log_mass_c": 0.219573}, {"country_iso": "CHE", "city_id": 2463, "log_pop": 3.493089, "log_mass": 6.024168, "log_pop_c": 0.20107, "log_mass_c": 0.222846}, {"country_iso": "CHE", "city_id": 2314, "log_pop": 3.644855, "log_mass": 5.998416, "log_pop_c": 0.296789, "log_mass_c": 0.161678}, {"country_iso": "CHE", "city_id": 2392, "log_pop": 3.487851, "log_mass": 5.964348, "log_pop_c": 0.211308, "log_mass_c": 0.046955}, {"country_iso": "CHE", "city_id": 2459, "log_pop": 3.869679, "log_mass": 6.347857, "log_pop_c": 0.75519, "log_mass_c": 0.684646}, {"country_iso": "CHE", "city_id": 2494, "log_pop": 2.565428, "log_mass": 5.285856, "log_pop_c": -0.566464, "log_mass_c": -0.391714}, {"country_iso": "CHE", "city_id": 2463, "log_pop": 4.215523, "log_mass": 6.588742, "log_pop_c": 0.923505, "log_mass_c": 0.78742}, {"country_iso": "CHE", "city_id": 2463, "log_pop": 2.117481, "log_mass": 4.551903, "log_pop_c": -1.174538, "log_mass_c": -1.249419}, {"country_iso": "CHE", "city_id": 2384, "log_pop": 2.597472, "log_mass": 5.215566, "log_pop_c": -0.829098, "log_mass_c": -0.640077}, {"country_iso": "CHE", "city_id": 2463, "log_pop": 1.677712, "log_mass": 4.063522, "log_pop_c": -1.614307, "log_mass_c": -1.7378}, {"country_iso": "CHE", "city_id": 2463, "log_pop": 3.929031, "log_mass": 6.176132, "log_pop_c": 0.637013, "log_mass_c": 0.37481}, {"country_iso": "CHE", "city_id": 2275, "log_pop": 4.135842, "log_mass": 6.428508, "log_pop_c": 0.762115, "log_mass_c": 0.507537}, {"country_iso": "CHE", "city_id": 2463, "log_pop": 3.73722, "log_mass": 6.082037, "log_pop_c": 0.445201, "log_mass_c": 0.280715}, {"country_iso": "CHE", "city_id": 2384, "log_pop": 3.371267, "log_mass": 5.679432, "log_pop_c": -0.055303, "log_mass_c": -0.176211}, {"country_iso": "CHE", "city_id": 2275, "log_pop": 2.312695, "log_mass": 4.889162, "log_pop_c": -1.061032, "log_mass_c": -1.031809}, {"country_iso": "CHE", "city_id": 2384, "log_pop": 3.570498, "log_mass": 6.049051, "log_pop_c": 0.143928, "log_mass_c": 0.193409}, {"country_iso": "CHE", "city_id": 2463, "log_pop": 3.811011, "log_mass": 6.176495, "log_pop_c": 0.518992, "log_mass_c": 0.375173}, {"country_iso": "CHE", "city_id": 2275, "log_pop": 4.348162, "log_mass": 6.590525, "log_pop_c": 0.974435, "log_mass_c": 0.669554}, {"country_iso": "CHE", "city_id": 2463, "log_pop": 1.862721, "log_mass": 4.537449, "log_pop_c": -1.429298, "log_mass_c": -1.263873}, {"country_iso": "CHE", "city_id": 2392, "log_pop": 3.859246, "log_mass": 6.081026, "log_pop_c": 0.582703, "log_mass_c": 0.163632}, {"country_iso": "CHE", "city_id": 2459, "log_pop": 3.497524, "log_mass": 6.015846, "log_pop_c": 0.383035, "log_mass_c": 0.352636}, {"country_iso": "CHE", "city_id": 2463, "log_pop": 4.496041, "log_mass": 6.85677, "log_pop_c": 1.204022, "log_mass_c": 1.055448}, {"country_iso": "CHE", "city_id": 2463, "log_pop": 4.192324, "log_mass": 6.663077, "log_pop_c": 0.900306, "log_mass_c": 0.861755}, {"country_iso": "CHE", "city_id": 2392, "log_pop": 3.890667, "log_mass": 6.236581, "log_pop_c": 0.614124, "log_mass_c": 0.319187}, {"country_iso": "CHE", "city_id": 2463, "log_pop": 3.65896, "log_mass": 6.159924, "log_pop_c": 0.366942, "log_mass_c": 0.358602}, {"country_iso": "CHE", "city_id": 2275, "log_pop": 2.895496, "log_mass": 5.49799, "log_pop_c": -0.47823, "log_mass_c": -0.422981}, {"country_iso": "CHE", "city_id": 2463, "log_pop": 3.947664, "log_mass": 6.214137, "log_pop_c": 0.655645, "log_mass_c": 0.412815}, {"country_iso": "CHE", "city_id": 2392, "log_pop": 3.86259, "log_mass": 6.501671, "log_pop_c": 0.586048, "log_mass_c": 0.584278}, {"country_iso": "CHE", "city_id": 2463, "log_pop": 2.871066, "log_mass": 5.233707, "log_pop_c": -0.420952, "log_mass_c": -0.567615}, {"country_iso": "CHE", "city_id": 2463, "log_pop": 2.989511, "log_mass": 5.383603, "log_pop_c": -0.302508, "log_mass_c": -0.417719}, {"country_iso": "CHE", "city_id": 2463, "log_pop": 3.366669, "log_mass": 5.84386, "log_pop_c": 0.07465, "log_mass_c": 0.042538}, {"country_iso": "CHE", "city_id": 2463, "log_pop": 4.101242, "log_mass": 6.523943, "log_pop_c": 0.809224, "log_mass_c": 0.722621}, {"country_iso": "CHE", "city_id": 2314, "log_pop": 3.458935, "log_mass": 6.04124, "log_pop_c": 0.110869, "log_mass_c": 0.204502}, {"country_iso": "CHE", "city_id": 2392, "log_pop": 4.454268, "log_mass": 6.670633, "log_pop_c": 1.177725, "log_mass_c": 0.753239}, {"country_iso": "CHE", "city_id": 2459, "log_pop": 2.759686, "log_mass": 5.340692, "log_pop_c": -0.354803, "log_mass_c": -0.322519}, {"country_iso": "CHE", "city_id": 2463, "log_pop": 3.3998, "log_mass": 6.007636, "log_pop_c": 0.107781, "log_mass_c": 0.206314}, {"country_iso": "CHE", "city_id": 2275, "log_pop": 3.193669, "log_mass": 5.699892, "log_pop_c": -0.180058, "log_mass_c": -0.221079}, {"country_iso": "CHE", "city_id": 2275, "log_pop": 3.748323, "log_mass": 6.182876, "log_pop_c": 0.374596, "log_mass_c": 0.261905}, {"country_iso": "CHE", "city_id": 2275, "log_pop": 2.515509, "log_mass": 5.351054, "log_pop_c": -0.858218, "log_mass_c": -0.569916}, {"country_iso": "CHE", "city_id": 2463, "log_pop": 3.088661, "log_mass": 5.856572, "log_pop_c": -0.203357, "log_mass_c": 0.055251}, {"country_iso": "CHE", "city_id": 2494, "log_pop": 2.532845, "log_mass": 5.174068, "log_pop_c": -0.599047, "log_mass_c": -0.503502}, {"country_iso": "CHE", "city_id": 2392, "log_pop": 2.154095, "log_mass": 5.24931, "log_pop_c": -1.122448, "log_mass_c": -0.668084}, {"country_iso": "CHE", "city_id": 2459, "log_pop": 4.178332, "log_mass": 6.400774, "log_pop_c": 1.063843, "log_mass_c": 0.737563}, {"country_iso": "CHE", "city_id": 2463, "log_pop": 3.309007, "log_mass": 5.783674, "log_pop_c": 0.016988, "log_mass_c": -0.017648}, {"country_iso": "CHE", "city_id": 2314, "log_pop": 3.476153, "log_mass": 6.13955, "log_pop_c": 0.128087, "log_mass_c": 0.302812}, {"country_iso": "CHE", "city_id": 2463, "log_pop": 3.023182, "log_mass": 5.560867, "log_pop_c": -0.268836, "log_mass_c": -0.240455}, {"country_iso": "CHE", "city_id": 2392, "log_pop": 2.441442, "log_mass": 5.182087, "log_pop_c": -0.8351, "log_mass_c": -0.735306}, {"country_iso": "CHE", "city_id": 2392, "log_pop": 3.601083, "log_mass": 6.115568, "log_pop_c": 0.32454, "log_mass_c": 0.198174}, {"country_iso": "CHE", "city_id": 2392, "log_pop": 4.007928, "log_mass": 6.466855, "log_pop_c": 0.731385, "log_mass_c": 0.549461}, {"country_iso": "CHE", "city_id": 2275, "log_pop": 3.162035, "log_mass": 5.892723, "log_pop_c": -0.211692, "log_mass_c": -0.028248}, {"country_iso": "CHE", "city_id": 2275, "log_pop": 3.067681, "log_mass": 5.594291, "log_pop_c": -0.306046, "log_mass_c": -0.32668}, {"country_iso": "CHE", "city_id": 2392, "log_pop": 3.993158, "log_mass": 6.405323, "log_pop_c": 0.716616, "log_mass_c": 0.487929}, {"country_iso": "CHE", "city_id": 2314, "log_pop": 4.276343, "log_mass": 6.433387, "log_pop_c": 0.928277, "log_mass_c": 0.596649}, {"country_iso": "CHE", "city_id": 2314, "log_pop": 3.489542, "log_mass": 5.772281, "log_pop_c": 0.141476, "log_mass_c": -0.064457}, {"country_iso": "CHE", "city_id": 2384, "log_pop": 3.754511, "log_mass": 6.189228, "log_pop_c": 0.327942, "log_mass_c": 0.333586}, {"country_iso": "CHE", "city_id": 2275, "log_pop": 1.897707, "log_mass": 5.425009, "log_pop_c": -1.47602, "log_mass_c": -0.495962}, {"country_iso": "CHE", "city_id": 2463, "log_pop": 3.103202, "log_mass": 5.613377, "log_pop_c": -0.188817, "log_mass_c": -0.187945}, {"country_iso": "CHE", "city_id": 2314, "log_pop": 2.951064, "log_mass": 5.775852, "log_pop_c": -0.397002, "log_mass_c": -0.060886}, {"country_iso": "CHE", "city_id": 2494, "log_pop": 3.991981, "log_mass": 6.412794, "log_pop_c": 0.860088, "log_mass_c": 0.735224}, {"country_iso": "CHE", "city_id": 2384, "log_pop": 4.071213, "log_mass": 6.436883, "log_pop_c": 0.644643, "log_mass_c": 0.58124}, {"country_iso": "CHE", "city_id": 2275, "log_pop": 3.436302, "log_mass": 5.966071, "log_pop_c": 0.062575, "log_mass_c": 0.0451}, {"country_iso": "CHE", "city_id": 2463, "log_pop": 3.479583, "log_mass": 6.021696, "log_pop_c": 0.187564, "log_mass_c": 0.220374}, {"country_iso": "CHE", "city_id": 2463, "log_pop": 4.470641, "log_mass": 6.788367, "log_pop_c": 1.178623, "log_mass_c": 0.987045}, {"country_iso": "CHE", "city_id": 2275, "log_pop": 4.774924, "log_mass": 6.926493, "log_pop_c": 1.401197, "log_mass_c": 1.005522}, {"country_iso": "CHE", "city_id": 2384, "log_pop": 3.652395, "log_mass": 6.040119, "log_pop_c": 0.225826, "log_mass_c": 0.184477}, {"country_iso": "CHE", "city_id": 2459, "log_pop": 4.105091, "log_mass": 6.545751, "log_pop_c": 0.990602, "log_mass_c": 0.88254}, {"country_iso": "CHE", "city_id": 2392, "log_pop": 3.98923, "log_mass": 6.691115, "log_pop_c": 0.712688, "log_mass_c": 0.773721}, {"country_iso": "CHE", "city_id": 2463, "log_pop": 3.430419, "log_mass": 5.803958, "log_pop_c": 0.1384, "log_mass_c": 0.002637}, {"country_iso": "CHE", "city_id": 2275, "log_pop": 3.397289, "log_mass": 5.784556, "log_pop_c": 0.023562, "log_mass_c": -0.136415}, {"country_iso": "CHE", "city_id": 2463, "log_pop": 3.885159, "log_mass": 6.227838, "log_pop_c": 0.59314, "log_mass_c": 0.426516}, {"country_iso": "CHE", "city_id": 2275, "log_pop": 4.046461, "log_mass": 6.326492, "log_pop_c": 0.672734, "log_mass_c": 0.405521}, {"country_iso": "CHE", "city_id": 2463, "log_pop": 3.209234, "log_mass": 5.826887, "log_pop_c": -0.082784, "log_mass_c": 0.025565}, {"country_iso": "CHE", "city_id": 2275, "log_pop": 3.686933, "log_mass": 6.132386, "log_pop_c": 0.313206, "log_mass_c": 0.211415}, {"country_iso": "CHE", "city_id": 2275, "log_pop": 2.234529, "log_mass": 4.693737, "log_pop_c": -1.139198, "log_mass_c": -1.227234}, {"country_iso": "CHE", "city_id": 2463, "log_pop": 4.104549, "log_mass": 6.455942, "log_pop_c": 0.812531, "log_mass_c": 0.65462}, {"country_iso": "CHE", "city_id": 2384, "log_pop": 2.8609, "log_mass": 5.257211, "log_pop_c": -0.56567, "log_mass_c": -0.598431}, {"country_iso": "CHE", "city_id": 2463, "log_pop": 3.912365, "log_mass": 6.232422, "log_pop_c": 0.620347, "log_mass_c": 0.4311}, {"country_iso": "CHE", "city_id": 2392, "log_pop": 3.616936, "log_mass": 6.226143, "log_pop_c": 0.340393, "log_mass_c": 0.308749}, {"country_iso": "CHE", "city_id": 2314, "log_pop": 3.567214, "log_mass": 5.925045, "log_pop_c": 0.219148, "log_mass_c": 0.088307}, {"country_iso": "CHE", "city_id": 2384, "log_pop": 4.337671, "log_mass": 6.722898, "log_pop_c": 0.911101, "log_mass_c": 0.867255}, {"country_iso": "CHE", "city_id": 2463, "log_pop": 3.92946, "log_mass": 6.200233, "log_pop_c": 0.637442, "log_mass_c": 0.398911}, {"country_iso": "CHE", "city_id": 2494, "log_pop": 2.78672, "log_mass": 5.278652, "log_pop_c": -0.345173, "log_mass_c": -0.398918}, {"country_iso": "CHE", "city_id": 2275, "log_pop": 4.076285, "log_mass": 6.434025, "log_pop_c": 0.702559, "log_mass_c": 0.513054}, {"country_iso": "CHE", "city_id": 2463, "log_pop": 3.669489, "log_mass": 6.16887, "log_pop_c": 0.37747, "log_mass_c": 0.367548}, {"country_iso": "CHE", "city_id": 2463, "log_pop": 3.464416, "log_mass": 5.983651, "log_pop_c": 0.172397, "log_mass_c": 0.182329}, {"country_iso": "CHE", "city_id": 2463, "log_pop": 3.484425, "log_mass": 6.052601, "log_pop_c": 0.192406, "log_mass_c": 0.251279}, {"country_iso": "CHE", "city_id": 2459, "log_pop": 2.824814, "log_mass": 5.297965, "log_pop_c": -0.289675, "log_mass_c": -0.365246}, {"country_iso": "CHE", "city_id": 2463, "log_pop": 2.060838, "log_mass": 4.09288, "log_pop_c": -1.231181, "log_mass_c": -1.708442}, {"country_iso": "CHE", "city_id": 2275, "log_pop": 4.309619, "log_mass": 6.611234, "log_pop_c": 0.935892, "log_mass_c": 0.690263}, {"country_iso": "CHE", "city_id": 2314, "log_pop": 4.218457, "log_mass": 6.618164, "log_pop_c": 0.870391, "log_mass_c": 0.781426}, {"country_iso": "CHE", "city_id": 2459, "log_pop": 2.698076, "log_mass": 5.260135, "log_pop_c": -0.416413, "log_mass_c": -0.403075}, {"country_iso": "CHE", "city_id": 2463, "log_pop": 1.099769, "log_mass": 5.752683, "log_pop_c": -2.19225, "log_mass_c": -0.048639}, {"country_iso": "CHE", "city_id": 2463, "log_pop": 3.839071, "log_mass": 6.28493, "log_pop_c": 0.547052, "log_mass_c": 0.483608}, {"country_iso": "CHE", "city_id": 2463, "log_pop": 2.809379, "log_mass": 5.54679, "log_pop_c": -0.482639, "log_mass_c": -0.254532}, {"country_iso": "CHE", "city_id": 2392, "log_pop": 4.490531, "log_mass": 6.943818, "log_pop_c": 1.213988, "log_mass_c": 1.026424}, {"country_iso": "CHE", "city_id": 2392, "log_pop": 2.611195, "log_mass": 5.220628, "log_pop_c": -0.665347, "log_mass_c": -0.696765}, {"country_iso": "CHE", "city_id": 2392, "log_pop": 3.580712, "log_mass": 6.428784, "log_pop_c": 0.30417, "log_mass_c": 0.51139}, {"country_iso": "CHE", "city_id": 2392, "log_pop": 4.030369, "log_mass": 6.441814, "log_pop_c": 0.753826, "log_mass_c": 0.52442}, {"country_iso": "CHE", "city_id": 2463, "log_pop": 2.794777, "log_mass": 5.490941, "log_pop_c": -0.497242, "log_mass_c": -0.310381}, {"country_iso": "CHE", "city_id": 2384, "log_pop": 3.520798, "log_mass": 5.990345, "log_pop_c": 0.094229, "log_mass_c": 0.134702}, {"country_iso": "CHE", "city_id": 2275, "log_pop": 4.540717, "log_mass": 6.666088, "log_pop_c": 1.16699, "log_mass_c": 0.745117}, {"country_iso": "CHE", "city_id": 2275, "log_pop": 1.653489, "log_mass": 5.144132, "log_pop_c": -1.720238, "log_mass_c": -0.776838}, {"country_iso": "CHE", "city_id": 2392, "log_pop": 3.634615, "log_mass": 6.082555, "log_pop_c": 0.358073, "log_mass_c": 0.165161}, {"country_iso": "CHE", "city_id": 2314, "log_pop": 1.959779, "log_mass": 4.836896, "log_pop_c": -1.388287, "log_mass_c": -0.999842}, {"country_iso": "CHE", "city_id": 2314, "log_pop": 1.256768, "log_mass": 3.743723, "log_pop_c": -2.091298, "log_mass_c": -2.093015}, {"country_iso": "CHE", "city_id": 2463, "log_pop": 3.863089, "log_mass": 6.487282, "log_pop_c": 0.57107, "log_mass_c": 0.68596}, {"country_iso": "CHE", "city_id": 2384, "log_pop": 4.059343, "log_mass": 6.502169, "log_pop_c": 0.632774, "log_mass_c": 0.646526}, {"country_iso": "CHE", "city_id": 2392, "log_pop": 4.516558, "log_mass": 6.93241, "log_pop_c": 1.240015, "log_mass_c": 1.015016}, {"country_iso": "CHE", "city_id": 2314, "log_pop": 4.576223, "log_mass": 6.92405, "log_pop_c": 1.228157, "log_mass_c": 1.087312}, {"country_iso": "CHE", "city_id": 2392, "log_pop": 1.927682, "log_mass": 4.826974, "log_pop_c": -1.34886, "log_mass_c": -1.090419}, {"country_iso": "CHE", "city_id": 2463, "log_pop": 4.264372, "log_mass": 6.59178, "log_pop_c": 0.972354, "log_mass_c": 0.790458}, {"country_iso": "CHE", "city_id": 2392, "log_pop": 1.437379, "log_mass": 4.222604, "log_pop_c": -1.839163, "log_mass_c": -1.69479}]