[{"country_iso": "GHA", "city_id": 1785, "log_pop": 3.495779, "log_mass": 6.128613, "log_pop_c": -0.017658, "log_mass_c": 0.227704}, {"country_iso": "GHA", "city_id": 1910, "log_pop": 4.341455, "log_mass": 6.043229, "log_pop_c": 0.844764, "log_mass_c": 0.170042}, {"country_iso": "GHA", "city_id": 1910, "log_pop": 4.09042, "log_mass": 6.432922, "log_pop_c": 0.593729, "log_mass_c": 0.559735}, {"country_iso": "GHA", "city_id": 1910, "log_pop": 4.131393, "log_mass": 6.41397, "log_pop_c": 0.634703, "log_mass_c": 0.540783}, {"country_iso": "GHA", "city_id": 1910, "log_pop": 3.673641, "log_mass": 5.816418, "log_pop_c": 0.176951, "log_mass_c": -0.056768}, {"country_iso": "GHA", "city_id": 1910, "log_pop": 3.356635, "log_mass": 6.036738, "log_pop_c": -0.140056, "log_mass_c": 0.163551}, {"country_iso": "GHA", "city_id": 1785, "log_pop": 3.324931, "log_mass": 6.322158, "log_pop_c": -0.188507, "log_mass_c": 0.421249}, {"country_iso": "GHA", "city_id": 1910, "log_pop": 4.511084, "log_mass": 6.307105, "log_pop_c": 1.014393, "log_mass_c": 0.433918}, {"country_iso": "GHA", "city_id": 1785, "log_pop": 2.94754, "log_mass": 6.032969, "log_pop_c": -0.565898, "log_mass_c": 0.13206}, {"country_iso": "GHA", "city_id": 1785, "log_pop": 4.347981, "log_mass": 6.372919, "log_pop_c": 0.834544, "log_mass_c": 0.472011}, {"country_iso": "GHA", "city_id": 1910, "log_pop": 4.034369, "log_mass": 6.394485, "log_pop_c": 0.537679, "log_mass_c": 0.521298}, {"country_iso": "GHA", "city_id": 1910, "log_pop": 4.125219, "log_mass": 6.299735, "log_pop_c": 0.628528, "log_mass_c": 0.426548}, {"country_iso": "GHA", "city_id": 1785, "log_pop": 4.153447, "log_mass": 6.170778, "log_pop_c": 0.640009, "log_mass_c": 0.269869}, {"country_iso": "GHA", "city_id": 1866, "log_pop": 3.964665, "log_mass": 6.333352, "log_pop_c": 0.989879, "log_mass_c": 0.931688}, {"country_iso": "GHA", "city_id": 1779, "log_pop": 3.321516, "log_mass": 5.507788, "log_pop_c": -0.111041, "log_mass_c": 0.012298}, {"country_iso": "GHA", "city_id": 1785, "log_pop": 2.71802, "log_mass": 5.752767, "log_pop_c": -0.795417, "log_mass_c": -0.148141}, {"country_iso": "GHA", "city_id": 1866, "log_pop": 3.474177, "log_mass": 5.890468, "log_pop_c": 0.49939, "log_mass_c": 0.488804}, {"country_iso": "GHA", "city_id": 1822, "log_pop": 2.926644, "log_mass": 5.166247, "log_pop_c": -0.103715, "log_mass_c": -0.177764}, {"country_iso": "GHA", "city_id": 1910, "log_pop": 1.019388, "log_mass": 3.972665, "log_pop_c": -2.477302, "log_mass_c": -1.900522}, {"country_iso": "GHA", "city_id": 1785, "log_pop": 0.925474, "log_mass": 4.000907, "log_pop_c": -2.587964, "log_mass_c": -1.900002}, {"country_iso": "GHA", "city_id": 1785, "log_pop": 2.545145, "log_mass": 5.051155, "log_pop_c": -0.968293, "log_mass_c": -0.849754}, {"country_iso": "GHA", "city_id": 1785, "log_pop": 2.842675, "log_mass": 5.099527, "log_pop_c": -0.670763, "log_mass_c": -0.801382}, {"country_iso": "GHA", "city_id": 1785, "log_pop": 4.535508, "log_mass": 6.398169, "log_pop_c": 1.02207, "log_mass_c": 0.497261}, {"country_iso": "GHA", "city_id": 1785, "log_pop": 4.1019, "log_mass": 6.344727, "log_pop_c": 0.588462, "log_mass_c": 0.443818}, {"country_iso": "GHA", "city_id": 1910, "log_pop": 2.775042, "log_mass": 5.464376, "log_pop_c": -0.721648, "log_mass_c": -0.408811}, {"country_iso": "GHA", "city_id": 1785, "log_pop": 4.666189, "log_mass": 6.489721, "log_pop_c": 1.152751, "log_mass_c": 0.588813}, {"country_iso": "GHA", "city_id": 1866, "log_pop": 2.50399, "log_mass": 5.181669, "log_pop_c": -0.470797, "log_mass_c": -0.219995}, {"country_iso": "GHA", "city_id": 1910, "log_pop": 3.558308, "log_mass": 5.452306, "log_pop_c": 0.061617, "log_mass_c": -0.420881}, {"country_iso": "GHA", "city_id": 1910, "log_pop": 3.02788, "log_mass": 5.221968, "log_pop_c": -0.468811, "log_mass_c": -0.651218}, {"country_iso": "GHA", "city_id": 1785, "log_pop": 2.618778, "log_mass": 5.490779, "log_pop_c": -0.89466, "log_mass_c": -0.41013}, {"country_iso": "GHA", "city_id": 1785, "log_pop": 0.67049, "log_mass": 3.623896, "log_pop_c": -2.842947, "log_mass_c": -2.277013}, {"country_iso": "GHA", "city_id": 1785, "log_pop": 1.551385, "log_mass": 4.454788, "log_pop_c": -1.962052, "log_mass_c": -1.44612}, {"country_iso": "GHA", "city_id": 1910, "log_pop": 2.539403, "log_mass": 5.167039, "log_pop_c": -0.957287, "log_mass_c": -0.706148}, {"country_iso": "GHA", "city_id": 1779, "log_pop": 2.611264, "log_mass": 5.24435, "log_pop_c": -0.821293, "log_mass_c": -0.251141}, {"country_iso": "GHA", "city_id": 1866, "log_pop": 3.281421, "log_mass": 5.750738, "log_pop_c": 0.306634, "log_mass_c": 0.349074}, {"country_iso": "GHA", "city_id": 1910, "log_pop": 3.765669, "log_mass": 6.104704, "log_pop_c": 0.268979, "log_mass_c": 0.231517}, {"country_iso": "GHA", "city_id": 1910, "log_pop": 4.669363, "log_mass": 6.45458, "log_pop_c": 1.172673, "log_mass_c": 0.581393}, {"country_iso": "GHA", "city_id": 1785, "log_pop": 3.739967, "log_mass": 5.960053, "log_pop_c": 0.226529, "log_mass_c": 0.059144}, {"country_iso": "GHA", "city_id": 1866, "log_pop": 2.411057, "log_mass": 5.149228, "log_pop_c": -0.563729, "log_mass_c": -0.252436}, {"country_iso": "GHA", "city_id": 1910, "log_pop": 4.134297, "log_mass": 6.468613, "log_pop_c": 0.637606, "log_mass_c": 0.595426}, {"country_iso": "GHA", "city_id": 1910, "log_pop": 1.939748, "log_mass": 4.708022, "log_pop_c": -1.556943, "log_mass_c": -1.165165}, {"country_iso": "GHA", "city_id": 1866, "log_pop": 2.462999, "log_mass": 5.177641, "log_pop_c": -0.511788, "log_mass_c": -0.224023}, {"country_iso": "GHA", "city_id": 1910, "log_pop": 3.905557, "log_mass": 6.247837, "log_pop_c": 0.408866, "log_mass_c": 0.374651}, {"country_iso": "GHA", "city_id": 1779, "log_pop": 3.425579, "log_mass": 5.436664, "log_pop_c": -0.006978, "log_mass_c": -0.058827}, {"country_iso": "GHA", "city_id": 1910, "log_pop": 3.640213, "log_mass": 6.214425, "log_pop_c": 0.143522, "log_mass_c": 0.341238}, {"country_iso": "GHA", "city_id": 1785, "log_pop": 3.473052, "log_mass": 5.59936, "log_pop_c": -0.040385, "log_mass_c": -0.301549}, {"country_iso": "GHA", "city_id": 1866, "log_pop": 3.170117, "log_mass": 5.545918, "log_pop_c": 0.195331, "log_mass_c": 0.144254}, {"country_iso": "GHA", "city_id": 1910, "log_pop": 4.574579, "log_mass": 6.414491, "log_pop_c": 1.077888, "log_mass_c": 0.541304}, {"country_iso": "GHA", "city_id": 1785, "log_pop": 4.659845, "log_mass": 6.326231, "log_pop_c": 1.146407, "log_mass_c": 0.425323}, {"country_iso": "GHA", "city_id": 1910, "log_pop": 3.289502, "log_mass": 5.960413, "log_pop_c": -0.207189, "log_mass_c": 0.087227}, {"country_iso": "GHA", "city_id": 1866, "log_pop": 3.214453, "log_mass": 5.459143, "log_pop_c": 0.239667, "log_mass_c": 0.057479}, {"country_iso": "GHA", "city_id": 1785, "log_pop": 4.773981, "log_mass": 6.52227, "log_pop_c": 1.260543, "log_mass_c": 0.621361}, {"country_iso": "GHA", "city_id": 1910, "log_pop": 4.751821, "log_mass": 6.493682, "log_pop_c": 1.25513, "log_mass_c": 0.620495}, {"country_iso": "GHA", "city_id": 1822, "log_pop": 3.229135, "log_mass": 5.791424, "log_pop_c": 0.198776, "log_mass_c": 0.447413}, {"country_iso": "GHA", "city_id": 1910, "log_pop": 3.912121, "log_mass": 6.277848, "log_pop_c": 0.41543, "log_mass_c": 0.404661}, {"country_iso": "GHA", "city_id": 1866, "log_pop": 1.140928, "log_mass": 3.535337, "log_pop_c": -1.833858, "log_mass_c": -1.866327}, {"country_iso": "GHA", "city_id": 1779, "log_pop": 1.855105, "log_mass": 3.858948, "log_pop_c": -1.577452, "log_mass_c": -1.636543}, {"country_iso": "GHA", "city_id": 1785, "log_pop": 2.489848, "log_mass": 4.553325, "log_pop_c": -1.02359, "log_mass_c": -1.347584}, {"country_iso": "GHA", "city_id": 1785, "log_pop": 3.275573, "log_mass": 6.002399, "log_pop_c": -0.237864, "log_mass_c": 0.101491}, {"country_iso": "GHA", "city_id": 1910, "log_pop": 3.096066, "log_mass": 5.875055, "log_pop_c": -0.400625, "log_mass_c": 0.001869}, {"country_iso": "GHA", "city_id": 1785, "log_pop": 4.344864, "log_mass": 6.268071, "log_pop_c": 0.831426, "log_mass_c": 0.367162}, {"country_iso": "GHA", "city_id": 1785, "log_pop": 3.18511, "log_mass": 6.162138, "log_pop_c": -0.328327, "log_mass_c": 0.261229}, {"country_iso": "GHA", "city_id": 1910, "log_pop": 2.3347, "log_mass": 5.394553, "log_pop_c": -1.161991, "log_mass_c": -0.478634}, {"country_iso": "GHA", "city_id": 1866, "log_pop": 0.429178, "log_mass": 2.693026, "log_pop_c": -2.545609, "log_mass_c": -2.708638}, {"country_iso": "GHA", "city_id": 1910, "log_pop": 3.867108, "log_mass": 6.340152, "log_pop_c": 0.370417, "log_mass_c": 0.466966}, {"country_iso": "GHA", "city_id": 1785, "log_pop": 2.63212, "log_mass": 5.554347, "log_pop_c": -0.881318, "log_mass_c": -0.346562}, {"country_iso": "GHA", "city_id": 1822, "log_pop": 2.881496, "log_mass": 5.056284, "log_pop_c": -0.148864, "log_mass_c": -0.287727}, {"country_iso": "GHA", "city_id": 1910, "log_pop": 2.547619, "log_mass": 5.234451, "log_pop_c": -0.949071, "log_mass_c": -0.638736}, {"country_iso": "GHA", "city_id": 1785, "log_pop": 3.330941, "log_mass": 6.149235, "log_pop_c": -0.182497, "log_mass_c": 0.248326}, {"country_iso": "GHA", "city_id": 1779, "log_pop": 2.496636, "log_mass": 4.950449, "log_pop_c": -0.935922, "log_mass_c": -0.545042}, {"country_iso": "GHA", "city_id": 1779, "log_pop": 4.419038, "log_mass": 6.29378, "log_pop_c": 0.986481, "log_mass_c": 0.79829}, {"country_iso": "GHA", "city_id": 1785, "log_pop": 4.227181, "log_mass": 6.176192, "log_pop_c": 0.713744, "log_mass_c": 0.275283}, {"country_iso": "GHA", "city_id": 1822, "log_pop": 3.069185, "log_mass": 5.245586, "log_pop_c": 0.038826, "log_mass_c": -0.098424}, {"country_iso": "GHA", "city_id": 1910, "log_pop": 3.208698, "log_mass": 5.60456, "log_pop_c": -0.287993, "log_mass_c": -0.268627}, {"country_iso": "GHA", "city_id": 1785, "log_pop": 3.918704, "log_mass": 6.226436, "log_pop_c": 0.405267, "log_mass_c": 0.325527}, {"country_iso": "GHA", "city_id": 1910, "log_pop": 4.148177, "log_mass": 6.380247, "log_pop_c": 0.651487, "log_mass_c": 0.50706}, {"country_iso": "GHA", "city_id": 1866, "log_pop": 2.453128, "log_mass": 4.644413, "log_pop_c": -0.521658, "log_mass_c": -0.757251}, {"country_iso": "GHA", "city_id": 1910, "log_pop": 4.61349, "log_mass": 6.515212, "log_pop_c": 1.116799, "log_mass_c": 0.642025}, {"country_iso": "GHA", "city_id": 1910, "log_pop": 4.095709, "log_mass": 6.437439, "log_pop_c": 0.599018, "log_mass_c": 0.564253}, {"country_iso": "GHA", "city_id": 1779, "log_pop": 3.940951, "log_mass": 6.040203, "log_pop_c": 0.508394, "log_mass_c": 0.544712}, {"country_iso": "GHA", "city_id": 1910, "log_pop": 3.499984, "log_mass": 5.95436, "log_pop_c": 0.003294, "log_mass_c": 0.081173}, {"country_iso": "GHA", "city_id": 1785, "log_pop": 3.544757, "log_mass": 6.270436, "log_pop_c": 0.031319, "log_mass_c": 0.369527}, {"country_iso": "GHA", "city_id": 1910, "log_pop": 4.540307, "log_mass": 6.30728, "log_pop_c": 1.043616, "log_mass_c": 0.434093}, {"country_iso": "GHA", "city_id": 1910, "log_pop": 3.60339, "log_mass": 6.210837, "log_pop_c": 0.106699, "log_mass_c": 0.337651}, {"country_iso": "GHA", "city_id": 1779, "log_pop": 3.815569, "log_mass": 5.736496, "log_pop_c": 0.383012, "log_mass_c": 0.241006}, {"country_iso": "GHA", "city_id": 1910, "log_pop": 3.518066, "log_mass": 6.103104, "log_pop_c": 0.021375, "log_mass_c": 0.229918}, {"country_iso": "GHA", "city_id": 1779, "log_pop": 4.014051, "log_mass": 5.993632, "log_pop_c": 0.581494, "log_mass_c": 0.498142}, {"country_iso": "GHA", "city_id": 1910, "log_pop": 4.237117, "log_mass": 6.388188, "log_pop_c": 0.740426, "log_mass_c": 0.515001}, {"country_iso": "GHA", "city_id": 1785, "log_pop": 4.217843, "log_mass": 6.213493, "log_pop_c": 0.704405, "log_mass_c": 0.312584}, {"country_iso": "GHA", "city_id": 1910, "log_pop": 1.314318, "log_mass": 4.246808, "log_pop_c": -2.182372, "log_mass_c": -1.626379}, {"country_iso": "GHA", "city_id": 1910, "log_pop": 3.899324, "log_mass": 6.251099, "log_pop_c": 0.402633, "log_mass_c": 0.377912}, {"country_iso": "GHA", "city_id": 1910, "log_pop": 4.690257, "log_mass": 6.513793, "log_pop_c": 1.193567, "log_mass_c": 0.640606}, {"country_iso": "GHA", "city_id": 1785, "log_pop": 4.725818, "log_mass": 6.435918, "log_pop_c": 1.212381, "log_mass_c": 0.535009}, {"country_iso": "GHA", "city_id": 1910, "log_pop": 3.599473, "log_mass": 6.111929, "log_pop_c": 0.102782, "log_mass_c": 0.238742}, {"country_iso": "GHA", "city_id": 1910, "log_pop": 3.54217, "log_mass": 6.371284, "log_pop_c": 0.045479, "log_mass_c": 0.498097}, {"country_iso": "GHA", "city_id": 1785, "log_pop": 2.327578, "log_mass": 4.842336, "log_pop_c": -1.18586, "log_mass_c": -1.058573}, {"country_iso": "GHA", "city_id": 1866, "log_pop": 1.506208, "log_mass": 3.798831, "log_pop_c": -1.468579, "log_mass_c": -1.602832}, {"country_iso": "GHA", "city_id": 1785, "log_pop": 4.606393, "log_mass": 6.369312, "log_pop_c": 1.092955, "log_mass_c": 0.468404}, {"country_iso": "GHA", "city_id": 1910, "log_pop": 3.790195, "log_mass": 6.243225, "log_pop_c": 0.293504, "log_mass_c": 0.370039}, {"country_iso": "GHA", "city_id": 1910, "log_pop": 4.3163, "log_mass": 6.358407, "log_pop_c": 0.819609, "log_mass_c": 0.48522}, {"country_iso": "GHA", "city_id": 1785, "log_pop": 2.82869, "log_mass": 5.652212, "log_pop_c": -0.684748, "log_mass_c": -0.248697}, {"country_iso": "GHA", "city_id": 1910, "log_pop": 4.65125, "log_mass": 6.512989, "log_pop_c": 1.154559, "log_mass_c": 0.639802}, {"country_iso": "GHA", "city_id": 1910, "log_pop": 3.867396, "log_mass": 5.817316, "log_pop_c": 0.370705, "log_mass_c": -0.05587}, {"country_iso": "GHA", "city_id": 1785, "log_pop": 2.77712, "log_mass": 5.629153, "log_pop_c": -0.736318, "log_mass_c": -0.271756}, {"country_iso": "GHA", "city_id": 1785, "log_pop": 3.081218, "log_mass": 6.029862, "log_pop_c": -0.43222, "log_mass_c": 0.128954}, {"country_iso": "GHA", "city_id": 1910, "log_pop": 0.524183, "log_mass": 3.172473, "log_pop_c": -2.972508, "log_mass_c": -2.700714}, {"country_iso": "GHA", "city_id": 1785, "log_pop": 3.351125, "log_mass": 5.6218, "log_pop_c": -0.162313, "log_mass_c": -0.279108}, {"country_iso": "GHA", "city_id": 1910, "log_pop": 4.271237, "log_mass": 6.191921, "log_pop_c": 0.774546, "log_mass_c": 0.318735}, {"country_iso": "GHA", "city_id": 1910, "log_pop": 3.692208, "log_mass": 6.215873, "log_pop_c": 0.195518, "log_mass_c": 0.342686}, {"country_iso": "GHA", "city_id": 1785, "log_pop": 3.404715, "log_mass": 5.956488, "log_pop_c": -0.108723, "log_mass_c": 0.055579}, {"country_iso": "GHA", "city_id": 1910, "log_pop": 4.190126, "log_mass": 6.436494, "log_pop_c": 0.693435, "log_mass_c": 0.563308}, {"country_iso": "GHA", "city_id": 1910, "log_pop": 3.673632, "log_mass": 6.040734, "log_pop_c": 0.176941, "log_mass_c": 0.167548}, {"country_iso": "GHA", "city_id": 1910, "log_pop": 3.681418, "log_mass": 6.225968, "log_pop_c": 0.184728, "log_mass_c": 0.352782}, {"country_iso": "GHA", "city_id": 1785, "log_pop": 3.18878, "log_mass": 5.926386, "log_pop_c": -0.324658, "log_mass_c": 0.025477}, {"country_iso": "GHA", "city_id": 1910, "log_pop": 3.741445, "log_mass": 6.357658, "log_pop_c": 0.244754, "log_mass_c": 0.484471}, {"country_iso": "GHA", "city_id": 1910, "log_pop": 4.560418, "log_mass": 6.380895, "log_pop_c": 1.063727, "log_mass_c": 0.507708}, {"country_iso": "GHA", "city_id": 1910, "log_pop": 3.560733, "log_mass": 5.907986, "log_pop_c": 0.064043, "log_mass_c": 0.034799}, {"country_iso": "GHA", "city_id": 1866, "log_pop": 4.057054, "log_mass": 6.45083, "log_pop_c": 1.082267, "log_mass_c": 1.049166}, {"country_iso": "GHA", "city_id": 1910, "log_pop": 3.700233, "log_mass": 6.19353, "log_pop_c": 0.203542, "log_mass_c": 0.320343}, {"country_iso": "GHA", "city_id": 1866, "log_pop": 3.420027, "log_mass": 5.949954, "log_pop_c": 0.445241, "log_mass_c": 0.54829}, {"country_iso": "GHA", "city_id": 1910, "log_pop": 2.002472, "log_mass": 4.74806, "log_pop_c": -1.494218, "log_mass_c": -1.125127}, {"country_iso": "GHA", "city_id": 1779, "log_pop": 4.263552, "log_mass": 6.219935, "log_pop_c": 0.830995, "log_mass_c": 0.724444}, {"country_iso": "GHA", "city_id": 1785, "log_pop": 2.471532, "log_mass": 5.567318, "log_pop_c": -1.041906, "log_mass_c": -0.333591}, {"country_iso": "GHA", "city_id": 1910, "log_pop": 3.130573, "log_mass": 5.986539, "log_pop_c": -0.366118, "log_mass_c": 0.113353}, {"country_iso": "GHA", "city_id": 1910, "log_pop": 3.384612, "log_mass": 6.024214, "log_pop_c": -0.112079, "log_mass_c": 0.151028}, {"country_iso": "GHA", "city_id": 1779, "log_pop": 4.157464, "log_mass": 6.176271, "log_pop_c": 0.724907, "log_mass_c": 0.68078}, {"country_iso": "GHA", "city_id": 1910, "log_pop": 3.999205, "log_mass": 5.816262, "log_pop_c": 0.502515, "log_mass_c": -0.056925}, {"country_iso": "GHA", "city_id": 1785, "log_pop": 1.349968, "log_mass": 4.058199, "log_pop_c": -2.163469, "log_mass_c": -1.84271}, {"country_iso": "GHA", "city_id": 1779, "log_pop": 2.761371, "log_mass": 4.708115, "log_pop_c": -0.671186, "log_mass_c": -0.787375}, {"country_iso": "GHA", "city_id": 1785, "log_pop": 4.430271, "log_mass": 6.433654, "log_pop_c": 0.916833, "log_mass_c": 0.532745}, {"country_iso": "GHA", "city_id": 1910, "log_pop": 4.803965, "log_mass": 6.599142, "log_pop_c": 1.307275, "log_mass_c": 0.725956}, {"country_iso": "GHA", "city_id": 1910, "log_pop": 4.058681, "log_mass": 6.344959, "log_pop_c": 0.56199, "log_mass_c": 0.471772}, {"country_iso": "GHA", "city_id": 1910, "log_pop": 4.285186, "log_mass": 6.444385, "log_pop_c": 0.788496, "log_mass_c": 0.571198}, {"country_iso": "GHA", "city_id": 1822, "log_pop": 3.278953, "log_mass": 5.710992, "log_pop_c": 0.248594, "log_mass_c": 0.366982}, {"country_iso": "GHA", "city_id": 1785, "log_pop": 3.470302, "log_mass": 5.992522, "log_pop_c": -0.043136, "log_mass_c": 0.091614}, {"country_iso": "GHA", "city_id": 1779, "log_pop": 4.04101, "log_mass": 5.922962, "log_pop_c": 0.608453, "log_mass_c": 0.427471}, {"country_iso": "GHA", "city_id": 1785, "log_pop": 4.685136, "log_mass": 6.383657, "log_pop_c": 1.171698, "log_mass_c": 0.482748}, {"country_iso": "GHA", "city_id": 1910, "log_pop": 2.270018, "log_mass": 4.708023, "log_pop_c": -1.226673, "log_mass_c": -1.165164}, {"country_iso": "GHA", "city_id": 1910, "log_pop": 3.679508, "log_mass": 6.139995, "log_pop_c": 0.182818, "log_mass_c": 0.266809}, {"country_iso": "GHA", "city_id": 1785, "log_pop": 3.937118, "log_mass": 6.490543, "log_pop_c": 0.42368, "log_mass_c": 0.589634}, {"country_iso": "GHA", "city_id": 1910, "log_pop": 2.122635, "log_mass": 4.87948, "log_pop_c": -1.374056, "log_mass_c": -0.993706}, {"country_iso": "GHA", "city_id": 1785, "log_pop": 3.372364, "log_mass": 6.062873, "log_pop_c": -0.141074, "log_mass_c": 0.161964}, {"country_iso": "GHA", "city_id": 1822, "log_pop": 3.485108, "log_mass": 5.722296, "log_pop_c": 0.454749, "log_mass_c": 0.378286}, {"country_iso": "GHA", "city_id": 1910, "log_pop": 4.305501, "log_mass": 6.446145, "log_pop_c": 0.80881, "log_mass_c": 0.572958}, {"country_iso": "GHA", "city_id": 1785, "log_pop": 4.69905, "log_mass": 6.501319, "log_pop_c": 1.185612, "log_mass_c": 0.60041}, {"country_iso": "GHA", "city_id": 1785, "log_pop": 3.390513, "log_mass": 6.241837, "log_pop_c": -0.122925, "log_mass_c": 0.340928}, {"country_iso": "GHA", "city_id": 1910, "log_pop": 4.055262, "log_mass": 6.350894, "log_pop_c": 0.558571, "log_mass_c": 0.477707}, {"country_iso": "GHA", "city_id": 1779, "log_pop": 3.604611, "log_mass": 5.484404, "log_pop_c": 0.172054, "log_mass_c": -0.011086}, {"country_iso": "GHA", "city_id": 1910, "log_pop": 3.298202, "log_mass": 5.826537, "log_pop_c": -0.198488, "log_mass_c": -0.04665}, {"country_iso": "GHA", "city_id": 1822, "log_pop": 3.18601, "log_mass": 5.337722, "log_pop_c": 0.15565, "log_mass_c": -0.006289}, {"country_iso": "GHA", "city_id": 1779, "log_pop": 2.798423, "log_mass": 4.680527, "log_pop_c": -0.634134, "log_mass_c": -0.814963}, {"country_iso": "GHA", "city_id": 1910, "log_pop": 2.304637, "log_mass": 4.906733, "log_pop_c": -1.192054, "log_mass_c": -0.966454}, {"country_iso": "GHA", "city_id": 1866, "log_pop": 2.50498, "log_mass": 5.105134, "log_pop_c": -0.469807, "log_mass_c": -0.29653}, {"country_iso": "GHA", "city_id": 1785, "log_pop": 2.811999, "log_mass": 5.676898, "log_pop_c": -0.701439, "log_mass_c": -0.22401}, {"country_iso": "GHA", "city_id": 1910, "log_pop": 3.761292, "log_mass": 6.216126, "log_pop_c": 0.264601, "log_mass_c": 0.342939}, {"country_iso": "GHA", "city_id": 1910, "log_pop": 2.873245, "log_mass": 5.502551, "log_pop_c": -0.623445, "log_mass_c": -0.370636}, {"country_iso": "GHA", "city_id": 1785, "log_pop": 4.569311, "log_mass": 6.340022, "log_pop_c": 1.055874, "log_mass_c": 0.439113}, {"country_iso": "GHA", "city_id": 1910, "log_pop": 0.792012, "log_mass": 4.714135, "log_pop_c": -2.704679, "log_mass_c": -1.159052}, {"country_iso": "GHA", "city_id": 1822, "log_pop": 3.617952, "log_mass": 5.842273, "log_pop_c": 0.587593, "log_mass_c": 0.498262}, {"country_iso": "GHA", "city_id": 1785, "log_pop": 4.134139, "log_mass": 6.268766, "log_pop_c": 0.620702, "log_mass_c": 0.367857}, {"country_iso": "GHA", "city_id": 1785, "log_pop": 2.385749, "log_mass": 5.276234, "log_pop_c": -1.127688, "log_mass_c": -0.624674}, {"country_iso": "GHA", "city_id": 1910, "log_pop": 4.525822, "log_mass": 6.444764, "log_pop_c": 1.029131, "log_mass_c": 0.571577}, {"country_iso": "GHA", "city_id": 1779, "log_pop": 2.814885, "log_mass": 4.794897, "log_pop_c": -0.617672, "log_mass_c": -0.700593}, {"country_iso": "GHA", "city_id": 1910, "log_pop": 3.598873, "log_mass": 5.892007, "log_pop_c": 0.102182, "log_mass_c": 0.01882}, {"country_iso": "GHA", "city_id": 1779, "log_pop": 4.10222, "log_mass": 6.071908, "log_pop_c": 0.669663, "log_mass_c": 0.576417}, {"country_iso": "GHA", "city_id": 1910, "log_pop": 1.986426, "log_mass": 5.115921, "log_pop_c": -1.510265, "log_mass_c": -0.757266}, {"country_iso": "GHA", "city_id": 1779, "log_pop": 4.21455, "log_mass": 6.077863, "log_pop_c": 0.781993, "log_mass_c": 0.582373}, {"country_iso": "GHA", "city_id": 1910, "log_pop": 3.494607, "log_mass": 6.004718, "log_pop_c": -0.002084, "log_mass_c": 0.131531}, {"country_iso": "GHA", "city_id": 1910, "log_pop": 3.234299, "log_mass": 5.765693, "log_pop_c": -0.262391, "log_mass_c": -0.107494}, {"country_iso": "GHA", "city_id": 1779, "log_pop": 4.067573, "log_mass": 6.014676, "log_pop_c": 0.635016, "log_mass_c": 0.519186}, {"country_iso": "GHA", "city_id": 1785, "log_pop": 4.466438, "log_mass": 6.382879, "log_pop_c": 0.953, "log_mass_c": 0.481971}, {"country_iso": "GHA", "city_id": 1910, "log_pop": 4.657529, "log_mass": 6.468196, "log_pop_c": 1.160838, "log_mass_c": 0.595009}, {"country_iso": "GHA", "city_id": 1822, "log_pop": 3.284439, "log_mass": 5.536571, "log_pop_c": 0.25408, "log_mass_c": 0.19256}, {"country_iso": "GHA", "city_id": 1910, "log_pop": 3.977731, "log_mass": 6.230902, "log_pop_c": 0.48104, "log_mass_c": 0.357715}, {"country_iso": "GHA", "city_id": 1910, "log_pop": 1.64506, "log_mass": 4.586363, "log_pop_c": -1.851631, "log_mass_c": -1.286824}, {"country_iso": "GHA", "city_id": 1910, "log_pop": 3.446536, "log_mass": 5.834896, "log_pop_c": -0.050155, "log_mass_c": -0.038291}, {"country_iso": "GHA", "city_id": 1822, "log_pop": 3.784745, "log_mass": 5.938076, "log_pop_c": 0.754386, "log_mass_c": 0.594066}, {"country_iso": "GHA", "city_id": 1785, "log_pop": 4.10111, "log_mass": 6.169164, "log_pop_c": 0.587672, "log_mass_c": 0.268255}, {"country_iso": "GHA", "city_id": 1785, "log_pop": 2.034263, "log_mass": 5.000684, "log_pop_c": -1.479175, "log_mass_c": -0.900225}, {"country_iso": "GHA", "city_id": 1822, "log_pop": 3.506989, "log_mass": 5.615301, "log_pop_c": 0.47663, "log_mass_c": 0.271291}, {"country_iso": "GHA", "city_id": 1779, "log_pop": 3.023786, "log_mass": 5.577041, "log_pop_c": -0.408772, "log_mass_c": 0.081551}, {"country_iso": "GHA", "city_id": 1910, "log_pop": 3.134216, "log_mass": 6.21241, "log_pop_c": -0.362475, "log_mass_c": 0.339223}, {"country_iso": "GHA", "city_id": 1910, "log_pop": 3.993835, "log_mass": 6.408016, "log_pop_c": 0.497145, "log_mass_c": 0.53483}, {"country_iso": "GHA", "city_id": 1910, "log_pop": 3.976547, "log_mass": 6.282275, "log_pop_c": 0.479857, "log_mass_c": 0.409088}, {"country_iso": "GHA", "city_id": 1779, "log_pop": 3.539834, "log_mass": 5.536143, "log_pop_c": 0.107277, "log_mass_c": 0.040653}, {"country_iso": "GHA", "city_id": 1910, "log_pop": 4.076292, "log_mass": 6.418353, "log_pop_c": 0.579601, "log_mass_c": 0.545166}, {"country_iso": "GHA", "city_id": 1910, "log_pop": 3.150847, "log_mass": 5.166085, "log_pop_c": -0.345843, "log_mass_c": -0.707101}, {"country_iso": "GHA", "city_id": 1910, "log_pop": 3.084079, "log_mass": 5.447568, "log_pop_c": -0.412612, "log_mass_c": -0.425618}, {"country_iso": "GHA", "city_id": 1910, "log_pop": 4.319817, "log_mass": 6.433156, "log_pop_c": 0.823126, "log_mass_c": 0.559969}, {"country_iso": "GHA", "city_id": 1785, "log_pop": 4.277263, "log_mass": 6.345912, "log_pop_c": 0.763825, "log_mass_c": 0.445003}, {"country_iso": "GHA", "city_id": 1910, "log_pop": 4.092612, "log_mass": 6.396685, "log_pop_c": 0.595922, "log_mass_c": 0.523498}, {"country_iso": "GHA", "city_id": 1910, "log_pop": 3.796214, "log_mass": 6.301678, "log_pop_c": 0.299523, "log_mass_c": 0.428491}, {"country_iso": "GHA", "city_id": 1910, "log_pop": 3.92907, "log_mass": 6.221798, "log_pop_c": 0.432379, "log_mass_c": 0.348611}, {"country_iso": "GHA", "city_id": 1910, "log_pop": 3.55806, "log_mass": 6.334482, "log_pop_c": 0.06137, "log_mass_c": 0.461295}, {"country_iso": "GHA", "city_id": 1910, "log_pop": 4.724608, "log_mass": 6.423735, "log_pop_c": 1.227918, "log_mass_c": 0.550548}, {"country_iso": "GHA", "city_id": 1910, "log_pop": 2.777613, "log_mass": 5.170844, "log_pop_c": -0.719078, "log_mass_c": -0.702343}, {"country_iso": "GHA", "city_id": 1785, "log_pop": 3.362926, "log_mass": 6.253225, "log_pop_c": -0.150512, "log_mass_c": 0.352317}, {"country_iso": "GHA", "city_id": 1785, "log_pop": 3.550103, "log_mass": 6.301396, "log_pop_c": 0.036665, "log_mass_c": 0.400487}, {"country_iso": "GHA", "city_id": 1910, "log_pop": 3.764531, "log_mass": 5.674751, "log_pop_c": 0.267841, "log_mass_c": -0.198435}, {"country_iso": "GHA", "city_id": 1910, "log_pop": 3.459241, "log_mass": 5.986881, "log_pop_c": -0.03745, "log_mass_c": 0.113694}, {"country_iso": "GHA", "city_id": 1910, "log_pop": 2.798238, "log_mass": 5.507386, "log_pop_c": -0.698453, "log_mass_c": -0.365801}, {"country_iso": "GHA", "city_id": 1910, "log_pop": 4.127353, "log_mass": 6.316724, "log_pop_c": 0.630662, "log_mass_c": 0.443537}, {"country_iso": "GHA", "city_id": 1866, "log_pop": 3.251434, "log_mass": 5.638404, "log_pop_c": 0.276647, "log_mass_c": 0.23674}, {"country_iso": "GHA", "city_id": 1910, "log_pop": 3.172774, "log_mass": 5.576223, "log_pop_c": -0.323917, "log_mass_c": -0.296964}, {"country_iso": "GHA", "city_id": 1910, "log_pop": 4.156343, "log_mass": 6.393298, "log_pop_c": 0.659652, "log_mass_c": 0.520111}, {"country_iso": "GHA", "city_id": 1910, "log_pop": 4.34376, "log_mass": 6.184919, "log_pop_c": 0.847069, "log_mass_c": 0.311732}, {"country_iso": "GHA", "city_id": 1910, "log_pop": 3.032602, "log_mass": 5.727396, "log_pop_c": -0.464089, "log_mass_c": -0.145791}, {"country_iso": "GHA", "city_id": 1785, "log_pop": 4.206832, "log_mass": 6.181053, "log_pop_c": 0.693395, "log_mass_c": 0.280144}, {"country_iso": "GHA", "city_id": 1785, "log_pop": 3.254314, "log_mass": 5.908879, "log_pop_c": -0.259124, "log_mass_c": 0.00797}, {"country_iso": "GHA", "city_id": 1866, "log_pop": 2.305349, "log_mass": 4.698384, "log_pop_c": -0.669437, "log_mass_c": -0.70328}, {"country_iso": "GHA", "city_id": 1910, "log_pop": 3.872857, "log_mass": 6.07228, "log_pop_c": 0.376166, "log_mass_c": 0.199093}, {"country_iso": "GHA", "city_id": 1910, "log_pop": 0.603016, "log_mass": 3.132077, "log_pop_c": -2.893675, "log_mass_c": -2.74111}, {"country_iso": "GHA", "city_id": 1910, "log_pop": 3.818462, "log_mass": 6.387048, "log_pop_c": 0.321772, "log_mass_c": 0.513861}, {"country_iso": "GHA", "city_id": 1910, "log_pop": 3.365694, "log_mass": 6.055013, "log_pop_c": -0.130996, "log_mass_c": 0.181826}, {"country_iso": "GHA", "city_id": 1910, "log_pop": 4.465964, "log_mass": 6.421678, "log_pop_c": 0.969273, "log_mass_c": 0.548491}, {"country_iso": "GHA", "city_id": 1910, "log_pop": 4.568899, "log_mass": 6.411101, "log_pop_c": 1.072208, "log_mass_c": 0.537915}, {"country_iso": "GHA", "city_id": 1785, "log_pop": 3.45526, "log_mass": 5.657015, "log_pop_c": -0.058177, "log_mass_c": -0.243894}, {"country_iso": "GHA", "city_id": 1866, "log_pop": 4.11269, "log_mass": 6.409188, "log_pop_c": 1.137903, "log_mass_c": 1.007524}, {"country_iso": "GHA", "city_id": 1910, "log_pop": 2.707925, "log_mass": 5.334678, "log_pop_c": -0.788765, "log_mass_c": -0.538508}, {"country_iso": "GHA", "city_id": 1910, "log_pop": 4.190133, "log_mass": 5.921027, "log_pop_c": 0.693442, "log_mass_c": 0.04784}, {"country_iso": "GHA", "city_id": 1910, "log_pop": 4.657518, "log_mass": 6.418845, "log_pop_c": 1.160828, "log_mass_c": 0.545658}, {"country_iso": "GHA", "city_id": 1785, "log_pop": 2.339315, "log_mass": 4.95771, "log_pop_c": -1.174122, "log_mass_c": -0.943199}, {"country_iso": "GHA", "city_id": 1785, "log_pop": 4.512985, "log_mass": 6.302902, "log_pop_c": 0.999547, "log_mass_c": 0.401993}, {"country_iso": "GHA", "city_id": 1866, "log_pop": 3.517672, "log_mass": 5.985707, "log_pop_c": 0.542886, "log_mass_c": 0.584043}, {"country_iso": "GHA", "city_id": 1785, "log_pop": 4.613264, "log_mass": 6.294241, "log_pop_c": 1.099826, "log_mass_c": 0.393332}, {"country_iso": "GHA", "city_id": 1785, "log_pop": 4.226916, "log_mass": 6.313562, "log_pop_c": 0.713478, "log_mass_c": 0.412653}, {"country_iso": "GHA", "city_id": 1910, "log_pop": 4.631859, "log_mass": 6.360923, "log_pop_c": 1.135168, "log_mass_c": 0.487736}, {"country_iso": "GHA", "city_id": 1910, "log_pop": 2.468488, "log_mass": 5.202812, "log_pop_c": -1.028203, "log_mass_c": -0.670374}, {"country_iso": "GHA", "city_id": 1910, "log_pop": 4.401584, "log_mass": 6.216927, "log_pop_c": 0.904893, "log_mass_c": 0.343741}, {"country_iso": "GHA", "city_id": 1910, "log_pop": 3.087103, "log_mass": 5.620991, "log_pop_c": -0.409587, "log_mass_c": -0.252195}, {"country_iso": "GHA", "city_id": 1785, "log_pop": 4.781421, "log_mass": 6.453366, "log_pop_c": 1.267983, "log_mass_c": 0.552457}, {"country_iso": "GHA", "city_id": 1910, "log_pop": 3.308698, "log_mass": 5.690099, "log_pop_c": -0.187992, "log_mass_c": -0.183088}, {"country_iso": "GHA", "city_id": 1910, "log_pop": 3.190115, "log_mass": 5.839726, "log_pop_c": -0.306576, "log_mass_c": -0.03346}, {"country_iso": "GHA", "city_id": 1785, "log_pop": 3.120534, "log_mass": 5.82936, "log_pop_c": -0.392904, "log_mass_c": -0.071549}, {"country_iso": "GHA", "city_id": 1785, "log_pop": 4.669294, "log_mass": 6.380152, "log_pop_c": 1.155857, "log_mass_c": 0.479243}, {"country_iso": "GHA", "city_id": 1910, "log_pop": 4.654999, "log_mass": 6.410739, "log_pop_c": 1.158308, "log_mass_c": 0.537552}, {"country_iso": "GHA", "city_id": 1910, "log_pop": 4.155425, "log_mass": 6.413296, "log_pop_c": 0.658734, "log_mass_c": 0.540109}, {"country_iso": "GHA", "city_id": 1910, "log_pop": 4.063239, "log_mass": 6.387941, "log_pop_c": 0.566549, "log_mass_c": 0.514754}, {"country_iso": "GHA", "city_id": 1785, "log_pop": 4.733984, "log_mass": 6.452325, "log_pop_c": 1.220547, "log_mass_c": 0.551416}, {"country_iso": "GHA", "city_id": 1779, "log_pop": 2.670973, "log_mass": 4.839035, "log_pop_c": -0.761584, "log_mass_c": -0.656455}, {"country_iso": "GHA", "city_id": 1785, "log_pop": 2.811187, "log_mass": 5.936495, "log_pop_c": -0.702251, "log_mass_c": 0.035587}, {"country_iso": "GHA", "city_id": 1910, "log_pop": 3.188429, "log_mass": 5.869158, "log_pop_c": -0.308262, "log_mass_c": -0.004029}, {"country_iso": "GHA", "city_id": 1910, "log_pop": 4.223292, "log_mass": 6.432837, "log_pop_c": 0.726601, "log_mass_c": 0.55965}, {"country_iso": "GHA", "city_id": 1910, "log_pop": 2.089616, "log_mass": 4.604798, "log_pop_c": -1.407075, "log_mass_c": -1.268389}, {"country_iso": "GHA", "city_id": 1785, "log_pop": 3.426881, "log_mass": 5.503543, "log_pop_c": -0.086557, "log_mass_c": -0.397366}, {"country_iso": "GHA", "city_id": 1910, "log_pop": 3.882105, "log_mass": 6.296345, "log_pop_c": 0.385415, "log_mass_c": 0.423158}, {"country_iso": "GHA", "city_id": 1822, "log_pop": 1.270511, "log_mass": 3.619547, "log_pop_c": -1.759848, "log_mass_c": -1.724463}, {"country_iso": "GHA", "city_id": 1910, "log_pop": 2.177227, "log_mass": 4.873194, "log_pop_c": -1.319464, "log_mass_c": -0.999993}, {"country_iso": "GHA", "city_id": 1910, "log_pop": 3.619418, "log_mass": 5.943371, "log_pop_c": 0.122727, "log_mass_c": 0.070184}, {"country_iso": "GHA", "city_id": 1866, "log_pop": 3.705691, "log_mass": 6.105112, "log_pop_c": 0.730905, "log_mass_c": 0.703448}, {"country_iso": "GHA", "city_id": 1910, "log_pop": 3.14172, "log_mass": 5.619778, "log_pop_c": -0.354971, "log_mass_c": -0.253408}, {"country_iso": "GHA", "city_id": 1779, "log_pop": 2.984035, "log_mass": 5.625149, "log_pop_c": -0.448522, "log_mass_c": 0.129658}, {"country_iso": "GHA", "city_id": 1910, "log_pop": 3.17895, "log_mass": 5.598095, "log_pop_c": -0.31774, "log_mass_c": -0.275092}, {"country_iso": "GHA", "city_id": 1910, "log_pop": 3.421327, "log_mass": 5.445175, "log_pop_c": -0.075364, "log_mass_c": -0.428012}, {"country_iso": "GHA", "city_id": 1910, "log_pop": 3.798897, "log_mass": 5.928413, "log_pop_c": 0.302206, "log_mass_c": 0.055227}, {"country_iso": "GHA", "city_id": 1910, "log_pop": 4.008287, "log_mass": 6.333032, "log_pop_c": 0.511596, "log_mass_c": 0.459845}, {"country_iso": "GHA", "city_id": 1910, "log_pop": 4.460436, "log_mass": 6.430691, "log_pop_c": 0.963745, "log_mass_c": 0.557504}, {"country_iso": "GHA", "city_id": 1910, "log_pop": 2.257709, "log_mass": 5.07631, "log_pop_c": -1.238981, "log_mass_c": -0.796877}, {"country_iso": "GHA", "city_id": 1779, "log_pop": 3.793272, "log_mass": 5.809134, "log_pop_c": 0.360715, "log_mass_c": 0.313643}, {"country_iso": "GHA", "city_id": 1785, "log_pop": 1.017581, "log_mass": 3.824604, "log_pop_c": -2.495857, "log_mass_c": -2.076305}, {"country_iso": "GHA", "city_id": 1785, "log_pop": 3.039669, "log_mass": 5.558012, "log_pop_c": -0.473769, "log_mass_c": -0.342897}, {"country_iso": "GHA", "city_id": 1910, "log_pop": 3.484751, "log_mass": 6.106033, "log_pop_c": -0.011939, "log_mass_c": 0.232846}, {"country_iso": "GHA", "city_id": 1910, "log_pop": 3.421897, "log_mass": 6.379762, "log_pop_c": -0.074794, "log_mass_c": 0.506575}, {"country_iso": "GHA", "city_id": 1910, "log_pop": 3.675263, "log_mass": 6.059083, "log_pop_c": 0.178573, "log_mass_c": 0.185896}, {"country_iso": "GHA", "city_id": 1910, "log_pop": 3.16767, "log_mass": 6.047393, "log_pop_c": -0.329021, "log_mass_c": 0.174206}, {"country_iso": "GHA", "city_id": 1785, "log_pop": 4.078881, "log_mass": 6.3059, "log_pop_c": 0.565443, "log_mass_c": 0.404991}, {"country_iso": "GHA", "city_id": 1910, "log_pop": 4.733532, "log_mass": 6.507095, "log_pop_c": 1.236841, "log_mass_c": 0.633908}, {"country_iso": "GHA", "city_id": 1910, "log_pop": 1.476594, "log_mass": 3.976666, "log_pop_c": -2.020097, "log_mass_c": -1.896521}, {"country_iso": "GHA", "city_id": 1910, "log_pop": 3.967061, "log_mass": 6.388425, "log_pop_c": 0.470371, "log_mass_c": 0.515238}, {"country_iso": "GHA", "city_id": 1910, "log_pop": 3.008637, "log_mass": 5.78943, "log_pop_c": -0.488054, "log_mass_c": -0.083757}, {"country_iso": "GHA", "city_id": 1910, "log_pop": 3.605879, "log_mass": 6.185735, "log_pop_c": 0.109188, "log_mass_c": 0.312548}, {"country_iso": "GHA", "city_id": 1785, "log_pop": 4.154758, "log_mass": 6.021038, "log_pop_c": 0.641321, "log_mass_c": 0.120129}, {"country_iso": "GHA", "city_id": 1910, "log_pop": 0.13391, "log_mass": 2.896516, "log_pop_c": -3.36278, "log_mass_c": -2.97667}, {"country_iso": "GHA", "city_id": 1910, "log_pop": 2.225018, "log_mass": 4.956603, "log_pop_c": -1.271672, "log_mass_c": -0.916584}, {"country_iso": "GHA", "city_id": 1910, "log_pop": 3.968353, "log_mass": 6.302857, "log_pop_c": 0.471663, "log_mass_c": 0.429671}, {"country_iso": "GHA", "city_id": 1910, "log_pop": 3.32458, "log_mass": 5.710895, "log_pop_c": -0.17211, "log_mass_c": -0.162292}, {"country_iso": "GHA", "city_id": 1910, "log_pop": 3.500527, "log_mass": 6.299342, "log_pop_c": 0.003836, "log_mass_c": 0.426155}, {"country_iso": "GHA", "city_id": 1785, "log_pop": 4.084106, "log_mass": 6.377876, "log_pop_c": 0.570668, "log_mass_c": 0.476968}, {"country_iso": "GHA", "city_id": 1785, "log_pop": 3.922618, "log_mass": 6.286084, "log_pop_c": 0.40918, "log_mass_c": 0.385175}, {"country_iso": "GHA", "city_id": 1910, "log_pop": 4.573146, "log_mass": 6.368303, "log_pop_c": 1.076455, "log_mass_c": 0.495116}, {"country_iso": "GHA", "city_id": 1785, "log_pop": 4.405196, "log_mass": 6.254567, "log_pop_c": 0.891759, "log_mass_c": 0.353658}, {"country_iso": "GHA", "city_id": 1910, "log_pop": 3.08888, "log_mass": 5.606889, "log_pop_c": -0.407811, "log_mass_c": -0.266298}, {"country_iso": "GHA", "city_id": 1785, "log_pop": 4.473654, "log_mass": 6.309513, "log_pop_c": 0.960216, "log_mass_c": 0.408604}, {"country_iso": "GHA", "city_id": 1910, "log_pop": 3.566906, "log_mass": 6.097815, "log_pop_c": 0.070215, "log_mass_c": 0.224628}, {"country_iso": "GHA", "city_id": 1785, "log_pop": 3.328484, "log_mass": 6.027803, "log_pop_c": -0.184953, "log_mass_c": 0.126894}, {"country_iso": "GHA", "city_id": 1910, "log_pop": 3.234779, "log_mass": 5.850641, "log_pop_c": -0.261912, "log_mass_c": -0.022545}, {"country_iso": "GHA", "city_id": 1785, "log_pop": 2.24176, "log_mass": 5.381182, "log_pop_c": -1.271678, "log_mass_c": -0.519727}, {"country_iso": "GHA", "city_id": 1785, "log_pop": 3.429747, "log_mass": 5.659144, "log_pop_c": -0.083691, "log_mass_c": -0.241764}, {"country_iso": "GHA", "city_id": 1910, "log_pop": 2.148142, "log_mass": 4.395843, "log_pop_c": -1.348549, "log_mass_c": -1.477344}, {"country_iso": "GHA", "city_id": 1785, "log_pop": 2.829921, "log_mass": 5.89775, "log_pop_c": -0.683517, "log_mass_c": -0.003159}, {"country_iso": "GHA", "city_id": 1910, "log_pop": 3.286795, "log_mass": 5.670177, "log_pop_c": -0.209895, "log_mass_c": -0.203009}, {"country_iso": "GHA", "city_id": 1910, "log_pop": 4.6593, "log_mass": 6.484915, "log_pop_c": 1.162609, "log_mass_c": 0.611729}, {"country_iso": "GHA", "city_id": 1910, "log_pop": 1.587107, "log_mass": 4.314275, "log_pop_c": -1.909584, "log_mass_c": -1.558912}, {"country_iso": "GHA", "city_id": 1785, "log_pop": 3.355181, "log_mass": 6.030111, "log_pop_c": -0.158257, "log_mass_c": 0.129202}, {"country_iso": "GHA", "city_id": 1910, "log_pop": 3.978184, "log_mass": 6.2784, "log_pop_c": 0.481494, "log_mass_c": 0.405213}, {"country_iso": "GHA", "city_id": 1785, "log_pop": 3.162415, "log_mass": 6.025113, "log_pop_c": -0.351023, "log_mass_c": 0.124204}, {"country_iso": "GHA", "city_id": 1910, "log_pop": 3.247406, "log_mass": 5.574799, "log_pop_c": -0.249285, "log_mass_c": -0.298388}, {"country_iso": "GHA", "city_id": 1785, "log_pop": 0.573778, "log_mass": 3.350438, "log_pop_c": -2.93966, "log_mass_c": -2.550471}, {"country_iso": "GHA", "city_id": 1785, "log_pop": 3.792491, "log_mass": 6.370277, "log_pop_c": 0.279053, "log_mass_c": 0.469368}, {"country_iso": "GHA", "city_id": 1910, "log_pop": 4.350506, "log_mass": 6.466959, "log_pop_c": 0.853815, "log_mass_c": 0.593772}, {"country_iso": "GHA", "city_id": 1910, "log_pop": 3.072401, "log_mass": 5.743918, "log_pop_c": -0.424289, "log_mass_c": -0.129269}, {"country_iso": "GHA", "city_id": 1910, "log_pop": 3.828044, "log_mass": 6.111425, "log_pop_c": 0.331354, "log_mass_c": 0.238238}, {"country_iso": "GHA", "city_id": 1910, "log_pop": 3.868752, "log_mass": 6.231694, "log_pop_c": 0.372061, "log_mass_c": 0.358508}, {"country_iso": "GHA", "city_id": 1910, "log_pop": 3.837259, "log_mass": 6.346699, "log_pop_c": 0.340568, "log_mass_c": 0.473512}, {"country_iso": "GHA", "city_id": 1910, "log_pop": 4.457368, "log_mass": 6.479979, "log_pop_c": 0.960677, "log_mass_c": 0.606792}, {"country_iso": "GHA", "city_id": 1785, "log_pop": 1.222684, "log_mass": 4.109858, "log_pop_c": -2.290753, "log_mass_c": -1.791051}, {"country_iso": "GHA", "city_id": 1910, "log_pop": 4.072949, "log_mass": 5.978161, "log_pop_c": 0.576258, "log_mass_c": 0.104974}, {"country_iso": "GHA", "city_id": 1910, "log_pop": 3.840538, "log_mass": 6.115481, "log_pop_c": 0.343847, "log_mass_c": 0.242295}, {"country_iso": "GHA", "city_id": 1785, "log_pop": 4.716368, "log_mass": 6.453204, "log_pop_c": 1.20293, "log_mass_c": 0.552295}, {"country_iso": "GHA", "city_id": 1910, "log_pop": 4.241584, "log_mass": 6.314431, "log_pop_c": 0.744893, "log_mass_c": 0.441244}, {"country_iso": "GHA", "city_id": 1910, "log_pop": 3.983315, "log_mass": 6.348793, "log_pop_c": 0.486624, "log_mass_c": 0.475606}, {"country_iso": "GHA", "city_id": 1910, "log_pop": 3.91552, "log_mass": 6.1506, "log_pop_c": 0.418829, "log_mass_c": 0.277414}, {"country_iso": "GHA", "city_id": 1910, "log_pop": 1.854732, "log_mass": 4.599065, "log_pop_c": -1.641959, "log_mass_c": -1.274121}, {"country_iso": "GHA", "city_id": 1785, "log_pop": 3.15166, "log_mass": 5.518933, "log_pop_c": -0.361778, "log_mass_c": -0.381975}, {"country_iso": "GHA", "city_id": 1785, "log_pop": 4.685602, "log_mass": 6.375693, "log_pop_c": 1.172164, "log_mass_c": 0.474785}, {"country_iso": "GHA", "city_id": 1785, "log_pop": 2.734158, "log_mass": 5.58364, "log_pop_c": -0.77928, "log_mass_c": -0.317269}, {"country_iso": "GHA", "city_id": 1910, "log_pop": 3.176022, "log_mass": 5.466389, "log_pop_c": -0.320668, "log_mass_c": -0.406798}, {"country_iso": "GHA", "city_id": 1910, "log_pop": 4.093135, "log_mass": 6.337652, "log_pop_c": 0.596444, "log_mass_c": 0.464465}, {"country_iso": "GHA", "city_id": 1910, "log_pop": 3.729258, "log_mass": 5.944748, "log_pop_c": 0.232568, "log_mass_c": 0.071561}, {"country_iso": "GHA", "city_id": 1785, "log_pop": 2.577267, "log_mass": 5.61565, "log_pop_c": -0.936171, "log_mass_c": -0.285258}, {"country_iso": "GHA", "city_id": 1910, "log_pop": 1.039215, "log_mass": 4.070114, "log_pop_c": -2.457475, "log_mass_c": -1.803073}, {"country_iso": "GHA", "city_id": 1910, "log_pop": 4.166203, "log_mass": 6.385932, "log_pop_c": 0.669513, "log_mass_c": 0.512745}, {"country_iso": "GHA", "city_id": 1910, "log_pop": 3.575889, "log_mass": 6.126256, "log_pop_c": 0.079198, "log_mass_c": 0.25307}, {"country_iso": "GHA", "city_id": 1785, "log_pop": 3.11611, "log_mass": 6.09296, "log_pop_c": -0.397327, "log_mass_c": 0.192051}, {"country_iso": "GHA", "city_id": 1910, "log_pop": 1.100378, "log_mass": 3.658352, "log_pop_c": -2.396313, "log_mass_c": -2.214834}, {"country_iso": "GHA", "city_id": 1910, "log_pop": 2.592123, "log_mass": 5.226043, "log_pop_c": -0.904567, "log_mass_c": -0.647144}, {"country_iso": "GHA", "city_id": 1910, "log_pop": 2.682617, "log_mass": 5.480007, "log_pop_c": -0.814073, "log_mass_c": -0.39318}, {"country_iso": "GHA", "city_id": 1785, "log_pop": 3.396254, "log_mass": 6.069257, "log_pop_c": -0.117183, "log_mass_c": 0.168348}, {"country_iso": "GHA", "city_id": 1910, "log_pop": 3.136387, "log_mass": 5.631872, "log_pop_c": -0.360303, "log_mass_c": -0.241315}, {"country_iso": "GHA", "city_id": 1910, "log_pop": 4.606898, "log_mass": 6.381673, "log_pop_c": 1.110208, "log_mass_c": 0.508486}, {"country_iso": "GHA", "city_id": 1779, "log_pop": 3.84086, "log_mass": 5.701174, "log_pop_c": 0.408303, "log_mass_c": 0.205683}, {"country_iso": "GHA", "city_id": 1910, "log_pop": 2.979711, "log_mass": 5.584657, "log_pop_c": -0.51698, "log_mass_c": -0.288529}, {"country_iso": "GHA", "city_id": 1822, "log_pop": 1.785522, "log_mass": 4.618281, "log_pop_c": -1.244837, "log_mass_c": -0.72573}, {"country_iso": "GHA", "city_id": 1785, "log_pop": 3.505913, "log_mass": 6.309202, "log_pop_c": -0.007525, "log_mass_c": 0.408293}, {"country_iso": "GHA", "city_id": 1866, "log_pop": 3.330691, "log_mass": 5.765056, "log_pop_c": 0.355904, "log_mass_c": 0.363392}, {"country_iso": "GHA", "city_id": 1785, "log_pop": 4.283008, "log_mass": 6.108919, "log_pop_c": 0.769571, "log_mass_c": 0.20801}, {"country_iso": "GHA", "city_id": 1910, "log_pop": 3.220315, "log_mass": 5.93791, "log_pop_c": -0.276376, "log_mass_c": 0.064723}, {"country_iso": "GHA", "city_id": 1910, "log_pop": 2.861662, "log_mass": 5.469908, "log_pop_c": -0.635029, "log_mass_c": -0.403278}, {"country_iso": "GHA", "city_id": 1910, "log_pop": 3.92872, "log_mass": 6.260903, "log_pop_c": 0.432029, "log_mass_c": 0.387717}, {"country_iso": "GHA", "city_id": 1779, "log_pop": 4.03082, "log_mass": 5.988125, "log_pop_c": 0.598262, "log_mass_c": 0.492634}, {"country_iso": "GHA", "city_id": 1822, "log_pop": 3.224555, "log_mass": 5.50234, "log_pop_c": 0.194196, "log_mass_c": 0.158329}, {"country_iso": "GHA", "city_id": 1822, "log_pop": 3.928701, "log_mass": 6.073574, "log_pop_c": 0.898341, "log_mass_c": 0.729563}, {"country_iso": "GHA", "city_id": 1910, "log_pop": 1.791339, "log_mass": 4.498119, "log_pop_c": -1.705352, "log_mass_c": -1.375067}, {"country_iso": "GHA", "city_id": 1910, "log_pop": 3.556496, "log_mass": 6.3234, "log_pop_c": 0.059805, "log_mass_c": 0.450213}, {"country_iso": "GHA", "city_id": 1910, "log_pop": 2.321344, "log_mass": 4.883136, "log_pop_c": -1.175346, "log_mass_c": -0.990051}, {"country_iso": "GHA", "city_id": 1910, "log_pop": 3.547901, "log_mass": 6.031234, "log_pop_c": 0.051211, "log_mass_c": 0.158047}, {"country_iso": "GHA", "city_id": 1785, "log_pop": 1.769763, "log_mass": 4.497032, "log_pop_c": -1.743675, "log_mass_c": -1.403877}, {"country_iso": "GHA", "city_id": 1910, "log_pop": 2.351402, "log_mass": 5.323958, "log_pop_c": -1.145288, "log_mass_c": -0.549229}, {"country_iso": "GHA", "city_id": 1779, "log_pop": 2.469219, "log_mass": 4.690402, "log_pop_c": -0.963338, "log_mass_c": -0.805088}, {"country_iso": "GHA", "city_id": 1785, "log_pop": 4.294018, "log_mass": 6.273988, "log_pop_c": 0.78058, "log_mass_c": 0.373079}, {"country_iso": "GHA", "city_id": 1910, "log_pop": 4.162338, "log_mass": 6.156976, "log_pop_c": 0.665647, "log_mass_c": 0.283789}, {"country_iso": "GHA", "city_id": 1910, "log_pop": 3.386579, "log_mass": 6.14826, "log_pop_c": -0.110112, "log_mass_c": 0.275073}, {"country_iso": "GHA", "city_id": 1910, "log_pop": 2.868152, "log_mass": 5.235842, "log_pop_c": -0.628539, "log_mass_c": -0.637345}, {"country_iso": "GHA", "city_id": 1779, "log_pop": 3.948308, "log_mass": 5.900037, "log_pop_c": 0.515751, "log_mass_c": 0.404547}, {"country_iso": "GHA", "city_id": 1910, "log_pop": 2.814934, "log_mass": 5.434835, "log_pop_c": -0.681756, "log_mass_c": -0.438351}, {"country_iso": "GHA", "city_id": 1910, "log_pop": 2.847937, "log_mass": 5.494985, "log_pop_c": -0.648754, "log_mass_c": -0.378202}, {"country_iso": "GHA", "city_id": 1785, "log_pop": 3.369924, "log_mass": 6.260724, "log_pop_c": -0.143513, "log_mass_c": 0.359816}, {"country_iso": "GHA", "city_id": 1785, "log_pop": 3.477593, "log_mass": 6.353155, "log_pop_c": -0.035845, "log_mass_c": 0.452246}, {"country_iso": "GHA", "city_id": 1785, "log_pop": 4.739404, "log_mass": 6.539403, "log_pop_c": 1.225967, "log_mass_c": 0.638494}, {"country_iso": "GHA", "city_id": 1910, "log_pop": 3.062369, "log_mass": 5.665439, "log_pop_c": -0.434322, "log_mass_c": -0.207747}, {"country_iso": "GHA", "city_id": 1779, "log_pop": 2.269906, "log_mass": 4.272548, "log_pop_c": -1.162651, "log_mass_c": -1.222943}, {"country_iso": "GHA", "city_id": 1785, "log_pop": 4.786935, "log_mass": 6.507781, "log_pop_c": 1.273497, "log_mass_c": 0.606872}, {"country_iso": "GHA", "city_id": 1910, "log_pop": 4.300293, "log_mass": 6.155873, "log_pop_c": 0.803602, "log_mass_c": 0.282686}, {"country_iso": "GHA", "city_id": 1910, "log_pop": 3.935289, "log_mass": 6.234884, "log_pop_c": 0.438599, "log_mass_c": 0.361697}, {"country_iso": "GHA", "city_id": 1785, "log_pop": 4.388149, "log_mass": 6.284894, "log_pop_c": 0.874712, "log_mass_c": 0.383986}, {"country_iso": "GHA", "city_id": 1910, "log_pop": 4.51911, "log_mass": 6.486098, "log_pop_c": 1.02242, "log_mass_c": 0.612911}, {"country_iso": "GHA", "city_id": 1785, "log_pop": 2.21508, "log_mass": 4.810564, "log_pop_c": -1.298358, "log_mass_c": -1.090345}, {"country_iso": "GHA", "city_id": 1910, "log_pop": 3.563954, "log_mass": 6.066485, "log_pop_c": 0.067263, "log_mass_c": 0.193299}, {"country_iso": "GHA", "city_id": 1910, "log_pop": 2.661512, "log_mass": 5.798844, "log_pop_c": -0.835179, "log_mass_c": -0.074342}, {"country_iso": "GHA", "city_id": 1910, "log_pop": 2.664951, "log_mass": 5.350513, "log_pop_c": -0.83174, "log_mass_c": -0.522674}, {"country_iso": "GHA", "city_id": 1785, "log_pop": 4.49633, "log_mass": 6.384289, "log_pop_c": 0.982892, "log_mass_c": 0.483381}, {"country_iso": "GHA", "city_id": 1785, "log_pop": 1.926543, "log_mass": 5.022918, "log_pop_c": -1.586895, "log_mass_c": -0.877991}, {"country_iso": "GHA", "city_id": 1822, "log_pop": 2.516209, "log_mass": 5.1583, "log_pop_c": -0.514151, "log_mass_c": -0.18571}, {"country_iso": "GHA", "city_id": 1779, "log_pop": 3.899071, "log_mass": 5.921123, "log_pop_c": 0.466514, "log_mass_c": 0.425633}, {"country_iso": "GHA", "city_id": 1822, "log_pop": 1.438144, "log_mass": 3.926203, "log_pop_c": -1.592215, "log_mass_c": -1.417808}, {"country_iso": "GHA", "city_id": 1785, "log_pop": 4.154154, "log_mass": 6.177771, "log_pop_c": 0.640716, "log_mass_c": 0.276862}, {"country_iso": "GHA", "city_id": 1785, "log_pop": 3.304462, "log_mass": 6.193427, "log_pop_c": -0.208975, "log_mass_c": 0.292518}, {"country_iso": "GHA", "city_id": 1785, "log_pop": 4.182981, "log_mass": 6.448131, "log_pop_c": 0.669543, "log_mass_c": 0.547222}, {"country_iso": "GHA", "city_id": 1910, "log_pop": 3.590092, "log_mass": 6.225631, "log_pop_c": 0.093401, "log_mass_c": 0.352444}, {"country_iso": "GHA", "city_id": 1822, "log_pop": 4.015298, "log_mass": 6.28073, "log_pop_c": 0.984938, "log_mass_c": 0.936719}, {"country_iso": "GHA", "city_id": 1910, "log_pop": 3.314785, "log_mass": 5.771185, "log_pop_c": -0.181906, "log_mass_c": -0.102002}, {"country_iso": "GHA", "city_id": 1785, "log_pop": 3.826854, "log_mass": 6.056987, "log_pop_c": 0.313417, "log_mass_c": 0.156079}, {"country_iso": "GHA", "city_id": 1785, "log_pop": 4.413959, "log_mass": 6.235245, "log_pop_c": 0.900521, "log_mass_c": 0.334336}, {"country_iso": "GHA", "city_id": 1910, "log_pop": 4.717278, "log_mass": 6.440379, "log_pop_c": 1.220587, "log_mass_c": 0.567192}, {"country_iso": "GHA", "city_id": 1785, "log_pop": 4.035278, "log_mass": 6.179631, "log_pop_c": 0.521841, "log_mass_c": 0.278722}, {"country_iso": "GHA", "city_id": 1910, "log_pop": 3.676119, "log_mass": 6.217051, "log_pop_c": 0.179429, "log_mass_c": 0.343864}, {"country_iso": "GHA", "city_id": 1910, "log_pop": 1.994146, "log_mass": 4.730674, "log_pop_c": -1.502545, "log_mass_c": -1.142513}, {"country_iso": "GHA", "city_id": 1910, "log_pop": 2.918104, "log_mass": 5.668881, "log_pop_c": -0.578587, "log_mass_c": -0.204306}, {"country_iso": "GHA", "city_id": 1822, "log_pop": 3.168415, "log_mass": 5.573483, "log_pop_c": 0.138056, "log_mass_c": 0.229472}, {"country_iso": "GHA", "city_id": 1910, "log_pop": 3.138325, "log_mass": 5.832243, "log_pop_c": -0.358366, "log_mass_c": -0.040943}, {"country_iso": "GHA", "city_id": 1910, "log_pop": 3.485483, "log_mass": 6.015017, "log_pop_c": -0.011208, "log_mass_c": 0.14183}, {"country_iso": "GHA", "city_id": 1910, "log_pop": 4.688623, "log_mass": 6.500811, "log_pop_c": 1.191932, "log_mass_c": 0.627625}, {"country_iso": "GHA", "city_id": 1779, "log_pop": 2.826314, "log_mass": 5.431569, "log_pop_c": -0.606243, "log_mass_c": -0.063922}, {"country_iso": "GHA", "city_id": 1785, "log_pop": 3.523573, "log_mass": 6.34405, "log_pop_c": 0.010136, "log_mass_c": 0.443141}, {"country_iso": "GHA", "city_id": 1910, "log_pop": 2.424559, "log_mass": 5.161105, "log_pop_c": -1.072132, "log_mass_c": -0.712082}, {"country_iso": "GHA", "city_id": 1822, "log_pop": 3.191017, "log_mass": 5.274986, "log_pop_c": 0.160658, "log_mass_c": -0.069025}, {"country_iso": "GHA", "city_id": 1785, "log_pop": 2.572784, "log_mass": 5.335193, "log_pop_c": -0.940654, "log_mass_c": -0.565716}, {"country_iso": "GHA", "city_id": 1779, "log_pop": 3.982831, "log_mass": 5.988284, "log_pop_c": 0.550274, "log_mass_c": 0.492794}, {"country_iso": "GHA", "city_id": 1910, "log_pop": 4.081232, "log_mass": 6.397524, "log_pop_c": 0.584541, "log_mass_c": 0.524338}, {"country_iso": "GHA", "city_id": 1779, "log_pop": 3.393088, "log_mass": 5.376087, "log_pop_c": -0.039469, "log_mass_c": -0.119403}, {"country_iso": "GHA", "city_id": 1910, "log_pop": 4.188441, "log_mass": 5.964826, "log_pop_c": 0.69175, "log_mass_c": 0.09164}, {"country_iso": "GHA", "city_id": 1910, "log_pop": 3.06954, "log_mass": 5.654093, "log_pop_c": -0.42715, "log_mass_c": -0.219094}, {"country_iso": "GHA", "city_id": 1910, "log_pop": 4.819213, "log_mass": 6.555004, "log_pop_c": 1.322522, "log_mass_c": 0.681817}, {"country_iso": "GHA", "city_id": 1785, "log_pop": 3.605616, "log_mass": 6.41181, "log_pop_c": 0.092178, "log_mass_c": 0.510901}, {"country_iso": "GHA", "city_id": 1785, "log_pop": 4.367709, "log_mass": 6.310233, "log_pop_c": 0.854272, "log_mass_c": 0.409324}, {"country_iso": "GHA", "city_id": 1910, "log_pop": 2.939944, "log_mass": 5.336554, "log_pop_c": -0.556746, "log_mass_c": -0.536633}, {"country_iso": "GHA", "city_id": 1910, "log_pop": 4.288701, "log_mass": 6.421356, "log_pop_c": 0.79201, "log_mass_c": 0.548169}, {"country_iso": "GHA", "city_id": 1785, "log_pop": 2.154406, "log_mass": 5.127043, "log_pop_c": -1.359032, "log_mass_c": -0.773866}, {"country_iso": "GHA", "city_id": 1785, "log_pop": 4.501024, "log_mass": 6.396391, "log_pop_c": 0.987586, "log_mass_c": 0.495482}, {"country_iso": "GHA", "city_id": 1785, "log_pop": 3.022532, "log_mass": 5.984014, "log_pop_c": -0.490906, "log_mass_c": 0.083105}, {"country_iso": "GHA", "city_id": 1785, "log_pop": 3.198349, "log_mass": 5.731281, "log_pop_c": -0.315088, "log_mass_c": -0.169628}, {"country_iso": "GHA", "city_id": 1785, "log_pop": 2.590667, "log_mass": 5.469705, "log_pop_c": -0.922771, "log_mass_c": -0.431203}, {"country_iso": "GHA", "city_id": 1910, "log_pop": 3.952357, "log_mass": 6.1865, "log_pop_c": 0.455666, "log_mass_c": 0.313313}, {"country_iso": "GHA", "city_id": 1785, "log_pop": 4.814452, "log_mass": 6.590792, "log_pop_c": 1.301014, "log_mass_c": 0.689883}, {"country_iso": "GHA", "city_id": 1910, "log_pop": 3.44975, "log_mass": 5.339609, "log_pop_c": -0.046941, "log_mass_c": -0.533578}, {"country_iso": "GHA", "city_id": 1910, "log_pop": 3.412173, "log_mass": 5.489599, "log_pop_c": -0.084518, "log_mass_c": -0.383588}, {"country_iso": "GHA", "city_id": 1785, "log_pop": 3.366503, "log_mass": 6.060144, "log_pop_c": -0.146935, "log_mass_c": 0.159235}, {"country_iso": "GHA", "city_id": 1910, "log_pop": 2.777734, "log_mass": 5.221629, "log_pop_c": -0.718956, "log_mass_c": -0.651558}, {"country_iso": "GHA", "city_id": 1785, "log_pop": 3.287031, "log_mass": 6.082364, "log_pop_c": -0.226406, "log_mass_c": 0.181455}, {"country_iso": "GHA", "city_id": 1785, "log_pop": 4.743408, "log_mass": 6.503489, "log_pop_c": 1.22997, "log_mass_c": 0.602581}, {"country_iso": "GHA", "city_id": 1910, "log_pop": 3.720333, "log_mass": 6.248361, "log_pop_c": 0.223642, "log_mass_c": 0.375174}, {"country_iso": "GHA", "city_id": 1779, "log_pop": 3.462368, "log_mass": 5.457168, "log_pop_c": 0.029811, "log_mass_c": -0.038323}, {"country_iso": "GHA", "city_id": 1785, "log_pop": 2.055473, "log_mass": 5.175621, "log_pop_c": -1.457965, "log_mass_c": -0.725288}, {"country_iso": "GHA", "city_id": 1910, "log_pop": 4.051743, "log_mass": 6.378215, "log_pop_c": 0.555052, "log_mass_c": 0.505028}, {"country_iso": "GHA", "city_id": 1910, "log_pop": 3.416283, "log_mass": 6.11516, "log_pop_c": -0.080407, "log_mass_c": 0.241973}, {"country_iso": "GHA", "city_id": 1785, "log_pop": 4.673013, "log_mass": 6.423285, "log_pop_c": 1.159575, "log_mass_c": 0.522376}, {"country_iso": "GHA", "city_id": 1785, "log_pop": 4.74083, "log_mass": 6.398616, "log_pop_c": 1.227392, "log_mass_c": 0.497707}, {"country_iso": "GHA", "city_id": 1910, "log_pop": 4.008607, "log_mass": 6.35526, "log_pop_c": 0.511916, "log_mass_c": 0.482073}, {"country_iso": "GHA", "city_id": 1779, "log_pop": 2.226406, "log_mass": 4.31826, "log_pop_c": -1.206151, "log_mass_c": -1.177231}, {"country_iso": "GHA", "city_id": 1910, "log_pop": 3.659563, "log_mass": 6.266922, "log_pop_c": 0.162873, "log_mass_c": 0.393735}, {"country_iso": "GHA", "city_id": 1779, "log_pop": 2.815971, "log_mass": 4.948805, "log_pop_c": -0.616586, "log_mass_c": -0.546685}, {"country_iso": "GHA", "city_id": 1910, "log_pop": 3.630949, "log_mass": 6.276295, "log_pop_c": 0.134258, "log_mass_c": 0.403108}, {"country_iso": "GHA", "city_id": 1910, "log_pop": 3.994001, "log_mass": 5.921406, "log_pop_c": 0.497311, "log_mass_c": 0.048219}, {"country_iso": "GHA", "city_id": 1779, "log_pop": 3.514311, "log_mass": 5.498516, "log_pop_c": 0.081754, "log_mass_c": 0.003025}, {"country_iso": "GHA", "city_id": 1910, "log_pop": 3.515067, "log_mass": 5.997896, "log_pop_c": 0.018376, "log_mass_c": 0.12471}, {"country_iso": "GHA", "city_id": 1866, "log_pop": 3.476426, "log_mass": 5.792465, "log_pop_c": 0.501639, "log_mass_c": 0.390801}, {"country_iso": "GHA", "city_id": 1785, "log_pop": 3.782186, "log_mass": 6.461642, "log_pop_c": 0.268748, "log_mass_c": 0.560733}, {"country_iso": "GHA", "city_id": 1822, "log_pop": 2.841686, "log_mass": 5.167448, "log_pop_c": -0.188673, "log_mass_c": -0.176563}, {"country_iso": "GHA", "city_id": 1910, "log_pop": 3.811371, "log_mass": 6.260735, "log_pop_c": 0.31468, "log_mass_c": 0.387548}, {"country_iso": "GHA", "city_id": 1785, "log_pop": 4.580811, "log_mass": 6.311375, "log_pop_c": 1.067373, "log_mass_c": 0.410466}, {"country_iso": "GHA", "city_id": 1910, "log_pop": 3.037244, "log_mass": 5.468117, "log_pop_c": -0.459447, "log_mass_c": -0.40507}, {"country_iso": "GHA", "city_id": 1910, "log_pop": 2.658503, "log_mass": 5.217399, "log_pop_c": -0.838187, "log_mass_c": -0.655788}, {"country_iso": "GHA", "city_id": 1866, "log_pop": 3.268141, "log_mass": 5.695734, "log_pop_c": 0.293354, "log_mass_c": 0.29407}, {"country_iso": "GHA", "city_id": 1785, "log_pop": 3.109962, "log_mass": 6.009862, "log_pop_c": -0.403476, "log_mass_c": 0.108954}, {"country_iso": "GHA", "city_id": 1910, "log_pop": 4.800544, "log_mass": 6.487674, "log_pop_c": 1.303854, "log_mass_c": 0.614487}, {"country_iso": "GHA", "city_id": 1779, "log_pop": 3.487324, "log_mass": 5.504526, "log_pop_c": 0.054766, "log_mass_c": 0.009035}, {"country_iso": "GHA", "city_id": 1910, "log_pop": 4.410598, "log_mass": 6.458411, "log_pop_c": 0.913908, "log_mass_c": 0.585224}, {"country_iso": "GHA", "city_id": 1785, "log_pop": 3.601182, "log_mass": 5.962087, "log_pop_c": 0.087744, "log_mass_c": 0.061178}, {"country_iso": "GHA", "city_id": 1785, "log_pop": 4.234395, "log_mass": 6.135863, "log_pop_c": 0.720957, "log_mass_c": 0.234954}, {"country_iso": "GHA", "city_id": 1779, "log_pop": 3.301695, "log_mass": 5.275983, "log_pop_c": -0.130863, "log_mass_c": -0.219507}, {"country_iso": "GHA", "city_id": 1785, "log_pop": 4.766187, "log_mass": 6.463341, "log_pop_c": 1.25275, "log_mass_c": 0.562432}, {"country_iso": "GHA", "city_id": 1866, "log_pop": 3.598806, "log_mass": 5.93175, "log_pop_c": 0.624019, "log_mass_c": 0.530086}, {"country_iso": "GHA", "city_id": 1910, "log_pop": 3.002812, "log_mass": 5.246181, "log_pop_c": -0.493879, "log_mass_c": -0.627005}, {"country_iso": "GHA", "city_id": 1785, "log_pop": 4.182764, "log_mass": 6.174964, "log_pop_c": 0.669326, "log_mass_c": 0.274055}, {"country_iso": "GHA", "city_id": 1910, "log_pop": 4.275779, "log_mass": 6.127443, "log_pop_c": 0.779089, "log_mass_c": 0.254256}, {"country_iso": "GHA", "city_id": 1785, "log_pop": 2.219058, "log_mass": 5.302039, "log_pop_c": -1.29438, "log_mass_c": -0.59887}, {"country_iso": "GHA", "city_id": 1910, "log_pop": 4.757499, "log_mass": 6.552394, "log_pop_c": 1.260808, "log_mass_c": 0.679207}, {"country_iso": "GHA", "city_id": 1910, "log_pop": 2.325015, "log_mass": 5.178755, "log_pop_c": -1.171676, "log_mass_c": -0.694432}, {"country_iso": "GHA", "city_id": 1785, "log_pop": 3.28407, "log_mass": 5.722612, "log_pop_c": -0.229367, "log_mass_c": -0.178297}, {"country_iso": "GHA", "city_id": 1910, "log_pop": 4.549578, "log_mass": 6.351573, "log_pop_c": 1.052887, "log_mass_c": 0.478386}, {"country_iso": "GHA", "city_id": 1785, "log_pop": 2.83963, "log_mass": 5.735964, "log_pop_c": -0.673808, "log_mass_c": -0.164945}, {"country_iso": "GHA", "city_id": 1785, "log_pop": 4.042474, "log_mass": 6.091409, "log_pop_c": 0.529036, "log_mass_c": 0.1905}, {"country_iso": "GHA", "city_id": 1779, "log_pop": 2.524983, "log_mass": 4.648974, "log_pop_c": -0.907574, "log_mass_c": -0.846516}, {"country_iso": "GHA", "city_id": 1910, "log_pop": 3.370353, "log_mass": 5.808038, "log_pop_c": -0.126338, "log_mass_c": -0.065149}, {"country_iso": "GHA", "city_id": 1779, "log_pop": 3.92774, "log_mass": 5.928591, "log_pop_c": 0.495183, "log_mass_c": 0.4331}, {"country_iso": "GHA", "city_id": 1910, "log_pop": 3.977743, "log_mass": 6.308174, "log_pop_c": 0.481052, "log_mass_c": 0.434987}, {"country_iso": "GHA", "city_id": 1910, "log_pop": 3.917318, "log_mass": 6.247699, "log_pop_c": 0.420628, "log_mass_c": 0.374512}, {"country_iso": "GHA", "city_id": 1910, "log_pop": 3.337467, "log_mass": 5.719969, "log_pop_c": -0.159224, "log_mass_c": -0.153218}, {"country_iso": "GHA", "city_id": 1910, "log_pop": 3.165612, "log_mass": 5.678033, "log_pop_c": -0.331078, "log_mass_c": -0.195154}, {"country_iso": "GHA", "city_id": 1910, "log_pop": 2.369491, "log_mass": 5.060042, "log_pop_c": -1.127199, "log_mass_c": -0.813145}, {"country_iso": "GHA", "city_id": 1910, "log_pop": 2.058738, "log_mass": 4.925328, "log_pop_c": -1.437953, "log_mass_c": -0.947859}, {"country_iso": "GHA", "city_id": 1910, "log_pop": 2.347593, "log_mass": 5.317731, "log_pop_c": -1.149098, "log_mass_c": -0.555456}, {"country_iso": "GHA", "city_id": 1910, "log_pop": 3.822722, "log_mass": 5.733353, "log_pop_c": 0.326032, "log_mass_c": -0.139834}, {"country_iso": "GHA", "city_id": 1822, "log_pop": 3.03719, "log_mass": 5.410572, "log_pop_c": 0.006831, "log_mass_c": 0.066561}, {"country_iso": "GHA", "city_id": 1779, "log_pop": 4.213444, "log_mass": 6.21108, "log_pop_c": 0.780887, "log_mass_c": 0.71559}, {"country_iso": "GHA", "city_id": 1910, "log_pop": 4.140409, "log_mass": 6.203901, "log_pop_c": 0.643719, "log_mass_c": 0.330715}, {"country_iso": "GHA", "city_id": 1785, "log_pop": 4.588097, "log_mass": 6.334253, "log_pop_c": 1.074659, "log_mass_c": 0.433344}, {"country_iso": "GHA", "city_id": 1785, "log_pop": 4.713413, "log_mass": 6.495299, "log_pop_c": 1.199975, "log_mass_c": 0.594391}, {"country_iso": "GHA", "city_id": 1779, "log_pop": 3.797984, "log_mass": 5.831491, "log_pop_c": 0.365426, "log_mass_c": 0.336}, {"country_iso": "GHA", "city_id": 1785, "log_pop": 3.88812, "log_mass": 5.873563, "log_pop_c": 0.374682, "log_mass_c": -0.027346}, {"country_iso": "GHA", "city_id": 1910, "log_pop": 3.4245, "log_mass": 6.069157, "log_pop_c": -0.07219, "log_mass_c": 0.19597}, {"country_iso": "GHA", "city_id": 1910, "log_pop": 3.828775, "log_mass": 6.35585, "log_pop_c": 0.332084, "log_mass_c": 0.482664}, {"country_iso": "GHA", "city_id": 1785, "log_pop": 2.349098, "log_mass": 5.117744, "log_pop_c": -1.16434, "log_mass_c": -0.783164}, {"country_iso": "GHA", "city_id": 1910, "log_pop": 4.122348, "log_mass": 6.422337, "log_pop_c": 0.625658, "log_mass_c": 0.54915}, {"country_iso": "GHA", "city_id": 1910, "log_pop": 2.680854, "log_mass": 5.275298, "log_pop_c": -0.815837, "log_mass_c": -0.597888}, {"country_iso": "GHA", "city_id": 1910, "log_pop": 2.838624, "log_mass": 5.464895, "log_pop_c": -0.658067, "log_mass_c": -0.408292}, {"country_iso": "GHA", "city_id": 1785, "log_pop": 4.638354, "log_mass": 6.352156, "log_pop_c": 1.124916, "log_mass_c": 0.451247}, {"country_iso": "GHA", "city_id": 1910, "log_pop": 2.730303, "log_mass": 5.418514, "log_pop_c": -0.766388, "log_mass_c": -0.454673}, {"country_iso": "GHA", "city_id": 1910, "log_pop": 3.831556, "log_mass": 5.875906, "log_pop_c": 0.334865, "log_mass_c": 0.002719}, {"country_iso": "GHA", "city_id": 1785, "log_pop": 4.672361, "log_mass": 6.405774, "log_pop_c": 1.158924, "log_mass_c": 0.504865}, {"country_iso": "GHA", "city_id": 1785, "log_pop": 4.20272, "log_mass": 6.236268, "log_pop_c": 0.689283, "log_mass_c": 0.335359}, {"country_iso": "GHA", "city_id": 1910, "log_pop": 4.205543, "log_mass": 6.335925, "log_pop_c": 0.708853, "log_mass_c": 0.462738}, {"country_iso": "GHA", "city_id": 1910, "log_pop": 4.095479, "log_mass": 6.333692, "log_pop_c": 0.598788, "log_mass_c": 0.460505}, {"country_iso": "GHA", "city_id": 1910, "log_pop": 4.123437, "log_mass": 6.374975, "log_pop_c": 0.626746, "log_mass_c": 0.501788}, {"country_iso": "GHA", "city_id": 1910, "log_pop": 3.22198, "log_mass": 5.584324, "log_pop_c": -0.274711, "log_mass_c": -0.288863}, {"country_iso": "GHA", "city_id": 1910, "log_pop": 3.891107, "log_mass": 6.259016, "log_pop_c": 0.394416, "log_mass_c": 0.385829}, {"country_iso": "GHA", "city_id": 1910, "log_pop": 4.683793, "log_mass": 6.478659, "log_pop_c": 1.187102, "log_mass_c": 0.605472}, {"country_iso": "GHA", "city_id": 1866, "log_pop": 3.630383, "log_mass": 6.068188, "log_pop_c": 0.655596, "log_mass_c": 0.666524}, {"country_iso": "GHA", "city_id": 1910, "log_pop": 3.578806, "log_mass": 6.09835, "log_pop_c": 0.082115, "log_mass_c": 0.225163}, {"country_iso": "GHA", "city_id": 1785, "log_pop": 1.352601, "log_mass": 4.674111, "log_pop_c": -2.160836, "log_mass_c": -1.226797}, {"country_iso": "GHA", "city_id": 1785, "log_pop": 1.833379, "log_mass": 4.431751, "log_pop_c": -1.680059, "log_mass_c": -1.469158}, {"country_iso": "GHA", "city_id": 1910, "log_pop": 4.040016, "log_mass": 6.364471, "log_pop_c": 0.543325, "log_mass_c": 0.491284}, {"country_iso": "GHA", "city_id": 1910, "log_pop": 4.084215, "log_mass": 6.343111, "log_pop_c": 0.587524, "log_mass_c": 0.469925}, {"country_iso": "GHA", "city_id": 1910, "log_pop": 3.031538, "log_mass": 5.669983, "log_pop_c": -0.465153, "log_mass_c": -0.203204}, {"country_iso": "GHA", "city_id": 1779, "log_pop": 4.362603, "log_mass": 6.308468, "log_pop_c": 0.930046, "log_mass_c": 0.812978}, {"country_iso": "GHA", "city_id": 1910, "log_pop": 2.41909, "log_mass": 5.208554, "log_pop_c": -1.077601, "log_mass_c": -0.664633}, {"country_iso": "GHA", "city_id": 1866, "log_pop": 3.152785, "log_mass": 5.687591, "log_pop_c": 0.177999, "log_mass_c": 0.285927}, {"country_iso": "GHA", "city_id": 1910, "log_pop": 3.32838, "log_mass": 5.812082, "log_pop_c": -0.16831, "log_mass_c": -0.061105}, {"country_iso": "GHA", "city_id": 1785, "log_pop": 3.54109, "log_mass": 6.357598, "log_pop_c": 0.027653, "log_mass_c": 0.456689}, {"country_iso": "GHA", "city_id": 1910, "log_pop": 3.453279, "log_mass": 5.626787, "log_pop_c": -0.043411, "log_mass_c": -0.246399}, {"country_iso": "GHA", "city_id": 1910, "log_pop": 3.961831, "log_mass": 6.365622, "log_pop_c": 0.465141, "log_mass_c": 0.492435}, {"country_iso": "GHA", "city_id": 1910, "log_pop": 4.170685, "log_mass": 6.475479, "log_pop_c": 0.673994, "log_mass_c": 0.602292}]