[{"country_iso": "PRK", "city_id": 12224, "log_pop": 3.103545, "log_mass": 5.444149, "log_pop_c": -0.065432, "log_mass_c": -0.042206}, {"country_iso": "PRK", "city_id": 12224, "log_pop": 3.933348, "log_mass": 6.211304, "log_pop_c": 0.764372, "log_mass_c": 0.724949}, {"country_iso": "PRK", "city_id": 12247, "log_pop": 3.3799, "log_mass": 5.799116, "log_pop_c": 0.472341, "log_mass_c": 0.48647}, {"country_iso": "PRK", "city_id": 12224, "log_pop": 3.945173, "log_mass": 6.290696, "log_pop_c": 0.776197, "log_mass_c": 0.804341}, {"country_iso": "PRK", "city_id": 12109, "log_pop": 4.115831, "log_mass": 6.638773, "log_pop_c": 0.622791, "log_mass_c": 0.801988}, {"country_iso": "PRK", "city_id": 12109, "log_pop": 3.823832, "log_mass": 6.090039, "log_pop_c": 0.330792, "log_mass_c": 0.253254}, {"country_iso": "PRK", "city_id": 12221, "log_pop": 2.218415, "log_mass": 4.804757, "log_pop_c": -1.093677, "log_mass_c": -0.937386}, {"country_iso": "PRK", "city_id": 12109, "log_pop": 2.382722, "log_mass": 4.663443, "log_pop_c": -1.110318, "log_mass_c": -1.173342}, {"country_iso": "PRK", "city_id": 12224, "log_pop": 3.879615, "log_mass": 6.119619, "log_pop_c": 0.710638, "log_mass_c": 0.633264}, {"country_iso": "PRK", "city_id": 12247, "log_pop": 1.351824, "log_mass": 3.727247, "log_pop_c": -1.555735, "log_mass_c": -1.585398}, {"country_iso": "PRK", "city_id": 12221, "log_pop": 3.4535, "log_mass": 6.103414, "log_pop_c": 0.141409, "log_mass_c": 0.361271}, {"country_iso": "PRK", "city_id": 12121, "log_pop": 0.709445, "log_mass": 3.136531, "log_pop_c": -2.32447, "log_mass_c": -2.264298}, {"country_iso": "PRK", "city_id": 12224, "log_pop": 2.749644, "log_mass": 4.954266, "log_pop_c": -0.419333, "log_mass_c": -0.532089}, {"country_iso": "PRK", "city_id": 12109, "log_pop": 3.836692, "log_mass": 6.325814, "log_pop_c": 0.343651, "log_mass_c": 0.489029}, {"country_iso": "PRK", "city_id": 12109, "log_pop": 2.722779, "log_mass": 5.232316, "log_pop_c": -0.770262, "log_mass_c": -0.60447}, {"country_iso": "PRK", "city_id": 12224, "log_pop": 3.907233, "log_mass": 6.325007, "log_pop_c": 0.738256, "log_mass_c": 0.838652}, {"country_iso": "PRK", "city_id": 12221, "log_pop": 1.811061, "log_mass": 4.104119, "log_pop_c": -1.501031, "log_mass_c": -1.638025}, {"country_iso": "PRK", "city_id": 12109, "log_pop": 2.964909, "log_mass": 5.300079, "log_pop_c": -0.528132, "log_mass_c": -0.536706}, {"country_iso": "PRK", "city_id": 12221, "log_pop": 3.455985, "log_mass": 5.850315, "log_pop_c": 0.143893, "log_mass_c": 0.108171}, {"country_iso": "PRK", "city_id": 12109, "log_pop": 3.315553, "log_mass": 5.686381, "log_pop_c": -0.177487, "log_mass_c": -0.150404}, {"country_iso": "PRK", "city_id": 12224, "log_pop": 2.516895, "log_mass": 4.712147, "log_pop_c": -0.652081, "log_mass_c": -0.774208}, {"country_iso": "PRK", "city_id": 12221, "log_pop": 3.331191, "log_mass": 5.796451, "log_pop_c": 0.019099, "log_mass_c": 0.054307}, {"country_iso": "PRK", "city_id": 12109, "log_pop": 3.951806, "log_mass": 6.463849, "log_pop_c": 0.458766, "log_mass_c": 0.627063}, {"country_iso": "PRK", "city_id": 12121, "log_pop": 3.715443, "log_mass": 6.044329, "log_pop_c": 0.681529, "log_mass_c": 0.6435}, {"country_iso": "PRK", "city_id": 12109, "log_pop": 3.332281, "log_mass": 5.74525, "log_pop_c": -0.16076, "log_mass_c": -0.091535}, {"country_iso": "PRK", "city_id": 12221, "log_pop": 2.823647, "log_mass": 5.236401, "log_pop_c": -0.488445, "log_mass_c": -0.505743}, {"country_iso": "PRK", "city_id": 12224, "log_pop": 3.730089, "log_mass": 5.981079, "log_pop_c": 0.561112, "log_mass_c": 0.494724}, {"country_iso": "PRK", "city_id": 12109, "log_pop": 3.964022, "log_mass": 6.293007, "log_pop_c": 0.470981, "log_mass_c": 0.456222}, {"country_iso": "PRK", "city_id": 12109, "log_pop": 2.046068, "log_mass": 4.51281, "log_pop_c": -1.446972, "log_mass_c": -1.323976}, {"country_iso": "PRK", "city_id": 12221, "log_pop": 4.062151, "log_mass": 6.534229, "log_pop_c": 0.75006, "log_mass_c": 0.792086}, {"country_iso": "PRK", "city_id": 12109, "log_pop": 4.021089, "log_mass": 6.395638, "log_pop_c": 0.528049, "log_mass_c": 0.558853}, {"country_iso": "PRK", "city_id": 12109, "log_pop": 4.057328, "log_mass": 6.517693, "log_pop_c": 0.564288, "log_mass_c": 0.680908}, {"country_iso": "PRK", "city_id": 12109, "log_pop": 4.131259, "log_mass": 6.436849, "log_pop_c": 0.638219, "log_mass_c": 0.600064}, {"country_iso": "PRK", "city_id": 12224, "log_pop": 3.293972, "log_mass": 5.641278, "log_pop_c": 0.124996, "log_mass_c": 0.154923}, {"country_iso": "PRK", "city_id": 12247, "log_pop": 3.627534, "log_mass": 5.879144, "log_pop_c": 0.719976, "log_mass_c": 0.566499}, {"country_iso": "PRK", "city_id": 12247, "log_pop": 3.027057, "log_mass": 5.398888, "log_pop_c": 0.119498, "log_mass_c": 0.086242}, {"country_iso": "PRK", "city_id": 12109, "log_pop": 2.911004, "log_mass": 5.259232, "log_pop_c": -0.582036, "log_mass_c": -0.577553}, {"country_iso": "PRK", "city_id": 12247, "log_pop": 3.019935, "log_mass": 5.162953, "log_pop_c": 0.112376, "log_mass_c": -0.149693}, {"country_iso": "PRK", "city_id": 12247, "log_pop": 1.195026, "log_mass": 4.298897, "log_pop_c": -1.712533, "log_mass_c": -1.013748}, {"country_iso": "PRK", "city_id": 12109, "log_pop": 3.845022, "log_mass": 6.132446, "log_pop_c": 0.351981, "log_mass_c": 0.295661}, {"country_iso": "PRK", "city_id": 12109, "log_pop": 3.348195, "log_mass": 5.689292, "log_pop_c": -0.144845, "log_mass_c": -0.147493}, {"country_iso": "PRK", "city_id": 12224, "log_pop": 3.283179, "log_mass": 5.560796, "log_pop_c": 0.114202, "log_mass_c": 0.074441}, {"country_iso": "PRK", "city_id": 12247, "log_pop": 1.949711, "log_mass": 4.445138, "log_pop_c": -0.957848, "log_mass_c": -0.867508}, {"country_iso": "PRK", "city_id": 12109, "log_pop": 3.632338, "log_mass": 5.968533, "log_pop_c": 0.139298, "log_mass_c": 0.131748}, {"country_iso": "PRK", "city_id": 12109, "log_pop": 1.822612, "log_mass": 4.416075, "log_pop_c": -1.670428, "log_mass_c": -1.420711}, {"country_iso": "PRK", "city_id": 12109, "log_pop": 3.786794, "log_mass": 6.069867, "log_pop_c": 0.293753, "log_mass_c": 0.233082}, {"country_iso": "PRK", "city_id": 12247, "log_pop": 3.754015, "log_mass": 6.191489, "log_pop_c": 0.846456, "log_mass_c": 0.878843}, {"country_iso": "PRK", "city_id": 12224, "log_pop": 3.875291, "log_mass": 6.233429, "log_pop_c": 0.706314, "log_mass_c": 0.747074}, {"country_iso": "PRK", "city_id": 12109, "log_pop": 2.605186, "log_mass": 5.026227, "log_pop_c": -0.887854, "log_mass_c": -0.810558}, {"country_iso": "PRK", "city_id": 12221, "log_pop": 3.834554, "log_mass": 6.187575, "log_pop_c": 0.522462, "log_mass_c": 0.445431}, {"country_iso": "PRK", "city_id": 12221, "log_pop": 3.889822, "log_mass": 6.231248, "log_pop_c": 0.57773, "log_mass_c": 0.489105}, {"country_iso": "PRK", "city_id": 12109, "log_pop": 3.547076, "log_mass": 5.671507, "log_pop_c": 0.054036, "log_mass_c": -0.165278}, {"country_iso": "PRK", "city_id": 12121, "log_pop": 3.883971, "log_mass": 6.312779, "log_pop_c": 0.850056, "log_mass_c": 0.91195}, {"country_iso": "PRK", "city_id": 12221, "log_pop": 3.786093, "log_mass": 6.25209, "log_pop_c": 0.474001, "log_mass_c": 0.509946}, {"country_iso": "PRK", "city_id": 12247, "log_pop": 2.903395, "log_mass": 5.31281, "log_pop_c": -0.004164, "log_mass_c": 0.000164}, {"country_iso": "PRK", "city_id": 12121, "log_pop": 1.454271, "log_mass": 3.715657, "log_pop_c": -1.579644, "log_mass_c": -1.685172}, {"country_iso": "PRK", "city_id": 12121, "log_pop": 3.381022, "log_mass": 5.71559, "log_pop_c": 0.347108, "log_mass_c": 0.314761}, {"country_iso": "PRK", "city_id": 12109, "log_pop": 1.482964, "log_mass": 3.868216, "log_pop_c": -2.010077, "log_mass_c": -1.968569}, {"country_iso": "PRK", "city_id": 12109, "log_pop": 3.607879, "log_mass": 5.898515, "log_pop_c": 0.114839, "log_mass_c": 0.061729}, {"country_iso": "PRK", "city_id": 12109, "log_pop": 3.876831, "log_mass": 6.211392, "log_pop_c": 0.383791, "log_mass_c": 0.374607}, {"country_iso": "PRK", "city_id": 12109, "log_pop": 3.62817, "log_mass": 6.0773, "log_pop_c": 0.13513, "log_mass_c": 0.240515}, {"country_iso": "PRK", "city_id": 12109, "log_pop": 3.204275, "log_mass": 5.49005, "log_pop_c": -0.288766, "log_mass_c": -0.346735}, {"country_iso": "PRK", "city_id": 12247, "log_pop": 2.367592, "log_mass": 4.68743, "log_pop_c": -0.539967, "log_mass_c": -0.625215}, {"country_iso": "PRK", "city_id": 12109, "log_pop": 3.998971, "log_mass": 6.306204, "log_pop_c": 0.505931, "log_mass_c": 0.469419}, {"country_iso": "PRK", "city_id": 12109, "log_pop": 0.940169, "log_mass": 3.536542, "log_pop_c": -2.552871, "log_mass_c": -2.300243}, {"country_iso": "PRK", "city_id": 12224, "log_pop": 0.368517, "log_mass": 2.822985, "log_pop_c": -2.800459, "log_mass_c": -2.66337}, {"country_iso": "PRK", "city_id": 12109, "log_pop": 3.704372, "log_mass": 6.061295, "log_pop_c": 0.211332, "log_mass_c": 0.224509}, {"country_iso": "PRK", "city_id": 12109, "log_pop": 3.765504, "log_mass": 6.052737, "log_pop_c": 0.272464, "log_mass_c": 0.215952}, {"country_iso": "PRK", "city_id": 12109, "log_pop": 4.086703, "log_mass": 6.382627, "log_pop_c": 0.593662, "log_mass_c": 0.545841}, {"country_iso": "PRK", "city_id": 12224, "log_pop": 3.795702, "log_mass": 6.131474, "log_pop_c": 0.626726, "log_mass_c": 0.645119}, {"country_iso": "PRK", "city_id": 12121, "log_pop": 1.840603, "log_mass": 4.097875, "log_pop_c": -1.193311, "log_mass_c": -1.302954}, {"country_iso": "PRK", "city_id": 12109, "log_pop": 4.068657, "log_mass": 6.403096, "log_pop_c": 0.575616, "log_mass_c": 0.566311}, {"country_iso": "PRK", "city_id": 12109, "log_pop": 3.719018, "log_mass": 6.015168, "log_pop_c": 0.225978, "log_mass_c": 0.178383}, {"country_iso": "PRK", "city_id": 12121, "log_pop": 3.810519, "log_mass": 6.134054, "log_pop_c": 0.776605, "log_mass_c": 0.733226}, {"country_iso": "PRK", "city_id": 12109, "log_pop": 3.941024, "log_mass": 6.334047, "log_pop_c": 0.447984, "log_mass_c": 0.497262}, {"country_iso": "PRK", "city_id": 12221, "log_pop": 3.453932, "log_mass": 5.818564, "log_pop_c": 0.141841, "log_mass_c": 0.076421}, {"country_iso": "PRK", "city_id": 12109, "log_pop": 2.743436, "log_mass": 5.144542, "log_pop_c": -0.749604, "log_mass_c": -0.692243}, {"country_iso": "PRK", "city_id": 12221, "log_pop": 4.071037, "log_mass": 6.532339, "log_pop_c": 0.758945, "log_mass_c": 0.790195}, {"country_iso": "PRK", "city_id": 12109, "log_pop": 4.442579, "log_mass": 6.356105, "log_pop_c": 0.949538, "log_mass_c": 0.51932}, {"country_iso": "PRK", "city_id": 12224, "log_pop": 0.475795, "log_mass": 2.840335, "log_pop_c": -2.693181, "log_mass_c": -2.64602}, {"country_iso": "PRK", "city_id": 12224, "log_pop": 3.186128, "log_mass": 5.55308, "log_pop_c": 0.017151, "log_mass_c": 0.066725}, {"country_iso": "PRK", "city_id": 12109, "log_pop": 2.717299, "log_mass": 5.130498, "log_pop_c": -0.775741, "log_mass_c": -0.706287}, {"country_iso": "PRK", "city_id": 12109, "log_pop": 3.746015, "log_mass": 6.130722, "log_pop_c": 0.252974, "log_mass_c": 0.293937}, {"country_iso": "PRK", "city_id": 12247, "log_pop": 3.714305, "log_mass": 6.055661, "log_pop_c": 0.806746, "log_mass_c": 0.743015}, {"country_iso": "PRK", "city_id": 12109, "log_pop": 3.757984, "log_mass": 6.092085, "log_pop_c": 0.264944, "log_mass_c": 0.2553}, {"country_iso": "PRK", "city_id": 12247, "log_pop": 3.831717, "log_mass": 6.220129, "log_pop_c": 0.924159, "log_mass_c": 0.907484}, {"country_iso": "PRK", "city_id": 12121, "log_pop": 3.05186, "log_mass": 5.413895, "log_pop_c": 0.017945, "log_mass_c": 0.013066}, {"country_iso": "PRK", "city_id": 12221, "log_pop": 3.581679, "log_mass": 6.047759, "log_pop_c": 0.269588, "log_mass_c": 0.305615}, {"country_iso": "PRK", "city_id": 12109, "log_pop": 4.091142, "log_mass": 6.448762, "log_pop_c": 0.598102, "log_mass_c": 0.611977}, {"country_iso": "PRK", "city_id": 12247, "log_pop": 1.89983, "log_mass": 4.376121, "log_pop_c": -1.007729, "log_mass_c": -0.936525}, {"country_iso": "PRK", "city_id": 12109, "log_pop": 3.55207, "log_mass": 5.874861, "log_pop_c": 0.05903, "log_mass_c": 0.038076}, {"country_iso": "PRK", "city_id": 12109, "log_pop": 3.011459, "log_mass": 5.478379, "log_pop_c": -0.481581, "log_mass_c": -0.358406}, {"country_iso": "PRK", "city_id": 12109, "log_pop": 3.262797, "log_mass": 5.576404, "log_pop_c": -0.230243, "log_mass_c": -0.260381}, {"country_iso": "PRK", "city_id": 12224, "log_pop": 1.266768, "log_mass": 3.623327, "log_pop_c": -1.902208, "log_mass_c": -1.863028}, {"country_iso": "PRK", "city_id": 12109, "log_pop": 2.643959, "log_mass": 4.890295, "log_pop_c": -0.849081, "log_mass_c": -0.94649}, {"country_iso": "PRK", "city_id": 12109, "log_pop": 3.305399, "log_mass": 5.555356, "log_pop_c": -0.187642, "log_mass_c": -0.281429}, {"country_iso": "PRK", "city_id": 12109, "log_pop": 2.514885, "log_mass": 4.867645, "log_pop_c": -0.978156, "log_mass_c": -0.96914}, {"country_iso": "PRK", "city_id": 12221, "log_pop": 2.353506, "log_mass": 4.806683, "log_pop_c": -0.958586, "log_mass_c": -0.93546}, {"country_iso": "PRK", "city_id": 12109, "log_pop": 4.023646, "log_mass": 6.463441, "log_pop_c": 0.530606, "log_mass_c": 0.626656}, {"country_iso": "PRK", "city_id": 12247, "log_pop": 2.559803, "log_mass": 4.971093, "log_pop_c": -0.347756, "log_mass_c": -0.341552}, {"country_iso": "PRK", "city_id": 12109, "log_pop": 4.161726, "log_mass": 6.468509, "log_pop_c": 0.668686, "log_mass_c": 0.631724}, {"country_iso": "PRK", "city_id": 12121, "log_pop": 3.758173, "log_mass": 6.119648, "log_pop_c": 0.724259, "log_mass_c": 0.718819}, {"country_iso": "PRK", "city_id": 12247, "log_pop": 1.973412, "log_mass": 4.443392, "log_pop_c": -0.934147, "log_mass_c": -0.869254}, {"country_iso": "PRK", "city_id": 12247, "log_pop": 3.598474, "log_mass": 6.017529, "log_pop_c": 0.690915, "log_mass_c": 0.704883}, {"country_iso": "PRK", "city_id": 12121, "log_pop": 2.85588, "log_mass": 5.566417, "log_pop_c": -0.178034, "log_mass_c": 0.165589}, {"country_iso": "PRK", "city_id": 12109, "log_pop": 3.974145, "log_mass": 6.365149, "log_pop_c": 0.481105, "log_mass_c": 0.528364}, {"country_iso": "PRK", "city_id": 12224, "log_pop": 3.185435, "log_mass": 5.445054, "log_pop_c": 0.016458, "log_mass_c": -0.041301}, {"country_iso": "PRK", "city_id": 12221, "log_pop": 3.826661, "log_mass": 6.207396, "log_pop_c": 0.514569, "log_mass_c": 0.465252}, {"country_iso": "PRK", "city_id": 12109, "log_pop": 4.087317, "log_mass": 6.385198, "log_pop_c": 0.594277, "log_mass_c": 0.548413}, {"country_iso": "PRK", "city_id": 12121, "log_pop": 2.6003, "log_mass": 4.93275, "log_pop_c": -0.433614, "log_mass_c": -0.468079}, {"country_iso": "PRK", "city_id": 12224, "log_pop": 3.876206, "log_mass": 6.164676, "log_pop_c": 0.707229, "log_mass_c": 0.678321}, {"country_iso": "PRK", "city_id": 12224, "log_pop": 2.039086, "log_mass": 4.295524, "log_pop_c": -1.12989, "log_mass_c": -1.190831}, {"country_iso": "PRK", "city_id": 12221, "log_pop": 3.49673, "log_mass": 6.001755, "log_pop_c": 0.184638, "log_mass_c": 0.259611}, {"country_iso": "PRK", "city_id": 12109, "log_pop": 3.954189, "log_mass": 6.245821, "log_pop_c": 0.461149, "log_mass_c": 0.409036}, {"country_iso": "PRK", "city_id": 12121, "log_pop": 3.481453, "log_mass": 5.791479, "log_pop_c": 0.447538, "log_mass_c": 0.390651}, {"country_iso": "PRK", "city_id": 12224, "log_pop": 4.012287, "log_mass": 6.262615, "log_pop_c": 0.84331, "log_mass_c": 0.77626}, {"country_iso": "PRK", "city_id": 12221, "log_pop": 3.203115, "log_mass": 5.646747, "log_pop_c": -0.108977, "log_mass_c": -0.095397}, {"country_iso": "PRK", "city_id": 12221, "log_pop": 2.951168, "log_mass": 5.242452, "log_pop_c": -0.360923, "log_mass_c": -0.499692}, {"country_iso": "PRK", "city_id": 12221, "log_pop": 3.110052, "log_mass": 5.601372, "log_pop_c": -0.20204, "log_mass_c": -0.140772}, {"country_iso": "PRK", "city_id": 12109, "log_pop": 3.922143, "log_mass": 6.329351, "log_pop_c": 0.429103, "log_mass_c": 0.492566}, {"country_iso": "PRK", "city_id": 12109, "log_pop": 4.127685, "log_mass": 6.485034, "log_pop_c": 0.634645, "log_mass_c": 0.648249}, {"country_iso": "PRK", "city_id": 12109, "log_pop": 3.767714, "log_mass": 6.12526, "log_pop_c": 0.274673, "log_mass_c": 0.288475}, {"country_iso": "PRK", "city_id": 12247, "log_pop": 3.262101, "log_mass": 5.574562, "log_pop_c": 0.354542, "log_mass_c": 0.261917}, {"country_iso": "PRK", "city_id": 12221, "log_pop": 3.569364, "log_mass": 5.943988, "log_pop_c": 0.257272, "log_mass_c": 0.201845}, {"country_iso": "PRK", "city_id": 12224, "log_pop": 3.912498, "log_mass": 6.334546, "log_pop_c": 0.743521, "log_mass_c": 0.848191}, {"country_iso": "PRK", "city_id": 12109, "log_pop": 3.135564, "log_mass": 5.430399, "log_pop_c": -0.357477, "log_mass_c": -0.406386}, {"country_iso": "PRK", "city_id": 12224, "log_pop": 3.494847, "log_mass": 5.917139, "log_pop_c": 0.32587, "log_mass_c": 0.430784}, {"country_iso": "PRK", "city_id": 12221, "log_pop": 3.049732, "log_mass": 5.442148, "log_pop_c": -0.26236, "log_mass_c": -0.299995}, {"country_iso": "PRK", "city_id": 12109, "log_pop": 2.741426, "log_mass": 5.072936, "log_pop_c": -0.751615, "log_mass_c": -0.763849}, {"country_iso": "PRK", "city_id": 12224, "log_pop": 2.520006, "log_mass": 4.793914, "log_pop_c": -0.64897, "log_mass_c": -0.692441}, {"country_iso": "PRK", "city_id": 12109, "log_pop": 3.958855, "log_mass": 6.222385, "log_pop_c": 0.465815, "log_mass_c": 0.3856}, {"country_iso": "PRK", "city_id": 12109, "log_pop": 4.00947, "log_mass": 6.437498, "log_pop_c": 0.516429, "log_mass_c": 0.600713}, {"country_iso": "PRK", "city_id": 12247, "log_pop": 3.498926, "log_mass": 5.881733, "log_pop_c": 0.591367, "log_mass_c": 0.569087}, {"country_iso": "PRK", "city_id": 12109, "log_pop": 3.868869, "log_mass": 6.200412, "log_pop_c": 0.375829, "log_mass_c": 0.363627}, {"country_iso": "PRK", "city_id": 12247, "log_pop": 3.453895, "log_mass": 5.767801, "log_pop_c": 0.546336, "log_mass_c": 0.455155}, {"country_iso": "PRK", "city_id": 12121, "log_pop": 3.97516, "log_mass": 6.378018, "log_pop_c": 0.941245, "log_mass_c": 0.977189}, {"country_iso": "PRK", "city_id": 12221, "log_pop": 2.947149, "log_mass": 5.259563, "log_pop_c": -0.364943, "log_mass_c": -0.48258}, {"country_iso": "PRK", "city_id": 12224, "log_pop": 3.9574, "log_mass": 6.294565, "log_pop_c": 0.788423, "log_mass_c": 0.80821}, {"country_iso": "PRK", "city_id": 12109, "log_pop": 3.484475, "log_mass": 5.775858, "log_pop_c": -0.008565, "log_mass_c": -0.060928}, {"country_iso": "PRK", "city_id": 12109, "log_pop": 3.72476, "log_mass": 5.966226, "log_pop_c": 0.23172, "log_mass_c": 0.129441}, {"country_iso": "PRK", "city_id": 12224, "log_pop": 3.077331, "log_mass": 5.402925, "log_pop_c": -0.091646, "log_mass_c": -0.08343}, {"country_iso": "PRK", "city_id": 12109, "log_pop": 3.72384, "log_mass": 6.15518, "log_pop_c": 0.2308, "log_mass_c": 0.318395}, {"country_iso": "PRK", "city_id": 12109, "log_pop": 4.022039, "log_mass": 6.407253, "log_pop_c": 0.528999, "log_mass_c": 0.570468}, {"country_iso": "PRK", "city_id": 12221, "log_pop": 3.296171, "log_mass": 5.613855, "log_pop_c": -0.015921, "log_mass_c": -0.128289}, {"country_iso": "PRK", "city_id": 12109, "log_pop": 4.065333, "log_mass": 6.554443, "log_pop_c": 0.572293, "log_mass_c": 0.717657}, {"country_iso": "PRK", "city_id": 12221, "log_pop": 3.995784, "log_mass": 6.402824, "log_pop_c": 0.683692, "log_mass_c": 0.66068}, {"country_iso": "PRK", "city_id": 12109, "log_pop": 2.755615, "log_mass": 5.092055, "log_pop_c": -0.737425, "log_mass_c": -0.74473}, {"country_iso": "PRK", "city_id": 12109, "log_pop": 3.325089, "log_mass": 5.590717, "log_pop_c": -0.167951, "log_mass_c": -0.246068}, {"country_iso": "PRK", "city_id": 12109, "log_pop": 4.029921, "log_mass": 6.394323, "log_pop_c": 0.536881, "log_mass_c": 0.557538}, {"country_iso": "PRK", "city_id": 12247, "log_pop": 1.862912, "log_mass": 4.166888, "log_pop_c": -1.044647, "log_mass_c": -1.145757}, {"country_iso": "PRK", "city_id": 12224, "log_pop": 2.525253, "log_mass": 4.826119, "log_pop_c": -0.643724, "log_mass_c": -0.660236}, {"country_iso": "PRK", "city_id": 12221, "log_pop": 3.990788, "log_mass": 6.519093, "log_pop_c": 0.678696, "log_mass_c": 0.776949}, {"country_iso": "PRK", "city_id": 12224, "log_pop": 3.599611, "log_mass": 5.933353, "log_pop_c": 0.430635, "log_mass_c": 0.446998}, {"country_iso": "PRK", "city_id": 12109, "log_pop": 4.251542, "log_mass": 6.408049, "log_pop_c": 0.758502, "log_mass_c": 0.571263}, {"country_iso": "PRK", "city_id": 12109, "log_pop": 3.240906, "log_mass": 5.683429, "log_pop_c": -0.252134, "log_mass_c": -0.153356}, {"country_iso": "PRK", "city_id": 12109, "log_pop": 3.905962, "log_mass": 6.388545, "log_pop_c": 0.412921, "log_mass_c": 0.55176}, {"country_iso": "PRK", "city_id": 12109, "log_pop": 3.850006, "log_mass": 6.157527, "log_pop_c": 0.356966, "log_mass_c": 0.320742}, {"country_iso": "PRK", "city_id": 12109, "log_pop": 4.019513, "log_mass": 6.469215, "log_pop_c": 0.526473, "log_mass_c": 0.63243}, {"country_iso": "PRK", "city_id": 12109, "log_pop": 3.484331, "log_mass": 5.821593, "log_pop_c": -0.008709, "log_mass_c": -0.015192}, {"country_iso": "PRK", "city_id": 12109, "log_pop": 3.515573, "log_mass": 5.856309, "log_pop_c": 0.022532, "log_mass_c": 0.019523}, {"country_iso": "PRK", "city_id": 12224, "log_pop": 3.856965, "log_mass": 6.223394, "log_pop_c": 0.687988, "log_mass_c": 0.737039}, {"country_iso": "PRK", "city_id": 12224, "log_pop": 3.300987, "log_mass": 5.636261, "log_pop_c": 0.132011, "log_mass_c": 0.149906}, {"country_iso": "PRK", "city_id": 12109, "log_pop": 1.85687, "log_mass": 4.173623, "log_pop_c": -1.63617, "log_mass_c": -1.663163}, {"country_iso": "PRK", "city_id": 12109, "log_pop": 4.079541, "log_mass": 6.563116, "log_pop_c": 0.586501, "log_mass_c": 0.726331}, {"country_iso": "PRK", "city_id": 12109, "log_pop": 4.115674, "log_mass": 6.504708, "log_pop_c": 0.622633, "log_mass_c": 0.667923}, {"country_iso": "PRK", "city_id": 12109, "log_pop": 4.042954, "log_mass": 6.504656, "log_pop_c": 0.549913, "log_mass_c": 0.667871}, {"country_iso": "PRK", "city_id": 12224, "log_pop": 3.349359, "log_mass": 5.717842, "log_pop_c": 0.180382, "log_mass_c": 0.231487}, {"country_iso": "PRK", "city_id": 12247, "log_pop": 3.739166, "log_mass": 6.150459, "log_pop_c": 0.831607, "log_mass_c": 0.837813}, {"country_iso": "PRK", "city_id": 12109, "log_pop": 3.919302, "log_mass": 6.205432, "log_pop_c": 0.426261, "log_mass_c": 0.368647}, {"country_iso": "PRK", "city_id": 12221, "log_pop": 3.167803, "log_mass": 5.426232, "log_pop_c": -0.144288, "log_mass_c": -0.315911}, {"country_iso": "PRK", "city_id": 12109, "log_pop": 3.830515, "log_mass": 6.179136, "log_pop_c": 0.337475, "log_mass_c": 0.34235}, {"country_iso": "PRK", "city_id": 12224, "log_pop": 3.475367, "log_mass": 5.769866, "log_pop_c": 0.30639, "log_mass_c": 0.283511}, {"country_iso": "PRK", "city_id": 12247, "log_pop": 3.162798, "log_mass": 5.521483, "log_pop_c": 0.255239, "log_mass_c": 0.208837}, {"country_iso": "PRK", "city_id": 12224, "log_pop": 2.947098, "log_mass": 5.310906, "log_pop_c": -0.221879, "log_mass_c": -0.175449}, {"country_iso": "PRK", "city_id": 12224, "log_pop": 4.095568, "log_mass": 6.431749, "log_pop_c": 0.926591, "log_mass_c": 0.945394}, {"country_iso": "PRK", "city_id": 12109, "log_pop": 2.175289, "log_mass": 4.680752, "log_pop_c": -1.317751, "log_mass_c": -1.156033}, {"country_iso": "PRK", "city_id": 12109, "log_pop": 3.325183, "log_mass": 5.500846, "log_pop_c": -0.167857, "log_mass_c": -0.33594}, {"country_iso": "PRK", "city_id": 12109, "log_pop": 2.355981, "log_mass": 4.658081, "log_pop_c": -1.137059, "log_mass_c": -1.178705}, {"country_iso": "PRK", "city_id": 12109, "log_pop": 3.839859, "log_mass": 5.76308, "log_pop_c": 0.346819, "log_mass_c": -0.073705}, {"country_iso": "PRK", "city_id": 12224, "log_pop": 3.487903, "log_mass": 5.795939, "log_pop_c": 0.318926, "log_mass_c": 0.309584}, {"country_iso": "PRK", "city_id": 12224, "log_pop": 4.140379, "log_mass": 6.438827, "log_pop_c": 0.971403, "log_mass_c": 0.952472}, {"country_iso": "PRK", "city_id": 12221, "log_pop": 3.901993, "log_mass": 6.257476, "log_pop_c": 0.589901, "log_mass_c": 0.515333}, {"country_iso": "PRK", "city_id": 12109, "log_pop": 4.01867, "log_mass": 6.444148, "log_pop_c": 0.52563, "log_mass_c": 0.607363}, {"country_iso": "PRK", "city_id": 12109, "log_pop": 4.330255, "log_mass": 6.265775, "log_pop_c": 0.837214, "log_mass_c": 0.42899}, {"country_iso": "PRK", "city_id": 12109, "log_pop": 3.884612, "log_mass": 6.183492, "log_pop_c": 0.391571, "log_mass_c": 0.346707}, {"country_iso": "PRK", "city_id": 12121, "log_pop": 3.938204, "log_mass": 6.329964, "log_pop_c": 0.90429, "log_mass_c": 0.929135}, {"country_iso": "PRK", "city_id": 12109, "log_pop": 4.097922, "log_mass": 6.535591, "log_pop_c": 0.604882, "log_mass_c": 0.698806}, {"country_iso": "PRK", "city_id": 12221, "log_pop": 1.387233, "log_mass": 3.97577, "log_pop_c": -1.924859, "log_mass_c": -1.766373}, {"country_iso": "PRK", "city_id": 12224, "log_pop": 3.716807, "log_mass": 5.970053, "log_pop_c": 0.54783, "log_mass_c": 0.483698}, {"country_iso": "PRK", "city_id": 12224, "log_pop": 3.671338, "log_mass": 6.087934, "log_pop_c": 0.502361, "log_mass_c": 0.601579}, {"country_iso": "PRK", "city_id": 12247, "log_pop": 2.311383, "log_mass": 4.857765, "log_pop_c": -0.596176, "log_mass_c": -0.454881}, {"country_iso": "PRK", "city_id": 12109, "log_pop": 3.924733, "log_mass": 6.399484, "log_pop_c": 0.431693, "log_mass_c": 0.562699}, {"country_iso": "PRK", "city_id": 12221, "log_pop": 2.984592, "log_mass": 5.56332, "log_pop_c": -0.327499, "log_mass_c": -0.178824}, {"country_iso": "PRK", "city_id": 12224, "log_pop": 2.773426, "log_mass": 5.040811, "log_pop_c": -0.395551, "log_mass_c": -0.445544}, {"country_iso": "PRK", "city_id": 12109, "log_pop": 2.983051, "log_mass": 5.287816, "log_pop_c": -0.509989, "log_mass_c": -0.548969}, {"country_iso": "PRK", "city_id": 12109, "log_pop": 3.723204, "log_mass": 6.016693, "log_pop_c": 0.230164, "log_mass_c": 0.179908}, {"country_iso": "PRK", "city_id": 12221, "log_pop": 3.636276, "log_mass": 6.071693, "log_pop_c": 0.324185, "log_mass_c": 0.329549}, {"country_iso": "PRK", "city_id": 12247, "log_pop": 3.710483, "log_mass": 6.167737, "log_pop_c": 0.802924, "log_mass_c": 0.855092}, {"country_iso": "PRK", "city_id": 12221, "log_pop": 4.033659, "log_mass": 6.52482, "log_pop_c": 0.721567, "log_mass_c": 0.782677}, {"country_iso": "PRK", "city_id": 12109, "log_pop": 2.438267, "log_mass": 4.973064, "log_pop_c": -1.054774, "log_mass_c": -0.863721}, {"country_iso": "PRK", "city_id": 12109, "log_pop": 3.480096, "log_mass": 5.649275, "log_pop_c": -0.012945, "log_mass_c": -0.18751}, {"country_iso": "PRK", "city_id": 12109, "log_pop": 2.096697, "log_mass": 4.504837, "log_pop_c": -1.396344, "log_mass_c": -1.331948}, {"country_iso": "PRK", "city_id": 12109, "log_pop": 3.426708, "log_mass": 5.703312, "log_pop_c": -0.066332, "log_mass_c": -0.133473}, {"country_iso": "PRK", "city_id": 12224, "log_pop": 2.937007, "log_mass": 5.164707, "log_pop_c": -0.23197, "log_mass_c": -0.321648}, {"country_iso": "PRK", "city_id": 12109, "log_pop": 3.916308, "log_mass": 6.233751, "log_pop_c": 0.423267, "log_mass_c": 0.396966}, {"country_iso": "PRK", "city_id": 12247, "log_pop": 3.533779, "log_mass": 5.740676, "log_pop_c": 0.62622, "log_mass_c": 0.428031}, {"country_iso": "PRK", "city_id": 12224, "log_pop": 1.347781, "log_mass": 3.490713, "log_pop_c": -1.821196, "log_mass_c": -1.995642}, {"country_iso": "PRK", "city_id": 12121, "log_pop": 3.052411, "log_mass": 5.323444, "log_pop_c": 0.018497, "log_mass_c": -0.077384}, {"country_iso": "PRK", "city_id": 12224, "log_pop": 3.15839, "log_mass": 5.427196, "log_pop_c": -0.010586, "log_mass_c": -0.059159}, {"country_iso": "PRK", "city_id": 12109, "log_pop": 2.865188, "log_mass": 5.255337, "log_pop_c": -0.627852, "log_mass_c": -0.581448}, {"country_iso": "PRK", "city_id": 12109, "log_pop": 3.67634, "log_mass": 5.906095, "log_pop_c": 0.1833, "log_mass_c": 0.06931}, {"country_iso": "PRK", "city_id": 12109, "log_pop": 3.602973, "log_mass": 5.927672, "log_pop_c": 0.109933, "log_mass_c": 0.090887}, {"country_iso": "PRK", "city_id": 12109, "log_pop": 4.043614, "log_mass": 6.354809, "log_pop_c": 0.550574, "log_mass_c": 0.518024}, {"country_iso": "PRK", "city_id": 12224, "log_pop": 3.327792, "log_mass": 5.805309, "log_pop_c": 0.158816, "log_mass_c": 0.318954}, {"country_iso": "PRK", "city_id": 12109, "log_pop": 3.13069, "log_mass": 5.307421, "log_pop_c": -0.36235, "log_mass_c": -0.529364}]