[{"country_iso": "SAU", "city_id": 5698, "log_pop": 3.600358, "log_mass": 6.00474, "log_pop_c": -0.040406, "log_mass_c": -0.296731}, {"country_iso": "SAU", "city_id": 5698, "log_pop": 3.507813, "log_mass": 5.939088, "log_pop_c": -0.132951, "log_mass_c": -0.362384}, {"country_iso": "SAU", "city_id": 4921, "log_pop": 4.0858, "log_mass": 6.632224, "log_pop_c": 0.587943, "log_mass_c": 0.61769}, {"country_iso": "SAU", "city_id": 5820, "log_pop": 3.597583, "log_mass": 6.166525, "log_pop_c": 0.274865, "log_mass_c": 0.116999}, {"country_iso": "SAU", "city_id": 4921, "log_pop": 3.796883, "log_mass": 6.1935, "log_pop_c": 0.299026, "log_mass_c": 0.178966}, {"country_iso": "SAU", "city_id": 4921, "log_pop": 0.75198, "log_mass": 3.054767, "log_pop_c": -2.745877, "log_mass_c": -2.959767}, {"country_iso": "SAU", "city_id": 4907, "log_pop": 2.947584, "log_mass": 5.804802, "log_pop_c": 0.024381, "log_mass_c": -0.033005}, {"country_iso": "SAU", "city_id": 4921, "log_pop": 3.884099, "log_mass": 6.343982, "log_pop_c": 0.386242, "log_mass_c": 0.329448}, {"country_iso": "SAU", "city_id": 5698, "log_pop": 3.833037, "log_mass": 6.766677, "log_pop_c": 0.192273, "log_mass_c": 0.465206}, {"country_iso": "SAU", "city_id": 5820, "log_pop": 2.260382, "log_mass": 4.87409, "log_pop_c": -1.062335, "log_mass_c": -1.175436}, {"country_iso": "SAU", "city_id": 4907, "log_pop": 3.566411, "log_mass": 6.503217, "log_pop_c": 0.643208, "log_mass_c": 0.66541}, {"country_iso": "SAU", "city_id": 4921, "log_pop": 4.11607, "log_mass": 6.535362, "log_pop_c": 0.618213, "log_mass_c": 0.520828}, {"country_iso": "SAU", "city_id": 5820, "log_pop": 3.891518, "log_mass": 6.573896, "log_pop_c": 0.568801, "log_mass_c": 0.52437}, {"country_iso": "SAU", "city_id": 4921, "log_pop": 3.989937, "log_mass": 6.74585, "log_pop_c": 0.492081, "log_mass_c": 0.731316}, {"country_iso": "SAU", "city_id": 4921, "log_pop": 3.762187, "log_mass": 6.278136, "log_pop_c": 0.26433, "log_mass_c": 0.263602}, {"country_iso": "SAU", "city_id": 5820, "log_pop": 3.573102, "log_mass": 6.077448, "log_pop_c": 0.250385, "log_mass_c": 0.027921}, {"country_iso": "SAU", "city_id": 5826, "log_pop": 3.651013, "log_mass": 6.496493, "log_pop_c": 0.4206, "log_mass_c": 0.399598}, {"country_iso": "SAU", "city_id": 4921, "log_pop": 2.92743, "log_mass": 5.757873, "log_pop_c": -0.570427, "log_mass_c": -0.256661}, {"country_iso": "SAU", "city_id": 5820, "log_pop": 3.13464, "log_mass": 5.642708, "log_pop_c": -0.188077, "log_mass_c": -0.406818}, {"country_iso": "SAU", "city_id": 5698, "log_pop": 3.668761, "log_mass": 6.200991, "log_pop_c": 0.027997, "log_mass_c": -0.100481}, {"country_iso": "SAU", "city_id": 5698, "log_pop": 3.912745, "log_mass": 6.757885, "log_pop_c": 0.27198, "log_mass_c": 0.456414}, {"country_iso": "SAU", "city_id": 4921, "log_pop": 3.989833, "log_mass": 6.433701, "log_pop_c": 0.491976, "log_mass_c": 0.419167}, {"country_iso": "SAU", "city_id": 4921, "log_pop": 4.044827, "log_mass": 6.940785, "log_pop_c": 0.546971, "log_mass_c": 0.926251}, {"country_iso": "SAU", "city_id": 4921, "log_pop": 4.075918, "log_mass": 6.615703, "log_pop_c": 0.578061, "log_mass_c": 0.601169}, {"country_iso": "SAU", "city_id": 5698, "log_pop": 3.746262, "log_mass": 6.180688, "log_pop_c": 0.105498, "log_mass_c": -0.120783}, {"country_iso": "SAU", "city_id": 5698, "log_pop": 3.86091, "log_mass": 6.451197, "log_pop_c": 0.220145, "log_mass_c": 0.149726}, {"country_iso": "SAU", "city_id": 5698, "log_pop": 3.958637, "log_mass": 6.818008, "log_pop_c": 0.317872, "log_mass_c": 0.516537}, {"country_iso": "SAU", "city_id": 5073, "log_pop": 3.175451, "log_mass": 6.226666, "log_pop_c": 0.310847, "log_mass_c": 0.261866}, {"country_iso": "SAU", "city_id": 4921, "log_pop": 4.100809, "log_mass": 6.507829, "log_pop_c": 0.602952, "log_mass_c": 0.493295}, {"country_iso": "SAU", "city_id": 5698, "log_pop": 3.635538, "log_mass": 6.478284, "log_pop_c": -0.005226, "log_mass_c": 0.176813}, {"country_iso": "SAU", "city_id": 5826, "log_pop": 3.468275, "log_mass": 6.442533, "log_pop_c": 0.237862, "log_mass_c": 0.345638}, {"country_iso": "SAU", "city_id": 4907, "log_pop": 3.498435, "log_mass": 6.365724, "log_pop_c": 0.575232, "log_mass_c": 0.527917}, {"country_iso": "SAU", "city_id": 5820, "log_pop": 3.106911, "log_mass": 5.615367, "log_pop_c": -0.215806, "log_mass_c": -0.43416}, {"country_iso": "SAU", "city_id": 5820, "log_pop": 3.309488, "log_mass": 6.331314, "log_pop_c": -0.01323, "log_mass_c": 0.281788}, {"country_iso": "SAU", "city_id": 5826, "log_pop": 2.902059, "log_mass": 5.66573, "log_pop_c": -0.328354, "log_mass_c": -0.431165}, {"country_iso": "SAU", "city_id": 5698, "log_pop": 3.749452, "log_mass": 6.142117, "log_pop_c": 0.108688, "log_mass_c": -0.159355}, {"country_iso": "SAU", "city_id": 4907, "log_pop": 3.491127, "log_mass": 6.402935, "log_pop_c": 0.567923, "log_mass_c": 0.565128}, {"country_iso": "SAU", "city_id": 5826, "log_pop": 3.560174, "log_mass": 6.395875, "log_pop_c": 0.329761, "log_mass_c": 0.29898}, {"country_iso": "SAU", "city_id": 5820, "log_pop": 3.86221, "log_mass": 6.503727, "log_pop_c": 0.539493, "log_mass_c": 0.454201}, {"country_iso": "SAU", "city_id": 5698, "log_pop": 3.883167, "log_mass": 6.362345, "log_pop_c": 0.242402, "log_mass_c": 0.060874}, {"country_iso": "SAU", "city_id": 5698, "log_pop": 3.617816, "log_mass": 6.147346, "log_pop_c": -0.022949, "log_mass_c": -0.154125}, {"country_iso": "SAU", "city_id": 5698, "log_pop": 3.904408, "log_mass": 6.571824, "log_pop_c": 0.263643, "log_mass_c": 0.270353}, {"country_iso": "SAU", "city_id": 5820, "log_pop": 3.95407, "log_mass": 6.440477, "log_pop_c": 0.631353, "log_mass_c": 0.390951}, {"country_iso": "SAU", "city_id": 4907, "log_pop": 3.548244, "log_mass": 6.500923, "log_pop_c": 0.625041, "log_mass_c": 0.663116}, {"country_iso": "SAU", "city_id": 5826, "log_pop": 3.34873, "log_mass": 6.190485, "log_pop_c": 0.118318, "log_mass_c": 0.09359}, {"country_iso": "SAU", "city_id": 5073, "log_pop": 3.483985, "log_mass": 6.579844, "log_pop_c": 0.619381, "log_mass_c": 0.615045}, {"country_iso": "SAU", "city_id": 5698, "log_pop": 3.760812, "log_mass": 6.268572, "log_pop_c": 0.120048, "log_mass_c": -0.0329}, {"country_iso": "SAU", "city_id": 5826, "log_pop": 3.537056, "log_mass": 6.358929, "log_pop_c": 0.306643, "log_mass_c": 0.262034}, {"country_iso": "SAU", "city_id": 5820, "log_pop": 3.943654, "log_mass": 6.617509, "log_pop_c": 0.620937, "log_mass_c": 0.567982}, {"country_iso": "SAU", "city_id": 5698, "log_pop": 3.921531, "log_mass": 6.688972, "log_pop_c": 0.280766, "log_mass_c": 0.387501}, {"country_iso": "SAU", "city_id": 4921, "log_pop": 4.009483, "log_mass": 6.600723, "log_pop_c": 0.511626, "log_mass_c": 0.586189}, {"country_iso": "SAU", "city_id": 4921, "log_pop": 2.608044, "log_mass": 4.981043, "log_pop_c": -0.889813, "log_mass_c": -1.033491}, {"country_iso": "SAU", "city_id": 5698, "log_pop": 3.884389, "log_mass": 6.409837, "log_pop_c": 0.243625, "log_mass_c": 0.108366}, {"country_iso": "SAU", "city_id": 4907, "log_pop": 3.612129, "log_mass": 6.863257, "log_pop_c": 0.688926, "log_mass_c": 1.02545}, {"country_iso": "SAU", "city_id": 5820, "log_pop": 3.671299, "log_mass": 6.480072, "log_pop_c": 0.348582, "log_mass_c": 0.430546}, {"country_iso": "SAU", "city_id": 5698, "log_pop": 2.951518, "log_mass": 5.692495, "log_pop_c": -0.689247, "log_mass_c": -0.608976}, {"country_iso": "SAU", "city_id": 5826, "log_pop": 3.626833, "log_mass": 6.417269, "log_pop_c": 0.39642, "log_mass_c": 0.320374}, {"country_iso": "SAU", "city_id": 5820, "log_pop": 2.859916, "log_mass": 5.73117, "log_pop_c": -0.462801, "log_mass_c": -0.318356}, {"country_iso": "SAU", "city_id": 5820, "log_pop": 3.293731, "log_mass": 5.763765, "log_pop_c": -0.028986, "log_mass_c": -0.285761}, {"country_iso": "SAU", "city_id": 5826, "log_pop": 3.222604, "log_mass": 6.125094, "log_pop_c": -0.007809, "log_mass_c": 0.028199}, {"country_iso": "SAU", "city_id": 5698, "log_pop": 3.896815, "log_mass": 6.592494, "log_pop_c": 0.256051, "log_mass_c": 0.291022}, {"country_iso": "SAU", "city_id": 5826, "log_pop": 3.173574, "log_mass": 5.935848, "log_pop_c": -0.056839, "log_mass_c": -0.161047}, {"country_iso": "SAU", "city_id": 5698, "log_pop": 3.972652, "log_mass": 6.440505, "log_pop_c": 0.331888, "log_mass_c": 0.139034}, {"country_iso": "SAU", "city_id": 5820, "log_pop": 3.346159, "log_mass": 6.227286, "log_pop_c": 0.023441, "log_mass_c": 0.17776}, {"country_iso": "SAU", "city_id": 4907, "log_pop": 3.10758, "log_mass": 6.089561, "log_pop_c": 0.184377, "log_mass_c": 0.251754}, {"country_iso": "SAU", "city_id": 5698, "log_pop": 3.72762, "log_mass": 6.216984, "log_pop_c": 0.086856, "log_mass_c": -0.084488}, {"country_iso": "SAU", "city_id": 5698, "log_pop": 3.916354, "log_mass": 6.892284, "log_pop_c": 0.27559, "log_mass_c": 0.590812}, {"country_iso": "SAU", "city_id": 4907, "log_pop": 2.372846, "log_mass": 5.161684, "log_pop_c": -0.550357, "log_mass_c": -0.676123}, {"country_iso": "SAU", "city_id": 5698, "log_pop": 3.888296, "log_mass": 6.490468, "log_pop_c": 0.247532, "log_mass_c": 0.188996}, {"country_iso": "SAU", "city_id": 5698, "log_pop": 3.97609, "log_mass": 6.641349, "log_pop_c": 0.335325, "log_mass_c": 0.339878}, {"country_iso": "SAU", "city_id": 4907, "log_pop": 3.141531, "log_mass": 6.105617, "log_pop_c": 0.218327, "log_mass_c": 0.267809}, {"country_iso": "SAU", "city_id": 5698, "log_pop": 3.825213, "log_mass": 6.406814, "log_pop_c": 0.184448, "log_mass_c": 0.105343}, {"country_iso": "SAU", "city_id": 5698, "log_pop": 3.001329, "log_mass": 5.757093, "log_pop_c": -0.639436, "log_mass_c": -0.544379}, {"country_iso": "SAU", "city_id": 5698, "log_pop": 3.925191, "log_mass": 6.60103, "log_pop_c": 0.284427, "log_mass_c": 0.299559}, {"country_iso": "SAU", "city_id": 5698, "log_pop": 3.92783, "log_mass": 6.716327, "log_pop_c": 0.287066, "log_mass_c": 0.414855}, {"country_iso": "SAU", "city_id": 5826, "log_pop": 1.537933, "log_mass": 4.564731, "log_pop_c": -1.69248, "log_mass_c": -1.532164}, {"country_iso": "SAU", "city_id": 5698, "log_pop": 3.918865, "log_mass": 6.83982, "log_pop_c": 0.2781, "log_mass_c": 0.538349}, {"country_iso": "SAU", "city_id": 5698, "log_pop": 3.839721, "log_mass": 6.616395, "log_pop_c": 0.198957, "log_mass_c": 0.314924}, {"country_iso": "SAU", "city_id": 5698, "log_pop": 3.152428, "log_mass": 5.879857, "log_pop_c": -0.488336, "log_mass_c": -0.421614}, {"country_iso": "SAU", "city_id": 4921, "log_pop": 3.950058, "log_mass": 6.668338, "log_pop_c": 0.452201, "log_mass_c": 0.653804}, {"country_iso": "SAU", "city_id": 5826, "log_pop": 3.682894, "log_mass": 6.426062, "log_pop_c": 0.452481, "log_mass_c": 0.329166}, {"country_iso": "SAU", "city_id": 5698, "log_pop": 3.861325, "log_mass": 6.619404, "log_pop_c": 0.22056, "log_mass_c": 0.317933}, {"country_iso": "SAU", "city_id": 4907, "log_pop": 3.477572, "log_mass": 6.580018, "log_pop_c": 0.554368, "log_mass_c": 0.742211}, {"country_iso": "SAU", "city_id": 5698, "log_pop": 3.90902, "log_mass": 6.657467, "log_pop_c": 0.268255, "log_mass_c": 0.355995}, {"country_iso": "SAU", "city_id": 5820, "log_pop": 3.142245, "log_mass": 5.652321, "log_pop_c": -0.180472, "log_mass_c": -0.397205}, {"country_iso": "SAU", "city_id": 4907, "log_pop": 2.209868, "log_mass": 4.952505, "log_pop_c": -0.713336, "log_mass_c": -0.885302}, {"country_iso": "SAU", "city_id": 5698, "log_pop": 3.986156, "log_mass": 6.700573, "log_pop_c": 0.345392, "log_mass_c": 0.399102}, {"country_iso": "SAU", "city_id": 5698, "log_pop": 2.909047, "log_mass": 5.417951, "log_pop_c": -0.731718, "log_mass_c": -0.88352}, {"country_iso": "SAU", "city_id": 5826, "log_pop": 3.698784, "log_mass": 6.481783, "log_pop_c": 0.468371, "log_mass_c": 0.384888}, {"country_iso": "SAU", "city_id": 5698, "log_pop": 3.925917, "log_mass": 6.904661, "log_pop_c": 0.285153, "log_mass_c": 0.60319}, {"country_iso": "SAU", "city_id": 5820, "log_pop": 3.893351, "log_mass": 6.626118, "log_pop_c": 0.570634, "log_mass_c": 0.576592}, {"country_iso": "SAU", "city_id": 4907, "log_pop": 2.447012, "log_mass": 5.251309, "log_pop_c": -0.476191, "log_mass_c": -0.586499}, {"country_iso": "SAU", "city_id": 4921, "log_pop": 1.483691, "log_mass": 3.470034, "log_pop_c": -2.014166, "log_mass_c": -2.5445}, {"country_iso": "SAU", "city_id": 5698, "log_pop": 2.78087, "log_mass": 5.27195, "log_pop_c": -0.859894, "log_mass_c": -1.029522}, {"country_iso": "SAU", "city_id": 4921, "log_pop": 3.993227, "log_mass": 6.799294, "log_pop_c": 0.49537, "log_mass_c": 0.78476}, {"country_iso": "SAU", "city_id": 5698, "log_pop": 3.754065, "log_mass": 6.433674, "log_pop_c": 0.1133, "log_mass_c": 0.132203}, {"country_iso": "SAU", "city_id": 5820, "log_pop": 0.985396, "log_mass": 4.063271, "log_pop_c": -2.337321, "log_mass_c": -1.986256}, {"country_iso": "SAU", "city_id": 5073, "log_pop": 2.58524, "log_mass": 5.533616, "log_pop_c": -0.279364, "log_mass_c": -0.431184}, {"country_iso": "SAU", "city_id": 5698, "log_pop": 3.909988, "log_mass": 6.508321, "log_pop_c": 0.269223, "log_mass_c": 0.20685}, {"country_iso": "SAU", "city_id": 4921, "log_pop": 3.945808, "log_mass": 6.281167, "log_pop_c": 0.447952, "log_mass_c": 0.266633}, {"country_iso": "SAU", "city_id": 5698, "log_pop": 2.288566, "log_mass": 4.846594, "log_pop_c": -1.352198, "log_mass_c": -1.454877}, {"country_iso": "SAU", "city_id": 5698, "log_pop": 3.910011, "log_mass": 6.523898, "log_pop_c": 0.269247, "log_mass_c": 0.222427}, {"country_iso": "SAU", "city_id": 4921, "log_pop": 3.627403, "log_mass": 6.134643, "log_pop_c": 0.129546, "log_mass_c": 0.120109}, {"country_iso": "SAU", "city_id": 5698, "log_pop": 3.460668, "log_mass": 6.211079, "log_pop_c": -0.180096, "log_mass_c": -0.090392}, {"country_iso": "SAU", "city_id": 5073, "log_pop": 1.687247, "log_mass": 4.992828, "log_pop_c": -1.177358, "log_mass_c": -0.971972}, {"country_iso": "SAU", "city_id": 5698, "log_pop": 3.596633, "log_mass": 6.053785, "log_pop_c": -0.044131, "log_mass_c": -0.247686}, {"country_iso": "SAU", "city_id": 5698, "log_pop": 3.792363, "log_mass": 6.346849, "log_pop_c": 0.151598, "log_mass_c": 0.045378}, {"country_iso": "SAU", "city_id": 5698, "log_pop": 3.012531, "log_mass": 5.445652, "log_pop_c": -0.628234, "log_mass_c": -0.855819}, {"country_iso": "SAU", "city_id": 5698, "log_pop": 3.864916, "log_mass": 6.893127, "log_pop_c": 0.224152, "log_mass_c": 0.591656}, {"country_iso": "SAU", "city_id": 5820, "log_pop": 2.963876, "log_mass": 5.47552, "log_pop_c": -0.358841, "log_mass_c": -0.574006}, {"country_iso": "SAU", "city_id": 4921, "log_pop": 3.934168, "log_mass": 6.428786, "log_pop_c": 0.436311, "log_mass_c": 0.414252}, {"country_iso": "SAU", "city_id": 5826, "log_pop": 2.954814, "log_mass": 5.764195, "log_pop_c": -0.275599, "log_mass_c": -0.3327}, {"country_iso": "SAU", "city_id": 5698, "log_pop": 3.872589, "log_mass": 6.419301, "log_pop_c": 0.231824, "log_mass_c": 0.11783}, {"country_iso": "SAU", "city_id": 5698, "log_pop": 3.312398, "log_mass": 5.872519, "log_pop_c": -0.328366, "log_mass_c": -0.428953}, {"country_iso": "SAU", "city_id": 5698, "log_pop": 3.922379, "log_mass": 6.758633, "log_pop_c": 0.281614, "log_mass_c": 0.457162}, {"country_iso": "SAU", "city_id": 4921, "log_pop": 3.956275, "log_mass": 6.640078, "log_pop_c": 0.458418, "log_mass_c": 0.625544}, {"country_iso": "SAU", "city_id": 5820, "log_pop": 3.195919, "log_mass": 5.776158, "log_pop_c": -0.126798, "log_mass_c": -0.273368}, {"country_iso": "SAU", "city_id": 5820, "log_pop": 3.540325, "log_mass": 6.085207, "log_pop_c": 0.217608, "log_mass_c": 0.035681}, {"country_iso": "SAU", "city_id": 5698, "log_pop": 1.671527, "log_mass": 4.111557, "log_pop_c": -1.969237, "log_mass_c": -2.189914}, {"country_iso": "SAU", "city_id": 4907, "log_pop": 3.588416, "log_mass": 6.60581, "log_pop_c": 0.665213, "log_mass_c": 0.768003}, {"country_iso": "SAU", "city_id": 5073, "log_pop": 3.464481, "log_mass": 6.424258, "log_pop_c": 0.599876, "log_mass_c": 0.459458}, {"country_iso": "SAU", "city_id": 5698, "log_pop": 3.879024, "log_mass": 6.415968, "log_pop_c": 0.23826, "log_mass_c": 0.114497}, {"country_iso": "SAU", "city_id": 5820, "log_pop": 3.957781, "log_mass": 6.447484, "log_pop_c": 0.635064, "log_mass_c": 0.397958}, {"country_iso": "SAU", "city_id": 5698, "log_pop": 3.76444, "log_mass": 6.310081, "log_pop_c": 0.123676, "log_mass_c": 0.008609}, {"country_iso": "SAU", "city_id": 5820, "log_pop": 3.60624, "log_mass": 6.159073, "log_pop_c": 0.283523, "log_mass_c": 0.109547}, {"country_iso": "SAU", "city_id": 5820, "log_pop": 2.30826, "log_mass": 4.859286, "log_pop_c": -1.014457, "log_mass_c": -1.190241}, {"country_iso": "SAU", "city_id": 5698, "log_pop": 3.979384, "log_mass": 6.595263, "log_pop_c": 0.33862, "log_mass_c": 0.293792}, {"country_iso": "SAU", "city_id": 5698, "log_pop": 3.867513, "log_mass": 6.785839, "log_pop_c": 0.226749, "log_mass_c": 0.484367}, {"country_iso": "SAU", "city_id": 4921, "log_pop": 3.970216, "log_mass": 6.757551, "log_pop_c": 0.472359, "log_mass_c": 0.743017}, {"country_iso": "SAU", "city_id": 5698, "log_pop": 3.868138, "log_mass": 6.674203, "log_pop_c": 0.227374, "log_mass_c": 0.372732}, {"country_iso": "SAU", "city_id": 5826, "log_pop": 3.645404, "log_mass": 6.407384, "log_pop_c": 0.414991, "log_mass_c": 0.310489}, {"country_iso": "SAU", "city_id": 5820, "log_pop": 2.389026, "log_mass": 4.944056, "log_pop_c": -0.933691, "log_mass_c": -1.10547}, {"country_iso": "SAU", "city_id": 5820, "log_pop": 3.33559, "log_mass": 5.939352, "log_pop_c": 0.012873, "log_mass_c": -0.110175}, {"country_iso": "SAU", "city_id": 4921, "log_pop": 4.087207, "log_mass": 6.880516, "log_pop_c": 0.58935, "log_mass_c": 0.865981}, {"country_iso": "SAU", "city_id": 4921, "log_pop": 4.018967, "log_mass": 6.481613, "log_pop_c": 0.52111, "log_mass_c": 0.467079}, {"country_iso": "SAU", "city_id": 5698, "log_pop": 4.002486, "log_mass": 6.857337, "log_pop_c": 0.361722, "log_mass_c": 0.555865}, {"country_iso": "SAU", "city_id": 4921, "log_pop": 3.94414, "log_mass": 6.477589, "log_pop_c": 0.446283, "log_mass_c": 0.463055}, {"country_iso": "SAU", "city_id": 5820, "log_pop": 3.570312, "log_mass": 6.080452, "log_pop_c": 0.247595, "log_mass_c": 0.030926}, {"country_iso": "SAU", "city_id": 5698, "log_pop": 2.515839, "log_mass": 4.78847, "log_pop_c": -1.124925, "log_mass_c": -1.513001}, {"country_iso": "SAU", "city_id": 5698, "log_pop": 3.032983, "log_mass": 5.693927, "log_pop_c": -0.607781, "log_mass_c": -0.607544}, {"country_iso": "SAU", "city_id": 5698, "log_pop": 3.995787, "log_mass": 6.730898, "log_pop_c": 0.355023, "log_mass_c": 0.429427}, {"country_iso": "SAU", "city_id": 5820, "log_pop": 3.537986, "log_mass": 6.139136, "log_pop_c": 0.215269, "log_mass_c": 0.08961}, {"country_iso": "SAU", "city_id": 5698, "log_pop": 3.905508, "log_mass": 6.805946, "log_pop_c": 0.264744, "log_mass_c": 0.504475}, {"country_iso": "SAU", "city_id": 4907, "log_pop": 3.619174, "log_mass": 6.670244, "log_pop_c": 0.695971, "log_mass_c": 0.832437}, {"country_iso": "SAU", "city_id": 5820, "log_pop": 3.953068, "log_mass": 6.583635, "log_pop_c": 0.630351, "log_mass_c": 0.534108}, {"country_iso": "SAU", "city_id": 5073, "log_pop": 1.500325, "log_mass": 4.482433, "log_pop_c": -1.364279, "log_mass_c": -1.482367}, {"country_iso": "SAU", "city_id": 5820, "log_pop": 3.734215, "log_mass": 6.401243, "log_pop_c": 0.411498, "log_mass_c": 0.351717}, {"country_iso": "SAU", "city_id": 5698, "log_pop": 3.994704, "log_mass": 6.83932, "log_pop_c": 0.35394, "log_mass_c": 0.537849}, {"country_iso": "SAU", "city_id": 5826, "log_pop": 2.612921, "log_mass": 5.59578, "log_pop_c": -0.617492, "log_mass_c": -0.501115}, {"country_iso": "SAU", "city_id": 5820, "log_pop": 3.866418, "log_mass": 6.787481, "log_pop_c": 0.543701, "log_mass_c": 0.737955}, {"country_iso": "SAU", "city_id": 5698, "log_pop": 3.895418, "log_mass": 6.561358, "log_pop_c": 0.254654, "log_mass_c": 0.259887}, {"country_iso": "SAU", "city_id": 5698, "log_pop": 4.001794, "log_mass": 6.820591, "log_pop_c": 0.361029, "log_mass_c": 0.519119}, {"country_iso": "SAU", "city_id": 5698, "log_pop": 3.831596, "log_mass": 6.674053, "log_pop_c": 0.190832, "log_mass_c": 0.372581}, {"country_iso": "SAU", "city_id": 4921, "log_pop": 1.6856, "log_mass": 3.974458, "log_pop_c": -1.812257, "log_mass_c": -2.040076}, {"country_iso": "SAU", "city_id": 4907, "log_pop": 3.542589, "log_mass": 6.436613, "log_pop_c": 0.619386, "log_mass_c": 0.598805}, {"country_iso": "SAU", "city_id": 5698, "log_pop": 1.624361, "log_mass": 4.179149, "log_pop_c": -2.016403, "log_mass_c": -2.122322}, {"country_iso": "SAU", "city_id": 4921, "log_pop": 3.803561, "log_mass": 6.286345, "log_pop_c": 0.305704, "log_mass_c": 0.271811}, {"country_iso": "SAU", "city_id": 5698, "log_pop": 3.531668, "log_mass": 6.208029, "log_pop_c": -0.109096, "log_mass_c": -0.093442}, {"country_iso": "SAU", "city_id": 4907, "log_pop": 3.603219, "log_mass": 6.685274, "log_pop_c": 0.680015, "log_mass_c": 0.847467}, {"country_iso": "SAU", "city_id": 5826, "log_pop": 3.463714, "log_mass": 6.16879, "log_pop_c": 0.233301, "log_mass_c": 0.071895}, {"country_iso": "SAU", "city_id": 5820, "log_pop": 2.468576, "log_mass": 5.844512, "log_pop_c": -0.854142, "log_mass_c": -0.205015}, {"country_iso": "SAU", "city_id": 4921, "log_pop": 0.295639, "log_mass": 3.247004, "log_pop_c": -3.202218, "log_mass_c": -2.76753}, {"country_iso": "SAU", "city_id": 4921, "log_pop": 2.444298, "log_mass": 4.544353, "log_pop_c": -1.053559, "log_mass_c": -1.470182}, {"country_iso": "SAU", "city_id": 5698, "log_pop": 2.448477, "log_mass": 4.664146, "log_pop_c": -1.192287, "log_mass_c": -1.637326}, {"country_iso": "SAU", "city_id": 4921, "log_pop": 2.934354, "log_mass": 5.606573, "log_pop_c": -0.563503, "log_mass_c": -0.407961}, {"country_iso": "SAU", "city_id": 5698, "log_pop": 3.998461, "log_mass": 6.751878, "log_pop_c": 0.357696, "log_mass_c": 0.450406}, {"country_iso": "SAU", "city_id": 5698, "log_pop": 1.061249, "log_mass": 3.608385, "log_pop_c": -2.579515, "log_mass_c": -2.693087}, {"country_iso": "SAU", "city_id": 5698, "log_pop": 3.93817, "log_mass": 6.813951, "log_pop_c": 0.297406, "log_mass_c": 0.51248}, {"country_iso": "SAU", "city_id": 5820, "log_pop": 3.671459, "log_mass": 6.26816, "log_pop_c": 0.348742, "log_mass_c": 0.218633}, {"country_iso": "SAU", "city_id": 4921, "log_pop": 3.829302, "log_mass": 6.294934, "log_pop_c": 0.331446, "log_mass_c": 0.2804}, {"country_iso": "SAU", "city_id": 5698, "log_pop": 3.839327, "log_mass": 6.578264, "log_pop_c": 0.198562, "log_mass_c": 0.276793}, {"country_iso": "SAU", "city_id": 4907, "log_pop": 3.384952, "log_mass": 6.220563, "log_pop_c": 0.461748, "log_mass_c": 0.382756}, {"country_iso": "SAU", "city_id": 5820, "log_pop": 3.915143, "log_mass": 6.558857, "log_pop_c": 0.592426, "log_mass_c": 0.50933}, {"country_iso": "SAU", "city_id": 5820, "log_pop": 3.740987, "log_mass": 6.612311, "log_pop_c": 0.41827, "log_mass_c": 0.562784}, {"country_iso": "SAU", "city_id": 5073, "log_pop": 3.040344, "log_mass": 6.025582, "log_pop_c": 0.175739, "log_mass_c": 0.060782}, {"country_iso": "SAU", "city_id": 5820, "log_pop": 2.798885, "log_mass": 5.289342, "log_pop_c": -0.523832, "log_mass_c": -0.760185}, {"country_iso": "SAU", "city_id": 5820, "log_pop": 3.02228, "log_mass": 6.219566, "log_pop_c": -0.300438, "log_mass_c": 0.170039}, {"country_iso": "SAU", "city_id": 5698, "log_pop": 3.937902, "log_mass": 6.867671, "log_pop_c": 0.297138, "log_mass_c": 0.5662}, {"country_iso": "SAU", "city_id": 5698, "log_pop": 3.908942, "log_mass": 6.688357, "log_pop_c": 0.268178, "log_mass_c": 0.386886}, {"country_iso": "SAU", "city_id": 5826, "log_pop": 2.6515, "log_mass": 5.576957, "log_pop_c": -0.578913, "log_mass_c": -0.519939}, {"country_iso": "SAU", "city_id": 5820, "log_pop": 3.945651, "log_mass": 6.414257, "log_pop_c": 0.622934, "log_mass_c": 0.364731}, {"country_iso": "SAU", "city_id": 4921, "log_pop": 3.536928, "log_mass": 5.987129, "log_pop_c": 0.039071, "log_mass_c": -0.027405}, {"country_iso": "SAU", "city_id": 5826, "log_pop": 3.18758, "log_mass": 5.925701, "log_pop_c": -0.042833, "log_mass_c": -0.171194}, {"country_iso": "SAU", "city_id": 4907, "log_pop": 3.561759, "log_mass": 6.48165, "log_pop_c": 0.638555, "log_mass_c": 0.643843}, {"country_iso": "SAU", "city_id": 5698, "log_pop": 3.941814, "log_mass": 6.879245, "log_pop_c": 0.30105, "log_mass_c": 0.577774}, {"country_iso": "SAU", "city_id": 5698, "log_pop": 3.987751, "log_mass": 6.75605, "log_pop_c": 0.346986, "log_mass_c": 0.454578}, {"country_iso": "SAU", "city_id": 5820, "log_pop": 3.434607, "log_mass": 6.269145, "log_pop_c": 0.11189, "log_mass_c": 0.219619}, {"country_iso": "SAU", "city_id": 4921, "log_pop": 3.825984, "log_mass": 6.310041, "log_pop_c": 0.328127, "log_mass_c": 0.295507}, {"country_iso": "SAU", "city_id": 5820, "log_pop": 3.202821, "log_mass": 5.859271, "log_pop_c": -0.119896, "log_mass_c": -0.190256}, {"country_iso": "SAU", "city_id": 5698, "log_pop": 2.758815, "log_mass": 5.46982, "log_pop_c": -0.88195, "log_mass_c": -0.831652}, {"country_iso": "SAU", "city_id": 5073, "log_pop": 3.329984, "log_mass": 6.410136, "log_pop_c": 0.46538, "log_mass_c": 0.445336}, {"country_iso": "SAU", "city_id": 5698, "log_pop": 3.851429, "log_mass": 6.797387, "log_pop_c": 0.210665, "log_mass_c": 0.495916}, {"country_iso": "SAU", "city_id": 4921, "log_pop": 3.514131, "log_mass": 5.84709, "log_pop_c": 0.016274, "log_mass_c": -0.167444}, {"country_iso": "SAU", "city_id": 5698, "log_pop": 3.95061, "log_mass": 6.563297, "log_pop_c": 0.309846, "log_mass_c": 0.261825}, {"country_iso": "SAU", "city_id": 5820, "log_pop": 3.446077, "log_mass": 6.233578, "log_pop_c": 0.12336, "log_mass_c": 0.184052}, {"country_iso": "SAU", "city_id": 4921, "log_pop": 3.958536, "log_mass": 6.34691, "log_pop_c": 0.460679, "log_mass_c": 0.332376}, {"country_iso": "SAU", "city_id": 4907, "log_pop": 2.638876, "log_mass": 5.451287, "log_pop_c": -0.284327, "log_mass_c": -0.38652}, {"country_iso": "SAU", "city_id": 5698, "log_pop": 3.67855, "log_mass": 6.331055, "log_pop_c": 0.037785, "log_mass_c": 0.029584}, {"country_iso": "SAU", "city_id": 4921, "log_pop": 3.665204, "log_mass": 6.012019, "log_pop_c": 0.167347, "log_mass_c": -0.002516}, {"country_iso": "SAU", "city_id": 5698, "log_pop": 3.716659, "log_mass": 6.348391, "log_pop_c": 0.075895, "log_mass_c": 0.04692}, {"country_iso": "SAU", "city_id": 5698, "log_pop": 3.406415, "log_mass": 5.65445, "log_pop_c": -0.234349, "log_mass_c": -0.647021}, {"country_iso": "SAU", "city_id": 5698, "log_pop": 3.941472, "log_mass": 6.720129, "log_pop_c": 0.300708, "log_mass_c": 0.418658}, {"country_iso": "SAU", "city_id": 5698, "log_pop": 3.920325, "log_mass": 6.71732, "log_pop_c": 0.279561, "log_mass_c": 0.415849}, {"country_iso": "SAU", "city_id": 5698, "log_pop": 3.182123, "log_mass": 5.757249, "log_pop_c": -0.458641, "log_mass_c": -0.544222}, {"country_iso": "SAU", "city_id": 5698, "log_pop": 3.489624, "log_mass": 6.03435, "log_pop_c": -0.151141, "log_mass_c": -0.267121}, {"country_iso": "SAU", "city_id": 5820, "log_pop": 2.721897, "log_mass": 6.281491, "log_pop_c": -0.60082, "log_mass_c": 0.231965}, {"country_iso": "SAU", "city_id": 5698, "log_pop": 3.221679, "log_mass": 5.611752, "log_pop_c": -0.419085, "log_mass_c": -0.689719}, {"country_iso": "SAU", "city_id": 4921, "log_pop": 2.498018, "log_mass": 4.905915, "log_pop_c": -0.999839, "log_mass_c": -1.108619}, {"country_iso": "SAU", "city_id": 5698, "log_pop": 3.859455, "log_mass": 6.727622, "log_pop_c": 0.218691, "log_mass_c": 0.426151}, {"country_iso": "SAU", "city_id": 5698, "log_pop": 3.764138, "log_mass": 6.377536, "log_pop_c": 0.123373, "log_mass_c": 0.076064}, {"country_iso": "SAU", "city_id": 4907, "log_pop": 3.228446, "log_mass": 6.16875, "log_pop_c": 0.305243, "log_mass_c": 0.330943}, {"country_iso": "SAU", "city_id": 5820, "log_pop": 3.813945, "log_mass": 6.573566, "log_pop_c": 0.491227, "log_mass_c": 0.524039}, {"country_iso": "SAU", "city_id": 5073, "log_pop": 3.357597, "log_mass": 6.313544, "log_pop_c": 0.492993, "log_mass_c": 0.348744}, {"country_iso": "SAU", "city_id": 5698, "log_pop": 3.882432, "log_mass": 6.368125, "log_pop_c": 0.241667, "log_mass_c": 0.066654}, {"country_iso": "SAU", "city_id": 4921, "log_pop": 1.687514, "log_mass": 3.741362, "log_pop_c": -1.810343, "log_mass_c": -2.273172}, {"country_iso": "SAU", "city_id": 5698, "log_pop": 3.950986, "log_mass": 6.601111, "log_pop_c": 0.310222, "log_mass_c": 0.29964}, {"country_iso": "SAU", "city_id": 5073, "log_pop": 2.633087, "log_mass": 5.666006, "log_pop_c": -0.231518, "log_mass_c": -0.298793}, {"country_iso": "SAU", "city_id": 5073, "log_pop": 2.824236, "log_mass": 5.694506, "log_pop_c": -0.040368, "log_mass_c": -0.270294}, {"country_iso": "SAU", "city_id": 4907, "log_pop": 3.339225, "log_mass": 6.405448, "log_pop_c": 0.416021, "log_mass_c": 0.567641}, {"country_iso": "SAU", "city_id": 4907, "log_pop": 3.021568, "log_mass": 5.91603, "log_pop_c": 0.098365, "log_mass_c": 0.078222}, {"country_iso": "SAU", "city_id": 4921, "log_pop": 3.876002, "log_mass": 6.403782, "log_pop_c": 0.378145, "log_mass_c": 0.389248}, {"country_iso": "SAU", "city_id": 5073, "log_pop": 3.513616, "log_mass": 6.69789, "log_pop_c": 0.649011, "log_mass_c": 0.73309}, {"country_iso": "SAU", "city_id": 4921, "log_pop": 4.047127, "log_mass": 6.773677, "log_pop_c": 0.54927, "log_mass_c": 0.759143}, {"country_iso": "SAU", "city_id": 5073, "log_pop": 2.809079, "log_mass": 6.037596, "log_pop_c": -0.055525, "log_mass_c": 0.072797}, {"country_iso": "SAU", "city_id": 5073, "log_pop": 2.589897, "log_mass": 5.663813, "log_pop_c": -0.274708, "log_mass_c": -0.300987}, {"country_iso": "SAU", "city_id": 5826, "log_pop": 3.371941, "log_mass": 6.30204, "log_pop_c": 0.141528, "log_mass_c": 0.205145}, {"country_iso": "SAU", "city_id": 4907, "log_pop": 2.989924, "log_mass": 5.900818, "log_pop_c": 0.066721, "log_mass_c": 0.063011}, {"country_iso": "SAU", "city_id": 5698, "log_pop": 2.934448, "log_mass": 5.465574, "log_pop_c": -0.706317, "log_mass_c": -0.835897}, {"country_iso": "SAU", "city_id": 5698, "log_pop": 3.930266, "log_mass": 6.756296, "log_pop_c": 0.289502, "log_mass_c": 0.454825}, {"country_iso": "SAU", "city_id": 5073, "log_pop": 1.196698, "log_mass": 4.319985, "log_pop_c": -1.667906, "log_mass_c": -1.644815}, {"country_iso": "SAU", "city_id": 5820, "log_pop": 3.991391, "log_mass": 6.516832, "log_pop_c": 0.668674, "log_mass_c": 0.467305}, {"country_iso": "SAU", "city_id": 5698, "log_pop": 1.497434, "log_mass": 3.615711, "log_pop_c": -2.14333, "log_mass_c": -2.68576}, {"country_iso": "SAU", "city_id": 5698, "log_pop": 3.975196, "log_mass": 6.425162, "log_pop_c": 0.334432, "log_mass_c": 0.123691}, {"country_iso": "SAU", "city_id": 5698, "log_pop": 3.773283, "log_mass": 6.322234, "log_pop_c": 0.132519, "log_mass_c": 0.020762}, {"country_iso": "SAU", "city_id": 5820, "log_pop": 3.566685, "log_mass": 6.350134, "log_pop_c": 0.243968, "log_mass_c": 0.300608}, {"country_iso": "SAU", "city_id": 4907, "log_pop": 1.640611, "log_mass": 4.266883, "log_pop_c": -1.282592, "log_mass_c": -1.570924}, {"country_iso": "SAU", "city_id": 4921, "log_pop": 3.754131, "log_mass": 6.137348, "log_pop_c": 0.256274, "log_mass_c": 0.122814}, {"country_iso": "SAU", "city_id": 4921, "log_pop": 1.741651, "log_mass": 4.184935, "log_pop_c": -1.756206, "log_mass_c": -1.8296}, {"country_iso": "SAU", "city_id": 5698, "log_pop": 4.001122, "log_mass": 6.726161, "log_pop_c": 0.360357, "log_mass_c": 0.42469}, {"country_iso": "SAU", "city_id": 5820, "log_pop": 3.042234, "log_mass": 5.892735, "log_pop_c": -0.280483, "log_mass_c": -0.156792}, {"country_iso": "SAU", "city_id": 5820, "log_pop": 3.55424, "log_mass": 6.024599, "log_pop_c": 0.231523, "log_mass_c": -0.024927}, {"country_iso": "SAU", "city_id": 4921, "log_pop": 4.084937, "log_mass": 6.789643, "log_pop_c": 0.58708, "log_mass_c": 0.775109}, {"country_iso": "SAU", "city_id": 5698, "log_pop": 3.945595, "log_mass": 6.755996, "log_pop_c": 0.30483, "log_mass_c": 0.454525}, {"country_iso": "SAU", "city_id": 4921, "log_pop": 3.907268, "log_mass": 6.710295, "log_pop_c": 0.409411, "log_mass_c": 0.695761}, {"country_iso": "SAU", "city_id": 5698, "log_pop": 3.565381, "log_mass": 6.165693, "log_pop_c": -0.075384, "log_mass_c": -0.135779}, {"country_iso": "SAU", "city_id": 5698, "log_pop": 3.937464, "log_mass": 6.591223, "log_pop_c": 0.2967, "log_mass_c": 0.289752}, {"country_iso": "SAU", "city_id": 4921, "log_pop": 3.897109, "log_mass": 6.329818, "log_pop_c": 0.399253, "log_mass_c": 0.315284}, {"country_iso": "SAU", "city_id": 5698, "log_pop": 3.568768, "log_mass": 6.127699, "log_pop_c": -0.071996, "log_mass_c": -0.173772}, {"country_iso": "SAU", "city_id": 4907, "log_pop": 3.554314, "log_mass": 6.504062, "log_pop_c": 0.63111, "log_mass_c": 0.666255}, {"country_iso": "SAU", "city_id": 5820, "log_pop": 3.951451, "log_mass": 6.478571, "log_pop_c": 0.628734, "log_mass_c": 0.429045}, {"country_iso": "SAU", "city_id": 4907, "log_pop": 2.545987, "log_mass": 5.446913, "log_pop_c": -0.377217, "log_mass_c": -0.390894}, {"country_iso": "SAU", "city_id": 5698, "log_pop": 3.042363, "log_mass": 5.594429, "log_pop_c": -0.598401, "log_mass_c": -0.707042}, {"country_iso": "SAU", "city_id": 4921, "log_pop": 3.896513, "log_mass": 6.191222, "log_pop_c": 0.398656, "log_mass_c": 0.176688}, {"country_iso": "SAU", "city_id": 5698, "log_pop": 3.949211, "log_mass": 6.763379, "log_pop_c": 0.308447, "log_mass_c": 0.461908}, {"country_iso": "SAU", "city_id": 5698, "log_pop": 3.602764, "log_mass": 6.368295, "log_pop_c": -0.038, "log_mass_c": 0.066824}, {"country_iso": "SAU", "city_id": 5826, "log_pop": 2.689157, "log_mass": 5.665932, "log_pop_c": -0.541256, "log_mass_c": -0.430963}, {"country_iso": "SAU", "city_id": 5698, "log_pop": 3.512693, "log_mass": 6.331573, "log_pop_c": -0.128071, "log_mass_c": 0.030102}, {"country_iso": "SAU", "city_id": 4921, "log_pop": 3.24448, "log_mass": 5.617173, "log_pop_c": -0.253377, "log_mass_c": -0.397361}, {"country_iso": "SAU", "city_id": 4921, "log_pop": 3.823108, "log_mass": 6.337589, "log_pop_c": 0.325251, "log_mass_c": 0.323055}, {"country_iso": "SAU", "city_id": 4921, "log_pop": 1.295615, "log_mass": 4.167984, "log_pop_c": -2.202242, "log_mass_c": -1.84655}, {"country_iso": "SAU", "city_id": 4921, "log_pop": 1.961397, "log_mass": 4.642449, "log_pop_c": -1.53646, "log_mass_c": -1.372085}, {"country_iso": "SAU", "city_id": 5698, "log_pop": 3.980562, "log_mass": 6.801597, "log_pop_c": 0.339797, "log_mass_c": 0.500125}, {"country_iso": "SAU", "city_id": 4921, "log_pop": 3.674907, "log_mass": 6.059587, "log_pop_c": 0.17705, "log_mass_c": 0.045053}, {"country_iso": "SAU", "city_id": 5820, "log_pop": 2.760281, "log_mass": 5.482347, "log_pop_c": -0.562436, "log_mass_c": -0.56718}, {"country_iso": "SAU", "city_id": 5820, "log_pop": 3.882341, "log_mass": 6.775086, "log_pop_c": 0.559623, "log_mass_c": 0.725559}, {"country_iso": "SAU", "city_id": 5073, "log_pop": 2.543002, "log_mass": 5.546532, "log_pop_c": -0.321603, "log_mass_c": -0.418268}, {"country_iso": "SAU", "city_id": 5820, "log_pop": 3.64817, "log_mass": 6.531699, "log_pop_c": 0.325453, "log_mass_c": 0.482173}, {"country_iso": "SAU", "city_id": 5698, "log_pop": 3.956002, "log_mass": 6.839952, "log_pop_c": 0.315237, "log_mass_c": 0.538481}, {"country_iso": "SAU", "city_id": 5698, "log_pop": 3.873064, "log_mass": 6.566226, "log_pop_c": 0.2323, "log_mass_c": 0.264755}, {"country_iso": "SAU", "city_id": 5073, "log_pop": 3.632888, "log_mass": 6.765056, "log_pop_c": 0.768284, "log_mass_c": 0.800256}, {"country_iso": "SAU", "city_id": 4921, "log_pop": 3.822856, "log_mass": 6.328319, "log_pop_c": 0.324999, "log_mass_c": 0.313785}, {"country_iso": "SAU", "city_id": 5698, "log_pop": 3.926038, "log_mass": 6.421421, "log_pop_c": 0.285274, "log_mass_c": 0.119949}, {"country_iso": "SAU", "city_id": 5698, "log_pop": 3.917011, "log_mass": 6.760577, "log_pop_c": 0.276247, "log_mass_c": 0.459106}, {"country_iso": "SAU", "city_id": 5698, "log_pop": 3.918476, "log_mass": 6.683332, "log_pop_c": 0.277712, "log_mass_c": 0.381861}, {"country_iso": "SAU", "city_id": 4921, "log_pop": 3.589736, "log_mass": 6.008, "log_pop_c": 0.091879, "log_mass_c": -0.006534}, {"country_iso": "SAU", "city_id": 4921, "log_pop": 3.931807, "log_mass": 6.76041, "log_pop_c": 0.43395, "log_mass_c": 0.745875}, {"country_iso": "SAU", "city_id": 5698, "log_pop": 3.931113, "log_mass": 6.416969, "log_pop_c": 0.290349, "log_mass_c": 0.115498}, {"country_iso": "SAU", "city_id": 5698, "log_pop": 3.996751, "log_mass": 6.797291, "log_pop_c": 0.355987, "log_mass_c": 0.49582}, {"country_iso": "SAU", "city_id": 5820, "log_pop": 2.681119, "log_mass": 5.853503, "log_pop_c": -0.641598, "log_mass_c": -0.196024}, {"country_iso": "SAU", "city_id": 4907, "log_pop": 3.433574, "log_mass": 6.283798, "log_pop_c": 0.51037, "log_mass_c": 0.445991}, {"country_iso": "SAU", "city_id": 5698, "log_pop": 3.92534, "log_mass": 6.701899, "log_pop_c": 0.284576, "log_mass_c": 0.400428}, {"country_iso": "SAU", "city_id": 4921, "log_pop": 3.804904, "log_mass": 6.135842, "log_pop_c": 0.307047, "log_mass_c": 0.121308}, {"country_iso": "SAU", "city_id": 4907, "log_pop": 3.5836, "log_mass": 6.629445, "log_pop_c": 0.660397, "log_mass_c": 0.791638}, {"country_iso": "SAU", "city_id": 4907, "log_pop": 3.388376, "log_mass": 6.328227, "log_pop_c": 0.465172, "log_mass_c": 0.49042}, {"country_iso": "SAU", "city_id": 5698, "log_pop": 3.71507, "log_mass": 6.20511, "log_pop_c": 0.074305, "log_mass_c": -0.096362}, {"country_iso": "SAU", "city_id": 5698, "log_pop": 3.922636, "log_mass": 6.529943, "log_pop_c": 0.281872, "log_mass_c": 0.228471}, {"country_iso": "SAU", "city_id": 5698, "log_pop": 3.379355, "log_mass": 5.958787, "log_pop_c": -0.261409, "log_mass_c": -0.342685}, {"country_iso": "SAU", "city_id": 5698, "log_pop": 3.864486, "log_mass": 6.51121, "log_pop_c": 0.223721, "log_mass_c": 0.209738}, {"country_iso": "SAU", "city_id": 5820, "log_pop": 3.598501, "log_mass": 6.190483, "log_pop_c": 0.275784, "log_mass_c": 0.140956}, {"country_iso": "SAU", "city_id": 5698, "log_pop": 2.802382, "log_mass": 5.348743, "log_pop_c": -0.838382, "log_mass_c": -0.952728}, {"country_iso": "SAU", "city_id": 5826, "log_pop": 3.362874, "log_mass": 6.11302, "log_pop_c": 0.132461, "log_mass_c": 0.016125}, {"country_iso": "SAU", "city_id": 5698, "log_pop": 3.832394, "log_mass": 6.479811, "log_pop_c": 0.191629, "log_mass_c": 0.17834}, {"country_iso": "SAU", "city_id": 5698, "log_pop": 3.928306, "log_mass": 6.898616, "log_pop_c": 0.287541, "log_mass_c": 0.597144}, {"country_iso": "SAU", "city_id": 5698, "log_pop": 3.689122, "log_mass": 6.29826, "log_pop_c": 0.048357, "log_mass_c": -0.003212}, {"country_iso": "SAU", "city_id": 5820, "log_pop": 3.419829, "log_mass": 5.888408, "log_pop_c": 0.097112, "log_mass_c": -0.161119}, {"country_iso": "SAU", "city_id": 5698, "log_pop": 3.936609, "log_mass": 6.825359, "log_pop_c": 0.295845, "log_mass_c": 0.523888}, {"country_iso": "SAU", "city_id": 4921, "log_pop": 4.041833, "log_mass": 6.613735, "log_pop_c": 0.543976, "log_mass_c": 0.599201}, {"country_iso": "SAU", "city_id": 5698, "log_pop": 3.934284, "log_mass": 6.747567, "log_pop_c": 0.29352, "log_mass_c": 0.446096}, {"country_iso": "SAU", "city_id": 5698, "log_pop": 2.468651, "log_mass": 4.919362, "log_pop_c": -1.172113, "log_mass_c": -1.38211}, {"country_iso": "SAU", "city_id": 5698, "log_pop": 3.988088, "log_mass": 6.703666, "log_pop_c": 0.347324, "log_mass_c": 0.402195}, {"country_iso": "SAU", "city_id": 5820, "log_pop": 3.212012, "log_mass": 5.870992, "log_pop_c": -0.110705, "log_mass_c": -0.178535}, {"country_iso": "SAU", "city_id": 5826, "log_pop": 3.693718, "log_mass": 6.438732, "log_pop_c": 0.463305, "log_mass_c": 0.341837}, {"country_iso": "SAU", "city_id": 4907, "log_pop": 3.06332, "log_mass": 5.887946, "log_pop_c": 0.140117, "log_mass_c": 0.050139}, {"country_iso": "SAU", "city_id": 5073, "log_pop": 2.989313, "log_mass": 5.73219, "log_pop_c": 0.124709, "log_mass_c": -0.232609}, {"country_iso": "SAU", "city_id": 5820, "log_pop": 3.578049, "log_mass": 6.247439, "log_pop_c": 0.255332, "log_mass_c": 0.197913}, {"country_iso": "SAU", "city_id": 5698, "log_pop": 3.642156, "log_mass": 6.066272, "log_pop_c": 0.001391, "log_mass_c": -0.2352}, {"country_iso": "SAU", "city_id": 4921, "log_pop": 4.043581, "log_mass": 6.687199, "log_pop_c": 0.545724, "log_mass_c": 0.672665}, {"country_iso": "SAU", "city_id": 5698, "log_pop": 2.903536, "log_mass": 5.365083, "log_pop_c": -0.737228, "log_mass_c": -0.936389}, {"country_iso": "SAU", "city_id": 4921, "log_pop": 3.852549, "log_mass": 6.434057, "log_pop_c": 0.354692, "log_mass_c": 0.419523}, {"country_iso": "SAU", "city_id": 4921, "log_pop": 2.441806, "log_mass": 4.831805, "log_pop_c": -1.056051, "log_mass_c": -1.182729}, {"country_iso": "SAU", "city_id": 5073, "log_pop": 3.438157, "log_mass": 6.410641, "log_pop_c": 0.573552, "log_mass_c": 0.445841}, {"country_iso": "SAU", "city_id": 5698, "log_pop": 2.708129, "log_mass": 5.06055, "log_pop_c": -0.932635, "log_mass_c": -1.240921}, {"country_iso": "SAU", "city_id": 5698, "log_pop": 3.233104, "log_mass": 5.655541, "log_pop_c": -0.407661, "log_mass_c": -0.64593}, {"country_iso": "SAU", "city_id": 5820, "log_pop": 2.252703, "log_mass": 5.408857, "log_pop_c": -1.070014, "log_mass_c": -0.64067}, {"country_iso": "SAU", "city_id": 5698, "log_pop": 3.808375, "log_mass": 6.513685, "log_pop_c": 0.167611, "log_mass_c": 0.212214}, {"country_iso": "SAU", "city_id": 5698, "log_pop": 3.976414, "log_mass": 6.72263, "log_pop_c": 0.33565, "log_mass_c": 0.421159}, {"country_iso": "SAU", "city_id": 5698, "log_pop": 3.915758, "log_mass": 6.624366, "log_pop_c": 0.274994, "log_mass_c": 0.322895}, {"country_iso": "SAU", "city_id": 5698, "log_pop": 3.963218, "log_mass": 6.700263, "log_pop_c": 0.322454, "log_mass_c": 0.398791}, {"country_iso": "SAU", "city_id": 4907, "log_pop": 2.567478, "log_mass": 5.412472, "log_pop_c": -0.355725, "log_mass_c": -0.425335}, {"country_iso": "SAU", "city_id": 4907, "log_pop": 3.560678, "log_mass": 6.507136, "log_pop_c": 0.637475, "log_mass_c": 0.669329}, {"country_iso": "SAU", "city_id": 4921, "log_pop": 3.467329, "log_mass": 5.899311, "log_pop_c": -0.030528, "log_mass_c": -0.115223}, {"country_iso": "SAU", "city_id": 4921, "log_pop": 3.446506, "log_mass": 5.723463, "log_pop_c": -0.051351, "log_mass_c": -0.291071}, {"country_iso": "SAU", "city_id": 5698, "log_pop": 3.851373, "log_mass": 6.378001, "log_pop_c": 0.210608, "log_mass_c": 0.07653}, {"country_iso": "SAU", "city_id": 4907, "log_pop": 1.036011, "log_mass": 3.456545, "log_pop_c": -1.887192, "log_mass_c": -2.381262}, {"country_iso": "SAU", "city_id": 4907, "log_pop": 0.241468, "log_mass": 3.150849, "log_pop_c": -2.681735, "log_mass_c": -2.686958}, {"country_iso": "SAU", "city_id": 4921, "log_pop": 3.994461, "log_mass": 6.908477, "log_pop_c": 0.496604, "log_mass_c": 0.893943}, {"country_iso": "SAU", "city_id": 4921, "log_pop": 4.102722, "log_mass": 6.699958, "log_pop_c": 0.604865, "log_mass_c": 0.685424}, {"country_iso": "SAU", "city_id": 4907, "log_pop": 2.719177, "log_mass": 5.80755, "log_pop_c": -0.204026, "log_mass_c": -0.030257}, {"country_iso": "SAU", "city_id": 4921, "log_pop": 3.556701, "log_mass": 6.056344, "log_pop_c": 0.058844, "log_mass_c": 0.04181}, {"country_iso": "SAU", "city_id": 5698, "log_pop": 2.966006, "log_mass": 5.261156, "log_pop_c": -0.674759, "log_mass_c": -1.040316}, {"country_iso": "SAU", "city_id": 5826, "log_pop": 2.621506, "log_mass": 5.612614, "log_pop_c": -0.608907, "log_mass_c": -0.484281}, {"country_iso": "SAU", "city_id": 5826, "log_pop": 3.527542, "log_mass": 6.228441, "log_pop_c": 0.297129, "log_mass_c": 0.131546}, {"country_iso": "SAU", "city_id": 5698, "log_pop": 3.965229, "log_mass": 6.92484, "log_pop_c": 0.324465, "log_mass_c": 0.623369}, {"country_iso": "SAU", "city_id": 4921, "log_pop": 2.945829, "log_mass": 5.408123, "log_pop_c": -0.552028, "log_mass_c": -0.606411}, {"country_iso": "SAU", "city_id": 5698, "log_pop": 3.793198, "log_mass": 6.330225, "log_pop_c": 0.152434, "log_mass_c": 0.028754}, {"country_iso": "SAU", "city_id": 5820, "log_pop": 3.66466, "log_mass": 6.239173, "log_pop_c": 0.341943, "log_mass_c": 0.189646}, {"country_iso": "SAU", "city_id": 4907, "log_pop": 2.55794, "log_mass": 5.47188, "log_pop_c": -0.365263, "log_mass_c": -0.365928}, {"country_iso": "SAU", "city_id": 5073, "log_pop": 2.602769, "log_mass": 5.849622, "log_pop_c": -0.261836, "log_mass_c": -0.115178}, {"country_iso": "SAU", "city_id": 5826, "log_pop": 3.639164, "log_mass": 6.366529, "log_pop_c": 0.408751, "log_mass_c": 0.269634}, {"country_iso": "SAU", "city_id": 4907, "log_pop": 3.421612, "log_mass": 6.30007, "log_pop_c": 0.498409, "log_mass_c": 0.462262}, {"country_iso": "SAU", "city_id": 5820, "log_pop": 3.979846, "log_mass": 6.719617, "log_pop_c": 0.657129, "log_mass_c": 0.670091}, {"country_iso": "SAU", "city_id": 4907, "log_pop": 1.992047, "log_mass": 4.81677, "log_pop_c": -0.931156, "log_mass_c": -1.021037}, {"country_iso": "SAU", "city_id": 5698, "log_pop": 3.943973, "log_mass": 6.886031, "log_pop_c": 0.303209, "log_mass_c": 0.58456}, {"country_iso": "SAU", "city_id": 5820, "log_pop": 3.021515, "log_mass": 5.739844, "log_pop_c": -0.301202, "log_mass_c": -0.309682}, {"country_iso": "SAU", "city_id": 4921, "log_pop": 4.112416, "log_mass": 6.89409, "log_pop_c": 0.61456, "log_mass_c": 0.879556}, {"country_iso": "SAU", "city_id": 5698, "log_pop": 3.338377, "log_mass": 6.018813, "log_pop_c": -0.302387, "log_mass_c": -0.282658}, {"country_iso": "SAU", "city_id": 4921, "log_pop": 3.233764, "log_mass": 5.613909, "log_pop_c": -0.264093, "log_mass_c": -0.400625}, {"country_iso": "SAU", "city_id": 5698, "log_pop": 3.670853, "log_mass": 6.445295, "log_pop_c": 0.030089, "log_mass_c": 0.143823}, {"country_iso": "SAU", "city_id": 5698, "log_pop": 3.461287, "log_mass": 5.99595, "log_pop_c": -0.179477, "log_mass_c": -0.305521}, {"country_iso": "SAU", "city_id": 4921, "log_pop": 3.826226, "log_mass": 6.379798, "log_pop_c": 0.328369, "log_mass_c": 0.365264}, {"country_iso": "SAU", "city_id": 4921, "log_pop": 3.978878, "log_mass": 6.502574, "log_pop_c": 0.481021, "log_mass_c": 0.48804}, {"country_iso": "SAU", "city_id": 4921, "log_pop": 4.088431, "log_mass": 6.750308, "log_pop_c": 0.590574, "log_mass_c": 0.735774}, {"country_iso": "SAU", "city_id": 4921, "log_pop": 3.312856, "log_mass": 5.717095, "log_pop_c": -0.185001, "log_mass_c": -0.297439}, {"country_iso": "SAU", "city_id": 5698, "log_pop": 3.867991, "log_mass": 6.665904, "log_pop_c": 0.227227, "log_mass_c": 0.364432}, {"country_iso": "SAU", "city_id": 4921, "log_pop": 2.793673, "log_mass": 5.237616, "log_pop_c": -0.704183, "log_mass_c": -0.776918}, {"country_iso": "SAU", "city_id": 5698, "log_pop": 3.497322, "log_mass": 6.072211, "log_pop_c": -0.143443, "log_mass_c": -0.229261}, {"country_iso": "SAU", "city_id": 5698, "log_pop": 3.919435, "log_mass": 6.67268, "log_pop_c": 0.27867, "log_mass_c": 0.371209}, {"country_iso": "SAU", "city_id": 5698, "log_pop": 3.699782, "log_mass": 6.340587, "log_pop_c": 0.059017, "log_mass_c": 0.039116}, {"country_iso": "SAU", "city_id": 5820, "log_pop": 3.977767, "log_mass": 6.493577, "log_pop_c": 0.65505, "log_mass_c": 0.444051}, {"country_iso": "SAU", "city_id": 5698, "log_pop": 3.920178, "log_mass": 6.93871, "log_pop_c": 0.279414, "log_mass_c": 0.637238}, {"country_iso": "SAU", "city_id": 5698, "log_pop": 3.931984, "log_mass": 6.756557, "log_pop_c": 0.29122, "log_mass_c": 0.455085}, {"country_iso": "SAU", "city_id": 5698, "log_pop": 3.179611, "log_mass": 5.716837, "log_pop_c": -0.461153, "log_mass_c": -0.584634}, {"country_iso": "SAU", "city_id": 5698, "log_pop": 3.914782, "log_mass": 6.60274, "log_pop_c": 0.274017, "log_mass_c": 0.301269}, {"country_iso": "SAU", "city_id": 5698, "log_pop": 3.954379, "log_mass": 6.823317, "log_pop_c": 0.313614, "log_mass_c": 0.521845}, {"country_iso": "SAU", "city_id": 4921, "log_pop": 4.082034, "log_mass": 6.528531, "log_pop_c": 0.584177, "log_mass_c": 0.513997}, {"country_iso": "SAU", "city_id": 5820, "log_pop": 3.684785, "log_mass": 6.205154, "log_pop_c": 0.362068, "log_mass_c": 0.155628}, {"country_iso": "SAU", "city_id": 5073, "log_pop": 3.53167, "log_mass": 6.692616, "log_pop_c": 0.667065, "log_mass_c": 0.727816}, {"country_iso": "SAU", "city_id": 5073, "log_pop": 2.829662, "log_mass": 5.709267, "log_pop_c": -0.034942, "log_mass_c": -0.255533}, {"country_iso": "SAU", "city_id": 5698, "log_pop": 1.869914, "log_mass": 4.068977, "log_pop_c": -1.77085, "log_mass_c": -2.232494}, {"country_iso": "SAU", "city_id": 5073, "log_pop": 3.279657, "log_mass": 6.325011, "log_pop_c": 0.415052, "log_mass_c": 0.360211}, {"country_iso": "SAU", "city_id": 5698, "log_pop": 3.892871, "log_mass": 6.486052, "log_pop_c": 0.252107, "log_mass_c": 0.184581}, {"country_iso": "SAU", "city_id": 5073, "log_pop": 1.050546, "log_mass": 5.065434, "log_pop_c": -1.814059, "log_mass_c": -0.899366}, {"country_iso": "SAU", "city_id": 4921, "log_pop": 4.028194, "log_mass": 6.69593, "log_pop_c": 0.530337, "log_mass_c": 0.681396}, {"country_iso": "SAU", "city_id": 5698, "log_pop": 3.920562, "log_mass": 6.769014, "log_pop_c": 0.279797, "log_mass_c": 0.467542}, {"country_iso": "SAU", "city_id": 4921, "log_pop": 2.966599, "log_mass": 5.29064, "log_pop_c": -0.531258, "log_mass_c": -0.723894}, {"country_iso": "SAU", "city_id": 5073, "log_pop": 3.211223, "log_mass": 6.098904, "log_pop_c": 0.346618, "log_mass_c": 0.134104}, {"country_iso": "SAU", "city_id": 4921, "log_pop": 3.983044, "log_mass": 6.601121, "log_pop_c": 0.485188, "log_mass_c": 0.586587}, {"country_iso": "SAU", "city_id": 5698, "log_pop": 3.473072, "log_mass": 6.10573, "log_pop_c": -0.167692, "log_mass_c": -0.195741}, {"country_iso": "SAU", "city_id": 4921, "log_pop": 4.074115, "log_mass": 6.641424, "log_pop_c": 0.576258, "log_mass_c": 0.62689}, {"country_iso": "SAU", "city_id": 5073, "log_pop": 3.189594, "log_mass": 6.434258, "log_pop_c": 0.32499, "log_mass_c": 0.469459}, {"country_iso": "SAU", "city_id": 4921, "log_pop": 3.983804, "log_mass": 6.719619, "log_pop_c": 0.485947, "log_mass_c": 0.705085}, {"country_iso": "SAU", "city_id": 4921, "log_pop": 3.989235, "log_mass": 6.748183, "log_pop_c": 0.491379, "log_mass_c": 0.733649}, {"country_iso": "SAU", "city_id": 4907, "log_pop": 3.58882, "log_mass": 6.695602, "log_pop_c": 0.665617, "log_mass_c": 0.857795}, {"country_iso": "SAU", "city_id": 5698, "log_pop": 3.936362, "log_mass": 6.670332, "log_pop_c": 0.295597, "log_mass_c": 0.36886}, {"country_iso": "SAU", "city_id": 4907, "log_pop": 3.354624, "log_mass": 6.281997, "log_pop_c": 0.431421, "log_mass_c": 0.44419}, {"country_iso": "SAU", "city_id": 5698, "log_pop": 4.002812, "log_mass": 6.801525, "log_pop_c": 0.362047, "log_mass_c": 0.500053}, {"country_iso": "SAU", "city_id": 5820, "log_pop": 3.691495, "log_mass": 6.564966, "log_pop_c": 0.368778, "log_mass_c": 0.51544}, {"country_iso": "SAU", "city_id": 5820, "log_pop": 2.231919, "log_mass": 5.025065, "log_pop_c": -1.090798, "log_mass_c": -1.024462}, {"country_iso": "SAU", "city_id": 5698, "log_pop": 3.96806, "log_mass": 6.695, "log_pop_c": 0.327296, "log_mass_c": 0.393529}, {"country_iso": "SAU", "city_id": 4921, "log_pop": 3.387107, "log_mass": 5.740706, "log_pop_c": -0.11075, "log_mass_c": -0.273828}, {"country_iso": "SAU", "city_id": 5698, "log_pop": 3.924614, "log_mass": 6.719219, "log_pop_c": 0.283849, "log_mass_c": 0.417748}, {"country_iso": "SAU", "city_id": 5698, "log_pop": 2.33252, "log_mass": 4.788529, "log_pop_c": -1.308244, "log_mass_c": -1.512942}, {"country_iso": "SAU", "city_id": 5698, "log_pop": 3.987294, "log_mass": 6.803783, "log_pop_c": 0.34653, "log_mass_c": 0.502312}, {"country_iso": "SAU", "city_id": 5698, "log_pop": 3.872488, "log_mass": 6.550622, "log_pop_c": 0.231724, "log_mass_c": 0.249151}, {"country_iso": "SAU", "city_id": 5698, "log_pop": 3.90887, "log_mass": 6.788914, "log_pop_c": 0.268106, "log_mass_c": 0.487442}, {"country_iso": "SAU", "city_id": 4921, "log_pop": 3.980919, "log_mass": 6.429992, "log_pop_c": 0.483062, "log_mass_c": 0.415458}, {"country_iso": "SAU", "city_id": 5826, "log_pop": 3.670723, "log_mass": 6.607404, "log_pop_c": 0.44031, "log_mass_c": 0.510509}, {"country_iso": "SAU", "city_id": 4921, "log_pop": 3.893089, "log_mass": 6.528945, "log_pop_c": 0.395232, "log_mass_c": 0.51441}, {"country_iso": "SAU", "city_id": 5820, "log_pop": 3.911411, "log_mass": 6.508004, "log_pop_c": 0.588694, "log_mass_c": 0.458478}, {"country_iso": "SAU", "city_id": 5698, "log_pop": 3.862717, "log_mass": 6.871298, "log_pop_c": 0.221953, "log_mass_c": 0.569827}, {"country_iso": "SAU", "city_id": 5826, "log_pop": 3.536874, "log_mass": 6.383427, "log_pop_c": 0.306461, "log_mass_c": 0.286532}, {"country_iso": "SAU", "city_id": 4921, "log_pop": 3.697119, "log_mass": 6.117954, "log_pop_c": 0.199262, "log_mass_c": 0.10342}, {"country_iso": "SAU", "city_id": 5698, "log_pop": 2.254757, "log_mass": 4.723125, "log_pop_c": -1.386007, "log_mass_c": -1.578346}, {"country_iso": "SAU", "city_id": 4921, "log_pop": 3.113999, "log_mass": 5.536654, "log_pop_c": -0.383858, "log_mass_c": -0.47788}, {"country_iso": "SAU", "city_id": 4907, "log_pop": 3.298956, "log_mass": 6.15, "log_pop_c": 0.375753, "log_mass_c": 0.312192}, {"country_iso": "SAU", "city_id": 5073, "log_pop": 2.737061, "log_mass": 5.733104, "log_pop_c": -0.127544, "log_mass_c": -0.231696}, {"country_iso": "SAU", "city_id": 5820, "log_pop": 3.955395, "log_mass": 6.476195, "log_pop_c": 0.632678, "log_mass_c": 0.426669}, {"country_iso": "SAU", "city_id": 5698, "log_pop": 3.907762, "log_mass": 6.793299, "log_pop_c": 0.266998, "log_mass_c": 0.491828}, {"country_iso": "SAU", "city_id": 5698, "log_pop": 3.169477, "log_mass": 5.468803, "log_pop_c": -0.471287, "log_mass_c": -0.832668}, {"country_iso": "SAU", "city_id": 5698, "log_pop": 1.636833, "log_mass": 4.18088, "log_pop_c": -2.003932, "log_mass_c": -2.120591}, {"country_iso": "SAU", "city_id": 5698, "log_pop": 3.967636, "log_mass": 6.713517, "log_pop_c": 0.326872, "log_mass_c": 0.412045}, {"country_iso": "SAU", "city_id": 4921, "log_pop": 3.951539, "log_mass": 6.78407, "log_pop_c": 0.453682, "log_mass_c": 0.769536}, {"country_iso": "SAU", "city_id": 5698, "log_pop": 3.998081, "log_mass": 6.871271, "log_pop_c": 0.357316, "log_mass_c": 0.5698}, {"country_iso": "SAU", "city_id": 4921, "log_pop": 3.967593, "log_mass": 6.469144, "log_pop_c": 0.469737, "log_mass_c": 0.454609}, {"country_iso": "SAU", "city_id": 5698, "log_pop": 4.021264, "log_mass": 6.673826, "log_pop_c": 0.3805, "log_mass_c": 0.372355}, {"country_iso": "SAU", "city_id": 5073, "log_pop": 2.780268, "log_mass": 5.722745, "log_pop_c": -0.084337, "log_mass_c": -0.242055}, {"country_iso": "SAU", "city_id": 5820, "log_pop": 1.981889, "log_mass": 4.787208, "log_pop_c": -1.340828, "log_mass_c": -1.262318}, {"country_iso": "SAU", "city_id": 5820, "log_pop": 2.206554, "log_mass": 5.014509, "log_pop_c": -1.116163, "log_mass_c": -1.035018}, {"country_iso": "SAU", "city_id": 5073, "log_pop": 2.740996, "log_mass": 5.907813, "log_pop_c": -0.123608, "log_mass_c": -0.056987}, {"country_iso": "SAU", "city_id": 5698, "log_pop": 3.938718, "log_mass": 6.720405, "log_pop_c": 0.297953, "log_mass_c": 0.418933}, {"country_iso": "SAU", "city_id": 4921, "log_pop": 3.938419, "log_mass": 6.41216, "log_pop_c": 0.440562, "log_mass_c": 0.397626}, {"country_iso": "SAU", "city_id": 5698, "log_pop": 3.909041, "log_mass": 6.602282, "log_pop_c": 0.268277, "log_mass_c": 0.300811}, {"country_iso": "SAU", "city_id": 5698, "log_pop": 3.991849, "log_mass": 6.496617, "log_pop_c": 0.351085, "log_mass_c": 0.195145}, {"country_iso": "SAU", "city_id": 5820, "log_pop": 3.649951, "log_mass": 6.452839, "log_pop_c": 0.327234, "log_mass_c": 0.403312}, {"country_iso": "SAU", "city_id": 5698, "log_pop": 3.947674, "log_mass": 6.607538, "log_pop_c": 0.30691, "log_mass_c": 0.306067}, {"country_iso": "SAU", "city_id": 4921, "log_pop": 3.905164, "log_mass": 6.403877, "log_pop_c": 0.407307, "log_mass_c": 0.389343}, {"country_iso": "SAU", "city_id": 5698, "log_pop": 3.676722, "log_mass": 6.220833, "log_pop_c": 0.035958, "log_mass_c": -0.080639}, {"country_iso": "SAU", "city_id": 5698, "log_pop": 3.946398, "log_mass": 6.507094, "log_pop_c": 0.305634, "log_mass_c": 0.205623}, {"country_iso": "SAU", "city_id": 5820, "log_pop": 3.422821, "log_mass": 6.199967, "log_pop_c": 0.100103, "log_mass_c": 0.150441}, {"country_iso": "SAU", "city_id": 5826, "log_pop": 3.700645, "log_mass": 6.514021, "log_pop_c": 0.470233, "log_mass_c": 0.417126}, {"country_iso": "SAU", "city_id": 5826, "log_pop": 3.654684, "log_mass": 6.511137, "log_pop_c": 0.424271, "log_mass_c": 0.414242}, {"country_iso": "SAU", "city_id": 5820, "log_pop": 1.203231, "log_mass": 3.8171, "log_pop_c": -2.119486, "log_mass_c": -2.232427}, {"country_iso": "SAU", "city_id": 5698, "log_pop": 3.938537, "log_mass": 6.837568, "log_pop_c": 0.297773, "log_mass_c": 0.536097}, {"country_iso": "SAU", "city_id": 5698, "log_pop": 3.915613, "log_mass": 6.472144, "log_pop_c": 0.274848, "log_mass_c": 0.170673}, {"country_iso": "SAU", "city_id": 5698, "log_pop": 3.718097, "log_mass": 6.268991, "log_pop_c": 0.077333, "log_mass_c": -0.032481}, {"country_iso": "SAU", "city_id": 5698, "log_pop": 3.632192, "log_mass": 6.373497, "log_pop_c": -0.008572, "log_mass_c": 0.072026}, {"country_iso": "SAU", "city_id": 5820, "log_pop": 3.567366, "log_mass": 6.077089, "log_pop_c": 0.244649, "log_mass_c": 0.027562}, {"country_iso": "SAU", "city_id": 5820, "log_pop": 2.649375, "log_mass": 5.171177, "log_pop_c": -0.673342, "log_mass_c": -0.878349}, {"country_iso": "SAU", "city_id": 5698, "log_pop": 3.025989, "log_mass": 5.491449, "log_pop_c": -0.614776, "log_mass_c": -0.810023}, {"country_iso": "SAU", "city_id": 5073, "log_pop": 2.81396, "log_mass": 5.891557, "log_pop_c": -0.050645, "log_mass_c": -0.073243}, {"country_iso": "SAU", "city_id": 4921, "log_pop": 1.355636, "log_mass": 4.074605, "log_pop_c": -2.142221, "log_mass_c": -1.939929}, {"country_iso": "SAU", "city_id": 4921, "log_pop": 3.820778, "log_mass": 6.392884, "log_pop_c": 0.322921, "log_mass_c": 0.378349}, {"country_iso": "SAU", "city_id": 5073, "log_pop": 3.614443, "log_mass": 6.777469, "log_pop_c": 0.749838, "log_mass_c": 0.812669}, {"country_iso": "SAU", "city_id": 4921, "log_pop": 4.033804, "log_mass": 6.682516, "log_pop_c": 0.535947, "log_mass_c": 0.667982}, {"country_iso": "SAU", "city_id": 4921, "log_pop": 3.459695, "log_mass": 5.820931, "log_pop_c": -0.038162, "log_mass_c": -0.193603}, {"country_iso": "SAU", "city_id": 5698, "log_pop": 3.895639, "log_mass": 6.677068, "log_pop_c": 0.254875, "log_mass_c": 0.375597}, {"country_iso": "SAU", "city_id": 5698, "log_pop": 3.981586, "log_mass": 6.623397, "log_pop_c": 0.340821, "log_mass_c": 0.321925}, {"country_iso": "SAU", "city_id": 4921, "log_pop": 3.005511, "log_mass": 5.52982, "log_pop_c": -0.492346, "log_mass_c": -0.484714}, {"country_iso": "SAU", "city_id": 5073, "log_pop": 1.868413, "log_mass": 5.314812, "log_pop_c": -0.996191, "log_mass_c": -0.649988}, {"country_iso": "SAU", "city_id": 5820, "log_pop": 3.83727, "log_mass": 6.578811, "log_pop_c": 0.514553, "log_mass_c": 0.529285}, {"country_iso": "SAU", "city_id": 5820, "log_pop": 3.390192, "log_mass": 6.506431, "log_pop_c": 0.067474, "log_mass_c": 0.456905}, {"country_iso": "SAU", "city_id": 4907, "log_pop": 1.193949, "log_mass": 4.029746, "log_pop_c": -1.729254, "log_mass_c": -1.808061}, {"country_iso": "SAU", "city_id": 5820, "log_pop": 3.967544, "log_mass": 6.45793, "log_pop_c": 0.644827, "log_mass_c": 0.408403}, {"country_iso": "SAU", "city_id": 5698, "log_pop": 3.930665, "log_mass": 6.79046, "log_pop_c": 0.289901, "log_mass_c": 0.488988}, {"country_iso": "SAU", "city_id": 4921, "log_pop": 1.866198, "log_mass": 4.088986, "log_pop_c": -1.631659, "log_mass_c": -1.925549}, {"country_iso": "SAU", "city_id": 4921, "log_pop": 3.639243, "log_mass": 6.270238, "log_pop_c": 0.141386, "log_mass_c": 0.255704}, {"country_iso": "SAU", "city_id": 5698, "log_pop": 3.952475, "log_mass": 6.574378, "log_pop_c": 0.311711, "log_mass_c": 0.272907}, {"country_iso": "SAU", "city_id": 4921, "log_pop": 3.756461, "log_mass": 6.26685, "log_pop_c": 0.258604, "log_mass_c": 0.252316}, {"country_iso": "SAU", "city_id": 5698, "log_pop": 3.452774, "log_mass": 5.901114, "log_pop_c": -0.187991, "log_mass_c": -0.400357}, {"country_iso": "SAU", "city_id": 4921, "log_pop": 3.069317, "log_mass": 5.6013, "log_pop_c": -0.42854, "log_mass_c": -0.413234}, {"country_iso": "SAU", "city_id": 5698, "log_pop": 3.926214, "log_mass": 6.823101, "log_pop_c": 0.285449, "log_mass_c": 0.521629}, {"country_iso": "SAU", "city_id": 5073, "log_pop": 3.52889, "log_mass": 6.650681, "log_pop_c": 0.664286, "log_mass_c": 0.685881}, {"country_iso": "SAU", "city_id": 5698, "log_pop": 3.940814, "log_mass": 6.821281, "log_pop_c": 0.30005, "log_mass_c": 0.519809}, {"country_iso": "SAU", "city_id": 4921, "log_pop": 2.70275, "log_mass": 5.011131, "log_pop_c": -0.795107, "log_mass_c": -1.003403}, {"country_iso": "SAU", "city_id": 5826, "log_pop": 2.590293, "log_mass": 5.471386, "log_pop_c": -0.64012, "log_mass_c": -0.625509}, {"country_iso": "SAU", "city_id": 5826, "log_pop": 1.965, "log_mass": 4.736837, "log_pop_c": -1.265413, "log_mass_c": -1.360058}, {"country_iso": "SAU", "city_id": 4907, "log_pop": 2.057664, "log_mass": 5.23084, "log_pop_c": -0.865539, "log_mass_c": -0.606967}, {"country_iso": "SAU", "city_id": 5698, "log_pop": 3.168605, "log_mass": 5.737657, "log_pop_c": -0.47216, "log_mass_c": -0.563814}, {"country_iso": "SAU", "city_id": 4921, "log_pop": 3.629798, "log_mass": 6.061399, "log_pop_c": 0.131941, "log_mass_c": 0.046865}, {"country_iso": "SAU", "city_id": 5698, "log_pop": 3.927526, "log_mass": 6.729243, "log_pop_c": 0.286762, "log_mass_c": 0.427772}, {"country_iso": "SAU", "city_id": 5698, "log_pop": 3.303392, "log_mass": 5.734635, "log_pop_c": -0.337372, "log_mass_c": -0.566836}, {"country_iso": "SAU", "city_id": 4921, "log_pop": 2.970093, "log_mass": 5.166183, "log_pop_c": -0.527763, "log_mass_c": -0.848351}, {"country_iso": "SAU", "city_id": 4921, "log_pop": 3.967347, "log_mass": 6.378634, "log_pop_c": 0.46949, "log_mass_c": 0.3641}, {"country_iso": "SAU", "city_id": 4921, "log_pop": 2.363679, "log_mass": 5.20662, "log_pop_c": -1.134178, "log_mass_c": -0.807915}, {"country_iso": "SAU", "city_id": 4921, "log_pop": 4.130859, "log_mass": 6.559245, "log_pop_c": 0.633002, "log_mass_c": 0.544711}, {"country_iso": "SAU", "city_id": 5698, "log_pop": 3.987802, "log_mass": 6.641963, "log_pop_c": 0.347038, "log_mass_c": 0.340492}, {"country_iso": "SAU", "city_id": 5826, "log_pop": 1.292621, "log_mass": 5.017773, "log_pop_c": -1.937792, "log_mass_c": -1.079122}, {"country_iso": "SAU", "city_id": 5073, "log_pop": 3.521328, "log_mass": 6.657101, "log_pop_c": 0.656724, "log_mass_c": 0.692301}, {"country_iso": "SAU", "city_id": 5698, "log_pop": 3.994333, "log_mass": 6.586771, "log_pop_c": 0.353569, "log_mass_c": 0.2853}, {"country_iso": "SAU", "city_id": 5698, "log_pop": 3.896502, "log_mass": 6.507219, "log_pop_c": 0.255738, "log_mass_c": 0.205747}, {"country_iso": "SAU", "city_id": 5820, "log_pop": 3.92427, "log_mass": 6.671424, "log_pop_c": 0.601552, "log_mass_c": 0.621897}, {"country_iso": "SAU", "city_id": 5820, "log_pop": 3.571694, "log_mass": 6.462361, "log_pop_c": 0.248977, "log_mass_c": 0.412835}, {"country_iso": "SAU", "city_id": 5073, "log_pop": 3.585346, "log_mass": 6.789037, "log_pop_c": 0.720741, "log_mass_c": 0.824237}, {"country_iso": "SAU", "city_id": 5698, "log_pop": 2.899358, "log_mass": 5.339299, "log_pop_c": -0.741406, "log_mass_c": -0.962173}, {"country_iso": "SAU", "city_id": 5826, "log_pop": 3.605713, "log_mass": 6.518175, "log_pop_c": 0.3753, "log_mass_c": 0.42128}, {"country_iso": "SAU", "city_id": 5698, "log_pop": 3.926178, "log_mass": 6.690321, "log_pop_c": 0.285414, "log_mass_c": 0.38885}, {"country_iso": "SAU", "city_id": 5698, "log_pop": 3.85354, "log_mass": 6.800664, "log_pop_c": 0.212776, "log_mass_c": 0.499193}, {"country_iso": "SAU", "city_id": 4921, "log_pop": 3.724516, "log_mass": 6.240625, "log_pop_c": 0.226659, "log_mass_c": 0.226091}, {"country_iso": "SAU", "city_id": 5698, "log_pop": 3.914521, "log_mass": 6.883183, "log_pop_c": 0.273757, "log_mass_c": 0.581712}, {"country_iso": "SAU", "city_id": 5698, "log_pop": 3.456713, "log_mass": 5.689565, "log_pop_c": -0.184051, "log_mass_c": -0.611906}, {"country_iso": "SAU", "city_id": 5826, "log_pop": 3.610022, "log_mass": 6.65397, "log_pop_c": 0.379609, "log_mass_c": 0.557075}, {"country_iso": "SAU", "city_id": 5820, "log_pop": 3.852305, "log_mass": 6.505392, "log_pop_c": 0.529588, "log_mass_c": 0.455866}, {"country_iso": "SAU", "city_id": 4921, "log_pop": 4.029312, "log_mass": 6.654483, "log_pop_c": 0.531455, "log_mass_c": 0.639949}, {"country_iso": "SAU", "city_id": 5698, "log_pop": 4.003306, "log_mass": 6.693072, "log_pop_c": 0.362541, "log_mass_c": 0.391601}, {"country_iso": "SAU", "city_id": 5698, "log_pop": 3.917158, "log_mass": 6.66888, "log_pop_c": 0.276394, "log_mass_c": 0.367409}, {"country_iso": "SAU", "city_id": 5073, "log_pop": 2.153876, "log_mass": 5.425063, "log_pop_c": -0.710728, "log_mass_c": -0.539736}, {"country_iso": "SAU", "city_id": 5826, "log_pop": 3.529045, "log_mass": 6.388957, "log_pop_c": 0.298632, "log_mass_c": 0.292062}, {"country_iso": "SAU", "city_id": 5698, "log_pop": 3.911818, "log_mass": 6.567523, "log_pop_c": 0.271054, "log_mass_c": 0.266052}, {"country_iso": "SAU", "city_id": 5698, "log_pop": 3.940346, "log_mass": 6.4717, "log_pop_c": 0.299582, "log_mass_c": 0.170229}, {"country_iso": "SAU", "city_id": 5820, "log_pop": 2.648338, "log_mass": 5.261167, "log_pop_c": -0.674379, "log_mass_c": -0.788359}, {"country_iso": "SAU", "city_id": 4921, "log_pop": 3.751567, "log_mass": 6.335881, "log_pop_c": 0.25371, "log_mass_c": 0.321347}, {"country_iso": "SAU", "city_id": 4921, "log_pop": 2.772931, "log_mass": 5.08139, "log_pop_c": -0.724926, "log_mass_c": -0.933144}, {"country_iso": "SAU", "city_id": 5073, "log_pop": 2.777034, "log_mass": 5.659146, "log_pop_c": -0.087571, "log_mass_c": -0.305654}, {"country_iso": "SAU", "city_id": 5820, "log_pop": 2.377751, "log_mass": 5.498454, "log_pop_c": -0.944966, "log_mass_c": -0.551073}, {"country_iso": "SAU", "city_id": 4921, "log_pop": 3.951302, "log_mass": 6.643492, "log_pop_c": 0.453445, "log_mass_c": 0.628958}, {"country_iso": "SAU", "city_id": 5698, "log_pop": 3.926899, "log_mass": 6.874014, "log_pop_c": 0.286134, "log_mass_c": 0.572542}, {"country_iso": "SAU", "city_id": 4921, "log_pop": 3.77362, "log_mass": 6.136481, "log_pop_c": 0.275763, "log_mass_c": 0.121947}, {"country_iso": "SAU", "city_id": 5698, "log_pop": 3.979323, "log_mass": 6.816575, "log_pop_c": 0.338559, "log_mass_c": 0.515103}, {"country_iso": "SAU", "city_id": 5820, "log_pop": 3.880945, "log_mass": 6.388696, "log_pop_c": 0.558228, "log_mass_c": 0.339169}, {"country_iso": "SAU", "city_id": 4921, "log_pop": 3.772639, "log_mass": 6.279352, "log_pop_c": 0.274782, "log_mass_c": 0.264818}, {"country_iso": "SAU", "city_id": 4907, "log_pop": 3.562222, "log_mass": 6.565592, "log_pop_c": 0.639019, "log_mass_c": 0.727785}, {"country_iso": "SAU", "city_id": 5698, "log_pop": 3.542542, "log_mass": 6.350587, "log_pop_c": -0.098222, "log_mass_c": 0.049116}, {"country_iso": "SAU", "city_id": 4921, "log_pop": 3.971223, "log_mass": 6.453154, "log_pop_c": 0.473366, "log_mass_c": 0.43862}, {"country_iso": "SAU", "city_id": 5698, "log_pop": 2.793807, "log_mass": 5.26103, "log_pop_c": -0.846957, "log_mass_c": -1.040441}, {"country_iso": "SAU", "city_id": 5820, "log_pop": 3.598582, "log_mass": 6.379443, "log_pop_c": 0.275865, "log_mass_c": 0.329917}, {"country_iso": "SAU", "city_id": 5698, "log_pop": 3.535165, "log_mass": 6.081714, "log_pop_c": -0.105599, "log_mass_c": -0.219757}, {"country_iso": "SAU", "city_id": 4907, "log_pop": 2.570744, "log_mass": 5.343917, "log_pop_c": -0.35246, "log_mass_c": -0.493891}, {"country_iso": "SAU", "city_id": 5698, "log_pop": 3.878389, "log_mass": 6.399797, "log_pop_c": 0.237625, "log_mass_c": 0.098325}, {"country_iso": "SAU", "city_id": 4921, "log_pop": 3.61205, "log_mass": 6.067189, "log_pop_c": 0.114193, "log_mass_c": 0.052655}, {"country_iso": "SAU", "city_id": 4921, "log_pop": 3.484939, "log_mass": 5.928886, "log_pop_c": -0.012918, "log_mass_c": -0.085648}, {"country_iso": "SAU", "city_id": 4921, "log_pop": 3.981333, "log_mass": 6.516875, "log_pop_c": 0.483476, "log_mass_c": 0.50234}, {"country_iso": "SAU", "city_id": 5698, "log_pop": 3.342578, "log_mass": 5.794096, "log_pop_c": -0.298186, "log_mass_c": -0.507375}, {"country_iso": "SAU", "city_id": 5820, "log_pop": 3.70392, "log_mass": 6.330419, "log_pop_c": 0.381203, "log_mass_c": 0.280892}, {"country_iso": "SAU", "city_id": 5073, "log_pop": 2.707803, "log_mass": 5.627871, "log_pop_c": -0.156802, "log_mass_c": -0.336928}, {"country_iso": "SAU", "city_id": 4921, "log_pop": 3.945041, "log_mass": 6.329636, "log_pop_c": 0.447184, "log_mass_c": 0.315102}, {"country_iso": "SAU", "city_id": 5698, "log_pop": 3.574601, "log_mass": 6.196789, "log_pop_c": -0.066163, "log_mass_c": -0.104682}, {"country_iso": "SAU", "city_id": 5698, "log_pop": 3.65605, "log_mass": 6.298502, "log_pop_c": 0.015286, "log_mass_c": -0.002969}, {"country_iso": "SAU", "city_id": 5698, "log_pop": 2.707025, "log_mass": 5.294427, "log_pop_c": -0.933739, "log_mass_c": -1.007044}, {"country_iso": "SAU", "city_id": 4921, "log_pop": 3.440298, "log_mass": 5.805147, "log_pop_c": -0.057559, "log_mass_c": -0.209387}, {"country_iso": "SAU", "city_id": 5820, "log_pop": 3.978207, "log_mass": 6.734861, "log_pop_c": 0.65549, "log_mass_c": 0.685335}, {"country_iso": "SAU", "city_id": 4907, "log_pop": 3.254787, "log_mass": 6.213781, "log_pop_c": 0.331584, "log_mass_c": 0.375974}, {"country_iso": "SAU", "city_id": 4921, "log_pop": 3.663543, "log_mass": 6.188996, "log_pop_c": 0.165686, "log_mass_c": 0.174462}, {"country_iso": "SAU", "city_id": 5698, "log_pop": 3.113844, "log_mass": 5.596642, "log_pop_c": -0.526921, "log_mass_c": -0.704829}, {"country_iso": "SAU", "city_id": 5698, "log_pop": 3.918944, "log_mass": 6.346965, "log_pop_c": 0.278179, "log_mass_c": 0.045494}, {"country_iso": "SAU", "city_id": 5073, "log_pop": 3.232146, "log_mass": 6.191646, "log_pop_c": 0.367541, "log_mass_c": 0.226847}, {"country_iso": "SAU", "city_id": 4907, "log_pop": 3.455011, "log_mass": 6.451543, "log_pop_c": 0.531808, "log_mass_c": 0.613736}, {"country_iso": "SAU", "city_id": 4907, "log_pop": 2.288916, "log_mass": 5.133302, "log_pop_c": -0.634287, "log_mass_c": -0.704505}, {"country_iso": "SAU", "city_id": 5698, "log_pop": 3.92207, "log_mass": 6.763517, "log_pop_c": 0.281306, "log_mass_c": 0.462045}, {"country_iso": "SAU", "city_id": 5698, "log_pop": 3.826369, "log_mass": 6.422678, "log_pop_c": 0.185604, "log_mass_c": 0.121207}, {"country_iso": "SAU", "city_id": 4907, "log_pop": 3.340313, "log_mass": 6.176699, "log_pop_c": 0.41711, "log_mass_c": 0.338892}, {"country_iso": "SAU", "city_id": 4921, "log_pop": 3.66201, "log_mass": 6.050899, "log_pop_c": 0.164153, "log_mass_c": 0.036365}, {"country_iso": "SAU", "city_id": 5820, "log_pop": 3.986867, "log_mass": 6.527599, "log_pop_c": 0.66415, "log_mass_c": 0.478073}, {"country_iso": "SAU", "city_id": 5073, "log_pop": 1.393359, "log_mass": 4.689968, "log_pop_c": -1.471245, "log_mass_c": -1.274832}, {"country_iso": "SAU", "city_id": 5698, "log_pop": 3.909743, "log_mass": 6.474833, "log_pop_c": 0.268979, "log_mass_c": 0.173362}, {"country_iso": "SAU", "city_id": 5826, "log_pop": 3.506319, "log_mass": 6.32035, "log_pop_c": 0.275906, "log_mass_c": 0.223455}, {"country_iso": "SAU", "city_id": 5698, "log_pop": 3.859713, "log_mass": 6.879171, "log_pop_c": 0.218949, "log_mass_c": 0.577699}, {"country_iso": "SAU", "city_id": 5698, "log_pop": 3.690844, "log_mass": 6.207671, "log_pop_c": 0.05008, "log_mass_c": -0.0938}, {"country_iso": "SAU", "city_id": 5073, "log_pop": 3.469004, "log_mass": 6.485674, "log_pop_c": 0.6044, "log_mass_c": 0.520875}, {"country_iso": "SAU", "city_id": 5698, "log_pop": 3.990985, "log_mass": 6.653966, "log_pop_c": 0.35022, "log_mass_c": 0.352495}, {"country_iso": "SAU", "city_id": 5698, "log_pop": 3.407147, "log_mass": 6.213086, "log_pop_c": -0.233617, "log_mass_c": -0.088386}, {"country_iso": "SAU", "city_id": 5073, "log_pop": 3.427742, "log_mass": 6.370496, "log_pop_c": 0.563138, "log_mass_c": 0.405696}, {"country_iso": "SAU", "city_id": 5698, "log_pop": 3.789868, "log_mass": 6.395997, "log_pop_c": 0.149104, "log_mass_c": 0.094526}, {"country_iso": "SAU", "city_id": 4921, "log_pop": 2.705337, "log_mass": 4.902477, "log_pop_c": -0.792519, "log_mass_c": -1.112057}, {"country_iso": "SAU", "city_id": 4921, "log_pop": 3.833285, "log_mass": 6.448929, "log_pop_c": 0.335428, "log_mass_c": 0.434395}, {"country_iso": "SAU", "city_id": 5698, "log_pop": 3.80469, "log_mass": 6.32087, "log_pop_c": 0.163925, "log_mass_c": 0.019398}, {"country_iso": "SAU", "city_id": 4907, "log_pop": 2.141102, "log_mass": 4.80248, "log_pop_c": -0.782102, "log_mass_c": -1.035328}, {"country_iso": "SAU", "city_id": 5698, "log_pop": 3.926496, "log_mass": 6.804528, "log_pop_c": 0.285731, "log_mass_c": 0.503057}, {"country_iso": "SAU", "city_id": 4907, "log_pop": 3.590417, "log_mass": 6.628121, "log_pop_c": 0.667213, "log_mass_c": 0.790314}, {"country_iso": "SAU", "city_id": 5073, "log_pop": 3.466947, "log_mass": 6.466544, "log_pop_c": 0.602342, "log_mass_c": 0.501744}, {"country_iso": "SAU", "city_id": 5698, "log_pop": 3.878888, "log_mass": 6.520627, "log_pop_c": 0.238124, "log_mass_c": 0.219156}, {"country_iso": "SAU", "city_id": 5698, "log_pop": 3.996519, "log_mass": 6.667976, "log_pop_c": 0.355755, "log_mass_c": 0.366505}, {"country_iso": "SAU", "city_id": 5820, "log_pop": 3.932244, "log_mass": 6.426068, "log_pop_c": 0.609526, "log_mass_c": 0.376542}, {"country_iso": "SAU", "city_id": 4907, "log_pop": 1.002384, "log_mass": 3.917698, "log_pop_c": -1.920819, "log_mass_c": -1.92011}, {"country_iso": "SAU", "city_id": 5820, "log_pop": 2.805005, "log_mass": 5.922848, "log_pop_c": -0.517712, "log_mass_c": -0.126678}, {"country_iso": "SAU", "city_id": 5820, "log_pop": 3.049537, "log_mass": 5.580287, "log_pop_c": -0.27318, "log_mass_c": -0.46924}, {"country_iso": "SAU", "city_id": 5820, "log_pop": 3.206221, "log_mass": 6.414421, "log_pop_c": -0.116496, "log_mass_c": 0.364894}, {"country_iso": "SAU", "city_id": 5073, "log_pop": 3.468196, "log_mass": 6.815815, "log_pop_c": 0.603592, "log_mass_c": 0.851016}, {"country_iso": "SAU", "city_id": 4921, "log_pop": 3.014622, "log_mass": 5.505443, "log_pop_c": -0.483235, "log_mass_c": -0.509091}, {"country_iso": "SAU", "city_id": 4921, "log_pop": 3.739031, "log_mass": 6.265236, "log_pop_c": 0.241174, "log_mass_c": 0.250701}, {"country_iso": "SAU", "city_id": 5826, "log_pop": 3.570083, "log_mass": 6.391236, "log_pop_c": 0.339671, "log_mass_c": 0.294341}, {"country_iso": "SAU", "city_id": 5698, "log_pop": 3.800644, "log_mass": 6.52597, "log_pop_c": 0.15988, "log_mass_c": 0.224499}, {"country_iso": "SAU", "city_id": 5698, "log_pop": 3.317393, "log_mass": 5.809895, "log_pop_c": -0.323372, "log_mass_c": -0.491576}, {"country_iso": "SAU", "city_id": 4921, "log_pop": 4.087084, "log_mass": 6.619147, "log_pop_c": 0.589227, "log_mass_c": 0.604612}, {"country_iso": "SAU", "city_id": 5698, "log_pop": 3.87635, "log_mass": 6.713099, "log_pop_c": 0.235586, "log_mass_c": 0.411627}, {"country_iso": "SAU", "city_id": 5073, "log_pop": 3.283086, "log_mass": 6.347148, "log_pop_c": 0.418482, "log_mass_c": 0.382348}, {"country_iso": "SAU", "city_id": 5698, "log_pop": 3.937003, "log_mass": 6.684303, "log_pop_c": 0.296238, "log_mass_c": 0.382832}, {"country_iso": "SAU", "city_id": 4921, "log_pop": 4.065516, "log_mass": 6.559014, "log_pop_c": 0.567659, "log_mass_c": 0.54448}, {"country_iso": "SAU", "city_id": 5698, "log_pop": 3.923559, "log_mass": 6.771083, "log_pop_c": 0.282795, "log_mass_c": 0.469611}, {"country_iso": "SAU", "city_id": 4907, "log_pop": 2.200098, "log_mass": 4.975026, "log_pop_c": -0.723105, "log_mass_c": -0.862781}, {"country_iso": "SAU", "city_id": 4921, "log_pop": 3.995646, "log_mass": 6.724004, "log_pop_c": 0.497789, "log_mass_c": 0.709469}, {"country_iso": "SAU", "city_id": 4921, "log_pop": 3.896832, "log_mass": 6.41429, "log_pop_c": 0.398975, "log_mass_c": 0.399756}, {"country_iso": "SAU", "city_id": 5698, "log_pop": 3.68736, "log_mass": 6.220808, "log_pop_c": 0.046596, "log_mass_c": -0.080663}, {"country_iso": "SAU", "city_id": 5698, "log_pop": 3.727064, "log_mass": 6.43364, "log_pop_c": 0.0863, "log_mass_c": 0.132169}, {"country_iso": "SAU", "city_id": 4907, "log_pop": 2.548671, "log_mass": 5.633063, "log_pop_c": -0.374532, "log_mass_c": -0.204744}, {"country_iso": "SAU", "city_id": 5073, "log_pop": 3.271175, "log_mass": 6.09778, "log_pop_c": 0.406571, "log_mass_c": 0.132981}, {"country_iso": "SAU", "city_id": 5698, "log_pop": 3.983975, "log_mass": 6.626558, "log_pop_c": 0.34321, "log_mass_c": 0.325086}, {"country_iso": "SAU", "city_id": 4921, "log_pop": 1.50968, "log_mass": 3.851353, "log_pop_c": -1.988177, "log_mass_c": -2.163181}, {"country_iso": "SAU", "city_id": 5698, "log_pop": 3.83408, "log_mass": 6.478678, "log_pop_c": 0.193316, "log_mass_c": 0.177206}, {"country_iso": "SAU", "city_id": 5698, "log_pop": 2.758585, "log_mass": 5.153347, "log_pop_c": -0.882179, "log_mass_c": -1.148124}, {"country_iso": "SAU", "city_id": 5820, "log_pop": 2.655829, "log_mass": 6.275564, "log_pop_c": -0.666889, "log_mass_c": 0.226038}, {"country_iso": "SAU", "city_id": 4921, "log_pop": 3.388741, "log_mass": 6.117395, "log_pop_c": -0.109115, "log_mass_c": 0.102861}, {"country_iso": "SAU", "city_id": 5820, "log_pop": 0.968327, "log_mass": 4.263988, "log_pop_c": -2.35439, "log_mass_c": -1.785538}, {"country_iso": "SAU", "city_id": 5820, "log_pop": 3.524605, "log_mass": 5.953254, "log_pop_c": 0.201888, "log_mass_c": -0.096273}, {"country_iso": "SAU", "city_id": 4907, "log_pop": 3.314717, "log_mass": 6.315075, "log_pop_c": 0.391513, "log_mass_c": 0.477268}, {"country_iso": "SAU", "city_id": 5826, "log_pop": 3.424077, "log_mass": 6.328295, "log_pop_c": 0.193664, "log_mass_c": 0.2314}, {"country_iso": "SAU", "city_id": 5698, "log_pop": 3.929356, "log_mass": 6.879015, "log_pop_c": 0.288592, "log_mass_c": 0.577544}, {"country_iso": "SAU", "city_id": 5826, "log_pop": 3.49824, "log_mass": 6.26899, "log_pop_c": 0.267827, "log_mass_c": 0.172095}, {"country_iso": "SAU", "city_id": 5698, "log_pop": 3.82073, "log_mass": 6.385887, "log_pop_c": 0.179966, "log_mass_c": 0.084416}, {"country_iso": "SAU", "city_id": 4921, "log_pop": 4.108154, "log_mass": 6.856099, "log_pop_c": 0.610297, "log_mass_c": 0.841565}, {"country_iso": "SAU", "city_id": 5073, "log_pop": 0.247141, "log_mass": 4.077142, "log_pop_c": -2.617463, "log_mass_c": -1.887658}, {"country_iso": "SAU", "city_id": 4921, "log_pop": 2.868453, "log_mass": 5.160652, "log_pop_c": -0.629404, "log_mass_c": -0.853882}, {"country_iso": "SAU", "city_id": 5073, "log_pop": 3.241534, "log_mass": 6.285051, "log_pop_c": 0.37693, "log_mass_c": 0.320251}, {"country_iso": "SAU", "city_id": 5820, "log_pop": 3.638199, "log_mass": 6.355835, "log_pop_c": 0.315481, "log_mass_c": 0.306308}, {"country_iso": "SAU", "city_id": 4921, "log_pop": 4.00865, "log_mass": 6.677058, "log_pop_c": 0.510793, "log_mass_c": 0.662524}, {"country_iso": "SAU", "city_id": 4921, "log_pop": 3.948176, "log_mass": 6.52933, "log_pop_c": 0.450319, "log_mass_c": 0.514796}, {"country_iso": "SAU", "city_id": 5698, "log_pop": 3.998905, "log_mass": 6.608511, "log_pop_c": 0.358141, "log_mass_c": 0.30704}, {"country_iso": "SAU", "city_id": 5073, "log_pop": 3.513628, "log_mass": 6.707599, "log_pop_c": 0.649024, "log_mass_c": 0.742799}, {"country_iso": "SAU", "city_id": 5073, "log_pop": 2.806067, "log_mass": 5.781012, "log_pop_c": -0.058537, "log_mass_c": -0.183787}, {"country_iso": "SAU", "city_id": 5698, "log_pop": 3.70732, "log_mass": 6.291164, "log_pop_c": 0.066555, "log_mass_c": -0.010308}, {"country_iso": "SAU", "city_id": 5073, "log_pop": 2.693161, "log_mass": 5.750552, "log_pop_c": -0.171443, "log_mass_c": -0.214248}, {"country_iso": "SAU", "city_id": 4921, "log_pop": 2.947418, "log_mass": 5.262809, "log_pop_c": -0.550439, "log_mass_c": -0.751725}, {"country_iso": "SAU", "city_id": 5820, "log_pop": 3.553869, "log_mass": 6.262965, "log_pop_c": 0.231152, "log_mass_c": 0.213438}, {"country_iso": "SAU", "city_id": 4907, "log_pop": 3.088489, "log_mass": 5.965984, "log_pop_c": 0.165286, "log_mass_c": 0.128177}, {"country_iso": "SAU", "city_id": 5820, "log_pop": 3.987214, "log_mass": 6.592821, "log_pop_c": 0.664497, "log_mass_c": 0.543295}, {"country_iso": "SAU", "city_id": 5073, "log_pop": 3.49699, "log_mass": 6.452623, "log_pop_c": 0.632386, "log_mass_c": 0.487823}, {"country_iso": "SAU", "city_id": 5698, "log_pop": 3.261424, "log_mass": 5.855355, "log_pop_c": -0.379341, "log_mass_c": -0.446116}, {"country_iso": "SAU", "city_id": 5820, "log_pop": 3.259242, "log_mass": 5.934776, "log_pop_c": -0.063475, "log_mass_c": -0.114751}, {"country_iso": "SAU", "city_id": 5698, "log_pop": 3.153668, "log_mass": 5.737888, "log_pop_c": -0.487096, "log_mass_c": -0.563583}, {"country_iso": "SAU", "city_id": 5698, "log_pop": 3.92237, "log_mass": 6.70393, "log_pop_c": 0.281606, "log_mass_c": 0.402459}, {"country_iso": "SAU", "city_id": 5698, "log_pop": 4.001083, "log_mass": 6.830208, "log_pop_c": 0.360319, "log_mass_c": 0.528737}, {"country_iso": "SAU", "city_id": 5073, "log_pop": 1.603644, "log_mass": 5.20037, "log_pop_c": -1.260961, "log_mass_c": -0.76443}, {"country_iso": "SAU", "city_id": 5820, "log_pop": 3.420966, "log_mass": 6.435166, "log_pop_c": 0.098249, "log_mass_c": 0.38564}, {"country_iso": "SAU", "city_id": 5820, "log_pop": 3.946391, "log_mass": 6.489722, "log_pop_c": 0.623674, "log_mass_c": 0.440196}, {"country_iso": "SAU", "city_id": 5698, "log_pop": 3.793534, "log_mass": 6.449259, "log_pop_c": 0.152769, "log_mass_c": 0.147788}, {"country_iso": "SAU", "city_id": 5698, "log_pop": 3.238274, "log_mass": 5.688416, "log_pop_c": -0.40249, "log_mass_c": -0.613056}, {"country_iso": "SAU", "city_id": 5698, "log_pop": 3.946329, "log_mass": 6.522126, "log_pop_c": 0.305564, "log_mass_c": 0.220655}, {"country_iso": "SAU", "city_id": 5698, "log_pop": 2.291703, "log_mass": 4.678456, "log_pop_c": -1.349061, "log_mass_c": -1.623016}, {"country_iso": "SAU", "city_id": 5073, "log_pop": 3.460637, "log_mass": 6.557172, "log_pop_c": 0.596032, "log_mass_c": 0.592373}, {"country_iso": "SAU", "city_id": 5820, "log_pop": 3.645928, "log_mass": 6.389718, "log_pop_c": 0.323211, "log_mass_c": 0.340191}, {"country_iso": "SAU", "city_id": 5820, "log_pop": 3.91384, "log_mass": 6.445964, "log_pop_c": 0.591122, "log_mass_c": 0.396437}, {"country_iso": "SAU", "city_id": 5073, "log_pop": 3.159618, "log_mass": 5.932763, "log_pop_c": 0.295014, "log_mass_c": -0.032036}, {"country_iso": "SAU", "city_id": 5698, "log_pop": 3.989978, "log_mass": 6.680343, "log_pop_c": 0.349214, "log_mass_c": 0.378872}, {"country_iso": "SAU", "city_id": 4921, "log_pop": 4.020096, "log_mass": 6.900398, "log_pop_c": 0.522239, "log_mass_c": 0.885863}, {"country_iso": "SAU", "city_id": 4907, "log_pop": 3.526027, "log_mass": 6.449957, "log_pop_c": 0.602823, "log_mass_c": 0.61215}, {"country_iso": "SAU", "city_id": 5698, "log_pop": 3.824932, "log_mass": 6.454929, "log_pop_c": 0.184168, "log_mass_c": 0.153458}, {"country_iso": "SAU", "city_id": 5698, "log_pop": 3.103553, "log_mass": 5.715506, "log_pop_c": -0.537211, "log_mass_c": -0.585966}, {"country_iso": "SAU", "city_id": 5820, "log_pop": 1.463145, "log_mass": 4.463413, "log_pop_c": -1.859573, "log_mass_c": -1.586113}, {"country_iso": "SAU", "city_id": 5698, "log_pop": 3.287265, "log_mass": 5.740585, "log_pop_c": -0.353499, "log_mass_c": -0.560886}, {"country_iso": "SAU", "city_id": 5698, "log_pop": 3.712215, "log_mass": 6.341772, "log_pop_c": 0.071451, "log_mass_c": 0.0403}]