[{"country_iso": "NZL", "city_id": 13129, "log_pop": 1.21294, "log_mass": 4.295578, "log_pop_c": -2.357883, "log_mass_c": -1.946518}, {"country_iso": "NZL", "city_id": 13121, "log_pop": 3.584053, "log_mass": 6.609494, "log_pop_c": 0.824845, "log_mass_c": 1.14316}, {"country_iso": "NZL", "city_id": 13127, "log_pop": 1.796826, "log_mass": 4.430387, "log_pop_c": -1.312532, "log_mass_c": -1.469327}, {"country_iso": "NZL", "city_id": 13129, "log_pop": 4.023798, "log_mass": 6.695273, "log_pop_c": 0.452975, "log_mass_c": 0.453176}, {"country_iso": "NZL", "city_id": 13129, "log_pop": 0.007357, "log_mass": 3.929028, "log_pop_c": -3.563467, "log_mass_c": -2.313069}, {"country_iso": "NZL", "city_id": 13127, "log_pop": 3.891814, "log_mass": 6.602091, "log_pop_c": 0.782456, "log_mass_c": 0.702377}, {"country_iso": "NZL", "city_id": 13131, "log_pop": 3.385572, "log_mass": 6.068244, "log_pop_c": 0.264572, "log_mass_c": 0.159629}, {"country_iso": "NZL", "city_id": 13129, "log_pop": 3.708937, "log_mass": 6.267201, "log_pop_c": 0.138114, "log_mass_c": 0.025104}, {"country_iso": "NZL", "city_id": 13121, "log_pop": 0.917209, "log_mass": 4.171339, "log_pop_c": -1.841999, "log_mass_c": -1.294996}, {"country_iso": "NZL", "city_id": 13071, "log_pop": 3.506907, "log_mass": 6.434639, "log_pop_c": 0.268703, "log_mass_c": 0.435965}, {"country_iso": "NZL", "city_id": 13071, "log_pop": 3.568553, "log_mass": 6.168743, "log_pop_c": 0.330349, "log_mass_c": 0.170069}, {"country_iso": "NZL", "city_id": 13071, "log_pop": 4.11662, "log_mass": 6.648862, "log_pop_c": 0.878416, "log_mass_c": 0.650188}, {"country_iso": "NZL", "city_id": 13071, "log_pop": 3.764804, "log_mass": 6.327257, "log_pop_c": 0.526599, "log_mass_c": 0.328583}, {"country_iso": "NZL", "city_id": 13127, "log_pop": 3.21317, "log_mass": 5.718633, "log_pop_c": 0.103812, "log_mass_c": -0.181081}, {"country_iso": "NZL", "city_id": 13130, "log_pop": 3.348675, "log_mass": 5.795913, "log_pop_c": -0.03481, "log_mass_c": -0.220102}, {"country_iso": "NZL", "city_id": 13071, "log_pop": 4.026383, "log_mass": 6.510992, "log_pop_c": 0.788179, "log_mass_c": 0.512318}, {"country_iso": "NZL", "city_id": 13071, "log_pop": 3.782847, "log_mass": 6.519895, "log_pop_c": 0.544643, "log_mass_c": 0.521221}, {"country_iso": "NZL", "city_id": 13121, "log_pop": 4.313211, "log_mass": 6.788026, "log_pop_c": 1.554003, "log_mass_c": 1.321692}, {"country_iso": "NZL", "city_id": 13127, "log_pop": 3.92507, "log_mass": 6.502012, "log_pop_c": 0.815712, "log_mass_c": 0.602299}, {"country_iso": "NZL", "city_id": 13129, "log_pop": 4.436978, "log_mass": 7.015811, "log_pop_c": 0.866155, "log_mass_c": 0.773715}, {"country_iso": "NZL", "city_id": 13129, "log_pop": 3.934643, "log_mass": 6.398183, "log_pop_c": 0.36382, "log_mass_c": 0.156086}, {"country_iso": "NZL", "city_id": 13130, "log_pop": 2.664742, "log_mass": 5.594863, "log_pop_c": -0.718743, "log_mass_c": -0.421152}, {"country_iso": "NZL", "city_id": 13129, "log_pop": 3.843232, "log_mass": 6.459297, "log_pop_c": 0.272408, "log_mass_c": 0.2172}, {"country_iso": "NZL", "city_id": 13130, "log_pop": 0.203772, "log_mass": 3.882187, "log_pop_c": -3.179713, "log_mass_c": -2.133828}, {"country_iso": "NZL", "city_id": 13071, "log_pop": 3.574074, "log_mass": 6.393221, "log_pop_c": 0.33587, "log_mass_c": 0.394547}, {"country_iso": "NZL", "city_id": 13129, "log_pop": 3.952028, "log_mass": 6.420802, "log_pop_c": 0.381205, "log_mass_c": 0.178705}, {"country_iso": "NZL", "city_id": 13131, "log_pop": 3.039201, "log_mass": 5.639498, "log_pop_c": -0.081799, "log_mass_c": -0.269117}, {"country_iso": "NZL", "city_id": 13121, "log_pop": 3.735502, "log_mass": 6.132868, "log_pop_c": 0.976294, "log_mass_c": 0.666534}, {"country_iso": "NZL", "city_id": 13130, "log_pop": 3.728289, "log_mass": 6.273861, "log_pop_c": 0.344805, "log_mass_c": 0.257846}, {"country_iso": "NZL", "city_id": 13129, "log_pop": 4.08901, "log_mass": 6.612579, "log_pop_c": 0.518187, "log_mass_c": 0.370482}, {"country_iso": "NZL", "city_id": 13071, "log_pop": 2.877806, "log_mass": 5.563423, "log_pop_c": -0.360398, "log_mass_c": -0.435252}, {"country_iso": "NZL", "city_id": 13071, "log_pop": 3.791339, "log_mass": 6.429806, "log_pop_c": 0.553134, "log_mass_c": 0.431132}, {"country_iso": "NZL", "city_id": 13129, "log_pop": 4.076895, "log_mass": 6.643147, "log_pop_c": 0.506072, "log_mass_c": 0.401051}, {"country_iso": "NZL", "city_id": 13129, "log_pop": 3.677431, "log_mass": 6.250129, "log_pop_c": 0.106607, "log_mass_c": 0.008032}, {"country_iso": "NZL", "city_id": 13071, "log_pop": 3.585741, "log_mass": 6.14104, "log_pop_c": 0.347537, "log_mass_c": 0.142366}, {"country_iso": "NZL", "city_id": 13121, "log_pop": 4.085735, "log_mass": 6.423422, "log_pop_c": 1.326527, "log_mass_c": 0.957088}, {"country_iso": "NZL", "city_id": 13129, "log_pop": 4.12217, "log_mass": 6.506906, "log_pop_c": 0.551346, "log_mass_c": 0.264809}, {"country_iso": "NZL", "city_id": 13131, "log_pop": 3.254529, "log_mass": 6.300412, "log_pop_c": 0.133528, "log_mass_c": 0.391797}, {"country_iso": "NZL", "city_id": 13129, "log_pop": 4.030445, "log_mass": 6.738899, "log_pop_c": 0.459621, "log_mass_c": 0.496802}, {"country_iso": "NZL", "city_id": 13129, "log_pop": 3.751596, "log_mass": 6.287633, "log_pop_c": 0.180772, "log_mass_c": 0.045537}, {"country_iso": "NZL", "city_id": 13071, "log_pop": 4.148754, "log_mass": 6.69558, "log_pop_c": 0.91055, "log_mass_c": 0.696906}, {"country_iso": "NZL", "city_id": 13129, "log_pop": 3.914447, "log_mass": 6.409809, "log_pop_c": 0.343623, "log_mass_c": 0.167713}, {"country_iso": "NZL", "city_id": 13130, "log_pop": 3.441487, "log_mass": 6.007195, "log_pop_c": 0.058002, "log_mass_c": -0.00882}, {"country_iso": "NZL", "city_id": 13131, "log_pop": 3.512502, "log_mass": 6.173996, "log_pop_c": 0.391502, "log_mass_c": 0.26538}, {"country_iso": "NZL", "city_id": 13121, "log_pop": 2.841165, "log_mass": 5.733747, "log_pop_c": 0.081956, "log_mass_c": 0.267413}, {"country_iso": "NZL", "city_id": 13129, "log_pop": 3.504625, "log_mass": 6.024622, "log_pop_c": -0.066199, "log_mass_c": -0.217475}, {"country_iso": "NZL", "city_id": 13130, "log_pop": 4.014518, "log_mass": 6.469113, "log_pop_c": 0.631033, "log_mass_c": 0.453098}, {"country_iso": "NZL", "city_id": 13127, "log_pop": 2.371881, "log_mass": 4.953809, "log_pop_c": -0.737477, "log_mass_c": -0.945904}, {"country_iso": "NZL", "city_id": 13129, "log_pop": 4.246552, "log_mass": 6.698252, "log_pop_c": 0.675728, "log_mass_c": 0.456155}, {"country_iso": "NZL", "city_id": 13071, "log_pop": 3.1447, "log_mass": 5.62921, "log_pop_c": -0.093504, "log_mass_c": -0.369464}, {"country_iso": "NZL", "city_id": 13129, "log_pop": 2.718734, "log_mass": 5.401232, "log_pop_c": -0.852089, "log_mass_c": -0.840865}, {"country_iso": "NZL", "city_id": 13071, "log_pop": 1.075812, "log_mass": 4.535139, "log_pop_c": -2.162392, "log_mass_c": -1.463535}, {"country_iso": "NZL", "city_id": 13129, "log_pop": 1.220515, "log_mass": 6.142124, "log_pop_c": -2.350309, "log_mass_c": -0.099972}, {"country_iso": "NZL", "city_id": 13131, "log_pop": 3.531505, "log_mass": 6.219366, "log_pop_c": 0.410505, "log_mass_c": 0.31075}, {"country_iso": "NZL", "city_id": 13071, "log_pop": 3.057471, "log_mass": 5.720984, "log_pop_c": -0.180733, "log_mass_c": -0.27769}, {"country_iso": "NZL", "city_id": 13129, "log_pop": 2.9691, "log_mass": 5.380033, "log_pop_c": -0.601724, "log_mass_c": -0.862064}, {"country_iso": "NZL", "city_id": 13129, "log_pop": 3.841276, "log_mass": 6.349855, "log_pop_c": 0.270452, "log_mass_c": 0.107758}, {"country_iso": "NZL", "city_id": 13127, "log_pop": 1.035224, "log_mass": 5.612105, "log_pop_c": -2.074134, "log_mass_c": -0.287609}, {"country_iso": "NZL", "city_id": 13129, "log_pop": 2.860654, "log_mass": 5.229117, "log_pop_c": -0.71017, "log_mass_c": -1.012979}, {"country_iso": "NZL", "city_id": 13129, "log_pop": 3.585876, "log_mass": 6.289751, "log_pop_c": 0.015052, "log_mass_c": 0.047655}, {"country_iso": "NZL", "city_id": 13130, "log_pop": 3.357464, "log_mass": 5.923399, "log_pop_c": -0.026021, "log_mass_c": -0.092616}, {"country_iso": "NZL", "city_id": 13129, "log_pop": 3.043853, "log_mass": 5.601339, "log_pop_c": -0.526971, "log_mass_c": -0.640758}, {"country_iso": "NZL", "city_id": 13129, "log_pop": 3.892873, "log_mass": 6.354361, "log_pop_c": 0.322049, "log_mass_c": 0.112264}, {"country_iso": "NZL", "city_id": 13131, "log_pop": 3.556161, "log_mass": 6.151063, "log_pop_c": 0.43516, "log_mass_c": 0.242447}, {"country_iso": "NZL", "city_id": 13129, "log_pop": 3.4207, "log_mass": 5.880427, "log_pop_c": -0.150123, "log_mass_c": -0.36167}, {"country_iso": "NZL", "city_id": 13130, "log_pop": 1.685609, "log_mass": 4.438808, "log_pop_c": -1.697875, "log_mass_c": -1.577207}, {"country_iso": "NZL", "city_id": 13131, "log_pop": 2.92137, "log_mass": 5.525367, "log_pop_c": -0.199631, "log_mass_c": -0.383249}, {"country_iso": "NZL", "city_id": 13129, "log_pop": 4.06004, "log_mass": 6.57994, "log_pop_c": 0.489216, "log_mass_c": 0.337843}, {"country_iso": "NZL", "city_id": 13129, "log_pop": 1.220306, "log_mass": 5.505298, "log_pop_c": -2.350517, "log_mass_c": -0.736799}, {"country_iso": "NZL", "city_id": 13131, "log_pop": 2.582212, "log_mass": 5.176896, "log_pop_c": -0.538788, "log_mass_c": -0.731719}, {"country_iso": "NZL", "city_id": 13129, "log_pop": 3.879385, "log_mass": 6.43401, "log_pop_c": 0.308561, "log_mass_c": 0.191913}, {"country_iso": "NZL", "city_id": 13129, "log_pop": 3.990563, "log_mass": 6.476722, "log_pop_c": 0.41974, "log_mass_c": 0.234625}, {"country_iso": "NZL", "city_id": 13130, "log_pop": 3.310615, "log_mass": 5.902874, "log_pop_c": -0.072869, "log_mass_c": -0.113141}, {"country_iso": "NZL", "city_id": 13129, "log_pop": 4.046061, "log_mass": 6.582181, "log_pop_c": 0.475237, "log_mass_c": 0.340084}, {"country_iso": "NZL", "city_id": 13130, "log_pop": 4.134112, "log_mass": 6.7007, "log_pop_c": 0.750628, "log_mass_c": 0.684685}, {"country_iso": "NZL", "city_id": 13129, "log_pop": 3.38069, "log_mass": 5.99478, "log_pop_c": -0.190134, "log_mass_c": -0.247317}, {"country_iso": "NZL", "city_id": 13129, "log_pop": 3.913465, "log_mass": 6.447332, "log_pop_c": 0.342641, "log_mass_c": 0.205235}, {"country_iso": "NZL", "city_id": 13129, "log_pop": 3.821023, "log_mass": 6.592087, "log_pop_c": 0.2502, "log_mass_c": 0.349991}, {"country_iso": "NZL", "city_id": 13121, "log_pop": 1.995134, "log_mass": 4.336297, "log_pop_c": -0.764074, "log_mass_c": -1.130037}, {"country_iso": "NZL", "city_id": 13129, "log_pop": 3.879981, "log_mass": 6.480574, "log_pop_c": 0.309158, "log_mass_c": 0.238478}, {"country_iso": "NZL", "city_id": 13129, "log_pop": 2.966574, "log_mass": 5.453113, "log_pop_c": -0.60425, "log_mass_c": -0.788983}, {"country_iso": "NZL", "city_id": 13071, "log_pop": 3.934071, "log_mass": 6.519632, "log_pop_c": 0.695866, "log_mass_c": 0.520958}, {"country_iso": "NZL", "city_id": 13129, "log_pop": 3.58412, "log_mass": 5.99568, "log_pop_c": 0.013297, "log_mass_c": -0.246416}, {"country_iso": "NZL", "city_id": 13129, "log_pop": 3.845004, "log_mass": 6.362688, "log_pop_c": 0.27418, "log_mass_c": 0.120591}, {"country_iso": "NZL", "city_id": 13131, "log_pop": 3.530351, "log_mass": 6.074457, "log_pop_c": 0.409351, "log_mass_c": 0.165841}, {"country_iso": "NZL", "city_id": 13129, "log_pop": 2.235341, "log_mass": 6.646334, "log_pop_c": -1.335483, "log_mass_c": 0.404237}, {"country_iso": "NZL", "city_id": 13071, "log_pop": 4.114464, "log_mass": 6.657476, "log_pop_c": 0.876259, "log_mass_c": 0.658802}, {"country_iso": "NZL", "city_id": 13129, "log_pop": 3.95857, "log_mass": 6.53575, "log_pop_c": 0.387747, "log_mass_c": 0.293654}, {"country_iso": "NZL", "city_id": 13130, "log_pop": 4.01605, "log_mass": 6.466767, "log_pop_c": 0.632565, "log_mass_c": 0.450752}, {"country_iso": "NZL", "city_id": 13121, "log_pop": 3.834987, "log_mass": 6.429653, "log_pop_c": 1.075778, "log_mass_c": 0.963318}, {"country_iso": "NZL", "city_id": 13129, "log_pop": 3.523542, "log_mass": 6.152848, "log_pop_c": -0.047281, "log_mass_c": -0.089248}, {"country_iso": "NZL", "city_id": 13130, "log_pop": 3.704617, "log_mass": 6.397096, "log_pop_c": 0.321132, "log_mass_c": 0.381081}, {"country_iso": "NZL", "city_id": 13129, "log_pop": 3.995739, "log_mass": 6.522291, "log_pop_c": 0.424915, "log_mass_c": 0.280195}, {"country_iso": "NZL", "city_id": 13127, "log_pop": 3.511882, "log_mass": 6.392027, "log_pop_c": 0.402524, "log_mass_c": 0.492314}, {"country_iso": "NZL", "city_id": 13130, "log_pop": 3.966825, "log_mass": 6.478052, "log_pop_c": 0.58334, "log_mass_c": 0.462037}, {"country_iso": "NZL", "city_id": 13129, "log_pop": 3.426229, "log_mass": 6.762375, "log_pop_c": -0.144594, "log_mass_c": 0.520279}, {"country_iso": "NZL", "city_id": 13131, "log_pop": 3.294756, "log_mass": 5.84841, "log_pop_c": 0.173755, "log_mass_c": -0.060206}, {"country_iso": "NZL", "city_id": 13071, "log_pop": 3.996033, "log_mass": 6.532252, "log_pop_c": 0.757829, "log_mass_c": 0.533578}, {"country_iso": "NZL", "city_id": 13129, "log_pop": 4.134338, "log_mass": 6.598696, "log_pop_c": 0.563514, "log_mass_c": 0.356599}, {"country_iso": "NZL", "city_id": 13129, "log_pop": 3.811089, "log_mass": 6.296907, "log_pop_c": 0.240265, "log_mass_c": 0.05481}, {"country_iso": "NZL", "city_id": 13129, "log_pop": 3.908408, "log_mass": 6.49468, "log_pop_c": 0.337584, "log_mass_c": 0.252584}, {"country_iso": "NZL", "city_id": 13131, "log_pop": 1.475305, "log_mass": 5.087228, "log_pop_c": -1.645696, "log_mass_c": -0.821388}, {"country_iso": "NZL", "city_id": 13130, "log_pop": 4.127541, "log_mass": 6.582123, "log_pop_c": 0.744057, "log_mass_c": 0.566108}, {"country_iso": "NZL", "city_id": 13129, "log_pop": 4.180463, "log_mass": 6.737453, "log_pop_c": 0.60964, "log_mass_c": 0.495356}, {"country_iso": "NZL", "city_id": 13129, "log_pop": 4.153947, "log_mass": 6.631986, "log_pop_c": 0.583124, "log_mass_c": 0.38989}, {"country_iso": "NZL", "city_id": 13129, "log_pop": 4.180608, "log_mass": 6.607209, "log_pop_c": 0.609784, "log_mass_c": 0.365112}, {"country_iso": "NZL", "city_id": 13130, "log_pop": 3.748157, "log_mass": 6.244966, "log_pop_c": 0.364672, "log_mass_c": 0.228951}, {"country_iso": "NZL", "city_id": 13127, "log_pop": 3.764516, "log_mass": 6.567643, "log_pop_c": 0.655158, "log_mass_c": 0.667929}, {"country_iso": "NZL", "city_id": 13130, "log_pop": 3.935826, "log_mass": 6.549314, "log_pop_c": 0.552341, "log_mass_c": 0.533299}, {"country_iso": "NZL", "city_id": 13071, "log_pop": 3.599447, "log_mass": 6.229735, "log_pop_c": 0.361242, "log_mass_c": 0.231061}, {"country_iso": "NZL", "city_id": 13127, "log_pop": 2.385141, "log_mass": 5.050647, "log_pop_c": -0.724217, "log_mass_c": -0.849067}, {"country_iso": "NZL", "city_id": 13131, "log_pop": 3.619954, "log_mass": 6.184127, "log_pop_c": 0.498954, "log_mass_c": 0.275511}, {"country_iso": "NZL", "city_id": 13129, "log_pop": 4.169281, "log_mass": 6.62332, "log_pop_c": 0.598458, "log_mass_c": 0.381223}, {"country_iso": "NZL", "city_id": 13121, "log_pop": 1.347581, "log_mass": 4.354719, "log_pop_c": -1.411627, "log_mass_c": -1.111615}, {"country_iso": "NZL", "city_id": 13121, "log_pop": 2.949075, "log_mass": 5.419237, "log_pop_c": 0.189867, "log_mass_c": -0.047097}, {"country_iso": "NZL", "city_id": 13130, "log_pop": 2.390287, "log_mass": 5.242257, "log_pop_c": -0.993197, "log_mass_c": -0.773758}, {"country_iso": "NZL", "city_id": 13130, "log_pop": 3.233022, "log_mass": 5.716427, "log_pop_c": -0.150463, "log_mass_c": -0.299588}, {"country_iso": "NZL", "city_id": 13129, "log_pop": 3.909203, "log_mass": 6.629437, "log_pop_c": 0.338379, "log_mass_c": 0.38734}, {"country_iso": "NZL", "city_id": 13129, "log_pop": 2.542248, "log_mass": 5.237747, "log_pop_c": -1.028575, "log_mass_c": -1.00435}, {"country_iso": "NZL", "city_id": 13129, "log_pop": 4.243561, "log_mass": 6.583418, "log_pop_c": 0.672738, "log_mass_c": 0.341321}, {"country_iso": "NZL", "city_id": 13127, "log_pop": 3.662752, "log_mass": 6.678348, "log_pop_c": 0.553394, "log_mass_c": 0.778634}, {"country_iso": "NZL", "city_id": 13129, "log_pop": 3.754691, "log_mass": 6.328729, "log_pop_c": 0.183867, "log_mass_c": 0.086632}, {"country_iso": "NZL", "city_id": 13129, "log_pop": 3.955888, "log_mass": 6.360895, "log_pop_c": 0.385065, "log_mass_c": 0.118798}, {"country_iso": "NZL", "city_id": 13127, "log_pop": 3.907922, "log_mass": 6.484968, "log_pop_c": 0.798564, "log_mass_c": 0.585254}, {"country_iso": "NZL", "city_id": 13127, "log_pop": 3.993899, "log_mass": 6.52826, "log_pop_c": 0.88454, "log_mass_c": 0.628547}, {"country_iso": "NZL", "city_id": 13129, "log_pop": 3.497583, "log_mass": 5.963683, "log_pop_c": -0.073241, "log_mass_c": -0.278414}, {"country_iso": "NZL", "city_id": 13129, "log_pop": 2.67166, "log_mass": 5.30773, "log_pop_c": -0.899164, "log_mass_c": -0.934366}, {"country_iso": "NZL", "city_id": 13129, "log_pop": 2.360907, "log_mass": 5.400207, "log_pop_c": -1.209917, "log_mass_c": -0.84189}, {"country_iso": "NZL", "city_id": 13130, "log_pop": 3.587987, "log_mass": 6.154339, "log_pop_c": 0.204502, "log_mass_c": 0.138324}, {"country_iso": "NZL", "city_id": 13127, "log_pop": 3.833668, "log_mass": 6.365029, "log_pop_c": 0.72431, "log_mass_c": 0.465316}, {"country_iso": "NZL", "city_id": 13129, "log_pop": 3.758868, "log_mass": 6.575722, "log_pop_c": 0.188044, "log_mass_c": 0.333626}, {"country_iso": "NZL", "city_id": 13121, "log_pop": 2.854753, "log_mass": 5.255579, "log_pop_c": 0.095545, "log_mass_c": -0.210755}, {"country_iso": "NZL", "city_id": 13071, "log_pop": 0.32615, "log_mass": 3.951059, "log_pop_c": -2.912054, "log_mass_c": -2.047615}, {"country_iso": "NZL", "city_id": 13130, "log_pop": 4.15123, "log_mass": 6.638879, "log_pop_c": 0.767746, "log_mass_c": 0.622864}, {"country_iso": "NZL", "city_id": 13071, "log_pop": 3.567682, "log_mass": 6.20305, "log_pop_c": 0.329477, "log_mass_c": 0.204376}, {"country_iso": "NZL", "city_id": 13121, "log_pop": 3.680855, "log_mass": 6.150626, "log_pop_c": 0.921647, "log_mass_c": 0.684292}, {"country_iso": "NZL", "city_id": 13129, "log_pop": 3.701406, "log_mass": 6.210343, "log_pop_c": 0.130583, "log_mass_c": -0.031754}, {"country_iso": "NZL", "city_id": 13130, "log_pop": 3.801461, "log_mass": 6.300929, "log_pop_c": 0.417976, "log_mass_c": 0.284914}, {"country_iso": "NZL", "city_id": 13129, "log_pop": 3.873502, "log_mass": 6.653073, "log_pop_c": 0.302679, "log_mass_c": 0.410976}, {"country_iso": "NZL", "city_id": 13127, "log_pop": 2.299835, "log_mass": 5.054563, "log_pop_c": -0.809523, "log_mass_c": -0.845151}, {"country_iso": "NZL", "city_id": 13129, "log_pop": 3.838431, "log_mass": 6.667391, "log_pop_c": 0.267607, "log_mass_c": 0.425294}, {"country_iso": "NZL", "city_id": 13130, "log_pop": 3.074798, "log_mass": 5.569563, "log_pop_c": -0.308687, "log_mass_c": -0.446452}, {"country_iso": "NZL", "city_id": 13129, "log_pop": 3.905075, "log_mass": 6.412093, "log_pop_c": 0.334251, "log_mass_c": 0.169996}, {"country_iso": "NZL", "city_id": 13129, "log_pop": 3.783583, "log_mass": 6.27643, "log_pop_c": 0.212759, "log_mass_c": 0.034333}, {"country_iso": "NZL", "city_id": 13071, "log_pop": 3.918691, "log_mass": 6.340035, "log_pop_c": 0.680486, "log_mass_c": 0.341361}, {"country_iso": "NZL", "city_id": 13131, "log_pop": 3.68666, "log_mass": 6.317045, "log_pop_c": 0.565659, "log_mass_c": 0.408429}, {"country_iso": "NZL", "city_id": 13129, "log_pop": 2.838865, "log_mass": 5.39125, "log_pop_c": -0.731958, "log_mass_c": -0.850847}, {"country_iso": "NZL", "city_id": 13071, "log_pop": 2.518457, "log_mass": 5.442316, "log_pop_c": -0.719747, "log_mass_c": -0.556359}, {"country_iso": "NZL", "city_id": 13129, "log_pop": 3.618631, "log_mass": 6.138729, "log_pop_c": 0.047807, "log_mass_c": -0.103368}, {"country_iso": "NZL", "city_id": 13129, "log_pop": 4.18357, "log_mass": 6.573297, "log_pop_c": 0.612747, "log_mass_c": 0.3312}, {"country_iso": "NZL", "city_id": 13127, "log_pop": 3.195598, "log_mass": 5.654649, "log_pop_c": 0.08624, "log_mass_c": -0.245065}, {"country_iso": "NZL", "city_id": 13129, "log_pop": 4.034927, "log_mass": 6.680242, "log_pop_c": 0.464103, "log_mass_c": 0.438146}, {"country_iso": "NZL", "city_id": 13129, "log_pop": 4.037389, "log_mass": 6.508845, "log_pop_c": 0.466566, "log_mass_c": 0.266749}, {"country_iso": "NZL", "city_id": 13129, "log_pop": 4.047932, "log_mass": 6.666239, "log_pop_c": 0.477109, "log_mass_c": 0.424142}, {"country_iso": "NZL", "city_id": 13131, "log_pop": 1.058217, "log_mass": 4.118606, "log_pop_c": -2.062783, "log_mass_c": -1.79001}, {"country_iso": "NZL", "city_id": 13127, "log_pop": 2.519658, "log_mass": 5.126058, "log_pop_c": -0.5897, "log_mass_c": -0.773656}, {"country_iso": "NZL", "city_id": 13129, "log_pop": 2.941671, "log_mass": 5.476827, "log_pop_c": -0.629152, "log_mass_c": -0.76527}, {"country_iso": "NZL", "city_id": 13129, "log_pop": 4.282533, "log_mass": 6.754208, "log_pop_c": 0.71171, "log_mass_c": 0.512111}, {"country_iso": "NZL", "city_id": 13131, "log_pop": 3.098287, "log_mass": 5.844776, "log_pop_c": -0.022714, "log_mass_c": -0.063839}, {"country_iso": "NZL", "city_id": 13129, "log_pop": 3.993347, "log_mass": 6.54638, "log_pop_c": 0.422524, "log_mass_c": 0.304283}, {"country_iso": "NZL", "city_id": 13129, "log_pop": 4.203627, "log_mass": 6.568518, "log_pop_c": 0.632803, "log_mass_c": 0.326422}, {"country_iso": "NZL", "city_id": 13131, "log_pop": 3.646432, "log_mass": 6.104208, "log_pop_c": 0.525432, "log_mass_c": 0.195592}, {"country_iso": "NZL", "city_id": 13127, "log_pop": 3.622195, "log_mass": 6.164123, "log_pop_c": 0.512837, "log_mass_c": 0.26441}, {"country_iso": "NZL", "city_id": 13129, "log_pop": 4.15027, "log_mass": 6.611507, "log_pop_c": 0.579446, "log_mass_c": 0.36941}, {"country_iso": "NZL", "city_id": 13129, "log_pop": 2.546342, "log_mass": 5.949144, "log_pop_c": -1.024482, "log_mass_c": -0.292952}, {"country_iso": "NZL", "city_id": 13127, "log_pop": 3.546472, "log_mass": 6.120468, "log_pop_c": 0.437114, "log_mass_c": 0.220754}, {"country_iso": "NZL", "city_id": 13121, "log_pop": 3.88812, "log_mass": 6.403109, "log_pop_c": 1.128912, "log_mass_c": 0.936775}, {"country_iso": "NZL", "city_id": 13129, "log_pop": 4.102126, "log_mass": 6.628266, "log_pop_c": 0.531302, "log_mass_c": 0.38617}, {"country_iso": "NZL", "city_id": 13129, "log_pop": 4.085989, "log_mass": 6.530823, "log_pop_c": 0.515165, "log_mass_c": 0.288726}, {"country_iso": "NZL", "city_id": 13129, "log_pop": 3.737088, "log_mass": 6.087297, "log_pop_c": 0.166264, "log_mass_c": -0.1548}, {"country_iso": "NZL", "city_id": 13071, "log_pop": 3.926552, "log_mass": 6.624562, "log_pop_c": 0.688348, "log_mass_c": 0.625888}, {"country_iso": "NZL", "city_id": 13131, "log_pop": 2.375858, "log_mass": 4.971227, "log_pop_c": -0.745143, "log_mass_c": -0.937389}, {"country_iso": "NZL", "city_id": 13071, "log_pop": 3.742876, "log_mass": 6.309598, "log_pop_c": 0.504672, "log_mass_c": 0.310924}, {"country_iso": "NZL", "city_id": 13129, "log_pop": 4.265193, "log_mass": 6.755338, "log_pop_c": 0.694369, "log_mass_c": 0.513241}, {"country_iso": "NZL", "city_id": 13127, "log_pop": 0.783859, "log_mass": 5.074716, "log_pop_c": -2.325499, "log_mass_c": -0.824998}, {"country_iso": "NZL", "city_id": 13129, "log_pop": 3.015328, "log_mass": 6.153525, "log_pop_c": -0.555496, "log_mass_c": -0.088572}, {"country_iso": "NZL", "city_id": 13129, "log_pop": 4.075979, "log_mass": 6.552022, "log_pop_c": 0.505155, "log_mass_c": 0.309926}, {"country_iso": "NZL", "city_id": 13071, "log_pop": 3.854848, "log_mass": 6.517022, "log_pop_c": 0.616644, "log_mass_c": 0.518348}, {"country_iso": "NZL", "city_id": 13121, "log_pop": 2.081791, "log_mass": 4.874343, "log_pop_c": -0.677417, "log_mass_c": -0.591991}, {"country_iso": "NZL", "city_id": 13127, "log_pop": 4.07444, "log_mass": 6.595558, "log_pop_c": 0.965082, "log_mass_c": 0.695844}, {"country_iso": "NZL", "city_id": 13129, "log_pop": 4.157664, "log_mass": 6.632542, "log_pop_c": 0.58684, "log_mass_c": 0.390445}, {"country_iso": "NZL", "city_id": 13129, "log_pop": 3.521942, "log_mass": 6.361158, "log_pop_c": -0.048881, "log_mass_c": 0.119061}, {"country_iso": "NZL", "city_id": 13129, "log_pop": 3.938259, "log_mass": 6.318116, "log_pop_c": 0.367435, "log_mass_c": 0.07602}, {"country_iso": "NZL", "city_id": 13071, "log_pop": 3.940587, "log_mass": 6.590677, "log_pop_c": 0.702383, "log_mass_c": 0.592002}, {"country_iso": "NZL", "city_id": 13071, "log_pop": 3.220042, "log_mass": 6.183775, "log_pop_c": -0.018162, "log_mass_c": 0.185101}, {"country_iso": "NZL", "city_id": 13129, "log_pop": 3.643813, "log_mass": 6.720482, "log_pop_c": 0.07299, "log_mass_c": 0.478385}, {"country_iso": "NZL", "city_id": 13121, "log_pop": 1.945454, "log_mass": 4.46971, "log_pop_c": -0.813754, "log_mass_c": -0.996625}, {"country_iso": "NZL", "city_id": 13121, "log_pop": 2.733311, "log_mass": 5.367349, "log_pop_c": -0.025897, "log_mass_c": -0.098986}, {"country_iso": "NZL", "city_id": 13130, "log_pop": 3.988903, "log_mass": 6.615332, "log_pop_c": 0.605418, "log_mass_c": 0.599317}, {"country_iso": "NZL", "city_id": 13071, "log_pop": 0.191459, "log_mass": 3.790401, "log_pop_c": -3.046745, "log_mass_c": -2.208273}, {"country_iso": "NZL", "city_id": 13129, "log_pop": 2.000315, "log_mass": 4.997643, "log_pop_c": -1.570509, "log_mass_c": -1.244454}, {"country_iso": "NZL", "city_id": 13121, "log_pop": 1.345874, "log_mass": 4.600409, "log_pop_c": -1.413334, "log_mass_c": -0.865926}, {"country_iso": "NZL", "city_id": 13127, "log_pop": 3.332034, "log_mass": 5.838494, "log_pop_c": 0.222676, "log_mass_c": -0.06122}, {"country_iso": "NZL", "city_id": 13130, "log_pop": 3.752638, "log_mass": 6.24872, "log_pop_c": 0.369153, "log_mass_c": 0.232705}, {"country_iso": "NZL", "city_id": 13071, "log_pop": 3.917163, "log_mass": 6.547479, "log_pop_c": 0.678959, "log_mass_c": 0.548805}, {"country_iso": "NZL", "city_id": 13129, "log_pop": 3.460076, "log_mass": 5.890459, "log_pop_c": -0.110747, "log_mass_c": -0.351638}, {"country_iso": "NZL", "city_id": 13131, "log_pop": 3.530932, "log_mass": 6.280215, "log_pop_c": 0.409931, "log_mass_c": 0.371599}, {"country_iso": "NZL", "city_id": 13071, "log_pop": 0.415116, "log_mass": 4.028067, "log_pop_c": -2.823088, "log_mass_c": -1.970607}, {"country_iso": "NZL", "city_id": 13130, "log_pop": 4.034691, "log_mass": 6.601566, "log_pop_c": 0.651206, "log_mass_c": 0.585551}, {"country_iso": "NZL", "city_id": 13129, "log_pop": 3.934259, "log_mass": 6.737997, "log_pop_c": 0.363436, "log_mass_c": 0.4959}, {"country_iso": "NZL", "city_id": 13129, "log_pop": 4.187445, "log_mass": 6.618856, "log_pop_c": 0.616621, "log_mass_c": 0.376759}, {"country_iso": "NZL", "city_id": 13129, "log_pop": 3.977548, "log_mass": 6.598812, "log_pop_c": 0.406724, "log_mass_c": 0.356715}, {"country_iso": "NZL", "city_id": 13131, "log_pop": 1.781766, "log_mass": 6.54023, "log_pop_c": -1.339235, "log_mass_c": 0.631614}, {"country_iso": "NZL", "city_id": 13127, "log_pop": 3.139971, "log_mass": 5.799144, "log_pop_c": 0.030613, "log_mass_c": -0.10057}, {"country_iso": "NZL", "city_id": 13131, "log_pop": 3.282223, "log_mass": 5.982406, "log_pop_c": 0.161222, "log_mass_c": 0.073791}, {"country_iso": "NZL", "city_id": 13131, "log_pop": 3.857405, "log_mass": 6.401071, "log_pop_c": 0.736405, "log_mass_c": 0.492455}, {"country_iso": "NZL", "city_id": 13071, "log_pop": 2.633894, "log_mass": 5.195665, "log_pop_c": -0.60431, "log_mass_c": -0.803009}, {"country_iso": "NZL", "city_id": 13131, "log_pop": 3.200745, "log_mass": 5.877213, "log_pop_c": 0.079745, "log_mass_c": -0.031402}, {"country_iso": "NZL", "city_id": 13071, "log_pop": 3.992299, "log_mass": 6.675944, "log_pop_c": 0.754094, "log_mass_c": 0.67727}, {"country_iso": "NZL", "city_id": 13127, "log_pop": 3.961176, "log_mass": 6.501911, "log_pop_c": 0.851818, "log_mass_c": 0.602197}, {"country_iso": "NZL", "city_id": 13130, "log_pop": 2.791593, "log_mass": 5.458163, "log_pop_c": -0.591892, "log_mass_c": -0.557852}, {"country_iso": "NZL", "city_id": 13129, "log_pop": 3.572791, "log_mass": 6.02366, "log_pop_c": 0.001967, "log_mass_c": -0.218436}, {"country_iso": "NZL", "city_id": 13129, "log_pop": 3.037267, "log_mass": 6.186986, "log_pop_c": -0.533556, "log_mass_c": -0.05511}, {"country_iso": "NZL", "city_id": 13130, "log_pop": 2.961433, "log_mass": 5.691973, "log_pop_c": -0.422052, "log_mass_c": -0.324042}, {"country_iso": "NZL", "city_id": 13130, "log_pop": 3.502994, "log_mass": 6.555026, "log_pop_c": 0.11951, "log_mass_c": 0.539011}, {"country_iso": "NZL", "city_id": 13131, "log_pop": 3.573716, "log_mass": 6.130944, "log_pop_c": 0.452715, "log_mass_c": 0.222328}, {"country_iso": "NZL", "city_id": 13127, "log_pop": 2.084597, "log_mass": 5.072958, "log_pop_c": -1.024761, "log_mass_c": -0.826756}, {"country_iso": "NZL", "city_id": 13071, "log_pop": 3.058579, "log_mass": 5.812957, "log_pop_c": -0.179625, "log_mass_c": -0.185717}, {"country_iso": "NZL", "city_id": 13131, "log_pop": 2.840507, "log_mass": 5.447133, "log_pop_c": -0.280493, "log_mass_c": -0.461482}, {"country_iso": "NZL", "city_id": 13131, "log_pop": 3.504054, "log_mass": 6.192109, "log_pop_c": 0.383053, "log_mass_c": 0.283493}, {"country_iso": "NZL", "city_id": 13129, "log_pop": 4.098941, "log_mass": 6.603487, "log_pop_c": 0.528118, "log_mass_c": 0.36139}, {"country_iso": "NZL", "city_id": 13130, "log_pop": 3.126568, "log_mass": 5.820942, "log_pop_c": -0.256917, "log_mass_c": -0.195073}, {"country_iso": "NZL", "city_id": 13129, "log_pop": 3.624982, "log_mass": 6.293791, "log_pop_c": 0.054159, "log_mass_c": 0.051695}, {"country_iso": "NZL", "city_id": 13071, "log_pop": 4.029453, "log_mass": 6.626723, "log_pop_c": 0.791248, "log_mass_c": 0.628049}, {"country_iso": "NZL", "city_id": 13121, "log_pop": 2.767668, "log_mass": 5.25469, "log_pop_c": 0.00846, "log_mass_c": -0.211645}, {"country_iso": "NZL", "city_id": 13129, "log_pop": 3.975789, "log_mass": 6.548405, "log_pop_c": 0.404965, "log_mass_c": 0.306308}, {"country_iso": "NZL", "city_id": 13129, "log_pop": 3.935249, "log_mass": 6.6029, "log_pop_c": 0.364426, "log_mass_c": 0.360804}, {"country_iso": "NZL", "city_id": 13129, "log_pop": 2.09299, "log_mass": 4.945577, "log_pop_c": -1.477833, "log_mass_c": -1.29652}, {"country_iso": "NZL", "city_id": 13129, "log_pop": 2.238102, "log_mass": 4.845307, "log_pop_c": -1.332722, "log_mass_c": -1.396789}, {"country_iso": "NZL", "city_id": 13129, "log_pop": 3.735071, "log_mass": 6.169842, "log_pop_c": 0.164247, "log_mass_c": -0.072255}, {"country_iso": "NZL", "city_id": 13129, "log_pop": 4.012773, "log_mass": 6.514514, "log_pop_c": 0.441949, "log_mass_c": 0.272418}, {"country_iso": "NZL", "city_id": 13129, "log_pop": 4.095296, "log_mass": 6.672798, "log_pop_c": 0.524473, "log_mass_c": 0.430702}, {"country_iso": "NZL", "city_id": 13129, "log_pop": 4.163828, "log_mass": 6.563419, "log_pop_c": 0.593004, "log_mass_c": 0.321322}, {"country_iso": "NZL", "city_id": 13131, "log_pop": 3.486216, "log_mass": 6.448949, "log_pop_c": 0.365215, "log_mass_c": 0.540334}, {"country_iso": "NZL", "city_id": 13130, "log_pop": 4.004817, "log_mass": 6.542078, "log_pop_c": 0.621332, "log_mass_c": 0.526063}, {"country_iso": "NZL", "city_id": 13071, "log_pop": 3.392294, "log_mass": 6.628619, "log_pop_c": 0.15409, "log_mass_c": 0.629945}, {"country_iso": "NZL", "city_id": 13071, "log_pop": 3.335071, "log_mass": 5.930179, "log_pop_c": 0.096867, "log_mass_c": -0.068495}, {"country_iso": "NZL", "city_id": 13129, "log_pop": 3.411499, "log_mass": 5.953803, "log_pop_c": -0.159325, "log_mass_c": -0.288294}, {"country_iso": "NZL", "city_id": 13071, "log_pop": 2.16652, "log_mass": 4.894928, "log_pop_c": -1.071684, "log_mass_c": -1.103746}, {"country_iso": "NZL", "city_id": 13130, "log_pop": 2.814895, "log_mass": 5.504271, "log_pop_c": -0.568589, "log_mass_c": -0.511744}, {"country_iso": "NZL", "city_id": 13131, "log_pop": 3.640579, "log_mass": 6.427428, "log_pop_c": 0.519578, "log_mass_c": 0.518812}, {"country_iso": "NZL", "city_id": 13130, "log_pop": 3.665892, "log_mass": 6.144784, "log_pop_c": 0.282407, "log_mass_c": 0.128769}, {"country_iso": "NZL", "city_id": 13129, "log_pop": 3.931978, "log_mass": 6.489914, "log_pop_c": 0.361155, "log_mass_c": 0.247817}, {"country_iso": "NZL", "city_id": 13121, "log_pop": 1.523478, "log_mass": 5.085735, "log_pop_c": -1.23573, "log_mass_c": -0.380599}, {"country_iso": "NZL", "city_id": 13129, "log_pop": 3.407883, "log_mass": 6.605613, "log_pop_c": -0.162941, "log_mass_c": 0.363517}, {"country_iso": "NZL", "city_id": 13127, "log_pop": 3.880353, "log_mass": 6.604243, "log_pop_c": 0.770995, "log_mass_c": 0.704529}, {"country_iso": "NZL", "city_id": 13129, "log_pop": 1.613518, "log_mass": 5.033264, "log_pop_c": -1.957305, "log_mass_c": -1.208832}]