[{"country_iso": "MMR", "city_id": 10155, "log_pop": 4.317072, "log_mass": 6.115207, "log_pop_c": 1.11556, "log_mass_c": 0.670465}, {"country_iso": "MMR", "city_id": 10155, "log_pop": 4.575401, "log_mass": 6.477773, "log_pop_c": 1.373888, "log_mass_c": 1.033031}, {"country_iso": "MMR", "city_id": 10248, "log_pop": 2.350467, "log_mass": 4.587799, "log_pop_c": -1.561779, "log_mass_c": -1.276583}, {"country_iso": "MMR", "city_id": 10155, "log_pop": 1.910502, "log_mass": 4.370716, "log_pop_c": -1.29101, "log_mass_c": -1.074026}, {"country_iso": "MMR", "city_id": 10155, "log_pop": 2.637514, "log_mass": 4.979634, "log_pop_c": -0.563999, "log_mass_c": -0.465108}, {"country_iso": "MMR", "city_id": 10224, "log_pop": 1.485653, "log_mass": 4.426733, "log_pop_c": -1.424375, "log_mass_c": -0.952895}, {"country_iso": "MMR", "city_id": 10224, "log_pop": 3.460537, "log_mass": 5.965911, "log_pop_c": 0.550509, "log_mass_c": 0.586283}, {"country_iso": "MMR", "city_id": 10248, "log_pop": 3.897922, "log_mass": 5.945036, "log_pop_c": -0.014324, "log_mass_c": 0.080654}, {"country_iso": "MMR", "city_id": 10155, "log_pop": 4.811232, "log_mass": 6.663503, "log_pop_c": 1.60972, "log_mass_c": 1.218761}, {"country_iso": "MMR", "city_id": 10248, "log_pop": 4.661434, "log_mass": 6.473433, "log_pop_c": 0.749188, "log_mass_c": 0.609051}, {"country_iso": "MMR", "city_id": 10147, "log_pop": 4.206091, "log_mass": 6.342777, "log_pop_c": 1.526429, "log_mass_c": 1.107046}, {"country_iso": "MMR", "city_id": 10155, "log_pop": 2.256013, "log_mass": 5.216064, "log_pop_c": -0.9455, "log_mass_c": -0.228678}, {"country_iso": "MMR", "city_id": 10155, "log_pop": 2.100454, "log_mass": 4.48772, "log_pop_c": -1.101058, "log_mass_c": -0.957022}, {"country_iso": "MMR", "city_id": 10248, "log_pop": 3.569934, "log_mass": 5.566133, "log_pop_c": -0.342312, "log_mass_c": -0.298249}, {"country_iso": "MMR", "city_id": 10248, "log_pop": 4.824691, "log_mass": 6.630088, "log_pop_c": 0.912445, "log_mass_c": 0.765706}, {"country_iso": "MMR", "city_id": 10248, "log_pop": 4.917407, "log_mass": 6.570392, "log_pop_c": 1.005161, "log_mass_c": 0.70601}, {"country_iso": "MMR", "city_id": 10155, "log_pop": 3.268479, "log_mass": 5.455804, "log_pop_c": 0.066966, "log_mass_c": 0.011062}, {"country_iso": "MMR", "city_id": 10155, "log_pop": 2.043296, "log_mass": 4.552764, "log_pop_c": -1.158216, "log_mass_c": -0.891978}, {"country_iso": "MMR", "city_id": 10347, "log_pop": 2.522853, "log_mass": 4.881518, "log_pop_c": -0.888431, "log_mass_c": -0.623311}, {"country_iso": "MMR", "city_id": 10248, "log_pop": 3.413967, "log_mass": 5.226494, "log_pop_c": -0.498279, "log_mass_c": -0.637888}, {"country_iso": "MMR", "city_id": 10147, "log_pop": 0.553233, "log_mass": 3.753368, "log_pop_c": -2.126429, "log_mass_c": -1.482362}, {"country_iso": "MMR", "city_id": 10155, "log_pop": 4.528809, "log_mass": 6.451998, "log_pop_c": 1.327296, "log_mass_c": 1.007256}, {"country_iso": "MMR", "city_id": 10248, "log_pop": 5.143743, "log_mass": 6.704906, "log_pop_c": 1.231497, "log_mass_c": 0.840524}, {"country_iso": "MMR", "city_id": 10147, "log_pop": 1.806749, "log_mass": 4.400859, "log_pop_c": -0.872913, "log_mass_c": -0.834872}, {"country_iso": "MMR", "city_id": 10248, "log_pop": 3.086271, "log_mass": 5.221069, "log_pop_c": -0.825975, "log_mass_c": -0.643313}, {"country_iso": "MMR", "city_id": 10248, "log_pop": 4.606153, "log_mass": 6.563052, "log_pop_c": 0.693907, "log_mass_c": 0.69867}, {"country_iso": "MMR", "city_id": 10155, "log_pop": 4.263165, "log_mass": 5.934076, "log_pop_c": 1.061652, "log_mass_c": 0.489334}, {"country_iso": "MMR", "city_id": 10248, "log_pop": 3.170286, "log_mass": 5.612926, "log_pop_c": -0.74196, "log_mass_c": -0.251456}, {"country_iso": "MMR", "city_id": 10248, "log_pop": 4.534707, "log_mass": 6.420739, "log_pop_c": 0.622461, "log_mass_c": 0.556357}, {"country_iso": "MMR", "city_id": 10248, "log_pop": 4.239256, "log_mass": 6.188187, "log_pop_c": 0.32701, "log_mass_c": 0.323805}, {"country_iso": "MMR", "city_id": 10248, "log_pop": 4.808352, "log_mass": 6.492761, "log_pop_c": 0.896106, "log_mass_c": 0.628379}, {"country_iso": "MMR", "city_id": 10155, "log_pop": 4.093187, "log_mass": 6.124417, "log_pop_c": 0.891675, "log_mass_c": 0.679675}, {"country_iso": "MMR", "city_id": 10155, "log_pop": 4.897692, "log_mass": 6.674321, "log_pop_c": 1.69618, "log_mass_c": 1.229578}, {"country_iso": "MMR", "city_id": 10217, "log_pop": 2.267846, "log_mass": 4.662194, "log_pop_c": -0.719269, "log_mass_c": -0.773938}, {"country_iso": "MMR", "city_id": 10155, "log_pop": 3.497973, "log_mass": 5.58431, "log_pop_c": 0.29646, "log_mass_c": 0.139568}, {"country_iso": "MMR", "city_id": 10248, "log_pop": 4.927479, "log_mass": 6.668159, "log_pop_c": 1.015233, "log_mass_c": 0.803777}, {"country_iso": "MMR", "city_id": 10248, "log_pop": 4.525189, "log_mass": 6.326289, "log_pop_c": 0.612943, "log_mass_c": 0.461907}, {"country_iso": "MMR", "city_id": 10224, "log_pop": 3.434847, "log_mass": 5.683452, "log_pop_c": 0.52482, "log_mass_c": 0.303824}, {"country_iso": "MMR", "city_id": 10248, "log_pop": 4.275817, "log_mass": 6.057436, "log_pop_c": 0.363571, "log_mass_c": 0.193054}, {"country_iso": "MMR", "city_id": 10155, "log_pop": 3.33339, "log_mass": 5.473666, "log_pop_c": 0.131878, "log_mass_c": 0.028924}, {"country_iso": "MMR", "city_id": 10248, "log_pop": 2.007947, "log_mass": 4.147979, "log_pop_c": -1.904299, "log_mass_c": -1.716403}, {"country_iso": "MMR", "city_id": 10248, "log_pop": 3.611014, "log_mass": 5.641659, "log_pop_c": -0.301232, "log_mass_c": -0.222723}, {"country_iso": "MMR", "city_id": 10248, "log_pop": 4.442557, "log_mass": 6.175913, "log_pop_c": 0.530311, "log_mass_c": 0.311531}, {"country_iso": "MMR", "city_id": 10155, "log_pop": 4.373318, "log_mass": 6.143448, "log_pop_c": 1.171806, "log_mass_c": 0.698706}, {"country_iso": "MMR", "city_id": 10224, "log_pop": 4.006891, "log_mass": 6.133885, "log_pop_c": 1.096864, "log_mass_c": 0.754257}, {"country_iso": "MMR", "city_id": 10347, "log_pop": 3.907538, "log_mass": 5.94809, "log_pop_c": 0.496254, "log_mass_c": 0.443261}, {"country_iso": "MMR", "city_id": 10248, "log_pop": 4.750157, "log_mass": 6.55974, "log_pop_c": 0.837911, "log_mass_c": 0.695358}, {"country_iso": "MMR", "city_id": 10147, "log_pop": 2.582962, "log_mass": 5.050562, "log_pop_c": -0.0967, "log_mass_c": -0.185169}, {"country_iso": "MMR", "city_id": 10155, "log_pop": 2.984461, "log_mass": 5.19203, "log_pop_c": -0.217051, "log_mass_c": -0.252712}, {"country_iso": "MMR", "city_id": 10248, "log_pop": 4.855515, "log_mass": 6.580463, "log_pop_c": 0.943269, "log_mass_c": 0.716081}, {"country_iso": "MMR", "city_id": 10155, "log_pop": 2.701587, "log_mass": 5.436978, "log_pop_c": -0.499925, "log_mass_c": -0.007765}, {"country_iso": "MMR", "city_id": 10248, "log_pop": 3.705007, "log_mass": 5.660858, "log_pop_c": -0.207239, "log_mass_c": -0.203524}, {"country_iso": "MMR", "city_id": 10248, "log_pop": 4.602539, "log_mass": 6.582225, "log_pop_c": 0.690293, "log_mass_c": 0.717843}, {"country_iso": "MMR", "city_id": 10248, "log_pop": 4.441985, "log_mass": 6.248106, "log_pop_c": 0.529739, "log_mass_c": 0.383724}, {"country_iso": "MMR", "city_id": 10217, "log_pop": 3.97535, "log_mass": 6.357119, "log_pop_c": 0.988235, "log_mass_c": 0.920986}, {"country_iso": "MMR", "city_id": 10248, "log_pop": 5.017817, "log_mass": 6.724829, "log_pop_c": 1.105571, "log_mass_c": 0.860447}, {"country_iso": "MMR", "city_id": 10248, "log_pop": 4.595999, "log_mass": 6.496998, "log_pop_c": 0.683753, "log_mass_c": 0.632616}, {"country_iso": "MMR", "city_id": 10248, "log_pop": 3.028937, "log_mass": 5.164994, "log_pop_c": -0.883309, "log_mass_c": -0.699388}, {"country_iso": "MMR", "city_id": 10155, "log_pop": 3.966001, "log_mass": 6.037446, "log_pop_c": 0.764489, "log_mass_c": 0.592703}, {"country_iso": "MMR", "city_id": 10155, "log_pop": 2.114338, "log_mass": 4.61557, "log_pop_c": -1.087174, "log_mass_c": -0.829172}, {"country_iso": "MMR", "city_id": 10248, "log_pop": 4.092375, "log_mass": 6.105245, "log_pop_c": 0.180129, "log_mass_c": 0.240863}, {"country_iso": "MMR", "city_id": 10248, "log_pop": 3.994757, "log_mass": 5.952049, "log_pop_c": 0.082511, "log_mass_c": 0.087667}, {"country_iso": "MMR", "city_id": 10248, "log_pop": 2.281172, "log_mass": 4.561796, "log_pop_c": -1.631074, "log_mass_c": -1.302586}, {"country_iso": "MMR", "city_id": 10155, "log_pop": 1.247865, "log_mass": 3.990709, "log_pop_c": -1.953648, "log_mass_c": -1.454033}, {"country_iso": "MMR", "city_id": 10347, "log_pop": 3.485938, "log_mass": 5.461689, "log_pop_c": 0.074654, "log_mass_c": -0.04314}, {"country_iso": "MMR", "city_id": 10248, "log_pop": 3.660251, "log_mass": 5.505883, "log_pop_c": -0.251995, "log_mass_c": -0.358499}, {"country_iso": "MMR", "city_id": 10347, "log_pop": 3.32535, "log_mass": 5.529362, "log_pop_c": -0.085934, "log_mass_c": 0.024532}, {"country_iso": "MMR", "city_id": 10248, "log_pop": 3.692133, "log_mass": 5.613139, "log_pop_c": -0.220113, "log_mass_c": -0.251243}, {"country_iso": "MMR", "city_id": 10224, "log_pop": 3.772533, "log_mass": 5.995244, "log_pop_c": 0.862505, "log_mass_c": 0.615616}, {"country_iso": "MMR", "city_id": 10248, "log_pop": 4.332772, "log_mass": 6.210375, "log_pop_c": 0.420526, "log_mass_c": 0.345993}, {"country_iso": "MMR", "city_id": 10248, "log_pop": 3.875605, "log_mass": 5.487769, "log_pop_c": -0.03664, "log_mass_c": -0.376613}, {"country_iso": "MMR", "city_id": 10224, "log_pop": 4.404268, "log_mass": 6.505036, "log_pop_c": 1.49424, "log_mass_c": 1.125408}, {"country_iso": "MMR", "city_id": 10248, "log_pop": 4.626063, "log_mass": 6.399399, "log_pop_c": 0.713817, "log_mass_c": 0.535017}, {"country_iso": "MMR", "city_id": 10155, "log_pop": 4.012802, "log_mass": 5.765155, "log_pop_c": 0.811289, "log_mass_c": 0.320413}, {"country_iso": "MMR", "city_id": 10248, "log_pop": 4.794884, "log_mass": 6.54342, "log_pop_c": 0.882638, "log_mass_c": 0.679039}, {"country_iso": "MMR", "city_id": 10248, "log_pop": 4.760269, "log_mass": 6.558309, "log_pop_c": 0.848023, "log_mass_c": 0.693927}, {"country_iso": "MMR", "city_id": 10248, "log_pop": 3.575123, "log_mass": 5.706706, "log_pop_c": -0.337123, "log_mass_c": -0.157676}, {"country_iso": "MMR", "city_id": 10155, "log_pop": 4.316498, "log_mass": 6.37546, "log_pop_c": 1.114986, "log_mass_c": 0.930718}, {"country_iso": "MMR", "city_id": 10217, "log_pop": 4.047948, "log_mass": 6.372504, "log_pop_c": 1.060833, "log_mass_c": 0.936371}, {"country_iso": "MMR", "city_id": 10248, "log_pop": 2.99044, "log_mass": 5.358047, "log_pop_c": -0.921806, "log_mass_c": -0.506335}, {"country_iso": "MMR", "city_id": 10248, "log_pop": 3.484804, "log_mass": 5.472215, "log_pop_c": -0.427442, "log_mass_c": -0.392167}, {"country_iso": "MMR", "city_id": 10155, "log_pop": 4.013738, "log_mass": 5.990187, "log_pop_c": 0.812226, "log_mass_c": 0.545444}, {"country_iso": "MMR", "city_id": 10347, "log_pop": 4.472411, "log_mass": 6.412118, "log_pop_c": 1.061127, "log_mass_c": 0.907289}, {"country_iso": "MMR", "city_id": 10248, "log_pop": 4.600207, "log_mass": 6.432409, "log_pop_c": 0.687961, "log_mass_c": 0.568027}, {"country_iso": "MMR", "city_id": 10224, "log_pop": 0.564307, "log_mass": 3.46449, "log_pop_c": -2.345721, "log_mass_c": -1.915139}, {"country_iso": "MMR", "city_id": 10248, "log_pop": 4.155138, "log_mass": 6.020093, "log_pop_c": 0.242892, "log_mass_c": 0.155711}, {"country_iso": "MMR", "city_id": 10147, "log_pop": 2.412739, "log_mass": 5.222616, "log_pop_c": -0.266923, "log_mass_c": -0.013114}, {"country_iso": "MMR", "city_id": 10155, "log_pop": 2.758898, "log_mass": 5.48116, "log_pop_c": -0.442615, "log_mass_c": 0.036418}, {"country_iso": "MMR", "city_id": 10147, "log_pop": 2.631127, "log_mass": 4.969595, "log_pop_c": -0.048535, "log_mass_c": -0.266135}, {"country_iso": "MMR", "city_id": 10155, "log_pop": 1.307762, "log_mass": 3.666152, "log_pop_c": -1.89375, "log_mass_c": -1.77859}, {"country_iso": "MMR", "city_id": 10147, "log_pop": 1.360688, "log_mass": 4.284611, "log_pop_c": -1.318974, "log_mass_c": -0.95112}, {"country_iso": "MMR", "city_id": 10248, "log_pop": 3.579192, "log_mass": 5.783996, "log_pop_c": -0.333054, "log_mass_c": -0.080386}, {"country_iso": "MMR", "city_id": 10248, "log_pop": 3.275711, "log_mass": 5.350399, "log_pop_c": -0.636535, "log_mass_c": -0.513983}, {"country_iso": "MMR", "city_id": 10248, "log_pop": 2.372705, "log_mass": 4.228982, "log_pop_c": -1.539541, "log_mass_c": -1.6354}, {"country_iso": "MMR", "city_id": 10217, "log_pop": 3.933667, "log_mass": 6.225126, "log_pop_c": 0.946552, "log_mass_c": 0.788993}, {"country_iso": "MMR", "city_id": 10248, "log_pop": 3.026102, "log_mass": 5.218144, "log_pop_c": -0.886144, "log_mass_c": -0.646238}, {"country_iso": "MMR", "city_id": 10248, "log_pop": 4.534038, "log_mass": 6.390256, "log_pop_c": 0.621792, "log_mass_c": 0.525874}, {"country_iso": "MMR", "city_id": 10224, "log_pop": 3.690329, "log_mass": 5.894242, "log_pop_c": 0.780302, "log_mass_c": 0.514614}, {"country_iso": "MMR", "city_id": 10248, "log_pop": 2.067332, "log_mass": 4.19315, "log_pop_c": -1.844913, "log_mass_c": -1.671232}, {"country_iso": "MMR", "city_id": 10147, "log_pop": 2.871498, "log_mass": 5.286356, "log_pop_c": 0.191836, "log_mass_c": 0.050626}, {"country_iso": "MMR", "city_id": 10224, "log_pop": 4.102383, "log_mass": 6.327403, "log_pop_c": 1.192356, "log_mass_c": 0.947775}, {"country_iso": "MMR", "city_id": 10248, "log_pop": 3.247942, "log_mass": 5.336814, "log_pop_c": -0.664304, "log_mass_c": -0.527568}, {"country_iso": "MMR", "city_id": 10248, "log_pop": 4.935592, "log_mass": 6.620658, "log_pop_c": 1.023346, "log_mass_c": 0.756276}, {"country_iso": "MMR", "city_id": 10248, "log_pop": 3.788476, "log_mass": 5.690724, "log_pop_c": -0.12377, "log_mass_c": -0.173658}, {"country_iso": "MMR", "city_id": 10155, "log_pop": 4.313136, "log_mass": 6.108535, "log_pop_c": 1.111624, "log_mass_c": 0.663792}, {"country_iso": "MMR", "city_id": 10155, "log_pop": 2.714163, "log_mass": 5.074917, "log_pop_c": -0.487349, "log_mass_c": -0.369825}, {"country_iso": "MMR", "city_id": 10248, "log_pop": 4.732824, "log_mass": 6.565109, "log_pop_c": 0.820578, "log_mass_c": 0.700727}, {"country_iso": "MMR", "city_id": 10248, "log_pop": 2.766544, "log_mass": 4.679426, "log_pop_c": -1.145702, "log_mass_c": -1.184956}, {"country_iso": "MMR", "city_id": 10155, "log_pop": 3.787629, "log_mass": 6.260053, "log_pop_c": 0.586116, "log_mass_c": 0.815311}, {"country_iso": "MMR", "city_id": 10155, "log_pop": 3.282292, "log_mass": 5.396927, "log_pop_c": 0.080779, "log_mass_c": -0.047816}, {"country_iso": "MMR", "city_id": 10155, "log_pop": 4.574484, "log_mass": 6.393692, "log_pop_c": 1.372971, "log_mass_c": 0.948949}, {"country_iso": "MMR", "city_id": 10248, "log_pop": 4.839748, "log_mass": 6.61602, "log_pop_c": 0.927502, "log_mass_c": 0.751638}, {"country_iso": "MMR", "city_id": 10147, "log_pop": 4.023281, "log_mass": 6.032272, "log_pop_c": 1.343619, "log_mass_c": 0.796542}, {"country_iso": "MMR", "city_id": 10248, "log_pop": 3.701917, "log_mass": 5.755473, "log_pop_c": -0.210329, "log_mass_c": -0.108909}, {"country_iso": "MMR", "city_id": 10155, "log_pop": 1.960019, "log_mass": 4.637282, "log_pop_c": -1.241493, "log_mass_c": -0.80746}, {"country_iso": "MMR", "city_id": 10248, "log_pop": 1.946228, "log_mass": 4.155607, "log_pop_c": -1.966018, "log_mass_c": -1.708775}, {"country_iso": "MMR", "city_id": 10248, "log_pop": 4.574343, "log_mass": 6.364198, "log_pop_c": 0.662097, "log_mass_c": 0.499816}, {"country_iso": "MMR", "city_id": 10248, "log_pop": 4.045551, "log_mass": 5.912551, "log_pop_c": 0.133305, "log_mass_c": 0.04817}, {"country_iso": "MMR", "city_id": 10248, "log_pop": 4.583228, "log_mass": 6.556327, "log_pop_c": 0.670983, "log_mass_c": 0.691945}, {"country_iso": "MMR", "city_id": 10224, "log_pop": 3.179782, "log_mass": 5.447998, "log_pop_c": 0.269755, "log_mass_c": 0.06837}, {"country_iso": "MMR", "city_id": 10155, "log_pop": 3.265695, "log_mass": 5.385978, "log_pop_c": 0.064182, "log_mass_c": -0.058764}, {"country_iso": "MMR", "city_id": 10248, "log_pop": 4.756917, "log_mass": 6.606514, "log_pop_c": 0.844671, "log_mass_c": 0.742132}, {"country_iso": "MMR", "city_id": 10147, "log_pop": 2.438937, "log_mass": 5.220162, "log_pop_c": -0.240725, "log_mass_c": -0.015569}, {"country_iso": "MMR", "city_id": 10248, "log_pop": 0.021234, "log_mass": 2.879186, "log_pop_c": -3.891012, "log_mass_c": -2.985196}, {"country_iso": "MMR", "city_id": 10217, "log_pop": 1.262536, "log_mass": 3.889068, "log_pop_c": -1.724579, "log_mass_c": -1.547065}, {"country_iso": "MMR", "city_id": 10155, "log_pop": 4.464698, "log_mass": 6.271091, "log_pop_c": 1.263185, "log_mass_c": 0.826348}, {"country_iso": "MMR", "city_id": 10248, "log_pop": 4.899283, "log_mass": 6.676075, "log_pop_c": 0.987037, "log_mass_c": 0.811693}, {"country_iso": "MMR", "city_id": 10155, "log_pop": 2.470246, "log_mass": 4.860676, "log_pop_c": -0.731266, "log_mass_c": -0.584066}, {"country_iso": "MMR", "city_id": 10248, "log_pop": 3.06174, "log_mass": 5.187124, "log_pop_c": -0.850506, "log_mass_c": -0.677258}, {"country_iso": "MMR", "city_id": 10155, "log_pop": 1.111587, "log_mass": 3.948335, "log_pop_c": -2.089926, "log_mass_c": -1.496407}, {"country_iso": "MMR", "city_id": 10155, "log_pop": 3.109578, "log_mass": 5.385854, "log_pop_c": -0.091934, "log_mass_c": -0.058888}, {"country_iso": "MMR", "city_id": 10155, "log_pop": 0.518255, "log_mass": 3.231531, "log_pop_c": -2.683257, "log_mass_c": -2.213211}, {"country_iso": "MMR", "city_id": 10155, "log_pop": 2.608925, "log_mass": 4.613199, "log_pop_c": -0.592588, "log_mass_c": -0.831543}, {"country_iso": "MMR", "city_id": 10155, "log_pop": 4.553524, "log_mass": 6.498354, "log_pop_c": 1.352011, "log_mass_c": 1.053612}, {"country_iso": "MMR", "city_id": 10248, "log_pop": 4.754004, "log_mass": 6.587739, "log_pop_c": 0.841758, "log_mass_c": 0.723357}, {"country_iso": "MMR", "city_id": 10147, "log_pop": 1.864901, "log_mass": 4.655479, "log_pop_c": -0.814761, "log_mass_c": -0.580251}, {"country_iso": "MMR", "city_id": 10248, "log_pop": 4.01109, "log_mass": 6.156373, "log_pop_c": 0.098845, "log_mass_c": 0.291991}, {"country_iso": "MMR", "city_id": 10248, "log_pop": 3.886986, "log_mass": 5.857918, "log_pop_c": -0.02526, "log_mass_c": -0.006464}, {"country_iso": "MMR", "city_id": 10248, "log_pop": 4.015196, "log_mass": 6.040439, "log_pop_c": 0.10295, "log_mass_c": 0.176057}, {"country_iso": "MMR", "city_id": 10347, "log_pop": 3.750364, "log_mass": 5.757468, "log_pop_c": 0.33908, "log_mass_c": 0.252638}, {"country_iso": "MMR", "city_id": 10248, "log_pop": 4.734605, "log_mass": 6.548817, "log_pop_c": 0.822359, "log_mass_c": 0.684435}, {"country_iso": "MMR", "city_id": 10248, "log_pop": 5.120304, "log_mass": 6.786369, "log_pop_c": 1.208058, "log_mass_c": 0.921987}, {"country_iso": "MMR", "city_id": 10155, "log_pop": 2.219351, "log_mass": 4.543849, "log_pop_c": -0.982162, "log_mass_c": -0.900893}, {"country_iso": "MMR", "city_id": 10248, "log_pop": 4.210854, "log_mass": 6.196525, "log_pop_c": 0.298608, "log_mass_c": 0.332143}, {"country_iso": "MMR", "city_id": 10347, "log_pop": 3.668835, "log_mass": 5.657273, "log_pop_c": 0.257551, "log_mass_c": 0.152443}, {"country_iso": "MMR", "city_id": 10248, "log_pop": 2.649479, "log_mass": 4.916341, "log_pop_c": -1.262767, "log_mass_c": -0.948041}, {"country_iso": "MMR", "city_id": 10347, "log_pop": 4.232576, "log_mass": 6.128721, "log_pop_c": 0.821292, "log_mass_c": 0.623892}, {"country_iso": "MMR", "city_id": 10147, "log_pop": 2.256467, "log_mass": 5.280173, "log_pop_c": -0.423195, "log_mass_c": 0.044443}, {"country_iso": "MMR", "city_id": 10248, "log_pop": 4.784869, "log_mass": 6.551504, "log_pop_c": 0.872623, "log_mass_c": 0.687122}, {"country_iso": "MMR", "city_id": 10147, "log_pop": 3.602409, "log_mass": 5.955236, "log_pop_c": 0.922747, "log_mass_c": 0.719505}, {"country_iso": "MMR", "city_id": 10248, "log_pop": 2.008703, "log_mass": 4.531749, "log_pop_c": -1.903543, "log_mass_c": -1.332633}, {"country_iso": "MMR", "city_id": 10155, "log_pop": 4.70733, "log_mass": 6.489752, "log_pop_c": 1.505817, "log_mass_c": 1.04501}, {"country_iso": "MMR", "city_id": 10248, "log_pop": 3.095083, "log_mass": 5.258996, "log_pop_c": -0.817163, "log_mass_c": -0.605386}, {"country_iso": "MMR", "city_id": 10248, "log_pop": 3.231958, "log_mass": 5.344559, "log_pop_c": -0.680288, "log_mass_c": -0.519823}, {"country_iso": "MMR", "city_id": 10248, "log_pop": 4.595346, "log_mass": 6.313746, "log_pop_c": 0.6831, "log_mass_c": 0.449365}, {"country_iso": "MMR", "city_id": 10147, "log_pop": 3.320033, "log_mass": 5.281979, "log_pop_c": 0.640371, "log_mass_c": 0.046249}, {"country_iso": "MMR", "city_id": 10155, "log_pop": 2.248502, "log_mass": 4.781954, "log_pop_c": -0.953011, "log_mass_c": -0.662788}, {"country_iso": "MMR", "city_id": 10147, "log_pop": 2.859925, "log_mass": 5.467182, "log_pop_c": 0.180263, "log_mass_c": 0.231452}, {"country_iso": "MMR", "city_id": 10248, "log_pop": 4.514995, "log_mass": 6.407517, "log_pop_c": 0.602749, "log_mass_c": 0.543135}, {"country_iso": "MMR", "city_id": 10248, "log_pop": 4.16489, "log_mass": 6.008204, "log_pop_c": 0.252645, "log_mass_c": 0.143822}, {"country_iso": "MMR", "city_id": 10147, "log_pop": 2.47633, "log_mass": 5.414488, "log_pop_c": -0.203332, "log_mass_c": 0.178757}, {"country_iso": "MMR", "city_id": 10248, "log_pop": 3.83584, "log_mass": 5.96938, "log_pop_c": -0.076406, "log_mass_c": 0.104998}, {"country_iso": "MMR", "city_id": 10248, "log_pop": 4.038766, "log_mass": 5.933982, "log_pop_c": 0.12652, "log_mass_c": 0.0696}, {"country_iso": "MMR", "city_id": 10155, "log_pop": 4.794962, "log_mass": 6.617517, "log_pop_c": 1.593449, "log_mass_c": 1.172775}, {"country_iso": "MMR", "city_id": 10248, "log_pop": 5.010721, "log_mass": 6.577942, "log_pop_c": 1.098475, "log_mass_c": 0.71356}, {"country_iso": "MMR", "city_id": 10217, "log_pop": 3.745269, "log_mass": 5.936611, "log_pop_c": 0.758154, "log_mass_c": 0.500479}, {"country_iso": "MMR", "city_id": 10248, "log_pop": 1.236011, "log_mass": 3.776152, "log_pop_c": -2.676235, "log_mass_c": -2.08823}, {"country_iso": "MMR", "city_id": 10155, "log_pop": 0.797218, "log_mass": 4.39968, "log_pop_c": -2.404295, "log_mass_c": -1.045062}, {"country_iso": "MMR", "city_id": 10248, "log_pop": 2.830278, "log_mass": 4.972546, "log_pop_c": -1.081968, "log_mass_c": -0.891836}, {"country_iso": "MMR", "city_id": 10155, "log_pop": 3.601142, "log_mass": 5.659047, "log_pop_c": 0.399629, "log_mass_c": 0.214304}, {"country_iso": "MMR", "city_id": 10217, "log_pop": 2.188164, "log_mass": 4.808903, "log_pop_c": -0.798951, "log_mass_c": -0.62723}, {"country_iso": "MMR", "city_id": 10248, "log_pop": 4.549154, "log_mass": 6.416686, "log_pop_c": 0.636908, "log_mass_c": 0.552304}, {"country_iso": "MMR", "city_id": 10248, "log_pop": 4.493104, "log_mass": 6.235944, "log_pop_c": 0.580858, "log_mass_c": 0.371562}, {"country_iso": "MMR", "city_id": 10147, "log_pop": 2.502306, "log_mass": 4.740439, "log_pop_c": -0.177356, "log_mass_c": -0.495291}, {"country_iso": "MMR", "city_id": 10155, "log_pop": 4.219563, "log_mass": 6.512823, "log_pop_c": 1.018051, "log_mass_c": 1.068081}, {"country_iso": "MMR", "city_id": 10248, "log_pop": 1.756034, "log_mass": 4.243304, "log_pop_c": -2.156212, "log_mass_c": -1.621078}, {"country_iso": "MMR", "city_id": 10248, "log_pop": 4.31115, "log_mass": 6.106337, "log_pop_c": 0.398904, "log_mass_c": 0.241955}, {"country_iso": "MMR", "city_id": 10248, "log_pop": 3.297241, "log_mass": 5.485925, "log_pop_c": -0.615005, "log_mass_c": -0.378457}, {"country_iso": "MMR", "city_id": 10248, "log_pop": 4.499579, "log_mass": 6.380283, "log_pop_c": 0.587333, "log_mass_c": 0.515901}, {"country_iso": "MMR", "city_id": 10155, "log_pop": 3.269913, "log_mass": 5.545394, "log_pop_c": 0.068401, "log_mass_c": 0.100651}, {"country_iso": "MMR", "city_id": 10155, "log_pop": 2.269555, "log_mass": 4.684248, "log_pop_c": -0.931958, "log_mass_c": -0.760494}, {"country_iso": "MMR", "city_id": 10248, "log_pop": 3.351306, "log_mass": 5.212008, "log_pop_c": -0.56094, "log_mass_c": -0.652374}, {"country_iso": "MMR", "city_id": 10155, "log_pop": 4.608983, "log_mass": 6.474946, "log_pop_c": 1.40747, "log_mass_c": 1.030204}, {"country_iso": "MMR", "city_id": 10155, "log_pop": 1.748681, "log_mass": 5.176021, "log_pop_c": -1.452831, "log_mass_c": -0.268721}, {"country_iso": "MMR", "city_id": 10217, "log_pop": 2.917453, "log_mass": 5.201111, "log_pop_c": -0.069662, "log_mass_c": -0.235022}, {"country_iso": "MMR", "city_id": 10155, "log_pop": 2.566409, "log_mass": 4.850297, "log_pop_c": -0.635104, "log_mass_c": -0.594445}, {"country_iso": "MMR", "city_id": 10248, "log_pop": 3.674801, "log_mass": 5.739346, "log_pop_c": -0.237445, "log_mass_c": -0.125036}, {"country_iso": "MMR", "city_id": 10155, "log_pop": 3.774282, "log_mass": 5.734915, "log_pop_c": 0.57277, "log_mass_c": 0.290173}, {"country_iso": "MMR", "city_id": 10248, "log_pop": 4.677312, "log_mass": 6.400422, "log_pop_c": 0.765066, "log_mass_c": 0.536041}, {"country_iso": "MMR", "city_id": 10347, "log_pop": 1.033848, "log_mass": 3.486928, "log_pop_c": -2.377436, "log_mass_c": -2.017901}, {"country_iso": "MMR", "city_id": 10155, "log_pop": 2.105144, "log_mass": 4.670934, "log_pop_c": -1.096368, "log_mass_c": -0.773808}, {"country_iso": "MMR", "city_id": 10248, "log_pop": 4.30877, "log_mass": 6.174128, "log_pop_c": 0.396524, "log_mass_c": 0.309746}, {"country_iso": "MMR", "city_id": 10224, "log_pop": 1.931051, "log_mass": 4.635393, "log_pop_c": -0.978977, "log_mass_c": -0.744235}, {"country_iso": "MMR", "city_id": 10155, "log_pop": 1.588423, "log_mass": 4.276454, "log_pop_c": -1.61309, "log_mass_c": -1.168288}, {"country_iso": "MMR", "city_id": 10347, "log_pop": 3.3386, "log_mass": 5.491248, "log_pop_c": -0.072683, "log_mass_c": -0.013582}, {"country_iso": "MMR", "city_id": 10217, "log_pop": 3.820041, "log_mass": 6.206325, "log_pop_c": 0.832926, "log_mass_c": 0.770192}, {"country_iso": "MMR", "city_id": 10248, "log_pop": 4.825785, "log_mass": 6.579478, "log_pop_c": 0.913539, "log_mass_c": 0.715096}, {"country_iso": "MMR", "city_id": 10217, "log_pop": 0.813846, "log_mass": 3.454221, "log_pop_c": -2.173269, "log_mass_c": -1.981912}, {"country_iso": "MMR", "city_id": 10224, "log_pop": 2.255045, "log_mass": 4.899699, "log_pop_c": -0.654982, "log_mass_c": -0.479929}, {"country_iso": "MMR", "city_id": 10248, "log_pop": 4.708061, "log_mass": 6.469003, "log_pop_c": 0.795816, "log_mass_c": 0.604621}, {"country_iso": "MMR", "city_id": 10224, "log_pop": 1.108751, "log_mass": 3.845867, "log_pop_c": -1.801277, "log_mass_c": -1.533761}, {"country_iso": "MMR", "city_id": 10224, "log_pop": 2.793476, "log_mass": 5.359322, "log_pop_c": -0.116551, "log_mass_c": -0.020306}, {"country_iso": "MMR", "city_id": 10155, "log_pop": 3.144148, "log_mass": 5.357179, "log_pop_c": -0.057364, "log_mass_c": -0.087563}, {"country_iso": "MMR", "city_id": 10155, "log_pop": 3.012837, "log_mass": 5.167093, "log_pop_c": -0.188676, "log_mass_c": -0.277649}, {"country_iso": "MMR", "city_id": 10248, "log_pop": 3.711231, "log_mass": 5.56748, "log_pop_c": -0.201015, "log_mass_c": -0.296902}, {"country_iso": "MMR", "city_id": 10217, "log_pop": 3.175392, "log_mass": 5.831218, "log_pop_c": 0.188277, "log_mass_c": 0.395085}, {"country_iso": "MMR", "city_id": 10147, "log_pop": 3.017964, "log_mass": 5.793975, "log_pop_c": 0.338302, "log_mass_c": 0.558245}, {"country_iso": "MMR", "city_id": 10248, "log_pop": 4.938469, "log_mass": 6.657478, "log_pop_c": 1.026223, "log_mass_c": 0.793096}, {"country_iso": "MMR", "city_id": 10155, "log_pop": 4.918839, "log_mass": 6.667082, "log_pop_c": 1.717326, "log_mass_c": 1.22234}, {"country_iso": "MMR", "city_id": 10217, "log_pop": 3.964672, "log_mass": 6.183755, "log_pop_c": 0.977557, "log_mass_c": 0.747622}, {"country_iso": "MMR", "city_id": 10224, "log_pop": 2.987749, "log_mass": 5.486224, "log_pop_c": 0.077722, "log_mass_c": 0.106596}, {"country_iso": "MMR", "city_id": 10248, "log_pop": 4.591658, "log_mass": 6.535596, "log_pop_c": 0.679412, "log_mass_c": 0.671214}, {"country_iso": "MMR", "city_id": 10155, "log_pop": 3.202436, "log_mass": 5.826373, "log_pop_c": 0.000923, "log_mass_c": 0.38163}, {"country_iso": "MMR", "city_id": 10224, "log_pop": 2.693579, "log_mass": 5.279222, "log_pop_c": -0.216449, "log_mass_c": -0.100406}, {"country_iso": "MMR", "city_id": 10224, "log_pop": 2.488236, "log_mass": 5.259314, "log_pop_c": -0.421791, "log_mass_c": -0.120314}, {"country_iso": "MMR", "city_id": 10248, "log_pop": 3.98422, "log_mass": 5.607729, "log_pop_c": 0.071974, "log_mass_c": -0.256653}, {"country_iso": "MMR", "city_id": 10147, "log_pop": 4.125938, "log_mass": 6.326747, "log_pop_c": 1.446275, "log_mass_c": 1.091017}, {"country_iso": "MMR", "city_id": 10248, "log_pop": 4.30513, "log_mass": 6.289134, "log_pop_c": 0.392884, "log_mass_c": 0.424752}, {"country_iso": "MMR", "city_id": 10155, "log_pop": 1.871072, "log_mass": 4.469569, "log_pop_c": -1.33044, "log_mass_c": -0.975173}, {"country_iso": "MMR", "city_id": 10155, "log_pop": 4.21134, "log_mass": 6.201205, "log_pop_c": 1.009827, "log_mass_c": 0.756463}, {"country_iso": "MMR", "city_id": 10217, "log_pop": 2.720311, "log_mass": 5.541572, "log_pop_c": -0.266804, "log_mass_c": 0.105439}, {"country_iso": "MMR", "city_id": 10248, "log_pop": 3.401006, "log_mass": 5.459267, "log_pop_c": -0.51124, "log_mass_c": -0.405115}, {"country_iso": "MMR", "city_id": 10248, "log_pop": 4.992891, "log_mass": 6.660309, "log_pop_c": 1.080646, "log_mass_c": 0.795927}, {"country_iso": "MMR", "city_id": 10248, "log_pop": 3.380103, "log_mass": 5.339402, "log_pop_c": -0.532143, "log_mass_c": -0.52498}, {"country_iso": "MMR", "city_id": 10248, "log_pop": 0.849639, "log_mass": 3.990482, "log_pop_c": -3.062607, "log_mass_c": -1.8739}, {"country_iso": "MMR", "city_id": 10248, "log_pop": 3.835446, "log_mass": 5.971262, "log_pop_c": -0.0768, "log_mass_c": 0.10688}, {"country_iso": "MMR", "city_id": 10248, "log_pop": 4.750236, "log_mass": 6.539355, "log_pop_c": 0.83799, "log_mass_c": 0.674973}, {"country_iso": "MMR", "city_id": 10248, "log_pop": 4.777596, "log_mass": 6.709058, "log_pop_c": 0.86535, "log_mass_c": 0.844676}, {"country_iso": "MMR", "city_id": 10224, "log_pop": 3.632464, "log_mass": 5.947371, "log_pop_c": 0.722437, "log_mass_c": 0.567743}, {"country_iso": "MMR", "city_id": 10248, "log_pop": 4.115769, "log_mass": 6.142231, "log_pop_c": 0.203523, "log_mass_c": 0.277849}, {"country_iso": "MMR", "city_id": 10155, "log_pop": 2.201555, "log_mass": 4.536713, "log_pop_c": -0.999957, "log_mass_c": -0.908029}, {"country_iso": "MMR", "city_id": 10155, "log_pop": 3.112937, "log_mass": 5.4887, "log_pop_c": -0.088575, "log_mass_c": 0.043958}, {"country_iso": "MMR", "city_id": 10248, "log_pop": 3.337297, "log_mass": 5.34997, "log_pop_c": -0.574949, "log_mass_c": -0.514412}, {"country_iso": "MMR", "city_id": 10155, "log_pop": 3.560928, "log_mass": 5.695018, "log_pop_c": 0.359416, "log_mass_c": 0.250276}, {"country_iso": "MMR", "city_id": 10155, "log_pop": 5.041978, "log_mass": 6.783387, "log_pop_c": 1.840466, "log_mass_c": 1.338644}, {"country_iso": "MMR", "city_id": 10224, "log_pop": 3.298639, "log_mass": 5.656127, "log_pop_c": 0.388612, "log_mass_c": 0.276499}, {"country_iso": "MMR", "city_id": 10347, "log_pop": 3.78581, "log_mass": 5.798708, "log_pop_c": 0.374526, "log_mass_c": 0.293879}, {"country_iso": "MMR", "city_id": 10248, "log_pop": 5.245912, "log_mass": 6.907846, "log_pop_c": 1.333666, "log_mass_c": 1.043464}, {"country_iso": "MMR", "city_id": 10155, "log_pop": 3.436613, "log_mass": 5.420142, "log_pop_c": 0.235101, "log_mass_c": -0.0246}, {"country_iso": "MMR", "city_id": 10248, "log_pop": 4.479216, "log_mass": 6.24628, "log_pop_c": 0.56697, "log_mass_c": 0.381898}, {"country_iso": "MMR", "city_id": 10248, "log_pop": 2.818334, "log_mass": 4.837405, "log_pop_c": -1.093911, "log_mass_c": -1.026977}, {"country_iso": "MMR", "city_id": 10248, "log_pop": 3.614422, "log_mass": 5.617351, "log_pop_c": -0.297824, "log_mass_c": -0.247031}]