[{"country_iso": "PAN", "city_id": 458, "log_pop": 4.640911, "log_mass": 6.548188, "log_pop_c": 1.093911, "log_mass_c": 0.726349}, {"country_iso": "PAN", "city_id": 452, "log_pop": 4.214999, "log_mass": 6.407655, "log_pop_c": 1.129089, "log_mass_c": 0.989246}, {"country_iso": "PAN", "city_id": 454, "log_pop": 1.80423, "log_mass": 4.502709, "log_pop_c": -1.167669, "log_mass_c": -0.862334}, {"country_iso": "PAN", "city_id": 454, "log_pop": 3.232593, "log_mass": 5.36985, "log_pop_c": 0.260694, "log_mass_c": 0.004806}, {"country_iso": "PAN", "city_id": 451, "log_pop": 2.773873, "log_mass": 4.580106, "log_pop_c": -0.261307, "log_mass_c": -0.773697}, {"country_iso": "PAN", "city_id": 460, "log_pop": 0.900535, "log_mass": 3.732084, "log_pop_c": -2.090234, "log_mass_c": -1.67856}, {"country_iso": "PAN", "city_id": 451, "log_pop": 2.454794, "log_mass": 4.55906, "log_pop_c": -0.580386, "log_mass_c": -0.794743}, {"country_iso": "PAN", "city_id": 458, "log_pop": 3.340838, "log_mass": 5.571729, "log_pop_c": -0.206162, "log_mass_c": -0.25011}, {"country_iso": "PAN", "city_id": 454, "log_pop": 3.573303, "log_mass": 5.820265, "log_pop_c": 0.601404, "log_mass_c": 0.455222}, {"country_iso": "PAN", "city_id": 458, "log_pop": 4.661839, "log_mass": 6.606796, "log_pop_c": 1.114839, "log_mass_c": 0.784958}, {"country_iso": "PAN", "city_id": 460, "log_pop": 3.904633, "log_mass": 6.02459, "log_pop_c": 0.913864, "log_mass_c": 0.613946}, {"country_iso": "PAN", "city_id": 452, "log_pop": 3.715029, "log_mass": 6.021064, "log_pop_c": 0.629118, "log_mass_c": 0.602655}, {"country_iso": "PAN", "city_id": 458, "log_pop": 4.245695, "log_mass": 6.325782, "log_pop_c": 0.698695, "log_mass_c": 0.503943}, {"country_iso": "PAN", "city_id": 460, "log_pop": 2.518689, "log_mass": 4.981484, "log_pop_c": -0.47208, "log_mass_c": -0.42916}, {"country_iso": "PAN", "city_id": 452, "log_pop": 3.569601, "log_mass": 5.572101, "log_pop_c": 0.48369, "log_mass_c": 0.153692}, {"country_iso": "PAN", "city_id": 458, "log_pop": 3.983708, "log_mass": 6.244869, "log_pop_c": 0.436707, "log_mass_c": 0.423031}, {"country_iso": "PAN", "city_id": 458, "log_pop": 4.526873, "log_mass": 5.916752, "log_pop_c": 0.979873, "log_mass_c": 0.094913}, {"country_iso": "PAN", "city_id": 454, "log_pop": 2.705566, "log_mass": 5.301457, "log_pop_c": -0.266334, "log_mass_c": -0.063586}, {"country_iso": "PAN", "city_id": 454, "log_pop": 3.249374, "log_mass": 5.710845, "log_pop_c": 0.277475, "log_mass_c": 0.345801}, {"country_iso": "PAN", "city_id": 451, "log_pop": 2.839486, "log_mass": 5.34332, "log_pop_c": -0.195694, "log_mass_c": -0.010483}, {"country_iso": "PAN", "city_id": 454, "log_pop": 3.531944, "log_mass": 5.895419, "log_pop_c": 0.560045, "log_mass_c": 0.530376}, {"country_iso": "PAN", "city_id": 458, "log_pop": 4.403635, "log_mass": 6.759993, "log_pop_c": 0.856635, "log_mass_c": 0.938154}, {"country_iso": "PAN", "city_id": 454, "log_pop": 4.096832, "log_mass": 6.160252, "log_pop_c": 1.124933, "log_mass_c": 0.795209}, {"country_iso": "PAN", "city_id": 458, "log_pop": 4.141396, "log_mass": 6.332912, "log_pop_c": 0.594396, "log_mass_c": 0.511073}, {"country_iso": "PAN", "city_id": 452, "log_pop": 3.40722, "log_mass": 5.614739, "log_pop_c": 0.321309, "log_mass_c": 0.19633}, {"country_iso": "PAN", "city_id": 458, "log_pop": 3.072062, "log_mass": 5.531231, "log_pop_c": -0.474938, "log_mass_c": -0.290608}, {"country_iso": "PAN", "city_id": 458, "log_pop": 4.472978, "log_mass": 6.560341, "log_pop_c": 0.925978, "log_mass_c": 0.738502}, {"country_iso": "PAN", "city_id": 451, "log_pop": 2.101698, "log_mass": 4.54565, "log_pop_c": -0.933481, "log_mass_c": -0.808153}, {"country_iso": "PAN", "city_id": 458, "log_pop": 0.623616, "log_mass": 3.612163, "log_pop_c": -2.923384, "log_mass_c": -2.209676}, {"country_iso": "PAN", "city_id": 460, "log_pop": 4.093443, "log_mass": 6.335991, "log_pop_c": 1.102674, "log_mass_c": 0.925347}, {"country_iso": "PAN", "city_id": 460, "log_pop": 3.531695, "log_mass": 5.856843, "log_pop_c": 0.540926, "log_mass_c": 0.446199}, {"country_iso": "PAN", "city_id": 460, "log_pop": 2.943918, "log_mass": 5.277613, "log_pop_c": -0.046851, "log_mass_c": -0.133031}, {"country_iso": "PAN", "city_id": 458, "log_pop": 2.531061, "log_mass": 5.36057, "log_pop_c": -1.01594, "log_mass_c": -0.461269}, {"country_iso": "PAN", "city_id": 458, "log_pop": 3.644808, "log_mass": 6.068491, "log_pop_c": 0.097808, "log_mass_c": 0.246653}, {"country_iso": "PAN", "city_id": 458, "log_pop": 3.458899, "log_mass": 5.752155, "log_pop_c": -0.088101, "log_mass_c": -0.069683}, {"country_iso": "PAN", "city_id": 454, "log_pop": 2.514979, "log_mass": 4.775622, "log_pop_c": -0.45692, "log_mass_c": -0.589421}, {"country_iso": "PAN", "city_id": 451, "log_pop": 3.641547, "log_mass": 6.123434, "log_pop_c": 0.606367, "log_mass_c": 0.76963}, {"country_iso": "PAN", "city_id": 451, "log_pop": 4.072259, "log_mass": 6.381182, "log_pop_c": 1.037079, "log_mass_c": 1.027379}, {"country_iso": "PAN", "city_id": 458, "log_pop": 4.016629, "log_mass": 6.26529, "log_pop_c": 0.469628, "log_mass_c": 0.443452}, {"country_iso": "PAN", "city_id": 458, "log_pop": 3.221491, "log_mass": 5.22527, "log_pop_c": -0.325509, "log_mass_c": -0.596569}, {"country_iso": "PAN", "city_id": 458, "log_pop": 4.323023, "log_mass": 6.460907, "log_pop_c": 0.776023, "log_mass_c": 0.639068}, {"country_iso": "PAN", "city_id": 458, "log_pop": 2.179236, "log_mass": 4.419979, "log_pop_c": -1.367764, "log_mass_c": -1.401859}, {"country_iso": "PAN", "city_id": 454, "log_pop": 4.104732, "log_mass": 6.002209, "log_pop_c": 1.132833, "log_mass_c": 0.637166}, {"country_iso": "PAN", "city_id": 458, "log_pop": 3.431347, "log_mass": 5.617908, "log_pop_c": -0.115653, "log_mass_c": -0.203931}, {"country_iso": "PAN", "city_id": 452, "log_pop": 3.400245, "log_mass": 5.76788, "log_pop_c": 0.314335, "log_mass_c": 0.349471}, {"country_iso": "PAN", "city_id": 458, "log_pop": 3.990976, "log_mass": 6.29751, "log_pop_c": 0.443976, "log_mass_c": 0.475671}, {"country_iso": "PAN", "city_id": 452, "log_pop": 0.903448, "log_mass": 3.687587, "log_pop_c": -2.182462, "log_mass_c": -1.730821}, {"country_iso": "PAN", "city_id": 460, "log_pop": 3.271729, "log_mass": 5.797559, "log_pop_c": 0.28096, "log_mass_c": 0.386915}, {"country_iso": "PAN", "city_id": 452, "log_pop": 3.98528, "log_mass": 6.21608, "log_pop_c": 0.89937, "log_mass_c": 0.797671}, {"country_iso": "PAN", "city_id": 458, "log_pop": 3.465384, "log_mass": 5.995082, "log_pop_c": -0.081617, "log_mass_c": 0.173244}, {"country_iso": "PAN", "city_id": 454, "log_pop": 2.270727, "log_mass": 4.804743, "log_pop_c": -0.701172, "log_mass_c": -0.5603}, {"country_iso": "PAN", "city_id": 452, "log_pop": 3.247852, "log_mass": 5.584729, "log_pop_c": 0.161942, "log_mass_c": 0.166321}, {"country_iso": "PAN", "city_id": 454, "log_pop": 2.803992, "log_mass": 5.327089, "log_pop_c": -0.167908, "log_mass_c": -0.037955}, {"country_iso": "PAN", "city_id": 460, "log_pop": 3.693285, "log_mass": 5.841662, "log_pop_c": 0.702516, "log_mass_c": 0.431018}, {"country_iso": "PAN", "city_id": 452, "log_pop": 2.264637, "log_mass": 4.798199, "log_pop_c": -0.821274, "log_mass_c": -0.62021}, {"country_iso": "PAN", "city_id": 458, "log_pop": 3.150798, "log_mass": 5.094114, "log_pop_c": -0.396202, "log_mass_c": -0.727725}, {"country_iso": "PAN", "city_id": 451, "log_pop": 2.416635, "log_mass": 4.815694, "log_pop_c": -0.618544, "log_mass_c": -0.538109}, {"country_iso": "PAN", "city_id": 458, "log_pop": 4.623479, "log_mass": 6.614402, "log_pop_c": 1.076479, "log_mass_c": 0.792564}, {"country_iso": "PAN", "city_id": 458, "log_pop": 3.920125, "log_mass": 6.04419, "log_pop_c": 0.373124, "log_mass_c": 0.222352}, {"country_iso": "PAN", "city_id": 458, "log_pop": 3.467028, "log_mass": 5.803343, "log_pop_c": -0.079972, "log_mass_c": -0.018496}, {"country_iso": "PAN", "city_id": 452, "log_pop": 2.806134, "log_mass": 5.383665, "log_pop_c": -0.279777, "log_mass_c": -0.034744}, {"country_iso": "PAN", "city_id": 460, "log_pop": 3.985191, "log_mass": 6.208936, "log_pop_c": 0.994422, "log_mass_c": 0.798292}, {"country_iso": "PAN", "city_id": 454, "log_pop": 2.360763, "log_mass": 4.896063, "log_pop_c": -0.611136, "log_mass_c": -0.46898}, {"country_iso": "PAN", "city_id": 458, "log_pop": 3.190882, "log_mass": 5.757675, "log_pop_c": -0.356118, "log_mass_c": -0.064164}, {"country_iso": "PAN", "city_id": 454, "log_pop": 2.772692, "log_mass": 5.178939, "log_pop_c": -0.199207, "log_mass_c": -0.186104}, {"country_iso": "PAN", "city_id": 454, "log_pop": 3.714275, "log_mass": 6.051172, "log_pop_c": 0.742376, "log_mass_c": 0.686129}, {"country_iso": "PAN", "city_id": 458, "log_pop": 3.424856, "log_mass": 5.364796, "log_pop_c": -0.122144, "log_mass_c": -0.457043}, {"country_iso": "PAN", "city_id": 454, "log_pop": 2.295372, "log_mass": 5.0441, "log_pop_c": -0.676527, "log_mass_c": -0.320943}, {"country_iso": "PAN", "city_id": 454, "log_pop": 1.409729, "log_mass": 4.063829, "log_pop_c": -1.56217, "log_mass_c": -1.301214}, {"country_iso": "PAN", "city_id": 451, "log_pop": 3.005409, "log_mass": 5.111998, "log_pop_c": -0.029771, "log_mass_c": -0.241805}, {"country_iso": "PAN", "city_id": 451, "log_pop": 2.032689, "log_mass": 4.573955, "log_pop_c": -1.00249, "log_mass_c": -0.779848}, {"country_iso": "PAN", "city_id": 460, "log_pop": 2.576003, "log_mass": 4.915904, "log_pop_c": -0.414766, "log_mass_c": -0.49474}, {"country_iso": "PAN", "city_id": 458, "log_pop": 4.306855, "log_mass": 6.580156, "log_pop_c": 0.759855, "log_mass_c": 0.758317}, {"country_iso": "PAN", "city_id": 458, "log_pop": 2.861749, "log_mass": 5.562731, "log_pop_c": -0.685251, "log_mass_c": -0.259107}, {"country_iso": "PAN", "city_id": 451, "log_pop": 3.518818, "log_mass": 5.599928, "log_pop_c": 0.483639, "log_mass_c": 0.246125}, {"country_iso": "PAN", "city_id": 458, "log_pop": 2.855422, "log_mass": 5.715997, "log_pop_c": -0.691578, "log_mass_c": -0.105841}, {"country_iso": "PAN", "city_id": 454, "log_pop": 4.037071, "log_mass": 6.270943, "log_pop_c": 1.065172, "log_mass_c": 0.905899}, {"country_iso": "PAN", "city_id": 454, "log_pop": 1.653134, "log_mass": 4.245583, "log_pop_c": -1.318766, "log_mass_c": -1.11946}, {"country_iso": "PAN", "city_id": 460, "log_pop": 2.528557, "log_mass": 5.099566, "log_pop_c": -0.462212, "log_mass_c": -0.311078}, {"country_iso": "PAN", "city_id": 451, "log_pop": 3.936193, "log_mass": 6.258593, "log_pop_c": 0.901013, "log_mass_c": 0.904789}, {"country_iso": "PAN", "city_id": 454, "log_pop": 3.299768, "log_mass": 5.448486, "log_pop_c": 0.327869, "log_mass_c": 0.083443}, {"country_iso": "PAN", "city_id": 458, "log_pop": 4.34452, "log_mass": 6.4837, "log_pop_c": 0.79752, "log_mass_c": 0.661861}, {"country_iso": "PAN", "city_id": 451, "log_pop": 4.168216, "log_mass": 6.211255, "log_pop_c": 1.133037, "log_mass_c": 0.857452}, {"country_iso": "PAN", "city_id": 458, "log_pop": 3.837731, "log_mass": 5.991302, "log_pop_c": 0.290731, "log_mass_c": 0.169464}, {"country_iso": "PAN", "city_id": 458, "log_pop": 3.299171, "log_mass": 5.704304, "log_pop_c": -0.24783, "log_mass_c": -0.117534}, {"country_iso": "PAN", "city_id": 458, "log_pop": 4.129284, "log_mass": 6.387038, "log_pop_c": 0.582283, "log_mass_c": 0.5652}, {"country_iso": "PAN", "city_id": 458, "log_pop": 4.063238, "log_mass": 6.122693, "log_pop_c": 0.516238, "log_mass_c": 0.300854}, {"country_iso": "PAN", "city_id": 458, "log_pop": 3.215913, "log_mass": 5.402858, "log_pop_c": -0.331087, "log_mass_c": -0.418981}, {"country_iso": "PAN", "city_id": 458, "log_pop": 4.097766, "log_mass": 6.183887, "log_pop_c": 0.550766, "log_mass_c": 0.362049}, {"country_iso": "PAN", "city_id": 458, "log_pop": 2.173929, "log_mass": 4.508181, "log_pop_c": -1.373072, "log_mass_c": -1.313657}, {"country_iso": "PAN", "city_id": 451, "log_pop": 2.238127, "log_mass": 4.697356, "log_pop_c": -0.797053, "log_mass_c": -0.656448}, {"country_iso": "PAN", "city_id": 460, "log_pop": 3.854345, "log_mass": 6.106487, "log_pop_c": 0.863576, "log_mass_c": 0.695843}, {"country_iso": "PAN", "city_id": 458, "log_pop": 2.021253, "log_mass": 4.638234, "log_pop_c": -1.525747, "log_mass_c": -1.183605}, {"country_iso": "PAN", "city_id": 458, "log_pop": 4.202963, "log_mass": 6.437862, "log_pop_c": 0.655963, "log_mass_c": 0.616024}, {"country_iso": "PAN", "city_id": 454, "log_pop": 2.710882, "log_mass": 5.173022, "log_pop_c": -0.261017, "log_mass_c": -0.192021}, {"country_iso": "PAN", "city_id": 458, "log_pop": 2.817444, "log_mass": 5.216538, "log_pop_c": -0.729556, "log_mass_c": -0.605301}, {"country_iso": "PAN", "city_id": 458, "log_pop": 4.433231, "log_mass": 6.579252, "log_pop_c": 0.886231, "log_mass_c": 0.757414}, {"country_iso": "PAN", "city_id": 458, "log_pop": 2.598436, "log_mass": 5.245634, "log_pop_c": -0.948565, "log_mass_c": -0.576204}, {"country_iso": "PAN", "city_id": 458, "log_pop": 4.354124, "log_mass": 6.53556, "log_pop_c": 0.807124, "log_mass_c": 0.713721}, {"country_iso": "PAN", "city_id": 460, "log_pop": 3.453205, "log_mass": 5.727205, "log_pop_c": 0.462436, "log_mass_c": 0.316562}, {"country_iso": "PAN", "city_id": 458, "log_pop": 1.91579, "log_mass": 4.809644, "log_pop_c": -1.631211, "log_mass_c": -1.012195}, {"country_iso": "PAN", "city_id": 460, "log_pop": 2.752864, "log_mass": 5.114336, "log_pop_c": -0.237905, "log_mass_c": -0.296308}, {"country_iso": "PAN", "city_id": 452, "log_pop": 3.758814, "log_mass": 6.126113, "log_pop_c": 0.672903, "log_mass_c": 0.707704}, {"country_iso": "PAN", "city_id": 451, "log_pop": 3.785065, "log_mass": 5.948259, "log_pop_c": 0.749886, "log_mass_c": 0.594456}, {"country_iso": "PAN", "city_id": 458, "log_pop": 2.627668, "log_mass": 5.205995, "log_pop_c": -0.919332, "log_mass_c": -0.615844}, {"country_iso": "PAN", "city_id": 452, "log_pop": 2.033125, "log_mass": 4.050149, "log_pop_c": -1.052786, "log_mass_c": -1.368259}, {"country_iso": "PAN", "city_id": 458, "log_pop": 1.25479, "log_mass": 3.799678, "log_pop_c": -2.292211, "log_mass_c": -2.022161}, {"country_iso": "PAN", "city_id": 454, "log_pop": 3.016753, "log_mass": 5.335988, "log_pop_c": 0.044854, "log_mass_c": -0.029056}, {"country_iso": "PAN", "city_id": 452, "log_pop": 3.680557, "log_mass": 6.035219, "log_pop_c": 0.594646, "log_mass_c": 0.61681}, {"country_iso": "PAN", "city_id": 458, "log_pop": 4.093919, "log_mass": 5.803075, "log_pop_c": 0.546919, "log_mass_c": -0.018764}, {"country_iso": "PAN", "city_id": 451, "log_pop": 2.704779, "log_mass": 5.310665, "log_pop_c": -0.330401, "log_mass_c": -0.043138}, {"country_iso": "PAN", "city_id": 458, "log_pop": 4.000436, "log_mass": 6.333592, "log_pop_c": 0.453436, "log_mass_c": 0.511754}, {"country_iso": "PAN", "city_id": 458, "log_pop": 3.163027, "log_mass": 5.488392, "log_pop_c": -0.383974, "log_mass_c": -0.333446}, {"country_iso": "PAN", "city_id": 454, "log_pop": 3.014672, "log_mass": 5.506232, "log_pop_c": 0.042773, "log_mass_c": 0.141189}, {"country_iso": "PAN", "city_id": 458, "log_pop": 3.140596, "log_mass": 6.183565, "log_pop_c": -0.406404, "log_mass_c": 0.361727}, {"country_iso": "PAN", "city_id": 454, "log_pop": 3.524055, "log_mass": 5.973723, "log_pop_c": 0.552155, "log_mass_c": 0.60868}, {"country_iso": "PAN", "city_id": 460, "log_pop": 2.854465, "log_mass": 5.331628, "log_pop_c": -0.136304, "log_mass_c": -0.079016}, {"country_iso": "PAN", "city_id": 458, "log_pop": 3.899006, "log_mass": 6.193433, "log_pop_c": 0.352006, "log_mass_c": 0.371594}, {"country_iso": "PAN", "city_id": 451, "log_pop": 2.245155, "log_mass": 4.510779, "log_pop_c": -0.790024, "log_mass_c": -0.843025}, {"country_iso": "PAN", "city_id": 458, "log_pop": 4.214443, "log_mass": 6.460275, "log_pop_c": 0.667443, "log_mass_c": 0.638437}, {"country_iso": "PAN", "city_id": 451, "log_pop": 3.731713, "log_mass": 5.868574, "log_pop_c": 0.696533, "log_mass_c": 0.514771}, {"country_iso": "PAN", "city_id": 460, "log_pop": 0.991018, "log_mass": 4.232804, "log_pop_c": -1.999751, "log_mass_c": -1.17784}, {"country_iso": "PAN", "city_id": 458, "log_pop": 3.615369, "log_mass": 5.868641, "log_pop_c": 0.068369, "log_mass_c": 0.046802}, {"country_iso": "PAN", "city_id": 460, "log_pop": 2.989498, "log_mass": 5.396256, "log_pop_c": -0.001271, "log_mass_c": -0.014388}, {"country_iso": "PAN", "city_id": 451, "log_pop": 3.418285, "log_mass": 5.98319, "log_pop_c": 0.383105, "log_mass_c": 0.629387}, {"country_iso": "PAN", "city_id": 451, "log_pop": 2.583672, "log_mass": 5.299263, "log_pop_c": -0.451507, "log_mass_c": -0.05454}, {"country_iso": "PAN", "city_id": 454, "log_pop": 3.62814, "log_mass": 5.902499, "log_pop_c": 0.656241, "log_mass_c": 0.537456}, {"country_iso": "PAN", "city_id": 458, "log_pop": 2.68894, "log_mass": 4.786394, "log_pop_c": -0.85806, "log_mass_c": -1.035444}, {"country_iso": "PAN", "city_id": 452, "log_pop": 2.215807, "log_mass": 4.592542, "log_pop_c": -0.870103, "log_mass_c": -0.825866}, {"country_iso": "PAN", "city_id": 458, "log_pop": 4.218586, "log_mass": 6.207427, "log_pop_c": 0.671586, "log_mass_c": 0.385589}, {"country_iso": "PAN", "city_id": 458, "log_pop": 4.474397, "log_mass": 6.702416, "log_pop_c": 0.927397, "log_mass_c": 0.880577}, {"country_iso": "PAN", "city_id": 458, "log_pop": 4.59525, "log_mass": 6.490627, "log_pop_c": 1.04825, "log_mass_c": 0.668788}, {"country_iso": "PAN", "city_id": 458, "log_pop": 3.604191, "log_mass": 5.70696, "log_pop_c": 0.057191, "log_mass_c": -0.114878}]