[{"h3index":"87a88cc04ffffff","population_2015":428.5672790693,"total_built_mass_tons":55503.854914379,"city_id":1348,"country_iso":"BRA"},{"h3index":"87a88cc05ffffff","population_2015":19680.1137554496,"total_built_mass_tons":1428968.785306032,"city_id":1348,"country_iso":"BRA"},{"h3index":"87a88cc23ffffff","population_2015":12585.5080559006,"total_built_mass_tons":1260559.1409137149,"city_id":1348,"country_iso":"BRA"},{"h3index":"87a88cc2effffff","population_2015":3269.2611124319,"total_built_mass_tons":583561.9439600138,"city_id":1348,"country_iso":"BRA"}]