[{"h3index":"87415b149ffffff","population_2015":8369.7750695696,"total_built_mass_tons":2631007.9741057963,"city_id":10817,"country_iso":"CHN"},{"h3index":"87415b14dffffff","population_2015":221.2322311925,"total_built_mass_tons":163572.6317719827,"city_id":10817,"country_iso":"CHN"},{"h3index":"87415ba94ffffff","population_2015":1948.2219988561,"total_built_mass_tons":354509.7000818444,"city_id":10817,"country_iso":"CHN"},{"h3index":"87415ba96ffffff","population_2015":28.4194524728,"total_built_mass_tons":3641.9552124334,"city_id":10817,"country_iso":"CHN"},{"h3index":"87415bab2ffffff","population_2015":7945.50760329,"total_built_mass_tons":2555612.0954940971,"city_id":10817,"country_iso":"CHN"}]