[{"h3index":"87302da08ffffff","population_2015":225.0096026065,"total_built_mass_tons":70492.4977112577,"city_id":12083,"country_iso":"PRK"},{"h3index":"87302da0dffffff","population_2015":416.5009381388,"total_built_mass_tons":193326.4028542766,"city_id":12083,"country_iso":"PRK"},{"h3index":"87302da29ffffff","population_2015":26.5737342834,"total_built_mass_tons":14243.4743726643,"city_id":12083,"country_iso":"PRK"},{"h3index":"87302da54ffffff","population_2015":9.3592014313,"total_built_mass_tons":5710.987901274,"city_id":12083,"country_iso":"PRK"},{"h3index":"87302da60ffffff","population_2015":131.1501184202,"total_built_mass_tons":43733.492381375,"city_id":12083,"country_iso":"PRK"},{"h3index":"87302da62ffffff","population_2015":97.3554845399,"total_built_mass_tons":36801.7744030876,"city_id":12083,"country_iso":"PRK"},{"h3index":"87302da65ffffff","population_2015":5.566263844,"total_built_mass_tons":4200.0873523167,"city_id":12083,"country_iso":"PRK"},{"h3index":"87302da66ffffff","population_2015":1062.1742484373,"total_built_mass_tons":506595.6338685442,"city_id":12083,"country_iso":"PRK"},{"h3index":"87302da70ffffff","population_2015":2821.11414765,"total_built_mass_tons":1683145.471281298,"city_id":12083,"country_iso":"PRK"},{"h3index":"87302da71ffffff","population_2015":475.1276061339,"total_built_mass_tons":184404.7564354894,"city_id":12083,"country_iso":"PRK"},{"h3index":"87302da72ffffff","population_2015":816.6029914183,"total_built_mass_tons":388964.7493748488,"city_id":12083,"country_iso":"PRK"},{"h3index":"87302da73ffffff","population_2015":325.8150350384,"total_built_mass_tons":110596.9859699247,"city_id":12083,"country_iso":"PRK"},{"h3index":"87302da74ffffff","population_2015":113.2104041829,"total_built_mass_tons":43931.9671836291,"city_id":12083,"country_iso":"PRK"},{"h3index":"87302da75ffffff","population_2015":1996.9113415699,"total_built_mass_tons":1036912.9617891554,"city_id":12083,"country_iso":"PRK"},{"h3index":"87302da76ffffff","population_2015":797.3947440316,"total_built_mass_tons":342023.9177852272,"city_id":12083,"country_iso":"PRK"}]