[{"h3index":"8766630daffffff","population_2015":778.4905688791,"total_built_mass_tons":319221.8013397565,"city_id":823,"country_iso":"VEN"},{"h3index":"8766630deffffff","population_2015":110.9172746359,"total_built_mass_tons":40886.4720871039,"city_id":823,"country_iso":"VEN"},{"h3index":"876663728ffffff","population_2015":4131.7919138815,"total_built_mass_tons":1289948.2030836996,"city_id":823,"country_iso":"VEN"},{"h3index":"876663729ffffff","population_2015":2049.7220078188,"total_built_mass_tons":924724.0197920292,"city_id":823,"country_iso":"VEN"},{"h3index":"87666372affffff","population_2015":221.2426699507,"total_built_mass_tons":86665.7417891814,"city_id":823,"country_iso":"VEN"},{"h3index":"87666372bffffff","population_2015":881.4279498231,"total_built_mass_tons":310623.9619403169,"city_id":823,"country_iso":"VEN"},{"h3index":"87666372cffffff","population_2015":609.48587501,"total_built_mass_tons":198219.1970527556,"city_id":823,"country_iso":"VEN"},{"h3index":"87666372dffffff","population_2015":1779.1514336044,"total_built_mass_tons":546136.7341411107,"city_id":823,"country_iso":"VEN"},{"h3index":"87666372effffff","population_2015":2084.2377647886,"total_built_mass_tons":850538.8710791392,"city_id":823,"country_iso":"VEN"},{"h3index":"876663776ffffff","population_2015":104.5649498996,"total_built_mass_tons":24453.8747603596,"city_id":823,"country_iso":"VEN"}]