[{"h3index":"872cf5d40ffffff","population_2015":667.4279723224,"total_built_mass_tons":562445.2243565579,"city_id":5599,"country_iso":"IRN"},{"h3index":"872cf5d42ffffff","population_2015":70.6844183651,"total_built_mass_tons":56645.7693739472,"city_id":5599,"country_iso":"IRN"},{"h3index":"872cf5d46ffffff","population_2015":1850.5366890702,"total_built_mass_tons":1793491.6861173774,"city_id":5599,"country_iso":"IRN"},{"h3index":"872cf5d73ffffff","population_2015":1.1635789684,"total_built_mass_tons":3926.0939322494,"city_id":5599,"country_iso":"IRN"}]