[{"h3index":"8740a1008ffffff","population_2015":3034.5301881884,"total_built_mass_tons":1397597.698992121,"city_id":11197,"country_iso":"CHN"},{"h3index":"8740a100affffff","population_2015":1321.7666234447,"total_built_mass_tons":962743.2364672852,"city_id":11197,"country_iso":"CHN"},{"h3index":"8740a100dffffff","population_2015":79.4761317833,"total_built_mass_tons":18157.2480746877,"city_id":11197,"country_iso":"CHN"},{"h3index":"8740a100effffff","population_2015":174.5817423755,"total_built_mass_tons":315866.6480733848,"city_id":11197,"country_iso":"CHN"},{"h3index":"8740a1013ffffff","population_2015":93.7683575406,"total_built_mass_tons":83657.4223771666,"city_id":11197,"country_iso":"CHN"},{"h3index":"8740a1018ffffff","population_2015":20645.8347693499,"total_built_mass_tons":3418367.8512274222,"city_id":11197,"country_iso":"CHN"},{"h3index":"8740a1019ffffff","population_2015":2932.0344948264,"total_built_mass_tons":700921.5023863867,"city_id":11197,"country_iso":"CHN"},{"h3index":"8740a101affffff","population_2015":44064.9313660678,"total_built_mass_tons":5838085.8761821771,"city_id":11197,"country_iso":"CHN"},{"h3index":"8740a101bffffff","population_2015":4352.4453261469,"total_built_mass_tons":1013593.0114375307,"city_id":11197,"country_iso":"CHN"},{"h3index":"8740a101dffffff","population_2015":54.6480993626,"total_built_mass_tons":45166.0087139906,"city_id":11197,"country_iso":"CHN"},{"h3index":"8740a101effffff","population_2015":6011.0942659425,"total_built_mass_tons":3818100.2381943539,"city_id":11197,"country_iso":"CHN"},{"h3index":"8740a10a8ffffff","population_2015":48.8483853275,"total_built_mass_tons":87674.6220021846,"city_id":11197,"country_iso":"CHN"},{"h3index":"8740a10a9ffffff","population_2015":2959.2285326023,"total_built_mass_tons":2475709.5403989716,"city_id":11197,"country_iso":"CHN"},{"h3index":"8740a10adffffff","population_2015":4671.3209456752,"total_built_mass_tons":1902615.9389816648,"city_id":11197,"country_iso":"CHN"},{"h3index":"8740a10f4ffffff","population_2015":3950.4889371872,"total_built_mass_tons":982662.7001361971,"city_id":11197,"country_iso":"CHN"},{"h3index":"8740a10f5ffffff","population_2015":1.5617016624,"total_built_mass_tons":1729.6122498455,"city_id":11197,"country_iso":"CHN"},{"h3index":"8740a10f6ffffff","population_2015":1.6586422041,"total_built_mass_tons":915.4641236199,"city_id":11197,"country_iso":"CHN"}]