[{"h3index": "871081092ffffff", "population_2015": 1828.7376912252575, "total_built_mass_tons": 437374.3780414657, "city_id": 4756, "country_iso": "RUS"}, {"h3index": "871081093ffffff", "population_2015": 1249.9237843324158, "total_built_mass_tons": 742905.3257789277, "city_id": 4756, "country_iso": "RUS"}, {"h3index": "87108109effffff", "population_2015": 132.16615180782244, "total_built_mass_tons": 80510.58491306604, "city_id": 4756, "country_iso": "RUS"}, {"h3index": "871081404ffffff", "population_2015": 45.094049831465185, "total_built_mass_tons": 29059.72201132904, "city_id": 4756, "country_iso": "RUS"}, {"h3index": "871081409ffffff", "population_2015": 2583.7993715529337, "total_built_mass_tons": 1426349.0264123855, "city_id": 4756, "country_iso": "RUS"}, {"h3index": "87108140cffffff", "population_2015": 6111.714452535968, "total_built_mass_tons": 1975425.8001196615, "city_id": 4756, "country_iso": "RUS"}, {"h3index": "87108140dffffff", "population_2015": 13871.820074462892, "total_built_mass_tons": 3658550.5588498223, "city_id": 4756, "country_iso": "RUS"}, {"h3index": "871081420ffffff", "population_2015": 4722.345473728927, "total_built_mass_tons": 1335349.4826891874, "city_id": 4756, "country_iso": "RUS"}, {"h3index": "871081421ffffff", "population_2015": 33177.51246226442, "total_built_mass_tons": 8652748.581663439, "city_id": 4756, "country_iso": "RUS"}, {"h3index": "871081422ffffff", "population_2015": 3470.1315993477315, "total_built_mass_tons": 1472594.049370103, "city_id": 4756, "country_iso": "RUS"}, {"h3index": "871081423ffffff", "population_2015": 1874.0098345354495, "total_built_mass_tons": 692119.3202897471, "city_id": 4756, "country_iso": "RUS"}, {"h3index": "871081425ffffff", "population_2015": 24.621754992241954, "total_built_mass_tons": 35282.3637204136, "city_id": 4756, "country_iso": "RUS"}, {"h3index": "871081426ffffff", "population_2015": 1982.5664872994612, "total_built_mass_tons": 737214.6543538031, "city_id": 4756, "country_iso": "RUS"}, {"h3index": "871081428ffffff", "population_2015": 34609.80648086585, "total_built_mass_tons": 7800994.642373881, "city_id": 4756, "country_iso": "RUS"}, {"h3index": "871081429ffffff", "population_2015": 28337.364421051625, "total_built_mass_tons": 7381419.728760691, "city_id": 4756, "country_iso": "RUS"}, {"h3index": "87108142affffff", "population_2015": 13194.404160772585, "total_built_mass_tons": 3899685.959636088, "city_id": 4756, "country_iso": "RUS"}, {"h3index": "87108142bffffff", "population_2015": 38598.584051251884, "total_built_mass_tons": 7927159.403433668, "city_id": 4756, "country_iso": "RUS"}, {"h3index": "87108142cffffff", "population_2015": 39786.74288224614, "total_built_mass_tons": 10103921.446379706, "city_id": 4756, "country_iso": "RUS"}, {"h3index": "87108142dffffff", "population_2015": 24104.942027394904, "total_built_mass_tons": 5380580.480796441, "city_id": 4756, "country_iso": "RUS"}, {"h3index": "87108142effffff", "population_2015": 22200.743437684745, "total_built_mass_tons": 4859423.7609824175, "city_id": 4756, "country_iso": "RUS"}, {"h3index": "871081435ffffff", "population_2015": 413.8926135044471, "total_built_mass_tons": 244282.16133983427, "city_id": 4756, "country_iso": "RUS"}, {"h3index": "871081440ffffff", "population_2015": 12026.136345422035, "total_built_mass_tons": 4343951.156162628, "city_id": 4756, "country_iso": "RUS"}, {"h3index": "871081441ffffff", "population_2015": 2702.281554383625, "total_built_mass_tons": 1834897.6986459263, "city_id": 4756, "country_iso": "RUS"}, {"h3index": "871081442ffffff", "population_2015": 240.12114105785597, "total_built_mass_tons": 179603.03865029867, "city_id": 4756, "country_iso": "RUS"}, {"h3index": "871081443ffffff", "population_2015": 661.6697296217377, "total_built_mass_tons": 290361.39597963344, "city_id": 4756, "country_iso": "RUS"}, {"h3index": "871081444ffffff", "population_2015": 16480.57926818063, "total_built_mass_tons": 5338631.442166059, "city_id": 4756, "country_iso": "RUS"}, {"h3index": "871081445ffffff", "population_2015": 1416.4892152374862, "total_built_mass_tons": 633780.0057611834, "city_id": 4756, "country_iso": "RUS"}, {"h3index": "871081446ffffff", "population_2015": 18221.520192658656, "total_built_mass_tons": 6291164.005825, "city_id": 4756, "country_iso": "RUS"}, {"h3index": "87108144cffffff", "population_2015": 224.3725052510991, "total_built_mass_tons": 375641.2569193572, "city_id": 4756, "country_iso": "RUS"}, {"h3index": "87108144effffff", "population_2015": 1161.006502680218, "total_built_mass_tons": 1837218.9415104585, "city_id": 4756, "country_iso": "RUS"}, {"h3index": "871081450ffffff", "population_2015": 326.13741940143063, "total_built_mass_tons": 99695.17171621598, "city_id": 4756, "country_iso": "RUS"}, {"h3index": "871081454ffffff", "population_2015": 13853.743507701278, "total_built_mass_tons": 5377998.294021676, "city_id": 4756, "country_iso": "RUS"}, {"h3index": "871081455ffffff", "population_2015": 5387.624225838979, "total_built_mass_tons": 3460697.599337031, "city_id": 4756, "country_iso": "RUS"}, {"h3index": "871081456ffffff", "population_2015": 429.3428154664881, "total_built_mass_tons": 151921.39370002394, "city_id": 4756, "country_iso": "RUS"}, {"h3index": "871081460ffffff", "population_2015": 2815.248586816414, "total_built_mass_tons": 1294074.0985891211, "city_id": 4756, "country_iso": "RUS"}, {"h3index": "871081461ffffff", "population_2015": 11678.185519530723, "total_built_mass_tons": 2855072.2299527735, "city_id": 4756, "country_iso": "RUS"}, {"h3index": "871081462ffffff", "population_2015": 6274.928147837694, "total_built_mass_tons": 1514679.3045179418, "city_id": 4756, "country_iso": "RUS"}, {"h3index": "871081463ffffff", "population_2015": 1843.1546370730684, "total_built_mass_tons": 876683.3787134667, "city_id": 4756, "country_iso": "RUS"}, {"h3index": "871081466ffffff", "population_2015": 25395.67521636252, "total_built_mass_tons": 5153258.365997081, "city_id": 4756, "country_iso": "RUS"}, {"h3index": "87108146cffffff", "population_2015": 7873.882199719373, "total_built_mass_tons": 2278069.47992741, "city_id": 4756, "country_iso": "RUS"}, {"h3index": "87108146dffffff", "population_2015": 672.4807536789016, "total_built_mass_tons": 287763.5281418918, "city_id": 4756, "country_iso": "RUS"}, {"h3index": "87108146effffff", "population_2015": 379.45783781350826, "total_built_mass_tons": 158858.7385990159, "city_id": 4756, "country_iso": "RUS"}, {"h3index": "871081470ffffff", "population_2015": 27971.872546046397, "total_built_mass_tons": 6969245.446423886, "city_id": 4756, "country_iso": "RUS"}, {"h3index": "871081471ffffff", "population_2015": 25357.489813030465, "total_built_mass_tons": 6645575.141099142, "city_id": 4756, "country_iso": "RUS"}, {"h3index": "871081472ffffff", "population_2015": 26483.26702165417, "total_built_mass_tons": 6327526.949329353, "city_id": 4756, "country_iso": "RUS"}, {"h3index": "871081473ffffff", "population_2015": 29287.813533599696, "total_built_mass_tons": 7614593.794296267, "city_id": 4756, "country_iso": "RUS"}, {"h3index": "871081474ffffff", "population_2015": 27739.915613985984, "total_built_mass_tons": 6348379.729190055, "city_id": 4756, "country_iso": "RUS"}, {"h3index": "871081475ffffff", "population_2015": 24179.05768287508, "total_built_mass_tons": 5746455.226377469, "city_id": 4756, "country_iso": "RUS"}, {"h3index": "871081476ffffff", "population_2015": 33926.416576490206, "total_built_mass_tons": 6973181.783624813, "city_id": 4756, "country_iso": "RUS"}, {"h3index": "87108151bffffff", "population_2015": 2.2205004883747472, "total_built_mass_tons": 10542.47787219588, "city_id": 4756, "country_iso": "RUS"}, {"h3index": "87108154affffff", "population_2015": 169.1027085210763, "total_built_mass_tons": 101873.92077299667, "city_id": 4756, "country_iso": "RUS"}, {"h3index": "871081552ffffff", "population_2015": 575.1557150167578, "total_built_mass_tons": 235164.240084777, "city_id": 4756, "country_iso": "RUS"}, {"h3index": "871081558ffffff", "population_2015": 513.0789826804515, "total_built_mass_tons": 196944.49787052028, "city_id": 4756, "country_iso": "RUS"}, {"h3index": "871081559ffffff", "population_2015": 4085.311135163027, "total_built_mass_tons": 1473656.3563541295, "city_id": 4756, "country_iso": "RUS"}, {"h3index": "87108155affffff", "population_2015": 16190.607572824816, "total_built_mass_tons": 3956963.3465735335, "city_id": 4756, "country_iso": "RUS"}, {"h3index": "87108155bffffff", "population_2015": 23525.957916983436, "total_built_mass_tons": 6421087.158268845, "city_id": 4756, "country_iso": "RUS"}, {"h3index": "87108155dffffff", "population_2015": 3.914267381967283, "total_built_mass_tons": 8222.381516792, "city_id": 4756, "country_iso": "RUS"}]