[{"h3index": "872e2b069ffffff", "population_2015": 3.5892396328496, "total_built_mass_tons": 2994.6286134221896, "city_id": 12938, "country_iso": "JPN"}, {"h3index": "872e2b06dffffff", "population_2015": 15.579291612961711, "total_built_mass_tons": 16008.894944382328, "city_id": 12938, "country_iso": "JPN"}, {"h3index": "872e2b320ffffff", "population_2015": 7355.087116078769, "total_built_mass_tons": 2394073.668029189, "city_id": 12938, "country_iso": "JPN"}, {"h3index": "872e2b321ffffff", "population_2015": 317.1798931495816, "total_built_mass_tons": 172421.31212139252, "city_id": 12938, "country_iso": "JPN"}, {"h3index": "872e2b324ffffff", "population_2015": 8564.375062951856, "total_built_mass_tons": 3666885.081838884, "city_id": 12938, "country_iso": "JPN"}, {"h3index": "872e2b325ffffff", "population_2015": 8578.179141500881, "total_built_mass_tons": 4121658.250806086, "city_id": 12938, "country_iso": "JPN"}, {"h3index": "872e2b326ffffff", "population_2015": 2334.242478086434, "total_built_mass_tons": 762641.9370457643, "city_id": 12938, "country_iso": "JPN"}, {"h3index": "872e2b334ffffff", "population_2015": 858.7821612058905, "total_built_mass_tons": 378103.43691917585, "city_id": 12938, "country_iso": "JPN"}, {"h3index": "872e2b335ffffff", "population_2015": 2.306209810107362, "total_built_mass_tons": 2875.1825985780815, "city_id": 12938, "country_iso": "JPN"}, {"h3index": "872e2ba88ffffff", "population_2015": 11124.111810143797, "total_built_mass_tons": 3166860.7329126913, "city_id": 12938, "country_iso": "JPN"}, {"h3index": "872e2ba89ffffff", "population_2015": 12531.777462690015, "total_built_mass_tons": 4106886.664048253, "city_id": 12938, "country_iso": "JPN"}, {"h3index": "872e2ba8affffff", "population_2015": 8835.05474196041, "total_built_mass_tons": 2927612.4569753436, "city_id": 12938, "country_iso": "JPN"}, {"h3index": "872e2ba8bffffff", "population_2015": 19650.336042478968, "total_built_mass_tons": 4827316.3616113, "city_id": 12938, "country_iso": "JPN"}, {"h3index": "872e2ba8dffffff", "population_2015": 9133.69389442182, "total_built_mass_tons": 3064351.407734678, "city_id": 12938, "country_iso": "JPN"}, {"h3index": "872e2ba8effffff", "population_2015": 16.04966480030733, "total_built_mass_tons": 43836.71563070317, "city_id": 12938, "country_iso": "JPN"}, {"h3index": "872e2ba98ffffff", "population_2015": 401.8726079174117, "total_built_mass_tons": 342383.7633995252, "city_id": 12938, "country_iso": "JPN"}, {"h3index": "872e2ba99ffffff", "population_2015": 8842.886177463159, "total_built_mass_tons": 2698480.082175164, "city_id": 12938, "country_iso": "JPN"}, {"h3index": "872e2ba9affffff", "population_2015": 1021.1498515830322, "total_built_mass_tons": 545000.2073049882, "city_id": 12938, "country_iso": "JPN"}, {"h3index": "872e2ba9bffffff", "population_2015": 5554.489985631496, "total_built_mass_tons": 2269122.3798876368, "city_id": 12938, "country_iso": "JPN"}, {"h3index": "872e2ba9dffffff", "population_2015": 1397.932775337556, "total_built_mass_tons": 879361.4611189729, "city_id": 12938, "country_iso": "JPN"}, {"h3index": "872e2bad0ffffff", "population_2015": 8.597144657022813, "total_built_mass_tons": 10406.026069572665, "city_id": 12938, "country_iso": "JPN"}, {"h3index": "872e2bad2ffffff", "population_2015": 954.6107844745412, "total_built_mass_tons": 523892.44172533334, "city_id": 12938, "country_iso": "JPN"}, {"h3index": "872e2bad4ffffff", "population_2015": 2854.1155745665233, "total_built_mass_tons": 849717.3747116022, "city_id": 12938, "country_iso": "JPN"}, {"h3index": "872e2bad5ffffff", "population_2015": 2.275311918819652, "total_built_mass_tons": 4972.846337908683, "city_id": 12938, "country_iso": "JPN"}, {"h3index": "872e2bad6ffffff", "population_2015": 6889.044275275399, "total_built_mass_tons": 2759864.5446716417, "city_id": 12938, "country_iso": "JPN"}, {"h3index": "872e2baf2ffffff", "population_2015": 3373.261220410292, "total_built_mass_tons": 1115449.9461288585, "city_id": 12938, "country_iso": "JPN"}]