[{"h3index": "872e6441affffff", "population_2015": 324.2650952058679, "total_built_mass_tons": 219601.06927089707, "city_id": 12958, "country_iso": "JPN"}, {"h3index": "872e6441bffffff", "population_2015": 469.1900924888313, "total_built_mass_tons": 446108.5759043974, "city_id": 12958, "country_iso": "JPN"}, {"h3index": "872e64480ffffff", "population_2015": 9521.31795502831, "total_built_mass_tons": 3609944.257338847, "city_id": 12958, "country_iso": "JPN"}, {"h3index": "872e64481ffffff", "population_2015": 8243.327493258084, "total_built_mass_tons": 2679012.694684496, "city_id": 12958, "country_iso": "JPN"}, {"h3index": "872e64482ffffff", "population_2015": 351.6194491517308, "total_built_mass_tons": 184404.5227855284, "city_id": 12958, "country_iso": "JPN"}, {"h3index": "872e64483ffffff", "population_2015": 2292.085135695513, "total_built_mass_tons": 1017033.906084367, "city_id": 12958, "country_iso": "JPN"}, {"h3index": "872e64484ffffff", "population_2015": 5389.504359600593, "total_built_mass_tons": 2002968.649772595, "city_id": 12958, "country_iso": "JPN"}, {"h3index": "872e64485ffffff", "population_2015": 9803.489136432194, "total_built_mass_tons": 3474894.336208839, "city_id": 12958, "country_iso": "JPN"}, {"h3index": "872e64486ffffff", "population_2015": 5759.297272339991, "total_built_mass_tons": 3211540.244186895, "city_id": 12958, "country_iso": "JPN"}, {"h3index": "872e64488ffffff", "population_2015": 12954.685857712991, "total_built_mass_tons": 3444535.0052359705, "city_id": 12958, "country_iso": "JPN"}, {"h3index": "872e64489ffffff", "population_2015": 18032.31396941391, "total_built_mass_tons": 3966172.3763903305, "city_id": 12958, "country_iso": "JPN"}, {"h3index": "872e6448affffff", "population_2015": 12427.044180172566, "total_built_mass_tons": 3099648.5426980974, "city_id": 12958, "country_iso": "JPN"}, {"h3index": "872e6448bffffff", "population_2015": 12226.373319674469, "total_built_mass_tons": 2851160.5439495067, "city_id": 12958, "country_iso": "JPN"}, {"h3index": "872e6448cffffff", "population_2015": 3579.4964055145497, "total_built_mass_tons": 1942016.4657327824, "city_id": 12958, "country_iso": "JPN"}, {"h3index": "872e6448dffffff", "population_2015": 9940.138555840882, "total_built_mass_tons": 2787829.163029665, "city_id": 12958, "country_iso": "JPN"}, {"h3index": "872e6448effffff", "population_2015": 5242.27816588271, "total_built_mass_tons": 2338278.0055048503, "city_id": 12958, "country_iso": "JPN"}, {"h3index": "872e64495ffffff", "population_2015": 83.26722089543063, "total_built_mass_tons": 117922.05141252106, "city_id": 12958, "country_iso": "JPN"}, {"h3index": "872e64498ffffff", "population_2015": 523.1938031533185, "total_built_mass_tons": 297561.1249662189, "city_id": 12958, "country_iso": "JPN"}, {"h3index": "872e64499ffffff", "population_2015": 8323.56202354618, "total_built_mass_tons": 2723592.4277323056, "city_id": 12958, "country_iso": "JPN"}, {"h3index": "872e6449affffff", "population_2015": 42.62498980035969, "total_built_mass_tons": 71552.65909524463, "city_id": 12958, "country_iso": "JPN"}, {"h3index": "872e6449bffffff", "population_2015": 5762.221862624674, "total_built_mass_tons": 2554105.297917568, "city_id": 12958, "country_iso": "JPN"}, {"h3index": "872e6449dffffff", "population_2015": 1325.5589652500903, "total_built_mass_tons": 670484.6076340396, "city_id": 12958, "country_iso": "JPN"}, {"h3index": "872e644a3ffffff", "population_2015": 473.2824542587877, "total_built_mass_tons": 379630.3564986938, "city_id": 12958, "country_iso": "JPN"}, {"h3index": "872e644a9ffffff", "population_2015": 107.000233111662, "total_built_mass_tons": 69979.68700397373, "city_id": 12958, "country_iso": "JPN"}, {"h3index": "872e644aaffffff", "population_2015": 1868.679320208232, "total_built_mass_tons": 957052.3039184618, "city_id": 12958, "country_iso": "JPN"}, {"h3index": "872e644abffffff", "population_2015": 1825.0558385568504, "total_built_mass_tons": 1438289.7802385725, "city_id": 12958, "country_iso": "JPN"}, {"h3index": "872e644aeffffff", "population_2015": 488.3319049872604, "total_built_mass_tons": 256361.66017657355, "city_id": 12958, "country_iso": "JPN"}, {"h3index": "872e644b1ffffff", "population_2015": 806.758423726699, "total_built_mass_tons": 644499.6023344275, "city_id": 12958, "country_iso": "JPN"}, {"h3index": "872e644b3ffffff", "population_2015": 48.63627934175379, "total_built_mass_tons": 39159.809629328854, "city_id": 12958, "country_iso": "JPN"}, {"h3index": "872e644c0ffffff", "population_2015": 12327.661510519889, "total_built_mass_tons": 3015642.086284774, "city_id": 12958, "country_iso": "JPN"}, {"h3index": "872e644c1ffffff", "population_2015": 7969.458177269207, "total_built_mass_tons": 2198379.381315004, "city_id": 12958, "country_iso": "JPN"}, {"h3index": "872e644c2ffffff", "population_2015": 10186.57571845522, "total_built_mass_tons": 3430629.491415186, "city_id": 12958, "country_iso": "JPN"}, {"h3index": "872e644c3ffffff", "population_2015": 6827.934898228737, "total_built_mass_tons": 2431895.8116277447, "city_id": 12958, "country_iso": "JPN"}, {"h3index": "872e644c4ffffff", "population_2015": 6035.7030475709935, "total_built_mass_tons": 1969192.0679958616, "city_id": 12958, "country_iso": "JPN"}, {"h3index": "872e644c5ffffff", "population_2015": 2211.9081634390577, "total_built_mass_tons": 880670.0876937037, "city_id": 12958, "country_iso": "JPN"}, {"h3index": "872e644c6ffffff", "population_2015": 16583.640842022618, "total_built_mass_tons": 4362435.445477755, "city_id": 12958, "country_iso": "JPN"}, {"h3index": "872e644c8ffffff", "population_2015": 6385.609165755441, "total_built_mass_tons": 2114128.760460442, "city_id": 12958, "country_iso": "JPN"}, {"h3index": "872e644c9ffffff", "population_2015": 4541.159219502469, "total_built_mass_tons": 2190186.6333710006, "city_id": 12958, "country_iso": "JPN"}, {"h3index": "872e644caffffff", "population_2015": 1892.442131151873, "total_built_mass_tons": 1112779.7421554343, "city_id": 12958, "country_iso": "JPN"}, {"h3index": "872e644cbffffff", "population_2015": 1774.1179240563338, "total_built_mass_tons": 947335.2472106166, "city_id": 12958, "country_iso": "JPN"}, {"h3index": "872e644ccffffff", "population_2015": 4365.6431171884715, "total_built_mass_tons": 1255228.2795119234, "city_id": 12958, "country_iso": "JPN"}, {"h3index": "872e644cdffffff", "population_2015": 927.6319072816888, "total_built_mass_tons": 383951.8837247972, "city_id": 12958, "country_iso": "JPN"}, {"h3index": "872e644ceffffff", "population_2015": 5787.283490280079, "total_built_mass_tons": 2088526.2416113412, "city_id": 12958, "country_iso": "JPN"}, {"h3index": "872e644d0ffffff", "population_2015": 11784.117026459944, "total_built_mass_tons": 5643401.4010767285, "city_id": 12958, "country_iso": "JPN"}, {"h3index": "872e644d1ffffff", "population_2015": 7030.731506285949, "total_built_mass_tons": 3117510.5116585414, "city_id": 12958, "country_iso": "JPN"}, {"h3index": "872e644d2ffffff", "population_2015": 10320.582448432027, "total_built_mass_tons": 4015301.30949466, "city_id": 12958, "country_iso": "JPN"}, {"h3index": "872e644d3ffffff", "population_2015": 7267.02597703747, "total_built_mass_tons": 3182704.411094064, "city_id": 12958, "country_iso": "JPN"}, {"h3index": "872e644d4ffffff", "population_2015": 20910.069598770144, "total_built_mass_tons": 5331249.311125628, "city_id": 12958, "country_iso": "JPN"}, {"h3index": "872e644d5ffffff", "population_2015": 17663.958444251268, "total_built_mass_tons": 8111148.876497724, "city_id": 12958, "country_iso": "JPN"}, {"h3index": "872e644d6ffffff", "population_2015": 11968.096074736348, "total_built_mass_tons": 3909660.491235971, "city_id": 12958, "country_iso": "JPN"}, {"h3index": "872e644d8ffffff", "population_2015": 5488.255004768746, "total_built_mass_tons": 2178010.7240437125, "city_id": 12958, "country_iso": "JPN"}, {"h3index": "872e644d9ffffff", "population_2015": 1877.9686458410008, "total_built_mass_tons": 1230431.8511566622, "city_id": 12958, "country_iso": "JPN"}, {"h3index": "872e644daffffff", "population_2015": 5089.775374152613, "total_built_mass_tons": 2008593.1981522704, "city_id": 12958, "country_iso": "JPN"}, {"h3index": "872e644dbffffff", "population_2015": 1077.5586469799866, "total_built_mass_tons": 514627.4444143177, "city_id": 12958, "country_iso": "JPN"}, {"h3index": "872e644dcffffff", "population_2015": 3239.400693568061, "total_built_mass_tons": 1525038.1543411126, "city_id": 12958, "country_iso": "JPN"}, {"h3index": "872e644ddffffff", "population_2015": 2092.3125089542555, "total_built_mass_tons": 1340733.8341686928, "city_id": 12958, "country_iso": "JPN"}, {"h3index": "872e644deffffff", "population_2015": 5154.069627550537, "total_built_mass_tons": 2138020.6502722893, "city_id": 12958, "country_iso": "JPN"}, {"h3index": "872e644e2ffffff", "population_2015": 50.62516974654852, "total_built_mass_tons": 25062.913019075004, "city_id": 12958, "country_iso": "JPN"}, {"h3index": "872e644f0ffffff", "population_2015": 9801.382508595789, "total_built_mass_tons": 2741055.057049351, "city_id": 12958, "country_iso": "JPN"}, {"h3index": "872e644f1ffffff", "population_2015": 7730.61651653963, "total_built_mass_tons": 2351086.06636998, "city_id": 12958, "country_iso": "JPN"}, {"h3index": "872e644f2ffffff", "population_2015": 16589.286203571395, "total_built_mass_tons": 3557656.4868698847, "city_id": 12958, "country_iso": "JPN"}, {"h3index": "872e644f3ffffff", "population_2015": 21410.46301861184, "total_built_mass_tons": 4799387.439832037, "city_id": 12958, "country_iso": "JPN"}, {"h3index": "872e644f4ffffff", "population_2015": 5191.835860095303, "total_built_mass_tons": 1915072.3829057235, "city_id": 12958, "country_iso": "JPN"}, {"h3index": "872e644f5ffffff", "population_2015": 2405.202198865368, "total_built_mass_tons": 1017404.2563260184, "city_id": 12958, "country_iso": "JPN"}, {"h3index": "872e644f6ffffff", "population_2015": 8197.268792373061, "total_built_mass_tons": 2603385.356813574, "city_id": 12958, "country_iso": "JPN"}, {"h3index": "872e64790ffffff", "population_2015": 5497.171307559108, "total_built_mass_tons": 2238827.00462266, "city_id": 12958, "country_iso": "JPN"}, {"h3index": "872e64791ffffff", "population_2015": 216.31603172059152, "total_built_mass_tons": 205309.9804788392, "city_id": 12958, "country_iso": "JPN"}, {"h3index": "872e64792ffffff", "population_2015": 55.071047541674446, "total_built_mass_tons": 58822.84756074037, "city_id": 12958, "country_iso": "JPN"}, {"h3index": "872e64794ffffff", "population_2015": 1146.0401260693866, "total_built_mass_tons": 734912.7299792028, "city_id": 12958, "country_iso": "JPN"}, {"h3index": "872e64795ffffff", "population_2015": 332.2227481907488, "total_built_mass_tons": 274262.0274717773, "city_id": 12958, "country_iso": "JPN"}, {"h3index": "872e64796ffffff", "population_2015": 1169.216728844362, "total_built_mass_tons": 473703.7623706984, "city_id": 12958, "country_iso": "JPN"}, {"h3index": "872e6684dffffff", "population_2015": 519.5278178252427, "total_built_mass_tons": 295612.03985349904, "city_id": 12958, "country_iso": "JPN"}, {"h3index": "872e66869ffffff", "population_2015": 109.51238412670062, "total_built_mass_tons": 90257.18157055188, "city_id": 12958, "country_iso": "JPN"}, {"h3index": "872e66b00ffffff", "population_2015": 37.05822919583788, "total_built_mass_tons": 17182.137269707273, "city_id": 12958, "country_iso": "JPN"}, {"h3index": "872e66b04ffffff", "population_2015": 3479.6053823723514, "total_built_mass_tons": 1821882.846292499, "city_id": 12958, "country_iso": "JPN"}, {"h3index": "872e66b05ffffff", "population_2015": 2659.2338040651057, "total_built_mass_tons": 1268000.1488491443, "city_id": 12958, "country_iso": "JPN"}, {"h3index": "872e66b20ffffff", "population_2015": 7991.872071670081, "total_built_mass_tons": 2496023.6247483944, "city_id": 12958, "country_iso": "JPN"}, {"h3index": "872e66b21ffffff", "population_2015": 8559.711751070208, "total_built_mass_tons": 3429933.555917766, "city_id": 12958, "country_iso": "JPN"}, {"h3index": "872e66b22ffffff", "population_2015": 3584.3690718950024, "total_built_mass_tons": 1574354.6587182104, "city_id": 12958, "country_iso": "JPN"}, {"h3index": "872e66b23ffffff", "population_2015": 4753.538787428542, "total_built_mass_tons": 2438976.4879923086, "city_id": 12958, "country_iso": "JPN"}, {"h3index": "872e66b24ffffff", "population_2015": 9186.974436010103, "total_built_mass_tons": 2868260.1979421005, "city_id": 12958, "country_iso": "JPN"}, {"h3index": "872e66b25ffffff", "population_2015": 10378.57889003754, "total_built_mass_tons": 3070598.6617184808, "city_id": 12958, "country_iso": "JPN"}, {"h3index": "872e66b26ffffff", "population_2015": 12406.491483228348, "total_built_mass_tons": 3977373.082673802, "city_id": 12958, "country_iso": "JPN"}, {"h3index": "872e66b28ffffff", "population_2015": 5187.851725570828, "total_built_mass_tons": 2356974.02599627, "city_id": 12958, "country_iso": "JPN"}, {"h3index": "872e66b29ffffff", "population_2015": 2622.4227309937573, "total_built_mass_tons": 1345945.84843567, "city_id": 12958, "country_iso": "JPN"}, {"h3index": "872e66b2affffff", "population_2015": 1358.8382809152788, "total_built_mass_tons": 820037.0620703875, "city_id": 12958, "country_iso": "JPN"}, {"h3index": "872e66b2bffffff", "population_2015": 724.0729400728263, "total_built_mass_tons": 366029.19938143983, "city_id": 12958, "country_iso": "JPN"}, {"h3index": "872e66b2cffffff", "population_2015": 15038.878508706184, "total_built_mass_tons": 5208153.994255938, "city_id": 12958, "country_iso": "JPN"}, {"h3index": "872e66b2dffffff", "population_2015": 11219.299838875795, "total_built_mass_tons": 3459282.4848270174, "city_id": 12958, "country_iso": "JPN"}, {"h3index": "872e66b2effffff", "population_2015": 4825.840572834017, "total_built_mass_tons": 2090163.501908992, "city_id": 12958, "country_iso": "JPN"}, {"h3index": "872e66b30ffffff", "population_2015": 4552.488365322935, "total_built_mass_tons": 2203164.352901518, "city_id": 12958, "country_iso": "JPN"}, {"h3index": "872e66b31ffffff", "population_2015": 2115.7502179398257, "total_built_mass_tons": 1305147.5917994292, "city_id": 12958, "country_iso": "JPN"}, {"h3index": "872e66b32ffffff", "population_2015": 584.3672236031177, "total_built_mass_tons": 292717.54824113456, "city_id": 12958, "country_iso": "JPN"}, {"h3index": "872e66b33ffffff", "population_2015": 43.54594983680576, "total_built_mass_tons": 30134.13197669245, "city_id": 12958, "country_iso": "JPN"}, {"h3index": "872e66b34ffffff", "population_2015": 6222.339302904465, "total_built_mass_tons": 2297508.9135340573, "city_id": 12958, "country_iso": "JPN"}, {"h3index": "872e66b35ffffff", "population_2015": 6064.655065635607, "total_built_mass_tons": 2634294.414915958, "city_id": 12958, "country_iso": "JPN"}, {"h3index": "872e66b36ffffff", "population_2015": 5668.968103911829, "total_built_mass_tons": 1993287.3311124656, "city_id": 12958, "country_iso": "JPN"}, {"h3index": "872e66b64ffffff", "population_2015": 391.946629336301, "total_built_mass_tons": 387974.68571345427, "city_id": 12958, "country_iso": "JPN"}, {"h3index": "872e66b65ffffff", "population_2015": 1863.064451862784, "total_built_mass_tons": 1126878.3477168488, "city_id": 12958, "country_iso": "JPN"}, {"h3index": "872e66b66ffffff", "population_2015": 12.228420171550674, "total_built_mass_tons": 44664.89563881191, "city_id": 12958, "country_iso": "JPN"}, {"h3index": "872e66b74ffffff", "population_2015": 2555.5403604395256, "total_built_mass_tons": 921566.1123069983, "city_id": 12958, "country_iso": "JPN"}, {"h3index": "872e66b75ffffff", "population_2015": 60.63267211166083, "total_built_mass_tons": 24108.730832868212, "city_id": 12958, "country_iso": "JPN"}]