[{"h3index": "877509d0dffffff", "population_2015": 313.78748820622764, "total_built_mass_tons": 89217.27718276525, "city_id": 1779, "country_iso": "GHA"}, {"h3index": "877509d29ffffff", "population_2015": 654.5924608342789, "total_built_mass_tons": 88880.19424012495, "city_id": 1779, "country_iso": "GHA"}, {"h3index": "877509d40ffffff", "population_2015": 71.63166340846641, "total_built_mass_tons": 7226.827375160934, "city_id": 1779, "country_iso": "GHA"}, {"h3index": "877509d44ffffff", "population_2015": 11683.513757862764, "total_built_mass_tons": 1034371.2301056116, "city_id": 1779, "country_iso": "GHA"}, {"h3index": "877509d45ffffff", "population_2015": 186.16851003310265, "total_built_mass_tons": 18730.4364851265, "city_id": 1779, "country_iso": "GHA"}, {"h3index": "877509d46ffffff", "population_2015": 652.9582376854091, "total_built_mass_tons": 62358.70404444644, "city_id": 1779, "country_iso": "GHA"}, {"h3index": "877509d50ffffff", "population_2015": 963.9076446682795, "total_built_mass_tons": 421841.0829491117, "city_id": 1779, "country_iso": "GHA"}, {"h3index": "877509d54ffffff", "population_2015": 1056.2960492115396, "total_built_mass_tons": 377608.2196912951, "city_id": 1779, "country_iso": "GHA"}, {"h3index": "877509d55ffffff", "population_2015": 670.3693698883059, "total_built_mass_tons": 270127.4897932603, "city_id": 1779, "country_iso": "GHA"}, {"h3index": "877509d56ffffff", "population_2015": 408.56766843608784, "total_built_mass_tons": 175529.33176187225, "city_id": 1779, "country_iso": "GHA"}, {"h3index": "877509d60ffffff", "population_2015": 2096.6041310478663, "total_built_mass_tons": 321949.85678504925, "city_id": 1779, "country_iso": "GHA"}, {"h3index": "877509d62ffffff", "population_2015": 26244.488716245163, "total_built_mass_tons": 1966889.635549903, "city_id": 1779, "country_iso": "GHA"}, {"h3index": "877509d63ffffff", "population_2015": 10735.435994555904, "total_built_mass_tons": 973026.7760094188, "city_id": 1779, "country_iso": "GHA"}, {"h3index": "877509d64ffffff", "population_2015": 2003.0631262236948, "total_built_mass_tons": 188791.83573099592, "city_id": 1779, "country_iso": "GHA"}, {"h3index": "877509d66ffffff", "population_2015": 9612.38568197512, "total_built_mass_tons": 973384.0369164312, "city_id": 1779, "country_iso": "GHA"}, {"h3index": "877509d70ffffff", "population_2015": 18346.467357650457, "total_built_mass_tons": 1659338.4474050489, "city_id": 1779, "country_iso": "GHA"}, {"h3index": "877509d71ffffff", "population_2015": 16388.90986534568, "total_built_mass_tons": 1196363.4637937504, "city_id": 1779, "country_iso": "GHA"}, {"h3index": "877509d72ffffff", "population_2015": 628.670057214475, "total_built_mass_tons": 47921.14348080862, "city_id": 1779, "country_iso": "GHA"}, {"h3index": "877509d73ffffff", "population_2015": 8728.725906368332, "total_built_mass_tons": 1096990.3458845415, "city_id": 1779, "country_iso": "GHA"}, {"h3index": "877509d74ffffff", "population_2015": 14370.25422334858, "total_built_mass_tons": 1500619.4482517254, "city_id": 1779, "country_iso": "GHA"}, {"h3index": "877509d75ffffff", "population_2015": 23046.38555897731, "total_built_mass_tons": 2034549.297373582, "city_id": 1779, "country_iso": "GHA"}, {"h3index": "877509d76ffffff", "population_2015": 6280.34653266458, "total_built_mass_tons": 678407.6061243544, "city_id": 1779, "country_iso": "GHA"}, {"h3index": "87750d652ffffff", "population_2015": 468.7846512887992, "total_built_mass_tons": 69029.54657515099, "city_id": 1779, "country_iso": "GHA"}, {"h3index": "87750d6c0ffffff", "population_2015": 3466.04670194738, "total_built_mass_tons": 343671.3737723713, "city_id": 1779, "country_iso": "GHA"}, {"h3index": "87750d6c1ffffff", "population_2015": 6212.583519408283, "total_built_mass_tons": 644367.6677332008, "city_id": 1779, "country_iso": "GHA"}, {"h3index": "87750d6c3ffffff", "population_2015": 6539.868959568997, "total_built_mass_tons": 545125.3393879618, "city_id": 1779, "country_iso": "GHA"}, {"h3index": "87750d6c5ffffff", "population_2015": 2472.225512149287, "total_built_mass_tons": 237731.7590635508, "city_id": 1779, "country_iso": "GHA"}, {"h3index": "87750d6c8ffffff", "population_2015": 8877.85379593793, "total_built_mass_tons": 794396.7109492723, "city_id": 1779, "country_iso": "GHA"}, {"h3index": "87750d6caffffff", "population_2015": 10990.306452523026, "total_built_mass_tons": 837455.2500679872, "city_id": 1779, "country_iso": "GHA"}, {"h3index": "87750d6ccffffff", "population_2015": 2899.8028818766275, "total_built_mass_tons": 286528.3208590267, "city_id": 1779, "country_iso": "GHA"}, {"h3index": "87750d6ceffffff", "population_2015": 6932.023143798231, "total_built_mass_tons": 502543.54162636615, "city_id": 1779, "country_iso": "GHA"}, {"h3index": "87750d6d8ffffff", "population_2015": 12653.768602438537, "total_built_mass_tons": 1180070.155529473, "city_id": 1779, "country_iso": "GHA"}, {"h3index": "87750d6d9ffffff", "population_2015": 10328.83126139921, "total_built_mass_tons": 985444.6193676194, "city_id": 1779, "country_iso": "GHA"}, {"h3index": "87750d6daffffff", "population_2015": 7926.316036089726, "total_built_mass_tons": 833917.6366232464, "city_id": 1779, "country_iso": "GHA"}, {"h3index": "87750d6dbffffff", "population_2015": 16347.232648662495, "total_built_mass_tons": 1625849.2892405302, "city_id": 1779, "country_iso": "GHA"}, {"h3index": "87750d6dcffffff", "population_2015": 3268.21643743328, "total_built_mass_tons": 315148.7660538273, "city_id": 1779, "country_iso": "GHA"}, {"h3index": "87750d6ddffffff", "population_2015": 8467.200914061305, "total_built_mass_tons": 848380.3572169722, "city_id": 1779, "country_iso": "GHA"}, {"h3index": "87750d6deffffff", "population_2015": 294.5909450306612, "total_built_mass_tons": 49023.272365221506, "city_id": 1779, "country_iso": "GHA"}, {"h3index": "87750d6e1ffffff", "population_2015": 3071.3105157590385, "total_built_mass_tons": 319540.3968609847, "city_id": 1779, "country_iso": "GHA"}, {"h3index": "87750d6e5ffffff", "population_2015": 168.42489873848712, "total_built_mass_tons": 20809.41748869469, "city_id": 1779, "country_iso": "GHA"}, {"h3index": "87750d6e8ffffff", "population_2015": 334.95268827700147, "total_built_mass_tons": 44562.97574436235, "city_id": 1779, "country_iso": "GHA"}, {"h3index": "87750d6eaffffff", "population_2015": 2664.27462309295, "total_built_mass_tons": 273315.31267704774, "city_id": 1779, "country_iso": "GHA"}, {"h3index": "87750d6ecffffff", "population_2015": 577.2594756032905, "total_built_mass_tons": 51064.055191325955, "city_id": 1779, "country_iso": "GHA"}, {"h3index": "87750d6eeffffff", "population_2015": 4023.56668882931, "total_built_mass_tons": 305073.44230063393, "city_id": 1779, "country_iso": "GHA"}]