[{"h3index":"876600881ffffff","population_2015":2977.4127140831,"total_built_mass_tons":324148.893621054,"city_id":618,"country_iso":"COL"},{"h3index":"876600888ffffff","population_2015":0.4601575664,"total_built_mass_tons":1322.6776830631,"city_id":618,"country_iso":"COL"},{"h3index":"876600889ffffff","population_2015":556.1680542217,"total_built_mass_tons":116849.0181003145,"city_id":618,"country_iso":"COL"},{"h3index":"87660088cffffff","population_2015":11963.0866346471,"total_built_mass_tons":1368884.7325125537,"city_id":618,"country_iso":"COL"},{"h3index":"87660088dffffff","population_2015":17197.2226935443,"total_built_mass_tons":1861952.7354169311,"city_id":618,"country_iso":"COL"},{"h3index":"8766008abffffff","population_2015":49.4183900497,"total_built_mass_tons":15451.1534196159,"city_id":618,"country_iso":"COL"},{"h3index":"8766008f2ffffff","population_2015":78.6894389676,"total_built_mass_tons":18049.4988532691,"city_id":618,"country_iso":"COL"},{"h3index":"8766008f6ffffff","population_2015":39.7890855303,"total_built_mass_tons":20864.256833129,"city_id":618,"country_iso":"COL"}]