[{"h3index":"87ce9309affffff","population_2015":1040.9515111624,"total_built_mass_tons":471121.4900403592,"city_id":1037,"country_iso":"ARG"},{"h3index":"87ce93468ffffff","population_2015":4939.9215543635,"total_built_mass_tons":2320798.1999762552,"city_id":1037,"country_iso":"ARG"},{"h3index":"87ce93469ffffff","population_2015":8277.1856812608,"total_built_mass_tons":3536905.2563287071,"city_id":1037,"country_iso":"ARG"},{"h3index":"87ce9346affffff","population_2015":254.4702944662,"total_built_mass_tons":170413.5388056588,"city_id":1037,"country_iso":"ARG"},{"h3index":"87ce9346bffffff","population_2015":3656.9886997485,"total_built_mass_tons":1901105.2062628071,"city_id":1037,"country_iso":"ARG"},{"h3index":"87ce9346dffffff","population_2015":2581.7448259615,"total_built_mass_tons":1410804.1807867088,"city_id":1037,"country_iso":"ARG"},{"h3index":"87ce93734ffffff","population_2015":66.1453884611,"total_built_mass_tons":40484.5984491565,"city_id":1037,"country_iso":"ARG"},{"h3index":"87ce93736ffffff","population_2015":467.7521070032,"total_built_mass_tons":205105.1484410412,"city_id":1037,"country_iso":"ARG"}]