[{"h3index": "873173002ffffff", "population_2015": 12.37606632008272, "total_built_mass_tons": 3500.398066449583, "city_id": 11621, "country_iso": "CHN"}, {"h3index": "873173010ffffff", "population_2015": 19020.512893063416, "total_built_mass_tons": 4168390.565927552, "city_id": 11621, "country_iso": "CHN"}, {"h3index": "873173011ffffff", "population_2015": 2428.6718883009517, "total_built_mass_tons": 644337.7631320532, "city_id": 11621, "country_iso": "CHN"}, {"h3index": "873173012ffffff", "population_2015": 22706.25745110606, "total_built_mass_tons": 6946487.263529384, "city_id": 11621, "country_iso": "CHN"}, {"h3index": "873173013ffffff", "population_2015": 3358.7586917989397, "total_built_mass_tons": 2064358.867717801, "city_id": 11621, "country_iso": "CHN"}, {"h3index": "873173014ffffff", "population_2015": 5598.864108295067, "total_built_mass_tons": 2074081.132879925, "city_id": 11621, "country_iso": "CHN"}, {"h3index": "873173015ffffff", "population_2015": 1492.239223918728, "total_built_mass_tons": 644879.2005917543, "city_id": 11621, "country_iso": "CHN"}, {"h3index": "873173016ffffff", "population_2015": 17819.627282244553, "total_built_mass_tons": 3153178.4817896574, "city_id": 11621, "country_iso": "CHN"}, {"h3index": "8731730a1ffffff", "population_2015": 1529.6174427722017, "total_built_mass_tons": 803561.003647021, "city_id": 11621, "country_iso": "CHN"}, {"h3index": "8731730a5ffffff", "population_2015": 4147.411766233632, "total_built_mass_tons": 1525146.1385471728, "city_id": 11621, "country_iso": "CHN"}, {"h3index": "8731730acffffff", "population_2015": 625.2018108293121, "total_built_mass_tons": 309983.48541312525, "city_id": 11621, "country_iso": "CHN"}, {"h3index": "873173189ffffff", "population_2015": 371.3186705467748, "total_built_mass_tons": 140034.31082874857, "city_id": 11621, "country_iso": "CHN"}, {"h3index": "87317318bffffff", "population_2015": 285.09280369235023, "total_built_mass_tons": 221436.37814756975, "city_id": 11621, "country_iso": "CHN"}]