[{"h3index":"8724d34dbffffff","population_2015":9.4427551241,"total_built_mass_tons":79683.801990108,"city_id":10169,"country_iso":"CHN"},{"h3index":"8740d3481ffffff","population_2015":2587.3602632036,"total_built_mass_tons":1014067.2355720808,"city_id":10169,"country_iso":"CHN"},{"h3index":"8740d3483ffffff","population_2015":19685.0206767213,"total_built_mass_tons":1897196.5637855304,"city_id":10169,"country_iso":"CHN"},{"h3index":"8740d3488ffffff","population_2015":374.0393257637,"total_built_mass_tons":169147.6031854811,"city_id":10169,"country_iso":"CHN"},{"h3index":"8740d348affffff","population_2015":1199.7266681428,"total_built_mass_tons":646055.6771482453,"city_id":10169,"country_iso":"CHN"},{"h3index":"8740d348cffffff","population_2015":884.2979114972,"total_built_mass_tons":343708.2794681238,"city_id":10169,"country_iso":"CHN"},{"h3index":"8740d348dffffff","population_2015":106.2336661554,"total_built_mass_tons":115495.604918645,"city_id":10169,"country_iso":"CHN"},{"h3index":"8740d348effffff","population_2015":15101.3898764517,"total_built_mass_tons":3982345.3015960772,"city_id":10169,"country_iso":"CHN"},{"h3index":"8740d3499ffffff","population_2015":1615.5300999235,"total_built_mass_tons":1009201.7488011252,"city_id":10169,"country_iso":"CHN"},{"h3index":"8740d349dffffff","population_2015":18530.8950436012,"total_built_mass_tons":2894676.0517627718,"city_id":10169,"country_iso":"CHN"},{"h3index":"8740d34abffffff","population_2015":0.3280568244,"total_built_mass_tons":590.8835889442,"city_id":10169,"country_iso":"CHN"}]