[{"h3index": "8731aa0c3ffffff", "population_2015": 866.6846699251848, "total_built_mass_tons": 1713035.042459228, "city_id": 10786, "country_iso": "CHN"}, {"h3index": "8731aa0c8ffffff", "population_2015": 3163.4984047384823, "total_built_mass_tons": 3956868.0078135654, "city_id": 10786, "country_iso": "CHN"}, {"h3index": "8731aa0c9ffffff", "population_2015": 1171.6869663855612, "total_built_mass_tons": 2051963.856450386, "city_id": 10786, "country_iso": "CHN"}, {"h3index": "8731aa0caffffff", "population_2015": 12554.008952118367, "total_built_mass_tons": 4750132.223119312, "city_id": 10786, "country_iso": "CHN"}, {"h3index": "8731aa0cbffffff", "population_2015": 8931.286272404246, "total_built_mass_tons": 8138093.124815656, "city_id": 10786, "country_iso": "CHN"}, {"h3index": "8731aa0ccffffff", "population_2015": 14.027622721241968, "total_built_mass_tons": 52081.80611843131, "city_id": 10786, "country_iso": "CHN"}, {"h3index": "8731aa0cdffffff", "population_2015": 365.02665751775106, "total_built_mass_tons": 534771.9552677565, "city_id": 10786, "country_iso": "CHN"}, {"h3index": "8731aa0ceffffff", "population_2015": 2349.090946916037, "total_built_mass_tons": 2884512.5332784215, "city_id": 10786, "country_iso": "CHN"}, {"h3index": "8731aa0d8ffffff", "population_2015": 3449.6995898746973, "total_built_mass_tons": 1344382.7396226197, "city_id": 10786, "country_iso": "CHN"}, {"h3index": "8731aa0d9ffffff", "population_2015": 8969.576568824166, "total_built_mass_tons": 4163107.278801534, "city_id": 10786, "country_iso": "CHN"}, {"h3index": "8731aa0dbffffff", "population_2015": 899.7051889643949, "total_built_mass_tons": 61670.22355845042, "city_id": 10786, "country_iso": "CHN"}, {"h3index": "8731aa0dcffffff", "population_2015": 241.99569618655187, "total_built_mass_tons": 241814.64336877572, "city_id": 10786, "country_iso": "CHN"}, {"h3index": "8731aa0ddffffff", "population_2015": 4260.977132220596, "total_built_mass_tons": 4355591.177361542, "city_id": 10786, "country_iso": "CHN"}, {"h3index": "8731aa0deffffff", "population_2015": 197.6443970834507, "total_built_mass_tons": 209032.56873077087, "city_id": 10786, "country_iso": "CHN"}, {"h3index": "8731aa390ffffff", "population_2015": 1469.6066144129811, "total_built_mass_tons": 1452857.4032929344, "city_id": 10786, "country_iso": "CHN"}, {"h3index": "8731aa391ffffff", "population_2015": 1873.5646530207468, "total_built_mass_tons": 1142249.6841839587, "city_id": 10786, "country_iso": "CHN"}, {"h3index": "8731aa392ffffff", "population_2015": 4912.857566466517, "total_built_mass_tons": 772389.8109859609, "city_id": 10786, "country_iso": "CHN"}, {"h3index": "8731aa393ffffff", "population_2015": 453.4205679856095, "total_built_mass_tons": 526392.2174438458, "city_id": 10786, "country_iso": "CHN"}, {"h3index": "8731aa394ffffff", "population_2015": 202.8200606953864, "total_built_mass_tons": 446282.6312784909, "city_id": 10786, "country_iso": "CHN"}, {"h3index": "8731aa396ffffff", "population_2015": 2962.6949018889786, "total_built_mass_tons": 3769058.6598827504, "city_id": 10786, "country_iso": "CHN"}, {"h3index": "8731aa744ffffff", "population_2015": 210.58263712116317, "total_built_mass_tons": 113887.65311345362, "city_id": 10786, "country_iso": "CHN"}, {"h3index": "8731aa746ffffff", "population_2015": 2.2543918291727705, "total_built_mass_tons": 3603.065284069446, "city_id": 10786, "country_iso": "CHN"}, {"h3index": "8731aa760ffffff", "population_2015": 11842.606057926252, "total_built_mass_tons": 1299207.185511521, "city_id": 10786, "country_iso": "CHN"}, {"h3index": "8731aa761ffffff", "population_2015": 7066.571871851004, "total_built_mass_tons": 1016225.0090957324, "city_id": 10786, "country_iso": "CHN"}, {"h3index": "8731aa762ffffff", "population_2015": 8709.187583751305, "total_built_mass_tons": 1068022.177079719, "city_id": 10786, "country_iso": "CHN"}, {"h3index": "8731aa763ffffff", "population_2015": 5867.514139025818, "total_built_mass_tons": 694389.9027944832, "city_id": 10786, "country_iso": "CHN"}, {"h3index": "8731aa764ffffff", "population_2015": 9145.667423884071, "total_built_mass_tons": 4154956.1873367177, "city_id": 10786, "country_iso": "CHN"}, {"h3index": "8731aa765ffffff", "population_2015": 16726.415731039233, "total_built_mass_tons": 3450522.4925457668, "city_id": 10786, "country_iso": "CHN"}, {"h3index": "8731aa766ffffff", "population_2015": 8549.606531173109, "total_built_mass_tons": 858976.3673170176, "city_id": 10786, "country_iso": "CHN"}, {"h3index": "8731aa76cffffff", "population_2015": 1290.5410944994758, "total_built_mass_tons": 392065.6997538768, "city_id": 10786, "country_iso": "CHN"}, {"h3index": "8731aa76effffff", "population_2015": 4274.831677287232, "total_built_mass_tons": 690084.8070066218, "city_id": 10786, "country_iso": "CHN"}, {"h3index": "8731aa771ffffff", "population_2015": 3068.7277180695064, "total_built_mass_tons": 379955.7345964911, "city_id": 10786, "country_iso": "CHN"}, {"h3index": "8731aa775ffffff", "population_2015": 1862.2689811407347, "total_built_mass_tons": 277270.0743829693, "city_id": 10786, "country_iso": "CHN"}]