[{"h3index":"8730a06b4ffffff","population_2015":11.5276815405,"total_built_mass_tons":16584.7128720862,"city_id":11590,"country_iso":"CHN"},{"h3index":"8730a0780ffffff","population_2015":15891.8110544354,"total_built_mass_tons":2633457.3067438263,"city_id":11590,"country_iso":"CHN"},{"h3index":"8730a0781ffffff","population_2015":24828.6127149844,"total_built_mass_tons":5250204.4987385822,"city_id":11590,"country_iso":"CHN"},{"h3index":"8730a0782ffffff","population_2015":8538.6841666783,"total_built_mass_tons":3390778.3920545792,"city_id":11590,"country_iso":"CHN"},{"h3index":"8730a0783ffffff","population_2015":25168.8842536253,"total_built_mass_tons":6355105.3659520131,"city_id":11590,"country_iso":"CHN"},{"h3index":"8730a0784ffffff","population_2015":43.2630109899,"total_built_mass_tons":95393.9563695913,"city_id":11590,"country_iso":"CHN"},{"h3index":"8730a0785ffffff","population_2015":12750.2734480596,"total_built_mass_tons":3683721.8970793919,"city_id":11590,"country_iso":"CHN"},{"h3index":"8730a0786ffffff","population_2015":2124.3017575844,"total_built_mass_tons":1507407.8581674341,"city_id":11590,"country_iso":"CHN"},{"h3index":"8730a078affffff","population_2015":4.9345669494,"total_built_mass_tons":13728.1543467051,"city_id":11590,"country_iso":"CHN"},{"h3index":"8730a078cffffff","population_2015":1214.9019632957,"total_built_mass_tons":757499.8951068295,"city_id":11590,"country_iso":"CHN"},{"h3index":"8730a078effffff","population_2015":5470.6183407363,"total_built_mass_tons":1864770.4365326809,"city_id":11590,"country_iso":"CHN"},{"h3index":"8730a0791ffffff","population_2015":2028.01780369,"total_built_mass_tons":2662877.9449081975,"city_id":11590,"country_iso":"CHN"},{"h3index":"8730a0793ffffff","population_2015":111.3517469528,"total_built_mass_tons":103685.9625311497,"city_id":11590,"country_iso":"CHN"},{"h3index":"8730a0795ffffff","population_2015":1354.5954512961,"total_built_mass_tons":1410957.2137727761,"city_id":11590,"country_iso":"CHN"},{"h3index":"8730a0798ffffff","population_2015":6239.3569958743,"total_built_mass_tons":2002479.3183173249,"city_id":11590,"country_iso":"CHN"},{"h3index":"8730a0799ffffff","population_2015":7.0717086829,"total_built_mass_tons":6455.3466575336,"city_id":11590,"country_iso":"CHN"},{"h3index":"8730a079affffff","population_2015":1158.6959642466,"total_built_mass_tons":974786.8582654156,"city_id":11590,"country_iso":"CHN"},{"h3index":"8730a079bffffff","population_2015":106.6945863836,"total_built_mass_tons":68201.0123201392,"city_id":11590,"country_iso":"CHN"},{"h3index":"8730a079cffffff","population_2015":12254.4709292473,"total_built_mass_tons":4297500.8803471997,"city_id":11590,"country_iso":"CHN"},{"h3index":"8730a079dffffff","population_2015":10205.1494257843,"total_built_mass_tons":2569716.1527097514,"city_id":11590,"country_iso":"CHN"},{"h3index":"8730a079effffff","population_2015":5218.0160911308,"total_built_mass_tons":2117469.5946143069,"city_id":11590,"country_iso":"CHN"},{"h3index":"8730a07a3ffffff","population_2015":367.6421350404,"total_built_mass_tons":125065.3408282431,"city_id":11590,"country_iso":"CHN"},{"h3index":"8730a07a8ffffff","population_2015":1877.6109720052,"total_built_mass_tons":1121757.120230346,"city_id":11590,"country_iso":"CHN"},{"h3index":"8730a07aaffffff","population_2015":12957.3522187719,"total_built_mass_tons":2808764.1786693274,"city_id":11590,"country_iso":"CHN"},{"h3index":"8730a07abffffff","population_2015":13.6107366824,"total_built_mass_tons":12135.7843303948,"city_id":11590,"country_iso":"CHN"},{"h3index":"8730a07acffffff","population_2015":189.4804725974,"total_built_mass_tons":184706.8965405388,"city_id":11590,"country_iso":"CHN"},{"h3index":"8730a07adffffff","population_2015":255.5718458984,"total_built_mass_tons":324657.6034479469,"city_id":11590,"country_iso":"CHN"},{"h3index":"8730a07aeffffff","population_2015":1739.0555581051,"total_built_mass_tons":1199260.6465218095,"city_id":11590,"country_iso":"CHN"},{"h3index":"8730a2b68ffffff","population_2015":736.073318445,"total_built_mass_tons":367934.0428215856,"city_id":11590,"country_iso":"CHN"},{"h3index":"8730a2b69ffffff","population_2015":312.7765891982,"total_built_mass_tons":380148.0955237092,"city_id":11590,"country_iso":"CHN"},{"h3index":"8730a2b6affffff","population_2015":1.3288171324,"total_built_mass_tons":11925.5047129279,"city_id":11590,"country_iso":"CHN"},{"h3index":"8730a2b6cffffff","population_2015":66.2419776131,"total_built_mass_tons":29883.7950721185,"city_id":11590,"country_iso":"CHN"},{"h3index":"8730a2b6dffffff","population_2015":2204.5659921347,"total_built_mass_tons":968470.9564313483,"city_id":11590,"country_iso":"CHN"},{"h3index":"8730a2b6effffff","population_2015":97.3046689001,"total_built_mass_tons":211073.1575958456,"city_id":11590,"country_iso":"CHN"}]