[{"h3index": "871f14a49ffffff", "population_2015": 6799.092772932613, "total_built_mass_tons": 3029957.9554797653, "city_id": 2417, "country_iso": "DEU"}, {"h3index": "871f14a4dffffff", "population_2015": 6790.297424641776, "total_built_mass_tons": 3728839.6722165057, "city_id": 2417, "country_iso": "DEU"}, {"h3index": "871f14a6bffffff", "population_2015": 2013.5933804455924, "total_built_mass_tons": 2377127.230865582, "city_id": 2417, "country_iso": "DEU"}, {"h3index": "871f15d06ffffff", "population_2015": 3.5988641327502684, "total_built_mass_tons": 3737.169650506581, "city_id": 2417, "country_iso": "DEU"}, {"h3index": "871f15d10ffffff", "population_2015": 814.1644959057079, "total_built_mass_tons": 410932.426502509, "city_id": 2417, "country_iso": "DEU"}, {"h3index": "871f15d12ffffff", "population_2015": 6188.0677182104055, "total_built_mass_tons": 3238411.1588817406, "city_id": 2417, "country_iso": "DEU"}, {"h3index": "871f15d14ffffff", "population_2015": 6854.81180896385, "total_built_mass_tons": 3443284.2502426957, "city_id": 2417, "country_iso": "DEU"}, {"h3index": "871f15d15ffffff", "population_2015": 3.141809343824199, "total_built_mass_tons": 4299.342451860328, "city_id": 2417, "country_iso": "DEU"}, {"h3index": "871f15d16ffffff", "population_2015": 7457.378454954487, "total_built_mass_tons": 4815025.584650023, "city_id": 2417, "country_iso": "DEU"}, {"h3index": "871f15d30ffffff", "population_2015": 2842.3852663432863, "total_built_mass_tons": 1576224.8574821458, "city_id": 2417, "country_iso": "DEU"}, {"h3index": "871f15d31ffffff", "population_2015": 431.33307197608207, "total_built_mass_tons": 239286.80498545824, "city_id": 2417, "country_iso": "DEU"}, {"h3index": "871f15d32ffffff", "population_2015": 5158.511497953825, "total_built_mass_tons": 2392745.645051376, "city_id": 2417, "country_iso": "DEU"}, {"h3index": "871f15d33ffffff", "population_2015": 6001.543150464225, "total_built_mass_tons": 2318022.585552863, "city_id": 2417, "country_iso": "DEU"}, {"h3index": "871f15d36ffffff", "population_2015": 2782.3495397773445, "total_built_mass_tons": 1930267.8345159236, "city_id": 2417, "country_iso": "DEU"}, {"h3index": "871f15d85ffffff", "population_2015": 92.63805592854816, "total_built_mass_tons": 61117.62692715731, "city_id": 2417, "country_iso": "DEU"}, {"h3index": "871f15da1ffffff", "population_2015": 5929.93158280242, "total_built_mass_tons": 3621707.8513023127, "city_id": 2417, "country_iso": "DEU"}, {"h3index": "871f15da3ffffff", "population_2015": 1159.1163766150378, "total_built_mass_tons": 692647.4587939519, "city_id": 2417, "country_iso": "DEU"}, {"h3index": "871f15da5ffffff", "population_2015": 1230.7889349301656, "total_built_mass_tons": 753752.9346679018, "city_id": 2417, "country_iso": "DEU"}, {"h3index": "871f15dacffffff", "population_2015": 1951.5220583859611, "total_built_mass_tons": 767941.358708012, "city_id": 2417, "country_iso": "DEU"}, {"h3index": "871f15daeffffff", "population_2015": 4595.158907200307, "total_built_mass_tons": 2473037.387723279, "city_id": 2417, "country_iso": "DEU"}]