[{"h3index":"87be08c42ffffff","population_2015":377.9333689743,"total_built_mass_tons":119879.0283534053,"city_id":13041,"country_iso":"AUS"},{"h3index":"87be08c46ffffff","population_2015":204.331600221,"total_built_mass_tons":52600.1247316729,"city_id":13041,"country_iso":"AUS"},{"h3index":"87be08c50ffffff","population_2015":10386.2836117879,"total_built_mass_tons":4108451.0053036269,"city_id":13041,"country_iso":"AUS"},{"h3index":"87be08c51ffffff","population_2015":5864.1833433638,"total_built_mass_tons":1715123.2660124437,"city_id":13041,"country_iso":"AUS"},{"h3index":"87be08c52ffffff","population_2015":6827.4792269672,"total_built_mass_tons":4559929.2753344681,"city_id":13041,"country_iso":"AUS"},{"h3index":"87be08c53ffffff","population_2015":1562.7657084972,"total_built_mass_tons":996457.4923744552,"city_id":13041,"country_iso":"AUS"},{"h3index":"87be08c54ffffff","population_2015":1657.0343792048,"total_built_mass_tons":481717.7162075717,"city_id":13041,"country_iso":"AUS"},{"h3index":"87be08c55ffffff","population_2015":9644.2262299381,"total_built_mass_tons":2579532.1366381813,"city_id":13041,"country_iso":"AUS"},{"h3index":"87be08c56ffffff","population_2015":6541.2503904903,"total_built_mass_tons":2011038.8729689517,"city_id":13041,"country_iso":"AUS"},{"h3index":"87be08ce0ffffff","population_2015":6436.0941652555,"total_built_mass_tons":2775397.4065333814,"city_id":13041,"country_iso":"AUS"},{"h3index":"87be08ce1ffffff","population_2015":6454.0831577255,"total_built_mass_tons":4475271.154458181,"city_id":13041,"country_iso":"AUS"},{"h3index":"87be08ce2ffffff","population_2015":869.5877347409,"total_built_mass_tons":260973.590831554,"city_id":13041,"country_iso":"AUS"},{"h3index":"87be08ce3ffffff","population_2015":3483.1339555983,"total_built_mass_tons":1592042.023879824,"city_id":13041,"country_iso":"AUS"},{"h3index":"87be08ce5ffffff","population_2015":6360.672391613,"total_built_mass_tons":1986994.5527878569,"city_id":13041,"country_iso":"AUS"},{"h3index":"87be08ce6ffffff","population_2015":0.0186185788,"total_built_mass_tons":756.3931482586,"city_id":13041,"country_iso":"AUS"},{"h3index":"87be08cecffffff","population_2015":3159.2800958004,"total_built_mass_tons":876261.4281026446,"city_id":13041,"country_iso":"AUS"},{"h3index":"87be08ceeffffff","population_2015":5935.7945601574,"total_built_mass_tons":1944563.2340913345,"city_id":13041,"country_iso":"AUS"}]