[{"h3index": "87411a2b4ffffff", "population_2015": 9.760584647982729, "total_built_mass_tons": 2226.4361317377648, "city_id": 12037, "country_iso": "CHN"}, {"h3index": "87411a2b6ffffff", "population_2015": 2301.6507554535783, "total_built_mass_tons": 2165788.2868636344, "city_id": 12037, "country_iso": "CHN"}, {"h3index": "87411a380ffffff", "population_2015": 669.1236455562068, "total_built_mass_tons": 224238.95772484344, "city_id": 12037, "country_iso": "CHN"}, {"h3index": "87411a382ffffff", "population_2015": 6315.810397502489, "total_built_mass_tons": 3397981.909271891, "city_id": 12037, "country_iso": "CHN"}, {"h3index": "87411a383ffffff", "population_2015": 9.4736593096864, "total_built_mass_tons": 3733.5242362992462, "city_id": 12037, "country_iso": "CHN"}, {"h3index": "87411a384ffffff", "population_2015": 11411.711613405454, "total_built_mass_tons": 3050222.2364464863, "city_id": 12037, "country_iso": "CHN"}, {"h3index": "87411a385ffffff", "population_2015": 7.919282573812149, "total_built_mass_tons": 5117.513900321611, "city_id": 12037, "country_iso": "CHN"}, {"h3index": "87411a386ffffff", "population_2015": 13971.1149722118, "total_built_mass_tons": 3437220.0703119542, "city_id": 12037, "country_iso": "CHN"}, {"h3index": "87411a391ffffff", "population_2015": 4377.085891506718, "total_built_mass_tons": 1347823.755743681, "city_id": 12037, "country_iso": "CHN"}, {"h3index": "87411a393ffffff", "population_2015": 5017.2780474494475, "total_built_mass_tons": 2165412.1904702284, "city_id": 12037, "country_iso": "CHN"}, {"h3index": "87411a394ffffff", "population_2015": 9.652305187898524, "total_built_mass_tons": 4037.416646404996, "city_id": 12037, "country_iso": "CHN"}, {"h3index": "87411a395ffffff", "population_2015": 3727.5994333959097, "total_built_mass_tons": 609372.5444202085, "city_id": 12037, "country_iso": "CHN"}, {"h3index": "87411a39cffffff", "population_2015": 1224.2266404170618, "total_built_mass_tons": 346814.79591664625, "city_id": 12037, "country_iso": "CHN"}, {"h3index": "87411a39effffff", "population_2015": 5330.90035119758, "total_built_mass_tons": 1625583.6221123985, "city_id": 12037, "country_iso": "CHN"}, {"h3index": "87411a3b1ffffff", "population_2015": 9695.4589190614, "total_built_mass_tons": 3659771.412276627, "city_id": 12037, "country_iso": "CHN"}, {"h3index": "87411a3b3ffffff", "population_2015": 3471.3307126349105, "total_built_mass_tons": 1527048.3271492934, "city_id": 12037, "country_iso": "CHN"}, {"h3index": "87411a664ffffff", "population_2015": 7.6473786480286545, "total_built_mass_tons": 18036.41890244181, "city_id": 12037, "country_iso": "CHN"}, {"h3index": "87411a740ffffff", "population_2015": 2033.733339382621, "total_built_mass_tons": 937354.6715862694, "city_id": 12037, "country_iso": "CHN"}, {"h3index": "87411a741ffffff", "population_2015": 6468.410671741824, "total_built_mass_tons": 2850269.8601223705, "city_id": 12037, "country_iso": "CHN"}, {"h3index": "87411a748ffffff", "population_2015": 6588.395897010728, "total_built_mass_tons": 1324977.1900367918, "city_id": 12037, "country_iso": "CHN"}, {"h3index": "87411a749ffffff", "population_2015": 4519.550759128495, "total_built_mass_tons": 1106893.9833554395, "city_id": 12037, "country_iso": "CHN"}, {"h3index": "87411a74affffff", "population_2015": 241.3908893734801, "total_built_mass_tons": 83796.7243771661, "city_id": 12037, "country_iso": "CHN"}, {"h3index": "87411a74bffffff", "population_2015": 3213.6649334416675, "total_built_mass_tons": 653707.0993147044, "city_id": 12037, "country_iso": "CHN"}, {"h3index": "87411a74cffffff", "population_2015": 32342.66138879364, "total_built_mass_tons": 2010157.9956161552, "city_id": 12037, "country_iso": "CHN"}, {"h3index": "87411a74dffffff", "population_2015": 6374.440953509482, "total_built_mass_tons": 1641531.2074861138, "city_id": 12037, "country_iso": "CHN"}, {"h3index": "87411a74effffff", "population_2015": 25.12519753774007, "total_built_mass_tons": 43156.62421870675, "city_id": 12037, "country_iso": "CHN"}, {"h3index": "87411a768ffffff", "population_2015": 25618.692596330824, "total_built_mass_tons": 5941121.5868107565, "city_id": 12037, "country_iso": "CHN"}, {"h3index": "87411a769ffffff", "population_2015": 770.321646156498, "total_built_mass_tons": 522933.5030566625, "city_id": 12037, "country_iso": "CHN"}, {"h3index": "87411a76affffff", "population_2015": 30530.021226587483, "total_built_mass_tons": 9323743.62666071, "city_id": 12037, "country_iso": "CHN"}, {"h3index": "87411a76bffffff", "population_2015": 73848.62990812179, "total_built_mass_tons": 5941406.496252092, "city_id": 12037, "country_iso": "CHN"}, {"h3index": "87411a76cffffff", "population_2015": 4323.417843470854, "total_built_mass_tons": 1616885.8949511277, "city_id": 12037, "country_iso": "CHN"}, {"h3index": "87411a76dffffff", "population_2015": 7751.004744600783, "total_built_mass_tons": 1899324.6309359856, "city_id": 12037, "country_iso": "CHN"}]