[{"h3index":"8758f2480ffffff","population_2015":314.0886524369,"total_built_mass_tons":195711.1901244012,"city_id":2548,"country_iso":"NGA"},{"h3index":"8758f2482ffffff","population_2015":8.9226470209,"total_built_mass_tons":7470.1301597561,"city_id":2548,"country_iso":"NGA"},{"h3index":"8758f2484ffffff","population_2015":2847.8953784887,"total_built_mass_tons":1597304.4156332051,"city_id":2548,"country_iso":"NGA"},{"h3index":"8758f2485ffffff","population_2015":5.9767129926,"total_built_mass_tons":6014.2175224857,"city_id":2548,"country_iso":"NGA"},{"h3index":"8758f2486ffffff","population_2015":1764.7428226228,"total_built_mass_tons":1063677.877397768,"city_id":2548,"country_iso":"NGA"},{"h3index":"8758f2495ffffff","population_2015":4.2431060941,"total_built_mass_tons":4434.258849798,"city_id":2548,"country_iso":"NGA"},{"h3index":"8758f24a2ffffff","population_2015":1012.3319412007,"total_built_mass_tons":738597.815696864,"city_id":2548,"country_iso":"NGA"},{"h3index":"8758f24b1ffffff","population_2015":1428.9792518466,"total_built_mass_tons":1014370.8491863364,"city_id":2548,"country_iso":"NGA"},{"h3index":"8758f24b3ffffff","population_2015":8.8972950243,"total_built_mass_tons":35274.2644345098,"city_id":2548,"country_iso":"NGA"}]