[{"h3index": "87c2e06c8ffffff", "population_2015": 1513.116511257022, "total_built_mass_tons": 561046.5808302065, "city_id": 1105, "country_iso": "ARG"}, {"h3index": "87c2e06c9ffffff", "population_2015": 8645.973390500681, "total_built_mass_tons": 1741981.74602575, "city_id": 1105, "country_iso": "ARG"}, {"h3index": "87c2e06cbffffff", "population_2015": 2250.4741006383706, "total_built_mass_tons": 661654.2476643134, "city_id": 1105, "country_iso": "ARG"}, {"h3index": "87c2e06ccffffff", "population_2015": 9.006192207336426, "total_built_mass_tons": 60811.454266291, "city_id": 1105, "country_iso": "ARG"}, {"h3index": "87c2e06cdffffff", "population_2015": 10645.127103495137, "total_built_mass_tons": 2354839.921063315, "city_id": 1105, "country_iso": "ARG"}, {"h3index": "87c2e06ceffffff", "population_2015": 282.29916526009055, "total_built_mass_tons": 166144.42555231947, "city_id": 1105, "country_iso": "ARG"}, {"h3index": "87c2e06e8ffffff", "population_2015": 350.54241575353285, "total_built_mass_tons": 90509.07615791136, "city_id": 1105, "country_iso": "ARG"}, {"h3index": "87c2e06e9ffffff", "population_2015": 304.6131717120899, "total_built_mass_tons": 88467.96962870024, "city_id": 1105, "country_iso": "ARG"}, {"h3index": "87c2e06ebffffff", "population_2015": 4129.773730947458, "total_built_mass_tons": 850660.6211531681, "city_id": 1105, "country_iso": "ARG"}, {"h3index": "87c2e149affffff", "population_2015": 8.461899703156714, "total_built_mass_tons": 5284.028519525869, "city_id": 1105, "country_iso": "ARG"}, {"h3index": "87c2e300cffffff", "population_2015": 723.2552249684052, "total_built_mass_tons": 93013.87540386856, "city_id": 1105, "country_iso": "ARG"}, {"h3index": "87c2e300dffffff", "population_2015": 5367.933248501197, "total_built_mass_tons": 960179.7739895696, "city_id": 1105, "country_iso": "ARG"}, {"h3index": "87c2e3020ffffff", "population_2015": 41413.19666864733, "total_built_mass_tons": 4498329.693032054, "city_id": 1105, "country_iso": "ARG"}, {"h3index": "87c2e3021ffffff", "population_2015": 30284.563204178157, "total_built_mass_tons": 3821531.8131565214, "city_id": 1105, "country_iso": "ARG"}, {"h3index": "87c2e3022ffffff", "population_2015": 9255.752251329608, "total_built_mass_tons": 776471.7074372604, "city_id": 1105, "country_iso": "ARG"}, {"h3index": "87c2e3023ffffff", "population_2015": 3635.914438584273, "total_built_mass_tons": 379092.04823065794, "city_id": 1105, "country_iso": "ARG"}, {"h3index": "87c2e3024ffffff", "population_2015": 58733.14465969309, "total_built_mass_tons": 7806970.720567725, "city_id": 1105, "country_iso": "ARG"}, {"h3index": "87c2e3025ffffff", "population_2015": 41632.52432215075, "total_built_mass_tons": 4924031.1437676195, "city_id": 1105, "country_iso": "ARG"}, {"h3index": "87c2e3026ffffff", "population_2015": 25652.510330454515, "total_built_mass_tons": 2933411.5611267304, "city_id": 1105, "country_iso": "ARG"}, {"h3index": "87c2e3028ffffff", "population_2015": 20543.40793877397, "total_built_mass_tons": 4317136.454180277, "city_id": 1105, "country_iso": "ARG"}, {"h3index": "87c2e3029ffffff", "population_2015": 17225.109192126412, "total_built_mass_tons": 3817447.923547241, "city_id": 1105, "country_iso": "ARG"}, {"h3index": "87c2e302affffff", "population_2015": 4451.238421331668, "total_built_mass_tons": 954984.0110746222, "city_id": 1105, "country_iso": "ARG"}, {"h3index": "87c2e302bffffff", "population_2015": 17910.19035132165, "total_built_mass_tons": 2772236.579477133, "city_id": 1105, "country_iso": "ARG"}, {"h3index": "87c2e302cffffff", "population_2015": 23271.983630969484, "total_built_mass_tons": 4397418.2603764525, "city_id": 1105, "country_iso": "ARG"}, {"h3index": "87c2e302dffffff", "population_2015": 21915.377512210023, "total_built_mass_tons": 4427162.844947696, "city_id": 1105, "country_iso": "ARG"}, {"h3index": "87c2e302effffff", "population_2015": 12660.669250316245, "total_built_mass_tons": 2341050.2276094137, "city_id": 1105, "country_iso": "ARG"}, {"h3index": "87c2e3034ffffff", "population_2015": 9525.003124461457, "total_built_mass_tons": 703761.153173749, "city_id": 1105, "country_iso": "ARG"}, {"h3index": "87c2e3035ffffff", "population_2015": 7202.907233144722, "total_built_mass_tons": 756643.4913980707, "city_id": 1105, "country_iso": "ARG"}, {"h3index": "87c2e3040ffffff", "population_2015": 8922.466413868176, "total_built_mass_tons": 2385861.419438276, "city_id": 1105, "country_iso": "ARG"}, {"h3index": "87c2e3041ffffff", "population_2015": 7471.841312827319, "total_built_mass_tons": 2006201.4809267991, "city_id": 1105, "country_iso": "ARG"}, {"h3index": "87c2e3042ffffff", "population_2015": 19.99045467376709, "total_built_mass_tons": 55911.947179700925, "city_id": 1105, "country_iso": "ARG"}, {"h3index": "87c2e3044ffffff", "population_2015": 20597.250130687054, "total_built_mass_tons": 4041235.4186553806, "city_id": 1105, "country_iso": "ARG"}, {"h3index": "87c2e3045ffffff", "population_2015": 9120.11589829688, "total_built_mass_tons": 2099353.3035102477, "city_id": 1105, "country_iso": "ARG"}, {"h3index": "87c2e3046ffffff", "population_2015": 14000.015761835431, "total_built_mass_tons": 2579111.643747838, "city_id": 1105, "country_iso": "ARG"}, {"h3index": "87c2e304cffffff", "population_2015": 2338.3365556099834, "total_built_mass_tons": 581029.0867316118, "city_id": 1105, "country_iso": "ARG"}, {"h3index": "87c2e304dffffff", "population_2015": 599.3747964167127, "total_built_mass_tons": 130428.90752642484, "city_id": 1105, "country_iso": "ARG"}, {"h3index": "87c2e3054ffffff", "population_2015": 107.36185138178809, "total_built_mass_tons": 207196.75100646092, "city_id": 1105, "country_iso": "ARG"}, {"h3index": "87c2e3055ffffff", "population_2015": 29.624088294833314, "total_built_mass_tons": 22897.98974801559, "city_id": 1105, "country_iso": "ARG"}, {"h3index": "87c2e3060ffffff", "population_2015": 10053.044289637548, "total_built_mass_tons": 1865094.259582217, "city_id": 1105, "country_iso": "ARG"}, {"h3index": "87c2e3061ffffff", "population_2015": 7141.128103660133, "total_built_mass_tons": 1894447.6764547485, "city_id": 1105, "country_iso": "ARG"}, {"h3index": "87c2e3062ffffff", "population_2015": 21023.270135737395, "total_built_mass_tons": 3783121.414549906, "city_id": 1105, "country_iso": "ARG"}, {"h3index": "87c2e3063ffffff", "population_2015": 7947.399513065114, "total_built_mass_tons": 2216029.0370634785, "city_id": 1105, "country_iso": "ARG"}, {"h3index": "87c2e3064ffffff", "population_2015": 8362.648307366462, "total_built_mass_tons": 1481360.3829908506, "city_id": 1105, "country_iso": "ARG"}, {"h3index": "87c2e3065ffffff", "population_2015": 5285.613844007605, "total_built_mass_tons": 1498278.392156116, "city_id": 1105, "country_iso": "ARG"}, {"h3index": "87c2e3066ffffff", "population_2015": 15949.46785705417, "total_built_mass_tons": 2603845.197042399, "city_id": 1105, "country_iso": "ARG"}, {"h3index": "87c2e3068ffffff", "population_2015": 897.1698960079866, "total_built_mass_tons": 444903.8836004522, "city_id": 1105, "country_iso": "ARG"}, {"h3index": "87c2e3069ffffff", "population_2015": 3618.691340568019, "total_built_mass_tons": 963144.3856507269, "city_id": 1105, "country_iso": "ARG"}, {"h3index": "87c2e306affffff", "population_2015": 4572.281358191546, "total_built_mass_tons": 1214859.3027382754, "city_id": 1105, "country_iso": "ARG"}, {"h3index": "87c2e306bffffff", "population_2015": 3045.96361727621, "total_built_mass_tons": 672947.3217500711, "city_id": 1105, "country_iso": "ARG"}, {"h3index": "87c2e306cffffff", "population_2015": 3661.46474537008, "total_built_mass_tons": 1010123.0435883382, "city_id": 1105, "country_iso": "ARG"}, {"h3index": "87c2e306dffffff", "population_2015": 3528.5279164295575, "total_built_mass_tons": 1056341.411166086, "city_id": 1105, "country_iso": "ARG"}, {"h3index": "87c2e306effffff", "population_2015": 2447.3467317992554, "total_built_mass_tons": 886443.7843815497, "city_id": 1105, "country_iso": "ARG"}, {"h3index": "87c2e3070ffffff", "population_2015": 18629.316916491935, "total_built_mass_tons": 3967608.1026987024, "city_id": 1105, "country_iso": "ARG"}, {"h3index": "87c2e3071ffffff", "population_2015": 26327.224789518477, "total_built_mass_tons": 4173625.173161895, "city_id": 1105, "country_iso": "ARG"}, {"h3index": "87c2e3072ffffff", "population_2015": 10186.953997511022, "total_built_mass_tons": 2125830.297858936, "city_id": 1105, "country_iso": "ARG"}, {"h3index": "87c2e3073ffffff", "population_2015": 13341.17679951238, "total_built_mass_tons": 2314985.5701156757, "city_id": 1105, "country_iso": "ARG"}, {"h3index": "87c2e3074ffffff", "population_2015": 9334.954033361695, "total_built_mass_tons": 2009159.5315357072, "city_id": 1105, "country_iso": "ARG"}, {"h3index": "87c2e3075ffffff", "population_2015": 18618.252447150742, "total_built_mass_tons": 3352704.331440465, "city_id": 1105, "country_iso": "ARG"}, {"h3index": "87c2e3076ffffff", "population_2015": 12155.04321495505, "total_built_mass_tons": 2684668.1263760035, "city_id": 1105, "country_iso": "ARG"}, {"h3index": "87c2e3100ffffff", "population_2015": 78226.55398748061, "total_built_mass_tons": 7416892.045441957, "city_id": 1105, "country_iso": "ARG"}, {"h3index": "87c2e3101ffffff", "population_2015": 60083.18117388557, "total_built_mass_tons": 5855025.321110637, "city_id": 1105, "country_iso": "ARG"}, {"h3index": "87c2e3102ffffff", "population_2015": 93513.49467103247, "total_built_mass_tons": 7573928.488786116, "city_id": 1105, "country_iso": "ARG"}, {"h3index": "87c2e3103ffffff", "population_2015": 74052.51033292283, "total_built_mass_tons": 6670754.134144619, "city_id": 1105, "country_iso": "ARG"}, {"h3index": "87c2e3104ffffff", "population_2015": 48721.38979408414, "total_built_mass_tons": 4487143.646539087, "city_id": 1105, "country_iso": "ARG"}, {"h3index": "87c2e3105ffffff", "population_2015": 60671.958901917686, "total_built_mass_tons": 7086226.571667884, "city_id": 1105, "country_iso": "ARG"}, {"h3index": "87c2e3106ffffff", "population_2015": 57816.52170888865, "total_built_mass_tons": 4815189.392247545, "city_id": 1105, "country_iso": "ARG"}, {"h3index": "87c2e3108ffffff", "population_2015": 35086.18566148047, "total_built_mass_tons": 4348590.066168819, "city_id": 1105, "country_iso": "ARG"}, {"h3index": "87c2e3109ffffff", "population_2015": 41426.245488454784, "total_built_mass_tons": 5195671.534209497, "city_id": 1105, "country_iso": "ARG"}, {"h3index": "87c2e310affffff", "population_2015": 46971.71959485821, "total_built_mass_tons": 5491436.718366768, "city_id": 1105, "country_iso": "ARG"}, {"h3index": "87c2e310bffffff", "population_2015": 45900.324090157286, "total_built_mass_tons": 5845794.42711672, "city_id": 1105, "country_iso": "ARG"}, {"h3index": "87c2e310cffffff", "population_2015": 38686.21297249888, "total_built_mass_tons": 4563150.228706485, "city_id": 1105, "country_iso": "ARG"}, {"h3index": "87c2e310dffffff", "population_2015": 38385.70454786712, "total_built_mass_tons": 4917458.496058257, "city_id": 1105, "country_iso": "ARG"}, {"h3index": "87c2e310effffff", "population_2015": 42144.040669803995, "total_built_mass_tons": 4688848.710591007, "city_id": 1105, "country_iso": "ARG"}, {"h3index": "87c2e3110ffffff", "population_2015": 39480.69151439293, "total_built_mass_tons": 6402530.293613624, "city_id": 1105, "country_iso": "ARG"}, {"h3index": "87c2e3111ffffff", "population_2015": 85605.37692901018, "total_built_mass_tons": 7218980.255294832, "city_id": 1105, "country_iso": "ARG"}, {"h3index": "87c2e3112ffffff", "population_2015": 18091.604713929868, "total_built_mass_tons": 3413788.117914464, "city_id": 1105, "country_iso": "ARG"}, {"h3index": "87c2e3113ffffff", "population_2015": 47455.89143087348, "total_built_mass_tons": 7896552.21598325, "city_id": 1105, "country_iso": "ARG"}, {"h3index": "87c2e3114ffffff", "population_2015": 31185.42099238377, "total_built_mass_tons": 4504946.219297176, "city_id": 1105, "country_iso": "ARG"}, {"h3index": "87c2e3115ffffff", "population_2015": 52836.716616237856, "total_built_mass_tons": 4557996.822581331, "city_id": 1105, "country_iso": "ARG"}, {"h3index": "87c2e3116ffffff", "population_2015": 21911.02078030904, "total_built_mass_tons": 4303014.221144939, "city_id": 1105, "country_iso": "ARG"}, {"h3index": "87c2e3118ffffff", "population_2015": 60772.38671680524, "total_built_mass_tons": 8281282.442379299, "city_id": 1105, "country_iso": "ARG"}, {"h3index": "87c2e3119ffffff", "population_2015": 50878.11201222738, "total_built_mass_tons": 6850580.164811628, "city_id": 1105, "country_iso": "ARG"}, {"h3index": "87c2e311affffff", "population_2015": 57879.951051151045, "total_built_mass_tons": 5002186.118106531, "city_id": 1105, "country_iso": "ARG"}, {"h3index": "87c2e311bffffff", "population_2015": 25038.521943978703, "total_built_mass_tons": 1991417.295567661, "city_id": 1105, "country_iso": "ARG"}, {"h3index": "87c2e311cffffff", "population_2015": 86198.88506981346, "total_built_mass_tons": 7125155.687943283, "city_id": 1105, "country_iso": "ARG"}, {"h3index": "87c2e311dffffff", "population_2015": 51649.539211617266, "total_built_mass_tons": 7179026.37911715, "city_id": 1105, "country_iso": "ARG"}, {"h3index": "87c2e311effffff", "population_2015": 93531.87481126972, "total_built_mass_tons": 7551301.569121815, "city_id": 1105, "country_iso": "ARG"}, {"h3index": "87c2e3120ffffff", "population_2015": 16366.40003488578, "total_built_mass_tons": 2217649.8262920384, "city_id": 1105, "country_iso": "ARG"}, {"h3index": "87c2e3121ffffff", "population_2015": 30312.91668922574, "total_built_mass_tons": 4298677.546729018, "city_id": 1105, "country_iso": "ARG"}, {"h3index": "87c2e3122ffffff", "population_2015": 26596.755114072912, "total_built_mass_tons": 3198702.631481817, "city_id": 1105, "country_iso": "ARG"}, {"h3index": "87c2e3123ffffff", "population_2015": 32062.64468967213, "total_built_mass_tons": 3395673.7725473945, "city_id": 1105, "country_iso": "ARG"}, {"h3index": "87c2e3124ffffff", "population_2015": 19423.82619455375, "total_built_mass_tons": 2904348.484323931, "city_id": 1105, "country_iso": "ARG"}, {"h3index": "87c2e3125ffffff", "population_2015": 38325.13705366547, "total_built_mass_tons": 4236252.807123322, "city_id": 1105, "country_iso": "ARG"}, {"h3index": "87c2e3126ffffff", "population_2015": 12840.477630398324, "total_built_mass_tons": 1451093.7146027102, "city_id": 1105, "country_iso": "ARG"}, {"h3index": "87c2e3128ffffff", "population_2015": 42714.162097467146, "total_built_mass_tons": 5350433.185146218, "city_id": 1105, "country_iso": "ARG"}, {"h3index": "87c2e3129ffffff", "population_2015": 36765.724701496176, "total_built_mass_tons": 4688818.996984104, "city_id": 1105, "country_iso": "ARG"}, {"h3index": "87c2e312affffff", "population_2015": 50224.045961327654, "total_built_mass_tons": 5724382.1180143105, "city_id": 1105, "country_iso": "ARG"}, {"h3index": "87c2e312bffffff", "population_2015": 41126.950044280435, "total_built_mass_tons": 5321465.105924076, "city_id": 1105, "country_iso": "ARG"}, {"h3index": "87c2e312cffffff", "population_2015": 38009.19439100378, "total_built_mass_tons": 5023489.705172727, "city_id": 1105, "country_iso": "ARG"}, {"h3index": "87c2e312dffffff", "population_2015": 34188.250447441555, "total_built_mass_tons": 4537602.115934735, "city_id": 1105, "country_iso": "ARG"}, {"h3index": "87c2e312effffff", "population_2015": 38636.21605033124, "total_built_mass_tons": 4831305.422449904, "city_id": 1105, "country_iso": "ARG"}, {"h3index": "87c2e3130ffffff", "population_2015": 24429.42836209466, "total_built_mass_tons": 3624437.593518844, "city_id": 1105, "country_iso": "ARG"}, {"h3index": "87c2e3131ffffff", "population_2015": 32037.584819030755, "total_built_mass_tons": 4020266.1299328106, "city_id": 1105, "country_iso": "ARG"}, {"h3index": "87c2e3132ffffff", "population_2015": 26709.493539084637, "total_built_mass_tons": 4133420.166401168, "city_id": 1105, "country_iso": "ARG"}, {"h3index": "87c2e3133ffffff", "population_2015": 31686.53208042219, "total_built_mass_tons": 4707333.652732274, "city_id": 1105, "country_iso": "ARG"}, {"h3index": "87c2e3134ffffff", "population_2015": 30385.655979231295, "total_built_mass_tons": 4301273.300936332, "city_id": 1105, "country_iso": "ARG"}, {"h3index": "87c2e3135ffffff", "population_2015": 24455.000290724816, "total_built_mass_tons": 3569580.3974924423, "city_id": 1105, "country_iso": "ARG"}, {"h3index": "87c2e3136ffffff", "population_2015": 24958.31906000773, "total_built_mass_tons": 3452655.70081482, "city_id": 1105, "country_iso": "ARG"}, {"h3index": "87c2e3140ffffff", "population_2015": 21635.773732892212, "total_built_mass_tons": 3668686.516952158, "city_id": 1105, "country_iso": "ARG"}, {"h3index": "87c2e3141ffffff", "population_2015": 7559.796949012607, "total_built_mass_tons": 1362914.6983324806, "city_id": 1105, "country_iso": "ARG"}, {"h3index": "87c2e3142ffffff", "population_2015": 27381.587279196356, "total_built_mass_tons": 4368084.007539126, "city_id": 1105, "country_iso": "ARG"}, {"h3index": "87c2e3143ffffff", "population_2015": 17321.555913506298, "total_built_mass_tons": 3493682.906187314, "city_id": 1105, "country_iso": "ARG"}, {"h3index": "87c2e3144ffffff", "population_2015": 16942.07915333766, "total_built_mass_tons": 3194645.2957067066, "city_id": 1105, "country_iso": "ARG"}, {"h3index": "87c2e3145ffffff", "population_2015": 14695.684132175811, "total_built_mass_tons": 2651069.7798846653, "city_id": 1105, "country_iso": "ARG"}, {"h3index": "87c2e3146ffffff", "population_2015": 24510.89425041349, "total_built_mass_tons": 4193285.432708809, "city_id": 1105, "country_iso": "ARG"}, {"h3index": "87c2e3148ffffff", "population_2015": 4585.802491655537, "total_built_mass_tons": 1238247.4887019168, "city_id": 1105, "country_iso": "ARG"}, {"h3index": "87c2e3149ffffff", "population_2015": 10082.550348566092, "total_built_mass_tons": 2351466.690528387, "city_id": 1105, "country_iso": "ARG"}, {"h3index": "87c2e314affffff", "population_2015": 5359.227613000309, "total_built_mass_tons": 1127612.8523893957, "city_id": 1105, "country_iso": "ARG"}, {"h3index": "87c2e314bffffff", "population_2015": 11944.411397208423, "total_built_mass_tons": 3070288.0275931805, "city_id": 1105, "country_iso": "ARG"}, {"h3index": "87c2e314dffffff", "population_2015": 1244.949721216688, "total_built_mass_tons": 334474.16187239357, "city_id": 1105, "country_iso": "ARG"}, {"h3index": "87c2e314effffff", "population_2015": 2038.1995293561156, "total_built_mass_tons": 416478.7709547208, "city_id": 1105, "country_iso": "ARG"}, {"h3index": "87c2e3150ffffff", "population_2015": 28133.264049111152, "total_built_mass_tons": 4661053.899478702, "city_id": 1105, "country_iso": "ARG"}, {"h3index": "87c2e3151ffffff", "population_2015": 27631.32901491653, "total_built_mass_tons": 4464700.198028106, "city_id": 1105, "country_iso": "ARG"}, {"h3index": "87c2e3152ffffff", "population_2015": 30520.074981465063, "total_built_mass_tons": 4514737.265793015, "city_id": 1105, "country_iso": "ARG"}, {"h3index": "87c2e3153ffffff", "population_2015": 27441.894925136196, "total_built_mass_tons": 4826635.439608, "city_id": 1105, "country_iso": "ARG"}, {"h3index": "87c2e3154ffffff", "population_2015": 24592.18650023517, "total_built_mass_tons": 3631217.241723622, "city_id": 1105, "country_iso": "ARG"}, {"h3index": "87c2e3155ffffff", "population_2015": 27350.483750691135, "total_built_mass_tons": 3953728.303738109, "city_id": 1105, "country_iso": "ARG"}, {"h3index": "87c2e3156ffffff", "population_2015": 30311.5726257773, "total_built_mass_tons": 3068353.874438012, "city_id": 1105, "country_iso": "ARG"}, {"h3index": "87c2e3158ffffff", "population_2015": 17388.959078762575, "total_built_mass_tons": 3629310.582426494, "city_id": 1105, "country_iso": "ARG"}, {"h3index": "87c2e3159ffffff", "population_2015": 14288.46538642434, "total_built_mass_tons": 2228152.165270482, "city_id": 1105, "country_iso": "ARG"}, {"h3index": "87c2e315affffff", "population_2015": 16289.182679800895, "total_built_mass_tons": 3390562.3880565846, "city_id": 1105, "country_iso": "ARG"}, {"h3index": "87c2e315bffffff", "population_2015": 12212.419539941526, "total_built_mass_tons": 1666946.4952150476, "city_id": 1105, "country_iso": "ARG"}, {"h3index": "87c2e315cffffff", "population_2015": 22620.370532002184, "total_built_mass_tons": 4055726.088004561, "city_id": 1105, "country_iso": "ARG"}, {"h3index": "87c2e315dffffff", "population_2015": 18300.312062888053, "total_built_mass_tons": 3823885.3435876574, "city_id": 1105, "country_iso": "ARG"}, {"h3index": "87c2e315effffff", "population_2015": 22116.636629037286, "total_built_mass_tons": 4175655.4222526494, "city_id": 1105, "country_iso": "ARG"}, {"h3index": "87c2e3160ffffff", "population_2015": 15973.576856717877, "total_built_mass_tons": 3256283.9671796076, "city_id": 1105, "country_iso": "ARG"}, {"h3index": "87c2e3161ffffff", "population_2015": 10254.188133322024, "total_built_mass_tons": 2290017.8810666236, "city_id": 1105, "country_iso": "ARG"}, {"h3index": "87c2e3162ffffff", "population_2015": 21392.99070382958, "total_built_mass_tons": 4230173.122677633, "city_id": 1105, "country_iso": "ARG"}, {"h3index": "87c2e3163ffffff", "population_2015": 20011.114201519536, "total_built_mass_tons": 3942673.864512574, "city_id": 1105, "country_iso": "ARG"}, {"h3index": "87c2e3164ffffff", "population_2015": 6643.818073706533, "total_built_mass_tons": 1383511.672636489, "city_id": 1105, "country_iso": "ARG"}, {"h3index": "87c2e3165ffffff", "population_2015": 10635.277578402494, "total_built_mass_tons": 2085985.7430695016, "city_id": 1105, "country_iso": "ARG"}, {"h3index": "87c2e3166ffffff", "population_2015": 22447.61304984, "total_built_mass_tons": 3905330.8077894654, "city_id": 1105, "country_iso": "ARG"}, {"h3index": "87c2e316affffff", "population_2015": 47.960035167020905, "total_built_mass_tons": 11844.164782356442, "city_id": 1105, "country_iso": "ARG"}, {"h3index": "87c2e316cffffff", "population_2015": 2253.3493678635245, "total_built_mass_tons": 458926.9693810587, "city_id": 1105, "country_iso": "ARG"}, {"h3index": "87c2e316dffffff", "population_2015": 3308.4767515631283, "total_built_mass_tons": 716362.8838265801, "city_id": 1105, "country_iso": "ARG"}, {"h3index": "87c2e316effffff", "population_2015": 11096.174842393166, "total_built_mass_tons": 2145426.9893620624, "city_id": 1105, "country_iso": "ARG"}, {"h3index": "87c2e3170ffffff", "population_2015": 36539.46317117728, "total_built_mass_tons": 4535248.614944533, "city_id": 1105, "country_iso": "ARG"}, {"h3index": "87c2e3171ffffff", "population_2015": 23658.240103837557, "total_built_mass_tons": 3928885.494515266, "city_id": 1105, "country_iso": "ARG"}, {"h3index": "87c2e3172ffffff", "population_2015": 26964.788891496846, "total_built_mass_tons": 3673914.2636633953, "city_id": 1105, "country_iso": "ARG"}, {"h3index": "87c2e3173ffffff", "population_2015": 25502.09785968557, "total_built_mass_tons": 4175540.6360527, "city_id": 1105, "country_iso": "ARG"}, {"h3index": "87c2e3174ffffff", "population_2015": 21645.990885820574, "total_built_mass_tons": 3600140.9117203862, "city_id": 1105, "country_iso": "ARG"}, {"h3index": "87c2e3175ffffff", "population_2015": 29909.23616677079, "total_built_mass_tons": 4245630.175421523, "city_id": 1105, "country_iso": "ARG"}, {"h3index": "87c2e3176ffffff", "population_2015": 40181.60822720994, "total_built_mass_tons": 5273142.392775256, "city_id": 1105, "country_iso": "ARG"}, {"h3index": "87c2e31a1ffffff", "population_2015": 731.1267792271633, "total_built_mass_tons": 257544.18037995303, "city_id": 1105, "country_iso": "ARG"}, {"h3index": "87c2e31a4ffffff", "population_2015": 355.23974968779316, "total_built_mass_tons": 86040.23975894111, "city_id": 1105, "country_iso": "ARG"}, {"h3index": "87c2e31a5ffffff", "population_2015": 4418.806874630497, "total_built_mass_tons": 1002480.6347761212, "city_id": 1105, "country_iso": "ARG"}, {"h3index": "87c2e31a8ffffff", "population_2015": 4817.989267132329, "total_built_mass_tons": 553904.362210542, "city_id": 1105, "country_iso": "ARG"}, {"h3index": "87c2e31a9ffffff", "population_2015": 22344.337686531213, "total_built_mass_tons": 1856923.4023259075, "city_id": 1105, "country_iso": "ARG"}, {"h3index": "87c2e31acffffff", "population_2015": 6227.746451822917, "total_built_mass_tons": 824625.9439701812, "city_id": 1105, "country_iso": "ARG"}, {"h3index": "87c2e31adffffff", "population_2015": 44899.48340808644, "total_built_mass_tons": 5505983.92776317, "city_id": 1105, "country_iso": "ARG"}, {"h3index": "87c2e3320ffffff", "population_2015": 2730.512346234041, "total_built_mass_tons": 777044.644555019, "city_id": 1105, "country_iso": "ARG"}, {"h3index": "87c2e3321ffffff", "population_2015": 6699.347984299003, "total_built_mass_tons": 1947558.2726622908, "city_id": 1105, "country_iso": "ARG"}, {"h3index": "87c2e3322ffffff", "population_2015": 56.9656868392346, "total_built_mass_tons": 14755.440866780827, "city_id": 1105, "country_iso": "ARG"}, {"h3index": "87c2e3323ffffff", "population_2015": 1616.1927068560728, "total_built_mass_tons": 375584.4000836266, "city_id": 1105, "country_iso": "ARG"}, {"h3index": "87c2e3324ffffff", "population_2015": 8502.039082220488, "total_built_mass_tons": 2313576.946748348, "city_id": 1105, "country_iso": "ARG"}, {"h3index": "87c2e3325ffffff", "population_2015": 5199.6097118527305, "total_built_mass_tons": 1702898.083180847, "city_id": 1105, "country_iso": "ARG"}, {"h3index": "87c2e3326ffffff", "population_2015": 3238.093157584993, "total_built_mass_tons": 848766.797814026, "city_id": 1105, "country_iso": "ARG"}, {"h3index": "87c2e332cffffff", "population_2015": 425.4306849236582, "total_built_mass_tons": 215535.80365824647, "city_id": 1105, "country_iso": "ARG"}, {"h3index": "87c2e332effffff", "population_2015": 116.04771105448404, "total_built_mass_tons": 66559.98301548671, "city_id": 1105, "country_iso": "ARG"}, {"h3index": "87c2e3334ffffff", "population_2015": 3591.5695846258423, "total_built_mass_tons": 939313.5606481906, "city_id": 1105, "country_iso": "ARG"}, {"h3index": "87c2e3335ffffff", "population_2015": 1880.171589159498, "total_built_mass_tons": 737821.2317777777, "city_id": 1105, "country_iso": "ARG"}, {"h3index": "87c2e3336ffffff", "population_2015": 3587.569308673634, "total_built_mass_tons": 832652.6466967589, "city_id": 1105, "country_iso": "ARG"}, {"h3index": "87c2e3800ffffff", "population_2015": 784.0463509353938, "total_built_mass_tons": 153489.70019556113, "city_id": 1105, "country_iso": "ARG"}, {"h3index": "87c2e3801ffffff", "population_2015": 20386.77038156097, "total_built_mass_tons": 2503863.9862610633, "city_id": 1105, "country_iso": "ARG"}, {"h3index": "87c2e3803ffffff", "population_2015": 17878.33005926094, "total_built_mass_tons": 2466524.7135359137, "city_id": 1105, "country_iso": "ARG"}, {"h3index": "87c2e3805ffffff", "population_2015": 6228.206537149466, "total_built_mass_tons": 804348.5755185996, "city_id": 1105, "country_iso": "ARG"}, {"h3index": "87c2e3808ffffff", "population_2015": 24613.96312893886, "total_built_mass_tons": 2716203.4168742015, "city_id": 1105, "country_iso": "ARG"}, {"h3index": "87c2e3809ffffff", "population_2015": 10160.9379070656, "total_built_mass_tons": 1426461.318029977, "city_id": 1105, "country_iso": "ARG"}, {"h3index": "87c2e380affffff", "population_2015": 31209.723936088423, "total_built_mass_tons": 3402431.053810006, "city_id": 1105, "country_iso": "ARG"}, {"h3index": "87c2e380bffffff", "population_2015": 17927.836211926322, "total_built_mass_tons": 2596306.171564021, "city_id": 1105, "country_iso": "ARG"}, {"h3index": "87c2e380cffffff", "population_2015": 29125.725695396868, "total_built_mass_tons": 3047343.918844761, "city_id": 1105, "country_iso": "ARG"}, {"h3index": "87c2e380dffffff", "population_2015": 22775.71894935159, "total_built_mass_tons": 2442233.396067999, "city_id": 1105, "country_iso": "ARG"}, {"h3index": "87c2e380effffff", "population_2015": 28847.61651198443, "total_built_mass_tons": 3229896.2460806794, "city_id": 1105, "country_iso": "ARG"}, {"h3index": "87c2e3812ffffff", "population_2015": 805.4978519514494, "total_built_mass_tons": 216895.33355334925, "city_id": 1105, "country_iso": "ARG"}, {"h3index": "87c2e3816ffffff", "population_2015": 139.80181910944918, "total_built_mass_tons": 31841.819665926203, "city_id": 1105, "country_iso": "ARG"}, {"h3index": "87c2e3818ffffff", "population_2015": 18178.248126863964, "total_built_mass_tons": 2197983.0454847096, "city_id": 1105, "country_iso": "ARG"}, {"h3index": "87c2e3819ffffff", "population_2015": 23844.682420483765, "total_built_mass_tons": 2742965.313293564, "city_id": 1105, "country_iso": "ARG"}, {"h3index": "87c2e381affffff", "population_2015": 1038.187150252099, "total_built_mass_tons": 205031.7178670962, "city_id": 1105, "country_iso": "ARG"}, {"h3index": "87c2e381bffffff", "population_2015": 27653.759048746146, "total_built_mass_tons": 3049900.395947553, "city_id": 1105, "country_iso": "ARG"}, {"h3index": "87c2e381cffffff", "population_2015": 7367.634379345763, "total_built_mass_tons": 1000472.851955852, "city_id": 1105, "country_iso": "ARG"}, {"h3index": "87c2e381dffffff", "population_2015": 34770.284266587805, "total_built_mass_tons": 3603100.5529718073, "city_id": 1105, "country_iso": "ARG"}, {"h3index": "87c2e3820ffffff", "population_2015": 23.74827870387657, "total_built_mass_tons": 24550.566911752147, "city_id": 1105, "country_iso": "ARG"}, {"h3index": "87c2e3821ffffff", "population_2015": 10659.63653451882, "total_built_mass_tons": 1419603.0955838768, "city_id": 1105, "country_iso": "ARG"}, {"h3index": "87c2e3823ffffff", "population_2015": 489.2107314016305, "total_built_mass_tons": 123790.75018342606, "city_id": 1105, "country_iso": "ARG"}, {"h3index": "87c2e3825ffffff", "population_2015": 7482.592109429602, "total_built_mass_tons": 1094692.4510994786, "city_id": 1105, "country_iso": "ARG"}, {"h3index": "87c2e3828ffffff", "population_2015": 4900.100474024752, "total_built_mass_tons": 616245.1489922927, "city_id": 1105, "country_iso": "ARG"}, {"h3index": "87c2e3829ffffff", "population_2015": 300.3515471065745, "total_built_mass_tons": 66127.81686807865, "city_id": 1105, "country_iso": "ARG"}, {"h3index": "87c2e382affffff", "population_2015": 16362.429091158096, "total_built_mass_tons": 1475888.5937097557, "city_id": 1105, "country_iso": "ARG"}, {"h3index": "87c2e382bffffff", "population_2015": 11169.921325395628, "total_built_mass_tons": 1255914.5548209073, "city_id": 1105, "country_iso": "ARG"}, {"h3index": "87c2e382cffffff", "population_2015": 16993.838255048267, "total_built_mass_tons": 1854766.2401303295, "city_id": 1105, "country_iso": "ARG"}, {"h3index": "87c2e382effffff", "population_2015": 17462.02024794186, "total_built_mass_tons": 1958707.938856496, "city_id": 1105, "country_iso": "ARG"}, {"h3index": "87c2e3834ffffff", "population_2015": 69.27333085303212, "total_built_mass_tons": 19793.27643214089, "city_id": 1105, "country_iso": "ARG"}, {"h3index": "87c2e3836ffffff", "population_2015": 1636.6384899999582, "total_built_mass_tons": 518232.6264025349, "city_id": 1105, "country_iso": "ARG"}, {"h3index": "87c2e3840ffffff", "population_2015": 473.78528338413616, "total_built_mass_tons": 96521.9934639994, "city_id": 1105, "country_iso": "ARG"}, {"h3index": "87c2e3842ffffff", "population_2015": 3027.898334439595, "total_built_mass_tons": 498253.03228725056, "city_id": 1105, "country_iso": "ARG"}, {"h3index": "87c2e3843ffffff", "population_2015": 7107.324368211336, "total_built_mass_tons": 1071246.6706517243, "city_id": 1105, "country_iso": "ARG"}, {"h3index": "87c2e3846ffffff", "population_2015": 19.92455085305607, "total_built_mass_tons": 3349.520840750816, "city_id": 1105, "country_iso": "ARG"}, {"h3index": "87c2e3848ffffff", "population_2015": 4543.193428312565, "total_built_mass_tons": 807096.284655976, "city_id": 1105, "country_iso": "ARG"}, {"h3index": "87c2e3849ffffff", "population_2015": 9039.471455686236, "total_built_mass_tons": 1709546.6117382215, "city_id": 1105, "country_iso": "ARG"}, {"h3index": "87c2e384affffff", "population_2015": 19386.109969083, "total_built_mass_tons": 3106496.549052763, "city_id": 1105, "country_iso": "ARG"}, {"h3index": "87c2e384bffffff", "population_2015": 14599.46083869186, "total_built_mass_tons": 2416506.0241166893, "city_id": 1105, "country_iso": "ARG"}, {"h3index": "87c2e384dffffff", "population_2015": 5184.37476018644, "total_built_mass_tons": 1264585.1380233157, "city_id": 1105, "country_iso": "ARG"}, {"h3index": "87c2e384effffff", "population_2015": 9828.885187814743, "total_built_mass_tons": 1607709.0951680029, "city_id": 1105, "country_iso": "ARG"}, {"h3index": "87c2e3850ffffff", "population_2015": 438.4916534162036, "total_built_mass_tons": 163856.88481331844, "city_id": 1105, "country_iso": "ARG"}, {"h3index": "87c2e3851ffffff", "population_2015": 1606.9588415650758, "total_built_mass_tons": 411812.89908929367, "city_id": 1105, "country_iso": "ARG"}, {"h3index": "87c2e3852ffffff", "population_2015": 8104.685270690918, "total_built_mass_tons": 1422208.566267854, "city_id": 1105, "country_iso": "ARG"}, {"h3index": "87c2e3853ffffff", "population_2015": 12033.109996563782, "total_built_mass_tons": 2264468.2962069353, "city_id": 1105, "country_iso": "ARG"}, {"h3index": "87c2e3854ffffff", "population_2015": 100.54283351524202, "total_built_mass_tons": 37636.42012091424, "city_id": 1105, "country_iso": "ARG"}, {"h3index": "87c2e3856ffffff", "population_2015": 3756.6856259364704, "total_built_mass_tons": 601287.7018052528, "city_id": 1105, "country_iso": "ARG"}, {"h3index": "87c2e3858ffffff", "population_2015": 18339.82924984951, "total_built_mass_tons": 2940547.596998729, "city_id": 1105, "country_iso": "ARG"}, {"h3index": "87c2e3859ffffff", "population_2015": 22133.681821082613, "total_built_mass_tons": 3449222.027401328, "city_id": 1105, "country_iso": "ARG"}, {"h3index": "87c2e385affffff", "population_2015": 21491.26981503356, "total_built_mass_tons": 3456029.833734162, "city_id": 1105, "country_iso": "ARG"}, {"h3index": "87c2e385bffffff", "population_2015": 23478.552826810344, "total_built_mass_tons": 3429851.19009881, "city_id": 1105, "country_iso": "ARG"}, {"h3index": "87c2e385cffffff", "population_2015": 8326.668559904658, "total_built_mass_tons": 1519244.848537555, "city_id": 1105, "country_iso": "ARG"}, {"h3index": "87c2e385dffffff", "population_2015": 13080.927878383563, "total_built_mass_tons": 2264608.3013712135, "city_id": 1105, "country_iso": "ARG"}, {"h3index": "87c2e385effffff", "population_2015": 15080.17772830888, "total_built_mass_tons": 2450474.581844263, "city_id": 1105, "country_iso": "ARG"}, {"h3index": "87c2e3869ffffff", "population_2015": 2236.691944359798, "total_built_mass_tons": 841171.5581678221, "city_id": 1105, "country_iso": "ARG"}, {"h3index": "87c2e386bffffff", "population_2015": 43.172037042356, "total_built_mass_tons": 16413.39918198283, "city_id": 1105, "country_iso": "ARG"}, {"h3index": "87c2e3870ffffff", "population_2015": 119.86932577245376, "total_built_mass_tons": 19136.31004819211, "city_id": 1105, "country_iso": "ARG"}, {"h3index": "87c2e3872ffffff", "population_2015": 7755.743377431234, "total_built_mass_tons": 1124441.4325097825, "city_id": 1105, "country_iso": "ARG"}, {"h3index": "87c2e3873ffffff", "population_2015": 4.49033675848269, "total_built_mass_tons": 932.6629404674452, "city_id": 1105, "country_iso": "ARG"}, {"h3index": "87c2e3876ffffff", "population_2015": 1982.8928825228816, "total_built_mass_tons": 296035.88349184673, "city_id": 1105, "country_iso": "ARG"}, {"h3index": "87c2e3880ffffff", "population_2015": 19518.147816729088, "total_built_mass_tons": 3565645.962054879, "city_id": 1105, "country_iso": "ARG"}, {"h3index": "87c2e3881ffffff", "population_2015": 20286.789652671072, "total_built_mass_tons": 3628331.99220941, "city_id": 1105, "country_iso": "ARG"}, {"h3index": "87c2e3882ffffff", "population_2015": 27234.64012687534, "total_built_mass_tons": 3919885.605820497, "city_id": 1105, "country_iso": "ARG"}, {"h3index": "87c2e3883ffffff", "population_2015": 25299.30039390115, "total_built_mass_tons": 3758493.681174475, "city_id": 1105, "country_iso": "ARG"}, {"h3index": "87c2e3884ffffff", "population_2015": 9276.161631804818, "total_built_mass_tons": 1960244.3772482965, "city_id": 1105, "country_iso": "ARG"}, {"h3index": "87c2e3885ffffff", "population_2015": 8922.423222710102, "total_built_mass_tons": 2175331.8067618767, "city_id": 1105, "country_iso": "ARG"}, {"h3index": "87c2e3886ffffff", "population_2015": 22014.05467117907, "total_built_mass_tons": 3754174.908229027, "city_id": 1105, "country_iso": "ARG"}, {"h3index": "87c2e3888ffffff", "population_2015": 33959.220400851395, "total_built_mass_tons": 3399042.3646004945, "city_id": 1105, "country_iso": "ARG"}, {"h3index": "87c2e3889ffffff", "population_2015": 44108.705017927576, "total_built_mass_tons": 3931495.8297267184, "city_id": 1105, "country_iso": "ARG"}, {"h3index": "87c2e388affffff", "population_2015": 22330.75743780698, "total_built_mass_tons": 2349288.754456422, "city_id": 1105, "country_iso": "ARG"}, {"h3index": "87c2e388bffffff", "population_2015": 42444.99391159355, "total_built_mass_tons": 3853213.976111921, "city_id": 1105, "country_iso": "ARG"}, {"h3index": "87c2e388cffffff", "population_2015": 11385.517956101665, "total_built_mass_tons": 1621615.0588305627, "city_id": 1105, "country_iso": "ARG"}, {"h3index": "87c2e388dffffff", "population_2015": 19094.270036884387, "total_built_mass_tons": 1933825.6864201748, "city_id": 1105, "country_iso": "ARG"}, {"h3index": "87c2e388effffff", "population_2015": 20026.52282963173, "total_built_mass_tons": 3016891.3230823586, "city_id": 1105, "country_iso": "ARG"}, {"h3index": "87c2e3890ffffff", "population_2015": 29648.70552290373, "total_built_mass_tons": 3763405.045192341, "city_id": 1105, "country_iso": "ARG"}, {"h3index": "87c2e3891ffffff", "population_2015": 33097.039203120214, "total_built_mass_tons": 3886361.4285310074, "city_id": 1105, "country_iso": "ARG"}, {"h3index": "87c2e3892ffffff", "population_2015": 26529.747766951015, "total_built_mass_tons": 3879037.18717908, "city_id": 1105, "country_iso": "ARG"}, {"h3index": "87c2e3893ffffff", "population_2015": 25991.752639246923, "total_built_mass_tons": 3545368.346613662, "city_id": 1105, "country_iso": "ARG"}, {"h3index": "87c2e3894ffffff", "population_2015": 25918.809980115704, "total_built_mass_tons": 4117828.036336192, "city_id": 1105, "country_iso": "ARG"}, {"h3index": "87c2e3895ffffff", "population_2015": 25586.80804966946, "total_built_mass_tons": 4369878.554075734, "city_id": 1105, "country_iso": "ARG"}, {"h3index": "87c2e3896ffffff", "population_2015": 25195.06275646733, "total_built_mass_tons": 3910161.934031995, "city_id": 1105, "country_iso": "ARG"}, {"h3index": "87c2e3898ffffff", "population_2015": 33442.32694754508, "total_built_mass_tons": 3963012.883858118, "city_id": 1105, "country_iso": "ARG"}, {"h3index": "87c2e3899ffffff", "population_2015": 17847.020285512892, "total_built_mass_tons": 2627494.9119553883, "city_id": 1105, "country_iso": "ARG"}, {"h3index": "87c2e389affffff", "population_2015": 32944.76716166479, "total_built_mass_tons": 4481676.09215617, "city_id": 1105, "country_iso": "ARG"}, {"h3index": "87c2e389bffffff", "population_2015": 27399.2592428918, "total_built_mass_tons": 4082310.7127180127, "city_id": 1105, "country_iso": "ARG"}, {"h3index": "87c2e389cffffff", "population_2015": 35702.14300106274, "total_built_mass_tons": 3886918.0522924066, "city_id": 1105, "country_iso": "ARG"}, {"h3index": "87c2e389dffffff", "population_2015": 27338.708735372496, "total_built_mass_tons": 3790479.512853399, "city_id": 1105, "country_iso": "ARG"}, {"h3index": "87c2e389effffff", "population_2015": 32387.73587031645, "total_built_mass_tons": 4131366.075370213, "city_id": 1105, "country_iso": "ARG"}, {"h3index": "87c2e38a0ffffff", "population_2015": 12640.29195905199, "total_built_mass_tons": 2568391.0203048633, "city_id": 1105, "country_iso": "ARG"}, {"h3index": "87c2e38a1ffffff", "population_2015": 9227.772584114826, "total_built_mass_tons": 2266753.5036652684, "city_id": 1105, "country_iso": "ARG"}, {"h3index": "87c2e38a2ffffff", "population_2015": 2608.354183756136, "total_built_mass_tons": 590023.2533797311, "city_id": 1105, "country_iso": "ARG"}, {"h3index": "87c2e38a3ffffff", "population_2015": 4929.2742373148585, "total_built_mass_tons": 1266086.498472656, "city_id": 1105, "country_iso": "ARG"}, {"h3index": "87c2e38a4ffffff", "population_2015": 16085.76524557226, "total_built_mass_tons": 2872871.5364795025, "city_id": 1105, "country_iso": "ARG"}, {"h3index": "87c2e38a5ffffff", "population_2015": 8880.536415118802, "total_built_mass_tons": 1861303.9218964211, "city_id": 1105, "country_iso": "ARG"}, {"h3index": "87c2e38a6ffffff", "population_2015": 14094.48943711823, "total_built_mass_tons": 2820727.9185628407, "city_id": 1105, "country_iso": "ARG"}, {"h3index": "87c2e38a8ffffff", "population_2015": 3812.074374191433, "total_built_mass_tons": 948323.199818442, "city_id": 1105, "country_iso": "ARG"}, {"h3index": "87c2e38a9ffffff", "population_2015": 9209.47888433419, "total_built_mass_tons": 1071354.3790100075, "city_id": 1105, "country_iso": "ARG"}, {"h3index": "87c2e38aaffffff", "population_2015": 15807.96942277048, "total_built_mass_tons": 3000149.9722929774, "city_id": 1105, "country_iso": "ARG"}, {"h3index": "87c2e38abffffff", "population_2015": 6844.701013725878, "total_built_mass_tons": 917291.1073938753, "city_id": 1105, "country_iso": "ARG"}, {"h3index": "87c2e38acffffff", "population_2015": 340.09974933699067, "total_built_mass_tons": 74022.8898106493, "city_id": 1105, "country_iso": "ARG"}, {"h3index": "87c2e38aeffffff", "population_2015": 12087.62572409686, "total_built_mass_tons": 2295579.350300964, "city_id": 1105, "country_iso": "ARG"}, {"h3index": "87c2e38b0ffffff", "population_2015": 18706.18074096979, "total_built_mass_tons": 3477734.931621029, "city_id": 1105, "country_iso": "ARG"}, {"h3index": "87c2e38b1ffffff", "population_2015": 12675.72079292746, "total_built_mass_tons": 2516295.0739779533, "city_id": 1105, "country_iso": "ARG"}, {"h3index": "87c2e38b2ffffff", "population_2015": 23252.43601110122, "total_built_mass_tons": 3356042.6500629215, "city_id": 1105, "country_iso": "ARG"}, {"h3index": "87c2e38b3ffffff", "population_2015": 22489.371221430163, "total_built_mass_tons": 4189663.430866104, "city_id": 1105, "country_iso": "ARG"}, {"h3index": "87c2e38b4ffffff", "population_2015": 19312.11500644309, "total_built_mass_tons": 3308458.4430627245, "city_id": 1105, "country_iso": "ARG"}, {"h3index": "87c2e38b5ffffff", "population_2015": 14398.951144745772, "total_built_mass_tons": 2817493.053465893, "city_id": 1105, "country_iso": "ARG"}, {"h3index": "87c2e38b6ffffff", "population_2015": 22125.073340756284, "total_built_mass_tons": 3342628.301895448, "city_id": 1105, "country_iso": "ARG"}, {"h3index": "87c2e38c0ffffff", "population_2015": 45729.404490452194, "total_built_mass_tons": 3891530.6769673415, "city_id": 1105, "country_iso": "ARG"}, {"h3index": "87c2e38c1ffffff", "population_2015": 26318.395436141076, "total_built_mass_tons": 4177106.892703857, "city_id": 1105, "country_iso": "ARG"}, {"h3index": "87c2e38c2ffffff", "population_2015": 41144.30484834561, "total_built_mass_tons": 3752707.7615896137, "city_id": 1105, "country_iso": "ARG"}, {"h3index": "87c2e38c3ffffff", "population_2015": 37691.73778372372, "total_built_mass_tons": 3684411.863091104, "city_id": 1105, "country_iso": "ARG"}, {"h3index": "87c2e38c4ffffff", "population_2015": 34398.762921591355, "total_built_mass_tons": 3396691.950301487, "city_id": 1105, "country_iso": "ARG"}, {"h3index": "87c2e38c5ffffff", "population_2015": 32301.95195406744, "total_built_mass_tons": 3514833.5757230655, "city_id": 1105, "country_iso": "ARG"}, {"h3index": "87c2e38c6ffffff", "population_2015": 44287.54561884264, "total_built_mass_tons": 4307999.3121422, "city_id": 1105, "country_iso": "ARG"}, {"h3index": "87c2e38c8ffffff", "population_2015": 15902.587221063352, "total_built_mass_tons": 2606808.763196895, "city_id": 1105, "country_iso": "ARG"}, {"h3index": "87c2e38c9ffffff", "population_2015": 17969.73357222314, "total_built_mass_tons": 3214322.246391737, "city_id": 1105, "country_iso": "ARG"}, {"h3index": "87c2e38caffffff", "population_2015": 8587.18490371704, "total_built_mass_tons": 2094801.8476880817, "city_id": 1105, "country_iso": "ARG"}, {"h3index": "87c2e38cbffffff", "population_2015": 11592.689007964787, "total_built_mass_tons": 2226827.9136963394, "city_id": 1105, "country_iso": "ARG"}, {"h3index": "87c2e38ccffffff", "population_2015": 20746.713261009667, "total_built_mass_tons": 4323554.1754787285, "city_id": 1105, "country_iso": "ARG"}, {"h3index": "87c2e38cdffffff", "population_2015": 17954.840349414302, "total_built_mass_tons": 3919528.976949655, "city_id": 1105, "country_iso": "ARG"}, {"h3index": "87c2e38ceffffff", "population_2015": 18133.521561170095, "total_built_mass_tons": 3820184.0614907704, "city_id": 1105, "country_iso": "ARG"}, {"h3index": "87c2e38d0ffffff", "population_2015": 60834.84309429095, "total_built_mass_tons": 4099998.049018481, "city_id": 1105, "country_iso": "ARG"}, {"h3index": "87c2e38d1ffffff", "population_2015": 57628.14877690334, "total_built_mass_tons": 4336385.067757823, "city_id": 1105, "country_iso": "ARG"}, {"h3index": "87c2e38d2ffffff", "population_2015": 35813.475455848835, "total_built_mass_tons": 4454475.938463658, "city_id": 1105, "country_iso": "ARG"}, {"h3index": "87c2e38d3ffffff", "population_2015": 38456.26434436872, "total_built_mass_tons": 4813369.662486927, "city_id": 1105, "country_iso": "ARG"}, {"h3index": "87c2e38d4ffffff", "population_2015": 56394.62899256687, "total_built_mass_tons": 3603165.331665927, "city_id": 1105, "country_iso": "ARG"}, {"h3index": "87c2e38d5ffffff", "population_2015": 48418.96199325861, "total_built_mass_tons": 3750269.2437190786, "city_id": 1105, "country_iso": "ARG"}, {"h3index": "87c2e38d6ffffff", "population_2015": 53919.9513980641, "total_built_mass_tons": 4003314.3736493806, "city_id": 1105, "country_iso": "ARG"}, {"h3index": "87c2e38d8ffffff", "population_2015": 30070.490143645056, "total_built_mass_tons": 3718216.3291256865, "city_id": 1105, "country_iso": "ARG"}, {"h3index": "87c2e38d9ffffff", "population_2015": 23196.935053417732, "total_built_mass_tons": 3845263.939031007, "city_id": 1105, "country_iso": "ARG"}, {"h3index": "87c2e38daffffff", "population_2015": 26789.55765487073, "total_built_mass_tons": 3825022.864191993, "city_id": 1105, "country_iso": "ARG"}, {"h3index": "87c2e38dbffffff", "population_2015": 27740.01947530112, "total_built_mass_tons": 4063079.756436106, "city_id": 1105, "country_iso": "ARG"}, {"h3index": "87c2e38dcffffff", "population_2015": 49867.95491979264, "total_built_mass_tons": 4170325.72914928, "city_id": 1105, "country_iso": "ARG"}, {"h3index": "87c2e38ddffffff", "population_2015": 24597.22108691347, "total_built_mass_tons": 4120189.0714938343, "city_id": 1105, "country_iso": "ARG"}, {"h3index": "87c2e38deffffff", "population_2015": 39567.57634130738, "total_built_mass_tons": 4557288.208230488, "city_id": 1105, "country_iso": "ARG"}, {"h3index": "87c2e38e0ffffff", "population_2015": 33117.179644775395, "total_built_mass_tons": 3517548.2866927385, "city_id": 1105, "country_iso": "ARG"}, {"h3index": "87c2e38e1ffffff", "population_2015": 32943.60851848827, "total_built_mass_tons": 3631556.538734884, "city_id": 1105, "country_iso": "ARG"}, {"h3index": "87c2e38e2ffffff", "population_2015": 29182.664887102903, "total_built_mass_tons": 3095531.418215519, "city_id": 1105, "country_iso": "ARG"}, {"h3index": "87c2e38e3ffffff", "population_2015": 35418.11179184258, "total_built_mass_tons": 3585662.399046098, "city_id": 1105, "country_iso": "ARG"}, {"h3index": "87c2e38e4ffffff", "population_2015": 22173.940012703693, "total_built_mass_tons": 2406079.658696404, "city_id": 1105, "country_iso": "ARG"}, {"h3index": "87c2e38e5ffffff", "population_2015": 13952.919344337315, "total_built_mass_tons": 1810313.1826806737, "city_id": 1105, "country_iso": "ARG"}, {"h3index": "87c2e38e6ffffff", "population_2015": 33843.370045979806, "total_built_mass_tons": 3499948.320268921, "city_id": 1105, "country_iso": "ARG"}, {"h3index": "87c2e38e8ffffff", "population_2015": 4121.758272477691, "total_built_mass_tons": 965104.7576950324, "city_id": 1105, "country_iso": "ARG"}, {"h3index": "87c2e38e9ffffff", "population_2015": 14110.756718901092, "total_built_mass_tons": 2624095.150664533, "city_id": 1105, "country_iso": "ARG"}, {"h3index": "87c2e38eaffffff", "population_2015": 20736.462305255965, "total_built_mass_tons": 3647124.07426426, "city_id": 1105, "country_iso": "ARG"}, {"h3index": "87c2e38ebffffff", "population_2015": 18297.909586087393, "total_built_mass_tons": 3779025.1910928497, "city_id": 1105, "country_iso": "ARG"}, {"h3index": "87c2e38ecffffff", "population_2015": 13484.171463300669, "total_built_mass_tons": 2436267.678568238, "city_id": 1105, "country_iso": "ARG"}, {"h3index": "87c2e38edffffff", "population_2015": 18837.09938868354, "total_built_mass_tons": 3237484.3937832955, "city_id": 1105, "country_iso": "ARG"}, {"h3index": "87c2e38eeffffff", "population_2015": 22818.55645386941, "total_built_mass_tons": 3224806.233800586, "city_id": 1105, "country_iso": "ARG"}, {"h3index": "87c2e38f0ffffff", "population_2015": 22489.075825964243, "total_built_mass_tons": 2350188.2674409267, "city_id": 1105, "country_iso": "ARG"}, {"h3index": "87c2e38f1ffffff", "population_2015": 32370.890733113007, "total_built_mass_tons": 3660673.078755213, "city_id": 1105, "country_iso": "ARG"}, {"h3index": "87c2e38f2ffffff", "population_2015": 23866.510571737846, "total_built_mass_tons": 2445791.7022282626, "city_id": 1105, "country_iso": "ARG"}, {"h3index": "87c2e38f3ffffff", "population_2015": 41993.4322597429, "total_built_mass_tons": 3316432.732942033, "city_id": 1105, "country_iso": "ARG"}, {"h3index": "87c2e38f4ffffff", "population_2015": 10338.576307633344, "total_built_mass_tons": 1449372.8460076875, "city_id": 1105, "country_iso": "ARG"}, {"h3index": "87c2e38f5ffffff", "population_2015": 32415.681991996025, "total_built_mass_tons": 3361635.340998335, "city_id": 1105, "country_iso": "ARG"}, {"h3index": "87c2e38f6ffffff", "population_2015": 21358.53185553457, "total_built_mass_tons": 2170884.787198574, "city_id": 1105, "country_iso": "ARG"}, {"h3index": "87c2e3909ffffff", "population_2015": 900.5412191203997, "total_built_mass_tons": 215719.51316332852, "city_id": 1105, "country_iso": "ARG"}, {"h3index": "87c2e390bffffff", "population_2015": 194.9988603479722, "total_built_mass_tons": 54754.35094323699, "city_id": 1105, "country_iso": "ARG"}, {"h3index": "87c2e391affffff", "population_2015": 201.16404040841496, "total_built_mass_tons": 73946.87620320637, "city_id": 1105, "country_iso": "ARG"}, {"h3index": "87c2e3950ffffff", "population_2015": 903.5439163656796, "total_built_mass_tons": 86992.88085006278, "city_id": 1105, "country_iso": "ARG"}, {"h3index": "87c2e3952ffffff", "population_2015": 13689.4761652479, "total_built_mass_tons": 1403852.460559108, "city_id": 1105, "country_iso": "ARG"}, {"h3index": "87c2e3953ffffff", "population_2015": 2608.1629877127857, "total_built_mass_tons": 378296.0289607239, "city_id": 1105, "country_iso": "ARG"}, {"h3index": "87c2e3954ffffff", "population_2015": 8693.416598802454, "total_built_mass_tons": 989122.63557472, "city_id": 1105, "country_iso": "ARG"}, {"h3index": "87c2e3956ffffff", "population_2015": 7712.774129381367, "total_built_mass_tons": 855891.2811339448, "city_id": 1105, "country_iso": "ARG"}, {"h3index": "87c2e3970ffffff", "population_2015": 6327.388774116365, "total_built_mass_tons": 638580.3862286585, "city_id": 1105, "country_iso": "ARG"}, {"h3index": "87c2e3971ffffff", "population_2015": 701.6552672891056, "total_built_mass_tons": 66174.82811381327, "city_id": 1105, "country_iso": "ARG"}, {"h3index": "87c2e3972ffffff", "population_2015": 3051.9745726529295, "total_built_mass_tons": 348602.52252582635, "city_id": 1105, "country_iso": "ARG"}, {"h3index": "87c2e3973ffffff", "population_2015": 2713.9628165076765, "total_built_mass_tons": 396530.6426223448, "city_id": 1105, "country_iso": "ARG"}, {"h3index": "87c2e3975ffffff", "population_2015": 612.5744176715028, "total_built_mass_tons": 208592.32844340825, "city_id": 1105, "country_iso": "ARG"}, {"h3index": "87c2e3981ffffff", "population_2015": 1529.77973093893, "total_built_mass_tons": 345655.57157768053, "city_id": 1105, "country_iso": "ARG"}, {"h3index": "87c2e3983ffffff", "population_2015": 4535.403455315385, "total_built_mass_tons": 1013490.3272190888, "city_id": 1105, "country_iso": "ARG"}, {"h3index": "87c2e3988ffffff", "population_2015": 12702.293946782282, "total_built_mass_tons": 2648333.3297769814, "city_id": 1105, "country_iso": "ARG"}, {"h3index": "87c2e3989ffffff", "population_2015": 2897.874678301344, "total_built_mass_tons": 624760.0052836619, "city_id": 1105, "country_iso": "ARG"}, {"h3index": "87c2e398affffff", "population_2015": 16797.87631948883, "total_built_mass_tons": 3369257.98888115, "city_id": 1105, "country_iso": "ARG"}, {"h3index": "87c2e398bffffff", "population_2015": 9186.922205517343, "total_built_mass_tons": 1860847.190844711, "city_id": 1105, "country_iso": "ARG"}, {"h3index": "87c2e398cffffff", "population_2015": 10304.3015046662, "total_built_mass_tons": 2004106.8721378767, "city_id": 1105, "country_iso": "ARG"}, {"h3index": "87c2e398dffffff", "population_2015": 3626.665792424071, "total_built_mass_tons": 861565.6086513579, "city_id": 1105, "country_iso": "ARG"}, {"h3index": "87c2e398effffff", "population_2015": 9485.243973032631, "total_built_mass_tons": 1827484.4821801796, "city_id": 1105, "country_iso": "ARG"}, {"h3index": "87c2e3990ffffff", "population_2015": 11329.61661943922, "total_built_mass_tons": 2054149.9592101476, "city_id": 1105, "country_iso": "ARG"}, {"h3index": "87c2e3991ffffff", "population_2015": 4029.856312770469, "total_built_mass_tons": 844935.8755323227, "city_id": 1105, "country_iso": "ARG"}, {"h3index": "87c2e3992ffffff", "population_2015": 7275.186074133482, "total_built_mass_tons": 1637610.557925514, "city_id": 1105, "country_iso": "ARG"}, {"h3index": "87c2e3993ffffff", "population_2015": 15009.43598303702, "total_built_mass_tons": 2634431.9301735754, "city_id": 1105, "country_iso": "ARG"}, {"h3index": "87c2e3994ffffff", "population_2015": 12625.752530707568, "total_built_mass_tons": 2148123.9889574572, "city_id": 1105, "country_iso": "ARG"}, {"h3index": "87c2e3995ffffff", "population_2015": 4851.956013391533, "total_built_mass_tons": 1046180.8693574298, "city_id": 1105, "country_iso": "ARG"}, {"h3index": "87c2e3996ffffff", "population_2015": 8224.586732632508, "total_built_mass_tons": 1714814.1619620535, "city_id": 1105, "country_iso": "ARG"}, {"h3index": "87c2e3998ffffff", "population_2015": 10307.979408114566, "total_built_mass_tons": 2077268.1953205364, "city_id": 1105, "country_iso": "ARG"}, {"h3index": "87c2e3999ffffff", "population_2015": 18201.200249271755, "total_built_mass_tons": 3173117.582515816, "city_id": 1105, "country_iso": "ARG"}, {"h3index": "87c2e399affffff", "population_2015": 17356.114067840568, "total_built_mass_tons": 2883316.4488718845, "city_id": 1105, "country_iso": "ARG"}, {"h3index": "87c2e399bffffff", "population_2015": 18821.779780077464, "total_built_mass_tons": 3347794.3189487252, "city_id": 1105, "country_iso": "ARG"}, {"h3index": "87c2e399cffffff", "population_2015": 2444.3540547090424, "total_built_mass_tons": 654279.8849164433, "city_id": 1105, "country_iso": "ARG"}, {"h3index": "87c2e399dffffff", "population_2015": 13361.70474878199, "total_built_mass_tons": 2696661.0978367506, "city_id": 1105, "country_iso": "ARG"}, {"h3index": "87c2e399effffff", "population_2015": 11560.01595617182, "total_built_mass_tons": 2190485.947575107, "city_id": 1105, "country_iso": "ARG"}, {"h3index": "87c2e39a8ffffff", "population_2015": 4667.713373477786, "total_built_mass_tons": 1510176.628428984, "city_id": 1105, "country_iso": "ARG"}, {"h3index": "87c2e39a9ffffff", "population_2015": 8492.452013610393, "total_built_mass_tons": 2611355.4307342707, "city_id": 1105, "country_iso": "ARG"}, {"h3index": "87c2e39aaffffff", "population_2015": 3429.909502769919, "total_built_mass_tons": 802334.7683610843, "city_id": 1105, "country_iso": "ARG"}, {"h3index": "87c2e39abffffff", "population_2015": 8404.265944783825, "total_built_mass_tons": 2322505.2322843685, "city_id": 1105, "country_iso": "ARG"}, {"h3index": "87c2e39acffffff", "population_2015": 553.8197887570251, "total_built_mass_tons": 322009.90238596656, "city_id": 1105, "country_iso": "ARG"}, {"h3index": "87c2e39adffffff", "population_2015": 3427.3028503829364, "total_built_mass_tons": 1099029.2201123168, "city_id": 1105, "country_iso": "ARG"}, {"h3index": "87c2e39aeffffff", "population_2015": 120.62753240173936, "total_built_mass_tons": 57007.632799457904, "city_id": 1105, "country_iso": "ARG"}, {"h3index": "87c2e39b0ffffff", "population_2015": 242.65369736914545, "total_built_mass_tons": 83656.8105365753, "city_id": 1105, "country_iso": "ARG"}, {"h3index": "87c2e39b2ffffff", "population_2015": 9903.047928989634, "total_built_mass_tons": 1680239.6560896034, "city_id": 1105, "country_iso": "ARG"}, {"h3index": "87c2e39b3ffffff", "population_2015": 851.6401139053647, "total_built_mass_tons": 251734.78618654955, "city_id": 1105, "country_iso": "ARG"}, {"h3index": "87c2e39b4ffffff", "population_2015": 36.2147954903397, "total_built_mass_tons": 16359.894624674384, "city_id": 1105, "country_iso": "ARG"}, {"h3index": "87c2e39b6ffffff", "population_2015": 6867.619763389287, "total_built_mass_tons": 1616122.7667324624, "city_id": 1105, "country_iso": "ARG"}, {"h3index": "87c2e3a02ffffff", "population_2015": 39.14319730459475, "total_built_mass_tons": 28715.783728978437, "city_id": 1105, "country_iso": "ARG"}, {"h3index": "87c2e3a10ffffff", "population_2015": 5573.560100740544, "total_built_mass_tons": 1230240.382466676, "city_id": 1105, "country_iso": "ARG"}, {"h3index": "87c2e3a11ffffff", "population_2015": 5811.391083745396, "total_built_mass_tons": 1521706.17770657, "city_id": 1105, "country_iso": "ARG"}, {"h3index": "87c2e3a12ffffff", "population_2015": 18700.531396364695, "total_built_mass_tons": 2541207.0803822903, "city_id": 1105, "country_iso": "ARG"}, {"h3index": "87c2e3a13ffffff", "population_2015": 17180.478043118637, "total_built_mass_tons": 2768455.6379865366, "city_id": 1105, "country_iso": "ARG"}, {"h3index": "87c2e3a14ffffff", "population_2015": 439.9100329810498, "total_built_mass_tons": 209272.3329097373, "city_id": 1105, "country_iso": "ARG"}, {"h3index": "87c2e3a15ffffff", "population_2015": 2831.8968675632104, "total_built_mass_tons": 944144.561807224, "city_id": 1105, "country_iso": "ARG"}, {"h3index": "87c2e3a16ffffff", "population_2015": 11940.142931003196, "total_built_mass_tons": 1794058.4748114566, "city_id": 1105, "country_iso": "ARG"}, {"h3index": "87c2e3a18ffffff", "population_2015": 622.4903138067207, "total_built_mass_tons": 104799.52509422648, "city_id": 1105, "country_iso": "ARG"}, {"h3index": "87c2e3a1affffff", "population_2015": 10294.2075206046, "total_built_mass_tons": 1726959.6683954962, "city_id": 1105, "country_iso": "ARG"}, {"h3index": "87c2e3a1cffffff", "population_2015": 420.20057471780217, "total_built_mass_tons": 128753.42169826989, "city_id": 1105, "country_iso": "ARG"}, {"h3index": "87c2e3a1effffff", "population_2015": 9678.756080462888, "total_built_mass_tons": 1906199.4008507803, "city_id": 1105, "country_iso": "ARG"}, {"h3index": "87c2e3a24ffffff", "population_2015": 3576.479730422825, "total_built_mass_tons": 652070.9468979515, "city_id": 1105, "country_iso": "ARG"}, {"h3index": "87c2e3a25ffffff", "population_2015": 603.4580599242565, "total_built_mass_tons": 395667.180263082, "city_id": 1105, "country_iso": "ARG"}, {"h3index": "87c2e3a26ffffff", "population_2015": 2535.2571936887857, "total_built_mass_tons": 572106.8927953168, "city_id": 1105, "country_iso": "ARG"}, {"h3index": "87c2e3a30ffffff", "population_2015": 1462.3850057153138, "total_built_mass_tons": 392484.0680069596, "city_id": 1105, "country_iso": "ARG"}, {"h3index": "87c2e3a34ffffff", "population_2015": 4352.485935914282, "total_built_mass_tons": 1018814.583255165, "city_id": 1105, "country_iso": "ARG"}, {"h3index": "87c2e3a35ffffff", "population_2015": 822.4983854630414, "total_built_mass_tons": 214202.99168889035, "city_id": 1105, "country_iso": "ARG"}, {"h3index": "87c2e3a36ffffff", "population_2015": 6084.381723323523, "total_built_mass_tons": 1345456.5825219187, "city_id": 1105, "country_iso": "ARG"}, {"h3index": "87c2e3a80ffffff", "population_2015": 15638.142996395332, "total_built_mass_tons": 2413915.9831636357, "city_id": 1105, "country_iso": "ARG"}, {"h3index": "87c2e3a81ffffff", "population_2015": 14279.535155853568, "total_built_mass_tons": 2383294.914704524, "city_id": 1105, "country_iso": "ARG"}, {"h3index": "87c2e3a82ffffff", "population_2015": 12012.712402710262, "total_built_mass_tons": 2349300.2178274193, "city_id": 1105, "country_iso": "ARG"}, {"h3index": "87c2e3a83ffffff", "population_2015": 12000.939219904883, "total_built_mass_tons": 2080800.118903466, "city_id": 1105, "country_iso": "ARG"}, {"h3index": "87c2e3a84ffffff", "population_2015": 16966.254984986543, "total_built_mass_tons": 3245778.5044027353, "city_id": 1105, "country_iso": "ARG"}, {"h3index": "87c2e3a85ffffff", "population_2015": 22296.886598175646, "total_built_mass_tons": 3355189.9756638785, "city_id": 1105, "country_iso": "ARG"}, {"h3index": "87c2e3a86ffffff", "population_2015": 12477.186955171474, "total_built_mass_tons": 2207782.586069841, "city_id": 1105, "country_iso": "ARG"}, {"h3index": "87c2e3a88ffffff", "population_2015": 2529.28738675211, "total_built_mass_tons": 663667.2568817018, "city_id": 1105, "country_iso": "ARG"}, {"h3index": "87c2e3a89ffffff", "population_2015": 2584.21236556184, "total_built_mass_tons": 711245.2773358686, "city_id": 1105, "country_iso": "ARG"}, {"h3index": "87c2e3a8affffff", "population_2015": 4443.155081072043, "total_built_mass_tons": 1390250.6688258774, "city_id": 1105, "country_iso": "ARG"}, {"h3index": "87c2e3a8bffffff", "population_2015": 6162.949450893027, "total_built_mass_tons": 1975748.7447667003, "city_id": 1105, "country_iso": "ARG"}, {"h3index": "87c2e3a8cffffff", "population_2015": 7657.878136118721, "total_built_mass_tons": 1312205.0939177626, "city_id": 1105, "country_iso": "ARG"}, {"h3index": "87c2e3a8dffffff", "population_2015": 4279.445309549219, "total_built_mass_tons": 1410768.712483115, "city_id": 1105, "country_iso": "ARG"}, {"h3index": "87c2e3a8effffff", "population_2015": 11219.846428579447, "total_built_mass_tons": 2382184.841519334, "city_id": 1105, "country_iso": "ARG"}, {"h3index": "87c2e3a90ffffff", "population_2015": 12680.8276764664, "total_built_mass_tons": 3195697.1318443967, "city_id": 1105, "country_iso": "ARG"}, {"h3index": "87c2e3a91ffffff", "population_2015": 8811.862453973066, "total_built_mass_tons": 2527078.586669348, "city_id": 1105, "country_iso": "ARG"}, {"h3index": "87c2e3a92ffffff", "population_2015": 11309.900414021804, "total_built_mass_tons": 2807762.698298333, "city_id": 1105, "country_iso": "ARG"}, {"h3index": "87c2e3a93ffffff", "population_2015": 8700.11244693083, "total_built_mass_tons": 1850417.9857705056, "city_id": 1105, "country_iso": "ARG"}, {"h3index": "87c2e3a94ffffff", "population_2015": 12657.8313621521, "total_built_mass_tons": 2659937.1290089674, "city_id": 1105, "country_iso": "ARG"}, {"h3index": "87c2e3a95ffffff", "population_2015": 9736.559154585297, "total_built_mass_tons": 2361219.6711462103, "city_id": 1105, "country_iso": "ARG"}, {"h3index": "87c2e3a96ffffff", "population_2015": 9768.935723480528, "total_built_mass_tons": 2582686.775864763, "city_id": 1105, "country_iso": "ARG"}, {"h3index": "87c2e3a98ffffff", "population_2015": 7382.061852507498, "total_built_mass_tons": 2407036.9687058544, "city_id": 1105, "country_iso": "ARG"}, {"h3index": "87c2e3a99ffffff", "population_2015": 5530.801328516944, "total_built_mass_tons": 1653731.6904718997, "city_id": 1105, "country_iso": "ARG"}, {"h3index": "87c2e3a9affffff", "population_2015": 4414.048507394978, "total_built_mass_tons": 1300646.1755410803, "city_id": 1105, "country_iso": "ARG"}, {"h3index": "87c2e3a9bffffff", "population_2015": 8197.695335384444, "total_built_mass_tons": 1869090.2729296745, "city_id": 1105, "country_iso": "ARG"}, {"h3index": "87c2e3a9cffffff", "population_2015": 9689.530909601845, "total_built_mass_tons": 2550072.2300285394, "city_id": 1105, "country_iso": "ARG"}, {"h3index": "87c2e3a9dffffff", "population_2015": 9323.452254534704, "total_built_mass_tons": 2791512.7051063096, "city_id": 1105, "country_iso": "ARG"}, {"h3index": "87c2e3a9effffff", "population_2015": 8116.989210480333, "total_built_mass_tons": 2456282.64854314, "city_id": 1105, "country_iso": "ARG"}, {"h3index": "87c2e3aa0ffffff", "population_2015": 23327.04744629205, "total_built_mass_tons": 3400509.193758676, "city_id": 1105, "country_iso": "ARG"}, {"h3index": "87c2e3aa1ffffff", "population_2015": 23003.15838624542, "total_built_mass_tons": 3312130.4963757154, "city_id": 1105, "country_iso": "ARG"}, {"h3index": "87c2e3aa2ffffff", "population_2015": 18017.177107567884, "total_built_mass_tons": 2996303.0180123025, "city_id": 1105, "country_iso": "ARG"}, {"h3index": "87c2e3aa3ffffff", "population_2015": 20708.797069729073, "total_built_mass_tons": 3136263.925946541, "city_id": 1105, "country_iso": "ARG"}, {"h3index": "87c2e3aa4ffffff", "population_2015": 13904.770967012291, "total_built_mass_tons": 2704412.139577178, "city_id": 1105, "country_iso": "ARG"}, {"h3index": "87c2e3aa5ffffff", "population_2015": 19458.0457122354, "total_built_mass_tons": 3135402.775738982, "city_id": 1105, "country_iso": "ARG"}, {"h3index": "87c2e3aa6ffffff", "population_2015": 20357.4796566234, "total_built_mass_tons": 3551677.1007620804, "city_id": 1105, "country_iso": "ARG"}, {"h3index": "87c2e3aa8ffffff", "population_2015": 10929.210527090932, "total_built_mass_tons": 1231227.6998487506, "city_id": 1105, "country_iso": "ARG"}, {"h3index": "87c2e3aa9ffffff", "population_2015": 795.9789985656738, "total_built_mass_tons": 248103.5906021809, "city_id": 1105, "country_iso": "ARG"}, {"h3index": "87c2e3aaaffffff", "population_2015": 12097.70765563366, "total_built_mass_tons": 1693265.093917741, "city_id": 1105, "country_iso": "ARG"}, {"h3index": "87c2e3aabffffff", "population_2015": 5263.884327641655, "total_built_mass_tons": 766985.4873146391, "city_id": 1105, "country_iso": "ARG"}, {"h3index": "87c2e3aacffffff", "population_2015": 23492.903220517022, "total_built_mass_tons": 2712627.8571445094, "city_id": 1105, "country_iso": "ARG"}, {"h3index": "87c2e3aadffffff", "population_2015": 15693.061815949985, "total_built_mass_tons": 2339366.2006529495, "city_id": 1105, "country_iso": "ARG"}, {"h3index": "87c2e3aaeffffff", "population_2015": 17501.395387642053, "total_built_mass_tons": 2415486.1085022828, "city_id": 1105, "country_iso": "ARG"}, {"h3index": "87c2e3ab0ffffff", "population_2015": 12947.377670377842, "total_built_mass_tons": 2307690.399633744, "city_id": 1105, "country_iso": "ARG"}, {"h3index": "87c2e3ab1ffffff", "population_2015": 12353.896477164471, "total_built_mass_tons": 2394938.661439737, "city_id": 1105, "country_iso": "ARG"}, {"h3index": "87c2e3ab2ffffff", "population_2015": 12296.761808477666, "total_built_mass_tons": 2078823.4078110172, "city_id": 1105, "country_iso": "ARG"}, {"h3index": "87c2e3ab3ffffff", "population_2015": 14390.247840028644, "total_built_mass_tons": 2558058.4931047615, "city_id": 1105, "country_iso": "ARG"}, {"h3index": "87c2e3ab4ffffff", "population_2015": 434.8218861822989, "total_built_mass_tons": 175017.91929768294, "city_id": 1105, "country_iso": "ARG"}, {"h3index": "87c2e3ab5ffffff", "population_2015": 3859.0409904479984, "total_built_mass_tons": 843304.0599700809, "city_id": 1105, "country_iso": "ARG"}, {"h3index": "87c2e3ab6ffffff", "population_2015": 436.58053899278826, "total_built_mass_tons": 79491.88585729885, "city_id": 1105, "country_iso": "ARG"}, {"h3index": "87c2e3ac6ffffff", "population_2015": 862.5376974479825, "total_built_mass_tons": 286075.08667236834, "city_id": 1105, "country_iso": "ARG"}, {"h3index": "87c2e3ad0ffffff", "population_2015": 2320.8287902383245, "total_built_mass_tons": 805546.7033315427, "city_id": 1105, "country_iso": "ARG"}, {"h3index": "87c2e3ad2ffffff", "population_2015": 3874.307431404263, "total_built_mass_tons": 1311115.0997273496, "city_id": 1105, "country_iso": "ARG"}, {"h3index": "87c2e3ad3ffffff", "population_2015": 1644.836163950901, "total_built_mass_tons": 558604.7474403568, "city_id": 1105, "country_iso": "ARG"}, {"h3index": "87c2e3ad4ffffff", "population_2015": 4247.955994793014, "total_built_mass_tons": 1426446.3146805589, "city_id": 1105, "country_iso": "ARG"}, {"h3index": "87c2e3ad5ffffff", "population_2015": 480.1170754787969, "total_built_mass_tons": 143114.6352320694, "city_id": 1105, "country_iso": "ARG"}, {"h3index": "87c2e3ad6ffffff", "population_2015": 3365.537508768194, "total_built_mass_tons": 1255869.273271251, "city_id": 1105, "country_iso": "ARG"}, {"h3index": "87c2e3af0ffffff", "population_2015": 327.1077695472568, "total_built_mass_tons": 155971.805320442, "city_id": 1105, "country_iso": "ARG"}, {"h3index": "87c2e3af1ffffff", "population_2015": 1416.102661162732, "total_built_mass_tons": 450172.0771766741, "city_id": 1105, "country_iso": "ARG"}, {"h3index": "87c2e3af2ffffff", "population_2015": 4465.328907095216, "total_built_mass_tons": 1680970.495329416, "city_id": 1105, "country_iso": "ARG"}, {"h3index": "87c2e3af3ffffff", "population_2015": 4858.511321935467, "total_built_mass_tons": 1424324.002066788, "city_id": 1105, "country_iso": "ARG"}, {"h3index": "87c2e3af6ffffff", "population_2015": 1093.6612402897254, "total_built_mass_tons": 371566.39452994714, "city_id": 1105, "country_iso": "ARG"}, {"h3index": "87c2e3b02ffffff", "population_2015": 323.4853947284174, "total_built_mass_tons": 53242.344930660955, "city_id": 1105, "country_iso": "ARG"}, {"h3index": "87c2e3b0affffff", "population_2015": 834.861619642669, "total_built_mass_tons": 149062.83102086186, "city_id": 1105, "country_iso": "ARG"}, {"h3index": "87c2e3b0bffffff", "population_2015": 362.7754230817158, "total_built_mass_tons": 196458.9270200681, "city_id": 1105, "country_iso": "ARG"}, {"h3index": "87c2e3b10ffffff", "population_2015": 2369.390106908013, "total_built_mass_tons": 572780.4006415056, "city_id": 1105, "country_iso": "ARG"}, {"h3index": "87c2e3b11ffffff", "population_2015": 8032.949124384863, "total_built_mass_tons": 1905495.7953725108, "city_id": 1105, "country_iso": "ARG"}, {"h3index": "87c2e3b12ffffff", "population_2015": 10283.5721282585, "total_built_mass_tons": 2049811.2090634103, "city_id": 1105, "country_iso": "ARG"}, {"h3index": "87c2e3b13ffffff", "population_2015": 15114.322350842343, "total_built_mass_tons": 3231384.5682369964, "city_id": 1105, "country_iso": "ARG"}, {"h3index": "87c2e3b14ffffff", "population_2015": 126.54598224864289, "total_built_mass_tons": 75588.50087697318, "city_id": 1105, "country_iso": "ARG"}, {"h3index": "87c2e3b15ffffff", "population_2015": 931.8841341018676, "total_built_mass_tons": 280757.29774212843, "city_id": 1105, "country_iso": "ARG"}, {"h3index": "87c2e3b16ffffff", "population_2015": 11345.08504513011, "total_built_mass_tons": 1889044.1037850128, "city_id": 1105, "country_iso": "ARG"}, {"h3index": "87c2e3b18ffffff", "population_2015": 479.3131748723048, "total_built_mass_tons": 90118.43080969072, "city_id": 1105, "country_iso": "ARG"}, {"h3index": "87c2e3b19ffffff", "population_2015": 3493.6260910482965, "total_built_mass_tons": 569704.5975553001, "city_id": 1105, "country_iso": "ARG"}, {"h3index": "87c2e3b1affffff", "population_2015": 8494.54388400807, "total_built_mass_tons": 1541482.9138959732, "city_id": 1105, "country_iso": "ARG"}, {"h3index": "87c2e3b1bffffff", "population_2015": 4687.085977101792, "total_built_mass_tons": 983813.7952191548, "city_id": 1105, "country_iso": "ARG"}, {"h3index": "87c2e3b1cffffff", "population_2015": 364.82545430800496, "total_built_mass_tons": 67468.48969819714, "city_id": 1105, "country_iso": "ARG"}, {"h3index": "87c2e3b1effffff", "population_2015": 3566.2171576107253, "total_built_mass_tons": 806384.6397455101, "city_id": 1105, "country_iso": "ARG"}, {"h3index": "87c2e3b30ffffff", "population_2015": 161.4711794984107, "total_built_mass_tons": 39153.18468121457, "city_id": 1105, "country_iso": "ARG"}, {"h3index": "87c2e3b32ffffff", "population_2015": 4008.3424583397655, "total_built_mass_tons": 965254.3769082665, "city_id": 1105, "country_iso": "ARG"}, {"h3index": "87c2e3b34ffffff", "population_2015": 350.1613026282366, "total_built_mass_tons": 203044.46336137137, "city_id": 1105, "country_iso": "ARG"}, {"h3index": "87c2e3b36ffffff", "population_2015": 8042.603036966512, "total_built_mass_tons": 1541436.445187215, "city_id": 1105, "country_iso": "ARG"}, {"h3index": "87c2e3b56ffffff", "population_2015": 7.15423636342965, "total_built_mass_tons": 58436.859510080976, "city_id": 1105, "country_iso": "ARG"}, {"h3index": "87c2e3b80ffffff", "population_2015": 6885.105430677828, "total_built_mass_tons": 1461794.035343463, "city_id": 1105, "country_iso": "ARG"}, {"h3index": "87c2e3b81ffffff", "population_2015": 9242.311581518135, "total_built_mass_tons": 2051681.8992301384, "city_id": 1105, "country_iso": "ARG"}, {"h3index": "87c2e3b82ffffff", "population_2015": 2457.9867020775296, "total_built_mass_tons": 555145.8818973847, "city_id": 1105, "country_iso": "ARG"}, {"h3index": "87c2e3b83ffffff", "population_2015": 6121.483580544416, "total_built_mass_tons": 1360078.2220297598, "city_id": 1105, "country_iso": "ARG"}, {"h3index": "87c2e3b84ffffff", "population_2015": 3942.903443938611, "total_built_mass_tons": 904572.0565935606, "city_id": 1105, "country_iso": "ARG"}, {"h3index": "87c2e3b85ffffff", "population_2015": 4973.975384012856, "total_built_mass_tons": 1025138.3298641362, "city_id": 1105, "country_iso": "ARG"}, {"h3index": "87c2e3b86ffffff", "population_2015": 5776.862907267552, "total_built_mass_tons": 1236517.4426073069, "city_id": 1105, "country_iso": "ARG"}, {"h3index": "87c2e3b88ffffff", "population_2015": 13280.639140230072, "total_built_mass_tons": 2727793.657706367, "city_id": 1105, "country_iso": "ARG"}, {"h3index": "87c2e3b89ffffff", "population_2015": 5681.025055907754, "total_built_mass_tons": 1352572.0351855443, "city_id": 1105, "country_iso": "ARG"}, {"h3index": "87c2e3b8affffff", "population_2015": 13476.863436500702, "total_built_mass_tons": 2153286.1607539984, "city_id": 1105, "country_iso": "ARG"}, {"h3index": "87c2e3b8bffffff", "population_2015": 16642.1633247899, "total_built_mass_tons": 2904380.4358122237, "city_id": 1105, "country_iso": "ARG"}, {"h3index": "87c2e3b8cffffff", "population_2015": 9312.67846118703, "total_built_mass_tons": 2052925.2538568885, "city_id": 1105, "country_iso": "ARG"}, {"h3index": "87c2e3b8dffffff", "population_2015": 2610.1718802807372, "total_built_mass_tons": 819101.2899357496, "city_id": 1105, "country_iso": "ARG"}, {"h3index": "87c2e3b8effffff", "population_2015": 9877.607815252564, "total_built_mass_tons": 1901362.610620109, "city_id": 1105, "country_iso": "ARG"}, {"h3index": "87c2e3b90ffffff", "population_2015": 15766.89426425859, "total_built_mass_tons": 2591897.3876164937, "city_id": 1105, "country_iso": "ARG"}, {"h3index": "87c2e3b91ffffff", "population_2015": 5880.922696476357, "total_built_mass_tons": 1184534.469344845, "city_id": 1105, "country_iso": "ARG"}, {"h3index": "87c2e3b92ffffff", "population_2015": 18821.826879553697, "total_built_mass_tons": 2986551.694822238, "city_id": 1105, "country_iso": "ARG"}, {"h3index": "87c2e3b93ffffff", "population_2015": 11920.531131692029, "total_built_mass_tons": 1843783.1068427225, "city_id": 1105, "country_iso": "ARG"}, {"h3index": "87c2e3b94ffffff", "population_2015": 2320.283866212882, "total_built_mass_tons": 528084.5821982598, "city_id": 1105, "country_iso": "ARG"}, {"h3index": "87c2e3b95ffffff", "population_2015": 1635.386056193183, "total_built_mass_tons": 396757.606873956, "city_id": 1105, "country_iso": "ARG"}, {"h3index": "87c2e3b96ffffff", "population_2015": 20257.419169975743, "total_built_mass_tons": 3297468.891540179, "city_id": 1105, "country_iso": "ARG"}, {"h3index": "87c2e3b98ffffff", "population_2015": 9041.992896293188, "total_built_mass_tons": 1257471.1636352309, "city_id": 1105, "country_iso": "ARG"}, {"h3index": "87c2e3b99ffffff", "population_2015": 13825.27133408341, "total_built_mass_tons": 2178940.233405285, "city_id": 1105, "country_iso": "ARG"}, {"h3index": "87c2e3b9affffff", "population_2015": 7165.481891882657, "total_built_mass_tons": 1510462.620745754, "city_id": 1105, "country_iso": "ARG"}, {"h3index": "87c2e3b9bffffff", "population_2015": 13477.706067627554, "total_built_mass_tons": 2374114.11067119, "city_id": 1105, "country_iso": "ARG"}, {"h3index": "87c2e3b9cffffff", "population_2015": 6152.984541960325, "total_built_mass_tons": 1159593.2698297494, "city_id": 1105, "country_iso": "ARG"}, {"h3index": "87c2e3b9dffffff", "population_2015": 5368.972997018404, "total_built_mass_tons": 907407.7088393422, "city_id": 1105, "country_iso": "ARG"}, {"h3index": "87c2e3b9effffff", "population_2015": 10450.696801884971, "total_built_mass_tons": 1766095.2317845006, "city_id": 1105, "country_iso": "ARG"}, {"h3index": "87c2e3ba0ffffff", "population_2015": 16964.658221652462, "total_built_mass_tons": 2679375.1065721773, "city_id": 1105, "country_iso": "ARG"}, {"h3index": "87c2e3ba1ffffff", "population_2015": 14190.95526601006, "total_built_mass_tons": 2675934.884816073, "city_id": 1105, "country_iso": "ARG"}, {"h3index": "87c2e3ba2ffffff", "population_2015": 14358.085799654791, "total_built_mass_tons": 2415171.109820544, "city_id": 1105, "country_iso": "ARG"}, {"h3index": "87c2e3ba3ffffff", "population_2015": 7253.825795147466, "total_built_mass_tons": 1159818.787836396, "city_id": 1105, "country_iso": "ARG"}, {"h3index": "87c2e3ba4ffffff", "population_2015": 8360.625757957907, "total_built_mass_tons": 1515383.1235777943, "city_id": 1105, "country_iso": "ARG"}, {"h3index": "87c2e3ba5ffffff", "population_2015": 17026.614948384897, "total_built_mass_tons": 2787572.8916504034, "city_id": 1105, "country_iso": "ARG"}, {"h3index": "87c2e3ba6ffffff", "population_2015": 23899.666694297044, "total_built_mass_tons": 3803008.933469715, "city_id": 1105, "country_iso": "ARG"}, {"h3index": "87c2e3ba8ffffff", "population_2015": 11090.407243721153, "total_built_mass_tons": 2077629.6811121693, "city_id": 1105, "country_iso": "ARG"}, {"h3index": "87c2e3ba9ffffff", "population_2015": 11637.39546267192, "total_built_mass_tons": 2515484.727441564, "city_id": 1105, "country_iso": "ARG"}, {"h3index": "87c2e3baaffffff", "population_2015": 7229.412965823153, "total_built_mass_tons": 1475567.964553171, "city_id": 1105, "country_iso": "ARG"}, {"h3index": "87c2e3babffffff", "population_2015": 9566.418025155162, "total_built_mass_tons": 2116342.5582211586, "city_id": 1105, "country_iso": "ARG"}, {"h3index": "87c2e3bacffffff", "population_2015": 11276.33400646285, "total_built_mass_tons": 2164767.5642440766, "city_id": 1105, "country_iso": "ARG"}, {"h3index": "87c2e3badffffff", "population_2015": 14571.174429007136, "total_built_mass_tons": 3112130.5754341865, "city_id": 1105, "country_iso": "ARG"}, {"h3index": "87c2e3baeffffff", "population_2015": 10631.728834354171, "total_built_mass_tons": 2021803.7449052045, "city_id": 1105, "country_iso": "ARG"}, {"h3index": "87c2e3bb0ffffff", "population_2015": 16811.185588604792, "total_built_mass_tons": 3380892.3015542403, "city_id": 1105, "country_iso": "ARG"}, {"h3index": "87c2e3bb1ffffff", "population_2015": 13432.277441129494, "total_built_mass_tons": 3092350.056280927, "city_id": 1105, "country_iso": "ARG"}, {"h3index": "87c2e3bb2ffffff", "population_2015": 13198.46737105426, "total_built_mass_tons": 2977271.8126378013, "city_id": 1105, "country_iso": "ARG"}, {"h3index": "87c2e3bb3ffffff", "population_2015": 3042.0494985505647, "total_built_mass_tons": 531363.4162150315, "city_id": 1105, "country_iso": "ARG"}, {"h3index": "87c2e3bb4ffffff", "population_2015": 19234.167765583727, "total_built_mass_tons": 3612382.037817437, "city_id": 1105, "country_iso": "ARG"}, {"h3index": "87c2e3bb5ffffff", "population_2015": 14470.402275309843, "total_built_mass_tons": 2664908.6021636557, "city_id": 1105, "country_iso": "ARG"}, {"h3index": "87c2e3bb6ffffff", "population_2015": 19410.761357116706, "total_built_mass_tons": 3723561.85685248, "city_id": 1105, "country_iso": "ARG"}, {"h3index": "87c2e3c00ffffff", "population_2015": 9049.319230651858, "total_built_mass_tons": 2179650.8655529073, "city_id": 1105, "country_iso": "ARG"}, {"h3index": "87c2e3c01ffffff", "population_2015": 10867.583204912671, "total_built_mass_tons": 2242984.772671963, "city_id": 1105, "country_iso": "ARG"}, {"h3index": "87c2e3c02ffffff", "population_2015": 1871.4391573176665, "total_built_mass_tons": 452262.19837619155, "city_id": 1105, "country_iso": "ARG"}, {"h3index": "87c2e3c03ffffff", "population_2015": 519.206763966878, "total_built_mass_tons": 163549.47380773933, "city_id": 1105, "country_iso": "ARG"}, {"h3index": "87c2e3c04ffffff", "population_2015": 4009.531390029308, "total_built_mass_tons": 940773.0361613712, "city_id": 1105, "country_iso": "ARG"}, {"h3index": "87c2e3c05ffffff", "population_2015": 7033.316084551343, "total_built_mass_tons": 1576387.8789715357, "city_id": 1105, "country_iso": "ARG"}, {"h3index": "87c2e3c06ffffff", "population_2015": 276.53399868385463, "total_built_mass_tons": 125721.62728596866, "city_id": 1105, "country_iso": "ARG"}, {"h3index": "87c2e3c08ffffff", "population_2015": 4710.18579974829, "total_built_mass_tons": 1158689.8607232017, "city_id": 1105, "country_iso": "ARG"}, {"h3index": "87c2e3c09ffffff", "population_2015": 11513.26483571669, "total_built_mass_tons": 1771956.0108378383, "city_id": 1105, "country_iso": "ARG"}, {"h3index": "87c2e3c0bffffff", "population_2015": 16.843898077572092, "total_built_mass_tons": 7830.238690749507, "city_id": 1105, "country_iso": "ARG"}, {"h3index": "87c2e3c0cffffff", "population_2015": 18256.39958921694, "total_built_mass_tons": 3737976.987803472, "city_id": 1105, "country_iso": "ARG"}, {"h3index": "87c2e3c0dffffff", "population_2015": 18477.316384042475, "total_built_mass_tons": 3469087.3767823675, "city_id": 1105, "country_iso": "ARG"}, {"h3index": "87c2e3c0effffff", "population_2015": 4890.152791976929, "total_built_mass_tons": 1089580.949048421, "city_id": 1105, "country_iso": "ARG"}, {"h3index": "87c2e3c20ffffff", "population_2015": 10032.010881539887, "total_built_mass_tons": 2154486.8592305165, "city_id": 1105, "country_iso": "ARG"}, {"h3index": "87c2e3c21ffffff", "population_2015": 11920.655310993568, "total_built_mass_tons": 1714849.859037009, "city_id": 1105, "country_iso": "ARG"}, {"h3index": "87c2e3c22ffffff", "population_2015": 1154.7119863323137, "total_built_mass_tons": 290493.3860556056, "city_id": 1105, "country_iso": "ARG"}, {"h3index": "87c2e3c23ffffff", "population_2015": 9203.691642563012, "total_built_mass_tons": 1863639.23410054, "city_id": 1105, "country_iso": "ARG"}, {"h3index": "87c2e3c24ffffff", "population_2015": 735.2318992465151, "total_built_mass_tons": 169877.54218527486, "city_id": 1105, "country_iso": "ARG"}, {"h3index": "87c2e3c25ffffff", "population_2015": 2872.480589114918, "total_built_mass_tons": 642891.9375966407, "city_id": 1105, "country_iso": "ARG"}, {"h3index": "87c2e3c26ffffff", "population_2015": 404.1009005079083, "total_built_mass_tons": 129942.0444861674, "city_id": 1105, "country_iso": "ARG"}, {"h3index": "87c2e3c28ffffff", "population_2015": 10185.656557442157, "total_built_mass_tons": 2355786.333439958, "city_id": 1105, "country_iso": "ARG"}, {"h3index": "87c2e3c29ffffff", "population_2015": 16028.524313287173, "total_built_mass_tons": 3120996.915012289, "city_id": 1105, "country_iso": "ARG"}, {"h3index": "87c2e3c2affffff", "population_2015": 12139.053243465049, "total_built_mass_tons": 2202376.231928232, "city_id": 1105, "country_iso": "ARG"}, {"h3index": "87c2e3c2bffffff", "population_2015": 18158.82359156889, "total_built_mass_tons": 3456877.0963296993, "city_id": 1105, "country_iso": "ARG"}, {"h3index": "87c2e3c2cffffff", "population_2015": 15430.183036362898, "total_built_mass_tons": 2501497.8898774325, "city_id": 1105, "country_iso": "ARG"}, {"h3index": "87c2e3c2dffffff", "population_2015": 18366.717171844783, "total_built_mass_tons": 3056589.631621936, "city_id": 1105, "country_iso": "ARG"}, {"h3index": "87c2e3c2effffff", "population_2015": 5521.020298307082, "total_built_mass_tons": 1018038.8926964318, "city_id": 1105, "country_iso": "ARG"}, {"h3index": "87c2e3c40ffffff", "population_2015": 26667.861891204244, "total_built_mass_tons": 4085394.6172369896, "city_id": 1105, "country_iso": "ARG"}, {"h3index": "87c2e3c41ffffff", "population_2015": 22474.29091360056, "total_built_mass_tons": 4212081.265162657, "city_id": 1105, "country_iso": "ARG"}, {"h3index": "87c2e3c42ffffff", "population_2015": 18751.849415446257, "total_built_mass_tons": 2755400.0920294975, "city_id": 1105, "country_iso": "ARG"}, {"h3index": "87c2e3c43ffffff", "population_2015": 12822.772932482703, "total_built_mass_tons": 2518041.8929698877, "city_id": 1105, "country_iso": "ARG"}, {"h3index": "87c2e3c44ffffff", "population_2015": 28853.37506351845, "total_built_mass_tons": 3895470.0761499945, "city_id": 1105, "country_iso": "ARG"}, {"h3index": "87c2e3c45ffffff", "population_2015": 25438.130904852187, "total_built_mass_tons": 4322564.407794368, "city_id": 1105, "country_iso": "ARG"}, {"h3index": "87c2e3c46ffffff", "population_2015": 29541.550836495793, "total_built_mass_tons": 3683417.281811207, "city_id": 1105, "country_iso": "ARG"}, {"h3index": "87c2e3c48ffffff", "population_2015": 15331.958692161706, "total_built_mass_tons": 2264167.58531373, "city_id": 1105, "country_iso": "ARG"}, {"h3index": "87c2e3c49ffffff", "population_2015": 26177.57766653323, "total_built_mass_tons": 3504597.171525352, "city_id": 1105, "country_iso": "ARG"}, {"h3index": "87c2e3c4affffff", "population_2015": 2907.553903370278, "total_built_mass_tons": 763835.7622700665, "city_id": 1105, "country_iso": "ARG"}, {"h3index": "87c2e3c4bffffff", "population_2015": 14646.088302215874, "total_built_mass_tons": 2560421.3486892832, "city_id": 1105, "country_iso": "ARG"}, {"h3index": "87c2e3c4cffffff", "population_2015": 22984.317689648797, "total_built_mass_tons": 4333357.805041192, "city_id": 1105, "country_iso": "ARG"}, {"h3index": "87c2e3c4dffffff", "population_2015": 22470.549651665777, "total_built_mass_tons": 3138235.8347028177, "city_id": 1105, "country_iso": "ARG"}, {"h3index": "87c2e3c4effffff", "population_2015": 7077.44625746783, "total_built_mass_tons": 1468802.5903355596, "city_id": 1105, "country_iso": "ARG"}, {"h3index": "87c2e3c50ffffff", "population_2015": 8315.17914058087, "total_built_mass_tons": 1291583.7779788766, "city_id": 1105, "country_iso": "ARG"}, {"h3index": "87c2e3c51ffffff", "population_2015": 517.2158169615502, "total_built_mass_tons": 107473.30667013924, "city_id": 1105, "country_iso": "ARG"}, {"h3index": "87c2e3c52ffffff", "population_2015": 1289.390309502097, "total_built_mass_tons": 147452.03516477207, "city_id": 1105, "country_iso": "ARG"}, {"h3index": "87c2e3c54ffffff", "population_2015": 21975.87241382225, "total_built_mass_tons": 3097279.8134069033, "city_id": 1105, "country_iso": "ARG"}, {"h3index": "87c2e3c55ffffff", "population_2015": 23873.545520199037, "total_built_mass_tons": 3526826.5654973714, "city_id": 1105, "country_iso": "ARG"}, {"h3index": "87c2e3c56ffffff", "population_2015": 3409.973752709931, "total_built_mass_tons": 506095.74743462296, "city_id": 1105, "country_iso": "ARG"}, {"h3index": "87c2e3c5cffffff", "population_2015": 503.3460360358744, "total_built_mass_tons": 130156.8592204526, "city_id": 1105, "country_iso": "ARG"}, {"h3index": "87c2e3c60ffffff", "population_2015": 21779.963552946207, "total_built_mass_tons": 3599021.7969347513, "city_id": 1105, "country_iso": "ARG"}, {"h3index": "87c2e3c61ffffff", "population_2015": 19093.995219795375, "total_built_mass_tons": 3466643.4194387184, "city_id": 1105, "country_iso": "ARG"}, {"h3index": "87c2e3c62ffffff", "population_2015": 24179.822769883096, "total_built_mass_tons": 3558593.0814907574, "city_id": 1105, "country_iso": "ARG"}, {"h3index": "87c2e3c63ffffff", "population_2015": 20113.662492183612, "total_built_mass_tons": 3332171.106941507, "city_id": 1105, "country_iso": "ARG"}, {"h3index": "87c2e3c64ffffff", "population_2015": 24826.392369558296, "total_built_mass_tons": 3618581.9807552383, "city_id": 1105, "country_iso": "ARG"}, {"h3index": "87c2e3c65ffffff", "population_2015": 22976.26685617484, "total_built_mass_tons": 3790077.3789531738, "city_id": 1105, "country_iso": "ARG"}, {"h3index": "87c2e3c66ffffff", "population_2015": 19377.44932544184, "total_built_mass_tons": 3179856.7102970495, "city_id": 1105, "country_iso": "ARG"}, {"h3index": "87c2e3c68ffffff", "population_2015": 25710.63970547844, "total_built_mass_tons": 4240668.543311074, "city_id": 1105, "country_iso": "ARG"}, {"h3index": "87c2e3c69ffffff", "population_2015": 29405.634829696955, "total_built_mass_tons": 4326911.664500674, "city_id": 1105, "country_iso": "ARG"}, {"h3index": "87c2e3c6affffff", "population_2015": 24708.68847092273, "total_built_mass_tons": 4175374.380820045, "city_id": 1105, "country_iso": "ARG"}, {"h3index": "87c2e3c6bffffff", "population_2015": 26067.18988037109, "total_built_mass_tons": 4377955.696895602, "city_id": 1105, "country_iso": "ARG"}, {"h3index": "87c2e3c6cffffff", "population_2015": 27104.755600020464, "total_built_mass_tons": 3874596.363744958, "city_id": 1105, "country_iso": "ARG"}, {"h3index": "87c2e3c6dffffff", "population_2015": 26035.63847822302, "total_built_mass_tons": 3893359.432005726, "city_id": 1105, "country_iso": "ARG"}, {"h3index": "87c2e3c6effffff", "population_2015": 24379.693372883503, "total_built_mass_tons": 4125001.40522332, "city_id": 1105, "country_iso": "ARG"}, {"h3index": "87c2e3c70ffffff", "population_2015": 19288.21693524379, "total_built_mass_tons": 2694478.4436822673, "city_id": 1105, "country_iso": "ARG"}, {"h3index": "87c2e3c71ffffff", "population_2015": 29258.89685727286, "total_built_mass_tons": 3484996.4147580587, "city_id": 1105, "country_iso": "ARG"}, {"h3index": "87c2e3c72ffffff", "population_2015": 26420.024339788102, "total_built_mass_tons": 3283461.47288923, "city_id": 1105, "country_iso": "ARG"}, {"h3index": "87c2e3c73ffffff", "population_2015": 27258.515340827493, "total_built_mass_tons": 3463915.536815509, "city_id": 1105, "country_iso": "ARG"}, {"h3index": "87c2e3c74ffffff", "population_2015": 21330.063785867125, "total_built_mass_tons": 3079754.641941667, "city_id": 1105, "country_iso": "ARG"}, {"h3index": "87c2e3c75ffffff", "population_2015": 23589.705777740477, "total_built_mass_tons": 3355693.3327218685, "city_id": 1105, "country_iso": "ARG"}, {"h3index": "87c2e3c76ffffff", "population_2015": 21390.087765099022, "total_built_mass_tons": 3363970.479509174, "city_id": 1105, "country_iso": "ARG"}, {"h3index": "87c2e3d09ffffff", "population_2015": 17.114257251515106, "total_built_mass_tons": 5438.485989096702, "city_id": 1105, "country_iso": "ARG"}, {"h3index": "87c2e3d40ffffff", "population_2015": 359.15649950738043, "total_built_mass_tons": 143926.56936586418, "city_id": 1105, "country_iso": "ARG"}, {"h3index": "87c2e3d41ffffff", "population_2015": 6443.628414737478, "total_built_mass_tons": 1366086.9901683826, "city_id": 1105, "country_iso": "ARG"}, {"h3index": "87c2e3d42ffffff", "population_2015": 15676.803090331134, "total_built_mass_tons": 2414875.7912161434, "city_id": 1105, "country_iso": "ARG"}, {"h3index": "87c2e3d43ffffff", "population_2015": 12153.44899483101, "total_built_mass_tons": 2307818.2032517623, "city_id": 1105, "country_iso": "ARG"}, {"h3index": "87c2e3d46ffffff", "population_2015": 9398.01342684802, "total_built_mass_tons": 1606942.3443410145, "city_id": 1105, "country_iso": "ARG"}, {"h3index": "87c2e3d48ffffff", "population_2015": 21645.614353164976, "total_built_mass_tons": 3374441.8481112737, "city_id": 1105, "country_iso": "ARG"}, {"h3index": "87c2e3d49ffffff", "population_2015": 25019.296196986183, "total_built_mass_tons": 3607836.104400313, "city_id": 1105, "country_iso": "ARG"}, {"h3index": "87c2e3d4affffff", "population_2015": 24743.093522359817, "total_built_mass_tons": 3470152.2707384992, "city_id": 1105, "country_iso": "ARG"}, {"h3index": "87c2e3d4bffffff", "population_2015": 26979.71381817986, "total_built_mass_tons": 3689801.1016446054, "city_id": 1105, "country_iso": "ARG"}, {"h3index": "87c2e3d4cffffff", "population_2015": 16529.977801678222, "total_built_mass_tons": 2771287.5738243186, "city_id": 1105, "country_iso": "ARG"}, {"h3index": "87c2e3d4dffffff", "population_2015": 24363.899498419665, "total_built_mass_tons": 3098336.5674068737, "city_id": 1105, "country_iso": "ARG"}, {"h3index": "87c2e3d4effffff", "population_2015": 17611.339265082865, "total_built_mass_tons": 2695825.944903329, "city_id": 1105, "country_iso": "ARG"}, {"h3index": "87c2e3d50ffffff", "population_2015": 4820.174299116696, "total_built_mass_tons": 925697.7429955438, "city_id": 1105, "country_iso": "ARG"}, {"h3index": "87c2e3d51ffffff", "population_2015": 19218.987228947055, "total_built_mass_tons": 2691501.696101015, "city_id": 1105, "country_iso": "ARG"}, {"h3index": "87c2e3d52ffffff", "population_2015": 15567.14080618316, "total_built_mass_tons": 2490168.486339364, "city_id": 1105, "country_iso": "ARG"}, {"h3index": "87c2e3d53ffffff", "population_2015": 15553.28681310766, "total_built_mass_tons": 2481899.520787529, "city_id": 1105, "country_iso": "ARG"}, {"h3index": "87c2e3d54ffffff", "population_2015": 717.2387890946629, "total_built_mass_tons": 222395.87012371176, "city_id": 1105, "country_iso": "ARG"}, {"h3index": "87c2e3d55ffffff", "population_2015": 8733.603786262809, "total_built_mass_tons": 1393983.7749663747, "city_id": 1105, "country_iso": "ARG"}, {"h3index": "87c2e3d56ffffff", "population_2015": 6339.387069234658, "total_built_mass_tons": 1126587.8106217626, "city_id": 1105, "country_iso": "ARG"}, {"h3index": "87c2e3d58ffffff", "population_2015": 20971.3466953876, "total_built_mass_tons": 2924922.433536949, "city_id": 1105, "country_iso": "ARG"}, {"h3index": "87c2e3d59ffffff", "population_2015": 24371.63699678908, "total_built_mass_tons": 3488124.897228158, "city_id": 1105, "country_iso": "ARG"}, {"h3index": "87c2e3d5affffff", "population_2015": 23705.28177802889, "total_built_mass_tons": 3085418.240788311, "city_id": 1105, "country_iso": "ARG"}, {"h3index": "87c2e3d5bffffff", "population_2015": 24003.44413248698, "total_built_mass_tons": 3422703.7808131687, "city_id": 1105, "country_iso": "ARG"}, {"h3index": "87c2e3d5cffffff", "population_2015": 22333.32669092814, "total_built_mass_tons": 2982455.8493368803, "city_id": 1105, "country_iso": "ARG"}, {"h3index": "87c2e3d5dffffff", "population_2015": 18979.67865289426, "total_built_mass_tons": 2853782.057442761, "city_id": 1105, "country_iso": "ARG"}, {"h3index": "87c2e3d5effffff", "population_2015": 22046.548057212072, "total_built_mass_tons": 3048520.451547794, "city_id": 1105, "country_iso": "ARG"}, {"h3index": "87c2e3d61ffffff", "population_2015": 41.57417246126661, "total_built_mass_tons": 35463.48125806014, "city_id": 1105, "country_iso": "ARG"}, {"h3index": "87c2e3d64ffffff", "population_2015": 34.91991397259282, "total_built_mass_tons": 48344.882694952845, "city_id": 1105, "country_iso": "ARG"}, {"h3index": "87c2e3d65ffffff", "population_2015": 2594.759082816629, "total_built_mass_tons": 892983.2735878511, "city_id": 1105, "country_iso": "ARG"}, {"h3index": "87c2e3d68ffffff", "population_2015": 12919.319923385918, "total_built_mass_tons": 2286458.721350758, "city_id": 1105, "country_iso": "ARG"}, {"h3index": "87c2e3d69ffffff", "population_2015": 20980.83278796627, "total_built_mass_tons": 3354112.343834917, "city_id": 1105, "country_iso": "ARG"}, {"h3index": "87c2e3d6affffff", "population_2015": 10668.582468870574, "total_built_mass_tons": 2209381.5769058503, "city_id": 1105, "country_iso": "ARG"}, {"h3index": "87c2e3d6bffffff", "population_2015": 20662.06478760663, "total_built_mass_tons": 3150025.9682164188, "city_id": 1105, "country_iso": "ARG"}, {"h3index": "87c2e3d6cffffff", "population_2015": 10700.539414334771, "total_built_mass_tons": 1870023.2810055884, "city_id": 1105, "country_iso": "ARG"}, {"h3index": "87c2e3d6dffffff", "population_2015": 13759.415678996664, "total_built_mass_tons": 2383937.2591563873, "city_id": 1105, "country_iso": "ARG"}, {"h3index": "87c2e3d6effffff", "population_2015": 1186.4059712316478, "total_built_mass_tons": 275164.4288344849, "city_id": 1105, "country_iso": "ARG"}, {"h3index": "87c2e3d70ffffff", "population_2015": 2853.504749784283, "total_built_mass_tons": 727378.4691275244, "city_id": 1105, "country_iso": "ARG"}, {"h3index": "87c2e3d71ffffff", "population_2015": 595.7912285337262, "total_built_mass_tons": 180053.48830784304, "city_id": 1105, "country_iso": "ARG"}, {"h3index": "87c2e3d72ffffff", "population_2015": 24.71248691970227, "total_built_mass_tons": 13035.42128230192, "city_id": 1105, "country_iso": "ARG"}, {"h3index": "87c2e3d73ffffff", "population_2015": 4953.442584942837, "total_built_mass_tons": 937600.0542517748, "city_id": 1105, "country_iso": "ARG"}, {"h3index": "87c2e3d75ffffff", "population_2015": 262.9573335797179, "total_built_mass_tons": 92394.90691777835, "city_id": 1105, "country_iso": "ARG"}]