[{"h3index": "8720a1900ffffff", "population_2015": 61352.69239439123, "total_built_mass_tons": 3250774.1293047173, "city_id": 6008, "country_iso": "UZB"}, {"h3index": "8720a1901ffffff", "population_2015": 31187.523524798613, "total_built_mass_tons": 2151822.5156698865, "city_id": 6008, "country_iso": "UZB"}, {"h3index": "8720a1902ffffff", "population_2015": 37863.2142916212, "total_built_mass_tons": 1716870.8125721037, "city_id": 6008, "country_iso": "UZB"}, {"h3index": "8720a1903ffffff", "population_2015": 17618.87481207755, "total_built_mass_tons": 716031.1847363051, "city_id": 6008, "country_iso": "UZB"}, {"h3index": "8720a1904ffffff", "population_2015": 19563.745569790117, "total_built_mass_tons": 3321914.9249861967, "city_id": 6008, "country_iso": "UZB"}, {"h3index": "8720a1905ffffff", "population_2015": 4951.660332347831, "total_built_mass_tons": 3082046.188532469, "city_id": 6008, "country_iso": "UZB"}, {"h3index": "8720a1906ffffff", "population_2015": 67824.71966316372, "total_built_mass_tons": 3501350.4113231297, "city_id": 6008, "country_iso": "UZB"}, {"h3index": "8720a1908ffffff", "population_2015": 8183.052539155062, "total_built_mass_tons": 2647913.817224561, "city_id": 6008, "country_iso": "UZB"}, {"h3index": "8720a1909ffffff", "population_2015": 565.8624683043536, "total_built_mass_tons": 709994.9045604179, "city_id": 6008, "country_iso": "UZB"}, {"h3index": "8720a190affffff", "population_2015": 2728.628187849008, "total_built_mass_tons": 90159.06484411118, "city_id": 6008, "country_iso": "UZB"}, {"h3index": "8720a190cffffff", "population_2015": 4194.251536453472, "total_built_mass_tons": 5600942.459571545, "city_id": 6008, "country_iso": "UZB"}, {"h3index": "8720a190dffffff", "population_2015": 4089.2221495590943, "total_built_mass_tons": 5335818.072771234, "city_id": 6008, "country_iso": "UZB"}, {"h3index": "8720a190effffff", "population_2015": 52195.87002569274, "total_built_mass_tons": 2407102.5502776583, "city_id": 6008, "country_iso": "UZB"}, {"h3index": "8720a1910ffffff", "population_2015": 6415.972092333028, "total_built_mass_tons": 186505.74005440096, "city_id": 6008, "country_iso": "UZB"}, {"h3index": "8720a1911ffffff", "population_2015": 5784.479585146436, "total_built_mass_tons": 229067.1013165271, "city_id": 6008, "country_iso": "UZB"}, {"h3index": "8720a1912ffffff", "population_2015": 761.4179213280772, "total_built_mass_tons": 26760.68740987699, "city_id": 6008, "country_iso": "UZB"}, {"h3index": "8720a1913ffffff", "population_2015": 1312.296230630314, "total_built_mass_tons": 49934.41772698259, "city_id": 6008, "country_iso": "UZB"}, {"h3index": "8720a1914ffffff", "population_2015": 7755.034591764563, "total_built_mass_tons": 334344.4332525619, "city_id": 6008, "country_iso": "UZB"}, {"h3index": "8720a1915ffffff", "population_2015": 62081.78173510982, "total_built_mass_tons": 2892480.1387370527, "city_id": 6008, "country_iso": "UZB"}, {"h3index": "8720a1916ffffff", "population_2015": 3318.2552962957643, "total_built_mass_tons": 156263.1713793056, "city_id": 6008, "country_iso": "UZB"}, {"h3index": "8720a1918ffffff", "population_2015": 5915.831786690506, "total_built_mass_tons": 241971.87393447984, "city_id": 6008, "country_iso": "UZB"}, {"h3index": "8720a1919ffffff", "population_2015": 2221.299773092831, "total_built_mass_tons": 108845.15679780276, "city_id": 6008, "country_iso": "UZB"}, {"h3index": "8720a191bffffff", "population_2015": 685.0363931983126, "total_built_mass_tons": 84195.01720292945, "city_id": 6008, "country_iso": "UZB"}, {"h3index": "8720a191cffffff", "population_2015": 10070.03225292131, "total_built_mass_tons": 346690.56065444485, "city_id": 6008, "country_iso": "UZB"}, {"h3index": "8720a191dffffff", "population_2015": 22380.053070696664, "total_built_mass_tons": 910875.152802304, "city_id": 6008, "country_iso": "UZB"}, {"h3index": "8720a1920ffffff", "population_2015": 4348.6295657531855, "total_built_mass_tons": 6366183.023757916, "city_id": 6008, "country_iso": "UZB"}, {"h3index": "8720a1921ffffff", "population_2015": 4654.638787783828, "total_built_mass_tons": 7850249.685952265, "city_id": 6008, "country_iso": "UZB"}, {"h3index": "8720a1922ffffff", "population_2015": 3340.398113435858, "total_built_mass_tons": 4762678.315144973, "city_id": 6008, "country_iso": "UZB"}, {"h3index": "8720a1923ffffff", "population_2015": 2639.9974110061053, "total_built_mass_tons": 3357549.5941816107, "city_id": 6008, "country_iso": "UZB"}, {"h3index": "8720a1924ffffff", "population_2015": 2787.7873393788054, "total_built_mass_tons": 4194826.340543313, "city_id": 6008, "country_iso": "UZB"}, {"h3index": "8720a1925ffffff", "population_2015": 3182.121021328722, "total_built_mass_tons": 4629036.816450872, "city_id": 6008, "country_iso": "UZB"}, {"h3index": "8720a1926ffffff", "population_2015": 3391.9460710450708, "total_built_mass_tons": 5078397.8620220665, "city_id": 6008, "country_iso": "UZB"}, {"h3index": "8720a1928ffffff", "population_2015": 4217.919464648007, "total_built_mass_tons": 6479868.447222915, "city_id": 6008, "country_iso": "UZB"}, {"h3index": "8720a1929ffffff", "population_2015": 4527.235050923217, "total_built_mass_tons": 7160338.954375809, "city_id": 6008, "country_iso": "UZB"}, {"h3index": "8720a192affffff", "population_2015": 2825.7915286569046, "total_built_mass_tons": 3775484.0937333233, "city_id": 6008, "country_iso": "UZB"}, {"h3index": "8720a192bffffff", "population_2015": 4582.824420152925, "total_built_mass_tons": 6343502.280444631, "city_id": 6008, "country_iso": "UZB"}, {"h3index": "8720a192cffffff", "population_2015": 4687.90889678656, "total_built_mass_tons": 8340868.533702322, "city_id": 6008, "country_iso": "UZB"}, {"h3index": "8720a192dffffff", "population_2015": 4311.343493543886, "total_built_mass_tons": 7195615.140170421, "city_id": 6008, "country_iso": "UZB"}, {"h3index": "8720a192effffff", "population_2015": 3569.031181064308, "total_built_mass_tons": 4886075.0927915685, "city_id": 6008, "country_iso": "UZB"}, {"h3index": "8720a1930ffffff", "population_2015": 8.804902937832999, "total_built_mass_tons": 10335.502558285349, "city_id": 6008, "country_iso": "UZB"}, {"h3index": "8720a1931ffffff", "population_2015": 17944.306559511264, "total_built_mass_tons": 3419533.694811202, "city_id": 6008, "country_iso": "UZB"}, {"h3index": "8720a1932ffffff", "population_2015": 432.2937970030542, "total_built_mass_tons": 19606.77557975984, "city_id": 6008, "country_iso": "UZB"}, {"h3index": "8720a1933ffffff", "population_2015": 42460.3733656023, "total_built_mass_tons": 2154272.500377617, "city_id": 6008, "country_iso": "UZB"}, {"h3index": "8720a1934ffffff", "population_2015": 303.5736847054725, "total_built_mass_tons": 382095.8881185658, "city_id": 6008, "country_iso": "UZB"}, {"h3index": "8720a1935ffffff", "population_2015": 3019.7310782507343, "total_built_mass_tons": 4136330.5381511063, "city_id": 6008, "country_iso": "UZB"}, {"h3index": "8720a1954ffffff", "population_2015": 999.9953522326896, "total_built_mass_tons": 1173259.3582599503, "city_id": 6008, "country_iso": "UZB"}, {"h3index": "8720a1960ffffff", "population_2015": 58.687833961786, "total_built_mass_tons": 49515.69784001021, "city_id": 6008, "country_iso": "UZB"}, {"h3index": "8720a1964ffffff", "population_2015": 3332.6814073637415, "total_built_mass_tons": 4153711.1063652234, "city_id": 6008, "country_iso": "UZB"}, {"h3index": "8720a1965ffffff", "population_2015": 3.135745942358877, "total_built_mass_tons": 5980.544142992458, "city_id": 6008, "country_iso": "UZB"}, {"h3index": "8720a1966ffffff", "population_2015": 2057.724630948608, "total_built_mass_tons": 2563242.266481477, "city_id": 6008, "country_iso": "UZB"}, {"h3index": "8720a1970ffffff", "population_2015": 536.2003717590779, "total_built_mass_tons": 721367.9546630613, "city_id": 6008, "country_iso": "UZB"}, {"h3index": "8720a1972ffffff", "population_2015": 1486.478386104808, "total_built_mass_tons": 1641561.9746554014, "city_id": 6008, "country_iso": "UZB"}, {"h3index": "8720a1973ffffff", "population_2015": 36.49366342039669, "total_built_mass_tons": 49949.6028295576, "city_id": 6008, "country_iso": "UZB"}, {"h3index": "8720a1974ffffff", "population_2015": 3526.936118621452, "total_built_mass_tons": 4471976.827825783, "city_id": 6008, "country_iso": "UZB"}, {"h3index": "8720a1975ffffff", "population_2015": 64.96733378242043, "total_built_mass_tons": 87563.7075700514, "city_id": 6008, "country_iso": "UZB"}, {"h3index": "8720a1976ffffff", "population_2015": 4126.790792994407, "total_built_mass_tons": 6073895.783098467, "city_id": 6008, "country_iso": "UZB"}, {"h3index": "8720a19a4ffffff", "population_2015": 25.52165766697304, "total_built_mass_tons": 7394.980223351231, "city_id": 6008, "country_iso": "UZB"}, {"h3index": "8720a19a5ffffff", "population_2015": 1851.2266637465536, "total_built_mass_tons": 124957.19721232192, "city_id": 6008, "country_iso": "UZB"}, {"h3index": "8720a19acffffff", "population_2015": 641.6182762594784, "total_built_mass_tons": 19373.85729381385, "city_id": 6008, "country_iso": "UZB"}, {"h3index": "8720a5281ffffff", "population_2015": 1014.3903600767544, "total_built_mass_tons": 1486303.669207079, "city_id": 6008, "country_iso": "UZB"}, {"h3index": "8720a5283ffffff", "population_2015": 781.5800747946196, "total_built_mass_tons": 1076525.307281454, "city_id": 6008, "country_iso": "UZB"}, {"h3index": "8720a5288ffffff", "population_2015": 3873.269891482708, "total_built_mass_tons": 6005127.2558921855, "city_id": 6008, "country_iso": "UZB"}, {"h3index": "8720a5289ffffff", "population_2015": 4309.836549575657, "total_built_mass_tons": 6838009.803008473, "city_id": 6008, "country_iso": "UZB"}, {"h3index": "8720a528affffff", "population_2015": 3928.5842549511026, "total_built_mass_tons": 6184365.1198030505, "city_id": 6008, "country_iso": "UZB"}, {"h3index": "8720a528bffffff", "population_2015": 3812.449944081027, "total_built_mass_tons": 5993749.798376702, "city_id": 6008, "country_iso": "UZB"}, {"h3index": "8720a528cffffff", "population_2015": 378.3918836425332, "total_built_mass_tons": 379312.7741043764, "city_id": 6008, "country_iso": "UZB"}, {"h3index": "8720a528dffffff", "population_2015": 2970.303994146047, "total_built_mass_tons": 4244408.428140774, "city_id": 6008, "country_iso": "UZB"}, {"h3index": "8720a528effffff", "population_2015": 3388.924939178017, "total_built_mass_tons": 4992992.195383912, "city_id": 6008, "country_iso": "UZB"}, {"h3index": "8720a5298ffffff", "population_2015": 369.4384900139828, "total_built_mass_tons": 573371.9385540346, "city_id": 6008, "country_iso": "UZB"}, {"h3index": "8720a5299ffffff", "population_2015": 3662.04630572375, "total_built_mass_tons": 6500542.593715109, "city_id": 6008, "country_iso": "UZB"}, {"h3index": "8720a529affffff", "population_2015": 617.7948644984002, "total_built_mass_tons": 859803.0701957582, "city_id": 6008, "country_iso": "UZB"}, {"h3index": "8720a529bffffff", "population_2015": 2520.7284573330594, "total_built_mass_tons": 3779743.163409588, "city_id": 6008, "country_iso": "UZB"}, {"h3index": "8720a529dffffff", "population_2015": 1473.8632508072203, "total_built_mass_tons": 2132045.997868296, "city_id": 6008, "country_iso": "UZB"}, {"h3index": "8720a52abffffff", "population_2015": 177.08829879199757, "total_built_mass_tons": 291724.9322126082, "city_id": 6008, "country_iso": "UZB"}, {"h3index": "8720a52c0ffffff", "population_2015": 3598.428988022897, "total_built_mass_tons": 5085209.209671909, "city_id": 6008, "country_iso": "UZB"}, {"h3index": "8720a52c1ffffff", "population_2015": 540.4785722227657, "total_built_mass_tons": 577166.2527338233, "city_id": 6008, "country_iso": "UZB"}, {"h3index": "8720a52c2ffffff", "population_2015": 4444.885888937406, "total_built_mass_tons": 6893167.267963039, "city_id": 6008, "country_iso": "UZB"}, {"h3index": "8720a52c3ffffff", "population_2015": 4370.033369831013, "total_built_mass_tons": 6545882.307587471, "city_id": 6008, "country_iso": "UZB"}, {"h3index": "8720a52c4ffffff", "population_2015": 1489.7344881562622, "total_built_mass_tons": 2392233.792402122, "city_id": 6008, "country_iso": "UZB"}, {"h3index": "8720a52c5ffffff", "population_2015": 950.475332628512, "total_built_mass_tons": 1380288.6052759397, "city_id": 6008, "country_iso": "UZB"}, {"h3index": "8720a52c6ffffff", "population_2015": 4010.4006069089846, "total_built_mass_tons": 6487459.898056916, "city_id": 6008, "country_iso": "UZB"}, {"h3index": "8720a52caffffff", "population_2015": 2260.291918509615, "total_built_mass_tons": 2966622.270437672, "city_id": 6008, "country_iso": "UZB"}, {"h3index": "8720a52cbffffff", "population_2015": 535.2057888750936, "total_built_mass_tons": 601284.1333598294, "city_id": 6008, "country_iso": "UZB"}, {"h3index": "8720a52ceffffff", "population_2015": 2067.5630072986382, "total_built_mass_tons": 2689886.728488082, "city_id": 6008, "country_iso": "UZB"}, {"h3index": "8720a52d0ffffff", "population_2015": 4677.714021063784, "total_built_mass_tons": 7710560.140380602, "city_id": 6008, "country_iso": "UZB"}, {"h3index": "8720a52d1ffffff", "population_2015": 4401.402749631917, "total_built_mass_tons": 7045734.757020449, "city_id": 6008, "country_iso": "UZB"}, {"h3index": "8720a52d2ffffff", "population_2015": 4170.85485984578, "total_built_mass_tons": 6682993.988443511, "city_id": 6008, "country_iso": "UZB"}, {"h3index": "8720a52d3ffffff", "population_2015": 4010.283736664641, "total_built_mass_tons": 6016492.653309555, "city_id": 6008, "country_iso": "UZB"}, {"h3index": "8720a52d4ffffff", "population_2015": 4538.109310619507, "total_built_mass_tons": 7234075.941123251, "city_id": 6008, "country_iso": "UZB"}, {"h3index": "8720a52d5ffffff", "population_2015": 4788.650301089941, "total_built_mass_tons": 7344741.347159157, "city_id": 6008, "country_iso": "UZB"}, {"h3index": "8720a52d6ffffff", "population_2015": 4532.318687769942, "total_built_mass_tons": 7099217.913671855, "city_id": 6008, "country_iso": "UZB"}, {"h3index": "8720a52d8ffffff", "population_2015": 4399.601312665378, "total_built_mass_tons": 6805934.660137121, "city_id": 6008, "country_iso": "UZB"}, {"h3index": "8720a52d9ffffff", "population_2015": 3976.606379925972, "total_built_mass_tons": 5389708.888701618, "city_id": 6008, "country_iso": "UZB"}, {"h3index": "8720a52daffffff", "population_2015": 4120.672458590712, "total_built_mass_tons": 6518364.615095353, "city_id": 6008, "country_iso": "UZB"}, {"h3index": "8720a52dbffffff", "population_2015": 4495.628578599291, "total_built_mass_tons": 6806976.133810266, "city_id": 6008, "country_iso": "UZB"}, {"h3index": "8720a52dcffffff", "population_2015": 4130.037331302493, "total_built_mass_tons": 5971424.062625876, "city_id": 6008, "country_iso": "UZB"}, {"h3index": "8720a52ddffffff", "population_2015": 3553.8737910438986, "total_built_mass_tons": 5178944.534866411, "city_id": 6008, "country_iso": "UZB"}, {"h3index": "8720a52deffffff", "population_2015": 4479.877536334243, "total_built_mass_tons": 7438546.805394409, "city_id": 6008, "country_iso": "UZB"}, {"h3index": "8720a52f0ffffff", "population_2015": 1799.0710800114805, "total_built_mass_tons": 2341931.039429297, "city_id": 6008, "country_iso": "UZB"}, {"h3index": "8720a52f1ffffff", "population_2015": 2422.0348161416896, "total_built_mass_tons": 3735663.980879334, "city_id": 6008, "country_iso": "UZB"}, {"h3index": "8720a52f2ffffff", "population_2015": 4159.567407942751, "total_built_mass_tons": 6757095.371932367, "city_id": 6008, "country_iso": "UZB"}, {"h3index": "8720a52f3ffffff", "population_2015": 4283.445519916686, "total_built_mass_tons": 6610991.847608343, "city_id": 6008, "country_iso": "UZB"}, {"h3index": "8720a52f6ffffff", "population_2015": 1077.3298463503518, "total_built_mass_tons": 1553643.1055170144, "city_id": 6008, "country_iso": "UZB"}, {"h3index": "8720a5648ffffff", "population_2015": 742.134233896405, "total_built_mass_tons": 93142.51094035571, "city_id": 6008, "country_iso": "UZB"}, {"h3index": "8720a5649ffffff", "population_2015": 5596.320184974109, "total_built_mass_tons": 218045.3290106714, "city_id": 6008, "country_iso": "UZB"}, {"h3index": "8720a564bffffff", "population_2015": 3603.911088113224, "total_built_mass_tons": 168780.57132387967, "city_id": 6008, "country_iso": "UZB"}]