[{"h3index":"873ce3a10ffffff","population_2015":10008.9118333106,"total_built_mass_tons":1203850.3738542553,"city_id":9955,"country_iso":"IND"},{"h3index":"873ce3a11ffffff","population_2015":11.9661675247,"total_built_mass_tons":6562.3298089165,"city_id":9955,"country_iso":"IND"},{"h3index":"873ce3a12ffffff","population_2015":8928.7965757557,"total_built_mass_tons":983028.4770276956,"city_id":9955,"country_iso":"IND"},{"h3index":"873ce3a13ffffff","population_2015":174.1425565383,"total_built_mass_tons":21504.0837971849,"city_id":9955,"country_iso":"IND"},{"h3index":"873ce3a14ffffff","population_2015":7440.9804835076,"total_built_mass_tons":1040988.4466058228,"city_id":9955,"country_iso":"IND"},{"h3index":"873ce3a16ffffff","population_2015":37028.9871387332,"total_built_mass_tons":3436429.4320017127,"city_id":9955,"country_iso":"IND"},{"h3index":"873ce3a32ffffff","population_2015":4784.5132621316,"total_built_mass_tons":566282.0234146549,"city_id":9955,"country_iso":"IND"},{"h3index":"873ce3a33ffffff","population_2015":65.6889076158,"total_built_mass_tons":10747.808488496,"city_id":9955,"country_iso":"IND"},{"h3index":"873ce3aa5ffffff","population_2015":57.8400266984,"total_built_mass_tons":52609.5477695986,"city_id":9955,"country_iso":"IND"},{"h3index":"873ce3b88ffffff","population_2015":1252.3982299936,"total_built_mass_tons":276996.9292647028,"city_id":9955,"country_iso":"IND"},{"h3index":"873ce3b89ffffff","population_2015":39492.7917518541,"total_built_mass_tons":3115155.7903066156,"city_id":9955,"country_iso":"IND"},{"h3index":"873ce3b8affffff","population_2015":7.2702564913,"total_built_mass_tons":11483.8942379724,"city_id":9955,"country_iso":"IND"},{"h3index":"873ce3b8bffffff","population_2015":12643.9189137702,"total_built_mass_tons":910449.3429674818,"city_id":9955,"country_iso":"IND"},{"h3index":"873ce3b8dffffff","population_2015":308.9506633497,"total_built_mass_tons":134548.7830150736,"city_id":9955,"country_iso":"IND"}]