[{"h3index":"8740e5a02ffffff","population_2015":3723.1791172327,"total_built_mass_tons":1229725.7914699721,"city_id":10404,"country_iso":"CHN"},{"h3index":"8740e5a03ffffff","population_2015":8719.2473367841,"total_built_mass_tons":1657805.3051625877,"city_id":10404,"country_iso":"CHN"},{"h3index":"8740e5a0effffff","population_2015":326.1149271498,"total_built_mass_tons":79637.0264763935,"city_id":10404,"country_iso":"CHN"},{"h3index":"8740e5a11ffffff","population_2015":203.2290698482,"total_built_mass_tons":48263.022378234,"city_id":10404,"country_iso":"CHN"},{"h3index":"8740e5a1cffffff","population_2015":548.996901284,"total_built_mass_tons":40008.7582430655,"city_id":10404,"country_iso":"CHN"},{"h3index":"8740e5a1dffffff","population_2015":124.4768240686,"total_built_mass_tons":5143.3295167308,"city_id":10404,"country_iso":"CHN"}]