[{"h3index": "873192800ffffff", "population_2015": 3309.261631986207, "total_built_mass_tons": 789850.3610896484, "city_id": 10564, "country_iso": "CHN"}, {"h3index": "873192801ffffff", "population_2015": 5302.974165976279, "total_built_mass_tons": 1474053.2038458283, "city_id": 10564, "country_iso": "CHN"}, {"h3index": "873192802ffffff", "population_2015": 1574.9332836057629, "total_built_mass_tons": 791073.0214218744, "city_id": 10564, "country_iso": "CHN"}, {"h3index": "873192803ffffff", "population_2015": 3624.788980179207, "total_built_mass_tons": 1951791.0421472136, "city_id": 10564, "country_iso": "CHN"}, {"h3index": "873192805ffffff", "population_2015": 53.58988306943109, "total_built_mass_tons": 8052.790210199305, "city_id": 10564, "country_iso": "CHN"}, {"h3index": "873192808ffffff", "population_2015": 16992.585050136902, "total_built_mass_tons": 2487766.330417338, "city_id": 10564, "country_iso": "CHN"}, {"h3index": "873192809ffffff", "population_2015": 2200.78810786453, "total_built_mass_tons": 873451.7795161754, "city_id": 10564, "country_iso": "CHN"}, {"h3index": "87319280affffff", "population_2015": 20241.568979229654, "total_built_mass_tons": 2841499.9201532714, "city_id": 10564, "country_iso": "CHN"}, {"h3index": "87319280bffffff", "population_2015": 1360.22187092351, "total_built_mass_tons": 462907.2398521914, "city_id": 10564, "country_iso": "CHN"}, {"h3index": "87319280cffffff", "population_2015": 9536.003798249189, "total_built_mass_tons": 2253370.8087649196, "city_id": 10564, "country_iso": "CHN"}, {"h3index": "87319280dffffff", "population_2015": 6834.631938698712, "total_built_mass_tons": 1399257.1003354555, "city_id": 10564, "country_iso": "CHN"}, {"h3index": "87319280effffff", "population_2015": 20644.99932378881, "total_built_mass_tons": 4803494.16819408, "city_id": 10564, "country_iso": "CHN"}, {"h3index": "873192818ffffff", "population_2015": 523.3302803002153, "total_built_mass_tons": 203169.94949980392, "city_id": 10564, "country_iso": "CHN"}, {"h3index": "873192819ffffff", "population_2015": 2349.521818533598, "total_built_mass_tons": 780552.1700386375, "city_id": 10564, "country_iso": "CHN"}, {"h3index": "87319281cffffff", "population_2015": 1191.9627884967654, "total_built_mass_tons": 521997.2887790071, "city_id": 10564, "country_iso": "CHN"}, {"h3index": "87319281dffffff", "population_2015": 7269.398703816359, "total_built_mass_tons": 4896362.7581429565, "city_id": 10564, "country_iso": "CHN"}, {"h3index": "87319282affffff", "population_2015": 1010.5098235018112, "total_built_mass_tons": 395963.4572167557, "city_id": 10564, "country_iso": "CHN"}, {"h3index": "87319282bffffff", "population_2015": 342.9240848924599, "total_built_mass_tons": 178013.28691101025, "city_id": 10564, "country_iso": "CHN"}, {"h3index": "873192854ffffff", "population_2015": 1.107164270737592, "total_built_mass_tons": 610.879297920092, "city_id": 10564, "country_iso": "CHN"}, {"h3index": "873192876ffffff", "population_2015": 45.1439053441964, "total_built_mass_tons": 20090.977881853345, "city_id": 10564, "country_iso": "CHN"}, {"h3index": "8731928e4ffffff", "population_2015": 261.68475173127416, "total_built_mass_tons": 102050.71072584552, "city_id": 10564, "country_iso": "CHN"}]