[{"h3index": "874275400ffffff", "population_2015": 2925.833719687368, "total_built_mass_tons": 516430.73735816195, "city_id": 6116, "country_iso": "PAK"}, {"h3index": "874275402ffffff", "population_2015": 965.0153207554536, "total_built_mass_tons": 172663.24681776064, "city_id": 6116, "country_iso": "PAK"}, {"h3index": "874275404ffffff", "population_2015": 12939.720059263936, "total_built_mass_tons": 2161338.865433188, "city_id": 6116, "country_iso": "PAK"}, {"h3index": "874275405ffffff", "population_2015": 5910.93508156421, "total_built_mass_tons": 656085.1585393822, "city_id": 6116, "country_iso": "PAK"}, {"h3index": "874275406ffffff", "population_2015": 10916.515613765345, "total_built_mass_tons": 1990158.3421571867, "city_id": 6116, "country_iso": "PAK"}, {"h3index": "874275410ffffff", "population_2015": 215.71631788365983, "total_built_mass_tons": 36978.5753819015, "city_id": 6116, "country_iso": "PAK"}, {"h3index": "874275414ffffff", "population_2015": 6964.166067145854, "total_built_mass_tons": 1059931.6179686808, "city_id": 6116, "country_iso": "PAK"}, {"h3index": "874275415ffffff", "population_2015": 8385.680616812613, "total_built_mass_tons": 1520103.2332955212, "city_id": 6116, "country_iso": "PAK"}, {"h3index": "874275416ffffff", "population_2015": 189.45262428732477, "total_built_mass_tons": 27285.595711576738, "city_id": 6116, "country_iso": "PAK"}, {"h3index": "874275420ffffff", "population_2015": 8514.992934193331, "total_built_mass_tons": 1077902.4361572363, "city_id": 6116, "country_iso": "PAK"}, {"h3index": "874275421ffffff", "population_2015": 3287.5828723757877, "total_built_mass_tons": 463630.2252860005, "city_id": 6116, "country_iso": "PAK"}, {"h3index": "874275422ffffff", "population_2015": 17970.32999760497, "total_built_mass_tons": 1903108.865893601, "city_id": 6116, "country_iso": "PAK"}, {"h3index": "874275423ffffff", "population_2015": 5247.216824221143, "total_built_mass_tons": 580975.6384399378, "city_id": 6116, "country_iso": "PAK"}, {"h3index": "874275426ffffff", "population_2015": 3551.756162082447, "total_built_mass_tons": 382836.1411226448, "city_id": 6116, "country_iso": "PAK"}, {"h3index": "87427542affffff", "population_2015": 501.0411715638403, "total_built_mass_tons": 41932.74096223591, "city_id": 6116, "country_iso": "PAK"}, {"h3index": "87427542effffff", "population_2015": 1195.1257037892062, "total_built_mass_tons": 168137.2515448589, "city_id": 6116, "country_iso": "PAK"}, {"h3index": "874275430ffffff", "population_2015": 14728.925933725695, "total_built_mass_tons": 2148270.3113476243, "city_id": 6116, "country_iso": "PAK"}, {"h3index": "874275431ffffff", "population_2015": 12749.024493168854, "total_built_mass_tons": 1667195.1649372596, "city_id": 6116, "country_iso": "PAK"}, {"h3index": "874275432ffffff", "population_2015": 3209.614531696544, "total_built_mass_tons": 394874.5317358582, "city_id": 6116, "country_iso": "PAK"}, {"h3index": "874275433ffffff", "population_2015": 12242.487870579138, "total_built_mass_tons": 1571571.86998035, "city_id": 6116, "country_iso": "PAK"}, {"h3index": "874275434ffffff", "population_2015": 2550.219993658626, "total_built_mass_tons": 390134.5125989162, "city_id": 6116, "country_iso": "PAK"}, {"h3index": "874275435ffffff", "population_2015": 8971.017673739265, "total_built_mass_tons": 1002818.91910661, "city_id": 6116, "country_iso": "PAK"}, {"h3index": "874275436ffffff", "population_2015": 259.3252448736453, "total_built_mass_tons": 28974.602755151893, "city_id": 6116, "country_iso": "PAK"}, {"h3index": "8742754a4ffffff", "population_2015": 363.35361812815944, "total_built_mass_tons": 47821.12516480054, "city_id": 6116, "country_iso": "PAK"}, {"h3index": "8742754a5ffffff", "population_2015": 161.39693476359048, "total_built_mass_tons": 26845.786656510707, "city_id": 6116, "country_iso": "PAK"}, {"h3index": "874275588ffffff", "population_2015": 189.79165629966587, "total_built_mass_tons": 46016.71551606079, "city_id": 6116, "country_iso": "PAK"}, {"h3index": "874275589ffffff", "population_2015": 8055.611385988723, "total_built_mass_tons": 1223119.3311011838, "city_id": 6116, "country_iso": "PAK"}, {"h3index": "87427558affffff", "population_2015": 1215.948378424551, "total_built_mass_tons": 179967.63945940492, "city_id": 6116, "country_iso": "PAK"}, {"h3index": "87427558bffffff", "population_2015": 10457.360325869393, "total_built_mass_tons": 1537219.9205972855, "city_id": 6116, "country_iso": "PAK"}]