[{"h3index":"878cd4680ffffff","population_2015":1455.5691630569,"total_built_mass_tons":705226.8954679377,"city_id":11251,"country_iso":"IDN"},{"h3index":"878cd4681ffffff","population_2015":122.0701524585,"total_built_mass_tons":157025.5697456091,"city_id":11251,"country_iso":"IDN"},{"h3index":"878cd4682ffffff","population_2015":114.3362474647,"total_built_mass_tons":62713.4985099795,"city_id":11251,"country_iso":"IDN"},{"h3index":"878cd4684ffffff","population_2015":21.6184827954,"total_built_mass_tons":24436.7520800427,"city_id":11251,"country_iso":"IDN"},{"h3index":"878cd4685ffffff","population_2015":221.4735334452,"total_built_mass_tons":252984.0400323584,"city_id":11251,"country_iso":"IDN"},{"h3index":"878cd46a3ffffff","population_2015":103.3811176992,"total_built_mass_tons":58961.540207436,"city_id":11251,"country_iso":"IDN"},{"h3index":"878cd46aaffffff","population_2015":116.8954348564,"total_built_mass_tons":115677.9043125064,"city_id":11251,"country_iso":"IDN"},{"h3index":"878cd46acffffff","population_2015":5.1964511871,"total_built_mass_tons":4650.633731354,"city_id":11251,"country_iso":"IDN"},{"h3index":"878cd46aeffffff","population_2015":27.4388943373,"total_built_mass_tons":27708.4540759258,"city_id":11251,"country_iso":"IDN"}]