[{"h3index":"8740e3c32ffffff","population_2015":5983.7295744915,"total_built_mass_tons":1598171.0683032165,"city_id":10343,"country_iso":"CHN"},{"h3index":"8740e3c36ffffff","population_2015":3063.5354010227,"total_built_mass_tons":857448.0856278762,"city_id":10343,"country_iso":"CHN"},{"h3index":"8740e3d89ffffff","population_2015":488.018954954,"total_built_mass_tons":455364.7891306225,"city_id":10343,"country_iso":"CHN"},{"h3index":"8740e3d8dffffff","population_2015":1119.5355584219,"total_built_mass_tons":1084159.3804812313,"city_id":10343,"country_iso":"CHN"}]