[{"h3index": "872a13496ffffff", "population_2015": 4401.988190990218, "total_built_mass_tons": 1534745.0064630196, "city_id": 911, "country_iso": "USA"}, {"h3index": "872aac829ffffff", "population_2015": 47.87129816681731, "total_built_mass_tons": 20643.629737645948, "city_id": 911, "country_iso": "USA"}, {"h3index": "872aac860ffffff", "population_2015": 338.6181100908449, "total_built_mass_tons": 259258.73934526416, "city_id": 911, "country_iso": "USA"}, {"h3index": "872aac862ffffff", "population_2015": 100.02917128801344, "total_built_mass_tons": 127569.00203122466, "city_id": 911, "country_iso": "USA"}, {"h3index": "872aac864ffffff", "population_2015": 1773.818789581487, "total_built_mass_tons": 2970876.656267659, "city_id": 911, "country_iso": "USA"}, {"h3index": "872aac865ffffff", "population_2015": 1705.5502991465085, "total_built_mass_tons": 1318973.4774223964, "city_id": 911, "country_iso": "USA"}, {"h3index": "872aac866ffffff", "population_2015": 5005.66668130516, "total_built_mass_tons": 2808407.77460412, "city_id": 911, "country_iso": "USA"}, {"h3index": "872aac870ffffff", "population_2015": 635.4376053784408, "total_built_mass_tons": 497732.86251093313, "city_id": 911, "country_iso": "USA"}, {"h3index": "872aac874ffffff", "population_2015": 2569.874003809807, "total_built_mass_tons": 2107713.970468526, "city_id": 911, "country_iso": "USA"}, {"h3index": "872aac875ffffff", "population_2015": 1257.6528266667156, "total_built_mass_tons": 3405439.8167202794, "city_id": 911, "country_iso": "USA"}, {"h3index": "872aac948ffffff", "population_2015": 1343.0435764562842, "total_built_mass_tons": 2620818.205365383, "city_id": 911, "country_iso": "USA"}, {"h3index": "872aac949ffffff", "population_2015": 1670.433933654486, "total_built_mass_tons": 786433.2846677126, "city_id": 911, "country_iso": "USA"}, {"h3index": "872aac94affffff", "population_2015": 6711.4148603735, "total_built_mass_tons": 3142552.3112465274, "city_id": 911, "country_iso": "USA"}, {"h3index": "872aac94bffffff", "population_2015": 4666.759439216407, "total_built_mass_tons": 3741136.666340149, "city_id": 911, "country_iso": "USA"}, {"h3index": "872aac94cffffff", "population_2015": 687.3358100198066, "total_built_mass_tons": 483631.8329357843, "city_id": 911, "country_iso": "USA"}, {"h3index": "872aac94dffffff", "population_2015": 9.878638166364505, "total_built_mass_tons": 128880.67279214224, "city_id": 911, "country_iso": "USA"}, {"h3index": "872aac94effffff", "population_2015": 2314.2103199248218, "total_built_mass_tons": 808083.5147885145, "city_id": 911, "country_iso": "USA"}, {"h3index": "872aac958ffffff", "population_2015": 7882.697340779212, "total_built_mass_tons": 2006260.2752009467, "city_id": 911, "country_iso": "USA"}, {"h3index": "872aac959ffffff", "population_2015": 5739.289908868081, "total_built_mass_tons": 2451539.808680075, "city_id": 911, "country_iso": "USA"}, {"h3index": "872aac95affffff", "population_2015": 1.4510942753623517, "total_built_mass_tons": 6943.142756793764, "city_id": 911, "country_iso": "USA"}, {"h3index": "872aac95bffffff", "population_2015": 5761.260715055698, "total_built_mass_tons": 2531196.6980912047, "city_id": 911, "country_iso": "USA"}, {"h3index": "872aac95cffffff", "population_2015": 882.0358821551007, "total_built_mass_tons": 254661.70591864263, "city_id": 911, "country_iso": "USA"}, {"h3index": "872aac95dffffff", "population_2015": 17514.800927735017, "total_built_mass_tons": 3074160.919273609, "city_id": 911, "country_iso": "USA"}, {"h3index": "872aac95effffff", "population_2015": 748.191603597005, "total_built_mass_tons": 339877.8367645886, "city_id": 911, "country_iso": "USA"}]