[{"h3index":"875818024ffffff","population_2015":95.2256540336,"total_built_mass_tons":13902.3907553604,"city_id":2525,"country_iso":"NGA"},{"h3index":"875818026ffffff","population_2015":756.3806964425,"total_built_mass_tons":219834.202687464,"city_id":2525,"country_iso":"NGA"},{"h3index":"875818118ffffff","population_2015":155.5201573017,"total_built_mass_tons":25207.0325344509,"city_id":2525,"country_iso":"NGA"},{"h3index":"875818119ffffff","population_2015":703.843173143,"total_built_mass_tons":103978.7353642896,"city_id":2525,"country_iso":"NGA"},{"h3index":"87581811bffffff","population_2015":9046.980617426,"total_built_mass_tons":1214730.8279678095,"city_id":2525,"country_iso":"NGA"}]