[{"h3index": "87311ba00ffffff", "population_2015": 6334.604567614255, "total_built_mass_tons": 6159311.125335779, "city_id": 11027, "country_iso": "CHN"}, {"h3index": "87311ba02ffffff", "population_2015": 166.47031493420693, "total_built_mass_tons": 320249.46193890827, "city_id": 11027, "country_iso": "CHN"}, {"h3index": "87311ba04ffffff", "population_2015": 10900.217331209366, "total_built_mass_tons": 4679334.982597399, "city_id": 11027, "country_iso": "CHN"}, {"h3index": "87311ba05ffffff", "population_2015": 9941.72346231704, "total_built_mass_tons": 3022561.363053015, "city_id": 11027, "country_iso": "CHN"}, {"h3index": "87311ba06ffffff", "population_2015": 6407.831894642699, "total_built_mass_tons": 3114738.9864365673, "city_id": 11027, "country_iso": "CHN"}, {"h3index": "87311ba10ffffff", "population_2015": 30.72401076204636, "total_built_mass_tons": 109312.98625882222, "city_id": 11027, "country_iso": "CHN"}, {"h3index": "87311ba14ffffff", "population_2015": 153.48270470067567, "total_built_mass_tons": 407822.7911593574, "city_id": 11027, "country_iso": "CHN"}, {"h3index": "87311ba15ffffff", "population_2015": 775.3960558503283, "total_built_mass_tons": 1153727.579948515, "city_id": 11027, "country_iso": "CHN"}, {"h3index": "87311ba20ffffff", "population_2015": 3.709894056881176, "total_built_mass_tons": 6112.295035035354, "city_id": 11027, "country_iso": "CHN"}, {"h3index": "87311ba21ffffff", "population_2015": 53.607958771200735, "total_built_mass_tons": 75045.71420378063, "city_id": 11027, "country_iso": "CHN"}, {"h3index": "87311ba22ffffff", "population_2015": 4376.473227371889, "total_built_mass_tons": 1111157.2123460402, "city_id": 11027, "country_iso": "CHN"}, {"h3index": "87311ba23ffffff", "population_2015": 29281.822570522152, "total_built_mass_tons": 1974798.4640837293, "city_id": 11027, "country_iso": "CHN"}, {"h3index": "87311ba26ffffff", "population_2015": 102.84835366641774, "total_built_mass_tons": 70687.91173612331, "city_id": 11027, "country_iso": "CHN"}, {"h3index": "87311ba2effffff", "population_2015": 73.67603953118417, "total_built_mass_tons": 30966.99726905759, "city_id": 11027, "country_iso": "CHN"}, {"h3index": "87311ba30ffffff", "population_2015": 113.58657311411469, "total_built_mass_tons": 120801.250707391, "city_id": 11027, "country_iso": "CHN"}, {"h3index": "87311ba31ffffff", "population_2015": 2545.545388747664, "total_built_mass_tons": 597016.0586050447, "city_id": 11027, "country_iso": "CHN"}, {"h3index": "87311ba33ffffff", "population_2015": 1168.2453141263884, "total_built_mass_tons": 835646.2734802519, "city_id": 11027, "country_iso": "CHN"}, {"h3index": "87311ba35ffffff", "population_2015": 4616.931252462725, "total_built_mass_tons": 1008448.4490114384, "city_id": 11027, "country_iso": "CHN"}]