[{"h3index":"8761984c8ffffff","population_2015":3294.7078612889,"total_built_mass_tons":786181.6413068342,"city_id":8702,"country_iso":"IND"},{"h3index":"8761984c9ffffff","population_2015":3.5277494636,"total_built_mass_tons":3480.1550386931,"city_id":8702,"country_iso":"IND"},{"h3index":"8761984caffffff","population_2015":298.4019895703,"total_built_mass_tons":42713.8234714536,"city_id":8702,"country_iso":"IND"},{"h3index":"8761984cbffffff","population_2015":935.4005693454,"total_built_mass_tons":176479.6666824387,"city_id":8702,"country_iso":"IND"},{"h3index":"8761984ceffffff","population_2015":430.0607359568,"total_built_mass_tons":215010.917321163,"city_id":8702,"country_iso":"IND"}]