[{"h3index":"873ccb780ffffff","population_2015":3476.2167023995,"total_built_mass_tons":741883.7622437284,"city_id":10170,"country_iso":"MMR"},{"h3index":"873ccb781ffffff","population_2015":400.2255282664,"total_built_mass_tons":138596.5380246803,"city_id":10170,"country_iso":"MMR"},{"h3index":"873ccb782ffffff","population_2015":8221.0983245663,"total_built_mass_tons":1757844.962059964,"city_id":10170,"country_iso":"MMR"},{"h3index":"873ccb783ffffff","population_2015":1905.5025639291,"total_built_mass_tons":825453.4136746915,"city_id":10170,"country_iso":"MMR"},{"h3index":"873ccb784ffffff","population_2015":21.8049227658,"total_built_mass_tons":15568.2237793419,"city_id":10170,"country_iso":"MMR"},{"h3index":"873ccb785ffffff","population_2015":164.0050941542,"total_built_mass_tons":100307.3996768241,"city_id":10170,"country_iso":"MMR"},{"h3index":"873ccb786ffffff","population_2015":4489.5413574331,"total_built_mass_tons":1039691.8967627608,"city_id":10170,"country_iso":"MMR"},{"h3index":"873ccb78cffffff","population_2015":15.0296012841,"total_built_mass_tons":15360.2050475446,"city_id":10170,"country_iso":"MMR"},{"h3index":"873ccb794ffffff","population_2015":388.2434173958,"total_built_mass_tons":121480.6740006125,"city_id":10170,"country_iso":"MMR"},{"h3index":"873ccb795ffffff","population_2015":1529.5572911917,"total_built_mass_tons":557483.1985429572,"city_id":10170,"country_iso":"MMR"},{"h3index":"873ccb79cffffff","population_2015":125.4456819908,"total_built_mass_tons":180701.4702524004,"city_id":10170,"country_iso":"MMR"},{"h3index":"873ccb7aaffffff","population_2015":15.2813092213,"total_built_mass_tons":18139.6333709791,"city_id":10170,"country_iso":"MMR"},{"h3index":"873ccb7b1ffffff","population_2015":25.1938062743,"total_built_mass_tons":10245.6218307804,"city_id":10170,"country_iso":"MMR"},{"h3index":"873ccb7b3ffffff","population_2015":315.533937961,"total_built_mass_tons":118789.3450953332,"city_id":10170,"country_iso":"MMR"}]