[{"h3index": "87960a002ffffff", "population_2015": 1322.084849398744, "total_built_mass_tons": 251404.12339716824, "city_id": 3709, "country_iso": "COD"}, {"h3index": "87960a006ffffff", "population_2015": 66.76666450500488, "total_built_mass_tons": 32089.702163513884, "city_id": 3709, "country_iso": "COD"}, {"h3index": "87960a011ffffff", "population_2015": 4190.84549662272, "total_built_mass_tons": 930595.12774881, "city_id": 3709, "country_iso": "COD"}, {"h3index": "87960a012ffffff", "population_2015": 3989.6503464941898, "total_built_mass_tons": 620915.1714062553, "city_id": 3709, "country_iso": "COD"}, {"h3index": "87960a013ffffff", "population_2015": 15108.273357466158, "total_built_mass_tons": 2265336.1731771184, "city_id": 3709, "country_iso": "COD"}, {"h3index": "87960a018ffffff", "population_2015": 5820.884427508186, "total_built_mass_tons": 1013576.3789026756, "city_id": 3709, "country_iso": "COD"}, {"h3index": "87960a019ffffff", "population_2015": 2361.24232788834, "total_built_mass_tons": 447358.6545992253, "city_id": 3709, "country_iso": "COD"}, {"h3index": "87960a01affffff", "population_2015": 27348.97577239392, "total_built_mass_tons": 3954079.8226579186, "city_id": 3709, "country_iso": "COD"}, {"h3index": "87960a01bffffff", "population_2015": 18847.905476491585, "total_built_mass_tons": 2735977.4325550045, "city_id": 3709, "country_iso": "COD"}, {"h3index": "87960a01cffffff", "population_2015": 3714.0599223192994, "total_built_mass_tons": 730271.5515317883, "city_id": 3709, "country_iso": "COD"}, {"h3index": "87960a01effffff", "population_2015": 23135.285703314978, "total_built_mass_tons": 3916082.61319119, "city_id": 3709, "country_iso": "COD"}, {"h3index": "87960a0a9ffffff", "population_2015": 5702.159335790895, "total_built_mass_tons": 983346.0592851928, "city_id": 3709, "country_iso": "COD"}, {"h3index": "87960a0acffffff", "population_2015": 3205.996242388557, "total_built_mass_tons": 697410.2835978689, "city_id": 3709, "country_iso": "COD"}, {"h3index": "87960a0adffffff", "population_2015": 9302.428547975123, "total_built_mass_tons": 1840703.3933710423, "city_id": 3709, "country_iso": "COD"}, {"h3index": "87960a0e6ffffff", "population_2015": 48.715289441277, "total_built_mass_tons": 9135.111339228684, "city_id": 3709, "country_iso": "COD"}, {"h3index": "87960a0f4ffffff", "population_2015": 6326.756636600869, "total_built_mass_tons": 1073123.862820648, "city_id": 3709, "country_iso": "COD"}, {"h3index": "87960a0f5ffffff", "population_2015": 43.69429152993595, "total_built_mass_tons": 10016.230639902084, "city_id": 3709, "country_iso": "COD"}]