[{"h3index": "87410ada2ffffff", "population_2015": 79.754391337376, "total_built_mass_tons": 38207.63196610759, "city_id": 12099, "country_iso": "CHN"}, {"h3index": "87410adb0ffffff", "population_2015": 3670.473247833813, "total_built_mass_tons": 640279.6691412051, "city_id": 12099, "country_iso": "CHN"}, {"h3index": "87410adb1ffffff", "population_2015": 27.95006170272827, "total_built_mass_tons": 17630.966244184598, "city_id": 12099, "country_iso": "CHN"}, {"h3index": "87410adb2ffffff", "population_2015": 86.95357307546278, "total_built_mass_tons": 54760.818193757696, "city_id": 12099, "country_iso": "CHN"}, {"h3index": "87410adb4ffffff", "population_2015": 18875.03888880879, "total_built_mass_tons": 3128707.630037509, "city_id": 12099, "country_iso": "CHN"}, {"h3index": "87410adb5ffffff", "population_2015": 3116.311395655893, "total_built_mass_tons": 901688.6816305752, "city_id": 12099, "country_iso": "CHN"}, {"h3index": "87410adb6ffffff", "population_2015": 17753.477128576767, "total_built_mass_tons": 3238290.45675941, "city_id": 12099, "country_iso": "CHN"}, {"h3index": "87411da58ffffff", "population_2015": 1215.5151668450414, "total_built_mass_tons": 775003.808657133, "city_id": 12099, "country_iso": "CHN"}, {"h3index": "87411da5affffff", "population_2015": 24164.02316469305, "total_built_mass_tons": 2822418.6622637995, "city_id": 12099, "country_iso": "CHN"}, {"h3index": "87411da5bffffff", "population_2015": 261.7598930732877, "total_built_mass_tons": 105448.808376272, "city_id": 12099, "country_iso": "CHN"}, {"h3index": "87411da5cffffff", "population_2015": 158.01832083300053, "total_built_mass_tons": 140383.7650330254, "city_id": 12099, "country_iso": "CHN"}, {"h3index": "87411da5effffff", "population_2015": 188.75425477401885, "total_built_mass_tons": 93661.84168688748, "city_id": 12099, "country_iso": "CHN"}, {"h3index": "87411daccffffff", "population_2015": 766.736866010404, "total_built_mass_tons": 543278.144414269, "city_id": 12099, "country_iso": "CHN"}, {"h3index": "87411dacdffffff", "population_2015": 688.3751782557543, "total_built_mass_tons": 415217.4160877764, "city_id": 12099, "country_iso": "CHN"}, {"h3index": "87411daceffffff", "population_2015": 936.519976562612, "total_built_mass_tons": 580439.6083442862, "city_id": 12099, "country_iso": "CHN"}, {"h3index": "87411dae8ffffff", "population_2015": 27630.785087473258, "total_built_mass_tons": 4470308.955945954, "city_id": 12099, "country_iso": "CHN"}, {"h3index": "87411dae9ffffff", "population_2015": 43375.09275385536, "total_built_mass_tons": 6093707.442988409, "city_id": 12099, "country_iso": "CHN"}, {"h3index": "87411daeaffffff", "population_2015": 9351.170391909283, "total_built_mass_tons": 2743734.708717201, "city_id": 12099, "country_iso": "CHN"}, {"h3index": "87411daebffffff", "population_2015": 18767.474327876524, "total_built_mass_tons": 3103375.6283136774, "city_id": 12099, "country_iso": "CHN"}, {"h3index": "87411daecffffff", "population_2015": 3688.7401280823874, "total_built_mass_tons": 594809.9471775542, "city_id": 12099, "country_iso": "CHN"}, {"h3index": "87411daedffffff", "population_2015": 33059.37049717623, "total_built_mass_tons": 2513019.6074786857, "city_id": 12099, "country_iso": "CHN"}, {"h3index": "87411daeeffffff", "population_2015": 954.984086193758, "total_built_mass_tons": 492805.70700793393, "city_id": 12099, "country_iso": "CHN"}]