[{"h3index": "871e20400ffffff", "population_2015": 8358.527634403754, "total_built_mass_tons": 2807195.791109828, "city_id": 3031, "country_iso": "POL"}, {"h3index": "871e20401ffffff", "population_2015": 18588.868714736476, "total_built_mass_tons": 5091906.57532489, "city_id": 3031, "country_iso": "POL"}, {"h3index": "871e20402ffffff", "population_2015": 3377.8101779741396, "total_built_mass_tons": 1570953.8255888326, "city_id": 3031, "country_iso": "POL"}, {"h3index": "871e20403ffffff", "population_2015": 8603.397260759397, "total_built_mass_tons": 2270729.7061146153, "city_id": 3031, "country_iso": "POL"}, {"h3index": "871e20404ffffff", "population_2015": 2450.990972907871, "total_built_mass_tons": 718018.359493293, "city_id": 3031, "country_iso": "POL"}, {"h3index": "871e20405ffffff", "population_2015": 11702.409931788728, "total_built_mass_tons": 3567208.5889646895, "city_id": 3031, "country_iso": "POL"}, {"h3index": "871e20406ffffff", "population_2015": 1781.1558712959293, "total_built_mass_tons": 912818.8371641356, "city_id": 3031, "country_iso": "POL"}, {"h3index": "871e20408ffffff", "population_2015": 31395.360596884933, "total_built_mass_tons": 9140783.67746441, "city_id": 3031, "country_iso": "POL"}, {"h3index": "871e20409ffffff", "population_2015": 12303.781388903608, "total_built_mass_tons": 3859766.9747046097, "city_id": 3031, "country_iso": "POL"}, {"h3index": "871e2040affffff", "population_2015": 18621.673643388945, "total_built_mass_tons": 4155923.5585540743, "city_id": 3031, "country_iso": "POL"}, {"h3index": "871e2040bffffff", "population_2015": 20745.669059443004, "total_built_mass_tons": 5133292.362763206, "city_id": 3031, "country_iso": "POL"}, {"h3index": "871e2040cffffff", "population_2015": 23052.179910005296, "total_built_mass_tons": 5696325.39843325, "city_id": 3031, "country_iso": "POL"}, {"h3index": "871e2040dffffff", "population_2015": 23546.341263182007, "total_built_mass_tons": 8233215.111638842, "city_id": 3031, "country_iso": "POL"}, {"h3index": "871e2040effffff", "population_2015": 17364.863906740684, "total_built_mass_tons": 5490789.70370604, "city_id": 3031, "country_iso": "POL"}, {"h3index": "871e20418ffffff", "population_2015": 3820.167177645365, "total_built_mass_tons": 1371586.3759356549, "city_id": 3031, "country_iso": "POL"}, {"h3index": "871e20419ffffff", "population_2015": 12388.722701204526, "total_built_mass_tons": 3241752.969346911, "city_id": 3031, "country_iso": "POL"}, {"h3index": "871e2041affffff", "population_2015": 743.3643490524853, "total_built_mass_tons": 1602087.776736285, "city_id": 3031, "country_iso": "POL"}, {"h3index": "871e2041bffffff", "population_2015": 1640.091880003611, "total_built_mass_tons": 1514857.7851820914, "city_id": 3031, "country_iso": "POL"}, {"h3index": "871e2041cffffff", "population_2015": 1244.0587875441008, "total_built_mass_tons": 506798.2937610198, "city_id": 3031, "country_iso": "POL"}, {"h3index": "871e2041dffffff", "population_2015": 6415.424014110194, "total_built_mass_tons": 1915342.565115843, "city_id": 3031, "country_iso": "POL"}, {"h3index": "871e20423ffffff", "population_2015": 1055.2036608191097, "total_built_mass_tons": 385422.52206929785, "city_id": 3031, "country_iso": "POL"}, {"h3index": "871e20428ffffff", "population_2015": 3346.1508720818692, "total_built_mass_tons": 1066972.9301231366, "city_id": 3031, "country_iso": "POL"}, {"h3index": "871e20429ffffff", "population_2015": 3894.6332898046458, "total_built_mass_tons": 1518518.0018613716, "city_id": 3031, "country_iso": "POL"}, {"h3index": "871e2042affffff", "population_2015": 5150.320471441978, "total_built_mass_tons": 1648362.242907563, "city_id": 3031, "country_iso": "POL"}, {"h3index": "871e2042bffffff", "population_2015": 14236.54230963763, "total_built_mass_tons": 4084969.789026182, "city_id": 3031, "country_iso": "POL"}, {"h3index": "871e2042dffffff", "population_2015": 618.8406422072767, "total_built_mass_tons": 284722.79388045624, "city_id": 3031, "country_iso": "POL"}, {"h3index": "871e2042effffff", "population_2015": 261.5098785325593, "total_built_mass_tons": 135869.6321860834, "city_id": 3031, "country_iso": "POL"}, {"h3index": "871e20431ffffff", "population_2015": 296.7028563387254, "total_built_mass_tons": 212524.3031241139, "city_id": 3031, "country_iso": "POL"}, {"h3index": "871e20446ffffff", "population_2015": 75.39550308152741, "total_built_mass_tons": 67201.23065527134, "city_id": 3031, "country_iso": "POL"}, {"h3index": "871e20452ffffff", "population_2015": 2254.7055824466784, "total_built_mass_tons": 872835.1028496386, "city_id": 3031, "country_iso": "POL"}, {"h3index": "871e20454ffffff", "population_2015": 7263.32870011984, "total_built_mass_tons": 2115863.2936551287, "city_id": 3031, "country_iso": "POL"}, {"h3index": "871e20455ffffff", "population_2015": 903.0247626809514, "total_built_mass_tons": 425705.0837270848, "city_id": 3031, "country_iso": "POL"}, {"h3index": "871e20456ffffff", "population_2015": 5351.293784873626, "total_built_mass_tons": 1997604.6187650051, "city_id": 3031, "country_iso": "POL"}, {"h3index": "871e20462ffffff", "population_2015": 1435.9332327711816, "total_built_mass_tons": 478717.08647799667, "city_id": 3031, "country_iso": "POL"}, {"h3index": "871e20466ffffff", "population_2015": 160.45643048005945, "total_built_mass_tons": 65509.700071951534, "city_id": 3031, "country_iso": "POL"}, {"h3index": "871e20470ffffff", "population_2015": 5627.724955360562, "total_built_mass_tons": 1884511.707824855, "city_id": 3031, "country_iso": "POL"}, {"h3index": "871e20471ffffff", "population_2015": 5076.99668336382, "total_built_mass_tons": 1669015.4962637036, "city_id": 3031, "country_iso": "POL"}, {"h3index": "871e20472ffffff", "population_2015": 5617.219589439093, "total_built_mass_tons": 1720054.5442233142, "city_id": 3031, "country_iso": "POL"}, {"h3index": "871e20473ffffff", "population_2015": 4730.957820925993, "total_built_mass_tons": 2278836.004044784, "city_id": 3031, "country_iso": "POL"}, {"h3index": "871e20474ffffff", "population_2015": 1468.4162509469425, "total_built_mass_tons": 548739.6170712657, "city_id": 3031, "country_iso": "POL"}, {"h3index": "871e20475ffffff", "population_2015": 8838.692492913266, "total_built_mass_tons": 2877436.7491611494, "city_id": 3031, "country_iso": "POL"}, {"h3index": "871e20476ffffff", "population_2015": 12576.678452334689, "total_built_mass_tons": 3765021.2464893246, "city_id": 3031, "country_iso": "POL"}, {"h3index": "871e204e0ffffff", "population_2015": 115.43287975460876, "total_built_mass_tons": 45239.25872429357, "city_id": 3031, "country_iso": "POL"}, {"h3index": "871e204e1ffffff", "population_2015": 1289.1422500292456, "total_built_mass_tons": 475715.1075079582, "city_id": 3031, "country_iso": "POL"}, {"h3index": "871e204e4ffffff", "population_2015": 8744.278097554752, "total_built_mass_tons": 2511192.875947407, "city_id": 3031, "country_iso": "POL"}, {"h3index": "871e204e5ffffff", "population_2015": 3511.4171525674706, "total_built_mass_tons": 1220543.8742645462, "city_id": 3031, "country_iso": "POL"}, {"h3index": "871e204e6ffffff", "population_2015": 3710.755875655718, "total_built_mass_tons": 1371859.8373938338, "city_id": 3031, "country_iso": "POL"}, {"h3index": "871e2055bffffff", "population_2015": 21.700338539422727, "total_built_mass_tons": 9308.905906387126, "city_id": 3031, "country_iso": "POL"}]