[{"h3index":"87409b040ffffff","population_2015":1128.4200990976,"total_built_mass_tons":476356.6842864937,"city_id":10376,"country_iso":"CHN"},{"h3index":"87409b042ffffff","population_2015":2494.4798100041,"total_built_mass_tons":1215734.6403067049,"city_id":10376,"country_iso":"CHN"},{"h3index":"87409b046ffffff","population_2015":53.6407141779,"total_built_mass_tons":17613.3837259588,"city_id":10376,"country_iso":"CHN"},{"h3index":"87409b051ffffff","population_2015":4624.6165361937,"total_built_mass_tons":1955707.5667723224,"city_id":10376,"country_iso":"CHN"},{"h3index":"87409b052ffffff","population_2015":56.8003005014,"total_built_mass_tons":25122.6615947237,"city_id":10376,"country_iso":"CHN"},{"h3index":"87409b053ffffff","population_2015":7879.9001387255,"total_built_mass_tons":992268.4696529796,"city_id":10376,"country_iso":"CHN"},{"h3index":"87409b055ffffff","population_2015":9.099013811,"total_built_mass_tons":39943.9031854526,"city_id":10376,"country_iso":"CHN"},{"h3index":"87409b05cffffff","population_2015":1050.7656029309,"total_built_mass_tons":583723.214980747,"city_id":10376,"country_iso":"CHN"},{"h3index":"87409b05effffff","population_2015":311.4550970741,"total_built_mass_tons":373394.7732938492,"city_id":10376,"country_iso":"CHN"},{"h3index":"87409b0e1ffffff","population_2015":351.8428163566,"total_built_mass_tons":330990.6198340598,"city_id":10376,"country_iso":"CHN"},{"h3index":"87409b0ecffffff","population_2015":17802.6684713476,"total_built_mass_tons":2505652.9687322164,"city_id":10376,"country_iso":"CHN"},{"h3index":"87409b0edffffff","population_2015":1152.9398122624,"total_built_mass_tons":476286.5829255966,"city_id":10376,"country_iso":"CHN"},{"h3index":"87409b0eeffffff","population_2015":291.3694568372,"total_built_mass_tons":222147.6760796114,"city_id":10376,"country_iso":"CHN"}]