[{"h3index":"87498cc28ffffff","population_2015":1924.8426318038,"total_built_mass_tons":216082.3892843363,"city_id":100,"country_iso":"MEX"},{"h3index":"87498cc29ffffff","population_2015":32401.6616336654,"total_built_mass_tons":3958008.5482392418,"city_id":100,"country_iso":"MEX"},{"h3index":"87498cc2bffffff","population_2015":6707.7046577192,"total_built_mass_tons":771389.6557065822,"city_id":100,"country_iso":"MEX"},{"h3index":"87498cc74ffffff","population_2015":1286.2767814674,"total_built_mass_tons":284555.0279655125,"city_id":100,"country_iso":"MEX"},{"h3index":"87498cc76ffffff","population_2015":10159.6404645125,"total_built_mass_tons":766918.9465724358,"city_id":100,"country_iso":"MEX"}]