[{"h3index":"873c5a81affffff","population_2015":6.5161585808,"total_built_mass_tons":19966.5851129468,"city_id":10095,"country_iso":"IND"},{"h3index":"873c5a8a8ffffff","population_2015":541.8181662092,"total_built_mass_tons":247178.679102454,"city_id":10095,"country_iso":"IND"},{"h3index":"873c5a8a9ffffff","population_2015":35.7818556767,"total_built_mass_tons":10249.3983979919,"city_id":10095,"country_iso":"IND"},{"h3index":"873c5a8adffffff","population_2015":1.9630965289,"total_built_mass_tons":22154.8182376306,"city_id":10095,"country_iso":"IND"},{"h3index":"873c5a8aeffffff","population_2015":558.0290289337,"total_built_mass_tons":173796.1598743097,"city_id":10095,"country_iso":"IND"}]