[{"h3index":"871972814ffffff","population_2015":1.4784742543,"total_built_mass_tons":19965.10976912,"city_id":1763,"country_iso":"GBR"},{"h3index":"871972816ffffff","population_2015":2741.1763714243,"total_built_mass_tons":1034124.2930231908,"city_id":1763,"country_iso":"GBR"},{"h3index":"871972886ffffff","population_2015":3512.6603388816,"total_built_mass_tons":1342987.7277710426,"city_id":1763,"country_iso":"GBR"},{"h3index":"871972894ffffff","population_2015":4643.7326665919,"total_built_mass_tons":1607005.3025353334,"city_id":1763,"country_iso":"GBR"},{"h3index":"871972895ffffff","population_2015":2.9031461412,"total_built_mass_tons":15498.0411719045,"city_id":1763,"country_iso":"GBR"},{"h3index":"8719728a0ffffff","population_2015":5584.9591305597,"total_built_mass_tons":1756246.2292430769,"city_id":1763,"country_iso":"GBR"},{"h3index":"8719728a1ffffff","population_2015":807.4780558129,"total_built_mass_tons":338055.5044199958,"city_id":1763,"country_iso":"GBR"},{"h3index":"8719728a2ffffff","population_2015":5255.2111441429,"total_built_mass_tons":2704898.3031479311,"city_id":1763,"country_iso":"GBR"},{"h3index":"8719728a3ffffff","population_2015":104.9727800141,"total_built_mass_tons":37575.0756025797,"city_id":1763,"country_iso":"GBR"},{"h3index":"8719728a4ffffff","population_2015":2721.9947910525,"total_built_mass_tons":1588895.4252424836,"city_id":1763,"country_iso":"GBR"},{"h3index":"8719728a5ffffff","population_2015":8646.1080189805,"total_built_mass_tons":2673259.1227028091,"city_id":1763,"country_iso":"GBR"},{"h3index":"8719728a6ffffff","population_2015":11201.9647540367,"total_built_mass_tons":2833534.5535400282,"city_id":1763,"country_iso":"GBR"},{"h3index":"8719728b0ffffff","population_2015":10302.6163860169,"total_built_mass_tons":4374799.6728185816,"city_id":1763,"country_iso":"GBR"},{"h3index":"8719728b1ffffff","population_2015":19293.6616784266,"total_built_mass_tons":5360061.6868660972,"city_id":1763,"country_iso":"GBR"},{"h3index":"8719728b2ffffff","population_2015":6394.0356626204,"total_built_mass_tons":1946154.5824819631,"city_id":1763,"country_iso":"GBR"},{"h3index":"8719728b3ffffff","population_2015":13726.8430765453,"total_built_mass_tons":3547109.6654238761,"city_id":1763,"country_iso":"GBR"},{"h3index":"8719728b4ffffff","population_2015":2096.7689736404,"total_built_mass_tons":537785.7615949726,"city_id":1763,"country_iso":"GBR"},{"h3index":"8719728b5ffffff","population_2015":8730.3352233056,"total_built_mass_tons":2278198.6733536096,"city_id":1763,"country_iso":"GBR"},{"h3index":"8719728b6ffffff","population_2015":4725.4777187963,"total_built_mass_tons":1150680.2755293583,"city_id":1763,"country_iso":"GBR"},{"h3index":"871972989ffffff","population_2015":2881.5757420968,"total_built_mass_tons":823981.7993691926,"city_id":1763,"country_iso":"GBR"},{"h3index":"87197298bffffff","population_2015":2996.4850185458,"total_built_mass_tons":821161.009889078,"city_id":1763,"country_iso":"GBR"},{"h3index":"871972999ffffff","population_2015":203.2030824879,"total_built_mass_tons":63004.8721597583,"city_id":1763,"country_iso":"GBR"},{"h3index":"87197299bffffff","population_2015":1295.3753857388,"total_built_mass_tons":371019.098427749,"city_id":1763,"country_iso":"GBR"},{"h3index":"871972d49ffffff","population_2015":47.3025732125,"total_built_mass_tons":274248.0737914424,"city_id":1763,"country_iso":"GBR"}]