[{"h3index": "8741b0202ffffff", "population_2015": 332.6601363191417, "total_built_mass_tons": 242738.2712803657, "city_id": 12543, "country_iso": "CHN"}, {"h3index": "8741b0206ffffff", "population_2015": 6155.306055259706, "total_built_mass_tons": 2713182.759981254, "city_id": 12543, "country_iso": "CHN"}, {"h3index": "8741b0210ffffff", "population_2015": 15.210123699786616, "total_built_mass_tons": 50088.08186695896, "city_id": 12543, "country_iso": "CHN"}, {"h3index": "8741b0211ffffff", "population_2015": 46.36140565311208, "total_built_mass_tons": 31738.138970650725, "city_id": 12543, "country_iso": "CHN"}, {"h3index": "8741b0214ffffff", "population_2015": 15185.604085983949, "total_built_mass_tons": 2096335.8458661584, "city_id": 12543, "country_iso": "CHN"}, {"h3index": "8741b0215ffffff", "population_2015": 24595.9741801346, "total_built_mass_tons": 4140432.774312149, "city_id": 12543, "country_iso": "CHN"}, {"h3index": "8741b0230ffffff", "population_2015": 1983.0584540311029, "total_built_mass_tons": 204329.129643578, "city_id": 12543, "country_iso": "CHN"}, {"h3index": "8741b0231ffffff", "population_2015": 5201.237283521538, "total_built_mass_tons": 934014.7932553464, "city_id": 12543, "country_iso": "CHN"}, {"h3index": "8741b0232ffffff", "population_2015": 7296.172722599555, "total_built_mass_tons": 1259570.1966395692, "city_id": 12543, "country_iso": "CHN"}, {"h3index": "8741b0233ffffff", "population_2015": 38703.61029793235, "total_built_mass_tons": 7052524.609394884, "city_id": 12543, "country_iso": "CHN"}, {"h3index": "8741b0389ffffff", "population_2015": 597.9330252862444, "total_built_mass_tons": 773910.2167501751, "city_id": 12543, "country_iso": "CHN"}]