[{"h3index": "871e41a2dffffff", "population_2015": 49.75102651002361, "total_built_mass_tons": 314145.3218899381, "city_id": 3616, "country_iso": "UKR"}, {"h3index": "871e41b40ffffff", "population_2015": 5255.830257838381, "total_built_mass_tons": 1448793.96898682, "city_id": 3616, "country_iso": "UKR"}, {"h3index": "871e41b41ffffff", "population_2015": 1055.8249294991588, "total_built_mass_tons": 346859.5699106931, "city_id": 3616, "country_iso": "UKR"}, {"h3index": "871e41b42ffffff", "population_2015": 14252.177095269451, "total_built_mass_tons": 4041030.875260636, "city_id": 3616, "country_iso": "UKR"}, {"h3index": "871e41b43ffffff", "population_2015": 18458.118783939582, "total_built_mass_tons": 3294769.545767765, "city_id": 3616, "country_iso": "UKR"}, {"h3index": "871e41b46ffffff", "population_2015": 77.6172702144174, "total_built_mass_tons": 49979.93864303378, "city_id": 3616, "country_iso": "UKR"}, {"h3index": "871e41b4affffff", "population_2015": 256.72112204607794, "total_built_mass_tons": 76384.41785450754, "city_id": 3616, "country_iso": "UKR"}, {"h3index": "871e41b4effffff", "population_2015": 485.766795053669, "total_built_mass_tons": 180022.3584222996, "city_id": 3616, "country_iso": "UKR"}, {"h3index": "871e41b50ffffff", "population_2015": 402.88677667706634, "total_built_mass_tons": 1696025.2360984948, "city_id": 3616, "country_iso": "UKR"}, {"h3index": "871e41b51ffffff", "population_2015": 13821.947187579144, "total_built_mass_tons": 4397713.540912639, "city_id": 3616, "country_iso": "UKR"}, {"h3index": "871e41b53ffffff", "population_2015": 4170.6804505109785, "total_built_mass_tons": 2698594.1903441343, "city_id": 3616, "country_iso": "UKR"}, {"h3index": "871e41b55ffffff", "population_2015": 561.3668334196594, "total_built_mass_tons": 2623280.776618385, "city_id": 3616, "country_iso": "UKR"}, {"h3index": "871e41b58ffffff", "population_2015": 15915.886959401298, "total_built_mass_tons": 3326023.4614092764, "city_id": 3616, "country_iso": "UKR"}, {"h3index": "871e41b59ffffff", "population_2015": 3645.8972882626103, "total_built_mass_tons": 1050503.2988417333, "city_id": 3616, "country_iso": "UKR"}, {"h3index": "871e41b5affffff", "population_2015": 6283.547718286515, "total_built_mass_tons": 1812568.6770969592, "city_id": 3616, "country_iso": "UKR"}, {"h3index": "871e41b5bffffff", "population_2015": 3439.9896165137193, "total_built_mass_tons": 874905.2417095285, "city_id": 3616, "country_iso": "UKR"}, {"h3index": "871e41b5cffffff", "population_2015": 28794.34833384495, "total_built_mass_tons": 5325444.248222191, "city_id": 3616, "country_iso": "UKR"}, {"h3index": "871e41b5dffffff", "population_2015": 10708.623371617938, "total_built_mass_tons": 2447024.8968655737, "city_id": 3616, "country_iso": "UKR"}, {"h3index": "871e41b5effffff", "population_2015": 9583.822644512791, "total_built_mass_tons": 3594667.946671017, "city_id": 3616, "country_iso": "UKR"}]