[{"h3index": "876846894ffffff", "population_2015": 15231.890204947602, "total_built_mass_tons": 1511349.0727057322, "city_id": 12975, "country_iso": "PHL"}, {"h3index": "876846896ffffff", "population_2015": 4260.346176001605, "total_built_mass_tons": 432470.5438210615, "city_id": 12975, "country_iso": "PHL"}, {"h3index": "8768468b0ffffff", "population_2015": 119.61131042405673, "total_built_mass_tons": 16957.12864502264, "city_id": 12975, "country_iso": "PHL"}, {"h3index": "8768468b2ffffff", "population_2015": 13727.591821494758, "total_built_mass_tons": 1433972.6738213494, "city_id": 12975, "country_iso": "PHL"}, {"h3index": "8768468b3ffffff", "population_2015": 17.930244356043197, "total_built_mass_tons": 4193.672143211729, "city_id": 12975, "country_iso": "PHL"}, {"h3index": "8768468b4ffffff", "population_2015": 2963.778114876093, "total_built_mass_tons": 146290.0961718549, "city_id": 12975, "country_iso": "PHL"}, {"h3index": "8768468b6ffffff", "population_2015": 2912.0826303051967, "total_built_mass_tons": 454376.49540403055, "city_id": 12975, "country_iso": "PHL"}, {"h3index": "876846c64ffffff", "population_2015": 57.28902495141123, "total_built_mass_tons": 13028.3041754613, "city_id": 12975, "country_iso": "PHL"}, {"h3index": "876846c65ffffff", "population_2015": 187.5460283915202, "total_built_mass_tons": 16884.86142382546, "city_id": 12975, "country_iso": "PHL"}, {"h3index": "876846d48ffffff", "population_2015": 872.9552666009643, "total_built_mass_tons": 106047.1448841532, "city_id": 12975, "country_iso": "PHL"}, {"h3index": "876846d49ffffff", "population_2015": 14841.75304889679, "total_built_mass_tons": 1290673.323568178, "city_id": 12975, "country_iso": "PHL"}, {"h3index": "876846d4affffff", "population_2015": 3.423336253446691, "total_built_mass_tons": 4951.351598732474, "city_id": 12975, "country_iso": "PHL"}, {"h3index": "876846d4bffffff", "population_2015": 2659.6021453109447, "total_built_mass_tons": 193811.94017796463, "city_id": 12975, "country_iso": "PHL"}, {"h3index": "876846d4cffffff", "population_2015": 57.84819648593079, "total_built_mass_tons": 20218.768127688243, "city_id": 12975, "country_iso": "PHL"}, {"h3index": "876846d4dffffff", "population_2015": 1041.4525794487377, "total_built_mass_tons": 152673.36443661904, "city_id": 12975, "country_iso": "PHL"}, {"h3index": "876846d69ffffff", "population_2015": 548.0710815981323, "total_built_mass_tons": 75525.25783648313, "city_id": 12975, "country_iso": "PHL"}]