[{"h3index":"874061b00ffffff","population_2015":3672.8821936145,"total_built_mass_tons":8833986.9175214134,"city_id":10429,"country_iso":"CHN"},{"h3index":"874061b01ffffff","population_2015":257.3148197997,"total_built_mass_tons":1064611.0016416518,"city_id":10429,"country_iso":"CHN"},{"h3index":"874061b02ffffff","population_2015":32398.8598948797,"total_built_mass_tons":4881291.1223931666,"city_id":10429,"country_iso":"CHN"},{"h3index":"874061b03ffffff","population_2015":7900.7949881638,"total_built_mass_tons":1229196.9797110241,"city_id":10429,"country_iso":"CHN"},{"h3index":"874061b04ffffff","population_2015":0.1751371945,"total_built_mass_tons":362.3705959476,"city_id":10429,"country_iso":"CHN"},{"h3index":"874061b06ffffff","population_2015":1294.2466849163,"total_built_mass_tons":703975.8952467899,"city_id":10429,"country_iso":"CHN"},{"h3index":"874061b11ffffff","population_2015":4.5034161923,"total_built_mass_tons":3891.7803101076,"city_id":10429,"country_iso":"CHN"},{"h3index":"874061b1cffffff","population_2015":1380.6512320275,"total_built_mass_tons":112094.7031385499,"city_id":10429,"country_iso":"CHN"}]