[{"h3index":"877a6e400ffffff","population_2015":1639.9894064623,"total_built_mass_tons":214857.1849292575,"city_id":4808,"country_iso":"KEN"},{"h3index":"877a6e402ffffff","population_2015":3303.9921294455,"total_built_mass_tons":215685.936074225,"city_id":4808,"country_iso":"KEN"},{"h3index":"877a6e404ffffff","population_2015":201402.4968204985,"total_built_mass_tons":2588507.7320037475,"city_id":4808,"country_iso":"KEN"},{"h3index":"877a6e405ffffff","population_2015":3658.1004616307,"total_built_mass_tons":182241.3052499164,"city_id":4808,"country_iso":"KEN"},{"h3index":"877a6e406ffffff","population_2015":17881.5999314402,"total_built_mass_tons":955101.4301215748,"city_id":4808,"country_iso":"KEN"},{"h3index":"877a6e410ffffff","population_2015":32364.2910524555,"total_built_mass_tons":1383403.8008922609,"city_id":4808,"country_iso":"KEN"},{"h3index":"877a6e411ffffff","population_2015":2887.2968280343,"total_built_mass_tons":269723.3759217027,"city_id":4808,"country_iso":"KEN"},{"h3index":"877a6e413ffffff","population_2015":5336.5881388795,"total_built_mass_tons":177008.4684743019,"city_id":4808,"country_iso":"KEN"},{"h3index":"877a6e414ffffff","population_2015":46019.4831241383,"total_built_mass_tons":1655498.1635097675,"city_id":4808,"country_iso":"KEN"},{"h3index":"877a6e415ffffff","population_2015":32508.5604550979,"total_built_mass_tons":1605541.5452798868,"city_id":4808,"country_iso":"KEN"},{"h3index":"877a6e416ffffff","population_2015":5190.509371593,"total_built_mass_tons":223504.3480357284,"city_id":4808,"country_iso":"KEN"},{"h3index":"877a6e420ffffff","population_2015":74074.0638478223,"total_built_mass_tons":3204667.3116591787,"city_id":4808,"country_iso":"KEN"},{"h3index":"877a6e421ffffff","population_2015":121059.9898726968,"total_built_mass_tons":2963129.8791348035,"city_id":4808,"country_iso":"KEN"},{"h3index":"877a6e422ffffff","population_2015":87853.1637330897,"total_built_mass_tons":3688308.8820366408,"city_id":4808,"country_iso":"KEN"},{"h3index":"877a6e423ffffff","population_2015":122762.2476835064,"total_built_mass_tons":1784105.2688951381,"city_id":4808,"country_iso":"KEN"},{"h3index":"877a6e424ffffff","population_2015":95868.0907429938,"total_built_mass_tons":3478713.5086414786,"city_id":4808,"country_iso":"KEN"},{"h3index":"877a6e425ffffff","population_2015":44912.019980913,"total_built_mass_tons":3074528.403607897,"city_id":4808,"country_iso":"KEN"},{"h3index":"877a6e426ffffff","population_2015":97157.1351401011,"total_built_mass_tons":3300817.7508884324,"city_id":4808,"country_iso":"KEN"},{"h3index":"877a6e428ffffff","population_2015":33173.5887256959,"total_built_mass_tons":3223682.8145049736,"city_id":4808,"country_iso":"KEN"},{"h3index":"877a6e429ffffff","population_2015":7139.9089455511,"total_built_mass_tons":1996294.9121355289,"city_id":4808,"country_iso":"KEN"},{"h3index":"877a6e42affffff","population_2015":848.6127982383,"total_built_mass_tons":204308.4914528939,"city_id":4808,"country_iso":"KEN"},{"h3index":"877a6e42bffffff","population_2015":906.3077449051,"total_built_mass_tons":229720.571918206,"city_id":4808,"country_iso":"KEN"},{"h3index":"877a6e42cffffff","population_2015":19255.1396903788,"total_built_mass_tons":3363192.948153289,"city_id":4808,"country_iso":"KEN"},{"h3index":"877a6e42dffffff","population_2015":4707.148703261,"total_built_mass_tons":810920.438588783,"city_id":4808,"country_iso":"KEN"},{"h3index":"877a6e42effffff","population_2015":99685.1097702325,"total_built_mass_tons":2590962.1404625317,"city_id":4808,"country_iso":"KEN"},{"h3index":"877a6e430ffffff","population_2015":43488.7720175051,"total_built_mass_tons":2149676.1274549635,"city_id":4808,"country_iso":"KEN"},{"h3index":"877a6e431ffffff","population_2015":143325.9034289491,"total_built_mass_tons":2772122.0443675262,"city_id":4808,"country_iso":"KEN"},{"h3index":"877a6e432ffffff","population_2015":18547.9219340605,"total_built_mass_tons":1137746.0907811667,"city_id":4808,"country_iso":"KEN"},{"h3index":"877a6e433ffffff","population_2015":26985.8760011486,"total_built_mass_tons":1050107.9201551939,"city_id":4808,"country_iso":"KEN"},{"h3index":"877a6e434ffffff","population_2015":37447.2668953017,"total_built_mass_tons":935288.7328313324,"city_id":4808,"country_iso":"KEN"},{"h3index":"877a6e435ffffff","population_2015":140363.365897519,"total_built_mass_tons":3698467.1721129464,"city_id":4808,"country_iso":"KEN"},{"h3index":"877a6e436ffffff","population_2015":3094.9808572096,"total_built_mass_tons":433218.0990774682,"city_id":4808,"country_iso":"KEN"},{"h3index":"877a6e440ffffff","population_2015":370.0238848817,"total_built_mass_tons":159147.3968153835,"city_id":4808,"country_iso":"KEN"},{"h3index":"877a6e441ffffff","population_2015":85.8131599426,"total_built_mass_tons":45721.8457782667,"city_id":4808,"country_iso":"KEN"},{"h3index":"877a6e444ffffff","population_2015":50.7026519775,"total_built_mass_tons":82206.1565896041,"city_id":4808,"country_iso":"KEN"},{"h3index":"877a6e445ffffff","population_2015":705.9933235019,"total_built_mass_tons":114124.6995557998,"city_id":4808,"country_iso":"KEN"},{"h3index":"877a6e44cffffff","population_2015":16.7494796977,"total_built_mass_tons":3690.4034514977,"city_id":4808,"country_iso":"KEN"},{"h3index":"877a6e460ffffff","population_2015":5435.898791848,"total_built_mass_tons":482217.8302884072,"city_id":4808,"country_iso":"KEN"},{"h3index":"877a6e461ffffff","population_2015":3814.7056295208,"total_built_mass_tons":294501.0948345507,"city_id":4808,"country_iso":"KEN"},{"h3index":"877a6e462ffffff","population_2015":3317.8702630286,"total_built_mass_tons":450449.6884381363,"city_id":4808,"country_iso":"KEN"},{"h3index":"877a6e463ffffff","population_2015":3285.8009444293,"total_built_mass_tons":378654.184189044,"city_id":4808,"country_iso":"KEN"},{"h3index":"877a6e464ffffff","population_2015":3712.7036375906,"total_built_mass_tons":160816.7568731396,"city_id":4808,"country_iso":"KEN"},{"h3index":"877a6e465ffffff","population_2015":248.818977356,"total_built_mass_tons":120955.4859494214,"city_id":4808,"country_iso":"KEN"},{"h3index":"877a6e466ffffff","population_2015":48015.4825002932,"total_built_mass_tons":1685683.8614267092,"city_id":4808,"country_iso":"KEN"},{"h3index":"877a6e46affffff","population_2015":1641.4241202261,"total_built_mass_tons":224434.1782742278,"city_id":4808,"country_iso":"KEN"},{"h3index":"877a6e46effffff","population_2015":1007.9126008352,"total_built_mass_tons":211818.0301426262,"city_id":4808,"country_iso":"KEN"},{"h3index":"877a6e474ffffff","population_2015":4638.3538700066,"total_built_mass_tons":424620.1674637396,"city_id":4808,"country_iso":"KEN"},{"h3index":"877a6e475ffffff","population_2015":47480.2503444223,"total_built_mass_tons":1304417.6903594732,"city_id":4808,"country_iso":"KEN"},{"h3index":"877a6e476ffffff","population_2015":475.8839902018,"total_built_mass_tons":175767.1804307267,"city_id":4808,"country_iso":"KEN"},{"h3index":"877a6e508ffffff","population_2015":1273.5005494623,"total_built_mass_tons":118898.4392970409,"city_id":4808,"country_iso":"KEN"},{"h3index":"877a6e509ffffff","population_2015":178.0624372875,"total_built_mass_tons":93819.6386539545,"city_id":4808,"country_iso":"KEN"},{"h3index":"877a6e50affffff","population_2015":45500.34339361,"total_built_mass_tons":2669802.1305921017,"city_id":4808,"country_iso":"KEN"},{"h3index":"877a6e50bffffff","population_2015":36909.4737976672,"total_built_mass_tons":3167655.520652438,"city_id":4808,"country_iso":"KEN"},{"h3index":"877a6e518ffffff","population_2015":1419.2001339239,"total_built_mass_tons":250274.4194991138,"city_id":4808,"country_iso":"KEN"},{"h3index":"877a6e519ffffff","population_2015":15453.3557250902,"total_built_mass_tons":2776489.5779442852,"city_id":4808,"country_iso":"KEN"},{"h3index":"877a6e51bffffff","population_2015":20342.3235361548,"total_built_mass_tons":698378.7842366709,"city_id":4808,"country_iso":"KEN"},{"h3index":"877a6e51dffffff","population_2015":85.0615547928,"total_built_mass_tons":32831.5511939018,"city_id":4808,"country_iso":"KEN"},{"h3index":"877a6e550ffffff","population_2015":13130.8829741684,"total_built_mass_tons":1576234.7629373921,"city_id":4808,"country_iso":"KEN"},{"h3index":"877a6e551ffffff","population_2015":31648.071908833,"total_built_mass_tons":990689.77272792,"city_id":4808,"country_iso":"KEN"},{"h3index":"877a6e552ffffff","population_2015":48470.1535592322,"total_built_mass_tons":3788452.9518444021,"city_id":4808,"country_iso":"KEN"},{"h3index":"877a6e553ffffff","population_2015":25374.8173821131,"total_built_mass_tons":2361974.2538199285,"city_id":4808,"country_iso":"KEN"},{"h3index":"877a6e556ffffff","population_2015":9500.9548940864,"total_built_mass_tons":1083859.9982115258,"city_id":4808,"country_iso":"KEN"},{"h3index":"877a6e558ffffff","population_2015":23784.9088693245,"total_built_mass_tons":1430940.3976375661,"city_id":4808,"country_iso":"KEN"},{"h3index":"877a6e559ffffff","population_2015":28895.9702973272,"total_built_mass_tons":1415401.2236057078,"city_id":4808,"country_iso":"KEN"},{"h3index":"877a6e55affffff","population_2015":6151.7185893526,"total_built_mass_tons":1283137.3620715942,"city_id":4808,"country_iso":"KEN"},{"h3index":"877a6e55bffffff","population_2015":63202.4942975848,"total_built_mass_tons":2013472.8622676581,"city_id":4808,"country_iso":"KEN"},{"h3index":"877a6e55cffffff","population_2015":25434.3064390949,"total_built_mass_tons":1330251.1549179207,"city_id":4808,"country_iso":"KEN"},{"h3index":"877a6e55effffff","population_2015":120779.3620968053,"total_built_mass_tons":2122358.9212783333,"city_id":4808,"country_iso":"KEN"},{"h3index":"877a6e589ffffff","population_2015":150.3649808098,"total_built_mass_tons":184636.4952601846,"city_id":4808,"country_iso":"KEN"},{"h3index":"877a6e58dffffff","population_2015":109.1916217804,"total_built_mass_tons":13526.1274547642,"city_id":4808,"country_iso":"KEN"}]