[{"h3index":"873c16100ffffff","population_2015":235.1265267727,"total_built_mass_tons":76947.0451285533,"city_id":8450,"country_iso":"IND"},{"h3index":"873c16101ffffff","population_2015":24.3486394882,"total_built_mass_tons":6449.0290087546,"city_id":8450,"country_iso":"IND"},{"h3index":"873c16103ffffff","population_2015":129.4344475466,"total_built_mass_tons":49237.4938841877,"city_id":8450,"country_iso":"IND"},{"h3index":"873c16105ffffff","population_2015":1884.2031302059,"total_built_mass_tons":417797.0133649378,"city_id":8450,"country_iso":"IND"},{"h3index":"873c1610effffff","population_2015":49.7746810614,"total_built_mass_tons":22264.9415703179,"city_id":8450,"country_iso":"IND"},{"h3index":"873c1612effffff","population_2015":232.0107398014,"total_built_mass_tons":70699.6822117023,"city_id":8450,"country_iso":"IND"}]