[{"h3index":"87b25b192ffffff","population_2015":136.6679493698,"total_built_mass_tons":91330.6869621428,"city_id":1033,"country_iso":"ARG"},{"h3index":"87b25b544ffffff","population_2015":61.0133033715,"total_built_mass_tons":22402.1790399897,"city_id":1033,"country_iso":"ARG"},{"h3index":"87b25b545ffffff","population_2015":397.5703578949,"total_built_mass_tons":225225.9427799823,"city_id":1033,"country_iso":"ARG"},{"h3index":"87b25b560ffffff","population_2015":4132.0262948653,"total_built_mass_tons":1851207.218500474,"city_id":1033,"country_iso":"ARG"},{"h3index":"87b25b561ffffff","population_2015":6350.696154011,"total_built_mass_tons":2899966.1759469593,"city_id":1033,"country_iso":"ARG"},{"h3index":"87b25b562ffffff","population_2015":1116.106956265,"total_built_mass_tons":500351.7834836581,"city_id":1033,"country_iso":"ARG"},{"h3index":"87b25b563ffffff","population_2015":8036.1193220999,"total_built_mass_tons":3495001.4358048728,"city_id":1033,"country_iso":"ARG"},{"h3index":"87b25b565ffffff","population_2015":1523.0268821118,"total_built_mass_tons":716952.525528021,"city_id":1033,"country_iso":"ARG"},{"h3index":"87b25b568ffffff","population_2015":657.162787516,"total_built_mass_tons":252496.2172905949,"city_id":1033,"country_iso":"ARG"},{"h3index":"87b25b56affffff","population_2015":73.2075869579,"total_built_mass_tons":107932.5648500699,"city_id":1033,"country_iso":"ARG"},{"h3index":"87b25b56effffff","population_2015":5210.5118334396,"total_built_mass_tons":2287707.1023462317,"city_id":1033,"country_iso":"ARG"}]