[{"h3index":"87618ea81ffffff","population_2015":0.251572867,"total_built_mass_tons":615.5028297837,"city_id":8684,"country_iso":"IND"},{"h3index":"87618ea85ffffff","population_2015":2135.1850323883,"total_built_mass_tons":291647.4194646198,"city_id":8684,"country_iso":"IND"},{"h3index":"87618eaa1ffffff","population_2015":35.5345989676,"total_built_mass_tons":5088.5018864772,"city_id":8684,"country_iso":"IND"},{"h3index":"87618eaa3ffffff","population_2015":604.6288984822,"total_built_mass_tons":102331.3446581339,"city_id":8684,"country_iso":"IND"},{"h3index":"87618eaa8ffffff","population_2015":229.7409624436,"total_built_mass_tons":38654.8307678939,"city_id":8684,"country_iso":"IND"},{"h3index":"87618eaaaffffff","population_2015":3098.8177649666,"total_built_mass_tons":569156.4262281588,"city_id":8684,"country_iso":"IND"},{"h3index":"87618eaacffffff","population_2015":565.2608178083,"total_built_mass_tons":223250.8475988902,"city_id":8684,"country_iso":"IND"},{"h3index":"87618eaaeffffff","population_2015":6604.5953951106,"total_built_mass_tons":1018872.7694538644,"city_id":8684,"country_iso":"IND"}]