[{"h3index":"87309a820ffffff","population_2015":1836.1424054352,"total_built_mass_tons":543157.2714280258,"city_id":12369,"country_iso":"CHN"},{"h3index":"87309a821ffffff","population_2015":13131.4391773934,"total_built_mass_tons":4622542.4519150574,"city_id":12369,"country_iso":"CHN"},{"h3index":"87309a823ffffff","population_2015":2807.8330956291,"total_built_mass_tons":1533952.2399426647,"city_id":12369,"country_iso":"CHN"},{"h3index":"87309a825ffffff","population_2015":1387.1882683099,"total_built_mass_tons":579186.0665488143,"city_id":12369,"country_iso":"CHN"},{"h3index":"87309a828ffffff","population_2015":3.4049652904,"total_built_mass_tons":3970.1856812328,"city_id":12369,"country_iso":"CHN"},{"h3index":"87309a82cffffff","population_2015":8799.5000543384,"total_built_mass_tons":2342776.4349962589,"city_id":12369,"country_iso":"CHN"},{"h3index":"87309a82effffff","population_2015":2662.4622241188,"total_built_mass_tons":3109374.301881691,"city_id":12369,"country_iso":"CHN"},{"h3index":"87309a950ffffff","population_2015":1336.3456340509,"total_built_mass_tons":358960.0283475043,"city_id":12369,"country_iso":"CHN"},{"h3index":"87309a951ffffff","population_2015":271.4556609322,"total_built_mass_tons":110435.6404068877,"city_id":12369,"country_iso":"CHN"},{"h3index":"87309a952ffffff","population_2015":11961.3598459543,"total_built_mass_tons":2924739.026594229,"city_id":12369,"country_iso":"CHN"},{"h3index":"87309a953ffffff","population_2015":2816.1642881384,"total_built_mass_tons":833080.339685864,"city_id":12369,"country_iso":"CHN"}]