[{"h3index": "8730c4126ffffff", "population_2015": 3149.635245723351, "total_built_mass_tons": 1215019.7741994802, "city_id": 12519, "country_iso": "KOR"}, {"h3index": "8730c4134ffffff", "population_2015": 12061.470423073866, "total_built_mass_tons": 4284159.450709677, "city_id": 12519, "country_iso": "KOR"}, {"h3index": "8730c4135ffffff", "population_2015": 7792.644101419637, "total_built_mass_tons": 2378577.044767811, "city_id": 12519, "country_iso": "KOR"}, {"h3index": "8730c4136ffffff", "population_2015": 122.10463799121334, "total_built_mass_tons": 157893.2659653379, "city_id": 12519, "country_iso": "KOR"}, {"h3index": "8730c4892ffffff", "population_2015": 4465.324797456404, "total_built_mass_tons": 1851374.4743035797, "city_id": 12519, "country_iso": "KOR"}, {"h3index": "8730c4893ffffff", "population_2015": 4490.557629779742, "total_built_mass_tons": 2582634.8640866065, "city_id": 12519, "country_iso": "KOR"}, {"h3index": "8730c4898ffffff", "population_2015": 6651.06362358542, "total_built_mass_tons": 1614925.3881397736, "city_id": 12519, "country_iso": "KOR"}, {"h3index": "8730c4899ffffff", "population_2015": 107.55191898719936, "total_built_mass_tons": 76103.1457827389, "city_id": 12519, "country_iso": "KOR"}, {"h3index": "8730c489affffff", "population_2015": 10278.394129184648, "total_built_mass_tons": 3119420.6305130376, "city_id": 12519, "country_iso": "KOR"}, {"h3index": "8730c489bffffff", "population_2015": 17111.964877824215, "total_built_mass_tons": 4355929.484228318, "city_id": 12519, "country_iso": "KOR"}, {"h3index": "8730c489effffff", "population_2015": 2812.219272721982, "total_built_mass_tons": 1183863.3406456783, "city_id": 12519, "country_iso": "KOR"}, {"h3index": "8730c4c60ffffff", "population_2015": 636.0328919691199, "total_built_mass_tons": 382203.90248174034, "city_id": 12519, "country_iso": "KOR"}, {"h3index": "8730c4c61ffffff", "population_2015": 247.4770642710667, "total_built_mass_tons": 98050.87583436344, "city_id": 12519, "country_iso": "KOR"}, {"h3index": "8730c4c64ffffff", "population_2015": 3622.8263016551145, "total_built_mass_tons": 1976030.8615082751, "city_id": 12519, "country_iso": "KOR"}, {"h3index": "8730c4c65ffffff", "population_2015": 5334.51921072193, "total_built_mass_tons": 3036473.5801164713, "city_id": 12519, "country_iso": "KOR"}, {"h3index": "8730c4c66ffffff", "population_2015": 2907.170089732899, "total_built_mass_tons": 1138510.474780958, "city_id": 12519, "country_iso": "KOR"}, {"h3index": "8730c4c68ffffff", "population_2015": 1353.8292307498405, "total_built_mass_tons": 538317.9801278642, "city_id": 12519, "country_iso": "KOR"}, {"h3index": "8730c4c69ffffff", "population_2015": 3941.700178561491, "total_built_mass_tons": 1711545.6905660331, "city_id": 12519, "country_iso": "KOR"}, {"h3index": "8730c4c6bffffff", "population_2015": 1519.5496261671476, "total_built_mass_tons": 996919.0305810828, "city_id": 12519, "country_iso": "KOR"}, {"h3index": "8730c4c6cffffff", "population_2015": 436.59122107262704, "total_built_mass_tons": 347232.6257822116, "city_id": 12519, "country_iso": "KOR"}, {"h3index": "8730c4c6dffffff", "population_2015": 5781.791791495154, "total_built_mass_tons": 1878201.318991569, "city_id": 12519, "country_iso": "KOR"}, {"h3index": "8730c4d4bffffff", "population_2015": 47.62142271528058, "total_built_mass_tons": 28921.469704921215, "city_id": 12519, "country_iso": "KOR"}, {"h3index": "8730c4d59ffffff", "population_2015": 1251.0341454487218, "total_built_mass_tons": 1746314.9666581347, "city_id": 12519, "country_iso": "KOR"}, {"h3index": "8730c4d5bffffff", "population_2015": 310.14364793066886, "total_built_mass_tons": 232895.85734950248, "city_id": 12519, "country_iso": "KOR"}]