[{"h3index": "873843249ffffff", "population_2015": 3656.486273447673, "total_built_mass_tons": 1185393.626652091, "city_id": 2790, "country_iso": "TUN"}, {"h3index": "87384324cffffff", "population_2015": 305.7486682143866, "total_built_mass_tons": 328878.91347405635, "city_id": 2790, "country_iso": "TUN"}, {"h3index": "87384324dffffff", "population_2015": 3266.486039956412, "total_built_mass_tons": 1307624.4118732528, "city_id": 2790, "country_iso": "TUN"}, {"h3index": "873843269ffffff", "population_2015": 1240.072356917811, "total_built_mass_tons": 709773.3599524307, "city_id": 2790, "country_iso": "TUN"}, {"h3index": "87384326bffffff", "population_2015": 1489.868863547082, "total_built_mass_tons": 1008434.7329112265, "city_id": 2790, "country_iso": "TUN"}, {"h3index": "87384326dffffff", "population_2015": 1739.7325517804015, "total_built_mass_tons": 482381.08000387833, "city_id": 2790, "country_iso": "TUN"}, {"h3index": "87384e510ffffff", "population_2015": 208.81638213699935, "total_built_mass_tons": 88176.57577927668, "city_id": 2790, "country_iso": "TUN"}, {"h3index": "87384e514ffffff", "population_2015": 5937.238116601867, "total_built_mass_tons": 2052837.6341665, "city_id": 2790, "country_iso": "TUN"}, {"h3index": "87384e516ffffff", "population_2015": 186.79658214344693, "total_built_mass_tons": 44962.53910960476, "city_id": 2790, "country_iso": "TUN"}, {"h3index": "87384e530ffffff", "population_2015": 6823.443483992184, "total_built_mass_tons": 2005468.9344442252, "city_id": 2790, "country_iso": "TUN"}, {"h3index": "87384e532ffffff", "population_2015": 12738.220018981488, "total_built_mass_tons": 3879189.555610777, "city_id": 2790, "country_iso": "TUN"}, {"h3index": "87384e533ffffff", "population_2015": 2074.4526251456314, "total_built_mass_tons": 907608.481801067, "city_id": 2790, "country_iso": "TUN"}, {"h3index": "87384e534ffffff", "population_2015": 3207.4994561139288, "total_built_mass_tons": 1500859.0437086397, "city_id": 2790, "country_iso": "TUN"}, {"h3index": "87384e536ffffff", "population_2015": 13140.378287195694, "total_built_mass_tons": 2545265.7035634294, "city_id": 2790, "country_iso": "TUN"}, {"h3index": "87384ec93ffffff", "population_2015": 506.73534146664184, "total_built_mass_tons": 147059.29804124477, "city_id": 2790, "country_iso": "TUN"}, {"h3index": "87384ec9affffff", "population_2015": 4088.645968173532, "total_built_mass_tons": 1628085.4593684024, "city_id": 2790, "country_iso": "TUN"}, {"h3index": "87384ec9bffffff", "population_2015": 8.802854575362861, "total_built_mass_tons": 2954.3775536151966, "city_id": 2790, "country_iso": "TUN"}, {"h3index": "87384ec9effffff", "population_2015": 8664.081292786319, "total_built_mass_tons": 2091701.8303011968, "city_id": 2790, "country_iso": "TUN"}]