[{"h3index":"8764914b4ffffff","population_2015":46.0072299359,"total_built_mass_tons":84781.4883223274,"city_id":10380,"country_iso":"MMR"},{"h3index":"876491598ffffff","population_2015":0.6276572022,"total_built_mass_tons":1396.4888460076,"city_id":10380,"country_iso":"MMR"},{"h3index":"87649159affffff","population_2015":66.0844656982,"total_built_mass_tons":110107.3861961406,"city_id":10380,"country_iso":"MMR"},{"h3index":"87649159bffffff","population_2015":82.4063059807,"total_built_mass_tons":172911.1389111343,"city_id":10380,"country_iso":"MMR"}]