[{"h3index":"872d448a6ffffff","population_2015":26.4464118897,"total_built_mass_tons":112382.1595197127,"city_id":4234,"country_iso":"RUS"},{"h3index":"872d44982ffffff","population_2015":323.6634931845,"total_built_mass_tons":162761.4374527953,"city_id":4234,"country_iso":"RUS"},{"h3index":"872d44983ffffff","population_2015":212.4029483346,"total_built_mass_tons":137998.113146377,"city_id":4234,"country_iso":"RUS"},{"h3index":"872d44990ffffff","population_2015":11471.5822792614,"total_built_mass_tons":3585241.4514487819,"city_id":4234,"country_iso":"RUS"},{"h3index":"872d44991ffffff","population_2015":13506.8306394409,"total_built_mass_tons":4371055.5267889723,"city_id":4234,"country_iso":"RUS"},{"h3index":"872d44992ffffff","population_2015":17000.5476828781,"total_built_mass_tons":5478052.3274872564,"city_id":4234,"country_iso":"RUS"},{"h3index":"872d44993ffffff","population_2015":22817.2541633419,"total_built_mass_tons":5644195.0509024784,"city_id":4234,"country_iso":"RUS"},{"h3index":"872d44994ffffff","population_2015":655.5501598377,"total_built_mass_tons":519237.7592264162,"city_id":4234,"country_iso":"RUS"},{"h3index":"872d44995ffffff","population_2015":104.7274178963,"total_built_mass_tons":98908.6710970972,"city_id":4234,"country_iso":"RUS"},{"h3index":"872d44996ffffff","population_2015":4790.1449491695,"total_built_mass_tons":1968904.7346100071,"city_id":4234,"country_iso":"RUS"},{"h3index":"872d44998ffffff","population_2015":17696.8830387733,"total_built_mass_tons":5062506.7834986644,"city_id":4234,"country_iso":"RUS"},{"h3index":"872d44999ffffff","population_2015":873.8247549814,"total_built_mass_tons":615916.3804482627,"city_id":4234,"country_iso":"RUS"},{"h3index":"872d4499affffff","population_2015":5850.6581602882,"total_built_mass_tons":1690584.6659370516,"city_id":4234,"country_iso":"RUS"},{"h3index":"872d4499bffffff","population_2015":78.8264034346,"total_built_mass_tons":133221.7291538792,"city_id":4234,"country_iso":"RUS"},{"h3index":"872d4499cffffff","population_2015":14390.927324914,"total_built_mass_tons":5072627.9584243689,"city_id":4234,"country_iso":"RUS"},{"h3index":"872d4499dffffff","population_2015":6093.1490514484,"total_built_mass_tons":1941600.5433208444,"city_id":4234,"country_iso":"RUS"},{"h3index":"872d4499effffff","population_2015":18312.7282050899,"total_built_mass_tons":5830419.7112446027,"city_id":4234,"country_iso":"RUS"},{"h3index":"872d44d60ffffff","population_2015":194.5479681726,"total_built_mass_tons":549751.4745746917,"city_id":4234,"country_iso":"RUS"},{"h3index":"872d44d61ffffff","population_2015":2073.1940994847,"total_built_mass_tons":1265422.0311351321,"city_id":4234,"country_iso":"RUS"},{"h3index":"872d44d64ffffff","population_2015":135.119365327,"total_built_mass_tons":334982.9935579726,"city_id":4234,"country_iso":"RUS"},{"h3index":"872d44d65ffffff","population_2015":1742.7532916378,"total_built_mass_tons":2005530.452372042,"city_id":4234,"country_iso":"RUS"},{"h3index":"872d44d68ffffff","population_2015":16188.1107925452,"total_built_mass_tons":5377292.6778722676,"city_id":4234,"country_iso":"RUS"},{"h3index":"872d44d69ffffff","population_2015":595.7913157257,"total_built_mass_tons":228210.9624526381,"city_id":4234,"country_iso":"RUS"},{"h3index":"872d44d6bffffff","population_2015":396.7784442584,"total_built_mass_tons":161212.4706964763,"city_id":4234,"country_iso":"RUS"},{"h3index":"872d44d6cffffff","population_2015":18608.1842636108,"total_built_mass_tons":4812925.2887489647,"city_id":4234,"country_iso":"RUS"},{"h3index":"872d44d6dffffff","population_2015":19655.9807483841,"total_built_mass_tons":5924406.3226833735,"city_id":4234,"country_iso":"RUS"},{"h3index":"872d44d6effffff","population_2015":0.7059184953,"total_built_mass_tons":290.5882352941,"city_id":4234,"country_iso":"RUS"}]