[{"h3index":"873cf48caffffff","population_2015":33.3463967641,"total_built_mass_tons":2180.8450402002,"city_id":9580,"country_iso":"IND"},{"h3index":"873cf48ccffffff","population_2015":32.1696128621,"total_built_mass_tons":23206.5454730473,"city_id":9580,"country_iso":"IND"},{"h3index":"873cf48ceffffff","population_2015":238.0672333138,"total_built_mass_tons":49122.9536782459,"city_id":9580,"country_iso":"IND"},{"h3index":"873cf48eaffffff","population_2015":50.5401363373,"total_built_mass_tons":58875.3354954448,"city_id":9580,"country_iso":"IND"},{"h3index":"873cf48ebffffff","population_2015":26.4003038406,"total_built_mass_tons":7452.0210612108,"city_id":9580,"country_iso":"IND"}]