[{"h3index": "878236460ffffff", "population_2015": 6715.012498698515, "total_built_mass_tons": 1461377.3842322975, "city_id": 3089, "country_iso": "COD"}, {"h3index": "878236462ffffff", "population_2015": 9567.055660195443, "total_built_mass_tons": 1395629.8021963623, "city_id": 3089, "country_iso": "COD"}, {"h3index": "878236463ffffff", "population_2015": 183.99207697849647, "total_built_mass_tons": 35516.56688748658, "city_id": 3089, "country_iso": "COD"}, {"h3index": "878236464ffffff", "population_2015": 860.0321114446601, "total_built_mass_tons": 292096.19790698565, "city_id": 3089, "country_iso": "COD"}, {"h3index": "878236465ffffff", "population_2015": 58.21017146391027, "total_built_mass_tons": 14124.795008126928, "city_id": 3089, "country_iso": "COD"}, {"h3index": "878236466ffffff", "population_2015": 15640.7367715499, "total_built_mass_tons": 2099158.7563172616, "city_id": 3089, "country_iso": "COD"}, {"h3index": "878236471ffffff", "population_2015": 2186.544384369196, "total_built_mass_tons": 521128.635361323, "city_id": 3089, "country_iso": "COD"}, {"h3index": "878236474ffffff", "population_2015": 10.140823560602524, "total_built_mass_tons": 87888.94102206735, "city_id": 3089, "country_iso": "COD"}, {"h3index": "878236475ffffff", "population_2015": 14772.131214603727, "total_built_mass_tons": 3281646.324588424, "city_id": 3089, "country_iso": "COD"}, {"h3index": "878236559ffffff", "population_2015": 14.51219081878662, "total_built_mass_tons": 64421.15736706841, "city_id": 3089, "country_iso": "COD"}, {"h3index": "87823655bffffff", "population_2015": 2009.6692403194952, "total_built_mass_tons": 585392.6121977904, "city_id": 3089, "country_iso": "COD"}]