[{"h3index":"87652cd80ffffff","population_2015":0.0399820244,"total_built_mass_tons":466.1782145389,"city_id":11178,"country_iso":"IDN"},{"h3index":"87652cd84ffffff","population_2015":2572.8784516793,"total_built_mass_tons":1268462.8171953158,"city_id":11178,"country_iso":"IDN"},{"h3index":"87652cd85ffffff","population_2015":23.584994649,"total_built_mass_tons":24275.4768460864,"city_id":11178,"country_iso":"IDN"},{"h3index":"87652cd86ffffff","population_2015":28.5639047193,"total_built_mass_tons":14606.9481848538,"city_id":11178,"country_iso":"IDN"},{"h3index":"87652cda2ffffff","population_2015":2296.5316314005,"total_built_mass_tons":1345701.1880181271,"city_id":11178,"country_iso":"IDN"},{"h3index":"87652cda3ffffff","population_2015":112.7804017123,"total_built_mass_tons":91435.9533701542,"city_id":11178,"country_iso":"IDN"},{"h3index":"87652cdb0ffffff","population_2015":1278.058399221,"total_built_mass_tons":1305135.1282896674,"city_id":11178,"country_iso":"IDN"},{"h3index":"87652cdb1ffffff","population_2015":3370.9251626912,"total_built_mass_tons":2675489.7696849434,"city_id":11178,"country_iso":"IDN"},{"h3index":"87652cdb3ffffff","population_2015":659.12362402,"total_built_mass_tons":614868.2331911813,"city_id":11178,"country_iso":"IDN"},{"h3index":"87652cdb5ffffff","population_2015":122.5028352924,"total_built_mass_tons":45742.8842212078,"city_id":11178,"country_iso":"IDN"}]