[{"h3index": "874b36a00ffffff", "population_2015": 50.01562554509032, "total_built_mass_tons": 85913.93412397765, "city_id": 12538, "country_iso": "CHN"}, {"h3index": "874b36a02ffffff", "population_2015": 6362.285685047447, "total_built_mass_tons": 3488702.374290487, "city_id": 12538, "country_iso": "CHN"}, {"h3index": "874b36a03ffffff", "population_2015": 6205.167191305345, "total_built_mass_tons": 1330123.3678112058, "city_id": 12538, "country_iso": "CHN"}, {"h3index": "874b36a06ffffff", "population_2015": 983.5468948065068, "total_built_mass_tons": 1213284.080858403, "city_id": 12538, "country_iso": "CHN"}, {"h3index": "874b36a0affffff", "population_2015": 2538.5895405769343, "total_built_mass_tons": 558446.6550666725, "city_id": 12538, "country_iso": "CHN"}, {"h3index": "874b36a0effffff", "population_2015": 440.84417281431314, "total_built_mass_tons": 96100.9089966604, "city_id": 12538, "country_iso": "CHN"}, {"h3index": "874b36a11ffffff", "population_2015": 1668.5935633603267, "total_built_mass_tons": 998288.0277248068, "city_id": 12538, "country_iso": "CHN"}, {"h3index": "874b36a15ffffff", "population_2015": 271.3426989985448, "total_built_mass_tons": 317154.1959509186, "city_id": 12538, "country_iso": "CHN"}, {"h3index": "874b36a18ffffff", "population_2015": 13431.638944233166, "total_built_mass_tons": 3091527.12190968, "city_id": 12538, "country_iso": "CHN"}, {"h3index": "874b36a19ffffff", "population_2015": 9173.014987694982, "total_built_mass_tons": 2713591.0381396934, "city_id": 12538, "country_iso": "CHN"}, {"h3index": "874b36a1affffff", "population_2015": 10.987471236434637, "total_built_mass_tons": 12443.608468759026, "city_id": 12538, "country_iso": "CHN"}, {"h3index": "874b36a1bffffff", "population_2015": 4534.457793740665, "total_built_mass_tons": 1498954.9035178376, "city_id": 12538, "country_iso": "CHN"}, {"h3index": "874b36a1cffffff", "population_2015": 21547.90103417938, "total_built_mass_tons": 5348886.320168523, "city_id": 12538, "country_iso": "CHN"}, {"h3index": "874b36a1dffffff", "population_2015": 17798.588973625036, "total_built_mass_tons": 4924324.913571804, "city_id": 12538, "country_iso": "CHN"}, {"h3index": "874b36a1effffff", "population_2015": 1740.8851149016737, "total_built_mass_tons": 705020.4211566895, "city_id": 12538, "country_iso": "CHN"}, {"h3index": "874b36ae6ffffff", "population_2015": 104.13388950123506, "total_built_mass_tons": 22414.652379075666, "city_id": 12538, "country_iso": "CHN"}]