[{"h3index": "876030641ffffff", "population_2015": 4.49241974774529, "total_built_mass_tons": 3797.888976273371, "city_id": 8104, "country_iso": "IND"}, {"h3index": "876030642ffffff", "population_2015": 255.67343068216363, "total_built_mass_tons": 83914.16941314677, "city_id": 8104, "country_iso": "IND"}, {"h3index": "876030643ffffff", "population_2015": 4470.073900282617, "total_built_mass_tons": 642737.4990985098, "city_id": 8104, "country_iso": "IND"}, {"h3index": "876030648ffffff", "population_2015": 11478.223870939368, "total_built_mass_tons": 1537026.4662995231, "city_id": 8104, "country_iso": "IND"}, {"h3index": "876030649ffffff", "population_2015": 7893.55992976544, "total_built_mass_tons": 1161024.8206926878, "city_id": 8104, "country_iso": "IND"}, {"h3index": "87603064affffff", "population_2015": 31283.51331636766, "total_built_mass_tons": 2616359.4730143584, "city_id": 8104, "country_iso": "IND"}, {"h3index": "87603064bffffff", "population_2015": 8990.329367200065, "total_built_mass_tons": 1152363.2627278026, "city_id": 8104, "country_iso": "IND"}, {"h3index": "87603064cffffff", "population_2015": 557.1160844522365, "total_built_mass_tons": 92582.9375772222, "city_id": 8104, "country_iso": "IND"}, {"h3index": "87603064dffffff", "population_2015": 2675.111395742379, "total_built_mass_tons": 418523.99130278983, "city_id": 8104, "country_iso": "IND"}, {"h3index": "87603064effffff", "population_2015": 8267.15388627146, "total_built_mass_tons": 1162592.9982522104, "city_id": 8104, "country_iso": "IND"}, {"h3index": "876030650ffffff", "population_2015": 7.865831046010934, "total_built_mass_tons": 2817.689925190989, "city_id": 8104, "country_iso": "IND"}, {"h3index": "876030651ffffff", "population_2015": 1642.418722508, "total_built_mass_tons": 219721.58823435692, "city_id": 8104, "country_iso": "IND"}, {"h3index": "876030652ffffff", "population_2015": 277.27066296970145, "total_built_mass_tons": 169114.43098151684, "city_id": 8104, "country_iso": "IND"}, {"h3index": "876030653ffffff", "population_2015": 2165.2291121202356, "total_built_mass_tons": 536924.6702948789, "city_id": 8104, "country_iso": "IND"}, {"h3index": "876030655ffffff", "population_2015": 89.66777258106308, "total_built_mass_tons": 26515.051838935575, "city_id": 8104, "country_iso": "IND"}, {"h3index": "876030658ffffff", "population_2015": 38832.636059824625, "total_built_mass_tons": 3171194.2780835945, "city_id": 8104, "country_iso": "IND"}, {"h3index": "876030659ffffff", "population_2015": 70988.12159522563, "total_built_mass_tons": 4624303.230138348, "city_id": 8104, "country_iso": "IND"}, {"h3index": "87603065affffff", "population_2015": 4258.046868040047, "total_built_mass_tons": 544006.9936439896, "city_id": 8104, "country_iso": "IND"}, {"h3index": "87603065bffffff", "population_2015": 52527.26740338944, "total_built_mass_tons": 3889562.295351548, "city_id": 8104, "country_iso": "IND"}, {"h3index": "87603065cffffff", "population_2015": 10902.214217593622, "total_built_mass_tons": 1322708.29998377, "city_id": 8104, "country_iso": "IND"}, {"h3index": "87603065dffffff", "population_2015": 35240.91303189595, "total_built_mass_tons": 3057768.8671141076, "city_id": 8104, "country_iso": "IND"}, {"h3index": "87603065effffff", "population_2015": 6283.090785179887, "total_built_mass_tons": 835143.8341223848, "city_id": 8104, "country_iso": "IND"}, {"h3index": "8760306cdffffff", "population_2015": 43.92397110882928, "total_built_mass_tons": 9581.427659073372, "city_id": 8104, "country_iso": "IND"}, {"h3index": "8760306e8ffffff", "population_2015": 262.1825089024562, "total_built_mass_tons": 59554.360095524506, "city_id": 8104, "country_iso": "IND"}, {"h3index": "8760306e9ffffff", "population_2015": 1621.1985951330146, "total_built_mass_tons": 289121.2181615615, "city_id": 8104, "country_iso": "IND"}, {"h3index": "8760306ecffffff", "population_2015": 3127.524949303795, "total_built_mass_tons": 771376.3075188802, "city_id": 8104, "country_iso": "IND"}, {"h3index": "8760306edffffff", "population_2015": 1085.113754983042, "total_built_mass_tons": 249805.8916265045, "city_id": 8104, "country_iso": "IND"}, {"h3index": "8760306eeffffff", "population_2015": 189.92500586790197, "total_built_mass_tons": 48408.931974346386, "city_id": 8104, "country_iso": "IND"}, {"h3index": "876033916ffffff", "population_2015": 141.98315685870602, "total_built_mass_tons": 42048.33999930161, "city_id": 8104, "country_iso": "IND"}, {"h3index": "876033932ffffff", "population_2015": 534.6882566676421, "total_built_mass_tons": 161417.6827567222, "city_id": 8104, "country_iso": "IND"}, {"h3index": "876033980ffffff", "population_2015": 203.7451935861625, "total_built_mass_tons": 56912.85584377126, "city_id": 8104, "country_iso": "IND"}, {"h3index": "876033982ffffff", "population_2015": 2664.485720866334, "total_built_mass_tons": 808238.06216304, "city_id": 8104, "country_iso": "IND"}, {"h3index": "876033983ffffff", "population_2015": 112.88706755918616, "total_built_mass_tons": 45464.82992302952, "city_id": 8104, "country_iso": "IND"}, {"h3index": "876033984ffffff", "population_2015": 1619.528776954202, "total_built_mass_tons": 442760.0660027503, "city_id": 8104, "country_iso": "IND"}, {"h3index": "876033986ffffff", "population_2015": 2791.7708021687527, "total_built_mass_tons": 772315.6983756004, "city_id": 8104, "country_iso": "IND"}, {"h3index": "876033991ffffff", "population_2015": 23.50368146709367, "total_built_mass_tons": 14277.41234095123, "city_id": 8104, "country_iso": "IND"}, {"h3index": "876033995ffffff", "population_2015": 47.60261157353719, "total_built_mass_tons": 21358.322116574753, "city_id": 8104, "country_iso": "IND"}, {"h3index": "876033998ffffff", "population_2015": 10.27695052577, "total_built_mass_tons": 6598.757051892972, "city_id": 8104, "country_iso": "IND"}, {"h3index": "87603399cffffff", "population_2015": 3365.872547119739, "total_built_mass_tons": 768162.9446520656, "city_id": 8104, "country_iso": "IND"}, {"h3index": "87603399dffffff", "population_2015": 286.374173859989, "total_built_mass_tons": 91961.42528968184, "city_id": 8104, "country_iso": "IND"}, {"h3index": "8760339a0ffffff", "population_2015": 10353.850670627518, "total_built_mass_tons": 1343843.3853506474, "city_id": 8104, "country_iso": "IND"}, {"h3index": "8760339a1ffffff", "population_2015": 1019.7911679249182, "total_built_mass_tons": 274065.5280133324, "city_id": 8104, "country_iso": "IND"}, {"h3index": "8760339a2ffffff", "population_2015": 11901.1425047033, "total_built_mass_tons": 2107900.751914664, "city_id": 8104, "country_iso": "IND"}, {"h3index": "8760339a3ffffff", "population_2015": 225.14084507437315, "total_built_mass_tons": 106428.0490430426, "city_id": 8104, "country_iso": "IND"}, {"h3index": "8760339a4ffffff", "population_2015": 26930.56388600667, "total_built_mass_tons": 2718281.517413387, "city_id": 8104, "country_iso": "IND"}, {"h3index": "8760339a5ffffff", "population_2015": 3004.294716283388, "total_built_mass_tons": 536599.723647879, "city_id": 8104, "country_iso": "IND"}, {"h3index": "8760339a6ffffff", "population_2015": 59823.27307981604, "total_built_mass_tons": 3834688.2451060424, "city_id": 8104, "country_iso": "IND"}, {"h3index": "8760339a8ffffff", "population_2015": 50.682226106232285, "total_built_mass_tons": 37413.8905322656, "city_id": 8104, "country_iso": "IND"}, {"h3index": "8760339acffffff", "population_2015": 725.522384151758, "total_built_mass_tons": 202813.10965038667, "city_id": 8104, "country_iso": "IND"}, {"h3index": "8760339aeffffff", "population_2015": 48.16726544698079, "total_built_mass_tons": 9539.725573851392, "city_id": 8104, "country_iso": "IND"}, {"h3index": "8760339b0ffffff", "population_2015": 5432.621923177381, "total_built_mass_tons": 913663.2312971083, "city_id": 8104, "country_iso": "IND"}, {"h3index": "8760339b1ffffff", "population_2015": 7242.006681573158, "total_built_mass_tons": 1859106.912528061, "city_id": 8104, "country_iso": "IND"}, {"h3index": "8760339b2ffffff", "population_2015": 904.284848615235, "total_built_mass_tons": 149454.32217105257, "city_id": 8104, "country_iso": "IND"}, {"h3index": "8760339b3ffffff", "population_2015": 272.9177440325419, "total_built_mass_tons": 106076.89395485824, "city_id": 8104, "country_iso": "IND"}, {"h3index": "8760339b4ffffff", "population_2015": 8384.972418919731, "total_built_mass_tons": 1353500.4231571392, "city_id": 8104, "country_iso": "IND"}, {"h3index": "8760339b5ffffff", "population_2015": 33562.32143528507, "total_built_mass_tons": 3846717.805819676, "city_id": 8104, "country_iso": "IND"}, {"h3index": "8760339b6ffffff", "population_2015": 3593.630549170923, "total_built_mass_tons": 709582.111304057, "city_id": 8104, "country_iso": "IND"}]