[{"h3index": "873da8a58ffffff", "population_2015": 17861.039400699094, "total_built_mass_tons": 915775.1294362296, "city_id": 7497, "country_iso": "IND"}, {"h3index": "873da8a59ffffff", "population_2015": 271.6066676756915, "total_built_mass_tons": 68218.28378161367, "city_id": 7497, "country_iso": "IND"}, {"h3index": "873da8a5affffff", "population_2015": 47339.35399406283, "total_built_mass_tons": 2444088.3214978427, "city_id": 7497, "country_iso": "IND"}, {"h3index": "873da8a5bffffff", "population_2015": 5614.247270842159, "total_built_mass_tons": 615551.356691777, "city_id": 7497, "country_iso": "IND"}, {"h3index": "873da8a5effffff", "population_2015": 969.0339666703168, "total_built_mass_tons": 77209.090503838, "city_id": 7497, "country_iso": "IND"}, {"h3index": "873da8ae9ffffff", "population_2015": 5493.579849029989, "total_built_mass_tons": 603601.7216606146, "city_id": 7497, "country_iso": "IND"}, {"h3index": "873da8aebffffff", "population_2015": 32.17341094671511, "total_built_mass_tons": 11353.88766774859, "city_id": 7497, "country_iso": "IND"}, {"h3index": "873da8aedffffff", "population_2015": 99.08039902331784, "total_built_mass_tons": 19828.208796472776, "city_id": 7497, "country_iso": "IND"}, {"h3index": "873da9db4ffffff", "population_2015": 6263.143154219086, "total_built_mass_tons": 648114.5880193239, "city_id": 7497, "country_iso": "IND"}, {"h3index": "873da9db6ffffff", "population_2015": 45.34380072425394, "total_built_mass_tons": 19485.311523994536, "city_id": 7497, "country_iso": "IND"}]