[{"h3index":"878d8e1b0ffffff","population_2015":17.9368964476,"total_built_mass_tons":8466.3238517554,"city_id":12484,"country_iso":"IDN"},{"h3index":"878d8e1b4ffffff","population_2015":123.4731185016,"total_built_mass_tons":64949.6196325932,"city_id":12484,"country_iso":"IDN"},{"h3index":"878d8ec5affffff","population_2015":89.8970306453,"total_built_mass_tons":23500.3658894606,"city_id":12484,"country_iso":"IDN"},{"h3index":"878d8ec5cffffff","population_2015":85.2901661256,"total_built_mass_tons":23036.3983803103,"city_id":12484,"country_iso":"IDN"},{"h3index":"878d8ec5effffff","population_2015":66.2063091203,"total_built_mass_tons":14694.1323980515,"city_id":12484,"country_iso":"IDN"},{"h3index":"878d8ece9ffffff","population_2015":29.4832045162,"total_built_mass_tons":14635.6774816691,"city_id":12484,"country_iso":"IDN"},{"h3index":"878d8ecedffffff","population_2015":71.7686797647,"total_built_mass_tons":36246.4929221836,"city_id":12484,"country_iso":"IDN"}]