[{"h3index": "8768884b0ffffff", "population_2015": 798.898307575899, "total_built_mass_tons": 93272.9923013636, "city_id": 12763, "country_iso": "IDN"}, {"h3index": "8768884b2ffffff", "population_2015": 210.74583818772263, "total_built_mass_tons": 46206.59993123884, "city_id": 12763, "country_iso": "IDN"}, {"h3index": "8768884b4ffffff", "population_2015": 1710.995761392631, "total_built_mass_tons": 209107.99227502896, "city_id": 12763, "country_iso": "IDN"}, {"h3index": "8768884b6ffffff", "population_2015": 8860.212832215253, "total_built_mass_tons": 905658.483082906, "city_id": 12763, "country_iso": "IDN"}, {"h3index": "87688a82cffffff", "population_2015": 857.2504821122862, "total_built_mass_tons": 786038.941260184, "city_id": 12763, "country_iso": "IDN"}, {"h3index": "87688a82dffffff", "population_2015": 30.68146122577144, "total_built_mass_tons": 81796.65727616764, "city_id": 12763, "country_iso": "IDN"}, {"h3index": "87688a860ffffff", "population_2015": 447.13517741409, "total_built_mass_tons": 341521.8106275492, "city_id": 12763, "country_iso": "IDN"}, {"h3index": "87688a861ffffff", "population_2015": 2.6845825531903436, "total_built_mass_tons": 5709.172520802962, "city_id": 12763, "country_iso": "IDN"}, {"h3index": "87688a862ffffff", "population_2015": 24.09465054343729, "total_built_mass_tons": 20764.29286631002, "city_id": 12763, "country_iso": "IDN"}, {"h3index": "87688a863ffffff", "population_2015": 560.2975837183933, "total_built_mass_tons": 488328.8421549208, "city_id": 12763, "country_iso": "IDN"}, {"h3index": "87688a864ffffff", "population_2015": 112.00740839172812, "total_built_mass_tons": 88135.1010130021, "city_id": 12763, "country_iso": "IDN"}, {"h3index": "87688a865ffffff", "population_2015": 2.935632432675829, "total_built_mass_tons": 3007.7660289025216, "city_id": 12763, "country_iso": "IDN"}, {"h3index": "87688a866ffffff", "population_2015": 1091.6340457243075, "total_built_mass_tons": 619892.0672729978, "city_id": 12763, "country_iso": "IDN"}, {"h3index": "87688a86effffff", "population_2015": 302.58792842229207, "total_built_mass_tons": 379633.9719344701, "city_id": 12763, "country_iso": "IDN"}, {"h3index": "87688a940ffffff", "population_2015": 20805.161814506388, "total_built_mass_tons": 2295239.324741217, "city_id": 12763, "country_iso": "IDN"}, {"h3index": "87688a941ffffff", "population_2015": 28144.14372661815, "total_built_mass_tons": 2929472.9688331443, "city_id": 12763, "country_iso": "IDN"}, {"h3index": "87688a942ffffff", "population_2015": 16561.897138618016, "total_built_mass_tons": 1626866.8813344918, "city_id": 12763, "country_iso": "IDN"}, {"h3index": "87688a943ffffff", "population_2015": 8688.40832003425, "total_built_mass_tons": 904489.1899579198, "city_id": 12763, "country_iso": "IDN"}, {"h3index": "87688a944ffffff", "population_2015": 1479.1490657582, "total_built_mass_tons": 187337.36409259023, "city_id": 12763, "country_iso": "IDN"}, {"h3index": "87688a945ffffff", "population_2015": 12478.222637744975, "total_built_mass_tons": 1389510.080440589, "city_id": 12763, "country_iso": "IDN"}, {"h3index": "87688a946ffffff", "population_2015": 2229.8557806389003, "total_built_mass_tons": 332870.71836291114, "city_id": 12763, "country_iso": "IDN"}, {"h3index": "87688a948ffffff", "population_2015": 2495.210662151786, "total_built_mass_tons": 805278.3209198136, "city_id": 12763, "country_iso": "IDN"}, {"h3index": "87688a949ffffff", "population_2015": 420.21465867734423, "total_built_mass_tons": 125092.98603616148, "city_id": 12763, "country_iso": "IDN"}, {"h3index": "87688a94affffff", "population_2015": 1304.375248675253, "total_built_mass_tons": 859194.1955272174, "city_id": 12763, "country_iso": "IDN"}, {"h3index": "87688a94cffffff", "population_2015": 40483.17792054718, "total_built_mass_tons": 3520312.6458251085, "city_id": 12763, "country_iso": "IDN"}, {"h3index": "87688a94dffffff", "population_2015": 4014.7880409764302, "total_built_mass_tons": 459978.8636379904, "city_id": 12763, "country_iso": "IDN"}, {"h3index": "87688a94effffff", "population_2015": 13292.301751469631, "total_built_mass_tons": 1735485.628954907, "city_id": 12763, "country_iso": "IDN"}, {"h3index": "87688a950ffffff", "population_2015": 2031.548421796163, "total_built_mass_tons": 269362.67967529513, "city_id": 12763, "country_iso": "IDN"}, {"h3index": "87688a951ffffff", "population_2015": 7675.355174868716, "total_built_mass_tons": 948025.0928490272, "city_id": 12763, "country_iso": "IDN"}, {"h3index": "87688a952ffffff", "population_2015": 544.0320797995025, "total_built_mass_tons": 294881.4074471531, "city_id": 12763, "country_iso": "IDN"}, {"h3index": "87688a953ffffff", "population_2015": 496.1732666894501, "total_built_mass_tons": 357960.7630144773, "city_id": 12763, "country_iso": "IDN"}, {"h3index": "87688a955ffffff", "population_2015": 7331.255051639034, "total_built_mass_tons": 1130626.185281302, "city_id": 12763, "country_iso": "IDN"}, {"h3index": "87688a959ffffff", "population_2015": 705.0459333550696, "total_built_mass_tons": 426732.40012174495, "city_id": 12763, "country_iso": "IDN"}, {"h3index": "87688a95cffffff", "population_2015": 2985.911079829347, "total_built_mass_tons": 298053.8750126419, "city_id": 12763, "country_iso": "IDN"}, {"h3index": "87688a95dffffff", "population_2015": 994.6821197117076, "total_built_mass_tons": 557277.9004159982, "city_id": 12763, "country_iso": "IDN"}, {"h3index": "87688a95effffff", "population_2015": 3.3784431906307444, "total_built_mass_tons": 9011.34110882662, "city_id": 12763, "country_iso": "IDN"}, {"h3index": "87688a968ffffff", "population_2015": 12143.134485087678, "total_built_mass_tons": 1211940.5322209513, "city_id": 12763, "country_iso": "IDN"}, {"h3index": "87688a969ffffff", "population_2015": 4979.085765636668, "total_built_mass_tons": 581967.2315299992, "city_id": 12763, "country_iso": "IDN"}, {"h3index": "87688a96affffff", "population_2015": 27316.253517180805, "total_built_mass_tons": 2356175.1919514863, "city_id": 12763, "country_iso": "IDN"}, {"h3index": "87688a96bffffff", "population_2015": 19368.958927483643, "total_built_mass_tons": 1719678.894783991, "city_id": 12763, "country_iso": "IDN"}, {"h3index": "87688a96cffffff", "population_2015": 772.7692452973012, "total_built_mass_tons": 98886.5431964166, "city_id": 12763, "country_iso": "IDN"}, {"h3index": "87688a96dffffff", "population_2015": 4347.786019508512, "total_built_mass_tons": 552900.2824593794, "city_id": 12763, "country_iso": "IDN"}, {"h3index": "87688a96effffff", "population_2015": 1148.0963755588905, "total_built_mass_tons": 143670.0977370726, "city_id": 12763, "country_iso": "IDN"}]