[{"h3index":"8740d0530ffffff","population_2015":6870.5253064034,"total_built_mass_tons":2500404.3871296216,"city_id":10258,"country_iso":"CHN"},{"h3index":"8740d0531ffffff","population_2015":793.0983913286,"total_built_mass_tons":625351.1440864031,"city_id":10258,"country_iso":"CHN"},{"h3index":"8740d0534ffffff","population_2015":2801.8164407955,"total_built_mass_tons":1583791.1781443339,"city_id":10258,"country_iso":"CHN"},{"h3index":"8740d0535ffffff","population_2015":245.2701225533,"total_built_mass_tons":228065.0711550739,"city_id":10258,"country_iso":"CHN"},{"h3index":"8740d0536ffffff","population_2015":11142.067971611,"total_built_mass_tons":5233567.5962654343,"city_id":10258,"country_iso":"CHN"},{"h3index":"8740d0c9bffffff","population_2015":193.5039192471,"total_built_mass_tons":180633.2465578129,"city_id":10258,"country_iso":"CHN"},{"h3index":"8740d6241ffffff","population_2015":69.3830108643,"total_built_mass_tons":77735.9511282838,"city_id":10258,"country_iso":"CHN"},{"h3index":"8740d6244ffffff","population_2015":42.4632237977,"total_built_mass_tons":18896.7409580177,"city_id":10258,"country_iso":"CHN"},{"h3index":"8740d6245ffffff","population_2015":5147.032574375,"total_built_mass_tons":1265338.1586514555,"city_id":10258,"country_iso":"CHN"},{"h3index":"8740d624cffffff","population_2015":3684.6794980292,"total_built_mass_tons":483769.2413896332,"city_id":10258,"country_iso":"CHN"},{"h3index":"8740d624dffffff","population_2015":758.1467322106,"total_built_mass_tons":218201.1900420352,"city_id":10258,"country_iso":"CHN"},{"h3index":"8740d6262ffffff","population_2015":2519.4757925866,"total_built_mass_tons":1341696.5255243671,"city_id":10258,"country_iso":"CHN"},{"h3index":"8740d6263ffffff","population_2015":5107.8382793997,"total_built_mass_tons":2106655.5372318202,"city_id":10258,"country_iso":"CHN"},{"h3index":"8740d6268ffffff","population_2015":4706.8636843326,"total_built_mass_tons":525630.5636093067,"city_id":10258,"country_iso":"CHN"},{"h3index":"8740d6269ffffff","population_2015":2611.4294183226,"total_built_mass_tons":883871.0473736025,"city_id":10258,"country_iso":"CHN"},{"h3index":"8740d626affffff","population_2015":41344.0963834351,"total_built_mass_tons":4607022.9463757463,"city_id":10258,"country_iso":"CHN"},{"h3index":"8740d626bffffff","population_2015":68983.3764601091,"total_built_mass_tons":9350920.9764322154,"city_id":10258,"country_iso":"CHN"},{"h3index":"8740d626effffff","population_2015":3571.2545202367,"total_built_mass_tons":1702644.0203939746,"city_id":10258,"country_iso":"CHN"}]