[{"h3index": "873196524ffffff", "population_2015": 2552.1853134641465, "total_built_mass_tons": 542594.0925015954, "city_id": 10420, "country_iso": "CHN"}, {"h3index": "873196525ffffff", "population_2015": 65.48555244371002, "total_built_mass_tons": 43551.65132285518, "city_id": 10420, "country_iso": "CHN"}, {"h3index": "873196c89ffffff", "population_2015": 2095.092025633419, "total_built_mass_tons": 574110.7867279142, "city_id": 10420, "country_iso": "CHN"}, {"h3index": "873196c8affffff", "population_2015": 5262.594761371612, "total_built_mass_tons": 1409445.7552523708, "city_id": 10420, "country_iso": "CHN"}, {"h3index": "873196c8bffffff", "population_2015": 5902.888483442046, "total_built_mass_tons": 1529531.392964731, "city_id": 10420, "country_iso": "CHN"}, {"h3index": "873196c8effffff", "population_2015": 107.9526747825099, "total_built_mass_tons": 100324.1234378464, "city_id": 10420, "country_iso": "CHN"}, {"h3index": "873196c98ffffff", "population_2015": 2.5407453536987306, "total_built_mass_tons": 751.897080500371, "city_id": 10420, "country_iso": "CHN"}, {"h3index": "873196c99ffffff", "population_2015": 532.9903147454355, "total_built_mass_tons": 76847.58300862653, "city_id": 10420, "country_iso": "CHN"}, {"h3index": "873196c9dffffff", "population_2015": 2886.0785426354873, "total_built_mass_tons": 1329013.8520637662, "city_id": 10420, "country_iso": "CHN"}, {"h3index": "873196cc0ffffff", "population_2015": 763.7065703962363, "total_built_mass_tons": 517347.3435334445, "city_id": 10420, "country_iso": "CHN"}, {"h3index": "873196cc2ffffff", "population_2015": 398.96179355733534, "total_built_mass_tons": 69372.83872363018, "city_id": 10420, "country_iso": "CHN"}, {"h3index": "873196cc6ffffff", "population_2015": 117.16463946781906, "total_built_mass_tons": 94506.29058528756, "city_id": 10420, "country_iso": "CHN"}, {"h3index": "873196cd0ffffff", "population_2015": 2678.183656470916, "total_built_mass_tons": 523850.64195461274, "city_id": 10420, "country_iso": "CHN"}, {"h3index": "873196cd1ffffff", "population_2015": 92.5729541834663, "total_built_mass_tons": 65415.07862968704, "city_id": 10420, "country_iso": "CHN"}, {"h3index": "873196cd4ffffff", "population_2015": 25695.44791201984, "total_built_mass_tons": 2531674.5052699186, "city_id": 10420, "country_iso": "CHN"}, {"h3index": "873196cd5ffffff", "population_2015": 12979.271957904217, "total_built_mass_tons": 1400862.2312104471, "city_id": 10420, "country_iso": "CHN"}, {"h3index": "873196cd6ffffff", "population_2015": 8574.71030511669, "total_built_mass_tons": 1914238.95955806, "city_id": 10420, "country_iso": "CHN"}, {"h3index": "873196cf2ffffff", "population_2015": 528.74739967047, "total_built_mass_tons": 265913.4733403254, "city_id": 10420, "country_iso": "CHN"}, {"h3index": "873196cf3ffffff", "population_2015": 125.58983477330678, "total_built_mass_tons": 83293.87008210507, "city_id": 10420, "country_iso": "CHN"}]