[{"h3index":"872da8810ffffff","population_2015":12722.1094375031,"total_built_mass_tons":2710028.2558798604,"city_id":4424,"country_iso":"TUR"},{"h3index":"872da8811ffffff","population_2015":6.5324448006,"total_built_mass_tons":2857.2159075475,"city_id":4424,"country_iso":"TUR"},{"h3index":"872da8812ffffff","population_2015":687.4044532888,"total_built_mass_tons":455846.0553358746,"city_id":4424,"country_iso":"TUR"},{"h3index":"872da8814ffffff","population_2015":20101.0347673528,"total_built_mass_tons":3665176.1653345553,"city_id":4424,"country_iso":"TUR"},{"h3index":"872da8815ffffff","population_2015":12423.2719952826,"total_built_mass_tons":2385568.623357296,"city_id":4424,"country_iso":"TUR"},{"h3index":"872da8816ffffff","population_2015":5075.9529363838,"total_built_mass_tons":1525580.5734834862,"city_id":4424,"country_iso":"TUR"},{"h3index":"872da8830ffffff","population_2015":4930.1059309567,"total_built_mass_tons":814678.6359204893,"city_id":4424,"country_iso":"TUR"},{"h3index":"872da8832ffffff","population_2015":33215.6387391782,"total_built_mass_tons":5394942.2774696611,"city_id":4424,"country_iso":"TUR"},{"h3index":"872da8833ffffff","population_2015":8048.8002380016,"total_built_mass_tons":1497133.2236525081,"city_id":4424,"country_iso":"TUR"},{"h3index":"872da8834ffffff","population_2015":20.2320282525,"total_built_mass_tons":10774.1305215855,"city_id":4424,"country_iso":"TUR"},{"h3index":"872da8836ffffff","population_2015":23322.6730580648,"total_built_mass_tons":2823590.6983866645,"city_id":4424,"country_iso":"TUR"},{"h3index":"872da88a0ffffff","population_2015":72.8959696227,"total_built_mass_tons":50878.404217062,"city_id":4424,"country_iso":"TUR"},{"h3index":"872da88a4ffffff","population_2015":4922.1657800562,"total_built_mass_tons":645781.943220031,"city_id":4424,"country_iso":"TUR"},{"h3index":"872da88a5ffffff","population_2015":1682.7874704772,"total_built_mass_tons":470458.8857004924,"city_id":4424,"country_iso":"TUR"},{"h3index":"872da88a6ffffff","population_2015":286.8860789953,"total_built_mass_tons":78876.2198887103,"city_id":4424,"country_iso":"TUR"},{"h3index":"872da8980ffffff","population_2015":16647.8324280458,"total_built_mass_tons":933156.9239905998,"city_id":4424,"country_iso":"TUR"},{"h3index":"872da8981ffffff","population_2015":43708.0592885709,"total_built_mass_tons":3899532.6044469746,"city_id":4424,"country_iso":"TUR"},{"h3index":"872da8983ffffff","population_2015":46340.038929195,"total_built_mass_tons":2477631.4785328545,"city_id":4424,"country_iso":"TUR"},{"h3index":"872da8985ffffff","population_2015":20331.3874408198,"total_built_mass_tons":1218590.9475264042,"city_id":4424,"country_iso":"TUR"},{"h3index":"872da8988ffffff","population_2015":116583.6536673004,"total_built_mass_tons":6689161.5889699897,"city_id":4424,"country_iso":"TUR"},{"h3index":"872da8989ffffff","population_2015":47655.8291661954,"total_built_mass_tons":5940982.8471614905,"city_id":4424,"country_iso":"TUR"},{"h3index":"872da898affffff","population_2015":4445.4821091558,"total_built_mass_tons":959098.9645348956,"city_id":4424,"country_iso":"TUR"},{"h3index":"872da898bffffff","population_2015":83767.269361653,"total_built_mass_tons":5227578.4425319843,"city_id":4424,"country_iso":"TUR"},{"h3index":"872da898cffffff","population_2015":41538.8993322036,"total_built_mass_tons":6895530.5473533347,"city_id":4424,"country_iso":"TUR"},{"h3index":"872da898dffffff","population_2015":50906.6440596038,"total_built_mass_tons":7088917.875139324,"city_id":4424,"country_iso":"TUR"},{"h3index":"872da898effffff","population_2015":15595.5150002797,"total_built_mass_tons":1745320.9075623697,"city_id":4424,"country_iso":"TUR"},{"h3index":"872da8998ffffff","population_2015":3000.6367573233,"total_built_mass_tons":454320.7700227949,"city_id":4424,"country_iso":"TUR"},{"h3index":"872da8999ffffff","population_2015":511.7963030684,"total_built_mass_tons":494473.2617006247,"city_id":4424,"country_iso":"TUR"},{"h3index":"872da899bffffff","population_2015":18.075909737,"total_built_mass_tons":11541.3137173744,"city_id":4424,"country_iso":"TUR"},{"h3index":"872da899dffffff","population_2015":14653.94756923,"total_built_mass_tons":1447408.1452322495,"city_id":4424,"country_iso":"TUR"},{"h3index":"872da89a8ffffff","population_2015":5409.2590125813,"total_built_mass_tons":1149542.6895464745,"city_id":4424,"country_iso":"TUR"},{"h3index":"872da89a9ffffff","population_2015":12340.8118334583,"total_built_mass_tons":2282741.0338887782,"city_id":4424,"country_iso":"TUR"},{"h3index":"872da89aaffffff","population_2015":13833.1851300931,"total_built_mass_tons":2319944.458358645,"city_id":4424,"country_iso":"TUR"},{"h3index":"872da89abffffff","population_2015":28663.6924806183,"total_built_mass_tons":4915113.7692775158,"city_id":4424,"country_iso":"TUR"},{"h3index":"872da89aeffffff","population_2015":278.373377901,"total_built_mass_tons":48993.4195455422,"city_id":4424,"country_iso":"TUR"}]