[{"h3index":"873cc20d0ffffff","population_2015":137.5255298615,"total_built_mass_tons":63148.7554211746,"city_id":10064,"country_iso":"BGD"},{"h3index":"873cc20d2ffffff","population_2015":11.7610425949,"total_built_mass_tons":80298.0535749207,"city_id":10064,"country_iso":"BGD"},{"h3index":"873cc20d3ffffff","population_2015":221.1848667893,"total_built_mass_tons":73349.2212916836,"city_id":10064,"country_iso":"BGD"},{"h3index":"873cc20d4ffffff","population_2015":57.4750303231,"total_built_mass_tons":16936.8946585725,"city_id":10064,"country_iso":"BGD"},{"h3index":"873cc2728ffffff","population_2015":0.7612240286,"total_built_mass_tons":32190.4926786296,"city_id":10064,"country_iso":"BGD"},{"h3index":"873cc2729ffffff","population_2015":84.7953529358,"total_built_mass_tons":39833.9879392428,"city_id":10064,"country_iso":"BGD"},{"h3index":"873cc272cffffff","population_2015":845.5109298257,"total_built_mass_tons":181965.6671715901,"city_id":10064,"country_iso":"BGD"},{"h3index":"873cc272effffff","population_2015":38.4862558178,"total_built_mass_tons":8156.3625011225,"city_id":10064,"country_iso":"BGD"}]