[{"h3index":"874041300ffffff","population_2015":5784.0707258505,"total_built_mass_tons":1420520.521384601,"city_id":10234,"country_iso":"CHN"},{"h3index":"874041301ffffff","population_2015":4333.0084006899,"total_built_mass_tons":1298530.3581373529,"city_id":10234,"country_iso":"CHN"},{"h3index":"874041302ffffff","population_2015":4335.8997899598,"total_built_mass_tons":990163.4389921706,"city_id":10234,"country_iso":"CHN"},{"h3index":"874041303ffffff","population_2015":6865.8955399971,"total_built_mass_tons":1604687.9751593459,"city_id":10234,"country_iso":"CHN"},{"h3index":"874041304ffffff","population_2015":231.4138762371,"total_built_mass_tons":104013.307113489,"city_id":10234,"country_iso":"CHN"},{"h3index":"874041305ffffff","population_2015":1527.9766011304,"total_built_mass_tons":887096.8655075764,"city_id":10234,"country_iso":"CHN"},{"h3index":"874041308ffffff","population_2015":75.0683775733,"total_built_mass_tons":50641.43049019,"city_id":10234,"country_iso":"CHN"},{"h3index":"87404130affffff","population_2015":5529.5892586054,"total_built_mass_tons":596565.2117724793,"city_id":10234,"country_iso":"CHN"},{"h3index":"87404130cffffff","population_2015":1347.151286372,"total_built_mass_tons":716049.8537628201,"city_id":10234,"country_iso":"CHN"},{"h3index":"87404130effffff","population_2015":12658.7841381886,"total_built_mass_tons":2472826.0200749449,"city_id":10234,"country_iso":"CHN"},{"h3index":"874041310ffffff","population_2015":47.8052542902,"total_built_mass_tons":94525.7140465029,"city_id":10234,"country_iso":"CHN"},{"h3index":"874041311ffffff","population_2015":3886.0458197397,"total_built_mass_tons":1015915.0560693572,"city_id":10234,"country_iso":"CHN"},{"h3index":"874041313ffffff","population_2015":3188.9272455627,"total_built_mass_tons":1318718.4715421221,"city_id":10234,"country_iso":"CHN"},{"h3index":"874041318ffffff","population_2015":35109.3274852229,"total_built_mass_tons":6501912.7854391346,"city_id":10234,"country_iso":"CHN"},{"h3index":"874041319ffffff","population_2015":4220.1680645737,"total_built_mass_tons":808172.5099793691,"city_id":10234,"country_iso":"CHN"},{"h3index":"87404131affffff","population_2015":10171.2692624083,"total_built_mass_tons":2767324.7226955956,"city_id":10234,"country_iso":"CHN"},{"h3index":"87404131bffffff","population_2015":3322.7794751747,"total_built_mass_tons":808065.0510875736,"city_id":10234,"country_iso":"CHN"},{"h3index":"87404131cffffff","population_2015":22888.4215544832,"total_built_mass_tons":3220288.4348173672,"city_id":10234,"country_iso":"CHN"},{"h3index":"87404131dffffff","population_2015":43100.25458012,"total_built_mass_tons":8410993.2530318964,"city_id":10234,"country_iso":"CHN"},{"h3index":"87404131effffff","population_2015":12656.8356135107,"total_built_mass_tons":2847866.8217075882,"city_id":10234,"country_iso":"CHN"},{"h3index":"87404132affffff","population_2015":485.503441345,"total_built_mass_tons":279424.2133600796,"city_id":10234,"country_iso":"CHN"},{"h3index":"874041381ffffff","population_2015":2746.1201137917,"total_built_mass_tons":1047256.1646028494,"city_id":10234,"country_iso":"CHN"},{"h3index":"874041385ffffff","population_2015":327.1476500885,"total_built_mass_tons":257015.1706541747,"city_id":10234,"country_iso":"CHN"},{"h3index":"87404138cffffff","population_2015":640.2952816365,"total_built_mass_tons":415848.6800047838,"city_id":10234,"country_iso":"CHN"},{"h3index":"87404138effffff","population_2015":182.4822072646,"total_built_mass_tons":27910.1382613802,"city_id":10234,"country_iso":"CHN"},{"h3index":"8740413a1ffffff","population_2015":49.1193340563,"total_built_mass_tons":21268.0908047406,"city_id":10234,"country_iso":"CHN"},{"h3index":"8740413a8ffffff","population_2015":14986.3362770941,"total_built_mass_tons":1982482.3691196835,"city_id":10234,"country_iso":"CHN"},{"h3index":"8740413a9ffffff","population_2015":513.3742737807,"total_built_mass_tons":416081.4638390774,"city_id":10234,"country_iso":"CHN"},{"h3index":"8740413aaffffff","population_2015":2181.5458257488,"total_built_mass_tons":889813.9374905016,"city_id":10234,"country_iso":"CHN"},{"h3index":"8740413abffffff","population_2015":351.3958310314,"total_built_mass_tons":263827.3361189165,"city_id":10234,"country_iso":"CHN"},{"h3index":"8740413acffffff","population_2015":6923.3866986705,"total_built_mass_tons":1060855.451314037,"city_id":10234,"country_iso":"CHN"},{"h3index":"8740413adffffff","population_2015":3430.0660846879,"total_built_mass_tons":1538126.273492163,"city_id":10234,"country_iso":"CHN"},{"h3index":"8740413aeffffff","population_2015":3566.9194500848,"total_built_mass_tons":926860.9238520656,"city_id":10234,"country_iso":"CHN"}]