[{"h3index": "872a33a10ffffff", "population_2015": 444.73154676392966, "total_built_mass_tons": 452178.2958308442, "city_id": 1016, "country_iso": "USA"}, {"h3index": "872a33a11ffffff", "population_2015": 28.82709959686971, "total_built_mass_tons": 56170.68036314551, "city_id": 1016, "country_iso": "USA"}, {"h3index": "872a33a12ffffff", "population_2015": 16927.114837655157, "total_built_mass_tons": 4560757.760590758, "city_id": 1016, "country_iso": "USA"}, {"h3index": "872a33a13ffffff", "population_2015": 1925.8938968369991, "total_built_mass_tons": 1098809.253994617, "city_id": 1016, "country_iso": "USA"}, {"h3index": "872a33a16ffffff", "population_2015": 4244.096538918555, "total_built_mass_tons": 2154791.330724125, "city_id": 1016, "country_iso": "USA"}, {"h3index": "872a33aa0ffffff", "population_2015": 710.8183751004584, "total_built_mass_tons": 1546968.686623369, "city_id": 1016, "country_iso": "USA"}, {"h3index": "872a33aa1ffffff", "population_2015": 17670.15771243766, "total_built_mass_tons": 3864027.598700935, "city_id": 1016, "country_iso": "USA"}, {"h3index": "872a33aa2ffffff", "population_2015": 368.6579642967266, "total_built_mass_tons": 333179.79062920006, "city_id": 1016, "country_iso": "USA"}, {"h3index": "872a33aa4ffffff", "population_2015": 3205.335358110829, "total_built_mass_tons": 2248791.467963546, "city_id": 1016, "country_iso": "USA"}, {"h3index": "872a33aa5ffffff", "population_2015": 9924.306081774232, "total_built_mass_tons": 2874119.9560626526, "city_id": 1016, "country_iso": "USA"}, {"h3index": "872a33aa6ffffff", "population_2015": 2583.3434582107207, "total_built_mass_tons": 1512787.9980891235, "city_id": 1016, "country_iso": "USA"}, {"h3index": "872a33aa8ffffff", "population_2015": 437.16048731178626, "total_built_mass_tons": 242673.58949422935, "city_id": 1016, "country_iso": "USA"}, {"h3index": "872a33aaaffffff", "population_2015": 148.99359688291364, "total_built_mass_tons": 90949.18498609537, "city_id": 1016, "country_iso": "USA"}, {"h3index": "872a33aacffffff", "population_2015": 8437.8074289184, "total_built_mass_tons": 3308924.4737819694, "city_id": 1016, "country_iso": "USA"}, {"h3index": "872a33aadffffff", "population_2015": 1048.92871791884, "total_built_mass_tons": 639015.6483367808, "city_id": 1016, "country_iso": "USA"}, {"h3index": "872a33aaeffffff", "population_2015": 6392.381644943997, "total_built_mass_tons": 2366229.0589280985, "city_id": 1016, "country_iso": "USA"}, {"h3index": "872a33ab5ffffff", "population_2015": 93.9609926261154, "total_built_mass_tons": 171060.14542494348, "city_id": 1016, "country_iso": "USA"}, {"h3index": "872a33b81ffffff", "population_2015": 623.6092651079681, "total_built_mass_tons": 409163.92370640894, "city_id": 1016, "country_iso": "USA"}, {"h3index": "872a33b83ffffff", "population_2015": 28.51580475358402, "total_built_mass_tons": 21277.786150665645, "city_id": 1016, "country_iso": "USA"}, {"h3index": "872a33b88ffffff", "population_2015": 2044.6536384974925, "total_built_mass_tons": 1922852.280132902, "city_id": 1016, "country_iso": "USA"}, {"h3index": "872a33b89ffffff", "population_2015": 80.54715831490124, "total_built_mass_tons": 204959.6188948186, "city_id": 1016, "country_iso": "USA"}, {"h3index": "872a33b8affffff", "population_2015": 1879.2654386520387, "total_built_mass_tons": 1124441.725558194, "city_id": 1016, "country_iso": "USA"}, {"h3index": "872a33b8bffffff", "population_2015": 5314.572786224822, "total_built_mass_tons": 2380195.51722206, "city_id": 1016, "country_iso": "USA"}, {"h3index": "872a33b8cffffff", "population_2015": 1140.6018023851807, "total_built_mass_tons": 533437.0650892116, "city_id": 1016, "country_iso": "USA"}, {"h3index": "872a33b8effffff", "population_2015": 4304.130867387501, "total_built_mass_tons": 2227899.64948211, "city_id": 1016, "country_iso": "USA"}, {"h3index": "872a33b99ffffff", "population_2015": 52.013204247343765, "total_built_mass_tons": 39591.732204988555, "city_id": 1016, "country_iso": "USA"}, {"h3index": "872a33b9bffffff", "population_2015": 14.42482660330978, "total_built_mass_tons": 20166.340385571657, "city_id": 1016, "country_iso": "USA"}, {"h3index": "872a33b9dffffff", "population_2015": 29.73298564740256, "total_built_mass_tons": 34994.48004896907, "city_id": 1016, "country_iso": "USA"}]