[{"h3index":"8731b1000ffffff","population_2015":18929.408272833,"total_built_mass_tons":6906873.22642003,"city_id":10398,"country_iso":"CHN"},{"h3index":"8731b1001ffffff","population_2015":20538.5860523673,"total_built_mass_tons":8497697.5149490442,"city_id":10398,"country_iso":"CHN"},{"h3index":"8731b1002ffffff","population_2015":23889.6411061717,"total_built_mass_tons":8271712.2779259123,"city_id":10398,"country_iso":"CHN"},{"h3index":"8731b1003ffffff","population_2015":15070.8314386929,"total_built_mass_tons":7169578.4600344431,"city_id":10398,"country_iso":"CHN"},{"h3index":"8731b1004ffffff","population_2015":4099.2849927411,"total_built_mass_tons":2271855.5648564263,"city_id":10398,"country_iso":"CHN"},{"h3index":"8731b1005ffffff","population_2015":19772.8639765047,"total_built_mass_tons":7739212.6200620253,"city_id":10398,"country_iso":"CHN"},{"h3index":"8731b1006ffffff","population_2015":17608.2044017932,"total_built_mass_tons":3811374.3288139282,"city_id":10398,"country_iso":"CHN"},{"h3index":"8731b1008ffffff","population_2015":13025.5627057898,"total_built_mass_tons":4566432.2049746681,"city_id":10398,"country_iso":"CHN"},{"h3index":"8731b1009ffffff","population_2015":5515.4941743019,"total_built_mass_tons":2087495.7029645503,"city_id":10398,"country_iso":"CHN"},{"h3index":"8731b100affffff","population_2015":4661.6731759632,"total_built_mass_tons":3726018.3736089338,"city_id":10398,"country_iso":"CHN"},{"h3index":"8731b100bffffff","population_2015":6586.8564856927,"total_built_mass_tons":3998161.9410699271,"city_id":10398,"country_iso":"CHN"},{"h3index":"8731b100cffffff","population_2015":6888.5144842335,"total_built_mass_tons":3079955.720898266,"city_id":10398,"country_iso":"CHN"},{"h3index":"8731b100dffffff","population_2015":6727.0696924298,"total_built_mass_tons":2473752.0954633611,"city_id":10398,"country_iso":"CHN"},{"h3index":"8731b100effffff","population_2015":12324.6613568044,"total_built_mass_tons":5908372.0866544172,"city_id":10398,"country_iso":"CHN"},{"h3index":"8731b1010ffffff","population_2015":19827.2074001855,"total_built_mass_tons":3954251.318193357,"city_id":10398,"country_iso":"CHN"},{"h3index":"8731b1011ffffff","population_2015":28122.9279994254,"total_built_mass_tons":6886935.8487463761,"city_id":10398,"country_iso":"CHN"},{"h3index":"8731b1012ffffff","population_2015":7044.2646716155,"total_built_mass_tons":4189575.0098212198,"city_id":10398,"country_iso":"CHN"},{"h3index":"8731b1013ffffff","population_2015":16352.5036152756,"total_built_mass_tons":3885545.3289315859,"city_id":10398,"country_iso":"CHN"},{"h3index":"8731b1014ffffff","population_2015":16830.4092661652,"total_built_mass_tons":2950901.3039861331,"city_id":10398,"country_iso":"CHN"},{"h3index":"8731b1015ffffff","population_2015":32323.4324791805,"total_built_mass_tons":3264326.8324585301,"city_id":10398,"country_iso":"CHN"},{"h3index":"8731b1016ffffff","population_2015":27955.5226091441,"total_built_mass_tons":2624075.2692060508,"city_id":10398,"country_iso":"CHN"},{"h3index":"8731b1018ffffff","population_2015":9121.7013334368,"total_built_mass_tons":6831596.8307877481,"city_id":10398,"country_iso":"CHN"},{"h3index":"8731b1019ffffff","population_2015":19599.0941729924,"total_built_mass_tons":5923062.1854006238,"city_id":10398,"country_iso":"CHN"},{"h3index":"8731b101affffff","population_2015":23546.0108826432,"total_built_mass_tons":3092909.3927568765,"city_id":10398,"country_iso":"CHN"},{"h3index":"8731b101bffffff","population_2015":40976.3985849558,"total_built_mass_tons":6825677.5628045984,"city_id":10398,"country_iso":"CHN"},{"h3index":"8731b101cffffff","population_2015":18994.94685973,"total_built_mass_tons":10306276.0627507102,"city_id":10398,"country_iso":"CHN"},{"h3index":"8731b101dffffff","population_2015":12315.2191199209,"total_built_mass_tons":9473553.6520700473,"city_id":10398,"country_iso":"CHN"},{"h3index":"8731b101effffff","population_2015":17380.5017101138,"total_built_mass_tons":6677670.4232403133,"city_id":10398,"country_iso":"CHN"},{"h3index":"8731b1021ffffff","population_2015":9065.3486490493,"total_built_mass_tons":974597.6475233772,"city_id":10398,"country_iso":"CHN"},{"h3index":"8731b1022ffffff","population_2015":1854.674983263,"total_built_mass_tons":101051.2953376568,"city_id":10398,"country_iso":"CHN"},{"h3index":"8731b1023ffffff","population_2015":19444.5730601068,"total_built_mass_tons":2111725.7647338649,"city_id":10398,"country_iso":"CHN"},{"h3index":"8731b1028ffffff","population_2015":33.7926576521,"total_built_mass_tons":27467.1983948631,"city_id":10398,"country_iso":"CHN"},{"h3index":"8731b102affffff","population_2015":2635.7882650978,"total_built_mass_tons":1556529.9070042055,"city_id":10398,"country_iso":"CHN"},{"h3index":"8731b102bffffff","population_2015":1231.9338929176,"total_built_mass_tons":608764.5780770709,"city_id":10398,"country_iso":"CHN"},{"h3index":"8731b102cffffff","population_2015":223.983976309,"total_built_mass_tons":187727.304289543,"city_id":10398,"country_iso":"CHN"},{"h3index":"8731b102effffff","population_2015":25656.804737998,"total_built_mass_tons":2778172.4092165921,"city_id":10398,"country_iso":"CHN"},{"h3index":"8731b1031ffffff","population_2015":0.0227286432,"total_built_mass_tons":119.9025490636,"city_id":10398,"country_iso":"CHN"},{"h3index":"8731b1032ffffff","population_2015":225.0880456663,"total_built_mass_tons":23478.3965879411,"city_id":10398,"country_iso":"CHN"},{"h3index":"8731b1033ffffff","population_2015":1175.9520002141,"total_built_mass_tons":369550.3255722925,"city_id":10398,"country_iso":"CHN"},{"h3index":"8731b1056ffffff","population_2015":930.1414374725,"total_built_mass_tons":440005.6377379231,"city_id":10398,"country_iso":"CHN"},{"h3index":"8731b1070ffffff","population_2015":380.8493133323,"total_built_mass_tons":577196.1031289255,"city_id":10398,"country_iso":"CHN"},{"h3index":"8731b1071ffffff","population_2015":10.119722572,"total_built_mass_tons":13121.1737546635,"city_id":10398,"country_iso":"CHN"},{"h3index":"8731b1072ffffff","population_2015":2160.6303704715,"total_built_mass_tons":1028356.320901998,"city_id":10398,"country_iso":"CHN"},{"h3index":"8731b1073ffffff","population_2015":8.5311242104,"total_built_mass_tons":37148.8018129613,"city_id":10398,"country_iso":"CHN"},{"h3index":"8731b1076ffffff","population_2015":0.2680284818,"total_built_mass_tons":1370.3729381837,"city_id":10398,"country_iso":"CHN"},{"h3index":"8731b1081ffffff","population_2015":61.7554144018,"total_built_mass_tons":34764.3665461166,"city_id":10398,"country_iso":"CHN"},{"h3index":"8731b1084ffffff","population_2015":2223.5254405251,"total_built_mass_tons":1653888.5105151299,"city_id":10398,"country_iso":"CHN"},{"h3index":"8731b1085ffffff","population_2015":1848.7215880149,"total_built_mass_tons":663660.882825769,"city_id":10398,"country_iso":"CHN"},{"h3index":"8731b1086ffffff","population_2015":223.2983111793,"total_built_mass_tons":208531.6104723285,"city_id":10398,"country_iso":"CHN"},{"h3index":"8731b10a0ffffff","population_2015":95481.3828299392,"total_built_mass_tons":8447941.6867818385,"city_id":10398,"country_iso":"CHN"},{"h3index":"8731b10a1ffffff","population_2015":10033.3995682324,"total_built_mass_tons":1556825.6118837618,"city_id":10398,"country_iso":"CHN"},{"h3index":"8731b10a2ffffff","population_2015":5850.8209351357,"total_built_mass_tons":4097129.3190071974,"city_id":10398,"country_iso":"CHN"},{"h3index":"8731b10a3ffffff","population_2015":24557.4507017147,"total_built_mass_tons":2875555.4642900089,"city_id":10398,"country_iso":"CHN"},{"h3index":"8731b10a4ffffff","population_2015":10702.2142266984,"total_built_mass_tons":1997671.5415322268,"city_id":10398,"country_iso":"CHN"},{"h3index":"8731b10a5ffffff","population_2015":28417.4194127335,"total_built_mass_tons":3702783.0654314752,"city_id":10398,"country_iso":"CHN"},{"h3index":"8731b10a6ffffff","population_2015":3166.3562568197,"total_built_mass_tons":4621505.982796818,"city_id":10398,"country_iso":"CHN"},{"h3index":"8731b10a8ffffff","population_2015":30066.698604795,"total_built_mass_tons":6005060.5156672373,"city_id":10398,"country_iso":"CHN"},{"h3index":"8731b10a9ffffff","population_2015":25414.0108346635,"total_built_mass_tons":1819952.7177935848,"city_id":10398,"country_iso":"CHN"},{"h3index":"8731b10aaffffff","population_2015":40704.2264641921,"total_built_mass_tons":4976340.8395124003,"city_id":10398,"country_iso":"CHN"},{"h3index":"8731b10abffffff","population_2015":932.1725270743,"total_built_mass_tons":1046315.079354263,"city_id":10398,"country_iso":"CHN"},{"h3index":"8731b10acffffff","population_2015":7262.000435249,"total_built_mass_tons":3584308.748048461,"city_id":10398,"country_iso":"CHN"},{"h3index":"8731b10adffffff","population_2015":26984.9533102559,"total_built_mass_tons":3126927.0552229909,"city_id":10398,"country_iso":"CHN"},{"h3index":"8731b10aeffffff","population_2015":47343.4723134452,"total_built_mass_tons":6387121.1794350436,"city_id":10398,"country_iso":"CHN"},{"h3index":"8731b10b0ffffff","population_2015":2817.7518111304,"total_built_mass_tons":1294166.4456320936,"city_id":10398,"country_iso":"CHN"},{"h3index":"8731b10b1ffffff","population_2015":6100.139426165,"total_built_mass_tons":5271201.8353947066,"city_id":10398,"country_iso":"CHN"},{"h3index":"8731b10b2ffffff","population_2015":361.6000018195,"total_built_mass_tons":1150231.5546410149,"city_id":10398,"country_iso":"CHN"},{"h3index":"8731b10b3ffffff","population_2015":663.0953885887,"total_built_mass_tons":414022.9785520894,"city_id":10398,"country_iso":"CHN"},{"h3index":"8731b10b5ffffff","population_2015":8711.2005020544,"total_built_mass_tons":2402799.5109452344,"city_id":10398,"country_iso":"CHN"},{"h3index":"8731b10e2ffffff","population_2015":2714.9211856103,"total_built_mass_tons":377873.4962085017,"city_id":10398,"country_iso":"CHN"},{"h3index":"8731b10e4ffffff","population_2015":2648.2312883398,"total_built_mass_tons":2312949.4324519476,"city_id":10398,"country_iso":"CHN"},{"h3index":"8731b10e5ffffff","population_2015":967.4013094664,"total_built_mass_tons":647760.9852151149,"city_id":10398,"country_iso":"CHN"},{"h3index":"8731b10e6ffffff","population_2015":5879.4526624965,"total_built_mass_tons":1021450.1502377032,"city_id":10398,"country_iso":"CHN"},{"h3index":"8731b10f0ffffff","population_2015":3474.9119554379,"total_built_mass_tons":644610.2611476413,"city_id":10398,"country_iso":"CHN"},{"h3index":"8731b10f1ffffff","population_2015":0.9828179453,"total_built_mass_tons":12976.6007894512,"city_id":10398,"country_iso":"CHN"},{"h3index":"8731b10f4ffffff","population_2015":56594.1291398006,"total_built_mass_tons":1602207.4306013822,"city_id":10398,"country_iso":"CHN"},{"h3index":"8731b10f5ffffff","population_2015":55293.8548417241,"total_built_mass_tons":2944666.746905162,"city_id":10398,"country_iso":"CHN"},{"h3index":"8731b10f6ffffff","population_2015":435.0662366881,"total_built_mass_tons":193524.6679470605,"city_id":10398,"country_iso":"CHN"},{"h3index":"8731b118bffffff","population_2015":28.1026981877,"total_built_mass_tons":10461.6151351723,"city_id":10398,"country_iso":"CHN"}]