[{"h3index": "876518449ffffff", "population_2015": 1594.2541307486738, "total_built_mass_tons": 396096.1993241297, "city_id": 10952, "country_iso": "THA"}, {"h3index": "876518700ffffff", "population_2015": 2085.6270805807685, "total_built_mass_tons": 414118.0599238289, "city_id": 10952, "country_iso": "THA"}, {"h3index": "876518702ffffff", "population_2015": 6782.615161078585, "total_built_mass_tons": 1276794.2429407423, "city_id": 10952, "country_iso": "THA"}, {"h3index": "876518703ffffff", "population_2015": 8.70641627966189, "total_built_mass_tons": 6417.907362209973, "city_id": 10952, "country_iso": "THA"}, {"h3index": "876518705ffffff", "population_2015": 167.6236875103969, "total_built_mass_tons": 59444.66597244612, "city_id": 10952, "country_iso": "THA"}, {"h3index": "876518710ffffff", "population_2015": 12176.791000960851, "total_built_mass_tons": 2085952.4868800887, "city_id": 10952, "country_iso": "THA"}, {"h3index": "876518711ffffff", "population_2015": 2385.575921817854, "total_built_mass_tons": 777223.1833651987, "city_id": 10952, "country_iso": "THA"}, {"h3index": "876518712ffffff", "population_2015": 11549.682837598466, "total_built_mass_tons": 1671402.014340373, "city_id": 10952, "country_iso": "THA"}, {"h3index": "876518713ffffff", "population_2015": 12319.455740633191, "total_built_mass_tons": 1375985.4657947924, "city_id": 10952, "country_iso": "THA"}, {"h3index": "876518714ffffff", "population_2015": 4040.433508671032, "total_built_mass_tons": 730915.9056628658, "city_id": 10952, "country_iso": "THA"}, {"h3index": "876518715ffffff", "population_2015": 2330.2425061562485, "total_built_mass_tons": 344600.10635467316, "city_id": 10952, "country_iso": "THA"}, {"h3index": "876518716ffffff", "population_2015": 2155.4027470252095, "total_built_mass_tons": 539322.2694397584, "city_id": 10952, "country_iso": "THA"}, {"h3index": "87651871cffffff", "population_2015": 1803.6609459390825, "total_built_mass_tons": 383535.72145886056, "city_id": 10952, "country_iso": "THA"}, {"h3index": "876518732ffffff", "population_2015": 5.040904007705988, "total_built_mass_tons": 2781.7692317546566, "city_id": 10952, "country_iso": "THA"}, {"h3index": "8765187a8ffffff", "population_2015": 3144.735055841184, "total_built_mass_tons": 493429.9784313853, "city_id": 10952, "country_iso": "THA"}, {"h3index": "8765187acffffff", "population_2015": 24234.36370443831, "total_built_mass_tons": 3167867.3982280134, "city_id": 10952, "country_iso": "THA"}, {"h3index": "8765187adffffff", "population_2015": 1053.2075243426302, "total_built_mass_tons": 386525.1734495377, "city_id": 10952, "country_iso": "THA"}, {"h3index": "8765187aeffffff", "population_2015": 36.13471217435949, "total_built_mass_tons": 10225.887837544273, "city_id": 10952, "country_iso": "THA"}]