[{"h3index":"872aae44bffffff","population_2015":8.1285465053,"total_built_mass_tons":5600.0875726062,"city_id":862,"country_iso":"USA"},{"h3index":"872aae634ffffff","population_2015":263.9279158847,"total_built_mass_tons":720388.2048873508,"city_id":862,"country_iso":"USA"},{"h3index":"872aae636ffffff","population_2015":209.9548264179,"total_built_mass_tons":208557.3189450178,"city_id":862,"country_iso":"USA"},{"h3index":"872aae70affffff","population_2015":0.1939967043,"total_built_mass_tons":1875.1116726779,"city_id":862,"country_iso":"USA"},{"h3index":"872aae710ffffff","population_2015":1311.2146252397,"total_built_mass_tons":1137726.7219511922,"city_id":862,"country_iso":"USA"},{"h3index":"872aae711ffffff","population_2015":4017.292265987,"total_built_mass_tons":1584787.557436768,"city_id":862,"country_iso":"USA"},{"h3index":"872aae712ffffff","population_2015":41.4567866028,"total_built_mass_tons":92073.1058582771,"city_id":862,"country_iso":"USA"},{"h3index":"872aae713ffffff","population_2015":6720.9064666679,"total_built_mass_tons":2215272.784369634,"city_id":862,"country_iso":"USA"},{"h3index":"872aae714ffffff","population_2015":330.6478347716,"total_built_mass_tons":176264.3836853358,"city_id":862,"country_iso":"USA"},{"h3index":"872aae715ffffff","population_2015":389.1149612156,"total_built_mass_tons":255826.3433348724,"city_id":862,"country_iso":"USA"},{"h3index":"872aae716ffffff","population_2015":1016.1472622372,"total_built_mass_tons":720599.4627500428,"city_id":862,"country_iso":"USA"},{"h3index":"872aae718ffffff","population_2015":2035.3145828188,"total_built_mass_tons":1675899.3195635185,"city_id":862,"country_iso":"USA"},{"h3index":"872aae719ffffff","population_2015":353.7634892226,"total_built_mass_tons":260580.5564728103,"city_id":862,"country_iso":"USA"},{"h3index":"872aae71affffff","population_2015":4411.7760629953,"total_built_mass_tons":2399181.8989509987,"city_id":862,"country_iso":"USA"},{"h3index":"872aae71bffffff","population_2015":59.1229153309,"total_built_mass_tons":242112.7613102949,"city_id":862,"country_iso":"USA"},{"h3index":"872aae71cffffff","population_2015":843.9008073579,"total_built_mass_tons":363560.1620526997,"city_id":862,"country_iso":"USA"},{"h3index":"872aae71dffffff","population_2015":601.441558505,"total_built_mass_tons":186905.9092736553,"city_id":862,"country_iso":"USA"},{"h3index":"872aae71effffff","population_2015":10800.4481804293,"total_built_mass_tons":3397659.3455981407,"city_id":862,"country_iso":"USA"},{"h3index":"872aae78cffffff","population_2015":22.7046610968,"total_built_mass_tons":183529.7638257361,"city_id":862,"country_iso":"USA"},{"h3index":"872aae7a8ffffff","population_2015":471.9864147064,"total_built_mass_tons":1338347.1798609679,"city_id":862,"country_iso":"USA"},{"h3index":"872aae7a9ffffff","population_2015":4692.673942649,"total_built_mass_tons":1904451.1686768199,"city_id":862,"country_iso":"USA"},{"h3index":"872aae7aaffffff","population_2015":28.6682529041,"total_built_mass_tons":901537.3415228388,"city_id":862,"country_iso":"USA"},{"h3index":"872aae7abffffff","population_2015":1014.7820858049,"total_built_mass_tons":1198957.6342538481,"city_id":862,"country_iso":"USA"},{"h3index":"872aae7acffffff","population_2015":90.8625558933,"total_built_mass_tons":614107.4894421274,"city_id":862,"country_iso":"USA"},{"h3index":"872aae7adffffff","population_2015":4178.7265266573,"total_built_mass_tons":1923694.0144698713,"city_id":862,"country_iso":"USA"}]