[{"h3index":"8740d3890ffffff","population_2015":0.9480312123,"total_built_mass_tons":3345.7734631759,"city_id":10193,"country_iso":"CHN"},{"h3index":"8740d3892ffffff","population_2015":5996.1500538732,"total_built_mass_tons":1077225.18482287,"city_id":10193,"country_iso":"CHN"},{"h3index":"8740d3894ffffff","population_2015":163.7268087733,"total_built_mass_tons":55930.6363964301,"city_id":10193,"country_iso":"CHN"},{"h3index":"8740d3896ffffff","population_2015":5170.8821481686,"total_built_mass_tons":1968740.6763841803,"city_id":10193,"country_iso":"CHN"},{"h3index":"8740d3c60ffffff","population_2015":684.4863621992,"total_built_mass_tons":467306.801069704,"city_id":10193,"country_iso":"CHN"},{"h3index":"8740d3c61ffffff","population_2015":2570.6571757504,"total_built_mass_tons":563213.5847173253,"city_id":10193,"country_iso":"CHN"},{"h3index":"8740d3c64ffffff","population_2015":776.5346909579,"total_built_mass_tons":379004.7752287574,"city_id":10193,"country_iso":"CHN"},{"h3index":"8740d3c65ffffff","population_2015":14254.2489646051,"total_built_mass_tons":4249027.6722928081,"city_id":10193,"country_iso":"CHN"},{"h3index":"8740d3d41ffffff","population_2015":0.0316275279,"total_built_mass_tons":729.0333235834,"city_id":10193,"country_iso":"CHN"},{"h3index":"8740d3d48ffffff","population_2015":2599.6752401894,"total_built_mass_tons":623595.3145126585,"city_id":10193,"country_iso":"CHN"},{"h3index":"8740d3d49ffffff","population_2015":2227.7103093012,"total_built_mass_tons":599741.711799108,"city_id":10193,"country_iso":"CHN"},{"h3index":"8740d3d4bffffff","population_2015":2547.0746922699,"total_built_mass_tons":1025113.2666295324,"city_id":10193,"country_iso":"CHN"},{"h3index":"8740d3d4cffffff","population_2015":4479.7752438601,"total_built_mass_tons":2305957.930030535,"city_id":10193,"country_iso":"CHN"},{"h3index":"8740d3d4dffffff","population_2015":3409.2513766401,"total_built_mass_tons":707482.7130516622,"city_id":10193,"country_iso":"CHN"},{"h3index":"8740d3d6affffff","population_2015":922.4077517949,"total_built_mass_tons":346307.4357415099,"city_id":10193,"country_iso":"CHN"},{"h3index":"8740d3d6bffffff","population_2015":2612.0368252305,"total_built_mass_tons":1042454.015816045,"city_id":10193,"country_iso":"CHN"}]