[{"h3index":"87648e4d9ffffff","population_2015":8.2061763735,"total_built_mass_tons":3045.2459529412,"city_id":10231,"country_iso":"MMR"},{"h3index":"87648e4daffffff","population_2015":8.9460337396,"total_built_mass_tons":12652.6744335097,"city_id":10231,"country_iso":"MMR"},{"h3index":"87648e4dbffffff","population_2015":2082.1389110079,"total_built_mass_tons":402973.9301568589,"city_id":10231,"country_iso":"MMR"},{"h3index":"87649db29ffffff","population_2015":2.2924311582,"total_built_mass_tons":2671.3046735679,"city_id":10231,"country_iso":"MMR"},{"h3index":"87649db2bffffff","population_2015":84.9148659538,"total_built_mass_tons":24519.9317719438,"city_id":10231,"country_iso":"MMR"},{"h3index":"87649db66ffffff","population_2015":49.2756868849,"total_built_mass_tons":6692.5746681528,"city_id":10231,"country_iso":"MMR"},{"h3index":"87649db70ffffff","population_2015":17266.2037563885,"total_built_mass_tons":2402505.2969216229,"city_id":10231,"country_iso":"MMR"},{"h3index":"87649db71ffffff","population_2015":195.815466404,"total_built_mass_tons":49519.2687015885,"city_id":10231,"country_iso":"MMR"},{"h3index":"87649db72ffffff","population_2015":278.2321587432,"total_built_mass_tons":55074.2804368767,"city_id":10231,"country_iso":"MMR"},{"h3index":"87649db73ffffff","population_2015":18.7565423554,"total_built_mass_tons":2616.6179220867,"city_id":10231,"country_iso":"MMR"},{"h3index":"87649db74ffffff","population_2015":6053.2929020994,"total_built_mass_tons":885960.6279086677,"city_id":10231,"country_iso":"MMR"},{"h3index":"87649db75ffffff","population_2015":176.7856323859,"total_built_mass_tons":37020.2462448896,"city_id":10231,"country_iso":"MMR"},{"h3index":"87649db76ffffff","population_2015":2385.7390987808,"total_built_mass_tons":475142.5792874297,"city_id":10231,"country_iso":"MMR"}]