[{"h3index":"8748a2321ffffff","population_2015":19441.1499049163,"total_built_mass_tons":742744.9213726472,"city_id":198,"country_iso":"MEX"},{"h3index":"8748a2328ffffff","population_2015":628.9803776423,"total_built_mass_tons":66022.5874912458,"city_id":198,"country_iso":"MEX"},{"h3index":"8748a232cffffff","population_2015":105245.1699357889,"total_built_mass_tons":2217053.9534893092,"city_id":198,"country_iso":"MEX"},{"h3index":"8748a232dffffff","population_2015":49991.4137065167,"total_built_mass_tons":1387201.378367505,"city_id":198,"country_iso":"MEX"},{"h3index":"8748a232effffff","population_2015":9271.2446272059,"total_built_mass_tons":516037.8049230455,"city_id":198,"country_iso":"MEX"},{"h3index":"8748a2ad2ffffff","population_2015":16832.1893234702,"total_built_mass_tons":626053.1912149928,"city_id":198,"country_iso":"MEX"},{"h3index":"8748a2ad3ffffff","population_2015":7207.6094756935,"total_built_mass_tons":245045.4223062513,"city_id":198,"country_iso":"MEX"},{"h3index":"8748a2adaffffff","population_2015":2899.476788169,"total_built_mass_tons":229430.6435799339,"city_id":198,"country_iso":"MEX"}]