[{"h3index": "87b2c5080ffffff", "population_2015": 39.49373360428156, "total_built_mass_tons": 12031.211231188718, "city_id": 931, "country_iso": "CHL"}, {"h3index": "87b2c5082ffffff", "population_2015": 4540.080374833649, "total_built_mass_tons": 549464.639336294, "city_id": 931, "country_iso": "CHL"}, {"h3index": "87b2c5084ffffff", "population_2015": 10438.62601841945, "total_built_mass_tons": 1859169.34238288, "city_id": 931, "country_iso": "CHL"}, {"h3index": "87b2c5086ffffff", "population_2015": 17550.377714748018, "total_built_mass_tons": 1492707.7997963969, "city_id": 931, "country_iso": "CHL"}, {"h3index": "87b2c5090ffffff", "population_2015": 20167.05629748177, "total_built_mass_tons": 2502383.1873354637, "city_id": 931, "country_iso": "CHL"}, {"h3index": "87b2c5091ffffff", "population_2015": 27183.45580266317, "total_built_mass_tons": 2833915.12541305, "city_id": 931, "country_iso": "CHL"}, {"h3index": "87b2c5092ffffff", "population_2015": 25768.815519056137, "total_built_mass_tons": 3095139.4708470237, "city_id": 931, "country_iso": "CHL"}, {"h3index": "87b2c5093ffffff", "population_2015": 27850.78502608655, "total_built_mass_tons": 2938043.968233743, "city_id": 931, "country_iso": "CHL"}, {"h3index": "87b2c5094ffffff", "population_2015": 12533.298055820838, "total_built_mass_tons": 3082433.6140750702, "city_id": 931, "country_iso": "CHL"}, {"h3index": "87b2c5095ffffff", "population_2015": 16297.928493948542, "total_built_mass_tons": 1661385.637232801, "city_id": 931, "country_iso": "CHL"}, {"h3index": "87b2c5096ffffff", "population_2015": 18209.85123629103, "total_built_mass_tons": 3319542.3579877135, "city_id": 931, "country_iso": "CHL"}, {"h3index": "87b2c5098ffffff", "population_2015": 7927.906019472609, "total_built_mass_tons": 573753.0278591502, "city_id": 931, "country_iso": "CHL"}, {"h3index": "87b2c5099ffffff", "population_2015": 503.2804052016313, "total_built_mass_tons": 42301.41053673043, "city_id": 931, "country_iso": "CHL"}, {"h3index": "87b2c509affffff", "population_2015": 28788.95461736941, "total_built_mass_tons": 2652640.612160867, "city_id": 931, "country_iso": "CHL"}, {"h3index": "87b2c509bffffff", "population_2015": 38431.51667782653, "total_built_mass_tons": 2936136.5667019533, "city_id": 931, "country_iso": "CHL"}, {"h3index": "87b2c509cffffff", "population_2015": 6663.929805112354, "total_built_mass_tons": 834468.5502213854, "city_id": 931, "country_iso": "CHL"}, {"h3index": "87b2c509effffff", "population_2015": 18934.639890034992, "total_built_mass_tons": 2335022.356388056, "city_id": 931, "country_iso": "CHL"}, {"h3index": "87b2c50a2ffffff", "population_2015": 3257.15926842783, "total_built_mass_tons": 1306742.2107970396, "city_id": 931, "country_iso": "CHL"}, {"h3index": "87b2c50a6ffffff", "population_2015": 1146.473958677404, "total_built_mass_tons": 762016.2160245688, "city_id": 931, "country_iso": "CHL"}, {"h3index": "87b2c50b0ffffff", "population_2015": 6750.062497501747, "total_built_mass_tons": 1684752.02291941, "city_id": 931, "country_iso": "CHL"}, {"h3index": "87b2c50b1ffffff", "population_2015": 15126.709824954762, "total_built_mass_tons": 2659445.905961065, "city_id": 931, "country_iso": "CHL"}, {"h3index": "87b2c50b2ffffff", "population_2015": 10143.42295737173, "total_built_mass_tons": 2521891.8708946183, "city_id": 931, "country_iso": "CHL"}, {"h3index": "87b2c50b3ffffff", "population_2015": 25097.256242669795, "total_built_mass_tons": 3081565.220910306, "city_id": 931, "country_iso": "CHL"}, {"h3index": "87b2c50b4ffffff", "population_2015": 785.1500863168754, "total_built_mass_tons": 1177610.8734174774, "city_id": 931, "country_iso": "CHL"}, {"h3index": "87b2c50b5ffffff", "population_2015": 2296.040504979151, "total_built_mass_tons": 791939.13878983, "city_id": 931, "country_iso": "CHL"}, {"h3index": "87b2c50b6ffffff", "population_2015": 3130.403044921277, "total_built_mass_tons": 2632363.168635787, "city_id": 931, "country_iso": "CHL"}, {"h3index": "87b2c5180ffffff", "population_2015": 806.4876765830844, "total_built_mass_tons": 978671.4235225718, "city_id": 931, "country_iso": "CHL"}, {"h3index": "87b2c5181ffffff", "population_2015": 239.37902383991317, "total_built_mass_tons": 332166.7864527264, "city_id": 931, "country_iso": "CHL"}, {"h3index": "87b2c5182ffffff", "population_2015": 23.882951886046165, "total_built_mass_tons": 377927.62072562193, "city_id": 931, "country_iso": "CHL"}, {"h3index": "87b2c5183ffffff", "population_2015": 508.5609776291193, "total_built_mass_tons": 450883.2670399166, "city_id": 931, "country_iso": "CHL"}, {"h3index": "87b2c5190ffffff", "population_2015": 34.635729868271774, "total_built_mass_tons": 28184.10649590755, "city_id": 931, "country_iso": "CHL"}, {"h3index": "87b2c5191ffffff", "population_2015": 677.7881060805976, "total_built_mass_tons": 800491.2834546922, "city_id": 931, "country_iso": "CHL"}, {"h3index": "87b2c5192ffffff", "population_2015": 339.14382832097067, "total_built_mass_tons": 132595.05847305543, "city_id": 931, "country_iso": "CHL"}, {"h3index": "87b2c5193ffffff", "population_2015": 571.1242533515483, "total_built_mass_tons": 882538.4233183479, "city_id": 931, "country_iso": "CHL"}, {"h3index": "87b2c5198ffffff", "population_2015": 750.7885100420783, "total_built_mass_tons": 679828.3010234698, "city_id": 931, "country_iso": "CHL"}, {"h3index": "87b2c5199ffffff", "population_2015": 770.442503379373, "total_built_mass_tons": 633191.4316637497, "city_id": 931, "country_iso": "CHL"}, {"h3index": "87b2c519affffff", "population_2015": 700.550724029541, "total_built_mass_tons": 1813639.4185785488, "city_id": 931, "country_iso": "CHL"}, {"h3index": "87b2c519bffffff", "population_2015": 1288.9190407696892, "total_built_mass_tons": 802967.63464348, "city_id": 931, "country_iso": "CHL"}, {"h3index": "87b2c519cffffff", "population_2015": 1791.4988173316506, "total_built_mass_tons": 828432.8784604088, "city_id": 931, "country_iso": "CHL"}, {"h3index": "87b2c519dffffff", "population_2015": 102.86696497599284, "total_built_mass_tons": 381682.60486349725, "city_id": 931, "country_iso": "CHL"}, {"h3index": "87b2c519effffff", "population_2015": 1126.6701121984745, "total_built_mass_tons": 1275968.2701462456, "city_id": 931, "country_iso": "CHL"}, {"h3index": "87b2c5401ffffff", "population_2015": 697.12107110117, "total_built_mass_tons": 53076.77208320335, "city_id": 931, "country_iso": "CHL"}, {"h3index": "87b2c5408ffffff", "population_2015": 20553.120300442555, "total_built_mass_tons": 1005576.6880844436, "city_id": 931, "country_iso": "CHL"}, {"h3index": "87b2c5409ffffff", "population_2015": 24145.807513367898, "total_built_mass_tons": 1744555.7123842249, "city_id": 931, "country_iso": "CHL"}, {"h3index": "87b2c540affffff", "population_2015": 527.3851366080489, "total_built_mass_tons": 249402.6789807979, "city_id": 931, "country_iso": "CHL"}, {"h3index": "87b2c540bffffff", "population_2015": 16452.88979228899, "total_built_mass_tons": 1576935.3849082224, "city_id": 931, "country_iso": "CHL"}, {"h3index": "87b2c540cffffff", "population_2015": 52380.4653430116, "total_built_mass_tons": 2481472.925187402, "city_id": 931, "country_iso": "CHL"}, {"h3index": "87b2c540dffffff", "population_2015": 53921.2477630017, "total_built_mass_tons": 3125275.9105803436, "city_id": 931, "country_iso": "CHL"}, {"h3index": "87b2c5419ffffff", "population_2015": 86.38260143878414, "total_built_mass_tons": 26779.193676180977, "city_id": 931, "country_iso": "CHL"}, {"h3index": "87b2c5421ffffff", "population_2015": 1082.1802063736263, "total_built_mass_tons": 294226.1466753311, "city_id": 931, "country_iso": "CHL"}, {"h3index": "87b2c5425ffffff", "population_2015": 1853.8318099227608, "total_built_mass_tons": 376466.2272203902, "city_id": 931, "country_iso": "CHL"}, {"h3index": "87b2c5428ffffff", "population_2015": 42855.865826027075, "total_built_mass_tons": 2931425.9120750665, "city_id": 931, "country_iso": "CHL"}, {"h3index": "87b2c5429ffffff", "population_2015": 49914.77676590565, "total_built_mass_tons": 2630701.651303474, "city_id": 931, "country_iso": "CHL"}, {"h3index": "87b2c542affffff", "population_2015": 25003.987867976164, "total_built_mass_tons": 1523287.231531792, "city_id": 931, "country_iso": "CHL"}, {"h3index": "87b2c542bffffff", "population_2015": 47906.26036613314, "total_built_mass_tons": 2669617.1224840726, "city_id": 931, "country_iso": "CHL"}, {"h3index": "87b2c542cffffff", "population_2015": 11117.83388224583, "total_built_mass_tons": 575326.2125432986, "city_id": 931, "country_iso": "CHL"}, {"h3index": "87b2c542dffffff", "population_2015": 62433.06059713923, "total_built_mass_tons": 2334906.271469692, "city_id": 931, "country_iso": "CHL"}, {"h3index": "87b2c542effffff", "population_2015": 151.2275530646829, "total_built_mass_tons": 28701.910287938044, "city_id": 931, "country_iso": "CHL"}, {"h3index": "87b2c5440ffffff", "population_2015": 19378.408148784263, "total_built_mass_tons": 1863568.6549677465, "city_id": 931, "country_iso": "CHL"}, {"h3index": "87b2c5441ffffff", "population_2015": 43079.6098838507, "total_built_mass_tons": 4338529.510073214, "city_id": 931, "country_iso": "CHL"}, {"h3index": "87b2c5442ffffff", "population_2015": 11112.069281933353, "total_built_mass_tons": 1649162.927122566, "city_id": 931, "country_iso": "CHL"}, {"h3index": "87b2c5443ffffff", "population_2015": 17879.54417567533, "total_built_mass_tons": 3216374.488948583, "city_id": 931, "country_iso": "CHL"}, {"h3index": "87b2c5444ffffff", "population_2015": 17092.377179837695, "total_built_mass_tons": 1935273.4206341857, "city_id": 931, "country_iso": "CHL"}, {"h3index": "87b2c5445ffffff", "population_2015": 45267.08466194004, "total_built_mass_tons": 3942018.9925396666, "city_id": 931, "country_iso": "CHL"}, {"h3index": "87b2c5446ffffff", "population_2015": 11511.187409644032, "total_built_mass_tons": 1858597.8933976209, "city_id": 931, "country_iso": "CHL"}, {"h3index": "87b2c5448ffffff", "population_2015": 384.92585072236903, "total_built_mass_tons": 237517.7272211279, "city_id": 931, "country_iso": "CHL"}, {"h3index": "87b2c5449ffffff", "population_2015": 16406.46976583892, "total_built_mass_tons": 976341.9899872362, "city_id": 931, "country_iso": "CHL"}, {"h3index": "87b2c544affffff", "population_2015": 327.3985377741795, "total_built_mass_tons": 170594.58260490512, "city_id": 931, "country_iso": "CHL"}, {"h3index": "87b2c544bffffff", "population_2015": 360.49731115453386, "total_built_mass_tons": 145508.5802732776, "city_id": 931, "country_iso": "CHL"}, {"h3index": "87b2c544cffffff", "population_2015": 16737.8951526193, "total_built_mass_tons": 1859021.209320392, "city_id": 931, "country_iso": "CHL"}, {"h3index": "87b2c544dffffff", "population_2015": 8745.361620959116, "total_built_mass_tons": 708664.7077837959, "city_id": 931, "country_iso": "CHL"}, {"h3index": "87b2c544effffff", "population_2015": 10547.751005778597, "total_built_mass_tons": 1868141.8972620529, "city_id": 931, "country_iso": "CHL"}, {"h3index": "87b2c5454ffffff", "population_2015": 455.6406485688452, "total_built_mass_tons": 139446.71441548358, "city_id": 931, "country_iso": "CHL"}, {"h3index": "87b2c5455ffffff", "population_2015": 1209.7046953089098, "total_built_mass_tons": 277695.36719053006, "city_id": 931, "country_iso": "CHL"}, {"h3index": "87b2c5456ffffff", "population_2015": 8349.956946272006, "total_built_mass_tons": 689678.7124527119, "city_id": 931, "country_iso": "CHL"}, {"h3index": "87b2c5458ffffff", "population_2015": 4212.871637793148, "total_built_mass_tons": 755729.1411727027, "city_id": 931, "country_iso": "CHL"}, {"h3index": "87b2c5459ffffff", "population_2015": 3230.738829661351, "total_built_mass_tons": 836739.1178930785, "city_id": 931, "country_iso": "CHL"}, {"h3index": "87b2c545bffffff", "population_2015": 2067.798335486767, "total_built_mass_tons": 489863.7787398253, "city_id": 931, "country_iso": "CHL"}, {"h3index": "87b2c545cffffff", "population_2015": 5864.81095499525, "total_built_mass_tons": 956914.5144221006, "city_id": 931, "country_iso": "CHL"}, {"h3index": "87b2c545dffffff", "population_2015": 9167.487735493976, "total_built_mass_tons": 2047293.5935623944, "city_id": 931, "country_iso": "CHL"}, {"h3index": "87b2c5460ffffff", "population_2015": 16368.963692594043, "total_built_mass_tons": 3707526.288470993, "city_id": 931, "country_iso": "CHL"}, {"h3index": "87b2c5461ffffff", "population_2015": 37876.09042326982, "total_built_mass_tons": 4505353.542158175, "city_id": 931, "country_iso": "CHL"}, {"h3index": "87b2c5462ffffff", "population_2015": 23623.26782468908, "total_built_mass_tons": 2372048.131524609, "city_id": 931, "country_iso": "CHL"}, {"h3index": "87b2c5463ffffff", "population_2015": 20354.984479328232, "total_built_mass_tons": 3625421.637686448, "city_id": 931, "country_iso": "CHL"}, {"h3index": "87b2c5464ffffff", "population_2015": 18674.46218978284, "total_built_mass_tons": 2348209.5183647354, "city_id": 931, "country_iso": "CHL"}, {"h3index": "87b2c5465ffffff", "population_2015": 23907.528767484775, "total_built_mass_tons": 4250383.964457248, "city_id": 931, "country_iso": "CHL"}, {"h3index": "87b2c5466ffffff", "population_2015": 42407.161284966576, "total_built_mass_tons": 4067223.1790133175, "city_id": 931, "country_iso": "CHL"}, {"h3index": "87b2c5468ffffff", "population_2015": 36581.76637502933, "total_built_mass_tons": 4006079.85696284, "city_id": 931, "country_iso": "CHL"}, {"h3index": "87b2c5469ffffff", "population_2015": 25872.290833536783, "total_built_mass_tons": 2306611.151686007, "city_id": 931, "country_iso": "CHL"}, {"h3index": "87b2c546affffff", "population_2015": 10933.63760024426, "total_built_mass_tons": 1672404.141583479, "city_id": 931, "country_iso": "CHL"}, {"h3index": "87b2c546bffffff", "population_2015": 5911.043631893982, "total_built_mass_tons": 770045.2361902554, "city_id": 931, "country_iso": "CHL"}, {"h3index": "87b2c546cffffff", "population_2015": 43183.628920521434, "total_built_mass_tons": 3515722.988242117, "city_id": 931, "country_iso": "CHL"}, {"h3index": "87b2c546dffffff", "population_2015": 42033.701582695445, "total_built_mass_tons": 3622892.403216871, "city_id": 931, "country_iso": "CHL"}, {"h3index": "87b2c546effffff", "population_2015": 41084.07615672093, "total_built_mass_tons": 4219020.79682681, "city_id": 931, "country_iso": "CHL"}, {"h3index": "87b2c5470ffffff", "population_2015": 8640.34821095186, "total_built_mass_tons": 1084499.3861252705, "city_id": 931, "country_iso": "CHL"}, {"h3index": "87b2c5471ffffff", "population_2015": 10163.061217281864, "total_built_mass_tons": 1994724.818512316, "city_id": 931, "country_iso": "CHL"}, {"h3index": "87b2c5472ffffff", "population_2015": 13742.191041333066, "total_built_mass_tons": 737478.5289504905, "city_id": 931, "country_iso": "CHL"}, {"h3index": "87b2c5473ffffff", "population_2015": 2499.7400207968326, "total_built_mass_tons": 649579.2984978692, "city_id": 931, "country_iso": "CHL"}, {"h3index": "87b2c5474ffffff", "population_2015": 20921.55508525325, "total_built_mass_tons": 2687158.3912930735, "city_id": 931, "country_iso": "CHL"}, {"h3index": "87b2c5475ffffff", "population_2015": 17966.56548031826, "total_built_mass_tons": 2765462.1727375337, "city_id": 931, "country_iso": "CHL"}, {"h3index": "87b2c5476ffffff", "population_2015": 33416.71934640922, "total_built_mass_tons": 2130820.4117039163, "city_id": 931, "country_iso": "CHL"}, {"h3index": "87b2c54e0ffffff", "population_2015": 512.0037541071574, "total_built_mass_tons": 142588.44902848493, "city_id": 931, "country_iso": "CHL"}, {"h3index": "87b2c54e4ffffff", "population_2015": 2476.7572709177057, "total_built_mass_tons": 688984.2355127437, "city_id": 931, "country_iso": "CHL"}, {"h3index": "87b2c54e5ffffff", "population_2015": 2257.52534496831, "total_built_mass_tons": 582544.075373646, "city_id": 931, "country_iso": "CHL"}, {"h3index": "87b2c5508ffffff", "population_2015": 376.8378626804726, "total_built_mass_tons": 74593.11924580975, "city_id": 931, "country_iso": "CHL"}, {"h3index": "87b2c5509ffffff", "population_2015": 8516.328866539749, "total_built_mass_tons": 763197.9708015253, "city_id": 931, "country_iso": "CHL"}, {"h3index": "87b2c550bffffff", "population_2015": 882.0846000970579, "total_built_mass_tons": 179921.07405648468, "city_id": 931, "country_iso": "CHL"}, {"h3index": "87b2c550cffffff", "population_2015": 3764.064754179411, "total_built_mass_tons": 896849.6798095107, "city_id": 931, "country_iso": "CHL"}, {"h3index": "87b2c550dffffff", "population_2015": 9481.339279578717, "total_built_mass_tons": 1552948.9774515228, "city_id": 931, "country_iso": "CHL"}, {"h3index": "87b2c550effffff", "population_2015": 480.37378172032976, "total_built_mass_tons": 126501.88911047648, "city_id": 931, "country_iso": "CHL"}, {"h3index": "87b2c5528ffffff", "population_2015": 7309.679745259005, "total_built_mass_tons": 894681.9935183331, "city_id": 931, "country_iso": "CHL"}, {"h3index": "87b2c5529ffffff", "population_2015": 26618.61318501492, "total_built_mass_tons": 3428483.5773727493, "city_id": 931, "country_iso": "CHL"}, {"h3index": "87b2c552bffffff", "population_2015": 15067.644120870858, "total_built_mass_tons": 2192479.285827309, "city_id": 931, "country_iso": "CHL"}, {"h3index": "87b2c552cffffff", "population_2015": 67.09946939056996, "total_built_mass_tons": 22831.455355009864, "city_id": 931, "country_iso": "CHL"}, {"h3index": "87b2c552dffffff", "population_2015": 5734.134768534641, "total_built_mass_tons": 943529.8725673538, "city_id": 931, "country_iso": "CHL"}, {"h3index": "87b2c5540ffffff", "population_2015": 10584.952169036867, "total_built_mass_tons": 2794814.7928455397, "city_id": 931, "country_iso": "CHL"}, {"h3index": "87b2c5541ffffff", "population_2015": 8082.839501833448, "total_built_mass_tons": 4223437.338841376, "city_id": 931, "country_iso": "CHL"}, {"h3index": "87b2c5542ffffff", "population_2015": 23025.013224149225, "total_built_mass_tons": 4101324.861517189, "city_id": 931, "country_iso": "CHL"}, {"h3index": "87b2c5543ffffff", "population_2015": 14554.078939924051, "total_built_mass_tons": 4623717.545528878, "city_id": 931, "country_iso": "CHL"}, {"h3index": "87b2c5544ffffff", "population_2015": 17739.73449114631, "total_built_mass_tons": 3268307.6012799777, "city_id": 931, "country_iso": "CHL"}, {"h3index": "87b2c5545ffffff", "population_2015": 13167.176246029723, "total_built_mass_tons": 3688561.353612206, "city_id": 931, "country_iso": "CHL"}, {"h3index": "87b2c5546ffffff", "population_2015": 15600.701255798336, "total_built_mass_tons": 3832080.197061248, "city_id": 931, "country_iso": "CHL"}, {"h3index": "87b2c5548ffffff", "population_2015": 23385.434257163248, "total_built_mass_tons": 6527541.28224289, "city_id": 931, "country_iso": "CHL"}, {"h3index": "87b2c5549ffffff", "population_2015": 18404.599979086477, "total_built_mass_tons": 3393127.133699758, "city_id": 931, "country_iso": "CHL"}, {"h3index": "87b2c554affffff", "population_2015": 16213.886416805492, "total_built_mass_tons": 2521161.2238498847, "city_id": 931, "country_iso": "CHL"}, {"h3index": "87b2c554bffffff", "population_2015": 20064.78665038463, "total_built_mass_tons": 3582431.0281898947, "city_id": 931, "country_iso": "CHL"}, {"h3index": "87b2c554cffffff", "population_2015": 18487.26009265675, "total_built_mass_tons": 6341315.848716189, "city_id": 931, "country_iso": "CHL"}, {"h3index": "87b2c554dffffff", "population_2015": 6892.3183309966425, "total_built_mass_tons": 3290155.845448762, "city_id": 931, "country_iso": "CHL"}, {"h3index": "87b2c554effffff", "population_2015": 11099.954958388384, "total_built_mass_tons": 4007212.501326601, "city_id": 931, "country_iso": "CHL"}, {"h3index": "87b2c5550ffffff", "population_2015": 33057.38021543914, "total_built_mass_tons": 3373210.7297787396, "city_id": 931, "country_iso": "CHL"}, {"h3index": "87b2c5551ffffff", "population_2015": 37456.448675178064, "total_built_mass_tons": 3624669.144063799, "city_id": 931, "country_iso": "CHL"}, {"h3index": "87b2c5552ffffff", "population_2015": 14717.613411802407, "total_built_mass_tons": 1876054.698248575, "city_id": 931, "country_iso": "CHL"}, {"h3index": "87b2c5553ffffff", "population_2015": 33018.654009127145, "total_built_mass_tons": 3348297.943335347, "city_id": 931, "country_iso": "CHL"}, {"h3index": "87b2c5554ffffff", "population_2015": 38470.407974871465, "total_built_mass_tons": 3589572.6121095046, "city_id": 931, "country_iso": "CHL"}, {"h3index": "87b2c5555ffffff", "population_2015": 35106.03709649478, "total_built_mass_tons": 3882462.818743987, "city_id": 931, "country_iso": "CHL"}, {"h3index": "87b2c5556ffffff", "population_2015": 18619.780437267527, "total_built_mass_tons": 2629079.331950347, "city_id": 931, "country_iso": "CHL"}, {"h3index": "87b2c5558ffffff", "population_2015": 13575.716374827372, "total_built_mass_tons": 2485833.9026623387, "city_id": 931, "country_iso": "CHL"}, {"h3index": "87b2c5559ffffff", "population_2015": 25706.933187791412, "total_built_mass_tons": 2945479.0969262347, "city_id": 931, "country_iso": "CHL"}, {"h3index": "87b2c555affffff", "population_2015": 17280.37619441911, "total_built_mass_tons": 2876522.730820397, "city_id": 931, "country_iso": "CHL"}, {"h3index": "87b2c555bffffff", "population_2015": 4774.504725385181, "total_built_mass_tons": 1068525.0216211283, "city_id": 931, "country_iso": "CHL"}, {"h3index": "87b2c555cffffff", "population_2015": 22499.89779260673, "total_built_mass_tons": 4827714.702258408, "city_id": 931, "country_iso": "CHL"}, {"h3index": "87b2c555dffffff", "population_2015": 15352.546191406254, "total_built_mass_tons": 3308347.8876773096, "city_id": 931, "country_iso": "CHL"}, {"h3index": "87b2c555effffff", "population_2015": 30977.014009685157, "total_built_mass_tons": 3233096.0774657503, "city_id": 931, "country_iso": "CHL"}, {"h3index": "87b2c5560ffffff", "population_2015": 17250.86311709834, "total_built_mass_tons": 3078742.464073755, "city_id": 931, "country_iso": "CHL"}, {"h3index": "87b2c5561ffffff", "population_2015": 9828.197944588755, "total_built_mass_tons": 1638612.764777721, "city_id": 931, "country_iso": "CHL"}, {"h3index": "87b2c5562ffffff", "population_2015": 33534.4302565182, "total_built_mass_tons": 3877007.104742246, "city_id": 931, "country_iso": "CHL"}, {"h3index": "87b2c5563ffffff", "population_2015": 28643.3673902923, "total_built_mass_tons": 3452719.03312123, "city_id": 931, "country_iso": "CHL"}, {"h3index": "87b2c5564ffffff", "population_2015": 181.37728036618705, "total_built_mass_tons": 96640.74288670903, "city_id": 931, "country_iso": "CHL"}, {"h3index": "87b2c5565ffffff", "population_2015": 5349.560875006283, "total_built_mass_tons": 1252290.6318488256, "city_id": 931, "country_iso": "CHL"}, {"h3index": "87b2c5566ffffff", "population_2015": 14319.568638371487, "total_built_mass_tons": 2296061.5904958295, "city_id": 931, "country_iso": "CHL"}, {"h3index": "87b2c5568ffffff", "population_2015": 2098.860917962766, "total_built_mass_tons": 1325355.7663466395, "city_id": 931, "country_iso": "CHL"}, {"h3index": "87b2c5569ffffff", "population_2015": 684.4447907840504, "total_built_mass_tons": 1607468.1848136184, "city_id": 931, "country_iso": "CHL"}, {"h3index": "87b2c556affffff", "population_2015": 6410.217827621162, "total_built_mass_tons": 1995508.6573538024, "city_id": 931, "country_iso": "CHL"}, {"h3index": "87b2c556bffffff", "population_2015": 5174.086912327187, "total_built_mass_tons": 3216380.1412601024, "city_id": 931, "country_iso": "CHL"}, {"h3index": "87b2c556cffffff", "population_2015": 1254.2538931977513, "total_built_mass_tons": 605239.4652666887, "city_id": 931, "country_iso": "CHL"}, {"h3index": "87b2c556dffffff", "population_2015": 893.0948680952483, "total_built_mass_tons": 1223231.12039875, "city_id": 931, "country_iso": "CHL"}, {"h3index": "87b2c556effffff", "population_2015": 16181.744193447335, "total_built_mass_tons": 2621844.8737086006, "city_id": 931, "country_iso": "CHL"}, {"h3index": "87b2c5570ffffff", "population_2015": 3515.322018537334, "total_built_mass_tons": 635330.2417033538, "city_id": 931, "country_iso": "CHL"}, {"h3index": "87b2c5571ffffff", "population_2015": 15470.054341604196, "total_built_mass_tons": 3547814.6768622836, "city_id": 931, "country_iso": "CHL"}, {"h3index": "87b2c5572ffffff", "population_2015": 11582.169870473825, "total_built_mass_tons": 1967697.3239998645, "city_id": 931, "country_iso": "CHL"}, {"h3index": "87b2c5573ffffff", "population_2015": 21811.829590187823, "total_built_mass_tons": 2959430.042168279, "city_id": 931, "country_iso": "CHL"}, {"h3index": "87b2c5574ffffff", "population_2015": 15057.0725604637, "total_built_mass_tons": 1746015.477773353, "city_id": 931, "country_iso": "CHL"}, {"h3index": "87b2c5575ffffff", "population_2015": 15629.461615977569, "total_built_mass_tons": 1872308.8761020831, "city_id": 931, "country_iso": "CHL"}, {"h3index": "87b2c5576ffffff", "population_2015": 9091.439682799695, "total_built_mass_tons": 1244758.4721871477, "city_id": 931, "country_iso": "CHL"}, {"h3index": "87b2c5704ffffff", "population_2015": 4706.192103157791, "total_built_mass_tons": 309881.12960625, "city_id": 931, "country_iso": "CHL"}, {"h3index": "87b2c5706ffffff", "population_2015": 2244.113853490119, "total_built_mass_tons": 229297.9639568059, "city_id": 931, "country_iso": "CHL"}, {"h3index": "87b2c5714ffffff", "population_2015": 27466.523517264584, "total_built_mass_tons": 1828736.1738717789, "city_id": 931, "country_iso": "CHL"}, {"h3index": "87b2c5715ffffff", "population_2015": 4411.865550417058, "total_built_mass_tons": 414778.3514788236, "city_id": 931, "country_iso": "CHL"}, {"h3index": "87b2c5716ffffff", "population_2015": 7735.815927206301, "total_built_mass_tons": 627012.6898193143, "city_id": 931, "country_iso": "CHL"}, {"h3index": "87b2c5722ffffff", "population_2015": 2172.6701807209092, "total_built_mass_tons": 157644.2167997673, "city_id": 931, "country_iso": "CHL"}, {"h3index": "87b2c5723ffffff", "population_2015": 4690.725686780144, "total_built_mass_tons": 504063.2704286722, "city_id": 931, "country_iso": "CHL"}, {"h3index": "87b2c5726ffffff", "population_2015": 340.431724877451, "total_built_mass_tons": 112521.05676685149, "city_id": 931, "country_iso": "CHL"}, {"h3index": "87b2c5730ffffff", "population_2015": 41284.68227778415, "total_built_mass_tons": 1983419.68440364, "city_id": 931, "country_iso": "CHL"}, {"h3index": "87b2c5731ffffff", "population_2015": 25260.738044319904, "total_built_mass_tons": 1958749.6174264408, "city_id": 931, "country_iso": "CHL"}, {"h3index": "87b2c5732ffffff", "population_2015": 15400.070251390043, "total_built_mass_tons": 948354.3654400004, "city_id": 931, "country_iso": "CHL"}, {"h3index": "87b2c5733ffffff", "population_2015": 42704.942227172854, "total_built_mass_tons": 2793147.974782568, "city_id": 931, "country_iso": "CHL"}, {"h3index": "87b2c5734ffffff", "population_2015": 39687.93460029155, "total_built_mass_tons": 2614386.3021782306, "city_id": 931, "country_iso": "CHL"}, {"h3index": "87b2c5735ffffff", "population_2015": 52541.629526983525, "total_built_mass_tons": 3176644.275592247, "city_id": 931, "country_iso": "CHL"}, {"h3index": "87b2c5736ffffff", "population_2015": 43566.26294195138, "total_built_mass_tons": 2764857.4452436534, "city_id": 931, "country_iso": "CHL"}, {"h3index": "87b2c57a6ffffff", "population_2015": 347.69979354260016, "total_built_mass_tons": 128395.42365971128, "city_id": 931, "country_iso": "CHL"}, {"h3index": "87b2c57b5ffffff", "population_2015": 606.2161014856076, "total_built_mass_tons": 76116.58941576921, "city_id": 931, "country_iso": "CHL"}, {"h3index": "87b2c5cc2ffffff", "population_2015": 134.51576465157902, "total_built_mass_tons": 79708.02533121532, "city_id": 931, "country_iso": "CHL"}, {"h3index": "87b2c5cd0ffffff", "population_2015": 1485.2282780179792, "total_built_mass_tons": 1000984.219960374, "city_id": 931, "country_iso": "CHL"}, {"h3index": "87b2c5cd1ffffff", "population_2015": 1474.048119133594, "total_built_mass_tons": 1012227.9423342196, "city_id": 931, "country_iso": "CHL"}, {"h3index": "87b2c5cd3ffffff", "population_2015": 5098.108095759972, "total_built_mass_tons": 2041650.8524948617, "city_id": 931, "country_iso": "CHL"}, {"h3index": "87b2c5cd4ffffff", "population_2015": 164.7874831760631, "total_built_mass_tons": 63761.90927924702, "city_id": 931, "country_iso": "CHL"}, {"h3index": "87b2c5cd5ffffff", "population_2015": 158.63552112953334, "total_built_mass_tons": 151196.03070446692, "city_id": 931, "country_iso": "CHL"}, {"h3index": "87b2c5cd6ffffff", "population_2015": 45.896857906790345, "total_built_mass_tons": 25664.369502374975, "city_id": 931, "country_iso": "CHL"}, {"h3index": "87b2c5cd8ffffff", "population_2015": 2419.4896080839862, "total_built_mass_tons": 404849.9081540366, "city_id": 931, "country_iso": "CHL"}, {"h3index": "87b2c5cd9ffffff", "population_2015": 5041.577059727089, "total_built_mass_tons": 773155.8541312822, "city_id": 931, "country_iso": "CHL"}, {"h3index": "87b2c5cdaffffff", "population_2015": 12570.147206803864, "total_built_mass_tons": 1691637.754925383, "city_id": 931, "country_iso": "CHL"}, {"h3index": "87b2c5cdbffffff", "population_2015": 8900.518460823509, "total_built_mass_tons": 1773716.093006324, "city_id": 931, "country_iso": "CHL"}, {"h3index": "87b2c5cdeffffff", "population_2015": 12576.900041337109, "total_built_mass_tons": 2603427.8494178643, "city_id": 931, "country_iso": "CHL"}]