[{"h3index": "872aa8540ffffff", "population_2015": 5738.860714936725, "total_built_mass_tons": 1334210.1410573944, "city_id": 874, "country_iso": "USA"}, {"h3index": "872aa8541ffffff", "population_2015": 1909.077223442349, "total_built_mass_tons": 577031.937256671, "city_id": 874, "country_iso": "USA"}, {"h3index": "872aa8544ffffff", "population_2015": 9253.991200893066, "total_built_mass_tons": 2882641.992234389, "city_id": 874, "country_iso": "USA"}, {"h3index": "872aa8545ffffff", "population_2015": 1297.7150050721916, "total_built_mass_tons": 278772.1780947836, "city_id": 874, "country_iso": "USA"}, {"h3index": "872aa8546ffffff", "population_2015": 5018.258186557068, "total_built_mass_tons": 1495224.2695759677, "city_id": 874, "country_iso": "USA"}, {"h3index": "872aa8562ffffff", "population_2015": 3074.8516728559553, "total_built_mass_tons": 1846146.5627840185, "city_id": 874, "country_iso": "USA"}, {"h3index": "872aa8564ffffff", "population_2015": 56.44873433448373, "total_built_mass_tons": 2295955.220764052, "city_id": 874, "country_iso": "USA"}, {"h3index": "872aa8566ffffff", "population_2015": 3914.3103587109663, "total_built_mass_tons": 2042475.072614332, "city_id": 874, "country_iso": "USA"}, {"h3index": "872aa856affffff", "population_2015": 19.824015794080847, "total_built_mass_tons": 13494.156270241314, "city_id": 874, "country_iso": "USA"}, {"h3index": "872aa8570ffffff", "population_2015": 71.81880927226122, "total_built_mass_tons": 52458.8598455432, "city_id": 874, "country_iso": "USA"}, {"h3index": "872aa8571ffffff", "population_2015": 8680.685812098138, "total_built_mass_tons": 2329125.425448434, "city_id": 874, "country_iso": "USA"}, {"h3index": "872aa8573ffffff", "population_2015": 925.1594607893156, "total_built_mass_tons": 392608.13279027765, "city_id": 874, "country_iso": "USA"}, {"h3index": "872aa8575ffffff", "population_2015": 6356.099018551117, "total_built_mass_tons": 1456964.2278553627, "city_id": 874, "country_iso": "USA"}, {"h3index": "872aa8ccaffffff", "population_2015": 1646.1578628246398, "total_built_mass_tons": 2339585.247443212, "city_id": 874, "country_iso": "USA"}, {"h3index": "872aa8ccbffffff", "population_2015": 555.7741368702814, "total_built_mass_tons": 125500.41332847255, "city_id": 874, "country_iso": "USA"}, {"h3index": "872aa8cd9ffffff", "population_2015": 2237.8297823601497, "total_built_mass_tons": 2132126.2034175647, "city_id": 874, "country_iso": "USA"}, {"h3index": "872aa8cdbffffff", "population_2015": 1391.2407627997443, "total_built_mass_tons": 561762.8903716124, "city_id": 874, "country_iso": "USA"}, {"h3index": "872aa8cddffffff", "population_2015": 797.7829466381933, "total_built_mass_tons": 1297943.6995994556, "city_id": 874, "country_iso": "USA"}]