[{"h3index":"87648d064ffffff","population_2015":38.6118760053,"total_built_mass_tons":6490.4789659107,"city_id":10177,"country_iso":"MMR"},{"h3index":"87648d143ffffff","population_2015":138.3292337754,"total_built_mass_tons":39666.3956536638,"city_id":10177,"country_iso":"MMR"},{"h3index":"87648d148ffffff","population_2015":22713.3007839951,"total_built_mass_tons":2200440.334423935,"city_id":10177,"country_iso":"MMR"},{"h3index":"87648d149ffffff","population_2015":778.487366149,"total_built_mass_tons":110714.1786816141,"city_id":10177,"country_iso":"MMR"},{"h3index":"87648d14affffff","population_2015":6253.4033379199,"total_built_mass_tons":725304.7393362697,"city_id":10177,"country_iso":"MMR"},{"h3index":"87648d14bffffff","population_2015":725.5126575246,"total_built_mass_tons":67464.1980212023,"city_id":10177,"country_iso":"MMR"},{"h3index":"87648d14cffffff","population_2015":131.1062493567,"total_built_mass_tons":25584.6264195272,"city_id":10177,"country_iso":"MMR"},{"h3index":"87648d14dffffff","population_2015":1172.3238328597,"total_built_mass_tons":227429.0714496848,"city_id":10177,"country_iso":"MMR"},{"h3index":"87648d14effffff","population_2015":4987.5105710534,"total_built_mass_tons":650780.9414236017,"city_id":10177,"country_iso":"MMR"},{"h3index":"87648d158ffffff","population_2015":4.3736280366,"total_built_mass_tons":1516.6125225965,"city_id":10177,"country_iso":"MMR"},{"h3index":"87648d159ffffff","population_2015":854.9443054872,"total_built_mass_tons":194769.9258464043,"city_id":10177,"country_iso":"MMR"},{"h3index":"87648d15bffffff","population_2015":102.9410171509,"total_built_mass_tons":18974.7916779749,"city_id":10177,"country_iso":"MMR"},{"h3index":"87648d15cffffff","population_2015":13.1787104326,"total_built_mass_tons":5545.4607291732,"city_id":10177,"country_iso":"MMR"},{"h3index":"87648d15dffffff","population_2015":1316.9769889757,"total_built_mass_tons":269834.923763749,"city_id":10177,"country_iso":"MMR"},{"h3index":"87648dab2ffffff","population_2015":41.2450742722,"total_built_mass_tons":11600.4166853917,"city_id":10177,"country_iso":"MMR"}]