[{"h3index":"8764a1688ffffff","population_2015":1794.3543091363,"total_built_mass_tons":829020.6437073644,"city_id":10431,"country_iso":"MMR"},{"h3index":"8764a1689ffffff","population_2015":5.9358889767,"total_built_mass_tons":16950.1729330729,"city_id":10431,"country_iso":"MMR"},{"h3index":"8764a168affffff","population_2015":5.8843492601,"total_built_mass_tons":9857.7850529797,"city_id":10431,"country_iso":"MMR"},{"h3index":"8764a168bffffff","population_2015":95.9130876335,"total_built_mass_tons":76148.1550063935,"city_id":10431,"country_iso":"MMR"}]