[{"h3index": "8764b48b2ffffff", "population_2015": 298.15923455182246, "total_built_mass_tons": 129116.14034634044, "city_id": 10968, "country_iso": "THA"}, {"h3index": "8764b48b4ffffff", "population_2015": 627.764328657412, "total_built_mass_tons": 441939.24896777887, "city_id": 10968, "country_iso": "THA"}, {"h3index": "8764b48b6ffffff", "population_2015": 3664.648106410458, "total_built_mass_tons": 1377833.6629202364, "city_id": 10968, "country_iso": "THA"}, {"h3index": "8764b499affffff", "population_2015": 835.3220298056508, "total_built_mass_tons": 228124.20288042835, "city_id": 10968, "country_iso": "THA"}, {"h3index": "8764b4d41ffffff", "population_2015": 1437.8468802723237, "total_built_mass_tons": 674398.988912907, "city_id": 10968, "country_iso": "THA"}, {"h3index": "8764b4d43ffffff", "population_2015": 50.349246970345, "total_built_mass_tons": 39768.90243355327, "city_id": 10968, "country_iso": "THA"}, {"h3index": "8764b4d45ffffff", "population_2015": 75.42535516421, "total_built_mass_tons": 101561.130895823, "city_id": 10968, "country_iso": "THA"}, {"h3index": "8764b4d48ffffff", "population_2015": 1922.6677841934504, "total_built_mass_tons": 1085129.7473180247, "city_id": 10968, "country_iso": "THA"}, {"h3index": "8764b4d4affffff", "population_2015": 711.5715228005951, "total_built_mass_tons": 322980.54376337165, "city_id": 10968, "country_iso": "THA"}, {"h3index": "8764b4d4cffffff", "population_2015": 8336.473280162434, "total_built_mass_tons": 2982848.062129413, "city_id": 10968, "country_iso": "THA"}, {"h3index": "8764b4d4dffffff", "population_2015": 252.24934053608015, "total_built_mass_tons": 191282.2553133524, "city_id": 10968, "country_iso": "THA"}, {"h3index": "8764b4d4effffff", "population_2015": 3386.2523390078077, "total_built_mass_tons": 1334352.9423874144, "city_id": 10968, "country_iso": "THA"}, {"h3index": "8764b4d5dffffff", "population_2015": 859.773781557644, "total_built_mass_tons": 461915.4658171449, "city_id": 10968, "country_iso": "THA"}, {"h3index": "8764b4d61ffffff", "population_2015": 31.85653804330265, "total_built_mass_tons": 16574.346260763625, "city_id": 10968, "country_iso": "THA"}, {"h3index": "8764b4d63ffffff", "population_2015": 808.6004066429887, "total_built_mass_tons": 410097.22829980025, "city_id": 10968, "country_iso": "THA"}, {"h3index": "8764b4d68ffffff", "population_2015": 18935.08817576241, "total_built_mass_tons": 4709284.0635982165, "city_id": 10968, "country_iso": "THA"}, {"h3index": "8764b4d69ffffff", "population_2015": 8416.695600717207, "total_built_mass_tons": 3572609.6818566285, "city_id": 10968, "country_iso": "THA"}, {"h3index": "8764b4d6affffff", "population_2015": 9826.755128967992, "total_built_mass_tons": 3084110.8393996865, "city_id": 10968, "country_iso": "THA"}, {"h3index": "8764b4d6bffffff", "population_2015": 12527.567374932532, "total_built_mass_tons": 3023318.2137145065, "city_id": 10968, "country_iso": "THA"}, {"h3index": "8764b4d6cffffff", "population_2015": 434.4792857375799, "total_built_mass_tons": 217853.97182195308, "city_id": 10968, "country_iso": "THA"}, {"h3index": "8764b4d6dffffff", "population_2015": 1312.8679549123729, "total_built_mass_tons": 635041.9999914691, "city_id": 10968, "country_iso": "THA"}, {"h3index": "8764b4d6effffff", "population_2015": 9109.023778507755, "total_built_mass_tons": 2491438.638466825, "city_id": 10968, "country_iso": "THA"}]