[{"h3index":"8724cb060ffffff","population_2015":56.7141825956,"total_built_mass_tons":87736.1249448337,"city_id":10373,"country_iso":"CHN"},{"h3index":"8724cb064ffffff","population_2015":2489.8433909846,"total_built_mass_tons":717608.1178557455,"city_id":10373,"country_iso":"CHN"},{"h3index":"8724cb066ffffff","population_2015":201.1496263728,"total_built_mass_tons":48841.8008793965,"city_id":10373,"country_iso":"CHN"},{"h3index":"8724cb148ffffff","population_2015":284.1547701677,"total_built_mass_tons":180557.4176709203,"city_id":10373,"country_iso":"CHN"},{"h3index":"8724cb14affffff","population_2015":8334.7358514019,"total_built_mass_tons":1530343.1916344608,"city_id":10373,"country_iso":"CHN"},{"h3index":"8724cb14effffff","population_2015":6.3960022571,"total_built_mass_tons":10449.9894227641,"city_id":10373,"country_iso":"CHN"},{"h3index":"8724cb158ffffff","population_2015":867.9375327812,"total_built_mass_tons":311954.521534155,"city_id":10373,"country_iso":"CHN"},{"h3index":"8724cb159ffffff","population_2015":6385.9236771079,"total_built_mass_tons":1313421.2519215394,"city_id":10373,"country_iso":"CHN"},{"h3index":"8724cb15cffffff","population_2015":605.816420514,"total_built_mass_tons":226830.8169849087,"city_id":10373,"country_iso":"CHN"},{"h3index":"8724cb15dffffff","population_2015":7286.4001293725,"total_built_mass_tons":1208409.685411165,"city_id":10373,"country_iso":"CHN"}]