[{"h3index": "87a82ab09ffffff", "population_2015": 5458.118154252743, "total_built_mass_tons": 934907.7982780412, "city_id": 1145, "country_iso": "BRA"}, {"h3index": "87a82ab50ffffff", "population_2015": 2893.285885851173, "total_built_mass_tons": 610152.958856324, "city_id": 1145, "country_iso": "BRA"}, {"h3index": "87a82ab52ffffff", "population_2015": 53.52951114037458, "total_built_mass_tons": 33523.30382721557, "city_id": 1145, "country_iso": "BRA"}, {"h3index": "87a82ab54ffffff", "population_2015": 6027.62080253223, "total_built_mass_tons": 1309589.0670610366, "city_id": 1145, "country_iso": "BRA"}, {"h3index": "87a82ab56ffffff", "population_2015": 6357.5838199717655, "total_built_mass_tons": 992204.1743737336, "city_id": 1145, "country_iso": "BRA"}, {"h3index": "87a82ab66ffffff", "population_2015": 24.40221114520933, "total_built_mass_tons": 61232.04364786158, "city_id": 1145, "country_iso": "BRA"}, {"h3index": "87a82ab70ffffff", "population_2015": 9932.580090835048, "total_built_mass_tons": 2113352.9996402506, "city_id": 1145, "country_iso": "BRA"}, {"h3index": "87a82ab71ffffff", "population_2015": 103.34130384407791, "total_built_mass_tons": 15160.538025813028, "city_id": 1145, "country_iso": "BRA"}, {"h3index": "87a82ab72ffffff", "population_2015": 14512.798165609323, "total_built_mass_tons": 3150225.423712047, "city_id": 1145, "country_iso": "BRA"}, {"h3index": "87a82ab73ffffff", "population_2015": 256.94238425656863, "total_built_mass_tons": 116482.25159061316, "city_id": 1145, "country_iso": "BRA"}, {"h3index": "87a82ab75ffffff", "population_2015": 9048.73057941759, "total_built_mass_tons": 1437558.1973274092, "city_id": 1145, "country_iso": "BRA"}, {"h3index": "87a82ab76ffffff", "population_2015": 4494.2885340003395, "total_built_mass_tons": 1082448.528395686, "city_id": 1145, "country_iso": "BRA"}]