[{"h3index":"873d34a25ffffff","population_2015":9.1539083069,"total_built_mass_tons":3440.2496957134,"city_id":6423,"country_iso":"IND"},{"h3index":"873d34b09ffffff","population_2015":321.6181800992,"total_built_mass_tons":59652.2546626196,"city_id":6423,"country_iso":"IND"},{"h3index":"873d34b50ffffff","population_2015":240.9494799894,"total_built_mass_tons":102848.6542841831,"city_id":6423,"country_iso":"IND"},{"h3index":"873d34b51ffffff","population_2015":286.5660765704,"total_built_mass_tons":67397.0790865645,"city_id":6423,"country_iso":"IND"},{"h3index":"873d34b52ffffff","population_2015":264.2028308345,"total_built_mass_tons":83435.2919285047,"city_id":6423,"country_iso":"IND"},{"h3index":"873d34b53ffffff","population_2015":299.3185687159,"total_built_mass_tons":66285.0081802867,"city_id":6423,"country_iso":"IND"},{"h3index":"873d34b54ffffff","population_2015":729.1316848605,"total_built_mass_tons":181065.2312749074,"city_id":6423,"country_iso":"IND"},{"h3index":"873d34b55ffffff","population_2015":90.9909105301,"total_built_mass_tons":19202.2854851679,"city_id":6423,"country_iso":"IND"},{"h3index":"873d34b56ffffff","population_2015":235.0106743158,"total_built_mass_tons":65177.2432681387,"city_id":6423,"country_iso":"IND"},{"h3index":"873d34b5cffffff","population_2015":100.1277861595,"total_built_mass_tons":70119.4394440694,"city_id":6423,"country_iso":"IND"},{"h3index":"873d34b5effffff","population_2015":53.4531536102,"total_built_mass_tons":31422.895675529,"city_id":6423,"country_iso":"IND"}]