[{"h3index":"87648c128ffffff","population_2015":1480.0837960112,"total_built_mass_tons":410133.9963463703,"city_id":10248,"country_iso":"MMR"},{"h3index":"87648c12cffffff","population_2015":13054.7530502619,"total_built_mass_tons":1387494.5710234919,"city_id":10248,"country_iso":"MMR"},{"h3index":"87648c12dffffff","population_2015":101.8466358933,"total_built_mass_tons":14059.8046218042,"city_id":10248,"country_iso":"MMR"},{"h3index":"87648c12effffff","population_2015":116.7703185138,"total_built_mass_tons":15600.9119316585,"city_id":10248,"country_iso":"MMR"},{"h3index":"87648c800ffffff","population_2015":69142.9579799129,"total_built_mass_tons":4130661.0723165791,"city_id":10248,"country_iso":"MMR"},{"h3index":"87648c801ffffff","population_2015":86216.9065793505,"total_built_mass_tons":4175013.3238547314,"city_id":10248,"country_iso":"MMR"},{"h3index":"87648c802ffffff","population_2015":42272.9672500162,"total_built_mass_tons":2508412.0898407651,"city_id":10248,"country_iso":"MMR"},{"h3index":"87648c803ffffff","population_2015":31124.632531858,"total_built_mass_tons":1721646.4274289275,"city_id":10248,"country_iso":"MMR"},{"h3index":"87648c805ffffff","population_2015":39386.3522227418,"total_built_mass_tons":2059427.4268658001,"city_id":10248,"country_iso":"MMR"},{"h3index":"87648c808ffffff","population_2015":66786.9029883441,"total_built_mass_tons":4266656.7212147778,"city_id":10248,"country_iso":"MMR"},{"h3index":"87648c809ffffff","population_2015":31592.1132781608,"total_built_mass_tons":2400395.6517221527,"city_id":10248,"country_iso":"MMR"},{"h3index":"87648c80affffff","population_2015":27668.4599445418,"total_built_mass_tons":1770539.047822902,"city_id":10248,"country_iso":"MMR"},{"h3index":"87648c80bffffff","population_2015":38302.6193707485,"total_built_mass_tons":3600200.2020779783,"city_id":10248,"country_iso":"MMR"},{"h3index":"87648c80cffffff","population_2015":104187.7420903225,"total_built_mass_tons":5306755.3685984723,"city_id":10248,"country_iso":"MMR"},{"h3index":"87648c80dffffff","population_2015":59923.3935291066,"total_built_mass_tons":5117501.294553603,"city_id":10248,"country_iso":"MMR"},{"h3index":"87648c80effffff","population_2015":86789.7956504373,"total_built_mass_tons":4544418.8003318738,"city_id":10248,"country_iso":"MMR"},{"h3index":"87648c810ffffff","population_2015":2245.4641087252,"total_built_mass_tons":162932.4190304406,"city_id":10248,"country_iso":"MMR"},{"h3index":"87648c811ffffff","population_2015":11105.8170170204,"total_built_mass_tons":817619.9878622232,"city_id":10248,"country_iso":"MMR"},{"h3index":"87648c813ffffff","population_2015":1982.6265306286,"total_built_mass_tons":306143.7376298306,"city_id":10248,"country_iso":"MMR"},{"h3index":"87648c815ffffff","population_2015":30145.0197640662,"total_built_mass_tons":1763111.9647916304,"city_id":10248,"country_iso":"MMR"},{"h3index":"87648c818ffffff","population_2015":34253.6600439333,"total_built_mass_tons":2634748.9642914282,"city_id":10248,"country_iso":"MMR"},{"h3index":"87648c819ffffff","population_2015":32733.7154384089,"total_built_mass_tons":2555742.7651313334,"city_id":10248,"country_iso":"MMR"},{"h3index":"87648c81affffff","population_2015":1061.9448147867,"total_built_mass_tons":165250.8680687318,"city_id":10248,"country_iso":"MMR"},{"h3index":"87648c81bffffff","population_2015":33511.1253568612,"total_built_mass_tons":2119772.7755727861,"city_id":10248,"country_iso":"MMR"},{"h3index":"87648c81cffffff","population_2015":9879.9911721398,"total_built_mass_tons":895466.7726240875,"city_id":10248,"country_iso":"MMR"},{"h3index":"87648c81dffffff","population_2015":57136.9645852781,"total_built_mass_tons":4041229.8374386569,"city_id":10248,"country_iso":"MMR"},{"h3index":"87648c81effffff","population_2015":6846.1387462915,"total_built_mass_tons":935969.1083144492,"city_id":10248,"country_iso":"MMR"},{"h3index":"87648c820ffffff","population_2015":5034.0395172269,"total_built_mass_tons":569472.2972616653,"city_id":10248,"country_iso":"MMR"},{"h3index":"87648c821ffffff","population_2015":3794.8259774339,"total_built_mass_tons":608129.908414309,"city_id":10248,"country_iso":"MMR"},{"h3index":"87648c823ffffff","population_2015":4115.4909681432,"total_built_mass_tons":414334.4390759257,"city_id":10248,"country_iso":"MMR"},{"h3index":"87648c824ffffff","population_2015":7.0735677233,"total_built_mass_tons":9783.2297793562,"city_id":10248,"country_iso":"MMR"},{"h3index":"87648c825ffffff","population_2015":21516.5294756945,"total_built_mass_tons":1623210.7392350018,"city_id":10248,"country_iso":"MMR"},{"h3index":"87648c828ffffff","population_2015":102499.3216742721,"total_built_mass_tons":3783919.4973272821,"city_id":10248,"country_iso":"MMR"},{"h3index":"87648c829ffffff","population_2015":176161.7281001297,"total_built_mass_tons":8088090.6502054567,"city_id":10248,"country_iso":"MMR"},{"h3index":"87648c82affffff","population_2015":66955.3431434482,"total_built_mass_tons":3797327.9407967031,"city_id":10248,"country_iso":"MMR"},{"h3index":"87648c82bffffff","population_2015":139233.1609855054,"total_built_mass_tons":5068814.3443142865,"city_id":10248,"country_iso":"MMR"},{"h3index":"87648c82cffffff","population_2015":7509.4038090837,"total_built_mass_tons":307446.0000764068,"city_id":10248,"country_iso":"MMR"},{"h3index":"87648c82dffffff","population_2015":20471.5159257328,"total_built_mass_tons":1277430.999855154,"city_id":10248,"country_iso":"MMR"},{"h3index":"87648c82effffff","population_2015":64320.8478583542,"total_built_mass_tons":3110001.9759535184,"city_id":10248,"country_iso":"MMR"},{"h3index":"87648c850ffffff","population_2015":27704.9359365127,"total_built_mass_tons":1499385.5951328056,"city_id":10248,"country_iso":"MMR"},{"h3index":"87648c851ffffff","population_2015":45859.9436287375,"total_built_mass_tons":2974629.82448758,"city_id":10248,"country_iso":"MMR"},{"h3index":"87648c852ffffff","population_2015":57579.6754466786,"total_built_mass_tons":3616670.2032279186,"city_id":10248,"country_iso":"MMR"},{"h3index":"87648c853ffffff","population_2015":71699.2582551843,"total_built_mass_tons":3805948.4669758519,"city_id":10248,"country_iso":"MMR"},{"h3index":"87648c854ffffff","population_2015":56264.6564357458,"total_built_mass_tons":3462222.2143060113,"city_id":10248,"country_iso":"MMR"},{"h3index":"87648c855ffffff","population_2015":4083.3266378739,"total_built_mass_tons":438186.2758822377,"city_id":10248,"country_iso":"MMR"},{"h3index":"87648c856ffffff","population_2015":79301.8488786286,"total_built_mass_tons":4743236.5739041548,"city_id":10248,"country_iso":"MMR"},{"h3index":"87648c858ffffff","population_2015":4573.5289231843,"total_built_mass_tons":320540.8654957858,"city_id":10248,"country_iso":"MMR"},{"h3index":"87648c85affffff","population_2015":62356.7612393996,"total_built_mass_tons":3494785.1580375861,"city_id":10248,"country_iso":"MMR"},{"h3index":"87648c85bffffff","population_2015":2174.1890502892,"total_built_mass_tons":223856.4601465102,"city_id":10248,"country_iso":"MMR"},{"h3index":"87648c85effffff","population_2015":56755.0008240793,"total_built_mass_tons":3870252.206446318,"city_id":10248,"country_iso":"MMR"},{"h3index":"87648c860ffffff","population_2015":102.0241451263,"total_built_mass_tons":34021.1402124597,"city_id":10248,"country_iso":"MMR"},{"h3index":"87648c862ffffff","population_2015":978.2286049338,"total_built_mass_tons":228058.8297421113,"city_id":10248,"country_iso":"MMR"},{"h3index":"87648c866ffffff","population_2015":1886.734594577,"total_built_mass_tons":224078.0054568451,"city_id":10248,"country_iso":"MMR"},{"h3index":"87648c870ffffff","population_2015":84621.2182046703,"total_built_mass_tons":4657568.1343915779,"city_id":10248,"country_iso":"MMR"},{"h3index":"87648c871ffffff","population_2015":2593.9799789429,"total_built_mass_tons":168459.043215437,"city_id":10248,"country_iso":"MMR"},{"h3index":"87648c872ffffff","population_2015":131917.951682835,"total_built_mass_tons":6114616.1291805981,"city_id":10248,"country_iso":"MMR"},{"h3index":"87648c873ffffff","population_2015":9643.1786671807,"total_built_mass_tons":405255.7138056711,"city_id":10248,"country_iso":"MMR"},{"h3index":"87648c874ffffff","population_2015":98376.5171661208,"total_built_mass_tons":4574130.1610947698,"city_id":10248,"country_iso":"MMR"},{"h3index":"87648c875ffffff","population_2015":4729.3442066716,"total_built_mass_tons":548713.4651822303,"city_id":10248,"country_iso":"MMR"},{"h3index":"87648c876ffffff","population_2015":40044.1563363543,"total_built_mass_tons":3821420.169342577,"city_id":10248,"country_iso":"MMR"},{"h3index":"87648c8a9ffffff","population_2015":17.21913877,"total_built_mass_tons":5972.4489768063,"city_id":10248,"country_iso":"MMR"},{"h3index":"87648c8c0ffffff","population_2015":20359.6478088566,"total_built_mass_tons":1493235.5701885731,"city_id":10248,"country_iso":"MMR"},{"h3index":"87648c8c1ffffff","population_2015":54275.6352503758,"total_built_mass_tons":3538481.8141216533,"city_id":10248,"country_iso":"MMR"},{"h3index":"87648c8c2ffffff","population_2015":1152.7633651434,"total_built_mass_tons":153859.266467198,"city_id":10248,"country_iso":"MMR"},{"h3index":"87648c8c3ffffff","population_2015":18871.961172994,"total_built_mass_tons":1141395.268192352,"city_id":10248,"country_iso":"MMR"},{"h3index":"87648c8c4ffffff","population_2015":10356.0840827493,"total_built_mass_tons":1097586.2348695139,"city_id":10248,"country_iso":"MMR"},{"h3index":"87648c8c5ffffff","population_2015":34200.9038579978,"total_built_mass_tons":2456158.2773275822,"city_id":10248,"country_iso":"MMR"},{"h3index":"87648c8c6ffffff","population_2015":10258.6565914977,"total_built_mass_tons":1433419.0816031247,"city_id":10248,"country_iso":"MMR"},{"h3index":"87648c8c8ffffff","population_2015":191.0611621408,"total_built_mass_tons":36458.2960235013,"city_id":10248,"country_iso":"MMR"},{"h3index":"87648c8caffffff","population_2015":1.0501069462,"total_built_mass_tons":757.1565849932,"city_id":10248,"country_iso":"MMR"},{"h3index":"87648c8ccffffff","population_2015":6144.346298502,"total_built_mass_tons":490595.4612120539,"city_id":10248,"country_iso":"MMR"},{"h3index":"87648c8ceffffff","population_2015":14293.48432594,"total_built_mass_tons":1047352.8388057748,"city_id":10248,"country_iso":"MMR"},{"h3index":"87648c8d0ffffff","population_2015":6852.3546099794,"total_built_mass_tons":931923.952298505,"city_id":10248,"country_iso":"MMR"},{"h3index":"87648c8d1ffffff","population_2015":88.3544317208,"total_built_mass_tons":14308.9151599034,"city_id":10248,"country_iso":"MMR"},{"h3index":"87648c8d2ffffff","population_2015":3053.5439600477,"total_built_mass_tons":296630.0117679479,"city_id":10248,"country_iso":"MMR"},{"h3index":"87648c8d3ffffff","population_2015":1769.8720674702,"total_built_mass_tons":217177.0114178829,"city_id":10248,"country_iso":"MMR"},{"h3index":"87648c8d4ffffff","population_2015":2517.7137815962,"total_built_mass_tons":287916.7793338093,"city_id":10248,"country_iso":"MMR"},{"h3index":"87648c8d5ffffff","population_2015":7905.361872976,"total_built_mass_tons":881121.6473713755,"city_id":10248,"country_iso":"MMR"},{"h3index":"87648c8d8ffffff","population_2015":2399.4034764608,"total_built_mass_tons":218475.2791198942,"city_id":10248,"country_iso":"MMR"},{"h3index":"87648c8d9ffffff","population_2015":224.112905824,"total_built_mass_tons":38707.8126701337,"city_id":10248,"country_iso":"MMR"},{"h3index":"87648c8dcffffff","population_2015":4921.8992219364,"total_built_mass_tons":410335.8201048638,"city_id":10248,"country_iso":"MMR"},{"h3index":"87648c8ddffffff","population_2015":12370.1386947258,"total_built_mass_tons":1274220.8821991959,"city_id":10248,"country_iso":"MMR"},{"h3index":"87648c8e0ffffff","population_2015":17348.2732000388,"total_built_mass_tons":1542363.0236121344,"city_id":10248,"country_iso":"MMR"},{"h3index":"87648c8e1ffffff","population_2015":60935.32070127,"total_built_mass_tons":3560443.0372124072,"city_id":10248,"country_iso":"MMR"},{"h3index":"87648c8e2ffffff","population_2015":20189.6921783746,"total_built_mass_tons":1945959.0391033939,"city_id":10248,"country_iso":"MMR"},{"h3index":"87648c8e3ffffff","population_2015":5069.9852564868,"total_built_mass_tons":457991.9986034733,"city_id":10248,"country_iso":"MMR"},{"h3index":"87648c8e4ffffff","population_2015":54053.4989575255,"total_built_mass_tons":3673742.3815862159,"city_id":10248,"country_iso":"MMR"},{"h3index":"87648c8e5ffffff","population_2015":39053.3566249174,"total_built_mass_tons":3432387.8354466022,"city_id":10248,"country_iso":"MMR"},{"h3index":"87648c8e6ffffff","population_2015":82681.2002226138,"total_built_mass_tons":3718708.9576984216,"city_id":10248,"country_iso":"MMR"},{"h3index":"87648c8e8ffffff","population_2015":39445.6464781219,"total_built_mass_tons":3140492.4702089764,"city_id":10248,"country_iso":"MMR"},{"h3index":"87648c8e9ffffff","population_2015":35412.2681814904,"total_built_mass_tons":2610271.0215200065,"city_id":10248,"country_iso":"MMR"},{"h3index":"87648c8eaffffff","population_2015":40378.7608503604,"total_built_mass_tons":3656389.0735064978,"city_id":10248,"country_iso":"MMR"},{"h3index":"87648c8ebffffff","population_2015":10933.6765027663,"total_built_mass_tons":858977.9155782937,"city_id":10248,"country_iso":"MMR"},{"h3index":"87648c8ecffffff","population_2015":47567.6345661986,"total_built_mass_tons":2514331.2211639602,"city_id":10248,"country_iso":"MMR"},{"h3index":"87648c8edffffff","population_2015":56254.417722156,"total_built_mass_tons":3628605.9479360222,"city_id":10248,"country_iso":"MMR"},{"h3index":"87648c8eeffffff","population_2015":39829.6969057868,"total_built_mass_tons":2706503.6510760183,"city_id":10248,"country_iso":"MMR"},{"h3index":"87648c8f0ffffff","population_2015":5143.1730283924,"total_built_mass_tons":369385.5770475477,"city_id":10248,"country_iso":"MMR"},{"h3index":"87648c8f1ffffff","population_2015":3714.788920309,"total_built_mass_tons":368241.33431635,"city_id":10248,"country_iso":"MMR"},{"h3index":"87648c8f2ffffff","population_2015":57.0209409153,"total_built_mass_tons":17510.721789892,"city_id":10248,"country_iso":"MMR"},{"h3index":"87648c8f3ffffff","population_2015":7708.7939873714,"total_built_mass_tons":720971.2868832957,"city_id":10248,"country_iso":"MMR"},{"h3index":"87648c8f4ffffff","population_2015":37526.8865078795,"total_built_mass_tons":2313120.4104404743,"city_id":10248,"country_iso":"MMR"},{"h3index":"87648c8f5ffffff","population_2015":51057.7244128433,"total_built_mass_tons":2944442.4525327394,"city_id":10248,"country_iso":"MMR"},{"h3index":"87648c8f6ffffff","population_2015":235.8874868954,"total_built_mass_tons":16942.6688763453,"city_id":10248,"country_iso":"MMR"},{"h3index":"87648c908ffffff","population_2015":1705.9182565876,"total_built_mass_tons":221084.8965735576,"city_id":10248,"country_iso":"MMR"},{"h3index":"87648c909ffffff","population_2015":1068.8987165713,"total_built_mass_tons":146215.607407373,"city_id":10248,"country_iso":"MMR"},{"h3index":"87648c90bffffff","population_2015":3759.439861507,"total_built_mass_tons":508985.8655184497,"city_id":10248,"country_iso":"MMR"},{"h3index":"87648c952ffffff","population_2015":658.1645084456,"total_built_mass_tons":68770.9097232551,"city_id":10248,"country_iso":"MMR"},{"h3index":"87648c956ffffff","population_2015":1244.7521886339,"total_built_mass_tons":181549.7155161497,"city_id":10248,"country_iso":"MMR"},{"h3index":"87648c958ffffff","population_2015":584.1761242885,"total_built_mass_tons":47799.7678471878,"city_id":10248,"country_iso":"MMR"},{"h3index":"87648c95affffff","population_2015":16250.008479857,"total_built_mass_tons":1572262.8308512564,"city_id":10248,"country_iso":"MMR"},{"h3index":"87648c95bffffff","population_2015":14618.0837465099,"total_built_mass_tons":1019070.6874321296,"city_id":10248,"country_iso":"MMR"},{"h3index":"87648c95effffff","population_2015":1219.7501164156,"total_built_mass_tons":166367.856848298,"city_id":10248,"country_iso":"MMR"},{"h3index":"87648cbb4ffffff","population_2015":446.1477175544,"total_built_mass_tons":82478.5319202174,"city_id":10248,"country_iso":"MMR"},{"h3index":"87648cbb5ffffff","population_2015":676.5162602593,"total_built_mass_tons":93874.2099403481,"city_id":10248,"country_iso":"MMR"}]