[{"h3index":"8752332e8ffffff","population_2015":14.638719814,"total_built_mass_tons":67851.7659050321,"city_id":5425,"country_iso":"SAU"},{"h3index":"8752332e9ffffff","population_2015":20.3192082821,"total_built_mass_tons":92455.3635463061,"city_id":5425,"country_iso":"SAU"},{"h3index":"8752332ebffffff","population_2015":2.2519128131,"total_built_mass_tons":6281.4140012453,"city_id":5425,"country_iso":"SAU"},{"h3index":"8752332ecffffff","population_2015":19.9846748114,"total_built_mass_tons":49704.4322521726,"city_id":5425,"country_iso":"SAU"},{"h3index":"8752332edffffff","population_2015":68.3327844928,"total_built_mass_tons":259952.4193239696,"city_id":5425,"country_iso":"SAU"}]