[{"h3index":"872a30459ffffff","population_2015":104.2434104789,"total_built_mass_tons":49150.717244331,"city_id":1025,"country_iso":"USA"},{"h3index":"872a3045bffffff","population_2015":5372.1453196418,"total_built_mass_tons":1724530.8001976022,"city_id":1025,"country_iso":"USA"},{"h3index":"872a30780ffffff","population_2015":1.4912731199,"total_built_mass_tons":7874.0917794868,"city_id":1025,"country_iso":"USA"},{"h3index":"872a30784ffffff","population_2015":3432.3841624826,"total_built_mass_tons":2577072.4545889199,"city_id":1025,"country_iso":"USA"},{"h3index":"872a30785ffffff","population_2015":0.8341959267,"total_built_mass_tons":21817.2420304061,"city_id":1025,"country_iso":"USA"},{"h3index":"872a30786ffffff","population_2015":1020.2673576673,"total_built_mass_tons":890748.2510646352,"city_id":1025,"country_iso":"USA"},{"h3index":"872a30795ffffff","population_2015":0.696915871,"total_built_mass_tons":29268.3470326949,"city_id":1025,"country_iso":"USA"},{"h3index":"872a307a0ffffff","population_2015":2593.4908245494,"total_built_mass_tons":1362838.3460821311,"city_id":1025,"country_iso":"USA"},{"h3index":"872a307a2ffffff","population_2015":17509.8265252141,"total_built_mass_tons":4756684.6266378537,"city_id":1025,"country_iso":"USA"},{"h3index":"872a307a3ffffff","population_2015":2224.348542899,"total_built_mass_tons":734989.4867720618,"city_id":1025,"country_iso":"USA"},{"h3index":"872a307a4ffffff","population_2015":112.067555392,"total_built_mass_tons":64586.4555984213,"city_id":1025,"country_iso":"USA"},{"h3index":"872a307a6ffffff","population_2015":10826.4210169935,"total_built_mass_tons":2823896.5531942239,"city_id":1025,"country_iso":"USA"},{"h3index":"872a307b0ffffff","population_2015":2523.7614679835,"total_built_mass_tons":864891.0624777541,"city_id":1025,"country_iso":"USA"},{"h3index":"872a307b1ffffff","population_2015":17321.7637920589,"total_built_mass_tons":3802732.3864172241,"city_id":1025,"country_iso":"USA"},{"h3index":"872a307b3ffffff","population_2015":3490.9287253295,"total_built_mass_tons":1560181.7486098649,"city_id":1025,"country_iso":"USA"},{"h3index":"872a307b4ffffff","population_2015":1522.5409317185,"total_built_mass_tons":620759.9842160057,"city_id":1025,"country_iso":"USA"},{"h3index":"872a307b5ffffff","population_2015":20813.7737346148,"total_built_mass_tons":4291018.1012709299,"city_id":1025,"country_iso":"USA"}]