[{"h3index":"876481945ffffff","population_2015":20.4132795334,"total_built_mass_tons":5223.6630430064,"city_id":10317,"country_iso":"MMR"},{"h3index":"876481960ffffff","population_2015":47.9426637051,"total_built_mass_tons":20833.6441518431,"city_id":10317,"country_iso":"MMR"},{"h3index":"876481961ffffff","population_2015":7421.7696659948,"total_built_mass_tons":1038302.7624327192,"city_id":10317,"country_iso":"MMR"},{"h3index":"876481963ffffff","population_2015":47.5954313278,"total_built_mass_tons":14420.53822007,"city_id":10317,"country_iso":"MMR"},{"h3index":"87648196affffff","population_2015":8.8699427436,"total_built_mass_tons":4372.7199192519,"city_id":10317,"country_iso":"MMR"},{"h3index":"87648196cffffff","population_2015":4.4804716222,"total_built_mass_tons":2450.08021443,"city_id":10317,"country_iso":"MMR"},{"h3index":"87648196effffff","population_2015":1932.2111310921,"total_built_mass_tons":463659.1063178687,"city_id":10317,"country_iso":"MMR"}]