[{"h3index":"873c8368bffffff","population_2015":13.8768206017,"total_built_mass_tons":5031.3540354528,"city_id":9406,"country_iso":"IND"},{"h3index":"873c836d2ffffff","population_2015":443.2931037903,"total_built_mass_tons":30356.1627396492,"city_id":9406,"country_iso":"IND"},{"h3index":"873c836d6ffffff","population_2015":92.888026,"total_built_mass_tons":17715.9991724328,"city_id":9406,"country_iso":"IND"},{"h3index":"873c9dd21ffffff","population_2015":13.6194547017,"total_built_mass_tons":1571.4338856352,"city_id":9406,"country_iso":"IND"},{"h3index":"873c9dd25ffffff","population_2015":3657.9520166958,"total_built_mass_tons":328983.8370076647,"city_id":9406,"country_iso":"IND"}]