[{"h3index":"87a81e090ffffff","population_2015":7171.7695423257,"total_built_mass_tons":1540150.5294864939,"city_id":1276,"country_iso":"BRA"},{"h3index":"87a81e091ffffff","population_2015":3991.0446756578,"total_built_mass_tons":596681.797200507,"city_id":1276,"country_iso":"BRA"},{"h3index":"87a81e093ffffff","population_2015":6659.3831277927,"total_built_mass_tons":912974.1794265076,"city_id":1276,"country_iso":"BRA"},{"h3index":"87a81e094ffffff","population_2015":10666.6679368066,"total_built_mass_tons":2174873.6270487858,"city_id":1276,"country_iso":"BRA"},{"h3index":"87a81e095ffffff","population_2015":6152.7730695633,"total_built_mass_tons":1888067.6867177524,"city_id":1276,"country_iso":"BRA"},{"h3index":"87a81e096ffffff","population_2015":299.5203821294,"total_built_mass_tons":93630.5336416141,"city_id":1276,"country_iso":"BRA"},{"h3index":"87a81e09effffff","population_2015":123.7726575096,"total_built_mass_tons":33659.164843514,"city_id":1276,"country_iso":"BRA"},{"h3index":"87a81e0b0ffffff","population_2015":30.2891719178,"total_built_mass_tons":12918.3732151218,"city_id":1276,"country_iso":"BRA"},{"h3index":"87a81e0b2ffffff","population_2015":2488.7386880407,"total_built_mass_tons":364976.4562575493,"city_id":1276,"country_iso":"BRA"},{"h3index":"87a81e0b3ffffff","population_2015":2412.4205604132,"total_built_mass_tons":273580.0315859294,"city_id":1276,"country_iso":"BRA"}]