[{"h3index":"873d8136dffffff","population_2015":102.4757432938,"total_built_mass_tons":24585.2681160165,"city_id":7623,"country_iso":"IND"},{"h3index":"873d8cd82ffffff","population_2015":213.2378533681,"total_built_mass_tons":62344.2790880391,"city_id":7623,"country_iso":"IND"},{"h3index":"873d8cd90ffffff","population_2015":9628.5174426808,"total_built_mass_tons":1160222.0753381588,"city_id":7623,"country_iso":"IND"},{"h3index":"873d8cd91ffffff","population_2015":11474.1774197354,"total_built_mass_tons":1414920.1926499445,"city_id":7623,"country_iso":"IND"},{"h3index":"873d8cd92ffffff","population_2015":770.5549845153,"total_built_mass_tons":206206.0174187292,"city_id":7623,"country_iso":"IND"},{"h3index":"873d8cd93ffffff","population_2015":1320.3559295766,"total_built_mass_tons":191304.6167914227,"city_id":7623,"country_iso":"IND"},{"h3index":"873d8cd94ffffff","population_2015":16.4466572331,"total_built_mass_tons":5799.8080172655,"city_id":7623,"country_iso":"IND"},{"h3index":"873d8cd95ffffff","population_2015":6992.0407189762,"total_built_mass_tons":825003.9250012761,"city_id":7623,"country_iso":"IND"},{"h3index":"873d8cd9effffff","population_2015":226.3806694293,"total_built_mass_tons":94824.7655669682,"city_id":7623,"country_iso":"IND"}]