[{"h3index":"8724c0000ffffff","population_2015":2471.8219439549,"total_built_mass_tons":1038506.517679309,"city_id":10139,"country_iso":"CHN"},{"h3index":"8724c0002ffffff","population_2015":12981.3625912909,"total_built_mass_tons":1758807.8813188237,"city_id":10139,"country_iso":"CHN"},{"h3index":"8724c0003ffffff","population_2015":213.0360021105,"total_built_mass_tons":62970.4184181013,"city_id":10139,"country_iso":"CHN"},{"h3index":"8724c0006ffffff","population_2015":29091.7548663873,"total_built_mass_tons":4734718.1141504645,"city_id":10139,"country_iso":"CHN"},{"h3index":"8724c0011ffffff","population_2015":195.267768269,"total_built_mass_tons":66854.6875472763,"city_id":10139,"country_iso":"CHN"},{"h3index":"8724c0015ffffff","population_2015":9500.2853335868,"total_built_mass_tons":1813843.8503515057,"city_id":10139,"country_iso":"CHN"},{"h3index":"8724c0031ffffff","population_2015":0.0991160771,"total_built_mass_tons":1383.0883187287,"city_id":10139,"country_iso":"CHN"},{"h3index":"8724c0032ffffff","population_2015":5.1233796606,"total_built_mass_tons":16111.672695647,"city_id":10139,"country_iso":"CHN"},{"h3index":"8724c0033ffffff","population_2015":476.8286704465,"total_built_mass_tons":1311368.4104533563,"city_id":10139,"country_iso":"CHN"}]