[{"h3index":"8740f5604ffffff","population_2015":8452.2646420497,"total_built_mass_tons":740084.1595813077,"city_id":10427,"country_iso":"CHN"},{"h3index":"8740f5622ffffff","population_2015":22634.6144353736,"total_built_mass_tons":3400336.5294269635,"city_id":10427,"country_iso":"CHN"},{"h3index":"8740f5626ffffff","population_2015":237.3267545775,"total_built_mass_tons":130499.1613051019,"city_id":10427,"country_iso":"CHN"},{"h3index":"8740f5630ffffff","population_2015":24707.9055041005,"total_built_mass_tons":3755133.2700733808,"city_id":10427,"country_iso":"CHN"},{"h3index":"8740f5631ffffff","population_2015":28031.7376135957,"total_built_mass_tons":5451092.9614461279,"city_id":10427,"country_iso":"CHN"},{"h3index":"8740f5632ffffff","population_2015":7.26792974,"total_built_mass_tons":5499.8525896161,"city_id":10427,"country_iso":"CHN"},{"h3index":"8740f5633ffffff","population_2015":2738.1122348262,"total_built_mass_tons":254464.7086585966,"city_id":10427,"country_iso":"CHN"},{"h3index":"8740f5634ffffff","population_2015":6354.0399800693,"total_built_mass_tons":422363.6077553487,"city_id":10427,"country_iso":"CHN"},{"h3index":"8740f5635ffffff","population_2015":20870.8038256047,"total_built_mass_tons":3152600.1330843722,"city_id":10427,"country_iso":"CHN"},{"h3index":"8740f5636ffffff","population_2015":1058.5198909872,"total_built_mass_tons":1061524.8803602683,"city_id":10427,"country_iso":"CHN"}]