[{"h3index":"873ccda61ffffff","population_2015":6.1916438374,"total_built_mass_tons":5599.5123657545,"city_id":10125,"country_iso":"MMR"},{"h3index":"873ccda68ffffff","population_2015":982.7383987777,"total_built_mass_tons":683324.7252453574,"city_id":10125,"country_iso":"MMR"},{"h3index":"873ccda6cffffff","population_2015":418.6559255703,"total_built_mass_tons":268888.8159802898,"city_id":10125,"country_iso":"MMR"},{"h3index":"873ccda6effffff","population_2015":673.1270497603,"total_built_mass_tons":374138.5386523764,"city_id":10125,"country_iso":"MMR"}]