[{"h3index":"87608c493ffffff","population_2015":307.2580377597,"total_built_mass_tons":87427.8541342785,"city_id":7224,"country_iso":"IND"},{"h3index":"87608c498ffffff","population_2015":12862.4229196361,"total_built_mass_tons":1263913.7172871733,"city_id":7224,"country_iso":"IND"},{"h3index":"87608c499ffffff","population_2015":41.9537124634,"total_built_mass_tons":22521.5869596991,"city_id":7224,"country_iso":"IND"},{"h3index":"87608c49affffff","population_2015":1858.175455875,"total_built_mass_tons":240738.4901961683,"city_id":7224,"country_iso":"IND"},{"h3index":"87608c49bffffff","population_2015":131.017842693,"total_built_mass_tons":32771.0499036491,"city_id":7224,"country_iso":"IND"},{"h3index":"87608c49cffffff","population_2015":257.9425615385,"total_built_mass_tons":84877.0311370879,"city_id":7224,"country_iso":"IND"},{"h3index":"87608c49dffffff","population_2015":5.6230883598,"total_built_mass_tons":2867.0384357553,"city_id":7224,"country_iso":"IND"},{"h3index":"87608c49effffff","population_2015":7899.9512929131,"total_built_mass_tons":1201210.5747397295,"city_id":7224,"country_iso":"IND"},{"h3index":"87608e868ffffff","population_2015":1513.1333138859,"total_built_mass_tons":281632.8145188574,"city_id":7224,"country_iso":"IND"},{"h3index":"87608e869ffffff","population_2015":101.959733144,"total_built_mass_tons":45279.7495727383,"city_id":7224,"country_iso":"IND"},{"h3index":"87608e86affffff","population_2015":1112.9783099605,"total_built_mass_tons":342390.3755778788,"city_id":7224,"country_iso":"IND"},{"h3index":"87608e86cffffff","population_2015":4195.4153043186,"total_built_mass_tons":889935.7621474306,"city_id":7224,"country_iso":"IND"},{"h3index":"87608e86dffffff","population_2015":3805.4612055311,"total_built_mass_tons":737117.3549795004,"city_id":7224,"country_iso":"IND"},{"h3index":"87608e86effffff","population_2015":1278.9865133323,"total_built_mass_tons":220609.5950342973,"city_id":7224,"country_iso":"IND"}]