[{"h3index": "8711b6d26ffffff", "population_2015": 636.3822327693304, "total_built_mass_tons": 150605.98370394175, "city_id": 3532, "country_iso": "UKR"}, {"h3index": "871e61929ffffff", "population_2015": 108.3776241078096, "total_built_mass_tons": 39649.02385253293, "city_id": 3532, "country_iso": "UKR"}, {"h3index": "871e61964ffffff", "population_2015": 1195.6807760014256, "total_built_mass_tons": 256980.87806716707, "city_id": 3532, "country_iso": "UKR"}, {"h3index": "871e61966ffffff", "population_2015": 543.4875319050807, "total_built_mass_tons": 130171.88261701092, "city_id": 3532, "country_iso": "UKR"}, {"h3index": "871e61974ffffff", "population_2015": 4549.003647235796, "total_built_mass_tons": 1217916.3091514397, "city_id": 3532, "country_iso": "UKR"}, {"h3index": "871e61975ffffff", "population_2015": 112.2111089108037, "total_built_mass_tons": 87928.38362281458, "city_id": 3532, "country_iso": "UKR"}, {"h3index": "871e652c0ffffff", "population_2015": 2738.22174727683, "total_built_mass_tons": 976070.0147872746, "city_id": 3532, "country_iso": "UKR"}, {"h3index": "871e652c1ffffff", "population_2015": 1638.265630227444, "total_built_mass_tons": 676166.3092182194, "city_id": 3532, "country_iso": "UKR"}, {"h3index": "871e652c2ffffff", "population_2015": 2661.038574499243, "total_built_mass_tons": 867746.067490554, "city_id": 3532, "country_iso": "UKR"}, {"h3index": "871e652c3ffffff", "population_2015": 17273.82853801577, "total_built_mass_tons": 3858762.7113944166, "city_id": 3532, "country_iso": "UKR"}, {"h3index": "871e652c8ffffff", "population_2015": 12220.813988491132, "total_built_mass_tons": 2871459.309095119, "city_id": 3532, "country_iso": "UKR"}, {"h3index": "871e652c9ffffff", "population_2015": 5542.208079828002, "total_built_mass_tons": 1511630.245917216, "city_id": 3532, "country_iso": "UKR"}, {"h3index": "871e652caffffff", "population_2015": 20620.25783282355, "total_built_mass_tons": 4092592.717679035, "city_id": 3532, "country_iso": "UKR"}, {"h3index": "871e652cbffffff", "population_2015": 3268.5976502951457, "total_built_mass_tons": 720112.183466881, "city_id": 3532, "country_iso": "UKR"}, {"h3index": "871e652ccffffff", "population_2015": 243.13102269172663, "total_built_mass_tons": 248668.61114540807, "city_id": 3532, "country_iso": "UKR"}, {"h3index": "871e652cdffffff", "population_2015": 782.8346592201907, "total_built_mass_tons": 314564.2579012207, "city_id": 3532, "country_iso": "UKR"}, {"h3index": "871e652ceffffff", "population_2015": 7037.60674699802, "total_built_mass_tons": 2099700.10791814, "city_id": 3532, "country_iso": "UKR"}, {"h3index": "871e652d8ffffff", "population_2015": 15639.68069610222, "total_built_mass_tons": 3438956.414739057, "city_id": 3532, "country_iso": "UKR"}, {"h3index": "871e652d9ffffff", "population_2015": 22106.66875836243, "total_built_mass_tons": 4198359.257639745, "city_id": 3532, "country_iso": "UKR"}, {"h3index": "871e652daffffff", "population_2015": 6716.107333182354, "total_built_mass_tons": 1848406.1290205987, "city_id": 3532, "country_iso": "UKR"}, {"h3index": "871e652dbffffff", "population_2015": 13822.44032048618, "total_built_mass_tons": 3083439.5284527745, "city_id": 3532, "country_iso": "UKR"}, {"h3index": "871e652dcffffff", "population_2015": 11884.188985854506, "total_built_mass_tons": 2874079.7959031854, "city_id": 3532, "country_iso": "UKR"}, {"h3index": "871e652ddffffff", "population_2015": 21593.741520825555, "total_built_mass_tons": 4585797.053237708, "city_id": 3532, "country_iso": "UKR"}, {"h3index": "871e652deffffff", "population_2015": 2015.956488854511, "total_built_mass_tons": 579153.6444910767, "city_id": 3532, "country_iso": "UKR"}]