[{"h3index": "8760910b2ffffff", "population_2015": 18.97678658728506, "total_built_mass_tons": 6577.119315613106, "city_id": 7547, "country_iso": "IND"}, {"h3index": "8760910b6ffffff", "population_2015": 1807.0761436088417, "total_built_mass_tons": 122181.61397156796, "city_id": 7547, "country_iso": "IND"}, {"h3index": "876091540ffffff", "population_2015": 26.77108610564587, "total_built_mass_tons": 6496.617099728889, "city_id": 7547, "country_iso": "IND"}, {"h3index": "876091541ffffff", "population_2015": 8789.242675564337, "total_built_mass_tons": 951492.9415988228, "city_id": 7547, "country_iso": "IND"}, {"h3index": "876091544ffffff", "population_2015": 20.103124618530273, "total_built_mass_tons": 16040.432607355477, "city_id": 7547, "country_iso": "IND"}, {"h3index": "876091545ffffff", "population_2015": 2239.2380512087952, "total_built_mass_tons": 378206.9518913929, "city_id": 7547, "country_iso": "IND"}, {"h3index": "876091548ffffff", "population_2015": 4196.804943286671, "total_built_mass_tons": 280642.01525993575, "city_id": 7547, "country_iso": "IND"}, {"h3index": "876091549ffffff", "population_2015": 75.55159093071433, "total_built_mass_tons": 68802.24758295923, "city_id": 7547, "country_iso": "IND"}, {"h3index": "87609154cffffff", "population_2015": 41490.01310583378, "total_built_mass_tons": 2227625.6889156527, "city_id": 7547, "country_iso": "IND"}, {"h3index": "87609154dffffff", "population_2015": 33009.58060672236, "total_built_mass_tons": 2201502.6002246733, "city_id": 7547, "country_iso": "IND"}, {"h3index": "87609154effffff", "population_2015": 6814.292454281975, "total_built_mass_tons": 414832.6009610832, "city_id": 7547, "country_iso": "IND"}, {"h3index": "876091560ffffff", "population_2015": 4426.910020880604, "total_built_mass_tons": 814247.842212152, "city_id": 7547, "country_iso": "IND"}, {"h3index": "876091561ffffff", "population_2015": 1367.7093186995564, "total_built_mass_tons": 182647.24001695664, "city_id": 7547, "country_iso": "IND"}, {"h3index": "876091562ffffff", "population_2015": 397.5942063200707, "total_built_mass_tons": 79901.05219948106, "city_id": 7547, "country_iso": "IND"}, {"h3index": "876091563ffffff", "population_2015": 3656.6010507209626, "total_built_mass_tons": 386250.6621503463, "city_id": 7547, "country_iso": "IND"}, {"h3index": "876091565ffffff", "population_2015": 446.9777646981034, "total_built_mass_tons": 57714.669671276184, "city_id": 7547, "country_iso": "IND"}, {"h3index": "876091568ffffff", "population_2015": 16547.00891162648, "total_built_mass_tons": 1894341.061674687, "city_id": 7547, "country_iso": "IND"}, {"h3index": "876091569ffffff", "population_2015": 13.560233116149902, "total_built_mass_tons": 5210.881175915293, "city_id": 7547, "country_iso": "IND"}, {"h3index": "87609156affffff", "population_2015": 20986.427227282067, "total_built_mass_tons": 1909258.124985489, "city_id": 7547, "country_iso": "IND"}, {"h3index": "87609156bffffff", "population_2015": 21262.037973755487, "total_built_mass_tons": 1366991.0848915295, "city_id": 7547, "country_iso": "IND"}, {"h3index": "87609156cffffff", "population_2015": 3191.9167911080754, "total_built_mass_tons": 334857.43276500737, "city_id": 7547, "country_iso": "IND"}, {"h3index": "87609156effffff", "population_2015": 6599.410895254097, "total_built_mass_tons": 895240.952012185, "city_id": 7547, "country_iso": "IND"}]