[{"h3index": "87195cca2ffffff", "population_2015": 1520.2162090806405, "total_built_mass_tons": 432332.2920182154, "city_id": 1781, "country_iso": "GBR"}, {"h3index": "87195cca4ffffff", "population_2015": 131.15907996191697, "total_built_mass_tons": 391082.0753124974, "city_id": 1781, "country_iso": "GBR"}, {"h3index": "87195cca6ffffff", "population_2015": 5282.222213946836, "total_built_mass_tons": 2356093.061063997, "city_id": 1781, "country_iso": "GBR"}, {"h3index": "87195ccb4ffffff", "population_2015": 2010.6301692425031, "total_built_mass_tons": 486264.11047066463, "city_id": 1781, "country_iso": "GBR"}, {"h3index": "87195ccb5ffffff", "population_2015": 4572.836899802264, "total_built_mass_tons": 1379354.8528389423, "city_id": 1781, "country_iso": "GBR"}, {"h3index": "87195cd98ffffff", "population_2015": 11556.155692236563, "total_built_mass_tons": 2225776.847993623, "city_id": 1781, "country_iso": "GBR"}, {"h3index": "87195cd99ffffff", "population_2015": 7142.90252974384, "total_built_mass_tons": 3292821.355277349, "city_id": 1781, "country_iso": "GBR"}, {"h3index": "87195cd9affffff", "population_2015": 3068.1610323459504, "total_built_mass_tons": 1048670.588354102, "city_id": 1781, "country_iso": "GBR"}, {"h3index": "87195cd9bffffff", "population_2015": 17378.685892430476, "total_built_mass_tons": 3895653.222494936, "city_id": 1781, "country_iso": "GBR"}, {"h3index": "87195cd9dffffff", "population_2015": 4.017369943506577, "total_built_mass_tons": 5520.516825328097, "city_id": 1781, "country_iso": "GBR"}]