[{"h3index":"8741b5610ffffff","population_2015":18792.7359447928,"total_built_mass_tons":2094686.2764687815,"city_id":12580,"country_iso":"CHN"},{"h3index":"8741b5611ffffff","population_2015":1547.6952961819,"total_built_mass_tons":264982.0178494295,"city_id":12580,"country_iso":"CHN"},{"h3index":"8741b5612ffffff","population_2015":15741.678545144,"total_built_mass_tons":2072143.9673252404,"city_id":12580,"country_iso":"CHN"},{"h3index":"8741b5613ffffff","population_2015":897.5278047599,"total_built_mass_tons":205408.7992737335,"city_id":12580,"country_iso":"CHN"},{"h3index":"8741b5616ffffff","population_2015":10739.3281729904,"total_built_mass_tons":1675863.4639291954,"city_id":12580,"country_iso":"CHN"},{"h3index":"8741b56a0ffffff","population_2015":39.8875527101,"total_built_mass_tons":57432.270360601,"city_id":12580,"country_iso":"CHN"},{"h3index":"8741b56a1ffffff","population_2015":773.1572957619,"total_built_mass_tons":261632.3299196641,"city_id":12580,"country_iso":"CHN"},{"h3index":"8741b56a5ffffff","population_2015":743.7142256092,"total_built_mass_tons":187344.0907638911,"city_id":12580,"country_iso":"CHN"}]