[{"h3index":"873182a50ffffff","population_2015":61.7633972953,"total_built_mass_tons":32292.3390345753,"city_id":10704,"country_iso":"CHN"},{"h3index":"873182a51ffffff","population_2015":4840.4156783815,"total_built_mass_tons":939989.530516436,"city_id":10704,"country_iso":"CHN"},{"h3index":"873182a53ffffff","population_2015":9751.352196125,"total_built_mass_tons":1710255.1123921359,"city_id":10704,"country_iso":"CHN"},{"h3index":"873182a58ffffff","population_2015":6046.3326736805,"total_built_mass_tons":2155591.5028036274,"city_id":10704,"country_iso":"CHN"},{"h3index":"873182a59ffffff","population_2015":2088.2181954309,"total_built_mass_tons":855872.8061258538,"city_id":10704,"country_iso":"CHN"},{"h3index":"873182a5affffff","population_2015":1940.5207946291,"total_built_mass_tons":567441.5404515961,"city_id":10704,"country_iso":"CHN"},{"h3index":"873182a5bffffff","population_2015":1393.038492962,"total_built_mass_tons":857460.6050335122,"city_id":10704,"country_iso":"CHN"},{"h3index":"873182a5cffffff","population_2015":217.7886186319,"total_built_mass_tons":124207.812278226,"city_id":10704,"country_iso":"CHN"},{"h3index":"873182a5dffffff","population_2015":13.9145001505,"total_built_mass_tons":24792.5633249298,"city_id":10704,"country_iso":"CHN"},{"h3index":"873182a5effffff","population_2015":11809.4885373677,"total_built_mass_tons":3037050.5977019919,"city_id":10704,"country_iso":"CHN"},{"h3index":"873182aecffffff","population_2015":97.2412774189,"total_built_mass_tons":140576.8099236032,"city_id":10704,"country_iso":"CHN"},{"h3index":"873182aedffffff","population_2015":3200.1310727821,"total_built_mass_tons":1280623.2035778745,"city_id":10704,"country_iso":"CHN"},{"h3index":"873183da4ffffff","population_2015":363.8464341463,"total_built_mass_tons":156200.4402276481,"city_id":10704,"country_iso":"CHN"},{"h3index":"873183da6ffffff","population_2015":209.8932187585,"total_built_mass_tons":136870.9106053727,"city_id":10704,"country_iso":"CHN"}]