[{"h3index":"87382e891ffffff","population_2015":2027.8830902922,"total_built_mass_tons":392144.6829155273,"city_id":1962,"country_iso":"DZA"},{"h3index":"87382e893ffffff","population_2015":8173.6708402297,"total_built_mass_tons":1449896.5175789159,"city_id":1962,"country_iso":"DZA"},{"h3index":"87382e89effffff","population_2015":12.706970888,"total_built_mass_tons":3700.5672908141,"city_id":1962,"country_iso":"DZA"},{"h3index":"87382ec40ffffff","population_2015":435.5264603278,"total_built_mass_tons":124148.3445785024,"city_id":1962,"country_iso":"DZA"},{"h3index":"87382ec41ffffff","population_2015":17.9826928157,"total_built_mass_tons":18550.0979398808,"city_id":1962,"country_iso":"DZA"},{"h3index":"87382ec44ffffff","population_2015":1208.3119448437,"total_built_mass_tons":500933.0447234339,"city_id":1962,"country_iso":"DZA"},{"h3index":"87382ec45ffffff","population_2015":5930.5393759522,"total_built_mass_tons":1493504.0910147266,"city_id":1962,"country_iso":"DZA"},{"h3index":"87382ec46ffffff","population_2015":115.0936590232,"total_built_mass_tons":35192.8201071997,"city_id":1962,"country_iso":"DZA"},{"h3index":"87382ec4cffffff","population_2015":122.6392779556,"total_built_mass_tons":39532.0185926112,"city_id":1962,"country_iso":"DZA"},{"h3index":"87382ec61ffffff","population_2015":234.8806891348,"total_built_mass_tons":31245.1559341817,"city_id":1962,"country_iso":"DZA"},{"h3index":"87382ec63ffffff","population_2015":8351.9944027564,"total_built_mass_tons":1410215.3971309816,"city_id":1962,"country_iso":"DZA"},{"h3index":"87382ec68ffffff","population_2015":34238.7701766519,"total_built_mass_tons":4499707.7665208289,"city_id":1962,"country_iso":"DZA"},{"h3index":"87382ec69ffffff","population_2015":161.4108602486,"total_built_mass_tons":100563.5336033991,"city_id":1962,"country_iso":"DZA"},{"h3index":"87382ec6affffff","population_2015":3947.6623644997,"total_built_mass_tons":570012.2395212535,"city_id":1962,"country_iso":"DZA"},{"h3index":"87382ec6bffffff","population_2015":2392.1486112482,"total_built_mass_tons":429729.8621498584,"city_id":1962,"country_iso":"DZA"},{"h3index":"87382ec6cffffff","population_2015":16614.0547668906,"total_built_mass_tons":2292487.1003325107,"city_id":1962,"country_iso":"DZA"},{"h3index":"87382ec6dffffff","population_2015":2825.8630518446,"total_built_mass_tons":474670.1009321943,"city_id":1962,"country_iso":"DZA"},{"h3index":"87382ec6effffff","population_2015":34266.7950255749,"total_built_mass_tons":3829982.5200111289,"city_id":1962,"country_iso":"DZA"}]