[{"h3index": "872a84089ffffff", "population_2015": 56.986803325952266, "total_built_mass_tons": 47943.78564054344, "city_id": 819, "country_iso": "USA"}, {"h3index": "872a8408bffffff", "population_2015": 1895.031716133099, "total_built_mass_tons": 871423.4873338355, "city_id": 819, "country_iso": "USA"}, {"h3index": "872a84092ffffff", "population_2015": 152.12937474274167, "total_built_mass_tons": 148379.15905714635, "city_id": 819, "country_iso": "USA"}, {"h3index": "872a84098ffffff", "population_2015": 142.71249537935444, "total_built_mass_tons": 36649.073133302736, "city_id": 819, "country_iso": "USA"}, {"h3index": "872a8409affffff", "population_2015": 3323.6974505445532, "total_built_mass_tons": 1293348.429444719, "city_id": 819, "country_iso": "USA"}, {"h3index": "872a8409bffffff", "population_2015": 2702.5926498593367, "total_built_mass_tons": 1497133.2740097777, "city_id": 819, "country_iso": "USA"}, {"h3index": "872a840d2ffffff", "population_2015": 338.1714895222701, "total_built_mass_tons": 227387.83294839284, "city_id": 819, "country_iso": "USA"}, {"h3index": "872a840d3ffffff", "population_2015": 1685.8819028356495, "total_built_mass_tons": 425009.6721645093, "city_id": 819, "country_iso": "USA"}, {"h3index": "872a840d6ffffff", "population_2015": 1880.313205346524, "total_built_mass_tons": 924454.5007968396, "city_id": 819, "country_iso": "USA"}, {"h3index": "872a840daffffff", "population_2015": 2972.1127180773256, "total_built_mass_tons": 1109064.968496346, "city_id": 819, "country_iso": "USA"}, {"h3index": "872a84443ffffff", "population_2015": 3535.9840515305027, "total_built_mass_tons": 867222.0921245473, "city_id": 819, "country_iso": "USA"}, {"h3index": "872a84444ffffff", "population_2015": 179.15843803976094, "total_built_mass_tons": 79574.4416386405, "city_id": 819, "country_iso": "USA"}, {"h3index": "872a84445ffffff", "population_2015": 522.9862161257688, "total_built_mass_tons": 552056.2306859964, "city_id": 819, "country_iso": "USA"}, {"h3index": "872a84448ffffff", "population_2015": 7676.283586433004, "total_built_mass_tons": 2462986.5238848226, "city_id": 819, "country_iso": "USA"}, {"h3index": "872a84449ffffff", "population_2015": 8888.541516599353, "total_built_mass_tons": 4034234.987107835, "city_id": 819, "country_iso": "USA"}, {"h3index": "872a8444affffff", "population_2015": 5184.8940428108435, "total_built_mass_tons": 3373130.0246921936, "city_id": 819, "country_iso": "USA"}, {"h3index": "872a8444bffffff", "population_2015": 3891.3222260505822, "total_built_mass_tons": 2472439.402604519, "city_id": 819, "country_iso": "USA"}, {"h3index": "872a8444cffffff", "population_2015": 8.810592026804008, "total_built_mass_tons": 6579.223319610695, "city_id": 819, "country_iso": "USA"}, {"h3index": "872a8444dffffff", "population_2015": 1335.12159832716, "total_built_mass_tons": 519005.81001495256, "city_id": 819, "country_iso": "USA"}, {"h3index": "872a8444effffff", "population_2015": 7631.296459476735, "total_built_mass_tons": 2251289.2749284776, "city_id": 819, "country_iso": "USA"}, {"h3index": "872a84451ffffff", "population_2015": 63.11432805657387, "total_built_mass_tons": 82392.41203504833, "city_id": 819, "country_iso": "USA"}, {"h3index": "872a84458ffffff", "population_2015": 1268.089115916514, "total_built_mass_tons": 1090601.524681597, "city_id": 819, "country_iso": "USA"}, {"h3index": "872a84459ffffff", "population_2015": 4369.382011399653, "total_built_mass_tons": 1687653.2333655022, "city_id": 819, "country_iso": "USA"}, {"h3index": "872a8445affffff", "population_2015": 11.886447855538012, "total_built_mass_tons": 16086.32112423512, "city_id": 819, "country_iso": "USA"}, {"h3index": "872a8445bffffff", "population_2015": 318.3362635668585, "total_built_mass_tons": 180868.35906780712, "city_id": 819, "country_iso": "USA"}, {"h3index": "872a8445cffffff", "population_2015": 1643.3354913944709, "total_built_mass_tons": 1678738.507208718, "city_id": 819, "country_iso": "USA"}, {"h3index": "872a8445dffffff", "population_2015": 2697.792322594628, "total_built_mass_tons": 2145712.6756970226, "city_id": 819, "country_iso": "USA"}, {"h3index": "872a8445effffff", "population_2015": 450.2290661448357, "total_built_mass_tons": 1945966.216739563, "city_id": 819, "country_iso": "USA"}, {"h3index": "872a84460ffffff", "population_2015": 1099.6517803318363, "total_built_mass_tons": 730120.0455924347, "city_id": 819, "country_iso": "USA"}, {"h3index": "872a84461ffffff", "population_2015": 2778.444735777145, "total_built_mass_tons": 1107009.2604093596, "city_id": 819, "country_iso": "USA"}, {"h3index": "872a84462ffffff", "population_2015": 2297.097059066448, "total_built_mass_tons": 1762115.7984391693, "city_id": 819, "country_iso": "USA"}, {"h3index": "872a84463ffffff", "population_2015": 3573.3588769230187, "total_built_mass_tons": 2190506.9108457286, "city_id": 819, "country_iso": "USA"}, {"h3index": "872a84466ffffff", "population_2015": 93.02154994010924, "total_built_mass_tons": 87590.51021852599, "city_id": 819, "country_iso": "USA"}, {"h3index": "872a84468ffffff", "population_2015": 958.0369089063475, "total_built_mass_tons": 575574.2212646729, "city_id": 819, "country_iso": "USA"}, {"h3index": "872a84469ffffff", "population_2015": 3540.757229695016, "total_built_mass_tons": 1616397.6437734654, "city_id": 819, "country_iso": "USA"}, {"h3index": "872a8446affffff", "population_2015": 32.79497659066145, "total_built_mass_tons": 68526.06211916408, "city_id": 819, "country_iso": "USA"}, {"h3index": "872a8446cffffff", "population_2015": 1735.7533214565292, "total_built_mass_tons": 1290278.5660168035, "city_id": 819, "country_iso": "USA"}, {"h3index": "872a8446dffffff", "population_2015": 1756.0225769289716, "total_built_mass_tons": 1088412.4933864763, "city_id": 819, "country_iso": "USA"}, {"h3index": "872a8446effffff", "population_2015": 2464.847451575247, "total_built_mass_tons": 1338460.532988696, "city_id": 819, "country_iso": "USA"}, {"h3index": "872a84475ffffff", "population_2015": 292.55416345879723, "total_built_mass_tons": 393046.12024403753, "city_id": 819, "country_iso": "USA"}, {"h3index": "872a84606ffffff", "population_2015": 617.0831566427266, "total_built_mass_tons": 276942.125302083, "city_id": 819, "country_iso": "USA"}, {"h3index": "872a84614ffffff", "population_2015": 979.4593270785668, "total_built_mass_tons": 345510.99963162414, "city_id": 819, "country_iso": "USA"}, {"h3index": "872a84620ffffff", "population_2015": 855.7303484096246, "total_built_mass_tons": 418797.091929528, "city_id": 819, "country_iso": "USA"}, {"h3index": "872a84624ffffff", "population_2015": 2050.6548975361907, "total_built_mass_tons": 1954524.5277068864, "city_id": 819, "country_iso": "USA"}, {"h3index": "872a84625ffffff", "population_2015": 21.030460141336217, "total_built_mass_tons": 70961.22053318555, "city_id": 819, "country_iso": "USA"}, {"h3index": "872a84626ffffff", "population_2015": 3524.655734131885, "total_built_mass_tons": 1536224.2866382557, "city_id": 819, "country_iso": "USA"}, {"h3index": "872a84630ffffff", "population_2015": 3436.0876609557986, "total_built_mass_tons": 2247138.7873445875, "city_id": 819, "country_iso": "USA"}, {"h3index": "872a84631ffffff", "population_2015": 1307.589348439843, "total_built_mass_tons": 686354.0992613328, "city_id": 819, "country_iso": "USA"}, {"h3index": "872a84632ffffff", "population_2015": 2325.668763762303, "total_built_mass_tons": 1082948.3011629635, "city_id": 819, "country_iso": "USA"}, {"h3index": "872a84633ffffff", "population_2015": 3309.868033438805, "total_built_mass_tons": 1323246.2055335904, "city_id": 819, "country_iso": "USA"}, {"h3index": "872a84634ffffff", "population_2015": 3139.939597400029, "total_built_mass_tons": 2057727.9936401944, "city_id": 819, "country_iso": "USA"}, {"h3index": "872a84635ffffff", "population_2015": 169.14202243790908, "total_built_mass_tons": 178579.83286657458, "city_id": 819, "country_iso": "USA"}, {"h3index": "872a84636ffffff", "population_2015": 3864.9829421206873, "total_built_mass_tons": 2416332.094830714, "city_id": 819, "country_iso": "USA"}, {"h3index": "872a84700ffffff", "population_2015": 3081.613302732215, "total_built_mass_tons": 1985789.878996846, "city_id": 819, "country_iso": "USA"}, {"h3index": "872a84701ffffff", "population_2015": 6826.394841222609, "total_built_mass_tons": 2477775.583367162, "city_id": 819, "country_iso": "USA"}, {"h3index": "872a84702ffffff", "population_2015": 1587.5868971171149, "total_built_mass_tons": 1536286.479049733, "city_id": 819, "country_iso": "USA"}, {"h3index": "872a84703ffffff", "population_2015": 809.3717135918198, "total_built_mass_tons": 1198110.8409160771, "city_id": 819, "country_iso": "USA"}, {"h3index": "872a84704ffffff", "population_2015": 11711.31428287784, "total_built_mass_tons": 2885397.324505754, "city_id": 819, "country_iso": "USA"}, {"h3index": "872a84705ffffff", "population_2015": 6182.9591552661905, "total_built_mass_tons": 3012569.041335726, "city_id": 819, "country_iso": "USA"}, {"h3index": "872a84706ffffff", "population_2015": 7370.149325829044, "total_built_mass_tons": 2866908.5307540484, "city_id": 819, "country_iso": "USA"}, {"h3index": "872a84708ffffff", "population_2015": 1516.008532263383, "total_built_mass_tons": 1953434.232903767, "city_id": 819, "country_iso": "USA"}, {"h3index": "872a84709ffffff", "population_2015": 2151.7243688929607, "total_built_mass_tons": 1014661.7265205436, "city_id": 819, "country_iso": "USA"}, {"h3index": "872a8470affffff", "population_2015": 510.5562463090116, "total_built_mass_tons": 2213951.5753073203, "city_id": 819, "country_iso": "USA"}, {"h3index": "872a8470bffffff", "population_2015": 19.819989116519103, "total_built_mass_tons": 13325.242684780456, "city_id": 819, "country_iso": "USA"}, {"h3index": "872a8470cffffff", "population_2015": 2593.4043327895156, "total_built_mass_tons": 1504030.0454931436, "city_id": 819, "country_iso": "USA"}, {"h3index": "872a8470dffffff", "population_2015": 3466.9877340884173, "total_built_mass_tons": 2332856.3777560364, "city_id": 819, "country_iso": "USA"}, {"h3index": "872a8470effffff", "population_2015": 3312.927326289637, "total_built_mass_tons": 1799669.9823158623, "city_id": 819, "country_iso": "USA"}, {"h3index": "872a84710ffffff", "population_2015": 10642.115547014337, "total_built_mass_tons": 3627047.0430928296, "city_id": 819, "country_iso": "USA"}, {"h3index": "872a84711ffffff", "population_2015": 9297.75258066713, "total_built_mass_tons": 2769545.772559577, "city_id": 819, "country_iso": "USA"}, {"h3index": "872a84712ffffff", "population_2015": 4023.6495389125953, "total_built_mass_tons": 2272860.8397835605, "city_id": 819, "country_iso": "USA"}, {"h3index": "872a84713ffffff", "population_2015": 9073.940471782988, "total_built_mass_tons": 2761388.3088438674, "city_id": 819, "country_iso": "USA"}, {"h3index": "872a84714ffffff", "population_2015": 10579.025504816043, "total_built_mass_tons": 5824447.425376806, "city_id": 819, "country_iso": "USA"}, {"h3index": "872a84715ffffff", "population_2015": 10306.232199614333, "total_built_mass_tons": 3328207.514908648, "city_id": 819, "country_iso": "USA"}, {"h3index": "872a84716ffffff", "population_2015": 3624.0176509059825, "total_built_mass_tons": 2837261.6137664816, "city_id": 819, "country_iso": "USA"}, {"h3index": "872a84718ffffff", "population_2015": 7893.276267015293, "total_built_mass_tons": 2519912.9618909955, "city_id": 819, "country_iso": "USA"}, {"h3index": "872a84719ffffff", "population_2015": 3522.8373983567244, "total_built_mass_tons": 2496305.6445335103, "city_id": 819, "country_iso": "USA"}, {"h3index": "872a8471affffff", "population_2015": 5748.725391118665, "total_built_mass_tons": 2431234.4024239434, "city_id": 819, "country_iso": "USA"}, {"h3index": "872a8471bffffff", "population_2015": 6037.8636702507165, "total_built_mass_tons": 2568086.4420011286, "city_id": 819, "country_iso": "USA"}, {"h3index": "872a8471cffffff", "population_2015": 7778.265510891813, "total_built_mass_tons": 2584095.418767525, "city_id": 819, "country_iso": "USA"}, {"h3index": "872a8471dffffff", "population_2015": 1440.955738025743, "total_built_mass_tons": 1067809.8216889712, "city_id": 819, "country_iso": "USA"}, {"h3index": "872a8471effffff", "population_2015": 7169.101681027925, "total_built_mass_tons": 2602003.674095168, "city_id": 819, "country_iso": "USA"}, {"h3index": "872a84720ffffff", "population_2015": 7775.679366626109, "total_built_mass_tons": 2515603.1369396653, "city_id": 819, "country_iso": "USA"}, {"h3index": "872a84721ffffff", "population_2015": 3175.8748546032934, "total_built_mass_tons": 1661663.927176692, "city_id": 819, "country_iso": "USA"}, {"h3index": "872a84722ffffff", "population_2015": 9528.966553283864, "total_built_mass_tons": 3529708.318804669, "city_id": 819, "country_iso": "USA"}, {"h3index": "872a84723ffffff", "population_2015": 11279.056851653258, "total_built_mass_tons": 3469644.0206119134, "city_id": 819, "country_iso": "USA"}, {"h3index": "872a84724ffffff", "population_2015": 464.6160370951189, "total_built_mass_tons": 186983.7175319481, "city_id": 819, "country_iso": "USA"}, {"h3index": "872a84725ffffff", "population_2015": 3450.3689320601975, "total_built_mass_tons": 1450852.6149343662, "city_id": 819, "country_iso": "USA"}, {"h3index": "872a84726ffffff", "population_2015": 4532.520779922431, "total_built_mass_tons": 1541193.5984254149, "city_id": 819, "country_iso": "USA"}, {"h3index": "872a84728ffffff", "population_2015": 3593.333076700452, "total_built_mass_tons": 2734611.4176831995, "city_id": 819, "country_iso": "USA"}, {"h3index": "872a84729ffffff", "population_2015": 1781.8098611291718, "total_built_mass_tons": 2021079.6400260672, "city_id": 819, "country_iso": "USA"}, {"h3index": "872a8472affffff", "population_2015": 5010.686674461179, "total_built_mass_tons": 2722360.0006027054, "city_id": 819, "country_iso": "USA"}, {"h3index": "872a8472bffffff", "population_2015": 3269.047997257114, "total_built_mass_tons": 2745959.578525324, "city_id": 819, "country_iso": "USA"}, {"h3index": "872a8472cffffff", "population_2015": 4799.318668645212, "total_built_mass_tons": 1867421.0191013112, "city_id": 819, "country_iso": "USA"}, {"h3index": "872a8472dffffff", "population_2015": 3752.9496644774767, "total_built_mass_tons": 2121183.457019529, "city_id": 819, "country_iso": "USA"}, {"h3index": "872a8472effffff", "population_2015": 6123.415950193196, "total_built_mass_tons": 2231410.233378904, "city_id": 819, "country_iso": "USA"}, {"h3index": "872a84730ffffff", "population_2015": 15434.48282085792, "total_built_mass_tons": 4267810.654476778, "city_id": 819, "country_iso": "USA"}, {"h3index": "872a84731ffffff", "population_2015": 17365.147779009745, "total_built_mass_tons": 4192134.566666577, "city_id": 819, "country_iso": "USA"}, {"h3index": "872a84732ffffff", "population_2015": 5340.7421226787965, "total_built_mass_tons": 3208549.956383061, "city_id": 819, "country_iso": "USA"}, {"h3index": "872a84733ffffff", "population_2015": 20664.559809557188, "total_built_mass_tons": 5986990.6214694735, "city_id": 819, "country_iso": "USA"}, {"h3index": "872a84734ffffff", "population_2015": 7411.796337167423, "total_built_mass_tons": 2783407.8537329086, "city_id": 819, "country_iso": "USA"}, {"h3index": "872a84735ffffff", "population_2015": 14979.483584852547, "total_built_mass_tons": 4650823.085639644, "city_id": 819, "country_iso": "USA"}, {"h3index": "872a84736ffffff", "population_2015": 4565.916300234841, "total_built_mass_tons": 2071420.8885708272, "city_id": 819, "country_iso": "USA"}, {"h3index": "872a84746ffffff", "population_2015": 55.98473142455605, "total_built_mass_tons": 105467.24272242424, "city_id": 819, "country_iso": "USA"}, {"h3index": "872a84754ffffff", "population_2015": 750.4068377990349, "total_built_mass_tons": 363372.40118439065, "city_id": 819, "country_iso": "USA"}, {"h3index": "872a84770ffffff", "population_2015": 6300.607558847876, "total_built_mass_tons": 2452892.48634027, "city_id": 819, "country_iso": "USA"}, {"h3index": "872a84771ffffff", "population_2015": 35.14000062568515, "total_built_mass_tons": 31068.82094056887, "city_id": 819, "country_iso": "USA"}, {"h3index": "872a84772ffffff", "population_2015": 7281.352185028326, "total_built_mass_tons": 3096459.420844334, "city_id": 819, "country_iso": "USA"}, {"h3index": "872a84773ffffff", "population_2015": 2253.119464884669, "total_built_mass_tons": 1515320.255891926, "city_id": 819, "country_iso": "USA"}, {"h3index": "872a84774ffffff", "population_2015": 1330.6600890375817, "total_built_mass_tons": 748000.69371582, "city_id": 819, "country_iso": "USA"}, {"h3index": "872a84775ffffff", "population_2015": 428.57249611025935, "total_built_mass_tons": 368346.7811496108, "city_id": 819, "country_iso": "USA"}, {"h3index": "872a84776ffffff", "population_2015": 3957.5702278553417, "total_built_mass_tons": 2459046.289985096, "city_id": 819, "country_iso": "USA"}, {"h3index": "872a84781ffffff", "population_2015": 107.02620938642352, "total_built_mass_tons": 974477.4423838084, "city_id": 819, "country_iso": "USA"}, {"h3index": "872a84784ffffff", "population_2015": 8.07161139273176, "total_built_mass_tons": 25715.86426102773, "city_id": 819, "country_iso": "USA"}, {"h3index": "872a84785ffffff", "population_2015": 2713.1283768553944, "total_built_mass_tons": 1491780.526414497, "city_id": 819, "country_iso": "USA"}, {"h3index": "872a84788ffffff", "population_2015": 652.0242364267217, "total_built_mass_tons": 430493.4120982008, "city_id": 819, "country_iso": "USA"}, {"h3index": "872a84789ffffff", "population_2015": 616.559192285117, "total_built_mass_tons": 328016.4671407794, "city_id": 819, "country_iso": "USA"}, {"h3index": "872a8478cffffff", "population_2015": 4306.630410798339, "total_built_mass_tons": 2523050.847164507, "city_id": 819, "country_iso": "USA"}, {"h3index": "872a8478dffffff", "population_2015": 975.8449214601048, "total_built_mass_tons": 889998.6936887035, "city_id": 819, "country_iso": "USA"}, {"h3index": "872a8478effffff", "population_2015": 664.1959907833998, "total_built_mass_tons": 898697.8905167263, "city_id": 819, "country_iso": "USA"}, {"h3index": "872a847a0ffffff", "population_2015": 2832.956145455745, "total_built_mass_tons": 1765389.3012985275, "city_id": 819, "country_iso": "USA"}, {"h3index": "872a847a1ffffff", "population_2015": 2582.167232121733, "total_built_mass_tons": 2375569.182187408, "city_id": 819, "country_iso": "USA"}, {"h3index": "872a847a3ffffff", "population_2015": 3043.635298825946, "total_built_mass_tons": 1721264.2856299975, "city_id": 819, "country_iso": "USA"}, {"h3index": "872a847a4ffffff", "population_2015": 6844.652031595333, "total_built_mass_tons": 2772815.171701023, "city_id": 819, "country_iso": "USA"}, {"h3index": "872a847a5ffffff", "population_2015": 7592.658486315318, "total_built_mass_tons": 2768233.5828256644, "city_id": 819, "country_iso": "USA"}, {"h3index": "872a847a6ffffff", "population_2015": 9.029590970327092, "total_built_mass_tons": 420660.60238722025, "city_id": 819, "country_iso": "USA"}, {"h3index": "872a847a8ffffff", "population_2015": 8993.132429447123, "total_built_mass_tons": 2936169.132378349, "city_id": 819, "country_iso": "USA"}, {"h3index": "872a847a9ffffff", "population_2015": 6708.094740819467, "total_built_mass_tons": 2191509.216380302, "city_id": 819, "country_iso": "USA"}, {"h3index": "872a847aaffffff", "population_2015": 4119.747417893597, "total_built_mass_tons": 2385117.2683364656, "city_id": 819, "country_iso": "USA"}, {"h3index": "872a847abffffff", "population_2015": 4033.851359547587, "total_built_mass_tons": 1714933.565464307, "city_id": 819, "country_iso": "USA"}, {"h3index": "872a847acffffff", "population_2015": 11353.618581666778, "total_built_mass_tons": 2973329.1131505175, "city_id": 819, "country_iso": "USA"}, {"h3index": "872a847adffffff", "population_2015": 9425.954835226015, "total_built_mass_tons": 2713816.7065670243, "city_id": 819, "country_iso": "USA"}, {"h3index": "872a847aeffffff", "population_2015": 6959.466539231526, "total_built_mass_tons": 2560649.8076542104, "city_id": 819, "country_iso": "USA"}]