[{"h3index":"873cd1a1affffff","population_2015":353.0418777466,"total_built_mass_tons":50136.4427857018,"city_id":10071,"country_iso":"BGD"},{"h3index":"873cd1a1bffffff","population_2015":66.8172693253,"total_built_mass_tons":34070.2486005441,"city_id":10071,"country_iso":"BGD"},{"h3index":"873cd1a1effffff","population_2015":67.1459782021,"total_built_mass_tons":31123.3600597012,"city_id":10071,"country_iso":"BGD"},{"h3index":"873cd1aa9ffffff","population_2015":104.7743341783,"total_built_mass_tons":18924.7098183241,"city_id":10071,"country_iso":"BGD"},{"h3index":"873cd1af4ffffff","population_2015":108.8870140524,"total_built_mass_tons":52176.1188310382,"city_id":10071,"country_iso":"BGD"},{"h3index":"873cd1af5ffffff","population_2015":352.3297705706,"total_built_mass_tons":31953.6246513302,"city_id":10071,"country_iso":"BGD"},{"h3index":"873cd1af6ffffff","population_2015":12.0914230347,"total_built_mass_tons":9369.2630013641,"city_id":10071,"country_iso":"BGD"}]