[{"h3index":"87c2e8b80ffffff","population_2015":5637.3806437661,"total_built_mass_tons":2117390.719468425,"city_id":1077,"country_iso":"ARG"},{"h3index":"87c2e8b81ffffff","population_2015":3397.6954689447,"total_built_mass_tons":1294135.7874574957,"city_id":1077,"country_iso":"ARG"},{"h3index":"87c2e8b82ffffff","population_2015":6529.9704055973,"total_built_mass_tons":2513345.8401377546,"city_id":1077,"country_iso":"ARG"},{"h3index":"87c2e8b83ffffff","population_2015":8770.9604592379,"total_built_mass_tons":3544276.8764847042,"city_id":1077,"country_iso":"ARG"},{"h3index":"87c2e8b84ffffff","population_2015":7.338235023,"total_built_mass_tons":3628.5675083496,"city_id":1077,"country_iso":"ARG"},{"h3index":"87c2e8b85ffffff","population_2015":1077.5660451571,"total_built_mass_tons":448944.2157652901,"city_id":1077,"country_iso":"ARG"},{"h3index":"87c2e8b86ffffff","population_2015":978.9369895842,"total_built_mass_tons":421748.2590713475,"city_id":1077,"country_iso":"ARG"},{"h3index":"87c2e8b8effffff","population_2015":810.4037222114,"total_built_mass_tons":279908.9042529221,"city_id":1077,"country_iso":"ARG"},{"h3index":"87c2e8b91ffffff","population_2015":100.1533680374,"total_built_mass_tons":49738.9253393647,"city_id":1077,"country_iso":"ARG"},{"h3index":"87c2e8b95ffffff","population_2015":131.9309507108,"total_built_mass_tons":65037.4952047889,"city_id":1077,"country_iso":"ARG"},{"h3index":"87c2e8b9cffffff","population_2015":2084.6527873507,"total_built_mass_tons":841148.6816118502,"city_id":1077,"country_iso":"ARG"},{"h3index":"87c2e8b9dffffff","population_2015":2157.3235362633,"total_built_mass_tons":874048.4003180552,"city_id":1077,"country_iso":"ARG"}]