[{"h3index":"873cd9a41ffffff","population_2015":229.0512065887,"total_built_mass_tons":23294.0334169327,"city_id":10142,"country_iso":"MMR"},{"h3index":"873cd9a43ffffff","population_2015":6135.6448719174,"total_built_mass_tons":840726.8427865908,"city_id":10142,"country_iso":"MMR"},{"h3index":"873cd9a4affffff","population_2015":20.0291205013,"total_built_mass_tons":2981.7298663952,"city_id":10142,"country_iso":"MMR"},{"h3index":"873cd9a4effffff","population_2015":1218.8237287334,"total_built_mass_tons":319643.4712376206,"city_id":10142,"country_iso":"MMR"},{"h3index":"873cd9a58ffffff","population_2015":523.2330086428,"total_built_mass_tons":99462.6704981704,"city_id":10142,"country_iso":"MMR"},{"h3index":"873cd9a5cffffff","population_2015":1163.9992115769,"total_built_mass_tons":210028.5797578186,"city_id":10142,"country_iso":"MMR"},{"h3index":"873cd9a5dffffff","population_2015":8102.6393705779,"total_built_mass_tons":1144384.3790891883,"city_id":10142,"country_iso":"MMR"},{"h3index":"873cd9a5effffff","population_2015":18.1343946794,"total_built_mass_tons":9316.8699608489,"city_id":10142,"country_iso":"MMR"}]