[{"h3index":"876481b80ffffff","population_2015":238.590517907,"total_built_mass_tons":122982.3016354464,"city_id":10298,"country_iso":"MMR"},{"h3index":"876481b84ffffff","population_2015":202.0467100817,"total_built_mass_tons":104781.9226976421,"city_id":10298,"country_iso":"MMR"},{"h3index":"876481b85ffffff","population_2015":20.948484619,"total_built_mass_tons":10148.5513614005,"city_id":10298,"country_iso":"MMR"},{"h3index":"876481b86ffffff","population_2015":27.4996085391,"total_built_mass_tons":12555.3952709218,"city_id":10298,"country_iso":"MMR"}]