[{"h3index":"874011ac0ffffff","population_2015":5.6309759495,"total_built_mass_tons":15929.3167704108,"city_id":11093,"country_iso":"CHN"},{"h3index":"874011ac1ffffff","population_2015":4097.5446971365,"total_built_mass_tons":1093709.0328342789,"city_id":11093,"country_iso":"CHN"},{"h3index":"874011ac2ffffff","population_2015":485.1125530767,"total_built_mass_tons":150745.8137836076,"city_id":11093,"country_iso":"CHN"},{"h3index":"874011ac3ffffff","population_2015":9890.1271678887,"total_built_mass_tons":2333713.9474617317,"city_id":11093,"country_iso":"CHN"},{"h3index":"874011ac8ffffff","population_2015":406.6697621084,"total_built_mass_tons":164919.0117681837,"city_id":11093,"country_iso":"CHN"},{"h3index":"874011accffffff","population_2015":4356.7048778492,"total_built_mass_tons":1353978.1788713478,"city_id":11093,"country_iso":"CHN"},{"h3index":"874011acdffffff","population_2015":9.8113182068,"total_built_mass_tons":19525.0117588206,"city_id":11093,"country_iso":"CHN"},{"h3index":"874011aceffffff","population_2015":10803.2953850017,"total_built_mass_tons":3182231.0771831954,"city_id":11093,"country_iso":"CHN"},{"h3index":"874011adcffffff","population_2015":176.19500517,"total_built_mass_tons":38528.9570708409,"city_id":11093,"country_iso":"CHN"},{"h3index":"874011aeaffffff","population_2015":702.270980173,"total_built_mass_tons":143870.804377499,"city_id":11093,"country_iso":"CHN"}]