[{"h3index": "873ce3a10ffffff", "population_2015": 10008.911833310594, "total_built_mass_tons": 1203850.3738542553, "city_id": 9955, "country_iso": "IND"}, {"h3index": "873ce3a11ffffff", "population_2015": 11.966167524749158, "total_built_mass_tons": 6562.329808916501, "city_id": 9955, "country_iso": "IND"}, {"h3index": "873ce3a12ffffff", "population_2015": 8928.7965757557, "total_built_mass_tons": 983028.4770276956, "city_id": 9955, "country_iso": "IND"}, {"h3index": "873ce3a13ffffff", "population_2015": 174.1425565383013, "total_built_mass_tons": 21504.08379718494, "city_id": 9955, "country_iso": "IND"}, {"h3index": "873ce3a14ffffff", "population_2015": 7440.980483507642, "total_built_mass_tons": 1040988.4466058228, "city_id": 9955, "country_iso": "IND"}, {"h3index": "873ce3a16ffffff", "population_2015": 37028.9871387332, "total_built_mass_tons": 3436429.4320017127, "city_id": 9955, "country_iso": "IND"}, {"h3index": "873ce3a32ffffff", "population_2015": 4784.513262131635, "total_built_mass_tons": 566282.0234146549, "city_id": 9955, "country_iso": "IND"}, {"h3index": "873ce3a33ffffff", "population_2015": 65.68890761581122, "total_built_mass_tons": 10747.808488496035, "city_id": 9955, "country_iso": "IND"}, {"h3index": "873ce3aa5ffffff", "population_2015": 57.84002669839298, "total_built_mass_tons": 52609.547769598605, "city_id": 9955, "country_iso": "IND"}, {"h3index": "873ce3b88ffffff", "population_2015": 1252.3982299935583, "total_built_mass_tons": 276996.92926470283, "city_id": 9955, "country_iso": "IND"}, {"h3index": "873ce3b89ffffff", "population_2015": 39492.79175185411, "total_built_mass_tons": 3115155.7903066156, "city_id": 9955, "country_iso": "IND"}, {"h3index": "873ce3b8affffff", "population_2015": 7.270256491268382, "total_built_mass_tons": 11483.894237972429, "city_id": 9955, "country_iso": "IND"}, {"h3index": "873ce3b8bffffff", "population_2015": 12643.918913770189, "total_built_mass_tons": 910449.3429674818, "city_id": 9955, "country_iso": "IND"}, {"h3index": "873ce3b8dffffff", "population_2015": 308.9506633496752, "total_built_mass_tons": 134548.7830150736, "city_id": 9955, "country_iso": "IND"}]