[{"h3index":"87302d525ffffff","population_2015":205.2332915587,"total_built_mass_tons":69637.7694851555,"city_id":11969,"country_iso":"PRK"},{"h3index":"87302dcd0ffffff","population_2015":14.6961905461,"total_built_mass_tons":8195.2006564801,"city_id":11969,"country_iso":"PRK"},{"h3index":"87302dcd2ffffff","population_2015":1400.4495098563,"total_built_mass_tons":540387.6645282169,"city_id":11969,"country_iso":"PRK"},{"h3index":"87302dcd6ffffff","population_2015":177.2286910786,"total_built_mass_tons":59006.5940969815,"city_id":11969,"country_iso":"PRK"}]