[{"h3index":"874045a2dffffff","population_2015":10.4015621933,"total_built_mass_tons":3191.3550790403,"city_id":10314,"country_iso":"CHN"},{"h3index":"874045b40ffffff","population_2015":2502.6735846389,"total_built_mass_tons":356383.8107895514,"city_id":10314,"country_iso":"CHN"},{"h3index":"874045b42ffffff","population_2015":10619.7090827643,"total_built_mass_tons":1857634.564188268,"city_id":10314,"country_iso":"CHN"},{"h3index":"874045b43ffffff","population_2015":10879.00388103,"total_built_mass_tons":4924253.5068422547,"city_id":10314,"country_iso":"CHN"},{"h3index":"874045b51ffffff","population_2015":2176.9596612725,"total_built_mass_tons":570431.2756473499,"city_id":10314,"country_iso":"CHN"},{"h3index":"874045b53ffffff","population_2015":3.6762080136,"total_built_mass_tons":4319.5680812919,"city_id":10314,"country_iso":"CHN"},{"h3index":"874045b58ffffff","population_2015":1549.4878517946,"total_built_mass_tons":567888.0279508997,"city_id":10314,"country_iso":"CHN"},{"h3index":"874045b5affffff","population_2015":10.995244806,"total_built_mass_tons":14456.2443071522,"city_id":10314,"country_iso":"CHN"},{"h3index":"874045b5cffffff","population_2015":27358.5651983149,"total_built_mass_tons":7580715.6058174474,"city_id":10314,"country_iso":"CHN"},{"h3index":"874045b5dffffff","population_2015":4564.6504281586,"total_built_mass_tons":1621281.3765005916,"city_id":10314,"country_iso":"CHN"},{"h3index":"874045b5effffff","population_2015":9260.0185523281,"total_built_mass_tons":2197828.6512294821,"city_id":10314,"country_iso":"CHN"}]