[{"h3index":"873d8b100ffffff","population_2015":10422.4535241968,"total_built_mass_tons":1379060.1866487386,"city_id":8201,"country_iso":"IND"},{"h3index":"873d8b101ffffff","population_2015":19267.0966808469,"total_built_mass_tons":2030299.6406711424,"city_id":8201,"country_iso":"IND"},{"h3index":"873d8b102ffffff","population_2015":3181.7815784417,"total_built_mass_tons":522305.4437043926,"city_id":8201,"country_iso":"IND"},{"h3index":"873d8b103ffffff","population_2015":17500.8326713861,"total_built_mass_tons":2081191.2861942276,"city_id":8201,"country_iso":"IND"},{"h3index":"873d8b104ffffff","population_2015":12084.0602607353,"total_built_mass_tons":901042.2720605156,"city_id":8201,"country_iso":"IND"},{"h3index":"873d8b105ffffff","population_2015":9273.1067575043,"total_built_mass_tons":754791.4019452836,"city_id":8201,"country_iso":"IND"},{"h3index":"873d8b106ffffff","population_2015":117.3153675117,"total_built_mass_tons":45602.18790595,"city_id":8201,"country_iso":"IND"},{"h3index":"873d8b111ffffff","population_2015":1027.9937885845,"total_built_mass_tons":220076.6429688359,"city_id":8201,"country_iso":"IND"},{"h3index":"873d8b115ffffff","population_2015":25.2591304255,"total_built_mass_tons":5260.0691603427,"city_id":8201,"country_iso":"IND"},{"h3index":"873d8b118ffffff","population_2015":207.8505564895,"total_built_mass_tons":49665.5385586524,"city_id":8201,"country_iso":"IND"},{"h3index":"873d8b119ffffff","population_2015":21.1802411173,"total_built_mass_tons":5281.2382668899,"city_id":8201,"country_iso":"IND"},{"h3index":"873d8b11cffffff","population_2015":160.8834174212,"total_built_mass_tons":37707.8521595308,"city_id":8201,"country_iso":"IND"},{"h3index":"873d8b11dffffff","population_2015":1451.7296973808,"total_built_mass_tons":258746.6954899597,"city_id":8201,"country_iso":"IND"},{"h3index":"873d8b120ffffff","population_2015":67031.5210453707,"total_built_mass_tons":3177093.0124862948,"city_id":8201,"country_iso":"IND"},{"h3index":"873d8b121ffffff","population_2015":68773.3841826495,"total_built_mass_tons":3573005.762141671,"city_id":8201,"country_iso":"IND"},{"h3index":"873d8b122ffffff","population_2015":59066.3173072516,"total_built_mass_tons":3326322.4216640824,"city_id":8201,"country_iso":"IND"},{"h3index":"873d8b123ffffff","population_2015":92887.0244365617,"total_built_mass_tons":5603858.7867641598,"city_id":8201,"country_iso":"IND"},{"h3index":"873d8b124ffffff","population_2015":4485.7722303951,"total_built_mass_tons":293744.2123643726,"city_id":8201,"country_iso":"IND"},{"h3index":"873d8b125ffffff","population_2015":41645.4048109466,"total_built_mass_tons":2481803.8312002993,"city_id":8201,"country_iso":"IND"},{"h3index":"873d8b126ffffff","population_2015":47888.1297200072,"total_built_mass_tons":3021650.6915069935,"city_id":8201,"country_iso":"IND"},{"h3index":"873d8b128ffffff","population_2015":41113.6578439151,"total_built_mass_tons":2281287.3476469964,"city_id":8201,"country_iso":"IND"},{"h3index":"873d8b12cffffff","population_2015":66456.9602729199,"total_built_mass_tons":3549841.6143249208,"city_id":8201,"country_iso":"IND"},{"h3index":"873d8b12dffffff","population_2015":516.4107426213,"total_built_mass_tons":122874.3278452902,"city_id":8201,"country_iso":"IND"},{"h3index":"873d8b12effffff","population_2015":64914.5544004702,"total_built_mass_tons":3561873.0550272521,"city_id":8201,"country_iso":"IND"},{"h3index":"873d8b131ffffff","population_2015":57.8997351852,"total_built_mass_tons":10668.497293032,"city_id":8201,"country_iso":"IND"},{"h3index":"873d8b135ffffff","population_2015":290.6512927037,"total_built_mass_tons":31698.2471118268,"city_id":8201,"country_iso":"IND"},{"h3index":"873d8b88affffff","population_2015":1918.8948450799,"total_built_mass_tons":267584.3142892063,"city_id":8201,"country_iso":"IND"},{"h3index":"873d8b88bffffff","population_2015":89.6252449784,"total_built_mass_tons":18296.6160281474,"city_id":8201,"country_iso":"IND"},{"h3index":"873d8b891ffffff","population_2015":763.525942133,"total_built_mass_tons":51157.8864981452,"city_id":8201,"country_iso":"IND"},{"h3index":"873d8b898ffffff","population_2015":21363.3814959208,"total_built_mass_tons":1371794.3110231061,"city_id":8201,"country_iso":"IND"},{"h3index":"873d8b899ffffff","population_2015":45431.4317382065,"total_built_mass_tons":3179057.4460489266,"city_id":8201,"country_iso":"IND"},{"h3index":"873d8b89bffffff","population_2015":15089.1475953794,"total_built_mass_tons":944680.2858444612,"city_id":8201,"country_iso":"IND"},{"h3index":"873d8b89cffffff","population_2015":3948.3022511052,"total_built_mass_tons":253260.8547824344,"city_id":8201,"country_iso":"IND"},{"h3index":"873d8b89dffffff","population_2015":3800.0892031875,"total_built_mass_tons":219125.7676920627,"city_id":8201,"country_iso":"IND"},{"h3index":"873d8b89effffff","population_2015":2178.1397774042,"total_built_mass_tons":130325.682910447,"city_id":8201,"country_iso":"IND"},{"h3index":"873d8b8d0ffffff","population_2015":17795.5768691717,"total_built_mass_tons":1447092.4565010441,"city_id":8201,"country_iso":"IND"},{"h3index":"873d8b8d1ffffff","population_2015":9016.8801315457,"total_built_mass_tons":842317.1246952815,"city_id":8201,"country_iso":"IND"},{"h3index":"873d8b8d2ffffff","population_2015":52130.9539108426,"total_built_mass_tons":3200687.7095352109,"city_id":8201,"country_iso":"IND"},{"h3index":"873d8b8d3ffffff","population_2015":29704.9095142888,"total_built_mass_tons":2282928.7474082746,"city_id":8201,"country_iso":"IND"},{"h3index":"873d8b8d6ffffff","population_2015":33.365775329,"total_built_mass_tons":73582.2562935012,"city_id":8201,"country_iso":"IND"}]