[{"h3index":"8740e3622ffffff","population_2015":244.3381326713,"total_built_mass_tons":167667.3436845496,"city_id":10283,"country_iso":"CHN"},{"h3index":"8740e3626ffffff","population_2015":3004.7085592317,"total_built_mass_tons":882943.3586500363,"city_id":10283,"country_iso":"CHN"},{"h3index":"8740e3630ffffff","population_2015":15050.3269666242,"total_built_mass_tons":2593246.3133750148,"city_id":10283,"country_iso":"CHN"},{"h3index":"8740e3631ffffff","population_2015":548.4800321401,"total_built_mass_tons":160069.5986493822,"city_id":10283,"country_iso":"CHN"},{"h3index":"8740e3633ffffff","population_2015":1.4743691837,"total_built_mass_tons":363.169754581,"city_id":10283,"country_iso":"CHN"},{"h3index":"8740e3634ffffff","population_2015":46668.5770900053,"total_built_mass_tons":9465776.1749518607,"city_id":10283,"country_iso":"CHN"},{"h3index":"8740e3635ffffff","population_2015":23406.9390261772,"total_built_mass_tons":3974390.5791060589,"city_id":10283,"country_iso":"CHN"},{"h3index":"8740e3636ffffff","population_2015":20994.7431461297,"total_built_mass_tons":4441139.2103256043,"city_id":10283,"country_iso":"CHN"},{"h3index":"8740e3703ffffff","population_2015":944.9812557407,"total_built_mass_tons":282076.0127897044,"city_id":10283,"country_iso":"CHN"},{"h3index":"8740e3708ffffff","population_2015":2352.6049225115,"total_built_mass_tons":580451.3818423536,"city_id":10283,"country_iso":"CHN"},{"h3index":"8740e3709ffffff","population_2015":762.9136643354,"total_built_mass_tons":137725.8397941487,"city_id":10283,"country_iso":"CHN"},{"h3index":"8740e370affffff","population_2015":777.5074576883,"total_built_mass_tons":297835.3456498838,"city_id":10283,"country_iso":"CHN"},{"h3index":"8740e370cffffff","population_2015":0.3340213551,"total_built_mass_tons":1246.9294291389,"city_id":10283,"country_iso":"CHN"},{"h3index":"8740e370dffffff","population_2015":1172.2018560999,"total_built_mass_tons":343515.5811697884,"city_id":10283,"country_iso":"CHN"},{"h3index":"8740e370effffff","population_2015":1422.3715051146,"total_built_mass_tons":461253.2960766407,"city_id":10283,"country_iso":"CHN"},{"h3index":"8740e3718ffffff","population_2015":8867.0841236283,"total_built_mass_tons":1583235.5927376277,"city_id":10283,"country_iso":"CHN"},{"h3index":"8740e3719ffffff","population_2015":883.2544964659,"total_built_mass_tons":338754.1345280387,"city_id":10283,"country_iso":"CHN"},{"h3index":"8740e371affffff","population_2015":21010.858383361,"total_built_mass_tons":5233015.3884063289,"city_id":10283,"country_iso":"CHN"},{"h3index":"8740e371bffffff","population_2015":25829.8470853282,"total_built_mass_tons":5931187.2900042376,"city_id":10283,"country_iso":"CHN"},{"h3index":"8740e371cffffff","population_2015":2.463619666,"total_built_mass_tons":13680.980960808,"city_id":10283,"country_iso":"CHN"},{"h3index":"8740e371dffffff","population_2015":6378.3482412179,"total_built_mass_tons":1442152.1523917972,"city_id":10283,"country_iso":"CHN"},{"h3index":"8740e371effffff","population_2015":6.3506011645,"total_built_mass_tons":3802.1572322632,"city_id":10283,"country_iso":"CHN"},{"h3index":"8740e3781ffffff","population_2015":3087.0884063824,"total_built_mass_tons":784381.1374936281,"city_id":10283,"country_iso":"CHN"},{"h3index":"8740e3788ffffff","population_2015":2594.5121813054,"total_built_mass_tons":1647750.8137317819,"city_id":10283,"country_iso":"CHN"},{"h3index":"8740e378cffffff","population_2015":12768.035832579,"total_built_mass_tons":7129703.8482936155,"city_id":10283,"country_iso":"CHN"},{"h3index":"8740e378dffffff","population_2015":3511.7766178412,"total_built_mass_tons":1774523.4014111697,"city_id":10283,"country_iso":"CHN"},{"h3index":"8740e378effffff","population_2015":739.522735864,"total_built_mass_tons":614572.319969081,"city_id":10283,"country_iso":"CHN"},{"h3index":"8740e37a8ffffff","population_2015":2542.1087079628,"total_built_mass_tons":404195.5546489749,"city_id":10283,"country_iso":"CHN"},{"h3index":"8740e37a9ffffff","population_2015":14832.8976006751,"total_built_mass_tons":3260959.8647644389,"city_id":10283,"country_iso":"CHN"},{"h3index":"8740e37aaffffff","population_2015":5.6900091283,"total_built_mass_tons":7029.2086658566,"city_id":10283,"country_iso":"CHN"},{"h3index":"8740e37abffffff","population_2015":4245.8080390201,"total_built_mass_tons":1101753.0511632618,"city_id":10283,"country_iso":"CHN"},{"h3index":"8740e37acffffff","population_2015":41.6865890727,"total_built_mass_tons":12167.9696919989,"city_id":10283,"country_iso":"CHN"},{"h3index":"8740e37adffffff","population_2015":40.4527330118,"total_built_mass_tons":69088.870926206,"city_id":10283,"country_iso":"CHN"},{"h3index":"8740e37aeffffff","population_2015":256.595878803,"total_built_mass_tons":43055.8765961327,"city_id":10283,"country_iso":"CHN"}]