[{"h3index":"873cd1b43ffffff","population_2015":43.867898941,"total_built_mass_tons":26064.7471221472,"city_id":10067,"country_iso":"BGD"},{"h3index":"873cd1b51ffffff","population_2015":331.0187624838,"total_built_mass_tons":49671.7629301343,"city_id":10067,"country_iso":"BGD"},{"h3index":"873cd1b5cffffff","population_2015":4.7740042967,"total_built_mass_tons":39816.1106263907,"city_id":10067,"country_iso":"BGD"},{"h3index":"873cd1b5effffff","population_2015":7.9693642972,"total_built_mass_tons":25585.724868884,"city_id":10067,"country_iso":"BGD"}]