[{"h3index": "873956700ffffff", "population_2015": 183.41456475725363, "total_built_mass_tons": 111167.09850578454, "city_id": 1885, "country_iso": "ESP"}, {"h3index": "873956701ffffff", "population_2015": 2187.864469253315, "total_built_mass_tons": 808466.0399923953, "city_id": 1885, "country_iso": "ESP"}, {"h3index": "873956708ffffff", "population_2015": 6568.685187850746, "total_built_mass_tons": 1178604.9016171065, "city_id": 1885, "country_iso": "ESP"}, {"h3index": "873956709ffffff", "population_2015": 968.0438929655973, "total_built_mass_tons": 434385.1772274006, "city_id": 1885, "country_iso": "ESP"}, {"h3index": "87395670cffffff", "population_2015": 18396.292142500595, "total_built_mass_tons": 3050542.920892844, "city_id": 1885, "country_iso": "ESP"}, {"h3index": "87395670dffffff", "population_2015": 28228.37647328844, "total_built_mass_tons": 5267227.030988902, "city_id": 1885, "country_iso": "ESP"}, {"h3index": "87395670effffff", "population_2015": 60.83355653145735, "total_built_mass_tons": 58047.46951963272, "city_id": 1885, "country_iso": "ESP"}, {"h3index": "873956728ffffff", "population_2015": 279.4293945854785, "total_built_mass_tons": 117109.98536137602, "city_id": 1885, "country_iso": "ESP"}, {"h3index": "87395672affffff", "population_2015": 639.7649756169789, "total_built_mass_tons": 187282.73968577624, "city_id": 1885, "country_iso": "ESP"}, {"h3index": "87395672bffffff", "population_2015": 18371.40054607952, "total_built_mass_tons": 3324357.9501110846, "city_id": 1885, "country_iso": "ESP"}, {"h3index": "873956754ffffff", "population_2015": 33.231799305186556, "total_built_mass_tons": 22594.05270565642, "city_id": 1885, "country_iso": "ESP"}, {"h3index": "873956770ffffff", "population_2015": 310.92672568957016, "total_built_mass_tons": 132795.55360477755, "city_id": 1885, "country_iso": "ESP"}, {"h3index": "873956772ffffff", "population_2015": 14154.04605920829, "total_built_mass_tons": 2565546.266232815, "city_id": 1885, "country_iso": "ESP"}, {"h3index": "873956776ffffff", "population_2015": 6524.81343792747, "total_built_mass_tons": 1201567.585752546, "city_id": 1885, "country_iso": "ESP"}]