[{"h3index": "873098000ffffff", "population_2015": 5848.9924462323115, "total_built_mass_tons": 2076104.893418959, "city_id": 12298, "country_iso": "CHN"}, {"h3index": "873098001ffffff", "population_2015": 4035.076232034435, "total_built_mass_tons": 3612346.1732721506, "city_id": 12298, "country_iso": "CHN"}, {"h3index": "873098002ffffff", "population_2015": 16953.86389776398, "total_built_mass_tons": 3177956.783378469, "city_id": 12298, "country_iso": "CHN"}, {"h3index": "873098003ffffff", "population_2015": 6929.306168494973, "total_built_mass_tons": 1750680.961239367, "city_id": 12298, "country_iso": "CHN"}, {"h3index": "873098004ffffff", "population_2015": 2293.5730870461925, "total_built_mass_tons": 2991369.5728054214, "city_id": 12298, "country_iso": "CHN"}, {"h3index": "873098005ffffff", "population_2015": 2050.7835948616853, "total_built_mass_tons": 2267252.3948319014, "city_id": 12298, "country_iso": "CHN"}, {"h3index": "873098006ffffff", "population_2015": 17372.823332542765, "total_built_mass_tons": 3941376.45905132, "city_id": 12298, "country_iso": "CHN"}, {"h3index": "873098008ffffff", "population_2015": 10590.491931482153, "total_built_mass_tons": 3025197.1244922206, "city_id": 12298, "country_iso": "CHN"}, {"h3index": "873098009ffffff", "population_2015": 5144.385894619249, "total_built_mass_tons": 2906644.440110969, "city_id": 12298, "country_iso": "CHN"}, {"h3index": "87309800affffff", "population_2015": 15435.532117549114, "total_built_mass_tons": 2868936.808367797, "city_id": 12298, "country_iso": "CHN"}, {"h3index": "87309800bffffff", "population_2015": 6689.787541323547, "total_built_mass_tons": 2651904.357494035, "city_id": 12298, "country_iso": "CHN"}, {"h3index": "87309800cffffff", "population_2015": 4783.412931822795, "total_built_mass_tons": 3123271.511162813, "city_id": 12298, "country_iso": "CHN"}, {"h3index": "87309800dffffff", "population_2015": 4533.450020340844, "total_built_mass_tons": 2892572.449383082, "city_id": 12298, "country_iso": "CHN"}, {"h3index": "87309800effffff", "population_2015": 3203.985989107806, "total_built_mass_tons": 1738338.992702878, "city_id": 12298, "country_iso": "CHN"}, {"h3index": "873098010ffffff", "population_2015": 11172.341960263711, "total_built_mass_tons": 2195131.2379998714, "city_id": 12298, "country_iso": "CHN"}, {"h3index": "873098011ffffff", "population_2015": 17876.09558862799, "total_built_mass_tons": 4292345.248747713, "city_id": 12298, "country_iso": "CHN"}, {"h3index": "873098012ffffff", "population_2015": 3984.6956684037746, "total_built_mass_tons": 1005595.5376315836, "city_id": 12298, "country_iso": "CHN"}, {"h3index": "873098013ffffff", "population_2015": 9974.141902116233, "total_built_mass_tons": 3406606.1508622835, "city_id": 12298, "country_iso": "CHN"}, {"h3index": "873098014ffffff", "population_2015": 1069.5119724035264, "total_built_mass_tons": 706703.3744073719, "city_id": 12298, "country_iso": "CHN"}, {"h3index": "873098015ffffff", "population_2015": 16909.76748495196, "total_built_mass_tons": 4590477.683360277, "city_id": 12298, "country_iso": "CHN"}, {"h3index": "873098016ffffff", "population_2015": 4739.525404974059, "total_built_mass_tons": 1098171.058503574, "city_id": 12298, "country_iso": "CHN"}, {"h3index": "873098018ffffff", "population_2015": 7410.31147271605, "total_built_mass_tons": 1212145.617951515, "city_id": 12298, "country_iso": "CHN"}, {"h3index": "873098019ffffff", "population_2015": 4330.470803245844, "total_built_mass_tons": 1138265.0472166797, "city_id": 12298, "country_iso": "CHN"}, {"h3index": "87309801affffff", "population_2015": 4624.620102836572, "total_built_mass_tons": 1148934.9764799364, "city_id": 12298, "country_iso": "CHN"}, {"h3index": "87309801bffffff", "population_2015": 941.6249155166104, "total_built_mass_tons": 537930.3331110601, "city_id": 12298, "country_iso": "CHN"}, {"h3index": "87309801cffffff", "population_2015": 6856.944570638151, "total_built_mass_tons": 2142409.658667388, "city_id": 12298, "country_iso": "CHN"}, {"h3index": "87309801dffffff", "population_2015": 5242.570844596041, "total_built_mass_tons": 1389513.5449011296, "city_id": 12298, "country_iso": "CHN"}, {"h3index": "87309801effffff", "population_2015": 14695.674059361096, "total_built_mass_tons": 2696187.525495484, "city_id": 12298, "country_iso": "CHN"}, {"h3index": "873098020ffffff", "population_2015": 3152.378470002786, "total_built_mass_tons": 3372308.777221195, "city_id": 12298, "country_iso": "CHN"}, {"h3index": "873098021ffffff", "population_2015": 12640.222927165032, "total_built_mass_tons": 2698185.282844042, "city_id": 12298, "country_iso": "CHN"}, {"h3index": "873098022ffffff", "population_2015": 6014.7494019302685, "total_built_mass_tons": 3993875.293829779, "city_id": 12298, "country_iso": "CHN"}, {"h3index": "873098023ffffff", "population_2015": 2583.0580677168036, "total_built_mass_tons": 2614809.242503137, "city_id": 12298, "country_iso": "CHN"}, {"h3index": "873098024ffffff", "population_2015": 1439.7180794566286, "total_built_mass_tons": 590319.3032023438, "city_id": 12298, "country_iso": "CHN"}, {"h3index": "873098025ffffff", "population_2015": 6297.127882150808, "total_built_mass_tons": 2383415.31668126, "city_id": 12298, "country_iso": "CHN"}, {"h3index": "873098026ffffff", "population_2015": 5043.136626986898, "total_built_mass_tons": 3530116.791131207, "city_id": 12298, "country_iso": "CHN"}, {"h3index": "873098028ffffff", "population_2015": 7142.574767966831, "total_built_mass_tons": 3300317.524162897, "city_id": 12298, "country_iso": "CHN"}, {"h3index": "873098029ffffff", "population_2015": 10891.141581348813, "total_built_mass_tons": 2868762.1783786733, "city_id": 12298, "country_iso": "CHN"}, {"h3index": "87309802affffff", "population_2015": 7962.778953803289, "total_built_mass_tons": 4178109.2786599663, "city_id": 12298, "country_iso": "CHN"}, {"h3index": "87309802bffffff", "population_2015": 7565.610806135339, "total_built_mass_tons": 2965467.2704513324, "city_id": 12298, "country_iso": "CHN"}, {"h3index": "87309802cffffff", "population_2015": 25374.715712001285, "total_built_mass_tons": 3363763.445027345, "city_id": 12298, "country_iso": "CHN"}, {"h3index": "87309802dffffff", "population_2015": 19222.97379504839, "total_built_mass_tons": 2616350.916823083, "city_id": 12298, "country_iso": "CHN"}, {"h3index": "87309802effffff", "population_2015": 6623.084812065198, "total_built_mass_tons": 1976652.8151560635, "city_id": 12298, "country_iso": "CHN"}, {"h3index": "873098030ffffff", "population_2015": 1486.4503606459673, "total_built_mass_tons": 1260222.984880703, "city_id": 12298, "country_iso": "CHN"}, {"h3index": "873098031ffffff", "population_2015": 4162.475556964968, "total_built_mass_tons": 4467561.142139098, "city_id": 12298, "country_iso": "CHN"}, {"h3index": "873098032ffffff", "population_2015": 1653.9603104888224, "total_built_mass_tons": 2069858.937239448, "city_id": 12298, "country_iso": "CHN"}, {"h3index": "873098033ffffff", "population_2015": 9731.200033824589, "total_built_mass_tons": 2008411.9922348585, "city_id": 12298, "country_iso": "CHN"}, {"h3index": "873098034ffffff", "population_2015": 7585.603600958281, "total_built_mass_tons": 3227842.5213545975, "city_id": 12298, "country_iso": "CHN"}, {"h3index": "873098035ffffff", "population_2015": 8023.448972437429, "total_built_mass_tons": 4117229.755347266, "city_id": 12298, "country_iso": "CHN"}, {"h3index": "873098036ffffff", "population_2015": 6118.167154979004, "total_built_mass_tons": 3781437.751001203, "city_id": 12298, "country_iso": "CHN"}, {"h3index": "873098040ffffff", "population_2015": 4003.514344988616, "total_built_mass_tons": 2233326.7243967736, "city_id": 12298, "country_iso": "CHN"}, {"h3index": "873098041ffffff", "population_2015": 3445.8435060861057, "total_built_mass_tons": 1565409.058607928, "city_id": 12298, "country_iso": "CHN"}, {"h3index": "873098042ffffff", "population_2015": 2716.4759842643557, "total_built_mass_tons": 1452375.0796188433, "city_id": 12298, "country_iso": "CHN"}, {"h3index": "873098043ffffff", "population_2015": 4697.698343318587, "total_built_mass_tons": 2637412.186438213, "city_id": 12298, "country_iso": "CHN"}, {"h3index": "873098044ffffff", "population_2015": 518.2932123927509, "total_built_mass_tons": 732061.0112670327, "city_id": 12298, "country_iso": "CHN"}, {"h3index": "873098045ffffff", "population_2015": 1086.9312938115172, "total_built_mass_tons": 856701.664996786, "city_id": 12298, "country_iso": "CHN"}, {"h3index": "873098046ffffff", "population_2015": 3306.715078296848, "total_built_mass_tons": 2597350.3810925297, "city_id": 12298, "country_iso": "CHN"}, {"h3index": "873098048ffffff", "population_2015": 47706.711946459385, "total_built_mass_tons": 5209078.131038362, "city_id": 12298, "country_iso": "CHN"}, {"h3index": "873098049ffffff", "population_2015": 21591.48989536716, "total_built_mass_tons": 3959961.182264859, "city_id": 12298, "country_iso": "CHN"}, {"h3index": "87309804affffff", "population_2015": 7860.9732029162205, "total_built_mass_tons": 3029936.0630264357, "city_id": 12298, "country_iso": "CHN"}, {"h3index": "87309804bffffff", "population_2015": 8335.930225545753, "total_built_mass_tons": 3289008.6337341466, "city_id": 12298, "country_iso": "CHN"}, {"h3index": "87309804cffffff", "population_2015": 15521.327522863126, "total_built_mass_tons": 4019400.952348444, "city_id": 12298, "country_iso": "CHN"}, {"h3index": "87309804dffffff", "population_2015": 66891.16081664145, "total_built_mass_tons": 3924870.955265345, "city_id": 12298, "country_iso": "CHN"}, {"h3index": "87309804effffff", "population_2015": 9395.02305594753, "total_built_mass_tons": 3008561.6180925956, "city_id": 12298, "country_iso": "CHN"}, {"h3index": "873098050ffffff", "population_2015": 4.151322825749715, "total_built_mass_tons": 6844.895226469277, "city_id": 12298, "country_iso": "CHN"}, {"h3index": "873098051ffffff", "population_2015": 25.818011058078092, "total_built_mass_tons": 66631.23155323582, "city_id": 12298, "country_iso": "CHN"}, {"h3index": "873098052ffffff", "population_2015": 8326.861849840012, "total_built_mass_tons": 3698521.404306995, "city_id": 12298, "country_iso": "CHN"}, {"h3index": "873098053ffffff", "population_2015": 3330.396318731121, "total_built_mass_tons": 2603252.8493457725, "city_id": 12298, "country_iso": "CHN"}, {"h3index": "873098054ffffff", "population_2015": 1470.0789682444406, "total_built_mass_tons": 704870.3691778148, "city_id": 12298, "country_iso": "CHN"}, {"h3index": "873098055ffffff", "population_2015": 376.8396987428853, "total_built_mass_tons": 271256.807763952, "city_id": 12298, "country_iso": "CHN"}, {"h3index": "873098056ffffff", "population_2015": 1578.7485092677318, "total_built_mass_tons": 626868.213767271, "city_id": 12298, "country_iso": "CHN"}, {"h3index": "873098058ffffff", "population_2015": 5659.473738726448, "total_built_mass_tons": 2023029.1009732664, "city_id": 12298, "country_iso": "CHN"}, {"h3index": "873098059ffffff", "population_2015": 7134.572628841216, "total_built_mass_tons": 3181350.1626796005, "city_id": 12298, "country_iso": "CHN"}, {"h3index": "87309805affffff", "population_2015": 6695.785024730832, "total_built_mass_tons": 2983287.972631421, "city_id": 12298, "country_iso": "CHN"}, {"h3index": "87309805bffffff", "population_2015": 11883.235385804552, "total_built_mass_tons": 4008298.382971916, "city_id": 12298, "country_iso": "CHN"}, {"h3index": "87309805cffffff", "population_2015": 2505.492796305114, "total_built_mass_tons": 774737.7132653629, "city_id": 12298, "country_iso": "CHN"}, {"h3index": "87309805dffffff", "population_2015": 11854.508677814052, "total_built_mass_tons": 3276524.7282772767, "city_id": 12298, "country_iso": "CHN"}, {"h3index": "87309805effffff", "population_2015": 1547.1387451115777, "total_built_mass_tons": 652541.667139651, "city_id": 12298, "country_iso": "CHN"}, {"h3index": "873098060ffffff", "population_2015": 5094.762394253413, "total_built_mass_tons": 3204858.5916027166, "city_id": 12298, "country_iso": "CHN"}, {"h3index": "873098061ffffff", "population_2015": 5215.738572475256, "total_built_mass_tons": 3123470.303171837, "city_id": 12298, "country_iso": "CHN"}, {"h3index": "873098062ffffff", "population_2015": 6493.172957435308, "total_built_mass_tons": 1374090.3708130836, "city_id": 12298, "country_iso": "CHN"}, {"h3index": "873098063ffffff", "population_2015": 6274.710316068051, "total_built_mass_tons": 2209896.9946826855, "city_id": 12298, "country_iso": "CHN"}, {"h3index": "873098064ffffff", "population_2015": 1700.115753431414, "total_built_mass_tons": 926478.2772681898, "city_id": 12298, "country_iso": "CHN"}, {"h3index": "873098065ffffff", "population_2015": 1653.4210181437288, "total_built_mass_tons": 1662002.2640433651, "city_id": 12298, "country_iso": "CHN"}, {"h3index": "873098066ffffff", "population_2015": 7306.636633835584, "total_built_mass_tons": 2434173.9077774454, "city_id": 12298, "country_iso": "CHN"}, {"h3index": "873098068ffffff", "population_2015": 45568.73666576307, "total_built_mass_tons": 7600835.449633382, "city_id": 12298, "country_iso": "CHN"}, {"h3index": "873098069ffffff", "population_2015": 30841.678429674623, "total_built_mass_tons": 5851218.512554074, "city_id": 12298, "country_iso": "CHN"}, {"h3index": "87309806affffff", "population_2015": 22588.498848847783, "total_built_mass_tons": 4457442.946258698, "city_id": 12298, "country_iso": "CHN"}, {"h3index": "87309806bffffff", "population_2015": 50546.46247137481, "total_built_mass_tons": 6588295.930098127, "city_id": 12298, "country_iso": "CHN"}, {"h3index": "87309806cffffff", "population_2015": 16116.356082552553, "total_built_mass_tons": 6168801.310247942, "city_id": 12298, "country_iso": "CHN"}, {"h3index": "87309806dffffff", "population_2015": 23754.683192653276, "total_built_mass_tons": 7396093.975052683, "city_id": 12298, "country_iso": "CHN"}, {"h3index": "87309806effffff", "population_2015": 24020.993881311617, "total_built_mass_tons": 4636314.090279109, "city_id": 12298, "country_iso": "CHN"}, {"h3index": "873098070ffffff", "population_2015": 2564.385069963979, "total_built_mass_tons": 1050931.51749879, "city_id": 12298, "country_iso": "CHN"}, {"h3index": "873098071ffffff", "population_2015": 845.5465265755561, "total_built_mass_tons": 686636.7731629857, "city_id": 12298, "country_iso": "CHN"}, {"h3index": "873098072ffffff", "population_2015": 4045.61898182233, "total_built_mass_tons": 2729802.638660973, "city_id": 12298, "country_iso": "CHN"}, {"h3index": "873098073ffffff", "population_2015": 1382.9914745134467, "total_built_mass_tons": 1308948.4387273774, "city_id": 12298, "country_iso": "CHN"}, {"h3index": "873098074ffffff", "population_2015": 6343.68744583878, "total_built_mass_tons": 1337743.3524641942, "city_id": 12298, "country_iso": "CHN"}, {"h3index": "873098075ffffff", "population_2015": 10084.380026303084, "total_built_mass_tons": 2412687.8098167675, "city_id": 12298, "country_iso": "CHN"}, {"h3index": "873098076ffffff", "population_2015": 2524.8156107119494, "total_built_mass_tons": 2882635.5748904883, "city_id": 12298, "country_iso": "CHN"}, {"h3index": "873098086ffffff", "population_2015": 859.553269186207, "total_built_mass_tons": 268252.3116070918, "city_id": 12298, "country_iso": "CHN"}, {"h3index": "873098090ffffff", "population_2015": 5263.678185414332, "total_built_mass_tons": 1220680.371320194, "city_id": 12298, "country_iso": "CHN"}, {"h3index": "873098092ffffff", "population_2015": 7671.106473314064, "total_built_mass_tons": 3199271.53544104, "city_id": 12298, "country_iso": "CHN"}, {"h3index": "873098093ffffff", "population_2015": 707.1569186664099, "total_built_mass_tons": 270214.2845730145, "city_id": 12298, "country_iso": "CHN"}, {"h3index": "873098094ffffff", "population_2015": 34864.97255951376, "total_built_mass_tons": 5220256.040385719, "city_id": 12298, "country_iso": "CHN"}, {"h3index": "873098095ffffff", "population_2015": 5207.933839206955, "total_built_mass_tons": 2513064.505125546, "city_id": 12298, "country_iso": "CHN"}, {"h3index": "873098096ffffff", "population_2015": 22431.438743682935, "total_built_mass_tons": 4565071.128093128, "city_id": 12298, "country_iso": "CHN"}, {"h3index": "8730980a0ffffff", "population_2015": 3159.283749930063, "total_built_mass_tons": 1135412.532136619, "city_id": 12298, "country_iso": "CHN"}, {"h3index": "8730980a1ffffff", "population_2015": 1415.0977277657562, "total_built_mass_tons": 1191336.0681095598, "city_id": 12298, "country_iso": "CHN"}, {"h3index": "8730980a2ffffff", "population_2015": 5830.556654994629, "total_built_mass_tons": 1398811.5878281756, "city_id": 12298, "country_iso": "CHN"}, {"h3index": "8730980a3ffffff", "population_2015": 505.1485140332988, "total_built_mass_tons": 488225.6528210535, "city_id": 12298, "country_iso": "CHN"}, {"h3index": "8730980a4ffffff", "population_2015": 14406.357924581973, "total_built_mass_tons": 3542330.020643783, "city_id": 12298, "country_iso": "CHN"}, {"h3index": "8730980a5ffffff", "population_2015": 3908.7696616799226, "total_built_mass_tons": 2548920.9863018515, "city_id": 12298, "country_iso": "CHN"}, {"h3index": "8730980a6ffffff", "population_2015": 25424.54678748636, "total_built_mass_tons": 3617625.62343378, "city_id": 12298, "country_iso": "CHN"}, {"h3index": "8730980a8ffffff", "population_2015": 1482.3303714135116, "total_built_mass_tons": 258923.09139866897, "city_id": 12298, "country_iso": "CHN"}, {"h3index": "8730980a9ffffff", "population_2015": 650.7456428032297, "total_built_mass_tons": 296015.0870598847, "city_id": 12298, "country_iso": "CHN"}, {"h3index": "8730980acffffff", "population_2015": 9340.19087531146, "total_built_mass_tons": 1313212.4144059306, "city_id": 12298, "country_iso": "CHN"}, {"h3index": "8730980adffffff", "population_2015": 7605.992981196385, "total_built_mass_tons": 900507.5708204992, "city_id": 12298, "country_iso": "CHN"}, {"h3index": "8730980aeffffff", "population_2015": 4070.4920053734513, "total_built_mass_tons": 785607.171428546, "city_id": 12298, "country_iso": "CHN"}, {"h3index": "8730980b0ffffff", "population_2015": 8819.468330475866, "total_built_mass_tons": 3452524.875259959, "city_id": 12298, "country_iso": "CHN"}, {"h3index": "8730980b1ffffff", "population_2015": 5358.732298120798, "total_built_mass_tons": 1930087.6198096704, "city_id": 12298, "country_iso": "CHN"}, {"h3index": "8730980b2ffffff", "population_2015": 19481.938448394045, "total_built_mass_tons": 3919450.9851068216, "city_id": 12298, "country_iso": "CHN"}, {"h3index": "8730980b3ffffff", "population_2015": 21002.629893321624, "total_built_mass_tons": 3008226.076230417, "city_id": 12298, "country_iso": "CHN"}, {"h3index": "8730980b4ffffff", "population_2015": 4092.525355346998, "total_built_mass_tons": 2254157.414814019, "city_id": 12298, "country_iso": "CHN"}, {"h3index": "8730980b5ffffff", "population_2015": 12363.912642702402, "total_built_mass_tons": 3136687.360574216, "city_id": 12298, "country_iso": "CHN"}, {"h3index": "8730980b6ffffff", "population_2015": 284.34673589725116, "total_built_mass_tons": 298008.78668250656, "city_id": 12298, "country_iso": "CHN"}, {"h3index": "8730980c4ffffff", "population_2015": 45.67370599484911, "total_built_mass_tons": 22156.58345010434, "city_id": 12298, "country_iso": "CHN"}, {"h3index": "8730980c5ffffff", "population_2015": 112.92914948930928, "total_built_mass_tons": 34176.354466039535, "city_id": 12298, "country_iso": "CHN"}, {"h3index": "8730980e0ffffff", "population_2015": 5882.449675589916, "total_built_mass_tons": 1783182.9937270214, "city_id": 12298, "country_iso": "CHN"}, {"h3index": "8730980e1ffffff", "population_2015": 16070.344315773831, "total_built_mass_tons": 5193295.014425705, "city_id": 12298, "country_iso": "CHN"}, {"h3index": "8730980e2ffffff", "population_2015": 298.6814946586011, "total_built_mass_tons": 87929.6398251448, "city_id": 12298, "country_iso": "CHN"}, {"h3index": "8730980e3ffffff", "population_2015": 2820.1021220095013, "total_built_mass_tons": 1031201.7818217238, "city_id": 12298, "country_iso": "CHN"}, {"h3index": "8730980e4ffffff", "population_2015": 7782.80010791947, "total_built_mass_tons": 2493003.4745334657, "city_id": 12298, "country_iso": "CHN"}, {"h3index": "8730980e5ffffff", "population_2015": 11845.77340456364, "total_built_mass_tons": 2159243.6099139173, "city_id": 12298, "country_iso": "CHN"}, {"h3index": "8730980e6ffffff", "population_2015": 361.8558132620419, "total_built_mass_tons": 277596.37446221214, "city_id": 12298, "country_iso": "CHN"}, {"h3index": "8730980e8ffffff", "population_2015": 118.22199894306708, "total_built_mass_tons": 124568.51776303502, "city_id": 12298, "country_iso": "CHN"}, {"h3index": "8730980e9ffffff", "population_2015": 326.4954457423266, "total_built_mass_tons": 154687.2660605369, "city_id": 12298, "country_iso": "CHN"}, {"h3index": "8730980ecffffff", "population_2015": 6504.074278040494, "total_built_mass_tons": 3046203.9419443123, "city_id": 12298, "country_iso": "CHN"}, {"h3index": "8730980edffffff", "population_2015": 2580.1022912918347, "total_built_mass_tons": 898614.5296113668, "city_id": 12298, "country_iso": "CHN"}, {"h3index": "8730980eeffffff", "population_2015": 2805.101673421673, "total_built_mass_tons": 1178996.7839874837, "city_id": 12298, "country_iso": "CHN"}, {"h3index": "8730980f4ffffff", "population_2015": 510.1065317518571, "total_built_mass_tons": 320526.0688540663, "city_id": 12298, "country_iso": "CHN"}, {"h3index": "8730980f6ffffff", "population_2015": 97.7354274001776, "total_built_mass_tons": 29277.067148775997, "city_id": 12298, "country_iso": "CHN"}, {"h3index": "873098100ffffff", "population_2015": 281.811401998763, "total_built_mass_tons": 308523.4506584344, "city_id": 12298, "country_iso": "CHN"}, {"h3index": "873098102ffffff", "population_2015": 4141.757320734099, "total_built_mass_tons": 4640463.588888617, "city_id": 12298, "country_iso": "CHN"}, {"h3index": "873098103ffffff", "population_2015": 907.6577876203202, "total_built_mass_tons": 676812.5554814914, "city_id": 12298, "country_iso": "CHN"}, {"h3index": "873098106ffffff", "population_2015": 2518.235146972246, "total_built_mass_tons": 1600631.790244815, "city_id": 12298, "country_iso": "CHN"}, {"h3index": "87309810effffff", "population_2015": 120.99029178245397, "total_built_mass_tons": 77304.48880511464, "city_id": 12298, "country_iso": "CHN"}, {"h3index": "873098110ffffff", "population_2015": 21952.019562365036, "total_built_mass_tons": 6232334.054289291, "city_id": 12298, "country_iso": "CHN"}, {"h3index": "873098111ffffff", "population_2015": 10732.40234317312, "total_built_mass_tons": 4483305.462146001, "city_id": 12298, "country_iso": "CHN"}, {"h3index": "873098112ffffff", "population_2015": 36359.38822999093, "total_built_mass_tons": 4911657.585048333, "city_id": 12298, "country_iso": "CHN"}, {"h3index": "873098113ffffff", "population_2015": 21129.585673644495, "total_built_mass_tons": 5923410.537785602, "city_id": 12298, "country_iso": "CHN"}, {"h3index": "873098114ffffff", "population_2015": 8694.421660496442, "total_built_mass_tons": 2841951.2621540693, "city_id": 12298, "country_iso": "CHN"}, {"h3index": "873098115ffffff", "population_2015": 5726.817720806601, "total_built_mass_tons": 5026343.375863925, "city_id": 12298, "country_iso": "CHN"}, {"h3index": "873098116ffffff", "population_2015": 13967.715547227865, "total_built_mass_tons": 2920990.163949364, "city_id": 12298, "country_iso": "CHN"}, {"h3index": "873098118ffffff", "population_2015": 253.617486668568, "total_built_mass_tons": 409141.64376497705, "city_id": 12298, "country_iso": "CHN"}, {"h3index": "873098119ffffff", "population_2015": 321.8812683072745, "total_built_mass_tons": 602579.7879093761, "city_id": 12298, "country_iso": "CHN"}, {"h3index": "87309811affffff", "population_2015": 2568.486824904236, "total_built_mass_tons": 3467505.447622473, "city_id": 12298, "country_iso": "CHN"}, {"h3index": "87309811bffffff", "population_2015": 3711.882655816919, "total_built_mass_tons": 4220229.520642473, "city_id": 12298, "country_iso": "CHN"}, {"h3index": "87309811cffffff", "population_2015": 5595.541665932477, "total_built_mass_tons": 2694724.036702521, "city_id": 12298, "country_iso": "CHN"}, {"h3index": "87309811dffffff", "population_2015": 2148.3248923956176, "total_built_mass_tons": 1082930.521919818, "city_id": 12298, "country_iso": "CHN"}, {"h3index": "87309811effffff", "population_2015": 11509.340898541846, "total_built_mass_tons": 2337928.031900759, "city_id": 12298, "country_iso": "CHN"}, {"h3index": "873098130ffffff", "population_2015": 5.388971504510618, "total_built_mass_tons": 2723.369493821387, "city_id": 12298, "country_iso": "CHN"}, {"h3index": "873098132ffffff", "population_2015": 1647.117335052116, "total_built_mass_tons": 550535.8901095021, "city_id": 12298, "country_iso": "CHN"}, {"h3index": "873098133ffffff", "population_2015": 6360.772330817056, "total_built_mass_tons": 1496593.7165943913, "city_id": 12298, "country_iso": "CHN"}, {"h3index": "873098136ffffff", "population_2015": 2081.9984941529287, "total_built_mass_tons": 986484.6388000044, "city_id": 12298, "country_iso": "CHN"}, {"h3index": "873098149ffffff", "population_2015": 444.4704438564824, "total_built_mass_tons": 152303.944023876, "city_id": 12298, "country_iso": "CHN"}, {"h3index": "87309814affffff", "population_2015": 24.576955949558933, "total_built_mass_tons": 203255.82173921773, "city_id": 12298, "country_iso": "CHN"}, {"h3index": "87309814bffffff", "population_2015": 604.4489248219658, "total_built_mass_tons": 865071.884309245, "city_id": 12298, "country_iso": "CHN"}, {"h3index": "87309814effffff", "population_2015": 198.0860269981272, "total_built_mass_tons": 197593.30207583893, "city_id": 12298, "country_iso": "CHN"}, {"h3index": "873098150ffffff", "population_2015": 13.874334608339796, "total_built_mass_tons": 146938.39635779074, "city_id": 12298, "country_iso": "CHN"}, {"h3index": "873098151ffffff", "population_2015": 35.780641748858436, "total_built_mass_tons": 340263.96249868197, "city_id": 12298, "country_iso": "CHN"}, {"h3index": "873098152ffffff", "population_2015": 9850.716652692532, "total_built_mass_tons": 2140509.644914748, "city_id": 12298, "country_iso": "CHN"}, {"h3index": "873098153ffffff", "population_2015": 5043.539789691158, "total_built_mass_tons": 1498906.884444936, "city_id": 12298, "country_iso": "CHN"}, {"h3index": "873098156ffffff", "population_2015": 118.52717748810262, "total_built_mass_tons": 68705.00965793959, "city_id": 12298, "country_iso": "CHN"}, {"h3index": "873098158ffffff", "population_2015": 3121.3013116163365, "total_built_mass_tons": 1257360.763450199, "city_id": 12298, "country_iso": "CHN"}, {"h3index": "873098159ffffff", "population_2015": 1363.3751264946127, "total_built_mass_tons": 1377414.1625319645, "city_id": 12298, "country_iso": "CHN"}, {"h3index": "87309815affffff", "population_2015": 14174.500324384371, "total_built_mass_tons": 2905247.978235819, "city_id": 12298, "country_iso": "CHN"}, {"h3index": "87309815bffffff", "population_2015": 11263.96218066028, "total_built_mass_tons": 2228859.16310237, "city_id": 12298, "country_iso": "CHN"}, {"h3index": "87309815dffffff", "population_2015": 1237.1594788513935, "total_built_mass_tons": 711139.6712993769, "city_id": 12298, "country_iso": "CHN"}, {"h3index": "87309815effffff", "population_2015": 2813.174225701538, "total_built_mass_tons": 669212.7810777593, "city_id": 12298, "country_iso": "CHN"}, {"h3index": "873098180ffffff", "population_2015": 36117.31894214106, "total_built_mass_tons": 7740390.758721039, "city_id": 12298, "country_iso": "CHN"}, {"h3index": "873098181ffffff", "population_2015": 75671.90403790938, "total_built_mass_tons": 7232653.747901596, "city_id": 12298, "country_iso": "CHN"}, {"h3index": "873098182ffffff", "population_2015": 59145.339228646895, "total_built_mass_tons": 6078038.654711503, "city_id": 12298, "country_iso": "CHN"}, {"h3index": "873098183ffffff", "population_2015": 137029.1675328872, "total_built_mass_tons": 7553951.2909513535, "city_id": 12298, "country_iso": "CHN"}, {"h3index": "873098184ffffff", "population_2015": 55679.83170653698, "total_built_mass_tons": 6752360.866619641, "city_id": 12298, "country_iso": "CHN"}, {"h3index": "873098185ffffff", "population_2015": 86038.84154986961, "total_built_mass_tons": 7317145.3657823475, "city_id": 12298, "country_iso": "CHN"}, {"h3index": "873098186ffffff", "population_2015": 30700.64774632548, "total_built_mass_tons": 6672014.369477889, "city_id": 12298, "country_iso": "CHN"}, {"h3index": "873098188ffffff", "population_2015": 10077.17484298314, "total_built_mass_tons": 5764853.2834363235, "city_id": 12298, "country_iso": "CHN"}, {"h3index": "873098189ffffff", "population_2015": 3436.8792590837866, "total_built_mass_tons": 1897593.9294713023, "city_id": 12298, "country_iso": "CHN"}, {"h3index": "87309818affffff", "population_2015": 23379.738695939384, "total_built_mass_tons": 3233539.9467892395, "city_id": 12298, "country_iso": "CHN"}, {"h3index": "87309818bffffff", "population_2015": 16553.259396510028, "total_built_mass_tons": 3899161.629611515, "city_id": 12298, "country_iso": "CHN"}, {"h3index": "87309818cffffff", "population_2015": 49738.53568723528, "total_built_mass_tons": 6981428.664069113, "city_id": 12298, "country_iso": "CHN"}, {"h3index": "87309818dffffff", "population_2015": 5322.851763937753, "total_built_mass_tons": 5150638.383636141, "city_id": 12298, "country_iso": "CHN"}, {"h3index": "87309818effffff", "population_2015": 133093.31710811314, "total_built_mass_tons": 5639102.518400475, "city_id": 12298, "country_iso": "CHN"}, {"h3index": "873098190ffffff", "population_2015": 6569.706256627102, "total_built_mass_tons": 3453942.059003747, "city_id": 12298, "country_iso": "CHN"}, {"h3index": "873098191ffffff", "population_2015": 4946.362793120448, "total_built_mass_tons": 2701647.4909804733, "city_id": 12298, "country_iso": "CHN"}, {"h3index": "873098192ffffff", "population_2015": 10527.37762011687, "total_built_mass_tons": 1670775.067223974, "city_id": 12298, "country_iso": "CHN"}, {"h3index": "873098193ffffff", "population_2015": 1243.0491690705803, "total_built_mass_tons": 1189045.7814865452, "city_id": 12298, "country_iso": "CHN"}, {"h3index": "873098194ffffff", "population_2015": 7020.85165317386, "total_built_mass_tons": 6333023.301065361, "city_id": 12298, "country_iso": "CHN"}, {"h3index": "873098195ffffff", "population_2015": 17650.203421007413, "total_built_mass_tons": 4288721.144986177, "city_id": 12298, "country_iso": "CHN"}, {"h3index": "873098196ffffff", "population_2015": 23786.403438465262, "total_built_mass_tons": 3901333.1095549166, "city_id": 12298, "country_iso": "CHN"}, {"h3index": "873098198ffffff", "population_2015": 13181.82211771199, "total_built_mass_tons": 5526921.499811761, "city_id": 12298, "country_iso": "CHN"}, {"h3index": "873098199ffffff", "population_2015": 23033.528593310184, "total_built_mass_tons": 3453766.861141692, "city_id": 12298, "country_iso": "CHN"}, {"h3index": "87309819affffff", "population_2015": 2535.513232478206, "total_built_mass_tons": 4628450.945752356, "city_id": 12298, "country_iso": "CHN"}, {"h3index": "87309819bffffff", "population_2015": 13182.394330525862, "total_built_mass_tons": 3471966.7518811016, "city_id": 12298, "country_iso": "CHN"}, {"h3index": "87309819cffffff", "population_2015": 15809.088653228797, "total_built_mass_tons": 4648827.106816141, "city_id": 12298, "country_iso": "CHN"}, {"h3index": "87309819dffffff", "population_2015": 99688.75070295153, "total_built_mass_tons": 5391806.752828717, "city_id": 12298, "country_iso": "CHN"}, {"h3index": "87309819effffff", "population_2015": 1140.3432075633136, "total_built_mass_tons": 2648975.289183599, "city_id": 12298, "country_iso": "CHN"}, {"h3index": "8730981a0ffffff", "population_2015": 11336.03370432199, "total_built_mass_tons": 2455437.757746646, "city_id": 12298, "country_iso": "CHN"}, {"h3index": "8730981a1ffffff", "population_2015": 11614.74914858528, "total_built_mass_tons": 3986335.4498275574, "city_id": 12298, "country_iso": "CHN"}, {"h3index": "8730981a2ffffff", "population_2015": 24231.756919812226, "total_built_mass_tons": 4238831.045952344, "city_id": 12298, "country_iso": "CHN"}, {"h3index": "8730981a3ffffff", "population_2015": 31685.05017273846, "total_built_mass_tons": 5248228.306059303, "city_id": 12298, "country_iso": "CHN"}, {"h3index": "8730981a4ffffff", "population_2015": 5844.70658304551, "total_built_mass_tons": 630800.8190352833, "city_id": 12298, "country_iso": "CHN"}, {"h3index": "8730981a5ffffff", "population_2015": 16216.515349492838, "total_built_mass_tons": 2772120.0267862524, "city_id": 12298, "country_iso": "CHN"}, {"h3index": "8730981a6ffffff", "population_2015": 24420.539467914423, "total_built_mass_tons": 2843691.696227872, "city_id": 12298, "country_iso": "CHN"}, {"h3index": "8730981a8ffffff", "population_2015": 33553.50608049281, "total_built_mass_tons": 4864459.398194499, "city_id": 12298, "country_iso": "CHN"}, {"h3index": "8730981a9ffffff", "population_2015": 10244.468497915825, "total_built_mass_tons": 5244761.302462416, "city_id": 12298, "country_iso": "CHN"}, {"h3index": "8730981aaffffff", "population_2015": 54299.93338406878, "total_built_mass_tons": 6225856.447396025, "city_id": 12298, "country_iso": "CHN"}, {"h3index": "8730981abffffff", "population_2015": 11943.90906046512, "total_built_mass_tons": 6578233.705857644, "city_id": 12298, "country_iso": "CHN"}, {"h3index": "8730981acffffff", "population_2015": 43883.05034283285, "total_built_mass_tons": 4348674.982429222, "city_id": 12298, "country_iso": "CHN"}, {"h3index": "8730981adffffff", "population_2015": 24487.827090693445, "total_built_mass_tons": 2287627.2495391467, "city_id": 12298, "country_iso": "CHN"}, {"h3index": "8730981aeffffff", "population_2015": 40643.74468147334, "total_built_mass_tons": 5462400.949817752, "city_id": 12298, "country_iso": "CHN"}, {"h3index": "8730981b0ffffff", "population_2015": 19488.411345941888, "total_built_mass_tons": 7765083.482209776, "city_id": 12298, "country_iso": "CHN"}, {"h3index": "8730981b1ffffff", "population_2015": 29395.386480331417, "total_built_mass_tons": 5122758.884180053, "city_id": 12298, "country_iso": "CHN"}, {"h3index": "8730981b2ffffff", "population_2015": 5762.615046618147, "total_built_mass_tons": 4104428.0766211553, "city_id": 12298, "country_iso": "CHN"}, {"h3index": "8730981b3ffffff", "population_2015": 12959.746987032418, "total_built_mass_tons": 6784523.846440525, "city_id": 12298, "country_iso": "CHN"}, {"h3index": "8730981b4ffffff", "population_2015": 9953.848092729904, "total_built_mass_tons": 3592943.680485931, "city_id": 12298, "country_iso": "CHN"}, {"h3index": "8730981b5ffffff", "population_2015": 19843.706008653076, "total_built_mass_tons": 3460644.0262329355, "city_id": 12298, "country_iso": "CHN"}, {"h3index": "8730981b6ffffff", "population_2015": 10456.315361048197, "total_built_mass_tons": 5009118.609336292, "city_id": 12298, "country_iso": "CHN"}, {"h3index": "873098300ffffff", "population_2015": 277.33496952500997, "total_built_mass_tons": 384476.78647723416, "city_id": 12298, "country_iso": "CHN"}, {"h3index": "873098301ffffff", "population_2015": 70.19241835042541, "total_built_mass_tons": 178915.97308345736, "city_id": 12298, "country_iso": "CHN"}, {"h3index": "873098302ffffff", "population_2015": 1806.992019045353, "total_built_mass_tons": 3164360.6800892903, "city_id": 12298, "country_iso": "CHN"}, {"h3index": "873098303ffffff", "population_2015": 3198.0546706601685, "total_built_mass_tons": 3492672.079955416, "city_id": 12298, "country_iso": "CHN"}, {"h3index": "873098306ffffff", "population_2015": 1450.8066802770484, "total_built_mass_tons": 1614368.4879510093, "city_id": 12298, "country_iso": "CHN"}, {"h3index": "873098310ffffff", "population_2015": 1869.8726194360677, "total_built_mass_tons": 2929035.8833341124, "city_id": 12298, "country_iso": "CHN"}, {"h3index": "873098311ffffff", "population_2015": 1429.2930284694128, "total_built_mass_tons": 3163986.1122746975, "city_id": 12298, "country_iso": "CHN"}, {"h3index": "873098312ffffff", "population_2015": 4544.320243852278, "total_built_mass_tons": 3039583.200522179, "city_id": 12298, "country_iso": "CHN"}, {"h3index": "873098313ffffff", "population_2015": 571.7574451152017, "total_built_mass_tons": 672292.5819268819, "city_id": 12298, "country_iso": "CHN"}, {"h3index": "873098314ffffff", "population_2015": 6208.247344533838, "total_built_mass_tons": 4033632.8373755873, "city_id": 12298, "country_iso": "CHN"}, {"h3index": "873098315ffffff", "population_2015": 2164.5296676184607, "total_built_mass_tons": 2582687.56894711, "city_id": 12298, "country_iso": "CHN"}, {"h3index": "873098316ffffff", "population_2015": 4622.460127255962, "total_built_mass_tons": 4252092.396109052, "city_id": 12298, "country_iso": "CHN"}, {"h3index": "87309831cffffff", "population_2015": 1662.818959535571, "total_built_mass_tons": 2730505.1784343957, "city_id": 12298, "country_iso": "CHN"}, {"h3index": "87309831dffffff", "population_2015": 609.6572786938912, "total_built_mass_tons": 872813.9466666731, "city_id": 12298, "country_iso": "CHN"}, {"h3index": "87309831effffff", "population_2015": 15.020787463468665, "total_built_mass_tons": 54286.468871215664, "city_id": 12298, "country_iso": "CHN"}, {"h3index": "873098322ffffff", "population_2015": 86.02406750683691, "total_built_mass_tons": 332563.5705853267, "city_id": 12298, "country_iso": "CHN"}, {"h3index": "873098326ffffff", "population_2015": 103.2351674757752, "total_built_mass_tons": 171411.6159519031, "city_id": 12298, "country_iso": "CHN"}, {"h3index": "873098330ffffff", "population_2015": 28116.865298234723, "total_built_mass_tons": 3835736.541320519, "city_id": 12298, "country_iso": "CHN"}, {"h3index": "873098331ffffff", "population_2015": 811.4967077626898, "total_built_mass_tons": 1223026.6465383642, "city_id": 12298, "country_iso": "CHN"}, {"h3index": "873098332ffffff", "population_2015": 50857.4692475637, "total_built_mass_tons": 4149437.773289996, "city_id": 12298, "country_iso": "CHN"}, {"h3index": "873098333ffffff", "population_2015": 2635.7555803623854, "total_built_mass_tons": 3041434.437110828, "city_id": 12298, "country_iso": "CHN"}, {"h3index": "873098334ffffff", "population_2015": 46657.144725833234, "total_built_mass_tons": 4099404.469798969, "city_id": 12298, "country_iso": "CHN"}, {"h3index": "873098335ffffff", "population_2015": 9631.830227734768, "total_built_mass_tons": 2524581.9714491097, "city_id": 12298, "country_iso": "CHN"}, {"h3index": "873098336ffffff", "population_2015": 64078.23185127859, "total_built_mass_tons": 4307032.002291685, "city_id": 12298, "country_iso": "CHN"}, {"h3index": "8730983a0ffffff", "population_2015": 251.0099195718765, "total_built_mass_tons": 219645.75513901477, "city_id": 12298, "country_iso": "CHN"}, {"h3index": "8730983a1ffffff", "population_2015": 1061.5435426202478, "total_built_mass_tons": 1231349.2903587164, "city_id": 12298, "country_iso": "CHN"}, {"h3index": "8730983a4ffffff", "population_2015": 2589.908344583885, "total_built_mass_tons": 1643505.4930280596, "city_id": 12298, "country_iso": "CHN"}, {"h3index": "8730983a5ffffff", "population_2015": 1840.353802593549, "total_built_mass_tons": 2753773.9175846325, "city_id": 12298, "country_iso": "CHN"}, {"h3index": "8730983a6ffffff", "population_2015": 1940.07436116443, "total_built_mass_tons": 1483222.426809675, "city_id": 12298, "country_iso": "CHN"}, {"h3index": "8730983a8ffffff", "population_2015": 251.3627914410011, "total_built_mass_tons": 246103.375283194, "city_id": 12298, "country_iso": "CHN"}, {"h3index": "8730983acffffff", "population_2015": 9754.212997316848, "total_built_mass_tons": 3689138.1864261986, "city_id": 12298, "country_iso": "CHN"}, {"h3index": "8730983adffffff", "population_2015": 344.948481613982, "total_built_mass_tons": 172371.2941586883, "city_id": 12298, "country_iso": "CHN"}, {"h3index": "8730983aeffffff", "population_2015": 19.214941582492756, "total_built_mass_tons": 143435.83803952648, "city_id": 12298, "country_iso": "CHN"}, {"h3index": "8730983b4ffffff", "population_2015": 5009.360904055014, "total_built_mass_tons": 2163427.9180266494, "city_id": 12298, "country_iso": "CHN"}, {"h3index": "8730983b5ffffff", "population_2015": 663.8358705773072, "total_built_mass_tons": 375448.2037888016, "city_id": 12298, "country_iso": "CHN"}, {"h3index": "873098440ffffff", "population_2015": 709.4569666395, "total_built_mass_tons": 161376.0339583202, "city_id": 12298, "country_iso": "CHN"}, {"h3index": "873098441ffffff", "population_2015": 4820.183795489517, "total_built_mass_tons": 757253.8512814721, "city_id": 12298, "country_iso": "CHN"}, {"h3index": "873098442ffffff", "population_2015": 248.0504323360967, "total_built_mass_tons": 94904.74691452576, "city_id": 12298, "country_iso": "CHN"}, {"h3index": "873098443ffffff", "population_2015": 299.310762349297, "total_built_mass_tons": 68830.13067540634, "city_id": 12298, "country_iso": "CHN"}, {"h3index": "873098444ffffff", "population_2015": 9.157889856076707, "total_built_mass_tons": 9606.893924545542, "city_id": 12298, "country_iso": "CHN"}, {"h3index": "873098445ffffff", "population_2015": 9404.386565350547, "total_built_mass_tons": 1152794.03309559, "city_id": 12298, "country_iso": "CHN"}, {"h3index": "873098460ffffff", "population_2015": 1542.110466280638, "total_built_mass_tons": 1143189.9863410413, "city_id": 12298, "country_iso": "CHN"}, {"h3index": "873098461ffffff", "population_2015": 1959.0674568737256, "total_built_mass_tons": 1435128.3288251045, "city_id": 12298, "country_iso": "CHN"}, {"h3index": "873098462ffffff", "population_2015": 143.38864374534757, "total_built_mass_tons": 141074.79729333438, "city_id": 12298, "country_iso": "CHN"}, {"h3index": "873098463ffffff", "population_2015": 1845.8085980209653, "total_built_mass_tons": 1750622.4992835366, "city_id": 12298, "country_iso": "CHN"}, {"h3index": "873098464ffffff", "population_2015": 1683.6261948089975, "total_built_mass_tons": 997773.219638203, "city_id": 12298, "country_iso": "CHN"}, {"h3index": "873098465ffffff", "population_2015": 8223.930637609723, "total_built_mass_tons": 2143085.209022022, "city_id": 12298, "country_iso": "CHN"}, {"h3index": "873098466ffffff", "population_2015": 78.92983027065502, "total_built_mass_tons": 31537.631577336153, "city_id": 12298, "country_iso": "CHN"}, {"h3index": "873098468ffffff", "population_2015": 52.327500122668695, "total_built_mass_tons": 70123.54898906237, "city_id": 12298, "country_iso": "CHN"}, {"h3index": "87309846affffff", "population_2015": 3083.986316265779, "total_built_mass_tons": 887807.7049361223, "city_id": 12298, "country_iso": "CHN"}, {"h3index": "87309846cffffff", "population_2015": 7631.352788748927, "total_built_mass_tons": 2110218.385792658, "city_id": 12298, "country_iso": "CHN"}, {"h3index": "87309846dffffff", "population_2015": 1.2771643629261091, "total_built_mass_tons": 36969.57741771792, "city_id": 12298, "country_iso": "CHN"}, {"h3index": "87309846effffff", "population_2015": 6756.396945832757, "total_built_mass_tons": 2881613.914550299, "city_id": 12298, "country_iso": "CHN"}, {"h3index": "873098541ffffff", "population_2015": 15.366928228677487, "total_built_mass_tons": 24306.70444791699, "city_id": 12298, "country_iso": "CHN"}, {"h3index": "873098544ffffff", "population_2015": 61.896141063465784, "total_built_mass_tons": 24269.503282620703, "city_id": 12298, "country_iso": "CHN"}, {"h3index": "873098545ffffff", "population_2015": 3301.1959226870063, "total_built_mass_tons": 1639510.6553031462, "city_id": 12298, "country_iso": "CHN"}, {"h3index": "873098548ffffff", "population_2015": 318.354891277762, "total_built_mass_tons": 117881.05949128835, "city_id": 12298, "country_iso": "CHN"}, {"h3index": "873098549ffffff", "population_2015": 26536.220282386344, "total_built_mass_tons": 5814601.317022951, "city_id": 12298, "country_iso": "CHN"}, {"h3index": "87309854affffff", "population_2015": 31.34271043328678, "total_built_mass_tons": 34441.04516307546, "city_id": 12298, "country_iso": "CHN"}, {"h3index": "87309854bffffff", "population_2015": 7085.756172226924, "total_built_mass_tons": 3051227.093151145, "city_id": 12298, "country_iso": "CHN"}, {"h3index": "87309854cffffff", "population_2015": 914.0561005751292, "total_built_mass_tons": 928766.726324552, "city_id": 12298, "country_iso": "CHN"}, {"h3index": "87309854dffffff", "population_2015": 4528.6062649006935, "total_built_mass_tons": 901312.2454613592, "city_id": 12298, "country_iso": "CHN"}, {"h3index": "873098560ffffff", "population_2015": 9408.889668844262, "total_built_mass_tons": 1791296.9179698778, "city_id": 12298, "country_iso": "CHN"}, {"h3index": "873098561ffffff", "population_2015": 857.9290394072441, "total_built_mass_tons": 303425.1515608102, "city_id": 12298, "country_iso": "CHN"}, {"h3index": "873098562ffffff", "population_2015": 3265.235026266762, "total_built_mass_tons": 1037211.4969247635, "city_id": 12298, "country_iso": "CHN"}, {"h3index": "873098563ffffff", "population_2015": 1952.8396956565336, "total_built_mass_tons": 816777.2750414084, "city_id": 12298, "country_iso": "CHN"}, {"h3index": "873098564ffffff", "population_2015": 48202.17041149513, "total_built_mass_tons": 5819105.033767537, "city_id": 12298, "country_iso": "CHN"}, {"h3index": "873098565ffffff", "population_2015": 29752.63341884332, "total_built_mass_tons": 2563224.908026708, "city_id": 12298, "country_iso": "CHN"}, {"h3index": "873098566ffffff", "population_2015": 14451.919409273649, "total_built_mass_tons": 4019673.4427411007, "city_id": 12298, "country_iso": "CHN"}, {"h3index": "873098568ffffff", "population_2015": 8754.37681906831, "total_built_mass_tons": 4818207.16158802, "city_id": 12298, "country_iso": "CHN"}, {"h3index": "873098569ffffff", "population_2015": 7349.451688617583, "total_built_mass_tons": 2347588.3658917136, "city_id": 12298, "country_iso": "CHN"}, {"h3index": "87309856affffff", "population_2015": 4137.222338119209, "total_built_mass_tons": 2377751.819234499, "city_id": 12298, "country_iso": "CHN"}, {"h3index": "87309856bffffff", "population_2015": 10719.775182367306, "total_built_mass_tons": 3358361.4514589687, "city_id": 12298, "country_iso": "CHN"}, {"h3index": "87309856cffffff", "population_2015": 1920.2594800369409, "total_built_mass_tons": 933487.8636696336, "city_id": 12298, "country_iso": "CHN"}, {"h3index": "87309856dffffff", "population_2015": 3005.098013108151, "total_built_mass_tons": 2046670.8096838556, "city_id": 12298, "country_iso": "CHN"}, {"h3index": "87309856effffff", "population_2015": 3997.068543827768, "total_built_mass_tons": 1317550.900271283, "city_id": 12298, "country_iso": "CHN"}, {"h3index": "873098575ffffff", "population_2015": 226.42694224843785, "total_built_mass_tons": 644485.0538176356, "city_id": 12298, "country_iso": "CHN"}, {"h3index": "873098892ffffff", "population_2015": 63.69024417727601, "total_built_mass_tons": 46679.75057317606, "city_id": 12298, "country_iso": "CHN"}, {"h3index": "873098894ffffff", "population_2015": 4363.152962616377, "total_built_mass_tons": 1489731.9646617991, "city_id": 12298, "country_iso": "CHN"}, {"h3index": "873098896ffffff", "population_2015": 883.5031990995592, "total_built_mass_tons": 1142517.72564256, "city_id": 12298, "country_iso": "CHN"}, {"h3index": "8730988b2ffffff", "population_2015": 2575.9743470528547, "total_built_mass_tons": 1606189.993616413, "city_id": 12298, "country_iso": "CHN"}, {"h3index": "8730988b3ffffff", "population_2015": 40.260420131683354, "total_built_mass_tons": 54290.76397808413, "city_id": 12298, "country_iso": "CHN"}, {"h3index": "873098990ffffff", "population_2015": 511.885937429877, "total_built_mass_tons": 454442.35810561886, "city_id": 12298, "country_iso": "CHN"}, {"h3index": "873098992ffffff", "population_2015": 4312.026649348409, "total_built_mass_tons": 2827029.0841307193, "city_id": 12298, "country_iso": "CHN"}, {"h3index": "873098993ffffff", "population_2015": 4947.916195925543, "total_built_mass_tons": 2219750.518223459, "city_id": 12298, "country_iso": "CHN"}, {"h3index": "873098994ffffff", "population_2015": 2332.0945875925177, "total_built_mass_tons": 2045927.078824192, "city_id": 12298, "country_iso": "CHN"}, {"h3index": "873098996ffffff", "population_2015": 3216.090814227685, "total_built_mass_tons": 2905408.4432671117, "city_id": 12298, "country_iso": "CHN"}, {"h3index": "8730989b0ffffff", "population_2015": 288.69584672591265, "total_built_mass_tons": 214686.5105482712, "city_id": 12298, "country_iso": "CHN"}, {"h3index": "8730989b2ffffff", "population_2015": 9755.132498224575, "total_built_mass_tons": 4824387.610641181, "city_id": 12298, "country_iso": "CHN"}, {"h3index": "8730989b6ffffff", "population_2015": 768.6147032415167, "total_built_mass_tons": 775945.6834434047, "city_id": 12298, "country_iso": "CHN"}, {"h3index": "873098a80ffffff", "population_2015": 1807.534269899948, "total_built_mass_tons": 1614774.0066287569, "city_id": 12298, "country_iso": "CHN"}, {"h3index": "873098a81ffffff", "population_2015": 736.8205300789255, "total_built_mass_tons": 639342.6560193361, "city_id": 12298, "country_iso": "CHN"}, {"h3index": "873098a82ffffff", "population_2015": 5870.393796518737, "total_built_mass_tons": 2068893.492841181, "city_id": 12298, "country_iso": "CHN"}, {"h3index": "873098a83ffffff", "population_2015": 3632.4459815460086, "total_built_mass_tons": 1643862.3094601368, "city_id": 12298, "country_iso": "CHN"}, {"h3index": "873098a84ffffff", "population_2015": 1699.4611159520991, "total_built_mass_tons": 1029081.6333958516, "city_id": 12298, "country_iso": "CHN"}, {"h3index": "873098a85ffffff", "population_2015": 16.090279541763604, "total_built_mass_tons": 8030.64055901183, "city_id": 12298, "country_iso": "CHN"}, {"h3index": "873098a86ffffff", "population_2015": 10329.734433377022, "total_built_mass_tons": 2791159.166133547, "city_id": 12298, "country_iso": "CHN"}, {"h3index": "873098a8affffff", "population_2015": 52.24680525508582, "total_built_mass_tons": 52511.776142137634, "city_id": 12298, "country_iso": "CHN"}, {"h3index": "873098a8effffff", "population_2015": 476.449851324044, "total_built_mass_tons": 196568.4527901159, "city_id": 12298, "country_iso": "CHN"}, {"h3index": "873098a90ffffff", "population_2015": 6780.572233729735, "total_built_mass_tons": 3137552.6314862547, "city_id": 12298, "country_iso": "CHN"}, {"h3index": "873098a91ffffff", "population_2015": 8230.210931471282, "total_built_mass_tons": 2717047.1564673996, "city_id": 12298, "country_iso": "CHN"}, {"h3index": "873098a92ffffff", "population_2015": 6379.8591307027655, "total_built_mass_tons": 3676859.100949567, "city_id": 12298, "country_iso": "CHN"}, {"h3index": "873098a93ffffff", "population_2015": 17088.09992678025, "total_built_mass_tons": 5384769.835958516, "city_id": 12298, "country_iso": "CHN"}, {"h3index": "873098a94ffffff", "population_2015": 1331.9758963996285, "total_built_mass_tons": 884039.260321445, "city_id": 12298, "country_iso": "CHN"}, {"h3index": "873098a95ffffff", "population_2015": 3206.8078422918043, "total_built_mass_tons": 3229994.5970445015, "city_id": 12298, "country_iso": "CHN"}, {"h3index": "873098a96ffffff", "population_2015": 3478.051530809029, "total_built_mass_tons": 2046461.734368855, "city_id": 12298, "country_iso": "CHN"}, {"h3index": "873098a98ffffff", "population_2015": 7165.8811565857295, "total_built_mass_tons": 2902356.1709857592, "city_id": 12298, "country_iso": "CHN"}, {"h3index": "873098a99ffffff", "population_2015": 748.0153048131979, "total_built_mass_tons": 792008.861631339, "city_id": 12298, "country_iso": "CHN"}, {"h3index": "873098a9affffff", "population_2015": 14781.05614643471, "total_built_mass_tons": 4424117.480491761, "city_id": 12298, "country_iso": "CHN"}, {"h3index": "873098a9bffffff", "population_2015": 9831.898586194651, "total_built_mass_tons": 2278812.295762524, "city_id": 12298, "country_iso": "CHN"}, {"h3index": "873098a9cffffff", "population_2015": 5424.035016410492, "total_built_mass_tons": 1743877.4132327868, "city_id": 12298, "country_iso": "CHN"}, {"h3index": "873098a9dffffff", "population_2015": 6814.275122120801, "total_built_mass_tons": 2479542.9961529793, "city_id": 12298, "country_iso": "CHN"}, {"h3index": "873098a9effffff", "population_2015": 14218.840396667933, "total_built_mass_tons": 4650167.335872584, "city_id": 12298, "country_iso": "CHN"}, {"h3index": "873098ab3ffffff", "population_2015": 149.546302503698, "total_built_mass_tons": 82902.92373588592, "city_id": 12298, "country_iso": "CHN"}, {"h3index": "873098c09ffffff", "population_2015": 244.0218512123707, "total_built_mass_tons": 363227.2769016432, "city_id": 12298, "country_iso": "CHN"}, {"h3index": "873098c0dffffff", "population_2015": 251.05780650868135, "total_built_mass_tons": 176610.69737099766, "city_id": 12298, "country_iso": "CHN"}, {"h3index": "873098c20ffffff", "population_2015": 1356.7258042695478, "total_built_mass_tons": 587733.0190418564, "city_id": 12298, "country_iso": "CHN"}, {"h3index": "873098c21ffffff", "population_2015": 1563.014718387641, "total_built_mass_tons": 357722.8918682261, "city_id": 12298, "country_iso": "CHN"}, {"h3index": "873098c24ffffff", "population_2015": 4417.484350372299, "total_built_mass_tons": 1519111.185848794, "city_id": 12298, "country_iso": "CHN"}, {"h3index": "873098c25ffffff", "population_2015": 13850.792048396308, "total_built_mass_tons": 4190448.804891369, "city_id": 12298, "country_iso": "CHN"}, {"h3index": "873098c26ffffff", "population_2015": 1355.219464342735, "total_built_mass_tons": 934259.4743575124, "city_id": 12298, "country_iso": "CHN"}, {"h3index": "873098c29ffffff", "population_2015": 2057.9920242496564, "total_built_mass_tons": 365747.8984080636, "city_id": 12298, "country_iso": "CHN"}, {"h3index": "873098c2cffffff", "population_2015": 68.35293229046991, "total_built_mass_tons": 42866.35700222453, "city_id": 12298, "country_iso": "CHN"}, {"h3index": "873098c34ffffff", "population_2015": 3590.4050768118273, "total_built_mass_tons": 1809562.388091604, "city_id": 12298, "country_iso": "CHN"}, {"h3index": "873098c35ffffff", "population_2015": 592.6109942679312, "total_built_mass_tons": 372998.92628270073, "city_id": 12298, "country_iso": "CHN"}, {"h3index": "873098c36ffffff", "population_2015": 1844.6917794671708, "total_built_mass_tons": 976435.2058217672, "city_id": 12298, "country_iso": "CHN"}, {"h3index": "873098c40ffffff", "population_2015": 3362.8868613490863, "total_built_mass_tons": 2040411.735833492, "city_id": 12298, "country_iso": "CHN"}, {"h3index": "873098c41ffffff", "population_2015": 2431.140928878036, "total_built_mass_tons": 993575.5423356018, "city_id": 12298, "country_iso": "CHN"}, {"h3index": "873098c42ffffff", "population_2015": 7219.147539546911, "total_built_mass_tons": 1274365.1255670509, "city_id": 12298, "country_iso": "CHN"}, {"h3index": "873098c43ffffff", "population_2015": 8350.323757676517, "total_built_mass_tons": 2648935.2695750343, "city_id": 12298, "country_iso": "CHN"}, {"h3index": "873098c44ffffff", "population_2015": 2800.5436238344987, "total_built_mass_tons": 1650109.7729775924, "city_id": 12298, "country_iso": "CHN"}, {"h3index": "873098c45ffffff", "population_2015": 9058.735243686977, "total_built_mass_tons": 3484848.509964656, "city_id": 12298, "country_iso": "CHN"}, {"h3index": "873098c46ffffff", "population_2015": 1694.3792209468634, "total_built_mass_tons": 1007129.50518582, "city_id": 12298, "country_iso": "CHN"}, {"h3index": "873098c48ffffff", "population_2015": 5986.300847302232, "total_built_mass_tons": 2036328.4848411, "city_id": 12298, "country_iso": "CHN"}, {"h3index": "873098c49ffffff", "population_2015": 6364.29288891998, "total_built_mass_tons": 2635455.9991229502, "city_id": 12298, "country_iso": "CHN"}, {"h3index": "873098c4affffff", "population_2015": 12261.664497072554, "total_built_mass_tons": 1322563.2055252884, "city_id": 12298, "country_iso": "CHN"}, {"h3index": "873098c4bffffff", "population_2015": 16992.542103760854, "total_built_mass_tons": 3504940.8312981413, "city_id": 12298, "country_iso": "CHN"}, {"h3index": "873098c4cffffff", "population_2015": 1910.597020163256, "total_built_mass_tons": 986494.9751612006, "city_id": 12298, "country_iso": "CHN"}, {"h3index": "873098c4dffffff", "population_2015": 4972.0744924648125, "total_built_mass_tons": 2490754.10846862, "city_id": 12298, "country_iso": "CHN"}, {"h3index": "873098c4effffff", "population_2015": 2737.163324975034, "total_built_mass_tons": 961635.849296102, "city_id": 12298, "country_iso": "CHN"}, {"h3index": "873098c50ffffff", "population_2015": 3385.1584833222264, "total_built_mass_tons": 4541352.511576628, "city_id": 12298, "country_iso": "CHN"}, {"h3index": "873098c51ffffff", "population_2015": 11494.815239365897, "total_built_mass_tons": 3484167.888101056, "city_id": 12298, "country_iso": "CHN"}, {"h3index": "873098c52ffffff", "population_2015": 400.7555775502149, "total_built_mass_tons": 169544.4204056261, "city_id": 12298, "country_iso": "CHN"}, {"h3index": "873098c53ffffff", "population_2015": 2109.120345955737, "total_built_mass_tons": 2698400.5771310395, "city_id": 12298, "country_iso": "CHN"}, {"h3index": "873098c54ffffff", "population_2015": 2505.4478026810816, "total_built_mass_tons": 1890294.824057199, "city_id": 12298, "country_iso": "CHN"}, {"h3index": "873098c55ffffff", "population_2015": 7945.439672117376, "total_built_mass_tons": 2041444.3482127176, "city_id": 12298, "country_iso": "CHN"}, {"h3index": "873098c56ffffff", "population_2015": 1749.0268923796857, "total_built_mass_tons": 1548010.8414863527, "city_id": 12298, "country_iso": "CHN"}, {"h3index": "873098c58ffffff", "population_2015": 13800.494398255909, "total_built_mass_tons": 2606829.2792834486, "city_id": 12298, "country_iso": "CHN"}, {"h3index": "873098c59ffffff", "population_2015": 12996.794457392602, "total_built_mass_tons": 2858023.4542822926, "city_id": 12298, "country_iso": "CHN"}, {"h3index": "873098c5affffff", "population_2015": 19617.74693804114, "total_built_mass_tons": 4476977.840367765, "city_id": 12298, "country_iso": "CHN"}, {"h3index": "873098c5bffffff", "population_2015": 29633.98530510734, "total_built_mass_tons": 3485764.981390016, "city_id": 12298, "country_iso": "CHN"}, {"h3index": "873098c5cffffff", "population_2015": 19907.92492529925, "total_built_mass_tons": 4665595.075019479, "city_id": 12298, "country_iso": "CHN"}, {"h3index": "873098c5dffffff", "population_2015": 7102.438199741233, "total_built_mass_tons": 3930367.356611049, "city_id": 12298, "country_iso": "CHN"}, {"h3index": "873098c5effffff", "population_2015": 13560.449867561752, "total_built_mass_tons": 4928720.167163367, "city_id": 12298, "country_iso": "CHN"}, {"h3index": "873098c60ffffff", "population_2015": 305.16629857829975, "total_built_mass_tons": 402255.69113318087, "city_id": 12298, "country_iso": "CHN"}, {"h3index": "873098c62ffffff", "population_2015": 20.79501059289072, "total_built_mass_tons": 6280.572750646426, "city_id": 12298, "country_iso": "CHN"}, {"h3index": "873098c63ffffff", "population_2015": 257.2947286194445, "total_built_mass_tons": 141895.8283845481, "city_id": 12298, "country_iso": "CHN"}, {"h3index": "873098c64ffffff", "population_2015": 3843.3089372737736, "total_built_mass_tons": 2319233.5471084523, "city_id": 12298, "country_iso": "CHN"}, {"h3index": "873098c65ffffff", "population_2015": 4591.414807260738, "total_built_mass_tons": 2556187.785105318, "city_id": 12298, "country_iso": "CHN"}, {"h3index": "873098c66ffffff", "population_2015": 4256.186962845746, "total_built_mass_tons": 2884518.9929372137, "city_id": 12298, "country_iso": "CHN"}, {"h3index": "873098c68ffffff", "population_2015": 6609.783270587171, "total_built_mass_tons": 1797267.3578027163, "city_id": 12298, "country_iso": "CHN"}, {"h3index": "873098c69ffffff", "population_2015": 3562.528740662218, "total_built_mass_tons": 1601904.803881939, "city_id": 12298, "country_iso": "CHN"}, {"h3index": "873098c6affffff", "population_2015": 6894.942356789345, "total_built_mass_tons": 3669460.999157278, "city_id": 12298, "country_iso": "CHN"}, {"h3index": "873098c6bffffff", "population_2015": 10178.902750253676, "total_built_mass_tons": 4620264.818328055, "city_id": 12298, "country_iso": "CHN"}, {"h3index": "873098c6dffffff", "population_2015": 90.7491730633904, "total_built_mass_tons": 56482.4588133607, "city_id": 12298, "country_iso": "CHN"}, {"h3index": "873098c6effffff", "population_2015": 541.1958816878935, "total_built_mass_tons": 345614.32804604457, "city_id": 12298, "country_iso": "CHN"}, {"h3index": "873098c70ffffff", "population_2015": 9166.625685552524, "total_built_mass_tons": 3554914.602275335, "city_id": 12298, "country_iso": "CHN"}, {"h3index": "873098c71ffffff", "population_2015": 32.70287326924941, "total_built_mass_tons": 189005.13100396693, "city_id": 12298, "country_iso": "CHN"}, {"h3index": "873098c72ffffff", "population_2015": 4732.022120426216, "total_built_mass_tons": 2808721.2962240707, "city_id": 12298, "country_iso": "CHN"}, {"h3index": "873098c73ffffff", "population_2015": 6496.7702581041, "total_built_mass_tons": 3930582.491835664, "city_id": 12298, "country_iso": "CHN"}, {"h3index": "873098c74ffffff", "population_2015": 12253.22479661983, "total_built_mass_tons": 3434419.364948109, "city_id": 12298, "country_iso": "CHN"}, {"h3index": "873098c75ffffff", "population_2015": 2438.5359814545695, "total_built_mass_tons": 1564708.3029856372, "city_id": 12298, "country_iso": "CHN"}, {"h3index": "873098c76ffffff", "population_2015": 3923.987369758007, "total_built_mass_tons": 1671081.4841590049, "city_id": 12298, "country_iso": "CHN"}, {"h3index": "873098cc8ffffff", "population_2015": 21570.665826101864, "total_built_mass_tons": 3742494.439035722, "city_id": 12298, "country_iso": "CHN"}, {"h3index": "873098cc9ffffff", "population_2015": 26643.441389729916, "total_built_mass_tons": 4966026.540041905, "city_id": 12298, "country_iso": "CHN"}, {"h3index": "873098ccaffffff", "population_2015": 22273.54646562315, "total_built_mass_tons": 2589835.22880593, "city_id": 12298, "country_iso": "CHN"}, {"h3index": "873098ccbffffff", "population_2015": 34307.90529501299, "total_built_mass_tons": 4034483.042614743, "city_id": 12298, "country_iso": "CHN"}, {"h3index": "873098cccffffff", "population_2015": 312.1942139887342, "total_built_mass_tons": 154902.80156470966, "city_id": 12298, "country_iso": "CHN"}, {"h3index": "873098ccdffffff", "population_2015": 12477.098556447852, "total_built_mass_tons": 4692228.146960051, "city_id": 12298, "country_iso": "CHN"}, {"h3index": "873098cceffffff", "population_2015": 1809.9000163125056, "total_built_mass_tons": 528431.8334916326, "city_id": 12298, "country_iso": "CHN"}, {"h3index": "873098cd8ffffff", "population_2015": 1792.1988313399113, "total_built_mass_tons": 4082801.3820289425, "city_id": 12298, "country_iso": "CHN"}, {"h3index": "873098cd9ffffff", "population_2015": 16798.421427869795, "total_built_mass_tons": 4021380.3057088703, "city_id": 12298, "country_iso": "CHN"}, {"h3index": "873098cdaffffff", "population_2015": 412.50252790918546, "total_built_mass_tons": 519857.9600180067, "city_id": 12298, "country_iso": "CHN"}, {"h3index": "873098cdbffffff", "population_2015": 1742.3467951060516, "total_built_mass_tons": 2735296.615429336, "city_id": 12298, "country_iso": "CHN"}, {"h3index": "873098cdcffffff", "population_2015": 15.522381389082645, "total_built_mass_tons": 54026.61885093725, "city_id": 12298, "country_iso": "CHN"}, {"h3index": "873098cddffffff", "population_2015": 4786.543551208341, "total_built_mass_tons": 2964803.318088987, "city_id": 12298, "country_iso": "CHN"}, {"h3index": "873098cdeffffff", "population_2015": 99.50877389159858, "total_built_mass_tons": 276282.1021436491, "city_id": 12298, "country_iso": "CHN"}, {"h3index": "873098ce8ffffff", "population_2015": 902.104628445354, "total_built_mass_tons": 1378529.1300623263, "city_id": 12298, "country_iso": "CHN"}, {"h3index": "873098ce9ffffff", "population_2015": 4596.429817678359, "total_built_mass_tons": 5549172.57645827, "city_id": 12298, "country_iso": "CHN"}, {"h3index": "873098cebffffff", "population_2015": 524.2661682506986, "total_built_mass_tons": 1147743.6846224633, "city_id": 12298, "country_iso": "CHN"}, {"h3index": "873098cecffffff", "population_2015": 275.0617021361987, "total_built_mass_tons": 623862.6707739952, "city_id": 12298, "country_iso": "CHN"}, {"h3index": "873098cedffffff", "population_2015": 2957.880295139668, "total_built_mass_tons": 2735715.440270791, "city_id": 12298, "country_iso": "CHN"}, {"h3index": "873098d00ffffff", "population_2015": 8407.501668869276, "total_built_mass_tons": 1529197.4644056633, "city_id": 12298, "country_iso": "CHN"}, {"h3index": "873098d01ffffff", "population_2015": 24667.008583364302, "total_built_mass_tons": 4506804.936669804, "city_id": 12298, "country_iso": "CHN"}, {"h3index": "873098d02ffffff", "population_2015": 126.27490815555348, "total_built_mass_tons": 24225.583967131428, "city_id": 12298, "country_iso": "CHN"}, {"h3index": "873098d03ffffff", "population_2015": 5372.522294126774, "total_built_mass_tons": 1788625.7830776975, "city_id": 12298, "country_iso": "CHN"}, {"h3index": "873098d04ffffff", "population_2015": 2631.610841756707, "total_built_mass_tons": 1620880.2234251602, "city_id": 12298, "country_iso": "CHN"}, {"h3index": "873098d05ffffff", "population_2015": 12830.766187080677, "total_built_mass_tons": 6515913.522057285, "city_id": 12298, "country_iso": "CHN"}, {"h3index": "873098d08ffffff", "population_2015": 29229.276549776863, "total_built_mass_tons": 6126833.412370499, "city_id": 12298, "country_iso": "CHN"}, {"h3index": "873098d09ffffff", "population_2015": 40837.07688586477, "total_built_mass_tons": 4409948.832322332, "city_id": 12298, "country_iso": "CHN"}, {"h3index": "873098d0affffff", "population_2015": 9296.728914683474, "total_built_mass_tons": 5004560.006351524, "city_id": 12298, "country_iso": "CHN"}, {"h3index": "873098d0bffffff", "population_2015": 12347.949808918262, "total_built_mass_tons": 2561956.1386685977, "city_id": 12298, "country_iso": "CHN"}, {"h3index": "873098d0cffffff", "population_2015": 30043.67844031278, "total_built_mass_tons": 6460531.981872417, "city_id": 12298, "country_iso": "CHN"}, {"h3index": "873098d0dffffff", "population_2015": 20207.769873095494, "total_built_mass_tons": 6702878.16373145, "city_id": 12298, "country_iso": "CHN"}, {"h3index": "873098d0effffff", "population_2015": 23404.53672343235, "total_built_mass_tons": 4612563.858741416, "city_id": 12298, "country_iso": "CHN"}, {"h3index": "873098d18ffffff", "population_2015": 12498.880520591549, "total_built_mass_tons": 3059805.8139384706, "city_id": 12298, "country_iso": "CHN"}, {"h3index": "873098d19ffffff", "population_2015": 7725.39124739544, "total_built_mass_tons": 3327942.975746746, "city_id": 12298, "country_iso": "CHN"}, {"h3index": "873098d1affffff", "population_2015": 3073.126858365771, "total_built_mass_tons": 1215705.5682697184, "city_id": 12298, "country_iso": "CHN"}, {"h3index": "873098d1bffffff", "population_2015": 4769.727358688095, "total_built_mass_tons": 2979268.1358719952, "city_id": 12298, "country_iso": "CHN"}, {"h3index": "873098d1cffffff", "population_2015": 3272.247372737586, "total_built_mass_tons": 988664.3130030452, "city_id": 12298, "country_iso": "CHN"}, {"h3index": "873098d1dffffff", "population_2015": 11298.95876204734, "total_built_mass_tons": 3837342.206716872, "city_id": 12298, "country_iso": "CHN"}, {"h3index": "873098d1effffff", "population_2015": 1875.8791465899524, "total_built_mass_tons": 1049470.390352202, "city_id": 12298, "country_iso": "CHN"}, {"h3index": "873098d20ffffff", "population_2015": 111.63103548592213, "total_built_mass_tons": 174910.72852497772, "city_id": 12298, "country_iso": "CHN"}, {"h3index": "873098d21ffffff", "population_2015": 10436.256073209352, "total_built_mass_tons": 694531.4688014153, "city_id": 12298, "country_iso": "CHN"}, {"h3index": "873098d22ffffff", "population_2015": 1080.0727110769235, "total_built_mass_tons": 916928.6715360684, "city_id": 12298, "country_iso": "CHN"}, {"h3index": "873098d23ffffff", "population_2015": 59302.88295516593, "total_built_mass_tons": 4833121.00040775, "city_id": 12298, "country_iso": "CHN"}, {"h3index": "873098d24ffffff", "population_2015": 18598.54520215614, "total_built_mass_tons": 4515319.749557034, "city_id": 12298, "country_iso": "CHN"}, {"h3index": "873098d25ffffff", "population_2015": 11828.197016038144, "total_built_mass_tons": 3223438.251227048, "city_id": 12298, "country_iso": "CHN"}, {"h3index": "873098d26ffffff", "population_2015": 1771.4028806235274, "total_built_mass_tons": 1291435.133198222, "city_id": 12298, "country_iso": "CHN"}, {"h3index": "873098d28ffffff", "population_2015": 100968.97200778144, "total_built_mass_tons": 6724079.895686724, "city_id": 12298, "country_iso": "CHN"}, {"h3index": "873098d29ffffff", "population_2015": 100908.10868381424, "total_built_mass_tons": 7125904.008847534, "city_id": 12298, "country_iso": "CHN"}, {"h3index": "873098d2affffff", "population_2015": 34940.13059654983, "total_built_mass_tons": 7259437.454689468, "city_id": 12298, "country_iso": "CHN"}, {"h3index": "873098d2bffffff", "population_2015": 35840.66464137658, "total_built_mass_tons": 6327641.287164619, "city_id": 12298, "country_iso": "CHN"}, {"h3index": "873098d2cffffff", "population_2015": 40271.09806493123, "total_built_mass_tons": 4335427.40047596, "city_id": 12298, "country_iso": "CHN"}, {"h3index": "873098d2dffffff", "population_2015": 83797.48136856979, "total_built_mass_tons": 10350499.4864948, "city_id": 12298, "country_iso": "CHN"}, {"h3index": "873098d2effffff", "population_2015": 27936.492386503796, "total_built_mass_tons": 7024347.34042988, "city_id": 12298, "country_iso": "CHN"}, {"h3index": "873098d34ffffff", "population_2015": 107.34985713584751, "total_built_mass_tons": 22286.41288093593, "city_id": 12298, "country_iso": "CHN"}, {"h3index": "873098d40ffffff", "population_2015": 257.2179214546494, "total_built_mass_tons": 2555635.419432357, "city_id": 12298, "country_iso": "CHN"}, {"h3index": "873098d41ffffff", "population_2015": 4655.686060904973, "total_built_mass_tons": 2779166.615038084, "city_id": 12298, "country_iso": "CHN"}, {"h3index": "873098d42ffffff", "population_2015": 2673.2378999795396, "total_built_mass_tons": 4538292.735988453, "city_id": 12298, "country_iso": "CHN"}, {"h3index": "873098d43ffffff", "population_2015": 5428.267407120809, "total_built_mass_tons": 2286269.377275427, "city_id": 12298, "country_iso": "CHN"}, {"h3index": "873098d44ffffff", "population_2015": 532.3088909470275, "total_built_mass_tons": 3411364.219268116, "city_id": 12298, "country_iso": "CHN"}, {"h3index": "873098d45ffffff", "population_2015": 5194.244194979426, "total_built_mass_tons": 2863786.8620384466, "city_id": 12298, "country_iso": "CHN"}, {"h3index": "873098d46ffffff", "population_2015": 1166.63058586518, "total_built_mass_tons": 5681089.684018762, "city_id": 12298, "country_iso": "CHN"}, {"h3index": "873098d48ffffff", "population_2015": 4096.344898890514, "total_built_mass_tons": 2354865.875550444, "city_id": 12298, "country_iso": "CHN"}, {"h3index": "873098d49ffffff", "population_2015": 1663.824736247343, "total_built_mass_tons": 2057717.9805669803, "city_id": 12298, "country_iso": "CHN"}, {"h3index": "873098d4affffff", "population_2015": 9710.984575577346, "total_built_mass_tons": 2129524.918784685, "city_id": 12298, "country_iso": "CHN"}, {"h3index": "873098d4bffffff", "population_2015": 4248.024701759862, "total_built_mass_tons": 2777594.6171086496, "city_id": 12298, "country_iso": "CHN"}, {"h3index": "873098d4cffffff", "population_2015": 7659.750320924494, "total_built_mass_tons": 2949698.416941673, "city_id": 12298, "country_iso": "CHN"}, {"h3index": "873098d4dffffff", "population_2015": 2876.6429034363987, "total_built_mass_tons": 1054138.7913055436, "city_id": 12298, "country_iso": "CHN"}, {"h3index": "873098d4effffff", "population_2015": 6619.569742565061, "total_built_mass_tons": 2001534.8373752416, "city_id": 12298, "country_iso": "CHN"}, {"h3index": "873098d50ffffff", "population_2015": 3608.394660325143, "total_built_mass_tons": 2307544.6805666415, "city_id": 12298, "country_iso": "CHN"}, {"h3index": "873098d51ffffff", "population_2015": 553.0625096834175, "total_built_mass_tons": 854617.8043230048, "city_id": 12298, "country_iso": "CHN"}, {"h3index": "873098d52ffffff", "population_2015": 4040.380211743888, "total_built_mass_tons": 1928213.9011047184, "city_id": 12298, "country_iso": "CHN"}, {"h3index": "873098d54ffffff", "population_2015": 8160.872115367067, "total_built_mass_tons": 4023810.075388966, "city_id": 12298, "country_iso": "CHN"}, {"h3index": "873098d55ffffff", "population_2015": 4107.292858782468, "total_built_mass_tons": 4061764.397525676, "city_id": 12298, "country_iso": "CHN"}, {"h3index": "873098d56ffffff", "population_2015": 7752.502367780722, "total_built_mass_tons": 2588887.980618688, "city_id": 12298, "country_iso": "CHN"}, {"h3index": "873098d58ffffff", "population_2015": 1396.441686117883, "total_built_mass_tons": 497162.6057797941, "city_id": 12298, "country_iso": "CHN"}, {"h3index": "873098d59ffffff", "population_2015": 11581.493221888824, "total_built_mass_tons": 4950751.522157554, "city_id": 12298, "country_iso": "CHN"}, {"h3index": "873098d5affffff", "population_2015": 279.01751365942124, "total_built_mass_tons": 348739.80511002976, "city_id": 12298, "country_iso": "CHN"}, {"h3index": "873098d5bffffff", "population_2015": 8827.218250424956, "total_built_mass_tons": 3312477.212996079, "city_id": 12298, "country_iso": "CHN"}, {"h3index": "873098d5dffffff", "population_2015": 259.08870333690277, "total_built_mass_tons": 130496.09533203478, "city_id": 12298, "country_iso": "CHN"}, {"h3index": "873098d60ffffff", "population_2015": 23048.289530357197, "total_built_mass_tons": 5008845.139601905, "city_id": 12298, "country_iso": "CHN"}, {"h3index": "873098d61ffffff", "population_2015": 7237.366705738095, "total_built_mass_tons": 3257427.6885714876, "city_id": 12298, "country_iso": "CHN"}, {"h3index": "873098d62ffffff", "population_2015": 14780.364124092162, "total_built_mass_tons": 5333603.651182111, "city_id": 12298, "country_iso": "CHN"}, {"h3index": "873098d63ffffff", "population_2015": 610.8231270081855, "total_built_mass_tons": 3494697.6939107208, "city_id": 12298, "country_iso": "CHN"}, {"h3index": "873098d64ffffff", "population_2015": 17509.12642258709, "total_built_mass_tons": 5271163.9955359325, "city_id": 12298, "country_iso": "CHN"}, {"h3index": "873098d65ffffff", "population_2015": 9444.065516930472, "total_built_mass_tons": 4355671.861026065, "city_id": 12298, "country_iso": "CHN"}, {"h3index": "873098d66ffffff", "population_2015": 57655.03068609543, "total_built_mass_tons": 6411154.837781542, "city_id": 12298, "country_iso": "CHN"}, {"h3index": "873098d68ffffff", "population_2015": 5517.099195202192, "total_built_mass_tons": 3235821.137235174, "city_id": 12298, "country_iso": "CHN"}, {"h3index": "873098d69ffffff", "population_2015": 120.38480766894772, "total_built_mass_tons": 105290.18197081436, "city_id": 12298, "country_iso": "CHN"}, {"h3index": "873098d6affffff", "population_2015": 19386.92814127792, "total_built_mass_tons": 6974163.466433777, "city_id": 12298, "country_iso": "CHN"}, {"h3index": "873098d6bffffff", "population_2015": 3102.324863029928, "total_built_mass_tons": 2146718.815581988, "city_id": 12298, "country_iso": "CHN"}, {"h3index": "873098d6cffffff", "population_2015": 4467.337380964148, "total_built_mass_tons": 3048287.460336312, "city_id": 12298, "country_iso": "CHN"}, {"h3index": "873098d6dffffff", "population_2015": 382.7889980956619, "total_built_mass_tons": 185329.8673250448, "city_id": 12298, "country_iso": "CHN"}, {"h3index": "873098d6effffff", "population_2015": 8464.438810794903, "total_built_mass_tons": 4468994.696890786, "city_id": 12298, "country_iso": "CHN"}, {"h3index": "873098d70ffffff", "population_2015": 39849.67537815992, "total_built_mass_tons": 6365394.454753617, "city_id": 12298, "country_iso": "CHN"}, {"h3index": "873098d71ffffff", "population_2015": 8652.169567029849, "total_built_mass_tons": 6256524.453924989, "city_id": 12298, "country_iso": "CHN"}, {"h3index": "873098d72ffffff", "population_2015": 57675.846236693134, "total_built_mass_tons": 3831445.046920424, "city_id": 12298, "country_iso": "CHN"}, {"h3index": "873098d73ffffff", "population_2015": 13974.96327943662, "total_built_mass_tons": 5039166.922647601, "city_id": 12298, "country_iso": "CHN"}, {"h3index": "873098d74ffffff", "population_2015": 46791.60930355296, "total_built_mass_tons": 7106966.656285016, "city_id": 12298, "country_iso": "CHN"}, {"h3index": "873098d75ffffff", "population_2015": 33914.80792771203, "total_built_mass_tons": 5175841.514382336, "city_id": 12298, "country_iso": "CHN"}, {"h3index": "873098d76ffffff", "population_2015": 18441.60090216281, "total_built_mass_tons": 5902448.697781477, "city_id": 12298, "country_iso": "CHN"}, {"h3index": "873098da9ffffff", "population_2015": 5362.2752609103345, "total_built_mass_tons": 2266096.1873620963, "city_id": 12298, "country_iso": "CHN"}, {"h3index": "873098dabffffff", "population_2015": 1084.430642610438, "total_built_mass_tons": 739469.8634836536, "city_id": 12298, "country_iso": "CHN"}, {"h3index": "873098dadffffff", "population_2015": 32.309165205675015, "total_built_mass_tons": 19607.18323165597, "city_id": 12298, "country_iso": "CHN"}, {"h3index": "87309c602ffffff", "population_2015": 713.7317183415095, "total_built_mass_tons": 667413.0528677341, "city_id": 12298, "country_iso": "CHN"}, {"h3index": "87309c610ffffff", "population_2015": 2563.86777147826, "total_built_mass_tons": 758475.1993581648, "city_id": 12298, "country_iso": "CHN"}, {"h3index": "87309c611ffffff", "population_2015": 8581.820107217398, "total_built_mass_tons": 3843207.679869877, "city_id": 12298, "country_iso": "CHN"}, {"h3index": "87309c613ffffff", "population_2015": 13361.389277049137, "total_built_mass_tons": 4760025.436873451, "city_id": 12298, "country_iso": "CHN"}, {"h3index": "87309c615ffffff", "population_2015": 295.07559477020715, "total_built_mass_tons": 142590.7386480582, "city_id": 12298, "country_iso": "CHN"}, {"h3index": "87309c618ffffff", "population_2015": 309.4495388526542, "total_built_mass_tons": 103463.62190336052, "city_id": 12298, "country_iso": "CHN"}, {"h3index": "87309c619ffffff", "population_2015": 261.44614141875627, "total_built_mass_tons": 139003.5359029271, "city_id": 12298, "country_iso": "CHN"}, {"h3index": "87309c61affffff", "population_2015": 11339.14492518481, "total_built_mass_tons": 3563678.639086589, "city_id": 12298, "country_iso": "CHN"}, {"h3index": "87309c61bffffff", "population_2015": 5102.5606060028085, "total_built_mass_tons": 2060218.6202193017, "city_id": 12298, "country_iso": "CHN"}, {"h3index": "87309c61cffffff", "population_2015": 753.9338034232456, "total_built_mass_tons": 546110.6124365372, "city_id": 12298, "country_iso": "CHN"}, {"h3index": "87309c61effffff", "population_2015": 5726.725890938905, "total_built_mass_tons": 2327610.9061336936, "city_id": 12298, "country_iso": "CHN"}, {"h3index": "87309c650ffffff", "population_2015": 86.80629039091224, "total_built_mass_tons": 32262.155476485874, "city_id": 12298, "country_iso": "CHN"}, {"h3index": "87309c651ffffff", "population_2015": 751.9022728321598, "total_built_mass_tons": 212620.7218394369, "city_id": 12298, "country_iso": "CHN"}, {"h3index": "87309c652ffffff", "population_2015": 8509.937395484774, "total_built_mass_tons": 1838252.555620167, "city_id": 12298, "country_iso": "CHN"}, {"h3index": "87309c653ffffff", "population_2015": 4150.464547947341, "total_built_mass_tons": 1380809.383291395, "city_id": 12298, "country_iso": "CHN"}, {"h3index": "87309c65effffff", "population_2015": 108.11486085723428, "total_built_mass_tons": 97081.53307090254, "city_id": 12298, "country_iso": "CHN"}, {"h3index": "87309c680ffffff", "population_2015": 1187.1552876542596, "total_built_mass_tons": 659939.714670009, "city_id": 12298, "country_iso": "CHN"}, {"h3index": "87309c681ffffff", "population_2015": 9722.927048029616, "total_built_mass_tons": 2520907.151001473, "city_id": 12298, "country_iso": "CHN"}, {"h3index": "87309c682ffffff", "population_2015": 7302.942834282857, "total_built_mass_tons": 2429328.2043559486, "city_id": 12298, "country_iso": "CHN"}, {"h3index": "87309c683ffffff", "population_2015": 3507.925694826304, "total_built_mass_tons": 1511766.3037298475, "city_id": 12298, "country_iso": "CHN"}, {"h3index": "87309c684ffffff", "population_2015": 1871.0265673057695, "total_built_mass_tons": 1148645.431418007, "city_id": 12298, "country_iso": "CHN"}, {"h3index": "87309c685ffffff", "population_2015": 4998.268034244986, "total_built_mass_tons": 2839777.3965957295, "city_id": 12298, "country_iso": "CHN"}, {"h3index": "87309c686ffffff", "population_2015": 3483.759391441065, "total_built_mass_tons": 1887823.7620534492, "city_id": 12298, "country_iso": "CHN"}, {"h3index": "87309c688ffffff", "population_2015": 13613.925149113526, "total_built_mass_tons": 2870386.5963528696, "city_id": 12298, "country_iso": "CHN"}, {"h3index": "87309c689ffffff", "population_2015": 17672.506321274526, "total_built_mass_tons": 3285623.825844866, "city_id": 12298, "country_iso": "CHN"}, {"h3index": "87309c68affffff", "population_2015": 14757.932914821777, "total_built_mass_tons": 2162783.7193935914, "city_id": 12298, "country_iso": "CHN"}, {"h3index": "87309c68bffffff", "population_2015": 46159.05490433935, "total_built_mass_tons": 5174816.46751146, "city_id": 12298, "country_iso": "CHN"}, {"h3index": "87309c68cffffff", "population_2015": 14770.636246554055, "total_built_mass_tons": 4283784.4596061185, "city_id": 12298, "country_iso": "CHN"}, {"h3index": "87309c68dffffff", "population_2015": 10597.462530473636, "total_built_mass_tons": 2793802.957465105, "city_id": 12298, "country_iso": "CHN"}, {"h3index": "87309c68effffff", "population_2015": 7151.2078716278065, "total_built_mass_tons": 3075095.634718204, "city_id": 12298, "country_iso": "CHN"}, {"h3index": "87309c690ffffff", "population_2015": 627.779902637706, "total_built_mass_tons": 228534.42633127916, "city_id": 12298, "country_iso": "CHN"}, {"h3index": "87309c691ffffff", "population_2015": 2061.7694211768166, "total_built_mass_tons": 667009.2662984353, "city_id": 12298, "country_iso": "CHN"}, {"h3index": "87309c692ffffff", "population_2015": 808.9708502068239, "total_built_mass_tons": 443145.36745110573, "city_id": 12298, "country_iso": "CHN"}, {"h3index": "87309c693ffffff", "population_2015": 3250.9492084288127, "total_built_mass_tons": 1249781.5239098934, "city_id": 12298, "country_iso": "CHN"}, {"h3index": "87309c695ffffff", "population_2015": 3750.1296911370514, "total_built_mass_tons": 1725429.2454862243, "city_id": 12298, "country_iso": "CHN"}, {"h3index": "87309c698ffffff", "population_2015": 9625.436235846726, "total_built_mass_tons": 1696061.2105500165, "city_id": 12298, "country_iso": "CHN"}, {"h3index": "87309c699ffffff", "population_2015": 19702.820456246773, "total_built_mass_tons": 4268715.003648229, "city_id": 12298, "country_iso": "CHN"}, {"h3index": "87309c69affffff", "population_2015": 6734.039464285795, "total_built_mass_tons": 2062646.6380021588, "city_id": 12298, "country_iso": "CHN"}, {"h3index": "87309c69bffffff", "population_2015": 9618.486866751604, "total_built_mass_tons": 2518659.012645455, "city_id": 12298, "country_iso": "CHN"}, {"h3index": "87309c69cffffff", "population_2015": 2294.8219441881365, "total_built_mass_tons": 1011137.6371869856, "city_id": 12298, "country_iso": "CHN"}, {"h3index": "87309c69dffffff", "population_2015": 5874.1244136763535, "total_built_mass_tons": 1968587.412371865, "city_id": 12298, "country_iso": "CHN"}, {"h3index": "87309c69effffff", "population_2015": 2113.3964626779743, "total_built_mass_tons": 702970.8283749035, "city_id": 12298, "country_iso": "CHN"}, {"h3index": "87309c6a1ffffff", "population_2015": 2713.8770472610695, "total_built_mass_tons": 755493.2365625454, "city_id": 12298, "country_iso": "CHN"}, {"h3index": "87309c6a3ffffff", "population_2015": 1790.212937062862, "total_built_mass_tons": 822028.8217797392, "city_id": 12298, "country_iso": "CHN"}, {"h3index": "87309c6a8ffffff", "population_2015": 3565.6689584517007, "total_built_mass_tons": 1820053.5816944449, "city_id": 12298, "country_iso": "CHN"}, {"h3index": "87309c6a9ffffff", "population_2015": 6515.244732499123, "total_built_mass_tons": 2578113.8995494526, "city_id": 12298, "country_iso": "CHN"}, {"h3index": "87309c6aaffffff", "population_2015": 6912.389168319047, "total_built_mass_tons": 1901046.0683672896, "city_id": 12298, "country_iso": "CHN"}, {"h3index": "87309c6abffffff", "population_2015": 1843.889785435153, "total_built_mass_tons": 1060624.867165526, "city_id": 12298, "country_iso": "CHN"}, {"h3index": "87309c6acffffff", "population_2015": 3569.358512685813, "total_built_mass_tons": 1707518.048704276, "city_id": 12298, "country_iso": "CHN"}, {"h3index": "87309c6adffffff", "population_2015": 7892.693748079561, "total_built_mass_tons": 3860782.901748125, "city_id": 12298, "country_iso": "CHN"}, {"h3index": "87309c6aeffffff", "population_2015": 3289.818580637492, "total_built_mass_tons": 1219388.756924109, "city_id": 12298, "country_iso": "CHN"}, {"h3index": "87309c6b3ffffff", "population_2015": 44.282675832860605, "total_built_mass_tons": 16675.047292119853, "city_id": 12298, "country_iso": "CHN"}, {"h3index": "87309c6c0ffffff", "population_2015": 9398.828003506102, "total_built_mass_tons": 3322008.2883134466, "city_id": 12298, "country_iso": "CHN"}, {"h3index": "87309c6c1ffffff", "population_2015": 3594.6696885492292, "total_built_mass_tons": 1342252.165796199, "city_id": 12298, "country_iso": "CHN"}, {"h3index": "87309c6c2ffffff", "population_2015": 15511.127167368866, "total_built_mass_tons": 5693652.897124037, "city_id": 12298, "country_iso": "CHN"}, {"h3index": "87309c6c3ffffff", "population_2015": 7816.598017839355, "total_built_mass_tons": 3492146.878395156, "city_id": 12298, "country_iso": "CHN"}, {"h3index": "87309c6c4ffffff", "population_2015": 9850.196994399086, "total_built_mass_tons": 3120194.549844715, "city_id": 12298, "country_iso": "CHN"}, {"h3index": "87309c6c5ffffff", "population_2015": 8092.663071369658, "total_built_mass_tons": 3268694.1632667063, "city_id": 12298, "country_iso": "CHN"}, {"h3index": "87309c6c6ffffff", "population_2015": 8282.857556605806, "total_built_mass_tons": 3863825.7568906792, "city_id": 12298, "country_iso": "CHN"}, {"h3index": "87309c6c8ffffff", "population_2015": 7197.523656518788, "total_built_mass_tons": 4899935.569020342, "city_id": 12298, "country_iso": "CHN"}, {"h3index": "87309c6c9ffffff", "population_2015": 4113.657945528686, "total_built_mass_tons": 4215219.724685435, "city_id": 12298, "country_iso": "CHN"}, {"h3index": "87309c6caffffff", "population_2015": 6169.6002980877365, "total_built_mass_tons": 2521108.787529029, "city_id": 12298, "country_iso": "CHN"}, {"h3index": "87309c6cbffffff", "population_2015": 8184.72935839377, "total_built_mass_tons": 4185121.005681179, "city_id": 12298, "country_iso": "CHN"}, {"h3index": "87309c6ccffffff", "population_2015": 2764.9960265486848, "total_built_mass_tons": 1520266.8894333986, "city_id": 12298, "country_iso": "CHN"}, {"h3index": "87309c6cdffffff", "population_2015": 7276.474440086591, "total_built_mass_tons": 2410510.1617689533, "city_id": 12298, "country_iso": "CHN"}, {"h3index": "87309c6ceffffff", "population_2015": 7863.602503850414, "total_built_mass_tons": 3320910.698561959, "city_id": 12298, "country_iso": "CHN"}, {"h3index": "87309c6d0ffffff", "population_2015": 20451.688416382865, "total_built_mass_tons": 4475368.430966761, "city_id": 12298, "country_iso": "CHN"}, {"h3index": "87309c6d1ffffff", "population_2015": 18471.25902291466, "total_built_mass_tons": 5805103.450732714, "city_id": 12298, "country_iso": "CHN"}, {"h3index": "87309c6d2ffffff", "population_2015": 42289.2126805717, "total_built_mass_tons": 6699529.421751736, "city_id": 12298, "country_iso": "CHN"}, {"h3index": "87309c6d3ffffff", "population_2015": 57398.99142874922, "total_built_mass_tons": 7231250.736767316, "city_id": 12298, "country_iso": "CHN"}, {"h3index": "87309c6d4ffffff", "population_2015": 16818.690617821267, "total_built_mass_tons": 3861954.2538260343, "city_id": 12298, "country_iso": "CHN"}, {"h3index": "87309c6d5ffffff", "population_2015": 11699.977804803852, "total_built_mass_tons": 4440360.600058941, "city_id": 12298, "country_iso": "CHN"}, {"h3index": "87309c6d6ffffff", "population_2015": 16372.226948779236, "total_built_mass_tons": 5199313.458440897, "city_id": 12298, "country_iso": "CHN"}, {"h3index": "87309c6d8ffffff", "population_2015": 45070.85442334341, "total_built_mass_tons": 6142988.619274495, "city_id": 12298, "country_iso": "CHN"}, {"h3index": "87309c6d9ffffff", "population_2015": 22053.51284598556, "total_built_mass_tons": 6781678.947298091, "city_id": 12298, "country_iso": "CHN"}, {"h3index": "87309c6daffffff", "population_2015": 67310.78725096761, "total_built_mass_tons": 7202933.926013692, "city_id": 12298, "country_iso": "CHN"}, {"h3index": "87309c6dbffffff", "population_2015": 51694.633181235346, "total_built_mass_tons": 5588191.301185759, "city_id": 12298, "country_iso": "CHN"}, {"h3index": "87309c6dcffffff", "population_2015": 35060.48683042338, "total_built_mass_tons": 4282919.7941010725, "city_id": 12298, "country_iso": "CHN"}, {"h3index": "87309c6ddffffff", "population_2015": 17652.600882251594, "total_built_mass_tons": 3342243.214219897, "city_id": 12298, "country_iso": "CHN"}, {"h3index": "87309c6deffffff", "population_2015": 67846.5727828082, "total_built_mass_tons": 5698916.415124905, "city_id": 12298, "country_iso": "CHN"}, {"h3index": "87309c6e0ffffff", "population_2015": 7882.041640767864, "total_built_mass_tons": 3225515.8052531555, "city_id": 12298, "country_iso": "CHN"}, {"h3index": "87309c6e1ffffff", "population_2015": 1820.9898402905928, "total_built_mass_tons": 980175.3084526288, "city_id": 12298, "country_iso": "CHN"}, {"h3index": "87309c6e2ffffff", "population_2015": 5730.387456672797, "total_built_mass_tons": 4088497.402215258, "city_id": 12298, "country_iso": "CHN"}, {"h3index": "87309c6e3ffffff", "population_2015": 10115.549539798849, "total_built_mass_tons": 5515004.971467532, "city_id": 12298, "country_iso": "CHN"}, {"h3index": "87309c6e4ffffff", "population_2015": 3883.3579750996014, "total_built_mass_tons": 1630525.2111933534, "city_id": 12298, "country_iso": "CHN"}, {"h3index": "87309c6e5ffffff", "population_2015": 2527.4128018061315, "total_built_mass_tons": 1150120.916787502, "city_id": 12298, "country_iso": "CHN"}, {"h3index": "87309c6e6ffffff", "population_2015": 5820.7033874296685, "total_built_mass_tons": 2775084.5824718736, "city_id": 12298, "country_iso": "CHN"}, {"h3index": "87309c6e8ffffff", "population_2015": 4841.415596927847, "total_built_mass_tons": 3360526.3248352986, "city_id": 12298, "country_iso": "CHN"}, {"h3index": "87309c6e9ffffff", "population_2015": 1115.359405116474, "total_built_mass_tons": 1194595.4362834436, "city_id": 12298, "country_iso": "CHN"}, {"h3index": "87309c6eaffffff", "population_2015": 5101.207212011953, "total_built_mass_tons": 2142528.1651221393, "city_id": 12298, "country_iso": "CHN"}, {"h3index": "87309c6ebffffff", "population_2015": 6793.911807814298, "total_built_mass_tons": 3456505.9126691455, "city_id": 12298, "country_iso": "CHN"}, {"h3index": "87309c6ecffffff", "population_2015": 1007.7909624525148, "total_built_mass_tons": 488012.83528657776, "city_id": 12298, "country_iso": "CHN"}, {"h3index": "87309c6edffffff", "population_2015": 7.1050718195298135, "total_built_mass_tons": 4409.6822704507995, "city_id": 12298, "country_iso": "CHN"}, {"h3index": "87309c6eeffffff", "population_2015": 5723.474008824778, "total_built_mass_tons": 2698508.9566462953, "city_id": 12298, "country_iso": "CHN"}, {"h3index": "87309c6f0ffffff", "population_2015": 2762.188513214915, "total_built_mass_tons": 1684239.270401487, "city_id": 12298, "country_iso": "CHN"}, {"h3index": "87309c6f1ffffff", "population_2015": 4286.753808955586, "total_built_mass_tons": 3144649.810831987, "city_id": 12298, "country_iso": "CHN"}, {"h3index": "87309c6f2ffffff", "population_2015": 7714.088561291786, "total_built_mass_tons": 2049653.0016111387, "city_id": 12298, "country_iso": "CHN"}, {"h3index": "87309c6f3ffffff", "population_2015": 7658.578914662905, "total_built_mass_tons": 3832902.363148918, "city_id": 12298, "country_iso": "CHN"}, {"h3index": "87309c6f4ffffff", "population_2015": 5553.46487705614, "total_built_mass_tons": 3442934.3599501415, "city_id": 12298, "country_iso": "CHN"}, {"h3index": "87309c6f5ffffff", "population_2015": 3595.6323775945934, "total_built_mass_tons": 1792861.866414721, "city_id": 12298, "country_iso": "CHN"}, {"h3index": "87309c6f6ffffff", "population_2015": 1281.3226303811168, "total_built_mass_tons": 708121.3041793474, "city_id": 12298, "country_iso": "CHN"}, {"h3index": "87309ea45ffffff", "population_2015": 729.1739766794095, "total_built_mass_tons": 1276122.2066693504, "city_id": 12298, "country_iso": "CHN"}, {"h3index": "87309ea63ffffff", "population_2015": 7.873593849761814, "total_built_mass_tons": 43543.376761618725, "city_id": 12298, "country_iso": "CHN"}, {"h3index": "87309ea68ffffff", "population_2015": 2058.3570624807303, "total_built_mass_tons": 3215950.346811738, "city_id": 12298, "country_iso": "CHN"}, {"h3index": "87309ea69ffffff", "population_2015": 331.10649296115423, "total_built_mass_tons": 555390.206348472, "city_id": 12298, "country_iso": "CHN"}, {"h3index": "87309ea6affffff", "population_2015": 1253.0961393674213, "total_built_mass_tons": 1376164.6645801235, "city_id": 12298, "country_iso": "CHN"}, {"h3index": "87309ea6cffffff", "population_2015": 1203.3953966886386, "total_built_mass_tons": 2277457.874873298, "city_id": 12298, "country_iso": "CHN"}, {"h3index": "87309ea6dffffff", "population_2015": 1905.197839942867, "total_built_mass_tons": 3218468.3789320374, "city_id": 12298, "country_iso": "CHN"}, {"h3index": "87309ea6effffff", "population_2015": 2717.9809118359694, "total_built_mass_tons": 2830747.006294708, "city_id": 12298, "country_iso": "CHN"}]