[{"h3index": "87a8ad821ffffff", "population_2015": 4451.254386749454, "total_built_mass_tons": 948880.9877719508, "city_id": 1299, "country_iso": "BRA"}, {"h3index": "87a8ad823ffffff", "population_2015": 5.732990201314291, "total_built_mass_tons": 6480.091402365035, "city_id": 1299, "country_iso": "BRA"}, {"h3index": "87a8ad828ffffff", "population_2015": 17820.51400445302, "total_built_mass_tons": 3281820.0781477643, "city_id": 1299, "country_iso": "BRA"}, {"h3index": "87a8ad829ffffff", "population_2015": 1875.1261869542743, "total_built_mass_tons": 239507.06426332504, "city_id": 1299, "country_iso": "BRA"}, {"h3index": "87a8ad82affffff", "population_2015": 395.1222013686217, "total_built_mass_tons": 197262.49602666788, "city_id": 1299, "country_iso": "BRA"}, {"h3index": "87a8ad82bffffff", "population_2015": 3074.536118926605, "total_built_mass_tons": 520578.08465296595, "city_id": 1299, "country_iso": "BRA"}, {"h3index": "87a8ad82cffffff", "population_2015": 7812.690751443189, "total_built_mass_tons": 1528216.0626896392, "city_id": 1299, "country_iso": "BRA"}, {"h3index": "87a8ad82dffffff", "population_2015": 5169.589758418121, "total_built_mass_tons": 735944.5131574188, "city_id": 1299, "country_iso": "BRA"}, {"h3index": "87a8ad82effffff", "population_2015": 13083.504551040422, "total_built_mass_tons": 2218664.9368032655, "city_id": 1299, "country_iso": "BRA"}, {"h3index": "87a8ad952ffffff", "population_2015": 30.106066052937045, "total_built_mass_tons": 39472.525511917294, "city_id": 1299, "country_iso": "BRA"}]