[{"h3index": "87384c430ffffff", "population_2015": 2199.438501129898, "total_built_mass_tons": 1016733.739624626, "city_id": 2837, "country_iso": "TUN"}, {"h3index": "87384c431ffffff", "population_2015": 360.2806701753654, "total_built_mass_tons": 176409.37805077163, "city_id": 2837, "country_iso": "TUN"}, {"h3index": "87384c432ffffff", "population_2015": 4454.641952110739, "total_built_mass_tons": 1456608.470830136, "city_id": 2837, "country_iso": "TUN"}, {"h3index": "87384c434ffffff", "population_2015": 64.81707639694214, "total_built_mass_tons": 59277.21168978304, "city_id": 2837, "country_iso": "TUN"}, {"h3index": "87384c436ffffff", "population_2015": 9850.694426745997, "total_built_mass_tons": 3456954.6116609434, "city_id": 2837, "country_iso": "TUN"}, {"h3index": "87384c4a4ffffff", "population_2015": 55.918320218254536, "total_built_mass_tons": 15559.548910765852, "city_id": 2837, "country_iso": "TUN"}, {"h3index": "87384c513ffffff", "population_2015": 123.3573236764646, "total_built_mass_tons": 42169.88832560553, "city_id": 2837, "country_iso": "TUN"}, {"h3index": "87384c51affffff", "population_2015": 2554.3827978283753, "total_built_mass_tons": 889989.2714242922, "city_id": 2837, "country_iso": "TUN"}, {"h3index": "87384c580ffffff", "population_2015": 14118.514643775708, "total_built_mass_tons": 4703235.60403275, "city_id": 2837, "country_iso": "TUN"}, {"h3index": "87384c581ffffff", "population_2015": 21105.51437831205, "total_built_mass_tons": 4995458.755637022, "city_id": 2837, "country_iso": "TUN"}, {"h3index": "87384c582ffffff", "population_2015": 7782.861502557642, "total_built_mass_tons": 2619512.01109645, "city_id": 2837, "country_iso": "TUN"}, {"h3index": "87384c583ffffff", "population_2015": 34452.52931612051, "total_built_mass_tons": 5069232.337831426, "city_id": 2837, "country_iso": "TUN"}, {"h3index": "87384c584ffffff", "population_2015": 4560.488262053097, "total_built_mass_tons": 1793993.927799051, "city_id": 2837, "country_iso": "TUN"}, {"h3index": "87384c585ffffff", "population_2015": 14955.022173028829, "total_built_mass_tons": 4838356.53575516, "city_id": 2837, "country_iso": "TUN"}, {"h3index": "87384c586ffffff", "population_2015": 1988.0126111404568, "total_built_mass_tons": 1135618.3985398214, "city_id": 2837, "country_iso": "TUN"}, {"h3index": "87384c588ffffff", "population_2015": 12574.771721170468, "total_built_mass_tons": 3694215.582045991, "city_id": 2837, "country_iso": "TUN"}, {"h3index": "87384c589ffffff", "population_2015": 85.75068652583103, "total_built_mass_tons": 69949.13227076919, "city_id": 2837, "country_iso": "TUN"}, {"h3index": "87384c58affffff", "population_2015": 14552.272208789753, "total_built_mass_tons": 3878462.895293341, "city_id": 2837, "country_iso": "TUN"}, {"h3index": "87384c58bffffff", "population_2015": 202.3309756933474, "total_built_mass_tons": 76167.65429603285, "city_id": 2837, "country_iso": "TUN"}, {"h3index": "87384c58cffffff", "population_2015": 23166.750566426443, "total_built_mass_tons": 5315221.393736252, "city_id": 2837, "country_iso": "TUN"}, {"h3index": "87384c58dffffff", "population_2015": 19029.211261102268, "total_built_mass_tons": 4961601.369797363, "city_id": 2837, "country_iso": "TUN"}, {"h3index": "87384c58effffff", "population_2015": 32914.29035306444, "total_built_mass_tons": 6334488.27066125, "city_id": 2837, "country_iso": "TUN"}, {"h3index": "87384c590ffffff", "population_2015": 96.51366863624722, "total_built_mass_tons": 42939.42647248196, "city_id": 2837, "country_iso": "TUN"}, {"h3index": "87384c591ffffff", "population_2015": 1583.011879464692, "total_built_mass_tons": 673222.9905318769, "city_id": 2837, "country_iso": "TUN"}, {"h3index": "87384c595ffffff", "population_2015": 417.43324685283727, "total_built_mass_tons": 308498.1681375365, "city_id": 2837, "country_iso": "TUN"}, {"h3index": "87384c598ffffff", "population_2015": 8254.478920650485, "total_built_mass_tons": 2072207.8762920937, "city_id": 2837, "country_iso": "TUN"}, {"h3index": "87384c599ffffff", "population_2015": 406.45646284514777, "total_built_mass_tons": 178370.96842341247, "city_id": 2837, "country_iso": "TUN"}, {"h3index": "87384c59affffff", "population_2015": 5451.814303155037, "total_built_mass_tons": 2190182.096454849, "city_id": 2837, "country_iso": "TUN"}, {"h3index": "87384c59bffffff", "population_2015": 734.1155932763044, "total_built_mass_tons": 411438.1125310185, "city_id": 2837, "country_iso": "TUN"}, {"h3index": "87384c59cffffff", "population_2015": 19163.610948852463, "total_built_mass_tons": 3355561.4704847364, "city_id": 2837, "country_iso": "TUN"}, {"h3index": "87384c59dffffff", "population_2015": 28615.697091285845, "total_built_mass_tons": 4492776.076223419, "city_id": 2837, "country_iso": "TUN"}, {"h3index": "87384c59effffff", "population_2015": 1167.9741387161553, "total_built_mass_tons": 566122.2611947078, "city_id": 2837, "country_iso": "TUN"}, {"h3index": "87384c5a0ffffff", "population_2015": 87.55728681975721, "total_built_mass_tons": 46154.321882523014, "city_id": 2837, "country_iso": "TUN"}, {"h3index": "87384c5a1ffffff", "population_2015": 16.91712553360883, "total_built_mass_tons": 4484.64543321955, "city_id": 2837, "country_iso": "TUN"}, {"h3index": "87384c5a2ffffff", "population_2015": 4.7423680043688, "total_built_mass_tons": 3039.093602537828, "city_id": 2837, "country_iso": "TUN"}, {"h3index": "87384c5a3ffffff", "population_2015": 5353.566583567975, "total_built_mass_tons": 2289226.1274142927, "city_id": 2837, "country_iso": "TUN"}, {"h3index": "87384c5a8ffffff", "population_2015": 12870.713670057408, "total_built_mass_tons": 4623320.832715823, "city_id": 2837, "country_iso": "TUN"}, {"h3index": "87384c5a9ffffff", "population_2015": 9748.665362485248, "total_built_mass_tons": 3277078.597514704, "city_id": 2837, "country_iso": "TUN"}, {"h3index": "87384c5aaffffff", "population_2015": 15292.8834696938, "total_built_mass_tons": 4888230.552855126, "city_id": 2837, "country_iso": "TUN"}, {"h3index": "87384c5abffffff", "population_2015": 16962.01264841043, "total_built_mass_tons": 4826676.46700699, "city_id": 2837, "country_iso": "TUN"}, {"h3index": "87384c5acffffff", "population_2015": 2153.174381057889, "total_built_mass_tons": 913034.7642323014, "city_id": 2837, "country_iso": "TUN"}, {"h3index": "87384c5adffffff", "population_2015": 4106.429899076386, "total_built_mass_tons": 1714943.656064171, "city_id": 2837, "country_iso": "TUN"}, {"h3index": "87384c5aeffffff", "population_2015": 7736.499117335155, "total_built_mass_tons": 2774208.7349406127, "city_id": 2837, "country_iso": "TUN"}, {"h3index": "87384e968ffffff", "population_2015": 127.57088813033758, "total_built_mass_tons": 40150.3874410657, "city_id": 2837, "country_iso": "TUN"}, {"h3index": "87384e969ffffff", "population_2015": 2193.3149054321593, "total_built_mass_tons": 844861.3069240073, "city_id": 2837, "country_iso": "TUN"}, {"h3index": "87384e96dffffff", "population_2015": 1997.1494979998647, "total_built_mass_tons": 731600.210699967, "city_id": 2837, "country_iso": "TUN"}]