[{"h3index": "871181a49ffffff", "population_2015": 1170.9460960042245, "total_built_mass_tons": 728183.6676483807, "city_id": 3725, "country_iso": "RUS"}, {"h3index": "871181a4bffffff", "population_2015": 5.539571285247803, "total_built_mass_tons": 7103.173398177738, "city_id": 3725, "country_iso": "RUS"}, {"h3index": "871181a4dffffff", "population_2015": 6.890665882708979, "total_built_mass_tons": 21428.07262335684, "city_id": 3725, "country_iso": "RUS"}, {"h3index": "87118cd10ffffff", "population_2015": 5109.7737478125355, "total_built_mass_tons": 1135785.297567228, "city_id": 3725, "country_iso": "RUS"}, {"h3index": "87118cd12ffffff", "population_2015": 17440.527398171136, "total_built_mass_tons": 3581550.18014649, "city_id": 3725, "country_iso": "RUS"}, {"h3index": "87118cd14ffffff", "population_2015": 4433.891979657435, "total_built_mass_tons": 2875681.470993027, "city_id": 3725, "country_iso": "RUS"}, {"h3index": "87118cd16ffffff", "population_2015": 17681.884072627276, "total_built_mass_tons": 3480788.490696025, "city_id": 3725, "country_iso": "RUS"}, {"h3index": "87118cd30ffffff", "population_2015": 8.137301661921482, "total_built_mass_tons": 3178.2869967393026, "city_id": 3725, "country_iso": "RUS"}, {"h3index": "87118cd32ffffff", "population_2015": 3229.2141980012243, "total_built_mass_tons": 3288809.823252981, "city_id": 3725, "country_iso": "RUS"}, {"h3index": "87118cd33ffffff", "population_2015": 953.8425783624836, "total_built_mass_tons": 541270.4296344478, "city_id": 3725, "country_iso": "RUS"}, {"h3index": "87118cda0ffffff", "population_2015": 5349.520400471779, "total_built_mass_tons": 2822735.3893929985, "city_id": 3725, "country_iso": "RUS"}, {"h3index": "87118cda1ffffff", "population_2015": 6724.011585441291, "total_built_mass_tons": 2681191.4111060477, "city_id": 3725, "country_iso": "RUS"}, {"h3index": "87118cda2ffffff", "population_2015": 28.94391852547141, "total_built_mass_tons": 20319.509706144378, "city_id": 3725, "country_iso": "RUS"}, {"h3index": "87118cda3ffffff", "population_2015": 291.6040039688933, "total_built_mass_tons": 327999.3859185677, "city_id": 3725, "country_iso": "RUS"}, {"h3index": "87118cda5ffffff", "population_2015": 4796.339700147217, "total_built_mass_tons": 1399849.366818651, "city_id": 3725, "country_iso": "RUS"}, {"h3index": "87118cda6ffffff", "population_2015": 24.509720727509144, "total_built_mass_tons": 15219.25735795331, "city_id": 3725, "country_iso": "RUS"}, {"h3index": "87118cdacffffff", "population_2015": 124.309754225787, "total_built_mass_tons": 49934.24256497593, "city_id": 3725, "country_iso": "RUS"}, {"h3index": "87118cdaeffffff", "population_2015": 796.5447907915303, "total_built_mass_tons": 651047.8252120311, "city_id": 3725, "country_iso": "RUS"}]