[{"h3index":"8710aa422ffffff","population_2015":0.005314114,"total_built_mass_tons":7.4509803922,"city_id":4664,"country_iso":"RUS"},{"h3index":"8710aa426ffffff","population_2015":3.1715072277,"total_built_mass_tons":2187.7928657238,"city_id":4664,"country_iso":"RUS"},{"h3index":"8710aa430ffffff","population_2015":9110.3467170257,"total_built_mass_tons":3401907.469962908,"city_id":4664,"country_iso":"RUS"},{"h3index":"8710aa431ffffff","population_2015":2834.5586487022,"total_built_mass_tons":1295689.0646786671,"city_id":4664,"country_iso":"RUS"},{"h3index":"8710aa432ffffff","population_2015":177.7311020449,"total_built_mass_tons":100319.9174608199,"city_id":4664,"country_iso":"RUS"},{"h3index":"8710aa433ffffff","population_2015":107.6379087815,"total_built_mass_tons":161128.188197147,"city_id":4664,"country_iso":"RUS"},{"h3index":"8710aa434ffffff","population_2015":16083.3414444475,"total_built_mass_tons":5175017.0717732375,"city_id":4664,"country_iso":"RUS"},{"h3index":"8710aa435ffffff","population_2015":11969.8933245734,"total_built_mass_tons":3861950.1936785793,"city_id":4664,"country_iso":"RUS"},{"h3index":"8710aa518ffffff","population_2015":3754.8141529046,"total_built_mass_tons":1531507.4401807142,"city_id":4664,"country_iso":"RUS"},{"h3index":"8710aa51affffff","population_2015":5232.3561348616,"total_built_mass_tons":2563296.4907350102,"city_id":4664,"country_iso":"RUS"},{"h3index":"8710aa51bffffff","population_2015":12234.9788335389,"total_built_mass_tons":4042166.961170095,"city_id":4664,"country_iso":"RUS"},{"h3index":"8710aa51effffff","population_2015":223.9944462019,"total_built_mass_tons":193371.2831865562,"city_id":4664,"country_iso":"RUS"},{"h3index":"8710aa5a9ffffff","population_2015":156.9188611517,"total_built_mass_tons":164311.4417344205,"city_id":4664,"country_iso":"RUS"}]