[{"h3index":"8740b1204ffffff","population_2015":54.0784542079,"total_built_mass_tons":122796.0642305862,"city_id":11206,"country_iso":"CHN"},{"h3index":"8740b1222ffffff","population_2015":1396.312546414,"total_built_mass_tons":335276.4042000883,"city_id":11206,"country_iso":"CHN"},{"h3index":"8740b1226ffffff","population_2015":240.9092411415,"total_built_mass_tons":70971.9584467559,"city_id":11206,"country_iso":"CHN"},{"h3index":"8740b1230ffffff","population_2015":19107.2673463321,"total_built_mass_tons":4644389.145567935,"city_id":11206,"country_iso":"CHN"},{"h3index":"8740b1231ffffff","population_2015":3988.4136296226,"total_built_mass_tons":3033956.2792556612,"city_id":11206,"country_iso":"CHN"},{"h3index":"8740b1232ffffff","population_2015":12.5022846577,"total_built_mass_tons":30865.1586879436,"city_id":11206,"country_iso":"CHN"},{"h3index":"8740b1233ffffff","population_2015":5.765769628,"total_built_mass_tons":24491.584253543,"city_id":11206,"country_iso":"CHN"},{"h3index":"8740b1234ffffff","population_2015":3287.1715560539,"total_built_mass_tons":562992.9334436255,"city_id":11206,"country_iso":"CHN"},{"h3index":"8740b1235ffffff","population_2015":22688.0130089068,"total_built_mass_tons":4070823.4072753415,"city_id":11206,"country_iso":"CHN"},{"h3index":"8740b1236ffffff","population_2015":1988.581198423,"total_built_mass_tons":501576.1274383756,"city_id":11206,"country_iso":"CHN"},{"h3index":"8740b131affffff","population_2015":10.8933216544,"total_built_mass_tons":14059.3456639634,"city_id":11206,"country_iso":"CHN"},{"h3index":"8740b131bffffff","population_2015":178.8814256145,"total_built_mass_tons":81942.3025306557,"city_id":11206,"country_iso":"CHN"},{"h3index":"8740b138dffffff","population_2015":0.6899441663,"total_built_mass_tons":1963.6903979114,"city_id":11206,"country_iso":"CHN"}]