[{"h3index":"8740d0452ffffff","population_2015":29.503080469,"total_built_mass_tons":31222.475230899,"city_id":10232,"country_iso":"CHN"},{"h3index":"8740d0453ffffff","population_2015":1988.048619289,"total_built_mass_tons":405856.9066913305,"city_id":10232,"country_iso":"CHN"},{"h3index":"8740d045affffff","population_2015":562.2156525144,"total_built_mass_tons":796072.3949540539,"city_id":10232,"country_iso":"CHN"},{"h3index":"8740d045bffffff","population_2015":4.2849850673,"total_built_mass_tons":13188.8595158937,"city_id":10232,"country_iso":"CHN"},{"h3index":"8740d04c5ffffff","population_2015":465.9869075121,"total_built_mass_tons":224284.788553573,"city_id":10232,"country_iso":"CHN"},{"h3index":"8740d04e1ffffff","population_2015":525.1551668448,"total_built_mass_tons":386440.549681993,"city_id":10232,"country_iso":"CHN"},{"h3index":"8740d04e3ffffff","population_2015":90.0507680725,"total_built_mass_tons":129019.2904821868,"city_id":10232,"country_iso":"CHN"},{"h3index":"8740d04e8ffffff","population_2015":16152.4407503128,"total_built_mass_tons":2273744.2891375823,"city_id":10232,"country_iso":"CHN"},{"h3index":"8740d04e9ffffff","population_2015":922.811346788,"total_built_mass_tons":488833.7197980648,"city_id":10232,"country_iso":"CHN"},{"h3index":"8740d04eaffffff","population_2015":3692.2423506718,"total_built_mass_tons":527049.8611427825,"city_id":10232,"country_iso":"CHN"},{"h3index":"8740d04ebffffff","population_2015":90.6805914458,"total_built_mass_tons":146502.53781056,"city_id":10232,"country_iso":"CHN"},{"h3index":"8740d04ecffffff","population_2015":25800.462895787,"total_built_mass_tons":6131114.1204151828,"city_id":10232,"country_iso":"CHN"},{"h3index":"8740d04edffffff","population_2015":6377.6844210905,"total_built_mass_tons":1870993.7135231176,"city_id":10232,"country_iso":"CHN"},{"h3index":"8740d04eeffffff","population_2015":13194.6882977841,"total_built_mass_tons":1734295.3608738636,"city_id":10232,"country_iso":"CHN"},{"h3index":"8740d07b4ffffff","population_2015":85.4945213841,"total_built_mass_tons":77721.4572936212,"city_id":10232,"country_iso":"CHN"}]