[{"h3index": "878010409ffffff", "population_2015": 397.0044251918792, "total_built_mass_tons": 120775.91297646004, "city_id": 1406, "country_iso": "BRA"}, {"h3index": "87801040affffff", "population_2015": 22266.02372220264, "total_built_mass_tons": 1478885.106985256, "city_id": 1406, "country_iso": "BRA"}, {"h3index": "87801040bffffff", "population_2015": 11784.986570564906, "total_built_mass_tons": 552293.7754464742, "city_id": 1406, "country_iso": "BRA"}, {"h3index": "878010418ffffff", "population_2015": 8853.284765755896, "total_built_mass_tons": 558481.8000633466, "city_id": 1406, "country_iso": "BRA"}, {"h3index": "878010419ffffff", "population_2015": 20395.51866785311, "total_built_mass_tons": 2021124.679000272, "city_id": 1406, "country_iso": "BRA"}, {"h3index": "87801041affffff", "population_2015": 489.9805843278474, "total_built_mass_tons": 56372.08588705171, "city_id": 1406, "country_iso": "BRA"}, {"h3index": "87801041bffffff", "population_2015": 28659.939014924745, "total_built_mass_tons": 2232081.66764901, "city_id": 1406, "country_iso": "BRA"}, {"h3index": "87801041dffffff", "population_2015": 12501.855335137876, "total_built_mass_tons": 1077525.985352649, "city_id": 1406, "country_iso": "BRA"}, {"h3index": "878010440ffffff", "population_2015": 350.4261954214059, "total_built_mass_tons": 46327.86106222835, "city_id": 1406, "country_iso": "BRA"}, {"h3index": "878010442ffffff", "population_2015": 19641.497911776743, "total_built_mass_tons": 1734342.4004146033, "city_id": 1406, "country_iso": "BRA"}, {"h3index": "878010443ffffff", "population_2015": 1022.68085009257, "total_built_mass_tons": 83605.83354867632, "city_id": 1406, "country_iso": "BRA"}, {"h3index": "878010444ffffff", "population_2015": 1912.1787623587777, "total_built_mass_tons": 293588.9445709164, "city_id": 1406, "country_iso": "BRA"}, {"h3index": "878010445ffffff", "population_2015": 271.32522271848194, "total_built_mass_tons": 26068.200475241, "city_id": 1406, "country_iso": "BRA"}, {"h3index": "878010446ffffff", "population_2015": 11017.724322059108, "total_built_mass_tons": 677364.3487979549, "city_id": 1406, "country_iso": "BRA"}, {"h3index": "87801044affffff", "population_2015": 34111.8014265944, "total_built_mass_tons": 1351084.7431940455, "city_id": 1406, "country_iso": "BRA"}, {"h3index": "878010450ffffff", "population_2015": 42464.0608045391, "total_built_mass_tons": 3165277.7155846464, "city_id": 1406, "country_iso": "BRA"}, {"h3index": "878010451ffffff", "population_2015": 72582.02431499254, "total_built_mass_tons": 3828498.411018086, "city_id": 1406, "country_iso": "BRA"}, {"h3index": "878010452ffffff", "population_2015": 33062.98135496776, "total_built_mass_tons": 2621092.7729302924, "city_id": 1406, "country_iso": "BRA"}, {"h3index": "878010453ffffff", "population_2015": 59505.72987010806, "total_built_mass_tons": 3952168.21243897, "city_id": 1406, "country_iso": "BRA"}, {"h3index": "878010454ffffff", "population_2015": 29626.234011721073, "total_built_mass_tons": 2262058.495754747, "city_id": 1406, "country_iso": "BRA"}, {"h3index": "878010455ffffff", "population_2015": 27074.0357877934, "total_built_mass_tons": 1946455.155635527, "city_id": 1406, "country_iso": "BRA"}, {"h3index": "878010456ffffff", "population_2015": 50942.32115107144, "total_built_mass_tons": 3219493.604153212, "city_id": 1406, "country_iso": "BRA"}, {"h3index": "878010458ffffff", "population_2015": 72020.158765129, "total_built_mass_tons": 3715797.44735437, "city_id": 1406, "country_iso": "BRA"}, {"h3index": "878010459ffffff", "population_2015": 13317.26217849582, "total_built_mass_tons": 1066214.4004187318, "city_id": 1406, "country_iso": "BRA"}, {"h3index": "87801045affffff", "population_2015": 84478.36868560643, "total_built_mass_tons": 4038915.773043961, "city_id": 1406, "country_iso": "BRA"}, {"h3index": "87801045bffffff", "population_2015": 20089.419612222555, "total_built_mass_tons": 1690986.1650809243, "city_id": 1406, "country_iso": "BRA"}, {"h3index": "87801045cffffff", "population_2015": 38364.98489634192, "total_built_mass_tons": 2446325.267100347, "city_id": 1406, "country_iso": "BRA"}, {"h3index": "87801045dffffff", "population_2015": 3400.4273270401304, "total_built_mass_tons": 286050.093268546, "city_id": 1406, "country_iso": "BRA"}, {"h3index": "87801045effffff", "population_2015": 87369.62471495233, "total_built_mass_tons": 4540426.718210645, "city_id": 1406, "country_iso": "BRA"}, {"h3index": "878010462ffffff", "population_2015": 779.9399747081832, "total_built_mass_tons": 149376.52993510768, "city_id": 1406, "country_iso": "BRA"}, {"h3index": "878010463ffffff", "population_2015": 100.77326007917816, "total_built_mass_tons": 37229.56051181918, "city_id": 1406, "country_iso": "BRA"}, {"h3index": "878010466ffffff", "population_2015": 109.33394652721928, "total_built_mass_tons": 23802.03900023008, "city_id": 1406, "country_iso": "BRA"}, {"h3index": "878010470ffffff", "population_2015": 30367.260983350658, "total_built_mass_tons": 2068384.6342709856, "city_id": 1406, "country_iso": "BRA"}, {"h3index": "878010471ffffff", "population_2015": 23003.025995209173, "total_built_mass_tons": 1732554.2536811265, "city_id": 1406, "country_iso": "BRA"}, {"h3index": "878010472ffffff", "population_2015": 22040.64927814796, "total_built_mass_tons": 1632409.294517493, "city_id": 1406, "country_iso": "BRA"}, {"h3index": "878010473ffffff", "population_2015": 3837.099792078296, "total_built_mass_tons": 1074489.6621070006, "city_id": 1406, "country_iso": "BRA"}, {"h3index": "878010474ffffff", "population_2015": 4600.697180728818, "total_built_mass_tons": 169910.19308056365, "city_id": 1406, "country_iso": "BRA"}, {"h3index": "878010475ffffff", "population_2015": 48108.92005217635, "total_built_mass_tons": 2590931.4337203447, "city_id": 1406, "country_iso": "BRA"}, {"h3index": "878010476ffffff", "population_2015": 62.053866779103, "total_built_mass_tons": 12782.427643515064, "city_id": 1406, "country_iso": "BRA"}, {"h3index": "8780104c0ffffff", "population_2015": 44672.45455726735, "total_built_mass_tons": 4087526.096264143, "city_id": 1406, "country_iso": "BRA"}, {"h3index": "8780104c1ffffff", "population_2015": 55848.64288249111, "total_built_mass_tons": 5741671.791752452, "city_id": 1406, "country_iso": "BRA"}, {"h3index": "8780104c2ffffff", "population_2015": 66898.08866532458, "total_built_mass_tons": 4108173.131986379, "city_id": 1406, "country_iso": "BRA"}, {"h3index": "8780104c3ffffff", "population_2015": 39976.3216375164, "total_built_mass_tons": 2314852.3223232096, "city_id": 1406, "country_iso": "BRA"}, {"h3index": "8780104c4ffffff", "population_2015": 20121.531665641185, "total_built_mass_tons": 1731878.7730700327, "city_id": 1406, "country_iso": "BRA"}, {"h3index": "8780104c5ffffff", "population_2015": 56748.65177134929, "total_built_mass_tons": 3819978.106409747, "city_id": 1406, "country_iso": "BRA"}, {"h3index": "8780104c6ffffff", "population_2015": 20153.146172560435, "total_built_mass_tons": 1463516.882497223, "city_id": 1406, "country_iso": "BRA"}, {"h3index": "8780104ccffffff", "population_2015": 30844.401359323892, "total_built_mass_tons": 3641009.536372616, "city_id": 1406, "country_iso": "BRA"}, {"h3index": "8780104cdffffff", "population_2015": 78583.17623589833, "total_built_mass_tons": 2663516.011176748, "city_id": 1406, "country_iso": "BRA"}, {"h3index": "8780104ceffffff", "population_2015": 3483.9565288244507, "total_built_mass_tons": 553076.6343613544, "city_id": 1406, "country_iso": "BRA"}, {"h3index": "8780104d1ffffff", "population_2015": 5620.181769846001, "total_built_mass_tons": 521767.1626834512, "city_id": 1406, "country_iso": "BRA"}, {"h3index": "8780104d5ffffff", "population_2015": 5607.633034383549, "total_built_mass_tons": 651409.1022990529, "city_id": 1406, "country_iso": "BRA"}, {"h3index": "8780104dcffffff", "population_2015": 17392.229678504606, "total_built_mass_tons": 1105973.4451881014, "city_id": 1406, "country_iso": "BRA"}, {"h3index": "8780104e0ffffff", "population_2015": 28109.77133066888, "total_built_mass_tons": 2390852.7493093964, "city_id": 1406, "country_iso": "BRA"}, {"h3index": "8780104e1ffffff", "population_2015": 36525.8728545058, "total_built_mass_tons": 2260592.219331866, "city_id": 1406, "country_iso": "BRA"}, {"h3index": "8780104e2ffffff", "population_2015": 31935.482525096213, "total_built_mass_tons": 3714451.5083789374, "city_id": 1406, "country_iso": "BRA"}, {"h3index": "8780104e3ffffff", "population_2015": 30928.91694814365, "total_built_mass_tons": 1814872.8755078516, "city_id": 1406, "country_iso": "BRA"}, {"h3index": "8780104e4ffffff", "population_2015": 43395.05154237562, "total_built_mass_tons": 3096860.055474653, "city_id": 1406, "country_iso": "BRA"}, {"h3index": "8780104e5ffffff", "population_2015": 26782.850552160595, "total_built_mass_tons": 1463139.5872011825, "city_id": 1406, "country_iso": "BRA"}, {"h3index": "8780104e6ffffff", "population_2015": 28232.411956379467, "total_built_mass_tons": 2656107.9618089576, "city_id": 1406, "country_iso": "BRA"}, {"h3index": "8780104e8ffffff", "population_2015": 76443.297765614, "total_built_mass_tons": 5030359.716262238, "city_id": 1406, "country_iso": "BRA"}, {"h3index": "8780104e9ffffff", "population_2015": 54827.98985239574, "total_built_mass_tons": 2868195.1032201266, "city_id": 1406, "country_iso": "BRA"}, {"h3index": "8780104eaffffff", "population_2015": 56545.9637053443, "total_built_mass_tons": 4783149.106294303, "city_id": 1406, "country_iso": "BRA"}, {"h3index": "8780104ebffffff", "population_2015": 65061.08686262018, "total_built_mass_tons": 4727796.595620579, "city_id": 1406, "country_iso": "BRA"}, {"h3index": "8780104ecffffff", "population_2015": 46000.55775318987, "total_built_mass_tons": 3257553.7620890094, "city_id": 1406, "country_iso": "BRA"}, {"h3index": "8780104edffffff", "population_2015": 73025.79541057888, "total_built_mass_tons": 4406281.328314206, "city_id": 1406, "country_iso": "BRA"}, {"h3index": "8780104eeffffff", "population_2015": 39097.85343293396, "total_built_mass_tons": 3010686.8334278, "city_id": 1406, "country_iso": "BRA"}, {"h3index": "8780104f0ffffff", "population_2015": 6979.606248591929, "total_built_mass_tons": 524518.1962760749, "city_id": 1406, "country_iso": "BRA"}, {"h3index": "8780104f1ffffff", "population_2015": 19792.748570141142, "total_built_mass_tons": 2187004.719234569, "city_id": 1406, "country_iso": "BRA"}, {"h3index": "8780104f3ffffff", "population_2015": 9.39314910290288, "total_built_mass_tons": 10227.551849464671, "city_id": 1406, "country_iso": "BRA"}, {"h3index": "8780104f4ffffff", "population_2015": 4975.527934670916, "total_built_mass_tons": 342776.63869533985, "city_id": 1406, "country_iso": "BRA"}, {"h3index": "8780104f5ffffff", "population_2015": 21030.575507145302, "total_built_mass_tons": 2051414.04230296, "city_id": 1406, "country_iso": "BRA"}, {"h3index": "8780104f6ffffff", "population_2015": 965.5665471114364, "total_built_mass_tons": 194735.609968005, "city_id": 1406, "country_iso": "BRA"}, {"h3index": "87801055bffffff", "population_2015": 476.4340453278785, "total_built_mass_tons": 28102.917498303395, "city_id": 1406, "country_iso": "BRA"}, {"h3index": "878010784ffffff", "population_2015": 92.38396450117524, "total_built_mass_tons": 37450.472611555895, "city_id": 1406, "country_iso": "BRA"}, {"h3index": "8780107a0ffffff", "population_2015": 10054.534082147187, "total_built_mass_tons": 701026.1585133491, "city_id": 1406, "country_iso": "BRA"}, {"h3index": "8780107a1ffffff", "population_2015": 8.821594687069163, "total_built_mass_tons": 1886.4378021733849, "city_id": 1406, "country_iso": "BRA"}, {"h3index": "8780107a2ffffff", "population_2015": 135.1087203025818, "total_built_mass_tons": 16653.821920196075, "city_id": 1406, "country_iso": "BRA"}, {"h3index": "8780107a3ffffff", "population_2015": 139.45360268985524, "total_built_mass_tons": 12128.552864262096, "city_id": 1406, "country_iso": "BRA"}, {"h3index": "8780107a4ffffff", "population_2015": 22064.465336988495, "total_built_mass_tons": 1419815.3728660217, "city_id": 1406, "country_iso": "BRA"}, {"h3index": "8780107a5ffffff", "population_2015": 55.75341816322476, "total_built_mass_tons": 13993.556904506942, "city_id": 1406, "country_iso": "BRA"}, {"h3index": "8780107a6ffffff", "population_2015": 11459.660084098694, "total_built_mass_tons": 1084314.8379460154, "city_id": 1406, "country_iso": "BRA"}, {"h3index": "8780107b0ffffff", "population_2015": 48446.06480260362, "total_built_mass_tons": 2223765.9511113577, "city_id": 1406, "country_iso": "BRA"}, {"h3index": "8780107b1ffffff", "population_2015": 1418.2746711992747, "total_built_mass_tons": 339609.48239554756, "city_id": 1406, "country_iso": "BRA"}, {"h3index": "8780107b2ffffff", "population_2015": 49838.99771809858, "total_built_mass_tons": 1973499.379769164, "city_id": 1406, "country_iso": "BRA"}, {"h3index": "8780107b3ffffff", "population_2015": 881.9429068958059, "total_built_mass_tons": 211943.99251732495, "city_id": 1406, "country_iso": "BRA"}, {"h3index": "8780107b4ffffff", "population_2015": 65616.94626727758, "total_built_mass_tons": 2993879.709174088, "city_id": 1406, "country_iso": "BRA"}, {"h3index": "8780107b5ffffff", "population_2015": 1458.1658503513709, "total_built_mass_tons": 55763.3500400186, "city_id": 1406, "country_iso": "BRA"}, {"h3index": "8780107b6ffffff", "population_2015": 100018.50952995144, "total_built_mass_tons": 4718449.123703985, "city_id": 1406, "country_iso": "BRA"}]