[{"h3index": "8740b344bffffff", "population_2015": 50.646956537284105, "total_built_mass_tons": 47581.455223559555, "city_id": 11162, "country_iso": "CHN"}, {"h3index": "8740b3604ffffff", "population_2015": 1.0930367058398678, "total_built_mass_tons": 1793.4928151418085, "city_id": 11162, "country_iso": "CHN"}, {"h3index": "8740b3620ffffff", "population_2015": 12949.526032853591, "total_built_mass_tons": 3445606.414977803, "city_id": 11162, "country_iso": "CHN"}, {"h3index": "8740b3621ffffff", "population_2015": 3524.0983443839887, "total_built_mass_tons": 1875348.2847631832, "city_id": 11162, "country_iso": "CHN"}, {"h3index": "8740b3622ffffff", "population_2015": 740.9485896409726, "total_built_mass_tons": 579954.8562292298, "city_id": 11162, "country_iso": "CHN"}, {"h3index": "8740b3623ffffff", "population_2015": 374.8055307117164, "total_built_mass_tons": 267909.2312404131, "city_id": 11162, "country_iso": "CHN"}, {"h3index": "8740b3624ffffff", "population_2015": 26203.59808020685, "total_built_mass_tons": 3402493.5575353345, "city_id": 11162, "country_iso": "CHN"}, {"h3index": "8740b3625ffffff", "population_2015": 37538.819760808765, "total_built_mass_tons": 5458541.779033275, "city_id": 11162, "country_iso": "CHN"}, {"h3index": "8740b3626ffffff", "population_2015": 3405.5667977407884, "total_built_mass_tons": 1782734.6899988975, "city_id": 11162, "country_iso": "CHN"}, {"h3index": "8740b362cffffff", "population_2015": 1413.5551489493423, "total_built_mass_tons": 923824.1638026858, "city_id": 11162, "country_iso": "CHN"}, {"h3index": "8740b362dffffff", "population_2015": 1871.349923446132, "total_built_mass_tons": 765824.9733610364, "city_id": 11162, "country_iso": "CHN"}, {"h3index": "8740b3630ffffff", "population_2015": 253.2695143998838, "total_built_mass_tons": 154738.0956409181, "city_id": 11162, "country_iso": "CHN"}, {"h3index": "8740b3631ffffff", "population_2015": 237.89496916041657, "total_built_mass_tons": 227649.23607690656, "city_id": 11162, "country_iso": "CHN"}, {"h3index": "8740b3635ffffff", "population_2015": 461.9061399572036, "total_built_mass_tons": 468124.14295561187, "city_id": 11162, "country_iso": "CHN"}, {"h3index": "8740b3702ffffff", "population_2015": 35.83974047455133, "total_built_mass_tons": 17239.330382371354, "city_id": 11162, "country_iso": "CHN"}, {"h3index": "8740b3708ffffff", "population_2015": 47.11206179600136, "total_built_mass_tons": 20285.493594522635, "city_id": 11162, "country_iso": "CHN"}, {"h3index": "8740b370affffff", "population_2015": 2153.0205032703925, "total_built_mass_tons": 923216.4191513992, "city_id": 11162, "country_iso": "CHN"}, {"h3index": "8740b370bffffff", "population_2015": 11234.754942131043, "total_built_mass_tons": 1579691.550227786, "city_id": 11162, "country_iso": "CHN"}, {"h3index": "8740b3710ffffff", "population_2015": 718.5666508749417, "total_built_mass_tons": 631656.2093752867, "city_id": 11162, "country_iso": "CHN"}, {"h3index": "8740b3711ffffff", "population_2015": 858.7101149409425, "total_built_mass_tons": 621505.2212822422, "city_id": 11162, "country_iso": "CHN"}, {"h3index": "8740b3714ffffff", "population_2015": 25.01105352850521, "total_built_mass_tons": 13483.3547773907, "city_id": 11162, "country_iso": "CHN"}, {"h3index": "8740b3715ffffff", "population_2015": 158.33112687223098, "total_built_mass_tons": 159881.43640328894, "city_id": 11162, "country_iso": "CHN"}, {"h3index": "8740b3716ffffff", "population_2015": 497.6115855048684, "total_built_mass_tons": 488706.0896006438, "city_id": 11162, "country_iso": "CHN"}, {"h3index": "8740b3718ffffff", "population_2015": 1007.514128440034, "total_built_mass_tons": 661526.5896597487, "city_id": 11162, "country_iso": "CHN"}, {"h3index": "8740b3719ffffff", "population_2015": 2801.7450915935, "total_built_mass_tons": 1224849.7353997072, "city_id": 11162, "country_iso": "CHN"}, {"h3index": "8740b371cffffff", "population_2015": 1686.327923441868, "total_built_mass_tons": 1392350.5613822583, "city_id": 11162, "country_iso": "CHN"}, {"h3index": "8740b371dffffff", "population_2015": 1171.7622758912105, "total_built_mass_tons": 673215.6649751732, "city_id": 11162, "country_iso": "CHN"}, {"h3index": "8740b3742ffffff", "population_2015": 938.4223582566956, "total_built_mass_tons": 583191.3482436762, "city_id": 11162, "country_iso": "CHN"}, {"h3index": "8740b3750ffffff", "population_2015": 420.5865154210258, "total_built_mass_tons": 281433.30238756305, "city_id": 11162, "country_iso": "CHN"}, {"h3index": "8740b3751ffffff", "population_2015": 796.1448715153864, "total_built_mass_tons": 557646.9424483916, "city_id": 11162, "country_iso": "CHN"}, {"h3index": "8740b3752ffffff", "population_2015": 10931.394916425968, "total_built_mass_tons": 2665937.8837382183, "city_id": 11162, "country_iso": "CHN"}, {"h3index": "8740b3753ffffff", "population_2015": 1136.2697135869198, "total_built_mass_tons": 630644.2218854119, "city_id": 11162, "country_iso": "CHN"}, {"h3index": "8740b3755ffffff", "population_2015": 259.5110639983533, "total_built_mass_tons": 147349.02003889333, "city_id": 11162, "country_iso": "CHN"}, {"h3index": "8740b3756ffffff", "population_2015": 2234.375366053862, "total_built_mass_tons": 776553.8355812381, "city_id": 11162, "country_iso": "CHN"}, {"h3index": "8740b375cffffff", "population_2015": 1145.7927473367429, "total_built_mass_tons": 529524.5064534388, "city_id": 11162, "country_iso": "CHN"}, {"h3index": "8740b375effffff", "population_2015": 1479.6146373449587, "total_built_mass_tons": 1093131.1787454293, "city_id": 11162, "country_iso": "CHN"}]