[{"h3index": "87312a900ffffff", "population_2015": 23119.24784386952, "total_built_mass_tons": 5129121.532122244, "city_id": 10724, "country_iso": "CHN"}, {"h3index": "87312a901ffffff", "population_2015": 2428.360227914885, "total_built_mass_tons": 766999.9816030862, "city_id": 10724, "country_iso": "CHN"}, {"h3index": "87312a902ffffff", "population_2015": 812.717263120296, "total_built_mass_tons": 386383.5939491525, "city_id": 10724, "country_iso": "CHN"}, {"h3index": "87312a903ffffff", "population_2015": 1095.8763467134213, "total_built_mass_tons": 458319.4820111106, "city_id": 10724, "country_iso": "CHN"}, {"h3index": "87312a904ffffff", "population_2015": 22538.48686292124, "total_built_mass_tons": 7363064.944201471, "city_id": 10724, "country_iso": "CHN"}, {"h3index": "87312a905ffffff", "population_2015": 23605.28248646492, "total_built_mass_tons": 4238691.69540204, "city_id": 10724, "country_iso": "CHN"}, {"h3index": "87312a906ffffff", "population_2015": 9264.76940070601, "total_built_mass_tons": 2817282.221965733, "city_id": 10724, "country_iso": "CHN"}, {"h3index": "87312a91cffffff", "population_2015": 3.089891133588903, "total_built_mass_tons": 6605.457673402682, "city_id": 10724, "country_iso": "CHN"}, {"h3index": "87312a922ffffff", "population_2015": 857.3085121669019, "total_built_mass_tons": 462705.8237959543, "city_id": 10724, "country_iso": "CHN"}, {"h3index": "87312a923ffffff", "population_2015": 1894.9638404827483, "total_built_mass_tons": 1273829.8804371832, "city_id": 10724, "country_iso": "CHN"}, {"h3index": "87312a92affffff", "population_2015": 88.57066744612712, "total_built_mass_tons": 68265.57928248876, "city_id": 10724, "country_iso": "CHN"}, {"h3index": "87312a92effffff", "population_2015": 529.3446737962611, "total_built_mass_tons": 331753.3292201455, "city_id": 10724, "country_iso": "CHN"}, {"h3index": "87312a931ffffff", "population_2015": 2134.3557684776833, "total_built_mass_tons": 487959.8566145154, "city_id": 10724, "country_iso": "CHN"}, {"h3index": "87312a933ffffff", "population_2015": 25.282687721065447, "total_built_mass_tons": 77567.70924793468, "city_id": 10724, "country_iso": "CHN"}]