[{"h3index":"871fb0928ffffff","population_2015":1219.691953157,"total_built_mass_tons":804266.7892581477,"city_id":2071,"country_iso":"FRA"},{"h3index":"871fb0929ffffff","population_2015":9794.6322141582,"total_built_mass_tons":3302498.472818885,"city_id":2071,"country_iso":"FRA"},{"h3index":"871fb092bffffff","population_2015":58.484495292,"total_built_mass_tons":52631.5686218149,"city_id":2071,"country_iso":"FRA"},{"h3index":"871fb092dffffff","population_2015":46.6606672053,"total_built_mass_tons":71500.2647158785,"city_id":2071,"country_iso":"FRA"},{"h3index":"871fb0944ffffff","population_2015":391.4652658023,"total_built_mass_tons":175850.2455108115,"city_id":2071,"country_iso":"FRA"},{"h3index":"871fb0946ffffff","population_2015":3882.1312953799,"total_built_mass_tons":896726.6380033768,"city_id":2071,"country_iso":"FRA"},{"h3index":"871fb0962ffffff","population_2015":1790.3189981582,"total_built_mass_tons":1079666.9536700989,"city_id":2071,"country_iso":"FRA"},{"h3index":"871fb0971ffffff","population_2015":5135.9243709013,"total_built_mass_tons":1981861.2695821312,"city_id":2071,"country_iso":"FRA"},{"h3index":"871fb0974ffffff","population_2015":8978.6133372045,"total_built_mass_tons":2327373.5852825129,"city_id":2071,"country_iso":"FRA"},{"h3index":"871fb0975ffffff","population_2015":4808.9847725317,"total_built_mass_tons":1120409.6977120168,"city_id":2071,"country_iso":"FRA"},{"h3index":"871fb0976ffffff","population_2015":260.9425500514,"total_built_mass_tons":119311.1408816693,"city_id":2071,"country_iso":"FRA"},{"h3index":"871fb42daffffff","population_2015":4057.2130508918,"total_built_mass_tons":1120970.178213367,"city_id":2071,"country_iso":"FRA"},{"h3index":"871fb42dbffffff","population_2015":2625.7113844741,"total_built_mass_tons":894283.2746415462,"city_id":2071,"country_iso":"FRA"}]