[{"h3index": "871018110ffffff", "population_2015": 76.14560012817383, "total_built_mass_tons": 23656.268454500325, "city_id": 4473, "country_iso": "RUS"}, {"h3index": "871018112ffffff", "population_2015": 14228.148277798817, "total_built_mass_tons": 5049651.256687231, "city_id": 4473, "country_iso": "RUS"}, {"h3index": "871018116ffffff", "population_2015": 2684.9121835493565, "total_built_mass_tons": 1048717.7605555933, "city_id": 4473, "country_iso": "RUS"}, {"h3index": "871018180ffffff", "population_2015": 6898.675972629995, "total_built_mass_tons": 3103062.186320684, "city_id": 4473, "country_iso": "RUS"}, {"h3index": "871018181ffffff", "population_2015": 542.9730394699994, "total_built_mass_tons": 451984.06247954327, "city_id": 4473, "country_iso": "RUS"}, {"h3index": "871018182ffffff", "population_2015": 10.45564665326885, "total_built_mass_tons": 9955.485421407271, "city_id": 4473, "country_iso": "RUS"}, {"h3index": "871018184ffffff", "population_2015": 17327.120158858394, "total_built_mass_tons": 5486063.051335371, "city_id": 4473, "country_iso": "RUS"}, {"h3index": "871018185ffffff", "population_2015": 18141.731663178467, "total_built_mass_tons": 7985379.514952293, "city_id": 4473, "country_iso": "RUS"}, {"h3index": "871018186ffffff", "population_2015": 1047.6870902865544, "total_built_mass_tons": 714877.1404051782, "city_id": 4473, "country_iso": "RUS"}, {"h3index": "8710181a0ffffff", "population_2015": 14825.952909636962, "total_built_mass_tons": 4734268.156131534, "city_id": 4473, "country_iso": "RUS"}, {"h3index": "8710181a1ffffff", "population_2015": 13566.36708780176, "total_built_mass_tons": 5034222.566089569, "city_id": 4473, "country_iso": "RUS"}, {"h3index": "8710181a2ffffff", "population_2015": 12501.749892876192, "total_built_mass_tons": 5290392.364262306, "city_id": 4473, "country_iso": "RUS"}, {"h3index": "8710181a3ffffff", "population_2015": 18319.247297191625, "total_built_mass_tons": 6938010.61789247, "city_id": 4473, "country_iso": "RUS"}, {"h3index": "8710181a4ffffff", "population_2015": 379.5543957242778, "total_built_mass_tons": 332587.9653055978, "city_id": 4473, "country_iso": "RUS"}, {"h3index": "8710181a5ffffff", "population_2015": 5408.324069859933, "total_built_mass_tons": 3147327.3972475817, "city_id": 4473, "country_iso": "RUS"}, {"h3index": "8710181a6ffffff", "population_2015": 1167.5693051338196, "total_built_mass_tons": 571761.6137776641, "city_id": 4473, "country_iso": "RUS"}, {"h3index": "8710181a8ffffff", "population_2015": 399.7244404848884, "total_built_mass_tons": 305471.38988762884, "city_id": 4473, "country_iso": "RUS"}, {"h3index": "8710181aaffffff", "population_2015": 1368.181744917701, "total_built_mass_tons": 743367.4070735568, "city_id": 4473, "country_iso": "RUS"}, {"h3index": "8710181acffffff", "population_2015": 5790.9881872981205, "total_built_mass_tons": 2876630.4195083287, "city_id": 4473, "country_iso": "RUS"}, {"h3index": "8710181aeffffff", "population_2015": 18094.72600867516, "total_built_mass_tons": 9199263.346799623, "city_id": 4473, "country_iso": "RUS"}, {"h3index": "8710181b1ffffff", "population_2015": 2692.6383718051156, "total_built_mass_tons": 2249503.41552369, "city_id": 4473, "country_iso": "RUS"}, {"h3index": "8710181b5ffffff", "population_2015": 1737.535275796816, "total_built_mass_tons": 1265744.191147275, "city_id": 4473, "country_iso": "RUS"}, {"h3index": "871018c49ffffff", "population_2015": 127.73498494391347, "total_built_mass_tons": 52865.13025500318, "city_id": 4473, "country_iso": "RUS"}, {"h3index": "871018c4bffffff", "population_2015": 340.884351160947, "total_built_mass_tons": 313818.55179226625, "city_id": 4473, "country_iso": "RUS"}, {"h3index": "871018c59ffffff", "population_2015": 9.168180073008818, "total_built_mass_tons": 7256.864662474316, "city_id": 4473, "country_iso": "RUS"}]