[{"h3index":"874009408ffffff","population_2015":1211.158750074,"total_built_mass_tons":329637.0975070475,"city_id":10587,"country_iso":"CHN"},{"h3index":"87400940affffff","population_2015":154.8820005155,"total_built_mass_tons":54820.8908633287,"city_id":10587,"country_iso":"CHN"},{"h3index":"87400940bffffff","population_2015":44.458961801,"total_built_mass_tons":9537.4275707868,"city_id":10587,"country_iso":"CHN"},{"h3index":"87400940cffffff","population_2015":350.0611115587,"total_built_mass_tons":61897.8041755478,"city_id":10587,"country_iso":"CHN"},{"h3index":"87400940dffffff","population_2015":0.1807632596,"total_built_mass_tons":1276.1233934468,"city_id":10587,"country_iso":"CHN"},{"h3index":"87400940effffff","population_2015":407.117706052,"total_built_mass_tons":179607.8375805739,"city_id":10587,"country_iso":"CHN"},{"h3index":"874009419ffffff","population_2015":30.3161390389,"total_built_mass_tons":17922.0580099675,"city_id":10587,"country_iso":"CHN"},{"h3index":"87400941dffffff","population_2015":16.4888089909,"total_built_mass_tons":11016.0811904418,"city_id":10587,"country_iso":"CHN"},{"h3index":"8740094e4ffffff","population_2015":74.0111946817,"total_built_mass_tons":44236.0941451372,"city_id":10587,"country_iso":"CHN"}]