[{"h3index":"87609d388ffffff","population_2015":668.8413315829,"total_built_mass_tons":99703.5473671005,"city_id":7121,"country_iso":"IND"},{"h3index":"87609d38affffff","population_2015":5467.6104085623,"total_built_mass_tons":651949.3410735123,"city_id":7121,"country_iso":"IND"},{"h3index":"87609d38cffffff","population_2015":129.5914174622,"total_built_mass_tons":20477.9811773197,"city_id":7121,"country_iso":"IND"},{"h3index":"87609d38effffff","population_2015":8468.4992926541,"total_built_mass_tons":1048643.9875557227,"city_id":7121,"country_iso":"IND"},{"h3index":"87609d399ffffff","population_2015":827.86956412,"total_built_mass_tons":155442.4451019177,"city_id":7121,"country_iso":"IND"}]