[{"h3index":"872489a0dffffff","population_2015":1.2151581484,"total_built_mass_tons":647.2455620101,"city_id":10088,"country_iso":"CHN"},{"h3index":"872489a21ffffff","population_2015":769.5117791344,"total_built_mass_tons":104779.1862854113,"city_id":10088,"country_iso":"CHN"},{"h3index":"872489a25ffffff","population_2015":1381.7899506288,"total_built_mass_tons":208818.2294165075,"city_id":10088,"country_iso":"CHN"},{"h3index":"872489a29ffffff","population_2015":11327.9803752076,"total_built_mass_tons":3004785.4016639399,"city_id":10088,"country_iso":"CHN"},{"h3index":"872489a2bffffff","population_2015":63.1397121168,"total_built_mass_tons":40567.0003937274,"city_id":10088,"country_iso":"CHN"},{"h3index":"872489a2cffffff","population_2015":1286.5593687207,"total_built_mass_tons":252084.7817610479,"city_id":10088,"country_iso":"CHN"},{"h3index":"872489a2dffffff","population_2015":9485.8419020284,"total_built_mass_tons":3379145.1198498178,"city_id":10088,"country_iso":"CHN"},{"h3index":"872489a66ffffff","population_2015":186.1953538165,"total_built_mass_tons":60670.8352081606,"city_id":10088,"country_iso":"CHN"},{"h3index":"872489a70ffffff","population_2015":555.5978185322,"total_built_mass_tons":516549.3843626461,"city_id":10088,"country_iso":"CHN"},{"h3index":"872489a71ffffff","population_2015":18.5913363588,"total_built_mass_tons":14925.8362600797,"city_id":10088,"country_iso":"CHN"},{"h3index":"872489a72ffffff","population_2015":5.2024504418,"total_built_mass_tons":6782.748656125,"city_id":10088,"country_iso":"CHN"},{"h3index":"872489a74ffffff","population_2015":10488.4061413391,"total_built_mass_tons":4550954.3748292038,"city_id":10088,"country_iso":"CHN"},{"h3index":"872489a75ffffff","population_2015":1009.0310457646,"total_built_mass_tons":550703.8910828325,"city_id":10088,"country_iso":"CHN"},{"h3index":"872489a76ffffff","population_2015":6844.9427066873,"total_built_mass_tons":1221418.3281696371,"city_id":10088,"country_iso":"CHN"},{"h3index":"872489b09ffffff","population_2015":41.6321287735,"total_built_mass_tons":80332.7533224305,"city_id":10088,"country_iso":"CHN"},{"h3index":"872489b0bffffff","population_2015":2.8536794008,"total_built_mass_tons":14572.7962246248,"city_id":10088,"country_iso":"CHN"},{"h3index":"872489b50ffffff","population_2015":1088.2974371349,"total_built_mass_tons":311404.4498885148,"city_id":10088,"country_iso":"CHN"},{"h3index":"872489b51ffffff","population_2015":17.5164705248,"total_built_mass_tons":42013.7639310178,"city_id":10088,"country_iso":"CHN"},{"h3index":"872489b52ffffff","population_2015":6828.3661860186,"total_built_mass_tons":788961.134061115,"city_id":10088,"country_iso":"CHN"},{"h3index":"872489b53ffffff","population_2015":2789.9255184108,"total_built_mass_tons":1263424.678962877,"city_id":10088,"country_iso":"CHN"},{"h3index":"872489b54ffffff","population_2015":2200.4427506054,"total_built_mass_tons":407858.7259985764,"city_id":10088,"country_iso":"CHN"},{"h3index":"872489b56ffffff","population_2015":3581.8827489479,"total_built_mass_tons":678261.2535015547,"city_id":10088,"country_iso":"CHN"},{"h3index":"872489b58ffffff","population_2015":2350.7497272202,"total_built_mass_tons":846249.7440616435,"city_id":10088,"country_iso":"CHN"},{"h3index":"872489b59ffffff","population_2015":441.2871166772,"total_built_mass_tons":127227.0934902154,"city_id":10088,"country_iso":"CHN"},{"h3index":"872489b5affffff","population_2015":14239.7125570419,"total_built_mass_tons":5935153.0820900407,"city_id":10088,"country_iso":"CHN"},{"h3index":"872489b5bffffff","population_2015":2326.2601240074,"total_built_mass_tons":1324782.7622116744,"city_id":10088,"country_iso":"CHN"},{"h3index":"872489b5cffffff","population_2015":119.6442142655,"total_built_mass_tons":52267.836371128,"city_id":10088,"country_iso":"CHN"},{"h3index":"872489b5dffffff","population_2015":152.588917577,"total_built_mass_tons":116029.6456552482,"city_id":10088,"country_iso":"CHN"},{"h3index":"872489b5effffff","population_2015":1170.9471196011,"total_built_mass_tons":697248.241135519,"city_id":10088,"country_iso":"CHN"},{"h3index":"872489b72ffffff","population_2015":29.0453188728,"total_built_mass_tons":12301.3095220217,"city_id":10088,"country_iso":"CHN"}]