[{"h3index":"873e66390ffffff","population_2015":2596.4664830301,"total_built_mass_tons":553613.5580862169,"city_id":3861,"country_iso":"EGY"},{"h3index":"873e66394ffffff","population_2015":5600.1124349557,"total_built_mass_tons":779135.3708328721,"city_id":3861,"country_iso":"EGY"},{"h3index":"873e66395ffffff","population_2015":814.2143982981,"total_built_mass_tons":126368.8986844342,"city_id":3861,"country_iso":"EGY"},{"h3index":"873e66396ffffff","population_2015":1402.125769776,"total_built_mass_tons":248363.3545321536,"city_id":3861,"country_iso":"EGY"},{"h3index":"873e663a0ffffff","population_2015":1250.0325955784,"total_built_mass_tons":239516.74121947,"city_id":3861,"country_iso":"EGY"},{"h3index":"873e663a4ffffff","population_2015":20890.5029314415,"total_built_mass_tons":2428880.9815357458,"city_id":3861,"country_iso":"EGY"},{"h3index":"873e663a6ffffff","population_2015":1998.1106188194,"total_built_mass_tons":334993.8537015648,"city_id":3861,"country_iso":"EGY"},{"h3index":"873e663b0ffffff","population_2015":1145.14858652,"total_built_mass_tons":277916.8500269296,"city_id":3861,"country_iso":"EGY"},{"h3index":"873e663b1ffffff","population_2015":132.0942980897,"total_built_mass_tons":20994.6374500577,"city_id":3861,"country_iso":"EGY"},{"h3index":"873e663b2ffffff","population_2015":40.1793547911,"total_built_mass_tons":7154.1444776126,"city_id":3861,"country_iso":"EGY"},{"h3index":"873e663b3ffffff","population_2015":10732.8756821688,"total_built_mass_tons":1508168.323739975,"city_id":3861,"country_iso":"EGY"},{"h3index":"873e663b5ffffff","population_2015":4326.1036579805,"total_built_mass_tons":740145.7084392582,"city_id":3861,"country_iso":"EGY"}]