[{"h3index":"873cc62b6ffffff","population_2015":48.794880867,"total_built_mass_tons":103706.8414152891,"city_id":10000,"country_iso":"BGD"},{"h3index":"873cc6624ffffff","population_2015":195.4421272278,"total_built_mass_tons":93150.4070054868,"city_id":10000,"country_iso":"BGD"},{"h3index":"873cc6625ffffff","population_2015":50.5988769531,"total_built_mass_tons":68569.3125293798,"city_id":10000,"country_iso":"BGD"},{"h3index":"873cc6704ffffff","population_2015":22.2484912872,"total_built_mass_tons":76058.4192598646,"city_id":10000,"country_iso":"BGD"},{"h3index":"873cc6708ffffff","population_2015":147.6210517883,"total_built_mass_tons":105012.5769932592,"city_id":10000,"country_iso":"BGD"},{"h3index":"873cc6709ffffff","population_2015":54.4789104462,"total_built_mass_tons":104903.1305326544,"city_id":10000,"country_iso":"BGD"},{"h3index":"873cc670effffff","population_2015":91.7524386836,"total_built_mass_tons":110399.7305971337,"city_id":10000,"country_iso":"BGD"},{"h3index":"873cc6711ffffff","population_2015":25.2639942169,"total_built_mass_tons":11757.6511069989,"city_id":10000,"country_iso":"BGD"},{"h3index":"873cc671cffffff","population_2015":170.7860088348,"total_built_mass_tons":85733.4811047335,"city_id":10000,"country_iso":"BGD"},{"h3index":"873cc671dffffff","population_2015":31.3463352877,"total_built_mass_tons":81759.3578921343,"city_id":10000,"country_iso":"BGD"},{"h3index":"873cc6740ffffff","population_2015":126.0621517069,"total_built_mass_tons":103876.0724476436,"city_id":10000,"country_iso":"BGD"},{"h3index":"873cc6741ffffff","population_2015":29.5982191796,"total_built_mass_tons":90393.1195131024,"city_id":10000,"country_iso":"BGD"},{"h3index":"873cc6743ffffff","population_2015":35.9617867301,"total_built_mass_tons":35721.8708922234,"city_id":10000,"country_iso":"BGD"},{"h3index":"873cc6745ffffff","population_2015":112.5797341852,"total_built_mass_tons":97319.563582752,"city_id":10000,"country_iso":"BGD"},{"h3index":"873cc6746ffffff","population_2015":93.5308681563,"total_built_mass_tons":109236.2641657535,"city_id":10000,"country_iso":"BGD"},{"h3index":"873cc6748ffffff","population_2015":148.4299430847,"total_built_mass_tons":92143.9361272947,"city_id":10000,"country_iso":"BGD"},{"h3index":"873cc674cffffff","population_2015":79.1519028458,"total_built_mass_tons":99833.2142194703,"city_id":10000,"country_iso":"BGD"},{"h3index":"873cc674dffffff","population_2015":54.2026481628,"total_built_mass_tons":111998.0859688682,"city_id":10000,"country_iso":"BGD"},{"h3index":"873cc674effffff","population_2015":96.0643790451,"total_built_mass_tons":84871.6193604335,"city_id":10000,"country_iso":"BGD"},{"h3index":"873cc6752ffffff","population_2015":20.435136795,"total_built_mass_tons":82815.7572912245,"city_id":10000,"country_iso":"BGD"},{"h3index":"873cc6753ffffff","population_2015":57.4827308655,"total_built_mass_tons":40438.9614539465,"city_id":10000,"country_iso":"BGD"},{"h3index":"873cc6754ffffff","population_2015":1493.6633296593,"total_built_mass_tons":292748.6159987539,"city_id":10000,"country_iso":"BGD"},{"h3index":"873cc6761ffffff","population_2015":145.7475780562,"total_built_mass_tons":19988.5787667737,"city_id":10000,"country_iso":"BGD"},{"h3index":"873cc6762ffffff","population_2015":1646.4734655343,"total_built_mass_tons":192153.8320351557,"city_id":10000,"country_iso":"BGD"},{"h3index":"873cc6763ffffff","population_2015":1618.6323408239,"total_built_mass_tons":197249.2181379229,"city_id":10000,"country_iso":"BGD"},{"h3index":"873cc6772ffffff","population_2015":15.8526592255,"total_built_mass_tons":86918.7519616691,"city_id":10000,"country_iso":"BGD"},{"h3index":"873cc6773ffffff","population_2015":278.3715290444,"total_built_mass_tons":167439.9184244795,"city_id":10000,"country_iso":"BGD"}]