[{"h3index":"876094c58ffffff","population_2015":2518.5795888003,"total_built_mass_tons":661750.2244857249,"city_id":8000,"country_iso":"IND"},{"h3index":"876094c59ffffff","population_2015":225.1697121788,"total_built_mass_tons":64871.3981864156,"city_id":8000,"country_iso":"IND"},{"h3index":"876094c5affffff","population_2015":245.9810992503,"total_built_mass_tons":102240.0773242198,"city_id":8000,"country_iso":"IND"},{"h3index":"876094c5cffffff","population_2015":131.598941242,"total_built_mass_tons":45978.1266077668,"city_id":8000,"country_iso":"IND"},{"h3index":"876094c5dffffff","population_2015":898.0465319166,"total_built_mass_tons":302308.8242131821,"city_id":8000,"country_iso":"IND"},{"h3index":"876094c5effffff","population_2015":85.1550751518,"total_built_mass_tons":26068.2221428281,"city_id":8000,"country_iso":"IND"}]