[{"h3index":"875882448ffffff","population_2015":162.3560840906,"total_built_mass_tons":99336.7842838134,"city_id":2122,"country_iso":"NGA"},{"h3index":"87588244affffff","population_2015":4734.265258991,"total_built_mass_tons":954229.6580633044,"city_id":2122,"country_iso":"NGA"},{"h3index":"87588244bffffff","population_2015":1.4125396018,"total_built_mass_tons":683.7012141374,"city_id":2122,"country_iso":"NGA"},{"h3index":"875882458ffffff","population_2015":107.5836174348,"total_built_mass_tons":21132.7277942542,"city_id":2122,"country_iso":"NGA"},{"h3index":"875882459ffffff","population_2015":5263.9466121898,"total_built_mass_tons":916221.1562447026,"city_id":2122,"country_iso":"NGA"},{"h3index":"87588245dffffff","population_2015":54.6272380567,"total_built_mass_tons":13568.342954594,"city_id":2122,"country_iso":"NGA"},{"h3index":"8758827a4ffffff","population_2015":4128.762727887,"total_built_mass_tons":965988.3648971266,"city_id":2122,"country_iso":"NGA"}]