[{"h3index":"8724d64c9ffffff","population_2015":13.2635320252,"total_built_mass_tons":10860.6311257401,"city_id":10111,"country_iso":"CHN"},{"h3index":"8724d6782ffffff","population_2015":1647.5620375848,"total_built_mass_tons":1286307.6463859309,"city_id":10111,"country_iso":"CHN"},{"h3index":"8724d6786ffffff","population_2015":1041.8062068088,"total_built_mass_tons":428351.4316061853,"city_id":10111,"country_iso":"CHN"},{"h3index":"8724d6790ffffff","population_2015":992.9039102124,"total_built_mass_tons":295887.152236501,"city_id":10111,"country_iso":"CHN"},{"h3index":"8724d6791ffffff","population_2015":2029.7204740599,"total_built_mass_tons":1421648.6583163361,"city_id":10111,"country_iso":"CHN"},{"h3index":"8724d6794ffffff","population_2015":1567.2888084879,"total_built_mass_tons":335701.738620355,"city_id":10111,"country_iso":"CHN"},{"h3index":"8724d6795ffffff","population_2015":13971.3481420854,"total_built_mass_tons":2710953.2527513984,"city_id":10111,"country_iso":"CHN"},{"h3index":"8724d679cffffff","population_2015":823.9721703398,"total_built_mass_tons":577715.9902597419,"city_id":10111,"country_iso":"CHN"},{"h3index":"8724d67b2ffffff","population_2015":2547.6303613064,"total_built_mass_tons":721195.4037283291,"city_id":10111,"country_iso":"CHN"},{"h3index":"8724d67b3ffffff","population_2015":3076.3170381359,"total_built_mass_tons":995085.555699164,"city_id":10111,"country_iso":"CHN"}]