[{"h3index":"87a810381ffffff","population_2015":0.9267351078,"total_built_mass_tons":5277.9060934075,"city_id":1309,"country_iso":"BRA"},{"h3index":"87a810383ffffff","population_2015":237.6442443851,"total_built_mass_tons":172566.7096172009,"city_id":1309,"country_iso":"BRA"},{"h3index":"87a81038affffff","population_2015":5648.7725615206,"total_built_mass_tons":867861.2536896229,"city_id":1309,"country_iso":"BRA"},{"h3index":"87a81038effffff","population_2015":33990.042328338,"total_built_mass_tons":1860610.6710719636,"city_id":1309,"country_iso":"BRA"},{"h3index":"87a81039dffffff","population_2015":11109.8490094085,"total_built_mass_tons":795506.6420087337,"city_id":1309,"country_iso":"BRA"}]