[{"h3index":"8740e0684ffffff","population_2015":5.700080937,"total_built_mass_tons":12847.2835708298,"city_id":10363,"country_iso":"CHN"},{"h3index":"8740e0690ffffff","population_2015":1963.5035563899,"total_built_mass_tons":291705.0846150478,"city_id":10363,"country_iso":"CHN"},{"h3index":"8740e0692ffffff","population_2015":2281.8790792671,"total_built_mass_tons":313875.4763931991,"city_id":10363,"country_iso":"CHN"},{"h3index":"8740e0694ffffff","population_2015":4856.1626387708,"total_built_mass_tons":950673.2697283512,"city_id":10363,"country_iso":"CHN"},{"h3index":"8740e0696ffffff","population_2015":15457.7574691249,"total_built_mass_tons":2810033.2943871762,"city_id":10363,"country_iso":"CHN"},{"h3index":"8740e06b0ffffff","population_2015":3246.7051783655,"total_built_mass_tons":1015457.6974291208,"city_id":10363,"country_iso":"CHN"},{"h3index":"8740e06b1ffffff","population_2015":592.6970140149,"total_built_mass_tons":564526.4699121707,"city_id":10363,"country_iso":"CHN"},{"h3index":"8740e06b2ffffff","population_2015":32953.2989833009,"total_built_mass_tons":5610151.2847931543,"city_id":10363,"country_iso":"CHN"},{"h3index":"8740e06b3ffffff","population_2015":205.2186127008,"total_built_mass_tons":83604.2573768164,"city_id":10363,"country_iso":"CHN"},{"h3index":"8740e06b6ffffff","population_2015":7320.7083717945,"total_built_mass_tons":673369.8869363919,"city_id":10363,"country_iso":"CHN"},{"h3index":"8740e2a64ffffff","population_2015":4.1602649689,"total_built_mass_tons":5562.2267418845,"city_id":10363,"country_iso":"CHN"},{"h3index":"8740e2a65ffffff","population_2015":479.5979532074,"total_built_mass_tons":205032.9001010873,"city_id":10363,"country_iso":"CHN"},{"h3index":"8740e2b49ffffff","population_2015":31904.9624225841,"total_built_mass_tons":3746562.1503721029,"city_id":10363,"country_iso":"CHN"},{"h3index":"8740e2b4bffffff","population_2015":36.5118092948,"total_built_mass_tons":23239.0068468471,"city_id":10363,"country_iso":"CHN"},{"h3index":"8740e2b4dffffff","population_2015":6578.8497123148,"total_built_mass_tons":708707.8702296839,"city_id":10363,"country_iso":"CHN"},{"h3index":"8740e2b6bffffff","population_2015":2.4082356546,"total_built_mass_tons":8317.0754008476,"city_id":10363,"country_iso":"CHN"}]