[{"h3index":"8724cd290ffffff","population_2015":246.0097081278,"total_built_mass_tons":66679.4581620267,"city_id":10307,"country_iso":"CHN"},{"h3index":"8724cd292ffffff","population_2015":14862.6909428597,"total_built_mass_tons":2190016.5011615311,"city_id":10307,"country_iso":"CHN"},{"h3index":"8724cd296ffffff","population_2015":2754.769650355,"total_built_mass_tons":857869.8292886703,"city_id":10307,"country_iso":"CHN"},{"h3index":"8724cd645ffffff","population_2015":933.589392202,"total_built_mass_tons":180726.428913458,"city_id":10307,"country_iso":"CHN"},{"h3index":"8724cd648ffffff","population_2015":169.8393158183,"total_built_mass_tons":39741.8896784562,"city_id":10307,"country_iso":"CHN"},{"h3index":"8724cd64cffffff","population_2015":4514.8028043784,"total_built_mass_tons":782500.2261089809,"city_id":10307,"country_iso":"CHN"},{"h3index":"8724cd661ffffff","population_2015":20907.8060571558,"total_built_mass_tons":3558078.4221677412,"city_id":10307,"country_iso":"CHN"},{"h3index":"8724cd663ffffff","population_2015":612.5158897026,"total_built_mass_tons":116641.355010315,"city_id":10307,"country_iso":"CHN"},{"h3index":"8724cd664ffffff","population_2015":1.6754592629,"total_built_mass_tons":5250.0900062681,"city_id":10307,"country_iso":"CHN"},{"h3index":"8724cd665ffffff","population_2015":2464.1676632154,"total_built_mass_tons":1775514.3199299511,"city_id":10307,"country_iso":"CHN"},{"h3index":"8724cd668ffffff","population_2015":533.92476153,"total_built_mass_tons":166178.1104338212,"city_id":10307,"country_iso":"CHN"},{"h3index":"8724cd669ffffff","population_2015":9.2865562037,"total_built_mass_tons":14241.7830004004,"city_id":10307,"country_iso":"CHN"},{"h3index":"8724cd66affffff","population_2015":16245.7831231136,"total_built_mass_tons":2773526.2056234116,"city_id":10307,"country_iso":"CHN"},{"h3index":"8724cd66bffffff","population_2015":404.6947409125,"total_built_mass_tons":69208.8722261148,"city_id":10307,"country_iso":"CHN"},{"h3index":"8724cd66cffffff","population_2015":3868.8682751712,"total_built_mass_tons":484775.903792532,"city_id":10307,"country_iso":"CHN"},{"h3index":"8724cd66effffff","population_2015":27286.0416944429,"total_built_mass_tons":3113628.3416553428,"city_id":10307,"country_iso":"CHN"},{"h3index":"8724cd74bffffff","population_2015":161.3111851608,"total_built_mass_tons":332583.7671161881,"city_id":10307,"country_iso":"CHN"}]