[{"h3index":"872a33a21ffffff","population_2015":82.0808080437,"total_built_mass_tons":123994.491831575,"city_id":1020,"country_iso":"USA"},{"h3index":"872a33a25ffffff","population_2015":811.1155641546,"total_built_mass_tons":385159.359587756,"city_id":1020,"country_iso":"USA"},{"h3index":"872a33a28ffffff","population_2015":2801.265202565,"total_built_mass_tons":1501647.605993916,"city_id":1020,"country_iso":"USA"},{"h3index":"872a33a29ffffff","population_2015":15651.6090042442,"total_built_mass_tons":4106105.0465696049,"city_id":1020,"country_iso":"USA"},{"h3index":"872a33a2bffffff","population_2015":444.263060035,"total_built_mass_tons":432555.9876069053,"city_id":1020,"country_iso":"USA"},{"h3index":"872a33a2cffffff","population_2015":4631.3456382415,"total_built_mass_tons":2070487.1162863621,"city_id":1020,"country_iso":"USA"},{"h3index":"872a33a2dffffff","population_2015":18150.1775968253,"total_built_mass_tons":4624151.1704223203,"city_id":1020,"country_iso":"USA"},{"h3index":"872a33a46ffffff","population_2015":8.6699315463,"total_built_mass_tons":37892.518373545,"city_id":1020,"country_iso":"USA"},{"h3index":"872a33a62ffffff","population_2015":0.4349835164,"total_built_mass_tons":54883.9524847133,"city_id":1020,"country_iso":"USA"},{"h3index":"872a33a70ffffff","population_2015":3078.4206647017,"total_built_mass_tons":2050916.7081004621,"city_id":1020,"country_iso":"USA"},{"h3index":"872a33a71ffffff","population_2015":446.3968409071,"total_built_mass_tons":407465.5670289652,"city_id":1020,"country_iso":"USA"},{"h3index":"872a33a72ffffff","population_2015":314.6895386705,"total_built_mass_tons":255992.1044686558,"city_id":1020,"country_iso":"USA"},{"h3index":"872a33a73ffffff","population_2015":77.1902926218,"total_built_mass_tons":237568.3263124764,"city_id":1020,"country_iso":"USA"},{"h3index":"872a33a74ffffff","population_2015":17390.6780760732,"total_built_mass_tons":4520351.4990697559,"city_id":1020,"country_iso":"USA"},{"h3index":"872a33a75ffffff","population_2015":4323.2269529287,"total_built_mass_tons":1457971.9187809522,"city_id":1020,"country_iso":"USA"},{"h3index":"872a33a76ffffff","population_2015":2503.5185992685,"total_built_mass_tons":1500266.7265977431,"city_id":1020,"country_iso":"USA"},{"h3index":"872a33b50ffffff","population_2015":536.2270483351,"total_built_mass_tons":392523.3503877479,"city_id":1020,"country_iso":"USA"},{"h3index":"872a33b51ffffff","population_2015":110.1443176799,"total_built_mass_tons":273818.5569331521,"city_id":1020,"country_iso":"USA"},{"h3index":"872a33b52ffffff","population_2015":4266.3080425576,"total_built_mass_tons":2223465.9160530982,"city_id":1020,"country_iso":"USA"},{"h3index":"872a33b53ffffff","population_2015":5936.1867095191,"total_built_mass_tons":2649259.2017643829,"city_id":1020,"country_iso":"USA"},{"h3index":"872a33b56ffffff","population_2015":19.2015358392,"total_built_mass_tons":18268.6162366882,"city_id":1020,"country_iso":"USA"},{"h3index":"872a33b58ffffff","population_2015":2381.1501741039,"total_built_mass_tons":2040895.8753575347,"city_id":1020,"country_iso":"USA"},{"h3index":"872a33b59ffffff","population_2015":667.1658436731,"total_built_mass_tons":566331.9071072995,"city_id":1020,"country_iso":"USA"},{"h3index":"872a33b5affffff","population_2015":4368.8035924678,"total_built_mass_tons":2503865.9418337196,"city_id":1020,"country_iso":"USA"},{"h3index":"872a33b5bffffff","population_2015":1335.7566834779,"total_built_mass_tons":720568.8141206598,"city_id":1020,"country_iso":"USA"},{"h3index":"872a33b5cffffff","population_2015":213.5361258637,"total_built_mass_tons":305327.3000073644,"city_id":1020,"country_iso":"USA"},{"h3index":"872a33b5dffffff","population_2015":393.97257427,"total_built_mass_tons":262669.4751023596,"city_id":1020,"country_iso":"USA"},{"h3index":"872a33b5effffff","population_2015":3349.0967207305,"total_built_mass_tons":1999864.7425592369,"city_id":1020,"country_iso":"USA"}]