[{"h3index": "872662c80ffffff", "population_2015": 431.7244265051741, "total_built_mass_tons": 3114813.295008224, "city_id": 550, "country_iso": "USA"}, {"h3index": "872662c81ffffff", "population_2015": 683.195298757156, "total_built_mass_tons": 602217.5251380003, "city_id": 550, "country_iso": "USA"}, {"h3index": "872662c82ffffff", "population_2015": 1354.3548620691777, "total_built_mass_tons": 3428256.5115543697, "city_id": 550, "country_iso": "USA"}, {"h3index": "872662c83ffffff", "population_2015": 372.8977117771903, "total_built_mass_tons": 796289.6531864412, "city_id": 550, "country_iso": "USA"}, {"h3index": "872662c84ffffff", "population_2015": 2109.50221170523, "total_built_mass_tons": 1308026.0538638865, "city_id": 550, "country_iso": "USA"}, {"h3index": "872662c85ffffff", "population_2015": 1026.6486117413815, "total_built_mass_tons": 1294180.0803052047, "city_id": 550, "country_iso": "USA"}, {"h3index": "872662c86ffffff", "population_2015": 5707.5536891703505, "total_built_mass_tons": 3945257.1103244033, "city_id": 550, "country_iso": "USA"}, {"h3index": "872662c90ffffff", "population_2015": 420.9100404982473, "total_built_mass_tons": 344263.46238393337, "city_id": 550, "country_iso": "USA"}, {"h3index": "872662c91ffffff", "population_2015": 3872.443071294532, "total_built_mass_tons": 2409035.7898613117, "city_id": 550, "country_iso": "USA"}, {"h3index": "872662c93ffffff", "population_2015": 210.0364922775942, "total_built_mass_tons": 102982.2472618636, "city_id": 550, "country_iso": "USA"}, {"h3index": "872662c94ffffff", "population_2015": 656.115416351896, "total_built_mass_tons": 444238.9548601627, "city_id": 550, "country_iso": "USA"}, {"h3index": "872662c95ffffff", "population_2015": 6997.090138649943, "total_built_mass_tons": 2546447.3312746603, "city_id": 550, "country_iso": "USA"}, {"h3index": "872662c9affffff", "population_2015": 15.806232623960456, "total_built_mass_tons": 87679.8973058754, "city_id": 550, "country_iso": "USA"}, {"h3index": "872662c9effffff", "population_2015": 994.8461565908264, "total_built_mass_tons": 1596313.7353119294, "city_id": 550, "country_iso": "USA"}, {"h3index": "872662ca0ffffff", "population_2015": 2.1037369810044764, "total_built_mass_tons": 120389.09080004008, "city_id": 550, "country_iso": "USA"}, {"h3index": "872662ca2ffffff", "population_2015": 3043.816344142485, "total_built_mass_tons": 1887927.593232941, "city_id": 550, "country_iso": "USA"}, {"h3index": "872662ca3ffffff", "population_2015": 188.88522422839617, "total_built_mass_tons": 636241.9785891243, "city_id": 550, "country_iso": "USA"}, {"h3index": "872662ca6ffffff", "population_2015": 605.9607495939615, "total_built_mass_tons": 425912.7514790258, "city_id": 550, "country_iso": "USA"}, {"h3index": "872662caaffffff", "population_2015": 1.6292928840599807, "total_built_mass_tons": 353903.46243262786, "city_id": 550, "country_iso": "USA"}, {"h3index": "872662caeffffff", "population_2015": 451.62951621985906, "total_built_mass_tons": 245665.55108761496, "city_id": 550, "country_iso": "USA"}, {"h3index": "872662cb0ffffff", "population_2015": 6507.824241236964, "total_built_mass_tons": 3285397.17152258, "city_id": 550, "country_iso": "USA"}, {"h3index": "872662cb1ffffff", "population_2015": 9603.992811873495, "total_built_mass_tons": 3878630.7199478946, "city_id": 550, "country_iso": "USA"}, {"h3index": "872662cb2ffffff", "population_2015": 2909.7683116393923, "total_built_mass_tons": 1282574.2865011108, "city_id": 550, "country_iso": "USA"}, {"h3index": "872662cb3ffffff", "population_2015": 5682.8979120598115, "total_built_mass_tons": 2262205.0521925096, "city_id": 550, "country_iso": "USA"}, {"h3index": "872662cb4ffffff", "population_2015": 4126.137328166122, "total_built_mass_tons": 3023388.1129520577, "city_id": 550, "country_iso": "USA"}, {"h3index": "872662cb5ffffff", "population_2015": 7028.119927249237, "total_built_mass_tons": 3107351.540558909, "city_id": 550, "country_iso": "USA"}, {"h3index": "872662cb6ffffff", "population_2015": 3241.2631919095325, "total_built_mass_tons": 2634538.670210345, "city_id": 550, "country_iso": "USA"}, {"h3index": "872662d93ffffff", "population_2015": 275.86857648511216, "total_built_mass_tons": 635994.0744181529, "city_id": 550, "country_iso": "USA"}, {"h3index": "872662d9affffff", "population_2015": 2972.985717140109, "total_built_mass_tons": 1676552.5190972032, "city_id": 550, "country_iso": "USA"}, {"h3index": "872662d9bffffff", "population_2015": 2479.2977861336635, "total_built_mass_tons": 1513371.042752503, "city_id": 550, "country_iso": "USA"}, {"h3index": "872662d9effffff", "population_2015": 526.6857114497354, "total_built_mass_tons": 551179.1668120718, "city_id": 550, "country_iso": "USA"}, {"h3index": "87267526dffffff", "population_2015": 1828.796008570755, "total_built_mass_tons": 1196502.005648375, "city_id": 550, "country_iso": "USA"}, {"h3index": "872675341ffffff", "population_2015": 19.34364260131238, "total_built_mass_tons": 13936.236057946388, "city_id": 550, "country_iso": "USA"}, {"h3index": "872675345ffffff", "population_2015": 1.0100545658784754, "total_built_mass_tons": 4272.396449748904, "city_id": 550, "country_iso": "USA"}, {"h3index": "87267534dffffff", "population_2015": 93.658255639906, "total_built_mass_tons": 68614.33442073797, "city_id": 550, "country_iso": "USA"}, {"h3index": "872675368ffffff", "population_2015": 1761.736235424091, "total_built_mass_tons": 1109119.0435994251, "city_id": 550, "country_iso": "USA"}, {"h3index": "872675369ffffff", "population_2015": 4168.922677483044, "total_built_mass_tons": 1947065.969264232, "city_id": 550, "country_iso": "USA"}, {"h3index": "87267536affffff", "population_2015": 1825.9335392141609, "total_built_mass_tons": 1197710.2915286445, "city_id": 550, "country_iso": "USA"}, {"h3index": "87267536bffffff", "population_2015": 1934.79912960991, "total_built_mass_tons": 799494.3654911581, "city_id": 550, "country_iso": "USA"}, {"h3index": "87267536dffffff", "population_2015": 1981.46979758272, "total_built_mass_tons": 2629096.868130031, "city_id": 550, "country_iso": "USA"}, {"h3index": "87267536effffff", "population_2015": 34.50674057136125, "total_built_mass_tons": 185963.88108921333, "city_id": 550, "country_iso": "USA"}]