[{"h3index": "873825868ffffff", "population_2015": 911.1736960429772, "total_built_mass_tons": 193880.0757589342, "city_id": 1846, "country_iso": "ESP"}, {"h3index": "873825869ffffff", "population_2015": 11434.270763185912, "total_built_mass_tons": 3070251.1572855245, "city_id": 1846, "country_iso": "ESP"}, {"h3index": "87382586bffffff", "population_2015": 365.6481634887994, "total_built_mass_tons": 82523.46311554727, "city_id": 1846, "country_iso": "ESP"}, {"h3index": "87382586cffffff", "population_2015": 188.94709923314116, "total_built_mass_tons": 92318.04002637038, "city_id": 1846, "country_iso": "ESP"}, {"h3index": "87382586dffffff", "population_2015": 20591.371047408906, "total_built_mass_tons": 3272328.2500206064, "city_id": 1846, "country_iso": "ESP"}, {"h3index": "873825b04ffffff", "population_2015": 1413.782414334428, "total_built_mass_tons": 460899.8801276381, "city_id": 1846, "country_iso": "ESP"}, {"h3index": "873825b05ffffff", "population_2015": 485.1618046966254, "total_built_mass_tons": 147263.0822627244, "city_id": 1846, "country_iso": "ESP"}, {"h3index": "873825b20ffffff", "population_2015": 25791.518328101964, "total_built_mass_tons": 5599100.650860934, "city_id": 1846, "country_iso": "ESP"}, {"h3index": "873825b21ffffff", "population_2015": 3147.6325870803753, "total_built_mass_tons": 1186343.344096268, "city_id": 1846, "country_iso": "ESP"}, {"h3index": "873825b22ffffff", "population_2015": 11510.573450196956, "total_built_mass_tons": 3125414.1619606996, "city_id": 1846, "country_iso": "ESP"}, {"h3index": "873825b23ffffff", "population_2015": 2699.6990922647356, "total_built_mass_tons": 1091837.974935585, "city_id": 1846, "country_iso": "ESP"}, {"h3index": "873825b24ffffff", "population_2015": 22679.627583028756, "total_built_mass_tons": 4667431.39392948, "city_id": 1846, "country_iso": "ESP"}, {"h3index": "873825b25ffffff", "population_2015": 5638.321006087697, "total_built_mass_tons": 1777244.6448595866, "city_id": 1846, "country_iso": "ESP"}, {"h3index": "873825b26ffffff", "population_2015": 22440.871140373452, "total_built_mass_tons": 4699765.984207831, "city_id": 1846, "country_iso": "ESP"}, {"h3index": "873825b2cffffff", "population_2015": 187.90987524238284, "total_built_mass_tons": 102013.75779142004, "city_id": 1846, "country_iso": "ESP"}, {"h3index": "873825b2effffff", "population_2015": 3627.054720783234, "total_built_mass_tons": 1067162.7092911282, "city_id": 1846, "country_iso": "ESP"}, {"h3index": "873825b30ffffff", "population_2015": 8590.965734791287, "total_built_mass_tons": 2334716.804355625, "city_id": 1846, "country_iso": "ESP"}, {"h3index": "873825b31ffffff", "population_2015": 4525.656262766145, "total_built_mass_tons": 1499455.6259646048, "city_id": 1846, "country_iso": "ESP"}, {"h3index": "873825b33ffffff", "population_2015": 129.86825105068732, "total_built_mass_tons": 60785.51935055158, "city_id": 1846, "country_iso": "ESP"}, {"h3index": "873825b34ffffff", "population_2015": 5829.667784875047, "total_built_mass_tons": 1638843.3071845584, "city_id": 1846, "country_iso": "ESP"}, {"h3index": "873825b35ffffff", "population_2015": 3994.114842012817, "total_built_mass_tons": 1168354.6704629294, "city_id": 1846, "country_iso": "ESP"}, {"h3index": "873825b36ffffff", "population_2015": 4162.613141340366, "total_built_mass_tons": 1336587.1555691282, "city_id": 1846, "country_iso": "ESP"}, {"h3index": "873956483ffffff", "population_2015": 2015.004916702533, "total_built_mass_tons": 644684.3420956765, "city_id": 1846, "country_iso": "ESP"}, {"h3index": "873956488ffffff", "population_2015": 1359.975912038018, "total_built_mass_tons": 498997.3845479718, "city_id": 1846, "country_iso": "ESP"}, {"h3index": "873956489ffffff", "population_2015": 11.110335124707689, "total_built_mass_tons": 13158.464414467237, "city_id": 1846, "country_iso": "ESP"}, {"h3index": "87395648affffff", "population_2015": 11239.396783415476, "total_built_mass_tons": 2208358.4044358768, "city_id": 1846, "country_iso": "ESP"}, {"h3index": "87395648bffffff", "population_2015": 6512.376139038682, "total_built_mass_tons": 1633143.09597567, "city_id": 1846, "country_iso": "ESP"}, {"h3index": "87395648effffff", "population_2015": 2528.0354879940255, "total_built_mass_tons": 795955.2712830928, "city_id": 1846, "country_iso": "ESP"}, {"h3index": "873956493ffffff", "population_2015": 69.28774292889763, "total_built_mass_tons": 45191.2619592124, "city_id": 1846, "country_iso": "ESP"}, {"h3index": "873956498ffffff", "population_2015": 6259.724203207912, "total_built_mass_tons": 1670059.5606694326, "city_id": 1846, "country_iso": "ESP"}, {"h3index": "873956499ffffff", "population_2015": 11180.977186184304, "total_built_mass_tons": 2355989.6602523504, "city_id": 1846, "country_iso": "ESP"}, {"h3index": "87395649affffff", "population_2015": 3730.685718562556, "total_built_mass_tons": 931780.529210768, "city_id": 1846, "country_iso": "ESP"}, {"h3index": "87395649bffffff", "population_2015": 2391.4310629900765, "total_built_mass_tons": 698236.6679858024, "city_id": 1846, "country_iso": "ESP"}, {"h3index": "87395649dffffff", "population_2015": 9192.20405215656, "total_built_mass_tons": 1784223.6095077416, "city_id": 1846, "country_iso": "ESP"}, {"h3index": "87395649effffff", "population_2015": 1829.16293592079, "total_built_mass_tons": 523703.4591622047, "city_id": 1846, "country_iso": "ESP"}, {"h3index": "8739564c2ffffff", "population_2015": 120.38454485687556, "total_built_mass_tons": 101796.03484476308, "city_id": 1846, "country_iso": "ESP"}, {"h3index": "8739564c3ffffff", "population_2015": 86.18940492704802, "total_built_mass_tons": 54185.07772314189, "city_id": 1846, "country_iso": "ESP"}, {"h3index": "8739564d0ffffff", "population_2015": 798.4269938431535, "total_built_mass_tons": 553868.9957310495, "city_id": 1846, "country_iso": "ESP"}, {"h3index": "8739564d1ffffff", "population_2015": 2097.783688576549, "total_built_mass_tons": 707090.0918497932, "city_id": 1846, "country_iso": "ESP"}, {"h3index": "8739564d2ffffff", "population_2015": 2005.9105157029392, "total_built_mass_tons": 936277.9438563946, "city_id": 1846, "country_iso": "ESP"}, {"h3index": "8739564d3ffffff", "population_2015": 342.7476985594805, "total_built_mass_tons": 229528.89084057647, "city_id": 1846, "country_iso": "ESP"}, {"h3index": "8739564d4ffffff", "population_2015": 3145.2064074628483, "total_built_mass_tons": 1140468.335817611, "city_id": 1846, "country_iso": "ESP"}, {"h3index": "8739564d5ffffff", "population_2015": 1.418391466140747, "total_built_mass_tons": 3738.272023373247, "city_id": 1846, "country_iso": "ESP"}, {"h3index": "8739564d6ffffff", "population_2015": 1925.0614834593791, "total_built_mass_tons": 864289.2774663977, "city_id": 1846, "country_iso": "ESP"}, {"h3index": "8739564d8ffffff", "population_2015": 3.9287766886692426, "total_built_mass_tons": 7516.969505705663, "city_id": 1846, "country_iso": "ESP"}, {"h3index": "8739564dcffffff", "population_2015": 2008.2380713939667, "total_built_mass_tons": 989821.7139184324, "city_id": 1846, "country_iso": "ESP"}, {"h3index": "8739564ddffffff", "population_2015": 2598.305906017154, "total_built_mass_tons": 465909.2364944428, "city_id": 1846, "country_iso": "ESP"}]