[{"h3index": "8730a4018ffffff", "population_2015": 247.6367464252546, "total_built_mass_tons": 191234.9918104786, "city_id": 11335, "country_iso": "CHN"}, {"h3index": "8730a4019ffffff", "population_2015": 804.5167156350379, "total_built_mass_tons": 433501.4407427991, "city_id": 11335, "country_iso": "CHN"}, {"h3index": "8730a401affffff", "population_2015": 977.866755840825, "total_built_mass_tons": 608773.9753746975, "city_id": 11335, "country_iso": "CHN"}, {"h3index": "8730a401bffffff", "population_2015": 618.2183317203148, "total_built_mass_tons": 428747.9963783476, "city_id": 11335, "country_iso": "CHN"}, {"h3index": "8730a401effffff", "population_2015": 123.93339084924436, "total_built_mass_tons": 60454.24909545216, "city_id": 11335, "country_iso": "CHN"}, {"h3index": "8730a4080ffffff", "population_2015": 19670.92506598024, "total_built_mass_tons": 3423352.494916656, "city_id": 11335, "country_iso": "CHN"}, {"h3index": "8730a4081ffffff", "population_2015": 36362.373856697835, "total_built_mass_tons": 5649204.251164655, "city_id": 11335, "country_iso": "CHN"}, {"h3index": "8730a4082ffffff", "population_2015": 1587.4639251353694, "total_built_mass_tons": 721358.8720711269, "city_id": 11335, "country_iso": "CHN"}, {"h3index": "8730a4083ffffff", "population_2015": 13793.860816377752, "total_built_mass_tons": 4022180.2324084872, "city_id": 11335, "country_iso": "CHN"}, {"h3index": "8730a4084ffffff", "population_2015": 6934.5441481515445, "total_built_mass_tons": 2790647.9229950886, "city_id": 11335, "country_iso": "CHN"}, {"h3index": "8730a4085ffffff", "population_2015": 18120.75500238829, "total_built_mass_tons": 2680589.0450212867, "city_id": 11335, "country_iso": "CHN"}, {"h3index": "8730a4086ffffff", "population_2015": 1026.711219753004, "total_built_mass_tons": 1094173.281279195, "city_id": 11335, "country_iso": "CHN"}, {"h3index": "8730a4088ffffff", "population_2015": 1068.718224829786, "total_built_mass_tons": 763798.9309078937, "city_id": 11335, "country_iso": "CHN"}, {"h3index": "8730a408cffffff", "population_2015": 23054.466470972693, "total_built_mass_tons": 6250062.740059162, "city_id": 11335, "country_iso": "CHN"}, {"h3index": "8730a408dffffff", "population_2015": 1471.1458037231478, "total_built_mass_tons": 854323.0826688656, "city_id": 11335, "country_iso": "CHN"}, {"h3index": "8730a408effffff", "population_2015": 15559.455555605424, "total_built_mass_tons": 3916390.698964799, "city_id": 11335, "country_iso": "CHN"}, {"h3index": "8730a4095ffffff", "population_2015": 7.674068649142397, "total_built_mass_tons": 13853.234824700532, "city_id": 11335, "country_iso": "CHN"}, {"h3index": "8730a409cffffff", "population_2015": 175.69148895179526, "total_built_mass_tons": 248158.70226677947, "city_id": 11335, "country_iso": "CHN"}, {"h3index": "8730a409dffffff", "population_2015": 1013.480619001856, "total_built_mass_tons": 634679.2043854449, "city_id": 11335, "country_iso": "CHN"}, {"h3index": "8730a40a2ffffff", "population_2015": 759.6968486122057, "total_built_mass_tons": 828320.5935647379, "city_id": 11335, "country_iso": "CHN"}, {"h3index": "8730a40a3ffffff", "population_2015": 1923.6395392198192, "total_built_mass_tons": 2164698.04401881, "city_id": 11335, "country_iso": "CHN"}, {"h3index": "8730a40a8ffffff", "population_2015": 6265.810648711523, "total_built_mass_tons": 3022883.101521239, "city_id": 11335, "country_iso": "CHN"}, {"h3index": "8730a40a9ffffff", "population_2015": 2241.300685615166, "total_built_mass_tons": 1782332.686461151, "city_id": 11335, "country_iso": "CHN"}, {"h3index": "8730a40aaffffff", "population_2015": 23495.11289127761, "total_built_mass_tons": 5410069.375795156, "city_id": 11335, "country_iso": "CHN"}, {"h3index": "8730a40abffffff", "population_2015": 8669.036793087978, "total_built_mass_tons": 2532368.1869740747, "city_id": 11335, "country_iso": "CHN"}, {"h3index": "8730a40acffffff", "population_2015": 573.8261481303794, "total_built_mass_tons": 560636.6844741106, "city_id": 11335, "country_iso": "CHN"}, {"h3index": "8730a40adffffff", "population_2015": 2542.535851113469, "total_built_mass_tons": 1626541.0066592828, "city_id": 11335, "country_iso": "CHN"}, {"h3index": "8730a40aeffffff", "population_2015": 3185.3788983700315, "total_built_mass_tons": 2599826.4793206514, "city_id": 11335, "country_iso": "CHN"}, {"h3index": "8730a40b1ffffff", "population_2015": 53.51208593144136, "total_built_mass_tons": 72911.47837969461, "city_id": 11335, "country_iso": "CHN"}, {"h3index": "8730a40b3ffffff", "population_2015": 7.786053348990048, "total_built_mass_tons": 13360.707308100033, "city_id": 11335, "country_iso": "CHN"}, {"h3index": "8730a40e6ffffff", "population_2015": 407.26796782717986, "total_built_mass_tons": 449832.24170022295, "city_id": 11335, "country_iso": "CHN"}, {"h3index": "8730a40f0ffffff", "population_2015": 629.5475797391405, "total_built_mass_tons": 241100.46885420987, "city_id": 11335, "country_iso": "CHN"}, {"h3index": "8730a40f4ffffff", "population_2015": 5704.108261598326, "total_built_mass_tons": 1026671.6483317696, "city_id": 11335, "country_iso": "CHN"}, {"h3index": "8730a40f5ffffff", "population_2015": 1946.202093607772, "total_built_mass_tons": 1159621.892576312, "city_id": 11335, "country_iso": "CHN"}, {"h3index": "8730a40f6ffffff", "population_2015": 240.6871405442556, "total_built_mass_tons": 220992.11476048164, "city_id": 11335, "country_iso": "CHN"}]