[{"h3index":"8714a6270ffffff","population_2015":6789.51866623,"total_built_mass_tons":2381375.4689375302,"city_id":10324,"country_iso":"CHN"},{"h3index":"8714a6272ffffff","population_2015":1765.3823215803,"total_built_mass_tons":843228.3328175804,"city_id":10324,"country_iso":"CHN"},{"h3index":"8714a6273ffffff","population_2015":42.9122159154,"total_built_mass_tons":36754.1140774438,"city_id":10324,"country_iso":"CHN"},{"h3index":"8714a6274ffffff","population_2015":11195.0722523671,"total_built_mass_tons":2892687.2799636563,"city_id":10324,"country_iso":"CHN"},{"h3index":"8714a6275ffffff","population_2015":752.8089569335,"total_built_mass_tons":251407.5053079256,"city_id":10324,"country_iso":"CHN"},{"h3index":"8714a6276ffffff","population_2015":2336.6381744263,"total_built_mass_tons":1099636.0578926178,"city_id":10324,"country_iso":"CHN"},{"h3index":"8714a635affffff","population_2015":491.2010304189,"total_built_mass_tons":293708.3890875074,"city_id":10324,"country_iso":"CHN"},{"h3index":"8714a635bffffff","population_2015":36.4016054219,"total_built_mass_tons":21048.3383893135,"city_id":10324,"country_iso":"CHN"}]