[{"h3index": "871e18328ffffff", "population_2015": 2360.0903390790904, "total_built_mass_tons": 726159.3074834273, "city_id": 3230, "country_iso": "SRB"}, {"h3index": "871e18329ffffff", "population_2015": 5871.638386171941, "total_built_mass_tons": 1939146.0750079951, "city_id": 3230, "country_iso": "SRB"}, {"h3index": "871e1832bffffff", "population_2015": 206.12843057782044, "total_built_mass_tons": 93402.65330897125, "city_id": 3230, "country_iso": "SRB"}, {"h3index": "871e1832cffffff", "population_2015": 2842.14104458491, "total_built_mass_tons": 872916.4116848354, "city_id": 3230, "country_iso": "SRB"}, {"h3index": "871e1832dffffff", "population_2015": 22578.168811136133, "total_built_mass_tons": 5499462.369598965, "city_id": 3230, "country_iso": "SRB"}, {"h3index": "871e18376ffffff", "population_2015": 1215.8573298173792, "total_built_mass_tons": 587467.5420632603, "city_id": 3230, "country_iso": "SRB"}, {"h3index": "871e18ad1ffffff", "population_2015": 30.25942788965562, "total_built_mass_tons": 31234.407535306793, "city_id": 3230, "country_iso": "SRB"}, {"h3index": "871e18ad2ffffff", "population_2015": 533.2475961816077, "total_built_mass_tons": 289549.34414020064, "city_id": 3230, "country_iso": "SRB"}, {"h3index": "871e18ad3ffffff", "population_2015": 4581.388929352106, "total_built_mass_tons": 1934916.4015798755, "city_id": 3230, "country_iso": "SRB"}, {"h3index": "871e18adaffffff", "population_2015": 7704.675987714878, "total_built_mass_tons": 2134521.294755662, "city_id": 3230, "country_iso": "SRB"}, {"h3index": "871e18adeffffff", "population_2015": 6190.703493899925, "total_built_mass_tons": 1823634.1628509243, "city_id": 3230, "country_iso": "SRB"}]