[{"h3index": "871f00600ffffff", "population_2015": 1949.7065017008313, "total_built_mass_tons": 921383.5798116678, "city_id": 2753, "country_iso": "DEU"}, {"h3index": "871f00601ffffff", "population_2015": 1188.5255002003094, "total_built_mass_tons": 1187092.2712313794, "city_id": 2753, "country_iso": "DEU"}, {"h3index": "871f00602ffffff", "population_2015": 2585.9925547094895, "total_built_mass_tons": 1283018.4944447903, "city_id": 2753, "country_iso": "DEU"}, {"h3index": "871f00603ffffff", "population_2015": 6106.001095296823, "total_built_mass_tons": 2439801.899943502, "city_id": 2753, "country_iso": "DEU"}, {"h3index": "871f00604ffffff", "population_2015": 7375.061958715029, "total_built_mass_tons": 4501504.654727184, "city_id": 2753, "country_iso": "DEU"}, {"h3index": "871f00605ffffff", "population_2015": 1689.7676934111353, "total_built_mass_tons": 1060810.2653009149, "city_id": 2753, "country_iso": "DEU"}, {"h3index": "871f00606ffffff", "population_2015": 1654.9969232577905, "total_built_mass_tons": 842969.8752025024, "city_id": 2753, "country_iso": "DEU"}, {"h3index": "871f0060effffff", "population_2015": 52.446207869286624, "total_built_mass_tons": 37939.180782023286, "city_id": 2753, "country_iso": "DEU"}, {"h3index": "871f00610ffffff", "population_2015": 3064.4437542709647, "total_built_mass_tons": 1079341.3396149075, "city_id": 2753, "country_iso": "DEU"}, {"h3index": "871f00611ffffff", "population_2015": 9310.683442714168, "total_built_mass_tons": 4655366.831615237, "city_id": 2753, "country_iso": "DEU"}, {"h3index": "871f00613ffffff", "population_2015": 1152.850036445319, "total_built_mass_tons": 496532.8756243039, "city_id": 2753, "country_iso": "DEU"}, {"h3index": "871f00614ffffff", "population_2015": 798.546791675044, "total_built_mass_tons": 424890.1792239371, "city_id": 2753, "country_iso": "DEU"}, {"h3index": "871f00615ffffff", "population_2015": 7962.238895195603, "total_built_mass_tons": 3119257.351926168, "city_id": 2753, "country_iso": "DEU"}, {"h3index": "871f00618ffffff", "population_2015": 1205.3750975608828, "total_built_mass_tons": 535100.5505983166, "city_id": 2753, "country_iso": "DEU"}, {"h3index": "871f0061affffff", "population_2015": 663.9574346243164, "total_built_mass_tons": 274125.35636841797, "city_id": 2753, "country_iso": "DEU"}, {"h3index": "871f0061cffffff", "population_2015": 5984.816081809998, "total_built_mass_tons": 3805380.986091619, "city_id": 2753, "country_iso": "DEU"}, {"h3index": "871f0061dffffff", "population_2015": 2695.333959325154, "total_built_mass_tons": 1170868.8703390043, "city_id": 2753, "country_iso": "DEU"}, {"h3index": "871f0061effffff", "population_2015": 9636.617065485783, "total_built_mass_tons": 3618722.905736742, "city_id": 2753, "country_iso": "DEU"}, {"h3index": "871f00620ffffff", "population_2015": 1439.883446038003, "total_built_mass_tons": 910601.8388511773, "city_id": 2753, "country_iso": "DEU"}, {"h3index": "871f00622ffffff", "population_2015": 3676.3029203265314, "total_built_mass_tons": 3326890.352912965, "city_id": 2753, "country_iso": "DEU"}, {"h3index": "871f00623ffffff", "population_2015": 817.163604586732, "total_built_mass_tons": 774208.0557159428, "city_id": 2753, "country_iso": "DEU"}, {"h3index": "871f00624ffffff", "population_2015": 92.23878876742194, "total_built_mass_tons": 108471.9411909502, "city_id": 2753, "country_iso": "DEU"}, {"h3index": "871f00626ffffff", "population_2015": 6119.8845480572945, "total_built_mass_tons": 2857555.1110733007, "city_id": 2753, "country_iso": "DEU"}, {"h3index": "871f00630ffffff", "population_2015": 5081.937013382069, "total_built_mass_tons": 2113772.3364736056, "city_id": 2753, "country_iso": "DEU"}, {"h3index": "871f00631ffffff", "population_2015": 4207.575788731668, "total_built_mass_tons": 2069684.997515647, "city_id": 2753, "country_iso": "DEU"}, {"h3index": "871f00632ffffff", "population_2015": 157.14073783276126, "total_built_mass_tons": 85853.69574065442, "city_id": 2753, "country_iso": "DEU"}, {"h3index": "871f00633ffffff", "population_2015": 6987.732876815046, "total_built_mass_tons": 3011070.622238463, "city_id": 2753, "country_iso": "DEU"}, {"h3index": "871f00635ffffff", "population_2015": 5206.387260073307, "total_built_mass_tons": 2087695.635302472, "city_id": 2753, "country_iso": "DEU"}, {"h3index": "871f006adffffff", "population_2015": 974.957658520867, "total_built_mass_tons": 329486.90775564284, "city_id": 2753, "country_iso": "DEU"}]