[{"h3index":"876550980ffffff","population_2015":103.3644608049,"total_built_mass_tons":88147.8048648861,"city_id":10411,"country_iso":"IDN"},{"h3index":"876550984ffffff","population_2015":3605.7117973636,"total_built_mass_tons":1445648.2087040003,"city_id":10411,"country_iso":"IDN"},{"h3index":"876550986ffffff","population_2015":2727.7893675243,"total_built_mass_tons":1020750.594307163,"city_id":10411,"country_iso":"IDN"},{"h3index":"8765509a2ffffff","population_2015":248.9160434442,"total_built_mass_tons":134273.1040483922,"city_id":10411,"country_iso":"IDN"},{"h3index":"8765509b0ffffff","population_2015":53.3617260503,"total_built_mass_tons":16702.4968333088,"city_id":10411,"country_iso":"IDN"},{"h3index":"8765509b1ffffff","population_2015":2014.6783757116,"total_built_mass_tons":918018.7985689543,"city_id":10411,"country_iso":"IDN"},{"h3index":"8765509b5ffffff","population_2015":18.0218013876,"total_built_mass_tons":9579.2661098736,"city_id":10411,"country_iso":"IDN"}]