[{"h3index":"8740e2880ffffff","population_2015":45.7310390173,"total_built_mass_tons":10894.3995663266,"city_id":10402,"country_iso":"CHN"},{"h3index":"8740e2884ffffff","population_2015":22563.9026663219,"total_built_mass_tons":3034525.3971653916,"city_id":10402,"country_iso":"CHN"},{"h3index":"8740e2885ffffff","population_2015":1.8486053654,"total_built_mass_tons":1382.3393011539,"city_id":10402,"country_iso":"CHN"},{"h3index":"8740e2886ffffff","population_2015":160.1615999858,"total_built_mass_tons":29082.0351965447,"city_id":10402,"country_iso":"CHN"},{"h3index":"8740e28a2ffffff","population_2015":18096.4010140438,"total_built_mass_tons":2426250.0684232679,"city_id":10402,"country_iso":"CHN"},{"h3index":"8740e28a3ffffff","population_2015":2763.7180306304,"total_built_mass_tons":926026.8553314932,"city_id":10402,"country_iso":"CHN"},{"h3index":"8740e28a6ffffff","population_2015":352.0242876502,"total_built_mass_tons":117482.4626792909,"city_id":10402,"country_iso":"CHN"},{"h3index":"8740e28b0ffffff","population_2015":2.547899336,"total_built_mass_tons":860.5949563703,"city_id":10402,"country_iso":"CHN"},{"h3index":"8740e28b1ffffff","population_2015":860.4127932829,"total_built_mass_tons":311541.6479974987,"city_id":10402,"country_iso":"CHN"},{"h3index":"8740e28b4ffffff","population_2015":3186.8337395275,"total_built_mass_tons":956960.2522050946,"city_id":10402,"country_iso":"CHN"},{"h3index":"8740e28b5ffffff","population_2015":12360.0118087021,"total_built_mass_tons":2108608.594654643,"city_id":10402,"country_iso":"CHN"},{"h3index":"8740e28b6ffffff","population_2015":0.8772990058,"total_built_mass_tons":672.244588266,"city_id":10402,"country_iso":"CHN"},{"h3index":"8740e299bffffff","population_2015":352.2486749163,"total_built_mass_tons":125638.1368390458,"city_id":10402,"country_iso":"CHN"}]