[{"h3index":"8740f2086ffffff","population_2015":155.313653254,"total_built_mass_tons":188405.3358495209,"city_id":10405,"country_iso":"CHN"},{"h3index":"8740f2094ffffff","population_2015":20425.4515525874,"total_built_mass_tons":4539358.5786102917,"city_id":10405,"country_iso":"CHN"},{"h3index":"8740f2095ffffff","population_2015":16551.8696164846,"total_built_mass_tons":3662231.1204393031,"city_id":10405,"country_iso":"CHN"},{"h3index":"8740f20b1ffffff","population_2015":151.9591082956,"total_built_mass_tons":99519.6753897727,"city_id":10405,"country_iso":"CHN"},{"h3index":"8740f20b2ffffff","population_2015":81.6365337821,"total_built_mass_tons":43588.9710333851,"city_id":10405,"country_iso":"CHN"},{"h3index":"8740f20b3ffffff","population_2015":2595.2932823695,"total_built_mass_tons":1076523.5842910814,"city_id":10405,"country_iso":"CHN"}]