[{"h3index": "872d51025ffffff", "population_2015": 119.20218565884755, "total_built_mass_tons": 60348.40463086741, "city_id": 4536, "country_iso": "RUS"}, {"h3index": "872d5102cffffff", "population_2015": 1600.787049809624, "total_built_mass_tons": 563080.2193196468, "city_id": 4536, "country_iso": "RUS"}, {"h3index": "872d51060ffffff", "population_2015": 56.27279624938964, "total_built_mass_tons": 4226.490635000795, "city_id": 4536, "country_iso": "RUS"}, {"h3index": "872d51064ffffff", "population_2015": 3785.215805741853, "total_built_mass_tons": 1209281.48491331, "city_id": 4536, "country_iso": "RUS"}, {"h3index": "872d51065ffffff", "population_2015": 11.38659023584104, "total_built_mass_tons": 5194.946602854279, "city_id": 4536, "country_iso": "RUS"}, {"h3index": "872d51066ffffff", "population_2015": 5306.508910728904, "total_built_mass_tons": 1297855.3368655362, "city_id": 4536, "country_iso": "RUS"}, {"h3index": "872d51075ffffff", "population_2015": 185.56540362601183, "total_built_mass_tons": 115424.68449135992, "city_id": 4536, "country_iso": "RUS"}, {"h3index": "872d51140ffffff", "population_2015": 9872.571417621535, "total_built_mass_tons": 2108385.219233246, "city_id": 4536, "country_iso": "RUS"}, {"h3index": "872d51141ffffff", "population_2015": 6268.893945733238, "total_built_mass_tons": 2042001.7332644316, "city_id": 4536, "country_iso": "RUS"}, {"h3index": "872d51142ffffff", "population_2015": 6198.997232844781, "total_built_mass_tons": 1211976.521401668, "city_id": 4536, "country_iso": "RUS"}, {"h3index": "872d51143ffffff", "population_2015": 15540.69055851581, "total_built_mass_tons": 3707702.459280325, "city_id": 4536, "country_iso": "RUS"}, {"h3index": "872d51146ffffff", "population_2015": 6531.562506165225, "total_built_mass_tons": 1659453.5983016554, "city_id": 4536, "country_iso": "RUS"}, {"h3index": "872d51149ffffff", "population_2015": 1116.125195262011, "total_built_mass_tons": 658907.1775241843, "city_id": 4536, "country_iso": "RUS"}, {"h3index": "872d5114affffff", "population_2015": 9694.217400707916, "total_built_mass_tons": 2946887.269182492, "city_id": 4536, "country_iso": "RUS"}, {"h3index": "872d5114bffffff", "population_2015": 198.8772393058328, "total_built_mass_tons": 82726.46326489747, "city_id": 4536, "country_iso": "RUS"}, {"h3index": "872d5114cffffff", "population_2015": 3681.311906909008, "total_built_mass_tons": 1354688.946935595, "city_id": 4536, "country_iso": "RUS"}, {"h3index": "872d5114dffffff", "population_2015": 2914.996182530533, "total_built_mass_tons": 2607891.267838263, "city_id": 4536, "country_iso": "RUS"}, {"h3index": "872d5114effffff", "population_2015": 1028.2111514404708, "total_built_mass_tons": 357531.935430603, "city_id": 4536, "country_iso": "RUS"}, {"h3index": "872d51150ffffff", "population_2015": 17738.86068674349, "total_built_mass_tons": 5581548.962037757, "city_id": 4536, "country_iso": "RUS"}, {"h3index": "872d51151ffffff", "population_2015": 16158.917506270314, "total_built_mass_tons": 4123331.691655575, "city_id": 4536, "country_iso": "RUS"}, {"h3index": "872d51152ffffff", "population_2015": 9728.51523344002, "total_built_mass_tons": 3788910.834521338, "city_id": 4536, "country_iso": "RUS"}, {"h3index": "872d51153ffffff", "population_2015": 1387.2689538544305, "total_built_mass_tons": 610586.6125975768, "city_id": 4536, "country_iso": "RUS"}, {"h3index": "872d51154ffffff", "population_2015": 417.29580330942184, "total_built_mass_tons": 214989.10404586844, "city_id": 4536, "country_iso": "RUS"}, {"h3index": "872d51155ffffff", "population_2015": 2747.618950079002, "total_built_mass_tons": 673535.7729150809, "city_id": 4536, "country_iso": "RUS"}, {"h3index": "872d51156ffffff", "population_2015": 1451.0356956192095, "total_built_mass_tons": 646527.3708101646, "city_id": 4536, "country_iso": "RUS"}, {"h3index": "872d51158ffffff", "population_2015": 20826.116495068876, "total_built_mass_tons": 6142007.3870499, "city_id": 4536, "country_iso": "RUS"}, {"h3index": "872d51159ffffff", "population_2015": 21499.105423527137, "total_built_mass_tons": 4238179.228593474, "city_id": 4536, "country_iso": "RUS"}, {"h3index": "872d5115affffff", "population_2015": 2175.9073020822857, "total_built_mass_tons": 504124.3665707539, "city_id": 4536, "country_iso": "RUS"}, {"h3index": "872d5115bffffff", "population_2015": 7753.729078105854, "total_built_mass_tons": 2325028.4710417595, "city_id": 4536, "country_iso": "RUS"}, {"h3index": "872d5115cffffff", "population_2015": 24557.783021380852, "total_built_mass_tons": 5139155.396978116, "city_id": 4536, "country_iso": "RUS"}, {"h3index": "872d5115dffffff", "population_2015": 17735.925887384597, "total_built_mass_tons": 3746287.9379309374, "city_id": 4536, "country_iso": "RUS"}, {"h3index": "872d5115effffff", "population_2015": 11354.18606755873, "total_built_mass_tons": 3080894.5813835645, "city_id": 4536, "country_iso": "RUS"}, {"h3index": "872d5116affffff", "population_2015": 293.24675348599743, "total_built_mass_tons": 163167.88128513822, "city_id": 4536, "country_iso": "RUS"}, {"h3index": "872d5116bffffff", "population_2015": 597.834486655628, "total_built_mass_tons": 441615.13891585014, "city_id": 4536, "country_iso": "RUS"}, {"h3index": "872d51a82ffffff", "population_2015": 254.70714978049784, "total_built_mass_tons": 156959.75407091982, "city_id": 4536, "country_iso": "RUS"}, {"h3index": "872d51a90ffffff", "population_2015": 346.6374272860732, "total_built_mass_tons": 367533.4910735343, "city_id": 4536, "country_iso": "RUS"}, {"h3index": "872d51a91ffffff", "population_2015": 535.4325150424357, "total_built_mass_tons": 522168.6626722026, "city_id": 4536, "country_iso": "RUS"}, {"h3index": "872d51a94ffffff", "population_2015": 6359.208339131115, "total_built_mass_tons": 3370537.7717944477, "city_id": 4536, "country_iso": "RUS"}, {"h3index": "872d51a95ffffff", "population_2015": 2935.114691955436, "total_built_mass_tons": 1989030.5406661064, "city_id": 4536, "country_iso": "RUS"}, {"h3index": "872d51a96ffffff", "population_2015": 73.7031311446545, "total_built_mass_tons": 56194.23374906706, "city_id": 4536, "country_iso": "RUS"}, {"h3index": "872d51ab2ffffff", "population_2015": 3159.099105667598, "total_built_mass_tons": 1919415.1479219864, "city_id": 4536, "country_iso": "RUS"}, {"h3index": "872d51ab3ffffff", "population_2015": 1187.0376677531824, "total_built_mass_tons": 925016.4366813664, "city_id": 4536, "country_iso": "RUS"}, {"h3index": "872d51ab6ffffff", "population_2015": 536.7082180967518, "total_built_mass_tons": 334451.6786406196, "city_id": 4536, "country_iso": "RUS"}]