[{"h3index":"873ccb264ffffff","population_2015":1737.6593699128,"total_built_mass_tons":881099.5480475784,"city_id":10184,"country_iso":"MMR"},{"h3index":"873ccb266ffffff","population_2015":1547.1062059253,"total_built_mass_tons":379198.1858520081,"city_id":10184,"country_iso":"MMR"},{"h3index":"873ccb34affffff","population_2015":126.9689738891,"total_built_mass_tons":115885.8927532811,"city_id":10184,"country_iso":"MMR"},{"h3index":"873ccb358ffffff","population_2015":1.2913417816,"total_built_mass_tons":1698.4373873421,"city_id":10184,"country_iso":"MMR"},{"h3index":"873ccb359ffffff","population_2015":3897.5083049447,"total_built_mass_tons":1399507.7460397144,"city_id":10184,"country_iso":"MMR"},{"h3index":"873ccb35bffffff","population_2015":20.8642775751,"total_built_mass_tons":15929.9114532593,"city_id":10184,"country_iso":"MMR"}]