[{"h3index":"873080082ffffff","population_2015":3017.5672678199,"total_built_mass_tons":1322275.9275794355,"city_id":12017,"country_iso":"CHN"},{"h3index":"873080086ffffff","population_2015":14.6815861795,"total_built_mass_tons":37624.6882217232,"city_id":12017,"country_iso":"CHN"},{"h3index":"873080090ffffff","population_2015":8299.2322502688,"total_built_mass_tons":2503949.3852009233,"city_id":12017,"country_iso":"CHN"},{"h3index":"873080091ffffff","population_2015":3972.4948327504,"total_built_mass_tons":962842.9672127432,"city_id":12017,"country_iso":"CHN"},{"h3index":"873080092ffffff","population_2015":7784.8251282299,"total_built_mass_tons":2397962.2338602832,"city_id":12017,"country_iso":"CHN"},{"h3index":"873080093ffffff","population_2015":950.4291349074,"total_built_mass_tons":598686.3323825623,"city_id":12017,"country_iso":"CHN"},{"h3index":"873080094ffffff","population_2015":1197.4393754604,"total_built_mass_tons":654955.3694963002,"city_id":12017,"country_iso":"CHN"},{"h3index":"873080095ffffff","population_2015":4653.462453643,"total_built_mass_tons":1123003.2751649497,"city_id":12017,"country_iso":"CHN"},{"h3index":"873080096ffffff","population_2015":4273.4349423633,"total_built_mass_tons":1294214.3703212121,"city_id":12017,"country_iso":"CHN"},{"h3index":"873080461ffffff","population_2015":19.1231915212,"total_built_mass_tons":17373.2969807895,"city_id":12017,"country_iso":"CHN"},{"h3index":"873080465ffffff","population_2015":344.7983939891,"total_built_mass_tons":251135.5295783043,"city_id":12017,"country_iso":"CHN"}]