[{"h3index":"873ce3793ffffff","population_2015":42.1909351349,"total_built_mass_tons":34913.1098346489,"city_id":9979,"country_iso":"BGD"},{"h3index":"873ce3798ffffff","population_2015":746.0807754068,"total_built_mass_tons":220395.7958714462,"city_id":9979,"country_iso":"BGD"},{"h3index":"873ce3799ffffff","population_2015":32.8861618042,"total_built_mass_tons":77969.8989959251,"city_id":9979,"country_iso":"BGD"},{"h3index":"873ce379bffffff","population_2015":99.1323680878,"total_built_mass_tons":94305.0647108907,"city_id":9979,"country_iso":"BGD"},{"h3index":"873ce379cffffff","population_2015":6.6732281853,"total_built_mass_tons":52578.5197851643,"city_id":9979,"country_iso":"BGD"}]