[{"h3index":"876528209ffffff","population_2015":46.3300245509,"total_built_mass_tons":21557.0185647967,"city_id":10883,"country_iso":"IDN"},{"h3index":"876528254ffffff","population_2015":120.8538009251,"total_built_mass_tons":44896.6266868957,"city_id":10883,"country_iso":"IDN"},{"h3index":"876528270ffffff","population_2015":108.571912197,"total_built_mass_tons":27308.1082022824,"city_id":10883,"country_iso":"IDN"},{"h3index":"876528272ffffff","population_2015":343.2072154793,"total_built_mass_tons":137723.125583246,"city_id":10883,"country_iso":"IDN"},{"h3index":"876528273ffffff","population_2015":950.9011392313,"total_built_mass_tons":356871.9334851419,"city_id":10883,"country_iso":"IDN"}]