[{"h3index":"87ce93083ffffff","population_2015":61.6446514354,"total_built_mass_tons":21919.1606628821,"city_id":1036,"country_iso":"ARG"},{"h3index":"87ce93088ffffff","population_2015":1505.3045263057,"total_built_mass_tons":700170.9575124012,"city_id":1036,"country_iso":"ARG"},{"h3index":"87ce93089ffffff","population_2015":4649.5962163289,"total_built_mass_tons":1571377.524518881,"city_id":1036,"country_iso":"ARG"},{"h3index":"87ce9308affffff","population_2015":11851.4619940365,"total_built_mass_tons":3467333.0213580886,"city_id":1036,"country_iso":"ARG"},{"h3index":"87ce9308bffffff","population_2015":10294.0401784448,"total_built_mass_tons":2720384.425918641,"city_id":1036,"country_iso":"ARG"},{"h3index":"87ce9308cffffff","population_2015":49.1433796364,"total_built_mass_tons":58935.6758845933,"city_id":1036,"country_iso":"ARG"},{"h3index":"87ce9308effffff","population_2015":3612.7076491823,"total_built_mass_tons":1049071.5943020056,"city_id":1036,"country_iso":"ARG"},{"h3index":"87ce93098ffffff","population_2015":8202.1804548712,"total_built_mass_tons":2843965.1561293392,"city_id":1036,"country_iso":"ARG"},{"h3index":"87ce93099ffffff","population_2015":6064.9346136879,"total_built_mass_tons":2261896.394696828,"city_id":1036,"country_iso":"ARG"},{"h3index":"87ce9309bffffff","population_2015":320.7638526281,"total_built_mass_tons":120963.9880400586,"city_id":1036,"country_iso":"ARG"},{"h3index":"87ce9309cffffff","population_2015":1206.5020382638,"total_built_mass_tons":366159.7443936119,"city_id":1036,"country_iso":"ARG"},{"h3index":"87ce9309dffffff","population_2015":8852.3238367978,"total_built_mass_tons":3117512.7155046649,"city_id":1036,"country_iso":"ARG"},{"h3index":"87ce9309effffff","population_2015":14.8099060059,"total_built_mass_tons":64557.0147798816,"city_id":1036,"country_iso":"ARG"},{"h3index":"87ce930d0ffffff","population_2015":665.885818444,"total_built_mass_tons":241942.0537880563,"city_id":1036,"country_iso":"ARG"},{"h3index":"87ce930d2ffffff","population_2015":1109.8084090476,"total_built_mass_tons":337980.7819533095,"city_id":1036,"country_iso":"ARG"},{"h3index":"87ce930d4ffffff","population_2015":3545.1455375092,"total_built_mass_tons":975063.3007554344,"city_id":1036,"country_iso":"ARG"},{"h3index":"87ce930d5ffffff","population_2015":88.4054082609,"total_built_mass_tons":28051.1710816998,"city_id":1036,"country_iso":"ARG"},{"h3index":"87ce930d6ffffff","population_2015":9454.4603645025,"total_built_mass_tons":2682499.9924710616,"city_id":1036,"country_iso":"ARG"},{"h3index":"87ce930f2ffffff","population_2015":11.7334382038,"total_built_mass_tons":4661.9706638474,"city_id":1036,"country_iso":"ARG"},{"h3index":"87ce930f3ffffff","population_2015":157.3545742035,"total_built_mass_tons":60794.3779264032,"city_id":1036,"country_iso":"ARG"},{"h3index":"87ce93720ffffff","population_2015":103.2659738952,"total_built_mass_tons":26916.603043998,"city_id":1036,"country_iso":"ARG"},{"h3index":"87ce93724ffffff","population_2015":4670.8667060328,"total_built_mass_tons":1479843.4530720436,"city_id":1036,"country_iso":"ARG"},{"h3index":"87ce93725ffffff","population_2015":1963.014096103,"total_built_mass_tons":726731.2065646364,"city_id":1036,"country_iso":"ARG"},{"h3index":"87ce93726ffffff","population_2015":59.8208064397,"total_built_mass_tons":11892.7626257971,"city_id":1036,"country_iso":"ARG"}]