[{"h3index":"8760abc68ffffff","population_2015":4471.4797669953,"total_built_mass_tons":443513.6780480463,"city_id":7273,"country_iso":"IND"},{"h3index":"8760abc69ffffff","population_2015":802.9507608825,"total_built_mass_tons":73963.3895232446,"city_id":7273,"country_iso":"IND"},{"h3index":"8760abc6affffff","population_2015":424.739156349,"total_built_mass_tons":75896.9508240742,"city_id":7273,"country_iso":"IND"},{"h3index":"8760abc6bffffff","population_2015":426.5725352717,"total_built_mass_tons":49369.8795287451,"city_id":7273,"country_iso":"IND"},{"h3index":"8760abc6dffffff","population_2015":5319.8344951368,"total_built_mass_tons":472650.5483420209,"city_id":7273,"country_iso":"IND"}]