[{"h3index": "872aa4925ffffff", "population_2015": 130.25726739472034, "total_built_mass_tons": 30655.962724771543, "city_id": 950, "country_iso": "USA"}, {"h3index": "872b8a202ffffff", "population_2015": 1110.704268672361, "total_built_mass_tons": 1454378.1985819712, "city_id": 950, "country_iso": "USA"}, {"h3index": "872b8a203ffffff", "population_2015": 235.09520279720573, "total_built_mass_tons": 219142.28571126045, "city_id": 950, "country_iso": "USA"}, {"h3index": "872b8a208ffffff", "population_2015": 196.98356041388183, "total_built_mass_tons": 532231.0741754018, "city_id": 950, "country_iso": "USA"}, {"h3index": "872b8a209ffffff", "population_2015": 9.117015390916198, "total_built_mass_tons": 329367.6730772177, "city_id": 950, "country_iso": "USA"}, {"h3index": "872b8a20affffff", "population_2015": 384.6013521152165, "total_built_mass_tons": 3074226.6486246386, "city_id": 950, "country_iso": "USA"}, {"h3index": "872b8a20bffffff", "population_2015": 5333.4733632206335, "total_built_mass_tons": 2705854.0848730253, "city_id": 950, "country_iso": "USA"}, {"h3index": "872b8a211ffffff", "population_2015": 1640.0411605157103, "total_built_mass_tons": 784977.1025940462, "city_id": 950, "country_iso": "USA"}, {"h3index": "872b8a213ffffff", "population_2015": 1614.76809593556, "total_built_mass_tons": 657684.1175250318, "city_id": 950, "country_iso": "USA"}, {"h3index": "872b8a215ffffff", "population_2015": 33.11748073662029, "total_built_mass_tons": 86694.59725499601, "city_id": 950, "country_iso": "USA"}, {"h3index": "872b8a218ffffff", "population_2015": 2702.560298975119, "total_built_mass_tons": 2272528.957424822, "city_id": 950, "country_iso": "USA"}, {"h3index": "872b8a219ffffff", "population_2015": 1207.0895980265063, "total_built_mass_tons": 2630469.239204614, "city_id": 950, "country_iso": "USA"}, {"h3index": "872b8a21affffff", "population_2015": 3562.083001078636, "total_built_mass_tons": 2112551.783209587, "city_id": 950, "country_iso": "USA"}, {"h3index": "872b8a21bffffff", "population_2015": 5558.133102252587, "total_built_mass_tons": 2913051.034899516, "city_id": 950, "country_iso": "USA"}, {"h3index": "872b8a21cffffff", "population_2015": 2839.9036248835773, "total_built_mass_tons": 2103912.620623357, "city_id": 950, "country_iso": "USA"}, {"h3index": "872b8a21dffffff", "population_2015": 8.019064999152633, "total_built_mass_tons": 1546421.396527571, "city_id": 950, "country_iso": "USA"}, {"h3index": "872b8a21effffff", "population_2015": 4157.438750052218, "total_built_mass_tons": 2176053.7500052657, "city_id": 950, "country_iso": "USA"}, {"h3index": "872b8a250ffffff", "population_2015": 856.5600237301754, "total_built_mass_tons": 706529.9035819047, "city_id": 950, "country_iso": "USA"}, {"h3index": "872b8a252ffffff", "population_2015": 1818.7115895410377, "total_built_mass_tons": 1707675.5012517308, "city_id": 950, "country_iso": "USA"}, {"h3index": "872b8a253ffffff", "population_2015": 8.978554415235331, "total_built_mass_tons": 8136.322597701947, "city_id": 950, "country_iso": "USA"}, {"h3index": "872b8a256ffffff", "population_2015": 210.26100056475283, "total_built_mass_tons": 2077925.2637498963, "city_id": 950, "country_iso": "USA"}, {"h3index": "872b8a289ffffff", "population_2015": 112.20121783929712, "total_built_mass_tons": 127737.78621691217, "city_id": 950, "country_iso": "USA"}, {"h3index": "872b8a28bffffff", "population_2015": 19.30435694695688, "total_built_mass_tons": 57670.873176574925, "city_id": 950, "country_iso": "USA"}, {"h3index": "872b8a28dffffff", "population_2015": 9.87836124265895, "total_built_mass_tons": 44220.636654546994, "city_id": 950, "country_iso": "USA"}, {"h3index": "872b8a2a0ffffff", "population_2015": 2290.9097148897013, "total_built_mass_tons": 1341954.0075858282, "city_id": 950, "country_iso": "USA"}, {"h3index": "872b8a2a1ffffff", "population_2015": 3633.480631956166, "total_built_mass_tons": 1288766.5485025186, "city_id": 950, "country_iso": "USA"}, {"h3index": "872b8a2a3ffffff", "population_2015": 192.6458147871728, "total_built_mass_tons": 136306.19962896447, "city_id": 950, "country_iso": "USA"}, {"h3index": "872b8a2a4ffffff", "population_2015": 5.258302097431585, "total_built_mass_tons": 136570.867588481, "city_id": 950, "country_iso": "USA"}, {"h3index": "872b8a2a5ffffff", "population_2015": 354.4188275300988, "total_built_mass_tons": 154673.45964942183, "city_id": 950, "country_iso": "USA"}, {"h3index": "872b8a2a8ffffff", "population_2015": 3611.691900126431, "total_built_mass_tons": 1848371.250855973, "city_id": 950, "country_iso": "USA"}, {"h3index": "872b8a2a9ffffff", "population_2015": 3741.305642414181, "total_built_mass_tons": 2740239.840257372, "city_id": 950, "country_iso": "USA"}, {"h3index": "872b8a2abffffff", "population_2015": 313.7718505078671, "total_built_mass_tons": 166519.27290856, "city_id": 950, "country_iso": "USA"}, {"h3index": "872b8a2acffffff", "population_2015": 1768.4706655805712, "total_built_mass_tons": 1792173.4612778935, "city_id": 950, "country_iso": "USA"}, {"h3index": "872b8a2adffffff", "population_2015": 3648.04749681477, "total_built_mass_tons": 2558204.477524947, "city_id": 950, "country_iso": "USA"}, {"h3index": "872b8a2aeffffff", "population_2015": 1686.5128422162693, "total_built_mass_tons": 841846.9204954914, "city_id": 950, "country_iso": "USA"}, {"h3index": "872b8a2c0ffffff", "population_2015": 1713.7800239198343, "total_built_mass_tons": 645810.3214503012, "city_id": 950, "country_iso": "USA"}, {"h3index": "872b8a2c1ffffff", "population_2015": 2171.7506228372163, "total_built_mass_tons": 781233.4234185843, "city_id": 950, "country_iso": "USA"}, {"h3index": "872b8a2c4ffffff", "population_2015": 13293.642228221075, "total_built_mass_tons": 3801944.853803555, "city_id": 950, "country_iso": "USA"}, {"h3index": "872b8a2c5ffffff", "population_2015": 9470.754487556096, "total_built_mass_tons": 2962938.9096114375, "city_id": 950, "country_iso": "USA"}, {"h3index": "872b8a2c6ffffff", "population_2015": 3051.0291269463214, "total_built_mass_tons": 1015174.177486432, "city_id": 950, "country_iso": "USA"}, {"h3index": "872b8a2ccffffff", "population_2015": 164.26890044586327, "total_built_mass_tons": 124105.2383855882, "city_id": 950, "country_iso": "USA"}, {"h3index": "872b8a2d0ffffff", "population_2015": 34.802368908302455, "total_built_mass_tons": 21057.604301980944, "city_id": 950, "country_iso": "USA"}, {"h3index": "872b8a2d4ffffff", "population_2015": 4403.448415344077, "total_built_mass_tons": 2341539.7490427024, "city_id": 950, "country_iso": "USA"}, {"h3index": "872b8a2d5ffffff", "population_2015": 225.91643983990537, "total_built_mass_tons": 101933.150666749, "city_id": 950, "country_iso": "USA"}, {"h3index": "872b8a2d6ffffff", "population_2015": 2948.9854378452487, "total_built_mass_tons": 1894535.807736745, "city_id": 950, "country_iso": "USA"}, {"h3index": "872b8a2e0ffffff", "population_2015": 10013.153432962328, "total_built_mass_tons": 3750839.730127483, "city_id": 950, "country_iso": "USA"}, {"h3index": "872b8a2e1ffffff", "population_2015": 2604.1895362578766, "total_built_mass_tons": 1517030.8531253403, "city_id": 950, "country_iso": "USA"}, {"h3index": "872b8a2e2ffffff", "population_2015": 14130.383483534872, "total_built_mass_tons": 5721334.330007354, "city_id": 950, "country_iso": "USA"}, {"h3index": "872b8a2e3ffffff", "population_2015": 13106.829940013557, "total_built_mass_tons": 3461815.122367056, "city_id": 950, "country_iso": "USA"}, {"h3index": "872b8a2e4ffffff", "population_2015": 8454.883068030056, "total_built_mass_tons": 4312141.43693779, "city_id": 950, "country_iso": "USA"}, {"h3index": "872b8a2e5ffffff", "population_2015": 4157.401271907781, "total_built_mass_tons": 2908338.599543103, "city_id": 950, "country_iso": "USA"}, {"h3index": "872b8a2e6ffffff", "population_2015": 14070.01306263302, "total_built_mass_tons": 3985353.5099351, "city_id": 950, "country_iso": "USA"}, {"h3index": "872b8a2eaffffff", "population_2015": 1052.3970402686036, "total_built_mass_tons": 473609.73479844665, "city_id": 950, "country_iso": "USA"}, {"h3index": "872b8a2ecffffff", "population_2015": 1.7618439487382478, "total_built_mass_tons": 15773.94627657644, "city_id": 950, "country_iso": "USA"}, {"h3index": "872b8a2eeffffff", "population_2015": 1572.1422388436742, "total_built_mass_tons": 567924.6656911165, "city_id": 950, "country_iso": "USA"}, {"h3index": "872b8a2f0ffffff", "population_2015": 2013.321781511868, "total_built_mass_tons": 2294878.1583751068, "city_id": 950, "country_iso": "USA"}, {"h3index": "872b8a2f1ffffff", "population_2015": 8553.051510414542, "total_built_mass_tons": 3707393.136507924, "city_id": 950, "country_iso": "USA"}, {"h3index": "872b8a2f2ffffff", "population_2015": 2320.2650160233175, "total_built_mass_tons": 2197852.417152607, "city_id": 950, "country_iso": "USA"}, {"h3index": "872b8a2f3ffffff", "population_2015": 5316.708743660263, "total_built_mass_tons": 2138021.964942816, "city_id": 950, "country_iso": "USA"}, {"h3index": "872b8a2f4ffffff", "population_2015": 3861.971441513899, "total_built_mass_tons": 2250564.580699692, "city_id": 950, "country_iso": "USA"}, {"h3index": "872b8a2f5ffffff", "population_2015": 9311.342322953777, "total_built_mass_tons": 4296472.568387008, "city_id": 950, "country_iso": "USA"}, {"h3index": "872b8a2f6ffffff", "population_2015": 6.651139737577999, "total_built_mass_tons": 658454.3712960425, "city_id": 950, "country_iso": "USA"}]