[{"h3index": "871198608ffffff", "population_2015": 12726.020377815938, "total_built_mass_tons": 3770011.347603808, "city_id": 4202, "country_iso": "RUS"}, {"h3index": "871198609ffffff", "population_2015": 3629.9840367396664, "total_built_mass_tons": 865423.454814153, "city_id": 4202, "country_iso": "RUS"}, {"h3index": "87119860affffff", "population_2015": 691.3175678926356, "total_built_mass_tons": 222484.15492274336, "city_id": 4202, "country_iso": "RUS"}, {"h3index": "87119860bffffff", "population_2015": 86.45819094835542, "total_built_mass_tons": 155741.87873743477, "city_id": 4202, "country_iso": "RUS"}, {"h3index": "87119860cffffff", "population_2015": 5537.192253593372, "total_built_mass_tons": 2041325.5817015816, "city_id": 4202, "country_iso": "RUS"}, {"h3index": "87119860dffffff", "population_2015": 24071.954594739273, "total_built_mass_tons": 5000685.41913103, "city_id": 4202, "country_iso": "RUS"}, {"h3index": "87119860effffff", "population_2015": 200.7341695612552, "total_built_mass_tons": 375067.82064727286, "city_id": 4202, "country_iso": "RUS"}, {"h3index": "871198628ffffff", "population_2015": 11571.36749632873, "total_built_mass_tons": 2804702.069770055, "city_id": 4202, "country_iso": "RUS"}, {"h3index": "871198629ffffff", "population_2015": 17578.306101248305, "total_built_mass_tons": 5118223.347345107, "city_id": 4202, "country_iso": "RUS"}, {"h3index": "87119862affffff", "population_2015": 4323.660988332243, "total_built_mass_tons": 1103604.6447628858, "city_id": 4202, "country_iso": "RUS"}, {"h3index": "87119862bffffff", "population_2015": 28961.391600256815, "total_built_mass_tons": 6367024.519564574, "city_id": 4202, "country_iso": "RUS"}, {"h3index": "87119862dffffff", "population_2015": 213.90346190906033, "total_built_mass_tons": 454574.8234446543, "city_id": 4202, "country_iso": "RUS"}, {"h3index": "871198670ffffff", "population_2015": 14651.131513202425, "total_built_mass_tons": 6171661.57665786, "city_id": 4202, "country_iso": "RUS"}, {"h3index": "871198671ffffff", "population_2015": 588.2707687864116, "total_built_mass_tons": 804997.3009155884, "city_id": 4202, "country_iso": "RUS"}, {"h3index": "871198672ffffff", "population_2015": 6015.067722393952, "total_built_mass_tons": 2054041.355883835, "city_id": 4202, "country_iso": "RUS"}, {"h3index": "871198673ffffff", "population_2015": 731.4284686766421, "total_built_mass_tons": 788703.6314156617, "city_id": 4202, "country_iso": "RUS"}, {"h3index": "871198674ffffff", "population_2015": 27730.14974425259, "total_built_mass_tons": 6329853.111558038, "city_id": 4202, "country_iso": "RUS"}, {"h3index": "871198675ffffff", "population_2015": 1125.14807927889, "total_built_mass_tons": 1342938.6796256837, "city_id": 4202, "country_iso": "RUS"}, {"h3index": "871198676ffffff", "population_2015": 38448.981962088015, "total_built_mass_tons": 7114781.810885945, "city_id": 4202, "country_iso": "RUS"}, {"h3index": "871198758ffffff", "population_2015": 1385.6041853867323, "total_built_mass_tons": 2198144.475844354, "city_id": 4202, "country_iso": "RUS"}, {"h3index": "87119875affffff", "population_2015": 7901.039716806129, "total_built_mass_tons": 2688366.8329918263, "city_id": 4202, "country_iso": "RUS"}, {"h3index": "87119875bffffff", "population_2015": 9274.369691030884, "total_built_mass_tons": 3096870.483544167, "city_id": 4202, "country_iso": "RUS"}, {"h3index": "87119875cffffff", "population_2015": 8.561879342677546, "total_built_mass_tons": 21703.113709177844, "city_id": 4202, "country_iso": "RUS"}, {"h3index": "87119875effffff", "population_2015": 62.79767013998595, "total_built_mass_tons": 125147.72734447836, "city_id": 4202, "country_iso": "RUS"}]