[{"h3index": "8730a3009ffffff", "population_2015": 18.80196848476634, "total_built_mass_tons": 11075.09401555614, "city_id": 11764, "country_iso": "CHN"}, {"h3index": "8730a3029ffffff", "population_2015": 567.6314206932104, "total_built_mass_tons": 479658.20084274415, "city_id": 11764, "country_iso": "CHN"}, {"h3index": "8730a302bffffff", "population_2015": 180.1104582842659, "total_built_mass_tons": 89163.36825113781, "city_id": 11764, "country_iso": "CHN"}, {"h3index": "8730a3040ffffff", "population_2015": 6659.443786968901, "total_built_mass_tons": 2763940.2425178085, "city_id": 11764, "country_iso": "CHN"}, {"h3index": "8730a3041ffffff", "population_2015": 5.624645968044505, "total_built_mass_tons": 1682860.4617613205, "city_id": 11764, "country_iso": "CHN"}, {"h3index": "8730a3042ffffff", "population_2015": 1077.067231769188, "total_built_mass_tons": 935310.8360215044, "city_id": 11764, "country_iso": "CHN"}, {"h3index": "8730a3043ffffff", "population_2015": 381.5964857961617, "total_built_mass_tons": 384352.2989225535, "city_id": 11764, "country_iso": "CHN"}, {"h3index": "8730a3044ffffff", "population_2015": 2969.5449536015, "total_built_mass_tons": 2526411.1561680995, "city_id": 11764, "country_iso": "CHN"}, {"h3index": "8730a3045ffffff", "population_2015": 4423.5546395301835, "total_built_mass_tons": 3515154.956117547, "city_id": 11764, "country_iso": "CHN"}, {"h3index": "8730a3046ffffff", "population_2015": 1937.0522552644504, "total_built_mass_tons": 2057291.2238692448, "city_id": 11764, "country_iso": "CHN"}, {"h3index": "8730a3050ffffff", "population_2015": 94.31797462678423, "total_built_mass_tons": 555907.9428506619, "city_id": 11764, "country_iso": "CHN"}, {"h3index": "8730a3054ffffff", "population_2015": 1001.2319297458612, "total_built_mass_tons": 1676290.2379885323, "city_id": 11764, "country_iso": "CHN"}, {"h3index": "8730a3055ffffff", "population_2015": 546.4766801305844, "total_built_mass_tons": 1388634.5423023182, "city_id": 11764, "country_iso": "CHN"}, {"h3index": "8730a3060ffffff", "population_2015": 6325.814971368922, "total_built_mass_tons": 2779478.912523553, "city_id": 11764, "country_iso": "CHN"}, {"h3index": "8730a3061ffffff", "population_2015": 22162.980648605502, "total_built_mass_tons": 4519186.3572916575, "city_id": 11764, "country_iso": "CHN"}, {"h3index": "8730a3062ffffff", "population_2015": 4683.521250277408, "total_built_mass_tons": 2624710.8172585345, "city_id": 11764, "country_iso": "CHN"}, {"h3index": "8730a3063ffffff", "population_2015": 16926.416691015278, "total_built_mass_tons": 4037835.3588622194, "city_id": 11764, "country_iso": "CHN"}, {"h3index": "8730a3064ffffff", "population_2015": 11167.49689222504, "total_built_mass_tons": 3560482.860535712, "city_id": 11764, "country_iso": "CHN"}, {"h3index": "8730a3065ffffff", "population_2015": 9787.738552810632, "total_built_mass_tons": 4105864.995223504, "city_id": 11764, "country_iso": "CHN"}, {"h3index": "8730a3066ffffff", "population_2015": 1908.9605232767033, "total_built_mass_tons": 1489046.9418502543, "city_id": 11764, "country_iso": "CHN"}, {"h3index": "8730a3068ffffff", "population_2015": 23841.65320391562, "total_built_mass_tons": 4017101.414059331, "city_id": 11764, "country_iso": "CHN"}, {"h3index": "8730a3069ffffff", "population_2015": 854.1712904013839, "total_built_mass_tons": 695117.3158491221, "city_id": 11764, "country_iso": "CHN"}, {"h3index": "8730a306affffff", "population_2015": 2.8803392831016987, "total_built_mass_tons": 2328474.0915899007, "city_id": 11764, "country_iso": "CHN"}, {"h3index": "8730a306bffffff", "population_2015": 2324.440754978329, "total_built_mass_tons": 1851375.106951218, "city_id": 11764, "country_iso": "CHN"}, {"h3index": "8730a306cffffff", "population_2015": 22553.574120940408, "total_built_mass_tons": 3820373.4522607, "city_id": 11764, "country_iso": "CHN"}, {"h3index": "8730a306dffffff", "population_2015": 33654.24923178728, "total_built_mass_tons": 3050189.2959778374, "city_id": 11764, "country_iso": "CHN"}, {"h3index": "8730a306effffff", "population_2015": 15065.754296320094, "total_built_mass_tons": 5065995.584024332, "city_id": 11764, "country_iso": "CHN"}, {"h3index": "8730a3070ffffff", "population_2015": 1902.6340574601115, "total_built_mass_tons": 1244376.3578094924, "city_id": 11764, "country_iso": "CHN"}, {"h3index": "8730a3071ffffff", "population_2015": 695.3151023299088, "total_built_mass_tons": 712486.9384924313, "city_id": 11764, "country_iso": "CHN"}, {"h3index": "8730a3073ffffff", "population_2015": 70.24338708484875, "total_built_mass_tons": 244419.5769947942, "city_id": 11764, "country_iso": "CHN"}, {"h3index": "8730a3074ffffff", "population_2015": 2477.4940740403003, "total_built_mass_tons": 2871209.4296998307, "city_id": 11764, "country_iso": "CHN"}, {"h3index": "8730a3075ffffff", "population_2015": 3665.1863989563544, "total_built_mass_tons": 2792624.5209890064, "city_id": 11764, "country_iso": "CHN"}, {"h3index": "8730a3076ffffff", "population_2015": 957.6994922357449, "total_built_mass_tons": 1050512.181091196, "city_id": 11764, "country_iso": "CHN"}, {"h3index": "8730a3143ffffff", "population_2015": 185.19149896958297, "total_built_mass_tons": 270505.6043400185, "city_id": 11764, "country_iso": "CHN"}, {"h3index": "8730a3148ffffff", "population_2015": 8505.947986553227, "total_built_mass_tons": 4042212.652042378, "city_id": 11764, "country_iso": "CHN"}, {"h3index": "8730a3149ffffff", "population_2015": 8698.495315572321, "total_built_mass_tons": 3991122.6634986745, "city_id": 11764, "country_iso": "CHN"}, {"h3index": "8730a314affffff", "population_2015": 7543.433473084017, "total_built_mass_tons": 6110710.736660749, "city_id": 11764, "country_iso": "CHN"}, {"h3index": "8730a314bffffff", "population_2015": 13970.725075445933, "total_built_mass_tons": 5323744.786476256, "city_id": 11764, "country_iso": "CHN"}, {"h3index": "8730a314cffffff", "population_2015": 611.6657441784355, "total_built_mass_tons": 375018.6023755966, "city_id": 11764, "country_iso": "CHN"}, {"h3index": "8730a314dffffff", "population_2015": 4258.771826030693, "total_built_mass_tons": 2189497.944668771, "city_id": 11764, "country_iso": "CHN"}, {"h3index": "8730a314effffff", "population_2015": 1658.3058340970208, "total_built_mass_tons": 2021776.5976236635, "city_id": 11764, "country_iso": "CHN"}, {"h3index": "8730a3158ffffff", "population_2015": 1013.839878473095, "total_built_mass_tons": 1229552.8892571789, "city_id": 11764, "country_iso": "CHN"}, {"h3index": "8730a3159ffffff", "population_2015": 5252.548280568218, "total_built_mass_tons": 3215569.1717684777, "city_id": 11764, "country_iso": "CHN"}, {"h3index": "8730a315affffff", "population_2015": 320.0920444315555, "total_built_mass_tons": 814926.6221947402, "city_id": 11764, "country_iso": "CHN"}, {"h3index": "8730a315bffffff", "population_2015": 1495.8831909745347, "total_built_mass_tons": 2065355.0522832884, "city_id": 11764, "country_iso": "CHN"}, {"h3index": "8730a315cffffff", "population_2015": 2592.9503587208537, "total_built_mass_tons": 1619465.5853153383, "city_id": 11764, "country_iso": "CHN"}, {"h3index": "8730a315dffffff", "population_2015": 4302.777790528187, "total_built_mass_tons": 3399644.7578961016, "city_id": 11764, "country_iso": "CHN"}, {"h3index": "8730a315effffff", "population_2015": 280.8694637008742, "total_built_mass_tons": 168737.59006765034, "city_id": 11764, "country_iso": "CHN"}, {"h3index": "8730a316bffffff", "population_2015": 57.24812461815628, "total_built_mass_tons": 91248.3305178826, "city_id": 11764, "country_iso": "CHN"}, {"h3index": "8730a3a80ffffff", "population_2015": 6222.934874811361, "total_built_mass_tons": 1152830.0319572706, "city_id": 11764, "country_iso": "CHN"}, {"h3index": "8730a3a81ffffff", "population_2015": 10915.62550076503, "total_built_mass_tons": 1464021.3306345227, "city_id": 11764, "country_iso": "CHN"}, {"h3index": "8730a3a82ffffff", "population_2015": 11452.038035489064, "total_built_mass_tons": 2657863.0433990336, "city_id": 11764, "country_iso": "CHN"}, {"h3index": "8730a3a83ffffff", "population_2015": 9675.17180141374, "total_built_mass_tons": 1619710.1422685827, "city_id": 11764, "country_iso": "CHN"}, {"h3index": "8730a3a86ffffff", "population_2015": 5796.239361547956, "total_built_mass_tons": 1672638.870112245, "city_id": 11764, "country_iso": "CHN"}, {"h3index": "8730a3a8cffffff", "population_2015": 1217.2806945632483, "total_built_mass_tons": 479579.6606180966, "city_id": 11764, "country_iso": "CHN"}, {"h3index": "8730a3a90ffffff", "population_2015": 18269.207194846284, "total_built_mass_tons": 3919748.1527691567, "city_id": 11764, "country_iso": "CHN"}, {"h3index": "8730a3a91ffffff", "population_2015": 10129.833181307366, "total_built_mass_tons": 2557051.2124328525, "city_id": 11764, "country_iso": "CHN"}, {"h3index": "8730a3a92ffffff", "population_2015": 22519.24941130993, "total_built_mass_tons": 3950349.889782001, "city_id": 11764, "country_iso": "CHN"}, {"h3index": "8730a3a93ffffff", "population_2015": 26742.61446921405, "total_built_mass_tons": 4274205.679531464, "city_id": 11764, "country_iso": "CHN"}, {"h3index": "8730a3a94ffffff", "population_2015": 7258.089540101968, "total_built_mass_tons": 2639486.7114900392, "city_id": 11764, "country_iso": "CHN"}, {"h3index": "8730a3a95ffffff", "population_2015": 9694.529183152152, "total_built_mass_tons": 3235022.607179879, "city_id": 11764, "country_iso": "CHN"}, {"h3index": "8730a3a96ffffff", "population_2015": 7150.1701905774125, "total_built_mass_tons": 3600916.363199681, "city_id": 11764, "country_iso": "CHN"}, {"h3index": "8730a3a9cffffff", "population_2015": 3352.199951966604, "total_built_mass_tons": 969200.7756103376, "city_id": 11764, "country_iso": "CHN"}, {"h3index": "8730a3a9effffff", "population_2015": 6479.357566698859, "total_built_mass_tons": 1052937.2548202944, "city_id": 11764, "country_iso": "CHN"}, {"h3index": "8730a3aa6ffffff", "population_2015": 24.1227967785854, "total_built_mass_tons": 30680.747606731617, "city_id": 11764, "country_iso": "CHN"}, {"h3index": "8730a3aa8ffffff", "population_2015": 43.804922205794085, "total_built_mass_tons": 41366.18718995304, "city_id": 11764, "country_iso": "CHN"}, {"h3index": "8730a3aaaffffff", "population_2015": 1131.8760254139993, "total_built_mass_tons": 324304.86918733775, "city_id": 11764, "country_iso": "CHN"}, {"h3index": "8730a3aabffffff", "population_2015": 435.9915835955564, "total_built_mass_tons": 260682.67171806708, "city_id": 11764, "country_iso": "CHN"}, {"h3index": "8730a3ab0ffffff", "population_2015": 1515.2102659618154, "total_built_mass_tons": 990323.6342717956, "city_id": 11764, "country_iso": "CHN"}, {"h3index": "8730a3ab1ffffff", "population_2015": 16.61437114266788, "total_built_mass_tons": 15950.990685892892, "city_id": 11764, "country_iso": "CHN"}, {"h3index": "8730a3ab2ffffff", "population_2015": 6065.4732876001635, "total_built_mass_tons": 2396036.5829793755, "city_id": 11764, "country_iso": "CHN"}, {"h3index": "8730a3ab3ffffff", "population_2015": 6824.985458252478, "total_built_mass_tons": 1682238.2031462723, "city_id": 11764, "country_iso": "CHN"}, {"h3index": "8730a3ab4ffffff", "population_2015": 659.6337171479765, "total_built_mass_tons": 442044.7358483884, "city_id": 11764, "country_iso": "CHN"}, {"h3index": "8730a3ab5ffffff", "population_2015": 935.6816952733432, "total_built_mass_tons": 847711.2562403869, "city_id": 11764, "country_iso": "CHN"}, {"h3index": "8730a3ab6ffffff", "population_2015": 2640.6485860375797, "total_built_mass_tons": 1019638.593018074, "city_id": 11764, "country_iso": "CHN"}]