[{"h3index":"87b2434c2ffffff","population_2015":1.7035430908,"total_built_mass_tons":1283.6289148879,"city_id":1032,"country_iso":"ARG"},{"h3index":"87b2434c4ffffff","population_2015":11.1949968955,"total_built_mass_tons":28851.8511468562,"city_id":1032,"country_iso":"ARG"},{"h3index":"87b2434c6ffffff","population_2015":2975.8789259892,"total_built_mass_tons":1193725.1665038175,"city_id":1032,"country_iso":"ARG"},{"h3index":"87b2434d5ffffff","population_2015":439.1824181931,"total_built_mass_tons":255758.1905892776,"city_id":1032,"country_iso":"ARG"},{"h3index":"87b2434e0ffffff","population_2015":335.0491571763,"total_built_mass_tons":105525.6742322426,"city_id":1032,"country_iso":"ARG"},{"h3index":"87b2434e2ffffff","population_2015":3992.3191560465,"total_built_mass_tons":1406631.497830847,"city_id":1032,"country_iso":"ARG"},{"h3index":"87b2434e4ffffff","population_2015":16.7186897091,"total_built_mass_tons":20546.2747158947,"city_id":1032,"country_iso":"ARG"},{"h3index":"87b2434e6ffffff","population_2015":336.9819457503,"total_built_mass_tons":147880.5341330409,"city_id":1032,"country_iso":"ARG"},{"h3index":"87b2434f0ffffff","population_2015":1181.5353972622,"total_built_mass_tons":423582.9307648172,"city_id":1032,"country_iso":"ARG"},{"h3index":"87b2434f1ffffff","population_2015":6795.35690722,"total_built_mass_tons":2741399.3619238702,"city_id":1032,"country_iso":"ARG"},{"h3index":"87b2434f3ffffff","population_2015":648.2099693915,"total_built_mass_tons":290806.7355688724,"city_id":1032,"country_iso":"ARG"},{"h3index":"87b2434f5ffffff","population_2015":639.444615983,"total_built_mass_tons":248741.6240588956,"city_id":1032,"country_iso":"ARG"}]