[{"h3index":"874156480ffffff","population_2015":1108.1773449075,"total_built_mass_tons":624024.2596920424,"city_id":11683,"country_iso":"CHN"},{"h3index":"874156481ffffff","population_2015":138.7556440709,"total_built_mass_tons":112125.9387528526,"city_id":11683,"country_iso":"CHN"},{"h3index":"874156482ffffff","population_2015":1596.6765130576,"total_built_mass_tons":570588.7851060216,"city_id":11683,"country_iso":"CHN"},{"h3index":"874156483ffffff","population_2015":1610.7195726189,"total_built_mass_tons":618622.4531931335,"city_id":11683,"country_iso":"CHN"},{"h3index":"874156484ffffff","population_2015":51.7350072375,"total_built_mass_tons":28087.6442136429,"city_id":11683,"country_iso":"CHN"},{"h3index":"874156485ffffff","population_2015":988.295946312,"total_built_mass_tons":393153.9814182167,"city_id":11683,"country_iso":"CHN"},{"h3index":"874156486ffffff","population_2015":1248.9493497269,"total_built_mass_tons":560461.7790387215,"city_id":11683,"country_iso":"CHN"},{"h3index":"87415648cffffff","population_2015":91.4756574575,"total_built_mass_tons":87585.1775012132,"city_id":11683,"country_iso":"CHN"},{"h3index":"87415648effffff","population_2015":955.333981284,"total_built_mass_tons":605898.2340138243,"city_id":11683,"country_iso":"CHN"},{"h3index":"874156490ffffff","population_2015":14.3424905515,"total_built_mass_tons":7235.4534133984,"city_id":11683,"country_iso":"CHN"},{"h3index":"874156491ffffff","population_2015":194.2254684056,"total_built_mass_tons":124245.7177828881,"city_id":11683,"country_iso":"CHN"},{"h3index":"874156494ffffff","population_2015":2981.3506323328,"total_built_mass_tons":754734.212922295,"city_id":11683,"country_iso":"CHN"},{"h3index":"874156495ffffff","population_2015":14114.202258039,"total_built_mass_tons":2547801.4473205926,"city_id":11683,"country_iso":"CHN"},{"h3index":"874156496ffffff","population_2015":3912.0836152264,"total_built_mass_tons":643501.0035772994,"city_id":11683,"country_iso":"CHN"},{"h3index":"87415649dffffff","population_2015":425.1425027286,"total_built_mass_tons":282176.6484307002,"city_id":11683,"country_iso":"CHN"},{"h3index":"8741564a1ffffff","population_2015":162.1218565829,"total_built_mass_tons":92634.9433730156,"city_id":11683,"country_iso":"CHN"},{"h3index":"8741564a3ffffff","population_2015":48.4234419374,"total_built_mass_tons":33854.2621351017,"city_id":11683,"country_iso":"CHN"},{"h3index":"8741564a8ffffff","population_2015":227.5499304023,"total_built_mass_tons":130010.2417903699,"city_id":11683,"country_iso":"CHN"},{"h3index":"8741564aaffffff","population_2015":155.8000804939,"total_built_mass_tons":78367.7041314276,"city_id":11683,"country_iso":"CHN"},{"h3index":"8741564acffffff","population_2015":187.0592114355,"total_built_mass_tons":117720.1673786777,"city_id":11683,"country_iso":"CHN"},{"h3index":"8741564aeffffff","population_2015":4644.0495803926,"total_built_mass_tons":877793.2279125872,"city_id":11683,"country_iso":"CHN"},{"h3index":"8741564b2ffffff","population_2015":843.1985290985,"total_built_mass_tons":518947.4915832549,"city_id":11683,"country_iso":"CHN"},{"h3index":"8741564b3ffffff","population_2015":966.6769547163,"total_built_mass_tons":313072.0599461229,"city_id":11683,"country_iso":"CHN"}]