[{"h3index": "873cea00affffff", "population_2015": 176.56061340780815, "total_built_mass_tons": 104611.04106857034, "city_id": 10084, "country_iso": "IND"}, {"h3index": "873cea00bffffff", "population_2015": 3799.879611514597, "total_built_mass_tons": 465317.5504241849, "city_id": 10084, "country_iso": "IND"}, {"h3index": "873cea042ffffff", "population_2015": 1550.9951877818387, "total_built_mass_tons": 617505.4968491909, "city_id": 10084, "country_iso": "IND"}, {"h3index": "873cea043ffffff", "population_2015": 22.671265201942596, "total_built_mass_tons": 54073.70918539727, "city_id": 10084, "country_iso": "IND"}, {"h3index": "873cea044ffffff", "population_2015": 8.05919262194166, "total_built_mass_tons": 5839.075066582911, "city_id": 10084, "country_iso": "IND"}, {"h3index": "873cea046ffffff", "population_2015": 2638.3041351954143, "total_built_mass_tons": 743435.1561146304, "city_id": 10084, "country_iso": "IND"}, {"h3index": "873cea050ffffff", "population_2015": 34844.18712682537, "total_built_mass_tons": 4334812.69347848, "city_id": 10084, "country_iso": "IND"}, {"h3index": "873cea051ffffff", "population_2015": 17592.438084228364, "total_built_mass_tons": 3701895.950916475, "city_id": 10084, "country_iso": "IND"}, {"h3index": "873cea052ffffff", "population_2015": 52392.88612313364, "total_built_mass_tons": 5716951.80279943, "city_id": 10084, "country_iso": "IND"}, {"h3index": "873cea053ffffff", "population_2015": 29443.86070796742, "total_built_mass_tons": 3802415.9025729415, "city_id": 10084, "country_iso": "IND"}, {"h3index": "873cea054ffffff", "population_2015": 152.1822352278466, "total_built_mass_tons": 28909.377783530428, "city_id": 10084, "country_iso": "IND"}, {"h3index": "873cea055ffffff", "population_2015": 7689.633363316105, "total_built_mass_tons": 1302161.5229694345, "city_id": 10084, "country_iso": "IND"}, {"h3index": "873cea056ffffff", "population_2015": 13716.777471863992, "total_built_mass_tons": 1711601.965393028, "city_id": 10084, "country_iso": "IND"}, {"h3index": "873cea05affffff", "population_2015": 131.68603945713417, "total_built_mass_tons": 37781.088392073354, "city_id": 10084, "country_iso": "IND"}, {"h3index": "873cea05cffffff", "population_2015": 2053.8386469336115, "total_built_mass_tons": 865913.320230417, "city_id": 10084, "country_iso": "IND"}, {"h3index": "873cea05effffff", "population_2015": 6475.008492307103, "total_built_mass_tons": 1521225.9826111558, "city_id": 10084, "country_iso": "IND"}, {"h3index": "873cea071ffffff", "population_2015": 794.6264300757764, "total_built_mass_tons": 161017.83235312556, "city_id": 10084, "country_iso": "IND"}, {"h3index": "873cea073ffffff", "population_2015": 2389.3722894406787, "total_built_mass_tons": 511502.10833695537, "city_id": 10084, "country_iso": "IND"}, {"h3index": "873cea0c0ffffff", "population_2015": 1577.9918916029087, "total_built_mass_tons": 412813.1680528464, "city_id": 10084, "country_iso": "IND"}, {"h3index": "873cea0c1ffffff", "population_2015": 1622.3358995923809, "total_built_mass_tons": 322328.6589563882, "city_id": 10084, "country_iso": "IND"}, {"h3index": "873cea0c2ffffff", "population_2015": 1604.3499044081746, "total_built_mass_tons": 387838.9099947931, "city_id": 10084, "country_iso": "IND"}, {"h3index": "873cea0c3ffffff", "population_2015": 1647.3272686977011, "total_built_mass_tons": 203093.2371491776, "city_id": 10084, "country_iso": "IND"}, {"h3index": "873cea0c5ffffff", "population_2015": 1963.921219836964, "total_built_mass_tons": 282328.6477698894, "city_id": 10084, "country_iso": "IND"}, {"h3index": "873cea0c6ffffff", "population_2015": 993.6288446314196, "total_built_mass_tons": 234393.5586123008, "city_id": 10084, "country_iso": "IND"}, {"h3index": "873cea0ccffffff", "population_2015": 433.2044441615834, "total_built_mass_tons": 89499.62561301552, "city_id": 10084, "country_iso": "IND"}, {"h3index": "873cea0cdffffff", "population_2015": 22.565736650953102, "total_built_mass_tons": 15166.107512889375, "city_id": 10084, "country_iso": "IND"}, {"h3index": "873cea0ceffffff", "population_2015": 234.39050218918743, "total_built_mass_tons": 26484.637959913605, "city_id": 10084, "country_iso": "IND"}, {"h3index": "873cea0d0ffffff", "population_2015": 382.89012478473137, "total_built_mass_tons": 67766.48502700767, "city_id": 10084, "country_iso": "IND"}, {"h3index": "873cea0d1ffffff", "population_2015": 1864.728375210481, "total_built_mass_tons": 379994.3317364931, "city_id": 10084, "country_iso": "IND"}, {"h3index": "873cea0d2ffffff", "population_2015": 71.0868179807476, "total_built_mass_tons": 50676.1913186397, "city_id": 10084, "country_iso": "IND"}, {"h3index": "873cea0d3ffffff", "population_2015": 724.178865105498, "total_built_mass_tons": 209702.7762249868, "city_id": 10084, "country_iso": "IND"}, {"h3index": "873cea0d5ffffff", "population_2015": 1090.4233741872447, "total_built_mass_tons": 215447.8524767425, "city_id": 10084, "country_iso": "IND"}, {"h3index": "873cea0dcffffff", "population_2015": 309.8252175088022, "total_built_mass_tons": 73479.77940723408, "city_id": 10084, "country_iso": "IND"}, {"h3index": "873cea0ddffffff", "population_2015": 126.16456022636564, "total_built_mass_tons": 39943.01620475916, "city_id": 10084, "country_iso": "IND"}, {"h3index": "873cea0deffffff", "population_2015": 206.131000066271, "total_built_mass_tons": 43238.33134534916, "city_id": 10084, "country_iso": "IND"}, {"h3index": "873cea0e0ffffff", "population_2015": 3.193252488678578, "total_built_mass_tons": 1739.6943604375206, "city_id": 10084, "country_iso": "IND"}, {"h3index": "873cea0e1ffffff", "population_2015": 17445.369154817916, "total_built_mass_tons": 2396244.9451028453, "city_id": 10084, "country_iso": "IND"}, {"h3index": "873cea0e3ffffff", "population_2015": 2083.0634931078143, "total_built_mass_tons": 288996.9571351251, "city_id": 10084, "country_iso": "IND"}, {"h3index": "873cea0e4ffffff", "population_2015": 2435.793208462584, "total_built_mass_tons": 297948.2192189079, "city_id": 10084, "country_iso": "IND"}, {"h3index": "873cea0e5ffffff", "population_2015": 10753.184782424629, "total_built_mass_tons": 1374061.7374845536, "city_id": 10084, "country_iso": "IND"}, {"h3index": "873cea0e8ffffff", "population_2015": 1979.286854459725, "total_built_mass_tons": 290237.8443637811, "city_id": 10084, "country_iso": "IND"}, {"h3index": "873cea0e9ffffff", "population_2015": 3.5452927982105926, "total_built_mass_tons": 1430.8093478828066, "city_id": 10084, "country_iso": "IND"}, {"h3index": "873cea0eaffffff", "population_2015": 1657.449630752264, "total_built_mass_tons": 355179.8514043286, "city_id": 10084, "country_iso": "IND"}, {"h3index": "873cea0ebffffff", "population_2015": 1371.311724092446, "total_built_mass_tons": 136336.853734562, "city_id": 10084, "country_iso": "IND"}, {"h3index": "873cea0ecffffff", "population_2015": 26706.641772468414, "total_built_mass_tons": 3959532.940423676, "city_id": 10084, "country_iso": "IND"}, {"h3index": "873cea0edffffff", "population_2015": 8417.333369801092, "total_built_mass_tons": 1490765.2702588337, "city_id": 10084, "country_iso": "IND"}, {"h3index": "873cea0eeffffff", "population_2015": 14106.548223121496, "total_built_mass_tons": 1716446.9796017222, "city_id": 10084, "country_iso": "IND"}, {"h3index": "873cea721ffffff", "population_2015": 706.8317196640314, "total_built_mass_tons": 140832.36791002192, "city_id": 10084, "country_iso": "IND"}, {"h3index": "873cea72cffffff", "population_2015": 632.1397961373423, "total_built_mass_tons": 139983.9085095596, "city_id": 10084, "country_iso": "IND"}, {"h3index": "873cea72dffffff", "population_2015": 47.671751824547265, "total_built_mass_tons": 24485.190021419065, "city_id": 10084, "country_iso": "IND"}, {"h3index": "873cea72effffff", "population_2015": 1486.7225508708575, "total_built_mass_tons": 299811.66025510454, "city_id": 10084, "country_iso": "IND"}]