[{"h3index": "87ad36436ffffff", "population_2015": 11610.332807741446, "total_built_mass_tons": 547384.4137747887, "city_id": 3302, "country_iso": "ZAF"}, {"h3index": "87ad36502ffffff", "population_2015": 276.61775028051113, "total_built_mass_tons": 109264.6250523878, "city_id": 3302, "country_iso": "ZAF"}, {"h3index": "87ad36503ffffff", "population_2015": 428.1422273673263, "total_built_mass_tons": 218917.40055551752, "city_id": 3302, "country_iso": "ZAF"}, {"h3index": "87ad36510ffffff", "population_2015": 692.5303281746658, "total_built_mass_tons": 79676.04811532769, "city_id": 3302, "country_iso": "ZAF"}, {"h3index": "87ad36511ffffff", "population_2015": 24685.39091123927, "total_built_mass_tons": 2134903.7190709137, "city_id": 3302, "country_iso": "ZAF"}, {"h3index": "87ad36513ffffff", "population_2015": 1673.6526069075455, "total_built_mass_tons": 123754.99879768369, "city_id": 3302, "country_iso": "ZAF"}, {"h3index": "87ad36515ffffff", "population_2015": 1.178682431753944, "total_built_mass_tons": 7261.106755120343, "city_id": 3302, "country_iso": "ZAF"}, {"h3index": "87ad36518ffffff", "population_2015": 5428.048428230721, "total_built_mass_tons": 1413745.2267347665, "city_id": 3302, "country_iso": "ZAF"}, {"h3index": "87ad3651affffff", "population_2015": 1702.6497554902055, "total_built_mass_tons": 712267.3565342257, "city_id": 3302, "country_iso": "ZAF"}, {"h3index": "87ad3651bffffff", "population_2015": 5.323104188956466, "total_built_mass_tons": 9964.846365596057, "city_id": 3302, "country_iso": "ZAF"}, {"h3index": "87ad3651cffffff", "population_2015": 5842.599597232131, "total_built_mass_tons": 2428008.132960437, "city_id": 3302, "country_iso": "ZAF"}, {"h3index": "87ad3651dffffff", "population_2015": 47.390594093472345, "total_built_mass_tons": 22307.758339479104, "city_id": 3302, "country_iso": "ZAF"}, {"h3index": "87ad3651effffff", "population_2015": 13972.238431767271, "total_built_mass_tons": 2358614.1995204906, "city_id": 3302, "country_iso": "ZAF"}, {"h3index": "87ad36588ffffff", "population_2015": 1609.574677494811, "total_built_mass_tons": 314465.63599237514, "city_id": 3302, "country_iso": "ZAF"}, {"h3index": "87ad36589ffffff", "population_2015": 45.03332869726068, "total_built_mass_tons": 58806.988202494525, "city_id": 3302, "country_iso": "ZAF"}, {"h3index": "87ad3658cffffff", "population_2015": 2595.9201516562816, "total_built_mass_tons": 731154.2260392013, "city_id": 3302, "country_iso": "ZAF"}, {"h3index": "87ad3658dffffff", "population_2015": 11118.182761765933, "total_built_mass_tons": 1924109.118042472, "city_id": 3302, "country_iso": "ZAF"}, {"h3index": "87ad3658effffff", "population_2015": 4.027429064582376, "total_built_mass_tons": 1461.035491004871, "city_id": 3302, "country_iso": "ZAF"}, {"h3index": "87ad365a9ffffff", "population_2015": 25576.479836424063, "total_built_mass_tons": 1300623.3470984905, "city_id": 3302, "country_iso": "ZAF"}, {"h3index": "87ad365abffffff", "population_2015": 10243.27173545641, "total_built_mass_tons": 725511.8810003484, "city_id": 3302, "country_iso": "ZAF"}, {"h3index": "87ad365adffffff", "population_2015": 19923.423819725933, "total_built_mass_tons": 860064.229264664, "city_id": 3302, "country_iso": "ZAF"}]