[{"h3index": "87301e148ffffff", "population_2015": 149.69158724406185, "total_built_mass_tons": 303427.2659253469, "city_id": 11953, "country_iso": "CHN"}, {"h3index": "87301e149ffffff", "population_2015": 1006.6571932577616, "total_built_mass_tons": 1124694.058060612, "city_id": 11953, "country_iso": "CHN"}, {"h3index": "87301e14bffffff", "population_2015": 32.89929432962455, "total_built_mass_tons": 52425.414587386425, "city_id": 11953, "country_iso": "CHN"}, {"h3index": "87301e14dffffff", "population_2015": 1525.500446396716, "total_built_mass_tons": 959384.87555724, "city_id": 11953, "country_iso": "CHN"}, {"h3index": "87301e168ffffff", "population_2015": 172.13777328939997, "total_built_mass_tons": 113804.35757793373, "city_id": 11953, "country_iso": "CHN"}, {"h3index": "87301e169ffffff", "population_2015": 15553.891318317492, "total_built_mass_tons": 3125413.55367856, "city_id": 11953, "country_iso": "CHN"}, {"h3index": "87301e16bffffff", "population_2015": 521.7413482142431, "total_built_mass_tons": 223339.08653934425, "city_id": 11953, "country_iso": "CHN"}, {"h3index": "87301e16dffffff", "population_2015": 1054.8032237286666, "total_built_mass_tons": 405794.8610034159, "city_id": 11953, "country_iso": "CHN"}, {"h3index": "87301ea80ffffff", "population_2015": 1141.66265855677, "total_built_mass_tons": 240331.45307039405, "city_id": 11953, "country_iso": "CHN"}, {"h3index": "87301ea84ffffff", "population_2015": 6043.238478877497, "total_built_mass_tons": 2885909.8324625697, "city_id": 11953, "country_iso": "CHN"}, {"h3index": "87301ea85ffffff", "population_2015": 469.29920442758817, "total_built_mass_tons": 815360.634006785, "city_id": 11953, "country_iso": "CHN"}, {"h3index": "87301ea86ffffff", "population_2015": 2059.7149057809047, "total_built_mass_tons": 1768899.5273608805, "city_id": 11953, "country_iso": "CHN"}, {"h3index": "87301eaa2ffffff", "population_2015": 1136.063206995235, "total_built_mass_tons": 551257.7703793902, "city_id": 11953, "country_iso": "CHN"}, {"h3index": "87301eaa6ffffff", "population_2015": 13.461243228351368, "total_built_mass_tons": 11555.011075495837, "city_id": 11953, "country_iso": "CHN"}, {"h3index": "87301eaaaffffff", "population_2015": 2.9804893722721175, "total_built_mass_tons": 10597.81882816238, "city_id": 11953, "country_iso": "CHN"}, {"h3index": "87301eab0ffffff", "population_2015": 18631.925170131755, "total_built_mass_tons": 3444859.315567049, "city_id": 11953, "country_iso": "CHN"}, {"h3index": "87301eab1ffffff", "population_2015": 6711.889628658108, "total_built_mass_tons": 3465778.0902447216, "city_id": 11953, "country_iso": "CHN"}, {"h3index": "87301eab2ffffff", "population_2015": 5197.088664268514, "total_built_mass_tons": 2316016.4625102384, "city_id": 11953, "country_iso": "CHN"}, {"h3index": "87301eab3ffffff", "population_2015": 2778.5636535719327, "total_built_mass_tons": 979687.1348156148, "city_id": 11953, "country_iso": "CHN"}, {"h3index": "87301eab4ffffff", "population_2015": 19726.889488943893, "total_built_mass_tons": 3642468.4468906927, "city_id": 11953, "country_iso": "CHN"}, {"h3index": "87301eab5ffffff", "population_2015": 3223.874040146435, "total_built_mass_tons": 1831132.4580639896, "city_id": 11953, "country_iso": "CHN"}, {"h3index": "87301eab6ffffff", "population_2015": 21337.446211850405, "total_built_mass_tons": 3264336.571312566, "city_id": 11953, "country_iso": "CHN"}, {"h3index": "87301eb9affffff", "population_2015": 7545.544708017277, "total_built_mass_tons": 878484.0658588182, "city_id": 11953, "country_iso": "CHN"}, {"h3index": "87301eb9bffffff", "population_2015": 182.5174170138789, "total_built_mass_tons": 165141.37947307553, "city_id": 11953, "country_iso": "CHN"}]