[{"h3index": "87a8869a0ffffff", "population_2015": 113.93960022739334, "total_built_mass_tons": 41319.13412242553, "city_id": 1391, "country_iso": "BRA"}, {"h3index": "87a8869a4ffffff", "population_2015": 13156.260221364448, "total_built_mass_tons": 1396161.348542309, "city_id": 1391, "country_iso": "BRA"}, {"h3index": "87a8869a6ffffff", "population_2015": 37631.42264127918, "total_built_mass_tons": 3370506.5090620713, "city_id": 1391, "country_iso": "BRA"}, {"h3index": "87a8869b4ffffff", "population_2015": 23.11900673380085, "total_built_mass_tons": 17917.34131236692, "city_id": 1391, "country_iso": "BRA"}, {"h3index": "87a8869b5ffffff", "population_2015": 15179.46102933042, "total_built_mass_tons": 1538073.6323005608, "city_id": 1391, "country_iso": "BRA"}, {"h3index": "87a8b1642ffffff", "population_2015": 9292.71422055282, "total_built_mass_tons": 976787.6802321344, "city_id": 1391, "country_iso": "BRA"}, {"h3index": "87a8b1643ffffff", "population_2015": 15332.605039635357, "total_built_mass_tons": 1564900.687199377, "city_id": 1391, "country_iso": "BRA"}, {"h3index": "87a8b1648ffffff", "population_2015": 8.706959009638018, "total_built_mass_tons": 30611.97249274001, "city_id": 1391, "country_iso": "BRA"}, {"h3index": "87a8b164affffff", "population_2015": 28257.584114859856, "total_built_mass_tons": 3779729.644279887, "city_id": 1391, "country_iso": "BRA"}, {"h3index": "87a8b164bffffff", "population_2015": 13768.79931527493, "total_built_mass_tons": 1141306.470985952, "city_id": 1391, "country_iso": "BRA"}, {"h3index": "87a8b164effffff", "population_2015": 2395.3472207057707, "total_built_mass_tons": 376423.8888287596, "city_id": 1391, "country_iso": "BRA"}, {"h3index": "87a8b1651ffffff", "population_2015": 5242.5228572555625, "total_built_mass_tons": 618473.9208743196, "city_id": 1391, "country_iso": "BRA"}, {"h3index": "87a8b1655ffffff", "population_2015": 43.8516139310949, "total_built_mass_tons": 12065.292814617216, "city_id": 1391, "country_iso": "BRA"}, {"h3index": "87a8b1658ffffff", "population_2015": 11873.332374697104, "total_built_mass_tons": 1344501.1158530232, "city_id": 1391, "country_iso": "BRA"}, {"h3index": "87a8b1659ffffff", "population_2015": 23916.29725547491, "total_built_mass_tons": 2561034.6172331576, "city_id": 1391, "country_iso": "BRA"}, {"h3index": "87a8b165bffffff", "population_2015": 13293.869845968136, "total_built_mass_tons": 1326603.593277776, "city_id": 1391, "country_iso": "BRA"}, {"h3index": "87a8b165cffffff", "population_2015": 19632.102830706383, "total_built_mass_tons": 2162786.205807638, "city_id": 1391, "country_iso": "BRA"}, {"h3index": "87a8b165dffffff", "population_2015": 32176.93053520988, "total_built_mass_tons": 4575090.925323395, "city_id": 1391, "country_iso": "BRA"}, {"h3index": "87a8b165effffff", "population_2015": 2644.5667674190854, "total_built_mass_tons": 432626.48773416114, "city_id": 1391, "country_iso": "BRA"}]