[{"h3index":"87a726192ffffff","population_2015":3.8707339469,"total_built_mass_tons":53195.2676408971,"city_id":11640,"country_iso":"AUS"},{"h3index":"87a726464ffffff","population_2015":3859.634225881,"total_built_mass_tons":1758384.313075697,"city_id":11640,"country_iso":"AUS"},{"h3index":"87a726466ffffff","population_2015":28.1111876768,"total_built_mass_tons":8996.2933610868,"city_id":11640,"country_iso":"AUS"},{"h3index":"87a72650dffffff","population_2015":1175.9547045468,"total_built_mass_tons":499469.2782731625,"city_id":11640,"country_iso":"AUS"},{"h3index":"87a726520ffffff","population_2015":6612.0104871065,"total_built_mass_tons":2463805.2985467352,"city_id":11640,"country_iso":"AUS"},{"h3index":"87a726521ffffff","population_2015":2634.1286642653,"total_built_mass_tons":2441475.4833253333,"city_id":11640,"country_iso":"AUS"},{"h3index":"87a726522ffffff","population_2015":96.1945593951,"total_built_mass_tons":94528.3225068447,"city_id":11640,"country_iso":"AUS"},{"h3index":"87a726523ffffff","population_2015":264.8887946618,"total_built_mass_tons":197085.4058569394,"city_id":11640,"country_iso":"AUS"},{"h3index":"87a726524ffffff","population_2015":5461.4306221237,"total_built_mass_tons":2049957.2400677523,"city_id":11640,"country_iso":"AUS"},{"h3index":"87a726525ffffff","population_2015":7359.4129182753,"total_built_mass_tons":3066041.089534862,"city_id":11640,"country_iso":"AUS"},{"h3index":"87a726526ffffff","population_2015":2041.4309648538,"total_built_mass_tons":830376.1646530326,"city_id":11640,"country_iso":"AUS"},{"h3index":"87a726528ffffff","population_2015":6179.0095933684,"total_built_mass_tons":2623958.5330895763,"city_id":11640,"country_iso":"AUS"},{"h3index":"87a726529ffffff","population_2015":7525.3575296986,"total_built_mass_tons":2888758.547246682,"city_id":11640,"country_iso":"AUS"},{"h3index":"87a72652affffff","population_2015":307.9955295496,"total_built_mass_tons":212350.4358517101,"city_id":11640,"country_iso":"AUS"},{"h3index":"87a72652bffffff","population_2015":2497.8361675794,"total_built_mass_tons":1376248.0334667156,"city_id":11640,"country_iso":"AUS"},{"h3index":"87a72652cffffff","population_2015":1147.415839201,"total_built_mass_tons":4108652.8814643384,"city_id":11640,"country_iso":"AUS"},{"h3index":"87a72652dffffff","population_2015":6760.3853364065,"total_built_mass_tons":2777638.8377826698,"city_id":11640,"country_iso":"AUS"},{"h3index":"87a72652effffff","population_2015":5841.6807284504,"total_built_mass_tons":2065648.1762846543,"city_id":11640,"country_iso":"AUS"},{"h3index":"87a726540ffffff","population_2015":4365.4189214851,"total_built_mass_tons":2362997.4759418769,"city_id":11640,"country_iso":"AUS"},{"h3index":"87a726541ffffff","population_2015":6622.5502355425,"total_built_mass_tons":3149459.976912431,"city_id":11640,"country_iso":"AUS"},{"h3index":"87a726542ffffff","population_2015":3072.625582465,"total_built_mass_tons":1477232.3063785995,"city_id":11640,"country_iso":"AUS"},{"h3index":"87a726543ffffff","population_2015":4228.7050965579,"total_built_mass_tons":2606145.493425482,"city_id":11640,"country_iso":"AUS"},{"h3index":"87a726544ffffff","population_2015":4464.6058619139,"total_built_mass_tons":2256597.5670965211,"city_id":11640,"country_iso":"AUS"},{"h3index":"87a726545ffffff","population_2015":6192.9412590588,"total_built_mass_tons":3139149.9119718531,"city_id":11640,"country_iso":"AUS"},{"h3index":"87a726546ffffff","population_2015":3739.7071188794,"total_built_mass_tons":1868067.1729259456,"city_id":11640,"country_iso":"AUS"},{"h3index":"87a726548ffffff","population_2015":2473.436995395,"total_built_mass_tons":1202679.8332217706,"city_id":11640,"country_iso":"AUS"},{"h3index":"87a72654affffff","population_2015":7691.0552171307,"total_built_mass_tons":3221935.4890571283,"city_id":11640,"country_iso":"AUS"},{"h3index":"87a72654bffffff","population_2015":937.3224141525,"total_built_mass_tons":1017315.6043517508,"city_id":11640,"country_iso":"AUS"},{"h3index":"87a72654cffffff","population_2015":1878.2096074347,"total_built_mass_tons":1021870.5904610388,"city_id":11640,"country_iso":"AUS"},{"h3index":"87a72654effffff","population_2015":5022.193903394,"total_built_mass_tons":2558289.1493846276,"city_id":11640,"country_iso":"AUS"},{"h3index":"87a726550ffffff","population_2015":172.9612194833,"total_built_mass_tons":61783.0750549746,"city_id":11640,"country_iso":"AUS"},{"h3index":"87a726551ffffff","population_2015":3070.0385627291,"total_built_mass_tons":1646805.8242791831,"city_id":11640,"country_iso":"AUS"},{"h3index":"87a726554ffffff","population_2015":23.5505784451,"total_built_mass_tons":52380.8716061652,"city_id":11640,"country_iso":"AUS"},{"h3index":"87a726555ffffff","population_2015":5492.8165491344,"total_built_mass_tons":2395299.0248799245,"city_id":11640,"country_iso":"AUS"},{"h3index":"87a726558ffffff","population_2015":704.3944524728,"total_built_mass_tons":172530.2759888349,"city_id":11640,"country_iso":"AUS"},{"h3index":"87a726559ffffff","population_2015":4621.076715575,"total_built_mass_tons":1837789.6184810416,"city_id":11640,"country_iso":"AUS"},{"h3index":"87a72655cffffff","population_2015":1267.1412144165,"total_built_mass_tons":638913.7832609343,"city_id":11640,"country_iso":"AUS"},{"h3index":"87a72655dffffff","population_2015":2942.1127705881,"total_built_mass_tons":2621698.4783515418,"city_id":11640,"country_iso":"AUS"},{"h3index":"87a72655effffff","population_2015":23.5952676885,"total_built_mass_tons":7662.4967527718,"city_id":11640,"country_iso":"AUS"},{"h3index":"87a726560ffffff","population_2015":6535.4350289894,"total_built_mass_tons":2911713.4097558814,"city_id":11640,"country_iso":"AUS"},{"h3index":"87a726561ffffff","population_2015":6177.6210526334,"total_built_mass_tons":3380588.7409938471,"city_id":11640,"country_iso":"AUS"},{"h3index":"87a726562ffffff","population_2015":5508.7102488171,"total_built_mass_tons":2475358.8104672283,"city_id":11640,"country_iso":"AUS"},{"h3index":"87a726563ffffff","population_2015":5733.0522947393,"total_built_mass_tons":2771926.0943707121,"city_id":11640,"country_iso":"AUS"},{"h3index":"87a726564ffffff","population_2015":6105.3155627413,"total_built_mass_tons":2920486.9716092004,"city_id":11640,"country_iso":"AUS"},{"h3index":"87a726565ffffff","population_2015":5014.419907692,"total_built_mass_tons":2654788.8352595931,"city_id":11640,"country_iso":"AUS"},{"h3index":"87a726566ffffff","population_2015":6084.2613855507,"total_built_mass_tons":2953630.1357706184,"city_id":11640,"country_iso":"AUS"},{"h3index":"87a72656affffff","population_2015":3673.766171072,"total_built_mass_tons":1918657.1920481615,"city_id":11640,"country_iso":"AUS"},{"h3index":"87a72656cffffff","population_2015":269.8571407519,"total_built_mass_tons":213772.1693750933,"city_id":11640,"country_iso":"AUS"},{"h3index":"87a72656effffff","population_2015":6084.2967984255,"total_built_mass_tons":2869910.4721217146,"city_id":11640,"country_iso":"AUS"},{"h3index":"87a726570ffffff","population_2015":5316.8774690826,"total_built_mass_tons":3115394.8390707895,"city_id":11640,"country_iso":"AUS"},{"h3index":"87a726571ffffff","population_2015":4466.0451730673,"total_built_mass_tons":1937465.7958229787,"city_id":11640,"country_iso":"AUS"},{"h3index":"87a726572ffffff","population_2015":6.7732472508,"total_built_mass_tons":1956735.5331468277,"city_id":11640,"country_iso":"AUS"},{"h3index":"87a726573ffffff","population_2015":894.1808257805,"total_built_mass_tons":3130044.8641006593,"city_id":11640,"country_iso":"AUS"},{"h3index":"87a726574ffffff","population_2015":6320.2925921382,"total_built_mass_tons":2237571.7490682956,"city_id":11640,"country_iso":"AUS"},{"h3index":"87a726575ffffff","population_2015":5262.1300156474,"total_built_mass_tons":2395483.431867436,"city_id":11640,"country_iso":"AUS"},{"h3index":"87a726576ffffff","population_2015":6785.9042593487,"total_built_mass_tons":2922287.298300344,"city_id":11640,"country_iso":"AUS"},{"h3index":"87a726c00ffffff","population_2015":2960.4264986412,"total_built_mass_tons":1399544.4065238382,"city_id":11640,"country_iso":"AUS"},{"h3index":"87a726c01ffffff","population_2015":7583.6159496456,"total_built_mass_tons":3522533.9202531856,"city_id":11640,"country_iso":"AUS"},{"h3index":"87a726c02ffffff","population_2015":3935.4169653861,"total_built_mass_tons":1772254.7206017086,"city_id":11640,"country_iso":"AUS"},{"h3index":"87a726c03ffffff","population_2015":5948.9786030775,"total_built_mass_tons":2615227.9449748383,"city_id":11640,"country_iso":"AUS"},{"h3index":"87a726c04ffffff","population_2015":5922.8674383051,"total_built_mass_tons":2918905.4530850872,"city_id":11640,"country_iso":"AUS"},{"h3index":"87a726c05ffffff","population_2015":6468.4243581562,"total_built_mass_tons":2937714.6932866438,"city_id":11640,"country_iso":"AUS"},{"h3index":"87a726c06ffffff","population_2015":7075.2748555968,"total_built_mass_tons":3196707.6216049562,"city_id":11640,"country_iso":"AUS"},{"h3index":"87a726c08ffffff","population_2015":1545.7355070485,"total_built_mass_tons":888294.6052490261,"city_id":11640,"country_iso":"AUS"},{"h3index":"87a726c09ffffff","population_2015":3679.663641768,"total_built_mass_tons":1746418.1851984025,"city_id":11640,"country_iso":"AUS"},{"h3index":"87a726c0affffff","population_2015":228.9543748243,"total_built_mass_tons":460350.9166110181,"city_id":11640,"country_iso":"AUS"},{"h3index":"87a726c0bffffff","population_2015":7636.8253832303,"total_built_mass_tons":3240079.7922824696,"city_id":11640,"country_iso":"AUS"},{"h3index":"87a726c0cffffff","population_2015":788.179504282,"total_built_mass_tons":523995.723233821,"city_id":11640,"country_iso":"AUS"},{"h3index":"87a726c0dffffff","population_2015":625.0114945569,"total_built_mass_tons":628187.4280412776,"city_id":11640,"country_iso":"AUS"},{"h3index":"87a726c0effffff","population_2015":2855.9317544612,"total_built_mass_tons":1497557.4838644811,"city_id":11640,"country_iso":"AUS"},{"h3index":"87a726c10ffffff","population_2015":6643.806509643,"total_built_mass_tons":3696407.265152331,"city_id":11640,"country_iso":"AUS"},{"h3index":"87a726c11ffffff","population_2015":7190.3084178032,"total_built_mass_tons":3220623.9561380544,"city_id":11640,"country_iso":"AUS"},{"h3index":"87a726c12ffffff","population_2015":3527.4385218811,"total_built_mass_tons":4335795.1341363089,"city_id":11640,"country_iso":"AUS"},{"h3index":"87a726c13ffffff","population_2015":4968.1580682674,"total_built_mass_tons":4962952.5964904353,"city_id":11640,"country_iso":"AUS"},{"h3index":"87a726c14ffffff","population_2015":4261.767662089,"total_built_mass_tons":2236215.5172761278,"city_id":11640,"country_iso":"AUS"},{"h3index":"87a726c15ffffff","population_2015":4170.6369142605,"total_built_mass_tons":2002985.9098551888,"city_id":11640,"country_iso":"AUS"},{"h3index":"87a726c16ffffff","population_2015":4748.3538482467,"total_built_mass_tons":3412398.3998108879,"city_id":11640,"country_iso":"AUS"},{"h3index":"87a726c18ffffff","population_2015":8660.4389877838,"total_built_mass_tons":3416298.1088489164,"city_id":11640,"country_iso":"AUS"},{"h3index":"87a726c19ffffff","population_2015":2739.3019592446,"total_built_mass_tons":1378469.3304324094,"city_id":11640,"country_iso":"AUS"},{"h3index":"87a726c1affffff","population_2015":4837.7224975442,"total_built_mass_tons":2507161.0403279811,"city_id":11640,"country_iso":"AUS"},{"h3index":"87a726c1bffffff","population_2015":4579.8744324005,"total_built_mass_tons":3079520.0442149267,"city_id":11640,"country_iso":"AUS"},{"h3index":"87a726c1cffffff","population_2015":4782.2848174142,"total_built_mass_tons":2340266.6778796166,"city_id":11640,"country_iso":"AUS"},{"h3index":"87a726c1dffffff","population_2015":4353.5759962082,"total_built_mass_tons":1533997.9599115448,"city_id":11640,"country_iso":"AUS"},{"h3index":"87a726c1effffff","population_2015":7961.4734995151,"total_built_mass_tons":3907432.5965243545,"city_id":11640,"country_iso":"AUS"},{"h3index":"87a726c20ffffff","population_2015":5008.5673279392,"total_built_mass_tons":2321436.2668869579,"city_id":11640,"country_iso":"AUS"},{"h3index":"87a726c21ffffff","population_2015":1752.1662559667,"total_built_mass_tons":2121798.9562378996,"city_id":11640,"country_iso":"AUS"},{"h3index":"87a726c22ffffff","population_2015":6701.7113438076,"total_built_mass_tons":3122413.8298859373,"city_id":11640,"country_iso":"AUS"},{"h3index":"87a726c23ffffff","population_2015":6608.7925908295,"total_built_mass_tons":3343973.1857208349,"city_id":11640,"country_iso":"AUS"},{"h3index":"87a726c25ffffff","population_2015":554.9188319543,"total_built_mass_tons":319422.4849487605,"city_id":11640,"country_iso":"AUS"},{"h3index":"87a726c26ffffff","population_2015":228.4820705651,"total_built_mass_tons":713675.6065019552,"city_id":11640,"country_iso":"AUS"},{"h3index":"87a726c28ffffff","population_2015":6842.4028961689,"total_built_mass_tons":3546413.2246397482,"city_id":11640,"country_iso":"AUS"},{"h3index":"87a726c29ffffff","population_2015":9126.3477768079,"total_built_mass_tons":3712259.5204786388,"city_id":11640,"country_iso":"AUS"},{"h3index":"87a726c2affffff","population_2015":4977.8367725416,"total_built_mass_tons":2880811.8859906215,"city_id":11640,"country_iso":"AUS"},{"h3index":"87a726c2bffffff","population_2015":7939.4159988309,"total_built_mass_tons":3373048.3606491191,"city_id":11640,"country_iso":"AUS"},{"h3index":"87a726c2cffffff","population_2015":6725.3279705167,"total_built_mass_tons":3191891.6203250736,"city_id":11640,"country_iso":"AUS"},{"h3index":"87a726c2dffffff","population_2015":3433.1082258359,"total_built_mass_tons":4422081.2651363928,"city_id":11640,"country_iso":"AUS"},{"h3index":"87a726c2effffff","population_2015":6606.3428276878,"total_built_mass_tons":2823322.8796472531,"city_id":11640,"country_iso":"AUS"},{"h3index":"87a726c30ffffff","population_2015":1115.9731221913,"total_built_mass_tons":4266090.7720694458,"city_id":11640,"country_iso":"AUS"},{"h3index":"87a726c31ffffff","population_2015":7109.9831151699,"total_built_mass_tons":3358668.8961430052,"city_id":11640,"country_iso":"AUS"},{"h3index":"87a726c32ffffff","population_2015":5458.4935681345,"total_built_mass_tons":2864053.341637963,"city_id":11640,"country_iso":"AUS"},{"h3index":"87a726c33ffffff","population_2015":6026.3537922054,"total_built_mass_tons":2717570.6233524876,"city_id":11640,"country_iso":"AUS"},{"h3index":"87a726c34ffffff","population_2015":8558.0372213714,"total_built_mass_tons":4076531.3487168099,"city_id":11640,"country_iso":"AUS"},{"h3index":"87a726c35ffffff","population_2015":1876.5650790603,"total_built_mass_tons":3405140.4132104851,"city_id":11640,"country_iso":"AUS"},{"h3index":"87a726c36ffffff","population_2015":7474.883062547,"total_built_mass_tons":3469440.8218531511,"city_id":11640,"country_iso":"AUS"},{"h3index":"87a726c50ffffff","population_2015":757.020218167,"total_built_mass_tons":1207377.1002300766,"city_id":11640,"country_iso":"AUS"},{"h3index":"87a726c52ffffff","population_2015":1849.4052311706,"total_built_mass_tons":1162009.0067043237,"city_id":11640,"country_iso":"AUS"},{"h3index":"87a726c54ffffff","population_2015":7037.437247014,"total_built_mass_tons":3260082.5137804551,"city_id":11640,"country_iso":"AUS"},{"h3index":"87a726c55ffffff","population_2015":46.7144321161,"total_built_mass_tons":51352.0877419024,"city_id":11640,"country_iso":"AUS"},{"h3index":"87a726c56ffffff","population_2015":5564.7655046053,"total_built_mass_tons":2909348.0543034985,"city_id":11640,"country_iso":"AUS"},{"h3index":"87a726c70ffffff","population_2015":3819.8799253604,"total_built_mass_tons":1747697.9636910018,"city_id":11640,"country_iso":"AUS"},{"h3index":"87a726c72ffffff","population_2015":3933.2745719103,"total_built_mass_tons":1969795.2819496205,"city_id":11640,"country_iso":"AUS"},{"h3index":"87a726c73ffffff","population_2015":1617.1290848178,"total_built_mass_tons":844987.5421621739,"city_id":11640,"country_iso":"AUS"},{"h3index":"87a726c74ffffff","population_2015":5390.2814121182,"total_built_mass_tons":2784548.9485646626,"city_id":11640,"country_iso":"AUS"},{"h3index":"87a726c75ffffff","population_2015":42.7605514177,"total_built_mass_tons":183139.4595254769,"city_id":11640,"country_iso":"AUS"},{"h3index":"87a726c76ffffff","population_2015":3814.3311795176,"total_built_mass_tons":2016845.7886865237,"city_id":11640,"country_iso":"AUS"},{"h3index":"87a726c81ffffff","population_2015":28.7183776133,"total_built_mass_tons":595633.5974683869,"city_id":11640,"country_iso":"AUS"},{"h3index":"87a726c88ffffff","population_2015":1949.9799202023,"total_built_mass_tons":3154720.327723064,"city_id":11640,"country_iso":"AUS"},{"h3index":"87a726c89ffffff","population_2015":5172.0951455861,"total_built_mass_tons":3644228.5620158622,"city_id":11640,"country_iso":"AUS"},{"h3index":"87a726c8affffff","population_2015":6051.8379913958,"total_built_mass_tons":3158711.4449084038,"city_id":11640,"country_iso":"AUS"},{"h3index":"87a726c8bffffff","population_2015":4761.4884185591,"total_built_mass_tons":3273602.9260132434,"city_id":11640,"country_iso":"AUS"},{"h3index":"87a726c8cffffff","population_2015":2941.275600559,"total_built_mass_tons":2286560.7820582585,"city_id":11640,"country_iso":"AUS"},{"h3index":"87a726c8dffffff","population_2015":4919.9508388459,"total_built_mass_tons":2476784.2778781587,"city_id":11640,"country_iso":"AUS"},{"h3index":"87a726c8effffff","population_2015":1549.9721934941,"total_built_mass_tons":1828487.7361292536,"city_id":11640,"country_iso":"AUS"},{"h3index":"87a726c99ffffff","population_2015":55.8380113447,"total_built_mass_tons":85550.1822440935,"city_id":11640,"country_iso":"AUS"},{"h3index":"87a726c9dffffff","population_2015":229.2980603002,"total_built_mass_tons":604916.9948723321,"city_id":11640,"country_iso":"AUS"},{"h3index":"87a726ca0ffffff","population_2015":1235.8155388737,"total_built_mass_tons":1578871.4343054574,"city_id":11640,"country_iso":"AUS"},{"h3index":"87a726ca1ffffff","population_2015":3.0317792659,"total_built_mass_tons":4056252.155344855,"city_id":11640,"country_iso":"AUS"},{"h3index":"87a726ca3ffffff","population_2015":1.0285469725,"total_built_mass_tons":355725.678095023,"city_id":11640,"country_iso":"AUS"},{"h3index":"87a726ca4ffffff","population_2015":834.7139620791,"total_built_mass_tons":536793.4335722108,"city_id":11640,"country_iso":"AUS"},{"h3index":"87a726ca5ffffff","population_2015":2638.179333689,"total_built_mass_tons":2619380.7906189808,"city_id":11640,"country_iso":"AUS"},{"h3index":"87a726ca6ffffff","population_2015":11.5044326894,"total_built_mass_tons":45218.7773256985,"city_id":11640,"country_iso":"AUS"},{"h3index":"87a726ca8ffffff","population_2015":6166.5490148569,"total_built_mass_tons":3966837.5574136432,"city_id":11640,"country_iso":"AUS"},{"h3index":"87a726ca9ffffff","population_2015":4390.123361941,"total_built_mass_tons":2723990.375362921,"city_id":11640,"country_iso":"AUS"},{"h3index":"87a726caaffffff","population_2015":5884.4923626213,"total_built_mass_tons":2409218.52210325,"city_id":11640,"country_iso":"AUS"},{"h3index":"87a726cabffffff","population_2015":3056.4127791741,"total_built_mass_tons":2666343.393878975,"city_id":11640,"country_iso":"AUS"},{"h3index":"87a726cacffffff","population_2015":4356.2962873715,"total_built_mass_tons":3872846.8353031473,"city_id":11640,"country_iso":"AUS"},{"h3index":"87a726cadffffff","population_2015":8637.2337454067,"total_built_mass_tons":4043870.6730152401,"city_id":11640,"country_iso":"AUS"},{"h3index":"87a726caeffffff","population_2015":2843.9812831633,"total_built_mass_tons":2869016.153622007,"city_id":11640,"country_iso":"AUS"},{"h3index":"87a726cc0ffffff","population_2015":5514.3762758306,"total_built_mass_tons":4301305.9202898713,"city_id":11640,"country_iso":"AUS"},{"h3index":"87a726cc1ffffff","population_2015":5949.6086059247,"total_built_mass_tons":3739995.1482194411,"city_id":11640,"country_iso":"AUS"},{"h3index":"87a726cc2ffffff","population_2015":10197.375912958,"total_built_mass_tons":3596024.1335396199,"city_id":11640,"country_iso":"AUS"},{"h3index":"87a726cc3ffffff","population_2015":6252.7765610691,"total_built_mass_tons":3043380.0396585874,"city_id":11640,"country_iso":"AUS"},{"h3index":"87a726cc4ffffff","population_2015":7159.9200179408,"total_built_mass_tons":2691719.6055114251,"city_id":11640,"country_iso":"AUS"},{"h3index":"87a726cc5ffffff","population_2015":1481.8606529918,"total_built_mass_tons":1762680.3757544628,"city_id":11640,"country_iso":"AUS"},{"h3index":"87a726cc6ffffff","population_2015":9101.3571481406,"total_built_mass_tons":3241106.7081016512,"city_id":11640,"country_iso":"AUS"},{"h3index":"87a726cc8ffffff","population_2015":3531.1163393192,"total_built_mass_tons":1912909.6095760472,"city_id":11640,"country_iso":"AUS"},{"h3index":"87a726cc9ffffff","population_2015":803.6702112483,"total_built_mass_tons":439816.0840752143,"city_id":11640,"country_iso":"AUS"},{"h3index":"87a726ccaffffff","population_2015":3987.2099415295,"total_built_mass_tons":1836539.4976972151,"city_id":11640,"country_iso":"AUS"},{"h3index":"87a726ccbffffff","population_2015":3732.6693260779,"total_built_mass_tons":2068152.0429890931,"city_id":11640,"country_iso":"AUS"},{"h3index":"87a726cccffffff","population_2015":10481.4039961349,"total_built_mass_tons":3679530.1648139497,"city_id":11640,"country_iso":"AUS"},{"h3index":"87a726ccdffffff","population_2015":1723.0104895371,"total_built_mass_tons":896989.0137751375,"city_id":11640,"country_iso":"AUS"},{"h3index":"87a726cceffffff","population_2015":6510.0163091907,"total_built_mass_tons":2761549.2821709197,"city_id":11640,"country_iso":"AUS"},{"h3index":"87a726cd0ffffff","population_2015":6855.2214958103,"total_built_mass_tons":2783654.5781025216,"city_id":11640,"country_iso":"AUS"},{"h3index":"87a726cd1ffffff","population_2015":6763.9142430102,"total_built_mass_tons":3018848.5300669488,"city_id":11640,"country_iso":"AUS"},{"h3index":"87a726cd2ffffff","population_2015":4954.3047722778,"total_built_mass_tons":2683900.2140628262,"city_id":11640,"country_iso":"AUS"},{"h3index":"87a726cd3ffffff","population_2015":4796.3801443128,"total_built_mass_tons":2875128.8200178919,"city_id":11640,"country_iso":"AUS"},{"h3index":"87a726cd4ffffff","population_2015":8292.0394042716,"total_built_mass_tons":3521954.7872528182,"city_id":11640,"country_iso":"AUS"},{"h3index":"87a726cd5ffffff","population_2015":7234.1728382177,"total_built_mass_tons":3099325.0749598192,"city_id":11640,"country_iso":"AUS"},{"h3index":"87a726cd6ffffff","population_2015":6528.5707662339,"total_built_mass_tons":3428781.9794725622,"city_id":11640,"country_iso":"AUS"},{"h3index":"87a726cd8ffffff","population_2015":4539.0876433532,"total_built_mass_tons":2716966.3400333216,"city_id":11640,"country_iso":"AUS"},{"h3index":"87a726cd9ffffff","population_2015":5046.0403047159,"total_built_mass_tons":2849203.6018122751,"city_id":11640,"country_iso":"AUS"},{"h3index":"87a726cdaffffff","population_2015":6948.1859541186,"total_built_mass_tons":3030230.621290043,"city_id":11640,"country_iso":"AUS"},{"h3index":"87a726cdbffffff","population_2015":4621.2108476767,"total_built_mass_tons":2324782.4317335868,"city_id":11640,"country_iso":"AUS"},{"h3index":"87a726cdcffffff","population_2015":8010.5198770621,"total_built_mass_tons":3536152.9103851812,"city_id":11640,"country_iso":"AUS"},{"h3index":"87a726cddffffff","population_2015":4255.7369435833,"total_built_mass_tons":3625713.6318308935,"city_id":11640,"country_iso":"AUS"},{"h3index":"87a726cdeffffff","population_2015":6517.4754692514,"total_built_mass_tons":2914697.1973218205,"city_id":11640,"country_iso":"AUS"},{"h3index":"87a726ce0ffffff","population_2015":8631.2039231085,"total_built_mass_tons":4158355.0851992266,"city_id":11640,"country_iso":"AUS"},{"h3index":"87a726ce1ffffff","population_2015":3239.3930450534,"total_built_mass_tons":1889029.7975842769,"city_id":11640,"country_iso":"AUS"},{"h3index":"87a726ce2ffffff","population_2015":7457.1779263576,"total_built_mass_tons":3442299.791960597,"city_id":11640,"country_iso":"AUS"},{"h3index":"87a726ce3ffffff","population_2015":9388.7765083054,"total_built_mass_tons":3032886.9107555076,"city_id":11640,"country_iso":"AUS"},{"h3index":"87a726ce4ffffff","population_2015":2854.2464561446,"total_built_mass_tons":1522636.4534240756,"city_id":11640,"country_iso":"AUS"},{"h3index":"87a726ce5ffffff","population_2015":2630.1685608068,"total_built_mass_tons":2527271.8197341673,"city_id":11640,"country_iso":"AUS"},{"h3index":"87a726ce6ffffff","population_2015":2464.0220911354,"total_built_mass_tons":2114981.011899366,"city_id":11640,"country_iso":"AUS"},{"h3index":"87a726ce8ffffff","population_2015":4167.9700209684,"total_built_mass_tons":2514820.0371491639,"city_id":11640,"country_iso":"AUS"},{"h3index":"87a726ceaffffff","population_2015":7426.8165047232,"total_built_mass_tons":3037042.9999260381,"city_id":11640,"country_iso":"AUS"},{"h3index":"87a726cebffffff","population_2015":4472.2944244298,"total_built_mass_tons":1821254.5680197063,"city_id":11640,"country_iso":"AUS"},{"h3index":"87a726cecffffff","population_2015":1220.0808105257,"total_built_mass_tons":806244.4417036116,"city_id":11640,"country_iso":"AUS"},{"h3index":"87a726cedffffff","population_2015":14.3049791392,"total_built_mass_tons":36437.2840242796,"city_id":11640,"country_iso":"AUS"},{"h3index":"87a726ceeffffff","population_2015":3427.180525468,"total_built_mass_tons":2047969.9612123496,"city_id":11640,"country_iso":"AUS"},{"h3index":"87a726cf0ffffff","population_2015":10200.8892942171,"total_built_mass_tons":4134235.0098823179,"city_id":11640,"country_iso":"AUS"},{"h3index":"87a726cf1ffffff","population_2015":9827.8494845296,"total_built_mass_tons":4121307.7430936377,"city_id":11640,"country_iso":"AUS"},{"h3index":"87a726cf2ffffff","population_2015":9756.8434280601,"total_built_mass_tons":4159448.5637373938,"city_id":11640,"country_iso":"AUS"},{"h3index":"87a726cf3ffffff","population_2015":4084.5386518003,"total_built_mass_tons":2076682.1056383192,"city_id":11640,"country_iso":"AUS"},{"h3index":"87a726cf4ffffff","population_2015":4036.3124532575,"total_built_mass_tons":2473675.0923136333,"city_id":11640,"country_iso":"AUS"},{"h3index":"87a726cf5ffffff","population_2015":8068.5420929801,"total_built_mass_tons":5942198.8332244586,"city_id":11640,"country_iso":"AUS"},{"h3index":"87a726cf6ffffff","population_2015":6479.0134045625,"total_built_mass_tons":1979287.3835503776,"city_id":11640,"country_iso":"AUS"},{"h3index":"87a726d09ffffff","population_2015":259.8582563456,"total_built_mass_tons":112661.1535259086,"city_id":11640,"country_iso":"AUS"},{"h3index":"87a726d0dffffff","population_2015":0.0024173941,"total_built_mass_tons":2779.5387373183,"city_id":11640,"country_iso":"AUS"},{"h3index":"87a726d18ffffff","population_2015":783.6172289529,"total_built_mass_tons":540218.4086591037,"city_id":11640,"country_iso":"AUS"},{"h3index":"87a726d1affffff","population_2015":6138.4643568417,"total_built_mass_tons":2978210.1418265114,"city_id":11640,"country_iso":"AUS"},{"h3index":"87a726d1bffffff","population_2015":5391.2437173037,"total_built_mass_tons":2708194.9393930193,"city_id":11640,"country_iso":"AUS"},{"h3index":"87a726d1effffff","population_2015":719.466752435,"total_built_mass_tons":473273.7027738126,"city_id":11640,"country_iso":"AUS"},{"h3index":"87a726d42ffffff","population_2015":325.3733836354,"total_built_mass_tons":1015613.8640950634,"city_id":11640,"country_iso":"AUS"},{"h3index":"87a726d46ffffff","population_2015":4199.865284546,"total_built_mass_tons":2083648.7214279876,"city_id":11640,"country_iso":"AUS"},{"h3index":"87a726d50ffffff","population_2015":3071.8161771342,"total_built_mass_tons":2639764.0470478861,"city_id":11640,"country_iso":"AUS"},{"h3index":"87a726d51ffffff","population_2015":4929.5948309299,"total_built_mass_tons":2747557.5026007351,"city_id":11640,"country_iso":"AUS"},{"h3index":"87a726d52ffffff","population_2015":2108.1924649086,"total_built_mass_tons":1056556.5557873575,"city_id":11640,"country_iso":"AUS"},{"h3index":"87a726d53ffffff","population_2015":5483.7190628364,"total_built_mass_tons":2804152.6471573645,"city_id":11640,"country_iso":"AUS"},{"h3index":"87a726d54ffffff","population_2015":2020.5000507497,"total_built_mass_tons":3337547.3070882675,"city_id":11640,"country_iso":"AUS"},{"h3index":"87a726d55ffffff","population_2015":4638.0678185644,"total_built_mass_tons":3090650.8082072018,"city_id":11640,"country_iso":"AUS"},{"h3index":"87a726d56ffffff","population_2015":0.0489892612,"total_built_mass_tons":23472.1031843289,"city_id":11640,"country_iso":"AUS"},{"h3index":"87a726d58ffffff","population_2015":4774.5266095028,"total_built_mass_tons":2620942.586816797,"city_id":11640,"country_iso":"AUS"},{"h3index":"87a726d59ffffff","population_2015":1.4626957936,"total_built_mass_tons":77901.9555400049,"city_id":11640,"country_iso":"AUS"},{"h3index":"87a726d5affffff","population_2015":5601.0280067537,"total_built_mass_tons":3028357.0880654333,"city_id":11640,"country_iso":"AUS"},{"h3index":"87a726d5bffffff","population_2015":1111.0574119272,"total_built_mass_tons":3091487.487647465,"city_id":11640,"country_iso":"AUS"},{"h3index":"87a726d5cffffff","population_2015":1142.1437840493,"total_built_mass_tons":1571834.7577792532,"city_id":11640,"country_iso":"AUS"},{"h3index":"87a726d5effffff","population_2015":6349.5374532198,"total_built_mass_tons":3199149.9815650596,"city_id":11640,"country_iso":"AUS"},{"h3index":"87a726d70ffffff","population_2015":129.0896359731,"total_built_mass_tons":244956.8456839306,"city_id":11640,"country_iso":"AUS"},{"h3index":"87a726d71ffffff","population_2015":58.4706628546,"total_built_mass_tons":95113.5698921629,"city_id":11640,"country_iso":"AUS"},{"h3index":"87a726d72ffffff","population_2015":4781.8590812922,"total_built_mass_tons":1887938.7063619092,"city_id":11640,"country_iso":"AUS"},{"h3index":"87a726d73ffffff","population_2015":4217.9177739041,"total_built_mass_tons":2771852.4457313125,"city_id":11640,"country_iso":"AUS"},{"h3index":"87a726d81ffffff","population_2015":1524.4863897849,"total_built_mass_tons":810947.5164188538,"city_id":11640,"country_iso":"AUS"},{"h3index":"87a726d83ffffff","population_2015":106.6002685252,"total_built_mass_tons":43368.333636582,"city_id":11640,"country_iso":"AUS"},{"h3index":"87a726d85ffffff","population_2015":609.4959834903,"total_built_mass_tons":331065.2437356187,"city_id":11640,"country_iso":"AUS"},{"h3index":"87a726d88ffffff","population_2015":2988.5722591017,"total_built_mass_tons":3393471.0370049272,"city_id":11640,"country_iso":"AUS"},{"h3index":"87a726d89ffffff","population_2015":2240.615620107,"total_built_mass_tons":2191200.7103384901,"city_id":11640,"country_iso":"AUS"},{"h3index":"87a726d8affffff","population_2015":729.8577239605,"total_built_mass_tons":760353.2838006988,"city_id":11640,"country_iso":"AUS"},{"h3index":"87a726d8bffffff","population_2015":2997.3961308938,"total_built_mass_tons":1643236.2850377203,"city_id":11640,"country_iso":"AUS"},{"h3index":"87a726d8cffffff","population_2015":3064.8465167922,"total_built_mass_tons":2368632.2736594747,"city_id":11640,"country_iso":"AUS"},{"h3index":"87a726d8dffffff","population_2015":5638.0654094732,"total_built_mass_tons":2835905.934475549,"city_id":11640,"country_iso":"AUS"},{"h3index":"87a726d8effffff","population_2015":3637.6865612431,"total_built_mass_tons":2892785.8976061,"city_id":11640,"country_iso":"AUS"},{"h3index":"87a726da8ffffff","population_2015":4536.5449820608,"total_built_mass_tons":1931629.1301889436,"city_id":11640,"country_iso":"AUS"},{"h3index":"87a726da9ffffff","population_2015":7133.3365664098,"total_built_mass_tons":2786577.040367044,"city_id":11640,"country_iso":"AUS"},{"h3index":"87a726daaffffff","population_2015":6278.8596526585,"total_built_mass_tons":3041383.5855332534,"city_id":11640,"country_iso":"AUS"},{"h3index":"87a726dabffffff","population_2015":6612.4796261585,"total_built_mass_tons":3015543.0304691442,"city_id":11640,"country_iso":"AUS"},{"h3index":"87a726dadffffff","population_2015":335.3497922631,"total_built_mass_tons":200856.0940674956,"city_id":11640,"country_iso":"AUS"},{"h3index":"87a726daeffffff","population_2015":2214.3951521878,"total_built_mass_tons":895955.1505703729,"city_id":11640,"country_iso":"AUS"}]