[{"h3index":"878044482ffffff","population_2015":1572.6527123358,"total_built_mass_tons":176403.2788531116,"city_id":1165,"country_iso":"BRA"},{"h3index":"878044486ffffff","population_2015":14349.9539460753,"total_built_mass_tons":1347061.5619103415,"city_id":1165,"country_iso":"BRA"},{"h3index":"878044490ffffff","population_2015":150.9682382715,"total_built_mass_tons":30573.0829767112,"city_id":1165,"country_iso":"BRA"},{"h3index":"878044491ffffff","population_2015":5154.4172106388,"total_built_mass_tons":1066164.9387997666,"city_id":1165,"country_iso":"BRA"},{"h3index":"878044494ffffff","population_2015":227.646602985,"total_built_mass_tons":181035.228303311,"city_id":1165,"country_iso":"BRA"},{"h3index":"878044495ffffff","population_2015":1309.0512402937,"total_built_mass_tons":255342.8506906625,"city_id":1165,"country_iso":"BRA"},{"h3index":"8780444b0ffffff","population_2015":19201.025918207,"total_built_mass_tons":1713675.6093406486,"city_id":1165,"country_iso":"BRA"},{"h3index":"8780444b1ffffff","population_2015":30447.5933165045,"total_built_mass_tons":2166560.2670520791,"city_id":1165,"country_iso":"BRA"},{"h3index":"8780444b2ffffff","population_2015":15590.9160671861,"total_built_mass_tons":1344172.0647201191,"city_id":1165,"country_iso":"BRA"},{"h3index":"8780444b3ffffff","population_2015":48875.5543895773,"total_built_mass_tons":2826066.6459811484,"city_id":1165,"country_iso":"BRA"},{"h3index":"8780444b4ffffff","population_2015":42833.3504164808,"total_built_mass_tons":3378931.1640274711,"city_id":1165,"country_iso":"BRA"},{"h3index":"8780444b5ffffff","population_2015":6373.4510827644,"total_built_mass_tons":1242470.8966201011,"city_id":1165,"country_iso":"BRA"},{"h3index":"8780444b6ffffff","population_2015":30169.9994232888,"total_built_mass_tons":2961418.0410679192,"city_id":1165,"country_iso":"BRA"},{"h3index":"878044580ffffff","population_2015":2003.7537005238,"total_built_mass_tons":756906.4432789697,"city_id":1165,"country_iso":"BRA"},{"h3index":"878044582ffffff","population_2015":69589.6166717866,"total_built_mass_tons":4443106.3869675174,"city_id":1165,"country_iso":"BRA"},{"h3index":"878044583ffffff","population_2015":73.9099606981,"total_built_mass_tons":13565.1445325427,"city_id":1165,"country_iso":"BRA"},{"h3index":"878044584ffffff","population_2015":23540.8436609343,"total_built_mass_tons":1382803.2156844777,"city_id":1165,"country_iso":"BRA"},{"h3index":"878044586ffffff","population_2015":73167.835777653,"total_built_mass_tons":7543361.6951790489,"city_id":1165,"country_iso":"BRA"},{"h3index":"878044590ffffff","population_2015":33310.6414347805,"total_built_mass_tons":2112724.0598686449,"city_id":1165,"country_iso":"BRA"},{"h3index":"878044591ffffff","population_2015":70625.811646029,"total_built_mass_tons":4569237.5990140438,"city_id":1165,"country_iso":"BRA"},{"h3index":"878044592ffffff","population_2015":2461.5620478684,"total_built_mass_tons":136953.7356764222,"city_id":1165,"country_iso":"BRA"},{"h3index":"878044593ffffff","population_2015":47889.2172145099,"total_built_mass_tons":3361874.7799552688,"city_id":1165,"country_iso":"BRA"},{"h3index":"878044594ffffff","population_2015":64599.5187672905,"total_built_mass_tons":2205051.5967596858,"city_id":1165,"country_iso":"BRA"},{"h3index":"878044595ffffff","population_2015":83757.7788961261,"total_built_mass_tons":6112814.2347368933,"city_id":1165,"country_iso":"BRA"},{"h3index":"878044598ffffff","population_2015":5578.2197658188,"total_built_mass_tons":1298069.0080140224,"city_id":1165,"country_iso":"BRA"},{"h3index":"87804459affffff","population_2015":30738.8853133566,"total_built_mass_tons":2194122.4600923765,"city_id":1165,"country_iso":"BRA"},{"h3index":"87804459bffffff","population_2015":4934.0433848512,"total_built_mass_tons":1186245.0144590312,"city_id":1165,"country_iso":"BRA"},{"h3index":"87804459cffffff","population_2015":58624.1569956305,"total_built_mass_tons":3049412.5731495502,"city_id":1165,"country_iso":"BRA"},{"h3index":"87804459dffffff","population_2015":0.9212967087,"total_built_mass_tons":25616.1505127533,"city_id":1165,"country_iso":"BRA"},{"h3index":"87804459effffff","population_2015":31874.8919217769,"total_built_mass_tons":2201310.0710530607,"city_id":1165,"country_iso":"BRA"},{"h3index":"8780445b1ffffff","population_2015":52374.483233852,"total_built_mass_tons":1681030.1828801311,"city_id":1165,"country_iso":"BRA"},{"h3index":"8780445b2ffffff","population_2015":1710.37024239,"total_built_mass_tons":300207.1169549541,"city_id":1165,"country_iso":"BRA"},{"h3index":"8780445b3ffffff","population_2015":101313.4557291779,"total_built_mass_tons":4235683.1152491029,"city_id":1165,"country_iso":"BRA"},{"h3index":"878046940ffffff","population_2015":19405.7048641326,"total_built_mass_tons":2172487.7426532153,"city_id":1165,"country_iso":"BRA"},{"h3index":"878046941ffffff","population_2015":39691.1384172926,"total_built_mass_tons":2426045.7374806749,"city_id":1165,"country_iso":"BRA"},{"h3index":"878046942ffffff","population_2015":26004.6549293406,"total_built_mass_tons":1573613.7676865407,"city_id":1165,"country_iso":"BRA"},{"h3index":"878046943ffffff","population_2015":20895.0276574102,"total_built_mass_tons":2036945.6307535772,"city_id":1165,"country_iso":"BRA"},{"h3index":"878046944ffffff","population_2015":16601.0219715745,"total_built_mass_tons":1125410.1348411515,"city_id":1165,"country_iso":"BRA"},{"h3index":"878046945ffffff","population_2015":15072.733909102,"total_built_mass_tons":2110815.0338054821,"city_id":1165,"country_iso":"BRA"},{"h3index":"878046946ffffff","population_2015":18118.7251878449,"total_built_mass_tons":1624410.9155263018,"city_id":1165,"country_iso":"BRA"},{"h3index":"878046948ffffff","population_2015":1700.0840279878,"total_built_mass_tons":139676.7491598621,"city_id":1165,"country_iso":"BRA"},{"h3index":"878046949ffffff","population_2015":0.0179411103,"total_built_mass_tons":145.3940507142,"city_id":1165,"country_iso":"BRA"},{"h3index":"87804694cffffff","population_2015":48608.8046170553,"total_built_mass_tons":2840376.7067942526,"city_id":1165,"country_iso":"BRA"},{"h3index":"87804694dffffff","population_2015":11662.8418592537,"total_built_mass_tons":1108684.1766259633,"city_id":1165,"country_iso":"BRA"},{"h3index":"87804694effffff","population_2015":23179.1605379479,"total_built_mass_tons":1400973.2544642091,"city_id":1165,"country_iso":"BRA"},{"h3index":"878046954ffffff","population_2015":8079.4062070192,"total_built_mass_tons":386120.0544923614,"city_id":1165,"country_iso":"BRA"},{"h3index":"878046955ffffff","population_2015":12837.9074970243,"total_built_mass_tons":1068320.2261361298,"city_id":1165,"country_iso":"BRA"},{"h3index":"878046960ffffff","population_2015":67.4218725765,"total_built_mass_tons":6738.8430316211,"city_id":1165,"country_iso":"BRA"},{"h3index":"878046961ffffff","population_2015":9251.115179468,"total_built_mass_tons":647125.3280775426,"city_id":1165,"country_iso":"BRA"},{"h3index":"878046962ffffff","population_2015":23.0228455487,"total_built_mass_tons":2451.1639120774,"city_id":1165,"country_iso":"BRA"},{"h3index":"878046963ffffff","population_2015":12789.9627253719,"total_built_mass_tons":1291182.8383855151,"city_id":1165,"country_iso":"BRA"},{"h3index":"878046968ffffff","population_2015":55598.9804302253,"total_built_mass_tons":3657082.6436187648,"city_id":1165,"country_iso":"BRA"},{"h3index":"878046969ffffff","population_2015":51044.8015978944,"total_built_mass_tons":3601878.5022782641,"city_id":1165,"country_iso":"BRA"},{"h3index":"87804696affffff","population_2015":52530.6492460027,"total_built_mass_tons":3958239.6226819046,"city_id":1165,"country_iso":"BRA"},{"h3index":"87804696bffffff","population_2015":40250.09333161,"total_built_mass_tons":2733216.7582436632,"city_id":1165,"country_iso":"BRA"},{"h3index":"87804696cffffff","population_2015":45623.2747500597,"total_built_mass_tons":2948622.903445004,"city_id":1165,"country_iso":"BRA"},{"h3index":"87804696dffffff","population_2015":40493.500553074,"total_built_mass_tons":2464235.4040349545,"city_id":1165,"country_iso":"BRA"},{"h3index":"87804696effffff","population_2015":17432.9296262461,"total_built_mass_tons":2258833.582877819,"city_id":1165,"country_iso":"BRA"},{"h3index":"878046971ffffff","population_2015":32.4894617155,"total_built_mass_tons":28617.3189810092,"city_id":1165,"country_iso":"BRA"},{"h3index":"878046973ffffff","population_2015":8474.3200340589,"total_built_mass_tons":522784.4954903954,"city_id":1165,"country_iso":"BRA"}]