[{"h3index": "87302552dffffff", "population_2015": 8.840629595868727, "total_built_mass_tons": 54438.19579576267, "city_id": 11334, "country_iso": "CHN"}, {"h3index": "8730258b2ffffff", "population_2015": 223.4036081005545, "total_built_mass_tons": 322052.6327213563, "city_id": 11334, "country_iso": "CHN"}, {"h3index": "873025c00ffffff", "population_2015": 108369.75236460374, "total_built_mass_tons": 12337036.846973862, "city_id": 11334, "country_iso": "CHN"}, {"h3index": "873025c01ffffff", "population_2015": 66603.47688685496, "total_built_mass_tons": 10451080.586676966, "city_id": 11334, "country_iso": "CHN"}, {"h3index": "873025c02ffffff", "population_2015": 21813.26097910545, "total_built_mass_tons": 8054609.585763298, "city_id": 11334, "country_iso": "CHN"}, {"h3index": "873025c03ffffff", "population_2015": 29683.59981242512, "total_built_mass_tons": 9118494.956395485, "city_id": 11334, "country_iso": "CHN"}, {"h3index": "873025c04ffffff", "population_2015": 131862.08424826225, "total_built_mass_tons": 11515000.008665895, "city_id": 11334, "country_iso": "CHN"}, {"h3index": "873025c05ffffff", "population_2015": 118756.88565317784, "total_built_mass_tons": 14654429.719452426, "city_id": 11334, "country_iso": "CHN"}, {"h3index": "873025c06ffffff", "population_2015": 51459.216079543614, "total_built_mass_tons": 8310957.0027343, "city_id": 11334, "country_iso": "CHN"}, {"h3index": "873025c08ffffff", "population_2015": 11002.590960007088, "total_built_mass_tons": 5579633.56526055, "city_id": 11334, "country_iso": "CHN"}, {"h3index": "873025c09ffffff", "population_2015": 8280.791907306748, "total_built_mass_tons": 2820058.2510766294, "city_id": 11334, "country_iso": "CHN"}, {"h3index": "873025c0affffff", "population_2015": 8949.747888680065, "total_built_mass_tons": 5659140.703142505, "city_id": 11334, "country_iso": "CHN"}, {"h3index": "873025c0bffffff", "population_2015": 10968.925433125212, "total_built_mass_tons": 6173273.872423563, "city_id": 11334, "country_iso": "CHN"}, {"h3index": "873025c0cffffff", "population_2015": 43617.467132068174, "total_built_mass_tons": 8445418.606937645, "city_id": 11334, "country_iso": "CHN"}, {"h3index": "873025c0dffffff", "population_2015": 32701.19090003593, "total_built_mass_tons": 9748190.851002203, "city_id": 11334, "country_iso": "CHN"}, {"h3index": "873025c0effffff", "population_2015": 2700.3617790984176, "total_built_mass_tons": 6062242.363004917, "city_id": 11334, "country_iso": "CHN"}, {"h3index": "873025c10ffffff", "population_2015": 3679.576888473244, "total_built_mass_tons": 6362932.727115755, "city_id": 11334, "country_iso": "CHN"}, {"h3index": "873025c11ffffff", "population_2015": 1418.152181652012, "total_built_mass_tons": 7625997.931280686, "city_id": 11334, "country_iso": "CHN"}, {"h3index": "873025c12ffffff", "population_2015": 1424.56131077923, "total_built_mass_tons": 5301969.758232013, "city_id": 11334, "country_iso": "CHN"}, {"h3index": "873025c13ffffff", "population_2015": 886.2104806680302, "total_built_mass_tons": 3983300.603088565, "city_id": 11334, "country_iso": "CHN"}, {"h3index": "873025c14ffffff", "population_2015": 9540.103694650235, "total_built_mass_tons": 6149506.050888391, "city_id": 11334, "country_iso": "CHN"}, {"h3index": "873025c15ffffff", "population_2015": 30284.50853164103, "total_built_mass_tons": 6190142.306395298, "city_id": 11334, "country_iso": "CHN"}, {"h3index": "873025c16ffffff", "population_2015": 6384.315467118282, "total_built_mass_tons": 5144956.909304084, "city_id": 11334, "country_iso": "CHN"}, {"h3index": "873025c18ffffff", "population_2015": 237.6408216010121, "total_built_mass_tons": 2042102.6115235433, "city_id": 11334, "country_iso": "CHN"}, {"h3index": "873025c19ffffff", "population_2015": 6730.752793721359, "total_built_mass_tons": 2659863.382993728, "city_id": 11334, "country_iso": "CHN"}, {"h3index": "873025c1affffff", "population_2015": 52.4648496021827, "total_built_mass_tons": 347361.98004339065, "city_id": 11334, "country_iso": "CHN"}, {"h3index": "873025c1bffffff", "population_2015": 2951.189043698357, "total_built_mass_tons": 1051988.8775266758, "city_id": 11334, "country_iso": "CHN"}, {"h3index": "873025c1cffffff", "population_2015": 1070.8031370209717, "total_built_mass_tons": 6830675.271895962, "city_id": 11334, "country_iso": "CHN"}, {"h3index": "873025c1dffffff", "population_2015": 848.6406671339098, "total_built_mass_tons": 3684372.698074796, "city_id": 11334, "country_iso": "CHN"}, {"h3index": "873025c1effffff", "population_2015": 546.78553631855, "total_built_mass_tons": 2636637.4512447147, "city_id": 11334, "country_iso": "CHN"}, {"h3index": "873025c20ffffff", "population_2015": 23842.75154951881, "total_built_mass_tons": 7700628.870197788, "city_id": 11334, "country_iso": "CHN"}, {"h3index": "873025c21ffffff", "population_2015": 95190.06707426332, "total_built_mass_tons": 10711498.15968638, "city_id": 11334, "country_iso": "CHN"}, {"h3index": "873025c22ffffff", "population_2015": 120025.95501364172, "total_built_mass_tons": 7384015.272410367, "city_id": 11334, "country_iso": "CHN"}, {"h3index": "873025c23ffffff", "population_2015": 135865.0001108655, "total_built_mass_tons": 10091549.754850708, "city_id": 11334, "country_iso": "CHN"}, {"h3index": "873025c24ffffff", "population_2015": 146075.85980226283, "total_built_mass_tons": 3819449.48378455, "city_id": 11334, "country_iso": "CHN"}, {"h3index": "873025c25ffffff", "population_2015": 78701.45812965844, "total_built_mass_tons": 8403170.272009537, "city_id": 11334, "country_iso": "CHN"}, {"h3index": "873025c26ffffff", "population_2015": 95312.4194236082, "total_built_mass_tons": 5659642.766554227, "city_id": 11334, "country_iso": "CHN"}, {"h3index": "873025c28ffffff", "population_2015": 86685.52843439441, "total_built_mass_tons": 14645430.134409329, "city_id": 11334, "country_iso": "CHN"}, {"h3index": "873025c29ffffff", "population_2015": 85528.34513786169, "total_built_mass_tons": 13804832.219415825, "city_id": 11334, "country_iso": "CHN"}, {"h3index": "873025c2affffff", "population_2015": 114474.12775304457, "total_built_mass_tons": 10369831.966266662, "city_id": 11334, "country_iso": "CHN"}, {"h3index": "873025c2bffffff", "population_2015": 142072.45952148433, "total_built_mass_tons": 11979589.15566536, "city_id": 11334, "country_iso": "CHN"}, {"h3index": "873025c2cffffff", "population_2015": 56647.70032818367, "total_built_mass_tons": 11407534.44636006, "city_id": 11334, "country_iso": "CHN"}, {"h3index": "873025c2dffffff", "population_2015": 101581.37789878096, "total_built_mass_tons": 14884193.061202137, "city_id": 11334, "country_iso": "CHN"}, {"h3index": "873025c2effffff", "population_2015": 82896.1716617958, "total_built_mass_tons": 13012993.623267855, "city_id": 11334, "country_iso": "CHN"}, {"h3index": "873025c30ffffff", "population_2015": 22693.868769275443, "total_built_mass_tons": 4340912.973929479, "city_id": 11334, "country_iso": "CHN"}, {"h3index": "873025c31ffffff", "population_2015": 130926.83260109847, "total_built_mass_tons": 5666967.46359385, "city_id": 11334, "country_iso": "CHN"}, {"h3index": "873025c32ffffff", "population_2015": 43487.79243032791, "total_built_mass_tons": 4924226.533587124, "city_id": 11334, "country_iso": "CHN"}, {"h3index": "873025c33ffffff", "population_2015": 40686.71613992429, "total_built_mass_tons": 7237758.412863879, "city_id": 11334, "country_iso": "CHN"}, {"h3index": "873025c34ffffff", "population_2015": 15341.307469379666, "total_built_mass_tons": 3555775.045071778, "city_id": 11334, "country_iso": "CHN"}, {"h3index": "873025c35ffffff", "population_2015": 48008.76383256351, "total_built_mass_tons": 4731070.586357035, "city_id": 11334, "country_iso": "CHN"}, {"h3index": "873025c36ffffff", "population_2015": 18322.315214564052, "total_built_mass_tons": 3233024.2833027695, "city_id": 11334, "country_iso": "CHN"}, {"h3index": "873025c40ffffff", "population_2015": 17351.39024450674, "total_built_mass_tons": 1534841.4406714658, "city_id": 11334, "country_iso": "CHN"}, {"h3index": "873025c42ffffff", "population_2015": 52641.777919140986, "total_built_mass_tons": 2439085.059924285, "city_id": 11334, "country_iso": "CHN"}, {"h3index": "873025c43ffffff", "population_2015": 1452.9909481422576, "total_built_mass_tons": 217236.3936420484, "city_id": 11334, "country_iso": "CHN"}, {"h3index": "873025c44ffffff", "population_2015": 19481.54819357488, "total_built_mass_tons": 5813128.04527533, "city_id": 11334, "country_iso": "CHN"}, {"h3index": "873025c45ffffff", "population_2015": 457.9078452488956, "total_built_mass_tons": 739433.1415090286, "city_id": 11334, "country_iso": "CHN"}, {"h3index": "873025c46ffffff", "population_2015": 58636.3707943346, "total_built_mass_tons": 7540344.277560075, "city_id": 11334, "country_iso": "CHN"}, {"h3index": "873025c50ffffff", "population_2015": 9686.060156588464, "total_built_mass_tons": 7919062.943289783, "city_id": 11334, "country_iso": "CHN"}, {"h3index": "873025c51ffffff", "population_2015": 25053.965354850712, "total_built_mass_tons": 2070951.4783521895, "city_id": 11334, "country_iso": "CHN"}, {"h3index": "873025c52ffffff", "population_2015": 8477.923090908575, "total_built_mass_tons": 6732236.393115885, "city_id": 11334, "country_iso": "CHN"}, {"h3index": "873025c53ffffff", "population_2015": 1318.8603356188423, "total_built_mass_tons": 1081810.2327192705, "city_id": 11334, "country_iso": "CHN"}, {"h3index": "873025c54ffffff", "population_2015": 19641.706927931533, "total_built_mass_tons": 7716480.193906592, "city_id": 11334, "country_iso": "CHN"}, {"h3index": "873025c55ffffff", "population_2015": 27535.17783894259, "total_built_mass_tons": 7580505.578156378, "city_id": 11334, "country_iso": "CHN"}, {"h3index": "873025c56ffffff", "population_2015": 15817.935853380308, "total_built_mass_tons": 7348368.554467173, "city_id": 11334, "country_iso": "CHN"}, {"h3index": "873025c5cffffff", "population_2015": 2695.005077316247, "total_built_mass_tons": 310677.7686571779, "city_id": 11334, "country_iso": "CHN"}, {"h3index": "873025c5effffff", "population_2015": 3778.927181242026, "total_built_mass_tons": 907451.2232891008, "city_id": 11334, "country_iso": "CHN"}, {"h3index": "873025c62ffffff", "population_2015": 374.7194709704202, "total_built_mass_tons": 1669632.9035943812, "city_id": 11334, "country_iso": "CHN"}, {"h3index": "873025c63ffffff", "population_2015": 1.0631258695733314, "total_built_mass_tons": 66085.24402496712, "city_id": 11334, "country_iso": "CHN"}, {"h3index": "873025c64ffffff", "population_2015": 1149.0247874292677, "total_built_mass_tons": 1583580.9050778386, "city_id": 11334, "country_iso": "CHN"}, {"h3index": "873025c66ffffff", "population_2015": 853.387752715513, "total_built_mass_tons": 3034864.623947127, "city_id": 11334, "country_iso": "CHN"}, {"h3index": "873025c70ffffff", "population_2015": 3074.9871026656197, "total_built_mass_tons": 7265878.141826068, "city_id": 11334, "country_iso": "CHN"}, {"h3index": "873025c71ffffff", "population_2015": 2736.4658339126436, "total_built_mass_tons": 3611870.439891195, "city_id": 11334, "country_iso": "CHN"}, {"h3index": "873025c72ffffff", "population_2015": 11001.865208439964, "total_built_mass_tons": 3292332.1439852444, "city_id": 11334, "country_iso": "CHN"}, {"h3index": "873025c73ffffff", "population_2015": 16782.85500596832, "total_built_mass_tons": 4478599.2014313275, "city_id": 11334, "country_iso": "CHN"}, {"h3index": "873025c74ffffff", "population_2015": 21916.248229365257, "total_built_mass_tons": 9034836.900866603, "city_id": 11334, "country_iso": "CHN"}, {"h3index": "873025c75ffffff", "population_2015": 2238.4771778190843, "total_built_mass_tons": 7103443.61309044, "city_id": 11334, "country_iso": "CHN"}, {"h3index": "873025c76ffffff", "population_2015": 45852.742584537074, "total_built_mass_tons": 10465148.984121123, "city_id": 11334, "country_iso": "CHN"}, {"h3index": "873025c85ffffff", "population_2015": 21.26784603730136, "total_built_mass_tons": 238886.1807897559, "city_id": 11334, "country_iso": "CHN"}, {"h3index": "873025ca0ffffff", "population_2015": 434.8507276656582, "total_built_mass_tons": 1625598.2561352556, "city_id": 11334, "country_iso": "CHN"}, {"h3index": "873025ca1ffffff", "population_2015": 1426.1751771630024, "total_built_mass_tons": 5316531.46736696, "city_id": 11334, "country_iso": "CHN"}, {"h3index": "873025ca3ffffff", "population_2015": 609.6638090411823, "total_built_mass_tons": 988272.7242888404, "city_id": 11334, "country_iso": "CHN"}, {"h3index": "873025ca4ffffff", "population_2015": 3.0173846637501436, "total_built_mass_tons": 3073.7019817721693, "city_id": 11334, "country_iso": "CHN"}, {"h3index": "873025ca5ffffff", "population_2015": 2693.7281283789985, "total_built_mass_tons": 5447049.0010773605, "city_id": 11334, "country_iso": "CHN"}, {"h3index": "873025ca9ffffff", "population_2015": 18.238297411156633, "total_built_mass_tons": 139282.09845761006, "city_id": 11334, "country_iso": "CHN"}, {"h3index": "873025cacffffff", "population_2015": 260.6749487865205, "total_built_mass_tons": 2561537.167902208, "city_id": 11334, "country_iso": "CHN"}, {"h3index": "873025cadffffff", "population_2015": 485.9883876045544, "total_built_mass_tons": 1800422.3300909842, "city_id": 11334, "country_iso": "CHN"}, {"h3index": "873025caeffffff", "population_2015": 212.8364282786262, "total_built_mass_tons": 2202716.7468827832, "city_id": 11334, "country_iso": "CHN"}, {"h3index": "873025cc0ffffff", "population_2015": 3698.683786243434, "total_built_mass_tons": 2977603.016543672, "city_id": 11334, "country_iso": "CHN"}, {"h3index": "873025cc1ffffff", "population_2015": 3.1550997472276876, "total_built_mass_tons": 28081.98423294637, "city_id": 11334, "country_iso": "CHN"}, {"h3index": "873025cc2ffffff", "population_2015": 17004.221348945768, "total_built_mass_tons": 4003733.9030610034, "city_id": 11334, "country_iso": "CHN"}, {"h3index": "873025cc3ffffff", "population_2015": 3948.8505714086928, "total_built_mass_tons": 778484.102209365, "city_id": 11334, "country_iso": "CHN"}, {"h3index": "873025cc4ffffff", "population_2015": 2892.9068331925314, "total_built_mass_tons": 4947954.072643774, "city_id": 11334, "country_iso": "CHN"}, {"h3index": "873025cc5ffffff", "population_2015": 223.4561880076632, "total_built_mass_tons": 791970.8777835052, "city_id": 11334, "country_iso": "CHN"}, {"h3index": "873025cc6ffffff", "population_2015": 29590.484087250283, "total_built_mass_tons": 5663871.395010842, "city_id": 11334, "country_iso": "CHN"}, {"h3index": "873025cd0ffffff", "population_2015": 11154.109042902088, "total_built_mass_tons": 4363661.404596966, "city_id": 11334, "country_iso": "CHN"}, {"h3index": "873025cd1ffffff", "population_2015": 26547.75059387403, "total_built_mass_tons": 5963157.072691205, "city_id": 11334, "country_iso": "CHN"}, {"h3index": "873025cd2ffffff", "population_2015": 6.856624197492414, "total_built_mass_tons": 12631.768494611424, "city_id": 11334, "country_iso": "CHN"}, {"h3index": "873025cd3ffffff", "population_2015": 96.16514808336892, "total_built_mass_tons": 384113.8744213975, "city_id": 11334, "country_iso": "CHN"}, {"h3index": "873025cd4ffffff", "population_2015": 8066.591612477865, "total_built_mass_tons": 2105777.6529599465, "city_id": 11334, "country_iso": "CHN"}, {"h3index": "873025cd5ffffff", "population_2015": 45696.45938402065, "total_built_mass_tons": 9960553.037962891, "city_id": 11334, "country_iso": "CHN"}, {"h3index": "873025cd6ffffff", "population_2015": 176.60142009492012, "total_built_mass_tons": 232236.6270196312, "city_id": 11334, "country_iso": "CHN"}, {"h3index": "873025cd8ffffff", "population_2015": 47.152286302342134, "total_built_mass_tons": 46132.909505068834, "city_id": 11334, "country_iso": "CHN"}, {"h3index": "873025cdaffffff", "population_2015": 561.9971789571583, "total_built_mass_tons": 828910.8114377406, "city_id": 11334, "country_iso": "CHN"}, {"h3index": "873025cdcffffff", "population_2015": 2889.9015928137533, "total_built_mass_tons": 1049438.6408103066, "city_id": 11334, "country_iso": "CHN"}, {"h3index": "873025cdeffffff", "population_2015": 7415.617704436241, "total_built_mass_tons": 1902790.243249166, "city_id": 11334, "country_iso": "CHN"}, {"h3index": "873025ce0ffffff", "population_2015": 5175.337397147161, "total_built_mass_tons": 2245450.153076007, "city_id": 11334, "country_iso": "CHN"}, {"h3index": "873025ce1ffffff", "population_2015": 3441.550162536959, "total_built_mass_tons": 3445100.7537012333, "city_id": 11334, "country_iso": "CHN"}, {"h3index": "873025ce2ffffff", "population_2015": 4792.33607346708, "total_built_mass_tons": 3758145.872890304, "city_id": 11334, "country_iso": "CHN"}, {"h3index": "873025ce3ffffff", "population_2015": 1187.6740991669542, "total_built_mass_tons": 3063686.6403120244, "city_id": 11334, "country_iso": "CHN"}, {"h3index": "873025ce4ffffff", "population_2015": 7153.383358833837, "total_built_mass_tons": 4548236.227023909, "city_id": 11334, "country_iso": "CHN"}, {"h3index": "873025ce5ffffff", "population_2015": 3650.555299466265, "total_built_mass_tons": 4000616.111715678, "city_id": 11334, "country_iso": "CHN"}, {"h3index": "873025ce6ffffff", "population_2015": 7040.211834983265, "total_built_mass_tons": 3039032.0600044224, "city_id": 11334, "country_iso": "CHN"}, {"h3index": "873025cecffffff", "population_2015": 997.9860039393108, "total_built_mass_tons": 1244320.0721459794, "city_id": 11334, "country_iso": "CHN"}, {"h3index": "873025cedffffff", "population_2015": 35.51768098718979, "total_built_mass_tons": 12546.970195641112, "city_id": 11334, "country_iso": "CHN"}, {"h3index": "873025ceeffffff", "population_2015": 1295.0682864203172, "total_built_mass_tons": 1040758.4104334384, "city_id": 11334, "country_iso": "CHN"}, {"h3index": "873025cf0ffffff", "population_2015": 44.7216958466698, "total_built_mass_tons": 140703.96607761318, "city_id": 11334, "country_iso": "CHN"}, {"h3index": "873025cf1ffffff", "population_2015": 4917.193984770657, "total_built_mass_tons": 3167975.3175831097, "city_id": 11334, "country_iso": "CHN"}, {"h3index": "873025cf2ffffff", "population_2015": 5.344976517265918, "total_built_mass_tons": 20699.991125895864, "city_id": 11334, "country_iso": "CHN"}, {"h3index": "873025cf3ffffff", "population_2015": 55624.68070059031, "total_built_mass_tons": 4207830.1433228385, "city_id": 11334, "country_iso": "CHN"}, {"h3index": "873025cf5ffffff", "population_2015": 3621.473739185519, "total_built_mass_tons": 3393583.5758175747, "city_id": 11334, "country_iso": "CHN"}, {"h3index": "873025d08ffffff", "population_2015": 80952.84923173494, "total_built_mass_tons": 8110339.033587221, "city_id": 11334, "country_iso": "CHN"}, {"h3index": "873025d09ffffff", "population_2015": 56290.782818506275, "total_built_mass_tons": 9316362.442934042, "city_id": 11334, "country_iso": "CHN"}, {"h3index": "873025d0affffff", "population_2015": 21532.242430376547, "total_built_mass_tons": 4437065.528931133, "city_id": 11334, "country_iso": "CHN"}, {"h3index": "873025d0bffffff", "population_2015": 26735.452790151856, "total_built_mass_tons": 5874347.697047155, "city_id": 11334, "country_iso": "CHN"}, {"h3index": "873025d0cffffff", "population_2015": 11536.526364819209, "total_built_mass_tons": 2826431.1231766967, "city_id": 11334, "country_iso": "CHN"}, {"h3index": "873025d0dffffff", "population_2015": 25978.564506067018, "total_built_mass_tons": 6008677.631726238, "city_id": 11334, "country_iso": "CHN"}, {"h3index": "873025d0effffff", "population_2015": 11824.085856991182, "total_built_mass_tons": 1532366.0626910755, "city_id": 11334, "country_iso": "CHN"}, {"h3index": "873025d18ffffff", "population_2015": 2671.5566505838856, "total_built_mass_tons": 1205346.6263176946, "city_id": 11334, "country_iso": "CHN"}, {"h3index": "873025d19ffffff", "population_2015": 24883.130626866856, "total_built_mass_tons": 2677148.320302075, "city_id": 11334, "country_iso": "CHN"}, {"h3index": "873025d1affffff", "population_2015": 3117.2295612999046, "total_built_mass_tons": 2315674.151196612, "city_id": 11334, "country_iso": "CHN"}, {"h3index": "873025d1bffffff", "population_2015": 38270.682742354446, "total_built_mass_tons": 4045942.5306538623, "city_id": 11334, "country_iso": "CHN"}, {"h3index": "873025d1dffffff", "population_2015": 250.97515243315223, "total_built_mass_tons": 418794.83710143465, "city_id": 11334, "country_iso": "CHN"}, {"h3index": "873025d28ffffff", "population_2015": 1679.2643262610711, "total_built_mass_tons": 2325272.9005704992, "city_id": 11334, "country_iso": "CHN"}, {"h3index": "873025d29ffffff", "population_2015": 5676.315279560464, "total_built_mass_tons": 4843648.853192914, "city_id": 11334, "country_iso": "CHN"}, {"h3index": "873025d2affffff", "population_2015": 9.412078879861271, "total_built_mass_tons": 25771.686546353412, "city_id": 11334, "country_iso": "CHN"}, {"h3index": "873025d2bffffff", "population_2015": 3189.6520813483826, "total_built_mass_tons": 3323246.777081773, "city_id": 11334, "country_iso": "CHN"}, {"h3index": "873025d2cffffff", "population_2015": 345.2725623289744, "total_built_mass_tons": 771976.3614001195, "city_id": 11334, "country_iso": "CHN"}, {"h3index": "873025d2dffffff", "population_2015": 5777.011761120256, "total_built_mass_tons": 5657801.869549507, "city_id": 11334, "country_iso": "CHN"}, {"h3index": "873025d40ffffff", "population_2015": 9615.042626106038, "total_built_mass_tons": 4928644.472239327, "city_id": 11334, "country_iso": "CHN"}, {"h3index": "873025d41ffffff", "population_2015": 8080.347760212187, "total_built_mass_tons": 6023597.707058292, "city_id": 11334, "country_iso": "CHN"}, {"h3index": "873025d42ffffff", "population_2015": 47559.32154272491, "total_built_mass_tons": 8018577.856150785, "city_id": 11334, "country_iso": "CHN"}, {"h3index": "873025d43ffffff", "population_2015": 7861.347444279987, "total_built_mass_tons": 8735051.844493942, "city_id": 11334, "country_iso": "CHN"}, {"h3index": "873025d44ffffff", "population_2015": 6114.14328063703, "total_built_mass_tons": 4517400.902608867, "city_id": 11334, "country_iso": "CHN"}, {"h3index": "873025d45ffffff", "population_2015": 5046.195545602313, "total_built_mass_tons": 2867573.855292112, "city_id": 11334, "country_iso": "CHN"}, {"h3index": "873025d46ffffff", "population_2015": 10797.676919658512, "total_built_mass_tons": 5729957.257385344, "city_id": 11334, "country_iso": "CHN"}, {"h3index": "873025d48ffffff", "population_2015": 3491.051717189247, "total_built_mass_tons": 4545818.215694745, "city_id": 11334, "country_iso": "CHN"}, {"h3index": "873025d49ffffff", "population_2015": 656.5931900510601, "total_built_mass_tons": 1115391.7539094845, "city_id": 11334, "country_iso": "CHN"}, {"h3index": "873025d4affffff", "population_2015": 6693.591283787932, "total_built_mass_tons": 7662463.719348229, "city_id": 11334, "country_iso": "CHN"}, {"h3index": "873025d4bffffff", "population_2015": 964.5110112365552, "total_built_mass_tons": 1072203.3073217275, "city_id": 11334, "country_iso": "CHN"}, {"h3index": "873025d4cffffff", "population_2015": 1180.7349045820092, "total_built_mass_tons": 4586631.901420961, "city_id": 11334, "country_iso": "CHN"}, {"h3index": "873025d4dffffff", "population_2015": 271.5201925977187, "total_built_mass_tons": 1876911.1695472212, "city_id": 11334, "country_iso": "CHN"}, {"h3index": "873025d4effffff", "population_2015": 7358.070550128759, "total_built_mass_tons": 6138169.056688083, "city_id": 11334, "country_iso": "CHN"}, {"h3index": "873025d50ffffff", "population_2015": 70143.55839988858, "total_built_mass_tons": 7363875.564199548, "city_id": 11334, "country_iso": "CHN"}, {"h3index": "873025d51ffffff", "population_2015": 111515.25326469274, "total_built_mass_tons": 8554632.096166339, "city_id": 11334, "country_iso": "CHN"}, {"h3index": "873025d52ffffff", "population_2015": 53130.901234361234, "total_built_mass_tons": 9912429.869080976, "city_id": 11334, "country_iso": "CHN"}, {"h3index": "873025d53ffffff", "population_2015": 111606.69413446162, "total_built_mass_tons": 11935477.2713261, "city_id": 11334, "country_iso": "CHN"}, {"h3index": "873025d54ffffff", "population_2015": 9857.454941959008, "total_built_mass_tons": 3138478.946587091, "city_id": 11334, "country_iso": "CHN"}, {"h3index": "873025d55ffffff", "population_2015": 86637.20437874143, "total_built_mass_tons": 6942738.624117728, "city_id": 11334, "country_iso": "CHN"}, {"h3index": "873025d56ffffff", "population_2015": 42980.289472445336, "total_built_mass_tons": 6275910.291990976, "city_id": 11334, "country_iso": "CHN"}, {"h3index": "873025d58ffffff", "population_2015": 73658.24688419455, "total_built_mass_tons": 11450197.502508225, "city_id": 11334, "country_iso": "CHN"}, {"h3index": "873025d59ffffff", "population_2015": 3007.7920019159124, "total_built_mass_tons": 5664686.546376055, "city_id": 11334, "country_iso": "CHN"}, {"h3index": "873025d5affffff", "population_2015": 63289.05109662822, "total_built_mass_tons": 12615966.450524718, "city_id": 11334, "country_iso": "CHN"}, {"h3index": "873025d5bffffff", "population_2015": 15124.545234299174, "total_built_mass_tons": 8465977.12430301, "city_id": 11334, "country_iso": "CHN"}, {"h3index": "873025d5cffffff", "population_2015": 63510.29547922843, "total_built_mass_tons": 11658883.078369062, "city_id": 11334, "country_iso": "CHN"}, {"h3index": "873025d5dffffff", "population_2015": 12955.606092603535, "total_built_mass_tons": 8454583.58227926, "city_id": 11334, "country_iso": "CHN"}, {"h3index": "873025d5effffff", "population_2015": 125508.7683953977, "total_built_mass_tons": 12438359.909134869, "city_id": 11334, "country_iso": "CHN"}, {"h3index": "873025d60ffffff", "population_2015": 156.90545169325438, "total_built_mass_tons": 133210.19053383474, "city_id": 11334, "country_iso": "CHN"}, {"h3index": "873025d61ffffff", "population_2015": 853.4577755642872, "total_built_mass_tons": 701089.8624473757, "city_id": 11334, "country_iso": "CHN"}, {"h3index": "873025d62ffffff", "population_2015": 5263.36627552369, "total_built_mass_tons": 3752540.0441427175, "city_id": 11334, "country_iso": "CHN"}, {"h3index": "873025d63ffffff", "population_2015": 3235.608511060359, "total_built_mass_tons": 2115159.7801314224, "city_id": 11334, "country_iso": "CHN"}, {"h3index": "873025d66ffffff", "population_2015": 2692.0869925316647, "total_built_mass_tons": 2183762.067291625, "city_id": 11334, "country_iso": "CHN"}, {"h3index": "873025d68ffffff", "population_2015": 134.16776834282217, "total_built_mass_tons": 772378.0034628753, "city_id": 11334, "country_iso": "CHN"}, {"h3index": "873025d6affffff", "population_2015": 982.1712060411772, "total_built_mass_tons": 2968078.5868064715, "city_id": 11334, "country_iso": "CHN"}, {"h3index": "873025d6bffffff", "population_2015": 47.751699563364184, "total_built_mass_tons": 586072.6989392152, "city_id": 11334, "country_iso": "CHN"}, {"h3index": "873025d6cffffff", "population_2015": 197.5427697635164, "total_built_mass_tons": 1067223.017977954, "city_id": 11334, "country_iso": "CHN"}, {"h3index": "873025d6effffff", "population_2015": 960.4070407432084, "total_built_mass_tons": 2197041.650736762, "city_id": 11334, "country_iso": "CHN"}, {"h3index": "873025d70ffffff", "population_2015": 4286.68642607156, "total_built_mass_tons": 4361262.552742753, "city_id": 11334, "country_iso": "CHN"}, {"h3index": "873025d71ffffff", "population_2015": 5802.263658560958, "total_built_mass_tons": 3674641.013854971, "city_id": 11334, "country_iso": "CHN"}, {"h3index": "873025d72ffffff", "population_2015": 27176.18424438775, "total_built_mass_tons": 8340365.49747632, "city_id": 11334, "country_iso": "CHN"}, {"h3index": "873025d73ffffff", "population_2015": 17711.428963424638, "total_built_mass_tons": 3357936.913080045, "city_id": 11334, "country_iso": "CHN"}, {"h3index": "873025d74ffffff", "population_2015": 6364.948080377017, "total_built_mass_tons": 3206672.272186213, "city_id": 11334, "country_iso": "CHN"}, {"h3index": "873025d75ffffff", "population_2015": 3713.255535594621, "total_built_mass_tons": 3533141.4554048143, "city_id": 11334, "country_iso": "CHN"}, {"h3index": "873025d76ffffff", "population_2015": 12060.523271302622, "total_built_mass_tons": 7999002.374652996, "city_id": 11334, "country_iso": "CHN"}, {"h3index": "873025d80ffffff", "population_2015": 13.454869413375851, "total_built_mass_tons": 30712.03790992903, "city_id": 11334, "country_iso": "CHN"}, {"h3index": "873025d81ffffff", "population_2015": 751.890167974257, "total_built_mass_tons": 519850.5247266493, "city_id": 11334, "country_iso": "CHN"}, {"h3index": "873025d85ffffff", "population_2015": 9553.880648762572, "total_built_mass_tons": 960435.4073326092, "city_id": 11334, "country_iso": "CHN"}, {"h3index": "873025d88ffffff", "population_2015": 9314.155804791051, "total_built_mass_tons": 3300526.7461248143, "city_id": 11334, "country_iso": "CHN"}, {"h3index": "873025d89ffffff", "population_2015": 19993.131272749804, "total_built_mass_tons": 3905933.2685159184, "city_id": 11334, "country_iso": "CHN"}, {"h3index": "873025d8affffff", "population_2015": 4515.331981003051, "total_built_mass_tons": 3945019.256172304, "city_id": 11334, "country_iso": "CHN"}, {"h3index": "873025d8bffffff", "population_2015": 5042.470486236086, "total_built_mass_tons": 1442302.882306594, "city_id": 11334, "country_iso": "CHN"}, {"h3index": "873025d8cffffff", "population_2015": 3032.9296952327086, "total_built_mass_tons": 1103756.1674430997, "city_id": 11334, "country_iso": "CHN"}, {"h3index": "873025d8dffffff", "population_2015": 17990.871476008848, "total_built_mass_tons": 3993991.1263923706, "city_id": 11334, "country_iso": "CHN"}, {"h3index": "873025d8effffff", "population_2015": 172.6864581821012, "total_built_mass_tons": 506023.17957500473, "city_id": 11334, "country_iso": "CHN"}, {"h3index": "873025d98ffffff", "population_2015": 572.0676996838813, "total_built_mass_tons": 1463773.2198593167, "city_id": 11334, "country_iso": "CHN"}, {"h3index": "873025d99ffffff", "population_2015": 1315.0807169675827, "total_built_mass_tons": 1542011.5972697122, "city_id": 11334, "country_iso": "CHN"}, {"h3index": "873025d9dffffff", "population_2015": 1495.685170558855, "total_built_mass_tons": 817585.9519886852, "city_id": 11334, "country_iso": "CHN"}, {"h3index": "873025da8ffffff", "population_2015": 4868.326160419688, "total_built_mass_tons": 439196.4083118193, "city_id": 11334, "country_iso": "CHN"}, {"h3index": "873025da9ffffff", "population_2015": 266.8512863135805, "total_built_mass_tons": 270196.3628267382, "city_id": 11334, "country_iso": "CHN"}, {"h3index": "873025daaffffff", "population_2015": 8688.390397696403, "total_built_mass_tons": 1380586.9681070072, "city_id": 11334, "country_iso": "CHN"}, {"h3index": "873025dabffffff", "population_2015": 17092.661347291985, "total_built_mass_tons": 1684692.64968471, "city_id": 11334, "country_iso": "CHN"}, {"h3index": "873025dadffffff", "population_2015": 84.74870760581072, "total_built_mass_tons": 15851.803812751172, "city_id": 11334, "country_iso": "CHN"}, {"h3index": "873025daeffffff", "population_2015": 12632.52272072002, "total_built_mass_tons": 453517.4632008067, "city_id": 11334, "country_iso": "CHN"}, {"h3index": "87310b6d8ffffff", "population_2015": 168.60964710151444, "total_built_mass_tons": 222680.49956355785, "city_id": 11334, "country_iso": "CHN"}, {"h3index": "87310b6daffffff", "population_2015": 3190.637606045779, "total_built_mass_tons": 3016537.3124344544, "city_id": 11334, "country_iso": "CHN"}, {"h3index": "87310b6dbffffff", "population_2015": 36.92900260383007, "total_built_mass_tons": 75928.82366458094, "city_id": 11334, "country_iso": "CHN"}, {"h3index": "87310b6deffffff", "population_2015": 552.9374249720105, "total_built_mass_tons": 649538.6595712486, "city_id": 11334, "country_iso": "CHN"}]