[{"h3index":"873116820ffffff","population_2015":0.1804813074,"total_built_mass_tons":10778.4779864824,"city_id":10309,"country_iso":"CHN"},{"h3index":"873116822ffffff","population_2015":11.507178498,"total_built_mass_tons":64643.499693261,"city_id":10309,"country_iso":"CHN"},{"h3index":"873116824ffffff","population_2015":0.6827974754,"total_built_mass_tons":16207.724964916,"city_id":10309,"country_iso":"CHN"},{"h3index":"873116826ffffff","population_2015":4274.3068960248,"total_built_mass_tons":2475247.7965652118,"city_id":10309,"country_iso":"CHN"},{"h3index":"873116830ffffff","population_2015":1312.8981723283,"total_built_mass_tons":799499.3933149416,"city_id":10309,"country_iso":"CHN"},{"h3index":"873116834ffffff","population_2015":17153.9710516951,"total_built_mass_tons":4589146.1548994696,"city_id":10309,"country_iso":"CHN"},{"h3index":"873116835ffffff","population_2015":15313.5423916274,"total_built_mass_tons":4981029.4953751564,"city_id":10309,"country_iso":"CHN"},{"h3index":"873116836ffffff","population_2015":1301.9805876114,"total_built_mass_tons":963252.3528520212,"city_id":10309,"country_iso":"CHN"},{"h3index":"87311690affffff","population_2015":8.5387906953,"total_built_mass_tons":52282.1917257904,"city_id":10309,"country_iso":"CHN"},{"h3index":"873116918ffffff","population_2015":2067.8599289109,"total_built_mass_tons":924051.2603937872,"city_id":10309,"country_iso":"CHN"},{"h3index":"873116919ffffff","population_2015":267.2762187399,"total_built_mass_tons":1459535.1416972261,"city_id":10309,"country_iso":"CHN"},{"h3index":"87311691affffff","population_2015":3284.9507163712,"total_built_mass_tons":594675.4231824812,"city_id":10309,"country_iso":"CHN"},{"h3index":"87311691bffffff","population_2015":28688.5296429171,"total_built_mass_tons":7562115.5576000828,"city_id":10309,"country_iso":"CHN"},{"h3index":"87311691dffffff","population_2015":0.7545209099,"total_built_mass_tons":25613.8034907995,"city_id":10309,"country_iso":"CHN"},{"h3index":"8731169a8ffffff","population_2015":123.7026904985,"total_built_mass_tons":250698.0868282111,"city_id":10309,"country_iso":"CHN"},{"h3index":"8731169a9ffffff","population_2015":1106.8021383832,"total_built_mass_tons":949563.9257756784,"city_id":10309,"country_iso":"CHN"},{"h3index":"8731169aaffffff","population_2015":2.2024025337,"total_built_mass_tons":3975.3072197302,"city_id":10309,"country_iso":"CHN"},{"h3index":"8731169abffffff","population_2015":830.6571899975,"total_built_mass_tons":381978.0702711382,"city_id":10309,"country_iso":"CHN"}]