[{"h3index": "871e064c0ffffff", "population_2015": 105.54127842772242, "total_built_mass_tons": 87904.60745622394, "city_id": 3027, "country_iso": "AUT"}, {"h3index": "871e064c1ffffff", "population_2015": 614.3339795486601, "total_built_mass_tons": 456027.3050074309, "city_id": 3027, "country_iso": "AUT"}, {"h3index": "871e064c3ffffff", "population_2015": 1996.5044802908808, "total_built_mass_tons": 1510538.2235402744, "city_id": 3027, "country_iso": "AUT"}, {"h3index": "871e064c8ffffff", "population_2015": 3599.1229752353584, "total_built_mass_tons": 1394229.778301511, "city_id": 3027, "country_iso": "AUT"}, {"h3index": "871e064c9ffffff", "population_2015": 5331.537724231271, "total_built_mass_tons": 1106742.6167321703, "city_id": 3027, "country_iso": "AUT"}, {"h3index": "871e064caffffff", "population_2015": 5146.920303335377, "total_built_mass_tons": 2092838.7352300016, "city_id": 3027, "country_iso": "AUT"}, {"h3index": "871e064cbffffff", "population_2015": 16049.91661399392, "total_built_mass_tons": 3076231.596480724, "city_id": 3027, "country_iso": "AUT"}, {"h3index": "871e064ceffffff", "population_2015": 2716.493526981391, "total_built_mass_tons": 1991601.5597995096, "city_id": 3027, "country_iso": "AUT"}, {"h3index": "871e064d8ffffff", "population_2015": 288.8072255302878, "total_built_mass_tons": 66987.71904242391, "city_id": 3027, "country_iso": "AUT"}, {"h3index": "871e064d9ffffff", "population_2015": 3756.8581477501816, "total_built_mass_tons": 690327.7531861215, "city_id": 3027, "country_iso": "AUT"}, {"h3index": "871e064daffffff", "population_2015": 6639.6291427126125, "total_built_mass_tons": 1106266.0298518883, "city_id": 3027, "country_iso": "AUT"}, {"h3index": "871e064dbffffff", "population_2015": 20002.937911964873, "total_built_mass_tons": 4159721.519476765, "city_id": 3027, "country_iso": "AUT"}, {"h3index": "871e064ddffffff", "population_2015": 1096.9999196613535, "total_built_mass_tons": 826678.955048219, "city_id": 3027, "country_iso": "AUT"}, {"h3index": "871e064deffffff", "population_2015": 38.998336934108366, "total_built_mass_tons": 8269.974690759482, "city_id": 3027, "country_iso": "AUT"}, {"h3index": "871e066b0ffffff", "population_2015": 15.102752157286105, "total_built_mass_tons": 46588.89711543035, "city_id": 3027, "country_iso": "AUT"}, {"h3index": "871e066b2ffffff", "population_2015": 261.72050647361607, "total_built_mass_tons": 40934.23039570011, "city_id": 3027, "country_iso": "AUT"}, {"h3index": "871e066b4ffffff", "population_2015": 2157.698439568865, "total_built_mass_tons": 802708.4727379952, "city_id": 3027, "country_iso": "AUT"}, {"h3index": "871e066b6ffffff", "population_2015": 11265.539952392206, "total_built_mass_tons": 2283030.072290033, "city_id": 3027, "country_iso": "AUT"}, {"h3index": "871e06790ffffff", "population_2015": 4563.701278997404, "total_built_mass_tons": 1302934.574989473, "city_id": 3027, "country_iso": "AUT"}, {"h3index": "871e06791ffffff", "population_2015": 1475.973459512112, "total_built_mass_tons": 448597.13942238264, "city_id": 3027, "country_iso": "AUT"}, {"h3index": "871e06792ffffff", "population_2015": 24251.00029472277, "total_built_mass_tons": 4933852.505915013, "city_id": 3027, "country_iso": "AUT"}, {"h3index": "871e06793ffffff", "population_2015": 10809.547994900682, "total_built_mass_tons": 2787307.852331716, "city_id": 3027, "country_iso": "AUT"}, {"h3index": "871e06794ffffff", "population_2015": 197.65436999003097, "total_built_mass_tons": 115575.39447690667, "city_id": 3027, "country_iso": "AUT"}, {"h3index": "871e06796ffffff", "population_2015": 16564.41917260114, "total_built_mass_tons": 3074740.791840404, "city_id": 3027, "country_iso": "AUT"}, {"h3index": "871e0679affffff", "population_2015": 917.3153752504612, "total_built_mass_tons": 254219.37162965513, "city_id": 3027, "country_iso": "AUT"}, {"h3index": "871e0679effffff", "population_2015": 345.7526423010171, "total_built_mass_tons": 120668.14920310413, "city_id": 3027, "country_iso": "AUT"}, {"h3index": "871e15a00ffffff", "population_2015": 1472.6881702081823, "total_built_mass_tons": 908020.9781474528, "city_id": 3027, "country_iso": "AUT"}, {"h3index": "871e15a01ffffff", "population_2015": 2619.7301235390655, "total_built_mass_tons": 2912994.2159749656, "city_id": 3027, "country_iso": "AUT"}, {"h3index": "871e15a03ffffff", "population_2015": 2331.007459591884, "total_built_mass_tons": 2495053.4732619952, "city_id": 3027, "country_iso": "AUT"}, {"h3index": "871e15a04ffffff", "population_2015": 6789.015062702403, "total_built_mass_tons": 2581715.108944545, "city_id": 3027, "country_iso": "AUT"}, {"h3index": "871e15a05ffffff", "population_2015": 8343.948888416853, "total_built_mass_tons": 4561140.596303832, "city_id": 3027, "country_iso": "AUT"}, {"h3index": "871e15a20ffffff", "population_2015": 7993.5280427390435, "total_built_mass_tons": 4799457.90139409, "city_id": 3027, "country_iso": "AUT"}, {"h3index": "871e15a21ffffff", "population_2015": 7768.531282485701, "total_built_mass_tons": 3816070.502347061, "city_id": 3027, "country_iso": "AUT"}, {"h3index": "871e15a22ffffff", "population_2015": 1467.407328222312, "total_built_mass_tons": 781056.1204109241, "city_id": 3027, "country_iso": "AUT"}, {"h3index": "871e15a23ffffff", "population_2015": 7289.074743379329, "total_built_mass_tons": 4017635.1546544097, "city_id": 3027, "country_iso": "AUT"}, {"h3index": "871e15a24ffffff", "population_2015": 15589.650743351724, "total_built_mass_tons": 3126009.2519546836, "city_id": 3027, "country_iso": "AUT"}, {"h3index": "871e15a25ffffff", "population_2015": 24990.018146685055, "total_built_mass_tons": 6633316.284851279, "city_id": 3027, "country_iso": "AUT"}, {"h3index": "871e15a26ffffff", "population_2015": 741.937699701272, "total_built_mass_tons": 429462.74450089, "city_id": 3027, "country_iso": "AUT"}, {"h3index": "871e15a2affffff", "population_2015": 76.89243310012068, "total_built_mass_tons": 62495.357123843416, "city_id": 3027, "country_iso": "AUT"}, {"h3index": "871e15a2cffffff", "population_2015": 464.4423116323993, "total_built_mass_tons": 528730.7538305114, "city_id": 3027, "country_iso": "AUT"}, {"h3index": "871e15a2dffffff", "population_2015": 1.5703345831702735, "total_built_mass_tons": 6787.953499319786, "city_id": 3027, "country_iso": "AUT"}, {"h3index": "871e15a2effffff", "population_2015": 785.3511107818753, "total_built_mass_tons": 663811.8878218759, "city_id": 3027, "country_iso": "AUT"}, {"h3index": "871e15a60ffffff", "population_2015": 18.883600487428556, "total_built_mass_tons": 77528.45371614417, "city_id": 3027, "country_iso": "AUT"}, {"h3index": "871e15a64ffffff", "population_2015": 2854.0781279886473, "total_built_mass_tons": 4830059.23710106, "city_id": 3027, "country_iso": "AUT"}, {"h3index": "871e15a65ffffff", "population_2015": 345.8685629863365, "total_built_mass_tons": 557808.3008333996, "city_id": 3027, "country_iso": "AUT"}, {"h3index": "871e15a66ffffff", "population_2015": 528.0690664501752, "total_built_mass_tons": 723853.7173110787, "city_id": 3027, "country_iso": "AUT"}, {"h3index": "871e15a75ffffff", "population_2015": 461.80129481951406, "total_built_mass_tons": 497965.74307691166, "city_id": 3027, "country_iso": "AUT"}, {"h3index": "871e15b05ffffff", "population_2015": 497.74896894716744, "total_built_mass_tons": 122871.5803867995, "city_id": 3027, "country_iso": "AUT"}, {"h3index": "871e15b08ffffff", "population_2015": 11985.472750248631, "total_built_mass_tons": 1921767.7970227017, "city_id": 3027, "country_iso": "AUT"}, {"h3index": "871e15b09ffffff", "population_2015": 24607.897137825163, "total_built_mass_tons": 4056838.244386237, "city_id": 3027, "country_iso": "AUT"}, {"h3index": "871e15b0affffff", "population_2015": 2938.0953240712483, "total_built_mass_tons": 544021.2181421224, "city_id": 3027, "country_iso": "AUT"}, {"h3index": "871e15b0bffffff", "population_2015": 24961.7415786631, "total_built_mass_tons": 4155910.000653482, "city_id": 3027, "country_iso": "AUT"}, {"h3index": "871e15b0cffffff", "population_2015": 3800.262648945228, "total_built_mass_tons": 641328.1341809913, "city_id": 3027, "country_iso": "AUT"}, {"h3index": "871e15b0dffffff", "population_2015": 27030.32730074117, "total_built_mass_tons": 5605306.125596954, "city_id": 3027, "country_iso": "AUT"}, {"h3index": "871e15b19ffffff", "population_2015": 484.12352318296246, "total_built_mass_tons": 102771.39757362616, "city_id": 3027, "country_iso": "AUT"}, {"h3index": "871e15b28ffffff", "population_2015": 2503.4949488022744, "total_built_mass_tons": 291367.8092741793, "city_id": 3027, "country_iso": "AUT"}, {"h3index": "871e15b29ffffff", "population_2015": 4330.168501412634, "total_built_mass_tons": 680850.4172920783, "city_id": 3027, "country_iso": "AUT"}, {"h3index": "871e15b2affffff", "population_2015": 13457.602541298958, "total_built_mass_tons": 2398531.007330868, "city_id": 3027, "country_iso": "AUT"}, {"h3index": "871e15b2bffffff", "population_2015": 12558.590249413131, "total_built_mass_tons": 2312962.409302815, "city_id": 3027, "country_iso": "AUT"}, {"h3index": "871e15b40ffffff", "population_2015": 20458.059059745196, "total_built_mass_tons": 6173327.973243366, "city_id": 3027, "country_iso": "AUT"}, {"h3index": "871e15b41ffffff", "population_2015": 6585.463352525001, "total_built_mass_tons": 1418068.364072397, "city_id": 3027, "country_iso": "AUT"}, {"h3index": "871e15b42ffffff", "population_2015": 30706.846784457055, "total_built_mass_tons": 9015167.47989995, "city_id": 3027, "country_iso": "AUT"}, {"h3index": "871e15b43ffffff", "population_2015": 30861.433718004417, "total_built_mass_tons": 7119454.882472793, "city_id": 3027, "country_iso": "AUT"}, {"h3index": "871e15b44ffffff", "population_2015": 29052.706351538254, "total_built_mass_tons": 12961736.709301822, "city_id": 3027, "country_iso": "AUT"}, {"h3index": "871e15b45ffffff", "population_2015": 17832.235808035908, "total_built_mass_tons": 3375026.711823023, "city_id": 3027, "country_iso": "AUT"}, {"h3index": "871e15b46ffffff", "population_2015": 32517.452547888675, "total_built_mass_tons": 13039652.507274734, "city_id": 3027, "country_iso": "AUT"}, {"h3index": "871e15b48ffffff", "population_2015": 5441.01655626858, "total_built_mass_tons": 1529122.1806992958, "city_id": 3027, "country_iso": "AUT"}, {"h3index": "871e15b4affffff", "population_2015": 16255.399353953904, "total_built_mass_tons": 3899468.846744592, "city_id": 3027, "country_iso": "AUT"}, {"h3index": "871e15b4bffffff", "population_2015": 4703.588705109613, "total_built_mass_tons": 1123787.746559776, "city_id": 3027, "country_iso": "AUT"}, {"h3index": "871e15b4cffffff", "population_2015": 4492.698006741205, "total_built_mass_tons": 1087052.2753425485, "city_id": 3027, "country_iso": "AUT"}, {"h3index": "871e15b4dffffff", "population_2015": 4918.867615475373, "total_built_mass_tons": 940138.8665191692, "city_id": 3027, "country_iso": "AUT"}, {"h3index": "871e15b4effffff", "population_2015": 16542.00330274058, "total_built_mass_tons": 3663579.078421864, "city_id": 3027, "country_iso": "AUT"}, {"h3index": "871e15b50ffffff", "population_2015": 17947.396799078175, "total_built_mass_tons": 3784441.228148545, "city_id": 3027, "country_iso": "AUT"}, {"h3index": "871e15b51ffffff", "population_2015": 22311.201540486956, "total_built_mass_tons": 5187329.948967021, "city_id": 3027, "country_iso": "AUT"}, {"h3index": "871e15b52ffffff", "population_2015": 19976.207714954544, "total_built_mass_tons": 6509457.718924956, "city_id": 3027, "country_iso": "AUT"}, {"h3index": "871e15b53ffffff", "population_2015": 19807.916825623615, "total_built_mass_tons": 4963914.3365651, "city_id": 3027, "country_iso": "AUT"}, {"h3index": "871e15b54ffffff", "population_2015": 30550.68723192776, "total_built_mass_tons": 7297859.875481036, "city_id": 3027, "country_iso": "AUT"}, {"h3index": "871e15b55ffffff", "population_2015": 33701.89549618142, "total_built_mass_tons": 9594347.932751492, "city_id": 3027, "country_iso": "AUT"}, {"h3index": "871e15b56ffffff", "population_2015": 27450.701190148153, "total_built_mass_tons": 5926238.733174561, "city_id": 3027, "country_iso": "AUT"}, {"h3index": "871e15b58ffffff", "population_2015": 4981.209601374232, "total_built_mass_tons": 1070550.9841678937, "city_id": 3027, "country_iso": "AUT"}, {"h3index": "871e15b59ffffff", "population_2015": 9858.819210773356, "total_built_mass_tons": 4346262.475682115, "city_id": 3027, "country_iso": "AUT"}, {"h3index": "871e15b5bffffff", "population_2015": 554.6816147173153, "total_built_mass_tons": 828060.1740312844, "city_id": 3027, "country_iso": "AUT"}, {"h3index": "871e15b5cffffff", "population_2015": 17446.593356925372, "total_built_mass_tons": 3398884.8977988614, "city_id": 3027, "country_iso": "AUT"}, {"h3index": "871e15b5dffffff", "population_2015": 24408.566287302496, "total_built_mass_tons": 4320472.503967097, "city_id": 3027, "country_iso": "AUT"}, {"h3index": "871e15b5effffff", "population_2015": 11470.27311228584, "total_built_mass_tons": 2434643.0097584785, "city_id": 3027, "country_iso": "AUT"}, {"h3index": "871e15b60ffffff", "population_2015": 20511.44721094019, "total_built_mass_tons": 5285695.49857481, "city_id": 3027, "country_iso": "AUT"}, {"h3index": "871e15b61ffffff", "population_2015": 27953.782705082624, "total_built_mass_tons": 6060014.111442031, "city_id": 3027, "country_iso": "AUT"}, {"h3index": "871e15b62ffffff", "population_2015": 29076.424540314012, "total_built_mass_tons": 10107246.57186029, "city_id": 3027, "country_iso": "AUT"}, {"h3index": "871e15b63ffffff", "population_2015": 17528.96043924444, "total_built_mass_tons": 4096694.0048671206, "city_id": 3027, "country_iso": "AUT"}, {"h3index": "871e15b64ffffff", "population_2015": 16734.45986039779, "total_built_mass_tons": 3933830.068840605, "city_id": 3027, "country_iso": "AUT"}, {"h3index": "871e15b65ffffff", "population_2015": 32040.33839559368, "total_built_mass_tons": 5944095.594028678, "city_id": 3027, "country_iso": "AUT"}, {"h3index": "871e15b66ffffff", "population_2015": 26557.85393822987, "total_built_mass_tons": 5058793.614753291, "city_id": 3027, "country_iso": "AUT"}, {"h3index": "871e15b68ffffff", "population_2015": 20128.961430336443, "total_built_mass_tons": 3568991.7057478554, "city_id": 3027, "country_iso": "AUT"}, {"h3index": "871e15b69ffffff", "population_2015": 4240.957417679769, "total_built_mass_tons": 989957.712546336, "city_id": 3027, "country_iso": "AUT"}, {"h3index": "871e15b6affffff", "population_2015": 24548.104078827648, "total_built_mass_tons": 4840071.0922556585, "city_id": 3027, "country_iso": "AUT"}, {"h3index": "871e15b6bffffff", "population_2015": 17060.80535551893, "total_built_mass_tons": 3160298.981464361, "city_id": 3027, "country_iso": "AUT"}, {"h3index": "871e15b6cffffff", "population_2015": 25801.741717383433, "total_built_mass_tons": 5641744.235381615, "city_id": 3027, "country_iso": "AUT"}, {"h3index": "871e15b6dffffff", "population_2015": 9190.94991306978, "total_built_mass_tons": 1941628.1801366792, "city_id": 3027, "country_iso": "AUT"}, {"h3index": "871e15b6effffff", "population_2015": 30103.40485055212, "total_built_mass_tons": 5566419.806908747, "city_id": 3027, "country_iso": "AUT"}, {"h3index": "871e15b70ffffff", "population_2015": 33735.76763135873, "total_built_mass_tons": 14534986.446910478, "city_id": 3027, "country_iso": "AUT"}, {"h3index": "871e15b71ffffff", "population_2015": 32789.85886689728, "total_built_mass_tons": 13702552.323679373, "city_id": 3027, "country_iso": "AUT"}, {"h3index": "871e15b72ffffff", "population_2015": 29378.151486452884, "total_built_mass_tons": 9473192.875954395, "city_id": 3027, "country_iso": "AUT"}, {"h3index": "871e15b73ffffff", "population_2015": 32854.267363335115, "total_built_mass_tons": 15335785.462187476, "city_id": 3027, "country_iso": "AUT"}, {"h3index": "871e15b74ffffff", "population_2015": 28210.04405574424, "total_built_mass_tons": 5049047.699975196, "city_id": 3027, "country_iso": "AUT"}, {"h3index": "871e15b75ffffff", "population_2015": 30700.936563529216, "total_built_mass_tons": 9632182.531613652, "city_id": 3027, "country_iso": "AUT"}, {"h3index": "871e15b76ffffff", "population_2015": 28835.047423815264, "total_built_mass_tons": 5315942.078203742, "city_id": 3027, "country_iso": "AUT"}]