[{"h3index":"8730a5d80ffffff","population_2015":3696.5411497724,"total_built_mass_tons":1107013.6270763758,"city_id":11379,"country_iso":"CHN"},{"h3index":"8730a5d81ffffff","population_2015":2324.8556309794,"total_built_mass_tons":583567.0026047035,"city_id":11379,"country_iso":"CHN"},{"h3index":"8730a5d82ffffff","population_2015":552.7129525245,"total_built_mass_tons":619582.9837018142,"city_id":11379,"country_iso":"CHN"},{"h3index":"8730a5d84ffffff","population_2015":16910.7540078631,"total_built_mass_tons":2788764.8285948681,"city_id":11379,"country_iso":"CHN"},{"h3index":"8730a5d85ffffff","population_2015":20231.4582667192,"total_built_mass_tons":4375318.4870290626,"city_id":11379,"country_iso":"CHN"},{"h3index":"8730a5d86ffffff","population_2015":458.3458305826,"total_built_mass_tons":648907.4182622344,"city_id":11379,"country_iso":"CHN"},{"h3index":"8730a5d95ffffff","population_2015":395.9340684236,"total_built_mass_tons":989482.4108829382,"city_id":11379,"country_iso":"CHN"},{"h3index":"8730a5da1ffffff","population_2015":149.3702544306,"total_built_mass_tons":411932.8212654371,"city_id":11379,"country_iso":"CHN"},{"h3index":"8730a5da2ffffff","population_2015":2368.34572842,"total_built_mass_tons":491072.2452663192,"city_id":11379,"country_iso":"CHN"},{"h3index":"8730a5da3ffffff","population_2015":9485.6154306201,"total_built_mass_tons":4293146.0505938837,"city_id":11379,"country_iso":"CHN"},{"h3index":"8730a5daaffffff","population_2015":4269.5612243409,"total_built_mass_tons":954692.8100636838,"city_id":11379,"country_iso":"CHN"},{"h3index":"8730a5daeffffff","population_2015":45.0027860929,"total_built_mass_tons":234786.705466688,"city_id":11379,"country_iso":"CHN"},{"h3index":"8730a5db0ffffff","population_2015":157.477865853,"total_built_mass_tons":202727.780107757,"city_id":11379,"country_iso":"CHN"},{"h3index":"8730a5db1ffffff","population_2015":2042.8553748047,"total_built_mass_tons":702568.8881519178,"city_id":11379,"country_iso":"CHN"},{"h3index":"8730a5db4ffffff","population_2015":173.2075416743,"total_built_mass_tons":169538.3831614469,"city_id":11379,"country_iso":"CHN"},{"h3index":"8730a5db5ffffff","population_2015":1018.0988350008,"total_built_mass_tons":573969.0409521072,"city_id":11379,"country_iso":"CHN"},{"h3index":"8730a5db6ffffff","population_2015":107.4266255257,"total_built_mass_tons":102104.58112006,"city_id":11379,"country_iso":"CHN"}]