[{"h3index":"873c36db4ffffff","population_2015":462.2694414176,"total_built_mass_tons":118526.6668816262,"city_id":7731,"country_iso":"IND"},{"h3index":"873c36db6ffffff","population_2015":21235.7554101607,"total_built_mass_tons":1706190.2600289199,"city_id":7731,"country_iso":"IND"},{"h3index":"873daba5affffff","population_2015":3570.9621883916,"total_built_mass_tons":512416.5830734824,"city_id":7731,"country_iso":"IND"},{"h3index":"873daba5bffffff","population_2015":6.2082846698,"total_built_mass_tons":27207.4737314921,"city_id":7731,"country_iso":"IND"},{"h3index":"873dabaccffffff","population_2015":19.0817417444,"total_built_mass_tons":4986.0609034223,"city_id":7731,"country_iso":"IND"},{"h3index":"873dabacdffffff","population_2015":3291.2812570535,"total_built_mass_tons":434152.8452392115,"city_id":7731,"country_iso":"IND"},{"h3index":"873dabae8ffffff","population_2015":3060.516567305,"total_built_mass_tons":427632.8970706019,"city_id":7731,"country_iso":"IND"},{"h3index":"873dabae9ffffff","population_2015":36933.2010971069,"total_built_mass_tons":2725345.4956677328,"city_id":7731,"country_iso":"IND"},{"h3index":"873dabaeaffffff","population_2015":11.2946809694,"total_built_mass_tons":24008.7179125967,"city_id":7731,"country_iso":"IND"},{"h3index":"873dabaebffffff","population_2015":24624.1982269138,"total_built_mass_tons":2198897.7974556535,"city_id":7731,"country_iso":"IND"},{"h3index":"873dabaedffffff","population_2015":1.7438883389,"total_built_mass_tons":475.2876650947,"city_id":7731,"country_iso":"IND"}]