[{"h3index":"873ce6a08ffffff","population_2015":9.1895456314,"total_built_mass_tons":19596.0397129599,"city_id":9739,"country_iso":"IND"},{"h3index":"873ce6a0bffffff","population_2015":10.3451442719,"total_built_mass_tons":22000.9618677793,"city_id":9739,"country_iso":"IND"},{"h3index":"873ce6a1dffffff","population_2015":21.3192195892,"total_built_mass_tons":19334.8900156917,"city_id":9739,"country_iso":"IND"},{"h3index":"873ce6a52ffffff","population_2015":12562.5420869266,"total_built_mass_tons":1900463.9422281077,"city_id":9739,"country_iso":"IND"},{"h3index":"873ce6a53ffffff","population_2015":20.6038322,"total_built_mass_tons":150295.7536969488,"city_id":9739,"country_iso":"IND"},{"h3index":"873ce6a56ffffff","population_2015":2824.8756901685,"total_built_mass_tons":269885.3567329936,"city_id":9739,"country_iso":"IND"},{"h3index":"873ce6a70ffffff","population_2015":1813.4244830225,"total_built_mass_tons":296441.4675186329,"city_id":9739,"country_iso":"IND"},{"h3index":"873ce6a72ffffff","population_2015":411.8037586362,"total_built_mass_tons":65600.0987816459,"city_id":9739,"country_iso":"IND"},{"h3index":"873ce6ae5ffffff","population_2015":62.1565239401,"total_built_mass_tons":99171.9124168448,"city_id":9739,"country_iso":"IND"}]