[{"h3index": "878044482ffffff", "population_2015": 1572.6527123357737, "total_built_mass_tons": 176403.2788531116, "city_id": 1165, "country_iso": "BRA"}, {"h3index": "878044486ffffff", "population_2015": 14349.953946075251, "total_built_mass_tons": 1347061.5619103415, "city_id": 1165, "country_iso": "BRA"}, {"h3index": "878044490ffffff", "population_2015": 150.96823827145147, "total_built_mass_tons": 30573.082976711223, "city_id": 1165, "country_iso": "BRA"}, {"h3index": "878044491ffffff", "population_2015": 5154.417210638756, "total_built_mass_tons": 1066164.9387997666, "city_id": 1165, "country_iso": "BRA"}, {"h3index": "878044494ffffff", "population_2015": 227.64660298497063, "total_built_mass_tons": 181035.228303311, "city_id": 1165, "country_iso": "BRA"}, {"h3index": "878044495ffffff", "population_2015": 1309.0512402936529, "total_built_mass_tons": 255342.8506906625, "city_id": 1165, "country_iso": "BRA"}, {"h3index": "8780444b0ffffff", "population_2015": 19201.025918206986, "total_built_mass_tons": 1713675.6093406486, "city_id": 1165, "country_iso": "BRA"}, {"h3index": "8780444b1ffffff", "population_2015": 30447.593316504528, "total_built_mass_tons": 2166560.267052079, "city_id": 1165, "country_iso": "BRA"}, {"h3index": "8780444b2ffffff", "population_2015": 15590.916067186055, "total_built_mass_tons": 1344172.0647201191, "city_id": 1165, "country_iso": "BRA"}, {"h3index": "8780444b3ffffff", "population_2015": 48875.5543895773, "total_built_mass_tons": 2826066.6459811484, "city_id": 1165, "country_iso": "BRA"}, {"h3index": "8780444b4ffffff", "population_2015": 42833.35041648078, "total_built_mass_tons": 3378931.164027471, "city_id": 1165, "country_iso": "BRA"}, {"h3index": "8780444b5ffffff", "population_2015": 6373.451082764421, "total_built_mass_tons": 1242470.896620101, "city_id": 1165, "country_iso": "BRA"}, {"h3index": "8780444b6ffffff", "population_2015": 30169.999423288835, "total_built_mass_tons": 2961418.041067919, "city_id": 1165, "country_iso": "BRA"}, {"h3index": "878044580ffffff", "population_2015": 2003.7537005237505, "total_built_mass_tons": 756906.4432789697, "city_id": 1165, "country_iso": "BRA"}, {"h3index": "878044582ffffff", "population_2015": 69589.61667178657, "total_built_mass_tons": 4443106.386967517, "city_id": 1165, "country_iso": "BRA"}, {"h3index": "878044583ffffff", "population_2015": 73.90996069814645, "total_built_mass_tons": 13565.144532542668, "city_id": 1165, "country_iso": "BRA"}, {"h3index": "878044584ffffff", "population_2015": 23540.843660934297, "total_built_mass_tons": 1382803.2156844777, "city_id": 1165, "country_iso": "BRA"}, {"h3index": "878044586ffffff", "population_2015": 73167.83577765297, "total_built_mass_tons": 7543361.695179049, "city_id": 1165, "country_iso": "BRA"}, {"h3index": "878044590ffffff", "population_2015": 33310.641434780526, "total_built_mass_tons": 2112724.059868645, "city_id": 1165, "country_iso": "BRA"}, {"h3index": "878044591ffffff", "population_2015": 70625.81164602905, "total_built_mass_tons": 4569237.599014044, "city_id": 1165, "country_iso": "BRA"}, {"h3index": "878044592ffffff", "population_2015": 2461.5620478683823, "total_built_mass_tons": 136953.73567642222, "city_id": 1165, "country_iso": "BRA"}, {"h3index": "878044593ffffff", "population_2015": 47889.2172145099, "total_built_mass_tons": 3361874.779955269, "city_id": 1165, "country_iso": "BRA"}, {"h3index": "878044594ffffff", "population_2015": 64599.518767290494, "total_built_mass_tons": 2205051.596759686, "city_id": 1165, "country_iso": "BRA"}, {"h3index": "878044595ffffff", "population_2015": 83757.7788961261, "total_built_mass_tons": 6112814.234736893, "city_id": 1165, "country_iso": "BRA"}, {"h3index": "878044598ffffff", "population_2015": 5578.21976581882, "total_built_mass_tons": 1298069.0080140224, "city_id": 1165, "country_iso": "BRA"}, {"h3index": "87804459affffff", "population_2015": 30738.88531335663, "total_built_mass_tons": 2194122.4600923765, "city_id": 1165, "country_iso": "BRA"}, {"h3index": "87804459bffffff", "population_2015": 4934.043384851194, "total_built_mass_tons": 1186245.0144590312, "city_id": 1165, "country_iso": "BRA"}, {"h3index": "87804459cffffff", "population_2015": 58624.156995630496, "total_built_mass_tons": 3049412.5731495502, "city_id": 1165, "country_iso": "BRA"}, {"h3index": "87804459effffff", "population_2015": 31874.89192177689, "total_built_mass_tons": 2201310.0710530607, "city_id": 1165, "country_iso": "BRA"}, {"h3index": "8780445b1ffffff", "population_2015": 52374.48323385201, "total_built_mass_tons": 1681030.182880131, "city_id": 1165, "country_iso": "BRA"}, {"h3index": "8780445b2ffffff", "population_2015": 1710.3702423899786, "total_built_mass_tons": 300207.1169549541, "city_id": 1165, "country_iso": "BRA"}, {"h3index": "8780445b3ffffff", "population_2015": 101313.45572917788, "total_built_mass_tons": 4235683.115249103, "city_id": 1165, "country_iso": "BRA"}, {"h3index": "878046940ffffff", "population_2015": 19405.70486413264, "total_built_mass_tons": 2172487.7426532153, "city_id": 1165, "country_iso": "BRA"}, {"h3index": "878046941ffffff", "population_2015": 39691.13841729257, "total_built_mass_tons": 2426045.737480675, "city_id": 1165, "country_iso": "BRA"}, {"h3index": "878046942ffffff", "population_2015": 26004.654929340584, "total_built_mass_tons": 1573613.7676865407, "city_id": 1165, "country_iso": "BRA"}, {"h3index": "878046943ffffff", "population_2015": 20895.027657410206, "total_built_mass_tons": 2036945.6307535772, "city_id": 1165, "country_iso": "BRA"}, {"h3index": "878046944ffffff", "population_2015": 16601.02197157448, "total_built_mass_tons": 1125410.1348411515, "city_id": 1165, "country_iso": "BRA"}, {"h3index": "878046945ffffff", "population_2015": 15072.73390910205, "total_built_mass_tons": 2110815.033805482, "city_id": 1165, "country_iso": "BRA"}, {"h3index": "878046946ffffff", "population_2015": 18118.72518784485, "total_built_mass_tons": 1624410.9155263018, "city_id": 1165, "country_iso": "BRA"}, {"h3index": "878046948ffffff", "population_2015": 1700.0840279878355, "total_built_mass_tons": 139676.74915986208, "city_id": 1165, "country_iso": "BRA"}, {"h3index": "87804694cffffff", "population_2015": 48608.804617055255, "total_built_mass_tons": 2840376.7067942526, "city_id": 1165, "country_iso": "BRA"}, {"h3index": "87804694dffffff", "population_2015": 11662.841859253716, "total_built_mass_tons": 1108684.1766259633, "city_id": 1165, "country_iso": "BRA"}, {"h3index": "87804694effffff", "population_2015": 23179.160537947857, "total_built_mass_tons": 1400973.254464209, "city_id": 1165, "country_iso": "BRA"}, {"h3index": "878046954ffffff", "population_2015": 8079.406207019207, "total_built_mass_tons": 386120.05449236144, "city_id": 1165, "country_iso": "BRA"}, {"h3index": "878046955ffffff", "population_2015": 12837.907497024304, "total_built_mass_tons": 1068320.2261361298, "city_id": 1165, "country_iso": "BRA"}, {"h3index": "878046960ffffff", "population_2015": 67.42187257654527, "total_built_mass_tons": 6738.843031621074, "city_id": 1165, "country_iso": "BRA"}, {"h3index": "878046961ffffff", "population_2015": 9251.115179468025, "total_built_mass_tons": 647125.3280775426, "city_id": 1165, "country_iso": "BRA"}, {"h3index": "878046962ffffff", "population_2015": 23.02284554874196, "total_built_mass_tons": 2451.1639120773525, "city_id": 1165, "country_iso": "BRA"}, {"h3index": "878046963ffffff", "population_2015": 12789.962725371935, "total_built_mass_tons": 1291182.8383855151, "city_id": 1165, "country_iso": "BRA"}, {"h3index": "878046968ffffff", "population_2015": 55598.980430225296, "total_built_mass_tons": 3657082.643618765, "city_id": 1165, "country_iso": "BRA"}, {"h3index": "878046969ffffff", "population_2015": 51044.80159789442, "total_built_mass_tons": 3601878.502278264, "city_id": 1165, "country_iso": "BRA"}, {"h3index": "87804696affffff", "population_2015": 52530.64924600267, "total_built_mass_tons": 3958239.6226819046, "city_id": 1165, "country_iso": "BRA"}, {"h3index": "87804696bffffff", "population_2015": 40250.09333160997, "total_built_mass_tons": 2733216.7582436632, "city_id": 1165, "country_iso": "BRA"}, {"h3index": "87804696cffffff", "population_2015": 45623.274750059696, "total_built_mass_tons": 2948622.903445004, "city_id": 1165, "country_iso": "BRA"}, {"h3index": "87804696dffffff", "population_2015": 40493.50055307395, "total_built_mass_tons": 2464235.4040349545, "city_id": 1165, "country_iso": "BRA"}, {"h3index": "87804696effffff", "population_2015": 17432.92962624606, "total_built_mass_tons": 2258833.582877819, "city_id": 1165, "country_iso": "BRA"}, {"h3index": "878046971ffffff", "population_2015": 32.48946171554865, "total_built_mass_tons": 28617.31898100924, "city_id": 1165, "country_iso": "BRA"}, {"h3index": "878046973ffffff", "population_2015": 8474.320034058888, "total_built_mass_tons": 522784.4954903954, "city_id": 1165, "country_iso": "BRA"}]