[{"h3index":"87a8ad821ffffff","population_2015":4451.2543867495,"total_built_mass_tons":948880.9877719508,"city_id":1299,"country_iso":"BRA"},{"h3index":"87a8ad823ffffff","population_2015":5.7329902013,"total_built_mass_tons":6480.091402365,"city_id":1299,"country_iso":"BRA"},{"h3index":"87a8ad825ffffff","population_2015":0.0111565011,"total_built_mass_tons":337.3517093439,"city_id":1299,"country_iso":"BRA"},{"h3index":"87a8ad828ffffff","population_2015":17820.514004453,"total_built_mass_tons":3281820.0781477643,"city_id":1299,"country_iso":"BRA"},{"h3index":"87a8ad829ffffff","population_2015":1875.1261869543,"total_built_mass_tons":239507.064263325,"city_id":1299,"country_iso":"BRA"},{"h3index":"87a8ad82affffff","population_2015":395.1222013686,"total_built_mass_tons":197262.4960266679,"city_id":1299,"country_iso":"BRA"},{"h3index":"87a8ad82bffffff","population_2015":3074.5361189266,"total_built_mass_tons":520578.0846529659,"city_id":1299,"country_iso":"BRA"},{"h3index":"87a8ad82cffffff","population_2015":7812.6907514432,"total_built_mass_tons":1528216.0626896392,"city_id":1299,"country_iso":"BRA"},{"h3index":"87a8ad82dffffff","population_2015":5169.5897584181,"total_built_mass_tons":735944.5131574188,"city_id":1299,"country_iso":"BRA"},{"h3index":"87a8ad82effffff","population_2015":13083.5045510404,"total_built_mass_tons":2218664.9368032655,"city_id":1299,"country_iso":"BRA"},{"h3index":"87a8ad952ffffff","population_2015":30.1060660529,"total_built_mass_tons":39472.5255119173,"city_id":1299,"country_iso":"BRA"}]