[{"h3index":"874061448ffffff","population_2015":18854.2649429583,"total_built_mass_tons":7172394.8912360221,"city_id":10415,"country_iso":"CHN"},{"h3index":"874061449ffffff","population_2015":8615.6017004724,"total_built_mass_tons":1726132.4297257031,"city_id":10415,"country_iso":"CHN"},{"h3index":"87406144affffff","population_2015":10766.0271823958,"total_built_mass_tons":3728973.9485544008,"city_id":10415,"country_iso":"CHN"},{"h3index":"87406144bffffff","population_2015":6755.0765559888,"total_built_mass_tons":2108665.733140544,"city_id":10415,"country_iso":"CHN"},{"h3index":"87406144cffffff","population_2015":5888.8430857453,"total_built_mass_tons":2028684.306937756,"city_id":10415,"country_iso":"CHN"},{"h3index":"87406144dffffff","population_2015":14717.0488369063,"total_built_mass_tons":3617683.8479454438,"city_id":10415,"country_iso":"CHN"},{"h3index":"87406144effffff","population_2015":17.532216764,"total_built_mass_tons":9518.2908043451,"city_id":10415,"country_iso":"CHN"},{"h3index":"874061459ffffff","population_2015":1176.7588174483,"total_built_mass_tons":409126.5695640389,"city_id":10415,"country_iso":"CHN"},{"h3index":"874061732ffffff","population_2015":331.6228437125,"total_built_mass_tons":72903.2117516695,"city_id":10415,"country_iso":"CHN"},{"h3index":"8740617a4ffffff","population_2015":6717.3344188653,"total_built_mass_tons":1616362.164297774,"city_id":10415,"country_iso":"CHN"},{"h3index":"8740617a6ffffff","population_2015":1039.5604366228,"total_built_mass_tons":257146.2510783311,"city_id":10415,"country_iso":"CHN"}]