[{"h3index":"871e12680ffffff","population_2015":2669.924887113,"total_built_mass_tons":2099529.6329450952,"city_id":2964,"country_iso":"HRV"},{"h3index":"871e12681ffffff","population_2015":4233.2807575974,"total_built_mass_tons":1613211.2571875292,"city_id":2964,"country_iso":"HRV"},{"h3index":"871e12682ffffff","population_2015":1193.8426833284,"total_built_mass_tons":1227507.2565023107,"city_id":2964,"country_iso":"HRV"},{"h3index":"871e12683ffffff","population_2015":622.1439533196,"total_built_mass_tons":222064.9156234947,"city_id":2964,"country_iso":"HRV"},{"h3index":"871e12684ffffff","population_2015":171.7070378734,"total_built_mass_tons":151661.6383839712,"city_id":2964,"country_iso":"HRV"},{"h3index":"871e12685ffffff","population_2015":667.3690440627,"total_built_mass_tons":411339.24547054,"city_id":2964,"country_iso":"HRV"},{"h3index":"871e12686ffffff","population_2015":451.7249704941,"total_built_mass_tons":491032.6790076566,"city_id":2964,"country_iso":"HRV"},{"h3index":"871e12688ffffff","population_2015":13706.5014235627,"total_built_mass_tons":4169647.8183458289,"city_id":2964,"country_iso":"HRV"},{"h3index":"871e12689ffffff","population_2015":3306.5713516291,"total_built_mass_tons":732445.971386706,"city_id":2964,"country_iso":"HRV"},{"h3index":"871e1268affffff","population_2015":1685.7238392998,"total_built_mass_tons":659985.5917516854,"city_id":2964,"country_iso":"HRV"},{"h3index":"871e1268bffffff","population_2015":9870.8857058207,"total_built_mass_tons":3986009.1239649579,"city_id":2964,"country_iso":"HRV"},{"h3index":"871e1268cffffff","population_2015":5368.826229893,"total_built_mass_tons":2152120.3667919822,"city_id":2964,"country_iso":"HRV"},{"h3index":"871e1268dffffff","population_2015":1682.9466841455,"total_built_mass_tons":446016.6241226834,"city_id":2964,"country_iso":"HRV"},{"h3index":"871e1268effffff","population_2015":13790.292312824,"total_built_mass_tons":4049402.6379618798,"city_id":2964,"country_iso":"HRV"},{"h3index":"871e12691ffffff","population_2015":58.3626746608,"total_built_mass_tons":62835.2513794513,"city_id":2964,"country_iso":"HRV"},{"h3index":"871e126aaffffff","population_2015":1008.0612436388,"total_built_mass_tons":544113.1679073143,"city_id":2964,"country_iso":"HRV"},{"h3index":"871e126abffffff","population_2015":12.9550657441,"total_built_mass_tons":23096.781556167,"city_id":2964,"country_iso":"HRV"},{"h3index":"871e126d0ffffff","population_2015":429.1819118014,"total_built_mass_tons":124537.5030621932,"city_id":2964,"country_iso":"HRV"},{"h3index":"871e126d2ffffff","population_2015":5212.7234198318,"total_built_mass_tons":1876823.3827981844,"city_id":2964,"country_iso":"HRV"},{"h3index":"871e126d3ffffff","population_2015":7.6481485348,"total_built_mass_tons":14310.83078106,"city_id":2964,"country_iso":"HRV"},{"h3index":"871e126d6ffffff","population_2015":10497.603120744,"total_built_mass_tons":3467953.9420077442,"city_id":2964,"country_iso":"HRV"},{"h3index":"871eacd25ffffff","population_2015":462.39076571,"total_built_mass_tons":238036.3451039676,"city_id":2964,"country_iso":"HRV"},{"h3index":"871eacd2cffffff","population_2015":36.3059526453,"total_built_mass_tons":61352.2545641633,"city_id":2964,"country_iso":"HRV"}]