[{"h3index":"874088641ffffff","population_2015":183.510415109,"total_built_mass_tons":194984.0998074485,"city_id":10414,"country_iso":"CHN"},{"h3index":"874088648ffffff","population_2015":7591.4275325326,"total_built_mass_tons":4886970.2505368758,"city_id":10414,"country_iso":"CHN"},{"h3index":"874088649ffffff","population_2015":2401.3351479025,"total_built_mass_tons":2063254.1646417552,"city_id":10414,"country_iso":"CHN"},{"h3index":"87408864affffff","population_2015":9820.8972862851,"total_built_mass_tons":1652318.8033619917,"city_id":10414,"country_iso":"CHN"},{"h3index":"87408864bffffff","population_2015":49211.8144458659,"total_built_mass_tons":2569827.3247501017,"city_id":10414,"country_iso":"CHN"},{"h3index":"87408864cffffff","population_2015":1351.4054386747,"total_built_mass_tons":1272623.1349230325,"city_id":10414,"country_iso":"CHN"},{"h3index":"87408864dffffff","population_2015":2304.6091682168,"total_built_mass_tons":1790973.0172714568,"city_id":10414,"country_iso":"CHN"},{"h3index":"87408864effffff","population_2015":1685.3658014335,"total_built_mass_tons":1516581.2731387094,"city_id":10414,"country_iso":"CHN"},{"h3index":"87408b932ffffff","population_2015":244.2478677598,"total_built_mass_tons":322360.7127560164,"city_id":10414,"country_iso":"CHN"},{"h3index":"87408b936ffffff","population_2015":131.7113552692,"total_built_mass_tons":66863.419053114,"city_id":10414,"country_iso":"CHN"},{"h3index":"87408b9a4ffffff","population_2015":240.4387952917,"total_built_mass_tons":57127.4030702647,"city_id":10414,"country_iso":"CHN"}]