[{"h3index":"874046864ffffff","population_2015":17.8270317377,"total_built_mass_tons":9843.4869381065,"city_id":10408,"country_iso":"CHN"},{"h3index":"874046866ffffff","population_2015":836.7711513211,"total_built_mass_tons":491997.5595054521,"city_id":10408,"country_iso":"CHN"},{"h3index":"874046948ffffff","population_2015":359.2043110922,"total_built_mass_tons":180028.0938814276,"city_id":10408,"country_iso":"CHN"},{"h3index":"87404694affffff","population_2015":7693.4142039,"total_built_mass_tons":2215166.9754492892,"city_id":10408,"country_iso":"CHN"},{"h3index":"874046958ffffff","population_2015":15.0296790478,"total_built_mass_tons":3033.4800543992,"city_id":10408,"country_iso":"CHN"},{"h3index":"874046959ffffff","population_2015":13426.2966299057,"total_built_mass_tons":4441097.0813882062,"city_id":10408,"country_iso":"CHN"},{"h3index":"87404695bffffff","population_2015":177.2604050001,"total_built_mass_tons":120490.3092365884,"city_id":10408,"country_iso":"CHN"},{"h3index":"87404695dffffff","population_2015":1029.1559453029,"total_built_mass_tons":721190.6177088469,"city_id":10408,"country_iso":"CHN"}]