[{"h3index":"873cc62c3ffffff","population_2015":17.0168952942,"total_built_mass_tons":42809.9941705079,"city_id":10032,"country_iso":"BGD"},{"h3index":"873cc62c8ffffff","population_2015":170.2612113953,"total_built_mass_tons":67809.1022784393,"city_id":10032,"country_iso":"BGD"},{"h3index":"873cc62ccffffff","population_2015":44.5504360199,"total_built_mass_tons":38557.7956901132,"city_id":10032,"country_iso":"BGD"},{"h3index":"873cc62ceffffff","population_2015":79.2298364639,"total_built_mass_tons":86938.4841301296,"city_id":10032,"country_iso":"BGD"}]