[{"h3index": "874032840ffffff", "population_2015": 2520.9860589766035, "total_built_mass_tons": 1137788.8484748364, "city_id": 11698, "country_iso": "CHN"}, {"h3index": "874032841ffffff", "population_2015": 3119.757541228276, "total_built_mass_tons": 2234964.028804485, "city_id": 11698, "country_iso": "CHN"}, {"h3index": "874032842ffffff", "population_2015": 3688.316133236769, "total_built_mass_tons": 611520.9111061026, "city_id": 11698, "country_iso": "CHN"}, {"h3index": "874032843ffffff", "population_2015": 33446.05122546402, "total_built_mass_tons": 3201481.1428460227, "city_id": 11698, "country_iso": "CHN"}, {"h3index": "874032846ffffff", "population_2015": 5.111382670963512, "total_built_mass_tons": 9722.827623343885, "city_id": 11698, "country_iso": "CHN"}, {"h3index": "874032848ffffff", "population_2015": 2337.986303618375, "total_built_mass_tons": 1084260.5558205592, "city_id": 11698, "country_iso": "CHN"}, {"h3index": "874032849ffffff", "population_2015": 1955.6170882926265, "total_built_mass_tons": 1866438.632727392, "city_id": 11698, "country_iso": "CHN"}, {"h3index": "87403284affffff", "population_2015": 11994.018645956005, "total_built_mass_tons": 5858214.870712261, "city_id": 11698, "country_iso": "CHN"}, {"h3index": "87403284bffffff", "population_2015": 8945.263771731245, "total_built_mass_tons": 5346332.716374306, "city_id": 11698, "country_iso": "CHN"}, {"h3index": "87403284cffffff", "population_2015": 33.75168039845485, "total_built_mass_tons": 33587.16065011166, "city_id": 11698, "country_iso": "CHN"}, {"h3index": "87403284effffff", "population_2015": 23241.367629726738, "total_built_mass_tons": 4092760.885359342, "city_id": 11698, "country_iso": "CHN"}, {"h3index": "874032858ffffff", "population_2015": 10293.838420023634, "total_built_mass_tons": 2745727.697838376, "city_id": 11698, "country_iso": "CHN"}, {"h3index": "874032859ffffff", "population_2015": 23065.81631958532, "total_built_mass_tons": 11000948.487676527, "city_id": 11698, "country_iso": "CHN"}, {"h3index": "87403285affffff", "population_2015": 2717.3004508037193, "total_built_mass_tons": 462720.39143683715, "city_id": 11698, "country_iso": "CHN"}, {"h3index": "87403285bffffff", "population_2015": 34919.77300911325, "total_built_mass_tons": 3801296.833922296, "city_id": 11698, "country_iso": "CHN"}, {"h3index": "87403285cffffff", "population_2015": 25304.543063187135, "total_built_mass_tons": 2259038.5122278593, "city_id": 11698, "country_iso": "CHN"}, {"h3index": "87403285dffffff", "population_2015": 42848.183663932934, "total_built_mass_tons": 7412211.114280717, "city_id": 11698, "country_iso": "CHN"}, {"h3index": "8740328c8ffffff", "population_2015": 602.2067821942123, "total_built_mass_tons": 300471.6055102679, "city_id": 11698, "country_iso": "CHN"}, {"h3index": "8740328c9ffffff", "population_2015": 618.4486069361368, "total_built_mass_tons": 153864.35503832545, "city_id": 11698, "country_iso": "CHN"}, {"h3index": "8740328cdffffff", "population_2015": 2719.814427901658, "total_built_mass_tons": 1777474.668636791, "city_id": 11698, "country_iso": "CHN"}, {"h3index": "8740328ceffffff", "population_2015": 4.35714232267118, "total_built_mass_tons": 19448.04759562626, "city_id": 11698, "country_iso": "CHN"}, {"h3index": "8740328e9ffffff", "population_2015": 420.6810243120382, "total_built_mass_tons": 187341.85239737428, "city_id": 11698, "country_iso": "CHN"}, {"h3index": "874032b10ffffff", "population_2015": 3582.9320275026207, "total_built_mass_tons": 954672.1285718272, "city_id": 11698, "country_iso": "CHN"}, {"h3index": "874032b11ffffff", "population_2015": 1415.73408993693, "total_built_mass_tons": 374284.19738293905, "city_id": 11698, "country_iso": "CHN"}, {"h3index": "874032b12ffffff", "population_2015": 22504.25866986069, "total_built_mass_tons": 5128440.134513117, "city_id": 11698, "country_iso": "CHN"}, {"h3index": "874032b13ffffff", "population_2015": 6150.291062696308, "total_built_mass_tons": 1217135.5758497517, "city_id": 11698, "country_iso": "CHN"}, {"h3index": "874032b14ffffff", "population_2015": 800.4952499258753, "total_built_mass_tons": 272511.1373492677, "city_id": 11698, "country_iso": "CHN"}, {"h3index": "874032b16ffffff", "population_2015": 9799.403110380266, "total_built_mass_tons": 3065117.1533698197, "city_id": 11698, "country_iso": "CHN"}, {"h3index": "874032b18ffffff", "population_2015": 2182.6341963020027, "total_built_mass_tons": 827641.5454256575, "city_id": 11698, "country_iso": "CHN"}, {"h3index": "874032b1cffffff", "population_2015": 6378.429089066561, "total_built_mass_tons": 2757743.052252632, "city_id": 11698, "country_iso": "CHN"}, {"h3index": "874032b1dffffff", "population_2015": 48.66576622140174, "total_built_mass_tons": 49245.725657594, "city_id": 11698, "country_iso": "CHN"}, {"h3index": "874032b1effffff", "population_2015": 3187.1461828633846, "total_built_mass_tons": 1574237.7987267016, "city_id": 11698, "country_iso": "CHN"}, {"h3index": "874032b84ffffff", "population_2015": 1709.6225580280905, "total_built_mass_tons": 657170.738359866, "city_id": 11698, "country_iso": "CHN"}, {"h3index": "874032b86ffffff", "population_2015": 1363.3485035017427, "total_built_mass_tons": 143864.36532682713, "city_id": 11698, "country_iso": "CHN"}, {"h3index": "874032b94ffffff", "population_2015": 15.756889543346327, "total_built_mass_tons": 14634.011478888298, "city_id": 11698, "country_iso": "CHN"}, {"h3index": "874032b95ffffff", "population_2015": 341.8734909483031, "total_built_mass_tons": 99499.33009939324, "city_id": 11698, "country_iso": "CHN"}, {"h3index": "874032ba0ffffff", "population_2015": 36533.17836445827, "total_built_mass_tons": 10995165.5520326, "city_id": 11698, "country_iso": "CHN"}, {"h3index": "874032ba1ffffff", "population_2015": 15233.186213233415, "total_built_mass_tons": 7378178.161938809, "city_id": 11698, "country_iso": "CHN"}, {"h3index": "874032ba2ffffff", "population_2015": 29330.01450898414, "total_built_mass_tons": 2968466.105169927, "city_id": 11698, "country_iso": "CHN"}, {"h3index": "874032ba3ffffff", "population_2015": 6041.968602163652, "total_built_mass_tons": 2012450.028122572, "city_id": 11698, "country_iso": "CHN"}, {"h3index": "874032ba4ffffff", "population_2015": 75232.86897882944, "total_built_mass_tons": 12446738.523604205, "city_id": 11698, "country_iso": "CHN"}, {"h3index": "874032ba5ffffff", "population_2015": 47924.6419297424, "total_built_mass_tons": 8587254.49504654, "city_id": 11698, "country_iso": "CHN"}, {"h3index": "874032ba6ffffff", "population_2015": 23073.476620408615, "total_built_mass_tons": 10048172.074804865, "city_id": 11698, "country_iso": "CHN"}, {"h3index": "874032ba8ffffff", "population_2015": 633.9239767093285, "total_built_mass_tons": 303864.29294735094, "city_id": 11698, "country_iso": "CHN"}, {"h3index": "874032ba9ffffff", "population_2015": 1009.4285020753448, "total_built_mass_tons": 585139.6554252105, "city_id": 11698, "country_iso": "CHN"}, {"h3index": "874032bacffffff", "population_2015": 11059.14265923126, "total_built_mass_tons": 3037556.7462972775, "city_id": 11698, "country_iso": "CHN"}, {"h3index": "874032badffffff", "population_2015": 3033.039505632251, "total_built_mass_tons": 1490685.51831096, "city_id": 11698, "country_iso": "CHN"}, {"h3index": "874032baeffffff", "population_2015": 1157.702357435226, "total_built_mass_tons": 261124.72602150368, "city_id": 11698, "country_iso": "CHN"}, {"h3index": "874032bb0ffffff", "population_2015": 4336.684395948112, "total_built_mass_tons": 1351378.7480320495, "city_id": 11698, "country_iso": "CHN"}, {"h3index": "874032bb1ffffff", "population_2015": 24018.66551970687, "total_built_mass_tons": 2020140.1061410415, "city_id": 11698, "country_iso": "CHN"}, {"h3index": "874032bb2ffffff", "population_2015": 5998.684648013582, "total_built_mass_tons": 2296428.174530347, "city_id": 11698, "country_iso": "CHN"}, {"h3index": "874032bb3ffffff", "population_2015": 3579.671067621194, "total_built_mass_tons": 569996.306353508, "city_id": 11698, "country_iso": "CHN"}, {"h3index": "874032bb4ffffff", "population_2015": 15581.975963334478, "total_built_mass_tons": 2273751.5758663085, "city_id": 11698, "country_iso": "CHN"}, {"h3index": "874032bb5ffffff", "population_2015": 48929.047047793625, "total_built_mass_tons": 3733229.171010715, "city_id": 11698, "country_iso": "CHN"}, {"h3index": "874032bb6ffffff", "population_2015": 62.494612989238654, "total_built_mass_tons": 22011.42510637356, "city_id": 11698, "country_iso": "CHN"}]