[{"h3index": "8730ea600ffffff", "population_2015": 11801.165682055906, "total_built_mass_tons": 3139643.4421721487, "city_id": 12667, "country_iso": "KOR"}, {"h3index": "8730ea601ffffff", "population_2015": 4598.794815706739, "total_built_mass_tons": 1313468.94739704, "city_id": 12667, "country_iso": "KOR"}, {"h3index": "8730ea602ffffff", "population_2015": 3251.3209200148485, "total_built_mass_tons": 660209.936265859, "city_id": 12667, "country_iso": "KOR"}, {"h3index": "8730ea603ffffff", "population_2015": 907.7466699338428, "total_built_mass_tons": 262899.11180871725, "city_id": 12667, "country_iso": "KOR"}, {"h3index": "8730ea604ffffff", "population_2015": 995.7053997039797, "total_built_mass_tons": 545165.0856564104, "city_id": 12667, "country_iso": "KOR"}, {"h3index": "8730ea605ffffff", "population_2015": 729.8124599812079, "total_built_mass_tons": 429306.36360980646, "city_id": 12667, "country_iso": "KOR"}, {"h3index": "8730ea606ffffff", "population_2015": 8739.768519188372, "total_built_mass_tons": 2878531.430184069, "city_id": 12667, "country_iso": "KOR"}, {"h3index": "8730ea60cffffff", "population_2015": 24.156117001701805, "total_built_mass_tons": 10979.78232555126, "city_id": 12667, "country_iso": "KOR"}, {"h3index": "8730ea610ffffff", "population_2015": 26824.20850811378, "total_built_mass_tons": 4466853.471600292, "city_id": 12667, "country_iso": "KOR"}, {"h3index": "8730ea611ffffff", "population_2015": 1667.0375035678635, "total_built_mass_tons": 805401.76540703, "city_id": 12667, "country_iso": "KOR"}, {"h3index": "8730ea612ffffff", "population_2015": 13922.845351840006, "total_built_mass_tons": 3479511.3112911573, "city_id": 12667, "country_iso": "KOR"}, {"h3index": "8730ea613ffffff", "population_2015": 8244.644455838672, "total_built_mass_tons": 7018086.062537109, "city_id": 12667, "country_iso": "KOR"}, {"h3index": "8730ea614ffffff", "population_2015": 5986.561408300961, "total_built_mass_tons": 925801.6139674776, "city_id": 12667, "country_iso": "KOR"}, {"h3index": "8730ea615ffffff", "population_2015": 16935.27330241858, "total_built_mass_tons": 2763885.9010087363, "city_id": 12667, "country_iso": "KOR"}, {"h3index": "8730ea616ffffff", "population_2015": 18893.452814199412, "total_built_mass_tons": 4711684.403469864, "city_id": 12667, "country_iso": "KOR"}, {"h3index": "8730ea618ffffff", "population_2015": 1435.0553283981249, "total_built_mass_tons": 827067.4306251404, "city_id": 12667, "country_iso": "KOR"}, {"h3index": "8730ea61affffff", "population_2015": 1884.172091532688, "total_built_mass_tons": 1673813.6760304824, "city_id": 12667, "country_iso": "KOR"}, {"h3index": "8730ea61cffffff", "population_2015": 379.2793802859738, "total_built_mass_tons": 279990.27364840225, "city_id": 12667, "country_iso": "KOR"}, {"h3index": "8730ea61effffff", "population_2015": 3897.615949713016, "total_built_mass_tons": 3877798.394971975, "city_id": 12667, "country_iso": "KOR"}, {"h3index": "8730ea628ffffff", "population_2015": 298.0365147777633, "total_built_mass_tons": 476690.9167418118, "city_id": 12667, "country_iso": "KOR"}, {"h3index": "8730ea62affffff", "population_2015": 1942.2143140549745, "total_built_mass_tons": 1584918.5397406467, "city_id": 12667, "country_iso": "KOR"}, {"h3index": "8730ea62bffffff", "population_2015": 488.8044296507742, "total_built_mass_tons": 282556.6091935354, "city_id": 12667, "country_iso": "KOR"}, {"h3index": "8730ea62effffff", "population_2015": 17.872788919187062, "total_built_mass_tons": 16858.448930120994, "city_id": 12667, "country_iso": "KOR"}, {"h3index": "8730ea633ffffff", "population_2015": 302.4292996574851, "total_built_mass_tons": 86523.0149334703, "city_id": 12667, "country_iso": "KOR"}, {"h3index": "8730ea680ffffff", "population_2015": 150.3270172418332, "total_built_mass_tons": 133506.90691367642, "city_id": 12667, "country_iso": "KOR"}, {"h3index": "8730ea681ffffff", "population_2015": 1877.2495455152848, "total_built_mass_tons": 1210522.1341101592, "city_id": 12667, "country_iso": "KOR"}, {"h3index": "8730ea684ffffff", "population_2015": 118.19851380890492, "total_built_mass_tons": 131601.40965317364, "city_id": 12667, "country_iso": "KOR"}, {"h3index": "8730ea685ffffff", "population_2015": 5550.5828528422935, "total_built_mass_tons": 4267742.829955055, "city_id": 12667, "country_iso": "KOR"}, {"h3index": "8730ea68cffffff", "population_2015": 1212.3266944445816, "total_built_mass_tons": 810219.3738881452, "city_id": 12667, "country_iso": "KOR"}, {"h3index": "8730ea6a0ffffff", "population_2015": 544.8470536587286, "total_built_mass_tons": 373961.30639144115, "city_id": 12667, "country_iso": "KOR"}, {"h3index": "8730ea6a1ffffff", "population_2015": 10732.59119135165, "total_built_mass_tons": 4195464.366271196, "city_id": 12667, "country_iso": "KOR"}, {"h3index": "8730ea6a3ffffff", "population_2015": 1123.9963357364431, "total_built_mass_tons": 866301.4207791504, "city_id": 12667, "country_iso": "KOR"}, {"h3index": "8730ea6a4ffffff", "population_2015": 805.1310121788697, "total_built_mass_tons": 431379.70283562504, "city_id": 12667, "country_iso": "KOR"}, {"h3index": "8730ea6a5ffffff", "population_2015": 9995.843585868912, "total_built_mass_tons": 2705338.9936362235, "city_id": 12667, "country_iso": "KOR"}, {"h3index": "8730ea6a8ffffff", "population_2015": 5650.822209668627, "total_built_mass_tons": 2033389.5287809249, "city_id": 12667, "country_iso": "KOR"}, {"h3index": "8730ea6a9ffffff", "population_2015": 3817.242433936923, "total_built_mass_tons": 1893523.1630189165, "city_id": 12667, "country_iso": "KOR"}, {"h3index": "8730ea6aaffffff", "population_2015": 5313.144805186402, "total_built_mass_tons": 2183791.009654633, "city_id": 12667, "country_iso": "KOR"}, {"h3index": "8730ea6abffffff", "population_2015": 7012.095538058935, "total_built_mass_tons": 2919323.4601380955, "city_id": 12667, "country_iso": "KOR"}, {"h3index": "8730ea6acffffff", "population_2015": 12464.789770859368, "total_built_mass_tons": 6677576.380593402, "city_id": 12667, "country_iso": "KOR"}, {"h3index": "8730ea6adffffff", "population_2015": 9916.37998272765, "total_built_mass_tons": 7655552.957348501, "city_id": 12667, "country_iso": "KOR"}, {"h3index": "8730ea6aeffffff", "population_2015": 6829.707175959795, "total_built_mass_tons": 3537508.071800111, "city_id": 12667, "country_iso": "KOR"}, {"h3index": "8730ea6f4ffffff", "population_2015": 28.524970651140396, "total_built_mass_tons": 37167.96886390408, "city_id": 12667, "country_iso": "KOR"}, {"h3index": "8730ea6f6ffffff", "population_2015": 406.9094269958198, "total_built_mass_tons": 318109.0772922547, "city_id": 12667, "country_iso": "KOR"}, {"h3index": "8730ea789ffffff", "population_2015": 615.8655688977709, "total_built_mass_tons": 122771.76428943314, "city_id": 12667, "country_iso": "KOR"}, {"h3index": "8730ea78affffff", "population_2015": 204.26399045458027, "total_built_mass_tons": 146231.4927773031, "city_id": 12667, "country_iso": "KOR"}, {"h3index": "8730ea78bffffff", "population_2015": 3116.134943472171, "total_built_mass_tons": 980108.838502528, "city_id": 12667, "country_iso": "KOR"}]