[{"h3index": "871f11602ffffff", "population_2015": 517.6103296784794, "total_built_mass_tons": 424124.0929695325, "city_id": 2641, "country_iso": "DEU"}, {"h3index": "871f11610ffffff", "population_2015": 6248.277711494296, "total_built_mass_tons": 3116016.3883847054, "city_id": 2641, "country_iso": "DEU"}, {"h3index": "871f11611ffffff", "population_2015": 2995.141139875674, "total_built_mass_tons": 1532317.5055885685, "city_id": 2641, "country_iso": "DEU"}, {"h3index": "871f11612ffffff", "population_2015": 9774.56422403186, "total_built_mass_tons": 4874555.606571402, "city_id": 2641, "country_iso": "DEU"}, {"h3index": "871f11613ffffff", "population_2015": 10389.51130513771, "total_built_mass_tons": 5078956.670751082, "city_id": 2641, "country_iso": "DEU"}, {"h3index": "871f11614ffffff", "population_2015": 6738.12859248928, "total_built_mass_tons": 3221077.4774185335, "city_id": 2641, "country_iso": "DEU"}, {"h3index": "871f11615ffffff", "population_2015": 3712.041463608837, "total_built_mass_tons": 1757593.506159084, "city_id": 2641, "country_iso": "DEU"}, {"h3index": "871f11616ffffff", "population_2015": 352.6251494977989, "total_built_mass_tons": 230947.3269317851, "city_id": 2641, "country_iso": "DEU"}, {"h3index": "871f11618ffffff", "population_2015": 375.1733779159247, "total_built_mass_tons": 160400.66604048124, "city_id": 2641, "country_iso": "DEU"}, {"h3index": "871f1161affffff", "population_2015": 137.67035627832598, "total_built_mass_tons": 113048.72930929367, "city_id": 2641, "country_iso": "DEU"}, {"h3index": "871f1161effffff", "population_2015": 6237.658060575004, "total_built_mass_tons": 2579370.1435012524, "city_id": 2641, "country_iso": "DEU"}, {"h3index": "871f11632ffffff", "population_2015": 134.72693888720346, "total_built_mass_tons": 151660.52160034725, "city_id": 2641, "country_iso": "DEU"}, {"h3index": "871f11633ffffff", "population_2015": 1808.8823114694333, "total_built_mass_tons": 1153396.9695603962, "city_id": 2641, "country_iso": "DEU"}, {"h3index": "871f11681ffffff", "population_2015": 1093.9099251915427, "total_built_mass_tons": 397468.3464040602, "city_id": 2641, "country_iso": "DEU"}, {"h3index": "871f11685ffffff", "population_2015": 1411.868623228634, "total_built_mass_tons": 675434.3643168999, "city_id": 2641, "country_iso": "DEU"}, {"h3index": "871f1168cffffff", "population_2015": 309.16788555220063, "total_built_mass_tons": 142770.1191779724, "city_id": 2641, "country_iso": "DEU"}, {"h3index": "871f1168dffffff", "population_2015": 193.7305400324803, "total_built_mass_tons": 93553.59449761154, "city_id": 2641, "country_iso": "DEU"}, {"h3index": "871f116a0ffffff", "population_2015": 52.009985875148395, "total_built_mass_tons": 34811.23693544336, "city_id": 2641, "country_iso": "DEU"}, {"h3index": "871f116a1ffffff", "population_2015": 6097.937629742715, "total_built_mass_tons": 2339049.7343483805, "city_id": 2641, "country_iso": "DEU"}, {"h3index": "871f116a3ffffff", "population_2015": 4472.6901536174855, "total_built_mass_tons": 1732201.7371691084, "city_id": 2641, "country_iso": "DEU"}, {"h3index": "871f116a5ffffff", "population_2015": 1547.472077483757, "total_built_mass_tons": 661317.4415959299, "city_id": 2641, "country_iso": "DEU"}, {"h3index": "871f116a8ffffff", "population_2015": 8444.447028924907, "total_built_mass_tons": 3600001.0114395632, "city_id": 2641, "country_iso": "DEU"}, {"h3index": "871f116a9ffffff", "population_2015": 4235.159768822614, "total_built_mass_tons": 1814997.1130642763, "city_id": 2641, "country_iso": "DEU"}, {"h3index": "871f116aaffffff", "population_2015": 5255.8268338465205, "total_built_mass_tons": 2167028.845062796, "city_id": 2641, "country_iso": "DEU"}, {"h3index": "871f116abffffff", "population_2015": 3265.8150112600892, "total_built_mass_tons": 1370200.4460443847, "city_id": 2641, "country_iso": "DEU"}, {"h3index": "871f116acffffff", "population_2015": 10545.552350953045, "total_built_mass_tons": 5916436.5007027425, "city_id": 2641, "country_iso": "DEU"}, {"h3index": "871f116adffffff", "population_2015": 5225.337672627207, "total_built_mass_tons": 3534526.0595158264, "city_id": 2641, "country_iso": "DEU"}, {"h3index": "871f116aeffffff", "population_2015": 7049.269025705373, "total_built_mass_tons": 2883448.211311357, "city_id": 2641, "country_iso": "DEU"}, {"h3index": "871f116f6ffffff", "population_2015": 142.34683316922656, "total_built_mass_tons": 97239.7080519886, "city_id": 2641, "country_iso": "DEU"}, {"h3index": "871f11789ffffff", "population_2015": 175.8294317862567, "total_built_mass_tons": 151171.606901742, "city_id": 2641, "country_iso": "DEU"}]