[{"h3index": "871ea4440ffffff", "population_2015": 463.38021747598464, "total_built_mass_tons": 2535528.5623794254, "city_id": 2773, "country_iso": "ITA"}, {"h3index": "871ea4441ffffff", "population_2015": 15738.405439135777, "total_built_mass_tons": 6020454.543793922, "city_id": 2773, "country_iso": "ITA"}, {"h3index": "871ea4443ffffff", "population_2015": 115.99521695030673, "total_built_mass_tons": 149905.03356426852, "city_id": 2773, "country_iso": "ITA"}, {"h3index": "871ea4444ffffff", "population_2015": 1412.241091480647, "total_built_mass_tons": 492422.8828367114, "city_id": 2773, "country_iso": "ITA"}, {"h3index": "871ea4445ffffff", "population_2015": 23362.51953925614, "total_built_mass_tons": 6066714.385938134, "city_id": 2773, "country_iso": "ITA"}, {"h3index": "871ea444cffffff", "population_2015": 731.2385669154862, "total_built_mass_tons": 260459.5031204672, "city_id": 2773, "country_iso": "ITA"}, {"h3index": "871ea444effffff", "population_2015": 1.0660988667432, "total_built_mass_tons": 3013.3478717165494, "city_id": 2773, "country_iso": "ITA"}, {"h3index": "871ea4460ffffff", "population_2015": 1019.787806146548, "total_built_mass_tons": 378727.20415707154, "city_id": 2773, "country_iso": "ITA"}, {"h3index": "871ea4461ffffff", "population_2015": 13021.9768395022, "total_built_mass_tons": 2081655.3802533376, "city_id": 2773, "country_iso": "ITA"}, {"h3index": "871ea4462ffffff", "population_2015": 5.7395564733767035, "total_built_mass_tons": 3338.6030589651705, "city_id": 2773, "country_iso": "ITA"}, {"h3index": "871ea4463ffffff", "population_2015": 18565.686570874877, "total_built_mass_tons": 4138630.78623532, "city_id": 2773, "country_iso": "ITA"}, {"h3index": "871ea4468ffffff", "population_2015": 28996.30265251071, "total_built_mass_tons": 5321027.108028058, "city_id": 2773, "country_iso": "ITA"}, {"h3index": "871ea4469ffffff", "population_2015": 5786.593451774762, "total_built_mass_tons": 1687146.1919013248, "city_id": 2773, "country_iso": "ITA"}, {"h3index": "871ea446affffff", "population_2015": 5468.570066584734, "total_built_mass_tons": 3366724.2800410953, "city_id": 2773, "country_iso": "ITA"}, {"h3index": "871ea446bffffff", "population_2015": 7586.350753271697, "total_built_mass_tons": 1735485.5746941264, "city_id": 2773, "country_iso": "ITA"}, {"h3index": "871ea446cffffff", "population_2015": 6176.755985415508, "total_built_mass_tons": 1266523.9201738536, "city_id": 2773, "country_iso": "ITA"}, {"h3index": "871ea446dffffff", "population_2015": 278.0330715618297, "total_built_mass_tons": 137463.18794139737, "city_id": 2773, "country_iso": "ITA"}, {"h3index": "871ea446effffff", "population_2015": 34956.73799349498, "total_built_mass_tons": 8164989.520923873, "city_id": 2773, "country_iso": "ITA"}, {"h3index": "871ea4736ffffff", "population_2015": 6847.629816194669, "total_built_mass_tons": 1316242.303177591, "city_id": 2773, "country_iso": "ITA"}]