[{"h3index": "871f99c10ffffff", "population_2015": 66.65287347880064, "total_built_mass_tons": 41045.95739516903, "city_id": 2529, "country_iso": "ITA"}, {"h3index": "871f99c12ffffff", "population_2015": 9854.455634385027, "total_built_mass_tons": 3091904.11495776, "city_id": 2529, "country_iso": "ITA"}, {"h3index": "871f99c13ffffff", "population_2015": 479.12488154617006, "total_built_mass_tons": 106518.96294012856, "city_id": 2529, "country_iso": "ITA"}, {"h3index": "871f99c14ffffff", "population_2015": 8185.384457990248, "total_built_mass_tons": 2814885.2749730013, "city_id": 2529, "country_iso": "ITA"}, {"h3index": "871f99c16ffffff", "population_2015": 8407.574028917592, "total_built_mass_tons": 2579057.515578056, "city_id": 2529, "country_iso": "ITA"}, {"h3index": "871f99c30ffffff", "population_2015": 1835.8229152780536, "total_built_mass_tons": 445625.506865224, "city_id": 2529, "country_iso": "ITA"}, {"h3index": "871f99c32ffffff", "population_2015": 8406.799720269635, "total_built_mass_tons": 4125802.7920238096, "city_id": 2529, "country_iso": "ITA"}, {"h3index": "871f99c33ffffff", "population_2015": 1060.1881793968382, "total_built_mass_tons": 685923.9418351951, "city_id": 2529, "country_iso": "ITA"}, {"h3index": "871f99c36ffffff", "population_2015": 3018.528774913211, "total_built_mass_tons": 1893999.8138445157, "city_id": 2529, "country_iso": "ITA"}, {"h3index": "871f99ca1ffffff", "population_2015": 5559.982893535348, "total_built_mass_tons": 1956349.294201645, "city_id": 2529, "country_iso": "ITA"}, {"h3index": "871f99ca4ffffff", "population_2015": 213.2773835151219, "total_built_mass_tons": 212102.6284325045, "city_id": 2529, "country_iso": "ITA"}, {"h3index": "871f99ca5ffffff", "population_2015": 12142.946064419257, "total_built_mass_tons": 3117028.8314776896, "city_id": 2529, "country_iso": "ITA"}, {"h3index": "871f99cacffffff", "population_2015": 5078.981633481705, "total_built_mass_tons": 1400823.4757623991, "city_id": 2529, "country_iso": "ITA"}, {"h3index": "871f99d13ffffff", "population_2015": 1708.690076444897, "total_built_mass_tons": 710450.5834912095, "city_id": 2529, "country_iso": "ITA"}, {"h3index": "871f99d1affffff", "population_2015": 17.262033462524414, "total_built_mass_tons": 29482.732627503545, "city_id": 2529, "country_iso": "ITA"}, {"h3index": "871f99d80ffffff", "population_2015": 1741.7934570793575, "total_built_mass_tons": 752408.2406186429, "city_id": 2529, "country_iso": "ITA"}, {"h3index": "871f99d81ffffff", "population_2015": 23699.693541355355, "total_built_mass_tons": 7351013.724375229, "city_id": 2529, "country_iso": "ITA"}, {"h3index": "871f99d83ffffff", "population_2015": 1128.621643854663, "total_built_mass_tons": 450813.884146084, "city_id": 2529, "country_iso": "ITA"}, {"h3index": "871f99d85ffffff", "population_2015": 11783.127010209886, "total_built_mass_tons": 2963218.72603283, "city_id": 2529, "country_iso": "ITA"}, {"h3index": "871f99d88ffffff", "population_2015": 17839.66282062302, "total_built_mass_tons": 4640107.73358036, "city_id": 2529, "country_iso": "ITA"}, {"h3index": "871f99d89ffffff", "population_2015": 22861.08119957179, "total_built_mass_tons": 6863825.556468647, "city_id": 2529, "country_iso": "ITA"}, {"h3index": "871f99d8affffff", "population_2015": 231.12969708255696, "total_built_mass_tons": 175791.4372106766, "city_id": 2529, "country_iso": "ITA"}, {"h3index": "871f99d8bffffff", "population_2015": 13005.157418887227, "total_built_mass_tons": 4631401.77309432, "city_id": 2529, "country_iso": "ITA"}, {"h3index": "871f99d8cffffff", "population_2015": 11012.000135814676, "total_built_mass_tons": 4883058.407034358, "city_id": 2529, "country_iso": "ITA"}, {"h3index": "871f99d8dffffff", "population_2015": 13967.33144726816, "total_built_mass_tons": 5091913.508143336, "city_id": 2529, "country_iso": "ITA"}, {"h3index": "871f99d8effffff", "population_2015": 5468.880207858869, "total_built_mass_tons": 1734977.154775511, "city_id": 2529, "country_iso": "ITA"}, {"h3index": "871f99d9dffffff", "population_2015": 45.26098023080358, "total_built_mass_tons": 35330.20362381907, "city_id": 2529, "country_iso": "ITA"}, {"h3index": "871f99da8ffffff", "population_2015": 3782.6402523421625, "total_built_mass_tons": 1808460.5273806104, "city_id": 2529, "country_iso": "ITA"}, {"h3index": "871f99da9ffffff", "population_2015": 5733.819696788795, "total_built_mass_tons": 2056093.432601206, "city_id": 2529, "country_iso": "ITA"}, {"h3index": "871f99daaffffff", "population_2015": 11073.261745516564, "total_built_mass_tons": 3779827.9621458855, "city_id": 2529, "country_iso": "ITA"}, {"h3index": "871f99dabffffff", "population_2015": 10913.626857184663, "total_built_mass_tons": 3814311.895113291, "city_id": 2529, "country_iso": "ITA"}, {"h3index": "871f99dadffffff", "population_2015": 7683.008367705083, "total_built_mass_tons": 2617297.727899539, "city_id": 2529, "country_iso": "ITA"}]