[{"h3index":"8740e6849ffffff","population_2015":34.6603399202,"total_built_mass_tons":15547.0545349421,"city_id":10513,"country_iso":"CHN"},{"h3index":"8740e684bffffff","population_2015":3.7442180278,"total_built_mass_tons":5891.7838996105,"city_id":10513,"country_iso":"CHN"},{"h3index":"8740e6b10ffffff","population_2015":2583.838411578,"total_built_mass_tons":294001.4265097007,"city_id":10513,"country_iso":"CHN"},{"h3index":"8740e6b12ffffff","population_2015":24354.953181854,"total_built_mass_tons":7146235.2785524158,"city_id":10513,"country_iso":"CHN"},{"h3index":"8740e6b13ffffff","population_2015":6588.8607609655,"total_built_mass_tons":1152902.7287510158,"city_id":10513,"country_iso":"CHN"},{"h3index":"8740e6b14ffffff","population_2015":3501.6725283567,"total_built_mass_tons":982662.6286524412,"city_id":10513,"country_iso":"CHN"},{"h3index":"8740e6b15ffffff","population_2015":22.7782494582,"total_built_mass_tons":15577.6018931957,"city_id":10513,"country_iso":"CHN"},{"h3index":"8740e6b16ffffff","population_2015":11870.3792915185,"total_built_mass_tons":2896635.1997307674,"city_id":10513,"country_iso":"CHN"},{"h3index":"8740e6b32ffffff","population_2015":60.7203486424,"total_built_mass_tons":17010.8506186455,"city_id":10513,"country_iso":"CHN"},{"h3index":"8740e6b33ffffff","population_2015":166.7973388821,"total_built_mass_tons":69652.3205041195,"city_id":10513,"country_iso":"CHN"},{"h3index":"8740e6ba1ffffff","population_2015":406.3029876073,"total_built_mass_tons":313865.4148700026,"city_id":10513,"country_iso":"CHN"},{"h3index":"8740e6ba5ffffff","population_2015":1797.9272604288,"total_built_mass_tons":516893.6428973174,"city_id":10513,"country_iso":"CHN"},{"h3index":"8740e6bacffffff","population_2015":3610.867868057,"total_built_mass_tons":1001997.8181822076,"city_id":10513,"country_iso":"CHN"}]