[{"h3index": "876505002ffffff", "population_2015": 2054.8757423475677, "total_built_mass_tons": 1035553.8236897134, "city_id": 11139, "country_iso": "MYS"}, {"h3index": "876505003ffffff", "population_2015": 611.2289016854531, "total_built_mass_tons": 261441.35987363197, "city_id": 11139, "country_iso": "MYS"}, {"h3index": "876505006ffffff", "population_2015": 4484.807322483436, "total_built_mass_tons": 2423758.4418737697, "city_id": 11139, "country_iso": "MYS"}, {"h3index": "876505010ffffff", "population_2015": 7790.117034594219, "total_built_mass_tons": 2770037.4950033147, "city_id": 11139, "country_iso": "MYS"}, {"h3index": "876505011ffffff", "population_2015": 1665.928922532587, "total_built_mass_tons": 813465.793149292, "city_id": 11139, "country_iso": "MYS"}, {"h3index": "876505012ffffff", "population_2015": 23240.347864928903, "total_built_mass_tons": 3652113.7013779273, "city_id": 11139, "country_iso": "MYS"}, {"h3index": "876505013ffffff", "population_2015": 6717.0149826872575, "total_built_mass_tons": 2003021.561055736, "city_id": 11139, "country_iso": "MYS"}, {"h3index": "876505014ffffff", "population_2015": 9949.962466827092, "total_built_mass_tons": 2734608.4396835584, "city_id": 11139, "country_iso": "MYS"}, {"h3index": "876505015ffffff", "population_2015": 3147.747226210201, "total_built_mass_tons": 1634766.6436094623, "city_id": 11139, "country_iso": "MYS"}, {"h3index": "876505016ffffff", "population_2015": 3670.7475172790832, "total_built_mass_tons": 1201862.2749018825, "city_id": 11139, "country_iso": "MYS"}, {"h3index": "876505018ffffff", "population_2015": 4213.616342978382, "total_built_mass_tons": 2260138.200053406, "city_id": 11139, "country_iso": "MYS"}, {"h3index": "876505019ffffff", "population_2015": 112.5787890546462, "total_built_mass_tons": 113964.6813277649, "city_id": 11139, "country_iso": "MYS"}, {"h3index": "87650501affffff", "population_2015": 18099.939870776383, "total_built_mass_tons": 2868579.6286499663, "city_id": 11139, "country_iso": "MYS"}, {"h3index": "87650501bffffff", "population_2015": 9145.490083888932, "total_built_mass_tons": 1991992.503856963, "city_id": 11139, "country_iso": "MYS"}, {"h3index": "87650501cffffff", "population_2015": 5843.063256964964, "total_built_mass_tons": 2771139.859242657, "city_id": 11139, "country_iso": "MYS"}, {"h3index": "87650501dffffff", "population_2015": 402.4594848090527, "total_built_mass_tons": 170235.28713389792, "city_id": 11139, "country_iso": "MYS"}, {"h3index": "87650501effffff", "population_2015": 7749.734890855524, "total_built_mass_tons": 2848198.388132736, "city_id": 11139, "country_iso": "MYS"}, {"h3index": "876505030ffffff", "population_2015": 2739.9079383363905, "total_built_mass_tons": 997733.741735149, "city_id": 11139, "country_iso": "MYS"}, {"h3index": "876505031ffffff", "population_2015": 1387.9995653844346, "total_built_mass_tons": 465615.2515638827, "city_id": 11139, "country_iso": "MYS"}, {"h3index": "876505032ffffff", "population_2015": 8262.791303847818, "total_built_mass_tons": 2990502.608090807, "city_id": 11139, "country_iso": "MYS"}, {"h3index": "876505033ffffff", "population_2015": 8839.267361790524, "total_built_mass_tons": 2607939.71205682, "city_id": 11139, "country_iso": "MYS"}, {"h3index": "876505036ffffff", "population_2015": 1670.8219394796038, "total_built_mass_tons": 673056.7687144191, "city_id": 11139, "country_iso": "MYS"}, {"h3index": "876505080ffffff", "population_2015": 37173.4742341883, "total_built_mass_tons": 4837296.453486077, "city_id": 11139, "country_iso": "MYS"}, {"h3index": "876505081ffffff", "population_2015": 35369.596124716365, "total_built_mass_tons": 4676818.699402951, "city_id": 11139, "country_iso": "MYS"}, {"h3index": "876505082ffffff", "population_2015": 29729.00271001329, "total_built_mass_tons": 4140456.615446291, "city_id": 11139, "country_iso": "MYS"}, {"h3index": "876505083ffffff", "population_2015": 27324.389792438586, "total_built_mass_tons": 4302409.593099245, "city_id": 11139, "country_iso": "MYS"}, {"h3index": "876505084ffffff", "population_2015": 24125.23027388628, "total_built_mass_tons": 2945543.1625844766, "city_id": 11139, "country_iso": "MYS"}, {"h3index": "876505085ffffff", "population_2015": 25149.836719400733, "total_built_mass_tons": 3031226.743747402, "city_id": 11139, "country_iso": "MYS"}, {"h3index": "876505086ffffff", "population_2015": 44765.05249541039, "total_built_mass_tons": 5267675.06048611, "city_id": 11139, "country_iso": "MYS"}, {"h3index": "876505088ffffff", "population_2015": 23877.755797131857, "total_built_mass_tons": 4994928.461031266, "city_id": 11139, "country_iso": "MYS"}, {"h3index": "876505089ffffff", "population_2015": 30006.20215610428, "total_built_mass_tons": 5327817.42928061, "city_id": 11139, "country_iso": "MYS"}, {"h3index": "87650508affffff", "population_2015": 31774.30721670411, "total_built_mass_tons": 5486963.287161758, "city_id": 11139, "country_iso": "MYS"}, {"h3index": "87650508bffffff", "population_2015": 17397.683586277682, "total_built_mass_tons": 3080620.328209571, "city_id": 11139, "country_iso": "MYS"}, {"h3index": "87650508cffffff", "population_2015": 32183.639862202657, "total_built_mass_tons": 3905099.662092891, "city_id": 11139, "country_iso": "MYS"}, {"h3index": "87650508dffffff", "population_2015": 27751.0789573071, "total_built_mass_tons": 6038064.026485853, "city_id": 11139, "country_iso": "MYS"}, {"h3index": "87650508effffff", "population_2015": 34079.068972621244, "total_built_mass_tons": 4584251.89326573, "city_id": 11139, "country_iso": "MYS"}, {"h3index": "876505090ffffff", "population_2015": 21560.898142881942, "total_built_mass_tons": 2882806.8167325538, "city_id": 11139, "country_iso": "MYS"}, {"h3index": "876505091ffffff", "population_2015": 27178.049618257268, "total_built_mass_tons": 4943490.621322792, "city_id": 11139, "country_iso": "MYS"}, {"h3index": "876505092ffffff", "population_2015": 34618.880322916346, "total_built_mass_tons": 6590267.855471954, "city_id": 11139, "country_iso": "MYS"}, {"h3index": "876505093ffffff", "population_2015": 19864.323065731573, "total_built_mass_tons": 3687505.797103593, "city_id": 11139, "country_iso": "MYS"}, {"h3index": "876505094ffffff", "population_2015": 31224.55111513324, "total_built_mass_tons": 3691128.7865471314, "city_id": 11139, "country_iso": "MYS"}, {"h3index": "876505095ffffff", "population_2015": 28810.03091834574, "total_built_mass_tons": 3571501.5591247315, "city_id": 11139, "country_iso": "MYS"}, {"h3index": "876505096ffffff", "population_2015": 39893.608419784854, "total_built_mass_tons": 4131279.748019172, "city_id": 11139, "country_iso": "MYS"}, {"h3index": "876505098ffffff", "population_2015": 20293.45700655918, "total_built_mass_tons": 3251042.2768544555, "city_id": 11139, "country_iso": "MYS"}, {"h3index": "876505099ffffff", "population_2015": 38119.61040465409, "total_built_mass_tons": 5284217.140864478, "city_id": 11139, "country_iso": "MYS"}, {"h3index": "87650509affffff", "population_2015": 24197.990336635063, "total_built_mass_tons": 2853864.313392408, "city_id": 11139, "country_iso": "MYS"}, {"h3index": "87650509bffffff", "population_2015": 33685.77307249331, "total_built_mass_tons": 5574251.072236763, "city_id": 11139, "country_iso": "MYS"}, {"h3index": "87650509cffffff", "population_2015": 24796.825422114944, "total_built_mass_tons": 4521347.175078267, "city_id": 11139, "country_iso": "MYS"}, {"h3index": "87650509dffffff", "population_2015": 25890.073714028156, "total_built_mass_tons": 4973458.864403484, "city_id": 11139, "country_iso": "MYS"}, {"h3index": "87650509effffff", "population_2015": 32210.899905589977, "total_built_mass_tons": 4673872.406922357, "city_id": 11139, "country_iso": "MYS"}, {"h3index": "8765050a0ffffff", "population_2015": 24258.127604727655, "total_built_mass_tons": 2973545.202070061, "city_id": 11139, "country_iso": "MYS"}, {"h3index": "8765050a1ffffff", "population_2015": 27531.64624402664, "total_built_mass_tons": 3119027.1738673938, "city_id": 11139, "country_iso": "MYS"}, {"h3index": "8765050a2ffffff", "population_2015": 39190.587076456424, "total_built_mass_tons": 3826342.992779211, "city_id": 11139, "country_iso": "MYS"}, {"h3index": "8765050a3ffffff", "population_2015": 22518.48803639132, "total_built_mass_tons": 2714838.5949713164, "city_id": 11139, "country_iso": "MYS"}, {"h3index": "8765050a4ffffff", "population_2015": 15792.115445378247, "total_built_mass_tons": 1527021.920037276, "city_id": 11139, "country_iso": "MYS"}, {"h3index": "8765050a5ffffff", "population_2015": 10372.781505223818, "total_built_mass_tons": 1555145.3458430187, "city_id": 11139, "country_iso": "MYS"}, {"h3index": "8765050a6ffffff", "population_2015": 33536.472229534964, "total_built_mass_tons": 3629746.5460280655, "city_id": 11139, "country_iso": "MYS"}, {"h3index": "8765050a8ffffff", "population_2015": 16817.656459202484, "total_built_mass_tons": 2356726.098838765, "city_id": 11139, "country_iso": "MYS"}, {"h3index": "8765050a9ffffff", "population_2015": 35295.39997238458, "total_built_mass_tons": 4588054.560834307, "city_id": 11139, "country_iso": "MYS"}, {"h3index": "8765050aaffffff", "population_2015": 32068.640241316258, "total_built_mass_tons": 4047390.976951671, "city_id": 11139, "country_iso": "MYS"}, {"h3index": "8765050abffffff", "population_2015": 29803.679748019054, "total_built_mass_tons": 4243381.020744207, "city_id": 11139, "country_iso": "MYS"}, {"h3index": "8765050acffffff", "population_2015": 13270.627217573276, "total_built_mass_tons": 1853952.306789873, "city_id": 11139, "country_iso": "MYS"}, {"h3index": "8765050adffffff", "population_2015": 30082.852623314968, "total_built_mass_tons": 4577089.179372154, "city_id": 11139, "country_iso": "MYS"}, {"h3index": "8765050aeffffff", "population_2015": 1044.5435549268534, "total_built_mass_tons": 254692.95935659087, "city_id": 11139, "country_iso": "MYS"}, {"h3index": "8765050b0ffffff", "population_2015": 14990.778232993334, "total_built_mass_tons": 1571502.46972873, "city_id": 11139, "country_iso": "MYS"}, {"h3index": "8765050b1ffffff", "population_2015": 31196.229746395937, "total_built_mass_tons": 3092007.5544964815, "city_id": 11139, "country_iso": "MYS"}, {"h3index": "8765050b2ffffff", "population_2015": 45259.88121046924, "total_built_mass_tons": 4022662.3426085105, "city_id": 11139, "country_iso": "MYS"}, {"h3index": "8765050b3ffffff", "population_2015": 41559.66619864071, "total_built_mass_tons": 4957268.676471435, "city_id": 11139, "country_iso": "MYS"}, {"h3index": "8765050b4ffffff", "population_2015": 29582.106524209423, "total_built_mass_tons": 3054495.148268976, "city_id": 11139, "country_iso": "MYS"}, {"h3index": "8765050b5ffffff", "population_2015": 10130.101202942347, "total_built_mass_tons": 1228565.5347322964, "city_id": 11139, "country_iso": "MYS"}, {"h3index": "8765050b6ffffff", "population_2015": 41857.648786238104, "total_built_mass_tons": 4028206.641470193, "city_id": 11139, "country_iso": "MYS"}, {"h3index": "8765050c0ffffff", "population_2015": 4807.771641435811, "total_built_mass_tons": 1291802.5380224192, "city_id": 11139, "country_iso": "MYS"}, {"h3index": "8765050c1ffffff", "population_2015": 12915.9090252147, "total_built_mass_tons": 3014400.110778313, "city_id": 11139, "country_iso": "MYS"}, {"h3index": "8765050c2ffffff", "population_2015": 21337.77018547806, "total_built_mass_tons": 4208624.613701051, "city_id": 11139, "country_iso": "MYS"}, {"h3index": "8765050c3ffffff", "population_2015": 6375.917011141307, "total_built_mass_tons": 1727859.6718899717, "city_id": 11139, "country_iso": "MYS"}, {"h3index": "8765050c4ffffff", "population_2015": 17798.84122942756, "total_built_mass_tons": 4190605.720728892, "city_id": 11139, "country_iso": "MYS"}, {"h3index": "8765050c5ffffff", "population_2015": 14415.809440878324, "total_built_mass_tons": 2961683.191814782, "city_id": 11139, "country_iso": "MYS"}, {"h3index": "8765050c6ffffff", "population_2015": 17036.195461534986, "total_built_mass_tons": 3312430.8797835396, "city_id": 11139, "country_iso": "MYS"}, {"h3index": "8765050c8ffffff", "population_2015": 16263.57179168626, "total_built_mass_tons": 3649625.475483954, "city_id": 11139, "country_iso": "MYS"}, {"h3index": "8765050c9ffffff", "population_2015": 18788.70783659991, "total_built_mass_tons": 3455011.7933807923, "city_id": 11139, "country_iso": "MYS"}, {"h3index": "8765050caffffff", "population_2015": 13802.697164423327, "total_built_mass_tons": 4689029.872237122, "city_id": 11139, "country_iso": "MYS"}, {"h3index": "8765050cbffffff", "population_2015": 12916.204887678112, "total_built_mass_tons": 2537062.8847545492, "city_id": 11139, "country_iso": "MYS"}, {"h3index": "8765050ccffffff", "population_2015": 19153.682998013956, "total_built_mass_tons": 3808569.5297204433, "city_id": 11139, "country_iso": "MYS"}, {"h3index": "8765050cdffffff", "population_2015": 22997.09102718877, "total_built_mass_tons": 4849058.099216198, "city_id": 11139, "country_iso": "MYS"}, {"h3index": "8765050ceffffff", "population_2015": 10104.4408001881, "total_built_mass_tons": 2050986.667758139, "city_id": 11139, "country_iso": "MYS"}, {"h3index": "8765050d0ffffff", "population_2015": 22626.98556668151, "total_built_mass_tons": 3730987.872408204, "city_id": 11139, "country_iso": "MYS"}, {"h3index": "8765050d1ffffff", "population_2015": 20304.822655786247, "total_built_mass_tons": 3888596.55661769, "city_id": 11139, "country_iso": "MYS"}, {"h3index": "8765050d2ffffff", "population_2015": 18337.832547098064, "total_built_mass_tons": 3753929.607731442, "city_id": 11139, "country_iso": "MYS"}, {"h3index": "8765050d3ffffff", "population_2015": 12144.02994949864, "total_built_mass_tons": 2457474.280185347, "city_id": 11139, "country_iso": "MYS"}, {"h3index": "8765050d4ffffff", "population_2015": 22053.437720272585, "total_built_mass_tons": 3655529.569615821, "city_id": 11139, "country_iso": "MYS"}, {"h3index": "8765050d5ffffff", "population_2015": 25465.078573518647, "total_built_mass_tons": 5598152.376795935, "city_id": 11139, "country_iso": "MYS"}, {"h3index": "8765050d6ffffff", "population_2015": 18921.26303470835, "total_built_mass_tons": 3267966.317659186, "city_id": 11139, "country_iso": "MYS"}, {"h3index": "8765050d8ffffff", "population_2015": 5426.787667300651, "total_built_mass_tons": 1393649.9306746777, "city_id": 11139, "country_iso": "MYS"}, {"h3index": "8765050d9ffffff", "population_2015": 4985.275507653927, "total_built_mass_tons": 1568351.1487886892, "city_id": 11139, "country_iso": "MYS"}, {"h3index": "8765050dcffffff", "population_2015": 21489.237829365455, "total_built_mass_tons": 4252297.290239161, "city_id": 11139, "country_iso": "MYS"}, {"h3index": "8765050ddffffff", "population_2015": 16613.54234618018, "total_built_mass_tons": 4265334.968696176, "city_id": 11139, "country_iso": "MYS"}, {"h3index": "8765050deffffff", "population_2015": 12407.041587803407, "total_built_mass_tons": 2771038.852665684, "city_id": 11139, "country_iso": "MYS"}, {"h3index": "8765050e0ffffff", "population_2015": 8412.352599577809, "total_built_mass_tons": 1716948.9502940937, "city_id": 11139, "country_iso": "MYS"}, {"h3index": "8765050e1ffffff", "population_2015": 3167.759849462324, "total_built_mass_tons": 779729.031452082, "city_id": 11139, "country_iso": "MYS"}, {"h3index": "8765050e2ffffff", "population_2015": 18719.101977512895, "total_built_mass_tons": 4097503.764423738, "city_id": 11139, "country_iso": "MYS"}, {"h3index": "8765050e3ffffff", "population_2015": 13368.929518464034, "total_built_mass_tons": 3451780.353558722, "city_id": 11139, "country_iso": "MYS"}, {"h3index": "8765050e4ffffff", "population_2015": 704.1612415463317, "total_built_mass_tons": 250615.09699215536, "city_id": 11139, "country_iso": "MYS"}, {"h3index": "8765050e5ffffff", "population_2015": 95.19054483525896, "total_built_mass_tons": 24430.06761659495, "city_id": 11139, "country_iso": "MYS"}, {"h3index": "8765050e6ffffff", "population_2015": 6256.682935890497, "total_built_mass_tons": 1313931.5149346471, "city_id": 11139, "country_iso": "MYS"}, {"h3index": "8765050e8ffffff", "population_2015": 5013.4616207908175, "total_built_mass_tons": 808473.8545500741, "city_id": 11139, "country_iso": "MYS"}, {"h3index": "8765050e9ffffff", "population_2015": 4194.82134665321, "total_built_mass_tons": 1009470.5593434344, "city_id": 11139, "country_iso": "MYS"}, {"h3index": "8765050eaffffff", "population_2015": 15375.901285276226, "total_built_mass_tons": 2946847.9564364585, "city_id": 11139, "country_iso": "MYS"}, {"h3index": "8765050ebffffff", "population_2015": 18054.38871693704, "total_built_mass_tons": 3779569.9100973858, "city_id": 11139, "country_iso": "MYS"}, {"h3index": "8765050eeffffff", "population_2015": 3301.012407557171, "total_built_mass_tons": 704103.0716627998, "city_id": 11139, "country_iso": "MYS"}, {"h3index": "8765050f0ffffff", "population_2015": 27222.09969687369, "total_built_mass_tons": 4555730.692585291, "city_id": 11139, "country_iso": "MYS"}, {"h3index": "8765050f1ffffff", "population_2015": 17809.350589329595, "total_built_mass_tons": 3612390.956126282, "city_id": 11139, "country_iso": "MYS"}, {"h3index": "8765050f2ffffff", "population_2015": 28184.38853274327, "total_built_mass_tons": 4862975.748001576, "city_id": 11139, "country_iso": "MYS"}, {"h3index": "8765050f3ffffff", "population_2015": 23434.94902258481, "total_built_mass_tons": 4981350.016667313, "city_id": 11139, "country_iso": "MYS"}, {"h3index": "8765050f4ffffff", "population_2015": 19429.51012994355, "total_built_mass_tons": 2744402.0052925125, "city_id": 11139, "country_iso": "MYS"}, {"h3index": "8765050f5ffffff", "population_2015": 20163.74691629222, "total_built_mass_tons": 3568511.3632363533, "city_id": 11139, "country_iso": "MYS"}, {"h3index": "8765050f6ffffff", "population_2015": 27493.84250305774, "total_built_mass_tons": 5592828.75370023, "city_id": 11139, "country_iso": "MYS"}, {"h3index": "876505180ffffff", "population_2015": 15715.41725469851, "total_built_mass_tons": 2766066.3306348124, "city_id": 11139, "country_iso": "MYS"}, {"h3index": "876505181ffffff", "population_2015": 16012.298363139584, "total_built_mass_tons": 2902416.0700426586, "city_id": 11139, "country_iso": "MYS"}, {"h3index": "876505182ffffff", "population_2015": 25818.12075403252, "total_built_mass_tons": 3640769.7123406655, "city_id": 11139, "country_iso": "MYS"}, {"h3index": "876505183ffffff", "population_2015": 13863.64445262984, "total_built_mass_tons": 2558874.597979931, "city_id": 11139, "country_iso": "MYS"}, {"h3index": "876505184ffffff", "population_2015": 4281.076243000405, "total_built_mass_tons": 1111893.855666777, "city_id": 11139, "country_iso": "MYS"}, {"h3index": "876505185ffffff", "population_2015": 9624.379691823318, "total_built_mass_tons": 1789704.426044125, "city_id": 11139, "country_iso": "MYS"}, {"h3index": "876505186ffffff", "population_2015": 5393.769471415353, "total_built_mass_tons": 1460075.3061417004, "city_id": 11139, "country_iso": "MYS"}, {"h3index": "876505188ffffff", "population_2015": 4926.242458900751, "total_built_mass_tons": 1413372.22291049, "city_id": 11139, "country_iso": "MYS"}, {"h3index": "876505189ffffff", "population_2015": 1025.2324225743616, "total_built_mass_tons": 277497.5117443129, "city_id": 11139, "country_iso": "MYS"}, {"h3index": "87650518affffff", "population_2015": 3899.738253638324, "total_built_mass_tons": 1082444.9148525083, "city_id": 11139, "country_iso": "MYS"}, {"h3index": "87650518bffffff", "population_2015": 244.7323067010618, "total_built_mass_tons": 32456.113142009355, "city_id": 11139, "country_iso": "MYS"}, {"h3index": "87650518cffffff", "population_2015": 1805.8222699043797, "total_built_mass_tons": 470956.8364057176, "city_id": 11139, "country_iso": "MYS"}, {"h3index": "87650518dffffff", "population_2015": 6333.205885243883, "total_built_mass_tons": 2204371.5993685317, "city_id": 11139, "country_iso": "MYS"}, {"h3index": "87650518effffff", "population_2015": 12382.047926293162, "total_built_mass_tons": 2627101.475410559, "city_id": 11139, "country_iso": "MYS"}, {"h3index": "876505190ffffff", "population_2015": 8741.689425793815, "total_built_mass_tons": 1425580.2012161133, "city_id": 11139, "country_iso": "MYS"}, {"h3index": "876505191ffffff", "population_2015": 24605.551635001684, "total_built_mass_tons": 3055920.9242469585, "city_id": 11139, "country_iso": "MYS"}, {"h3index": "876505192ffffff", "population_2015": 5.1885200472439035, "total_built_mass_tons": 3552.1994080997547, "city_id": 11139, "country_iso": "MYS"}, {"h3index": "876505193ffffff", "population_2015": 12120.377371754366, "total_built_mass_tons": 2169867.493209184, "city_id": 11139, "country_iso": "MYS"}, {"h3index": "876505194ffffff", "population_2015": 1822.3607371648152, "total_built_mass_tons": 624134.5861900034, "city_id": 11139, "country_iso": "MYS"}, {"h3index": "876505195ffffff", "population_2015": 21110.01646388184, "total_built_mass_tons": 3494120.420773688, "city_id": 11139, "country_iso": "MYS"}, {"h3index": "876505198ffffff", "population_2015": 17699.090944439762, "total_built_mass_tons": 3086196.1400914947, "city_id": 11139, "country_iso": "MYS"}, {"h3index": "876505199ffffff", "population_2015": 13677.765412184774, "total_built_mass_tons": 2745898.94726968, "city_id": 11139, "country_iso": "MYS"}, {"h3index": "87650519affffff", "population_2015": 29033.06759392981, "total_built_mass_tons": 3414326.204467525, "city_id": 11139, "country_iso": "MYS"}, {"h3index": "87650519bffffff", "population_2015": 30883.517233388568, "total_built_mass_tons": 5073287.211775545, "city_id": 11139, "country_iso": "MYS"}, {"h3index": "87650519cffffff", "population_2015": 23855.706295177988, "total_built_mass_tons": 2952253.1473278026, "city_id": 11139, "country_iso": "MYS"}, {"h3index": "87650519dffffff", "population_2015": 14987.48327548083, "total_built_mass_tons": 2129830.8807100635, "city_id": 11139, "country_iso": "MYS"}, {"h3index": "87650519effffff", "population_2015": 15122.990427002253, "total_built_mass_tons": 2022731.7765677343, "city_id": 11139, "country_iso": "MYS"}, {"h3index": "8765051a3ffffff", "population_2015": 8.89175921421425, "total_built_mass_tons": 3504.388298701513, "city_id": 11139, "country_iso": "MYS"}, {"h3index": "8765051aaffffff", "population_2015": 3528.6457340951056, "total_built_mass_tons": 648806.7384644896, "city_id": 11139, "country_iso": "MYS"}, {"h3index": "8765051b0ffffff", "population_2015": 8716.851490204006, "total_built_mass_tons": 2051519.5949971275, "city_id": 11139, "country_iso": "MYS"}, {"h3index": "8765051b1ffffff", "population_2015": 3148.329146540399, "total_built_mass_tons": 1148459.5760465492, "city_id": 11139, "country_iso": "MYS"}, {"h3index": "8765051b2ffffff", "population_2015": 1932.175211721308, "total_built_mass_tons": 563821.6033774898, "city_id": 11139, "country_iso": "MYS"}, {"h3index": "8765051b3ffffff", "population_2015": 10214.011877355388, "total_built_mass_tons": 2253716.462136192, "city_id": 11139, "country_iso": "MYS"}, {"h3index": "8765051b4ffffff", "population_2015": 6647.374324813543, "total_built_mass_tons": 1599046.996391116, "city_id": 11139, "country_iso": "MYS"}, {"h3index": "8765051b5ffffff", "population_2015": 1827.962710638608, "total_built_mass_tons": 688176.8634088124, "city_id": 11139, "country_iso": "MYS"}, {"h3index": "876505382ffffff", "population_2015": 1322.2909540699973, "total_built_mass_tons": 342865.6696464862, "city_id": 11139, "country_iso": "MYS"}, {"h3index": "876505386ffffff", "population_2015": 393.1905177434286, "total_built_mass_tons": 165689.0866923926, "city_id": 11139, "country_iso": "MYS"}, {"h3index": "876505390ffffff", "population_2015": 7582.125374947343, "total_built_mass_tons": 3028416.582843857, "city_id": 11139, "country_iso": "MYS"}, {"h3index": "876505391ffffff", "population_2015": 7222.477229013631, "total_built_mass_tons": 1968623.4150130856, "city_id": 11139, "country_iso": "MYS"}, {"h3index": "876505392ffffff", "population_2015": 1049.415044952841, "total_built_mass_tons": 400647.7153946699, "city_id": 11139, "country_iso": "MYS"}, {"h3index": "876505393ffffff", "population_2015": 1110.866227426716, "total_built_mass_tons": 485241.4604365867, "city_id": 11139, "country_iso": "MYS"}, {"h3index": "876505394ffffff", "population_2015": 5998.410987842783, "total_built_mass_tons": 1576992.971818827, "city_id": 11139, "country_iso": "MYS"}, {"h3index": "876505395ffffff", "population_2015": 16304.049193086808, "total_built_mass_tons": 3354210.32743836, "city_id": 11139, "country_iso": "MYS"}, {"h3index": "876505396ffffff", "population_2015": 7092.641369455001, "total_built_mass_tons": 1790049.2948769503, "city_id": 11139, "country_iso": "MYS"}, {"h3index": "8765053a0ffffff", "population_2015": 400.0959987976971, "total_built_mass_tons": 151981.34237568398, "city_id": 11139, "country_iso": "MYS"}, {"h3index": "8765053a2ffffff", "population_2015": 5036.597269237742, "total_built_mass_tons": 2046036.0355453696, "city_id": 11139, "country_iso": "MYS"}, {"h3index": "8765053a3ffffff", "population_2015": 853.0886489942962, "total_built_mass_tons": 282902.08612413314, "city_id": 11139, "country_iso": "MYS"}, {"h3index": "8765053b0ffffff", "population_2015": 10086.30843032388, "total_built_mass_tons": 2469757.2092589685, "city_id": 11139, "country_iso": "MYS"}, {"h3index": "8765053b1ffffff", "population_2015": 1988.3102378770411, "total_built_mass_tons": 596778.2226933779, "city_id": 11139, "country_iso": "MYS"}, {"h3index": "8765053b2ffffff", "population_2015": 19786.051470191807, "total_built_mass_tons": 4179913.2223894745, "city_id": 11139, "country_iso": "MYS"}, {"h3index": "8765053b3ffffff", "population_2015": 9575.006097187714, "total_built_mass_tons": 1891503.773213697, "city_id": 11139, "country_iso": "MYS"}, {"h3index": "8765053b4ffffff", "population_2015": 7.219254101023954, "total_built_mass_tons": 23549.080956546684, "city_id": 11139, "country_iso": "MYS"}, {"h3index": "8765053b5ffffff", "population_2015": 4971.421376392889, "total_built_mass_tons": 1679592.9055734114, "city_id": 11139, "country_iso": "MYS"}, {"h3index": "8765053b6ffffff", "population_2015": 16764.975042952745, "total_built_mass_tons": 4298270.99801933, "city_id": 11139, "country_iso": "MYS"}, {"h3index": "876505440ffffff", "population_2015": 30815.161628509977, "total_built_mass_tons": 3842761.94502138, "city_id": 11139, "country_iso": "MYS"}, {"h3index": "876505441ffffff", "population_2015": 35484.05031493691, "total_built_mass_tons": 4304260.94411079, "city_id": 11139, "country_iso": "MYS"}, {"h3index": "876505442ffffff", "population_2015": 6130.743975160636, "total_built_mass_tons": 1002649.94273715, "city_id": 11139, "country_iso": "MYS"}, {"h3index": "876505443ffffff", "population_2015": 30874.188728302597, "total_built_mass_tons": 3318263.309626143, "city_id": 11139, "country_iso": "MYS"}, {"h3index": "876505444ffffff", "population_2015": 57466.05473120444, "total_built_mass_tons": 4474323.745739372, "city_id": 11139, "country_iso": "MYS"}, {"h3index": "876505445ffffff", "population_2015": 57811.55937701957, "total_built_mass_tons": 4241686.274084343, "city_id": 11139, "country_iso": "MYS"}, {"h3index": "876505446ffffff", "population_2015": 3930.7951208339023, "total_built_mass_tons": 554885.7935946619, "city_id": 11139, "country_iso": "MYS"}, {"h3index": "876505448ffffff", "population_2015": 28875.854292387117, "total_built_mass_tons": 4075420.902248582, "city_id": 11139, "country_iso": "MYS"}, {"h3index": "876505449ffffff", "population_2015": 13323.811494371, "total_built_mass_tons": 1413809.5028692286, "city_id": 11139, "country_iso": "MYS"}, {"h3index": "87650544affffff", "population_2015": 30419.193154443485, "total_built_mass_tons": 3549239.929672567, "city_id": 11139, "country_iso": "MYS"}, {"h3index": "87650544bffffff", "population_2015": 7510.9966409795425, "total_built_mass_tons": 738155.5679042991, "city_id": 11139, "country_iso": "MYS"}, {"h3index": "87650544cffffff", "population_2015": 25515.05141941893, "total_built_mass_tons": 3158460.9636296355, "city_id": 11139, "country_iso": "MYS"}, {"h3index": "87650544dffffff", "population_2015": 38702.6002055673, "total_built_mass_tons": 4353905.21211569, "city_id": 11139, "country_iso": "MYS"}, {"h3index": "87650544effffff", "population_2015": 37494.85043548883, "total_built_mass_tons": 4253812.748422753, "city_id": 11139, "country_iso": "MYS"}, {"h3index": "876505455ffffff", "population_2015": 4793.023861518561, "total_built_mass_tons": 811568.5248917459, "city_id": 11139, "country_iso": "MYS"}, {"h3index": "876505458ffffff", "population_2015": 12.818477107029334, "total_built_mass_tons": 4260.241411026075, "city_id": 11139, "country_iso": "MYS"}, {"h3index": "876505459ffffff", "population_2015": 38.911118331609984, "total_built_mass_tons": 6455.4006468953085, "city_id": 11139, "country_iso": "MYS"}, {"h3index": "87650545cffffff", "population_2015": 319.9753902061312, "total_built_mass_tons": 79061.27425718305, "city_id": 11139, "country_iso": "MYS"}, {"h3index": "87650545dffffff", "population_2015": 22406.37432589438, "total_built_mass_tons": 2774115.5131838433, "city_id": 11139, "country_iso": "MYS"}, {"h3index": "876505460ffffff", "population_2015": 48071.84637917912, "total_built_mass_tons": 4630860.955716869, "city_id": 11139, "country_iso": "MYS"}, {"h3index": "876505461ffffff", "population_2015": 37185.94897306852, "total_built_mass_tons": 4220053.940459161, "city_id": 11139, "country_iso": "MYS"}, {"h3index": "876505462ffffff", "population_2015": 47082.09835725672, "total_built_mass_tons": 3069590.344752205, "city_id": 11139, "country_iso": "MYS"}, {"h3index": "876505463ffffff", "population_2015": 53436.62726710449, "total_built_mass_tons": 4215419.515547892, "city_id": 11139, "country_iso": "MYS"}, {"h3index": "876505464ffffff", "population_2015": 66199.12076276893, "total_built_mass_tons": 5573189.056954423, "city_id": 11139, "country_iso": "MYS"}, {"h3index": "876505465ffffff", "population_2015": 38293.84037473341, "total_built_mass_tons": 3315885.6335300757, "city_id": 11139, "country_iso": "MYS"}, {"h3index": "876505466ffffff", "population_2015": 17843.522741564582, "total_built_mass_tons": 2195680.9020598927, "city_id": 11139, "country_iso": "MYS"}, {"h3index": "876505468ffffff", "population_2015": 33451.9242204367, "total_built_mass_tons": 3949628.751331424, "city_id": 11139, "country_iso": "MYS"}, {"h3index": "876505469ffffff", "population_2015": 30670.47332617068, "total_built_mass_tons": 4971673.499205034, "city_id": 11139, "country_iso": "MYS"}, {"h3index": "87650546affffff", "population_2015": 35644.98263557285, "total_built_mass_tons": 3920238.2015437703, "city_id": 11139, "country_iso": "MYS"}, {"h3index": "87650546bffffff", "population_2015": 40456.50035193949, "total_built_mass_tons": 4846863.731616257, "city_id": 11139, "country_iso": "MYS"}, {"h3index": "87650546cffffff", "population_2015": 26966.51299672967, "total_built_mass_tons": 4276972.905596448, "city_id": 11139, "country_iso": "MYS"}, {"h3index": "87650546dffffff", "population_2015": 23997.61050052267, "total_built_mass_tons": 2384106.670979391, "city_id": 11139, "country_iso": "MYS"}, {"h3index": "87650546effffff", "population_2015": 35459.03292756548, "total_built_mass_tons": 4165585.391274105, "city_id": 11139, "country_iso": "MYS"}, {"h3index": "876505470ffffff", "population_2015": 300.13937863742603, "total_built_mass_tons": 81631.78487077513, "city_id": 11139, "country_iso": "MYS"}, {"h3index": "876505471ffffff", "population_2015": 18099.99474941703, "total_built_mass_tons": 3021747.488110197, "city_id": 11139, "country_iso": "MYS"}, {"h3index": "876505473ffffff", "population_2015": 1.8420033735387469, "total_built_mass_tons": 1125.8351103604664, "city_id": 11139, "country_iso": "MYS"}, {"h3index": "876505474ffffff", "population_2015": 329.76133052601534, "total_built_mass_tons": 100339.09669954862, "city_id": 11139, "country_iso": "MYS"}, {"h3index": "876505475ffffff", "population_2015": 20127.545618083423, "total_built_mass_tons": 2753175.022540333, "city_id": 11139, "country_iso": "MYS"}, {"h3index": "876505548ffffff", "population_2015": 52691.60985908509, "total_built_mass_tons": 3665457.137314218, "city_id": 11139, "country_iso": "MYS"}, {"h3index": "876505549ffffff", "population_2015": 51289.333236873856, "total_built_mass_tons": 5047388.72418363, "city_id": 11139, "country_iso": "MYS"}, {"h3index": "87650554affffff", "population_2015": 70984.1414617651, "total_built_mass_tons": 5246788.810298957, "city_id": 11139, "country_iso": "MYS"}, {"h3index": "87650554bffffff", "population_2015": 72674.61260471719, "total_built_mass_tons": 4623994.990308754, "city_id": 11139, "country_iso": "MYS"}, {"h3index": "87650554dffffff", "population_2015": 15502.404281223524, "total_built_mass_tons": 1904712.10889274, "city_id": 11139, "country_iso": "MYS"}, {"h3index": "87650554effffff", "population_2015": 13023.726025091431, "total_built_mass_tons": 1089580.5307296054, "city_id": 11139, "country_iso": "MYS"}, {"h3index": "876505559ffffff", "population_2015": 9642.083130735507, "total_built_mass_tons": 1333708.1232084937, "city_id": 11139, "country_iso": "MYS"}, {"h3index": "87650555bffffff", "population_2015": 78.22323983510336, "total_built_mass_tons": 14720.738802861695, "city_id": 11139, "country_iso": "MYS"}, {"h3index": "87650555dffffff", "population_2015": 8130.959714799768, "total_built_mass_tons": 705085.1984615282, "city_id": 11139, "country_iso": "MYS"}, {"h3index": "876505568ffffff", "population_2015": 19886.50119230981, "total_built_mass_tons": 2738674.324940834, "city_id": 11139, "country_iso": "MYS"}, {"h3index": "876505569ffffff", "population_2015": 31554.820126567163, "total_built_mass_tons": 3814349.0082569257, "city_id": 11139, "country_iso": "MYS"}, {"h3index": "87650556bffffff", "population_2015": 14545.393085307702, "total_built_mass_tons": 2160553.080955293, "city_id": 11139, "country_iso": "MYS"}, {"h3index": "87650556cffffff", "population_2015": 10091.847894410526, "total_built_mass_tons": 1462226.4158073706, "city_id": 11139, "country_iso": "MYS"}, {"h3index": "87650556dffffff", "population_2015": 21956.628654214437, "total_built_mass_tons": 3209001.2479663733, "city_id": 11139, "country_iso": "MYS"}, {"h3index": "87650556effffff", "population_2015": 662.8216484069826, "total_built_mass_tons": 113995.90896414952, "city_id": 11139, "country_iso": "MYS"}, {"h3index": "876505700ffffff", "population_2015": 17769.881573759343, "total_built_mass_tons": 3822638.8911195174, "city_id": 11139, "country_iso": "MYS"}, {"h3index": "876505701ffffff", "population_2015": 13414.77872949862, "total_built_mass_tons": 2041374.5207227175, "city_id": 11139, "country_iso": "MYS"}, {"h3index": "876505702ffffff", "population_2015": 17606.224618709788, "total_built_mass_tons": 2706834.933387774, "city_id": 11139, "country_iso": "MYS"}, {"h3index": "876505703ffffff", "population_2015": 8732.217583611435, "total_built_mass_tons": 1300804.890296582, "city_id": 11139, "country_iso": "MYS"}, {"h3index": "876505704ffffff", "population_2015": 12524.954658403582, "total_built_mass_tons": 1930217.7999455263, "city_id": 11139, "country_iso": "MYS"}, {"h3index": "876505705ffffff", "population_2015": 22657.775218294184, "total_built_mass_tons": 3320383.362571342, "city_id": 11139, "country_iso": "MYS"}, {"h3index": "876505706ffffff", "population_2015": 22867.48410903332, "total_built_mass_tons": 4454826.199516681, "city_id": 11139, "country_iso": "MYS"}, {"h3index": "87650570affffff", "population_2015": 1934.9522267996097, "total_built_mass_tons": 339682.49929694715, "city_id": 11139, "country_iso": "MYS"}, {"h3index": "87650570cffffff", "population_2015": 2530.63905877506, "total_built_mass_tons": 621675.2557015345, "city_id": 11139, "country_iso": "MYS"}, {"h3index": "87650570effffff", "population_2015": 3261.9559903687123, "total_built_mass_tons": 458892.23644986143, "city_id": 11139, "country_iso": "MYS"}, {"h3index": "876505710ffffff", "population_2015": 389.608439022887, "total_built_mass_tons": 117856.20458198544, "city_id": 11139, "country_iso": "MYS"}, {"h3index": "876505711ffffff", "population_2015": 17673.82639474495, "total_built_mass_tons": 3043438.1860589096, "city_id": 11139, "country_iso": "MYS"}, {"h3index": "876505713ffffff", "population_2015": 1470.7665864009484, "total_built_mass_tons": 554789.8111082087, "city_id": 11139, "country_iso": "MYS"}, {"h3index": "876505714ffffff", "population_2015": 3374.5366029028796, "total_built_mass_tons": 576298.8578819245, "city_id": 11139, "country_iso": "MYS"}, {"h3index": "876505715ffffff", "population_2015": 22831.946848162486, "total_built_mass_tons": 3073827.4842478083, "city_id": 11139, "country_iso": "MYS"}, {"h3index": "876505718ffffff", "population_2015": 48.27031535354315, "total_built_mass_tons": 14268.134430149456, "city_id": 11139, "country_iso": "MYS"}, {"h3index": "87650571cffffff", "population_2015": 2375.00891122257, "total_built_mass_tons": 561079.9651880795, "city_id": 11139, "country_iso": "MYS"}, {"h3index": "87650571dffffff", "population_2015": 3075.5943298826032, "total_built_mass_tons": 520356.884991921, "city_id": 11139, "country_iso": "MYS"}, {"h3index": "87650571effffff", "population_2015": 979.4648009898616, "total_built_mass_tons": 266304.9056884818, "city_id": 11139, "country_iso": "MYS"}, {"h3index": "876505720ffffff", "population_2015": 10620.035410709008, "total_built_mass_tons": 1874062.5917539175, "city_id": 11139, "country_iso": "MYS"}, {"h3index": "876505721ffffff", "population_2015": 14073.35351700128, "total_built_mass_tons": 2479490.6461800006, "city_id": 11139, "country_iso": "MYS"}, {"h3index": "876505722ffffff", "population_2015": 27532.58272591385, "total_built_mass_tons": 4044216.998862214, "city_id": 11139, "country_iso": "MYS"}, {"h3index": "876505723ffffff", "population_2015": 6354.906959960042, "total_built_mass_tons": 1018622.9077569454, "city_id": 11139, "country_iso": "MYS"}, {"h3index": "876505724ffffff", "population_2015": 31907.168970272585, "total_built_mass_tons": 4903818.456829035, "city_id": 11139, "country_iso": "MYS"}, {"h3index": "876505725ffffff", "population_2015": 10047.225397528857, "total_built_mass_tons": 1773156.8155735326, "city_id": 11139, "country_iso": "MYS"}, {"h3index": "876505726ffffff", "population_2015": 26764.47947262035, "total_built_mass_tons": 3537047.657133144, "city_id": 11139, "country_iso": "MYS"}, {"h3index": "876505728ffffff", "population_2015": 8563.611938558837, "total_built_mass_tons": 1925807.0149913668, "city_id": 11139, "country_iso": "MYS"}, {"h3index": "876505729ffffff", "population_2015": 4657.583295152701, "total_built_mass_tons": 1239543.2059973506, "city_id": 11139, "country_iso": "MYS"}, {"h3index": "87650572affffff", "population_2015": 13775.389454796736, "total_built_mass_tons": 2681866.053661374, "city_id": 11139, "country_iso": "MYS"}, {"h3index": "87650572bffffff", "population_2015": 2279.8629168529137, "total_built_mass_tons": 799024.6814153269, "city_id": 11139, "country_iso": "MYS"}, {"h3index": "87650572cffffff", "population_2015": 12946.338922354757, "total_built_mass_tons": 2509520.36660158, "city_id": 11139, "country_iso": "MYS"}, {"h3index": "87650572effffff", "population_2015": 22030.68813872244, "total_built_mass_tons": 4168501.854792628, "city_id": 11139, "country_iso": "MYS"}, {"h3index": "876505730ffffff", "population_2015": 25328.56425535539, "total_built_mass_tons": 3187313.71420729, "city_id": 11139, "country_iso": "MYS"}, {"h3index": "876505731ffffff", "population_2015": 9690.763012915968, "total_built_mass_tons": 1324303.278655198, "city_id": 11139, "country_iso": "MYS"}, {"h3index": "876505732ffffff", "population_2015": 39448.50661016725, "total_built_mass_tons": 4399243.85307486, "city_id": 11139, "country_iso": "MYS"}, {"h3index": "876505733ffffff", "population_2015": 27965.529972009095, "total_built_mass_tons": 3633393.20284829, "city_id": 11139, "country_iso": "MYS"}, {"h3index": "876505734ffffff", "population_2015": 7683.311570754704, "total_built_mass_tons": 983480.2285613344, "city_id": 11139, "country_iso": "MYS"}, {"h3index": "876505735ffffff", "population_2015": 30277.873977085193, "total_built_mass_tons": 4317440.478095512, "city_id": 11139, "country_iso": "MYS"}, {"h3index": "876505736ffffff", "population_2015": 36200.32774942436, "total_built_mass_tons": 4558645.058961149, "city_id": 11139, "country_iso": "MYS"}, {"h3index": "876505760ffffff", "population_2015": 8974.095502344764, "total_built_mass_tons": 2834659.8295597243, "city_id": 11139, "country_iso": "MYS"}, {"h3index": "876505761ffffff", "population_2015": 5139.047076567484, "total_built_mass_tons": 1749965.302310891, "city_id": 11139, "country_iso": "MYS"}, {"h3index": "876505763ffffff", "population_2015": 3838.730657512066, "total_built_mass_tons": 2932606.803314586, "city_id": 11139, "country_iso": "MYS"}, {"h3index": "876505764ffffff", "population_2015": 14919.59544911104, "total_built_mass_tons": 3137471.365387296, "city_id": 11139, "country_iso": "MYS"}, {"h3index": "876505765ffffff", "population_2015": 12150.576654980232, "total_built_mass_tons": 3184458.2952304166, "city_id": 11139, "country_iso": "MYS"}, {"h3index": "876505768ffffff", "population_2015": 488.70667571273503, "total_built_mass_tons": 262333.66157638724, "city_id": 11139, "country_iso": "MYS"}, {"h3index": "87650576affffff", "population_2015": 803.2883393512052, "total_built_mass_tons": 248919.30471201113, "city_id": 11139, "country_iso": "MYS"}, {"h3index": "87650576cffffff", "population_2015": 10.808959063361671, "total_built_mass_tons": 13159.865559794487, "city_id": 11139, "country_iso": "MYS"}, {"h3index": "87650576effffff", "population_2015": 5695.734224027747, "total_built_mass_tons": 2242836.0090967766, "city_id": 11139, "country_iso": "MYS"}, {"h3index": "8765057a4ffffff", "population_2015": 1304.2601735058952, "total_built_mass_tons": 399330.7970047138, "city_id": 11139, "country_iso": "MYS"}, {"h3index": "876505c58ffffff", "population_2015": 5002.182566596013, "total_built_mass_tons": 1730173.7398254676, "city_id": 11139, "country_iso": "MYS"}, {"h3index": "876505c59ffffff", "population_2015": 695.8396917081348, "total_built_mass_tons": 259310.05377823365, "city_id": 11139, "country_iso": "MYS"}, {"h3index": "876505c5affffff", "population_2015": 2813.313658194449, "total_built_mass_tons": 651229.4756743879, "city_id": 11139, "country_iso": "MYS"}, {"h3index": "876505c5bffffff", "population_2015": 5530.98124319712, "total_built_mass_tons": 1554002.6771377036, "city_id": 11139, "country_iso": "MYS"}]