[{"h3index": "873ce2082ffffff", "population_2015": 29.2034912109375, "total_built_mass_tons": 40127.942803665486, "city_id": 9866, "country_iso": "BGD"}, {"h3index": "873ce2090ffffff", "population_2015": 77017.87131349153, "total_built_mass_tons": 3372210.3942729216, "city_id": 9866, "country_iso": "BGD"}, {"h3index": "873ce2091ffffff", "population_2015": 615.9503079657461, "total_built_mass_tons": 91652.25143066852, "city_id": 9866, "country_iso": "BGD"}, {"h3index": "873ce2092ffffff", "population_2015": 5109.289536098407, "total_built_mass_tons": 554609.408558627, "city_id": 9866, "country_iso": "BGD"}, {"h3index": "873ce2093ffffff", "population_2015": 5121.630305727789, "total_built_mass_tons": 476528.8663027245, "city_id": 9866, "country_iso": "BGD"}, {"h3index": "873ce2094ffffff", "population_2015": 42264.05965647978, "total_built_mass_tons": 1886494.7163361283, "city_id": 9866, "country_iso": "BGD"}, {"h3index": "873ce2095ffffff", "population_2015": 1059.158945839078, "total_built_mass_tons": 101993.24739679636, "city_id": 9866, "country_iso": "BGD"}, {"h3index": "873ce2096ffffff", "population_2015": 12074.780106054566, "total_built_mass_tons": 628736.735670988, "city_id": 9866, "country_iso": "BGD"}, {"h3index": "873ce209cffffff", "population_2015": 1727.5594963073731, "total_built_mass_tons": 334000.5097385736, "city_id": 9866, "country_iso": "BGD"}, {"h3index": "873ce20b2ffffff", "population_2015": 3131.9743835748413, "total_built_mass_tons": 197171.86203040532, "city_id": 9866, "country_iso": "BGD"}, {"h3index": "873ce2464ffffff", "population_2015": 76.39900588989258, "total_built_mass_tons": 91900.54247097, "city_id": 9866, "country_iso": "BGD"}, {"h3index": "873ce246cffffff", "population_2015": 216.45728511436312, "total_built_mass_tons": 79478.08731108192, "city_id": 9866, "country_iso": "BGD"}, {"h3index": "873ce246dffffff", "population_2015": 395.2747735266592, "total_built_mass_tons": 74646.54956886561, "city_id": 9866, "country_iso": "BGD"}, {"h3index": "873ce254bffffff", "population_2015": 20.91411590576172, "total_built_mass_tons": 98645.05234538512, "city_id": 9866, "country_iso": "BGD"}, {"h3index": "873ce254dffffff", "population_2015": 162.55022048950195, "total_built_mass_tons": 85725.69296782523, "city_id": 9866, "country_iso": "BGD"}]