[{"h3index":"8731b3b12ffffff","population_2015":58.5727721102,"total_built_mass_tons":54233.0447135219,"city_id":10413,"country_iso":"CHN"},{"h3index":"8731b3b84ffffff","population_2015":0.448454165,"total_built_mass_tons":3480.4045252987,"city_id":10413,"country_iso":"CHN"},{"h3index":"8731b3b85ffffff","population_2015":2505.649659887,"total_built_mass_tons":730126.0264551135,"city_id":10413,"country_iso":"CHN"},{"h3index":"8731b3ba0ffffff","population_2015":22.3795728029,"total_built_mass_tons":24377.7051461367,"city_id":10413,"country_iso":"CHN"},{"h3index":"8731b3ba1ffffff","population_2015":8447.0457393497,"total_built_mass_tons":2720066.396596089,"city_id":10413,"country_iso":"CHN"},{"h3index":"8731b3ba3ffffff","population_2015":6181.421904189,"total_built_mass_tons":1973726.835383008,"city_id":10413,"country_iso":"CHN"},{"h3index":"8731b3ba8ffffff","population_2015":4821.2708644521,"total_built_mass_tons":1004141.6311968416,"city_id":10413,"country_iso":"CHN"},{"h3index":"8731b3ba9ffffff","population_2015":1428.0053664376,"total_built_mass_tons":360605.1571070186,"city_id":10413,"country_iso":"CHN"},{"h3index":"8731b3baaffffff","population_2015":3073.7276901526,"total_built_mass_tons":880437.1663429453,"city_id":10413,"country_iso":"CHN"},{"h3index":"8731b3babffffff","population_2015":1052.0090042395,"total_built_mass_tons":481127.2873057806,"city_id":10413,"country_iso":"CHN"},{"h3index":"8731b3bacffffff","population_2015":2130.3560875556,"total_built_mass_tons":604399.4216167724,"city_id":10413,"country_iso":"CHN"},{"h3index":"8731b3baeffffff","population_2015":21635.0035316056,"total_built_mass_tons":5160323.210189119,"city_id":10413,"country_iso":"CHN"}]