[{"h3index": "871943040ffffff", "population_2015": 96.22412089927523, "total_built_mass_tons": 38751.26962160427, "city_id": 1939, "country_iso": "GBR"}, {"h3index": "871943041ffffff", "population_2015": 3993.750295416281, "total_built_mass_tons": 852679.8593842107, "city_id": 1939, "country_iso": "GBR"}, {"h3index": "871943042ffffff", "population_2015": 11016.270575239843, "total_built_mass_tons": 2476105.36615936, "city_id": 1939, "country_iso": "GBR"}, {"h3index": "871943043ffffff", "population_2015": 16297.88594113144, "total_built_mass_tons": 3103822.146138232, "city_id": 1939, "country_iso": "GBR"}, {"h3index": "871943048ffffff", "population_2015": 158.3417848816105, "total_built_mass_tons": 50682.22704542766, "city_id": 1939, "country_iso": "GBR"}, {"h3index": "87194304affffff", "population_2015": 7653.310845252815, "total_built_mass_tons": 2312031.229537109, "city_id": 1939, "country_iso": "GBR"}, {"h3index": "87194304bffffff", "population_2015": 1836.7932676377836, "total_built_mass_tons": 708912.2729765218, "city_id": 1939, "country_iso": "GBR"}, {"h3index": "87194304effffff", "population_2015": 4754.37794948115, "total_built_mass_tons": 3568453.9907583045, "city_id": 1939, "country_iso": "GBR"}, {"h3index": "871943051ffffff", "population_2015": 3648.1263243408766, "total_built_mass_tons": 1284981.4583528107, "city_id": 1939, "country_iso": "GBR"}, {"h3index": "871943055ffffff", "population_2015": 3450.8773528711467, "total_built_mass_tons": 777110.8833300225, "city_id": 1939, "country_iso": "GBR"}, {"h3index": "871943058ffffff", "population_2015": 6477.314671767459, "total_built_mass_tons": 1936096.5665207016, "city_id": 1939, "country_iso": "GBR"}, {"h3index": "871943059ffffff", "population_2015": 10677.649679030976, "total_built_mass_tons": 3629793.9649557, "city_id": 1939, "country_iso": "GBR"}, {"h3index": "87194305affffff", "population_2015": 47.20721644653992, "total_built_mass_tons": 96554.12722722597, "city_id": 1939, "country_iso": "GBR"}, {"h3index": "87194305bffffff", "population_2015": 3574.770430335402, "total_built_mass_tons": 1086526.041936393, "city_id": 1939, "country_iso": "GBR"}, {"h3index": "87194305cffffff", "population_2015": 12821.909398797909, "total_built_mass_tons": 3746994.2318240185, "city_id": 1939, "country_iso": "GBR"}, {"h3index": "87194305dffffff", "population_2015": 17255.485841155525, "total_built_mass_tons": 4512616.918946984, "city_id": 1939, "country_iso": "GBR"}, {"h3index": "87194305effffff", "population_2015": 491.80156981243806, "total_built_mass_tons": 107630.88549646232, "city_id": 1939, "country_iso": "GBR"}, {"h3index": "8719433a2ffffff", "population_2015": 162.31766232778045, "total_built_mass_tons": 328158.4003778988, "city_id": 1939, "country_iso": "GBR"}, {"h3index": "8719433a4ffffff", "population_2015": 237.8719425682051, "total_built_mass_tons": 939659.2235174014, "city_id": 1939, "country_iso": "GBR"}, {"h3index": "8719433a6ffffff", "population_2015": 9486.216107461732, "total_built_mass_tons": 2382653.434053353, "city_id": 1939, "country_iso": "GBR"}, {"h3index": "8719433b0ffffff", "population_2015": 51.47025908348607, "total_built_mass_tons": 90453.99170198575, "city_id": 1939, "country_iso": "GBR"}, {"h3index": "8719433b4ffffff", "population_2015": 813.361699962616, "total_built_mass_tons": 242606.99712552576, "city_id": 1939, "country_iso": "GBR"}, {"h3index": "8719433b5ffffff", "population_2015": 3735.619052106668, "total_built_mass_tons": 1972971.330055398, "city_id": 1939, "country_iso": "GBR"}]