[{"h3index": "8742402caffffff", "population_2015": 260.6422306659175, "total_built_mass_tons": 54801.2035356725, "city_id": 6340, "country_iso": "PAK"}, {"h3index": "8742402d8ffffff", "population_2015": 29770.148206456503, "total_built_mass_tons": 2042779.7139245872, "city_id": 6340, "country_iso": "PAK"}, {"h3index": "8742402d9ffffff", "population_2015": 3773.4709068821926, "total_built_mass_tons": 492525.3055522909, "city_id": 6340, "country_iso": "PAK"}, {"h3index": "8742402daffffff", "population_2015": 1305.2368517632578, "total_built_mass_tons": 104477.96259954132, "city_id": 6340, "country_iso": "PAK"}, {"h3index": "8742402dbffffff", "population_2015": 13532.428021509506, "total_built_mass_tons": 1144351.7861496347, "city_id": 6340, "country_iso": "PAK"}, {"h3index": "8742402dcffffff", "population_2015": 161.4047286538517, "total_built_mass_tons": 25012.365230746516, "city_id": 6340, "country_iso": "PAK"}, {"h3index": "8742402ddffffff", "population_2015": 1253.2987260220098, "total_built_mass_tons": 169816.05468202964, "city_id": 6340, "country_iso": "PAK"}, {"h3index": "8742402deffffff", "population_2015": 135.2954219518923, "total_built_mass_tons": 17675.43067637364, "city_id": 6340, "country_iso": "PAK"}, {"h3index": "874243966ffffff", "population_2015": 798.5981542998669, "total_built_mass_tons": 115576.54599538306, "city_id": 6340, "country_iso": "PAK"}, {"h3index": "874243974ffffff", "population_2015": 260.3327215381697, "total_built_mass_tons": 76030.75949699574, "city_id": 6340, "country_iso": "PAK"}, {"h3index": "874243975ffffff", "population_2015": 68.61386023128733, "total_built_mass_tons": 11678.44653683218, "city_id": 6340, "country_iso": "PAK"}]