[{"h3index": "87a829580ffffff", "population_2015": 7742.417583359923, "total_built_mass_tons": 2114427.801360512, "city_id": 1128, "country_iso": "BRA"}, {"h3index": "87a829581ffffff", "population_2015": 12664.061360808682, "total_built_mass_tons": 3176390.283335787, "city_id": 1128, "country_iso": "BRA"}, {"h3index": "87a829582ffffff", "population_2015": 734.5500293273552, "total_built_mass_tons": 221822.678308919, "city_id": 1128, "country_iso": "BRA"}, {"h3index": "87a829583ffffff", "population_2015": 14170.30062162642, "total_built_mass_tons": 3229217.952055032, "city_id": 1128, "country_iso": "BRA"}, {"h3index": "87a829585ffffff", "population_2015": 11470.999663487602, "total_built_mass_tons": 2198769.215454231, "city_id": 1128, "country_iso": "BRA"}, {"h3index": "87a829586ffffff", "population_2015": 322.8062651456571, "total_built_mass_tons": 63959.31523350764, "city_id": 1128, "country_iso": "BRA"}, {"h3index": "87a82958effffff", "population_2015": 7187.714918027671, "total_built_mass_tons": 972358.87591005, "city_id": 1128, "country_iso": "BRA"}, {"h3index": "87a82959cffffff", "population_2015": 2410.730916774974, "total_built_mass_tons": 676793.4568667947, "city_id": 1128, "country_iso": "BRA"}, {"h3index": "87a82959dffffff", "population_2015": 36.68244014066809, "total_built_mass_tons": 47477.70786365289, "city_id": 1128, "country_iso": "BRA"}, {"h3index": "87a8295aaffffff", "population_2015": 4974.899026812758, "total_built_mass_tons": 671927.2914372354, "city_id": 1128, "country_iso": "BRA"}, {"h3index": "87a8295aeffffff", "population_2015": 67.9954988568437, "total_built_mass_tons": 94146.08837718549, "city_id": 1128, "country_iso": "BRA"}]