[{"h3index":"87302ba34ffffff","population_2015":474.0849478348,"total_built_mass_tons":348092.8862230477,"city_id":12129,"country_iso":"PRK"},{"h3index":"87302ba36ffffff","population_2015":5.8933152853,"total_built_mass_tons":3154.6634438761,"city_id":12129,"country_iso":"PRK"},{"h3index":"87302bb1affffff","population_2015":658.7975884755,"total_built_mass_tons":408113.3382731932,"city_id":12129,"country_iso":"PRK"},{"h3index":"87302bba9ffffff","population_2015":105.3414214564,"total_built_mass_tons":61128.9543099047,"city_id":12129,"country_iso":"PRK"},{"h3index":"87302bbadffffff","population_2015":12.5540345828,"total_built_mass_tons":5804.9172817655,"city_id":12129,"country_iso":"PRK"}]