[{"h3index":"8740e1182ffffff","population_2015":10214.3380846865,"total_built_mass_tons":2990221.0996127501,"city_id":10328,"country_iso":"CHN"},{"h3index":"8740e1183ffffff","population_2015":207.9724777474,"total_built_mass_tons":243552.8551626118,"city_id":10328,"country_iso":"CHN"},{"h3index":"8740e1186ffffff","population_2015":19.3305091858,"total_built_mass_tons":6508.4243790776,"city_id":10328,"country_iso":"CHN"},{"h3index":"8740e1190ffffff","population_2015":2957.8578613954,"total_built_mass_tons":677972.6692240208,"city_id":10328,"country_iso":"CHN"},{"h3index":"8740e1191ffffff","population_2015":21197.9670336237,"total_built_mass_tons":7556252.8081944156,"city_id":10328,"country_iso":"CHN"},{"h3index":"8740e1192ffffff","population_2015":1181.9574622603,"total_built_mass_tons":834892.1087388103,"city_id":10328,"country_iso":"CHN"},{"h3index":"8740e1193ffffff","population_2015":1512.0230629117,"total_built_mass_tons":715632.138944092,"city_id":10328,"country_iso":"CHN"},{"h3index":"8740e1194ffffff","population_2015":46.9368749478,"total_built_mass_tons":26747.2232779393,"city_id":10328,"country_iso":"CHN"},{"h3index":"8740e1195ffffff","population_2015":4771.1386523738,"total_built_mass_tons":1705000.5601368139,"city_id":10328,"country_iso":"CHN"},{"h3index":"8740e119cffffff","population_2015":6902.5068903418,"total_built_mass_tons":1044957.8753421542,"city_id":10328,"country_iso":"CHN"},{"h3index":"8740e119effffff","population_2015":21.7912694258,"total_built_mass_tons":5403.8568035323,"city_id":10328,"country_iso":"CHN"},{"h3index":"8740e11b3ffffff","population_2015":620.924878356,"total_built_mass_tons":190141.1356484989,"city_id":10328,"country_iso":"CHN"}]