[{"h3index": "8740b1204ffffff", "population_2015": 54.07845420790654, "total_built_mass_tons": 122796.06423058624, "city_id": 11206, "country_iso": "CHN"}, {"h3index": "8740b1222ffffff", "population_2015": 1396.31254641402, "total_built_mass_tons": 335276.40420008835, "city_id": 11206, "country_iso": "CHN"}, {"h3index": "8740b1226ffffff", "population_2015": 240.909241141525, "total_built_mass_tons": 70971.95844675586, "city_id": 11206, "country_iso": "CHN"}, {"h3index": "8740b1230ffffff", "population_2015": 19107.26734633212, "total_built_mass_tons": 4644389.145567935, "city_id": 11206, "country_iso": "CHN"}, {"h3index": "8740b1231ffffff", "population_2015": 3988.413629622552, "total_built_mass_tons": 3033956.279255661, "city_id": 11206, "country_iso": "CHN"}, {"h3index": "8740b1232ffffff", "population_2015": 12.502284657721429, "total_built_mass_tons": 30865.15868794359, "city_id": 11206, "country_iso": "CHN"}, {"h3index": "8740b1233ffffff", "population_2015": 5.765769627982495, "total_built_mass_tons": 24491.584253543035, "city_id": 11206, "country_iso": "CHN"}, {"h3index": "8740b1234ffffff", "population_2015": 3287.1715560539087, "total_built_mass_tons": 562992.9334436255, "city_id": 11206, "country_iso": "CHN"}, {"h3index": "8740b1235ffffff", "population_2015": 22688.01300890678, "total_built_mass_tons": 4070823.4072753415, "city_id": 11206, "country_iso": "CHN"}, {"h3index": "8740b1236ffffff", "population_2015": 1988.5811984230493, "total_built_mass_tons": 501576.1274383756, "city_id": 11206, "country_iso": "CHN"}, {"h3index": "8740b131affffff", "population_2015": 10.893321654375862, "total_built_mass_tons": 14059.345663963431, "city_id": 11206, "country_iso": "CHN"}, {"h3index": "8740b131bffffff", "population_2015": 178.88142561445054, "total_built_mass_tons": 81942.30253065567, "city_id": 11206, "country_iso": "CHN"}]