[{"h3index":"8724eed86ffffff","population_2015":2259.0665147146,"total_built_mass_tons":662182.5416121276,"city_id":10112,"country_iso":"CHN"},{"h3index":"8724eed95ffffff","population_2015":1154.5851872051,"total_built_mass_tons":347575.9510974509,"city_id":10112,"country_iso":"CHN"},{"h3index":"8724eedb0ffffff","population_2015":9095.1445958717,"total_built_mass_tons":2756355.0044603599,"city_id":10112,"country_iso":"CHN"},{"h3index":"8724eedb1ffffff","population_2015":8673.3555933934,"total_built_mass_tons":2274150.3613718953,"city_id":10112,"country_iso":"CHN"},{"h3index":"8724eedb2ffffff","population_2015":1176.9137167127,"total_built_mass_tons":394225.6936947133,"city_id":10112,"country_iso":"CHN"},{"h3index":"8724eedb3ffffff","population_2015":15570.9774658727,"total_built_mass_tons":4393721.566104725,"city_id":10112,"country_iso":"CHN"},{"h3index":"8724eedb4ffffff","population_2015":33.5003699808,"total_built_mass_tons":8655.9050374896,"city_id":10112,"country_iso":"CHN"},{"h3index":"8724eedb5ffffff","population_2015":3.7553673314,"total_built_mass_tons":1553.6635979544,"city_id":10112,"country_iso":"CHN"},{"h3index":"8724eedb6ffffff","population_2015":54.1112014958,"total_built_mass_tons":34122.3189461978,"city_id":10112,"country_iso":"CHN"}]