[{"h3index":"873cc59a4ffffff","population_2015":137.9142717249,"total_built_mass_tons":18999.2781456799,"city_id":10007,"country_iso":"BGD"},{"h3index":"873cc59a6ffffff","population_2015":70.8237405889,"total_built_mass_tons":12054.6358381417,"city_id":10007,"country_iso":"BGD"},{"h3index":"873ce3648ffffff","population_2015":46.2260703143,"total_built_mass_tons":28189.6581785675,"city_id":10007,"country_iso":"BGD"},{"h3index":"873ce3649ffffff","population_2015":0.1823769513,"total_built_mass_tons":20951.2857091537,"city_id":10007,"country_iso":"BGD"},{"h3index":"873ce3658ffffff","population_2015":42.0903682709,"total_built_mass_tons":70889.8310241777,"city_id":10007,"country_iso":"BGD"},{"h3index":"873ce3659ffffff","population_2015":23.4941139221,"total_built_mass_tons":69230.9446569627,"city_id":10007,"country_iso":"BGD"}]