[{"h3index": "87a726192ffffff", "population_2015": 3.870733946912429, "total_built_mass_tons": 53195.26764089709, "city_id": 11640, "country_iso": "AUS"}, {"h3index": "87a726464ffffff", "population_2015": 3859.634225881012, "total_built_mass_tons": 1758384.313075697, "city_id": 11640, "country_iso": "AUS"}, {"h3index": "87a726466ffffff", "population_2015": 28.111187676822436, "total_built_mass_tons": 8996.293361086813, "city_id": 11640, "country_iso": "AUS"}, {"h3index": "87a72650dffffff", "population_2015": 1175.954704546841, "total_built_mass_tons": 499469.27827316255, "city_id": 11640, "country_iso": "AUS"}, {"h3index": "87a726520ffffff", "population_2015": 6612.0104871065005, "total_built_mass_tons": 2463805.298546735, "city_id": 11640, "country_iso": "AUS"}, {"h3index": "87a726521ffffff", "population_2015": 2634.1286642653104, "total_built_mass_tons": 2441475.4833253333, "city_id": 11640, "country_iso": "AUS"}, {"h3index": "87a726522ffffff", "population_2015": 96.19455939507952, "total_built_mass_tons": 94528.3225068447, "city_id": 11640, "country_iso": "AUS"}, {"h3index": "87a726523ffffff", "population_2015": 264.888794661788, "total_built_mass_tons": 197085.4058569394, "city_id": 11640, "country_iso": "AUS"}, {"h3index": "87a726524ffffff", "population_2015": 5461.430622123678, "total_built_mass_tons": 2049957.2400677523, "city_id": 11640, "country_iso": "AUS"}, {"h3index": "87a726525ffffff", "population_2015": 7359.412918275302, "total_built_mass_tons": 3066041.089534862, "city_id": 11640, "country_iso": "AUS"}, {"h3index": "87a726526ffffff", "population_2015": 2041.4309648537749, "total_built_mass_tons": 830376.1646530326, "city_id": 11640, "country_iso": "AUS"}, {"h3index": "87a726528ffffff", "population_2015": 6179.00959336838, "total_built_mass_tons": 2623958.5330895763, "city_id": 11640, "country_iso": "AUS"}, {"h3index": "87a726529ffffff", "population_2015": 7525.357529698637, "total_built_mass_tons": 2888758.547246682, "city_id": 11640, "country_iso": "AUS"}, {"h3index": "87a72652affffff", "population_2015": 307.9955295495689, "total_built_mass_tons": 212350.4358517101, "city_id": 11640, "country_iso": "AUS"}, {"h3index": "87a72652bffffff", "population_2015": 2497.8361675793926, "total_built_mass_tons": 1376248.0334667156, "city_id": 11640, "country_iso": "AUS"}, {"h3index": "87a72652cffffff", "population_2015": 1147.4158392009738, "total_built_mass_tons": 4108652.8814643384, "city_id": 11640, "country_iso": "AUS"}, {"h3index": "87a72652dffffff", "population_2015": 6760.385336406492, "total_built_mass_tons": 2777638.83778267, "city_id": 11640, "country_iso": "AUS"}, {"h3index": "87a72652effffff", "population_2015": 5841.68072845044, "total_built_mass_tons": 2065648.1762846543, "city_id": 11640, "country_iso": "AUS"}, {"h3index": "87a726540ffffff", "population_2015": 4365.418921485076, "total_built_mass_tons": 2362997.475941877, "city_id": 11640, "country_iso": "AUS"}, {"h3index": "87a726541ffffff", "population_2015": 6622.5502355424815, "total_built_mass_tons": 3149459.976912431, "city_id": 11640, "country_iso": "AUS"}, {"h3index": "87a726542ffffff", "population_2015": 3072.625582465002, "total_built_mass_tons": 1477232.3063785995, "city_id": 11640, "country_iso": "AUS"}, {"h3index": "87a726543ffffff", "population_2015": 4228.705096557916, "total_built_mass_tons": 2606145.493425482, "city_id": 11640, "country_iso": "AUS"}, {"h3index": "87a726544ffffff", "population_2015": 4464.605861913923, "total_built_mass_tons": 2256597.567096521, "city_id": 11640, "country_iso": "AUS"}, {"h3index": "87a726545ffffff", "population_2015": 6192.941259058782, "total_built_mass_tons": 3139149.911971853, "city_id": 11640, "country_iso": "AUS"}, {"h3index": "87a726546ffffff", "population_2015": 3739.707118879424, "total_built_mass_tons": 1868067.1729259456, "city_id": 11640, "country_iso": "AUS"}, {"h3index": "87a726548ffffff", "population_2015": 2473.436995395025, "total_built_mass_tons": 1202679.8332217706, "city_id": 11640, "country_iso": "AUS"}, {"h3index": "87a72654affffff", "population_2015": 7691.055217130743, "total_built_mass_tons": 3221935.4890571283, "city_id": 11640, "country_iso": "AUS"}, {"h3index": "87a72654bffffff", "population_2015": 937.3224141525288, "total_built_mass_tons": 1017315.6043517508, "city_id": 11640, "country_iso": "AUS"}, {"h3index": "87a72654cffffff", "population_2015": 1878.2096074347403, "total_built_mass_tons": 1021870.5904610388, "city_id": 11640, "country_iso": "AUS"}, {"h3index": "87a72654effffff", "population_2015": 5022.193903394043, "total_built_mass_tons": 2558289.1493846276, "city_id": 11640, "country_iso": "AUS"}, {"h3index": "87a726550ffffff", "population_2015": 172.96121948326336, "total_built_mass_tons": 61783.07505497457, "city_id": 11640, "country_iso": "AUS"}, {"h3index": "87a726551ffffff", "population_2015": 3070.038562729137, "total_built_mass_tons": 1646805.824279183, "city_id": 11640, "country_iso": "AUS"}, {"h3index": "87a726554ffffff", "population_2015": 23.55057844507928, "total_built_mass_tons": 52380.87160616521, "city_id": 11640, "country_iso": "AUS"}, {"h3index": "87a726555ffffff", "population_2015": 5492.816549134431, "total_built_mass_tons": 2395299.0248799245, "city_id": 11640, "country_iso": "AUS"}, {"h3index": "87a726558ffffff", "population_2015": 704.3944524727616, "total_built_mass_tons": 172530.27598883485, "city_id": 11640, "country_iso": "AUS"}, {"h3index": "87a726559ffffff", "population_2015": 4621.076715574962, "total_built_mass_tons": 1837789.6184810416, "city_id": 11640, "country_iso": "AUS"}, {"h3index": "87a72655cffffff", "population_2015": 1267.1412144165408, "total_built_mass_tons": 638913.7832609343, "city_id": 11640, "country_iso": "AUS"}, {"h3index": "87a72655dffffff", "population_2015": 2942.112770588131, "total_built_mass_tons": 2621698.478351542, "city_id": 11640, "country_iso": "AUS"}, {"h3index": "87a72655effffff", "population_2015": 23.595267688526825, "total_built_mass_tons": 7662.496752771839, "city_id": 11640, "country_iso": "AUS"}, {"h3index": "87a726560ffffff", "population_2015": 6535.435028989409, "total_built_mass_tons": 2911713.4097558814, "city_id": 11640, "country_iso": "AUS"}, {"h3index": "87a726561ffffff", "population_2015": 6177.6210526334335, "total_built_mass_tons": 3380588.740993847, "city_id": 11640, "country_iso": "AUS"}, {"h3index": "87a726562ffffff", "population_2015": 5508.710248817064, "total_built_mass_tons": 2475358.8104672283, "city_id": 11640, "country_iso": "AUS"}, {"h3index": "87a726563ffffff", "population_2015": 5733.052294739319, "total_built_mass_tons": 2771926.094370712, "city_id": 11640, "country_iso": "AUS"}, {"h3index": "87a726564ffffff", "population_2015": 6105.315562741255, "total_built_mass_tons": 2920486.9716092004, "city_id": 11640, "country_iso": "AUS"}, {"h3index": "87a726565ffffff", "population_2015": 5014.419907692017, "total_built_mass_tons": 2654788.835259593, "city_id": 11640, "country_iso": "AUS"}, {"h3index": "87a726566ffffff", "population_2015": 6084.261385550747, "total_built_mass_tons": 2953630.1357706184, "city_id": 11640, "country_iso": "AUS"}, {"h3index": "87a72656affffff", "population_2015": 3673.766171072043, "total_built_mass_tons": 1918657.1920481615, "city_id": 11640, "country_iso": "AUS"}, {"h3index": "87a72656cffffff", "population_2015": 269.8571407519135, "total_built_mass_tons": 213772.16937509333, "city_id": 11640, "country_iso": "AUS"}, {"h3index": "87a72656effffff", "population_2015": 6084.296798425504, "total_built_mass_tons": 2869910.4721217146, "city_id": 11640, "country_iso": "AUS"}, {"h3index": "87a726570ffffff", "population_2015": 5316.877469082578, "total_built_mass_tons": 3115394.8390707895, "city_id": 11640, "country_iso": "AUS"}, {"h3index": "87a726571ffffff", "population_2015": 4466.045173067304, "total_built_mass_tons": 1937465.7958229787, "city_id": 11640, "country_iso": "AUS"}, {"h3index": "87a726572ffffff", "population_2015": 6.773247250805005, "total_built_mass_tons": 1956735.5331468277, "city_id": 11640, "country_iso": "AUS"}, {"h3index": "87a726573ffffff", "population_2015": 894.1808257805005, "total_built_mass_tons": 3130044.8641006593, "city_id": 11640, "country_iso": "AUS"}, {"h3index": "87a726574ffffff", "population_2015": 6320.2925921382175, "total_built_mass_tons": 2237571.7490682956, "city_id": 11640, "country_iso": "AUS"}, {"h3index": "87a726575ffffff", "population_2015": 5262.130015647448, "total_built_mass_tons": 2395483.431867436, "city_id": 11640, "country_iso": "AUS"}, {"h3index": "87a726576ffffff", "population_2015": 6785.904259348671, "total_built_mass_tons": 2922287.298300344, "city_id": 11640, "country_iso": "AUS"}, {"h3index": "87a726c00ffffff", "population_2015": 2960.4264986412186, "total_built_mass_tons": 1399544.4065238382, "city_id": 11640, "country_iso": "AUS"}, {"h3index": "87a726c01ffffff", "population_2015": 7583.6159496456385, "total_built_mass_tons": 3522533.9202531856, "city_id": 11640, "country_iso": "AUS"}, {"h3index": "87a726c02ffffff", "population_2015": 3935.416965386126, "total_built_mass_tons": 1772254.7206017086, "city_id": 11640, "country_iso": "AUS"}, {"h3index": "87a726c03ffffff", "population_2015": 5948.978603077519, "total_built_mass_tons": 2615227.9449748383, "city_id": 11640, "country_iso": "AUS"}, {"h3index": "87a726c04ffffff", "population_2015": 5922.867438305124, "total_built_mass_tons": 2918905.4530850872, "city_id": 11640, "country_iso": "AUS"}, {"h3index": "87a726c05ffffff", "population_2015": 6468.424358156207, "total_built_mass_tons": 2937714.693286644, "city_id": 11640, "country_iso": "AUS"}, {"h3index": "87a726c06ffffff", "population_2015": 7075.274855596762, "total_built_mass_tons": 3196707.621604956, "city_id": 11640, "country_iso": "AUS"}, {"h3index": "87a726c08ffffff", "population_2015": 1545.735507048477, "total_built_mass_tons": 888294.6052490261, "city_id": 11640, "country_iso": "AUS"}, {"h3index": "87a726c09ffffff", "population_2015": 3679.663641767994, "total_built_mass_tons": 1746418.1851984025, "city_id": 11640, "country_iso": "AUS"}, {"h3index": "87a726c0affffff", "population_2015": 228.95437482431825, "total_built_mass_tons": 460350.9166110181, "city_id": 11640, "country_iso": "AUS"}, {"h3index": "87a726c0bffffff", "population_2015": 7636.825383230287, "total_built_mass_tons": 3240079.7922824696, "city_id": 11640, "country_iso": "AUS"}, {"h3index": "87a726c0cffffff", "population_2015": 788.1795042819833, "total_built_mass_tons": 523995.723233821, "city_id": 11640, "country_iso": "AUS"}, {"h3index": "87a726c0dffffff", "population_2015": 625.011494556946, "total_built_mass_tons": 628187.4280412776, "city_id": 11640, "country_iso": "AUS"}, {"h3index": "87a726c0effffff", "population_2015": 2855.9317544612236, "total_built_mass_tons": 1497557.483864481, "city_id": 11640, "country_iso": "AUS"}, {"h3index": "87a726c10ffffff", "population_2015": 6643.806509642976, "total_built_mass_tons": 3696407.265152331, "city_id": 11640, "country_iso": "AUS"}, {"h3index": "87a726c11ffffff", "population_2015": 7190.308417803166, "total_built_mass_tons": 3220623.9561380544, "city_id": 11640, "country_iso": "AUS"}, {"h3index": "87a726c12ffffff", "population_2015": 3527.438521881075, "total_built_mass_tons": 4335795.134136309, "city_id": 11640, "country_iso": "AUS"}, {"h3index": "87a726c13ffffff", "population_2015": 4968.158068267376, "total_built_mass_tons": 4962952.596490435, "city_id": 11640, "country_iso": "AUS"}, {"h3index": "87a726c14ffffff", "population_2015": 4261.767662089009, "total_built_mass_tons": 2236215.517276128, "city_id": 11640, "country_iso": "AUS"}, {"h3index": "87a726c15ffffff", "population_2015": 4170.63691426048, "total_built_mass_tons": 2002985.9098551888, "city_id": 11640, "country_iso": "AUS"}, {"h3index": "87a726c16ffffff", "population_2015": 4748.353848246731, "total_built_mass_tons": 3412398.399810888, "city_id": 11640, "country_iso": "AUS"}, {"h3index": "87a726c18ffffff", "population_2015": 8660.43898778382, "total_built_mass_tons": 3416298.1088489164, "city_id": 11640, "country_iso": "AUS"}, {"h3index": "87a726c19ffffff", "population_2015": 2739.3019592446367, "total_built_mass_tons": 1378469.3304324094, "city_id": 11640, "country_iso": "AUS"}, {"h3index": "87a726c1affffff", "population_2015": 4837.722497544248, "total_built_mass_tons": 2507161.040327981, "city_id": 11640, "country_iso": "AUS"}, {"h3index": "87a726c1bffffff", "population_2015": 4579.874432400456, "total_built_mass_tons": 3079520.0442149267, "city_id": 11640, "country_iso": "AUS"}, {"h3index": "87a726c1cffffff", "population_2015": 4782.284817414189, "total_built_mass_tons": 2340266.6778796166, "city_id": 11640, "country_iso": "AUS"}, {"h3index": "87a726c1dffffff", "population_2015": 4353.57599620819, "total_built_mass_tons": 1533997.9599115448, "city_id": 11640, "country_iso": "AUS"}, {"h3index": "87a726c1effffff", "population_2015": 7961.473499515067, "total_built_mass_tons": 3907432.5965243545, "city_id": 11640, "country_iso": "AUS"}, {"h3index": "87a726c20ffffff", "population_2015": 5008.5673279391785, "total_built_mass_tons": 2321436.266886958, "city_id": 11640, "country_iso": "AUS"}, {"h3index": "87a726c21ffffff", "population_2015": 1752.1662559667343, "total_built_mass_tons": 2121798.9562378996, "city_id": 11640, "country_iso": "AUS"}, {"h3index": "87a726c22ffffff", "population_2015": 6701.711343807623, "total_built_mass_tons": 3122413.8298859373, "city_id": 11640, "country_iso": "AUS"}, {"h3index": "87a726c23ffffff", "population_2015": 6608.792590829498, "total_built_mass_tons": 3343973.185720835, "city_id": 11640, "country_iso": "AUS"}, {"h3index": "87a726c25ffffff", "population_2015": 554.9188319543413, "total_built_mass_tons": 319422.4849487605, "city_id": 11640, "country_iso": "AUS"}, {"h3index": "87a726c26ffffff", "population_2015": 228.48207056509588, "total_built_mass_tons": 713675.6065019552, "city_id": 11640, "country_iso": "AUS"}, {"h3index": "87a726c28ffffff", "population_2015": 6842.40289616889, "total_built_mass_tons": 3546413.224639748, "city_id": 11640, "country_iso": "AUS"}, {"h3index": "87a726c29ffffff", "population_2015": 9126.347776807905, "total_built_mass_tons": 3712259.520478639, "city_id": 11640, "country_iso": "AUS"}, {"h3index": "87a726c2affffff", "population_2015": 4977.836772541554, "total_built_mass_tons": 2880811.8859906215, "city_id": 11640, "country_iso": "AUS"}, {"h3index": "87a726c2bffffff", "population_2015": 7939.4159988308675, "total_built_mass_tons": 3373048.360649119, "city_id": 11640, "country_iso": "AUS"}, {"h3index": "87a726c2cffffff", "population_2015": 6725.32797051671, "total_built_mass_tons": 3191891.6203250736, "city_id": 11640, "country_iso": "AUS"}, {"h3index": "87a726c2dffffff", "population_2015": 3433.1082258358592, "total_built_mass_tons": 4422081.265136393, "city_id": 11640, "country_iso": "AUS"}, {"h3index": "87a726c2effffff", "population_2015": 6606.342827687778, "total_built_mass_tons": 2823322.879647253, "city_id": 11640, "country_iso": "AUS"}, {"h3index": "87a726c30ffffff", "population_2015": 1115.973122191312, "total_built_mass_tons": 4266090.772069446, "city_id": 11640, "country_iso": "AUS"}, {"h3index": "87a726c31ffffff", "population_2015": 7109.983115169933, "total_built_mass_tons": 3358668.896143005, "city_id": 11640, "country_iso": "AUS"}, {"h3index": "87a726c32ffffff", "population_2015": 5458.493568134452, "total_built_mass_tons": 2864053.341637963, "city_id": 11640, "country_iso": "AUS"}, {"h3index": "87a726c33ffffff", "population_2015": 6026.3537922053965, "total_built_mass_tons": 2717570.6233524876, "city_id": 11640, "country_iso": "AUS"}, {"h3index": "87a726c34ffffff", "population_2015": 8558.037221371425, "total_built_mass_tons": 4076531.34871681, "city_id": 11640, "country_iso": "AUS"}, {"h3index": "87a726c35ffffff", "population_2015": 1876.5650790603495, "total_built_mass_tons": 3405140.413210485, "city_id": 11640, "country_iso": "AUS"}, {"h3index": "87a726c36ffffff", "population_2015": 7474.8830625470355, "total_built_mass_tons": 3469440.821853151, "city_id": 11640, "country_iso": "AUS"}, {"h3index": "87a726c50ffffff", "population_2015": 757.0202181670451, "total_built_mass_tons": 1207377.1002300766, "city_id": 11640, "country_iso": "AUS"}, {"h3index": "87a726c52ffffff", "population_2015": 1849.405231170561, "total_built_mass_tons": 1162009.0067043237, "city_id": 11640, "country_iso": "AUS"}, {"h3index": "87a726c54ffffff", "population_2015": 7037.437247014049, "total_built_mass_tons": 3260082.513780455, "city_id": 11640, "country_iso": "AUS"}, {"h3index": "87a726c55ffffff", "population_2015": 46.71443211611579, "total_built_mass_tons": 51352.08774190239, "city_id": 11640, "country_iso": "AUS"}, {"h3index": "87a726c56ffffff", "population_2015": 5564.765504605338, "total_built_mass_tons": 2909348.0543034985, "city_id": 11640, "country_iso": "AUS"}, {"h3index": "87a726c70ffffff", "population_2015": 3819.8799253604, "total_built_mass_tons": 1747697.9636910018, "city_id": 11640, "country_iso": "AUS"}, {"h3index": "87a726c72ffffff", "population_2015": 3933.274571910325, "total_built_mass_tons": 1969795.2819496205, "city_id": 11640, "country_iso": "AUS"}, {"h3index": "87a726c73ffffff", "population_2015": 1617.1290848178028, "total_built_mass_tons": 844987.5421621739, "city_id": 11640, "country_iso": "AUS"}, {"h3index": "87a726c74ffffff", "population_2015": 5390.281412118175, "total_built_mass_tons": 2784548.9485646626, "city_id": 11640, "country_iso": "AUS"}, {"h3index": "87a726c75ffffff", "population_2015": 42.760551417692035, "total_built_mass_tons": 183139.45952547685, "city_id": 11640, "country_iso": "AUS"}, {"h3index": "87a726c76ffffff", "population_2015": 3814.3311795176232, "total_built_mass_tons": 2016845.7886865237, "city_id": 11640, "country_iso": "AUS"}, {"h3index": "87a726c81ffffff", "population_2015": 28.71837761328857, "total_built_mass_tons": 595633.5974683869, "city_id": 11640, "country_iso": "AUS"}, {"h3index": "87a726c88ffffff", "population_2015": 1949.979920202264, "total_built_mass_tons": 3154720.327723064, "city_id": 11640, "country_iso": "AUS"}, {"h3index": "87a726c89ffffff", "population_2015": 5172.09514558606, "total_built_mass_tons": 3644228.562015862, "city_id": 11640, "country_iso": "AUS"}, {"h3index": "87a726c8affffff", "population_2015": 6051.837991395772, "total_built_mass_tons": 3158711.444908404, "city_id": 11640, "country_iso": "AUS"}, {"h3index": "87a726c8bffffff", "population_2015": 4761.488418559065, "total_built_mass_tons": 3273602.9260132434, "city_id": 11640, "country_iso": "AUS"}, {"h3index": "87a726c8cffffff", "population_2015": 2941.275600559032, "total_built_mass_tons": 2286560.7820582585, "city_id": 11640, "country_iso": "AUS"}, {"h3index": "87a726c8dffffff", "population_2015": 4919.950838845909, "total_built_mass_tons": 2476784.2778781587, "city_id": 11640, "country_iso": "AUS"}, {"h3index": "87a726c8effffff", "population_2015": 1549.9721934941308, "total_built_mass_tons": 1828487.7361292536, "city_id": 11640, "country_iso": "AUS"}, {"h3index": "87a726c99ffffff", "population_2015": 55.83801134474138, "total_built_mass_tons": 85550.1822440935, "city_id": 11640, "country_iso": "AUS"}, {"h3index": "87a726c9dffffff", "population_2015": 229.2980603002158, "total_built_mass_tons": 604916.9948723321, "city_id": 11640, "country_iso": "AUS"}, {"h3index": "87a726ca0ffffff", "population_2015": 1235.8155388736986, "total_built_mass_tons": 1578871.4343054574, "city_id": 11640, "country_iso": "AUS"}, {"h3index": "87a726ca1ffffff", "population_2015": 3.031779265905018, "total_built_mass_tons": 4056252.155344855, "city_id": 11640, "country_iso": "AUS"}, {"h3index": "87a726ca3ffffff", "population_2015": 1.0285469724705407, "total_built_mass_tons": 355725.67809502303, "city_id": 11640, "country_iso": "AUS"}, {"h3index": "87a726ca4ffffff", "population_2015": 834.7139620791245, "total_built_mass_tons": 536793.4335722108, "city_id": 11640, "country_iso": "AUS"}, {"h3index": "87a726ca5ffffff", "population_2015": 2638.1793336890173, "total_built_mass_tons": 2619380.790618981, "city_id": 11640, "country_iso": "AUS"}, {"h3index": "87a726ca6ffffff", "population_2015": 11.504432689442355, "total_built_mass_tons": 45218.77732569847, "city_id": 11640, "country_iso": "AUS"}, {"h3index": "87a726ca8ffffff", "population_2015": 6166.549014856946, "total_built_mass_tons": 3966837.557413643, "city_id": 11640, "country_iso": "AUS"}, {"h3index": "87a726ca9ffffff", "population_2015": 4390.1233619410405, "total_built_mass_tons": 2723990.375362921, "city_id": 11640, "country_iso": "AUS"}, {"h3index": "87a726caaffffff", "population_2015": 5884.492362621269, "total_built_mass_tons": 2409218.52210325, "city_id": 11640, "country_iso": "AUS"}, {"h3index": "87a726cabffffff", "population_2015": 3056.4127791741016, "total_built_mass_tons": 2666343.393878975, "city_id": 11640, "country_iso": "AUS"}, {"h3index": "87a726cacffffff", "population_2015": 4356.296287371478, "total_built_mass_tons": 3872846.8353031473, "city_id": 11640, "country_iso": "AUS"}, {"h3index": "87a726cadffffff", "population_2015": 8637.233745406658, "total_built_mass_tons": 4043870.67301524, "city_id": 11640, "country_iso": "AUS"}, {"h3index": "87a726caeffffff", "population_2015": 2843.981283163293, "total_built_mass_tons": 2869016.153622007, "city_id": 11640, "country_iso": "AUS"}, {"h3index": "87a726cc0ffffff", "population_2015": 5514.376275830613, "total_built_mass_tons": 4301305.920289871, "city_id": 11640, "country_iso": "AUS"}, {"h3index": "87a726cc1ffffff", "population_2015": 5949.608605924658, "total_built_mass_tons": 3739995.148219441, "city_id": 11640, "country_iso": "AUS"}, {"h3index": "87a726cc2ffffff", "population_2015": 10197.375912958034, "total_built_mass_tons": 3596024.13353962, "city_id": 11640, "country_iso": "AUS"}, {"h3index": "87a726cc3ffffff", "population_2015": 6252.776561069139, "total_built_mass_tons": 3043380.0396585874, "city_id": 11640, "country_iso": "AUS"}, {"h3index": "87a726cc4ffffff", "population_2015": 7159.920017940807, "total_built_mass_tons": 2691719.605511425, "city_id": 11640, "country_iso": "AUS"}, {"h3index": "87a726cc5ffffff", "population_2015": 1481.8606529917906, "total_built_mass_tons": 1762680.3757544628, "city_id": 11640, "country_iso": "AUS"}, {"h3index": "87a726cc6ffffff", "population_2015": 9101.35714814055, "total_built_mass_tons": 3241106.708101651, "city_id": 11640, "country_iso": "AUS"}, {"h3index": "87a726cc8ffffff", "population_2015": 3531.1163393191855, "total_built_mass_tons": 1912909.6095760472, "city_id": 11640, "country_iso": "AUS"}, {"h3index": "87a726cc9ffffff", "population_2015": 803.6702112483043, "total_built_mass_tons": 439816.0840752143, "city_id": 11640, "country_iso": "AUS"}, {"h3index": "87a726ccaffffff", "population_2015": 3987.209941529511, "total_built_mass_tons": 1836539.497697215, "city_id": 11640, "country_iso": "AUS"}, {"h3index": "87a726ccbffffff", "population_2015": 3732.669326077897, "total_built_mass_tons": 2068152.042989093, "city_id": 11640, "country_iso": "AUS"}, {"h3index": "87a726cccffffff", "population_2015": 10481.403996134855, "total_built_mass_tons": 3679530.1648139497, "city_id": 11640, "country_iso": "AUS"}, {"h3index": "87a726ccdffffff", "population_2015": 1723.010489537085, "total_built_mass_tons": 896989.0137751375, "city_id": 11640, "country_iso": "AUS"}, {"h3index": "87a726cceffffff", "population_2015": 6510.016309190731, "total_built_mass_tons": 2761549.2821709197, "city_id": 11640, "country_iso": "AUS"}, {"h3index": "87a726cd0ffffff", "population_2015": 6855.221495810325, "total_built_mass_tons": 2783654.5781025216, "city_id": 11640, "country_iso": "AUS"}, {"h3index": "87a726cd1ffffff", "population_2015": 6763.914243010186, "total_built_mass_tons": 3018848.530066949, "city_id": 11640, "country_iso": "AUS"}, {"h3index": "87a726cd2ffffff", "population_2015": 4954.304772277772, "total_built_mass_tons": 2683900.2140628262, "city_id": 11640, "country_iso": "AUS"}, {"h3index": "87a726cd3ffffff", "population_2015": 4796.380144312792, "total_built_mass_tons": 2875128.820017892, "city_id": 11640, "country_iso": "AUS"}, {"h3index": "87a726cd4ffffff", "population_2015": 8292.039404271629, "total_built_mass_tons": 3521954.7872528182, "city_id": 11640, "country_iso": "AUS"}, {"h3index": "87a726cd5ffffff", "population_2015": 7234.172838217663, "total_built_mass_tons": 3099325.074959819, "city_id": 11640, "country_iso": "AUS"}, {"h3index": "87a726cd6ffffff", "population_2015": 6528.570766233872, "total_built_mass_tons": 3428781.979472562, "city_id": 11640, "country_iso": "AUS"}, {"h3index": "87a726cd8ffffff", "population_2015": 4539.087643353235, "total_built_mass_tons": 2716966.3400333216, "city_id": 11640, "country_iso": "AUS"}, {"h3index": "87a726cd9ffffff", "population_2015": 5046.040304715933, "total_built_mass_tons": 2849203.601812275, "city_id": 11640, "country_iso": "AUS"}, {"h3index": "87a726cdaffffff", "population_2015": 6948.185954118592, "total_built_mass_tons": 3030230.621290043, "city_id": 11640, "country_iso": "AUS"}, {"h3index": "87a726cdbffffff", "population_2015": 4621.210847676675, "total_built_mass_tons": 2324782.431733587, "city_id": 11640, "country_iso": "AUS"}, {"h3index": "87a726cdcffffff", "population_2015": 8010.51987706214, "total_built_mass_tons": 3536152.910385181, "city_id": 11640, "country_iso": "AUS"}, {"h3index": "87a726cddffffff", "population_2015": 4255.736943583349, "total_built_mass_tons": 3625713.6318308935, "city_id": 11640, "country_iso": "AUS"}, {"h3index": "87a726cdeffffff", "population_2015": 6517.475469251355, "total_built_mass_tons": 2914697.1973218205, "city_id": 11640, "country_iso": "AUS"}, {"h3index": "87a726ce0ffffff", "population_2015": 8631.203923108467, "total_built_mass_tons": 4158355.0851992266, "city_id": 11640, "country_iso": "AUS"}, {"h3index": "87a726ce1ffffff", "population_2015": 3239.393045053376, "total_built_mass_tons": 1889029.7975842769, "city_id": 11640, "country_iso": "AUS"}, {"h3index": "87a726ce2ffffff", "population_2015": 7457.177926357588, "total_built_mass_tons": 3442299.791960597, "city_id": 11640, "country_iso": "AUS"}, {"h3index": "87a726ce3ffffff", "population_2015": 9388.776508305422, "total_built_mass_tons": 3032886.9107555076, "city_id": 11640, "country_iso": "AUS"}, {"h3index": "87a726ce4ffffff", "population_2015": 2854.2464561445595, "total_built_mass_tons": 1522636.4534240756, "city_id": 11640, "country_iso": "AUS"}, {"h3index": "87a726ce5ffffff", "population_2015": 2630.1685608067837, "total_built_mass_tons": 2527271.8197341673, "city_id": 11640, "country_iso": "AUS"}, {"h3index": "87a726ce6ffffff", "population_2015": 2464.022091135412, "total_built_mass_tons": 2114981.011899366, "city_id": 11640, "country_iso": "AUS"}, {"h3index": "87a726ce8ffffff", "population_2015": 4167.970020968423, "total_built_mass_tons": 2514820.037149164, "city_id": 11640, "country_iso": "AUS"}, {"h3index": "87a726ceaffffff", "population_2015": 7426.816504723155, "total_built_mass_tons": 3037042.999926038, "city_id": 11640, "country_iso": "AUS"}, {"h3index": "87a726cebffffff", "population_2015": 4472.294424429828, "total_built_mass_tons": 1821254.5680197063, "city_id": 11640, "country_iso": "AUS"}, {"h3index": "87a726cecffffff", "population_2015": 1220.080810525663, "total_built_mass_tons": 806244.4417036116, "city_id": 11640, "country_iso": "AUS"}, {"h3index": "87a726cedffffff", "population_2015": 14.304979139215806, "total_built_mass_tons": 36437.28402427962, "city_id": 11640, "country_iso": "AUS"}, {"h3index": "87a726ceeffffff", "population_2015": 3427.180525468032, "total_built_mass_tons": 2047969.9612123496, "city_id": 11640, "country_iso": "AUS"}, {"h3index": "87a726cf0ffffff", "population_2015": 10200.889294217142, "total_built_mass_tons": 4134235.009882318, "city_id": 11640, "country_iso": "AUS"}, {"h3index": "87a726cf1ffffff", "population_2015": 9827.849484529566, "total_built_mass_tons": 4121307.7430936377, "city_id": 11640, "country_iso": "AUS"}, {"h3index": "87a726cf2ffffff", "population_2015": 9756.843428060118, "total_built_mass_tons": 4159448.563737394, "city_id": 11640, "country_iso": "AUS"}, {"h3index": "87a726cf3ffffff", "population_2015": 4084.53865180033, "total_built_mass_tons": 2076682.1056383192, "city_id": 11640, "country_iso": "AUS"}, {"h3index": "87a726cf4ffffff", "population_2015": 4036.312453257454, "total_built_mass_tons": 2473675.0923136333, "city_id": 11640, "country_iso": "AUS"}, {"h3index": "87a726cf5ffffff", "population_2015": 8068.542092980061, "total_built_mass_tons": 5942198.833224459, "city_id": 11640, "country_iso": "AUS"}, {"h3index": "87a726cf6ffffff", "population_2015": 6479.0134045625055, "total_built_mass_tons": 1979287.3835503776, "city_id": 11640, "country_iso": "AUS"}, {"h3index": "87a726d09ffffff", "population_2015": 259.85825634563673, "total_built_mass_tons": 112661.15352590862, "city_id": 11640, "country_iso": "AUS"}, {"h3index": "87a726d18ffffff", "population_2015": 783.6172289528683, "total_built_mass_tons": 540218.4086591037, "city_id": 11640, "country_iso": "AUS"}, {"h3index": "87a726d1affffff", "population_2015": 6138.464356841701, "total_built_mass_tons": 2978210.1418265114, "city_id": 11640, "country_iso": "AUS"}, {"h3index": "87a726d1bffffff", "population_2015": 5391.243717303696, "total_built_mass_tons": 2708194.9393930193, "city_id": 11640, "country_iso": "AUS"}, {"h3index": "87a726d1effffff", "population_2015": 719.466752435004, "total_built_mass_tons": 473273.7027738126, "city_id": 11640, "country_iso": "AUS"}, {"h3index": "87a726d42ffffff", "population_2015": 325.3733836353628, "total_built_mass_tons": 1015613.8640950634, "city_id": 11640, "country_iso": "AUS"}, {"h3index": "87a726d46ffffff", "population_2015": 4199.865284546041, "total_built_mass_tons": 2083648.7214279876, "city_id": 11640, "country_iso": "AUS"}, {"h3index": "87a726d50ffffff", "population_2015": 3071.816177134248, "total_built_mass_tons": 2639764.047047886, "city_id": 11640, "country_iso": "AUS"}, {"h3index": "87a726d51ffffff", "population_2015": 4929.594830929885, "total_built_mass_tons": 2747557.502600735, "city_id": 11640, "country_iso": "AUS"}, {"h3index": "87a726d52ffffff", "population_2015": 2108.192464908607, "total_built_mass_tons": 1056556.5557873575, "city_id": 11640, "country_iso": "AUS"}, {"h3index": "87a726d53ffffff", "population_2015": 5483.719062836439, "total_built_mass_tons": 2804152.6471573645, "city_id": 11640, "country_iso": "AUS"}, {"h3index": "87a726d54ffffff", "population_2015": 2020.5000507496843, "total_built_mass_tons": 3337547.3070882675, "city_id": 11640, "country_iso": "AUS"}, {"h3index": "87a726d55ffffff", "population_2015": 4638.067818564432, "total_built_mass_tons": 3090650.808207202, "city_id": 11640, "country_iso": "AUS"}, {"h3index": "87a726d58ffffff", "population_2015": 4774.5266095028255, "total_built_mass_tons": 2620942.586816797, "city_id": 11640, "country_iso": "AUS"}, {"h3index": "87a726d59ffffff", "population_2015": 1.4626957935591538, "total_built_mass_tons": 77901.95554000488, "city_id": 11640, "country_iso": "AUS"}, {"h3index": "87a726d5affffff", "population_2015": 5601.028006753677, "total_built_mass_tons": 3028357.0880654333, "city_id": 11640, "country_iso": "AUS"}, {"h3index": "87a726d5bffffff", "population_2015": 1111.057411927241, "total_built_mass_tons": 3091487.487647465, "city_id": 11640, "country_iso": "AUS"}, {"h3index": "87a726d5cffffff", "population_2015": 1142.143784049305, "total_built_mass_tons": 1571834.7577792532, "city_id": 11640, "country_iso": "AUS"}, {"h3index": "87a726d5effffff", "population_2015": 6349.537453219758, "total_built_mass_tons": 3199149.9815650596, "city_id": 11640, "country_iso": "AUS"}, {"h3index": "87a726d70ffffff", "population_2015": 129.0896359731462, "total_built_mass_tons": 244956.84568393056, "city_id": 11640, "country_iso": "AUS"}, {"h3index": "87a726d71ffffff", "population_2015": 58.47066285458265, "total_built_mass_tons": 95113.5698921629, "city_id": 11640, "country_iso": "AUS"}, {"h3index": "87a726d72ffffff", "population_2015": 4781.859081292182, "total_built_mass_tons": 1887938.7063619092, "city_id": 11640, "country_iso": "AUS"}, {"h3index": "87a726d73ffffff", "population_2015": 4217.917773904126, "total_built_mass_tons": 2771852.4457313125, "city_id": 11640, "country_iso": "AUS"}, {"h3index": "87a726d81ffffff", "population_2015": 1524.486389784895, "total_built_mass_tons": 810947.5164188538, "city_id": 11640, "country_iso": "AUS"}, {"h3index": "87a726d83ffffff", "population_2015": 106.6002685252358, "total_built_mass_tons": 43368.333636582, "city_id": 11640, "country_iso": "AUS"}, {"h3index": "87a726d85ffffff", "population_2015": 609.4959834902893, "total_built_mass_tons": 331065.2437356187, "city_id": 11640, "country_iso": "AUS"}, {"h3index": "87a726d88ffffff", "population_2015": 2988.572259101746, "total_built_mass_tons": 3393471.037004927, "city_id": 11640, "country_iso": "AUS"}, {"h3index": "87a726d89ffffff", "population_2015": 2240.615620106985, "total_built_mass_tons": 2191200.71033849, "city_id": 11640, "country_iso": "AUS"}, {"h3index": "87a726d8affffff", "population_2015": 729.8577239605142, "total_built_mass_tons": 760353.2838006988, "city_id": 11640, "country_iso": "AUS"}, {"h3index": "87a726d8bffffff", "population_2015": 2997.396130893802, "total_built_mass_tons": 1643236.2850377203, "city_id": 11640, "country_iso": "AUS"}, {"h3index": "87a726d8cffffff", "population_2015": 3064.846516792212, "total_built_mass_tons": 2368632.2736594747, "city_id": 11640, "country_iso": "AUS"}, {"h3index": "87a726d8dffffff", "population_2015": 5638.065409473226, "total_built_mass_tons": 2835905.934475549, "city_id": 11640, "country_iso": "AUS"}, {"h3index": "87a726d8effffff", "population_2015": 3637.686561243149, "total_built_mass_tons": 2892785.8976061, "city_id": 11640, "country_iso": "AUS"}, {"h3index": "87a726da8ffffff", "population_2015": 4536.544982060795, "total_built_mass_tons": 1931629.1301889436, "city_id": 11640, "country_iso": "AUS"}, {"h3index": "87a726da9ffffff", "population_2015": 7133.336566409761, "total_built_mass_tons": 2786577.040367044, "city_id": 11640, "country_iso": "AUS"}, {"h3index": "87a726daaffffff", "population_2015": 6278.859652658539, "total_built_mass_tons": 3041383.5855332534, "city_id": 11640, "country_iso": "AUS"}, {"h3index": "87a726dabffffff", "population_2015": 6612.47962615852, "total_built_mass_tons": 3015543.030469144, "city_id": 11640, "country_iso": "AUS"}, {"h3index": "87a726dadffffff", "population_2015": 335.3497922630872, "total_built_mass_tons": 200856.09406749564, "city_id": 11640, "country_iso": "AUS"}, {"h3index": "87a726daeffffff", "population_2015": 2214.395152187812, "total_built_mass_tons": 895955.1505703729, "city_id": 11640, "country_iso": "AUS"}]