[{"h3index":"8724c2325ffffff","population_2015":56.8139083558,"total_built_mass_tons":336691.583947091,"city_id":10156,"country_iso":"CHN"},{"h3index":"8724c2ad0ffffff","population_2015":8265.8779000044,"total_built_mass_tons":1729417.813048746,"city_id":10156,"country_iso":"CHN"},{"h3index":"8724c2ad2ffffff","population_2015":6164.0911719547,"total_built_mass_tons":2263370.837963894,"city_id":10156,"country_iso":"CHN"},{"h3index":"8724c2ad3ffffff","population_2015":88.3708075579,"total_built_mass_tons":16216.2871237653,"city_id":10156,"country_iso":"CHN"},{"h3index":"8724c2ad4ffffff","population_2015":336.8566677234,"total_built_mass_tons":888766.65472647,"city_id":10156,"country_iso":"CHN"},{"h3index":"8724c2ad5ffffff","population_2015":485.7041856551,"total_built_mass_tons":194880.13852821,"city_id":10156,"country_iso":"CHN"},{"h3index":"8724c2ad6ffffff","population_2015":857.1508641383,"total_built_mass_tons":1782443.2946331331,"city_id":10156,"country_iso":"CHN"}]