[{"h3index":"876499421ffffff","population_2015":21.0503014022,"total_built_mass_tons":7319.5493134558,"city_id":10176,"country_iso":"MMR"},{"h3index":"876499423ffffff","population_2015":26.6780315698,"total_built_mass_tons":8713.0305997892,"city_id":10176,"country_iso":"MMR"},{"h3index":"87649942affffff","population_2015":290.907414369,"total_built_mass_tons":53634.7585835507,"city_id":10176,"country_iso":"MMR"},{"h3index":"87649942cffffff","population_2015":85.3596525491,"total_built_mass_tons":23609.3385789386,"city_id":10176,"country_iso":"MMR"},{"h3index":"87649942effffff","population_2015":10393.1395546876,"total_built_mass_tons":1416917.6075777896,"city_id":10176,"country_iso":"MMR"}]