[{"h3index":"873196080ffffff","population_2015":254.9737389658,"total_built_mass_tons":53916.1662400583,"city_id":10456,"country_iso":"CHN"},{"h3index":"873196082ffffff","population_2015":5782.970268631,"total_built_mass_tons":1611431.3395209047,"city_id":10456,"country_iso":"CHN"},{"h3index":"873196084ffffff","population_2015":7.1304511332,"total_built_mass_tons":8598.5369191027,"city_id":10456,"country_iso":"CHN"},{"h3index":"873196086ffffff","population_2015":9749.736541475,"total_built_mass_tons":2678076.7313884613,"city_id":10456,"country_iso":"CHN"},{"h3index":"8731960a2ffffff","population_2015":3.6719055391,"total_built_mass_tons":3946.1262631118,"city_id":10456,"country_iso":"CHN"},{"h3index":"8731960b1ffffff","population_2015":6652.2223971675,"total_built_mass_tons":1672004.5197537288,"city_id":10456,"country_iso":"CHN"},{"h3index":"8731960b5ffffff","population_2015":500.5156886381,"total_built_mass_tons":113457.3872613025,"city_id":10456,"country_iso":"CHN"}]