[{"h3index": "87a89ac83ffffff", "population_2015": 15005.980177003265, "total_built_mass_tons": 1307823.822566396, "city_id": 1407, "country_iso": "BRA"}, {"h3index": "87a89ac88ffffff", "population_2015": 12.110973672305835, "total_built_mass_tons": 1373.746793578045, "city_id": 1407, "country_iso": "BRA"}, {"h3index": "87a89ac8affffff", "population_2015": 11211.511922564228, "total_built_mass_tons": 1146273.497249485, "city_id": 1407, "country_iso": "BRA"}, {"h3index": "87a89ac8effffff", "population_2015": 7702.71926252655, "total_built_mass_tons": 596025.4083164254, "city_id": 1407, "country_iso": "BRA"}, {"h3index": "87a89ac91ffffff", "population_2015": 10.027861923329969, "total_built_mass_tons": 25944.636217034764, "city_id": 1407, "country_iso": "BRA"}, {"h3index": "87a89ac98ffffff", "population_2015": 2219.521416335947, "total_built_mass_tons": 629458.6429332393, "city_id": 1407, "country_iso": "BRA"}, {"h3index": "87a89ac99ffffff", "population_2015": 661.9440188604243, "total_built_mass_tons": 197726.6549720099, "city_id": 1407, "country_iso": "BRA"}, {"h3index": "87a89ac9affffff", "population_2015": 18.129033286898743, "total_built_mass_tons": 2819.7053484483877, "city_id": 1407, "country_iso": "BRA"}, {"h3index": "87a89ac9cffffff", "population_2015": 16338.7773057012, "total_built_mass_tons": 1819558.529552098, "city_id": 1407, "country_iso": "BRA"}, {"h3index": "87a89ac9dffffff", "population_2015": 41751.27908555198, "total_built_mass_tons": 3073865.532971765, "city_id": 1407, "country_iso": "BRA"}, {"h3index": "87a89ac9effffff", "population_2015": 4816.283988155105, "total_built_mass_tons": 612065.3617802848, "city_id": 1407, "country_iso": "BRA"}]