[{"h3index": "87411d0c8ffffff", "population_2015": 381.3477935519873, "total_built_mass_tons": 132630.09204642737, "city_id": 12113, "country_iso": "CHN"}, {"h3index": "87411d0caffffff", "population_2015": 28375.52522268996, "total_built_mass_tons": 5702900.142673113, "city_id": 12113, "country_iso": "CHN"}, {"h3index": "87411d0cbffffff", "population_2015": 9309.15307213068, "total_built_mass_tons": 1546320.367653248, "city_id": 12113, "country_iso": "CHN"}, {"h3index": "87411d0d8ffffff", "population_2015": 3239.3545415462227, "total_built_mass_tons": 828378.0528879504, "city_id": 12113, "country_iso": "CHN"}, {"h3index": "87411d0d9ffffff", "population_2015": 51169.96805404029, "total_built_mass_tons": 6507402.662449152, "city_id": 12113, "country_iso": "CHN"}, {"h3index": "87411d0dbffffff", "population_2015": 6458.660521047256, "total_built_mass_tons": 681424.5850817721, "city_id": 12113, "country_iso": "CHN"}, {"h3index": "87411d0ddffffff", "population_2015": 65.96649577383901, "total_built_mass_tons": 202819.7326493344, "city_id": 12113, "country_iso": "CHN"}, {"h3index": "87411d392ffffff", "population_2015": 156.7268985823089, "total_built_mass_tons": 94908.87762480477, "city_id": 12113, "country_iso": "CHN"}, {"h3index": "87411d396ffffff", "population_2015": 3.69029120276956, "total_built_mass_tons": 2652.6149511580925, "city_id": 12113, "country_iso": "CHN"}, {"h3index": "87411d760ffffff", "population_2015": 1826.6318086661545, "total_built_mass_tons": 1185033.5462063777, "city_id": 12113, "country_iso": "CHN"}, {"h3index": "87411d764ffffff", "population_2015": 31362.03425958483, "total_built_mass_tons": 2810172.9911446073, "city_id": 12113, "country_iso": "CHN"}, {"h3index": "87411d765ffffff", "population_2015": 3646.4217574886247, "total_built_mass_tons": 1100520.203013244, "city_id": 12113, "country_iso": "CHN"}, {"h3index": "87411d766ffffff", "population_2015": 3302.960365501104, "total_built_mass_tons": 604184.6934921592, "city_id": 12113, "country_iso": "CHN"}]