[{"h3index": "87588c400ffffff", "population_2015": 3205.4848113340495, "total_built_mass_tons": 909205.6358169068, "city_id": 2319, "country_iso": "NGA"}, {"h3index": "87588c401ffffff", "population_2015": 9799.18371358385, "total_built_mass_tons": 1867568.5619568557, "city_id": 2319, "country_iso": "NGA"}, {"h3index": "87588c403ffffff", "population_2015": 2886.8623119578633, "total_built_mass_tons": 653752.2218837944, "city_id": 2319, "country_iso": "NGA"}, {"h3index": "87588c404ffffff", "population_2015": 2672.613715100756, "total_built_mass_tons": 581788.5943855025, "city_id": 2319, "country_iso": "NGA"}, {"h3index": "87588c405ffffff", "population_2015": 11151.738829339718, "total_built_mass_tons": 2283421.503385784, "city_id": 2319, "country_iso": "NGA"}, {"h3index": "87588c40cffffff", "population_2015": 2535.9753501443297, "total_built_mass_tons": 399037.4288306482, "city_id": 2319, "country_iso": "NGA"}, {"h3index": "87588c40dffffff", "population_2015": 1335.6952994926305, "total_built_mass_tons": 261705.31494705044, "city_id": 2319, "country_iso": "NGA"}, {"h3index": "87588c40effffff", "population_2015": 903.9948597552728, "total_built_mass_tons": 229480.19116588455, "city_id": 2319, "country_iso": "NGA"}, {"h3index": "87588c41cffffff", "population_2015": 335.400120974522, "total_built_mass_tons": 55997.350371213615, "city_id": 2319, "country_iso": "NGA"}, {"h3index": "87588c41dffffff", "population_2015": 190.39264235777017, "total_built_mass_tons": 37664.03164929351, "city_id": 2319, "country_iso": "NGA"}, {"h3index": "87588c421ffffff", "population_2015": 2389.574062272614, "total_built_mass_tons": 1008228.8968256124, "city_id": 2319, "country_iso": "NGA"}, {"h3index": "87588c423ffffff", "population_2015": 2394.855009572646, "total_built_mass_tons": 484617.5046323664, "city_id": 2319, "country_iso": "NGA"}, {"h3index": "87588c428ffffff", "population_2015": 7360.98908216439, "total_built_mass_tons": 1244400.8160666537, "city_id": 2319, "country_iso": "NGA"}, {"h3index": "87588c429ffffff", "population_2015": 525.6296276167327, "total_built_mass_tons": 169256.96807765227, "city_id": 2319, "country_iso": "NGA"}, {"h3index": "87588c42affffff", "population_2015": 16205.366000126858, "total_built_mass_tons": 2439617.020543766, "city_id": 2319, "country_iso": "NGA"}, {"h3index": "87588c42bffffff", "population_2015": 1709.7435176176184, "total_built_mass_tons": 321557.12203431374, "city_id": 2319, "country_iso": "NGA"}, {"h3index": "87588c42cffffff", "population_2015": 10350.866805588965, "total_built_mass_tons": 2268580.2579019004, "city_id": 2319, "country_iso": "NGA"}, {"h3index": "87588c42dffffff", "population_2015": 8573.2209675097, "total_built_mass_tons": 1472031.6217094285, "city_id": 2319, "country_iso": "NGA"}, {"h3index": "87588c42effffff", "population_2015": 13468.36180195902, "total_built_mass_tons": 2066732.0991845392, "city_id": 2319, "country_iso": "NGA"}, {"h3index": "87588c472ffffff", "population_2015": 251.31833882051356, "total_built_mass_tons": 45136.49299430742, "city_id": 2319, "country_iso": "NGA"}, {"h3index": "87588c476ffffff", "population_2015": 498.29383503035007, "total_built_mass_tons": 68141.2108655061, "city_id": 2319, "country_iso": "NGA"}, {"h3index": "87588c552ffffff", "population_2015": 786.1078706180349, "total_built_mass_tons": 351417.7336289068, "city_id": 2319, "country_iso": "NGA"}, {"h3index": "87588c553ffffff", "population_2015": 2396.6953828250657, "total_built_mass_tons": 1041266.2777075116, "city_id": 2319, "country_iso": "NGA"}, {"h3index": "87588c55affffff", "population_2015": 229.8802119909548, "total_built_mass_tons": 62720.41698167892, "city_id": 2319, "country_iso": "NGA"}, {"h3index": "87588c55effffff", "population_2015": 388.6587155772191, "total_built_mass_tons": 152996.26399973108, "city_id": 2319, "country_iso": "NGA"}]