[{"h3index": "871f85261ffffff", "population_2015": 4483.781186683506, "total_built_mass_tons": 1636518.1639376734, "city_id": 2441, "country_iso": "DEU"}, {"h3index": "871f85264ffffff", "population_2015": 924.9801115765288, "total_built_mass_tons": 356935.53759735846, "city_id": 2441, "country_iso": "DEU"}, {"h3index": "871f85265ffffff", "population_2015": 6586.94498544207, "total_built_mass_tons": 2364507.206435076, "city_id": 2441, "country_iso": "DEU"}, {"h3index": "871f8526cffffff", "population_2015": 318.6561412091349, "total_built_mass_tons": 292577.8376029328, "city_id": 2441, "country_iso": "DEU"}, {"h3index": "871f8526dffffff", "population_2015": 1458.383434495739, "total_built_mass_tons": 550484.1461174985, "city_id": 2441, "country_iso": "DEU"}, {"h3index": "871f8526effffff", "population_2015": 1.1357862341637706, "total_built_mass_tons": 6517.1874860862345, "city_id": 2441, "country_iso": "DEU"}, {"h3index": "871f85341ffffff", "population_2015": 497.5208925228492, "total_built_mass_tons": 574519.0158785335, "city_id": 2441, "country_iso": "DEU"}, {"h3index": "871f85344ffffff", "population_2015": 134.2489012283437, "total_built_mass_tons": 156676.40638170583, "city_id": 2441, "country_iso": "DEU"}, {"h3index": "871f85345ffffff", "population_2015": 1713.589217797448, "total_built_mass_tons": 2458394.129198732, "city_id": 2441, "country_iso": "DEU"}, {"h3index": "871f85348ffffff", "population_2015": 10556.819034131371, "total_built_mass_tons": 4233729.195402807, "city_id": 2441, "country_iso": "DEU"}, {"h3index": "871f85349ffffff", "population_2015": 11070.77704997718, "total_built_mass_tons": 3932856.89242026, "city_id": 2441, "country_iso": "DEU"}, {"h3index": "871f8534affffff", "population_2015": 4326.117144387377, "total_built_mass_tons": 1853273.745028758, "city_id": 2441, "country_iso": "DEU"}, {"h3index": "871f8534bffffff", "population_2015": 10825.73016483082, "total_built_mass_tons": 4662156.309009399, "city_id": 2441, "country_iso": "DEU"}, {"h3index": "871f8534cffffff", "population_2015": 2504.113942490372, "total_built_mass_tons": 1118475.3492807024, "city_id": 2441, "country_iso": "DEU"}, {"h3index": "871f8534dffffff", "population_2015": 9747.39517963634, "total_built_mass_tons": 3904452.915734904, "city_id": 2441, "country_iso": "DEU"}, {"h3index": "871f8534effffff", "population_2015": 3999.1469125411086, "total_built_mass_tons": 2363937.293142929, "city_id": 2441, "country_iso": "DEU"}, {"h3index": "871f85363ffffff", "population_2015": 343.0984152934131, "total_built_mass_tons": 441297.5951900206, "city_id": 2441, "country_iso": "DEU"}, {"h3index": "871f85368ffffff", "population_2015": 2171.4961221507947, "total_built_mass_tons": 1406395.49383158, "city_id": 2441, "country_iso": "DEU"}, {"h3index": "871f85369ffffff", "population_2015": 276.1637633828556, "total_built_mass_tons": 151335.1852411123, "city_id": 2441, "country_iso": "DEU"}, {"h3index": "871f8536affffff", "population_2015": 2668.6071620450302, "total_built_mass_tons": 2199723.0261271084, "city_id": 2441, "country_iso": "DEU"}, {"h3index": "871f8536bffffff", "population_2015": 5291.775186673331, "total_built_mass_tons": 3404977.227305225, "city_id": 2441, "country_iso": "DEU"}, {"h3index": "871f8536effffff", "population_2015": 79.66642657635259, "total_built_mass_tons": 119679.24528444713, "city_id": 2441, "country_iso": "DEU"}, {"h3index": "871faac82ffffff", "population_2015": 3619.2451822804474, "total_built_mass_tons": 1899624.508302032, "city_id": 2441, "country_iso": "DEU"}, {"h3index": "871faac86ffffff", "population_2015": 701.5388224657843, "total_built_mass_tons": 215750.9221461487, "city_id": 2441, "country_iso": "DEU"}, {"h3index": "871faac90ffffff", "population_2015": 13236.88237744126, "total_built_mass_tons": 5156990.792065974, "city_id": 2441, "country_iso": "DEU"}, {"h3index": "871faac91ffffff", "population_2015": 6221.016493137214, "total_built_mass_tons": 2270470.9005750823, "city_id": 2441, "country_iso": "DEU"}, {"h3index": "871faac92ffffff", "population_2015": 3789.952433318719, "total_built_mass_tons": 1369535.3887958198, "city_id": 2441, "country_iso": "DEU"}, {"h3index": "871faac93ffffff", "population_2015": 7424.023913470437, "total_built_mass_tons": 2295578.3752560616, "city_id": 2441, "country_iso": "DEU"}, {"h3index": "871faac94ffffff", "population_2015": 1909.5241950025743, "total_built_mass_tons": 623849.2511972608, "city_id": 2441, "country_iso": "DEU"}, {"h3index": "871faac95ffffff", "population_2015": 7024.758337752025, "total_built_mass_tons": 2046125.9695406572, "city_id": 2441, "country_iso": "DEU"}, {"h3index": "871faac96ffffff", "population_2015": 13553.44672066184, "total_built_mass_tons": 7947391.843834334, "city_id": 2441, "country_iso": "DEU"}, {"h3index": "871faac98ffffff", "population_2015": 1939.2906406309096, "total_built_mass_tons": 779037.0983695509, "city_id": 2441, "country_iso": "DEU"}, {"h3index": "871faac99ffffff", "population_2015": 905.7598888266324, "total_built_mass_tons": 586667.2135900725, "city_id": 2441, "country_iso": "DEU"}, {"h3index": "871faac9cffffff", "population_2015": 3082.235047878939, "total_built_mass_tons": 1229203.3281709373, "city_id": 2441, "country_iso": "DEU"}, {"h3index": "871faac9dffffff", "population_2015": 88.00411622290517, "total_built_mass_tons": 47573.050717208054, "city_id": 2441, "country_iso": "DEU"}, {"h3index": "871faac9effffff", "population_2015": 5748.869118570815, "total_built_mass_tons": 2077944.6667130135, "city_id": 2441, "country_iso": "DEU"}, {"h3index": "871faacb0ffffff", "population_2015": 3030.953422572566, "total_built_mass_tons": 1116128.8271793206, "city_id": 2441, "country_iso": "DEU"}, {"h3index": "871faacb2ffffff", "population_2015": 5050.617048424365, "total_built_mass_tons": 1630379.6734975278, "city_id": 2441, "country_iso": "DEU"}, {"h3index": "871faacb3ffffff", "population_2015": 49.15537831923541, "total_built_mass_tons": 41277.87272073072, "city_id": 2441, "country_iso": "DEU"}, {"h3index": "871faacb4ffffff", "population_2015": 29.85363988315358, "total_built_mass_tons": 36734.3498318145, "city_id": 2441, "country_iso": "DEU"}, {"h3index": "871faacb6ffffff", "population_2015": 4045.330916236429, "total_built_mass_tons": 1687035.0100642196, "city_id": 2441, "country_iso": "DEU"}]