[{"h3index":"87419ba19ffffff","population_2015":578.7483141918,"total_built_mass_tons":86062.7389175648,"city_id":11656,"country_iso":"CHN"},{"h3index":"87419ba1bffffff","population_2015":26.0230283737,"total_built_mass_tons":7900.0537659272,"city_id":11656,"country_iso":"CHN"},{"h3index":"87419ba54ffffff","population_2015":11.9786355337,"total_built_mass_tons":10329.8255467029,"city_id":11656,"country_iso":"CHN"},{"h3index":"87419ba56ffffff","population_2015":215.756969882,"total_built_mass_tons":107982.7483811719,"city_id":11656,"country_iso":"CHN"},{"h3index":"87419bae0ffffff","population_2015":1039.522841828,"total_built_mass_tons":290749.217722673,"city_id":11656,"country_iso":"CHN"},{"h3index":"87419bae4ffffff","population_2015":1494.2727212494,"total_built_mass_tons":326703.6438710564,"city_id":11656,"country_iso":"CHN"},{"h3index":"87419bae5ffffff","population_2015":275.943281746,"total_built_mass_tons":134421.283109408,"city_id":11656,"country_iso":"CHN"},{"h3index":"87419bae6ffffff","population_2015":701.6806015108,"total_built_mass_tons":206910.4835932433,"city_id":11656,"country_iso":"CHN"},{"h3index":"87419baf5ffffff","population_2015":5.161036518,"total_built_mass_tons":24701.8466253924,"city_id":11656,"country_iso":"CHN"}]