[{"h3index":"878a8cb0cffffff","population_2015":1300.0363344627,"total_built_mass_tons":129080.976753941,"city_id":1034,"country_iso":"BRA"},{"h3index":"878a8cb0dffffff","population_2015":4092.2601217195,"total_built_mass_tons":338837.5243731595,"city_id":1034,"country_iso":"BRA"},{"h3index":"878a8cb28ffffff","population_2015":5106.2079469185,"total_built_mass_tons":560211.9532998566,"city_id":1034,"country_iso":"BRA"},{"h3index":"878a8cb29ffffff","population_2015":5410.3564006955,"total_built_mass_tons":1060582.3857452639,"city_id":1034,"country_iso":"BRA"},{"h3index":"878a8cb2affffff","population_2015":197.9877390992,"total_built_mass_tons":87301.2642971521,"city_id":1034,"country_iso":"BRA"},{"h3index":"878a8cb2bffffff","population_2015":27042.3556751868,"total_built_mass_tons":2375990.1085868166,"city_id":1034,"country_iso":"BRA"}]