[{"h3index": "8796a1001ffffff", "population_2015": 6638.630066755706, "total_built_mass_tons": 762254.6869100663, "city_id": 4432, "country_iso": "ZMB"}, {"h3index": "8796a1003ffffff", "population_2015": 145.5235206304812, "total_built_mass_tons": 30333.37306549827, "city_id": 4432, "country_iso": "ZMB"}, {"h3index": "8796a1008ffffff", "population_2015": 5690.1790779973935, "total_built_mass_tons": 807300.1172767642, "city_id": 4432, "country_iso": "ZMB"}, {"h3index": "8796a100affffff", "population_2015": 334.3528021569345, "total_built_mass_tons": 68211.37417973876, "city_id": 4432, "country_iso": "ZMB"}, {"h3index": "8796a100bffffff", "population_2015": 116.93419189453124, "total_built_mass_tons": 90739.95756334526, "city_id": 4432, "country_iso": "ZMB"}, {"h3index": "8796a100cffffff", "population_2015": 13313.353670382035, "total_built_mass_tons": 2627444.1859952696, "city_id": 4432, "country_iso": "ZMB"}, {"h3index": "8796a100dffffff", "population_2015": 41.39342249328015, "total_built_mass_tons": 13888.957790786088, "city_id": 4432, "country_iso": "ZMB"}, {"h3index": "8796a100effffff", "population_2015": 16026.143431697175, "total_built_mass_tons": 1687119.2435298986, "city_id": 4432, "country_iso": "ZMB"}, {"h3index": "8796a102affffff", "population_2015": 3056.2070548674637, "total_built_mass_tons": 707082.6087516837, "city_id": 4432, "country_iso": "ZMB"}, {"h3index": "8796a102bffffff", "population_2015": 4836.034712428672, "total_built_mass_tons": 1033838.2339217575, "city_id": 4432, "country_iso": "ZMB"}]