[{"h3index": "873e66201ffffff", "population_2015": 1641.4600907269646, "total_built_mass_tons": 327774.48861085746, "city_id": 3908, "country_iso": "EGY"}, {"h3index": "873e66202ffffff", "population_2015": 2182.9819015054145, "total_built_mass_tons": 252523.51508003075, "city_id": 3908, "country_iso": "EGY"}, {"h3index": "873e66203ffffff", "population_2015": 6301.595945814544, "total_built_mass_tons": 858175.4585181284, "city_id": 3908, "country_iso": "EGY"}, {"h3index": "873e6620affffff", "population_2015": 1467.409561912686, "total_built_mass_tons": 243466.14415996213, "city_id": 3908, "country_iso": "EGY"}, {"h3index": "873e6620effffff", "population_2015": 4590.927822120517, "total_built_mass_tons": 508218.9152551006, "city_id": 3908, "country_iso": "EGY"}, {"h3index": "873e66211ffffff", "population_2015": 4355.042164215386, "total_built_mass_tons": 603278.0278260479, "city_id": 3908, "country_iso": "EGY"}, {"h3index": "873e66218ffffff", "population_2015": 6684.017982337054, "total_built_mass_tons": 1078487.3542687662, "city_id": 3908, "country_iso": "EGY"}, {"h3index": "873e66219ffffff", "population_2015": 3528.222248107312, "total_built_mass_tons": 613655.978612191, "city_id": 3908, "country_iso": "EGY"}, {"h3index": "873e6621affffff", "population_2015": 3152.5146814533314, "total_built_mass_tons": 614217.5005618033, "city_id": 3908, "country_iso": "EGY"}, {"h3index": "873e6621bffffff", "population_2015": 696.669440759397, "total_built_mass_tons": 122529.08207016213, "city_id": 3908, "country_iso": "EGY"}, {"h3index": "873e6621cffffff", "population_2015": 18020.36128480201, "total_built_mass_tons": 2057663.164722216, "city_id": 3908, "country_iso": "EGY"}, {"h3index": "873e6621dffffff", "population_2015": 22135.015577690276, "total_built_mass_tons": 2090932.035652048, "city_id": 3908, "country_iso": "EGY"}, {"h3index": "873e6621effffff", "population_2015": 2196.9939693076944, "total_built_mass_tons": 403255.6750527872, "city_id": 3908, "country_iso": "EGY"}]