[{"h3index": "87a835300ffffff", "population_2015": 1539.662359354543, "total_built_mass_tons": 437971.85539707047, "city_id": 1256, "country_iso": "BRA"}, {"h3index": "87a835302ffffff", "population_2015": 4780.562905822079, "total_built_mass_tons": 1334445.5700659023, "city_id": 1256, "country_iso": "BRA"}, {"h3index": "87a835303ffffff", "population_2015": 6193.680960532263, "total_built_mass_tons": 1041313.3442030926, "city_id": 1256, "country_iso": "BRA"}, {"h3index": "87a83530affffff", "population_2015": 100.6023379681157, "total_built_mass_tons": 16458.283910488917, "city_id": 1256, "country_iso": "BRA"}, {"h3index": "87a83530effffff", "population_2015": 107.60960640065812, "total_built_mass_tons": 69940.21069325713, "city_id": 1256, "country_iso": "BRA"}, {"h3index": "87a835311ffffff", "population_2015": 9823.658734445014, "total_built_mass_tons": 2423159.4556566994, "city_id": 1256, "country_iso": "BRA"}, {"h3index": "87a835312ffffff", "population_2015": 1756.20234932619, "total_built_mass_tons": 252613.3983759804, "city_id": 1256, "country_iso": "BRA"}, {"h3index": "87a835313ffffff", "population_2015": 6238.196681557451, "total_built_mass_tons": 2080423.319274058, "city_id": 1256, "country_iso": "BRA"}, {"h3index": "87a835318ffffff", "population_2015": 3590.382301533456, "total_built_mass_tons": 946500.4296525426, "city_id": 1256, "country_iso": "BRA"}, {"h3index": "87a835319ffffff", "population_2015": 2338.3396482692046, "total_built_mass_tons": 433190.90554600325, "city_id": 1256, "country_iso": "BRA"}, {"h3index": "87a83531cffffff", "population_2015": 12333.366697666692, "total_built_mass_tons": 2848691.2844620394, "city_id": 1256, "country_iso": "BRA"}, {"h3index": "87a83531dffffff", "population_2015": 6834.514977025052, "total_built_mass_tons": 1270852.5608641852, "city_id": 1256, "country_iso": "BRA"}, {"h3index": "87a83531effffff", "population_2015": 4886.180076892703, "total_built_mass_tons": 1774958.7296680503, "city_id": 1256, "country_iso": "BRA"}, {"h3index": "87a8353acffffff", "population_2015": 387.2035698086608, "total_built_mass_tons": 91807.34656101868, "city_id": 1256, "country_iso": "BRA"}]