[{"h3index": "871969680ffffff", "population_2015": 3631.834656653685, "total_built_mass_tons": 1491396.1958476177, "city_id": 2163, "country_iso": "NLD"}, {"h3index": "871969682ffffff", "population_2015": 8909.984354739096, "total_built_mass_tons": 3078147.701077164, "city_id": 2163, "country_iso": "NLD"}, {"h3index": "871969683ffffff", "population_2015": 984.635824768216, "total_built_mass_tons": 374832.8097659146, "city_id": 2163, "country_iso": "NLD"}, {"h3index": "871969684ffffff", "population_2015": 5824.443665410959, "total_built_mass_tons": 2720099.5951812756, "city_id": 2163, "country_iso": "NLD"}, {"h3index": "871969685ffffff", "population_2015": 1385.425610708723, "total_built_mass_tons": 1034330.4148877376, "city_id": 2163, "country_iso": "NLD"}, {"h3index": "871969686ffffff", "population_2015": 6254.790522996118, "total_built_mass_tons": 3201143.470762415, "city_id": 2163, "country_iso": "NLD"}, {"h3index": "871969690ffffff", "population_2015": 10932.612014013175, "total_built_mass_tons": 4420869.527356865, "city_id": 2163, "country_iso": "NLD"}, {"h3index": "871969691ffffff", "population_2015": 12947.120324699552, "total_built_mass_tons": 4157982.854708852, "city_id": 2163, "country_iso": "NLD"}, {"h3index": "871969692ffffff", "population_2015": 6814.405076705708, "total_built_mass_tons": 3738273.967761043, "city_id": 2163, "country_iso": "NLD"}, {"h3index": "871969693ffffff", "population_2015": 6683.87680597118, "total_built_mass_tons": 3669734.7590572047, "city_id": 2163, "country_iso": "NLD"}, {"h3index": "871969694ffffff", "population_2015": 7446.192328161351, "total_built_mass_tons": 2623401.530413106, "city_id": 2163, "country_iso": "NLD"}, {"h3index": "871969695ffffff", "population_2015": 9814.138046505872, "total_built_mass_tons": 3974729.887098401, "city_id": 2163, "country_iso": "NLD"}, {"h3index": "871969696ffffff", "population_2015": 9018.644894076326, "total_built_mass_tons": 3441499.3808490727, "city_id": 2163, "country_iso": "NLD"}, {"h3index": "87196969affffff", "population_2015": 253.74386158924472, "total_built_mass_tons": 125059.48993732908, "city_id": 2163, "country_iso": "NLD"}, {"h3index": "87196969cffffff", "population_2015": 5491.195913907596, "total_built_mass_tons": 1985747.5359414655, "city_id": 2163, "country_iso": "NLD"}, {"h3index": "87196969effffff", "population_2015": 5661.726656831481, "total_built_mass_tons": 2103815.812910369, "city_id": 2163, "country_iso": "NLD"}, {"h3index": "8719696a3ffffff", "population_2015": 6403.065149219366, "total_built_mass_tons": 2335734.1609412204, "city_id": 2163, "country_iso": "NLD"}, {"h3index": "8719696aeffffff", "population_2015": 1732.2716690923658, "total_built_mass_tons": 777415.0217776533, "city_id": 2163, "country_iso": "NLD"}, {"h3index": "8719696b1ffffff", "population_2015": 1597.926451308119, "total_built_mass_tons": 557230.7794921611, "city_id": 2163, "country_iso": "NLD"}, {"h3index": "8719696b2ffffff", "population_2015": 4404.89544299537, "total_built_mass_tons": 2287424.191992817, "city_id": 2163, "country_iso": "NLD"}, {"h3index": "8719696b3ffffff", "population_2015": 13084.577693119232, "total_built_mass_tons": 3409954.8757403814, "city_id": 2163, "country_iso": "NLD"}, {"h3index": "8719696b6ffffff", "population_2015": 207.22194327373128, "total_built_mass_tons": 91604.00329595212, "city_id": 2163, "country_iso": "NLD"}, {"h3index": "87196ba61ffffff", "population_2015": 122.24084223391964, "total_built_mass_tons": 98301.00034486648, "city_id": 2163, "country_iso": "NLD"}, {"h3index": "87196ba65ffffff", "population_2015": 3477.4206885412627, "total_built_mass_tons": 1328375.6092040304, "city_id": 2163, "country_iso": "NLD"}, {"h3index": "87196ba6cffffff", "population_2015": 1346.009335320604, "total_built_mass_tons": 989878.2245127272, "city_id": 2163, "country_iso": "NLD"}, {"h3index": "87196ba6dffffff", "population_2015": 3117.7329527967113, "total_built_mass_tons": 1898453.2047412707, "city_id": 2163, "country_iso": "NLD"}, {"h3index": "87196bb48ffffff", "population_2015": 430.6608900930368, "total_built_mass_tons": 155397.91011739953, "city_id": 2163, "country_iso": "NLD"}, {"h3index": "87196bb49ffffff", "population_2015": 11827.45433766608, "total_built_mass_tons": 4065066.383137587, "city_id": 2163, "country_iso": "NLD"}, {"h3index": "87196bb4bffffff", "population_2015": 2282.1065169147423, "total_built_mass_tons": 919215.3554814634, "city_id": 2163, "country_iso": "NLD"}, {"h3index": "87196bb4cffffff", "population_2015": 218.235357987647, "total_built_mass_tons": 143632.85232136515, "city_id": 2163, "country_iso": "NLD"}, {"h3index": "87196bb4dffffff", "population_2015": 7517.053045963773, "total_built_mass_tons": 3110556.1638422734, "city_id": 2163, "country_iso": "NLD"}]