[{"h3index":"8731b1810ffffff","population_2015":640.7002898787,"total_built_mass_tons":261897.6736813086,"city_id":10371,"country_iso":"CHN"},{"h3index":"8731b1812ffffff","population_2015":8833.2750789951,"total_built_mass_tons":1062659.0837366974,"city_id":10371,"country_iso":"CHN"},{"h3index":"8731b1813ffffff","population_2015":5.5640767715,"total_built_mass_tons":2079.1931394676,"city_id":10371,"country_iso":"CHN"},{"h3index":"8731b1814ffffff","population_2015":3.0690393485,"total_built_mass_tons":4440.2122396945,"city_id":10371,"country_iso":"CHN"},{"h3index":"8731b1815ffffff","population_2015":61.4071206523,"total_built_mass_tons":33051.0074760002,"city_id":10371,"country_iso":"CHN"},{"h3index":"8731b1816ffffff","population_2015":8860.2342830284,"total_built_mass_tons":4081403.4272581642,"city_id":10371,"country_iso":"CHN"},{"h3index":"8731b18a0ffffff","population_2015":139.0958324236,"total_built_mass_tons":77351.1948511464,"city_id":10371,"country_iso":"CHN"},{"h3index":"8731b18a1ffffff","population_2015":41.3031517852,"total_built_mass_tons":19093.6526327813,"city_id":10371,"country_iso":"CHN"},{"h3index":"8731b18a4ffffff","population_2015":83.1246298005,"total_built_mass_tons":69181.8828341773,"city_id":10371,"country_iso":"CHN"},{"h3index":"8731b18a5ffffff","population_2015":4262.3508038755,"total_built_mass_tons":1691006.3582983618,"city_id":10371,"country_iso":"CHN"},{"h3index":"8731b1989ffffff","population_2015":4.0502300861,"total_built_mass_tons":1183.8332773317,"city_id":10371,"country_iso":"CHN"},{"h3index":"8731b198affffff","population_2015":3834.2651927048,"total_built_mass_tons":2306140.5145694828,"city_id":10371,"country_iso":"CHN"},{"h3index":"8731b198bffffff","population_2015":4868.2064278378,"total_built_mass_tons":2089544.0441976588,"city_id":10371,"country_iso":"CHN"},{"h3index":"8731b1999ffffff","population_2015":11.4327425078,"total_built_mass_tons":63898.968471746,"city_id":10371,"country_iso":"CHN"},{"h3index":"8731b199dffffff","population_2015":495.8905966263,"total_built_mass_tons":360710.5541826388,"city_id":10371,"country_iso":"CHN"}]