[{"h3index":"87648c109ffffff","population_2015":911.1566490847,"total_built_mass_tons":108500.0117073519,"city_id":10245,"country_iso":"MMR"},{"h3index":"87648c150ffffff","population_2015":122.4234339658,"total_built_mass_tons":31481.4400876234,"city_id":10245,"country_iso":"MMR"},{"h3index":"87648c154ffffff","population_2015":1215.5240705116,"total_built_mass_tons":159432.4007546169,"city_id":10245,"country_iso":"MMR"},{"h3index":"87648c155ffffff","population_2015":109.6078571095,"total_built_mass_tons":24916.5436885034,"city_id":10245,"country_iso":"MMR"},{"h3index":"87648c172ffffff","population_2015":1476.6617703232,"total_built_mass_tons":223990.3695420794,"city_id":10245,"country_iso":"MMR"},{"h3index":"87648c173ffffff","population_2015":510.0830120161,"total_built_mass_tons":71469.695654755,"city_id":10245,"country_iso":"MMR"}]