[{"h3index":"873cc6a40ffffff","population_2015":1057.838765365,"total_built_mass_tons":164855.3539087794,"city_id":10002,"country_iso":"IND"},{"h3index":"873cc6a42ffffff","population_2015":264.4829978943,"total_built_mass_tons":57566.9637780946,"city_id":10002,"country_iso":"IND"},{"h3index":"873cc6a44ffffff","population_2015":4164.6951298059,"total_built_mass_tons":888087.5335158802,"city_id":10002,"country_iso":"IND"},{"h3index":"873cc6a45ffffff","population_2015":831.2925352957,"total_built_mass_tons":108314.2481895408,"city_id":10002,"country_iso":"IND"},{"h3index":"873cc6a46ffffff","population_2015":53.3540706448,"total_built_mass_tons":164796.2054597191,"city_id":10002,"country_iso":"IND"},{"h3index":"873cc6a51ffffff","population_2015":61.1140995026,"total_built_mass_tons":14221.0905014895,"city_id":10002,"country_iso":"IND"},{"h3index":"873cc6a62ffffff","population_2015":292.0816433551,"total_built_mass_tons":57282.132422895,"city_id":10002,"country_iso":"IND"},{"h3index":"873cc6a71ffffff","population_2015":5.7650636,"total_built_mass_tons":16265.7135297966,"city_id":10002,"country_iso":"IND"},{"h3index":"873cc6a73ffffff","population_2015":189.5526332855,"total_built_mass_tons":54739.0328655951,"city_id":10002,"country_iso":"IND"}]