[{"h3index":"8740c4864ffffff","population_2015":2.5707095576,"total_built_mass_tons":3053.8372445911,"city_id":10308,"country_iso":"CHN"},{"h3index":"8740c4948ffffff","population_2015":21037.9269603898,"total_built_mass_tons":5009049.7522851052,"city_id":10308,"country_iso":"CHN"},{"h3index":"8740c4949ffffff","population_2015":35807.2198337377,"total_built_mass_tons":7236335.7742111813,"city_id":10308,"country_iso":"CHN"},{"h3index":"8740c494affffff","population_2015":178.2721997883,"total_built_mass_tons":187272.9553982246,"city_id":10308,"country_iso":"CHN"},{"h3index":"8740c494bffffff","population_2015":9293.2127398346,"total_built_mass_tons":1301769.3370897698,"city_id":10308,"country_iso":"CHN"},{"h3index":"8740c494cffffff","population_2015":1697.4134680351,"total_built_mass_tons":925973.9271155598,"city_id":10308,"country_iso":"CHN"},{"h3index":"8740c494dffffff","population_2015":10177.6719549562,"total_built_mass_tons":1980592.9191341584,"city_id":10308,"country_iso":"CHN"},{"h3index":"8740c496bffffff","population_2015":13.414794144,"total_built_mass_tons":10124.4854173328,"city_id":10308,"country_iso":"CHN"},{"h3index":"8740e3494ffffff","population_2015":250.8046558015,"total_built_mass_tons":187751.0079017848,"city_id":10308,"country_iso":"CHN"},{"h3index":"8740e3496ffffff","population_2015":3523.7850006524,"total_built_mass_tons":742317.3630035501,"city_id":10308,"country_iso":"CHN"},{"h3index":"8740e34b2ffffff","population_2015":433.7149614297,"total_built_mass_tons":223193.7779822711,"city_id":10308,"country_iso":"CHN"}]