[{"h3index":"87598d610ffffff","population_2015":470.5086543289,"total_built_mass_tons":74895.2388468528,"city_id":2067,"country_iso":"NER"},{"h3index":"87598d612ffffff","population_2015":10102.631661733,"total_built_mass_tons":1456103.7854685565,"city_id":2067,"country_iso":"NER"},{"h3index":"87598d613ffffff","population_2015":1077.1211582184,"total_built_mass_tons":184580.3225575809,"city_id":2067,"country_iso":"NER"},{"h3index":"87598d614ffffff","population_2015":1566.9232980317,"total_built_mass_tons":277530.1976363644,"city_id":2067,"country_iso":"NER"},{"h3index":"87598d616ffffff","population_2015":12978.1696540982,"total_built_mass_tons":2324103.3065252798,"city_id":2067,"country_iso":"NER"},{"h3index":"87598d632ffffff","population_2015":2961.6114611233,"total_built_mass_tons":527690.3621550697,"city_id":2067,"country_iso":"NER"},{"h3index":"87598d636ffffff","population_2015":1541.5252714793,"total_built_mass_tons":337245.9810558979,"city_id":2067,"country_iso":"NER"},{"h3index":"87598d685ffffff","population_2015":131.8911379347,"total_built_mass_tons":16309.7364107591,"city_id":2067,"country_iso":"NER"},{"h3index":"87598d6a0ffffff","population_2015":11544.172294871,"total_built_mass_tons":1736638.2681972063,"city_id":2067,"country_iso":"NER"},{"h3index":"87598d6a1ffffff","population_2015":11016.4912519268,"total_built_mass_tons":1813823.2846606465,"city_id":2067,"country_iso":"NER"},{"h3index":"87598d6a2ffffff","population_2015":651.0286637699,"total_built_mass_tons":79054.8414144726,"city_id":2067,"country_iso":"NER"},{"h3index":"87598d6a3ffffff","population_2015":9103.2069984735,"total_built_mass_tons":1186254.7342652066,"city_id":2067,"country_iso":"NER"},{"h3index":"87598d6a4ffffff","population_2015":12700.9094891342,"total_built_mass_tons":2466168.2166853142,"city_id":2067,"country_iso":"NER"},{"h3index":"87598d6a5ffffff","population_2015":14531.5445857029,"total_built_mass_tons":2467499.3559135757,"city_id":2067,"country_iso":"NER"},{"h3index":"87598d6a6ffffff","population_2015":10584.718601541,"total_built_mass_tons":1437715.9714378011,"city_id":2067,"country_iso":"NER"},{"h3index":"87598d6b5ffffff","population_2015":1159.1599768096,"total_built_mass_tons":172063.0342464763,"city_id":2067,"country_iso":"NER"},{"h3index":"87598d780ffffff","population_2015":5038.2869461882,"total_built_mass_tons":935095.2493471124,"city_id":2067,"country_iso":"NER"},{"h3index":"87598d781ffffff","population_2015":7640.8156069961,"total_built_mass_tons":1068288.9925212136,"city_id":2067,"country_iso":"NER"},{"h3index":"87598d782ffffff","population_2015":2045.7865880031,"total_built_mass_tons":225005.6663087808,"city_id":2067,"country_iso":"NER"},{"h3index":"87598d783ffffff","population_2015":15736.1529146082,"total_built_mass_tons":2262945.3191744611,"city_id":2067,"country_iso":"NER"},{"h3index":"87598d788ffffff","population_2015":15670.3339312609,"total_built_mass_tons":2973278.3564832723,"city_id":2067,"country_iso":"NER"},{"h3index":"87598d789ffffff","population_2015":13892.3246358759,"total_built_mass_tons":2793867.7561548157,"city_id":2067,"country_iso":"NER"},{"h3index":"87598d78affffff","population_2015":18607.2802142125,"total_built_mass_tons":3052508.1561411116,"city_id":2067,"country_iso":"NER"},{"h3index":"87598d78bffffff","population_2015":13825.9225258397,"total_built_mass_tons":3152212.0200262512,"city_id":2067,"country_iso":"NER"},{"h3index":"87598d78cffffff","population_2015":10774.8513471641,"total_built_mass_tons":1947462.4501721011,"city_id":2067,"country_iso":"NER"},{"h3index":"87598d78dffffff","population_2015":11909.5058283787,"total_built_mass_tons":2757461.3006727677,"city_id":2067,"country_iso":"NER"},{"h3index":"87598d78effffff","population_2015":15693.5124654358,"total_built_mass_tons":2975059.5385325328,"city_id":2067,"country_iso":"NER"},{"h3index":"87598d791ffffff","population_2015":3.5095718085,"total_built_mass_tons":7468.4675502644,"city_id":2067,"country_iso":"NER"},{"h3index":"87598d798ffffff","population_2015":10172.8633944642,"total_built_mass_tons":1288030.9311364561,"city_id":2067,"country_iso":"NER"},{"h3index":"87598d799ffffff","population_2015":9292.4056387658,"total_built_mass_tons":1185226.487735511,"city_id":2067,"country_iso":"NER"},{"h3index":"87598d79affffff","population_2015":124.9455211265,"total_built_mass_tons":14253.9072371657,"city_id":2067,"country_iso":"NER"},{"h3index":"87598d79bffffff","population_2015":11961.7227250342,"total_built_mass_tons":1722295.7757992777,"city_id":2067,"country_iso":"NER"},{"h3index":"87598d79cffffff","population_2015":4887.7447858324,"total_built_mass_tons":716449.3476949068,"city_id":2067,"country_iso":"NER"},{"h3index":"87598d79dffffff","population_2015":11347.8697015351,"total_built_mass_tons":1707771.2695789861,"city_id":2067,"country_iso":"NER"},{"h3index":"87598d7a8ffffff","population_2015":629.848953924,"total_built_mass_tons":135096.492943011,"city_id":2067,"country_iso":"NER"},{"h3index":"87598d7a9ffffff","population_2015":4154.0947616521,"total_built_mass_tons":1042525.510307,"city_id":2067,"country_iso":"NER"},{"h3index":"87598d7aaffffff","population_2015":428.5032862794,"total_built_mass_tons":70925.3365271781,"city_id":2067,"country_iso":"NER"},{"h3index":"87598d7abffffff","population_2015":9591.0266639485,"total_built_mass_tons":1754863.233661206,"city_id":2067,"country_iso":"NER"}]