[{"h3index":"8731b6a10ffffff","population_2015":7523.7283465759,"total_built_mass_tons":1893103.3433035584,"city_id":10275,"country_iso":"CHN"},{"h3index":"8731b6a11ffffff","population_2015":2451.925596902,"total_built_mass_tons":1117562.0933512151,"city_id":10275,"country_iso":"CHN"},{"h3index":"8731b6a13ffffff","population_2015":16.2731531957,"total_built_mass_tons":17536.9130437602,"city_id":10275,"country_iso":"CHN"},{"h3index":"8731b6a14ffffff","population_2015":3874.5984159544,"total_built_mass_tons":1197401.470221326,"city_id":10275,"country_iso":"CHN"},{"h3index":"8731b6a15ffffff","population_2015":13.7376847267,"total_built_mass_tons":16617.2307488031,"city_id":10275,"country_iso":"CHN"},{"h3index":"8731b6a16ffffff","population_2015":9695.9018679488,"total_built_mass_tons":1656698.9047959018,"city_id":10275,"country_iso":"CHN"},{"h3index":"8731b6a1cffffff","population_2015":298.52095506,"total_built_mass_tons":355736.9287350939,"city_id":10275,"country_iso":"CHN"},{"h3index":"8731b6a1effffff","population_2015":195.114467835,"total_built_mass_tons":307468.2962340475,"city_id":10275,"country_iso":"CHN"},{"h3index":"8731b6b89ffffff","population_2015":474.5304828476,"total_built_mass_tons":414970.865155892,"city_id":10275,"country_iso":"CHN"},{"h3index":"8731b6b8bffffff","population_2015":418.4333452374,"total_built_mass_tons":120936.3932429823,"city_id":10275,"country_iso":"CHN"}]