[{"h3index":"873cc5802ffffff","population_2015":5024.7333375519,"total_built_mass_tons":960128.3242390516,"city_id":10021,"country_iso":"IND"},{"h3index":"873cc5806ffffff","population_2015":252.0496123968,"total_built_mass_tons":81934.9036729735,"city_id":10021,"country_iso":"IND"},{"h3index":"873cc5811ffffff","population_2015":111.7543279012,"total_built_mass_tons":103259.6497425183,"city_id":10021,"country_iso":"IND"},{"h3index":"873cc5815ffffff","population_2015":473.5398535785,"total_built_mass_tons":303793.3978583448,"city_id":10021,"country_iso":"IND"},{"h3index":"873cc5818ffffff","population_2015":17.6103057861,"total_built_mass_tons":10482.1692314714,"city_id":10021,"country_iso":"IND"},{"h3index":"873cc598dffffff","population_2015":5.4447320676,"total_built_mass_tons":26853.3465116487,"city_id":10021,"country_iso":"IND"}]