[{"h3index":"8740f2628ffffff","population_2015":36.511941648,"total_built_mass_tons":32286.5049615287,"city_id":10378,"country_iso":"CHN"},{"h3index":"8740f2629ffffff","population_2015":88.513657151,"total_built_mass_tons":32828.7817734906,"city_id":10378,"country_iso":"CHN"},{"h3index":"8740f262dffffff","population_2015":5770.7264054336,"total_built_mass_tons":1601206.6479364894,"city_id":10378,"country_iso":"CHN"},{"h3index":"8740f2742ffffff","population_2015":532.0667165878,"total_built_mass_tons":398837.0250781929,"city_id":10378,"country_iso":"CHN"},{"h3index":"8740f2743ffffff","population_2015":941.7231073782,"total_built_mass_tons":942566.9229636712,"city_id":10378,"country_iso":"CHN"},{"h3index":"8740f2750ffffff","population_2015":586.8380007641,"total_built_mass_tons":303790.2867096589,"city_id":10378,"country_iso":"CHN"},{"h3index":"8740f2751ffffff","population_2015":3966.192524809,"total_built_mass_tons":772207.653779042,"city_id":10378,"country_iso":"CHN"},{"h3index":"8740f2752ffffff","population_2015":273.3531701266,"total_built_mass_tons":330882.1012795692,"city_id":10378,"country_iso":"CHN"},{"h3index":"8740f2753ffffff","population_2015":3478.8127999278,"total_built_mass_tons":1078747.7476142859,"city_id":10378,"country_iso":"CHN"},{"h3index":"8740f2758ffffff","population_2015":7764.7107867877,"total_built_mass_tons":1724029.561111812,"city_id":10378,"country_iso":"CHN"},{"h3index":"8740f2759ffffff","population_2015":549.60318194,"total_built_mass_tons":139357.076093758,"city_id":10378,"country_iso":"CHN"},{"h3index":"8740f275affffff","population_2015":3193.4068825236,"total_built_mass_tons":887589.9100678146,"city_id":10378,"country_iso":"CHN"},{"h3index":"8740f275cffffff","population_2015":7915.194554644,"total_built_mass_tons":3724424.4711002056,"city_id":10378,"country_iso":"CHN"},{"h3index":"8740f275dffffff","population_2015":881.0875048637,"total_built_mass_tons":741265.5235371452,"city_id":10378,"country_iso":"CHN"},{"h3index":"8740f275effffff","population_2015":26293.6621546764,"total_built_mass_tons":4485632.7279676497,"city_id":10378,"country_iso":"CHN"}]