[{"h3index":"87649b610ffffff","population_2015":327.5842157626,"total_built_mass_tons":58906.0473725814,"city_id":10158,"country_iso":"MMR"},{"h3index":"87649b612ffffff","population_2015":10.3605003357,"total_built_mass_tons":33130.9543390256,"city_id":10158,"country_iso":"MMR"},{"h3index":"87649b614ffffff","population_2015":35.7874145732,"total_built_mass_tons":22585.7624746995,"city_id":10158,"country_iso":"MMR"},{"h3index":"87649b616ffffff","population_2015":805.0466774333,"total_built_mass_tons":209095.8884398883,"city_id":10158,"country_iso":"MMR"},{"h3index":"87649b6a5ffffff","population_2015":276.1101491049,"total_built_mass_tons":101050.910435176,"city_id":10158,"country_iso":"MMR"},{"h3index":"87649b78bffffff","population_2015":19.2835984211,"total_built_mass_tons":9296.3009729085,"city_id":10158,"country_iso":"MMR"}]