[{"h3index": "873c9c044ffffff", "population_2015": 5.13850368050968, "total_built_mass_tons": 3732.5159183839614, "city_id": 9345, "country_iso": "IND"}, {"h3index": "873c9c060ffffff", "population_2015": 95796.70221913654, "total_built_mass_tons": 3002727.321265922, "city_id": 9345, "country_iso": "IND"}, {"h3index": "873c9c061ffffff", "population_2015": 43798.54119201361, "total_built_mass_tons": 2407571.3624285203, "city_id": 9345, "country_iso": "IND"}, {"h3index": "873c9c062ffffff", "population_2015": 1825.6454906463623, "total_built_mass_tons": 122391.45151453148, "city_id": 9345, "country_iso": "IND"}, {"h3index": "873c9c063ffffff", "population_2015": 5253.334956098071, "total_built_mass_tons": 477049.3255346125, "city_id": 9345, "country_iso": "IND"}, {"h3index": "873c9c064ffffff", "population_2015": 59748.935867145, "total_built_mass_tons": 1952680.510639533, "city_id": 9345, "country_iso": "IND"}, {"h3index": "873c9c065ffffff", "population_2015": 48109.730177165, "total_built_mass_tons": 1415490.920462425, "city_id": 9345, "country_iso": "IND"}, {"h3index": "873c9c066ffffff", "population_2015": 310.6897346272188, "total_built_mass_tons": 57369.15880406735, "city_id": 9345, "country_iso": "IND"}, {"h3index": "873c9c068ffffff", "population_2015": 29.552338001774803, "total_built_mass_tons": 12644.833598544512, "city_id": 9345, "country_iso": "IND"}, {"h3index": "873c9c06cffffff", "population_2015": 1031.268848508947, "total_built_mass_tons": 351626.668600621, "city_id": 9345, "country_iso": "IND"}, {"h3index": "873c9c06dffffff", "population_2015": 30.844874729829673, "total_built_mass_tons": 6682.917028853694, "city_id": 9345, "country_iso": "IND"}, {"h3index": "873c9c06effffff", "population_2015": 1621.0055574230116, "total_built_mass_tons": 287583.6249169954, "city_id": 9345, "country_iso": "IND"}, {"h3index": "873c9c071ffffff", "population_2015": 410.6173015931073, "total_built_mass_tons": 143400.33774143667, "city_id": 9345, "country_iso": "IND"}, {"h3index": "873c9c073ffffff", "population_2015": 31.172240676131903, "total_built_mass_tons": 21975.488519755778, "city_id": 9345, "country_iso": "IND"}, {"h3index": "873c9c14affffff", "population_2015": 79.33687593048694, "total_built_mass_tons": 4721.879945005843, "city_id": 9345, "country_iso": "IND"}, {"h3index": "873c9c14bffffff", "population_2015": 87.6264419555664, "total_built_mass_tons": 17784.98973071681, "city_id": 9345, "country_iso": "IND"}, {"h3index": "873c9c159ffffff", "population_2015": 44.357343673706055, "total_built_mass_tons": 18642.895340700274, "city_id": 9345, "country_iso": "IND"}, {"h3index": "873c9ca92ffffff", "population_2015": 403.1063594743317, "total_built_mass_tons": 45917.60137357513, "city_id": 9345, "country_iso": "IND"}]