[{"h3index": "872d53203ffffff", "population_2015": 3196.2871924811716, "total_built_mass_tons": 948720.862840484, "city_id": 4625, "country_iso": "RUS"}, {"h3index": "872d5320affffff", "population_2015": 721.2308723393609, "total_built_mass_tons": 208500.5710469709, "city_id": 4625, "country_iso": "RUS"}, {"h3index": "872d5320effffff", "population_2015": 3240.769877454346, "total_built_mass_tons": 840132.9918076835, "city_id": 4625, "country_iso": "RUS"}, {"h3index": "872d53218ffffff", "population_2015": 705.2956050536212, "total_built_mass_tons": 271169.2102745728, "city_id": 4625, "country_iso": "RUS"}, {"h3index": "872d53219ffffff", "population_2015": 14425.231223730952, "total_built_mass_tons": 3124272.3218376846, "city_id": 4625, "country_iso": "RUS"}, {"h3index": "872d5321bffffff", "population_2015": 4558.264576420129, "total_built_mass_tons": 1177799.9945470495, "city_id": 4625, "country_iso": "RUS"}, {"h3index": "872d5321dffffff", "population_2015": 9718.829219780711, "total_built_mass_tons": 2379821.7818124765, "city_id": 4625, "country_iso": "RUS"}, {"h3index": "872d532c4ffffff", "population_2015": 9246.755231518842, "total_built_mass_tons": 2447851.991084852, "city_id": 4625, "country_iso": "RUS"}, {"h3index": "872d532c5ffffff", "population_2015": 775.4421102467704, "total_built_mass_tons": 570472.7144926621, "city_id": 4625, "country_iso": "RUS"}, {"h3index": "872d532e0ffffff", "population_2015": 5622.969389070248, "total_built_mass_tons": 1063797.9704580423, "city_id": 4625, "country_iso": "RUS"}, {"h3index": "872d532e2ffffff", "population_2015": 21791.676887867496, "total_built_mass_tons": 4369695.784049055, "city_id": 4625, "country_iso": "RUS"}, {"h3index": "872d532e3ffffff", "population_2015": 685.5051791826885, "total_built_mass_tons": 227804.525314826, "city_id": 4625, "country_iso": "RUS"}, {"h3index": "872d532e4ffffff", "population_2015": 12534.82392090068, "total_built_mass_tons": 2989007.481573345, "city_id": 4625, "country_iso": "RUS"}, {"h3index": "872d532e5ffffff", "population_2015": 552.9948544146969, "total_built_mass_tons": 240843.22619710583, "city_id": 4625, "country_iso": "RUS"}, {"h3index": "872d532e6ffffff", "population_2015": 24261.402510340067, "total_built_mass_tons": 5690871.1906519495, "city_id": 4625, "country_iso": "RUS"}, {"h3index": "872d532f0ffffff", "population_2015": 105.53311422572418, "total_built_mass_tons": 55986.035067269855, "city_id": 4625, "country_iso": "RUS"}, {"h3index": "872d532f1ffffff", "population_2015": 9317.07381197612, "total_built_mass_tons": 1867198.5453326025, "city_id": 4625, "country_iso": "RUS"}, {"h3index": "872d532f5ffffff", "population_2015": 8760.18102025331, "total_built_mass_tons": 3032296.453613061, "city_id": 4625, "country_iso": "RUS"}]