[{"h3index": "871f98308ffffff", "population_2015": 378.6278885764234, "total_built_mass_tons": 59512.6741409959, "city_id": 2504, "country_iso": "ITA"}, {"h3index": "871f98309ffffff", "population_2015": 28603.976968330135, "total_built_mass_tons": 5305056.721755771, "city_id": 2504, "country_iso": "ITA"}, {"h3index": "871f9830bffffff", "population_2015": 709.6357873620065, "total_built_mass_tons": 181134.48120867572, "city_id": 2504, "country_iso": "ITA"}, {"h3index": "871f9830dffffff", "population_2015": 7482.414097996439, "total_built_mass_tons": 2118880.582969386, "city_id": 2504, "country_iso": "ITA"}, {"h3index": "871f98354ffffff", "population_2015": 8911.977457188857, "total_built_mass_tons": 2149702.403481382, "city_id": 2504, "country_iso": "ITA"}, {"h3index": "871f98356ffffff", "population_2015": 766.8935090539502, "total_built_mass_tons": 160772.06499044187, "city_id": 2504, "country_iso": "ITA"}, {"h3index": "871f98370ffffff", "population_2015": 701.8648287001267, "total_built_mass_tons": 223967.13546466263, "city_id": 2504, "country_iso": "ITA"}, {"h3index": "871f98372ffffff", "population_2015": 19984.19987989772, "total_built_mass_tons": 7714321.709169441, "city_id": 2504, "country_iso": "ITA"}, {"h3index": "871f98373ffffff", "population_2015": 2217.091224311497, "total_built_mass_tons": 901316.4148366096, "city_id": 2504, "country_iso": "ITA"}, {"h3index": "871f98374ffffff", "population_2015": 2.7350461062263043, "total_built_mass_tons": 1258.9358430799937, "city_id": 2504, "country_iso": "ITA"}, {"h3index": "871f98376ffffff", "population_2015": 4027.721760661344, "total_built_mass_tons": 922749.2354709466, "city_id": 2504, "country_iso": "ITA"}]