[{"h3index":"87648d934ffffff","population_2015":26.879414723,"total_built_mass_tons":10047.6117178829,"city_id":10216,"country_iso":"MMR"},{"h3index":"8764ab298ffffff","population_2015":72.7940233586,"total_built_mass_tons":37793.1407626481,"city_id":10216,"country_iso":"MMR"},{"h3index":"8764ab29affffff","population_2015":3068.619346772,"total_built_mass_tons":868662.5850806589,"city_id":10216,"country_iso":"MMR"},{"h3index":"8764ab29bffffff","population_2015":272.7949171627,"total_built_mass_tons":149089.8474756636,"city_id":10216,"country_iso":"MMR"},{"h3index":"8764ab669ffffff","population_2015":53.366279976,"total_built_mass_tons":6455.318168499,"city_id":10216,"country_iso":"MMR"}]