[{"h3index":"87588c400ffffff","population_2015":3205.484811334,"total_built_mass_tons":909205.6358169068,"city_id":2319,"country_iso":"NGA"},{"h3index":"87588c401ffffff","population_2015":9799.1837135839,"total_built_mass_tons":1867568.5619568557,"city_id":2319,"country_iso":"NGA"},{"h3index":"87588c403ffffff","population_2015":2886.8623119579,"total_built_mass_tons":653752.2218837944,"city_id":2319,"country_iso":"NGA"},{"h3index":"87588c404ffffff","population_2015":2672.6137151008,"total_built_mass_tons":581788.5943855025,"city_id":2319,"country_iso":"NGA"},{"h3index":"87588c405ffffff","population_2015":11151.7388293397,"total_built_mass_tons":2283421.5033857841,"city_id":2319,"country_iso":"NGA"},{"h3index":"87588c40cffffff","population_2015":2535.9753501443,"total_built_mass_tons":399037.4288306482,"city_id":2319,"country_iso":"NGA"},{"h3index":"87588c40dffffff","population_2015":1335.6952994926,"total_built_mass_tons":261705.3149470504,"city_id":2319,"country_iso":"NGA"},{"h3index":"87588c40effffff","population_2015":903.9948597553,"total_built_mass_tons":229480.1911658845,"city_id":2319,"country_iso":"NGA"},{"h3index":"87588c41cffffff","population_2015":335.4001209745,"total_built_mass_tons":55997.3503712136,"city_id":2319,"country_iso":"NGA"},{"h3index":"87588c41dffffff","population_2015":190.3926423578,"total_built_mass_tons":37664.0316492935,"city_id":2319,"country_iso":"NGA"},{"h3index":"87588c421ffffff","population_2015":2389.5740622726,"total_built_mass_tons":1008228.8968256124,"city_id":2319,"country_iso":"NGA"},{"h3index":"87588c423ffffff","population_2015":2394.8550095726,"total_built_mass_tons":484617.5046323664,"city_id":2319,"country_iso":"NGA"},{"h3index":"87588c428ffffff","population_2015":7360.9890821644,"total_built_mass_tons":1244400.8160666537,"city_id":2319,"country_iso":"NGA"},{"h3index":"87588c429ffffff","population_2015":525.6296276167,"total_built_mass_tons":169256.9680776523,"city_id":2319,"country_iso":"NGA"},{"h3index":"87588c42affffff","population_2015":16205.3660001269,"total_built_mass_tons":2439617.0205437662,"city_id":2319,"country_iso":"NGA"},{"h3index":"87588c42bffffff","population_2015":1709.7435176176,"total_built_mass_tons":321557.1220343137,"city_id":2319,"country_iso":"NGA"},{"h3index":"87588c42cffffff","population_2015":10350.866805589,"total_built_mass_tons":2268580.2579019004,"city_id":2319,"country_iso":"NGA"},{"h3index":"87588c42dffffff","population_2015":8573.2209675097,"total_built_mass_tons":1472031.6217094285,"city_id":2319,"country_iso":"NGA"},{"h3index":"87588c42effffff","population_2015":13468.361801959,"total_built_mass_tons":2066732.0991845392,"city_id":2319,"country_iso":"NGA"},{"h3index":"87588c472ffffff","population_2015":251.3183388205,"total_built_mass_tons":45136.4929943074,"city_id":2319,"country_iso":"NGA"},{"h3index":"87588c476ffffff","population_2015":498.2938350304,"total_built_mass_tons":68141.2108655061,"city_id":2319,"country_iso":"NGA"},{"h3index":"87588c552ffffff","population_2015":786.107870618,"total_built_mass_tons":351417.7336289068,"city_id":2319,"country_iso":"NGA"},{"h3index":"87588c553ffffff","population_2015":2396.6953828251,"total_built_mass_tons":1041266.2777075116,"city_id":2319,"country_iso":"NGA"},{"h3index":"87588c55affffff","population_2015":229.880211991,"total_built_mass_tons":62720.4169816789,"city_id":2319,"country_iso":"NGA"},{"h3index":"87588c55effffff","population_2015":388.6587155772,"total_built_mass_tons":152996.2639997311,"city_id":2319,"country_iso":"NGA"}]