[{"h3index": "87a8a3c01ffffff", "population_2015": 8240.457848604989, "total_built_mass_tons": 640123.3962718886, "city_id": 1368, "country_iso": "BRA"}, {"h3index": "87a8a3c03ffffff", "population_2015": 27.493022282918293, "total_built_mass_tons": 3425.0565501133647, "city_id": 1368, "country_iso": "BRA"}, {"h3index": "87a8a3c08ffffff", "population_2015": 5757.033770411624, "total_built_mass_tons": 643985.4529194601, "city_id": 1368, "country_iso": "BRA"}, {"h3index": "87a8a3c09ffffff", "population_2015": 4660.450994637434, "total_built_mass_tons": 417791.9252063135, "city_id": 1368, "country_iso": "BRA"}, {"h3index": "87a8a3c0affffff", "population_2015": 9911.39562401865, "total_built_mass_tons": 765597.2529608202, "city_id": 1368, "country_iso": "BRA"}, {"h3index": "87a8a3c0bffffff", "population_2015": 2840.461855688282, "total_built_mass_tons": 192289.71670652172, "city_id": 1368, "country_iso": "BRA"}, {"h3index": "87a8a3c0cffffff", "population_2015": 13828.830334333345, "total_built_mass_tons": 1298516.0697711953, "city_id": 1368, "country_iso": "BRA"}, {"h3index": "87a8a3c0dffffff", "population_2015": 4736.331239920035, "total_built_mass_tons": 783358.6354597467, "city_id": 1368, "country_iso": "BRA"}, {"h3index": "87a8a3c0effffff", "population_2015": 10295.998226234024, "total_built_mass_tons": 1124738.7801396612, "city_id": 1368, "country_iso": "BRA"}, {"h3index": "87a8a3c19ffffff", "population_2015": 8611.594203060748, "total_built_mass_tons": 674129.5071098498, "city_id": 1368, "country_iso": "BRA"}, {"h3index": "87a8a3c1dffffff", "population_2015": 1574.4749284557265, "total_built_mass_tons": 156918.26140204002, "city_id": 1368, "country_iso": "BRA"}, {"h3index": "87a8a3c28ffffff", "population_2015": 557.1199567850897, "total_built_mass_tons": 69216.52204822292, "city_id": 1368, "country_iso": "BRA"}, {"h3index": "87a8a3c29ffffff", "population_2015": 940.5816610859893, "total_built_mass_tons": 94122.16230327488, "city_id": 1368, "country_iso": "BRA"}, {"h3index": "87a8a3c2affffff", "population_2015": 4490.813785945667, "total_built_mass_tons": 351735.047230312, "city_id": 1368, "country_iso": "BRA"}, {"h3index": "87a8a3c2bffffff", "population_2015": 9166.945581687669, "total_built_mass_tons": 962575.603102169, "city_id": 1368, "country_iso": "BRA"}, {"h3index": "87a8a3c72ffffff", "population_2015": 954.1567033590056, "total_built_mass_tons": 278415.36296101985, "city_id": 1368, "country_iso": "BRA"}, {"h3index": "87a8a3c76ffffff", "population_2015": 3065.1126201594575, "total_built_mass_tons": 446502.4746570401, "city_id": 1368, "country_iso": "BRA"}, {"h3index": "87a8a3ce0ffffff", "population_2015": 1258.7149195811328, "total_built_mass_tons": 147018.7958774463, "city_id": 1368, "country_iso": "BRA"}, {"h3index": "87a8a3ce2ffffff", "population_2015": 2176.501625243355, "total_built_mass_tons": 269463.14876012935, "city_id": 1368, "country_iso": "BRA"}, {"h3index": "87a8a3ce4ffffff", "population_2015": 4204.760441873588, "total_built_mass_tons": 357419.64740898105, "city_id": 1368, "country_iso": "BRA"}, {"h3index": "87a8a3ce6ffffff", "population_2015": 5055.489255931797, "total_built_mass_tons": 536849.6283735274, "city_id": 1368, "country_iso": "BRA"}]