[{"h3index":"8766e0580ffffff","population_2015":530.4457388485,"total_built_mass_tons":148968.099424453,"city_id":589,"country_iso":"COL"},{"h3index":"8766e0582ffffff","population_2015":2325.5077914219,"total_built_mass_tons":435887.5989807752,"city_id":589,"country_iso":"COL"},{"h3index":"8766e0584ffffff","population_2015":4.3536787594,"total_built_mass_tons":4720.2285345737,"city_id":589,"country_iso":"COL"},{"h3index":"8766e0586ffffff","population_2015":4174.4606956332,"total_built_mass_tons":706704.6249014739,"city_id":589,"country_iso":"COL"},{"h3index":"8766e0595ffffff","population_2015":2375.999377419,"total_built_mass_tons":357768.5719335013,"city_id":589,"country_iso":"COL"}]