[{"h3index":"877525012ffffff","population_2015":319.8746046403,"total_built_mass_tons":127389.6758936466,"city_id":1866,"country_iso":"GHA"},{"h3index":"87752501affffff","population_2015":1784.1598254409,"total_built_mass_tons":434914.4742828099,"city_id":1866,"country_iso":"GHA"},{"h3index":"87752501bffffff","population_2015":290.4014768152,"total_built_mass_tons":150536.0728873089,"city_id":1866,"country_iso":"GHA"},{"h3index":"87752501effffff","population_2015":32.0780535604,"total_built_mass_tons":6292.6197738245,"city_id":1866,"country_iso":"GHA"},{"h3index":"877525080ffffff","population_2015":13.8333734662,"total_built_mass_tons":3430.3416237814,"city_id":1866,"country_iso":"GHA"},{"h3index":"877525081ffffff","population_2015":1421.6261355531,"total_built_mass_tons":487069.7522686992,"city_id":1866,"country_iso":"GHA"},{"h3index":"877525085ffffff","population_2015":1911.7048401552,"total_built_mass_tons":563297.4701789764,"city_id":1866,"country_iso":"GHA"},{"h3index":"877525088ffffff","population_2015":257.6660515767,"total_built_mass_tons":141002.8063741863,"city_id":1866,"country_iso":"GHA"},{"h3index":"87752508cffffff","population_2015":3293.6092871647,"total_built_mass_tons":967625.207884711,"city_id":1866,"country_iso":"GHA"},{"h3index":"87752508dffffff","population_2015":2630.4339425854,"total_built_mass_tons":891157.2253803214,"city_id":1866,"country_iso":"GHA"},{"h3index":"87752508effffff","population_2015":319.1464268853,"total_built_mass_tons":151938.9532154793,"city_id":1866,"country_iso":"GHA"},{"h3index":"8775250a0ffffff","population_2015":1479.5071771883,"total_built_mass_tons":351493.7351809009,"city_id":1866,"country_iso":"GHA"},{"h3index":"8775250a1ffffff","population_2015":2979.7299349317,"total_built_mass_tons":777083.4784946935,"city_id":1866,"country_iso":"GHA"},{"h3index":"8775250a2ffffff","population_2015":283.8757770688,"total_built_mass_tons":44097.4047951536,"city_id":1866,"country_iso":"GHA"},{"h3index":"8775250a3ffffff","population_2015":2995.1979952719,"total_built_mass_tons":620104.3654292995,"city_id":1866,"country_iso":"GHA"},{"h3index":"8775250a5ffffff","population_2015":201.9989506217,"total_built_mass_tons":49932.6071097633,"city_id":1866,"country_iso":"GHA"},{"h3index":"8775250a6ffffff","population_2015":2.6864451689,"total_built_mass_tons":493.2034609256,"city_id":1866,"country_iso":"GHA"},{"h3index":"8775250a8ffffff","population_2015":12962.5224878498,"total_built_mass_tons":2565591.5819914318,"city_id":1866,"country_iso":"GHA"},{"h3index":"8775250a9ffffff","population_2015":9218.6061743792,"total_built_mass_tons":2154528.4949096502,"city_id":1866,"country_iso":"GHA"},{"h3index":"8775250aaffffff","population_2015":2141.3660461351,"total_built_mass_tons":582178.4691834497,"city_id":1866,"country_iso":"GHA"},{"h3index":"8775250abffffff","population_2015":11403.9157523286,"total_built_mass_tons":2823775.999877607,"city_id":1866,"country_iso":"GHA"},{"h3index":"8775250acffffff","population_2015":4269.5584231657,"total_built_mass_tons":1170006.4525918164,"city_id":1866,"country_iso":"GHA"},{"h3index":"8775250adffffff","population_2015":3970.1392709246,"total_built_mass_tons":854574.0166841692,"city_id":1866,"country_iso":"GHA"},{"h3index":"8775250aeffffff","population_2015":5077.9844562381,"total_built_mass_tons":1273831.8045202433,"city_id":1866,"country_iso":"GHA"},{"h3index":"8775250f4ffffff","population_2015":1638.5250200608,"total_built_mass_tons":287834.856649833,"city_id":1866,"country_iso":"GHA"},{"h3index":"8775250f6ffffff","population_2015":1854.1335344726,"total_built_mass_tons":496288.1690544382,"city_id":1866,"country_iso":"GHA"}]