[{"h3index": "8758c5a84ffffff", "population_2015": 160.5338126668743, "total_built_mass_tons": 110154.30799941187, "city_id": 2948, "country_iso": "NGA"}, {"h3index": "8758c5aa2ffffff", "population_2015": 6500.814560609706, "total_built_mass_tons": 1006891.609141538, "city_id": 2948, "country_iso": "NGA"}, {"h3index": "8758c5aa6ffffff", "population_2015": 6218.124168927062, "total_built_mass_tons": 1158893.515767919, "city_id": 2948, "country_iso": "NGA"}, {"h3index": "8758c5ab0ffffff", "population_2015": 1112.241388096529, "total_built_mass_tons": 670507.1350841932, "city_id": 2948, "country_iso": "NGA"}, {"h3index": "8758c5ab1ffffff", "population_2015": 3139.821585924486, "total_built_mass_tons": 1939308.6717733624, "city_id": 2948, "country_iso": "NGA"}, {"h3index": "8758c5ab4ffffff", "population_2015": 2328.0062648922785, "total_built_mass_tons": 1451466.385532047, "city_id": 2948, "country_iso": "NGA"}, {"h3index": "8758c5ab5ffffff", "population_2015": 9173.93103841894, "total_built_mass_tons": 2728170.308959078, "city_id": 2948, "country_iso": "NGA"}, {"h3index": "8758c5b98ffffff", "population_2015": 12253.52671125076, "total_built_mass_tons": 1881397.2161932995, "city_id": 2948, "country_iso": "NGA"}, {"h3index": "8758c5b99ffffff", "population_2015": 202.70722743763645, "total_built_mass_tons": 145939.18757469946, "city_id": 2948, "country_iso": "NGA"}, {"h3index": "8758c5b9affffff", "population_2015": 2734.434802401299, "total_built_mass_tons": 780945.6588302143, "city_id": 2948, "country_iso": "NGA"}, {"h3index": "8758c5b9bffffff", "population_2015": 9550.591207874526, "total_built_mass_tons": 1581847.5773773096, "city_id": 2948, "country_iso": "NGA"}, {"h3index": "8758c5b9cffffff", "population_2015": 3513.794839260625, "total_built_mass_tons": 668447.188862008, "city_id": 2948, "country_iso": "NGA"}, {"h3index": "8758c5b9dffffff", "population_2015": 1645.3743216346293, "total_built_mass_tons": 321707.9282013346, "city_id": 2948, "country_iso": "NGA"}, {"h3index": "8758c5b9effffff", "population_2015": 2572.5130988064934, "total_built_mass_tons": 828493.3029952531, "city_id": 2948, "country_iso": "NGA"}]