[{"h3index": "8740a0094ffffff", "population_2015": 3421.072052260006, "total_built_mass_tons": 350749.0887170648, "city_id": 11359, "country_iso": "CHN"}, {"h3index": "8740a0096ffffff", "population_2015": 4182.240062522888, "total_built_mass_tons": 994107.888904706, "city_id": 11359, "country_iso": "CHN"}, {"h3index": "8740a00b2ffffff", "population_2015": 80.04834978627223, "total_built_mass_tons": 25795.32456959676, "city_id": 11359, "country_iso": "CHN"}, {"h3index": "8740a0464ffffff", "population_2015": 254.5546344158696, "total_built_mass_tons": 83751.02598365478, "city_id": 11359, "country_iso": "CHN"}, {"h3index": "8740a0548ffffff", "population_2015": 15429.81716889213, "total_built_mass_tons": 5409349.214235658, "city_id": 11359, "country_iso": "CHN"}, {"h3index": "8740a0549ffffff", "population_2015": 46065.02336113966, "total_built_mass_tons": 4752419.955664383, "city_id": 11359, "country_iso": "CHN"}, {"h3index": "8740a054affffff", "population_2015": 1101.514230745914, "total_built_mass_tons": 513135.8787145424, "city_id": 11359, "country_iso": "CHN"}, {"h3index": "8740a054bffffff", "population_2015": 12548.765044131002, "total_built_mass_tons": 1712462.5009313603, "city_id": 11359, "country_iso": "CHN"}, {"h3index": "8740a054dffffff", "population_2015": 167.56138228470203, "total_built_mass_tons": 736801.1652303385, "city_id": 11359, "country_iso": "CHN"}, {"h3index": "8740a054effffff", "population_2015": 839.2718052518132, "total_built_mass_tons": 1060265.0596149585, "city_id": 11359, "country_iso": "CHN"}]