[{"h3index":"87195104bffffff","population_2015":123.8099041245,"total_built_mass_tons":1247755.5393522971,"city_id":1759,"country_iso":"GBR"},{"h3index":"871951302ffffff","population_2015":30.9968648007,"total_built_mass_tons":86524.4984070404,"city_id":1759,"country_iso":"GBR"},{"h3index":"871951306ffffff","population_2015":1942.0292616638,"total_built_mass_tons":439306.5280050761,"city_id":1759,"country_iso":"GBR"},{"h3index":"871951310ffffff","population_2015":2960.5657079039,"total_built_mass_tons":3290726.6791108875,"city_id":1759,"country_iso":"GBR"},{"h3index":"871951311ffffff","population_2015":36.3798501154,"total_built_mass_tons":220831.5618586157,"city_id":1759,"country_iso":"GBR"},{"h3index":"871951312ffffff","population_2015":14610.9013755076,"total_built_mass_tons":3557754.4301631521,"city_id":1759,"country_iso":"GBR"},{"h3index":"871951313ffffff","population_2015":37.2767214663,"total_built_mass_tons":56060.1510364599,"city_id":1759,"country_iso":"GBR"},{"h3index":"871951314ffffff","population_2015":10.9137023496,"total_built_mass_tons":547299.6269630502,"city_id":1759,"country_iso":"GBR"},{"h3index":"871951315ffffff","population_2015":275.2519064252,"total_built_mass_tons":4798538.3756730855,"city_id":1759,"country_iso":"GBR"},{"h3index":"871951316ffffff","population_2015":4218.0516957645,"total_built_mass_tons":2531268.1075077327,"city_id":1759,"country_iso":"GBR"},{"h3index":"8719513a0ffffff","population_2015":1089.8311509254,"total_built_mass_tons":349440.1270030675,"city_id":1759,"country_iso":"GBR"},{"h3index":"8719513a1ffffff","population_2015":5819.7817338028,"total_built_mass_tons":1526595.9830072853,"city_id":1759,"country_iso":"GBR"},{"h3index":"8719513a5ffffff","population_2015":9236.8067816947,"total_built_mass_tons":2672934.9878535657,"city_id":1759,"country_iso":"GBR"},{"h3index":"8719513acffffff","population_2015":4550.9617730806,"total_built_mass_tons":1047574.85045127,"city_id":1759,"country_iso":"GBR"}]