[{"h3index":"873cde644ffffff","population_2015":9797.4475217707,"total_built_mass_tons":1407147.8689459141,"city_id":10104,"country_iso":"MMR"},{"h3index":"873cde645ffffff","population_2015":111.4132120693,"total_built_mass_tons":59816.7408115523,"city_id":10104,"country_iso":"MMR"},{"h3index":"873cde646ffffff","population_2015":633.6517379686,"total_built_mass_tons":81558.4643369714,"city_id":10104,"country_iso":"MMR"},{"h3index":"873cde662ffffff","population_2015":221.1059458116,"total_built_mass_tons":50017.5392276351,"city_id":10104,"country_iso":"MMR"},{"h3index":"873cde663ffffff","population_2015":1242.0300236197,"total_built_mass_tons":340073.8438555633,"city_id":10104,"country_iso":"MMR"},{"h3index":"873cde671ffffff","population_2015":259.1934286679,"total_built_mass_tons":45486.9871169508,"city_id":10104,"country_iso":"MMR"}]