[{"h3index": "873190161ffffff", "population_2015": 1182.9573083316575, "total_built_mass_tons": 215261.00882473847, "city_id": 10532, "country_iso": "CHN"}, {"h3index": "873190165ffffff", "population_2015": 258.81565912284105, "total_built_mass_tons": 43985.56246942488, "city_id": 10532, "country_iso": "CHN"}, {"h3index": "87319016cffffff", "population_2015": 2519.3356452511807, "total_built_mass_tons": 941542.12538174, "city_id": 10532, "country_iso": "CHN"}, {"h3index": "87319016dffffff", "population_2015": 2526.9047663922393, "total_built_mass_tons": 752158.5607616322, "city_id": 10532, "country_iso": "CHN"}, {"h3index": "873190808ffffff", "population_2015": 416.4327867718304, "total_built_mass_tons": 1082476.904751059, "city_id": 10532, "country_iso": "CHN"}, {"h3index": "873190809ffffff", "population_2015": 4686.629942587545, "total_built_mass_tons": 2393468.2389388056, "city_id": 10532, "country_iso": "CHN"}, {"h3index": "87319080affffff", "population_2015": 676.7823320075578, "total_built_mass_tons": 1070402.8925710232, "city_id": 10532, "country_iso": "CHN"}, {"h3index": "87319080bffffff", "population_2015": 5197.307102572684, "total_built_mass_tons": 3473268.227409005, "city_id": 10532, "country_iso": "CHN"}, {"h3index": "87319080dffffff", "population_2015": 3287.0971395099873, "total_built_mass_tons": 1033981.2828781815, "city_id": 10532, "country_iso": "CHN"}, {"h3index": "873190819ffffff", "population_2015": 423.8089144860997, "total_built_mass_tons": 953267.6250895524, "city_id": 10532, "country_iso": "CHN"}, {"h3index": "873190840ffffff", "population_2015": 46081.42659407595, "total_built_mass_tons": 5971243.285346309, "city_id": 10532, "country_iso": "CHN"}, {"h3index": "873190841ffffff", "population_2015": 60278.96443767922, "total_built_mass_tons": 5351652.986331384, "city_id": 10532, "country_iso": "CHN"}, {"h3index": "873190842ffffff", "population_2015": 44087.63134801525, "total_built_mass_tons": 5523172.026787434, "city_id": 10532, "country_iso": "CHN"}, {"h3index": "873190843ffffff", "population_2015": 116515.09673874798, "total_built_mass_tons": 7833610.598479822, "city_id": 10532, "country_iso": "CHN"}, {"h3index": "873190844ffffff", "population_2015": 26292.258301854607, "total_built_mass_tons": 6958180.15408694, "city_id": 10532, "country_iso": "CHN"}, {"h3index": "873190845ffffff", "population_2015": 74469.03388151935, "total_built_mass_tons": 7664027.177232631, "city_id": 10532, "country_iso": "CHN"}, {"h3index": "873190846ffffff", "population_2015": 43778.59906614716, "total_built_mass_tons": 3739200.0227145087, "city_id": 10532, "country_iso": "CHN"}, {"h3index": "873190848ffffff", "population_2015": 14745.874853623613, "total_built_mass_tons": 3232374.968812175, "city_id": 10532, "country_iso": "CHN"}, {"h3index": "873190849ffffff", "population_2015": 7792.549743383072, "total_built_mass_tons": 1134685.3603513977, "city_id": 10532, "country_iso": "CHN"}, {"h3index": "87319084affffff", "population_2015": 47069.56898869299, "total_built_mass_tons": 6889810.093421176, "city_id": 10532, "country_iso": "CHN"}, {"h3index": "87319084bffffff", "population_2015": 2657.925386401952, "total_built_mass_tons": 3835215.066711898, "city_id": 10532, "country_iso": "CHN"}, {"h3index": "87319084cffffff", "population_2015": 16847.730460594215, "total_built_mass_tons": 2843080.128095078, "city_id": 10532, "country_iso": "CHN"}, {"h3index": "87319084dffffff", "population_2015": 3076.2038810028753, "total_built_mass_tons": 681454.6172872182, "city_id": 10532, "country_iso": "CHN"}, {"h3index": "87319084effffff", "population_2015": 112901.84658606288, "total_built_mass_tons": 6861045.563579417, "city_id": 10532, "country_iso": "CHN"}, {"h3index": "873190850ffffff", "population_2015": 72858.61063696916, "total_built_mass_tons": 6504786.098000079, "city_id": 10532, "country_iso": "CHN"}, {"h3index": "873190851ffffff", "population_2015": 104915.07258245432, "total_built_mass_tons": 7750215.060715907, "city_id": 10532, "country_iso": "CHN"}, {"h3index": "873190852ffffff", "population_2015": 35039.69813075158, "total_built_mass_tons": 3204549.1614293368, "city_id": 10532, "country_iso": "CHN"}, {"h3index": "873190853ffffff", "population_2015": 78612.57472524082, "total_built_mass_tons": 6837687.284866816, "city_id": 10532, "country_iso": "CHN"}, {"h3index": "873190854ffffff", "population_2015": 41538.04784799837, "total_built_mass_tons": 3998446.931208704, "city_id": 10532, "country_iso": "CHN"}, {"h3index": "873190855ffffff", "population_2015": 82676.47080123003, "total_built_mass_tons": 6678718.838633477, "city_id": 10532, "country_iso": "CHN"}, {"h3index": "873190856ffffff", "population_2015": 36897.43725198296, "total_built_mass_tons": 4195268.040823418, "city_id": 10532, "country_iso": "CHN"}, {"h3index": "873190858ffffff", "population_2015": 51007.74839010799, "total_built_mass_tons": 9026741.352916656, "city_id": 10532, "country_iso": "CHN"}, {"h3index": "873190859ffffff", "population_2015": 127929.34722789316, "total_built_mass_tons": 7664617.269498034, "city_id": 10532, "country_iso": "CHN"}, {"h3index": "87319085affffff", "population_2015": 22462.837451545864, "total_built_mass_tons": 4918806.394972485, "city_id": 10532, "country_iso": "CHN"}, {"h3index": "87319085bffffff", "population_2015": 52182.08956688526, "total_built_mass_tons": 8317120.528975992, "city_id": 10532, "country_iso": "CHN"}, {"h3index": "87319085cffffff", "population_2015": 71159.88686664058, "total_built_mass_tons": 8322263.529118392, "city_id": 10532, "country_iso": "CHN"}, {"h3index": "87319085dffffff", "population_2015": 130249.1550682816, "total_built_mass_tons": 10391690.955935003, "city_id": 10532, "country_iso": "CHN"}, {"h3index": "87319085effffff", "population_2015": 42565.90788566742, "total_built_mass_tons": 4278242.135286618, "city_id": 10532, "country_iso": "CHN"}, {"h3index": "873190860ffffff", "population_2015": 12297.851162536474, "total_built_mass_tons": 5250053.390296252, "city_id": 10532, "country_iso": "CHN"}, {"h3index": "873190861ffffff", "population_2015": 4410.845584606892, "total_built_mass_tons": 2992977.350571135, "city_id": 10532, "country_iso": "CHN"}, {"h3index": "873190862ffffff", "population_2015": 14634.396634670333, "total_built_mass_tons": 7986052.923825917, "city_id": 10532, "country_iso": "CHN"}, {"h3index": "873190863ffffff", "population_2015": 23936.005823318646, "total_built_mass_tons": 7144467.278105978, "city_id": 10532, "country_iso": "CHN"}, {"h3index": "873190864ffffff", "population_2015": 5356.295728176715, "total_built_mass_tons": 3142920.33052422, "city_id": 10532, "country_iso": "CHN"}, {"h3index": "873190865ffffff", "population_2015": 4429.2987813734535, "total_built_mass_tons": 2322938.399136847, "city_id": 10532, "country_iso": "CHN"}, {"h3index": "873190866ffffff", "population_2015": 6995.867103784225, "total_built_mass_tons": 2495431.477537783, "city_id": 10532, "country_iso": "CHN"}, {"h3index": "873190868ffffff", "population_2015": 1166.897138637655, "total_built_mass_tons": 102938.1601329264, "city_id": 10532, "country_iso": "CHN"}, {"h3index": "87319086affffff", "population_2015": 64384.140745588855, "total_built_mass_tons": 3569674.287105156, "city_id": 10532, "country_iso": "CHN"}, {"h3index": "87319086bffffff", "population_2015": 1476.871338302949, "total_built_mass_tons": 647001.898893025, "city_id": 10532, "country_iso": "CHN"}, {"h3index": "87319086cffffff", "population_2015": 435.60213378761335, "total_built_mass_tons": 860385.3083188902, "city_id": 10532, "country_iso": "CHN"}, {"h3index": "87319086effffff", "population_2015": 3764.547547245842, "total_built_mass_tons": 2799641.1235468616, "city_id": 10532, "country_iso": "CHN"}, {"h3index": "873190870ffffff", "population_2015": 11335.91466412918, "total_built_mass_tons": 2701111.0963044586, "city_id": 10532, "country_iso": "CHN"}, {"h3index": "873190871ffffff", "population_2015": 9925.244321402384, "total_built_mass_tons": 1985369.4133947017, "city_id": 10532, "country_iso": "CHN"}, {"h3index": "873190872ffffff", "population_2015": 6016.020200615302, "total_built_mass_tons": 2346449.3711218517, "city_id": 10532, "country_iso": "CHN"}, {"h3index": "873190873ffffff", "population_2015": 43836.69208323908, "total_built_mass_tons": 4451733.951921552, "city_id": 10532, "country_iso": "CHN"}, {"h3index": "873190874ffffff", "population_2015": 4849.450444406621, "total_built_mass_tons": 2021761.432933017, "city_id": 10532, "country_iso": "CHN"}, {"h3index": "873190875ffffff", "population_2015": 4129.697130212129, "total_built_mass_tons": 703871.6529844925, "city_id": 10532, "country_iso": "CHN"}, {"h3index": "873190876ffffff", "population_2015": 100.76374784824895, "total_built_mass_tons": 110628.1646207644, "city_id": 10532, "country_iso": "CHN"}, {"h3index": "8731908c0ffffff", "population_2015": 24.012725749670288, "total_built_mass_tons": 45101.902384681685, "city_id": 10532, "country_iso": "CHN"}, {"h3index": "8731908c1ffffff", "population_2015": 2895.879011792762, "total_built_mass_tons": 4559690.277839219, "city_id": 10532, "country_iso": "CHN"}, {"h3index": "8731908c3ffffff", "population_2015": 317.2981935903139, "total_built_mass_tons": 489526.8148891103, "city_id": 10532, "country_iso": "CHN"}, {"h3index": "8731908c5ffffff", "population_2015": 914.0059564010768, "total_built_mass_tons": 554680.8473757199, "city_id": 10532, "country_iso": "CHN"}, {"h3index": "8731908c9ffffff", "population_2015": 307.71534436076297, "total_built_mass_tons": 283432.9420232805, "city_id": 10532, "country_iso": "CHN"}, {"h3index": "8731908cbffffff", "population_2015": 425.57658117799207, "total_built_mass_tons": 284487.04582675383, "city_id": 10532, "country_iso": "CHN"}, {"h3index": "8731908ccffffff", "population_2015": 923.5590727067462, "total_built_mass_tons": 1019563.8188023184, "city_id": 10532, "country_iso": "CHN"}, {"h3index": "8731908cdffffff", "population_2015": 1173.5782433495804, "total_built_mass_tons": 1560571.646836649, "city_id": 10532, "country_iso": "CHN"}, {"h3index": "8731908ceffffff", "population_2015": 986.2471615978316, "total_built_mass_tons": 1537563.717060795, "city_id": 10532, "country_iso": "CHN"}, {"h3index": "8731908e1ffffff", "population_2015": 348.9847102429354, "total_built_mass_tons": 270727.50948494754, "city_id": 10532, "country_iso": "CHN"}, {"h3index": "8731908e3ffffff", "population_2015": 3.282590680496366, "total_built_mass_tons": 14068.120186366768, "city_id": 10532, "country_iso": "CHN"}, {"h3index": "8731908e4ffffff", "population_2015": 1227.6169387031998, "total_built_mass_tons": 2500650.2758374927, "city_id": 10532, "country_iso": "CHN"}, {"h3index": "8731908e5ffffff", "population_2015": 4583.18541713322, "total_built_mass_tons": 1756666.406780861, "city_id": 10532, "country_iso": "CHN"}, {"h3index": "8731908e6ffffff", "population_2015": 40.73252823773553, "total_built_mass_tons": 70011.65389003626, "city_id": 10532, "country_iso": "CHN"}, {"h3index": "8731908e8ffffff", "population_2015": 43768.110482824544, "total_built_mass_tons": 5707669.962709859, "city_id": 10532, "country_iso": "CHN"}, {"h3index": "8731908e9ffffff", "population_2015": 17736.05534294633, "total_built_mass_tons": 4259710.211355055, "city_id": 10532, "country_iso": "CHN"}, {"h3index": "8731908eaffffff", "population_2015": 7087.596191703573, "total_built_mass_tons": 3182083.3229007833, "city_id": 10532, "country_iso": "CHN"}, {"h3index": "8731908ebffffff", "population_2015": 7707.366481866557, "total_built_mass_tons": 3762799.8031406086, "city_id": 10532, "country_iso": "CHN"}, {"h3index": "8731908ecffffff", "population_2015": 23783.267489865724, "total_built_mass_tons": 3994659.6632080902, "city_id": 10532, "country_iso": "CHN"}, {"h3index": "8731908edffffff", "population_2015": 51813.46197420753, "total_built_mass_tons": 4670525.619425038, "city_id": 10532, "country_iso": "CHN"}, {"h3index": "8731908eeffffff", "population_2015": 13582.33577374664, "total_built_mass_tons": 2317302.4019334186, "city_id": 10532, "country_iso": "CHN"}, {"h3index": "873190948ffffff", "population_2015": 49.227111310584874, "total_built_mass_tons": 53740.28806536611, "city_id": 10532, "country_iso": "CHN"}, {"h3index": "87319094affffff", "population_2015": 4618.003351985705, "total_built_mass_tons": 4134694.487780356, "city_id": 10532, "country_iso": "CHN"}, {"h3index": "87319094bffffff", "population_2015": 247.31795397365795, "total_built_mass_tons": 197883.11409888524, "city_id": 10532, "country_iso": "CHN"}, {"h3index": "87319094effffff", "population_2015": 1282.1500607368994, "total_built_mass_tons": 1288366.0097352434, "city_id": 10532, "country_iso": "CHN"}, {"h3index": "873190959ffffff", "population_2015": 1932.9672182826432, "total_built_mass_tons": 1083443.5504160677, "city_id": 10532, "country_iso": "CHN"}, {"h3index": "87319095affffff", "population_2015": 1562.8654949206923, "total_built_mass_tons": 488691.6507983244, "city_id": 10532, "country_iso": "CHN"}, {"h3index": "87319095bffffff", "population_2015": 1326.221820029091, "total_built_mass_tons": 576067.0188264212, "city_id": 10532, "country_iso": "CHN"}, {"h3index": "87319095dffffff", "population_2015": 839.7267751628276, "total_built_mass_tons": 836497.2752628367, "city_id": 10532, "country_iso": "CHN"}, {"h3index": "873190b10ffffff", "population_2015": 1.21888329001034, "total_built_mass_tons": 12225.299514846662, "city_id": 10532, "country_iso": "CHN"}, {"h3index": "873190b12ffffff", "population_2015": 735.4036470207514, "total_built_mass_tons": 236312.9318656659, "city_id": 10532, "country_iso": "CHN"}, {"h3index": "873190b14ffffff", "population_2015": 92.61044410256778, "total_built_mass_tons": 16311.765886752, "city_id": 10532, "country_iso": "CHN"}, {"h3index": "873190b16ffffff", "population_2015": 6453.404626679304, "total_built_mass_tons": 1093456.5115736837, "city_id": 10532, "country_iso": "CHN"}, {"h3index": "873190b36ffffff", "population_2015": 6.047807612722996, "total_built_mass_tons": 53868.834994674966, "city_id": 10532, "country_iso": "CHN"}, {"h3index": "873190b80ffffff", "population_2015": 8802.429917271933, "total_built_mass_tons": 3039190.925525206, "city_id": 10532, "country_iso": "CHN"}, {"h3index": "873190b81ffffff", "population_2015": 1713.8130936211237, "total_built_mass_tons": 1033813.683616292, "city_id": 10532, "country_iso": "CHN"}, {"h3index": "873190b82ffffff", "population_2015": 6118.233763858384, "total_built_mass_tons": 1907712.136552228, "city_id": 10532, "country_iso": "CHN"}, {"h3index": "873190b83ffffff", "population_2015": 7326.784417471231, "total_built_mass_tons": 1966000.834896021, "city_id": 10532, "country_iso": "CHN"}, {"h3index": "873190b84ffffff", "population_2015": 12746.44950751978, "total_built_mass_tons": 3854702.185557392, "city_id": 10532, "country_iso": "CHN"}, {"h3index": "873190b85ffffff", "population_2015": 2319.3002783312513, "total_built_mass_tons": 1610830.3594883191, "city_id": 10532, "country_iso": "CHN"}, {"h3index": "873190b86ffffff", "population_2015": 28426.498608897717, "total_built_mass_tons": 3226808.785340567, "city_id": 10532, "country_iso": "CHN"}, {"h3index": "873190b8affffff", "population_2015": 53.176780068640625, "total_built_mass_tons": 23236.163453287183, "city_id": 10532, "country_iso": "CHN"}, {"h3index": "873190b8effffff", "population_2015": 4063.0546684152946, "total_built_mass_tons": 1716852.466603486, "city_id": 10532, "country_iso": "CHN"}, {"h3index": "873190b90ffffff", "population_2015": 22149.23592237959, "total_built_mass_tons": 4837923.012228968, "city_id": 10532, "country_iso": "CHN"}, {"h3index": "873190b91ffffff", "population_2015": 21960.786602068423, "total_built_mass_tons": 5158132.961321134, "city_id": 10532, "country_iso": "CHN"}, {"h3index": "873190b92ffffff", "population_2015": 12192.733217056126, "total_built_mass_tons": 2917107.79929767, "city_id": 10532, "country_iso": "CHN"}, {"h3index": "873190b93ffffff", "population_2015": 19242.7772012187, "total_built_mass_tons": 3518556.81285314, "city_id": 10532, "country_iso": "CHN"}, {"h3index": "873190b94ffffff", "population_2015": 15720.815764099005, "total_built_mass_tons": 2516006.5303231026, "city_id": 10532, "country_iso": "CHN"}, {"h3index": "873190b95ffffff", "population_2015": 9500.090757841224, "total_built_mass_tons": 1937928.944593364, "city_id": 10532, "country_iso": "CHN"}, {"h3index": "873190b96ffffff", "population_2015": 4589.037855918736, "total_built_mass_tons": 1507133.1164632668, "city_id": 10532, "country_iso": "CHN"}, {"h3index": "873190b9cffffff", "population_2015": 880.0814436585297, "total_built_mass_tons": 1069429.8886627676, "city_id": 10532, "country_iso": "CHN"}, {"h3index": "873190b9dffffff", "population_2015": 388.0837897286696, "total_built_mass_tons": 226252.06313102852, "city_id": 10532, "country_iso": "CHN"}, {"h3index": "873190b9effffff", "population_2015": 6924.693850842643, "total_built_mass_tons": 2172752.0102447337, "city_id": 10532, "country_iso": "CHN"}, {"h3index": "873190ba0ffffff", "population_2015": 13902.78479787228, "total_built_mass_tons": 1772876.5012396446, "city_id": 10532, "country_iso": "CHN"}, {"h3index": "873190ba1ffffff", "population_2015": 2749.6686342043035, "total_built_mass_tons": 1170373.0789782903, "city_id": 10532, "country_iso": "CHN"}, {"h3index": "873190ba2ffffff", "population_2015": 35377.6469627025, "total_built_mass_tons": 4467278.308211966, "city_id": 10532, "country_iso": "CHN"}, {"h3index": "873190ba3ffffff", "population_2015": 19783.977177690987, "total_built_mass_tons": 2776955.853615791, "city_id": 10532, "country_iso": "CHN"}, {"h3index": "873190ba4ffffff", "population_2015": 14004.686579763187, "total_built_mass_tons": 4613228.3986394685, "city_id": 10532, "country_iso": "CHN"}, {"h3index": "873190ba5ffffff", "population_2015": 12159.66727543134, "total_built_mass_tons": 1877350.8263216105, "city_id": 10532, "country_iso": "CHN"}, {"h3index": "873190ba6ffffff", "population_2015": 45002.95042433272, "total_built_mass_tons": 5900517.813235425, "city_id": 10532, "country_iso": "CHN"}, {"h3index": "873190baeffffff", "population_2015": 577.5067960598893, "total_built_mass_tons": 364943.057172524, "city_id": 10532, "country_iso": "CHN"}, {"h3index": "873190bb0ffffff", "population_2015": 130583.8346729241, "total_built_mass_tons": 6684865.102704648, "city_id": 10532, "country_iso": "CHN"}, {"h3index": "873190bb1ffffff", "population_2015": 75017.224189676, "total_built_mass_tons": 6673739.9779527215, "city_id": 10532, "country_iso": "CHN"}, {"h3index": "873190bb2ffffff", "population_2015": 12952.782096925435, "total_built_mass_tons": 3773886.191213427, "city_id": 10532, "country_iso": "CHN"}, {"h3index": "873190bb3ffffff", "population_2015": 26885.680469073508, "total_built_mass_tons": 4495998.7051082775, "city_id": 10532, "country_iso": "CHN"}, {"h3index": "873190bb4ffffff", "population_2015": 37272.632787483824, "total_built_mass_tons": 8873728.053770201, "city_id": 10532, "country_iso": "CHN"}, {"h3index": "873190bb5ffffff", "population_2015": 67903.98695462543, "total_built_mass_tons": 7064765.997728729, "city_id": 10532, "country_iso": "CHN"}, {"h3index": "873190bb6ffffff", "population_2015": 5654.728673151428, "total_built_mass_tons": 3404129.459546324, "city_id": 10532, "country_iso": "CHN"}, {"h3index": "873195490ffffff", "population_2015": 4098.741147009999, "total_built_mass_tons": 1784220.7816187087, "city_id": 10532, "country_iso": "CHN"}, {"h3index": "873195492ffffff", "population_2015": 2592.798314850821, "total_built_mass_tons": 1835794.0201167425, "city_id": 10532, "country_iso": "CHN"}, {"h3index": "873195494ffffff", "population_2015": 24.21240774416456, "total_built_mass_tons": 14119.478747368204, "city_id": 10532, "country_iso": "CHN"}, {"h3index": "873195495ffffff", "population_2015": 552.4380823953479, "total_built_mass_tons": 284486.7371173034, "city_id": 10532, "country_iso": "CHN"}, {"h3index": "873195496ffffff", "population_2015": 1014.7802112149255, "total_built_mass_tons": 1216380.693029252, "city_id": 10532, "country_iso": "CHN"}]