[{"h3index":"8740e1990ffffff","population_2015":7873.8725102107,"total_built_mass_tons":2555592.3433812233,"city_id":10359,"country_iso":"CHN"},{"h3index":"8740e1992ffffff","population_2015":17975.0181293114,"total_built_mass_tons":3965730.8022532482,"city_id":10359,"country_iso":"CHN"},{"h3index":"8740e1994ffffff","population_2015":3316.6514050615,"total_built_mass_tons":1274162.2333982035,"city_id":10359,"country_iso":"CHN"},{"h3index":"8740e1995ffffff","population_2015":1725.6122482169,"total_built_mass_tons":712052.746978338,"city_id":10359,"country_iso":"CHN"},{"h3index":"8740e1996ffffff","population_2015":5229.6192322002,"total_built_mass_tons":853291.8258636442,"city_id":10359,"country_iso":"CHN"},{"h3index":"8740e1d61ffffff","population_2015":9122.5674308739,"total_built_mass_tons":1723816.1405168651,"city_id":10359,"country_iso":"CHN"},{"h3index":"8740e1d65ffffff","population_2015":4389.865438768,"total_built_mass_tons":516735.308856247,"city_id":10359,"country_iso":"CHN"}]