[{"h3index": "878f50430ffffff", "population_2015": 1529.1660922817157, "total_built_mass_tons": 189129.8774188568, "city_id": 442, "country_iso": "PER"}, {"h3index": "878f50431ffffff", "population_2015": 206.14163025500727, "total_built_mass_tons": 34167.9132418063, "city_id": 442, "country_iso": "PER"}, {"h3index": "878f50434ffffff", "population_2015": 23140.163104973584, "total_built_mass_tons": 1895024.824049102, "city_id": 442, "country_iso": "PER"}, {"h3index": "878f50435ffffff", "population_2015": 1220.8683547076057, "total_built_mass_tons": 134241.8568025545, "city_id": 442, "country_iso": "PER"}, {"h3index": "878f50436ffffff", "population_2015": 2009.391687640022, "total_built_mass_tons": 174725.0023813304, "city_id": 442, "country_iso": "PER"}, {"h3index": "878f50513ffffff", "population_2015": 129.1988930945303, "total_built_mass_tons": 8965.78993953383, "city_id": 442, "country_iso": "PER"}, {"h3index": "878f50518ffffff", "population_2015": 2193.201599495083, "total_built_mass_tons": 278406.49061869783, "city_id": 442, "country_iso": "PER"}, {"h3index": "878f50519ffffff", "population_2015": 726.6430638388091, "total_built_mass_tons": 98649.96826931376, "city_id": 442, "country_iso": "PER"}, {"h3index": "878f5051affffff", "population_2015": 19819.027494273465, "total_built_mass_tons": 2961875.8761422243, "city_id": 442, "country_iso": "PER"}, {"h3index": "878f5051bffffff", "population_2015": 4274.484593021168, "total_built_mass_tons": 344188.9149562168, "city_id": 442, "country_iso": "PER"}, {"h3index": "878f5051cffffff", "population_2015": 125.73927321340524, "total_built_mass_tons": 20346.774542900035, "city_id": 442, "country_iso": "PER"}, {"h3index": "878f5051dffffff", "population_2015": 27.146993550599788, "total_built_mass_tons": 45066.71313759766, "city_id": 442, "country_iso": "PER"}, {"h3index": "878f5051effffff", "population_2015": 2674.820471610275, "total_built_mass_tons": 389132.9542062224, "city_id": 442, "country_iso": "PER"}, {"h3index": "878f5058cffffff", "population_2015": 2.382655405530743, "total_built_mass_tons": 2368.4061726128075, "city_id": 442, "country_iso": "PER"}, {"h3index": "878f5058dffffff", "population_2015": 20.66470440322278, "total_built_mass_tons": 6039.0756172375695, "city_id": 442, "country_iso": "PER"}, {"h3index": "878f505a8ffffff", "population_2015": 561.2049767587699, "total_built_mass_tons": 264998.5576622493, "city_id": 442, "country_iso": "PER"}, {"h3index": "878f505a9ffffff", "population_2015": 20658.776727848424, "total_built_mass_tons": 2134616.747806781, "city_id": 442, "country_iso": "PER"}, {"h3index": "878f505abffffff", "population_2015": 2050.2787628473016, "total_built_mass_tons": 440250.7258754593, "city_id": 442, "country_iso": "PER"}, {"h3index": "878f505acffffff", "population_2015": 473.5520775963279, "total_built_mass_tons": 74192.25489435611, "city_id": 442, "country_iso": "PER"}, {"h3index": "878f505adffffff", "population_2015": 11249.680225372316, "total_built_mass_tons": 1206531.8081061337, "city_id": 442, "country_iso": "PER"}]