[{"h3index":"874054448ffffff","population_2015":266.3226674164,"total_built_mass_tons":303782.4704032811,"city_id":10448,"country_iso":"CHN"},{"h3index":"874054449ffffff","population_2015":2594.9037152758,"total_built_mass_tons":614464.6835818205,"city_id":10448,"country_iso":"CHN"},{"h3index":"87405444bffffff","population_2015":18454.1780905032,"total_built_mass_tons":2287087.6189219467,"city_id":10448,"country_iso":"CHN"},{"h3index":"87405444cffffff","population_2015":47.4029377657,"total_built_mass_tons":26538.3642211633,"city_id":10448,"country_iso":"CHN"},{"h3index":"87405444effffff","population_2015":176.6010733773,"total_built_mass_tons":113501.2295209966,"city_id":10448,"country_iso":"CHN"},{"h3index":"874054716ffffff","population_2015":9897.0700790143,"total_built_mass_tons":1158794.1076921227,"city_id":10448,"country_iso":"CHN"},{"h3index":"8740547a4ffffff","population_2015":633.2705835076,"total_built_mass_tons":319310.6473756443,"city_id":10448,"country_iso":"CHN"},{"h3index":"8740547a5ffffff","population_2015":8.3417637545,"total_built_mass_tons":7746.3915843786,"city_id":10448,"country_iso":"CHN"}]