[{"h3index":"87400c236ffffff","population_2015":66.4054395489,"total_built_mass_tons":24916.3278946978,"city_id":10840,"country_iso":"CHN"},{"h3index":"87400c380ffffff","population_2015":105.853232466,"total_built_mass_tons":87748.1585315131,"city_id":10840,"country_iso":"CHN"},{"h3index":"87400c381ffffff","population_2015":11625.3577842956,"total_built_mass_tons":2198619.3666563402,"city_id":10840,"country_iso":"CHN"},{"h3index":"87400c382ffffff","population_2015":136.1972754254,"total_built_mass_tons":91361.8181445445,"city_id":10840,"country_iso":"CHN"},{"h3index":"87400c383ffffff","population_2015":7921.2745444429,"total_built_mass_tons":2126760.7470036992,"city_id":10840,"country_iso":"CHN"},{"h3index":"87400c385ffffff","population_2015":2588.6054329479,"total_built_mass_tons":857728.6986056361,"city_id":10840,"country_iso":"CHN"},{"h3index":"87400c388ffffff","population_2015":2006.2569051518,"total_built_mass_tons":635005.07983599,"city_id":10840,"country_iso":"CHN"},{"h3index":"87400c389ffffff","population_2015":282.4066667314,"total_built_mass_tons":53579.2717952664,"city_id":10840,"country_iso":"CHN"},{"h3index":"87400c38cffffff","population_2015":13337.5381925807,"total_built_mass_tons":2599472.63461906,"city_id":10840,"country_iso":"CHN"},{"h3index":"87400c38dffffff","population_2015":1012.2673394671,"total_built_mass_tons":317241.6249187789,"city_id":10840,"country_iso":"CHN"},{"h3index":"87400c38effffff","population_2015":18913.9059049382,"total_built_mass_tons":5607015.7864393629,"city_id":10840,"country_iso":"CHN"},{"h3index":"87400c39cffffff","population_2015":4.0040246085,"total_built_mass_tons":4388.4417055965,"city_id":10840,"country_iso":"CHN"},{"h3index":"87400c39dffffff","population_2015":261.5137718752,"total_built_mass_tons":141220.1337187227,"city_id":10840,"country_iso":"CHN"},{"h3index":"87400c3a8ffffff","population_2015":1256.0466925902,"total_built_mass_tons":455156.3867608014,"city_id":10840,"country_iso":"CHN"},{"h3index":"87400c3a9ffffff","population_2015":1179.5630413177,"total_built_mass_tons":375252.6131075463,"city_id":10840,"country_iso":"CHN"},{"h3index":"87400c3aaffffff","population_2015":11049.3818610322,"total_built_mass_tons":2332563.9250480481,"city_id":10840,"country_iso":"CHN"},{"h3index":"87400c3abffffff","population_2015":1630.2579787834,"total_built_mass_tons":878589.208945152,"city_id":10840,"country_iso":"CHN"},{"h3index":"87400c3aeffffff","population_2015":252.5737566752,"total_built_mass_tons":194531.6477085774,"city_id":10840,"country_iso":"CHN"}]