[{"h3index":"873c5e680ffffff","population_2015":3491.3186937631,"total_built_mass_tons":1270530.1556467479,"city_id":10074,"country_iso":"IND"},{"h3index":"873c5e681ffffff","population_2015":108.1986295999,"total_built_mass_tons":109215.149033662,"city_id":10074,"country_iso":"IND"},{"h3index":"873c5e682ffffff","population_2015":230.0440293069,"total_built_mass_tons":95921.7046054139,"city_id":10074,"country_iso":"IND"},{"h3index":"873c5e683ffffff","population_2015":17.5405392647,"total_built_mass_tons":40113.0051392714,"city_id":10074,"country_iso":"IND"},{"h3index":"873c5e684ffffff","population_2015":13723.7709626441,"total_built_mass_tons":2851213.7501035784,"city_id":10074,"country_iso":"IND"},{"h3index":"873c5e685ffffff","population_2015":3652.7519296833,"total_built_mass_tons":992553.2240979532,"city_id":10074,"country_iso":"IND"},{"h3index":"873c5e686ffffff","population_2015":8660.1371440214,"total_built_mass_tons":1996159.3555931968,"city_id":10074,"country_iso":"IND"},{"h3index":"873c5e68effffff","population_2015":35.2261715739,"total_built_mass_tons":23356.175657054,"city_id":10074,"country_iso":"IND"},{"h3index":"873c5e695ffffff","population_2015":54.7007706193,"total_built_mass_tons":28782.8446751943,"city_id":10074,"country_iso":"IND"},{"h3index":"873c5e6a3ffffff","population_2015":257.7019933439,"total_built_mass_tons":52036.3712639183,"city_id":10074,"country_iso":"IND"},{"h3index":"873c5e6b1ffffff","population_2015":4482.9885200052,"total_built_mass_tons":933360.9475120652,"city_id":10074,"country_iso":"IND"},{"h3index":"873c5e6b3ffffff","population_2015":457.2533516641,"total_built_mass_tons":148782.8470190636,"city_id":10074,"country_iso":"IND"}]