[{"h3index":"874056601ffffff","population_2015":2.1345144384,"total_built_mass_tons":2239.8586121135,"city_id":10392,"country_iso":"CHN"},{"h3index":"874056605ffffff","population_2015":0.1369546413,"total_built_mass_tons":745.53120624,"city_id":10392,"country_iso":"CHN"},{"h3index":"87405660cffffff","population_2015":606.0932602686,"total_built_mass_tons":275622.7509605957,"city_id":10392,"country_iso":"CHN"},{"h3index":"87405660dffffff","population_2015":579.0951667561,"total_built_mass_tons":117940.774591374,"city_id":10392,"country_iso":"CHN"},{"h3index":"87405662affffff","population_2015":568.6857527321,"total_built_mass_tons":156020.1951270872,"city_id":10392,"country_iso":"CHN"},{"h3index":"87405662bffffff","population_2015":6340.3393947377,"total_built_mass_tons":1748511.3741258243,"city_id":10392,"country_iso":"CHN"},{"h3index":"874056672ffffff","population_2015":36.6466114521,"total_built_mass_tons":16955.4678997273,"city_id":10392,"country_iso":"CHN"},{"h3index":"874056676ffffff","population_2015":1427.302236011,"total_built_mass_tons":204785.8541833687,"city_id":10392,"country_iso":"CHN"}]