[{"h3index":"8740d62b0ffffff","population_2015":18.6036132308,"total_built_mass_tons":12083.1782795011,"city_id":10273,"country_iso":"CHN"},{"h3index":"8740d62b2ffffff","population_2015":19.6700561047,"total_built_mass_tons":31655.1346387028,"city_id":10273,"country_iso":"CHN"},{"h3index":"8740d62b6ffffff","population_2015":265.9781040117,"total_built_mass_tons":169171.8114218366,"city_id":10273,"country_iso":"CHN"},{"h3index":"8740d674cffffff","population_2015":1090.0850380093,"total_built_mass_tons":129473.3330830822,"city_id":10273,"country_iso":"CHN"},{"h3index":"8740d674dffffff","population_2015":324.3498473588,"total_built_mass_tons":202187.9869393217,"city_id":10273,"country_iso":"CHN"},{"h3index":"8740d676affffff","population_2015":2343.7093876371,"total_built_mass_tons":603755.6178682654,"city_id":10273,"country_iso":"CHN"},{"h3index":"8740d676bffffff","population_2015":12517.3263660543,"total_built_mass_tons":2771190.3513883734,"city_id":10273,"country_iso":"CHN"}]