[{"h3index":"875413a30ffffff","population_2015":1813.9504283419,"total_built_mass_tons":1457566.9243558489,"city_id":1466,"country_iso":"SEN"},{"h3index":"875413a31ffffff","population_2015":8.9363446647,"total_built_mass_tons":22205.6763860758,"city_id":1466,"country_iso":"SEN"},{"h3index":"875413a32ffffff","population_2015":1619.9838310896,"total_built_mass_tons":1251402.8658902994,"city_id":1466,"country_iso":"SEN"},{"h3index":"875413a33ffffff","population_2015":1066.6822651714,"total_built_mass_tons":776751.1498359384,"city_id":1466,"country_iso":"SEN"},{"h3index":"875413a36ffffff","population_2015":356.5341052298,"total_built_mass_tons":232356.3964671737,"city_id":1466,"country_iso":"SEN"}]