[{"h3index":"87648c814ffffff","population_2015":338.3977930256,"total_built_mass_tons":42060.9065247783,"city_id":10261,"country_iso":"MMR"},{"h3index":"87648c822ffffff","population_2015":68.382711777,"total_built_mass_tons":11356.1542932589,"city_id":10261,"country_iso":"MMR"},{"h3index":"87648c830ffffff","population_2015":5289.9686158349,"total_built_mass_tons":896124.4677081411,"city_id":10261,"country_iso":"MMR"},{"h3index":"87648c831ffffff","population_2015":8938.1959037856,"total_built_mass_tons":920936.663694822,"city_id":10261,"country_iso":"MMR"},{"h3index":"87648c832ffffff","population_2015":321.0099027073,"total_built_mass_tons":120639.308071685,"city_id":10261,"country_iso":"MMR"},{"h3index":"87648c833ffffff","population_2015":11456.0924659131,"total_built_mass_tons":1383437.7984658901,"city_id":10261,"country_iso":"MMR"}]