[{"h3index": "87a81e068ffffff", "population_2015": 681.5336168027392, "total_built_mass_tons": 80294.32221485893, "city_id": 1260, "country_iso": "BRA"}, {"h3index": "87a81e069ffffff", "population_2015": 5.865742899214521, "total_built_mass_tons": 17275.01194980293, "city_id": 1260, "country_iso": "BRA"}, {"h3index": "87a81e06cffffff", "population_2015": 2.3875153934254367, "total_built_mass_tons": 1999.1668229555064, "city_id": 1260, "country_iso": "BRA"}, {"h3index": "87a81e06dffffff", "population_2015": 19215.692440060364, "total_built_mass_tons": 2201319.144557868, "city_id": 1260, "country_iso": "BRA"}, {"h3index": "87a81ea80ffffff", "population_2015": 2002.252593343048, "total_built_mass_tons": 367955.41674240294, "city_id": 1260, "country_iso": "BRA"}, {"h3index": "87a81ea82ffffff", "population_2015": 16301.648610674718, "total_built_mass_tons": 1755692.6391195063, "city_id": 1260, "country_iso": "BRA"}, {"h3index": "87a81ea83ffffff", "population_2015": 433.38917536083966, "total_built_mass_tons": 87086.12418511708, "city_id": 1260, "country_iso": "BRA"}, {"h3index": "87a81ea86ffffff", "population_2015": 8649.080085289246, "total_built_mass_tons": 989965.8636666136, "city_id": 1260, "country_iso": "BRA"}, {"h3index": "87a81ea90ffffff", "population_2015": 243.0141900329029, "total_built_mass_tons": 374612.3039918304, "city_id": 1260, "country_iso": "BRA"}, {"h3index": "87a81ea91ffffff", "population_2015": 21768.286530163143, "total_built_mass_tons": 4100340.2539770016, "city_id": 1260, "country_iso": "BRA"}, {"h3index": "87a81ea93ffffff", "population_2015": 6308.119189710356, "total_built_mass_tons": 1441777.625112852, "city_id": 1260, "country_iso": "BRA"}, {"h3index": "87a81ea95ffffff", "population_2015": 8597.143288067628, "total_built_mass_tons": 758124.0020090081, "city_id": 1260, "country_iso": "BRA"}, {"h3index": "87a81ea98ffffff", "population_2015": 15943.038403182873, "total_built_mass_tons": 3462951.8120835954, "city_id": 1260, "country_iso": "BRA"}, {"h3index": "87a81ea99ffffff", "population_2015": 9655.19905062937, "total_built_mass_tons": 1086328.654774073, "city_id": 1260, "country_iso": "BRA"}, {"h3index": "87a81ea9affffff", "population_2015": 8864.026349183261, "total_built_mass_tons": 1991085.0283738065, "city_id": 1260, "country_iso": "BRA"}, {"h3index": "87a81ea9bffffff", "population_2015": 3001.9011972801363, "total_built_mass_tons": 584629.0481081057, "city_id": 1260, "country_iso": "BRA"}, {"h3index": "87a81ea9cffffff", "population_2015": 16983.71548240816, "total_built_mass_tons": 3250344.5707374415, "city_id": 1260, "country_iso": "BRA"}, {"h3index": "87a81ea9dffffff", "population_2015": 4803.375518302356, "total_built_mass_tons": 620354.6607286369, "city_id": 1260, "country_iso": "BRA"}, {"h3index": "87a81ea9effffff", "population_2015": 18456.591310459953, "total_built_mass_tons": 4886009.358289897, "city_id": 1260, "country_iso": "BRA"}]