[{"h3index": "874112d80ffffff", "population_2015": 1648.9915660446768, "total_built_mass_tons": 341266.9767007338, "city_id": 12518, "country_iso": "CHN"}, {"h3index": "874112d81ffffff", "population_2015": 3620.504144707847, "total_built_mass_tons": 583434.606246172, "city_id": 12518, "country_iso": "CHN"}, {"h3index": "874112d82ffffff", "population_2015": 4120.580085227069, "total_built_mass_tons": 669801.1662226722, "city_id": 12518, "country_iso": "CHN"}, {"h3index": "874112d83ffffff", "population_2015": 21575.95101850921, "total_built_mass_tons": 3964519.6697871992, "city_id": 12518, "country_iso": "CHN"}, {"h3index": "874112d85ffffff", "population_2015": 15.585684353697534, "total_built_mass_tons": 2622.797379450213, "city_id": 12518, "country_iso": "CHN"}, {"h3index": "874112d86ffffff", "population_2015": 162.30706403021722, "total_built_mass_tons": 103235.56579606271, "city_id": 12518, "country_iso": "CHN"}, {"h3index": "874112d8affffff", "population_2015": 142.44895405488856, "total_built_mass_tons": 42630.52719827494, "city_id": 12518, "country_iso": "CHN"}, {"h3index": "874112d8effffff", "population_2015": 5424.485754484288, "total_built_mass_tons": 1331973.439394728, "city_id": 12518, "country_iso": "CHN"}, {"h3index": "874112d95ffffff", "population_2015": 37.440701705334234, "total_built_mass_tons": 19795.55993412285, "city_id": 12518, "country_iso": "CHN"}, {"h3index": "874112d98ffffff", "population_2015": 930.37584808948, "total_built_mass_tons": 102997.24053306234, "city_id": 12518, "country_iso": "CHN"}, {"h3index": "874112d9cffffff", "population_2015": 6632.379556107989, "total_built_mass_tons": 1048838.2038393049, "city_id": 12518, "country_iso": "CHN"}, {"h3index": "874112d9dffffff", "population_2015": 19224.37742273668, "total_built_mass_tons": 4753329.287026673, "city_id": 12518, "country_iso": "CHN"}]