[{"h3index":"8731b0245ffffff","population_2015":690.9805012572,"total_built_mass_tons":73283.0638515243,"city_id":10375,"country_iso":"CHN"},{"h3index":"8731b0261ffffff","population_2015":1198.3507039612,"total_built_mass_tons":534837.6331841458,"city_id":10375,"country_iso":"CHN"},{"h3index":"8731b0263ffffff","population_2015":1772.0173943576,"total_built_mass_tons":690482.1837769758,"city_id":10375,"country_iso":"CHN"},{"h3index":"8731b0268ffffff","population_2015":1527.9700828992,"total_built_mass_tons":931835.789669923,"city_id":10375,"country_iso":"CHN"},{"h3index":"8731b026affffff","population_2015":116.0808480955,"total_built_mass_tons":32204.9216487389,"city_id":10375,"country_iso":"CHN"},{"h3index":"8731b026cffffff","population_2015":2656.335870797,"total_built_mass_tons":1257174.0064826815,"city_id":10375,"country_iso":"CHN"},{"h3index":"8731b026dffffff","population_2015":78.1735175114,"total_built_mass_tons":50763.0033563282,"city_id":10375,"country_iso":"CHN"},{"h3index":"8731b026effffff","population_2015":13282.3491662605,"total_built_mass_tons":2577154.7221207684,"city_id":10375,"country_iso":"CHN"}]