[{"h3index":"87648e0a0ffffff","population_2015":11.5531669617,"total_built_mass_tons":3756.4711972136,"city_id":10242,"country_iso":"MMR"},{"h3index":"87648e0a2ffffff","population_2015":6969.1619323955,"total_built_mass_tons":1055414.4143574301,"city_id":10242,"country_iso":"MMR"},{"h3index":"87648e0a6ffffff","population_2015":28.739633246,"total_built_mass_tons":8058.7181238375,"city_id":10242,"country_iso":"MMR"},{"h3index":"87648e0b1ffffff","population_2015":337.733666592,"total_built_mass_tons":71738.7830042389,"city_id":10242,"country_iso":"MMR"},{"h3index":"87648e0b5ffffff","population_2015":969.949157324,"total_built_mass_tons":221535.7917981172,"city_id":10242,"country_iso":"MMR"}]