[{"h3index": "871e5561bffffff", "population_2015": 1608.1383350765009, "total_built_mass_tons": 765090.9937817875, "city_id": 3461, "country_iso": "ROU"}, {"h3index": "871e556c0ffffff", "population_2015": 9868.184812603744, "total_built_mass_tons": 3088150.8476029616, "city_id": 3461, "country_iso": "ROU"}, {"h3index": "871e556c1ffffff", "population_2015": 375.9298150698344, "total_built_mass_tons": 191309.1741486269, "city_id": 3461, "country_iso": "ROU"}, {"h3index": "871e556c2ffffff", "population_2015": 1223.2109395101957, "total_built_mass_tons": 659427.5436727694, "city_id": 3461, "country_iso": "ROU"}, {"h3index": "871e556c3ffffff", "population_2015": 2.453144724228803, "total_built_mass_tons": 3309.5456300945634, "city_id": 3461, "country_iso": "ROU"}, {"h3index": "871e556c4ffffff", "population_2015": 7490.756157441232, "total_built_mass_tons": 1572886.9445290505, "city_id": 3461, "country_iso": "ROU"}, {"h3index": "871e556c5ffffff", "population_2015": 30206.690035184227, "total_built_mass_tons": 6164549.774810795, "city_id": 3461, "country_iso": "ROU"}, {"h3index": "871e556e0ffffff", "population_2015": 16270.611969435444, "total_built_mass_tons": 3074348.5604067193, "city_id": 3461, "country_iso": "ROU"}, {"h3index": "871e556e1ffffff", "population_2015": 6921.1993700364055, "total_built_mass_tons": 1479911.00718986, "city_id": 3461, "country_iso": "ROU"}, {"h3index": "871e556e2ffffff", "population_2015": 11992.19867542865, "total_built_mass_tons": 2597402.031344521, "city_id": 3461, "country_iso": "ROU"}, {"h3index": "871e556e3ffffff", "population_2015": 38673.93988995273, "total_built_mass_tons": 7743797.052194368, "city_id": 3461, "country_iso": "ROU"}, {"h3index": "871e556e6ffffff", "population_2015": 3172.0017944560327, "total_built_mass_tons": 995629.0584815828, "city_id": 3461, "country_iso": "ROU"}, {"h3index": "871e556e8ffffff", "population_2015": 7091.500303207659, "total_built_mass_tons": 1995876.143484078, "city_id": 3461, "country_iso": "ROU"}, {"h3index": "871e556e9ffffff", "population_2015": 1056.5774037337767, "total_built_mass_tons": 625610.182664496, "city_id": 3461, "country_iso": "ROU"}, {"h3index": "871e556eaffffff", "population_2015": 12288.899830137516, "total_built_mass_tons": 2753271.003630528, "city_id": 3461, "country_iso": "ROU"}, {"h3index": "871e556ebffffff", "population_2015": 5971.25851467357, "total_built_mass_tons": 1565539.38077551, "city_id": 3461, "country_iso": "ROU"}, {"h3index": "871e556ecffffff", "population_2015": 11.344895299275716, "total_built_mass_tons": 4415.156116370608, "city_id": 3461, "country_iso": "ROU"}, {"h3index": "871e556eeffffff", "population_2015": 28926.359418203323, "total_built_mass_tons": 5384596.232284619, "city_id": 3461, "country_iso": "ROU"}, {"h3index": "871e556f4ffffff", "population_2015": 840.6495390957475, "total_built_mass_tons": 407662.5213281751, "city_id": 3461, "country_iso": "ROU"}, {"h3index": "871e556f5ffffff", "population_2015": 1531.6622950011606, "total_built_mass_tons": 645322.653019309, "city_id": 3461, "country_iso": "ROU"}]