[{"h3index": "874196141ffffff", "population_2015": 3077.338711108413, "total_built_mass_tons": 1131150.4489816693, "city_id": 12426, "country_iso": "CHN"}, {"h3index": "874196143ffffff", "population_2015": 2117.061012825311, "total_built_mass_tons": 585998.9407192995, "city_id": 12426, "country_iso": "CHN"}, {"h3index": "874196144ffffff", "population_2015": 2.7450538523056927, "total_built_mass_tons": 1719.3977497511896, "city_id": 12426, "country_iso": "CHN"}, {"h3index": "874196145ffffff", "population_2015": 1773.8595203184611, "total_built_mass_tons": 659140.4414614884, "city_id": 12426, "country_iso": "CHN"}, {"h3index": "874196148ffffff", "population_2015": 278.30272753191934, "total_built_mass_tons": 271129.48599278316, "city_id": 12426, "country_iso": "CHN"}, {"h3index": "874196149ffffff", "population_2015": 854.1455578299131, "total_built_mass_tons": 418439.6470937304, "city_id": 12426, "country_iso": "CHN"}, {"h3index": "87419614cffffff", "population_2015": 10323.838454739254, "total_built_mass_tons": 4221179.7887735795, "city_id": 12426, "country_iso": "CHN"}, {"h3index": "87419614dffffff", "population_2015": 16542.375441126733, "total_built_mass_tons": 4509643.577065215, "city_id": 12426, "country_iso": "CHN"}, {"h3index": "87419614effffff", "population_2015": 1447.1625718771245, "total_built_mass_tons": 473483.2821580247, "city_id": 12426, "country_iso": "CHN"}, {"h3index": "87419615cffffff", "population_2015": 20.521325302124023, "total_built_mass_tons": 14216.02748889668, "city_id": 12426, "country_iso": "CHN"}, {"h3index": "87419615dffffff", "population_2015": 640.588854896321, "total_built_mass_tons": 201346.7415750788, "city_id": 12426, "country_iso": "CHN"}, {"h3index": "874196161ffffff", "population_2015": 196.31858056292813, "total_built_mass_tons": 127426.13828972232, "city_id": 12426, "country_iso": "CHN"}, {"h3index": "874196163ffffff", "population_2015": 32.07763009912827, "total_built_mass_tons": 6802.245229812012, "city_id": 12426, "country_iso": "CHN"}, {"h3index": "874196168ffffff", "population_2015": 1802.217334779571, "total_built_mass_tons": 805254.5368527407, "city_id": 12426, "country_iso": "CHN"}, {"h3index": "874196169ffffff", "population_2015": 2358.9290517077725, "total_built_mass_tons": 401528.47000535706, "city_id": 12426, "country_iso": "CHN"}, {"h3index": "87419616affffff", "population_2015": 8729.455362635967, "total_built_mass_tons": 2669477.8288946156, "city_id": 12426, "country_iso": "CHN"}, {"h3index": "87419616bffffff", "population_2015": 8228.01911760031, "total_built_mass_tons": 1461172.872346914, "city_id": 12426, "country_iso": "CHN"}, {"h3index": "87419616cffffff", "population_2015": 148.60226038016526, "total_built_mass_tons": 186807.125468067, "city_id": 12426, "country_iso": "CHN"}, {"h3index": "87419616effffff", "population_2015": 2914.7837354865733, "total_built_mass_tons": 936490.5025627378, "city_id": 12426, "country_iso": "CHN"}, {"h3index": "874196a86ffffff", "population_2015": 440.4461442853889, "total_built_mass_tons": 208043.18936938085, "city_id": 12426, "country_iso": "CHN"}, {"h3index": "874196a94ffffff", "population_2015": 4498.400976108103, "total_built_mass_tons": 1589434.5641231984, "city_id": 12426, "country_iso": "CHN"}, {"h3index": "874196a95ffffff", "population_2015": 1168.9836222629924, "total_built_mass_tons": 408923.96418560826, "city_id": 12426, "country_iso": "CHN"}, {"h3index": "874196ab0ffffff", "population_2015": 12144.688444646205, "total_built_mass_tons": 2509729.2191321333, "city_id": 12426, "country_iso": "CHN"}, {"h3index": "874196ab1ffffff", "population_2015": 41.17073439429788, "total_built_mass_tons": 62651.00826971005, "city_id": 12426, "country_iso": "CHN"}, {"h3index": "874196ab2ffffff", "population_2015": 21621.705391573443, "total_built_mass_tons": 5174273.8030668665, "city_id": 12426, "country_iso": "CHN"}, {"h3index": "874196ab3ffffff", "population_2015": 8584.171330281799, "total_built_mass_tons": 2097520.490484765, "city_id": 12426, "country_iso": "CHN"}, {"h3index": "874196ab4ffffff", "population_2015": 724.3391394334682, "total_built_mass_tons": 278723.22111606546, "city_id": 12426, "country_iso": "CHN"}, {"h3index": "874196ab5ffffff", "population_2015": 284.0860495025036, "total_built_mass_tons": 229201.33714111353, "city_id": 12426, "country_iso": "CHN"}, {"h3index": "874196ab6ffffff", "population_2015": 14971.635578692192, "total_built_mass_tons": 2793948.617189514, "city_id": 12426, "country_iso": "CHN"}]