[{"h3index":"8740e1d82ffffff","population_2015":38.6251634486,"total_built_mass_tons":13148.7464520811,"city_id":10366,"country_iso":"CHN"},{"h3index":"8740e1d84ffffff","population_2015":2936.9659080038,"total_built_mass_tons":1145102.2582190526,"city_id":10366,"country_iso":"CHN"},{"h3index":"8740e1d86ffffff","population_2015":9372.6396428688,"total_built_mass_tons":2860318.889179355,"city_id":10366,"country_iso":"CHN"},{"h3index":"8740e1d95ffffff","population_2015":1786.757096932,"total_built_mass_tons":459612.1501374953,"city_id":10366,"country_iso":"CHN"},{"h3index":"8740e1db1ffffff","population_2015":5798.7509676279,"total_built_mass_tons":975149.5652978276,"city_id":10366,"country_iso":"CHN"},{"h3index":"8740e1db3ffffff","population_2015":2.8692774043,"total_built_mass_tons":63995.0984758283,"city_id":10366,"country_iso":"CHN"}]