[{"h3index":"8741a6220ffffff","population_2015":3238.0282727999,"total_built_mass_tons":794533.6387947316,"city_id":12596,"country_iso":"CHN"},{"h3index":"8741a6224ffffff","population_2015":7470.6451673597,"total_built_mass_tons":3512742.7079926394,"city_id":12596,"country_iso":"CHN"},{"h3index":"8741a6225ffffff","population_2015":1894.5797814332,"total_built_mass_tons":592716.2360874796,"city_id":12596,"country_iso":"CHN"},{"h3index":"8741a6226ffffff","population_2015":5307.1631812755,"total_built_mass_tons":1927900.69617721,"city_id":12596,"country_iso":"CHN"},{"h3index":"8741a6234ffffff","population_2015":80.2729562226,"total_built_mass_tons":760702.4106753179,"city_id":12596,"country_iso":"CHN"},{"h3index":"8741a6235ffffff","population_2015":737.0423196708,"total_built_mass_tons":1238355.3469267343,"city_id":12596,"country_iso":"CHN"},{"h3index":"8741a6301ffffff","population_2015":277.0722204956,"total_built_mass_tons":289075.0653799367,"city_id":12596,"country_iso":"CHN"},{"h3index":"8741a6308ffffff","population_2015":16686.0163028876,"total_built_mass_tons":3718245.2103843098,"city_id":12596,"country_iso":"CHN"},{"h3index":"8741a6309ffffff","population_2015":12350.1205105884,"total_built_mass_tons":4181593.5652581081,"city_id":12596,"country_iso":"CHN"},{"h3index":"8741a630affffff","population_2015":4500.0684875107,"total_built_mass_tons":2824699.6233914969,"city_id":12596,"country_iso":"CHN"},{"h3index":"8741a630bffffff","population_2015":1556.1262435287,"total_built_mass_tons":1259249.993107039,"city_id":12596,"country_iso":"CHN"},{"h3index":"8741a630cffffff","population_2015":11899.3162639983,"total_built_mass_tons":2808295.7750557316,"city_id":12596,"country_iso":"CHN"},{"h3index":"8741a630dffffff","population_2015":7238.4268696009,"total_built_mass_tons":2240390.7861487358,"city_id":12596,"country_iso":"CHN"},{"h3index":"8741a6318ffffff","population_2015":4580.0526894803,"total_built_mass_tons":1858508.4613060399,"city_id":12596,"country_iso":"CHN"},{"h3index":"8741a6319ffffff","population_2015":5078.0668225218,"total_built_mass_tons":2997362.5927829738,"city_id":12596,"country_iso":"CHN"},{"h3index":"8741a631affffff","population_2015":40.4998663687,"total_built_mass_tons":73234.2609212104,"city_id":12596,"country_iso":"CHN"},{"h3index":"8741a631bffffff","population_2015":10714.207475356,"total_built_mass_tons":3422639.0801894804,"city_id":12596,"country_iso":"CHN"},{"h3index":"8741a631cffffff","population_2015":133.2327863899,"total_built_mass_tons":125430.1182712837,"city_id":12596,"country_iso":"CHN"},{"h3index":"8741a631dffffff","population_2015":668.526492595,"total_built_mass_tons":566243.9404708636,"city_id":12596,"country_iso":"CHN"},{"h3index":"8741a632bffffff","population_2015":679.3828982484,"total_built_mass_tons":327558.993035253,"city_id":12596,"country_iso":"CHN"},{"h3index":"8741a6340ffffff","population_2015":965.6623087004,"total_built_mass_tons":449048.2283557459,"city_id":12596,"country_iso":"CHN"},{"h3index":"8741a6341ffffff","population_2015":76.4830603497,"total_built_mass_tons":102916.5385111532,"city_id":12596,"country_iso":"CHN"},{"h3index":"8741a6342ffffff","population_2015":619.8587645792,"total_built_mass_tons":562586.5316744479,"city_id":12596,"country_iso":"CHN"},{"h3index":"8741a6344ffffff","population_2015":4011.0241903623,"total_built_mass_tons":581874.0307702727,"city_id":12596,"country_iso":"CHN"},{"h3index":"8741a6345ffffff","population_2015":125.3938125171,"total_built_mass_tons":223350.4433584606,"city_id":12596,"country_iso":"CHN"},{"h3index":"8741a6346ffffff","population_2015":14040.0977404809,"total_built_mass_tons":1605531.1022866217,"city_id":12596,"country_iso":"CHN"},{"h3index":"8741a6350ffffff","population_2015":14.8412527234,"total_built_mass_tons":19989.8820352854,"city_id":12596,"country_iso":"CHN"},{"h3index":"8741a6354ffffff","population_2015":4319.8040598159,"total_built_mass_tons":1774741.6515808334,"city_id":12596,"country_iso":"CHN"},{"h3index":"8741a6355ffffff","population_2015":5931.7374820008,"total_built_mass_tons":1860043.3691223864,"city_id":12596,"country_iso":"CHN"},{"h3index":"8741a6356ffffff","population_2015":111.9580376962,"total_built_mass_tons":91848.338487221,"city_id":12596,"country_iso":"CHN"},{"h3index":"8741a6372ffffff","population_2015":18233.3839804762,"total_built_mass_tons":2957219.8393768836,"city_id":12596,"country_iso":"CHN"},{"h3index":"8741a6373ffffff","population_2015":8749.4448567334,"total_built_mass_tons":1000256.7040027304,"city_id":12596,"country_iso":"CHN"},{"h3index":"8741a6376ffffff","population_2015":184.1579866699,"total_built_mass_tons":337492.9662696966,"city_id":12596,"country_iso":"CHN"}]