[{"h3index":"8740f1a84ffffff","population_2015":31.7969216627,"total_built_mass_tons":12991.1693756358,"city_id":10349,"country_iso":"CHN"},{"h3index":"8740f1a86ffffff","population_2015":66.9278477052,"total_built_mass_tons":14794.408721653,"city_id":10349,"country_iso":"CHN"},{"h3index":"8740f1aa2ffffff","population_2015":0.4612423915,"total_built_mass_tons":1441.0420247128,"city_id":10349,"country_iso":"CHN"},{"h3index":"8740f1ab0ffffff","population_2015":1923.012870336,"total_built_mass_tons":609927.4054258897,"city_id":10349,"country_iso":"CHN"},{"h3index":"8740f1ab1ffffff","population_2015":4955.0857049381,"total_built_mass_tons":2095540.460229412,"city_id":10349,"country_iso":"CHN"},{"h3index":"8740f1ab2ffffff","population_2015":241.7232244314,"total_built_mass_tons":113747.4327990188,"city_id":10349,"country_iso":"CHN"},{"h3index":"8740f1ab3ffffff","population_2015":14197.8486450943,"total_built_mass_tons":5043388.1430315441,"city_id":10349,"country_iso":"CHN"},{"h3index":"8740f1ab5ffffff","population_2015":0.143300307,"total_built_mass_tons":93.7489790427,"city_id":10349,"country_iso":"CHN"}]