[{"h3index":"875890d20ffffff","population_2015":4.090390082,"total_built_mass_tons":4202.91364657,"city_id":2030,"country_iso":"TGO"},{"h3index":"875890d24ffffff","population_2015":41.8862463783,"total_built_mass_tons":37169.279321235,"city_id":2030,"country_iso":"TGO"},{"h3index":"875890d26ffffff","population_2015":1165.8631070997,"total_built_mass_tons":1059711.3513337695,"city_id":2030,"country_iso":"TGO"},{"h3index":"875890d35ffffff","population_2015":336.8870522275,"total_built_mass_tons":277496.0218826287,"city_id":2030,"country_iso":"TGO"},{"h3index":"875894699ffffff","population_2015":295.412273478,"total_built_mass_tons":255160.1531117868,"city_id":2030,"country_iso":"TGO"},{"h3index":"87589469bffffff","population_2015":342.1228376734,"total_built_mass_tons":290431.102634284,"city_id":2030,"country_iso":"TGO"}]