[{"h3index": "872b99048ffffff", "population_2015": 199.8699794644234, "total_built_mass_tons": 177416.9114897048, "city_id": 910, "country_iso": "USA"}, {"h3index": "872b99049ffffff", "population_2015": 1951.1260250867583, "total_built_mass_tons": 964568.0550895602, "city_id": 910, "country_iso": "USA"}, {"h3index": "872b9904affffff", "population_2015": 101.39069424375307, "total_built_mass_tons": 161666.53313019068, "city_id": 910, "country_iso": "USA"}, {"h3index": "872b9904bffffff", "population_2015": 3069.4795253371612, "total_built_mass_tons": 1466001.0945630432, "city_id": 910, "country_iso": "USA"}, {"h3index": "872b99059ffffff", "population_2015": 377.5302453714258, "total_built_mass_tons": 168890.26114865544, "city_id": 910, "country_iso": "USA"}, {"h3index": "872b9905bffffff", "population_2015": 192.16564108156692, "total_built_mass_tons": 101875.87793763788, "city_id": 910, "country_iso": "USA"}, {"h3index": "872b99200ffffff", "population_2015": 2508.7918626708, "total_built_mass_tons": 2021149.6220324223, "city_id": 910, "country_iso": "USA"}, {"h3index": "872b99201ffffff", "population_2015": 949.3591787843144, "total_built_mass_tons": 514376.3385297272, "city_id": 910, "country_iso": "USA"}, {"h3index": "872b99202ffffff", "population_2015": 1491.2822221898782, "total_built_mass_tons": 1775327.6882376862, "city_id": 910, "country_iso": "USA"}, {"h3index": "872b99203ffffff", "population_2015": 587.5700240146004, "total_built_mass_tons": 591864.5968823875, "city_id": 910, "country_iso": "USA"}, {"h3index": "872b99204ffffff", "population_2015": 1034.9812153590913, "total_built_mass_tons": 3125105.930532542, "city_id": 910, "country_iso": "USA"}, {"h3index": "872b99205ffffff", "population_2015": 1438.4233828190495, "total_built_mass_tons": 745730.2402840336, "city_id": 910, "country_iso": "USA"}, {"h3index": "872b99206ffffff", "population_2015": 622.1991455346857, "total_built_mass_tons": 3082877.419981212, "city_id": 910, "country_iso": "USA"}, {"h3index": "872b99211ffffff", "population_2015": 10.309952145931767, "total_built_mass_tons": 6070.723114099213, "city_id": 910, "country_iso": "USA"}, {"h3index": "872b99215ffffff", "population_2015": 63.26837738121257, "total_built_mass_tons": 68991.32495758976, "city_id": 910, "country_iso": "USA"}, {"h3index": "872b9921cffffff", "population_2015": 268.857999668694, "total_built_mass_tons": 578449.1823872973, "city_id": 910, "country_iso": "USA"}, {"h3index": "872b99220ffffff", "population_2015": 2832.914749746405, "total_built_mass_tons": 1646449.1302630913, "city_id": 910, "country_iso": "USA"}, {"h3index": "872b99221ffffff", "population_2015": 64.61145322650087, "total_built_mass_tons": 243378.4186475989, "city_id": 910, "country_iso": "USA"}, {"h3index": "872b99222ffffff", "population_2015": 1516.5379635673523, "total_built_mass_tons": 1824285.53727176, "city_id": 910, "country_iso": "USA"}, {"h3index": "872b99223ffffff", "population_2015": 2345.86550658801, "total_built_mass_tons": 1417485.4719896386, "city_id": 910, "country_iso": "USA"}, {"h3index": "872b99224ffffff", "population_2015": 2358.2626911495836, "total_built_mass_tons": 1042095.91060245, "city_id": 910, "country_iso": "USA"}, {"h3index": "872b99226ffffff", "population_2015": 6166.8844023648435, "total_built_mass_tons": 2025317.472262413, "city_id": 910, "country_iso": "USA"}, {"h3index": "872b99230ffffff", "population_2015": 10478.1430511886, "total_built_mass_tons": 3333985.4435720905, "city_id": 910, "country_iso": "USA"}, {"h3index": "872b99231ffffff", "population_2015": 5762.243405068622, "total_built_mass_tons": 2904679.836591592, "city_id": 910, "country_iso": "USA"}, {"h3index": "872b99232ffffff", "population_2015": 422.2003584017941, "total_built_mass_tons": 1698477.7480712507, "city_id": 910, "country_iso": "USA"}, {"h3index": "872b99234ffffff", "population_2015": 15461.83107319837, "total_built_mass_tons": 4448191.78111138, "city_id": 910, "country_iso": "USA"}, {"h3index": "872b99235ffffff", "population_2015": 6677.766336242502, "total_built_mass_tons": 2430881.2750543193, "city_id": 910, "country_iso": "USA"}, {"h3index": "872b99236ffffff", "population_2015": 9802.07367425586, "total_built_mass_tons": 4499032.943659552, "city_id": 910, "country_iso": "USA"}, {"h3index": "872b99302ffffff", "population_2015": 2053.6194037398873, "total_built_mass_tons": 1320875.1541146468, "city_id": 910, "country_iso": "USA"}, {"h3index": "872b99303ffffff", "population_2015": 777.7800913534913, "total_built_mass_tons": 339396.67518231936, "city_id": 910, "country_iso": "USA"}, {"h3index": "872b9930affffff", "population_2015": 1409.2224419023476, "total_built_mass_tons": 667961.9361712108, "city_id": 910, "country_iso": "USA"}, {"h3index": "872b99310ffffff", "population_2015": 2499.533732617837, "total_built_mass_tons": 1152801.5326136767, "city_id": 910, "country_iso": "USA"}, {"h3index": "872b99311ffffff", "population_2015": 5012.8885635471825, "total_built_mass_tons": 2849422.2011297024, "city_id": 910, "country_iso": "USA"}, {"h3index": "872b99312ffffff", "population_2015": 7552.130747595516, "total_built_mass_tons": 2705709.605467877, "city_id": 910, "country_iso": "USA"}, {"h3index": "872b99313ffffff", "population_2015": 5641.94175645557, "total_built_mass_tons": 2745765.716052712, "city_id": 910, "country_iso": "USA"}, {"h3index": "872b99314ffffff", "population_2015": 2284.5646149256654, "total_built_mass_tons": 928771.6813529928, "city_id": 910, "country_iso": "USA"}, {"h3index": "872b99315ffffff", "population_2015": 155.08110247312806, "total_built_mass_tons": 118259.14645764754, "city_id": 910, "country_iso": "USA"}, {"h3index": "872b99316ffffff", "population_2015": 5304.388655893243, "total_built_mass_tons": 2125604.0459042066, "city_id": 910, "country_iso": "USA"}, {"h3index": "872b99318ffffff", "population_2015": 16961.707572072515, "total_built_mass_tons": 4365389.128320884, "city_id": 910, "country_iso": "USA"}, {"h3index": "872b99319ffffff", "population_2015": 9411.019122543274, "total_built_mass_tons": 3672924.048503256, "city_id": 910, "country_iso": "USA"}, {"h3index": "872b9931affffff", "population_2015": 9819.961756479332, "total_built_mass_tons": 4493520.843694464, "city_id": 910, "country_iso": "USA"}, {"h3index": "872b9931bffffff", "population_2015": 17603.070723820176, "total_built_mass_tons": 5158772.696324654, "city_id": 910, "country_iso": "USA"}, {"h3index": "872b9931cffffff", "population_2015": 11385.133242696174, "total_built_mass_tons": 3511157.173942105, "city_id": 910, "country_iso": "USA"}, {"h3index": "872b9931dffffff", "population_2015": 10455.448152111328, "total_built_mass_tons": 3352878.5496763224, "city_id": 910, "country_iso": "USA"}, {"h3index": "872b9931effffff", "population_2015": 17808.232340456918, "total_built_mass_tons": 4757755.466884872, "city_id": 910, "country_iso": "USA"}, {"h3index": "872b99381ffffff", "population_2015": 607.022849203558, "total_built_mass_tons": 235065.5282392434, "city_id": 910, "country_iso": "USA"}, {"h3index": "872b99384ffffff", "population_2015": 2037.1767122576043, "total_built_mass_tons": 1266956.2477149891, "city_id": 910, "country_iso": "USA"}, {"h3index": "872b99385ffffff", "population_2015": 2245.386466178239, "total_built_mass_tons": 1332375.4016597336, "city_id": 910, "country_iso": "USA"}, {"h3index": "872b99388ffffff", "population_2015": 10.634464819758549, "total_built_mass_tons": 58456.67738284507, "city_id": 910, "country_iso": "USA"}, {"h3index": "872b99389ffffff", "population_2015": 129.78074104318432, "total_built_mass_tons": 75812.74476460251, "city_id": 910, "country_iso": "USA"}, {"h3index": "872b9938cffffff", "population_2015": 4275.057301505875, "total_built_mass_tons": 2173692.527810182, "city_id": 910, "country_iso": "USA"}, {"h3index": "872b9938dffffff", "population_2015": 2198.7802455602323, "total_built_mass_tons": 2158289.175416315, "city_id": 910, "country_iso": "USA"}, {"h3index": "872b9938effffff", "population_2015": 543.6905953355865, "total_built_mass_tons": 197914.9499721832, "city_id": 910, "country_iso": "USA"}, {"h3index": "872b993a0ffffff", "population_2015": 3233.8160754719775, "total_built_mass_tons": 1558383.5525666506, "city_id": 910, "country_iso": "USA"}, {"h3index": "872b993a1ffffff", "population_2015": 4867.386412740922, "total_built_mass_tons": 2481701.828329402, "city_id": 910, "country_iso": "USA"}, {"h3index": "872b993a2ffffff", "population_2015": 2294.500875005067, "total_built_mass_tons": 1133551.6526266474, "city_id": 910, "country_iso": "USA"}, {"h3index": "872b993a3ffffff", "population_2015": 4917.347969068734, "total_built_mass_tons": 2319601.476912678, "city_id": 910, "country_iso": "USA"}, {"h3index": "872b993a4ffffff", "population_2015": 1616.0191158737036, "total_built_mass_tons": 901294.8565751548, "city_id": 910, "country_iso": "USA"}, {"h3index": "872b993a5ffffff", "population_2015": 7207.232819102091, "total_built_mass_tons": 2938959.449968295, "city_id": 910, "country_iso": "USA"}, {"h3index": "872b993a6ffffff", "population_2015": 3011.278841677147, "total_built_mass_tons": 1593887.817546022, "city_id": 910, "country_iso": "USA"}, {"h3index": "872b993a8ffffff", "population_2015": 2299.5855417898697, "total_built_mass_tons": 3510897.2129801107, "city_id": 910, "country_iso": "USA"}, {"h3index": "872b993a9ffffff", "population_2015": 13780.872408560152, "total_built_mass_tons": 4335420.762907085, "city_id": 910, "country_iso": "USA"}, {"h3index": "872b993aaffffff", "population_2015": 1981.719058798646, "total_built_mass_tons": 2068289.315095323, "city_id": 910, "country_iso": "USA"}, {"h3index": "872b993abffffff", "population_2015": 2149.8808419840807, "total_built_mass_tons": 3120321.2249685256, "city_id": 910, "country_iso": "USA"}, {"h3index": "872b993acffffff", "population_2015": 8698.42357283945, "total_built_mass_tons": 3726686.9478500434, "city_id": 910, "country_iso": "USA"}, {"h3index": "872b993adffffff", "population_2015": 16776.32425036746, "total_built_mass_tons": 3801591.6919064047, "city_id": 910, "country_iso": "USA"}, {"h3index": "872b993aeffffff", "population_2015": 2801.9308279903826, "total_built_mass_tons": 3278490.4153500176, "city_id": 910, "country_iso": "USA"}, {"h3index": "872b993b1ffffff", "population_2015": 9.335166228986251, "total_built_mass_tons": 4560.164934617864, "city_id": 910, "country_iso": "USA"}, {"h3index": "872b993b5ffffff", "population_2015": 324.83512037688615, "total_built_mass_tons": 139779.80613059498, "city_id": 910, "country_iso": "USA"}]