[{"h3index":"8740de042ffffff","population_2015":457.3036538367,"total_built_mass_tons":169974.423882769,"city_id":10130,"country_iso":"CHN"},{"h3index":"8740de046ffffff","population_2015":27.6075726677,"total_built_mass_tons":63777.6653885155,"city_id":10130,"country_iso":"CHN"},{"h3index":"8740de051ffffff","population_2015":766.6443175148,"total_built_mass_tons":544525.6241206306,"city_id":10130,"country_iso":"CHN"},{"h3index":"8740de053ffffff","population_2015":7.6079719067,"total_built_mass_tons":27779.2170954995,"city_id":10130,"country_iso":"CHN"},{"h3index":"8740de055ffffff","population_2015":55.3448006013,"total_built_mass_tons":20812.9457291099,"city_id":10130,"country_iso":"CHN"}]