[{"h3index":"871969680ffffff","population_2015":3631.8346566537,"total_built_mass_tons":1491396.1958476177,"city_id":2163,"country_iso":"NLD"},{"h3index":"871969682ffffff","population_2015":8909.9843547391,"total_built_mass_tons":3078147.7010771642,"city_id":2163,"country_iso":"NLD"},{"h3index":"871969683ffffff","population_2015":984.6358247682,"total_built_mass_tons":374832.8097659146,"city_id":2163,"country_iso":"NLD"},{"h3index":"871969684ffffff","population_2015":5824.443665411,"total_built_mass_tons":2720099.5951812756,"city_id":2163,"country_iso":"NLD"},{"h3index":"871969685ffffff","population_2015":1385.4256107087,"total_built_mass_tons":1034330.4148877376,"city_id":2163,"country_iso":"NLD"},{"h3index":"871969686ffffff","population_2015":6254.7905229961,"total_built_mass_tons":3201143.4707624149,"city_id":2163,"country_iso":"NLD"},{"h3index":"871969690ffffff","population_2015":10932.6120140132,"total_built_mass_tons":4420869.5273568649,"city_id":2163,"country_iso":"NLD"},{"h3index":"871969691ffffff","population_2015":12947.1203246996,"total_built_mass_tons":4157982.8547088518,"city_id":2163,"country_iso":"NLD"},{"h3index":"871969692ffffff","population_2015":6814.4050767057,"total_built_mass_tons":3738273.967761043,"city_id":2163,"country_iso":"NLD"},{"h3index":"871969693ffffff","population_2015":6683.8768059712,"total_built_mass_tons":3669734.7590572047,"city_id":2163,"country_iso":"NLD"},{"h3index":"871969694ffffff","population_2015":7446.1923281614,"total_built_mass_tons":2623401.5304131061,"city_id":2163,"country_iso":"NLD"},{"h3index":"871969695ffffff","population_2015":9814.1380465059,"total_built_mass_tons":3974729.8870984009,"city_id":2163,"country_iso":"NLD"},{"h3index":"871969696ffffff","population_2015":9018.6448940763,"total_built_mass_tons":3441499.3808490727,"city_id":2163,"country_iso":"NLD"},{"h3index":"87196969affffff","population_2015":253.7438615892,"total_built_mass_tons":125059.4899373291,"city_id":2163,"country_iso":"NLD"},{"h3index":"87196969cffffff","population_2015":5491.1959139076,"total_built_mass_tons":1985747.5359414655,"city_id":2163,"country_iso":"NLD"},{"h3index":"87196969effffff","population_2015":5661.7266568315,"total_built_mass_tons":2103815.8129103691,"city_id":2163,"country_iso":"NLD"},{"h3index":"8719696a2ffffff","population_2015":0.9666571673,"total_built_mass_tons":478.0726129279,"city_id":2163,"country_iso":"NLD"},{"h3index":"8719696a3ffffff","population_2015":6403.0651492194,"total_built_mass_tons":2335734.1609412204,"city_id":2163,"country_iso":"NLD"},{"h3index":"8719696aeffffff","population_2015":1732.2716690924,"total_built_mass_tons":777415.0217776533,"city_id":2163,"country_iso":"NLD"},{"h3index":"8719696b1ffffff","population_2015":1597.9264513081,"total_built_mass_tons":557230.7794921611,"city_id":2163,"country_iso":"NLD"},{"h3index":"8719696b2ffffff","population_2015":4404.8954429954,"total_built_mass_tons":2287424.191992817,"city_id":2163,"country_iso":"NLD"},{"h3index":"8719696b3ffffff","population_2015":13084.5776931192,"total_built_mass_tons":3409954.8757403814,"city_id":2163,"country_iso":"NLD"},{"h3index":"8719696b6ffffff","population_2015":207.2219432737,"total_built_mass_tons":91604.0032959521,"city_id":2163,"country_iso":"NLD"},{"h3index":"87196ba61ffffff","population_2015":122.2408422339,"total_built_mass_tons":98301.0003448665,"city_id":2163,"country_iso":"NLD"},{"h3index":"87196ba65ffffff","population_2015":3477.4206885413,"total_built_mass_tons":1328375.6092040304,"city_id":2163,"country_iso":"NLD"},{"h3index":"87196ba6cffffff","population_2015":1346.0093353206,"total_built_mass_tons":989878.2245127272,"city_id":2163,"country_iso":"NLD"},{"h3index":"87196ba6dffffff","population_2015":3117.7329527967,"total_built_mass_tons":1898453.2047412707,"city_id":2163,"country_iso":"NLD"},{"h3index":"87196bb48ffffff","population_2015":430.660890093,"total_built_mass_tons":155397.9101173995,"city_id":2163,"country_iso":"NLD"},{"h3index":"87196bb49ffffff","population_2015":11827.4543376661,"total_built_mass_tons":4065066.383137587,"city_id":2163,"country_iso":"NLD"},{"h3index":"87196bb4bffffff","population_2015":2282.1065169147,"total_built_mass_tons":919215.3554814634,"city_id":2163,"country_iso":"NLD"},{"h3index":"87196bb4cffffff","population_2015":218.2353579876,"total_built_mass_tons":143632.8523213651,"city_id":2163,"country_iso":"NLD"},{"h3index":"87196bb4dffffff","population_2015":7517.0530459638,"total_built_mass_tons":3110556.1638422734,"city_id":2163,"country_iso":"NLD"}]