[{"h3index": "87318892cffffff", "population_2015": 1879.3441097399764, "total_built_mass_tons": 424174.6321311297, "city_id": 11011, "country_iso": "CHN"}, {"h3index": "87318892dffffff", "population_2015": 2510.2718280100353, "total_built_mass_tons": 2290706.0822649216, "city_id": 11011, "country_iso": "CHN"}, {"h3index": "873188960ffffff", "population_2015": 465.1639711295858, "total_built_mass_tons": 258306.59652143947, "city_id": 11011, "country_iso": "CHN"}, {"h3index": "873188961ffffff", "population_2015": 1672.9621409397498, "total_built_mass_tons": 281932.4433619764, "city_id": 11011, "country_iso": "CHN"}, {"h3index": "873188964ffffff", "population_2015": 3135.882171119428, "total_built_mass_tons": 1084881.5779289624, "city_id": 11011, "country_iso": "CHN"}, {"h3index": "873188965ffffff", "population_2015": 3661.985390131613, "total_built_mass_tons": 1097632.886038351, "city_id": 11011, "country_iso": "CHN"}, {"h3index": "87318896cffffff", "population_2015": 7.9443039894104, "total_built_mass_tons": 15882.355886202226, "city_id": 11011, "country_iso": "CHN"}, {"h3index": "87318896dffffff", "population_2015": 3.7357225006701897, "total_built_mass_tons": 14311.04847092202, "city_id": 11011, "country_iso": "CHN"}, {"h3index": "87318c25bffffff", "population_2015": 157.64254744847617, "total_built_mass_tons": 996701.6995110648, "city_id": 11011, "country_iso": "CHN"}, {"h3index": "87318c2c0ffffff", "population_2015": 5840.647950775484, "total_built_mass_tons": 1530198.5066597397, "city_id": 11011, "country_iso": "CHN"}, {"h3index": "87318c2c1ffffff", "population_2015": 4203.3372858094235, "total_built_mass_tons": 1671442.570837005, "city_id": 11011, "country_iso": "CHN"}, {"h3index": "87318c2c2ffffff", "population_2015": 876.7734780183027, "total_built_mass_tons": 2961418.5723184356, "city_id": 11011, "country_iso": "CHN"}, {"h3index": "87318c2c3ffffff", "population_2015": 1596.2445103458326, "total_built_mass_tons": 1010933.7246252408, "city_id": 11011, "country_iso": "CHN"}, {"h3index": "87318c2c5ffffff", "population_2015": 37.6554744421267, "total_built_mass_tons": 31498.38217437474, "city_id": 11011, "country_iso": "CHN"}, {"h3index": "87318c2c6ffffff", "population_2015": 40.489355936237416, "total_built_mass_tons": 120078.74643347002, "city_id": 11011, "country_iso": "CHN"}, {"h3index": "87318c2c8ffffff", "population_2015": 2799.744145854782, "total_built_mass_tons": 2005826.790128808, "city_id": 11011, "country_iso": "CHN"}, {"h3index": "87318c2c9ffffff", "population_2015": 12499.047942656163, "total_built_mass_tons": 2677405.741810286, "city_id": 11011, "country_iso": "CHN"}, {"h3index": "87318c2caffffff", "population_2015": 1895.9592184118196, "total_built_mass_tons": 994314.7107152176, "city_id": 11011, "country_iso": "CHN"}, {"h3index": "87318c2cbffffff", "population_2015": 2016.0898666582852, "total_built_mass_tons": 934805.5950210304, "city_id": 11011, "country_iso": "CHN"}, {"h3index": "87318c2ccffffff", "population_2015": 11902.61268048848, "total_built_mass_tons": 3185863.6237500887, "city_id": 11011, "country_iso": "CHN"}, {"h3index": "87318c2cdffffff", "population_2015": 9511.22949039048, "total_built_mass_tons": 3142698.4932128647, "city_id": 11011, "country_iso": "CHN"}, {"h3index": "87318c2ceffffff", "population_2015": 1772.526110070827, "total_built_mass_tons": 981189.78077637, "city_id": 11011, "country_iso": "CHN"}, {"h3index": "87318c2d0ffffff", "population_2015": 1056.0976685505289, "total_built_mass_tons": 426746.9391013044, "city_id": 11011, "country_iso": "CHN"}, {"h3index": "87318c2d1ffffff", "population_2015": 4729.37749250683, "total_built_mass_tons": 2073432.8687263103, "city_id": 11011, "country_iso": "CHN"}, {"h3index": "87318c2d2ffffff", "population_2015": 8.121556765425439, "total_built_mass_tons": 84809.74868929948, "city_id": 11011, "country_iso": "CHN"}, {"h3index": "87318c2d3ffffff", "population_2015": 7980.44441356238, "total_built_mass_tons": 2987754.173494665, "city_id": 11011, "country_iso": "CHN"}, {"h3index": "87318c2d5ffffff", "population_2015": 708.8540998117597, "total_built_mass_tons": 1200705.8598117705, "city_id": 11011, "country_iso": "CHN"}, {"h3index": "87318c2d8ffffff", "population_2015": 2445.677173215735, "total_built_mass_tons": 800768.61065761, "city_id": 11011, "country_iso": "CHN"}, {"h3index": "87318c2d9ffffff", "population_2015": 4914.418441873205, "total_built_mass_tons": 1177647.924659387, "city_id": 11011, "country_iso": "CHN"}, {"h3index": "87318c2daffffff", "population_2015": 2.8252525292190853, "total_built_mass_tons": 20090.934148007334, "city_id": 11011, "country_iso": "CHN"}, {"h3index": "87318c2dcffffff", "population_2015": 3177.799497085692, "total_built_mass_tons": 1095880.7217973096, "city_id": 11011, "country_iso": "CHN"}, {"h3index": "87318c2ddffffff", "population_2015": 2360.4229755532506, "total_built_mass_tons": 1347583.4123367432, "city_id": 11011, "country_iso": "CHN"}, {"h3index": "87318c2deffffff", "population_2015": 5852.038162742876, "total_built_mass_tons": 1729087.0542092328, "city_id": 11011, "country_iso": "CHN"}, {"h3index": "87318c2e9ffffff", "population_2015": 7.8930638107599, "total_built_mass_tons": 3975.028543868171, "city_id": 11011, "country_iso": "CHN"}, {"h3index": "87318c2eaffffff", "population_2015": 191.84470887090643, "total_built_mass_tons": 38759.70816941408, "city_id": 11011, "country_iso": "CHN"}, {"h3index": "87318c2ebffffff", "population_2015": 588.9646468583276, "total_built_mass_tons": 443114.36169429094, "city_id": 11011, "country_iso": "CHN"}, {"h3index": "87318d410ffffff", "population_2015": 1562.6443100361555, "total_built_mass_tons": 1478496.0746788557, "city_id": 11011, "country_iso": "CHN"}, {"h3index": "87318d412ffffff", "population_2015": 11762.742346018902, "total_built_mass_tons": 3523430.2447288292, "city_id": 11011, "country_iso": "CHN"}, {"h3index": "87318d413ffffff", "population_2015": 470.5828446332147, "total_built_mass_tons": 1400013.628834047, "city_id": 11011, "country_iso": "CHN"}, {"h3index": "87318d414ffffff", "population_2015": 90.27585942770042, "total_built_mass_tons": 1268692.8662498556, "city_id": 11011, "country_iso": "CHN"}, {"h3index": "87318d416ffffff", "population_2015": 36762.739167239735, "total_built_mass_tons": 7525405.098996954, "city_id": 11011, "country_iso": "CHN"}, {"h3index": "87318d432ffffff", "population_2015": 1.642804452170636, "total_built_mass_tons": 83640.01457878992, "city_id": 11011, "country_iso": "CHN"}, {"h3index": "87318d4a0ffffff", "population_2015": 1735.1091348975317, "total_built_mass_tons": 787950.230455599, "city_id": 11011, "country_iso": "CHN"}, {"h3index": "87318d4a1ffffff", "population_2015": 3810.645564663645, "total_built_mass_tons": 1926399.2443629445, "city_id": 11011, "country_iso": "CHN"}, {"h3index": "87318d4a4ffffff", "population_2015": 7674.737934756748, "total_built_mass_tons": 3317778.073314702, "city_id": 11011, "country_iso": "CHN"}, {"h3index": "87318d4a5ffffff", "population_2015": 4133.871803140643, "total_built_mass_tons": 4734438.693431186, "city_id": 11011, "country_iso": "CHN"}, {"h3index": "87318d4a6ffffff", "population_2015": 6625.2165095721975, "total_built_mass_tons": 1071488.6431606698, "city_id": 11011, "country_iso": "CHN"}, {"h3index": "87318d4acffffff", "population_2015": 738.4768544070862, "total_built_mass_tons": 2525199.5252801664, "city_id": 11011, "country_iso": "CHN"}, {"h3index": "87318d4b4ffffff", "population_2015": 10.538114010118967, "total_built_mass_tons": 18680.978020670944, "city_id": 11011, "country_iso": "CHN"}, {"h3index": "87318d4b5ffffff", "population_2015": 454.90023142683737, "total_built_mass_tons": 404269.34623073065, "city_id": 11011, "country_iso": "CHN"}, {"h3index": "87318d580ffffff", "population_2015": 14312.70985103191, "total_built_mass_tons": 6191131.069431712, "city_id": 11011, "country_iso": "CHN"}, {"h3index": "87318d581ffffff", "population_2015": 12984.43091735092, "total_built_mass_tons": 6867680.90489881, "city_id": 11011, "country_iso": "CHN"}, {"h3index": "87318d582ffffff", "population_2015": 13357.080354346475, "total_built_mass_tons": 4978678.905120894, "city_id": 11011, "country_iso": "CHN"}, {"h3index": "87318d583ffffff", "population_2015": 8300.740621746287, "total_built_mass_tons": 3788424.4732935224, "city_id": 11011, "country_iso": "CHN"}, {"h3index": "87318d584ffffff", "population_2015": 11678.395434596374, "total_built_mass_tons": 4240177.314002184, "city_id": 11011, "country_iso": "CHN"}, {"h3index": "87318d585ffffff", "population_2015": 12171.146072983507, "total_built_mass_tons": 6191162.922658913, "city_id": 11011, "country_iso": "CHN"}, {"h3index": "87318d586ffffff", "population_2015": 15989.8266344033, "total_built_mass_tons": 6226607.9762957655, "city_id": 11011, "country_iso": "CHN"}, {"h3index": "87318d588ffffff", "population_2015": 5901.599390095822, "total_built_mass_tons": 7444655.426295756, "city_id": 11011, "country_iso": "CHN"}, {"h3index": "87318d589ffffff", "population_2015": 4677.470866515836, "total_built_mass_tons": 8771262.361748092, "city_id": 11011, "country_iso": "CHN"}, {"h3index": "87318d58affffff", "population_2015": 16562.167882413494, "total_built_mass_tons": 5141774.919151734, "city_id": 11011, "country_iso": "CHN"}, {"h3index": "87318d58bffffff", "population_2015": 41091.766043210984, "total_built_mass_tons": 6105064.677465253, "city_id": 11011, "country_iso": "CHN"}, {"h3index": "87318d58cffffff", "population_2015": 3921.927161391926, "total_built_mass_tons": 3109232.754757088, "city_id": 11011, "country_iso": "CHN"}, {"h3index": "87318d58dffffff", "population_2015": 117.2672944961371, "total_built_mass_tons": 4915987.937309792, "city_id": 11011, "country_iso": "CHN"}, {"h3index": "87318d58effffff", "population_2015": 5537.807520767287, "total_built_mass_tons": 4487601.637604281, "city_id": 11011, "country_iso": "CHN"}, {"h3index": "87318d590ffffff", "population_2015": 7410.089057797077, "total_built_mass_tons": 2916631.7176388586, "city_id": 11011, "country_iso": "CHN"}, {"h3index": "87318d591ffffff", "population_2015": 62161.650592441176, "total_built_mass_tons": 4815653.829362951, "city_id": 11011, "country_iso": "CHN"}, {"h3index": "87318d592ffffff", "population_2015": 3107.2887641733764, "total_built_mass_tons": 1483314.6948149418, "city_id": 11011, "country_iso": "CHN"}, {"h3index": "87318d593ffffff", "population_2015": 8435.891951609596, "total_built_mass_tons": 1378195.72086041, "city_id": 11011, "country_iso": "CHN"}, {"h3index": "87318d594ffffff", "population_2015": 4735.579735861574, "total_built_mass_tons": 1553778.0126992338, "city_id": 11011, "country_iso": "CHN"}, {"h3index": "87318d595ffffff", "population_2015": 9959.819575522924, "total_built_mass_tons": 5765852.1245267205, "city_id": 11011, "country_iso": "CHN"}, {"h3index": "87318d596ffffff", "population_2015": 3463.160841336438, "total_built_mass_tons": 1234411.8764575757, "city_id": 11011, "country_iso": "CHN"}, {"h3index": "87318d598ffffff", "population_2015": 10200.453947669384, "total_built_mass_tons": 2288633.6503651077, "city_id": 11011, "country_iso": "CHN"}, {"h3index": "87318d599ffffff", "population_2015": 9325.243964673957, "total_built_mass_tons": 1855173.6000774936, "city_id": 11011, "country_iso": "CHN"}, {"h3index": "87318d59affffff", "population_2015": 1658.7821338349695, "total_built_mass_tons": 880570.2417378484, "city_id": 11011, "country_iso": "CHN"}, {"h3index": "87318d59bffffff", "population_2015": 3872.4814633960823, "total_built_mass_tons": 1987356.6275538085, "city_id": 11011, "country_iso": "CHN"}, {"h3index": "87318d59cffffff", "population_2015": 25046.930803512132, "total_built_mass_tons": 3132727.3690707777, "city_id": 11011, "country_iso": "CHN"}, {"h3index": "87318d59dffffff", "population_2015": 7764.480270858837, "total_built_mass_tons": 3989094.095027572, "city_id": 11011, "country_iso": "CHN"}, {"h3index": "87318d59effffff", "population_2015": 14503.541849072772, "total_built_mass_tons": 2263506.34368068, "city_id": 11011, "country_iso": "CHN"}, {"h3index": "87318d5a0ffffff", "population_2015": 113.94998042571774, "total_built_mass_tons": 639542.1673832526, "city_id": 11011, "country_iso": "CHN"}, {"h3index": "87318d5a1ffffff", "population_2015": 147.16890287410985, "total_built_mass_tons": 1610316.3317781324, "city_id": 11011, "country_iso": "CHN"}, {"h3index": "87318d5a2ffffff", "population_2015": 113875.45975088431, "total_built_mass_tons": 3981193.742443146, "city_id": 11011, "country_iso": "CHN"}, {"h3index": "87318d5a3ffffff", "population_2015": 35589.34864038825, "total_built_mass_tons": 4010348.6860600626, "city_id": 11011, "country_iso": "CHN"}, {"h3index": "87318d5a6ffffff", "population_2015": 377.8227835350761, "total_built_mass_tons": 1623677.155122745, "city_id": 11011, "country_iso": "CHN"}, {"h3index": "87318d5a8ffffff", "population_2015": 71.99635259868465, "total_built_mass_tons": 1942442.253938262, "city_id": 11011, "country_iso": "CHN"}, {"h3index": "87318d5aaffffff", "population_2015": 6009.185695834313, "total_built_mass_tons": 5044715.840416833, "city_id": 11011, "country_iso": "CHN"}, {"h3index": "87318d5abffffff", "population_2015": 54.17222842942266, "total_built_mass_tons": 1031729.5442679283, "city_id": 11011, "country_iso": "CHN"}, {"h3index": "87318d5acffffff", "population_2015": 134.06393634498704, "total_built_mass_tons": 2324274.6188382134, "city_id": 11011, "country_iso": "CHN"}, {"h3index": "87318d5adffffff", "population_2015": 26.932361874627126, "total_built_mass_tons": 214223.7285906324, "city_id": 11011, "country_iso": "CHN"}, {"h3index": "87318d5aeffffff", "population_2015": 1774.685495147109, "total_built_mass_tons": 4470913.859859937, "city_id": 11011, "country_iso": "CHN"}, {"h3index": "87318d5b0ffffff", "population_2015": 13416.597622376325, "total_built_mass_tons": 3008935.9648505254, "city_id": 11011, "country_iso": "CHN"}, {"h3index": "87318d5b1ffffff", "population_2015": 13298.58965755771, "total_built_mass_tons": 5436544.774064083, "city_id": 11011, "country_iso": "CHN"}, {"h3index": "87318d5b2ffffff", "population_2015": 27285.54021216375, "total_built_mass_tons": 4346735.690262316, "city_id": 11011, "country_iso": "CHN"}, {"h3index": "87318d5b3ffffff", "population_2015": 13976.843012776097, "total_built_mass_tons": 5273037.277177947, "city_id": 11011, "country_iso": "CHN"}, {"h3index": "87318d5b4ffffff", "population_2015": 1002.447709961966, "total_built_mass_tons": 1206109.3691262444, "city_id": 11011, "country_iso": "CHN"}, {"h3index": "87318d5b5ffffff", "population_2015": 1474.708351253177, "total_built_mass_tons": 4230617.437535255, "city_id": 11011, "country_iso": "CHN"}, {"h3index": "87318d5b6ffffff", "population_2015": 4190.135754096273, "total_built_mass_tons": 759036.6458752229, "city_id": 11011, "country_iso": "CHN"}]