[{"h3index":"873c16a41ffffff","population_2015":1173.3191466911,"total_built_mass_tons":247344.0413817656,"city_id":8539,"country_iso":"IND"},{"h3index":"873c16a45ffffff","population_2015":322.3142152898,"total_built_mass_tons":32430.4578220179,"city_id":8539,"country_iso":"IND"},{"h3index":"873c16a68ffffff","population_2015":1.2239437103,"total_built_mass_tons":1939.3685863743,"city_id":8539,"country_iso":"IND"},{"h3index":"873c16a6affffff","population_2015":3520.5937496335,"total_built_mass_tons":446213.1553349502,"city_id":8539,"country_iso":"IND"},{"h3index":"873c16a6effffff","population_2015":42.8402890598,"total_built_mass_tons":19542.6934023225,"city_id":8539,"country_iso":"IND"}]