[{"h3index":"87408ba80ffffff","population_2015":27.1990236806,"total_built_mass_tons":21924.9636500187,"city_id":10352,"country_iso":"CHN"},{"h3index":"87408ba81ffffff","population_2015":304.372159122,"total_built_mass_tons":290474.8606419876,"city_id":10352,"country_iso":"CHN"},{"h3index":"87408ba85ffffff","population_2015":492.6992418046,"total_built_mass_tons":385114.4001017805,"city_id":10352,"country_iso":"CHN"},{"h3index":"87408ba8cffffff","population_2015":1151.7913532678,"total_built_mass_tons":499074.5996425587,"city_id":10352,"country_iso":"CHN"},{"h3index":"87408ba8dffffff","population_2015":112.5058685593,"total_built_mass_tons":92586.5003724919,"city_id":10352,"country_iso":"CHN"},{"h3index":"87408baa8ffffff","population_2015":10844.4875114011,"total_built_mass_tons":2083909.0301319992,"city_id":10352,"country_iso":"CHN"},{"h3index":"87408baa9ffffff","population_2015":43.4771033081,"total_built_mass_tons":21032.7249993615,"city_id":10352,"country_iso":"CHN"},{"h3index":"87408baaaffffff","population_2015":19128.6631718635,"total_built_mass_tons":3788850.691523239,"city_id":10352,"country_iso":"CHN"},{"h3index":"87408baabffffff","population_2015":10371.3515821756,"total_built_mass_tons":2676216.1736994092,"city_id":10352,"country_iso":"CHN"},{"h3index":"87408baadffffff","population_2015":0.2991440268,"total_built_mass_tons":658.4124528239,"city_id":10352,"country_iso":"CHN"},{"h3index":"87408baaeffffff","population_2015":848.1893013187,"total_built_mass_tons":200493.3445471387,"city_id":10352,"country_iso":"CHN"},{"h3index":"87408baf6ffffff","population_2015":206.1535347546,"total_built_mass_tons":128619.0961658917,"city_id":10352,"country_iso":"CHN"}]