[{"h3index":"8724c2044ffffff","population_2015":39.091444856,"total_built_mass_tons":61461.158080039,"city_id":10148,"country_iso":"CHN"},{"h3index":"8724c2062ffffff","population_2015":2160.5709117721,"total_built_mass_tons":780875.5396536734,"city_id":10148,"country_iso":"CHN"},{"h3index":"8724c2066ffffff","population_2015":188.5344754126,"total_built_mass_tons":100364.1958388986,"city_id":10148,"country_iso":"CHN"},{"h3index":"8724c2070ffffff","population_2015":8.1994172059,"total_built_mass_tons":5391.4432897717,"city_id":10148,"country_iso":"CHN"},{"h3index":"8724c2071ffffff","population_2015":538.1619799427,"total_built_mass_tons":229163.3897574901,"city_id":10148,"country_iso":"CHN"},{"h3index":"8724c2074ffffff","population_2015":10002.5919330634,"total_built_mass_tons":1869104.4665910313,"city_id":10148,"country_iso":"CHN"},{"h3index":"8724c2075ffffff","population_2015":12063.1934104807,"total_built_mass_tons":2956181.0291589489,"city_id":10148,"country_iso":"CHN"},{"h3index":"8724c215affffff","population_2015":226.3185053545,"total_built_mass_tons":45350.37581791,"city_id":10148,"country_iso":"CHN"},{"h3index":"8724c215bffffff","population_2015":4161.4260977801,"total_built_mass_tons":1203251.84944954,"city_id":10148,"country_iso":"CHN"}]