[{"h3index": "873080340ffffff", "population_2015": 144.12105382190032, "total_built_mass_tons": 248990.5769166913, "city_id": 12076, "country_iso": "CHN"}, {"h3index": "873080341ffffff", "population_2015": 375.49879432566024, "total_built_mass_tons": 195807.96753711815, "city_id": 12076, "country_iso": "CHN"}, {"h3index": "873080345ffffff", "population_2015": 247.7369801745695, "total_built_mass_tons": 285941.5939206815, "city_id": 12076, "country_iso": "CHN"}, {"h3index": "873080348ffffff", "population_2015": 152.20287086168923, "total_built_mass_tons": 139041.1438214436, "city_id": 12076, "country_iso": "CHN"}, {"h3index": "873080349ffffff", "population_2015": 117.2928163949181, "total_built_mass_tons": 119983.88158849096, "city_id": 12076, "country_iso": "CHN"}, {"h3index": "87308034cffffff", "population_2015": 4522.362809917973, "total_built_mass_tons": 1159725.272176216, "city_id": 12076, "country_iso": "CHN"}, {"h3index": "87308034dffffff", "population_2015": 2913.15575449233, "total_built_mass_tons": 1100109.0702095209, "city_id": 12076, "country_iso": "CHN"}, {"h3index": "87308034effffff", "population_2015": 7.990676634919409, "total_built_mass_tons": 13623.857945510284, "city_id": 12076, "country_iso": "CHN"}, {"h3index": "873080368ffffff", "population_2015": 12.545801647036685, "total_built_mass_tons": 19104.128707388787, "city_id": 12076, "country_iso": "CHN"}, {"h3index": "873080369ffffff", "population_2015": 2625.3503891514797, "total_built_mass_tons": 1601010.66232633, "city_id": 12076, "country_iso": "CHN"}, {"h3index": "87308036affffff", "population_2015": 1329.5005976910682, "total_built_mass_tons": 967035.8740070808, "city_id": 12076, "country_iso": "CHN"}, {"h3index": "87308036bffffff", "population_2015": 7173.808841682883, "total_built_mass_tons": 1758594.3853199757, "city_id": 12076, "country_iso": "CHN"}, {"h3index": "873081c84ffffff", "population_2015": 2080.725663041602, "total_built_mass_tons": 913671.9647647552, "city_id": 12076, "country_iso": "CHN"}, {"h3index": "873081c86ffffff", "population_2015": 369.36204775641943, "total_built_mass_tons": 325213.5667014546, "city_id": 12076, "country_iso": "CHN"}, {"h3index": "873081ca2ffffff", "population_2015": 2718.113790686925, "total_built_mass_tons": 1012470.3991120264, "city_id": 12076, "country_iso": "CHN"}, {"h3index": "873081ca6ffffff", "population_2015": 10.083374449786016, "total_built_mass_tons": 6065.316744009472, "city_id": 12076, "country_iso": "CHN"}, {"h3index": "873081cb0ffffff", "population_2015": 23442.074663035077, "total_built_mass_tons": 4784076.684948389, "city_id": 12076, "country_iso": "CHN"}, {"h3index": "873081cb1ffffff", "population_2015": 9172.10375070759, "total_built_mass_tons": 4447335.975695583, "city_id": 12076, "country_iso": "CHN"}, {"h3index": "873081cb2ffffff", "population_2015": 6549.456921536315, "total_built_mass_tons": 2000256.8158046408, "city_id": 12076, "country_iso": "CHN"}, {"h3index": "873081cb3ffffff", "population_2015": 1631.1932540977705, "total_built_mass_tons": 825977.2151587538, "city_id": 12076, "country_iso": "CHN"}, {"h3index": "873081cb4ffffff", "population_2015": 8069.449257535562, "total_built_mass_tons": 2173827.838306031, "city_id": 12076, "country_iso": "CHN"}, {"h3index": "873081cb5ffffff", "population_2015": 6214.930274626788, "total_built_mass_tons": 2077989.599482229, "city_id": 12076, "country_iso": "CHN"}, {"h3index": "873081cb6ffffff", "population_2015": 22913.320157357753, "total_built_mass_tons": 5095240.698946437, "city_id": 12076, "country_iso": "CHN"}, {"h3index": "873081d9affffff", "population_2015": 16.90021299754872, "total_built_mass_tons": 25403.77073198405, "city_id": 12076, "country_iso": "CHN"}, {"h3index": "873081d9bffffff", "population_2015": 304.39898511475207, "total_built_mass_tons": 193285.73456410956, "city_id": 12076, "country_iso": "CHN"}]