[{"h3index":"873cc5881ffffff","population_2015":88.182800293,"total_built_mass_tons":40816.7702071443,"city_id":10027,"country_iso":"IND"},{"h3index":"873cc5883ffffff","population_2015":9.9089212418,"total_built_mass_tons":31542.9144468875,"city_id":10027,"country_iso":"IND"},{"h3index":"873cc589cffffff","population_2015":10.5907993317,"total_built_mass_tons":28232.4059743344,"city_id":10027,"country_iso":"IND"},{"h3index":"873cc589effffff","population_2015":64.3885345459,"total_built_mass_tons":25217.1990182165,"city_id":10027,"country_iso":"IND"},{"h3index":"873cc5c68ffffff","population_2015":49.9473800659,"total_built_mass_tons":34498.3693798191,"city_id":10027,"country_iso":"IND"},{"h3index":"873cc5c6affffff","population_2015":154.2200126648,"total_built_mass_tons":78381.9575417506,"city_id":10027,"country_iso":"IND"}]