[{"h3index":"8740f5049ffffff","population_2015":113.6134870716,"total_built_mass_tons":75484.3807292572,"city_id":10436,"country_iso":"CHN"},{"h3index":"8740f5310ffffff","population_2015":14833.6364848118,"total_built_mass_tons":3416232.9269469636,"city_id":10436,"country_iso":"CHN"},{"h3index":"8740f5311ffffff","population_2015":546.2260149413,"total_built_mass_tons":96171.643940957,"city_id":10436,"country_iso":"CHN"},{"h3index":"8740f5314ffffff","population_2015":13356.0305163365,"total_built_mass_tons":3321833.9108339124,"city_id":10436,"country_iso":"CHN"},{"h3index":"8740f5315ffffff","population_2015":8780.9408442095,"total_built_mass_tons":2716986.9439809136,"city_id":10436,"country_iso":"CHN"},{"h3index":"8740f5316ffffff","population_2015":5512.6986842137,"total_built_mass_tons":640920.7938700389,"city_id":10436,"country_iso":"CHN"},{"h3index":"8740f5333ffffff","population_2015":552.2978920282,"total_built_mass_tons":89327.8874085181,"city_id":10436,"country_iso":"CHN"}]