[{"h3index": "871943c26ffffff", "population_2015": 467.7256155476851, "total_built_mass_tons": 149793.52747027858, "city_id": 1915, "country_iso": "GBR"}, {"h3index": "871943c34ffffff", "population_2015": 3861.5875660349343, "total_built_mass_tons": 1515451.5391064486, "city_id": 1915, "country_iso": "GBR"}, {"h3index": "871943c35ffffff", "population_2015": 373.89364969403147, "total_built_mass_tons": 116048.52091818771, "city_id": 1915, "country_iso": "GBR"}, {"h3index": "871943d00ffffff", "population_2015": 8683.272809073036, "total_built_mass_tons": 2451538.6018824466, "city_id": 1915, "country_iso": "GBR"}, {"h3index": "871943d02ffffff", "population_2015": 10874.702998623896, "total_built_mass_tons": 2842214.1143735894, "city_id": 1915, "country_iso": "GBR"}, {"h3index": "871943d03ffffff", "population_2015": 5687.923779965323, "total_built_mass_tons": 2291910.00185272, "city_id": 1915, "country_iso": "GBR"}, {"h3index": "871943d06ffffff", "population_2015": 1192.2652164692972, "total_built_mass_tons": 238460.97775673663, "city_id": 1915, "country_iso": "GBR"}, {"h3index": "871943d11ffffff", "population_2015": 29.049831790550083, "total_built_mass_tons": 11083.423301159848, "city_id": 1915, "country_iso": "GBR"}, {"h3index": "871943d15ffffff", "population_2015": 44.05402152865541, "total_built_mass_tons": 19796.19571758092, "city_id": 1915, "country_iso": "GBR"}, {"h3index": "871943d18ffffff", "population_2015": 11025.318330557677, "total_built_mass_tons": 2774242.3659959123, "city_id": 1915, "country_iso": "GBR"}, {"h3index": "871943d19ffffff", "population_2015": 3288.321626058279, "total_built_mass_tons": 742209.3721414125, "city_id": 1915, "country_iso": "GBR"}, {"h3index": "871943d1affffff", "population_2015": 5583.841026377795, "total_built_mass_tons": 2578695.6939349277, "city_id": 1915, "country_iso": "GBR"}, {"h3index": "871943d1bffffff", "population_2015": 7574.59478752847, "total_built_mass_tons": 2362094.098817056, "city_id": 1915, "country_iso": "GBR"}, {"h3index": "871943d1cffffff", "population_2015": 15796.693712870278, "total_built_mass_tons": 4212964.341483535, "city_id": 1915, "country_iso": "GBR"}, {"h3index": "871943d1dffffff", "population_2015": 279.0676228869195, "total_built_mass_tons": 142598.4833225952, "city_id": 1915, "country_iso": "GBR"}, {"h3index": "871943d1effffff", "population_2015": 3102.741551010749, "total_built_mass_tons": 776500.3584928784, "city_id": 1915, "country_iso": "GBR"}, {"h3index": "871943da9ffffff", "population_2015": 31.024572720948388, "total_built_mass_tons": 29666.42790626184, "city_id": 1915, "country_iso": "GBR"}, {"h3index": "871943dadffffff", "population_2015": 4143.137448520287, "total_built_mass_tons": 646956.5087862138, "city_id": 1915, "country_iso": "GBR"}]