[{"h3index": "871942492ffffff", "population_2015": 560.4069893117044, "total_built_mass_tons": 157310.17866427772, "city_id": 1778, "country_iso": "GBR"}, {"h3index": "871951860ffffff", "population_2015": 5573.464158561301, "total_built_mass_tons": 1290023.7718129768, "city_id": 1778, "country_iso": "GBR"}, {"h3index": "871951861ffffff", "population_2015": 5228.608473472266, "total_built_mass_tons": 1444826.2793027763, "city_id": 1778, "country_iso": "GBR"}, {"h3index": "871951864ffffff", "population_2015": 7135.295837825419, "total_built_mass_tons": 2438644.0466939416, "city_id": 1778, "country_iso": "GBR"}, {"h3index": "871951865ffffff", "population_2015": 6999.3058801830975, "total_built_mass_tons": 1702591.7590434626, "city_id": 1778, "country_iso": "GBR"}, {"h3index": "871951866ffffff", "population_2015": 2843.67714920418, "total_built_mass_tons": 625739.9403754999, "city_id": 1778, "country_iso": "GBR"}, {"h3index": "871951875ffffff", "population_2015": 197.08715244555003, "total_built_mass_tons": 88893.5622775952, "city_id": 1778, "country_iso": "GBR"}, {"h3index": "871951940ffffff", "population_2015": 681.1842590677971, "total_built_mass_tons": 255801.44942427176, "city_id": 1778, "country_iso": "GBR"}, {"h3index": "871951942ffffff", "population_2015": 23.489166693593944, "total_built_mass_tons": 10016.420323398732, "city_id": 1778, "country_iso": "GBR"}, {"h3index": "871951943ffffff", "population_2015": 3532.860465667996, "total_built_mass_tons": 1061017.9871728942, "city_id": 1778, "country_iso": "GBR"}, {"h3index": "871951948ffffff", "population_2015": 3174.7218938194064, "total_built_mass_tons": 742391.5773071068, "city_id": 1778, "country_iso": "GBR"}, {"h3index": "87195194affffff", "population_2015": 13040.007482321582, "total_built_mass_tons": 3471964.690275518, "city_id": 1778, "country_iso": "GBR"}, {"h3index": "87195194bffffff", "population_2015": 524.9208262028646, "total_built_mass_tons": 1052756.2292394603, "city_id": 1778, "country_iso": "GBR"}, {"h3index": "87195194effffff", "population_2015": 9734.674397244404, "total_built_mass_tons": 3053903.8054434257, "city_id": 1778, "country_iso": "GBR"}, {"h3index": "871951958ffffff", "population_2015": 2179.276482175378, "total_built_mass_tons": 416418.3574590055, "city_id": 1778, "country_iso": "GBR"}, {"h3index": "871951959ffffff", "population_2015": 16104.439698659671, "total_built_mass_tons": 3883090.100069179, "city_id": 1778, "country_iso": "GBR"}, {"h3index": "87195195bffffff", "population_2015": 2670.3214257057966, "total_built_mass_tons": 644796.2617839931, "city_id": 1778, "country_iso": "GBR"}, {"h3index": "87195195cffffff", "population_2015": 849.4802073057961, "total_built_mass_tons": 270225.02320455963, "city_id": 1778, "country_iso": "GBR"}, {"h3index": "87195195dffffff", "population_2015": 21084.845604890936, "total_built_mass_tons": 3811508.406748807, "city_id": 1778, "country_iso": "GBR"}]