[{"h3index":"87c2ced01ffffff","population_2015":62.2352811795,"total_built_mass_tons":46659.2024997139,"city_id":1098,"country_iso":"URY"},{"h3index":"87c2ced05ffffff","population_2015":301.0122149785,"total_built_mass_tons":107376.2565057867,"city_id":1098,"country_iso":"URY"},{"h3index":"87c2ced0cffffff","population_2015":3336.338774222,"total_built_mass_tons":491642.4545536998,"city_id":1098,"country_iso":"URY"},{"h3index":"87c2ced0dffffff","population_2015":950.2200346666,"total_built_mass_tons":227054.3142423042,"city_id":1098,"country_iso":"URY"},{"h3index":"87c2ced21ffffff","population_2015":95.6752500459,"total_built_mass_tons":26277.0157274351,"city_id":1098,"country_iso":"URY"},{"h3index":"87c2ced28ffffff","population_2015":16931.8099062078,"total_built_mass_tons":3740098.3895229991,"city_id":1098,"country_iso":"URY"},{"h3index":"87c2ced29ffffff","population_2015":673.6133157422,"total_built_mass_tons":244622.4794253088,"city_id":1098,"country_iso":"URY"},{"h3index":"87c2ced2affffff","population_2015":14203.1959271562,"total_built_mass_tons":2829990.972480109,"city_id":1098,"country_iso":"URY"},{"h3index":"87c2ced2bffffff","population_2015":7523.0117704186,"total_built_mass_tons":1782863.0894272677,"city_id":1098,"country_iso":"URY"},{"h3index":"87c2ced2cffffff","population_2015":3607.013355947,"total_built_mass_tons":542764.4662103574,"city_id":1098,"country_iso":"URY"},{"h3index":"87c2ced2dffffff","population_2015":2035.7996905247,"total_built_mass_tons":278775.4905538587,"city_id":1098,"country_iso":"URY"},{"h3index":"87c2ced2effffff","population_2015":5885.4149393306,"total_built_mass_tons":1242776.4603186373,"city_id":1098,"country_iso":"URY"}]