[{"h3index": "8740a9a80ffffff", "population_2015": 6822.362739959416, "total_built_mass_tons": 3607613.9876446375, "city_id": 10708, "country_iso": "CHN"}, {"h3index": "8740a9a81ffffff", "population_2015": 5853.011555441688, "total_built_mass_tons": 3185776.1001502313, "city_id": 10708, "country_iso": "CHN"}, {"h3index": "8740a9a82ffffff", "population_2015": 10485.075647735595, "total_built_mass_tons": 4356825.613845568, "city_id": 10708, "country_iso": "CHN"}, {"h3index": "8740a9a83ffffff", "population_2015": 2078.5218521753945, "total_built_mass_tons": 931377.0936070326, "city_id": 10708, "country_iso": "CHN"}, {"h3index": "8740a9a84ffffff", "population_2015": 263.64025056502396, "total_built_mass_tons": 39560.97830810682, "city_id": 10708, "country_iso": "CHN"}, {"h3index": "8740a9a86ffffff", "population_2015": 8123.570156675226, "total_built_mass_tons": 2837716.178657315, "city_id": 10708, "country_iso": "CHN"}, {"h3index": "8740a9a8cffffff", "population_2015": 52.3255085664637, "total_built_mass_tons": 10379.07609126425, "city_id": 10708, "country_iso": "CHN"}, {"h3index": "8740a9a8effffff", "population_2015": 16.81092362497367, "total_built_mass_tons": 6641.64742521267, "city_id": 10708, "country_iso": "CHN"}, {"h3index": "8740a9a90ffffff", "population_2015": 5039.542839331721, "total_built_mass_tons": 1384917.6779571257, "city_id": 10708, "country_iso": "CHN"}, {"h3index": "8740a9a91ffffff", "population_2015": 3043.69932866751, "total_built_mass_tons": 653553.7396328507, "city_id": 10708, "country_iso": "CHN"}, {"h3index": "8740a9a94ffffff", "population_2015": 724.1240291810501, "total_built_mass_tons": 336636.70127989753, "city_id": 10708, "country_iso": "CHN"}, {"h3index": "8740a9a95ffffff", "population_2015": 16970.781277761267, "total_built_mass_tons": 2837989.851578465, "city_id": 10708, "country_iso": "CHN"}, {"h3index": "8740a9aaaffffff", "population_2015": 6.882948520136814, "total_built_mass_tons": 12062.511295327597, "city_id": 10708, "country_iso": "CHN"}, {"h3index": "8740a9ab3ffffff", "population_2015": 156.3402526556277, "total_built_mass_tons": 142174.15496298636, "city_id": 10708, "country_iso": "CHN"}]