[{"h3index":"874172081ffffff","population_2015":1567.1262244187,"total_built_mass_tons":728241.7188566609,"city_id":11882,"country_iso":"CHN"},{"h3index":"874172084ffffff","population_2015":1665.5164682089,"total_built_mass_tons":403198.9737307208,"city_id":11882,"country_iso":"CHN"},{"h3index":"874172085ffffff","population_2015":34149.7955631892,"total_built_mass_tons":3683303.9415668719,"city_id":11882,"country_iso":"CHN"},{"h3index":"874172088ffffff","population_2015":38.9952540996,"total_built_mass_tons":34793.1524603105,"city_id":11882,"country_iso":"CHN"},{"h3index":"87417208cffffff","population_2015":6399.0480335292,"total_built_mass_tons":1126197.5944513881,"city_id":11882,"country_iso":"CHN"},{"h3index":"87417208effffff","population_2015":254.1797884118,"total_built_mass_tons":91676.3248402777,"city_id":11882,"country_iso":"CHN"},{"h3index":"8741720a3ffffff","population_2015":675.8505480897,"total_built_mass_tons":87247.0559248701,"city_id":11882,"country_iso":"CHN"},{"h3index":"8741720a8ffffff","population_2015":971.3066350348,"total_built_mass_tons":780318.5627496045,"city_id":11882,"country_iso":"CHN"},{"h3index":"8741720a9ffffff","population_2015":152.190385941,"total_built_mass_tons":111500.2287745154,"city_id":11882,"country_iso":"CHN"},{"h3index":"8741720aaffffff","population_2015":40772.2992060586,"total_built_mass_tons":6044343.1126873847,"city_id":11882,"country_iso":"CHN"},{"h3index":"8741720abffffff","population_2015":307.0047823999,"total_built_mass_tons":150655.4270489968,"city_id":11882,"country_iso":"CHN"},{"h3index":"8741720aeffffff","population_2015":10815.3146607913,"total_built_mass_tons":2255075.1851834487,"city_id":11882,"country_iso":"CHN"}]