[{"h3index": "876034200ffffff", "population_2015": 22.681243896484375, "total_built_mass_tons": 20181.411610941177, "city_id": 8344, "country_iso": "IND"}, {"h3index": "876034205ffffff", "population_2015": 5281.544993666106, "total_built_mass_tons": 640932.533074386, "city_id": 8344, "country_iso": "IND"}, {"h3index": "87603420cffffff", "population_2015": 884.9186512890984, "total_built_mass_tons": 232547.5974917272, "city_id": 8344, "country_iso": "IND"}, {"h3index": "876034220ffffff", "population_2015": 1583.0144399007163, "total_built_mass_tons": 289233.7170236235, "city_id": 8344, "country_iso": "IND"}, {"h3index": "876034221ffffff", "population_2015": 39639.91569097182, "total_built_mass_tons": 2030587.0770457112, "city_id": 8344, "country_iso": "IND"}, {"h3index": "876034222ffffff", "population_2015": 332.77759067311007, "total_built_mass_tons": 128753.92725252394, "city_id": 8344, "country_iso": "IND"}, {"h3index": "876034223ffffff", "population_2015": 27161.01423727297, "total_built_mass_tons": 1509578.5750029655, "city_id": 8344, "country_iso": "IND"}, {"h3index": "876034224ffffff", "population_2015": 152.95608295365875, "total_built_mass_tons": 89939.0710731377, "city_id": 8344, "country_iso": "IND"}, {"h3index": "876034225ffffff", "population_2015": 17543.62713476443, "total_built_mass_tons": 942701.2094345816, "city_id": 8344, "country_iso": "IND"}, {"h3index": "876034226ffffff", "population_2015": 480.9203341240977, "total_built_mass_tons": 94127.81739352163, "city_id": 8344, "country_iso": "IND"}, {"h3index": "876034228ffffff", "population_2015": 34924.472633735815, "total_built_mass_tons": 1582236.7066917326, "city_id": 8344, "country_iso": "IND"}, {"h3index": "876034229ffffff", "population_2015": 48243.33572903802, "total_built_mass_tons": 2139571.4717608, "city_id": 8344, "country_iso": "IND"}, {"h3index": "87603422affffff", "population_2015": 5229.890898124844, "total_built_mass_tons": 1003938.2631565976, "city_id": 8344, "country_iso": "IND"}, {"h3index": "87603422bffffff", "population_2015": 13341.665130211326, "total_built_mass_tons": 979393.653501228, "city_id": 8344, "country_iso": "IND"}, {"h3index": "87603422cffffff", "population_2015": 101967.95213545258, "total_built_mass_tons": 3878550.3217908097, "city_id": 8344, "country_iso": "IND"}, {"h3index": "87603422dffffff", "population_2015": 68838.2152347041, "total_built_mass_tons": 2834607.658400203, "city_id": 8344, "country_iso": "IND"}, {"h3index": "87603422effffff", "population_2015": 42310.483773025815, "total_built_mass_tons": 2511388.4659113716, "city_id": 8344, "country_iso": "IND"}, {"h3index": "876034235ffffff", "population_2015": 2602.779099228803, "total_built_mass_tons": 219428.1363878324, "city_id": 8344, "country_iso": "IND"}, {"h3index": "876034266ffffff", "population_2015": 19.878511541029987, "total_built_mass_tons": 10823.070163332268, "city_id": 8344, "country_iso": "IND"}, {"h3index": "876034350ffffff", "population_2015": 3187.735104310279, "total_built_mass_tons": 317590.21294827893, "city_id": 8344, "country_iso": "IND"}, {"h3index": "876034351ffffff", "population_2015": 7417.794526373172, "total_built_mass_tons": 458763.7562401775, "city_id": 8344, "country_iso": "IND"}, {"h3index": "876034352ffffff", "population_2015": 60174.40127377977, "total_built_mass_tons": 2410285.7340286523, "city_id": 8344, "country_iso": "IND"}, {"h3index": "876034353ffffff", "population_2015": 87680.04844132964, "total_built_mass_tons": 3338618.4341497244, "city_id": 8344, "country_iso": "IND"}, {"h3index": "876034354ffffff", "population_2015": 70.86715698242188, "total_built_mass_tons": 72293.81020094804, "city_id": 8344, "country_iso": "IND"}, {"h3index": "876034356ffffff", "population_2015": 1362.7329305761, "total_built_mass_tons": 165048.37804792522, "city_id": 8344, "country_iso": "IND"}, {"h3index": "876034358ffffff", "population_2015": 4905.84232602587, "total_built_mass_tons": 336857.44843892206, "city_id": 8344, "country_iso": "IND"}, {"h3index": "876034359ffffff", "population_2015": 8530.129286059211, "total_built_mass_tons": 620378.1195434673, "city_id": 8344, "country_iso": "IND"}, {"h3index": "87603435affffff", "population_2015": 14896.71874787574, "total_built_mass_tons": 608623.7426813557, "city_id": 8344, "country_iso": "IND"}, {"h3index": "87603435bffffff", "population_2015": 34.274986267089844, "total_built_mass_tons": 54041.54555066677, "city_id": 8344, "country_iso": "IND"}, {"h3index": "87603435cffffff", "population_2015": 62.60978126525879, "total_built_mass_tons": 98235.06105454368, "city_id": 8344, "country_iso": "IND"}, {"h3index": "87603435dffffff", "population_2015": 495.1025597366632, "total_built_mass_tons": 63268.37254847248, "city_id": 8344, "country_iso": "IND"}, {"h3index": "87603435effffff", "population_2015": 45842.22260335286, "total_built_mass_tons": 1572343.288840194, "city_id": 8344, "country_iso": "IND"}]