[{"h3index":"873158944ffffff","population_2015":79.6789831087,"total_built_mass_tons":61121.8018670015,"city_id":12257,"country_iso":"PRK"},{"h3index":"873158960ffffff","population_2015":1508.8449477009,"total_built_mass_tons":1148398.2625225361,"city_id":12257,"country_iso":"PRK"},{"h3index":"873158962ffffff","population_2015":1174.3979134186,"total_built_mass_tons":920021.0908860556,"city_id":12257,"country_iso":"PRK"},{"h3index":"873158964ffffff","population_2015":266.194148735,"total_built_mass_tons":130648.722080739,"city_id":12257,"country_iso":"PRK"},{"h3index":"873158965ffffff","population_2015":78.3615621903,"total_built_mass_tons":57064.1287761571,"city_id":12257,"country_iso":"PRK"},{"h3index":"873158966ffffff","population_2015":1114.0793274057,"total_built_mass_tons":813321.2311017066,"city_id":12257,"country_iso":"PRK"},{"h3index":"873158975ffffff","population_2015":119.1920762268,"total_built_mass_tons":72122.449609661,"city_id":12257,"country_iso":"PRK"},{"h3index":"87315c2c8ffffff","population_2015":290.0827968223,"total_built_mass_tons":140500.5294272747,"city_id":12257,"country_iso":"PRK"},{"h3index":"87315c2c9ffffff","population_2015":501.9343493368,"total_built_mass_tons":291756.0636829682,"city_id":12257,"country_iso":"PRK"},{"h3index":"87315c2caffffff","population_2015":5.0315984689,"total_built_mass_tons":2660.3482681952,"city_id":12257,"country_iso":"PRK"},{"h3index":"87315c2cbffffff","population_2015":90.7984670003,"total_built_mass_tons":103746.4608835531,"city_id":12257,"country_iso":"PRK"},{"h3index":"87315d594ffffff","population_2015":33.7293581906,"total_built_mass_tons":18166.1557765657,"city_id":12257,"country_iso":"PRK"},{"h3index":"87315d596ffffff","population_2015":46.8247364082,"total_built_mass_tons":22107.3993309921,"city_id":12257,"country_iso":"PRK"}]