[{"h3index": "876085a49ffffff", "population_2015": 2198.771922393874, "total_built_mass_tons": 624240.3361528699, "city_id": 7510, "country_iso": "IND"}, {"h3index": "8760aad00ffffff", "population_2015": 25.09409902236041, "total_built_mass_tons": 5816.498719254328, "city_id": 7510, "country_iso": "IND"}, {"h3index": "8760aad02ffffff", "population_2015": 9325.48584457846, "total_built_mass_tons": 1183582.2976115143, "city_id": 7510, "country_iso": "IND"}, {"h3index": "8760aad03ffffff", "population_2015": 742.0226574131084, "total_built_mass_tons": 228673.8760308381, "city_id": 7510, "country_iso": "IND"}, {"h3index": "8760aad06ffffff", "population_2015": 15436.905597387577, "total_built_mass_tons": 1532489.2876842932, "city_id": 7510, "country_iso": "IND"}, {"h3index": "8760aad10ffffff", "population_2015": 8845.39770905925, "total_built_mass_tons": 1121285.984542634, "city_id": 7510, "country_iso": "IND"}, {"h3index": "8760aad11ffffff", "population_2015": 3729.294869912839, "total_built_mass_tons": 492999.6323312855, "city_id": 7510, "country_iso": "IND"}, {"h3index": "8760aad12ffffff", "population_2015": 163.05407524482874, "total_built_mass_tons": 82529.39595749917, "city_id": 7510, "country_iso": "IND"}, {"h3index": "8760aad14ffffff", "population_2015": 2398.785582972507, "total_built_mass_tons": 426415.83234194666, "city_id": 7510, "country_iso": "IND"}, {"h3index": "8760aad15ffffff", "population_2015": 34424.16038835564, "total_built_mass_tons": 3048146.6749162953, "city_id": 7510, "country_iso": "IND"}, {"h3index": "8760aad16ffffff", "population_2015": 242.67614682141473, "total_built_mass_tons": 59672.9614452441, "city_id": 7510, "country_iso": "IND"}, {"h3index": "8760aad1cffffff", "population_2015": 489.91681212630925, "total_built_mass_tons": 163284.60671980373, "city_id": 7510, "country_iso": "IND"}, {"h3index": "8760aad30ffffff", "population_2015": 210.00131725610473, "total_built_mass_tons": 52740.75391564544, "city_id": 7510, "country_iso": "IND"}, {"h3index": "8760aad31ffffff", "population_2015": 12369.008831998412, "total_built_mass_tons": 1434176.2480162363, "city_id": 7510, "country_iso": "IND"}, {"h3index": "8760aad32ffffff", "population_2015": 4739.920510841818, "total_built_mass_tons": 770432.7809980328, "city_id": 7510, "country_iso": "IND"}, {"h3index": "8760aad33ffffff", "population_2015": 24701.773246959605, "total_built_mass_tons": 2571663.19194505, "city_id": 7510, "country_iso": "IND"}]