[{"h3index":"871598c28ffffff","population_2015":28.3627342514,"total_built_mass_tons":69407.1148131341,"city_id":10192,"country_iso":"CHN"},{"h3index":"871598c29ffffff","population_2015":4086.2957703628,"total_built_mass_tons":1524665.2373011785,"city_id":10192,"country_iso":"CHN"},{"h3index":"871598c2dffffff","population_2015":2.0051429599,"total_built_mass_tons":44305.6442040866,"city_id":10192,"country_iso":"CHN"},{"h3index":"871598c70ffffff","population_2015":11530.8070639199,"total_built_mass_tons":1025677.83825103,"city_id":10192,"country_iso":"CHN"},{"h3index":"871598c74ffffff","population_2015":16606.9939003552,"total_built_mass_tons":8021458.3592637517,"city_id":10192,"country_iso":"CHN"},{"h3index":"871598c75ffffff","population_2015":9905.7754416036,"total_built_mass_tons":2483212.9463310782,"city_id":10192,"country_iso":"CHN"},{"h3index":"871598c76ffffff","population_2015":2162.3629914751,"total_built_mass_tons":130268.0405874781,"city_id":10192,"country_iso":"CHN"},{"h3index":"871598d58ffffff","population_2015":433.8118759772,"total_built_mass_tons":159846.1031672575,"city_id":10192,"country_iso":"CHN"},{"h3index":"871598d59ffffff","population_2015":72.6352714838,"total_built_mass_tons":87102.4105009562,"city_id":10192,"country_iso":"CHN"},{"h3index":"871598d5affffff","population_2015":7660.4574474316,"total_built_mass_tons":3557703.6995479222,"city_id":10192,"country_iso":"CHN"},{"h3index":"871598d5bffffff","population_2015":5444.0053608469,"total_built_mass_tons":3603585.7868495574,"city_id":10192,"country_iso":"CHN"}]