[{"h3index": "8775a102dffffff", "population_2015": 1.428811050863827, "total_built_mass_tons": 1373.8566365503443, "city_id": 1562, "country_iso": "CIV"}, {"h3index": "8775a1109ffffff", "population_2015": 128.74979006449382, "total_built_mass_tons": 54304.762366209, "city_id": 1562, "country_iso": "CIV"}, {"h3index": "8775a1140ffffff", "population_2015": 228.84584986742803, "total_built_mass_tons": 95130.208546704, "city_id": 1562, "country_iso": "CIV"}, {"h3index": "8775a1142ffffff", "population_2015": 4343.007219310835, "total_built_mass_tons": 957468.1093846256, "city_id": 1562, "country_iso": "CIV"}, {"h3index": "8775a1143ffffff", "population_2015": 112.9738207012999, "total_built_mass_tons": 46808.051607656875, "city_id": 1562, "country_iso": "CIV"}, {"h3index": "8775a1146ffffff", "population_2015": 17.605118474773334, "total_built_mass_tons": 7746.114401442148, "city_id": 1562, "country_iso": "CIV"}, {"h3index": "8775a1150ffffff", "population_2015": 23430.517435896625, "total_built_mass_tons": 2168215.5140571836, "city_id": 1562, "country_iso": "CIV"}, {"h3index": "8775a1151ffffff", "population_2015": 11858.04796216628, "total_built_mass_tons": 1299855.2727875724, "city_id": 1562, "country_iso": "CIV"}, {"h3index": "8775a1152ffffff", "population_2015": 429.02217819363466, "total_built_mass_tons": 104367.22881318624, "city_id": 1562, "country_iso": "CIV"}, {"h3index": "8775a1153ffffff", "population_2015": 4852.198792356605, "total_built_mass_tons": 818592.5688568514, "city_id": 1562, "country_iso": "CIV"}, {"h3index": "8775a1154ffffff", "population_2015": 4783.148388133328, "total_built_mass_tons": 988302.377775345, "city_id": 1562, "country_iso": "CIV"}, {"h3index": "8775a1155ffffff", "population_2015": 9937.17046557408, "total_built_mass_tons": 1290787.1570384805, "city_id": 1562, "country_iso": "CIV"}, {"h3index": "8775a1156ffffff", "population_2015": 2395.9571896833527, "total_built_mass_tons": 519883.6051106216, "city_id": 1562, "country_iso": "CIV"}, {"h3index": "8775a1158ffffff", "population_2015": 3.6001384211521525, "total_built_mass_tons": 1510.78844526945, "city_id": 1562, "country_iso": "CIV"}, {"h3index": "8775a115cffffff", "population_2015": 2096.307995957019, "total_built_mass_tons": 353880.4298666972, "city_id": 1562, "country_iso": "CIV"}, {"h3index": "8775a115effffff", "population_2015": 2679.3623840631226, "total_built_mass_tons": 407311.9484851305, "city_id": 1562, "country_iso": "CIV"}]