[{"h3index":"87498c864ffffff","population_2015":3239.7205287594,"total_built_mass_tons":359975.4768517297,"city_id":88,"country_iso":"MEX"},{"h3index":"87498c908ffffff","population_2015":829.9914316589,"total_built_mass_tons":48524.5793965348,"city_id":88,"country_iso":"MEX"},{"h3index":"87498c909ffffff","population_2015":8569.5776908831,"total_built_mass_tons":1302463.9013839446,"city_id":88,"country_iso":"MEX"},{"h3index":"87498c90bffffff","population_2015":4413.7461140829,"total_built_mass_tons":416695.6565414067,"city_id":88,"country_iso":"MEX"},{"h3index":"87498c90dffffff","population_2015":18787.5711001318,"total_built_mass_tons":1720124.2890074495,"city_id":88,"country_iso":"MEX"},{"h3index":"87498c928ffffff","population_2015":13738.5274570521,"total_built_mass_tons":1503471.4258141429,"city_id":88,"country_iso":"MEX"},{"h3index":"87498c929ffffff","population_2015":24812.8775472491,"total_built_mass_tons":3170093.3461287627,"city_id":88,"country_iso":"MEX"},{"h3index":"87498c92affffff","population_2015":0.1262865852,"total_built_mass_tons":14362.3944350886,"city_id":88,"country_iso":"MEX"},{"h3index":"87498c92bffffff","population_2015":5656.3184212119,"total_built_mass_tons":671936.6498474537,"city_id":88,"country_iso":"MEX"},{"h3index":"87498c92dffffff","population_2015":489.664646964,"total_built_mass_tons":119127.2460488964,"city_id":88,"country_iso":"MEX"},{"h3index":"87498c92effffff","population_2015":11.7689378551,"total_built_mass_tons":4222.6640545176,"city_id":88,"country_iso":"MEX"},{"h3index":"87498c940ffffff","population_2015":73514.6489620433,"total_built_mass_tons":6578026.4904472735,"city_id":88,"country_iso":"MEX"},{"h3index":"87498c941ffffff","population_2015":59735.9581725588,"total_built_mass_tons":6735327.9221599735,"city_id":88,"country_iso":"MEX"},{"h3index":"87498c942ffffff","population_2015":88908.5089807641,"total_built_mass_tons":5133227.5530214235,"city_id":88,"country_iso":"MEX"},{"h3index":"87498c943ffffff","population_2015":51030.8256568759,"total_built_mass_tons":5074344.8645560741,"city_id":88,"country_iso":"MEX"},{"h3index":"87498c944ffffff","population_2015":62300.2132823186,"total_built_mass_tons":6359005.4716408662,"city_id":88,"country_iso":"MEX"},{"h3index":"87498c945ffffff","population_2015":44232.0730315489,"total_built_mass_tons":7255750.8875035513,"city_id":88,"country_iso":"MEX"},{"h3index":"87498c946ffffff","population_2015":93502.6659006156,"total_built_mass_tons":5777339.0396304764,"city_id":88,"country_iso":"MEX"},{"h3index":"87498c948ffffff","population_2015":73777.6570755622,"total_built_mass_tons":6122781.7510346808,"city_id":88,"country_iso":"MEX"},{"h3index":"87498c949ffffff","population_2015":43774.6656697832,"total_built_mass_tons":3551120.93172481,"city_id":88,"country_iso":"MEX"},{"h3index":"87498c94affffff","population_2015":14062.4173528858,"total_built_mass_tons":1354224.5057603288,"city_id":88,"country_iso":"MEX"},{"h3index":"87498c94bffffff","population_2015":30009.24537893,"total_built_mass_tons":2754644.8974940684,"city_id":88,"country_iso":"MEX"},{"h3index":"87498c94cffffff","population_2015":62682.6946715897,"total_built_mass_tons":6566782.7904495485,"city_id":88,"country_iso":"MEX"},{"h3index":"87498c94dffffff","population_2015":52888.9871785594,"total_built_mass_tons":5630516.0584944356,"city_id":88,"country_iso":"MEX"},{"h3index":"87498c94effffff","population_2015":63182.4665998673,"total_built_mass_tons":5126670.989803914,"city_id":88,"country_iso":"MEX"},{"h3index":"87498c950ffffff","population_2015":1547.2977643293,"total_built_mass_tons":213332.5419863438,"city_id":88,"country_iso":"MEX"},{"h3index":"87498c951ffffff","population_2015":397.9618169747,"total_built_mass_tons":86667.8213638316,"city_id":88,"country_iso":"MEX"},{"h3index":"87498c954ffffff","population_2015":29798.4215976248,"total_built_mass_tons":2667904.5328790015,"city_id":88,"country_iso":"MEX"},{"h3index":"87498c955ffffff","population_2015":86537.5641657427,"total_built_mass_tons":4927202.3406337686,"city_id":88,"country_iso":"MEX"},{"h3index":"87498c956ffffff","population_2015":1472.1456289413,"total_built_mass_tons":184034.8562618552,"city_id":88,"country_iso":"MEX"},{"h3index":"87498c95cffffff","population_2015":5180.58101488,"total_built_mass_tons":658638.8019984032,"city_id":88,"country_iso":"MEX"},{"h3index":"87498c95dffffff","population_2015":12197.8785624214,"total_built_mass_tons":1514720.5609142331,"city_id":88,"country_iso":"MEX"},{"h3index":"87498c960ffffff","population_2015":15124.9331849307,"total_built_mass_tons":5615551.3175995136,"city_id":88,"country_iso":"MEX"},{"h3index":"87498c961ffffff","population_2015":24904.7513954945,"total_built_mass_tons":5579173.3797803633,"city_id":88,"country_iso":"MEX"},{"h3index":"87498c962ffffff","population_2015":64202.6738686725,"total_built_mass_tons":6737838.7423281884,"city_id":88,"country_iso":"MEX"},{"h3index":"87498c963ffffff","population_2015":31220.5694610805,"total_built_mass_tons":5282580.0362722278,"city_id":88,"country_iso":"MEX"},{"h3index":"87498c964ffffff","population_2015":67647.5765775026,"total_built_mass_tons":5430912.7357983422,"city_id":88,"country_iso":"MEX"},{"h3index":"87498c965ffffff","population_2015":72943.8323605415,"total_built_mass_tons":5102442.2576998323,"city_id":88,"country_iso":"MEX"},{"h3index":"87498c966ffffff","population_2015":39437.4820346556,"total_built_mass_tons":4308694.6555021349,"city_id":88,"country_iso":"MEX"},{"h3index":"87498c968ffffff","population_2015":26303.6041381892,"total_built_mass_tons":7898236.894549015,"city_id":88,"country_iso":"MEX"},{"h3index":"87498c969ffffff","population_2015":14281.7178546471,"total_built_mass_tons":4119416.0627771863,"city_id":88,"country_iso":"MEX"},{"h3index":"87498c96affffff","population_2015":50346.1395036735,"total_built_mass_tons":6564281.0294599663,"city_id":88,"country_iso":"MEX"},{"h3index":"87498c96bffffff","population_2015":23228.7819568045,"total_built_mass_tons":5924491.9927881621,"city_id":88,"country_iso":"MEX"},{"h3index":"87498c96cffffff","population_2015":32180.043985022,"total_built_mass_tons":5697705.0976593532,"city_id":88,"country_iso":"MEX"},{"h3index":"87498c96dffffff","population_2015":25329.9451998692,"total_built_mass_tons":7235189.9350893423,"city_id":88,"country_iso":"MEX"},{"h3index":"87498c96effffff","population_2015":20256.3723289277,"total_built_mass_tons":6103195.8284611944,"city_id":88,"country_iso":"MEX"},{"h3index":"87498c970ffffff","population_2015":78045.2599329593,"total_built_mass_tons":5144201.3268492064,"city_id":88,"country_iso":"MEX"},{"h3index":"87498c971ffffff","population_2015":73995.4700690961,"total_built_mass_tons":5910897.0556014981,"city_id":88,"country_iso":"MEX"},{"h3index":"87498c972ffffff","population_2015":36432.1916069025,"total_built_mass_tons":2184699.222446423,"city_id":88,"country_iso":"MEX"},{"h3index":"87498c973ffffff","population_2015":63240.2098716474,"total_built_mass_tons":4308038.2792886645,"city_id":88,"country_iso":"MEX"},{"h3index":"87498c974ffffff","population_2015":28619.7353624165,"total_built_mass_tons":3830149.6533184079,"city_id":88,"country_iso":"MEX"},{"h3index":"87498c975ffffff","population_2015":62595.797809299,"total_built_mass_tons":4638443.1550919283,"city_id":88,"country_iso":"MEX"},{"h3index":"87498c976ffffff","population_2015":55665.4914516856,"total_built_mass_tons":4575706.0177938696,"city_id":88,"country_iso":"MEX"},{"h3index":"8749aa252ffffff","population_2015":2.4782817197,"total_built_mass_tons":28373.1679587244,"city_id":88,"country_iso":"MEX"},{"h3index":"8749aa253ffffff","population_2015":2518.2149867179,"total_built_mass_tons":272976.2276485708,"city_id":88,"country_iso":"MEX"},{"h3index":"8749aa258ffffff","population_2015":3987.2590015594,"total_built_mass_tons":144767.7586142271,"city_id":88,"country_iso":"MEX"},{"h3index":"8749aa259ffffff","population_2015":1910.4914248597,"total_built_mass_tons":196128.2804045079,"city_id":88,"country_iso":"MEX"},{"h3index":"8749aa25affffff","population_2015":10976.1213890786,"total_built_mass_tons":401924.6333224481,"city_id":88,"country_iso":"MEX"},{"h3index":"8749aa25bffffff","population_2015":24812.5679307127,"total_built_mass_tons":983400.2046544346,"city_id":88,"country_iso":"MEX"},{"h3index":"8749aa2c1ffffff","population_2015":2468.8568319854,"total_built_mass_tons":586357.4017443664,"city_id":88,"country_iso":"MEX"},{"h3index":"8749aa2c2ffffff","population_2015":303.5750060642,"total_built_mass_tons":68183.4981346345,"city_id":88,"country_iso":"MEX"},{"h3index":"8749aa2c3ffffff","population_2015":13893.0149968166,"total_built_mass_tons":1345034.2066412561,"city_id":88,"country_iso":"MEX"},{"h3index":"8749aa2c5ffffff","population_2015":4171.1049557705,"total_built_mass_tons":423685.8572440057,"city_id":88,"country_iso":"MEX"},{"h3index":"8749aa2c8ffffff","population_2015":8314.2960274771,"total_built_mass_tons":1615921.4180148439,"city_id":88,"country_iso":"MEX"},{"h3index":"8749aa2c9ffffff","population_2015":25811.9384400038,"total_built_mass_tons":2520198.910159966,"city_id":88,"country_iso":"MEX"},{"h3index":"8749aa2caffffff","population_2015":30881.5885734511,"total_built_mass_tons":4727865.9331430849,"city_id":88,"country_iso":"MEX"},{"h3index":"8749aa2cbffffff","population_2015":19616.5898713928,"total_built_mass_tons":1673980.8899703552,"city_id":88,"country_iso":"MEX"},{"h3index":"8749aa2ccffffff","population_2015":23133.5947891913,"total_built_mass_tons":1441088.0518573071,"city_id":88,"country_iso":"MEX"},{"h3index":"8749aa2cdffffff","population_2015":1.4566026108,"total_built_mass_tons":34716.5234192457,"city_id":88,"country_iso":"MEX"},{"h3index":"8749aa2ceffffff","population_2015":22062.3361587315,"total_built_mass_tons":2157447.722215205,"city_id":88,"country_iso":"MEX"},{"h3index":"8749aa2d1ffffff","population_2015":11333.8401199173,"total_built_mass_tons":912715.4774223416,"city_id":88,"country_iso":"MEX"},{"h3index":"8749aa2d3ffffff","population_2015":919.0446038583,"total_built_mass_tons":327457.5913438522,"city_id":88,"country_iso":"MEX"},{"h3index":"8749aa2d8ffffff","population_2015":1977.0285185113,"total_built_mass_tons":709246.7603754926,"city_id":88,"country_iso":"MEX"},{"h3index":"8749aa2d9ffffff","population_2015":25352.7852483263,"total_built_mass_tons":3716742.708876933,"city_id":88,"country_iso":"MEX"},{"h3index":"8749aa2daffffff","population_2015":11419.6736258806,"total_built_mass_tons":1583365.6145358614,"city_id":88,"country_iso":"MEX"},{"h3index":"8749aa2dbffffff","population_2015":31788.2526103501,"total_built_mass_tons":2942480.7712870985,"city_id":88,"country_iso":"MEX"},{"h3index":"8749aa2dcffffff","population_2015":19916.8526273552,"total_built_mass_tons":2850978.326325167,"city_id":88,"country_iso":"MEX"},{"h3index":"8749aa2ddffffff","population_2015":34814.9023174335,"total_built_mass_tons":3912353.4232882662,"city_id":88,"country_iso":"MEX"},{"h3index":"8749aa2deffffff","population_2015":6811.2791333559,"total_built_mass_tons":1452719.8789799106,"city_id":88,"country_iso":"MEX"},{"h3index":"8749aa2e3ffffff","population_2015":11715.9484301006,"total_built_mass_tons":604929.3982296356,"city_id":88,"country_iso":"MEX"},{"h3index":"8749aa2e8ffffff","population_2015":32221.5357098149,"total_built_mass_tons":1384582.4203365983,"city_id":88,"country_iso":"MEX"},{"h3index":"8749aa2e9ffffff","population_2015":10818.6469232447,"total_built_mass_tons":673839.8765965828,"city_id":88,"country_iso":"MEX"},{"h3index":"8749aa2eaffffff","population_2015":76604.0769498441,"total_built_mass_tons":2489970.2097876118,"city_id":88,"country_iso":"MEX"},{"h3index":"8749aa2ebffffff","population_2015":12858.4013134194,"total_built_mass_tons":999484.393690586,"city_id":88,"country_iso":"MEX"},{"h3index":"8749aa2ecffffff","population_2015":20871.9132033512,"total_built_mass_tons":964765.2755892704,"city_id":88,"country_iso":"MEX"},{"h3index":"8749aa2edffffff","population_2015":7486.947627701,"total_built_mass_tons":727878.8566715129,"city_id":88,"country_iso":"MEX"},{"h3index":"8749aa2eeffffff","population_2015":47412.1290769465,"total_built_mass_tons":1537920.2353201662,"city_id":88,"country_iso":"MEX"},{"h3index":"8749ab484ffffff","population_2015":7147.6134466508,"total_built_mass_tons":607741.2829973071,"city_id":88,"country_iso":"MEX"},{"h3index":"8749ab486ffffff","population_2015":19549.7425352826,"total_built_mass_tons":2019817.2336129425,"city_id":88,"country_iso":"MEX"},{"h3index":"8749ab494ffffff","population_2015":19816.8925117064,"total_built_mass_tons":1762415.6721617011,"city_id":88,"country_iso":"MEX"},{"h3index":"8749ab495ffffff","population_2015":555.7699156181,"total_built_mass_tons":80633.0379429603,"city_id":88,"country_iso":"MEX"},{"h3index":"8749ab496ffffff","population_2015":77.6041177189,"total_built_mass_tons":12402.665479104,"city_id":88,"country_iso":"MEX"},{"h3index":"8749ab4a2ffffff","population_2015":519.5358416443,"total_built_mass_tons":107735.276869668,"city_id":88,"country_iso":"MEX"},{"h3index":"8749ab4a6ffffff","population_2015":11562.3452033861,"total_built_mass_tons":1540589.7516456614,"city_id":88,"country_iso":"MEX"},{"h3index":"8749ab4b0ffffff","population_2015":75292.9614328108,"total_built_mass_tons":5381794.7443161067,"city_id":88,"country_iso":"MEX"},{"h3index":"8749ab4b1ffffff","population_2015":33513.3862779122,"total_built_mass_tons":3570373.8036827953,"city_id":88,"country_iso":"MEX"},{"h3index":"8749ab4b2ffffff","population_2015":51561.6463117997,"total_built_mass_tons":3904573.7408632711,"city_id":88,"country_iso":"MEX"},{"h3index":"8749ab4b3ffffff","population_2015":11924.7001209641,"total_built_mass_tons":2491644.4810496639,"city_id":88,"country_iso":"MEX"},{"h3index":"8749ab4b4ffffff","population_2015":8306.2822655544,"total_built_mass_tons":3947884.9919312568,"city_id":88,"country_iso":"MEX"},{"h3index":"8749ab4b5ffffff","population_2015":8460.0372968845,"total_built_mass_tons":2238445.8180760737,"city_id":88,"country_iso":"MEX"},{"h3index":"8749ab4b6ffffff","population_2015":32475.5174498081,"total_built_mass_tons":4186448.2281776816,"city_id":88,"country_iso":"MEX"},{"h3index":"8749ab580ffffff","population_2015":7143.7559098581,"total_built_mass_tons":1774490.6926355744,"city_id":88,"country_iso":"MEX"},{"h3index":"8749ab581ffffff","population_2015":25.889537134,"total_built_mass_tons":102565.5881654708,"city_id":88,"country_iso":"MEX"},{"h3index":"8749ab582ffffff","population_2015":46972.8654539043,"total_built_mass_tons":4877278.4039562372,"city_id":88,"country_iso":"MEX"},{"h3index":"8749ab583ffffff","population_2015":49797.3261513535,"total_built_mass_tons":3058762.8959782301,"city_id":88,"country_iso":"MEX"},{"h3index":"8749ab586ffffff","population_2015":10233.3278329901,"total_built_mass_tons":2015196.0807859804,"city_id":88,"country_iso":"MEX"},{"h3index":"8749ab590ffffff","population_2015":59758.7850294651,"total_built_mass_tons":5050427.4802740403,"city_id":88,"country_iso":"MEX"},{"h3index":"8749ab591ffffff","population_2015":47724.7268771901,"total_built_mass_tons":6784694.3336385004,"city_id":88,"country_iso":"MEX"},{"h3index":"8749ab592ffffff","population_2015":75279.9217010348,"total_built_mass_tons":5860743.2907834146,"city_id":88,"country_iso":"MEX"},{"h3index":"8749ab593ffffff","population_2015":25608.6766966745,"total_built_mass_tons":6506865.7820780566,"city_id":88,"country_iso":"MEX"},{"h3index":"8749ab594ffffff","population_2015":21748.2721070105,"total_built_mass_tons":3562716.3147812635,"city_id":88,"country_iso":"MEX"},{"h3index":"8749ab595ffffff","population_2015":32747.3608035477,"total_built_mass_tons":5055365.365313014,"city_id":88,"country_iso":"MEX"},{"h3index":"8749ab596ffffff","population_2015":76301.2667003926,"total_built_mass_tons":4746109.4520965656,"city_id":88,"country_iso":"MEX"},{"h3index":"8749ab598ffffff","population_2015":16363.6375899875,"total_built_mass_tons":3560392.081582848,"city_id":88,"country_iso":"MEX"},{"h3index":"8749ab599ffffff","population_2015":653.3627171547,"total_built_mass_tons":377083.3818668018,"city_id":88,"country_iso":"MEX"},{"h3index":"8749ab59affffff","population_2015":28896.2776314553,"total_built_mass_tons":5619517.9876259454,"city_id":88,"country_iso":"MEX"},{"h3index":"8749ab59bffffff","population_2015":14112.3670485863,"total_built_mass_tons":2633659.6546056122,"city_id":88,"country_iso":"MEX"},{"h3index":"8749ab59cffffff","population_2015":48936.9181571652,"total_built_mass_tons":4228472.2808935866,"city_id":88,"country_iso":"MEX"},{"h3index":"8749ab59dffffff","population_2015":4.9190085993,"total_built_mass_tons":11439.4846790802,"city_id":88,"country_iso":"MEX"},{"h3index":"8749ab59effffff","population_2015":46684.3678447499,"total_built_mass_tons":6336389.098505782,"city_id":88,"country_iso":"MEX"},{"h3index":"8749ab5a2ffffff","population_2015":2568.689535853,"total_built_mass_tons":848393.3483237915,"city_id":88,"country_iso":"MEX"},{"h3index":"8749ab5a3ffffff","population_2015":0.8516684813,"total_built_mass_tons":754.5933675258,"city_id":88,"country_iso":"MEX"},{"h3index":"8749ab5a6ffffff","population_2015":12360.6303952297,"total_built_mass_tons":955258.0866410194,"city_id":88,"country_iso":"MEX"},{"h3index":"8749ab5b0ffffff","population_2015":6776.2027723041,"total_built_mass_tons":726054.7271027832,"city_id":88,"country_iso":"MEX"},{"h3index":"8749ab5b1ffffff","population_2015":9261.0710323955,"total_built_mass_tons":1929260.5884974368,"city_id":88,"country_iso":"MEX"},{"h3index":"8749ab5b2ffffff","population_2015":30.8193212404,"total_built_mass_tons":161541.0563558615,"city_id":88,"country_iso":"MEX"},{"h3index":"8749ab5b3ffffff","population_2015":27843.833929527,"total_built_mass_tons":4023427.2479036208,"city_id":88,"country_iso":"MEX"},{"h3index":"8749ab5b4ffffff","population_2015":27298.440154069,"total_built_mass_tons":1562469.0144460814,"city_id":88,"country_iso":"MEX"},{"h3index":"8749ab5b5ffffff","population_2015":18041.656784781,"total_built_mass_tons":2306586.7359915078,"city_id":88,"country_iso":"MEX"},{"h3index":"8749ab5b6ffffff","population_2015":12.6673535757,"total_built_mass_tons":46658.6181337474,"city_id":88,"country_iso":"MEX"}]