[{"h3index":"8740e009bffffff","population_2015":196.1073976741,"total_built_mass_tons":109010.7087999645,"city_id":10383,"country_iso":"CHN"},{"h3index":"8740e0448ffffff","population_2015":31.575859614,"total_built_mass_tons":57665.2933013514,"city_id":10383,"country_iso":"CHN"},{"h3index":"8740e0449ffffff","population_2015":4639.1715877935,"total_built_mass_tons":2271628.8854865739,"city_id":10383,"country_iso":"CHN"},{"h3index":"8740e044cffffff","population_2015":1780.4792207437,"total_built_mass_tons":164960.8378385851,"city_id":10383,"country_iso":"CHN"},{"h3index":"8740e044dffffff","population_2015":10417.9591599586,"total_built_mass_tons":3407230.0946682915,"city_id":10383,"country_iso":"CHN"},{"h3index":"8740e0468ffffff","population_2015":0.0576375625,"total_built_mass_tons":192.4617815877,"city_id":10383,"country_iso":"CHN"},{"h3index":"8740e0469ffffff","population_2015":6399.1171944983,"total_built_mass_tons":1103656.6433578234,"city_id":10383,"country_iso":"CHN"},{"h3index":"8740e046affffff","population_2015":274.233170672,"total_built_mass_tons":109041.612457767,"city_id":10383,"country_iso":"CHN"},{"h3index":"8740e046bffffff","population_2015":80168.2291831091,"total_built_mass_tons":5146621.8820879627,"city_id":10383,"country_iso":"CHN"},{"h3index":"8740e0714ffffff","population_2015":112.5512539415,"total_built_mass_tons":80317.5379241766,"city_id":10383,"country_iso":"CHN"},{"h3index":"8740e0730ffffff","population_2015":1858.7104698092,"total_built_mass_tons":1421769.7942844343,"city_id":10383,"country_iso":"CHN"},{"h3index":"8740e0732ffffff","population_2015":9783.5192347134,"total_built_mass_tons":3702065.1281368458,"city_id":10383,"country_iso":"CHN"},{"h3index":"8740e0733ffffff","population_2015":590.7174065169,"total_built_mass_tons":198387.8878786946,"city_id":10383,"country_iso":"CHN"},{"h3index":"8740e0734ffffff","population_2015":6687.173603228,"total_built_mass_tons":1124720.6276275441,"city_id":10383,"country_iso":"CHN"},{"h3index":"8740e0735ffffff","population_2015":145.191697303,"total_built_mass_tons":67059.1815113442,"city_id":10383,"country_iso":"CHN"},{"h3index":"8740e0736ffffff","population_2015":51311.6889686425,"total_built_mass_tons":5198358.8973601609,"city_id":10383,"country_iso":"CHN"}]