[{"h3index": "8740a4292ffffff", "population_2015": 4470.69505481533, "total_built_mass_tons": 1434523.3398403286, "city_id": 11477, "country_iso": "CHN"}, {"h3index": "8740a4293ffffff", "population_2015": 4.258616850422878, "total_built_mass_tons": 7900.440316930091, "city_id": 11477, "country_iso": "CHN"}, {"h3index": "8740a4608ffffff", "population_2015": 333.0072280813429, "total_built_mass_tons": 178459.7922606286, "city_id": 11477, "country_iso": "CHN"}, {"h3index": "8740a4609ffffff", "population_2015": 387.5907565490873, "total_built_mass_tons": 273673.4296857874, "city_id": 11477, "country_iso": "CHN"}, {"h3index": "8740a460cffffff", "population_2015": 4.45636884838927, "total_built_mass_tons": 2072.893201240856, "city_id": 11477, "country_iso": "CHN"}, {"h3index": "8740a460dffffff", "population_2015": 439.4809650580089, "total_built_mass_tons": 145493.67420508285, "city_id": 11477, "country_iso": "CHN"}, {"h3index": "8740a4629ffffff", "population_2015": 409.05035649374423, "total_built_mass_tons": 331845.0541395996, "city_id": 11477, "country_iso": "CHN"}, {"h3index": "8740a462bffffff", "population_2015": 26.51913688790564, "total_built_mass_tons": 30007.973475184823, "city_id": 11477, "country_iso": "CHN"}, {"h3index": "8740a4640ffffff", "population_2015": 2301.39763806474, "total_built_mass_tons": 988403.1631887048, "city_id": 11477, "country_iso": "CHN"}, {"h3index": "8740a4642ffffff", "population_2015": 906.029697362582, "total_built_mass_tons": 930388.5621961704, "city_id": 11477, "country_iso": "CHN"}, {"h3index": "8740a4643ffffff", "population_2015": 173.54485721307643, "total_built_mass_tons": 226068.59087027024, "city_id": 11477, "country_iso": "CHN"}, {"h3index": "8740a4644ffffff", "population_2015": 29385.81635986216, "total_built_mass_tons": 3182586.6039860845, "city_id": 11477, "country_iso": "CHN"}, {"h3index": "8740a4645ffffff", "population_2015": 7493.585335064869, "total_built_mass_tons": 2056094.051971645, "city_id": 11477, "country_iso": "CHN"}, {"h3index": "8740a4646ffffff", "population_2015": 2043.91175699795, "total_built_mass_tons": 1731049.839511319, "city_id": 11477, "country_iso": "CHN"}, {"h3index": "8740a4654ffffff", "population_2015": 128.81820289948408, "total_built_mass_tons": 122729.43918830376, "city_id": 11477, "country_iso": "CHN"}, {"h3index": "8740a4655ffffff", "population_2015": 40.71863250638925, "total_built_mass_tons": 146638.494652872, "city_id": 11477, "country_iso": "CHN"}, {"h3index": "8740a4660ffffff", "population_2015": 8448.781178134097, "total_built_mass_tons": 4787892.411788655, "city_id": 11477, "country_iso": "CHN"}, {"h3index": "8740a4661ffffff", "population_2015": 10498.359180755242, "total_built_mass_tons": 3491489.2239594613, "city_id": 11477, "country_iso": "CHN"}, {"h3index": "8740a4662ffffff", "population_2015": 47867.70783618105, "total_built_mass_tons": 12472189.007775685, "city_id": 11477, "country_iso": "CHN"}, {"h3index": "8740a4663ffffff", "population_2015": 24306.46231615029, "total_built_mass_tons": 10389798.07766955, "city_id": 11477, "country_iso": "CHN"}, {"h3index": "8740a4664ffffff", "population_2015": 974.8484279370776, "total_built_mass_tons": 556948.1903299004, "city_id": 11477, "country_iso": "CHN"}, {"h3index": "8740a4665ffffff", "population_2015": 72.63327548270132, "total_built_mass_tons": 101158.91046051864, "city_id": 11477, "country_iso": "CHN"}, {"h3index": "8740a4666ffffff", "population_2015": 9425.263308985095, "total_built_mass_tons": 4125958.661075784, "city_id": 11477, "country_iso": "CHN"}, {"h3index": "8740a4668ffffff", "population_2015": 1.0660049531974043, "total_built_mass_tons": 12725.65988691117, "city_id": 11477, "country_iso": "CHN"}, {"h3index": "8740a466affffff", "population_2015": 1148.018176606122, "total_built_mass_tons": 441255.4326064506, "city_id": 11477, "country_iso": "CHN"}, {"h3index": "8740a466cffffff", "population_2015": 1489.9145792549723, "total_built_mass_tons": 777469.9706832205, "city_id": 11477, "country_iso": "CHN"}, {"h3index": "8740a466effffff", "population_2015": 3412.989712085912, "total_built_mass_tons": 1841040.0952875272, "city_id": 11477, "country_iso": "CHN"}, {"h3index": "8740a4670ffffff", "population_2015": 2483.297753148921, "total_built_mass_tons": 486065.78056347265, "city_id": 11477, "country_iso": "CHN"}, {"h3index": "8740a4671ffffff", "population_2015": 10592.358924673115, "total_built_mass_tons": 1500048.4212459, "city_id": 11477, "country_iso": "CHN"}, {"h3index": "8740a4672ffffff", "population_2015": 1243.077151997884, "total_built_mass_tons": 311192.59457616956, "city_id": 11477, "country_iso": "CHN"}, {"h3index": "8740a4673ffffff", "population_2015": 443.93371262456856, "total_built_mass_tons": 479675.2839690684, "city_id": 11477, "country_iso": "CHN"}, {"h3index": "8740a4674ffffff", "population_2015": 4915.9505370439265, "total_built_mass_tons": 847688.3331074725, "city_id": 11477, "country_iso": "CHN"}, {"h3index": "8740a4675ffffff", "population_2015": 26270.798716724617, "total_built_mass_tons": 5291258.2563999565, "city_id": 11477, "country_iso": "CHN"}, {"h3index": "8740a4676ffffff", "population_2015": 248.42594705843456, "total_built_mass_tons": 94126.36036657922, "city_id": 11477, "country_iso": "CHN"}, {"h3index": "8740a4758ffffff", "population_2015": 50.31102386362412, "total_built_mass_tons": 31779.032632273407, "city_id": 11477, "country_iso": "CHN"}, {"h3index": "8740a4759ffffff", "population_2015": 1932.1228426157263, "total_built_mass_tons": 954769.7113898804, "city_id": 11477, "country_iso": "CHN"}, {"h3index": "8740a475affffff", "population_2015": 64.86674503812604, "total_built_mass_tons": 19480.379211278338, "city_id": 11477, "country_iso": "CHN"}, {"h3index": "8740a475bffffff", "population_2015": 4031.594013382407, "total_built_mass_tons": 1498372.9220560417, "city_id": 11477, "country_iso": "CHN"}]