[{"h3index": "8730a3820ffffff", "population_2015": 182.97227426416737, "total_built_mass_tons": 156329.14330026528, "city_id": 11676, "country_iso": "CHN"}, {"h3index": "8730a3821ffffff", "population_2015": 7799.722759626427, "total_built_mass_tons": 2442038.395553558, "city_id": 11676, "country_iso": "CHN"}, {"h3index": "8730a3823ffffff", "population_2015": 139.43773102479824, "total_built_mass_tons": 79989.29033213216, "city_id": 11676, "country_iso": "CHN"}, {"h3index": "8730a3824ffffff", "population_2015": 1.4599096466513242, "total_built_mass_tons": 2975.2961876713534, "city_id": 11676, "country_iso": "CHN"}, {"h3index": "8730a3825ffffff", "population_2015": 3590.271404458963, "total_built_mass_tons": 1052489.0751187445, "city_id": 11676, "country_iso": "CHN"}, {"h3index": "8730a382cffffff", "population_2015": 2339.884909785027, "total_built_mass_tons": 863666.8594188301, "city_id": 11676, "country_iso": "CHN"}, {"h3index": "8730a3909ffffff", "population_2015": 5059.12974582934, "total_built_mass_tons": 1755652.447491821, "city_id": 11676, "country_iso": "CHN"}, {"h3index": "8730a390bffffff", "population_2015": 501.7461945215861, "total_built_mass_tons": 397107.30542172934, "city_id": 11676, "country_iso": "CHN"}, {"h3index": "8730a3950ffffff", "population_2015": 8552.491357331182, "total_built_mass_tons": 2667164.928912754, "city_id": 11676, "country_iso": "CHN"}, {"h3index": "8730a3952ffffff", "population_2015": 21715.708087240484, "total_built_mass_tons": 6524331.691578568, "city_id": 11676, "country_iso": "CHN"}, {"h3index": "8730a3953ffffff", "population_2015": 2279.7766553205606, "total_built_mass_tons": 604805.8859097769, "city_id": 11676, "country_iso": "CHN"}, {"h3index": "8730a3954ffffff", "population_2015": 8334.779673033137, "total_built_mass_tons": 2323354.3633705433, "city_id": 11676, "country_iso": "CHN"}, {"h3index": "8730a3955ffffff", "population_2015": 716.6891081604304, "total_built_mass_tons": 302253.74857890443, "city_id": 11676, "country_iso": "CHN"}, {"h3index": "8730a3956ffffff", "population_2015": 13931.891211317095, "total_built_mass_tons": 4536497.844736706, "city_id": 11676, "country_iso": "CHN"}, {"h3index": "8730a3972ffffff", "population_2015": 428.3154651599771, "total_built_mass_tons": 285515.41306180944, "city_id": 11676, "country_iso": "CHN"}, {"h3index": "8730a3973ffffff", "population_2015": 94.78313952988267, "total_built_mass_tons": 78525.03869193656, "city_id": 11676, "country_iso": "CHN"}]