[{"h3index":"874118a02ffffff","population_2015":1024.8919542266,"total_built_mass_tons":871897.9109029786,"city_id":12095,"country_iso":"CHN"},{"h3index":"874118a10ffffff","population_2015":3482.0220581882,"total_built_mass_tons":2735956.195447261,"city_id":12095,"country_iso":"CHN"},{"h3index":"874118a11ffffff","population_2015":4926.219685051,"total_built_mass_tons":2850309.304172718,"city_id":12095,"country_iso":"CHN"},{"h3index":"874118a12ffffff","population_2015":4382.6098644243,"total_built_mass_tons":2435540.7579911212,"city_id":12095,"country_iso":"CHN"},{"h3index":"874118a13ffffff","population_2015":6462.3755616067,"total_built_mass_tons":3025699.4959016405,"city_id":12095,"country_iso":"CHN"},{"h3index":"874118a14ffffff","population_2015":176.0432737257,"total_built_mass_tons":176561.7330405278,"city_id":12095,"country_iso":"CHN"},{"h3index":"874118a15ffffff","population_2015":459.6026443033,"total_built_mass_tons":654257.1418243344,"city_id":12095,"country_iso":"CHN"},{"h3index":"874118a16ffffff","population_2015":1746.2136418586,"total_built_mass_tons":644203.6826228788,"city_id":12095,"country_iso":"CHN"},{"h3index":"874118a18ffffff","population_2015":825.9302732112,"total_built_mass_tons":194487.6512160123,"city_id":12095,"country_iso":"CHN"},{"h3index":"874118a1affffff","population_2015":46954.0915416157,"total_built_mass_tons":5771555.420911558,"city_id":12095,"country_iso":"CHN"},{"h3index":"874118a1bffffff","population_2015":8054.6757787583,"total_built_mass_tons":3768413.1924265791,"city_id":12095,"country_iso":"CHN"},{"h3index":"874118a1cffffff","population_2015":317.292881378,"total_built_mass_tons":331889.1182083283,"city_id":12095,"country_iso":"CHN"},{"h3index":"874118a1effffff","population_2015":8523.4988506897,"total_built_mass_tons":2902093.8891322203,"city_id":12095,"country_iso":"CHN"},{"h3index":"874118a80ffffff","population_2015":4381.0273507749,"total_built_mass_tons":1805735.8407290152,"city_id":12095,"country_iso":"CHN"},{"h3index":"874118a81ffffff","population_2015":651.2091662108,"total_built_mass_tons":555029.2497715376,"city_id":12095,"country_iso":"CHN"},{"h3index":"874118a82ffffff","population_2015":5422.2343740781,"total_built_mass_tons":2607734.2393763,"city_id":12095,"country_iso":"CHN"},{"h3index":"874118a83ffffff","population_2015":19.4236037161,"total_built_mass_tons":13472.1907321472,"city_id":12095,"country_iso":"CHN"},{"h3index":"874118a85ffffff","population_2015":4422.6049029369,"total_built_mass_tons":2322909.8452381864,"city_id":12095,"country_iso":"CHN"},{"h3index":"874118a86ffffff","population_2015":1096.6214619767,"total_built_mass_tons":392336.252292938,"city_id":12095,"country_iso":"CHN"},{"h3index":"874118a8cffffff","population_2015":2417.9547261261,"total_built_mass_tons":908390.3630375467,"city_id":12095,"country_iso":"CHN"},{"h3index":"874118a8dffffff","population_2015":5355.8371962631,"total_built_mass_tons":3062156.3817069158,"city_id":12095,"country_iso":"CHN"},{"h3index":"874118a91ffffff","population_2015":27.3226090712,"total_built_mass_tons":16481.8069802375,"city_id":12095,"country_iso":"CHN"},{"h3index":"874118a95ffffff","population_2015":29.8963184226,"total_built_mass_tons":49476.8010001468,"city_id":12095,"country_iso":"CHN"},{"h3index":"874118aa1ffffff","population_2015":4972.286938945,"total_built_mass_tons":2282794.4142840877,"city_id":12095,"country_iso":"CHN"},{"h3index":"874118aa3ffffff","population_2015":143.89684134,"total_built_mass_tons":160260.6753780889,"city_id":12095,"country_iso":"CHN"},{"h3index":"874118aa5ffffff","population_2015":1160.8547477189,"total_built_mass_tons":502513.1705064442,"city_id":12095,"country_iso":"CHN"},{"h3index":"874118aa8ffffff","population_2015":65860.5943941135,"total_built_mass_tons":6499291.9658159651,"city_id":12095,"country_iso":"CHN"},{"h3index":"874118aa9ffffff","population_2015":116941.3588626151,"total_built_mass_tons":8761355.6620800924,"city_id":12095,"country_iso":"CHN"},{"h3index":"874118aaaffffff","population_2015":18751.7435220948,"total_built_mass_tons":3155758.8923561564,"city_id":12095,"country_iso":"CHN"},{"h3index":"874118aabffffff","population_2015":44184.4913647334,"total_built_mass_tons":4321245.1599619947,"city_id":12095,"country_iso":"CHN"},{"h3index":"874118aacffffff","population_2015":7299.8905641044,"total_built_mass_tons":3107141.6595087135,"city_id":12095,"country_iso":"CHN"},{"h3index":"874118aadffffff","population_2015":55210.2567391587,"total_built_mass_tons":3599363.367687461,"city_id":12095,"country_iso":"CHN"},{"h3index":"874118aaeffffff","population_2015":7394.0405849915,"total_built_mass_tons":4003792.8739134567,"city_id":12095,"country_iso":"CHN"},{"h3index":"874118ae0ffffff","population_2015":216.7524200926,"total_built_mass_tons":121693.3416452154,"city_id":12095,"country_iso":"CHN"},{"h3index":"874118ae2ffffff","population_2015":15.7243517707,"total_built_mass_tons":32674.9141826425,"city_id":12095,"country_iso":"CHN"},{"h3index":"874118ae4ffffff","population_2015":2095.1949080374,"total_built_mass_tons":1661591.3197596674,"city_id":12095,"country_iso":"CHN"},{"h3index":"874118ae5ffffff","population_2015":23.8468417299,"total_built_mass_tons":15009.4173911352,"city_id":12095,"country_iso":"CHN"},{"h3index":"874118ae6ffffff","population_2015":3171.1241849766,"total_built_mass_tons":3033930.9568459154,"city_id":12095,"country_iso":"CHN"},{"h3index":"874118af0ffffff","population_2015":7530.198319307,"total_built_mass_tons":3399146.9923214638,"city_id":12095,"country_iso":"CHN"},{"h3index":"874118af1ffffff","population_2015":907.2390595847,"total_built_mass_tons":426533.7486496336,"city_id":12095,"country_iso":"CHN"},{"h3index":"874118af2ffffff","population_2015":3155.209353001,"total_built_mass_tons":1012488.9402825478,"city_id":12095,"country_iso":"CHN"},{"h3index":"874118af3ffffff","population_2015":706.0100044302,"total_built_mass_tons":584146.3984591265,"city_id":12095,"country_iso":"CHN"},{"h3index":"874118af4ffffff","population_2015":12278.9959969502,"total_built_mass_tons":3867283.0091307159,"city_id":12095,"country_iso":"CHN"},{"h3index":"874118af5ffffff","population_2015":8607.4843216672,"total_built_mass_tons":3407763.0958004976,"city_id":12095,"country_iso":"CHN"},{"h3index":"874118af6ffffff","population_2015":35767.9411516264,"total_built_mass_tons":4531903.6016009133,"city_id":12095,"country_iso":"CHN"}]