[{"h3index":"8764818ccffffff","population_2015":3.9069683187,"total_built_mass_tons":1457.8727662396,"city_id":10304,"country_iso":"MMR"},{"h3index":"8764818e9ffffff","population_2015":68.1280465126,"total_built_mass_tons":59404.2349599592,"city_id":10304,"country_iso":"MMR"},{"h3index":"8764818ebffffff","population_2015":552.9866172323,"total_built_mass_tons":214390.3330051801,"city_id":10304,"country_iso":"MMR"},{"h3index":"876481bb6ffffff","population_2015":18.5156736374,"total_built_mass_tons":4694.6917873337,"city_id":10304,"country_iso":"MMR"}]