[{"h3index": "87a825b60ffffff", "population_2015": 11.738109909085669, "total_built_mass_tons": 33527.79718036767, "city_id": 1153, "country_iso": "BRA"}, {"h3index": "87a825b61ffffff", "population_2015": 1329.055630715688, "total_built_mass_tons": 177986.95852593987, "city_id": 1153, "country_iso": "BRA"}, {"h3index": "87a825b64ffffff", "population_2015": 1244.000499638389, "total_built_mass_tons": 260423.49313635245, "city_id": 1153, "country_iso": "BRA"}, {"h3index": "87a825b65ffffff", "population_2015": 14329.249464154003, "total_built_mass_tons": 2532501.4320116513, "city_id": 1153, "country_iso": "BRA"}, {"h3index": "87a825b6cffffff", "population_2015": 22.86101507509456, "total_built_mass_tons": 77023.09097818818, "city_id": 1153, "country_iso": "BRA"}, {"h3index": "87a9564c8ffffff", "population_2015": 2063.9357499814505, "total_built_mass_tons": 468071.5656781827, "city_id": 1153, "country_iso": "BRA"}, {"h3index": "87a9564c9ffffff", "population_2015": 15549.451383466345, "total_built_mass_tons": 3112365.3666302087, "city_id": 1153, "country_iso": "BRA"}, {"h3index": "87a9564caffffff", "population_2015": 30.671673695713867, "total_built_mass_tons": 36851.55881002797, "city_id": 1153, "country_iso": "BRA"}, {"h3index": "87a9564cbffffff", "population_2015": 13305.683774534864, "total_built_mass_tons": 3095747.945856658, "city_id": 1153, "country_iso": "BRA"}, {"h3index": "87a9564cdffffff", "population_2015": 1504.090946342431, "total_built_mass_tons": 387548.0089442186, "city_id": 1153, "country_iso": "BRA"}, {"h3index": "87a956782ffffff", "population_2015": 2360.0730478684104, "total_built_mass_tons": 257415.25210164365, "city_id": 1153, "country_iso": "BRA"}, {"h3index": "87a956786ffffff", "population_2015": 15053.214644878984, "total_built_mass_tons": 1946484.6931453557, "city_id": 1153, "country_iso": "BRA"}, {"h3index": "87a956790ffffff", "population_2015": 11281.597981826932, "total_built_mass_tons": 1862834.303954546, "city_id": 1153, "country_iso": "BRA"}, {"h3index": "87a956792ffffff", "population_2015": 13311.52786601478, "total_built_mass_tons": 3419515.78303246, "city_id": 1153, "country_iso": "BRA"}, {"h3index": "87a956793ffffff", "population_2015": 7462.765300070188, "total_built_mass_tons": 1772804.9749862533, "city_id": 1153, "country_iso": "BRA"}, {"h3index": "87a956794ffffff", "population_2015": 6150.238522699768, "total_built_mass_tons": 1080394.5287041315, "city_id": 1153, "country_iso": "BRA"}, {"h3index": "87a956795ffffff", "population_2015": 4435.3711849577285, "total_built_mass_tons": 1060551.1256844755, "city_id": 1153, "country_iso": "BRA"}, {"h3index": "87a956796ffffff", "population_2015": 21664.710096467712, "total_built_mass_tons": 5615261.5901857205, "city_id": 1153, "country_iso": "BRA"}, {"h3index": "87a9567b2ffffff", "population_2015": 11.16976494882621, "total_built_mass_tons": 4956.367657842039, "city_id": 1153, "country_iso": "BRA"}, {"h3index": "87a9567b3ffffff", "population_2015": 159.1537287637299, "total_built_mass_tons": 55538.567059306944, "city_id": 1153, "country_iso": "BRA"}]