[{"h3index":"874088614ffffff","population_2015":175.3984997188,"total_built_mass_tons":103161.3034854764,"city_id":10442,"country_iso":"CHN"},{"h3index":"874088615ffffff","population_2015":36.6133160834,"total_built_mass_tons":46310.7304669594,"city_id":10442,"country_iso":"CHN"},{"h3index":"874088616ffffff","population_2015":68.8648661071,"total_built_mass_tons":47897.3081298353,"city_id":10442,"country_iso":"CHN"},{"h3index":"874088632ffffff","population_2015":200.9044350605,"total_built_mass_tons":141172.5088797823,"city_id":10442,"country_iso":"CHN"},{"h3index":"874088633ffffff","population_2015":140.6721559076,"total_built_mass_tons":184628.8291968187,"city_id":10442,"country_iso":"CHN"},{"h3index":"874088780ffffff","population_2015":21065.3552103903,"total_built_mass_tons":5298811.5869305283,"city_id":10442,"country_iso":"CHN"},{"h3index":"874088781ffffff","population_2015":14093.8589320145,"total_built_mass_tons":3193258.6047919667,"city_id":10442,"country_iso":"CHN"},{"h3index":"874088782ffffff","population_2015":2018.5276216189,"total_built_mass_tons":779493.1781083487,"city_id":10442,"country_iso":"CHN"},{"h3index":"874088783ffffff","population_2015":17235.4084862952,"total_built_mass_tons":3437919.2457458,"city_id":10442,"country_iso":"CHN"},{"h3index":"874088784ffffff","population_2015":2191.0222860748,"total_built_mass_tons":898859.7670882939,"city_id":10442,"country_iso":"CHN"},{"h3index":"874088785ffffff","population_2015":1502.6302017792,"total_built_mass_tons":1077796.5914205213,"city_id":10442,"country_iso":"CHN"},{"h3index":"874088786ffffff","population_2015":1951.0163246239,"total_built_mass_tons":468352.0073783961,"city_id":10442,"country_iso":"CHN"},{"h3index":"874088788ffffff","population_2015":19744.8196722405,"total_built_mass_tons":2624698.9761355659,"city_id":10442,"country_iso":"CHN"},{"h3index":"874088789ffffff","population_2015":6614.7393019695,"total_built_mass_tons":1331077.654404127,"city_id":10442,"country_iso":"CHN"},{"h3index":"87408878affffff","population_2015":2645.8495348201,"total_built_mass_tons":500795.5741619579,"city_id":10442,"country_iso":"CHN"},{"h3index":"87408878bffffff","population_2015":1860.604178438,"total_built_mass_tons":499230.9259082897,"city_id":10442,"country_iso":"CHN"},{"h3index":"87408878cffffff","population_2015":2013.8441859488,"total_built_mass_tons":897418.7127872701,"city_id":10442,"country_iso":"CHN"},{"h3index":"87408878dffffff","population_2015":576.3640070878,"total_built_mass_tons":264851.6686093518,"city_id":10442,"country_iso":"CHN"},{"h3index":"87408878effffff","population_2015":23832.7289598764,"total_built_mass_tons":4194799.3650743812,"city_id":10442,"country_iso":"CHN"},{"h3index":"874088795ffffff","population_2015":37.507781831,"total_built_mass_tons":24973.1949946228,"city_id":10442,"country_iso":"CHN"},{"h3index":"87408879dffffff","population_2015":46.4378025579,"total_built_mass_tons":21490.940744127,"city_id":10442,"country_iso":"CHN"},{"h3index":"8740887aaffffff","population_2015":471.1987904343,"total_built_mass_tons":393255.5163508089,"city_id":10442,"country_iso":"CHN"}]