[{"h3index":"8724eb603ffffff","population_2015":2600.6428380199,"total_built_mass_tons":1180175.5560597924,"city_id":10241,"country_iso":"CHN"},{"h3index":"8724eb608ffffff","population_2015":1633.4043701424,"total_built_mass_tons":933325.4078835764,"city_id":10241,"country_iso":"CHN"},{"h3index":"8724eb60affffff","population_2015":1232.7339446732,"total_built_mass_tons":1033069.7634742968,"city_id":10241,"country_iso":"CHN"},{"h3index":"8724eb60bffffff","population_2015":0.290246021,"total_built_mass_tons":1295.0117744965,"city_id":10241,"country_iso":"CHN"},{"h3index":"8724eb60cffffff","population_2015":601.5655318559,"total_built_mass_tons":465909.3404618586,"city_id":10241,"country_iso":"CHN"},{"h3index":"8724eb60effffff","population_2015":2318.8261509484,"total_built_mass_tons":2047830.5080426312,"city_id":10241,"country_iso":"CHN"},{"h3index":"8724eb611ffffff","population_2015":804.0546923076,"total_built_mass_tons":467373.2855156637,"city_id":10241,"country_iso":"CHN"},{"h3index":"8724eb613ffffff","population_2015":117.3846968744,"total_built_mass_tons":70323.3206834722,"city_id":10241,"country_iso":"CHN"},{"h3index":"8724eb618ffffff","population_2015":9575.262746953,"total_built_mass_tons":1803685.8179727844,"city_id":10241,"country_iso":"CHN"},{"h3index":"8724eb619ffffff","population_2015":477.1521453881,"total_built_mass_tons":647785.1802174214,"city_id":10241,"country_iso":"CHN"},{"h3index":"8724eb61affffff","population_2015":177.2565763287,"total_built_mass_tons":59618.4783323736,"city_id":10241,"country_iso":"CHN"},{"h3index":"8724eb61cffffff","population_2015":8970.8848342783,"total_built_mass_tons":1278161.7779429446,"city_id":10241,"country_iso":"CHN"},{"h3index":"8724eb61dffffff","population_2015":2066.1950472981,"total_built_mass_tons":1221396.7805151071,"city_id":10241,"country_iso":"CHN"},{"h3index":"8724eb61effffff","population_2015":6438.999527862,"total_built_mass_tons":1749122.0155508311,"city_id":10241,"country_iso":"CHN"},{"h3index":"8724eb6e4ffffff","population_2015":54.8487016173,"total_built_mass_tons":219568.1179019804,"city_id":10241,"country_iso":"CHN"}]