[{"h3index":"873cb520affffff","population_2015":758.7989352488,"total_built_mass_tons":151147.6153324352,"city_id":8493,"country_iso":"IND"},{"h3index":"873cb5218ffffff","population_2015":32.8282604218,"total_built_mass_tons":9901.8657173738,"city_id":8493,"country_iso":"IND"},{"h3index":"873cb5219ffffff","population_2015":872.4990703583,"total_built_mass_tons":180140.6381689129,"city_id":8493,"country_iso":"IND"},{"h3index":"873cb521dffffff","population_2015":5088.0620856865,"total_built_mass_tons":538897.6868040704,"city_id":8493,"country_iso":"IND"}]