[{"h3index":"874000d28ffffff","population_2015":15316.2058562269,"total_built_mass_tons":2543317.1325986604,"city_id":11302,"country_iso":"CHN"},{"h3index":"874000d29ffffff","population_2015":9566.8080298204,"total_built_mass_tons":1861665.2254848056,"city_id":11302,"country_iso":"CHN"},{"h3index":"874000d2bffffff","population_2015":7255.4331021197,"total_built_mass_tons":1715803.6678955555,"city_id":11302,"country_iso":"CHN"},{"h3index":"874000d2dffffff","population_2015":1300.1864433045,"total_built_mass_tons":342616.0152699062,"city_id":11302,"country_iso":"CHN"},{"h3index":"874000d76ffffff","population_2015":24.2153489917,"total_built_mass_tons":43957.7331174696,"city_id":11302,"country_iso":"CHN"},{"h3index":"8740046daffffff","population_2015":144.8064653275,"total_built_mass_tons":134332.8930314657,"city_id":11302,"country_iso":"CHN"}]