[{"h3index":"873d93218ffffff","population_2015":2554.9155410056,"total_built_mass_tons":508198.5941233625,"city_id":7571,"country_iso":"IND"},{"h3index":"873d9321affffff","population_2015":12524.4512149586,"total_built_mass_tons":1886911.700303094,"city_id":7571,"country_iso":"IND"},{"h3index":"873d9321bffffff","population_2015":436.1199468725,"total_built_mass_tons":100754.8977980528,"city_id":7571,"country_iso":"IND"},{"h3index":"873d9321effffff","population_2015":1251.4875604985,"total_built_mass_tons":493876.4651480771,"city_id":7571,"country_iso":"IND"},{"h3index":"873d932a9ffffff","population_2015":43.8396722457,"total_built_mass_tons":11290.5134060455,"city_id":7571,"country_iso":"IND"},{"h3index":"873d932adffffff","population_2015":171.6041412447,"total_built_mass_tons":78616.6869049911,"city_id":7571,"country_iso":"IND"},{"h3index":"873d932f4ffffff","population_2015":1909.0539717132,"total_built_mass_tons":219303.894144843,"city_id":7571,"country_iso":"IND"}]