[{"h3index":"873cc2082ffffff","population_2015":31.3733100891,"total_built_mass_tons":73155.4886163399,"city_id":10051,"country_iso":"BGD"},{"h3index":"873cc2084ffffff","population_2015":76.3188240799,"total_built_mass_tons":57780.9850472363,"city_id":10051,"country_iso":"BGD"},{"h3index":"873cc2089ffffff","population_2015":62.5164389966,"total_built_mass_tons":78467.5208754862,"city_id":10051,"country_iso":"BGD"},{"h3index":"873cc20a3ffffff","population_2015":134.9610278335,"total_built_mass_tons":58741.8449290442,"city_id":10051,"country_iso":"BGD"},{"h3index":"873cc20f0ffffff","population_2015":884.4558996724,"total_built_mass_tons":121826.2261916236,"city_id":10051,"country_iso":"BGD"},{"h3index":"873cc20f1ffffff","population_2015":23.328518946,"total_built_mass_tons":6173.7522142639,"city_id":10051,"country_iso":"BGD"},{"h3index":"873cc20f2ffffff","population_2015":281.3308972228,"total_built_mass_tons":80997.6310921753,"city_id":10051,"country_iso":"BGD"},{"h3index":"873cc20f3ffffff","population_2015":309.6194982192,"total_built_mass_tons":41509.5412103501,"city_id":10051,"country_iso":"BGD"},{"h3index":"873cc2724ffffff","population_2015":21.9181022644,"total_built_mass_tons":56012.1958820342,"city_id":10051,"country_iso":"BGD"}]