[{"h3index": "873f60d14ffffff", "population_2015": 338.66672260060034, "total_built_mass_tons": 61513.919404685665, "city_id": 3528, "country_iso": "TUR"}, {"h3index": "873f60d16ffffff", "population_2015": 16681.99752900367, "total_built_mass_tons": 970837.9784646196, "city_id": 3528, "country_iso": "TUR"}, {"h3index": "873f60d20ffffff", "population_2015": 1342.660894384571, "total_built_mass_tons": 475003.370950968, "city_id": 3528, "country_iso": "TUR"}, {"h3index": "873f60d22ffffff", "population_2015": 36.79667745104023, "total_built_mass_tons": 19933.994958486688, "city_id": 3528, "country_iso": "TUR"}, {"h3index": "873f60d24ffffff", "population_2015": 382.8830938105488, "total_built_mass_tons": 302365.4777046002, "city_id": 3528, "country_iso": "TUR"}, {"h3index": "873f60d26ffffff", "population_2015": 8903.202709553289, "total_built_mass_tons": 1847077.5027006848, "city_id": 3528, "country_iso": "TUR"}, {"h3index": "873f60d30ffffff", "population_2015": 2452.957269851834, "total_built_mass_tons": 730200.0853065631, "city_id": 3528, "country_iso": "TUR"}, {"h3index": "873f60d31ffffff", "population_2015": 4.899486961551741, "total_built_mass_tons": 4991.750515043335, "city_id": 3528, "country_iso": "TUR"}, {"h3index": "873f60d32ffffff", "population_2015": 172.29244200014602, "total_built_mass_tons": 158900.2832397225, "city_id": 3528, "country_iso": "TUR"}, {"h3index": "873f60d34ffffff", "population_2015": 28173.259676869715, "total_built_mass_tons": 5055939.809353573, "city_id": 3528, "country_iso": "TUR"}, {"h3index": "873f60d35ffffff", "population_2015": 17879.555181761352, "total_built_mass_tons": 3810671.5960183926, "city_id": 3528, "country_iso": "TUR"}, {"h3index": "873f60d36ffffff", "population_2015": 8887.762358240985, "total_built_mass_tons": 2224041.632471779, "city_id": 3528, "country_iso": "TUR"}, {"h3index": "873f60da2ffffff", "population_2015": 1938.9951727100447, "total_built_mass_tons": 727561.5332996338, "city_id": 3528, "country_iso": "TUR"}, {"h3index": "873f60da5ffffff", "population_2015": 584.0383372437719, "total_built_mass_tons": 70260.68406046592, "city_id": 3528, "country_iso": "TUR"}, {"h3index": "873f60da6ffffff", "population_2015": 6538.140333390703, "total_built_mass_tons": 1341917.0010212, "city_id": 3528, "country_iso": "TUR"}, {"h3index": "873f60db4ffffff", "population_2015": 3466.172020998188, "total_built_mass_tons": 443614.60840692185, "city_id": 3528, "country_iso": "TUR"}, {"h3index": "873f60db5ffffff", "population_2015": 7252.35618130927, "total_built_mass_tons": 1164756.8781460363, "city_id": 3528, "country_iso": "TUR"}, {"h3index": "873f64690ffffff", "population_2015": 6.052841882144703, "total_built_mass_tons": 81705.59142013341, "city_id": 3528, "country_iso": "TUR"}, {"h3index": "873f64691ffffff", "population_2015": 5887.39469725852, "total_built_mass_tons": 1042609.6410056656, "city_id": 3528, "country_iso": "TUR"}, {"h3index": "873f64692ffffff", "population_2015": 21733.923116014514, "total_built_mass_tons": 1690995.2059203386, "city_id": 3528, "country_iso": "TUR"}, {"h3index": "873f64693ffffff", "population_2015": 51073.3880410213, "total_built_mass_tons": 5318745.97091165, "city_id": 3528, "country_iso": "TUR"}, {"h3index": "873f64696ffffff", "population_2015": 2648.8063492270076, "total_built_mass_tons": 557177.6826247007, "city_id": 3528, "country_iso": "TUR"}, {"h3index": "873f64698ffffff", "population_2015": 10827.079162960425, "total_built_mass_tons": 1764780.5263645467, "city_id": 3528, "country_iso": "TUR"}, {"h3index": "873f64699ffffff", "population_2015": 107.68741339515238, "total_built_mass_tons": 57131.077379144364, "city_id": 3528, "country_iso": "TUR"}, {"h3index": "873f6469affffff", "population_2015": 26358.61438888101, "total_built_mass_tons": 3797042.0446094847, "city_id": 3528, "country_iso": "TUR"}, {"h3index": "873f6469bffffff", "population_2015": 24700.316006503384, "total_built_mass_tons": 3983554.842793201, "city_id": 3528, "country_iso": "TUR"}, {"h3index": "873f6469cffffff", "population_2015": 34.8659644800074, "total_built_mass_tons": 48131.767647979286, "city_id": 3528, "country_iso": "TUR"}, {"h3index": "873f6469effffff", "population_2015": 29159.25515142329, "total_built_mass_tons": 5603893.269587159, "city_id": 3528, "country_iso": "TUR"}, {"h3index": "873f66a08ffffff", "population_2015": 7379.174678484598, "total_built_mass_tons": 1158452.8301216671, "city_id": 3528, "country_iso": "TUR"}, {"h3index": "873f66a09ffffff", "population_2015": 24161.69453743953, "total_built_mass_tons": 3107998.725370489, "city_id": 3528, "country_iso": "TUR"}, {"h3index": "873f66a0dffffff", "population_2015": 3729.427221021466, "total_built_mass_tons": 574668.8672162633, "city_id": 3528, "country_iso": "TUR"}, {"h3index": "873f66a0effffff", "population_2015": 2089.170566530789, "total_built_mass_tons": 605035.3711031018, "city_id": 3528, "country_iso": "TUR"}, {"h3index": "873f66a1dffffff", "population_2015": 44.22762523351931, "total_built_mass_tons": 12267.81544002701, "city_id": 3528, "country_iso": "TUR"}, {"h3index": "873f66a2dffffff", "population_2015": 1135.7172790704992, "total_built_mass_tons": 1746155.1504841894, "city_id": 3528, "country_iso": "TUR"}, {"h3index": "873f66a40ffffff", "population_2015": 32038.47025593777, "total_built_mass_tons": 7949563.095913507, "city_id": 3528, "country_iso": "TUR"}, {"h3index": "873f66a41ffffff", "population_2015": 26769.170917529693, "total_built_mass_tons": 6411409.930022699, "city_id": 3528, "country_iso": "TUR"}, {"h3index": "873f66a42ffffff", "population_2015": 27877.5478261798, "total_built_mass_tons": 6020774.877200251, "city_id": 3528, "country_iso": "TUR"}, {"h3index": "873f66a43ffffff", "population_2015": 54938.40216348685, "total_built_mass_tons": 6068910.966044448, "city_id": 3528, "country_iso": "TUR"}, {"h3index": "873f66a44ffffff", "population_2015": 9.55318323023179, "total_built_mass_tons": 187864.3609888906, "city_id": 3528, "country_iso": "TUR"}, {"h3index": "873f66a45ffffff", "population_2015": 22728.49595213497, "total_built_mass_tons": 4965756.544563375, "city_id": 3528, "country_iso": "TUR"}, {"h3index": "873f66a46ffffff", "population_2015": 14140.835642406986, "total_built_mass_tons": 3920093.583008894, "city_id": 3528, "country_iso": "TUR"}, {"h3index": "873f66a48ffffff", "population_2015": 71527.76379399016, "total_built_mass_tons": 3525849.7116412576, "city_id": 3528, "country_iso": "TUR"}, {"h3index": "873f66a49ffffff", "population_2015": 11319.77259017065, "total_built_mass_tons": 764020.4463823258, "city_id": 3528, "country_iso": "TUR"}, {"h3index": "873f66a4affffff", "population_2015": 12532.3057145661, "total_built_mass_tons": 851648.9282887828, "city_id": 3528, "country_iso": "TUR"}, {"h3index": "873f66a4bffffff", "population_2015": 4697.443245921417, "total_built_mass_tons": 328422.5545254035, "city_id": 3528, "country_iso": "TUR"}, {"h3index": "873f66a4cffffff", "population_2015": 35036.41861032225, "total_built_mass_tons": 4193318.5458292505, "city_id": 3528, "country_iso": "TUR"}, {"h3index": "873f66a4dffffff", "population_2015": 3509.243544163424, "total_built_mass_tons": 1012535.6816786998, "city_id": 3528, "country_iso": "TUR"}, {"h3index": "873f66a4effffff", "population_2015": 112804.29681053908, "total_built_mass_tons": 5284332.50742542, "city_id": 3528, "country_iso": "TUR"}, {"h3index": "873f66a50ffffff", "population_2015": 73.51331608342188, "total_built_mass_tons": 23481.61332760517, "city_id": 3528, "country_iso": "TUR"}, {"h3index": "873f66a51ffffff", "population_2015": 37648.65497951133, "total_built_mass_tons": 2117969.6365811843, "city_id": 3528, "country_iso": "TUR"}, {"h3index": "873f66a53ffffff", "population_2015": 381.4963674507889, "total_built_mass_tons": 18864.71052720908, "city_id": 3528, "country_iso": "TUR"}, {"h3index": "873f66a54ffffff", "population_2015": 13115.844024220632, "total_built_mass_tons": 2954785.0389202135, "city_id": 3528, "country_iso": "TUR"}, {"h3index": "873f66a55ffffff", "population_2015": 13729.037540602218, "total_built_mass_tons": 2621502.8496407093, "city_id": 3528, "country_iso": "TUR"}, {"h3index": "873f66a58ffffff", "population_2015": 77829.78768932869, "total_built_mass_tons": 4561080.805843854, "city_id": 3528, "country_iso": "TUR"}, {"h3index": "873f66a59ffffff", "population_2015": 1928.59297431871, "total_built_mass_tons": 618235.541231031, "city_id": 3528, "country_iso": "TUR"}, {"h3index": "873f66a5affffff", "population_2015": 13153.410919727998, "total_built_mass_tons": 1400630.6350963158, "city_id": 3528, "country_iso": "TUR"}, {"h3index": "873f66a5bffffff", "population_2015": 36443.56782892264, "total_built_mass_tons": 4201709.238345836, "city_id": 3528, "country_iso": "TUR"}, {"h3index": "873f66a5cffffff", "population_2015": 87864.81584762121, "total_built_mass_tons": 3170086.015897719, "city_id": 3528, "country_iso": "TUR"}, {"h3index": "873f66a5dffffff", "population_2015": 138425.2247791141, "total_built_mass_tons": 3803195.7609335566, "city_id": 3528, "country_iso": "TUR"}, {"h3index": "873f66a5effffff", "population_2015": 13232.083454535988, "total_built_mass_tons": 727189.4442510832, "city_id": 3528, "country_iso": "TUR"}, {"h3index": "873f66a60ffffff", "population_2015": 62936.99703390085, "total_built_mass_tons": 7152718.110654388, "city_id": 3528, "country_iso": "TUR"}, {"h3index": "873f66a61ffffff", "population_2015": 13801.279980767946, "total_built_mass_tons": 1934844.8234746985, "city_id": 3528, "country_iso": "TUR"}, {"h3index": "873f66a62ffffff", "population_2015": 2465.66656779869, "total_built_mass_tons": 495903.7136097725, "city_id": 3528, "country_iso": "TUR"}, {"h3index": "873f66a63ffffff", "population_2015": 275.91940684599035, "total_built_mass_tons": 578567.6259709022, "city_id": 3528, "country_iso": "TUR"}, {"h3index": "873f66a64ffffff", "population_2015": 49158.2232092315, "total_built_mass_tons": 5304120.259929284, "city_id": 3528, "country_iso": "TUR"}, {"h3index": "873f66a65ffffff", "population_2015": 46994.081978648326, "total_built_mass_tons": 4574314.109401779, "city_id": 3528, "country_iso": "TUR"}, {"h3index": "873f66a66ffffff", "population_2015": 31547.296307023367, "total_built_mass_tons": 3398400.7584636696, "city_id": 3528, "country_iso": "TUR"}, {"h3index": "873f66a68ffffff", "population_2015": 62703.24246505289, "total_built_mass_tons": 7452577.534964972, "city_id": 3528, "country_iso": "TUR"}, {"h3index": "873f66a69ffffff", "population_2015": 30049.368161519356, "total_built_mass_tons": 5444473.2398071475, "city_id": 3528, "country_iso": "TUR"}, {"h3index": "873f66a6affffff", "population_2015": 26465.109228014473, "total_built_mass_tons": 6667476.616346369, "city_id": 3528, "country_iso": "TUR"}, {"h3index": "873f66a6bffffff", "population_2015": 15353.68180776858, "total_built_mass_tons": 3801952.85137483, "city_id": 3528, "country_iso": "TUR"}, {"h3index": "873f66a6cffffff", "population_2015": 79190.60089936352, "total_built_mass_tons": 5402645.657332927, "city_id": 3528, "country_iso": "TUR"}, {"h3index": "873f66a6dffffff", "population_2015": 72430.89373803232, "total_built_mass_tons": 7000157.548013838, "city_id": 3528, "country_iso": "TUR"}, {"h3index": "873f66a6effffff", "population_2015": 15810.455836210063, "total_built_mass_tons": 3946626.3630098207, "city_id": 3528, "country_iso": "TUR"}, {"h3index": "873f66a72ffffff", "population_2015": 4556.9532972691095, "total_built_mass_tons": 930819.2235066864, "city_id": 3528, "country_iso": "TUR"}, {"h3index": "873f66a73ffffff", "population_2015": 7370.328114599341, "total_built_mass_tons": 1620148.09121223, "city_id": 3528, "country_iso": "TUR"}, {"h3index": "873f66a76ffffff", "population_2015": 121.26072475956936, "total_built_mass_tons": 25869.745042587696, "city_id": 3528, "country_iso": "TUR"}, {"h3index": "873f66b40ffffff", "population_2015": 2822.487585653044, "total_built_mass_tons": 1063931.2394810424, "city_id": 3528, "country_iso": "TUR"}, {"h3index": "873f66b41ffffff", "population_2015": 2716.8928632941893, "total_built_mass_tons": 965898.98754746, "city_id": 3528, "country_iso": "TUR"}, {"h3index": "873f66b42ffffff", "population_2015": 45.65701621373495, "total_built_mass_tons": 77300.59282255782, "city_id": 3528, "country_iso": "TUR"}, {"h3index": "873f66b43ffffff", "population_2015": 8623.011363510057, "total_built_mass_tons": 2212622.9648723924, "city_id": 3528, "country_iso": "TUR"}, {"h3index": "873f66b45ffffff", "population_2015": 897.7089247871847, "total_built_mass_tons": 365854.12778151303, "city_id": 3528, "country_iso": "TUR"}, {"h3index": "873f66b4affffff", "population_2015": 15566.301933780376, "total_built_mass_tons": 2193105.044391748, "city_id": 3528, "country_iso": "TUR"}, {"h3index": "873f66b4bffffff", "population_2015": 6126.087892420153, "total_built_mass_tons": 1105184.7710207289, "city_id": 3528, "country_iso": "TUR"}, {"h3index": "873f66b4effffff", "population_2015": 1459.27487188975, "total_built_mass_tons": 356150.96048835595, "city_id": 3528, "country_iso": "TUR"}, {"h3index": "873f66b58ffffff", "population_2015": 28407.504215534063, "total_built_mass_tons": 5616806.771970302, "city_id": 3528, "country_iso": "TUR"}, {"h3index": "873f66b59ffffff", "population_2015": 36452.141792581606, "total_built_mass_tons": 5787531.499665414, "city_id": 3528, "country_iso": "TUR"}, {"h3index": "873f66b5affffff", "population_2015": 2674.6012729046383, "total_built_mass_tons": 987922.4852509756, "city_id": 3528, "country_iso": "TUR"}, {"h3index": "873f66b5bffffff", "population_2015": 3995.2350976439097, "total_built_mass_tons": 1016588.4180106376, "city_id": 3528, "country_iso": "TUR"}, {"h3index": "873f66b5cffffff", "population_2015": 8931.835296004425, "total_built_mass_tons": 1963733.8459553989, "city_id": 3528, "country_iso": "TUR"}, {"h3index": "873f66b5dffffff", "population_2015": 32985.320914032876, "total_built_mass_tons": 4575352.261168592, "city_id": 3528, "country_iso": "TUR"}, {"h3index": "873f66b5effffff", "population_2015": 2045.0395394699249, "total_built_mass_tons": 1437415.4825273592, "city_id": 3528, "country_iso": "TUR"}, {"h3index": "873f66b6affffff", "population_2015": 8.775197973438338, "total_built_mass_tons": 12141.089266154831, "city_id": 3528, "country_iso": "TUR"}]