[{"h3index":"876499d43ffffff","population_2015":62.925603386,"total_built_mass_tons":30928.4364674908,"city_id":10197,"country_iso":"MMR"},{"h3index":"876499d51ffffff","population_2015":61.1660011301,"total_built_mass_tons":45861.8607447804,"city_id":10197,"country_iso":"MMR"},{"h3index":"876499d58ffffff","population_2015":1209.3118490593,"total_built_mass_tons":185322.2707629815,"city_id":10197,"country_iso":"MMR"},{"h3index":"876499d5cffffff","population_2015":6349.1919996467,"total_built_mass_tons":1024519.0458034984,"city_id":10197,"country_iso":"MMR"},{"h3index":"876499d5dffffff","population_2015":1071.6406205271,"total_built_mass_tons":108770.7391665778,"city_id":10197,"country_iso":"MMR"},{"h3index":"876499d5effffff","population_2015":31.5179202603,"total_built_mass_tons":43498.769642037,"city_id":10197,"country_iso":"MMR"}]