[{"h3index":"8724c0452ffffff","population_2015":679.9883626919,"total_built_mass_tons":555676.4810341909,"city_id":10137,"country_iso":"CHN"},{"h3index":"8724c0453ffffff","population_2015":1693.3084277938,"total_built_mass_tons":868587.8997917855,"city_id":10137,"country_iso":"CHN"},{"h3index":"8724c0480ffffff","population_2015":26109.5561204836,"total_built_mass_tons":4827294.8638289776,"city_id":10137,"country_iso":"CHN"},{"h3index":"8724c0481ffffff","population_2015":24243.2990260741,"total_built_mass_tons":3222010.0617921632,"city_id":10137,"country_iso":"CHN"},{"h3index":"8724c0482ffffff","population_2015":12490.7400064824,"total_built_mass_tons":3256275.8793146727,"city_id":10137,"country_iso":"CHN"},{"h3index":"8724c0483ffffff","population_2015":11939.7978365001,"total_built_mass_tons":3820836.3061935068,"city_id":10137,"country_iso":"CHN"},{"h3index":"8724c0484ffffff","population_2015":6199.7433203604,"total_built_mass_tons":1082548.5376557801,"city_id":10137,"country_iso":"CHN"},{"h3index":"8724c0485ffffff","population_2015":6459.0899955834,"total_built_mass_tons":1620231.6788549095,"city_id":10137,"country_iso":"CHN"},{"h3index":"8724c0486ffffff","population_2015":19014.4802378393,"total_built_mass_tons":3619662.7611091128,"city_id":10137,"country_iso":"CHN"},{"h3index":"8724c0488ffffff","population_2015":35073.25746701,"total_built_mass_tons":6544959.0647190772,"city_id":10137,"country_iso":"CHN"},{"h3index":"8724c0489ffffff","population_2015":16379.6546281665,"total_built_mass_tons":3507550.6487172591,"city_id":10137,"country_iso":"CHN"},{"h3index":"8724c048affffff","population_2015":3558.1725702725,"total_built_mass_tons":2114965.6774840509,"city_id":10137,"country_iso":"CHN"},{"h3index":"8724c048bffffff","population_2015":2666.0483810934,"total_built_mass_tons":2100711.0974236522,"city_id":10137,"country_iso":"CHN"},{"h3index":"8724c048cffffff","population_2015":19227.2840702786,"total_built_mass_tons":2939890.4070388679,"city_id":10137,"country_iso":"CHN"},{"h3index":"8724c048dffffff","population_2015":8111.668619557,"total_built_mass_tons":944584.1824400494,"city_id":10137,"country_iso":"CHN"},{"h3index":"8724c048effffff","population_2015":15405.3131724049,"total_built_mass_tons":3934857.5028391089,"city_id":10137,"country_iso":"CHN"},{"h3index":"8724c0490ffffff","population_2015":30.0397381273,"total_built_mass_tons":52351.8694127956,"city_id":10137,"country_iso":"CHN"},{"h3index":"8724c0491ffffff","population_2015":4340.2339258699,"total_built_mass_tons":1945704.3187384384,"city_id":10137,"country_iso":"CHN"},{"h3index":"8724c0493ffffff","population_2015":80.9763437458,"total_built_mass_tons":72665.2062138224,"city_id":10137,"country_iso":"CHN"},{"h3index":"8724c0494ffffff","population_2015":3006.1429485578,"total_built_mass_tons":1437111.8570572466,"city_id":10137,"country_iso":"CHN"},{"h3index":"8724c0495ffffff","population_2015":16392.5134084412,"total_built_mass_tons":2818344.6971982098,"city_id":10137,"country_iso":"CHN"},{"h3index":"8724c0498ffffff","population_2015":626.2365744913,"total_built_mass_tons":236421.790489197,"city_id":10137,"country_iso":"CHN"},{"h3index":"8724c0499ffffff","population_2015":619.6877494728,"total_built_mass_tons":543611.095391856,"city_id":10137,"country_iso":"CHN"},{"h3index":"8724c049cffffff","population_2015":9609.9685178906,"total_built_mass_tons":2584611.8003813182,"city_id":10137,"country_iso":"CHN"},{"h3index":"8724c049dffffff","population_2015":6906.0057795515,"total_built_mass_tons":2597699.6417048941,"city_id":10137,"country_iso":"CHN"},{"h3index":"8724c049effffff","population_2015":504.5729470178,"total_built_mass_tons":152726.3929447066,"city_id":10137,"country_iso":"CHN"},{"h3index":"8724c04a1ffffff","population_2015":464.7008673051,"total_built_mass_tons":126127.1541833247,"city_id":10137,"country_iso":"CHN"},{"h3index":"8724c04a2ffffff","population_2015":1.4646378597,"total_built_mass_tons":4559.6171242213,"city_id":10137,"country_iso":"CHN"},{"h3index":"8724c04a3ffffff","population_2015":1634.2191036776,"total_built_mass_tons":485219.0962656208,"city_id":10137,"country_iso":"CHN"},{"h3index":"8724c04a8ffffff","population_2015":36.014731769,"total_built_mass_tons":12337.4582542307,"city_id":10137,"country_iso":"CHN"},{"h3index":"8724c04aaffffff","population_2015":7057.0082277064,"total_built_mass_tons":1444110.3491870763,"city_id":10137,"country_iso":"CHN"},{"h3index":"8724c04abffffff","population_2015":279.9928624469,"total_built_mass_tons":177268.4679905467,"city_id":10137,"country_iso":"CHN"},{"h3index":"8724c04aeffffff","population_2015":890.8475608555,"total_built_mass_tons":366222.7160984387,"city_id":10137,"country_iso":"CHN"},{"h3index":"8724c04b1ffffff","population_2015":773.889986918,"total_built_mass_tons":255096.98814031,"city_id":10137,"country_iso":"CHN"},{"h3index":"8724c04b2ffffff","population_2015":1292.3231025219,"total_built_mass_tons":357980.7115587667,"city_id":10137,"country_iso":"CHN"},{"h3index":"8724c04b3ffffff","population_2015":4830.198538524,"total_built_mass_tons":858845.4103927889,"city_id":10137,"country_iso":"CHN"},{"h3index":"8724c04c0ffffff","population_2015":9774.3365457535,"total_built_mass_tons":2132819.206206148,"city_id":10137,"country_iso":"CHN"},{"h3index":"8724c04c1ffffff","population_2015":3268.9584909813,"total_built_mass_tons":834659.5546268628,"city_id":10137,"country_iso":"CHN"},{"h3index":"8724c04c2ffffff","population_2015":108776.7703399116,"total_built_mass_tons":5793915.5668053385,"city_id":10137,"country_iso":"CHN"},{"h3index":"8724c04c3ffffff","population_2015":13150.8672580626,"total_built_mass_tons":1937153.6762236869,"city_id":10137,"country_iso":"CHN"},{"h3index":"8724c04c4ffffff","population_2015":1287.1541695151,"total_built_mass_tons":964805.2568658636,"city_id":10137,"country_iso":"CHN"},{"h3index":"8724c04c5ffffff","population_2015":13888.7790622347,"total_built_mass_tons":4968017.9891016362,"city_id":10137,"country_iso":"CHN"},{"h3index":"8724c04c6ffffff","population_2015":2575.8585615859,"total_built_mass_tons":1490882.7848458809,"city_id":10137,"country_iso":"CHN"},{"h3index":"8724c04c8ffffff","population_2015":7.0542163166,"total_built_mass_tons":18682.8647452792,"city_id":10137,"country_iso":"CHN"},{"h3index":"8724c04caffffff","population_2015":2070.6041417253,"total_built_mass_tons":138838.2227212658,"city_id":10137,"country_iso":"CHN"},{"h3index":"8724c04ceffffff","population_2015":2111.0900589681,"total_built_mass_tons":245002.752229301,"city_id":10137,"country_iso":"CHN"},{"h3index":"8724c04d0ffffff","population_2015":15074.7318078639,"total_built_mass_tons":8976695.649278013,"city_id":10137,"country_iso":"CHN"},{"h3index":"8724c04d1ffffff","population_2015":39236.0638058532,"total_built_mass_tons":13253242.5446462166,"city_id":10137,"country_iso":"CHN"},{"h3index":"8724c04d2ffffff","population_2015":4072.1627111762,"total_built_mass_tons":2921266.8159056385,"city_id":10137,"country_iso":"CHN"},{"h3index":"8724c04d3ffffff","population_2015":12718.6019110941,"total_built_mass_tons":10597692.3462374713,"city_id":10137,"country_iso":"CHN"},{"h3index":"8724c04d4ffffff","population_2015":36534.3239193075,"total_built_mass_tons":6599058.4981776085,"city_id":10137,"country_iso":"CHN"},{"h3index":"8724c04d5ffffff","population_2015":14349.1174230239,"total_built_mass_tons":4993578.4688567715,"city_id":10137,"country_iso":"CHN"},{"h3index":"8724c04d6ffffff","population_2015":21541.4277223395,"total_built_mass_tons":5817696.9405679014,"city_id":10137,"country_iso":"CHN"},{"h3index":"8724c04d8ffffff","population_2015":18961.6508212029,"total_built_mass_tons":2281126.2854675502,"city_id":10137,"country_iso":"CHN"},{"h3index":"8724c04d9ffffff","population_2015":669.4279527435,"total_built_mass_tons":497399.2427980344,"city_id":10137,"country_iso":"CHN"},{"h3index":"8724c04daffffff","population_2015":3738.5181733646,"total_built_mass_tons":3303247.9550808617,"city_id":10137,"country_iso":"CHN"},{"h3index":"8724c04dbffffff","population_2015":739.0683404679,"total_built_mass_tons":835478.538978169,"city_id":10137,"country_iso":"CHN"},{"h3index":"8724c04dcffffff","population_2015":121115.4561658298,"total_built_mass_tons":6675391.4771473827,"city_id":10137,"country_iso":"CHN"},{"h3index":"8724c04ddffffff","population_2015":34543.024725813,"total_built_mass_tons":940567.46037827,"city_id":10137,"country_iso":"CHN"},{"h3index":"8724c04deffffff","population_2015":20105.9232110715,"total_built_mass_tons":9556796.5327372085,"city_id":10137,"country_iso":"CHN"},{"h3index":"8724c04e1ffffff","population_2015":4603.5865759812,"total_built_mass_tons":1533349.316848767,"city_id":10137,"country_iso":"CHN"},{"h3index":"8724c04e3ffffff","population_2015":5484.8655364111,"total_built_mass_tons":2874928.9211029811,"city_id":10137,"country_iso":"CHN"},{"h3index":"8724c04e5ffffff","population_2015":8.7344385745,"total_built_mass_tons":10618.5148556587,"city_id":10137,"country_iso":"CHN"},{"h3index":"8724c04e8ffffff","population_2015":9568.3658010698,"total_built_mass_tons":4853482.7593536861,"city_id":10137,"country_iso":"CHN"},{"h3index":"8724c04eaffffff","population_2015":2529.4683371282,"total_built_mass_tons":942436.1210135396,"city_id":10137,"country_iso":"CHN"},{"h3index":"8724c04ecffffff","population_2015":7151.901031913,"total_built_mass_tons":2469250.1961124064,"city_id":10137,"country_iso":"CHN"},{"h3index":"8724c04edffffff","population_2015":1097.0736738055,"total_built_mass_tons":534095.5643779065,"city_id":10137,"country_iso":"CHN"},{"h3index":"8724c04eeffffff","population_2015":15326.8935637287,"total_built_mass_tons":6381935.4702741774,"city_id":10137,"country_iso":"CHN"},{"h3index":"8724c04f0ffffff","population_2015":79.1068618555,"total_built_mass_tons":164992.4656909632,"city_id":10137,"country_iso":"CHN"},{"h3index":"8724c04f1ffffff","population_2015":85.9866676169,"total_built_mass_tons":198814.1637563823,"city_id":10137,"country_iso":"CHN"},{"h3index":"8724c04f2ffffff","population_2015":5305.779078822,"total_built_mass_tons":877136.2712498957,"city_id":10137,"country_iso":"CHN"},{"h3index":"8724c04f3ffffff","population_2015":3239.7431469735,"total_built_mass_tons":2205975.0345204351,"city_id":10137,"country_iso":"CHN"},{"h3index":"8724c04f6ffffff","population_2015":77.2610132217,"total_built_mass_tons":131670.9454424151,"city_id":10137,"country_iso":"CHN"},{"h3index":"8724c2949ffffff","population_2015":0.2624052356,"total_built_mass_tons":776.6436730934,"city_id":10137,"country_iso":"CHN"},{"h3index":"8724c2b01ffffff","population_2015":527.3765771754,"total_built_mass_tons":697117.6854083521,"city_id":10137,"country_iso":"CHN"},{"h3index":"8724c2b03ffffff","population_2015":159.2444567213,"total_built_mass_tons":201680.2689501694,"city_id":10137,"country_iso":"CHN"},{"h3index":"8724c2b0cffffff","population_2015":4237.3107450953,"total_built_mass_tons":4035336.1568677407,"city_id":10137,"country_iso":"CHN"},{"h3index":"8724c2b0dffffff","population_2015":209.3200014311,"total_built_mass_tons":164094.9679432249,"city_id":10137,"country_iso":"CHN"},{"h3index":"8724c2b0effffff","population_2015":1764.9570874008,"total_built_mass_tons":1484941.6813967316,"city_id":10137,"country_iso":"CHN"},{"h3index":"8724c2b20ffffff","population_2015":0.8541357475,"total_built_mass_tons":5998.2993689501,"city_id":10137,"country_iso":"CHN"},{"h3index":"8724c2b21ffffff","population_2015":604.260189695,"total_built_mass_tons":501222.4029141361,"city_id":10137,"country_iso":"CHN"},{"h3index":"8724c2b25ffffff","population_2015":1223.8729943046,"total_built_mass_tons":1324553.9976651787,"city_id":10137,"country_iso":"CHN"},{"h3index":"8724c2b28ffffff","population_2015":2131.9062010298,"total_built_mass_tons":1913542.925577262,"city_id":10137,"country_iso":"CHN"},{"h3index":"8724c2b29ffffff","population_2015":1918.0070584068,"total_built_mass_tons":1856358.029923877,"city_id":10137,"country_iso":"CHN"},{"h3index":"8724c2b2affffff","population_2015":16.0546899646,"total_built_mass_tons":38836.1590857807,"city_id":10137,"country_iso":"CHN"},{"h3index":"8724c2b2bffffff","population_2015":2375.0193183899,"total_built_mass_tons":2655489.1238603336,"city_id":10137,"country_iso":"CHN"},{"h3index":"8724c2b2cffffff","population_2015":1882.4388591832,"total_built_mass_tons":1052065.2793348222,"city_id":10137,"country_iso":"CHN"},{"h3index":"8724c2b2dffffff","population_2015":10269.0082311677,"total_built_mass_tons":7576510.3551556366,"city_id":10137,"country_iso":"CHN"},{"h3index":"8724c2b74ffffff","population_2015":5.7582178864,"total_built_mass_tons":8456.9265917961,"city_id":10137,"country_iso":"CHN"}]