[{"h3index": "878da20c8ffffff", "population_2015": 101.61822089026955, "total_built_mass_tons": 28126.822662113853, "city_id": 12650, "country_iso": "IDN"}, {"h3index": "878da20c9ffffff", "population_2015": 274.72786745557596, "total_built_mass_tons": 73892.57201971242, "city_id": 12650, "country_iso": "IDN"}, {"h3index": "878da20cbffffff", "population_2015": 323.1672841838762, "total_built_mass_tons": 56436.66754224767, "city_id": 12650, "country_iso": "IDN"}, {"h3index": "878da2200ffffff", "population_2015": 6537.093680363075, "total_built_mass_tons": 781944.8555723338, "city_id": 12650, "country_iso": "IDN"}, {"h3index": "878da2201ffffff", "population_2015": 1743.2132548799705, "total_built_mass_tons": 306250.59059578844, "city_id": 12650, "country_iso": "IDN"}, {"h3index": "878da2202ffffff", "population_2015": 835.774023658154, "total_built_mass_tons": 148635.48764683146, "city_id": 12650, "country_iso": "IDN"}, {"h3index": "878da2203ffffff", "population_2015": 321.2292745178821, "total_built_mass_tons": 51790.78091848825, "city_id": 12650, "country_iso": "IDN"}, {"h3index": "878da2204ffffff", "population_2015": 1048.543130347308, "total_built_mass_tons": 205593.2576484878, "city_id": 12650, "country_iso": "IDN"}, {"h3index": "878da2205ffffff", "population_2015": 1135.8416388717353, "total_built_mass_tons": 243920.18522581697, "city_id": 12650, "country_iso": "IDN"}, {"h3index": "878da2206ffffff", "population_2015": 154.5331318238202, "total_built_mass_tons": 55733.82670226105, "city_id": 12650, "country_iso": "IDN"}, {"h3index": "878da220effffff", "population_2015": 8.27785483341591, "total_built_mass_tons": 3190.8458970113484, "city_id": 12650, "country_iso": "IDN"}, {"h3index": "878da2210ffffff", "population_2015": 338.8498229082893, "total_built_mass_tons": 84715.96466842425, "city_id": 12650, "country_iso": "IDN"}, {"h3index": "878da2212ffffff", "population_2015": 444.7041764726826, "total_built_mass_tons": 91482.53730765924, "city_id": 12650, "country_iso": "IDN"}, {"h3index": "878da2214ffffff", "population_2015": 117.87899439942602, "total_built_mass_tons": 31258.37878996569, "city_id": 12650, "country_iso": "IDN"}, {"h3index": "878da2215ffffff", "population_2015": 373.1055310529821, "total_built_mass_tons": 98582.74480151304, "city_id": 12650, "country_iso": "IDN"}, {"h3index": "878da2216ffffff", "population_2015": 267.57586342306695, "total_built_mass_tons": 72037.51363564077, "city_id": 12650, "country_iso": "IDN"}, {"h3index": "878da221affffff", "population_2015": 370.8897321888044, "total_built_mass_tons": 46347.37957647742, "city_id": 12650, "country_iso": "IDN"}, {"h3index": "878da2220ffffff", "population_2015": 310.06769613378185, "total_built_mass_tons": 190262.63451070615, "city_id": 12650, "country_iso": "IDN"}, {"h3index": "878da2221ffffff", "population_2015": 471.0696728650261, "total_built_mass_tons": 92046.59435666424, "city_id": 12650, "country_iso": "IDN"}, {"h3index": "878da2222ffffff", "population_2015": 15.51767219094669, "total_built_mass_tons": 18678.96067490799, "city_id": 12650, "country_iso": "IDN"}, {"h3index": "878da2223ffffff", "population_2015": 1051.3545501708984, "total_built_mass_tons": 302721.74175470474, "city_id": 12650, "country_iso": "IDN"}, {"h3index": "878da2224ffffff", "population_2015": 1435.2957125271068, "total_built_mass_tons": 257771.79378241205, "city_id": 12650, "country_iso": "IDN"}, {"h3index": "878da2225ffffff", "population_2015": 1191.9152582654767, "total_built_mass_tons": 305186.4930167568, "city_id": 12650, "country_iso": "IDN"}, {"h3index": "878da2228ffffff", "population_2015": 687.8240386439304, "total_built_mass_tons": 127871.09261379937, "city_id": 12650, "country_iso": "IDN"}, {"h3index": "878da222cffffff", "population_2015": 339.23949863957426, "total_built_mass_tons": 97619.65640049562, "city_id": 12650, "country_iso": "IDN"}, {"h3index": "878da222dffffff", "population_2015": 1109.117955566855, "total_built_mass_tons": 301700.9526757889, "city_id": 12650, "country_iso": "IDN"}, {"h3index": "878da222effffff", "population_2015": 91.63361072540285, "total_built_mass_tons": 50729.36415348988, "city_id": 12650, "country_iso": "IDN"}, {"h3index": "878da2230ffffff", "population_2015": 11.01927375793457, "total_built_mass_tons": 24878.933166670653, "city_id": 12650, "country_iso": "IDN"}, {"h3index": "878da2231ffffff", "population_2015": 166.16251754760742, "total_built_mass_tons": 79415.82175673624, "city_id": 12650, "country_iso": "IDN"}, {"h3index": "878da2233ffffff", "population_2015": 41.092411041259766, "total_built_mass_tons": 33251.308820178114, "city_id": 12650, "country_iso": "IDN"}, {"h3index": "878da2234ffffff", "population_2015": 190.6669610004799, "total_built_mass_tons": 54998.526282902865, "city_id": 12650, "country_iso": "IDN"}, {"h3index": "878da2235ffffff", "population_2015": 54.08403015136719, "total_built_mass_tons": 26684.081589542908, "city_id": 12650, "country_iso": "IDN"}, {"h3index": "878da2242ffffff", "population_2015": 8.271848805745442, "total_built_mass_tons": 1529.8906622466593, "city_id": 12650, "country_iso": "IDN"}, {"h3index": "878da2244ffffff", "population_2015": 318.8774777692907, "total_built_mass_tons": 82095.45342798237, "city_id": 12650, "country_iso": "IDN"}, {"h3index": "878da2246ffffff", "population_2015": 1454.5355658475091, "total_built_mass_tons": 260626.46644004792, "city_id": 12650, "country_iso": "IDN"}, {"h3index": "878da2262ffffff", "population_2015": 196.3097198935116, "total_built_mass_tons": 41909.961625079944, "city_id": 12650, "country_iso": "IDN"}, {"h3index": "878da2266ffffff", "population_2015": 11.603311538696287, "total_built_mass_tons": 3645.774768026308, "city_id": 12650, "country_iso": "IDN"}, {"h3index": "878da2271ffffff", "population_2015": 251.04002025828643, "total_built_mass_tons": 63528.29695738676, "city_id": 12650, "country_iso": "IDN"}, {"h3index": "878da2273ffffff", "population_2015": 1.9036499322629443, "total_built_mass_tons": 676.2950051269602, "city_id": 12650, "country_iso": "IDN"}, {"h3index": "878da2275ffffff", "population_2015": 361.1181542826634, "total_built_mass_tons": 78132.95204253227, "city_id": 12650, "country_iso": "IDN"}, {"h3index": "878da22a0ffffff", "population_2015": 196.92967619428447, "total_built_mass_tons": 77768.02154994477, "city_id": 12650, "country_iso": "IDN"}, {"h3index": "878da22a2ffffff", "population_2015": 51.85957475924024, "total_built_mass_tons": 23942.967720052704, "city_id": 12650, "country_iso": "IDN"}, {"h3index": "878da22a3ffffff", "population_2015": 7.597640452665441, "total_built_mass_tons": 6052.968684910483, "city_id": 12650, "country_iso": "IDN"}, {"h3index": "878da22a4ffffff", "population_2015": 3653.578269730362, "total_built_mass_tons": 514225.4946908775, "city_id": 12650, "country_iso": "IDN"}, {"h3index": "878da22a5ffffff", "population_2015": 3210.4104427375046, "total_built_mass_tons": 371419.101645731, "city_id": 12650, "country_iso": "IDN"}, {"h3index": "878da22a6ffffff", "population_2015": 252.64822387695312, "total_built_mass_tons": 90078.87192629182, "city_id": 12650, "country_iso": "IDN"}, {"h3index": "878da22a9ffffff", "population_2015": 431.50392681196627, "total_built_mass_tons": 71030.55879994028, "city_id": 12650, "country_iso": "IDN"}, {"h3index": "878da22acffffff", "population_2015": 260.95541897568046, "total_built_mass_tons": 92018.84060391223, "city_id": 12650, "country_iso": "IDN"}, {"h3index": "878da22adffffff", "population_2015": 949.8672939637128, "total_built_mass_tons": 217427.3920990634, "city_id": 12650, "country_iso": "IDN"}, {"h3index": "878da22b4ffffff", "population_2015": 12.327742542940028, "total_built_mass_tons": 3380.912551446164, "city_id": 12650, "country_iso": "IDN"}, {"h3index": "878da22b5ffffff", "population_2015": 20.267249638426534, "total_built_mass_tons": 6849.38038581509, "city_id": 12650, "country_iso": "IDN"}, {"h3index": "878da22f4ffffff", "population_2015": 22.853009698905197, "total_built_mass_tons": 5478.258446058302, "city_id": 12650, "country_iso": "IDN"}, {"h3index": "878da2300ffffff", "population_2015": 26.40094997555602, "total_built_mass_tons": 15104.557753759287, "city_id": 12650, "country_iso": "IDN"}, {"h3index": "878da2302ffffff", "population_2015": 556.3960355235081, "total_built_mass_tons": 204392.0738292675, "city_id": 12650, "country_iso": "IDN"}, {"h3index": "878da2303ffffff", "population_2015": 459.1721555223653, "total_built_mass_tons": 215605.969594224, "city_id": 12650, "country_iso": "IDN"}, {"h3index": "878da2306ffffff", "population_2015": 583.3687663396199, "total_built_mass_tons": 121178.00346328784, "city_id": 12650, "country_iso": "IDN"}, {"h3index": "878da2308ffffff", "population_2015": 69.43947401607738, "total_built_mass_tons": 39018.54899916311, "city_id": 12650, "country_iso": "IDN"}, {"h3index": "878da2309ffffff", "population_2015": 33.892715080111635, "total_built_mass_tons": 6228.869924169821, "city_id": 12650, "country_iso": "IDN"}, {"h3index": "878da230affffff", "population_2015": 381.096712995043, "total_built_mass_tons": 92181.35066583598, "city_id": 12650, "country_iso": "IDN"}, {"h3index": "878da230bffffff", "population_2015": 102.91959852330824, "total_built_mass_tons": 56152.34523111806, "city_id": 12650, "country_iso": "IDN"}, {"h3index": "878da230cffffff", "population_2015": 543.6980750813204, "total_built_mass_tons": 148100.72663105233, "city_id": 12650, "country_iso": "IDN"}, {"h3index": "878da230dffffff", "population_2015": 70.7495314467187, "total_built_mass_tons": 16683.911764202738, "city_id": 12650, "country_iso": "IDN"}, {"h3index": "878da230effffff", "population_2015": 876.2392135358324, "total_built_mass_tons": 274953.9941398207, "city_id": 12650, "country_iso": "IDN"}, {"h3index": "878da2310ffffff", "population_2015": 162.55589037502514, "total_built_mass_tons": 48299.34042557134, "city_id": 12650, "country_iso": "IDN"}, {"h3index": "878da2311ffffff", "population_2015": 21.69737595576866, "total_built_mass_tons": 32996.94525011836, "city_id": 12650, "country_iso": "IDN"}, {"h3index": "878da2312ffffff", "population_2015": 61.434889909332874, "total_built_mass_tons": 37528.74583259247, "city_id": 12650, "country_iso": "IDN"}, {"h3index": "878da2313ffffff", "population_2015": 9.497341335521025, "total_built_mass_tons": 35672.27206123926, "city_id": 12650, "country_iso": "IDN"}, {"h3index": "878da2315ffffff", "population_2015": 29.99463129043579, "total_built_mass_tons": 24951.74061693068, "city_id": 12650, "country_iso": "IDN"}, {"h3index": "878da2318ffffff", "population_2015": 2014.9802762050256, "total_built_mass_tons": 457888.4632024499, "city_id": 12650, "country_iso": "IDN"}, {"h3index": "878da2319ffffff", "population_2015": 1189.592229050281, "total_built_mass_tons": 163007.56791979773, "city_id": 12650, "country_iso": "IDN"}, {"h3index": "878da231affffff", "population_2015": 681.7354288250792, "total_built_mass_tons": 150205.11724995845, "city_id": 12650, "country_iso": "IDN"}, {"h3index": "878da231bffffff", "population_2015": 97.9582685582778, "total_built_mass_tons": 37553.03305699816, "city_id": 12650, "country_iso": "IDN"}, {"h3index": "878da231cffffff", "population_2015": 126.09948042701272, "total_built_mass_tons": 94213.20648030326, "city_id": 12650, "country_iso": "IDN"}, {"h3index": "878da231dffffff", "population_2015": 6037.411481674045, "total_built_mass_tons": 856497.6379037411, "city_id": 12650, "country_iso": "IDN"}, {"h3index": "878da231effffff", "population_2015": 361.3432825799082, "total_built_mass_tons": 173755.40635361336, "city_id": 12650, "country_iso": "IDN"}, {"h3index": "878da2328ffffff", "population_2015": 35.73556509204939, "total_built_mass_tons": 19237.218234887372, "city_id": 12650, "country_iso": "IDN"}, {"h3index": "878da232bffffff", "population_2015": 160.1479436612597, "total_built_mass_tons": 55597.38180416187, "city_id": 12650, "country_iso": "IDN"}, {"h3index": "878da2331ffffff", "population_2015": 3.971258473863789, "total_built_mass_tons": 1830.2296059506064, "city_id": 12650, "country_iso": "IDN"}, {"h3index": "878da2333ffffff", "population_2015": 62.04006405998679, "total_built_mass_tons": 15946.162734866495, "city_id": 12650, "country_iso": "IDN"}, {"h3index": "878da2352ffffff", "population_2015": 305.45286248524985, "total_built_mass_tons": 118741.45098871864, "city_id": 12650, "country_iso": "IDN"}, {"h3index": "878da2353ffffff", "population_2015": 317.3849588057574, "total_built_mass_tons": 81265.42473665054, "city_id": 12650, "country_iso": "IDN"}, {"h3index": "878da2358ffffff", "population_2015": 6338.7892492705705, "total_built_mass_tons": 819548.2126554082, "city_id": 12650, "country_iso": "IDN"}, {"h3index": "878da235affffff", "population_2015": 1396.0639861050772, "total_built_mass_tons": 216129.90099069517, "city_id": 12650, "country_iso": "IDN"}, {"h3index": "878da235bffffff", "population_2015": 816.9362427804984, "total_built_mass_tons": 223419.554174012, "city_id": 12650, "country_iso": "IDN"}, {"h3index": "878da235effffff", "population_2015": 976.971727846183, "total_built_mass_tons": 201348.7068072202, "city_id": 12650, "country_iso": "IDN"}, {"h3index": "878da2380ffffff", "population_2015": 224.9843555450439, "total_built_mass_tons": 97870.57500198744, "city_id": 12650, "country_iso": "IDN"}, {"h3index": "878da2381ffffff", "population_2015": 261.6914197248571, "total_built_mass_tons": 108011.78000124345, "city_id": 12650, "country_iso": "IDN"}, {"h3index": "878da2382ffffff", "population_2015": 2965.972508815691, "total_built_mass_tons": 394839.2267952149, "city_id": 12650, "country_iso": "IDN"}, {"h3index": "878da2383ffffff", "population_2015": 820.6133396747065, "total_built_mass_tons": 176296.38593305598, "city_id": 12650, "country_iso": "IDN"}, {"h3index": "878da2384ffffff", "population_2015": 25.22174185958563, "total_built_mass_tons": 17688.84285113928, "city_id": 12650, "country_iso": "IDN"}, {"h3index": "878da2385ffffff", "population_2015": 27.335984873304184, "total_built_mass_tons": 13127.130392465377, "city_id": 12650, "country_iso": "IDN"}, {"h3index": "878da2386ffffff", "population_2015": 394.5625083698946, "total_built_mass_tons": 131352.3288330423, "city_id": 12650, "country_iso": "IDN"}, {"h3index": "878da2388ffffff", "population_2015": 91.12049110263, "total_built_mass_tons": 47333.426662343336, "city_id": 12650, "country_iso": "IDN"}, {"h3index": "878da2389ffffff", "population_2015": 61.97854715235093, "total_built_mass_tons": 17962.736502811716, "city_id": 12650, "country_iso": "IDN"}, {"h3index": "878da238affffff", "population_2015": 122.35947918237424, "total_built_mass_tons": 54588.109370585385, "city_id": 12650, "country_iso": "IDN"}, {"h3index": "878da238bffffff", "population_2015": 328.9186591989854, "total_built_mass_tons": 86624.29471736087, "city_id": 12650, "country_iso": "IDN"}, {"h3index": "878da238cffffff", "population_2015": 200.2272752500048, "total_built_mass_tons": 46462.969175382415, "city_id": 12650, "country_iso": "IDN"}, {"h3index": "878da238effffff", "population_2015": 629.4297854255228, "total_built_mass_tons": 176329.28548711038, "city_id": 12650, "country_iso": "IDN"}, {"h3index": "878da2390ffffff", "population_2015": 8782.349958876064, "total_built_mass_tons": 900123.9458375972, "city_id": 12650, "country_iso": "IDN"}, {"h3index": "878da2391ffffff", "population_2015": 11221.051249964095, "total_built_mass_tons": 1520571.9481725455, "city_id": 12650, "country_iso": "IDN"}, {"h3index": "878da2392ffffff", "population_2015": 10372.033255700502, "total_built_mass_tons": 1419798.6916143924, "city_id": 12650, "country_iso": "IDN"}, {"h3index": "878da2393ffffff", "population_2015": 24870.06258489571, "total_built_mass_tons": 3144147.465838297, "city_id": 12650, "country_iso": "IDN"}, {"h3index": "878da2394ffffff", "population_2015": 677.2606914108876, "total_built_mass_tons": 125608.03460704588, "city_id": 12650, "country_iso": "IDN"}, {"h3index": "878da2395ffffff", "population_2015": 1196.2035184224444, "total_built_mass_tons": 203300.427183412, "city_id": 12650, "country_iso": "IDN"}, {"h3index": "878da2396ffffff", "population_2015": 2127.239190008126, "total_built_mass_tons": 321184.1253516552, "city_id": 12650, "country_iso": "IDN"}, {"h3index": "878da2398ffffff", "population_2015": 8222.396068356084, "total_built_mass_tons": 939430.0508017036, "city_id": 12650, "country_iso": "IDN"}, {"h3index": "878da2399ffffff", "population_2015": 4039.812532933553, "total_built_mass_tons": 537884.8244292577, "city_id": 12650, "country_iso": "IDN"}, {"h3index": "878da239affffff", "population_2015": 512.6914595772238, "total_built_mass_tons": 85709.51254181616, "city_id": 12650, "country_iso": "IDN"}, {"h3index": "878da239bffffff", "population_2015": 1068.8693427104577, "total_built_mass_tons": 149368.94113712932, "city_id": 12650, "country_iso": "IDN"}, {"h3index": "878da239cffffff", "population_2015": 1333.63725717208, "total_built_mass_tons": 200852.56319382144, "city_id": 12650, "country_iso": "IDN"}, {"h3index": "878da239dffffff", "population_2015": 2303.367863471835, "total_built_mass_tons": 312455.9571619066, "city_id": 12650, "country_iso": "IDN"}, {"h3index": "878da239effffff", "population_2015": 15519.604790264952, "total_built_mass_tons": 1947468.0237511508, "city_id": 12650, "country_iso": "IDN"}, {"h3index": "878da23a1ffffff", "population_2015": 414.7507415434893, "total_built_mass_tons": 122319.20864397415, "city_id": 12650, "country_iso": "IDN"}, {"h3index": "878da23a5ffffff", "population_2015": 160.4744193768969, "total_built_mass_tons": 53325.75114084562, "city_id": 12650, "country_iso": "IDN"}, {"h3index": "878da23a8ffffff", "population_2015": 348.49603020911127, "total_built_mass_tons": 64295.64909307966, "city_id": 12650, "country_iso": "IDN"}, {"h3index": "878da23a9ffffff", "population_2015": 667.5017027686624, "total_built_mass_tons": 160818.62496850046, "city_id": 12650, "country_iso": "IDN"}, {"h3index": "878da23aaffffff", "population_2015": 1603.697102602791, "total_built_mass_tons": 272416.99401371053, "city_id": 12650, "country_iso": "IDN"}, {"h3index": "878da23abffffff", "population_2015": 218.822755615384, "total_built_mass_tons": 31462.432314262187, "city_id": 12650, "country_iso": "IDN"}, {"h3index": "878da23acffffff", "population_2015": 176.63906461678295, "total_built_mass_tons": 62298.0664413636, "city_id": 12650, "country_iso": "IDN"}, {"h3index": "878da23adffffff", "population_2015": 307.42757745256614, "total_built_mass_tons": 165652.69163690525, "city_id": 12650, "country_iso": "IDN"}, {"h3index": "878da23aeffffff", "population_2015": 162.14178360583736, "total_built_mass_tons": 56501.96195279988, "city_id": 12650, "country_iso": "IDN"}, {"h3index": "878da23b1ffffff", "population_2015": 274.81000331055884, "total_built_mass_tons": 94558.94782764616, "city_id": 12650, "country_iso": "IDN"}, {"h3index": "878da23b3ffffff", "population_2015": 304.2432767456653, "total_built_mass_tons": 50952.706026469685, "city_id": 12650, "country_iso": "IDN"}, {"h3index": "878da2760ffffff", "population_2015": 15.322358972886027, "total_built_mass_tons": 6471.858287770322, "city_id": 12650, "country_iso": "IDN"}, {"h3index": "878da2761ffffff", "population_2015": 2512.268184370153, "total_built_mass_tons": 389902.80042854464, "city_id": 12650, "country_iso": "IDN"}, {"h3index": "878da2763ffffff", "population_2015": 395.38726340649174, "total_built_mass_tons": 34912.044155420685, "city_id": 12650, "country_iso": "IDN"}, {"h3index": "878da2768ffffff", "population_2015": 30.677324706432863, "total_built_mass_tons": 9612.65095401726, "city_id": 12650, "country_iso": "IDN"}, {"h3index": "878da2769ffffff", "population_2015": 86.5693339254342, "total_built_mass_tons": 17542.47984150872, "city_id": 12650, "country_iso": "IDN"}, {"h3index": "878da276cffffff", "population_2015": 11175.04150209614, "total_built_mass_tons": 1437290.468979668, "city_id": 12650, "country_iso": "IDN"}, {"h3index": "878da276dffffff", "population_2015": 8158.535647725123, "total_built_mass_tons": 1185698.261222527, "city_id": 12650, "country_iso": "IDN"}, {"h3index": "878da276effffff", "population_2015": 518.1073264327704, "total_built_mass_tons": 61291.79597305037, "city_id": 12650, "country_iso": "IDN"}]