[{"h3index":"8731909a1ffffff","population_2015":22.7542947292,"total_built_mass_tons":17911.0069673969,"city_id":10505,"country_iso":"CHN"},{"h3index":"8731909a2ffffff","population_2015":1615.0504585755,"total_built_mass_tons":819400.2832182694,"city_id":10505,"country_iso":"CHN"},{"h3index":"8731909a3ffffff","population_2015":2735.7902811985,"total_built_mass_tons":1231806.0393699759,"city_id":10505,"country_iso":"CHN"},{"h3index":"8731909aeffffff","population_2015":11.1472305522,"total_built_mass_tons":910.3408993465,"city_id":10505,"country_iso":"CHN"},{"h3index":"8731909b0ffffff","population_2015":17798.3128072299,"total_built_mass_tons":3338026.1263696249,"city_id":10505,"country_iso":"CHN"},{"h3index":"8731909b1ffffff","population_2015":5268.2365708968,"total_built_mass_tons":1063880.8310540961,"city_id":10505,"country_iso":"CHN"},{"h3index":"8731909b2ffffff","population_2015":137.7990069595,"total_built_mass_tons":72312.4449551443,"city_id":10505,"country_iso":"CHN"},{"h3index":"8731909b3ffffff","population_2015":418.3142222386,"total_built_mass_tons":105731.2631082475,"city_id":10505,"country_iso":"CHN"},{"h3index":"8731909b4ffffff","population_2015":19206.2294656604,"total_built_mass_tons":1335576.9715667944,"city_id":10505,"country_iso":"CHN"},{"h3index":"8731909b5ffffff","population_2015":10961.9343465936,"total_built_mass_tons":774365.9130092931,"city_id":10505,"country_iso":"CHN"},{"h3index":"8731909b6ffffff","population_2015":46.7038930673,"total_built_mass_tons":50403.8832027727,"city_id":10505,"country_iso":"CHN"},{"h3index":"8731946e9ffffff","population_2015":934.0236249587,"total_built_mass_tons":330814.130645148,"city_id":10505,"country_iso":"CHN"}]