[{"h3index":"875891a20ffffff","population_2015":2755.3869837593,"total_built_mass_tons":924902.6882600024,"city_id":2118,"country_iso":"NGA"},{"h3index":"875891a21ffffff","population_2015":1333.7286831575,"total_built_mass_tons":535832.5893284199,"city_id":2118,"country_iso":"NGA"},{"h3index":"875891a22ffffff","population_2015":2160.5383797963,"total_built_mass_tons":624391.6458969912,"city_id":2118,"country_iso":"NGA"},{"h3index":"875891a23ffffff","population_2015":68.4843263626,"total_built_mass_tons":17180.2945582889,"city_id":2118,"country_iso":"NGA"},{"h3index":"875891a24ffffff","population_2015":39.1191517475,"total_built_mass_tons":26396.9663852585,"city_id":2118,"country_iso":"NGA"},{"h3index":"875891a25ffffff","population_2015":84.895726447,"total_built_mass_tons":49500.6201923142,"city_id":2118,"country_iso":"NGA"},{"h3index":"875891a26ffffff","population_2015":3079.1027746425,"total_built_mass_tons":1417975.0192963013,"city_id":2118,"country_iso":"NGA"},{"h3index":"875891a29ffffff","population_2015":8.0416736603,"total_built_mass_tons":1602.4917784948,"city_id":2118,"country_iso":"NGA"},{"h3index":"875891a2cffffff","population_2015":1971.6106098399,"total_built_mass_tons":538817.8338380151,"city_id":2118,"country_iso":"NGA"},{"h3index":"875891a2dffffff","population_2015":2102.7761344573,"total_built_mass_tons":740012.5286210924,"city_id":2118,"country_iso":"NGA"},{"h3index":"875891a2effffff","population_2015":5.7183186176,"total_built_mass_tons":2801.5877792412,"city_id":2118,"country_iso":"NGA"},{"h3index":"875891a31ffffff","population_2015":121.1430880079,"total_built_mass_tons":43981.1160137129,"city_id":2118,"country_iso":"NGA"},{"h3index":"875891a35ffffff","population_2015":1469.1415897781,"total_built_mass_tons":566077.541977855,"city_id":2118,"country_iso":"NGA"},{"h3index":"875891b19ffffff","population_2015":91.9159808608,"total_built_mass_tons":44289.695027761,"city_id":2118,"country_iso":"NGA"},{"h3index":"875891b52ffffff","population_2015":180.4929350572,"total_built_mass_tons":80576.7200365158,"city_id":2118,"country_iso":"NGA"},{"h3index":"875891b53ffffff","population_2015":286.2422356063,"total_built_mass_tons":55907.9680280584,"city_id":2118,"country_iso":"NGA"},{"h3index":"875891b5affffff","population_2015":896.8484864328,"total_built_mass_tons":288135.526402094,"city_id":2118,"country_iso":"NGA"},{"h3index":"875891b5bffffff","population_2015":55.9873295728,"total_built_mass_tons":23376.5241438933,"city_id":2118,"country_iso":"NGA"}]