[{"h3index": "8730b284affffff", "population_2015": 461.5599688735664, "total_built_mass_tons": 136547.19496758422, "city_id": 11508, "country_iso": "CHN"}, {"h3index": "8730b284bffffff", "population_2015": 2796.342053951937, "total_built_mass_tons": 976804.4373692274, "city_id": 11508, "country_iso": "CHN"}, {"h3index": "8730b2851ffffff", "population_2015": 17.63971601747999, "total_built_mass_tons": 6476.8012760276215, "city_id": 11508, "country_iso": "CHN"}, {"h3index": "8730b2853ffffff", "population_2015": 4021.803041773216, "total_built_mass_tons": 536365.1805913959, "city_id": 11508, "country_iso": "CHN"}, {"h3index": "8730b2858ffffff", "population_2015": 5689.1377937232755, "total_built_mass_tons": 1538834.115614215, "city_id": 11508, "country_iso": "CHN"}, {"h3index": "8730b2859ffffff", "population_2015": 8418.199346898582, "total_built_mass_tons": 2239697.709132887, "city_id": 11508, "country_iso": "CHN"}, {"h3index": "8730b285affffff", "population_2015": 8324.696970437555, "total_built_mass_tons": 2086934.420221801, "city_id": 11508, "country_iso": "CHN"}, {"h3index": "8730b285bffffff", "population_2015": 4934.219209938423, "total_built_mass_tons": 1596232.0410811934, "city_id": 11508, "country_iso": "CHN"}, {"h3index": "8730b285cffffff", "population_2015": 4.35461768543019, "total_built_mass_tons": 4724.616325704811, "city_id": 11508, "country_iso": "CHN"}, {"h3index": "8730b285dffffff", "population_2015": 27.219428997413782, "total_built_mass_tons": 24255.965273617698, "city_id": 11508, "country_iso": "CHN"}, {"h3index": "8730b285effffff", "population_2015": 3799.9866458163538, "total_built_mass_tons": 1110484.453027847, "city_id": 11508, "country_iso": "CHN"}, {"h3index": "8730b28e8ffffff", "population_2015": 1425.645824938195, "total_built_mass_tons": 691258.246428818, "city_id": 11508, "country_iso": "CHN"}, {"h3index": "8730b28e9ffffff", "population_2015": 2070.518007069008, "total_built_mass_tons": 689563.4725474771, "city_id": 11508, "country_iso": "CHN"}, {"h3index": "8730b28ecffffff", "population_2015": 3899.299286472097, "total_built_mass_tons": 791745.6243266538, "city_id": 11508, "country_iso": "CHN"}, {"h3index": "8730b28edffffff", "population_2015": 25120.72754259296, "total_built_mass_tons": 6965339.154186824, "city_id": 11508, "country_iso": "CHN"}, {"h3index": "8730b2b10ffffff", "population_2015": 1910.8889369441015, "total_built_mass_tons": 822220.5156670571, "city_id": 11508, "country_iso": "CHN"}, {"h3index": "8730b2b11ffffff", "population_2015": 47.6548217492945, "total_built_mass_tons": 33067.52716580834, "city_id": 11508, "country_iso": "CHN"}, {"h3index": "8730b2b12ffffff", "population_2015": 358.18181019951317, "total_built_mass_tons": 285171.8173092125, "city_id": 11508, "country_iso": "CHN"}, {"h3index": "8730b2b16ffffff", "population_2015": 1169.5529250444151, "total_built_mass_tons": 876948.8860927357, "city_id": 11508, "country_iso": "CHN"}, {"h3index": "8730b2b84ffffff", "population_2015": 7.327506893756343, "total_built_mass_tons": 11740.399811095229, "city_id": 11508, "country_iso": "CHN"}, {"h3index": "8730b2ba0ffffff", "population_2015": 11253.540090774088, "total_built_mass_tons": 6008418.644973602, "city_id": 11508, "country_iso": "CHN"}, {"h3index": "8730b2ba1ffffff", "population_2015": 1054.5183084768412, "total_built_mass_tons": 417778.3117734726, "city_id": 11508, "country_iso": "CHN"}, {"h3index": "8730b2ba2ffffff", "population_2015": 14485.882174482527, "total_built_mass_tons": 8437271.030328201, "city_id": 11508, "country_iso": "CHN"}, {"h3index": "8730b2ba3ffffff", "population_2015": 4121.0913165447755, "total_built_mass_tons": 3100004.268247556, "city_id": 11508, "country_iso": "CHN"}, {"h3index": "8730b2ba4ffffff", "population_2015": 7416.052777367016, "total_built_mass_tons": 2624910.774195265, "city_id": 11508, "country_iso": "CHN"}, {"h3index": "8730b2ba5ffffff", "population_2015": 4841.792064266579, "total_built_mass_tons": 1909441.0228290888, "city_id": 11508, "country_iso": "CHN"}, {"h3index": "8730b2ba6ffffff", "population_2015": 13963.364590139949, "total_built_mass_tons": 7118513.924798879, "city_id": 11508, "country_iso": "CHN"}, {"h3index": "8730b2bb0ffffff", "population_2015": 1736.288184338925, "total_built_mass_tons": 1465926.8619908614, "city_id": 11508, "country_iso": "CHN"}, {"h3index": "8730b2bb1ffffff", "population_2015": 1064.99323349747, "total_built_mass_tons": 936844.115437992, "city_id": 11508, "country_iso": "CHN"}, {"h3index": "8730b2bb2ffffff", "population_2015": 478.6064729746651, "total_built_mass_tons": 445988.2849289918, "city_id": 11508, "country_iso": "CHN"}, {"h3index": "8730b2bb4ffffff", "population_2015": 24.924557278203032, "total_built_mass_tons": 12151.638399112984, "city_id": 11508, "country_iso": "CHN"}, {"h3index": "8730b2bb5ffffff", "population_2015": 7685.52158455288, "total_built_mass_tons": 4010417.804532947, "city_id": 11508, "country_iso": "CHN"}]