[{"h3index":"873cc62b0ffffff","population_2015":52.5977576312,"total_built_mass_tons":39800.6812204939,"city_id":10013,"country_iso":"BGD"},{"h3index":"873cc62b1ffffff","population_2015":67.809715271,"total_built_mass_tons":30983.4717379921,"city_id":10013,"country_iso":"BGD"},{"h3index":"873cc62b4ffffff","population_2015":30.0942668915,"total_built_mass_tons":90128.3293679318,"city_id":10013,"country_iso":"BGD"},{"h3index":"873cc62b5ffffff","population_2015":127.6000649396,"total_built_mass_tons":117649.5166112042,"city_id":10013,"country_iso":"BGD"},{"h3index":"873cc6380ffffff","population_2015":71.6293025896,"total_built_mass_tons":112760.4104437772,"city_id":10013,"country_iso":"BGD"},{"h3index":"873cc6382ffffff","population_2015":92.5853117999,"total_built_mass_tons":39020.1058960493,"city_id":10013,"country_iso":"BGD"},{"h3index":"873cc6383ffffff","population_2015":12.9580710916,"total_built_mass_tons":138833.7155395763,"city_id":10013,"country_iso":"BGD"},{"h3index":"873cc6384ffffff","population_2015":30.4897326077,"total_built_mass_tons":10562.0720991105,"city_id":10013,"country_iso":"BGD"},{"h3index":"873cc638affffff","population_2015":125.7968635559,"total_built_mass_tons":69292.4108789672,"city_id":10013,"country_iso":"BGD"},{"h3index":"873cc638effffff","population_2015":38.2772903442,"total_built_mass_tons":53676.132296202,"city_id":10013,"country_iso":"BGD"},{"h3index":"873cc6391ffffff","population_2015":566.0315490423,"total_built_mass_tons":110942.776528707,"city_id":10013,"country_iso":"BGD"},{"h3index":"873cc6398ffffff","population_2015":34725.886390342,"total_built_mass_tons":1908233.4046080397,"city_id":10013,"country_iso":"BGD"},{"h3index":"873cc639bffffff","population_2015":401.2089958191,"total_built_mass_tons":123911.4707426806,"city_id":10013,"country_iso":"BGD"},{"h3index":"873cc639cffffff","population_2015":17395.9229119095,"total_built_mass_tons":1274441.6682073262,"city_id":10013,"country_iso":"BGD"},{"h3index":"873cc639dffffff","population_2015":7290.828567475,"total_built_mass_tons":613553.0309066051,"city_id":10013,"country_iso":"BGD"},{"h3index":"873cc639effffff","population_2015":2437.6556948045,"total_built_mass_tons":255501.2314305305,"city_id":10013,"country_iso":"BGD"}]