[{"h3index": "874024082ffffff", "population_2015": 2372.340273397109, "total_built_mass_tons": 590280.1288318895, "city_id": 11816, "country_iso": "CHN"}, {"h3index": "874024083ffffff", "population_2015": 1278.1694428144715, "total_built_mass_tons": 630275.4952579171, "city_id": 11816, "country_iso": "CHN"}, {"h3index": "874024090ffffff", "population_2015": 17204.522141759542, "total_built_mass_tons": 8826010.53677376, "city_id": 11816, "country_iso": "CHN"}, {"h3index": "874024091ffffff", "population_2015": 75383.48592404013, "total_built_mass_tons": 10616073.86004676, "city_id": 11816, "country_iso": "CHN"}, {"h3index": "874024092ffffff", "population_2015": 7823.019384574892, "total_built_mass_tons": 1511442.0194851153, "city_id": 11816, "country_iso": "CHN"}, {"h3index": "874024093ffffff", "population_2015": 5165.646745857538, "total_built_mass_tons": 732626.3340364033, "city_id": 11816, "country_iso": "CHN"}, {"h3index": "874024094ffffff", "population_2015": 2178.7451880249323, "total_built_mass_tons": 1599974.5869655267, "city_id": 11816, "country_iso": "CHN"}, {"h3index": "874024095ffffff", "population_2015": 1467.3639992807423, "total_built_mass_tons": 332256.99622671003, "city_id": 11816, "country_iso": "CHN"}, {"h3index": "874024096ffffff", "population_2015": 3348.5425786205365, "total_built_mass_tons": 1003908.4373319811, "city_id": 11816, "country_iso": "CHN"}, {"h3index": "874024098ffffff", "population_2015": 9491.377561339676, "total_built_mass_tons": 1483862.319653918, "city_id": 11816, "country_iso": "CHN"}, {"h3index": "87402409affffff", "population_2015": 9519.039298412848, "total_built_mass_tons": 1536896.3971616672, "city_id": 11816, "country_iso": "CHN"}, {"h3index": "87402409bffffff", "population_2015": 160.15255766756397, "total_built_mass_tons": 233107.68361772317, "city_id": 11816, "country_iso": "CHN"}, {"h3index": "87402409cffffff", "population_2015": 53559.39526172338, "total_built_mass_tons": 4712387.338977052, "city_id": 11816, "country_iso": "CHN"}, {"h3index": "87402409dffffff", "population_2015": 47.574489782370776, "total_built_mass_tons": 43308.84452959257, "city_id": 11816, "country_iso": "CHN"}, {"h3index": "87402409effffff", "population_2015": 61294.88096534315, "total_built_mass_tons": 2345292.547998484, "city_id": 11816, "country_iso": "CHN"}, {"h3index": "874024461ffffff", "population_2015": 278.18157222037223, "total_built_mass_tons": 156495.5760525606, "city_id": 11816, "country_iso": "CHN"}, {"h3index": "874024465ffffff", "population_2015": 4058.812515653348, "total_built_mass_tons": 1466892.3030011957, "city_id": 11816, "country_iso": "CHN"}, {"h3index": "87402446cffffff", "population_2015": 89.91538352966309, "total_built_mass_tons": 15606.367169480844, "city_id": 11816, "country_iso": "CHN"}, {"h3index": "87402446dffffff", "population_2015": 7.664551544189454, "total_built_mass_tons": 12603.088067432876, "city_id": 11816, "country_iso": "CHN"}, {"h3index": "874024734ffffff", "population_2015": 363.3594972086889, "total_built_mass_tons": 391516.81282751344, "city_id": 11816, "country_iso": "CHN"}]