[{"h3index": "87194a900ffffff", "population_2015": 9494.723605951844, "total_built_mass_tons": 1873621.9749498237, "city_id": 1981, "country_iso": "GBR"}, {"h3index": "87194a901ffffff", "population_2015": 1966.9060117232152, "total_built_mass_tons": 672122.8283052016, "city_id": 1981, "country_iso": "GBR"}, {"h3index": "87194a902ffffff", "population_2015": 10449.91956147493, "total_built_mass_tons": 2290905.2027769024, "city_id": 1981, "country_iso": "GBR"}, {"h3index": "87194a903ffffff", "population_2015": 11064.827772928684, "total_built_mass_tons": 2174323.895705654, "city_id": 1981, "country_iso": "GBR"}, {"h3index": "87194a904ffffff", "population_2015": 19796.487877783587, "total_built_mass_tons": 3859288.553621942, "city_id": 1981, "country_iso": "GBR"}, {"h3index": "87194a905ffffff", "population_2015": 7428.562800039966, "total_built_mass_tons": 2358775.153923086, "city_id": 1981, "country_iso": "GBR"}, {"h3index": "87194a906ffffff", "population_2015": 23926.28879312908, "total_built_mass_tons": 4503494.948070026, "city_id": 1981, "country_iso": "GBR"}, {"h3index": "87194a90effffff", "population_2015": 30.15834738039503, "total_built_mass_tons": 3696.120335762639, "city_id": 1981, "country_iso": "GBR"}, {"h3index": "87194a914ffffff", "population_2015": 10552.00897916824, "total_built_mass_tons": 2590111.8327210867, "city_id": 1981, "country_iso": "GBR"}, {"h3index": "87194a915ffffff", "population_2015": 9530.102330747775, "total_built_mass_tons": 1884957.042940545, "city_id": 1981, "country_iso": "GBR"}, {"h3index": "87194a91cffffff", "population_2015": 744.6964118223566, "total_built_mass_tons": 270664.54156128626, "city_id": 1981, "country_iso": "GBR"}, {"h3index": "87194a921ffffff", "population_2015": 3449.1036931053095, "total_built_mass_tons": 898475.8169217545, "city_id": 1981, "country_iso": "GBR"}, {"h3index": "87194a922ffffff", "population_2015": 10254.139254804217, "total_built_mass_tons": 2199275.0952868476, "city_id": 1981, "country_iso": "GBR"}, {"h3index": "87194a923ffffff", "population_2015": 9885.019080241284, "total_built_mass_tons": 2407050.4384473516, "city_id": 1981, "country_iso": "GBR"}, {"h3index": "87194a92affffff", "population_2015": 6289.85867251041, "total_built_mass_tons": 1302269.822495747, "city_id": 1981, "country_iso": "GBR"}, {"h3index": "87194a92cffffff", "population_2015": 15.7881064676771, "total_built_mass_tons": 55206.62985889643, "city_id": 1981, "country_iso": "GBR"}, {"h3index": "87194a92effffff", "population_2015": 11967.362724843444, "total_built_mass_tons": 2470158.38898655, "city_id": 1981, "country_iso": "GBR"}, {"h3index": "87194a930ffffff", "population_2015": 2555.3988276028153, "total_built_mass_tons": 1216823.6547328923, "city_id": 1981, "country_iso": "GBR"}, {"h3index": "87194a931ffffff", "population_2015": 12987.2719113967, "total_built_mass_tons": 4129618.035766496, "city_id": 1981, "country_iso": "GBR"}, {"h3index": "87194a932ffffff", "population_2015": 8721.377005311555, "total_built_mass_tons": 1610611.151498415, "city_id": 1981, "country_iso": "GBR"}, {"h3index": "87194a933ffffff", "population_2015": 8883.763728187601, "total_built_mass_tons": 3924830.6038937233, "city_id": 1981, "country_iso": "GBR"}, {"h3index": "87194a935ffffff", "population_2015": 2252.3480261914874, "total_built_mass_tons": 1190204.8594029387, "city_id": 1981, "country_iso": "GBR"}, {"h3index": "87194a936ffffff", "population_2015": 1.0084248795228845, "total_built_mass_tons": 6475.275225770129, "city_id": 1981, "country_iso": "GBR"}, {"h3index": "87194e649ffffff", "population_2015": 137.27857584859805, "total_built_mass_tons": 34302.717570982684, "city_id": 1981, "country_iso": "GBR"}]