[{"h3index":"873ccb480ffffff","population_2015":1915.5418599933,"total_built_mass_tons":249417.2648887161,"city_id":10155,"country_iso":"MMR"},{"h3index":"873ccb482ffffff","population_2015":16268.2075993706,"total_built_mass_tons":1589297.7685387852,"city_id":10155,"country_iso":"MMR"},{"h3index":"873ccb483ffffff","population_2015":0.6839827594,"total_built_mass_tons":1342.1928989017,"city_id":10155,"country_iso":"MMR"},{"h3index":"873ccb484ffffff","population_2015":37539.0807972927,"total_built_mass_tons":2475663.4183362625,"city_id":10155,"country_iso":"MMR"},{"h3index":"873ccb486ffffff","population_2015":62368.0003261042,"total_built_mass_tons":4144926.6935161119,"city_id":10155,"country_iso":"MMR"},{"h3index":"873ccb490ffffff","population_2015":35770.4012488272,"total_built_mass_tons":3150317.1570789767,"city_id":10155,"country_iso":"MMR"},{"h3index":"873ccb491ffffff","population_2015":20725.1743903815,"total_built_mass_tons":2373888.3823759686,"city_id":10155,"country_iso":"MMR"},{"h3index":"873ccb492ffffff","population_2015":37618.4422647214,"total_built_mass_tons":3004504.1696755211,"city_id":10155,"country_iso":"MMR"},{"h3index":"873ccb493ffffff","population_2015":16579.1866371192,"total_built_mass_tons":3257037.7344126394,"city_id":10155,"country_iso":"MMR"},{"h3index":"873ccb494ffffff","population_2015":40642.7179126665,"total_built_mass_tons":2985009.0830793409,"city_id":10155,"country_iso":"MMR"},{"h3index":"873ccb495ffffff","population_2015":64748.8899509654,"total_built_mass_tons":4607899.5995938508,"city_id":10155,"country_iso":"MMR"},{"h3index":"873ccb496ffffff","population_2015":18330.0937724843,"total_built_mass_tons":859163.410687645,"city_id":10155,"country_iso":"MMR"},{"h3index":"873ccb498ffffff","population_2015":12.9296486462,"total_built_mass_tons":8878.407358423,"city_id":10155,"country_iso":"MMR"},{"h3index":"873ccb49cffffff","population_2015":573.981343505,"total_built_mass_tons":302802.8822196785,"city_id":10155,"country_iso":"MMR"},{"h3index":"873ccb49effffff","population_2015":56.063622082,"total_built_mass_tons":149975.6328203469,"city_id":10155,"country_iso":"MMR"},{"h3index":"873ccb4a0ffffff","population_2015":2732.8348463956,"total_built_mass_tons":263112.9797170861,"city_id":10155,"country_iso":"MMR"},{"h3index":"873ccb4a1ffffff","population_2015":110.4832353592,"total_built_mass_tons":35707.8774138105,"city_id":10155,"country_iso":"MMR"},{"h3index":"873ccb4a2ffffff","population_2015":23622.0780020022,"total_built_mass_tons":1391386.8108226431,"city_id":10155,"country_iso":"MMR"},{"h3index":"873ccb4a3ffffff","population_2015":5946.7840288574,"total_built_mass_tons":543143.7233984863,"city_id":10155,"country_iso":"MMR"},{"h3index":"873ccb4a4ffffff","population_2015":3147.5502388487,"total_built_mass_tons":383981.3930964159,"city_id":10155,"country_iso":"MMR"},{"h3index":"873ccb4a6ffffff","population_2015":33791.5864106122,"total_built_mass_tons":2831377.3286885191,"city_id":10155,"country_iso":"MMR"},{"h3index":"873ccb4b0ffffff","population_2015":110148.455925676,"total_built_mass_tons":6072765.6650999906,"city_id":10155,"country_iso":"MMR"},{"h3index":"873ccb4b1ffffff","population_2015":82954.2839333329,"total_built_mass_tons":4646031.8262302149,"city_id":10155,"country_iso":"MMR"},{"h3index":"873ccb4b2ffffff","population_2015":29153.9713168125,"total_built_mass_tons":1866769.1958798247,"city_id":10155,"country_iso":"MMR"},{"h3index":"873ccb4b3ffffff","population_2015":50971.762151591,"total_built_mass_tons":3088533.768014167,"city_id":10155,"country_iso":"MMR"},{"h3index":"873ccb4b4ffffff","population_2015":20752.5921372507,"total_built_mass_tons":1303789.4564026706,"city_id":10155,"country_iso":"MMR"},{"h3index":"873ccb4b5ffffff","population_2015":79011.8918701022,"total_built_mass_tons":4724115.4717714218,"city_id":10155,"country_iso":"MMR"},{"h3index":"873ccb4b6ffffff","population_2015":20565.349602718,"total_built_mass_tons":1283909.8421115405,"city_id":10155,"country_iso":"MMR"},{"h3index":"873ccb58bffffff","population_2015":3.2980326035,"total_built_mass_tons":1704.2403981253,"city_id":10155,"country_iso":"MMR"},{"h3index":"873ccb599ffffff","population_2015":20.3124470879,"total_built_mass_tons":4636.0908964574,"city_id":10155,"country_iso":"MMR"},{"h3index":"873ccb59bffffff","population_2015":10299.1602467556,"total_built_mass_tons":582311.5889695273,"city_id":10155,"country_iso":"MMR"},{"h3index":"87649b680ffffff","population_2015":503.0225516562,"total_built_mass_tons":273512.7496167944,"city_id":10155,"country_iso":"MMR"},{"h3index":"87649b681ffffff","population_2015":368.4755286161,"total_built_mass_tons":70842.9844093772,"city_id":10155,"country_iso":"MMR"},{"h3index":"87649b682ffffff","population_2015":180.3069727505,"total_built_mass_tons":164461.2885156591,"city_id":10155,"country_iso":"MMR"},{"h3index":"87649b683ffffff","population_2015":81.3771544438,"total_built_mass_tons":23480.9911368284,"city_id":10155,"country_iso":"MMR"},{"h3index":"87649b684ffffff","population_2015":1296.9921601426,"total_built_mass_tons":308105.9028156205,"city_id":10155,"country_iso":"MMR"},{"h3index":"87649b685ffffff","population_2015":1843.7186177646,"total_built_mass_tons":243208.2119234082,"city_id":10155,"country_iso":"MMR"},{"h3index":"87649b686ffffff","population_2015":127.3925572564,"total_built_mass_tons":46874.2101001268,"city_id":10155,"country_iso":"MMR"},{"h3index":"87649b6a0ffffff","population_2015":1029.9983920079,"total_built_mass_tons":146923.9819289281,"city_id":10155,"country_iso":"MMR"},{"h3index":"87649b6a1ffffff","population_2015":159.0579184513,"total_built_mass_tons":34412.2769717696,"city_id":10155,"country_iso":"MMR"},{"h3index":"87649b6a2ffffff","population_2015":1861.7148747164,"total_built_mass_tons":351069.8250537034,"city_id":10155,"country_iso":"MMR"},{"h3index":"87649b6a3ffffff","population_2015":12393.3104423149,"total_built_mass_tons":1331732.8535096033,"city_id":10155,"country_iso":"MMR"},{"h3index":"87649b6a6ffffff","population_2015":295.288315687,"total_built_mass_tons":72556.4213534588,"city_id":10155,"country_iso":"MMR"},{"h3index":"87649b6aeffffff","population_2015":165.7107941945,"total_built_mass_tons":34982.3493427737,"city_id":10155,"country_iso":"MMR"},{"h3index":"87649b6b0ffffff","population_2015":6.2692796445,"total_built_mass_tons":25100.3595243683,"city_id":10155,"country_iso":"MMR"},{"h3index":"87649b6b1ffffff","population_2015":186.0178373075,"total_built_mass_tons":48333.4609727845,"city_id":10155,"country_iso":"MMR"},{"h3index":"87649b6b2ffffff","population_2015":406.3729600645,"total_built_mass_tons":41039.234226399,"city_id":10155,"country_iso":"MMR"},{"h3index":"87649b6b3ffffff","population_2015":38.7634798686,"total_built_mass_tons":18899.6765277856,"city_id":10155,"country_iso":"MMR"},{"h3index":"87649b6b4ffffff","population_2015":9247.0016060848,"total_built_mass_tons":1090047.9442376951,"city_id":10155,"country_iso":"MMR"},{"h3index":"87649b6b5ffffff","population_2015":3991.5514500188,"total_built_mass_tons":456085.8778542052,"city_id":10155,"country_iso":"MMR"},{"h3index":"87649b6b6ffffff","population_2015":10321.3843554328,"total_built_mass_tons":977657.1680675852,"city_id":10155,"country_iso":"MMR"},{"h3index":"87649b781ffffff","population_2015":126.0243388082,"total_built_mass_tons":30741.1552484633,"city_id":10155,"country_iso":"MMR"},{"h3index":"87649b783ffffff","population_2015":74.3143090678,"total_built_mass_tons":29482.8311158191,"city_id":10155,"country_iso":"MMR"},{"h3index":"87649b788ffffff","population_2015":177.215524853,"total_built_mass_tons":60527.6589276517,"city_id":10155,"country_iso":"MMR"},{"h3index":"87649b78affffff","population_2015":130.1183070501,"total_built_mass_tons":41263.8698862312,"city_id":10155,"country_iso":"MMR"},{"h3index":"87649b78cffffff","population_2015":17.6955759983,"total_built_mass_tons":9788.3360555189,"city_id":10155,"country_iso":"MMR"},{"h3index":"87649b78effffff","population_2015":1855.5752200295,"total_built_mass_tons":285630.2775896603,"city_id":10155,"country_iso":"MMR"},{"h3index":"87649b790ffffff","population_2015":91.2050808476,"total_built_mass_tons":43379.2776935132,"city_id":10155,"country_iso":"MMR"},{"h3index":"87649b791ffffff","population_2015":517.8011422999,"total_built_mass_tons":118827.517049398,"city_id":10155,"country_iso":"MMR"},{"h3index":"87649b792ffffff","population_2015":1593.8061647266,"total_built_mass_tons":670459.5679272024,"city_id":10155,"country_iso":"MMR"},{"h3index":"87649b793ffffff","population_2015":6132.3733362796,"total_built_mass_tons":1819923.6364094696,"city_id":10155,"country_iso":"MMR"},{"h3index":"87649b798ffffff","population_2015":1286.9994458068,"total_built_mass_tons":243138.8157604214,"city_id":10155,"country_iso":"MMR"},{"h3index":"87649b799ffffff","population_2015":434.023758503,"total_built_mass_tons":95418.8761323658,"city_id":10155,"country_iso":"MMR"},{"h3index":"87649b79affffff","population_2015":1393.6330899856,"total_built_mass_tons":227603.4175038704,"city_id":10155,"country_iso":"MMR"},{"h3index":"87649b79cffffff","population_2015":2154.7154629651,"total_built_mass_tons":297622.8376841625,"city_id":10155,"country_iso":"MMR"},{"h3index":"87649b79dffffff","population_2015":964.8525720335,"total_built_mass_tons":155607.3632611317,"city_id":10155,"country_iso":"MMR"},{"h3index":"87649b79effffff","population_2015":3638.5503404281,"total_built_mass_tons":495470.5765340939,"city_id":10155,"country_iso":"MMR"}]