[{"h3index": "8741a8440ffffff", "population_2015": 39631.81452225889, "total_built_mass_tons": 5425501.626285391, "city_id": 12216, "country_iso": "CHN"}, {"h3index": "8741a8441ffffff", "population_2015": 29146.244890913786, "total_built_mass_tons": 5162111.406169077, "city_id": 12216, "country_iso": "CHN"}, {"h3index": "8741a8442ffffff", "population_2015": 13024.650853007448, "total_built_mass_tons": 1342309.3505854942, "city_id": 12216, "country_iso": "CHN"}, {"h3index": "8741a8443ffffff", "population_2015": 9006.082299522324, "total_built_mass_tons": 1978758.3095624752, "city_id": 12216, "country_iso": "CHN"}, {"h3index": "8741a8444ffffff", "population_2015": 2802.356299796759, "total_built_mass_tons": 414855.41361190414, "city_id": 12216, "country_iso": "CHN"}, {"h3index": "8741a8445ffffff", "population_2015": 3996.446213225991, "total_built_mass_tons": 584448.7794422655, "city_id": 12216, "country_iso": "CHN"}, {"h3index": "8741a8446ffffff", "population_2015": 662.6243025761024, "total_built_mass_tons": 111966.71683301235, "city_id": 12216, "country_iso": "CHN"}, {"h3index": "8741a8451ffffff", "population_2015": 303.5936735901178, "total_built_mass_tons": 82412.997797346, "city_id": 12216, "country_iso": "CHN"}, {"h3index": "8741a845cffffff", "population_2015": 134.74306313383812, "total_built_mass_tons": 39197.81546698281, "city_id": 12216, "country_iso": "CHN"}, {"h3index": "8741a846affffff", "population_2015": 7.254450200468886, "total_built_mass_tons": 46864.97482029573, "city_id": 12216, "country_iso": "CHN"}]