[{"h3index": "872cf010cffffff", "population_2015": 344.17725367078594, "total_built_mass_tons": 117063.37275744346, "city_id": 5687, "country_iso": "IRN"}, {"h3index": "872cf010dffffff", "population_2015": 2045.9957987560952, "total_built_mass_tons": 1081289.8750851778, "city_id": 5687, "country_iso": "IRN"}, {"h3index": "872cf0128ffffff", "population_2015": 91.03657671236525, "total_built_mass_tons": 47765.93802300298, "city_id": 5687, "country_iso": "IRN"}, {"h3index": "872cf0129ffffff", "population_2015": 4302.544264142653, "total_built_mass_tons": 2025514.482298016, "city_id": 5687, "country_iso": "IRN"}, {"h3index": "872cf012bffffff", "population_2015": 6091.726861284292, "total_built_mass_tons": 3170582.3845192427, "city_id": 5687, "country_iso": "IRN"}, {"h3index": "872cf0162ffffff", "population_2015": 103.53620071037145, "total_built_mass_tons": 13495.450701911992, "city_id": 5687, "country_iso": "IRN"}, {"h3index": "872cf0166ffffff", "population_2015": 90.73622304878982, "total_built_mass_tons": 77607.53505295608, "city_id": 5687, "country_iso": "IRN"}, {"h3index": "872cf0170ffffff", "population_2015": 1672.299315035577, "total_built_mass_tons": 863521.9282816078, "city_id": 5687, "country_iso": "IRN"}, {"h3index": "872cf0172ffffff", "population_2015": 86.84478492362827, "total_built_mass_tons": 75267.36824216133, "city_id": 5687, "country_iso": "IRN"}, {"h3index": "872cf0174ffffff", "population_2015": 9346.994347067435, "total_built_mass_tons": 4823418.692793224, "city_id": 5687, "country_iso": "IRN"}, {"h3index": "872cf0175ffffff", "population_2015": 6351.053852163574, "total_built_mass_tons": 4290924.613520954, "city_id": 5687, "country_iso": "IRN"}, {"h3index": "872cf0176ffffff", "population_2015": 10231.078477653798, "total_built_mass_tons": 6755574.468487447, "city_id": 5687, "country_iso": "IRN"}, {"h3index": "872cf08d8ffffff", "population_2015": 1009.8233764798036, "total_built_mass_tons": 512964.52300818654, "city_id": 5687, "country_iso": "IRN"}, {"h3index": "872cf08d9ffffff", "population_2015": 291.5877564149744, "total_built_mass_tons": 194598.94061879505, "city_id": 5687, "country_iso": "IRN"}, {"h3index": "872cf08daffffff", "population_2015": 1528.0007940890748, "total_built_mass_tons": 601827.7989199534, "city_id": 5687, "country_iso": "IRN"}, {"h3index": "872cf08dbffffff", "population_2015": 7033.915384169187, "total_built_mass_tons": 3194062.5655104835, "city_id": 5687, "country_iso": "IRN"}]