[{"h3index": "872d60640ffffff", "population_2015": 2135.3727210671304, "total_built_mass_tons": 1201318.1046369304, "city_id": 4097, "country_iso": "UKR"}, {"h3index": "872d60641ffffff", "population_2015": 11.331866720610972, "total_built_mass_tons": 16174.650209236324, "city_id": 4097, "country_iso": "UKR"}, {"h3index": "872d60642ffffff", "population_2015": 2376.405890027215, "total_built_mass_tons": 1682723.7502043927, "city_id": 4097, "country_iso": "UKR"}, {"h3index": "872d60644ffffff", "population_2015": 3211.3884079484387, "total_built_mass_tons": 1690503.053317039, "city_id": 4097, "country_iso": "UKR"}, {"h3index": "872d60645ffffff", "population_2015": 3476.3445475942963, "total_built_mass_tons": 2127227.048445327, "city_id": 4097, "country_iso": "UKR"}, {"h3index": "872d60646ffffff", "population_2015": 7549.823593730552, "total_built_mass_tons": 3305913.4082698175, "city_id": 4097, "country_iso": "UKR"}, {"h3index": "872d60650ffffff", "population_2015": 1721.6070442078162, "total_built_mass_tons": 710551.486259201, "city_id": 4097, "country_iso": "UKR"}, {"h3index": "872d60651ffffff", "population_2015": 8620.93176127602, "total_built_mass_tons": 3690283.5794918784, "city_id": 4097, "country_iso": "UKR"}, {"h3index": "872d60653ffffff", "population_2015": 1022.0507221436968, "total_built_mass_tons": 715249.322019681, "city_id": 4097, "country_iso": "UKR"}, {"h3index": "872d60654ffffff", "population_2015": 9.91823085336124, "total_built_mass_tons": 7405.117526651682, "city_id": 4097, "country_iso": "UKR"}, {"h3index": "872d60655ffffff", "population_2015": 4635.394214974197, "total_built_mass_tons": 2185148.283273849, "city_id": 4097, "country_iso": "UKR"}, {"h3index": "872d60658ffffff", "population_2015": 9.524796682245592, "total_built_mass_tons": 6983.936786309565, "city_id": 4097, "country_iso": "UKR"}, {"h3index": "872d6065cffffff", "population_2015": 2062.998256459891, "total_built_mass_tons": 1898429.5075751303, "city_id": 4097, "country_iso": "UKR"}, {"h3index": "872d6065effffff", "population_2015": 1292.686918239967, "total_built_mass_tons": 900614.0478841201, "city_id": 4097, "country_iso": "UKR"}, {"h3index": "872d60660ffffff", "population_2015": 4781.355315658158, "total_built_mass_tons": 3109956.6767244986, "city_id": 4097, "country_iso": "UKR"}, {"h3index": "872d60661ffffff", "population_2015": 688.0661890142104, "total_built_mass_tons": 510335.90292401786, "city_id": 4097, "country_iso": "UKR"}, {"h3index": "872d60662ffffff", "population_2015": 2270.915481547748, "total_built_mass_tons": 1551339.2569323394, "city_id": 4097, "country_iso": "UKR"}, {"h3index": "872d60663ffffff", "population_2015": 7252.951373595817, "total_built_mass_tons": 3576084.8385866396, "city_id": 4097, "country_iso": "UKR"}, {"h3index": "872d60664ffffff", "population_2015": 2554.4399483998623, "total_built_mass_tons": 2340824.2925714133, "city_id": 4097, "country_iso": "UKR"}, {"h3index": "872d60665ffffff", "population_2015": 1095.572481401294, "total_built_mass_tons": 874203.5751186917, "city_id": 4097, "country_iso": "UKR"}, {"h3index": "872d60666ffffff", "population_2015": 5280.258372140396, "total_built_mass_tons": 3361872.3676635465, "city_id": 4097, "country_iso": "UKR"}, {"h3index": "872d6066effffff", "population_2015": 74.13223448734658, "total_built_mass_tons": 48234.265230828314, "city_id": 4097, "country_iso": "UKR"}, {"h3index": "872d60670ffffff", "population_2015": 10746.139107668634, "total_built_mass_tons": 4318617.164798107, "city_id": 4097, "country_iso": "UKR"}, {"h3index": "872d60671ffffff", "population_2015": 7294.71248353883, "total_built_mass_tons": 3408143.1429549726, "city_id": 4097, "country_iso": "UKR"}, {"h3index": "872d60672ffffff", "population_2015": 3692.067426803066, "total_built_mass_tons": 2238940.1663897145, "city_id": 4097, "country_iso": "UKR"}, {"h3index": "872d60673ffffff", "population_2015": 9178.06879737892, "total_built_mass_tons": 3735079.496800266, "city_id": 4097, "country_iso": "UKR"}, {"h3index": "872d60674ffffff", "population_2015": 2718.1099316690465, "total_built_mass_tons": 1185444.8281020396, "city_id": 4097, "country_iso": "UKR"}, {"h3index": "872d60675ffffff", "population_2015": 5156.5385638218295, "total_built_mass_tons": 2776661.921360143, "city_id": 4097, "country_iso": "UKR"}, {"h3index": "872d60676ffffff", "population_2015": 1063.6810488925255, "total_built_mass_tons": 676030.6327988507, "city_id": 4097, "country_iso": "UKR"}, {"h3index": "872d6074affffff", "population_2015": 583.0190024703157, "total_built_mass_tons": 926243.4318195692, "city_id": 4097, "country_iso": "UKR"}, {"h3index": "872d60758ffffff", "population_2015": 452.8220241929971, "total_built_mass_tons": 343123.56253078015, "city_id": 4097, "country_iso": "UKR"}, {"h3index": "872d60759ffffff", "population_2015": 3248.140208195705, "total_built_mass_tons": 2403962.8613230996, "city_id": 4097, "country_iso": "UKR"}, {"h3index": "872d6075bffffff", "population_2015": 743.3262989446227, "total_built_mass_tons": 448244.2809093728, "city_id": 4097, "country_iso": "UKR"}, {"h3index": "872d6075dffffff", "population_2015": 89.94050946516147, "total_built_mass_tons": 98028.28169650395, "city_id": 4097, "country_iso": "UKR"}]