[{"h3index":"871490444ffffff","population_2015":733.2590174394,"total_built_mass_tons":191125.4366442754,"city_id":11210,"country_iso":"CHN"},{"h3index":"871490445ffffff","population_2015":114.3862664466,"total_built_mass_tons":28725.8235577109,"city_id":11210,"country_iso":"CHN"},{"h3index":"871490446ffffff","population_2015":101.0748078234,"total_built_mass_tons":64874.0678629696,"city_id":11210,"country_iso":"CHN"},{"h3index":"871490454ffffff","population_2015":2.263364818,"total_built_mass_tons":118619.2523257442,"city_id":11210,"country_iso":"CHN"},{"h3index":"871490455ffffff","population_2015":109.4772624574,"total_built_mass_tons":113341.7625017418,"city_id":11210,"country_iso":"CHN"},{"h3index":"871490463ffffff","population_2015":662.8078734454,"total_built_mass_tons":160022.2012692782,"city_id":11210,"country_iso":"CHN"},{"h3index":"871490470ffffff","population_2015":18.342458725,"total_built_mass_tons":44913.650928847,"city_id":11210,"country_iso":"CHN"},{"h3index":"871490471ffffff","population_2015":534.129548501,"total_built_mass_tons":167720.4664209736,"city_id":11210,"country_iso":"CHN"},{"h3index":"871490472ffffff","population_2015":23.933267541,"total_built_mass_tons":30485.1381937566,"city_id":11210,"country_iso":"CHN"},{"h3index":"871490473ffffff","population_2015":1342.335467189,"total_built_mass_tons":366368.5330516256,"city_id":11210,"country_iso":"CHN"},{"h3index":"871490475ffffff","population_2015":11.5613280951,"total_built_mass_tons":7734.9773018231,"city_id":11210,"country_iso":"CHN"}]