[{"h3index":"8740826d0ffffff","population_2015":5369.7509737529,"total_built_mass_tons":1533226.6360366764,"city_id":10790,"country_iso":"CHN"},{"h3index":"8740826d1ffffff","population_2015":680.3949399256,"total_built_mass_tons":434778.9782724791,"city_id":10790,"country_iso":"CHN"},{"h3index":"8740826d2ffffff","population_2015":19536.1663911455,"total_built_mass_tons":3295613.6492918977,"city_id":10790,"country_iso":"CHN"},{"h3index":"8740826d3ffffff","population_2015":7447.8400169812,"total_built_mass_tons":3981248.8861491601,"city_id":10790,"country_iso":"CHN"},{"h3index":"8740826d4ffffff","population_2015":83.8722642637,"total_built_mass_tons":44656.7581056292,"city_id":10790,"country_iso":"CHN"},{"h3index":"8740826d6ffffff","population_2015":6612.2304663415,"total_built_mass_tons":2505781.2795350994,"city_id":10790,"country_iso":"CHN"},{"h3index":"8740826deffffff","population_2015":599.9778805022,"total_built_mass_tons":336971.1288302728,"city_id":10790,"country_iso":"CHN"},{"h3index":"87409cd21ffffff","population_2015":0.9033778653,"total_built_mass_tons":5601.8545222385,"city_id":10790,"country_iso":"CHN"},{"h3index":"87409cd25ffffff","population_2015":42.6996422693,"total_built_mass_tons":21445.6840140303,"city_id":10790,"country_iso":"CHN"},{"h3index":"87409cd2cffffff","population_2015":5115.8165724736,"total_built_mass_tons":843822.2991506853,"city_id":10790,"country_iso":"CHN"},{"h3index":"87409cd2dffffff","population_2015":48.1448597843,"total_built_mass_tons":58854.4367964042,"city_id":10790,"country_iso":"CHN"}]