[{"h3index": "8740c48c4ffffff", "population_2015": 20642.26592895284, "total_built_mass_tons": 3966271.143190624, "city_id": 10303, "country_iso": "CHN"}, {"h3index": "8740c48c5ffffff", "population_2015": 196.04865992115995, "total_built_mass_tons": 119885.43681030352, "city_id": 10303, "country_iso": "CHN"}, {"h3index": "8740c48c6ffffff", "population_2015": 1458.1460040672157, "total_built_mass_tons": 391793.77328838466, "city_id": 10303, "country_iso": "CHN"}, {"h3index": "8740c48e0ffffff", "population_2015": 1851.7855349073216, "total_built_mass_tons": 732439.0660647128, "city_id": 10303, "country_iso": "CHN"}, {"h3index": "8740c48e2ffffff", "population_2015": 22953.42598237804, "total_built_mass_tons": 4543898.233270313, "city_id": 10303, "country_iso": "CHN"}, {"h3index": "8740c48e3ffffff", "population_2015": 11060.48350468804, "total_built_mass_tons": 4417479.198615838, "city_id": 10303, "country_iso": "CHN"}, {"h3index": "8740c48e6ffffff", "population_2015": 500.06368385576735, "total_built_mass_tons": 155624.58429849835, "city_id": 10303, "country_iso": "CHN"}, {"h3index": "8740c48f1ffffff", "population_2015": 2858.7868202396476, "total_built_mass_tons": 646074.517204772, "city_id": 10303, "country_iso": "CHN"}, {"h3index": "8740c48f3ffffff", "population_2015": 13.947021961212158, "total_built_mass_tons": 13832.440152513223, "city_id": 10303, "country_iso": "CHN"}, {"h3index": "8740c48f5ffffff", "population_2015": 1123.0303853408964, "total_built_mass_tons": 290430.520530816, "city_id": 10303, "country_iso": "CHN"}]