[{"h3index":"873181c08ffffff","population_2015":3459.7827662566,"total_built_mass_tons":1050211.4383789287,"city_id":10728,"country_iso":"CHN"},{"h3index":"873181c09ffffff","population_2015":13368.0023686643,"total_built_mass_tons":2901714.9159559794,"city_id":10728,"country_iso":"CHN"},{"h3index":"873181c0affffff","population_2015":39.3417975463,"total_built_mass_tons":97429.2034134305,"city_id":10728,"country_iso":"CHN"},{"h3index":"873181c0bffffff","population_2015":243.0281658593,"total_built_mass_tons":339263.0432645148,"city_id":10728,"country_iso":"CHN"},{"h3index":"873181c0cffffff","population_2015":3.2651770498,"total_built_mass_tons":1212.8268081915,"city_id":10728,"country_iso":"CHN"},{"h3index":"873181c0dffffff","population_2015":14262.2344665387,"total_built_mass_tons":2654250.9859522982,"city_id":10728,"country_iso":"CHN"},{"h3index":"873181c0effffff","population_2015":20.5010491409,"total_built_mass_tons":43327.8520010416,"city_id":10728,"country_iso":"CHN"},{"h3index":"873181c54ffffff","population_2015":4145.2038707808,"total_built_mass_tons":1341879.2748326636,"city_id":10728,"country_iso":"CHN"},{"h3index":"873181c55ffffff","population_2015":81.0118817853,"total_built_mass_tons":83663.8033661149,"city_id":10728,"country_iso":"CHN"},{"h3index":"873181c56ffffff","population_2015":87.6007625402,"total_built_mass_tons":144091.0684654545,"city_id":10728,"country_iso":"CHN"},{"h3index":"873181c72ffffff","population_2015":5192.760964905,"total_built_mass_tons":781222.440799778,"city_id":10728,"country_iso":"CHN"},{"h3index":"873181c73ffffff","population_2015":0.1186785511,"total_built_mass_tons":3549.6962438937,"city_id":10728,"country_iso":"CHN"}]