[{"h3index": "873c134d3ffffff", "population_2015": 52.8132495805329, "total_built_mass_tons": 10437.540461480416, "city_id": 8978, "country_iso": "IND"}, {"h3index": "873c134daffffff", "population_2015": 14.713177680969238, "total_built_mass_tons": 9169.716951649085, "city_id": 8978, "country_iso": "IND"}, {"h3index": "873cacb00ffffff", "population_2015": 88.3282372268976, "total_built_mass_tons": 13376.106204534284, "city_id": 8978, "country_iso": "IND"}, {"h3index": "873cacb01ffffff", "population_2015": 342.9506389692718, "total_built_mass_tons": 53262.23187618626, "city_id": 8978, "country_iso": "IND"}, {"h3index": "873cacb04ffffff", "population_2015": 1193.128045242908, "total_built_mass_tons": 96086.44671719724, "city_id": 8978, "country_iso": "IND"}, {"h3index": "873cacb05ffffff", "population_2015": 25291.260659715233, "total_built_mass_tons": 1461227.529401213, "city_id": 8978, "country_iso": "IND"}, {"h3index": "873cacb20ffffff", "population_2015": 2657.3108399933462, "total_built_mass_tons": 216066.2726529877, "city_id": 8978, "country_iso": "IND"}, {"h3index": "873cacb21ffffff", "population_2015": 19233.987654038978, "total_built_mass_tons": 1063615.9039576473, "city_id": 8978, "country_iso": "IND"}, {"h3index": "873cacb22ffffff", "population_2015": 3800.999951594484, "total_built_mass_tons": 212822.61887739372, "city_id": 8978, "country_iso": "IND"}, {"h3index": "873cacb23ffffff", "population_2015": 35156.427425205, "total_built_mass_tons": 2259709.453183336, "city_id": 8978, "country_iso": "IND"}, {"h3index": "873cacb28ffffff", "population_2015": 23135.851918149463, "total_built_mass_tons": 1252306.6379189026, "city_id": 8978, "country_iso": "IND"}, {"h3index": "873cacb29ffffff", "population_2015": 384.08627295774573, "total_built_mass_tons": 100267.04890716723, "city_id": 8978, "country_iso": "IND"}, {"h3index": "873cacb2affffff", "population_2015": 5956.414188250372, "total_built_mass_tons": 487324.0268491996, "city_id": 8978, "country_iso": "IND"}, {"h3index": "873cacb2bffffff", "population_2015": 380.5109105540257, "total_built_mass_tons": 146446.07463129627, "city_id": 8978, "country_iso": "IND"}, {"h3index": "873cacb2cffffff", "population_2015": 13045.73001756855, "total_built_mass_tons": 554532.4108369905, "city_id": 8978, "country_iso": "IND"}, {"h3index": "873cacb2dffffff", "population_2015": 2309.50448586707, "total_built_mass_tons": 191608.3103279691, "city_id": 8978, "country_iso": "IND"}, {"h3index": "873cacb2effffff", "population_2015": 68353.56449997846, "total_built_mass_tons": 3587051.413526168, "city_id": 8978, "country_iso": "IND"}, {"h3index": "873cacb31ffffff", "population_2015": 186.97900616514912, "total_built_mass_tons": 28469.5606064358, "city_id": 8978, "country_iso": "IND"}, {"h3index": "873cacb74ffffff", "population_2015": 39.116403579711914, "total_built_mass_tons": 21322.53660013531, "city_id": 8978, "country_iso": "IND"}, {"h3index": "873cacb76ffffff", "population_2015": 59.982840953153726, "total_built_mass_tons": 16019.419722383998, "city_id": 8978, "country_iso": "IND"}]