[{"h3index":"873cc6816ffffff","population_2015":25.630865097,"total_built_mass_tons":49338.0762883456,"city_id":9943,"country_iso":"BGD"},{"h3index":"873cc6830ffffff","population_2015":75.9675292969,"total_built_mass_tons":61968.826674181,"city_id":9943,"country_iso":"BGD"},{"h3index":"873cc6832ffffff","population_2015":26.3651415507,"total_built_mass_tons":64548.16897696,"city_id":9943,"country_iso":"BGD"},{"h3index":"873cc6836ffffff","population_2015":14.3821850421,"total_built_mass_tons":40766.7851656558,"city_id":9943,"country_iso":"BGD"},{"h3index":"873cc6981ffffff","population_2015":20.5464586221,"total_built_mass_tons":22018.4960929041,"city_id":9943,"country_iso":"BGD"},{"h3index":"873cc698dffffff","population_2015":46.5390247906,"total_built_mass_tons":64069.6598500148,"city_id":9943,"country_iso":"BGD"}]