[{"h3index":"8724c5420ffffff","population_2015":156.2940994394,"total_built_mass_tons":36407.9492665793,"city_id":10124,"country_iso":"CHN"},{"h3index":"8724c5424ffffff","population_2015":6025.8859184426,"total_built_mass_tons":1636570.0655044592,"city_id":10124,"country_iso":"CHN"},{"h3index":"8724c5425ffffff","population_2015":589.867781971,"total_built_mass_tons":247205.4286147182,"city_id":10124,"country_iso":"CHN"},{"h3index":"8724c5508ffffff","population_2015":5320.8311605837,"total_built_mass_tons":4511747.416362593,"city_id":10124,"country_iso":"CHN"},{"h3index":"8724c5509ffffff","population_2015":5558.9489190382,"total_built_mass_tons":3882981.5203407798,"city_id":10124,"country_iso":"CHN"},{"h3index":"8724c550affffff","population_2015":6976.1606542372,"total_built_mass_tons":2641145.4314468303,"city_id":10124,"country_iso":"CHN"},{"h3index":"8724c550bffffff","population_2015":25983.2319562426,"total_built_mass_tons":5360932.2420260115,"city_id":10124,"country_iso":"CHN"},{"h3index":"8724c550cffffff","population_2015":0.2043701733,"total_built_mass_tons":1139.1618968167,"city_id":10124,"country_iso":"CHN"},{"h3index":"8724c550dffffff","population_2015":430.8655765057,"total_built_mass_tons":607796.045864074,"city_id":10124,"country_iso":"CHN"},{"h3index":"8724c550effffff","population_2015":74.1803300016,"total_built_mass_tons":185656.8148217271,"city_id":10124,"country_iso":"CHN"},{"h3index":"8724c5519ffffff","population_2015":109.7784991227,"total_built_mass_tons":195664.7671755468,"city_id":10124,"country_iso":"CHN"},{"h3index":"8724c551dffffff","population_2015":7.2715196768,"total_built_mass_tons":11212.7971721362,"city_id":10124,"country_iso":"CHN"},{"h3index":"8724c5554ffffff","population_2015":130.0333440332,"total_built_mass_tons":89906.2522039308,"city_id":10124,"country_iso":"CHN"},{"h3index":"8724c5556ffffff","population_2015":1597.2358561385,"total_built_mass_tons":470181.4067387911,"city_id":10124,"country_iso":"CHN"},{"h3index":"8724c5572ffffff","population_2015":1145.3147615723,"total_built_mass_tons":936633.9825713268,"city_id":10124,"country_iso":"CHN"},{"h3index":"8724c5573ffffff","population_2015":0.1894430586,"total_built_mass_tons":619.3565798969,"city_id":10124,"country_iso":"CHN"}]