[{"h3index":"872b81944ffffff","population_2015":304.9768411674,"total_built_mass_tons":87216.2089870678,"city_id":1021,"country_iso":"CAN"},{"h3index":"872b81945ffffff","population_2015":442.9847745596,"total_built_mass_tons":134387.5872973633,"city_id":1021,"country_iso":"CAN"},{"h3index":"872b81961ffffff","population_2015":6886.2337037231,"total_built_mass_tons":2366385.6588869793,"city_id":1021,"country_iso":"CAN"},{"h3index":"872b81963ffffff","population_2015":5345.8040831154,"total_built_mass_tons":1890501.1651886669,"city_id":1021,"country_iso":"CAN"},{"h3index":"872b81968ffffff","population_2015":11624.7970025767,"total_built_mass_tons":3851548.4410531218,"city_id":1021,"country_iso":"CAN"},{"h3index":"872b81969ffffff","population_2015":1505.9798533758,"total_built_mass_tons":560404.3931255856,"city_id":1021,"country_iso":"CAN"},{"h3index":"872b8196affffff","population_2015":1209.6892667583,"total_built_mass_tons":1617470.6587480931,"city_id":1021,"country_iso":"CAN"},{"h3index":"872b8196bffffff","population_2015":108.1681879156,"total_built_mass_tons":326960.150665715,"city_id":1021,"country_iso":"CAN"},{"h3index":"872b8196cffffff","population_2015":7206.1009014637,"total_built_mass_tons":2092817.7464333763,"city_id":1021,"country_iso":"CAN"},{"h3index":"872b8196dffffff","population_2015":4451.4530697755,"total_built_mass_tons":1188620.8984540501,"city_id":1021,"country_iso":"CAN"},{"h3index":"872b8196effffff","population_2015":7365.3756567355,"total_built_mass_tons":3732527.9324754649,"city_id":1021,"country_iso":"CAN"},{"h3index":"872baa59affffff","population_2015":13.6841460733,"total_built_mass_tons":7921.5036692312,"city_id":1021,"country_iso":"CAN"}]