[{"h3index": "8740b0849ffffff", "population_2015": 16.56875348184623, "total_built_mass_tons": 12080.585179522495, "city_id": 11457, "country_iso": "CHN"}, {"h3index": "8740b0b00ffffff", "population_2015": 139.60753981085384, "total_built_mass_tons": 88415.04718172419, "city_id": 11457, "country_iso": "CHN"}, {"h3index": "8740b0b04ffffff", "population_2015": 9503.164532679202, "total_built_mass_tons": 2757167.4958916577, "city_id": 11457, "country_iso": "CHN"}, {"h3index": "8740b0b05ffffff", "population_2015": 148.68057693687138, "total_built_mass_tons": 119555.91358182133, "city_id": 11457, "country_iso": "CHN"}, {"h3index": "8740b0b06ffffff", "population_2015": 13724.259074878692, "total_built_mass_tons": 3117979.4531912026, "city_id": 11457, "country_iso": "CHN"}, {"h3index": "8740b0b14ffffff", "population_2015": 832.0907797776015, "total_built_mass_tons": 552718.2281592396, "city_id": 11457, "country_iso": "CHN"}, {"h3index": "8740b0b15ffffff", "population_2015": 28.570362317328357, "total_built_mass_tons": 18618.381836412977, "city_id": 11457, "country_iso": "CHN"}, {"h3index": "8740b0b22ffffff", "population_2015": 2775.9844426398176, "total_built_mass_tons": 770658.761361107, "city_id": 11457, "country_iso": "CHN"}, {"h3index": "8740b0b23ffffff", "population_2015": 20.5179700533549, "total_built_mass_tons": 14380.37156181757, "city_id": 11457, "country_iso": "CHN"}, {"h3index": "8740b0b30ffffff", "population_2015": 1238.5223642975675, "total_built_mass_tons": 416658.322080419, "city_id": 11457, "country_iso": "CHN"}, {"h3index": "8740b0b31ffffff", "population_2015": 19377.74308097503, "total_built_mass_tons": 4592699.841494406, "city_id": 11457, "country_iso": "CHN"}, {"h3index": "8740b0b32ffffff", "population_2015": 3186.8037051743145, "total_built_mass_tons": 1806909.1750216016, "city_id": 11457, "country_iso": "CHN"}, {"h3index": "8740b0b33ffffff", "population_2015": 11276.589486635428, "total_built_mass_tons": 2577790.9095752547, "city_id": 11457, "country_iso": "CHN"}, {"h3index": "8740b0b35ffffff", "population_2015": 46.70036090028052, "total_built_mass_tons": 8720.084922848675, "city_id": 11457, "country_iso": "CHN"}]