[{"h3index": "87260d800ffffff", "population_2015": 8015.930364459873, "total_built_mass_tons": 3520016.941845673, "city_id": 474, "country_iso": "USA"}, {"h3index": "87260d801ffffff", "population_2015": 6984.249616136739, "total_built_mass_tons": 3453306.0992922494, "city_id": 474, "country_iso": "USA"}, {"h3index": "87260d802ffffff", "population_2015": 3084.1740771417826, "total_built_mass_tons": 3064801.1977273156, "city_id": 474, "country_iso": "USA"}, {"h3index": "87260d803ffffff", "population_2015": 7382.626674094855, "total_built_mass_tons": 3433553.645277147, "city_id": 474, "country_iso": "USA"}, {"h3index": "87260d804ffffff", "population_2015": 2492.1561867751625, "total_built_mass_tons": 1515735.9886109177, "city_id": 474, "country_iso": "USA"}, {"h3index": "87260d805ffffff", "population_2015": 6404.335931255068, "total_built_mass_tons": 3049449.17049009, "city_id": 474, "country_iso": "USA"}, {"h3index": "87260d806ffffff", "population_2015": 3046.388022472979, "total_built_mass_tons": 1902771.174145613, "city_id": 474, "country_iso": "USA"}, {"h3index": "87260d808ffffff", "population_2015": 2881.0288311780664, "total_built_mass_tons": 1518679.132159985, "city_id": 474, "country_iso": "USA"}, {"h3index": "87260d809ffffff", "population_2015": 477.04163555306394, "total_built_mass_tons": 664495.7308941425, "city_id": 474, "country_iso": "USA"}, {"h3index": "87260d80affffff", "population_2015": 5938.105721224973, "total_built_mass_tons": 3246858.3578869305, "city_id": 474, "country_iso": "USA"}, {"h3index": "87260d80bffffff", "population_2015": 510.2692509853062, "total_built_mass_tons": 587967.4951447953, "city_id": 474, "country_iso": "USA"}, {"h3index": "87260d80cffffff", "population_2015": 6457.668362360371, "total_built_mass_tons": 2536597.7837817837, "city_id": 474, "country_iso": "USA"}, {"h3index": "87260d80dffffff", "population_2015": 11505.961474159183, "total_built_mass_tons": 3553502.257230915, "city_id": 474, "country_iso": "USA"}, {"h3index": "87260d80effffff", "population_2015": 5555.694202472181, "total_built_mass_tons": 3099710.843753338, "city_id": 474, "country_iso": "USA"}, {"h3index": "87260d810ffffff", "population_2015": 1244.1017489087346, "total_built_mass_tons": 586756.7299389339, "city_id": 474, "country_iso": "USA"}, {"h3index": "87260d811ffffff", "population_2015": 906.8413543020796, "total_built_mass_tons": 1645354.0255629935, "city_id": 474, "country_iso": "USA"}, {"h3index": "87260d812ffffff", "population_2015": 3934.5384309738583, "total_built_mass_tons": 1623285.7825113002, "city_id": 474, "country_iso": "USA"}, {"h3index": "87260d813ffffff", "population_2015": 2872.7489761208208, "total_built_mass_tons": 1499373.5822011807, "city_id": 474, "country_iso": "USA"}, {"h3index": "87260d815ffffff", "population_2015": 565.7772701268688, "total_built_mass_tons": 2240967.3359700707, "city_id": 474, "country_iso": "USA"}, {"h3index": "87260d818ffffff", "population_2015": 6082.624928468116, "total_built_mass_tons": 3492446.8229953884, "city_id": 474, "country_iso": "USA"}, {"h3index": "87260d819ffffff", "population_2015": 7180.669880012439, "total_built_mass_tons": 2793669.7891857713, "city_id": 474, "country_iso": "USA"}, {"h3index": "87260d81affffff", "population_2015": 8226.126027849272, "total_built_mass_tons": 3038879.964618908, "city_id": 474, "country_iso": "USA"}, {"h3index": "87260d81bffffff", "population_2015": 6126.0428990665605, "total_built_mass_tons": 2388275.7932105353, "city_id": 474, "country_iso": "USA"}, {"h3index": "87260d81cffffff", "population_2015": 2874.7140535873523, "total_built_mass_tons": 3059553.515309436, "city_id": 474, "country_iso": "USA"}, {"h3index": "87260d81dffffff", "population_2015": 4213.12701430274, "total_built_mass_tons": 3055268.7655618098, "city_id": 474, "country_iso": "USA"}, {"h3index": "87260d81effffff", "population_2015": 1437.862557956167, "total_built_mass_tons": 2801024.728839866, "city_id": 474, "country_iso": "USA"}, {"h3index": "87260d828ffffff", "population_2015": 2998.2739621010483, "total_built_mass_tons": 1371853.339012413, "city_id": 474, "country_iso": "USA"}, {"h3index": "87260d829ffffff", "population_2015": 5460.702275382727, "total_built_mass_tons": 2600501.4671344087, "city_id": 474, "country_iso": "USA"}, {"h3index": "87260d82affffff", "population_2015": 6562.035856888337, "total_built_mass_tons": 3078566.785913692, "city_id": 474, "country_iso": "USA"}, {"h3index": "87260d82bffffff", "population_2015": 8085.087002291516, "total_built_mass_tons": 2741229.7973398636, "city_id": 474, "country_iso": "USA"}, {"h3index": "87260d82dffffff", "population_2015": 3784.251908942122, "total_built_mass_tons": 2891189.217994188, "city_id": 474, "country_iso": "USA"}, {"h3index": "87260d82effffff", "population_2015": 1370.356445752698, "total_built_mass_tons": 559546.5998860056, "city_id": 474, "country_iso": "USA"}, {"h3index": "87260d830ffffff", "population_2015": 138.94588066783606, "total_built_mass_tons": 82709.51219615013, "city_id": 474, "country_iso": "USA"}, {"h3index": "87260d831ffffff", "population_2015": 3874.9780728380465, "total_built_mass_tons": 1806015.8825359188, "city_id": 474, "country_iso": "USA"}, {"h3index": "87260d833ffffff", "population_2015": 958.4953359673073, "total_built_mass_tons": 1005028.2607063112, "city_id": 474, "country_iso": "USA"}, {"h3index": "87260d835ffffff", "population_2015": 188.73989558707848, "total_built_mass_tons": 136866.1221422371, "city_id": 474, "country_iso": "USA"}, {"h3index": "87260d842ffffff", "population_2015": 2092.2282119830734, "total_built_mass_tons": 1508093.0219923255, "city_id": 474, "country_iso": "USA"}, {"h3index": "87260d843ffffff", "population_2015": 131.738140074412, "total_built_mass_tons": 55737.99420273618, "city_id": 474, "country_iso": "USA"}, {"h3index": "87260d844ffffff", "population_2015": 1426.0853027798971, "total_built_mass_tons": 385040.18650288624, "city_id": 474, "country_iso": "USA"}, {"h3index": "87260d846ffffff", "population_2015": 5311.913072716256, "total_built_mass_tons": 2194130.345630285, "city_id": 474, "country_iso": "USA"}, {"h3index": "87260d850ffffff", "population_2015": 3252.8395680037625, "total_built_mass_tons": 2960972.545326922, "city_id": 474, "country_iso": "USA"}, {"h3index": "87260d851ffffff", "population_2015": 3683.256363014146, "total_built_mass_tons": 1650208.5386340066, "city_id": 474, "country_iso": "USA"}, {"h3index": "87260d853ffffff", "population_2015": 220.02849534458537, "total_built_mass_tons": 174182.16208333903, "city_id": 474, "country_iso": "USA"}, {"h3index": "87260d854ffffff", "population_2015": 4233.300493639416, "total_built_mass_tons": 2584285.041536403, "city_id": 474, "country_iso": "USA"}, {"h3index": "87260d855ffffff", "population_2015": 8263.914390638649, "total_built_mass_tons": 2805341.936103728, "city_id": 474, "country_iso": "USA"}, {"h3index": "87260d856ffffff", "population_2015": 2520.3572583302775, "total_built_mass_tons": 1396772.498208362, "city_id": 474, "country_iso": "USA"}, {"h3index": "87260d862ffffff", "population_2015": 670.5497587156719, "total_built_mass_tons": 1257634.3430120617, "city_id": 474, "country_iso": "USA"}, {"h3index": "87260d864ffffff", "population_2015": 49.96380543843203, "total_built_mass_tons": 47208.197439763026, "city_id": 474, "country_iso": "USA"}, {"h3index": "87260d866ffffff", "population_2015": 4798.8999293593815, "total_built_mass_tons": 2575389.323564018, "city_id": 474, "country_iso": "USA"}, {"h3index": "87260d870ffffff", "population_2015": 3897.2412096901135, "total_built_mass_tons": 3627208.154111152, "city_id": 474, "country_iso": "USA"}, {"h3index": "87260d871ffffff", "population_2015": 2355.295385490902, "total_built_mass_tons": 1195248.5332234488, "city_id": 474, "country_iso": "USA"}, {"h3index": "87260d872ffffff", "population_2015": 1353.1376089240844, "total_built_mass_tons": 3009878.3780929656, "city_id": 474, "country_iso": "USA"}, {"h3index": "87260d873ffffff", "population_2015": 6438.526889412306, "total_built_mass_tons": 2535624.810121903, "city_id": 474, "country_iso": "USA"}, {"h3index": "87260d874ffffff", "population_2015": 7296.410613891599, "total_built_mass_tons": 3425190.268441313, "city_id": 474, "country_iso": "USA"}, {"h3index": "87260d875ffffff", "population_2015": 4660.243021547631, "total_built_mass_tons": 3424959.5759133985, "city_id": 474, "country_iso": "USA"}, {"h3index": "87260d876ffffff", "population_2015": 8790.656336853699, "total_built_mass_tons": 4549143.450368587, "city_id": 474, "country_iso": "USA"}, {"h3index": "87260d8a1ffffff", "population_2015": 120.74099874512528, "total_built_mass_tons": 160601.30922033952, "city_id": 474, "country_iso": "USA"}, {"h3index": "87260d8a5ffffff", "population_2015": 119.08726851519415, "total_built_mass_tons": 104259.418044437, "city_id": 474, "country_iso": "USA"}, {"h3index": "87260d8a8ffffff", "population_2015": 2478.242606585922, "total_built_mass_tons": 874634.5496711769, "city_id": 474, "country_iso": "USA"}, {"h3index": "87260d8a9ffffff", "population_2015": 3280.7291153738306, "total_built_mass_tons": 1767977.5288220642, "city_id": 474, "country_iso": "USA"}, {"h3index": "87260d8abffffff", "population_2015": 3.055620471870198, "total_built_mass_tons": 45150.96135911434, "city_id": 474, "country_iso": "USA"}, {"h3index": "87260d8acffffff", "population_2015": 5526.430871018943, "total_built_mass_tons": 2045140.223434408, "city_id": 474, "country_iso": "USA"}, {"h3index": "87260d8adffffff", "population_2015": 1531.0126972391663, "total_built_mass_tons": 1961212.8878288383, "city_id": 474, "country_iso": "USA"}, {"h3index": "87260d8aeffffff", "population_2015": 269.0920060700061, "total_built_mass_tons": 95387.98715793285, "city_id": 474, "country_iso": "USA"}, {"h3index": "87260d8e4ffffff", "population_2015": 243.7973791568631, "total_built_mass_tons": 1102895.1317927742, "city_id": 474, "country_iso": "USA"}, {"h3index": "87260d8e6ffffff", "population_2015": 781.3379660004495, "total_built_mass_tons": 800121.5015039836, "city_id": 474, "country_iso": "USA"}, {"h3index": "87260d8f4ffffff", "population_2015": 1488.207313302217, "total_built_mass_tons": 2700972.043066164, "city_id": 474, "country_iso": "USA"}, {"h3index": "87260d8f5ffffff", "population_2015": 1297.9877198387594, "total_built_mass_tons": 734127.2019317376, "city_id": 474, "country_iso": "USA"}, {"h3index": "87260d8f6ffffff", "population_2015": 187.5463542755328, "total_built_mass_tons": 294309.4796979717, "city_id": 474, "country_iso": "USA"}, {"h3index": "87260d94affffff", "population_2015": 1430.1794803876503, "total_built_mass_tons": 464955.6979674794, "city_id": 474, "country_iso": "USA"}, {"h3index": "87260d950ffffff", "population_2015": 11.180561556579436, "total_built_mass_tons": 88782.90273319195, "city_id": 474, "country_iso": "USA"}, {"h3index": "87260d951ffffff", "population_2015": 323.72324865143787, "total_built_mass_tons": 2011268.4449104124, "city_id": 474, "country_iso": "USA"}, {"h3index": "87260d953ffffff", "population_2015": 1138.3238451149534, "total_built_mass_tons": 1500646.6773919738, "city_id": 474, "country_iso": "USA"}, {"h3index": "87260d958ffffff", "population_2015": 3427.5868639912683, "total_built_mass_tons": 2669349.5293951244, "city_id": 474, "country_iso": "USA"}, {"h3index": "87260d959ffffff", "population_2015": 4811.5574299133295, "total_built_mass_tons": 2064783.758704617, "city_id": 474, "country_iso": "USA"}, {"h3index": "87260d95affffff", "population_2015": 7084.7145876722, "total_built_mass_tons": 3846700.793434829, "city_id": 474, "country_iso": "USA"}, {"h3index": "87260d95bffffff", "population_2015": 5081.145233070968, "total_built_mass_tons": 3690827.344628568, "city_id": 474, "country_iso": "USA"}, {"h3index": "87260d95cffffff", "population_2015": 129.69219467713336, "total_built_mass_tons": 547802.1145810982, "city_id": 474, "country_iso": "USA"}, {"h3index": "87260d95dffffff", "population_2015": 1861.372271775732, "total_built_mass_tons": 757919.1780353775, "city_id": 474, "country_iso": "USA"}, {"h3index": "87260d95effffff", "population_2015": 830.6016421753112, "total_built_mass_tons": 2981716.9256839976, "city_id": 474, "country_iso": "USA"}]