[{"h3index":"873c114a0ffffff","population_2015":93.7153167725,"total_built_mass_tons":31531.5636531041,"city_id":8893,"country_iso":"IND"},{"h3index":"873c114a1ffffff","population_2015":132.3557676914,"total_built_mass_tons":29955.8183153729,"city_id":8893,"country_iso":"IND"},{"h3index":"873c114a2ffffff","population_2015":41.8705558777,"total_built_mass_tons":14460.6490203403,"city_id":8893,"country_iso":"IND"},{"h3index":"873c114a3ffffff","population_2015":59.7360005884,"total_built_mass_tons":16782.3942117655,"city_id":8893,"country_iso":"IND"},{"h3index":"873c114a5ffffff","population_2015":218.7568852069,"total_built_mass_tons":44518.9823176895,"city_id":8893,"country_iso":"IND"},{"h3index":"873c114a6ffffff","population_2015":26.5237951279,"total_built_mass_tons":15065.8546789356,"city_id":8893,"country_iso":"IND"},{"h3index":"873c114b5ffffff","population_2015":13.9425477982,"total_built_mass_tons":2158.9020253622,"city_id":8893,"country_iso":"IND"}]