[{"h3index": "8749b0340ffffff", "population_2015": 669.1954045912798, "total_built_mass_tons": 63630.54734289768, "city_id": 136, "country_iso": "MEX"}, {"h3index": "8749b0342ffffff", "population_2015": 1384.8222929711435, "total_built_mass_tons": 182386.7055290737, "city_id": 136, "country_iso": "MEX"}, {"h3index": "8749b0344ffffff", "population_2015": 401.6075754352645, "total_built_mass_tons": 43928.622559870375, "city_id": 136, "country_iso": "MEX"}, {"h3index": "8749b0346ffffff", "population_2015": 27577.097418692538, "total_built_mass_tons": 2340884.6367197623, "city_id": 136, "country_iso": "MEX"}, {"h3index": "8749b0355ffffff", "population_2015": 1626.176366895788, "total_built_mass_tons": 191591.75432886407, "city_id": 136, "country_iso": "MEX"}, {"h3index": "8749b0370ffffff", "population_2015": 14371.985889913522, "total_built_mass_tons": 2581635.2205982795, "city_id": 136, "country_iso": "MEX"}, {"h3index": "8749b0371ffffff", "population_2015": 22873.5917224288, "total_built_mass_tons": 1381300.2843116554, "city_id": 136, "country_iso": "MEX"}, {"h3index": "8749b0372ffffff", "population_2015": 5828.771790599822, "total_built_mass_tons": 617487.9466725064, "city_id": 136, "country_iso": "MEX"}, {"h3index": "8749b0373ffffff", "population_2015": 55603.375721406475, "total_built_mass_tons": 4337374.064919917, "city_id": 136, "country_iso": "MEX"}, {"h3index": "8749b0374ffffff", "population_2015": 76.35360236541898, "total_built_mass_tons": 57610.42753718672, "city_id": 136, "country_iso": "MEX"}, {"h3index": "8749b0375ffffff", "population_2015": 288.5490189145593, "total_built_mass_tons": 27337.99773271892, "city_id": 136, "country_iso": "MEX"}, {"h3index": "8749b0376ffffff", "population_2015": 3375.696175493913, "total_built_mass_tons": 689156.9841400529, "city_id": 136, "country_iso": "MEX"}]