[{"h3index": "871e80580ffffff", "population_2015": 5517.4990306103955, "total_built_mass_tons": 1682355.540389757, "city_id": 2895, "country_iso": "ITA"}, {"h3index": "871e80581ffffff", "population_2015": 7349.028828340944, "total_built_mass_tons": 2050426.9812222389, "city_id": 2895, "country_iso": "ITA"}, {"h3index": "871e80583ffffff", "population_2015": 7.0038492763743685, "total_built_mass_tons": 3779.560249182341, "city_id": 2895, "country_iso": "ITA"}, {"h3index": "871e80584ffffff", "population_2015": 1129.1662412867531, "total_built_mass_tons": 833575.878338558, "city_id": 2895, "country_iso": "ITA"}, {"h3index": "871e80585ffffff", "population_2015": 11639.08120917706, "total_built_mass_tons": 3414611.2216400867, "city_id": 2895, "country_iso": "ITA"}, {"h3index": "871e805a0ffffff", "population_2015": 6142.136348026554, "total_built_mass_tons": 1031421.697783406, "city_id": 2895, "country_iso": "ITA"}, {"h3index": "871e805a1ffffff", "population_2015": 6984.089304457838, "total_built_mass_tons": 1154463.8974730775, "city_id": 2895, "country_iso": "ITA"}, {"h3index": "871e805a2ffffff", "population_2015": 3651.520474618246, "total_built_mass_tons": 1857339.4099031023, "city_id": 2895, "country_iso": "ITA"}, {"h3index": "871e805a3ffffff", "population_2015": 23635.552723043165, "total_built_mass_tons": 5025150.517994123, "city_id": 2895, "country_iso": "ITA"}, {"h3index": "871e805a8ffffff", "population_2015": 4272.619986784195, "total_built_mass_tons": 706561.6226080889, "city_id": 2895, "country_iso": "ITA"}, {"h3index": "871e805aaffffff", "population_2015": 44.9963165956385, "total_built_mass_tons": 18375.3539875743, "city_id": 2895, "country_iso": "ITA"}, {"h3index": "871e805acffffff", "population_2015": 6415.064803005636, "total_built_mass_tons": 966667.6011207772, "city_id": 2895, "country_iso": "ITA"}, {"h3index": "871e805aeffffff", "population_2015": 16741.28450235304, "total_built_mass_tons": 3288096.0451139747, "city_id": 2895, "country_iso": "ITA"}, {"h3index": "871e805b1ffffff", "population_2015": 3090.93878232419, "total_built_mass_tons": 892099.0835354249, "city_id": 2895, "country_iso": "ITA"}]