[{"h3index":"8740e2db4ffffff","population_2015":23698.9872123756,"total_built_mass_tons":2784804.3339987439,"city_id":10434,"country_iso":"CHN"},{"h3index":"8740e2db5ffffff","population_2015":15.1913882985,"total_built_mass_tons":2961.3881077978,"city_id":10434,"country_iso":"CHN"},{"h3index":"8740e2db6ffffff","population_2015":70.1120399326,"total_built_mass_tons":14922.1138280631,"city_id":10434,"country_iso":"CHN"},{"h3index":"8740f5a5affffff","population_2015":461.6601344155,"total_built_mass_tons":317067.6184385722,"city_id":10434,"country_iso":"CHN"},{"h3index":"8740f5a5bffffff","population_2015":9464.505557897,"total_built_mass_tons":2177054.7207611599,"city_id":10434,"country_iso":"CHN"},{"h3index":"8740f5ae9ffffff","population_2015":3536.498388081,"total_built_mass_tons":611444.2642207552,"city_id":10434,"country_iso":"CHN"}]