[{"h3index":"8731b1234ffffff","population_2015":7469.633344194,"total_built_mass_tons":675004.9867655055,"city_id":10432,"country_iso":"CHN"},{"h3index":"8731b1236ffffff","population_2015":28.3544716405,"total_built_mass_tons":12213.3779126631,"city_id":10432,"country_iso":"CHN"},{"h3index":"8731b131affffff","population_2015":10823.52838608,"total_built_mass_tons":2558219.1616063341,"city_id":10432,"country_iso":"CHN"},{"h3index":"8731b131bffffff","population_2015":65.2961362455,"total_built_mass_tons":35075.9871706302,"city_id":10432,"country_iso":"CHN"},{"h3index":"8731b13a8ffffff","population_2015":69.4363936331,"total_built_mass_tons":49174.8206698028,"city_id":10432,"country_iso":"CHN"},{"h3index":"8731b13a9ffffff","population_2015":596.005151327,"total_built_mass_tons":210906.4117607815,"city_id":10432,"country_iso":"CHN"},{"h3index":"8731b13adffffff","population_2015":1050.6858680019,"total_built_mass_tons":741323.096773991,"city_id":10432,"country_iso":"CHN"}]