[{"h3index": "87a8022d0ffffff", "population_2015": 3709.3337799259257, "total_built_mass_tons": 584435.4190046542, "city_id": 1240, "country_iso": "BRA"}, {"h3index": "87a8022d2ffffff", "population_2015": 16753.465832510192, "total_built_mass_tons": 2468701.7719940357, "city_id": 1240, "country_iso": "BRA"}, {"h3index": "87a8022d3ffffff", "population_2015": 6179.8410476563, "total_built_mass_tons": 1570370.1207091482, "city_id": 1240, "country_iso": "BRA"}, {"h3index": "87a8022d6ffffff", "population_2015": 507.1160849178538, "total_built_mass_tons": 63908.98696626567, "city_id": 1240, "country_iso": "BRA"}, {"h3index": "87a81c921ffffff", "population_2015": 8894.995613582172, "total_built_mass_tons": 1176712.4519512292, "city_id": 1240, "country_iso": "BRA"}, {"h3index": "87a81c925ffffff", "population_2015": 698.6672850478512, "total_built_mass_tons": 70983.4926145673, "city_id": 1240, "country_iso": "BRA"}, {"h3index": "87a81c928ffffff", "population_2015": 3988.299771166082, "total_built_mass_tons": 888774.550682741, "city_id": 1240, "country_iso": "BRA"}, {"h3index": "87a81c92cffffff", "population_2015": 10224.938619311652, "total_built_mass_tons": 2347503.0922006033, "city_id": 1240, "country_iso": "BRA"}, {"h3index": "87a81c92dffffff", "population_2015": 1225.0038890118694, "total_built_mass_tons": 339140.57859258685, "city_id": 1240, "country_iso": "BRA"}, {"h3index": "87a81c92effffff", "population_2015": 1340.3201273693758, "total_built_mass_tons": 151377.66708402333, "city_id": 1240, "country_iso": "BRA"}]