[{"h3index": "873185a24ffffff", "population_2015": 31.820198003918517, "total_built_mass_tons": 51064.646623014414, "city_id": 10636, "country_iso": "CHN"}, {"h3index": "873185a25ffffff", "population_2015": 267.96687899944834, "total_built_mass_tons": 391862.81110930425, "city_id": 10636, "country_iso": "CHN"}, {"h3index": "873185b08ffffff", "population_2015": 1126.2001966364242, "total_built_mass_tons": 567752.0982911612, "city_id": 10636, "country_iso": "CHN"}, {"h3index": "873185b09ffffff", "population_2015": 20356.70965084935, "total_built_mass_tons": 4945243.632307734, "city_id": 10636, "country_iso": "CHN"}, {"h3index": "873185b0bffffff", "population_2015": 320.5178830006543, "total_built_mass_tons": 128228.74301809004, "city_id": 10636, "country_iso": "CHN"}, {"h3index": "873185b0dffffff", "population_2015": 459.8854507558487, "total_built_mass_tons": 206932.71877083532, "city_id": 10636, "country_iso": "CHN"}, {"h3index": "873185b50ffffff", "population_2015": 4361.709411770689, "total_built_mass_tons": 1256938.0621542055, "city_id": 10636, "country_iso": "CHN"}, {"h3index": "873185b52ffffff", "population_2015": 1173.2657215698096, "total_built_mass_tons": 325263.30679725675, "city_id": 10636, "country_iso": "CHN"}, {"h3index": "873185b54ffffff", "population_2015": 16779.792523455148, "total_built_mass_tons": 4490017.944928209, "city_id": 10636, "country_iso": "CHN"}, {"h3index": "873185b55ffffff", "population_2015": 859.8009394281052, "total_built_mass_tons": 237355.5409552117, "city_id": 10636, "country_iso": "CHN"}, {"h3index": "873185b56ffffff", "population_2015": 15283.311162310954, "total_built_mass_tons": 2962918.264090596, "city_id": 10636, "country_iso": "CHN"}, {"h3index": "873185b72ffffff", "population_2015": 8135.658195172105, "total_built_mass_tons": 2128926.3330555167, "city_id": 10636, "country_iso": "CHN"}, {"h3index": "873185b73ffffff", "population_2015": 2667.595726319855, "total_built_mass_tons": 711913.5831092985, "city_id": 10636, "country_iso": "CHN"}]