[{"h3index":"872c5cc09ffffff","population_2015":47.1492132356,"total_built_mass_tons":615966.3597448438,"city_id":5649,"country_iso":"KAZ"},{"h3index":"872c5cc0bffffff","population_2015":30.3495548408,"total_built_mass_tons":344939.1538083002,"city_id":5649,"country_iso":"KAZ"},{"h3index":"872c5cc50ffffff","population_2015":15.05151411,"total_built_mass_tons":179634.8049656211,"city_id":5649,"country_iso":"KAZ"},{"h3index":"872c5cc52ffffff","population_2015":10.6353120821,"total_built_mass_tons":160897.1757621659,"city_id":5649,"country_iso":"KAZ"},{"h3index":"872c5cc54ffffff","population_2015":12.5903467158,"total_built_mass_tons":128106.9187339124,"city_id":5649,"country_iso":"KAZ"},{"h3index":"872c5cc56ffffff","population_2015":138.8910224916,"total_built_mass_tons":1618322.9054070325,"city_id":5649,"country_iso":"KAZ"},{"h3index":"872c5cce4ffffff","population_2015":1.3935054243,"total_built_mass_tons":146384.5351876885,"city_id":5649,"country_iso":"KAZ"},{"h3index":"872c5cce5ffffff","population_2015":12.1730457865,"total_built_mass_tons":178106.3620413436,"city_id":5649,"country_iso":"KAZ"}]