[{"h3index":"8765b4224ffffff","population_2015":2239.89304004,"total_built_mass_tons":494536.6357506277,"city_id":11990,"country_iso":"VNM"},{"h3index":"8765b4226ffffff","population_2015":11.6036319733,"total_built_mass_tons":1587.9999403922,"city_id":11990,"country_iso":"VNM"},{"h3index":"8765b4308ffffff","population_2015":511.3404365689,"total_built_mass_tons":118159.0512943626,"city_id":11990,"country_iso":"VNM"},{"h3index":"8765b430affffff","population_2015":3616.9853426728,"total_built_mass_tons":431299.4156993283,"city_id":11990,"country_iso":"VNM"},{"h3index":"8765b430effffff","population_2015":2828.6071238162,"total_built_mass_tons":623982.3191959469,"city_id":11990,"country_iso":"VNM"},{"h3index":"8765b4319ffffff","population_2015":455.7205665944,"total_built_mass_tons":122634.376573995,"city_id":11990,"country_iso":"VNM"},{"h3index":"8765b431dffffff","population_2015":2661.7878129062,"total_built_mass_tons":555675.5272652565,"city_id":11990,"country_iso":"VNM"}]