[{"h3index":"8740446a0ffffff","population_2015":11351.6442849991,"total_built_mass_tons":3056567.237135266,"city_id":10372,"country_iso":"CHN"},{"h3index":"8740446a1ffffff","population_2015":240.5995234536,"total_built_mass_tons":227309.6313013154,"city_id":10372,"country_iso":"CHN"},{"h3index":"8740446a2ffffff","population_2015":714.2313055637,"total_built_mass_tons":147356.7806554123,"city_id":10372,"country_iso":"CHN"},{"h3index":"8740446a3ffffff","population_2015":3988.1523505099,"total_built_mass_tons":1078140.450074716,"city_id":10372,"country_iso":"CHN"},{"h3index":"8740446a4ffffff","population_2015":20856.8939674948,"total_built_mass_tons":5380676.0886462703,"city_id":10372,"country_iso":"CHN"},{"h3index":"8740446a5ffffff","population_2015":1517.7854493291,"total_built_mass_tons":411547.5988542603,"city_id":10372,"country_iso":"CHN"},{"h3index":"8740446a6ffffff","population_2015":2432.327033875,"total_built_mass_tons":1189728.485666594,"city_id":10372,"country_iso":"CHN"},{"h3index":"8740446aeffffff","population_2015":754.1815579919,"total_built_mass_tons":246904.6372299122,"city_id":10372,"country_iso":"CHN"},{"h3index":"874044780ffffff","population_2015":207.9535146003,"total_built_mass_tons":82828.4132393289,"city_id":10372,"country_iso":"CHN"},{"h3index":"874044781ffffff","population_2015":4345.0776651177,"total_built_mass_tons":1630192.3853128343,"city_id":10372,"country_iso":"CHN"},{"h3index":"874044782ffffff","population_2015":58.9427252807,"total_built_mass_tons":34387.2564699079,"city_id":10372,"country_iso":"CHN"},{"h3index":"874044783ffffff","population_2015":5648.6410397829,"total_built_mass_tons":2608107.5821883213,"city_id":10372,"country_iso":"CHN"},{"h3index":"874044785ffffff","population_2015":0.0172796885,"total_built_mass_tons":125.6476072761,"city_id":10372,"country_iso":"CHN"},{"h3index":"874044788ffffff","population_2015":1203.7210592532,"total_built_mass_tons":275436.7277494927,"city_id":10372,"country_iso":"CHN"},{"h3index":"87404478affffff","population_2015":36686.4169903026,"total_built_mass_tons":8085521.832278952,"city_id":10372,"country_iso":"CHN"},{"h3index":"87404478bffffff","population_2015":8.6691873588,"total_built_mass_tons":57254.5130211792,"city_id":10372,"country_iso":"CHN"},{"h3index":"87404478cffffff","population_2015":558.9498740626,"total_built_mass_tons":157821.7438817874,"city_id":10372,"country_iso":"CHN"},{"h3index":"87404478effffff","population_2015":13014.2581735733,"total_built_mass_tons":3456003.3300089436,"city_id":10372,"country_iso":"CHN"},{"h3index":"874044798ffffff","population_2015":12819.8479406749,"total_built_mass_tons":2005498.6818586811,"city_id":10372,"country_iso":"CHN"},{"h3index":"874044799ffffff","population_2015":31666.8309575165,"total_built_mass_tons":4938519.9497839641,"city_id":10372,"country_iso":"CHN"},{"h3index":"87404479affffff","population_2015":195.8722214287,"total_built_mass_tons":98143.1011812362,"city_id":10372,"country_iso":"CHN"},{"h3index":"87404479bffffff","population_2015":948.5459688804,"total_built_mass_tons":464777.249393099,"city_id":10372,"country_iso":"CHN"},{"h3index":"87404479cffffff","population_2015":1236.0308676925,"total_built_mass_tons":420386.9396192507,"city_id":10372,"country_iso":"CHN"},{"h3index":"87404479dffffff","population_2015":13018.5901334202,"total_built_mass_tons":3375324.6995507288,"city_id":10372,"country_iso":"CHN"},{"h3index":"8740447aaffffff","population_2015":1933.4673596158,"total_built_mass_tons":1106986.9663096447,"city_id":10372,"country_iso":"CHN"}]