[{"h3index":"872a33a10ffffff","population_2015":444.7315467639,"total_built_mass_tons":452178.2958308442,"city_id":1016,"country_iso":"USA"},{"h3index":"872a33a11ffffff","population_2015":28.8270995969,"total_built_mass_tons":56170.6803631455,"city_id":1016,"country_iso":"USA"},{"h3index":"872a33a12ffffff","population_2015":16927.1148376552,"total_built_mass_tons":4560757.7605907582,"city_id":1016,"country_iso":"USA"},{"h3index":"872a33a13ffffff","population_2015":1925.893896837,"total_built_mass_tons":1098809.2539946169,"city_id":1016,"country_iso":"USA"},{"h3index":"872a33a16ffffff","population_2015":4244.0965389186,"total_built_mass_tons":2154791.3307241248,"city_id":1016,"country_iso":"USA"},{"h3index":"872a33aa0ffffff","population_2015":710.8183751005,"total_built_mass_tons":1546968.6866233691,"city_id":1016,"country_iso":"USA"},{"h3index":"872a33aa1ffffff","population_2015":17670.1577124377,"total_built_mass_tons":3864027.598700935,"city_id":1016,"country_iso":"USA"},{"h3index":"872a33aa2ffffff","population_2015":368.6579642967,"total_built_mass_tons":333179.7906292001,"city_id":1016,"country_iso":"USA"},{"h3index":"872a33aa3ffffff","population_2015":0.1607749635,"total_built_mass_tons":88540.0189592761,"city_id":1016,"country_iso":"USA"},{"h3index":"872a33aa4ffffff","population_2015":3205.3353581108,"total_built_mass_tons":2248791.467963546,"city_id":1016,"country_iso":"USA"},{"h3index":"872a33aa5ffffff","population_2015":9924.3060817742,"total_built_mass_tons":2874119.9560626526,"city_id":1016,"country_iso":"USA"},{"h3index":"872a33aa6ffffff","population_2015":2583.3434582107,"total_built_mass_tons":1512787.9980891235,"city_id":1016,"country_iso":"USA"},{"h3index":"872a33aa8ffffff","population_2015":437.1604873118,"total_built_mass_tons":242673.5894942294,"city_id":1016,"country_iso":"USA"},{"h3index":"872a33aaaffffff","population_2015":148.9935968829,"total_built_mass_tons":90949.1849860954,"city_id":1016,"country_iso":"USA"},{"h3index":"872a33aacffffff","population_2015":8437.8074289184,"total_built_mass_tons":3308924.4737819694,"city_id":1016,"country_iso":"USA"},{"h3index":"872a33aadffffff","population_2015":1048.9287179188,"total_built_mass_tons":639015.6483367808,"city_id":1016,"country_iso":"USA"},{"h3index":"872a33aaeffffff","population_2015":6392.381644944,"total_built_mass_tons":2366229.0589280985,"city_id":1016,"country_iso":"USA"},{"h3index":"872a33ab5ffffff","population_2015":93.9609926261,"total_built_mass_tons":171060.1454249435,"city_id":1016,"country_iso":"USA"},{"h3index":"872a33b81ffffff","population_2015":623.609265108,"total_built_mass_tons":409163.9237064089,"city_id":1016,"country_iso":"USA"},{"h3index":"872a33b83ffffff","population_2015":28.5158047536,"total_built_mass_tons":21277.7861506656,"city_id":1016,"country_iso":"USA"},{"h3index":"872a33b88ffffff","population_2015":2044.6536384975,"total_built_mass_tons":1922852.2801329021,"city_id":1016,"country_iso":"USA"},{"h3index":"872a33b89ffffff","population_2015":80.5471583149,"total_built_mass_tons":204959.6188948186,"city_id":1016,"country_iso":"USA"},{"h3index":"872a33b8affffff","population_2015":1879.265438652,"total_built_mass_tons":1124441.7255581941,"city_id":1016,"country_iso":"USA"},{"h3index":"872a33b8bffffff","population_2015":5314.5727862248,"total_built_mass_tons":2380195.5172220599,"city_id":1016,"country_iso":"USA"},{"h3index":"872a33b8cffffff","population_2015":1140.6018023852,"total_built_mass_tons":533437.0650892116,"city_id":1016,"country_iso":"USA"},{"h3index":"872a33b8dffffff","population_2015":0.1274728534,"total_built_mass_tons":311291.2982008909,"city_id":1016,"country_iso":"USA"},{"h3index":"872a33b8effffff","population_2015":4304.1308673875,"total_built_mass_tons":2227899.64948211,"city_id":1016,"country_iso":"USA"},{"h3index":"872a33b99ffffff","population_2015":52.0132042473,"total_built_mass_tons":39591.7322049886,"city_id":1016,"country_iso":"USA"},{"h3index":"872a33b9bffffff","population_2015":14.4248266033,"total_built_mass_tons":20166.3403855717,"city_id":1016,"country_iso":"USA"},{"h3index":"872a33b9dffffff","population_2015":29.7329856474,"total_built_mass_tons":34994.4800489691,"city_id":1016,"country_iso":"USA"}]