[{"h3index":"8724d2881ffffff","population_2015":571.6494859396,"total_built_mass_tons":116220.8722828884,"city_id":10119,"country_iso":"CHN"},{"h3index":"8724d2882ffffff","population_2015":24.6094180462,"total_built_mass_tons":27345.9462680165,"city_id":10119,"country_iso":"CHN"},{"h3index":"8724d2883ffffff","population_2015":1235.0907813241,"total_built_mass_tons":285493.1881200289,"city_id":10119,"country_iso":"CHN"},{"h3index":"8724d2888ffffff","population_2015":2867.4466317831,"total_built_mass_tons":1649797.4572686767,"city_id":10119,"country_iso":"CHN"},{"h3index":"8724d2889ffffff","population_2015":3035.3138855439,"total_built_mass_tons":1546351.4032018972,"city_id":10119,"country_iso":"CHN"},{"h3index":"8724d288cffffff","population_2015":2054.0944733489,"total_built_mass_tons":545402.7266277031,"city_id":10119,"country_iso":"CHN"},{"h3index":"8724d288dffffff","population_2015":1791.0783642526,"total_built_mass_tons":774169.5778300586,"city_id":10119,"country_iso":"CHN"},{"h3index":"8724d288effffff","population_2015":4094.8897078701,"total_built_mass_tons":658056.4647847905,"city_id":10119,"country_iso":"CHN"},{"h3index":"8724d2891ffffff","population_2015":615.532675931,"total_built_mass_tons":130483.336311781,"city_id":10119,"country_iso":"CHN"},{"h3index":"8724d289cffffff","population_2015":2906.5361260433,"total_built_mass_tons":533611.6258302145,"city_id":10119,"country_iso":"CHN"},{"h3index":"8724d289dffffff","population_2015":3068.1165907018,"total_built_mass_tons":218629.2076914758,"city_id":10119,"country_iso":"CHN"},{"h3index":"8724d289effffff","population_2015":618.5950005326,"total_built_mass_tons":78177.3045311837,"city_id":10119,"country_iso":"CHN"},{"h3index":"8724d28d4ffffff","population_2015":1258.3193481712,"total_built_mass_tons":577500.4252726968,"city_id":10119,"country_iso":"CHN"},{"h3index":"8724d28f2ffffff","population_2015":445.5539086398,"total_built_mass_tons":161935.9558764463,"city_id":10119,"country_iso":"CHN"}]