[{"h3index": "873985ac0ffffff", "population_2015": 4653.517660387824, "total_built_mass_tons": 612260.3553841106, "city_id": 1558, "country_iso": "MAR"}, {"h3index": "873985ac1ffffff", "population_2015": 9162.643933554256, "total_built_mass_tons": 885041.8922183476, "city_id": 1558, "country_iso": "MAR"}, {"h3index": "873985ac2ffffff", "population_2015": 16026.01346835155, "total_built_mass_tons": 1852607.2339559523, "city_id": 1558, "country_iso": "MAR"}, {"h3index": "873985ac3ffffff", "population_2015": 38999.46447645451, "total_built_mass_tons": 3266540.45783935, "city_id": 1558, "country_iso": "MAR"}, {"h3index": "873985ac8ffffff", "population_2015": 295.4096373688941, "total_built_mass_tons": 57950.4991133066, "city_id": 1558, "country_iso": "MAR"}, {"h3index": "873985acaffffff", "population_2015": 3449.150249234367, "total_built_mass_tons": 365941.1007905659, "city_id": 1558, "country_iso": "MAR"}, {"h3index": "873985aceffffff", "population_2015": 7891.426717511346, "total_built_mass_tons": 974553.972671513, "city_id": 1558, "country_iso": "MAR"}, {"h3index": "873985ad0ffffff", "population_2015": 895.6718268226175, "total_built_mass_tons": 261923.8471084193, "city_id": 1558, "country_iso": "MAR"}, {"h3index": "873985ad1ffffff", "population_2015": 874.414025809718, "total_built_mass_tons": 313225.8136497211, "city_id": 1558, "country_iso": "MAR"}, {"h3index": "873985ad5ffffff", "population_2015": 1741.76498484518, "total_built_mass_tons": 336749.45392134716, "city_id": 1558, "country_iso": "MAR"}, {"h3index": "873985ad8ffffff", "population_2015": 2892.481608843336, "total_built_mass_tons": 445669.4888992163, "city_id": 1558, "country_iso": "MAR"}, {"h3index": "873985ad9ffffff", "population_2015": 2384.102158213596, "total_built_mass_tons": 731208.7220446941, "city_id": 1558, "country_iso": "MAR"}, {"h3index": "873985adcffffff", "population_2015": 5730.436387716554, "total_built_mass_tons": 704319.1512201132, "city_id": 1558, "country_iso": "MAR"}, {"h3index": "873985addffffff", "population_2015": 31448.88310064428, "total_built_mass_tons": 2750874.6890623877, "city_id": 1558, "country_iso": "MAR"}]