[{"h3index":"871136a0dffffff","population_2015":2.2258472174,"total_built_mass_tons":10345.2814366749,"city_id":3334,"country_iso":"EST"},{"h3index":"871136a44ffffff","population_2015":256.5684694003,"total_built_mass_tons":171702.7886358115,"city_id":3334,"country_iso":"EST"},{"h3index":"871136a46ffffff","population_2015":3481.8515292392,"total_built_mass_tons":1341085.404264855,"city_id":3334,"country_iso":"EST"},{"h3index":"871136a55ffffff","population_2015":3.3585529851,"total_built_mass_tons":2762.2089025816,"city_id":3334,"country_iso":"EST"},{"h3index":"871136a62ffffff","population_2015":3353.1847681111,"total_built_mass_tons":1409402.7004945534,"city_id":3334,"country_iso":"EST"},{"h3index":"871136a66ffffff","population_2015":1042.0809611278,"total_built_mass_tons":761129.5674066339,"city_id":3334,"country_iso":"EST"},{"h3index":"871136a70ffffff","population_2015":14415.2277845794,"total_built_mass_tons":3542360.9231257108,"city_id":3334,"country_iso":"EST"},{"h3index":"871136a71ffffff","population_2015":10440.348233006,"total_built_mass_tons":3913997.89065874,"city_id":3334,"country_iso":"EST"},{"h3index":"871136a72ffffff","population_2015":5529.5351541374,"total_built_mass_tons":2501887.0135387965,"city_id":3334,"country_iso":"EST"},{"h3index":"871136a73ffffff","population_2015":3290.2766885468,"total_built_mass_tons":1386496.8340321498,"city_id":3334,"country_iso":"EST"},{"h3index":"871136a74ffffff","population_2015":6215.5472343127,"total_built_mass_tons":1466102.4394058418,"city_id":3334,"country_iso":"EST"},{"h3index":"871136a75ffffff","population_2015":10416.1323221412,"total_built_mass_tons":3326625.034441974,"city_id":3334,"country_iso":"EST"},{"h3index":"871136a76ffffff","population_2015":3495.3352862309,"total_built_mass_tons":989314.605708794,"city_id":3334,"country_iso":"EST"},{"h3index":"871136b5bffffff","population_2015":561.1829638624,"total_built_mass_tons":389488.616072003,"city_id":3334,"country_iso":"EST"}]