[{"h3index":"873db2684ffffff","population_2015":860.3289872263,"total_built_mass_tons":200493.1678021822,"city_id":6927,"country_iso":"IND"},{"h3index":"873db2685ffffff","population_2015":560.6626200994,"total_built_mass_tons":126329.6045471076,"city_id":6927,"country_iso":"IND"},{"h3index":"873db26a0ffffff","population_2015":466.625086818,"total_built_mass_tons":138102.8077684383,"city_id":6927,"country_iso":"IND"},{"h3index":"873db26a1ffffff","population_2015":5.2170941409,"total_built_mass_tons":14275.7007631227,"city_id":6927,"country_iso":"IND"},{"h3index":"873db26a2ffffff","population_2015":121.7532719406,"total_built_mass_tons":28308.8976552549,"city_id":6927,"country_iso":"IND"},{"h3index":"873db26a3ffffff","population_2015":8115.3938309127,"total_built_mass_tons":1531025.7779553342,"city_id":6927,"country_iso":"IND"}]