[{"h3index":"873cf66c0ffffff","population_2015":16.3647537231,"total_built_mass_tons":17307.3006881386,"city_id":9703,"country_iso":"IND"},{"h3index":"873cf66c1ffffff","population_2015":58.2843148175,"total_built_mass_tons":45047.6940149499,"city_id":9703,"country_iso":"IND"},{"h3index":"873cf66c4ffffff","population_2015":119.3380937576,"total_built_mass_tons":23702.2853311913,"city_id":9703,"country_iso":"IND"},{"h3index":"873cf66c8ffffff","population_2015":75.4971856585,"total_built_mass_tons":21468.2549637172,"city_id":9703,"country_iso":"IND"},{"h3index":"873cf66ccffffff","population_2015":947.469369533,"total_built_mass_tons":146365.0004905003,"city_id":9703,"country_iso":"IND"},{"h3index":"873cf66cdffffff","population_2015":6.2622378237,"total_built_mass_tons":13189.7940242505,"city_id":9703,"country_iso":"IND"},{"h3index":"873cf66ceffffff","population_2015":45.6144549127,"total_built_mass_tons":9758.0147300638,"city_id":9703,"country_iso":"IND"},{"h3index":"873cf66eaffffff","population_2015":14.2145169913,"total_built_mass_tons":15318.9123036207,"city_id":9703,"country_iso":"IND"}]