[{"h3index":"87648c601ffffff","population_2015":325.7693395671,"total_built_mass_tons":175546.8588775431,"city_id":10221,"country_iso":"MMR"},{"h3index":"87648c60cffffff","population_2015":234.8243735257,"total_built_mass_tons":86703.3411167961,"city_id":10221,"country_iso":"MMR"},{"h3index":"87648c60effffff","population_2015":426.6950548359,"total_built_mass_tons":150973.3550798963,"city_id":10221,"country_iso":"MMR"},{"h3index":"87648c61dffffff","population_2015":166.1582812066,"total_built_mass_tons":76986.1302075023,"city_id":10221,"country_iso":"MMR"},{"h3index":"87648c62affffff","population_2015":36.9051215134,"total_built_mass_tons":25524.3740545732,"city_id":10221,"country_iso":"MMR"}]