[{"h3index": "87be63010ffffff", "population_2015": 2299.486144467137, "total_built_mass_tons": 1628851.795201987, "city_id": 13020, "country_iso": "AUS"}, {"h3index": "87be63011ffffff", "population_2015": 268.62917618776356, "total_built_mass_tons": 152771.678373695, "city_id": 13020, "country_iso": "AUS"}, {"h3index": "87be63012ffffff", "population_2015": 11670.02607443571, "total_built_mass_tons": 4891221.05442589, "city_id": 13020, "country_iso": "AUS"}, {"h3index": "87be63013ffffff", "population_2015": 3271.7928203798747, "total_built_mass_tons": 2373070.2215266456, "city_id": 13020, "country_iso": "AUS"}, {"h3index": "87be63016ffffff", "population_2015": 5608.62317566848, "total_built_mass_tons": 2712209.3766671703, "city_id": 13020, "country_iso": "AUS"}, {"h3index": "87be63018ffffff", "population_2015": 9022.996409412344, "total_built_mass_tons": 3388003.6027881578, "city_id": 13020, "country_iso": "AUS"}, {"h3index": "87be63019ffffff", "population_2015": 4642.9956240085285, "total_built_mass_tons": 1642538.1809873185, "city_id": 13020, "country_iso": "AUS"}, {"h3index": "87be6301affffff", "population_2015": 10925.205456235271, "total_built_mass_tons": 3083685.773759213, "city_id": 13020, "country_iso": "AUS"}, {"h3index": "87be6301bffffff", "population_2015": 3998.420965000462, "total_built_mass_tons": 1306055.741966769, "city_id": 13020, "country_iso": "AUS"}, {"h3index": "87be6301cffffff", "population_2015": 4488.111272469964, "total_built_mass_tons": 2395944.3692018893, "city_id": 13020, "country_iso": "AUS"}, {"h3index": "87be6301dffffff", "population_2015": 1613.4170267016573, "total_built_mass_tons": 693724.4024092108, "city_id": 13020, "country_iso": "AUS"}, {"h3index": "87be6301effffff", "population_2015": 9061.949059636016, "total_built_mass_tons": 3474935.907768646, "city_id": 13020, "country_iso": "AUS"}, {"h3index": "87be630a0ffffff", "population_2015": 3391.011708882275, "total_built_mass_tons": 1364658.6040479152, "city_id": 13020, "country_iso": "AUS"}, {"h3index": "87be630a1ffffff", "population_2015": 2213.9619161310593, "total_built_mass_tons": 2994817.221953163, "city_id": 13020, "country_iso": "AUS"}, {"h3index": "87be630a4ffffff", "population_2015": 6254.492779061296, "total_built_mass_tons": 2074855.3395078825, "city_id": 13020, "country_iso": "AUS"}, {"h3index": "87be630a5ffffff", "population_2015": 13036.994169728025, "total_built_mass_tons": 4065339.819718014, "city_id": 13020, "country_iso": "AUS"}, {"h3index": "87be630a8ffffff", "population_2015": 9631.649151576969, "total_built_mass_tons": 4351503.312696084, "city_id": 13020, "country_iso": "AUS"}, {"h3index": "87be630a9ffffff", "population_2015": 7860.744466705298, "total_built_mass_tons": 3171665.445181492, "city_id": 13020, "country_iso": "AUS"}, {"h3index": "87be630aaffffff", "population_2015": 127.08712318966204, "total_built_mass_tons": 122515.11043614766, "city_id": 13020, "country_iso": "AUS"}, {"h3index": "87be630abffffff", "population_2015": 1290.1260238687198, "total_built_mass_tons": 751788.8990132546, "city_id": 13020, "country_iso": "AUS"}, {"h3index": "87be630acffffff", "population_2015": 9241.430739941266, "total_built_mass_tons": 4545981.391905369, "city_id": 13020, "country_iso": "AUS"}, {"h3index": "87be630adffffff", "population_2015": 12214.58858994222, "total_built_mass_tons": 5061581.890215597, "city_id": 13020, "country_iso": "AUS"}, {"h3index": "87be630aeffffff", "population_2015": 2543.7072190499784, "total_built_mass_tons": 1635933.53145654, "city_id": 13020, "country_iso": "AUS"}, {"h3index": "87be630e6ffffff", "population_2015": 1419.8057312708272, "total_built_mass_tons": 502957.5832018162, "city_id": 13020, "country_iso": "AUS"}, {"h3index": "87be630f6ffffff", "population_2015": 797.1407552312401, "total_built_mass_tons": 443169.1648988683, "city_id": 13020, "country_iso": "AUS"}, {"h3index": "87be6318bffffff", "population_2015": 1876.276130579325, "total_built_mass_tons": 1257455.6814600788, "city_id": 13020, "country_iso": "AUS"}]