[{"h3index": "87a81ec01ffffff", "population_2015": 7736.680154353147, "total_built_mass_tons": 1614551.2161711154, "city_id": 1283, "country_iso": "BRA"}, {"h3index": "87a81ec03ffffff", "population_2015": 383.2170615733838, "total_built_mass_tons": 133079.23420807312, "city_id": 1283, "country_iso": "BRA"}, {"h3index": "87a81ec08ffffff", "population_2015": 10016.089690496405, "total_built_mass_tons": 1676889.7346023123, "city_id": 1283, "country_iso": "BRA"}, {"h3index": "87a81ec09ffffff", "population_2015": 812.5895148632572, "total_built_mass_tons": 91690.10112650551, "city_id": 1283, "country_iso": "BRA"}, {"h3index": "87a81ec0affffff", "population_2015": 41.38413406914355, "total_built_mass_tons": 8667.727656481511, "city_id": 1283, "country_iso": "BRA"}, {"h3index": "87a81ec0cffffff", "population_2015": 14603.373154691217, "total_built_mass_tons": 2702458.0287588877, "city_id": 1283, "country_iso": "BRA"}, {"h3index": "87a81ec0dffffff", "population_2015": 5395.911892639424, "total_built_mass_tons": 1242542.3870675252, "city_id": 1283, "country_iso": "BRA"}, {"h3index": "87a81ec0effffff", "population_2015": 6994.76601854189, "total_built_mass_tons": 1290435.6394168003, "city_id": 1283, "country_iso": "BRA"}, {"h3index": "87a81ec2affffff", "population_2015": 8346.719412289065, "total_built_mass_tons": 992422.12831304, "city_id": 1283, "country_iso": "BRA"}, {"h3index": "87a81ec2bffffff", "population_2015": 313.39278585834825, "total_built_mass_tons": 133516.5255662885, "city_id": 1283, "country_iso": "BRA"}]