[{"h3index":"873c108a6ffffff","population_2015":661.6780156902,"total_built_mass_tons":165295.3124713263,"city_id":8606,"country_iso":"IND"},{"h3index":"873c108b4ffffff","population_2015":2.9343555974,"total_built_mass_tons":4425.2638549025,"city_id":8606,"country_iso":"IND"},{"h3index":"873c10998ffffff","population_2015":5164.3948326597,"total_built_mass_tons":564619.7465261066,"city_id":8606,"country_iso":"IND"},{"h3index":"873c1099bffffff","population_2015":539.5467186386,"total_built_mass_tons":121416.1300063336,"city_id":8606,"country_iso":"IND"}]