[{"h3index": "872f5948affffff", "population_2015": 1421.167928751777, "total_built_mass_tons": 646664.0269417742, "city_id": 12980, "country_iso": "JPN"}, {"h3index": "872f5948effffff", "population_2015": 154.39357800764196, "total_built_mass_tons": 73408.42006709219, "city_id": 12980, "country_iso": "JPN"}, {"h3index": "872f59498ffffff", "population_2015": 1805.9419729999463, "total_built_mass_tons": 1026894.207966552, "city_id": 12980, "country_iso": "JPN"}, {"h3index": "872f59499ffffff", "population_2015": 924.843655161764, "total_built_mass_tons": 523364.2407648873, "city_id": 12980, "country_iso": "JPN"}, {"h3index": "872f5949affffff", "population_2015": 4129.6550129516445, "total_built_mass_tons": 1415794.4714387553, "city_id": 12980, "country_iso": "JPN"}, {"h3index": "872f5949bffffff", "population_2015": 6803.7276460273615, "total_built_mass_tons": 1625483.1768146849, "city_id": 12980, "country_iso": "JPN"}, {"h3index": "872f5949dffffff", "population_2015": 3606.1118597404634, "total_built_mass_tons": 1275777.9124434146, "city_id": 12980, "country_iso": "JPN"}, {"h3index": "872f5b849ffffff", "population_2015": 155.4770388584511, "total_built_mass_tons": 80853.07080768171, "city_id": 12980, "country_iso": "JPN"}, {"h3index": "872f5b84dffffff", "population_2015": 730.3352247724346, "total_built_mass_tons": 149966.87561989907, "city_id": 12980, "country_iso": "JPN"}, {"h3index": "872f5b869ffffff", "population_2015": 389.0006767777835, "total_built_mass_tons": 191581.31359160392, "city_id": 12980, "country_iso": "JPN"}, {"h3index": "872f5b86dffffff", "population_2015": 33.46521233670851, "total_built_mass_tons": 19172.004711529346, "city_id": 12980, "country_iso": "JPN"}, {"h3index": "872f5bb00ffffff", "population_2015": 24917.491162386126, "total_built_mass_tons": 5586937.055579677, "city_id": 12980, "country_iso": "JPN"}, {"h3index": "872f5bb01ffffff", "population_2015": 9542.099804094729, "total_built_mass_tons": 2611223.2039135196, "city_id": 12980, "country_iso": "JPN"}, {"h3index": "872f5bb02ffffff", "population_2015": 6362.383993275962, "total_built_mass_tons": 1996678.423053088, "city_id": 12980, "country_iso": "JPN"}, {"h3index": "872f5bb03ffffff", "population_2015": 3620.8818627376186, "total_built_mass_tons": 1183281.0738312982, "city_id": 12980, "country_iso": "JPN"}, {"h3index": "872f5bb04ffffff", "population_2015": 12862.220388023528, "total_built_mass_tons": 2921440.366622998, "city_id": 12980, "country_iso": "JPN"}, {"h3index": "872f5bb05ffffff", "population_2015": 16801.36103214189, "total_built_mass_tons": 5089612.960360118, "city_id": 12980, "country_iso": "JPN"}, {"h3index": "872f5bb06ffffff", "population_2015": 17426.541061315344, "total_built_mass_tons": 6211547.111501975, "city_id": 12980, "country_iso": "JPN"}, {"h3index": "872f5bb08ffffff", "population_2015": 4467.715203161801, "total_built_mass_tons": 1202161.4820237448, "city_id": 12980, "country_iso": "JPN"}, {"h3index": "872f5bb0affffff", "population_2015": 2690.030960466348, "total_built_mass_tons": 1049528.584942025, "city_id": 12980, "country_iso": "JPN"}, {"h3index": "872f5bb0bffffff", "population_2015": 2680.6362402504565, "total_built_mass_tons": 1060921.151105706, "city_id": 12980, "country_iso": "JPN"}, {"h3index": "872f5bb0cffffff", "population_2015": 257.78931017108994, "total_built_mass_tons": 134077.17973249932, "city_id": 12980, "country_iso": "JPN"}, {"h3index": "872f5bb0effffff", "population_2015": 7043.953559600606, "total_built_mass_tons": 2290243.517435863, "city_id": 12980, "country_iso": "JPN"}, {"h3index": "872f5bb10ffffff", "population_2015": 3770.858045334908, "total_built_mass_tons": 2143292.7151796343, "city_id": 12980, "country_iso": "JPN"}, {"h3index": "872f5bb11ffffff", "population_2015": 1435.0610539604631, "total_built_mass_tons": 511651.822780391, "city_id": 12980, "country_iso": "JPN"}, {"h3index": "872f5bb12ffffff", "population_2015": 1483.7277619025283, "total_built_mass_tons": 809337.8910343448, "city_id": 12980, "country_iso": "JPN"}, {"h3index": "872f5bb14ffffff", "population_2015": 9897.948191070547, "total_built_mass_tons": 3603678.9720712015, "city_id": 12980, "country_iso": "JPN"}, {"h3index": "872f5bb15ffffff", "population_2015": 8780.514650152245, "total_built_mass_tons": 2880437.4211774627, "city_id": 12980, "country_iso": "JPN"}, {"h3index": "872f5bb16ffffff", "population_2015": 4346.409169228871, "total_built_mass_tons": 2223152.387168621, "city_id": 12980, "country_iso": "JPN"}, {"h3index": "872f5bb1cffffff", "population_2015": 220.7605744829365, "total_built_mass_tons": 46813.89045223255, "city_id": 12980, "country_iso": "JPN"}, {"h3index": "872f5bb1dffffff", "population_2015": 86.00285527098413, "total_built_mass_tons": 71636.49747863454, "city_id": 12980, "country_iso": "JPN"}, {"h3index": "872f5bb20ffffff", "population_2015": 4.393000135234758, "total_built_mass_tons": 1614.5570338583786, "city_id": 12980, "country_iso": "JPN"}, {"h3index": "872f5bb22ffffff", "population_2015": 4440.30566299476, "total_built_mass_tons": 1315205.955942189, "city_id": 12980, "country_iso": "JPN"}, {"h3index": "872f5bb23ffffff", "population_2015": 9808.82732401455, "total_built_mass_tons": 2503284.1723458944, "city_id": 12980, "country_iso": "JPN"}, {"h3index": "872f5bb26ffffff", "population_2015": 1085.3054528142895, "total_built_mass_tons": 560470.7899439572, "city_id": 12980, "country_iso": "JPN"}, {"h3index": "872f5bb2effffff", "population_2015": 499.2980963613472, "total_built_mass_tons": 178453.6569272927, "city_id": 12980, "country_iso": "JPN"}, {"h3index": "872f5bb30ffffff", "population_2015": 21190.07536839504, "total_built_mass_tons": 3280617.501938942, "city_id": 12980, "country_iso": "JPN"}, {"h3index": "872f5bb31ffffff", "population_2015": 17508.015001405456, "total_built_mass_tons": 3158473.198170581, "city_id": 12980, "country_iso": "JPN"}, {"h3index": "872f5bb32ffffff", "population_2015": 9167.728374909417, "total_built_mass_tons": 2874940.2106919773, "city_id": 12980, "country_iso": "JPN"}, {"h3index": "872f5bb33ffffff", "population_2015": 22020.72754832997, "total_built_mass_tons": 5657103.533705612, "city_id": 12980, "country_iso": "JPN"}, {"h3index": "872f5bb34ffffff", "population_2015": 8466.533801645392, "total_built_mass_tons": 1914571.134944893, "city_id": 12980, "country_iso": "JPN"}, {"h3index": "872f5bb35ffffff", "population_2015": 11069.919225546895, "total_built_mass_tons": 2201489.5992421736, "city_id": 12980, "country_iso": "JPN"}, {"h3index": "872f5bb36ffffff", "population_2015": 2282.9111741383863, "total_built_mass_tons": 839993.7553470203, "city_id": 12980, "country_iso": "JPN"}, {"h3index": "872f5bb50ffffff", "population_2015": 16.328770846011594, "total_built_mass_tons": 59233.406696559134, "city_id": 12980, "country_iso": "JPN"}, {"h3index": "872f5bb56ffffff", "population_2015": 1748.3422320870798, "total_built_mass_tons": 729878.7187602492, "city_id": 12980, "country_iso": "JPN"}, {"h3index": "872f5bba5ffffff", "population_2015": 295.8065152934953, "total_built_mass_tons": 254646.59527740596, "city_id": 12980, "country_iso": "JPN"}]