[{"h3index":"873d145a0ffffff","population_2015":209.8580481062,"total_built_mass_tons":37560.4188579111,"city_id":6659,"country_iso":"IND"},{"h3index":"873d145a4ffffff","population_2015":332.7674952189,"total_built_mass_tons":87188.3096781494,"city_id":6659,"country_iso":"IND"},{"h3index":"873d145a6ffffff","population_2015":4259.1116655425,"total_built_mass_tons":693979.4425208056,"city_id":6659,"country_iso":"IND"},{"h3index":"873d145b0ffffff","population_2015":3881.7178970748,"total_built_mass_tons":693811.8111787479,"city_id":6659,"country_iso":"IND"},{"h3index":"873d145b1ffffff","population_2015":12.5625706168,"total_built_mass_tons":5749.9133757368,"city_id":6659,"country_iso":"IND"},{"h3index":"873d145b3ffffff","population_2015":6.0463963901,"total_built_mass_tons":2214.1927570516,"city_id":6659,"country_iso":"IND"},{"h3index":"873d145b4ffffff","population_2015":15837.0244854684,"total_built_mass_tons":1704332.1668274417,"city_id":6659,"country_iso":"IND"},{"h3index":"873d145b5ffffff","population_2015":904.8796035991,"total_built_mass_tons":159614.0651341006,"city_id":6659,"country_iso":"IND"},{"h3index":"873d145b6ffffff","population_2015":649.9900899177,"total_built_mass_tons":149352.313748195,"city_id":6659,"country_iso":"IND"},{"h3index":"873d14c93ffffff","population_2015":174.001031842,"total_built_mass_tons":79008.8850396931,"city_id":6659,"country_iso":"IND"},{"h3index":"874249201ffffff","population_2015":68.474170079,"total_built_mass_tons":53222.4198111771,"city_id":6659,"country_iso":"IND"},{"h3index":"874249208ffffff","population_2015":1879.7726204536,"total_built_mass_tons":1387401.915293162,"city_id":6659,"country_iso":"IND"},{"h3index":"874249209ffffff","population_2015":13169.9367967493,"total_built_mass_tons":4526335.1180058932,"city_id":6659,"country_iso":"IND"},{"h3index":"87424920bffffff","population_2015":542.5512625133,"total_built_mass_tons":459738.283974949,"city_id":6659,"country_iso":"IND"},{"h3index":"87424920cffffff","population_2015":4162.8898537094,"total_built_mass_tons":2346758.5218616463,"city_id":6659,"country_iso":"IND"},{"h3index":"87424920dffffff","population_2015":14561.017255368,"total_built_mass_tons":4267600.0716782911,"city_id":6659,"country_iso":"IND"},{"h3index":"874249228ffffff","population_2015":3284.5722534741,"total_built_mass_tons":1583272.6021168684,"city_id":6659,"country_iso":"IND"},{"h3index":"874249229ffffff","population_2015":12609.0440499727,"total_built_mass_tons":3231406.7876874404,"city_id":6659,"country_iso":"IND"},{"h3index":"87424922affffff","population_2015":4916.5235263413,"total_built_mass_tons":1846874.5405043699,"city_id":6659,"country_iso":"IND"},{"h3index":"87424922bffffff","population_2015":14435.3165329316,"total_built_mass_tons":3969129.5063056946,"city_id":6659,"country_iso":"IND"},{"h3index":"87424922cffffff","population_2015":99.1387852949,"total_built_mass_tons":78633.5798700417,"city_id":6659,"country_iso":"IND"},{"h3index":"87424922dffffff","population_2015":2649.4673671648,"total_built_mass_tons":1644999.3859603989,"city_id":6659,"country_iso":"IND"},{"h3index":"874249240ffffff","population_2015":27829.1568067513,"total_built_mass_tons":3043288.8600226697,"city_id":6659,"country_iso":"IND"},{"h3index":"874249241ffffff","population_2015":3927.6743236579,"total_built_mass_tons":606779.9810247497,"city_id":6659,"country_iso":"IND"},{"h3index":"874249242ffffff","population_2015":61162.6798819598,"total_built_mass_tons":5477140.8649263512,"city_id":6659,"country_iso":"IND"},{"h3index":"874249243ffffff","population_2015":17230.9311783286,"total_built_mass_tons":1934593.4708813629,"city_id":6659,"country_iso":"IND"},{"h3index":"874249244ffffff","population_2015":40041.0206514246,"total_built_mass_tons":4340968.616768172,"city_id":6659,"country_iso":"IND"},{"h3index":"874249245ffffff","population_2015":963.7640848459,"total_built_mass_tons":251100.6177814727,"city_id":6659,"country_iso":"IND"},{"h3index":"874249246ffffff","population_2015":65885.5394867093,"total_built_mass_tons":5513933.3054974629,"city_id":6659,"country_iso":"IND"},{"h3index":"87424924affffff","population_2015":376.0953695783,"total_built_mass_tons":73274.4221291042,"city_id":6659,"country_iso":"IND"},{"h3index":"87424924effffff","population_2015":95.3861595378,"total_built_mass_tons":20410.59549112,"city_id":6659,"country_iso":"IND"},{"h3index":"874249250ffffff","population_2015":14493.7918290643,"total_built_mass_tons":4726753.7856079508,"city_id":6659,"country_iso":"IND"},{"h3index":"874249251ffffff","population_2015":63090.5806177251,"total_built_mass_tons":6161025.3088267781,"city_id":6659,"country_iso":"IND"},{"h3index":"874249252ffffff","population_2015":74.6608007094,"total_built_mass_tons":37352.7518113027,"city_id":6659,"country_iso":"IND"},{"h3index":"874249253ffffff","population_2015":9630.2379917538,"total_built_mass_tons":1779603.8367727827,"city_id":6659,"country_iso":"IND"},{"h3index":"874249254ffffff","population_2015":18399.8559552361,"total_built_mass_tons":5835767.7895392105,"city_id":6659,"country_iso":"IND"},{"h3index":"874249255ffffff","population_2015":40780.4492714826,"total_built_mass_tons":6052561.6489128005,"city_id":6659,"country_iso":"IND"},{"h3index":"874249256ffffff","population_2015":5825.6626590205,"total_built_mass_tons":2366758.6491701282,"city_id":6659,"country_iso":"IND"},{"h3index":"874249258ffffff","population_2015":8820.6978755614,"total_built_mass_tons":1056169.5128481933,"city_id":6659,"country_iso":"IND"},{"h3index":"874249259ffffff","population_2015":4176.2847846798,"total_built_mass_tons":712179.4649466166,"city_id":6659,"country_iso":"IND"},{"h3index":"87424925affffff","population_2015":8719.8187685686,"total_built_mass_tons":1228569.2471438977,"city_id":6659,"country_iso":"IND"},{"h3index":"87424925bffffff","population_2015":3436.6092630798,"total_built_mass_tons":598251.6662927996,"city_id":6659,"country_iso":"IND"},{"h3index":"87424925cffffff","population_2015":42728.8640474432,"total_built_mass_tons":4633720.6413890515,"city_id":6659,"country_iso":"IND"},{"h3index":"87424925dffffff","population_2015":4583.8230691349,"total_built_mass_tons":576654.9684212944,"city_id":6659,"country_iso":"IND"},{"h3index":"87424925effffff","population_2015":32164.516358499,"total_built_mass_tons":3310030.5195652642,"city_id":6659,"country_iso":"IND"},{"h3index":"874249260ffffff","population_2015":2845.9754318686,"total_built_mass_tons":549306.6325342503,"city_id":6659,"country_iso":"IND"},{"h3index":"874249261ffffff","population_2015":1805.4452470592,"total_built_mass_tons":424284.2866500347,"city_id":6659,"country_iso":"IND"},{"h3index":"874249262ffffff","population_2015":44808.397348172,"total_built_mass_tons":4231283.0134036709,"city_id":6659,"country_iso":"IND"},{"h3index":"874249263ffffff","population_2015":15639.8060943454,"total_built_mass_tons":2250212.1954020839,"city_id":6659,"country_iso":"IND"},{"h3index":"874249264ffffff","population_2015":90.6665174222,"total_built_mass_tons":19431.9295228514,"city_id":6659,"country_iso":"IND"},{"h3index":"874249266ffffff","population_2015":24229.6374528978,"total_built_mass_tons":3272107.3720209375,"city_id":6659,"country_iso":"IND"},{"h3index":"874249268ffffff","population_2015":25.1354380028,"total_built_mass_tons":17284.4710240659,"city_id":6659,"country_iso":"IND"},{"h3index":"874249269ffffff","population_2015":573.722979209,"total_built_mass_tons":145097.660692176,"city_id":6659,"country_iso":"IND"},{"h3index":"87424926cffffff","population_2015":473.3088321106,"total_built_mass_tons":135425.7493897272,"city_id":6659,"country_iso":"IND"},{"h3index":"87424926dffffff","population_2015":612.8361564748,"total_built_mass_tons":176525.6653517341,"city_id":6659,"country_iso":"IND"},{"h3index":"87424926effffff","population_2015":312.5032087532,"total_built_mass_tons":108945.3955635796,"city_id":6659,"country_iso":"IND"},{"h3index":"874249270ffffff","population_2015":71354.5367184657,"total_built_mass_tons":6075251.4286036268,"city_id":6659,"country_iso":"IND"},{"h3index":"874249271ffffff","population_2015":79865.8809338887,"total_built_mass_tons":7590000.2937569451,"city_id":6659,"country_iso":"IND"},{"h3index":"874249272ffffff","population_2015":48270.4308341755,"total_built_mass_tons":6354714.8754241895,"city_id":6659,"country_iso":"IND"},{"h3index":"874249273ffffff","population_2015":75903.4208739412,"total_built_mass_tons":7156684.7214194052,"city_id":6659,"country_iso":"IND"},{"h3index":"874249274ffffff","population_2015":69242.5505786522,"total_built_mass_tons":5298301.9223784357,"city_id":6659,"country_iso":"IND"},{"h3index":"874249275ffffff","population_2015":63807.2104678883,"total_built_mass_tons":5947135.9653228316,"city_id":6659,"country_iso":"IND"},{"h3index":"874249276ffffff","population_2015":27569.769805523,"total_built_mass_tons":4720452.1808035811,"city_id":6659,"country_iso":"IND"},{"h3index":"8742492e9ffffff","population_2015":1189.0470958037,"total_built_mass_tons":215858.4000049449,"city_id":6659,"country_iso":"IND"},{"h3index":"8742492edffffff","population_2015":2722.3928021824,"total_built_mass_tons":556366.9120774579,"city_id":6659,"country_iso":"IND"},{"h3index":"874249358ffffff","population_2015":29.7997454886,"total_built_mass_tons":22503.9437517332,"city_id":6659,"country_iso":"IND"},{"h3index":"874249359ffffff","population_2015":1060.6891782013,"total_built_mass_tons":642880.096099751,"city_id":6659,"country_iso":"IND"},{"h3index":"87424935affffff","population_2015":5410.40975592,"total_built_mass_tons":1929432.5655230323,"city_id":6659,"country_iso":"IND"},{"h3index":"87424935bffffff","population_2015":10393.5002625147,"total_built_mass_tons":3574742.1025442504,"city_id":6659,"country_iso":"IND"}]