[{"h3index":"871f8e020ffffff","population_2015":118.9634870193,"total_built_mass_tons":40265.1103106221,"city_id":2572,"country_iso":"CHE"},{"h3index":"871f8e021ffffff","population_2015":25.7513237,"total_built_mass_tons":15887.1376691912,"city_id":2572,"country_iso":"CHE"},{"h3index":"871f8e024ffffff","population_2015":5686.5960273556,"total_built_mass_tons":1568924.7800315891,"city_id":2572,"country_iso":"CHE"},{"h3index":"871f8e025ffffff","population_2015":11740.814646691,"total_built_mass_tons":3152074.4607083672,"city_id":2572,"country_iso":"CHE"},{"h3index":"871f8e026ffffff","population_2015":2399.3308339175,"total_built_mass_tons":852145.695023516,"city_id":2572,"country_iso":"CHE"},{"h3index":"871f8e109ffffff","population_2015":1349.4734794589,"total_built_mass_tons":474788.9001561016,"city_id":2572,"country_iso":"CHE"},{"h3index":"871f8e10bffffff","population_2015":491.1238231659,"total_built_mass_tons":76654.076236715,"city_id":2572,"country_iso":"CHE"},{"h3index":"871f8e118ffffff","population_2015":104.1398522059,"total_built_mass_tons":89338.7944190991,"city_id":2572,"country_iso":"CHE"},{"h3index":"871f8e119ffffff","population_2015":751.1792190795,"total_built_mass_tons":408518.1321203841,"city_id":2572,"country_iso":"CHE"},{"h3index":"871f8e11affffff","population_2015":1633.1176509782,"total_built_mass_tons":468655.6630144865,"city_id":2572,"country_iso":"CHE"},{"h3index":"871f8e11bffffff","population_2015":1822.1792761896,"total_built_mass_tons":808599.4697695592,"city_id":2572,"country_iso":"CHE"},{"h3index":"871f8e150ffffff","population_2015":161.1115784682,"total_built_mass_tons":145801.6472175376,"city_id":2572,"country_iso":"CHE"},{"h3index":"871f8e152ffffff","population_2015":1205.6236615349,"total_built_mass_tons":277406.6773526784,"city_id":2572,"country_iso":"CHE"},{"h3index":"871f8e154ffffff","population_2015":0.2947585723,"total_built_mass_tons":18958.1060756917,"city_id":2572,"country_iso":"CHE"},{"h3index":"871f8e156ffffff","population_2015":3424.426236781,"total_built_mass_tons":866078.4273774843,"city_id":2572,"country_iso":"CHE"}]