[{"h3index": "871e20b40ffffff", "population_2015": 2141.9044394044313, "total_built_mass_tons": 736218.4323609805, "city_id": 3085, "country_iso": "POL"}, {"h3index": "871e20b41ffffff", "population_2015": 17998.152799785847, "total_built_mass_tons": 5252787.883381488, "city_id": 3085, "country_iso": "POL"}, {"h3index": "871e20b42ffffff", "population_2015": 194.48406407692855, "total_built_mass_tons": 173650.0939748193, "city_id": 3085, "country_iso": "POL"}, {"h3index": "871e20b43ffffff", "population_2015": 16846.75310497284, "total_built_mass_tons": 4578872.659854238, "city_id": 3085, "country_iso": "POL"}, {"h3index": "871e20b45ffffff", "population_2015": 1206.673615102207, "total_built_mass_tons": 620702.8995180798, "city_id": 3085, "country_iso": "POL"}, {"h3index": "871e20b4affffff", "population_2015": 1569.0473160706315, "total_built_mass_tons": 676300.3889648049, "city_id": 3085, "country_iso": "POL"}, {"h3index": "871e20b4cffffff", "population_2015": 3234.673496756834, "total_built_mass_tons": 1210563.571804609, "city_id": 3085, "country_iso": "POL"}, {"h3index": "871e20b4effffff", "population_2015": 5887.803299781389, "total_built_mass_tons": 2069510.3921048013, "city_id": 3085, "country_iso": "POL"}, {"h3index": "871e20b59ffffff", "population_2015": 147.5129259502186, "total_built_mass_tons": 70205.6847608631, "city_id": 3085, "country_iso": "POL"}, {"h3index": "871e20b5cffffff", "population_2015": 858.9856419927933, "total_built_mass_tons": 359506.1630658918, "city_id": 3085, "country_iso": "POL"}, {"h3index": "871e20b5dffffff", "population_2015": 1391.3639658974666, "total_built_mass_tons": 601696.4769566136, "city_id": 3085, "country_iso": "POL"}, {"h3index": "871e20b6affffff", "population_2015": 5382.623476116331, "total_built_mass_tons": 1799837.1502656422, "city_id": 3085, "country_iso": "POL"}]