[{"h3index":"872db3102ffffff","population_2015":22.1876181677,"total_built_mass_tons":12096.4748504934,"city_id":4408,"country_iso":"JOR"},{"h3index":"872db3110ffffff","population_2015":354.8325802672,"total_built_mass_tons":126677.0659093354,"city_id":4408,"country_iso":"JOR"},{"h3index":"872db3111ffffff","population_2015":57.751440439,"total_built_mass_tons":46915.7428490916,"city_id":4408,"country_iso":"JOR"},{"h3index":"872db3114ffffff","population_2015":4128.1532478856,"total_built_mass_tons":1454341.8047944428,"city_id":4408,"country_iso":"JOR"},{"h3index":"872db3115ffffff","population_2015":1988.4557366932,"total_built_mass_tons":948802.1820492048,"city_id":4408,"country_iso":"JOR"},{"h3index":"872db3116ffffff","population_2015":4987.8832598107,"total_built_mass_tons":727607.3135208365,"city_id":4408,"country_iso":"JOR"},{"h3index":"872db3133ffffff","population_2015":814.1815433783,"total_built_mass_tons":346565.6496954692,"city_id":4408,"country_iso":"JOR"},{"h3index":"872db31a0ffffff","population_2015":715.5323876138,"total_built_mass_tons":94612.8835324987,"city_id":4408,"country_iso":"JOR"},{"h3index":"872db31a4ffffff","population_2015":5070.5925233804,"total_built_mass_tons":789573.2687675286,"city_id":4408,"country_iso":"JOR"},{"h3index":"872db31a5ffffff","population_2015":88.4229529138,"total_built_mass_tons":24150.2593719259,"city_id":4408,"country_iso":"JOR"},{"h3index":"872db31a6ffffff","population_2015":191.7943889057,"total_built_mass_tons":66965.4911932524,"city_id":4408,"country_iso":"JOR"},{"h3index":"872db3c00ffffff","population_2015":31626.5911331775,"total_built_mass_tons":5446174.1358988788,"city_id":4408,"country_iso":"JOR"},{"h3index":"872db3c01ffffff","population_2015":61993.1652831283,"total_built_mass_tons":7984526.1339397477,"city_id":4408,"country_iso":"JOR"},{"h3index":"872db3c02ffffff","population_2015":15614.0553816739,"total_built_mass_tons":4045935.5762812658,"city_id":4408,"country_iso":"JOR"},{"h3index":"872db3c03ffffff","population_2015":49572.2931596644,"total_built_mass_tons":4852247.0394036751,"city_id":4408,"country_iso":"JOR"},{"h3index":"872db3c04ffffff","population_2015":4587.3774076387,"total_built_mass_tons":1084126.5065964812,"city_id":4408,"country_iso":"JOR"},{"h3index":"872db3c05ffffff","population_2015":44515.8310468711,"total_built_mass_tons":5916475.6522203479,"city_id":4408,"country_iso":"JOR"},{"h3index":"872db3c06ffffff","population_2015":9418.5355864057,"total_built_mass_tons":3263364.4067548593,"city_id":4408,"country_iso":"JOR"},{"h3index":"872db3c08ffffff","population_2015":56173.5640686634,"total_built_mass_tons":6259542.0873326333,"city_id":4408,"country_iso":"JOR"},{"h3index":"872db3c09ffffff","population_2015":42293.4812709584,"total_built_mass_tons":4371692.2954926891,"city_id":4408,"country_iso":"JOR"},{"h3index":"872db3c0affffff","population_2015":26537.2201177784,"total_built_mass_tons":3926052.0946554327,"city_id":4408,"country_iso":"JOR"},{"h3index":"872db3c0bffffff","population_2015":34482.0958117616,"total_built_mass_tons":4406385.1826284342,"city_id":4408,"country_iso":"JOR"},{"h3index":"872db3c0cffffff","population_2015":64159.0826045915,"total_built_mass_tons":7626798.8675331101,"city_id":4408,"country_iso":"JOR"},{"h3index":"872db3c0dffffff","population_2015":56889.2148401448,"total_built_mass_tons":4623015.8242310397,"city_id":4408,"country_iso":"JOR"},{"h3index":"872db3c0effffff","population_2015":63332.3590325599,"total_built_mass_tons":6983621.5821138136,"city_id":4408,"country_iso":"JOR"},{"h3index":"872db3c10ffffff","population_2015":1589.2438921199,"total_built_mass_tons":569609.4713019632,"city_id":4408,"country_iso":"JOR"},{"h3index":"872db3c11ffffff","population_2015":9541.4808997173,"total_built_mass_tons":3437714.7756322902,"city_id":4408,"country_iso":"JOR"},{"h3index":"872db3c12ffffff","population_2015":1252.8520310739,"total_built_mass_tons":571147.4935396611,"city_id":4408,"country_iso":"JOR"},{"h3index":"872db3c13ffffff","population_2015":8657.0777410021,"total_built_mass_tons":2887030.376407241,"city_id":4408,"country_iso":"JOR"},{"h3index":"872db3c14ffffff","population_2015":59.8071781719,"total_built_mass_tons":21030.1114078347,"city_id":4408,"country_iso":"JOR"},{"h3index":"872db3c15ffffff","population_2015":2973.0150565596,"total_built_mass_tons":991282.4037082554,"city_id":4408,"country_iso":"JOR"},{"h3index":"872db3c18ffffff","population_2015":15642.3156627505,"total_built_mass_tons":4608544.353587795,"city_id":4408,"country_iso":"JOR"},{"h3index":"872db3c19ffffff","population_2015":11370.2413446389,"total_built_mass_tons":2329962.4282253105,"city_id":4408,"country_iso":"JOR"},{"h3index":"872db3c1affffff","population_2015":8251.5738930197,"total_built_mass_tons":1984583.6265568072,"city_id":4408,"country_iso":"JOR"},{"h3index":"872db3c1bffffff","population_2015":10799.8715201322,"total_built_mass_tons":2613010.4342095722,"city_id":4408,"country_iso":"JOR"},{"h3index":"872db3c1cffffff","population_2015":19444.6161917892,"total_built_mass_tons":3677933.0206717863,"city_id":4408,"country_iso":"JOR"},{"h3index":"872db3c1dffffff","population_2015":26325.7923871583,"total_built_mass_tons":5090728.1726964172,"city_id":4408,"country_iso":"JOR"},{"h3index":"872db3c1effffff","population_2015":7744.8862739488,"total_built_mass_tons":1717975.6948250362,"city_id":4408,"country_iso":"JOR"},{"h3index":"872db3c20ffffff","population_2015":19075.5351913714,"total_built_mass_tons":5505441.3533903332,"city_id":4408,"country_iso":"JOR"},{"h3index":"872db3c21ffffff","population_2015":22798.8251153759,"total_built_mass_tons":6672005.3701757761,"city_id":4408,"country_iso":"JOR"},{"h3index":"872db3c22ffffff","population_2015":4721.0854588658,"total_built_mass_tons":934314.3883141304,"city_id":4408,"country_iso":"JOR"},{"h3index":"872db3c23ffffff","population_2015":23562.8690703897,"total_built_mass_tons":6461107.7878781185,"city_id":4408,"country_iso":"JOR"},{"h3index":"872db3c24ffffff","population_2015":1886.6808282366,"total_built_mass_tons":820309.8593352977,"city_id":4408,"country_iso":"JOR"},{"h3index":"872db3c25ffffff","population_2015":8519.3129086513,"total_built_mass_tons":1962659.7524823181,"city_id":4408,"country_iso":"JOR"},{"h3index":"872db3c26ffffff","population_2015":1729.9735486816,"total_built_mass_tons":630925.3521021351,"city_id":4408,"country_iso":"JOR"},{"h3index":"872db3c28ffffff","population_2015":37437.2196242089,"total_built_mass_tons":7641470.3504117578,"city_id":4408,"country_iso":"JOR"},{"h3index":"872db3c29ffffff","population_2015":7603.8830888973,"total_built_mass_tons":1778066.4415064394,"city_id":4408,"country_iso":"JOR"},{"h3index":"872db3c2affffff","population_2015":66844.7366231881,"total_built_mass_tons":9330192.7392962016,"city_id":4408,"country_iso":"JOR"},{"h3index":"872db3c2bffffff","population_2015":67837.6220045352,"total_built_mass_tons":6007517.1709569059,"city_id":4408,"country_iso":"JOR"},{"h3index":"872db3c2cffffff","population_2015":22730.3955147463,"total_built_mass_tons":7578014.7693678206,"city_id":4408,"country_iso":"JOR"},{"h3index":"872db3c2dffffff","population_2015":15465.3519868701,"total_built_mass_tons":4093037.0788126569,"city_id":4408,"country_iso":"JOR"},{"h3index":"872db3c2effffff","population_2015":37299.5381827934,"total_built_mass_tons":8792889.0747860689,"city_id":4408,"country_iso":"JOR"},{"h3index":"872db3c30ffffff","population_2015":8481.1341933007,"total_built_mass_tons":2142877.5798945352,"city_id":4408,"country_iso":"JOR"},{"h3index":"872db3c31ffffff","population_2015":10403.1754194821,"total_built_mass_tons":2562870.7024577251,"city_id":4408,"country_iso":"JOR"},{"h3index":"872db3c32ffffff","population_2015":452.1599005886,"total_built_mass_tons":147458.4574497439,"city_id":4408,"country_iso":"JOR"},{"h3index":"872db3c33ffffff","population_2015":9433.5728933484,"total_built_mass_tons":2411250.0815805402,"city_id":4408,"country_iso":"JOR"},{"h3index":"872db3c34ffffff","population_2015":72.1618448856,"total_built_mass_tons":16291.5779858223,"city_id":4408,"country_iso":"JOR"},{"h3index":"872db3c35ffffff","population_2015":1186.1419937732,"total_built_mass_tons":319470.353326414,"city_id":4408,"country_iso":"JOR"},{"h3index":"872db3c36ffffff","population_2015":3829.152601573,"total_built_mass_tons":1606832.0896852871,"city_id":4408,"country_iso":"JOR"},{"h3index":"872db3c40ffffff","population_2015":168.8447980245,"total_built_mass_tons":143807.0706668561,"city_id":4408,"country_iso":"JOR"},{"h3index":"872db3c41ffffff","population_2015":2631.2278033687,"total_built_mass_tons":514139.4192815403,"city_id":4408,"country_iso":"JOR"},{"h3index":"872db3c42ffffff","population_2015":46175.4109227349,"total_built_mass_tons":3429964.4184850645,"city_id":4408,"country_iso":"JOR"},{"h3index":"872db3c43ffffff","population_2015":7519.717726801,"total_built_mass_tons":866762.4696657488,"city_id":4408,"country_iso":"JOR"},{"h3index":"872db3c46ffffff","population_2015":4486.8749705446,"total_built_mass_tons":432244.6824628226,"city_id":4408,"country_iso":"JOR"},{"h3index":"872db3c48ffffff","population_2015":19021.4918925416,"total_built_mass_tons":2387770.1030554818,"city_id":4408,"country_iso":"JOR"},{"h3index":"872db3c49ffffff","population_2015":8768.3673943538,"total_built_mass_tons":1316176.3049247763,"city_id":4408,"country_iso":"JOR"},{"h3index":"872db3c4affffff","population_2015":33018.220654237,"total_built_mass_tons":4957413.988429388,"city_id":4408,"country_iso":"JOR"},{"h3index":"872db3c4bffffff","population_2015":19760.6809794258,"total_built_mass_tons":2981043.6852732869,"city_id":4408,"country_iso":"JOR"},{"h3index":"872db3c4cffffff","population_2015":85.8775262795,"total_built_mass_tons":41940.5382122378,"city_id":4408,"country_iso":"JOR"},{"h3index":"872db3c4effffff","population_2015":16127.5500875959,"total_built_mass_tons":2470443.1128620189,"city_id":4408,"country_iso":"JOR"},{"h3index":"872db3c50ffffff","population_2015":39171.4004930833,"total_built_mass_tons":2325380.0290125636,"city_id":4408,"country_iso":"JOR"},{"h3index":"872db3c51ffffff","population_2015":41981.9640260135,"total_built_mass_tons":2314686.3468466285,"city_id":4408,"country_iso":"JOR"},{"h3index":"872db3c52ffffff","population_2015":2850.3795994534,"total_built_mass_tons":317881.6969116124,"city_id":4408,"country_iso":"JOR"},{"h3index":"872db3c53ffffff","population_2015":7129.3236684949,"total_built_mass_tons":755948.3003088755,"city_id":4408,"country_iso":"JOR"},{"h3index":"872db3c54ffffff","population_2015":46123.6370453928,"total_built_mass_tons":4390318.8642998096,"city_id":4408,"country_iso":"JOR"},{"h3index":"872db3c55ffffff","population_2015":53196.4298977123,"total_built_mass_tons":3733498.61099956,"city_id":4408,"country_iso":"JOR"},{"h3index":"872db3c56ffffff","population_2015":22326.8618120979,"total_built_mass_tons":1886300.2367852861,"city_id":4408,"country_iso":"JOR"},{"h3index":"872db3c58ffffff","population_2015":28610.347068551,"total_built_mass_tons":2804632.6221176973,"city_id":4408,"country_iso":"JOR"},{"h3index":"872db3c59ffffff","population_2015":18432.9446530174,"total_built_mass_tons":2257980.2747259117,"city_id":4408,"country_iso":"JOR"},{"h3index":"872db3c5affffff","population_2015":1671.9815032286,"total_built_mass_tons":298887.9193525018,"city_id":4408,"country_iso":"JOR"},{"h3index":"872db3c5bffffff","population_2015":2380.0260289286,"total_built_mass_tons":284498.9639671434,"city_id":4408,"country_iso":"JOR"},{"h3index":"872db3c5cffffff","population_2015":62033.2135395125,"total_built_mass_tons":4010956.0796133783,"city_id":4408,"country_iso":"JOR"},{"h3index":"872db3c5dffffff","population_2015":23279.6519944509,"total_built_mass_tons":2347119.2015746869,"city_id":4408,"country_iso":"JOR"},{"h3index":"872db3c5effffff","population_2015":6148.6547500367,"total_built_mass_tons":543618.665314047,"city_id":4408,"country_iso":"JOR"},{"h3index":"872db3c70ffffff","population_2015":7247.8048090093,"total_built_mass_tons":907231.4586617892,"city_id":4408,"country_iso":"JOR"},{"h3index":"872db3c72ffffff","population_2015":31755.1846688065,"total_built_mass_tons":3170099.1781922961,"city_id":4408,"country_iso":"JOR"},{"h3index":"872db3c73ffffff","population_2015":1209.056162722,"total_built_mass_tons":169440.3216242484,"city_id":4408,"country_iso":"JOR"},{"h3index":"872db3c74ffffff","population_2015":820.5339986427,"total_built_mass_tons":194405.8825664001,"city_id":4408,"country_iso":"JOR"},{"h3index":"872db3c76ffffff","population_2015":30368.0393759036,"total_built_mass_tons":4688834.7920205342,"city_id":4408,"country_iso":"JOR"},{"h3index":"872db3ca9ffffff","population_2015":82.9683482937,"total_built_mass_tons":43406.2017944599,"city_id":4408,"country_iso":"JOR"},{"h3index":"872db3cabffffff","population_2015":52.8954492999,"total_built_mass_tons":29656.4244465924,"city_id":4408,"country_iso":"JOR"},{"h3index":"872db3cacffffff","population_2015":415.0424389839,"total_built_mass_tons":190726.9343064286,"city_id":4408,"country_iso":"JOR"},{"h3index":"872db3cadffffff","population_2015":995.8605266085,"total_built_mass_tons":416463.1920446118,"city_id":4408,"country_iso":"JOR"},{"h3index":"872db3ce2ffffff","population_2015":3.5288409065,"total_built_mass_tons":19277.5427355412,"city_id":4408,"country_iso":"JOR"},{"h3index":"872db3ce4ffffff","population_2015":2956.4511562796,"total_built_mass_tons":668276.4815567529,"city_id":4408,"country_iso":"JOR"},{"h3index":"872db3ce5ffffff","population_2015":5130.4826681474,"total_built_mass_tons":465428.103100883,"city_id":4408,"country_iso":"JOR"},{"h3index":"872db3ce6ffffff","population_2015":414.931348752,"total_built_mass_tons":158228.3954935751,"city_id":4408,"country_iso":"JOR"},{"h3index":"872db3cecffffff","population_2015":309.5122917138,"total_built_mass_tons":117965.1169864593,"city_id":4408,"country_iso":"JOR"},{"h3index":"872db3cf0ffffff","population_2015":1782.5053671706,"total_built_mass_tons":545667.7835873322,"city_id":4408,"country_iso":"JOR"},{"h3index":"872db3cf1ffffff","population_2015":1018.2436669331,"total_built_mass_tons":360796.1711269003,"city_id":4408,"country_iso":"JOR"},{"h3index":"872db3cf4ffffff","population_2015":12108.7700338588,"total_built_mass_tons":3171933.9670239617,"city_id":4408,"country_iso":"JOR"},{"h3index":"872db3cf5ffffff","population_2015":4087.1442599465,"total_built_mass_tons":1109443.6235632347,"city_id":4408,"country_iso":"JOR"},{"h3index":"872db3cf6ffffff","population_2015":6301.8777397642,"total_built_mass_tons":2022430.4047537907,"city_id":4408,"country_iso":"JOR"},{"h3index":"872db3d0bffffff","population_2015":24.0386385936,"total_built_mass_tons":6363.4273413115,"city_id":4408,"country_iso":"JOR"},{"h3index":"872db3d40ffffff","population_2015":4557.7650633064,"total_built_mass_tons":1115109.8166679114,"city_id":4408,"country_iso":"JOR"},{"h3index":"872db3d41ffffff","population_2015":1242.3056393866,"total_built_mass_tons":196287.7340888676,"city_id":4408,"country_iso":"JOR"},{"h3index":"872db3d42ffffff","population_2015":12723.8294118208,"total_built_mass_tons":2794483.4786814875,"city_id":4408,"country_iso":"JOR"},{"h3index":"872db3d43ffffff","population_2015":7272.3985490313,"total_built_mass_tons":1996129.7365706365,"city_id":4408,"country_iso":"JOR"},{"h3index":"872db3d45ffffff","population_2015":26.7052853229,"total_built_mass_tons":7082.3144556244,"city_id":4408,"country_iso":"JOR"},{"h3index":"872db3d46ffffff","population_2015":2444.3443896574,"total_built_mass_tons":557770.8964269413,"city_id":4408,"country_iso":"JOR"},{"h3index":"872db3d4effffff","population_2015":103.8206884347,"total_built_mass_tons":32031.4007811657,"city_id":4408,"country_iso":"JOR"},{"h3index":"872db3d50ffffff","population_2015":8452.4087621988,"total_built_mass_tons":1936121.5709464415,"city_id":4408,"country_iso":"JOR"},{"h3index":"872db3d51ffffff","population_2015":11486.9362320395,"total_built_mass_tons":3343576.4235995091,"city_id":4408,"country_iso":"JOR"},{"h3index":"872db3d52ffffff","population_2015":16538.2267671922,"total_built_mass_tons":3633356.6164355897,"city_id":4408,"country_iso":"JOR"},{"h3index":"872db3d53ffffff","population_2015":14424.4325030196,"total_built_mass_tons":4754524.9633938912,"city_id":4408,"country_iso":"JOR"},{"h3index":"872db3d54ffffff","population_2015":486.4923679314,"total_built_mass_tons":177752.9740430202,"city_id":4408,"country_iso":"JOR"},{"h3index":"872db3d55ffffff","population_2015":6427.0939013649,"total_built_mass_tons":1364847.0566076548,"city_id":4408,"country_iso":"JOR"},{"h3index":"872db3d56ffffff","population_2015":4271.9829175538,"total_built_mass_tons":964244.9690118238,"city_id":4408,"country_iso":"JOR"},{"h3index":"872db3d58ffffff","population_2015":8067.3097397337,"total_built_mass_tons":1849890.1332240936,"city_id":4408,"country_iso":"JOR"},{"h3index":"872db3d59ffffff","population_2015":1037.2936997021,"total_built_mass_tons":254162.3688612449,"city_id":4408,"country_iso":"JOR"},{"h3index":"872db3d5affffff","population_2015":5164.0773335812,"total_built_mass_tons":1219407.9310763287,"city_id":4408,"country_iso":"JOR"},{"h3index":"872db3d5bffffff","population_2015":3035.8523037181,"total_built_mass_tons":621036.2812909613,"city_id":4408,"country_iso":"JOR"},{"h3index":"872db3d5cffffff","population_2015":5854.1419037931,"total_built_mass_tons":1333378.2394629477,"city_id":4408,"country_iso":"JOR"},{"h3index":"872db3d5dffffff","population_2015":6946.546301176,"total_built_mass_tons":1312133.0594148815,"city_id":4408,"country_iso":"JOR"},{"h3index":"872db3d5effffff","population_2015":14192.927942478,"total_built_mass_tons":3864019.7061940171,"city_id":4408,"country_iso":"JOR"},{"h3index":"872db3d8dffffff","population_2015":540.1197211172,"total_built_mass_tons":228352.1413786134,"city_id":4408,"country_iso":"JOR"},{"h3index":"872db3da9ffffff","population_2015":3.8419864486,"total_built_mass_tons":2703.0046510833,"city_id":4408,"country_iso":"JOR"},{"h3index":"872db3dabffffff","population_2015":115.6581778732,"total_built_mass_tons":37780.803555748,"city_id":4408,"country_iso":"JOR"}]