[{"h3index":"873ca2400ffffff","population_2015":1144.3967974625,"total_built_mass_tons":264449.9581165802,"city_id":8578,"country_iso":"IND"},{"h3index":"873ca2401ffffff","population_2015":968.2565908208,"total_built_mass_tons":250702.1924119753,"city_id":8578,"country_iso":"IND"},{"h3index":"873ca2402ffffff","population_2015":106.7789580457,"total_built_mass_tons":72457.8031872871,"city_id":8578,"country_iso":"IND"},{"h3index":"873ca2403ffffff","population_2015":2181.3282707158,"total_built_mass_tons":353412.8657541706,"city_id":8578,"country_iso":"IND"},{"h3index":"873ca2404ffffff","population_2015":22.661980629,"total_built_mass_tons":2826.5324602387,"city_id":8578,"country_iso":"IND"},{"h3index":"873ca2408ffffff","population_2015":13627.7077993131,"total_built_mass_tons":957776.397260451,"city_id":8578,"country_iso":"IND"},{"h3index":"873ca2409ffffff","population_2015":378.5094136182,"total_built_mass_tons":36462.1599721105,"city_id":8578,"country_iso":"IND"},{"h3index":"873ca240affffff","population_2015":51896.7176563637,"total_built_mass_tons":3376141.5944992462,"city_id":8578,"country_iso":"IND"},{"h3index":"873ca240bffffff","population_2015":22895.0236572266,"total_built_mass_tons":1831641.4655413807,"city_id":8578,"country_iso":"IND"},{"h3index":"873ca240cffffff","population_2015":439.2367595112,"total_built_mass_tons":136145.4658435391,"city_id":8578,"country_iso":"IND"},{"h3index":"873ca240effffff","population_2015":16245.79314509,"total_built_mass_tons":1319125.0177045164,"city_id":8578,"country_iso":"IND"},{"h3index":"873ca2418ffffff","population_2015":3652.610650904,"total_built_mass_tons":405508.0735400952,"city_id":8578,"country_iso":"IND"},{"h3index":"873ca2419ffffff","population_2015":28666.3704291101,"total_built_mass_tons":2017014.3714412707,"city_id":8578,"country_iso":"IND"},{"h3index":"873ca241bffffff","population_2015":10041.5924058204,"total_built_mass_tons":1082734.0451620976,"city_id":8578,"country_iso":"IND"},{"h3index":"873ca241dffffff","population_2015":13619.0896779827,"total_built_mass_tons":1371112.9993496262,"city_id":8578,"country_iso":"IND"},{"h3index":"873ca242affffff","population_2015":75.8617553711,"total_built_mass_tons":23741.4109067889,"city_id":8578,"country_iso":"IND"},{"h3index":"873ca2452ffffff","population_2015":321.8952732236,"total_built_mass_tons":95533.5774005316,"city_id":8578,"country_iso":"IND"},{"h3index":"873ca2456ffffff","population_2015":834.6214084476,"total_built_mass_tons":94047.5968045886,"city_id":8578,"country_iso":"IND"},{"h3index":"873ca24c5ffffff","population_2015":4.7597977526,"total_built_mass_tons":7771.9637099478,"city_id":8578,"country_iso":"IND"},{"h3index":"873ca24e0ffffff","population_2015":24112.066883693,"total_built_mass_tons":2220692.431493653,"city_id":8578,"country_iso":"IND"},{"h3index":"873ca24e1ffffff","population_2015":3089.9030818939,"total_built_mass_tons":342005.1315366284,"city_id":8578,"country_iso":"IND"},{"h3index":"873ca24e2ffffff","population_2015":2.4282104492,"total_built_mass_tons":11935.7736778682,"city_id":8578,"country_iso":"IND"},{"h3index":"873ca24e3ffffff","population_2015":1007.1635197359,"total_built_mass_tons":139638.4624812066,"city_id":8578,"country_iso":"IND"},{"h3index":"873ca24e4ffffff","population_2015":43362.6815189137,"total_built_mass_tons":3227083.0895998329,"city_id":8578,"country_iso":"IND"},{"h3index":"873ca24e5ffffff","population_2015":9830.2350137075,"total_built_mass_tons":1028076.5304089676,"city_id":8578,"country_iso":"IND"},{"h3index":"873ca24e6ffffff","population_2015":11372.0375089907,"total_built_mass_tons":1066047.9135460076,"city_id":8578,"country_iso":"IND"},{"h3index":"873ca24f5ffffff","population_2015":785.9156821008,"total_built_mass_tons":129432.7224695663,"city_id":8578,"country_iso":"IND"}]