[{"h3index":"873d12610ffffff","population_2015":3576.8819102717,"total_built_mass_tons":404330.7985896398,"city_id":7048,"country_iso":"IND"},{"h3index":"873d12611ffffff","population_2015":347.3287126784,"total_built_mass_tons":102004.4873835367,"city_id":7048,"country_iso":"IND"},{"h3index":"873d12612ffffff","population_2015":614.5855203666,"total_built_mass_tons":181482.3840008585,"city_id":7048,"country_iso":"IND"},{"h3index":"873d12613ffffff","population_2015":16081.1990252439,"total_built_mass_tons":1407626.6369746202,"city_id":7048,"country_iso":"IND"},{"h3index":"873d126acffffff","population_2015":321.3295999153,"total_built_mass_tons":83420.6408505646,"city_id":7048,"country_iso":"IND"}]