[{"h3index":"8741a8440ffffff","population_2015":39631.8145222589,"total_built_mass_tons":5425501.6262853909,"city_id":12216,"country_iso":"CHN"},{"h3index":"8741a8441ffffff","population_2015":29146.2448909138,"total_built_mass_tons":5162111.4061690774,"city_id":12216,"country_iso":"CHN"},{"h3index":"8741a8442ffffff","population_2015":13024.6508530074,"total_built_mass_tons":1342309.3505854942,"city_id":12216,"country_iso":"CHN"},{"h3index":"8741a8443ffffff","population_2015":9006.0822995223,"total_built_mass_tons":1978758.3095624752,"city_id":12216,"country_iso":"CHN"},{"h3index":"8741a8444ffffff","population_2015":2802.3562997968,"total_built_mass_tons":414855.4136119041,"city_id":12216,"country_iso":"CHN"},{"h3index":"8741a8445ffffff","population_2015":3996.446213226,"total_built_mass_tons":584448.7794422655,"city_id":12216,"country_iso":"CHN"},{"h3index":"8741a8446ffffff","population_2015":662.6243025761,"total_built_mass_tons":111966.7168330124,"city_id":12216,"country_iso":"CHN"},{"h3index":"8741a844cffffff","population_2015":0.5713125341,"total_built_mass_tons":1369.1533553613,"city_id":12216,"country_iso":"CHN"},{"h3index":"8741a844effffff","population_2015":0.3908078811,"total_built_mass_tons":628.1078469455,"city_id":12216,"country_iso":"CHN"},{"h3index":"8741a8451ffffff","population_2015":303.5936735901,"total_built_mass_tons":82412.997797346,"city_id":12216,"country_iso":"CHN"},{"h3index":"8741a845cffffff","population_2015":134.7430631338,"total_built_mass_tons":39197.8154669828,"city_id":12216,"country_iso":"CHN"},{"h3index":"8741a846affffff","population_2015":7.2544502005,"total_built_mass_tons":46864.9748202957,"city_id":12216,"country_iso":"CHN"},{"h3index":"8741a8471ffffff","population_2015":0.6620138729,"total_built_mass_tons":82.1325303396,"city_id":12216,"country_iso":"CHN"}]