[{"h3index":"873cec108ffffff","population_2015":436.419318848,"total_built_mass_tons":141780.0198716676,"city_id":10017,"country_iso":"IND"},{"h3index":"873cec10affffff","population_2015":376.2290644515,"total_built_mass_tons":113060.5205230003,"city_id":10017,"country_iso":"IND"},{"h3index":"873cec10cffffff","population_2015":7.0176514551,"total_built_mass_tons":18346.2854153724,"city_id":10017,"country_iso":"IND"},{"h3index":"873cec10dffffff","population_2015":47.6060838699,"total_built_mass_tons":16952.9672541023,"city_id":10017,"country_iso":"IND"},{"h3index":"873cec10effffff","population_2015":833.1579467362,"total_built_mass_tons":232829.1286336158,"city_id":10017,"country_iso":"IND"}]