[{"h3index": "8726c1814ffffff", "population_2015": 451.9783009613262, "total_built_mass_tons": 319856.24282771174, "city_id": 356, "country_iso": "USA"}, {"h3index": "8726c1830ffffff", "population_2015": 3614.12823795805, "total_built_mass_tons": 2346451.347586079, "city_id": 356, "country_iso": "USA"}, {"h3index": "8726c1831ffffff", "population_2015": 809.1651442985909, "total_built_mass_tons": 478650.79188234254, "city_id": 356, "country_iso": "USA"}, {"h3index": "8726c1832ffffff", "population_2015": 5089.060184628297, "total_built_mass_tons": 3549655.496195436, "city_id": 356, "country_iso": "USA"}, {"h3index": "8726c1833ffffff", "population_2015": 3850.431485642639, "total_built_mass_tons": 1840904.9409377729, "city_id": 356, "country_iso": "USA"}, {"h3index": "8726c1834ffffff", "population_2015": 4500.6872774710555, "total_built_mass_tons": 2303490.6025704117, "city_id": 356, "country_iso": "USA"}, {"h3index": "8726c1835ffffff", "population_2015": 603.8248187974384, "total_built_mass_tons": 727762.599783838, "city_id": 356, "country_iso": "USA"}, {"h3index": "8726c1836ffffff", "population_2015": 6047.653386781553, "total_built_mass_tons": 3587896.202955148, "city_id": 356, "country_iso": "USA"}, {"h3index": "8726c191affffff", "population_2015": 1660.0076536026654, "total_built_mass_tons": 953048.4279516768, "city_id": 356, "country_iso": "USA"}, {"h3index": "8726c191bffffff", "population_2015": 2.723191481945561, "total_built_mass_tons": 8838.727474098458, "city_id": 356, "country_iso": "USA"}, {"h3index": "8726c1981ffffff", "population_2015": 1370.9245249692128, "total_built_mass_tons": 609244.1687777522, "city_id": 356, "country_iso": "USA"}, {"h3index": "8726c1988ffffff", "population_2015": 562.3024179462709, "total_built_mass_tons": 441796.7818473383, "city_id": 356, "country_iso": "USA"}, {"h3index": "8726c1989ffffff", "population_2015": 24.06978754272648, "total_built_mass_tons": 576809.7158435783, "city_id": 356, "country_iso": "USA"}, {"h3index": "8726c198cffffff", "population_2015": 6360.634958040602, "total_built_mass_tons": 2511867.4262266895, "city_id": 356, "country_iso": "USA"}, {"h3index": "8726c198dffffff", "population_2015": 5400.147547712746, "total_built_mass_tons": 2863303.2087946297, "city_id": 356, "country_iso": "USA"}, {"h3index": "8726c198effffff", "population_2015": 2377.2906639328185, "total_built_mass_tons": 901403.8787462584, "city_id": 356, "country_iso": "USA"}, {"h3index": "8726c19a8ffffff", "population_2015": 2600.429007503331, "total_built_mass_tons": 1289379.3325051744, "city_id": 356, "country_iso": "USA"}, {"h3index": "8726c19a9ffffff", "population_2015": 7340.617925219443, "total_built_mass_tons": 3292379.3532644124, "city_id": 356, "country_iso": "USA"}, {"h3index": "8726c19aaffffff", "population_2015": 1937.905334401145, "total_built_mass_tons": 874395.9151187455, "city_id": 356, "country_iso": "USA"}, {"h3index": "8726c19abffffff", "population_2015": 6632.576462338604, "total_built_mass_tons": 3219678.3043415905, "city_id": 356, "country_iso": "USA"}, {"h3index": "8726c19adffffff", "population_2015": 809.8876831454387, "total_built_mass_tons": 425625.760881312, "city_id": 356, "country_iso": "USA"}]