[{"h3index":"87400bb90ffffff","population_2015":20873.7191761653,"total_built_mass_tons":2908162.6689174059,"city_id":10568,"country_iso":"CHN"},{"h3index":"87400bb91ffffff","population_2015":572.6527066586,"total_built_mass_tons":211536.8776099757,"city_id":10568,"country_iso":"CHN"},{"h3index":"87400bb92ffffff","population_2015":0.6038785168,"total_built_mass_tons":1158.949664925,"city_id":10568,"country_iso":"CHN"},{"h3index":"87400bb95ffffff","population_2015":512.4341978784,"total_built_mass_tons":57392.0087557142,"city_id":10568,"country_iso":"CHN"},{"h3index":"87400bb96ffffff","population_2015":76.625210691,"total_built_mass_tons":27764.689419001,"city_id":10568,"country_iso":"CHN"}]