[{"h3index": "8724d2400ffffff", "population_2015": 68.51495741862877, "total_built_mass_tons": 44658.84426705736, "city_id": 10123, "country_iso": "CHN"}, {"h3index": "8724d2401ffffff", "population_2015": 220.57684889400704, "total_built_mass_tons": 104024.71815827566, "city_id": 10123, "country_iso": "CHN"}, {"h3index": "8724d2402ffffff", "population_2015": 1851.438834684035, "total_built_mass_tons": 479378.02519030415, "city_id": 10123, "country_iso": "CHN"}, {"h3index": "8724d2403ffffff", "population_2015": 2817.948151183596, "total_built_mass_tons": 676215.5959870416, "city_id": 10123, "country_iso": "CHN"}, {"h3index": "8724d2410ffffff", "population_2015": 49590.09557412092, "total_built_mass_tons": 4263823.841668548, "city_id": 10123, "country_iso": "CHN"}, {"h3index": "8724d2411ffffff", "population_2015": 21453.108245572857, "total_built_mass_tons": 5400746.8792836545, "city_id": 10123, "country_iso": "CHN"}, {"h3index": "8724d2412ffffff", "population_2015": 3760.143002351125, "total_built_mass_tons": 1225398.8448588932, "city_id": 10123, "country_iso": "CHN"}, {"h3index": "8724d2413ffffff", "population_2015": 12583.014013282927, "total_built_mass_tons": 3566893.1325781625, "city_id": 10123, "country_iso": "CHN"}, {"h3index": "8724d2415ffffff", "population_2015": 26900.58295359892, "total_built_mass_tons": 1566957.8151357593, "city_id": 10123, "country_iso": "CHN"}, {"h3index": "8724d2416ffffff", "population_2015": 321.4510104721668, "total_built_mass_tons": 90542.25745178008, "city_id": 10123, "country_iso": "CHN"}, {"h3index": "8724d241cffffff", "population_2015": 4532.505100641064, "total_built_mass_tons": 1063758.2188656875, "city_id": 10123, "country_iso": "CHN"}, {"h3index": "8724d241effffff", "population_2015": 2633.591856084151, "total_built_mass_tons": 977189.146596971, "city_id": 10123, "country_iso": "CHN"}, {"h3index": "8724d24a1ffffff", "population_2015": 7.802312735950245, "total_built_mass_tons": 14267.821644999276, "city_id": 10123, "country_iso": "CHN"}, {"h3index": "8724d24a5ffffff", "population_2015": 175.21207207604948, "total_built_mass_tons": 122745.0675605467, "city_id": 10123, "country_iso": "CHN"}, {"h3index": "8724d24acffffff", "population_2015": 134.78474806710784, "total_built_mass_tons": 94837.67113029734, "city_id": 10123, "country_iso": "CHN"}]