[{"h3index":"87406b0d0ffffff","population_2015":8677.251420986,"total_built_mass_tons":3767821.1722900202,"city_id":10196,"country_iso":"CHN"},{"h3index":"87406b0d1ffffff","population_2015":14283.4544728915,"total_built_mass_tons":4345342.4018136961,"city_id":10196,"country_iso":"CHN"},{"h3index":"87406b0d2ffffff","population_2015":3663.6947491365,"total_built_mass_tons":1226859.113114896,"city_id":10196,"country_iso":"CHN"},{"h3index":"87406b0d3ffffff","population_2015":10003.7093021972,"total_built_mass_tons":4332119.6674877917,"city_id":10196,"country_iso":"CHN"},{"h3index":"87406b0d5ffffff","population_2015":4546.7218303119,"total_built_mass_tons":1271424.152147132,"city_id":10196,"country_iso":"CHN"},{"h3index":"87406b0d8ffffff","population_2015":2167.1773433611,"total_built_mass_tons":1729993.3289491776,"city_id":10196,"country_iso":"CHN"},{"h3index":"87406b0daffffff","population_2015":11865.8619006363,"total_built_mass_tons":6723595.6490509585,"city_id":10196,"country_iso":"CHN"},{"h3index":"87406b0dbffffff","population_2015":225.1369625129,"total_built_mass_tons":189563.1723641032,"city_id":10196,"country_iso":"CHN"},{"h3index":"87406b0dcffffff","population_2015":581.6683420742,"total_built_mass_tons":226078.1554965386,"city_id":10196,"country_iso":"CHN"},{"h3index":"87406b0deffffff","population_2015":15757.2434550874,"total_built_mass_tons":9111600.4465047624,"city_id":10196,"country_iso":"CHN"},{"h3index":"87406b728ffffff","population_2015":143.8700404691,"total_built_mass_tons":77999.3853011933,"city_id":10196,"country_iso":"CHN"},{"h3index":"87406b729ffffff","population_2015":179.9118832027,"total_built_mass_tons":123976.0326937614,"city_id":10196,"country_iso":"CHN"},{"h3index":"87406b72cffffff","population_2015":4592.9950120178,"total_built_mass_tons":1835236.8309868779,"city_id":10196,"country_iso":"CHN"},{"h3index":"87406b72dffffff","population_2015":9453.1364238028,"total_built_mass_tons":4970488.3383669443,"city_id":10196,"country_iso":"CHN"},{"h3index":"87406b774ffffff","population_2015":0.1605638841,"total_built_mass_tons":2435.0514382703,"city_id":10196,"country_iso":"CHN"}]