[{"h3index": "872d73400ffffff", "population_2015": 1815.238159536847, "total_built_mass_tons": 722886.375641577, "city_id": 4306, "country_iso": "RUS"}, {"h3index": "872d73401ffffff", "population_2015": 10399.770990435283, "total_built_mass_tons": 3588684.3638136815, "city_id": 4306, "country_iso": "RUS"}, {"h3index": "872d73403ffffff", "population_2015": 38.43574563942703, "total_built_mass_tons": 26313.9186595854, "city_id": 4306, "country_iso": "RUS"}, {"h3index": "872d73404ffffff", "population_2015": 844.0883434389153, "total_built_mass_tons": 334296.68587727105, "city_id": 4306, "country_iso": "RUS"}, {"h3index": "872d73405ffffff", "population_2015": 17472.291160622768, "total_built_mass_tons": 4335304.442650907, "city_id": 4306, "country_iso": "RUS"}, {"h3index": "872d7340cffffff", "population_2015": 13346.971482611632, "total_built_mass_tons": 3889947.669247522, "city_id": 4306, "country_iso": "RUS"}, {"h3index": "872d7340dffffff", "population_2015": 4104.099945326412, "total_built_mass_tons": 1509937.2515673242, "city_id": 4306, "country_iso": "RUS"}, {"h3index": "872d7340effffff", "population_2015": 849.4158547438826, "total_built_mass_tons": 357728.06872171845, "city_id": 4306, "country_iso": "RUS"}, {"h3index": "872d73420ffffff", "population_2015": 27227.352029437643, "total_built_mass_tons": 7157422.730018089, "city_id": 4306, "country_iso": "RUS"}, {"h3index": "872d73421ffffff", "population_2015": 18178.666862811293, "total_built_mass_tons": 4816919.838288927, "city_id": 4306, "country_iso": "RUS"}, {"h3index": "872d73422ffffff", "population_2015": 12770.801996397506, "total_built_mass_tons": 3712761.382877837, "city_id": 4306, "country_iso": "RUS"}, {"h3index": "872d73423ffffff", "population_2015": 20270.931849782603, "total_built_mass_tons": 5616589.09291238, "city_id": 4306, "country_iso": "RUS"}, {"h3index": "872d73424ffffff", "population_2015": 27118.49626608082, "total_built_mass_tons": 8566237.656762516, "city_id": 4306, "country_iso": "RUS"}, {"h3index": "872d73425ffffff", "population_2015": 24792.60865174462, "total_built_mass_tons": 6110935.7660484165, "city_id": 4306, "country_iso": "RUS"}, {"h3index": "872d73426ffffff", "population_2015": 12191.266126240467, "total_built_mass_tons": 4182257.948941946, "city_id": 4306, "country_iso": "RUS"}, {"h3index": "872d73428ffffff", "population_2015": 4062.033627277262, "total_built_mass_tons": 2174096.984335785, "city_id": 4306, "country_iso": "RUS"}, {"h3index": "872d73429ffffff", "population_2015": 69.9094832270753, "total_built_mass_tons": 70534.15067482281, "city_id": 4306, "country_iso": "RUS"}, {"h3index": "872d7342affffff", "population_2015": 20983.169256019595, "total_built_mass_tons": 5360669.660204554, "city_id": 4306, "country_iso": "RUS"}, {"h3index": "872d7342bffffff", "population_2015": 9663.649396797256, "total_built_mass_tons": 3964332.57283008, "city_id": 4306, "country_iso": "RUS"}, {"h3index": "872d7342cffffff", "population_2015": 1610.097723565382, "total_built_mass_tons": 1466780.7643378726, "city_id": 4306, "country_iso": "RUS"}, {"h3index": "872d7342effffff", "population_2015": 20621.9327345736, "total_built_mass_tons": 4185936.053661915, "city_id": 4306, "country_iso": "RUS"}, {"h3index": "872d73435ffffff", "population_2015": 29.256677778561908, "total_built_mass_tons": 43733.61325603846, "city_id": 4306, "country_iso": "RUS"}, {"h3index": "872d73454ffffff", "population_2015": 207.64771938136985, "total_built_mass_tons": 74266.42963737101, "city_id": 4306, "country_iso": "RUS"}, {"h3index": "872d73472ffffff", "population_2015": 2288.545057665133, "total_built_mass_tons": 1432369.5156995922, "city_id": 4306, "country_iso": "RUS"}, {"h3index": "872d73473ffffff", "population_2015": 181.3282547146666, "total_built_mass_tons": 92025.72935731072, "city_id": 4306, "country_iso": "RUS"}, {"h3index": "872d73476ffffff", "population_2015": 2985.761358242409, "total_built_mass_tons": 1622440.1957145038, "city_id": 4306, "country_iso": "RUS"}, {"h3index": "872d73501ffffff", "population_2015": 640.9723109881083, "total_built_mass_tons": 213943.90008218505, "city_id": 4306, "country_iso": "RUS"}, {"h3index": "872d73503ffffff", "population_2015": 3377.3248972724464, "total_built_mass_tons": 1198525.937541904, "city_id": 4306, "country_iso": "RUS"}, {"h3index": "872d73508ffffff", "population_2015": 20254.382107940368, "total_built_mass_tons": 5508977.318708982, "city_id": 4306, "country_iso": "RUS"}, {"h3index": "872d73509ffffff", "population_2015": 11896.678025576648, "total_built_mass_tons": 5309885.49608464, "city_id": 4306, "country_iso": "RUS"}, {"h3index": "872d7350affffff", "population_2015": 15460.807924749332, "total_built_mass_tons": 5567933.56125598, "city_id": 4306, "country_iso": "RUS"}, {"h3index": "872d7350bffffff", "population_2015": 24588.490215884944, "total_built_mass_tons": 7936795.132396039, "city_id": 4306, "country_iso": "RUS"}, {"h3index": "872d7350cffffff", "population_2015": 9124.627466190568, "total_built_mass_tons": 3192381.4357948937, "city_id": 4306, "country_iso": "RUS"}, {"h3index": "872d7350dffffff", "population_2015": 4431.243349159932, "total_built_mass_tons": 1879219.2027174167, "city_id": 4306, "country_iso": "RUS"}, {"h3index": "872d7350effffff", "population_2015": 13832.671654722735, "total_built_mass_tons": 4400059.044368947, "city_id": 4306, "country_iso": "RUS"}, {"h3index": "872d73518ffffff", "population_2015": 4210.308035542917, "total_built_mass_tons": 2887353.5492321663, "city_id": 4306, "country_iso": "RUS"}, {"h3index": "872d73519ffffff", "population_2015": 18390.73529207192, "total_built_mass_tons": 6550139.70335746, "city_id": 4306, "country_iso": "RUS"}, {"h3index": "872d7351affffff", "population_2015": 2882.823939901707, "total_built_mass_tons": 1886835.4913345056, "city_id": 4306, "country_iso": "RUS"}, {"h3index": "872d7351bffffff", "population_2015": 3427.7164388277947, "total_built_mass_tons": 1612727.032964307, "city_id": 4306, "country_iso": "RUS"}, {"h3index": "872d7351dffffff", "population_2015": 1042.5229844130724, "total_built_mass_tons": 1188960.4344349792, "city_id": 4306, "country_iso": "RUS"}, {"h3index": "872d7351effffff", "population_2015": 1152.8178502166977, "total_built_mass_tons": 1022141.5305080736, "city_id": 4306, "country_iso": "RUS"}, {"h3index": "872d7352affffff", "population_2015": 903.6816221349376, "total_built_mass_tons": 409107.4231637514, "city_id": 4306, "country_iso": "RUS"}, {"h3index": "872d7352bffffff", "population_2015": 351.53715337585004, "total_built_mass_tons": 324719.7806540373, "city_id": 4306, "country_iso": "RUS"}, {"h3index": "872d73540ffffff", "population_2015": 4683.286167033514, "total_built_mass_tons": 2617978.273910703, "city_id": 4306, "country_iso": "RUS"}, {"h3index": "872d73541ffffff", "population_2015": 858.6357044285419, "total_built_mass_tons": 885543.3619409071, "city_id": 4306, "country_iso": "RUS"}, {"h3index": "872d73542ffffff", "population_2015": 7286.0601125231005, "total_built_mass_tons": 3354250.6601124695, "city_id": 4306, "country_iso": "RUS"}, {"h3index": "872d73543ffffff", "population_2015": 1970.650331744026, "total_built_mass_tons": 1058602.9133158573, "city_id": 4306, "country_iso": "RUS"}, {"h3index": "872d73544ffffff", "population_2015": 985.2115844427371, "total_built_mass_tons": 861439.9660554512, "city_id": 4306, "country_iso": "RUS"}, {"h3index": "872d73545ffffff", "population_2015": 3712.094060847338, "total_built_mass_tons": 1731823.8216776042, "city_id": 4306, "country_iso": "RUS"}, {"h3index": "872d73546ffffff", "population_2015": 10972.706525360369, "total_built_mass_tons": 4377311.361950112, "city_id": 4306, "country_iso": "RUS"}, {"h3index": "872d7354effffff", "population_2015": 75.23053296407063, "total_built_mass_tons": 22402.70462236256, "city_id": 4306, "country_iso": "RUS"}, {"h3index": "872d73550ffffff", "population_2015": 13730.893018369112, "total_built_mass_tons": 5260491.2326729875, "city_id": 4306, "country_iso": "RUS"}, {"h3index": "872d73551ffffff", "population_2015": 1389.391251077839, "total_built_mass_tons": 623092.4940144648, "city_id": 4306, "country_iso": "RUS"}, {"h3index": "872d73552ffffff", "population_2015": 13743.841122590798, "total_built_mass_tons": 6664111.890452934, "city_id": 4306, "country_iso": "RUS"}, {"h3index": "872d73553ffffff", "population_2015": 1050.203843239242, "total_built_mass_tons": 1047832.0739261656, "city_id": 4306, "country_iso": "RUS"}, {"h3index": "872d73554ffffff", "population_2015": 11856.848589250156, "total_built_mass_tons": 3812388.7183013503, "city_id": 4306, "country_iso": "RUS"}, {"h3index": "872d73555ffffff", "population_2015": 8207.07481014962, "total_built_mass_tons": 4012014.8720567767, "city_id": 4306, "country_iso": "RUS"}, {"h3index": "872d73556ffffff", "population_2015": 18437.522168505424, "total_built_mass_tons": 5796709.853535954, "city_id": 4306, "country_iso": "RUS"}, {"h3index": "872d7355cffffff", "population_2015": 32.538541776993696, "total_built_mass_tons": 24549.698987624088, "city_id": 4306, "country_iso": "RUS"}, {"h3index": "872d73563ffffff", "population_2015": 13.087033053005442, "total_built_mass_tons": 6459.8028717423285, "city_id": 4306, "country_iso": "RUS"}, {"h3index": "872d73570ffffff", "population_2015": 2710.6064105071277, "total_built_mass_tons": 1519129.6610475578, "city_id": 4306, "country_iso": "RUS"}, {"h3index": "872d73571ffffff", "population_2015": 2981.030216920142, "total_built_mass_tons": 1626329.4625013706, "city_id": 4306, "country_iso": "RUS"}, {"h3index": "872d73572ffffff", "population_2015": 642.685443074563, "total_built_mass_tons": 613230.824677875, "city_id": 4306, "country_iso": "RUS"}, {"h3index": "872d73573ffffff", "population_2015": 4539.311854162404, "total_built_mass_tons": 2140868.6624167175, "city_id": 4306, "country_iso": "RUS"}, {"h3index": "872d73574ffffff", "population_2015": 2.6684636059929345, "total_built_mass_tons": 2147.157896352941, "city_id": 4306, "country_iso": "RUS"}, {"h3index": "872d73576ffffff", "population_2015": 1465.27886910158, "total_built_mass_tons": 781945.0189260955, "city_id": 4306, "country_iso": "RUS"}, {"h3index": "872d735adffffff", "population_2015": 76.36872482440052, "total_built_mass_tons": 125447.2822445624, "city_id": 4306, "country_iso": "RUS"}]