[{"h3index":"87950d129ffffff","population_2015":25.9041445863,"total_built_mass_tons":15574.7194766008,"city_id":12979,"country_iso":"IDN"},{"h3index":"87950d174ffffff","population_2015":185.2643949247,"total_built_mass_tons":105291.2354013285,"city_id":12979,"country_iso":"IDN"},{"h3index":"87950d8d8ffffff","population_2015":1328.4761312223,"total_built_mass_tons":369697.0850464054,"city_id":12979,"country_iso":"IDN"},{"h3index":"87950d8daffffff","population_2015":3732.7166069629,"total_built_mass_tons":1348856.5684624782,"city_id":12979,"country_iso":"IDN"},{"h3index":"87950d8dcffffff","population_2015":42.2651548872,"total_built_mass_tons":22528.6257148138,"city_id":12979,"country_iso":"IDN"},{"h3index":"87950d8deffffff","population_2015":499.3544619542,"total_built_mass_tons":291285.3899752031,"city_id":12979,"country_iso":"IDN"}]