[{"h3index":"8742d9049ffffff","population_2015":51.6740093399,"total_built_mass_tons":27567.0670982901,"city_id":6862,"country_iso":"IND"},{"h3index":"8742d904dffffff","population_2015":1220.6076415791,"total_built_mass_tons":155924.6385781111,"city_id":6862,"country_iso":"IND"},{"h3index":"8742d9314ffffff","population_2015":135.3953266144,"total_built_mass_tons":26558.1840125221,"city_id":6862,"country_iso":"IND"},{"h3index":"8742d9330ffffff","population_2015":9.8518857956,"total_built_mass_tons":5156.5980414709,"city_id":6862,"country_iso":"IND"},{"h3index":"8742d9332ffffff","population_2015":3821.4800312267,"total_built_mass_tons":481313.0966783507,"city_id":6862,"country_iso":"IND"},{"h3index":"8742d9333ffffff","population_2015":128.8123001286,"total_built_mass_tons":26240.2857184803,"city_id":6862,"country_iso":"IND"},{"h3index":"8742d9336ffffff","population_2015":23.5584106445,"total_built_mass_tons":4811.5582417127,"city_id":6862,"country_iso":"IND"}]