[{"h3index":"874088664ffffff","population_2015":17.7274798113,"total_built_mass_tons":30900.6478590156,"city_id":10430,"country_iso":"CHN"},{"h3index":"874088666ffffff","population_2015":198.3887709038,"total_built_mass_tons":90917.5678028491,"city_id":10430,"country_iso":"CHN"},{"h3index":"874088743ffffff","population_2015":422.7175164344,"total_built_mass_tons":386859.7292815233,"city_id":10430,"country_iso":"CHN"},{"h3index":"874088748ffffff","population_2015":23629.0419854931,"total_built_mass_tons":4527985.2445960464,"city_id":10430,"country_iso":"CHN"},{"h3index":"874088749ffffff","population_2015":31.8313165627,"total_built_mass_tons":27622.1636347457,"city_id":10430,"country_iso":"CHN"},{"h3index":"87408874affffff","population_2015":4518.583532554,"total_built_mass_tons":1064505.5721460846,"city_id":10430,"country_iso":"CHN"},{"h3index":"87408874bffffff","population_2015":1177.0760023959,"total_built_mass_tons":280283.141086232,"city_id":10430,"country_iso":"CHN"},{"h3index":"87408874cffffff","population_2015":130.215255771,"total_built_mass_tons":33243.7347844444,"city_id":10430,"country_iso":"CHN"},{"h3index":"87408874dffffff","population_2015":231.5479358552,"total_built_mass_tons":192576.3569201348,"city_id":10430,"country_iso":"CHN"},{"h3index":"87408874effffff","population_2015":16006.9187544897,"total_built_mass_tons":2966454.2446298907,"city_id":10430,"country_iso":"CHN"},{"h3index":"874088759ffffff","population_2015":222.9764773294,"total_built_mass_tons":140302.0926944046,"city_id":10430,"country_iso":"CHN"},{"h3index":"87408875dffffff","population_2015":89.9537963367,"total_built_mass_tons":232950.6160957435,"city_id":10430,"country_iso":"CHN"}]