[{"h3index": "870b96a05ffffff", "population_2015": 268.67168652777576, "total_built_mass_tons": 47066.13009484438, "city_id": 6157, "country_iso": "RUS"}, {"h3index": "870b96a09ffffff", "population_2015": 3398.3839453145574, "total_built_mass_tons": 2372449.4866221687, "city_id": 6157, "country_iso": "RUS"}, {"h3index": "870b96a0bffffff", "population_2015": 60.234426462884045, "total_built_mass_tons": 76593.162789101, "city_id": 6157, "country_iso": "RUS"}, {"h3index": "870b96a0dffffff", "population_2015": 2685.021679517334, "total_built_mass_tons": 954118.800401558, "city_id": 6157, "country_iso": "RUS"}, {"h3index": "870b96a28ffffff", "population_2015": 22187.93424690096, "total_built_mass_tons": 6209545.053044248, "city_id": 6157, "country_iso": "RUS"}, {"h3index": "870b96a29ffffff", "population_2015": 30135.389265662547, "total_built_mass_tons": 8172737.443614926, "city_id": 6157, "country_iso": "RUS"}, {"h3index": "870b96a2affffff", "population_2015": 1084.9226941108702, "total_built_mass_tons": 419013.33265434817, "city_id": 6157, "country_iso": "RUS"}, {"h3index": "870b96a2bffffff", "population_2015": 27437.351922794416, "total_built_mass_tons": 6030409.0973381335, "city_id": 6157, "country_iso": "RUS"}, {"h3index": "870b96a2cffffff", "population_2015": 5568.221480519161, "total_built_mass_tons": 1406763.3712212867, "city_id": 6157, "country_iso": "RUS"}, {"h3index": "870b96a2dffffff", "population_2015": 23684.380148575347, "total_built_mass_tons": 5767238.324694509, "city_id": 6157, "country_iso": "RUS"}, {"h3index": "870b96a2effffff", "population_2015": 2458.405023485072, "total_built_mass_tons": 712975.5668465447, "city_id": 6157, "country_iso": "RUS"}, {"h3index": "870b96a50ffffff", "population_2015": 4332.085207709144, "total_built_mass_tons": 1607248.2578193943, "city_id": 6157, "country_iso": "RUS"}, {"h3index": "870b96a52ffffff", "population_2015": 5572.086380771562, "total_built_mass_tons": 1266803.935437374, "city_id": 6157, "country_iso": "RUS"}, {"h3index": "870b96a53ffffff", "population_2015": 3527.122076763826, "total_built_mass_tons": 1278382.8570427436, "city_id": 6157, "country_iso": "RUS"}, {"h3index": "870b96a54ffffff", "population_2015": 8388.163717282987, "total_built_mass_tons": 3311535.754532549, "city_id": 6157, "country_iso": "RUS"}, {"h3index": "870b96a56ffffff", "population_2015": 1719.065488037409, "total_built_mass_tons": 793383.8394360528, "city_id": 6157, "country_iso": "RUS"}, {"h3index": "870b96a66ffffff", "population_2015": 52.90400680432133, "total_built_mass_tons": 120487.04923685956, "city_id": 6157, "country_iso": "RUS"}, {"h3index": "870b96a70ffffff", "population_2015": 360.6500160853069, "total_built_mass_tons": 123318.8503497519, "city_id": 6157, "country_iso": "RUS"}, {"h3index": "870b96a72ffffff", "population_2015": 13574.0048931234, "total_built_mass_tons": 3360759.56757453, "city_id": 6157, "country_iso": "RUS"}, {"h3index": "870b96a73ffffff", "population_2015": 142.3609283839955, "total_built_mass_tons": 96554.41328006514, "city_id": 6157, "country_iso": "RUS"}, {"h3index": "870b96a74ffffff", "population_2015": 12445.72988091076, "total_built_mass_tons": 3444935.845897167, "city_id": 6157, "country_iso": "RUS"}, {"h3index": "870b96a76ffffff", "population_2015": 2594.711377542159, "total_built_mass_tons": 552873.4974398308, "city_id": 6157, "country_iso": "RUS"}, {"h3index": "870b96ae0ffffff", "population_2015": 261.39861110144966, "total_built_mass_tons": 92843.27437385436, "city_id": 6157, "country_iso": "RUS"}, {"h3index": "870b96ae1ffffff", "population_2015": 1499.5388415965378, "total_built_mass_tons": 1051428.0001430437, "city_id": 6157, "country_iso": "RUS"}, {"h3index": "870b96ae5ffffff", "population_2015": 1342.0154465647306, "total_built_mass_tons": 596150.2835609472, "city_id": 6157, "country_iso": "RUS"}, {"h3index": "870b96ae8ffffff", "population_2015": 98.37273240930894, "total_built_mass_tons": 51244.87588614479, "city_id": 6157, "country_iso": "RUS"}, {"h3index": "870b96ae9ffffff", "population_2015": 1195.7639313753914, "total_built_mass_tons": 354987.8191023439, "city_id": 6157, "country_iso": "RUS"}, {"h3index": "870b96aecffffff", "population_2015": 3519.6750109279865, "total_built_mass_tons": 792807.0479473014, "city_id": 6157, "country_iso": "RUS"}, {"h3index": "870b96aedffffff", "population_2015": 5128.506439093047, "total_built_mass_tons": 1685103.170942512, "city_id": 6157, "country_iso": "RUS"}, {"h3index": "870b96b50ffffff", "population_2015": 1388.574814451208, "total_built_mass_tons": 532486.1670464879, "city_id": 6157, "country_iso": "RUS"}, {"h3index": "870b96b52ffffff", "population_2015": 2018.0533109534024, "total_built_mass_tons": 719671.9391793796, "city_id": 6157, "country_iso": "RUS"}, {"h3index": "870b96b53ffffff", "population_2015": 7698.493669008742, "total_built_mass_tons": 1964467.8379080985, "city_id": 6157, "country_iso": "RUS"}, {"h3index": "870b96b56ffffff", "population_2015": 36.47882502172507, "total_built_mass_tons": 17845.599930976197, "city_id": 6157, "country_iso": "RUS"}, {"h3index": "870b96b5affffff", "population_2015": 9202.344932718834, "total_built_mass_tons": 4236269.619114938, "city_id": 6157, "country_iso": "RUS"}, {"h3index": "870b96b5bffffff", "population_2015": 4254.009859475666, "total_built_mass_tons": 2385608.582407874, "city_id": 6157, "country_iso": "RUS"}, {"h3index": "870b96b5effffff", "population_2015": 43.253773414387425, "total_built_mass_tons": 23841.02698686829, "city_id": 6157, "country_iso": "RUS"}]