[{"h3index": "873d32690ffffff", "population_2015": 5335.145496757356, "total_built_mass_tons": 955182.4707924196, "city_id": 6618, "country_iso": "IND"}, {"h3index": "873d32692ffffff", "population_2015": 11261.76638136097, "total_built_mass_tons": 3134701.362351645, "city_id": 6618, "country_iso": "IND"}, {"h3index": "873d32694ffffff", "population_2015": 18764.829826452227, "total_built_mass_tons": 2367011.9557121256, "city_id": 6618, "country_iso": "IND"}, {"h3index": "873d32695ffffff", "population_2015": 149.0069035623588, "total_built_mass_tons": 35826.339780205206, "city_id": 6618, "country_iso": "IND"}, {"h3index": "873d32696ffffff", "population_2015": 40103.07071697759, "total_built_mass_tons": 5170615.886065346, "city_id": 6618, "country_iso": "IND"}, {"h3index": "873d326b2ffffff", "population_2015": 12744.220385779588, "total_built_mass_tons": 1609391.447922187, "city_id": 6618, "country_iso": "IND"}, {"h3index": "873d326b3ffffff", "population_2015": 1511.138549643872, "total_built_mass_tons": 283898.5649034102, "city_id": 6618, "country_iso": "IND"}, {"h3index": "873d326b6ffffff", "population_2015": 1053.746614261702, "total_built_mass_tons": 212592.39100534943, "city_id": 6618, "country_iso": "IND"}, {"h3index": "874249a45ffffff", "population_2015": 32.426353854759064, "total_built_mass_tons": 29723.502063943168, "city_id": 6618, "country_iso": "IND"}, {"h3index": "874249a60ffffff", "population_2015": 39330.725027166634, "total_built_mass_tons": 5204925.26494514, "city_id": 6618, "country_iso": "IND"}, {"h3index": "874249a61ffffff", "population_2015": 10118.058076334934, "total_built_mass_tons": 2772940.9416765873, "city_id": 6618, "country_iso": "IND"}, {"h3index": "874249a62ffffff", "population_2015": 4802.679775613898, "total_built_mass_tons": 1424326.4254348872, "city_id": 6618, "country_iso": "IND"}, {"h3index": "874249a63ffffff", "population_2015": 2662.280930541543, "total_built_mass_tons": 881628.0883356323, "city_id": 6618, "country_iso": "IND"}, {"h3index": "874249a64ffffff", "population_2015": 76652.40026043162, "total_built_mass_tons": 5707563.373592563, "city_id": 6618, "country_iso": "IND"}, {"h3index": "874249a65ffffff", "population_2015": 23681.04016295415, "total_built_mass_tons": 5471112.819585333, "city_id": 6618, "country_iso": "IND"}, {"h3index": "874249a66ffffff", "population_2015": 39572.56858877855, "total_built_mass_tons": 3354399.342171157, "city_id": 6618, "country_iso": "IND"}, {"h3index": "874249a68ffffff", "population_2015": 127.76536643084356, "total_built_mass_tons": 74337.14489644377, "city_id": 6618, "country_iso": "IND"}, {"h3index": "874249a6affffff", "population_2015": 1953.3368113424267, "total_built_mass_tons": 902415.2829113354, "city_id": 6618, "country_iso": "IND"}, {"h3index": "874249a6cffffff", "population_2015": 7228.353368431914, "total_built_mass_tons": 2338466.5908613857, "city_id": 6618, "country_iso": "IND"}, {"h3index": "874249a6effffff", "population_2015": 8217.056444138172, "total_built_mass_tons": 2503863.293855119, "city_id": 6618, "country_iso": "IND"}, {"h3index": "874249a75ffffff", "population_2015": 985.6257703107948, "total_built_mass_tons": 246386.36193402097, "city_id": 6618, "country_iso": "IND"}, {"h3index": "874249b41ffffff", "population_2015": 1140.735372232923, "total_built_mass_tons": 264808.16956092714, "city_id": 6618, "country_iso": "IND"}, {"h3index": "874249b43ffffff", "population_2015": 536.7761312092051, "total_built_mass_tons": 187881.47362755396, "city_id": 6618, "country_iso": "IND"}, {"h3index": "874249b48ffffff", "population_2015": 48637.02740134444, "total_built_mass_tons": 3519661.162440716, "city_id": 6618, "country_iso": "IND"}, {"h3index": "874249b49ffffff", "population_2015": 75068.25285569737, "total_built_mass_tons": 5900664.728563276, "city_id": 6618, "country_iso": "IND"}, {"h3index": "874249b4affffff", "population_2015": 70751.59366593455, "total_built_mass_tons": 4959880.305046424, "city_id": 6618, "country_iso": "IND"}, {"h3index": "874249b4bffffff", "population_2015": 62277.27435293759, "total_built_mass_tons": 5694097.892719813, "city_id": 6618, "country_iso": "IND"}, {"h3index": "874249b4cffffff", "population_2015": 2479.493129741444, "total_built_mass_tons": 431816.5254353296, "city_id": 6618, "country_iso": "IND"}, {"h3index": "874249b4dffffff", "population_2015": 28670.80999235265, "total_built_mass_tons": 2618286.081713748, "city_id": 6618, "country_iso": "IND"}, {"h3index": "874249b4effffff", "population_2015": 18777.570202640465, "total_built_mass_tons": 2475566.414221327, "city_id": 6618, "country_iso": "IND"}, {"h3index": "874249b58ffffff", "population_2015": 109.23292448567408, "total_built_mass_tons": 31742.89370875428, "city_id": 6618, "country_iso": "IND"}, {"h3index": "874249b59ffffff", "population_2015": 21716.263438888625, "total_built_mass_tons": 2046423.9488892565, "city_id": 6618, "country_iso": "IND"}, {"h3index": "874249b5bffffff", "population_2015": 3355.396470690708, "total_built_mass_tons": 601758.1760036397, "city_id": 6618, "country_iso": "IND"}, {"h3index": "874249b5cffffff", "population_2015": 64.07776625764136, "total_built_mass_tons": 37230.248624246175, "city_id": 6618, "country_iso": "IND"}, {"h3index": "874249b5dffffff", "population_2015": 4979.976500645805, "total_built_mass_tons": 831570.768649772, "city_id": 6618, "country_iso": "IND"}, {"h3index": "874249b69ffffff", "population_2015": 371.73297366721954, "total_built_mass_tons": 105487.01976504386, "city_id": 6618, "country_iso": "IND"}, {"h3index": "874249b6bffffff", "population_2015": 3360.4286770278336, "total_built_mass_tons": 674257.1384093828, "city_id": 6618, "country_iso": "IND"}]