[{"h3index":"876086d50ffffff","population_2015":4452.8230483186,"total_built_mass_tons":467177.0749945989,"city_id":7859,"country_iso":"IND"},{"h3index":"876086d54ffffff","population_2015":10615.4777186225,"total_built_mass_tons":893438.8749880748,"city_id":7859,"country_iso":"IND"},{"h3index":"876086d55ffffff","population_2015":788.1463049496,"total_built_mass_tons":92654.5922166866,"city_id":7859,"country_iso":"IND"},{"h3index":"876086d56ffffff","population_2015":2324.607635255,"total_built_mass_tons":262311.6161544577,"city_id":7859,"country_iso":"IND"},{"h3index":"876086d73ffffff","population_2015":69.0605079651,"total_built_mass_tons":7873.4787832694,"city_id":7859,"country_iso":"IND"}]