[{"h3index": "872ab3186ffffff", "population_2015": 81.38532046477002, "total_built_mass_tons": 236602.52191730187, "city_id": 784, "country_iso": "USA"}, {"h3index": "872ab3190ffffff", "population_2015": 905.9044465859732, "total_built_mass_tons": 611866.3681287046, "city_id": 784, "country_iso": "USA"}, {"h3index": "872ab3192ffffff", "population_2015": 3.040004741444307, "total_built_mass_tons": 1836.902578082239, "city_id": 784, "country_iso": "USA"}, {"h3index": "872ab3194ffffff", "population_2015": 4807.995880479905, "total_built_mass_tons": 2480005.037516563, "city_id": 784, "country_iso": "USA"}, {"h3index": "872ab3196ffffff", "population_2015": 1443.4108572437483, "total_built_mass_tons": 1063269.3027188035, "city_id": 784, "country_iso": "USA"}, {"h3index": "872ab31a2ffffff", "population_2015": 3057.259723226639, "total_built_mass_tons": 1139660.166512033, "city_id": 784, "country_iso": "USA"}, {"h3index": "872ab31a6ffffff", "population_2015": 55.903912697089666, "total_built_mass_tons": 305375.76988500304, "city_id": 784, "country_iso": "USA"}, {"h3index": "872ab31b0ffffff", "population_2015": 4217.313347045651, "total_built_mass_tons": 3500297.578565808, "city_id": 784, "country_iso": "USA"}, {"h3index": "872ab31b1ffffff", "population_2015": 2488.762076934558, "total_built_mass_tons": 922782.7667985912, "city_id": 784, "country_iso": "USA"}, {"h3index": "872ab31b2ffffff", "population_2015": 8846.614555150274, "total_built_mass_tons": 3217286.178020774, "city_id": 784, "country_iso": "USA"}, {"h3index": "872ab31b3ffffff", "population_2015": 2063.419994493209, "total_built_mass_tons": 1134843.2659609737, "city_id": 784, "country_iso": "USA"}, {"h3index": "872ab31b4ffffff", "population_2015": 4743.263865257184, "total_built_mass_tons": 2036120.039152675, "city_id": 784, "country_iso": "USA"}, {"h3index": "872ab31b5ffffff", "population_2015": 2350.0301214842816, "total_built_mass_tons": 3456614.119467615, "city_id": 784, "country_iso": "USA"}, {"h3index": "872ab31b6ffffff", "population_2015": 6268.838348216907, "total_built_mass_tons": 3441248.568725302, "city_id": 784, "country_iso": "USA"}, {"h3index": "872ab3565ffffff", "population_2015": 45.21569180582084, "total_built_mass_tons": 43438.4845541699, "city_id": 784, "country_iso": "USA"}, {"h3index": "872ab3c5affffff", "population_2015": 703.721741577223, "total_built_mass_tons": 273763.24201234593, "city_id": 784, "country_iso": "USA"}, {"h3index": "872ab3c5bffffff", "population_2015": 13.038261517297988, "total_built_mass_tons": 108284.1491949494, "city_id": 784, "country_iso": "USA"}, {"h3index": "872ab3cc8ffffff", "population_2015": 37.495892999686454, "total_built_mass_tons": 44025.91732626708, "city_id": 784, "country_iso": "USA"}, {"h3index": "872ab3cc9ffffff", "population_2015": 3565.576904939201, "total_built_mass_tons": 2043802.9262424067, "city_id": 784, "country_iso": "USA"}, {"h3index": "872ab3ccbffffff", "population_2015": 1049.534778229399, "total_built_mass_tons": 1087166.986042014, "city_id": 784, "country_iso": "USA"}, {"h3index": "872ab3ccdffffff", "population_2015": 3977.498630477014, "total_built_mass_tons": 1418107.0116499085, "city_id": 784, "country_iso": "USA"}, {"h3index": "872ab3ce9ffffff", "population_2015": 818.2267904178769, "total_built_mass_tons": 437850.3421204493, "city_id": 784, "country_iso": "USA"}]