[{"h3index":"875998660ffffff","population_2015":69.9493323607,"total_built_mass_tons":22652.4742078905,"city_id":1974,"country_iso":"TGO"},{"h3index":"875998661ffffff","population_2015":499.3076708588,"total_built_mass_tons":209040.0358210306,"city_id":1974,"country_iso":"TGO"},{"h3index":"875998663ffffff","population_2015":17.4563052009,"total_built_mass_tons":11499.6800785946,"city_id":1974,"country_iso":"TGO"},{"h3index":"875998665ffffff","population_2015":62.2735137939,"total_built_mass_tons":138403.7299250805,"city_id":1974,"country_iso":"TGO"}]