[{"h3index": "873d14d12ffffff", "population_2015": 5405.570350347779, "total_built_mass_tons": 1112480.0402468294, "city_id": 6639, "country_iso": "IND"}, {"h3index": "873d14d13ffffff", "population_2015": 182.1735527150771, "total_built_mass_tons": 72134.68488122338, "city_id": 6639, "country_iso": "IND"}, {"h3index": "873d14d16ffffff", "population_2015": 4.432168616500555, "total_built_mass_tons": 2333.23259333719, "city_id": 6639, "country_iso": "IND"}, {"h3index": "873d14d85ffffff", "population_2015": 4.858781664979224, "total_built_mass_tons": 20586.086530899724, "city_id": 6639, "country_iso": "IND"}, {"h3index": "873d14da0ffffff", "population_2015": 1253.8321179820043, "total_built_mass_tons": 358197.22621584556, "city_id": 6639, "country_iso": "IND"}, {"h3index": "873d14da1ffffff", "population_2015": 28579.411856703675, "total_built_mass_tons": 4597805.600409792, "city_id": 6639, "country_iso": "IND"}, {"h3index": "873d14da3ffffff", "population_2015": 6374.4950997633105, "total_built_mass_tons": 1448489.8867119695, "city_id": 6639, "country_iso": "IND"}, {"h3index": "873d14da4ffffff", "population_2015": 17.427262693292956, "total_built_mass_tons": 8647.751044553755, "city_id": 6639, "country_iso": "IND"}, {"h3index": "873d14da5ffffff", "population_2015": 4558.027105924195, "total_built_mass_tons": 1160905.4737374142, "city_id": 6639, "country_iso": "IND"}, {"h3index": "873d14dacffffff", "population_2015": 2834.6787707646695, "total_built_mass_tons": 837704.4480956479, "city_id": 6639, "country_iso": "IND"}, {"h3index": "873d14daeffffff", "population_2015": 6896.12535871992, "total_built_mass_tons": 1790606.718756558, "city_id": 6639, "country_iso": "IND"}]