[{"h3index":"872830091ffffff","population_2015":2143.8336354718,"total_built_mass_tons":225617.313370585,"city_id":30,"country_iso":"USA"},{"h3index":"872830093ffffff","population_2015":8176.7716966201,"total_built_mass_tons":2634984.7531596688,"city_id":30,"country_iso":"USA"},{"h3index":"872830098ffffff","population_2015":2213.7704487967,"total_built_mass_tons":882043.5991435434,"city_id":30,"country_iso":"USA"},{"h3index":"87283009affffff","population_2015":9488.784234779,"total_built_mass_tons":4062573.5231119231,"city_id":30,"country_iso":"USA"},{"h3index":"87283009bffffff","population_2015":6729.2249172028,"total_built_mass_tons":2659874.4133038777,"city_id":30,"country_iso":"USA"},{"h3index":"87283009effffff","population_2015":9705.7753579006,"total_built_mass_tons":2276275.561592143,"city_id":30,"country_iso":"USA"},{"h3index":"872830468ffffff","population_2015":3876.7874390129,"total_built_mass_tons":1544103.5036645676,"city_id":30,"country_iso":"USA"},{"h3index":"872830469ffffff","population_2015":3756.4564879277,"total_built_mass_tons":2482862.3487559902,"city_id":30,"country_iso":"USA"},{"h3index":"87283046bffffff","population_2015":501.3289046033,"total_built_mass_tons":319590.0633513064,"city_id":30,"country_iso":"USA"},{"h3index":"87283046cffffff","population_2015":3929.1913997825,"total_built_mass_tons":1120248.4143288131,"city_id":30,"country_iso":"USA"},{"h3index":"87283046dffffff","population_2015":13699.4186613966,"total_built_mass_tons":4342521.7512687165,"city_id":30,"country_iso":"USA"},{"h3index":"872830734ffffff","population_2015":264.4212014968,"total_built_mass_tons":83489.5884153946,"city_id":30,"country_iso":"USA"},{"h3index":"872830735ffffff","population_2015":45.2504135618,"total_built_mass_tons":21487.0120925324,"city_id":30,"country_iso":"USA"}]