[{"h3index":"8740d2c04ffffff","population_2015":25.1791608334,"total_built_mass_tons":61474.5036537265,"city_id":10253,"country_iso":"CHN"},{"h3index":"8740d2c05ffffff","population_2015":28.6289656639,"total_built_mass_tons":45072.0142801193,"city_id":10253,"country_iso":"CHN"},{"h3index":"8740d2c06ffffff","population_2015":8.1412091573,"total_built_mass_tons":28533.245665075,"city_id":10253,"country_iso":"CHN"},{"h3index":"8740d2c20ffffff","population_2015":40.0245384936,"total_built_mass_tons":67817.4541431779,"city_id":10253,"country_iso":"CHN"},{"h3index":"8740d2c21ffffff","population_2015":3742.7175707518,"total_built_mass_tons":1049596.4522244046,"city_id":10253,"country_iso":"CHN"},{"h3index":"8740d2c22ffffff","population_2015":2.4816761129,"total_built_mass_tons":11601.7907603252,"city_id":10253,"country_iso":"CHN"},{"h3index":"8740d2c23ffffff","population_2015":3295.1336369047,"total_built_mass_tons":1029389.4433199632,"city_id":10253,"country_iso":"CHN"},{"h3index":"8740d2c26ffffff","population_2015":20.6897663958,"total_built_mass_tons":20994.1756976065,"city_id":10253,"country_iso":"CHN"},{"h3index":"8740d2c2cffffff","population_2015":1153.3065372,"total_built_mass_tons":417953.6893588242,"city_id":10253,"country_iso":"CHN"},{"h3index":"8740d2c2effffff","population_2015":4930.2415488972,"total_built_mass_tons":1857859.5243153744,"city_id":10253,"country_iso":"CHN"},{"h3index":"8740d2c31ffffff","population_2015":7.1942082573,"total_built_mass_tons":9863.7884444455,"city_id":10253,"country_iso":"CHN"}]