[{"h3index":"87303641affffff","population_2015":10.4350551848,"total_built_mass_tons":25056.7895887864,"city_id":10991,"country_iso":"CHN"},{"h3index":"873036480ffffff","population_2015":1570.7524178355,"total_built_mass_tons":3936520.8684345582,"city_id":10991,"country_iso":"CHN"},{"h3index":"873036481ffffff","population_2015":2110.9434717847,"total_built_mass_tons":4167080.503667905,"city_id":10991,"country_iso":"CHN"},{"h3index":"873036482ffffff","population_2015":191.0316644062,"total_built_mass_tons":912563.6917119472,"city_id":10991,"country_iso":"CHN"},{"h3index":"873036483ffffff","population_2015":757.0421729943,"total_built_mass_tons":2288651.6159239504,"city_id":10991,"country_iso":"CHN"},{"h3index":"873036484ffffff","population_2015":2510.8783702593,"total_built_mass_tons":2781665.1823055474,"city_id":10991,"country_iso":"CHN"},{"h3index":"873036485ffffff","population_2015":10583.0412257152,"total_built_mass_tons":5054297.6537401183,"city_id":10991,"country_iso":"CHN"},{"h3index":"873036486ffffff","population_2015":911.4580809314,"total_built_mass_tons":2410916.2501277784,"city_id":10991,"country_iso":"CHN"},{"h3index":"87303648cffffff","population_2015":118.0745613065,"total_built_mass_tons":144825.4877016639,"city_id":10991,"country_iso":"CHN"},{"h3index":"87303648effffff","population_2015":6.9112214201,"total_built_mass_tons":6046.9445406861,"city_id":10991,"country_iso":"CHN"},{"h3index":"873036494ffffff","population_2015":2113.5844281879,"total_built_mass_tons":684342.2150655135,"city_id":10991,"country_iso":"CHN"},{"h3index":"873036496ffffff","population_2015":5619.5516499071,"total_built_mass_tons":635717.9329315396,"city_id":10991,"country_iso":"CHN"},{"h3index":"87303649cffffff","population_2015":31.5931133845,"total_built_mass_tons":141044.5591049857,"city_id":10991,"country_iso":"CHN"},{"h3index":"8730364a3ffffff","population_2015":4038.7550392749,"total_built_mass_tons":1329973.6611475821,"city_id":10991,"country_iso":"CHN"},{"h3index":"8730364a8ffffff","population_2015":3809.9251932883,"total_built_mass_tons":3300991.9467438394,"city_id":10991,"country_iso":"CHN"},{"h3index":"8730364a9ffffff","population_2015":1142.3290971592,"total_built_mass_tons":975576.653042216,"city_id":10991,"country_iso":"CHN"},{"h3index":"8730364aaffffff","population_2015":3953.9342863401,"total_built_mass_tons":7140258.8651542123,"city_id":10991,"country_iso":"CHN"},{"h3index":"8730364abffffff","population_2015":400.6147675804,"total_built_mass_tons":633400.5853943672,"city_id":10991,"country_iso":"CHN"},{"h3index":"8730364acffffff","population_2015":58.3938042094,"total_built_mass_tons":85357.4151353712,"city_id":10991,"country_iso":"CHN"},{"h3index":"8730364adffffff","population_2015":642.8462643016,"total_built_mass_tons":599077.3285405291,"city_id":10991,"country_iso":"CHN"},{"h3index":"8730364aeffffff","population_2015":4077.7733186778,"total_built_mass_tons":3020953.9857978621,"city_id":10991,"country_iso":"CHN"},{"h3index":"8730364b2ffffff","population_2015":1124.8812354995,"total_built_mass_tons":457359.9371045548,"city_id":10991,"country_iso":"CHN"},{"h3index":"8730364b3ffffff","population_2015":3291.8904105359,"total_built_mass_tons":1448261.6304426608,"city_id":10991,"country_iso":"CHN"},{"h3index":"87318d800ffffff","population_2015":33298.6950489942,"total_built_mass_tons":4107014.8215020979,"city_id":10991,"country_iso":"CHN"},{"h3index":"87318d801ffffff","population_2015":13398.0352766374,"total_built_mass_tons":4715581.8219390083,"city_id":10991,"country_iso":"CHN"},{"h3index":"87318d802ffffff","population_2015":16235.1760705812,"total_built_mass_tons":1827378.6955739709,"city_id":10991,"country_iso":"CHN"},{"h3index":"87318d803ffffff","population_2015":16557.6833316504,"total_built_mass_tons":3550530.8993689995,"city_id":10991,"country_iso":"CHN"},{"h3index":"87318d804ffffff","population_2015":43882.6934637705,"total_built_mass_tons":6825670.7164283358,"city_id":10991,"country_iso":"CHN"},{"h3index":"87318d805ffffff","population_2015":50451.7008308785,"total_built_mass_tons":4837941.7159973606,"city_id":10991,"country_iso":"CHN"},{"h3index":"87318d806ffffff","population_2015":28737.5080542719,"total_built_mass_tons":1858607.490631171,"city_id":10991,"country_iso":"CHN"},{"h3index":"87318d808ffffff","population_2015":1440.6188291601,"total_built_mass_tons":559062.326983619,"city_id":10991,"country_iso":"CHN"},{"h3index":"87318d80affffff","population_2015":9329.812514004,"total_built_mass_tons":1343308.3531928477,"city_id":10991,"country_iso":"CHN"},{"h3index":"87318d80bffffff","population_2015":584.8431287728,"total_built_mass_tons":93341.3517223008,"city_id":10991,"country_iso":"CHN"},{"h3index":"87318d80cffffff","population_2015":4612.8031785895,"total_built_mass_tons":2293250.4908330035,"city_id":10991,"country_iso":"CHN"},{"h3index":"87318d80dffffff","population_2015":582.9433942547,"total_built_mass_tons":888258.9513023251,"city_id":10991,"country_iso":"CHN"},{"h3index":"87318d80effffff","population_2015":3985.0621212277,"total_built_mass_tons":2545305.5141436011,"city_id":10991,"country_iso":"CHN"},{"h3index":"87318d810ffffff","population_2015":8436.2725992502,"total_built_mass_tons":2644176.5911512496,"city_id":10991,"country_iso":"CHN"},{"h3index":"87318d811ffffff","population_2015":1898.6884642713,"total_built_mass_tons":375056.4169945711,"city_id":10991,"country_iso":"CHN"},{"h3index":"87318d812ffffff","population_2015":14691.4847977026,"total_built_mass_tons":4109099.8646206632,"city_id":10991,"country_iso":"CHN"},{"h3index":"87318d813ffffff","population_2015":1208.3672771884,"total_built_mass_tons":987495.3072796984,"city_id":10991,"country_iso":"CHN"},{"h3index":"87318d814ffffff","population_2015":5707.8300503217,"total_built_mass_tons":3328437.4735665689,"city_id":10991,"country_iso":"CHN"},{"h3index":"87318d815ffffff","population_2015":1571.1903229835,"total_built_mass_tons":1545343.2125703115,"city_id":10991,"country_iso":"CHN"},{"h3index":"87318d816ffffff","population_2015":11596.4081691606,"total_built_mass_tons":3007565.178464869,"city_id":10991,"country_iso":"CHN"},{"h3index":"87318d818ffffff","population_2015":1040.7639296132,"total_built_mass_tons":572265.8413252295,"city_id":10991,"country_iso":"CHN"},{"h3index":"87318d819ffffff","population_2015":521.1898199025,"total_built_mass_tons":106077.7616869539,"city_id":10991,"country_iso":"CHN"},{"h3index":"87318d81cffffff","population_2015":943.4896902823,"total_built_mass_tons":740164.3711078651,"city_id":10991,"country_iso":"CHN"},{"h3index":"87318d81dffffff","population_2015":4279.1581187417,"total_built_mass_tons":1480783.7749794405,"city_id":10991,"country_iso":"CHN"},{"h3index":"87318d81effffff","population_2015":292.5627098815,"total_built_mass_tons":572177.9994236869,"city_id":10991,"country_iso":"CHN"},{"h3index":"87318d820ffffff","population_2015":35513.7669224758,"total_built_mass_tons":6979226.9522461314,"city_id":10991,"country_iso":"CHN"},{"h3index":"87318d821ffffff","population_2015":36888.2726916631,"total_built_mass_tons":4342849.9602550007,"city_id":10991,"country_iso":"CHN"},{"h3index":"87318d822ffffff","population_2015":25734.409300763,"total_built_mass_tons":6331536.8411093559,"city_id":10991,"country_iso":"CHN"},{"h3index":"87318d823ffffff","population_2015":67753.6731906779,"total_built_mass_tons":3400113.1878624563,"city_id":10991,"country_iso":"CHN"},{"h3index":"87318d824ffffff","population_2015":36190.4727175656,"total_built_mass_tons":4767275.8489673063,"city_id":10991,"country_iso":"CHN"},{"h3index":"87318d825ffffff","population_2015":13300.04627633,"total_built_mass_tons":5285211.481150073,"city_id":10991,"country_iso":"CHN"},{"h3index":"87318d826ffffff","population_2015":34029.5307511722,"total_built_mass_tons":5039461.8348885225,"city_id":10991,"country_iso":"CHN"},{"h3index":"87318d828ffffff","population_2015":7816.92493109,"total_built_mass_tons":4736164.7088607475,"city_id":10991,"country_iso":"CHN"},{"h3index":"87318d829ffffff","population_2015":2847.8603560177,"total_built_mass_tons":2104211.3602528339,"city_id":10991,"country_iso":"CHN"},{"h3index":"87318d82affffff","population_2015":24819.2943689159,"total_built_mass_tons":4251719.8337431643,"city_id":10991,"country_iso":"CHN"},{"h3index":"87318d82bffffff","population_2015":3026.5937289434,"total_built_mass_tons":3851728.3594720494,"city_id":10991,"country_iso":"CHN"},{"h3index":"87318d82cffffff","population_2015":8947.1676831741,"total_built_mass_tons":3330035.8547969367,"city_id":10991,"country_iso":"CHN"},{"h3index":"87318d82dffffff","population_2015":6839.735326968,"total_built_mass_tons":2892921.2577022044,"city_id":10991,"country_iso":"CHN"},{"h3index":"87318d82effffff","population_2015":43250.1840079326,"total_built_mass_tons":6049536.6675478239,"city_id":10991,"country_iso":"CHN"},{"h3index":"87318d830ffffff","population_2015":41028.1131371143,"total_built_mass_tons":5630657.3222101079,"city_id":10991,"country_iso":"CHN"},{"h3index":"87318d831ffffff","population_2015":30901.7973488826,"total_built_mass_tons":8400497.9790754113,"city_id":10991,"country_iso":"CHN"},{"h3index":"87318d832ffffff","population_2015":16146.6375073536,"total_built_mass_tons":4049094.8089742423,"city_id":10991,"country_iso":"CHN"},{"h3index":"87318d833ffffff","population_2015":14747.3622624276,"total_built_mass_tons":4442478.1705324212,"city_id":10991,"country_iso":"CHN"},{"h3index":"87318d834ffffff","population_2015":17112.9170562931,"total_built_mass_tons":3543605.4386289651,"city_id":10991,"country_iso":"CHN"},{"h3index":"87318d835ffffff","population_2015":37475.0998520346,"total_built_mass_tons":3997928.7547142059,"city_id":10991,"country_iso":"CHN"},{"h3index":"87318d836ffffff","population_2015":28129.2843586305,"total_built_mass_tons":2653748.5155077046,"city_id":10991,"country_iso":"CHN"},{"h3index":"87318d870ffffff","population_2015":501.531636082,"total_built_mass_tons":949256.3343479747,"city_id":10991,"country_iso":"CHN"},{"h3index":"87318d874ffffff","population_2015":1267.8107534196,"total_built_mass_tons":1568932.0352679926,"city_id":10991,"country_iso":"CHN"},{"h3index":"87318d875ffffff","population_2015":17.5000287084,"total_built_mass_tons":35775.1859294633,"city_id":10991,"country_iso":"CHN"},{"h3index":"87318d876ffffff","population_2015":2146.6871563895,"total_built_mass_tons":2896755.6849054042,"city_id":10991,"country_iso":"CHN"},{"h3index":"87318d880ffffff","population_2015":1225.6332270697,"total_built_mass_tons":408611.1456395581,"city_id":10991,"country_iso":"CHN"},{"h3index":"87318d884ffffff","population_2015":4795.6369087406,"total_built_mass_tons":3516882.1595249018,"city_id":10991,"country_iso":"CHN"},{"h3index":"87318d885ffffff","population_2015":5296.5060346603,"total_built_mass_tons":2106834.6935524791,"city_id":10991,"country_iso":"CHN"},{"h3index":"87318d886ffffff","population_2015":6.2786543266,"total_built_mass_tons":10844.1225050342,"city_id":10991,"country_iso":"CHN"},{"h3index":"87318d8a0ffffff","population_2015":2990.8456013179,"total_built_mass_tons":1782054.2445049472,"city_id":10991,"country_iso":"CHN"},{"h3index":"87318d8a1ffffff","population_2015":8308.2451840102,"total_built_mass_tons":7141255.1485901894,"city_id":10991,"country_iso":"CHN"},{"h3index":"87318d8a2ffffff","population_2015":562.2322741293,"total_built_mass_tons":599374.1315339576,"city_id":10991,"country_iso":"CHN"},{"h3index":"87318d8a3ffffff","population_2015":6973.1864991656,"total_built_mass_tons":4114856.451450726,"city_id":10991,"country_iso":"CHN"},{"h3index":"87318d8a4ffffff","population_2015":2405.1336462844,"total_built_mass_tons":1235858.4578276658,"city_id":10991,"country_iso":"CHN"},{"h3index":"87318d8a5ffffff","population_2015":16330.9633521477,"total_built_mass_tons":4253435.7858168669,"city_id":10991,"country_iso":"CHN"},{"h3index":"87318d8a6ffffff","population_2015":529.4638149841,"total_built_mass_tons":288316.5844395012,"city_id":10991,"country_iso":"CHN"},{"h3index":"87318d8a8ffffff","population_2015":203.1440390512,"total_built_mass_tons":194494.679251178,"city_id":10991,"country_iso":"CHN"},{"h3index":"87318d8aaffffff","population_2015":44.996634416,"total_built_mass_tons":78330.1222824204,"city_id":10991,"country_iso":"CHN"},{"h3index":"87318d8acffffff","population_2015":9011.3677011509,"total_built_mass_tons":2892025.0334730837,"city_id":10991,"country_iso":"CHN"},{"h3index":"87318d8adffffff","population_2015":1102.3405705527,"total_built_mass_tons":502933.9440195235,"city_id":10991,"country_iso":"CHN"},{"h3index":"87318d8aeffffff","population_2015":4657.4728115129,"total_built_mass_tons":3103572.9198532607,"city_id":10991,"country_iso":"CHN"},{"h3index":"87318d8b1ffffff","population_2015":162.0042004679,"total_built_mass_tons":138823.8698131125,"city_id":10991,"country_iso":"CHN"},{"h3index":"87318d8e4ffffff","population_2015":645.322470981,"total_built_mass_tons":58369.7983025187,"city_id":10991,"country_iso":"CHN"},{"h3index":"87318d908ffffff","population_2015":3047.7046829144,"total_built_mass_tons":1510406.9333501048,"city_id":10991,"country_iso":"CHN"},{"h3index":"87318d909ffffff","population_2015":2922.6802213921,"total_built_mass_tons":5017141.7550458778,"city_id":10991,"country_iso":"CHN"},{"h3index":"87318d90affffff","population_2015":23172.8702383976,"total_built_mass_tons":4352948.9262867123,"city_id":10991,"country_iso":"CHN"},{"h3index":"87318d90bffffff","population_2015":9014.1510315689,"total_built_mass_tons":4212413.0613203635,"city_id":10991,"country_iso":"CHN"},{"h3index":"87318d90dffffff","population_2015":328.774935124,"total_built_mass_tons":378192.4302610782,"city_id":10991,"country_iso":"CHN"},{"h3index":"87318d90effffff","population_2015":1955.4909033888,"total_built_mass_tons":451229.7522574123,"city_id":10991,"country_iso":"CHN"},{"h3index":"87318d918ffffff","population_2015":3668.288143606,"total_built_mass_tons":953427.0798411836,"city_id":10991,"country_iso":"CHN"},{"h3index":"87318d919ffffff","population_2015":10146.5427487392,"total_built_mass_tons":2938677.9976630304,"city_id":10991,"country_iso":"CHN"},{"h3index":"87318d91affffff","population_2015":3427.3959060992,"total_built_mass_tons":1161403.5466562491,"city_id":10991,"country_iso":"CHN"},{"h3index":"87318d91bffffff","population_2015":12895.1298408733,"total_built_mass_tons":3260947.121811307,"city_id":10991,"country_iso":"CHN"},{"h3index":"87318d91dffffff","population_2015":754.890022132,"total_built_mass_tons":362839.6412204399,"city_id":10991,"country_iso":"CHN"},{"h3index":"87318d91effffff","population_2015":22.5720712045,"total_built_mass_tons":41143.5535890259,"city_id":10991,"country_iso":"CHN"},{"h3index":"87318d940ffffff","population_2015":21.8000346731,"total_built_mass_tons":166980.3808404439,"city_id":10991,"country_iso":"CHN"},{"h3index":"87318d942ffffff","population_2015":311.6438286342,"total_built_mass_tons":2002745.4304169456,"city_id":10991,"country_iso":"CHN"},{"h3index":"87318d946ffffff","population_2015":4.5796514193,"total_built_mass_tons":43426.5471037867,"city_id":10991,"country_iso":"CHN"},{"h3index":"87318d948ffffff","population_2015":2727.9116379644,"total_built_mass_tons":536756.5942344578,"city_id":10991,"country_iso":"CHN"},{"h3index":"87318d949ffffff","population_2015":7447.6057690882,"total_built_mass_tons":1104499.0146872422,"city_id":10991,"country_iso":"CHN"},{"h3index":"87318d94affffff","population_2015":9321.65475575,"total_built_mass_tons":1654582.397820092,"city_id":10991,"country_iso":"CHN"},{"h3index":"87318d94bffffff","population_2015":11301.6558023658,"total_built_mass_tons":1204643.8337266976,"city_id":10991,"country_iso":"CHN"},{"h3index":"87318d94effffff","population_2015":0.932764719,"total_built_mass_tons":3337.9810369816,"city_id":10991,"country_iso":"CHN"},{"h3index":"87318d950ffffff","population_2015":4089.4035335129,"total_built_mass_tons":3313688.5155025166,"city_id":10991,"country_iso":"CHN"},{"h3index":"87318d951ffffff","population_2015":5225.4426670364,"total_built_mass_tons":3621078.8298391704,"city_id":10991,"country_iso":"CHN"},{"h3index":"87318d952ffffff","population_2015":9028.6463978393,"total_built_mass_tons":4325904.0660548173,"city_id":10991,"country_iso":"CHN"},{"h3index":"87318d953ffffff","population_2015":4941.0409479712,"total_built_mass_tons":2182058.2842958057,"city_id":10991,"country_iso":"CHN"},{"h3index":"87318d954ffffff","population_2015":285.0504417267,"total_built_mass_tons":2522931.5262281294,"city_id":10991,"country_iso":"CHN"},{"h3index":"87318d955ffffff","population_2015":517.8137768135,"total_built_mass_tons":1905095.5658392487,"city_id":10991,"country_iso":"CHN"},{"h3index":"87318d956ffffff","population_2015":4958.9075592747,"total_built_mass_tons":4662764.5940876473,"city_id":10991,"country_iso":"CHN"},{"h3index":"87318d958ffffff","population_2015":10946.1902685909,"total_built_mass_tons":2170624.7414848502,"city_id":10991,"country_iso":"CHN"},{"h3index":"87318d959ffffff","population_2015":3812.8335858218,"total_built_mass_tons":926820.1780167178,"city_id":10991,"country_iso":"CHN"},{"h3index":"87318d95affffff","population_2015":3762.5896552338,"total_built_mass_tons":2002564.7949725715,"city_id":10991,"country_iso":"CHN"},{"h3index":"87318d95bffffff","population_2015":2055.0352392197,"total_built_mass_tons":703236.5505160576,"city_id":10991,"country_iso":"CHN"},{"h3index":"87318d95cffffff","population_2015":19744.1804897952,"total_built_mass_tons":1759731.0576243822,"city_id":10991,"country_iso":"CHN"},{"h3index":"87318d95dffffff","population_2015":8041.3114240829,"total_built_mass_tons":1449972.3707193341,"city_id":10991,"country_iso":"CHN"},{"h3index":"87318d95effffff","population_2015":12035.4503342498,"total_built_mass_tons":4627783.0590730123,"city_id":10991,"country_iso":"CHN"},{"h3index":"87318d972ffffff","population_2015":381.5949919233,"total_built_mass_tons":1697304.4498694693,"city_id":10991,"country_iso":"CHN"},{"h3index":"87318d981ffffff","population_2015":5.6901636105,"total_built_mass_tons":6071.7164791776,"city_id":10991,"country_iso":"CHN"},{"h3index":"87318d984ffffff","population_2015":2041.7018272105,"total_built_mass_tons":763587.9687335377,"city_id":10991,"country_iso":"CHN"},{"h3index":"87318d985ffffff","population_2015":7161.3333007513,"total_built_mass_tons":1782791.7656044704,"city_id":10991,"country_iso":"CHN"},{"h3index":"87318d986ffffff","population_2015":34.3973927834,"total_built_mass_tons":51831.8670623637,"city_id":10991,"country_iso":"CHN"},{"h3index":"87318d988ffffff","population_2015":365.8794859157,"total_built_mass_tons":143256.160264575,"city_id":10991,"country_iso":"CHN"},{"h3index":"87318d989ffffff","population_2015":3629.7149938135,"total_built_mass_tons":1015542.5551367764,"city_id":10991,"country_iso":"CHN"},{"h3index":"87318d98bffffff","population_2015":4621.5705206013,"total_built_mass_tons":1783629.0755067067,"city_id":10991,"country_iso":"CHN"},{"h3index":"87318d98cffffff","population_2015":253.7042222565,"total_built_mass_tons":176073.5216926052,"city_id":10991,"country_iso":"CHN"},{"h3index":"87318d98dffffff","population_2015":2579.2508061082,"total_built_mass_tons":1128313.487341922,"city_id":10991,"country_iso":"CHN"},{"h3index":"87318d9a2ffffff","population_2015":2902.9263533821,"total_built_mass_tons":1585193.2652516498,"city_id":10991,"country_iso":"CHN"},{"h3index":"87318d9a3ffffff","population_2015":4213.1209806667,"total_built_mass_tons":1323642.2698635547,"city_id":10991,"country_iso":"CHN"},{"h3index":"87318d9a8ffffff","population_2015":1052.1477757244,"total_built_mass_tons":664473.3351695684,"city_id":10991,"country_iso":"CHN"},{"h3index":"87318d9a9ffffff","population_2015":13751.5943696602,"total_built_mass_tons":1975968.9717433387,"city_id":10991,"country_iso":"CHN"},{"h3index":"87318d9aaffffff","population_2015":7305.0356124663,"total_built_mass_tons":1632919.4007016243,"city_id":10991,"country_iso":"CHN"},{"h3index":"87318d9abffffff","population_2015":8149.0631742094,"total_built_mass_tons":1220484.0502913804,"city_id":10991,"country_iso":"CHN"},{"h3index":"87318d9acffffff","population_2015":275.191249249,"total_built_mass_tons":175310.865516314,"city_id":10991,"country_iso":"CHN"},{"h3index":"87318d9adffffff","population_2015":1271.359920267,"total_built_mass_tons":1179501.560219388,"city_id":10991,"country_iso":"CHN"},{"h3index":"87318d9aeffffff","population_2015":7734.3009711836,"total_built_mass_tons":2152815.7631703746,"city_id":10991,"country_iso":"CHN"},{"h3index":"87318d9b1ffffff","population_2015":701.0470798287,"total_built_mass_tons":274793.5685496235,"city_id":10991,"country_iso":"CHN"},{"h3index":"87318d9b5ffffff","population_2015":121.8936085645,"total_built_mass_tons":56851.4302505398,"city_id":10991,"country_iso":"CHN"}]