[{"h3index":"874063b09ffffff","population_2015":3733.6462012833,"total_built_mass_tons":1170723.39929823,"city_id":10410,"country_iso":"CHN"},{"h3index":"874063b54ffffff","population_2015":128.4404147803,"total_built_mass_tons":71087.6220169381,"city_id":10410,"country_iso":"CHN"},{"h3index":"874063b70ffffff","population_2015":97.2270745876,"total_built_mass_tons":52599.6475900326,"city_id":10410,"country_iso":"CHN"},{"h3index":"874063b72ffffff","population_2015":18166.8980762164,"total_built_mass_tons":2818012.8940345738,"city_id":10410,"country_iso":"CHN"},{"h3index":"874063b76ffffff","population_2015":332.8583291016,"total_built_mass_tons":180036.5160490586,"city_id":10410,"country_iso":"CHN"}]