[{"h3index":"8724d2305ffffff","population_2015":28.5998190076,"total_built_mass_tons":31840.0419896501,"city_id":10138,"country_iso":"CHN"},{"h3index":"8724d230cffffff","population_2015":109.5080140291,"total_built_mass_tons":184610.5834644886,"city_id":10138,"country_iso":"CHN"},{"h3index":"8724d2328ffffff","population_2015":5750.1962388679,"total_built_mass_tons":1085272.3614036948,"city_id":10138,"country_iso":"CHN"},{"h3index":"8724d232affffff","population_2015":10496.6169286971,"total_built_mass_tons":2413983.4794716979,"city_id":10138,"country_iso":"CHN"},{"h3index":"8724d232bffffff","population_2015":590.1067198239,"total_built_mass_tons":441224.8000032845,"city_id":10138,"country_iso":"CHN"},{"h3index":"8724d232cffffff","population_2015":3231.3861409706,"total_built_mass_tons":737872.3851818673,"city_id":10138,"country_iso":"CHN"},{"h3index":"8724d232effffff","population_2015":4872.9800048136,"total_built_mass_tons":1051565.3157202366,"city_id":10138,"country_iso":"CHN"}]