[{"h3index": "8740b3810ffffff", "population_2015": 575.5290065868228, "total_built_mass_tons": 397565.6366070936, "city_id": 11284, "country_iso": "CHN"}, {"h3index": "8740b3811ffffff", "population_2015": 334.6091330416062, "total_built_mass_tons": 185470.9864640627, "city_id": 11284, "country_iso": "CHN"}, {"h3index": "8740b3812ffffff", "population_2015": 632.2807597889621, "total_built_mass_tons": 178468.68124549044, "city_id": 11284, "country_iso": "CHN"}, {"h3index": "8740b3813ffffff", "population_2015": 2299.1160190862774, "total_built_mass_tons": 547192.1618384329, "city_id": 11284, "country_iso": "CHN"}, {"h3index": "8740b3818ffffff", "population_2015": 429.5754213772567, "total_built_mass_tons": 407695.2157414066, "city_id": 11284, "country_iso": "CHN"}, {"h3index": "8740b381affffff", "population_2015": 127.90160677947252, "total_built_mass_tons": 46313.20956389122, "city_id": 11284, "country_iso": "CHN"}, {"h3index": "8740b381cffffff", "population_2015": 714.1254277276058, "total_built_mass_tons": 303819.88189135294, "city_id": 11284, "country_iso": "CHN"}, {"h3index": "8740b381dffffff", "population_2015": 29.62688871084475, "total_built_mass_tons": 19890.686593026297, "city_id": 11284, "country_iso": "CHN"}, {"h3index": "8740b381effffff", "population_2015": 1095.8674442010763, "total_built_mass_tons": 646337.3508347812, "city_id": 11284, "country_iso": "CHN"}, {"h3index": "8740b3881ffffff", "population_2015": 261.70050918915695, "total_built_mass_tons": 213523.9203259666, "city_id": 11284, "country_iso": "CHN"}, {"h3index": "8740b3883ffffff", "population_2015": 5.8729505595038916, "total_built_mass_tons": 7292.170108146038, "city_id": 11284, "country_iso": "CHN"}, {"h3index": "8740b3885ffffff", "population_2015": 40.38981784184774, "total_built_mass_tons": 46461.334608322155, "city_id": 11284, "country_iso": "CHN"}, {"h3index": "8740b3888ffffff", "population_2015": 479.7032921791077, "total_built_mass_tons": 480288.80305287504, "city_id": 11284, "country_iso": "CHN"}, {"h3index": "8740b3889ffffff", "population_2015": 413.67909372367114, "total_built_mass_tons": 641063.1194369938, "city_id": 11284, "country_iso": "CHN"}, {"h3index": "8740b388affffff", "population_2015": 289.6137012883729, "total_built_mass_tons": 667861.3043223247, "city_id": 11284, "country_iso": "CHN"}, {"h3index": "8740b388bffffff", "population_2015": 155.5911462204129, "total_built_mass_tons": 262092.19577439045, "city_id": 11284, "country_iso": "CHN"}, {"h3index": "8740b388cffffff", "population_2015": 3300.3171836609945, "total_built_mass_tons": 1433157.8177903336, "city_id": 11284, "country_iso": "CHN"}, {"h3index": "8740b388dffffff", "population_2015": 1814.5553395869683, "total_built_mass_tons": 858407.9645394867, "city_id": 11284, "country_iso": "CHN"}, {"h3index": "8740b388effffff", "population_2015": 705.9902893907882, "total_built_mass_tons": 1148087.6273355128, "city_id": 11284, "country_iso": "CHN"}, {"h3index": "8740b389dffffff", "population_2015": 22.933653707130283, "total_built_mass_tons": 35110.312119211994, "city_id": 11284, "country_iso": "CHN"}, {"h3index": "8740b38a1ffffff", "population_2015": 2082.0678092582552, "total_built_mass_tons": 624116.4759721975, "city_id": 11284, "country_iso": "CHN"}, {"h3index": "8740b38a3ffffff", "population_2015": 219.86603369525835, "total_built_mass_tons": 258621.82689181608, "city_id": 11284, "country_iso": "CHN"}, {"h3index": "8740b38a8ffffff", "population_2015": 26024.207350667315, "total_built_mass_tons": 7250384.805128751, "city_id": 11284, "country_iso": "CHN"}, {"h3index": "8740b38a9ffffff", "population_2015": 13277.952338832034, "total_built_mass_tons": 3038770.2314195773, "city_id": 11284, "country_iso": "CHN"}, {"h3index": "8740b38aaffffff", "population_2015": 6031.889539275449, "total_built_mass_tons": 1490672.6853299951, "city_id": 11284, "country_iso": "CHN"}, {"h3index": "8740b38abffffff", "population_2015": 6530.542753010172, "total_built_mass_tons": 2251973.7177832923, "city_id": 11284, "country_iso": "CHN"}, {"h3index": "8740b38acffffff", "population_2015": 4081.0314396465537, "total_built_mass_tons": 1451398.1152143804, "city_id": 11284, "country_iso": "CHN"}, {"h3index": "8740b38adffffff", "population_2015": 8255.816966399025, "total_built_mass_tons": 1800075.4193111483, "city_id": 11284, "country_iso": "CHN"}, {"h3index": "8740b38aeffffff", "population_2015": 5720.968777609804, "total_built_mass_tons": 2034671.999468838, "city_id": 11284, "country_iso": "CHN"}, {"h3index": "8740b38f4ffffff", "population_2015": 353.8403648282968, "total_built_mass_tons": 177430.57877273555, "city_id": 11284, "country_iso": "CHN"}, {"h3index": "8740b38f6ffffff", "population_2015": 3833.3051813985785, "total_built_mass_tons": 1170305.1296596448, "city_id": 11284, "country_iso": "CHN"}]