[{"h3index": "871972814ffffff", "population_2015": 1.4784742542926004, "total_built_mass_tons": 19965.10976912001, "city_id": 1763, "country_iso": "GBR"}, {"h3index": "871972816ffffff", "population_2015": 2741.176371424337, "total_built_mass_tons": 1034124.2930231908, "city_id": 1763, "country_iso": "GBR"}, {"h3index": "871972886ffffff", "population_2015": 3512.660338881611, "total_built_mass_tons": 1342987.7277710426, "city_id": 1763, "country_iso": "GBR"}, {"h3index": "871972894ffffff", "population_2015": 4643.732666591862, "total_built_mass_tons": 1607005.3025353334, "city_id": 1763, "country_iso": "GBR"}, {"h3index": "871972895ffffff", "population_2015": 2.903146141183143, "total_built_mass_tons": 15498.041171904484, "city_id": 1763, "country_iso": "GBR"}, {"h3index": "8719728a0ffffff", "population_2015": 5584.959130559716, "total_built_mass_tons": 1756246.2292430769, "city_id": 1763, "country_iso": "GBR"}, {"h3index": "8719728a1ffffff", "population_2015": 807.4780558129152, "total_built_mass_tons": 338055.50441999576, "city_id": 1763, "country_iso": "GBR"}, {"h3index": "8719728a2ffffff", "population_2015": 5255.211144142876, "total_built_mass_tons": 2704898.303147931, "city_id": 1763, "country_iso": "GBR"}, {"h3index": "8719728a3ffffff", "population_2015": 104.97278001413623, "total_built_mass_tons": 37575.07560257967, "city_id": 1763, "country_iso": "GBR"}, {"h3index": "8719728a4ffffff", "population_2015": 2721.9947910525125, "total_built_mass_tons": 1588895.4252424836, "city_id": 1763, "country_iso": "GBR"}, {"h3index": "8719728a5ffffff", "population_2015": 8646.108018980542, "total_built_mass_tons": 2673259.122702809, "city_id": 1763, "country_iso": "GBR"}, {"h3index": "8719728a6ffffff", "population_2015": 11201.964754036711, "total_built_mass_tons": 2833534.553540028, "city_id": 1763, "country_iso": "GBR"}, {"h3index": "8719728b0ffffff", "population_2015": 10302.616386016914, "total_built_mass_tons": 4374799.672818582, "city_id": 1763, "country_iso": "GBR"}, {"h3index": "8719728b1ffffff", "population_2015": 19293.661678426648, "total_built_mass_tons": 5360061.686866097, "city_id": 1763, "country_iso": "GBR"}, {"h3index": "8719728b2ffffff", "population_2015": 6394.035662620443, "total_built_mass_tons": 1946154.582481963, "city_id": 1763, "country_iso": "GBR"}, {"h3index": "8719728b3ffffff", "population_2015": 13726.843076545296, "total_built_mass_tons": 3547109.665423876, "city_id": 1763, "country_iso": "GBR"}, {"h3index": "8719728b4ffffff", "population_2015": 2096.768973640367, "total_built_mass_tons": 537785.7615949726, "city_id": 1763, "country_iso": "GBR"}, {"h3index": "8719728b5ffffff", "population_2015": 8730.33522330558, "total_built_mass_tons": 2278198.6733536096, "city_id": 1763, "country_iso": "GBR"}, {"h3index": "8719728b6ffffff", "population_2015": 4725.4777187962745, "total_built_mass_tons": 1150680.2755293583, "city_id": 1763, "country_iso": "GBR"}, {"h3index": "871972989ffffff", "population_2015": 2881.575742096761, "total_built_mass_tons": 823981.7993691926, "city_id": 1763, "country_iso": "GBR"}, {"h3index": "87197298bffffff", "population_2015": 2996.4850185457976, "total_built_mass_tons": 821161.009889078, "city_id": 1763, "country_iso": "GBR"}, {"h3index": "871972999ffffff", "population_2015": 203.20308248786367, "total_built_mass_tons": 63004.872159758255, "city_id": 1763, "country_iso": "GBR"}, {"h3index": "87197299bffffff", "population_2015": 1295.3753857388217, "total_built_mass_tons": 371019.098427749, "city_id": 1763, "country_iso": "GBR"}, {"h3index": "871972d49ffffff", "population_2015": 47.3025732124553, "total_built_mass_tons": 274248.07379144244, "city_id": 1763, "country_iso": "GBR"}]