[{"h3index": "874574904ffffff", "population_2015": 18.62602199713389, "total_built_mass_tons": 14619.310381282432, "city_id": 290, "country_iso": "MEX"}, {"h3index": "874574914ffffff", "population_2015": 11.785988033752815, "total_built_mass_tons": 52047.899413398576, "city_id": 290, "country_iso": "MEX"}, {"h3index": "874574920ffffff", "population_2015": 79.02719328917708, "total_built_mass_tons": 176268.5477934846, "city_id": 290, "country_iso": "MEX"}, {"h3index": "874574922ffffff", "population_2015": 24637.78615370978, "total_built_mass_tons": 4541935.370703527, "city_id": 290, "country_iso": "MEX"}, {"h3index": "874574923ffffff", "population_2015": 4.686540852340998, "total_built_mass_tons": 20411.330365935457, "city_id": 290, "country_iso": "MEX"}, {"h3index": "874574926ffffff", "population_2015": 3972.24254251929, "total_built_mass_tons": 574792.3664583906, "city_id": 290, "country_iso": "MEX"}, {"h3index": "874574930ffffff", "population_2015": 26001.30628514395, "total_built_mass_tons": 2830042.1182101066, "city_id": 290, "country_iso": "MEX"}, {"h3index": "874574931ffffff", "population_2015": 23478.248550184104, "total_built_mass_tons": 2565732.865656389, "city_id": 290, "country_iso": "MEX"}, {"h3index": "874574932ffffff", "population_2015": 18951.152292446295, "total_built_mass_tons": 2497447.4109069095, "city_id": 290, "country_iso": "MEX"}, {"h3index": "874574933ffffff", "population_2015": 10645.619434801734, "total_built_mass_tons": 1332732.6863334023, "city_id": 290, "country_iso": "MEX"}, {"h3index": "874574934ffffff", "population_2015": 9.820901283563352, "total_built_mass_tons": 47930.30472230834, "city_id": 290, "country_iso": "MEX"}, {"h3index": "874574935ffffff", "population_2015": 35498.44684275831, "total_built_mass_tons": 3939014.8147340417, "city_id": 290, "country_iso": "MEX"}, {"h3index": "874574936ffffff", "population_2015": 10741.837519598008, "total_built_mass_tons": 690961.2003615194, "city_id": 290, "country_iso": "MEX"}]