[{"h3index": "8728d0a28ffffff", "population_2015": 36.42070329703537, "total_built_mass_tons": 480764.0212347398, "city_id": 140, "country_iso": "USA"}, {"h3index": "8728d0a29ffffff", "population_2015": 6176.609888063578, "total_built_mass_tons": 2502020.7836050037, "city_id": 140, "country_iso": "USA"}, {"h3index": "8728d0a2cffffff", "population_2015": 122.21979176761565, "total_built_mass_tons": 483041.98505945026, "city_id": 140, "country_iso": "USA"}, {"h3index": "8728d0a2dffffff", "population_2015": 9496.44925765067, "total_built_mass_tons": 4099988.0650243447, "city_id": 140, "country_iso": "USA"}, {"h3index": "8728d0a74ffffff", "population_2015": 2.006979066717858, "total_built_mass_tons": 85746.07445027762, "city_id": 140, "country_iso": "USA"}, {"h3index": "8728d0b0dffffff", "population_2015": 473.8995965854794, "total_built_mass_tons": 197821.8367071743, "city_id": 140, "country_iso": "USA"}, {"h3index": "8728d0b28ffffff", "population_2015": 5584.823456366623, "total_built_mass_tons": 2014333.343136195, "city_id": 140, "country_iso": "USA"}, {"h3index": "8728d0b29ffffff", "population_2015": 5608.222816100775, "total_built_mass_tons": 2176202.9375355924, "city_id": 140, "country_iso": "USA"}, {"h3index": "8728d0b2affffff", "population_2015": 616.6519665110346, "total_built_mass_tons": 241391.8116184573, "city_id": 140, "country_iso": "USA"}, {"h3index": "8728d0b2bffffff", "population_2015": 5822.2602790706305, "total_built_mass_tons": 2147018.300871679, "city_id": 140, "country_iso": "USA"}, {"h3index": "8728d0b2dffffff", "population_2015": 4906.015145906866, "total_built_mass_tons": 1653553.8713912067, "city_id": 140, "country_iso": "USA"}, {"h3index": "8728d0b2effffff", "population_2015": 275.94480634343387, "total_built_mass_tons": 131485.9107584712, "city_id": 140, "country_iso": "USA"}, {"h3index": "8728d0b40ffffff", "population_2015": 118.98239673940172, "total_built_mass_tons": 4541500.0621266095, "city_id": 140, "country_iso": "USA"}, {"h3index": "8728d0b41ffffff", "population_2015": 2550.3987717987234, "total_built_mass_tons": 1528753.743142193, "city_id": 140, "country_iso": "USA"}, {"h3index": "8728d0b42ffffff", "population_2015": 4297.797832360936, "total_built_mass_tons": 2881482.7258494073, "city_id": 140, "country_iso": "USA"}, {"h3index": "8728d0b43ffffff", "population_2015": 1992.0963960095944, "total_built_mass_tons": 1434367.9714976517, "city_id": 140, "country_iso": "USA"}, {"h3index": "8728d0b44ffffff", "population_2015": 1071.677398837981, "total_built_mass_tons": 2834428.9926156774, "city_id": 140, "country_iso": "USA"}, {"h3index": "8728d0b45ffffff", "population_2015": 3457.3079983178072, "total_built_mass_tons": 2096640.4347771113, "city_id": 140, "country_iso": "USA"}, {"h3index": "8728d0b46ffffff", "population_2015": 10622.212637575994, "total_built_mass_tons": 3112370.6344977883, "city_id": 140, "country_iso": "USA"}, {"h3index": "8728d0b4effffff", "population_2015": 34.740729827273135, "total_built_mass_tons": 240519.5651366122, "city_id": 140, "country_iso": "USA"}, {"h3index": "8728d0b50ffffff", "population_2015": 2309.957660438033, "total_built_mass_tons": 1242307.1994872324, "city_id": 140, "country_iso": "USA"}, {"h3index": "8728d0b51ffffff", "population_2015": 4987.861609763842, "total_built_mass_tons": 2448263.8662536903, "city_id": 140, "country_iso": "USA"}, {"h3index": "8728d0b53ffffff", "population_2015": 1916.7897871969667, "total_built_mass_tons": 1789595.8005402675, "city_id": 140, "country_iso": "USA"}, {"h3index": "8728d0b54ffffff", "population_2015": 818.1090152883065, "total_built_mass_tons": 450969.78401600546, "city_id": 140, "country_iso": "USA"}, {"h3index": "8728d0b55ffffff", "population_2015": 8255.726855385068, "total_built_mass_tons": 3188467.610333708, "city_id": 140, "country_iso": "USA"}, {"h3index": "8728d0b5affffff", "population_2015": 3396.1477919050294, "total_built_mass_tons": 2058589.279438979, "city_id": 140, "country_iso": "USA"}, {"h3index": "8728d0b5cffffff", "population_2015": 1387.4872786220385, "total_built_mass_tons": 841170.5603211705, "city_id": 140, "country_iso": "USA"}, {"h3index": "8728d0b5effffff", "population_2015": 6132.888577293417, "total_built_mass_tons": 2821086.1034817947, "city_id": 140, "country_iso": "USA"}, {"h3index": "8728d0b60ffffff", "population_2015": 3179.148485366306, "total_built_mass_tons": 2031866.851362012, "city_id": 140, "country_iso": "USA"}, {"h3index": "8728d0b61ffffff", "population_2015": 1567.704224018665, "total_built_mass_tons": 762902.6357689858, "city_id": 140, "country_iso": "USA"}, {"h3index": "8728d0b62ffffff", "population_2015": 3851.646824224032, "total_built_mass_tons": 3027312.911518782, "city_id": 140, "country_iso": "USA"}, {"h3index": "8728d0b63ffffff", "population_2015": 4088.9257140280006, "total_built_mass_tons": 2820788.062655677, "city_id": 140, "country_iso": "USA"}, {"h3index": "8728d0b64ffffff", "population_2015": 9790.83948830904, "total_built_mass_tons": 3198589.489298014, "city_id": 140, "country_iso": "USA"}, {"h3index": "8728d0b65ffffff", "population_2015": 1793.929321333941, "total_built_mass_tons": 722234.413159918, "city_id": 140, "country_iso": "USA"}, {"h3index": "8728d0b66ffffff", "population_2015": 7388.715950370768, "total_built_mass_tons": 2524341.3761103316, "city_id": 140, "country_iso": "USA"}, {"h3index": "8728d0b6effffff", "population_2015": 1215.9190423292273, "total_built_mass_tons": 823718.1848687358, "city_id": 140, "country_iso": "USA"}, {"h3index": "8728d0b70ffffff", "population_2015": 8562.881017059908, "total_built_mass_tons": 3082305.290498148, "city_id": 140, "country_iso": "USA"}, {"h3index": "8728d0b71ffffff", "population_2015": 11203.458124541889, "total_built_mass_tons": 3503430.2303551994, "city_id": 140, "country_iso": "USA"}, {"h3index": "8728d0b72ffffff", "population_2015": 4648.415577806209, "total_built_mass_tons": 2047116.0846501845, "city_id": 140, "country_iso": "USA"}, {"h3index": "8728d0b73ffffff", "population_2015": 6207.692847806624, "total_built_mass_tons": 3503781.624975679, "city_id": 140, "country_iso": "USA"}, {"h3index": "8728d0b74ffffff", "population_2015": 4525.693401414506, "total_built_mass_tons": 2417422.7202261994, "city_id": 140, "country_iso": "USA"}, {"h3index": "8728d0b75ffffff", "population_2015": 12584.824804398388, "total_built_mass_tons": 3586887.0893375734, "city_id": 140, "country_iso": "USA"}, {"h3index": "8728d0b76ffffff", "population_2015": 6509.035679759931, "total_built_mass_tons": 2531291.011757525, "city_id": 140, "country_iso": "USA"}, {"h3index": "8728d4248ffffff", "population_2015": 19.477075760504786, "total_built_mass_tons": 50253.865949746585, "city_id": 140, "country_iso": "USA"}, {"h3index": "8728d4249ffffff", "population_2015": 1514.8634271535218, "total_built_mass_tons": 706713.6636487447, "city_id": 140, "country_iso": "USA"}, {"h3index": "8728d424cffffff", "population_2015": 189.42402805487313, "total_built_mass_tons": 134016.27945620962, "city_id": 140, "country_iso": "USA"}, {"h3index": "8728d424dffffff", "population_2015": 3494.8965538064645, "total_built_mass_tons": 1802236.1360906272, "city_id": 140, "country_iso": "USA"}, {"h3index": "8728d4259ffffff", "population_2015": 137.87943005655325, "total_built_mass_tons": 27403.56957019426, "city_id": 140, "country_iso": "USA"}, {"h3index": "8728d425bffffff", "population_2015": 1765.1820976780612, "total_built_mass_tons": 1072123.681268064, "city_id": 140, "country_iso": "USA"}, {"h3index": "8728d4268ffffff", "population_2015": 3606.7082478370153, "total_built_mass_tons": 1222782.1462167827, "city_id": 140, "country_iso": "USA"}, {"h3index": "8728d4269ffffff", "population_2015": 4911.041247846566, "total_built_mass_tons": 2032223.803746666, "city_id": 140, "country_iso": "USA"}, {"h3index": "8728d426bffffff", "population_2015": 888.4874504153637, "total_built_mass_tons": 403378.7235617412, "city_id": 140, "country_iso": "USA"}, {"h3index": "8728d426dffffff", "population_2015": 1881.629746869031, "total_built_mass_tons": 944141.2795372432, "city_id": 140, "country_iso": "USA"}, {"h3index": "8728d426effffff", "population_2015": 429.6596773802066, "total_built_mass_tons": 253522.78599073624, "city_id": 140, "country_iso": "USA"}, {"h3index": "8728d4349ffffff", "population_2015": 346.39700534682646, "total_built_mass_tons": 205117.43080861884, "city_id": 140, "country_iso": "USA"}, {"h3index": "8728d4a41ffffff", "population_2015": 1666.4511718721951, "total_built_mass_tons": 689077.3271430618, "city_id": 140, "country_iso": "USA"}, {"h3index": "8728d4a48ffffff", "population_2015": 2655.7144111497732, "total_built_mass_tons": 1397633.775305117, "city_id": 140, "country_iso": "USA"}, {"h3index": "8728d4a49ffffff", "population_2015": 4801.274973411654, "total_built_mass_tons": 2554839.0625950987, "city_id": 140, "country_iso": "USA"}, {"h3index": "8728d4a4affffff", "population_2015": 327.39434600770477, "total_built_mass_tons": 264620.69724346825, "city_id": 140, "country_iso": "USA"}, {"h3index": "8728d4a4bffffff", "population_2015": 5283.899398579784, "total_built_mass_tons": 2553955.2722880235, "city_id": 140, "country_iso": "USA"}, {"h3index": "8728d4a4cffffff", "population_2015": 3131.9885200258705, "total_built_mass_tons": 1662397.0308350672, "city_id": 140, "country_iso": "USA"}, {"h3index": "8728d4a4dffffff", "population_2015": 3880.003109805724, "total_built_mass_tons": 2718006.418842164, "city_id": 140, "country_iso": "USA"}, {"h3index": "8728d4a4effffff", "population_2015": 15.710204038432998, "total_built_mass_tons": 6973.646524118285, "city_id": 140, "country_iso": "USA"}, {"h3index": "8728d4a68ffffff", "population_2015": 1466.001245198063, "total_built_mass_tons": 861403.1953212853, "city_id": 140, "country_iso": "USA"}, {"h3index": "8728d4a69ffffff", "population_2015": 7030.695286797072, "total_built_mass_tons": 2788945.270972544, "city_id": 140, "country_iso": "USA"}, {"h3index": "8728d4a6affffff", "population_2015": 814.2311846169476, "total_built_mass_tons": 272603.23660837195, "city_id": 140, "country_iso": "USA"}, {"h3index": "8728d4a6bffffff", "population_2015": 4756.127063343283, "total_built_mass_tons": 2645386.5556382826, "city_id": 140, "country_iso": "USA"}, {"h3index": "8728d4a6cffffff", "population_2015": 46.56289465076783, "total_built_mass_tons": 57459.463890760686, "city_id": 140, "country_iso": "USA"}, {"h3index": "8728d4a6dffffff", "population_2015": 1228.6355570166718, "total_built_mass_tons": 858924.58224296, "city_id": 140, "country_iso": "USA"}, {"h3index": "8728d5400ffffff", "population_2015": 1.049022637161554, "total_built_mass_tons": 467255.0797647022, "city_id": 140, "country_iso": "USA"}, {"h3index": "8728d5401ffffff", "population_2015": 6846.572292178926, "total_built_mass_tons": 2592291.6952583375, "city_id": 140, "country_iso": "USA"}, {"h3index": "8728d5402ffffff", "population_2015": 1.1787379657520969, "total_built_mass_tons": 418485.8783617743, "city_id": 140, "country_iso": "USA"}, {"h3index": "8728d5403ffffff", "population_2015": 2762.443091375911, "total_built_mass_tons": 1539327.9140824007, "city_id": 140, "country_iso": "USA"}, {"h3index": "8728d5404ffffff", "population_2015": 501.6180891621346, "total_built_mass_tons": 641300.3172877944, "city_id": 140, "country_iso": "USA"}, {"h3index": "8728d5405ffffff", "population_2015": 3519.1901843852856, "total_built_mass_tons": 1467745.862646671, "city_id": 140, "country_iso": "USA"}, {"h3index": "8728d5406ffffff", "population_2015": 1756.9151632569587, "total_built_mass_tons": 1542456.6722709548, "city_id": 140, "country_iso": "USA"}, {"h3index": "8728d5408ffffff", "population_2015": 13087.421574529008, "total_built_mass_tons": 4276019.903543033, "city_id": 140, "country_iso": "USA"}, {"h3index": "8728d5409ffffff", "population_2015": 13968.99256766508, "total_built_mass_tons": 4316601.903942339, "city_id": 140, "country_iso": "USA"}, {"h3index": "8728d540affffff", "population_2015": 7338.894556494905, "total_built_mass_tons": 2898229.670618863, "city_id": 140, "country_iso": "USA"}, {"h3index": "8728d540bffffff", "population_2015": 11632.89999790367, "total_built_mass_tons": 3580525.4895900623, "city_id": 140, "country_iso": "USA"}, {"h3index": "8728d540cffffff", "population_2015": 24828.302168400503, "total_built_mass_tons": 4666389.616873731, "city_id": 140, "country_iso": "USA"}, {"h3index": "8728d540dffffff", "population_2015": 10756.195624364014, "total_built_mass_tons": 3202864.5648862286, "city_id": 140, "country_iso": "USA"}, {"h3index": "8728d540effffff", "population_2015": 11677.332302073226, "total_built_mass_tons": 3769618.686772001, "city_id": 140, "country_iso": "USA"}, {"h3index": "8728d5410ffffff", "population_2015": 4608.768303066842, "total_built_mass_tons": 2484365.0440769447, "city_id": 140, "country_iso": "USA"}, {"h3index": "8728d5411ffffff", "population_2015": 7598.325611413697, "total_built_mass_tons": 3745786.139144818, "city_id": 140, "country_iso": "USA"}, {"h3index": "8728d5412ffffff", "population_2015": 5149.350644394113, "total_built_mass_tons": 2954823.92819452, "city_id": 140, "country_iso": "USA"}, {"h3index": "8728d5413ffffff", "population_2015": 4755.863507614885, "total_built_mass_tons": 2552197.004710429, "city_id": 140, "country_iso": "USA"}, {"h3index": "8728d5414ffffff", "population_2015": 295.4791869577094, "total_built_mass_tons": 410731.95978372585, "city_id": 140, "country_iso": "USA"}, {"h3index": "8728d5415ffffff", "population_2015": 4712.197537874811, "total_built_mass_tons": 2595245.8568145134, "city_id": 140, "country_iso": "USA"}, {"h3index": "8728d5416ffffff", "population_2015": 5674.378892956688, "total_built_mass_tons": 2603577.400270322, "city_id": 140, "country_iso": "USA"}, {"h3index": "8728d5418ffffff", "population_2015": 3793.712490945995, "total_built_mass_tons": 1728188.90235184, "city_id": 140, "country_iso": "USA"}, {"h3index": "8728d5419ffffff", "population_2015": 470.2810343926736, "total_built_mass_tons": 527904.5920932308, "city_id": 140, "country_iso": "USA"}, {"h3index": "8728d541affffff", "population_2015": 9969.097076816475, "total_built_mass_tons": 3086071.367422319, "city_id": 140, "country_iso": "USA"}, {"h3index": "8728d541bffffff", "population_2015": 6300.634435559079, "total_built_mass_tons": 2683196.2369504785, "city_id": 140, "country_iso": "USA"}, {"h3index": "8728d541cffffff", "population_2015": 759.8615796772599, "total_built_mass_tons": 566448.9835351232, "city_id": 140, "country_iso": "USA"}, {"h3index": "8728d541dffffff", "population_2015": 608.3211069655043, "total_built_mass_tons": 959150.887033472, "city_id": 140, "country_iso": "USA"}, {"h3index": "8728d541effffff", "population_2015": 5447.299944681981, "total_built_mass_tons": 2322194.1336300164, "city_id": 140, "country_iso": "USA"}, {"h3index": "8728d5420ffffff", "population_2015": 1238.036086890744, "total_built_mass_tons": 845271.1150640816, "city_id": 140, "country_iso": "USA"}, {"h3index": "8728d5421ffffff", "population_2015": 20060.485225714336, "total_built_mass_tons": 5579956.462637515, "city_id": 140, "country_iso": "USA"}, {"h3index": "8728d5422ffffff", "population_2015": 107.64618624460464, "total_built_mass_tons": 457526.57077828096, "city_id": 140, "country_iso": "USA"}, {"h3index": "8728d5423ffffff", "population_2015": 3062.877229051029, "total_built_mass_tons": 1303304.9265285488, "city_id": 140, "country_iso": "USA"}, {"h3index": "8728d5424ffffff", "population_2015": 1537.9682622044695, "total_built_mass_tons": 905228.1461146964, "city_id": 140, "country_iso": "USA"}, {"h3index": "8728d5425ffffff", "population_2015": 12453.456025136818, "total_built_mass_tons": 4074333.9049816714, "city_id": 140, "country_iso": "USA"}, {"h3index": "8728d5426ffffff", "population_2015": 2962.839093017578, "total_built_mass_tons": 1736184.8404106577, "city_id": 140, "country_iso": "USA"}, {"h3index": "8728d5428ffffff", "population_2015": 11743.821159341664, "total_built_mass_tons": 3660584.594132504, "city_id": 140, "country_iso": "USA"}, {"h3index": "8728d5429ffffff", "population_2015": 15719.818045616752, "total_built_mass_tons": 4435311.914066753, "city_id": 140, "country_iso": "USA"}, {"h3index": "8728d542affffff", "population_2015": 6285.111845122365, "total_built_mass_tons": 4015123.92201095, "city_id": 140, "country_iso": "USA"}, {"h3index": "8728d542bffffff", "population_2015": 16828.601603455, "total_built_mass_tons": 5079482.579248896, "city_id": 140, "country_iso": "USA"}, {"h3index": "8728d542cffffff", "population_2015": 33907.98645568596, "total_built_mass_tons": 9976107.881358417, "city_id": 140, "country_iso": "USA"}, {"h3index": "8728d542dffffff", "population_2015": 18005.414452504185, "total_built_mass_tons": 4585138.004267754, "city_id": 140, "country_iso": "USA"}, {"h3index": "8728d542effffff", "population_2015": 17233.27946115955, "total_built_mass_tons": 3980559.187720079, "city_id": 140, "country_iso": "USA"}, {"h3index": "8728d5430ffffff", "population_2015": 9925.102486857242, "total_built_mass_tons": 5760942.976306282, "city_id": 140, "country_iso": "USA"}, {"h3index": "8728d5431ffffff", "population_2015": 3710.756767739737, "total_built_mass_tons": 2830954.1445098454, "city_id": 140, "country_iso": "USA"}, {"h3index": "8728d5432ffffff", "population_2015": 1564.9486456051031, "total_built_mass_tons": 3367199.6602037903, "city_id": 140, "country_iso": "USA"}, {"h3index": "8728d5433ffffff", "population_2015": 3499.0991026204015, "total_built_mass_tons": 2888432.2702403353, "city_id": 140, "country_iso": "USA"}, {"h3index": "8728d5434ffffff", "population_2015": 3000.6783396248725, "total_built_mass_tons": 2100964.410882832, "city_id": 140, "country_iso": "USA"}, {"h3index": "8728d5435ffffff", "population_2015": 939.1156996259504, "total_built_mass_tons": 739158.1712784618, "city_id": 140, "country_iso": "USA"}, {"h3index": "8728d5436ffffff", "population_2015": 3539.3483659983194, "total_built_mass_tons": 1976220.492259668, "city_id": 140, "country_iso": "USA"}, {"h3index": "8728d5450ffffff", "population_2015": 6286.60940928833, "total_built_mass_tons": 2262487.47708645, "city_id": 140, "country_iso": "USA"}, {"h3index": "8728d5452ffffff", "population_2015": 9228.335131342918, "total_built_mass_tons": 3690913.7864857577, "city_id": 140, "country_iso": "USA"}, {"h3index": "8728d5453ffffff", "population_2015": 817.2376469009063, "total_built_mass_tons": 785367.664829173, "city_id": 140, "country_iso": "USA"}, {"h3index": "8728d5454ffffff", "population_2015": 10454.08178826804, "total_built_mass_tons": 3800903.253873472, "city_id": 140, "country_iso": "USA"}, {"h3index": "8728d5455ffffff", "population_2015": 551.0524329269632, "total_built_mass_tons": 347653.3078727848, "city_id": 140, "country_iso": "USA"}, {"h3index": "8728d5456ffffff", "population_2015": 9075.866427861652, "total_built_mass_tons": 3436237.0553935193, "city_id": 140, "country_iso": "USA"}, {"h3index": "8728d545affffff", "population_2015": 1532.4900731864511, "total_built_mass_tons": 963371.301639688, "city_id": 140, "country_iso": "USA"}, {"h3index": "8728d5470ffffff", "population_2015": 13402.17317807664, "total_built_mass_tons": 4414635.841208754, "city_id": 140, "country_iso": "USA"}, {"h3index": "8728d5471ffffff", "population_2015": 734.1194878021876, "total_built_mass_tons": 565149.0329030664, "city_id": 140, "country_iso": "USA"}, {"h3index": "8728d5472ffffff", "population_2015": 17356.38341081856, "total_built_mass_tons": 4911658.327526473, "city_id": 140, "country_iso": "USA"}, {"h3index": "8728d5473ffffff", "population_2015": 9858.487052226888, "total_built_mass_tons": 3435832.4577916744, "city_id": 140, "country_iso": "USA"}, {"h3index": "8728d5474ffffff", "population_2015": 10973.51579781943, "total_built_mass_tons": 4289146.999090055, "city_id": 140, "country_iso": "USA"}, {"h3index": "8728d5475ffffff", "population_2015": 2003.3385312902285, "total_built_mass_tons": 899865.1642034128, "city_id": 140, "country_iso": "USA"}, {"h3index": "8728d5476ffffff", "population_2015": 12692.627767409322, "total_built_mass_tons": 4682751.678249431, "city_id": 140, "country_iso": "USA"}, {"h3index": "8728d5488ffffff", "population_2015": 4.159070057494968, "total_built_mass_tons": 6527.568150022717, "city_id": 140, "country_iso": "USA"}, {"h3index": "8728d5489ffffff", "population_2015": 461.02546570595973, "total_built_mass_tons": 913750.529060576, "city_id": 140, "country_iso": "USA"}, {"h3index": "8728d548cffffff", "population_2015": 11.939723961493549, "total_built_mass_tons": 47974.102445906945, "city_id": 140, "country_iso": "USA"}, {"h3index": "8728d548dffffff", "population_2015": 2731.1260220932027, "total_built_mass_tons": 2516236.763716556, "city_id": 140, "country_iso": "USA"}, {"h3index": "8728d54a0ffffff", "population_2015": 2554.1754701901873, "total_built_mass_tons": 787771.9858107237, "city_id": 140, "country_iso": "USA"}, {"h3index": "8728d54a1ffffff", "population_2015": 6442.684437414246, "total_built_mass_tons": 2503879.913227847, "city_id": 140, "country_iso": "USA"}, {"h3index": "8728d54a3ffffff", "population_2015": 819.6841731260806, "total_built_mass_tons": 356301.2435359872, "city_id": 140, "country_iso": "USA"}, {"h3index": "8728d54a4ffffff", "population_2015": 3108.759095770587, "total_built_mass_tons": 2443605.8912498215, "city_id": 140, "country_iso": "USA"}, {"h3index": "8728d54a5ffffff", "population_2015": 4817.720791705801, "total_built_mass_tons": 3152597.779306795, "city_id": 140, "country_iso": "USA"}, {"h3index": "8728d54a8ffffff", "population_2015": 1442.7576675189184, "total_built_mass_tons": 945463.1927843676, "city_id": 140, "country_iso": "USA"}, {"h3index": "8728d54a9ffffff", "population_2015": 8425.05577422382, "total_built_mass_tons": 3005368.638579312, "city_id": 140, "country_iso": "USA"}, {"h3index": "8728d54abffffff", "population_2015": 37.106777080893515, "total_built_mass_tons": 56156.28857265201, "city_id": 140, "country_iso": "USA"}, {"h3index": "8728d54acffffff", "population_2015": 338.86587282953155, "total_built_mass_tons": 873313.9327196077, "city_id": 140, "country_iso": "USA"}, {"h3index": "8728d54adffffff", "population_2015": 5183.096060955233, "total_built_mass_tons": 3627968.5247389665, "city_id": 140, "country_iso": "USA"}, {"h3index": "8728d54aeffffff", "population_2015": 1031.1065619840815, "total_built_mass_tons": 808872.3089096611, "city_id": 140, "country_iso": "USA"}, {"h3index": "8728d54c0ffffff", "population_2015": 3518.02928290076, "total_built_mass_tons": 2011858.837696416, "city_id": 140, "country_iso": "USA"}, {"h3index": "8728d54c1ffffff", "population_2015": 7475.709182203516, "total_built_mass_tons": 3086911.292497715, "city_id": 140, "country_iso": "USA"}, {"h3index": "8728d54c2ffffff", "population_2015": 4899.727664953325, "total_built_mass_tons": 2288492.692332207, "city_id": 140, "country_iso": "USA"}, {"h3index": "8728d54c3ffffff", "population_2015": 5435.664369824617, "total_built_mass_tons": 2460861.2430626247, "city_id": 140, "country_iso": "USA"}, {"h3index": "8728d54c4ffffff", "population_2015": 5294.978365299745, "total_built_mass_tons": 2574865.197325415, "city_id": 140, "country_iso": "USA"}, {"h3index": "8728d54c5ffffff", "population_2015": 5466.5888919683075, "total_built_mass_tons": 2194189.934407497, "city_id": 140, "country_iso": "USA"}, {"h3index": "8728d54c6ffffff", "population_2015": 3615.178154996359, "total_built_mass_tons": 2047269.9051146985, "city_id": 140, "country_iso": "USA"}, {"h3index": "8728d54c8ffffff", "population_2015": 7756.67224099823, "total_built_mass_tons": 3736735.017471452, "city_id": 140, "country_iso": "USA"}, {"h3index": "8728d54c9ffffff", "population_2015": 2964.7044125239054, "total_built_mass_tons": 1613343.7534969368, "city_id": 140, "country_iso": "USA"}, {"h3index": "8728d54caffffff", "population_2015": 9498.50137158738, "total_built_mass_tons": 3894243.9727752167, "city_id": 140, "country_iso": "USA"}, {"h3index": "8728d54cbffffff", "population_2015": 4046.282672998193, "total_built_mass_tons": 2075298.5039840296, "city_id": 140, "country_iso": "USA"}, {"h3index": "8728d54ccffffff", "population_2015": 8226.70533248361, "total_built_mass_tons": 3788002.629162759, "city_id": 140, "country_iso": "USA"}, {"h3index": "8728d54cdffffff", "population_2015": 6792.992486947189, "total_built_mass_tons": 2746793.5696068695, "city_id": 140, "country_iso": "USA"}, {"h3index": "8728d54ceffffff", "population_2015": 6276.671022190855, "total_built_mass_tons": 3528035.754963944, "city_id": 140, "country_iso": "USA"}, {"h3index": "8728d54d0ffffff", "population_2015": 2272.491991902449, "total_built_mass_tons": 1236492.0236078473, "city_id": 140, "country_iso": "USA"}, {"h3index": "8728d54d1ffffff", "population_2015": 6555.219353741434, "total_built_mass_tons": 2327250.8679861967, "city_id": 140, "country_iso": "USA"}, {"h3index": "8728d54d3ffffff", "population_2015": 1679.5277833514644, "total_built_mass_tons": 738130.3245512147, "city_id": 140, "country_iso": "USA"}, {"h3index": "8728d54d4ffffff", "population_2015": 1868.9536455767409, "total_built_mass_tons": 1206038.5932855718, "city_id": 140, "country_iso": "USA"}, {"h3index": "8728d54d5ffffff", "population_2015": 2740.1869278229155, "total_built_mass_tons": 2471482.1418859307, "city_id": 140, "country_iso": "USA"}, {"h3index": "8728d54d6ffffff", "population_2015": 5.202250963098862, "total_built_mass_tons": 8654.658675576342, "city_id": 140, "country_iso": "USA"}, {"h3index": "8728d54d8ffffff", "population_2015": 6169.203048436315, "total_built_mass_tons": 2465073.2614638107, "city_id": 140, "country_iso": "USA"}, {"h3index": "8728d54d9ffffff", "population_2015": 4854.583392196834, "total_built_mass_tons": 2468571.293233704, "city_id": 140, "country_iso": "USA"}, {"h3index": "8728d54daffffff", "population_2015": 4504.994903481823, "total_built_mass_tons": 2055478.1040253304, "city_id": 140, "country_iso": "USA"}, {"h3index": "8728d54dbffffff", "population_2015": 4197.5687554682, "total_built_mass_tons": 1941512.604078388, "city_id": 140, "country_iso": "USA"}, {"h3index": "8728d54dcffffff", "population_2015": 4009.970305295552, "total_built_mass_tons": 1907437.7540633515, "city_id": 140, "country_iso": "USA"}, {"h3index": "8728d54ddffffff", "population_2015": 2814.552039596366, "total_built_mass_tons": 2801766.384570363, "city_id": 140, "country_iso": "USA"}, {"h3index": "8728d54deffffff", "population_2015": 5089.2919749813345, "total_built_mass_tons": 2345787.0557792434, "city_id": 140, "country_iso": "USA"}, {"h3index": "8728d54e0ffffff", "population_2015": 6264.992535531872, "total_built_mass_tons": 2277467.0077258917, "city_id": 140, "country_iso": "USA"}, {"h3index": "8728d54e1ffffff", "population_2015": 6820.887231219051, "total_built_mass_tons": 3221088.679083531, "city_id": 140, "country_iso": "USA"}, {"h3index": "8728d54e2ffffff", "population_2015": 2104.039486298842, "total_built_mass_tons": 1876621.2213935736, "city_id": 140, "country_iso": "USA"}, {"h3index": "8728d54e3ffffff", "population_2015": 2219.5581696788477, "total_built_mass_tons": 1282630.094549545, "city_id": 140, "country_iso": "USA"}, {"h3index": "8728d54e4ffffff", "population_2015": 7895.891050532752, "total_built_mass_tons": 2550936.220348884, "city_id": 140, "country_iso": "USA"}, {"h3index": "8728d54e5ffffff", "population_2015": 9196.197291846369, "total_built_mass_tons": 3074307.295090801, "city_id": 140, "country_iso": "USA"}, {"h3index": "8728d54e6ffffff", "population_2015": 1627.496603937184, "total_built_mass_tons": 1002120.9310433668, "city_id": 140, "country_iso": "USA"}, {"h3index": "8728d54e8ffffff", "population_2015": 7856.251095529398, "total_built_mass_tons": 3145747.915678859, "city_id": 140, "country_iso": "USA"}, {"h3index": "8728d54e9ffffff", "population_2015": 5793.7917886514315, "total_built_mass_tons": 2418742.238322882, "city_id": 140, "country_iso": "USA"}, {"h3index": "8728d54eaffffff", "population_2015": 5642.643156863947, "total_built_mass_tons": 2901406.6754363272, "city_id": 140, "country_iso": "USA"}, {"h3index": "8728d54ebffffff", "population_2015": 8358.453257965806, "total_built_mass_tons": 3347952.304248953, "city_id": 140, "country_iso": "USA"}, {"h3index": "8728d54ecffffff", "population_2015": 7789.984473429417, "total_built_mass_tons": 3663442.77501553, "city_id": 140, "country_iso": "USA"}, {"h3index": "8728d54edffffff", "population_2015": 4907.752756195033, "total_built_mass_tons": 2375447.9666609415, "city_id": 140, "country_iso": "USA"}, {"h3index": "8728d54eeffffff", "population_2015": 7241.925399566164, "total_built_mass_tons": 2852457.3648629533, "city_id": 140, "country_iso": "USA"}, {"h3index": "8728d54f0ffffff", "population_2015": 3916.1409082407463, "total_built_mass_tons": 2210004.090367511, "city_id": 140, "country_iso": "USA"}, {"h3index": "8728d54f1ffffff", "population_2015": 4731.224311005513, "total_built_mass_tons": 2113462.1099643516, "city_id": 140, "country_iso": "USA"}, {"h3index": "8728d54f2ffffff", "population_2015": 3455.8985948490176, "total_built_mass_tons": 2824938.826371326, "city_id": 140, "country_iso": "USA"}, {"h3index": "8728d54f3ffffff", "population_2015": 4865.888637508132, "total_built_mass_tons": 2487985.985176906, "city_id": 140, "country_iso": "USA"}, {"h3index": "8728d54f4ffffff", "population_2015": 5000.346466939824, "total_built_mass_tons": 2260674.9988018707, "city_id": 140, "country_iso": "USA"}, {"h3index": "8728d54f5ffffff", "population_2015": 3645.878543758392, "total_built_mass_tons": 1783605.6108801188, "city_id": 140, "country_iso": "USA"}, {"h3index": "8728d54f6ffffff", "population_2015": 4606.198312562586, "total_built_mass_tons": 2368878.580073464, "city_id": 140, "country_iso": "USA"}, {"h3index": "8728d5500ffffff", "population_2015": 4301.267049328954, "total_built_mass_tons": 1872905.853899328, "city_id": 140, "country_iso": "USA"}, {"h3index": "8728d5501ffffff", "population_2015": 7987.842271946752, "total_built_mass_tons": 3092523.7210416463, "city_id": 140, "country_iso": "USA"}, {"h3index": "8728d5502ffffff", "population_2015": 1704.0561801571475, "total_built_mass_tons": 1106741.556364309, "city_id": 140, "country_iso": "USA"}, {"h3index": "8728d5503ffffff", "population_2015": 1047.2897898823603, "total_built_mass_tons": 703683.942806614, "city_id": 140, "country_iso": "USA"}, {"h3index": "8728d5504ffffff", "population_2015": 7891.1050268152785, "total_built_mass_tons": 3179275.180931702, "city_id": 140, "country_iso": "USA"}, {"h3index": "8728d5505ffffff", "population_2015": 5351.720277890446, "total_built_mass_tons": 3220825.1841752706, "city_id": 140, "country_iso": "USA"}, {"h3index": "8728d5506ffffff", "population_2015": 2620.6707031697047, "total_built_mass_tons": 2678989.926284124, "city_id": 140, "country_iso": "USA"}, {"h3index": "8728d5508ffffff", "population_2015": 10626.245070070849, "total_built_mass_tons": 3923750.828075531, "city_id": 140, "country_iso": "USA"}, {"h3index": "8728d5509ffffff", "population_2015": 2116.3130430512856, "total_built_mass_tons": 3916863.5079683214, "city_id": 140, "country_iso": "USA"}, {"h3index": "8728d550affffff", "population_2015": 8795.718700976846, "total_built_mass_tons": 3250359.127747005, "city_id": 140, "country_iso": "USA"}, {"h3index": "8728d550bffffff", "population_2015": 9996.660154985992, "total_built_mass_tons": 3289989.231993383, "city_id": 140, "country_iso": "USA"}, {"h3index": "8728d550cffffff", "population_2015": 3275.520901387152, "total_built_mass_tons": 3571156.9715604256, "city_id": 140, "country_iso": "USA"}, {"h3index": "8728d550dffffff", "population_2015": 2517.4265910171484, "total_built_mass_tons": 3942812.005443677, "city_id": 140, "country_iso": "USA"}, {"h3index": "8728d550effffff", "population_2015": 13093.707754020605, "total_built_mass_tons": 3690473.300224006, "city_id": 140, "country_iso": "USA"}, {"h3index": "8728d5510ffffff", "population_2015": 1654.9112466337633, "total_built_mass_tons": 750705.8023654553, "city_id": 140, "country_iso": "USA"}, {"h3index": "8728d5511ffffff", "population_2015": 3044.286579678806, "total_built_mass_tons": 2197625.5391816716, "city_id": 140, "country_iso": "USA"}, {"h3index": "8728d5512ffffff", "population_2015": 287.9382624850554, "total_built_mass_tons": 129428.3810657178, "city_id": 140, "country_iso": "USA"}, {"h3index": "8728d5513ffffff", "population_2015": 4913.580178917156, "total_built_mass_tons": 1905715.7604241672, "city_id": 140, "country_iso": "USA"}, {"h3index": "8728d5514ffffff", "population_2015": 6696.065618232476, "total_built_mass_tons": 2571994.2896064874, "city_id": 140, "country_iso": "USA"}, {"h3index": "8728d5515ffffff", "population_2015": 5230.626003463593, "total_built_mass_tons": 2441974.0179683315, "city_id": 140, "country_iso": "USA"}, {"h3index": "8728d5518ffffff", "population_2015": 2557.960943424351, "total_built_mass_tons": 1439233.8520158376, "city_id": 140, "country_iso": "USA"}, {"h3index": "8728d5519ffffff", "population_2015": 1161.3271584090064, "total_built_mass_tons": 806204.5995414983, "city_id": 140, "country_iso": "USA"}, {"h3index": "8728d551affffff", "population_2015": 2388.7647609282835, "total_built_mass_tons": 1829700.8802678697, "city_id": 140, "country_iso": "USA"}, {"h3index": "8728d551bffffff", "population_2015": 4425.086223023138, "total_built_mass_tons": 2040863.8275191777, "city_id": 140, "country_iso": "USA"}, {"h3index": "8728d551cffffff", "population_2015": 2586.1279076926853, "total_built_mass_tons": 1391172.269243463, "city_id": 140, "country_iso": "USA"}, {"h3index": "8728d551dffffff", "population_2015": 452.4960140742508, "total_built_mass_tons": 493186.4446963428, "city_id": 140, "country_iso": "USA"}, {"h3index": "8728d551effffff", "population_2015": 2305.5473960292097, "total_built_mass_tons": 1527445.3869912508, "city_id": 140, "country_iso": "USA"}, {"h3index": "8728d5520ffffff", "population_2015": 4490.545991496363, "total_built_mass_tons": 3313457.5983819803, "city_id": 140, "country_iso": "USA"}, {"h3index": "8728d5521ffffff", "population_2015": 8072.765440324941, "total_built_mass_tons": 3904630.707711282, "city_id": 140, "country_iso": "USA"}, {"h3index": "8728d5522ffffff", "population_2015": 2663.694716449432, "total_built_mass_tons": 3296998.157151, "city_id": 140, "country_iso": "USA"}, {"h3index": "8728d5523ffffff", "population_2015": 4384.725775981505, "total_built_mass_tons": 2921263.270567489, "city_id": 140, "country_iso": "USA"}, {"h3index": "8728d5524ffffff", "population_2015": 1630.5093588511957, "total_built_mass_tons": 3506717.4704545573, "city_id": 140, "country_iso": "USA"}, {"h3index": "8728d5525ffffff", "population_2015": 7287.2830835929235, "total_built_mass_tons": 3979912.7833555248, "city_id": 140, "country_iso": "USA"}, {"h3index": "8728d5526ffffff", "population_2015": 4.82380240722468, "total_built_mass_tons": 3303939.047760874, "city_id": 140, "country_iso": "USA"}, {"h3index": "8728d5528ffffff", "population_2015": 7630.071917268809, "total_built_mass_tons": 3501711.0828035306, "city_id": 140, "country_iso": "USA"}, {"h3index": "8728d5529ffffff", "population_2015": 9528.474608099812, "total_built_mass_tons": 3526340.1505292337, "city_id": 140, "country_iso": "USA"}, {"h3index": "8728d552affffff", "population_2015": 2630.960804757922, "total_built_mass_tons": 3260238.4947801023, "city_id": 140, "country_iso": "USA"}, {"h3index": "8728d552bffffff", "population_2015": 5891.658037865056, "total_built_mass_tons": 3454666.026282324, "city_id": 140, "country_iso": "USA"}, {"h3index": "8728d552cffffff", "population_2015": 4603.262103565467, "total_built_mass_tons": 3092116.8564114287, "city_id": 140, "country_iso": "USA"}, {"h3index": "8728d552dffffff", "population_2015": 8217.393328279288, "total_built_mass_tons": 2563730.07791884, "city_id": 140, "country_iso": "USA"}, {"h3index": "8728d552effffff", "population_2015": 5556.402714919634, "total_built_mass_tons": 3347105.9757586736, "city_id": 140, "country_iso": "USA"}, {"h3index": "8728d5530ffffff", "population_2015": 4235.327406576452, "total_built_mass_tons": 2122770.2987081376, "city_id": 140, "country_iso": "USA"}, {"h3index": "8728d5531ffffff", "population_2015": 6605.503442578534, "total_built_mass_tons": 3831335.6613937663, "city_id": 140, "country_iso": "USA"}, {"h3index": "8728d5532ffffff", "population_2015": 9745.105040960743, "total_built_mass_tons": 3310180.333942291, "city_id": 140, "country_iso": "USA"}, {"h3index": "8728d5533ffffff", "population_2015": 9094.292641775151, "total_built_mass_tons": 4057647.611969054, "city_id": 140, "country_iso": "USA"}, {"h3index": "8728d5534ffffff", "population_2015": 8735.995272449421, "total_built_mass_tons": 3225810.2607099847, "city_id": 140, "country_iso": "USA"}, {"h3index": "8728d5535ffffff", "population_2015": 4356.593763778628, "total_built_mass_tons": 3290590.154478875, "city_id": 140, "country_iso": "USA"}, {"h3index": "8728d5536ffffff", "population_2015": 2759.087140733296, "total_built_mass_tons": 1530654.2153437086, "city_id": 140, "country_iso": "USA"}, {"h3index": "8728d5542ffffff", "population_2015": 4723.238225020147, "total_built_mass_tons": 1566473.505189231, "city_id": 140, "country_iso": "USA"}, {"h3index": "8728d5546ffffff", "population_2015": 1844.0280745613816, "total_built_mass_tons": 875451.6141928316, "city_id": 140, "country_iso": "USA"}, {"h3index": "8728d5550ffffff", "population_2015": 20.52464081919661, "total_built_mass_tons": 3243355.84490382, "city_id": 140, "country_iso": "USA"}, {"h3index": "8728d5551ffffff", "population_2015": 4989.594284221237, "total_built_mass_tons": 1554614.9442468723, "city_id": 140, "country_iso": "USA"}, {"h3index": "8728d5552ffffff", "population_2015": 8820.430638435366, "total_built_mass_tons": 5689602.871213257, "city_id": 140, "country_iso": "USA"}, {"h3index": "8728d5553ffffff", "population_2015": 68.79090445789636, "total_built_mass_tons": 255365.68269591572, "city_id": 140, "country_iso": "USA"}, {"h3index": "8728d5554ffffff", "population_2015": 2867.262810966576, "total_built_mass_tons": 2509155.3450126816, "city_id": 140, "country_iso": "USA"}, {"h3index": "8728d5555ffffff", "population_2015": 11686.678877382155, "total_built_mass_tons": 4196201.951221334, "city_id": 140, "country_iso": "USA"}, {"h3index": "8728d5556ffffff", "population_2015": 1397.9883391425303, "total_built_mass_tons": 3938267.206011042, "city_id": 140, "country_iso": "USA"}, {"h3index": "8728d555affffff", "population_2015": 2265.0951592467873, "total_built_mass_tons": 2028832.8714789157, "city_id": 140, "country_iso": "USA"}, {"h3index": "8728d555bffffff", "population_2015": 2636.8285383951434, "total_built_mass_tons": 1085504.0773017784, "city_id": 140, "country_iso": "USA"}, {"h3index": "8728d5570ffffff", "population_2015": 9315.185133853616, "total_built_mass_tons": 3444521.546345613, "city_id": 140, "country_iso": "USA"}, {"h3index": "8728d5571ffffff", "population_2015": 1036.2761371599693, "total_built_mass_tons": 406731.3806910854, "city_id": 140, "country_iso": "USA"}, {"h3index": "8728d5572ffffff", "population_2015": 5665.205327637406, "total_built_mass_tons": 2950308.328465426, "city_id": 140, "country_iso": "USA"}, {"h3index": "8728d5573ffffff", "population_2015": 13082.615451314405, "total_built_mass_tons": 3817637.020914565, "city_id": 140, "country_iso": "USA"}, {"h3index": "8728d5574ffffff", "population_2015": 6911.551850960766, "total_built_mass_tons": 3325238.4395130267, "city_id": 140, "country_iso": "USA"}, {"h3index": "8728d5575ffffff", "population_2015": 566.9421165695377, "total_built_mass_tons": 402813.0033209669, "city_id": 140, "country_iso": "USA"}, {"h3index": "8728d5576ffffff", "population_2015": 11649.86631933357, "total_built_mass_tons": 3613693.780300447, "city_id": 140, "country_iso": "USA"}, {"h3index": "8728d5581ffffff", "population_2015": 2.726147001864863, "total_built_mass_tons": 103474.22877617148, "city_id": 140, "country_iso": "USA"}, {"h3index": "8728d5583ffffff", "population_2015": 491.60800913993046, "total_built_mass_tons": 384775.825968723, "city_id": 140, "country_iso": "USA"}, {"h3index": "8728d5584ffffff", "population_2015": 64.9485376923692, "total_built_mass_tons": 79487.63462968158, "city_id": 140, "country_iso": "USA"}, {"h3index": "8728d5585ffffff", "population_2015": 240.6940308313744, "total_built_mass_tons": 301621.110517635, "city_id": 140, "country_iso": "USA"}, {"h3index": "8728d5588ffffff", "population_2015": 6418.0594658652935, "total_built_mass_tons": 2840007.2382425624, "city_id": 140, "country_iso": "USA"}, {"h3index": "8728d5589ffffff", "population_2015": 5797.255686371699, "total_built_mass_tons": 3402736.46852344, "city_id": 140, "country_iso": "USA"}, {"h3index": "8728d558affffff", "population_2015": 451.0719518764347, "total_built_mass_tons": 299124.958690555, "city_id": 140, "country_iso": "USA"}, {"h3index": "8728d558bffffff", "population_2015": 3922.9066729799206, "total_built_mass_tons": 1669371.8596034616, "city_id": 140, "country_iso": "USA"}, {"h3index": "8728d558cffffff", "population_2015": 5811.706016997028, "total_built_mass_tons": 2463505.8549737064, "city_id": 140, "country_iso": "USA"}, {"h3index": "8728d558dffffff", "population_2015": 10401.202986149196, "total_built_mass_tons": 3465760.520472782, "city_id": 140, "country_iso": "USA"}, {"h3index": "8728d558effffff", "population_2015": 1678.8944747118394, "total_built_mass_tons": 984781.4661663176, "city_id": 140, "country_iso": "USA"}, {"h3index": "8728d55a0ffffff", "population_2015": 612.9895269070187, "total_built_mass_tons": 706115.3554594711, "city_id": 140, "country_iso": "USA"}, {"h3index": "8728d55a1ffffff", "population_2015": 459.6092590700178, "total_built_mass_tons": 283975.3424432653, "city_id": 140, "country_iso": "USA"}, {"h3index": "8728d55a2ffffff", "population_2015": 89.96806521323629, "total_built_mass_tons": 932770.4045715586, "city_id": 140, "country_iso": "USA"}, {"h3index": "8728d55a3ffffff", "population_2015": 2914.736288682152, "total_built_mass_tons": 1293172.9616821886, "city_id": 140, "country_iso": "USA"}, {"h3index": "8728d55a6ffffff", "population_2015": 1954.30921668124, "total_built_mass_tons": 2001111.667308926, "city_id": 140, "country_iso": "USA"}, {"h3index": "8728d55a8ffffff", "population_2015": 3398.2979408620763, "total_built_mass_tons": 3127722.2532799845, "city_id": 140, "country_iso": "USA"}, {"h3index": "8728d55a9ffffff", "population_2015": 4407.570252244495, "total_built_mass_tons": 2779478.454281507, "city_id": 140, "country_iso": "USA"}, {"h3index": "8728d55aaffffff", "population_2015": 2089.943727407268, "total_built_mass_tons": 1187695.6673569616, "city_id": 140, "country_iso": "USA"}, {"h3index": "8728d55abffffff", "population_2015": 7956.248143652723, "total_built_mass_tons": 3130223.074378094, "city_id": 140, "country_iso": "USA"}, {"h3index": "8728d55acffffff", "population_2015": 1092.2980816869176, "total_built_mass_tons": 506753.1492242894, "city_id": 140, "country_iso": "USA"}, {"h3index": "8728d55adffffff", "population_2015": 5413.302421092052, "total_built_mass_tons": 2879496.370534733, "city_id": 140, "country_iso": "USA"}, {"h3index": "8728d55aeffffff", "population_2015": 1752.1309513924168, "total_built_mass_tons": 1055589.6069817746, "city_id": 140, "country_iso": "USA"}, {"h3index": "8728d55b5ffffff", "population_2015": 1183.1370474690316, "total_built_mass_tons": 899097.3184564662, "city_id": 140, "country_iso": "USA"}, {"h3index": "8728d5796ffffff", "population_2015": 54.32859969127412, "total_built_mass_tons": 99512.94038024815, "city_id": 140, "country_iso": "USA"}, {"h3index": "8728d57b0ffffff", "population_2015": 214.95369137315188, "total_built_mass_tons": 563778.4527224241, "city_id": 140, "country_iso": "USA"}, {"h3index": "8728d57b2ffffff", "population_2015": 2815.299784121794, "total_built_mass_tons": 1687142.0461701658, "city_id": 140, "country_iso": "USA"}, {"h3index": "8728d57b4ffffff", "population_2015": 48.71691338631744, "total_built_mass_tons": 436116.5932535272, "city_id": 140, "country_iso": "USA"}, {"h3index": "8728d57b6ffffff", "population_2015": 6508.910470546695, "total_built_mass_tons": 3155738.792126925, "city_id": 140, "country_iso": "USA"}, {"h3index": "8728d5c00ffffff", "population_2015": 192.24666403096683, "total_built_mass_tons": 822198.8432960428, "city_id": 140, "country_iso": "USA"}, {"h3index": "8728d5c01ffffff", "population_2015": 439.54054351928175, "total_built_mass_tons": 369842.7468198612, "city_id": 140, "country_iso": "USA"}, {"h3index": "8728d5c02ffffff", "population_2015": 7043.078991709036, "total_built_mass_tons": 3093293.780516807, "city_id": 140, "country_iso": "USA"}, {"h3index": "8728d5c03ffffff", "population_2015": 3671.3616120572183, "total_built_mass_tons": 2283481.9732300797, "city_id": 140, "country_iso": "USA"}, {"h3index": "8728d5c04ffffff", "population_2015": 9.033211560547349, "total_built_mass_tons": 3747446.040011821, "city_id": 140, "country_iso": "USA"}, {"h3index": "8728d5c05ffffff", "population_2015": 2527.2593880896475, "total_built_mass_tons": 1012398.875401706, "city_id": 140, "country_iso": "USA"}, {"h3index": "8728d5c06ffffff", "population_2015": 1430.7559559707552, "total_built_mass_tons": 2899265.384546722, "city_id": 140, "country_iso": "USA"}, {"h3index": "8728d5c0dffffff", "population_2015": 161.6734609914761, "total_built_mass_tons": 645681.552991343, "city_id": 140, "country_iso": "USA"}, {"h3index": "8728d5c0effffff", "population_2015": 322.6108300578361, "total_built_mass_tons": 329792.2060185613, "city_id": 140, "country_iso": "USA"}, {"h3index": "8728d5c10ffffff", "population_2015": 7465.75987496686, "total_built_mass_tons": 3315779.7145678326, "city_id": 140, "country_iso": "USA"}, {"h3index": "8728d5c11ffffff", "population_2015": 9959.298763935913, "total_built_mass_tons": 3514845.0079497257, "city_id": 140, "country_iso": "USA"}, {"h3index": "8728d5c12ffffff", "population_2015": 5298.2709901529415, "total_built_mass_tons": 3737791.115636703, "city_id": 140, "country_iso": "USA"}, {"h3index": "8728d5c13ffffff", "population_2015": 7580.204134722318, "total_built_mass_tons": 2953657.9461782016, "city_id": 140, "country_iso": "USA"}, {"h3index": "8728d5c14ffffff", "population_2015": 2502.793379360437, "total_built_mass_tons": 1511745.0862815878, "city_id": 140, "country_iso": "USA"}, {"h3index": "8728d5c15ffffff", "population_2015": 8611.742302529718, "total_built_mass_tons": 3531859.471117464, "city_id": 140, "country_iso": "USA"}, {"h3index": "8728d5c16ffffff", "population_2015": 1153.5728787165942, "total_built_mass_tons": 2665926.5287436605, "city_id": 140, "country_iso": "USA"}, {"h3index": "8728d5c1cffffff", "population_2015": 3508.769877614227, "total_built_mass_tons": 1325595.7913795318, "city_id": 140, "country_iso": "USA"}, {"h3index": "8728d5c1dffffff", "population_2015": 93.24529165006152, "total_built_mass_tons": 76376.75184383246, "city_id": 140, "country_iso": "USA"}, {"h3index": "8728d5c1effffff", "population_2015": 1814.237222054659, "total_built_mass_tons": 738027.8561769655, "city_id": 140, "country_iso": "USA"}, {"h3index": "8728d5c20ffffff", "population_2015": 6905.029937502538, "total_built_mass_tons": 4072315.974105143, "city_id": 140, "country_iso": "USA"}, {"h3index": "8728d5c21ffffff", "population_2015": 4942.253235461197, "total_built_mass_tons": 3888245.362498455, "city_id": 140, "country_iso": "USA"}, {"h3index": "8728d5c22ffffff", "population_2015": 1564.7327840061166, "total_built_mass_tons": 4092019.653047454, "city_id": 140, "country_iso": "USA"}, {"h3index": "8728d5c23ffffff", "population_2015": 10022.803963026465, "total_built_mass_tons": 5002183.704961673, "city_id": 140, "country_iso": "USA"}, {"h3index": "8728d5c24ffffff", "population_2015": 10883.107800724463, "total_built_mass_tons": 4240374.261640927, "city_id": 140, "country_iso": "USA"}, {"h3index": "8728d5c25ffffff", "population_2015": 7395.58568250119, "total_built_mass_tons": 4209787.064998528, "city_id": 140, "country_iso": "USA"}, {"h3index": "8728d5c26ffffff", "population_2015": 7789.245256485072, "total_built_mass_tons": 3028037.197960771, "city_id": 140, "country_iso": "USA"}, {"h3index": "8728d5c28ffffff", "population_2015": 7595.951448927206, "total_built_mass_tons": 4033168.207366852, "city_id": 140, "country_iso": "USA"}, {"h3index": "8728d5c29ffffff", "population_2015": 5061.671938670849, "total_built_mass_tons": 2233387.8363369126, "city_id": 140, "country_iso": "USA"}, {"h3index": "8728d5c2affffff", "population_2015": 2722.3666731170583, "total_built_mass_tons": 1449489.5782180307, "city_id": 140, "country_iso": "USA"}, {"h3index": "8728d5c2bffffff", "population_2015": 6111.355897571528, "total_built_mass_tons": 2951198.5657793633, "city_id": 140, "country_iso": "USA"}, {"h3index": "8728d5c2cffffff", "population_2015": 6510.606660011705, "total_built_mass_tons": 3428598.713061894, "city_id": 140, "country_iso": "USA"}, {"h3index": "8728d5c2dffffff", "population_2015": 7914.985573834181, "total_built_mass_tons": 3958146.208526399, "city_id": 140, "country_iso": "USA"}, {"h3index": "8728d5c2effffff", "population_2015": 13763.11518359909, "total_built_mass_tons": 4076740.1435951334, "city_id": 140, "country_iso": "USA"}, {"h3index": "8728d5c30ffffff", "population_2015": 1070.6060263350462, "total_built_mass_tons": 3267919.6912540765, "city_id": 140, "country_iso": "USA"}, {"h3index": "8728d5c31ffffff", "population_2015": 10.368565899791088, "total_built_mass_tons": 3832888.327136099, "city_id": 140, "country_iso": "USA"}, {"h3index": "8728d5c32ffffff", "population_2015": 1416.9612744752535, "total_built_mass_tons": 1774312.6279937627, "city_id": 140, "country_iso": "USA"}, {"h3index": "8728d5c33ffffff", "population_2015": 1939.203659563088, "total_built_mass_tons": 2347456.5839142483, "city_id": 140, "country_iso": "USA"}, {"h3index": "8728d5c34ffffff", "population_2015": 3301.125840742983, "total_built_mass_tons": 2604177.625416154, "city_id": 140, "country_iso": "USA"}, {"h3index": "8728d5c35ffffff", "population_2015": 1104.9348291836814, "total_built_mass_tons": 2672755.6200589063, "city_id": 140, "country_iso": "USA"}, {"h3index": "8728d5c36ffffff", "population_2015": 1774.6978182309251, "total_built_mass_tons": 2044677.1596036053, "city_id": 140, "country_iso": "USA"}, {"h3index": "8728d5c72ffffff", "population_2015": 1.9252447962760924, "total_built_mass_tons": 38940.47613076848, "city_id": 140, "country_iso": "USA"}, {"h3index": "8728d5c74ffffff", "population_2015": 358.844696425515, "total_built_mass_tons": 333998.2144706942, "city_id": 140, "country_iso": "USA"}, {"h3index": "8728d5c76ffffff", "population_2015": 3158.16288144045, "total_built_mass_tons": 1559873.2449214254, "city_id": 140, "country_iso": "USA"}, {"h3index": "8728d5c80ffffff", "population_2015": 4117.904910677907, "total_built_mass_tons": 3043393.7522858907, "city_id": 140, "country_iso": "USA"}, {"h3index": "8728d5c81ffffff", "population_2015": 6689.936509925355, "total_built_mass_tons": 2405486.990831323, "city_id": 140, "country_iso": "USA"}, {"h3index": "8728d5c82ffffff", "population_2015": 10612.33139932059, "total_built_mass_tons": 3162187.158641444, "city_id": 140, "country_iso": "USA"}, {"h3index": "8728d5c83ffffff", "population_2015": 4491.7092377521685, "total_built_mass_tons": 3901834.489674062, "city_id": 140, "country_iso": "USA"}, {"h3index": "8728d5c84ffffff", "population_2015": 459.3720724154131, "total_built_mass_tons": 2481358.0094087105, "city_id": 140, "country_iso": "USA"}, {"h3index": "8728d5c85ffffff", "population_2015": 482.15207847429207, "total_built_mass_tons": 1041752.3255067004, "city_id": 140, "country_iso": "USA"}, {"h3index": "8728d5c86ffffff", "population_2015": 5813.49803233373, "total_built_mass_tons": 2185702.4603169337, "city_id": 140, "country_iso": "USA"}, {"h3index": "8728d5c88ffffff", "population_2015": 7671.137023049943, "total_built_mass_tons": 2736357.5319749485, "city_id": 140, "country_iso": "USA"}, {"h3index": "8728d5c89ffffff", "population_2015": 4828.66726124015, "total_built_mass_tons": 2567936.661739158, "city_id": 140, "country_iso": "USA"}, {"h3index": "8728d5c8affffff", "population_2015": 156.35302330477202, "total_built_mass_tons": 2958893.659819304, "city_id": 140, "country_iso": "USA"}, {"h3index": "8728d5c8bffffff", "population_2015": 4926.489855647193, "total_built_mass_tons": 2850159.1574157956, "city_id": 140, "country_iso": "USA"}, {"h3index": "8728d5c8cffffff", "population_2015": 4208.382516427205, "total_built_mass_tons": 2761918.7138466635, "city_id": 140, "country_iso": "USA"}, {"h3index": "8728d5c8dffffff", "population_2015": 5811.745770327077, "total_built_mass_tons": 2911854.658448766, "city_id": 140, "country_iso": "USA"}, {"h3index": "8728d5c8effffff", "population_2015": 2461.088359946418, "total_built_mass_tons": 2769894.118544448, "city_id": 140, "country_iso": "USA"}, {"h3index": "8728d5c90ffffff", "population_2015": 1674.1244468129148, "total_built_mass_tons": 838837.3653565999, "city_id": 140, "country_iso": "USA"}, {"h3index": "8728d5c91ffffff", "population_2015": 7677.564240072985, "total_built_mass_tons": 2923315.1895738444, "city_id": 140, "country_iso": "USA"}, {"h3index": "8728d5c93ffffff", "population_2015": 290.5765701817532, "total_built_mass_tons": 107630.26877134856, "city_id": 140, "country_iso": "USA"}, {"h3index": "8728d5c94ffffff", "population_2015": 2362.351122615385, "total_built_mass_tons": 1474152.4088351508, "city_id": 140, "country_iso": "USA"}, {"h3index": "8728d5c95ffffff", "population_2015": 7095.21989884634, "total_built_mass_tons": 2840274.3171977485, "city_id": 140, "country_iso": "USA"}, {"h3index": "8728d5c98ffffff", "population_2015": 4334.05947253462, "total_built_mass_tons": 2902373.1879319493, "city_id": 140, "country_iso": "USA"}, {"h3index": "8728d5c99ffffff", "population_2015": 15.719969066787586, "total_built_mass_tons": 4352683.822315579, "city_id": 140, "country_iso": "USA"}, {"h3index": "8728d5c9affffff", "population_2015": 5548.1291840930235, "total_built_mass_tons": 2454342.5022399733, "city_id": 140, "country_iso": "USA"}, {"h3index": "8728d5c9bffffff", "population_2015": 5004.88711575092, "total_built_mass_tons": 3220767.6891472028, "city_id": 140, "country_iso": "USA"}, {"h3index": "8728d5c9cffffff", "population_2015": 6543.2405308322905, "total_built_mass_tons": 2797693.5896573304, "city_id": 140, "country_iso": "USA"}, {"h3index": "8728d5c9dffffff", "population_2015": 127.90119303706489, "total_built_mass_tons": 4418441.173854381, "city_id": 140, "country_iso": "USA"}, {"h3index": "8728d5c9effffff", "population_2015": 6697.377752081552, "total_built_mass_tons": 2421013.239319856, "city_id": 140, "country_iso": "USA"}, {"h3index": "8728d5ca0ffffff", "population_2015": 1515.874923188853, "total_built_mass_tons": 2013335.5920951944, "city_id": 140, "country_iso": "USA"}, {"h3index": "8728d5ca1ffffff", "population_2015": 4624.833167961181, "total_built_mass_tons": 2296879.0540364543, "city_id": 140, "country_iso": "USA"}, {"h3index": "8728d5ca2ffffff", "population_2015": 1852.147229750092, "total_built_mass_tons": 3539257.3886581305, "city_id": 140, "country_iso": "USA"}, {"h3index": "8728d5ca3ffffff", "population_2015": 2431.158396980158, "total_built_mass_tons": 2089718.0874054795, "city_id": 140, "country_iso": "USA"}, {"h3index": "8728d5ca4ffffff", "population_2015": 565.4900140071763, "total_built_mass_tons": 2505557.7174807717, "city_id": 140, "country_iso": "USA"}, {"h3index": "8728d5ca5ffffff", "population_2015": 2201.4392965029556, "total_built_mass_tons": 1497078.082419722, "city_id": 140, "country_iso": "USA"}, {"h3index": "8728d5ca6ffffff", "population_2015": 4703.20971802177, "total_built_mass_tons": 3677361.5997727574, "city_id": 140, "country_iso": "USA"}, {"h3index": "8728d5ca8ffffff", "population_2015": 7921.218914648596, "total_built_mass_tons": 2588852.531367334, "city_id": 140, "country_iso": "USA"}, {"h3index": "8728d5ca9ffffff", "population_2015": 13.923344420451745, "total_built_mass_tons": 92841.23530489038, "city_id": 140, "country_iso": "USA"}, {"h3index": "8728d5caaffffff", "population_2015": 6753.157662984787, "total_built_mass_tons": 2935862.8197890734, "city_id": 140, "country_iso": "USA"}, {"h3index": "8728d5cabffffff", "population_2015": 5983.54048060959, "total_built_mass_tons": 2757957.1784113143, "city_id": 140, "country_iso": "USA"}, {"h3index": "8728d5cacffffff", "population_2015": 7265.806479819059, "total_built_mass_tons": 2910695.89552792, "city_id": 140, "country_iso": "USA"}, {"h3index": "8728d5cadffffff", "population_2015": 2399.830860256681, "total_built_mass_tons": 1377361.5176927485, "city_id": 140, "country_iso": "USA"}, {"h3index": "8728d5caeffffff", "population_2015": 7246.844306636326, "total_built_mass_tons": 3027449.900233781, "city_id": 140, "country_iso": "USA"}, {"h3index": "8728d5cb0ffffff", "population_2015": 929.3843496112264, "total_built_mass_tons": 439258.2801913872, "city_id": 140, "country_iso": "USA"}, {"h3index": "8728d5cb1ffffff", "population_2015": 1591.6564365162053, "total_built_mass_tons": 1287733.6393906102, "city_id": 140, "country_iso": "USA"}, {"h3index": "8728d5cb2ffffff", "population_2015": 3134.9523716646686, "total_built_mass_tons": 1205838.6639007218, "city_id": 140, "country_iso": "USA"}, {"h3index": "8728d5cb3ffffff", "population_2015": 5634.869960366043, "total_built_mass_tons": 2379415.4251148663, "city_id": 140, "country_iso": "USA"}, {"h3index": "8728d5cb4ffffff", "population_2015": 3679.0489955895086, "total_built_mass_tons": 1343822.7087955151, "city_id": 140, "country_iso": "USA"}, {"h3index": "8728d5cb5ffffff", "population_2015": 5551.364469502336, "total_built_mass_tons": 2374033.1588818263, "city_id": 140, "country_iso": "USA"}, {"h3index": "8728d5cd0ffffff", "population_2015": 3819.5219167784144, "total_built_mass_tons": 1912542.124730438, "city_id": 140, "country_iso": "USA"}, {"h3index": "8728d5cd1ffffff", "population_2015": 1023.2799162532768, "total_built_mass_tons": 730917.701873289, "city_id": 140, "country_iso": "USA"}, {"h3index": "8728d5cd2ffffff", "population_2015": 2274.3983366159905, "total_built_mass_tons": 2802280.8846552167, "city_id": 140, "country_iso": "USA"}, {"h3index": "8728d5cd3ffffff", "population_2015": 6799.765551393407, "total_built_mass_tons": 3188619.3783403374, "city_id": 140, "country_iso": "USA"}, {"h3index": "8728d5cd4ffffff", "population_2015": 2227.626191823974, "total_built_mass_tons": 1299755.1512780883, "city_id": 140, "country_iso": "USA"}, {"h3index": "8728d5cd6ffffff", "population_2015": 2036.2796813689324, "total_built_mass_tons": 3098746.172915135, "city_id": 140, "country_iso": "USA"}, {"h3index": "8728d5cdaffffff", "population_2015": 806.1835688408684, "total_built_mass_tons": 575455.3179094454, "city_id": 140, "country_iso": "USA"}, {"h3index": "8728d5cdeffffff", "population_2015": 272.8016594363194, "total_built_mass_tons": 122448.73389665782, "city_id": 140, "country_iso": "USA"}, {"h3index": "8728d5cf2ffffff", "population_2015": 461.8327963111156, "total_built_mass_tons": 289099.9110592837, "city_id": 140, "country_iso": "USA"}, {"h3index": "8728d5cf6ffffff", "population_2015": 2.524745762348175, "total_built_mass_tons": 34885.07282084585, "city_id": 140, "country_iso": "USA"}, {"h3index": "8728d5d00ffffff", "population_2015": 2146.7548416772306, "total_built_mass_tons": 1536605.3232273955, "city_id": 140, "country_iso": "USA"}, {"h3index": "8728d5d01ffffff", "population_2015": 8477.326345802287, "total_built_mass_tons": 3406022.131575157, "city_id": 140, "country_iso": "USA"}, {"h3index": "8728d5d02ffffff", "population_2015": 1272.0028934808925, "total_built_mass_tons": 1729455.0402473973, "city_id": 140, "country_iso": "USA"}, {"h3index": "8728d5d03ffffff", "population_2015": 3911.126315556203, "total_built_mass_tons": 2802088.899115688, "city_id": 140, "country_iso": "USA"}, {"h3index": "8728d5d04ffffff", "population_2015": 4505.702653342867, "total_built_mass_tons": 2326076.5401064474, "city_id": 140, "country_iso": "USA"}, {"h3index": "8728d5d05ffffff", "population_2015": 5246.4723455966705, "total_built_mass_tons": 2970573.825402729, "city_id": 140, "country_iso": "USA"}, {"h3index": "8728d5d06ffffff", "population_2015": 564.4775039115666, "total_built_mass_tons": 947596.3878811416, "city_id": 140, "country_iso": "USA"}, {"h3index": "8728d5d08ffffff", "population_2015": 9922.988932819697, "total_built_mass_tons": 3811065.13432316, "city_id": 140, "country_iso": "USA"}, {"h3index": "8728d5d09ffffff", "population_2015": 4247.6667474656715, "total_built_mass_tons": 3095893.3282139427, "city_id": 140, "country_iso": "USA"}, {"h3index": "8728d5d0affffff", "population_2015": 8687.54108142783, "total_built_mass_tons": 4049520.8033048, "city_id": 140, "country_iso": "USA"}, {"h3index": "8728d5d0bffffff", "population_2015": 6858.057336645153, "total_built_mass_tons": 3408184.5105733066, "city_id": 140, "country_iso": "USA"}, {"h3index": "8728d5d0cffffff", "population_2015": 7626.873072796711, "total_built_mass_tons": 3558133.5163264093, "city_id": 140, "country_iso": "USA"}, {"h3index": "8728d5d0dffffff", "population_2015": 4647.065397403461, "total_built_mass_tons": 4259198.603103115, "city_id": 140, "country_iso": "USA"}, {"h3index": "8728d5d0effffff", "population_2015": 7008.4347321596815, "total_built_mass_tons": 3335811.636312085, "city_id": 140, "country_iso": "USA"}, {"h3index": "8728d5d10ffffff", "population_2015": 2637.3200616289587, "total_built_mass_tons": 2137701.869098156, "city_id": 140, "country_iso": "USA"}, {"h3index": "8728d5d11ffffff", "population_2015": 2542.0338385685845, "total_built_mass_tons": 1989329.362862212, "city_id": 140, "country_iso": "USA"}, {"h3index": "8728d5d12ffffff", "population_2015": 4198.9049433742375, "total_built_mass_tons": 2397543.611875255, "city_id": 140, "country_iso": "USA"}, {"h3index": "8728d5d13ffffff", "population_2015": 2090.386974109096, "total_built_mass_tons": 1689941.455906217, "city_id": 140, "country_iso": "USA"}, {"h3index": "8728d5d14ffffff", "population_2015": 3050.6314502407527, "total_built_mass_tons": 1894002.414308848, "city_id": 140, "country_iso": "USA"}, {"h3index": "8728d5d15ffffff", "population_2015": 2772.544025073362, "total_built_mass_tons": 1683245.1022515786, "city_id": 140, "country_iso": "USA"}, {"h3index": "8728d5d16ffffff", "population_2015": 2574.091132982665, "total_built_mass_tons": 2991701.3861159133, "city_id": 140, "country_iso": "USA"}, {"h3index": "8728d5d18ffffff", "population_2015": 780.9082364190735, "total_built_mass_tons": 994188.0603451608, "city_id": 140, "country_iso": "USA"}, {"h3index": "8728d5d19ffffff", "population_2015": 8149.695428997979, "total_built_mass_tons": 3076964.768168363, "city_id": 140, "country_iso": "USA"}, {"h3index": "8728d5d1affffff", "population_2015": 19.87251437957965, "total_built_mass_tons": 120413.35321962052, "city_id": 140, "country_iso": "USA"}, {"h3index": "8728d5d1bffffff", "population_2015": 207.87449494845723, "total_built_mass_tons": 70019.9330832698, "city_id": 140, "country_iso": "USA"}, {"h3index": "8728d5d1cffffff", "population_2015": 614.8493678971832, "total_built_mass_tons": 1153523.8813644408, "city_id": 140, "country_iso": "USA"}, {"h3index": "8728d5d1dffffff", "population_2015": 5132.393504860473, "total_built_mass_tons": 2565488.4899421846, "city_id": 140, "country_iso": "USA"}, {"h3index": "8728d5d1effffff", "population_2015": 1639.761740177753, "total_built_mass_tons": 1297618.018285605, "city_id": 140, "country_iso": "USA"}, {"h3index": "8728d5d20ffffff", "population_2015": 2638.800539495955, "total_built_mass_tons": 1391690.5820877787, "city_id": 140, "country_iso": "USA"}, {"h3index": "8728d5d21ffffff", "population_2015": 80.75195051174539, "total_built_mass_tons": 74760.05815522937, "city_id": 140, "country_iso": "USA"}, {"h3index": "8728d5d22ffffff", "population_2015": 6105.80131334487, "total_built_mass_tons": 3001796.558549107, "city_id": 140, "country_iso": "USA"}, {"h3index": "8728d5d23ffffff", "population_2015": 3765.137223227819, "total_built_mass_tons": 2545762.6587411975, "city_id": 140, "country_iso": "USA"}, {"h3index": "8728d5d26ffffff", "population_2015": 1963.6985738270428, "total_built_mass_tons": 1256261.4161715368, "city_id": 140, "country_iso": "USA"}, {"h3index": "8728d5d28ffffff", "population_2015": 298.7535691173638, "total_built_mass_tons": 1517521.7384541547, "city_id": 140, "country_iso": "USA"}, {"h3index": "8728d5d29ffffff", "population_2015": 3362.4554714475858, "total_built_mass_tons": 1508725.530899768, "city_id": 140, "country_iso": "USA"}, {"h3index": "8728d5d2affffff", "population_2015": 1994.512389837205, "total_built_mass_tons": 1669944.4979367922, "city_id": 140, "country_iso": "USA"}, {"h3index": "8728d5d2bffffff", "population_2015": 1884.7662361635296, "total_built_mass_tons": 3201394.125718857, "city_id": 140, "country_iso": "USA"}, {"h3index": "8728d5d2dffffff", "population_2015": 70.02004685682408, "total_built_mass_tons": 474239.9771376092, "city_id": 140, "country_iso": "USA"}, {"h3index": "8728d5d2effffff", "population_2015": 1223.521239734865, "total_built_mass_tons": 941390.7692249676, "city_id": 140, "country_iso": "USA"}, {"h3index": "8728d5d30ffffff", "population_2015": 1871.0657543317063, "total_built_mass_tons": 1597223.6549030452, "city_id": 140, "country_iso": "USA"}, {"h3index": "8728d5d31ffffff", "population_2015": 1526.1615118287352, "total_built_mass_tons": 1290483.711178339, "city_id": 140, "country_iso": "USA"}, {"h3index": "8728d5d32ffffff", "population_2015": 4419.469746002379, "total_built_mass_tons": 2037275.297893398, "city_id": 140, "country_iso": "USA"}, {"h3index": "8728d5d33ffffff", "population_2015": 1187.3200513747977, "total_built_mass_tons": 1336170.4628814105, "city_id": 140, "country_iso": "USA"}, {"h3index": "8728d5d34ffffff", "population_2015": 1303.8694620281512, "total_built_mass_tons": 2878219.6112750648, "city_id": 140, "country_iso": "USA"}, {"h3index": "8728d5d35ffffff", "population_2015": 1024.3853329879985, "total_built_mass_tons": 1650049.307131979, "city_id": 140, "country_iso": "USA"}, {"h3index": "8728d5d36ffffff", "population_2015": 3151.966246724712, "total_built_mass_tons": 1914862.8978814064, "city_id": 140, "country_iso": "USA"}, {"h3index": "8728d5d42ffffff", "population_2015": 1213.332794807702, "total_built_mass_tons": 579312.7689785006, "city_id": 140, "country_iso": "USA"}, {"h3index": "8728d5d44ffffff", "population_2015": 1446.369513162722, "total_built_mass_tons": 962113.4176261995, "city_id": 140, "country_iso": "USA"}, {"h3index": "8728d5d46ffffff", "population_2015": 2205.5570766320266, "total_built_mass_tons": 2127288.5826206836, "city_id": 140, "country_iso": "USA"}, {"h3index": "8728d5d50ffffff", "population_2015": 6033.867837233871, "total_built_mass_tons": 2897316.1451344434, "city_id": 140, "country_iso": "USA"}, {"h3index": "8728d5d51ffffff", "population_2015": 7238.297712485929, "total_built_mass_tons": 3340980.1474651513, "city_id": 140, "country_iso": "USA"}, {"h3index": "8728d5d52ffffff", "population_2015": 3772.6743627437777, "total_built_mass_tons": 3473955.510743618, "city_id": 140, "country_iso": "USA"}, {"h3index": "8728d5d53ffffff", "population_2015": 6298.194050383545, "total_built_mass_tons": 3150477.2432532934, "city_id": 140, "country_iso": "USA"}, {"h3index": "8728d5d54ffffff", "population_2015": 4793.291123579048, "total_built_mass_tons": 2322691.169938749, "city_id": 140, "country_iso": "USA"}, {"h3index": "8728d5d55ffffff", "population_2015": 4582.324546404562, "total_built_mass_tons": 2294011.6667234823, "city_id": 140, "country_iso": "USA"}, {"h3index": "8728d5d56ffffff", "population_2015": 5660.218581274124, "total_built_mass_tons": 3489447.752392845, "city_id": 140, "country_iso": "USA"}, {"h3index": "8728d5d5affffff", "population_2015": 1205.7037337411266, "total_built_mass_tons": 847806.2403941939, "city_id": 140, "country_iso": "USA"}, {"h3index": "8728d5d5cffffff", "population_2015": 180.812451709018, "total_built_mass_tons": 220334.28488462628, "city_id": 140, "country_iso": "USA"}, {"h3index": "8728d5d5effffff", "population_2015": 5643.88771833386, "total_built_mass_tons": 2891173.7765751933, "city_id": 140, "country_iso": "USA"}, {"h3index": "8728d5d62ffffff", "population_2015": 1898.382060542294, "total_built_mass_tons": 939139.0894588016, "city_id": 140, "country_iso": "USA"}, {"h3index": "8728d5d63ffffff", "population_2015": 147.05778237978618, "total_built_mass_tons": 127676.75933755151, "city_id": 140, "country_iso": "USA"}, {"h3index": "8728d5d64ffffff", "population_2015": 455.264351457708, "total_built_mass_tons": 1402562.9790810202, "city_id": 140, "country_iso": "USA"}, {"h3index": "8728d5d66ffffff", "population_2015": 440.5438834562021, "total_built_mass_tons": 1729017.395782145, "city_id": 140, "country_iso": "USA"}, {"h3index": "8728d5d70ffffff", "population_2015": 2412.7622206844535, "total_built_mass_tons": 1453937.7324071152, "city_id": 140, "country_iso": "USA"}, {"h3index": "8728d5d71ffffff", "population_2015": 3830.4076385724775, "total_built_mass_tons": 2272445.9841140015, "city_id": 140, "country_iso": "USA"}, {"h3index": "8728d5d72ffffff", "population_2015": 6175.475656194784, "total_built_mass_tons": 3136904.881325115, "city_id": 140, "country_iso": "USA"}, {"h3index": "8728d5d73ffffff", "population_2015": 6088.564922793497, "total_built_mass_tons": 2601776.0742409043, "city_id": 140, "country_iso": "USA"}, {"h3index": "8728d5d74ffffff", "population_2015": 1974.997300613044, "total_built_mass_tons": 1224420.10209191, "city_id": 140, "country_iso": "USA"}, {"h3index": "8728d5d75ffffff", "population_2015": 4147.340863839785, "total_built_mass_tons": 2093247.5945707564, "city_id": 140, "country_iso": "USA"}, {"h3index": "8728d5d76ffffff", "population_2015": 3900.165181317808, "total_built_mass_tons": 2686393.791868636, "city_id": 140, "country_iso": "USA"}, {"h3index": "8728d5d81ffffff", "population_2015": 59.325276057655906, "total_built_mass_tons": 1525931.0887290044, "city_id": 140, "country_iso": "USA"}, {"h3index": "8728d5d82ffffff", "population_2015": 423.6283731310828, "total_built_mass_tons": 358572.06918687845, "city_id": 140, "country_iso": "USA"}, {"h3index": "8728d5d83ffffff", "population_2015": 4540.464412191309, "total_built_mass_tons": 2077697.145323548, "city_id": 140, "country_iso": "USA"}, {"h3index": "8728d5d88ffffff", "population_2015": 1842.7286566634975, "total_built_mass_tons": 1406329.904155586, "city_id": 140, "country_iso": "USA"}, {"h3index": "8728d5d89ffffff", "population_2015": 4058.247028055787, "total_built_mass_tons": 2368818.1004894753, "city_id": 140, "country_iso": "USA"}, {"h3index": "8728d5d8affffff", "population_2015": 2565.3702007554693, "total_built_mass_tons": 2560206.0696291635, "city_id": 140, "country_iso": "USA"}, {"h3index": "8728d5d8bffffff", "population_2015": 1553.9397321316542, "total_built_mass_tons": 1472567.2142553553, "city_id": 140, "country_iso": "USA"}, {"h3index": "8728d5d8cffffff", "population_2015": 756.3347721182834, "total_built_mass_tons": 796415.7331639879, "city_id": 140, "country_iso": "USA"}, {"h3index": "8728d5d8dffffff", "population_2015": 4313.183207392576, "total_built_mass_tons": 2584622.3607702977, "city_id": 140, "country_iso": "USA"}, {"h3index": "8728d5d8effffff", "population_2015": 3334.729235239152, "total_built_mass_tons": 2710123.186462678, "city_id": 140, "country_iso": "USA"}, {"h3index": "8728d5d98ffffff", "population_2015": 4811.914150367385, "total_built_mass_tons": 2176545.6467370647, "city_id": 140, "country_iso": "USA"}, {"h3index": "8728d5d99ffffff", "population_2015": 6201.992623711965, "total_built_mass_tons": 3895274.2110316656, "city_id": 140, "country_iso": "USA"}, {"h3index": "8728d5d9affffff", "population_2015": 255.6524105165519, "total_built_mass_tons": 122112.9783113279, "city_id": 140, "country_iso": "USA"}, {"h3index": "8728d5d9bffffff", "population_2015": 3410.757053411592, "total_built_mass_tons": 2004948.627470446, "city_id": 140, "country_iso": "USA"}, {"h3index": "8728d5d9cffffff", "population_2015": 961.197315867946, "total_built_mass_tons": 397717.29312104615, "city_id": 140, "country_iso": "USA"}, {"h3index": "8728d5d9dffffff", "population_2015": 5921.384226097091, "total_built_mass_tons": 2877467.06178842, "city_id": 140, "country_iso": "USA"}, {"h3index": "8728d5d9effffff", "population_2015": 70.97057930441463, "total_built_mass_tons": 53324.749183340246, "city_id": 140, "country_iso": "USA"}, {"h3index": "8728d5da0ffffff", "population_2015": 843.7287370483956, "total_built_mass_tons": 584265.5452679355, "city_id": 140, "country_iso": "USA"}, {"h3index": "8728d5da1ffffff", "population_2015": 4265.072203315078, "total_built_mass_tons": 2649386.020615649, "city_id": 140, "country_iso": "USA"}, {"h3index": "8728d5da3ffffff", "population_2015": 93.9754048851191, "total_built_mass_tons": 75811.6792985422, "city_id": 140, "country_iso": "USA"}, {"h3index": "8728d5da4ffffff", "population_2015": 1607.7055507552388, "total_built_mass_tons": 898429.3098896968, "city_id": 140, "country_iso": "USA"}, {"h3index": "8728d5da5ffffff", "population_2015": 4688.405087272909, "total_built_mass_tons": 2222563.0465047937, "city_id": 140, "country_iso": "USA"}, {"h3index": "8728d5da8ffffff", "population_2015": 134.00632596279254, "total_built_mass_tons": 1843343.8820668063, "city_id": 140, "country_iso": "USA"}, {"h3index": "8728d5da9ffffff", "population_2015": 2121.858687577067, "total_built_mass_tons": 2341670.364698603, "city_id": 140, "country_iso": "USA"}, {"h3index": "8728d5dacffffff", "population_2015": 6229.144050621079, "total_built_mass_tons": 3747846.99559317, "city_id": 140, "country_iso": "USA"}, {"h3index": "8728d5dadffffff", "population_2015": 1810.4814554349537, "total_built_mass_tons": 1280016.7789418534, "city_id": 140, "country_iso": "USA"}, {"h3index": "8728d5daeffffff", "population_2015": 1415.411162603311, "total_built_mass_tons": 1201247.055314453, "city_id": 140, "country_iso": "USA"}, {"h3index": "8728f369affffff", "population_2015": 1864.6567233301553, "total_built_mass_tons": 1400236.0697645652, "city_id": 140, "country_iso": "USA"}, {"h3index": "8728f369bffffff", "population_2015": 809.8150989730615, "total_built_mass_tons": 2023057.970941036, "city_id": 140, "country_iso": "USA"}, {"h3index": "8728f36d8ffffff", "population_2015": 2657.3401599731956, "total_built_mass_tons": 2135536.6474303985, "city_id": 140, "country_iso": "USA"}, {"h3index": "8728f36d9ffffff", "population_2015": 1226.2658945375283, "total_built_mass_tons": 1624450.8318803643, "city_id": 140, "country_iso": "USA"}, {"h3index": "8728f36daffffff", "population_2015": 3525.475199487483, "total_built_mass_tons": 2781740.2788356864, "city_id": 140, "country_iso": "USA"}, {"h3index": "8728f36dbffffff", "population_2015": 697.8297312129871, "total_built_mass_tons": 974602.558111843, "city_id": 140, "country_iso": "USA"}, {"h3index": "8728f36dcffffff", "population_2015": 49.153456823031114, "total_built_mass_tons": 194992.77697366744, "city_id": 140, "country_iso": "USA"}, {"h3index": "8728f36ddffffff", "population_2015": 2.0797730347689463, "total_built_mass_tons": 67914.65091635342, "city_id": 140, "country_iso": "USA"}, {"h3index": "8728f36deffffff", "population_2015": 209.84766990250228, "total_built_mass_tons": 1409692.46897184, "city_id": 140, "country_iso": "USA"}]