[{"h3index":"8740f1d81ffffff","population_2015":540.3543967817,"total_built_mass_tons":579553.1894722835,"city_id":10393,"country_iso":"CHN"},{"h3index":"8740f1d85ffffff","population_2015":125.8015497058,"total_built_mass_tons":211274.8856265999,"city_id":10393,"country_iso":"CHN"},{"h3index":"8740f1d88ffffff","population_2015":937.7218185032,"total_built_mass_tons":196518.6767356757,"city_id":10393,"country_iso":"CHN"},{"h3index":"8740f1d8cffffff","population_2015":10017.7262769129,"total_built_mass_tons":2984050.6468697423,"city_id":10393,"country_iso":"CHN"},{"h3index":"8740f1d8dffffff","population_2015":3446.6752728462,"total_built_mass_tons":513785.2360128578,"city_id":10393,"country_iso":"CHN"},{"h3index":"8740f1d8effffff","population_2015":1257.1616074861,"total_built_mass_tons":234228.5622059414,"city_id":10393,"country_iso":"CHN"},{"h3index":"8740f1daaffffff","population_2015":9217.4918769519,"total_built_mass_tons":2560082.2662936524,"city_id":10393,"country_iso":"CHN"},{"h3index":"8740f1dabffffff","population_2015":8480.139120921,"total_built_mass_tons":1323683.8907654046,"city_id":10393,"country_iso":"CHN"}]