[{"h3index": "873d34a40ffffff", "population_2015": 123.59808064979664, "total_built_mass_tons": 468228.25922748615, "city_id": 6442, "country_iso": "IND"}, {"h3index": "873d34a41ffffff", "population_2015": 90557.15408962824, "total_built_mass_tons": 4056813.1451806743, "city_id": 6442, "country_iso": "IND"}, {"h3index": "873d34a42ffffff", "population_2015": 1290.2975658028734, "total_built_mass_tons": 4127118.686240538, "city_id": 6442, "country_iso": "IND"}, {"h3index": "873d34a43ffffff", "population_2015": 5227.597874492524, "total_built_mass_tons": 5605841.693290203, "city_id": 6442, "country_iso": "IND"}, {"h3index": "873d34a45ffffff", "population_2015": 9799.414689445965, "total_built_mass_tons": 599737.9839639805, "city_id": 6442, "country_iso": "IND"}, {"h3index": "873d34a46ffffff", "population_2015": 30.28415392590504, "total_built_mass_tons": 194823.0565446015, "city_id": 6442, "country_iso": "IND"}, {"h3index": "873d34a48ffffff", "population_2015": 143.22450833788105, "total_built_mass_tons": 29982.845056105944, "city_id": 6442, "country_iso": "IND"}, {"h3index": "873d34a49ffffff", "population_2015": 1325.831747713276, "total_built_mass_tons": 143846.6903942335, "city_id": 6442, "country_iso": "IND"}, {"h3index": "873d34a4affffff", "population_2015": 900.6446513456456, "total_built_mass_tons": 34690.0337855049, "city_id": 6442, "country_iso": "IND"}, {"h3index": "873d34a4cffffff", "population_2015": 34652.867870719754, "total_built_mass_tons": 1550095.675266774, "city_id": 6442, "country_iso": "IND"}, {"h3index": "873d34a4dffffff", "population_2015": 3883.769882426542, "total_built_mass_tons": 276439.25006828486, "city_id": 6442, "country_iso": "IND"}, {"h3index": "873d34a4effffff", "population_2015": 21489.105155669004, "total_built_mass_tons": 875090.4693553795, "city_id": 6442, "country_iso": "IND"}, {"h3index": "873d34a51ffffff", "population_2015": 827.9506940799602, "total_built_mass_tons": 3668237.373742605, "city_id": 6442, "country_iso": "IND"}, {"h3index": "873d34a53ffffff", "population_2015": 3215.399020036178, "total_built_mass_tons": 1192422.0601062565, "city_id": 6442, "country_iso": "IND"}, {"h3index": "873d34a55ffffff", "population_2015": 105.64643043957504, "total_built_mass_tons": 392910.0646683522, "city_id": 6442, "country_iso": "IND"}, {"h3index": "873d34a58ffffff", "population_2015": 617.884203483544, "total_built_mass_tons": 1873684.1541196208, "city_id": 6442, "country_iso": "IND"}, {"h3index": "873d34a5affffff", "population_2015": 515.3763890149546, "total_built_mass_tons": 1877620.9359408095, "city_id": 6442, "country_iso": "IND"}, {"h3index": "873d34a5cffffff", "population_2015": 1893.5991600167524, "total_built_mass_tons": 6364860.596661061, "city_id": 6442, "country_iso": "IND"}, {"h3index": "873d34a5dffffff", "population_2015": 4446.536717575672, "total_built_mass_tons": 3270217.934549639, "city_id": 6442, "country_iso": "IND"}, {"h3index": "873d34a5effffff", "population_2015": 1441.5241342678958, "total_built_mass_tons": 3738602.112485667, "city_id": 6442, "country_iso": "IND"}, {"h3index": "873d34a68ffffff", "population_2015": 2017.7479491963104, "total_built_mass_tons": 177013.96940608084, "city_id": 6442, "country_iso": "IND"}, {"h3index": "873d34a6affffff", "population_2015": 53876.93233623878, "total_built_mass_tons": 2868423.282006232, "city_id": 6442, "country_iso": "IND"}, {"h3index": "873d34a6bffffff", "population_2015": 4208.1205449870995, "total_built_mass_tons": 245391.67416717712, "city_id": 6442, "country_iso": "IND"}, {"h3index": "873d34a6cffffff", "population_2015": 330.34095096962125, "total_built_mass_tons": 12316.015050824077, "city_id": 6442, "country_iso": "IND"}, {"h3index": "873d34a6dffffff", "population_2015": 2.012534137800628, "total_built_mass_tons": 22896.32558775451, "city_id": 6442, "country_iso": "IND"}, {"h3index": "873d34a6effffff", "population_2015": 1550.0467446645098, "total_built_mass_tons": 157097.39419253814, "city_id": 6442, "country_iso": "IND"}, {"h3index": "873d34accffffff", "population_2015": 41.38591481003107, "total_built_mass_tons": 14173.171107816312, "city_id": 6442, "country_iso": "IND"}, {"h3index": "873d34ae8ffffff", "population_2015": 4239.913556523415, "total_built_mass_tons": 840528.253381207, "city_id": 6442, "country_iso": "IND"}, {"h3index": "873d34ae9ffffff", "population_2015": 8545.805284343047, "total_built_mass_tons": 2043503.442466659, "city_id": 6442, "country_iso": "IND"}, {"h3index": "873d34aeaffffff", "population_2015": 491.38926530538816, "total_built_mass_tons": 246327.6093622544, "city_id": 6442, "country_iso": "IND"}, {"h3index": "873d34aebffffff", "population_2015": 946.7862194659664, "total_built_mass_tons": 237760.62862869084, "city_id": 6442, "country_iso": "IND"}, {"h3index": "873d34aecffffff", "population_2015": 3252.5554886275654, "total_built_mass_tons": 1263066.838330691, "city_id": 6442, "country_iso": "IND"}, {"h3index": "873d34aedffffff", "population_2015": 12282.214800997344, "total_built_mass_tons": 4523987.738670856, "city_id": 6442, "country_iso": "IND"}, {"h3index": "873d34aeeffffff", "population_2015": 117.79233206767664, "total_built_mass_tons": 90985.58591769406, "city_id": 6442, "country_iso": "IND"}, {"h3index": "873d35d32ffffff", "population_2015": 642.0438125759946, "total_built_mass_tons": 78553.52501302815, "city_id": 6442, "country_iso": "IND"}, {"h3index": "873d35d36ffffff", "population_2015": 1918.5046522813684, "total_built_mass_tons": 121613.54382933748, "city_id": 6442, "country_iso": "IND"}, {"h3index": "873d35db4ffffff", "population_2015": 34.21211598153208, "total_built_mass_tons": 16291.549654646866, "city_id": 6442, "country_iso": "IND"}, {"h3index": "873d35db6ffffff", "population_2015": 444.5745471692553, "total_built_mass_tons": 182824.87350548137, "city_id": 6442, "country_iso": "IND"}]