[{"h3index":"87648d432ffffff","population_2015":0.4044060314,"total_built_mass_tons":2512.4377143957,"city_id":10195,"country_iso":"MMR"},{"h3index":"87648d436ffffff","population_2015":2122.4325185963,"total_built_mass_tons":286356.7023930849,"city_id":10195,"country_iso":"MMR"},{"h3index":"87648d58dffffff","population_2015":13.9429011345,"total_built_mass_tons":6256.685629368,"city_id":10195,"country_iso":"MMR"},{"h3index":"87648d5a9ffffff","population_2015":113.860159844,"total_built_mass_tons":28474.2405187135,"city_id":10195,"country_iso":"MMR"},{"h3index":"87648d5abffffff","population_2015":4.4747088264,"total_built_mass_tons":2503.5968537784,"city_id":10195,"country_iso":"MMR"}]