[{"h3index":"873cc5a10ffffff","population_2015":3576.6879581227,"total_built_mass_tons":692217.0130969894,"city_id":10041,"country_iso":"IND"},{"h3index":"873cc5a12ffffff","population_2015":960.0864509433,"total_built_mass_tons":321178.5754360827,"city_id":10041,"country_iso":"IND"},{"h3index":"873cc5a14ffffff","population_2015":6139.9571125405,"total_built_mass_tons":756691.246047159,"city_id":10041,"country_iso":"IND"},{"h3index":"873cc5a15ffffff","population_2015":420.4311784408,"total_built_mass_tons":145540.092676828,"city_id":10041,"country_iso":"IND"},{"h3index":"873cc5a16ffffff","population_2015":4437.4433460086,"total_built_mass_tons":846708.6037505432,"city_id":10041,"country_iso":"IND"},{"h3index":"873cc5a32ffffff","population_2015":70.8986129761,"total_built_mass_tons":24844.0051825973,"city_id":10041,"country_iso":"IND"},{"h3index":"873cc5a33ffffff","population_2015":7.1637174569,"total_built_mass_tons":2143.438406391,"city_id":10041,"country_iso":"IND"},{"h3index":"873cc5aa1ffffff","population_2015":87.6174673193,"total_built_mass_tons":45421.8457748847,"city_id":10041,"country_iso":"IND"},{"h3index":"873cc5aa5ffffff","population_2015":318.4099473691,"total_built_mass_tons":102207.4072645005,"city_id":10041,"country_iso":"IND"},{"h3index":"873cc5b88ffffff","population_2015":126.5740699768,"total_built_mass_tons":21441.1540361811,"city_id":10041,"country_iso":"IND"},{"h3index":"873cc5b89ffffff","population_2015":266.98553208,"total_built_mass_tons":80599.6680617942,"city_id":10041,"country_iso":"IND"},{"h3index":"873cc5b8cffffff","population_2015":17.9230709076,"total_built_mass_tons":32075.1414956777,"city_id":10041,"country_iso":"IND"}]