[{"h3index": "877b4c600ffffff", "population_2015": 10215.29780129077, "total_built_mass_tons": 1246935.680282824, "city_id": 5262, "country_iso": "TZA"}, {"h3index": "877b4c601ffffff", "population_2015": 1947.8102147270656, "total_built_mass_tons": 213461.6147790792, "city_id": 5262, "country_iso": "TZA"}, {"h3index": "877b4c602ffffff", "population_2015": 9.584917068481444, "total_built_mass_tons": 6941.199220392157, "city_id": 5262, "country_iso": "TZA"}, {"h3index": "877b4c603ffffff", "population_2015": 2878.6940450256943, "total_built_mass_tons": 374554.9094946745, "city_id": 5262, "country_iso": "TZA"}, {"h3index": "877b4c605ffffff", "population_2015": 14574.805213920745, "total_built_mass_tons": 1145133.835086638, "city_id": 5262, "country_iso": "TZA"}, {"h3index": "877b4c61cffffff", "population_2015": 162.70647711660348, "total_built_mass_tons": 77184.3540027907, "city_id": 5262, "country_iso": "TZA"}, {"h3index": "877b4c61dffffff", "population_2015": 7.860328722935097, "total_built_mass_tons": 34616.91289788042, "city_id": 5262, "country_iso": "TZA"}, {"h3index": "877b4c620ffffff", "population_2015": 3920.623050865473, "total_built_mass_tons": 414490.17068801506, "city_id": 5262, "country_iso": "TZA"}, {"h3index": "877b4c621ffffff", "population_2015": 82008.56195608401, "total_built_mass_tons": 3305746.435798713, "city_id": 5262, "country_iso": "TZA"}, {"h3index": "877b4c622ffffff", "population_2015": 1668.8233016593783, "total_built_mass_tons": 138774.08213515682, "city_id": 5262, "country_iso": "TZA"}, {"h3index": "877b4c623ffffff", "population_2015": 7675.57700288436, "total_built_mass_tons": 856903.1694841615, "city_id": 5262, "country_iso": "TZA"}, {"h3index": "877b4c624ffffff", "population_2015": 11937.716873887006, "total_built_mass_tons": 1006977.267345228, "city_id": 5262, "country_iso": "TZA"}, {"h3index": "877b4c625ffffff", "population_2015": 61676.27129761189, "total_built_mass_tons": 3472768.564851146, "city_id": 5262, "country_iso": "TZA"}, {"h3index": "877b4c626ffffff", "population_2015": 765.5562790141386, "total_built_mass_tons": 74694.24180934453, "city_id": 5262, "country_iso": "TZA"}, {"h3index": "877b4c62cffffff", "population_2015": 20442.56432850781, "total_built_mass_tons": 1267118.3480710867, "city_id": 5262, "country_iso": "TZA"}, {"h3index": "877b4c62effffff", "population_2015": 2536.689927620981, "total_built_mass_tons": 257941.18206522145, "city_id": 5262, "country_iso": "TZA"}, {"h3index": "877b4c635ffffff", "population_2015": 20.335773898105995, "total_built_mass_tons": 4827.239104411765, "city_id": 5262, "country_iso": "TZA"}, {"h3index": "877b4c709ffffff", "population_2015": 2082.804765241286, "total_built_mass_tons": 476555.7561520338, "city_id": 5262, "country_iso": "TZA"}, {"h3index": "877b4c70affffff", "population_2015": 2610.455092101003, "total_built_mass_tons": 357861.46909458743, "city_id": 5262, "country_iso": "TZA"}, {"h3index": "877b4c70bffffff", "population_2015": 21449.970075412835, "total_built_mass_tons": 1857512.751534477, "city_id": 5262, "country_iso": "TZA"}, {"h3index": "877b4c70dffffff", "population_2015": 29.71363067626953, "total_built_mass_tons": 90341.48514144847, "city_id": 5262, "country_iso": "TZA"}, {"h3index": "877b4c71dffffff", "population_2015": 27.622595798268037, "total_built_mass_tons": 10263.160671372549, "city_id": 5262, "country_iso": "TZA"}, {"h3index": "877b4c750ffffff", "population_2015": 17.076133675668757, "total_built_mass_tons": 3416.5391923893226, "city_id": 5262, "country_iso": "TZA"}, {"h3index": "877b4c752ffffff", "population_2015": 84423.46265897564, "total_built_mass_tons": 3341545.8919401616, "city_id": 5262, "country_iso": "TZA"}, {"h3index": "877b4c753ffffff", "population_2015": 5371.331953213263, "total_built_mass_tons": 342417.7112821352, "city_id": 5262, "country_iso": "TZA"}, {"h3index": "877b4c754ffffff", "population_2015": 3857.708217654509, "total_built_mass_tons": 692646.1815017952, "city_id": 5262, "country_iso": "TZA"}, {"h3index": "877b4c756ffffff", "population_2015": 37978.81477576236, "total_built_mass_tons": 2400532.3232817925, "city_id": 5262, "country_iso": "TZA"}, {"h3index": "877b4c772ffffff", "population_2015": 705.8076878416772, "total_built_mass_tons": 123155.67184997146, "city_id": 5262, "country_iso": "TZA"}]