[{"h3index": "8714a2110ffffff", "population_2015": 8620.1324860671, "total_built_mass_tons": 1667085.1303669182, "city_id": 10417, "country_iso": "CHN"}, {"h3index": "8714a2111ffffff", "population_2015": 11.490537707478394, "total_built_mass_tons": 58134.159340242455, "city_id": 10417, "country_iso": "CHN"}, {"h3index": "8714a2112ffffff", "population_2015": 24436.25124222951, "total_built_mass_tons": 8839165.131631386, "city_id": 10417, "country_iso": "CHN"}, {"h3index": "8714a2113ffffff", "population_2015": 658.0239965738034, "total_built_mass_tons": 1012065.2831605888, "city_id": 10417, "country_iso": "CHN"}, {"h3index": "8714a2116ffffff", "population_2015": 25382.33289773231, "total_built_mass_tons": 4782167.705253717, "city_id": 10417, "country_iso": "CHN"}, {"h3index": "8714a21a0ffffff", "population_2015": 1230.02065745709, "total_built_mass_tons": 491865.5598210707, "city_id": 10417, "country_iso": "CHN"}, {"h3index": "8714a21a1ffffff", "population_2015": 1856.8990970237585, "total_built_mass_tons": 613508.2344686612, "city_id": 10417, "country_iso": "CHN"}, {"h3index": "8714a21a4ffffff", "population_2015": 9.433502025230258, "total_built_mass_tons": 33852.01915154377, "city_id": 10417, "country_iso": "CHN"}, {"h3index": "8714a21a5ffffff", "population_2015": 19039.434869055654, "total_built_mass_tons": 3895771.950597683, "city_id": 10417, "country_iso": "CHN"}, {"h3index": "8714a21acffffff", "population_2015": 114.03627372021772, "total_built_mass_tons": 229988.02278447011, "city_id": 10417, "country_iso": "CHN"}, {"h3index": "8714a2c4bffffff", "population_2015": 1049.369164193845, "total_built_mass_tons": 298341.9287107229, "city_id": 10417, "country_iso": "CHN"}]