[{"h3index": "87a90e800ffffff", "population_2015": 157.88576118688954, "total_built_mass_tons": 85847.59940210165, "city_id": 1217, "country_iso": "BRA"}, {"h3index": "87a90e804ffffff", "population_2015": 2117.6222679101957, "total_built_mass_tons": 325059.4697160218, "city_id": 1217, "country_iso": "BRA"}, {"h3index": "87a90e806ffffff", "population_2015": 10674.344386633093, "total_built_mass_tons": 1855725.9331208009, "city_id": 1217, "country_iso": "BRA"}, {"h3index": "87a90e822ffffff", "population_2015": 3949.2688479957633, "total_built_mass_tons": 1043782.6771771116, "city_id": 1217, "country_iso": "BRA"}, {"h3index": "87a90e826ffffff", "population_2015": 4182.4916575611815, "total_built_mass_tons": 1212825.7656220286, "city_id": 1217, "country_iso": "BRA"}, {"h3index": "87a90e830ffffff", "population_2015": 26589.91745558721, "total_built_mass_tons": 3329507.948910479, "city_id": 1217, "country_iso": "BRA"}, {"h3index": "87a90e831ffffff", "population_2015": 15868.94105381498, "total_built_mass_tons": 3374022.4848860167, "city_id": 1217, "country_iso": "BRA"}, {"h3index": "87a90e832ffffff", "population_2015": 9982.919519162411, "total_built_mass_tons": 1236301.2326212623, "city_id": 1217, "country_iso": "BRA"}, {"h3index": "87a90e833ffffff", "population_2015": 28558.488603547976, "total_built_mass_tons": 3587170.1794919064, "city_id": 1217, "country_iso": "BRA"}, {"h3index": "87a90e834ffffff", "population_2015": 20381.199444183658, "total_built_mass_tons": 2411839.218013982, "city_id": 1217, "country_iso": "BRA"}, {"h3index": "87a90e835ffffff", "population_2015": 20053.349376598533, "total_built_mass_tons": 3803984.0462295767, "city_id": 1217, "country_iso": "BRA"}, {"h3index": "87a90e836ffffff", "population_2015": 10518.037078992997, "total_built_mass_tons": 1588269.3085860745, "city_id": 1217, "country_iso": "BRA"}, {"h3index": "87a90e91bffffff", "population_2015": 3425.400000590904, "total_built_mass_tons": 365992.1722642343, "city_id": 1217, "country_iso": "BRA"}, {"h3index": "87a90e9a9ffffff", "population_2015": 497.57158868453087, "total_built_mass_tons": 88153.33157845298, "city_id": 1217, "country_iso": "BRA"}]