[{"h3index": "874814630ffffff", "population_2015": 40936.19710906883, "total_built_mass_tons": 3689449.07586012, "city_id": 93, "country_iso": "MEX"}, {"h3index": "874814631ffffff", "population_2015": 5203.004079871083, "total_built_mass_tons": 417634.26565556345, "city_id": 93, "country_iso": "MEX"}, {"h3index": "874814632ffffff", "population_2015": 23889.976997732003, "total_built_mass_tons": 2094823.6295361784, "city_id": 93, "country_iso": "MEX"}, {"h3index": "874814633ffffff", "population_2015": 1350.61224713232, "total_built_mass_tons": 200169.28936972955, "city_id": 93, "country_iso": "MEX"}, {"h3index": "874814634ffffff", "population_2015": 27676.84061621428, "total_built_mass_tons": 3743683.852210719, "city_id": 93, "country_iso": "MEX"}, {"h3index": "874814635ffffff", "population_2015": 8089.846103912067, "total_built_mass_tons": 908232.7387577884, "city_id": 93, "country_iso": "MEX"}, {"h3index": "874814636ffffff", "population_2015": 31582.114385832992, "total_built_mass_tons": 4438525.88240757, "city_id": 93, "country_iso": "MEX"}, {"h3index": "8748146a4ffffff", "population_2015": 5153.362927488252, "total_built_mass_tons": 259106.4058280225, "city_id": 93, "country_iso": "MEX"}, {"h3index": "87481471affffff", "population_2015": 29536.86259089896, "total_built_mass_tons": 1728774.530037738, "city_id": 93, "country_iso": "MEX"}, {"h3index": "87481471bffffff", "population_2015": 5083.954627597099, "total_built_mass_tons": 691255.3656580194, "city_id": 93, "country_iso": "MEX"}, {"h3index": "874814781ffffff", "population_2015": 50.87557388006472, "total_built_mass_tons": 38530.46769623681, "city_id": 93, "country_iso": "MEX"}, {"h3index": "874814788ffffff", "population_2015": 28859.570059881833, "total_built_mass_tons": 2737916.7856120523, "city_id": 93, "country_iso": "MEX"}, {"h3index": "874814789ffffff", "population_2015": 16336.121237149542, "total_built_mass_tons": 1469252.045899307, "city_id": 93, "country_iso": "MEX"}, {"h3index": "87481478affffff", "population_2015": 32114.219309073094, "total_built_mass_tons": 1975854.7499784136, "city_id": 93, "country_iso": "MEX"}, {"h3index": "87481478bffffff", "population_2015": 7216.909209412685, "total_built_mass_tons": 778452.7120994169, "city_id": 93, "country_iso": "MEX"}, {"h3index": "87481478cffffff", "population_2015": 11546.173111405004, "total_built_mass_tons": 1421155.2970968685, "city_id": 93, "country_iso": "MEX"}, {"h3index": "87481478dffffff", "population_2015": 32065.49146249107, "total_built_mass_tons": 4494168.174538575, "city_id": 93, "country_iso": "MEX"}, {"h3index": "87481478effffff", "population_2015": 2427.499790982639, "total_built_mass_tons": 206610.97058726003, "city_id": 93, "country_iso": "MEX"}, {"h3index": "8748147a8ffffff", "population_2015": 2563.019650564357, "total_built_mass_tons": 288219.89461313316, "city_id": 93, "country_iso": "MEX"}, {"h3index": "8748147a9ffffff", "population_2015": 47940.00842296937, "total_built_mass_tons": 4619194.826212317, "city_id": 93, "country_iso": "MEX"}, {"h3index": "8748147aaffffff", "population_2015": 1564.673287339304, "total_built_mass_tons": 362518.7072374809, "city_id": 93, "country_iso": "MEX"}, {"h3index": "8748147abffffff", "population_2015": 46319.00228680724, "total_built_mass_tons": 4405526.216078747, "city_id": 93, "country_iso": "MEX"}, {"h3index": "8748147adffffff", "population_2015": 8609.128547171047, "total_built_mass_tons": 625772.9466951, "city_id": 93, "country_iso": "MEX"}]