[{"h3index":"878188140ffffff","population_2015":19.1640095393,"total_built_mass_tons":7233.2660211294,"city_id":1427,"country_iso":"BRA"},{"h3index":"878188141ffffff","population_2015":5732.4278427685,"total_built_mass_tons":594015.7264628438,"city_id":1427,"country_iso":"BRA"},{"h3index":"878188144ffffff","population_2015":733.5219700533,"total_built_mass_tons":83200.8730432438,"city_id":1427,"country_iso":"BRA"},{"h3index":"878188145ffffff","population_2015":14817.452602568,"total_built_mass_tons":1580261.6559919394,"city_id":1427,"country_iso":"BRA"},{"h3index":"87818816affffff","population_2015":9390.2940731497,"total_built_mass_tons":551038.5405855295,"city_id":1427,"country_iso":"BRA"},{"h3index":"87818816effffff","population_2015":967.9339812709,"total_built_mass_tons":56971.6337968019,"city_id":1427,"country_iso":"BRA"}]