[{"h3index": "87488b365ffffff", "population_2015": 55.14626062898075, "total_built_mass_tons": 76356.3726306464, "city_id": 233, "country_iso": "USA"}, {"h3index": "87488bac9ffffff", "population_2015": 275.9535875000498, "total_built_mass_tons": 1677708.2454767502, "city_id": 233, "country_iso": "USA"}, {"h3index": "87488bacbffffff", "population_2015": 4.86751729740816, "total_built_mass_tons": 125802.14431654233, "city_id": 233, "country_iso": "USA"}, {"h3index": "87488bacdffffff", "population_2015": 20.989567871537865, "total_built_mass_tons": 407647.12499322346, "city_id": 233, "country_iso": "USA"}, {"h3index": "8748d6d80ffffff", "population_2015": 41.6038119058983, "total_built_mass_tons": 134119.1219862875, "city_id": 233, "country_iso": "USA"}, {"h3index": "8748d6d82ffffff", "population_2015": 359.03583029146284, "total_built_mass_tons": 553875.3645030987, "city_id": 233, "country_iso": "USA"}, {"h3index": "8748d6d86ffffff", "population_2015": 4984.340807518129, "total_built_mass_tons": 3092195.39433515, "city_id": 233, "country_iso": "USA"}, {"h3index": "8748d6d90ffffff", "population_2015": 9719.446474304854, "total_built_mass_tons": 3635166.001434182, "city_id": 233, "country_iso": "USA"}, {"h3index": "8748d6d91ffffff", "population_2015": 3560.1436579353663, "total_built_mass_tons": 1521503.150876606, "city_id": 233, "country_iso": "USA"}, {"h3index": "8748d6d92ffffff", "population_2015": 65.60413453765943, "total_built_mass_tons": 371178.6207642387, "city_id": 233, "country_iso": "USA"}, {"h3index": "8748d6d93ffffff", "population_2015": 1000.2316823978052, "total_built_mass_tons": 333055.3463117911, "city_id": 233, "country_iso": "USA"}, {"h3index": "8748d6d94ffffff", "population_2015": 8527.211821117295, "total_built_mass_tons": 4532813.6654387815, "city_id": 233, "country_iso": "USA"}, {"h3index": "8748d6d95ffffff", "population_2015": 11250.63686131636, "total_built_mass_tons": 4028565.306903731, "city_id": 233, "country_iso": "USA"}, {"h3index": "8748d6d96ffffff", "population_2015": 6816.2001883454495, "total_built_mass_tons": 2803924.2595305652, "city_id": 233, "country_iso": "USA"}, {"h3index": "8748d6d9cffffff", "population_2015": 48.54538446308352, "total_built_mass_tons": 230474.09396249935, "city_id": 233, "country_iso": "USA"}, {"h3index": "8748d6db0ffffff", "population_2015": 5974.2137576419, "total_built_mass_tons": 3206227.56625922, "city_id": 233, "country_iso": "USA"}, {"h3index": "8748d6db1ffffff", "population_2015": 7103.747364433489, "total_built_mass_tons": 2674852.4206631803, "city_id": 233, "country_iso": "USA"}, {"h3index": "8748d6db2ffffff", "population_2015": 4545.379826191827, "total_built_mass_tons": 2922183.1523777954, "city_id": 233, "country_iso": "USA"}, {"h3index": "8748d6db3ffffff", "population_2015": 7974.475003256751, "total_built_mass_tons": 4835626.458248086, "city_id": 233, "country_iso": "USA"}, {"h3index": "8748d6db5ffffff", "population_2015": 354.3026118332776, "total_built_mass_tons": 205750.6701143277, "city_id": 233, "country_iso": "USA"}, {"h3index": "8748d6db6ffffff", "population_2015": 1006.1518514596656, "total_built_mass_tons": 378617.4931150344, "city_id": 233, "country_iso": "USA"}]