[{"h3index":"873ce6680ffffff","population_2015":245.6319930731,"total_built_mass_tons":43139.6721421725,"city_id":9778,"country_iso":"BGD"},{"h3index":"873ce6682ffffff","population_2015":210.7482602363,"total_built_mass_tons":74869.63653601,"city_id":9778,"country_iso":"BGD"},{"h3index":"873ce6691ffffff","population_2015":101.3092975616,"total_built_mass_tons":66422.1206703648,"city_id":9778,"country_iso":"BGD"},{"h3index":"873ce669cffffff","population_2015":6.43452218,"total_built_mass_tons":36292.7244129319,"city_id":9778,"country_iso":"BGD"},{"h3index":"873cf5a69ffffff","population_2015":1023.8278007507,"total_built_mass_tons":139009.9750485707,"city_id":9778,"country_iso":"BGD"}]