[{"h3index": "873093324ffffff", "population_2015": 3203.203466464025, "total_built_mass_tons": 771343.080877439, "city_id": 12168, "country_iso": "CHN"}, {"h3index": "873093325ffffff", "population_2015": 257.92503658369475, "total_built_mass_tons": 109292.26748679468, "city_id": 12168, "country_iso": "CHN"}, {"h3index": "873093a82ffffff", "population_2015": 481.89991199269025, "total_built_mass_tons": 209334.22289454663, "city_id": 12168, "country_iso": "CHN"}, {"h3index": "873093a83ffffff", "population_2015": 936.9687589439692, "total_built_mass_tons": 350033.62156718504, "city_id": 12168, "country_iso": "CHN"}, {"h3index": "873093a88ffffff", "population_2015": 9259.276939301397, "total_built_mass_tons": 2396736.6962542073, "city_id": 12168, "country_iso": "CHN"}, {"h3index": "873093a89ffffff", "population_2015": 10366.38052079537, "total_built_mass_tons": 2385212.007495088, "city_id": 12168, "country_iso": "CHN"}, {"h3index": "873093a8affffff", "population_2015": 26618.19470546198, "total_built_mass_tons": 5978921.241650658, "city_id": 12168, "country_iso": "CHN"}, {"h3index": "873093a8bffffff", "population_2015": 20532.083481855017, "total_built_mass_tons": 7145715.2817295855, "city_id": 12168, "country_iso": "CHN"}, {"h3index": "873093a8cffffff", "population_2015": 916.1942370751324, "total_built_mass_tons": 783452.7528409532, "city_id": 12168, "country_iso": "CHN"}, {"h3index": "873093a8dffffff", "population_2015": 855.662068335215, "total_built_mass_tons": 587092.1711008546, "city_id": 12168, "country_iso": "CHN"}, {"h3index": "873093a8effffff", "population_2015": 4335.2380039476875, "total_built_mass_tons": 1466202.0010003247, "city_id": 12168, "country_iso": "CHN"}, {"h3index": "873093a91ffffff", "population_2015": 429.5040465934605, "total_built_mass_tons": 247182.7271762685, "city_id": 12168, "country_iso": "CHN"}, {"h3index": "873093a99ffffff", "population_2015": 763.4300170599246, "total_built_mass_tons": 358797.7419282774, "city_id": 12168, "country_iso": "CHN"}, {"h3index": "873093a9cffffff", "population_2015": 1383.367035576876, "total_built_mass_tons": 731728.6874285482, "city_id": 12168, "country_iso": "CHN"}, {"h3index": "873093a9dffffff", "population_2015": 904.5395024804508, "total_built_mass_tons": 470772.2414062049, "city_id": 12168, "country_iso": "CHN"}, {"h3index": "873093aabffffff", "population_2015": 3.832808747011073, "total_built_mass_tons": 15780.761552448066, "city_id": 12168, "country_iso": "CHN"}, {"h3index": "873093ad4ffffff", "population_2015": 885.719244819529, "total_built_mass_tons": 289291.2257375348, "city_id": 12168, "country_iso": "CHN"}, {"h3index": "873093ad6ffffff", "population_2015": 6736.148509863313, "total_built_mass_tons": 1330004.6821490051, "city_id": 12168, "country_iso": "CHN"}, {"h3index": "873093af6ffffff", "population_2015": 126.886819228004, "total_built_mass_tons": 107300.34606613065, "city_id": 12168, "country_iso": "CHN"}]