[{"h3index":"874110344ffffff","population_2015":742.4234516144,"total_built_mass_tons":373030.1805967613,"city_id":12447,"country_iso":"CHN"},{"h3index":"874110345ffffff","population_2015":5.3405941271,"total_built_mass_tons":11821.8427118316,"city_id":12447,"country_iso":"CHN"},{"h3index":"874110346ffffff","population_2015":0.2451839671,"total_built_mass_tons":184.0378500483,"city_id":12447,"country_iso":"CHN"},{"h3index":"874110362ffffff","population_2015":404.3916713939,"total_built_mass_tons":71537.3325777564,"city_id":12447,"country_iso":"CHN"},{"h3index":"874110363ffffff","population_2015":0.7899777861,"total_built_mass_tons":2470.7882913547,"city_id":12447,"country_iso":"CHN"},{"h3index":"874110370ffffff","population_2015":209.9264433618,"total_built_mass_tons":46986.3223607886,"city_id":12447,"country_iso":"CHN"},{"h3index":"874110371ffffff","population_2015":1611.5278906299,"total_built_mass_tons":372053.0546309404,"city_id":12447,"country_iso":"CHN"},{"h3index":"874110374ffffff","population_2015":1482.1041476918,"total_built_mass_tons":251020.9628072889,"city_id":12447,"country_iso":"CHN"},{"h3index":"874110375ffffff","population_2015":1868.5789161383,"total_built_mass_tons":192416.692069051,"city_id":12447,"country_iso":"CHN"}]