[{"h3index":"8724c8044ffffff","population_2015":1296.931876363,"total_built_mass_tons":616714.5092953771,"city_id":10296,"country_iso":"CHN"},{"h3index":"8724c8060ffffff","population_2015":6655.078764606,"total_built_mass_tons":3567680.0965108499,"city_id":10296,"country_iso":"CHN"},{"h3index":"8724c8061ffffff","population_2015":13.7071944826,"total_built_mass_tons":131025.6197047418,"city_id":10296,"country_iso":"CHN"},{"h3index":"8724c8062ffffff","population_2015":8095.4501373104,"total_built_mass_tons":5848222.5782017447,"city_id":10296,"country_iso":"CHN"},{"h3index":"8724c8063ffffff","population_2015":3524.2059916847,"total_built_mass_tons":2376720.6312422268,"city_id":10296,"country_iso":"CHN"},{"h3index":"8724c8066ffffff","population_2015":3222.2937883059,"total_built_mass_tons":1288691.3660985949,"city_id":10296,"country_iso":"CHN"},{"h3index":"8724c8070ffffff","population_2015":106.9825030729,"total_built_mass_tons":79338.213378615,"city_id":10296,"country_iso":"CHN"},{"h3index":"8724c8071ffffff","population_2015":2679.3402138584,"total_built_mass_tons":1528411.6839805043,"city_id":10296,"country_iso":"CHN"},{"h3index":"8724c8075ffffff","population_2015":7958.4672180512,"total_built_mass_tons":3394724.1366706309,"city_id":10296,"country_iso":"CHN"},{"h3index":"8724c815bffffff","population_2015":653.2828932949,"total_built_mass_tons":293578.3416089959,"city_id":10296,"country_iso":"CHN"}]