[{"h3index": "87195a164ffffff", "population_2015": 2951.768016672602, "total_built_mass_tons": 691712.7538952539, "city_id": 1718, "country_iso": "GBR"}, {"h3index": "87195a165ffffff", "population_2015": 4471.996302264578, "total_built_mass_tons": 1525055.0188379155, "city_id": 1718, "country_iso": "GBR"}, {"h3index": "87195a16cffffff", "population_2015": 99.83689285443694, "total_built_mass_tons": 1225181.3967377427, "city_id": 1718, "country_iso": "GBR"}, {"h3index": "87195a16dffffff", "population_2015": 9111.513402304006, "total_built_mass_tons": 3542359.223102584, "city_id": 1718, "country_iso": "GBR"}, {"h3index": "87195a8c9ffffff", "population_2015": 3395.0480373466717, "total_built_mass_tons": 907534.6738636995, "city_id": 1718, "country_iso": "GBR"}, {"h3index": "87195a8cbffffff", "population_2015": 817.4447827030631, "total_built_mass_tons": 166029.56704650188, "city_id": 1718, "country_iso": "GBR"}, {"h3index": "87195aaa6ffffff", "population_2015": 70.3372286711984, "total_built_mass_tons": 1258765.4707917685, "city_id": 1718, "country_iso": "GBR"}, {"h3index": "87195aab5ffffff", "population_2015": 6.596599341140074, "total_built_mass_tons": 152969.6316733947, "city_id": 1718, "country_iso": "GBR"}, {"h3index": "87195ab90ffffff", "population_2015": 2324.5910448248483, "total_built_mass_tons": 601764.5443960852, "city_id": 1718, "country_iso": "GBR"}, {"h3index": "87195ab92ffffff", "population_2015": 3632.93484740865, "total_built_mass_tons": 1240301.1928719191, "city_id": 1718, "country_iso": "GBR"}, {"h3index": "87195ab93ffffff", "population_2015": 2886.3883270228034, "total_built_mass_tons": 1850516.51737366, "city_id": 1718, "country_iso": "GBR"}, {"h3index": "87195ab94ffffff", "population_2015": 6561.234867191314, "total_built_mass_tons": 1776885.6671497463, "city_id": 1718, "country_iso": "GBR"}, {"h3index": "87195ab95ffffff", "population_2015": 329.0749506380044, "total_built_mass_tons": 112595.9229359902, "city_id": 1718, "country_iso": "GBR"}, {"h3index": "87195ab96ffffff", "population_2015": 6606.265669611035, "total_built_mass_tons": 2516222.1677881023, "city_id": 1718, "country_iso": "GBR"}, {"h3index": "87195ab98ffffff", "population_2015": 4585.793484209625, "total_built_mass_tons": 1880961.7965702876, "city_id": 1718, "country_iso": "GBR"}, {"h3index": "87195ab99ffffff", "population_2015": 1310.2024602559852, "total_built_mass_tons": 878420.9082737808, "city_id": 1718, "country_iso": "GBR"}, {"h3index": "87195ab9affffff", "population_2015": 4353.873673784592, "total_built_mass_tons": 2817606.804205348, "city_id": 1718, "country_iso": "GBR"}, {"h3index": "87195ab9bffffff", "population_2015": 191.41997122627257, "total_built_mass_tons": 5763224.326930007, "city_id": 1718, "country_iso": "GBR"}, {"h3index": "87195ab9effffff", "population_2015": 4114.722431297396, "total_built_mass_tons": 1621409.0472472368, "city_id": 1718, "country_iso": "GBR"}]