[{"h3index": "876099a00ffffff", "population_2015": 18393.062981025847, "total_built_mass_tons": 1507630.0337330345, "city_id": 6970, "country_iso": "IND"}, {"h3index": "876099a01ffffff", "population_2015": 29608.70986132154, "total_built_mass_tons": 2670848.0392872947, "city_id": 6970, "country_iso": "IND"}, {"h3index": "876099a02ffffff", "population_2015": 1425.6313654544306, "total_built_mass_tons": 230928.1822910753, "city_id": 6970, "country_iso": "IND"}, {"h3index": "876099a03ffffff", "population_2015": 1956.135932884964, "total_built_mass_tons": 244958.88505135276, "city_id": 6970, "country_iso": "IND"}, {"h3index": "876099a04ffffff", "population_2015": 52476.983026691494, "total_built_mass_tons": 4181325.044142839, "city_id": 6970, "country_iso": "IND"}, {"h3index": "876099a05ffffff", "population_2015": 31244.171440872487, "total_built_mass_tons": 2527251.0029637273, "city_id": 6970, "country_iso": "IND"}, {"h3index": "876099a06ffffff", "population_2015": 17700.40264778885, "total_built_mass_tons": 1352708.1035541822, "city_id": 6970, "country_iso": "IND"}, {"h3index": "876099a08ffffff", "population_2015": 7024.013318791109, "total_built_mass_tons": 666154.0422554011, "city_id": 6970, "country_iso": "IND"}, {"h3index": "876099a09ffffff", "population_2015": 52.933823836083505, "total_built_mass_tons": 7696.009925805463, "city_id": 6970, "country_iso": "IND"}, {"h3index": "876099a0cffffff", "population_2015": 26887.684426745247, "total_built_mass_tons": 2607868.1452085124, "city_id": 6970, "country_iso": "IND"}, {"h3index": "876099a0dffffff", "population_2015": 23062.150235740817, "total_built_mass_tons": 2025716.5892327037, "city_id": 6970, "country_iso": "IND"}, {"h3index": "876099a0effffff", "population_2015": 473.05894203560024, "total_built_mass_tons": 77649.53465948376, "city_id": 6970, "country_iso": "IND"}, {"h3index": "876099a10ffffff", "population_2015": 22.41578037037569, "total_built_mass_tons": 6934.618077714847, "city_id": 6970, "country_iso": "IND"}, {"h3index": "876099a11ffffff", "population_2015": 89.96122351253733, "total_built_mass_tons": 33073.51964355972, "city_id": 6970, "country_iso": "IND"}, {"h3index": "876099a14ffffff", "population_2015": 153.06949100868377, "total_built_mass_tons": 29831.473648842948, "city_id": 6970, "country_iso": "IND"}, {"h3index": "876099a15ffffff", "population_2015": 8831.757533518474, "total_built_mass_tons": 923698.4405815344, "city_id": 6970, "country_iso": "IND"}, {"h3index": "876099a20ffffff", "population_2015": 10024.83181818794, "total_built_mass_tons": 991721.9105166976, "city_id": 6970, "country_iso": "IND"}, {"h3index": "876099a21ffffff", "population_2015": 15290.230773080566, "total_built_mass_tons": 1556993.3251655034, "city_id": 6970, "country_iso": "IND"}, {"h3index": "876099a22ffffff", "population_2015": 38097.00173227647, "total_built_mass_tons": 3095442.0761966463, "city_id": 6970, "country_iso": "IND"}, {"h3index": "876099a23ffffff", "population_2015": 40498.04462854721, "total_built_mass_tons": 3286319.1980311926, "city_id": 6970, "country_iso": "IND"}, {"h3index": "876099a24ffffff", "population_2015": 6999.286408214944, "total_built_mass_tons": 777733.8692991405, "city_id": 6970, "country_iso": "IND"}, {"h3index": "876099a26ffffff", "population_2015": 18704.23963553485, "total_built_mass_tons": 1250899.901444544, "city_id": 6970, "country_iso": "IND"}, {"h3index": "876099a28ffffff", "population_2015": 24584.48258399214, "total_built_mass_tons": 2167328.8679911736, "city_id": 6970, "country_iso": "IND"}, {"h3index": "876099a29ffffff", "population_2015": 7232.994182549269, "total_built_mass_tons": 844953.1042351865, "city_id": 6970, "country_iso": "IND"}, {"h3index": "876099a2affffff", "population_2015": 25155.866173957365, "total_built_mass_tons": 2166756.061862127, "city_id": 6970, "country_iso": "IND"}, {"h3index": "876099a2bffffff", "population_2015": 8660.230413653802, "total_built_mass_tons": 639162.8942073062, "city_id": 6970, "country_iso": "IND"}, {"h3index": "876099a2cffffff", "population_2015": 21792.833334874173, "total_built_mass_tons": 2291515.881589528, "city_id": 6970, "country_iso": "IND"}, {"h3index": "876099a2dffffff", "population_2015": 10049.186029681036, "total_built_mass_tons": 1139871.6106913756, "city_id": 6970, "country_iso": "IND"}, {"h3index": "876099a2effffff", "population_2015": 45903.79715242573, "total_built_mass_tons": 3515662.9877814776, "city_id": 6970, "country_iso": "IND"}, {"h3index": "876099a30ffffff", "population_2015": 10953.88623457516, "total_built_mass_tons": 983340.704393653, "city_id": 6970, "country_iso": "IND"}, {"h3index": "876099a31ffffff", "population_2015": 22928.50724675796, "total_built_mass_tons": 1664240.5122712776, "city_id": 6970, "country_iso": "IND"}, {"h3index": "876099a32ffffff", "population_2015": 326.3133309270821, "total_built_mass_tons": 64247.04436331203, "city_id": 6970, "country_iso": "IND"}, {"h3index": "876099a33ffffff", "population_2015": 5277.849178822835, "total_built_mass_tons": 457126.4056634186, "city_id": 6970, "country_iso": "IND"}, {"h3index": "876099a34ffffff", "population_2015": 1287.5848623761942, "total_built_mass_tons": 230590.12427711327, "city_id": 6970, "country_iso": "IND"}, {"h3index": "876099a35ffffff", "population_2015": 2900.1969553779154, "total_built_mass_tons": 311659.39486101916, "city_id": 6970, "country_iso": "IND"}, {"h3index": "876099a36ffffff", "population_2015": 5272.497113441019, "total_built_mass_tons": 648407.7218381035, "city_id": 6970, "country_iso": "IND"}, {"h3index": "876099b03ffffff", "population_2015": 412.809301256666, "total_built_mass_tons": 54397.80299319236, "city_id": 6970, "country_iso": "IND"}, {"h3index": "876099b08ffffff", "population_2015": 4063.18190721998, "total_built_mass_tons": 432547.65160478133, "city_id": 6970, "country_iso": "IND"}, {"h3index": "876099b09ffffff", "population_2015": 1.7031518075980392, "total_built_mass_tons": 3546.463460009906, "city_id": 6970, "country_iso": "IND"}, {"h3index": "876099b0affffff", "population_2015": 23849.04394771351, "total_built_mass_tons": 1687263.0307753352, "city_id": 6970, "country_iso": "IND"}, {"h3index": "876099b0cffffff", "population_2015": 1141.4610929900523, "total_built_mass_tons": 149683.36039546106, "city_id": 6970, "country_iso": "IND"}, {"h3index": "876099b0dffffff", "population_2015": 3616.9675752153585, "total_built_mass_tons": 306844.4042493508, "city_id": 6970, "country_iso": "IND"}, {"h3index": "876099b0effffff", "population_2015": 985.458756353341, "total_built_mass_tons": 132276.97837746545, "city_id": 6970, "country_iso": "IND"}, {"h3index": "876099b18ffffff", "population_2015": 5897.920483166563, "total_built_mass_tons": 543555.5264785544, "city_id": 6970, "country_iso": "IND"}, {"h3index": "876099b19ffffff", "population_2015": 29134.921912772978, "total_built_mass_tons": 2641045.301797294, "city_id": 6970, "country_iso": "IND"}, {"h3index": "876099b1bffffff", "population_2015": 21618.410866112805, "total_built_mass_tons": 1370875.069060808, "city_id": 6970, "country_iso": "IND"}, {"h3index": "876099b1dffffff", "population_2015": 4646.10271394019, "total_built_mass_tons": 473829.0928883027, "city_id": 6970, "country_iso": "IND"}, {"h3index": "876099b2bffffff", "population_2015": 215.48388475156295, "total_built_mass_tons": 37751.06668196176, "city_id": 6970, "country_iso": "IND"}, {"h3index": "876099b52ffffff", "population_2015": 1425.3347290936638, "total_built_mass_tons": 172911.81506193045, "city_id": 6970, "country_iso": "IND"}, {"h3index": "876099b58ffffff", "population_2015": 179.6945188597137, "total_built_mass_tons": 63227.992118757305, "city_id": 6970, "country_iso": "IND"}, {"h3index": "876099b5affffff", "population_2015": 2241.4556780272837, "total_built_mass_tons": 413321.1107762571, "city_id": 6970, "country_iso": "IND"}, {"h3index": "876099b5effffff", "population_2015": 76.55307698717304, "total_built_mass_tons": 21427.12873715444, "city_id": 6970, "country_iso": "IND"}, {"h3index": "876099b72ffffff", "population_2015": 81.48860683067173, "total_built_mass_tons": 32119.169381143733, "city_id": 6970, "country_iso": "IND"}, {"h3index": "876099b76ffffff", "population_2015": 22.988035202026367, "total_built_mass_tons": 14677.724049643375, "city_id": 6970, "country_iso": "IND"}]