[{"h3index": "873012800ffffff", "population_2015": 1809.263945644977, "total_built_mass_tons": 699502.6818907474, "city_id": 11586, "country_iso": "CHN"}, {"h3index": "873012801ffffff", "population_2015": 70.62020629340529, "total_built_mass_tons": 87275.21229324795, "city_id": 11586, "country_iso": "CHN"}, {"h3index": "873012802ffffff", "population_2015": 7628.965569297004, "total_built_mass_tons": 1785564.0988650154, "city_id": 11586, "country_iso": "CHN"}, {"h3index": "873012803ffffff", "population_2015": 6913.732050323486, "total_built_mass_tons": 1339266.1863765432, "city_id": 11586, "country_iso": "CHN"}, {"h3index": "873012808ffffff", "population_2015": 980.9829973688312, "total_built_mass_tons": 458959.27135271754, "city_id": 11586, "country_iso": "CHN"}, {"h3index": "873012809ffffff", "population_2015": 190.9499790004655, "total_built_mass_tons": 105883.17384612835, "city_id": 11586, "country_iso": "CHN"}, {"h3index": "87301280affffff", "population_2015": 271.99380208931717, "total_built_mass_tons": 159134.7127504545, "city_id": 11586, "country_iso": "CHN"}, {"h3index": "87301280effffff", "population_2015": 2905.78243158191, "total_built_mass_tons": 923560.3802806964, "city_id": 11586, "country_iso": "CHN"}, {"h3index": "873012810ffffff", "population_2015": 4.914439818438362, "total_built_mass_tons": 6572.649598345638, "city_id": 11586, "country_iso": "CHN"}, {"h3index": "873012811ffffff", "population_2015": 5258.784521286158, "total_built_mass_tons": 1516236.9848183785, "city_id": 11586, "country_iso": "CHN"}, {"h3index": "873012812ffffff", "population_2015": 1682.3872593225217, "total_built_mass_tons": 836387.3912119655, "city_id": 11586, "country_iso": "CHN"}, {"h3index": "873012813ffffff", "population_2015": 9727.143073132464, "total_built_mass_tons": 1742050.8024171535, "city_id": 11586, "country_iso": "CHN"}, {"h3index": "873012815ffffff", "population_2015": 122.81671502169442, "total_built_mass_tons": 91748.14981316928, "city_id": 11586, "country_iso": "CHN"}, {"h3index": "873012818ffffff", "population_2015": 4738.426956335703, "total_built_mass_tons": 2317295.209589025, "city_id": 11586, "country_iso": "CHN"}, {"h3index": "873012819ffffff", "population_2015": 17.38724298290178, "total_built_mass_tons": 18213.995763472863, "city_id": 11586, "country_iso": "CHN"}, {"h3index": "87301281affffff", "population_2015": 9682.637977708551, "total_built_mass_tons": 3688655.9495904464, "city_id": 11586, "country_iso": "CHN"}, {"h3index": "87301281bffffff", "population_2015": 1432.1093667937262, "total_built_mass_tons": 818105.7198187086, "city_id": 11586, "country_iso": "CHN"}, {"h3index": "87301281cffffff", "population_2015": 14000.445730328092, "total_built_mass_tons": 3644062.3431922626, "city_id": 11586, "country_iso": "CHN"}, {"h3index": "87301281dffffff", "population_2015": 874.5027645756218, "total_built_mass_tons": 456913.1337113702, "city_id": 11586, "country_iso": "CHN"}, {"h3index": "87301281effffff", "population_2015": 24807.449014555237, "total_built_mass_tons": 3928516.107659887, "city_id": 11586, "country_iso": "CHN"}, {"h3index": "8730128a1ffffff", "population_2015": 934.4113409472446, "total_built_mass_tons": 476039.12575333705, "city_id": 11586, "country_iso": "CHN"}, {"h3index": "8730128a3ffffff", "population_2015": 10.396128659154854, "total_built_mass_tons": 13209.282178437486, "city_id": 11586, "country_iso": "CHN"}, {"h3index": "8730128a8ffffff", "population_2015": 9008.5907520023, "total_built_mass_tons": 2635558.560974422, "city_id": 11586, "country_iso": "CHN"}, {"h3index": "8730128a9ffffff", "population_2015": 10196.477997886432, "total_built_mass_tons": 2621286.056832882, "city_id": 11586, "country_iso": "CHN"}, {"h3index": "8730128aaffffff", "population_2015": 46.64128819072948, "total_built_mass_tons": 85619.60713027931, "city_id": 11586, "country_iso": "CHN"}, {"h3index": "8730128abffffff", "population_2015": 1048.4589107232937, "total_built_mass_tons": 768648.4272585113, "city_id": 11586, "country_iso": "CHN"}, {"h3index": "8730128acffffff", "population_2015": 9271.048394979214, "total_built_mass_tons": 1932829.4652155428, "city_id": 11586, "country_iso": "CHN"}, {"h3index": "8730128adffffff", "population_2015": 30896.52327545765, "total_built_mass_tons": 5535404.530839996, "city_id": 11586, "country_iso": "CHN"}, {"h3index": "8730128aeffffff", "population_2015": 2637.2528969044783, "total_built_mass_tons": 795120.2424822144, "city_id": 11586, "country_iso": "CHN"}, {"h3index": "8730128f4ffffff", "population_2015": 1375.566608942256, "total_built_mass_tons": 663311.1657918263, "city_id": 11586, "country_iso": "CHN"}, {"h3index": "8730128f5ffffff", "population_2015": 420.72686419580504, "total_built_mass_tons": 256459.5829440271, "city_id": 11586, "country_iso": "CHN"}]