[{"h3index":"873143348ffffff","population_2015":321.6034987768,"total_built_mass_tons":150470.544825441,"city_id":12304,"country_iso":"PRK"},{"h3index":"873143349ffffff","population_2015":83.6660288381,"total_built_mass_tons":20874.0428429667,"city_id":12304,"country_iso":"PRK"},{"h3index":"87314334cffffff","population_2015":1307.5383484186,"total_built_mass_tons":561182.6989725432,"city_id":12304,"country_iso":"PRK"},{"h3index":"87314334dffffff","population_2015":4888.8030396256,"total_built_mass_tons":2186172.8230134891,"city_id":12304,"country_iso":"PRK"},{"h3index":"87314334effffff","population_2015":232.106810035,"total_built_mass_tons":132019.5249286187,"city_id":12304,"country_iso":"PRK"},{"h3index":"873143368ffffff","population_2015":1834.7029350954,"total_built_mass_tons":721734.3917940103,"city_id":12304,"country_iso":"PRK"},{"h3index":"873143369ffffff","population_2015":3627.4501920737,"total_built_mass_tons":1553340.2611314529,"city_id":12304,"country_iso":"PRK"},{"h3index":"87314336affffff","population_2015":1.3636791454,"total_built_mass_tons":3271.2913813149,"city_id":12304,"country_iso":"PRK"},{"h3index":"87314336bffffff","population_2015":882.6139250512,"total_built_mass_tons":369674.6844315845,"city_id":12304,"country_iso":"PRK"},{"h3index":"87314336dffffff","population_2015":3548.8741571389,"total_built_mass_tons":1260625.3620748781,"city_id":12304,"country_iso":"PRK"},{"h3index":"87314ecb2ffffff","population_2015":1140.4517475914,"total_built_mass_tons":447527.6353298855,"city_id":12304,"country_iso":"PRK"},{"h3index":"87314ecb6ffffff","population_2015":902.6611957176,"total_built_mass_tons":385618.7829338812,"city_id":12304,"country_iso":"PRK"},{"h3index":"87314ed93ffffff","population_2015":145.787155574,"total_built_mass_tons":40818.4727071841,"city_id":12304,"country_iso":"PRK"},{"h3index":"87314ed98ffffff","population_2015":81.7878982282,"total_built_mass_tons":38592.6941362045,"city_id":12304,"country_iso":"PRK"},{"h3index":"87314ed9affffff","population_2015":1544.4125060063,"total_built_mass_tons":844410.3333714149,"city_id":12304,"country_iso":"PRK"},{"h3index":"87314ed9effffff","population_2015":427.3623746648,"total_built_mass_tons":139826.4396702728,"city_id":12304,"country_iso":"PRK"}]