[{"h3index":"87696a064ffffff","population_2015":35.5621986352,"total_built_mass_tons":10408.6808901384,"city_id":12806,"country_iso":"PHL"},{"h3index":"87696a148ffffff","population_2015":3000.0855060016,"total_built_mass_tons":471253.672240525,"city_id":12806,"country_iso":"PHL"},{"h3index":"87696a149ffffff","population_2015":0.8179958568,"total_built_mass_tons":8256.4870098434,"city_id":12806,"country_iso":"PHL"},{"h3index":"87696a14affffff","population_2015":1354.6687041825,"total_built_mass_tons":320809.3831199466,"city_id":12806,"country_iso":"PHL"},{"h3index":"87696a14bffffff","population_2015":4940.1942806543,"total_built_mass_tons":959573.6249786192,"city_id":12806,"country_iso":"PHL"},{"h3index":"87696a158ffffff","population_2015":3698.3397137726,"total_built_mass_tons":420188.0585712557,"city_id":12806,"country_iso":"PHL"},{"h3index":"87696a159ffffff","population_2015":7538.9659618602,"total_built_mass_tons":535238.3372615129,"city_id":12806,"country_iso":"PHL"},{"h3index":"87696a15cffffff","population_2015":0.2353496178,"total_built_mass_tons":1719.1455106027,"city_id":12806,"country_iso":"PHL"}]