[{"h3index":"87970a480ffffff","population_2015":32158.1847990784,"total_built_mass_tons":2202261.0210052165,"city_id":4189,"country_iso":"ZWE"},{"h3index":"87970a481ffffff","population_2015":25958.8767443919,"total_built_mass_tons":2796081.1393484306,"city_id":4189,"country_iso":"ZWE"},{"h3index":"87970a482ffffff","population_2015":3.5368479074,"total_built_mass_tons":3610.7067902767,"city_id":4189,"country_iso":"ZWE"},{"h3index":"87970a483ffffff","population_2015":2719.2744730071,"total_built_mass_tons":222381.4333291828,"city_id":4189,"country_iso":"ZWE"},{"h3index":"87970a484ffffff","population_2015":36235.9055255366,"total_built_mass_tons":2699194.4180060774,"city_id":4189,"country_iso":"ZWE"},{"h3index":"87970a485ffffff","population_2015":32436.7942175921,"total_built_mass_tons":2467697.7449616403,"city_id":4189,"country_iso":"ZWE"},{"h3index":"87970a486ffffff","population_2015":9501.85851274,"total_built_mass_tons":730975.6209788963,"city_id":4189,"country_iso":"ZWE"},{"h3index":"87970a48cffffff","population_2015":110.4287027172,"total_built_mass_tons":32449.6654741463,"city_id":4189,"country_iso":"ZWE"},{"h3index":"87970a48effffff","population_2015":9.7011950325,"total_built_mass_tons":5758.7669817822,"city_id":4189,"country_iso":"ZWE"},{"h3index":"87970a4a2ffffff","population_2015":18960.1361740776,"total_built_mass_tons":1307163.7387430489,"city_id":4189,"country_iso":"ZWE"},{"h3index":"87970a4a3ffffff","population_2015":9731.5109751757,"total_built_mass_tons":796980.8802168578,"city_id":4189,"country_iso":"ZWE"},{"h3index":"87970a4aaffffff","population_2015":406.0486043219,"total_built_mass_tons":45759.6862718574,"city_id":4189,"country_iso":"ZWE"},{"h3index":"87970a4aeffffff","population_2015":117.9538726657,"total_built_mass_tons":13959.3390954068,"city_id":4189,"country_iso":"ZWE"},{"h3index":"87970a4b0ffffff","population_2015":8272.0567578035,"total_built_mass_tons":536361.9482710955,"city_id":4189,"country_iso":"ZWE"},{"h3index":"87970a4b1ffffff","population_2015":43718.5478351369,"total_built_mass_tons":3151041.0788621898,"city_id":4189,"country_iso":"ZWE"},{"h3index":"87970a4b3ffffff","population_2015":1597.0997384146,"total_built_mass_tons":143168.2768191296,"city_id":4189,"country_iso":"ZWE"},{"h3index":"87970a4b5ffffff","population_2015":6598.3103114483,"total_built_mass_tons":790898.2218943897,"city_id":4189,"country_iso":"ZWE"}]