[{"h3index":"873ceea8affffff","population_2015":2692.9870300891,"total_built_mass_tons":247330.018292862,"city_id":10040,"country_iso":"IND"},{"h3index":"873ceea8effffff","population_2015":225.477267471,"total_built_mass_tons":236662.6567202738,"city_id":10040,"country_iso":"IND"},{"h3index":"873ceea99ffffff","population_2015":17.4194258148,"total_built_mass_tons":325452.4592861298,"city_id":10040,"country_iso":"IND"},{"h3index":"873ceea9dffffff","population_2015":1096.8924915389,"total_built_mass_tons":337402.3916248684,"city_id":10040,"country_iso":"IND"}]