[{"h3index":"8740e1c08ffffff","population_2015":38.2374450155,"total_built_mass_tons":118947.5946335256,"city_id":10345,"country_iso":"CHN"},{"h3index":"8740e1c09ffffff","population_2015":1957.8420112629,"total_built_mass_tons":1352135.847251673,"city_id":10345,"country_iso":"CHN"},{"h3index":"8740e1c0cffffff","population_2015":3.3649130354,"total_built_mass_tons":14427.0627640173,"city_id":10345,"country_iso":"CHN"},{"h3index":"8740e1c0dffffff","population_2015":266.0681355687,"total_built_mass_tons":271344.5514125807,"city_id":10345,"country_iso":"CHN"},{"h3index":"8740e1c40ffffff","population_2015":4957.7565724242,"total_built_mass_tons":1462643.4073440875,"city_id":10345,"country_iso":"CHN"},{"h3index":"8740e1c41ffffff","population_2015":10782.0865753866,"total_built_mass_tons":2408736.5714009823,"city_id":10345,"country_iso":"CHN"},{"h3index":"8740e1c42ffffff","population_2015":124.9881751762,"total_built_mass_tons":168612.0798833937,"city_id":10345,"country_iso":"CHN"},{"h3index":"8740e1c43ffffff","population_2015":175.5882264979,"total_built_mass_tons":264806.2504835982,"city_id":10345,"country_iso":"CHN"},{"h3index":"8740e1c44ffffff","population_2015":8692.3062942874,"total_built_mass_tons":1308947.2668900464,"city_id":10345,"country_iso":"CHN"},{"h3index":"8740e1c45ffffff","population_2015":882.7575419819,"total_built_mass_tons":319533.5134728632,"city_id":10345,"country_iso":"CHN"},{"h3index":"8740e1c46ffffff","population_2015":4486.9736356179,"total_built_mass_tons":1962811.2792445419,"city_id":10345,"country_iso":"CHN"},{"h3index":"8740e1c4cffffff","population_2015":4.144426573,"total_built_mass_tons":9745.1589061527,"city_id":10345,"country_iso":"CHN"},{"h3index":"8740e1c54ffffff","population_2015":14310.6475095599,"total_built_mass_tons":3496471.8480917923,"city_id":10345,"country_iso":"CHN"},{"h3index":"8740e1c55ffffff","population_2015":3906.6437679553,"total_built_mass_tons":1471736.5705517889,"city_id":10345,"country_iso":"CHN"},{"h3index":"8740e1c56ffffff","population_2015":70.7325158007,"total_built_mass_tons":17244.7867181201,"city_id":10345,"country_iso":"CHN"},{"h3index":"8740e1c62ffffff","population_2015":17580.3769620877,"total_built_mass_tons":2209944.8827782916,"city_id":10345,"country_iso":"CHN"},{"h3index":"8740e1c63ffffff","population_2015":957.3424196514,"total_built_mass_tons":166125.9487003043,"city_id":10345,"country_iso":"CHN"},{"h3index":"8740e1c66ffffff","population_2015":72.8292223388,"total_built_mass_tons":20460.3888024753,"city_id":10345,"country_iso":"CHN"},{"h3index":"8740e1c6affffff","population_2015":46.6345345675,"total_built_mass_tons":54350.4866580756,"city_id":10345,"country_iso":"CHN"},{"h3index":"8740e1c70ffffff","population_2015":73161.5467722201,"total_built_mass_tons":10258900.4382123966,"city_id":10345,"country_iso":"CHN"},{"h3index":"8740e1c71ffffff","population_2015":1596.2863496406,"total_built_mass_tons":259724.9373425754,"city_id":10345,"country_iso":"CHN"},{"h3index":"8740e1c72ffffff","population_2015":32997.9759082495,"total_built_mass_tons":5335405.1568136197,"city_id":10345,"country_iso":"CHN"},{"h3index":"8740e1c73ffffff","population_2015":34572.609177509,"total_built_mass_tons":9782474.7773541864,"city_id":10345,"country_iso":"CHN"},{"h3index":"8740e1c74ffffff","population_2015":2742.7526763505,"total_built_mass_tons":4024105.1317548831,"city_id":10345,"country_iso":"CHN"},{"h3index":"8740e1c75ffffff","population_2015":2678.455656953,"total_built_mass_tons":3587990.6662624632,"city_id":10345,"country_iso":"CHN"},{"h3index":"8740e1c76ffffff","population_2015":3671.8243303075,"total_built_mass_tons":202087.6467702077,"city_id":10345,"country_iso":"CHN"},{"h3index":"8740e1d5bffffff","population_2015":1338.2975670291,"total_built_mass_tons":1942381.7278337849,"city_id":10345,"country_iso":"CHN"}]