[{"h3index": "87408e61affffff", "population_2015": 875.6154572748669, "total_built_mass_tons": 221581.84926073847, "city_id": 10533, "country_iso": "CHN"}, {"h3index": "87408e61bffffff", "population_2015": 131.81498023014444, "total_built_mass_tons": 93357.20874383624, "city_id": 10533, "country_iso": "CHN"}, {"h3index": "87408e688ffffff", "population_2015": 6.597530043358896, "total_built_mass_tons": 11674.534868643084, "city_id": 10533, "country_iso": "CHN"}, {"h3index": "87408e689ffffff", "population_2015": 128.71840770945832, "total_built_mass_tons": 120230.59520518772, "city_id": 10533, "country_iso": "CHN"}, {"h3index": "87408e68cffffff", "population_2015": 15.15707503300087, "total_built_mass_tons": 10190.918092835604, "city_id": 10533, "country_iso": "CHN"}, {"h3index": "87408e68dffffff", "population_2015": 11229.995779904197, "total_built_mass_tons": 3333048.7047287486, "city_id": 10533, "country_iso": "CHN"}, {"h3index": "87408e6a9ffffff", "population_2015": 2695.70154245227, "total_built_mass_tons": 917597.2398449552, "city_id": 10533, "country_iso": "CHN"}, {"h3index": "87408e6aaffffff", "population_2015": 578.236055985619, "total_built_mass_tons": 223769.34100019577, "city_id": 10533, "country_iso": "CHN"}, {"h3index": "87408e6abffffff", "population_2015": 14101.863527261508, "total_built_mass_tons": 1616536.3417296982, "city_id": 10533, "country_iso": "CHN"}, {"h3index": "87408e6c0ffffff", "population_2015": 4355.742169888348, "total_built_mass_tons": 3143483.6746691214, "city_id": 10533, "country_iso": "CHN"}, {"h3index": "87408e6c2ffffff", "population_2015": 777.4935743416058, "total_built_mass_tons": 626457.6745264969, "city_id": 10533, "country_iso": "CHN"}, {"h3index": "87408e6c3ffffff", "population_2015": 28.889924737518907, "total_built_mass_tons": 23810.85487243254, "city_id": 10533, "country_iso": "CHN"}, {"h3index": "87408e6c4ffffff", "population_2015": 2321.4722935863574, "total_built_mass_tons": 2071951.4227513708, "city_id": 10533, "country_iso": "CHN"}, {"h3index": "87408e6c5ffffff", "population_2015": 397.754860793843, "total_built_mass_tons": 609983.3219353047, "city_id": 10533, "country_iso": "CHN"}, {"h3index": "87408e6c6ffffff", "population_2015": 9238.991174533316, "total_built_mass_tons": 5249987.327496495, "city_id": 10533, "country_iso": "CHN"}, {"h3index": "87408e6d4ffffff", "population_2015": 2562.6894259854857, "total_built_mass_tons": 1001385.04719442, "city_id": 10533, "country_iso": "CHN"}, {"h3index": "87408e6d5ffffff", "population_2015": 3176.1224284256205, "total_built_mass_tons": 1455375.0998400198, "city_id": 10533, "country_iso": "CHN"}, {"h3index": "87408e6f0ffffff", "population_2015": 30593.04961250717, "total_built_mass_tons": 6573238.854799448, "city_id": 10533, "country_iso": "CHN"}, {"h3index": "87408e6f1ffffff", "population_2015": 7824.679594687853, "total_built_mass_tons": 3553668.51948163, "city_id": 10533, "country_iso": "CHN"}, {"h3index": "87408e6f2ffffff", "population_2015": 37248.91425508428, "total_built_mass_tons": 6817237.010528394, "city_id": 10533, "country_iso": "CHN"}, {"h3index": "87408e6f3ffffff", "population_2015": 26105.044767592935, "total_built_mass_tons": 6645993.161837828, "city_id": 10533, "country_iso": "CHN"}, {"h3index": "87408e6f4ffffff", "population_2015": 27165.828998745183, "total_built_mass_tons": 2539628.8564104815, "city_id": 10533, "country_iso": "CHN"}, {"h3index": "87408e6f5ffffff", "population_2015": 7692.713883436895, "total_built_mass_tons": 861018.8010186106, "city_id": 10533, "country_iso": "CHN"}, {"h3index": "87408e6f6ffffff", "population_2015": 21061.16553008883, "total_built_mass_tons": 5640484.921158218, "city_id": 10533, "country_iso": "CHN"}]