[{"h3index": "871e88088ffffff", "population_2015": 4963.077092105468, "total_built_mass_tons": 5006787.830653831, "city_id": 3135, "country_iso": "ITA"}, {"h3index": "871e88089ffffff", "population_2015": 565.476067888986, "total_built_mass_tons": 4243039.786117019, "city_id": 3135, "country_iso": "ITA"}, {"h3index": "871e8808affffff", "population_2015": 482.3742354575471, "total_built_mass_tons": 313703.4894618131, "city_id": 3135, "country_iso": "ITA"}, {"h3index": "871e8808bffffff", "population_2015": 21104.43056098497, "total_built_mass_tons": 2943598.8577448153, "city_id": 3135, "country_iso": "ITA"}, {"h3index": "871e8808dffffff", "population_2015": 22130.426487866127, "total_built_mass_tons": 4443222.181580078, "city_id": 3135, "country_iso": "ITA"}, {"h3index": "871e880abffffff", "population_2015": 1245.0544291344345, "total_built_mass_tons": 402826.5033018295, "city_id": 3135, "country_iso": "ITA"}, {"h3index": "871e880c0ffffff", "population_2015": 411.4270284063676, "total_built_mass_tons": 363037.209480942, "city_id": 3135, "country_iso": "ITA"}, {"h3index": "871e880c2ffffff", "population_2015": 17194.947339714483, "total_built_mass_tons": 2908869.158779218, "city_id": 3135, "country_iso": "ITA"}, {"h3index": "871e880c3ffffff", "population_2015": 3865.0638261443264, "total_built_mass_tons": 1035475.1088690774, "city_id": 3135, "country_iso": "ITA"}, {"h3index": "871e880c6ffffff", "population_2015": 43437.7453528168, "total_built_mass_tons": 7067477.123890161, "city_id": 3135, "country_iso": "ITA"}, {"h3index": "871e880c8ffffff", "population_2015": 243.42653038151124, "total_built_mass_tons": 175043.93627221478, "city_id": 3135, "country_iso": "ITA"}, {"h3index": "871e880caffffff", "population_2015": 862.3584949689755, "total_built_mass_tons": 681061.1361341228, "city_id": 3135, "country_iso": "ITA"}, {"h3index": "871e880cbffffff", "population_2015": 2930.508403606421, "total_built_mass_tons": 1084322.0351299855, "city_id": 3135, "country_iso": "ITA"}, {"h3index": "871e880ceffffff", "population_2015": 446.55619721929816, "total_built_mass_tons": 722575.8171419718, "city_id": 3135, "country_iso": "ITA"}, {"h3index": "871e880d0ffffff", "population_2015": 8383.691253008472, "total_built_mass_tons": 1101741.8158652713, "city_id": 3135, "country_iso": "ITA"}, {"h3index": "871e880d1ffffff", "population_2015": 7073.106282667436, "total_built_mass_tons": 1123622.287833997, "city_id": 3135, "country_iso": "ITA"}, {"h3index": "871e880d3ffffff", "population_2015": 9779.90490310589, "total_built_mass_tons": 1657732.887007933, "city_id": 3135, "country_iso": "ITA"}, {"h3index": "871e880d4ffffff", "population_2015": 1349.0164779541142, "total_built_mass_tons": 1067019.4189177607, "city_id": 3135, "country_iso": "ITA"}, {"h3index": "871e880d5ffffff", "population_2015": 46289.65289470944, "total_built_mass_tons": 7980766.092511052, "city_id": 3135, "country_iso": "ITA"}, {"h3index": "871e880f0ffffff", "population_2015": 5456.0296201523615, "total_built_mass_tons": 2673945.617123969, "city_id": 3135, "country_iso": "ITA"}, {"h3index": "871e880f1ffffff", "population_2015": 5584.353564911935, "total_built_mass_tons": 1084147.640470794, "city_id": 3135, "country_iso": "ITA"}, {"h3index": "871e880f2ffffff", "population_2015": 1067.4628429400489, "total_built_mass_tons": 4828374.883780313, "city_id": 3135, "country_iso": "ITA"}, {"h3index": "871e880f3ffffff", "population_2015": 43656.718194643654, "total_built_mass_tons": 5723408.604166225, "city_id": 3135, "country_iso": "ITA"}, {"h3index": "871e880f6ffffff", "population_2015": 8644.390296370111, "total_built_mass_tons": 2291027.4745501755, "city_id": 3135, "country_iso": "ITA"}, {"h3index": "871e88764ffffff", "population_2015": 205.6429784625184, "total_built_mass_tons": 104111.38339137082, "city_id": 3135, "country_iso": "ITA"}]