[{"h3index":"87384c430ffffff","population_2015":2199.4385011299,"total_built_mass_tons":1016733.739624626,"city_id":2837,"country_iso":"TUN"},{"h3index":"87384c431ffffff","population_2015":360.2806701754,"total_built_mass_tons":176409.3780507716,"city_id":2837,"country_iso":"TUN"},{"h3index":"87384c432ffffff","population_2015":4454.6419521107,"total_built_mass_tons":1456608.470830136,"city_id":2837,"country_iso":"TUN"},{"h3index":"87384c434ffffff","population_2015":64.8170763969,"total_built_mass_tons":59277.211689783,"city_id":2837,"country_iso":"TUN"},{"h3index":"87384c436ffffff","population_2015":9850.694426746,"total_built_mass_tons":3456954.6116609434,"city_id":2837,"country_iso":"TUN"},{"h3index":"87384c4a4ffffff","population_2015":55.9183202183,"total_built_mass_tons":15559.5489107659,"city_id":2837,"country_iso":"TUN"},{"h3index":"87384c513ffffff","population_2015":123.3573236765,"total_built_mass_tons":42169.8883256055,"city_id":2837,"country_iso":"TUN"},{"h3index":"87384c51affffff","population_2015":2554.3827978284,"total_built_mass_tons":889989.2714242922,"city_id":2837,"country_iso":"TUN"},{"h3index":"87384c580ffffff","population_2015":14118.5146437757,"total_built_mass_tons":4703235.6040327502,"city_id":2837,"country_iso":"TUN"},{"h3index":"87384c581ffffff","population_2015":21105.5143783121,"total_built_mass_tons":4995458.7556370217,"city_id":2837,"country_iso":"TUN"},{"h3index":"87384c582ffffff","population_2015":7782.8615025576,"total_built_mass_tons":2619512.01109645,"city_id":2837,"country_iso":"TUN"},{"h3index":"87384c583ffffff","population_2015":34452.5293161205,"total_built_mass_tons":5069232.3378314264,"city_id":2837,"country_iso":"TUN"},{"h3index":"87384c584ffffff","population_2015":4560.4882620531,"total_built_mass_tons":1793993.9277990509,"city_id":2837,"country_iso":"TUN"},{"h3index":"87384c585ffffff","population_2015":14955.0221730288,"total_built_mass_tons":4838356.5357551603,"city_id":2837,"country_iso":"TUN"},{"h3index":"87384c586ffffff","population_2015":1988.0126111405,"total_built_mass_tons":1135618.3985398214,"city_id":2837,"country_iso":"TUN"},{"h3index":"87384c588ffffff","population_2015":12574.7717211705,"total_built_mass_tons":3694215.582045991,"city_id":2837,"country_iso":"TUN"},{"h3index":"87384c589ffffff","population_2015":85.7506865258,"total_built_mass_tons":69949.1322707692,"city_id":2837,"country_iso":"TUN"},{"h3index":"87384c58affffff","population_2015":14552.2722087898,"total_built_mass_tons":3878462.895293341,"city_id":2837,"country_iso":"TUN"},{"h3index":"87384c58bffffff","population_2015":202.3309756933,"total_built_mass_tons":76167.6542960329,"city_id":2837,"country_iso":"TUN"},{"h3index":"87384c58cffffff","population_2015":23166.7505664264,"total_built_mass_tons":5315221.3937362516,"city_id":2837,"country_iso":"TUN"},{"h3index":"87384c58dffffff","population_2015":19029.2112611023,"total_built_mass_tons":4961601.3697973629,"city_id":2837,"country_iso":"TUN"},{"h3index":"87384c58effffff","population_2015":32914.2903530644,"total_built_mass_tons":6334488.2706612498,"city_id":2837,"country_iso":"TUN"},{"h3index":"87384c590ffffff","population_2015":96.5136686362,"total_built_mass_tons":42939.426472482,"city_id":2837,"country_iso":"TUN"},{"h3index":"87384c591ffffff","population_2015":1583.0118794647,"total_built_mass_tons":673222.9905318769,"city_id":2837,"country_iso":"TUN"},{"h3index":"87384c595ffffff","population_2015":417.4332468528,"total_built_mass_tons":308498.1681375365,"city_id":2837,"country_iso":"TUN"},{"h3index":"87384c598ffffff","population_2015":8254.4789206505,"total_built_mass_tons":2072207.8762920937,"city_id":2837,"country_iso":"TUN"},{"h3index":"87384c599ffffff","population_2015":406.4564628451,"total_built_mass_tons":178370.9684234125,"city_id":2837,"country_iso":"TUN"},{"h3index":"87384c59affffff","population_2015":5451.814303155,"total_built_mass_tons":2190182.096454849,"city_id":2837,"country_iso":"TUN"},{"h3index":"87384c59bffffff","population_2015":734.1155932763,"total_built_mass_tons":411438.1125310185,"city_id":2837,"country_iso":"TUN"},{"h3index":"87384c59cffffff","population_2015":19163.6109488525,"total_built_mass_tons":3355561.4704847364,"city_id":2837,"country_iso":"TUN"},{"h3index":"87384c59dffffff","population_2015":28615.6970912858,"total_built_mass_tons":4492776.076223419,"city_id":2837,"country_iso":"TUN"},{"h3index":"87384c59effffff","population_2015":1167.9741387162,"total_built_mass_tons":566122.2611947078,"city_id":2837,"country_iso":"TUN"},{"h3index":"87384c5a0ffffff","population_2015":87.5572868198,"total_built_mass_tons":46154.321882523,"city_id":2837,"country_iso":"TUN"},{"h3index":"87384c5a1ffffff","population_2015":16.9171255336,"total_built_mass_tons":4484.6454332195,"city_id":2837,"country_iso":"TUN"},{"h3index":"87384c5a2ffffff","population_2015":4.7423680044,"total_built_mass_tons":3039.0936025378,"city_id":2837,"country_iso":"TUN"},{"h3index":"87384c5a3ffffff","population_2015":5353.566583568,"total_built_mass_tons":2289226.1274142927,"city_id":2837,"country_iso":"TUN"},{"h3index":"87384c5a8ffffff","population_2015":12870.7136700574,"total_built_mass_tons":4623320.8327158233,"city_id":2837,"country_iso":"TUN"},{"h3index":"87384c5a9ffffff","population_2015":9748.6653624852,"total_built_mass_tons":3277078.5975147039,"city_id":2837,"country_iso":"TUN"},{"h3index":"87384c5aaffffff","population_2015":15292.8834696938,"total_built_mass_tons":4888230.5528551256,"city_id":2837,"country_iso":"TUN"},{"h3index":"87384c5abffffff","population_2015":16962.0126484104,"total_built_mass_tons":4826676.4670069898,"city_id":2837,"country_iso":"TUN"},{"h3index":"87384c5acffffff","population_2015":2153.1743810579,"total_built_mass_tons":913034.7642323014,"city_id":2837,"country_iso":"TUN"},{"h3index":"87384c5adffffff","population_2015":4106.4298990764,"total_built_mass_tons":1714943.6560641711,"city_id":2837,"country_iso":"TUN"},{"h3index":"87384c5aeffffff","population_2015":7736.4991173352,"total_built_mass_tons":2774208.7349406127,"city_id":2837,"country_iso":"TUN"},{"h3index":"87384e968ffffff","population_2015":127.5708881303,"total_built_mass_tons":40150.3874410657,"city_id":2837,"country_iso":"TUN"},{"h3index":"87384e969ffffff","population_2015":2193.3149054322,"total_built_mass_tons":844861.3069240073,"city_id":2837,"country_iso":"TUN"},{"h3index":"87384e96dffffff","population_2015":1997.1494979999,"total_built_mass_tons":731600.210699967,"city_id":2837,"country_iso":"TUN"}]