[{"h3index":"8740e0909ffffff","population_2015":864.5381100337,"total_built_mass_tons":308982.3508448575,"city_id":10424,"country_iso":"CHN"},{"h3index":"8740e0940ffffff","population_2015":21929.3423767735,"total_built_mass_tons":3656415.7824168582,"city_id":10424,"country_iso":"CHN"},{"h3index":"8740e0941ffffff","population_2015":1552.8900804239,"total_built_mass_tons":244193.1332049757,"city_id":10424,"country_iso":"CHN"},{"h3index":"8740e0942ffffff","population_2015":9756.7262842178,"total_built_mass_tons":1602345.7991476338,"city_id":10424,"country_iso":"CHN"},{"h3index":"8740e0943ffffff","population_2015":337.9945681946,"total_built_mass_tons":76427.63433286,"city_id":10424,"country_iso":"CHN"},{"h3index":"8740e0944ffffff","population_2015":37373.3448190053,"total_built_mass_tons":6649326.179978935,"city_id":10424,"country_iso":"CHN"},{"h3index":"8740e0945ffffff","population_2015":13872.3118247687,"total_built_mass_tons":2348624.7094336879,"city_id":10424,"country_iso":"CHN"},{"h3index":"8740e0946ffffff","population_2015":39081.6428390166,"total_built_mass_tons":5107314.1775867073,"city_id":10424,"country_iso":"CHN"},{"h3index":"8740e094cffffff","population_2015":3343.7048685672,"total_built_mass_tons":1126404.6459322253,"city_id":10424,"country_iso":"CHN"},{"h3index":"8740e094dffffff","population_2015":816.5041423349,"total_built_mass_tons":256102.5672148311,"city_id":10424,"country_iso":"CHN"},{"h3index":"8740e094effffff","population_2015":177.6256034028,"total_built_mass_tons":45357.0283457713,"city_id":10424,"country_iso":"CHN"},{"h3index":"8740e0951ffffff","population_2015":33.0118740353,"total_built_mass_tons":60376.8861393531,"city_id":10424,"country_iso":"CHN"},{"h3index":"8740e0954ffffff","population_2015":5332.1326953486,"total_built_mass_tons":1232649.3115861595,"city_id":10424,"country_iso":"CHN"},{"h3index":"8740e0955ffffff","population_2015":13991.198299235,"total_built_mass_tons":1044825.0571753916,"city_id":10424,"country_iso":"CHN"},{"h3index":"8740e0956ffffff","population_2015":0.8543341169,"total_built_mass_tons":13205.2798972973,"city_id":10424,"country_iso":"CHN"},{"h3index":"8740e0960ffffff","population_2015":2691.2584418652,"total_built_mass_tons":1294685.2539383741,"city_id":10424,"country_iso":"CHN"},{"h3index":"8740e0961ffffff","population_2015":5.6000974693,"total_built_mass_tons":11582.7548290371,"city_id":10424,"country_iso":"CHN"},{"h3index":"8740e0962ffffff","population_2015":19764.2922710755,"total_built_mass_tons":3587568.4869313445,"city_id":10424,"country_iso":"CHN"},{"h3index":"8740e0963ffffff","population_2015":23040.6151622006,"total_built_mass_tons":7265797.9126478154,"city_id":10424,"country_iso":"CHN"},{"h3index":"8740e0966ffffff","population_2015":4231.7395974141,"total_built_mass_tons":2035921.7969983183,"city_id":10424,"country_iso":"CHN"},{"h3index":"8740e0968ffffff","population_2015":1584.1944457624,"total_built_mass_tons":1738527.7509610911,"city_id":10424,"country_iso":"CHN"},{"h3index":"8740e0969ffffff","population_2015":7.2091428271,"total_built_mass_tons":1655.2436974167,"city_id":10424,"country_iso":"CHN"},{"h3index":"8740e096affffff","population_2015":4333.9769715795,"total_built_mass_tons":2652965.4583828133,"city_id":10424,"country_iso":"CHN"},{"h3index":"8740e096bffffff","population_2015":15450.5946122202,"total_built_mass_tons":2008820.6987203923,"city_id":10424,"country_iso":"CHN"},{"h3index":"8740e096effffff","population_2015":3692.3690421366,"total_built_mass_tons":2622705.2917196141,"city_id":10424,"country_iso":"CHN"},{"h3index":"8740e0971ffffff","population_2015":7210.9068723529,"total_built_mass_tons":1726847.3917875842,"city_id":10424,"country_iso":"CHN"},{"h3index":"8740e0972ffffff","population_2015":6.289025849,"total_built_mass_tons":8834.3086689882,"city_id":10424,"country_iso":"CHN"},{"h3index":"8740e0973ffffff","population_2015":321.921862318,"total_built_mass_tons":253820.1125925943,"city_id":10424,"country_iso":"CHN"},{"h3index":"8740e0975ffffff","population_2015":3702.0007037256,"total_built_mass_tons":2679998.6713196025,"city_id":10424,"country_iso":"CHN"},{"h3index":"8740e42dbffffff","population_2015":1.8258158141,"total_built_mass_tons":317.4574652383,"city_id":10424,"country_iso":"CHN"},{"h3index":"8740e54b2ffffff","population_2015":62.481344683,"total_built_mass_tons":76603.2393353585,"city_id":10424,"country_iso":"CHN"},{"h3index":"8740e54b6ffffff","population_2015":509.8733626272,"total_built_mass_tons":30402.4148493904,"city_id":10424,"country_iso":"CHN"}]