[{"h3index":"8740e28c2ffffff","population_2015":44.5624056723,"total_built_mass_tons":16015.0770606966,"city_id":10387,"country_iso":"CHN"},{"h3index":"8740e28d1ffffff","population_2015":4732.0424391073,"total_built_mass_tons":1120457.3565262002,"city_id":10387,"country_iso":"CHN"},{"h3index":"8740e28d3ffffff","population_2015":15.7267970141,"total_built_mass_tons":2811.8650629779,"city_id":10387,"country_iso":"CHN"},{"h3index":"8740e28dcffffff","population_2015":235.5173034294,"total_built_mass_tons":84840.3536925219,"city_id":10387,"country_iso":"CHN"},{"h3index":"8740e28deffffff","population_2015":473.2992195971,"total_built_mass_tons":118407.3877565257,"city_id":10387,"country_iso":"CHN"}]