[{"h3index": "872571601ffffff", "population_2015": 1465.4247420105276, "total_built_mass_tons": 625406.9386480842, "city_id": 8145, "country_iso": "RUS"}, {"h3index": "872571605ffffff", "population_2015": 179.9334733897564, "total_built_mass_tons": 48531.39589530415, "city_id": 8145, "country_iso": "RUS"}, {"h3index": "872571608ffffff", "population_2015": 5117.5985323410405, "total_built_mass_tons": 2014602.4410824836, "city_id": 8145, "country_iso": "RUS"}, {"h3index": "872571609ffffff", "population_2015": 9069.637761663924, "total_built_mass_tons": 2378711.4447870944, "city_id": 8145, "country_iso": "RUS"}, {"h3index": "87257160bffffff", "population_2015": 123.53602135461918, "total_built_mass_tons": 103611.86953842336, "city_id": 8145, "country_iso": "RUS"}, {"h3index": "87257160cffffff", "population_2015": 16239.086433578, "total_built_mass_tons": 4792369.51642655, "city_id": 8145, "country_iso": "RUS"}, {"h3index": "87257160dffffff", "population_2015": 16195.379063944723, "total_built_mass_tons": 5629581.024871927, "city_id": 8145, "country_iso": "RUS"}, {"h3index": "87257160effffff", "population_2015": 72.51421892689723, "total_built_mass_tons": 36154.796793227, "city_id": 8145, "country_iso": "RUS"}, {"h3index": "872571628ffffff", "population_2015": 59.51956745783488, "total_built_mass_tons": 33491.49302396855, "city_id": 8145, "country_iso": "RUS"}, {"h3index": "87257162affffff", "population_2015": 8489.740992890152, "total_built_mass_tons": 3364056.7782090767, "city_id": 8145, "country_iso": "RUS"}, {"h3index": "87257162bffffff", "population_2015": 2128.649031377307, "total_built_mass_tons": 1409387.8565404965, "city_id": 8145, "country_iso": "RUS"}, {"h3index": "872571650ffffff", "population_2015": 2588.443512491152, "total_built_mass_tons": 1023654.2029962234, "city_id": 8145, "country_iso": "RUS"}, {"h3index": "872571652ffffff", "population_2015": 395.472388458252, "total_built_mass_tons": 97655.84708025366, "city_id": 8145, "country_iso": "RUS"}, {"h3index": "872571654ffffff", "population_2015": 15810.852641182322, "total_built_mass_tons": 4357262.989048403, "city_id": 8145, "country_iso": "RUS"}, {"h3index": "872571655ffffff", "population_2015": 53.19491648674011, "total_built_mass_tons": 53035.75159702725, "city_id": 8145, "country_iso": "RUS"}, {"h3index": "872571656ffffff", "population_2015": 8142.680760419135, "total_built_mass_tons": 2770442.2999247923, "city_id": 8145, "country_iso": "RUS"}, {"h3index": "872571670ffffff", "population_2015": 80.12594259953966, "total_built_mass_tons": 102088.40568466009, "city_id": 8145, "country_iso": "RUS"}, {"h3index": "872571672ffffff", "population_2015": 11305.359230536103, "total_built_mass_tons": 3864520.980110447, "city_id": 8145, "country_iso": "RUS"}, {"h3index": "872571673ffffff", "population_2015": 2734.0406888391462, "total_built_mass_tons": 1534867.2334832232, "city_id": 8145, "country_iso": "RUS"}, {"h3index": "872571676ffffff", "population_2015": 6683.874859953861, "total_built_mass_tons": 2627923.0382047193, "city_id": 8145, "country_iso": "RUS"}, {"h3index": "8725716e5ffffff", "population_2015": 184.768670687956, "total_built_mass_tons": 80561.52929407517, "city_id": 8145, "country_iso": "RUS"}]