[{"h3index": "873188860ffffff", "population_2015": 9724.195399893966, "total_built_mass_tons": 298399.6410042952, "city_id": 11046, "country_iso": "CHN"}, {"h3index": "873188862ffffff", "population_2015": 706.3156310025383, "total_built_mass_tons": 154913.31509705097, "city_id": 11046, "country_iso": "CHN"}, {"h3index": "873188864ffffff", "population_2015": 5093.351499310662, "total_built_mass_tons": 201492.83075213115, "city_id": 11046, "country_iso": "CHN"}, {"h3index": "873188866ffffff", "population_2015": 11197.81065173056, "total_built_mass_tons": 707424.1821038575, "city_id": 11046, "country_iso": "CHN"}, {"h3index": "873188871ffffff", "population_2015": 117.35419126398422, "total_built_mass_tons": 31968.126507672296, "city_id": 11046, "country_iso": "CHN"}, {"h3index": "873188875ffffff", "population_2015": 1086.7324296969991, "total_built_mass_tons": 277616.7936845693, "city_id": 11046, "country_iso": "CHN"}, {"h3index": "873188948ffffff", "population_2015": 1655.9037989747292, "total_built_mass_tons": 192938.52412388095, "city_id": 11046, "country_iso": "CHN"}, {"h3index": "873188949ffffff", "population_2015": 9761.376740130258, "total_built_mass_tons": 382678.64530450566, "city_id": 11046, "country_iso": "CHN"}, {"h3index": "87318894affffff", "population_2015": 2131.2069664001465, "total_built_mass_tons": 187098.33855664436, "city_id": 11046, "country_iso": "CHN"}, {"h3index": "87318894bffffff", "population_2015": 737.9161910412358, "total_built_mass_tons": 74119.75136527546, "city_id": 11046, "country_iso": "CHN"}, {"h3index": "87318894dffffff", "population_2015": 3050.6717505211923, "total_built_mass_tons": 138820.4360434344, "city_id": 11046, "country_iso": "CHN"}, {"h3index": "87318894effffff", "population_2015": 959.032600402832, "total_built_mass_tons": 92738.09782267168, "city_id": 11046, "country_iso": "CHN"}, {"h3index": "873188958ffffff", "population_2015": 31.407045364379883, "total_built_mass_tons": 56496.37157767288, "city_id": 11046, "country_iso": "CHN"}, {"h3index": "873188959ffffff", "population_2015": 834.3896822087905, "total_built_mass_tons": 101672.48776146091, "city_id": 11046, "country_iso": "CHN"}, {"h3index": "87318895affffff", "population_2015": 16.95840835571289, "total_built_mass_tons": 16038.057184601028, "city_id": 11046, "country_iso": "CHN"}, {"h3index": "87318895bffffff", "population_2015": 706.798653716667, "total_built_mass_tons": 321505.69883442007, "city_id": 11046, "country_iso": "CHN"}, {"h3index": "87318895dffffff", "population_2015": 682.5798263549805, "total_built_mass_tons": 79745.42459562517, "city_id": 11046, "country_iso": "CHN"}, {"h3index": "87318d4b0ffffff", "population_2015": 2376.894124543434, "total_built_mass_tons": 93549.85134751767, "city_id": 11046, "country_iso": "CHN"}, {"h3index": "87318d4b2ffffff", "population_2015": 9771.747443704044, "total_built_mass_tons": 302880.42285260226, "city_id": 11046, "country_iso": "CHN"}, {"h3index": "87318d4b3ffffff", "population_2015": 793.8514878815297, "total_built_mass_tons": 24673.410867940525, "city_id": 11046, "country_iso": "CHN"}]