[{"h3index": "878f4c60affffff", "population_2015": 8453.25134231717, "total_built_mass_tons": 1705956.2158389548, "city_id": 622, "country_iso": "PER"}, {"h3index": "878f4c613ffffff", "population_2015": 1057.436692462248, "total_built_mass_tons": 121091.23607755834, "city_id": 622, "country_iso": "PER"}, {"h3index": "878f4c618ffffff", "population_2015": 24411.234908747218, "total_built_mass_tons": 3309712.3835564926, "city_id": 622, "country_iso": "PER"}, {"h3index": "878f4c619ffffff", "population_2015": 30728.250848269006, "total_built_mass_tons": 4272286.106075627, "city_id": 622, "country_iso": "PER"}, {"h3index": "878f4c61affffff", "population_2015": 18656.03979074067, "total_built_mass_tons": 2064939.4655170892, "city_id": 622, "country_iso": "PER"}, {"h3index": "878f4c61bffffff", "population_2015": 17185.753017758394, "total_built_mass_tons": 2522279.08957873, "city_id": 622, "country_iso": "PER"}, {"h3index": "878f4c61cffffff", "population_2015": 261.4389356351366, "total_built_mass_tons": 42747.913726817795, "city_id": 622, "country_iso": "PER"}, {"h3index": "878f4c61dffffff", "population_2015": 7330.096751927395, "total_built_mass_tons": 1278066.2429566265, "city_id": 622, "country_iso": "PER"}, {"h3index": "878f4c61effffff", "population_2015": 32267.325282055725, "total_built_mass_tons": 2460046.7822439997, "city_id": 622, "country_iso": "PER"}, {"h3index": "878f4c6a9ffffff", "population_2015": 3228.817898675508, "total_built_mass_tons": 569790.2465294467, "city_id": 622, "country_iso": "PER"}, {"h3index": "878f4c6adffffff", "population_2015": 5927.163414755056, "total_built_mass_tons": 684563.1888930389, "city_id": 622, "country_iso": "PER"}, {"h3index": "878f4c6e2ffffff", "population_2015": 980.3895983602484, "total_built_mass_tons": 242277.86939016377, "city_id": 622, "country_iso": "PER"}, {"h3index": "878f4c6e4ffffff", "population_2015": 4526.85152204551, "total_built_mass_tons": 794694.286815144, "city_id": 622, "country_iso": "PER"}, {"h3index": "878f4c6e6ffffff", "population_2015": 19296.838710661497, "total_built_mass_tons": 2641149.8379905983, "city_id": 622, "country_iso": "PER"}, {"h3index": "878f4c6f4ffffff", "population_2015": 8440.359698475106, "total_built_mass_tons": 1772370.2807311122, "city_id": 622, "country_iso": "PER"}, {"h3index": "878f4c6f5ffffff", "population_2015": 9212.35391142976, "total_built_mass_tons": 1437561.8492718628, "city_id": 622, "country_iso": "PER"}, {"h3index": "878f4c6f6ffffff", "population_2015": 31.112115201763075, "total_built_mass_tons": 14764.444102739242, "city_id": 622, "country_iso": "PER"}]