[{"h3index": "872d8d042ffffff", "population_2015": 9.116317141289803, "total_built_mass_tons": 6674.2700803699045, "city_id": 4672, "country_iso": "SYR"}, {"h3index": "872d8d050ffffff", "population_2015": 20075.310846583037, "total_built_mass_tons": 3137338.870100203, "city_id": 4672, "country_iso": "SYR"}, {"h3index": "872d8d051ffffff", "population_2015": 423.16239573441294, "total_built_mass_tons": 89819.5485790694, "city_id": 4672, "country_iso": "SYR"}, {"h3index": "872d8d052ffffff", "population_2015": 22007.888853959474, "total_built_mass_tons": 3632763.0879698033, "city_id": 4672, "country_iso": "SYR"}, {"h3index": "872d8d053ffffff", "population_2015": 18067.40062231176, "total_built_mass_tons": 2785872.7487737793, "city_id": 4672, "country_iso": "SYR"}, {"h3index": "872d8d054ffffff", "population_2015": 1664.8079056534111, "total_built_mass_tons": 310155.87002945243, "city_id": 4672, "country_iso": "SYR"}, {"h3index": "872d8d055ffffff", "population_2015": 5928.489346700557, "total_built_mass_tons": 1114193.638064312, "city_id": 4672, "country_iso": "SYR"}, {"h3index": "872d8d056ffffff", "population_2015": 4982.363542463266, "total_built_mass_tons": 792006.2442286725, "city_id": 4672, "country_iso": "SYR"}, {"h3index": "872d8d073ffffff", "population_2015": 86.9728126151889, "total_built_mass_tons": 38903.66649258408, "city_id": 4672, "country_iso": "SYR"}, {"h3index": "872d8d0e1ffffff", "population_2015": 4987.301046259263, "total_built_mass_tons": 771423.5654187746, "city_id": 4672, "country_iso": "SYR"}, {"h3index": "872d8d0e5ffffff", "population_2015": 8005.063130021564, "total_built_mass_tons": 1371803.7766641683, "city_id": 4672, "country_iso": "SYR"}, {"h3index": "872d8d0ecffffff", "population_2015": 1537.0598681356391, "total_built_mass_tons": 221209.3426266695, "city_id": 4672, "country_iso": "SYR"}, {"h3index": "872d8d0edffffff", "population_2015": 781.1091651916504, "total_built_mass_tons": 228776.6133537832, "city_id": 4672, "country_iso": "SYR"}]