[{"h3index":"873d32511ffffff","population_2015":687.490147901,"total_built_mass_tons":181097.7499908059,"city_id":6566,"country_iso":"IND"},{"h3index":"873d32518ffffff","population_2015":3803.1259305019,"total_built_mass_tons":513048.9412286676,"city_id":6566,"country_iso":"IND"},{"h3index":"873d32519ffffff","population_2015":1.3641044617,"total_built_mass_tons":473.3057726505,"city_id":6566,"country_iso":"IND"},{"h3index":"873d3251affffff","population_2015":4.928926135,"total_built_mass_tons":1776.4965674416,"city_id":6566,"country_iso":"IND"},{"h3index":"873d3251cffffff","population_2015":4551.8831551945,"total_built_mass_tons":505214.272095801,"city_id":6566,"country_iso":"IND"},{"h3index":"873d3251dffffff","population_2015":3621.4509204191,"total_built_mass_tons":532873.1897356821,"city_id":6566,"country_iso":"IND"},{"h3index":"873d3251effffff","population_2015":15286.593889603,"total_built_mass_tons":1404896.1538998252,"city_id":6566,"country_iso":"IND"},{"h3index":"873d325adffffff","population_2015":5.199455811,"total_built_mass_tons":1522.0404477574,"city_id":6566,"country_iso":"IND"}]