[{"h3index": "8749b3292ffffff", "population_2015": 5459.897624559962, "total_built_mass_tons": 1009339.4378391984, "city_id": 156, "country_iso": "MEX"}, {"h3index": "8749b3293ffffff", "population_2015": 7.984755656298469, "total_built_mass_tons": 9953.062458618137, "city_id": 156, "country_iso": "MEX"}, {"h3index": "8749b3296ffffff", "population_2015": 21.3055788563747, "total_built_mass_tons": 38528.75965382074, "city_id": 156, "country_iso": "MEX"}, {"h3index": "8749b3660ffffff", "population_2015": 6610.955261147257, "total_built_mass_tons": 1027715.8004096936, "city_id": 156, "country_iso": "MEX"}, {"h3index": "8749b3661ffffff", "population_2015": 125.81027668597652, "total_built_mass_tons": 90556.88056071335, "city_id": 156, "country_iso": "MEX"}, {"h3index": "8749b3662ffffff", "population_2015": 791.2230161479874, "total_built_mass_tons": 123888.15152464304, "city_id": 156, "country_iso": "MEX"}, {"h3index": "8749b3664ffffff", "population_2015": 25338.52360962139, "total_built_mass_tons": 2917681.981468185, "city_id": 156, "country_iso": "MEX"}, {"h3index": "8749b3665ffffff", "population_2015": 5971.123675369748, "total_built_mass_tons": 1163631.473899474, "city_id": 156, "country_iso": "MEX"}, {"h3index": "8749b3666ffffff", "population_2015": 3834.024028179225, "total_built_mass_tons": 722400.7825961201, "city_id": 156, "country_iso": "MEX"}, {"h3index": "8749b3741ffffff", "population_2015": 604.0100885092043, "total_built_mass_tons": 111152.97206015524, "city_id": 156, "country_iso": "MEX"}, {"h3index": "8749b3742ffffff", "population_2015": 3.156603145599365, "total_built_mass_tons": 9235.127881729022, "city_id": 156, "country_iso": "MEX"}, {"h3index": "8749b3743ffffff", "population_2015": 3714.3369696748023, "total_built_mass_tons": 740939.2473859375, "city_id": 156, "country_iso": "MEX"}, {"h3index": "8749b3748ffffff", "population_2015": 8908.269875122514, "total_built_mass_tons": 966587.49517905, "city_id": 156, "country_iso": "MEX"}, {"h3index": "8749b374affffff", "population_2015": 19243.43941428614, "total_built_mass_tons": 2816057.9609022075, "city_id": 156, "country_iso": "MEX"}, {"h3index": "8749b374bffffff", "population_2015": 7852.839247851746, "total_built_mass_tons": 962444.5457744836, "city_id": 156, "country_iso": "MEX"}, {"h3index": "8749b374cffffff", "population_2015": 8387.718417893206, "total_built_mass_tons": 807289.7899505892, "city_id": 156, "country_iso": "MEX"}, {"h3index": "8749b374effffff", "population_2015": 24725.69233243792, "total_built_mass_tons": 3362583.33884271, "city_id": 156, "country_iso": "MEX"}, {"h3index": "8749b3759ffffff", "population_2015": 53.03844789102966, "total_built_mass_tons": 147980.25349722954, "city_id": 156, "country_iso": "MEX"}, {"h3index": "8749b375cffffff", "population_2015": 1863.8004439989727, "total_built_mass_tons": 277569.5681365114, "city_id": 156, "country_iso": "MEX"}, {"h3index": "8749b375dffffff", "population_2015": 24765.95029586623, "total_built_mass_tons": 3038325.5521579105, "city_id": 156, "country_iso": "MEX"}]