[{"h3index":"873cee840ffffff","population_2015":1524.800256602,"total_built_mass_tons":516340.4821579394,"city_id":10022,"country_iso":"IND"},{"h3index":"873cee844ffffff","population_2015":4563.5530651953,"total_built_mass_tons":980653.4547105322,"city_id":10022,"country_iso":"IND"},{"h3index":"873cee845ffffff","population_2015":163.1249333213,"total_built_mass_tons":36253.565644286,"city_id":10022,"country_iso":"IND"},{"h3index":"873cee846ffffff","population_2015":435.4404048733,"total_built_mass_tons":433280.1491891259,"city_id":10022,"country_iso":"IND"},{"h3index":"873cee863ffffff","population_2015":12.3732385635,"total_built_mass_tons":6018.0840053268,"city_id":10022,"country_iso":"IND"},{"h3index":"873cee86effffff","population_2015":5.4934813182,"total_built_mass_tons":4860.6213605079,"city_id":10022,"country_iso":"IND"}]