[{"h3index":"873ced590ffffff","population_2015":7386.9201244878,"total_built_mass_tons":1480012.4104907855,"city_id":10056,"country_iso":"IND"},{"h3index":"873ced591ffffff","population_2015":1293.437459654,"total_built_mass_tons":436336.9273420977,"city_id":10056,"country_iso":"IND"},{"h3index":"873ced593ffffff","population_2015":280.3781767639,"total_built_mass_tons":77559.916126897,"city_id":10056,"country_iso":"IND"},{"h3index":"873ced594ffffff","population_2015":45.5404877158,"total_built_mass_tons":12381.1135191237,"city_id":10056,"country_iso":"IND"},{"h3index":"873ced595ffffff","population_2015":777.0453734304,"total_built_mass_tons":194885.71574549,"city_id":10056,"country_iso":"IND"},{"h3index":"873ced59cffffff","population_2015":56.8477182388,"total_built_mass_tons":16328.6555488181,"city_id":10056,"country_iso":"IND"}]