[{"h3index": "871e83200ffffff", "population_2015": 2364.76854414083, "total_built_mass_tons": 3750314.630769976, "city_id": 2991, "country_iso": "ITA"}, {"h3index": "871e83204ffffff", "population_2015": 20105.46646359268, "total_built_mass_tons": 4172329.209457638, "city_id": 2991, "country_iso": "ITA"}, {"h3index": "871e83205ffffff", "population_2015": 15909.772450937597, "total_built_mass_tons": 3874943.295690973, "city_id": 2991, "country_iso": "ITA"}, {"h3index": "871e83206ffffff", "population_2015": 15416.489671081414, "total_built_mass_tons": 3195761.404437486, "city_id": 2991, "country_iso": "ITA"}, {"h3index": "871e83220ffffff", "population_2015": 10787.721581810642, "total_built_mass_tons": 2834273.365480913, "city_id": 2991, "country_iso": "ITA"}, {"h3index": "871e83221ffffff", "population_2015": 21519.21409721739, "total_built_mass_tons": 4584681.462459702, "city_id": 2991, "country_iso": "ITA"}, {"h3index": "871e83222ffffff", "population_2015": 11627.745316961133, "total_built_mass_tons": 3071948.559599331, "city_id": 2991, "country_iso": "ITA"}, {"h3index": "871e83223ffffff", "population_2015": 17031.155403803405, "total_built_mass_tons": 5783278.868784949, "city_id": 2991, "country_iso": "ITA"}, {"h3index": "871e83225ffffff", "population_2015": 1541.7559062066323, "total_built_mass_tons": 490205.82839079306, "city_id": 2991, "country_iso": "ITA"}, {"h3index": "871e83226ffffff", "population_2015": 24736.848469894285, "total_built_mass_tons": 5258634.250802184, "city_id": 2991, "country_iso": "ITA"}, {"h3index": "871e8322cffffff", "population_2015": 2529.4898243371176, "total_built_mass_tons": 418275.99167856504, "city_id": 2991, "country_iso": "ITA"}, {"h3index": "871e8322effffff", "population_2015": 14929.19751487933, "total_built_mass_tons": 2934612.094312914, "city_id": 2991, "country_iso": "ITA"}, {"h3index": "871e83231ffffff", "population_2015": 6826.049610083477, "total_built_mass_tons": 1401807.8310242696, "city_id": 2991, "country_iso": "ITA"}, {"h3index": "871e83235ffffff", "population_2015": 10396.717970085903, "total_built_mass_tons": 2153322.87220728, "city_id": 2991, "country_iso": "ITA"}, {"h3index": "871e83318ffffff", "population_2015": 217.6892321103362, "total_built_mass_tons": 33983.00877081374, "city_id": 2991, "country_iso": "ITA"}, {"h3index": "871e83319ffffff", "population_2015": 2156.0709113567186, "total_built_mass_tons": 375190.4681177194, "city_id": 2991, "country_iso": "ITA"}, {"h3index": "871e8331affffff", "population_2015": 1469.7940110636694, "total_built_mass_tons": 419928.0017582589, "city_id": 2991, "country_iso": "ITA"}, {"h3index": "871e8331bffffff", "population_2015": 20321.174954025955, "total_built_mass_tons": 5049562.344651245, "city_id": 2991, "country_iso": "ITA"}, {"h3index": "871e83352ffffff", "population_2015": 700.5827722998811, "total_built_mass_tons": 128342.71553758607, "city_id": 2991, "country_iso": "ITA"}]