[{"h3index":"8724cb430ffffff","population_2015":1.9266994102,"total_built_mass_tons":4778.7183348937,"city_id":10353,"country_iso":"CHN"},{"h3index":"8724cb432ffffff","population_2015":58.9173808098,"total_built_mass_tons":30456.1674172718,"city_id":10353,"country_iso":"CHN"},{"h3index":"8724cb433ffffff","population_2015":88.704004456,"total_built_mass_tons":41031.9739153405,"city_id":10353,"country_iso":"CHN"},{"h3index":"8724cb436ffffff","population_2015":16.3446669579,"total_built_mass_tons":25076.5026465635,"city_id":10353,"country_iso":"CHN"},{"h3index":"8724cb580ffffff","population_2015":157.1821762833,"total_built_mass_tons":123398.1037775843,"city_id":10353,"country_iso":"CHN"},{"h3index":"8724cb581ffffff","population_2015":392.265747003,"total_built_mass_tons":118674.7386683008,"city_id":10353,"country_iso":"CHN"},{"h3index":"8724cb582ffffff","population_2015":101.2122747627,"total_built_mass_tons":47234.034712975,"city_id":10353,"country_iso":"CHN"},{"h3index":"8724cb583ffffff","population_2015":437.960696197,"total_built_mass_tons":130393.1245611817,"city_id":10353,"country_iso":"CHN"},{"h3index":"8724cb588ffffff","population_2015":8.7453281879,"total_built_mass_tons":10006.6754310106,"city_id":10353,"country_iso":"CHN"},{"h3index":"8724cb58cffffff","population_2015":17177.5721094393,"total_built_mass_tons":2405357.0390107762,"city_id":10353,"country_iso":"CHN"},{"h3index":"8724cb58dffffff","population_2015":2768.2153196615,"total_built_mass_tons":950409.50375155,"city_id":10353,"country_iso":"CHN"},{"h3index":"8724cb58effffff","population_2015":4015.2420927085,"total_built_mass_tons":599771.2221658215,"city_id":10353,"country_iso":"CHN"},{"h3index":"8724cb5abffffff","population_2015":115.1760609047,"total_built_mass_tons":32569.4625255372,"city_id":10353,"country_iso":"CHN"}]