[{"h3index":"876499499ffffff","population_2015":4064.2571455226,"total_built_mass_tons":783698.9611118215,"city_id":10172,"country_iso":"MMR"},{"h3index":"87649949bffffff","population_2015":112.8233294394,"total_built_mass_tons":26098.3691758802,"city_id":10172,"country_iso":"MMR"},{"h3index":"87649bb24ffffff","population_2015":7.9827876764,"total_built_mass_tons":13302.4944778533,"city_id":10172,"country_iso":"MMR"},{"h3index":"87649bb26ffffff","population_2015":356.0212132566,"total_built_mass_tons":79468.2236836428,"city_id":10172,"country_iso":"MMR"}]