[{"h3index":"8740e0842ffffff","population_2015":279.6181968839,"total_built_mass_tons":44515.8697347099,"city_id":10416,"country_iso":"CHN"},{"h3index":"8740e0850ffffff","population_2015":23121.763245921,"total_built_mass_tons":3527796.275581188,"city_id":10416,"country_iso":"CHN"},{"h3index":"8740e0851ffffff","population_2015":15278.4071341832,"total_built_mass_tons":3793051.2218244206,"city_id":10416,"country_iso":"CHN"},{"h3index":"8740e0852ffffff","population_2015":6607.0987054657,"total_built_mass_tons":1398633.3927123742,"city_id":10416,"country_iso":"CHN"},{"h3index":"8740e0853ffffff","population_2015":11554.7684802467,"total_built_mass_tons":2380571.6226423825,"city_id":10416,"country_iso":"CHN"},{"h3index":"8740e0854ffffff","population_2015":264.9023558308,"total_built_mass_tons":98911.2964441209,"city_id":10416,"country_iso":"CHN"},{"h3index":"8740e0855ffffff","population_2015":6035.6109766867,"total_built_mass_tons":1275209.4168284694,"city_id":10416,"country_iso":"CHN"},{"h3index":"8740e08e5ffffff","population_2015":368.6758833081,"total_built_mass_tons":134287.0915899222,"city_id":10416,"country_iso":"CHN"}]