[{"h3index":"873da024bffffff","population_2015":664.6852441769,"total_built_mass_tons":304535.392523909,"city_id":6989,"country_iso":"IND"},{"h3index":"873da1510ffffff","population_2015":1146.0102599593,"total_built_mass_tons":358306.7279188873,"city_id":6989,"country_iso":"IND"},{"h3index":"873da1511ffffff","population_2015":11.2679795938,"total_built_mass_tons":20960.7162571128,"city_id":6989,"country_iso":"IND"},{"h3index":"873da1512ffffff","population_2015":4850.1123216666,"total_built_mass_tons":1080126.0335618234,"city_id":6989,"country_iso":"IND"},{"h3index":"873da1513ffffff","population_2015":311.7706810521,"total_built_mass_tons":84373.8372592554,"city_id":6989,"country_iso":"IND"},{"h3index":"873da1515ffffff","population_2015":750.4648945715,"total_built_mass_tons":242940.0961652541,"city_id":6989,"country_iso":"IND"},{"h3index":"873da1516ffffff","population_2015":3034.5969411513,"total_built_mass_tons":520374.6951533559,"city_id":6989,"country_iso":"IND"},{"h3index":"873da15a4ffffff","population_2015":106.250742845,"total_built_mass_tons":80333.6864615818,"city_id":6989,"country_iso":"IND"},{"h3index":"873da15a5ffffff","population_2015":4341.3859470704,"total_built_mass_tons":819887.5232421515,"city_id":6989,"country_iso":"IND"}]