[{"h3index": "87a8116d0ffffff", "population_2015": 6371.246754785145, "total_built_mass_tons": 756500.5230217989, "city_id": 1282, "country_iso": "BRA"}, {"h3index": "87a8116d2ffffff", "population_2015": 23689.647977889756, "total_built_mass_tons": 2648739.179309826, "city_id": 1282, "country_iso": "BRA"}, {"h3index": "87a8116d3ffffff", "population_2015": 4447.5814368444335, "total_built_mass_tons": 1134888.3194741788, "city_id": 1282, "country_iso": "BRA"}, {"h3index": "87a8116d4ffffff", "population_2015": 86.2002556270244, "total_built_mass_tons": 39492.57209583849, "city_id": 1282, "country_iso": "BRA"}, {"h3index": "87a8116d6ffffff", "population_2015": 21297.403343988863, "total_built_mass_tons": 1648924.0185148143, "city_id": 1282, "country_iso": "BRA"}, {"h3index": "87a8116daffffff", "population_2015": 11164.749944260744, "total_built_mass_tons": 691436.1439178247, "city_id": 1282, "country_iso": "BRA"}, {"h3index": "87a8116dcffffff", "population_2015": 3.2125642716081115, "total_built_mass_tons": 47211.81285552557, "city_id": 1282, "country_iso": "BRA"}, {"h3index": "87a8116deffffff", "population_2015": 14623.685982043162, "total_built_mass_tons": 1495368.1969571686, "city_id": 1282, "country_iso": "BRA"}, {"h3index": "87a81ed05ffffff", "population_2015": 1005.402310478454, "total_built_mass_tons": 621912.2809757469, "city_id": 1282, "country_iso": "BRA"}, {"h3index": "87a81ed20ffffff", "population_2015": 5500.7733239524505, "total_built_mass_tons": 860585.3410570789, "city_id": 1282, "country_iso": "BRA"}, {"h3index": "87a81ed21ffffff", "population_2015": 17174.218170273303, "total_built_mass_tons": 3113490.271916249, "city_id": 1282, "country_iso": "BRA"}, {"h3index": "87a81ed23ffffff", "population_2015": 20715.097308781103, "total_built_mass_tons": 1910377.1277238273, "city_id": 1282, "country_iso": "BRA"}, {"h3index": "87a81ed25ffffff", "population_2015": 13158.194393671029, "total_built_mass_tons": 1072605.4314579107, "city_id": 1282, "country_iso": "BRA"}, {"h3index": "87a81ed28ffffff", "population_2015": 12927.425940602085, "total_built_mass_tons": 3082694.0439109597, "city_id": 1282, "country_iso": "BRA"}, {"h3index": "87a81ed29ffffff", "population_2015": 216.29849718183863, "total_built_mass_tons": 96222.36299918208, "city_id": 1282, "country_iso": "BRA"}, {"h3index": "87a81ed2affffff", "population_2015": 7296.446741304442, "total_built_mass_tons": 1121508.7588290146, "city_id": 1282, "country_iso": "BRA"}, {"h3index": "87a81ed2bffffff", "population_2015": 18.092608769734703, "total_built_mass_tons": 8564.475485787074, "city_id": 1282, "country_iso": "BRA"}, {"h3index": "87a81ed2cffffff", "population_2015": 18573.313891668888, "total_built_mass_tons": 3998159.918836369, "city_id": 1282, "country_iso": "BRA"}, {"h3index": "87a81ed2dffffff", "population_2015": 15099.514650929526, "total_built_mass_tons": 2753705.9044402335, "city_id": 1282, "country_iso": "BRA"}, {"h3index": "87a81ed2effffff", "population_2015": 20919.725518221006, "total_built_mass_tons": 3781513.667521741, "city_id": 1282, "country_iso": "BRA"}]