[{"h3index": "874112990ffffff", "population_2015": 64.442590563905, "total_built_mass_tons": 81389.51725865084, "city_id": 12514, "country_iso": "CHN"}, {"h3index": "874112992ffffff", "population_2015": 559.7879433342055, "total_built_mass_tons": 527014.8448357119, "city_id": 12514, "country_iso": "CHN"}, {"h3index": "874112993ffffff", "population_2015": 391.56293370817224, "total_built_mass_tons": 229472.9719235269, "city_id": 12514, "country_iso": "CHN"}, {"h3index": "87411299effffff", "population_2015": 1372.1163845146405, "total_built_mass_tons": 325146.8915922103, "city_id": 12514, "country_iso": "CHN"}, {"h3index": "874112d60ffffff", "population_2015": 3578.243654712976, "total_built_mass_tons": 3487130.058771966, "city_id": 12514, "country_iso": "CHN"}, {"h3index": "874112d61ffffff", "population_2015": 8961.200712379054, "total_built_mass_tons": 2436159.911041002, "city_id": 12514, "country_iso": "CHN"}, {"h3index": "874112d62ffffff", "population_2015": 143.61114010857602, "total_built_mass_tons": 416116.7604429918, "city_id": 12514, "country_iso": "CHN"}, {"h3index": "874112d63ffffff", "population_2015": 1420.9577782597023, "total_built_mass_tons": 374243.071430492, "city_id": 12514, "country_iso": "CHN"}, {"h3index": "874112d64ffffff", "population_2015": 20327.88976621254, "total_built_mass_tons": 1751736.3646977437, "city_id": 12514, "country_iso": "CHN"}, {"h3index": "874112d65ffffff", "population_2015": 6247.94199149527, "total_built_mass_tons": 1218796.5097561835, "city_id": 12514, "country_iso": "CHN"}, {"h3index": "874112d66ffffff", "population_2015": 6091.277679628951, "total_built_mass_tons": 863911.5467503421, "city_id": 12514, "country_iso": "CHN"}, {"h3index": "874112d6cffffff", "population_2015": 3297.252376496091, "total_built_mass_tons": 679119.9589977153, "city_id": 12514, "country_iso": "CHN"}, {"h3index": "874112d6dffffff", "population_2015": 859.2250161329905, "total_built_mass_tons": 271536.44530543254, "city_id": 12514, "country_iso": "CHN"}, {"h3index": "874112d6effffff", "population_2015": 702.6963935805302, "total_built_mass_tons": 230144.21826890443, "city_id": 12514, "country_iso": "CHN"}, {"h3index": "874112d75ffffff", "population_2015": 60.16333490633497, "total_built_mass_tons": 19760.56730859538, "city_id": 12514, "country_iso": "CHN"}, {"h3index": "8741166caffffff", "population_2015": 748.1233057844873, "total_built_mass_tons": 134182.70840161477, "city_id": 12514, "country_iso": "CHN"}, {"h3index": "8741166cbffffff", "population_2015": 1459.6000255734316, "total_built_mass_tons": 188462.58711153452, "city_id": 12514, "country_iso": "CHN"}, {"h3index": "8741166d8ffffff", "population_2015": 81.61217595432318, "total_built_mass_tons": 75120.54429898309, "city_id": 12514, "country_iso": "CHN"}, {"h3index": "8741166d9ffffff", "population_2015": 8164.606859335303, "total_built_mass_tons": 569896.2950230419, "city_id": 12514, "country_iso": "CHN"}, {"h3index": "8741166dbffffff", "population_2015": 108.8286677678426, "total_built_mass_tons": 60407.7730110783, "city_id": 12514, "country_iso": "CHN"}]