[{"h3index":"8764985b2ffffff","population_2015":578.0632082172,"total_built_mass_tons":119401.3911783674,"city_id":10250,"country_iso":"MMR"},{"h3index":"8764985b6ffffff","population_2015":60.6315016765,"total_built_mass_tons":13740.1605821683,"city_id":10250,"country_iso":"MMR"},{"h3index":"87649e2c9ffffff","population_2015":553.7714763679,"total_built_mass_tons":143232.0021492965,"city_id":10250,"country_iso":"MMR"},{"h3index":"87649e2cdffffff","population_2015":6887.532005411,"total_built_mass_tons":1234390.0430237371,"city_id":10250,"country_iso":"MMR"}]