[{"h3index":"8724cb809ffffff","population_2015":3156.7494470858,"total_built_mass_tons":617971.9208685111,"city_id":10351,"country_iso":"CHN"},{"h3index":"8724cb850ffffff","population_2015":2971.6950344871,"total_built_mass_tons":469335.7895852471,"city_id":10351,"country_iso":"CHN"},{"h3index":"8724cb852ffffff","population_2015":1813.1489225416,"total_built_mass_tons":787720.485131619,"city_id":10351,"country_iso":"CHN"},{"h3index":"8724cb854ffffff","population_2015":7482.4173685111,"total_built_mass_tons":1792269.6918906779,"city_id":10351,"country_iso":"CHN"},{"h3index":"8724cb856ffffff","population_2015":5310.6919560432,"total_built_mass_tons":1328121.3257035599,"city_id":10351,"country_iso":"CHN"}]