[{"h3index":"8740e225affffff","population_2015":33.7023591528,"total_built_mass_tons":56512.2520241923,"city_id":10318,"country_iso":"CHN"},{"h3index":"8740e225bffffff","population_2015":53.1152740553,"total_built_mass_tons":30291.2730031425,"city_id":10318,"country_iso":"CHN"},{"h3index":"8740e22c8ffffff","population_2015":105.7292143971,"total_built_mass_tons":46433.6649352725,"city_id":10318,"country_iso":"CHN"},{"h3index":"8740e22c9ffffff","population_2015":1577.0294006048,"total_built_mass_tons":348483.0477705653,"city_id":10318,"country_iso":"CHN"},{"h3index":"8740e22ccffffff","population_2015":23.5914987153,"total_built_mass_tons":10093.7256551803,"city_id":10318,"country_iso":"CHN"},{"h3index":"8740e22cdffffff","population_2015":9958.6214771374,"total_built_mass_tons":2113439.5676960666,"city_id":10318,"country_iso":"CHN"},{"h3index":"8740e22e9ffffff","population_2015":210.7798097297,"total_built_mass_tons":240729.1283964257,"city_id":10318,"country_iso":"CHN"},{"h3index":"8740e22ebffffff","population_2015":164.0132204804,"total_built_mass_tons":62999.1995181627,"city_id":10318,"country_iso":"CHN"},{"h3index":"8740e3594ffffff","population_2015":1969.8360199685,"total_built_mass_tons":241891.2412275868,"city_id":10318,"country_iso":"CHN"},{"h3index":"8740e35a2ffffff","population_2015":414.8391390852,"total_built_mass_tons":299467.9272720261,"city_id":10318,"country_iso":"CHN"},{"h3index":"8740e35b0ffffff","population_2015":21885.6424323512,"total_built_mass_tons":9769360.1411579307,"city_id":10318,"country_iso":"CHN"},{"h3index":"8740e35b1ffffff","population_2015":361.8094857796,"total_built_mass_tons":228939.5440321201,"city_id":10318,"country_iso":"CHN"},{"h3index":"8740e35b2ffffff","population_2015":37561.9526726798,"total_built_mass_tons":4196427.2818927765,"city_id":10318,"country_iso":"CHN"},{"h3index":"8740e35b3ffffff","population_2015":3605.2318337889,"total_built_mass_tons":630603.839893647,"city_id":10318,"country_iso":"CHN"},{"h3index":"8740e35b4ffffff","population_2015":7530.181346653,"total_built_mass_tons":6556098.6902363636,"city_id":10318,"country_iso":"CHN"},{"h3index":"8740e35b5ffffff","population_2015":7118.1328426361,"total_built_mass_tons":5187205.9487853935,"city_id":10318,"country_iso":"CHN"},{"h3index":"8740e35b6ffffff","population_2015":31174.1652744452,"total_built_mass_tons":4975711.0208294541,"city_id":10318,"country_iso":"CHN"}]