[{"h3index":"8740d2460ffffff","population_2015":203.3809153688,"total_built_mass_tons":99677.18148742,"city_id":10223,"country_iso":"CHN"},{"h3index":"8740d2462ffffff","population_2015":1134.5809272074,"total_built_mass_tons":315883.1528667419,"city_id":10223,"country_iso":"CHN"},{"h3index":"8740d2466ffffff","population_2015":12480.1610670408,"total_built_mass_tons":3019198.0874748761,"city_id":10223,"country_iso":"CHN"},{"h3index":"8740d2470ffffff","population_2015":2.1835932713,"total_built_mass_tons":5718.9005440752,"city_id":10223,"country_iso":"CHN"},{"h3index":"8740d2471ffffff","population_2015":234.5145382217,"total_built_mass_tons":377021.5036701627,"city_id":10223,"country_iso":"CHN"},{"h3index":"8740d2475ffffff","population_2015":5605.6213916592,"total_built_mass_tons":1658603.344477908,"city_id":10223,"country_iso":"CHN"},{"h3index":"8740d255bffffff","population_2015":1370.2640622223,"total_built_mass_tons":764511.6193921074,"city_id":10223,"country_iso":"CHN"}]