[{"h3index":"871fa1701ffffff","population_2015":1597.3225617053,"total_built_mass_tons":933851.3058140284,"city_id":2358,"country_iso":"DEU"},{"h3index":"871fa1708ffffff","population_2015":3153.4340900187,"total_built_mass_tons":1553628.9528526056,"city_id":2358,"country_iso":"DEU"},{"h3index":"871fa1709ffffff","population_2015":5604.7169444009,"total_built_mass_tons":3268086.5424348144,"city_id":2358,"country_iso":"DEU"},{"h3index":"871fa170bffffff","population_2015":499.7745729895,"total_built_mass_tons":377005.9078225129,"city_id":2358,"country_iso":"DEU"},{"h3index":"871fa170cffffff","population_2015":5866.1357367085,"total_built_mass_tons":4717704.4625714943,"city_id":2358,"country_iso":"DEU"},{"h3index":"871fa170dffffff","population_2015":3688.329525065,"total_built_mass_tons":3084611.9061532002,"city_id":2358,"country_iso":"DEU"},{"h3index":"871fa170effffff","population_2015":1048.5227583651,"total_built_mass_tons":869108.2633926992,"city_id":2358,"country_iso":"DEU"},{"h3index":"871fa172affffff","population_2015":1475.7525010305,"total_built_mass_tons":1308429.7129560609,"city_id":2358,"country_iso":"DEU"},{"h3index":"871fa172bffffff","population_2015":2973.9211652101,"total_built_mass_tons":1995538.5196129889,"city_id":2358,"country_iso":"DEU"},{"h3index":"871fa1754ffffff","population_2015":24.2461256513,"total_built_mass_tons":19029.2011497513,"city_id":2358,"country_iso":"DEU"},{"h3index":"871fa1756ffffff","population_2015":223.5050945179,"total_built_mass_tons":158153.7332760091,"city_id":2358,"country_iso":"DEU"},{"h3index":"871fa1772ffffff","population_2015":6460.4841435133,"total_built_mass_tons":3502840.575372492,"city_id":2358,"country_iso":"DEU"},{"h3index":"871fa1776ffffff","population_2015":248.3891442523,"total_built_mass_tons":131126.3679816925,"city_id":2358,"country_iso":"DEU"}]