[{"h3index": "8740128c8ffffff", "population_2015": 2239.8124299488823, "total_built_mass_tons": 1205096.545245044, "city_id": 11267, "country_iso": "CHN"}, {"h3index": "8740128c9ffffff", "population_2015": 4749.963633176391, "total_built_mass_tons": 1585494.2819387885, "city_id": 11267, "country_iso": "CHN"}, {"h3index": "8740128cdffffff", "population_2015": 1868.4648590181391, "total_built_mass_tons": 1364281.4671179694, "city_id": 11267, "country_iso": "CHN"}, {"h3index": "8740128ceffffff", "population_2015": 9.01717950035544, "total_built_mass_tons": 18988.921850068567, "city_id": 11267, "country_iso": "CHN"}, {"h3index": "874012b82ffffff", "population_2015": 2747.9056010180825, "total_built_mass_tons": 973471.3869839712, "city_id": 11267, "country_iso": "CHN"}, {"h3index": "874012b86ffffff", "population_2015": 6259.542733616924, "total_built_mass_tons": 639770.843297458, "city_id": 11267, "country_iso": "CHN"}, {"h3index": "874012b90ffffff", "population_2015": 100.25425170636645, "total_built_mass_tons": 42141.18368584164, "city_id": 11267, "country_iso": "CHN"}, {"h3index": "874012b91ffffff", "population_2015": 115.16933759801528, "total_built_mass_tons": 132627.41116228848, "city_id": 11267, "country_iso": "CHN"}, {"h3index": "874012b94ffffff", "population_2015": 20872.22479665046, "total_built_mass_tons": 3647253.492945856, "city_id": 11267, "country_iso": "CHN"}, {"h3index": "874012b95ffffff", "population_2015": 17253.715100981204, "total_built_mass_tons": 3844471.233923013, "city_id": 11267, "country_iso": "CHN"}, {"h3index": "874012b96ffffff", "population_2015": 1812.1475224448184, "total_built_mass_tons": 275726.3982301854, "city_id": 11267, "country_iso": "CHN"}, {"h3index": "874012bb2ffffff", "population_2015": 2784.0798445458504, "total_built_mass_tons": 1091732.1456158136, "city_id": 11267, "country_iso": "CHN"}, {"h3index": "874012bb3ffffff", "population_2015": 4376.667373467426, "total_built_mass_tons": 778516.6003199802, "city_id": 11267, "country_iso": "CHN"}]