[{"h3index":"873ce8a60ffffff","population_2015":559.5234484205,"total_built_mass_tons":332675.2863875559,"city_id":10080,"country_iso":"IND"},{"h3index":"873ce8a64ffffff","population_2015":0.9427318573,"total_built_mass_tons":14411.8729879496,"city_id":10080,"country_iso":"IND"},{"h3index":"873ce8a66ffffff","population_2015":900.8953285554,"total_built_mass_tons":373398.2092928644,"city_id":10080,"country_iso":"IND"},{"h3index":"873ce8b59ffffff","population_2015":4.4565505981,"total_built_mass_tons":1996.9331921095,"city_id":10080,"country_iso":"IND"}]