[{"h3index":"8724c9a85ffffff","population_2015":293.545132407,"total_built_mass_tons":103612.7405106743,"city_id":10367,"country_iso":"CHN"},{"h3index":"8724c9a8dffffff","population_2015":17.5814990997,"total_built_mass_tons":5535.4819737809,"city_id":10367,"country_iso":"CHN"},{"h3index":"8724c9aa8ffffff","population_2015":89.1033363398,"total_built_mass_tons":17957.922851227,"city_id":10367,"country_iso":"CHN"},{"h3index":"8724c9aa9ffffff","population_2015":249.9641611735,"total_built_mass_tons":62413.885522322,"city_id":10367,"country_iso":"CHN"},{"h3index":"8724c9aaaffffff","population_2015":1841.9757702771,"total_built_mass_tons":760256.7637550044,"city_id":10367,"country_iso":"CHN"},{"h3index":"8724c9aabffffff","population_2015":11079.7940900391,"total_built_mass_tons":1277691.564776306,"city_id":10367,"country_iso":"CHN"},{"h3index":"8724c9aaeffffff","population_2015":90.6264323459,"total_built_mass_tons":108370.8903052749,"city_id":10367,"country_iso":"CHN"},{"h3index":"8724c9ac4ffffff","population_2015":1585.9237147658,"total_built_mass_tons":659561.0527588876,"city_id":10367,"country_iso":"CHN"},{"h3index":"8724c9ac5ffffff","population_2015":23.6869363635,"total_built_mass_tons":26351.3002423349,"city_id":10367,"country_iso":"CHN"},{"h3index":"8724c9ac6ffffff","population_2015":523.0530924517,"total_built_mass_tons":135021.6758892355,"city_id":10367,"country_iso":"CHN"},{"h3index":"8724c9af0ffffff","population_2015":11721.080334999,"total_built_mass_tons":1528354.1067794273,"city_id":10367,"country_iso":"CHN"},{"h3index":"8724c9af1ffffff","population_2015":2074.3504179618,"total_built_mass_tons":640788.6437313098,"city_id":10367,"country_iso":"CHN"},{"h3index":"8724c9af2ffffff","population_2015":1167.1458749042,"total_built_mass_tons":278815.0257237381,"city_id":10367,"country_iso":"CHN"},{"h3index":"8724c9af3ffffff","population_2015":1112.3741299162,"total_built_mass_tons":284071.8655767256,"city_id":10367,"country_iso":"CHN"},{"h3index":"8724c9af4ffffff","population_2015":5.4359135899,"total_built_mass_tons":17815.04468305,"city_id":10367,"country_iso":"CHN"},{"h3index":"8724c9af5ffffff","population_2015":5.5077867732,"total_built_mass_tons":11296.6307734624,"city_id":10367,"country_iso":"CHN"},{"h3index":"8724c9af6ffffff","population_2015":18296.9045215364,"total_built_mass_tons":3406089.486647279,"city_id":10367,"country_iso":"CHN"}]