[{"h3index":"8731a3c20ffffff","population_2015":221.8026753444,"total_built_mass_tons":293392.9407798782,"city_id":10425,"country_iso":"CHN"},{"h3index":"8731a3c22ffffff","population_2015":146.0183301589,"total_built_mass_tons":154449.5105548607,"city_id":10425,"country_iso":"CHN"},{"h3index":"8731a3c24ffffff","population_2015":283.0090427548,"total_built_mass_tons":284185.1001983855,"city_id":10425,"country_iso":"CHN"},{"h3index":"8731a3c26ffffff","population_2015":6165.6810400121,"total_built_mass_tons":2151428.5671349354,"city_id":10425,"country_iso":"CHN"},{"h3index":"8731a3c35ffffff","population_2015":597.5904482299,"total_built_mass_tons":226851.7408813091,"city_id":10425,"country_iso":"CHN"},{"h3index":"8731a3d0affffff","population_2015":51.1550722122,"total_built_mass_tons":81275.1300704559,"city_id":10425,"country_iso":"CHN"},{"h3index":"8731a3d18ffffff","population_2015":184.7383560199,"total_built_mass_tons":250406.9970083633,"city_id":10425,"country_iso":"CHN"},{"h3index":"8731a3d19ffffff","population_2015":3031.0803739099,"total_built_mass_tons":1061633.143074533,"city_id":10425,"country_iso":"CHN"},{"h3index":"8731a3d1bffffff","population_2015":926.3689843795,"total_built_mass_tons":308516.2339988395,"city_id":10425,"country_iso":"CHN"},{"h3index":"8731a3d1dffffff","population_2015":10.929176929,"total_built_mass_tons":11119.2068008759,"city_id":10425,"country_iso":"CHN"}]