[{"h3index": "8758e2db0ffffff", "population_2015": 2.9951711991254024, "total_built_mass_tons": 885.7382773197168, "city_id": 2765, "country_iso": "NGA"}, {"h3index": "8758e2db2ffffff", "population_2015": 97.39255927590764, "total_built_mass_tons": 18533.627891023607, "city_id": 2765, "country_iso": "NGA"}, {"h3index": "8758e2db4ffffff", "population_2015": 2948.0428890826656, "total_built_mass_tons": 359416.3147039474, "city_id": 2765, "country_iso": "NGA"}, {"h3index": "8758e2db6ffffff", "population_2015": 654.7217542461322, "total_built_mass_tons": 146785.92454868864, "city_id": 2765, "country_iso": "NGA"}, {"h3index": "8758e6690ffffff", "population_2015": 142.45304843678196, "total_built_mass_tons": 52851.3679610875, "city_id": 2765, "country_iso": "NGA"}, {"h3index": "8758e6692ffffff", "population_2015": 13244.150869249832, "total_built_mass_tons": 3258735.7210198175, "city_id": 2765, "country_iso": "NGA"}, {"h3index": "8758e6693ffffff", "population_2015": 1687.0792105057658, "total_built_mass_tons": 518872.3997118704, "city_id": 2765, "country_iso": "NGA"}, {"h3index": "8758e6696ffffff", "population_2015": 1446.2068749483897, "total_built_mass_tons": 396782.5747289532, "city_id": 2765, "country_iso": "NGA"}, {"h3index": "8758f5a40ffffff", "population_2015": 6441.022639966478, "total_built_mass_tons": 1540206.2194129953, "city_id": 2765, "country_iso": "NGA"}, {"h3index": "8758f5a41ffffff", "population_2015": 7071.899930737065, "total_built_mass_tons": 1759779.9233981194, "city_id": 2765, "country_iso": "NGA"}, {"h3index": "8758f5a42ffffff", "population_2015": 8911.588384362758, "total_built_mass_tons": 2351681.45694746, "city_id": 2765, "country_iso": "NGA"}, {"h3index": "8758f5a43ffffff", "population_2015": 3536.3881285947914, "total_built_mass_tons": 1075580.751337642, "city_id": 2765, "country_iso": "NGA"}, {"h3index": "8758f5a44ffffff", "population_2015": 1524.3631213281672, "total_built_mass_tons": 425533.13883324474, "city_id": 2765, "country_iso": "NGA"}, {"h3index": "8758f5a45ffffff", "population_2015": 7967.721915794821, "total_built_mass_tons": 2118288.783757565, "city_id": 2765, "country_iso": "NGA"}, {"h3index": "8758f5a46ffffff", "population_2015": 2689.987919078154, "total_built_mass_tons": 765573.1929975739, "city_id": 2765, "country_iso": "NGA"}, {"h3index": "8758f5a4affffff", "population_2015": 2514.5593570634433, "total_built_mass_tons": 411565.2643955293, "city_id": 2765, "country_iso": "NGA"}, {"h3index": "8758f5a4cffffff", "population_2015": 1771.134699944889, "total_built_mass_tons": 418255.8051743265, "city_id": 2765, "country_iso": "NGA"}, {"h3index": "8758f5a4effffff", "population_2015": 2965.0814130147296, "total_built_mass_tons": 447426.2167619298, "city_id": 2765, "country_iso": "NGA"}, {"h3index": "8758f5a51ffffff", "population_2015": 694.2939689860623, "total_built_mass_tons": 336612.574699781, "city_id": 2765, "country_iso": "NGA"}, {"h3index": "8758f5a55ffffff", "population_2015": 1600.1468692181154, "total_built_mass_tons": 745499.157338082, "city_id": 2765, "country_iso": "NGA"}, {"h3index": "8758f5a58ffffff", "population_2015": 622.0867887646543, "total_built_mass_tons": 134141.41320293472, "city_id": 2765, "country_iso": "NGA"}, {"h3index": "8758f5a59ffffff", "population_2015": 125.59657627928492, "total_built_mass_tons": 75871.51837449145, "city_id": 2765, "country_iso": "NGA"}, {"h3index": "8758f5a5affffff", "population_2015": 6754.057779312134, "total_built_mass_tons": 1001023.8455470792, "city_id": 2765, "country_iso": "NGA"}, {"h3index": "8758f5a5bffffff", "population_2015": 2.116562069163603, "total_built_mass_tons": 6414.569434492835, "city_id": 2765, "country_iso": "NGA"}, {"h3index": "8758f5a5cffffff", "population_2015": 5295.37620492449, "total_built_mass_tons": 961181.9987529234, "city_id": 2765, "country_iso": "NGA"}, {"h3index": "8758f5a5dffffff", "population_2015": 5156.8998534632665, "total_built_mass_tons": 1174210.6587180237, "city_id": 2765, "country_iso": "NGA"}, {"h3index": "8758f5a5effffff", "population_2015": 3023.6254035575716, "total_built_mass_tons": 945075.36553966, "city_id": 2765, "country_iso": "NGA"}, {"h3index": "8758f5a60ffffff", "population_2015": 4613.357391140507, "total_built_mass_tons": 1301636.0152278394, "city_id": 2765, "country_iso": "NGA"}, {"h3index": "8758f5a61ffffff", "population_2015": 14374.9980089599, "total_built_mass_tons": 3226959.199397496, "city_id": 2765, "country_iso": "NGA"}, {"h3index": "8758f5a62ffffff", "population_2015": 329.9031928268133, "total_built_mass_tons": 112504.68363003944, "city_id": 2765, "country_iso": "NGA"}, {"h3index": "8758f5a63ffffff", "population_2015": 3294.0290956646772, "total_built_mass_tons": 1199600.6196479814, "city_id": 2765, "country_iso": "NGA"}, {"h3index": "8758f5a64ffffff", "population_2015": 13.45122241973877, "total_built_mass_tons": 1899.8176688081217, "city_id": 2765, "country_iso": "NGA"}, {"h3index": "8758f5a65ffffff", "population_2015": 6118.02941231821, "total_built_mass_tons": 1160265.1467437632, "city_id": 2765, "country_iso": "NGA"}, {"h3index": "8758f5a66ffffff", "population_2015": 420.76981643975944, "total_built_mass_tons": 78928.90825656807, "city_id": 2765, "country_iso": "NGA"}, {"h3index": "8758f5a68ffffff", "population_2015": 13412.510129240442, "total_built_mass_tons": 3627878.617384224, "city_id": 2765, "country_iso": "NGA"}, {"h3index": "8758f5a69ffffff", "population_2015": 386.32706741632205, "total_built_mass_tons": 313722.42692431604, "city_id": 2765, "country_iso": "NGA"}, {"h3index": "8758f5a6affffff", "population_2015": 4631.55583148283, "total_built_mass_tons": 1137534.0855375468, "city_id": 2765, "country_iso": "NGA"}, {"h3index": "8758f5a6bffffff", "population_2015": 597.0372402789548, "total_built_mass_tons": 261637.6604422565, "city_id": 2765, "country_iso": "NGA"}, {"h3index": "8758f5a6cffffff", "population_2015": 17953.735454776233, "total_built_mass_tons": 3530689.545736581, "city_id": 2765, "country_iso": "NGA"}, {"h3index": "8758f5a6dffffff", "population_2015": 6704.903075001286, "total_built_mass_tons": 1843738.5577223296, "city_id": 2765, "country_iso": "NGA"}, {"h3index": "8758f5a6effffff", "population_2015": 11058.549298200418, "total_built_mass_tons": 2284522.853457576, "city_id": 2765, "country_iso": "NGA"}, {"h3index": "8758f5ac1ffffff", "population_2015": 383.9803521848192, "total_built_mass_tons": 110270.11880502684, "city_id": 2765, "country_iso": "NGA"}, {"h3index": "8758f5ac3ffffff", "population_2015": 56.96069087234198, "total_built_mass_tons": 15109.587785070638, "city_id": 2765, "country_iso": "NGA"}, {"h3index": "8758f5accffffff", "population_2015": 944.6637726428462, "total_built_mass_tons": 228690.26655901477, "city_id": 2765, "country_iso": "NGA"}, {"h3index": "8758f5acdffffff", "population_2015": 295.7819024628284, "total_built_mass_tons": 35785.41811177376, "city_id": 2765, "country_iso": "NGA"}, {"h3index": "8758f5aceffffff", "population_2015": 147.86251667247095, "total_built_mass_tons": 73044.8437161775, "city_id": 2765, "country_iso": "NGA"}, {"h3index": "8758f5ae8ffffff", "population_2015": 85.49300521401798, "total_built_mass_tons": 35490.031994966, "city_id": 2765, "country_iso": "NGA"}, {"h3index": "8758f5ae9ffffff", "population_2015": 9661.810060216869, "total_built_mass_tons": 1587966.0244237138, "city_id": 2765, "country_iso": "NGA"}, {"h3index": "8758f5aebffffff", "population_2015": 2831.313441130694, "total_built_mass_tons": 414453.5350076958, "city_id": 2765, "country_iso": "NGA"}, {"h3index": "8758f5aedffffff", "population_2015": 1907.18026936101, "total_built_mass_tons": 514861.0649316585, "city_id": 2765, "country_iso": "NGA"}]