[{"h3index":"87404005affffff","population_2015":22.5658534536,"total_built_mass_tons":10869.7099399417,"city_id":10294,"country_iso":"CHN"},{"h3index":"87404005bffffff","population_2015":49.2230906412,"total_built_mass_tons":27294.9288488679,"city_id":10294,"country_iso":"CHN"},{"h3index":"8740400c9ffffff","population_2015":2816.0938431403,"total_built_mass_tons":660759.0357099616,"city_id":10294,"country_iso":"CHN"},{"h3index":"8740400ccffffff","population_2015":40.0855962389,"total_built_mass_tons":34139.7677025828,"city_id":10294,"country_iso":"CHN"},{"h3index":"8740400cdffffff","population_2015":3004.5561708778,"total_built_mass_tons":1254025.8146986507,"city_id":10294,"country_iso":"CHN"},{"h3index":"8740400e9ffffff","population_2015":1813.0646359032,"total_built_mass_tons":417905.8109166601,"city_id":10294,"country_iso":"CHN"},{"h3index":"8740400ebffffff","population_2015":1257.3755871156,"total_built_mass_tons":502320.1540570203,"city_id":10294,"country_iso":"CHN"},{"h3index":"8740403b0ffffff","population_2015":2317.3443020839,"total_built_mass_tons":398741.9023948567,"city_id":10294,"country_iso":"CHN"},{"h3index":"8740403b2ffffff","population_2015":5070.1913602249,"total_built_mass_tons":1591183.392808924,"city_id":10294,"country_iso":"CHN"},{"h3index":"8740403b4ffffff","population_2015":8592.349624329,"total_built_mass_tons":1885097.5490596015,"city_id":10294,"country_iso":"CHN"},{"h3index":"8740403b5ffffff","population_2015":30.4384140791,"total_built_mass_tons":25441.9153922288,"city_id":10294,"country_iso":"CHN"},{"h3index":"8740403b6ffffff","population_2015":21964.2547238799,"total_built_mass_tons":6343868.876827741,"city_id":10294,"country_iso":"CHN"}]