[{"h3index":"876505002ffffff","population_2015":2054.8757423476,"total_built_mass_tons":1035553.8236897134,"city_id":11139,"country_iso":"MYS"},{"h3index":"876505003ffffff","population_2015":611.2289016855,"total_built_mass_tons":261441.359873632,"city_id":11139,"country_iso":"MYS"},{"h3index":"876505006ffffff","population_2015":4484.8073224834,"total_built_mass_tons":2423758.4418737697,"city_id":11139,"country_iso":"MYS"},{"h3index":"876505010ffffff","population_2015":7790.1170345942,"total_built_mass_tons":2770037.4950033147,"city_id":11139,"country_iso":"MYS"},{"h3index":"876505011ffffff","population_2015":1665.9289225326,"total_built_mass_tons":813465.793149292,"city_id":11139,"country_iso":"MYS"},{"h3index":"876505012ffffff","population_2015":23240.3478649289,"total_built_mass_tons":3652113.7013779273,"city_id":11139,"country_iso":"MYS"},{"h3index":"876505013ffffff","population_2015":6717.0149826873,"total_built_mass_tons":2003021.5610557359,"city_id":11139,"country_iso":"MYS"},{"h3index":"876505014ffffff","population_2015":9949.9624668271,"total_built_mass_tons":2734608.4396835584,"city_id":11139,"country_iso":"MYS"},{"h3index":"876505015ffffff","population_2015":3147.7472262102,"total_built_mass_tons":1634766.6436094623,"city_id":11139,"country_iso":"MYS"},{"h3index":"876505016ffffff","population_2015":3670.7475172791,"total_built_mass_tons":1201862.2749018825,"city_id":11139,"country_iso":"MYS"},{"h3index":"876505018ffffff","population_2015":4213.6163429784,"total_built_mass_tons":2260138.2000534059,"city_id":11139,"country_iso":"MYS"},{"h3index":"876505019ffffff","population_2015":112.5787890546,"total_built_mass_tons":113964.6813277649,"city_id":11139,"country_iso":"MYS"},{"h3index":"87650501affffff","population_2015":18099.9398707764,"total_built_mass_tons":2868579.6286499663,"city_id":11139,"country_iso":"MYS"},{"h3index":"87650501bffffff","population_2015":9145.4900838889,"total_built_mass_tons":1991992.503856963,"city_id":11139,"country_iso":"MYS"},{"h3index":"87650501cffffff","population_2015":5843.063256965,"total_built_mass_tons":2771139.8592426572,"city_id":11139,"country_iso":"MYS"},{"h3index":"87650501dffffff","population_2015":402.4594848091,"total_built_mass_tons":170235.2871338979,"city_id":11139,"country_iso":"MYS"},{"h3index":"87650501effffff","population_2015":7749.7348908555,"total_built_mass_tons":2848198.3881327361,"city_id":11139,"country_iso":"MYS"},{"h3index":"876505030ffffff","population_2015":2739.9079383364,"total_built_mass_tons":997733.7417351489,"city_id":11139,"country_iso":"MYS"},{"h3index":"876505031ffffff","population_2015":1387.9995653844,"total_built_mass_tons":465615.2515638827,"city_id":11139,"country_iso":"MYS"},{"h3index":"876505032ffffff","population_2015":8262.7913038478,"total_built_mass_tons":2990502.6080908072,"city_id":11139,"country_iso":"MYS"},{"h3index":"876505033ffffff","population_2015":8839.2673617905,"total_built_mass_tons":2607939.7120568198,"city_id":11139,"country_iso":"MYS"},{"h3index":"876505036ffffff","population_2015":1670.8219394796,"total_built_mass_tons":673056.7687144191,"city_id":11139,"country_iso":"MYS"},{"h3index":"876505080ffffff","population_2015":37173.4742341883,"total_built_mass_tons":4837296.4534860766,"city_id":11139,"country_iso":"MYS"},{"h3index":"876505081ffffff","population_2015":35369.5961247164,"total_built_mass_tons":4676818.6994029507,"city_id":11139,"country_iso":"MYS"},{"h3index":"876505082ffffff","population_2015":29729.0027100133,"total_built_mass_tons":4140456.6154462909,"city_id":11139,"country_iso":"MYS"},{"h3index":"876505083ffffff","population_2015":27324.3897924386,"total_built_mass_tons":4302409.5930992449,"city_id":11139,"country_iso":"MYS"},{"h3index":"876505084ffffff","population_2015":24125.2302738863,"total_built_mass_tons":2945543.1625844766,"city_id":11139,"country_iso":"MYS"},{"h3index":"876505085ffffff","population_2015":25149.8367194007,"total_built_mass_tons":3031226.743747402,"city_id":11139,"country_iso":"MYS"},{"h3index":"876505086ffffff","population_2015":44765.0524954104,"total_built_mass_tons":5267675.0604861099,"city_id":11139,"country_iso":"MYS"},{"h3index":"876505088ffffff","population_2015":23877.7557971319,"total_built_mass_tons":4994928.4610312656,"city_id":11139,"country_iso":"MYS"},{"h3index":"876505089ffffff","population_2015":30006.2021561043,"total_built_mass_tons":5327817.4292806098,"city_id":11139,"country_iso":"MYS"},{"h3index":"87650508affffff","population_2015":31774.3072167041,"total_built_mass_tons":5486963.2871617582,"city_id":11139,"country_iso":"MYS"},{"h3index":"87650508bffffff","population_2015":17397.6835862777,"total_built_mass_tons":3080620.3282095711,"city_id":11139,"country_iso":"MYS"},{"h3index":"87650508cffffff","population_2015":32183.6398622027,"total_built_mass_tons":3905099.6620928911,"city_id":11139,"country_iso":"MYS"},{"h3index":"87650508dffffff","population_2015":27751.0789573071,"total_built_mass_tons":6038064.0264858529,"city_id":11139,"country_iso":"MYS"},{"h3index":"87650508effffff","population_2015":34079.0689726212,"total_built_mass_tons":4584251.8932657298,"city_id":11139,"country_iso":"MYS"},{"h3index":"876505090ffffff","population_2015":21560.8981428819,"total_built_mass_tons":2882806.8167325538,"city_id":11139,"country_iso":"MYS"},{"h3index":"876505091ffffff","population_2015":27178.0496182573,"total_built_mass_tons":4943490.621322792,"city_id":11139,"country_iso":"MYS"},{"h3index":"876505092ffffff","population_2015":34618.8803229163,"total_built_mass_tons":6590267.8554719537,"city_id":11139,"country_iso":"MYS"},{"h3index":"876505093ffffff","population_2015":19864.3230657316,"total_built_mass_tons":3687505.7971035931,"city_id":11139,"country_iso":"MYS"},{"h3index":"876505094ffffff","population_2015":31224.5511151332,"total_built_mass_tons":3691128.7865471314,"city_id":11139,"country_iso":"MYS"},{"h3index":"876505095ffffff","population_2015":28810.0309183457,"total_built_mass_tons":3571501.5591247315,"city_id":11139,"country_iso":"MYS"},{"h3index":"876505096ffffff","population_2015":39893.6084197849,"total_built_mass_tons":4131279.7480191719,"city_id":11139,"country_iso":"MYS"},{"h3index":"876505098ffffff","population_2015":20293.4570065592,"total_built_mass_tons":3251042.2768544555,"city_id":11139,"country_iso":"MYS"},{"h3index":"876505099ffffff","population_2015":38119.6104046541,"total_built_mass_tons":5284217.1408644784,"city_id":11139,"country_iso":"MYS"},{"h3index":"87650509affffff","population_2015":24197.9903366351,"total_built_mass_tons":2853864.3133924082,"city_id":11139,"country_iso":"MYS"},{"h3index":"87650509bffffff","population_2015":33685.7730724933,"total_built_mass_tons":5574251.0722367633,"city_id":11139,"country_iso":"MYS"},{"h3index":"87650509cffffff","population_2015":24796.8254221149,"total_built_mass_tons":4521347.1750782672,"city_id":11139,"country_iso":"MYS"},{"h3index":"87650509dffffff","population_2015":25890.0737140282,"total_built_mass_tons":4973458.8644034844,"city_id":11139,"country_iso":"MYS"},{"h3index":"87650509effffff","population_2015":32210.89990559,"total_built_mass_tons":4673872.4069223572,"city_id":11139,"country_iso":"MYS"},{"h3index":"8765050a0ffffff","population_2015":24258.1276047277,"total_built_mass_tons":2973545.2020700611,"city_id":11139,"country_iso":"MYS"},{"h3index":"8765050a1ffffff","population_2015":27531.6462440266,"total_built_mass_tons":3119027.1738673938,"city_id":11139,"country_iso":"MYS"},{"h3index":"8765050a2ffffff","population_2015":39190.5870764564,"total_built_mass_tons":3826342.9927792111,"city_id":11139,"country_iso":"MYS"},{"h3index":"8765050a3ffffff","population_2015":22518.4880363913,"total_built_mass_tons":2714838.5949713164,"city_id":11139,"country_iso":"MYS"},{"h3index":"8765050a4ffffff","population_2015":15792.1154453782,"total_built_mass_tons":1527021.9200372761,"city_id":11139,"country_iso":"MYS"},{"h3index":"8765050a5ffffff","population_2015":10372.7815052238,"total_built_mass_tons":1555145.3458430187,"city_id":11139,"country_iso":"MYS"},{"h3index":"8765050a6ffffff","population_2015":33536.472229535,"total_built_mass_tons":3629746.5460280655,"city_id":11139,"country_iso":"MYS"},{"h3index":"8765050a8ffffff","population_2015":16817.6564592025,"total_built_mass_tons":2356726.0988387652,"city_id":11139,"country_iso":"MYS"},{"h3index":"8765050a9ffffff","population_2015":35295.3999723846,"total_built_mass_tons":4588054.5608343072,"city_id":11139,"country_iso":"MYS"},{"h3index":"8765050aaffffff","population_2015":32068.6402413163,"total_built_mass_tons":4047390.9769516708,"city_id":11139,"country_iso":"MYS"},{"h3index":"8765050abffffff","population_2015":29803.6797480191,"total_built_mass_tons":4243381.0207442073,"city_id":11139,"country_iso":"MYS"},{"h3index":"8765050acffffff","population_2015":13270.6272175733,"total_built_mass_tons":1853952.3067898729,"city_id":11139,"country_iso":"MYS"},{"h3index":"8765050adffffff","population_2015":30082.852623315,"total_built_mass_tons":4577089.1793721542,"city_id":11139,"country_iso":"MYS"},{"h3index":"8765050aeffffff","population_2015":1044.5435549269,"total_built_mass_tons":254692.9593565909,"city_id":11139,"country_iso":"MYS"},{"h3index":"8765050b0ffffff","population_2015":14990.7782329933,"total_built_mass_tons":1571502.4697287299,"city_id":11139,"country_iso":"MYS"},{"h3index":"8765050b1ffffff","population_2015":31196.2297463959,"total_built_mass_tons":3092007.5544964815,"city_id":11139,"country_iso":"MYS"},{"h3index":"8765050b2ffffff","population_2015":45259.8812104692,"total_built_mass_tons":4022662.3426085105,"city_id":11139,"country_iso":"MYS"},{"h3index":"8765050b3ffffff","population_2015":41559.6661986407,"total_built_mass_tons":4957268.6764714355,"city_id":11139,"country_iso":"MYS"},{"h3index":"8765050b4ffffff","population_2015":29582.1065242094,"total_built_mass_tons":3054495.1482689758,"city_id":11139,"country_iso":"MYS"},{"h3index":"8765050b5ffffff","population_2015":10130.1012029423,"total_built_mass_tons":1228565.5347322964,"city_id":11139,"country_iso":"MYS"},{"h3index":"8765050b6ffffff","population_2015":41857.6487862381,"total_built_mass_tons":4028206.6414701929,"city_id":11139,"country_iso":"MYS"},{"h3index":"8765050c0ffffff","population_2015":4807.7716414358,"total_built_mass_tons":1291802.5380224192,"city_id":11139,"country_iso":"MYS"},{"h3index":"8765050c1ffffff","population_2015":12915.9090252147,"total_built_mass_tons":3014400.1107783131,"city_id":11139,"country_iso":"MYS"},{"h3index":"8765050c2ffffff","population_2015":21337.7701854781,"total_built_mass_tons":4208624.6137010511,"city_id":11139,"country_iso":"MYS"},{"h3index":"8765050c3ffffff","population_2015":6375.9170111413,"total_built_mass_tons":1727859.6718899717,"city_id":11139,"country_iso":"MYS"},{"h3index":"8765050c4ffffff","population_2015":17798.8412294276,"total_built_mass_tons":4190605.7207288919,"city_id":11139,"country_iso":"MYS"},{"h3index":"8765050c5ffffff","population_2015":14415.8094408783,"total_built_mass_tons":2961683.1918147821,"city_id":11139,"country_iso":"MYS"},{"h3index":"8765050c6ffffff","population_2015":17036.195461535,"total_built_mass_tons":3312430.8797835396,"city_id":11139,"country_iso":"MYS"},{"h3index":"8765050c8ffffff","population_2015":16263.5717916863,"total_built_mass_tons":3649625.475483954,"city_id":11139,"country_iso":"MYS"},{"h3index":"8765050c9ffffff","population_2015":18788.7078365999,"total_built_mass_tons":3455011.7933807923,"city_id":11139,"country_iso":"MYS"},{"h3index":"8765050caffffff","population_2015":13802.6971644233,"total_built_mass_tons":4689029.8722371217,"city_id":11139,"country_iso":"MYS"},{"h3index":"8765050cbffffff","population_2015":12916.2048876781,"total_built_mass_tons":2537062.8847545492,"city_id":11139,"country_iso":"MYS"},{"h3index":"8765050ccffffff","population_2015":19153.682998014,"total_built_mass_tons":3808569.5297204433,"city_id":11139,"country_iso":"MYS"},{"h3index":"8765050cdffffff","population_2015":22997.0910271888,"total_built_mass_tons":4849058.0992161976,"city_id":11139,"country_iso":"MYS"},{"h3index":"8765050ceffffff","population_2015":10104.4408001881,"total_built_mass_tons":2050986.6677581391,"city_id":11139,"country_iso":"MYS"},{"h3index":"8765050d0ffffff","population_2015":22626.9855666815,"total_built_mass_tons":3730987.8724082038,"city_id":11139,"country_iso":"MYS"},{"h3index":"8765050d1ffffff","population_2015":20304.8226557862,"total_built_mass_tons":3888596.5566176898,"city_id":11139,"country_iso":"MYS"},{"h3index":"8765050d2ffffff","population_2015":18337.8325470981,"total_built_mass_tons":3753929.607731442,"city_id":11139,"country_iso":"MYS"},{"h3index":"8765050d3ffffff","population_2015":12144.0299494986,"total_built_mass_tons":2457474.280185347,"city_id":11139,"country_iso":"MYS"},{"h3index":"8765050d4ffffff","population_2015":22053.4377202726,"total_built_mass_tons":3655529.5696158209,"city_id":11139,"country_iso":"MYS"},{"h3index":"8765050d5ffffff","population_2015":25465.0785735186,"total_built_mass_tons":5598152.3767959354,"city_id":11139,"country_iso":"MYS"},{"h3index":"8765050d6ffffff","population_2015":18921.2630347084,"total_built_mass_tons":3267966.3176591862,"city_id":11139,"country_iso":"MYS"},{"h3index":"8765050d8ffffff","population_2015":5426.7876673007,"total_built_mass_tons":1393649.9306746777,"city_id":11139,"country_iso":"MYS"},{"h3index":"8765050d9ffffff","population_2015":4985.2755076539,"total_built_mass_tons":1568351.1487886892,"city_id":11139,"country_iso":"MYS"},{"h3index":"8765050dcffffff","population_2015":21489.2378293655,"total_built_mass_tons":4252297.2902391609,"city_id":11139,"country_iso":"MYS"},{"h3index":"8765050ddffffff","population_2015":16613.5423461802,"total_built_mass_tons":4265334.9686961761,"city_id":11139,"country_iso":"MYS"},{"h3index":"8765050deffffff","population_2015":12407.0415878034,"total_built_mass_tons":2771038.8526656842,"city_id":11139,"country_iso":"MYS"},{"h3index":"8765050e0ffffff","population_2015":8412.3525995778,"total_built_mass_tons":1716948.9502940937,"city_id":11139,"country_iso":"MYS"},{"h3index":"8765050e1ffffff","population_2015":3167.7598494623,"total_built_mass_tons":779729.031452082,"city_id":11139,"country_iso":"MYS"},{"h3index":"8765050e2ffffff","population_2015":18719.1019775129,"total_built_mass_tons":4097503.7644237378,"city_id":11139,"country_iso":"MYS"},{"h3index":"8765050e3ffffff","population_2015":13368.929518464,"total_built_mass_tons":3451780.353558722,"city_id":11139,"country_iso":"MYS"},{"h3index":"8765050e4ffffff","population_2015":704.1612415463,"total_built_mass_tons":250615.0969921554,"city_id":11139,"country_iso":"MYS"},{"h3index":"8765050e5ffffff","population_2015":95.1905448353,"total_built_mass_tons":24430.067616595,"city_id":11139,"country_iso":"MYS"},{"h3index":"8765050e6ffffff","population_2015":6256.6829358905,"total_built_mass_tons":1313931.5149346471,"city_id":11139,"country_iso":"MYS"},{"h3index":"8765050e8ffffff","population_2015":5013.4616207908,"total_built_mass_tons":808473.8545500741,"city_id":11139,"country_iso":"MYS"},{"h3index":"8765050e9ffffff","population_2015":4194.8213466532,"total_built_mass_tons":1009470.5593434344,"city_id":11139,"country_iso":"MYS"},{"h3index":"8765050eaffffff","population_2015":15375.9012852762,"total_built_mass_tons":2946847.9564364585,"city_id":11139,"country_iso":"MYS"},{"h3index":"8765050ebffffff","population_2015":18054.388716937,"total_built_mass_tons":3779569.9100973858,"city_id":11139,"country_iso":"MYS"},{"h3index":"8765050eeffffff","population_2015":3301.0124075572,"total_built_mass_tons":704103.0716627998,"city_id":11139,"country_iso":"MYS"},{"h3index":"8765050f0ffffff","population_2015":27222.0996968737,"total_built_mass_tons":4555730.6925852913,"city_id":11139,"country_iso":"MYS"},{"h3index":"8765050f1ffffff","population_2015":17809.3505893296,"total_built_mass_tons":3612390.956126282,"city_id":11139,"country_iso":"MYS"},{"h3index":"8765050f2ffffff","population_2015":28184.3885327433,"total_built_mass_tons":4862975.7480015764,"city_id":11139,"country_iso":"MYS"},{"h3index":"8765050f3ffffff","population_2015":23434.9490225848,"total_built_mass_tons":4981350.0166673129,"city_id":11139,"country_iso":"MYS"},{"h3index":"8765050f4ffffff","population_2015":19429.5101299435,"total_built_mass_tons":2744402.0052925125,"city_id":11139,"country_iso":"MYS"},{"h3index":"8765050f5ffffff","population_2015":20163.7469162922,"total_built_mass_tons":3568511.3632363533,"city_id":11139,"country_iso":"MYS"},{"h3index":"8765050f6ffffff","population_2015":27493.8425030577,"total_built_mass_tons":5592828.7537002303,"city_id":11139,"country_iso":"MYS"},{"h3index":"876505180ffffff","population_2015":15715.4172546985,"total_built_mass_tons":2766066.3306348124,"city_id":11139,"country_iso":"MYS"},{"h3index":"876505181ffffff","population_2015":16012.2983631396,"total_built_mass_tons":2902416.0700426586,"city_id":11139,"country_iso":"MYS"},{"h3index":"876505182ffffff","population_2015":25818.1207540325,"total_built_mass_tons":3640769.7123406655,"city_id":11139,"country_iso":"MYS"},{"h3index":"876505183ffffff","population_2015":13863.6444526298,"total_built_mass_tons":2558874.5979799312,"city_id":11139,"country_iso":"MYS"},{"h3index":"876505184ffffff","population_2015":4281.0762430004,"total_built_mass_tons":1111893.8556667769,"city_id":11139,"country_iso":"MYS"},{"h3index":"876505185ffffff","population_2015":9624.3796918233,"total_built_mass_tons":1789704.4260441251,"city_id":11139,"country_iso":"MYS"},{"h3index":"876505186ffffff","population_2015":5393.7694714154,"total_built_mass_tons":1460075.3061417004,"city_id":11139,"country_iso":"MYS"},{"h3index":"876505188ffffff","population_2015":4926.2424589008,"total_built_mass_tons":1413372.2229104899,"city_id":11139,"country_iso":"MYS"},{"h3index":"876505189ffffff","population_2015":1025.2324225744,"total_built_mass_tons":277497.5117443129,"city_id":11139,"country_iso":"MYS"},{"h3index":"87650518affffff","population_2015":3899.7382536383,"total_built_mass_tons":1082444.9148525083,"city_id":11139,"country_iso":"MYS"},{"h3index":"87650518bffffff","population_2015":244.7323067011,"total_built_mass_tons":32456.1131420094,"city_id":11139,"country_iso":"MYS"},{"h3index":"87650518cffffff","population_2015":1805.8222699044,"total_built_mass_tons":470956.8364057176,"city_id":11139,"country_iso":"MYS"},{"h3index":"87650518dffffff","population_2015":6333.2058852439,"total_built_mass_tons":2204371.5993685317,"city_id":11139,"country_iso":"MYS"},{"h3index":"87650518effffff","population_2015":12382.0479262932,"total_built_mass_tons":2627101.4754105592,"city_id":11139,"country_iso":"MYS"},{"h3index":"876505190ffffff","population_2015":8741.6894257938,"total_built_mass_tons":1425580.2012161133,"city_id":11139,"country_iso":"MYS"},{"h3index":"876505191ffffff","population_2015":24605.5516350017,"total_built_mass_tons":3055920.9242469585,"city_id":11139,"country_iso":"MYS"},{"h3index":"876505192ffffff","population_2015":5.1885200472,"total_built_mass_tons":3552.1994080998,"city_id":11139,"country_iso":"MYS"},{"h3index":"876505193ffffff","population_2015":12120.3773717544,"total_built_mass_tons":2169867.4932091841,"city_id":11139,"country_iso":"MYS"},{"h3index":"876505194ffffff","population_2015":1822.3607371648,"total_built_mass_tons":624134.5861900034,"city_id":11139,"country_iso":"MYS"},{"h3index":"876505195ffffff","population_2015":21110.0164638818,"total_built_mass_tons":3494120.4207736878,"city_id":11139,"country_iso":"MYS"},{"h3index":"876505198ffffff","population_2015":17699.0909444398,"total_built_mass_tons":3086196.1400914947,"city_id":11139,"country_iso":"MYS"},{"h3index":"876505199ffffff","population_2015":13677.7654121848,"total_built_mass_tons":2745898.94726968,"city_id":11139,"country_iso":"MYS"},{"h3index":"87650519affffff","population_2015":29033.0675939298,"total_built_mass_tons":3414326.2044675248,"city_id":11139,"country_iso":"MYS"},{"h3index":"87650519bffffff","population_2015":30883.5172333886,"total_built_mass_tons":5073287.211775545,"city_id":11139,"country_iso":"MYS"},{"h3index":"87650519cffffff","population_2015":23855.706295178,"total_built_mass_tons":2952253.1473278026,"city_id":11139,"country_iso":"MYS"},{"h3index":"87650519dffffff","population_2015":14987.4832754808,"total_built_mass_tons":2129830.8807100635,"city_id":11139,"country_iso":"MYS"},{"h3index":"87650519effffff","population_2015":15122.9904270023,"total_built_mass_tons":2022731.7765677343,"city_id":11139,"country_iso":"MYS"},{"h3index":"8765051a3ffffff","population_2015":8.8917592142,"total_built_mass_tons":3504.3882987015,"city_id":11139,"country_iso":"MYS"},{"h3index":"8765051aaffffff","population_2015":3528.6457340951,"total_built_mass_tons":648806.7384644896,"city_id":11139,"country_iso":"MYS"},{"h3index":"8765051b0ffffff","population_2015":8716.851490204,"total_built_mass_tons":2051519.5949971275,"city_id":11139,"country_iso":"MYS"},{"h3index":"8765051b1ffffff","population_2015":3148.3291465404,"total_built_mass_tons":1148459.5760465492,"city_id":11139,"country_iso":"MYS"},{"h3index":"8765051b2ffffff","population_2015":1932.1752117213,"total_built_mass_tons":563821.6033774898,"city_id":11139,"country_iso":"MYS"},{"h3index":"8765051b3ffffff","population_2015":10214.0118773554,"total_built_mass_tons":2253716.4621361918,"city_id":11139,"country_iso":"MYS"},{"h3index":"8765051b4ffffff","population_2015":6647.3743248135,"total_built_mass_tons":1599046.9963911159,"city_id":11139,"country_iso":"MYS"},{"h3index":"8765051b5ffffff","population_2015":1827.9627106386,"total_built_mass_tons":688176.8634088124,"city_id":11139,"country_iso":"MYS"},{"h3index":"876505382ffffff","population_2015":1322.29095407,"total_built_mass_tons":342865.6696464862,"city_id":11139,"country_iso":"MYS"},{"h3index":"876505386ffffff","population_2015":393.1905177434,"total_built_mass_tons":165689.0866923926,"city_id":11139,"country_iso":"MYS"},{"h3index":"876505390ffffff","population_2015":7582.1253749473,"total_built_mass_tons":3028416.5828438569,"city_id":11139,"country_iso":"MYS"},{"h3index":"876505391ffffff","population_2015":7222.4772290136,"total_built_mass_tons":1968623.4150130856,"city_id":11139,"country_iso":"MYS"},{"h3index":"876505392ffffff","population_2015":1049.4150449528,"total_built_mass_tons":400647.7153946699,"city_id":11139,"country_iso":"MYS"},{"h3index":"876505393ffffff","population_2015":1110.8662274267,"total_built_mass_tons":485241.4604365867,"city_id":11139,"country_iso":"MYS"},{"h3index":"876505394ffffff","population_2015":5998.4109878428,"total_built_mass_tons":1576992.9718188271,"city_id":11139,"country_iso":"MYS"},{"h3index":"876505395ffffff","population_2015":16304.0491930868,"total_built_mass_tons":3354210.3274383601,"city_id":11139,"country_iso":"MYS"},{"h3index":"876505396ffffff","population_2015":7092.641369455,"total_built_mass_tons":1790049.2948769503,"city_id":11139,"country_iso":"MYS"},{"h3index":"8765053a0ffffff","population_2015":400.0959987977,"total_built_mass_tons":151981.342375684,"city_id":11139,"country_iso":"MYS"},{"h3index":"8765053a2ffffff","population_2015":5036.5972692377,"total_built_mass_tons":2046036.0355453696,"city_id":11139,"country_iso":"MYS"},{"h3index":"8765053a3ffffff","population_2015":853.0886489943,"total_built_mass_tons":282902.0861241331,"city_id":11139,"country_iso":"MYS"},{"h3index":"8765053b0ffffff","population_2015":10086.3084303239,"total_built_mass_tons":2469757.2092589685,"city_id":11139,"country_iso":"MYS"},{"h3index":"8765053b1ffffff","population_2015":1988.310237877,"total_built_mass_tons":596778.2226933779,"city_id":11139,"country_iso":"MYS"},{"h3index":"8765053b2ffffff","population_2015":19786.0514701918,"total_built_mass_tons":4179913.2223894745,"city_id":11139,"country_iso":"MYS"},{"h3index":"8765053b3ffffff","population_2015":9575.0060971877,"total_built_mass_tons":1891503.7732136969,"city_id":11139,"country_iso":"MYS"},{"h3index":"8765053b4ffffff","population_2015":7.219254101,"total_built_mass_tons":23549.0809565467,"city_id":11139,"country_iso":"MYS"},{"h3index":"8765053b5ffffff","population_2015":4971.4213763929,"total_built_mass_tons":1679592.9055734114,"city_id":11139,"country_iso":"MYS"},{"h3index":"8765053b6ffffff","population_2015":16764.9750429527,"total_built_mass_tons":4298270.9980193302,"city_id":11139,"country_iso":"MYS"},{"h3index":"876505440ffffff","population_2015":30815.16162851,"total_built_mass_tons":3842761.9450213802,"city_id":11139,"country_iso":"MYS"},{"h3index":"876505441ffffff","population_2015":35484.0503149369,"total_built_mass_tons":4304260.9441107903,"city_id":11139,"country_iso":"MYS"},{"h3index":"876505442ffffff","population_2015":6130.7439751606,"total_built_mass_tons":1002649.94273715,"city_id":11139,"country_iso":"MYS"},{"h3index":"876505443ffffff","population_2015":30874.1887283026,"total_built_mass_tons":3318263.309626143,"city_id":11139,"country_iso":"MYS"},{"h3index":"876505444ffffff","population_2015":57466.0547312044,"total_built_mass_tons":4474323.7457393724,"city_id":11139,"country_iso":"MYS"},{"h3index":"876505445ffffff","population_2015":57811.5593770196,"total_built_mass_tons":4241686.2740843426,"city_id":11139,"country_iso":"MYS"},{"h3index":"876505446ffffff","population_2015":3930.7951208339,"total_built_mass_tons":554885.7935946619,"city_id":11139,"country_iso":"MYS"},{"h3index":"876505448ffffff","population_2015":28875.8542923871,"total_built_mass_tons":4075420.9022485819,"city_id":11139,"country_iso":"MYS"},{"h3index":"876505449ffffff","population_2015":13323.811494371,"total_built_mass_tons":1413809.5028692286,"city_id":11139,"country_iso":"MYS"},{"h3index":"87650544affffff","population_2015":30419.1931544435,"total_built_mass_tons":3549239.9296725672,"city_id":11139,"country_iso":"MYS"},{"h3index":"87650544bffffff","population_2015":7510.9966409795,"total_built_mass_tons":738155.5679042991,"city_id":11139,"country_iso":"MYS"},{"h3index":"87650544cffffff","population_2015":25515.0514194189,"total_built_mass_tons":3158460.9636296355,"city_id":11139,"country_iso":"MYS"},{"h3index":"87650544dffffff","population_2015":38702.6002055673,"total_built_mass_tons":4353905.2121156901,"city_id":11139,"country_iso":"MYS"},{"h3index":"87650544effffff","population_2015":37494.8504354888,"total_built_mass_tons":4253812.7484227531,"city_id":11139,"country_iso":"MYS"},{"h3index":"876505455ffffff","population_2015":4793.0238615186,"total_built_mass_tons":811568.5248917459,"city_id":11139,"country_iso":"MYS"},{"h3index":"876505458ffffff","population_2015":12.818477107,"total_built_mass_tons":4260.2414110261,"city_id":11139,"country_iso":"MYS"},{"h3index":"876505459ffffff","population_2015":38.9111183316,"total_built_mass_tons":6455.4006468953,"city_id":11139,"country_iso":"MYS"},{"h3index":"87650545cffffff","population_2015":319.9753902061,"total_built_mass_tons":79061.274257183,"city_id":11139,"country_iso":"MYS"},{"h3index":"87650545dffffff","population_2015":22406.3743258944,"total_built_mass_tons":2774115.5131838433,"city_id":11139,"country_iso":"MYS"},{"h3index":"876505460ffffff","population_2015":48071.8463791791,"total_built_mass_tons":4630860.9557168689,"city_id":11139,"country_iso":"MYS"},{"h3index":"876505461ffffff","population_2015":37185.9489730685,"total_built_mass_tons":4220053.9404591611,"city_id":11139,"country_iso":"MYS"},{"h3index":"876505462ffffff","population_2015":47082.0983572567,"total_built_mass_tons":3069590.3447522051,"city_id":11139,"country_iso":"MYS"},{"h3index":"876505463ffffff","population_2015":53436.6272671045,"total_built_mass_tons":4215419.5155478921,"city_id":11139,"country_iso":"MYS"},{"h3index":"876505464ffffff","population_2015":66199.1207627689,"total_built_mass_tons":5573189.056954423,"city_id":11139,"country_iso":"MYS"},{"h3index":"876505465ffffff","population_2015":38293.8403747334,"total_built_mass_tons":3315885.6335300757,"city_id":11139,"country_iso":"MYS"},{"h3index":"876505466ffffff","population_2015":17843.5227415646,"total_built_mass_tons":2195680.9020598927,"city_id":11139,"country_iso":"MYS"},{"h3index":"876505468ffffff","population_2015":33451.9242204367,"total_built_mass_tons":3949628.7513314239,"city_id":11139,"country_iso":"MYS"},{"h3index":"876505469ffffff","population_2015":30670.4733261707,"total_built_mass_tons":4971673.4992050342,"city_id":11139,"country_iso":"MYS"},{"h3index":"87650546affffff","population_2015":35644.9826355729,"total_built_mass_tons":3920238.2015437703,"city_id":11139,"country_iso":"MYS"},{"h3index":"87650546bffffff","population_2015":40456.5003519395,"total_built_mass_tons":4846863.7316162568,"city_id":11139,"country_iso":"MYS"},{"h3index":"87650546cffffff","population_2015":26966.5129967297,"total_built_mass_tons":4276972.9055964481,"city_id":11139,"country_iso":"MYS"},{"h3index":"87650546dffffff","population_2015":23997.6105005227,"total_built_mass_tons":2384106.6709793909,"city_id":11139,"country_iso":"MYS"},{"h3index":"87650546effffff","population_2015":35459.0329275655,"total_built_mass_tons":4165585.3912741048,"city_id":11139,"country_iso":"MYS"},{"h3index":"876505470ffffff","population_2015":300.1393786374,"total_built_mass_tons":81631.7848707751,"city_id":11139,"country_iso":"MYS"},{"h3index":"876505471ffffff","population_2015":18099.994749417,"total_built_mass_tons":3021747.4881101968,"city_id":11139,"country_iso":"MYS"},{"h3index":"876505473ffffff","population_2015":1.8420033735,"total_built_mass_tons":1125.8351103605,"city_id":11139,"country_iso":"MYS"},{"h3index":"876505474ffffff","population_2015":329.761330526,"total_built_mass_tons":100339.0966995486,"city_id":11139,"country_iso":"MYS"},{"h3index":"876505475ffffff","population_2015":20127.5456180834,"total_built_mass_tons":2753175.0225403332,"city_id":11139,"country_iso":"MYS"},{"h3index":"876505548ffffff","population_2015":52691.6098590851,"total_built_mass_tons":3665457.1373142181,"city_id":11139,"country_iso":"MYS"},{"h3index":"876505549ffffff","population_2015":51289.3332368739,"total_built_mass_tons":5047388.7241836302,"city_id":11139,"country_iso":"MYS"},{"h3index":"87650554affffff","population_2015":70984.1414617651,"total_built_mass_tons":5246788.8102989569,"city_id":11139,"country_iso":"MYS"},{"h3index":"87650554bffffff","population_2015":72674.6126047172,"total_built_mass_tons":4623994.9903087541,"city_id":11139,"country_iso":"MYS"},{"h3index":"87650554dffffff","population_2015":15502.4042812235,"total_built_mass_tons":1904712.10889274,"city_id":11139,"country_iso":"MYS"},{"h3index":"87650554effffff","population_2015":13023.7260250914,"total_built_mass_tons":1089580.5307296054,"city_id":11139,"country_iso":"MYS"},{"h3index":"876505559ffffff","population_2015":9642.0831307355,"total_built_mass_tons":1333708.1232084937,"city_id":11139,"country_iso":"MYS"},{"h3index":"87650555bffffff","population_2015":78.2232398351,"total_built_mass_tons":14720.7388028617,"city_id":11139,"country_iso":"MYS"},{"h3index":"87650555dffffff","population_2015":8130.9597147998,"total_built_mass_tons":705085.1984615282,"city_id":11139,"country_iso":"MYS"},{"h3index":"876505568ffffff","population_2015":19886.5011923098,"total_built_mass_tons":2738674.3249408342,"city_id":11139,"country_iso":"MYS"},{"h3index":"876505569ffffff","population_2015":31554.8201265672,"total_built_mass_tons":3814349.0082569257,"city_id":11139,"country_iso":"MYS"},{"h3index":"87650556bffffff","population_2015":14545.3930853077,"total_built_mass_tons":2160553.080955293,"city_id":11139,"country_iso":"MYS"},{"h3index":"87650556cffffff","population_2015":10091.8478944105,"total_built_mass_tons":1462226.4158073706,"city_id":11139,"country_iso":"MYS"},{"h3index":"87650556dffffff","population_2015":21956.6286542144,"total_built_mass_tons":3209001.2479663733,"city_id":11139,"country_iso":"MYS"},{"h3index":"87650556effffff","population_2015":662.821648407,"total_built_mass_tons":113995.9089641495,"city_id":11139,"country_iso":"MYS"},{"h3index":"876505700ffffff","population_2015":17769.8815737593,"total_built_mass_tons":3822638.8911195174,"city_id":11139,"country_iso":"MYS"},{"h3index":"876505701ffffff","population_2015":13414.7787294986,"total_built_mass_tons":2041374.5207227175,"city_id":11139,"country_iso":"MYS"},{"h3index":"876505702ffffff","population_2015":17606.2246187098,"total_built_mass_tons":2706834.933387774,"city_id":11139,"country_iso":"MYS"},{"h3index":"876505703ffffff","population_2015":8732.2175836114,"total_built_mass_tons":1300804.8902965819,"city_id":11139,"country_iso":"MYS"},{"h3index":"876505704ffffff","population_2015":12524.9546584036,"total_built_mass_tons":1930217.7999455263,"city_id":11139,"country_iso":"MYS"},{"h3index":"876505705ffffff","population_2015":22657.7752182942,"total_built_mass_tons":3320383.3625713419,"city_id":11139,"country_iso":"MYS"},{"h3index":"876505706ffffff","population_2015":22867.4841090333,"total_built_mass_tons":4454826.199516681,"city_id":11139,"country_iso":"MYS"},{"h3index":"87650570affffff","population_2015":1934.9522267996,"total_built_mass_tons":339682.4992969471,"city_id":11139,"country_iso":"MYS"},{"h3index":"87650570cffffff","population_2015":2530.6390587751,"total_built_mass_tons":621675.2557015345,"city_id":11139,"country_iso":"MYS"},{"h3index":"87650570effffff","population_2015":3261.9559903687,"total_built_mass_tons":458892.2364498614,"city_id":11139,"country_iso":"MYS"},{"h3index":"876505710ffffff","population_2015":389.6084390229,"total_built_mass_tons":117856.2045819854,"city_id":11139,"country_iso":"MYS"},{"h3index":"876505711ffffff","population_2015":17673.8263947449,"total_built_mass_tons":3043438.1860589096,"city_id":11139,"country_iso":"MYS"},{"h3index":"876505713ffffff","population_2015":1470.7665864009,"total_built_mass_tons":554789.8111082087,"city_id":11139,"country_iso":"MYS"},{"h3index":"876505714ffffff","population_2015":3374.5366029029,"total_built_mass_tons":576298.8578819245,"city_id":11139,"country_iso":"MYS"},{"h3index":"876505715ffffff","population_2015":22831.9468481625,"total_built_mass_tons":3073827.4842478083,"city_id":11139,"country_iso":"MYS"},{"h3index":"876505718ffffff","population_2015":48.2703153535,"total_built_mass_tons":14268.1344301495,"city_id":11139,"country_iso":"MYS"},{"h3index":"87650571cffffff","population_2015":2375.0089112226,"total_built_mass_tons":561079.9651880795,"city_id":11139,"country_iso":"MYS"},{"h3index":"87650571dffffff","population_2015":3075.5943298826,"total_built_mass_tons":520356.884991921,"city_id":11139,"country_iso":"MYS"},{"h3index":"87650571effffff","population_2015":979.4648009899,"total_built_mass_tons":266304.9056884818,"city_id":11139,"country_iso":"MYS"},{"h3index":"876505720ffffff","population_2015":10620.035410709,"total_built_mass_tons":1874062.5917539175,"city_id":11139,"country_iso":"MYS"},{"h3index":"876505721ffffff","population_2015":14073.3535170013,"total_built_mass_tons":2479490.6461800006,"city_id":11139,"country_iso":"MYS"},{"h3index":"876505722ffffff","population_2015":27532.5827259138,"total_built_mass_tons":4044216.9988622139,"city_id":11139,"country_iso":"MYS"},{"h3index":"876505723ffffff","population_2015":6354.90695996,"total_built_mass_tons":1018622.9077569454,"city_id":11139,"country_iso":"MYS"},{"h3index":"876505724ffffff","population_2015":31907.1689702726,"total_built_mass_tons":4903818.4568290347,"city_id":11139,"country_iso":"MYS"},{"h3index":"876505725ffffff","population_2015":10047.2253975289,"total_built_mass_tons":1773156.8155735326,"city_id":11139,"country_iso":"MYS"},{"h3index":"876505726ffffff","population_2015":26764.4794726204,"total_built_mass_tons":3537047.6571331439,"city_id":11139,"country_iso":"MYS"},{"h3index":"876505728ffffff","population_2015":8563.6119385588,"total_built_mass_tons":1925807.0149913668,"city_id":11139,"country_iso":"MYS"},{"h3index":"876505729ffffff","population_2015":4657.5832951527,"total_built_mass_tons":1239543.2059973506,"city_id":11139,"country_iso":"MYS"},{"h3index":"87650572affffff","population_2015":13775.3894547967,"total_built_mass_tons":2681866.0536613739,"city_id":11139,"country_iso":"MYS"},{"h3index":"87650572bffffff","population_2015":2279.8629168529,"total_built_mass_tons":799024.6814153269,"city_id":11139,"country_iso":"MYS"},{"h3index":"87650572cffffff","population_2015":12946.3389223548,"total_built_mass_tons":2509520.3666015798,"city_id":11139,"country_iso":"MYS"},{"h3index":"87650572effffff","population_2015":22030.6881387224,"total_built_mass_tons":4168501.854792628,"city_id":11139,"country_iso":"MYS"},{"h3index":"876505730ffffff","population_2015":25328.5642553554,"total_built_mass_tons":3187313.7142072902,"city_id":11139,"country_iso":"MYS"},{"h3index":"876505731ffffff","population_2015":9690.763012916,"total_built_mass_tons":1324303.2786551979,"city_id":11139,"country_iso":"MYS"},{"h3index":"876505732ffffff","population_2015":39448.5066101672,"total_built_mass_tons":4399243.8530748598,"city_id":11139,"country_iso":"MYS"},{"h3index":"876505733ffffff","population_2015":27965.5299720091,"total_built_mass_tons":3633393.2028482901,"city_id":11139,"country_iso":"MYS"},{"h3index":"876505734ffffff","population_2015":7683.3115707547,"total_built_mass_tons":983480.2285613344,"city_id":11139,"country_iso":"MYS"},{"h3index":"876505735ffffff","population_2015":30277.8739770852,"total_built_mass_tons":4317440.4780955119,"city_id":11139,"country_iso":"MYS"},{"h3index":"876505736ffffff","population_2015":36200.3277494244,"total_built_mass_tons":4558645.0589611493,"city_id":11139,"country_iso":"MYS"},{"h3index":"876505760ffffff","population_2015":8974.0955023448,"total_built_mass_tons":2834659.8295597243,"city_id":11139,"country_iso":"MYS"},{"h3index":"876505761ffffff","population_2015":5139.0470765675,"total_built_mass_tons":1749965.302310891,"city_id":11139,"country_iso":"MYS"},{"h3index":"876505763ffffff","population_2015":3838.7306575121,"total_built_mass_tons":2932606.8033145862,"city_id":11139,"country_iso":"MYS"},{"h3index":"876505764ffffff","population_2015":14919.595449111,"total_built_mass_tons":3137471.3653872958,"city_id":11139,"country_iso":"MYS"},{"h3index":"876505765ffffff","population_2015":12150.5766549802,"total_built_mass_tons":3184458.2952304166,"city_id":11139,"country_iso":"MYS"},{"h3index":"876505768ffffff","population_2015":488.7066757127,"total_built_mass_tons":262333.6615763872,"city_id":11139,"country_iso":"MYS"},{"h3index":"87650576affffff","population_2015":803.2883393512,"total_built_mass_tons":248919.3047120111,"city_id":11139,"country_iso":"MYS"},{"h3index":"87650576cffffff","population_2015":10.8089590634,"total_built_mass_tons":13159.8655597945,"city_id":11139,"country_iso":"MYS"},{"h3index":"87650576effffff","population_2015":5695.7342240277,"total_built_mass_tons":2242836.0090967766,"city_id":11139,"country_iso":"MYS"},{"h3index":"8765057a4ffffff","population_2015":1304.2601735059,"total_built_mass_tons":399330.7970047138,"city_id":11139,"country_iso":"MYS"},{"h3index":"876505c58ffffff","population_2015":5002.182566596,"total_built_mass_tons":1730173.7398254676,"city_id":11139,"country_iso":"MYS"},{"h3index":"876505c59ffffff","population_2015":695.8396917081,"total_built_mass_tons":259310.0537782336,"city_id":11139,"country_iso":"MYS"},{"h3index":"876505c5affffff","population_2015":2813.3136581944,"total_built_mass_tons":651229.4756743879,"city_id":11139,"country_iso":"MYS"},{"h3index":"876505c5bffffff","population_2015":5530.9812431971,"total_built_mass_tons":1554002.6771377036,"city_id":11139,"country_iso":"MYS"}]