[{"h3index": "87309d408ffffff", "population_2015": 9438.66532950429, "total_built_mass_tons": 3119787.03456339, "city_id": 12349, "country_iso": "CHN"}, {"h3index": "87309d409ffffff", "population_2015": 13320.763925095122, "total_built_mass_tons": 4274027.256516224, "city_id": 12349, "country_iso": "CHN"}, {"h3index": "87309d40bffffff", "population_2015": 156.83853628727442, "total_built_mass_tons": 901278.0936856008, "city_id": 12349, "country_iso": "CHN"}, {"h3index": "87309d40cffffff", "population_2015": 2742.727987643259, "total_built_mass_tons": 1384201.4833259943, "city_id": 12349, "country_iso": "CHN"}, {"h3index": "87309d40dffffff", "population_2015": 10688.606633397698, "total_built_mass_tons": 5662457.561272936, "city_id": 12349, "country_iso": "CHN"}, {"h3index": "87309d429ffffff", "population_2015": 1063.3201621617177, "total_built_mass_tons": 1962971.6444517465, "city_id": 12349, "country_iso": "CHN"}, {"h3index": "87309d42affffff", "population_2015": 230.7715070276868, "total_built_mass_tons": 702394.030172385, "city_id": 12349, "country_iso": "CHN"}, {"h3index": "87309d42bffffff", "population_2015": 764.0268024430849, "total_built_mass_tons": 4609520.948054471, "city_id": 12349, "country_iso": "CHN"}, {"h3index": "87309d450ffffff", "population_2015": 6884.172520008319, "total_built_mass_tons": 2438051.617524401, "city_id": 12349, "country_iso": "CHN"}, {"h3index": "87309d451ffffff", "population_2015": 1651.4214179847756, "total_built_mass_tons": 527339.0847090835, "city_id": 12349, "country_iso": "CHN"}, {"h3index": "87309d454ffffff", "population_2015": 3073.5116405166978, "total_built_mass_tons": 2312047.999082022, "city_id": 12349, "country_iso": "CHN"}, {"h3index": "87309d455ffffff", "population_2015": 1250.4101569241168, "total_built_mass_tons": 759098.0053029571, "city_id": 12349, "country_iso": "CHN"}, {"h3index": "87309d456ffffff", "population_2015": 175.43630463109884, "total_built_mass_tons": 409181.6208576076, "city_id": 12349, "country_iso": "CHN"}, {"h3index": "87309d472ffffff", "population_2015": 3877.040094428685, "total_built_mass_tons": 2982248.174056682, "city_id": 12349, "country_iso": "CHN"}, {"h3index": "87309d473ffffff", "population_2015": 207.136544676388, "total_built_mass_tons": 231420.91349120904, "city_id": 12349, "country_iso": "CHN"}, {"h3index": "87309d476ffffff", "population_2015": 104.83440458213582, "total_built_mass_tons": 1592129.219226526, "city_id": 12349, "country_iso": "CHN"}]