[{"h3index":"873ccaa40ffffff","population_2015":7222.7035019444,"total_built_mass_tons":845433.015516032,"city_id":10135,"country_iso":"MMR"},{"h3index":"873ccaa41ffffff","population_2015":2432.9101212184,"total_built_mass_tons":314285.4242450783,"city_id":10135,"country_iso":"MMR"},{"h3index":"873ccaa42ffffff","population_2015":324.321261649,"total_built_mass_tons":74313.6371806303,"city_id":10135,"country_iso":"MMR"},{"h3index":"873ccaa43ffffff","population_2015":8784.8245149276,"total_built_mass_tons":1083231.8142177979,"city_id":10135,"country_iso":"MMR"},{"h3index":"873ccaa45ffffff","population_2015":406.3934792837,"total_built_mass_tons":47718.4013395994,"city_id":10135,"country_iso":"MMR"},{"h3index":"873ccaa46ffffff","population_2015":21.4854494918,"total_built_mass_tons":19576.5888223277,"city_id":10135,"country_iso":"MMR"},{"h3index":"873ccaa4cffffff","population_2015":139.9148518114,"total_built_mass_tons":77818.0245540652,"city_id":10135,"country_iso":"MMR"},{"h3index":"873ccaa4effffff","population_2015":490.1603696038,"total_built_mass_tons":114471.1512240534,"city_id":10135,"country_iso":"MMR"},{"h3index":"873ccaa5cffffff","population_2015":24.1373577118,"total_built_mass_tons":4926.2972547361,"city_id":10135,"country_iso":"MMR"}]