[{"h3index": "8728f0000ffffff", "population_2015": 9532.042440812264, "total_built_mass_tons": 5155439.167685631, "city_id": 101, "country_iso": "USA"}, {"h3index": "8728f0001ffffff", "population_2015": 3224.5721757556203, "total_built_mass_tons": 3512556.3099273476, "city_id": 101, "country_iso": "USA"}, {"h3index": "8728f0002ffffff", "population_2015": 14897.40038922721, "total_built_mass_tons": 4748820.471688658, "city_id": 101, "country_iso": "USA"}, {"h3index": "8728f0003ffffff", "population_2015": 14030.929400200124, "total_built_mass_tons": 4731749.333109445, "city_id": 101, "country_iso": "USA"}, {"h3index": "8728f0004ffffff", "population_2015": 9259.276898009735, "total_built_mass_tons": 6244671.448243745, "city_id": 101, "country_iso": "USA"}, {"h3index": "8728f0005ffffff", "population_2015": 15958.242559080556, "total_built_mass_tons": 5493323.054927727, "city_id": 101, "country_iso": "USA"}, {"h3index": "8728f0006ffffff", "population_2015": 14380.499860975906, "total_built_mass_tons": 4671388.521026502, "city_id": 101, "country_iso": "USA"}, {"h3index": "8728f0008ffffff", "population_2015": 12703.247379758956, "total_built_mass_tons": 3997775.570839152, "city_id": 101, "country_iso": "USA"}, {"h3index": "8728f0009ffffff", "population_2015": 9390.094395618577, "total_built_mass_tons": 3291917.2953837556, "city_id": 101, "country_iso": "USA"}, {"h3index": "8728f000affffff", "population_2015": 2446.9734548165443, "total_built_mass_tons": 2075526.6570093983, "city_id": 101, "country_iso": "USA"}, {"h3index": "8728f000bffffff", "population_2015": 2302.7345633023924, "total_built_mass_tons": 1473632.711909365, "city_id": 101, "country_iso": "USA"}, {"h3index": "8728f000cffffff", "population_2015": 61.5009673203579, "total_built_mass_tons": 3038300.5227783355, "city_id": 101, "country_iso": "USA"}, {"h3index": "8728f000dffffff", "population_2015": 263.60719766246484, "total_built_mass_tons": 1528890.5551082809, "city_id": 101, "country_iso": "USA"}, {"h3index": "8728f000effffff", "population_2015": 9741.731334901964, "total_built_mass_tons": 4204119.729627587, "city_id": 101, "country_iso": "USA"}, {"h3index": "8728f0010ffffff", "population_2015": 6323.414642470022, "total_built_mass_tons": 3889005.706747452, "city_id": 101, "country_iso": "USA"}, {"h3index": "8728f0011ffffff", "population_2015": 5082.450643287189, "total_built_mass_tons": 3701012.870561387, "city_id": 101, "country_iso": "USA"}, {"h3index": "8728f0012ffffff", "population_2015": 8.981773129397748, "total_built_mass_tons": 2362429.459728965, "city_id": 101, "country_iso": "USA"}, {"h3index": "8728f0013ffffff", "population_2015": 11.68699992240644, "total_built_mass_tons": 3324685.500366098, "city_id": 101, "country_iso": "USA"}, {"h3index": "8728f0014ffffff", "population_2015": 10788.436781301922, "total_built_mass_tons": 3671454.854377013, "city_id": 101, "country_iso": "USA"}, {"h3index": "8728f0015ffffff", "population_2015": 11570.903971229349, "total_built_mass_tons": 4218881.600357924, "city_id": 101, "country_iso": "USA"}, {"h3index": "8728f0016ffffff", "population_2015": 7427.386644765282, "total_built_mass_tons": 3658406.830622239, "city_id": 101, "country_iso": "USA"}, {"h3index": "8728f0018ffffff", "population_2015": 1301.9410623260426, "total_built_mass_tons": 1517349.6593432426, "city_id": 101, "country_iso": "USA"}, {"h3index": "8728f0019ffffff", "population_2015": 1423.7809746828016, "total_built_mass_tons": 2797272.961306527, "city_id": 101, "country_iso": "USA"}, {"h3index": "8728f001affffff", "population_2015": 1448.619402810836, "total_built_mass_tons": 1765020.0516546778, "city_id": 101, "country_iso": "USA"}, {"h3index": "8728f001bffffff", "population_2015": 3041.3906825642134, "total_built_mass_tons": 2898184.235267425, "city_id": 101, "country_iso": "USA"}, {"h3index": "8728f001cffffff", "population_2015": 3830.180044131678, "total_built_mass_tons": 3538807.0432179905, "city_id": 101, "country_iso": "USA"}, {"h3index": "8728f001dffffff", "population_2015": 3164.495908085779, "total_built_mass_tons": 4028393.7972438657, "city_id": 101, "country_iso": "USA"}, {"h3index": "8728f001effffff", "population_2015": 39.84972546373805, "total_built_mass_tons": 1996739.382455225, "city_id": 101, "country_iso": "USA"}, {"h3index": "8728f0020ffffff", "population_2015": 2313.788823913417, "total_built_mass_tons": 1430083.236222071, "city_id": 101, "country_iso": "USA"}, {"h3index": "8728f0021ffffff", "population_2015": 1191.636588433677, "total_built_mass_tons": 774761.2024698588, "city_id": 101, "country_iso": "USA"}, {"h3index": "8728f0022ffffff", "population_2015": 6003.128922037514, "total_built_mass_tons": 3768841.569739842, "city_id": 101, "country_iso": "USA"}, {"h3index": "8728f0023ffffff", "population_2015": 13899.84554489173, "total_built_mass_tons": 3840752.955022346, "city_id": 101, "country_iso": "USA"}, {"h3index": "8728f0024ffffff", "population_2015": 6589.380652440764, "total_built_mass_tons": 2765439.535104411, "city_id": 101, "country_iso": "USA"}, {"h3index": "8728f0025ffffff", "population_2015": 5917.8165309971455, "total_built_mass_tons": 2372670.8647111147, "city_id": 101, "country_iso": "USA"}, {"h3index": "8728f0026ffffff", "population_2015": 2534.465428923583, "total_built_mass_tons": 1780119.1942176756, "city_id": 101, "country_iso": "USA"}, {"h3index": "8728f0029ffffff", "population_2015": 1809.3465056709215, "total_built_mass_tons": 723400.6820767744, "city_id": 101, "country_iso": "USA"}, {"h3index": "8728f002affffff", "population_2015": 529.0801224279198, "total_built_mass_tons": 1931979.2775974376, "city_id": 101, "country_iso": "USA"}, {"h3index": "8728f002cffffff", "population_2015": 1636.7016638508617, "total_built_mass_tons": 701389.4257451659, "city_id": 101, "country_iso": "USA"}, {"h3index": "8728f002dffffff", "population_2015": 3041.5022784969387, "total_built_mass_tons": 1674781.621291987, "city_id": 101, "country_iso": "USA"}, {"h3index": "8728f002effffff", "population_2015": 138.78969409980024, "total_built_mass_tons": 88923.37055557524, "city_id": 101, "country_iso": "USA"}, {"h3index": "8728f0030ffffff", "population_2015": 13858.005107101038, "total_built_mass_tons": 4446742.592578138, "city_id": 101, "country_iso": "USA"}, {"h3index": "8728f0031ffffff", "population_2015": 18059.844261168728, "total_built_mass_tons": 4765968.241072262, "city_id": 101, "country_iso": "USA"}, {"h3index": "8728f0032ffffff", "population_2015": 11646.582605776131, "total_built_mass_tons": 3852343.238671546, "city_id": 101, "country_iso": "USA"}, {"h3index": "8728f0033ffffff", "population_2015": 13106.330743308396, "total_built_mass_tons": 4481127.152769441, "city_id": 101, "country_iso": "USA"}, {"h3index": "8728f0034ffffff", "population_2015": 13014.419245524505, "total_built_mass_tons": 4175108.154931857, "city_id": 101, "country_iso": "USA"}, {"h3index": "8728f0035ffffff", "population_2015": 12796.489722889428, "total_built_mass_tons": 4750609.312167641, "city_id": 101, "country_iso": "USA"}, {"h3index": "8728f0036ffffff", "population_2015": 12676.256046761717, "total_built_mass_tons": 4007432.506647603, "city_id": 101, "country_iso": "USA"}, {"h3index": "8728f0053ffffff", "population_2015": 2.103666396994217, "total_built_mass_tons": 587052.9130902654, "city_id": 101, "country_iso": "USA"}, {"h3index": "8728f0054ffffff", "population_2015": 503.3722599698048, "total_built_mass_tons": 1561990.784889013, "city_id": 101, "country_iso": "USA"}, {"h3index": "8728f0056ffffff", "population_2015": 1752.135406990145, "total_built_mass_tons": 1765950.382605323, "city_id": 101, "country_iso": "USA"}, {"h3index": "8728f0060ffffff", "population_2015": 7809.329414083796, "total_built_mass_tons": 3330390.0032001655, "city_id": 101, "country_iso": "USA"}, {"h3index": "8728f0061ffffff", "population_2015": 284.07819626965846, "total_built_mass_tons": 2528499.3091641357, "city_id": 101, "country_iso": "USA"}, {"h3index": "8728f0062ffffff", "population_2015": 5929.906041149474, "total_built_mass_tons": 1748914.111692842, "city_id": 101, "country_iso": "USA"}, {"h3index": "8728f0063ffffff", "population_2015": 1732.175127516453, "total_built_mass_tons": 805810.4685397815, "city_id": 101, "country_iso": "USA"}, {"h3index": "8728f0064ffffff", "population_2015": 8480.881204502513, "total_built_mass_tons": 3055599.554480132, "city_id": 101, "country_iso": "USA"}, {"h3index": "8728f0065ffffff", "population_2015": 5127.136452846076, "total_built_mass_tons": 3905649.474892281, "city_id": 101, "country_iso": "USA"}, {"h3index": "8728f0066ffffff", "population_2015": 9779.142209336567, "total_built_mass_tons": 3781300.276075816, "city_id": 101, "country_iso": "USA"}, {"h3index": "8728f006effffff", "population_2015": 1.4551233843863742, "total_built_mass_tons": 95663.82007350096, "city_id": 101, "country_iso": "USA"}, {"h3index": "8728f0070ffffff", "population_2015": 1019.5240280880648, "total_built_mass_tons": 295653.8786534564, "city_id": 101, "country_iso": "USA"}, {"h3index": "8728f0071ffffff", "population_2015": 1458.8662629194191, "total_built_mass_tons": 361558.6752687516, "city_id": 101, "country_iso": "USA"}, {"h3index": "8728f0074ffffff", "population_2015": 4624.186840764097, "total_built_mass_tons": 1675182.0904955894, "city_id": 101, "country_iso": "USA"}, {"h3index": "8728f0075ffffff", "population_2015": 8235.42560650046, "total_built_mass_tons": 2975194.0603866405, "city_id": 101, "country_iso": "USA"}, {"h3index": "8728f0080ffffff", "population_2015": 3626.422363433249, "total_built_mass_tons": 2100574.3927036803, "city_id": 101, "country_iso": "USA"}, {"h3index": "8728f0081ffffff", "population_2015": 8604.544494271688, "total_built_mass_tons": 3395628.889926688, "city_id": 101, "country_iso": "USA"}, {"h3index": "8728f0083ffffff", "population_2015": 1208.8472244859906, "total_built_mass_tons": 425468.3426032956, "city_id": 101, "country_iso": "USA"}, {"h3index": "8728f0084ffffff", "population_2015": 6339.935314568805, "total_built_mass_tons": 3506359.35797784, "city_id": 101, "country_iso": "USA"}, {"h3index": "8728f0085ffffff", "population_2015": 10824.889046253882, "total_built_mass_tons": 4032591.031157673, "city_id": 101, "country_iso": "USA"}, {"h3index": "8728f0086ffffff", "population_2015": 327.46293776196734, "total_built_mass_tons": 317872.3267262024, "city_id": 101, "country_iso": "USA"}, {"h3index": "8728f0088ffffff", "population_2015": 5580.092636989786, "total_built_mass_tons": 3153158.6093805064, "city_id": 101, "country_iso": "USA"}, {"h3index": "8728f0089ffffff", "population_2015": 7200.4558184877915, "total_built_mass_tons": 3268002.412341507, "city_id": 101, "country_iso": "USA"}, {"h3index": "8728f008affffff", "population_2015": 7906.967613039999, "total_built_mass_tons": 2766268.9609671566, "city_id": 101, "country_iso": "USA"}, {"h3index": "8728f008bffffff", "population_2015": 5719.491840410525, "total_built_mass_tons": 2929409.6005697753, "city_id": 101, "country_iso": "USA"}, {"h3index": "8728f008cffffff", "population_2015": 9285.844877596694, "total_built_mass_tons": 3768177.738059152, "city_id": 101, "country_iso": "USA"}, {"h3index": "8728f008dffffff", "population_2015": 5516.331754390896, "total_built_mass_tons": 3132562.134580175, "city_id": 101, "country_iso": "USA"}, {"h3index": "8728f008effffff", "population_2015": 3451.411827868222, "total_built_mass_tons": 1448454.1148942923, "city_id": 101, "country_iso": "USA"}, {"h3index": "8728f009dffffff", "population_2015": 869.3741026596367, "total_built_mass_tons": 362565.8376151302, "city_id": 101, "country_iso": "USA"}, {"h3index": "8728f00a0ffffff", "population_2015": 94.00081747104142, "total_built_mass_tons": 158382.03727139314, "city_id": 101, "country_iso": "USA"}, {"h3index": "8728f00a1ffffff", "population_2015": 318.1291649762905, "total_built_mass_tons": 253440.99419883243, "city_id": 101, "country_iso": "USA"}, {"h3index": "8728f00a2ffffff", "population_2015": 4419.011347210611, "total_built_mass_tons": 2297431.320893668, "city_id": 101, "country_iso": "USA"}, {"h3index": "8728f00a3ffffff", "population_2015": 8188.30186854778, "total_built_mass_tons": 3817378.237281754, "city_id": 101, "country_iso": "USA"}, {"h3index": "8728f00a4ffffff", "population_2015": 1087.7319623828669, "total_built_mass_tons": 2717300.0562178907, "city_id": 101, "country_iso": "USA"}, {"h3index": "8728f00a5ffffff", "population_2015": 798.3539908482311, "total_built_mass_tons": 2835187.372889604, "city_id": 101, "country_iso": "USA"}, {"h3index": "8728f00a8ffffff", "population_2015": 7948.330195155975, "total_built_mass_tons": 3474633.1759390347, "city_id": 101, "country_iso": "USA"}, {"h3index": "8728f00a9ffffff", "population_2015": 6457.628306178717, "total_built_mass_tons": 3292092.7577368827, "city_id": 101, "country_iso": "USA"}, {"h3index": "8728f00aaffffff", "population_2015": 5833.10994505847, "total_built_mass_tons": 2894696.3837000085, "city_id": 101, "country_iso": "USA"}, {"h3index": "8728f00abffffff", "population_2015": 6388.346404087342, "total_built_mass_tons": 3060014.579110577, "city_id": 101, "country_iso": "USA"}, {"h3index": "8728f00acffffff", "population_2015": 105.2541203959023, "total_built_mass_tons": 211985.2535319293, "city_id": 101, "country_iso": "USA"}, {"h3index": "8728f00adffffff", "population_2015": 984.230536649026, "total_built_mass_tons": 1469923.7804649707, "city_id": 101, "country_iso": "USA"}, {"h3index": "8728f00aeffffff", "population_2015": 7879.26500200033, "total_built_mass_tons": 3561202.7013710556, "city_id": 101, "country_iso": "USA"}, {"h3index": "8728f00b1ffffff", "population_2015": 191.60450511820176, "total_built_mass_tons": 129136.6493700226, "city_id": 101, "country_iso": "USA"}, {"h3index": "8728f00b5ffffff", "population_2015": 148.14071378858358, "total_built_mass_tons": 204312.04235221303, "city_id": 101, "country_iso": "USA"}, {"h3index": "8728f00c0ffffff", "population_2015": 7380.257928913013, "total_built_mass_tons": 3431218.130150133, "city_id": 101, "country_iso": "USA"}, {"h3index": "8728f00c1ffffff", "population_2015": 3628.717720939541, "total_built_mass_tons": 1670805.2871455564, "city_id": 101, "country_iso": "USA"}, {"h3index": "8728f00c2ffffff", "population_2015": 5433.942472714359, "total_built_mass_tons": 2801503.7803196656, "city_id": 101, "country_iso": "USA"}, {"h3index": "8728f00c3ffffff", "population_2015": 3923.1749532945023, "total_built_mass_tons": 1871939.6265149207, "city_id": 101, "country_iso": "USA"}, {"h3index": "8728f00c4ffffff", "population_2015": 5118.690488008483, "total_built_mass_tons": 2890532.856357496, "city_id": 101, "country_iso": "USA"}, {"h3index": "8728f00c5ffffff", "population_2015": 406.71987529624914, "total_built_mass_tons": 293810.9916317876, "city_id": 101, "country_iso": "USA"}, {"h3index": "8728f00c6ffffff", "population_2015": 6029.365194364331, "total_built_mass_tons": 2841544.820731016, "city_id": 101, "country_iso": "USA"}, {"h3index": "8728f00c8ffffff", "population_2015": 1.6782993327168858, "total_built_mass_tons": 6678.086599507112, "city_id": 101, "country_iso": "USA"}, {"h3index": "8728f00ceffffff", "population_2015": 2420.2623568589765, "total_built_mass_tons": 1356458.6519251547, "city_id": 101, "country_iso": "USA"}, {"h3index": "8728f00d0ffffff", "population_2015": 1008.2346503349496, "total_built_mass_tons": 758471.904930858, "city_id": 101, "country_iso": "USA"}, {"h3index": "8728f00d1ffffff", "population_2015": 1672.8558034314824, "total_built_mass_tons": 1132395.4474584672, "city_id": 101, "country_iso": "USA"}, {"h3index": "8728f00d4ffffff", "population_2015": 1925.2079619977187, "total_built_mass_tons": 2111538.186701351, "city_id": 101, "country_iso": "USA"}, {"h3index": "8728f00d5ffffff", "population_2015": 5505.988855343064, "total_built_mass_tons": 2518186.5776939546, "city_id": 101, "country_iso": "USA"}, {"h3index": "8728f00d6ffffff", "population_2015": 3307.192476530636, "total_built_mass_tons": 1500806.041307209, "city_id": 101, "country_iso": "USA"}, {"h3index": "8728f00d8ffffff", "population_2015": 464.2252709921085, "total_built_mass_tons": 288800.61399981595, "city_id": 101, "country_iso": "USA"}, {"h3index": "8728f00dcffffff", "population_2015": 5075.768083690892, "total_built_mass_tons": 3255824.666164457, "city_id": 101, "country_iso": "USA"}, {"h3index": "8728f00ddffffff", "population_2015": 1619.4978993632049, "total_built_mass_tons": 765208.4516194974, "city_id": 101, "country_iso": "USA"}, {"h3index": "8728f00deffffff", "population_2015": 395.0940439525627, "total_built_mass_tons": 313286.932539685, "city_id": 101, "country_iso": "USA"}, {"h3index": "8728f00e0ffffff", "population_2015": 892.2635528038676, "total_built_mass_tons": 2465672.6576362913, "city_id": 101, "country_iso": "USA"}, {"h3index": "8728f00e1ffffff", "population_2015": 12.052667837717808, "total_built_mass_tons": 1339579.2775667354, "city_id": 101, "country_iso": "USA"}, {"h3index": "8728f00e2ffffff", "population_2015": 9135.63996686387, "total_built_mass_tons": 3900045.2359290384, "city_id": 101, "country_iso": "USA"}, {"h3index": "8728f00e3ffffff", "population_2015": 134.10661318608945, "total_built_mass_tons": 512552.49886506953, "city_id": 101, "country_iso": "USA"}, {"h3index": "8728f00e4ffffff", "population_2015": 929.3991140259384, "total_built_mass_tons": 1808201.601405856, "city_id": 101, "country_iso": "USA"}, {"h3index": "8728f00e6ffffff", "population_2015": 4034.695215726446, "total_built_mass_tons": 3238607.075731797, "city_id": 101, "country_iso": "USA"}, {"h3index": "8728f00ecffffff", "population_2015": 1.0059800157090648, "total_built_mass_tons": 123384.81992657276, "city_id": 101, "country_iso": "USA"}, {"h3index": "8728f00f0ffffff", "population_2015": 8427.843692470535, "total_built_mass_tons": 3355893.412113576, "city_id": 101, "country_iso": "USA"}, {"h3index": "8728f00f1ffffff", "population_2015": 3970.1578077142726, "total_built_mass_tons": 2903743.7938642176, "city_id": 101, "country_iso": "USA"}, {"h3index": "8728f00f2ffffff", "population_2015": 8934.66532248796, "total_built_mass_tons": 2910732.525124078, "city_id": 101, "country_iso": "USA"}, {"h3index": "8728f00f3ffffff", "population_2015": 3311.830906782102, "total_built_mass_tons": 2950226.2281261436, "city_id": 101, "country_iso": "USA"}, {"h3index": "8728f00f4ffffff", "population_2015": 7288.311037453133, "total_built_mass_tons": 2852120.3853656324, "city_id": 101, "country_iso": "USA"}, {"h3index": "8728f00f5ffffff", "population_2015": 9466.492001881435, "total_built_mass_tons": 3583304.025853295, "city_id": 101, "country_iso": "USA"}, {"h3index": "8728f00f6ffffff", "population_2015": 7509.610864003002, "total_built_mass_tons": 3537893.6141389464, "city_id": 101, "country_iso": "USA"}, {"h3index": "8728f0100ffffff", "population_2015": 327.9339280479095, "total_built_mass_tons": 198055.99320505525, "city_id": 101, "country_iso": "USA"}, {"h3index": "8728f0101ffffff", "population_2015": 100.95595338765314, "total_built_mass_tons": 51604.09591449226, "city_id": 101, "country_iso": "USA"}, {"h3index": "8728f0102ffffff", "population_2015": 7437.7557306659, "total_built_mass_tons": 3668691.146437047, "city_id": 101, "country_iso": "USA"}, {"h3index": "8728f0103ffffff", "population_2015": 4068.655764538795, "total_built_mass_tons": 2025707.7456279069, "city_id": 101, "country_iso": "USA"}, {"h3index": "8728f0106ffffff", "population_2015": 2170.8412964538616, "total_built_mass_tons": 1552277.0541738605, "city_id": 101, "country_iso": "USA"}, {"h3index": "8728f0108ffffff", "population_2015": 1854.4556984525104, "total_built_mass_tons": 749459.2867885815, "city_id": 101, "country_iso": "USA"}, {"h3index": "8728f0109ffffff", "population_2015": 4708.4354374308205, "total_built_mass_tons": 2446047.627049351, "city_id": 101, "country_iso": "USA"}, {"h3index": "8728f010affffff", "population_2015": 1685.218508075557, "total_built_mass_tons": 1058366.4616171482, "city_id": 101, "country_iso": "USA"}, {"h3index": "8728f010bffffff", "population_2015": 6646.92287459467, "total_built_mass_tons": 2400309.9776526815, "city_id": 101, "country_iso": "USA"}, {"h3index": "8728f010cffffff", "population_2015": 2640.620691177893, "total_built_mass_tons": 1304314.4599751553, "city_id": 101, "country_iso": "USA"}, {"h3index": "8728f010dffffff", "population_2015": 4791.128110018039, "total_built_mass_tons": 3445169.059641565, "city_id": 101, "country_iso": "USA"}, {"h3index": "8728f010effffff", "population_2015": 1307.4884168429703, "total_built_mass_tons": 962283.7043677238, "city_id": 101, "country_iso": "USA"}, {"h3index": "8728f0110ffffff", "population_2015": 4657.238632147102, "total_built_mass_tons": 3646666.807360228, "city_id": 101, "country_iso": "USA"}, {"h3index": "8728f0111ffffff", "population_2015": 3429.075504426162, "total_built_mass_tons": 2796827.6689274088, "city_id": 101, "country_iso": "USA"}, {"h3index": "8728f0112ffffff", "population_2015": 4038.23807936004, "total_built_mass_tons": 2297095.5871655485, "city_id": 101, "country_iso": "USA"}, {"h3index": "8728f0113ffffff", "population_2015": 8581.331511830755, "total_built_mass_tons": 3806093.628308928, "city_id": 101, "country_iso": "USA"}, {"h3index": "8728f0114ffffff", "population_2015": 5641.358088449578, "total_built_mass_tons": 2671819.194574684, "city_id": 101, "country_iso": "USA"}, {"h3index": "8728f0115ffffff", "population_2015": 6861.391746859923, "total_built_mass_tons": 2996753.5784953707, "city_id": 101, "country_iso": "USA"}, {"h3index": "8728f0116ffffff", "population_2015": 2168.612020627855, "total_built_mass_tons": 2992277.262935225, "city_id": 101, "country_iso": "USA"}, {"h3index": "8728f0118ffffff", "population_2015": 6313.6542293978755, "total_built_mass_tons": 3509059.658036318, "city_id": 101, "country_iso": "USA"}, {"h3index": "8728f0119ffffff", "population_2015": 4639.262799574653, "total_built_mass_tons": 1922809.799545557, "city_id": 101, "country_iso": "USA"}, {"h3index": "8728f011affffff", "population_2015": 9777.709944316215, "total_built_mass_tons": 3758848.485316541, "city_id": 101, "country_iso": "USA"}, {"h3index": "8728f011bffffff", "population_2015": 8463.928191447278, "total_built_mass_tons": 2951176.284981556, "city_id": 101, "country_iso": "USA"}, {"h3index": "8728f011cffffff", "population_2015": 5717.92147515606, "total_built_mass_tons": 2996638.1580604254, "city_id": 101, "country_iso": "USA"}, {"h3index": "8728f011dffffff", "population_2015": 1152.8738895407348, "total_built_mass_tons": 592987.2132685491, "city_id": 101, "country_iso": "USA"}, {"h3index": "8728f011effffff", "population_2015": 8838.25140879762, "total_built_mass_tons": 3713090.690911736, "city_id": 101, "country_iso": "USA"}, {"h3index": "8728f0128ffffff", "population_2015": 4741.417019281487, "total_built_mass_tons": 1987643.5531464969, "city_id": 101, "country_iso": "USA"}, {"h3index": "8728f0129ffffff", "population_2015": 2497.5092891548043, "total_built_mass_tons": 2136468.1111063105, "city_id": 101, "country_iso": "USA"}, {"h3index": "8728f012affffff", "population_2015": 1099.415027189956, "total_built_mass_tons": 514128.16779151553, "city_id": 101, "country_iso": "USA"}, {"h3index": "8728f012bffffff", "population_2015": 2905.4702627339134, "total_built_mass_tons": 2945895.737858885, "city_id": 101, "country_iso": "USA"}, {"h3index": "8728f012dffffff", "population_2015": 6377.693073765877, "total_built_mass_tons": 2747768.8062108625, "city_id": 101, "country_iso": "USA"}, {"h3index": "8728f012effffff", "population_2015": 124.650659420911, "total_built_mass_tons": 38729.80737840633, "city_id": 101, "country_iso": "USA"}, {"h3index": "8728f0130ffffff", "population_2015": 187.1007665351517, "total_built_mass_tons": 435457.1130326918, "city_id": 101, "country_iso": "USA"}, {"h3index": "8728f0132ffffff", "population_2015": 1574.261964268011, "total_built_mass_tons": 1435432.146591262, "city_id": 101, "country_iso": "USA"}, {"h3index": "8728f0133ffffff", "population_2015": 8283.50628889811, "total_built_mass_tons": 3276393.485301658, "city_id": 101, "country_iso": "USA"}, {"h3index": "8728f0136ffffff", "population_2015": 155.35141792110366, "total_built_mass_tons": 60212.59767931221, "city_id": 101, "country_iso": "USA"}, {"h3index": "8728f0140ffffff", "population_2015": 6483.685327843591, "total_built_mass_tons": 1985916.6013021609, "city_id": 101, "country_iso": "USA"}, {"h3index": "8728f0141ffffff", "population_2015": 6392.2765644587735, "total_built_mass_tons": 1974282.6839185003, "city_id": 101, "country_iso": "USA"}, {"h3index": "8728f0142ffffff", "population_2015": 10037.16032596569, "total_built_mass_tons": 3300344.246540248, "city_id": 101, "country_iso": "USA"}, {"h3index": "8728f0143ffffff", "population_2015": 9541.836629243926, "total_built_mass_tons": 3438345.7796822404, "city_id": 101, "country_iso": "USA"}, {"h3index": "8728f0144ffffff", "population_2015": 4373.364448836854, "total_built_mass_tons": 1264212.959755795, "city_id": 101, "country_iso": "USA"}, {"h3index": "8728f0146ffffff", "population_2015": 10811.588561068327, "total_built_mass_tons": 3502909.8819377013, "city_id": 101, "country_iso": "USA"}, {"h3index": "8728f0148ffffff", "population_2015": 2780.367310914133, "total_built_mass_tons": 1766378.888893403, "city_id": 101, "country_iso": "USA"}, {"h3index": "8728f0149ffffff", "population_2015": 6696.809495176361, "total_built_mass_tons": 3002047.1300452296, "city_id": 101, "country_iso": "USA"}, {"h3index": "8728f014affffff", "population_2015": 11727.87348532677, "total_built_mass_tons": 3614043.315406083, "city_id": 101, "country_iso": "USA"}, {"h3index": "8728f014bffffff", "population_2015": 9841.381610676826, "total_built_mass_tons": 3341694.6218564096, "city_id": 101, "country_iso": "USA"}, {"h3index": "8728f014cffffff", "population_2015": 2847.5582271024873, "total_built_mass_tons": 821060.5153357299, "city_id": 101, "country_iso": "USA"}, {"h3index": "8728f014dffffff", "population_2015": 4.876672078449936, "total_built_mass_tons": 25009.919075635476, "city_id": 101, "country_iso": "USA"}, {"h3index": "8728f014effffff", "population_2015": 9256.664641586944, "total_built_mass_tons": 3982883.7475906066, "city_id": 101, "country_iso": "USA"}, {"h3index": "8728f0150ffffff", "population_2015": 5516.163629919614, "total_built_mass_tons": 3220176.8690250907, "city_id": 101, "country_iso": "USA"}, {"h3index": "8728f0151ffffff", "population_2015": 8395.767325396528, "total_built_mass_tons": 4056162.573578188, "city_id": 101, "country_iso": "USA"}, {"h3index": "8728f0152ffffff", "population_2015": 5993.930039659202, "total_built_mass_tons": 2699271.432963562, "city_id": 101, "country_iso": "USA"}, {"h3index": "8728f0153ffffff", "population_2015": 5685.300927573091, "total_built_mass_tons": 2893509.8104337757, "city_id": 101, "country_iso": "USA"}, {"h3index": "8728f0154ffffff", "population_2015": 5239.31563161302, "total_built_mass_tons": 2986538.8190729236, "city_id": 101, "country_iso": "USA"}, {"h3index": "8728f0155ffffff", "population_2015": 7173.344115982045, "total_built_mass_tons": 3545543.89768029, "city_id": 101, "country_iso": "USA"}, {"h3index": "8728f0156ffffff", "population_2015": 5883.397732577021, "total_built_mass_tons": 2418443.950677201, "city_id": 101, "country_iso": "USA"}, {"h3index": "8728f0158ffffff", "population_2015": 5761.70136593202, "total_built_mass_tons": 3169134.6787541974, "city_id": 101, "country_iso": "USA"}, {"h3index": "8728f0159ffffff", "population_2015": 11544.78751932461, "total_built_mass_tons": 3551337.2404944953, "city_id": 101, "country_iso": "USA"}, {"h3index": "8728f015affffff", "population_2015": 6614.239179903561, "total_built_mass_tons": 2996014.5747120893, "city_id": 101, "country_iso": "USA"}, {"h3index": "8728f015bffffff", "population_2015": 5274.538330364196, "total_built_mass_tons": 3261336.31600279, "city_id": 101, "country_iso": "USA"}, {"h3index": "8728f015cffffff", "population_2015": 9217.68570895043, "total_built_mass_tons": 3644996.3585335338, "city_id": 101, "country_iso": "USA"}, {"h3index": "8728f015dffffff", "population_2015": 8054.779347978427, "total_built_mass_tons": 2664097.888774709, "city_id": 101, "country_iso": "USA"}, {"h3index": "8728f015effffff", "population_2015": 7713.073986337175, "total_built_mass_tons": 3272348.465057289, "city_id": 101, "country_iso": "USA"}, {"h3index": "8728f0162ffffff", "population_2015": 2861.7584969211152, "total_built_mass_tons": 905624.2259259778, "city_id": 101, "country_iso": "USA"}, {"h3index": "8728f0170ffffff", "population_2015": 7678.293531965745, "total_built_mass_tons": 3052344.2062594704, "city_id": 101, "country_iso": "USA"}, {"h3index": "8728f0171ffffff", "population_2015": 9236.148827040544, "total_built_mass_tons": 2749550.426859468, "city_id": 101, "country_iso": "USA"}, {"h3index": "8728f0172ffffff", "population_2015": 6838.259593008254, "total_built_mass_tons": 3554700.6774576483, "city_id": 101, "country_iso": "USA"}, {"h3index": "8728f0173ffffff", "population_2015": 7398.71917189126, "total_built_mass_tons": 3270562.0212799776, "city_id": 101, "country_iso": "USA"}, {"h3index": "8728f0174ffffff", "population_2015": 8689.20302013923, "total_built_mass_tons": 3079253.5443444145, "city_id": 101, "country_iso": "USA"}, {"h3index": "8728f0175ffffff", "population_2015": 4818.373828776387, "total_built_mass_tons": 1681600.0775476054, "city_id": 101, "country_iso": "USA"}, {"h3index": "8728f0176ffffff", "population_2015": 7016.552640867061, "total_built_mass_tons": 3143845.3891291865, "city_id": 101, "country_iso": "USA"}, {"h3index": "8728f0180ffffff", "population_2015": 7324.633388664864, "total_built_mass_tons": 2535749.0451735766, "city_id": 101, "country_iso": "USA"}, {"h3index": "8728f0181ffffff", "population_2015": 10211.226248539197, "total_built_mass_tons": 3321542.2207680936, "city_id": 101, "country_iso": "USA"}, {"h3index": "8728f0182ffffff", "population_2015": 8030.234339733182, "total_built_mass_tons": 3115540.8592283768, "city_id": 101, "country_iso": "USA"}, {"h3index": "8728f0183ffffff", "population_2015": 12369.80070871188, "total_built_mass_tons": 3849702.312442542, "city_id": 101, "country_iso": "USA"}, {"h3index": "8728f0184ffffff", "population_2015": 1064.5066867110777, "total_built_mass_tons": 375472.86914838257, "city_id": 101, "country_iso": "USA"}, {"h3index": "8728f0185ffffff", "population_2015": 200.9991366025864, "total_built_mass_tons": 105124.99778847198, "city_id": 101, "country_iso": "USA"}, {"h3index": "8728f0186ffffff", "population_2015": 4939.123017608886, "total_built_mass_tons": 1837952.8985362104, "city_id": 101, "country_iso": "USA"}, {"h3index": "8728f0188ffffff", "population_2015": 9902.809910106307, "total_built_mass_tons": 4013045.440458879, "city_id": 101, "country_iso": "USA"}, {"h3index": "8728f0189ffffff", "population_2015": 9280.84096099407, "total_built_mass_tons": 3964039.803864184, "city_id": 101, "country_iso": "USA"}, {"h3index": "8728f018affffff", "population_2015": 8222.566282118534, "total_built_mass_tons": 3413957.6332511855, "city_id": 101, "country_iso": "USA"}, {"h3index": "8728f018bffffff", "population_2015": 8229.76273304715, "total_built_mass_tons": 3960741.500683649, "city_id": 101, "country_iso": "USA"}, {"h3index": "8728f018cffffff", "population_2015": 14385.204891987414, "total_built_mass_tons": 4061915.2260294855, "city_id": 101, "country_iso": "USA"}, {"h3index": "8728f018dffffff", "population_2015": 9341.324550465748, "total_built_mass_tons": 4055644.907065974, "city_id": 101, "country_iso": "USA"}, {"h3index": "8728f018effffff", "population_2015": 14831.626413802072, "total_built_mass_tons": 3924273.3572249054, "city_id": 101, "country_iso": "USA"}, {"h3index": "8728f0190ffffff", "population_2015": 6668.992216393057, "total_built_mass_tons": 2482840.2689746534, "city_id": 101, "country_iso": "USA"}, {"h3index": "8728f0191ffffff", "population_2015": 7897.61572348607, "total_built_mass_tons": 3405182.7885037684, "city_id": 101, "country_iso": "USA"}, {"h3index": "8728f0192ffffff", "population_2015": 1336.09577815299, "total_built_mass_tons": 600994.3143382381, "city_id": 101, "country_iso": "USA"}, {"h3index": "8728f0193ffffff", "population_2015": 8730.172167697023, "total_built_mass_tons": 3255640.3087496003, "city_id": 101, "country_iso": "USA"}, {"h3index": "8728f0194ffffff", "population_2015": 9348.574103839255, "total_built_mass_tons": 3036699.57770155, "city_id": 101, "country_iso": "USA"}, {"h3index": "8728f0195ffffff", "population_2015": 6286.061304964036, "total_built_mass_tons": 3214555.6654060367, "city_id": 101, "country_iso": "USA"}, {"h3index": "8728f0196ffffff", "population_2015": 200.8154174253052, "total_built_mass_tons": 132254.9611575993, "city_id": 101, "country_iso": "USA"}, {"h3index": "8728f0198ffffff", "population_2015": 4201.445467997708, "total_built_mass_tons": 2742500.9944555783, "city_id": 101, "country_iso": "USA"}, {"h3index": "8728f0199ffffff", "population_2015": 1076.1466792351166, "total_built_mass_tons": 2310014.826801033, "city_id": 101, "country_iso": "USA"}, {"h3index": "8728f019affffff", "population_2015": 449.12684404151696, "total_built_mass_tons": 449703.3708723572, "city_id": 101, "country_iso": "USA"}, {"h3index": "8728f019cffffff", "population_2015": 8002.243616522261, "total_built_mass_tons": 3229337.9810545007, "city_id": 101, "country_iso": "USA"}, {"h3index": "8728f019dffffff", "population_2015": 9277.61190937372, "total_built_mass_tons": 4006263.908009122, "city_id": 101, "country_iso": "USA"}, {"h3index": "8728f019effffff", "population_2015": 6363.337872783384, "total_built_mass_tons": 3307855.4748508898, "city_id": 101, "country_iso": "USA"}, {"h3index": "8728f01a0ffffff", "population_2015": 248.8885323697445, "total_built_mass_tons": 169623.48147373128, "city_id": 101, "country_iso": "USA"}, {"h3index": "8728f01a1ffffff", "population_2015": 2555.1794166500663, "total_built_mass_tons": 1137953.5080866355, "city_id": 101, "country_iso": "USA"}, {"h3index": "8728f01a4ffffff", "population_2015": 1899.3933292091472, "total_built_mass_tons": 934019.2472217148, "city_id": 101, "country_iso": "USA"}, {"h3index": "8728f01a5ffffff", "population_2015": 5919.996142946972, "total_built_mass_tons": 2682520.189252254, "city_id": 101, "country_iso": "USA"}, {"h3index": "8728f01a8ffffff", "population_2015": 6051.875108008008, "total_built_mass_tons": 2964128.722103673, "city_id": 101, "country_iso": "USA"}, {"h3index": "8728f01a9ffffff", "population_2015": 14249.58178233726, "total_built_mass_tons": 4388376.912204126, "city_id": 101, "country_iso": "USA"}, {"h3index": "8728f01aaffffff", "population_2015": 10169.684921397877, "total_built_mass_tons": 2871916.70822877, "city_id": 101, "country_iso": "USA"}, {"h3index": "8728f01abffffff", "population_2015": 8875.272014455351, "total_built_mass_tons": 3634382.099615243, "city_id": 101, "country_iso": "USA"}, {"h3index": "8728f01acffffff", "population_2015": 1437.3851301286732, "total_built_mass_tons": 816923.016825573, "city_id": 101, "country_iso": "USA"}, {"h3index": "8728f01adffffff", "population_2015": 9035.0127834465, "total_built_mass_tons": 3985363.162181658, "city_id": 101, "country_iso": "USA"}, {"h3index": "8728f01aeffffff", "population_2015": 109.40096115271253, "total_built_mass_tons": 96261.06834641472, "city_id": 101, "country_iso": "USA"}, {"h3index": "8728f01b1ffffff", "population_2015": 160.72877283102156, "total_built_mass_tons": 48496.96191741259, "city_id": 101, "country_iso": "USA"}, {"h3index": "8728f056cffffff", "population_2015": 915.6540121488712, "total_built_mass_tons": 452823.1236177902, "city_id": 101, "country_iso": "USA"}, {"h3index": "8728f056dffffff", "population_2015": 264.6547016930456, "total_built_mass_tons": 1432511.4358933258, "city_id": 101, "country_iso": "USA"}, {"h3index": "8728f08d3ffffff", "population_2015": 997.6210282516832, "total_built_mass_tons": 591499.5231475257, "city_id": 101, "country_iso": "USA"}, {"h3index": "8728f08d8ffffff", "population_2015": 7.775239544714271, "total_built_mass_tons": 582148.3761797864, "city_id": 101, "country_iso": "USA"}, {"h3index": "8728f08daffffff", "population_2015": 915.8645007127196, "total_built_mass_tons": 2951383.6956418427, "city_id": 101, "country_iso": "USA"}, {"h3index": "8728f08dbffffff", "population_2015": 1788.8591082465632, "total_built_mass_tons": 1154120.0036000493, "city_id": 101, "country_iso": "USA"}, {"h3index": "8728f08deffffff", "population_2015": 2977.4251308053267, "total_built_mass_tons": 1817405.310941956, "city_id": 101, "country_iso": "USA"}, {"h3index": "8728f0a82ffffff", "population_2015": 523.4436852396703, "total_built_mass_tons": 319712.83266879723, "city_id": 101, "country_iso": "USA"}, {"h3index": "8728f0a90ffffff", "population_2015": 9301.856885484103, "total_built_mass_tons": 3513635.5553549295, "city_id": 101, "country_iso": "USA"}, {"h3index": "8728f0a91ffffff", "population_2015": 8292.515875976229, "total_built_mass_tons": 3063605.8436573492, "city_id": 101, "country_iso": "USA"}, {"h3index": "8728f0a92ffffff", "population_2015": 1644.5073334063168, "total_built_mass_tons": 2440261.117207653, "city_id": 101, "country_iso": "USA"}, {"h3index": "8728f0a93ffffff", "population_2015": 2299.9639369895795, "total_built_mass_tons": 1106131.4622355823, "city_id": 101, "country_iso": "USA"}, {"h3index": "8728f0a94ffffff", "population_2015": 9572.990748512011, "total_built_mass_tons": 3091587.6548861633, "city_id": 101, "country_iso": "USA"}, {"h3index": "8728f0a95ffffff", "population_2015": 6734.110918355019, "total_built_mass_tons": 2935629.6584552806, "city_id": 101, "country_iso": "USA"}, {"h3index": "8728f0a96ffffff", "population_2015": 7061.34038866298, "total_built_mass_tons": 2838989.720742863, "city_id": 101, "country_iso": "USA"}, {"h3index": "8728f0a9cffffff", "population_2015": 289.312808861452, "total_built_mass_tons": 70609.28358497818, "city_id": 101, "country_iso": "USA"}, {"h3index": "8728f0a9effffff", "population_2015": 754.3143424893785, "total_built_mass_tons": 359024.7642118638, "city_id": 101, "country_iso": "USA"}, {"h3index": "8728f0ab2ffffff", "population_2015": 427.7123756350255, "total_built_mass_tons": 205215.8215106675, "city_id": 101, "country_iso": "USA"}, {"h3index": "8728f0c4affffff", "population_2015": 273.96974971060655, "total_built_mass_tons": 119272.87017238406, "city_id": 101, "country_iso": "USA"}, {"h3index": "8728f0c4bffffff", "population_2015": 1246.4096819068452, "total_built_mass_tons": 2042438.3308578385, "city_id": 101, "country_iso": "USA"}, {"h3index": "8728f0cc9ffffff", "population_2015": 641.6146173781041, "total_built_mass_tons": 313285.2519792342, "city_id": 101, "country_iso": "USA"}]