[{"h3index":"876016801ffffff","population_2015":37.9582738876,"total_built_mass_tons":27890.4446567896,"city_id":8082,"country_iso":"IND"},{"h3index":"876016805ffffff","population_2015":138.411028862,"total_built_mass_tons":68121.688723156,"city_id":8082,"country_iso":"IND"},{"h3index":"876016808ffffff","population_2015":65.2532339096,"total_built_mass_tons":14899.7545818215,"city_id":8082,"country_iso":"IND"},{"h3index":"87601680cffffff","population_2015":6849.0004492928,"total_built_mass_tons":1159763.8444827152,"city_id":8082,"country_iso":"IND"},{"h3index":"87601680effffff","population_2015":1083.5837278665,"total_built_mass_tons":183628.4733516198,"city_id":8082,"country_iso":"IND"},{"h3index":"876016828ffffff","population_2015":1881.517486303,"total_built_mass_tons":440838.1342566293,"city_id":8082,"country_iso":"IND"},{"h3index":"87601682affffff","population_2015":1129.2523597306,"total_built_mass_tons":302441.79509324,"city_id":8082,"country_iso":"IND"},{"h3index":"87601682cffffff","population_2015":40.0011425617,"total_built_mass_tons":28340.0400974566,"city_id":8082,"country_iso":"IND"},{"h3index":"87601682effffff","population_2015":389.8626231624,"total_built_mass_tons":187555.0550872569,"city_id":8082,"country_iso":"IND"}]