[{"h3index":"8714a2110ffffff","population_2015":8620.1324860671,"total_built_mass_tons":1667085.1303669182,"city_id":10417,"country_iso":"CHN"},{"h3index":"8714a2111ffffff","population_2015":11.4905377075,"total_built_mass_tons":58134.1593402425,"city_id":10417,"country_iso":"CHN"},{"h3index":"8714a2112ffffff","population_2015":24436.2512422295,"total_built_mass_tons":8839165.1316313855,"city_id":10417,"country_iso":"CHN"},{"h3index":"8714a2113ffffff","population_2015":658.0239965738,"total_built_mass_tons":1012065.2831605888,"city_id":10417,"country_iso":"CHN"},{"h3index":"8714a2116ffffff","population_2015":25382.3328977323,"total_built_mass_tons":4782167.7052537166,"city_id":10417,"country_iso":"CHN"},{"h3index":"8714a21a0ffffff","population_2015":1230.0206574571,"total_built_mass_tons":491865.5598210707,"city_id":10417,"country_iso":"CHN"},{"h3index":"8714a21a1ffffff","population_2015":1856.8990970238,"total_built_mass_tons":613508.2344686612,"city_id":10417,"country_iso":"CHN"},{"h3index":"8714a21a4ffffff","population_2015":9.4335020252,"total_built_mass_tons":33852.0191515438,"city_id":10417,"country_iso":"CHN"},{"h3index":"8714a21a5ffffff","population_2015":19039.4348690557,"total_built_mass_tons":3895771.950597683,"city_id":10417,"country_iso":"CHN"},{"h3index":"8714a21acffffff","population_2015":114.0362737202,"total_built_mass_tons":229988.0227844701,"city_id":10417,"country_iso":"CHN"},{"h3index":"8714a2c4bffffff","population_2015":1049.3691641938,"total_built_mass_tons":298341.9287107229,"city_id":10417,"country_iso":"CHN"}]