[{"h3index":"874054240ffffff","population_2015":7.5284414254,"total_built_mass_tons":3081.2508780267,"city_id":10400,"country_iso":"CHN"},{"h3index":"874054242ffffff","population_2015":192.855085358,"total_built_mass_tons":126872.9173056999,"city_id":10400,"country_iso":"CHN"},{"h3index":"874054246ffffff","population_2015":11740.2139650457,"total_built_mass_tons":2594436.3359975545,"city_id":10400,"country_iso":"CHN"},{"h3index":"874054255ffffff","population_2015":2309.5474231683,"total_built_mass_tons":990847.7169471062,"city_id":10400,"country_iso":"CHN"},{"h3index":"874054271ffffff","population_2015":615.2947668188,"total_built_mass_tons":175929.6021926794,"city_id":10400,"country_iso":"CHN"},{"h3index":"874054273ffffff","population_2015":1069.4280859629,"total_built_mass_tons":304769.3559298192,"city_id":10400,"country_iso":"CHN"}]