[{"h3index":"874b30c10ffffff","population_2015":77.6112340628,"total_built_mass_tons":97988.880854273,"city_id":12579,"country_iso":"CHN"},{"h3index":"874b30c14ffffff","population_2015":2331.4988374654,"total_built_mass_tons":982986.9341142088,"city_id":12579,"country_iso":"CHN"},{"h3index":"874b30c16ffffff","population_2015":9670.4485974256,"total_built_mass_tons":2554479.2040370204,"city_id":12579,"country_iso":"CHN"},{"h3index":"874b30ca4ffffff","population_2015":1598.948965211,"total_built_mass_tons":1382553.3074981971,"city_id":12579,"country_iso":"CHN"},{"h3index":"874b30ca5ffffff","population_2015":255.9858075946,"total_built_mass_tons":274559.0091615812,"city_id":12579,"country_iso":"CHN"},{"h3index":"874b30d89ffffff","population_2015":2866.7091186243,"total_built_mass_tons":1623815.3368793521,"city_id":12579,"country_iso":"CHN"},{"h3index":"874b30d8affffff","population_2015":196.5307900882,"total_built_mass_tons":103288.6676901225,"city_id":12579,"country_iso":"CHN"},{"h3index":"874b30d8bffffff","population_2015":6224.2234182554,"total_built_mass_tons":2527499.3544011917,"city_id":12579,"country_iso":"CHN"},{"h3index":"874b30d98ffffff","population_2015":610.9116070168,"total_built_mass_tons":115138.3064671199,"city_id":12579,"country_iso":"CHN"},{"h3index":"874b30d99ffffff","population_2015":1365.4902848239,"total_built_mass_tons":883551.6794443004,"city_id":12579,"country_iso":"CHN"},{"h3index":"874b30d9dffffff","population_2015":101.8793056077,"total_built_mass_tons":43342.7371431559,"city_id":12579,"country_iso":"CHN"}]