[{"h3index":"871ed6a88ffffff","population_2015":3025.5476045272,"total_built_mass_tons":853345.4248528691,"city_id":3271,"country_iso":"ALB"},{"h3index":"871ed6a89ffffff","population_2015":1064.8501703225,"total_built_mass_tons":307685.7114214954,"city_id":3271,"country_iso":"ALB"},{"h3index":"871ed6a8bffffff","population_2015":969.1070166756,"total_built_mass_tons":279245.8736471917,"city_id":3271,"country_iso":"ALB"},{"h3index":"871ed6a8cffffff","population_2015":11025.1562098241,"total_built_mass_tons":2305132.1503941314,"city_id":3271,"country_iso":"ALB"},{"h3index":"871ed6a8dffffff","population_2015":17200.2052349165,"total_built_mass_tons":3891641.7757529742,"city_id":3271,"country_iso":"ALB"},{"h3index":"871ed6aaaffffff","population_2015":2479.3692328939,"total_built_mass_tons":847880.2582765627,"city_id":3271,"country_iso":"ALB"},{"h3index":"871ed6aabffffff","population_2015":15616.8784747573,"total_built_mass_tons":2881929.3877596613,"city_id":3271,"country_iso":"ALB"},{"h3index":"871ed6af6ffffff","population_2015":2080.4906825842,"total_built_mass_tons":487177.665208897,"city_id":3271,"country_iso":"ALB"}]