[{"h3index":"8740d5100ffffff","population_2015":769.3291085206,"total_built_mass_tons":788034.4462847109,"city_id":10264,"country_iso":"CHN"},{"h3index":"8740d5101ffffff","population_2015":8594.1756572265,"total_built_mass_tons":3762471.6020600642,"city_id":10264,"country_iso":"CHN"},{"h3index":"8740d5103ffffff","population_2015":185.5694835812,"total_built_mass_tons":360110.0656343526,"city_id":10264,"country_iso":"CHN"},{"h3index":"8740d5104ffffff","population_2015":339.4379743305,"total_built_mass_tons":457609.208489436,"city_id":10264,"country_iso":"CHN"},{"h3index":"8740d5105ffffff","population_2015":2322.2093732165,"total_built_mass_tons":1788345.3204263709,"city_id":10264,"country_iso":"CHN"},{"h3index":"8740d5108ffffff","population_2015":904.4507996166,"total_built_mass_tons":121449.0999446548,"city_id":10264,"country_iso":"CHN"},{"h3index":"8740d5109ffffff","population_2015":3.087761116,"total_built_mass_tons":4107.025190735,"city_id":10264,"country_iso":"CHN"},{"h3index":"8740d510affffff","population_2015":11408.8175310359,"total_built_mass_tons":831062.0404596985,"city_id":10264,"country_iso":"CHN"},{"h3index":"8740d510bffffff","population_2015":3785.0997593898,"total_built_mass_tons":500170.8433505238,"city_id":10264,"country_iso":"CHN"},{"h3index":"8740d510effffff","population_2015":23651.3329518907,"total_built_mass_tons":3611318.7526591513,"city_id":10264,"country_iso":"CHN"},{"h3index":"8740d511dffffff","population_2015":841.652014177,"total_built_mass_tons":299426.8814437398,"city_id":10264,"country_iso":"CHN"}]