[{"h3index": "874154600ffffff", "population_2015": 2036.399657601001, "total_built_mass_tons": 812743.206337922, "city_id": 11620, "country_iso": "CHN"}, {"h3index": "874154601ffffff", "population_2015": 10886.735307116134, "total_built_mass_tons": 2817449.9660014175, "city_id": 11620, "country_iso": "CHN"}, {"h3index": "874154602ffffff", "population_2015": 1353.829372692108, "total_built_mass_tons": 637716.3106243039, "city_id": 11620, "country_iso": "CHN"}, {"h3index": "874154603ffffff", "population_2015": 26085.65264372639, "total_built_mass_tons": 2913748.610353982, "city_id": 11620, "country_iso": "CHN"}, {"h3index": "874154605ffffff", "population_2015": 343.7071723937988, "total_built_mass_tons": 366037.064664659, "city_id": 11620, "country_iso": "CHN"}, {"h3index": "874154608ffffff", "population_2015": 27540.335126097063, "total_built_mass_tons": 8537167.479804078, "city_id": 11620, "country_iso": "CHN"}, {"h3index": "874154609ffffff", "population_2015": 2170.311324127046, "total_built_mass_tons": 1166980.406762388, "city_id": 11620, "country_iso": "CHN"}, {"h3index": "87415460affffff", "population_2015": 39806.67332127141, "total_built_mass_tons": 9659216.90274005, "city_id": 11620, "country_iso": "CHN"}, {"h3index": "87415460bffffff", "population_2015": 13639.183067813576, "total_built_mass_tons": 6028421.127710262, "city_id": 11620, "country_iso": "CHN"}, {"h3index": "87415460cffffff", "population_2015": 13017.42992022084, "total_built_mass_tons": 5442315.885766319, "city_id": 11620, "country_iso": "CHN"}, {"h3index": "87415460dffffff", "population_2015": 2169.204108036267, "total_built_mass_tons": 1803880.5297665305, "city_id": 11620, "country_iso": "CHN"}, {"h3index": "87415460effffff", "population_2015": 45959.14669684241, "total_built_mass_tons": 6491030.490004195, "city_id": 11620, "country_iso": "CHN"}, {"h3index": "874154610ffffff", "population_2015": 3519.6088504005884, "total_built_mass_tons": 368739.67287490977, "city_id": 11620, "country_iso": "CHN"}, {"h3index": "874154611ffffff", "population_2015": 3565.584375666638, "total_built_mass_tons": 691302.4293494013, "city_id": 11620, "country_iso": "CHN"}, {"h3index": "874154612ffffff", "population_2015": 1366.3152236639285, "total_built_mass_tons": 421731.874304286, "city_id": 11620, "country_iso": "CHN"}, {"h3index": "874154613ffffff", "population_2015": 3479.831794043148, "total_built_mass_tons": 693965.897404921, "city_id": 11620, "country_iso": "CHN"}, {"h3index": "874154614ffffff", "population_2015": 66.12944920109769, "total_built_mass_tons": 21920.87063922735, "city_id": 11620, "country_iso": "CHN"}, {"h3index": "874154615ffffff", "population_2015": 108.97283916847378, "total_built_mass_tons": 81703.40660554657, "city_id": 11620, "country_iso": "CHN"}, {"h3index": "874154616ffffff", "population_2015": 11307.744842936949, "total_built_mass_tons": 474987.3546821429, "city_id": 11620, "country_iso": "CHN"}, {"h3index": "874154618ffffff", "population_2015": 20182.801951479447, "total_built_mass_tons": 3467827.6961620674, "city_id": 11620, "country_iso": "CHN"}, {"h3index": "874154619ffffff", "population_2015": 1218.866439116235, "total_built_mass_tons": 189497.35402865807, "city_id": 11620, "country_iso": "CHN"}, {"h3index": "87415461cffffff", "population_2015": 13990.866030502317, "total_built_mass_tons": 3313801.3121092683, "city_id": 11620, "country_iso": "CHN"}, {"h3index": "87415461dffffff", "population_2015": 36808.79661297143, "total_built_mass_tons": 10406522.335040316, "city_id": 11620, "country_iso": "CHN"}, {"h3index": "87415461effffff", "population_2015": 19465.713200103528, "total_built_mass_tons": 1897258.4634969137, "city_id": 11620, "country_iso": "CHN"}, {"h3index": "874154628ffffff", "population_2015": 371.7219690491172, "total_built_mass_tons": 118273.93783085438, "city_id": 11620, "country_iso": "CHN"}, {"h3index": "87415462affffff", "population_2015": 7690.459017803154, "total_built_mass_tons": 3456626.286021227, "city_id": 11620, "country_iso": "CHN"}, {"h3index": "87415462bffffff", "population_2015": 3092.7895982008354, "total_built_mass_tons": 2368747.6797212716, "city_id": 11620, "country_iso": "CHN"}, {"h3index": "87415462effffff", "population_2015": 778.0583054710836, "total_built_mass_tons": 178208.74226205776, "city_id": 11620, "country_iso": "CHN"}, {"h3index": "874154656ffffff", "population_2015": 2200.433078844874, "total_built_mass_tons": 2325409.937509776, "city_id": 11620, "country_iso": "CHN"}, {"h3index": "8741546a1ffffff", "population_2015": 5.812472212548349, "total_built_mass_tons": 22912.227932753984, "city_id": 11620, "country_iso": "CHN"}, {"h3index": "8741546a5ffffff", "population_2015": 1499.768961132274, "total_built_mass_tons": 136277.11784015995, "city_id": 11620, "country_iso": "CHN"}, {"h3index": "8741546a8ffffff", "population_2015": 1653.585987167732, "total_built_mass_tons": 592125.3959439301, "city_id": 11620, "country_iso": "CHN"}, {"h3index": "8741546acffffff", "population_2015": 4146.288898863511, "total_built_mass_tons": 1066492.6378973585, "city_id": 11620, "country_iso": "CHN"}, {"h3index": "8741546adffffff", "population_2015": 5557.632018716195, "total_built_mass_tons": 2015117.5225414797, "city_id": 11620, "country_iso": "CHN"}, {"h3index": "8741546aeffffff", "population_2015": 16.90453904656803, "total_built_mass_tons": 37231.58775767584, "city_id": 11620, "country_iso": "CHN"}, {"h3index": "8741546e4ffffff", "population_2015": 88.02207042095708, "total_built_mass_tons": 177182.45827419418, "city_id": 11620, "country_iso": "CHN"}, {"h3index": "8741546e5ffffff", "population_2015": 383.0408058082356, "total_built_mass_tons": 454605.3715012665, "city_id": 11620, "country_iso": "CHN"}]