[{"h3index": "872d48a1affffff", "population_2015": 3148.057942569957, "total_built_mass_tons": 1094768.9307367145, "city_id": 4583, "country_iso": "RUS"}, {"h3index": "872d48a1bffffff", "population_2015": 708.1679910566293, "total_built_mass_tons": 193384.8509274048, "city_id": 4583, "country_iso": "RUS"}, {"h3index": "872d48a89ffffff", "population_2015": 13.582454681396484, "total_built_mass_tons": 35772.72894774509, "city_id": 4583, "country_iso": "RUS"}, {"h3index": "872d48aa9ffffff", "population_2015": 690.100076525819, "total_built_mass_tons": 283731.05228923657, "city_id": 4583, "country_iso": "RUS"}, {"h3index": "872d48aadffffff", "population_2015": 300.2866476844339, "total_built_mass_tons": 270017.20466850535, "city_id": 4583, "country_iso": "RUS"}, {"h3index": "872d48ac0ffffff", "population_2015": 5243.55328985663, "total_built_mass_tons": 2087259.6835781964, "city_id": 4583, "country_iso": "RUS"}, {"h3index": "872d48ac1ffffff", "population_2015": 351.7484432295257, "total_built_mass_tons": 146413.96389763567, "city_id": 4583, "country_iso": "RUS"}, {"h3index": "872d48ac2ffffff", "population_2015": 10251.979259507794, "total_built_mass_tons": 4758219.653666714, "city_id": 4583, "country_iso": "RUS"}, {"h3index": "872d48ac3ffffff", "population_2015": 10814.000404008231, "total_built_mass_tons": 4454147.605581471, "city_id": 4583, "country_iso": "RUS"}, {"h3index": "872d48ac4ffffff", "population_2015": 468.6973870483099, "total_built_mass_tons": 301324.24868212186, "city_id": 4583, "country_iso": "RUS"}, {"h3index": "872d48ac6ffffff", "population_2015": 11147.006329699125, "total_built_mass_tons": 4777358.686779479, "city_id": 4583, "country_iso": "RUS"}, {"h3index": "872d48aceffffff", "population_2015": 835.2390970155305, "total_built_mass_tons": 598288.0020703239, "city_id": 4583, "country_iso": "RUS"}, {"h3index": "872d48ad0ffffff", "population_2015": 16882.353836231607, "total_built_mass_tons": 4153050.1944501703, "city_id": 4583, "country_iso": "RUS"}, {"h3index": "872d48ad1ffffff", "population_2015": 6595.134048342236, "total_built_mass_tons": 2702495.8455677526, "city_id": 4583, "country_iso": "RUS"}, {"h3index": "872d48ad3ffffff", "population_2015": 542.9903519443436, "total_built_mass_tons": 291979.4803745809, "city_id": 4583, "country_iso": "RUS"}, {"h3index": "872d48ad4ffffff", "population_2015": 10126.852904304807, "total_built_mass_tons": 2427823.028709081, "city_id": 4583, "country_iso": "RUS"}, {"h3index": "872d48ad5ffffff", "population_2015": 18652.150155519972, "total_built_mass_tons": 4712187.698662536, "city_id": 4583, "country_iso": "RUS"}, {"h3index": "872d48ad6ffffff", "population_2015": 260.10169673246503, "total_built_mass_tons": 105389.38649778944, "city_id": 4583, "country_iso": "RUS"}, {"h3index": "872d48adcffffff", "population_2015": 1678.5348198423196, "total_built_mass_tons": 716333.2935525425, "city_id": 4583, "country_iso": "RUS"}, {"h3index": "872d48addffffff", "population_2015": 5.1978629168342145, "total_built_mass_tons": 5690.200455831226, "city_id": 4583, "country_iso": "RUS"}, {"h3index": "872d48ae2ffffff", "population_2015": 2996.7868420974874, "total_built_mass_tons": 1413623.1128243906, "city_id": 4583, "country_iso": "RUS"}, {"h3index": "872d48ae6ffffff", "population_2015": 665.5508664785647, "total_built_mass_tons": 416485.3991539723, "city_id": 4583, "country_iso": "RUS"}, {"h3index": "872d48af0ffffff", "population_2015": 8975.297766930451, "total_built_mass_tons": 2322013.332985015, "city_id": 4583, "country_iso": "RUS"}, {"h3index": "872d48af1ffffff", "population_2015": 18131.142170354433, "total_built_mass_tons": 4924912.579845266, "city_id": 4583, "country_iso": "RUS"}, {"h3index": "872d48af2ffffff", "population_2015": 1765.7814166966605, "total_built_mass_tons": 541000.1105192446, "city_id": 4583, "country_iso": "RUS"}, {"h3index": "872d48af3ffffff", "population_2015": 21920.287895490615, "total_built_mass_tons": 4908051.852402165, "city_id": 4583, "country_iso": "RUS"}, {"h3index": "872d48af4ffffff", "population_2015": 6759.318126293256, "total_built_mass_tons": 1816920.304217186, "city_id": 4583, "country_iso": "RUS"}, {"h3index": "872d48af5ffffff", "population_2015": 9861.988824290856, "total_built_mass_tons": 2903805.926524475, "city_id": 4583, "country_iso": "RUS"}]