[{"h3index": "87415c210ffffff", "population_2015": 138.9626137976553, "total_built_mass_tons": 39642.38610132134, "city_id": 11115, "country_iso": "VNM"}, {"h3index": "87415c212ffffff", "population_2015": 1979.8576378354835, "total_built_mass_tons": 324121.90406773036, "city_id": 11115, "country_iso": "VNM"}, {"h3index": "87415c213ffffff", "population_2015": 501.5165038202323, "total_built_mass_tons": 201492.26402535735, "city_id": 11115, "country_iso": "VNM"}, {"h3index": "87415c214ffffff", "population_2015": 4800.274744415284, "total_built_mass_tons": 577326.2336252138, "city_id": 11115, "country_iso": "VNM"}, {"h3index": "87415c215ffffff", "population_2015": 18.989165571624156, "total_built_mass_tons": 8392.595142458375, "city_id": 11115, "country_iso": "VNM"}, {"h3index": "87415c216ffffff", "population_2015": 6075.092230377945, "total_built_mass_tons": 1329267.863304417, "city_id": 11115, "country_iso": "VNM"}, {"h3index": "87415c232ffffff", "population_2015": 6192.792670500513, "total_built_mass_tons": 918814.9534316462, "city_id": 11115, "country_iso": "VNM"}, {"h3index": "87415c233ffffff", "population_2015": 138.51103701124006, "total_built_mass_tons": 34507.83849061915, "city_id": 11115, "country_iso": "VNM"}, {"h3index": "87415c236ffffff", "population_2015": 2183.698452642852, "total_built_mass_tons": 412124.5898565528, "city_id": 11115, "country_iso": "VNM"}, {"h3index": "87415c2a0ffffff", "population_2015": 218.5965082430372, "total_built_mass_tons": 81239.86603982528, "city_id": 11115, "country_iso": "VNM"}, {"h3index": "87415c2a1ffffff", "population_2015": 24.97067075617173, "total_built_mass_tons": 19193.44621423042, "city_id": 11115, "country_iso": "VNM"}, {"h3index": "87415c2a4ffffff", "population_2015": 1346.4465408287797, "total_built_mass_tons": 337133.0748168502, "city_id": 11115, "country_iso": "VNM"}, {"h3index": "87415c2a5ffffff", "population_2015": 596.402477681403, "total_built_mass_tons": 246218.46117830207, "city_id": 11115, "country_iso": "VNM"}, {"h3index": "87415c2acffffff", "population_2015": 355.01350577111344, "total_built_mass_tons": 98748.8400022113, "city_id": 11115, "country_iso": "VNM"}, {"h3index": "87415c388ffffff", "population_2015": 12635.26525811962, "total_built_mass_tons": 1612454.3518397943, "city_id": 11115, "country_iso": "VNM"}, {"h3index": "87415c389ffffff", "population_2015": 36072.698728262214, "total_built_mass_tons": 3804433.2925023865, "city_id": 11115, "country_iso": "VNM"}, {"h3index": "87415c38bffffff", "population_2015": 1622.7878142487766, "total_built_mass_tons": 459856.50816688937, "city_id": 11115, "country_iso": "VNM"}, {"h3index": "87415c38cffffff", "population_2015": 163.3744931931589, "total_built_mass_tons": 144563.2077021988, "city_id": 11115, "country_iso": "VNM"}, {"h3index": "87415c38dffffff", "population_2015": 6994.556326795093, "total_built_mass_tons": 941695.8672413308, "city_id": 11115, "country_iso": "VNM"}, {"h3index": "87415c3a8ffffff", "population_2015": 3859.0711302177574, "total_built_mass_tons": 731108.5698587005, "city_id": 11115, "country_iso": "VNM"}, {"h3index": "87415c3a9ffffff", "population_2015": 1230.7225869721058, "total_built_mass_tons": 316307.5098464936, "city_id": 11115, "country_iso": "VNM"}, {"h3index": "87415c3aaffffff", "population_2015": 95.5502195994059, "total_built_mass_tons": 49494.30957581381, "city_id": 11115, "country_iso": "VNM"}, {"h3index": "87415c3abffffff", "population_2015": 6611.7230118209245, "total_built_mass_tons": 1166185.1321440202, "city_id": 11115, "country_iso": "VNM"}, {"h3index": "87415c3acffffff", "population_2015": 28.268201401654412, "total_built_mass_tons": 24976.582497432548, "city_id": 11115, "country_iso": "VNM"}, {"h3index": "87415c3adffffff", "population_2015": 269.68017717249256, "total_built_mass_tons": 85549.36168837588, "city_id": 11115, "country_iso": "VNM"}]