[{"h3index":"872a33106ffffff","population_2015":41.3703122663,"total_built_mass_tons":14672.2603152437,"city_id":1012,"country_iso":"USA"},{"h3index":"872a33114ffffff","population_2015":22.5815062205,"total_built_mass_tons":23214.3812885937,"city_id":1012,"country_iso":"USA"},{"h3index":"872a33122ffffff","population_2015":141.6951235009,"total_built_mass_tons":107172.0675902426,"city_id":1012,"country_iso":"USA"},{"h3index":"872a33130ffffff","population_2015":1823.1671704549,"total_built_mass_tons":1354905.2282723798,"city_id":1012,"country_iso":"USA"},{"h3index":"872a33131ffffff","population_2015":2852.2743306249,"total_built_mass_tons":1259904.780065431,"city_id":1012,"country_iso":"USA"},{"h3index":"872a33132ffffff","population_2015":8254.7044717076,"total_built_mass_tons":2420090.164941154,"city_id":1012,"country_iso":"USA"},{"h3index":"872a33133ffffff","population_2015":1931.1589925722,"total_built_mass_tons":911267.1454847272,"city_id":1012,"country_iso":"USA"},{"h3index":"872a33134ffffff","population_2015":638.4572710117,"total_built_mass_tons":410186.3962640691,"city_id":1012,"country_iso":"USA"},{"h3index":"872a33136ffffff","population_2015":9745.9259455262,"total_built_mass_tons":2966985.0287497332,"city_id":1012,"country_iso":"USA"},{"h3index":"872a33c48ffffff","population_2015":100.1849016115,"total_built_mass_tons":39814.5610044419,"city_id":1012,"country_iso":"USA"},{"h3index":"872a33c49ffffff","population_2015":5883.1615258084,"total_built_mass_tons":1598299.3271794363,"city_id":1012,"country_iso":"USA"},{"h3index":"872a33c4cffffff","population_2015":179.9788545866,"total_built_mass_tons":108765.1624926759,"city_id":1012,"country_iso":"USA"},{"h3index":"872a33c4dffffff","population_2015":7334.3799025283,"total_built_mass_tons":2859711.0085187852,"city_id":1012,"country_iso":"USA"},{"h3index":"872a33c69ffffff","population_2015":102.4851118812,"total_built_mass_tons":88030.1552826789,"city_id":1012,"country_iso":"USA"},{"h3index":"872a33c6bffffff","population_2015":1367.9235062038,"total_built_mass_tons":837232.2415462674,"city_id":1012,"country_iso":"USA"}]