[{"h3index":"872e2b069ffffff","population_2015":3.5892396328,"total_built_mass_tons":2994.6286134222,"city_id":12938,"country_iso":"JPN"},{"h3index":"872e2b06dffffff","population_2015":15.579291613,"total_built_mass_tons":16008.8949443823,"city_id":12938,"country_iso":"JPN"},{"h3index":"872e2b320ffffff","population_2015":7355.0871160788,"total_built_mass_tons":2394073.6680291891,"city_id":12938,"country_iso":"JPN"},{"h3index":"872e2b321ffffff","population_2015":317.1798931496,"total_built_mass_tons":172421.3121213925,"city_id":12938,"country_iso":"JPN"},{"h3index":"872e2b324ffffff","population_2015":8564.3750629519,"total_built_mass_tons":3666885.0818388839,"city_id":12938,"country_iso":"JPN"},{"h3index":"872e2b325ffffff","population_2015":8578.1791415009,"total_built_mass_tons":4121658.2508060862,"city_id":12938,"country_iso":"JPN"},{"h3index":"872e2b326ffffff","population_2015":2334.2424780864,"total_built_mass_tons":762641.9370457643,"city_id":12938,"country_iso":"JPN"},{"h3index":"872e2b334ffffff","population_2015":858.7821612059,"total_built_mass_tons":378103.4369191758,"city_id":12938,"country_iso":"JPN"},{"h3index":"872e2b335ffffff","population_2015":2.3062098101,"total_built_mass_tons":2875.1825985781,"city_id":12938,"country_iso":"JPN"},{"h3index":"872e2ba88ffffff","population_2015":11124.1118101438,"total_built_mass_tons":3166860.7329126913,"city_id":12938,"country_iso":"JPN"},{"h3index":"872e2ba89ffffff","population_2015":12531.77746269,"total_built_mass_tons":4106886.6640482531,"city_id":12938,"country_iso":"JPN"},{"h3index":"872e2ba8affffff","population_2015":8835.0547419604,"total_built_mass_tons":2927612.4569753436,"city_id":12938,"country_iso":"JPN"},{"h3index":"872e2ba8bffffff","population_2015":19650.336042479,"total_built_mass_tons":4827316.3616113001,"city_id":12938,"country_iso":"JPN"},{"h3index":"872e2ba8dffffff","population_2015":9133.6938944218,"total_built_mass_tons":3064351.4077346781,"city_id":12938,"country_iso":"JPN"},{"h3index":"872e2ba8effffff","population_2015":16.0496648003,"total_built_mass_tons":43836.7156307032,"city_id":12938,"country_iso":"JPN"},{"h3index":"872e2ba98ffffff","population_2015":401.8726079174,"total_built_mass_tons":342383.7633995252,"city_id":12938,"country_iso":"JPN"},{"h3index":"872e2ba99ffffff","population_2015":8842.8861774632,"total_built_mass_tons":2698480.082175164,"city_id":12938,"country_iso":"JPN"},{"h3index":"872e2ba9affffff","population_2015":1021.149851583,"total_built_mass_tons":545000.2073049882,"city_id":12938,"country_iso":"JPN"},{"h3index":"872e2ba9bffffff","population_2015":5554.4899856315,"total_built_mass_tons":2269122.3798876368,"city_id":12938,"country_iso":"JPN"},{"h3index":"872e2ba9dffffff","population_2015":1397.9327753376,"total_built_mass_tons":879361.4611189729,"city_id":12938,"country_iso":"JPN"},{"h3index":"872e2bad0ffffff","population_2015":8.597144657,"total_built_mass_tons":10406.0260695727,"city_id":12938,"country_iso":"JPN"},{"h3index":"872e2bad2ffffff","population_2015":954.6107844745,"total_built_mass_tons":523892.4417253333,"city_id":12938,"country_iso":"JPN"},{"h3index":"872e2bad4ffffff","population_2015":2854.1155745665,"total_built_mass_tons":849717.3747116022,"city_id":12938,"country_iso":"JPN"},{"h3index":"872e2bad5ffffff","population_2015":2.2753119188,"total_built_mass_tons":4972.8463379087,"city_id":12938,"country_iso":"JPN"},{"h3index":"872e2bad6ffffff","population_2015":6889.0442752754,"total_built_mass_tons":2759864.5446716417,"city_id":12938,"country_iso":"JPN"},{"h3index":"872e2baf2ffffff","population_2015":3373.2612204103,"total_built_mass_tons":1115449.9461288585,"city_id":12938,"country_iso":"JPN"}]