[{"h3index": "873d13d80ffffff", "population_2015": 14129.475050570914, "total_built_mass_tons": 1229982.2296191545, "city_id": 7033, "country_iso": "IND"}, {"h3index": "873d13d82ffffff", "population_2015": 34857.56073741539, "total_built_mass_tons": 2245287.2681146725, "city_id": 7033, "country_iso": "IND"}, {"h3index": "873d13d83ffffff", "population_2015": 5318.499254510916, "total_built_mass_tons": 473572.2393184785, "city_id": 7033, "country_iso": "IND"}, {"h3index": "873d13d84ffffff", "population_2015": 1718.2780349133063, "total_built_mass_tons": 243856.08963164932, "city_id": 7033, "country_iso": "IND"}, {"h3index": "873d13d86ffffff", "population_2015": 33490.480609078506, "total_built_mass_tons": 2650360.7251793044, "city_id": 7033, "country_iso": "IND"}, {"h3index": "873d13d90ffffff", "population_2015": 274.5825332940793, "total_built_mass_tons": 71473.63908736073, "city_id": 7033, "country_iso": "IND"}, {"h3index": "873d13d91ffffff", "population_2015": 11010.599519355625, "total_built_mass_tons": 1199524.6291972138, "city_id": 7033, "country_iso": "IND"}, {"h3index": "873d13d93ffffff", "population_2015": 89.32103654824051, "total_built_mass_tons": 34684.798954146805, "city_id": 7033, "country_iso": "IND"}, {"h3index": "873d13d94ffffff", "population_2015": 902.9661900239832, "total_built_mass_tons": 169832.1880394152, "city_id": 7033, "country_iso": "IND"}, {"h3index": "873d13d95ffffff", "population_2015": 11694.875071443294, "total_built_mass_tons": 1294199.823292004, "city_id": 7033, "country_iso": "IND"}, {"h3index": "873d13d98ffffff", "population_2015": 974.5426256441602, "total_built_mass_tons": 163056.2421530409, "city_id": 7033, "country_iso": "IND"}, {"h3index": "873d13d9affffff", "population_2015": 10.155034502814798, "total_built_mass_tons": 2015.407519749016, "city_id": 7033, "country_iso": "IND"}, {"h3index": "873d13d9cffffff", "population_2015": 6209.362084684187, "total_built_mass_tons": 852506.8959120626, "city_id": 7033, "country_iso": "IND"}, {"h3index": "873d13d9effffff", "population_2015": 2247.190683578042, "total_built_mass_tons": 346377.61972845724, "city_id": 7033, "country_iso": "IND"}, {"h3index": "873d13db1ffffff", "population_2015": 86.40135495054956, "total_built_mass_tons": 26104.2664263602, "city_id": 7033, "country_iso": "IND"}, {"h3index": "873d13db3ffffff", "population_2015": 3.3996100481818705, "total_built_mass_tons": 3090.7226362314923, "city_id": 7033, "country_iso": "IND"}]