[{"h3index": "872a930d2ffffff", "population_2015": 3033.0580365758674, "total_built_mass_tons": 1256873.699890985, "city_id": 679, "country_iso": "USA"}, {"h3index": "872a930d3ffffff", "population_2015": 3460.5579586748836, "total_built_mass_tons": 2351773.9682039316, "city_id": 679, "country_iso": "USA"}, {"h3index": "872a930daffffff", "population_2015": 2709.652369063509, "total_built_mass_tons": 1373721.06480634, "city_id": 679, "country_iso": "USA"}, {"h3index": "872a930dbffffff", "population_2015": 109.17414959926232, "total_built_mass_tons": 61304.48623726902, "city_id": 679, "country_iso": "USA"}, {"h3index": "872a930dcffffff", "population_2015": 7.381964604994829, "total_built_mass_tons": 4742.964991452558, "city_id": 679, "country_iso": "USA"}, {"h3index": "872a930deffffff", "population_2015": 1090.6890816291168, "total_built_mass_tons": 833825.5106355334, "city_id": 679, "country_iso": "USA"}, {"h3index": "872a93701ffffff", "population_2015": 732.9683946934983, "total_built_mass_tons": 482685.31570692174, "city_id": 679, "country_iso": "USA"}, {"h3index": "872a93703ffffff", "population_2015": 422.4129279660244, "total_built_mass_tons": 147021.82450740435, "city_id": 679, "country_iso": "USA"}, {"h3index": "872a93708ffffff", "population_2015": 3633.01089174215, "total_built_mass_tons": 1517760.7838445604, "city_id": 679, "country_iso": "USA"}, {"h3index": "872a93709ffffff", "population_2015": 1626.5282723046694, "total_built_mass_tons": 1012875.5467792996, "city_id": 679, "country_iso": "USA"}, {"h3index": "872a9370affffff", "population_2015": 3191.8604990865674, "total_built_mass_tons": 947773.2622012544, "city_id": 679, "country_iso": "USA"}, {"h3index": "872a9370bffffff", "population_2015": 3439.8852117907772, "total_built_mass_tons": 1178341.0143616002, "city_id": 679, "country_iso": "USA"}, {"h3index": "872a9370cffffff", "population_2015": 3054.175877241556, "total_built_mass_tons": 2935174.1355506014, "city_id": 679, "country_iso": "USA"}, {"h3index": "872a9370dffffff", "population_2015": 3101.371800911251, "total_built_mass_tons": 2451550.650228073, "city_id": 679, "country_iso": "USA"}, {"h3index": "872a9370effffff", "population_2015": 4505.876928831083, "total_built_mass_tons": 1303941.399609166, "city_id": 679, "country_iso": "USA"}, {"h3index": "872a9371dffffff", "population_2015": 1637.723026511599, "total_built_mass_tons": 481761.55015299126, "city_id": 679, "country_iso": "USA"}, {"h3index": "872a93721ffffff", "population_2015": 267.04378362343294, "total_built_mass_tons": 1482672.3695621004, "city_id": 679, "country_iso": "USA"}, {"h3index": "872a93728ffffff", "population_2015": 4964.065527015992, "total_built_mass_tons": 2362795.7388386647, "city_id": 679, "country_iso": "USA"}, {"h3index": "872a93729ffffff", "population_2015": 6436.487334079312, "total_built_mass_tons": 1936489.5628827116, "city_id": 679, "country_iso": "USA"}, {"h3index": "872a9372affffff", "population_2015": 326.3037248972731, "total_built_mass_tons": 1507265.8931673465, "city_id": 679, "country_iso": "USA"}, {"h3index": "872a9372bffffff", "population_2015": 7379.571567823374, "total_built_mass_tons": 2598639.4098527287, "city_id": 679, "country_iso": "USA"}, {"h3index": "872a9372cffffff", "population_2015": 2041.0039328491864, "total_built_mass_tons": 1595867.5013797053, "city_id": 679, "country_iso": "USA"}, {"h3index": "872a9372dffffff", "population_2015": 2935.602445642563, "total_built_mass_tons": 2256029.7062108745, "city_id": 679, "country_iso": "USA"}, {"h3index": "872a9372effffff", "population_2015": 451.2079956118383, "total_built_mass_tons": 655941.0088848216, "city_id": 679, "country_iso": "USA"}, {"h3index": "872a93754ffffff", "population_2015": 2401.766542211204, "total_built_mass_tons": 1015947.1105811128, "city_id": 679, "country_iso": "USA"}, {"h3index": "872a93756ffffff", "population_2015": 499.6713963499257, "total_built_mass_tons": 189158.3023966427, "city_id": 679, "country_iso": "USA"}, {"h3index": "872a93770ffffff", "population_2015": 435.2225304594227, "total_built_mass_tons": 208721.17676568255, "city_id": 679, "country_iso": "USA"}, {"h3index": "872a93772ffffff", "population_2015": 378.6937481477418, "total_built_mass_tons": 1639375.1621649154, "city_id": 679, "country_iso": "USA"}, {"h3index": "872a93773ffffff", "population_2015": 12.581712008603647, "total_built_mass_tons": 108689.64118383532, "city_id": 679, "country_iso": "USA"}, {"h3index": "872a93774ffffff", "population_2015": 73.6693358187582, "total_built_mass_tons": 43726.79607572583, "city_id": 679, "country_iso": "USA"}, {"h3index": "872a93776ffffff", "population_2015": 1569.93555237458, "total_built_mass_tons": 1785381.5521031895, "city_id": 679, "country_iso": "USA"}]