[{"h3index": "878f2a0daffffff", "population_2015": 577.4659343308093, "total_built_mass_tons": 207237.7927361966, "city_id": 414, "country_iso": "ECU"}, {"h3index": "878f2a0dbffffff", "population_2015": 2347.2659269893866, "total_built_mass_tons": 760234.054857145, "city_id": 414, "country_iso": "ECU"}, {"h3index": "878f2a390ffffff", "population_2015": 635.061772851383, "total_built_mass_tons": 267707.9107354942, "city_id": 414, "country_iso": "ECU"}, {"h3index": "878f2a392ffffff", "population_2015": 2357.047841797624, "total_built_mass_tons": 901718.3640454102, "city_id": 414, "country_iso": "ECU"}, {"h3index": "878f2a396ffffff", "population_2015": 3554.061949116576, "total_built_mass_tons": 1646675.4938872328, "city_id": 414, "country_iso": "ECU"}, {"h3index": "878f2a729ffffff", "population_2015": 3092.2567134763694, "total_built_mass_tons": 1114125.2235803255, "city_id": 414, "country_iso": "ECU"}, {"h3index": "878f2a72dffffff", "population_2015": 40.5564897368936, "total_built_mass_tons": 27402.706255393576, "city_id": 414, "country_iso": "ECU"}, {"h3index": "878f2a760ffffff", "population_2015": 30618.32923830818, "total_built_mass_tons": 3794584.01659601, "city_id": 414, "country_iso": "ECU"}, {"h3index": "878f2a761ffffff", "population_2015": 2866.6705593557913, "total_built_mass_tons": 313079.93159461336, "city_id": 414, "country_iso": "ECU"}, {"h3index": "878f2a762ffffff", "population_2015": 12385.48649682811, "total_built_mass_tons": 2087649.525274096, "city_id": 414, "country_iso": "ECU"}, {"h3index": "878f2a763ffffff", "population_2015": 2938.1420547934135, "total_built_mass_tons": 410029.8107531701, "city_id": 414, "country_iso": "ECU"}, {"h3index": "878f2a764ffffff", "population_2015": 7638.516994476317, "total_built_mass_tons": 1154169.4416374783, "city_id": 414, "country_iso": "ECU"}, {"h3index": "878f2a765ffffff", "population_2015": 11676.255464075126, "total_built_mass_tons": 1218531.943420691, "city_id": 414, "country_iso": "ECU"}, {"h3index": "878f2a766ffffff", "population_2015": 14251.293984394448, "total_built_mass_tons": 2391468.035245482, "city_id": 414, "country_iso": "ECU"}, {"h3index": "878f2a774ffffff", "population_2015": 6613.25522405961, "total_built_mass_tons": 1946286.7024812987, "city_id": 414, "country_iso": "ECU"}, {"h3index": "878f2a775ffffff", "population_2015": 4792.700751334544, "total_built_mass_tons": 1306832.571226322, "city_id": 414, "country_iso": "ECU"}]