[{"h3index":"87648aa00ffffff","population_2015":8850.5827530655,"total_built_mass_tons":923661.0417824474,"city_id":10171,"country_iso":"MMR"},{"h3index":"87648aa02ffffff","population_2015":11175.364164143,"total_built_mass_tons":1554458.4619045537,"city_id":10171,"country_iso":"MMR"},{"h3index":"87648aa03ffffff","population_2015":343.7054230335,"total_built_mass_tons":54415.9847284287,"city_id":10171,"country_iso":"MMR"},{"h3index":"87648aa04ffffff","population_2015":410.9497584212,"total_built_mass_tons":116967.2887166662,"city_id":10171,"country_iso":"MMR"},{"h3index":"87648aa06ffffff","population_2015":12551.2614741456,"total_built_mass_tons":1822964.1897356987,"city_id":10171,"country_iso":"MMR"},{"h3index":"87648aa15ffffff","population_2015":117.7127831478,"total_built_mass_tons":29089.32540696,"city_id":10171,"country_iso":"MMR"},{"h3index":"87648aa31ffffff","population_2015":56.5996416728,"total_built_mass_tons":14207.0666298516,"city_id":10171,"country_iso":"MMR"},{"h3index":"87648aa33ffffff","population_2015":2628.9141072928,"total_built_mass_tons":620578.5599881583,"city_id":10171,"country_iso":"MMR"}]