[{"h3index":"874171080ffffff","population_2015":1046.2176842442,"total_built_mass_tons":694727.8670965104,"city_id":11713,"country_iso":"CHN"},{"h3index":"874171081ffffff","population_2015":5231.2402639029,"total_built_mass_tons":3063860.4005100378,"city_id":11713,"country_iso":"CHN"},{"h3index":"874171082ffffff","population_2015":6.6987060416,"total_built_mass_tons":12716.5715849787,"city_id":11713,"country_iso":"CHN"},{"h3index":"874171083ffffff","population_2015":3320.6165163279,"total_built_mass_tons":3461813.4157437561,"city_id":11713,"country_iso":"CHN"},{"h3index":"874171085ffffff","population_2015":103.6197232059,"total_built_mass_tons":63836.6651997437,"city_id":11713,"country_iso":"CHN"},{"h3index":"874171088ffffff","population_2015":12158.1572878725,"total_built_mass_tons":1715129.104657043,"city_id":11713,"country_iso":"CHN"},{"h3index":"874171089ffffff","population_2015":136.9149669423,"total_built_mass_tons":47680.0499920126,"city_id":11713,"country_iso":"CHN"},{"h3index":"87417108cffffff","population_2015":12870.3861270456,"total_built_mass_tons":3159556.3687666683,"city_id":11713,"country_iso":"CHN"},{"h3index":"87417108dffffff","population_2015":3256.0589770859,"total_built_mass_tons":518219.5166471631,"city_id":11713,"country_iso":"CHN"},{"h3index":"87417108effffff","population_2015":5254.3619917888,"total_built_mass_tons":4417305.8505771048,"city_id":11713,"country_iso":"CHN"},{"h3index":"874171098ffffff","population_2015":3047.060683329,"total_built_mass_tons":674050.589738655,"city_id":11713,"country_iso":"CHN"},{"h3index":"87417109affffff","population_2015":24.2746209762,"total_built_mass_tons":31890.9579879614,"city_id":11713,"country_iso":"CHN"},{"h3index":"87417109cffffff","population_2015":1962.0717153596,"total_built_mass_tons":468385.9846590607,"city_id":11713,"country_iso":"CHN"},{"h3index":"87417109dffffff","population_2015":1300.6351160204,"total_built_mass_tons":1020775.8428110788,"city_id":11713,"country_iso":"CHN"},{"h3index":"87417109effffff","population_2015":601.4251482533,"total_built_mass_tons":397217.6040476921,"city_id":11713,"country_iso":"CHN"},{"h3index":"8741710aaffffff","population_2015":632.691441693,"total_built_mass_tons":159566.953738226,"city_id":11713,"country_iso":"CHN"},{"h3index":"8741710abffffff","population_2015":1048.792933292,"total_built_mass_tons":123513.4776977473,"city_id":11713,"country_iso":"CHN"}]