[{"h3index":"87649e200ffffff","population_2015":364.5119569068,"total_built_mass_tons":130628.3294771611,"city_id":10260,"country_iso":"MMR"},{"h3index":"87649e201ffffff","population_2015":966.6215285096,"total_built_mass_tons":202824.8328700802,"city_id":10260,"country_iso":"MMR"},{"h3index":"87649e203ffffff","population_2015":493.0026167439,"total_built_mass_tons":147761.793787992,"city_id":10260,"country_iso":"MMR"},{"h3index":"87649e20effffff","population_2015":4.179973146,"total_built_mass_tons":3162.5324801624,"city_id":10260,"country_iso":"MMR"}]