[{"h3index":"873ca1300ffffff","population_2015":5156.8094412561,"total_built_mass_tons":327154.8982000417,"city_id":8846,"country_iso":"IND"},{"h3index":"873ca1301ffffff","population_2015":28247.8065445993,"total_built_mass_tons":2600051.6803581789,"city_id":8846,"country_iso":"IND"},{"h3index":"873ca1302ffffff","population_2015":678.7995414734,"total_built_mass_tons":68636.5579451253,"city_id":8846,"country_iso":"IND"},{"h3index":"873ca1303ffffff","population_2015":475.4619250279,"total_built_mass_tons":106924.7023729778,"city_id":8846,"country_iso":"IND"},{"h3index":"873ca1305ffffff","population_2015":13745.6184255413,"total_built_mass_tons":1149915.7136365946,"city_id":8846,"country_iso":"IND"},{"h3index":"873ca130effffff","population_2015":29.893787384,"total_built_mass_tons":4695.931702248,"city_id":8846,"country_iso":"IND"},{"h3index":"873ca132affffff","population_2015":1816.1164841521,"total_built_mass_tons":160647.3039744891,"city_id":8846,"country_iso":"IND"}]