[{"h3index":"87674a010ffffff","population_2015":96.7389603521,"total_built_mass_tons":49414.2702032986,"city_id":835,"country_iso":"VEN"},{"h3index":"87674a012ffffff","population_2015":393.3394591612,"total_built_mass_tons":122261.0164652678,"city_id":835,"country_iso":"VEN"},{"h3index":"87674a014ffffff","population_2015":438.2824641041,"total_built_mass_tons":136459.2722396465,"city_id":835,"country_iso":"VEN"},{"h3index":"87674a016ffffff","population_2015":1811.0402970445,"total_built_mass_tons":627996.1823106785,"city_id":835,"country_iso":"VEN"},{"h3index":"87674a084ffffff","population_2015":70.6139969826,"total_built_mass_tons":35452.5821493575,"city_id":835,"country_iso":"VEN"},{"h3index":"87674a0a0ffffff","population_2015":3813.6888865303,"total_built_mass_tons":1875102.4315076089,"city_id":835,"country_iso":"VEN"},{"h3index":"87674a0a1ffffff","population_2015":2719.0869249867,"total_built_mass_tons":1492421.3366152346,"city_id":835,"country_iso":"VEN"},{"h3index":"87674a0a2ffffff","population_2015":647.0915679689,"total_built_mass_tons":417834.3375502741,"city_id":835,"country_iso":"VEN"},{"h3index":"87674a0a3ffffff","population_2015":2917.8935567968,"total_built_mass_tons":1517522.29668843,"city_id":835,"country_iso":"VEN"},{"h3index":"87674a0a4ffffff","population_2015":469.5189068215,"total_built_mass_tons":331281.8357573932,"city_id":835,"country_iso":"VEN"},{"h3index":"87674a0a5ffffff","population_2015":2748.5204622886,"total_built_mass_tons":1680708.260849332,"city_id":835,"country_iso":"VEN"},{"h3index":"87674a0a6ffffff","population_2015":2.1644085604,"total_built_mass_tons":1793.9175655612,"city_id":835,"country_iso":"VEN"},{"h3index":"87674a0aeffffff","population_2015":17.3950169133,"total_built_mass_tons":40934.915311257,"city_id":835,"country_iso":"VEN"},{"h3index":"87674a189ffffff","population_2015":98.8495048149,"total_built_mass_tons":40231.259506574,"city_id":835,"country_iso":"VEN"},{"h3index":"87674a18bffffff","population_2015":213.1870088671,"total_built_mass_tons":195728.974984545,"city_id":835,"country_iso":"VEN"}]