[{"h3index": "876d35b00ffffff", "population_2015": 13185.51072592852, "total_built_mass_tons": 2094896.5895158756, "city_id": 244, "country_iso": "MEX"}, {"h3index": "876d35b01ffffff", "population_2015": 163.94252066565494, "total_built_mass_tons": 69660.0806804666, "city_id": 244, "country_iso": "MEX"}, {"h3index": "876d35b02ffffff", "population_2015": 31692.96846536767, "total_built_mass_tons": 5222264.5070759, "city_id": 244, "country_iso": "MEX"}, {"h3index": "876d35b03ffffff", "population_2015": 58.88276384610172, "total_built_mass_tons": 1117249.490163671, "city_id": 244, "country_iso": "MEX"}, {"h3index": "876d35b05ffffff", "population_2015": 3757.802015813192, "total_built_mass_tons": 706366.0237581668, "city_id": 244, "country_iso": "MEX"}, {"h3index": "876d35b06ffffff", "population_2015": 598.2587412310581, "total_built_mass_tons": 310948.6202857414, "city_id": 244, "country_iso": "MEX"}, {"h3index": "876d35b0effffff", "population_2015": 10.780317933185428, "total_built_mass_tons": 1474517.751651456, "city_id": 244, "country_iso": "MEX"}, {"h3index": "876d35b10ffffff", "population_2015": 20938.840913677213, "total_built_mass_tons": 2579621.1720431885, "city_id": 244, "country_iso": "MEX"}, {"h3index": "876d35b11ffffff", "population_2015": 38760.31424746047, "total_built_mass_tons": 5093072.307419218, "city_id": 244, "country_iso": "MEX"}, {"h3index": "876d35b12ffffff", "population_2015": 25518.178689016306, "total_built_mass_tons": 3275521.401599044, "city_id": 244, "country_iso": "MEX"}, {"h3index": "876d35b13ffffff", "population_2015": 41684.53788621801, "total_built_mass_tons": 3521049.5068518715, "city_id": 244, "country_iso": "MEX"}, {"h3index": "876d35b15ffffff", "population_2015": 9694.422200782628, "total_built_mass_tons": 1289158.7000750017, "city_id": 244, "country_iso": "MEX"}, {"h3index": "876d35b16ffffff", "population_2015": 32.27741304472381, "total_built_mass_tons": 34887.48660290009, "city_id": 244, "country_iso": "MEX"}, {"h3index": "876d35b1affffff", "population_2015": 1032.1099388398377, "total_built_mass_tons": 303533.6277002782, "city_id": 244, "country_iso": "MEX"}, {"h3index": "876d35b1cffffff", "population_2015": 14310.40498380016, "total_built_mass_tons": 1998182.1286747712, "city_id": 244, "country_iso": "MEX"}, {"h3index": "876d35b1effffff", "population_2015": 11543.029451892891, "total_built_mass_tons": 1814404.3224407989, "city_id": 244, "country_iso": "MEX"}, {"h3index": "876d35ba0ffffff", "population_2015": 9087.792737390484, "total_built_mass_tons": 1078897.8602568577, "city_id": 244, "country_iso": "MEX"}, {"h3index": "876d35ba1ffffff", "population_2015": 16686.435443699593, "total_built_mass_tons": 1438420.3541749015, "city_id": 244, "country_iso": "MEX"}, {"h3index": "876d35ba4ffffff", "population_2015": 21.311962079066856, "total_built_mass_tons": 100583.40181389592, "city_id": 244, "country_iso": "MEX"}, {"h3index": "876d35ba5ffffff", "population_2015": 5413.56030546826, "total_built_mass_tons": 1280250.1726760091, "city_id": 244, "country_iso": "MEX"}, {"h3index": "876d35badffffff", "population_2015": 746.5201484502529, "total_built_mass_tons": 171472.21019299852, "city_id": 244, "country_iso": "MEX"}]