[{"h3index":"873c16984ffffff","population_2015":50.0791959276,"total_built_mass_tons":32447.878650266,"city_id":8352,"country_iso":"IND"},{"h3index":"873c169a0ffffff","population_2015":119.9479355924,"total_built_mass_tons":56552.2806164183,"city_id":8352,"country_iso":"IND"},{"h3index":"873c169a2ffffff","population_2015":243.8940421834,"total_built_mass_tons":106149.3008997192,"city_id":8352,"country_iso":"IND"},{"h3index":"873c169a3ffffff","population_2015":147.6940097659,"total_built_mass_tons":69406.3990524506,"city_id":8352,"country_iso":"IND"},{"h3index":"873c169a5ffffff","population_2015":3.3316900197,"total_built_mass_tons":2936.7055308488,"city_id":8352,"country_iso":"IND"},{"h3index":"873c169a6ffffff","population_2015":106.6581077987,"total_built_mass_tons":53346.9184839149,"city_id":8352,"country_iso":"IND"},{"h3index":"873c169b0ffffff","population_2015":1927.6113611857,"total_built_mass_tons":342826.8448858425,"city_id":8352,"country_iso":"IND"},{"h3index":"873c169b1ffffff","population_2015":288.8679966496,"total_built_mass_tons":61997.8374435643,"city_id":8352,"country_iso":"IND"},{"h3index":"873c169b2ffffff","population_2015":272.8476755217,"total_built_mass_tons":67545.6635414152,"city_id":8352,"country_iso":"IND"},{"h3index":"873c169b3ffffff","population_2015":188.5184272579,"total_built_mass_tons":41549.3667023296,"city_id":8352,"country_iso":"IND"},{"h3index":"873c169b4ffffff","population_2015":43.8749749576,"total_built_mass_tons":15868.5780579611,"city_id":8352,"country_iso":"IND"},{"h3index":"873c169b5ffffff","population_2015":186.6825811274,"total_built_mass_tons":61323.4538329082,"city_id":8352,"country_iso":"IND"},{"h3index":"873d89658ffffff","population_2015":0.106701245,"total_built_mass_tons":647.8194057794,"city_id":8352,"country_iso":"IND"},{"h3index":"873d89659ffffff","population_2015":34.4121076322,"total_built_mass_tons":21022.566495776,"city_id":8352,"country_iso":"IND"},{"h3index":"873d8965affffff","population_2015":106.2978928547,"total_built_mass_tons":42809.2264421387,"city_id":8352,"country_iso":"IND"},{"h3index":"873d8965bffffff","population_2015":156.1229172875,"total_built_mass_tons":74631.6460260387,"city_id":8352,"country_iso":"IND"},{"h3index":"873d896cdffffff","population_2015":2.0441266602,"total_built_mass_tons":2825.3791176701,"city_id":8352,"country_iso":"IND"}]