[{"h3index": "87309e294ffffff", "population_2015": 220.02871729906872, "total_built_mass_tons": 53791.70510208212, "city_id": 12324, "country_iso": "CHN"}, {"h3index": "87309e2b2ffffff", "population_2015": 3775.131141385845, "total_built_mass_tons": 830763.0639571525, "city_id": 12324, "country_iso": "CHN"}, {"h3index": "87309e2b3ffffff", "population_2015": 528.3594332526712, "total_built_mass_tons": 51894.61683215659, "city_id": 12324, "country_iso": "CHN"}, {"h3index": "87309e62dffffff", "population_2015": 20.59270907944324, "total_built_mass_tons": 56249.12109062574, "city_id": 12324, "country_iso": "CHN"}, {"h3index": "87309e664ffffff", "population_2015": 2467.747534721038, "total_built_mass_tons": 1250896.1146746082, "city_id": 12324, "country_iso": "CHN"}, {"h3index": "87309e665ffffff", "population_2015": 29.46251932405958, "total_built_mass_tons": 30685.656578027905, "city_id": 12324, "country_iso": "CHN"}, {"h3index": "87309e740ffffff", "population_2015": 2694.3565302269135, "total_built_mass_tons": 884880.9458985374, "city_id": 12324, "country_iso": "CHN"}, {"h3index": "87309e741ffffff", "population_2015": 5639.412939041735, "total_built_mass_tons": 2883257.4340926087, "city_id": 12324, "country_iso": "CHN"}, {"h3index": "87309e742ffffff", "population_2015": 3163.9162601807534, "total_built_mass_tons": 1180197.3876207802, "city_id": 12324, "country_iso": "CHN"}, {"h3index": "87309e743ffffff", "population_2015": 16033.731030451088, "total_built_mass_tons": 5008363.222559938, "city_id": 12324, "country_iso": "CHN"}, {"h3index": "87309e745ffffff", "population_2015": 1.0727663227156097, "total_built_mass_tons": 1781.5591309817428, "city_id": 12324, "country_iso": "CHN"}, {"h3index": "87309e748ffffff", "population_2015": 4486.9162033585935, "total_built_mass_tons": 1485100.279471681, "city_id": 12324, "country_iso": "CHN"}, {"h3index": "87309e749ffffff", "population_2015": 1440.2354835874896, "total_built_mass_tons": 812100.4044293354, "city_id": 12324, "country_iso": "CHN"}, {"h3index": "87309e74affffff", "population_2015": 9218.423153632297, "total_built_mass_tons": 2277783.3058921117, "city_id": 12324, "country_iso": "CHN"}, {"h3index": "87309e74bffffff", "population_2015": 91.40723751806746, "total_built_mass_tons": 98633.31655645242, "city_id": 12324, "country_iso": "CHN"}, {"h3index": "87309e74cffffff", "population_2015": 4763.197947006599, "total_built_mass_tons": 2231860.654148757, "city_id": 12324, "country_iso": "CHN"}, {"h3index": "87309e74effffff", "population_2015": 12093.844291058707, "total_built_mass_tons": 4212283.050816262, "city_id": 12324, "country_iso": "CHN"}, {"h3index": "87309e751ffffff", "population_2015": 3772.026720070839, "total_built_mass_tons": 1665784.3086266909, "city_id": 12324, "country_iso": "CHN"}, {"h3index": "87309e753ffffff", "population_2015": 47.257055442473465, "total_built_mass_tons": 43231.52371517553, "city_id": 12324, "country_iso": "CHN"}, {"h3index": "87309e758ffffff", "population_2015": 15654.896643494629, "total_built_mass_tons": 3958318.634865381, "city_id": 12324, "country_iso": "CHN"}, {"h3index": "87309e759ffffff", "population_2015": 9455.669131101344, "total_built_mass_tons": 2123178.4469417604, "city_id": 12324, "country_iso": "CHN"}, {"h3index": "87309e75affffff", "population_2015": 847.437732853609, "total_built_mass_tons": 433036.3052972794, "city_id": 12324, "country_iso": "CHN"}, {"h3index": "87309e75bffffff", "population_2015": 901.575868956248, "total_built_mass_tons": 578479.6922224918, "city_id": 12324, "country_iso": "CHN"}, {"h3index": "87309e75cffffff", "population_2015": 34673.54878967135, "total_built_mass_tons": 6932538.792369591, "city_id": 12324, "country_iso": "CHN"}, {"h3index": "87309e75dffffff", "population_2015": 32874.304803855746, "total_built_mass_tons": 6136395.138403129, "city_id": 12324, "country_iso": "CHN"}, {"h3index": "87309e75effffff", "population_2015": 6767.7564740966345, "total_built_mass_tons": 2137514.6683198316, "city_id": 12324, "country_iso": "CHN"}, {"h3index": "87309e76affffff", "population_2015": 121.77762980367623, "total_built_mass_tons": 113828.74341807836, "city_id": 12324, "country_iso": "CHN"}]