[{"h3index": "878124a09ffffff", "population_2015": 5410.626430239981, "total_built_mass_tons": 618074.3234951216, "city_id": 1344, "country_iso": "BRA"}, {"h3index": "878124a0bffffff", "population_2015": 999.862619446072, "total_built_mass_tons": 210924.01279298405, "city_id": 1344, "country_iso": "BRA"}, {"h3index": "878124a42ffffff", "population_2015": 15901.74556186924, "total_built_mass_tons": 1065743.1638071078, "city_id": 1344, "country_iso": "BRA"}, {"h3index": "878124a46ffffff", "population_2015": 9830.463988569672, "total_built_mass_tons": 2235200.572696372, "city_id": 1344, "country_iso": "BRA"}, {"h3index": "878124a50ffffff", "population_2015": 17819.53217845805, "total_built_mass_tons": 1995174.3764226537, "city_id": 1344, "country_iso": "BRA"}, {"h3index": "878124a51ffffff", "population_2015": 6138.824187427408, "total_built_mass_tons": 835213.0947603595, "city_id": 1344, "country_iso": "BRA"}, {"h3index": "878124a52ffffff", "population_2015": 3942.4404969962975, "total_built_mass_tons": 614722.831380036, "city_id": 1344, "country_iso": "BRA"}, {"h3index": "878124a53ffffff", "population_2015": 109.92012135094288, "total_built_mass_tons": 42644.897853822855, "city_id": 1344, "country_iso": "BRA"}, {"h3index": "878124a54ffffff", "population_2015": 31986.801858627085, "total_built_mass_tons": 3608677.2699279105, "city_id": 1344, "country_iso": "BRA"}, {"h3index": "878124a55ffffff", "population_2015": 24741.2218802611, "total_built_mass_tons": 3643072.533232292, "city_id": 1344, "country_iso": "BRA"}, {"h3index": "878124a56ffffff", "population_2015": 8871.763049519295, "total_built_mass_tons": 1096929.967622987, "city_id": 1344, "country_iso": "BRA"}, {"h3index": "878124a5cffffff", "population_2015": 2385.75120853209, "total_built_mass_tons": 427085.21246644534, "city_id": 1344, "country_iso": "BRA"}, {"h3index": "878124a62ffffff", "population_2015": 14.893381922852758, "total_built_mass_tons": 10680.313088510024, "city_id": 1344, "country_iso": "BRA"}, {"h3index": "878124a70ffffff", "population_2015": 38688.30077310264, "total_built_mass_tons": 3497183.7820546483, "city_id": 1344, "country_iso": "BRA"}, {"h3index": "878124a71ffffff", "population_2015": 15790.904474208868, "total_built_mass_tons": 2160843.0157900336, "city_id": 1344, "country_iso": "BRA"}, {"h3index": "878124a72ffffff", "population_2015": 32817.79755267078, "total_built_mass_tons": 2855784.782245997, "city_id": 1344, "country_iso": "BRA"}, {"h3index": "878124a73ffffff", "population_2015": 43039.73461875542, "total_built_mass_tons": 4994416.550022746, "city_id": 1344, "country_iso": "BRA"}, {"h3index": "878124a74ffffff", "population_2015": 2240.3926043108395, "total_built_mass_tons": 291329.24517225387, "city_id": 1344, "country_iso": "BRA"}, {"h3index": "878124a75ffffff", "population_2015": 3285.9558597340315, "total_built_mass_tons": 505929.0123475584, "city_id": 1344, "country_iso": "BRA"}, {"h3index": "878124a76ffffff", "population_2015": 6464.555820618423, "total_built_mass_tons": 762553.5471605116, "city_id": 1344, "country_iso": "BRA"}, {"h3index": "878124ae5ffffff", "population_2015": 699.2280595124716, "total_built_mass_tons": 229518.22117386953, "city_id": 1344, "country_iso": "BRA"}]