[{"h3index":"8740a6889ffffff","population_2015":830.4479703791,"total_built_mass_tons":407696.0947397581,"city_id":11569,"country_iso":"CHN"},{"h3index":"8740a688dffffff","population_2015":1129.6119216601,"total_built_mass_tons":883349.8907105252,"city_id":11569,"country_iso":"CHN"},{"h3index":"8740a68c6ffffff","population_2015":92.2010812741,"total_built_mass_tons":47599.1657320091,"city_id":11569,"country_iso":"CHN"},{"h3index":"8740a68d4ffffff","population_2015":6121.0731569533,"total_built_mass_tons":3009023.8320587021,"city_id":11569,"country_iso":"CHN"},{"h3index":"8740a68d5ffffff","population_2015":502.0026706392,"total_built_mass_tons":241760.9899576592,"city_id":11569,"country_iso":"CHN"},{"h3index":"8740a68f0ffffff","population_2015":2533.2140261519,"total_built_mass_tons":1686291.2458126703,"city_id":11569,"country_iso":"CHN"},{"h3index":"8740a68f2ffffff","population_2015":8438.9454594453,"total_built_mass_tons":3118861.5750611648,"city_id":11569,"country_iso":"CHN"},{"h3index":"8740a68f3ffffff","population_2015":5417.5508631832,"total_built_mass_tons":1223830.9552113016,"city_id":11569,"country_iso":"CHN"},{"h3index":"8740a68f6ffffff","population_2015":2444.7974134501,"total_built_mass_tons":1020430.4766290032,"city_id":11569,"country_iso":"CHN"}]