[{"h3index":"87a8ebcc2ffffff","population_2015":4645.892324543,"total_built_mass_tons":1091716.6814697669,"city_id":1124,"country_iso":"BRA"},{"h3index":"87a8ebcc3ffffff","population_2015":7023.6910211844,"total_built_mass_tons":1356236.7374019646,"city_id":1124,"country_iso":"BRA"},{"h3index":"87a8ebcceffffff","population_2015":883.6033832578,"total_built_mass_tons":128570.8949088002,"city_id":1124,"country_iso":"BRA"},{"h3index":"87a8ebcd0ffffff","population_2015":503.884409048,"total_built_mass_tons":65334.0073877414,"city_id":1124,"country_iso":"BRA"},{"h3index":"87a8ebcd1ffffff","population_2015":8296.1605230409,"total_built_mass_tons":1245730.4557136176,"city_id":1124,"country_iso":"BRA"},{"h3index":"87a8ebcd5ffffff","population_2015":3284.7480907029,"total_built_mass_tons":479639.1463713971,"city_id":1124,"country_iso":"BRA"},{"h3index":"87a8ebcd8ffffff","population_2015":393.0592441559,"total_built_mass_tons":48163.8828521892,"city_id":1124,"country_iso":"BRA"},{"h3index":"87a8ebcdcffffff","population_2015":11950.5859088094,"total_built_mass_tons":2323113.7622938929,"city_id":1124,"country_iso":"BRA"},{"h3index":"87a8ebcddffffff","population_2015":3176.069543277,"total_built_mass_tons":459068.1695539319,"city_id":1124,"country_iso":"BRA"}]