[{"h3index":"874b36a00ffffff","population_2015":50.0156255451,"total_built_mass_tons":85913.9341239777,"city_id":12538,"country_iso":"CHN"},{"h3index":"874b36a02ffffff","population_2015":6362.2856850474,"total_built_mass_tons":3488702.3742904868,"city_id":12538,"country_iso":"CHN"},{"h3index":"874b36a03ffffff","population_2015":6205.1671913053,"total_built_mass_tons":1330123.3678112058,"city_id":12538,"country_iso":"CHN"},{"h3index":"874b36a06ffffff","population_2015":983.5468948065,"total_built_mass_tons":1213284.0808584029,"city_id":12538,"country_iso":"CHN"},{"h3index":"874b36a0affffff","population_2015":2538.5895405769,"total_built_mass_tons":558446.6550666725,"city_id":12538,"country_iso":"CHN"},{"h3index":"874b36a0effffff","population_2015":440.8441728143,"total_built_mass_tons":96100.9089966604,"city_id":12538,"country_iso":"CHN"},{"h3index":"874b36a11ffffff","population_2015":1668.5935633603,"total_built_mass_tons":998288.0277248068,"city_id":12538,"country_iso":"CHN"},{"h3index":"874b36a15ffffff","population_2015":271.3426989985,"total_built_mass_tons":317154.1959509186,"city_id":12538,"country_iso":"CHN"},{"h3index":"874b36a18ffffff","population_2015":13431.6389442332,"total_built_mass_tons":3091527.1219096798,"city_id":12538,"country_iso":"CHN"},{"h3index":"874b36a19ffffff","population_2015":9173.014987695,"total_built_mass_tons":2713591.0381396934,"city_id":12538,"country_iso":"CHN"},{"h3index":"874b36a1affffff","population_2015":10.9874712364,"total_built_mass_tons":12443.608468759,"city_id":12538,"country_iso":"CHN"},{"h3index":"874b36a1bffffff","population_2015":4534.4577937407,"total_built_mass_tons":1498954.9035178376,"city_id":12538,"country_iso":"CHN"},{"h3index":"874b36a1cffffff","population_2015":21547.9010341794,"total_built_mass_tons":5348886.3201685231,"city_id":12538,"country_iso":"CHN"},{"h3index":"874b36a1dffffff","population_2015":17798.588973625,"total_built_mass_tons":4924324.9135718038,"city_id":12538,"country_iso":"CHN"},{"h3index":"874b36a1effffff","population_2015":1740.8851149017,"total_built_mass_tons":705020.4211566895,"city_id":12538,"country_iso":"CHN"},{"h3index":"874b36ae6ffffff","population_2015":104.1338895012,"total_built_mass_tons":22414.6523790757,"city_id":12538,"country_iso":"CHN"}]