[{"h3index": "871e12404ffffff", "population_2015": 323.0697434015573, "total_built_mass_tons": 111030.94108661429, "city_id": 2933, "country_iso": "ITA"}, {"h3index": "871e12406ffffff", "population_2015": 426.1081777740928, "total_built_mass_tons": 456621.11827978794, "city_id": 2933, "country_iso": "ITA"}, {"h3index": "871e12422ffffff", "population_2015": 3564.32357932728, "total_built_mass_tons": 699796.3232951453, "city_id": 2933, "country_iso": "ITA"}, {"h3index": "871e12426ffffff", "population_2015": 6587.232051907783, "total_built_mass_tons": 979228.8849493788, "city_id": 2933, "country_iso": "ITA"}, {"h3index": "871e12430ffffff", "population_2015": 9232.366478967228, "total_built_mass_tons": 3295973.1762912944, "city_id": 2933, "country_iso": "ITA"}, {"h3index": "871e12431ffffff", "population_2015": 10572.351061132207, "total_built_mass_tons": 5017438.764457351, "city_id": 2933, "country_iso": "ITA"}, {"h3index": "871e12432ffffff", "population_2015": 4031.4754601128407, "total_built_mass_tons": 1364786.0196934263, "city_id": 2933, "country_iso": "ITA"}, {"h3index": "871e12433ffffff", "population_2015": 1465.509077803042, "total_built_mass_tons": 1870850.2462474024, "city_id": 2933, "country_iso": "ITA"}, {"h3index": "871e12434ffffff", "population_2015": 19200.615034927378, "total_built_mass_tons": 5942449.933749482, "city_id": 2933, "country_iso": "ITA"}, {"h3index": "871e12435ffffff", "population_2015": 28473.0041670279, "total_built_mass_tons": 5480336.179042109, "city_id": 2933, "country_iso": "ITA"}, {"h3index": "871e12436ffffff", "population_2015": 82.8961046144074, "total_built_mass_tons": 48091.99967374815, "city_id": 2933, "country_iso": "ITA"}, {"h3index": "871e12518ffffff", "population_2015": 11236.112298885317, "total_built_mass_tons": 2598768.048109241, "city_id": 2933, "country_iso": "ITA"}, {"h3index": "871e12519ffffff", "population_2015": 16.299967897639554, "total_built_mass_tons": 15053.508499382348, "city_id": 2933, "country_iso": "ITA"}, {"h3index": "871e1251affffff", "population_2015": 2854.5944886583393, "total_built_mass_tons": 1436026.2643975709, "city_id": 2933, "country_iso": "ITA"}, {"h3index": "871e1251bffffff", "population_2015": 51591.77318046161, "total_built_mass_tons": 9435745.163543802, "city_id": 2933, "country_iso": "ITA"}, {"h3index": "871e1251cffffff", "population_2015": 1006.1134399049422, "total_built_mass_tons": 334643.05813145684, "city_id": 2933, "country_iso": "ITA"}, {"h3index": "871e125a9ffffff", "population_2015": 4.824405496757404, "total_built_mass_tons": 174784.229710754, "city_id": 2933, "country_iso": "ITA"}]