[{"h3index": "8768651b0ffffff", "population_2015": 14434.130180456126, "total_built_mass_tons": 1405158.9109130015, "city_id": 12955, "country_iso": "PHL"}, {"h3index": "8768651b2ffffff", "population_2015": 395.48205375671387, "total_built_mass_tons": 87210.5243312884, "city_id": 12955, "country_iso": "PHL"}, {"h3index": "8768651b3ffffff", "population_2015": 323.01180309220854, "total_built_mass_tons": 12138.000728807843, "city_id": 12955, "country_iso": "PHL"}, {"h3index": "8768651b4ffffff", "population_2015": 6635.946874199662, "total_built_mass_tons": 1137848.137536375, "city_id": 12955, "country_iso": "PHL"}, {"h3index": "8768651b5ffffff", "population_2015": 6109.386657849481, "total_built_mass_tons": 429197.3211980016, "city_id": 12955, "country_iso": "PHL"}, {"h3index": "8768651b6ffffff", "population_2015": 9264.046602555816, "total_built_mass_tons": 850585.289537282, "city_id": 12955, "country_iso": "PHL"}, {"h3index": "876865c59ffffff", "population_2015": 443.6024090598611, "total_built_mass_tons": 53685.72860275215, "city_id": 12955, "country_iso": "PHL"}, {"h3index": "876865c5affffff", "population_2015": 40.72671890258789, "total_built_mass_tons": 29311.49677523428, "city_id": 12955, "country_iso": "PHL"}, {"h3index": "876865c5bffffff", "population_2015": 3439.330617904663, "total_built_mass_tons": 272006.1824076666, "city_id": 12955, "country_iso": "PHL"}, {"h3index": "876865ccdffffff", "population_2015": 15.6812744140625, "total_built_mass_tons": 46897.09327626139, "city_id": 12955, "country_iso": "PHL"}, {"h3index": "876865ce9ffffff", "population_2015": 18196.680276212508, "total_built_mass_tons": 1649601.1564786308, "city_id": 12955, "country_iso": "PHL"}, {"h3index": "876865cebffffff", "population_2015": 101.64475371416876, "total_built_mass_tons": 82770.3621997931, "city_id": 12955, "country_iso": "PHL"}, {"h3index": "876865cedffffff", "population_2015": 161.84023189544678, "total_built_mass_tons": 49751.94133554616, "city_id": 12955, "country_iso": "PHL"}]