[{"h3index":"873cc2060ffffff","population_2015":335.7932720184,"total_built_mass_tons":70478.7179507965,"city_id":10052,"country_iso":"BGD"},{"h3index":"873cc2061ffffff","population_2015":754.934445729,"total_built_mass_tons":85408.3919984992,"city_id":10052,"country_iso":"BGD"},{"h3index":"873cc2064ffffff","population_2015":131.5722664553,"total_built_mass_tons":50002.4413034107,"city_id":10052,"country_iso":"BGD"},{"h3index":"873cc2066ffffff","population_2015":1037.2756271362,"total_built_mass_tons":140918.92741976,"city_id":10052,"country_iso":"BGD"},{"h3index":"873cc2075ffffff","population_2015":15.3426122665,"total_built_mass_tons":27752.3688659044,"city_id":10052,"country_iso":"BGD"},{"h3index":"873cc2151ffffff","population_2015":154.5501174927,"total_built_mass_tons":50780.6485763176,"city_id":10052,"country_iso":"BGD"},{"h3index":"873cc2158ffffff","population_2015":238.0448849547,"total_built_mass_tons":124981.5008717067,"city_id":10052,"country_iso":"BGD"},{"h3index":"873cc2159ffffff","population_2015":150.8093605042,"total_built_mass_tons":106876.9598408017,"city_id":10052,"country_iso":"BGD"},{"h3index":"873cc215effffff","population_2015":33.5536617877,"total_built_mass_tons":63406.0402318489,"city_id":10052,"country_iso":"BGD"},{"h3index":"873cc2a92ffffff","population_2015":1477.6591884389,"total_built_mass_tons":330575.3138068834,"city_id":10052,"country_iso":"BGD"}]