[{"h3index": "871951a02ffffff", "population_2015": 40.729046903200015, "total_built_mass_tons": 220090.092176257, "city_id": 1775, "country_iso": "GBR"}, {"h3index": "871951a06ffffff", "population_2015": 1327.1744957905191, "total_built_mass_tons": 389776.46471070376, "city_id": 1775, "country_iso": "GBR"}, {"h3index": "871951a10ffffff", "population_2015": 6454.853555265829, "total_built_mass_tons": 1552563.4148443365, "city_id": 1775, "country_iso": "GBR"}, {"h3index": "871951a11ffffff", "population_2015": 7344.030015102261, "total_built_mass_tons": 3674747.957743358, "city_id": 1775, "country_iso": "GBR"}, {"h3index": "871951a12ffffff", "population_2015": 8584.70528520065, "total_built_mass_tons": 2411563.7144698994, "city_id": 1775, "country_iso": "GBR"}, {"h3index": "871951a13ffffff", "population_2015": 16222.586218674043, "total_built_mass_tons": 3478801.8425639365, "city_id": 1775, "country_iso": "GBR"}, {"h3index": "871951a14ffffff", "population_2015": 1.1946008927681866, "total_built_mass_tons": 4195.3564315561525, "city_id": 1775, "country_iso": "GBR"}, {"h3index": "871951a15ffffff", "population_2015": 4842.790634148029, "total_built_mass_tons": 2206672.691250691, "city_id": 1775, "country_iso": "GBR"}, {"h3index": "871951a18ffffff", "population_2015": 110.13750445422004, "total_built_mass_tons": 41300.93778282611, "city_id": 1775, "country_iso": "GBR"}, {"h3index": "871951a1affffff", "population_2015": 3922.8950402544983, "total_built_mass_tons": 1262807.3836437988, "city_id": 1775, "country_iso": "GBR"}, {"h3index": "871951a1cffffff", "population_2015": 466.7755196358645, "total_built_mass_tons": 225659.62879939104, "city_id": 1775, "country_iso": "GBR"}, {"h3index": "871951a1effffff", "population_2015": 8559.246608866079, "total_built_mass_tons": 2087625.8460772152, "city_id": 1775, "country_iso": "GBR"}, {"h3index": "871951a33ffffff", "population_2015": 28.03424058474746, "total_built_mass_tons": 81328.58060985635, "city_id": 1775, "country_iso": "GBR"}, {"h3index": "871951a85ffffff", "population_2015": 5156.395751966916, "total_built_mass_tons": 1326028.2288195367, "city_id": 1775, "country_iso": "GBR"}, {"h3index": "871951aa1ffffff", "population_2015": 3363.4911896062836, "total_built_mass_tons": 1498158.9153625732, "city_id": 1775, "country_iso": "GBR"}, {"h3index": "871951aa3ffffff", "population_2015": 179.560160148845, "total_built_mass_tons": 70644.81997550944, "city_id": 1775, "country_iso": "GBR"}, {"h3index": "871951aa8ffffff", "population_2015": 3607.3720842597536, "total_built_mass_tons": 1768845.3310392434, "city_id": 1775, "country_iso": "GBR"}, {"h3index": "871951aa9ffffff", "population_2015": 3787.005674014839, "total_built_mass_tons": 948694.3269916272, "city_id": 1775, "country_iso": "GBR"}, {"h3index": "871951aaaffffff", "population_2015": 5272.968385852628, "total_built_mass_tons": 1479119.740506771, "city_id": 1775, "country_iso": "GBR"}, {"h3index": "871951aacffffff", "population_2015": 9844.364370622352, "total_built_mass_tons": 3965415.9174440447, "city_id": 1775, "country_iso": "GBR"}, {"h3index": "871951aadffffff", "population_2015": 9983.099078992534, "total_built_mass_tons": 3626429.9502803646, "city_id": 1775, "country_iso": "GBR"}, {"h3index": "871951aaeffffff", "population_2015": 13782.02202181255, "total_built_mass_tons": 3103734.6985461204, "city_id": 1775, "country_iso": "GBR"}, {"h3index": "871951af4ffffff", "population_2015": 1956.4563412180132, "total_built_mass_tons": 565856.5720089616, "city_id": 1775, "country_iso": "GBR"}]