[{"h3index":"872d8d042ffffff","population_2015":9.1163171413,"total_built_mass_tons":6674.2700803699,"city_id":4672,"country_iso":"SYR"},{"h3index":"872d8d050ffffff","population_2015":20075.310846583,"total_built_mass_tons":3137338.870100203,"city_id":4672,"country_iso":"SYR"},{"h3index":"872d8d051ffffff","population_2015":423.1623957344,"total_built_mass_tons":89819.5485790694,"city_id":4672,"country_iso":"SYR"},{"h3index":"872d8d052ffffff","population_2015":22007.8888539595,"total_built_mass_tons":3632763.0879698033,"city_id":4672,"country_iso":"SYR"},{"h3index":"872d8d053ffffff","population_2015":18067.4006223118,"total_built_mass_tons":2785872.7487737793,"city_id":4672,"country_iso":"SYR"},{"h3index":"872d8d054ffffff","population_2015":1664.8079056534,"total_built_mass_tons":310155.8700294524,"city_id":4672,"country_iso":"SYR"},{"h3index":"872d8d055ffffff","population_2015":5928.4893467006,"total_built_mass_tons":1114193.6380643121,"city_id":4672,"country_iso":"SYR"},{"h3index":"872d8d056ffffff","population_2015":4982.3635424633,"total_built_mass_tons":792006.2442286725,"city_id":4672,"country_iso":"SYR"},{"h3index":"872d8d073ffffff","population_2015":86.9728126152,"total_built_mass_tons":38903.6664925841,"city_id":4672,"country_iso":"SYR"},{"h3index":"872d8d0e1ffffff","population_2015":4987.3010462593,"total_built_mass_tons":771423.5654187746,"city_id":4672,"country_iso":"SYR"},{"h3index":"872d8d0e5ffffff","population_2015":8005.0631300216,"total_built_mass_tons":1371803.7766641683,"city_id":4672,"country_iso":"SYR"},{"h3index":"872d8d0ecffffff","population_2015":1537.0598681356,"total_built_mass_tons":221209.3426266695,"city_id":4672,"country_iso":"SYR"},{"h3index":"872d8d0edffffff","population_2015":781.1091651917,"total_built_mass_tons":228776.6133537832,"city_id":4672,"country_iso":"SYR"}]