[{"h3index": "873829820ffffff", "population_2015": 13478.342089828791, "total_built_mass_tons": 2137538.465426393, "city_id": 2084, "country_iso": "DZA"}, {"h3index": "873829821ffffff", "population_2015": 8656.39157114216, "total_built_mass_tons": 1440580.6803263556, "city_id": 2084, "country_iso": "DZA"}, {"h3index": "873829822ffffff", "population_2015": 445.6568254882214, "total_built_mass_tons": 101504.65683207, "city_id": 2084, "country_iso": "DZA"}, {"h3index": "873829823ffffff", "population_2015": 1545.145954087201, "total_built_mass_tons": 258250.6883813307, "city_id": 2084, "country_iso": "DZA"}, {"h3index": "873829824ffffff", "population_2015": 10004.248553455574, "total_built_mass_tons": 1502907.0868692696, "city_id": 2084, "country_iso": "DZA"}, {"h3index": "873829825ffffff", "population_2015": 6699.787592629826, "total_built_mass_tons": 1034175.7920039484, "city_id": 2084, "country_iso": "DZA"}, {"h3index": "873829826ffffff", "population_2015": 4894.691365589813, "total_built_mass_tons": 1330826.6826411698, "city_id": 2084, "country_iso": "DZA"}, {"h3index": "87382982effffff", "population_2015": 515.1194814644607, "total_built_mass_tons": 105355.29383656572, "city_id": 2084, "country_iso": "DZA"}, {"h3index": "873829834ffffff", "population_2015": 36.79702671275419, "total_built_mass_tons": 12445.380419608917, "city_id": 2084, "country_iso": "DZA"}, {"h3index": "873829835ffffff", "population_2015": 53.68260651008755, "total_built_mass_tons": 34529.56903726992, "city_id": 2084, "country_iso": "DZA"}, {"h3index": "87382990affffff", "population_2015": 110.8478385177313, "total_built_mass_tons": 45244.86206480193, "city_id": 2084, "country_iso": "DZA"}, {"h3index": "87382990bffffff", "population_2015": 3377.199500345717, "total_built_mass_tons": 341407.73738815356, "city_id": 2084, "country_iso": "DZA"}, {"h3index": "873829918ffffff", "population_2015": 7016.4434094672115, "total_built_mass_tons": 1080644.695520447, "city_id": 2084, "country_iso": "DZA"}, {"h3index": "873829919ffffff", "population_2015": 4340.419825389339, "total_built_mass_tons": 930803.441255364, "city_id": 2084, "country_iso": "DZA"}, {"h3index": "87382991affffff", "population_2015": 6827.802030402539, "total_built_mass_tons": 1255911.8646086012, "city_id": 2084, "country_iso": "DZA"}, {"h3index": "87382991bffffff", "population_2015": 5488.513792438133, "total_built_mass_tons": 1087905.7402529786, "city_id": 2084, "country_iso": "DZA"}, {"h3index": "8738299adffffff", "population_2015": 2055.431144125321, "total_built_mass_tons": 279122.6234330967, "city_id": 2084, "country_iso": "DZA"}]