[{"h3index":"872b81b09ffffff","population_2015":45.9597175121,"total_built_mass_tons":17587.9670509363,"city_id":1013,"country_iso":"CAN"},{"h3index":"872b81b0bffffff","population_2015":8.3551172666,"total_built_mass_tons":24603.9796924311,"city_id":1013,"country_iso":"CAN"},{"h3index":"872b81b42ffffff","population_2015":8536.5907879644,"total_built_mass_tons":2573595.0231934073,"city_id":1013,"country_iso":"CAN"},{"h3index":"872b81b43ffffff","population_2015":1062.5657815681,"total_built_mass_tons":465436.2466213454,"city_id":1013,"country_iso":"CAN"},{"h3index":"872b81b50ffffff","population_2015":11791.4663465776,"total_built_mass_tons":3643091.7292131949,"city_id":1013,"country_iso":"CAN"},{"h3index":"872b81b51ffffff","population_2015":5953.8310213721,"total_built_mass_tons":2138897.2106867339,"city_id":1013,"country_iso":"CAN"},{"h3index":"872b81b52ffffff","population_2015":20.1977097181,"total_built_mass_tons":272902.9034896029,"city_id":1013,"country_iso":"CAN"},{"h3index":"872b81b53ffffff","population_2015":1684.6463027504,"total_built_mass_tons":948508.781306061,"city_id":1013,"country_iso":"CAN"},{"h3index":"872b81b54ffffff","population_2015":3829.4770042681,"total_built_mass_tons":1240600.7693552244,"city_id":1013,"country_iso":"CAN"},{"h3index":"872b81b55ffffff","population_2015":791.8641331776,"total_built_mass_tons":319908.0591913586,"city_id":1013,"country_iso":"CAN"},{"h3index":"872b81b56ffffff","population_2015":2499.935671531,"total_built_mass_tons":1835097.8362409016,"city_id":1013,"country_iso":"CAN"},{"h3index":"872b81b5cffffff","population_2015":1633.2497908294,"total_built_mass_tons":623687.7388978205,"city_id":1013,"country_iso":"CAN"},{"h3index":"872b81b5dffffff","population_2015":5.7278981611,"total_built_mass_tons":13726.8156080049,"city_id":1013,"country_iso":"CAN"},{"h3index":"872b81b5effffff","population_2015":138.814226648,"total_built_mass_tons":128360.3763276829,"city_id":1013,"country_iso":"CAN"}]