[{"h3index":"876b9aa01ffffff","population_2015":2461.4220569704,"total_built_mass_tons":1088618.5607833683,"city_id":3363,"country_iso":"CAF"},{"h3index":"876b9aa03ffffff","population_2015":1391.7849557129,"total_built_mass_tons":936465.1936507806,"city_id":3363,"country_iso":"CAF"},{"h3index":"876b9aa05ffffff","population_2015":317.9453534126,"total_built_mass_tons":198380.0106284636,"city_id":3363,"country_iso":"CAF"},{"h3index":"876b9aa08ffffff","population_2015":103375.9146928675,"total_built_mass_tons":3645760.8721980611,"city_id":3363,"country_iso":"CAF"},{"h3index":"876b9aa09ffffff","population_2015":4452.6984919118,"total_built_mass_tons":1888643.1617000704,"city_id":3363,"country_iso":"CAF"},{"h3index":"876b9aa0affffff","population_2015":83544.871247918,"total_built_mass_tons":3417727.1169771031,"city_id":3363,"country_iso":"CAF"},{"h3index":"876b9aa0bffffff","population_2015":55100.7944301007,"total_built_mass_tons":2049602.6929186641,"city_id":3363,"country_iso":"CAF"},{"h3index":"876b9aa0cffffff","population_2015":115745.0402385338,"total_built_mass_tons":3450551.7185419342,"city_id":3363,"country_iso":"CAF"},{"h3index":"876b9aa0dffffff","population_2015":30679.2132569781,"total_built_mass_tons":2696773.7078766078,"city_id":3363,"country_iso":"CAF"},{"h3index":"876b9aa0effffff","population_2015":43780.7670445648,"total_built_mass_tons":2444986.736804246,"city_id":3363,"country_iso":"CAF"},{"h3index":"876b9aa18ffffff","population_2015":8.1881492166,"total_built_mass_tons":3781.53499445,"city_id":3363,"country_iso":"CAF"},{"h3index":"876b9aa19ffffff","population_2015":5313.7502419771,"total_built_mass_tons":1708210.5883089278,"city_id":3363,"country_iso":"CAF"},{"h3index":"876b9aa1bffffff","population_2015":2047.499677587,"total_built_mass_tons":511502.6060854201,"city_id":3363,"country_iso":"CAF"},{"h3index":"876b9aa1dffffff","population_2015":1557.2701900492,"total_built_mass_tons":1033776.9902716673,"city_id":3363,"country_iso":"CAF"},{"h3index":"876b9aa21ffffff","population_2015":1536.9354912814,"total_built_mass_tons":834968.7087306459,"city_id":3363,"country_iso":"CAF"},{"h3index":"876b9aa25ffffff","population_2015":998.9235617021,"total_built_mass_tons":426282.1835356503,"city_id":3363,"country_iso":"CAF"},{"h3index":"876b9aa28ffffff","population_2015":4846.1758582199,"total_built_mass_tons":1945602.5429766327,"city_id":3363,"country_iso":"CAF"},{"h3index":"876b9aa29ffffff","population_2015":265.4680155361,"total_built_mass_tons":357062.3087779441,"city_id":3363,"country_iso":"CAF"},{"h3index":"876b9aa2affffff","population_2015":44920.475814752,"total_built_mass_tons":2970414.2729602866,"city_id":3363,"country_iso":"CAF"},{"h3index":"876b9aa2bffffff","population_2015":48814.6892311302,"total_built_mass_tons":3371259.4441124899,"city_id":3363,"country_iso":"CAF"},{"h3index":"876b9aa2cffffff","population_2015":2903.5443293833,"total_built_mass_tons":1883742.8687532148,"city_id":3363,"country_iso":"CAF"},{"h3index":"876b9aa2dffffff","population_2015":36.6210819282,"total_built_mass_tons":33803.2710228763,"city_id":3363,"country_iso":"CAF"},{"h3index":"876b9aa2effffff","population_2015":4075.5035366227,"total_built_mass_tons":1810184.7322972056,"city_id":3363,"country_iso":"CAF"},{"h3index":"876b9aa52ffffff","population_2015":2652.3950468101,"total_built_mass_tons":1105732.2558537249,"city_id":3363,"country_iso":"CAF"},{"h3index":"876b9aa56ffffff","population_2015":3356.9417529499,"total_built_mass_tons":846869.3717563981,"city_id":3363,"country_iso":"CAF"},{"h3index":"876b9aa76ffffff","population_2015":6009.9176958963,"total_built_mass_tons":905700.13661938,"city_id":3363,"country_iso":"CAF"},{"h3index":"876b9aae4ffffff","population_2015":32813.097159468,"total_built_mass_tons":1223493.8065951306,"city_id":3363,"country_iso":"CAF"},{"h3index":"876b9aae6ffffff","population_2015":7221.5686119528,"total_built_mass_tons":1111789.8631042726,"city_id":3363,"country_iso":"CAF"},{"h3index":"876b9ab52ffffff","population_2015":729.8937503955,"total_built_mass_tons":524121.7056251939,"city_id":3363,"country_iso":"CAF"}]