[{"h3index":"8724c6300ffffff","population_2015":1315.2603676422,"total_built_mass_tons":484973.3183217292,"city_id":10118,"country_iso":"CHN"},{"h3index":"8724c6301ffffff","population_2015":3230.0912734125,"total_built_mass_tons":1278840.5577574763,"city_id":10118,"country_iso":"CHN"},{"h3index":"8724c6302ffffff","population_2015":434.8872066947,"total_built_mass_tons":94229.5842406745,"city_id":10118,"country_iso":"CHN"},{"h3index":"8724c6303ffffff","population_2015":166.4722524409,"total_built_mass_tons":186117.0859558762,"city_id":10118,"country_iso":"CHN"},{"h3index":"8724c6305ffffff","population_2015":78.6293690364,"total_built_mass_tons":21779.6474622451,"city_id":10118,"country_iso":"CHN"},{"h3index":"8724c630effffff","population_2015":174.7103742712,"total_built_mass_tons":309947.7011282629,"city_id":10118,"country_iso":"CHN"},{"h3index":"8724c632affffff","population_2015":21.9786376953,"total_built_mass_tons":331112.1765056216,"city_id":10118,"country_iso":"CHN"}]