[{"h3index":"8740f2090ffffff","population_2015":484.478477895,"total_built_mass_tons":685159.2658548787,"city_id":10397,"country_iso":"CHN"},{"h3index":"8740f2092ffffff","population_2015":40824.9606406679,"total_built_mass_tons":9717199.7904783096,"city_id":10397,"country_iso":"CHN"},{"h3index":"8740f2093ffffff","population_2015":5547.2709948311,"total_built_mass_tons":2002011.1240808975,"city_id":10397,"country_iso":"CHN"},{"h3index":"8740f2096ffffff","population_2015":1050.1570002892,"total_built_mass_tons":2424775.0020936774,"city_id":10397,"country_iso":"CHN"},{"h3index":"8740f2440ffffff","population_2015":3.707760334,"total_built_mass_tons":10534.2120078623,"city_id":10397,"country_iso":"CHN"},{"h3index":"8740f2441ffffff","population_2015":276.6029553787,"total_built_mass_tons":143958.3671738324,"city_id":10397,"country_iso":"CHN"},{"h3index":"8740f2444ffffff","population_2015":569.7191688912,"total_built_mass_tons":404469.9975592069,"city_id":10397,"country_iso":"CHN"},{"h3index":"8740f2445ffffff","population_2015":2984.7246163752,"total_built_mass_tons":737342.5162973034,"city_id":10397,"country_iso":"CHN"},{"h3index":"8740f244cffffff","population_2015":5.516728174,"total_built_mass_tons":9158.6883076009,"city_id":10397,"country_iso":"CHN"},{"h3index":"8740f2460ffffff","population_2015":1886.9662033717,"total_built_mass_tons":1082673.2803712888,"city_id":10397,"country_iso":"CHN"},{"h3index":"8740f2461ffffff","population_2015":40591.6426490578,"total_built_mass_tons":4812966.0793535141,"city_id":10397,"country_iso":"CHN"},{"h3index":"8740f2463ffffff","population_2015":2201.4749330446,"total_built_mass_tons":734508.4196301772,"city_id":10397,"country_iso":"CHN"},{"h3index":"8740f2464ffffff","population_2015":392.7708553754,"total_built_mass_tons":301139.5323934773,"city_id":10397,"country_iso":"CHN"},{"h3index":"8740f2465ffffff","population_2015":64790.8889585944,"total_built_mass_tons":5652104.8117190097,"city_id":10397,"country_iso":"CHN"},{"h3index":"8740f2468ffffff","population_2015":7580.1982939589,"total_built_mass_tons":1099575.2894684346,"city_id":10397,"country_iso":"CHN"},{"h3index":"8740f2469ffffff","population_2015":1.7888786222,"total_built_mass_tons":5015.6738079734,"city_id":10397,"country_iso":"CHN"},{"h3index":"8740f246affffff","population_2015":13845.4787145652,"total_built_mass_tons":1677321.9880304672,"city_id":10397,"country_iso":"CHN"},{"h3index":"8740f246bffffff","population_2015":115.9292429298,"total_built_mass_tons":139916.6204095994,"city_id":10397,"country_iso":"CHN"},{"h3index":"8740f246cffffff","population_2015":45371.607146697,"total_built_mass_tons":4525173.5273456965,"city_id":10397,"country_iso":"CHN"},{"h3index":"8740f246dffffff","population_2015":2291.5679770516,"total_built_mass_tons":740431.240847041,"city_id":10397,"country_iso":"CHN"},{"h3index":"8740f246effffff","population_2015":13192.1357863819,"total_built_mass_tons":1620000.3411998281,"city_id":10397,"country_iso":"CHN"},{"h3index":"8740f254bffffff","population_2015":2.8067065669,"total_built_mass_tons":10357.1875360573,"city_id":10397,"country_iso":"CHN"}]