[{"h3index":"871e18328ffffff","population_2015":2360.0903390791,"total_built_mass_tons":726159.3074834273,"city_id":3230,"country_iso":"SRB"},{"h3index":"871e18329ffffff","population_2015":5871.6383861719,"total_built_mass_tons":1939146.0750079951,"city_id":3230,"country_iso":"SRB"},{"h3index":"871e1832bffffff","population_2015":206.1284305778,"total_built_mass_tons":93402.6533089712,"city_id":3230,"country_iso":"SRB"},{"h3index":"871e1832cffffff","population_2015":2842.1410445849,"total_built_mass_tons":872916.4116848354,"city_id":3230,"country_iso":"SRB"},{"h3index":"871e1832dffffff","population_2015":22578.1688111361,"total_built_mass_tons":5499462.3695989652,"city_id":3230,"country_iso":"SRB"},{"h3index":"871e18376ffffff","population_2015":1215.8573298174,"total_built_mass_tons":587467.5420632603,"city_id":3230,"country_iso":"SRB"},{"h3index":"871e18ad1ffffff","population_2015":30.2594278897,"total_built_mass_tons":31234.4075353068,"city_id":3230,"country_iso":"SRB"},{"h3index":"871e18ad2ffffff","population_2015":533.2475961816,"total_built_mass_tons":289549.3441402006,"city_id":3230,"country_iso":"SRB"},{"h3index":"871e18ad3ffffff","population_2015":4581.3889293521,"total_built_mass_tons":1934916.4015798755,"city_id":3230,"country_iso":"SRB"},{"h3index":"871e18adaffffff","population_2015":7704.6759877149,"total_built_mass_tons":2134521.2947556619,"city_id":3230,"country_iso":"SRB"},{"h3index":"871e18adeffffff","population_2015":6190.7034938999,"total_built_mass_tons":1823634.1628509243,"city_id":3230,"country_iso":"SRB"}]