[{"h3index":"8742dc404ffffff","population_2015":691.5335289525,"total_built_mass_tons":113779.391696214,"city_id":6589,"country_iso":"IND"},{"h3index":"8742dc405ffffff","population_2015":402.0479866177,"total_built_mass_tons":56473.4547149114,"city_id":6589,"country_iso":"IND"},{"h3index":"8742dc421ffffff","population_2015":119.8086556304,"total_built_mass_tons":19283.1433780913,"city_id":6589,"country_iso":"IND"},{"h3index":"8742dc422ffffff","population_2015":9.614702681,"total_built_mass_tons":5340.2324110239,"city_id":6589,"country_iso":"IND"},{"h3index":"8742dc423ffffff","population_2015":8138.9967215295,"total_built_mass_tons":1307832.0099250888,"city_id":6589,"country_iso":"IND"},{"h3index":"8742dc42effffff","population_2015":66.1447369744,"total_built_mass_tons":13954.6448370251,"city_id":6589,"country_iso":"IND"}]