[{"h3index": "873199b01ffffff", "population_2015": 19.88900033539417, "total_built_mass_tons": 32978.15987027661, "city_id": 11159, "country_iso": "CHN"}, {"h3index": "873199b02ffffff", "population_2015": 2533.2700698955396, "total_built_mass_tons": 700565.2205903477, "city_id": 11159, "country_iso": "CHN"}, {"h3index": "873199b03ffffff", "population_2015": 703.6515405696981, "total_built_mass_tons": 742798.2321199931, "city_id": 11159, "country_iso": "CHN"}, {"h3index": "873199b0effffff", "population_2015": 51.09574735585381, "total_built_mass_tons": 67498.8785070255, "city_id": 11159, "country_iso": "CHN"}, {"h3index": "873199b10ffffff", "population_2015": 17854.04662306074, "total_built_mass_tons": 1880457.1863461933, "city_id": 11159, "country_iso": "CHN"}, {"h3index": "873199b11ffffff", "population_2015": 7867.026528880176, "total_built_mass_tons": 1698985.525905971, "city_id": 11159, "country_iso": "CHN"}, {"h3index": "873199b12ffffff", "population_2015": 4181.590090991936, "total_built_mass_tons": 1016496.985659718, "city_id": 11159, "country_iso": "CHN"}, {"h3index": "873199b13ffffff", "population_2015": 18352.974283037, "total_built_mass_tons": 3458344.4097216083, "city_id": 11159, "country_iso": "CHN"}, {"h3index": "873199b15ffffff", "population_2015": 74.66648726837307, "total_built_mass_tons": 112989.32447301534, "city_id": 11159, "country_iso": "CHN"}, {"h3index": "873199b18ffffff", "population_2015": 3.510900620853199, "total_built_mass_tons": 6068.510410692436, "city_id": 11159, "country_iso": "CHN"}, {"h3index": "873199b1cffffff", "population_2015": 1107.4701388957455, "total_built_mass_tons": 697616.8139040074, "city_id": 11159, "country_iso": "CHN"}, {"h3index": "873199b1dffffff", "population_2015": 77.11759489938325, "total_built_mass_tons": 74638.21203239693, "city_id": 11159, "country_iso": "CHN"}, {"h3index": "873199b1effffff", "population_2015": 705.3656953643351, "total_built_mass_tons": 474158.8604704316, "city_id": 11159, "country_iso": "CHN"}, {"h3index": "873199ba1ffffff", "population_2015": 8.809250966240377, "total_built_mass_tons": 9293.173782032349, "city_id": 11159, "country_iso": "CHN"}, {"h3index": "873199bacffffff", "population_2015": 1824.6740498898075, "total_built_mass_tons": 814688.446520907, "city_id": 11159, "country_iso": "CHN"}, {"h3index": "873199badffffff", "population_2015": 110.94136758972616, "total_built_mass_tons": 116118.95363927796, "city_id": 11159, "country_iso": "CHN"}]