[{"h3index": "873da8929ffffff", "population_2015": 1088.6732508042278, "total_built_mass_tons": 142987.59323136398, "city_id": 7341, "country_iso": "IND"}, {"h3index": "873da892dffffff", "population_2015": 22567.647804634245, "total_built_mass_tons": 1321622.4799120056, "city_id": 7341, "country_iso": "IND"}, {"h3index": "873da8974ffffff", "population_2015": 47.5977684170592, "total_built_mass_tons": 8519.471723366638, "city_id": 7341, "country_iso": "IND"}, {"h3index": "873dac2c3ffffff", "population_2015": 446.2469273585899, "total_built_mass_tons": 98343.96910893822, "city_id": 7341, "country_iso": "IND"}, {"h3index": "873dac2d1ffffff", "population_2015": 310.58447084613874, "total_built_mass_tons": 61366.8673107993, "city_id": 7341, "country_iso": "IND"}, {"h3index": "873dac2d3ffffff", "population_2015": 1900.8750022140207, "total_built_mass_tons": 160833.9768356458, "city_id": 7341, "country_iso": "IND"}, {"h3index": "873dac2d8ffffff", "population_2015": 29589.725270245115, "total_built_mass_tons": 1660073.057627939, "city_id": 7341, "country_iso": "IND"}, {"h3index": "873dac2d9ffffff", "population_2015": 443.4623557670443, "total_built_mass_tons": 79371.66203685502, "city_id": 7341, "country_iso": "IND"}, {"h3index": "873dac2daffffff", "population_2015": 11217.028968825996, "total_built_mass_tons": 952109.6749260576, "city_id": 7341, "country_iso": "IND"}, {"h3index": "873dac2dbffffff", "population_2015": 311.9814117020252, "total_built_mass_tons": 103752.40989780916, "city_id": 7341, "country_iso": "IND"}, {"h3index": "873dac2dcffffff", "population_2015": 78773.46418663475, "total_built_mass_tons": 3450501.860682833, "city_id": 7341, "country_iso": "IND"}, {"h3index": "873dac2ddffffff", "population_2015": 18491.45107426363, "total_built_mass_tons": 1161957.5190918082, "city_id": 7341, "country_iso": "IND"}, {"h3index": "873dac2deffffff", "population_2015": 52060.53936972523, "total_built_mass_tons": 2365022.552549878, "city_id": 7341, "country_iso": "IND"}]