[{"h3index": "874151d00ffffff", "population_2015": 894.3335551635892, "total_built_mass_tons": 335942.3397936256, "city_id": 11441, "country_iso": "VNM"}, {"h3index": "874151d02ffffff", "population_2015": 13793.94310159122, "total_built_mass_tons": 3314491.8792453986, "city_id": 11441, "country_iso": "VNM"}, {"h3index": "874151d04ffffff", "population_2015": 771.5389947535944, "total_built_mass_tons": 319495.1328938447, "city_id": 11441, "country_iso": "VNM"}, {"h3index": "874151d06ffffff", "population_2015": 11470.213612212385, "total_built_mass_tons": 2977526.0754843233, "city_id": 11441, "country_iso": "VNM"}, {"h3index": "874151d10ffffff", "population_2015": 4841.751013198554, "total_built_mass_tons": 980718.8004062634, "city_id": 11441, "country_iso": "VNM"}, {"h3index": "874151d11ffffff", "population_2015": 4009.946702233483, "total_built_mass_tons": 902779.583427106, "city_id": 11441, "country_iso": "VNM"}, {"h3index": "874151d14ffffff", "population_2015": 2622.661366279452, "total_built_mass_tons": 505566.8271648886, "city_id": 11441, "country_iso": "VNM"}, {"h3index": "874151d15ffffff", "population_2015": 29338.970616290146, "total_built_mass_tons": 4030380.021372428, "city_id": 11441, "country_iso": "VNM"}, {"h3index": "874151d16ffffff", "population_2015": 80.00343861673393, "total_built_mass_tons": 88283.6510663142, "city_id": 11441, "country_iso": "VNM"}, {"h3index": "874151d31ffffff", "population_2015": 259.30225204766964, "total_built_mass_tons": 127917.693215564, "city_id": 11441, "country_iso": "VNM"}, {"h3index": "874151d33ffffff", "population_2015": 69.17484121322633, "total_built_mass_tons": 50641.97103855059, "city_id": 11441, "country_iso": "VNM"}]