[{"h3index":"87960a0c1ffffff","population_2015":657.1816883816,"total_built_mass_tons":366144.4401195208,"city_id":3699,"country_iso":"COD"},{"h3index":"87960a0c3ffffff","population_2015":118.8717265746,"total_built_mass_tons":57197.5248984681,"city_id":3699,"country_iso":"COD"},{"h3index":"87960a0c8ffffff","population_2015":3089.0058463826,"total_built_mass_tons":1361097.4682569767,"city_id":3699,"country_iso":"COD"},{"h3index":"87960a0c9ffffff","population_2015":432.1492652201,"total_built_mass_tons":182822.7657069917,"city_id":3699,"country_iso":"COD"},{"h3index":"87960a0caffffff","population_2015":3758.5650099193,"total_built_mass_tons":1553460.0823710051,"city_id":3699,"country_iso":"COD"},{"h3index":"87960a0cbffffff","population_2015":525.8502442266,"total_built_mass_tons":181652.0125887495,"city_id":3699,"country_iso":"COD"},{"h3index":"87960a0ccffffff","population_2015":326.6013078521,"total_built_mass_tons":196948.3497404236,"city_id":3699,"country_iso":"COD"},{"h3index":"87960a0ceffffff","population_2015":2927.3473963588,"total_built_mass_tons":1270230.0109509593,"city_id":3699,"country_iso":"COD"},{"h3index":"87960a0d9ffffff","population_2015":191.7784203959,"total_built_mass_tons":88376.6962640891,"city_id":3699,"country_iso":"COD"},{"h3index":"87960a0ddffffff","population_2015":8.7603340149,"total_built_mass_tons":1663.7534337549,"city_id":3699,"country_iso":"COD"},{"h3index":"87960a764ffffff","population_2015":74.5846993278,"total_built_mass_tons":39757.3960278015,"city_id":3699,"country_iso":"COD"}]