[{"h3index":"873e68880ffffff","population_2015":71.6396402471,"total_built_mass_tons":48698.5746423097,"city_id":4388,"country_iso":"JOR"},{"h3index":"873e68882ffffff","population_2015":4315.1431530074,"total_built_mass_tons":2542918.9131027963,"city_id":4388,"country_iso":"JOR"},{"h3index":"873e68883ffffff","population_2015":7.9805435592,"total_built_mass_tons":4985.264665411,"city_id":4388,"country_iso":"JOR"},{"h3index":"873e68886ffffff","population_2015":148.5994766983,"total_built_mass_tons":154000.2404516916,"city_id":4388,"country_iso":"JOR"},{"h3index":"873e68890ffffff","population_2015":312.5853788338,"total_built_mass_tons":173981.0714454177,"city_id":4388,"country_iso":"JOR"},{"h3index":"873e68891ffffff","population_2015":8250.305046751,"total_built_mass_tons":3630036.5865494641,"city_id":4388,"country_iso":"JOR"},{"h3index":"873e68893ffffff","population_2015":1007.9120098899,"total_built_mass_tons":617237.1089468577,"city_id":4388,"country_iso":"JOR"},{"h3index":"873e68895ffffff","population_2015":3114.1204698095,"total_built_mass_tons":1442139.6953458467,"city_id":4388,"country_iso":"JOR"},{"h3index":"873e6889cffffff","population_2015":136.1534234028,"total_built_mass_tons":60351.9456461108,"city_id":4388,"country_iso":"JOR"},{"h3index":"873e6889effffff","population_2015":935.7133452378,"total_built_mass_tons":467577.1720605878,"city_id":4388,"country_iso":"JOR"},{"h3index":"873e68c6dffffff","population_2015":515.4258290104,"total_built_mass_tons":205312.4491774561,"city_id":4388,"country_iso":"JOR"}]