[{"h3index": "873d8b100ffffff", "population_2015": 10422.453524196846, "total_built_mass_tons": 1379060.1866487386, "city_id": 8201, "country_iso": "IND"}, {"h3index": "873d8b101ffffff", "population_2015": 19267.09668084687, "total_built_mass_tons": 2030299.6406711424, "city_id": 8201, "country_iso": "IND"}, {"h3index": "873d8b102ffffff", "population_2015": 3181.781578441695, "total_built_mass_tons": 522305.4437043926, "city_id": 8201, "country_iso": "IND"}, {"h3index": "873d8b103ffffff", "population_2015": 17500.83267138612, "total_built_mass_tons": 2081191.2861942276, "city_id": 8201, "country_iso": "IND"}, {"h3index": "873d8b104ffffff", "population_2015": 12084.060260735308, "total_built_mass_tons": 901042.2720605156, "city_id": 8201, "country_iso": "IND"}, {"h3index": "873d8b105ffffff", "population_2015": 9273.106757504336, "total_built_mass_tons": 754791.4019452836, "city_id": 8201, "country_iso": "IND"}, {"h3index": "873d8b106ffffff", "population_2015": 117.31536751167448, "total_built_mass_tons": 45602.18790594996, "city_id": 8201, "country_iso": "IND"}, {"h3index": "873d8b111ffffff", "population_2015": 1027.9937885845409, "total_built_mass_tons": 220076.6429688359, "city_id": 8201, "country_iso": "IND"}, {"h3index": "873d8b115ffffff", "population_2015": 25.259130425546683, "total_built_mass_tons": 5260.069160342735, "city_id": 8201, "country_iso": "IND"}, {"h3index": "873d8b118ffffff", "population_2015": 207.85055648953303, "total_built_mass_tons": 49665.538558652435, "city_id": 8201, "country_iso": "IND"}, {"h3index": "873d8b119ffffff", "population_2015": 21.18024111729042, "total_built_mass_tons": 5281.2382668899045, "city_id": 8201, "country_iso": "IND"}, {"h3index": "873d8b11cffffff", "population_2015": 160.88341742122878, "total_built_mass_tons": 37707.852159530754, "city_id": 8201, "country_iso": "IND"}, {"h3index": "873d8b11dffffff", "population_2015": 1451.7296973808136, "total_built_mass_tons": 258746.69548995967, "city_id": 8201, "country_iso": "IND"}, {"h3index": "873d8b120ffffff", "population_2015": 67031.52104537067, "total_built_mass_tons": 3177093.012486295, "city_id": 8201, "country_iso": "IND"}, {"h3index": "873d8b121ffffff", "population_2015": 68773.38418264948, "total_built_mass_tons": 3573005.762141671, "city_id": 8201, "country_iso": "IND"}, {"h3index": "873d8b122ffffff", "population_2015": 59066.31730725158, "total_built_mass_tons": 3326322.4216640824, "city_id": 8201, "country_iso": "IND"}, {"h3index": "873d8b123ffffff", "population_2015": 92887.02443656173, "total_built_mass_tons": 5603858.78676416, "city_id": 8201, "country_iso": "IND"}, {"h3index": "873d8b124ffffff", "population_2015": 4485.772230395149, "total_built_mass_tons": 293744.21236437256, "city_id": 8201, "country_iso": "IND"}, {"h3index": "873d8b125ffffff", "population_2015": 41645.4048109466, "total_built_mass_tons": 2481803.8312002993, "city_id": 8201, "country_iso": "IND"}, {"h3index": "873d8b126ffffff", "population_2015": 47888.12972000721, "total_built_mass_tons": 3021650.6915069935, "city_id": 8201, "country_iso": "IND"}, {"h3index": "873d8b128ffffff", "population_2015": 41113.65784391515, "total_built_mass_tons": 2281287.3476469964, "city_id": 8201, "country_iso": "IND"}, {"h3index": "873d8b12cffffff", "population_2015": 66456.96027291988, "total_built_mass_tons": 3549841.614324921, "city_id": 8201, "country_iso": "IND"}, {"h3index": "873d8b12dffffff", "population_2015": 516.4107426213283, "total_built_mass_tons": 122874.32784529025, "city_id": 8201, "country_iso": "IND"}, {"h3index": "873d8b12effffff", "population_2015": 64914.55440047021, "total_built_mass_tons": 3561873.055027252, "city_id": 8201, "country_iso": "IND"}, {"h3index": "873d8b131ffffff", "population_2015": 57.899735185211775, "total_built_mass_tons": 10668.497293031984, "city_id": 8201, "country_iso": "IND"}, {"h3index": "873d8b135ffffff", "population_2015": 290.65129270366594, "total_built_mass_tons": 31698.24711182684, "city_id": 8201, "country_iso": "IND"}, {"h3index": "873d8b88affffff", "population_2015": 1918.8948450799085, "total_built_mass_tons": 267584.31428920635, "city_id": 8201, "country_iso": "IND"}, {"h3index": "873d8b88bffffff", "population_2015": 89.62524497836243, "total_built_mass_tons": 18296.616028147437, "city_id": 8201, "country_iso": "IND"}, {"h3index": "873d8b891ffffff", "population_2015": 763.5259421329873, "total_built_mass_tons": 51157.886498145235, "city_id": 8201, "country_iso": "IND"}, {"h3index": "873d8b898ffffff", "population_2015": 21363.381495920825, "total_built_mass_tons": 1371794.311023106, "city_id": 8201, "country_iso": "IND"}, {"h3index": "873d8b899ffffff", "population_2015": 45431.431738206455, "total_built_mass_tons": 3179057.4460489266, "city_id": 8201, "country_iso": "IND"}, {"h3index": "873d8b89bffffff", "population_2015": 15089.1475953794, "total_built_mass_tons": 944680.2858444612, "city_id": 8201, "country_iso": "IND"}, {"h3index": "873d8b89cffffff", "population_2015": 3948.3022511052154, "total_built_mass_tons": 253260.85478243436, "city_id": 8201, "country_iso": "IND"}, {"h3index": "873d8b89dffffff", "population_2015": 3800.089203187532, "total_built_mass_tons": 219125.76769206265, "city_id": 8201, "country_iso": "IND"}, {"h3index": "873d8b89effffff", "population_2015": 2178.139777404187, "total_built_mass_tons": 130325.68291044698, "city_id": 8201, "country_iso": "IND"}, {"h3index": "873d8b8d0ffffff", "population_2015": 17795.57686917174, "total_built_mass_tons": 1447092.456501044, "city_id": 8201, "country_iso": "IND"}, {"h3index": "873d8b8d1ffffff", "population_2015": 9016.880131545722, "total_built_mass_tons": 842317.1246952815, "city_id": 8201, "country_iso": "IND"}, {"h3index": "873d8b8d2ffffff", "population_2015": 52130.9539108426, "total_built_mass_tons": 3200687.709535211, "city_id": 8201, "country_iso": "IND"}, {"h3index": "873d8b8d3ffffff", "population_2015": 29704.90951428881, "total_built_mass_tons": 2282928.7474082746, "city_id": 8201, "country_iso": "IND"}, {"h3index": "873d8b8d6ffffff", "population_2015": 33.36577532899146, "total_built_mass_tons": 73582.25629350124, "city_id": 8201, "country_iso": "IND"}]