[{"h3index": "871e4d418ffffff", "population_2015": 5.3587506799136895, "total_built_mass_tons": 42529.864979739, "city_id": 3744, "country_iso": "UKR"}, {"h3index": "871e4d419ffffff", "population_2015": 206.5245478240882, "total_built_mass_tons": 1278724.854529284, "city_id": 3744, "country_iso": "UKR"}, {"h3index": "871e4d41affffff", "population_2015": 378.7720158399321, "total_built_mass_tons": 2497193.1955174427, "city_id": 3744, "country_iso": "UKR"}, {"h3index": "871e4d41bffffff", "population_2015": 744.386257591902, "total_built_mass_tons": 4372435.258424021, "city_id": 3744, "country_iso": "UKR"}, {"h3index": "871e4d4a9ffffff", "population_2015": 273.64229079671935, "total_built_mass_tons": 1706895.4590480058, "city_id": 3744, "country_iso": "UKR"}, {"h3index": "871e4d4c4ffffff", "population_2015": 2986.0887992368016, "total_built_mass_tons": 313292.1410693679, "city_id": 3744, "country_iso": "UKR"}, {"h3index": "871e4d4e0ffffff", "population_2015": 481.325999607993, "total_built_mass_tons": 3131939.30970369, "city_id": 3744, "country_iso": "UKR"}, {"h3index": "871e4d4e1ffffff", "population_2015": 123.17083055879556, "total_built_mass_tons": 1508132.2231426216, "city_id": 3744, "country_iso": "UKR"}, {"h3index": "871e4d4e2ffffff", "population_2015": 22553.707784083075, "total_built_mass_tons": 4143842.975581262, "city_id": 3744, "country_iso": "UKR"}, {"h3index": "871e4d4e3ffffff", "population_2015": 17.7933564249207, "total_built_mass_tons": 215199.1705985734, "city_id": 3744, "country_iso": "UKR"}, {"h3index": "871e4d4e4ffffff", "population_2015": 53.61741287112236, "total_built_mass_tons": 423562.3306269678, "city_id": 3744, "country_iso": "UKR"}, {"h3index": "871e4d4e6ffffff", "population_2015": 1284.6729761715028, "total_built_mass_tons": 5397425.742754729, "city_id": 3744, "country_iso": "UKR"}, {"h3index": "871e4d4f0ffffff", "population_2015": 1277.689408724916, "total_built_mass_tons": 118953.55082077374, "city_id": 3744, "country_iso": "UKR"}, {"h3index": "871e4d4f1ffffff", "population_2015": 19606.964152496937, "total_built_mass_tons": 1258037.487324538, "city_id": 3744, "country_iso": "UKR"}, {"h3index": "871e4d4f4ffffff", "population_2015": 1730.355490128667, "total_built_mass_tons": 2815367.982048859, "city_id": 3744, "country_iso": "UKR"}, {"h3index": "871e4d4f5ffffff", "population_2015": 48528.025387801834, "total_built_mass_tons": 5109422.804041498, "city_id": 3744, "country_iso": "UKR"}]