[{"h3index": "87be8d020ffffff", "population_2015": 2575.1963725337, "total_built_mass_tons": 925980.7093233552, "city_id": 13076, "country_iso": "AUS"}, {"h3index": "87be8d021ffffff", "population_2015": 549.6704293639052, "total_built_mass_tons": 204928.9564748446, "city_id": 13076, "country_iso": "AUS"}, {"h3index": "87be8d024ffffff", "population_2015": 8114.425689622466, "total_built_mass_tons": 3445007.213265779, "city_id": 13076, "country_iso": "AUS"}, {"h3index": "87be8d025ffffff", "population_2015": 8864.310123422274, "total_built_mass_tons": 2994001.9730514456, "city_id": 13076, "country_iso": "AUS"}, {"h3index": "87be8d026ffffff", "population_2015": 268.216471827264, "total_built_mass_tons": 169925.24765334558, "city_id": 13076, "country_iso": "AUS"}, {"h3index": "87be8d030ffffff", "population_2015": 8.217227696437462, "total_built_mass_tons": 3461.782927895951, "city_id": 13076, "country_iso": "AUS"}, {"h3index": "87be8d032ffffff", "population_2015": 570.7249307130332, "total_built_mass_tons": 233301.59982490583, "city_id": 13076, "country_iso": "AUS"}, {"h3index": "87be8d034ffffff", "population_2015": 5771.729499416024, "total_built_mass_tons": 2401259.5539238076, "city_id": 13076, "country_iso": "AUS"}, {"h3index": "87be8d036ffffff", "population_2015": 7393.399894275006, "total_built_mass_tons": 2870670.528056584, "city_id": 13076, "country_iso": "AUS"}, {"h3index": "87be8d100ffffff", "population_2015": 8555.36741413983, "total_built_mass_tons": 4726279.572516317, "city_id": 13076, "country_iso": "AUS"}, {"h3index": "87be8d101ffffff", "population_2015": 10390.25893911757, "total_built_mass_tons": 4768922.259424099, "city_id": 13076, "country_iso": "AUS"}, {"h3index": "87be8d102ffffff", "population_2015": 15670.494470075217, "total_built_mass_tons": 4885579.813275621, "city_id": 13076, "country_iso": "AUS"}, {"h3index": "87be8d103ffffff", "population_2015": 15328.941706594296, "total_built_mass_tons": 5035464.08438038, "city_id": 13076, "country_iso": "AUS"}, {"h3index": "87be8d104ffffff", "population_2015": 13749.267147535778, "total_built_mass_tons": 5071494.25162013, "city_id": 13076, "country_iso": "AUS"}, {"h3index": "87be8d105ffffff", "population_2015": 23897.5359325313, "total_built_mass_tons": 6575834.9051752, "city_id": 13076, "country_iso": "AUS"}, {"h3index": "87be8d106ffffff", "population_2015": 5695.3063891208385, "total_built_mass_tons": 4211620.724124222, "city_id": 13076, "country_iso": "AUS"}, {"h3index": "87be8d108ffffff", "population_2015": 4234.515657093886, "total_built_mass_tons": 2618802.9971858044, "city_id": 13076, "country_iso": "AUS"}, {"h3index": "87be8d10affffff", "population_2015": 9161.95449467094, "total_built_mass_tons": 3835257.386563825, "city_id": 13076, "country_iso": "AUS"}, {"h3index": "87be8d10bffffff", "population_2015": 5254.029899579743, "total_built_mass_tons": 2015239.28507949, "city_id": 13076, "country_iso": "AUS"}, {"h3index": "87be8d10cffffff", "population_2015": 16005.71303044733, "total_built_mass_tons": 5311486.006651965, "city_id": 13076, "country_iso": "AUS"}, {"h3index": "87be8d10dffffff", "population_2015": 2979.4611379586013, "total_built_mass_tons": 1233023.5076906206, "city_id": 13076, "country_iso": "AUS"}, {"h3index": "87be8d10effffff", "population_2015": 12620.19775617158, "total_built_mass_tons": 4329302.097144298, "city_id": 13076, "country_iso": "AUS"}, {"h3index": "87be8d110ffffff", "population_2015": 1320.488806828219, "total_built_mass_tons": 1650412.8258638445, "city_id": 13076, "country_iso": "AUS"}, {"h3index": "87be8d111ffffff", "population_2015": 13177.58483175928, "total_built_mass_tons": 5072015.490904453, "city_id": 13076, "country_iso": "AUS"}, {"h3index": "87be8d112ffffff", "population_2015": 555.9189671843186, "total_built_mass_tons": 236334.7304750029, "city_id": 13076, "country_iso": "AUS"}, {"h3index": "87be8d113ffffff", "population_2015": 4142.986625683074, "total_built_mass_tons": 3900717.270410127, "city_id": 13076, "country_iso": "AUS"}, {"h3index": "87be8d115ffffff", "population_2015": 1500.95021359076, "total_built_mass_tons": 2655207.941678668, "city_id": 13076, "country_iso": "AUS"}, {"h3index": "87be8d118ffffff", "population_2015": 10339.48051582598, "total_built_mass_tons": 4021207.830218849, "city_id": 13076, "country_iso": "AUS"}, {"h3index": "87be8d119ffffff", "population_2015": 7789.206563948828, "total_built_mass_tons": 3268977.66471422, "city_id": 13076, "country_iso": "AUS"}, {"h3index": "87be8d11affffff", "population_2015": 8940.233694485845, "total_built_mass_tons": 3758152.387148285, "city_id": 13076, "country_iso": "AUS"}, {"h3index": "87be8d11bffffff", "population_2015": 4372.179800886732, "total_built_mass_tons": 1800758.6011536235, "city_id": 13076, "country_iso": "AUS"}, {"h3index": "87be8d11cffffff", "population_2015": 11434.99820104428, "total_built_mass_tons": 4507006.520292938, "city_id": 13076, "country_iso": "AUS"}, {"h3index": "87be8d11dffffff", "population_2015": 10341.300286572588, "total_built_mass_tons": 3969178.285681068, "city_id": 13076, "country_iso": "AUS"}, {"h3index": "87be8d11effffff", "population_2015": 8436.030249701282, "total_built_mass_tons": 4056868.3219945375, "city_id": 13076, "country_iso": "AUS"}, {"h3index": "87be8d120ffffff", "population_2015": 12796.070920309838, "total_built_mass_tons": 4444729.172759524, "city_id": 13076, "country_iso": "AUS"}, {"h3index": "87be8d121ffffff", "population_2015": 15441.289022766838, "total_built_mass_tons": 5554850.528331643, "city_id": 13076, "country_iso": "AUS"}, {"h3index": "87be8d122ffffff", "population_2015": 11222.16698925758, "total_built_mass_tons": 4258992.873886822, "city_id": 13076, "country_iso": "AUS"}, {"h3index": "87be8d123ffffff", "population_2015": 11321.805568634054, "total_built_mass_tons": 4270748.10935638, "city_id": 13076, "country_iso": "AUS"}, {"h3index": "87be8d124ffffff", "population_2015": 8348.199095472868, "total_built_mass_tons": 3001730.1476540132, "city_id": 13076, "country_iso": "AUS"}, {"h3index": "87be8d125ffffff", "population_2015": 12005.976455397697, "total_built_mass_tons": 4844623.105212397, "city_id": 13076, "country_iso": "AUS"}, {"h3index": "87be8d126ffffff", "population_2015": 9932.882353458426, "total_built_mass_tons": 3101297.24888914, "city_id": 13076, "country_iso": "AUS"}, {"h3index": "87be8d128ffffff", "population_2015": 16149.659052355144, "total_built_mass_tons": 3993960.696146993, "city_id": 13076, "country_iso": "AUS"}, {"h3index": "87be8d129ffffff", "population_2015": 14977.967671101003, "total_built_mass_tons": 4184572.393719922, "city_id": 13076, "country_iso": "AUS"}, {"h3index": "87be8d12affffff", "population_2015": 13892.399744697816, "total_built_mass_tons": 6567939.740872963, "city_id": 13076, "country_iso": "AUS"}, {"h3index": "87be8d12bffffff", "population_2015": 12936.53780301318, "total_built_mass_tons": 3795301.346281069, "city_id": 13076, "country_iso": "AUS"}, {"h3index": "87be8d12cffffff", "population_2015": 12049.452199269746, "total_built_mass_tons": 3996675.361074172, "city_id": 13076, "country_iso": "AUS"}, {"h3index": "87be8d12dffffff", "population_2015": 3129.422927148946, "total_built_mass_tons": 1624854.7766310666, "city_id": 13076, "country_iso": "AUS"}, {"h3index": "87be8d12effffff", "population_2015": 13604.47039646287, "total_built_mass_tons": 5429019.989813728, "city_id": 13076, "country_iso": "AUS"}, {"h3index": "87be8d130ffffff", "population_2015": 10.44824973958471, "total_built_mass_tons": 909295.0077409556, "city_id": 13076, "country_iso": "AUS"}, {"h3index": "87be8d131ffffff", "population_2015": 2894.869198833085, "total_built_mass_tons": 2790411.0177876456, "city_id": 13076, "country_iso": "AUS"}, {"h3index": "87be8d132ffffff", "population_2015": 30.02700869134883, "total_built_mass_tons": 1015966.3985430164, "city_id": 13076, "country_iso": "AUS"}, {"h3index": "87be8d133ffffff", "population_2015": 140.76469047469922, "total_built_mass_tons": 4119133.052290848, "city_id": 13076, "country_iso": "AUS"}, {"h3index": "87be8d135ffffff", "population_2015": 1347.4725884677898, "total_built_mass_tons": 1374623.8365988997, "city_id": 13076, "country_iso": "AUS"}, {"h3index": "87be8d152ffffff", "population_2015": 704.7519088586174, "total_built_mass_tons": 296996.1180141712, "city_id": 13076, "country_iso": "AUS"}, {"h3index": "87be8d156ffffff", "population_2015": 2931.7030701241074, "total_built_mass_tons": 1226602.9723086315, "city_id": 13076, "country_iso": "AUS"}, {"h3index": "87be8d170ffffff", "population_2015": 456.1899389266967, "total_built_mass_tons": 218481.02075476004, "city_id": 13076, "country_iso": "AUS"}, {"h3index": "87be8d174ffffff", "population_2015": 6958.729490882392, "total_built_mass_tons": 2912023.7399382377, "city_id": 13076, "country_iso": "AUS"}, {"h3index": "87be8d175ffffff", "population_2015": 2433.1055206343244, "total_built_mass_tons": 1098315.5245617048, "city_id": 13076, "country_iso": "AUS"}, {"h3index": "87be8d176ffffff", "population_2015": 433.0427609088373, "total_built_mass_tons": 185182.89453506176, "city_id": 13076, "country_iso": "AUS"}, {"h3index": "87be8d181ffffff", "population_2015": 177.50317825242584, "total_built_mass_tons": 89131.51764809604, "city_id": 13076, "country_iso": "AUS"}, {"h3index": "87be8d18cffffff", "population_2015": 3375.3683457207444, "total_built_mass_tons": 1318306.476380672, "city_id": 13076, "country_iso": "AUS"}, {"h3index": "87be8d18dffffff", "population_2015": 895.0573333741404, "total_built_mass_tons": 287064.33807331935, "city_id": 13076, "country_iso": "AUS"}, {"h3index": "87be8d1a8ffffff", "population_2015": 4782.609119391617, "total_built_mass_tons": 2399421.0564227183, "city_id": 13076, "country_iso": "AUS"}, {"h3index": "87be8d1a9ffffff", "population_2015": 8272.303322836256, "total_built_mass_tons": 3088548.6680947524, "city_id": 13076, "country_iso": "AUS"}, {"h3index": "87be8d1aaffffff", "population_2015": 5395.754277617441, "total_built_mass_tons": 2643963.9775400786, "city_id": 13076, "country_iso": "AUS"}, {"h3index": "87be8d1abffffff", "population_2015": 6516.955646901805, "total_built_mass_tons": 2694398.805920601, "city_id": 13076, "country_iso": "AUS"}, {"h3index": "87be8d1acffffff", "population_2015": 1891.1246801843836, "total_built_mass_tons": 584274.5254430138, "city_id": 13076, "country_iso": "AUS"}, {"h3index": "87be8d1adffffff", "population_2015": 8939.682509150873, "total_built_mass_tons": 4438264.548519996, "city_id": 13076, "country_iso": "AUS"}, {"h3index": "87be8d1aeffffff", "population_2015": 1734.0195614680354, "total_built_mass_tons": 963059.595574549, "city_id": 13076, "country_iso": "AUS"}, {"h3index": "87be8d810ffffff", "population_2015": 393.9331184990265, "total_built_mass_tons": 404349.30532186665, "city_id": 13076, "country_iso": "AUS"}, {"h3index": "87be8d812ffffff", "population_2015": 6814.064733620074, "total_built_mass_tons": 3234562.811568104, "city_id": 13076, "country_iso": "AUS"}, {"h3index": "87be8d813ffffff", "population_2015": 2059.0645914698057, "total_built_mass_tons": 1048905.268514007, "city_id": 13076, "country_iso": "AUS"}, {"h3index": "87be8d816ffffff", "population_2015": 3437.1327851075166, "total_built_mass_tons": 1793162.7625808956, "city_id": 13076, "country_iso": "AUS"}, {"h3index": "87be8d818ffffff", "population_2015": 2374.6928718145573, "total_built_mass_tons": 762837.4081720673, "city_id": 13076, "country_iso": "AUS"}, {"h3index": "87be8d81affffff", "population_2015": 8199.599721295914, "total_built_mass_tons": 2965172.444260592, "city_id": 13076, "country_iso": "AUS"}, {"h3index": "87be8d81bffffff", "population_2015": 21.330906459316616, "total_built_mass_tons": 323103.10921977734, "city_id": 13076, "country_iso": "AUS"}, {"h3index": "87be8d81effffff", "population_2015": 5098.774270593301, "total_built_mass_tons": 1645641.0720811577, "city_id": 13076, "country_iso": "AUS"}, {"h3index": "87be8d888ffffff", "population_2015": 6442.619836678708, "total_built_mass_tons": 2120772.0180831314, "city_id": 13076, "country_iso": "AUS"}, {"h3index": "87be8d889ffffff", "population_2015": 10074.95167425286, "total_built_mass_tons": 3899410.766758418, "city_id": 13076, "country_iso": "AUS"}, {"h3index": "87be8d88affffff", "population_2015": 5491.0609190873565, "total_built_mass_tons": 1852923.1827000163, "city_id": 13076, "country_iso": "AUS"}, {"h3index": "87be8d88bffffff", "population_2015": 12052.650861167553, "total_built_mass_tons": 4395265.136085773, "city_id": 13076, "country_iso": "AUS"}, {"h3index": "87be8d88cffffff", "population_2015": 25.558192487791473, "total_built_mass_tons": 116608.17190961727, "city_id": 13076, "country_iso": "AUS"}, {"h3index": "87be8d88dffffff", "population_2015": 7826.788997741672, "total_built_mass_tons": 3118225.210005158, "city_id": 13076, "country_iso": "AUS"}, {"h3index": "87be8d899ffffff", "population_2015": 2660.6880590823775, "total_built_mass_tons": 1041730.3509281616, "city_id": 13076, "country_iso": "AUS"}, {"h3index": "87be8d89bffffff", "population_2015": 253.1294160891616, "total_built_mass_tons": 70369.21550553649, "city_id": 13076, "country_iso": "AUS"}, {"h3index": "87be8d8a1ffffff", "population_2015": 5.407607786328185, "total_built_mass_tons": 5609.15820038467, "city_id": 13076, "country_iso": "AUS"}, {"h3index": "87be8d8a5ffffff", "population_2015": 225.03249292046416, "total_built_mass_tons": 106409.31124075544, "city_id": 13076, "country_iso": "AUS"}, {"h3index": "87be8d8a8ffffff", "population_2015": 6949.100450075214, "total_built_mass_tons": 3112514.8833711813, "city_id": 13076, "country_iso": "AUS"}, {"h3index": "87be8d8a9ffffff", "population_2015": 8409.116870784706, "total_built_mass_tons": 4491014.459181845, "city_id": 13076, "country_iso": "AUS"}, {"h3index": "87be8d8aaffffff", "population_2015": 3712.903995725688, "total_built_mass_tons": 1282372.0730249593, "city_id": 13076, "country_iso": "AUS"}, {"h3index": "87be8d8abffffff", "population_2015": 7968.600353357694, "total_built_mass_tons": 3342302.8587078066, "city_id": 13076, "country_iso": "AUS"}, {"h3index": "87be8d8acffffff", "population_2015": 4147.823969408929, "total_built_mass_tons": 1657066.426551846, "city_id": 13076, "country_iso": "AUS"}, {"h3index": "87be8d8adffffff", "population_2015": 9341.042357305028, "total_built_mass_tons": 4116934.026624486, "city_id": 13076, "country_iso": "AUS"}, {"h3index": "87be8d8c2ffffff", "population_2015": 495.2420230255075, "total_built_mass_tons": 996386.8137904656, "city_id": 13076, "country_iso": "AUS"}, {"h3index": "87be8d8c4ffffff", "population_2015": 48.69615082834281, "total_built_mass_tons": 15476.139088441769, "city_id": 13076, "country_iso": "AUS"}, {"h3index": "87be8d8c6ffffff", "population_2015": 2533.876796559679, "total_built_mass_tons": 1603078.4649593337, "city_id": 13076, "country_iso": "AUS"}, {"h3index": "87be8d8d0ffffff", "population_2015": 6077.173392772646, "total_built_mass_tons": 4040016.489260926, "city_id": 13076, "country_iso": "AUS"}, {"h3index": "87be8d8d1ffffff", "population_2015": 1016.2386579341472, "total_built_mass_tons": 3882065.026389952, "city_id": 13076, "country_iso": "AUS"}, {"h3index": "87be8d8d2ffffff", "population_2015": 10167.208243854722, "total_built_mass_tons": 3829083.602727029, "city_id": 13076, "country_iso": "AUS"}, {"h3index": "87be8d8d3ffffff", "population_2015": 9161.972544248683, "total_built_mass_tons": 4259690.609589495, "city_id": 13076, "country_iso": "AUS"}, {"h3index": "87be8d8d4ffffff", "population_2015": 9579.653948871122, "total_built_mass_tons": 3625585.7589695416, "city_id": 13076, "country_iso": "AUS"}, {"h3index": "87be8d8d5ffffff", "population_2015": 3166.774827989616, "total_built_mass_tons": 5316189.623717686, "city_id": 13076, "country_iso": "AUS"}, {"h3index": "87be8d8d6ffffff", "population_2015": 2615.2810499917064, "total_built_mass_tons": 1409497.8041827842, "city_id": 13076, "country_iso": "AUS"}, {"h3index": "87be8d8d8ffffff", "population_2015": 185.88419259576236, "total_built_mass_tons": 82163.36636535675, "city_id": 13076, "country_iso": "AUS"}, {"h3index": "87be8d8daffffff", "population_2015": 6273.780015687615, "total_built_mass_tons": 2763125.7813509563, "city_id": 13076, "country_iso": "AUS"}, {"h3index": "87be8d8dbffffff", "population_2015": 2029.8703677331696, "total_built_mass_tons": 810700.5344036112, "city_id": 13076, "country_iso": "AUS"}, {"h3index": "87be8d8dcffffff", "population_2015": 57.08020498619745, "total_built_mass_tons": 293476.8327187006, "city_id": 13076, "country_iso": "AUS"}, {"h3index": "87be8d8deffffff", "population_2015": 5198.510638257483, "total_built_mass_tons": 2844639.5396400634, "city_id": 13076, "country_iso": "AUS"}, {"h3index": "87be8d8e2ffffff", "population_2015": 7025.582330120135, "total_built_mass_tons": 2268040.5935851396, "city_id": 13076, "country_iso": "AUS"}, {"h3index": "87be8d8e6ffffff", "population_2015": 495.5859495011031, "total_built_mass_tons": 251641.71793344227, "city_id": 13076, "country_iso": "AUS"}, {"h3index": "87be8d8f0ffffff", "population_2015": 11891.956765758528, "total_built_mass_tons": 3823764.080722884, "city_id": 13076, "country_iso": "AUS"}, {"h3index": "87be8d8f1ffffff", "population_2015": 6921.7989855522, "total_built_mass_tons": 2355581.227427066, "city_id": 13076, "country_iso": "AUS"}, {"h3index": "87be8d8f2ffffff", "population_2015": 10602.901248778198, "total_built_mass_tons": 3522653.3686638824, "city_id": 13076, "country_iso": "AUS"}, {"h3index": "87be8d8f3ffffff", "population_2015": 8058.922373746811, "total_built_mass_tons": 4444284.369683356, "city_id": 13076, "country_iso": "AUS"}, {"h3index": "87be8d8f4ffffff", "population_2015": 682.2981150497882, "total_built_mass_tons": 583903.4448235276, "city_id": 13076, "country_iso": "AUS"}, {"h3index": "87be8d8f5ffffff", "population_2015": 8564.287396419833, "total_built_mass_tons": 3253415.687434084, "city_id": 13076, "country_iso": "AUS"}, {"h3index": "87be8d8f6ffffff", "population_2015": 8635.325714001823, "total_built_mass_tons": 2684093.5638129166, "city_id": 13076, "country_iso": "AUS"}]