[{"h3index":"876898a09ffffff","population_2015":2673.4648728932,"total_built_mass_tons":1939113.7553182,"city_id":12739,"country_iso":"IDN"},{"h3index":"876898a0bffffff","population_2015":101.7652567957,"total_built_mass_tons":89828.6722501435,"city_id":12739,"country_iso":"IDN"},{"h3index":"876898a54ffffff","population_2015":295.8054887631,"total_built_mass_tons":364265.9062840283,"city_id":12739,"country_iso":"IDN"},{"h3index":"876898a56ffffff","population_2015":185.8677719976,"total_built_mass_tons":111418.9669512372,"city_id":12739,"country_iso":"IDN"},{"h3index":"876898a72ffffff","population_2015":85.7699161109,"total_built_mass_tons":137981.8421352144,"city_id":12739,"country_iso":"IDN"}]