[{"h3index":"87245dc13ffffff","population_2015":1792.8702295574,"total_built_mass_tons":1007198.8822356348,"city_id":10153,"country_iso":"CHN"},{"h3index":"87245dc1affffff","population_2015":3742.4830167887,"total_built_mass_tons":1833173.9274466075,"city_id":10153,"country_iso":"CHN"},{"h3index":"87245dc1bffffff","population_2015":396.1148881304,"total_built_mass_tons":675355.0496201868,"city_id":10153,"country_iso":"CHN"},{"h3index":"87245dc1effffff","population_2015":3159.7158287338,"total_built_mass_tons":1571424.519711053,"city_id":10153,"country_iso":"CHN"},{"h3index":"87245dca8ffffff","population_2015":279.5252427054,"total_built_mass_tons":196730.2675314455,"city_id":10153,"country_iso":"CHN"},{"h3index":"87245dca9ffffff","population_2015":1174.871345506,"total_built_mass_tons":748865.1498881073,"city_id":10153,"country_iso":"CHN"},{"h3index":"87245dcacffffff","population_2015":5.8845006227,"total_built_mass_tons":20324.2054521966,"city_id":10153,"country_iso":"CHN"},{"h3index":"87245dcadffffff","population_2015":11983.2444815299,"total_built_mass_tons":3650216.030149939,"city_id":10153,"country_iso":"CHN"},{"h3index":"87245dcf4ffffff","population_2015":69.7226952198,"total_built_mass_tons":55041.5197766543,"city_id":10153,"country_iso":"CHN"}]