[{"h3index": "874082db0ffffff", "population_2015": 72.78461417029885, "total_built_mass_tons": 166341.57150327408, "city_id": 10987, "country_iso": "CHN"}, {"h3index": "874082db2ffffff", "population_2015": 1720.9112077217476, "total_built_mass_tons": 557234.0927824883, "city_id": 10987, "country_iso": "CHN"}, {"h3index": "874082db4ffffff", "population_2015": 5.911521320717008, "total_built_mass_tons": 3564.115453693079, "city_id": 10987, "country_iso": "CHN"}, {"h3index": "874082db6ffffff", "population_2015": 8959.849521335898, "total_built_mass_tons": 1312122.7858275326, "city_id": 10987, "country_iso": "CHN"}, {"h3index": "874095ac1ffffff", "population_2015": 405.7886339570962, "total_built_mass_tons": 269893.1551147695, "city_id": 10987, "country_iso": "CHN"}, {"h3index": "874095ac8ffffff", "population_2015": 8953.610357731462, "total_built_mass_tons": 3612974.5516345943, "city_id": 10987, "country_iso": "CHN"}, {"h3index": "874095ac9ffffff", "population_2015": 2146.530996208565, "total_built_mass_tons": 1058879.0631038863, "city_id": 10987, "country_iso": "CHN"}, {"h3index": "874095acaffffff", "population_2015": 1.083443338730756, "total_built_mass_tons": 15706.437995398668, "city_id": 10987, "country_iso": "CHN"}, {"h3index": "874095acbffffff", "population_2015": 166.25724134632185, "total_built_mass_tons": 110521.67452213413, "city_id": 10987, "country_iso": "CHN"}, {"h3index": "874095accffffff", "population_2015": 29517.74833284919, "total_built_mass_tons": 4936465.068804624, "city_id": 10987, "country_iso": "CHN"}, {"h3index": "874095acdffffff", "population_2015": 53438.98220188665, "total_built_mass_tons": 6003651.092725489, "city_id": 10987, "country_iso": "CHN"}, {"h3index": "874095aceffffff", "population_2015": 548.4749587386265, "total_built_mass_tons": 184607.7127873747, "city_id": 10987, "country_iso": "CHN"}, {"h3index": "874095ae8ffffff", "population_2015": 4938.829237421822, "total_built_mass_tons": 848138.480184173, "city_id": 10987, "country_iso": "CHN"}, {"h3index": "874095ae9ffffff", "population_2015": 271.82593759461946, "total_built_mass_tons": 134699.91118600298, "city_id": 10987, "country_iso": "CHN"}, {"h3index": "874095aeaffffff", "population_2015": 7466.890919841505, "total_built_mass_tons": 1670459.656829503, "city_id": 10987, "country_iso": "CHN"}, {"h3index": "874095aebffffff", "population_2015": 24736.126145856528, "total_built_mass_tons": 3029860.7693234906, "city_id": 10987, "country_iso": "CHN"}, {"h3index": "874095aeeffffff", "population_2015": 87.99484878053853, "total_built_mass_tons": 59874.65840477091, "city_id": 10987, "country_iso": "CHN"}]