[{"h3index":"873e42884ffffff","population_2015":30.4999141693,"total_built_mass_tons":5505.0749593158,"city_id":4058,"country_iso":"EGY"},{"h3index":"873e428a0ffffff","population_2015":2817.0146968318,"total_built_mass_tons":447243.3485229543,"city_id":4058,"country_iso":"EGY"},{"h3index":"873e428a2ffffff","population_2015":5074.7438281789,"total_built_mass_tons":620603.0245245221,"city_id":4058,"country_iso":"EGY"},{"h3index":"873e428a3ffffff","population_2015":10759.3212977503,"total_built_mass_tons":1087804.131636021,"city_id":4058,"country_iso":"EGY"},{"h3index":"873e428a6ffffff","population_2015":96.4894760618,"total_built_mass_tons":34238.3921600546,"city_id":4058,"country_iso":"EGY"},{"h3index":"873e428aeffffff","population_2015":195.3605387819,"total_built_mass_tons":44128.5297863875,"city_id":4058,"country_iso":"EGY"},{"h3index":"873e428b1ffffff","population_2015":163.3309687858,"total_built_mass_tons":43730.8176574609,"city_id":4058,"country_iso":"EGY"},{"h3index":"873e428b5ffffff","population_2015":57.5296195722,"total_built_mass_tons":12950.2570461963,"city_id":4058,"country_iso":"EGY"}]