[{"h3index":"873ced384ffffff","population_2015":3.1531768574,"total_built_mass_tons":4713.7313201463,"city_id":10078,"country_iso":"IND"},{"h3index":"873ced3a0ffffff","population_2015":55.1116938591,"total_built_mass_tons":42758.8050096187,"city_id":10078,"country_iso":"IND"},{"h3index":"873ced3a1ffffff","population_2015":506.6940944073,"total_built_mass_tons":133736.0936053297,"city_id":10078,"country_iso":"IND"},{"h3index":"873ced3a2ffffff","population_2015":64.6232289539,"total_built_mass_tons":39492.6349100779,"city_id":10078,"country_iso":"IND"},{"h3index":"873ced3a3ffffff","population_2015":1918.694993208,"total_built_mass_tons":442675.7611445179,"city_id":10078,"country_iso":"IND"},{"h3index":"873ced3acffffff","population_2015":3.0521074538,"total_built_mass_tons":9665.4104015528,"city_id":10078,"country_iso":"IND"},{"h3index":"873ced3aeffffff","population_2015":1030.1156088418,"total_built_mass_tons":214180.8929225633,"city_id":10078,"country_iso":"IND"}]