[{"h3index":"8730b4d60ffffff","population_2015":230.0929124047,"total_built_mass_tons":330250.516602187,"city_id":11181,"country_iso":"CHN"},{"h3index":"8730b4d62ffffff","population_2015":74.1603833161,"total_built_mass_tons":54775.7428881765,"city_id":11181,"country_iso":"CHN"},{"h3index":"8730b4d64ffffff","population_2015":3746.1652859127,"total_built_mass_tons":1876121.0352865951,"city_id":11181,"country_iso":"CHN"},{"h3index":"8730b4d65ffffff","population_2015":150.5662015812,"total_built_mass_tons":232986.6314633506,"city_id":11181,"country_iso":"CHN"},{"h3index":"8730b4d66ffffff","population_2015":2834.9767266386,"total_built_mass_tons":2017131.8648372281,"city_id":11181,"country_iso":"CHN"},{"h3index":"8730b4d75ffffff","population_2015":238.4617865076,"total_built_mass_tons":162499.8599524261,"city_id":11181,"country_iso":"CHN"},{"h3index":"87319a6c1ffffff","population_2015":14.105559667,"total_built_mass_tons":15223.4211995884,"city_id":11181,"country_iso":"CHN"},{"h3index":"87319a6c3ffffff","population_2015":1188.5161099153,"total_built_mass_tons":596092.6314066375,"city_id":11181,"country_iso":"CHN"},{"h3index":"87319a6c8ffffff","population_2015":196.9622254559,"total_built_mass_tons":122202.7594976213,"city_id":11181,"country_iso":"CHN"},{"h3index":"87319a6caffffff","population_2015":105.3315675572,"total_built_mass_tons":182206.6678310328,"city_id":11181,"country_iso":"CHN"},{"h3index":"87319a6cbffffff","population_2015":8.4852013812,"total_built_mass_tons":31474.6630629481,"city_id":11181,"country_iso":"CHN"},{"h3index":"87319a6ceffffff","population_2015":397.4428158049,"total_built_mass_tons":166344.5015928558,"city_id":11181,"country_iso":"CHN"},{"h3index":"87319a6d8ffffff","population_2015":12155.5571448195,"total_built_mass_tons":3615008.6748226089,"city_id":11181,"country_iso":"CHN"},{"h3index":"87319a6d9ffffff","population_2015":2808.4351650434,"total_built_mass_tons":2096409.2312087412,"city_id":11181,"country_iso":"CHN"},{"h3index":"87319a6daffffff","population_2015":262.0418119772,"total_built_mass_tons":380834.5202611677,"city_id":11181,"country_iso":"CHN"},{"h3index":"87319a6dbffffff","population_2015":83.8735174703,"total_built_mass_tons":114847.6702332476,"city_id":11181,"country_iso":"CHN"},{"h3index":"87319a6dcffffff","population_2015":10126.7067730137,"total_built_mass_tons":1721990.0054976149,"city_id":11181,"country_iso":"CHN"},{"h3index":"87319a6ddffffff","population_2015":8649.131725244,"total_built_mass_tons":1884229.714634364,"city_id":11181,"country_iso":"CHN"},{"h3index":"87319a6deffffff","population_2015":1420.516577039,"total_built_mass_tons":890201.2399463125,"city_id":11181,"country_iso":"CHN"}]