[{"h3index": "871ee8a06ffffff", "population_2015": 122.75356280008953, "total_built_mass_tons": 11975.98497285328, "city_id": 3482, "country_iso": "ROU"}, {"h3index": "871ee8a14ffffff", "population_2015": 9321.227221025209, "total_built_mass_tons": 1096736.73616002, "city_id": 3482, "country_iso": "ROU"}, {"h3index": "871ee8a16ffffff", "population_2015": 200.9530013364904, "total_built_mass_tons": 65604.18947059863, "city_id": 3482, "country_iso": "ROU"}, {"h3index": "871ee8a30ffffff", "population_2015": 12.407313474019368, "total_built_mass_tons": 5638.006251899501, "city_id": 3482, "country_iso": "ROU"}, {"h3index": "871ee8a32ffffff", "population_2015": 6509.3139743748825, "total_built_mass_tons": 858186.4211050497, "city_id": 3482, "country_iso": "ROU"}, {"h3index": "871ee8a33ffffff", "population_2015": 3241.322041431128, "total_built_mass_tons": 458258.74345996976, "city_id": 3482, "country_iso": "ROU"}, {"h3index": "871ee8b81ffffff", "population_2015": 15075.444587286782, "total_built_mass_tons": 1960095.7986052125, "city_id": 3482, "country_iso": "ROU"}, {"h3index": "871ee8b85ffffff", "population_2015": 89.4596253937366, "total_built_mass_tons": 22736.114488172843, "city_id": 3482, "country_iso": "ROU"}, {"h3index": "871ee8b88ffffff", "population_2015": 81327.38387788509, "total_built_mass_tons": 3738172.0745422062, "city_id": 3482, "country_iso": "ROU"}, {"h3index": "871ee8b89ffffff", "population_2015": 25209.73214591532, "total_built_mass_tons": 1871349.2111626456, "city_id": 3482, "country_iso": "ROU"}, {"h3index": "871ee8b8affffff", "population_2015": 202.63181665083945, "total_built_mass_tons": 81749.45798834224, "city_id": 3482, "country_iso": "ROU"}, {"h3index": "871ee8b8bffffff", "population_2015": 961.2045201769064, "total_built_mass_tons": 89141.81054856606, "city_id": 3482, "country_iso": "ROU"}, {"h3index": "871ee8b8cffffff", "population_2015": 71974.54155875559, "total_built_mass_tons": 4510237.371747935, "city_id": 3482, "country_iso": "ROU"}, {"h3index": "871ee8b8dffffff", "population_2015": 7368.253940234467, "total_built_mass_tons": 561655.1261249293, "city_id": 3482, "country_iso": "ROU"}, {"h3index": "871ee8b8effffff", "population_2015": 3913.5250892396066, "total_built_mass_tons": 670277.3678497884, "city_id": 3482, "country_iso": "ROU"}, {"h3index": "871ee8ba8ffffff", "population_2015": 2.02731788111668, "total_built_mass_tons": 5543.809452991566, "city_id": 3482, "country_iso": "ROU"}, {"h3index": "871ee8baaffffff", "population_2015": 11943.706530939367, "total_built_mass_tons": 2346145.238177675, "city_id": 3482, "country_iso": "ROU"}, {"h3index": "871ee8babffffff", "population_2015": 2014.2992522707175, "total_built_mass_tons": 435780.0358577351, "city_id": 3482, "country_iso": "ROU"}]