[{"h3index":"87b259182ffffff","population_2015":2789.7035529866,"total_built_mass_tons":1278166.5530705908,"city_id":1043,"country_iso":"ARG"},{"h3index":"87b259186ffffff","population_2015":189.9966879246,"total_built_mass_tons":75074.7380750313,"city_id":1043,"country_iso":"ARG"},{"h3index":"87b259190ffffff","population_2015":1963.6504969765,"total_built_mass_tons":865342.1775480624,"city_id":1043,"country_iso":"ARG"},{"h3index":"87b259191ffffff","population_2015":5835.5068937302,"total_built_mass_tons":2563956.8015798256,"city_id":1043,"country_iso":"ARG"},{"h3index":"87b259192ffffff","population_2015":2677.4454879836,"total_built_mass_tons":1261356.5558881916,"city_id":1043,"country_iso":"ARG"},{"h3index":"87b259193ffffff","population_2015":8097.4079686333,"total_built_mass_tons":3874335.6763264481,"city_id":1043,"country_iso":"ARG"},{"h3index":"87b259195ffffff","population_2015":2030.2919078621,"total_built_mass_tons":935816.0697939972,"city_id":1043,"country_iso":"ARG"},{"h3index":"87b259196ffffff","population_2015":27.9620668804,"total_built_mass_tons":37576.5011442198,"city_id":1043,"country_iso":"ARG"},{"h3index":"87b259198ffffff","population_2015":3765.9981980361,"total_built_mass_tons":1638143.4798134938,"city_id":1043,"country_iso":"ARG"},{"h3index":"87b25919affffff","population_2015":3250.5198881411,"total_built_mass_tons":1617015.8208923051,"city_id":1043,"country_iso":"ARG"},{"h3index":"87b25919cffffff","population_2015":1578.2004560265,"total_built_mass_tons":785480.2781406614,"city_id":1043,"country_iso":"ARG"},{"h3index":"87b25919dffffff","population_2015":81.0694170671,"total_built_mass_tons":41579.9243000508,"city_id":1043,"country_iso":"ARG"},{"h3index":"87b25919effffff","population_2015":9599.1641410753,"total_built_mass_tons":4786310.0914543131,"city_id":1043,"country_iso":"ARG"},{"h3index":"87b259568ffffff","population_2015":7.0737703024,"total_built_mass_tons":10652.7009706087,"city_id":1043,"country_iso":"ARG"},{"h3index":"87b259569ffffff","population_2015":280.0648207272,"total_built_mass_tons":164138.8704408643,"city_id":1043,"country_iso":"ARG"},{"h3index":"87b25956cffffff","population_2015":438.104110901,"total_built_mass_tons":181477.4309124449,"city_id":1043,"country_iso":"ARG"},{"h3index":"87b25956dffffff","population_2015":5374.2682064206,"total_built_mass_tons":2610749.6654110756,"city_id":1043,"country_iso":"ARG"}]