[{"h3index":"87119c4c8ffffff","population_2015":465.347173055,"total_built_mass_tons":355557.0665999635,"city_id":4019,"country_iso":"RUS"},{"h3index":"87119c4c9ffffff","population_2015":7.9171624128,"total_built_mass_tons":7855.3441984836,"city_id":4019,"country_iso":"RUS"},{"h3index":"87119c4caffffff","population_2015":2950.6353983898,"total_built_mass_tons":1130718.8046847703,"city_id":4019,"country_iso":"RUS"},{"h3index":"87119c4cbffffff","population_2015":9099.6701734449,"total_built_mass_tons":3290150.1888787011,"city_id":4019,"country_iso":"RUS"},{"h3index":"87119c4d9ffffff","population_2015":0.2280133023,"total_built_mass_tons":563.0211965374,"city_id":4019,"country_iso":"RUS"},{"h3index":"87119c6b4ffffff","population_2015":4612.5937843491,"total_built_mass_tons":1691195.6350592682,"city_id":4019,"country_iso":"RUS"},{"h3index":"87119c6b5ffffff","population_2015":56.2519845551,"total_built_mass_tons":18180.0815336488,"city_id":4019,"country_iso":"RUS"},{"h3index":"87119c6b6ffffff","population_2015":52.1598729966,"total_built_mass_tons":35624.1634052083,"city_id":4019,"country_iso":"RUS"},{"h3index":"87119c790ffffff","population_2015":3210.1422157119,"total_built_mass_tons":1181435.9668825611,"city_id":4019,"country_iso":"RUS"},{"h3index":"87119c792ffffff","population_2015":18160.3123805925,"total_built_mass_tons":4412483.552068322,"city_id":4019,"country_iso":"RUS"},{"h3index":"87119c793ffffff","population_2015":647.651693217,"total_built_mass_tons":459589.8408858632,"city_id":4019,"country_iso":"RUS"},{"h3index":"87119c794ffffff","population_2015":22.3609215605,"total_built_mass_tons":14302.4365137423,"city_id":4019,"country_iso":"RUS"},{"h3index":"87119c796ffffff","population_2015":11731.2463815109,"total_built_mass_tons":4391815.8967104508,"city_id":4019,"country_iso":"RUS"},{"h3index":"87119c79affffff","population_2015":3032.5367763185,"total_built_mass_tons":1200116.754429298,"city_id":4019,"country_iso":"RUS"},{"h3index":"87119c79effffff","population_2015":155.9952277558,"total_built_mass_tons":152474.3158862792,"city_id":4019,"country_iso":"RUS"},{"h3index":"87119eb40ffffff","population_2015":10119.5224586674,"total_built_mass_tons":7883007.0044970037,"city_id":4019,"country_iso":"RUS"},{"h3index":"87119eb41ffffff","population_2015":9255.6421661321,"total_built_mass_tons":4740695.4147306308,"city_id":4019,"country_iso":"RUS"},{"h3index":"87119eb42ffffff","population_2015":1147.9608125023,"total_built_mass_tons":1290308.9822645923,"city_id":4019,"country_iso":"RUS"},{"h3index":"87119eb43ffffff","population_2015":1257.7133740827,"total_built_mass_tons":1168136.0734913603,"city_id":4019,"country_iso":"RUS"},{"h3index":"87119eb44ffffff","population_2015":9216.6962056141,"total_built_mass_tons":10041163.5147338007,"city_id":4019,"country_iso":"RUS"},{"h3index":"87119eb45ffffff","population_2015":14536.0328487565,"total_built_mass_tons":5908225.3087337203,"city_id":4019,"country_iso":"RUS"},{"h3index":"87119eb46ffffff","population_2015":4995.5436489573,"total_built_mass_tons":4462051.6999400631,"city_id":4019,"country_iso":"RUS"},{"h3index":"87119eb4affffff","population_2015":2014.5256563364,"total_built_mass_tons":1029359.0597978244,"city_id":4019,"country_iso":"RUS"},{"h3index":"87119eb4cffffff","population_2015":5.0842349894,"total_built_mass_tons":3677.0226683252,"city_id":4019,"country_iso":"RUS"},{"h3index":"87119eb4effffff","population_2015":5226.1519466241,"total_built_mass_tons":4136788.4879528945,"city_id":4019,"country_iso":"RUS"},{"h3index":"87119eb55ffffff","population_2015":570.3477240226,"total_built_mass_tons":562783.053107003,"city_id":4019,"country_iso":"RUS"},{"h3index":"87119eb59ffffff","population_2015":27.4418429524,"total_built_mass_tons":27891.658579257,"city_id":4019,"country_iso":"RUS"},{"h3index":"87119eb5dffffff","population_2015":670.661992045,"total_built_mass_tons":458315.285347887,"city_id":4019,"country_iso":"RUS"},{"h3index":"87119eb60ffffff","population_2015":7474.488525759,"total_built_mass_tons":2416441.4518941739,"city_id":4019,"country_iso":"RUS"},{"h3index":"87119eb61ffffff","population_2015":20339.316157139,"total_built_mass_tons":7227888.4419989884,"city_id":4019,"country_iso":"RUS"},{"h3index":"87119eb62ffffff","population_2015":9981.900994802,"total_built_mass_tons":4644764.6812083106,"city_id":4019,"country_iso":"RUS"},{"h3index":"87119eb63ffffff","population_2015":8815.0969228903,"total_built_mass_tons":2611538.3857819596,"city_id":4019,"country_iso":"RUS"},{"h3index":"87119eb64ffffff","population_2015":18494.5614176479,"total_built_mass_tons":5046132.8365711849,"city_id":4019,"country_iso":"RUS"},{"h3index":"87119eb65ffffff","population_2015":15546.6838095889,"total_built_mass_tons":4761770.9690650925,"city_id":4019,"country_iso":"RUS"},{"h3index":"87119eb66ffffff","population_2015":500.1551160018,"total_built_mass_tons":309104.392742788,"city_id":4019,"country_iso":"RUS"},{"h3index":"87119eb68ffffff","population_2015":3809.7779877373,"total_built_mass_tons":2168098.8293948122,"city_id":4019,"country_iso":"RUS"},{"h3index":"87119eb69ffffff","population_2015":10810.1399943445,"total_built_mass_tons":4465024.903247891,"city_id":4019,"country_iso":"RUS"},{"h3index":"87119eb6affffff","population_2015":1833.3416018369,"total_built_mass_tons":1280317.1726808683,"city_id":4019,"country_iso":"RUS"},{"h3index":"87119eb6bffffff","population_2015":10.2135055458,"total_built_mass_tons":16510.8078067904,"city_id":4019,"country_iso":"RUS"},{"h3index":"87119eb6cffffff","population_2015":16336.7192997745,"total_built_mass_tons":5350759.1686764024,"city_id":4019,"country_iso":"RUS"},{"h3index":"87119eb6dffffff","population_2015":5415.7268260142,"total_built_mass_tons":2878267.3015506067,"city_id":4019,"country_iso":"RUS"},{"h3index":"87119eb6effffff","population_2015":7568.8015886718,"total_built_mass_tons":2744826.1794462362,"city_id":4019,"country_iso":"RUS"},{"h3index":"87119eb70ffffff","population_2015":96.7338889702,"total_built_mass_tons":66711.7282228547,"city_id":4019,"country_iso":"RUS"},{"h3index":"87119eb71ffffff","population_2015":11726.4453781801,"total_built_mass_tons":4762797.4220753675,"city_id":4019,"country_iso":"RUS"},{"h3index":"87119eb73ffffff","population_2015":489.6034532622,"total_built_mass_tons":357915.0505825905,"city_id":4019,"country_iso":"RUS"},{"h3index":"87119eb75ffffff","population_2015":2598.9928267236,"total_built_mass_tons":1002331.3247442836,"city_id":4019,"country_iso":"RUS"}]