[{"h3index":"871e7484affffff","population_2015":2676.922554744,"total_built_mass_tons":1426892.5538653969,"city_id":3375,"country_iso":"UKR"},{"h3index":"871e74853ffffff","population_2015":374.966689308,"total_built_mass_tons":107200.3270468668,"city_id":3375,"country_iso":"UKR"},{"h3index":"871e74858ffffff","population_2015":8910.7842168397,"total_built_mass_tons":2126041.7349887118,"city_id":3375,"country_iso":"UKR"},{"h3index":"871e74859ffffff","population_2015":17153.4376882067,"total_built_mass_tons":4205499.0623024544,"city_id":3375,"country_iso":"UKR"},{"h3index":"871e7485affffff","population_2015":11370.0549703346,"total_built_mass_tons":3367217.3208453078,"city_id":3375,"country_iso":"UKR"},{"h3index":"871e7485bffffff","population_2015":13924.3535456452,"total_built_mass_tons":4409241.0340984864,"city_id":3375,"country_iso":"UKR"},{"h3index":"871e7485cffffff","population_2015":90.074350084,"total_built_mass_tons":22739.6554679188,"city_id":3375,"country_iso":"UKR"},{"h3index":"871e7485dffffff","population_2015":6309.515199923,"total_built_mass_tons":1697979.1570600702,"city_id":3375,"country_iso":"UKR"},{"h3index":"871e7485effffff","population_2015":940.0834441914,"total_built_mass_tons":264497.8721955285,"city_id":3375,"country_iso":"UKR"},{"h3index":"871e748cdffffff","population_2015":749.4376801322,"total_built_mass_tons":813620.3927832703,"city_id":3375,"country_iso":"UKR"},{"h3index":"871e748e8ffffff","population_2015":589.4288828008,"total_built_mass_tons":245831.4951185896,"city_id":3375,"country_iso":"UKR"},{"h3index":"871e748e9ffffff","population_2015":10306.6816541845,"total_built_mass_tons":2663041.1792330025,"city_id":3375,"country_iso":"UKR"},{"h3index":"871e748ebffffff","population_2015":130.8209032489,"total_built_mass_tons":217784.4303856516,"city_id":3375,"country_iso":"UKR"},{"h3index":"871e748ecffffff","population_2015":205.3960269591,"total_built_mass_tons":56617.3395049824,"city_id":3375,"country_iso":"UKR"},{"h3index":"871e748edffffff","population_2015":5376.6655519336,"total_built_mass_tons":1318876.7867292902,"city_id":3375,"country_iso":"UKR"},{"h3index":"871e74ba0ffffff","population_2015":1037.0191260431,"total_built_mass_tons":280667.379172859,"city_id":3375,"country_iso":"UKR"},{"h3index":"871e74ba2ffffff","population_2015":333.4181655547,"total_built_mass_tons":73845.4211216172,"city_id":3375,"country_iso":"UKR"},{"h3index":"871e74ba4ffffff","population_2015":4014.9369388767,"total_built_mass_tons":1139704.3595898959,"city_id":3375,"country_iso":"UKR"},{"h3index":"871e74ba6ffffff","population_2015":15480.9711579416,"total_built_mass_tons":3658336.4661873118,"city_id":3375,"country_iso":"UKR"},{"h3index":"871e74bb0ffffff","population_2015":0.1876611747,"total_built_mass_tons":1169.4428004197,"city_id":3375,"country_iso":"UKR"},{"h3index":"871e74bb1ffffff","population_2015":12.7867108008,"total_built_mass_tons":21463.6588091932,"city_id":3375,"country_iso":"UKR"},{"h3index":"871e74bb2ffffff","population_2015":304.7923094263,"total_built_mass_tons":657712.4449848242,"city_id":3375,"country_iso":"UKR"},{"h3index":"871e74bb4ffffff","population_2015":2579.3622924407,"total_built_mass_tons":667513.0946068093,"city_id":3375,"country_iso":"UKR"},{"h3index":"871e74bb5ffffff","population_2015":4383.601131291,"total_built_mass_tons":2132519.5192468469,"city_id":3375,"country_iso":"UKR"},{"h3index":"871e74bb6ffffff","population_2015":6513.7427373489,"total_built_mass_tons":1939101.8893400105,"city_id":3375,"country_iso":"UKR"}]