[{"h3index":"8724e825bffffff","population_2015":404.6518757848,"total_built_mass_tons":1458108.9645441105,"city_id":10186,"country_iso":"CHN"},{"h3index":"8724e82c8ffffff","population_2015":3.4384943682,"total_built_mass_tons":8665.7078555286,"city_id":10186,"country_iso":"CHN"},{"h3index":"8724e82c9ffffff","population_2015":157.4171057171,"total_built_mass_tons":560236.3997391692,"city_id":10186,"country_iso":"CHN"},{"h3index":"8724e82cdffffff","population_2015":172.9016744435,"total_built_mass_tons":462044.9725596319,"city_id":10186,"country_iso":"CHN"},{"h3index":"8724e9400ffffff","population_2015":441.8871016736,"total_built_mass_tons":889529.8543289419,"city_id":10186,"country_iso":"CHN"},{"h3index":"8724e9402ffffff","population_2015":785.4675814247,"total_built_mass_tons":3126599.0054608956,"city_id":10186,"country_iso":"CHN"},{"h3index":"8724e9403ffffff","population_2015":495.3413578203,"total_built_mass_tons":1477099.1257140394,"city_id":10186,"country_iso":"CHN"},{"h3index":"8724e9404ffffff","population_2015":132.5369201486,"total_built_mass_tons":626958.8501651979,"city_id":10186,"country_iso":"CHN"},{"h3index":"8724e9406ffffff","population_2015":4978.4979826366,"total_built_mass_tons":2612878.9663774827,"city_id":10186,"country_iso":"CHN"},{"h3index":"8724e9408ffffff","population_2015":3.4713397381,"total_built_mass_tons":39619.1345231384,"city_id":10186,"country_iso":"CHN"},{"h3index":"8724e9409ffffff","population_2015":31.1645633211,"total_built_mass_tons":26251.4888627922,"city_id":10186,"country_iso":"CHN"},{"h3index":"8724e940affffff","population_2015":60395.1232760808,"total_built_mass_tons":3726739.8755500778,"city_id":10186,"country_iso":"CHN"},{"h3index":"8724e940bffffff","population_2015":19187.1714964577,"total_built_mass_tons":744565.1629399064,"city_id":10186,"country_iso":"CHN"},{"h3index":"8724e940effffff","population_2015":215.0571899526,"total_built_mass_tons":334731.4456862645,"city_id":10186,"country_iso":"CHN"},{"h3index":"8724e9410ffffff","population_2015":6710.704730464,"total_built_mass_tons":2394501.7596809189,"city_id":10186,"country_iso":"CHN"},{"h3index":"8724e9411ffffff","population_2015":25732.6769660209,"total_built_mass_tons":4269188.3488300852,"city_id":10186,"country_iso":"CHN"},{"h3index":"8724e9413ffffff","population_2015":1520.2807648341,"total_built_mass_tons":534435.0475851619,"city_id":10186,"country_iso":"CHN"},{"h3index":"8724e9414ffffff","population_2015":3210.6954091446,"total_built_mass_tons":1553627.7847962049,"city_id":10186,"country_iso":"CHN"},{"h3index":"8724e9415ffffff","population_2015":6702.0297296994,"total_built_mass_tons":2167473.9217323931,"city_id":10186,"country_iso":"CHN"},{"h3index":"8724e9416ffffff","population_2015":0.1309234815,"total_built_mass_tons":187.9833886531,"city_id":10186,"country_iso":"CHN"},{"h3index":"8724e9418ffffff","population_2015":25875.8431843907,"total_built_mass_tons":4860527.855108019,"city_id":10186,"country_iso":"CHN"},{"h3index":"8724e9419ffffff","population_2015":70654.0621812559,"total_built_mass_tons":7934425.5931918323,"city_id":10186,"country_iso":"CHN"},{"h3index":"8724e941affffff","population_2015":392.930505588,"total_built_mass_tons":107462.4941898608,"city_id":10186,"country_iso":"CHN"},{"h3index":"8724e941bffffff","population_2015":9908.739948088,"total_built_mass_tons":2470798.4045707802,"city_id":10186,"country_iso":"CHN"},{"h3index":"8724e941cffffff","population_2015":17689.9138444751,"total_built_mass_tons":5043710.715484703,"city_id":10186,"country_iso":"CHN"},{"h3index":"8724e941dffffff","population_2015":36328.6469987505,"total_built_mass_tons":3070738.0769349714,"city_id":10186,"country_iso":"CHN"},{"h3index":"8724e941effffff","population_2015":6131.2532349568,"total_built_mass_tons":1965782.724978924,"city_id":10186,"country_iso":"CHN"},{"h3index":"8724e9430ffffff","population_2015":28666.8143915908,"total_built_mass_tons":6673518.0529118152,"city_id":10186,"country_iso":"CHN"},{"h3index":"8724e9431ffffff","population_2015":6864.9192610727,"total_built_mass_tons":2590896.8864837335,"city_id":10186,"country_iso":"CHN"},{"h3index":"8724e9432ffffff","population_2015":4567.1941334617,"total_built_mass_tons":1512604.2687504061,"city_id":10186,"country_iso":"CHN"},{"h3index":"8724e9433ffffff","population_2015":6844.4246882186,"total_built_mass_tons":1673593.9094452425,"city_id":10186,"country_iso":"CHN"},{"h3index":"8724e9434ffffff","population_2015":34433.615529942,"total_built_mass_tons":6214590.6008333657,"city_id":10186,"country_iso":"CHN"},{"h3index":"8724e9435ffffff","population_2015":380.2120164119,"total_built_mass_tons":1026678.6161200536,"city_id":10186,"country_iso":"CHN"},{"h3index":"8724e9436ffffff","population_2015":78054.9300227502,"total_built_mass_tons":9162505.2204466034,"city_id":10186,"country_iso":"CHN"},{"h3index":"8724e9452ffffff","population_2015":1891.8476067169,"total_built_mass_tons":475370.8790417633,"city_id":10186,"country_iso":"CHN"},{"h3index":"8724e9456ffffff","population_2015":378.675201502,"total_built_mass_tons":169274.6329271237,"city_id":10186,"country_iso":"CHN"},{"h3index":"8724e94e0ffffff","population_2015":12844.961885658,"total_built_mass_tons":5676085.5479570786,"city_id":10186,"country_iso":"CHN"},{"h3index":"8724e94e1ffffff","population_2015":7329.9412015419,"total_built_mass_tons":3441795.6816735733,"city_id":10186,"country_iso":"CHN"},{"h3index":"8724e94e2ffffff","population_2015":2722.8017157442,"total_built_mass_tons":863544.0697626511,"city_id":10186,"country_iso":"CHN"},{"h3index":"8724e94e3ffffff","population_2015":1736.7112388807,"total_built_mass_tons":1479856.9239591777,"city_id":10186,"country_iso":"CHN"},{"h3index":"8724e94e4ffffff","population_2015":65808.7529783754,"total_built_mass_tons":6671319.4865713567,"city_id":10186,"country_iso":"CHN"},{"h3index":"8724e94e5ffffff","population_2015":5983.7997149762,"total_built_mass_tons":4123435.0120696696,"city_id":10186,"country_iso":"CHN"},{"h3index":"8724e94e6ffffff","population_2015":35397.1930370434,"total_built_mass_tons":7309020.5520673208,"city_id":10186,"country_iso":"CHN"},{"h3index":"8724e94ecffffff","population_2015":572.4000183274,"total_built_mass_tons":237313.6621453671,"city_id":10186,"country_iso":"CHN"},{"h3index":"8724e94eeffffff","population_2015":14.5564190023,"total_built_mass_tons":7770.9736276011,"city_id":10186,"country_iso":"CHN"},{"h3index":"8724e94f5ffffff","population_2015":1752.0910878911,"total_built_mass_tons":331664.5842738195,"city_id":10186,"country_iso":"CHN"},{"h3index":"8724e9510ffffff","population_2015":28.036886866,"total_built_mass_tons":75537.8452197378,"city_id":10186,"country_iso":"CHN"},{"h3index":"8724e9512ffffff","population_2015":2963.3119234006,"total_built_mass_tons":2332044.5333436625,"city_id":10186,"country_iso":"CHN"},{"h3index":"8724e9513ffffff","population_2015":2293.6244917905,"total_built_mass_tons":1733157.165103666,"city_id":10186,"country_iso":"CHN"},{"h3index":"8724e9516ffffff","population_2015":43.2635409262,"total_built_mass_tons":67113.2879441291,"city_id":10186,"country_iso":"CHN"},{"h3index":"8724e9518ffffff","population_2015":0.2747555901,"total_built_mass_tons":1128.9504030991,"city_id":10186,"country_iso":"CHN"},{"h3index":"8724e951affffff","population_2015":4753.6985223427,"total_built_mass_tons":4238282.8638586868,"city_id":10186,"country_iso":"CHN"},{"h3index":"8724e951bffffff","population_2015":352.9897347374,"total_built_mass_tons":783441.6647845464,"city_id":10186,"country_iso":"CHN"},{"h3index":"8724e951effffff","population_2015":460.7903859144,"total_built_mass_tons":1003125.7916461504,"city_id":10186,"country_iso":"CHN"},{"h3index":"8724e9580ffffff","population_2015":12658.1967274778,"total_built_mass_tons":5567535.2777792774,"city_id":10186,"country_iso":"CHN"},{"h3index":"8724e9581ffffff","population_2015":35693.8849754558,"total_built_mass_tons":8208985.9904353926,"city_id":10186,"country_iso":"CHN"},{"h3index":"8724e9582ffffff","population_2015":1758.2011632807,"total_built_mass_tons":937689.4264331248,"city_id":10186,"country_iso":"CHN"},{"h3index":"8724e9583ffffff","population_2015":12276.7254455277,"total_built_mass_tons":5726685.3651983682,"city_id":10186,"country_iso":"CHN"},{"h3index":"8724e9584ffffff","population_2015":22419.0584981896,"total_built_mass_tons":4482342.3528234428,"city_id":10186,"country_iso":"CHN"},{"h3index":"8724e9585ffffff","population_2015":53605.4321190554,"total_built_mass_tons":10169064.0686503407,"city_id":10186,"country_iso":"CHN"},{"h3index":"8724e9586ffffff","population_2015":1010.3832982816,"total_built_mass_tons":2861295.3961206782,"city_id":10186,"country_iso":"CHN"},{"h3index":"8724e9588ffffff","population_2015":12769.4104372941,"total_built_mass_tons":3463058.7014992107,"city_id":10186,"country_iso":"CHN"},{"h3index":"8724e9589ffffff","population_2015":1218.8387533983,"total_built_mass_tons":337954.1668594112,"city_id":10186,"country_iso":"CHN"},{"h3index":"8724e958affffff","population_2015":922.8866414809,"total_built_mass_tons":844805.7154963886,"city_id":10186,"country_iso":"CHN"},{"h3index":"8724e958cffffff","population_2015":29891.3842444439,"total_built_mass_tons":7163012.9419427626,"city_id":10186,"country_iso":"CHN"},{"h3index":"8724e958dffffff","population_2015":16917.978514303,"total_built_mass_tons":6411630.7771008555,"city_id":10186,"country_iso":"CHN"},{"h3index":"8724e958effffff","population_2015":22352.2919708392,"total_built_mass_tons":4831582.1334629487,"city_id":10186,"country_iso":"CHN"},{"h3index":"8724e9594ffffff","population_2015":45.3127362915,"total_built_mass_tons":366893.0714394703,"city_id":10186,"country_iso":"CHN"},{"h3index":"8724e959cffffff","population_2015":1.1442042105,"total_built_mass_tons":7737.3852010857,"city_id":10186,"country_iso":"CHN"},{"h3index":"8724e959dffffff","population_2015":340.7942053514,"total_built_mass_tons":294808.0424083647,"city_id":10186,"country_iso":"CHN"},{"h3index":"8724e95a0ffffff","population_2015":2562.2289781248,"total_built_mass_tons":3279353.2928726957,"city_id":10186,"country_iso":"CHN"},{"h3index":"8724e95a1ffffff","population_2015":129059.9662062075,"total_built_mass_tons":5049302.9244061224,"city_id":10186,"country_iso":"CHN"},{"h3index":"8724e95a2ffffff","population_2015":3093.1424903865,"total_built_mass_tons":5990088.917573561,"city_id":10186,"country_iso":"CHN"},{"h3index":"8724e95a3ffffff","population_2015":102561.80656357,"total_built_mass_tons":8405854.6223294102,"city_id":10186,"country_iso":"CHN"},{"h3index":"8724e95a5ffffff","population_2015":460.6980541116,"total_built_mass_tons":1165728.2772379075,"city_id":10186,"country_iso":"CHN"},{"h3index":"8724e95a6ffffff","population_2015":2252.8695739148,"total_built_mass_tons":4227008.6340782642,"city_id":10186,"country_iso":"CHN"},{"h3index":"8724e95a8ffffff","population_2015":52796.9015635098,"total_built_mass_tons":6756448.4451427823,"city_id":10186,"country_iso":"CHN"},{"h3index":"8724e95a9ffffff","population_2015":149485.4920713499,"total_built_mass_tons":9505026.7704546154,"city_id":10186,"country_iso":"CHN"},{"h3index":"8724e95aaffffff","population_2015":78678.5696611965,"total_built_mass_tons":9991501.4828469325,"city_id":10186,"country_iso":"CHN"},{"h3index":"8724e95abffffff","population_2015":37720.0071400661,"total_built_mass_tons":8043119.8620796083,"city_id":10186,"country_iso":"CHN"},{"h3index":"8724e95acffffff","population_2015":34944.6978439689,"total_built_mass_tons":4394834.4105083449,"city_id":10186,"country_iso":"CHN"},{"h3index":"8724e95adffffff","population_2015":14852.2370102723,"total_built_mass_tons":3925011.7416776372,"city_id":10186,"country_iso":"CHN"},{"h3index":"8724e95aeffffff","population_2015":80777.1584116693,"total_built_mass_tons":6328005.1220754357,"city_id":10186,"country_iso":"CHN"},{"h3index":"8724e95b0ffffff","population_2015":1407.0494912227,"total_built_mass_tons":5942614.7740940582,"city_id":10186,"country_iso":"CHN"},{"h3index":"8724e95b1ffffff","population_2015":2585.1736702108,"total_built_mass_tons":11377317.4312275276,"city_id":10186,"country_iso":"CHN"},{"h3index":"8724e95b2ffffff","population_2015":867.8859686397,"total_built_mass_tons":4239097.619697703,"city_id":10186,"country_iso":"CHN"},{"h3index":"8724e95b3ffffff","population_2015":960.4784219494,"total_built_mass_tons":3341946.4474045397,"city_id":10186,"country_iso":"CHN"},{"h3index":"8724e95b5ffffff","population_2015":1917.1648148219,"total_built_mass_tons":10149284.2335287686,"city_id":10186,"country_iso":"CHN"},{"h3index":"8724e95b6ffffff","population_2015":0.9265200045,"total_built_mass_tons":18121.3945693742,"city_id":10186,"country_iso":"CHN"}]