[{"h3index":"8724c9640ffffff","population_2015":11066.4602177826,"total_built_mass_tons":1334362.9991245663,"city_id":10389,"country_iso":"CHN"},{"h3index":"8724c9641ffffff","population_2015":55.1973779342,"total_built_mass_tons":41415.0555936384,"city_id":10389,"country_iso":"CHN"},{"h3index":"8724c9642ffffff","population_2015":326.4843601077,"total_built_mass_tons":101361.3717546333,"city_id":10389,"country_iso":"CHN"},{"h3index":"8724c9644ffffff","population_2015":16316.5956474117,"total_built_mass_tons":1887362.9211048204,"city_id":10389,"country_iso":"CHN"},{"h3index":"8724c9645ffffff","population_2015":164.8007112204,"total_built_mass_tons":150042.850698087,"city_id":10389,"country_iso":"CHN"},{"h3index":"8724c9646ffffff","population_2015":2241.567516671,"total_built_mass_tons":596818.4242416995,"city_id":10389,"country_iso":"CHN"},{"h3index":"8724c9663ffffff","population_2015":833.0335066347,"total_built_mass_tons":485753.8916781743,"city_id":10389,"country_iso":"CHN"},{"h3index":"8724c966affffff","population_2015":3.4416681888,"total_built_mass_tons":4984.9749158483,"city_id":10389,"country_iso":"CHN"},{"h3index":"8724c966effffff","population_2015":18.8624425626,"total_built_mass_tons":13148.5706692181,"city_id":10389,"country_iso":"CHN"},{"h3index":"8724c9671ffffff","population_2015":44.2948705673,"total_built_mass_tons":16513.9862301158,"city_id":10389,"country_iso":"CHN"}]