[{"h3index": "8739336c0ffffff", "population_2015": 2894.591220086697, "total_built_mass_tons": 1451637.3337645358, "city_id": 1554, "country_iso": "PRT"}, {"h3index": "8739336c2ffffff", "population_2015": 139.8111253733546, "total_built_mass_tons": 245671.72861482928, "city_id": 1554, "country_iso": "PRT"}, {"h3index": "8739336c4ffffff", "population_2015": 4399.977840620865, "total_built_mass_tons": 2451321.9007906937, "city_id": 1554, "country_iso": "PRT"}, {"h3index": "8739336c5ffffff", "population_2015": 245.42552709813216, "total_built_mass_tons": 135219.5593900039, "city_id": 1554, "country_iso": "PRT"}, {"h3index": "8739336c6ffffff", "population_2015": 2382.275316005127, "total_built_mass_tons": 1114311.4707979318, "city_id": 1554, "country_iso": "PRT"}, {"h3index": "8739336e0ffffff", "population_2015": 32799.4813970814, "total_built_mass_tons": 4209715.012869099, "city_id": 1554, "country_iso": "PRT"}, {"h3index": "8739336e1ffffff", "population_2015": 8260.586104048027, "total_built_mass_tons": 2434554.7455788874, "city_id": 1554, "country_iso": "PRT"}, {"h3index": "8739336e2ffffff", "population_2015": 278.53759540429553, "total_built_mass_tons": 319828.31529170246, "city_id": 1554, "country_iso": "PRT"}, {"h3index": "8739336e3ffffff", "population_2015": 7493.130588561349, "total_built_mass_tons": 3003932.1549300994, "city_id": 1554, "country_iso": "PRT"}, {"h3index": "8739336e5ffffff", "population_2015": 7436.858978797076, "total_built_mass_tons": 1377272.8161334198, "city_id": 1554, "country_iso": "PRT"}, {"h3index": "8739336eeffffff", "population_2015": 346.22085631677203, "total_built_mass_tons": 334881.87331736286, "city_id": 1554, "country_iso": "PRT"}]