[{"h3index": "876741200ffffff", "population_2015": 647.5871944876278, "total_built_mass_tons": 163230.88097851857, "city_id": 854, "country_iso": "VEN"}, {"h3index": "876741204ffffff", "population_2015": 6892.393456743277, "total_built_mass_tons": 1815893.308469358, "city_id": 854, "country_iso": "VEN"}, {"h3index": "876741205ffffff", "population_2015": 1012.0648027382646, "total_built_mass_tons": 252199.4426956757, "city_id": 854, "country_iso": "VEN"}, {"h3index": "876741206ffffff", "population_2015": 6675.820187505085, "total_built_mass_tons": 1450102.7592232348, "city_id": 854, "country_iso": "VEN"}, {"h3index": "876741210ffffff", "population_2015": 966.9795945859422, "total_built_mass_tons": 294550.4742520834, "city_id": 854, "country_iso": "VEN"}, {"h3index": "876741212ffffff", "population_2015": 64.91034713819914, "total_built_mass_tons": 17375.566597836805, "city_id": 854, "country_iso": "VEN"}, {"h3index": "876741214ffffff", "population_2015": 9500.588492801144, "total_built_mass_tons": 1961683.1172690648, "city_id": 854, "country_iso": "VEN"}, {"h3index": "876741215ffffff", "population_2015": 1650.3182186164106, "total_built_mass_tons": 322527.46194826026, "city_id": 854, "country_iso": "VEN"}, {"h3index": "876741216ffffff", "population_2015": 6065.101492863075, "total_built_mass_tons": 1212330.2981731377, "city_id": 854, "country_iso": "VEN"}, {"h3index": "876741221ffffff", "population_2015": 379.69716425129013, "total_built_mass_tons": 63964.901049050706, "city_id": 854, "country_iso": "VEN"}, {"h3index": "876741223ffffff", "population_2015": 2053.1131746217316, "total_built_mass_tons": 398496.0329844338, "city_id": 854, "country_iso": "VEN"}, {"h3index": "87674122cffffff", "population_2015": 2021.2481427622777, "total_built_mass_tons": 360942.2306470348, "city_id": 854, "country_iso": "VEN"}, {"h3index": "87674122effffff", "population_2015": 2281.0268921683814, "total_built_mass_tons": 489718.4662068817, "city_id": 854, "country_iso": "VEN"}, {"h3index": "876741231ffffff", "population_2015": 1163.2491478003708, "total_built_mass_tons": 219903.0270507428, "city_id": 854, "country_iso": "VEN"}, {"h3index": "876741232ffffff", "population_2015": 1055.5887301613302, "total_built_mass_tons": 257916.5594957597, "city_id": 854, "country_iso": "VEN"}, {"h3index": "876741233ffffff", "population_2015": 5063.204509035746, "total_built_mass_tons": 1139620.07360842, "city_id": 854, "country_iso": "VEN"}, {"h3index": "8767412a0ffffff", "population_2015": 2539.6424901251694, "total_built_mass_tons": 476840.82330512186, "city_id": 854, "country_iso": "VEN"}, {"h3index": "8767412a2ffffff", "population_2015": 48.2371821347405, "total_built_mass_tons": 15027.30877792239, "city_id": 854, "country_iso": "VEN"}, {"h3index": "8767412a4ffffff", "population_2015": 651.8913334005019, "total_built_mass_tons": 190696.63139368076, "city_id": 854, "country_iso": "VEN"}, {"h3index": "8767412a5ffffff", "population_2015": 3578.837442585067, "total_built_mass_tons": 685633.655777348, "city_id": 854, "country_iso": "VEN"}, {"h3index": "8767412a6ffffff", "population_2015": 1272.7876590055578, "total_built_mass_tons": 346596.9929417174, "city_id": 854, "country_iso": "VEN"}, {"h3index": "876741341ffffff", "population_2015": 2.0570754743089865, "total_built_mass_tons": 2449.2773223225113, "city_id": 854, "country_iso": "VEN"}, {"h3index": "876741342ffffff", "population_2015": 3239.292710734349, "total_built_mass_tons": 848774.662795332, "city_id": 854, "country_iso": "VEN"}, {"h3index": "876741343ffffff", "population_2015": 2375.494549276314, "total_built_mass_tons": 646651.144632611, "city_id": 854, "country_iso": "VEN"}, {"h3index": "876741351ffffff", "population_2015": 5033.8903796326895, "total_built_mass_tons": 1710437.6415415786, "city_id": 854, "country_iso": "VEN"}, {"h3index": "876741353ffffff", "population_2015": 3357.0697431078142, "total_built_mass_tons": 921757.9560764118, "city_id": 854, "country_iso": "VEN"}, {"h3index": "87674135cffffff", "population_2015": 2715.539882248523, "total_built_mass_tons": 1070129.6389335447, "city_id": 854, "country_iso": "VEN"}, {"h3index": "87674135effffff", "population_2015": 34.817622375488284, "total_built_mass_tons": 122164.55967442776, "city_id": 854, "country_iso": "VEN"}, {"h3index": "876741389ffffff", "population_2015": 5276.588983730242, "total_built_mass_tons": 1318192.8723070114, "city_id": 854, "country_iso": "VEN"}, {"h3index": "87674138bffffff", "population_2015": 2093.540503468233, "total_built_mass_tons": 380672.88746680896, "city_id": 854, "country_iso": "VEN"}]