[{"h3index":"872759920ffffff","population_2015":372.1437098835,"total_built_mass_tons":491589.4032862966,"city_id":675,"country_iso":"USA"},{"h3index":"872759921ffffff","population_2015":47.0607536279,"total_built_mass_tons":27172.2511106337,"city_id":675,"country_iso":"USA"},{"h3index":"872759922ffffff","population_2015":150.2790522975,"total_built_mass_tons":140551.5458244932,"city_id":675,"country_iso":"USA"},{"h3index":"872759924ffffff","population_2015":2640.2040431067,"total_built_mass_tons":2016189.0958888168,"city_id":675,"country_iso":"USA"},{"h3index":"872759925ffffff","population_2015":2085.9784840387,"total_built_mass_tons":1151010.745939851,"city_id":675,"country_iso":"USA"},{"h3index":"872759926ffffff","population_2015":1480.8301107504,"total_built_mass_tons":2386709.358288161,"city_id":675,"country_iso":"USA"},{"h3index":"872759934ffffff","population_2015":308.4333977059,"total_built_mass_tons":385084.227760795,"city_id":675,"country_iso":"USA"},{"h3index":"872759935ffffff","population_2015":207.7117522732,"total_built_mass_tons":273722.6281894839,"city_id":675,"country_iso":"USA"},{"h3index":"872759936ffffff","population_2015":76.8353432356,"total_built_mass_tons":51308.9185448427,"city_id":675,"country_iso":"USA"},{"h3index":"87275d0c1ffffff","population_2015":2515.7216775078,"total_built_mass_tons":1397262.4285361257,"city_id":675,"country_iso":"USA"},{"h3index":"87275d0c3ffffff","population_2015":2443.810146193,"total_built_mass_tons":1508195.8926168897,"city_id":675,"country_iso":"USA"},{"h3index":"87275d0c8ffffff","population_2015":4323.49000955,"total_built_mass_tons":2584875.8472278197,"city_id":675,"country_iso":"USA"},{"h3index":"87275d0c9ffffff","population_2015":3701.2974794111,"total_built_mass_tons":3245721.3446070491,"city_id":675,"country_iso":"USA"},{"h3index":"87275d0caffffff","population_2015":2846.0813508481,"total_built_mass_tons":2751105.3756151386,"city_id":675,"country_iso":"USA"},{"h3index":"87275d0cbffffff","population_2015":4917.1567473287,"total_built_mass_tons":2610360.8178462964,"city_id":675,"country_iso":"USA"},{"h3index":"87275d0ccffffff","population_2015":997.5325709594,"total_built_mass_tons":1727654.4126423832,"city_id":675,"country_iso":"USA"},{"h3index":"87275d0cdffffff","population_2015":940.193483666,"total_built_mass_tons":999410.2745485082,"city_id":675,"country_iso":"USA"},{"h3index":"87275d0ceffffff","population_2015":5137.8839001258,"total_built_mass_tons":3316355.797470978,"city_id":675,"country_iso":"USA"},{"h3index":"87275d0d0ffffff","population_2015":324.8016246696,"total_built_mass_tons":197872.4275581061,"city_id":675,"country_iso":"USA"},{"h3index":"87275d0d1ffffff","population_2015":0.1599665579,"total_built_mass_tons":35269.6711964983,"city_id":675,"country_iso":"USA"},{"h3index":"87275d0d2ffffff","population_2015":3873.1849296929,"total_built_mass_tons":1705226.8598121011,"city_id":675,"country_iso":"USA"},{"h3index":"87275d0d3ffffff","population_2015":1327.2712001726,"total_built_mass_tons":1721737.2418925003,"city_id":675,"country_iso":"USA"},{"h3index":"87275d0d6ffffff","population_2015":1146.9427235426,"total_built_mass_tons":525104.9265332229,"city_id":675,"country_iso":"USA"},{"h3index":"87275d0d8ffffff","population_2015":3664.5821575477,"total_built_mass_tons":2114468.6257124352,"city_id":675,"country_iso":"USA"},{"h3index":"87275d0d9ffffff","population_2015":4237.7693072062,"total_built_mass_tons":2593275.4513752572,"city_id":675,"country_iso":"USA"},{"h3index":"87275d0daffffff","population_2015":1491.2658785559,"total_built_mass_tons":1966086.1684367063,"city_id":675,"country_iso":"USA"},{"h3index":"87275d0dbffffff","population_2015":2009.3306529295,"total_built_mass_tons":2397840.2462424049,"city_id":675,"country_iso":"USA"},{"h3index":"87275d0dcffffff","population_2015":2934.2307523084,"total_built_mass_tons":959792.551170425,"city_id":675,"country_iso":"USA"},{"h3index":"87275d0ddffffff","population_2015":2241.5671050592,"total_built_mass_tons":3328827.3167358441,"city_id":675,"country_iso":"USA"},{"h3index":"87275d0deffffff","population_2015":199.2261978339,"total_built_mass_tons":1723041.6475164248,"city_id":675,"country_iso":"USA"},{"h3index":"87275d0e8ffffff","population_2015":1.1640973633,"total_built_mass_tons":926.9877180019,"city_id":675,"country_iso":"USA"},{"h3index":"87275d0e9ffffff","population_2015":502.8575210784,"total_built_mass_tons":437702.1827043862,"city_id":675,"country_iso":"USA"},{"h3index":"87275d0eaffffff","population_2015":18.4017765587,"total_built_mass_tons":9595.2607162823,"city_id":675,"country_iso":"USA"},{"h3index":"87275d0ebffffff","population_2015":1223.3937388082,"total_built_mass_tons":1467428.9042247569,"city_id":675,"country_iso":"USA"},{"h3index":"87275d280ffffff","population_2015":1234.8879267909,"total_built_mass_tons":3979993.9620967377,"city_id":675,"country_iso":"USA"},{"h3index":"87275d281ffffff","population_2015":2370.3600735561,"total_built_mass_tons":2957651.5413244218,"city_id":675,"country_iso":"USA"},{"h3index":"87275d282ffffff","population_2015":7851.7975145044,"total_built_mass_tons":4150632.5456249071,"city_id":675,"country_iso":"USA"},{"h3index":"87275d283ffffff","population_2015":905.7710793812,"total_built_mass_tons":2879662.4814913985,"city_id":675,"country_iso":"USA"},{"h3index":"87275d284ffffff","population_2015":9807.2343044625,"total_built_mass_tons":3809142.3945745537,"city_id":675,"country_iso":"USA"},{"h3index":"87275d285ffffff","population_2015":3942.3882021633,"total_built_mass_tons":3244886.442267518,"city_id":675,"country_iso":"USA"},{"h3index":"87275d286ffffff","population_2015":7199.7533033793,"total_built_mass_tons":3528684.6017067893,"city_id":675,"country_iso":"USA"},{"h3index":"87275d288ffffff","population_2015":6625.8328761072,"total_built_mass_tons":2690918.8919712012,"city_id":675,"country_iso":"USA"},{"h3index":"87275d289ffffff","population_2015":1367.045522821,"total_built_mass_tons":1566073.0157536692,"city_id":675,"country_iso":"USA"},{"h3index":"87275d28affffff","population_2015":3679.9057651118,"total_built_mass_tons":2518137.4222822501,"city_id":675,"country_iso":"USA"},{"h3index":"87275d28bffffff","population_2015":468.3622883475,"total_built_mass_tons":330814.6253616279,"city_id":675,"country_iso":"USA"},{"h3index":"87275d28cffffff","population_2015":7908.0036545682,"total_built_mass_tons":3621891.4301569872,"city_id":675,"country_iso":"USA"},{"h3index":"87275d28dffffff","population_2015":3875.8307603942,"total_built_mass_tons":1569671.5884580463,"city_id":675,"country_iso":"USA"},{"h3index":"87275d28effffff","population_2015":2047.1995725529,"total_built_mass_tons":1749758.5793622115,"city_id":675,"country_iso":"USA"},{"h3index":"87275d290ffffff","population_2015":7249.3953886217,"total_built_mass_tons":3642156.1722582504,"city_id":675,"country_iso":"USA"},{"h3index":"87275d291ffffff","population_2015":6480.9709512154,"total_built_mass_tons":3055366.8196533951,"city_id":675,"country_iso":"USA"},{"h3index":"87275d292ffffff","population_2015":2763.3039986908,"total_built_mass_tons":2786495.2465820303,"city_id":675,"country_iso":"USA"},{"h3index":"87275d293ffffff","population_2015":4106.1260774608,"total_built_mass_tons":2879270.1646394427,"city_id":675,"country_iso":"USA"},{"h3index":"87275d294ffffff","population_2015":10963.6853159582,"total_built_mass_tons":4055552.8296438218,"city_id":675,"country_iso":"USA"},{"h3index":"87275d295ffffff","population_2015":5044.7714226677,"total_built_mass_tons":3104821.8205552893,"city_id":675,"country_iso":"USA"},{"h3index":"87275d296ffffff","population_2015":10934.3976929496,"total_built_mass_tons":4300379.7857659711,"city_id":675,"country_iso":"USA"},{"h3index":"87275d298ffffff","population_2015":1371.1495658685,"total_built_mass_tons":1260064.0337475569,"city_id":675,"country_iso":"USA"},{"h3index":"87275d299ffffff","population_2015":2604.194168653,"total_built_mass_tons":1757555.2147906695,"city_id":675,"country_iso":"USA"},{"h3index":"87275d29affffff","population_2015":1741.800712145,"total_built_mass_tons":1746133.9357529629,"city_id":675,"country_iso":"USA"},{"h3index":"87275d29bffffff","population_2015":2648.5531127032,"total_built_mass_tons":1707668.5738023391,"city_id":675,"country_iso":"USA"},{"h3index":"87275d29cffffff","population_2015":5771.4322812365,"total_built_mass_tons":3191453.910703728,"city_id":675,"country_iso":"USA"},{"h3index":"87275d29dffffff","population_2015":988.7104946158,"total_built_mass_tons":2780254.9193750927,"city_id":675,"country_iso":"USA"},{"h3index":"87275d29effffff","population_2015":3630.2772902198,"total_built_mass_tons":2183539.0966711435,"city_id":675,"country_iso":"USA"},{"h3index":"87275d2a0ffffff","population_2015":15.7729756372,"total_built_mass_tons":21102.5638949182,"city_id":675,"country_iso":"USA"},{"h3index":"87275d2a1ffffff","population_2015":1.2021234554,"total_built_mass_tons":39519.7242726536,"city_id":675,"country_iso":"USA"},{"h3index":"87275d2a2ffffff","population_2015":11320.9752514191,"total_built_mass_tons":3948450.619759595,"city_id":675,"country_iso":"USA"},{"h3index":"87275d2a3ffffff","population_2015":6281.0881229183,"total_built_mass_tons":2879031.9173212661,"city_id":675,"country_iso":"USA"},{"h3index":"87275d2a6ffffff","population_2015":0.8037953129,"total_built_mass_tons":762408.6330541092,"city_id":675,"country_iso":"USA"},{"h3index":"87275d2a8ffffff","population_2015":0.6837293176,"total_built_mass_tons":27184.4383947526,"city_id":675,"country_iso":"USA"},{"h3index":"87275d2aaffffff","population_2015":5582.6037193207,"total_built_mass_tons":3099231.27300057,"city_id":675,"country_iso":"USA"},{"h3index":"87275d2abffffff","population_2015":23.8638450109,"total_built_mass_tons":77658.9212705601,"city_id":675,"country_iso":"USA"},{"h3index":"87275d2aeffffff","population_2015":6101.5907304265,"total_built_mass_tons":2419396.9401087123,"city_id":675,"country_iso":"USA"},{"h3index":"87275d2b0ffffff","population_2015":27409.4092921141,"total_built_mass_tons":5063420.1535613937,"city_id":675,"country_iso":"USA"},{"h3index":"87275d2b1ffffff","population_2015":14542.7490280815,"total_built_mass_tons":4888415.5013331277,"city_id":675,"country_iso":"USA"},{"h3index":"87275d2b2ffffff","population_2015":7495.7408789515,"total_built_mass_tons":4552554.0110362433,"city_id":675,"country_iso":"USA"},{"h3index":"87275d2b3ffffff","population_2015":10028.7622246183,"total_built_mass_tons":4198777.9446097855,"city_id":675,"country_iso":"USA"},{"h3index":"87275d2b4ffffff","population_2015":17592.2964667428,"total_built_mass_tons":5898764.0924299229,"city_id":675,"country_iso":"USA"},{"h3index":"87275d2b5ffffff","population_2015":16849.1598694161,"total_built_mass_tons":5028341.2858022451,"city_id":675,"country_iso":"USA"},{"h3index":"87275d2b6ffffff","population_2015":11953.3778201315,"total_built_mass_tons":5393364.7783505023,"city_id":675,"country_iso":"USA"},{"h3index":"87275d382ffffff","population_2015":9780.5187944884,"total_built_mass_tons":3003650.8012019433,"city_id":675,"country_iso":"USA"},{"h3index":"87275d383ffffff","population_2015":116.9474717746,"total_built_mass_tons":328648.8672858589,"city_id":675,"country_iso":"USA"},{"h3index":"87275d386ffffff","population_2015":0.048819757,"total_built_mass_tons":8016.8646135659,"city_id":675,"country_iso":"USA"},{"h3index":"87275d390ffffff","population_2015":7260.4118545479,"total_built_mass_tons":3213939.3397201565,"city_id":675,"country_iso":"USA"},{"h3index":"87275d391ffffff","population_2015":9608.5455785187,"total_built_mass_tons":4413728.1163422307,"city_id":675,"country_iso":"USA"},{"h3index":"87275d392ffffff","population_2015":13947.6705532656,"total_built_mass_tons":4748369.1122244177,"city_id":675,"country_iso":"USA"},{"h3index":"87275d393ffffff","population_2015":18123.1278550141,"total_built_mass_tons":5061281.1074145809,"city_id":675,"country_iso":"USA"},{"h3index":"87275d394ffffff","population_2015":5200.9892689396,"total_built_mass_tons":3662976.5200393451,"city_id":675,"country_iso":"USA"},{"h3index":"87275d395ffffff","population_2015":10385.3012292096,"total_built_mass_tons":3551527.1055032331,"city_id":675,"country_iso":"USA"},{"h3index":"87275d396ffffff","population_2015":11063.0671492671,"total_built_mass_tons":4231228.088818904,"city_id":675,"country_iso":"USA"},{"h3index":"87275d398ffffff","population_2015":20450.203844229,"total_built_mass_tons":4020763.6251167469,"city_id":675,"country_iso":"USA"},{"h3index":"87275d39affffff","population_2015":15235.0515306894,"total_built_mass_tons":5703392.2854966316,"city_id":675,"country_iso":"USA"},{"h3index":"87275d39bffffff","population_2015":2991.6381216194,"total_built_mass_tons":5473673.9780464554,"city_id":675,"country_iso":"USA"},{"h3index":"87275d39cffffff","population_2015":19956.4556471077,"total_built_mass_tons":5244500.3752652183,"city_id":675,"country_iso":"USA"},{"h3index":"87275d39dffffff","population_2015":210.5665997748,"total_built_mass_tons":449235.8492603006,"city_id":675,"country_iso":"USA"},{"h3index":"87275d39effffff","population_2015":16238.1618374079,"total_built_mass_tons":4699930.9176585022,"city_id":675,"country_iso":"USA"},{"h3index":"87275d3b0ffffff","population_2015":28.6473711621,"total_built_mass_tons":68686.9611378531,"city_id":675,"country_iso":"USA"},{"h3index":"87275d3b2ffffff","population_2015":2863.9440480306,"total_built_mass_tons":2286080.2970586317,"city_id":675,"country_iso":"USA"},{"h3index":"87275d3b3ffffff","population_2015":1167.4537512868,"total_built_mass_tons":570807.5862940011,"city_id":675,"country_iso":"USA"},{"h3index":"87275d3b6ffffff","population_2015":2658.9768960739,"total_built_mass_tons":1790865.8388335339,"city_id":675,"country_iso":"USA"},{"h3index":"87275d600ffffff","population_2015":4316.8978085351,"total_built_mass_tons":1591533.222738686,"city_id":675,"country_iso":"USA"},{"h3index":"87275d601ffffff","population_2015":9283.9352417833,"total_built_mass_tons":3228438.6972541367,"city_id":675,"country_iso":"USA"},{"h3index":"87275d602ffffff","population_2015":0.0326978235,"total_built_mass_tons":305.3499991692,"city_id":675,"country_iso":"USA"},{"h3index":"87275d603ffffff","population_2015":2661.7706675637,"total_built_mass_tons":1187758.1881569452,"city_id":675,"country_iso":"USA"},{"h3index":"87275d604ffffff","population_2015":619.2942929291,"total_built_mass_tons":455997.9829224838,"city_id":675,"country_iso":"USA"},{"h3index":"87275d605ffffff","population_2015":1108.4083335374,"total_built_mass_tons":2007343.4711804611,"city_id":675,"country_iso":"USA"},{"h3index":"87275d606ffffff","population_2015":711.8599445544,"total_built_mass_tons":329002.6273198434,"city_id":675,"country_iso":"USA"},{"h3index":"87275d608ffffff","population_2015":3308.8753658194,"total_built_mass_tons":2083832.6164564048,"city_id":675,"country_iso":"USA"},{"h3index":"87275d60affffff","population_2015":1515.435277915,"total_built_mass_tons":488441.7034873192,"city_id":675,"country_iso":"USA"},{"h3index":"87275d60cffffff","population_2015":9639.7862312346,"total_built_mass_tons":3419645.9689454967,"city_id":675,"country_iso":"USA"},{"h3index":"87275d60dffffff","population_2015":1873.0068381814,"total_built_mass_tons":769800.0985280308,"city_id":675,"country_iso":"USA"},{"h3index":"87275d60effffff","population_2015":3439.2535477608,"total_built_mass_tons":2717478.0496945805,"city_id":675,"country_iso":"USA"},{"h3index":"87275d61dffffff","population_2015":226.150123835,"total_built_mass_tons":114365.2805288244,"city_id":675,"country_iso":"USA"},{"h3index":"87275d621ffffff","population_2015":0.1049402274,"total_built_mass_tons":131051.3156188074,"city_id":675,"country_iso":"USA"},{"h3index":"87275d623ffffff","population_2015":67.5417261179,"total_built_mass_tons":588907.6508346957,"city_id":675,"country_iso":"USA"},{"h3index":"87275d628ffffff","population_2015":4067.7216493862,"total_built_mass_tons":2499782.5705952235,"city_id":675,"country_iso":"USA"},{"h3index":"87275d629ffffff","population_2015":73.5273147389,"total_built_mass_tons":125217.9235494342,"city_id":675,"country_iso":"USA"},{"h3index":"87275d62affffff","population_2015":7313.7109532066,"total_built_mass_tons":3891715.1421866128,"city_id":675,"country_iso":"USA"},{"h3index":"87275d62bffffff","population_2015":1794.9908299409,"total_built_mass_tons":1504186.5273063898,"city_id":675,"country_iso":"USA"},{"h3index":"87275d62cffffff","population_2015":842.243230852,"total_built_mass_tons":1621653.6618326136,"city_id":675,"country_iso":"USA"},{"h3index":"87275d62dffffff","population_2015":1906.2103478417,"total_built_mass_tons":2494334.6694903253,"city_id":675,"country_iso":"USA"},{"h3index":"87275d62effffff","population_2015":410.2100384667,"total_built_mass_tons":2243408.4629951133,"city_id":675,"country_iso":"USA"},{"h3index":"87275d645ffffff","population_2015":1453.2330930637,"total_built_mass_tons":1149912.7011860409,"city_id":675,"country_iso":"USA"},{"h3index":"87275d660ffffff","population_2015":4000.9861300597,"total_built_mass_tons":2434639.8620324624,"city_id":675,"country_iso":"USA"},{"h3index":"87275d661ffffff","population_2015":3494.7918079967,"total_built_mass_tons":2837279.9576543109,"city_id":675,"country_iso":"USA"},{"h3index":"87275d662ffffff","population_2015":2555.6534207209,"total_built_mass_tons":1613523.4894700251,"city_id":675,"country_iso":"USA"},{"h3index":"87275d663ffffff","population_2015":1869.3796923539,"total_built_mass_tons":1275223.5445308865,"city_id":675,"country_iso":"USA"},{"h3index":"87275d664ffffff","population_2015":5181.2352412889,"total_built_mass_tons":2738866.2066485197,"city_id":675,"country_iso":"USA"},{"h3index":"87275d665ffffff","population_2015":3376.3390901367,"total_built_mass_tons":2400409.8158214767,"city_id":675,"country_iso":"USA"},{"h3index":"87275d666ffffff","population_2015":4648.8303436524,"total_built_mass_tons":2526223.600936594,"city_id":675,"country_iso":"USA"},{"h3index":"87275d668ffffff","population_2015":1980.5964882275,"total_built_mass_tons":1273275.0769269124,"city_id":675,"country_iso":"USA"},{"h3index":"87275d669ffffff","population_2015":2575.3938173413,"total_built_mass_tons":1576432.4886197003,"city_id":675,"country_iso":"USA"},{"h3index":"87275d66affffff","population_2015":126.7374608894,"total_built_mass_tons":173236.1928834379,"city_id":675,"country_iso":"USA"},{"h3index":"87275d66bffffff","population_2015":94.6936284383,"total_built_mass_tons":69845.3933301579,"city_id":675,"country_iso":"USA"},{"h3index":"87275d66cffffff","population_2015":2235.6117382507,"total_built_mass_tons":1289191.772763168,"city_id":675,"country_iso":"USA"},{"h3index":"87275d66dffffff","population_2015":2041.3117287388,"total_built_mass_tons":1792240.673155786,"city_id":675,"country_iso":"USA"},{"h3index":"87275d66effffff","population_2015":3169.1131123949,"total_built_mass_tons":2453613.2215393209,"city_id":675,"country_iso":"USA"},{"h3index":"87275d671ffffff","population_2015":25.8625014102,"total_built_mass_tons":29607.3217475671,"city_id":675,"country_iso":"USA"},{"h3index":"87275d674ffffff","population_2015":52.3506495249,"total_built_mass_tons":104215.0997449512,"city_id":675,"country_iso":"USA"},{"h3index":"87275d675ffffff","population_2015":929.7213814854,"total_built_mass_tons":989536.8735744454,"city_id":675,"country_iso":"USA"},{"h3index":"87275d676ffffff","population_2015":39.5545796189,"total_built_mass_tons":10654.0269661897,"city_id":675,"country_iso":"USA"},{"h3index":"87275d709ffffff","population_2015":198.3209576863,"total_built_mass_tons":239985.4609692725,"city_id":675,"country_iso":"USA"},{"h3index":"87275d721ffffff","population_2015":26.1755051101,"total_built_mass_tons":30269.9847194866,"city_id":675,"country_iso":"USA"},{"h3index":"87275d725ffffff","population_2015":413.811858338,"total_built_mass_tons":165166.444670477,"city_id":675,"country_iso":"USA"},{"h3index":"87275d728ffffff","population_2015":2181.8997940818,"total_built_mass_tons":1071765.3629535993,"city_id":675,"country_iso":"USA"},{"h3index":"87275d729ffffff","population_2015":1746.9489900521,"total_built_mass_tons":999346.2569146296,"city_id":675,"country_iso":"USA"},{"h3index":"87275d72cffffff","population_2015":3583.8771085343,"total_built_mass_tons":2452330.0771308052,"city_id":675,"country_iso":"USA"},{"h3index":"87275d72dffffff","population_2015":4499.430442134,"total_built_mass_tons":3666283.9984849994,"city_id":675,"country_iso":"USA"},{"h3index":"87275d72effffff","population_2015":99.4921370902,"total_built_mass_tons":123588.8504937637,"city_id":675,"country_iso":"USA"},{"h3index":"87275d740ffffff","population_2015":4038.4145952627,"total_built_mass_tons":3508468.062267947,"city_id":675,"country_iso":"USA"},{"h3index":"87275d741ffffff","population_2015":1159.7770117041,"total_built_mass_tons":2854050.7013480952,"city_id":675,"country_iso":"USA"},{"h3index":"87275d742ffffff","population_2015":935.3071792439,"total_built_mass_tons":950063.7205663266,"city_id":675,"country_iso":"USA"},{"h3index":"87275d743ffffff","population_2015":3794.974972448,"total_built_mass_tons":2834750.238159406,"city_id":675,"country_iso":"USA"},{"h3index":"87275d744ffffff","population_2015":3084.5254379407,"total_built_mass_tons":3582154.3160405057,"city_id":675,"country_iso":"USA"},{"h3index":"87275d745ffffff","population_2015":8513.2740053734,"total_built_mass_tons":3361244.635748161,"city_id":675,"country_iso":"USA"},{"h3index":"87275d746ffffff","population_2015":1439.4268976733,"total_built_mass_tons":2317555.9267195612,"city_id":675,"country_iso":"USA"},{"h3index":"87275d748ffffff","population_2015":12215.0958142659,"total_built_mass_tons":4546861.4998260364,"city_id":675,"country_iso":"USA"},{"h3index":"87275d749ffffff","population_2015":12416.5152681741,"total_built_mass_tons":4219346.1440450754,"city_id":675,"country_iso":"USA"},{"h3index":"87275d74affffff","population_2015":3476.7533620917,"total_built_mass_tons":3251322.5457167062,"city_id":675,"country_iso":"USA"},{"h3index":"87275d74bffffff","population_2015":9648.5397884011,"total_built_mass_tons":3970613.7546072439,"city_id":675,"country_iso":"USA"},{"h3index":"87275d74cffffff","population_2015":8055.721150185,"total_built_mass_tons":4482586.9043550622,"city_id":675,"country_iso":"USA"},{"h3index":"87275d74dffffff","population_2015":14731.1836227174,"total_built_mass_tons":5724893.1678848788,"city_id":675,"country_iso":"USA"},{"h3index":"87275d74effffff","population_2015":5054.05275717,"total_built_mass_tons":4248770.8732450828,"city_id":675,"country_iso":"USA"},{"h3index":"87275d750ffffff","population_2015":1.9179986168,"total_built_mass_tons":4900.4855573347,"city_id":675,"country_iso":"USA"},{"h3index":"87275d753ffffff","population_2015":1.5849985824,"total_built_mass_tons":5624.3744160923,"city_id":675,"country_iso":"USA"},{"h3index":"87275d754ffffff","population_2015":2304.7255718208,"total_built_mass_tons":1875102.3517675323,"city_id":675,"country_iso":"USA"},{"h3index":"87275d755ffffff","population_2015":1253.2515345139,"total_built_mass_tons":989453.638515591,"city_id":675,"country_iso":"USA"},{"h3index":"87275d756ffffff","population_2015":137.6122947508,"total_built_mass_tons":254165.57917928,"city_id":675,"country_iso":"USA"},{"h3index":"87275d758ffffff","population_2015":2496.3710573586,"total_built_mass_tons":2274238.6028348249,"city_id":675,"country_iso":"USA"},{"h3index":"87275d759ffffff","population_2015":2299.8778530605,"total_built_mass_tons":1785062.1872252964,"city_id":675,"country_iso":"USA"},{"h3index":"87275d75affffff","population_2015":1788.1935425316,"total_built_mass_tons":1573367.0627031494,"city_id":675,"country_iso":"USA"},{"h3index":"87275d75bffffff","population_2015":1146.3875322244,"total_built_mass_tons":4091926.0528229745,"city_id":675,"country_iso":"USA"},{"h3index":"87275d75cffffff","population_2015":734.2779657968,"total_built_mass_tons":1112562.1101141854,"city_id":675,"country_iso":"USA"},{"h3index":"87275d75dffffff","population_2015":3065.6244331456,"total_built_mass_tons":2334959.944012621,"city_id":675,"country_iso":"USA"},{"h3index":"87275d75effffff","population_2015":691.9164700233,"total_built_mass_tons":1535504.7707654715,"city_id":675,"country_iso":"USA"},{"h3index":"87275d760ffffff","population_2015":12402.5445970837,"total_built_mass_tons":3782011.7165209069,"city_id":675,"country_iso":"USA"},{"h3index":"87275d761ffffff","population_2015":12430.8399580026,"total_built_mass_tons":4311716.8307105796,"city_id":675,"country_iso":"USA"},{"h3index":"87275d762ffffff","population_2015":5773.747804092,"total_built_mass_tons":2611640.1071128813,"city_id":675,"country_iso":"USA"},{"h3index":"87275d763ffffff","population_2015":12541.4265226024,"total_built_mass_tons":4200279.8906015996,"city_id":675,"country_iso":"USA"},{"h3index":"87275d764ffffff","population_2015":10049.0442757543,"total_built_mass_tons":3927370.2840582598,"city_id":675,"country_iso":"USA"},{"h3index":"87275d765ffffff","population_2015":13386.2004629925,"total_built_mass_tons":3854882.9581542928,"city_id":675,"country_iso":"USA"},{"h3index":"87275d766ffffff","population_2015":8154.8950099219,"total_built_mass_tons":3185578.9724550312,"city_id":675,"country_iso":"USA"},{"h3index":"87275d768ffffff","population_2015":16767.2053006731,"total_built_mass_tons":4841362.2664178163,"city_id":675,"country_iso":"USA"},{"h3index":"87275d769ffffff","population_2015":15337.2792331004,"total_built_mass_tons":5487255.3910041945,"city_id":675,"country_iso":"USA"},{"h3index":"87275d76affffff","population_2015":9364.0788128203,"total_built_mass_tons":3806365.0760046779,"city_id":675,"country_iso":"USA"},{"h3index":"87275d76bffffff","population_2015":8182.5588621497,"total_built_mass_tons":4079552.0172508112,"city_id":675,"country_iso":"USA"},{"h3index":"87275d76cffffff","population_2015":19687.8170147784,"total_built_mass_tons":5511534.5252228053,"city_id":675,"country_iso":"USA"},{"h3index":"87275d76dffffff","population_2015":16197.7878001288,"total_built_mass_tons":5057679.8478195462,"city_id":675,"country_iso":"USA"},{"h3index":"87275d76effffff","population_2015":12502.3863955834,"total_built_mass_tons":3715421.025495254,"city_id":675,"country_iso":"USA"},{"h3index":"87275d770ffffff","population_2015":2022.8729157748,"total_built_mass_tons":2697985.1634373115,"city_id":675,"country_iso":"USA"},{"h3index":"87275d771ffffff","population_2015":2067.8131099149,"total_built_mass_tons":3614993.5826669522,"city_id":675,"country_iso":"USA"},{"h3index":"87275d772ffffff","population_2015":2215.6742054752,"total_built_mass_tons":1582691.4083387791,"city_id":675,"country_iso":"USA"},{"h3index":"87275d773ffffff","population_2015":1615.0654415562,"total_built_mass_tons":1517050.1306847995,"city_id":675,"country_iso":"USA"},{"h3index":"87275d774ffffff","population_2015":2124.4692710666,"total_built_mass_tons":1588308.3861919569,"city_id":675,"country_iso":"USA"},{"h3index":"87275d775ffffff","population_2015":2516.4187947786,"total_built_mass_tons":3067667.1755068442,"city_id":675,"country_iso":"USA"},{"h3index":"87275d776ffffff","population_2015":466.1426995058,"total_built_mass_tons":903440.285005228,"city_id":675,"country_iso":"USA"}]