[{"h3index":"8740e1d41ffffff","population_2015":1322.4378473385,"total_built_mass_tons":688532.9325666889,"city_id":10354,"country_iso":"CHN"},{"h3index":"8740e1d45ffffff","population_2015":8098.4165982742,"total_built_mass_tons":2526893.154241615,"city_id":10354,"country_iso":"CHN"},{"h3index":"8740e1d4cffffff","population_2015":2143.6316986486,"total_built_mass_tons":1100576.4757862622,"city_id":10354,"country_iso":"CHN"},{"h3index":"8740e1d63ffffff","population_2015":4.3841056375,"total_built_mass_tons":20684.1000092879,"city_id":10354,"country_iso":"CHN"},{"h3index":"8740e1d68ffffff","population_2015":2096.160585575,"total_built_mass_tons":564266.466530871,"city_id":10354,"country_iso":"CHN"},{"h3index":"8740e1d6affffff","population_2015":4048.3727356799,"total_built_mass_tons":1114622.7155574609,"city_id":10354,"country_iso":"CHN"},{"h3index":"8740e1d6bffffff","population_2015":113.0599910596,"total_built_mass_tons":102732.2142359098,"city_id":10354,"country_iso":"CHN"},{"h3index":"8740e1d6cffffff","population_2015":26.6781942255,"total_built_mass_tons":28151.5547231807,"city_id":10354,"country_iso":"CHN"},{"h3index":"8740e1d6effffff","population_2015":7644.1064993092,"total_built_mass_tons":2278718.7805297719,"city_id":10354,"country_iso":"CHN"}]