[{"h3index":"8740e0990ffffff","population_2015":1354.2504428041,"total_built_mass_tons":748128.7303459402,"city_id":10447,"country_iso":"CHN"},{"h3index":"8740e0992ffffff","population_2015":14524.5356919532,"total_built_mass_tons":2416329.2826954145,"city_id":10447,"country_iso":"CHN"},{"h3index":"8740e0993ffffff","population_2015":16.1253744686,"total_built_mass_tons":13153.1687435548,"city_id":10447,"country_iso":"CHN"},{"h3index":"8740e0996ffffff","population_2015":21586.8711061347,"total_built_mass_tons":4453559.956315048,"city_id":10447,"country_iso":"CHN"},{"h3index":"8740e0d60ffffff","population_2015":15149.2903994934,"total_built_mass_tons":1833338.117755967,"city_id":10447,"country_iso":"CHN"},{"h3index":"8740e0d61ffffff","population_2015":6612.8576072655,"total_built_mass_tons":1266832.8745535137,"city_id":10447,"country_iso":"CHN"},{"h3index":"8740e0d64ffffff","population_2015":34835.2066506236,"total_built_mass_tons":5836913.7177332686,"city_id":10447,"country_iso":"CHN"},{"h3index":"8740e0d65ffffff","population_2015":86853.9720195789,"total_built_mass_tons":5043934.0160813071,"city_id":10447,"country_iso":"CHN"},{"h3index":"8740e0d66ffffff","population_2015":1109.0181437661,"total_built_mass_tons":328728.6597954808,"city_id":10447,"country_iso":"CHN"},{"h3index":"8740e0d6cffffff","population_2015":685.4899057687,"total_built_mass_tons":284677.1867329855,"city_id":10447,"country_iso":"CHN"},{"h3index":"8740e46c8ffffff","population_2015":42.163424965,"total_built_mass_tons":35703.5183467761,"city_id":10447,"country_iso":"CHN"},{"h3index":"8740e46c9ffffff","population_2015":29081.1382721434,"total_built_mass_tons":1956474.415414731,"city_id":10447,"country_iso":"CHN"},{"h3index":"8740e46caffffff","population_2015":582.1029839146,"total_built_mass_tons":207251.9185731917,"city_id":10447,"country_iso":"CHN"},{"h3index":"8740e46cbffffff","population_2015":37963.402592788,"total_built_mass_tons":5475489.3654441768,"city_id":10447,"country_iso":"CHN"},{"h3index":"8740e46d9ffffff","population_2015":1877.8176057077,"total_built_mass_tons":701882.2553634145,"city_id":10447,"country_iso":"CHN"}]