[{"h3index":"872830121ffffff","population_2015":195.0599489535,"total_built_mass_tons":74238.9497152356,"city_id":10,"country_iso":"USA"},{"h3index":"872830128ffffff","population_2015":7687.2994418881,"total_built_mass_tons":2761052.7297148523,"city_id":10,"country_iso":"USA"},{"h3index":"872830129ffffff","population_2015":1054.395379792,"total_built_mass_tons":535596.9890872298,"city_id":10,"country_iso":"USA"},{"h3index":"87283012affffff","population_2015":12.0987544765,"total_built_mass_tons":182125.5336280114,"city_id":10,"country_iso":"USA"},{"h3index":"87283012bffffff","population_2015":2722.489260214,"total_built_mass_tons":3052596.8697337941,"city_id":10,"country_iso":"USA"},{"h3index":"87283012cffffff","population_2015":4747.727341105,"total_built_mass_tons":1489556.5810243392,"city_id":10,"country_iso":"USA"},{"h3index":"87283012dffffff","population_2015":10111.5141470737,"total_built_mass_tons":2914018.3819993748,"city_id":10,"country_iso":"USA"},{"h3index":"872830801ffffff","population_2015":55.9355912358,"total_built_mass_tons":91018.3156004964,"city_id":10,"country_iso":"USA"},{"h3index":"872830802ffffff","population_2015":193.0217758454,"total_built_mass_tons":3029307.5396218859,"city_id":10,"country_iso":"USA"},{"h3index":"872830803ffffff","population_2015":3.1669556912,"total_built_mass_tons":544348.1050910119,"city_id":10,"country_iso":"USA"},{"h3index":"872830806ffffff","population_2015":54.4895911019,"total_built_mass_tons":1476810.0361792829,"city_id":10,"country_iso":"USA"},{"h3index":"87283080cffffff","population_2015":4741.9195015298,"total_built_mass_tons":1410132.7504431698,"city_id":10,"country_iso":"USA"},{"h3index":"87283080dffffff","population_2015":49.7135098375,"total_built_mass_tons":545618.234121016,"city_id":10,"country_iso":"USA"},{"h3index":"87283080effffff","population_2015":2153.497329032,"total_built_mass_tons":1253076.6214311935,"city_id":10,"country_iso":"USA"},{"h3index":"872830810ffffff","population_2015":26663.3808431758,"total_built_mass_tons":5274086.3003965598,"city_id":10,"country_iso":"USA"},{"h3index":"872830811ffffff","population_2015":6738.9379717635,"total_built_mass_tons":4275625.1436222326,"city_id":10,"country_iso":"USA"},{"h3index":"872830812ffffff","population_2015":29351.3143395869,"total_built_mass_tons":5511103.7053004969,"city_id":10,"country_iso":"USA"},{"h3index":"872830813ffffff","population_2015":21299.0380457752,"total_built_mass_tons":5461009.6576345833,"city_id":10,"country_iso":"USA"},{"h3index":"872830814ffffff","population_2015":10246.0492989173,"total_built_mass_tons":3732522.9325849735,"city_id":10,"country_iso":"USA"},{"h3index":"872830815ffffff","population_2015":2123.5812456776,"total_built_mass_tons":3514110.0937355692,"city_id":10,"country_iso":"USA"},{"h3index":"872830816ffffff","population_2015":27359.4886396497,"total_built_mass_tons":4568297.4836545298,"city_id":10,"country_iso":"USA"},{"h3index":"872830818ffffff","population_2015":1.3944357395,"total_built_mass_tons":132578.6913525634,"city_id":10,"country_iso":"USA"},{"h3index":"87283081affffff","population_2015":6189.1233204613,"total_built_mass_tons":3012481.3991682194,"city_id":10,"country_iso":"USA"},{"h3index":"87283081bffffff","population_2015":10.6670246846,"total_built_mass_tons":361126.2414447383,"city_id":10,"country_iso":"USA"},{"h3index":"87283081cffffff","population_2015":7.8368275856,"total_built_mass_tons":846907.8543799726,"city_id":10,"country_iso":"USA"},{"h3index":"87283081effffff","population_2015":6579.3849883384,"total_built_mass_tons":2565400.2204040904,"city_id":10,"country_iso":"USA"},{"h3index":"872830820ffffff","population_2015":3129.3662131828,"total_built_mass_tons":2014931.9032043349,"city_id":10,"country_iso":"USA"},{"h3index":"872830821ffffff","population_2015":14756.5121141333,"total_built_mass_tons":4053708.6238424978,"city_id":10,"country_iso":"USA"},{"h3index":"872830823ffffff","population_2015":0.2762700623,"total_built_mass_tons":375629.8590003162,"city_id":10,"country_iso":"USA"},{"h3index":"872830824ffffff","population_2015":0.0813699249,"total_built_mass_tons":403774.1703781319,"city_id":10,"country_iso":"USA"},{"h3index":"872830825ffffff","population_2015":16817.600603843,"total_built_mass_tons":3510181.1378416745,"city_id":10,"country_iso":"USA"},{"h3index":"872830828ffffff","population_2015":59851.884749295,"total_built_mass_tons":6901986.9528475609,"city_id":10,"country_iso":"USA"},{"h3index":"872830829ffffff","population_2015":47115.5664330464,"total_built_mass_tons":6896168.45031734,"city_id":10,"country_iso":"USA"},{"h3index":"87283082affffff","population_2015":23334.6635135543,"total_built_mass_tons":9892387.2525195796,"city_id":10,"country_iso":"USA"},{"h3index":"87283082bffffff","population_2015":88964.4312875357,"total_built_mass_tons":9993963.6625574753,"city_id":10,"country_iso":"USA"},{"h3index":"87283082cffffff","population_2015":54504.460188207,"total_built_mass_tons":6576144.3050858993,"city_id":10,"country_iso":"USA"},{"h3index":"87283082dffffff","population_2015":36308.6111752381,"total_built_mass_tons":5975557.8608027166,"city_id":10,"country_iso":"USA"},{"h3index":"87283082effffff","population_2015":14775.9874022231,"total_built_mass_tons":4911309.45515568,"city_id":10,"country_iso":"USA"},{"h3index":"872830832ffffff","population_2015":10163.4212441958,"total_built_mass_tons":2309530.2752133217,"city_id":10,"country_iso":"USA"},{"h3index":"872830833ffffff","population_2015":6098.2614497372,"total_built_mass_tons":2136436.5839120205,"city_id":10,"country_iso":"USA"},{"h3index":"872830836ffffff","population_2015":1390.174537769,"total_built_mass_tons":336466.8715494677,"city_id":10,"country_iso":"USA"},{"h3index":"872830866ffffff","population_2015":369.2926658782,"total_built_mass_tons":193826.4814463605,"city_id":10,"country_iso":"USA"},{"h3index":"872830870ffffff","population_2015":120.6365481788,"total_built_mass_tons":498735.2461402246,"city_id":10,"country_iso":"USA"},{"h3index":"872830871ffffff","population_2015":0.0027713258,"total_built_mass_tons":83160.4578942359,"city_id":10,"country_iso":"USA"},{"h3index":"872830874ffffff","population_2015":12890.7281045051,"total_built_mass_tons":2409440.1698778933,"city_id":10,"country_iso":"USA"},{"h3index":"872830875ffffff","population_2015":0.0768897869,"total_built_mass_tons":249175.3574123114,"city_id":10,"country_iso":"USA"},{"h3index":"872830876ffffff","population_2015":13557.2960992657,"total_built_mass_tons":3071980.5342817875,"city_id":10,"country_iso":"USA"},{"h3index":"8728308a0ffffff","population_2015":2699.5647550786,"total_built_mass_tons":1198540.0945233668,"city_id":10,"country_iso":"USA"},{"h3index":"8728308a1ffffff","population_2015":7524.8177545745,"total_built_mass_tons":2731658.9541397789,"city_id":10,"country_iso":"USA"},{"h3index":"8728308a2ffffff","population_2015":0.2438507604,"total_built_mass_tons":3494.8581870953,"city_id":10,"country_iso":"USA"},{"h3index":"8728308a3ffffff","population_2015":886.947263742,"total_built_mass_tons":215403.2358396923,"city_id":10,"country_iso":"USA"},{"h3index":"8728308a4ffffff","population_2015":13995.042039716,"total_built_mass_tons":3814893.414432737,"city_id":10,"country_iso":"USA"},{"h3index":"8728308a5ffffff","population_2015":14335.9417540139,"total_built_mass_tons":4138661.6424738737,"city_id":10,"country_iso":"USA"},{"h3index":"8728308a8ffffff","population_2015":24269.5927666025,"total_built_mass_tons":3645040.3072003666,"city_id":10,"country_iso":"USA"},{"h3index":"8728308a9ffffff","population_2015":26412.0650434968,"total_built_mass_tons":5005937.3165929224,"city_id":10,"country_iso":"USA"},{"h3index":"8728308abffffff","population_2015":6216.150694184,"total_built_mass_tons":1342240.563638642,"city_id":10,"country_iso":"USA"},{"h3index":"8728308acffffff","population_2015":15307.7157123407,"total_built_mass_tons":4221955.2820703331,"city_id":10,"country_iso":"USA"},{"h3index":"8728308adffffff","population_2015":25768.1165345175,"total_built_mass_tons":5716485.9308865834,"city_id":10,"country_iso":"USA"},{"h3index":"8728308aeffffff","population_2015":1538.509373645,"total_built_mass_tons":907193.6368734136,"city_id":10,"country_iso":"USA"},{"h3index":"8728308c0ffffff","population_2015":23541.8997245918,"total_built_mass_tons":4561642.0962657072,"city_id":10,"country_iso":"USA"},{"h3index":"8728308c1ffffff","population_2015":3136.6179197906,"total_built_mass_tons":1792738.1707454575,"city_id":10,"country_iso":"USA"},{"h3index":"8728308c2ffffff","population_2015":14572.4167547539,"total_built_mass_tons":3551220.3101147423,"city_id":10,"country_iso":"USA"},{"h3index":"8728308c3ffffff","population_2015":12738.7720458153,"total_built_mass_tons":3454444.5888031987,"city_id":10,"country_iso":"USA"},{"h3index":"8728308c4ffffff","population_2015":12678.323098806,"total_built_mass_tons":4297110.9336090246,"city_id":10,"country_iso":"USA"},{"h3index":"8728308c5ffffff","population_2015":5963.7110941531,"total_built_mass_tons":4045738.3615031969,"city_id":10,"country_iso":"USA"},{"h3index":"8728308c6ffffff","population_2015":16667.8866913238,"total_built_mass_tons":4921274.7383267907,"city_id":10,"country_iso":"USA"},{"h3index":"8728308ccffffff","population_2015":0.1139875595,"total_built_mass_tons":35196.048658657,"city_id":10,"country_iso":"USA"},{"h3index":"8728308ceffffff","population_2015":1.6130653668,"total_built_mass_tons":174901.1850238678,"city_id":10,"country_iso":"USA"},{"h3index":"8728308d0ffffff","population_2015":3602.1751809366,"total_built_mass_tons":1498357.1540168549,"city_id":10,"country_iso":"USA"},{"h3index":"8728308d1ffffff","population_2015":8487.7240566995,"total_built_mass_tons":2788749.1431364673,"city_id":10,"country_iso":"USA"},{"h3index":"8728308d2ffffff","population_2015":67.0438957588,"total_built_mass_tons":21803.947245075,"city_id":10,"country_iso":"USA"},{"h3index":"8728308d3ffffff","population_2015":4137.7473638245,"total_built_mass_tons":1706332.4134788071,"city_id":10,"country_iso":"USA"},{"h3index":"8728308d4ffffff","population_2015":27.7185087662,"total_built_mass_tons":17967.0868969118,"city_id":10,"country_iso":"USA"},{"h3index":"8728308d5ffffff","population_2015":1680.6341089436,"total_built_mass_tons":599807.6388326696,"city_id":10,"country_iso":"USA"},{"h3index":"8728308d6ffffff","population_2015":168.2018507901,"total_built_mass_tons":126708.1325418732,"city_id":10,"country_iso":"USA"},{"h3index":"8728308d8ffffff","population_2015":3351.8080387776,"total_built_mass_tons":966681.9903189574,"city_id":10,"country_iso":"USA"},{"h3index":"8728308daffffff","population_2015":2120.1391842656,"total_built_mass_tons":535117.8560586498,"city_id":10,"country_iso":"USA"},{"h3index":"8728308dcffffff","population_2015":10790.277060555,"total_built_mass_tons":3453100.9918602258,"city_id":10,"country_iso":"USA"},{"h3index":"8728308ddffffff","population_2015":1217.0660132209,"total_built_mass_tons":482661.5405067202,"city_id":10,"country_iso":"USA"},{"h3index":"8728308deffffff","population_2015":8877.3745374058,"total_built_mass_tons":3907570.2925945898,"city_id":10,"country_iso":"USA"},{"h3index":"8728308e2ffffff","population_2015":631.4324006299,"total_built_mass_tons":503253.8349342435,"city_id":10,"country_iso":"USA"},{"h3index":"8728308e3ffffff","population_2015":637.6048078955,"total_built_mass_tons":1527018.5272985755,"city_id":10,"country_iso":"USA"},{"h3index":"8728308eaffffff","population_2015":23.7013521001,"total_built_mass_tons":2473016.4032371263,"city_id":10,"country_iso":"USA"},{"h3index":"8728308ebffffff","population_2015":0.1186518669,"total_built_mass_tons":81040.0120052651,"city_id":10,"country_iso":"USA"},{"h3index":"8728308eeffffff","population_2015":370.2105277003,"total_built_mass_tons":385238.7510839454,"city_id":10,"country_iso":"USA"},{"h3index":"8728308f0ffffff","population_2015":15175.8754865297,"total_built_mass_tons":4120022.7339858534,"city_id":10,"country_iso":"USA"},{"h3index":"8728308f1ffffff","population_2015":8439.8530241351,"total_built_mass_tons":3019104.248461667,"city_id":10,"country_iso":"USA"},{"h3index":"8728308f2ffffff","population_2015":1949.8804800716,"total_built_mass_tons":753939.7163949718,"city_id":10,"country_iso":"USA"},{"h3index":"8728308f3ffffff","population_2015":7926.0565220828,"total_built_mass_tons":2708527.0462413998,"city_id":10,"country_iso":"USA"},{"h3index":"8728308f4ffffff","population_2015":14580.8338932254,"total_built_mass_tons":3891502.4557047151,"city_id":10,"country_iso":"USA"},{"h3index":"8728308f5ffffff","population_2015":1.2612285629,"total_built_mass_tons":636358.0683186451,"city_id":10,"country_iso":"USA"},{"h3index":"8728308f6ffffff","population_2015":13275.1624391518,"total_built_mass_tons":3748946.8160234229,"city_id":10,"country_iso":"USA"},{"h3index":"872830908ffffff","population_2015":560.0092355369,"total_built_mass_tons":1554637.0313245058,"city_id":10,"country_iso":"USA"},{"h3index":"872830909ffffff","population_2015":2389.1962946638,"total_built_mass_tons":1909958.9175049048,"city_id":10,"country_iso":"USA"},{"h3index":"87283090bffffff","population_2015":2.4780502889,"total_built_mass_tons":1235681.6312248718,"city_id":10,"country_iso":"USA"},{"h3index":"87283090cffffff","population_2015":62.2100203765,"total_built_mass_tons":3410511.9838486835,"city_id":10,"country_iso":"USA"},{"h3index":"87283090dffffff","population_2015":15364.4410578914,"total_built_mass_tons":3262502.1889219871,"city_id":10,"country_iso":"USA"},{"h3index":"87283090effffff","population_2015":0.5355660015,"total_built_mass_tons":94287.1885590571,"city_id":10,"country_iso":"USA"},{"h3index":"872830920ffffff","population_2015":11458.1065869172,"total_built_mass_tons":3264158.2367173512,"city_id":10,"country_iso":"USA"},{"h3index":"872830921ffffff","population_2015":10371.4803922345,"total_built_mass_tons":3810540.4846114842,"city_id":10,"country_iso":"USA"},{"h3index":"872830922ffffff","population_2015":6269.8003505139,"total_built_mass_tons":1888205.7720671352,"city_id":10,"country_iso":"USA"},{"h3index":"872830923ffffff","population_2015":1091.9110828329,"total_built_mass_tons":1466724.3754711926,"city_id":10,"country_iso":"USA"},{"h3index":"872830924ffffff","population_2015":1104.7062062698,"total_built_mass_tons":614488.6223823774,"city_id":10,"country_iso":"USA"},{"h3index":"872830925ffffff","population_2015":475.5305833284,"total_built_mass_tons":434059.6217513159,"city_id":10,"country_iso":"USA"},{"h3index":"872830926ffffff","population_2015":19408.4532861906,"total_built_mass_tons":4001758.4895055695,"city_id":10,"country_iso":"USA"},{"h3index":"872830928ffffff","population_2015":14514.0454616854,"total_built_mass_tons":3670979.8063403983,"city_id":10,"country_iso":"USA"},{"h3index":"872830929ffffff","population_2015":10220.8889886274,"total_built_mass_tons":2763403.222763251,"city_id":10,"country_iso":"USA"},{"h3index":"87283092affffff","population_2015":34.7545494474,"total_built_mass_tons":2903076.1090348647,"city_id":10,"country_iso":"USA"},{"h3index":"87283092bffffff","population_2015":5054.2849025321,"total_built_mass_tons":3857832.8980621025,"city_id":10,"country_iso":"USA"},{"h3index":"87283092cffffff","population_2015":8710.7655525114,"total_built_mass_tons":2438156.6032979265,"city_id":10,"country_iso":"USA"},{"h3index":"87283092dffffff","population_2015":1452.3752377522,"total_built_mass_tons":611434.4867306543,"city_id":10,"country_iso":"USA"},{"h3index":"87283092effffff","population_2015":3531.4840549849,"total_built_mass_tons":3536714.1998057412,"city_id":10,"country_iso":"USA"},{"h3index":"872830931ffffff","population_2015":0.4514794906,"total_built_mass_tons":2209.3196124373,"city_id":10,"country_iso":"USA"},{"h3index":"872830934ffffff","population_2015":2468.4389628668,"total_built_mass_tons":2190687.8053457541,"city_id":10,"country_iso":"USA"},{"h3index":"872830935ffffff","population_2015":7733.0556335208,"total_built_mass_tons":1664011.5001428211,"city_id":10,"country_iso":"USA"},{"h3index":"872830940ffffff","population_2015":24.5036890341,"total_built_mass_tons":61267.5255230523,"city_id":10,"country_iso":"USA"},{"h3index":"872830942ffffff","population_2015":7154.1456942616,"total_built_mass_tons":1519893.8114417889,"city_id":10,"country_iso":"USA"},{"h3index":"872830943ffffff","population_2015":0.4459348566,"total_built_mass_tons":126445.7256542235,"city_id":10,"country_iso":"USA"},{"h3index":"872830944ffffff","population_2015":0.2213467986,"total_built_mass_tons":31806.3989524223,"city_id":10,"country_iso":"USA"},{"h3index":"872830946ffffff","population_2015":20548.4415884474,"total_built_mass_tons":3395315.1568999235,"city_id":10,"country_iso":"USA"},{"h3index":"872830950ffffff","population_2015":43348.8755920817,"total_built_mass_tons":4738027.4680672372,"city_id":10,"country_iso":"USA"},{"h3index":"872830951ffffff","population_2015":27003.348027128,"total_built_mass_tons":5215045.4262537789,"city_id":10,"country_iso":"USA"},{"h3index":"872830952ffffff","population_2015":33120.9874353355,"total_built_mass_tons":4789156.6201884095,"city_id":10,"country_iso":"USA"},{"h3index":"872830953ffffff","population_2015":26539.1615766701,"total_built_mass_tons":4926489.4530032761,"city_id":10,"country_iso":"USA"},{"h3index":"872830954ffffff","population_2015":1579.4149192965,"total_built_mass_tons":815794.4809019445,"city_id":10,"country_iso":"USA"},{"h3index":"872830955ffffff","population_2015":31731.4734520202,"total_built_mass_tons":4055128.7215255322,"city_id":10,"country_iso":"USA"},{"h3index":"872830956ffffff","population_2015":20033.3145729596,"total_built_mass_tons":3304353.4291787581,"city_id":10,"country_iso":"USA"},{"h3index":"872830958ffffff","population_2015":31902.4434806699,"total_built_mass_tons":4632881.0660863258,"city_id":10,"country_iso":"USA"},{"h3index":"872830959ffffff","population_2015":5729.5840138815,"total_built_mass_tons":832029.4864948096,"city_id":10,"country_iso":"USA"},{"h3index":"87283095affffff","population_2015":29173.3474355143,"total_built_mass_tons":4068622.6861602562,"city_id":10,"country_iso":"USA"},{"h3index":"87283095bffffff","population_2015":29256.9914455639,"total_built_mass_tons":3774923.9797471119,"city_id":10,"country_iso":"USA"},{"h3index":"87283095cffffff","population_2015":18528.647704836,"total_built_mass_tons":3858471.6172064384,"city_id":10,"country_iso":"USA"},{"h3index":"87283095dffffff","population_2015":7931.7478845068,"total_built_mass_tons":901519.3250214192,"city_id":10,"country_iso":"USA"},{"h3index":"87283095effffff","population_2015":22599.5612062267,"total_built_mass_tons":4593680.2586047305,"city_id":10,"country_iso":"USA"},{"h3index":"872830962ffffff","population_2015":0.2445696887,"total_built_mass_tons":42781.2893235904,"city_id":10,"country_iso":"USA"},{"h3index":"872830966ffffff","population_2015":253.0211000106,"total_built_mass_tons":85241.7708872246,"city_id":10,"country_iso":"USA"},{"h3index":"872830970ffffff","population_2015":21264.2846895924,"total_built_mass_tons":4221831.0244692937,"city_id":10,"country_iso":"USA"},{"h3index":"872830971ffffff","population_2015":16380.5843441183,"total_built_mass_tons":2485152.1607887493,"city_id":10,"country_iso":"USA"},{"h3index":"872830972ffffff","population_2015":7267.4843075923,"total_built_mass_tons":1995774.0922920029,"city_id":10,"country_iso":"USA"},{"h3index":"872830973ffffff","population_2015":9431.901156458,"total_built_mass_tons":3090857.2576868804,"city_id":10,"country_iso":"USA"},{"h3index":"872830974ffffff","population_2015":12094.8351521974,"total_built_mass_tons":3147351.941099037,"city_id":10,"country_iso":"USA"},{"h3index":"872830975ffffff","population_2015":7712.276876696,"total_built_mass_tons":1910776.7605042667,"city_id":10,"country_iso":"USA"},{"h3index":"872830976ffffff","population_2015":13864.2601907374,"total_built_mass_tons":3648156.7966781212,"city_id":10,"country_iso":"USA"},{"h3index":"872830980ffffff","population_2015":18672.2516059864,"total_built_mass_tons":4924905.1903109569,"city_id":10,"country_iso":"USA"},{"h3index":"872830981ffffff","population_2015":5303.879108947,"total_built_mass_tons":3952301.4998433273,"city_id":10,"country_iso":"USA"},{"h3index":"872830982ffffff","population_2015":11333.5972258931,"total_built_mass_tons":3573203.1413034415,"city_id":10,"country_iso":"USA"},{"h3index":"872830983ffffff","population_2015":26422.3421368613,"total_built_mass_tons":4963115.3770877076,"city_id":10,"country_iso":"USA"},{"h3index":"872830984ffffff","population_2015":6587.1765681348,"total_built_mass_tons":4169382.4637696184,"city_id":10,"country_iso":"USA"},{"h3index":"872830985ffffff","population_2015":1647.322169341,"total_built_mass_tons":2274109.9839553959,"city_id":10,"country_iso":"USA"},{"h3index":"872830986ffffff","population_2015":14680.2256099872,"total_built_mass_tons":4622519.7281481149,"city_id":10,"country_iso":"USA"},{"h3index":"872830988ffffff","population_2015":11766.5512741704,"total_built_mass_tons":3925670.9424147727,"city_id":10,"country_iso":"USA"},{"h3index":"872830989ffffff","population_2015":13234.7117761393,"total_built_mass_tons":4051556.324973207,"city_id":10,"country_iso":"USA"},{"h3index":"87283098affffff","population_2015":24561.4577202217,"total_built_mass_tons":4975840.0507409098,"city_id":10,"country_iso":"USA"},{"h3index":"87283098bffffff","population_2015":37512.2241575407,"total_built_mass_tons":5621563.9225434167,"city_id":10,"country_iso":"USA"},{"h3index":"87283098cffffff","population_2015":39.327452823,"total_built_mass_tons":1188363.9909871849,"city_id":10,"country_iso":"USA"},{"h3index":"87283098dffffff","population_2015":14224.2186690409,"total_built_mass_tons":3347335.4782478632,"city_id":10,"country_iso":"USA"},{"h3index":"87283098effffff","population_2015":15284.1041204252,"total_built_mass_tons":4593929.0607198011,"city_id":10,"country_iso":"USA"},{"h3index":"872830994ffffff","population_2015":3541.8979840835,"total_built_mass_tons":1457607.2060708716,"city_id":10,"country_iso":"USA"},{"h3index":"872830995ffffff","population_2015":1298.838951699,"total_built_mass_tons":856681.2148204115,"city_id":10,"country_iso":"USA"},{"h3index":"872830998ffffff","population_2015":371.7220618659,"total_built_mass_tons":128842.3725800683,"city_id":10,"country_iso":"USA"},{"h3index":"872830999ffffff","population_2015":2407.3420826463,"total_built_mass_tons":1095154.598872893,"city_id":10,"country_iso":"USA"},{"h3index":"87283099cffffff","population_2015":2671.3893704607,"total_built_mass_tons":1389014.7756671109,"city_id":10,"country_iso":"USA"},{"h3index":"87283099dffffff","population_2015":18829.4462764642,"total_built_mass_tons":3888043.7200091681,"city_id":10,"country_iso":"USA"},{"h3index":"8728309a2ffffff","population_2015":5178.7520395717,"total_built_mass_tons":1516283.573132151,"city_id":10,"country_iso":"USA"},{"h3index":"8728309a3ffffff","population_2015":870.4952228238,"total_built_mass_tons":458026.0803613422,"city_id":10,"country_iso":"USA"},{"h3index":"8728309a6ffffff","population_2015":0.0027193092,"total_built_mass_tons":4598.1378724473,"city_id":10,"country_iso":"USA"},{"h3index":"8728309aaffffff","population_2015":51.8541057126,"total_built_mass_tons":2483542.6107365536,"city_id":10,"country_iso":"USA"},{"h3index":"8728309abffffff","population_2015":7687.5052870055,"total_built_mass_tons":2684322.6211137827,"city_id":10,"country_iso":"USA"},{"h3index":"8728309b0ffffff","population_2015":18254.7505033816,"total_built_mass_tons":4631548.1021067845,"city_id":10,"country_iso":"USA"},{"h3index":"8728309b1ffffff","population_2015":17141.6043482318,"total_built_mass_tons":4569637.1720026368,"city_id":10,"country_iso":"USA"},{"h3index":"8728309b2ffffff","population_2015":15978.4699556893,"total_built_mass_tons":4237646.8901703088,"city_id":10,"country_iso":"USA"},{"h3index":"8728309b3ffffff","population_2015":14583.1034367111,"total_built_mass_tons":3803367.7978112441,"city_id":10,"country_iso":"USA"},{"h3index":"8728309b4ffffff","population_2015":12889.1202433458,"total_built_mass_tons":3818813.0690578199,"city_id":10,"country_iso":"USA"},{"h3index":"8728309b5ffffff","population_2015":12152.392754863,"total_built_mass_tons":3464561.9278558176,"city_id":10,"country_iso":"USA"},{"h3index":"8728309b6ffffff","population_2015":17552.9031800593,"total_built_mass_tons":4715624.0918291379,"city_id":10,"country_iso":"USA"},{"h3index":"872834083ffffff","population_2015":944.3042957212,"total_built_mass_tons":373843.4327031292,"city_id":10,"country_iso":"USA"},{"h3index":"87283408affffff","population_2015":2204.6712040186,"total_built_mass_tons":1812746.7688482509,"city_id":10,"country_iso":"USA"},{"h3index":"87283408bffffff","population_2015":1850.45189836,"total_built_mass_tons":1503087.6512897683,"city_id":10,"country_iso":"USA"},{"h3index":"87283408effffff","population_2015":1515.686618905,"total_built_mass_tons":690354.5774167839,"city_id":10,"country_iso":"USA"},{"h3index":"872834092ffffff","population_2015":8373.9551288093,"total_built_mass_tons":3190917.3459761352,"city_id":10,"country_iso":"USA"},{"h3index":"872834093ffffff","population_2015":7973.3696577979,"total_built_mass_tons":3052391.9480017335,"city_id":10,"country_iso":"USA"},{"h3index":"872834096ffffff","population_2015":244.8425140961,"total_built_mass_tons":131832.1807856133,"city_id":10,"country_iso":"USA"},{"h3index":"872834098ffffff","population_2015":10208.6304871667,"total_built_mass_tons":3966070.4436926311,"city_id":10,"country_iso":"USA"},{"h3index":"872834099ffffff","population_2015":7009.1728127674,"total_built_mass_tons":3290765.4537632735,"city_id":10,"country_iso":"USA"},{"h3index":"87283409affffff","population_2015":12697.4029584146,"total_built_mass_tons":4647812.2108025076,"city_id":10,"country_iso":"USA"},{"h3index":"87283409bffffff","population_2015":11582.3462502319,"total_built_mass_tons":4437219.6554172384,"city_id":10,"country_iso":"USA"},{"h3index":"87283409cffffff","population_2015":684.4239650885,"total_built_mass_tons":425414.0377467432,"city_id":10,"country_iso":"USA"},{"h3index":"87283409dffffff","population_2015":7875.3121305847,"total_built_mass_tons":3395004.2457774142,"city_id":10,"country_iso":"USA"},{"h3index":"87283409effffff","population_2015":8591.4506410837,"total_built_mass_tons":2934805.4288644465,"city_id":10,"country_iso":"USA"},{"h3index":"8728340d2ffffff","population_2015":1599.6820584905,"total_built_mass_tons":942236.5222028008,"city_id":10,"country_iso":"USA"},{"h3index":"8728340d6ffffff","population_2015":1281.9419590422,"total_built_mass_tons":612941.4824824645,"city_id":10,"country_iso":"USA"},{"h3index":"872834282ffffff","population_2015":28.3707104505,"total_built_mass_tons":28895.4274411001,"city_id":10,"country_iso":"USA"},{"h3index":"872834283ffffff","population_2015":124.334348977,"total_built_mass_tons":153374.5341063255,"city_id":10,"country_iso":"USA"},{"h3index":"87283428affffff","population_2015":730.6351508669,"total_built_mass_tons":445263.0740096287,"city_id":10,"country_iso":"USA"},{"h3index":"87283428effffff","population_2015":209.5641779218,"total_built_mass_tons":113210.9893855479,"city_id":10,"country_iso":"USA"},{"h3index":"872834290ffffff","population_2015":12465.9926093563,"total_built_mass_tons":4451771.1704633543,"city_id":10,"country_iso":"USA"},{"h3index":"872834291ffffff","population_2015":8655.209015182,"total_built_mass_tons":2945968.3852376472,"city_id":10,"country_iso":"USA"},{"h3index":"872834292ffffff","population_2015":178.2028709032,"total_built_mass_tons":759259.2899053361,"city_id":10,"country_iso":"USA"},{"h3index":"872834293ffffff","population_2015":3811.1371389406,"total_built_mass_tons":3408045.1566325682,"city_id":10,"country_iso":"USA"},{"h3index":"872834294ffffff","population_2015":9076.9039789518,"total_built_mass_tons":3554341.8013111977,"city_id":10,"country_iso":"USA"},{"h3index":"872834295ffffff","population_2015":1689.5228897721,"total_built_mass_tons":745636.5636054649,"city_id":10,"country_iso":"USA"},{"h3index":"872834296ffffff","population_2015":19029.3254708073,"total_built_mass_tons":4277217.5212232461,"city_id":10,"country_iso":"USA"},{"h3index":"872834298ffffff","population_2015":12371.236801151,"total_built_mass_tons":4262585.2254667711,"city_id":10,"country_iso":"USA"},{"h3index":"872834299ffffff","population_2015":4765.5819807613,"total_built_mass_tons":2471255.2438049773,"city_id":10,"country_iso":"USA"},{"h3index":"87283429affffff","population_2015":14967.6999894716,"total_built_mass_tons":3800026.181703099,"city_id":10,"country_iso":"USA"},{"h3index":"87283429bffffff","population_2015":15725.5912553946,"total_built_mass_tons":4189940.085044161,"city_id":10,"country_iso":"USA"},{"h3index":"87283429cffffff","population_2015":9114.4381263677,"total_built_mass_tons":2803539.6321398849,"city_id":10,"country_iso":"USA"},{"h3index":"87283429dffffff","population_2015":5763.4992060061,"total_built_mass_tons":2508836.7978913044,"city_id":10,"country_iso":"USA"},{"h3index":"87283429effffff","population_2015":13282.7121119967,"total_built_mass_tons":3828918.74363324,"city_id":10,"country_iso":"USA"},{"h3index":"8728342b2ffffff","population_2015":2738.0722865864,"total_built_mass_tons":1420969.857127879,"city_id":10,"country_iso":"USA"},{"h3index":"8728342b3ffffff","population_2015":1579.8828670402,"total_built_mass_tons":717293.4905124573,"city_id":10,"country_iso":"USA"},{"h3index":"8728342d2ffffff","population_2015":364.7633836073,"total_built_mass_tons":178893.0477875387,"city_id":10,"country_iso":"USA"},{"h3index":"8728342daffffff","population_2015":284.6940610119,"total_built_mass_tons":78834.1533798045,"city_id":10,"country_iso":"USA"},{"h3index":"8728342dbffffff","population_2015":680.4583501255,"total_built_mass_tons":189789.2890252623,"city_id":10,"country_iso":"USA"},{"h3index":"872834440ffffff","population_2015":5453.3678237594,"total_built_mass_tons":1552773.6123385828,"city_id":10,"country_iso":"USA"},{"h3index":"872834441ffffff","population_2015":20807.8356422813,"total_built_mass_tons":3806944.1728040664,"city_id":10,"country_iso":"USA"},{"h3index":"872834442ffffff","population_2015":4721.3804915354,"total_built_mass_tons":2304646.3466865309,"city_id":10,"country_iso":"USA"},{"h3index":"872834443ffffff","population_2015":13568.7474185904,"total_built_mass_tons":3465909.5790068791,"city_id":10,"country_iso":"USA"},{"h3index":"872834444ffffff","population_2015":14154.3212603351,"total_built_mass_tons":3783744.6111821528,"city_id":10,"country_iso":"USA"},{"h3index":"872834445ffffff","population_2015":16399.7606706197,"total_built_mass_tons":3748277.6797078745,"city_id":10,"country_iso":"USA"},{"h3index":"872834446ffffff","population_2015":87.4075259097,"total_built_mass_tons":79956.362026589,"city_id":10,"country_iso":"USA"},{"h3index":"872834448ffffff","population_2015":16600.8490902461,"total_built_mass_tons":3868185.7868799749,"city_id":10,"country_iso":"USA"},{"h3index":"872834449ffffff","population_2015":26464.4787122927,"total_built_mass_tons":5755238.6961951442,"city_id":10,"country_iso":"USA"},{"h3index":"87283444affffff","population_2015":23511.122750111,"total_built_mass_tons":3429611.7945555262,"city_id":10,"country_iso":"USA"},{"h3index":"87283444bffffff","population_2015":22842.0120898655,"total_built_mass_tons":4456881.105084205,"city_id":10,"country_iso":"USA"},{"h3index":"87283444cffffff","population_2015":13747.4913245195,"total_built_mass_tons":3589534.6093235915,"city_id":10,"country_iso":"USA"},{"h3index":"87283444dffffff","population_2015":13642.8342130883,"total_built_mass_tons":4954037.8550494295,"city_id":10,"country_iso":"USA"},{"h3index":"87283444effffff","population_2015":21041.444440771,"total_built_mass_tons":4020962.029757855,"city_id":10,"country_iso":"USA"},{"h3index":"872834451ffffff","population_2015":3978.4556591964,"total_built_mass_tons":1339028.3100416129,"city_id":10,"country_iso":"USA"},{"h3index":"872834454ffffff","population_2015":3.7242520108,"total_built_mass_tons":865.306939366,"city_id":10,"country_iso":"USA"},{"h3index":"872834455ffffff","population_2015":3734.1571971998,"total_built_mass_tons":1856707.6958041585,"city_id":10,"country_iso":"USA"},{"h3index":"872834458ffffff","population_2015":7254.0938369206,"total_built_mass_tons":1945371.6798632808,"city_id":10,"country_iso":"USA"},{"h3index":"872834459ffffff","population_2015":16571.5387589387,"total_built_mass_tons":3090956.1880335077,"city_id":10,"country_iso":"USA"},{"h3index":"87283445bffffff","population_2015":138.9329426621,"total_built_mass_tons":106646.0493160603,"city_id":10,"country_iso":"USA"},{"h3index":"87283445cffffff","population_2015":15585.6483272765,"total_built_mass_tons":4135477.7179455562,"city_id":10,"country_iso":"USA"},{"h3index":"87283445dffffff","population_2015":16505.3124246049,"total_built_mass_tons":4033156.6307790531,"city_id":10,"country_iso":"USA"},{"h3index":"87283445effffff","population_2015":818.009503377,"total_built_mass_tons":332694.7308747943,"city_id":10,"country_iso":"USA"},{"h3index":"872834460ffffff","population_2015":2591.3638713602,"total_built_mass_tons":973803.8825319438,"city_id":10,"country_iso":"USA"},{"h3index":"872834461ffffff","population_2015":6741.1247514496,"total_built_mass_tons":2395577.5896289768,"city_id":10,"country_iso":"USA"},{"h3index":"872834462ffffff","population_2015":10907.8807656287,"total_built_mass_tons":3681527.3729316718,"city_id":10,"country_iso":"USA"},{"h3index":"872834463ffffff","population_2015":17389.9930834803,"total_built_mass_tons":4447090.2020253874,"city_id":10,"country_iso":"USA"},{"h3index":"872834464ffffff","population_2015":1026.5978757671,"total_built_mass_tons":260275.4797165312,"city_id":10,"country_iso":"USA"},{"h3index":"872834465ffffff","population_2015":8350.4733815109,"total_built_mass_tons":3228831.3428346291,"city_id":10,"country_iso":"USA"},{"h3index":"872834468ffffff","population_2015":14050.8538330256,"total_built_mass_tons":3997136.3004821241,"city_id":10,"country_iso":"USA"},{"h3index":"872834469ffffff","population_2015":14089.4411163171,"total_built_mass_tons":4818782.5208595181,"city_id":10,"country_iso":"USA"},{"h3index":"87283446affffff","population_2015":17178.5878235509,"total_built_mass_tons":4238549.4343343852,"city_id":10,"country_iso":"USA"},{"h3index":"87283446bffffff","population_2015":12638.4365985064,"total_built_mass_tons":4021886.8369635697,"city_id":10,"country_iso":"USA"},{"h3index":"87283446cffffff","population_2015":10516.997743962,"total_built_mass_tons":3253549.3478807029,"city_id":10,"country_iso":"USA"},{"h3index":"87283446dffffff","population_2015":14620.2855527569,"total_built_mass_tons":4467919.7136532171,"city_id":10,"country_iso":"USA"},{"h3index":"87283446effffff","population_2015":13797.3967529581,"total_built_mass_tons":3852654.4883450689,"city_id":10,"country_iso":"USA"},{"h3index":"872834470ffffff","population_2015":708.5199147563,"total_built_mass_tons":301682.1760466939,"city_id":10,"country_iso":"USA"},{"h3index":"872834471ffffff","population_2015":3696.8461849039,"total_built_mass_tons":1895843.4570147304,"city_id":10,"country_iso":"USA"},{"h3index":"872834474ffffff","population_2015":44.1824457849,"total_built_mass_tons":51652.1003800375,"city_id":10,"country_iso":"USA"},{"h3index":"872834475ffffff","population_2015":8288.3774488949,"total_built_mass_tons":2835539.3754712441,"city_id":10,"country_iso":"USA"},{"h3index":"872834600ffffff","population_2015":2.6343357089,"total_built_mass_tons":2773426.7176933242,"city_id":10,"country_iso":"USA"},{"h3index":"872834601ffffff","population_2015":1685.1830369823,"total_built_mass_tons":1570201.1831655328,"city_id":10,"country_iso":"USA"},{"h3index":"872834602ffffff","population_2015":12462.8392224275,"total_built_mass_tons":4336216.5899477703,"city_id":10,"country_iso":"USA"},{"h3index":"872834603ffffff","population_2015":12165.8347270752,"total_built_mass_tons":4230102.8585625486,"city_id":10,"country_iso":"USA"},{"h3index":"872834606ffffff","population_2015":25.9532353324,"total_built_mass_tons":1840160.3661421963,"city_id":10,"country_iso":"USA"},{"h3index":"872834608ffffff","population_2015":15466.5681015674,"total_built_mass_tons":4009251.6137810061,"city_id":10,"country_iso":"USA"},{"h3index":"872834609ffffff","population_2015":6009.5685667042,"total_built_mass_tons":2315652.3902080897,"city_id":10,"country_iso":"USA"},{"h3index":"87283460affffff","population_2015":18346.766207728,"total_built_mass_tons":4489235.0261344975,"city_id":10,"country_iso":"USA"},{"h3index":"87283460bffffff","population_2015":17256.0562494819,"total_built_mass_tons":3840785.8985583792,"city_id":10,"country_iso":"USA"},{"h3index":"87283460cffffff","population_2015":5796.7062813682,"total_built_mass_tons":3277395.6048515523,"city_id":10,"country_iso":"USA"},{"h3index":"87283460dffffff","population_2015":4712.0272114059,"total_built_mass_tons":1792294.3008847949,"city_id":10,"country_iso":"USA"},{"h3index":"87283460effffff","population_2015":10330.5738305198,"total_built_mass_tons":4318350.7759551508,"city_id":10,"country_iso":"USA"},{"h3index":"872834610ffffff","population_2015":3531.025652791,"total_built_mass_tons":1635459.5345295493,"city_id":10,"country_iso":"USA"},{"h3index":"872834611ffffff","population_2015":7617.9231964272,"total_built_mass_tons":3029023.1761262631,"city_id":10,"country_iso":"USA"},{"h3index":"872834613ffffff","population_2015":1557.6852291047,"total_built_mass_tons":760541.6984682884,"city_id":10,"country_iso":"USA"},{"h3index":"872834614ffffff","population_2015":3817.8962620137,"total_built_mass_tons":1905554.5360780812,"city_id":10,"country_iso":"USA"},{"h3index":"872834615ffffff","population_2015":3634.4098021724,"total_built_mass_tons":3425279.6755750957,"city_id":10,"country_iso":"USA"},{"h3index":"872834618ffffff","population_2015":12591.745079433,"total_built_mass_tons":2988414.217288503,"city_id":10,"country_iso":"USA"},{"h3index":"872834619ffffff","population_2015":7746.964886073,"total_built_mass_tons":2775154.2954373644,"city_id":10,"country_iso":"USA"},{"h3index":"87283461bffffff","population_2015":1842.8680354715,"total_built_mass_tons":782358.6087330722,"city_id":10,"country_iso":"USA"},{"h3index":"87283461cffffff","population_2015":17400.1483166043,"total_built_mass_tons":3986993.8295457754,"city_id":10,"country_iso":"USA"},{"h3index":"87283461dffffff","population_2015":18661.7076728968,"total_built_mass_tons":4541022.681336333,"city_id":10,"country_iso":"USA"},{"h3index":"87283461effffff","population_2015":3990.4760021471,"total_built_mass_tons":1476579.4051978383,"city_id":10,"country_iso":"USA"},{"h3index":"872834624ffffff","population_2015":8.2669442371,"total_built_mass_tons":813833.3177274109,"city_id":10,"country_iso":"USA"},{"h3index":"872834626ffffff","population_2015":500.4387468293,"total_built_mass_tons":135122.7442293107,"city_id":10,"country_iso":"USA"},{"h3index":"872834630ffffff","population_2015":74.4119881604,"total_built_mass_tons":1612318.3127968521,"city_id":10,"country_iso":"USA"},{"h3index":"872834632ffffff","population_2015":4875.722264868,"total_built_mass_tons":2143817.7934411517,"city_id":10,"country_iso":"USA"},{"h3index":"872834633ffffff","population_2015":3659.7350570372,"total_built_mass_tons":3943052.4418131262,"city_id":10,"country_iso":"USA"},{"h3index":"872834634ffffff","population_2015":497.5860994231,"total_built_mass_tons":378560.9365111099,"city_id":10,"country_iso":"USA"},{"h3index":"872834636ffffff","population_2015":15250.2867545258,"total_built_mass_tons":4190036.371941275,"city_id":10,"country_iso":"USA"},{"h3index":"872834650ffffff","population_2015":7205.0955447595,"total_built_mass_tons":1640566.6008761749,"city_id":10,"country_iso":"USA"},{"h3index":"872834652ffffff","population_2015":14509.923762104,"total_built_mass_tons":4666231.201917896,"city_id":10,"country_iso":"USA"},{"h3index":"872834653ffffff","population_2015":1739.6828804665,"total_built_mass_tons":2170118.8334031245,"city_id":10,"country_iso":"USA"},{"h3index":"872834654ffffff","population_2015":309.8467539021,"total_built_mass_tons":102287.4511280599,"city_id":10,"country_iso":"USA"},{"h3index":"872834656ffffff","population_2015":17135.464697612,"total_built_mass_tons":4007630.2956940951,"city_id":10,"country_iso":"USA"},{"h3index":"872834658ffffff","population_2015":48.9073384653,"total_built_mass_tons":524527.8084166836,"city_id":10,"country_iso":"USA"},{"h3index":"87283465affffff","population_2015":6063.9142024319,"total_built_mass_tons":4678311.0568838287,"city_id":10,"country_iso":"USA"},{"h3index":"87283465bffffff","population_2015":21.0014896809,"total_built_mass_tons":2264989.856444458,"city_id":10,"country_iso":"USA"},{"h3index":"87283465effffff","population_2015":321.9273097709,"total_built_mass_tons":1355451.2015819112,"city_id":10,"country_iso":"USA"},{"h3index":"872834664ffffff","population_2015":4357.1332610588,"total_built_mass_tons":1924337.1987470356,"city_id":10,"country_iso":"USA"},{"h3index":"872834665ffffff","population_2015":426.7979833975,"total_built_mass_tons":1296817.6423595182,"city_id":10,"country_iso":"USA"},{"h3index":"872834668ffffff","population_2015":2008.9013057652,"total_built_mass_tons":596609.193677897,"city_id":10,"country_iso":"USA"},{"h3index":"872834669ffffff","population_2015":12935.3583583142,"total_built_mass_tons":3390931.5561947441,"city_id":10,"country_iso":"USA"},{"h3index":"87283466cffffff","population_2015":2673.052643792,"total_built_mass_tons":668047.4717558093,"city_id":10,"country_iso":"USA"},{"h3index":"87283466dffffff","population_2015":8825.5606766355,"total_built_mass_tons":3188526.7117549516,"city_id":10,"country_iso":"USA"},{"h3index":"8728346c8ffffff","population_2015":1513.0773542435,"total_built_mass_tons":700598.8564675434,"city_id":10,"country_iso":"USA"},{"h3index":"8728346c9ffffff","population_2015":10848.5285738309,"total_built_mass_tons":3510378.3947233409,"city_id":10,"country_iso":"USA"},{"h3index":"8728346ccffffff","population_2015":3742.6830714046,"total_built_mass_tons":1388154.2671869411,"city_id":10,"country_iso":"USA"},{"h3index":"8728346cdffffff","population_2015":14312.2696720376,"total_built_mass_tons":3890645.411406152,"city_id":10,"country_iso":"USA"},{"h3index":"8728346e0ffffff","population_2015":10339.8637933627,"total_built_mass_tons":2625255.0793364053,"city_id":10,"country_iso":"USA"},{"h3index":"8728346e1ffffff","population_2015":7582.6608145909,"total_built_mass_tons":4157682.2744103749,"city_id":10,"country_iso":"USA"},{"h3index":"8728346e3ffffff","population_2015":41.1725117122,"total_built_mass_tons":62662.8566214364,"city_id":10,"country_iso":"USA"},{"h3index":"8728346e4ffffff","population_2015":12378.992842977,"total_built_mass_tons":3260676.9722919269,"city_id":10,"country_iso":"USA"},{"h3index":"8728346e5ffffff","population_2015":10840.4164509654,"total_built_mass_tons":4249705.8106770115,"city_id":10,"country_iso":"USA"},{"h3index":"8728346e6ffffff","population_2015":3481.8997294735,"total_built_mass_tons":780988.7647018536,"city_id":10,"country_iso":"USA"},{"h3index":"8728346e8ffffff","population_2015":18155.65722458,"total_built_mass_tons":3660516.2858139481,"city_id":10,"country_iso":"USA"},{"h3index":"8728346e9ffffff","population_2015":18344.291662155,"total_built_mass_tons":4608564.9060439747,"city_id":10,"country_iso":"USA"},{"h3index":"8728346eaffffff","population_2015":3412.3375614079,"total_built_mass_tons":1193958.6703434377,"city_id":10,"country_iso":"USA"},{"h3index":"8728346ebffffff","population_2015":10588.6198253923,"total_built_mass_tons":2988585.9563457333,"city_id":10,"country_iso":"USA"},{"h3index":"8728346ecffffff","population_2015":9905.133634614,"total_built_mass_tons":4620852.3395770313,"city_id":10,"country_iso":"USA"},{"h3index":"8728346edffffff","population_2015":18452.5471647281,"total_built_mass_tons":4187155.642671871,"city_id":10,"country_iso":"USA"},{"h3index":"8728346eeffffff","population_2015":5669.4918008868,"total_built_mass_tons":1507435.6215926583,"city_id":10,"country_iso":"USA"},{"h3index":"872834700ffffff","population_2015":16234.9859509435,"total_built_mass_tons":4595510.6067390107,"city_id":10,"country_iso":"USA"},{"h3index":"872834701ffffff","population_2015":19557.305591947,"total_built_mass_tons":4341922.4809015878,"city_id":10,"country_iso":"USA"},{"h3index":"872834702ffffff","population_2015":13216.0155900071,"total_built_mass_tons":4463127.6917566145,"city_id":10,"country_iso":"USA"},{"h3index":"872834703ffffff","population_2015":10326.2947814813,"total_built_mass_tons":4723283.0508165732,"city_id":10,"country_iso":"USA"},{"h3index":"872834704ffffff","population_2015":20283.0249608788,"total_built_mass_tons":4796561.7529367507,"city_id":10,"country_iso":"USA"},{"h3index":"872834705ffffff","population_2015":12479.9617369391,"total_built_mass_tons":4344561.7101452881,"city_id":10,"country_iso":"USA"},{"h3index":"872834706ffffff","population_2015":15031.8817034172,"total_built_mass_tons":4485075.9898802638,"city_id":10,"country_iso":"USA"},{"h3index":"872834708ffffff","population_2015":14183.0938109536,"total_built_mass_tons":5198553.3584385794,"city_id":10,"country_iso":"USA"},{"h3index":"872834709ffffff","population_2015":8606.2728990045,"total_built_mass_tons":3881041.7676669993,"city_id":10,"country_iso":"USA"},{"h3index":"87283470affffff","population_2015":17446.4454545636,"total_built_mass_tons":4633024.9847562686,"city_id":10,"country_iso":"USA"},{"h3index":"87283470bffffff","population_2015":1977.3836043566,"total_built_mass_tons":4309417.2806609776,"city_id":10,"country_iso":"USA"},{"h3index":"87283470cffffff","population_2015":20613.603278263,"total_built_mass_tons":4544030.0120676849,"city_id":10,"country_iso":"USA"},{"h3index":"87283470dffffff","population_2015":19693.6320173179,"total_built_mass_tons":4723718.529281253,"city_id":10,"country_iso":"USA"},{"h3index":"87283470effffff","population_2015":5682.5782977554,"total_built_mass_tons":4850151.0140527328,"city_id":10,"country_iso":"USA"},{"h3index":"872834710ffffff","population_2015":6662.6891809297,"total_built_mass_tons":4626119.9266316751,"city_id":10,"country_iso":"USA"},{"h3index":"872834711ffffff","population_2015":108.7705024441,"total_built_mass_tons":3641899.765191799,"city_id":10,"country_iso":"USA"},{"h3index":"872834712ffffff","population_2015":15123.2090355278,"total_built_mass_tons":4029743.4381960537,"city_id":10,"country_iso":"USA"},{"h3index":"872834713ffffff","population_2015":5641.6730669583,"total_built_mass_tons":4663783.8250040486,"city_id":10,"country_iso":"USA"},{"h3index":"872834714ffffff","population_2015":12668.9708678541,"total_built_mass_tons":4745617.4061084455,"city_id":10,"country_iso":"USA"},{"h3index":"872834715ffffff","population_2015":8177.7915755944,"total_built_mass_tons":4472877.0554985609,"city_id":10,"country_iso":"USA"},{"h3index":"872834716ffffff","population_2015":19003.4544674152,"total_built_mass_tons":4498118.4824540578,"city_id":10,"country_iso":"USA"},{"h3index":"872834718ffffff","population_2015":17083.6950629365,"total_built_mass_tons":4356129.2723353561,"city_id":10,"country_iso":"USA"},{"h3index":"872834719ffffff","population_2015":230.7363729848,"total_built_mass_tons":1888057.5430476179,"city_id":10,"country_iso":"USA"},{"h3index":"87283471affffff","population_2015":4641.5235179272,"total_built_mass_tons":2922664.7937624264,"city_id":10,"country_iso":"USA"},{"h3index":"87283471bffffff","population_2015":2509.0688052121,"total_built_mass_tons":1074598.974156166,"city_id":10,"country_iso":"USA"},{"h3index":"87283471cffffff","population_2015":3210.2364923262,"total_built_mass_tons":4522009.4213387612,"city_id":10,"country_iso":"USA"},{"h3index":"87283471dffffff","population_2015":3695.7691019181,"total_built_mass_tons":4395925.9607506813,"city_id":10,"country_iso":"USA"},{"h3index":"87283471effffff","population_2015":5609.7224152819,"total_built_mass_tons":4226438.1769824186,"city_id":10,"country_iso":"USA"},{"h3index":"872834720ffffff","population_2015":10495.1378534654,"total_built_mass_tons":4245657.7092041327,"city_id":10,"country_iso":"USA"},{"h3index":"872834721ffffff","population_2015":13689.6776619173,"total_built_mass_tons":4305327.3521920349,"city_id":10,"country_iso":"USA"},{"h3index":"872834722ffffff","population_2015":20515.117335113,"total_built_mass_tons":4626490.1116367551,"city_id":10,"country_iso":"USA"},{"h3index":"872834723ffffff","population_2015":13924.5322930497,"total_built_mass_tons":4498962.7741666064,"city_id":10,"country_iso":"USA"},{"h3index":"872834724ffffff","population_2015":5962.9400733036,"total_built_mass_tons":3549160.2482313141,"city_id":10,"country_iso":"USA"},{"h3index":"872834725ffffff","population_2015":6527.209390098,"total_built_mass_tons":3710072.5458734082,"city_id":10,"country_iso":"USA"},{"h3index":"872834726ffffff","population_2015":14769.9070659563,"total_built_mass_tons":4582188.7879465353,"city_id":10,"country_iso":"USA"},{"h3index":"872834728ffffff","population_2015":12149.5147581538,"total_built_mass_tons":4225494.6844276842,"city_id":10,"country_iso":"USA"},{"h3index":"872834729ffffff","population_2015":6249.9320911829,"total_built_mass_tons":2856304.0442752391,"city_id":10,"country_iso":"USA"},{"h3index":"87283472affffff","population_2015":19579.0886704285,"total_built_mass_tons":4396179.7058373764,"city_id":10,"country_iso":"USA"},{"h3index":"87283472bffffff","population_2015":11132.8135864213,"total_built_mass_tons":3902311.8570986008,"city_id":10,"country_iso":"USA"},{"h3index":"87283472cffffff","population_2015":10675.7936917269,"total_built_mass_tons":3522416.3341674721,"city_id":10,"country_iso":"USA"},{"h3index":"87283472dffffff","population_2015":3731.0564907397,"total_built_mass_tons":1294194.6779179291,"city_id":10,"country_iso":"USA"},{"h3index":"87283472effffff","population_2015":13060.0620338086,"total_built_mass_tons":4380547.5850003902,"city_id":10,"country_iso":"USA"},{"h3index":"872834730ffffff","population_2015":17565.9171924353,"total_built_mass_tons":4799048.1389771979,"city_id":10,"country_iso":"USA"},{"h3index":"872834731ffffff","population_2015":12750.9912611142,"total_built_mass_tons":4949981.5417359993,"city_id":10,"country_iso":"USA"},{"h3index":"872834732ffffff","population_2015":14404.2029800323,"total_built_mass_tons":5001583.4293923313,"city_id":10,"country_iso":"USA"},{"h3index":"872834733ffffff","population_2015":15480.5687912401,"total_built_mass_tons":4578136.0296056941,"city_id":10,"country_iso":"USA"},{"h3index":"872834734ffffff","population_2015":13211.4748934278,"total_built_mass_tons":4904740.0446186578,"city_id":10,"country_iso":"USA"},{"h3index":"872834735ffffff","population_2015":17590.5134184321,"total_built_mass_tons":5174530.4527460271,"city_id":10,"country_iso":"USA"},{"h3index":"872834736ffffff","population_2015":11658.6961838626,"total_built_mass_tons":4575589.8841951722,"city_id":10,"country_iso":"USA"},{"h3index":"872834740ffffff","population_2015":3482.7146826055,"total_built_mass_tons":2902956.7864953028,"city_id":10,"country_iso":"USA"},{"h3index":"872834741ffffff","population_2015":4804.1875511559,"total_built_mass_tons":1643540.4772297945,"city_id":10,"country_iso":"USA"},{"h3index":"872834742ffffff","population_2015":15358.9476551505,"total_built_mass_tons":4707458.2565996721,"city_id":10,"country_iso":"USA"},{"h3index":"872834743ffffff","population_2015":11395.5253897344,"total_built_mass_tons":3643782.020183031,"city_id":10,"country_iso":"USA"},{"h3index":"872834744ffffff","population_2015":17.9383268165,"total_built_mass_tons":157570.0277422974,"city_id":10,"country_iso":"USA"},{"h3index":"872834746ffffff","population_2015":9159.5381842913,"total_built_mass_tons":3804587.2923816023,"city_id":10,"country_iso":"USA"},{"h3index":"872834748ffffff","population_2015":2376.0927277694,"total_built_mass_tons":1736930.646083158,"city_id":10,"country_iso":"USA"},{"h3index":"872834749ffffff","population_2015":18394.7226220411,"total_built_mass_tons":4398978.8801532378,"city_id":10,"country_iso":"USA"},{"h3index":"87283474affffff","population_2015":4025.3054907295,"total_built_mass_tons":1999530.8364998312,"city_id":10,"country_iso":"USA"},{"h3index":"87283474bffffff","population_2015":17342.1106924815,"total_built_mass_tons":4060492.801137513,"city_id":10,"country_iso":"USA"},{"h3index":"87283474cffffff","population_2015":8218.8562035503,"total_built_mass_tons":3217570.2344314768,"city_id":10,"country_iso":"USA"},{"h3index":"87283474dffffff","population_2015":1987.6174619283,"total_built_mass_tons":1542264.8475231812,"city_id":10,"country_iso":"USA"},{"h3index":"87283474effffff","population_2015":9217.3227653861,"total_built_mass_tons":4055865.5406814944,"city_id":10,"country_iso":"USA"},{"h3index":"872834750ffffff","population_2015":96.5167229399,"total_built_mass_tons":1474045.4634653348,"city_id":10,"country_iso":"USA"},{"h3index":"872834751ffffff","population_2015":2890.7459539806,"total_built_mass_tons":1713155.6184013351,"city_id":10,"country_iso":"USA"},{"h3index":"872834754ffffff","population_2015":13197.6837079308,"total_built_mass_tons":4503535.7717245398,"city_id":10,"country_iso":"USA"},{"h3index":"872834755ffffff","population_2015":11835.0704769651,"total_built_mass_tons":4459868.9776761327,"city_id":10,"country_iso":"USA"},{"h3index":"872834756ffffff","population_2015":402.6158820358,"total_built_mass_tons":2421000.5424486767,"city_id":10,"country_iso":"USA"},{"h3index":"872834758ffffff","population_2015":11000.2242335095,"total_built_mass_tons":2331639.4664101684,"city_id":10,"country_iso":"USA"},{"h3index":"872834759ffffff","population_2015":9058.5982892953,"total_built_mass_tons":2777287.5570773431,"city_id":10,"country_iso":"USA"},{"h3index":"87283475bffffff","population_2015":217.6055977952,"total_built_mass_tons":40440.7802416219,"city_id":10,"country_iso":"USA"},{"h3index":"87283475cffffff","population_2015":13328.4280319887,"total_built_mass_tons":3509573.6782961874,"city_id":10,"country_iso":"USA"},{"h3index":"87283475dffffff","population_2015":15689.038357871,"total_built_mass_tons":4057597.8288166737,"city_id":10,"country_iso":"USA"},{"h3index":"87283476bffffff","population_2015":53.8286195708,"total_built_mass_tons":55053.5845086607,"city_id":10,"country_iso":"USA"},{"h3index":"872834770ffffff","population_2015":8417.6551848297,"total_built_mass_tons":3755274.6620096848,"city_id":10,"country_iso":"USA"},{"h3index":"872834771ffffff","population_2015":2576.7990573743,"total_built_mass_tons":1517185.2558572292,"city_id":10,"country_iso":"USA"},{"h3index":"872834772ffffff","population_2015":12020.099870935,"total_built_mass_tons":4447575.7770360913,"city_id":10,"country_iso":"USA"},{"h3index":"872834773ffffff","population_2015":19948.0393399229,"total_built_mass_tons":4331217.1028773878,"city_id":10,"country_iso":"USA"},{"h3index":"872834774ffffff","population_2015":2377.8488332758,"total_built_mass_tons":1439660.7920440494,"city_id":10,"country_iso":"USA"},{"h3index":"872834776ffffff","population_2015":8166.4654825316,"total_built_mass_tons":4122625.2526814779,"city_id":10,"country_iso":"USA"},{"h3index":"87283478dffffff","population_2015":209.6744530774,"total_built_mass_tons":112200.2910840615,"city_id":10,"country_iso":"USA"},{"h3index":"8728347a0ffffff","population_2015":17434.9557857256,"total_built_mass_tons":4252480.1683197236,"city_id":10,"country_iso":"USA"},{"h3index":"8728347a1ffffff","population_2015":17271.1320972969,"total_built_mass_tons":4329973.7649108348,"city_id":10,"country_iso":"USA"},{"h3index":"8728347a2ffffff","population_2015":557.190317261,"total_built_mass_tons":394814.5959121455,"city_id":10,"country_iso":"USA"},{"h3index":"8728347a3ffffff","population_2015":2961.1237430589,"total_built_mass_tons":1269388.736085061,"city_id":10,"country_iso":"USA"},{"h3index":"8728347a4ffffff","population_2015":24229.915953638,"total_built_mass_tons":4206228.6380339898,"city_id":10,"country_iso":"USA"},{"h3index":"8728347a5ffffff","population_2015":22098.4267174931,"total_built_mass_tons":3950575.7284274618,"city_id":10,"country_iso":"USA"},{"h3index":"8728347a6ffffff","population_2015":7661.4910221376,"total_built_mass_tons":2044083.0243439907,"city_id":10,"country_iso":"USA"},{"h3index":"8728347a8ffffff","population_2015":10993.3099007272,"total_built_mass_tons":4653205.5907846969,"city_id":10,"country_iso":"USA"},{"h3index":"8728347a9ffffff","population_2015":12147.2667784432,"total_built_mass_tons":4234793.7367315851,"city_id":10,"country_iso":"USA"},{"h3index":"8728347aaffffff","population_2015":3601.8403834952,"total_built_mass_tons":778104.6064939898,"city_id":10,"country_iso":"USA"},{"h3index":"8728347abffffff","population_2015":12143.2355286791,"total_built_mass_tons":2856294.1612299378,"city_id":10,"country_iso":"USA"},{"h3index":"8728347acffffff","population_2015":13071.0677851527,"total_built_mass_tons":4507090.391164151,"city_id":10,"country_iso":"USA"},{"h3index":"8728347adffffff","population_2015":6900.0219367805,"total_built_mass_tons":4236116.3148741731,"city_id":10,"country_iso":"USA"},{"h3index":"8728347aeffffff","population_2015":14169.8673501419,"total_built_mass_tons":3759354.7990978486,"city_id":10,"country_iso":"USA"}]