[{"h3index":"873d8b640ffffff","population_2015":187.5389260236,"total_built_mass_tons":94374.6829858094,"city_id":8391,"country_iso":"IND"},{"h3index":"873d8b641ffffff","population_2015":85.3340352302,"total_built_mass_tons":37979.3846845302,"city_id":8391,"country_iso":"IND"},{"h3index":"873d8b642ffffff","population_2015":10.6314802058,"total_built_mass_tons":5454.730933477,"city_id":8391,"country_iso":"IND"},{"h3index":"873d8b643ffffff","population_2015":16.6170139874,"total_built_mass_tons":8770.8467562649,"city_id":8391,"country_iso":"IND"}]