[{"h3index": "87685a92cffffff", "population_2015": 315.55181377635273, "total_built_mass_tons": 49469.195658240846, "city_id": 13016, "country_iso": "PHL"}, {"h3index": "87685e289ffffff", "population_2015": 1101.4684039845183, "total_built_mass_tons": 136142.85242751508, "city_id": 13016, "country_iso": "PHL"}, {"h3index": "87685e2c0ffffff", "population_2015": 21259.973533697685, "total_built_mass_tons": 2165943.797874242, "city_id": 13016, "country_iso": "PHL"}, {"h3index": "87685e2c1ffffff", "population_2015": 18362.532455175053, "total_built_mass_tons": 764854.2598483915, "city_id": 13016, "country_iso": "PHL"}, {"h3index": "87685e2c4ffffff", "population_2015": 24934.956346403385, "total_built_mass_tons": 2593438.458473477, "city_id": 13016, "country_iso": "PHL"}, {"h3index": "87685e2c5ffffff", "population_2015": 15611.880445255949, "total_built_mass_tons": 2745321.826441871, "city_id": 13016, "country_iso": "PHL"}, {"h3index": "87685e2c6ffffff", "population_2015": 28045.42205651975, "total_built_mass_tons": 1350314.0360274275, "city_id": 13016, "country_iso": "PHL"}, {"h3index": "87685e2d0ffffff", "population_2015": 10127.236440791336, "total_built_mass_tons": 1224422.037105629, "city_id": 13016, "country_iso": "PHL"}, {"h3index": "87685e2d1ffffff", "population_2015": 174.7056545332366, "total_built_mass_tons": 11187.83268646678, "city_id": 13016, "country_iso": "PHL"}, {"h3index": "87685e2d2ffffff", "population_2015": 1435.855984179179, "total_built_mass_tons": 418878.6370680216, "city_id": 13016, "country_iso": "PHL"}, {"h3index": "87685e2d3ffffff", "population_2015": 4.812425949994256, "total_built_mass_tons": 1769.884310008844, "city_id": 13016, "country_iso": "PHL"}, {"h3index": "87685e2d4ffffff", "population_2015": 9496.314544831068, "total_built_mass_tons": 1007578.3186923002, "city_id": 13016, "country_iso": "PHL"}, {"h3index": "87685e2d5ffffff", "population_2015": 20610.950993945553, "total_built_mass_tons": 1989710.1042178003, "city_id": 13016, "country_iso": "PHL"}, {"h3index": "87685e2d6ffffff", "population_2015": 2323.0177258809404, "total_built_mass_tons": 214350.59621236537, "city_id": 13016, "country_iso": "PHL"}, {"h3index": "87685e2e0ffffff", "population_2015": 387.1991560524585, "total_built_mass_tons": 143075.0804598069, "city_id": 13016, "country_iso": "PHL"}, {"h3index": "87685e2e2ffffff", "population_2015": 3174.462330803217, "total_built_mass_tons": 444712.7923490339, "city_id": 13016, "country_iso": "PHL"}, {"h3index": "87685e2e3ffffff", "population_2015": 7969.449262824712, "total_built_mass_tons": 1348593.3595337062, "city_id": 13016, "country_iso": "PHL"}, {"h3index": "87685e2eaffffff", "population_2015": 1548.6116081686582, "total_built_mass_tons": 277698.6065616497, "city_id": 13016, "country_iso": "PHL"}, {"h3index": "87685e2eeffffff", "population_2015": 795.0425582455655, "total_built_mass_tons": 266363.3915441657, "city_id": 13016, "country_iso": "PHL"}, {"h3index": "87685e2f0ffffff", "population_2015": 221.57487267886893, "total_built_mass_tons": 20705.17625517067, "city_id": 13016, "country_iso": "PHL"}, {"h3index": "87685e2f1ffffff", "population_2015": 11350.054149048005, "total_built_mass_tons": 1234168.5075720367, "city_id": 13016, "country_iso": "PHL"}, {"h3index": "87685e2f2ffffff", "population_2015": 488.2865895290001, "total_built_mass_tons": 49486.567299285445, "city_id": 13016, "country_iso": "PHL"}, {"h3index": "87685e2f3ffffff", "population_2015": 2714.3521763633275, "total_built_mass_tons": 413220.3184466756, "city_id": 13016, "country_iso": "PHL"}, {"h3index": "87685e2f5ffffff", "population_2015": 4815.295620065578, "total_built_mass_tons": 439334.8952465002, "city_id": 13016, "country_iso": "PHL"}]