[{"h3index":"87b243088ffffff","population_2015":144.7952069488,"total_built_mass_tons":53019.2618290295,"city_id":1035,"country_iso":"ARG"},{"h3index":"87b24308affffff","population_2015":2794.6982816247,"total_built_mass_tons":866428.3174046588,"city_id":1035,"country_iso":"ARG"},{"h3index":"87b24308bffffff","population_2015":4625.7937063741,"total_built_mass_tons":1146467.2838640099,"city_id":1035,"country_iso":"ARG"},{"h3index":"87b24308effffff","population_2015":709.9529508067,"total_built_mass_tons":193266.0313618468,"city_id":1035,"country_iso":"ARG"},{"h3index":"87b243090ffffff","population_2015":703.2863023328,"total_built_mass_tons":288816.0656259057,"city_id":1035,"country_iso":"ARG"},{"h3index":"87b243092ffffff","population_2015":10184.4968076799,"total_built_mass_tons":2062875.3903297624,"city_id":1035,"country_iso":"ARG"},{"h3index":"87b243093ffffff","population_2015":6085.535023046,"total_built_mass_tons":1297939.9798776114,"city_id":1035,"country_iso":"ARG"},{"h3index":"87b243096ffffff","population_2015":557.2771720213,"total_built_mass_tons":288197.7645720637,"city_id":1035,"country_iso":"ARG"},{"h3index":"87b243098ffffff","population_2015":7525.7533636766,"total_built_mass_tons":1844905.5183837689,"city_id":1035,"country_iso":"ARG"},{"h3index":"87b243099ffffff","population_2015":8175.6258052676,"total_built_mass_tons":1848962.1284672732,"city_id":1035,"country_iso":"ARG"},{"h3index":"87b24309affffff","population_2015":12144.5117570765,"total_built_mass_tons":2335214.0819987971,"city_id":1035,"country_iso":"ARG"},{"h3index":"87b24309bffffff","population_2015":18238.0722915275,"total_built_mass_tons":3058603.2360466174,"city_id":1035,"country_iso":"ARG"},{"h3index":"87b24309cffffff","population_2015":878.5483133989,"total_built_mass_tons":167903.6429128116,"city_id":1035,"country_iso":"ARG"},{"h3index":"87b24309dffffff","population_2015":2472.6612423616,"total_built_mass_tons":636531.9784013751,"city_id":1035,"country_iso":"ARG"},{"h3index":"87b24309effffff","population_2015":4275.9584177503,"total_built_mass_tons":820998.1703461286,"city_id":1035,"country_iso":"ARG"},{"h3index":"87b2430d2ffffff","population_2015":12930.9982324787,"total_built_mass_tons":2500102.635656937,"city_id":1035,"country_iso":"ARG"},{"h3index":"87b2430d3ffffff","population_2015":3796.6340250688,"total_built_mass_tons":783137.5080180981,"city_id":1035,"country_iso":"ARG"},{"h3index":"87b2430d6ffffff","population_2015":1526.4530481077,"total_built_mass_tons":330247.9716701629,"city_id":1035,"country_iso":"ARG"},{"h3index":"87b243444ffffff","population_2015":5.41438694,"total_built_mass_tons":16967.9189201296,"city_id":1035,"country_iso":"ARG"},{"h3index":"87b243445ffffff","population_2015":1152.460335006,"total_built_mass_tons":353133.2125542947,"city_id":1035,"country_iso":"ARG"},{"h3index":"87b243449ffffff","population_2015":2276.6527447757,"total_built_mass_tons":450422.8864319244,"city_id":1035,"country_iso":"ARG"},{"h3index":"87b24344cffffff","population_2015":27.4760243023,"total_built_mass_tons":33462.2854763352,"city_id":1035,"country_iso":"ARG"},{"h3index":"87b24344dffffff","population_2015":2909.3692677741,"total_built_mass_tons":590252.7193390538,"city_id":1035,"country_iso":"ARG"},{"h3index":"87b243460ffffff","population_2015":1582.649876531,"total_built_mass_tons":457792.1543417685,"city_id":1035,"country_iso":"ARG"},{"h3index":"87b243461ffffff","population_2015":4001.7761800242,"total_built_mass_tons":836376.7091388394,"city_id":1035,"country_iso":"ARG"},{"h3index":"87b243463ffffff","population_2015":727.0725955664,"total_built_mass_tons":340193.5658618299,"city_id":1035,"country_iso":"ARG"},{"h3index":"87b243464ffffff","population_2015":1387.3368806745,"total_built_mass_tons":499341.814949972,"city_id":1035,"country_iso":"ARG"},{"h3index":"87b243465ffffff","population_2015":4922.3095871981,"total_built_mass_tons":1075020.6427321988,"city_id":1035,"country_iso":"ARG"},{"h3index":"87b243468ffffff","population_2015":2410.6059006635,"total_built_mass_tons":641879.4363223425,"city_id":1035,"country_iso":"ARG"},{"h3index":"87b243469ffffff","population_2015":6141.0182420132,"total_built_mass_tons":1167805.4802276827,"city_id":1035,"country_iso":"ARG"},{"h3index":"87b24346affffff","population_2015":2364.9964337068,"total_built_mass_tons":579542.1962041722,"city_id":1035,"country_iso":"ARG"},{"h3index":"87b24346bffffff","population_2015":6999.0486456815,"total_built_mass_tons":1483527.1027176783,"city_id":1035,"country_iso":"ARG"},{"h3index":"87b24346cffffff","population_2015":10298.1850010741,"total_built_mass_tons":1771766.4390997789,"city_id":1035,"country_iso":"ARG"},{"h3index":"87b24346dffffff","population_2015":13295.485103869,"total_built_mass_tons":2275837.0054491507,"city_id":1035,"country_iso":"ARG"},{"h3index":"87b24346effffff","population_2015":2231.4506602418,"total_built_mass_tons":446173.1809808161,"city_id":1035,"country_iso":"ARG"},{"h3index":"87b243548ffffff","population_2015":2.2203606101,"total_built_mass_tons":12424.249753634,"city_id":1035,"country_iso":"ARG"},{"h3index":"87b24354affffff","population_2015":465.4522715026,"total_built_mass_tons":135086.7789491453,"city_id":1035,"country_iso":"ARG"},{"h3index":"87b24354bffffff","population_2015":1881.485790133,"total_built_mass_tons":507464.2530273615,"city_id":1035,"country_iso":"ARG"},{"h3index":"87b243624ffffff","population_2015":16.8844272801,"total_built_mass_tons":11039.0208882243,"city_id":1035,"country_iso":"ARG"},{"h3index":"87b243700ffffff","population_2015":19906.4084716273,"total_built_mass_tons":4217322.0468259361,"city_id":1035,"country_iso":"ARG"},{"h3index":"87b243701ffffff","population_2015":16660.9353150162,"total_built_mass_tons":2989869.4853667524,"city_id":1035,"country_iso":"ARG"},{"h3index":"87b243702ffffff","population_2015":12675.024004263,"total_built_mass_tons":2574667.2600796917,"city_id":1035,"country_iso":"ARG"},{"h3index":"87b243703ffffff","population_2015":17900.8702290329,"total_built_mass_tons":3396354.0265269363,"city_id":1035,"country_iso":"ARG"},{"h3index":"87b243704ffffff","population_2015":27148.0931486541,"total_built_mass_tons":5127203.4850253118,"city_id":1035,"country_iso":"ARG"},{"h3index":"87b243705ffffff","population_2015":20615.5658998826,"total_built_mass_tons":4297500.1179200066,"city_id":1035,"country_iso":"ARG"},{"h3index":"87b243706ffffff","population_2015":22909.6954666736,"total_built_mass_tons":4173020.6519162674,"city_id":1035,"country_iso":"ARG"},{"h3index":"87b243708ffffff","population_2015":7304.4009724673,"total_built_mass_tons":1499404.2624662756,"city_id":1035,"country_iso":"ARG"},{"h3index":"87b243709ffffff","population_2015":3240.2553963269,"total_built_mass_tons":654616.2172719298,"city_id":1035,"country_iso":"ARG"},{"h3index":"87b24370affffff","population_2015":1448.832629331,"total_built_mass_tons":353462.8340077187,"city_id":1035,"country_iso":"ARG"},{"h3index":"87b24370bffffff","population_2015":899.3297173818,"total_built_mass_tons":285782.6879481675,"city_id":1035,"country_iso":"ARG"},{"h3index":"87b24370cffffff","population_2015":12738.059770816,"total_built_mass_tons":2723432.7466301378,"city_id":1035,"country_iso":"ARG"},{"h3index":"87b24370dffffff","population_2015":9894.2199096904,"total_built_mass_tons":2102071.8665238316,"city_id":1035,"country_iso":"ARG"},{"h3index":"87b24370effffff","population_2015":10782.9265809452,"total_built_mass_tons":2039170.8469111351,"city_id":1035,"country_iso":"ARG"},{"h3index":"87b243710ffffff","population_2015":4945.6666627772,"total_built_mass_tons":958949.7500393892,"city_id":1035,"country_iso":"ARG"},{"h3index":"87b243711ffffff","population_2015":5104.0118374469,"total_built_mass_tons":1158778.2885272417,"city_id":1035,"country_iso":"ARG"},{"h3index":"87b243713ffffff","population_2015":1588.112248028,"total_built_mass_tons":476522.9485480724,"city_id":1035,"country_iso":"ARG"},{"h3index":"87b243714ffffff","population_2015":8906.418946442,"total_built_mass_tons":1922061.9939379697,"city_id":1035,"country_iso":"ARG"},{"h3index":"87b243715ffffff","population_2015":16918.3065917595,"total_built_mass_tons":3632739.8805468464,"city_id":1035,"country_iso":"ARG"},{"h3index":"87b243716ffffff","population_2015":795.2089947719,"total_built_mass_tons":178347.7967093575,"city_id":1035,"country_iso":"ARG"},{"h3index":"87b243718ffffff","population_2015":9152.0821821288,"total_built_mass_tons":2051950.0822946427,"city_id":1035,"country_iso":"ARG"},{"h3index":"87b243719ffffff","population_2015":817.6566679487,"total_built_mass_tons":197068.3607203529,"city_id":1035,"country_iso":"ARG"},{"h3index":"87b24371affffff","population_2015":1030.0073480008,"total_built_mass_tons":374688.6270066922,"city_id":1035,"country_iso":"ARG"},{"h3index":"87b24371cffffff","population_2015":14209.1375706243,"total_built_mass_tons":3166708.0940743997,"city_id":1035,"country_iso":"ARG"},{"h3index":"87b24371dffffff","population_2015":10915.9139311585,"total_built_mass_tons":2359542.8810855881,"city_id":1035,"country_iso":"ARG"},{"h3index":"87b24371effffff","population_2015":14748.1835167978,"total_built_mass_tons":3343662.4842363996,"city_id":1035,"country_iso":"ARG"},{"h3index":"87b243720ffffff","population_2015":21536.4285830479,"total_built_mass_tons":3901935.4214075562,"city_id":1035,"country_iso":"ARG"},{"h3index":"87b243721ffffff","population_2015":18784.3066560932,"total_built_mass_tons":3645273.4711416019,"city_id":1035,"country_iso":"ARG"},{"h3index":"87b243722ffffff","population_2015":25053.8349183027,"total_built_mass_tons":4395848.609985604,"city_id":1035,"country_iso":"ARG"},{"h3index":"87b243723ffffff","population_2015":22732.7598018946,"total_built_mass_tons":4220239.0170557676,"city_id":1035,"country_iso":"ARG"},{"h3index":"87b243724ffffff","population_2015":15648.1385186289,"total_built_mass_tons":3181202.1069194777,"city_id":1035,"country_iso":"ARG"},{"h3index":"87b243725ffffff","population_2015":19300.7081093134,"total_built_mass_tons":3596258.4895058619,"city_id":1035,"country_iso":"ARG"},{"h3index":"87b243726ffffff","population_2015":19737.0101011388,"total_built_mass_tons":3605945.3237381335,"city_id":1035,"country_iso":"ARG"},{"h3index":"87b243728ffffff","population_2015":16065.5925806607,"total_built_mass_tons":2805768.853511116,"city_id":1035,"country_iso":"ARG"},{"h3index":"87b243729ffffff","population_2015":10741.9329719095,"total_built_mass_tons":2206089.2914380808,"city_id":1035,"country_iso":"ARG"},{"h3index":"87b24372affffff","population_2015":22492.1664870169,"total_built_mass_tons":3696392.8902091742,"city_id":1035,"country_iso":"ARG"},{"h3index":"87b24372bffffff","population_2015":17457.2043631311,"total_built_mass_tons":3205327.0818465389,"city_id":1035,"country_iso":"ARG"},{"h3index":"87b24372cffffff","population_2015":7853.8920191297,"total_built_mass_tons":1659644.5168852096,"city_id":1035,"country_iso":"ARG"},{"h3index":"87b24372dffffff","population_2015":1400.2143134211,"total_built_mass_tons":310117.9503544925,"city_id":1035,"country_iso":"ARG"},{"h3index":"87b24372effffff","population_2015":16003.9521227893,"total_built_mass_tons":3188869.4964633258,"city_id":1035,"country_iso":"ARG"},{"h3index":"87b243730ffffff","population_2015":19407.5692212497,"total_built_mass_tons":3471957.4103679797,"city_id":1035,"country_iso":"ARG"},{"h3index":"87b243731ffffff","population_2015":22984.8924814411,"total_built_mass_tons":4334633.0107749728,"city_id":1035,"country_iso":"ARG"},{"h3index":"87b243732ffffff","population_2015":12150.0612920724,"total_built_mass_tons":2710547.0134470179,"city_id":1035,"country_iso":"ARG"},{"h3index":"87b243733ffffff","population_2015":16169.9331039055,"total_built_mass_tons":3235789.248867875,"city_id":1035,"country_iso":"ARG"},{"h3index":"87b243734ffffff","population_2015":18695.7502131518,"total_built_mass_tons":3283680.3510742178,"city_id":1035,"country_iso":"ARG"},{"h3index":"87b243735ffffff","population_2015":23013.3383977553,"total_built_mass_tons":4131154.1701752017,"city_id":1035,"country_iso":"ARG"},{"h3index":"87b243736ffffff","population_2015":11774.6494216171,"total_built_mass_tons":2349666.3239999688,"city_id":1035,"country_iso":"ARG"},{"h3index":"87b243770ffffff","population_2015":4276.3677760592,"total_built_mass_tons":1055261.9991603571,"city_id":1035,"country_iso":"ARG"},{"h3index":"87b243771ffffff","population_2015":1963.0515353072,"total_built_mass_tons":460275.9505449863,"city_id":1035,"country_iso":"ARG"},{"h3index":"87b243772ffffff","population_2015":3778.7148503734,"total_built_mass_tons":872156.6951347194,"city_id":1035,"country_iso":"ARG"},{"h3index":"87b243773ffffff","population_2015":602.1463360805,"total_built_mass_tons":148273.3873474614,"city_id":1035,"country_iso":"ARG"},{"h3index":"87b243776ffffff","population_2015":10489.3652626935,"total_built_mass_tons":2186007.5875343098,"city_id":1035,"country_iso":"ARG"},{"h3index":"87b2437adffffff","population_2015":810.5164956635,"total_built_mass_tons":180527.3519377778,"city_id":1035,"country_iso":"ARG"}]