[{"h3index":"8724ea381ffffff","population_2015":2698.9963224794,"total_built_mass_tons":1626137.772669656,"city_id":10179,"country_iso":"CHN"},{"h3index":"8724ea385ffffff","population_2015":2119.5425631056,"total_built_mass_tons":1038438.3925572505,"city_id":10179,"country_iso":"CHN"},{"h3index":"8724ea38cffffff","population_2015":4.9872638497,"total_built_mass_tons":9337.7731787054,"city_id":10179,"country_iso":"CHN"},{"h3index":"8724ea3aaffffff","population_2015":1491.0545264235,"total_built_mass_tons":867794.4156497172,"city_id":10179,"country_iso":"CHN"}]