[{"h3index":"8720a8242ffffff","population_2015":10.057230237,"total_built_mass_tons":11095.2312678439,"city_id":6136,"country_iso":"KGZ"},{"h3index":"8720a8250ffffff","population_2015":179.4895623712,"total_built_mass_tons":255892.6188786449,"city_id":6136,"country_iso":"KGZ"},{"h3index":"8720a8251ffffff","population_2015":4823.6784649802,"total_built_mass_tons":3954625.126543337,"city_id":6136,"country_iso":"KGZ"},{"h3index":"8720a8253ffffff","population_2015":169.8072225552,"total_built_mass_tons":91053.4357768312,"city_id":6136,"country_iso":"KGZ"},{"h3index":"8720a8255ffffff","population_2015":403.0388609961,"total_built_mass_tons":384106.0650960726,"city_id":6136,"country_iso":"KGZ"},{"h3index":"8720a8258ffffff","population_2015":0.7005070406,"total_built_mass_tons":6084.6106325462,"city_id":6136,"country_iso":"KGZ"},{"h3index":"8720a825cffffff","population_2015":142.2223091658,"total_built_mass_tons":160188.416012583,"city_id":6136,"country_iso":"KGZ"},{"h3index":"8720a825effffff","population_2015":1447.9780741308,"total_built_mass_tons":1655764.0669552488,"city_id":6136,"country_iso":"KGZ"}]