[{"h3index":"8740e22b6ffffff","population_2015":1669.7167143523,"total_built_mass_tons":826287.1682868174,"city_id":10346,"country_iso":"CHN"},{"h3index":"8740e2741ffffff","population_2015":17.5152351866,"total_built_mass_tons":11847.6741275727,"city_id":10346,"country_iso":"CHN"},{"h3index":"8740e2745ffffff","population_2015":71.5359014006,"total_built_mass_tons":45067.4693273805,"city_id":10346,"country_iso":"CHN"},{"h3index":"8740e2748ffffff","population_2015":5518.5458334006,"total_built_mass_tons":910150.9900758088,"city_id":10346,"country_iso":"CHN"},{"h3index":"8740e2749ffffff","population_2015":317.8472269844,"total_built_mass_tons":111495.3297463895,"city_id":10346,"country_iso":"CHN"},{"h3index":"8740e274affffff","population_2015":221.6396719895,"total_built_mass_tons":56464.9036735356,"city_id":10346,"country_iso":"CHN"},{"h3index":"8740e274bffffff","population_2015":62.1091380568,"total_built_mass_tons":49144.9692027544,"city_id":10346,"country_iso":"CHN"},{"h3index":"8740e274cffffff","population_2015":22565.0915269291,"total_built_mass_tons":3966524.3124434543,"city_id":10346,"country_iso":"CHN"},{"h3index":"8740e274dffffff","population_2015":16722.0127451242,"total_built_mass_tons":2067333.1808111577,"city_id":10346,"country_iso":"CHN"},{"h3index":"8740e274effffff","population_2015":3.1008335787,"total_built_mass_tons":1406.3604395787,"city_id":10346,"country_iso":"CHN"},{"h3index":"8740e2768ffffff","population_2015":15030.5962113717,"total_built_mass_tons":2302195.5337131741,"city_id":10346,"country_iso":"CHN"},{"h3index":"8740e2769ffffff","population_2015":1090.1800084021,"total_built_mass_tons":348956.6080782169,"city_id":10346,"country_iso":"CHN"},{"h3index":"8740e276affffff","population_2015":6046.7260653215,"total_built_mass_tons":1801760.6267180152,"city_id":10346,"country_iso":"CHN"},{"h3index":"8740e276bffffff","population_2015":20611.2424974067,"total_built_mass_tons":5160714.474528647,"city_id":10346,"country_iso":"CHN"},{"h3index":"8740e276cffffff","population_2015":452.8874256415,"total_built_mass_tons":211862.0873576569,"city_id":10346,"country_iso":"CHN"},{"h3index":"8740e276dffffff","population_2015":198.5040598982,"total_built_mass_tons":159689.2010317556,"city_id":10346,"country_iso":"CHN"},{"h3index":"8740e276effffff","population_2015":2641.6664187581,"total_built_mass_tons":376169.2017008143,"city_id":10346,"country_iso":"CHN"}]