[{"h3index":"873d32690ffffff","population_2015":5335.1454967574,"total_built_mass_tons":955182.4707924196,"city_id":6618,"country_iso":"IND"},{"h3index":"873d32692ffffff","population_2015":11261.766381361,"total_built_mass_tons":3134701.3623516448,"city_id":6618,"country_iso":"IND"},{"h3index":"873d32694ffffff","population_2015":18764.8298264522,"total_built_mass_tons":2367011.9557121256,"city_id":6618,"country_iso":"IND"},{"h3index":"873d32695ffffff","population_2015":149.0069035624,"total_built_mass_tons":35826.3397802052,"city_id":6618,"country_iso":"IND"},{"h3index":"873d32696ffffff","population_2015":40103.0707169776,"total_built_mass_tons":5170615.8860653462,"city_id":6618,"country_iso":"IND"},{"h3index":"873d326b2ffffff","population_2015":12744.2203857796,"total_built_mass_tons":1609391.4479221869,"city_id":6618,"country_iso":"IND"},{"h3index":"873d326b3ffffff","population_2015":1511.1385496439,"total_built_mass_tons":283898.5649034102,"city_id":6618,"country_iso":"IND"},{"h3index":"873d326b6ffffff","population_2015":1053.7466142617,"total_built_mass_tons":212592.3910053494,"city_id":6618,"country_iso":"IND"},{"h3index":"874249a45ffffff","population_2015":32.4263538548,"total_built_mass_tons":29723.5020639432,"city_id":6618,"country_iso":"IND"},{"h3index":"874249a60ffffff","population_2015":39330.7250271666,"total_built_mass_tons":5204925.2649451401,"city_id":6618,"country_iso":"IND"},{"h3index":"874249a61ffffff","population_2015":10118.0580763349,"total_built_mass_tons":2772940.9416765873,"city_id":6618,"country_iso":"IND"},{"h3index":"874249a62ffffff","population_2015":4802.6797756139,"total_built_mass_tons":1424326.4254348872,"city_id":6618,"country_iso":"IND"},{"h3index":"874249a63ffffff","population_2015":2662.2809305415,"total_built_mass_tons":881628.0883356323,"city_id":6618,"country_iso":"IND"},{"h3index":"874249a64ffffff","population_2015":76652.4002604316,"total_built_mass_tons":5707563.373592563,"city_id":6618,"country_iso":"IND"},{"h3index":"874249a65ffffff","population_2015":23681.0401629541,"total_built_mass_tons":5471112.8195853326,"city_id":6618,"country_iso":"IND"},{"h3index":"874249a66ffffff","population_2015":39572.5685887786,"total_built_mass_tons":3354399.3421711568,"city_id":6618,"country_iso":"IND"},{"h3index":"874249a68ffffff","population_2015":127.7653664308,"total_built_mass_tons":74337.1448964438,"city_id":6618,"country_iso":"IND"},{"h3index":"874249a6affffff","population_2015":1953.3368113424,"total_built_mass_tons":902415.2829113354,"city_id":6618,"country_iso":"IND"},{"h3index":"874249a6cffffff","population_2015":7228.3533684319,"total_built_mass_tons":2338466.5908613857,"city_id":6618,"country_iso":"IND"},{"h3index":"874249a6effffff","population_2015":8217.0564441382,"total_built_mass_tons":2503863.293855119,"city_id":6618,"country_iso":"IND"},{"h3index":"874249a75ffffff","population_2015":985.6257703108,"total_built_mass_tons":246386.361934021,"city_id":6618,"country_iso":"IND"},{"h3index":"874249b41ffffff","population_2015":1140.7353722329,"total_built_mass_tons":264808.1695609271,"city_id":6618,"country_iso":"IND"},{"h3index":"874249b43ffffff","population_2015":536.7761312092,"total_built_mass_tons":187881.473627554,"city_id":6618,"country_iso":"IND"},{"h3index":"874249b48ffffff","population_2015":48637.0274013444,"total_built_mass_tons":3519661.1624407158,"city_id":6618,"country_iso":"IND"},{"h3index":"874249b49ffffff","population_2015":75068.2528556974,"total_built_mass_tons":5900664.7285632761,"city_id":6618,"country_iso":"IND"},{"h3index":"874249b4affffff","population_2015":70751.5936659345,"total_built_mass_tons":4959880.3050464243,"city_id":6618,"country_iso":"IND"},{"h3index":"874249b4bffffff","population_2015":62277.2743529376,"total_built_mass_tons":5694097.8927198127,"city_id":6618,"country_iso":"IND"},{"h3index":"874249b4cffffff","population_2015":2479.4931297414,"total_built_mass_tons":431816.5254353296,"city_id":6618,"country_iso":"IND"},{"h3index":"874249b4dffffff","population_2015":28670.8099923526,"total_built_mass_tons":2618286.0817137482,"city_id":6618,"country_iso":"IND"},{"h3index":"874249b4effffff","population_2015":18777.5702026405,"total_built_mass_tons":2475566.4142213268,"city_id":6618,"country_iso":"IND"},{"h3index":"874249b58ffffff","population_2015":109.2329244857,"total_built_mass_tons":31742.8937087543,"city_id":6618,"country_iso":"IND"},{"h3index":"874249b59ffffff","population_2015":21716.2634388886,"total_built_mass_tons":2046423.9488892565,"city_id":6618,"country_iso":"IND"},{"h3index":"874249b5bffffff","population_2015":3355.3964706907,"total_built_mass_tons":601758.1760036397,"city_id":6618,"country_iso":"IND"},{"h3index":"874249b5cffffff","population_2015":64.0777662576,"total_built_mass_tons":37230.2486242462,"city_id":6618,"country_iso":"IND"},{"h3index":"874249b5dffffff","population_2015":4979.9765006458,"total_built_mass_tons":831570.768649772,"city_id":6618,"country_iso":"IND"},{"h3index":"874249b69ffffff","population_2015":371.7329736672,"total_built_mass_tons":105487.0197650439,"city_id":6618,"country_iso":"IND"},{"h3index":"874249b6bffffff","population_2015":3360.4286770278,"total_built_mass_tons":674257.1384093828,"city_id":6618,"country_iso":"IND"}]