[{"h3index": "874091900ffffff", "population_2015": 488.86318417156434, "total_built_mass_tons": 528082.3616124648, "city_id": 10924, "country_iso": "CHN"}, {"h3index": "874091902ffffff", "population_2015": 4026.7987897648527, "total_built_mass_tons": 1946117.3706988296, "city_id": 10924, "country_iso": "CHN"}, {"h3index": "874091903ffffff", "population_2015": 2239.043578212402, "total_built_mass_tons": 626484.6824913364, "city_id": 10924, "country_iso": "CHN"}, {"h3index": "874091906ffffff", "population_2015": 54.91893552892349, "total_built_mass_tons": 38829.31567287068, "city_id": 10924, "country_iso": "CHN"}, {"h3index": "874091910ffffff", "population_2015": 1419.600684654946, "total_built_mass_tons": 1136350.3518594666, "city_id": 10924, "country_iso": "CHN"}, {"h3index": "874091911ffffff", "population_2015": 69.09050462947174, "total_built_mass_tons": 41117.49952872799, "city_id": 10924, "country_iso": "CHN"}, {"h3index": "874091914ffffff", "population_2015": 10985.365630663142, "total_built_mass_tons": 2770641.024376054, "city_id": 10924, "country_iso": "CHN"}, {"h3index": "874091915ffffff", "population_2015": 7241.17081027405, "total_built_mass_tons": 3156394.1200936497, "city_id": 10924, "country_iso": "CHN"}, {"h3index": "874091916ffffff", "population_2015": 7539.708076966976, "total_built_mass_tons": 2177991.332035715, "city_id": 10924, "country_iso": "CHN"}, {"h3index": "8740919a4ffffff", "population_2015": 867.2149597934648, "total_built_mass_tons": 392425.9321176988, "city_id": 10924, "country_iso": "CHN"}, {"h3index": "8740919a5ffffff", "population_2015": 2503.468453508265, "total_built_mass_tons": 940812.5442823436, "city_id": 10924, "country_iso": "CHN"}, {"h3index": "874095643ffffff", "population_2015": 585.56687002369, "total_built_mass_tons": 672362.7421062189, "city_id": 10924, "country_iso": "CHN"}, {"h3index": "874095648ffffff", "population_2015": 5594.903243797901, "total_built_mass_tons": 1799630.7748368145, "city_id": 10924, "country_iso": "CHN"}, {"h3index": "874095649ffffff", "population_2015": 7806.4301214087245, "total_built_mass_tons": 2200195.232850248, "city_id": 10924, "country_iso": "CHN"}, {"h3index": "87409564affffff", "population_2015": 16664.41152040444, "total_built_mass_tons": 4006040.323686166, "city_id": 10924, "country_iso": "CHN"}, {"h3index": "87409564bffffff", "population_2015": 26387.672473103383, "total_built_mass_tons": 3824389.798227128, "city_id": 10924, "country_iso": "CHN"}, {"h3index": "87409564effffff", "population_2015": 453.078262459998, "total_built_mass_tons": 369335.7271203515, "city_id": 10924, "country_iso": "CHN"}, {"h3index": "874095651ffffff", "population_2015": 1390.9569484364752, "total_built_mass_tons": 1121177.725175056, "city_id": 10924, "country_iso": "CHN"}, {"h3index": "874095658ffffff", "population_2015": 1006.1476083633944, "total_built_mass_tons": 831858.120114193, "city_id": 10924, "country_iso": "CHN"}, {"h3index": "874095659ffffff", "population_2015": 825.6927815830007, "total_built_mass_tons": 186455.1778854897, "city_id": 10924, "country_iso": "CHN"}, {"h3index": "87409565cffffff", "population_2015": 6336.885565441728, "total_built_mass_tons": 3013910.7808104074, "city_id": 10924, "country_iso": "CHN"}, {"h3index": "87409565dffffff", "population_2015": 8304.768499710977, "total_built_mass_tons": 1783535.979606859, "city_id": 10924, "country_iso": "CHN"}, {"h3index": "87409565effffff", "population_2015": 5033.39545147372, "total_built_mass_tons": 2711644.02253097, "city_id": 10924, "country_iso": "CHN"}]