[{"h3index":"87406aa40ffffff","population_2015":1062.7070635702,"total_built_mass_tons":305444.1805902562,"city_id":10252,"country_iso":"MMR"},{"h3index":"87406aa44ffffff","population_2015":1904.8050993452,"total_built_mass_tons":547976.0518941905,"city_id":10252,"country_iso":"MMR"},{"h3index":"87406aa45ffffff","population_2015":6119.509036066,"total_built_mass_tons":2032618.0055567643,"city_id":10252,"country_iso":"MMR"},{"h3index":"87406aa62ffffff","population_2015":3.5175869792,"total_built_mass_tons":13481.5315280114,"city_id":10252,"country_iso":"MMR"},{"h3index":"87406aa63ffffff","population_2015":1941.619770985,"total_built_mass_tons":425818.3638379789,"city_id":10252,"country_iso":"MMR"}]