[{"h3index":"8724d1900ffffff","population_2015":4659.3442187178,"total_built_mass_tons":1630280.59548047,"city_id":10133,"country_iso":"CHN"},{"h3index":"8724d1901ffffff","population_2015":8800.5730681345,"total_built_mass_tons":2440317.4748559957,"city_id":10133,"country_iso":"CHN"},{"h3index":"8724d1903ffffff","population_2015":729.0111536662,"total_built_mass_tons":466863.7488597374,"city_id":10133,"country_iso":"CHN"},{"h3index":"8724d1905ffffff","population_2015":82.1025452072,"total_built_mass_tons":26327.1442371458,"city_id":10133,"country_iso":"CHN"},{"h3index":"8724d1906ffffff","population_2015":19.3390574661,"total_built_mass_tons":46409.6165434364,"city_id":10133,"country_iso":"CHN"},{"h3index":"8724d190cffffff","population_2015":871.7710158965,"total_built_mass_tons":340046.6189182673,"city_id":10133,"country_iso":"CHN"},{"h3index":"8724d190effffff","population_2015":34.8913533529,"total_built_mass_tons":603336.5072779249,"city_id":10133,"country_iso":"CHN"}]