[{"h3index": "876030800ffffff", "population_2015": 151.9530794929056, "total_built_mass_tons": 24112.0172346428, "city_id": 8309, "country_iso": "IND"}, {"h3index": "876030802ffffff", "population_2015": 250.98310783236636, "total_built_mass_tons": 46596.84132770516, "city_id": 8309, "country_iso": "IND"}, {"h3index": "876030804ffffff", "population_2015": 3707.3120353399536, "total_built_mass_tons": 511742.5668379427, "city_id": 8309, "country_iso": "IND"}, {"h3index": "876030806ffffff", "population_2015": 9412.580566481049, "total_built_mass_tons": 874167.3323745608, "city_id": 8309, "country_iso": "IND"}, {"h3index": "876030815ffffff", "population_2015": 127.65438348358754, "total_built_mass_tons": 23190.566644033923, "city_id": 8309, "country_iso": "IND"}, {"h3index": "876030822ffffff", "population_2015": 6.960368317248775, "total_built_mass_tons": 82915.4390200579, "city_id": 8309, "country_iso": "IND"}, {"h3index": "876030830ffffff", "population_2015": 1881.2437771217496, "total_built_mass_tons": 250655.30011224333, "city_id": 8309, "country_iso": "IND"}, {"h3index": "876030831ffffff", "population_2015": 27315.804015365306, "total_built_mass_tons": 2231648.31141234, "city_id": 8309, "country_iso": "IND"}, {"h3index": "876030832ffffff", "population_2015": 165.48505020141602, "total_built_mass_tons": 48759.82754654433, "city_id": 8309, "country_iso": "IND"}, {"h3index": "876030833ffffff", "population_2015": 6960.352536152859, "total_built_mass_tons": 610352.2063074852, "city_id": 8309, "country_iso": "IND"}, {"h3index": "876030835ffffff", "population_2015": 281.68878179811963, "total_built_mass_tons": 50230.210460029826, "city_id": 8309, "country_iso": "IND"}]