[{"h3index": "87c2ced01ffffff", "population_2015": 62.2352811794655, "total_built_mass_tons": 46659.202499713865, "city_id": 1098, "country_iso": "URY"}, {"h3index": "87c2ced05ffffff", "population_2015": 301.0122149785359, "total_built_mass_tons": 107376.25650578667, "city_id": 1098, "country_iso": "URY"}, {"h3index": "87c2ced0cffffff", "population_2015": 3336.3387742220193, "total_built_mass_tons": 491642.45455369976, "city_id": 1098, "country_iso": "URY"}, {"h3index": "87c2ced0dffffff", "population_2015": 950.2200346666224, "total_built_mass_tons": 227054.31424230424, "city_id": 1098, "country_iso": "URY"}, {"h3index": "87c2ced21ffffff", "population_2015": 95.67525004592596, "total_built_mass_tons": 26277.01572743506, "city_id": 1098, "country_iso": "URY"}, {"h3index": "87c2ced28ffffff", "population_2015": 16931.809906207818, "total_built_mass_tons": 3740098.389522999, "city_id": 1098, "country_iso": "URY"}, {"h3index": "87c2ced29ffffff", "population_2015": 673.613315742156, "total_built_mass_tons": 244622.47942530876, "city_id": 1098, "country_iso": "URY"}, {"h3index": "87c2ced2affffff", "population_2015": 14203.195927156186, "total_built_mass_tons": 2829990.972480109, "city_id": 1098, "country_iso": "URY"}, {"h3index": "87c2ced2bffffff", "population_2015": 7523.011770418578, "total_built_mass_tons": 1782863.0894272677, "city_id": 1098, "country_iso": "URY"}, {"h3index": "87c2ced2cffffff", "population_2015": 3607.013355947008, "total_built_mass_tons": 542764.4662103574, "city_id": 1098, "country_iso": "URY"}, {"h3index": "87c2ced2dffffff", "population_2015": 2035.7996905247371, "total_built_mass_tons": 278775.4905538587, "city_id": 1098, "country_iso": "URY"}, {"h3index": "87c2ced2effffff", "population_2015": 5885.414939330607, "total_built_mass_tons": 1242776.4603186373, "city_id": 1098, "country_iso": "URY"}]