[{"h3index": "873cc4408ffffff", "population_2015": 43.32084410050336, "total_built_mass_tons": 38849.34291548286, "city_id": 9975, "country_iso": "IND"}, {"h3index": "873cc4409ffffff", "population_2015": 22.832616806030273, "total_built_mass_tons": 85036.02403660526, "city_id": 9975, "country_iso": "IND"}, {"h3index": "873cc440affffff", "population_2015": 140.7888221740723, "total_built_mass_tons": 55250.489775001166, "city_id": 9975, "country_iso": "IND"}, {"h3index": "873cc440bffffff", "population_2015": 666.0580956552542, "total_built_mass_tons": 113473.1602355711, "city_id": 9975, "country_iso": "IND"}, {"h3index": "873cc440dffffff", "population_2015": 2256.071599825691, "total_built_mass_tons": 214663.62214556208, "city_id": 9975, "country_iso": "IND"}, {"h3index": "873cc4442ffffff", "population_2015": 2985.818525501326, "total_built_mass_tons": 299977.9832810993, "city_id": 9975, "country_iso": "IND"}, {"h3index": "873cc4443ffffff", "population_2015": 8.48925894942938, "total_built_mass_tons": 17166.068538156593, "city_id": 9975, "country_iso": "IND"}, {"h3index": "873cc4446ffffff", "population_2015": 90.79460334777832, "total_built_mass_tons": 73883.23606720973, "city_id": 9975, "country_iso": "IND"}, {"h3index": "873cc4448ffffff", "population_2015": 222.68895434959265, "total_built_mass_tons": 100997.81901325304, "city_id": 9975, "country_iso": "IND"}, {"h3index": "873cc444affffff", "population_2015": 42.11534568375232, "total_built_mass_tons": 87594.72668416111, "city_id": 9975, "country_iso": "IND"}, {"h3index": "873cc444effffff", "population_2015": 12.033492196774947, "total_built_mass_tons": 8764.062334239894, "city_id": 9975, "country_iso": "IND"}, {"h3index": "873cc4450ffffff", "population_2015": 19751.62064672732, "total_built_mass_tons": 1285427.676048602, "city_id": 9975, "country_iso": "IND"}, {"h3index": "873cc4451ffffff", "population_2015": 36252.201740369615, "total_built_mass_tons": 2384695.763216867, "city_id": 9975, "country_iso": "IND"}, {"h3index": "873cc4452ffffff", "population_2015": 3398.9003719255034, "total_built_mass_tons": 563188.4092327763, "city_id": 9975, "country_iso": "IND"}, {"h3index": "873cc4453ffffff", "population_2015": 69251.28837527856, "total_built_mass_tons": 3855418.991504506, "city_id": 9975, "country_iso": "IND"}, {"h3index": "873cc4455ffffff", "population_2015": 197.84246262195063, "total_built_mass_tons": 128514.83859754787, "city_id": 9975, "country_iso": "IND"}, {"h3index": "873cc4456ffffff", "population_2015": 48.8096866607666, "total_built_mass_tons": 83543.12965049273, "city_id": 9975, "country_iso": "IND"}, {"h3index": "873cc4458ffffff", "population_2015": 712.7098751068115, "total_built_mass_tons": 134872.73708884674, "city_id": 9975, "country_iso": "IND"}, {"h3index": "873cc4459ffffff", "population_2015": 319.66576766967773, "total_built_mass_tons": 59491.1262330459, "city_id": 9975, "country_iso": "IND"}, {"h3index": "873cc445affffff", "population_2015": 271.5261071747425, "total_built_mass_tons": 89499.06600333886, "city_id": 9975, "country_iso": "IND"}, {"h3index": "873cc445bffffff", "population_2015": 9.509864807128906, "total_built_mass_tons": 8303.841108009146, "city_id": 9975, "country_iso": "IND"}, {"h3index": "873cc445cffffff", "population_2015": 2879.1315679662366, "total_built_mass_tons": 535041.2165843081, "city_id": 9975, "country_iso": "IND"}, {"h3index": "873cc445dffffff", "population_2015": 23.459627628326416, "total_built_mass_tons": 50402.357487802255, "city_id": 9975, "country_iso": "IND"}, {"h3index": "873cc445effffff", "population_2015": 23549.976590930717, "total_built_mass_tons": 2130644.779113525, "city_id": 9975, "country_iso": "IND"}, {"h3index": "873cc4470ffffff", "population_2015": 222.77540797065288, "total_built_mass_tons": 66932.24776945895, "city_id": 9975, "country_iso": "IND"}, {"h3index": "873cc4471ffffff", "population_2015": 514.6966010374181, "total_built_mass_tons": 103862.03603070874, "city_id": 9975, "country_iso": "IND"}, {"h3index": "873cc4472ffffff", "population_2015": 39.866449632831646, "total_built_mass_tons": 88747.74690450149, "city_id": 9975, "country_iso": "IND"}, {"h3index": "873cc4473ffffff", "population_2015": 1399.6324727525898, "total_built_mass_tons": 175641.90950865782, "city_id": 9975, "country_iso": "IND"}, {"h3index": "873cc4476ffffff", "population_2015": 127.26370786779066, "total_built_mass_tons": 30187.17290731099, "city_id": 9975, "country_iso": "IND"}, {"h3index": "873cc44e1ffffff", "population_2015": 9.808953285217283, "total_built_mass_tons": 132844.04675125235, "city_id": 9975, "country_iso": "IND"}, {"h3index": "873cc44e4ffffff", "population_2015": 1.5777452655867037, "total_built_mass_tons": 49568.193594119206, "city_id": 9975, "country_iso": "IND"}, {"h3index": "873cc44e5ffffff", "population_2015": 42.08682823181152, "total_built_mass_tons": 70172.69021887127, "city_id": 9975, "country_iso": "IND"}, {"h3index": "873cc44e8ffffff", "population_2015": 136.81818894404992, "total_built_mass_tons": 37067.36113703252, "city_id": 9975, "country_iso": "IND"}, {"h3index": "873cc44ecffffff", "population_2015": 4862.722887704886, "total_built_mass_tons": 1592595.5628829072, "city_id": 9975, "country_iso": "IND"}, {"h3index": "873cc44edffffff", "population_2015": 2048.4319130093445, "total_built_mass_tons": 701736.161369097, "city_id": 9975, "country_iso": "IND"}, {"h3index": "873cc44eeffffff", "population_2015": 1174.3156757766126, "total_built_mass_tons": 595106.0704207061, "city_id": 9975, "country_iso": "IND"}, {"h3index": "873cc47a0ffffff", "population_2015": 44.55997371112599, "total_built_mass_tons": 30158.188640729255, "city_id": 9975, "country_iso": "IND"}, {"h3index": "873cc47a2ffffff", "population_2015": 73.66117725372314, "total_built_mass_tons": 24133.869579617192, "city_id": 9975, "country_iso": "IND"}, {"h3index": "873cc47a3ffffff", "population_2015": 7.796570119670793, "total_built_mass_tons": 7600.294582540797, "city_id": 9975, "country_iso": "IND"}, {"h3index": "873cc47a6ffffff", "population_2015": 1015.0646881103517, "total_built_mass_tons": 161521.49091667787, "city_id": 9975, "country_iso": "IND"}]