[{"h3index": "87319b402ffffff", "population_2015": 346.8187415141685, "total_built_mass_tons": 388228.6106853561, "city_id": 11226, "country_iso": "CHN"}, {"h3index": "87319b403ffffff", "population_2015": 929.7544654397404, "total_built_mass_tons": 195816.07905289365, "city_id": 11226, "country_iso": "CHN"}, {"h3index": "87319b411ffffff", "population_2015": 1445.5519606534174, "total_built_mass_tons": 960625.2999507564, "city_id": 11226, "country_iso": "CHN"}, {"h3index": "87319b413ffffff", "population_2015": 4439.224085746094, "total_built_mass_tons": 1313468.9203400393, "city_id": 11226, "country_iso": "CHN"}, {"h3index": "87319b418ffffff", "population_2015": 8225.112878057067, "total_built_mass_tons": 2073003.885460848, "city_id": 11226, "country_iso": "CHN"}, {"h3index": "87319b41affffff", "population_2015": 1681.983394209544, "total_built_mass_tons": 807465.6842941111, "city_id": 11226, "country_iso": "CHN"}, {"h3index": "87319b41bffffff", "population_2015": 85.99076925726497, "total_built_mass_tons": 48955.2149671428, "city_id": 11226, "country_iso": "CHN"}, {"h3index": "87319b41cffffff", "population_2015": 7811.228185189005, "total_built_mass_tons": 2680951.210196457, "city_id": 11226, "country_iso": "CHN"}, {"h3index": "87319b41dffffff", "population_2015": 466.6898599119746, "total_built_mass_tons": 180115.52369314185, "city_id": 11226, "country_iso": "CHN"}, {"h3index": "87319b41effffff", "population_2015": 18154.94897058898, "total_built_mass_tons": 3657043.898279273, "city_id": 11226, "country_iso": "CHN"}, {"h3index": "87319b4acffffff", "population_2015": 945.2395444271611, "total_built_mass_tons": 169344.49414280287, "city_id": 11226, "country_iso": "CHN"}, {"h3index": "87319b4adffffff", "population_2015": 13384.485862960062, "total_built_mass_tons": 3755196.6327365255, "city_id": 11226, "country_iso": "CHN"}]