[{"h3index":"876485281ffffff","population_2015":6573.3382024578,"total_built_mass_tons":1303991.7595605808,"city_id":10337,"country_iso":"MMR"},{"h3index":"876485284ffffff","population_2015":37.0116586685,"total_built_mass_tons":11696.1421453397,"city_id":10337,"country_iso":"MMR"},{"h3index":"876485285ffffff","population_2015":2571.8266363181,"total_built_mass_tons":731537.5582566453,"city_id":10337,"country_iso":"MMR"},{"h3index":"876485288ffffff","population_2015":124.5763861507,"total_built_mass_tons":145500.3116025159,"city_id":10337,"country_iso":"MMR"},{"h3index":"87648528cffffff","population_2015":944.883401248,"total_built_mass_tons":193744.9052601892,"city_id":10337,"country_iso":"MMR"},{"h3index":"87648528dffffff","population_2015":373.9346870179,"total_built_mass_tons":179567.2013238154,"city_id":10337,"country_iso":"MMR"},{"h3index":"8764852a3ffffff","population_2015":203.2761804693,"total_built_mass_tons":75428.3022770936,"city_id":10337,"country_iso":"MMR"},{"h3index":"8764852a8ffffff","population_2015":334.5096538562,"total_built_mass_tons":156369.4675886309,"city_id":10337,"country_iso":"MMR"},{"h3index":"8764852a9ffffff","population_2015":111.2249072318,"total_built_mass_tons":43875.945987768,"city_id":10337,"country_iso":"MMR"},{"h3index":"8764852aaffffff","population_2015":3488.1311494491,"total_built_mass_tons":869080.5334723335,"city_id":10337,"country_iso":"MMR"},{"h3index":"8764852abffffff","population_2015":36.7386307492,"total_built_mass_tons":25848.6673050394,"city_id":10337,"country_iso":"MMR"},{"h3index":"8764852adffffff","population_2015":68.3146369457,"total_built_mass_tons":32550.0345214994,"city_id":10337,"country_iso":"MMR"},{"h3index":"8764852aeffffff","population_2015":15.2595510296,"total_built_mass_tons":7038.040402499,"city_id":10337,"country_iso":"MMR"}]