[{"h3index":"8731b5300ffffff","population_2015":32.1753174175,"total_built_mass_tons":111783.0637299997,"city_id":10332,"country_iso":"CHN"},{"h3index":"8731b5304ffffff","population_2015":2018.7699960302,"total_built_mass_tons":2761797.2765437551,"city_id":10332,"country_iso":"CHN"},{"h3index":"8731b5305ffffff","population_2015":1322.33739569,"total_built_mass_tons":2181592.8063728791,"city_id":10332,"country_iso":"CHN"},{"h3index":"8731b5306ffffff","population_2015":29.6433632991,"total_built_mass_tons":283742.0863204161,"city_id":10332,"country_iso":"CHN"},{"h3index":"8731b5320ffffff","population_2015":50002.489563697,"total_built_mass_tons":3996516.2213858226,"city_id":10332,"country_iso":"CHN"},{"h3index":"8731b5321ffffff","population_2015":25158.1344549955,"total_built_mass_tons":3014271.2774557816,"city_id":10332,"country_iso":"CHN"},{"h3index":"8731b5322ffffff","population_2015":92.5583735429,"total_built_mass_tons":68351.6469580902,"city_id":10332,"country_iso":"CHN"},{"h3index":"8731b5323ffffff","population_2015":12428.9970869576,"total_built_mass_tons":1446399.8207168935,"city_id":10332,"country_iso":"CHN"},{"h3index":"8731b5324ffffff","population_2015":21451.5141924671,"total_built_mass_tons":7662042.4204275832,"city_id":10332,"country_iso":"CHN"},{"h3index":"8731b5325ffffff","population_2015":34367.4338319012,"total_built_mass_tons":5151647.4592566034,"city_id":10332,"country_iso":"CHN"},{"h3index":"8731b5326ffffff","population_2015":10360.8521282271,"total_built_mass_tons":2901868.2509164773,"city_id":10332,"country_iso":"CHN"},{"h3index":"8731b532cffffff","population_2015":739.6964974656,"total_built_mass_tons":292904.3078932848,"city_id":10332,"country_iso":"CHN"},{"h3index":"8731b532effffff","population_2015":2435.5319906408,"total_built_mass_tons":1527417.8187597082,"city_id":10332,"country_iso":"CHN"},{"h3index":"8731b5331ffffff","population_2015":2.2493540425,"total_built_mass_tons":74184.1848270933,"city_id":10332,"country_iso":"CHN"},{"h3index":"8731b5335ffffff","population_2015":970.36638868,"total_built_mass_tons":161309.7423606479,"city_id":10332,"country_iso":"CHN"},{"h3index":"8731b5a8affffff","population_2015":4572.2275396796,"total_built_mass_tons":1289425.5877765582,"city_id":10332,"country_iso":"CHN"},{"h3index":"8731b5a8bffffff","population_2015":5185.1044550821,"total_built_mass_tons":1230304.4454882131,"city_id":10332,"country_iso":"CHN"},{"h3index":"8731b5a98ffffff","population_2015":461.11342367,"total_built_mass_tons":228953.2508695752,"city_id":10332,"country_iso":"CHN"},{"h3index":"8731b5a99ffffff","population_2015":12408.755660705,"total_built_mass_tons":4372203.0619290322,"city_id":10332,"country_iso":"CHN"},{"h3index":"8731b5a9bffffff","population_2015":2434.5733257925,"total_built_mass_tons":729567.1252895675,"city_id":10332,"country_iso":"CHN"},{"h3index":"8731b5a9dffffff","population_2015":42.7263135106,"total_built_mass_tons":41455.127466528,"city_id":10332,"country_iso":"CHN"},{"h3index":"8731b5ad2ffffff","population_2015":618.9967487223,"total_built_mass_tons":234043.7326173934,"city_id":10332,"country_iso":"CHN"},{"h3index":"8731b5ad6ffffff","population_2015":19.6475553513,"total_built_mass_tons":103567.5447546001,"city_id":10332,"country_iso":"CHN"}]