[{"h3index":"8724de428ffffff","population_2015":1268.8719840629,"total_built_mass_tons":516682.7238190864,"city_id":10208,"country_iso":"CHN"},{"h3index":"8724de429ffffff","population_2015":5040.7191478673,"total_built_mass_tons":1429253.643719912,"city_id":10208,"country_iso":"CHN"},{"h3index":"8724de42dffffff","population_2015":243.2503716562,"total_built_mass_tons":58588.9917906088,"city_id":10208,"country_iso":"CHN"},{"h3index":"8724de470ffffff","population_2015":15.3538347525,"total_built_mass_tons":9720.1583373241,"city_id":10208,"country_iso":"CHN"},{"h3index":"8724de474ffffff","population_2015":1240.3122572843,"total_built_mass_tons":643102.2077679145,"city_id":10208,"country_iso":"CHN"},{"h3index":"8724de475ffffff","population_2015":975.1226805145,"total_built_mass_tons":382158.5294662898,"city_id":10208,"country_iso":"CHN"}]