[{"h3index":"874995370ffffff","population_2015":19609.3113420748,"total_built_mass_tons":1931183.520448304,"city_id":161,"country_iso":"MEX"},{"h3index":"874995372ffffff","population_2015":0.8389810001,"total_built_mass_tons":37723.6086453115,"city_id":161,"country_iso":"MEX"},{"h3index":"874995373ffffff","population_2015":767.7722311188,"total_built_mass_tons":89907.6700335856,"city_id":161,"country_iso":"MEX"},{"h3index":"874995374ffffff","population_2015":1228.6753621008,"total_built_mass_tons":194778.5801619824,"city_id":161,"country_iso":"MEX"},{"h3index":"874995376ffffff","population_2015":17454.5927839003,"total_built_mass_tons":948999.605637053,"city_id":161,"country_iso":"MEX"}]