[{"h3index":"87248b85affffff","population_2015":6980.9618010465,"total_built_mass_tons":1468730.7579096826,"city_id":10091,"country_iso":"CHN"},{"h3index":"87248b85bffffff","population_2015":2949.3920248798,"total_built_mass_tons":876087.2358032474,"city_id":10091,"country_iso":"CHN"},{"h3index":"87248b85effffff","population_2015":206.8567509894,"total_built_mass_tons":39022.6691015387,"city_id":10091,"country_iso":"CHN"},{"h3index":"87248b8e9ffffff","population_2015":1858.9405848054,"total_built_mass_tons":944338.958003024,"city_id":10091,"country_iso":"CHN"},{"h3index":"87248b8edffffff","population_2015":113.2585443235,"total_built_mass_tons":53485.5851955518,"city_id":10091,"country_iso":"CHN"},{"h3index":"87248bbb0ffffff","population_2015":901.9470237302,"total_built_mass_tons":869936.0826260608,"city_id":10091,"country_iso":"CHN"},{"h3index":"87248bbb4ffffff","population_2015":10146.2738635531,"total_built_mass_tons":2600998.4775956376,"city_id":10091,"country_iso":"CHN"},{"h3index":"87248bbb5ffffff","population_2015":4127.8754645628,"total_built_mass_tons":581257.9633796217,"city_id":10091,"country_iso":"CHN"},{"h3index":"87248bbb6ffffff","population_2015":1388.9660596062,"total_built_mass_tons":1337214.7384907934,"city_id":10091,"country_iso":"CHN"}]