[{"h3index":"87961e1a1ffffff","population_2015":93.8625248318,"total_built_mass_tons":230761.4521048335,"city_id":4131,"country_iso":"ZMB"},{"h3index":"87961e1a8ffffff","population_2015":4.2852359201,"total_built_mass_tons":4984.1503835099,"city_id":4131,"country_iso":"ZMB"},{"h3index":"87961e1acffffff","population_2015":11.5078682801,"total_built_mass_tons":15493.1698041863,"city_id":4131,"country_iso":"ZMB"},{"h3index":"87961e1aeffffff","population_2015":112.5737666336,"total_built_mass_tons":197513.0774815495,"city_id":4131,"country_iso":"ZMB"}]