[{"h3index": "873020900ffffff", "population_2015": 4294.568106966393, "total_built_mass_tons": 738735.1697808265, "city_id": 11318, "country_iso": "CHN"}, {"h3index": "873020902ffffff", "population_2015": 912.8246301057292, "total_built_mass_tons": 560518.5674071389, "city_id": 11318, "country_iso": "CHN"}, {"h3index": "873020904ffffff", "population_2015": 298.61965089685776, "total_built_mass_tons": 557194.369919063, "city_id": 11318, "country_iso": "CHN"}, {"h3index": "873020906ffffff", "population_2015": 8857.317276765787, "total_built_mass_tons": 2275352.2697059484, "city_id": 11318, "country_iso": "CHN"}, {"h3index": "873020910ffffff", "population_2015": 3659.436746493975, "total_built_mass_tons": 1996852.8909539909, "city_id": 11318, "country_iso": "CHN"}, {"h3index": "873020911ffffff", "population_2015": 14.274894859744052, "total_built_mass_tons": 29081.025455596635, "city_id": 11318, "country_iso": "CHN"}, {"h3index": "873020912ffffff", "population_2015": 168.4877909697738, "total_built_mass_tons": 129627.15118682128, "city_id": 11318, "country_iso": "CHN"}, {"h3index": "873020913ffffff", "population_2015": 106.17223179059869, "total_built_mass_tons": 126160.06138225472, "city_id": 11318, "country_iso": "CHN"}, {"h3index": "873020914ffffff", "population_2015": 12301.560683921736, "total_built_mass_tons": 4143789.996829999, "city_id": 11318, "country_iso": "CHN"}, {"h3index": "873020915ffffff", "population_2015": 6416.825216497159, "total_built_mass_tons": 1850857.354936039, "city_id": 11318, "country_iso": "CHN"}, {"h3index": "873020916ffffff", "population_2015": 2.925719766055836, "total_built_mass_tons": 4069.0512898735096, "city_id": 11318, "country_iso": "CHN"}, {"h3index": "873020930ffffff", "population_2015": 3501.604475941378, "total_built_mass_tons": 703235.8783878508, "city_id": 11318, "country_iso": "CHN"}, {"h3index": "873020931ffffff", "population_2015": 812.5305698343353, "total_built_mass_tons": 483212.2265877806, "city_id": 11318, "country_iso": "CHN"}, {"h3index": "873020932ffffff", "population_2015": 1926.0766278734384, "total_built_mass_tons": 840836.4687507765, "city_id": 11318, "country_iso": "CHN"}, {"h3index": "873020933ffffff", "population_2015": 13437.572093909395, "total_built_mass_tons": 4458548.612995588, "city_id": 11318, "country_iso": "CHN"}, {"h3index": "873024649ffffff", "population_2015": 376.286122006061, "total_built_mass_tons": 206095.5166225811, "city_id": 11318, "country_iso": "CHN"}]