[{"h3index": "87269c111ffffff", "population_2015": 34.93107157996764, "total_built_mass_tons": 42338.01180380522, "city_id": 229, "country_iso": "USA"}, {"h3index": "87269c112ffffff", "population_2015": 152.17449875671932, "total_built_mass_tons": 290362.0673889951, "city_id": 229, "country_iso": "USA"}, {"h3index": "87269c113ffffff", "population_2015": 3829.990711798739, "total_built_mass_tons": 1566206.7390943212, "city_id": 229, "country_iso": "USA"}, {"h3index": "87269c118ffffff", "population_2015": 8424.92678089183, "total_built_mass_tons": 2755382.524077227, "city_id": 229, "country_iso": "USA"}, {"h3index": "87269c11affffff", "population_2015": 6120.84351587142, "total_built_mass_tons": 2578579.353925707, "city_id": 229, "country_iso": "USA"}, {"h3index": "87269c11bffffff", "population_2015": 1134.2970441776745, "total_built_mass_tons": 471779.78144329134, "city_id": 229, "country_iso": "USA"}, {"h3index": "87269c11cffffff", "population_2015": 1022.3737563641632, "total_built_mass_tons": 730357.8521296718, "city_id": 229, "country_iso": "USA"}, {"h3index": "87269c11dffffff", "population_2015": 53.35088406842128, "total_built_mass_tons": 49746.35510467172, "city_id": 229, "country_iso": "USA"}, {"h3index": "87269c11effffff", "population_2015": 5408.323201049944, "total_built_mass_tons": 2785199.2299753977, "city_id": 229, "country_iso": "USA"}, {"h3index": "87269c180ffffff", "population_2015": 47.8250378519881, "total_built_mass_tons": 70536.34137666451, "city_id": 229, "country_iso": "USA"}, {"h3index": "87269c181ffffff", "population_2015": 27.957867914993383, "total_built_mass_tons": 44332.73287632371, "city_id": 229, "country_iso": "USA"}, {"h3index": "87269c184ffffff", "population_2015": 22.340357814174062, "total_built_mass_tons": 1175616.9123538488, "city_id": 229, "country_iso": "USA"}, {"h3index": "87269c185ffffff", "population_2015": 2360.9585754843547, "total_built_mass_tons": 2762096.417223626, "city_id": 229, "country_iso": "USA"}, {"h3index": "87269c1a0ffffff", "population_2015": 22.55409685823263, "total_built_mass_tons": 54389.35616306629, "city_id": 229, "country_iso": "USA"}, {"h3index": "87269c1a1ffffff", "population_2015": 3556.3704622244127, "total_built_mass_tons": 2377320.7280848855, "city_id": 229, "country_iso": "USA"}, {"h3index": "87269c1a2ffffff", "population_2015": 254.5282612823242, "total_built_mass_tons": 104296.38274352784, "city_id": 229, "country_iso": "USA"}, {"h3index": "87269c1a3ffffff", "population_2015": 3527.1160896727415, "total_built_mass_tons": 2876655.169010166, "city_id": 229, "country_iso": "USA"}, {"h3index": "87269c1a5ffffff", "population_2015": 922.9761299991138, "total_built_mass_tons": 567520.7612084334, "city_id": 229, "country_iso": "USA"}, {"h3index": "87269c1a8ffffff", "population_2015": 4186.93964518763, "total_built_mass_tons": 2808406.9680402824, "city_id": 229, "country_iso": "USA"}, {"h3index": "87269c1a9ffffff", "population_2015": 692.864125537814, "total_built_mass_tons": 265821.76329866523, "city_id": 229, "country_iso": "USA"}, {"h3index": "87269c1aaffffff", "population_2015": 1808.975544309148, "total_built_mass_tons": 2070580.43505569, "city_id": 229, "country_iso": "USA"}, {"h3index": "87269c1acffffff", "population_2015": 6536.0838593742565, "total_built_mass_tons": 3055013.0382225136, "city_id": 229, "country_iso": "USA"}, {"h3index": "87269c1adffffff", "population_2015": 6478.657823377627, "total_built_mass_tons": 3230136.758997051, "city_id": 229, "country_iso": "USA"}, {"h3index": "87269c1aeffffff", "population_2015": 9397.646105866164, "total_built_mass_tons": 4381232.388516715, "city_id": 229, "country_iso": "USA"}]