[{"h3index": "87694e186ffffff", "population_2015": 113.07683635038488, "total_built_mass_tons": 11909.696069651543, "city_id": 12847, "country_iso": "PHL"}, {"h3index": "87694e194ffffff", "population_2015": 3321.2220620248836, "total_built_mass_tons": 235521.8252682178, "city_id": 12847, "country_iso": "PHL"}, {"h3index": "87694e195ffffff", "population_2015": 2912.8003488334957, "total_built_mass_tons": 413594.662609707, "city_id": 12847, "country_iso": "PHL"}, {"h3index": "87694e196ffffff", "population_2015": 3236.9535155015833, "total_built_mass_tons": 198788.7374742703, "city_id": 12847, "country_iso": "PHL"}, {"h3index": "87694e1b0ffffff", "population_2015": 2642.701735492781, "total_built_mass_tons": 512712.0544652099, "city_id": 12847, "country_iso": "PHL"}, {"h3index": "87694e1b2ffffff", "population_2015": 8138.156193594837, "total_built_mass_tons": 412540.5619813416, "city_id": 12847, "country_iso": "PHL"}, {"h3index": "87694e1b3ffffff", "population_2015": 323.8083487678976, "total_built_mass_tons": 92977.66004080542, "city_id": 12847, "country_iso": "PHL"}, {"h3index": "87694e1b6ffffff", "population_2015": 8265.540957536885, "total_built_mass_tons": 579614.4892727874, "city_id": 12847, "country_iso": "PHL"}, {"h3index": "87694ecc9ffffff", "population_2015": 30883.124730398144, "total_built_mass_tons": 1188268.661618071, "city_id": 12847, "country_iso": "PHL"}, {"h3index": "87694eccdffffff", "population_2015": 10273.591386757642, "total_built_mass_tons": 555194.4848164205, "city_id": 12847, "country_iso": "PHL"}]