[{"h3index":"8740e2c1bffffff","population_2015":549.2478625802,"total_built_mass_tons":286901.255371026,"city_id":10396,"country_iso":"CHN"},{"h3index":"8740e2cc6ffffff","population_2015":111.5472063925,"total_built_mass_tons":45195.7502750909,"city_id":10396,"country_iso":"CHN"},{"h3index":"8740e2cd4ffffff","population_2015":2372.3225008796,"total_built_mass_tons":850273.7838366055,"city_id":10396,"country_iso":"CHN"},{"h3index":"8740e2cd5ffffff","population_2015":21.9909863996,"total_built_mass_tons":17555.0468302427,"city_id":10396,"country_iso":"CHN"},{"h3index":"8740e2ce2ffffff","population_2015":4070.144168347,"total_built_mass_tons":1056617.943461129,"city_id":10396,"country_iso":"CHN"},{"h3index":"8740e2ce4ffffff","population_2015":427.99426605,"total_built_mass_tons":437362.6408271487,"city_id":10396,"country_iso":"CHN"},{"h3index":"8740e2ce6ffffff","population_2015":1071.9634928096,"total_built_mass_tons":630257.712730156,"city_id":10396,"country_iso":"CHN"},{"h3index":"8740e2cf0ffffff","population_2015":63128.9225141637,"total_built_mass_tons":4497522.0480588973,"city_id":10396,"country_iso":"CHN"},{"h3index":"8740e2cf1ffffff","population_2015":23673.8367667329,"total_built_mass_tons":2104056.3916685944,"city_id":10396,"country_iso":"CHN"},{"h3index":"8740e2cf2ffffff","population_2015":8598.7312184063,"total_built_mass_tons":605582.2280990703,"city_id":10396,"country_iso":"CHN"},{"h3index":"8740e2cf3ffffff","population_2015":8382.152278025,"total_built_mass_tons":709391.361454743,"city_id":10396,"country_iso":"CHN"},{"h3index":"8740e2cf4ffffff","population_2015":743.3689381076,"total_built_mass_tons":187242.6067640988,"city_id":10396,"country_iso":"CHN"},{"h3index":"8740e2cf5ffffff","population_2015":17075.2775902767,"total_built_mass_tons":7475740.7930073598,"city_id":10396,"country_iso":"CHN"},{"h3index":"8740e2cf6ffffff","population_2015":28.8487935384,"total_built_mass_tons":2668.0296718071,"city_id":10396,"country_iso":"CHN"}]