[{"h3index":"87195c8c1ffffff","population_2015":2383.4586239375,"total_built_mass_tons":1136100.0119758782,"city_id":1831,"country_iso":"GBR"},{"h3index":"87195c8c5ffffff","population_2015":8740.9181087307,"total_built_mass_tons":3571667.031701779,"city_id":1831,"country_iso":"GBR"},{"h3index":"87195c8ccffffff","population_2015":0.0714219128,"total_built_mass_tons":7528.4952654033,"city_id":1831,"country_iso":"GBR"},{"h3index":"87195c8e0ffffff","population_2015":1416.592660371,"total_built_mass_tons":390643.0704205222,"city_id":1831,"country_iso":"GBR"},{"h3index":"87195c8e1ffffff","population_2015":1715.8034990061,"total_built_mass_tons":1176532.311524217,"city_id":1831,"country_iso":"GBR"},{"h3index":"87195c8e2ffffff","population_2015":5.7675180697,"total_built_mass_tons":2827.2590177754,"city_id":1831,"country_iso":"GBR"},{"h3index":"87195c8e3ffffff","population_2015":13438.4813745078,"total_built_mass_tons":3058534.2390653598,"city_id":1831,"country_iso":"GBR"},{"h3index":"87195c8e5ffffff","population_2015":0.4083033543,"total_built_mass_tons":721.9782117316,"city_id":1831,"country_iso":"GBR"},{"h3index":"87195c8e8ffffff","population_2015":2313.0239439378,"total_built_mass_tons":635686.483549358,"city_id":1831,"country_iso":"GBR"},{"h3index":"87195c8eaffffff","population_2015":9358.1207455581,"total_built_mass_tons":2184390.7626803997,"city_id":1831,"country_iso":"GBR"},{"h3index":"87195c8ebffffff","population_2015":0.0980481497,"total_built_mass_tons":3389.7313997136,"city_id":1831,"country_iso":"GBR"},{"h3index":"87195c8ecffffff","population_2015":3838.8067746363,"total_built_mass_tons":811990.0262896685,"city_id":1831,"country_iso":"GBR"},{"h3index":"87195c8eeffffff","population_2015":4712.1411442564,"total_built_mass_tons":3392257.5644577602,"city_id":1831,"country_iso":"GBR"}]