[{"h3index":"87245b590ffffff","population_2015":1.2325141907,"total_built_mass_tons":12004.8480613981,"city_id":10237,"country_iso":"CHN"},{"h3index":"87245b591ffffff","population_2015":8043.6838586527,"total_built_mass_tons":1534902.0545914164,"city_id":10237,"country_iso":"CHN"},{"h3index":"87245b593ffffff","population_2015":0.0324741588,"total_built_mass_tons":70138.3173908126,"city_id":10237,"country_iso":"CHN"},{"h3index":"87245b59cffffff","population_2015":1899.6890754438,"total_built_mass_tons":728451.2546598916,"city_id":10237,"country_iso":"CHN"},{"h3index":"87245b59effffff","population_2015":5673.1772357941,"total_built_mass_tons":1210795.8952419015,"city_id":10237,"country_iso":"CHN"}]