[{"h3index":"8724da462ffffff","population_2015":22.5915086957,"total_built_mass_tons":59325.4683118458,"city_id":10279,"country_iso":"CHN"},{"h3index":"8724da470ffffff","population_2015":7489.7485258514,"total_built_mass_tons":1796386.8203087505,"city_id":10279,"country_iso":"CHN"},{"h3index":"8724da471ffffff","population_2015":3722.9133268197,"total_built_mass_tons":618328.8968540737,"city_id":10279,"country_iso":"CHN"},{"h3index":"8724da475ffffff","population_2015":6097.7960868104,"total_built_mass_tons":774184.9369202564,"city_id":10279,"country_iso":"CHN"},{"h3index":"8724da476ffffff","population_2015":1513.3040181861,"total_built_mass_tons":849966.3067503909,"city_id":10279,"country_iso":"CHN"}]