[{"h3index":"873da1700ffffff","population_2015":1510.9373427859,"total_built_mass_tons":386045.468485042,"city_id":7064,"country_iso":"IND"},{"h3index":"873da1702ffffff","population_2015":630.2431289224,"total_built_mass_tons":177634.3821443167,"city_id":7064,"country_iso":"IND"},{"h3index":"873da1704ffffff","population_2015":979.2721793025,"total_built_mass_tons":231918.0921969957,"city_id":7064,"country_iso":"IND"},{"h3index":"873da1706ffffff","population_2015":3604.5857185252,"total_built_mass_tons":673636.1169039845,"city_id":7064,"country_iso":"IND"},{"h3index":"873da1715ffffff","population_2015":401.8305161757,"total_built_mass_tons":89641.009424214,"city_id":7064,"country_iso":"IND"},{"h3index":"873da1720ffffff","population_2015":903.8026895542,"total_built_mass_tons":439314.2492699557,"city_id":7064,"country_iso":"IND"},{"h3index":"873da1722ffffff","population_2015":1841.4252720515,"total_built_mass_tons":337037.8505496877,"city_id":7064,"country_iso":"IND"},{"h3index":"873da1723ffffff","population_2015":55.2570526497,"total_built_mass_tons":15412.6588514881,"city_id":7064,"country_iso":"IND"},{"h3index":"873da1731ffffff","population_2015":1390.6381003268,"total_built_mass_tons":242793.4290193269,"city_id":7064,"country_iso":"IND"},{"h3index":"873da1733ffffff","population_2015":2200.9776857376,"total_built_mass_tons":472635.3971300583,"city_id":7064,"country_iso":"IND"}]