[{"h3index": "873905a5bffffff", "population_2015": 1847.5849160904977, "total_built_mass_tons": 577922.813233305, "city_id": 1651, "country_iso": "ESP"}, {"h3index": "87392ad80ffffff", "population_2015": 8.379543747621424, "total_built_mass_tons": 10298.046012680845, "city_id": 1651, "country_iso": "ESP"}, {"h3index": "87392ad84ffffff", "population_2015": 2954.332390198053, "total_built_mass_tons": 1048245.794614306, "city_id": 1651, "country_iso": "ESP"}, {"h3index": "87392ad85ffffff", "population_2015": 244.32713693730977, "total_built_mass_tons": 99048.79239884518, "city_id": 1651, "country_iso": "ESP"}, {"h3index": "87392ada0ffffff", "population_2015": 24436.40785786124, "total_built_mass_tons": 4494466.709786272, "city_id": 1651, "country_iso": "ESP"}, {"h3index": "87392ada1ffffff", "population_2015": 14.831199645996094, "total_built_mass_tons": 29303.445730481133, "city_id": 1651, "country_iso": "ESP"}, {"h3index": "87392ada2ffffff", "population_2015": 24696.493538858384, "total_built_mass_tons": 5345004.808142409, "city_id": 1651, "country_iso": "ESP"}, {"h3index": "87392ada3ffffff", "population_2015": 2489.000969950358, "total_built_mass_tons": 801356.4475359394, "city_id": 1651, "country_iso": "ESP"}, {"h3index": "87392ada4ffffff", "population_2015": 505.717955234004, "total_built_mass_tons": 123396.16430299883, "city_id": 1651, "country_iso": "ESP"}, {"h3index": "87392ada6ffffff", "population_2015": 34894.85844457477, "total_built_mass_tons": 6214740.760877881, "city_id": 1651, "country_iso": "ESP"}, {"h3index": "87392adb1ffffff", "population_2015": 4317.019849363961, "total_built_mass_tons": 1285056.9927389943, "city_id": 1651, "country_iso": "ESP"}, {"h3index": "87392adb4ffffff", "population_2015": 20.793822785919787, "total_built_mass_tons": 9977.024355076788, "city_id": 1651, "country_iso": "ESP"}, {"h3index": "87392adb5ffffff", "population_2015": 11759.101573160578, "total_built_mass_tons": 1976239.5839696769, "city_id": 1651, "country_iso": "ESP"}]