[{"h3index": "876011209ffffff", "population_2015": 151.44707489013672, "total_built_mass_tons": 151275.52269994706, "city_id": 7496, "country_iso": "IND"}, {"h3index": "87601120affffff", "population_2015": 210.80212107639687, "total_built_mass_tons": 58556.94511977056, "city_id": 7496, "country_iso": "IND"}, {"h3index": "87601120dffffff", "population_2015": 73.23382186889648, "total_built_mass_tons": 76548.44861100247, "city_id": 7496, "country_iso": "IND"}, {"h3index": "876011219ffffff", "population_2015": 54.29870367237166, "total_built_mass_tons": 32091.383460922058, "city_id": 7496, "country_iso": "IND"}, {"h3index": "876011229ffffff", "population_2015": 368.8035084219539, "total_built_mass_tons": 368062.4293266031, "city_id": 7496, "country_iso": "IND"}, {"h3index": "87601122bffffff", "population_2015": 38.688119888305664, "total_built_mass_tons": 109176.60049912868, "city_id": 7496, "country_iso": "IND"}, {"h3index": "87601122cffffff", "population_2015": 63.815496190389, "total_built_mass_tons": 20267.25489360781, "city_id": 7496, "country_iso": "IND"}, {"h3index": "87601122dffffff", "population_2015": 191.9465036392212, "total_built_mass_tons": 54139.77672545602, "city_id": 7496, "country_iso": "IND"}, {"h3index": "876011246ffffff", "population_2015": 147.55084381851495, "total_built_mass_tons": 18397.135864078427, "city_id": 7496, "country_iso": "IND"}, {"h3index": "876011250ffffff", "population_2015": 7247.306303704954, "total_built_mass_tons": 969098.9824771592, "city_id": 7496, "country_iso": "IND"}, {"h3index": "876011251ffffff", "population_2015": 261.0837291044347, "total_built_mass_tons": 51649.57771960274, "city_id": 7496, "country_iso": "IND"}, {"h3index": "876011252ffffff", "population_2015": 5826.9938997904455, "total_built_mass_tons": 1093821.3403638336, "city_id": 7496, "country_iso": "IND"}, {"h3index": "876011253ffffff", "population_2015": 1910.1946265463737, "total_built_mass_tons": 206366.98541299507, "city_id": 7496, "country_iso": "IND"}, {"h3index": "876011254ffffff", "population_2015": 1759.8820203145349, "total_built_mass_tons": 297387.277073907, "city_id": 7496, "country_iso": "IND"}, {"h3index": "876011255ffffff", "population_2015": 1285.3719295352114, "total_built_mass_tons": 382354.2860801874, "city_id": 7496, "country_iso": "IND"}, {"h3index": "876011256ffffff", "population_2015": 1377.0302564284375, "total_built_mass_tons": 188276.10318899195, "city_id": 7496, "country_iso": "IND"}, {"h3index": "876011262ffffff", "population_2015": 905.8790414548388, "total_built_mass_tons": 109023.2297752722, "city_id": 7496, "country_iso": "IND"}, {"h3index": "876011264ffffff", "population_2015": 1151.321178301643, "total_built_mass_tons": 172196.02032109478, "city_id": 7496, "country_iso": "IND"}, {"h3index": "876011266ffffff", "population_2015": 2309.021014897964, "total_built_mass_tons": 457138.7689521833, "city_id": 7496, "country_iso": "IND"}, {"h3index": "876011270ffffff", "population_2015": 12879.846714333928, "total_built_mass_tons": 2365780.044800161, "city_id": 7496, "country_iso": "IND"}, {"h3index": "876011271ffffff", "population_2015": 6509.911656473198, "total_built_mass_tons": 1068556.757033653, "city_id": 7496, "country_iso": "IND"}, {"h3index": "876011272ffffff", "population_2015": 1175.4796359791476, "total_built_mass_tons": 577204.7329507527, "city_id": 7496, "country_iso": "IND"}, {"h3index": "876011273ffffff", "population_2015": 3827.1919913123634, "total_built_mass_tons": 1328976.2544618528, "city_id": 7496, "country_iso": "IND"}, {"h3index": "876011274ffffff", "population_2015": 6536.977260484882, "total_built_mass_tons": 1823559.5554481472, "city_id": 7496, "country_iso": "IND"}, {"h3index": "876011275ffffff", "population_2015": 22559.24943037594, "total_built_mass_tons": 3326054.9948145994, "city_id": 7496, "country_iso": "IND"}, {"h3index": "876011276ffffff", "population_2015": 631.5881664874507, "total_built_mass_tons": 354261.06199594005, "city_id": 7496, "country_iso": "IND"}, {"h3index": "8760112c1ffffff", "population_2015": 112.5835329242781, "total_built_mass_tons": 63026.990683497796, "city_id": 7496, "country_iso": "IND"}, {"h3index": "8760112ccffffff", "population_2015": 126.10630654727711, "total_built_mass_tons": 18932.190862858803, "city_id": 7496, "country_iso": "IND"}, {"h3index": "8760112e0ffffff", "population_2015": 7375.528322631238, "total_built_mass_tons": 1523908.9081009552, "city_id": 7496, "country_iso": "IND"}, {"h3index": "8760112e1ffffff", "population_2015": 1940.166910941928, "total_built_mass_tons": 181231.5337239271, "city_id": 7496, "country_iso": "IND"}, {"h3index": "8760112e2ffffff", "population_2015": 506.68527595669616, "total_built_mass_tons": 81018.18298684522, "city_id": 7496, "country_iso": "IND"}, {"h3index": "8760112e4ffffff", "population_2015": 124.97851896099016, "total_built_mass_tons": 29277.027900921355, "city_id": 7496, "country_iso": "IND"}, {"h3index": "8760112e5ffffff", "population_2015": 3260.22477014579, "total_built_mass_tons": 477689.48999776953, "city_id": 7496, "country_iso": "IND"}, {"h3index": "8760112e6ffffff", "population_2015": 1286.752560492123, "total_built_mass_tons": 218413.8757613205, "city_id": 7496, "country_iso": "IND"}, {"h3index": "8760112e8ffffff", "population_2015": 370.23660639594584, "total_built_mass_tons": 106356.85695707652, "city_id": 7496, "country_iso": "IND"}, {"h3index": "8760112eaffffff", "population_2015": 312.99686277800913, "total_built_mass_tons": 61931.939592317736, "city_id": 7496, "country_iso": "IND"}, {"h3index": "8760112ecffffff", "population_2015": 779.7110769122254, "total_built_mass_tons": 267074.8220370714, "city_id": 7496, "country_iso": "IND"}, {"h3index": "8760112eeffffff", "population_2015": 224.21642426883471, "total_built_mass_tons": 53696.75837804, "city_id": 7496, "country_iso": "IND"}, {"h3index": "876011343ffffff", "population_2015": 55.96277805777157, "total_built_mass_tons": 24974.537125273575, "city_id": 7496, "country_iso": "IND"}, {"h3index": "87601134affffff", "population_2015": 271.0074234195784, "total_built_mass_tons": 66428.0824108675, "city_id": 7496, "country_iso": "IND"}, {"h3index": "87601134cffffff", "population_2015": 31.963293075561523, "total_built_mass_tons": 13904.82639957271, "city_id": 7496, "country_iso": "IND"}, {"h3index": "87601134effffff", "population_2015": 34.13662338256836, "total_built_mass_tons": 81280.81158333385, "city_id": 7496, "country_iso": "IND"}, {"h3index": "876011359ffffff", "population_2015": 1053.0746828789804, "total_built_mass_tons": 229668.41153706796, "city_id": 7496, "country_iso": "IND"}, {"h3index": "87601135affffff", "population_2015": 80.05884285721125, "total_built_mass_tons": 44972.02287535735, "city_id": 7496, "country_iso": "IND"}, {"h3index": "87601135bffffff", "population_2015": 3118.230452354282, "total_built_mass_tons": 535679.0009692318, "city_id": 7496, "country_iso": "IND"}, {"h3index": "87601135dffffff", "population_2015": 103.26069579778932, "total_built_mass_tons": 138104.2115819679, "city_id": 7496, "country_iso": "IND"}]