[{"h3index":"87618b600ffffff","population_2015":3509.6511810752,"total_built_mass_tons":534857.8418188691,"city_id":8186,"country_iso":"IND"},{"h3index":"87618b602ffffff","population_2015":6424.0973818611,"total_built_mass_tons":905211.4758236606,"city_id":8186,"country_iso":"IND"},{"h3index":"87618b603ffffff","population_2015":154.062085305,"total_built_mass_tons":27516.3960147048,"city_id":8186,"country_iso":"IND"},{"h3index":"87618b606ffffff","population_2015":174.6426195257,"total_built_mass_tons":29672.7082756652,"city_id":8186,"country_iso":"IND"}]