[{"h3index": "873e60500ffffff", "population_2015": 844.415243066526, "total_built_mass_tons": 92654.49878740034, "city_id": 3968, "country_iso": "EGY"}, {"h3index": "873e60504ffffff", "population_2015": 20088.047771734346, "total_built_mass_tons": 1446819.9408785778, "city_id": 3968, "country_iso": "EGY"}, {"h3index": "873e60505ffffff", "population_2015": 1209.358937155032, "total_built_mass_tons": 203103.21347913443, "city_id": 3968, "country_iso": "EGY"}, {"h3index": "873e60506ffffff", "population_2015": 3377.2629568361763, "total_built_mass_tons": 331450.31665609794, "city_id": 3968, "country_iso": "EGY"}, {"h3index": "873e60520ffffff", "population_2015": 8852.118031685024, "total_built_mass_tons": 1117898.9633518648, "city_id": 3968, "country_iso": "EGY"}, {"h3index": "873e60521ffffff", "population_2015": 1516.5657927905809, "total_built_mass_tons": 356198.3032002406, "city_id": 3968, "country_iso": "EGY"}, {"h3index": "873e60522ffffff", "population_2015": 248045.93254339183, "total_built_mass_tons": 5361308.868261881, "city_id": 3968, "country_iso": "EGY"}, {"h3index": "873e60523ffffff", "population_2015": 9172.267688897076, "total_built_mass_tons": 1163198.9460875469, "city_id": 3968, "country_iso": "EGY"}, {"h3index": "873e60524ffffff", "population_2015": 1464.5543008018944, "total_built_mass_tons": 304415.32631335256, "city_id": 3968, "country_iso": "EGY"}, {"h3index": "873e60525ffffff", "population_2015": 940.7332319484038, "total_built_mass_tons": 148003.7221789361, "city_id": 3968, "country_iso": "EGY"}, {"h3index": "873e60526ffffff", "population_2015": 11510.394935884664, "total_built_mass_tons": 961162.4456959022, "city_id": 3968, "country_iso": "EGY"}, {"h3index": "873e60528ffffff", "population_2015": 1757.7549743502748, "total_built_mass_tons": 403637.8186202757, "city_id": 3968, "country_iso": "EGY"}, {"h3index": "873e6052affffff", "population_2015": 2983.94684232824, "total_built_mass_tons": 503368.1889924649, "city_id": 3968, "country_iso": "EGY"}, {"h3index": "873e6052cffffff", "population_2015": 16.697320713716394, "total_built_mass_tons": 24521.793228943825, "city_id": 3968, "country_iso": "EGY"}, {"h3index": "873e6052effffff", "population_2015": 4604.2985629474415, "total_built_mass_tons": 732945.0192588118, "city_id": 3968, "country_iso": "EGY"}, {"h3index": "873e60530ffffff", "population_2015": 4583.735139091343, "total_built_mass_tons": 571940.7264177377, "city_id": 3968, "country_iso": "EGY"}, {"h3index": "873e60531ffffff", "population_2015": 37523.23413970799, "total_built_mass_tons": 2195371.768179122, "city_id": 3968, "country_iso": "EGY"}, {"h3index": "873e60533ffffff", "population_2015": 727.1721720901191, "total_built_mass_tons": 158323.4826657375, "city_id": 3968, "country_iso": "EGY"}, {"h3index": "873e60534ffffff", "population_2015": 6197.786499876133, "total_built_mass_tons": 707779.6834886292, "city_id": 3968, "country_iso": "EGY"}, {"h3index": "873e60535ffffff", "population_2015": 83091.53888052398, "total_built_mass_tons": 4834611.648911979, "city_id": 3968, "country_iso": "EGY"}, {"h3index": "873e60c92ffffff", "population_2015": 701.1859043495328, "total_built_mass_tons": 199259.58540523017, "city_id": 3968, "country_iso": "EGY"}, {"h3index": "873e60c93ffffff", "population_2015": 343.1213962293138, "total_built_mass_tons": 131065.38305878456, "city_id": 3968, "country_iso": "EGY"}, {"h3index": "873e60c98ffffff", "population_2015": 2263.675697902605, "total_built_mass_tons": 290001.5990725702, "city_id": 3968, "country_iso": "EGY"}, {"h3index": "873e60c9affffff", "population_2015": 6589.250512553198, "total_built_mass_tons": 693270.9093152627, "city_id": 3968, "country_iso": "EGY"}, {"h3index": "873e60c9bffffff", "population_2015": 8307.860948914173, "total_built_mass_tons": 815863.1000222684, "city_id": 3968, "country_iso": "EGY"}, {"h3index": "873e60c9effffff", "population_2015": 418.6915055443259, "total_built_mass_tons": 152272.09294532935, "city_id": 3968, "country_iso": "EGY"}, {"h3index": "873e60cd2ffffff", "population_2015": 2.641072449029661, "total_built_mass_tons": 963.8078633294076, "city_id": 3968, "country_iso": "EGY"}, {"h3index": "873e66261ffffff", "population_2015": 51.06511423821543, "total_built_mass_tons": 25087.04277593005, "city_id": 3968, "country_iso": "EGY"}, {"h3index": "873e66269ffffff", "population_2015": 6628.7842726090375, "total_built_mass_tons": 1001944.204737482, "city_id": 3968, "country_iso": "EGY"}, {"h3index": "873e6626cffffff", "population_2015": 1197.6983265708473, "total_built_mass_tons": 245924.98118426296, "city_id": 3968, "country_iso": "EGY"}, {"h3index": "873e6626dffffff", "population_2015": 4228.059798954982, "total_built_mass_tons": 569722.8227794941, "city_id": 3968, "country_iso": "EGY"}]