[{"h3index":"873daca20ffffff","population_2015":9167.9855038512,"total_built_mass_tons":824275.8210463468,"city_id":7208,"country_iso":"IND"},{"h3index":"873daca21ffffff","population_2015":9150.6704719656,"total_built_mass_tons":871194.8010715835,"city_id":7208,"country_iso":"IND"},{"h3index":"873daca23ffffff","population_2015":808.2619587693,"total_built_mass_tons":88014.3418359237,"city_id":7208,"country_iso":"IND"},{"h3index":"873daca25ffffff","population_2015":945.6235491584,"total_built_mass_tons":108920.4035782445,"city_id":7208,"country_iso":"IND"},{"h3index":"873dacb52ffffff","population_2015":38.0327214222,"total_built_mass_tons":20770.1282306107,"city_id":7208,"country_iso":"IND"}]