[{"h3index": "872b8148bffffff", "population_2015": 3.832658693413524, "total_built_mass_tons": 36482.785954835024, "city_id": 989, "country_iso": "CAN"}, {"h3index": "872b814d2ffffff", "population_2015": 2951.5315686394774, "total_built_mass_tons": 1072650.264637044, "city_id": 989, "country_iso": "CAN"}, {"h3index": "872b814d6ffffff", "population_2015": 4420.613946196319, "total_built_mass_tons": 1523872.7394179609, "city_id": 989, "country_iso": "CAN"}, {"h3index": "872b83a00ffffff", "population_2015": 817.1520630028317, "total_built_mass_tons": 236477.5581994464, "city_id": 989, "country_iso": "CAN"}, {"h3index": "872b83a04ffffff", "population_2015": 15230.221896330697, "total_built_mass_tons": 3730106.241319976, "city_id": 989, "country_iso": "CAN"}, {"h3index": "872b83a05ffffff", "population_2015": 3275.7819417490687, "total_built_mass_tons": 913925.3014099736, "city_id": 989, "country_iso": "CAN"}, {"h3index": "872b83a06ffffff", "population_2015": 3373.170052209716, "total_built_mass_tons": 1312828.7958655378, "city_id": 989, "country_iso": "CAN"}, {"h3index": "872b83a20ffffff", "population_2015": 14901.858207169704, "total_built_mass_tons": 3994847.404948175, "city_id": 989, "country_iso": "CAN"}, {"h3index": "872b83a21ffffff", "population_2015": 7189.647493433718, "total_built_mass_tons": 3688656.557544737, "city_id": 989, "country_iso": "CAN"}, {"h3index": "872b83a22ffffff", "population_2015": 12159.992601876163, "total_built_mass_tons": 3349954.817307628, "city_id": 989, "country_iso": "CAN"}, {"h3index": "872b83a23ffffff", "population_2015": 14115.298795772998, "total_built_mass_tons": 3643491.988934896, "city_id": 989, "country_iso": "CAN"}, {"h3index": "872b83a24ffffff", "population_2015": 11147.351286414088, "total_built_mass_tons": 2611773.040510429, "city_id": 989, "country_iso": "CAN"}, {"h3index": "872b83a25ffffff", "population_2015": 13457.262284828636, "total_built_mass_tons": 3277638.1835660837, "city_id": 989, "country_iso": "CAN"}, {"h3index": "872b83a26ffffff", "population_2015": 14931.819982587122, "total_built_mass_tons": 4144145.635960739, "city_id": 989, "country_iso": "CAN"}, {"h3index": "872b83a2cffffff", "population_2015": 543.4926119040041, "total_built_mass_tons": 1288848.2995202276, "city_id": 989, "country_iso": "CAN"}, {"h3index": "872b83a2effffff", "population_2015": 809.7652598430129, "total_built_mass_tons": 267516.72479308856, "city_id": 989, "country_iso": "CAN"}, {"h3index": "872b83a31ffffff", "population_2015": 13089.205184486334, "total_built_mass_tons": 2050367.7654235985, "city_id": 989, "country_iso": "CAN"}, {"h3index": "872b83a33ffffff", "population_2015": 1191.0345401756904, "total_built_mass_tons": 458928.4866354675, "city_id": 989, "country_iso": "CAN"}, {"h3index": "872b83a35ffffff", "population_2015": 3771.6856448573226, "total_built_mass_tons": 826270.0143132913, "city_id": 989, "country_iso": "CAN"}, {"h3index": "872b83b00ffffff", "population_2015": 7010.031793763592, "total_built_mass_tons": 2309703.3605050854, "city_id": 989, "country_iso": "CAN"}, {"h3index": "872b83b01ffffff", "population_2015": 16907.645978180102, "total_built_mass_tons": 3024810.367922363, "city_id": 989, "country_iso": "CAN"}, {"h3index": "872b83b02ffffff", "population_2015": 8447.165216753414, "total_built_mass_tons": 3482604.619352305, "city_id": 989, "country_iso": "CAN"}, {"h3index": "872b83b03ffffff", "population_2015": 7266.672843570451, "total_built_mass_tons": 2778250.5285682417, "city_id": 989, "country_iso": "CAN"}, {"h3index": "872b83b04ffffff", "population_2015": 12092.524915203569, "total_built_mass_tons": 4016225.128570988, "city_id": 989, "country_iso": "CAN"}, {"h3index": "872b83b05ffffff", "population_2015": 752.1939064259622, "total_built_mass_tons": 471591.3503205795, "city_id": 989, "country_iso": "CAN"}, {"h3index": "872b83b06ffffff", "population_2015": 13570.26768157343, "total_built_mass_tons": 4188754.0587583976, "city_id": 989, "country_iso": "CAN"}, {"h3index": "872b83b08ffffff", "population_2015": 17261.614477514548, "total_built_mass_tons": 3881366.591726155, "city_id": 989, "country_iso": "CAN"}, {"h3index": "872b83b09ffffff", "population_2015": 15093.98019861474, "total_built_mass_tons": 3499230.3103426164, "city_id": 989, "country_iso": "CAN"}, {"h3index": "872b83b0affffff", "population_2015": 22320.926864046203, "total_built_mass_tons": 5269641.376422628, "city_id": 989, "country_iso": "CAN"}, {"h3index": "872b83b0bffffff", "population_2015": 3668.9416856969983, "total_built_mass_tons": 2549983.9339463143, "city_id": 989, "country_iso": "CAN"}, {"h3index": "872b83b0cffffff", "population_2015": 18221.486634182933, "total_built_mass_tons": 4494962.9846683955, "city_id": 989, "country_iso": "CAN"}, {"h3index": "872b83b0dffffff", "population_2015": 9691.730813970164, "total_built_mass_tons": 3679684.476711739, "city_id": 989, "country_iso": "CAN"}, {"h3index": "872b83b0effffff", "population_2015": 29914.368622371258, "total_built_mass_tons": 7482711.197225031, "city_id": 989, "country_iso": "CAN"}, {"h3index": "872b83b10ffffff", "population_2015": 2801.418185811884, "total_built_mass_tons": 552279.288235572, "city_id": 989, "country_iso": "CAN"}, {"h3index": "872b83b11ffffff", "population_2015": 8365.479150883823, "total_built_mass_tons": 1923042.5252035416, "city_id": 989, "country_iso": "CAN"}, {"h3index": "872b83b13ffffff", "population_2015": 43.43532619032205, "total_built_mass_tons": 44787.44557810587, "city_id": 989, "country_iso": "CAN"}, {"h3index": "872b83b14ffffff", "population_2015": 507.24664288058005, "total_built_mass_tons": 235897.63529297628, "city_id": 989, "country_iso": "CAN"}, {"h3index": "872b83b15ffffff", "population_2015": 3258.0331995420593, "total_built_mass_tons": 1765584.6127309112, "city_id": 989, "country_iso": "CAN"}, {"h3index": "872b83b18ffffff", "population_2015": 6659.3071070105425, "total_built_mass_tons": 1485963.0500022636, "city_id": 989, "country_iso": "CAN"}, {"h3index": "872b83b19ffffff", "population_2015": 12978.103907056182, "total_built_mass_tons": 3640567.812731261, "city_id": 989, "country_iso": "CAN"}, {"h3index": "872b83b1affffff", "population_2015": 29.501555665334067, "total_built_mass_tons": 35825.52162631018, "city_id": 989, "country_iso": "CAN"}, {"h3index": "872b83b1bffffff", "population_2015": 11.330576234705308, "total_built_mass_tons": 89436.2027727066, "city_id": 989, "country_iso": "CAN"}, {"h3index": "872b83b1cffffff", "population_2015": 9819.873733896562, "total_built_mass_tons": 2882929.8660445944, "city_id": 989, "country_iso": "CAN"}, {"h3index": "872b83b1dffffff", "population_2015": 6040.138378870954, "total_built_mass_tons": 2708565.9337870334, "city_id": 989, "country_iso": "CAN"}, {"h3index": "872b83b1effffff", "population_2015": 9087.735787990396, "total_built_mass_tons": 2297252.3539381707, "city_id": 989, "country_iso": "CAN"}, {"h3index": "872b83b20ffffff", "population_2015": 8483.922144763143, "total_built_mass_tons": 2304480.597192026, "city_id": 989, "country_iso": "CAN"}, {"h3index": "872b83b21ffffff", "population_2015": 2557.7494250148534, "total_built_mass_tons": 1400860.9108391143, "city_id": 989, "country_iso": "CAN"}, {"h3index": "872b83b22ffffff", "population_2015": 9926.474830398898, "total_built_mass_tons": 2482464.132938917, "city_id": 989, "country_iso": "CAN"}, {"h3index": "872b83b23ffffff", "population_2015": 7196.76558866478, "total_built_mass_tons": 3098664.251879742, "city_id": 989, "country_iso": "CAN"}, {"h3index": "872b83b25ffffff", "population_2015": 4173.518940806155, "total_built_mass_tons": 1211717.8542379397, "city_id": 989, "country_iso": "CAN"}, {"h3index": "872b83b26ffffff", "population_2015": 199.89364943597823, "total_built_mass_tons": 244848.66623814392, "city_id": 989, "country_iso": "CAN"}, {"h3index": "872b83b28ffffff", "population_2015": 9453.280014671984, "total_built_mass_tons": 3083543.657826162, "city_id": 989, "country_iso": "CAN"}, {"h3index": "872b83b29ffffff", "population_2015": 4929.507635037016, "total_built_mass_tons": 1750642.4604219634, "city_id": 989, "country_iso": "CAN"}, {"h3index": "872b83b2affffff", "population_2015": 17550.684629852167, "total_built_mass_tons": 3211903.1343273376, "city_id": 989, "country_iso": "CAN"}, {"h3index": "872b83b2bffffff", "population_2015": 10308.065511444474, "total_built_mass_tons": 3825756.610685128, "city_id": 989, "country_iso": "CAN"}, {"h3index": "872b83b2cffffff", "population_2015": 3792.664656611225, "total_built_mass_tons": 1412778.0532230015, "city_id": 989, "country_iso": "CAN"}, {"h3index": "872b83b2dffffff", "population_2015": 4893.082688605047, "total_built_mass_tons": 1298638.766384214, "city_id": 989, "country_iso": "CAN"}, {"h3index": "872b83b2effffff", "population_2015": 69.95861798779784, "total_built_mass_tons": 766668.6232411937, "city_id": 989, "country_iso": "CAN"}, {"h3index": "872b83b31ffffff", "population_2015": 5595.900215980965, "total_built_mass_tons": 1777703.3955448507, "city_id": 989, "country_iso": "CAN"}, {"h3index": "872b83b32ffffff", "population_2015": 27.254357696981995, "total_built_mass_tons": 14615.435885129658, "city_id": 989, "country_iso": "CAN"}, {"h3index": "872b83b33ffffff", "population_2015": 5120.262413748576, "total_built_mass_tons": 1327158.827633414, "city_id": 989, "country_iso": "CAN"}, {"h3index": "872b83b50ffffff", "population_2015": 11735.149612163095, "total_built_mass_tons": 2343161.0187126333, "city_id": 989, "country_iso": "CAN"}, {"h3index": "872b83b52ffffff", "population_2015": 3341.504748887175, "total_built_mass_tons": 1422957.7547596944, "city_id": 989, "country_iso": "CAN"}, {"h3index": "872b83b54ffffff", "population_2015": 16378.726915596517, "total_built_mass_tons": 3508470.7201036303, "city_id": 989, "country_iso": "CAN"}, {"h3index": "872b83b55ffffff", "population_2015": 6352.050446242675, "total_built_mass_tons": 1594277.856876244, "city_id": 989, "country_iso": "CAN"}, {"h3index": "872b83b56ffffff", "population_2015": 8432.178345280072, "total_built_mass_tons": 2419978.2790665575, "city_id": 989, "country_iso": "CAN"}, {"h3index": "872b83b70ffffff", "population_2015": 726.6605141952269, "total_built_mass_tons": 1482209.751236175, "city_id": 989, "country_iso": "CAN"}, {"h3index": "872b83b72ffffff", "population_2015": 8707.467961678198, "total_built_mass_tons": 3343917.5488594873, "city_id": 989, "country_iso": "CAN"}, {"h3index": "872b83b73ffffff", "population_2015": 8454.907168885304, "total_built_mass_tons": 1598638.2161729145, "city_id": 989, "country_iso": "CAN"}, {"h3index": "872b83b76ffffff", "population_2015": 5756.707596267599, "total_built_mass_tons": 4203779.534523675, "city_id": 989, "country_iso": "CAN"}, {"h3index": "872b83badffffff", "population_2015": 1468.5459963293636, "total_built_mass_tons": 545364.8789183341, "city_id": 989, "country_iso": "CAN"}]