[{"h3index": "871958916ffffff", "population_2015": 3717.237997676345, "total_built_mass_tons": 798318.759534535, "city_id": 1796, "country_iso": "GBR"}, {"h3index": "8719589a4ffffff", "population_2015": 4743.510885397595, "total_built_mass_tons": 1318364.8861992988, "city_id": 1796, "country_iso": "GBR"}, {"h3index": "8719589a5ffffff", "population_2015": 386.1033731479271, "total_built_mass_tons": 143690.0996199764, "city_id": 1796, "country_iso": "GBR"}, {"h3index": "87195c648ffffff", "population_2015": 15597.446577602272, "total_built_mass_tons": 4060842.512019423, "city_id": 1796, "country_iso": "GBR"}, {"h3index": "87195c649ffffff", "population_2015": 3495.845705752862, "total_built_mass_tons": 898365.3797184288, "city_id": 1796, "country_iso": "GBR"}, {"h3index": "87195c64affffff", "population_2015": 12069.61642685252, "total_built_mass_tons": 2943900.8185422793, "city_id": 1796, "country_iso": "GBR"}, {"h3index": "87195c64bffffff", "population_2015": 9287.857816303009, "total_built_mass_tons": 2870749.493814134, "city_id": 1796, "country_iso": "GBR"}, {"h3index": "87195c64cffffff", "population_2015": 5268.129923912592, "total_built_mass_tons": 1710078.1656430643, "city_id": 1796, "country_iso": "GBR"}, {"h3index": "87195c64dffffff", "population_2015": 9387.50251750619, "total_built_mass_tons": 2043987.418751373, "city_id": 1796, "country_iso": "GBR"}, {"h3index": "87195c64effffff", "population_2015": 7798.634450670901, "total_built_mass_tons": 1867165.082384106, "city_id": 1796, "country_iso": "GBR"}, {"h3index": "87195c659ffffff", "population_2015": 651.8347438475666, "total_built_mass_tons": 155480.76273859825, "city_id": 1796, "country_iso": "GBR"}, {"h3index": "87195c65dffffff", "population_2015": 78.35593634586706, "total_built_mass_tons": 28631.369954708727, "city_id": 1796, "country_iso": "GBR"}]