[{"h3index": "874b34269ffffff", "population_2015": 2235.0781399624025, "total_built_mass_tons": 1290765.2035771012, "city_id": 12558, "country_iso": "CHN"}, {"h3index": "874b3426dffffff", "population_2015": 193.9162548420476, "total_built_mass_tons": 145870.8315846028, "city_id": 12558, "country_iso": "CHN"}, {"h3index": "874b35504ffffff", "population_2015": 2533.844806330813, "total_built_mass_tons": 741647.5619769951, "city_id": 12558, "country_iso": "CHN"}, {"h3index": "874b35505ffffff", "population_2015": 5732.028153632667, "total_built_mass_tons": 2364952.6430671816, "city_id": 12558, "country_iso": "CHN"}, {"h3index": "874b35520ffffff", "population_2015": 36101.75665576037, "total_built_mass_tons": 6658509.070735153, "city_id": 12558, "country_iso": "CHN"}, {"h3index": "874b35521ffffff", "population_2015": 45875.9209990483, "total_built_mass_tons": 6213465.7808118835, "city_id": 12558, "country_iso": "CHN"}, {"h3index": "874b35522ffffff", "population_2015": 10160.138132708682, "total_built_mass_tons": 4646842.692557821, "city_id": 12558, "country_iso": "CHN"}, {"h3index": "874b35523ffffff", "population_2015": 7607.098714347913, "total_built_mass_tons": 3447262.7529556844, "city_id": 12558, "country_iso": "CHN"}, {"h3index": "874b35524ffffff", "population_2015": 32489.464822395177, "total_built_mass_tons": 4657154.800934162, "city_id": 12558, "country_iso": "CHN"}, {"h3index": "874b35525ffffff", "population_2015": 17225.903539752035, "total_built_mass_tons": 4079727.740866178, "city_id": 12558, "country_iso": "CHN"}, {"h3index": "874b35526ffffff", "population_2015": 20817.74778019588, "total_built_mass_tons": 3489193.108954217, "city_id": 12558, "country_iso": "CHN"}, {"h3index": "874b35528ffffff", "population_2015": 485.3281087851993, "total_built_mass_tons": 2026012.0058179596, "city_id": 12558, "country_iso": "CHN"}, {"h3index": "874b3552affffff", "population_2015": 2759.626790904999, "total_built_mass_tons": 1284473.0201757338, "city_id": 12558, "country_iso": "CHN"}, {"h3index": "874b3552cffffff", "population_2015": 1393.502151178846, "total_built_mass_tons": 3285803.169682826, "city_id": 12558, "country_iso": "CHN"}, {"h3index": "874b3552effffff", "population_2015": 4888.254867222028, "total_built_mass_tons": 3671776.3527672538, "city_id": 12558, "country_iso": "CHN"}, {"h3index": "874b35531ffffff", "population_2015": 1218.7335531328235, "total_built_mass_tons": 397720.61410881, "city_id": 12558, "country_iso": "CHN"}, {"h3index": "874b35534ffffff", "population_2015": 2812.463951352064, "total_built_mass_tons": 814412.6506971066, "city_id": 12558, "country_iso": "CHN"}, {"h3index": "874b35535ffffff", "population_2015": 6364.402020792866, "total_built_mass_tons": 2724634.9796623588, "city_id": 12558, "country_iso": "CHN"}, {"h3index": "874b35c80ffffff", "population_2015": 604.7493291282186, "total_built_mass_tons": 573037.9606927836, "city_id": 12558, "country_iso": "CHN"}, {"h3index": "874b35c81ffffff", "population_2015": 2603.9336916582256, "total_built_mass_tons": 3524556.533075626, "city_id": 12558, "country_iso": "CHN"}, {"h3index": "874b35c83ffffff", "population_2015": 15.36595290034425, "total_built_mass_tons": 38068.184725544204, "city_id": 12558, "country_iso": "CHN"}, {"h3index": "874b35c85ffffff", "population_2015": 73.45981823591627, "total_built_mass_tons": 405232.5370697686, "city_id": 12558, "country_iso": "CHN"}, {"h3index": "874b35c88ffffff", "population_2015": 2684.460003344218, "total_built_mass_tons": 1670470.337188072, "city_id": 12558, "country_iso": "CHN"}, {"h3index": "874b35c8affffff", "population_2015": 19445.663861299963, "total_built_mass_tons": 4920371.228959316, "city_id": 12558, "country_iso": "CHN"}, {"h3index": "874b35c8bffffff", "population_2015": 9189.305471521267, "total_built_mass_tons": 2852896.22761451, "city_id": 12558, "country_iso": "CHN"}, {"h3index": "874b35c8cffffff", "population_2015": 951.2322529750712, "total_built_mass_tons": 1290502.6351272524, "city_id": 12558, "country_iso": "CHN"}, {"h3index": "874b35c8effffff", "population_2015": 3447.1895354107314, "total_built_mass_tons": 1052456.056843537, "city_id": 12558, "country_iso": "CHN"}, {"h3index": "874b35c98ffffff", "population_2015": 7582.849001443155, "total_built_mass_tons": 3568104.402724089, "city_id": 12558, "country_iso": "CHN"}, {"h3index": "874b35c99ffffff", "population_2015": 14317.97395730486, "total_built_mass_tons": 4435086.19493721, "city_id": 12558, "country_iso": "CHN"}, {"h3index": "874b35c9affffff", "population_2015": 7900.480374878531, "total_built_mass_tons": 3137343.562632784, "city_id": 12558, "country_iso": "CHN"}, {"h3index": "874b35c9bffffff", "population_2015": 14066.139010724835, "total_built_mass_tons": 5258086.195164108, "city_id": 12558, "country_iso": "CHN"}, {"h3index": "874b35c9dffffff", "population_2015": 6165.285370594848, "total_built_mass_tons": 2570195.3794659767, "city_id": 12558, "country_iso": "CHN"}, {"h3index": "874b35c9effffff", "population_2015": 1620.6186370363416, "total_built_mass_tons": 515325.9114315547, "city_id": 12558, "country_iso": "CHN"}, {"h3index": "874b35cd2ffffff", "population_2015": 1382.5872037444628, "total_built_mass_tons": 2082120.744538398, "city_id": 12558, "country_iso": "CHN"}, {"h3index": "874b35cd6ffffff", "population_2015": 42.94833850439857, "total_built_mass_tons": 153792.04071322823, "city_id": 12558, "country_iso": "CHN"}]