[{"h3index": "8730a5220ffffff", "population_2015": 19399.562396056976, "total_built_mass_tons": 5145997.480374826, "city_id": 11553, "country_iso": "CHN"}, {"h3index": "8730a5221ffffff", "population_2015": 12462.084565227173, "total_built_mass_tons": 2540983.6372702187, "city_id": 11553, "country_iso": "CHN"}, {"h3index": "8730a5222ffffff", "population_2015": 8631.29270851098, "total_built_mass_tons": 2524572.613408736, "city_id": 11553, "country_iso": "CHN"}, {"h3index": "8730a5223ffffff", "population_2015": 5646.830980897886, "total_built_mass_tons": 1932288.6316984692, "city_id": 11553, "country_iso": "CHN"}, {"h3index": "8730a5224ffffff", "population_2015": 6628.278080566258, "total_built_mass_tons": 1346054.2929606682, "city_id": 11553, "country_iso": "CHN"}, {"h3index": "8730a5225ffffff", "population_2015": 12448.528355503084, "total_built_mass_tons": 2555742.6155328956, "city_id": 11553, "country_iso": "CHN"}, {"h3index": "8730a5226ffffff", "population_2015": 8232.391755040486, "total_built_mass_tons": 2564111.6589368284, "city_id": 11553, "country_iso": "CHN"}, {"h3index": "8730a522cffffff", "population_2015": 370.0991556167603, "total_built_mass_tons": 288866.930660091, "city_id": 11553, "country_iso": "CHN"}, {"h3index": "8730a522effffff", "population_2015": 17.94767662497128, "total_built_mass_tons": 7663.762332565597, "city_id": 11553, "country_iso": "CHN"}, {"h3index": "8730a5230ffffff", "population_2015": 153.12517587530846, "total_built_mass_tons": 127771.71026495264, "city_id": 11553, "country_iso": "CHN"}, {"h3index": "8730a5231ffffff", "population_2015": 203.2470954212488, "total_built_mass_tons": 243910.18904496104, "city_id": 11553, "country_iso": "CHN"}, {"h3index": "8730a5234ffffff", "population_2015": 497.2343293475169, "total_built_mass_tons": 530080.2616768323, "city_id": 11553, "country_iso": "CHN"}, {"h3index": "8730a5235ffffff", "population_2015": 3083.575294034153, "total_built_mass_tons": 1903497.2267990387, "city_id": 11553, "country_iso": "CHN"}, {"h3index": "8730a5236ffffff", "population_2015": 115.9628668270859, "total_built_mass_tons": 154336.76758823157, "city_id": 11553, "country_iso": "CHN"}, {"h3index": "8730a530bffffff", "population_2015": 1121.078620632022, "total_built_mass_tons": 454250.3792663398, "city_id": 11553, "country_iso": "CHN"}, {"h3index": "8730a531bffffff", "population_2015": 29.3946026615068, "total_built_mass_tons": 33357.50918601248, "city_id": 11553, "country_iso": "CHN"}, {"h3index": "8730a5350ffffff", "population_2015": 138.3600687157874, "total_built_mass_tons": 236924.27995795803, "city_id": 11553, "country_iso": "CHN"}, {"h3index": "8730a5351ffffff", "population_2015": 6.6636852306478165, "total_built_mass_tons": 18832.696364929336, "city_id": 11553, "country_iso": "CHN"}, {"h3index": "8730a5352ffffff", "population_2015": 1993.4075605289609, "total_built_mass_tons": 1036103.1458539668, "city_id": 11553, "country_iso": "CHN"}, {"h3index": "8730a5353ffffff", "population_2015": 692.0382515276181, "total_built_mass_tons": 529410.5913948996, "city_id": 11553, "country_iso": "CHN"}, {"h3index": "8730a5356ffffff", "population_2015": 18.680889997295303, "total_built_mass_tons": 11286.30452838044, "city_id": 11553, "country_iso": "CHN"}]