[{"h3index": "872888a00ffffff", "population_2015": 173.2437516806172, "total_built_mass_tons": 208323.41647396027, "city_id": 182, "country_iso": "USA"}, {"h3index": "872888a02ffffff", "population_2015": 899.9638241435381, "total_built_mass_tons": 666572.2664925746, "city_id": 182, "country_iso": "USA"}, {"h3index": "872888a06ffffff", "population_2015": 2765.0823078744543, "total_built_mass_tons": 1471563.990657561, "city_id": 182, "country_iso": "USA"}, {"h3index": "872888a10ffffff", "population_2015": 126.11023361121906, "total_built_mass_tons": 224596.67967478855, "city_id": 182, "country_iso": "USA"}, {"h3index": "872888a14ffffff", "population_2015": 2711.266233075251, "total_built_mass_tons": 3244693.9404246756, "city_id": 182, "country_iso": "USA"}, {"h3index": "872888a15ffffff", "population_2015": 4765.40087238351, "total_built_mass_tons": 2615693.420855823, "city_id": 182, "country_iso": "USA"}, {"h3index": "872888a16ffffff", "population_2015": 303.3443520311631, "total_built_mass_tons": 259247.4997876306, "city_id": 182, "country_iso": "USA"}, {"h3index": "872888a32ffffff", "population_2015": 4977.604521800242, "total_built_mass_tons": 2624190.1319327266, "city_id": 182, "country_iso": "USA"}, {"h3index": "872888a33ffffff", "population_2015": 3126.7876773972725, "total_built_mass_tons": 1710788.7293738632, "city_id": 182, "country_iso": "USA"}, {"h3index": "872888a36ffffff", "population_2015": 34.05964267066881, "total_built_mass_tons": 33340.812702412455, "city_id": 182, "country_iso": "USA"}, {"h3index": "872888aa4ffffff", "population_2015": 4940.183466258821, "total_built_mass_tons": 2846068.3347482085, "city_id": 182, "country_iso": "USA"}, {"h3index": "872888aa5ffffff", "population_2015": 49.89677926792819, "total_built_mass_tons": 29696.74142124918, "city_id": 182, "country_iso": "USA"}, {"h3index": "872888aa6ffffff", "population_2015": 4971.775270484478, "total_built_mass_tons": 1548189.2639781856, "city_id": 182, "country_iso": "USA"}, {"h3index": "872888b80ffffff", "population_2015": 1108.3586325799129, "total_built_mass_tons": 746616.6693398083, "city_id": 182, "country_iso": "USA"}, {"h3index": "872888b81ffffff", "population_2015": 5684.864006128964, "total_built_mass_tons": 3040168.257505255, "city_id": 182, "country_iso": "USA"}, {"h3index": "872888b83ffffff", "population_2015": 3287.598697964468, "total_built_mass_tons": 1790306.0598796592, "city_id": 182, "country_iso": "USA"}, {"h3index": "872888b85ffffff", "population_2015": 212.6591678148391, "total_built_mass_tons": 130069.388230285, "city_id": 182, "country_iso": "USA"}, {"h3index": "872888b88ffffff", "population_2015": 7487.494041553608, "total_built_mass_tons": 4077892.120182455, "city_id": 182, "country_iso": "USA"}, {"h3index": "872888b89ffffff", "population_2015": 6866.695736017334, "total_built_mass_tons": 3183147.0904748696, "city_id": 182, "country_iso": "USA"}, {"h3index": "872888b8affffff", "population_2015": 2345.7144420185073, "total_built_mass_tons": 1735729.774053546, "city_id": 182, "country_iso": "USA"}, {"h3index": "872888b8bffffff", "population_2015": 927.2845278412686, "total_built_mass_tons": 487897.4028013816, "city_id": 182, "country_iso": "USA"}, {"h3index": "872888b8cffffff", "population_2015": 4262.4249735834555, "total_built_mass_tons": 3038879.2647830606, "city_id": 182, "country_iso": "USA"}, {"h3index": "872888b8dffffff", "population_2015": 3708.4058064526193, "total_built_mass_tons": 2880812.7327370746, "city_id": 182, "country_iso": "USA"}, {"h3index": "872888b8effffff", "population_2015": 13073.511309177966, "total_built_mass_tons": 3995486.3645551926, "city_id": 182, "country_iso": "USA"}, {"h3index": "872888b98ffffff", "population_2015": 2702.1206401322365, "total_built_mass_tons": 2341913.4191615405, "city_id": 182, "country_iso": "USA"}, {"h3index": "872888b99ffffff", "population_2015": 10157.63106546596, "total_built_mass_tons": 3380622.155948436, "city_id": 182, "country_iso": "USA"}, {"h3index": "872888b9affffff", "population_2015": 4406.5145537966555, "total_built_mass_tons": 1427278.1480846154, "city_id": 182, "country_iso": "USA"}, {"h3index": "872888b9bffffff", "population_2015": 6248.0178127571735, "total_built_mass_tons": 2486173.6257736217, "city_id": 182, "country_iso": "USA"}, {"h3index": "872888b9cffffff", "population_2015": 415.0225985153048, "total_built_mass_tons": 504978.7737547494, "city_id": 182, "country_iso": "USA"}, {"h3index": "872888b9dffffff", "population_2015": 2888.5858115009814, "total_built_mass_tons": 2775173.284334031, "city_id": 182, "country_iso": "USA"}, {"h3index": "872888baaffffff", "population_2015": 317.5208851028892, "total_built_mass_tons": 164777.6676199012, "city_id": 182, "country_iso": "USA"}, {"h3index": "872888babffffff", "population_2015": 8.906195848128375, "total_built_mass_tons": 46059.38799240652, "city_id": 182, "country_iso": "USA"}]