[{"h3index":"878d84165ffffff","population_2015":763.4189617045,"total_built_mass_tons":149516.9069806312,"city_id":12646,"country_iso":"IDN"},{"h3index":"878d848c8ffffff","population_2015":3215.1873673308,"total_built_mass_tons":543894.3619966729,"city_id":12646,"country_iso":"IDN"},{"h3index":"878d848c9ffffff","population_2015":139.0047910915,"total_built_mass_tons":29332.6110045454,"city_id":12646,"country_iso":"IDN"},{"h3index":"878d848caffffff","population_2015":524.2425444061,"total_built_mass_tons":120699.5707723422,"city_id":12646,"country_iso":"IDN"},{"h3index":"878d848cbffffff","population_2015":1609.7984922409,"total_built_mass_tons":466113.1212418772,"city_id":12646,"country_iso":"IDN"},{"h3index":"878d848ccffffff","population_2015":32.7663701226,"total_built_mass_tons":10896.065503508,"city_id":12646,"country_iso":"IDN"},{"h3index":"878d848cdffffff","population_2015":1550.6895511029,"total_built_mass_tons":281607.7510844243,"city_id":12646,"country_iso":"IDN"}]