[{"h3index": "876115441ffffff", "population_2015": 8.900517220590629, "total_built_mass_tons": 3823.774884812962, "city_id": 9261, "country_iso": "LKA"}, {"h3index": "876115443ffffff", "population_2015": 59.68200720244762, "total_built_mass_tons": 18996.348294418494, "city_id": 9261, "country_iso": "LKA"}, {"h3index": "876115448ffffff", "population_2015": 1415.6883716882448, "total_built_mass_tons": 312614.52826242894, "city_id": 9261, "country_iso": "LKA"}, {"h3index": "87611544affffff", "population_2015": 2362.142625599281, "total_built_mass_tons": 348781.01017201785, "city_id": 9261, "country_iso": "LKA"}, {"h3index": "87611544bffffff", "population_2015": 753.841271422891, "total_built_mass_tons": 198425.771789997, "city_id": 9261, "country_iso": "LKA"}, {"h3index": "87611544cffffff", "population_2015": 1473.9603399875116, "total_built_mass_tons": 306211.45415682613, "city_id": 9261, "country_iso": "LKA"}, {"h3index": "87611544effffff", "population_2015": 21637.619780216955, "total_built_mass_tons": 2530984.4845921723, "city_id": 9261, "country_iso": "LKA"}, {"h3index": "876115458ffffff", "population_2015": 6163.3951639998195, "total_built_mass_tons": 890658.7834818, "city_id": 9261, "country_iso": "LKA"}, {"h3index": "876115459ffffff", "population_2015": 54.138634305841784, "total_built_mass_tons": 15111.53508067555, "city_id": 9261, "country_iso": "LKA"}, {"h3index": "87611545affffff", "population_2015": 2808.835961440965, "total_built_mass_tons": 640022.6035865516, "city_id": 9261, "country_iso": "LKA"}, {"h3index": "87611545bffffff", "population_2015": 2006.057707219965, "total_built_mass_tons": 378439.9921235872, "city_id": 9261, "country_iso": "LKA"}, {"h3index": "87611545dffffff", "population_2015": 11376.211380244236, "total_built_mass_tons": 1269148.0211881986, "city_id": 9261, "country_iso": "LKA"}]