[{"h3index":"876032800ffffff","population_2015":485.8384271117,"total_built_mass_tons":124450.7261113912,"city_id":8313,"country_iso":"IND"},{"h3index":"876032803ffffff","population_2015":9.316750115,"total_built_mass_tons":3767.0163243057,"city_id":8313,"country_iso":"IND"},{"h3index":"876032804ffffff","population_2015":3391.3238390904,"total_built_mass_tons":475283.6667731156,"city_id":8313,"country_iso":"IND"},{"h3index":"876032805ffffff","population_2015":76.8673889889,"total_built_mass_tons":18276.6316182672,"city_id":8313,"country_iso":"IND"},{"h3index":"876032806ffffff","population_2015":3530.5914382,"total_built_mass_tons":566673.4081036975,"city_id":8313,"country_iso":"IND"},{"h3index":"876032831ffffff","population_2015":1228.8778060614,"total_built_mass_tons":244957.6802977806,"city_id":8313,"country_iso":"IND"},{"h3index":"876032833ffffff","population_2015":3.1533816955,"total_built_mass_tons":1787.8907909278,"city_id":8313,"country_iso":"IND"}]