[{"h3index":"87400b641ffffff","population_2015":10.1772729425,"total_built_mass_tons":7244.7959788164,"city_id":10495,"country_iso":"CHN"},{"h3index":"87400b643ffffff","population_2015":2784.1964383041,"total_built_mass_tons":475439.0027467172,"city_id":10495,"country_iso":"CHN"},{"h3index":"87400b648ffffff","population_2015":17.7088425795,"total_built_mass_tons":24220.6213650256,"city_id":10495,"country_iso":"CHN"},{"h3index":"87400b64affffff","population_2015":57.535602635,"total_built_mass_tons":34988.2894354595,"city_id":10495,"country_iso":"CHN"},{"h3index":"87400b64cffffff","population_2015":178.2799055277,"total_built_mass_tons":116719.2515760782,"city_id":10495,"country_iso":"CHN"},{"h3index":"87400b64dffffff","population_2015":82.5790739994,"total_built_mass_tons":44275.8375381209,"city_id":10495,"country_iso":"CHN"},{"h3index":"87400b64effffff","population_2015":10922.6894562272,"total_built_mass_tons":2117883.1690480756,"city_id":10495,"country_iso":"CHN"},{"h3index":"87400b658ffffff","population_2015":176.9025822396,"total_built_mass_tons":23189.6377694176,"city_id":10495,"country_iso":"CHN"},{"h3index":"87400b659ffffff","population_2015":209.43649545,"total_built_mass_tons":83783.1317410721,"city_id":10495,"country_iso":"CHN"},{"h3index":"87400b65dffffff","population_2015":9955.9925067752,"total_built_mass_tons":1837901.0785648264,"city_id":10495,"country_iso":"CHN"}]