[{"h3index": "871081d2cffffff", "population_2015": 95.01425627914128, "total_built_mass_tons": 19571.883637252307, "city_id": 4668, "country_iso": "RUS"}, {"h3index": "871081d44ffffff", "population_2015": 2793.3636112652575, "total_built_mass_tons": 1560332.1343953712, "city_id": 4668, "country_iso": "RUS"}, {"h3index": "871081d46ffffff", "population_2015": 2284.897140147639, "total_built_mass_tons": 954972.0331932826, "city_id": 4668, "country_iso": "RUS"}, {"h3index": "871081d60ffffff", "population_2015": 663.7311591896356, "total_built_mass_tons": 245547.2114283059, "city_id": 4668, "country_iso": "RUS"}, {"h3index": "871081d61ffffff", "population_2015": 111.91268845352472, "total_built_mass_tons": 35371.92017550844, "city_id": 4668, "country_iso": "RUS"}, {"h3index": "871081d62ffffff", "population_2015": 10899.951496531914, "total_built_mass_tons": 4095988.355692795, "city_id": 4668, "country_iso": "RUS"}, {"h3index": "871081d63ffffff", "population_2015": 5621.6457496622015, "total_built_mass_tons": 3527390.6425474463, "city_id": 4668, "country_iso": "RUS"}, {"h3index": "871081d64ffffff", "population_2015": 4213.888926978206, "total_built_mass_tons": 1309565.0167073188, "city_id": 4668, "country_iso": "RUS"}, {"h3index": "871081d66ffffff", "population_2015": 1753.0262837241678, "total_built_mass_tons": 484406.5106502237, "city_id": 4668, "country_iso": "RUS"}, {"h3index": "871081d70ffffff", "population_2015": 25687.980780036774, "total_built_mass_tons": 4424028.662016503, "city_id": 4668, "country_iso": "RUS"}, {"h3index": "871081d71ffffff", "population_2015": 16153.505349998852, "total_built_mass_tons": 5338036.4493722785, "city_id": 4668, "country_iso": "RUS"}, {"h3index": "871081d73ffffff", "population_2015": 1834.3840300354304, "total_built_mass_tons": 351027.75209407334, "city_id": 4668, "country_iso": "RUS"}, {"h3index": "871081d74ffffff", "population_2015": 19076.105302098214, "total_built_mass_tons": 4087452.834494387, "city_id": 4668, "country_iso": "RUS"}, {"h3index": "871081d75ffffff", "population_2015": 34975.59049189699, "total_built_mass_tons": 7468668.219184012, "city_id": 4668, "country_iso": "RUS"}, {"h3index": "871081d76ffffff", "population_2015": 3885.801943359189, "total_built_mass_tons": 828417.780603689, "city_id": 4668, "country_iso": "RUS"}, {"h3index": "8710856c0ffffff", "population_2015": 9012.066614021742, "total_built_mass_tons": 4349772.6760492055, "city_id": 4668, "country_iso": "RUS"}, {"h3index": "8710856c1ffffff", "population_2015": 2.4910941528339015, "total_built_mass_tons": 8437.48637383117, "city_id": 4668, "country_iso": "RUS"}, {"h3index": "8710856c2ffffff", "population_2015": 15650.097483597548, "total_built_mass_tons": 5340451.823370791, "city_id": 4668, "country_iso": "RUS"}, {"h3index": "8710856c3ffffff", "population_2015": 10954.700541310682, "total_built_mass_tons": 3548938.148588773, "city_id": 4668, "country_iso": "RUS"}, {"h3index": "8710856c4ffffff", "population_2015": 4313.2809501989195, "total_built_mass_tons": 2336351.582193574, "city_id": 4668, "country_iso": "RUS"}, {"h3index": "8710856c5ffffff", "population_2015": 741.6476014969397, "total_built_mass_tons": 474213.5452129715, "city_id": 4668, "country_iso": "RUS"}, {"h3index": "8710856c6ffffff", "population_2015": 10623.905360395767, "total_built_mass_tons": 6814285.475786451, "city_id": 4668, "country_iso": "RUS"}, {"h3index": "8710856caffffff", "population_2015": 811.7832639469821, "total_built_mass_tons": 530457.7882471989, "city_id": 4668, "country_iso": "RUS"}, {"h3index": "8710856ceffffff", "population_2015": 61.66769238266289, "total_built_mass_tons": 209913.66333317253, "city_id": 4668, "country_iso": "RUS"}, {"h3index": "8710856d0ffffff", "population_2015": 14306.6672528891, "total_built_mass_tons": 2824809.2549631763, "city_id": 4668, "country_iso": "RUS"}, {"h3index": "8710856d1ffffff", "population_2015": 28656.489286419, "total_built_mass_tons": 5516215.392726958, "city_id": 4668, "country_iso": "RUS"}, {"h3index": "8710856d2ffffff", "population_2015": 5103.070279781493, "total_built_mass_tons": 1143910.2483989908, "city_id": 4668, "country_iso": "RUS"}, {"h3index": "8710856d3ffffff", "population_2015": 25482.76557441413, "total_built_mass_tons": 4455474.792665465, "city_id": 4668, "country_iso": "RUS"}, {"h3index": "8710856d5ffffff", "population_2015": 5760.980468529348, "total_built_mass_tons": 1342924.5865255345, "city_id": 4668, "country_iso": "RUS"}, {"h3index": "8710856d6ffffff", "population_2015": 132.81879348287393, "total_built_mass_tons": 100736.27153049209, "city_id": 4668, "country_iso": "RUS"}, {"h3index": "8710856d8ffffff", "population_2015": 18043.71119847578, "total_built_mass_tons": 5026071.304914106, "city_id": 4668, "country_iso": "RUS"}, {"h3index": "8710856d9ffffff", "population_2015": 4211.906970315821, "total_built_mass_tons": 1155412.9587499178, "city_id": 4668, "country_iso": "RUS"}, {"h3index": "8710856daffffff", "population_2015": 3.0550503431581983, "total_built_mass_tons": 7070.901037560947, "city_id": 4668, "country_iso": "RUS"}, {"h3index": "8710856dbffffff", "population_2015": 10495.787388794091, "total_built_mass_tons": 2413379.722508101, "city_id": 4668, "country_iso": "RUS"}, {"h3index": "8710856dcffffff", "population_2015": 23343.94838235518, "total_built_mass_tons": 4897911.5377723165, "city_id": 4668, "country_iso": "RUS"}, {"h3index": "8710856ddffffff", "population_2015": 6969.740946273477, "total_built_mass_tons": 2522335.117439348, "city_id": 4668, "country_iso": "RUS"}, {"h3index": "8710856deffffff", "population_2015": 21957.355811594047, "total_built_mass_tons": 4707609.430774046, "city_id": 4668, "country_iso": "RUS"}, {"h3index": "8710856f1ffffff", "population_2015": 939.7340560165107, "total_built_mass_tons": 676542.7887408049, "city_id": 4668, "country_iso": "RUS"}, {"h3index": "8710856f3ffffff", "population_2015": 4.32668291353712, "total_built_mass_tons": 3753.18356217166, "city_id": 4668, "country_iso": "RUS"}]