[{"h3index": "874996510ffffff", "population_2015": 6351.652492687282, "total_built_mass_tons": 761382.6185637868, "city_id": 225, "country_iso": "MEX"}, {"h3index": "874996511ffffff", "population_2015": 125.106702792177, "total_built_mass_tons": 220302.06334188383, "city_id": 225, "country_iso": "MEX"}, {"h3index": "874996512ffffff", "population_2015": 1183.986849673355, "total_built_mass_tons": 399943.3934718942, "city_id": 225, "country_iso": "MEX"}, {"h3index": "874996513ffffff", "population_2015": 2.476431409050437, "total_built_mass_tons": 4847.762046383305, "city_id": 225, "country_iso": "MEX"}, {"h3index": "874996514ffffff", "population_2015": 274.6471470870223, "total_built_mass_tons": 254280.26064866176, "city_id": 225, "country_iso": "MEX"}, {"h3index": "874996516ffffff", "population_2015": 22487.5994423137, "total_built_mass_tons": 2307587.2049201056, "city_id": 225, "country_iso": "MEX"}, {"h3index": "874996532ffffff", "population_2015": 150.2567371340359, "total_built_mass_tons": 169664.00450459268, "city_id": 225, "country_iso": "MEX"}, {"h3index": "8749965a0ffffff", "population_2015": 13812.476557999007, "total_built_mass_tons": 1378763.027153954, "city_id": 225, "country_iso": "MEX"}, {"h3index": "8749965a4ffffff", "population_2015": 54152.98553188925, "total_built_mass_tons": 4571285.80048532, "city_id": 225, "country_iso": "MEX"}, {"h3index": "8749965a5ffffff", "population_2015": 26145.446485424392, "total_built_mass_tons": 2120448.9035280924, "city_id": 225, "country_iso": "MEX"}, {"h3index": "8749965a6ffffff", "population_2015": 22853.484976092102, "total_built_mass_tons": 3260807.417412403, "city_id": 225, "country_iso": "MEX"}, {"h3index": "8749965b4ffffff", "population_2015": 19.411310021813012, "total_built_mass_tons": 437970.56590048183, "city_id": 225, "country_iso": "MEX"}, {"h3index": "8749965b5ffffff", "population_2015": 20.90139997763669, "total_built_mass_tons": 1096710.7344006486, "city_id": 225, "country_iso": "MEX"}, {"h3index": "876d34d12ffffff", "population_2015": 1825.495453813964, "total_built_mass_tons": 791046.36476223, "city_id": 225, "country_iso": "MEX"}, {"h3index": "876d34d13ffffff", "population_2015": 17.120407695396274, "total_built_mass_tons": 89516.19918203914, "city_id": 225, "country_iso": "MEX"}, {"h3index": "876d34d84ffffff", "population_2015": 7637.815730006087, "total_built_mass_tons": 696882.9071144692, "city_id": 225, "country_iso": "MEX"}, {"h3index": "876d34d85ffffff", "population_2015": 1224.4366163674524, "total_built_mass_tons": 169090.956012844, "city_id": 225, "country_iso": "MEX"}, {"h3index": "876d34d86ffffff", "population_2015": 1504.3685778795505, "total_built_mass_tons": 218894.23337868231, "city_id": 225, "country_iso": "MEX"}, {"h3index": "876d34da0ffffff", "population_2015": 49636.24620917265, "total_built_mass_tons": 5624625.251595936, "city_id": 225, "country_iso": "MEX"}, {"h3index": "876d34da1ffffff", "population_2015": 37928.91893436207, "total_built_mass_tons": 5411114.063309707, "city_id": 225, "country_iso": "MEX"}, {"h3index": "876d34da2ffffff", "population_2015": 53257.287667922865, "total_built_mass_tons": 4503896.680410737, "city_id": 225, "country_iso": "MEX"}, {"h3index": "876d34da3ffffff", "population_2015": 24306.844137009673, "total_built_mass_tons": 3518579.5644204463, "city_id": 225, "country_iso": "MEX"}, {"h3index": "876d34da4ffffff", "population_2015": 25909.94401034221, "total_built_mass_tons": 4930203.122868268, "city_id": 225, "country_iso": "MEX"}, {"h3index": "876d34da5ffffff", "population_2015": 14268.307737160663, "total_built_mass_tons": 2746676.560845559, "city_id": 225, "country_iso": "MEX"}, {"h3index": "876d34da6ffffff", "population_2015": 67400.49641203415, "total_built_mass_tons": 5319439.961624003, "city_id": 225, "country_iso": "MEX"}, {"h3index": "876d34da8ffffff", "population_2015": 20620.74740065208, "total_built_mass_tons": 3048232.6901066536, "city_id": 225, "country_iso": "MEX"}, {"h3index": "876d34da9ffffff", "population_2015": 492.8522083245072, "total_built_mass_tons": 132262.78353087086, "city_id": 225, "country_iso": "MEX"}, {"h3index": "876d34daaffffff", "population_2015": 2236.60410127406, "total_built_mass_tons": 275671.0706455044, "city_id": 225, "country_iso": "MEX"}, {"h3index": "876d34dabffffff", "population_2015": 5700.822376071821, "total_built_mass_tons": 892660.6484275776, "city_id": 225, "country_iso": "MEX"}, {"h3index": "876d34dacffffff", "population_2015": 12956.49766150806, "total_built_mass_tons": 4568973.839125875, "city_id": 225, "country_iso": "MEX"}, {"h3index": "876d34daeffffff", "population_2015": 37857.17401104661, "total_built_mass_tons": 4570533.420291274, "city_id": 225, "country_iso": "MEX"}, {"h3index": "876d34db0ffffff", "population_2015": 10638.115894630262, "total_built_mass_tons": 1452759.4358697736, "city_id": 225, "country_iso": "MEX"}, {"h3index": "876d34db1ffffff", "population_2015": 9184.744922974998, "total_built_mass_tons": 1978253.3627254383, "city_id": 225, "country_iso": "MEX"}, {"h3index": "876d34db2ffffff", "population_2015": 5774.45586712407, "total_built_mass_tons": 3734710.8762956727, "city_id": 225, "country_iso": "MEX"}, {"h3index": "876d34db3ffffff", "population_2015": 8995.098284819078, "total_built_mass_tons": 675617.7648770883, "city_id": 225, "country_iso": "MEX"}, {"h3index": "876d34db4ffffff", "population_2015": 17884.392287744256, "total_built_mass_tons": 2330705.4914399087, "city_id": 225, "country_iso": "MEX"}, {"h3index": "876d34db5ffffff", "population_2015": 13733.744722517102, "total_built_mass_tons": 2010633.527095647, "city_id": 225, "country_iso": "MEX"}, {"h3index": "876d34db6ffffff", "population_2015": 5351.090112714498, "total_built_mass_tons": 1563661.7028262792, "city_id": 225, "country_iso": "MEX"}]