[{"h3index":"873cc2910ffffff","population_2015":12.2098541671,"total_built_mass_tons":11478.1518107853,"city_id":10030,"country_iso":"BGD"},{"h3index":"873cc2912ffffff","population_2015":101.6275272369,"total_built_mass_tons":74791.1490404106,"city_id":10030,"country_iso":"BGD"},{"h3index":"873cc2914ffffff","population_2015":168.7858705633,"total_built_mass_tons":42076.9203634391,"city_id":10030,"country_iso":"BGD"},{"h3index":"873cc2916ffffff","population_2015":259.4717254639,"total_built_mass_tons":137616.8890806163,"city_id":10030,"country_iso":"BGD"},{"h3index":"873cc2930ffffff","population_2015":3.9330981161,"total_built_mass_tons":1290.361318789,"city_id":10030,"country_iso":"BGD"},{"h3index":"873cc2932ffffff","population_2015":199.9112279817,"total_built_mass_tons":92253.1009912303,"city_id":10030,"country_iso":"BGD"},{"h3index":"873cc29a0ffffff","population_2015":9.5844806671,"total_built_mass_tons":31535.2194276691,"city_id":10030,"country_iso":"BGD"},{"h3index":"873cc29a3ffffff","population_2015":12.6255731583,"total_built_mass_tons":953.7254901961,"city_id":10030,"country_iso":"BGD"},{"h3index":"873cc29a5ffffff","population_2015":80.3648906708,"total_built_mass_tons":107444.4456950224,"city_id":10030,"country_iso":"BGD"},{"h3index":"873cc29aaffffff","population_2015":42.524300306,"total_built_mass_tons":9718.963776764,"city_id":10030,"country_iso":"BGD"},{"h3index":"873cc29aeffffff","population_2015":132.8294774448,"total_built_mass_tons":53240.8786852621,"city_id":10030,"country_iso":"BGD"},{"h3index":"873cc6649ffffff","population_2015":14.9781653909,"total_built_mass_tons":82041.9890755056,"city_id":10030,"country_iso":"BGD"}]