[{"h3index": "872a93000ffffff", "population_2015": 4126.776818686373, "total_built_mass_tons": 1432558.8131873405, "city_id": 681, "country_iso": "USA"}, {"h3index": "872a93001ffffff", "population_2015": 2604.7154213005424, "total_built_mass_tons": 1976213.0310319476, "city_id": 681, "country_iso": "USA"}, {"h3index": "872a93002ffffff", "population_2015": 7383.215478544606, "total_built_mass_tons": 3137134.7434859606, "city_id": 681, "country_iso": "USA"}, {"h3index": "872a93003ffffff", "population_2015": 6137.271404936907, "total_built_mass_tons": 3581406.0090993787, "city_id": 681, "country_iso": "USA"}, {"h3index": "872a93004ffffff", "population_2015": 2146.2889435570614, "total_built_mass_tons": 1341588.9046320587, "city_id": 681, "country_iso": "USA"}, {"h3index": "872a93005ffffff", "population_2015": 7023.693262990081, "total_built_mass_tons": 2569928.5450194883, "city_id": 681, "country_iso": "USA"}, {"h3index": "872a93006ffffff", "population_2015": 3459.3272430322904, "total_built_mass_tons": 2275812.108356266, "city_id": 681, "country_iso": "USA"}, {"h3index": "872a93008ffffff", "population_2015": 1443.3939174072418, "total_built_mass_tons": 1227279.1260859398, "city_id": 681, "country_iso": "USA"}, {"h3index": "872a9300affffff", "population_2015": 6730.4541260901615, "total_built_mass_tons": 2149324.5829134006, "city_id": 681, "country_iso": "USA"}, {"h3index": "872a9300bffffff", "population_2015": 450.9344590930743, "total_built_mass_tons": 545494.7701626758, "city_id": 681, "country_iso": "USA"}, {"h3index": "872a9300cffffff", "population_2015": 6822.336760346094, "total_built_mass_tons": 2298294.2811328024, "city_id": 681, "country_iso": "USA"}, {"h3index": "872a9300dffffff", "population_2015": 2073.506866320975, "total_built_mass_tons": 879444.661739712, "city_id": 681, "country_iso": "USA"}, {"h3index": "872a9300effffff", "population_2015": 5028.238906958348, "total_built_mass_tons": 2743840.2909620386, "city_id": 681, "country_iso": "USA"}, {"h3index": "872a93010ffffff", "population_2015": 377.0501336571047, "total_built_mass_tons": 481268.53490290896, "city_id": 681, "country_iso": "USA"}, {"h3index": "872a93011ffffff", "population_2015": 4649.081137639987, "total_built_mass_tons": 3316157.8874924383, "city_id": 681, "country_iso": "USA"}, {"h3index": "872a93012ffffff", "population_2015": 132.63468485234998, "total_built_mass_tons": 84322.18639303384, "city_id": 681, "country_iso": "USA"}, {"h3index": "872a93013ffffff", "population_2015": 3492.398356502781, "total_built_mass_tons": 2801855.9799957895, "city_id": 681, "country_iso": "USA"}, {"h3index": "872a93014ffffff", "population_2015": 946.9604584333944, "total_built_mass_tons": 339218.80826925195, "city_id": 681, "country_iso": "USA"}, {"h3index": "872a93015ffffff", "population_2015": 4120.554289333624, "total_built_mass_tons": 3351185.149344457, "city_id": 681, "country_iso": "USA"}, {"h3index": "872a93018ffffff", "population_2015": 9317.192569429557, "total_built_mass_tons": 2988327.909008416, "city_id": 681, "country_iso": "USA"}, {"h3index": "872a93019ffffff", "population_2015": 3406.1404147470703, "total_built_mass_tons": 1501709.009959817, "city_id": 681, "country_iso": "USA"}, {"h3index": "872a9301affffff", "population_2015": 8962.33988388321, "total_built_mass_tons": 4268260.539081991, "city_id": 681, "country_iso": "USA"}, {"h3index": "872a9301bffffff", "population_2015": 8589.136089267799, "total_built_mass_tons": 3605707.619566608, "city_id": 681, "country_iso": "USA"}, {"h3index": "872a9301cffffff", "population_2015": 8638.606833732014, "total_built_mass_tons": 3569446.314771472, "city_id": 681, "country_iso": "USA"}, {"h3index": "872a9301dffffff", "population_2015": 10694.471902343612, "total_built_mass_tons": 3726494.818928707, "city_id": 681, "country_iso": "USA"}, {"h3index": "872a9301effffff", "population_2015": 6391.283843669706, "total_built_mass_tons": 2504742.9437519736, "city_id": 681, "country_iso": "USA"}, {"h3index": "872a93020ffffff", "population_2015": 4177.090848144365, "total_built_mass_tons": 2983571.2848028787, "city_id": 681, "country_iso": "USA"}, {"h3index": "872a93021ffffff", "population_2015": 2104.5522335417136, "total_built_mass_tons": 1424900.7859671812, "city_id": 681, "country_iso": "USA"}, {"h3index": "872a93022ffffff", "population_2015": 3098.4084965634565, "total_built_mass_tons": 1554465.264159362, "city_id": 681, "country_iso": "USA"}, {"h3index": "872a93023ffffff", "population_2015": 6452.076653221192, "total_built_mass_tons": 2849829.72086491, "city_id": 681, "country_iso": "USA"}, {"h3index": "872a93024ffffff", "population_2015": 1365.0929090485267, "total_built_mass_tons": 2664762.7272791127, "city_id": 681, "country_iso": "USA"}, {"h3index": "872a93025ffffff", "population_2015": 1825.875039131268, "total_built_mass_tons": 1306387.058470904, "city_id": 681, "country_iso": "USA"}, {"h3index": "872a93026ffffff", "population_2015": 1637.5804983342978, "total_built_mass_tons": 1644530.4960959083, "city_id": 681, "country_iso": "USA"}, {"h3index": "872a93028ffffff", "population_2015": 149.71169845742338, "total_built_mass_tons": 145753.7519341441, "city_id": 681, "country_iso": "USA"}, {"h3index": "872a9302affffff", "population_2015": 236.04667237038703, "total_built_mass_tons": 216176.0031849095, "city_id": 681, "country_iso": "USA"}, {"h3index": "872a9302bffffff", "population_2015": 11.500970982102787, "total_built_mass_tons": 35857.24976377204, "city_id": 681, "country_iso": "USA"}, {"h3index": "872a9302cffffff", "population_2015": 529.130293298469, "total_built_mass_tons": 138824.7381505957, "city_id": 681, "country_iso": "USA"}, {"h3index": "872a9302effffff", "population_2015": 3856.7578277861367, "total_built_mass_tons": 2675616.250874862, "city_id": 681, "country_iso": "USA"}, {"h3index": "872a93030ffffff", "population_2015": 3379.8949701439587, "total_built_mass_tons": 3302896.1881160215, "city_id": 681, "country_iso": "USA"}, {"h3index": "872a93031ffffff", "population_2015": 5327.025348061265, "total_built_mass_tons": 2725127.126340611, "city_id": 681, "country_iso": "USA"}, {"h3index": "872a93032ffffff", "population_2015": 1305.4605248850933, "total_built_mass_tons": 568905.5975012891, "city_id": 681, "country_iso": "USA"}, {"h3index": "872a93033ffffff", "population_2015": 5250.577529861647, "total_built_mass_tons": 2736242.0746934935, "city_id": 681, "country_iso": "USA"}, {"h3index": "872a93034ffffff", "population_2015": 303.6725316558105, "total_built_mass_tons": 2467991.7930224175, "city_id": 681, "country_iso": "USA"}, {"h3index": "872a93035ffffff", "population_2015": 763.609471218025, "total_built_mass_tons": 2122444.879529482, "city_id": 681, "country_iso": "USA"}, {"h3index": "872a93036ffffff", "population_2015": 1046.2351892583583, "total_built_mass_tons": 1462968.02715819, "city_id": 681, "country_iso": "USA"}, {"h3index": "872a93080ffffff", "population_2015": 4364.927364841631, "total_built_mass_tons": 1672752.2556966166, "city_id": 681, "country_iso": "USA"}, {"h3index": "872a93081ffffff", "population_2015": 10410.48008527616, "total_built_mass_tons": 3197379.943535581, "city_id": 681, "country_iso": "USA"}, {"h3index": "872a93082ffffff", "population_2015": 1427.4234516975928, "total_built_mass_tons": 726527.863539104, "city_id": 681, "country_iso": "USA"}, {"h3index": "872a93083ffffff", "population_2015": 5647.280952258674, "total_built_mass_tons": 2716592.668533353, "city_id": 681, "country_iso": "USA"}, {"h3index": "872a93085ffffff", "population_2015": 386.39394422231936, "total_built_mass_tons": 134772.0825480005, "city_id": 681, "country_iso": "USA"}, {"h3index": "872a93088ffffff", "population_2015": 8963.05017898784, "total_built_mass_tons": 2500193.217776422, "city_id": 681, "country_iso": "USA"}, {"h3index": "872a93089ffffff", "population_2015": 2770.6239140426414, "total_built_mass_tons": 1158991.7833405377, "city_id": 681, "country_iso": "USA"}, {"h3index": "872a9308affffff", "population_2015": 5056.790570438609, "total_built_mass_tons": 2054868.1859070924, "city_id": 681, "country_iso": "USA"}, {"h3index": "872a9308bffffff", "population_2015": 6809.5345364729565, "total_built_mass_tons": 2719889.5878351578, "city_id": 681, "country_iso": "USA"}, {"h3index": "872a9308cffffff", "population_2015": 7118.15218263701, "total_built_mass_tons": 2069107.1419153376, "city_id": 681, "country_iso": "USA"}, {"h3index": "872a9308dffffff", "population_2015": 8578.393850730681, "total_built_mass_tons": 2409990.4717319454, "city_id": 681, "country_iso": "USA"}, {"h3index": "872a9308effffff", "population_2015": 5590.853584070767, "total_built_mass_tons": 2725977.793428538, "city_id": 681, "country_iso": "USA"}, {"h3index": "872a93099ffffff", "population_2015": 391.6144362547818, "total_built_mass_tons": 232474.03877866064, "city_id": 681, "country_iso": "USA"}, {"h3index": "872a9309cffffff", "population_2015": 207.43878651039273, "total_built_mass_tons": 99603.98174134706, "city_id": 681, "country_iso": "USA"}, {"h3index": "872a9309dffffff", "population_2015": 14.322075582018083, "total_built_mass_tons": 8773.27251210966, "city_id": 681, "country_iso": "USA"}, {"h3index": "872a930a8ffffff", "population_2015": 4119.275980083382, "total_built_mass_tons": 2555661.907886021, "city_id": 681, "country_iso": "USA"}, {"h3index": "872a930a9ffffff", "population_2015": 7681.76757936197, "total_built_mass_tons": 3612271.994326796, "city_id": 681, "country_iso": "USA"}, {"h3index": "872a930aaffffff", "population_2015": 3320.058532833586, "total_built_mass_tons": 1057763.9892888796, "city_id": 681, "country_iso": "USA"}, {"h3index": "872a930abffffff", "population_2015": 3273.8008545588045, "total_built_mass_tons": 1610376.10449603, "city_id": 681, "country_iso": "USA"}, {"h3index": "872a930acffffff", "population_2015": 2299.027743233418, "total_built_mass_tons": 726572.7999382401, "city_id": 681, "country_iso": "USA"}, {"h3index": "872a930adffffff", "population_2015": 1636.658993409399, "total_built_mass_tons": 1826145.192982949, "city_id": 681, "country_iso": "USA"}, {"h3index": "872a930aeffffff", "population_2015": 22.810862827301023, "total_built_mass_tons": 29991.23360131117, "city_id": 681, "country_iso": "USA"}, {"h3index": "872a930c0ffffff", "population_2015": 4176.3157921178945, "total_built_mass_tons": 2342925.3293229514, "city_id": 681, "country_iso": "USA"}, {"h3index": "872a930c1ffffff", "population_2015": 13.626883602843566, "total_built_mass_tons": 29138.63859402684, "city_id": 681, "country_iso": "USA"}, {"h3index": "872a930c2ffffff", "population_2015": 3167.631597085442, "total_built_mass_tons": 1375553.313923526, "city_id": 681, "country_iso": "USA"}, {"h3index": "872a930c3ffffff", "population_2015": 2210.3710103886096, "total_built_mass_tons": 949370.350323374, "city_id": 681, "country_iso": "USA"}, {"h3index": "872a930c4ffffff", "population_2015": 4557.047255516051, "total_built_mass_tons": 1940298.7896182928, "city_id": 681, "country_iso": "USA"}, {"h3index": "872a930c5ffffff", "population_2015": 202.59893493021232, "total_built_mass_tons": 56499.41349099909, "city_id": 681, "country_iso": "USA"}, {"h3index": "872a930c6ffffff", "population_2015": 10155.574252581244, "total_built_mass_tons": 2921629.620693775, "city_id": 681, "country_iso": "USA"}, {"h3index": "872a930d0ffffff", "population_2015": 301.4717829054477, "total_built_mass_tons": 171887.24895384518, "city_id": 681, "country_iso": "USA"}, {"h3index": "872a930d1ffffff", "population_2015": 332.6916093623228, "total_built_mass_tons": 216354.08758241285, "city_id": 681, "country_iso": "USA"}, {"h3index": "872a930d4ffffff", "population_2015": 1894.2670831869336, "total_built_mass_tons": 1238969.539573916, "city_id": 681, "country_iso": "USA"}, {"h3index": "872a930d5ffffff", "population_2015": 3175.3187152413757, "total_built_mass_tons": 1658840.40514848, "city_id": 681, "country_iso": "USA"}, {"h3index": "872a930d6ffffff", "population_2015": 964.4717756185242, "total_built_mass_tons": 765830.2552400568, "city_id": 681, "country_iso": "USA"}, {"h3index": "872a930e2ffffff", "population_2015": 5258.64631615585, "total_built_mass_tons": 2309780.415127721, "city_id": 681, "country_iso": "USA"}, {"h3index": "872a930e3ffffff", "population_2015": 3459.571494549396, "total_built_mass_tons": 1385485.1609714914, "city_id": 681, "country_iso": "USA"}, {"h3index": "872a930e4ffffff", "population_2015": 356.4872555143692, "total_built_mass_tons": 145181.63448493005, "city_id": 681, "country_iso": "USA"}, {"h3index": "872a930e6ffffff", "population_2015": 4404.35025193215, "total_built_mass_tons": 1464552.3945034393, "city_id": 681, "country_iso": "USA"}, {"h3index": "872a930eeffffff", "population_2015": 560.8034729943555, "total_built_mass_tons": 309768.8829177284, "city_id": 681, "country_iso": "USA"}, {"h3index": "872a930f0ffffff", "population_2015": 9867.974298015297, "total_built_mass_tons": 5111767.204440792, "city_id": 681, "country_iso": "USA"}, {"h3index": "872a930f1ffffff", "population_2015": 11118.013906676266, "total_built_mass_tons": 4380598.476400522, "city_id": 681, "country_iso": "USA"}, {"h3index": "872a930f2ffffff", "population_2015": 4914.737127854805, "total_built_mass_tons": 2597589.363741734, "city_id": 681, "country_iso": "USA"}, {"h3index": "872a930f3ffffff", "population_2015": 3427.689721576022, "total_built_mass_tons": 1677271.0747313355, "city_id": 681, "country_iso": "USA"}, {"h3index": "872a930f4ffffff", "population_2015": 15350.56565499119, "total_built_mass_tons": 5003988.796371415, "city_id": 681, "country_iso": "USA"}, {"h3index": "872a930f5ffffff", "population_2015": 6262.655386722335, "total_built_mass_tons": 2772138.6446042354, "city_id": 681, "country_iso": "USA"}, {"h3index": "872a930f6ffffff", "population_2015": 3094.850168642227, "total_built_mass_tons": 3363812.5362945134, "city_id": 681, "country_iso": "USA"}, {"h3index": "872a93100ffffff", "population_2015": 2935.4783948199415, "total_built_mass_tons": 1742787.205855403, "city_id": 681, "country_iso": "USA"}, {"h3index": "872a93101ffffff", "population_2015": 2027.3353134447457, "total_built_mass_tons": 1046769.6598772792, "city_id": 681, "country_iso": "USA"}, {"h3index": "872a93102ffffff", "population_2015": 1790.1421148173367, "total_built_mass_tons": 1164388.3937753057, "city_id": 681, "country_iso": "USA"}, {"h3index": "872a93103ffffff", "population_2015": 1815.511645020223, "total_built_mass_tons": 1196885.5740062268, "city_id": 681, "country_iso": "USA"}, {"h3index": "872a93104ffffff", "population_2015": 4921.231975618179, "total_built_mass_tons": 2120665.8823417667, "city_id": 681, "country_iso": "USA"}, {"h3index": "872a93105ffffff", "population_2015": 4491.652503595059, "total_built_mass_tons": 2275760.6864637397, "city_id": 681, "country_iso": "USA"}, {"h3index": "872a93106ffffff", "population_2015": 2490.4884790686124, "total_built_mass_tons": 1422667.5001165443, "city_id": 681, "country_iso": "USA"}, {"h3index": "872a93108ffffff", "population_2015": 2731.5360334105344, "total_built_mass_tons": 2179268.801972156, "city_id": 681, "country_iso": "USA"}, {"h3index": "872a93109ffffff", "population_2015": 147.91946130500122, "total_built_mass_tons": 136828.33083808454, "city_id": 681, "country_iso": "USA"}, {"h3index": "872a9310affffff", "population_2015": 659.5933251729343, "total_built_mass_tons": 2821717.285151473, "city_id": 681, "country_iso": "USA"}, {"h3index": "872a9310bffffff", "population_2015": 2051.8686099971037, "total_built_mass_tons": 1098464.3452824748, "city_id": 681, "country_iso": "USA"}, {"h3index": "872a9310cffffff", "population_2015": 2422.7732620966203, "total_built_mass_tons": 2307196.830031516, "city_id": 681, "country_iso": "USA"}, {"h3index": "872a9310dffffff", "population_2015": 1230.0664397945588, "total_built_mass_tons": 842768.702029168, "city_id": 681, "country_iso": "USA"}, {"h3index": "872a9310effffff", "population_2015": 3992.542132053247, "total_built_mass_tons": 2161899.394875157, "city_id": 681, "country_iso": "USA"}, {"h3index": "872a93110ffffff", "population_2015": 491.24503197382177, "total_built_mass_tons": 1830093.7194938129, "city_id": 681, "country_iso": "USA"}, {"h3index": "872a93111ffffff", "population_2015": 394.0111442538381, "total_built_mass_tons": 1979922.6820509168, "city_id": 681, "country_iso": "USA"}, {"h3index": "872a93112ffffff", "population_2015": 1253.4340965997046, "total_built_mass_tons": 1734222.219754516, "city_id": 681, "country_iso": "USA"}, {"h3index": "872a93113ffffff", "population_2015": 1453.5227945317283, "total_built_mass_tons": 2852763.18885271, "city_id": 681, "country_iso": "USA"}, {"h3index": "872a93114ffffff", "population_2015": 1373.0922745040818, "total_built_mass_tons": 703939.1907751533, "city_id": 681, "country_iso": "USA"}, {"h3index": "872a93115ffffff", "population_2015": 2525.1817010432183, "total_built_mass_tons": 1362078.2255013753, "city_id": 681, "country_iso": "USA"}, {"h3index": "872a93118ffffff", "population_2015": 616.6142772708746, "total_built_mass_tons": 2853658.9916256573, "city_id": 681, "country_iso": "USA"}, {"h3index": "872a93119ffffff", "population_2015": 2527.0365053880437, "total_built_mass_tons": 2195328.3600165593, "city_id": 681, "country_iso": "USA"}, {"h3index": "872a9311affffff", "population_2015": 634.8819071948528, "total_built_mass_tons": 3610674.1402734816, "city_id": 681, "country_iso": "USA"}, {"h3index": "872a9311bffffff", "population_2015": 1132.569407843886, "total_built_mass_tons": 2648804.8213375947, "city_id": 681, "country_iso": "USA"}, {"h3index": "872a9311cffffff", "population_2015": 2108.11896536061, "total_built_mass_tons": 1688448.40224679, "city_id": 681, "country_iso": "USA"}, {"h3index": "872a9311dffffff", "population_2015": 1927.9531943798647, "total_built_mass_tons": 1523912.2345509029, "city_id": 681, "country_iso": "USA"}, {"h3index": "872a9311effffff", "population_2015": 18.950882686681897, "total_built_mass_tons": 3446096.2422676133, "city_id": 681, "country_iso": "USA"}, {"h3index": "872a93120ffffff", "population_2015": 2989.084085559787, "total_built_mass_tons": 1450480.5146083117, "city_id": 681, "country_iso": "USA"}, {"h3index": "872a93121ffffff", "population_2015": 1338.081738049318, "total_built_mass_tons": 859398.6139410051, "city_id": 681, "country_iso": "USA"}, {"h3index": "872a93122ffffff", "population_2015": 3684.4208548111073, "total_built_mass_tons": 1596065.209088848, "city_id": 681, "country_iso": "USA"}, {"h3index": "872a93123ffffff", "population_2015": 3842.914868069337, "total_built_mass_tons": 2124429.0202970393, "city_id": 681, "country_iso": "USA"}, {"h3index": "872a93124ffffff", "population_2015": 1.431504279491948, "total_built_mass_tons": 1553.208466820029, "city_id": 681, "country_iso": "USA"}, {"h3index": "872a93126ffffff", "population_2015": 1655.58676423185, "total_built_mass_tons": 950616.2287532592, "city_id": 681, "country_iso": "USA"}, {"h3index": "872a93128ffffff", "population_2015": 3455.0554172335155, "total_built_mass_tons": 1787012.886651179, "city_id": 681, "country_iso": "USA"}, {"h3index": "872a93129ffffff", "population_2015": 1521.0244666366011, "total_built_mass_tons": 594786.5518285875, "city_id": 681, "country_iso": "USA"}, {"h3index": "872a9312affffff", "population_2015": 2460.154753007199, "total_built_mass_tons": 2672516.7470111265, "city_id": 681, "country_iso": "USA"}, {"h3index": "872a9312bffffff", "population_2015": 3922.5911172764854, "total_built_mass_tons": 2505977.8472653525, "city_id": 681, "country_iso": "USA"}, {"h3index": "872a9312cffffff", "population_2015": 591.9552649411612, "total_built_mass_tons": 992061.5987576108, "city_id": 681, "country_iso": "USA"}, {"h3index": "872a9312dffffff", "population_2015": 221.5350665812399, "total_built_mass_tons": 126600.85449573536, "city_id": 681, "country_iso": "USA"}, {"h3index": "872a9312effffff", "population_2015": 3661.543049910402, "total_built_mass_tons": 1981330.1298758597, "city_id": 681, "country_iso": "USA"}, {"h3index": "872a93130ffffff", "population_2015": 1732.828292050739, "total_built_mass_tons": 1529912.0543968305, "city_id": 681, "country_iso": "USA"}, {"h3index": "872a93131ffffff", "population_2015": 1252.549097145831, "total_built_mass_tons": 2415213.41241632, "city_id": 681, "country_iso": "USA"}, {"h3index": "872a93132ffffff", "population_2015": 2583.218737910483, "total_built_mass_tons": 1147806.8587167228, "city_id": 681, "country_iso": "USA"}, {"h3index": "872a93133ffffff", "population_2015": 4013.4551639233514, "total_built_mass_tons": 1833303.541563617, "city_id": 681, "country_iso": "USA"}, {"h3index": "872a93134ffffff", "population_2015": 252.79103839724667, "total_built_mass_tons": 126002.79232017417, "city_id": 681, "country_iso": "USA"}, {"h3index": "872a93135ffffff", "population_2015": 588.9496618469263, "total_built_mass_tons": 945278.5794793908, "city_id": 681, "country_iso": "USA"}, {"h3index": "872a93136ffffff", "population_2015": 79.63133795308129, "total_built_mass_tons": 74573.8923417899, "city_id": 681, "country_iso": "USA"}, {"h3index": "872a93176ffffff", "population_2015": 75.43978638041253, "total_built_mass_tons": 47774.72872370965, "city_id": 681, "country_iso": "USA"}, {"h3index": "872a93180ffffff", "population_2015": 4742.6694782937275, "total_built_mass_tons": 2041152.8300436605, "city_id": 681, "country_iso": "USA"}, {"h3index": "872a93181ffffff", "population_2015": 3180.6132356546245, "total_built_mass_tons": 1836626.0760965971, "city_id": 681, "country_iso": "USA"}, {"h3index": "872a93183ffffff", "population_2015": 2931.0956335196306, "total_built_mass_tons": 1704242.0979164934, "city_id": 681, "country_iso": "USA"}, {"h3index": "872a93184ffffff", "population_2015": 4253.097753664093, "total_built_mass_tons": 1900687.9853402495, "city_id": 681, "country_iso": "USA"}, {"h3index": "872a93185ffffff", "population_2015": 2326.0017559105117, "total_built_mass_tons": 2139043.932482945, "city_id": 681, "country_iso": "USA"}, {"h3index": "872a93186ffffff", "population_2015": 1000.2394930746044, "total_built_mass_tons": 510502.9540650924, "city_id": 681, "country_iso": "USA"}, {"h3index": "872a9318effffff", "population_2015": 421.28295625424863, "total_built_mass_tons": 155808.53866544965, "city_id": 681, "country_iso": "USA"}, {"h3index": "872a931a0ffffff", "population_2015": 229.5583372389642, "total_built_mass_tons": 1794001.1273073305, "city_id": 681, "country_iso": "USA"}, {"h3index": "872a931a1ffffff", "population_2015": 191.78538890158407, "total_built_mass_tons": 2268916.590734497, "city_id": 681, "country_iso": "USA"}, {"h3index": "872a931a2ffffff", "population_2015": 4006.1905474076098, "total_built_mass_tons": 2764568.3824504754, "city_id": 681, "country_iso": "USA"}, {"h3index": "872a931a3ffffff", "population_2015": 6145.8760645299935, "total_built_mass_tons": 2601642.218748418, "city_id": 681, "country_iso": "USA"}, {"h3index": "872a931a6ffffff", "population_2015": 340.3094901907203, "total_built_mass_tons": 848462.9768765401, "city_id": 681, "country_iso": "USA"}, {"h3index": "872a931a8ffffff", "population_2015": 3194.61875722867, "total_built_mass_tons": 2720662.3222822016, "city_id": 681, "country_iso": "USA"}, {"h3index": "872a931a9ffffff", "population_2015": 1771.7422069285428, "total_built_mass_tons": 1767178.6806157196, "city_id": 681, "country_iso": "USA"}, {"h3index": "872a931aaffffff", "population_2015": 5717.728767992665, "total_built_mass_tons": 2566291.319081934, "city_id": 681, "country_iso": "USA"}, {"h3index": "872a931abffffff", "population_2015": 2246.23326751291, "total_built_mass_tons": 1496446.7490155748, "city_id": 681, "country_iso": "USA"}, {"h3index": "872a931acffffff", "population_2015": 316.5034878206567, "total_built_mass_tons": 3565666.9967376986, "city_id": 681, "country_iso": "USA"}, {"h3index": "872a931adffffff", "population_2015": 3300.062109977181, "total_built_mass_tons": 3372377.3314102227, "city_id": 681, "country_iso": "USA"}, {"h3index": "872a931aeffffff", "population_2015": 5035.9681389183415, "total_built_mass_tons": 2195130.581526799, "city_id": 681, "country_iso": "USA"}, {"h3index": "872a931b0ffffff", "population_2015": 6.183180338728662, "total_built_mass_tons": 19580.158174891854, "city_id": 681, "country_iso": "USA"}, {"h3index": "872a931b1ffffff", "population_2015": 3776.166966518703, "total_built_mass_tons": 2138839.0739970226, "city_id": 681, "country_iso": "USA"}, {"h3index": "872a931b3ffffff", "population_2015": 108.98238952253378, "total_built_mass_tons": 77356.42699933167, "city_id": 681, "country_iso": "USA"}, {"h3index": "872a931b4ffffff", "population_2015": 242.61548191696116, "total_built_mass_tons": 136795.2015473268, "city_id": 681, "country_iso": "USA"}, {"h3index": "872a931b5ffffff", "population_2015": 5801.187985671792, "total_built_mass_tons": 2082181.4841721817, "city_id": 681, "country_iso": "USA"}, {"h3index": "872a93724ffffff", "population_2015": 521.711354373483, "total_built_mass_tons": 214112.13257497104, "city_id": 681, "country_iso": "USA"}, {"h3index": "872a93725ffffff", "population_2015": 707.9931013032501, "total_built_mass_tons": 228590.6834514731, "city_id": 681, "country_iso": "USA"}, {"h3index": "872a93c4affffff", "population_2015": 1474.733336756042, "total_built_mass_tons": 1090842.5037788884, "city_id": 681, "country_iso": "USA"}, {"h3index": "872a93c4dffffff", "population_2015": 25.14242588305006, "total_built_mass_tons": 24122.931701732203, "city_id": 681, "country_iso": "USA"}, {"h3index": "872a93c51ffffff", "population_2015": 84.33751230286617, "total_built_mass_tons": 56996.3672959635, "city_id": 681, "country_iso": "USA"}, {"h3index": "872a93c52ffffff", "population_2015": 1.5782770586948769, "total_built_mass_tons": 914.3127708371156, "city_id": 681, "country_iso": "USA"}, {"h3index": "872a93c53ffffff", "population_2015": 3620.0539091180344, "total_built_mass_tons": 1840785.019650014, "city_id": 681, "country_iso": "USA"}, {"h3index": "872a93c58ffffff", "population_2015": 6754.667181561859, "total_built_mass_tons": 2460316.4271967057, "city_id": 681, "country_iso": "USA"}, {"h3index": "872a93c59ffffff", "population_2015": 345.28039571397437, "total_built_mass_tons": 235693.81664599857, "city_id": 681, "country_iso": "USA"}, {"h3index": "872a93c5affffff", "population_2015": 5719.5476251715, "total_built_mass_tons": 2465189.921641243, "city_id": 681, "country_iso": "USA"}, {"h3index": "872a93c5bffffff", "population_2015": 7962.896313802019, "total_built_mass_tons": 3088669.405641047, "city_id": 681, "country_iso": "USA"}, {"h3index": "872a93c5cffffff", "population_2015": 392.1729288949686, "total_built_mass_tons": 183421.05418443473, "city_id": 681, "country_iso": "USA"}, {"h3index": "872a93c5dffffff", "population_2015": 1992.8824955165385, "total_built_mass_tons": 1064637.6992588865, "city_id": 681, "country_iso": "USA"}, {"h3index": "872a93c5effffff", "population_2015": 5734.885083024517, "total_built_mass_tons": 2614881.429217187, "city_id": 681, "country_iso": "USA"}, {"h3index": "872a93ce8ffffff", "population_2015": 1098.176533408492, "total_built_mass_tons": 421584.9328216641, "city_id": 681, "country_iso": "USA"}, {"h3index": "872a93ce9ffffff", "population_2015": 620.6210839293752, "total_built_mass_tons": 321359.8973079102, "city_id": 681, "country_iso": "USA"}, {"h3index": "872a93cecffffff", "population_2015": 1021.0975659977864, "total_built_mass_tons": 627637.6597698745, "city_id": 681, "country_iso": "USA"}, {"h3index": "872a93cedffffff", "population_2015": 7545.356942300587, "total_built_mass_tons": 2494713.546693938, "city_id": 681, "country_iso": "USA"}]