[{"h3index": "87481a626ffffff", "population_2015": 536.5624020922418, "total_built_mass_tons": 140894.2239850098, "city_id": 117, "country_iso": "MEX"}, {"h3index": "87481a634ffffff", "population_2015": 6080.323410419507, "total_built_mass_tons": 672335.1385497252, "city_id": 117, "country_iso": "MEX"}, {"h3index": "87481a718ffffff", "population_2015": 21692.834035501757, "total_built_mass_tons": 3181104.486483638, "city_id": 117, "country_iso": "MEX"}, {"h3index": "87481a719ffffff", "population_2015": 10291.253888474255, "total_built_mass_tons": 1526271.760667116, "city_id": 117, "country_iso": "MEX"}, {"h3index": "87481a71affffff", "population_2015": 17523.30472217022, "total_built_mass_tons": 2038191.960401652, "city_id": 117, "country_iso": "MEX"}, {"h3index": "87481a71bffffff", "population_2015": 14668.9105646442, "total_built_mass_tons": 3454579.8057351196, "city_id": 117, "country_iso": "MEX"}, {"h3index": "87481a71cffffff", "population_2015": 9398.956234391528, "total_built_mass_tons": 865918.3579692747, "city_id": 117, "country_iso": "MEX"}, {"h3index": "87481a71effffff", "population_2015": 15790.79298071838, "total_built_mass_tons": 1542595.1853482667, "city_id": 117, "country_iso": "MEX"}, {"h3index": "87481a7a9ffffff", "population_2015": 8.649500927621244, "total_built_mass_tons": 41103.677469047405, "city_id": 117, "country_iso": "MEX"}, {"h3index": "87481a7adffffff", "population_2015": 1958.3722465702128, "total_built_mass_tons": 214894.3382345419, "city_id": 117, "country_iso": "MEX"}]