[{"h3index":"8740e1580ffffff","population_2015":13073.1888915534,"total_built_mass_tons":1982626.1494439729,"city_id":10334,"country_iso":"CHN"},{"h3index":"8740e1581ffffff","population_2015":4468.9439116955,"total_built_mass_tons":750487.0516645284,"city_id":10334,"country_iso":"CHN"},{"h3index":"8740e1582ffffff","population_2015":21335.2236916701,"total_built_mass_tons":2315139.7594242916,"city_id":10334,"country_iso":"CHN"},{"h3index":"8740e1583ffffff","population_2015":22274.7959940415,"total_built_mass_tons":3709268.3268964286,"city_id":10334,"country_iso":"CHN"},{"h3index":"8740e1585ffffff","population_2015":7479.1988759003,"total_built_mass_tons":1266006.5163072944,"city_id":10334,"country_iso":"CHN"},{"h3index":"8740e1586ffffff","population_2015":203.9568031405,"total_built_mass_tons":133780.6306511354,"city_id":10334,"country_iso":"CHN"},{"h3index":"8740e158cffffff","population_2015":4.5279374543,"total_built_mass_tons":7392.5731235159,"city_id":10334,"country_iso":"CHN"},{"h3index":"8740e158effffff","population_2015":2130.9817816762,"total_built_mass_tons":950146.4659046788,"city_id":10334,"country_iso":"CHN"},{"h3index":"8740e1590ffffff","population_2015":1100.825286063,"total_built_mass_tons":366050.956698378,"city_id":10334,"country_iso":"CHN"},{"h3index":"8740e1591ffffff","population_2015":16924.794227523,"total_built_mass_tons":3492885.6053190124,"city_id":10334,"country_iso":"CHN"},{"h3index":"8740e1592ffffff","population_2015":2491.4909139657,"total_built_mass_tons":581904.3875321671,"city_id":10334,"country_iso":"CHN"},{"h3index":"8740e1593ffffff","population_2015":13845.3477099718,"total_built_mass_tons":3455212.8491549068,"city_id":10334,"country_iso":"CHN"},{"h3index":"8740e1595ffffff","population_2015":1085.81406214,"total_built_mass_tons":420253.0906894464,"city_id":10334,"country_iso":"CHN"},{"h3index":"8740e1596ffffff","population_2015":20.0026265855,"total_built_mass_tons":10893.3125990583,"city_id":10334,"country_iso":"CHN"},{"h3index":"8740e1598ffffff","population_2015":9034.8682223509,"total_built_mass_tons":2351815.260198893,"city_id":10334,"country_iso":"CHN"},{"h3index":"8740e1599ffffff","population_2015":15.7694958107,"total_built_mass_tons":12624.8217874547,"city_id":10334,"country_iso":"CHN"},{"h3index":"8740e159affffff","population_2015":6965.4218922821,"total_built_mass_tons":1400587.1247555178,"city_id":10334,"country_iso":"CHN"},{"h3index":"8740e159cffffff","population_2015":50336.4662580977,"total_built_mass_tons":9900943.7707562353,"city_id":10334,"country_iso":"CHN"},{"h3index":"8740e159dffffff","population_2015":7404.8541039341,"total_built_mass_tons":1780989.4137684889,"city_id":10334,"country_iso":"CHN"},{"h3index":"8740e159effffff","population_2015":38370.5137222328,"total_built_mass_tons":6286422.3820837811,"city_id":10334,"country_iso":"CHN"},{"h3index":"8740e15a8ffffff","population_2015":124.6299022188,"total_built_mass_tons":55682.6872983685,"city_id":10334,"country_iso":"CHN"},{"h3index":"8740e15aaffffff","population_2015":876.3422536756,"total_built_mass_tons":213282.6835466186,"city_id":10334,"country_iso":"CHN"},{"h3index":"8740e15aeffffff","population_2015":1745.6622401808,"total_built_mass_tons":582986.9006531265,"city_id":10334,"country_iso":"CHN"},{"h3index":"8740e3961ffffff","population_2015":72.3360344606,"total_built_mass_tons":42394.1725527014,"city_id":10334,"country_iso":"CHN"},{"h3index":"8740e396cffffff","population_2015":138.9536432145,"total_built_mass_tons":207348.5030388894,"city_id":10334,"country_iso":"CHN"},{"h3index":"8740e396dffffff","population_2015":4830.4479167854,"total_built_mass_tons":2197344.204771237,"city_id":10334,"country_iso":"CHN"}]