[{"h3index": "871968209ffffff", "population_2015": 1113.591321995679, "total_built_mass_tons": 501738.7694720167, "city_id": 2155, "country_iso": "NLD"}, {"h3index": "871968250ffffff", "population_2015": 13225.464968735563, "total_built_mass_tons": 3325806.515834365, "city_id": 2155, "country_iso": "NLD"}, {"h3index": "871968251ffffff", "population_2015": 7461.38927033976, "total_built_mass_tons": 2200356.0446752566, "city_id": 2155, "country_iso": "NLD"}, {"h3index": "871968252ffffff", "population_2015": 1002.2953675924564, "total_built_mass_tons": 551305.1349827588, "city_id": 2155, "country_iso": "NLD"}, {"h3index": "871968253ffffff", "population_2015": 21521.028786756477, "total_built_mass_tons": 4317054.999676472, "city_id": 2155, "country_iso": "NLD"}, {"h3index": "871968254ffffff", "population_2015": 6104.137738504597, "total_built_mass_tons": 2923262.904670718, "city_id": 2155, "country_iso": "NLD"}, {"h3index": "871968256ffffff", "population_2015": 1283.888426646999, "total_built_mass_tons": 636192.4592758915, "city_id": 2155, "country_iso": "NLD"}, {"h3index": "871968258ffffff", "population_2015": 5388.32064160833, "total_built_mass_tons": 1496266.0460405226, "city_id": 2155, "country_iso": "NLD"}, {"h3index": "871968259ffffff", "population_2015": 584.6359264972162, "total_built_mass_tons": 359371.06550395454, "city_id": 2155, "country_iso": "NLD"}, {"h3index": "87196825affffff", "population_2015": 15855.664619808573, "total_built_mass_tons": 3443849.1473043384, "city_id": 2155, "country_iso": "NLD"}, {"h3index": "87196825bffffff", "population_2015": 4400.133660265978, "total_built_mass_tons": 1310787.569782521, "city_id": 2155, "country_iso": "NLD"}, {"h3index": "87196825cffffff", "population_2015": 1914.961759814562, "total_built_mass_tons": 1008354.8808480426, "city_id": 2155, "country_iso": "NLD"}, {"h3index": "87196825dffffff", "population_2015": 27.220387402702784, "total_built_mass_tons": 32598.588095625757, "city_id": 2155, "country_iso": "NLD"}, {"h3index": "87196825effffff", "population_2015": 22289.531650393612, "total_built_mass_tons": 5528774.767917439, "city_id": 2155, "country_iso": "NLD"}, {"h3index": "871968272ffffff", "population_2015": 39.585990094203574, "total_built_mass_tons": 27601.997341150396, "city_id": 2155, "country_iso": "NLD"}, {"h3index": "8719682e8ffffff", "population_2015": 4.819950567507276, "total_built_mass_tons": 2308.9536179673114, "city_id": 2155, "country_iso": "NLD"}, {"h3index": "8719682e9ffffff", "population_2015": 6859.76376878514, "total_built_mass_tons": 2010913.4568428688, "city_id": 2155, "country_iso": "NLD"}, {"h3index": "8719682ecffffff", "population_2015": 2315.9102476774474, "total_built_mass_tons": 784803.8288477508, "city_id": 2155, "country_iso": "NLD"}, {"h3index": "8719682edffffff", "population_2015": 18106.830814111003, "total_built_mass_tons": 4427018.351373389, "city_id": 2155, "country_iso": "NLD"}, {"h3index": "8719695b0ffffff", "population_2015": 696.1139454131035, "total_built_mass_tons": 307282.91087876237, "city_id": 2155, "country_iso": "NLD"}, {"h3index": "8719695b4ffffff", "population_2015": 5606.700311394299, "total_built_mass_tons": 2237833.762937536, "city_id": 2155, "country_iso": "NLD"}, {"h3index": "8719695b6ffffff", "population_2015": 989.373633689506, "total_built_mass_tons": 459858.45504154614, "city_id": 2155, "country_iso": "NLD"}]