[{"h3index":"872d51025ffffff","population_2015":119.2021856588,"total_built_mass_tons":60348.4046308674,"city_id":4536,"country_iso":"RUS"},{"h3index":"872d5102cffffff","population_2015":1600.7870498096,"total_built_mass_tons":563080.2193196468,"city_id":4536,"country_iso":"RUS"},{"h3index":"872d51060ffffff","population_2015":56.2727962494,"total_built_mass_tons":4226.4906350008,"city_id":4536,"country_iso":"RUS"},{"h3index":"872d51064ffffff","population_2015":3785.2158057419,"total_built_mass_tons":1209281.48491331,"city_id":4536,"country_iso":"RUS"},{"h3index":"872d51065ffffff","population_2015":11.3865902358,"total_built_mass_tons":5194.9466028543,"city_id":4536,"country_iso":"RUS"},{"h3index":"872d51066ffffff","population_2015":5306.5089107289,"total_built_mass_tons":1297855.3368655362,"city_id":4536,"country_iso":"RUS"},{"h3index":"872d51075ffffff","population_2015":185.565403626,"total_built_mass_tons":115424.6844913599,"city_id":4536,"country_iso":"RUS"},{"h3index":"872d51140ffffff","population_2015":9872.5714176215,"total_built_mass_tons":2108385.2192332461,"city_id":4536,"country_iso":"RUS"},{"h3index":"872d51141ffffff","population_2015":6268.8939457332,"total_built_mass_tons":2042001.7332644316,"city_id":4536,"country_iso":"RUS"},{"h3index":"872d51142ffffff","population_2015":6198.9972328448,"total_built_mass_tons":1211976.521401668,"city_id":4536,"country_iso":"RUS"},{"h3index":"872d51143ffffff","population_2015":15540.6905585158,"total_built_mass_tons":3707702.4592803251,"city_id":4536,"country_iso":"RUS"},{"h3index":"872d51146ffffff","population_2015":6531.5625061652,"total_built_mass_tons":1659453.5983016554,"city_id":4536,"country_iso":"RUS"},{"h3index":"872d51149ffffff","population_2015":1116.125195262,"total_built_mass_tons":658907.1775241843,"city_id":4536,"country_iso":"RUS"},{"h3index":"872d5114affffff","population_2015":9694.2174007079,"total_built_mass_tons":2946887.269182492,"city_id":4536,"country_iso":"RUS"},{"h3index":"872d5114bffffff","population_2015":198.8772393058,"total_built_mass_tons":82726.4632648975,"city_id":4536,"country_iso":"RUS"},{"h3index":"872d5114cffffff","population_2015":3681.311906909,"total_built_mass_tons":1354688.946935595,"city_id":4536,"country_iso":"RUS"},{"h3index":"872d5114dffffff","population_2015":2914.9961825305,"total_built_mass_tons":2607891.267838263,"city_id":4536,"country_iso":"RUS"},{"h3index":"872d5114effffff","population_2015":1028.2111514405,"total_built_mass_tons":357531.935430603,"city_id":4536,"country_iso":"RUS"},{"h3index":"872d51150ffffff","population_2015":17738.8606867435,"total_built_mass_tons":5581548.962037757,"city_id":4536,"country_iso":"RUS"},{"h3index":"872d51151ffffff","population_2015":16158.9175062703,"total_built_mass_tons":4123331.6916555748,"city_id":4536,"country_iso":"RUS"},{"h3index":"872d51152ffffff","population_2015":9728.51523344,"total_built_mass_tons":3788910.8345213379,"city_id":4536,"country_iso":"RUS"},{"h3index":"872d51153ffffff","population_2015":1387.2689538544,"total_built_mass_tons":610586.6125975768,"city_id":4536,"country_iso":"RUS"},{"h3index":"872d51154ffffff","population_2015":417.2958033094,"total_built_mass_tons":214989.1040458684,"city_id":4536,"country_iso":"RUS"},{"h3index":"872d51155ffffff","population_2015":2747.618950079,"total_built_mass_tons":673535.7729150809,"city_id":4536,"country_iso":"RUS"},{"h3index":"872d51156ffffff","population_2015":1451.0356956192,"total_built_mass_tons":646527.3708101646,"city_id":4536,"country_iso":"RUS"},{"h3index":"872d51158ffffff","population_2015":20826.1164950689,"total_built_mass_tons":6142007.3870499004,"city_id":4536,"country_iso":"RUS"},{"h3index":"872d51159ffffff","population_2015":21499.1054235271,"total_built_mass_tons":4238179.2285934743,"city_id":4536,"country_iso":"RUS"},{"h3index":"872d5115affffff","population_2015":2175.9073020823,"total_built_mass_tons":504124.3665707539,"city_id":4536,"country_iso":"RUS"},{"h3index":"872d5115bffffff","population_2015":7753.7290781059,"total_built_mass_tons":2325028.4710417595,"city_id":4536,"country_iso":"RUS"},{"h3index":"872d5115cffffff","population_2015":24557.7830213809,"total_built_mass_tons":5139155.3969781157,"city_id":4536,"country_iso":"RUS"},{"h3index":"872d5115dffffff","population_2015":17735.9258873846,"total_built_mass_tons":3746287.9379309374,"city_id":4536,"country_iso":"RUS"},{"h3index":"872d5115effffff","population_2015":11354.1860675587,"total_built_mass_tons":3080894.5813835645,"city_id":4536,"country_iso":"RUS"},{"h3index":"872d5116affffff","population_2015":293.246753486,"total_built_mass_tons":163167.8812851382,"city_id":4536,"country_iso":"RUS"},{"h3index":"872d5116bffffff","population_2015":597.8344866556,"total_built_mass_tons":441615.1389158501,"city_id":4536,"country_iso":"RUS"},{"h3index":"872d51a82ffffff","population_2015":254.7071497805,"total_built_mass_tons":156959.7540709198,"city_id":4536,"country_iso":"RUS"},{"h3index":"872d51a90ffffff","population_2015":346.6374272861,"total_built_mass_tons":367533.4910735343,"city_id":4536,"country_iso":"RUS"},{"h3index":"872d51a91ffffff","population_2015":535.4325150424,"total_built_mass_tons":522168.6626722026,"city_id":4536,"country_iso":"RUS"},{"h3index":"872d51a94ffffff","population_2015":6359.2083391311,"total_built_mass_tons":3370537.7717944477,"city_id":4536,"country_iso":"RUS"},{"h3index":"872d51a95ffffff","population_2015":2935.1146919554,"total_built_mass_tons":1989030.5406661064,"city_id":4536,"country_iso":"RUS"},{"h3index":"872d51a96ffffff","population_2015":73.7031311447,"total_built_mass_tons":56194.2337490671,"city_id":4536,"country_iso":"RUS"},{"h3index":"872d51ab2ffffff","population_2015":3159.0991056676,"total_built_mass_tons":1919415.1479219864,"city_id":4536,"country_iso":"RUS"},{"h3index":"872d51ab3ffffff","population_2015":1187.0376677532,"total_built_mass_tons":925016.4366813664,"city_id":4536,"country_iso":"RUS"},{"h3index":"872d51ab6ffffff","population_2015":536.7082180968,"total_built_mass_tons":334451.6786406196,"city_id":4536,"country_iso":"RUS"}]