[{"h3index": "876013021ffffff", "population_2015": 732.9856364007089, "total_built_mass_tons": 62563.12710351305, "city_id": 7602, "country_iso": "IND"}, {"h3index": "876013025ffffff", "population_2015": 16075.60605060353, "total_built_mass_tons": 1320339.6853600838, "city_id": 7602, "country_iso": "IND"}, {"h3index": "876013108ffffff", "population_2015": 2520.288609687955, "total_built_mass_tons": 274889.0934507283, "city_id": 7602, "country_iso": "IND"}, {"h3index": "876013109ffffff", "population_2015": 3603.924934484444, "total_built_mass_tons": 383614.95385930093, "city_id": 7602, "country_iso": "IND"}, {"h3index": "87601310bffffff", "population_2015": 15376.315303750134, "total_built_mass_tons": 1359253.9203739166, "city_id": 7602, "country_iso": "IND"}, {"h3index": "87601310dffffff", "population_2015": 159.6909750994514, "total_built_mass_tons": 27619.810467179173, "city_id": 7602, "country_iso": "IND"}, {"h3index": "87601310effffff", "population_2015": 56.28311634063721, "total_built_mass_tons": 29874.7160760278, "city_id": 7602, "country_iso": "IND"}, {"h3index": "876013150ffffff", "population_2015": 3707.0480574439553, "total_built_mass_tons": 432066.7766659972, "city_id": 7602, "country_iso": "IND"}, {"h3index": "876013152ffffff", "population_2015": 17482.457994274064, "total_built_mass_tons": 1623662.001635105, "city_id": 7602, "country_iso": "IND"}, {"h3index": "876013153ffffff", "population_2015": 64.59343528747559, "total_built_mass_tons": 69797.91602745019, "city_id": 7602, "country_iso": "IND"}, {"h3index": "876013154ffffff", "population_2015": 2557.3911686803776, "total_built_mass_tons": 303368.30394746544, "city_id": 7602, "country_iso": "IND"}, {"h3index": "876013156ffffff", "population_2015": 32538.583017311845, "total_built_mass_tons": 3137103.6674097376, "city_id": 7602, "country_iso": "IND"}, {"h3index": "876013172ffffff", "population_2015": 271.69683146757234, "total_built_mass_tons": 53745.976269399616, "city_id": 7602, "country_iso": "IND"}]