[{"h3index":"8724ebb01ffffff","population_2015":1763.3902853031,"total_built_mass_tons":726646.4598380295,"city_id":10214,"country_iso":"CHN"},{"h3index":"8724ebb02ffffff","population_2015":46.3637752423,"total_built_mass_tons":16637.2290852758,"city_id":10214,"country_iso":"CHN"},{"h3index":"8724ebb03ffffff","population_2015":1461.9249174901,"total_built_mass_tons":1131702.2874812472,"city_id":10214,"country_iso":"CHN"},{"h3index":"8724ebb05ffffff","population_2015":745.0769431675,"total_built_mass_tons":241818.4975145185,"city_id":10214,"country_iso":"CHN"},{"h3index":"8724ebb08ffffff","population_2015":427.0612911823,"total_built_mass_tons":350281.0404962311,"city_id":10214,"country_iso":"CHN"},{"h3index":"8724ebb0cffffff","population_2015":12873.3669717583,"total_built_mass_tons":2270833.6768046143,"city_id":10214,"country_iso":"CHN"},{"h3index":"8724ebb0dffffff","population_2015":3716.9394461688,"total_built_mass_tons":1851618.6093771935,"city_id":10214,"country_iso":"CHN"},{"h3index":"8724ebb0effffff","population_2015":2479.7397680385,"total_built_mass_tons":1853621.2571346397,"city_id":10214,"country_iso":"CHN"},{"h3index":"8724ebb1cffffff","population_2015":5.3550376088,"total_built_mass_tons":12513.9304701802,"city_id":10214,"country_iso":"CHN"},{"h3index":"8724ebb28ffffff","population_2015":8996.695293449,"total_built_mass_tons":1753403.0420510112,"city_id":10214,"country_iso":"CHN"},{"h3index":"8724ebb29ffffff","population_2015":1717.7635906481,"total_built_mass_tons":1088297.2935518925,"city_id":10214,"country_iso":"CHN"},{"h3index":"8724ebb2affffff","population_2015":23502.2749557532,"total_built_mass_tons":3766494.010755653,"city_id":10214,"country_iso":"CHN"},{"h3index":"8724ebb2bffffff","population_2015":16182.609142741,"total_built_mass_tons":3383436.1881416496,"city_id":10214,"country_iso":"CHN"},{"h3index":"8724ebb2dffffff","population_2015":52.9031628478,"total_built_mass_tons":20059.3134642422,"city_id":10214,"country_iso":"CHN"},{"h3index":"8724ebb2effffff","population_2015":2535.9185869815,"total_built_mass_tons":305395.0782725416,"city_id":10214,"country_iso":"CHN"},{"h3index":"8724ebb74ffffff","population_2015":5.2666557705,"total_built_mass_tons":10514.9996943872,"city_id":10214,"country_iso":"CHN"},{"h3index":"8724ebb76ffffff","population_2015":6972.7497206838,"total_built_mass_tons":1772934.2725264579,"city_id":10214,"country_iso":"CHN"}]