[{"h3index": "874090900ffffff", "population_2015": 1381.49447584199, "total_built_mass_tons": 1679753.563117033, "city_id": 11085, "country_iso": "CHN"}, {"h3index": "874090902ffffff", "population_2015": 278.15362096861304, "total_built_mass_tons": 409708.1992297605, "city_id": 11085, "country_iso": "CHN"}, {"h3index": "874090904ffffff", "population_2015": 21.75143685808369, "total_built_mass_tons": 12756.42335005401, "city_id": 11085, "country_iso": "CHN"}, {"h3index": "874090906ffffff", "population_2015": 4812.232297162448, "total_built_mass_tons": 2796548.999570839, "city_id": 11085, "country_iso": "CHN"}, {"h3index": "874090914ffffff", "population_2015": 18103.07349674001, "total_built_mass_tons": 4486236.4740283135, "city_id": 11085, "country_iso": "CHN"}, {"h3index": "874090915ffffff", "population_2015": 665.419548547969, "total_built_mass_tons": 846932.3529376609, "city_id": 11085, "country_iso": "CHN"}, {"h3index": "874090916ffffff", "population_2015": 1013.6801071512932, "total_built_mass_tons": 363609.44067618926, "city_id": 11085, "country_iso": "CHN"}, {"h3index": "874090930ffffff", "population_2015": 12451.961620908629, "total_built_mass_tons": 2329517.4434185876, "city_id": 11085, "country_iso": "CHN"}, {"h3index": "874090931ffffff", "population_2015": 692.3013192036574, "total_built_mass_tons": 355629.62123988423, "city_id": 11085, "country_iso": "CHN"}, {"h3index": "874090932ffffff", "population_2015": 31453.72403421964, "total_built_mass_tons": 5610285.167836145, "city_id": 11085, "country_iso": "CHN"}, {"h3index": "874090933ffffff", "population_2015": 15576.023563046549, "total_built_mass_tons": 5009746.585472727, "city_id": 11085, "country_iso": "CHN"}, {"h3index": "874090935ffffff", "population_2015": 266.5044791184219, "total_built_mass_tons": 291942.8242880358, "city_id": 11085, "country_iso": "CHN"}, {"h3index": "874090936ffffff", "population_2015": 915.3769313045576, "total_built_mass_tons": 530220.8244774165, "city_id": 11085, "country_iso": "CHN"}, {"h3index": "874094648ffffff", "population_2015": 686.3394051149783, "total_built_mass_tons": 527146.4282428869, "city_id": 11085, "country_iso": "CHN"}, {"h3index": "874094649ffffff", "population_2015": 10686.649738491284, "total_built_mass_tons": 2120040.031930143, "city_id": 11085, "country_iso": "CHN"}, {"h3index": "87409464bffffff", "population_2015": 277.27621705391823, "total_built_mass_tons": 362602.6441337245, "city_id": 11085, "country_iso": "CHN"}, {"h3index": "87409464cffffff", "population_2015": 470.13625760265427, "total_built_mass_tons": 291327.60267057834, "city_id": 11085, "country_iso": "CHN"}, {"h3index": "87409464dffffff", "population_2015": 4987.195761553447, "total_built_mass_tons": 1924069.9770078177, "city_id": 11085, "country_iso": "CHN"}, {"h3index": "87409464effffff", "population_2015": 3.5801944938360477, "total_built_mass_tons": 2439.719680207066, "city_id": 11085, "country_iso": "CHN"}, {"h3index": "87409466bffffff", "population_2015": 43.117629378449685, "total_built_mass_tons": 40005.296357781, "city_id": 11085, "country_iso": "CHN"}]