[{"h3index":"872baa0c8ffffff","population_2015":33.6786154354,"total_built_mass_tons":23901.2241264663,"city_id":1027,"country_iso":"CAN"},{"h3index":"872baa0c9ffffff","population_2015":3146.6977713241,"total_built_mass_tons":1375438.4986599532,"city_id":1027,"country_iso":"CAN"},{"h3index":"872baa0caffffff","population_2015":9491.4622995571,"total_built_mass_tons":3153853.5938257109,"city_id":1027,"country_iso":"CAN"},{"h3index":"872baa0cbffffff","population_2015":8289.5956140644,"total_built_mass_tons":3439944.0390870981,"city_id":1027,"country_iso":"CAN"},{"h3index":"872baa0ceffffff","population_2015":1493.8835790298,"total_built_mass_tons":552598.5146207247,"city_id":1027,"country_iso":"CAN"},{"h3index":"872baa0d8ffffff","population_2015":1197.2254083666,"total_built_mass_tons":366313.0472477379,"city_id":1027,"country_iso":"CAN"},{"h3index":"872baa0d9ffffff","population_2015":3076.9836842993,"total_built_mass_tons":1549774.4200545452,"city_id":1027,"country_iso":"CAN"},{"h3index":"872baa0dcffffff","population_2015":729.6015475953,"total_built_mass_tons":274197.8993219095,"city_id":1027,"country_iso":"CAN"},{"h3index":"872baa0ddffffff","population_2015":8670.7193003695,"total_built_mass_tons":2486900.033352864,"city_id":1027,"country_iso":"CAN"},{"h3index":"872baa392ffffff","population_2015":580.6231478878,"total_built_mass_tons":188601.6234951255,"city_id":1027,"country_iso":"CAN"},{"h3index":"872baa394ffffff","population_2015":7.4692437534,"total_built_mass_tons":234022.6988732441,"city_id":1027,"country_iso":"CAN"},{"h3index":"872baa396ffffff","population_2015":5777.4470437819,"total_built_mass_tons":2185999.4923358932,"city_id":1027,"country_iso":"CAN"},{"h3index":"872baa760ffffff","population_2015":564.9347412147,"total_built_mass_tons":1374398.0601376935,"city_id":1027,"country_iso":"CAN"},{"h3index":"872baa764ffffff","population_2015":5638.6087121608,"total_built_mass_tons":3301015.6597941723,"city_id":1027,"country_iso":"CAN"},{"h3index":"872baa765ffffff","population_2015":6862.3839934057,"total_built_mass_tons":2407124.5184268504,"city_id":1027,"country_iso":"CAN"},{"h3index":"872baa766ffffff","population_2015":31.1859571289,"total_built_mass_tons":28222.4674275647,"city_id":1027,"country_iso":"CAN"}]