[{"h3index":"8724c24d3ffffff","population_2015":1836.6283411292,"total_built_mass_tons":341559.2321932271,"city_id":10150,"country_iso":"CHN"},{"h3index":"8724d1b28ffffff","population_2015":118.5230975282,"total_built_mass_tons":221289.6793010921,"city_id":10150,"country_iso":"CHN"},{"h3index":"8724d1b29ffffff","population_2015":397.9855057099,"total_built_mass_tons":543052.3595349304,"city_id":10150,"country_iso":"CHN"},{"h3index":"8724d1b2cffffff","population_2015":2571.4860807793,"total_built_mass_tons":368959.9814003492,"city_id":10150,"country_iso":"CHN"},{"h3index":"8724d1b2dffffff","population_2015":14797.5861932942,"total_built_mass_tons":4360814.7042686585,"city_id":10150,"country_iso":"CHN"}]