[{"h3index":"873c5a021ffffff","population_2015":587.3225503174,"total_built_mass_tons":129472.4376593177,"city_id":10101,"country_iso":"IND"},{"h3index":"873c5a025ffffff","population_2015":45.3927143695,"total_built_mass_tons":9239.0229212898,"city_id":10101,"country_iso":"IND"},{"h3index":"873c5a02cffffff","population_2015":147.3284965029,"total_built_mass_tons":81422.0861134597,"city_id":10101,"country_iso":"IND"},{"h3index":"873c5a152ffffff","population_2015":102.3416269022,"total_built_mass_tons":27713.9342509716,"city_id":10101,"country_iso":"IND"}]