[{"h3index": "876013580ffffff", "population_2015": 6675.964598023659, "total_built_mass_tons": 627446.8254801435, "city_id": 7655, "country_iso": "IND"}, {"h3index": "876013582ffffff", "population_2015": 19003.966522740386, "total_built_mass_tons": 1765966.7397478134, "city_id": 7655, "country_iso": "IND"}, {"h3index": "876013584ffffff", "population_2015": 4232.634838238884, "total_built_mass_tons": 297843.47300075996, "city_id": 7655, "country_iso": "IND"}, {"h3index": "876013586ffffff", "population_2015": 39664.503687226534, "total_built_mass_tons": 3210234.2710422305, "city_id": 7655, "country_iso": "IND"}, {"h3index": "876013590ffffff", "population_2015": 3269.7352925020105, "total_built_mass_tons": 311173.48270317423, "city_id": 7655, "country_iso": "IND"}, {"h3index": "876013591ffffff", "population_2015": 3514.4195941925045, "total_built_mass_tons": 217792.70266685943, "city_id": 7655, "country_iso": "IND"}, {"h3index": "876013594ffffff", "population_2015": 577.2637888291304, "total_built_mass_tons": 70324.98827974508, "city_id": 7655, "country_iso": "IND"}, {"h3index": "876013595ffffff", "population_2015": 38366.165654485376, "total_built_mass_tons": 3169380.741964725, "city_id": 7655, "country_iso": "IND"}, {"h3index": "87601359cffffff", "population_2015": 353.2374103433946, "total_built_mass_tons": 66900.37452225076, "city_id": 7655, "country_iso": "IND"}, {"h3index": "8760135a2ffffff", "population_2015": 1510.5325896693212, "total_built_mass_tons": 201207.28122388135, "city_id": 7655, "country_iso": "IND"}, {"h3index": "8760135b0ffffff", "population_2015": 1019.5082612654742, "total_built_mass_tons": 121199.07811362552, "city_id": 7655, "country_iso": "IND"}, {"h3index": "8760135b1ffffff", "population_2015": 8543.930382851991, "total_built_mass_tons": 769411.3131750526, "city_id": 7655, "country_iso": "IND"}, {"h3index": "8760135b3ffffff", "population_2015": 15500.106465863246, "total_built_mass_tons": 1285155.8444982488, "city_id": 7655, "country_iso": "IND"}, {"h3index": "8760135b5ffffff", "population_2015": 535.1920934938918, "total_built_mass_tons": 73071.77586986827, "city_id": 7655, "country_iso": "IND"}]