[{"h3index":"872a300c1ffffff","population_2015":1865.4617585004,"total_built_mass_tons":1028988.8667475984,"city_id":1022,"country_iso":"USA"},{"h3index":"872a300c2ffffff","population_2015":0.2660220053,"total_built_mass_tons":659.0567518719,"city_id":1022,"country_iso":"USA"},{"h3index":"872a300c3ffffff","population_2015":2258.2914781229,"total_built_mass_tons":1517116.6484860168,"city_id":1022,"country_iso":"USA"},{"h3index":"872a300c8ffffff","population_2015":6124.0092754209,"total_built_mass_tons":1980826.6640156496,"city_id":1022,"country_iso":"USA"},{"h3index":"872a300c9ffffff","population_2015":4252.8252133778,"total_built_mass_tons":1707142.7945675764,"city_id":1022,"country_iso":"USA"},{"h3index":"872a300caffffff","population_2015":6969.5916184872,"total_built_mass_tons":2864865.0319827241,"city_id":1022,"country_iso":"USA"},{"h3index":"872a300cbffffff","population_2015":15726.6477203055,"total_built_mass_tons":4579427.0108830342,"city_id":1022,"country_iso":"USA"},{"h3index":"872a300ccffffff","population_2015":9473.0033003688,"total_built_mass_tons":3182545.1153683392,"city_id":1022,"country_iso":"USA"},{"h3index":"872a300cdffffff","population_2015":556.878151326,"total_built_mass_tons":462208.5883392999,"city_id":1022,"country_iso":"USA"},{"h3index":"872a300ceffffff","population_2015":4976.4139397113,"total_built_mass_tons":2237977.9620388621,"city_id":1022,"country_iso":"USA"},{"h3index":"872a300d8ffffff","population_2015":1485.8867722536,"total_built_mass_tons":1752173.5713647341,"city_id":1022,"country_iso":"USA"},{"h3index":"872a300d9ffffff","population_2015":4286.2948756618,"total_built_mass_tons":2666098.2264559879,"city_id":1022,"country_iso":"USA"},{"h3index":"872a300daffffff","population_2015":4.0539631618,"total_built_mass_tons":38433.064492507,"city_id":1022,"country_iso":"USA"},{"h3index":"872a300dbffffff","population_2015":309.510183504,"total_built_mass_tons":557025.4314271524,"city_id":1022,"country_iso":"USA"},{"h3index":"872a300dcffffff","population_2015":1540.2119044659,"total_built_mass_tons":675046.3374819541,"city_id":1022,"country_iso":"USA"},{"h3index":"872a300ddffffff","population_2015":5676.6265344277,"total_built_mass_tons":3570351.6194189684,"city_id":1022,"country_iso":"USA"},{"h3index":"872a300deffffff","population_2015":1.3650932614,"total_built_mass_tons":8362.8085123547,"city_id":1022,"country_iso":"USA"},{"h3index":"872a300ebffffff","population_2015":63.769387679,"total_built_mass_tons":47381.7055956416,"city_id":1022,"country_iso":"USA"},{"h3index":"872a3028bffffff","population_2015":1088.8771887227,"total_built_mass_tons":884617.6693178639,"city_id":1022,"country_iso":"USA"},{"h3index":"872a30292ffffff","population_2015":183.0476642309,"total_built_mass_tons":2926190.9552372056,"city_id":1022,"country_iso":"USA"},{"h3index":"872a30294ffffff","population_2015":5693.5517391368,"total_built_mass_tons":1414712.0856981934,"city_id":1022,"country_iso":"USA"},{"h3index":"872a30295ffffff","population_2015":48.0508535703,"total_built_mass_tons":735462.6516258757,"city_id":1022,"country_iso":"USA"},{"h3index":"872a30296ffffff","population_2015":2101.1472536573,"total_built_mass_tons":2576297.7000024081,"city_id":1022,"country_iso":"USA"},{"h3index":"872a30299ffffff","population_2015":2245.0401744992,"total_built_mass_tons":880710.174581326,"city_id":1022,"country_iso":"USA"},{"h3index":"872a3029affffff","population_2015":2180.4353643877,"total_built_mass_tons":1237702.3955702868,"city_id":1022,"country_iso":"USA"},{"h3index":"872a3029bffffff","population_2015":608.1913964314,"total_built_mass_tons":404825.1252508111,"city_id":1022,"country_iso":"USA"},{"h3index":"872a3029effffff","population_2015":6.7342305135,"total_built_mass_tons":170915.5834488331,"city_id":1022,"country_iso":"USA"},{"h3index":"872a302b2ffffff","population_2015":639.2645474306,"total_built_mass_tons":100271.7456934032,"city_id":1022,"country_iso":"USA"},{"h3index":"872a302b4ffffff","population_2015":11.3951837004,"total_built_mass_tons":31864.7605513848,"city_id":1022,"country_iso":"USA"},{"h3index":"872a302b6ffffff","population_2015":10.7760790058,"total_built_mass_tons":10946.1596645937,"city_id":1022,"country_iso":"USA"},{"h3index":"872a302d2ffffff","population_2015":1364.7826028599,"total_built_mass_tons":680083.3366328506,"city_id":1022,"country_iso":"USA"},{"h3index":"872a30390ffffff","population_2015":5500.7575112067,"total_built_mass_tons":2147133.5516925724,"city_id":1022,"country_iso":"USA"},{"h3index":"872a30392ffffff","population_2015":5733.7642835209,"total_built_mass_tons":2363354.3676991807,"city_id":1022,"country_iso":"USA"},{"h3index":"872a30393ffffff","population_2015":2092.5723995338,"total_built_mass_tons":1122578.9471753719,"city_id":1022,"country_iso":"USA"},{"h3index":"872a30394ffffff","population_2015":7842.3442402444,"total_built_mass_tons":2932352.5185831105,"city_id":1022,"country_iso":"USA"},{"h3index":"872a30395ffffff","population_2015":174.8068087685,"total_built_mass_tons":226017.0859144409,"city_id":1022,"country_iso":"USA"},{"h3index":"872a30396ffffff","population_2015":8603.689042957,"total_built_mass_tons":2603330.9866901822,"city_id":1022,"country_iso":"USA"},{"h3index":"872a3039affffff","population_2015":11.0183564614,"total_built_mass_tons":67347.1731483038,"city_id":1022,"country_iso":"USA"},{"h3index":"872a303b2ffffff","population_2015":724.7650384294,"total_built_mass_tons":563399.0881736411,"city_id":1022,"country_iso":"USA"},{"h3index":"872a303b3ffffff","population_2015":420.1242550576,"total_built_mass_tons":521608.148940442,"city_id":1022,"country_iso":"USA"},{"h3index":"872a30604ffffff","population_2015":705.2164082623,"total_built_mass_tons":2439546.4854350341,"city_id":1022,"country_iso":"USA"},{"h3index":"872a30605ffffff","population_2015":1568.390888233,"total_built_mass_tons":940549.2133367962,"city_id":1022,"country_iso":"USA"},{"h3index":"872a30606ffffff","population_2015":870.5862080309,"total_built_mass_tons":787783.7409097865,"city_id":1022,"country_iso":"USA"},{"h3index":"872a30608ffffff","population_2015":4156.3066635615,"total_built_mass_tons":1529421.5680688929,"city_id":1022,"country_iso":"USA"},{"h3index":"872a30609ffffff","population_2015":6970.6694016195,"total_built_mass_tons":2974770.582854603,"city_id":1022,"country_iso":"USA"},{"h3index":"872a3060affffff","population_2015":7044.8748601758,"total_built_mass_tons":2740190.3056883882,"city_id":1022,"country_iso":"USA"},{"h3index":"872a3060bffffff","population_2015":8869.2083277667,"total_built_mass_tons":2855439.288467919,"city_id":1022,"country_iso":"USA"},{"h3index":"872a3060cffffff","population_2015":3003.1302957773,"total_built_mass_tons":988782.8945370473,"city_id":1022,"country_iso":"USA"},{"h3index":"872a3060dffffff","population_2015":3513.8513814786,"total_built_mass_tons":1745376.4696961956,"city_id":1022,"country_iso":"USA"},{"h3index":"872a3060effffff","population_2015":537.3431356278,"total_built_mass_tons":261550.4069924468,"city_id":1022,"country_iso":"USA"},{"h3index":"872a30619ffffff","population_2015":38.7723264019,"total_built_mass_tons":504686.6881263747,"city_id":1022,"country_iso":"USA"},{"h3index":"872a3061dffffff","population_2015":242.5256695031,"total_built_mass_tons":706748.6371755924,"city_id":1022,"country_iso":"USA"},{"h3index":"872a30620ffffff","population_2015":6430.2489838156,"total_built_mass_tons":2463780.0607821266,"city_id":1022,"country_iso":"USA"},{"h3index":"872a30621ffffff","population_2015":8914.9876642321,"total_built_mass_tons":3203156.1189938374,"city_id":1022,"country_iso":"USA"},{"h3index":"872a30622ffffff","population_2015":2777.258509189,"total_built_mass_tons":1968741.5654198369,"city_id":1022,"country_iso":"USA"},{"h3index":"872a30623ffffff","population_2015":3222.8870029233,"total_built_mass_tons":2442857.7815250168,"city_id":1022,"country_iso":"USA"},{"h3index":"872a30624ffffff","population_2015":1358.3546112175,"total_built_mass_tons":2316186.3139032093,"city_id":1022,"country_iso":"USA"},{"h3index":"872a30625ffffff","population_2015":2317.2242809528,"total_built_mass_tons":3627119.0282235816,"city_id":1022,"country_iso":"USA"},{"h3index":"872a30626ffffff","population_2015":356.8438297468,"total_built_mass_tons":268044.3480169113,"city_id":1022,"country_iso":"USA"},{"h3index":"872a30628ffffff","population_2015":3319.8416314501,"total_built_mass_tons":1624914.1594804244,"city_id":1022,"country_iso":"USA"},{"h3index":"872a30629ffffff","population_2015":10329.261189594,"total_built_mass_tons":3198459.1405924996,"city_id":1022,"country_iso":"USA"},{"h3index":"872a3062affffff","population_2015":1976.0235803924,"total_built_mass_tons":1109431.269903993,"city_id":1022,"country_iso":"USA"},{"h3index":"872a3062bffffff","population_2015":12795.2229906468,"total_built_mass_tons":3378653.4183575027,"city_id":1022,"country_iso":"USA"},{"h3index":"872a3062cffffff","population_2015":7996.6952860989,"total_built_mass_tons":3175474.192456923,"city_id":1022,"country_iso":"USA"},{"h3index":"872a3062dffffff","population_2015":2656.831654591,"total_built_mass_tons":1251744.8093780279,"city_id":1022,"country_iso":"USA"},{"h3index":"872a3062effffff","population_2015":2372.2528964131,"total_built_mass_tons":1577284.8794545678,"city_id":1022,"country_iso":"USA"},{"h3index":"872a30630ffffff","population_2015":864.2980435021,"total_built_mass_tons":1529091.7420541188,"city_id":1022,"country_iso":"USA"},{"h3index":"872a30631ffffff","population_2015":1558.5526126718,"total_built_mass_tons":1952472.1478517856,"city_id":1022,"country_iso":"USA"},{"h3index":"872a30634ffffff","population_2015":1634.0394786503,"total_built_mass_tons":839360.0352564994,"city_id":1022,"country_iso":"USA"},{"h3index":"872a30635ffffff","population_2015":2808.6510347154,"total_built_mass_tons":1386606.5160837448,"city_id":1022,"country_iso":"USA"},{"h3index":"872a30636ffffff","population_2015":710.8687830235,"total_built_mass_tons":560421.6362447519,"city_id":1022,"country_iso":"USA"},{"h3index":"872a30640ffffff","population_2015":24557.0952445505,"total_built_mass_tons":3621549.4571955903,"city_id":1022,"country_iso":"USA"},{"h3index":"872a30641ffffff","population_2015":22924.1146155523,"total_built_mass_tons":4241276.8529337123,"city_id":1022,"country_iso":"USA"},{"h3index":"872a30642ffffff","population_2015":15907.2233829884,"total_built_mass_tons":2758586.1276272298,"city_id":1022,"country_iso":"USA"},{"h3index":"872a30643ffffff","population_2015":1652.877539463,"total_built_mass_tons":1163017.0038229511,"city_id":1022,"country_iso":"USA"},{"h3index":"872a30644ffffff","population_2015":39132.8895165719,"total_built_mass_tons":4990794.1547956839,"city_id":1022,"country_iso":"USA"},{"h3index":"872a30645ffffff","population_2015":39670.8521453883,"total_built_mass_tons":6769757.4541239981,"city_id":1022,"country_iso":"USA"},{"h3index":"872a30646ffffff","population_2015":38727.6053250299,"total_built_mass_tons":5539773.3851313069,"city_id":1022,"country_iso":"USA"},{"h3index":"872a30648ffffff","population_2015":15209.8497705187,"total_built_mass_tons":3412459.3088186318,"city_id":1022,"country_iso":"USA"},{"h3index":"872a30649ffffff","population_2015":10182.4244723186,"total_built_mass_tons":3094931.5365838045,"city_id":1022,"country_iso":"USA"},{"h3index":"872a3064affffff","population_2015":12086.5461958968,"total_built_mass_tons":3032449.3650804101,"city_id":1022,"country_iso":"USA"},{"h3index":"872a3064bffffff","population_2015":12223.0382243516,"total_built_mass_tons":3318389.9791829162,"city_id":1022,"country_iso":"USA"},{"h3index":"872a3064cffffff","population_2015":12216.3175294587,"total_built_mass_tons":2382446.3326800601,"city_id":1022,"country_iso":"USA"},{"h3index":"872a3064dffffff","population_2015":21419.6982502428,"total_built_mass_tons":4413400.480534113,"city_id":1022,"country_iso":"USA"},{"h3index":"872a3064effffff","population_2015":15528.6172217145,"total_built_mass_tons":3261855.5787212574,"city_id":1022,"country_iso":"USA"},{"h3index":"872a30650ffffff","population_2015":9928.0641298963,"total_built_mass_tons":3216122.3424695935,"city_id":1022,"country_iso":"USA"},{"h3index":"872a30651ffffff","population_2015":8596.6788392662,"total_built_mass_tons":2594409.9475563182,"city_id":1022,"country_iso":"USA"},{"h3index":"872a30652ffffff","population_2015":9922.3472930621,"total_built_mass_tons":3384857.4776113559,"city_id":1022,"country_iso":"USA"},{"h3index":"872a30653ffffff","population_2015":4181.6993625359,"total_built_mass_tons":1832195.0121391991,"city_id":1022,"country_iso":"USA"},{"h3index":"872a30654ffffff","population_2015":17797.6021493876,"total_built_mass_tons":4720983.0116828671,"city_id":1022,"country_iso":"USA"},{"h3index":"872a30655ffffff","population_2015":13613.474067698,"total_built_mass_tons":3557692.522369924,"city_id":1022,"country_iso":"USA"},{"h3index":"872a30656ffffff","population_2015":12309.6885004785,"total_built_mass_tons":4099475.2899293527,"city_id":1022,"country_iso":"USA"},{"h3index":"872a30658ffffff","population_2015":2938.2895612389,"total_built_mass_tons":1753947.9561841779,"city_id":1022,"country_iso":"USA"},{"h3index":"872a30659ffffff","population_2015":7115.0658057474,"total_built_mass_tons":2810022.6058205743,"city_id":1022,"country_iso":"USA"},{"h3index":"872a3065affffff","population_2015":4598.8631097692,"total_built_mass_tons":2679381.2223839108,"city_id":1022,"country_iso":"USA"},{"h3index":"872a3065bffffff","population_2015":2674.1699877359,"total_built_mass_tons":1481731.1694805012,"city_id":1022,"country_iso":"USA"},{"h3index":"872a3065cffffff","population_2015":4032.9641166285,"total_built_mass_tons":1956184.0109364991,"city_id":1022,"country_iso":"USA"},{"h3index":"872a3065dffffff","population_2015":11306.9530789854,"total_built_mass_tons":3389437.0729893446,"city_id":1022,"country_iso":"USA"},{"h3index":"872a3065effffff","population_2015":6585.4880474145,"total_built_mass_tons":2883689.351167941,"city_id":1022,"country_iso":"USA"},{"h3index":"872a30660ffffff","population_2015":32356.8461805072,"total_built_mass_tons":6585953.9423312703,"city_id":1022,"country_iso":"USA"},{"h3index":"872a30661ffffff","population_2015":13329.3233592522,"total_built_mass_tons":5592064.5400120597,"city_id":1022,"country_iso":"USA"},{"h3index":"872a30662ffffff","population_2015":36972.9039112951,"total_built_mass_tons":8051492.6203564964,"city_id":1022,"country_iso":"USA"},{"h3index":"872a30663ffffff","population_2015":50278.9836290939,"total_built_mass_tons":6683352.5290678069,"city_id":1022,"country_iso":"USA"},{"h3index":"872a30664ffffff","population_2015":13950.4107307861,"total_built_mass_tons":4464821.3217761992,"city_id":1022,"country_iso":"USA"},{"h3index":"872a30665ffffff","population_2015":20602.5202610717,"total_built_mass_tons":3786474.8242483302,"city_id":1022,"country_iso":"USA"},{"h3index":"872a30666ffffff","population_2015":16201.1608024635,"total_built_mass_tons":4860434.4089634018,"city_id":1022,"country_iso":"USA"},{"h3index":"872a30668ffffff","population_2015":20279.4420014415,"total_built_mass_tons":4109365.1827778891,"city_id":1022,"country_iso":"USA"},{"h3index":"872a30669ffffff","population_2015":5915.8595857866,"total_built_mass_tons":2660852.9761998868,"city_id":1022,"country_iso":"USA"},{"h3index":"872a3066affffff","population_2015":35844.1361122743,"total_built_mass_tons":5411692.3838852504,"city_id":1022,"country_iso":"USA"},{"h3index":"872a3066bffffff","population_2015":35339.0752296494,"total_built_mass_tons":5786446.0292676259,"city_id":1022,"country_iso":"USA"},{"h3index":"872a3066cffffff","population_2015":17187.2475056677,"total_built_mass_tons":3164237.5016649906,"city_id":1022,"country_iso":"USA"},{"h3index":"872a3066dffffff","population_2015":36.32517334,"total_built_mass_tons":657122.510734798,"city_id":1022,"country_iso":"USA"},{"h3index":"872a3066effffff","population_2015":25762.5254964339,"total_built_mass_tons":6547609.5002028905,"city_id":1022,"country_iso":"USA"},{"h3index":"872a30670ffffff","population_2015":14256.4060503643,"total_built_mass_tons":3595280.5965945967,"city_id":1022,"country_iso":"USA"},{"h3index":"872a30671ffffff","population_2015":21972.0948620981,"total_built_mass_tons":5318091.2799609993,"city_id":1022,"country_iso":"USA"},{"h3index":"872a30672ffffff","population_2015":13450.6741662249,"total_built_mass_tons":3832287.877433416,"city_id":1022,"country_iso":"USA"},{"h3index":"872a30673ffffff","population_2015":12625.5662600621,"total_built_mass_tons":3986589.0509013631,"city_id":1022,"country_iso":"USA"},{"h3index":"872a30674ffffff","population_2015":29348.3673412145,"total_built_mass_tons":5593722.0100064091,"city_id":1022,"country_iso":"USA"},{"h3index":"872a30675ffffff","population_2015":37811.4394232984,"total_built_mass_tons":6065339.2335023973,"city_id":1022,"country_iso":"USA"},{"h3index":"872a30676ffffff","population_2015":12484.8456057783,"total_built_mass_tons":3703885.5122168362,"city_id":1022,"country_iso":"USA"},{"h3index":"872a306e0ffffff","population_2015":176.0863318235,"total_built_mass_tons":252552.7842841954,"city_id":1022,"country_iso":"USA"},{"h3index":"872a306e1ffffff","population_2015":1358.0405414724,"total_built_mass_tons":485410.2327587055,"city_id":1022,"country_iso":"USA"},{"h3index":"872a306e4ffffff","population_2015":827.9612291023,"total_built_mass_tons":2014807.1921341233,"city_id":1022,"country_iso":"USA"},{"h3index":"872a306e5ffffff","population_2015":15870.6451646793,"total_built_mass_tons":3758818.1791716162,"city_id":1022,"country_iso":"USA"},{"h3index":"872a306e9ffffff","population_2015":2589.2177743958,"total_built_mass_tons":1127037.7687661585,"city_id":1022,"country_iso":"USA"},{"h3index":"872a306ecffffff","population_2015":2248.0785820077,"total_built_mass_tons":1024500.3329793924,"city_id":1022,"country_iso":"USA"},{"h3index":"872a306edffffff","population_2015":2898.9589379925,"total_built_mass_tons":1854596.6721077501,"city_id":1022,"country_iso":"USA"},{"h3index":"872a30708ffffff","population_2015":1918.4495933449,"total_built_mass_tons":851045.3086621844,"city_id":1022,"country_iso":"USA"},{"h3index":"872a30709ffffff","population_2015":4015.5804198208,"total_built_mass_tons":2411987.8456188142,"city_id":1022,"country_iso":"USA"},{"h3index":"872a3070affffff","population_2015":1316.2218345604,"total_built_mass_tons":1239870.9716156181,"city_id":1022,"country_iso":"USA"},{"h3index":"872a3070bffffff","population_2015":4589.930245645,"total_built_mass_tons":2555367.1913329279,"city_id":1022,"country_iso":"USA"},{"h3index":"872a3070dffffff","population_2015":4.8635558745,"total_built_mass_tons":4845.4089183914,"city_id":1022,"country_iso":"USA"},{"h3index":"872a30719ffffff","population_2015":260.7779783381,"total_built_mass_tons":326615.7881534561,"city_id":1022,"country_iso":"USA"},{"h3index":"872a3071bffffff","population_2015":1660.6007904006,"total_built_mass_tons":680498.8009198284,"city_id":1022,"country_iso":"USA"},{"h3index":"872a3071dffffff","population_2015":4.7525575451,"total_built_mass_tons":3757.228223497,"city_id":1022,"country_iso":"USA"},{"h3index":"872a30740ffffff","population_2015":6443.5922693117,"total_built_mass_tons":3242379.3007425931,"city_id":1022,"country_iso":"USA"},{"h3index":"872a30741ffffff","population_2015":5722.7084234976,"total_built_mass_tons":2461757.2714568591,"city_id":1022,"country_iso":"USA"},{"h3index":"872a30742ffffff","population_2015":7427.2097699979,"total_built_mass_tons":2720861.6775219124,"city_id":1022,"country_iso":"USA"},{"h3index":"872a30743ffffff","population_2015":8311.8892451543,"total_built_mass_tons":2713384.1768707465,"city_id":1022,"country_iso":"USA"},{"h3index":"872a30744ffffff","population_2015":1111.533069561,"total_built_mass_tons":544152.019224324,"city_id":1022,"country_iso":"USA"},{"h3index":"872a30745ffffff","population_2015":13191.0428119616,"total_built_mass_tons":3318257.4927091491,"city_id":1022,"country_iso":"USA"},{"h3index":"872a30746ffffff","population_2015":1631.9562022847,"total_built_mass_tons":1573533.223997084,"city_id":1022,"country_iso":"USA"},{"h3index":"872a30748ffffff","population_2015":17124.5726435279,"total_built_mass_tons":4623643.37034865,"city_id":1022,"country_iso":"USA"},{"h3index":"872a30749ffffff","population_2015":10734.7272178991,"total_built_mass_tons":2854786.796005649,"city_id":1022,"country_iso":"USA"},{"h3index":"872a3074affffff","population_2015":30423.1881689361,"total_built_mass_tons":5924928.2966016456,"city_id":1022,"country_iso":"USA"},{"h3index":"872a3074bffffff","population_2015":17679.6450831917,"total_built_mass_tons":4059206.9355193856,"city_id":1022,"country_iso":"USA"},{"h3index":"872a3074cffffff","population_2015":4109.4664397719,"total_built_mass_tons":1304592.452080308,"city_id":1022,"country_iso":"USA"},{"h3index":"872a3074dffffff","population_2015":139.108729599,"total_built_mass_tons":31015.4922582526,"city_id":1022,"country_iso":"USA"},{"h3index":"872a3074effffff","population_2015":12602.8291783403,"total_built_mass_tons":3998416.5709827906,"city_id":1022,"country_iso":"USA"},{"h3index":"872a30750ffffff","population_2015":8289.6064348539,"total_built_mass_tons":3188202.892415551,"city_id":1022,"country_iso":"USA"},{"h3index":"872a30751ffffff","population_2015":8811.2014939074,"total_built_mass_tons":2606324.4209011928,"city_id":1022,"country_iso":"USA"},{"h3index":"872a30752ffffff","population_2015":4786.6771618052,"total_built_mass_tons":2921928.4321893612,"city_id":1022,"country_iso":"USA"},{"h3index":"872a30753ffffff","population_2015":2265.3630924099,"total_built_mass_tons":1378758.7177855093,"city_id":1022,"country_iso":"USA"},{"h3index":"872a30754ffffff","population_2015":7412.817796245,"total_built_mass_tons":2868951.1181711443,"city_id":1022,"country_iso":"USA"},{"h3index":"872a30755ffffff","population_2015":4980.9565464298,"total_built_mass_tons":1974484.1915654817,"city_id":1022,"country_iso":"USA"},{"h3index":"872a30756ffffff","population_2015":6176.9561913523,"total_built_mass_tons":2976793.8672050973,"city_id":1022,"country_iso":"USA"},{"h3index":"872a30758ffffff","population_2015":23176.6979594332,"total_built_mass_tons":5299202.0754365223,"city_id":1022,"country_iso":"USA"},{"h3index":"872a30759ffffff","population_2015":20575.1576331976,"total_built_mass_tons":5637713.2960736454,"city_id":1022,"country_iso":"USA"},{"h3index":"872a3075affffff","population_2015":11725.4381117465,"total_built_mass_tons":3558570.2823352711,"city_id":1022,"country_iso":"USA"},{"h3index":"872a3075bffffff","population_2015":16610.7857945943,"total_built_mass_tons":4689422.8572114483,"city_id":1022,"country_iso":"USA"},{"h3index":"872a3075cffffff","population_2015":12069.0248284619,"total_built_mass_tons":3257754.0514880298,"city_id":1022,"country_iso":"USA"},{"h3index":"872a3075dffffff","population_2015":24402.6080769534,"total_built_mass_tons":4601267.9637683863,"city_id":1022,"country_iso":"USA"},{"h3index":"872a3075effffff","population_2015":3120.5656420477,"total_built_mass_tons":1524199.0826275719,"city_id":1022,"country_iso":"USA"},{"h3index":"872a30760ffffff","population_2015":4316.9977056615,"total_built_mass_tons":1790202.1693918384,"city_id":1022,"country_iso":"USA"},{"h3index":"872a30761ffffff","population_2015":16799.4670154438,"total_built_mass_tons":3906314.3243017988,"city_id":1022,"country_iso":"USA"},{"h3index":"872a30762ffffff","population_2015":3549.6947103381,"total_built_mass_tons":1583432.4768797352,"city_id":1022,"country_iso":"USA"},{"h3index":"872a30763ffffff","population_2015":5191.7849896489,"total_built_mass_tons":1887513.2086897264,"city_id":1022,"country_iso":"USA"},{"h3index":"872a30764ffffff","population_2015":8753.3092437639,"total_built_mass_tons":2986940.3167172661,"city_id":1022,"country_iso":"USA"},{"h3index":"872a30765ffffff","population_2015":2747.7573619224,"total_built_mass_tons":1881146.2822290952,"city_id":1022,"country_iso":"USA"},{"h3index":"872a30766ffffff","population_2015":2020.8349117691,"total_built_mass_tons":2642492.6048026206,"city_id":1022,"country_iso":"USA"},{"h3index":"872a30768ffffff","population_2015":509.443344478,"total_built_mass_tons":678370.0743845036,"city_id":1022,"country_iso":"USA"},{"h3index":"872a30769ffffff","population_2015":2194.4134519315,"total_built_mass_tons":1278232.6794235045,"city_id":1022,"country_iso":"USA"},{"h3index":"872a3076affffff","population_2015":2205.132379636,"total_built_mass_tons":2272063.6844511395,"city_id":1022,"country_iso":"USA"},{"h3index":"872a3076cffffff","population_2015":12913.2120419334,"total_built_mass_tons":2471026.1006585639,"city_id":1022,"country_iso":"USA"},{"h3index":"872a3076effffff","population_2015":29360.0275288882,"total_built_mass_tons":5228748.0237123733,"city_id":1022,"country_iso":"USA"},{"h3index":"872a30770ffffff","population_2015":155.9494051286,"total_built_mass_tons":455022.0869627121,"city_id":1022,"country_iso":"USA"},{"h3index":"872a30771ffffff","population_2015":0.7691918317,"total_built_mass_tons":574.4227980783,"city_id":1022,"country_iso":"USA"},{"h3index":"872a30772ffffff","population_2015":2505.7454559672,"total_built_mass_tons":1301707.8221999621,"city_id":1022,"country_iso":"USA"},{"h3index":"872a30773ffffff","population_2015":2529.2447991995,"total_built_mass_tons":1483339.9894737722,"city_id":1022,"country_iso":"USA"},{"h3index":"872a30774ffffff","population_2015":82.9366078999,"total_built_mass_tons":45841.7998881376,"city_id":1022,"country_iso":"USA"},{"h3index":"872a30775ffffff","population_2015":1970.2548456988,"total_built_mass_tons":1563486.1323890679,"city_id":1022,"country_iso":"USA"},{"h3index":"872a33900ffffff","population_2015":2518.7549651879,"total_built_mass_tons":2133205.7185228691,"city_id":1022,"country_iso":"USA"},{"h3index":"872a33901ffffff","population_2015":898.5532226721,"total_built_mass_tons":539675.9725835372,"city_id":1022,"country_iso":"USA"},{"h3index":"872a33902ffffff","population_2015":1.088543805,"total_built_mass_tons":10409.1037416345,"city_id":1022,"country_iso":"USA"},{"h3index":"872a33904ffffff","population_2015":6355.7425522249,"total_built_mass_tons":3346021.5088252621,"city_id":1022,"country_iso":"USA"},{"h3index":"872a33905ffffff","population_2015":3174.391740964,"total_built_mass_tons":2313773.8314571916,"city_id":1022,"country_iso":"USA"},{"h3index":"872a33906ffffff","population_2015":507.5718453184,"total_built_mass_tons":1468850.350885866,"city_id":1022,"country_iso":"USA"},{"h3index":"872a33914ffffff","population_2015":26.8848434588,"total_built_mass_tons":24550.8429631571,"city_id":1022,"country_iso":"USA"},{"h3index":"872a33916ffffff","population_2015":3226.5449982169,"total_built_mass_tons":911145.7195013078,"city_id":1022,"country_iso":"USA"},{"h3index":"872a33920ffffff","population_2015":4385.7865380902,"total_built_mass_tons":2876523.4740459458,"city_id":1022,"country_iso":"USA"},{"h3index":"872a33921ffffff","population_2015":6288.0196897039,"total_built_mass_tons":2690524.8737019282,"city_id":1022,"country_iso":"USA"},{"h3index":"872a33922ffffff","population_2015":14108.8078572363,"total_built_mass_tons":4252691.6978965113,"city_id":1022,"country_iso":"USA"},{"h3index":"872a33923ffffff","population_2015":8542.7271754344,"total_built_mass_tons":2970270.7512785359,"city_id":1022,"country_iso":"USA"},{"h3index":"872a33924ffffff","population_2015":1902.9869724401,"total_built_mass_tons":962894.9375144556,"city_id":1022,"country_iso":"USA"},{"h3index":"872a33925ffffff","population_2015":2656.9804096282,"total_built_mass_tons":1349977.8319345769,"city_id":1022,"country_iso":"USA"},{"h3index":"872a33926ffffff","population_2015":7348.6993812626,"total_built_mass_tons":2169647.6706592292,"city_id":1022,"country_iso":"USA"},{"h3index":"872a33928ffffff","population_2015":5000.4146746879,"total_built_mass_tons":2508315.1687243176,"city_id":1022,"country_iso":"USA"},{"h3index":"872a33929ffffff","population_2015":952.9096249202,"total_built_mass_tons":816159.5895101766,"city_id":1022,"country_iso":"USA"},{"h3index":"872a3392affffff","population_2015":1480.6097964633,"total_built_mass_tons":1172938.2447133793,"city_id":1022,"country_iso":"USA"},{"h3index":"872a3392bffffff","population_2015":1556.7442868797,"total_built_mass_tons":398414.2480381707,"city_id":1022,"country_iso":"USA"},{"h3index":"872a3392cffffff","population_2015":3677.5340468081,"total_built_mass_tons":1928683.5474735531,"city_id":1022,"country_iso":"USA"},{"h3index":"872a3392dffffff","population_2015":1141.8813396395,"total_built_mass_tons":1594338.2483702963,"city_id":1022,"country_iso":"USA"},{"h3index":"872a3392effffff","population_2015":3083.6912643326,"total_built_mass_tons":2327098.1834736285,"city_id":1022,"country_iso":"USA"},{"h3index":"872a33930ffffff","population_2015":11413.7557839931,"total_built_mass_tons":4010804.2139464817,"city_id":1022,"country_iso":"USA"},{"h3index":"872a33931ffffff","population_2015":9525.5703777563,"total_built_mass_tons":3493468.8765106341,"city_id":1022,"country_iso":"USA"},{"h3index":"872a33932ffffff","population_2015":3688.5531221913,"total_built_mass_tons":1873401.1816774744,"city_id":1022,"country_iso":"USA"},{"h3index":"872a33933ffffff","population_2015":668.9173766699,"total_built_mass_tons":697527.8446547101,"city_id":1022,"country_iso":"USA"},{"h3index":"872a33934ffffff","population_2015":18461.322441372,"total_built_mass_tons":4279214.4856426204,"city_id":1022,"country_iso":"USA"},{"h3index":"872a33935ffffff","population_2015":11161.7804388935,"total_built_mass_tons":4041878.5277836332,"city_id":1022,"country_iso":"USA"},{"h3index":"872a33936ffffff","population_2015":7401.2871076165,"total_built_mass_tons":2497549.101395844,"city_id":1022,"country_iso":"USA"},{"h3index":"872a339a0ffffff","population_2015":3296.2123241066,"total_built_mass_tons":2227865.5984902182,"city_id":1022,"country_iso":"USA"},{"h3index":"872a339a1ffffff","population_2015":3100.8766272872,"total_built_mass_tons":2019271.1702577567,"city_id":1022,"country_iso":"USA"},{"h3index":"872a339a3ffffff","population_2015":1643.7415045642,"total_built_mass_tons":1362425.0675626788,"city_id":1022,"country_iso":"USA"},{"h3index":"872a339a4ffffff","population_2015":9518.1368347925,"total_built_mass_tons":3146481.4084250196,"city_id":1022,"country_iso":"USA"},{"h3index":"872a339a5ffffff","population_2015":7306.0925152014,"total_built_mass_tons":3433283.4105220535,"city_id":1022,"country_iso":"USA"},{"h3index":"872a339a6ffffff","population_2015":1231.2117303127,"total_built_mass_tons":674533.9945771749,"city_id":1022,"country_iso":"USA"},{"h3index":"872a339acffffff","population_2015":33.3459170178,"total_built_mass_tons":356586.4276956617,"city_id":1022,"country_iso":"USA"},{"h3index":"872a339aeffffff","population_2015":154.7245063057,"total_built_mass_tons":500621.9348321253,"city_id":1022,"country_iso":"USA"},{"h3index":"872a339b4ffffff","population_2015":3671.8416297359,"total_built_mass_tons":1463299.3889293652,"city_id":1022,"country_iso":"USA"},{"h3index":"872a339b6ffffff","population_2015":43.1211929751,"total_built_mass_tons":24411.2643373015,"city_id":1022,"country_iso":"USA"}]