[{"h3index": "8730b4140ffffff", "population_2015": 4268.203938458947, "total_built_mass_tons": 2095235.977142086, "city_id": 11288, "country_iso": "CHN"}, {"h3index": "8730b4141ffffff", "population_2015": 10826.239214381054, "total_built_mass_tons": 2820231.128729925, "city_id": 11288, "country_iso": "CHN"}, {"h3index": "8730b4142ffffff", "population_2015": 366.4814647889605, "total_built_mass_tons": 353671.06981008284, "city_id": 11288, "country_iso": "CHN"}, {"h3index": "8730b4143ffffff", "population_2015": 7233.265000928619, "total_built_mass_tons": 2576420.4719159845, "city_id": 11288, "country_iso": "CHN"}, {"h3index": "8730b4145ffffff", "population_2015": 1.176136600269991, "total_built_mass_tons": 2798.957249485631, "city_id": 11288, "country_iso": "CHN"}, {"h3index": "8730b4146ffffff", "population_2015": 7.90044817831002, "total_built_mass_tons": 10228.904846282205, "city_id": 11288, "country_iso": "CHN"}, {"h3index": "8730b4148ffffff", "population_2015": 3990.054508115731, "total_built_mass_tons": 1954858.656900192, "city_id": 11288, "country_iso": "CHN"}, {"h3index": "8730b414affffff", "population_2015": 2065.643388189054, "total_built_mass_tons": 1170031.6957517616, "city_id": 11288, "country_iso": "CHN"}, {"h3index": "8730b414cffffff", "population_2015": 18639.60665837269, "total_built_mass_tons": 4414466.026290594, "city_id": 11288, "country_iso": "CHN"}, {"h3index": "8730b414dffffff", "population_2015": 10265.579074790432, "total_built_mass_tons": 2998879.277558434, "city_id": 11288, "country_iso": "CHN"}, {"h3index": "8730b414effffff", "population_2015": 9911.609767029331, "total_built_mass_tons": 3109372.06240565, "city_id": 11288, "country_iso": "CHN"}, {"h3index": "8730b415cffffff", "population_2015": 596.190971963546, "total_built_mass_tons": 620320.363436923, "city_id": 11288, "country_iso": "CHN"}, {"h3index": "8730b415dffffff", "population_2015": 534.7772060010948, "total_built_mass_tons": 465304.40299465175, "city_id": 11288, "country_iso": "CHN"}, {"h3index": "8730b416affffff", "population_2015": 408.7886743797976, "total_built_mass_tons": 301675.3868192012, "city_id": 11288, "country_iso": "CHN"}, {"h3index": "8730b416bffffff", "population_2015": 1852.591418770248, "total_built_mass_tons": 967412.1403313514, "city_id": 11288, "country_iso": "CHN"}, {"h3index": "8730b4ab0ffffff", "population_2015": 132.21690640262528, "total_built_mass_tons": 304266.4308981203, "city_id": 11288, "country_iso": "CHN"}, {"h3index": "8730b4ab2ffffff", "population_2015": 1049.4294842832228, "total_built_mass_tons": 522443.2175437642, "city_id": 11288, "country_iso": "CHN"}, {"h3index": "8730b4ab6ffffff", "population_2015": 909.981246923933, "total_built_mass_tons": 559306.2958050118, "city_id": 11288, "country_iso": "CHN"}]