[{"h3index":"876488464ffffff","population_2015":16.5539855957,"total_built_mass_tons":7414.926774902,"city_id":10180,"country_iso":"MMR"},{"h3index":"876488548ffffff","population_2015":7.2542059954,"total_built_mass_tons":3595.3117997519,"city_id":10180,"country_iso":"MMR"},{"h3index":"87648854affffff","population_2015":4804.1741338655,"total_built_mass_tons":624249.7422019052,"city_id":10180,"country_iso":"MMR"},{"h3index":"87648854effffff","population_2015":380.8586891623,"total_built_mass_tons":72291.2321070551,"city_id":10180,"country_iso":"MMR"}]