[{"h3index": "871e19c20ffffff", "population_2015": 3323.875180586646, "total_built_mass_tons": 1485700.707871838, "city_id": 3246, "country_iso": "HUN"}, {"h3index": "871e19c21ffffff", "population_2015": 3104.6856097361597, "total_built_mass_tons": 1457265.5262959823, "city_id": 3246, "country_iso": "HUN"}, {"h3index": "871e19c24ffffff", "population_2015": 17971.463925261593, "total_built_mass_tons": 4690399.667243404, "city_id": 3246, "country_iso": "HUN"}, {"h3index": "871e19c25ffffff", "population_2015": 12062.179690821962, "total_built_mass_tons": 4782124.073509611, "city_id": 3246, "country_iso": "HUN"}, {"h3index": "871e19c26ffffff", "population_2015": 2657.3990670984863, "total_built_mass_tons": 1098691.0283778962, "city_id": 3246, "country_iso": "HUN"}, {"h3index": "871e19c2cffffff", "population_2015": 131.89320828680897, "total_built_mass_tons": 91344.54379221745, "city_id": 3246, "country_iso": "HUN"}, {"h3index": "871e19c2effffff", "population_2015": 1318.4758463513615, "total_built_mass_tons": 562750.4656450625, "city_id": 3246, "country_iso": "HUN"}, {"h3index": "871e19d09ffffff", "population_2015": 2681.708117067113, "total_built_mass_tons": 1129543.4871120574, "city_id": 3246, "country_iso": "HUN"}, {"h3index": "871e19d0affffff", "population_2015": 6361.942648292054, "total_built_mass_tons": 2478398.453740589, "city_id": 3246, "country_iso": "HUN"}, {"h3index": "871e19d0bffffff", "population_2015": 18478.29958398483, "total_built_mass_tons": 4290468.699829649, "city_id": 3246, "country_iso": "HUN"}, {"h3index": "871e19d0effffff", "population_2015": 2.1050048229741116, "total_built_mass_tons": 2648.426199070882, "city_id": 3246, "country_iso": "HUN"}, {"h3index": "871e19d19ffffff", "population_2015": 38.43120718189314, "total_built_mass_tons": 28899.44633623949, "city_id": 3246, "country_iso": "HUN"}, {"h3index": "871e19d1dffffff", "population_2015": 91.58366549996768, "total_built_mass_tons": 63372.44161061302, "city_id": 3246, "country_iso": "HUN"}, {"h3index": "871e19d50ffffff", "population_2015": 629.765689720827, "total_built_mass_tons": 294745.8129673058, "city_id": 3246, "country_iso": "HUN"}, {"h3index": "871e19d52ffffff", "population_2015": 2849.225968108458, "total_built_mass_tons": 1056570.8029151454, "city_id": 3246, "country_iso": "HUN"}, {"h3index": "871e19d56ffffff", "population_2015": 8990.07196182083, "total_built_mass_tons": 3025706.942354788, "city_id": 3246, "country_iso": "HUN"}]