[{"h3index":"8731b0992ffffff","population_2015":385.854632991,"total_built_mass_tons":204136.0054664209,"city_id":10295,"country_iso":"CHN"},{"h3index":"8731b0993ffffff","population_2015":156.5717538422,"total_built_mass_tons":71890.0380197512,"city_id":10295,"country_iso":"CHN"},{"h3index":"8731b0d60ffffff","population_2015":80.808637619,"total_built_mass_tons":90997.8599594307,"city_id":10295,"country_iso":"CHN"},{"h3index":"8731b0d61ffffff","population_2015":2196.4025145344,"total_built_mass_tons":386992.2502544499,"city_id":10295,"country_iso":"CHN"},{"h3index":"8731b0d62ffffff","population_2015":21.7664678097,"total_built_mass_tons":41541.5387147223,"city_id":10295,"country_iso":"CHN"},{"h3index":"8731b0d63ffffff","population_2015":579.1138651044,"total_built_mass_tons":394835.5115743162,"city_id":10295,"country_iso":"CHN"},{"h3index":"8731b0d6cffffff","population_2015":6643.5426161878,"total_built_mass_tons":2125540.7386004003,"city_id":10295,"country_iso":"CHN"},{"h3index":"8731b0d6dffffff","population_2015":319.1532703213,"total_built_mass_tons":271462.0198374609,"city_id":10295,"country_iso":"CHN"}]