[{"h3index":"872a30092ffffff","population_2015":719.7780401753,"total_built_mass_tons":386900.801702695,"city_id":1029,"country_iso":"USA"},{"h3index":"872a3009affffff","population_2015":192.008332928,"total_built_mass_tons":106104.5925195859,"city_id":1029,"country_iso":"USA"},{"h3index":"872a30441ffffff","population_2015":2353.7203560204,"total_built_mass_tons":1407874.1272267404,"city_id":1029,"country_iso":"USA"},{"h3index":"872a30445ffffff","population_2015":4833.5795487759,"total_built_mass_tons":1517216.8953805349,"city_id":1029,"country_iso":"USA"},{"h3index":"872a3044cffffff","population_2015":727.2681209727,"total_built_mass_tons":914226.7129970226,"city_id":1029,"country_iso":"USA"},{"h3index":"872a3044dffffff","population_2015":862.4063731937,"total_built_mass_tons":536876.7740745681,"city_id":1029,"country_iso":"USA"},{"h3index":"872a30461ffffff","population_2015":2008.019942915,"total_built_mass_tons":1322270.3912030952,"city_id":1029,"country_iso":"USA"},{"h3index":"872a30463ffffff","population_2015":573.9320626418,"total_built_mass_tons":360416.2056908047,"city_id":1029,"country_iso":"USA"},{"h3index":"872a30468ffffff","population_2015":17004.9583629778,"total_built_mass_tons":4013432.623530861,"city_id":1029,"country_iso":"USA"},{"h3index":"872a30469ffffff","population_2015":5903.1764264122,"total_built_mass_tons":2536121.0295138867,"city_id":1029,"country_iso":"USA"},{"h3index":"872a3046affffff","population_2015":21754.1063483521,"total_built_mass_tons":4165471.4220560561,"city_id":1029,"country_iso":"USA"},{"h3index":"872a3046bffffff","population_2015":15601.0334638132,"total_built_mass_tons":4081924.136747783,"city_id":1029,"country_iso":"USA"},{"h3index":"872a3046cffffff","population_2015":3552.6884310826,"total_built_mass_tons":1627629.5182391824,"city_id":1029,"country_iso":"USA"},{"h3index":"872a3046dffffff","population_2015":1955.0033271163,"total_built_mass_tons":976405.5417832844,"city_id":1029,"country_iso":"USA"},{"h3index":"872a3046effffff","population_2015":16431.2964450193,"total_built_mass_tons":3233272.582175829,"city_id":1029,"country_iso":"USA"},{"h3index":"872a30736ffffff","population_2015":564.3405682279,"total_built_mass_tons":416240.1768985697,"city_id":1029,"country_iso":"USA"}]