[{"h3index": "874ba0490ffffff", "population_2015": 1034.3930000679163, "total_built_mass_tons": 303723.54419147375, "city_id": 12693, "country_iso": "TWN"}, {"h3index": "874ba0492ffffff", "population_2015": 9607.052097133565, "total_built_mass_tons": 2100685.109860907, "city_id": 12693, "country_iso": "TWN"}, {"h3index": "874ba0494ffffff", "population_2015": 4263.300057115742, "total_built_mass_tons": 1019181.7186118092, "city_id": 12693, "country_iso": "TWN"}, {"h3index": "874ba0496ffffff", "population_2015": 21069.487685162418, "total_built_mass_tons": 3729910.6946901567, "city_id": 12693, "country_iso": "TWN"}, {"h3index": "874ba04a0ffffff", "population_2015": 981.7693850498572, "total_built_mass_tons": 412845.0108783627, "city_id": 12693, "country_iso": "TWN"}, {"h3index": "874ba04a2ffffff", "population_2015": 444.4138843274585, "total_built_mass_tons": 303998.414212954, "city_id": 12693, "country_iso": "TWN"}, {"h3index": "874ba04a4ffffff", "population_2015": 749.5948439242792, "total_built_mass_tons": 365914.94319273694, "city_id": 12693, "country_iso": "TWN"}, {"h3index": "874ba04a6ffffff", "population_2015": 15459.061402298426, "total_built_mass_tons": 3097025.1278814627, "city_id": 12693, "country_iso": "TWN"}, {"h3index": "874ba04b0ffffff", "population_2015": 3873.212470458536, "total_built_mass_tons": 1145272.6575036943, "city_id": 12693, "country_iso": "TWN"}, {"h3index": "874ba04b1ffffff", "population_2015": 61.227557533862544, "total_built_mass_tons": 63305.1966722262, "city_id": 12693, "country_iso": "TWN"}, {"h3index": "874ba04b2ffffff", "population_2015": 10723.21357763141, "total_built_mass_tons": 1917791.484152214, "city_id": 12693, "country_iso": "TWN"}, {"h3index": "874ba04b3ffffff", "population_2015": 441.876688452328, "total_built_mass_tons": 130660.02144889398, "city_id": 12693, "country_iso": "TWN"}, {"h3index": "874ba04b4ffffff", "population_2015": 23519.74322336234, "total_built_mass_tons": 3721138.923878084, "city_id": 12693, "country_iso": "TWN"}, {"h3index": "874ba04b5ffffff", "population_2015": 20111.412818654375, "total_built_mass_tons": 3786996.6630364154, "city_id": 12693, "country_iso": "TWN"}, {"h3index": "874ba04b6ffffff", "population_2015": 22143.69894912196, "total_built_mass_tons": 3229808.186509153, "city_id": 12693, "country_iso": "TWN"}, {"h3index": "874ba0590ffffff", "population_2015": 154.9045799068376, "total_built_mass_tons": 125066.83965728155, "city_id": 12693, "country_iso": "TWN"}, {"h3index": "874ba0591ffffff", "population_2015": 1925.2610832625744, "total_built_mass_tons": 730148.041676153, "city_id": 12693, "country_iso": "TWN"}, {"h3index": "874ba0592ffffff", "population_2015": 611.8363236137466, "total_built_mass_tons": 552207.6467410949, "city_id": 12693, "country_iso": "TWN"}, {"h3index": "874ba0593ffffff", "population_2015": 3510.2198274883567, "total_built_mass_tons": 1366646.5450535603, "city_id": 12693, "country_iso": "TWN"}, {"h3index": "874ba0598ffffff", "population_2015": 6758.064464752347, "total_built_mass_tons": 2294234.806604292, "city_id": 12693, "country_iso": "TWN"}, {"h3index": "874ba0599ffffff", "population_2015": 3802.247281162412, "total_built_mass_tons": 1473592.4541946976, "city_id": 12693, "country_iso": "TWN"}, {"h3index": "874ba059affffff", "population_2015": 12212.775888035338, "total_built_mass_tons": 3280739.390443922, "city_id": 12693, "country_iso": "TWN"}, {"h3index": "874ba059bffffff", "population_2015": 34188.125514699896, "total_built_mass_tons": 3747451.8999920646, "city_id": 12693, "country_iso": "TWN"}, {"h3index": "874ba059cffffff", "population_2015": 160.39264216142544, "total_built_mass_tons": 75977.66291536171, "city_id": 12693, "country_iso": "TWN"}, {"h3index": "874ba059effffff", "population_2015": 3584.7395723417703, "total_built_mass_tons": 1356230.3599179876, "city_id": 12693, "country_iso": "TWN"}, {"h3index": "874ba2809ffffff", "population_2015": 44.19826331045114, "total_built_mass_tons": 39227.9662288668, "city_id": 12693, "country_iso": "TWN"}, {"h3index": "874ba280dffffff", "population_2015": 1896.191710013034, "total_built_mass_tons": 781598.5960936397, "city_id": 12693, "country_iso": "TWN"}, {"h3index": "874ba2829ffffff", "population_2015": 3083.206574950497, "total_built_mass_tons": 977304.043186253, "city_id": 12693, "country_iso": "TWN"}, {"h3index": "874ba282bffffff", "population_2015": 244.87662243562585, "total_built_mass_tons": 124012.73322376392, "city_id": 12693, "country_iso": "TWN"}, {"h3index": "874ba282cffffff", "population_2015": 2.121783537023208, "total_built_mass_tons": 23981.04783994375, "city_id": 12693, "country_iso": "TWN"}, {"h3index": "874ba282dffffff", "population_2015": 20247.007135454805, "total_built_mass_tons": 2110612.6478912076, "city_id": 12693, "country_iso": "TWN"}, {"h3index": "874ba2840ffffff", "population_2015": 1142.29223985485, "total_built_mass_tons": 425927.3834512962, "city_id": 12693, "country_iso": "TWN"}, {"h3index": "874ba2844ffffff", "population_2015": 18894.80483631433, "total_built_mass_tons": 3712724.956251049, "city_id": 12693, "country_iso": "TWN"}, {"h3index": "874ba2845ffffff", "population_2015": 2478.564984022403, "total_built_mass_tons": 809485.5623327254, "city_id": 12693, "country_iso": "TWN"}, {"h3index": "874ba2846ffffff", "population_2015": 11107.923861054816, "total_built_mass_tons": 2219337.483055134, "city_id": 12693, "country_iso": "TWN"}, {"h3index": "874ba2855ffffff", "population_2015": 1256.679057506487, "total_built_mass_tons": 420379.59330359945, "city_id": 12693, "country_iso": "TWN"}, {"h3index": "874ba2860ffffff", "population_2015": 45161.28693992763, "total_built_mass_tons": 3854810.554923727, "city_id": 12693, "country_iso": "TWN"}, {"h3index": "874ba2861ffffff", "population_2015": 15773.815450275648, "total_built_mass_tons": 2659305.0391904665, "city_id": 12693, "country_iso": "TWN"}, {"h3index": "874ba2862ffffff", "population_2015": 31606.2593045216, "total_built_mass_tons": 3193488.27756723, "city_id": 12693, "country_iso": "TWN"}, {"h3index": "874ba2863ffffff", "population_2015": 15607.768351850318, "total_built_mass_tons": 3099909.4182039355, "city_id": 12693, "country_iso": "TWN"}, {"h3index": "874ba2864ffffff", "population_2015": 81490.12914763809, "total_built_mass_tons": 5357097.511908423, "city_id": 12693, "country_iso": "TWN"}, {"h3index": "874ba2865ffffff", "population_2015": 42597.54558762944, "total_built_mass_tons": 5433168.881811694, "city_id": 12693, "country_iso": "TWN"}, {"h3index": "874ba2866ffffff", "population_2015": 106651.61923747344, "total_built_mass_tons": 5755434.765606087, "city_id": 12693, "country_iso": "TWN"}, {"h3index": "874ba286cffffff", "population_2015": 142.78161281884888, "total_built_mass_tons": 43159.141904014294, "city_id": 12693, "country_iso": "TWN"}, {"h3index": "874ba286effffff", "population_2015": 1281.3886825898114, "total_built_mass_tons": 315701.2787614964, "city_id": 12693, "country_iso": "TWN"}, {"h3index": "874ba2870ffffff", "population_2015": 5185.734889509162, "total_built_mass_tons": 1050733.554181839, "city_id": 12693, "country_iso": "TWN"}, {"h3index": "874ba2871ffffff", "population_2015": 33800.28816394431, "total_built_mass_tons": 3532812.5692465906, "city_id": 12693, "country_iso": "TWN"}, {"h3index": "874ba2872ffffff", "population_2015": 2832.263557269527, "total_built_mass_tons": 1323374.0634866157, "city_id": 12693, "country_iso": "TWN"}, {"h3index": "874ba2873ffffff", "population_2015": 6160.881899321312, "total_built_mass_tons": 1512033.8997108743, "city_id": 12693, "country_iso": "TWN"}, {"h3index": "874ba2874ffffff", "population_2015": 9072.532423344785, "total_built_mass_tons": 1731198.5167254934, "city_id": 12693, "country_iso": "TWN"}, {"h3index": "874ba2875ffffff", "population_2015": 49826.08130770666, "total_built_mass_tons": 4040867.73023838, "city_id": 12693, "country_iso": "TWN"}, {"h3index": "874ba2876ffffff", "population_2015": 5642.19729571062, "total_built_mass_tons": 1870481.502755721, "city_id": 12693, "country_iso": "TWN"}, {"h3index": "874ba2940ffffff", "population_2015": 18638.4302186031, "total_built_mass_tons": 3159822.6376658934, "city_id": 12693, "country_iso": "TWN"}, {"h3index": "874ba2941ffffff", "population_2015": 29280.45352701672, "total_built_mass_tons": 3678901.480568546, "city_id": 12693, "country_iso": "TWN"}, {"h3index": "874ba2942ffffff", "population_2015": 14451.771819971123, "total_built_mass_tons": 2654157.515308991, "city_id": 12693, "country_iso": "TWN"}, {"h3index": "874ba2943ffffff", "population_2015": 38463.55269870384, "total_built_mass_tons": 4170054.801969349, "city_id": 12693, "country_iso": "TWN"}, {"h3index": "874ba2944ffffff", "population_2015": 8856.109595841051, "total_built_mass_tons": 2534874.4637300763, "city_id": 12693, "country_iso": "TWN"}, {"h3index": "874ba2945ffffff", "population_2015": 6451.071212936851, "total_built_mass_tons": 1459272.0472332437, "city_id": 12693, "country_iso": "TWN"}, {"h3index": "874ba2946ffffff", "population_2015": 17549.946821721394, "total_built_mass_tons": 4871567.015920697, "city_id": 12693, "country_iso": "TWN"}, {"h3index": "874ba2948ffffff", "population_2015": 38294.093587598625, "total_built_mass_tons": 4781313.938912001, "city_id": 12693, "country_iso": "TWN"}, {"h3index": "874ba2949ffffff", "population_2015": 19103.291678735313, "total_built_mass_tons": 3447725.379350296, "city_id": 12693, "country_iso": "TWN"}, {"h3index": "874ba294affffff", "population_2015": 69057.16097468957, "total_built_mass_tons": 7738972.31334928, "city_id": 12693, "country_iso": "TWN"}, {"h3index": "874ba294bffffff", "population_2015": 40648.543164025104, "total_built_mass_tons": 5563015.609996878, "city_id": 12693, "country_iso": "TWN"}, {"h3index": "874ba294cffffff", "population_2015": 20405.56407906774, "total_built_mass_tons": 3218932.78035763, "city_id": 12693, "country_iso": "TWN"}, {"h3index": "874ba294dffffff", "population_2015": 21069.853785129617, "total_built_mass_tons": 3110073.6649222504, "city_id": 12693, "country_iso": "TWN"}, {"h3index": "874ba294effffff", "population_2015": 48525.96864886566, "total_built_mass_tons": 7090520.9123929795, "city_id": 12693, "country_iso": "TWN"}, {"h3index": "874ba2950ffffff", "population_2015": 428.2782615661621, "total_built_mass_tons": 121571.46347262316, "city_id": 12693, "country_iso": "TWN"}, {"h3index": "874ba2951ffffff", "population_2015": 12784.26882862016, "total_built_mass_tons": 1728590.1674699534, "city_id": 12693, "country_iso": "TWN"}, {"h3index": "874ba2952ffffff", "population_2015": 2894.866302703409, "total_built_mass_tons": 703461.2524265158, "city_id": 12693, "country_iso": "TWN"}, {"h3index": "874ba2953ffffff", "population_2015": 5534.735060433781, "total_built_mass_tons": 1453140.7911386986, "city_id": 12693, "country_iso": "TWN"}, {"h3index": "874ba2955ffffff", "population_2015": 7321.871989964506, "total_built_mass_tons": 1389225.127830834, "city_id": 12693, "country_iso": "TWN"}, {"h3index": "874ba2958ffffff", "population_2015": 54227.372628851495, "total_built_mass_tons": 4204920.220346902, "city_id": 12693, "country_iso": "TWN"}, {"h3index": "874ba2959ffffff", "population_2015": 68298.80745258708, "total_built_mass_tons": 5591641.044726754, "city_id": 12693, "country_iso": "TWN"}, {"h3index": "874ba295affffff", "population_2015": 27845.538846797575, "total_built_mass_tons": 3148728.2020034324, "city_id": 12693, "country_iso": "TWN"}, {"h3index": "874ba295bffffff", "population_2015": 82084.3082551395, "total_built_mass_tons": 4795264.309671987, "city_id": 12693, "country_iso": "TWN"}, {"h3index": "874ba295cffffff", "population_2015": 32493.65172736223, "total_built_mass_tons": 3198330.7035794607, "city_id": 12693, "country_iso": "TWN"}, {"h3index": "874ba295dffffff", "population_2015": 71588.43505485386, "total_built_mass_tons": 6053121.732909973, "city_id": 12693, "country_iso": "TWN"}, {"h3index": "874ba295effffff", "population_2015": 13660.458119859886, "total_built_mass_tons": 1606282.098842143, "city_id": 12693, "country_iso": "TWN"}, {"h3index": "874ba2960ffffff", "population_2015": 146.13969046087828, "total_built_mass_tons": 84267.3160497686, "city_id": 12693, "country_iso": "TWN"}, {"h3index": "874ba2961ffffff", "population_2015": 3582.850835686103, "total_built_mass_tons": 1606274.585123468, "city_id": 12693, "country_iso": "TWN"}, {"h3index": "874ba2963ffffff", "population_2015": 5227.442603186066, "total_built_mass_tons": 2694382.469954138, "city_id": 12693, "country_iso": "TWN"}, {"h3index": "874ba2965ffffff", "population_2015": 1928.896092525183, "total_built_mass_tons": 772718.3013050358, "city_id": 12693, "country_iso": "TWN"}, {"h3index": "874ba2968ffffff", "population_2015": 14039.024373664106, "total_built_mass_tons": 3026234.129711884, "city_id": 12693, "country_iso": "TWN"}, {"h3index": "874ba2969ffffff", "population_2015": 6373.973374407899, "total_built_mass_tons": 1600533.0688050166, "city_id": 12693, "country_iso": "TWN"}, {"h3index": "874ba296affffff", "population_2015": 13803.967593694202, "total_built_mass_tons": 2850965.8606206495, "city_id": 12693, "country_iso": "TWN"}, {"h3index": "874ba296bffffff", "population_2015": 10933.35944948383, "total_built_mass_tons": 2704741.2362300083, "city_id": 12693, "country_iso": "TWN"}, {"h3index": "874ba296cffffff", "population_2015": 4791.96689787659, "total_built_mass_tons": 1606428.3102042128, "city_id": 12693, "country_iso": "TWN"}, {"h3index": "874ba296dffffff", "population_2015": 5897.091262132983, "total_built_mass_tons": 2324359.734373875, "city_id": 12693, "country_iso": "TWN"}, {"h3index": "874ba296effffff", "population_2015": 11994.18053895165, "total_built_mass_tons": 2984210.256312026, "city_id": 12693, "country_iso": "TWN"}, {"h3index": "874ba2970ffffff", "population_2015": 608.3312391243728, "total_built_mass_tons": 247292.59644823853, "city_id": 12693, "country_iso": "TWN"}, {"h3index": "874ba2971ffffff", "population_2015": 12063.99097427667, "total_built_mass_tons": 2524920.054760447, "city_id": 12693, "country_iso": "TWN"}, {"h3index": "874ba2973ffffff", "population_2015": 6669.306594723347, "total_built_mass_tons": 1844616.8201173823, "city_id": 12693, "country_iso": "TWN"}]