[{"h3index":"87302968affffff","population_2015":1406.8994605569,"total_built_mass_tons":379635.1121812235,"city_id":12187,"country_iso":"PRK"},{"h3index":"87302968bffffff","population_2015":408.16580919,"total_built_mass_tons":86166.9192287078,"city_id":12187,"country_iso":"PRK"},{"h3index":"873029699ffffff","population_2015":270.0608677883,"total_built_mass_tons":68348.5998465932,"city_id":12187,"country_iso":"PRK"},{"h3index":"8730e496dffffff","population_2015":2054.0449573517,"total_built_mass_tons":596926.2074848141,"city_id":12187,"country_iso":"PRK"}]