[{"h3index":"87404d808ffffff","population_2015":107.0969185324,"total_built_mass_tons":24443.029041104,"city_id":10161,"country_iso":"MMR"},{"h3index":"87404d809ffffff","population_2015":2116.0712536083,"total_built_mass_tons":298846.1146517032,"city_id":10161,"country_iso":"MMR"},{"h3index":"87404d80affffff","population_2015":14.2043919563,"total_built_mass_tons":6324.5550575279,"city_id":10161,"country_iso":"MMR"},{"h3index":"87404d80bffffff","population_2015":3772.4735200807,"total_built_mass_tons":400293.5442909024,"city_id":10161,"country_iso":"MMR"},{"h3index":"87404d856ffffff","population_2015":619.4072136673,"total_built_mass_tons":68884.3308554971,"city_id":10161,"country_iso":"MMR"}]