[{"h3index":"876499904ffffff","population_2015":324.65921672,"total_built_mass_tons":103151.4475681638,"city_id":10200,"country_iso":"MMR"},{"h3index":"876499920ffffff","population_2015":86.3869901508,"total_built_mass_tons":31619.3861450199,"city_id":10200,"country_iso":"MMR"},{"h3index":"876499921ffffff","population_2015":71.677073086,"total_built_mass_tons":14153.0762034523,"city_id":10200,"country_iso":"MMR"},{"h3index":"876499922ffffff","population_2015":3026.0833196378,"total_built_mass_tons":515733.2328744986,"city_id":10200,"country_iso":"MMR"},{"h3index":"876499923ffffff","population_2015":2707.4406088736,"total_built_mass_tons":452760.6073645751,"city_id":10200,"country_iso":"MMR"},{"h3index":"876499926ffffff","population_2015":1198.7336437637,"total_built_mass_tons":199611.6228454065,"city_id":10200,"country_iso":"MMR"},{"h3index":"876499930ffffff","population_2015":2860.6270941435,"total_built_mass_tons":689615.6696259597,"city_id":10200,"country_iso":"MMR"},{"h3index":"876499931ffffff","population_2015":937.8974377557,"total_built_mass_tons":408548.4432617832,"city_id":10200,"country_iso":"MMR"},{"h3index":"876499934ffffff","population_2015":11341.168161295,"total_built_mass_tons":1896629.3401830429,"city_id":10200,"country_iso":"MMR"},{"h3index":"876499935ffffff","population_2015":3954.529015844,"total_built_mass_tons":787501.8056308798,"city_id":10200,"country_iso":"MMR"},{"h3index":"876499936ffffff","population_2015":140.2252092287,"total_built_mass_tons":27822.8103153617,"city_id":10200,"country_iso":"MMR"},{"h3index":"87649d29affffff","population_2015":423.9108936721,"total_built_mass_tons":98981.0676116643,"city_id":10200,"country_iso":"MMR"},{"h3index":"87649d29bffffff","population_2015":11076.558482301,"total_built_mass_tons":1554231.6270057247,"city_id":10200,"country_iso":"MMR"},{"h3index":"87649d669ffffff","population_2015":1574.8940497866,"total_built_mass_tons":353185.6088549078,"city_id":10200,"country_iso":"MMR"}]