[{"h3index":"873cc4d02ffffff","population_2015":14.4679718018,"total_built_mass_tons":74017.2986164396,"city_id":9914,"country_iso":"BGD"},{"h3index":"873cc4d11ffffff","population_2015":44.9528636932,"total_built_mass_tons":94424.7047032049,"city_id":9914,"country_iso":"BGD"},{"h3index":"873cc4d13ffffff","population_2015":120.698947813,"total_built_mass_tons":51312.1346947216,"city_id":9914,"country_iso":"BGD"},{"h3index":"873cc4d1affffff","population_2015":1382.222160459,"total_built_mass_tons":139927.8072455481,"city_id":9914,"country_iso":"BGD"},{"h3index":"873cc4d1cffffff","population_2015":16.1469993591,"total_built_mass_tons":92581.3508761376,"city_id":9914,"country_iso":"BGD"},{"h3index":"873cc4da9ffffff","population_2015":30.4709225823,"total_built_mass_tons":26884.716057772,"city_id":9914,"country_iso":"BGD"},{"h3index":"873cc4dadffffff","population_2015":2948.2120210348,"total_built_mass_tons":349712.044009892,"city_id":9914,"country_iso":"BGD"}]