[{"h3index":"87bf4c36dffffff","population_2015":2414.5325769495,"total_built_mass_tons":1293594.6940967028,"city_id":12943,"country_iso":"AUS"},{"h3index":"87bf4dd90ffffff","population_2015":8456.6798800148,"total_built_mass_tons":4843683.9248935394,"city_id":12943,"country_iso":"AUS"},{"h3index":"87bf4dd91ffffff","population_2015":5700.2126539782,"total_built_mass_tons":2341765.5184904123,"city_id":12943,"country_iso":"AUS"},{"h3index":"87bf4dd92ffffff","population_2015":889.4812187369,"total_built_mass_tons":635026.3591410537,"city_id":12943,"country_iso":"AUS"},{"h3index":"87bf4dd93ffffff","population_2015":5067.19426816,"total_built_mass_tons":4363258.5528812157,"city_id":12943,"country_iso":"AUS"},{"h3index":"87bf4dd94ffffff","population_2015":5134.5209940575,"total_built_mass_tons":3715682.599241904,"city_id":12943,"country_iso":"AUS"},{"h3index":"87bf4dd95ffffff","population_2015":5066.2581000628,"total_built_mass_tons":2116897.8083295282,"city_id":12943,"country_iso":"AUS"},{"h3index":"87bf4dd96ffffff","population_2015":4.3894318549,"total_built_mass_tons":61070.2604062841,"city_id":12943,"country_iso":"AUS"},{"h3index":"87bf4dd9affffff","population_2015":569.0170133778,"total_built_mass_tons":212259.1541345964,"city_id":12943,"country_iso":"AUS"},{"h3index":"87bf4dd9effffff","population_2015":2296.2164020309,"total_built_mass_tons":1124255.0634086248,"city_id":12943,"country_iso":"AUS"},{"h3index":"87bf4ddb0ffffff","population_2015":3771.6938321503,"total_built_mass_tons":2167615.2568225106,"city_id":12943,"country_iso":"AUS"},{"h3index":"87bf4ddb1ffffff","population_2015":446.8921584438,"total_built_mass_tons":372720.0861319021,"city_id":12943,"country_iso":"AUS"},{"h3index":"87bf4ddb2ffffff","population_2015":2275.8842334698,"total_built_mass_tons":2596977.0404367978,"city_id":12943,"country_iso":"AUS"},{"h3index":"87bf4ddb3ffffff","population_2015":8994.359897804,"total_built_mass_tons":4537270.0034764139,"city_id":12943,"country_iso":"AUS"},{"h3index":"87bf4ddb4ffffff","population_2015":903.813144947,"total_built_mass_tons":400860.2790807497,"city_id":12943,"country_iso":"AUS"},{"h3index":"87bf4ddb6ffffff","population_2015":585.0698010043,"total_built_mass_tons":329392.6012062817,"city_id":12943,"country_iso":"AUS"}]