[{"h3index": "872da98b6ffffff", "population_2015": 8.066599427017511, "total_built_mass_tons": 14621.975183372955, "city_id": 4486, "country_iso": "TUR"}, {"h3index": "872da9992ffffff", "population_2015": 12.05278455696854, "total_built_mass_tons": 7834.277667361577, "city_id": 4486, "country_iso": "TUR"}, {"h3index": "872da9d4cffffff", "population_2015": 511.3611012552298, "total_built_mass_tons": 206165.11441104417, "city_id": 4486, "country_iso": "TUR"}, {"h3index": "872da9d4dffffff", "population_2015": 159.86657426871506, "total_built_mass_tons": 152390.6344047903, "city_id": 4486, "country_iso": "TUR"}, {"h3index": "872da9d60ffffff", "population_2015": 2050.388699812047, "total_built_mass_tons": 771734.5821097083, "city_id": 4486, "country_iso": "TUR"}, {"h3index": "872da9d61ffffff", "population_2015": 2798.429961486891, "total_built_mass_tons": 717586.1347963903, "city_id": 4486, "country_iso": "TUR"}, {"h3index": "872da9d62ffffff", "population_2015": 204.4261308632645, "total_built_mass_tons": 172801.73235781654, "city_id": 4486, "country_iso": "TUR"}, {"h3index": "872da9d63ffffff", "population_2015": 4484.456919973038, "total_built_mass_tons": 1105959.128933407, "city_id": 4486, "country_iso": "TUR"}, {"h3index": "872da9d66ffffff", "population_2015": 1.0899918948902805, "total_built_mass_tons": 989.4964982829506, "city_id": 4486, "country_iso": "TUR"}, {"h3index": "872da9d68ffffff", "population_2015": 24132.228127427195, "total_built_mass_tons": 4174703.3803372737, "city_id": 4486, "country_iso": "TUR"}, {"h3index": "872da9d69ffffff", "population_2015": 1076.3625687917074, "total_built_mass_tons": 321349.9820656596, "city_id": 4486, "country_iso": "TUR"}, {"h3index": "872da9d6affffff", "population_2015": 11700.212539814966, "total_built_mass_tons": 2432243.687347193, "city_id": 4486, "country_iso": "TUR"}, {"h3index": "872da9d6bffffff", "population_2015": 12202.082080566188, "total_built_mass_tons": 2785434.4926147256, "city_id": 4486, "country_iso": "TUR"}, {"h3index": "872da9d6cffffff", "population_2015": 1662.134669719023, "total_built_mass_tons": 608902.9221800875, "city_id": 4486, "country_iso": "TUR"}, {"h3index": "872da9d6effffff", "population_2015": 21858.039998147997, "total_built_mass_tons": 4891267.312300585, "city_id": 4486, "country_iso": "TUR"}]