[{"h3index": "87319b0c0ffffff", "population_2015": 179.7088574975145, "total_built_mass_tons": 405107.09140321816, "city_id": 11270, "country_iso": "CHN"}, {"h3index": "87319b0c2ffffff", "population_2015": 1658.166981208091, "total_built_mass_tons": 1505312.8590239692, "city_id": 11270, "country_iso": "CHN"}, {"h3index": "87319b0c4ffffff", "population_2015": 114.52524798804636, "total_built_mass_tons": 243029.77618298685, "city_id": 11270, "country_iso": "CHN"}, {"h3index": "87319b0c5ffffff", "population_2015": 11.886659983092663, "total_built_mass_tons": 30649.938128204813, "city_id": 11270, "country_iso": "CHN"}, {"h3index": "87319b0c6ffffff", "population_2015": 583.4555378268745, "total_built_mass_tons": 840561.3646113169, "city_id": 11270, "country_iso": "CHN"}, {"h3index": "87319b0d0ffffff", "population_2015": 295.2398408581229, "total_built_mass_tons": 237739.02614343673, "city_id": 11270, "country_iso": "CHN"}, {"h3index": "87319b0d1ffffff", "population_2015": 7688.454540620131, "total_built_mass_tons": 2977240.885853039, "city_id": 11270, "country_iso": "CHN"}, {"h3index": "87319b0d2ffffff", "population_2015": 4819.939616592257, "total_built_mass_tons": 1712637.4737329923, "city_id": 11270, "country_iso": "CHN"}, {"h3index": "87319b0d3ffffff", "population_2015": 19579.69854213864, "total_built_mass_tons": 4063194.74081417, "city_id": 11270, "country_iso": "CHN"}, {"h3index": "87319b0d5ffffff", "population_2015": 433.6965111741833, "total_built_mass_tons": 756732.8141441157, "city_id": 11270, "country_iso": "CHN"}, {"h3index": "87319b0d8ffffff", "population_2015": 355.7577332711687, "total_built_mass_tons": 243508.2992813912, "city_id": 11270, "country_iso": "CHN"}, {"h3index": "87319b0daffffff", "population_2015": 72.46076657444824, "total_built_mass_tons": 144371.6006353972, "city_id": 11270, "country_iso": "CHN"}, {"h3index": "87319b0dcffffff", "population_2015": 172.1316462189543, "total_built_mass_tons": 182608.82874305168, "city_id": 11270, "country_iso": "CHN"}, {"h3index": "87319b0deffffff", "population_2015": 13956.854556981256, "total_built_mass_tons": 3037361.1503410144, "city_id": 11270, "country_iso": "CHN"}, {"h3index": "87319b720ffffff", "population_2015": 154.28624106248216, "total_built_mass_tons": 263245.54373456095, "city_id": 11270, "country_iso": "CHN"}, {"h3index": "87319b721ffffff", "population_2015": 1149.4227055652468, "total_built_mass_tons": 791703.1007661258, "city_id": 11270, "country_iso": "CHN"}, {"h3index": "87319b725ffffff", "population_2015": 643.9943484736423, "total_built_mass_tons": 357349.2168989075, "city_id": 11270, "country_iso": "CHN"}, {"h3index": "87319b72cffffff", "population_2015": 4348.659440626819, "total_built_mass_tons": 1306325.2469997448, "city_id": 11270, "country_iso": "CHN"}, {"h3index": "87319b72dffffff", "population_2015": 10893.551711645312, "total_built_mass_tons": 2726936.8123756777, "city_id": 11270, "country_iso": "CHN"}]