[{"h3index":"873188809ffffff","population_2015":816.2183879516,"total_built_mass_tons":142821.6363132429,"city_id":11050,"country_iso":"CHN"},{"h3index":"87318880bffffff","population_2015":2918.5795574974,"total_built_mass_tons":463012.9572254894,"city_id":11050,"country_iso":"CHN"},{"h3index":"873188818ffffff","population_2015":2803.6781799391,"total_built_mass_tons":374462.3287093301,"city_id":11050,"country_iso":"CHN"},{"h3index":"87318881affffff","population_2015":4570.3753371314,"total_built_mass_tons":1163108.6759789262,"city_id":11050,"country_iso":"CHN"},{"h3index":"87318881bffffff","population_2015":22020.8138525121,"total_built_mass_tons":3099078.9224611036,"city_id":11050,"country_iso":"CHN"},{"h3index":"873188852ffffff","population_2015":323.9024145444,"total_built_mass_tons":170253.4191004768,"city_id":11050,"country_iso":"CHN"},{"h3index":"873188854ffffff","population_2015":223.4407684887,"total_built_mass_tons":130429.6362609092,"city_id":11050,"country_iso":"CHN"},{"h3index":"873188856ffffff","population_2015":3532.5349086051,"total_built_mass_tons":649470.573401636,"city_id":11050,"country_iso":"CHN"},{"h3index":"8731888a9ffffff","population_2015":138.2619827107,"total_built_mass_tons":236800.4024723585,"city_id":11050,"country_iso":"CHN"},{"h3index":"8731888c4ffffff","population_2015":533.3005895727,"total_built_mass_tons":400324.9069969481,"city_id":11050,"country_iso":"CHN"},{"h3index":"8731888c5ffffff","population_2015":7.7971441886,"total_built_mass_tons":5086.5172598102,"city_id":11050,"country_iso":"CHN"},{"h3index":"8731888e0ffffff","population_2015":3162.7439805367,"total_built_mass_tons":592047.97609793,"city_id":11050,"country_iso":"CHN"},{"h3index":"8731888e1ffffff","population_2015":1372.0304581586,"total_built_mass_tons":175307.0812897522,"city_id":11050,"country_iso":"CHN"},{"h3index":"8731888e2ffffff","population_2015":8463.3803102334,"total_built_mass_tons":1966210.5088764229,"city_id":11050,"country_iso":"CHN"},{"h3index":"8731888e3ffffff","population_2015":3202.5015134381,"total_built_mass_tons":803794.8642227271,"city_id":11050,"country_iso":"CHN"},{"h3index":"8731888e4ffffff","population_2015":6759.7764429261,"total_built_mass_tons":1188335.6665121885,"city_id":11050,"country_iso":"CHN"},{"h3index":"8731888e5ffffff","population_2015":6979.0374378597,"total_built_mass_tons":974649.0409088626,"city_id":11050,"country_iso":"CHN"},{"h3index":"8731888e6ffffff","population_2015":18188.8386295982,"total_built_mass_tons":3434480.0525735756,"city_id":11050,"country_iso":"CHN"},{"h3index":"8731888f0ffffff","population_2015":415.5091778678,"total_built_mass_tons":592472.0268202862,"city_id":11050,"country_iso":"CHN"},{"h3index":"8731888f1ffffff","population_2015":2085.6760237572,"total_built_mass_tons":1664847.9450427457,"city_id":11050,"country_iso":"CHN"},{"h3index":"8731888f4ffffff","population_2015":12763.4834805264,"total_built_mass_tons":3197800.879501204,"city_id":11050,"country_iso":"CHN"},{"h3index":"8731888f5ffffff","population_2015":16070.1452888442,"total_built_mass_tons":3114754.5176130775,"city_id":11050,"country_iso":"CHN"},{"h3index":"8731888f6ffffff","population_2015":1296.7033785446,"total_built_mass_tons":1294780.4593584309,"city_id":11050,"country_iso":"CHN"}]