[{"h3index":"873094500ffffff","population_2015":5046.758613765,"total_built_mass_tons":1747253.076324081,"city_id":11705,"country_iso":"CHN"},{"h3index":"873094501ffffff","population_2015":138.0534120204,"total_built_mass_tons":108754.59265546,"city_id":11705,"country_iso":"CHN"},{"h3index":"873094502ffffff","population_2015":6699.4706240191,"total_built_mass_tons":1886135.4290570607,"city_id":11705,"country_iso":"CHN"},{"h3index":"873094503ffffff","population_2015":9557.7014098691,"total_built_mass_tons":1947328.6431508856,"city_id":11705,"country_iso":"CHN"},{"h3index":"873094506ffffff","population_2015":12690.3817146413,"total_built_mass_tons":2157058.7884095935,"city_id":11705,"country_iso":"CHN"},{"h3index":"873094508ffffff","population_2015":0.0730401558,"total_built_mass_tons":4624.1651909368,"city_id":11705,"country_iso":"CHN"},{"h3index":"87309450affffff","population_2015":3538.4634112265,"total_built_mass_tons":1107358.0054096424,"city_id":11705,"country_iso":"CHN"},{"h3index":"87309450effffff","population_2015":2537.4584711094,"total_built_mass_tons":407467.8627322897,"city_id":11705,"country_iso":"CHN"},{"h3index":"873094511ffffff","population_2015":36.360862257,"total_built_mass_tons":12422.1522555111,"city_id":11705,"country_iso":"CHN"},{"h3index":"873094514ffffff","population_2015":3033.7042466837,"total_built_mass_tons":341128.5742839316,"city_id":11705,"country_iso":"CHN"},{"h3index":"873094515ffffff","population_2015":12074.4312971162,"total_built_mass_tons":2711227.4993727542,"city_id":11705,"country_iso":"CHN"},{"h3index":"873094518ffffff","population_2015":7.9443278313,"total_built_mass_tons":2634.6943075003,"city_id":11705,"country_iso":"CHN"},{"h3index":"873094519ffffff","population_2015":69.9532784297,"total_built_mass_tons":160421.9151060737,"city_id":11705,"country_iso":"CHN"},{"h3index":"87309451cffffff","population_2015":223.7358578794,"total_built_mass_tons":353599.295353541,"city_id":11705,"country_iso":"CHN"},{"h3index":"87309451dffffff","population_2015":6796.8081211228,"total_built_mass_tons":1274447.8698518656,"city_id":11705,"country_iso":"CHN"},{"h3index":"873094530ffffff","population_2015":2671.2771737482,"total_built_mass_tons":1199209.3022259914,"city_id":11705,"country_iso":"CHN"},{"h3index":"873094531ffffff","population_2015":2365.2701974046,"total_built_mass_tons":1351829.1796527416,"city_id":11705,"country_iso":"CHN"},{"h3index":"873094532ffffff","population_2015":3790.8506973005,"total_built_mass_tons":2215041.4486110322,"city_id":11705,"country_iso":"CHN"},{"h3index":"873094533ffffff","population_2015":22941.7244838677,"total_built_mass_tons":6114966.7544946671,"city_id":11705,"country_iso":"CHN"},{"h3index":"873094536ffffff","population_2015":469.5237222737,"total_built_mass_tons":288842.884649494,"city_id":11705,"country_iso":"CHN"},{"h3index":"8740b6db2ffffff","population_2015":548.5751684133,"total_built_mass_tons":567980.2298974212,"city_id":11705,"country_iso":"CHN"},{"h3index":"8740b6db6ffffff","population_2015":599.602588633,"total_built_mass_tons":259140.6545175929,"city_id":11705,"country_iso":"CHN"}]