[{"h3index":"87660b080ffffff","population_2015":5094.0276798173,"total_built_mass_tons":543714.6853367316,"city_id":659,"country_iso":"COL"},{"h3index":"87660b082ffffff","population_2015":4031.6565070059,"total_built_mass_tons":521183.5945118952,"city_id":659,"country_iso":"COL"},{"h3index":"87660b084ffffff","population_2015":11920.0389807383,"total_built_mass_tons":1404797.1969882303,"city_id":659,"country_iso":"COL"},{"h3index":"87660b086ffffff","population_2015":17559.7561288422,"total_built_mass_tons":2295752.5196336336,"city_id":659,"country_iso":"COL"},{"h3index":"87660b0a0ffffff","population_2015":2343.2368061888,"total_built_mass_tons":260426.9851210187,"city_id":659,"country_iso":"COL"},{"h3index":"87660b0a2ffffff","population_2015":13841.9754975263,"total_built_mass_tons":1282071.1157665071,"city_id":659,"country_iso":"COL"},{"h3index":"87660b0a3ffffff","population_2015":51.7736023548,"total_built_mass_tons":10203.0252933486,"city_id":659,"country_iso":"COL"},{"h3index":"87660b0a4ffffff","population_2015":37.905812615,"total_built_mass_tons":12477.1141443341,"city_id":659,"country_iso":"COL"},{"h3index":"87660b0a6ffffff","population_2015":6743.8406493467,"total_built_mass_tons":599669.8016448455,"city_id":659,"country_iso":"COL"},{"h3index":"87660b0b1ffffff","population_2015":10567.575073676,"total_built_mass_tons":1021563.9901398204,"city_id":659,"country_iso":"COL"}]