[{"h3index":"874082442ffffff","population_2015":191.2978210776,"total_built_mass_tons":62284.6801234877,"city_id":10856,"country_iso":"CHN"},{"h3index":"874082443ffffff","population_2015":6466.4256152817,"total_built_mass_tons":1732598.272851927,"city_id":10856,"country_iso":"CHN"},{"h3index":"874082448ffffff","population_2015":22.9595633974,"total_built_mass_tons":10066.6744874788,"city_id":10856,"country_iso":"CHN"},{"h3index":"87408244affffff","population_2015":7712.0022173713,"total_built_mass_tons":3419728.4556504856,"city_id":10856,"country_iso":"CHN"},{"h3index":"87408244bffffff","population_2015":174.8449824875,"total_built_mass_tons":75619.9476820454,"city_id":10856,"country_iso":"CHN"},{"h3index":"87408244effffff","population_2015":1066.7882879921,"total_built_mass_tons":438295.360491344,"city_id":10856,"country_iso":"CHN"},{"h3index":"874082450ffffff","population_2015":162.711641436,"total_built_mass_tons":184400.0884480653,"city_id":10856,"country_iso":"CHN"},{"h3index":"874082451ffffff","population_2015":2050.8917549306,"total_built_mass_tons":1381944.1988525824,"city_id":10856,"country_iso":"CHN"},{"h3index":"874082453ffffff","population_2015":780.7363094414,"total_built_mass_tons":395537.814267809,"city_id":10856,"country_iso":"CHN"},{"h3index":"874082458ffffff","population_2015":2191.4434829609,"total_built_mass_tons":1229082.7112503524,"city_id":10856,"country_iso":"CHN"},{"h3index":"874082459ffffff","population_2015":5455.477223213,"total_built_mass_tons":3141944.2404916212,"city_id":10856,"country_iso":"CHN"},{"h3index":"87408245affffff","population_2015":1031.3732991892,"total_built_mass_tons":1052636.6171512683,"city_id":10856,"country_iso":"CHN"},{"h3index":"87408245bffffff","population_2015":3.6942779204,"total_built_mass_tons":8167.3937601161,"city_id":10856,"country_iso":"CHN"},{"h3index":"87408245cffffff","population_2015":6739.4520100014,"total_built_mass_tons":1908603.2557609088,"city_id":10856,"country_iso":"CHN"},{"h3index":"87408245dffffff","population_2015":7583.5353449158,"total_built_mass_tons":4157143.9038230767,"city_id":10856,"country_iso":"CHN"},{"h3index":"87408245effffff","population_2015":3479.2104270916,"total_built_mass_tons":1553253.5735989681,"city_id":10856,"country_iso":"CHN"},{"h3index":"8740824ecffffff","population_2015":146.6074057616,"total_built_mass_tons":138797.2012602937,"city_id":10856,"country_iso":"CHN"},{"h3index":"8740824edffffff","population_2015":1433.6889068978,"total_built_mass_tons":766371.502610298,"city_id":10856,"country_iso":"CHN"},{"h3index":"8740827a4ffffff","population_2015":1112.9064908397,"total_built_mass_tons":1043147.315595962,"city_id":10856,"country_iso":"CHN"},{"h3index":"8740827a5ffffff","population_2015":69.4014946886,"total_built_mass_tons":129595.0587320964,"city_id":10856,"country_iso":"CHN"},{"h3index":"8740827a6ffffff","population_2015":5.2580115487,"total_built_mass_tons":7195.0209896606,"city_id":10856,"country_iso":"CHN"}]