[{"h3index":"872a33001ffffff","population_2015":47.5832263647,"total_built_mass_tons":31809.5136798067,"city_id":1009,"country_iso":"USA"},{"h3index":"872a3300cffffff","population_2015":1.859665873,"total_built_mass_tons":4655.4674553394,"city_id":1009,"country_iso":"USA"},{"h3index":"872a3300dffffff","population_2015":8.9225883297,"total_built_mass_tons":7792.4197695443,"city_id":1009,"country_iso":"USA"},{"h3index":"872a33020ffffff","population_2015":647.9070942259,"total_built_mass_tons":486928.5215912062,"city_id":1009,"country_iso":"USA"},{"h3index":"872a33021ffffff","population_2015":3990.4585353558,"total_built_mass_tons":2799235.6236678273,"city_id":1009,"country_iso":"USA"},{"h3index":"872a33023ffffff","population_2015":114.0768767227,"total_built_mass_tons":173417.1327860675,"city_id":1009,"country_iso":"USA"},{"h3index":"872a33024ffffff","population_2015":6156.686951285,"total_built_mass_tons":2465094.5169183835,"city_id":1009,"country_iso":"USA"},{"h3index":"872a33025ffffff","population_2015":8687.5620407332,"total_built_mass_tons":3356379.09911507,"city_id":1009,"country_iso":"USA"},{"h3index":"872a33028ffffff","population_2015":5112.6410069314,"total_built_mass_tons":2811534.369026301,"city_id":1009,"country_iso":"USA"},{"h3index":"872a33029ffffff","population_2015":4975.5674172825,"total_built_mass_tons":3079941.9869752172,"city_id":1009,"country_iso":"USA"},{"h3index":"872a3302affffff","population_2015":909.8613887245,"total_built_mass_tons":1039895.1518737432,"city_id":1009,"country_iso":"USA"},{"h3index":"872a3302bffffff","population_2015":1829.0982362891,"total_built_mass_tons":1306677.9969633869,"city_id":1009,"country_iso":"USA"},{"h3index":"872a3302cffffff","population_2015":3859.3594256901,"total_built_mass_tons":2248804.4203518555,"city_id":1009,"country_iso":"USA"},{"h3index":"872a3302dffffff","population_2015":9226.6012474584,"total_built_mass_tons":3403805.2247787612,"city_id":1009,"country_iso":"USA"},{"h3index":"872a3302effffff","population_2015":939.3565844913,"total_built_mass_tons":729167.2158947963,"city_id":1009,"country_iso":"USA"},{"h3index":"872a33040ffffff","population_2015":950.5303493516,"total_built_mass_tons":584633.6554947109,"city_id":1009,"country_iso":"USA"},{"h3index":"872a33044ffffff","population_2015":3365.4666405763,"total_built_mass_tons":2279835.7551474241,"city_id":1009,"country_iso":"USA"},{"h3index":"872a33045ffffff","population_2015":57.4904992473,"total_built_mass_tons":361156.5423836759,"city_id":1009,"country_iso":"USA"},{"h3index":"872a33046ffffff","population_2015":2964.5931632038,"total_built_mass_tons":1951169.0113304476,"city_id":1009,"country_iso":"USA"},{"h3index":"872a33055ffffff","population_2015":72.7468602115,"total_built_mass_tons":413900.6632168199,"city_id":1009,"country_iso":"USA"},{"h3index":"872a33060ffffff","population_2015":5251.9263608216,"total_built_mass_tons":2668167.482982222,"city_id":1009,"country_iso":"USA"},{"h3index":"872a33061ffffff","population_2015":3744.8574723922,"total_built_mass_tons":2037255.39235385,"city_id":1009,"country_iso":"USA"},{"h3index":"872a33062ffffff","population_2015":4142.177123772,"total_built_mass_tons":2819589.2118729409,"city_id":1009,"country_iso":"USA"},{"h3index":"872a33063ffffff","population_2015":4315.4258132402,"total_built_mass_tons":2194553.6416654768,"city_id":1009,"country_iso":"USA"},{"h3index":"872a33064ffffff","population_2015":2976.6238105715,"total_built_mass_tons":1534706.8779191936,"city_id":1009,"country_iso":"USA"},{"h3index":"872a33065ffffff","population_2015":3206.6243026554,"total_built_mass_tons":1776220.6557496632,"city_id":1009,"country_iso":"USA"},{"h3index":"872a33066ffffff","population_2015":3924.1032631148,"total_built_mass_tons":2607612.5950714434,"city_id":1009,"country_iso":"USA"},{"h3index":"872a3306affffff","population_2015":308.4641198273,"total_built_mass_tons":281047.3804190984,"city_id":1009,"country_iso":"USA"},{"h3index":"872a3306cffffff","population_2015":0.9595540575,"total_built_mass_tons":7713.0271354244,"city_id":1009,"country_iso":"USA"},{"h3index":"872a3306effffff","population_2015":95.7303995953,"total_built_mass_tons":293575.6974117232,"city_id":1009,"country_iso":"USA"},{"h3index":"872a33070ffffff","population_2015":4233.5839972546,"total_built_mass_tons":3114967.9795801854,"city_id":1009,"country_iso":"USA"},{"h3index":"872a33071ffffff","population_2015":4111.0801767531,"total_built_mass_tons":2959562.9430023585,"city_id":1009,"country_iso":"USA"},{"h3index":"872a33072ffffff","population_2015":777.5310009498,"total_built_mass_tons":392782.949032499,"city_id":1009,"country_iso":"USA"},{"h3index":"872a33073ffffff","population_2015":1558.127405802,"total_built_mass_tons":1963129.1996973956,"city_id":1009,"country_iso":"USA"},{"h3index":"872a33074ffffff","population_2015":5072.5702582057,"total_built_mass_tons":3680025.5207346529,"city_id":1009,"country_iso":"USA"},{"h3index":"872a33075ffffff","population_2015":1186.5897216633,"total_built_mass_tons":3438503.2830735124,"city_id":1009,"country_iso":"USA"},{"h3index":"872a33076ffffff","population_2015":2562.9184464018,"total_built_mass_tons":1961311.6719850688,"city_id":1009,"country_iso":"USA"},{"h3index":"872a33105ffffff","population_2015":802.5043498834,"total_built_mass_tons":771181.908710086,"city_id":1009,"country_iso":"USA"},{"h3index":"872a33108ffffff","population_2015":1530.4714504917,"total_built_mass_tons":696594.64182148,"city_id":1009,"country_iso":"USA"},{"h3index":"872a33109ffffff","population_2015":11618.0423963688,"total_built_mass_tons":3495538.9966512062,"city_id":1009,"country_iso":"USA"},{"h3index":"872a3310affffff","population_2015":150.8922975054,"total_built_mass_tons":240887.814004444,"city_id":1009,"country_iso":"USA"},{"h3index":"872a3310bffffff","population_2015":9606.4432912072,"total_built_mass_tons":3719398.2392192548,"city_id":1009,"country_iso":"USA"},{"h3index":"872a3310cffffff","population_2015":1026.1630180231,"total_built_mass_tons":532691.7345152722,"city_id":1009,"country_iso":"USA"},{"h3index":"872a3310dffffff","population_2015":12584.3774064952,"total_built_mass_tons":3525494.0746268383,"city_id":1009,"country_iso":"USA"},{"h3index":"872a33118ffffff","population_2015":203.7145055378,"total_built_mass_tons":143932.7690648472,"city_id":1009,"country_iso":"USA"},{"h3index":"872a33119ffffff","population_2015":1972.3029766591,"total_built_mass_tons":1227192.8284880586,"city_id":1009,"country_iso":"USA"},{"h3index":"872a33128ffffff","population_2015":4007.7371399343,"total_built_mass_tons":1776957.697715723,"city_id":1009,"country_iso":"USA"},{"h3index":"872a33129ffffff","population_2015":9652.1269263854,"total_built_mass_tons":3783394.9074327033,"city_id":1009,"country_iso":"USA"},{"h3index":"872a3312affffff","population_2015":3722.0357631252,"total_built_mass_tons":1899763.4474587904,"city_id":1009,"country_iso":"USA"},{"h3index":"872a3312bffffff","population_2015":11575.6709349165,"total_built_mass_tons":3029129.2186443266,"city_id":1009,"country_iso":"USA"},{"h3index":"872a3312dffffff","population_2015":736.6786418718,"total_built_mass_tons":605748.7827171265,"city_id":1009,"country_iso":"USA"},{"h3index":"872a3312effffff","population_2015":295.9552723847,"total_built_mass_tons":225137.9280916939,"city_id":1009,"country_iso":"USA"},{"h3index":"872a33140ffffff","population_2015":4996.466062773,"total_built_mass_tons":3458000.4936289918,"city_id":1009,"country_iso":"USA"},{"h3index":"872a33141ffffff","population_2015":304.6267052517,"total_built_mass_tons":1894927.7089682557,"city_id":1009,"country_iso":"USA"},{"h3index":"872a33142ffffff","population_2015":5453.1628368926,"total_built_mass_tons":2323189.8271241933,"city_id":1009,"country_iso":"USA"},{"h3index":"872a33143ffffff","population_2015":2827.5919435231,"total_built_mass_tons":1727873.0062097032,"city_id":1009,"country_iso":"USA"},{"h3index":"872a33144ffffff","population_2015":707.7689245966,"total_built_mass_tons":992212.7038299352,"city_id":1009,"country_iso":"USA"},{"h3index":"872a33145ffffff","population_2015":1380.3249920707,"total_built_mass_tons":1720686.8447594859,"city_id":1009,"country_iso":"USA"},{"h3index":"872a33146ffffff","population_2015":9257.4847156835,"total_built_mass_tons":3694120.4689186425,"city_id":1009,"country_iso":"USA"},{"h3index":"872a33148ffffff","population_2015":3332.5609636001,"total_built_mass_tons":2052861.3699804479,"city_id":1009,"country_iso":"USA"},{"h3index":"872a33149ffffff","population_2015":1297.9579245115,"total_built_mass_tons":1007859.7671381329,"city_id":1009,"country_iso":"USA"},{"h3index":"872a3314affffff","population_2015":931.0946444624,"total_built_mass_tons":668640.1434814383,"city_id":1009,"country_iso":"USA"},{"h3index":"872a3314bffffff","population_2015":163.2485220442,"total_built_mass_tons":297086.5389405058,"city_id":1009,"country_iso":"USA"},{"h3index":"872a3314cffffff","population_2015":1126.852348284,"total_built_mass_tons":674129.0386691195,"city_id":1009,"country_iso":"USA"},{"h3index":"872a3314dffffff","population_2015":1862.3607055593,"total_built_mass_tons":1290159.4733111269,"city_id":1009,"country_iso":"USA"},{"h3index":"872a3314effffff","population_2015":8499.2764795001,"total_built_mass_tons":2957323.9436849304,"city_id":1009,"country_iso":"USA"},{"h3index":"872a33150ffffff","population_2015":18422.8799812506,"total_built_mass_tons":5732614.5955280196,"city_id":1009,"country_iso":"USA"},{"h3index":"872a33151ffffff","population_2015":19391.2424740258,"total_built_mass_tons":4849382.5949535202,"city_id":1009,"country_iso":"USA"},{"h3index":"872a33152ffffff","population_2015":19518.3069988072,"total_built_mass_tons":4386824.970849731,"city_id":1009,"country_iso":"USA"},{"h3index":"872a33153ffffff","population_2015":22949.2878756741,"total_built_mass_tons":4937863.6749429721,"city_id":1009,"country_iso":"USA"},{"h3index":"872a33154ffffff","population_2015":14688.620062377,"total_built_mass_tons":4322539.486518329,"city_id":1009,"country_iso":"USA"},{"h3index":"872a33155ffffff","population_2015":15362.8192036254,"total_built_mass_tons":4401923.8824520959,"city_id":1009,"country_iso":"USA"},{"h3index":"872a33156ffffff","population_2015":18454.8609095446,"total_built_mass_tons":4623900.8139507174,"city_id":1009,"country_iso":"USA"},{"h3index":"872a33158ffffff","population_2015":6213.5247140905,"total_built_mass_tons":3313547.0368574969,"city_id":1009,"country_iso":"USA"},{"h3index":"872a33159ffffff","population_2015":6499.1588892258,"total_built_mass_tons":3036652.4933673479,"city_id":1009,"country_iso":"USA"},{"h3index":"872a3315affffff","population_2015":9484.1174545128,"total_built_mass_tons":3625478.630320936,"city_id":1009,"country_iso":"USA"},{"h3index":"872a3315bffffff","population_2015":4226.7174952592,"total_built_mass_tons":3438877.6717925868,"city_id":1009,"country_iso":"USA"},{"h3index":"872a3315cffffff","population_2015":12308.2881189979,"total_built_mass_tons":3658654.660840319,"city_id":1009,"country_iso":"USA"},{"h3index":"872a3315dffffff","population_2015":2409.8582443678,"total_built_mass_tons":1318638.8312103916,"city_id":1009,"country_iso":"USA"},{"h3index":"872a3315effffff","population_2015":10990.8035217805,"total_built_mass_tons":3858074.9014825439,"city_id":1009,"country_iso":"USA"},{"h3index":"872a3316affffff","population_2015":188.1697946641,"total_built_mass_tons":283552.2801731962,"city_id":1009,"country_iso":"USA"},{"h3index":"872a33170ffffff","population_2015":7640.1286755364,"total_built_mass_tons":3505370.5286210305,"city_id":1009,"country_iso":"USA"},{"h3index":"872a33171ffffff","population_2015":4641.7586820492,"total_built_mass_tons":2243472.4789163535,"city_id":1009,"country_iso":"USA"},{"h3index":"872a33172ffffff","population_2015":13664.3122638805,"total_built_mass_tons":4342129.0982082943,"city_id":1009,"country_iso":"USA"},{"h3index":"872a33173ffffff","population_2015":5456.8563369432,"total_built_mass_tons":2617527.0386815574,"city_id":1009,"country_iso":"USA"},{"h3index":"872a33174ffffff","population_2015":12104.0846215001,"total_built_mass_tons":3585059.6688950388,"city_id":1009,"country_iso":"USA"},{"h3index":"872a33175ffffff","population_2015":884.6033785857,"total_built_mass_tons":719818.7115734499,"city_id":1009,"country_iso":"USA"},{"h3index":"872a33176ffffff","population_2015":18014.0880702675,"total_built_mass_tons":4928005.0991357137,"city_id":1009,"country_iso":"USA"},{"h3index":"872a338d8ffffff","population_2015":17.0794649699,"total_built_mass_tons":18427.8539547388,"city_id":1009,"country_iso":"USA"},{"h3index":"872a338daffffff","population_2015":3251.4913606577,"total_built_mass_tons":2061222.521390216,"city_id":1009,"country_iso":"USA"},{"h3index":"872a338dbffffff","population_2015":201.2032072417,"total_built_mass_tons":256361.1243112772,"city_id":1009,"country_iso":"USA"},{"h3index":"872a33a80ffffff","population_2015":785.4370448464,"total_built_mass_tons":529108.2107750943,"city_id":1009,"country_iso":"USA"},{"h3index":"872a33a82ffffff","population_2015":5418.1262012884,"total_built_mass_tons":1949534.9769071497,"city_id":1009,"country_iso":"USA"},{"h3index":"872a33a83ffffff","population_2015":553.8266469316,"total_built_mass_tons":284599.9266217901,"city_id":1009,"country_iso":"USA"},{"h3index":"872a33a84ffffff","population_2015":359.2588940089,"total_built_mass_tons":221578.9830387589,"city_id":1009,"country_iso":"USA"},{"h3index":"872a33a86ffffff","population_2015":2751.9941009427,"total_built_mass_tons":2097772.9448752478,"city_id":1009,"country_iso":"USA"},{"h3index":"872a33a92ffffff","population_2015":249.0493567494,"total_built_mass_tons":299925.484676179,"city_id":1009,"country_iso":"USA"},{"h3index":"872a33a94ffffff","population_2015":192.0735048909,"total_built_mass_tons":339117.8373064644,"city_id":1009,"country_iso":"USA"},{"h3index":"872a33a95ffffff","population_2015":1449.0095325767,"total_built_mass_tons":987946.1003804944,"city_id":1009,"country_iso":"USA"},{"h3index":"872a33ab0ffffff","population_2015":1336.9469484561,"total_built_mass_tons":688966.3660641201,"city_id":1009,"country_iso":"USA"},{"h3index":"872a33ab1ffffff","population_2015":983.8554835413,"total_built_mass_tons":534866.3977109098,"city_id":1009,"country_iso":"USA"},{"h3index":"872a33ab2ffffff","population_2015":3671.4395634219,"total_built_mass_tons":1814093.1833458077,"city_id":1009,"country_iso":"USA"},{"h3index":"872a33ab3ffffff","population_2015":3298.3600902639,"total_built_mass_tons":2091129.4256095677,"city_id":1009,"country_iso":"USA"},{"h3index":"872a33ab6ffffff","population_2015":209.4686120265,"total_built_mass_tons":103614.4114095153,"city_id":1009,"country_iso":"USA"}]