[{"h3index":"876802164ffffff","population_2015":190.5996505027,"total_built_mass_tons":83844.525554677,"city_id":12742,"country_iso":"MYS"},{"h3index":"876802166ffffff","population_2015":9.659522999,"total_built_mass_tons":3226.199024245,"city_id":12742,"country_iso":"MYS"},{"h3index":"8768028caffffff","population_2015":4038.3496367791,"total_built_mass_tons":707251.4720818202,"city_id":12742,"country_iso":"MYS"},{"h3index":"8768028ceffffff","population_2015":3143.7548910178,"total_built_mass_tons":680124.5630856979,"city_id":12742,"country_iso":"MYS"},{"h3index":"8768028d8ffffff","population_2015":2.3078204772,"total_built_mass_tons":3674.7727448888,"city_id":12742,"country_iso":"MYS"},{"h3index":"8768028d9ffffff","population_2015":6379.1576909421,"total_built_mass_tons":1050532.7065291563,"city_id":12742,"country_iso":"MYS"},{"h3index":"8768028ddffffff","population_2015":1053.1744130546,"total_built_mass_tons":282120.0646992456,"city_id":12742,"country_iso":"MYS"}]