[{"h3index": "8741a6220ffffff", "population_2015": 3238.028272799885, "total_built_mass_tons": 794533.6387947316, "city_id": 12596, "country_iso": "CHN"}, {"h3index": "8741a6224ffffff", "population_2015": 7470.645167359651, "total_built_mass_tons": 3512742.7079926394, "city_id": 12596, "country_iso": "CHN"}, {"h3index": "8741a6225ffffff", "population_2015": 1894.57978143318, "total_built_mass_tons": 592716.2360874796, "city_id": 12596, "country_iso": "CHN"}, {"h3index": "8741a6226ffffff", "population_2015": 5307.1631812754795, "total_built_mass_tons": 1927900.69617721, "city_id": 12596, "country_iso": "CHN"}, {"h3index": "8741a6234ffffff", "population_2015": 80.27295622264637, "total_built_mass_tons": 760702.4106753179, "city_id": 12596, "country_iso": "CHN"}, {"h3index": "8741a6235ffffff", "population_2015": 737.0423196708454, "total_built_mass_tons": 1238355.3469267343, "city_id": 12596, "country_iso": "CHN"}, {"h3index": "8741a6301ffffff", "population_2015": 277.0722204956354, "total_built_mass_tons": 289075.0653799367, "city_id": 12596, "country_iso": "CHN"}, {"h3index": "8741a6308ffffff", "population_2015": 16686.016302887598, "total_built_mass_tons": 3718245.2103843098, "city_id": 12596, "country_iso": "CHN"}, {"h3index": "8741a6309ffffff", "population_2015": 12350.120510588444, "total_built_mass_tons": 4181593.565258108, "city_id": 12596, "country_iso": "CHN"}, {"h3index": "8741a630affffff", "population_2015": 4500.068487510727, "total_built_mass_tons": 2824699.623391497, "city_id": 12596, "country_iso": "CHN"}, {"h3index": "8741a630bffffff", "population_2015": 1556.126243528665, "total_built_mass_tons": 1259249.993107039, "city_id": 12596, "country_iso": "CHN"}, {"h3index": "8741a630cffffff", "population_2015": 11899.316263998257, "total_built_mass_tons": 2808295.7750557316, "city_id": 12596, "country_iso": "CHN"}, {"h3index": "8741a630dffffff", "population_2015": 7238.426869600893, "total_built_mass_tons": 2240390.786148736, "city_id": 12596, "country_iso": "CHN"}, {"h3index": "8741a6318ffffff", "population_2015": 4580.052689480313, "total_built_mass_tons": 1858508.46130604, "city_id": 12596, "country_iso": "CHN"}, {"h3index": "8741a6319ffffff", "population_2015": 5078.066822521825, "total_built_mass_tons": 2997362.592782974, "city_id": 12596, "country_iso": "CHN"}, {"h3index": "8741a631affffff", "population_2015": 40.49986636872385, "total_built_mass_tons": 73234.26092121043, "city_id": 12596, "country_iso": "CHN"}, {"h3index": "8741a631bffffff", "population_2015": 10714.207475356028, "total_built_mass_tons": 3422639.0801894804, "city_id": 12596, "country_iso": "CHN"}, {"h3index": "8741a631cffffff", "population_2015": 133.2327863898932, "total_built_mass_tons": 125430.1182712837, "city_id": 12596, "country_iso": "CHN"}, {"h3index": "8741a631dffffff", "population_2015": 668.5264925949715, "total_built_mass_tons": 566243.9404708636, "city_id": 12596, "country_iso": "CHN"}, {"h3index": "8741a632bffffff", "population_2015": 679.3828982484106, "total_built_mass_tons": 327558.99303525296, "city_id": 12596, "country_iso": "CHN"}, {"h3index": "8741a6340ffffff", "population_2015": 965.662308700412, "total_built_mass_tons": 449048.2283557459, "city_id": 12596, "country_iso": "CHN"}, {"h3index": "8741a6341ffffff", "population_2015": 76.48306034967008, "total_built_mass_tons": 102916.53851115317, "city_id": 12596, "country_iso": "CHN"}, {"h3index": "8741a6342ffffff", "population_2015": 619.8587645792495, "total_built_mass_tons": 562586.5316744479, "city_id": 12596, "country_iso": "CHN"}, {"h3index": "8741a6344ffffff", "population_2015": 4011.024190362295, "total_built_mass_tons": 581874.0307702727, "city_id": 12596, "country_iso": "CHN"}, {"h3index": "8741a6345ffffff", "population_2015": 125.39381251709136, "total_built_mass_tons": 223350.4433584606, "city_id": 12596, "country_iso": "CHN"}, {"h3index": "8741a6346ffffff", "population_2015": 14040.097740480944, "total_built_mass_tons": 1605531.1022866217, "city_id": 12596, "country_iso": "CHN"}, {"h3index": "8741a6350ffffff", "population_2015": 14.841252723394655, "total_built_mass_tons": 19989.882035285365, "city_id": 12596, "country_iso": "CHN"}, {"h3index": "8741a6354ffffff", "population_2015": 4319.804059815874, "total_built_mass_tons": 1774741.6515808334, "city_id": 12596, "country_iso": "CHN"}, {"h3index": "8741a6355ffffff", "population_2015": 5931.737482000797, "total_built_mass_tons": 1860043.3691223864, "city_id": 12596, "country_iso": "CHN"}, {"h3index": "8741a6356ffffff", "population_2015": 111.95803769616518, "total_built_mass_tons": 91848.33848722104, "city_id": 12596, "country_iso": "CHN"}, {"h3index": "8741a6372ffffff", "population_2015": 18233.383980476152, "total_built_mass_tons": 2957219.8393768836, "city_id": 12596, "country_iso": "CHN"}, {"h3index": "8741a6373ffffff", "population_2015": 8749.444856733435, "total_built_mass_tons": 1000256.7040027304, "city_id": 12596, "country_iso": "CHN"}, {"h3index": "8741a6376ffffff", "population_2015": 184.15798666991444, "total_built_mass_tons": 337492.9662696966, "city_id": 12596, "country_iso": "CHN"}]