[{"h3index":"87648e905ffffff","population_2015":46.0898905735,"total_built_mass_tons":15861.2292273621,"city_id":10267,"country_iso":"MMR"},{"h3index":"87648e921ffffff","population_2015":35.4003599952,"total_built_mass_tons":8184.9936038954,"city_id":10267,"country_iso":"MMR"},{"h3index":"87648e923ffffff","population_2015":279.3491687625,"total_built_mass_tons":52041.4227135449,"city_id":10267,"country_iso":"MMR"},{"h3index":"87648e92effffff","population_2015":6467.8489344017,"total_built_mass_tons":817506.4728883207,"city_id":10267,"country_iso":"MMR"}]