[{"h3index": "874085c40ffffff", "population_2015": 18534.9084955926, "total_built_mass_tons": 1442152.31526702, "city_id": 11031, "country_iso": "CHN"}, {"h3index": "874085c42ffffff", "population_2015": 8097.953977771834, "total_built_mass_tons": 2210352.770768392, "city_id": 11031, "country_iso": "CHN"}, {"h3index": "874085c44ffffff", "population_2015": 11003.201288342943, "total_built_mass_tons": 1003226.4178881098, "city_id": 11031, "country_iso": "CHN"}, {"h3index": "874085c46ffffff", "population_2015": 29929.25665546399, "total_built_mass_tons": 6610562.2280975785, "city_id": 11031, "country_iso": "CHN"}, {"h3index": "874085c50ffffff", "population_2015": 5679.702528369195, "total_built_mass_tons": 1843195.6422955245, "city_id": 11031, "country_iso": "CHN"}, {"h3index": "874085c51ffffff", "population_2015": 1061.882098534528, "total_built_mass_tons": 167953.58404807083, "city_id": 11031, "country_iso": "CHN"}, {"h3index": "874085c53ffffff", "population_2015": 2.9857163859348668, "total_built_mass_tons": 2020.1704272002364, "city_id": 11031, "country_iso": "CHN"}, {"h3index": "874085c54ffffff", "population_2015": 1.5765195173375746, "total_built_mass_tons": 2702.3958152672935, "city_id": 11031, "country_iso": "CHN"}, {"h3index": "874085c55ffffff", "population_2015": 14133.04103331192, "total_built_mass_tons": 4779047.892418386, "city_id": 11031, "country_iso": "CHN"}, {"h3index": "874085c56ffffff", "population_2015": 349.3891645113627, "total_built_mass_tons": 247220.0234464123, "city_id": 11031, "country_iso": "CHN"}, {"h3index": "874085c62ffffff", "population_2015": 12.8790958404541, "total_built_mass_tons": 7451.167754399585, "city_id": 11031, "country_iso": "CHN"}, {"h3index": "874085c70ffffff", "population_2015": 6.103845377529369, "total_built_mass_tons": 9364.637954997444, "city_id": 11031, "country_iso": "CHN"}, {"h3index": "874085c71ffffff", "population_2015": 1975.3032569707611, "total_built_mass_tons": 1813747.0228393904, "city_id": 11031, "country_iso": "CHN"}, {"h3index": "874085c73ffffff", "population_2015": 582.0917173366922, "total_built_mass_tons": 729836.660707858, "city_id": 11031, "country_iso": "CHN"}]