[{"h3index":"872baa420ffffff","population_2015":7046.3163512366,"total_built_mass_tons":1992374.2351352661,"city_id":1026,"country_iso":"CAN"},{"h3index":"872baa421ffffff","population_2015":43.8114746243,"total_built_mass_tons":9696.29523584,"city_id":1026,"country_iso":"CAN"},{"h3index":"872baa424ffffff","population_2015":6602.3941522119,"total_built_mass_tons":3193972.0050845072,"city_id":1026,"country_iso":"CAN"},{"h3index":"872baa425ffffff","population_2015":12880.2266222486,"total_built_mass_tons":3358665.7849787353,"city_id":1026,"country_iso":"CAN"},{"h3index":"872baa426ffffff","population_2015":9483.7996567628,"total_built_mass_tons":2989840.0830070982,"city_id":1026,"country_iso":"CAN"},{"h3index":"872baa508ffffff","population_2015":8912.8391693782,"total_built_mass_tons":2965412.0919931759,"city_id":1026,"country_iso":"CAN"},{"h3index":"872baa509ffffff","population_2015":0.3056935814,"total_built_mass_tons":21498.0689377986,"city_id":1026,"country_iso":"CAN"},{"h3index":"872baa50affffff","population_2015":3327.0927601711,"total_built_mass_tons":869835.8245530532,"city_id":1026,"country_iso":"CAN"},{"h3index":"872baa50bffffff","population_2015":3897.427677521,"total_built_mass_tons":2680943.3928192519,"city_id":1026,"country_iso":"CAN"},{"h3index":"872baa50cffffff","population_2015":148.5697882802,"total_built_mass_tons":44510.2016226784,"city_id":1026,"country_iso":"CAN"},{"h3index":"872baa50effffff","population_2015":6105.9579944732,"total_built_mass_tons":1574428.6576927577,"city_id":1026,"country_iso":"CAN"},{"h3index":"872baa519ffffff","population_2015":3093.554194844,"total_built_mass_tons":1440744.7249710795,"city_id":1026,"country_iso":"CAN"},{"h3index":"872baa51bffffff","population_2015":1326.0022840388,"total_built_mass_tons":631904.9915079203,"city_id":1026,"country_iso":"CAN"},{"h3index":"872baa550ffffff","population_2015":4.8363884687,"total_built_mass_tons":24070.8118274882,"city_id":1026,"country_iso":"CAN"},{"h3index":"872baa552ffffff","population_2015":5.2608149056,"total_built_mass_tons":17961.7746219744,"city_id":1026,"country_iso":"CAN"},{"h3index":"872baa554ffffff","population_2015":226.82213452,"total_built_mass_tons":75504.6981523216,"city_id":1026,"country_iso":"CAN"},{"h3index":"872baa556ffffff","population_2015":4594.6508708054,"total_built_mass_tons":1298853.6893295683,"city_id":1026,"country_iso":"CAN"}]