[{"h3index":"876099a00ffffff","population_2015":18393.0629810258,"total_built_mass_tons":1507630.0337330345,"city_id":6970,"country_iso":"IND"},{"h3index":"876099a01ffffff","population_2015":29608.7098613215,"total_built_mass_tons":2670848.0392872947,"city_id":6970,"country_iso":"IND"},{"h3index":"876099a02ffffff","population_2015":1425.6313654544,"total_built_mass_tons":230928.1822910753,"city_id":6970,"country_iso":"IND"},{"h3index":"876099a03ffffff","population_2015":1956.135932885,"total_built_mass_tons":244958.8850513528,"city_id":6970,"country_iso":"IND"},{"h3index":"876099a04ffffff","population_2015":52476.9830266915,"total_built_mass_tons":4181325.044142839,"city_id":6970,"country_iso":"IND"},{"h3index":"876099a05ffffff","population_2015":31244.1714408725,"total_built_mass_tons":2527251.0029637273,"city_id":6970,"country_iso":"IND"},{"h3index":"876099a06ffffff","population_2015":17700.4026477889,"total_built_mass_tons":1352708.1035541822,"city_id":6970,"country_iso":"IND"},{"h3index":"876099a08ffffff","population_2015":7024.0133187911,"total_built_mass_tons":666154.0422554011,"city_id":6970,"country_iso":"IND"},{"h3index":"876099a09ffffff","population_2015":52.9338238361,"total_built_mass_tons":7696.0099258055,"city_id":6970,"country_iso":"IND"},{"h3index":"876099a0cffffff","population_2015":26887.6844267452,"total_built_mass_tons":2607868.1452085124,"city_id":6970,"country_iso":"IND"},{"h3index":"876099a0dffffff","population_2015":23062.1502357408,"total_built_mass_tons":2025716.5892327037,"city_id":6970,"country_iso":"IND"},{"h3index":"876099a0effffff","population_2015":473.0589420356,"total_built_mass_tons":77649.5346594838,"city_id":6970,"country_iso":"IND"},{"h3index":"876099a10ffffff","population_2015":22.4157803704,"total_built_mass_tons":6934.6180777148,"city_id":6970,"country_iso":"IND"},{"h3index":"876099a11ffffff","population_2015":89.9612235125,"total_built_mass_tons":33073.5196435597,"city_id":6970,"country_iso":"IND"},{"h3index":"876099a14ffffff","population_2015":153.0694910087,"total_built_mass_tons":29831.4736488429,"city_id":6970,"country_iso":"IND"},{"h3index":"876099a15ffffff","population_2015":8831.7575335185,"total_built_mass_tons":923698.4405815344,"city_id":6970,"country_iso":"IND"},{"h3index":"876099a20ffffff","population_2015":10024.8318181879,"total_built_mass_tons":991721.9105166976,"city_id":6970,"country_iso":"IND"},{"h3index":"876099a21ffffff","population_2015":15290.2307730806,"total_built_mass_tons":1556993.3251655034,"city_id":6970,"country_iso":"IND"},{"h3index":"876099a22ffffff","population_2015":38097.0017322765,"total_built_mass_tons":3095442.0761966463,"city_id":6970,"country_iso":"IND"},{"h3index":"876099a23ffffff","population_2015":40498.0446285472,"total_built_mass_tons":3286319.1980311926,"city_id":6970,"country_iso":"IND"},{"h3index":"876099a24ffffff","population_2015":6999.2864082149,"total_built_mass_tons":777733.8692991405,"city_id":6970,"country_iso":"IND"},{"h3index":"876099a26ffffff","population_2015":18704.2396355349,"total_built_mass_tons":1250899.9014445441,"city_id":6970,"country_iso":"IND"},{"h3index":"876099a28ffffff","population_2015":24584.4825839921,"total_built_mass_tons":2167328.8679911736,"city_id":6970,"country_iso":"IND"},{"h3index":"876099a29ffffff","population_2015":7232.9941825493,"total_built_mass_tons":844953.1042351865,"city_id":6970,"country_iso":"IND"},{"h3index":"876099a2affffff","population_2015":25155.8661739574,"total_built_mass_tons":2166756.0618621269,"city_id":6970,"country_iso":"IND"},{"h3index":"876099a2bffffff","population_2015":8660.2304136538,"total_built_mass_tons":639162.8942073062,"city_id":6970,"country_iso":"IND"},{"h3index":"876099a2cffffff","population_2015":21792.8333348742,"total_built_mass_tons":2291515.8815895282,"city_id":6970,"country_iso":"IND"},{"h3index":"876099a2dffffff","population_2015":10049.186029681,"total_built_mass_tons":1139871.6106913756,"city_id":6970,"country_iso":"IND"},{"h3index":"876099a2effffff","population_2015":45903.7971524257,"total_built_mass_tons":3515662.9877814776,"city_id":6970,"country_iso":"IND"},{"h3index":"876099a30ffffff","population_2015":10953.8862345752,"total_built_mass_tons":983340.704393653,"city_id":6970,"country_iso":"IND"},{"h3index":"876099a31ffffff","population_2015":22928.507246758,"total_built_mass_tons":1664240.5122712776,"city_id":6970,"country_iso":"IND"},{"h3index":"876099a32ffffff","population_2015":326.3133309271,"total_built_mass_tons":64247.044363312,"city_id":6970,"country_iso":"IND"},{"h3index":"876099a33ffffff","population_2015":5277.8491788228,"total_built_mass_tons":457126.4056634186,"city_id":6970,"country_iso":"IND"},{"h3index":"876099a34ffffff","population_2015":1287.5848623762,"total_built_mass_tons":230590.1242771133,"city_id":6970,"country_iso":"IND"},{"h3index":"876099a35ffffff","population_2015":2900.1969553779,"total_built_mass_tons":311659.3948610192,"city_id":6970,"country_iso":"IND"},{"h3index":"876099a36ffffff","population_2015":5272.497113441,"total_built_mass_tons":648407.7218381035,"city_id":6970,"country_iso":"IND"},{"h3index":"876099b03ffffff","population_2015":412.8093012567,"total_built_mass_tons":54397.8029931924,"city_id":6970,"country_iso":"IND"},{"h3index":"876099b08ffffff","population_2015":4063.18190722,"total_built_mass_tons":432547.6516047813,"city_id":6970,"country_iso":"IND"},{"h3index":"876099b09ffffff","population_2015":1.7031518076,"total_built_mass_tons":3546.4634600099,"city_id":6970,"country_iso":"IND"},{"h3index":"876099b0affffff","population_2015":23849.0439477135,"total_built_mass_tons":1687263.0307753352,"city_id":6970,"country_iso":"IND"},{"h3index":"876099b0cffffff","population_2015":1141.4610929901,"total_built_mass_tons":149683.3603954611,"city_id":6970,"country_iso":"IND"},{"h3index":"876099b0dffffff","population_2015":3616.9675752154,"total_built_mass_tons":306844.4042493508,"city_id":6970,"country_iso":"IND"},{"h3index":"876099b0effffff","population_2015":985.4587563533,"total_built_mass_tons":132276.9783774654,"city_id":6970,"country_iso":"IND"},{"h3index":"876099b18ffffff","population_2015":5897.9204831666,"total_built_mass_tons":543555.5264785544,"city_id":6970,"country_iso":"IND"},{"h3index":"876099b19ffffff","population_2015":29134.921912773,"total_built_mass_tons":2641045.3017972941,"city_id":6970,"country_iso":"IND"},{"h3index":"876099b1bffffff","population_2015":21618.4108661128,"total_built_mass_tons":1370875.069060808,"city_id":6970,"country_iso":"IND"},{"h3index":"876099b1dffffff","population_2015":4646.1027139402,"total_built_mass_tons":473829.0928883027,"city_id":6970,"country_iso":"IND"},{"h3index":"876099b2bffffff","population_2015":215.4838847516,"total_built_mass_tons":37751.0666819618,"city_id":6970,"country_iso":"IND"},{"h3index":"876099b52ffffff","population_2015":1425.3347290937,"total_built_mass_tons":172911.8150619305,"city_id":6970,"country_iso":"IND"},{"h3index":"876099b58ffffff","population_2015":179.6945188597,"total_built_mass_tons":63227.9921187573,"city_id":6970,"country_iso":"IND"},{"h3index":"876099b5affffff","population_2015":2241.4556780273,"total_built_mass_tons":413321.1107762571,"city_id":6970,"country_iso":"IND"},{"h3index":"876099b5effffff","population_2015":76.5530769872,"total_built_mass_tons":21427.1287371544,"city_id":6970,"country_iso":"IND"},{"h3index":"876099b72ffffff","population_2015":81.4886068307,"total_built_mass_tons":32119.1693811437,"city_id":6970,"country_iso":"IND"},{"h3index":"876099b76ffffff","population_2015":22.988035202,"total_built_mass_tons":14677.7240496434,"city_id":6970,"country_iso":"IND"}]