[{"h3index": "878110014ffffff", "population_2015": 6028.27822892993, "total_built_mass_tons": 779298.4247363104, "city_id": 1411, "country_iso": "BRA"}, {"h3index": "878110016ffffff", "population_2015": 15882.14826966174, "total_built_mass_tons": 1357727.0535549207, "city_id": 1411, "country_iso": "BRA"}, {"h3index": "878110032ffffff", "population_2015": 660.6848848595339, "total_built_mass_tons": 222682.81446516185, "city_id": 1411, "country_iso": "BRA"}, {"h3index": "878110036ffffff", "population_2015": 132.4491922789929, "total_built_mass_tons": 23395.60765209395, "city_id": 1411, "country_iso": "BRA"}, {"h3index": "8781100a4ffffff", "population_2015": 2897.9225088026005, "total_built_mass_tons": 471875.1814897859, "city_id": 1411, "country_iso": "BRA"}, {"h3index": "8781100a5ffffff", "population_2015": 865.577542910389, "total_built_mass_tons": 246894.97162331868, "city_id": 1411, "country_iso": "BRA"}, {"h3index": "878110180ffffff", "population_2015": 3877.5686383200623, "total_built_mass_tons": 846117.1252777423, "city_id": 1411, "country_iso": "BRA"}, {"h3index": "878110181ffffff", "population_2015": 10438.931882142082, "total_built_mass_tons": 1626896.6381910725, "city_id": 1411, "country_iso": "BRA"}, {"h3index": "878110183ffffff", "population_2015": 433.7667031755634, "total_built_mass_tons": 86951.90218522827, "city_id": 1411, "country_iso": "BRA"}, {"h3index": "878110185ffffff", "population_2015": 14174.891113163443, "total_built_mass_tons": 1218457.791786611, "city_id": 1411, "country_iso": "BRA"}, {"h3index": "878110188ffffff", "population_2015": 42874.177593815104, "total_built_mass_tons": 3557378.292557345, "city_id": 1411, "country_iso": "BRA"}, {"h3index": "878110189ffffff", "population_2015": 43412.01391344164, "total_built_mass_tons": 3428169.1374747474, "city_id": 1411, "country_iso": "BRA"}, {"h3index": "87811018affffff", "population_2015": 23232.23586744981, "total_built_mass_tons": 2270116.3350281185, "city_id": 1411, "country_iso": "BRA"}, {"h3index": "87811018bffffff", "population_2015": 34505.80736899002, "total_built_mass_tons": 3450424.9749270473, "city_id": 1411, "country_iso": "BRA"}, {"h3index": "87811018cffffff", "population_2015": 44808.51705133866, "total_built_mass_tons": 4187805.893214196, "city_id": 1411, "country_iso": "BRA"}, {"h3index": "87811018dffffff", "population_2015": 54673.47979964041, "total_built_mass_tons": 3277447.9677984943, "city_id": 1411, "country_iso": "BRA"}, {"h3index": "87811018effffff", "population_2015": 29122.50310205572, "total_built_mass_tons": 3256987.8403282003, "city_id": 1411, "country_iso": "BRA"}, {"h3index": "878110199ffffff", "population_2015": 122.70655671287986, "total_built_mass_tons": 27180.90805264537, "city_id": 1411, "country_iso": "BRA"}, {"h3index": "87811019dffffff", "population_2015": 1988.7378442109805, "total_built_mass_tons": 170603.05600677693, "city_id": 1411, "country_iso": "BRA"}, {"h3index": "8781101a9ffffff", "population_2015": 64.20911789781907, "total_built_mass_tons": 3895.022340247463, "city_id": 1411, "country_iso": "BRA"}, {"h3index": "8781101aaffffff", "population_2015": 29366.404570654555, "total_built_mass_tons": 2899523.086606281, "city_id": 1411, "country_iso": "BRA"}, {"h3index": "8781101abffffff", "population_2015": 29492.181949421003, "total_built_mass_tons": 1900270.175676155, "city_id": 1411, "country_iso": "BRA"}, {"h3index": "8781101aeffffff", "population_2015": 6602.644808026856, "total_built_mass_tons": 506121.9079665977, "city_id": 1411, "country_iso": "BRA"}]