[{"h3index":"8740e04b0ffffff","population_2015":2324.7344978856,"total_built_mass_tons":527899.7590115595,"city_id":10401,"country_iso":"CHN"},{"h3index":"8740e04b4ffffff","population_2015":15612.5373985814,"total_built_mass_tons":4297904.6394167375,"city_id":10401,"country_iso":"CHN"},{"h3index":"8740e04b5ffffff","population_2015":6043.2477099456,"total_built_mass_tons":1118308.3470303365,"city_id":10401,"country_iso":"CHN"},{"h3index":"8740e059affffff","population_2015":4207.8978753202,"total_built_mass_tons":1220064.032488531,"city_id":10401,"country_iso":"CHN"},{"h3index":"8740e059bffffff","population_2015":8543.0175901937,"total_built_mass_tons":2565537.5502722091,"city_id":10401,"country_iso":"CHN"},{"h3index":"8740e2969ffffff","population_2015":13.1596433976,"total_built_mass_tons":17029.022366395,"city_id":10401,"country_iso":"CHN"}]