[{"h3index":"871e42690ffffff","population_2015":9725.1463208554,"total_built_mass_tons":5268988.3615517672,"city_id":3498,"country_iso":"MDA"},{"h3index":"871e42691ffffff","population_2015":2154.2762515816,"total_built_mass_tons":1410419.0993555055,"city_id":3498,"country_iso":"MDA"},{"h3index":"871e42692ffffff","population_2015":5621.5979120479,"total_built_mass_tons":3452373.7028698339,"city_id":3498,"country_iso":"MDA"},{"h3index":"871e42693ffffff","population_2015":3440.4838766173,"total_built_mass_tons":1577209.044580353,"city_id":3498,"country_iso":"MDA"},{"h3index":"871e42694ffffff","population_2015":8872.8723285488,"total_built_mass_tons":5703837.4809456579,"city_id":3498,"country_iso":"MDA"},{"h3index":"871e42695ffffff","population_2015":203.1656704547,"total_built_mass_tons":87559.6176398384,"city_id":3498,"country_iso":"MDA"},{"h3index":"871e42696ffffff","population_2015":7756.4702837402,"total_built_mass_tons":4492880.7968102992,"city_id":3498,"country_iso":"MDA"},{"h3index":"871e4269cffffff","population_2015":158.1030916906,"total_built_mass_tons":142522.5850048454,"city_id":3498,"country_iso":"MDA"},{"h3index":"871e4269effffff","population_2015":1362.6655619023,"total_built_mass_tons":781889.1196836026,"city_id":3498,"country_iso":"MDA"},{"h3index":"871e426b0ffffff","population_2015":4919.5312141007,"total_built_mass_tons":3702295.1707267184,"city_id":3498,"country_iso":"MDA"},{"h3index":"871e426b1ffffff","population_2015":6.3544422411,"total_built_mass_tons":3052.2582697345,"city_id":3498,"country_iso":"MDA"},{"h3index":"871e426b2ffffff","population_2015":7019.4627654431,"total_built_mass_tons":3460073.1869670167,"city_id":3498,"country_iso":"MDA"},{"h3index":"871e426b3ffffff","population_2015":3851.2926909278,"total_built_mass_tons":2302192.7076645521,"city_id":3498,"country_iso":"MDA"},{"h3index":"871e426b4ffffff","population_2015":1880.1831602845,"total_built_mass_tons":1046732.8434401356,"city_id":3498,"country_iso":"MDA"},{"h3index":"871e426b5ffffff","population_2015":1090.3305128808,"total_built_mass_tons":599236.2930763371,"city_id":3498,"country_iso":"MDA"},{"h3index":"871e426b6ffffff","population_2015":7567.4152817446,"total_built_mass_tons":4361147.6337066721,"city_id":3498,"country_iso":"MDA"},{"h3index":"871e4279bffffff","population_2015":0.2668084238,"total_built_mass_tons":179.5154386606,"city_id":3498,"country_iso":"MDA"},{"h3index":"871e51a60ffffff","population_2015":2126.856959472,"total_built_mass_tons":931452.8263216522,"city_id":3498,"country_iso":"MDA"},{"h3index":"871e51a61ffffff","population_2015":594.8136428758,"total_built_mass_tons":224888.3197615318,"city_id":3498,"country_iso":"MDA"},{"h3index":"871e51a64ffffff","population_2015":4790.6818941677,"total_built_mass_tons":2385016.2533152234,"city_id":3498,"country_iso":"MDA"},{"h3index":"871e51a65ffffff","population_2015":5771.9057860655,"total_built_mass_tons":3392199.1784653282,"city_id":3498,"country_iso":"MDA"},{"h3index":"871e51a66ffffff","population_2015":30.4589193344,"total_built_mass_tons":10021.2431479418,"city_id":3498,"country_iso":"MDA"},{"h3index":"871e51a6dffffff","population_2015":1.599017693,"total_built_mass_tons":2316.2453361347,"city_id":3498,"country_iso":"MDA"},{"h3index":"871e51b40ffffff","population_2015":2294.2817716019,"total_built_mass_tons":1076673.1957659512,"city_id":3498,"country_iso":"MDA"},{"h3index":"871e51b41ffffff","population_2015":4886.0642609802,"total_built_mass_tons":3224295.4355597454,"city_id":3498,"country_iso":"MDA"},{"h3index":"871e51b43ffffff","population_2015":3406.6674026826,"total_built_mass_tons":2193288.2126949797,"city_id":3498,"country_iso":"MDA"},{"h3index":"871e51b44ffffff","population_2015":55.2352077858,"total_built_mass_tons":22930.4755315069,"city_id":3498,"country_iso":"MDA"},{"h3index":"871e51b45ffffff","population_2015":112.4522167655,"total_built_mass_tons":50897.1574567657,"city_id":3498,"country_iso":"MDA"},{"h3index":"871e51b48ffffff","population_2015":6512.9375699885,"total_built_mass_tons":4757850.7694732137,"city_id":3498,"country_iso":"MDA"},{"h3index":"871e51b49ffffff","population_2015":9590.7564617905,"total_built_mass_tons":7362727.5577197662,"city_id":3498,"country_iso":"MDA"},{"h3index":"871e51b4affffff","population_2015":4350.0148610171,"total_built_mass_tons":2335218.9306742763,"city_id":3498,"country_iso":"MDA"},{"h3index":"871e51b4bffffff","population_2015":7864.6960330066,"total_built_mass_tons":4224797.7907048864,"city_id":3498,"country_iso":"MDA"},{"h3index":"871e51b4cffffff","population_2015":7319.5813249438,"total_built_mass_tons":4108583.7247209358,"city_id":3498,"country_iso":"MDA"},{"h3index":"871e51b4dffffff","population_2015":9134.9340375264,"total_built_mass_tons":6363760.6529568397,"city_id":3498,"country_iso":"MDA"},{"h3index":"871e51b4effffff","population_2015":6436.9769153221,"total_built_mass_tons":3910817.1688372442,"city_id":3498,"country_iso":"MDA"},{"h3index":"871e51b59ffffff","population_2015":1541.1713627797,"total_built_mass_tons":926475.7892418944,"city_id":3498,"country_iso":"MDA"},{"h3index":"871e51b5dffffff","population_2015":1463.7985513238,"total_built_mass_tons":809244.9807331359,"city_id":3498,"country_iso":"MDA"},{"h3index":"871e51b69ffffff","population_2015":847.0205455855,"total_built_mass_tons":590339.7676302316,"city_id":3498,"country_iso":"MDA"},{"h3index":"871e51b6affffff","population_2015":8.4073627397,"total_built_mass_tons":8372.7679213026,"city_id":3498,"country_iso":"MDA"},{"h3index":"871e51b6bffffff","population_2015":2843.132623205,"total_built_mass_tons":1445845.6920515003,"city_id":3498,"country_iso":"MDA"}]