[{"h3index": "871869d40ffffff", "population_2015": 3690.211343018213, "total_built_mass_tons": 1997236.467162802, "city_id": 2010, "country_iso": "FRA"}, {"h3index": "871869d41ffffff", "population_2015": 3167.213868864845, "total_built_mass_tons": 1598746.7135577411, "city_id": 2010, "country_iso": "FRA"}, {"h3index": "871869d42ffffff", "population_2015": 21968.841765813268, "total_built_mass_tons": 6594870.999317591, "city_id": 2010, "country_iso": "FRA"}, {"h3index": "871869d43ffffff", "population_2015": 11772.763640506591, "total_built_mass_tons": 4825642.751027507, "city_id": 2010, "country_iso": "FRA"}, {"h3index": "871869d44ffffff", "population_2015": 3279.299859724793, "total_built_mass_tons": 1452074.375305957, "city_id": 2010, "country_iso": "FRA"}, {"h3index": "871869d46ffffff", "population_2015": 2645.6450548583384, "total_built_mass_tons": 1824998.3416579743, "city_id": 2010, "country_iso": "FRA"}, {"h3index": "871869d4affffff", "population_2015": 75.41530024584601, "total_built_mass_tons": 90170.9452251934, "city_id": 2010, "country_iso": "FRA"}, {"h3index": "871869d4effffff", "population_2015": 2078.6910660790463, "total_built_mass_tons": 1436517.6436236815, "city_id": 2010, "country_iso": "FRA"}, {"h3index": "871869d51ffffff", "population_2015": 5507.502551660352, "total_built_mass_tons": 1648090.339559177, "city_id": 2010, "country_iso": "FRA"}, {"h3index": "871869d55ffffff", "population_2015": 251.0757085585127, "total_built_mass_tons": 150755.10522366513, "city_id": 2010, "country_iso": "FRA"}, {"h3index": "871869d58ffffff", "population_2015": 2881.655103982664, "total_built_mass_tons": 1527200.6634317124, "city_id": 2010, "country_iso": "FRA"}, {"h3index": "871869d5affffff", "population_2015": 1133.716537484936, "total_built_mass_tons": 493798.9889504046, "city_id": 2010, "country_iso": "FRA"}, {"h3index": "871869d5cffffff", "population_2015": 21909.240366324255, "total_built_mass_tons": 7531966.806999809, "city_id": 2010, "country_iso": "FRA"}, {"h3index": "871869d5dffffff", "population_2015": 7564.07807910863, "total_built_mass_tons": 3015234.6807632893, "city_id": 2010, "country_iso": "FRA"}, {"h3index": "871869d5effffff", "population_2015": 8558.942867658656, "total_built_mass_tons": 2260157.51086152, "city_id": 2010, "country_iso": "FRA"}, {"h3index": "871869d62ffffff", "population_2015": 142.46631644005868, "total_built_mass_tons": 78961.30090263611, "city_id": 2010, "country_iso": "FRA"}, {"h3index": "871869d71ffffff", "population_2015": 5626.988027675479, "total_built_mass_tons": 2534357.83826687, "city_id": 2010, "country_iso": "FRA"}, {"h3index": "871869d73ffffff", "population_2015": 173.82264287612017, "total_built_mass_tons": 137643.59428429857, "city_id": 2010, "country_iso": "FRA"}]