[{"h3index":"875e4361affffff","population_2015":119.5360389896,"total_built_mass_tons":53526.6107239789,"city_id":1005,"country_iso":"FRA"},{"h3index":"875e4361bffffff","population_2015":0.6859996721,"total_built_mass_tons":16069.8650128672,"city_id":1005,"country_iso":"FRA"},{"h3index":"875e43689ffffff","population_2015":222.2206924981,"total_built_mass_tons":103843.834518645,"city_id":1005,"country_iso":"FRA"},{"h3index":"875e436a9ffffff","population_2015":50.3276426241,"total_built_mass_tons":26543.4646892538,"city_id":1005,"country_iso":"FRA"},{"h3index":"875e436d4ffffff","population_2015":2298.0794221093,"total_built_mass_tons":797038.7644055486,"city_id":1005,"country_iso":"FRA"},{"h3index":"875e436e0ffffff","population_2015":617.8528536759,"total_built_mass_tons":394573.5487534558,"city_id":1005,"country_iso":"FRA"},{"h3index":"875e436e1ffffff","population_2015":427.05761836,"total_built_mass_tons":233110.9096674196,"city_id":1005,"country_iso":"FRA"},{"h3index":"875e436e2ffffff","population_2015":1862.3216578259,"total_built_mass_tons":1391830.6366555472,"city_id":1005,"country_iso":"FRA"},{"h3index":"875e436e3ffffff","population_2015":219.2569637093,"total_built_mass_tons":147916.8902400961,"city_id":1005,"country_iso":"FRA"},{"h3index":"875e436e6ffffff","population_2015":18.2372626866,"total_built_mass_tons":12872.5825904209,"city_id":1005,"country_iso":"FRA"},{"h3index":"875e436f0ffffff","population_2015":6179.9546260161,"total_built_mass_tons":2604964.0007851953,"city_id":1005,"country_iso":"FRA"},{"h3index":"875e436f1ffffff","population_2015":3068.2799738641,"total_built_mass_tons":830935.0248997749,"city_id":1005,"country_iso":"FRA"},{"h3index":"875e436f2ffffff","population_2015":1518.8419837129,"total_built_mass_tons":701992.9524706393,"city_id":1005,"country_iso":"FRA"},{"h3index":"875e436f3ffffff","population_2015":1822.2123854992,"total_built_mass_tons":782920.6898684587,"city_id":1005,"country_iso":"FRA"},{"h3index":"875e436f4ffffff","population_2015":2867.9630334443,"total_built_mass_tons":556353.3581723243,"city_id":1005,"country_iso":"FRA"},{"h3index":"875e436f5ffffff","population_2015":3845.5602920551,"total_built_mass_tons":941422.8761871238,"city_id":1005,"country_iso":"FRA"},{"h3index":"875e436f6ffffff","population_2015":54.2768065845,"total_built_mass_tons":71148.5940950211,"city_id":1005,"country_iso":"FRA"}]