[{"h3index": "87b2eea00ffffff", "population_2015": 3540.1583065145155, "total_built_mass_tons": 1015413.693941914, "city_id": 966, "country_iso": "ARG"}, {"h3index": "87b2eea01ffffff", "population_2015": 633.4398502574246, "total_built_mass_tons": 231409.98685293455, "city_id": 966, "country_iso": "ARG"}, {"h3index": "87b2eea02ffffff", "population_2015": 9872.332711148729, "total_built_mass_tons": 2455901.313911924, "city_id": 966, "country_iso": "ARG"}, {"h3index": "87b2eea03ffffff", "population_2015": 9513.964460903988, "total_built_mass_tons": 2422018.3695257823, "city_id": 966, "country_iso": "ARG"}, {"h3index": "87b2eea06ffffff", "population_2015": 934.6371611090268, "total_built_mass_tons": 286691.4347711726, "city_id": 966, "country_iso": "ARG"}, {"h3index": "87b2eea08ffffff", "population_2015": 1544.7682915893258, "total_built_mass_tons": 375569.8496064963, "city_id": 966, "country_iso": "ARG"}, {"h3index": "87b2eea0affffff", "population_2015": 8672.818580287108, "total_built_mass_tons": 2440660.720728777, "city_id": 966, "country_iso": "ARG"}, {"h3index": "87b2eea0bffffff", "population_2015": 4070.621931997934, "total_built_mass_tons": 1114620.5315820775, "city_id": 966, "country_iso": "ARG"}, {"h3index": "87b2eea0cffffff", "population_2015": 913.1882153454948, "total_built_mass_tons": 220898.75785502512, "city_id": 966, "country_iso": "ARG"}, {"h3index": "87b2eea0effffff", "population_2015": 1335.9763837215949, "total_built_mass_tons": 513978.2619341025, "city_id": 966, "country_iso": "ARG"}, {"h3index": "87b2eea10ffffff", "population_2015": 2368.8689890618425, "total_built_mass_tons": 455628.9082702588, "city_id": 966, "country_iso": "ARG"}, {"h3index": "87b2eea11ffffff", "population_2015": 7261.856535062603, "total_built_mass_tons": 2133975.0001405366, "city_id": 966, "country_iso": "ARG"}, {"h3index": "87b2eea13ffffff", "population_2015": 3731.231764733556, "total_built_mass_tons": 825985.263360424, "city_id": 966, "country_iso": "ARG"}, {"h3index": "87b2eea15ffffff", "population_2015": 141.5566452101165, "total_built_mass_tons": 52062.7914753291, "city_id": 966, "country_iso": "ARG"}, {"h3index": "87b2eea18ffffff", "population_2015": 16723.434653659893, "total_built_mass_tons": 3993796.5168787623, "city_id": 966, "country_iso": "ARG"}, {"h3index": "87b2eea19ffffff", "population_2015": 15218.079697627649, "total_built_mass_tons": 3690850.53416419, "city_id": 966, "country_iso": "ARG"}, {"h3index": "87b2eea1affffff", "population_2015": 10859.58966585795, "total_built_mass_tons": 2095695.853155875, "city_id": 966, "country_iso": "ARG"}, {"h3index": "87b2eea1bffffff", "population_2015": 16582.289719203873, "total_built_mass_tons": 4041662.912562769, "city_id": 966, "country_iso": "ARG"}, {"h3index": "87b2eea1cffffff", "population_2015": 19309.37342515834, "total_built_mass_tons": 4105436.732566843, "city_id": 966, "country_iso": "ARG"}, {"h3index": "87b2eea1dffffff", "population_2015": 13510.237263316732, "total_built_mass_tons": 3370118.162571978, "city_id": 966, "country_iso": "ARG"}, {"h3index": "87b2eea1effffff", "population_2015": 17280.842065497, "total_built_mass_tons": 3354795.656972596, "city_id": 966, "country_iso": "ARG"}, {"h3index": "87b2eea2affffff", "population_2015": 481.4427785873413, "total_built_mass_tons": 85478.6517757962, "city_id": 966, "country_iso": "ARG"}, {"h3index": "87b2eea50ffffff", "population_2015": 123.83548260857076, "total_built_mass_tons": 28184.32789990549, "city_id": 966, "country_iso": "ARG"}, {"h3index": "87b2eea52ffffff", "population_2015": 8115.315835103801, "total_built_mass_tons": 1841412.7788673611, "city_id": 966, "country_iso": "ARG"}, {"h3index": "87b2eea53ffffff", "population_2015": 5667.726345754137, "total_built_mass_tons": 1357554.9777989758, "city_id": 966, "country_iso": "ARG"}, {"h3index": "87b2eea56ffffff", "population_2015": 3703.3035049849873, "total_built_mass_tons": 883711.84918429, "city_id": 966, "country_iso": "ARG"}, {"h3index": "87b2eea5effffff", "population_2015": 69.41095582176656, "total_built_mass_tons": 32799.597541507865, "city_id": 966, "country_iso": "ARG"}, {"h3index": "87b2eeaa9ffffff", "population_2015": 7353.084924237869, "total_built_mass_tons": 985855.8097023708, "city_id": 966, "country_iso": "ARG"}, {"h3index": "87b2eeaadffffff", "population_2015": 2101.1643194609996, "total_built_mass_tons": 347231.40272442676, "city_id": 966, "country_iso": "ARG"}, {"h3index": "87b2eeac0ffffff", "population_2015": 1572.3388351403028, "total_built_mass_tons": 845505.7479830852, "city_id": 966, "country_iso": "ARG"}, {"h3index": "87b2eeac1ffffff", "population_2015": 2052.334556358936, "total_built_mass_tons": 951161.7004993109, "city_id": 966, "country_iso": "ARG"}, {"h3index": "87b2eeac2ffffff", "population_2015": 873.5070816731923, "total_built_mass_tons": 497867.53925335535, "city_id": 966, "country_iso": "ARG"}, {"h3index": "87b2eeac4ffffff", "population_2015": 7908.330486277036, "total_built_mass_tons": 2636660.74954366, "city_id": 966, "country_iso": "ARG"}, {"h3index": "87b2eeac5ffffff", "population_2015": 3331.423822006525, "total_built_mass_tons": 1595768.853821779, "city_id": 966, "country_iso": "ARG"}, {"h3index": "87b2eeac6ffffff", "population_2015": 11013.360307577545, "total_built_mass_tons": 2923489.624855833, "city_id": 966, "country_iso": "ARG"}, {"h3index": "87b2eeaccffffff", "population_2015": 5061.263790119397, "total_built_mass_tons": 2428429.7781389477, "city_id": 966, "country_iso": "ARG"}, {"h3index": "87b2eeacdffffff", "population_2015": 313.8488028881597, "total_built_mass_tons": 216589.01927072508, "city_id": 966, "country_iso": "ARG"}, {"h3index": "87b2eeaceffffff", "population_2015": 3.810082559024586, "total_built_mass_tons": 3455.1807593270655, "city_id": 966, "country_iso": "ARG"}, {"h3index": "87b2eead5ffffff", "population_2015": 336.4419072917863, "total_built_mass_tons": 222067.37245732095, "city_id": 966, "country_iso": "ARG"}, {"h3index": "87b2eeae0ffffff", "population_2015": 7610.440972702177, "total_built_mass_tons": 1962485.4856295052, "city_id": 966, "country_iso": "ARG"}, {"h3index": "87b2eeae1ffffff", "population_2015": 3823.426863408557, "total_built_mass_tons": 1216258.008714968, "city_id": 966, "country_iso": "ARG"}, {"h3index": "87b2eeae2ffffff", "population_2015": 10499.811943974217, "total_built_mass_tons": 1977664.998450959, "city_id": 966, "country_iso": "ARG"}, {"h3index": "87b2eeae3ffffff", "population_2015": 4756.083145294934, "total_built_mass_tons": 2224893.288416233, "city_id": 966, "country_iso": "ARG"}, {"h3index": "87b2eeae4ffffff", "population_2015": 14306.013687687291, "total_built_mass_tons": 3552783.308275367, "city_id": 966, "country_iso": "ARG"}, {"h3index": "87b2eeae5ffffff", "population_2015": 10255.02523095374, "total_built_mass_tons": 2361045.8358309963, "city_id": 966, "country_iso": "ARG"}, {"h3index": "87b2eeae6ffffff", "population_2015": 12779.309767607148, "total_built_mass_tons": 3355967.417530693, "city_id": 966, "country_iso": "ARG"}, {"h3index": "87b2eeae8ffffff", "population_2015": 944.699615721609, "total_built_mass_tons": 700174.3694019024, "city_id": 966, "country_iso": "ARG"}, {"h3index": "87b2eeaeaffffff", "population_2015": 5423.5598081962735, "total_built_mass_tons": 2620503.730327923, "city_id": 966, "country_iso": "ARG"}, {"h3index": "87b2eeaebffffff", "population_2015": 866.217971237033, "total_built_mass_tons": 458449.4911130615, "city_id": 966, "country_iso": "ARG"}, {"h3index": "87b2eeaecffffff", "population_2015": 1946.009784281487, "total_built_mass_tons": 574820.0660868783, "city_id": 966, "country_iso": "ARG"}, {"h3index": "87b2eeaedffffff", "population_2015": 1956.2044057172889, "total_built_mass_tons": 522674.3696093336, "city_id": 966, "country_iso": "ARG"}, {"h3index": "87b2eeaeeffffff", "population_2015": 3102.9484955507164, "total_built_mass_tons": 1530239.8594695786, "city_id": 966, "country_iso": "ARG"}, {"h3index": "87b2eeaf0ffffff", "population_2015": 17312.89834498236, "total_built_mass_tons": 2901194.096340075, "city_id": 966, "country_iso": "ARG"}, {"h3index": "87b2eeaf1ffffff", "population_2015": 25150.545742640785, "total_built_mass_tons": 4218526.470380725, "city_id": 966, "country_iso": "ARG"}, {"h3index": "87b2eeaf2ffffff", "population_2015": 921.4286469627828, "total_built_mass_tons": 111725.65970936228, "city_id": 966, "country_iso": "ARG"}, {"h3index": "87b2eeaf3ffffff", "population_2015": 8294.767874317542, "total_built_mass_tons": 1734813.2914290573, "city_id": 966, "country_iso": "ARG"}, {"h3index": "87b2eeaf4ffffff", "population_2015": 20559.43297582887, "total_built_mass_tons": 3345058.286395512, "city_id": 966, "country_iso": "ARG"}, {"h3index": "87b2eeaf5ffffff", "population_2015": 20368.47301516066, "total_built_mass_tons": 4043896.591779296, "city_id": 966, "country_iso": "ARG"}, {"h3index": "87b2eeaf6ffffff", "population_2015": 5337.099842669917, "total_built_mass_tons": 970499.5033947168, "city_id": 966, "country_iso": "ARG"}]