[{"h3index":"873143620ffffff","population_2015":37.1094260197,"total_built_mass_tons":50445.1027042047,"city_id":12241,"country_iso":"PRK"},{"h3index":"873143624ffffff","population_2015":69.6618198498,"total_built_mass_tons":75958.8669104814,"city_id":12241,"country_iso":"PRK"},{"h3index":"873143625ffffff","population_2015":625.8963485587,"total_built_mass_tons":622364.7891550035,"city_id":12241,"country_iso":"PRK"},{"h3index":"873143750ffffff","population_2015":686.2996876997,"total_built_mass_tons":537134.1627444095,"city_id":12241,"country_iso":"PRK"},{"h3index":"873143752ffffff","population_2015":17.226048032,"total_built_mass_tons":10265.3394834093,"city_id":12241,"country_iso":"PRK"},{"h3index":"873143754ffffff","population_2015":222.3508351158,"total_built_mass_tons":172068.4858116516,"city_id":12241,"country_iso":"PRK"},{"h3index":"873143755ffffff","population_2015":100.8806202701,"total_built_mass_tons":69552.998101949,"city_id":12241,"country_iso":"PRK"},{"h3index":"873143756ffffff","population_2015":353.9188168993,"total_built_mass_tons":268618.9263182987,"city_id":12241,"country_iso":"PRK"},{"h3index":"873143773ffffff","population_2015":50.4624928661,"total_built_mass_tons":36754.1245929675,"city_id":12241,"country_iso":"PRK"}]