[{"h3index":"8749b0340ffffff","population_2015":669.1954045913,"total_built_mass_tons":63630.5473428977,"city_id":136,"country_iso":"MEX"},{"h3index":"8749b0342ffffff","population_2015":1384.8222929711,"total_built_mass_tons":182386.7055290737,"city_id":136,"country_iso":"MEX"},{"h3index":"8749b0344ffffff","population_2015":401.6075754353,"total_built_mass_tons":43928.6225598704,"city_id":136,"country_iso":"MEX"},{"h3index":"8749b0346ffffff","population_2015":27577.0974186925,"total_built_mass_tons":2340884.6367197623,"city_id":136,"country_iso":"MEX"},{"h3index":"8749b0355ffffff","population_2015":1626.1763668958,"total_built_mass_tons":191591.7543288641,"city_id":136,"country_iso":"MEX"},{"h3index":"8749b0370ffffff","population_2015":14371.9858899135,"total_built_mass_tons":2581635.2205982795,"city_id":136,"country_iso":"MEX"},{"h3index":"8749b0371ffffff","population_2015":22873.5917224288,"total_built_mass_tons":1381300.2843116554,"city_id":136,"country_iso":"MEX"},{"h3index":"8749b0372ffffff","population_2015":5828.7717905998,"total_built_mass_tons":617487.9466725064,"city_id":136,"country_iso":"MEX"},{"h3index":"8749b0373ffffff","population_2015":55603.3757214065,"total_built_mass_tons":4337374.0649199169,"city_id":136,"country_iso":"MEX"},{"h3index":"8749b0374ffffff","population_2015":76.3536023654,"total_built_mass_tons":57610.4275371867,"city_id":136,"country_iso":"MEX"},{"h3index":"8749b0375ffffff","population_2015":288.5490189146,"total_built_mass_tons":27337.9977327189,"city_id":136,"country_iso":"MEX"},{"h3index":"8749b0376ffffff","population_2015":3375.6961754939,"total_built_mass_tons":689156.9841400529,"city_id":136,"country_iso":"MEX"}]