[{"h3index": "871ec92b0ffffff", "population_2015": 3888.416905442407, "total_built_mass_tons": 1197435.1599491916, "city_id": 3600, "country_iso": "TUR"}, {"h3index": "871ec92b2ffffff", "population_2015": 262.23412738500855, "total_built_mass_tons": 170578.50875185427, "city_id": 3600, "country_iso": "TUR"}, {"h3index": "871ec92b4ffffff", "population_2015": 2928.692576786116, "total_built_mass_tons": 989458.0019508756, "city_id": 3600, "country_iso": "TUR"}, {"h3index": "871ec92b5ffffff", "population_2015": 2261.8587370685505, "total_built_mass_tons": 857193.2893954386, "city_id": 3600, "country_iso": "TUR"}, {"h3index": "871ec92b6ffffff", "population_2015": 19770.687528208186, "total_built_mass_tons": 3372940.60203711, "city_id": 3600, "country_iso": "TUR"}, {"h3index": "871ec9741ffffff", "population_2015": 66.87745455573587, "total_built_mass_tons": 35331.9924358978, "city_id": 3600, "country_iso": "TUR"}, {"h3index": "871ec9748ffffff", "population_2015": 37.56129860784493, "total_built_mass_tons": 42030.2878953985, "city_id": 3600, "country_iso": "TUR"}, {"h3index": "871ec9749ffffff", "population_2015": 460.2352911893059, "total_built_mass_tons": 238837.179587128, "city_id": 3600, "country_iso": "TUR"}, {"h3index": "871ec974cffffff", "population_2015": 3993.878819575029, "total_built_mass_tons": 1053898.4499815786, "city_id": 3600, "country_iso": "TUR"}, {"h3index": "871ec974dffffff", "population_2015": 9910.417011775224, "total_built_mass_tons": 2404489.161937368, "city_id": 3600, "country_iso": "TUR"}, {"h3index": "871ec974effffff", "population_2015": 1376.4347805247587, "total_built_mass_tons": 537345.5094835813, "city_id": 3600, "country_iso": "TUR"}, {"h3index": "871ec976affffff", "population_2015": 827.6855740154492, "total_built_mass_tons": 225163.26461283065, "city_id": 3600, "country_iso": "TUR"}, {"h3index": "871ec976bffffff", "population_2015": 19226.785543909264, "total_built_mass_tons": 3399273.9844395444, "city_id": 3600, "country_iso": "TUR"}]