[{"h3index": "878d85141ffffff", "population_2015": 14.862786954991956, "total_built_mass_tons": 5578.953986668021, "city_id": 12559, "country_iso": "IDN"}, {"h3index": "878d85144ffffff", "population_2015": 145.2670961529601, "total_built_mass_tons": 143445.49459288962, "city_id": 12559, "country_iso": "IDN"}, {"h3index": "878d85145ffffff", "population_2015": 7.738866738712087, "total_built_mass_tons": 15197.751720446186, "city_id": 12559, "country_iso": "IDN"}, {"h3index": "878d85154ffffff", "population_2015": 110.8727689481249, "total_built_mass_tons": 73309.59012729264, "city_id": 12559, "country_iso": "IDN"}, {"h3index": "878d85160ffffff", "population_2015": 3344.1895766950115, "total_built_mass_tons": 573631.5430369535, "city_id": 12559, "country_iso": "IDN"}, {"h3index": "878d85161ffffff", "population_2015": 23219.02946454216, "total_built_mass_tons": 2985001.2518819026, "city_id": 12559, "country_iso": "IDN"}, {"h3index": "878d85162ffffff", "population_2015": 223.65694726308183, "total_built_mass_tons": 163760.7228561314, "city_id": 12559, "country_iso": "IDN"}, {"h3index": "878d85163ffffff", "population_2015": 3255.4042642032396, "total_built_mass_tons": 580349.9011407814, "city_id": 12559, "country_iso": "IDN"}, {"h3index": "878d85164ffffff", "population_2015": 12.547133763631184, "total_built_mass_tons": 55616.5798516736, "city_id": 12559, "country_iso": "IDN"}, {"h3index": "878d85165ffffff", "population_2015": 2956.9209032544904, "total_built_mass_tons": 488560.5556900315, "city_id": 12559, "country_iso": "IDN"}, {"h3index": "878d85166ffffff", "population_2015": 42.45122051239014, "total_built_mass_tons": 48825.06581714253, "city_id": 12559, "country_iso": "IDN"}, {"h3index": "878d85168ffffff", "population_2015": 1507.7709997326722, "total_built_mass_tons": 298724.10971002106, "city_id": 12559, "country_iso": "IDN"}, {"h3index": "878d85169ffffff", "population_2015": 50.668389872008675, "total_built_mass_tons": 73425.47303202763, "city_id": 12559, "country_iso": "IDN"}, {"h3index": "878d8516affffff", "population_2015": 30.06549072265625, "total_built_mass_tons": 18076.928508880817, "city_id": 12559, "country_iso": "IDN"}, {"h3index": "878d8516cffffff", "population_2015": 11318.28758871789, "total_built_mass_tons": 1615107.507274405, "city_id": 12559, "country_iso": "IDN"}, {"h3index": "878d8516dffffff", "population_2015": 172.57179003322827, "total_built_mass_tons": 78545.08799287185, "city_id": 12559, "country_iso": "IDN"}, {"h3index": "878d8516effffff", "population_2015": 2025.8268506966383, "total_built_mass_tons": 279017.6100737491, "city_id": 12559, "country_iso": "IDN"}, {"h3index": "878d85170ffffff", "population_2015": 307.9249835668826, "total_built_mass_tons": 85897.5112387399, "city_id": 12559, "country_iso": "IDN"}, {"h3index": "878d85171ffffff", "population_2015": 141.44518195507575, "total_built_mass_tons": 64749.87094232573, "city_id": 12559, "country_iso": "IDN"}, {"h3index": "878d85172ffffff", "population_2015": 12.429744140774597, "total_built_mass_tons": 12442.510710543707, "city_id": 12559, "country_iso": "IDN"}, {"h3index": "878d85173ffffff", "population_2015": 495.4458392087151, "total_built_mass_tons": 130443.0814415134, "city_id": 12559, "country_iso": "IDN"}, {"h3index": "878d85175ffffff", "population_2015": 713.1672453599817, "total_built_mass_tons": 248039.3000424788, "city_id": 12559, "country_iso": "IDN"}, {"h3index": "878d858c8ffffff", "population_2015": 243.57731448528813, "total_built_mass_tons": 90720.35547012454, "city_id": 12559, "country_iso": "IDN"}, {"h3index": "878d858c9ffffff", "population_2015": 83.09980711843453, "total_built_mass_tons": 36868.83687336895, "city_id": 12559, "country_iso": "IDN"}, {"h3index": "878d858caffffff", "population_2015": 737.3303952534993, "total_built_mass_tons": 144791.42319815396, "city_id": 12559, "country_iso": "IDN"}, {"h3index": "878d858cbffffff", "population_2015": 411.6570158191755, "total_built_mass_tons": 156004.07303763472, "city_id": 12559, "country_iso": "IDN"}, {"h3index": "878d858ceffffff", "population_2015": 96.1445079092886, "total_built_mass_tons": 42516.79803247971, "city_id": 12559, "country_iso": "IDN"}, {"h3index": "878d858d8ffffff", "population_2015": 70.17281128378475, "total_built_mass_tons": 26890.152868314588, "city_id": 12559, "country_iso": "IDN"}, {"h3index": "878d858d9ffffff", "population_2015": 11.843546867370604, "total_built_mass_tons": 23611.51052989614, "city_id": 12559, "country_iso": "IDN"}, {"h3index": "878d858daffffff", "population_2015": 391.125236010084, "total_built_mass_tons": 122570.23364054042, "city_id": 12559, "country_iso": "IDN"}, {"h3index": "878d858dbffffff", "population_2015": 359.0921687518849, "total_built_mass_tons": 98396.9855583772, "city_id": 12559, "country_iso": "IDN"}, {"h3index": "878d858deffffff", "population_2015": 74.64595300263049, "total_built_mass_tons": 14684.513290290084, "city_id": 12559, "country_iso": "IDN"}, {"h3index": "878d85b90ffffff", "population_2015": 625.7509259691427, "total_built_mass_tons": 169960.25164102134, "city_id": 12559, "country_iso": "IDN"}, {"h3index": "878d85b91ffffff", "population_2015": 1216.1478050830317, "total_built_mass_tons": 248515.81169232912, "city_id": 12559, "country_iso": "IDN"}, {"h3index": "878d85b92ffffff", "population_2015": 3759.2784361446606, "total_built_mass_tons": 437196.91557228146, "city_id": 12559, "country_iso": "IDN"}, {"h3index": "878d85b93ffffff", "population_2015": 809.3504175784541, "total_built_mass_tons": 203607.6083825737, "city_id": 12559, "country_iso": "IDN"}, {"h3index": "878d85b94ffffff", "population_2015": 121.36520593306598, "total_built_mass_tons": 114502.83131426424, "city_id": 12559, "country_iso": "IDN"}, {"h3index": "878d85b95ffffff", "population_2015": 19.880545537612015, "total_built_mass_tons": 35245.426177445064, "city_id": 12559, "country_iso": "IDN"}, {"h3index": "878d85b96ffffff", "population_2015": 111.70368622050566, "total_built_mass_tons": 82626.54290949271, "city_id": 12559, "country_iso": "IDN"}, {"h3index": "878d85bb2ffffff", "population_2015": 8.843069637522978, "total_built_mass_tons": 4720.2705135109, "city_id": 12559, "country_iso": "IDN"}]