[{"h3index": "8710aa426ffffff", "population_2015": 3.17150722765455, "total_built_mass_tons": 2187.792865723825, "city_id": 4664, "country_iso": "RUS"}, {"h3index": "8710aa430ffffff", "population_2015": 9110.34671702572, "total_built_mass_tons": 3401907.469962908, "city_id": 4664, "country_iso": "RUS"}, {"h3index": "8710aa431ffffff", "population_2015": 2834.55864870221, "total_built_mass_tons": 1295689.064678667, "city_id": 4664, "country_iso": "RUS"}, {"h3index": "8710aa432ffffff", "population_2015": 177.7311020449096, "total_built_mass_tons": 100319.9174608199, "city_id": 4664, "country_iso": "RUS"}, {"h3index": "8710aa433ffffff", "population_2015": 107.6379087815098, "total_built_mass_tons": 161128.188197147, "city_id": 4664, "country_iso": "RUS"}, {"h3index": "8710aa434ffffff", "population_2015": 16083.341444447462, "total_built_mass_tons": 5175017.071773238, "city_id": 4664, "country_iso": "RUS"}, {"h3index": "8710aa435ffffff", "population_2015": 11969.893324573362, "total_built_mass_tons": 3861950.1936785793, "city_id": 4664, "country_iso": "RUS"}, {"h3index": "8710aa518ffffff", "population_2015": 3754.814152904586, "total_built_mass_tons": 1531507.4401807142, "city_id": 4664, "country_iso": "RUS"}, {"h3index": "8710aa51affffff", "population_2015": 5232.356134861594, "total_built_mass_tons": 2563296.4907350102, "city_id": 4664, "country_iso": "RUS"}, {"h3index": "8710aa51bffffff", "population_2015": 12234.978833538877, "total_built_mass_tons": 4042166.961170095, "city_id": 4664, "country_iso": "RUS"}, {"h3index": "8710aa51effffff", "population_2015": 223.99444620188544, "total_built_mass_tons": 193371.28318655625, "city_id": 4664, "country_iso": "RUS"}, {"h3index": "8710aa5a9ffffff", "population_2015": 156.91886115167657, "total_built_mass_tons": 164311.44173442046, "city_id": 4664, "country_iso": "RUS"}]