[{"h3index": "8740e6618ffffff", "population_2015": 334.050357280993, "total_built_mass_tons": 268604.66642723506, "city_id": 10437, "country_iso": "CHN"}, {"h3index": "8740e6619ffffff", "population_2015": 1326.713241921219, "total_built_mass_tons": 674830.7942236377, "city_id": 10437, "country_iso": "CHN"}, {"h3index": "8740e661affffff", "population_2015": 3364.477039707409, "total_built_mass_tons": 820232.9539420279, "city_id": 10437, "country_iso": "CHN"}, {"h3index": "8740e661bffffff", "population_2015": 30867.672557257672, "total_built_mass_tons": 5347574.847965457, "city_id": 10437, "country_iso": "CHN"}, {"h3index": "8740e6689ffffff", "population_2015": 31.139159604614857, "total_built_mass_tons": 14053.763283250924, "city_id": 10437, "country_iso": "CHN"}, {"h3index": "8740e668dffffff", "population_2015": 161.05964188669236, "total_built_mass_tons": 80760.31177926103, "city_id": 10437, "country_iso": "CHN"}, {"h3index": "8740e66a9ffffff", "population_2015": 1287.3050559492672, "total_built_mass_tons": 775657.7940072797, "city_id": 10437, "country_iso": "CHN"}, {"h3index": "8740e66abffffff", "population_2015": 15.015208522946228, "total_built_mass_tons": 16523.84564231559, "city_id": 10437, "country_iso": "CHN"}, {"h3index": "8740e66c6ffffff", "population_2015": 1384.1371689525308, "total_built_mass_tons": 454542.55872443994, "city_id": 10437, "country_iso": "CHN"}, {"h3index": "8740e66d4ffffff", "population_2015": 181.8849725012686, "total_built_mass_tons": 339911.12342965626, "city_id": 10437, "country_iso": "CHN"}, {"h3index": "8740e66d5ffffff", "population_2015": 179.68955410228057, "total_built_mass_tons": 338861.6168044423, "city_id": 10437, "country_iso": "CHN"}, {"h3index": "8740e66e2ffffff", "population_2015": 408.0161219671661, "total_built_mass_tons": 22309.418925137004, "city_id": 10437, "country_iso": "CHN"}, {"h3index": "8740e66e6ffffff", "population_2015": 5185.129694057212, "total_built_mass_tons": 1524205.8042426377, "city_id": 10437, "country_iso": "CHN"}, {"h3index": "8740e66f0ffffff", "population_2015": 46921.24387179355, "total_built_mass_tons": 2950026.205690816, "city_id": 10437, "country_iso": "CHN"}, {"h3index": "8740e66f1ffffff", "population_2015": 37017.9040101776, "total_built_mass_tons": 3479248.108294069, "city_id": 10437, "country_iso": "CHN"}, {"h3index": "8740e66f2ffffff", "population_2015": 5277.698491354317, "total_built_mass_tons": 2243711.006489366, "city_id": 10437, "country_iso": "CHN"}, {"h3index": "8740e66f3ffffff", "population_2015": 31698.846562065803, "total_built_mass_tons": 4928094.97774047, "city_id": 10437, "country_iso": "CHN"}, {"h3index": "8740e66f4ffffff", "population_2015": 26205.869676986407, "total_built_mass_tons": 3392138.2360484893, "city_id": 10437, "country_iso": "CHN"}, {"h3index": "8740e66f5ffffff", "population_2015": 55146.59456421907, "total_built_mass_tons": 5448037.799553232, "city_id": 10437, "country_iso": "CHN"}, {"h3index": "8740e66f6ffffff", "population_2015": 9732.50929685387, "total_built_mass_tons": 2811786.5288130445, "city_id": 10437, "country_iso": "CHN"}]