[{"h3index":"8731b1690ffffff","population_2015":15.4055212058,"total_built_mass_tons":4858.3291664629,"city_id":10441,"country_iso":"CHN"},{"h3index":"8731b1691ffffff","population_2015":1.6184854694,"total_built_mass_tons":4999.4721170904,"city_id":10441,"country_iso":"CHN"},{"h3index":"8731b1692ffffff","population_2015":6013.3726207845,"total_built_mass_tons":1224641.3045732209,"city_id":10441,"country_iso":"CHN"},{"h3index":"8731b1693ffffff","population_2015":19803.5622957641,"total_built_mass_tons":3277039.5280876281,"city_id":10441,"country_iso":"CHN"},{"h3index":"8731b1698ffffff","population_2015":767.0038010953,"total_built_mass_tons":216965.787466321,"city_id":10441,"country_iso":"CHN"},{"h3index":"8731b169affffff","population_2015":306.3324223649,"total_built_mass_tons":186317.0483404696,"city_id":10441,"country_iso":"CHN"},{"h3index":"8731b169effffff","population_2015":7224.1587674225,"total_built_mass_tons":1831619.4620878624,"city_id":10441,"country_iso":"CHN"},{"h3index":"8731b3a61ffffff","population_2015":207.0184986339,"total_built_mass_tons":122043.4804870986,"city_id":10441,"country_iso":"CHN"},{"h3index":"8731b3a68ffffff","population_2015":40.480757689,"total_built_mass_tons":27662.6934891133,"city_id":10441,"country_iso":"CHN"},{"h3index":"8731b3a69ffffff","population_2015":173.7352830326,"total_built_mass_tons":95894.2519619453,"city_id":10441,"country_iso":"CHN"},{"h3index":"8731b3a6cffffff","population_2015":3551.8694330767,"total_built_mass_tons":1021693.755301976,"city_id":10441,"country_iso":"CHN"},{"h3index":"8731b3a6dffffff","population_2015":12023.3790295881,"total_built_mass_tons":2214361.0742125264,"city_id":10441,"country_iso":"CHN"}]