[{"h3index":"873cc2166ffffff","population_2015":5.3771322811,"total_built_mass_tons":803.4335459741,"city_id":10046,"country_iso":"BGD"},{"h3index":"873cc2170ffffff","population_2015":17.0231590271,"total_built_mass_tons":63631.1555185601,"city_id":10046,"country_iso":"BGD"},{"h3index":"873cc2173ffffff","population_2015":14.4757698209,"total_built_mass_tons":98082.357935885,"city_id":10046,"country_iso":"BGD"},{"h3index":"873cc2174ffffff","population_2015":505.6448422974,"total_built_mass_tons":101295.9746964535,"city_id":10046,"country_iso":"BGD"},{"h3index":"873cc2175ffffff","population_2015":276.6196964788,"total_built_mass_tons":37591.5416006473,"city_id":10046,"country_iso":"BGD"},{"h3index":"873cc28daffffff","population_2015":336.0372360155,"total_built_mass_tons":102130.1196517813,"city_id":10046,"country_iso":"BGD"},{"h3index":"873cc28dbffffff","population_2015":49.335547047,"total_built_mass_tons":36983.6509403652,"city_id":10046,"country_iso":"BGD"}]