[{"h3index":"873c1e800ffffff","population_2015":274.3389624278,"total_built_mass_tons":41624.1903751701,"city_id":9105,"country_iso":"IND"},{"h3index":"873c1e801ffffff","population_2015":47.4271583557,"total_built_mass_tons":41351.0427357782,"city_id":9105,"country_iso":"IND"},{"h3index":"873c1e803ffffff","population_2015":232.6865750631,"total_built_mass_tons":51921.5899615898,"city_id":9105,"country_iso":"IND"},{"h3index":"873c1e80effffff","population_2015":106.3402320563,"total_built_mass_tons":23116.175353025,"city_id":9105,"country_iso":"IND"},{"h3index":"873c1e81dffffff","population_2015":36.4362133325,"total_built_mass_tons":11971.2413386237,"city_id":9105,"country_iso":"IND"}]