[{"h3index": "871492380ffffff", "population_2015": 2703.948469589271, "total_built_mass_tons": 539438.9259032165, "city_id": 11375, "country_iso": "CHN"}, {"h3index": "871492381ffffff", "population_2015": 644.8122718923233, "total_built_mass_tons": 294321.32176978985, "city_id": 11375, "country_iso": "CHN"}, {"h3index": "871492384ffffff", "population_2015": 3141.329702635372, "total_built_mass_tons": 1000579.9740730376, "city_id": 11375, "country_iso": "CHN"}, {"h3index": "871492385ffffff", "population_2015": 11819.790453671474, "total_built_mass_tons": 3767319.6679368378, "city_id": 11375, "country_iso": "CHN"}, {"h3index": "87149238cffffff", "population_2015": 5.683370137682148, "total_built_mass_tons": 3206.0515088213115, "city_id": 11375, "country_iso": "CHN"}, {"h3index": "8714923a0ffffff", "population_2015": 11.070030735988244, "total_built_mass_tons": 11495.473342819729, "city_id": 11375, "country_iso": "CHN"}, {"h3index": "8714923a1ffffff", "population_2015": 7040.201765138966, "total_built_mass_tons": 2168623.353935894, "city_id": 11375, "country_iso": "CHN"}, {"h3index": "8714923a2ffffff", "population_2015": 165.45604000839532, "total_built_mass_tons": 100304.05806577716, "city_id": 11375, "country_iso": "CHN"}, {"h3index": "8714923a3ffffff", "population_2015": 15369.513415029933, "total_built_mass_tons": 5417897.922235261, "city_id": 11375, "country_iso": "CHN"}, {"h3index": "8714923aaffffff", "population_2015": 9226.196849847776, "total_built_mass_tons": 2267539.5875295117, "city_id": 11375, "country_iso": "CHN"}, {"h3index": "8714923abffffff", "population_2015": 25.18615467408124, "total_built_mass_tons": 21029.929893414657, "city_id": 11375, "country_iso": "CHN"}, {"h3index": "8714923acffffff", "population_2015": 550.5509331908881, "total_built_mass_tons": 225363.52232550568, "city_id": 11375, "country_iso": "CHN"}, {"h3index": "8714923aeffffff", "population_2015": 16881.77099846485, "total_built_mass_tons": 5242250.182661126, "city_id": 11375, "country_iso": "CHN"}]