[{"h3index": "871fa6324ffffff", "population_2015": 58.85744144495795, "total_built_mass_tons": 66375.27858454207, "city_id": 2142, "country_iso": "BEL"}, {"h3index": "871fa6a12ffffff", "population_2015": 167.5764016946156, "total_built_mass_tons": 105721.6142174182, "city_id": 2142, "country_iso": "BEL"}, {"h3index": "871fa6a80ffffff", "population_2015": 11284.759495619222, "total_built_mass_tons": 5567669.183869744, "city_id": 2142, "country_iso": "BEL"}, {"h3index": "871fa6a81ffffff", "population_2015": 20399.03985174965, "total_built_mass_tons": 7179259.974515302, "city_id": 2142, "country_iso": "BEL"}, {"h3index": "871fa6a82ffffff", "population_2015": 5777.625242144452, "total_built_mass_tons": 4915702.090767974, "city_id": 2142, "country_iso": "BEL"}, {"h3index": "871fa6a83ffffff", "population_2015": 17447.918065207625, "total_built_mass_tons": 7361095.490096673, "city_id": 2142, "country_iso": "BEL"}, {"h3index": "871fa6a84ffffff", "population_2015": 7105.013965249527, "total_built_mass_tons": 4267161.453180198, "city_id": 2142, "country_iso": "BEL"}, {"h3index": "871fa6a85ffffff", "population_2015": 9444.978814955322, "total_built_mass_tons": 4254797.416516919, "city_id": 2142, "country_iso": "BEL"}, {"h3index": "871fa6a86ffffff", "population_2015": 10770.288035379672, "total_built_mass_tons": 4667266.789521176, "city_id": 2142, "country_iso": "BEL"}, {"h3index": "871fa6a88ffffff", "population_2015": 9393.80046143064, "total_built_mass_tons": 3775500.316786063, "city_id": 2142, "country_iso": "BEL"}, {"h3index": "871fa6a89ffffff", "population_2015": 4311.262589049805, "total_built_mass_tons": 3202355.820101141, "city_id": 2142, "country_iso": "BEL"}, {"h3index": "871fa6a8affffff", "population_2015": 3702.995661156784, "total_built_mass_tons": 2295249.2142303647, "city_id": 2142, "country_iso": "BEL"}, {"h3index": "871fa6a8bffffff", "population_2015": 5887.836048240288, "total_built_mass_tons": 3036917.1176010594, "city_id": 2142, "country_iso": "BEL"}, {"h3index": "871fa6a8cffffff", "population_2015": 7696.954796177733, "total_built_mass_tons": 3825139.6884317864, "city_id": 2142, "country_iso": "BEL"}, {"h3index": "871fa6a8dffffff", "population_2015": 3322.508204862183, "total_built_mass_tons": 1807965.468865548, "city_id": 2142, "country_iso": "BEL"}, {"h3index": "871fa6a8effffff", "population_2015": 6641.420130960618, "total_built_mass_tons": 3604812.275714897, "city_id": 2142, "country_iso": "BEL"}, {"h3index": "871fa6a90ffffff", "population_2015": 308.7652049644321, "total_built_mass_tons": 268847.93801813, "city_id": 2142, "country_iso": "BEL"}, {"h3index": "871fa6a91ffffff", "population_2015": 1687.9908950113784, "total_built_mass_tons": 1019266.9696690426, "city_id": 2142, "country_iso": "BEL"}, {"h3index": "871fa6a95ffffff", "population_2015": 2917.1038473839844, "total_built_mass_tons": 2001241.772698325, "city_id": 2142, "country_iso": "BEL"}, {"h3index": "871fa6a98ffffff", "population_2015": 84.72233006533456, "total_built_mass_tons": 78835.28714315104, "city_id": 2142, "country_iso": "BEL"}, {"h3index": "871fa6a99ffffff", "population_2015": 699.8852343807033, "total_built_mass_tons": 538430.1554760222, "city_id": 2142, "country_iso": "BEL"}, {"h3index": "871fa6a9cffffff", "population_2015": 2742.41288707677, "total_built_mass_tons": 1670121.0810899085, "city_id": 2142, "country_iso": "BEL"}, {"h3index": "871fa6a9dffffff", "population_2015": 7304.941718765332, "total_built_mass_tons": 4135424.1880197534, "city_id": 2142, "country_iso": "BEL"}, {"h3index": "871fa6aa0ffffff", "population_2015": 887.6856771469119, "total_built_mass_tons": 858561.441498728, "city_id": 2142, "country_iso": "BEL"}, {"h3index": "871fa6aa1ffffff", "population_2015": 5601.779148901212, "total_built_mass_tons": 3106586.7031887565, "city_id": 2142, "country_iso": "BEL"}, {"h3index": "871fa6aa2ffffff", "population_2015": 3941.805762566773, "total_built_mass_tons": 2225225.8971975097, "city_id": 2142, "country_iso": "BEL"}, {"h3index": "871fa6aa3ffffff", "population_2015": 3301.5345578268466, "total_built_mass_tons": 2098026.9918209063, "city_id": 2142, "country_iso": "BEL"}, {"h3index": "871fa6aa4ffffff", "population_2015": 117.51979950830048, "total_built_mass_tons": 133914.4336570691, "city_id": 2142, "country_iso": "BEL"}, {"h3index": "871fa6aa5ffffff", "population_2015": 5.5417481782389615, "total_built_mass_tons": 16577.5330000215, "city_id": 2142, "country_iso": "BEL"}, {"h3index": "871fa6aa6ffffff", "population_2015": 2928.650874751222, "total_built_mass_tons": 1690181.822008503, "city_id": 2142, "country_iso": "BEL"}, {"h3index": "871fa6aa8ffffff", "population_2015": 1434.6247153562656, "total_built_mass_tons": 933514.3685486512, "city_id": 2142, "country_iso": "BEL"}, {"h3index": "871fa6aaaffffff", "population_2015": 4240.430527244829, "total_built_mass_tons": 2414597.327091029, "city_id": 2142, "country_iso": "BEL"}, {"h3index": "871fa6aabffffff", "population_2015": 1208.076230022019, "total_built_mass_tons": 796356.6543838407, "city_id": 2142, "country_iso": "BEL"}, {"h3index": "871fa6aacffffff", "population_2015": 1555.458108527052, "total_built_mass_tons": 1649755.1242634645, "city_id": 2142, "country_iso": "BEL"}, {"h3index": "871fa6aaeffffff", "population_2015": 3102.0495264502138, "total_built_mass_tons": 2276159.9430610314, "city_id": 2142, "country_iso": "BEL"}, {"h3index": "871fa6ab1ffffff", "population_2015": 1396.2496583209315, "total_built_mass_tons": 905086.0294958196, "city_id": 2142, "country_iso": "BEL"}, {"h3index": "871fa6ab3ffffff", "population_2015": 5.4945912473342, "total_built_mass_tons": 15619.39947254823, "city_id": 2142, "country_iso": "BEL"}, {"h3index": "871fa6ab5ffffff", "population_2015": 1498.025168320712, "total_built_mass_tons": 1036824.574068704, "city_id": 2142, "country_iso": "BEL"}, {"h3index": "871fa6ad4ffffff", "population_2015": 125.25000324062272, "total_built_mass_tons": 119615.86242993645, "city_id": 2142, "country_iso": "BEL"}, {"h3index": "871fa6ad6ffffff", "population_2015": 23.869536640129837, "total_built_mass_tons": 33562.78118981785, "city_id": 2142, "country_iso": "BEL"}, {"h3index": "871fa6af2ffffff", "population_2015": 1259.012552507251, "total_built_mass_tons": 1087069.852127483, "city_id": 2142, "country_iso": "BEL"}, {"h3index": "871fa6b98ffffff", "population_2015": 141.1662204835929, "total_built_mass_tons": 67933.86043775555, "city_id": 2142, "country_iso": "BEL"}, {"h3index": "871fa6b99ffffff", "population_2015": 665.4519111698748, "total_built_mass_tons": 648442.2341465673, "city_id": 2142, "country_iso": "BEL"}, {"h3index": "871fa6b9bffffff", "population_2015": 2780.8340206323883, "total_built_mass_tons": 1829552.204874114, "city_id": 2142, "country_iso": "BEL"}]