[{"h3index": "873e60040ffffff", "population_2015": 316.8762923577253, "total_built_mass_tons": 180295.17607360176, "city_id": 4081, "country_iso": "EGY"}, {"h3index": "873e60041ffffff", "population_2015": 16258.27432587754, "total_built_mass_tons": 1832919.7896414525, "city_id": 4081, "country_iso": "EGY"}, {"h3index": "873e60042ffffff", "population_2015": 10.969882377923703, "total_built_mass_tons": 4688.361022811368, "city_id": 4081, "country_iso": "EGY"}, {"h3index": "873e60043ffffff", "population_2015": 981.537582135668, "total_built_mass_tons": 453118.3319161008, "city_id": 4081, "country_iso": "EGY"}, {"h3index": "873e60045ffffff", "population_2015": 118.81732527788948, "total_built_mass_tons": 81480.10080560413, "city_id": 4081, "country_iso": "EGY"}, {"h3index": "873e60048ffffff", "population_2015": 35398.9895592222, "total_built_mass_tons": 3357586.0815731576, "city_id": 4081, "country_iso": "EGY"}, {"h3index": "873e60049ffffff", "population_2015": 2100.1960869620825, "total_built_mass_tons": 438627.2495999212, "city_id": 4081, "country_iso": "EGY"}, {"h3index": "873e6004affffff", "population_2015": 7935.5319318659185, "total_built_mass_tons": 1290873.979766981, "city_id": 4081, "country_iso": "EGY"}, {"h3index": "873e6004bffffff", "population_2015": 471.5732929360632, "total_built_mass_tons": 122465.8554206921, "city_id": 4081, "country_iso": "EGY"}, {"h3index": "873e6004cffffff", "population_2015": 69228.77273123499, "total_built_mass_tons": 3844246.442662036, "city_id": 4081, "country_iso": "EGY"}, {"h3index": "873e6004dffffff", "population_2015": 25451.356196040735, "total_built_mass_tons": 2584104.2122910446, "city_id": 4081, "country_iso": "EGY"}, {"h3index": "873e6004effffff", "population_2015": 108710.81577565812, "total_built_mass_tons": 4892991.5201935945, "city_id": 4081, "country_iso": "EGY"}, {"h3index": "873e60050ffffff", "population_2015": 2637.95738623002, "total_built_mass_tons": 425746.670657972, "city_id": 4081, "country_iso": "EGY"}, {"h3index": "873e60051ffffff", "population_2015": 5084.621292516297, "total_built_mass_tons": 1378424.7939934558, "city_id": 4081, "country_iso": "EGY"}, {"h3index": "873e60052ffffff", "population_2015": 496.8976492676081, "total_built_mass_tons": 161532.35543085105, "city_id": 4081, "country_iso": "EGY"}, {"h3index": "873e60053ffffff", "population_2015": 1135.107960390577, "total_built_mass_tons": 288650.51782619115, "city_id": 4081, "country_iso": "EGY"}, {"h3index": "873e60055ffffff", "population_2015": 624.6166835672715, "total_built_mass_tons": 398011.03713860805, "city_id": 4081, "country_iso": "EGY"}, {"h3index": "873e60058ffffff", "population_2015": 6058.370081894073, "total_built_mass_tons": 872781.8594730194, "city_id": 4081, "country_iso": "EGY"}, {"h3index": "873e60059ffffff", "population_2015": 9463.005398402494, "total_built_mass_tons": 1309084.492744446, "city_id": 4081, "country_iso": "EGY"}, {"h3index": "873e6005cffffff", "population_2015": 3267.8356286647277, "total_built_mass_tons": 1404860.7715513536, "city_id": 4081, "country_iso": "EGY"}, {"h3index": "873e6005dffffff", "population_2015": 8337.761147566402, "total_built_mass_tons": 1804763.9053112003, "city_id": 4081, "country_iso": "EGY"}, {"h3index": "873e6005effffff", "population_2015": 3103.2209825216555, "total_built_mass_tons": 490426.8022991598, "city_id": 4081, "country_iso": "EGY"}, {"h3index": "873e6006affffff", "population_2015": 107.74116416818956, "total_built_mass_tons": 47719.02961499797, "city_id": 4081, "country_iso": "EGY"}, {"h3index": "873e6006bffffff", "population_2015": 768.8904073079426, "total_built_mass_tons": 81533.72253846811, "city_id": 4081, "country_iso": "EGY"}, {"h3index": "873e603a0ffffff", "population_2015": 42.5723482131958, "total_built_mass_tons": 10656.57972751591, "city_id": 4081, "country_iso": "EGY"}, {"h3index": "873e603a4ffffff", "population_2015": 5340.492402293634, "total_built_mass_tons": 795142.9973411893, "city_id": 4081, "country_iso": "EGY"}, {"h3index": "873e603a5ffffff", "population_2015": 1778.8769615921317, "total_built_mass_tons": 548227.7587509438, "city_id": 4081, "country_iso": "EGY"}]