[{"h3index": "8740f2628ffffff", "population_2015": 36.51194164799709, "total_built_mass_tons": 32286.50496152869, "city_id": 10378, "country_iso": "CHN"}, {"h3index": "8740f2629ffffff", "population_2015": 88.51365715101653, "total_built_mass_tons": 32828.78177349064, "city_id": 10378, "country_iso": "CHN"}, {"h3index": "8740f262dffffff", "population_2015": 5770.726405433581, "total_built_mass_tons": 1601206.6479364894, "city_id": 10378, "country_iso": "CHN"}, {"h3index": "8740f2742ffffff", "population_2015": 532.0667165877773, "total_built_mass_tons": 398837.02507819294, "city_id": 10378, "country_iso": "CHN"}, {"h3index": "8740f2743ffffff", "population_2015": 941.7231073781556, "total_built_mass_tons": 942566.9229636712, "city_id": 10378, "country_iso": "CHN"}, {"h3index": "8740f2750ffffff", "population_2015": 586.8380007640989, "total_built_mass_tons": 303790.2867096589, "city_id": 10378, "country_iso": "CHN"}, {"h3index": "8740f2751ffffff", "population_2015": 3966.192524808997, "total_built_mass_tons": 772207.653779042, "city_id": 10378, "country_iso": "CHN"}, {"h3index": "8740f2752ffffff", "population_2015": 273.3531701265597, "total_built_mass_tons": 330882.1012795692, "city_id": 10378, "country_iso": "CHN"}, {"h3index": "8740f2753ffffff", "population_2015": 3478.8127999277676, "total_built_mass_tons": 1078747.747614286, "city_id": 10378, "country_iso": "CHN"}, {"h3index": "8740f2758ffffff", "population_2015": 7764.710786787667, "total_built_mass_tons": 1724029.561111812, "city_id": 10378, "country_iso": "CHN"}, {"h3index": "8740f2759ffffff", "population_2015": 549.6031819399666, "total_built_mass_tons": 139357.07609375802, "city_id": 10378, "country_iso": "CHN"}, {"h3index": "8740f275affffff", "population_2015": 3193.4068825235554, "total_built_mass_tons": 887589.9100678146, "city_id": 10378, "country_iso": "CHN"}, {"h3index": "8740f275cffffff", "population_2015": 7915.194554644006, "total_built_mass_tons": 3724424.4711002056, "city_id": 10378, "country_iso": "CHN"}, {"h3index": "8740f275dffffff", "population_2015": 881.087504863739, "total_built_mass_tons": 741265.5235371452, "city_id": 10378, "country_iso": "CHN"}, {"h3index": "8740f275effffff", "population_2015": 26293.662154676404, "total_built_mass_tons": 4485632.72796765, "city_id": 10378, "country_iso": "CHN"}]