[{"h3index": "8760a3911ffffff", "population_2015": 1.7970860649557674, "total_built_mass_tons": 738.7056120322059, "city_id": 7875, "country_iso": "IND"}, {"h3index": "8760a3912ffffff", "population_2015": 16667.462429581436, "total_built_mass_tons": 1736118.8846804665, "city_id": 7875, "country_iso": "IND"}, {"h3index": "8760a3913ffffff", "population_2015": 12731.111422830474, "total_built_mass_tons": 1220068.7879947582, "city_id": 7875, "country_iso": "IND"}, {"h3index": "8760a391effffff", "population_2015": 31.21399986416686, "total_built_mass_tons": 14005.533093281016, "city_id": 7875, "country_iso": "IND"}, {"h3index": "8760a3985ffffff", "population_2015": 85.07791117125868, "total_built_mass_tons": 13975.440949421489, "city_id": 7875, "country_iso": "IND"}, {"h3index": "8760a39a1ffffff", "population_2015": 6441.005171914195, "total_built_mass_tons": 842146.8366793117, "city_id": 7875, "country_iso": "IND"}, {"h3index": "8760a39a5ffffff", "population_2015": 426.5329486809525, "total_built_mass_tons": 103742.19594664252, "city_id": 7875, "country_iso": "IND"}, {"h3index": "8760a39acffffff", "population_2015": 26268.001159675456, "total_built_mass_tons": 2498875.936136583, "city_id": 7875, "country_iso": "IND"}, {"h3index": "8760a39adffffff", "population_2015": 2033.9337822446632, "total_built_mass_tons": 274241.1713884441, "city_id": 7875, "country_iso": "IND"}, {"h3index": "8760a39aeffffff", "population_2015": 3795.5280904994297, "total_built_mass_tons": 501829.6100066629, "city_id": 7875, "country_iso": "IND"}]