[{"h3index":"8758c6200ffffff","population_2015":482.6521657233,"total_built_mass_tons":143526.6539223899,"city_id":2876,"country_iso":"NGA"},{"h3index":"8758c6201ffffff","population_2015":1195.4415408826,"total_built_mass_tons":338231.7475331817,"city_id":2876,"country_iso":"NGA"},{"h3index":"8758c6202ffffff","population_2015":50.1282055443,"total_built_mass_tons":41948.4488688581,"city_id":2876,"country_iso":"NGA"},{"h3index":"8758c6203ffffff","population_2015":779.2874036396,"total_built_mass_tons":192409.2785768162,"city_id":2876,"country_iso":"NGA"},{"h3index":"8758c6206ffffff","population_2015":4.8119800025,"total_built_mass_tons":8403.8488656798,"city_id":2876,"country_iso":"NGA"}]