[{"h3index": "87408241affffff", "population_2015": 187.47633859877493, "total_built_mass_tons": 86344.91210821403, "city_id": 10860, "country_iso": "CHN"}, {"h3index": "874082480ffffff", "population_2015": 23642.149008107655, "total_built_mass_tons": 6064355.864091987, "city_id": 10860, "country_iso": "CHN"}, {"h3index": "874082481ffffff", "population_2015": 13024.798358486212, "total_built_mass_tons": 3649743.645033029, "city_id": 10860, "country_iso": "CHN"}, {"h3index": "874082482ffffff", "population_2015": 4049.499883443235, "total_built_mass_tons": 1567729.5667769143, "city_id": 10860, "country_iso": "CHN"}, {"h3index": "874082483ffffff", "population_2015": 33007.112225625104, "total_built_mass_tons": 3200817.699144337, "city_id": 10860, "country_iso": "CHN"}, {"h3index": "874082484ffffff", "population_2015": 50691.69121919709, "total_built_mass_tons": 5634298.586696986, "city_id": 10860, "country_iso": "CHN"}, {"h3index": "874082485ffffff", "population_2015": 15712.75816806251, "total_built_mass_tons": 5034452.860465438, "city_id": 10860, "country_iso": "CHN"}, {"h3index": "874082486ffffff", "population_2015": 7988.174216745411, "total_built_mass_tons": 4025613.8074203944, "city_id": 10860, "country_iso": "CHN"}, {"h3index": "874082488ffffff", "population_2015": 40242.369999418064, "total_built_mass_tons": 2820664.9998306176, "city_id": 10860, "country_iso": "CHN"}, {"h3index": "874082489ffffff", "population_2015": 2684.277556772793, "total_built_mass_tons": 573401.9752606782, "city_id": 10860, "country_iso": "CHN"}, {"h3index": "87408248affffff", "population_2015": 117898.6658128477, "total_built_mass_tons": 7956410.200491782, "city_id": 10860, "country_iso": "CHN"}, {"h3index": "87408248bffffff", "population_2015": 31761.467978673816, "total_built_mass_tons": 3576918.7660963135, "city_id": 10860, "country_iso": "CHN"}, {"h3index": "87408248cffffff", "population_2015": 34029.34721265867, "total_built_mass_tons": 5278790.264066894, "city_id": 10860, "country_iso": "CHN"}, {"h3index": "87408248dffffff", "population_2015": 6210.317542169607, "total_built_mass_tons": 3150411.4669813616, "city_id": 10860, "country_iso": "CHN"}, {"h3index": "87408248effffff", "population_2015": 29610.109311189834, "total_built_mass_tons": 7082695.401879246, "city_id": 10860, "country_iso": "CHN"}, {"h3index": "874082490ffffff", "population_2015": 5777.815323805808, "total_built_mass_tons": 3336113.8689074963, "city_id": 10860, "country_iso": "CHN"}, {"h3index": "874082491ffffff", "population_2015": 9845.771398175932, "total_built_mass_tons": 3293428.7635480883, "city_id": 10860, "country_iso": "CHN"}, {"h3index": "874082492ffffff", "population_2015": 6937.358348836149, "total_built_mass_tons": 4227102.534228908, "city_id": 10860, "country_iso": "CHN"}, {"h3index": "874082493ffffff", "population_2015": 11462.710493602935, "total_built_mass_tons": 4386104.891003875, "city_id": 10860, "country_iso": "CHN"}, {"h3index": "874082494ffffff", "population_2015": 1377.0041196963366, "total_built_mass_tons": 1450206.6188909635, "city_id": 10860, "country_iso": "CHN"}, {"h3index": "874082495ffffff", "population_2015": 4859.367566121327, "total_built_mass_tons": 3240267.1973204063, "city_id": 10860, "country_iso": "CHN"}, {"h3index": "874082496ffffff", "population_2015": 3198.5007919816408, "total_built_mass_tons": 2093796.1606342536, "city_id": 10860, "country_iso": "CHN"}, {"h3index": "874082498ffffff", "population_2015": 26981.521880552813, "total_built_mass_tons": 7818483.937343708, "city_id": 10860, "country_iso": "CHN"}, {"h3index": "874082499ffffff", "population_2015": 70276.47013883403, "total_built_mass_tons": 8972242.61757391, "city_id": 10860, "country_iso": "CHN"}, {"h3index": "87408249affffff", "population_2015": 18860.482839333778, "total_built_mass_tons": 6607320.045761269, "city_id": 10860, "country_iso": "CHN"}, {"h3index": "87408249bffffff", "population_2015": 54453.18460144715, "total_built_mass_tons": 4402994.976853678, "city_id": 10860, "country_iso": "CHN"}, {"h3index": "87408249cffffff", "population_2015": 5121.535968147538, "total_built_mass_tons": 4777848.667584456, "city_id": 10860, "country_iso": "CHN"}, {"h3index": "87408249dffffff", "population_2015": 22717.982832039095, "total_built_mass_tons": 8959701.297151025, "city_id": 10860, "country_iso": "CHN"}, {"h3index": "87408249effffff", "population_2015": 5500.754193998787, "total_built_mass_tons": 6621950.408976384, "city_id": 10860, "country_iso": "CHN"}, {"h3index": "8740824a0ffffff", "population_2015": 11694.22474486594, "total_built_mass_tons": 2508114.559796244, "city_id": 10860, "country_iso": "CHN"}, {"h3index": "8740824a1ffffff", "population_2015": 23.524884128570555, "total_built_mass_tons": 18027.18007634592, "city_id": 10860, "country_iso": "CHN"}, {"h3index": "8740824a2ffffff", "population_2015": 12868.434081978894, "total_built_mass_tons": 2267681.698795236, "city_id": 10860, "country_iso": "CHN"}, {"h3index": "8740824a3ffffff", "population_2015": 3974.498033720373, "total_built_mass_tons": 1898206.7185073127, "city_id": 10860, "country_iso": "CHN"}, {"h3index": "8740824a4ffffff", "population_2015": 3262.6442196322423, "total_built_mass_tons": 843371.3998087496, "city_id": 10860, "country_iso": "CHN"}, {"h3index": "8740824a5ffffff", "population_2015": 44.79489441665949, "total_built_mass_tons": 12821.644875080294, "city_id": 10860, "country_iso": "CHN"}, {"h3index": "8740824a6ffffff", "population_2015": 7217.815455425487, "total_built_mass_tons": 2222930.6448098486, "city_id": 10860, "country_iso": "CHN"}, {"h3index": "8740824a8ffffff", "population_2015": 3954.52045397665, "total_built_mass_tons": 3538730.4664433263, "city_id": 10860, "country_iso": "CHN"}, {"h3index": "8740824a9ffffff", "population_2015": 2807.238889268333, "total_built_mass_tons": 2054617.7214939792, "city_id": 10860, "country_iso": "CHN"}, {"h3index": "8740824aaffffff", "population_2015": 5290.857314420214, "total_built_mass_tons": 4224729.583247882, "city_id": 10860, "country_iso": "CHN"}, {"h3index": "8740824abffffff", "population_2015": 5591.042361945731, "total_built_mass_tons": 3635182.478125383, "city_id": 10860, "country_iso": "CHN"}, {"h3index": "8740824acffffff", "population_2015": 138.04664211647184, "total_built_mass_tons": 73788.90185986052, "city_id": 10860, "country_iso": "CHN"}, {"h3index": "8740824adffffff", "population_2015": 272.8456386229572, "total_built_mass_tons": 215763.00504624247, "city_id": 10860, "country_iso": "CHN"}, {"h3index": "8740824aeffffff", "population_2015": 4217.096961241142, "total_built_mass_tons": 2487132.060000169, "city_id": 10860, "country_iso": "CHN"}, {"h3index": "8740824b0ffffff", "population_2015": 301.10310440764715, "total_built_mass_tons": 633288.5868912973, "city_id": 10860, "country_iso": "CHN"}, {"h3index": "8740824b1ffffff", "population_2015": 20935.859549832585, "total_built_mass_tons": 3910236.213861837, "city_id": 10860, "country_iso": "CHN"}, {"h3index": "8740824b2ffffff", "population_2015": 1640.3720706257166, "total_built_mass_tons": 1593687.582319846, "city_id": 10860, "country_iso": "CHN"}, {"h3index": "8740824b3ffffff", "population_2015": 3341.274524949112, "total_built_mass_tons": 3405447.0272134524, "city_id": 10860, "country_iso": "CHN"}, {"h3index": "8740824b4ffffff", "population_2015": 1254.6011787106008, "total_built_mass_tons": 678135.3296099417, "city_id": 10860, "country_iso": "CHN"}, {"h3index": "8740824b5ffffff", "population_2015": 578.5307028228161, "total_built_mass_tons": 378778.59690836334, "city_id": 10860, "country_iso": "CHN"}, {"h3index": "8740824d0ffffff", "population_2015": 294.1775066001742, "total_built_mass_tons": 77848.22538609782, "city_id": 10860, "country_iso": "CHN"}, {"h3index": "8740824d2ffffff", "population_2015": 10252.885442147535, "total_built_mass_tons": 620158.1107942327, "city_id": 10860, "country_iso": "CHN"}, {"h3index": "8740824d3ffffff", "population_2015": 270.0353859695734, "total_built_mass_tons": 71903.41196274638, "city_id": 10860, "country_iso": "CHN"}, {"h3index": "8740824d4ffffff", "population_2015": 1688.092910981646, "total_built_mass_tons": 179302.3482034183, "city_id": 10860, "country_iso": "CHN"}, {"h3index": "8740824d5ffffff", "population_2015": 122.90628895479092, "total_built_mass_tons": 42449.518330796906, "city_id": 10860, "country_iso": "CHN"}, {"h3index": "8740824d6ffffff", "population_2015": 4639.481923350165, "total_built_mass_tons": 1095089.214725631, "city_id": 10860, "country_iso": "CHN"}, {"h3index": "8740824daffffff", "population_2015": 207.91616233002904, "total_built_mass_tons": 106646.5259494611, "city_id": 10860, "country_iso": "CHN"}, {"h3index": "8740824f0ffffff", "population_2015": 1019.3398598166071, "total_built_mass_tons": 510116.1711366328, "city_id": 10860, "country_iso": "CHN"}, {"h3index": "8740824f2ffffff", "population_2015": 264.65561292311725, "total_built_mass_tons": 305767.6724673819, "city_id": 10860, "country_iso": "CHN"}, {"h3index": "8740824f6ffffff", "population_2015": 4345.050187814001, "total_built_mass_tons": 2891108.3829657203, "city_id": 10860, "country_iso": "CHN"}, {"h3index": "874082598ffffff", "population_2015": 16.538780758427638, "total_built_mass_tons": 18890.813098704537, "city_id": 10860, "country_iso": "CHN"}, {"h3index": "874082599ffffff", "population_2015": 358.91139972350175, "total_built_mass_tons": 165947.96262298, "city_id": 10860, "country_iso": "CHN"}, {"h3index": "87408259affffff", "population_2015": 3276.4325174079218, "total_built_mass_tons": 1680462.106621405, "city_id": 10860, "country_iso": "CHN"}, {"h3index": "87408259bffffff", "population_2015": 8358.775856781005, "total_built_mass_tons": 2256961.642634608, "city_id": 10860, "country_iso": "CHN"}, {"h3index": "874091808ffffff", "population_2015": 556.8271067226634, "total_built_mass_tons": 121507.32779212676, "city_id": 10860, "country_iso": "CHN"}, {"h3index": "874091809ffffff", "population_2015": 3825.4816472904354, "total_built_mass_tons": 635696.6727910574, "city_id": 10860, "country_iso": "CHN"}, {"h3index": "87409180bffffff", "population_2015": 365.8820828540652, "total_built_mass_tons": 122667.23790092068, "city_id": 10860, "country_iso": "CHN"}, {"h3index": "87409180cffffff", "population_2015": 506.74287966933906, "total_built_mass_tons": 388162.0266810446, "city_id": 10860, "country_iso": "CHN"}, {"h3index": "87409180dffffff", "population_2015": 2847.202468111001, "total_built_mass_tons": 1314615.3969607127, "city_id": 10860, "country_iso": "CHN"}, {"h3index": "87409180effffff", "population_2015": 4.032999891393325, "total_built_mass_tons": 2215.466857337969, "city_id": 10860, "country_iso": "CHN"}, {"h3index": "87409182bffffff", "population_2015": 145.81527928371054, "total_built_mass_tons": 123141.66865131982, "city_id": 10860, "country_iso": "CHN"}, {"h3index": "874091841ffffff", "population_2015": 559.8531894029355, "total_built_mass_tons": 153641.8965032602, "city_id": 10860, "country_iso": "CHN"}, {"h3index": "874091844ffffff", "population_2015": 11139.429391783358, "total_built_mass_tons": 1755804.8272407572, "city_id": 10860, "country_iso": "CHN"}, {"h3index": "874091845ffffff", "population_2015": 2725.172956857494, "total_built_mass_tons": 711587.4569784016, "city_id": 10860, "country_iso": "CHN"}, {"h3index": "874091846ffffff", "population_2015": 237.4795732348573, "total_built_mass_tons": 53613.53941905378, "city_id": 10860, "country_iso": "CHN"}, {"h3index": "874091848ffffff", "population_2015": 693.6075727836758, "total_built_mass_tons": 345064.45682186633, "city_id": 10860, "country_iso": "CHN"}, {"h3index": "874091849ffffff", "population_2015": 129.9721284305348, "total_built_mass_tons": 55946.0543480319, "city_id": 10860, "country_iso": "CHN"}, {"h3index": "87409184cffffff", "population_2015": 479.7183648894815, "total_built_mass_tons": 347297.3237458605, "city_id": 10860, "country_iso": "CHN"}, {"h3index": "87409184dffffff", "population_2015": 2311.57059913149, "total_built_mass_tons": 516514.44692398806, "city_id": 10860, "country_iso": "CHN"}, {"h3index": "874091854ffffff", "population_2015": 223.63648687250475, "total_built_mass_tons": 54409.95801701995, "city_id": 10860, "country_iso": "CHN"}, {"h3index": "874091860ffffff", "population_2015": 9190.88843784426, "total_built_mass_tons": 3570959.4331498854, "city_id": 10860, "country_iso": "CHN"}, {"h3index": "874091861ffffff", "population_2015": 12660.567989375542, "total_built_mass_tons": 4803592.734884619, "city_id": 10860, "country_iso": "CHN"}, {"h3index": "874091862ffffff", "population_2015": 6514.828845301797, "total_built_mass_tons": 2370246.1127401646, "city_id": 10860, "country_iso": "CHN"}, {"h3index": "874091863ffffff", "population_2015": 10653.17254926831, "total_built_mass_tons": 2463772.1572117107, "city_id": 10860, "country_iso": "CHN"}, {"h3index": "874091864ffffff", "population_2015": 90.1985632354138, "total_built_mass_tons": 68593.96536109349, "city_id": 10860, "country_iso": "CHN"}, {"h3index": "874091865ffffff", "population_2015": 3494.1331387005594, "total_built_mass_tons": 2438174.0258371267, "city_id": 10860, "country_iso": "CHN"}, {"h3index": "874091866ffffff", "population_2015": 208.25156862408508, "total_built_mass_tons": 85890.94422606762, "city_id": 10860, "country_iso": "CHN"}, {"h3index": "874091868ffffff", "population_2015": 4480.003307795994, "total_built_mass_tons": 1716758.5174275036, "city_id": 10860, "country_iso": "CHN"}, {"h3index": "874091869ffffff", "population_2015": 17190.393852197423, "total_built_mass_tons": 3259919.779109342, "city_id": 10860, "country_iso": "CHN"}, {"h3index": "87409186affffff", "population_2015": 3653.01958956438, "total_built_mass_tons": 847431.970152213, "city_id": 10860, "country_iso": "CHN"}, {"h3index": "87409186bffffff", "population_2015": 3011.734713047626, "total_built_mass_tons": 1810333.217364449, "city_id": 10860, "country_iso": "CHN"}, {"h3index": "87409186cffffff", "population_2015": 22506.69420831344, "total_built_mass_tons": 5577249.260610156, "city_id": 10860, "country_iso": "CHN"}, {"h3index": "87409186dffffff", "population_2015": 15141.913277740108, "total_built_mass_tons": 5062236.751164848, "city_id": 10860, "country_iso": "CHN"}, {"h3index": "87409186effffff", "population_2015": 13609.18452474744, "total_built_mass_tons": 3402677.0376442624, "city_id": 10860, "country_iso": "CHN"}, {"h3index": "874091870ffffff", "population_2015": 539.9203653092476, "total_built_mass_tons": 522116.80636730377, "city_id": 10860, "country_iso": "CHN"}, {"h3index": "874091871ffffff", "population_2015": 3189.3014644389064, "total_built_mass_tons": 1580866.6271982847, "city_id": 10860, "country_iso": "CHN"}, {"h3index": "874091872ffffff", "population_2015": 9158.429941782297, "total_built_mass_tons": 1460101.057121115, "city_id": 10860, "country_iso": "CHN"}, {"h3index": "874091873ffffff", "population_2015": 2923.170573529075, "total_built_mass_tons": 815238.2161364536, "city_id": 10860, "country_iso": "CHN"}, {"h3index": "874091875ffffff", "population_2015": 191.2487553671295, "total_built_mass_tons": 137876.09584677248, "city_id": 10860, "country_iso": "CHN"}, {"h3index": "874091876ffffff", "population_2015": 467.83599632768056, "total_built_mass_tons": 394041.3994842493, "city_id": 10860, "country_iso": "CHN"}, {"h3index": "874091949ffffff", "population_2015": 788.1472459732319, "total_built_mass_tons": 800409.1967840544, "city_id": 10860, "country_iso": "CHN"}, {"h3index": "87409194bffffff", "population_2015": 400.804556579216, "total_built_mass_tons": 486598.8535148757, "city_id": 10860, "country_iso": "CHN"}, {"h3index": "87409194dffffff", "population_2015": 7.884862271477195, "total_built_mass_tons": 4683.694036737745, "city_id": 10860, "country_iso": "CHN"}, {"h3index": "874091968ffffff", "population_2015": 623.5796230933246, "total_built_mass_tons": 362306.33720693865, "city_id": 10860, "country_iso": "CHN"}, {"h3index": "874091969ffffff", "population_2015": 197.8837219976911, "total_built_mass_tons": 174569.11728962843, "city_id": 10860, "country_iso": "CHN"}, {"h3index": "87409196dffffff", "population_2015": 1617.1514757156376, "total_built_mass_tons": 741175.0380971791, "city_id": 10860, "country_iso": "CHN"}, {"h3index": "874091b04ffffff", "population_2015": 135.49801152266707, "total_built_mass_tons": 149968.93714149692, "city_id": 10860, "country_iso": "CHN"}, {"h3index": "874091b06ffffff", "population_2015": 2856.468362911075, "total_built_mass_tons": 1361659.8753012265, "city_id": 10860, "country_iso": "CHN"}, {"h3index": "874091b10ffffff", "population_2015": 5.2640630665947405, "total_built_mass_tons": 3569.97939633492, "city_id": 10860, "country_iso": "CHN"}, {"h3index": "874091b14ffffff", "population_2015": 1523.4792110545964, "total_built_mass_tons": 926665.9205017196, "city_id": 10860, "country_iso": "CHN"}, {"h3index": "874091b15ffffff", "population_2015": 2079.03787815337, "total_built_mass_tons": 1316795.2548455372, "city_id": 10860, "country_iso": "CHN"}, {"h3index": "874091b20ffffff", "population_2015": 7254.572229046916, "total_built_mass_tons": 6206112.203642566, "city_id": 10860, "country_iso": "CHN"}, {"h3index": "874091b21ffffff", "population_2015": 10030.884879662948, "total_built_mass_tons": 3324315.8805984207, "city_id": 10860, "country_iso": "CHN"}, {"h3index": "874091b22ffffff", "population_2015": 14241.684578934835, "total_built_mass_tons": 2919675.4629292856, "city_id": 10860, "country_iso": "CHN"}, {"h3index": "874091b23ffffff", "population_2015": 3408.392188676199, "total_built_mass_tons": 1442706.9172880251, "city_id": 10860, "country_iso": "CHN"}, {"h3index": "874091b24ffffff", "population_2015": 59548.65020394419, "total_built_mass_tons": 8619201.41023871, "city_id": 10860, "country_iso": "CHN"}, {"h3index": "874091b25ffffff", "population_2015": 27081.870309474416, "total_built_mass_tons": 4635629.740694018, "city_id": 10860, "country_iso": "CHN"}, {"h3index": "874091b26ffffff", "population_2015": 15852.173560897982, "total_built_mass_tons": 6312579.804292988, "city_id": 10860, "country_iso": "CHN"}, {"h3index": "874091b28ffffff", "population_2015": 673.8371033088833, "total_built_mass_tons": 310799.14365747327, "city_id": 10860, "country_iso": "CHN"}, {"h3index": "874091b2cffffff", "population_2015": 11280.889302971787, "total_built_mass_tons": 4405739.531260803, "city_id": 10860, "country_iso": "CHN"}, {"h3index": "874091b2dffffff", "population_2015": 2958.0041491723528, "total_built_mass_tons": 1292024.088578742, "city_id": 10860, "country_iso": "CHN"}, {"h3index": "874091b2effffff", "population_2015": 1176.8116398970285, "total_built_mass_tons": 430280.8432112223, "city_id": 10860, "country_iso": "CHN"}, {"h3index": "874091b30ffffff", "population_2015": 7945.580011880164, "total_built_mass_tons": 1190340.8980798577, "city_id": 10860, "country_iso": "CHN"}, {"h3index": "874091b31ffffff", "population_2015": 3302.5328321671955, "total_built_mass_tons": 834981.8790018891, "city_id": 10860, "country_iso": "CHN"}, {"h3index": "874091b32ffffff", "population_2015": 6676.080238080492, "total_built_mass_tons": 1006726.733353874, "city_id": 10860, "country_iso": "CHN"}, {"h3index": "874091b33ffffff", "population_2015": 6070.124439295597, "total_built_mass_tons": 2642598.763812142, "city_id": 10860, "country_iso": "CHN"}, {"h3index": "874091b34ffffff", "population_2015": 15529.028524410029, "total_built_mass_tons": 4058552.361000904, "city_id": 10860, "country_iso": "CHN"}, {"h3index": "874091b35ffffff", "population_2015": 37137.99460575254, "total_built_mass_tons": 3548254.00943474, "city_id": 10860, "country_iso": "CHN"}, {"h3index": "874091b36ffffff", "population_2015": 9680.131052447296, "total_built_mass_tons": 2184948.2845243188, "city_id": 10860, "country_iso": "CHN"}]