[{"h3index": "874183149ffffff", "population_2015": 18866.74043877359, "total_built_mass_tons": 2659980.256154178, "city_id": 12105, "country_iso": "CHN"}, {"h3index": "87418314bffffff", "population_2015": 95.52722611520804, "total_built_mass_tons": 59759.154198255215, "city_id": 12105, "country_iso": "CHN"}, {"h3index": "87418314dffffff", "population_2015": 176.36784308938422, "total_built_mass_tons": 235314.4769374574, "city_id": 12105, "country_iso": "CHN"}, {"h3index": "874183a82ffffff", "population_2015": 1583.290543578653, "total_built_mass_tons": 467569.06019452936, "city_id": 12105, "country_iso": "CHN"}, {"h3index": "874183a90ffffff", "population_2015": 1655.7125717901718, "total_built_mass_tons": 758732.9422655373, "city_id": 12105, "country_iso": "CHN"}, {"h3index": "874183a91ffffff", "population_2015": 297.02285343525455, "total_built_mass_tons": 597867.6166062558, "city_id": 12105, "country_iso": "CHN"}, {"h3index": "874183a94ffffff", "population_2015": 21865.610504853492, "total_built_mass_tons": 6613504.073425274, "city_id": 12105, "country_iso": "CHN"}, {"h3index": "874183a95ffffff", "population_2015": 6517.265859198101, "total_built_mass_tons": 2076882.521936717, "city_id": 12105, "country_iso": "CHN"}, {"h3index": "874183a96ffffff", "population_2015": 1611.5717985190597, "total_built_mass_tons": 507624.4269350739, "city_id": 12105, "country_iso": "CHN"}, {"h3index": "874183ab0ffffff", "population_2015": 352.49808883947475, "total_built_mass_tons": 431996.4679597432, "city_id": 12105, "country_iso": "CHN"}, {"h3index": "874183ab2ffffff", "population_2015": 13268.145819062813, "total_built_mass_tons": 3977272.115641233, "city_id": 12105, "country_iso": "CHN"}, {"h3index": "874183ab3ffffff", "population_2015": 2821.8280636469517, "total_built_mass_tons": 1244149.4309855497, "city_id": 12105, "country_iso": "CHN"}, {"h3index": "874183ab6ffffff", "population_2015": 139.79782221925024, "total_built_mass_tons": 159180.04448330856, "city_id": 12105, "country_iso": "CHN"}]