[{"h3index": "871e7484affffff", "population_2015": 2676.922554743991, "total_built_mass_tons": 1426892.5538653969, "city_id": 3375, "country_iso": "UKR"}, {"h3index": "871e74853ffffff", "population_2015": 374.9666893080169, "total_built_mass_tons": 107200.32704686682, "city_id": 3375, "country_iso": "UKR"}, {"h3index": "871e74858ffffff", "population_2015": 8910.78421683966, "total_built_mass_tons": 2126041.734988712, "city_id": 3375, "country_iso": "UKR"}, {"h3index": "871e74859ffffff", "population_2015": 17153.43768820669, "total_built_mass_tons": 4205499.062302454, "city_id": 3375, "country_iso": "UKR"}, {"h3index": "871e7485affffff", "population_2015": 11370.054970334557, "total_built_mass_tons": 3367217.320845308, "city_id": 3375, "country_iso": "UKR"}, {"h3index": "871e7485bffffff", "population_2015": 13924.353545645165, "total_built_mass_tons": 4409241.034098486, "city_id": 3375, "country_iso": "UKR"}, {"h3index": "871e7485cffffff", "population_2015": 90.07435008404302, "total_built_mass_tons": 22739.65546791884, "city_id": 3375, "country_iso": "UKR"}, {"h3index": "871e7485dffffff", "population_2015": 6309.515199923048, "total_built_mass_tons": 1697979.1570600702, "city_id": 3375, "country_iso": "UKR"}, {"h3index": "871e7485effffff", "population_2015": 940.0834441914276, "total_built_mass_tons": 264497.8721955285, "city_id": 3375, "country_iso": "UKR"}, {"h3index": "871e748cdffffff", "population_2015": 749.4376801322488, "total_built_mass_tons": 813620.3927832703, "city_id": 3375, "country_iso": "UKR"}, {"h3index": "871e748e8ffffff", "population_2015": 589.4288828008314, "total_built_mass_tons": 245831.49511858964, "city_id": 3375, "country_iso": "UKR"}, {"h3index": "871e748e9ffffff", "population_2015": 10306.681654184476, "total_built_mass_tons": 2663041.1792330025, "city_id": 3375, "country_iso": "UKR"}, {"h3index": "871e748ebffffff", "population_2015": 130.82090324888046, "total_built_mass_tons": 217784.43038565165, "city_id": 3375, "country_iso": "UKR"}, {"h3index": "871e748ecffffff", "population_2015": 205.39602695913877, "total_built_mass_tons": 56617.33950498245, "city_id": 3375, "country_iso": "UKR"}, {"h3index": "871e748edffffff", "population_2015": 5376.665551933588, "total_built_mass_tons": 1318876.7867292902, "city_id": 3375, "country_iso": "UKR"}, {"h3index": "871e74ba0ffffff", "population_2015": 1037.0191260431325, "total_built_mass_tons": 280667.379172859, "city_id": 3375, "country_iso": "UKR"}, {"h3index": "871e74ba2ffffff", "population_2015": 333.4181655547198, "total_built_mass_tons": 73845.42112161717, "city_id": 3375, "country_iso": "UKR"}, {"h3index": "871e74ba4ffffff", "population_2015": 4014.9369388767313, "total_built_mass_tons": 1139704.359589896, "city_id": 3375, "country_iso": "UKR"}, {"h3index": "871e74ba6ffffff", "population_2015": 15480.971157941623, "total_built_mass_tons": 3658336.466187312, "city_id": 3375, "country_iso": "UKR"}, {"h3index": "871e74bb1ffffff", "population_2015": 12.78671080084408, "total_built_mass_tons": 21463.65880919324, "city_id": 3375, "country_iso": "UKR"}, {"h3index": "871e74bb2ffffff", "population_2015": 304.7923094263265, "total_built_mass_tons": 657712.4449848242, "city_id": 3375, "country_iso": "UKR"}, {"h3index": "871e74bb4ffffff", "population_2015": 2579.362292440733, "total_built_mass_tons": 667513.0946068093, "city_id": 3375, "country_iso": "UKR"}, {"h3index": "871e74bb5ffffff", "population_2015": 4383.601131291014, "total_built_mass_tons": 2132519.519246847, "city_id": 3375, "country_iso": "UKR"}, {"h3index": "871e74bb6ffffff", "population_2015": 6513.742737348876, "total_built_mass_tons": 1939101.8893400105, "city_id": 3375, "country_iso": "UKR"}]