[{"h3index": "872e60484ffffff", "population_2015": 4970.447781648823, "total_built_mass_tons": 2039676.6926847624, "city_id": 12918, "country_iso": "JPN"}, {"h3index": "872e60485ffffff", "population_2015": 268.8722112477994, "total_built_mass_tons": 220194.4547586032, "city_id": 12918, "country_iso": "JPN"}, {"h3index": "872e604a0ffffff", "population_2015": 3261.278866339665, "total_built_mass_tons": 1064842.4939344267, "city_id": 12918, "country_iso": "JPN"}, {"h3index": "872e604a2ffffff", "population_2015": 9819.485438264584, "total_built_mass_tons": 3581970.316631791, "city_id": 12918, "country_iso": "JPN"}, {"h3index": "872e604a3ffffff", "population_2015": 2947.6535729511115, "total_built_mass_tons": 1656503.572448216, "city_id": 12918, "country_iso": "JPN"}, {"h3index": "872e604a4ffffff", "population_2015": 236.8129190762838, "total_built_mass_tons": 150198.6175302866, "city_id": 12918, "country_iso": "JPN"}, {"h3index": "872e604a6ffffff", "population_2015": 8425.88604484633, "total_built_mass_tons": 3562921.900779404, "city_id": 12918, "country_iso": "JPN"}, {"h3index": "872e604aeffffff", "population_2015": 208.09554588186975, "total_built_mass_tons": 200333.51238930007, "city_id": 12918, "country_iso": "JPN"}, {"h3index": "872e604b0ffffff", "population_2015": 1534.8548150698346, "total_built_mass_tons": 660564.6875800254, "city_id": 12918, "country_iso": "JPN"}, {"h3index": "872e604b1ffffff", "population_2015": 2976.899641942042, "total_built_mass_tons": 1667944.522308839, "city_id": 12918, "country_iso": "JPN"}, {"h3index": "872e604b4ffffff", "population_2015": 1607.5723590317891, "total_built_mass_tons": 793819.989309145, "city_id": 12918, "country_iso": "JPN"}, {"h3index": "872e604b5ffffff", "population_2015": 8050.646092508352, "total_built_mass_tons": 2890964.855681964, "city_id": 12918, "country_iso": "JPN"}, {"h3index": "872e60599ffffff", "population_2015": 2175.304301215153, "total_built_mass_tons": 1400895.1374033936, "city_id": 12918, "country_iso": "JPN"}, {"h3index": "872e6059affffff", "population_2015": 655.1495197875826, "total_built_mass_tons": 374391.451234038, "city_id": 12918, "country_iso": "JPN"}, {"h3index": "872e6059bffffff", "population_2015": 9394.844840756588, "total_built_mass_tons": 3430773.7178423693, "city_id": 12918, "country_iso": "JPN"}, {"h3index": "872e62969ffffff", "population_2015": 4.352241863923914, "total_built_mass_tons": 3816.8213713963287, "city_id": 12918, "country_iso": "JPN"}]