[{"h3index":"875882248ffffff","population_2015":592.2030881657,"total_built_mass_tons":208281.4309910097,"city_id":2175,"country_iso":"NGA"},{"h3index":"875882249ffffff","population_2015":10045.448840807,"total_built_mass_tons":2480477.05677565,"city_id":2175,"country_iso":"NGA"},{"h3index":"87588224bffffff","population_2015":5275.2718460981,"total_built_mass_tons":1252490.314183386,"city_id":2175,"country_iso":"NGA"},{"h3index":"87588224dffffff","population_2015":764.7131716336,"total_built_mass_tons":233059.9984901871,"city_id":2175,"country_iso":"NGA"},{"h3index":"875882259ffffff","population_2015":21.8268425175,"total_built_mass_tons":6809.6373241988,"city_id":2175,"country_iso":"NGA"},{"h3index":"875883510ffffff","population_2015":907.2391813016,"total_built_mass_tons":199045.870447302,"city_id":2175,"country_iso":"NGA"},{"h3index":"875883512ffffff","population_2015":387.8024902961,"total_built_mass_tons":146018.9410731145,"city_id":2175,"country_iso":"NGA"},{"h3index":"875883514ffffff","population_2015":7385.1350326388,"total_built_mass_tons":1708183.2519786358,"city_id":2175,"country_iso":"NGA"},{"h3index":"875883516ffffff","population_2015":10342.4015971651,"total_built_mass_tons":2487713.3934450764,"city_id":2175,"country_iso":"NGA"},{"h3index":"875883532ffffff","population_2015":1524.8957888585,"total_built_mass_tons":495554.3389728003,"city_id":2175,"country_iso":"NGA"},{"h3index":"875883533ffffff","population_2015":554.7212298075,"total_built_mass_tons":147485.1376149013,"city_id":2175,"country_iso":"NGA"},{"h3index":"8758835a4ffffff","population_2015":1639.3992252873,"total_built_mass_tons":454028.7390533159,"city_id":2175,"country_iso":"NGA"},{"h3index":"8758835a5ffffff","population_2015":1739.7476208668,"total_built_mass_tons":329180.6281635839,"city_id":2175,"country_iso":"NGA"}]