[{"h3index": "874cd5849ffffff", "population_2015": 11040.592344553328, "total_built_mass_tons": 1052063.7009599388, "city_id": 839, "country_iso": "DOM"}, {"h3index": "874cd584bffffff", "population_2015": 917.846841056674, "total_built_mass_tons": 240717.17775002407, "city_id": 839, "country_iso": "DOM"}, {"h3index": "874cd5b00ffffff", "population_2015": 677.420602798462, "total_built_mass_tons": 110950.52813932658, "city_id": 839, "country_iso": "DOM"}, {"h3index": "874cd5b01ffffff", "population_2015": 275.51169935488235, "total_built_mass_tons": 39742.43207082324, "city_id": 839, "country_iso": "DOM"}, {"h3index": "874cd5b02ffffff", "population_2015": 13144.139304643511, "total_built_mass_tons": 2128731.978165711, "city_id": 839, "country_iso": "DOM"}, {"h3index": "874cd5b03ffffff", "population_2015": 769.6265534868429, "total_built_mass_tons": 121850.81333584122, "city_id": 839, "country_iso": "DOM"}, {"h3index": "874cd5b06ffffff", "population_2015": 6052.744574041929, "total_built_mass_tons": 980773.2138724657, "city_id": 839, "country_iso": "DOM"}, {"h3index": "874cd5b10ffffff", "population_2015": 9670.938862303188, "total_built_mass_tons": 924910.2685344276, "city_id": 839, "country_iso": "DOM"}, {"h3index": "874cd5b11ffffff", "population_2015": 6424.83223767, "total_built_mass_tons": 938134.8553404288, "city_id": 839, "country_iso": "DOM"}, {"h3index": "874cd5b13ffffff", "population_2015": 1178.8534386859224, "total_built_mass_tons": 193102.71278453837, "city_id": 839, "country_iso": "DOM"}, {"h3index": "874cd5b14ffffff", "population_2015": 16644.972282821054, "total_built_mass_tons": 1504781.4235196214, "city_id": 839, "country_iso": "DOM"}, {"h3index": "874cd5b15ffffff", "population_2015": 15164.116192537198, "total_built_mass_tons": 2485285.153378466, "city_id": 839, "country_iso": "DOM"}, {"h3index": "874cd5b16ffffff", "population_2015": 13507.433385288012, "total_built_mass_tons": 1179782.1711707215, "city_id": 839, "country_iso": "DOM"}, {"h3index": "874cd5b1cffffff", "population_2015": 1125.108078990263, "total_built_mass_tons": 154679.5329550215, "city_id": 839, "country_iso": "DOM"}, {"h3index": "874cd5b1effffff", "population_2015": 308.8540302201813, "total_built_mass_tons": 53331.84058482966, "city_id": 839, "country_iso": "DOM"}, {"h3index": "874cd5b32ffffff", "population_2015": 410.6153375363817, "total_built_mass_tons": 26461.94488381983, "city_id": 839, "country_iso": "DOM"}, {"h3index": "874cd5b33ffffff", "population_2015": 721.8330776513791, "total_built_mass_tons": 122675.5389646639, "city_id": 839, "country_iso": "DOM"}, {"h3index": "874cd5ba5ffffff", "population_2015": 13.558047275917202, "total_built_mass_tons": 8874.494718826976, "city_id": 839, "country_iso": "DOM"}, {"h3index": "874cd5bacffffff", "population_2015": 13.76924102633607, "total_built_mass_tons": 7794.749430814032, "city_id": 839, "country_iso": "DOM"}, {"h3index": "874cd5badffffff", "population_2015": 483.9189385077532, "total_built_mass_tons": 156488.85418635444, "city_id": 839, "country_iso": "DOM"}]