[{"h3index":"8746482caffffff","population_2015":911.0136985106,"total_built_mass_tons":227018.1760924439,"city_id":1,"country_iso":"USA"},{"h3index":"8746482d0ffffff","population_2015":998.9231983573,"total_built_mass_tons":185583.9969351075,"city_id":1,"country_iso":"USA"},{"h3index":"8746482d1ffffff","population_2015":2272.9391269801,"total_built_mass_tons":404645.194244233,"city_id":1,"country_iso":"USA"},{"h3index":"8746482d2ffffff","population_2015":3735.634073987,"total_built_mass_tons":543061.9342859256,"city_id":1,"country_iso":"USA"},{"h3index":"8746482d3ffffff","population_2015":17396.2643361782,"total_built_mass_tons":2379671.1878826288,"city_id":1,"country_iso":"USA"},{"h3index":"8746482d8ffffff","population_2015":10711.8238674635,"total_built_mass_tons":1651051.9514867959,"city_id":1,"country_iso":"USA"},{"h3index":"8746482d9ffffff","population_2015":11026.646179004,"total_built_mass_tons":2093315.9764705424,"city_id":1,"country_iso":"USA"},{"h3index":"8746482daffffff","population_2015":1762.7242107073,"total_built_mass_tons":520127.0556728528,"city_id":1,"country_iso":"USA"},{"h3index":"8746482dbffffff","population_2015":1022.5140609073,"total_built_mass_tons":780021.2473199029,"city_id":1,"country_iso":"USA"},{"h3index":"8746482dcffffff","population_2015":10363.3802671186,"total_built_mass_tons":2214400.6472528283,"city_id":1,"country_iso":"USA"},{"h3index":"8746482ddffffff","population_2015":2934.2044481806,"total_built_mass_tons":381817.8233819863,"city_id":1,"country_iso":"USA"},{"h3index":"8746482deffffff","population_2015":6731.1576383098,"total_built_mass_tons":1582839.6619139106,"city_id":1,"country_iso":"USA"},{"h3index":"874649484ffffff","population_2015":163.8773630117,"total_built_mass_tons":81662.9772025427,"city_id":1,"country_iso":"USA"},{"h3index":"8746494a2ffffff","population_2015":3423.8902785304,"total_built_mass_tons":1173628.9466263684,"city_id":1,"country_iso":"USA"},{"h3index":"8746494a3ffffff","population_2015":1263.1824909939,"total_built_mass_tons":422443.4585199829,"city_id":1,"country_iso":"USA"},{"h3index":"8746494b0ffffff","population_2015":18937.4919546678,"total_built_mass_tons":3687851.860568603,"city_id":1,"country_iso":"USA"},{"h3index":"8746494b1ffffff","population_2015":3744.7478202637,"total_built_mass_tons":1355408.4929413537,"city_id":1,"country_iso":"USA"},{"h3index":"8746494b2ffffff","population_2015":5570.4185792016,"total_built_mass_tons":890192.8508262978,"city_id":1,"country_iso":"USA"},{"h3index":"8746494b3ffffff","population_2015":2735.0169522245,"total_built_mass_tons":1022182.597992125,"city_id":1,"country_iso":"USA"},{"h3index":"8746494b4ffffff","population_2015":10308.2828801718,"total_built_mass_tons":1533572.9944375604,"city_id":1,"country_iso":"USA"},{"h3index":"8746494b5ffffff","population_2015":1454.2969140745,"total_built_mass_tons":286051.2857281356,"city_id":1,"country_iso":"USA"},{"h3index":"8746494b6ffffff","population_2015":40914.1201124697,"total_built_mass_tons":4581636.8508182112,"city_id":1,"country_iso":"USA"},{"h3index":"874649592ffffff","population_2015":2000.3058600033,"total_built_mass_tons":228350.3578336302,"city_id":1,"country_iso":"USA"},{"h3index":"87464959affffff","population_2015":2997.1046037164,"total_built_mass_tons":589453.044066513,"city_id":1,"country_iso":"USA"},{"h3index":"87464959bffffff","population_2015":444.1192400577,"total_built_mass_tons":66511.1408235613,"city_id":1,"country_iso":"USA"},{"h3index":"87464b921ffffff","population_2015":284.9761517226,"total_built_mass_tons":59324.5984703371,"city_id":1,"country_iso":"USA"},{"h3index":"87464b928ffffff","population_2015":1363.3047957644,"total_built_mass_tons":171844.8108163795,"city_id":1,"country_iso":"USA"},{"h3index":"87464b92cffffff","population_2015":18747.9999032178,"total_built_mass_tons":2679177.2384044281,"city_id":1,"country_iso":"USA"},{"h3index":"87464b92dffffff","population_2015":7486.8178759431,"total_built_mass_tons":1214957.6520228158,"city_id":1,"country_iso":"USA"},{"h3index":"87464b92effffff","population_2015":9.1375712175,"total_built_mass_tons":4180.3243157491,"city_id":1,"country_iso":"USA"},{"h3index":"87464b944ffffff","population_2015":563.6828111855,"total_built_mass_tons":909107.9980706412,"city_id":1,"country_iso":"USA"},{"h3index":"87464b945ffffff","population_2015":17.7828297935,"total_built_mass_tons":891216.0489562234,"city_id":1,"country_iso":"USA"},{"h3index":"87464b94dffffff","population_2015":197.4272714662,"total_built_mass_tons":431322.9830946907,"city_id":1,"country_iso":"USA"},{"h3index":"87464b960ffffff","population_2015":17285.6743273699,"total_built_mass_tons":2191779.7855456872,"city_id":1,"country_iso":"USA"},{"h3index":"87464b961ffffff","population_2015":18101.5662910219,"total_built_mass_tons":1847933.1615134145,"city_id":1,"country_iso":"USA"},{"h3index":"87464b962ffffff","population_2015":5004.3295268445,"total_built_mass_tons":2920330.9691224517,"city_id":1,"country_iso":"USA"},{"h3index":"87464b963ffffff","population_2015":3097.9324948275,"total_built_mass_tons":3003551.4474444687,"city_id":1,"country_iso":"USA"},{"h3index":"87464b964ffffff","population_2015":5846.8296116364,"total_built_mass_tons":1595449.4317738337,"city_id":1,"country_iso":"USA"},{"h3index":"87464b965ffffff","population_2015":428.4641859527,"total_built_mass_tons":349199.9919349339,"city_id":1,"country_iso":"USA"},{"h3index":"87464b966ffffff","population_2015":15049.1675007401,"total_built_mass_tons":2967159.4417234999,"city_id":1,"country_iso":"USA"},{"h3index":"87464b968ffffff","population_2015":32901.9113973002,"total_built_mass_tons":3543326.5569964075,"city_id":1,"country_iso":"USA"},{"h3index":"87464b969ffffff","population_2015":14802.86634647,"total_built_mass_tons":2037233.3060951475,"city_id":1,"country_iso":"USA"},{"h3index":"87464b96affffff","population_2015":5464.9377796369,"total_built_mass_tons":2414985.7498523458,"city_id":1,"country_iso":"USA"},{"h3index":"87464b96bffffff","population_2015":38594.0365057344,"total_built_mass_tons":4235391.6810254194,"city_id":1,"country_iso":"USA"},{"h3index":"87464b96cffffff","population_2015":14323.2519892534,"total_built_mass_tons":2004893.0876829911,"city_id":1,"country_iso":"USA"},{"h3index":"87464b96dffffff","population_2015":1485.8889883958,"total_built_mass_tons":328438.3627033132,"city_id":1,"country_iso":"USA"},{"h3index":"87464b96effffff","population_2015":26001.9396704685,"total_built_mass_tons":3923634.188525639,"city_id":1,"country_iso":"USA"},{"h3index":"87464b971ffffff","population_2015":4.0532640569,"total_built_mass_tons":384438.2638679738,"city_id":1,"country_iso":"USA"},{"h3index":"87464b974ffffff","population_2015":245.4765035587,"total_built_mass_tons":719074.613958752,"city_id":1,"country_iso":"USA"},{"h3index":"87464b975ffffff","population_2015":4988.5608047963,"total_built_mass_tons":2539117.4668730795,"city_id":1,"country_iso":"USA"}]