[{"h3index":"876482134ffffff","population_2015":280.3178444918,"total_built_mass_tons":217216.6259485846,"city_id":10385,"country_iso":"THA"},{"h3index":"876482136ffffff","population_2015":1941.6172808254,"total_built_mass_tons":701219.3737455858,"city_id":10385,"country_iso":"THA"},{"h3index":"876482883ffffff","population_2015":314.8382144891,"total_built_mass_tons":198705.6748996419,"city_id":10385,"country_iso":"THA"},{"h3index":"876482888ffffff","population_2015":2302.0867090618,"total_built_mass_tons":1156953.8268987052,"city_id":10385,"country_iso":"THA"},{"h3index":"87648288affffff","population_2015":869.1267456522,"total_built_mass_tons":230852.6494671965,"city_id":10385,"country_iso":"THA"},{"h3index":"87648288cffffff","population_2015":962.6450547817,"total_built_mass_tons":660381.2994934611,"city_id":10385,"country_iso":"THA"},{"h3index":"87648288dffffff","population_2015":161.1593515677,"total_built_mass_tons":106826.9910264807,"city_id":10385,"country_iso":"THA"},{"h3index":"87648288effffff","population_2015":1666.4611154351,"total_built_mass_tons":803251.4023903972,"city_id":10385,"country_iso":"THA"},{"h3index":"876482890ffffff","population_2015":5101.8467847244,"total_built_mass_tons":1723314.98397168,"city_id":10385,"country_iso":"THA"},{"h3index":"876482891ffffff","population_2015":1831.9448867199,"total_built_mass_tons":437571.0838224399,"city_id":10385,"country_iso":"THA"},{"h3index":"876482892ffffff","population_2015":8703.6385937298,"total_built_mass_tons":2082732.2921195517,"city_id":10385,"country_iso":"THA"},{"h3index":"876482893ffffff","population_2015":13131.9240451214,"total_built_mass_tons":3092663.9704632489,"city_id":10385,"country_iso":"THA"},{"h3index":"876482894ffffff","population_2015":625.1112193145,"total_built_mass_tons":342573.3074089523,"city_id":10385,"country_iso":"THA"},{"h3index":"876482895ffffff","population_2015":55.4054631925,"total_built_mass_tons":57894.3203681997,"city_id":10385,"country_iso":"THA"},{"h3index":"876482896ffffff","population_2015":6039.6380644929,"total_built_mass_tons":1396088.7590867754,"city_id":10385,"country_iso":"THA"},{"h3index":"876482898ffffff","population_2015":8229.8727543681,"total_built_mass_tons":2409278.9976304541,"city_id":10385,"country_iso":"THA"},{"h3index":"876482899ffffff","population_2015":2218.6270337946,"total_built_mass_tons":485954.4543182565,"city_id":10385,"country_iso":"THA"},{"h3index":"87648289affffff","population_2015":3393.9259972198,"total_built_mass_tons":912182.1992546954,"city_id":10385,"country_iso":"THA"},{"h3index":"87648289bffffff","population_2015":101.3291992973,"total_built_mass_tons":34341.9156467494,"city_id":10385,"country_iso":"THA"},{"h3index":"87648289cffffff","population_2015":2060.938722214,"total_built_mass_tons":916553.0306677928,"city_id":10385,"country_iso":"THA"},{"h3index":"87648289dffffff","population_2015":2971.9248593218,"total_built_mass_tons":1324045.1709163652,"city_id":10385,"country_iso":"THA"},{"h3index":"87648289effffff","population_2015":8661.6291704402,"total_built_mass_tons":2164812.5848258808,"city_id":10385,"country_iso":"THA"},{"h3index":"876482c40ffffff","population_2015":2979.1616566901,"total_built_mass_tons":1242279.8700718191,"city_id":10385,"country_iso":"THA"},{"h3index":"876482c41ffffff","population_2015":2201.859745078,"total_built_mass_tons":826070.4759117311,"city_id":10385,"country_iso":"THA"},{"h3index":"876482c43ffffff","population_2015":17.604113648,"total_built_mass_tons":9044.7477758387,"city_id":10385,"country_iso":"THA"},{"h3index":"876482c44ffffff","population_2015":3618.9051180896,"total_built_mass_tons":1450915.7841375708,"city_id":10385,"country_iso":"THA"},{"h3index":"876482c45ffffff","population_2015":7547.9481180846,"total_built_mass_tons":2862538.6435112515,"city_id":10385,"country_iso":"THA"},{"h3index":"876482c46ffffff","population_2015":702.5182232011,"total_built_mass_tons":414252.8843064322,"city_id":10385,"country_iso":"THA"},{"h3index":"876482c48ffffff","population_2015":2662.3747930938,"total_built_mass_tons":739667.4557073986,"city_id":10385,"country_iso":"THA"},{"h3index":"876482c4affffff","population_2015":253.3085381452,"total_built_mass_tons":82700.7487415399,"city_id":10385,"country_iso":"THA"},{"h3index":"876482c4cffffff","population_2015":5485.735116968,"total_built_mass_tons":1709519.4558015428,"city_id":10385,"country_iso":"THA"},{"h3index":"876482c4effffff","population_2015":741.8363177056,"total_built_mass_tons":470179.0078654517,"city_id":10385,"country_iso":"THA"},{"h3index":"876482c60ffffff","population_2015":1448.2777286483,"total_built_mass_tons":673733.3521060543,"city_id":10385,"country_iso":"THA"},{"h3index":"876482c61ffffff","population_2015":12204.2816883499,"total_built_mass_tons":2843464.4171101111,"city_id":10385,"country_iso":"THA"},{"h3index":"876482c62ffffff","population_2015":1832.0951228703,"total_built_mass_tons":762943.742575425,"city_id":10385,"country_iso":"THA"},{"h3index":"876482c63ffffff","population_2015":4523.0542872382,"total_built_mass_tons":1680296.7538953067,"city_id":10385,"country_iso":"THA"},{"h3index":"876482c64ffffff","population_2015":4464.4148171387,"total_built_mass_tons":1218504.1941631211,"city_id":10385,"country_iso":"THA"},{"h3index":"876482c65ffffff","population_2015":5445.4458424961,"total_built_mass_tons":1581062.9294599439,"city_id":10385,"country_iso":"THA"},{"h3index":"876482c66ffffff","population_2015":249.9023097132,"total_built_mass_tons":130943.2779606944,"city_id":10385,"country_iso":"THA"},{"h3index":"876482c68ffffff","population_2015":32159.5329150181,"total_built_mass_tons":5833347.4103131108,"city_id":10385,"country_iso":"THA"},{"h3index":"876482c69ffffff","population_2015":14395.993087619,"total_built_mass_tons":4484539.14953194,"city_id":10385,"country_iso":"THA"},{"h3index":"876482c6affffff","population_2015":8220.4316521458,"total_built_mass_tons":2307869.0440812344,"city_id":10385,"country_iso":"THA"},{"h3index":"876482c6bffffff","population_2015":12318.9537421133,"total_built_mass_tons":2393985.830601004,"city_id":10385,"country_iso":"THA"},{"h3index":"876482c6cffffff","population_2015":17891.8012417849,"total_built_mass_tons":4449314.778243429,"city_id":10385,"country_iso":"THA"},{"h3index":"876482c6dffffff","population_2015":22246.3618474175,"total_built_mass_tons":4964358.6365008736,"city_id":10385,"country_iso":"THA"},{"h3index":"876482c6effffff","population_2015":14618.9867784986,"total_built_mass_tons":3394376.6613845709,"city_id":10385,"country_iso":"THA"},{"h3index":"876482d49ffffff","population_2015":40.3943690019,"total_built_mass_tons":25771.8663951169,"city_id":10385,"country_iso":"THA"},{"h3index":"876482d4affffff","population_2015":1049.8715854813,"total_built_mass_tons":326451.2321303771,"city_id":10385,"country_iso":"THA"},{"h3index":"876482d4bffffff","population_2015":2780.5967815437,"total_built_mass_tons":900386.1146257666,"city_id":10385,"country_iso":"THA"},{"h3index":"876482d59ffffff","population_2015":94.8733982872,"total_built_mass_tons":22631.4573386892,"city_id":10385,"country_iso":"THA"}]