[{"h3index":"876481a80ffffff","population_2015":35.8631534689,"total_built_mass_tons":9256.9284242598,"city_id":10287,"country_iso":"MMR"},{"h3index":"876481a84ffffff","population_2015":5446.0085939314,"total_built_mass_tons":781851.5164650506,"city_id":10287,"country_iso":"MMR"},{"h3index":"876481a85ffffff","population_2015":465.4029453352,"total_built_mass_tons":99608.3138501909,"city_id":10287,"country_iso":"MMR"},{"h3index":"876481aa3ffffff","population_2015":102.2327586641,"total_built_mass_tons":29771.7901998721,"city_id":10287,"country_iso":"MMR"},{"h3index":"876481ab1ffffff","population_2015":26.3336367607,"total_built_mass_tons":6175.6519370862,"city_id":10287,"country_iso":"MMR"}]