[{"h3index": "87309d600ffffff", "population_2015": 1005.2397799202042, "total_built_mass_tons": 532548.6338744906, "city_id": 12372, "country_iso": "CHN"}, {"h3index": "87309d601ffffff", "population_2015": 12.6720845933054, "total_built_mass_tons": 10809.970679171256, "city_id": 12372, "country_iso": "CHN"}, {"h3index": "87309d602ffffff", "population_2015": 1067.5704302843878, "total_built_mass_tons": 315662.23059166095, "city_id": 12372, "country_iso": "CHN"}, {"h3index": "87309d603ffffff", "population_2015": 649.9254168033601, "total_built_mass_tons": 448568.4064737818, "city_id": 12372, "country_iso": "CHN"}, {"h3index": "87309d606ffffff", "population_2015": 2572.10189261904, "total_built_mass_tons": 1194221.1526188953, "city_id": 12372, "country_iso": "CHN"}, {"h3index": "87309d614ffffff", "population_2015": 994.0682221674452, "total_built_mass_tons": 752175.2304948173, "city_id": 12372, "country_iso": "CHN"}, {"h3index": "87309d615ffffff", "population_2015": 2727.051965903768, "total_built_mass_tons": 1011330.936752186, "city_id": 12372, "country_iso": "CHN"}, {"h3index": "87309d620ffffff", "population_2015": 274.60845074092646, "total_built_mass_tons": 196865.83661248023, "city_id": 12372, "country_iso": "CHN"}, {"h3index": "87309d622ffffff", "population_2015": 1287.674657422421, "total_built_mass_tons": 621248.8358501373, "city_id": 12372, "country_iso": "CHN"}, {"h3index": "87309d624ffffff", "population_2015": 320.97282539161984, "total_built_mass_tons": 158304.0315827219, "city_id": 12372, "country_iso": "CHN"}, {"h3index": "87309d626ffffff", "population_2015": 2351.1126064768027, "total_built_mass_tons": 1015995.57477994, "city_id": 12372, "country_iso": "CHN"}, {"h3index": "87309d630ffffff", "population_2015": 3866.4369559400234, "total_built_mass_tons": 1377645.8276061793, "city_id": 12372, "country_iso": "CHN"}, {"h3index": "87309d631ffffff", "population_2015": 8438.039832497578, "total_built_mass_tons": 1654966.894316554, "city_id": 12372, "country_iso": "CHN"}, {"h3index": "87309d632ffffff", "population_2015": 1759.178352187662, "total_built_mass_tons": 1302490.9772260936, "city_id": 12372, "country_iso": "CHN"}, {"h3index": "87309d633ffffff", "population_2015": 10958.060769935682, "total_built_mass_tons": 2536060.4821748193, "city_id": 12372, "country_iso": "CHN"}, {"h3index": "87309d634ffffff", "population_2015": 2720.6857583653696, "total_built_mass_tons": 1065865.4860912005, "city_id": 12372, "country_iso": "CHN"}, {"h3index": "87309d635ffffff", "population_2015": 847.8322394679575, "total_built_mass_tons": 476006.0160994876, "city_id": 12372, "country_iso": "CHN"}, {"h3index": "87309d636ffffff", "population_2015": 7992.463681092919, "total_built_mass_tons": 4052960.663499752, "city_id": 12372, "country_iso": "CHN"}, {"h3index": "87309d71affffff", "population_2015": 19.881208730211444, "total_built_mass_tons": 42941.305365442786, "city_id": 12372, "country_iso": "CHN"}, {"h3index": "87309d71bffffff", "population_2015": 93.11379853790882, "total_built_mass_tons": 65848.25210829795, "city_id": 12372, "country_iso": "CHN"}, {"h3index": "87309d781ffffff", "population_2015": 1200.9351742033862, "total_built_mass_tons": 530764.5165458358, "city_id": 12372, "country_iso": "CHN"}, {"h3index": "87309d784ffffff", "population_2015": 1546.0966116288128, "total_built_mass_tons": 304776.1419362414, "city_id": 12372, "country_iso": "CHN"}, {"h3index": "87309d785ffffff", "population_2015": 1204.9501736042546, "total_built_mass_tons": 693178.2939025913, "city_id": 12372, "country_iso": "CHN"}, {"h3index": "87309d789ffffff", "population_2015": 17.75172306135589, "total_built_mass_tons": 14435.16344889256, "city_id": 12372, "country_iso": "CHN"}, {"h3index": "87309d78cffffff", "population_2015": 3099.1408890686785, "total_built_mass_tons": 1633043.3869577302, "city_id": 12372, "country_iso": "CHN"}, {"h3index": "87309d78dffffff", "population_2015": 3130.78113593915, "total_built_mass_tons": 2272938.64789209, "city_id": 12372, "country_iso": "CHN"}, {"h3index": "87309d7a0ffffff", "population_2015": 576.7819014474458, "total_built_mass_tons": 354997.68656901823, "city_id": 12372, "country_iso": "CHN"}, {"h3index": "87309d7a1ffffff", "population_2015": 834.8099011337055, "total_built_mass_tons": 504412.620795727, "city_id": 12372, "country_iso": "CHN"}, {"h3index": "87309d7a2ffffff", "population_2015": 50.938993365156904, "total_built_mass_tons": 72423.72726224708, "city_id": 12372, "country_iso": "CHN"}, {"h3index": "87309d7a3ffffff", "population_2015": 7624.210818316891, "total_built_mass_tons": 1914419.7658678975, "city_id": 12372, "country_iso": "CHN"}, {"h3index": "87309d7a6ffffff", "population_2015": 30.777027922518112, "total_built_mass_tons": 51806.26404768738, "city_id": 12372, "country_iso": "CHN"}, {"h3index": "87309d7a8ffffff", "population_2015": 33052.99937266181, "total_built_mass_tons": 8022482.648229382, "city_id": 12372, "country_iso": "CHN"}, {"h3index": "87309d7a9ffffff", "population_2015": 22350.68720353258, "total_built_mass_tons": 6502160.050443648, "city_id": 12372, "country_iso": "CHN"}, {"h3index": "87309d7aaffffff", "population_2015": 4341.416269315458, "total_built_mass_tons": 3166810.045669968, "city_id": 12372, "country_iso": "CHN"}, {"h3index": "87309d7abffffff", "population_2015": 16441.391304209654, "total_built_mass_tons": 5239844.504421124, "city_id": 12372, "country_iso": "CHN"}, {"h3index": "87309d7acffffff", "population_2015": 2044.00708637144, "total_built_mass_tons": 1191074.552755553, "city_id": 12372, "country_iso": "CHN"}, {"h3index": "87309d7adffffff", "population_2015": 1454.9512919154822, "total_built_mass_tons": 938631.0035930292, "city_id": 12372, "country_iso": "CHN"}, {"h3index": "87309d7aeffffff", "population_2015": 5928.2185551783605, "total_built_mass_tons": 2833219.903076737, "city_id": 12372, "country_iso": "CHN"}]