[{"h3index":"876034200ffffff","population_2015":22.6812438965,"total_built_mass_tons":20181.4116109412,"city_id":8344,"country_iso":"IND"},{"h3index":"876034205ffffff","population_2015":5281.5449936661,"total_built_mass_tons":640932.533074386,"city_id":8344,"country_iso":"IND"},{"h3index":"87603420cffffff","population_2015":884.9186512891,"total_built_mass_tons":232547.5974917272,"city_id":8344,"country_iso":"IND"},{"h3index":"876034220ffffff","population_2015":1583.0144399007,"total_built_mass_tons":289233.7170236235,"city_id":8344,"country_iso":"IND"},{"h3index":"876034221ffffff","population_2015":39639.9156909718,"total_built_mass_tons":2030587.0770457112,"city_id":8344,"country_iso":"IND"},{"h3index":"876034222ffffff","population_2015":332.7775906731,"total_built_mass_tons":128753.9272525239,"city_id":8344,"country_iso":"IND"},{"h3index":"876034223ffffff","population_2015":27161.014237273,"total_built_mass_tons":1509578.5750029655,"city_id":8344,"country_iso":"IND"},{"h3index":"876034224ffffff","population_2015":152.9560829537,"total_built_mass_tons":89939.0710731377,"city_id":8344,"country_iso":"IND"},{"h3index":"876034225ffffff","population_2015":17543.6271347644,"total_built_mass_tons":942701.2094345816,"city_id":8344,"country_iso":"IND"},{"h3index":"876034226ffffff","population_2015":480.9203341241,"total_built_mass_tons":94127.8173935216,"city_id":8344,"country_iso":"IND"},{"h3index":"876034228ffffff","population_2015":34924.4726337358,"total_built_mass_tons":1582236.7066917326,"city_id":8344,"country_iso":"IND"},{"h3index":"876034229ffffff","population_2015":48243.335729038,"total_built_mass_tons":2139571.4717608001,"city_id":8344,"country_iso":"IND"},{"h3index":"87603422affffff","population_2015":5229.8908981248,"total_built_mass_tons":1003938.2631565976,"city_id":8344,"country_iso":"IND"},{"h3index":"87603422bffffff","population_2015":13341.6651302113,"total_built_mass_tons":979393.653501228,"city_id":8344,"country_iso":"IND"},{"h3index":"87603422cffffff","population_2015":101967.9521354526,"total_built_mass_tons":3878550.3217908097,"city_id":8344,"country_iso":"IND"},{"h3index":"87603422dffffff","population_2015":68838.2152347041,"total_built_mass_tons":2834607.6584002031,"city_id":8344,"country_iso":"IND"},{"h3index":"87603422effffff","population_2015":42310.4837730258,"total_built_mass_tons":2511388.4659113716,"city_id":8344,"country_iso":"IND"},{"h3index":"876034235ffffff","population_2015":2602.7790992288,"total_built_mass_tons":219428.1363878324,"city_id":8344,"country_iso":"IND"},{"h3index":"876034266ffffff","population_2015":19.878511541,"total_built_mass_tons":10823.0701633323,"city_id":8344,"country_iso":"IND"},{"h3index":"876034350ffffff","population_2015":3187.7351043103,"total_built_mass_tons":317590.2129482789,"city_id":8344,"country_iso":"IND"},{"h3index":"876034351ffffff","population_2015":7417.7945263732,"total_built_mass_tons":458763.7562401775,"city_id":8344,"country_iso":"IND"},{"h3index":"876034352ffffff","population_2015":60174.4012737798,"total_built_mass_tons":2410285.7340286523,"city_id":8344,"country_iso":"IND"},{"h3index":"876034353ffffff","population_2015":87680.0484413296,"total_built_mass_tons":3338618.4341497244,"city_id":8344,"country_iso":"IND"},{"h3index":"876034354ffffff","population_2015":70.8671569824,"total_built_mass_tons":72293.810200948,"city_id":8344,"country_iso":"IND"},{"h3index":"876034356ffffff","population_2015":1362.7329305761,"total_built_mass_tons":165048.3780479252,"city_id":8344,"country_iso":"IND"},{"h3index":"876034358ffffff","population_2015":4905.8423260259,"total_built_mass_tons":336857.4484389221,"city_id":8344,"country_iso":"IND"},{"h3index":"876034359ffffff","population_2015":8530.1292860592,"total_built_mass_tons":620378.1195434673,"city_id":8344,"country_iso":"IND"},{"h3index":"87603435affffff","population_2015":14896.7187478757,"total_built_mass_tons":608623.7426813557,"city_id":8344,"country_iso":"IND"},{"h3index":"87603435bffffff","population_2015":34.2749862671,"total_built_mass_tons":54041.5455506668,"city_id":8344,"country_iso":"IND"},{"h3index":"87603435cffffff","population_2015":62.6097812653,"total_built_mass_tons":98235.0610545437,"city_id":8344,"country_iso":"IND"},{"h3index":"87603435dffffff","population_2015":495.1025597367,"total_built_mass_tons":63268.3725484725,"city_id":8344,"country_iso":"IND"},{"h3index":"87603435effffff","population_2015":45842.2226033529,"total_built_mass_tons":1572343.288840194,"city_id":8344,"country_iso":"IND"}]