[{"h3index":"87408e210ffffff","population_2015":10769.9774980096,"total_built_mass_tons":2014231.8601030752,"city_id":10552,"country_iso":"CHN"},{"h3index":"87408e212ffffff","population_2015":6359.7315521053,"total_built_mass_tons":1248974.787352294,"city_id":10552,"country_iso":"CHN"},{"h3index":"87408e213ffffff","population_2015":1984.3065795599,"total_built_mass_tons":340726.377689178,"city_id":10552,"country_iso":"CHN"},{"h3index":"87408e214ffffff","population_2015":10442.4105076584,"total_built_mass_tons":2176913.679400431,"city_id":10552,"country_iso":"CHN"},{"h3index":"87408e216ffffff","population_2015":7863.8744411768,"total_built_mass_tons":1677468.729903745,"city_id":10552,"country_iso":"CHN"},{"h3index":"87408e230ffffff","population_2015":493.7353616434,"total_built_mass_tons":216355.6807497458,"city_id":10552,"country_iso":"CHN"},{"h3index":"87408e232ffffff","population_2015":1752.128984858,"total_built_mass_tons":652032.803660138,"city_id":10552,"country_iso":"CHN"},{"h3index":"87408e233ffffff","population_2015":186.326655962,"total_built_mass_tons":89825.3019460145,"city_id":10552,"country_iso":"CHN"},{"h3index":"87408e2acffffff","population_2015":79.539536248,"total_built_mass_tons":23049.5347993115,"city_id":10552,"country_iso":"CHN"},{"h3index":"87408e389ffffff","population_2015":89.9946972847,"total_built_mass_tons":48929.2510942615,"city_id":10552,"country_iso":"CHN"},{"h3index":"87408e38dffffff","population_2015":19.181203155,"total_built_mass_tons":50906.2112927699,"city_id":10552,"country_iso":"CHN"}]