[{"h3index":"873c134d3ffffff","population_2015":52.8132495805,"total_built_mass_tons":10437.5404614804,"city_id":8978,"country_iso":"IND"},{"h3index":"873c134daffffff","population_2015":14.713177681,"total_built_mass_tons":9169.7169516491,"city_id":8978,"country_iso":"IND"},{"h3index":"873cacb00ffffff","population_2015":88.3282372269,"total_built_mass_tons":13376.1062045343,"city_id":8978,"country_iso":"IND"},{"h3index":"873cacb01ffffff","population_2015":342.9506389693,"total_built_mass_tons":53262.2318761863,"city_id":8978,"country_iso":"IND"},{"h3index":"873cacb04ffffff","population_2015":1193.1280452429,"total_built_mass_tons":96086.4467171972,"city_id":8978,"country_iso":"IND"},{"h3index":"873cacb05ffffff","population_2015":25291.2606597152,"total_built_mass_tons":1461227.5294012129,"city_id":8978,"country_iso":"IND"},{"h3index":"873cacb20ffffff","population_2015":2657.3108399933,"total_built_mass_tons":216066.2726529877,"city_id":8978,"country_iso":"IND"},{"h3index":"873cacb21ffffff","population_2015":19233.987654039,"total_built_mass_tons":1063615.9039576473,"city_id":8978,"country_iso":"IND"},{"h3index":"873cacb22ffffff","population_2015":3800.9999515945,"total_built_mass_tons":212822.6188773937,"city_id":8978,"country_iso":"IND"},{"h3index":"873cacb23ffffff","population_2015":35156.427425205,"total_built_mass_tons":2259709.4531833362,"city_id":8978,"country_iso":"IND"},{"h3index":"873cacb28ffffff","population_2015":23135.8519181495,"total_built_mass_tons":1252306.6379189026,"city_id":8978,"country_iso":"IND"},{"h3index":"873cacb29ffffff","population_2015":384.0862729577,"total_built_mass_tons":100267.0489071672,"city_id":8978,"country_iso":"IND"},{"h3index":"873cacb2affffff","population_2015":5956.4141882504,"total_built_mass_tons":487324.0268491996,"city_id":8978,"country_iso":"IND"},{"h3index":"873cacb2bffffff","population_2015":380.510910554,"total_built_mass_tons":146446.0746312963,"city_id":8978,"country_iso":"IND"},{"h3index":"873cacb2cffffff","population_2015":13045.7300175686,"total_built_mass_tons":554532.4108369905,"city_id":8978,"country_iso":"IND"},{"h3index":"873cacb2dffffff","population_2015":2309.5044858671,"total_built_mass_tons":191608.3103279691,"city_id":8978,"country_iso":"IND"},{"h3index":"873cacb2effffff","population_2015":68353.5644999785,"total_built_mass_tons":3587051.4135261681,"city_id":8978,"country_iso":"IND"},{"h3index":"873cacb31ffffff","population_2015":186.9790061651,"total_built_mass_tons":28469.5606064358,"city_id":8978,"country_iso":"IND"},{"h3index":"873cacb74ffffff","population_2015":39.1164035797,"total_built_mass_tons":21322.5366001353,"city_id":8978,"country_iso":"IND"},{"h3index":"873cacb76ffffff","population_2015":59.9828409532,"total_built_mass_tons":16019.419722384,"city_id":8978,"country_iso":"IND"}]