[{"h3index": "8740a1008ffffff", "population_2015": 3034.530188188365, "total_built_mass_tons": 1397597.698992121, "city_id": 11197, "country_iso": "CHN"}, {"h3index": "8740a100affffff", "population_2015": 1321.7666234446506, "total_built_mass_tons": 962743.2364672852, "city_id": 11197, "country_iso": "CHN"}, {"h3index": "8740a100dffffff", "population_2015": 79.47613178327971, "total_built_mass_tons": 18157.248074687657, "city_id": 11197, "country_iso": "CHN"}, {"h3index": "8740a100effffff", "population_2015": 174.58174237550477, "total_built_mass_tons": 315866.64807338483, "city_id": 11197, "country_iso": "CHN"}, {"h3index": "8740a1013ffffff", "population_2015": 93.7683575405794, "total_built_mass_tons": 83657.4223771666, "city_id": 11197, "country_iso": "CHN"}, {"h3index": "8740a1018ffffff", "population_2015": 20645.834769349935, "total_built_mass_tons": 3418367.8512274222, "city_id": 11197, "country_iso": "CHN"}, {"h3index": "8740a1019ffffff", "population_2015": 2932.0344948263737, "total_built_mass_tons": 700921.5023863867, "city_id": 11197, "country_iso": "CHN"}, {"h3index": "8740a101affffff", "population_2015": 44064.931366067765, "total_built_mass_tons": 5838085.876182177, "city_id": 11197, "country_iso": "CHN"}, {"h3index": "8740a101bffffff", "population_2015": 4352.4453261468925, "total_built_mass_tons": 1013593.0114375307, "city_id": 11197, "country_iso": "CHN"}, {"h3index": "8740a101dffffff", "population_2015": 54.64809936261645, "total_built_mass_tons": 45166.00871399061, "city_id": 11197, "country_iso": "CHN"}, {"h3index": "8740a101effffff", "population_2015": 6011.09426594248, "total_built_mass_tons": 3818100.238194354, "city_id": 11197, "country_iso": "CHN"}, {"h3index": "8740a10a8ffffff", "population_2015": 48.84838532747007, "total_built_mass_tons": 87674.62200218457, "city_id": 11197, "country_iso": "CHN"}, {"h3index": "8740a10a9ffffff", "population_2015": 2959.2285326022725, "total_built_mass_tons": 2475709.5403989716, "city_id": 11197, "country_iso": "CHN"}, {"h3index": "8740a10adffffff", "population_2015": 4671.320945675233, "total_built_mass_tons": 1902615.9389816648, "city_id": 11197, "country_iso": "CHN"}, {"h3index": "8740a10f4ffffff", "population_2015": 3950.488937187197, "total_built_mass_tons": 982662.7001361971, "city_id": 11197, "country_iso": "CHN"}, {"h3index": "8740a10f5ffffff", "population_2015": 1.5617016624001896, "total_built_mass_tons": 1729.6122498455377, "city_id": 11197, "country_iso": "CHN"}, {"h3index": "8740a10f6ffffff", "population_2015": 1.658642204135072, "total_built_mass_tons": 915.4641236199438, "city_id": 11197, "country_iso": "CHN"}]