[{"h3index":"873ce36c0ffffff","population_2015":157.5594106562,"total_built_mass_tons":73409.1539365301,"city_id":10003,"country_iso":"BGD"},{"h3index":"873ce36c1ffffff","population_2015":12.2791467554,"total_built_mass_tons":39232.534134023,"city_id":10003,"country_iso":"BGD"},{"h3index":"873ce36d1ffffff","population_2015":116.6188373566,"total_built_mass_tons":57492.4357933445,"city_id":10003,"country_iso":"BGD"},{"h3index":"873ce36ddffffff","population_2015":15.3037052155,"total_built_mass_tons":24258.057382673,"city_id":10003,"country_iso":"BGD"}]