[{"h3index": "874ba2802ffffff", "population_2015": 2029.0002903526904, "total_built_mass_tons": 790976.626779955, "city_id": 12689, "country_iso": "TWN"}, {"h3index": "874ba2803ffffff", "population_2015": 4.9320808878131945, "total_built_mass_tons": 28901.84598770071, "city_id": 12689, "country_iso": "TWN"}, {"h3index": "874ba2804ffffff", "population_2015": 784.7713080275294, "total_built_mass_tons": 355727.07804271864, "city_id": 12689, "country_iso": "TWN"}, {"h3index": "874ba2806ffffff", "population_2015": 4173.62976177253, "total_built_mass_tons": 1460942.8409221512, "city_id": 12689, "country_iso": "TWN"}, {"h3index": "874ba2811ffffff", "population_2015": 4.1003107033523865, "total_built_mass_tons": 2224.547437178032, "city_id": 12689, "country_iso": "TWN"}, {"h3index": "874ba2815ffffff", "population_2015": 1697.580987156139, "total_built_mass_tons": 641036.6098674765, "city_id": 12689, "country_iso": "TWN"}, {"h3index": "874ba281cffffff", "population_2015": 84.27716839360255, "total_built_mass_tons": 87048.66521520013, "city_id": 12689, "country_iso": "TWN"}, {"h3index": "874ba2820ffffff", "population_2015": 31628.27423596101, "total_built_mass_tons": 4822002.2275452465, "city_id": 12689, "country_iso": "TWN"}, {"h3index": "874ba2821ffffff", "population_2015": 13695.95086514716, "total_built_mass_tons": 2790469.29448736, "city_id": 12689, "country_iso": "TWN"}, {"h3index": "874ba2822ffffff", "population_2015": 36895.77680305782, "total_built_mass_tons": 4426534.898038162, "city_id": 12689, "country_iso": "TWN"}, {"h3index": "874ba2823ffffff", "population_2015": 2609.008626335742, "total_built_mass_tons": 611967.1837999565, "city_id": 12689, "country_iso": "TWN"}, {"h3index": "874ba2824ffffff", "population_2015": 9964.747504686842, "total_built_mass_tons": 3012083.9574819747, "city_id": 12689, "country_iso": "TWN"}, {"h3index": "874ba2825ffffff", "population_2015": 2020.1420742801588, "total_built_mass_tons": 701763.7276158379, "city_id": 12689, "country_iso": "TWN"}, {"h3index": "874ba2826ffffff", "population_2015": 24622.07492914013, "total_built_mass_tons": 2821489.165186135, "city_id": 12689, "country_iso": "TWN"}, {"h3index": "874ba282affffff", "population_2015": 496.433821812798, "total_built_mass_tons": 237078.42597379905, "city_id": 12689, "country_iso": "TWN"}, {"h3index": "874ba282effffff", "population_2015": 3806.7888714285455, "total_built_mass_tons": 933814.7791636528, "city_id": 12689, "country_iso": "TWN"}, {"h3index": "874ba2830ffffff", "population_2015": 4915.701413083545, "total_built_mass_tons": 1228507.569032697, "city_id": 12689, "country_iso": "TWN"}, {"h3index": "874ba2831ffffff", "population_2015": 5796.1203598770435, "total_built_mass_tons": 1233793.5278579728, "city_id": 12689, "country_iso": "TWN"}, {"h3index": "874ba2832ffffff", "population_2015": 702.7377580493105, "total_built_mass_tons": 313491.510800474, "city_id": 12689, "country_iso": "TWN"}, {"h3index": "874ba2833ffffff", "population_2015": 1335.1092495843477, "total_built_mass_tons": 617327.0795855836, "city_id": 12689, "country_iso": "TWN"}, {"h3index": "874ba2834ffffff", "population_2015": 5424.736762409584, "total_built_mass_tons": 1195159.956685226, "city_id": 12689, "country_iso": "TWN"}, {"h3index": "874ba2835ffffff", "population_2015": 19989.147348994833, "total_built_mass_tons": 3266985.542652894, "city_id": 12689, "country_iso": "TWN"}, {"h3index": "874ba2836ffffff", "population_2015": 3533.6064861260206, "total_built_mass_tons": 1069397.222388944, "city_id": 12689, "country_iso": "TWN"}, {"h3index": "874ba2900ffffff", "population_2015": 327.1786812183903, "total_built_mass_tons": 128583.57077921786, "city_id": 12689, "country_iso": "TWN"}, {"h3index": "874ba2901ffffff", "population_2015": 301.81633902905037, "total_built_mass_tons": 203324.66147331905, "city_id": 12689, "country_iso": "TWN"}, {"h3index": "874ba2902ffffff", "population_2015": 940.1828495689466, "total_built_mass_tons": 483592.383961048, "city_id": 12689, "country_iso": "TWN"}, {"h3index": "874ba2903ffffff", "population_2015": 2746.702848075418, "total_built_mass_tons": 1084012.5590080975, "city_id": 12689, "country_iso": "TWN"}, {"h3index": "874ba2908ffffff", "population_2015": 130.10796610327327, "total_built_mass_tons": 93659.8762979856, "city_id": 12689, "country_iso": "TWN"}, {"h3index": "874ba290affffff", "population_2015": 2750.741407863767, "total_built_mass_tons": 1104006.1659653783, "city_id": 12689, "country_iso": "TWN"}, {"h3index": "874ba290bffffff", "population_2015": 336.5822221512888, "total_built_mass_tons": 380769.55667819874, "city_id": 12689, "country_iso": "TWN"}, {"h3index": "874ba290cffffff", "population_2015": 98.49518985000311, "total_built_mass_tons": 63631.18574615118, "city_id": 12689, "country_iso": "TWN"}, {"h3index": "874ba290effffff", "population_2015": 3404.3100415790777, "total_built_mass_tons": 1162421.5606714322, "city_id": 12689, "country_iso": "TWN"}, {"h3index": "874ba2911ffffff", "population_2015": 326.17958088108145, "total_built_mass_tons": 179630.29862098442, "city_id": 12689, "country_iso": "TWN"}, {"h3index": "874ba2912ffffff", "population_2015": 1321.0891102622536, "total_built_mass_tons": 452119.5693644864, "city_id": 12689, "country_iso": "TWN"}, {"h3index": "874ba2913ffffff", "population_2015": 2269.6018326983726, "total_built_mass_tons": 834938.4672257425, "city_id": 12689, "country_iso": "TWN"}, {"h3index": "874ba2918ffffff", "population_2015": 5985.594610477896, "total_built_mass_tons": 1823895.9709089976, "city_id": 12689, "country_iso": "TWN"}, {"h3index": "874ba2919ffffff", "population_2015": 7823.551930266736, "total_built_mass_tons": 2362010.3699076343, "city_id": 12689, "country_iso": "TWN"}, {"h3index": "874ba291affffff", "population_2015": 877.9627465192008, "total_built_mass_tons": 494300.3120323218, "city_id": 12689, "country_iso": "TWN"}, {"h3index": "874ba291bffffff", "population_2015": 4514.919479852565, "total_built_mass_tons": 1543625.95360571, "city_id": 12689, "country_iso": "TWN"}, {"h3index": "874ba291cffffff", "population_2015": 2306.298383196662, "total_built_mass_tons": 903126.0932985474, "city_id": 12689, "country_iso": "TWN"}, {"h3index": "874ba291dffffff", "population_2015": 14283.452584535931, "total_built_mass_tons": 3170334.4191689193, "city_id": 12689, "country_iso": "TWN"}, {"h3index": "874ba291effffff", "population_2015": 2707.530411761415, "total_built_mass_tons": 1103938.4070236827, "city_id": 12689, "country_iso": "TWN"}, {"h3index": "874ba2985ffffff", "population_2015": 3.5399453876065277, "total_built_mass_tons": 28343.88916566279, "city_id": 12689, "country_iso": "TWN"}, {"h3index": "874ba2989ffffff", "population_2015": 1.9009339762668984, "total_built_mass_tons": 1136.5842014408206, "city_id": 12689, "country_iso": "TWN"}, {"h3index": "874ba298dffffff", "population_2015": 2990.8170664562904, "total_built_mass_tons": 1033724.5423869163, "city_id": 12689, "country_iso": "TWN"}, {"h3index": "874ba29a1ffffff", "population_2015": 271.0155670128616, "total_built_mass_tons": 141529.10585314827, "city_id": 12689, "country_iso": "TWN"}, {"h3index": "874ba29a8ffffff", "population_2015": 1277.941567549051, "total_built_mass_tons": 521779.03146876086, "city_id": 12689, "country_iso": "TWN"}, {"h3index": "874ba29a9ffffff", "population_2015": 1575.5217463549448, "total_built_mass_tons": 605503.7836722916, "city_id": 12689, "country_iso": "TWN"}, {"h3index": "874ba29acffffff", "population_2015": 20116.259378436967, "total_built_mass_tons": 4010222.5301784337, "city_id": 12689, "country_iso": "TWN"}, {"h3index": "874ba29adffffff", "population_2015": 1083.3442473168468, "total_built_mass_tons": 573862.1053900734, "city_id": 12689, "country_iso": "TWN"}, {"h3index": "874ba29aeffffff", "population_2015": 3425.4043819315298, "total_built_mass_tons": 1201725.8119075364, "city_id": 12689, "country_iso": "TWN"}]