[{"h3index": "872d44209ffffff", "population_2015": 8370.38577540248, "total_built_mass_tons": 3004593.1820441233, "city_id": 4310, "country_iso": "RUS"}, {"h3index": "872d4420affffff", "population_2015": 5103.528167204763, "total_built_mass_tons": 2072840.856859528, "city_id": 4310, "country_iso": "RUS"}, {"h3index": "872d4420bffffff", "population_2015": 1046.1844216645932, "total_built_mass_tons": 550362.9262603768, "city_id": 4310, "country_iso": "RUS"}, {"h3index": "872d4420dffffff", "population_2015": 2.5998659788393508, "total_built_mass_tons": 4680.837119693047, "city_id": 4310, "country_iso": "RUS"}, {"h3index": "872d44218ffffff", "population_2015": 283.5159680759206, "total_built_mass_tons": 106555.04046488508, "city_id": 4310, "country_iso": "RUS"}, {"h3index": "872d44219ffffff", "population_2015": 8837.802857800087, "total_built_mass_tons": 3135103.2399583785, "city_id": 4310, "country_iso": "RUS"}, {"h3index": "872d4421bffffff", "population_2015": 2868.7008110569973, "total_built_mass_tons": 1049542.1968294554, "city_id": 4310, "country_iso": "RUS"}, {"h3index": "872d4421dffffff", "population_2015": 2499.290819510292, "total_built_mass_tons": 975661.2376454562, "city_id": 4310, "country_iso": "RUS"}, {"h3index": "872d44250ffffff", "population_2015": 1998.9350823916643, "total_built_mass_tons": 1018254.2711012732, "city_id": 4310, "country_iso": "RUS"}, {"h3index": "872d44252ffffff", "population_2015": 61.46459911103342, "total_built_mass_tons": 90500.91363600778, "city_id": 4310, "country_iso": "RUS"}, {"h3index": "872d44254ffffff", "population_2015": 9571.61886084477, "total_built_mass_tons": 3846166.1515452834, "city_id": 4310, "country_iso": "RUS"}, {"h3index": "872d44255ffffff", "population_2015": 24.85715612663942, "total_built_mass_tons": 46259.672243086, "city_id": 4310, "country_iso": "RUS"}, {"h3index": "872d44256ffffff", "population_2015": 6125.179218500738, "total_built_mass_tons": 3836888.621923728, "city_id": 4310, "country_iso": "RUS"}, {"h3index": "872d44272ffffff", "population_2015": 2959.488334980667, "total_built_mass_tons": 1212984.2140633094, "city_id": 4310, "country_iso": "RUS"}, {"h3index": "872d44273ffffff", "population_2015": 187.3112949072146, "total_built_mass_tons": 60609.34898910132, "city_id": 4310, "country_iso": "RUS"}, {"h3index": "872d442e0ffffff", "population_2015": 4192.334314474406, "total_built_mass_tons": 1366369.7887088978, "city_id": 4310, "country_iso": "RUS"}, {"h3index": "872d442e2ffffff", "population_2015": 2857.2018822221207, "total_built_mass_tons": 943776.0462877236, "city_id": 4310, "country_iso": "RUS"}, {"h3index": "872d442e4ffffff", "population_2015": 12192.387533681536, "total_built_mass_tons": 3655205.5611608215, "city_id": 4310, "country_iso": "RUS"}, {"h3index": "872d442e5ffffff", "population_2015": 6452.720121826847, "total_built_mass_tons": 2880130.436544653, "city_id": 4310, "country_iso": "RUS"}, {"h3index": "872d442e6ffffff", "population_2015": 18429.428674125666, "total_built_mass_tons": 5268422.954777796, "city_id": 4310, "country_iso": "RUS"}]