[{"h3index":"8731b0b2dffffff","population_2015":18.2036113739,"total_built_mass_tons":19082.4463962434,"city_id":10323,"country_iso":"CHN"},{"h3index":"8731b54d8ffffff","population_2015":11083.7165985126,"total_built_mass_tons":3627327.8239417938,"city_id":10323,"country_iso":"CHN"},{"h3index":"8731b54d9ffffff","population_2015":1032.5900428155,"total_built_mass_tons":702966.0529262832,"city_id":10323,"country_iso":"CHN"},{"h3index":"8731b54daffffff","population_2015":671.5009486068,"total_built_mass_tons":601436.7273160891,"city_id":10323,"country_iso":"CHN"},{"h3index":"8731b54dbffffff","population_2015":391.1938581878,"total_built_mass_tons":310107.4869829295,"city_id":10323,"country_iso":"CHN"},{"h3index":"8731b54dcffffff","population_2015":34.3384200152,"total_built_mass_tons":50965.6818399645,"city_id":10323,"country_iso":"CHN"},{"h3index":"8731b54ddffffff","population_2015":26.7949419545,"total_built_mass_tons":52679.553816188,"city_id":10323,"country_iso":"CHN"},{"h3index":"8731b54deffffff","population_2015":143.307554705,"total_built_mass_tons":216165.9544718548,"city_id":10323,"country_iso":"CHN"}]