[{"h3index":"87649aa45ffffff","population_2015":110.8998238807,"total_built_mass_tons":42540.590398075,"city_id":10209,"country_iso":"MMR"},{"h3index":"87649aa4cffffff","population_2015":49.8015109707,"total_built_mass_tons":29592.698975997,"city_id":10209,"country_iso":"MMR"},{"h3index":"87649aa6affffff","population_2015":1661.8299767887,"total_built_mass_tons":297840.1565207263,"city_id":10209,"country_iso":"MMR"},{"h3index":"87649aa6bffffff","population_2015":1.7549327476,"total_built_mass_tons":1702.9723873244,"city_id":10209,"country_iso":"MMR"},{"h3index":"87649aa6effffff","population_2015":62.9775568345,"total_built_mass_tons":22091.1463356128,"city_id":10209,"country_iso":"MMR"}]