[{"h3index": "8730b20b0ffffff", "population_2015": 154.00428196402157, "total_built_mass_tons": 81471.94408946815, "city_id": 11532, "country_iso": "CHN"}, {"h3index": "8730b20b2ffffff", "population_2015": 184.3416176524817, "total_built_mass_tons": 81216.02507938784, "city_id": 11532, "country_iso": "CHN"}, {"h3index": "8730b20b4ffffff", "population_2015": 204.34309054355995, "total_built_mass_tons": 138138.3981173894, "city_id": 11532, "country_iso": "CHN"}, {"h3index": "8730b20b6ffffff", "population_2015": 2403.740165471095, "total_built_mass_tons": 1106759.2938716589, "city_id": 11532, "country_iso": "CHN"}, {"h3index": "8730b219affffff", "population_2015": 211.71396936902812, "total_built_mass_tons": 178202.81524491665, "city_id": 11532, "country_iso": "CHN"}, {"h3index": "8730b2541ffffff", "population_2015": 2260.8015180737366, "total_built_mass_tons": 776372.9878284289, "city_id": 11532, "country_iso": "CHN"}, {"h3index": "8730b2543ffffff", "population_2015": 1073.8295014456207, "total_built_mass_tons": 304779.04310300096, "city_id": 11532, "country_iso": "CHN"}, {"h3index": "8730b2548ffffff", "population_2015": 25741.68946090586, "total_built_mass_tons": 3598680.585190095, "city_id": 11532, "country_iso": "CHN"}, {"h3index": "8730b2549ffffff", "population_2015": 203.8214338947745, "total_built_mass_tons": 149637.35558326505, "city_id": 11532, "country_iso": "CHN"}, {"h3index": "8730b254affffff", "population_2015": 10301.460893479983, "total_built_mass_tons": 3407130.157340838, "city_id": 11532, "country_iso": "CHN"}, {"h3index": "8730b254bffffff", "population_2015": 3260.2480636671476, "total_built_mass_tons": 793771.9899070323, "city_id": 11532, "country_iso": "CHN"}, {"h3index": "8730b254cffffff", "population_2015": 10623.79121898296, "total_built_mass_tons": 1935190.5346036945, "city_id": 11532, "country_iso": "CHN"}, {"h3index": "8730b254dffffff", "population_2015": 2787.3600529474365, "total_built_mass_tons": 1260692.1904680044, "city_id": 11532, "country_iso": "CHN"}, {"h3index": "8730b254effffff", "population_2015": 22892.8636189068, "total_built_mass_tons": 4919794.101856471, "city_id": 11532, "country_iso": "CHN"}, {"h3index": "8730b255dffffff", "population_2015": 2036.3979058985624, "total_built_mass_tons": 783790.3841213128, "city_id": 11532, "country_iso": "CHN"}, {"h3index": "8730b2569ffffff", "population_2015": 842.7162770785536, "total_built_mass_tons": 450134.82470974, "city_id": 11532, "country_iso": "CHN"}, {"h3index": "8730b256affffff", "population_2015": 6.543571980794271, "total_built_mass_tons": 1968.50294758211, "city_id": 11532, "country_iso": "CHN"}, {"h3index": "8730b256bffffff", "population_2015": 4092.702552129708, "total_built_mass_tons": 1701700.078621952, "city_id": 11532, "country_iso": "CHN"}]