[{"h3index": "873dab2a6ffffff", "population_2015": 392.4109431921267, "total_built_mass_tons": 116518.911915522, "city_id": 7750, "country_iso": "IND"}, {"h3index": "873dab2b5ffffff", "population_2015": 332.5587140625599, "total_built_mass_tons": 70527.30133795594, "city_id": 7750, "country_iso": "IND"}, {"h3index": "873dab380ffffff", "population_2015": 45.738186839982575, "total_built_mass_tons": 10724.203767335131, "city_id": 7750, "country_iso": "IND"}, {"h3index": "873dab382ffffff", "population_2015": 18791.823882877125, "total_built_mass_tons": 1642620.0571837726, "city_id": 7750, "country_iso": "IND"}, {"h3index": "873dab383ffffff", "population_2015": 12633.831820757245, "total_built_mass_tons": 1092438.4799129667, "city_id": 7750, "country_iso": "IND"}, {"h3index": "873dab38affffff", "population_2015": 204.9365011177811, "total_built_mass_tons": 63180.473823877226, "city_id": 7750, "country_iso": "IND"}, {"h3index": "873dab391ffffff", "population_2015": 1147.4554710275986, "total_built_mass_tons": 164112.9888395847, "city_id": 7750, "country_iso": "IND"}, {"h3index": "873dab398ffffff", "population_2015": 7647.555938305574, "total_built_mass_tons": 772325.9065615605, "city_id": 7750, "country_iso": "IND"}, {"h3index": "873dab399ffffff", "population_2015": 956.0756916457532, "total_built_mass_tons": 175068.43504577683, "city_id": 7750, "country_iso": "IND"}, {"h3index": "873dab39affffff", "population_2015": 137.46909813974418, "total_built_mass_tons": 25568.465853495083, "city_id": 7750, "country_iso": "IND"}, {"h3index": "873dab39bffffff", "population_2015": 4051.1972546857937, "total_built_mass_tons": 503557.5057679257, "city_id": 7750, "country_iso": "IND"}, {"h3index": "873dab39cffffff", "population_2015": 36667.665105034306, "total_built_mass_tons": 2402351.1840840396, "city_id": 7750, "country_iso": "IND"}, {"h3index": "873dab39dffffff", "population_2015": 6295.117753174726, "total_built_mass_tons": 657931.812894939, "city_id": 7750, "country_iso": "IND"}, {"h3index": "873dab39effffff", "population_2015": 1278.175942435919, "total_built_mass_tons": 268212.1520517405, "city_id": 7750, "country_iso": "IND"}]