[{"h3index": "871f25040ffffff", "population_2015": 7635.586886140412, "total_built_mass_tons": 1937290.8111047696, "city_id": 2682, "country_iso": "SWE"}, {"h3index": "871f25041ffffff", "population_2015": 5546.1041392644265, "total_built_mass_tons": 2473449.826470372, "city_id": 2682, "country_iso": "SWE"}, {"h3index": "871f25042ffffff", "population_2015": 385.75849427802893, "total_built_mass_tons": 233554.06929345932, "city_id": 2682, "country_iso": "SWE"}, {"h3index": "871f25043ffffff", "population_2015": 2564.350940831034, "total_built_mass_tons": 1555934.170657368, "city_id": 2682, "country_iso": "SWE"}, {"h3index": "871f25044ffffff", "population_2015": 3003.919910285986, "total_built_mass_tons": 1496717.9799969976, "city_id": 2682, "country_iso": "SWE"}, {"h3index": "871f25045ffffff", "population_2015": 6657.168433810216, "total_built_mass_tons": 2689813.942791594, "city_id": 2682, "country_iso": "SWE"}, {"h3index": "871f25046ffffff", "population_2015": 97.99290722491692, "total_built_mass_tons": 57236.14535600234, "city_id": 2682, "country_iso": "SWE"}, {"h3index": "871f2504cffffff", "population_2015": 4036.787698632595, "total_built_mass_tons": 2434122.56342416, "city_id": 2682, "country_iso": "SWE"}, {"h3index": "871f2504effffff", "population_2015": 2471.79368946599, "total_built_mass_tons": 1188862.826431567, "city_id": 2682, "country_iso": "SWE"}, {"h3index": "871f2505cffffff", "population_2015": 274.65249337589046, "total_built_mass_tons": 178909.72499683165, "city_id": 2682, "country_iso": "SWE"}, {"h3index": "871f2505dffffff", "population_2015": 329.0062563807357, "total_built_mass_tons": 223772.4696616367, "city_id": 2682, "country_iso": "SWE"}, {"h3index": "871f25060ffffff", "population_2015": 1288.3602870099678, "total_built_mass_tons": 2856224.9570848444, "city_id": 2682, "country_iso": "SWE"}, {"h3index": "871f25061ffffff", "population_2015": 9346.97625297378, "total_built_mass_tons": 2412295.24603399, "city_id": 2682, "country_iso": "SWE"}, {"h3index": "871f25062ffffff", "population_2015": 1033.4867963323404, "total_built_mass_tons": 815587.0109283286, "city_id": 2682, "country_iso": "SWE"}, {"h3index": "871f25063ffffff", "population_2015": 4761.354688971652, "total_built_mass_tons": 2151084.7319348487, "city_id": 2682, "country_iso": "SWE"}, {"h3index": "871f25064ffffff", "population_2015": 1926.9710387136429, "total_built_mass_tons": 3170639.382274194, "city_id": 2682, "country_iso": "SWE"}, {"h3index": "871f25065ffffff", "population_2015": 5002.5605140314365, "total_built_mass_tons": 3241231.2191835525, "city_id": 2682, "country_iso": "SWE"}, {"h3index": "871f25066ffffff", "population_2015": 179.9416489971619, "total_built_mass_tons": 546754.3554925704, "city_id": 2682, "country_iso": "SWE"}, {"h3index": "871f25068ffffff", "population_2015": 4602.19952769186, "total_built_mass_tons": 1485412.0672844618, "city_id": 2682, "country_iso": "SWE"}, {"h3index": "871f25069ffffff", "population_2015": 10986.159787492186, "total_built_mass_tons": 2440936.130974573, "city_id": 2682, "country_iso": "SWE"}, {"h3index": "871f2506affffff", "population_2015": 9312.15710135441, "total_built_mass_tons": 2402496.7576985266, "city_id": 2682, "country_iso": "SWE"}, {"h3index": "871f2506bffffff", "population_2015": 274.5347949009316, "total_built_mass_tons": 155999.03249425368, "city_id": 2682, "country_iso": "SWE"}, {"h3index": "871f2506cffffff", "population_2015": 26115.069806949767, "total_built_mass_tons": 4216153.80293479, "city_id": 2682, "country_iso": "SWE"}, {"h3index": "871f2506dffffff", "population_2015": 25769.939575939556, "total_built_mass_tons": 5276859.168931833, "city_id": 2682, "country_iso": "SWE"}, {"h3index": "871f2506effffff", "population_2015": 8102.297370405759, "total_built_mass_tons": 2180323.411469949, "city_id": 2682, "country_iso": "SWE"}, {"h3index": "871f25148ffffff", "population_2015": 230.5941925179725, "total_built_mass_tons": 540184.6915964733, "city_id": 2682, "country_iso": "SWE"}, {"h3index": "871f25149ffffff", "population_2015": 249.1414377511716, "total_built_mass_tons": 172955.2584236004, "city_id": 2682, "country_iso": "SWE"}, {"h3index": "871f2514affffff", "population_2015": 1207.9100059600437, "total_built_mass_tons": 2765174.879291443, "city_id": 2682, "country_iso": "SWE"}, {"h3index": "871f2514bffffff", "population_2015": 1591.5841685028638, "total_built_mass_tons": 2491130.4918538625, "city_id": 2682, "country_iso": "SWE"}, {"h3index": "871f2514effffff", "population_2015": 6.137358801271402, "total_built_mass_tons": 68488.18128997131, "city_id": 2682, "country_iso": "SWE"}, {"h3index": "871f25159ffffff", "population_2015": 733.0738477068792, "total_built_mass_tons": 1913158.45492815, "city_id": 2682, "country_iso": "SWE"}, {"h3index": "871f2515bffffff", "population_2015": 11.628743620362938, "total_built_mass_tons": 110600.79386479368, "city_id": 2682, "country_iso": "SWE"}, {"h3index": "871f25324ffffff", "population_2015": 249.03912126503735, "total_built_mass_tons": 132139.4607506521, "city_id": 2682, "country_iso": "SWE"}, {"h3index": "871f25a12ffffff", "population_2015": 353.9867378440558, "total_built_mass_tons": 206643.3414468123, "city_id": 2682, "country_iso": "SWE"}, {"h3index": "871f25a80ffffff", "population_2015": 3447.884707679937, "total_built_mass_tons": 1947024.91870364, "city_id": 2682, "country_iso": "SWE"}, {"h3index": "871f25a81ffffff", "population_2015": 3407.0076627376034, "total_built_mass_tons": 1044657.7035992236, "city_id": 2682, "country_iso": "SWE"}, {"h3index": "871f25a82ffffff", "population_2015": 5663.22858325921, "total_built_mass_tons": 3828986.977777252, "city_id": 2682, "country_iso": "SWE"}, {"h3index": "871f25a83ffffff", "population_2015": 4374.950948606753, "total_built_mass_tons": 1245361.9417753145, "city_id": 2682, "country_iso": "SWE"}, {"h3index": "871f25a84ffffff", "population_2015": 1884.372759699354, "total_built_mass_tons": 1460503.712131389, "city_id": 2682, "country_iso": "SWE"}, {"h3index": "871f25a85ffffff", "population_2015": 1895.83311438467, "total_built_mass_tons": 933480.7966792912, "city_id": 2682, "country_iso": "SWE"}, {"h3index": "871f25a86ffffff", "population_2015": 249.17109789474335, "total_built_mass_tons": 159238.26717437376, "city_id": 2682, "country_iso": "SWE"}, {"h3index": "871f25a88ffffff", "population_2015": 155.58272236936233, "total_built_mass_tons": 110063.16319000498, "city_id": 2682, "country_iso": "SWE"}, {"h3index": "871f25a89ffffff", "population_2015": 39.304156838211355, "total_built_mass_tons": 33744.00241585458, "city_id": 2682, "country_iso": "SWE"}, {"h3index": "871f25a8affffff", "population_2015": 3581.044559844334, "total_built_mass_tons": 2073930.5822382409, "city_id": 2682, "country_iso": "SWE"}, {"h3index": "871f25a8bffffff", "population_2015": 2390.805648261425, "total_built_mass_tons": 1612646.8240790376, "city_id": 2682, "country_iso": "SWE"}, {"h3index": "871f25a8cffffff", "population_2015": 404.8292075914495, "total_built_mass_tons": 114718.67599051028, "city_id": 2682, "country_iso": "SWE"}, {"h3index": "871f25a8effffff", "population_2015": 2512.762820548637, "total_built_mass_tons": 881316.4783391964, "city_id": 2682, "country_iso": "SWE"}, {"h3index": "871f25a90ffffff", "population_2015": 10120.54747384576, "total_built_mass_tons": 3378067.5882618655, "city_id": 2682, "country_iso": "SWE"}, {"h3index": "871f25a91ffffff", "population_2015": 10927.08553649491, "total_built_mass_tons": 3538675.8030096176, "city_id": 2682, "country_iso": "SWE"}, {"h3index": "871f25a92ffffff", "population_2015": 9698.761793095457, "total_built_mass_tons": 3368631.364977668, "city_id": 2682, "country_iso": "SWE"}, {"h3index": "871f25a93ffffff", "population_2015": 11686.332528890354, "total_built_mass_tons": 5240533.036862234, "city_id": 2682, "country_iso": "SWE"}, {"h3index": "871f25a94ffffff", "population_2015": 1381.1864632718705, "total_built_mass_tons": 553668.5948642712, "city_id": 2682, "country_iso": "SWE"}, {"h3index": "871f25a95ffffff", "population_2015": 922.61098095015, "total_built_mass_tons": 954633.1127682996, "city_id": 2682, "country_iso": "SWE"}, {"h3index": "871f25a96ffffff", "population_2015": 4752.833745204701, "total_built_mass_tons": 1822692.224109109, "city_id": 2682, "country_iso": "SWE"}, {"h3index": "871f25a98ffffff", "population_2015": 6620.014618720261, "total_built_mass_tons": 2170515.192375141, "city_id": 2682, "country_iso": "SWE"}, {"h3index": "871f25a99ffffff", "population_2015": 3121.5751897550103, "total_built_mass_tons": 868837.9638758346, "city_id": 2682, "country_iso": "SWE"}, {"h3index": "871f25a9affffff", "population_2015": 3328.248923052994, "total_built_mass_tons": 1170716.5635439586, "city_id": 2682, "country_iso": "SWE"}, {"h3index": "871f25a9cffffff", "population_2015": 9612.77280459124, "total_built_mass_tons": 4148567.7969376575, "city_id": 2682, "country_iso": "SWE"}, {"h3index": "871f25a9dffffff", "population_2015": 5395.817622721428, "total_built_mass_tons": 1974388.1290194937, "city_id": 2682, "country_iso": "SWE"}, {"h3index": "871f25a9effffff", "population_2015": 14383.47322569642, "total_built_mass_tons": 5405910.156918155, "city_id": 2682, "country_iso": "SWE"}, {"h3index": "871f25aa1ffffff", "population_2015": 2149.6465826520734, "total_built_mass_tons": 926799.1208740752, "city_id": 2682, "country_iso": "SWE"}, {"h3index": "871f25aa3ffffff", "population_2015": 2642.3302778982656, "total_built_mass_tons": 1649159.3497353424, "city_id": 2682, "country_iso": "SWE"}, {"h3index": "871f25aa8ffffff", "population_2015": 737.9525594299914, "total_built_mass_tons": 232175.9440418184, "city_id": 2682, "country_iso": "SWE"}, {"h3index": "871f25aaaffffff", "population_2015": 738.0981273436078, "total_built_mass_tons": 448031.4625346204, "city_id": 2682, "country_iso": "SWE"}, {"h3index": "871f25aacffffff", "population_2015": 1141.7656984273126, "total_built_mass_tons": 412652.0202856505, "city_id": 2682, "country_iso": "SWE"}, {"h3index": "871f25aaeffffff", "population_2015": 3106.4527063341693, "total_built_mass_tons": 992106.3124357344, "city_id": 2682, "country_iso": "SWE"}]