[{"h3index":"875806636ffffff","population_2015":447.5339454127,"total_built_mass_tons":40727.8457400303,"city_id":2323,"country_iso":"NGA"},{"h3index":"8758067a8ffffff","population_2015":251.408010236,"total_built_mass_tons":18833.9217288847,"city_id":2323,"country_iso":"NGA"},{"h3index":"8758067a9ffffff","population_2015":15425.0919434043,"total_built_mass_tons":1630071.943346533,"city_id":2323,"country_iso":"NGA"},{"h3index":"8758067abffffff","population_2015":2424.4119103002,"total_built_mass_tons":263778.8882509519,"city_id":2323,"country_iso":"NGA"},{"h3index":"8758067adffffff","population_2015":36.2650711658,"total_built_mass_tons":2743.5101875176,"city_id":2323,"country_iso":"NGA"}]