[{"h3index":"873ce1249ffffff","population_2015":7.5944490433,"total_built_mass_tons":19547.0974022453,"city_id":10001,"country_iso":"IND"},{"h3index":"873cec500ffffff","population_2015":10.2483253479,"total_built_mass_tons":24320.8466798909,"city_id":10001,"country_iso":"IND"},{"h3index":"873cec501ffffff","population_2015":111.3309249878,"total_built_mass_tons":33558.8471180185,"city_id":10001,"country_iso":"IND"},{"h3index":"873cec504ffffff","population_2015":9.9675931931,"total_built_mass_tons":29693.8736699729,"city_id":10001,"country_iso":"IND"},{"h3index":"873cec505ffffff","population_2015":37.4376087189,"total_built_mass_tons":78841.5047944217,"city_id":10001,"country_iso":"IND"},{"h3index":"873cec506ffffff","population_2015":29.7563705444,"total_built_mass_tons":37258.6076958105,"city_id":10001,"country_iso":"IND"},{"h3index":"873cec510ffffff","population_2015":9.4016475677,"total_built_mass_tons":40191.2045392685,"city_id":10001,"country_iso":"IND"},{"h3index":"873cec513ffffff","population_2015":62.0443487167,"total_built_mass_tons":34487.1121504134,"city_id":10001,"country_iso":"IND"},{"h3index":"873cec515ffffff","population_2015":58.0454692841,"total_built_mass_tons":32988.2886871116,"city_id":10001,"country_iso":"IND"},{"h3index":"873cec521ffffff","population_2015":27.2677412033,"total_built_mass_tons":39000.6216987443,"city_id":10001,"country_iso":"IND"},{"h3index":"873cec522ffffff","population_2015":11.1563920975,"total_built_mass_tons":29138.8879472186,"city_id":10001,"country_iso":"IND"},{"h3index":"873cec528ffffff","population_2015":29.9468603134,"total_built_mass_tons":27181.4079278025,"city_id":10001,"country_iso":"IND"},{"h3index":"873cec52affffff","population_2015":48.2141237259,"total_built_mass_tons":29027.0008325337,"city_id":10001,"country_iso":"IND"},{"h3index":"873cec52bffffff","population_2015":51.8323070302,"total_built_mass_tons":29381.3532358443,"city_id":10001,"country_iso":"IND"},{"h3index":"873cec52dffffff","population_2015":15.9306869507,"total_built_mass_tons":26492.5669578546,"city_id":10001,"country_iso":"IND"},{"h3index":"873cec52effffff","population_2015":107.3590211868,"total_built_mass_tons":64477.0538508218,"city_id":10001,"country_iso":"IND"},{"h3index":"873cec574ffffff","population_2015":80.150845853,"total_built_mass_tons":22956.8135707712,"city_id":10001,"country_iso":"IND"},{"h3index":"873cec576ffffff","population_2015":139.2656232946,"total_built_mass_tons":46071.2992382837,"city_id":10001,"country_iso":"IND"},{"h3index":"873ceccd0ffffff","population_2015":15.6431488991,"total_built_mass_tons":17556.6900157665,"city_id":10001,"country_iso":"IND"},{"h3index":"873ceccd2ffffff","population_2015":5.5484433174,"total_built_mass_tons":34957.6571049278,"city_id":10001,"country_iso":"IND"}]