[{"h3index":"87580e745ffffff","population_2015":69.3001435224,"total_built_mass_tons":9977.4611218214,"city_id":2708,"country_iso":"NGA"},{"h3index":"87580e748ffffff","population_2015":206.6207427979,"total_built_mass_tons":16085.804155416,"city_id":2708,"country_iso":"NGA"},{"h3index":"87580e74cffffff","population_2015":610.2760406195,"total_built_mass_tons":59721.7806556945,"city_id":2708,"country_iso":"NGA"},{"h3index":"87580e768ffffff","population_2015":24620.4752422856,"total_built_mass_tons":2041450.72101222,"city_id":2708,"country_iso":"NGA"},{"h3index":"87580e769ffffff","population_2015":1077.5996659148,"total_built_mass_tons":110106.058851377,"city_id":2708,"country_iso":"NGA"},{"h3index":"87580e76affffff","population_2015":17.8934266707,"total_built_mass_tons":6410.8044877,"city_id":2708,"country_iso":"NGA"},{"h3index":"87580e76bffffff","population_2015":4335.3159349404,"total_built_mass_tons":395227.8659072284,"city_id":2708,"country_iso":"NGA"},{"h3index":"87580e76cffffff","population_2015":5528.7634630989,"total_built_mass_tons":455947.7760048288,"city_id":2708,"country_iso":"NGA"},{"h3index":"87580e76dffffff","population_2015":1122.5242250031,"total_built_mass_tons":173922.8492984609,"city_id":2708,"country_iso":"NGA"},{"h3index":"87580e76effffff","population_2015":1166.0696907417,"total_built_mass_tons":111964.8684280702,"city_id":2708,"country_iso":"NGA"}]