[{"h3index":"8731b4420ffffff","population_2015":17.852752247,"total_built_mass_tons":31863.5817504106,"city_id":10251,"country_iso":"CHN"},{"h3index":"8731b4422ffffff","population_2015":0.7499627169,"total_built_mass_tons":2540.3588896984,"city_id":10251,"country_iso":"CHN"},{"h3index":"8731b4426ffffff","population_2015":1222.0992192661,"total_built_mass_tons":632034.2345740525,"city_id":10251,"country_iso":"CHN"},{"h3index":"8731b4434ffffff","population_2015":8249.1645023037,"total_built_mass_tons":3885711.5392983458,"city_id":10251,"country_iso":"CHN"},{"h3index":"8731b4435ffffff","population_2015":748.0785857799,"total_built_mass_tons":618455.6554618274,"city_id":10251,"country_iso":"CHN"},{"h3index":"8731b4436ffffff","population_2015":562.0335455418,"total_built_mass_tons":356875.0637325975,"city_id":10251,"country_iso":"CHN"},{"h3index":"8731b451affffff","population_2015":3662.894367355,"total_built_mass_tons":1419218.893209382,"city_id":10251,"country_iso":"CHN"},{"h3index":"8731b451bffffff","population_2015":4344.7031194042,"total_built_mass_tons":2060885.0230277504,"city_id":10251,"country_iso":"CHN"},{"h3index":"8731b45a8ffffff","population_2015":0.2036081501,"total_built_mass_tons":535.0634517007,"city_id":10251,"country_iso":"CHN"},{"h3index":"8731b45a9ffffff","population_2015":2646.3234994664,"total_built_mass_tons":940250.629913248,"city_id":10251,"country_iso":"CHN"},{"h3index":"8731b45acffffff","population_2015":8.6160213499,"total_built_mass_tons":8733.564059545,"city_id":10251,"country_iso":"CHN"},{"h3index":"8731b45adffffff","population_2015":1390.6987333597,"total_built_mass_tons":688860.0961554497,"city_id":10251,"country_iso":"CHN"}]