[{"h3index":"8724ceb44ffffff","population_2015":1910.1391436035,"total_built_mass_tons":808109.2032871314,"city_id":10244,"country_iso":"CHN"},{"h3index":"8724ceb45ffffff","population_2015":2399.4231584848,"total_built_mass_tons":988948.517558812,"city_id":10244,"country_iso":"CHN"},{"h3index":"8724ceb60ffffff","population_2015":22.4043467148,"total_built_mass_tons":22593.2218709198,"city_id":10244,"country_iso":"CHN"},{"h3index":"8724ceb62ffffff","population_2015":302.9217619354,"total_built_mass_tons":500260.3414538177,"city_id":10244,"country_iso":"CHN"},{"h3index":"8724ceb63ffffff","population_2015":4063.0637044205,"total_built_mass_tons":1886630.3039567217,"city_id":10244,"country_iso":"CHN"},{"h3index":"8724ceb6effffff","population_2015":87.3702462309,"total_built_mass_tons":78243.4428908438,"city_id":10244,"country_iso":"CHN"},{"h3index":"8724ceb71ffffff","population_2015":6.5618720055,"total_built_mass_tons":19519.1352211908,"city_id":10244,"country_iso":"CHN"}]