[{"h3index":"872d53203ffffff","population_2015":3196.2871924812,"total_built_mass_tons":948720.862840484,"city_id":4625,"country_iso":"RUS"},{"h3index":"872d5320affffff","population_2015":721.2308723394,"total_built_mass_tons":208500.5710469709,"city_id":4625,"country_iso":"RUS"},{"h3index":"872d5320effffff","population_2015":3240.7698774543,"total_built_mass_tons":840132.9918076835,"city_id":4625,"country_iso":"RUS"},{"h3index":"872d53218ffffff","population_2015":705.2956050536,"total_built_mass_tons":271169.2102745728,"city_id":4625,"country_iso":"RUS"},{"h3index":"872d53219ffffff","population_2015":14425.231223731,"total_built_mass_tons":3124272.3218376846,"city_id":4625,"country_iso":"RUS"},{"h3index":"872d5321bffffff","population_2015":4558.2645764201,"total_built_mass_tons":1177799.9945470495,"city_id":4625,"country_iso":"RUS"},{"h3index":"872d5321cffffff","population_2015":0.1899623198,"total_built_mass_tons":824.9718112637,"city_id":4625,"country_iso":"RUS"},{"h3index":"872d5321dffffff","population_2015":9718.8292197807,"total_built_mass_tons":2379821.7818124765,"city_id":4625,"country_iso":"RUS"},{"h3index":"872d532c4ffffff","population_2015":9246.7552315188,"total_built_mass_tons":2447851.9910848518,"city_id":4625,"country_iso":"RUS"},{"h3index":"872d532c5ffffff","population_2015":775.4421102468,"total_built_mass_tons":570472.7144926621,"city_id":4625,"country_iso":"RUS"},{"h3index":"872d532e0ffffff","population_2015":5622.9693890702,"total_built_mass_tons":1063797.9704580423,"city_id":4625,"country_iso":"RUS"},{"h3index":"872d532e2ffffff","population_2015":21791.6768878675,"total_built_mass_tons":4369695.7840490546,"city_id":4625,"country_iso":"RUS"},{"h3index":"872d532e3ffffff","population_2015":685.5051791827,"total_built_mass_tons":227804.525314826,"city_id":4625,"country_iso":"RUS"},{"h3index":"872d532e4ffffff","population_2015":12534.8239209007,"total_built_mass_tons":2989007.4815733451,"city_id":4625,"country_iso":"RUS"},{"h3index":"872d532e5ffffff","population_2015":552.9948544147,"total_built_mass_tons":240843.2261971058,"city_id":4625,"country_iso":"RUS"},{"h3index":"872d532e6ffffff","population_2015":24261.4025103401,"total_built_mass_tons":5690871.1906519495,"city_id":4625,"country_iso":"RUS"},{"h3index":"872d532f0ffffff","population_2015":105.5331142257,"total_built_mass_tons":55986.0350672699,"city_id":4625,"country_iso":"RUS"},{"h3index":"872d532f1ffffff","population_2015":9317.0738119761,"total_built_mass_tons":1867198.5453326025,"city_id":4625,"country_iso":"RUS"},{"h3index":"872d532f5ffffff","population_2015":8760.1810202533,"total_built_mass_tons":3032296.453613061,"city_id":4625,"country_iso":"RUS"}]