[{"h3index":"8764ab088ffffff","population_2015":1539.9571864614,"total_built_mass_tons":313068.7783308838,"city_id":10238,"country_iso":"MMR"},{"h3index":"8764ab08affffff","population_2015":687.38053239,"total_built_mass_tons":207848.8808099705,"city_id":10238,"country_iso":"MMR"},{"h3index":"8764ab08bffffff","population_2015":4320.6251684002,"total_built_mass_tons":930717.1082378617,"city_id":10238,"country_iso":"MMR"},{"h3index":"8764ab08cffffff","population_2015":4.6262711301,"total_built_mass_tons":3748.5713293735,"city_id":10238,"country_iso":"MMR"},{"h3index":"8764ab08effffff","population_2015":35.3141070067,"total_built_mass_tons":20403.605288511,"city_id":10238,"country_iso":"MMR"},{"h3index":"8764ab724ffffff","population_2015":332.4418322357,"total_built_mass_tons":64785.2849519205,"city_id":10238,"country_iso":"MMR"}]