[{"h3index": "873e2da40ffffff", "population_2015": 1824.193609293769, "total_built_mass_tons": 391241.5896396635, "city_id": 3601, "country_iso": "EGY"}, {"h3index": "873e2da41ffffff", "population_2015": 6151.178225028282, "total_built_mass_tons": 948672.1995002598, "city_id": 3601, "country_iso": "EGY"}, {"h3index": "873e2da44ffffff", "population_2015": 4591.044870850618, "total_built_mass_tons": 905953.0664096376, "city_id": 3601, "country_iso": "EGY"}, {"h3index": "873e2da45ffffff", "population_2015": 29326.798368895285, "total_built_mass_tons": 3685200.468630064, "city_id": 3601, "country_iso": "EGY"}, {"h3index": "873e2da46ffffff", "population_2015": 19.771655077092788, "total_built_mass_tons": 10538.944782201876, "city_id": 3601, "country_iso": "EGY"}, {"h3index": "873e2da48ffffff", "population_2015": 1455.5457270229565, "total_built_mass_tons": 267977.24519915844, "city_id": 3601, "country_iso": "EGY"}, {"h3index": "873e2da4cffffff", "population_2015": 5870.553853471608, "total_built_mass_tons": 997760.7742083048, "city_id": 3601, "country_iso": "EGY"}, {"h3index": "873e2da4dffffff", "population_2015": 737.2800607120289, "total_built_mass_tons": 233442.9640821918, "city_id": 3601, "country_iso": "EGY"}, {"h3index": "873e2da62ffffff", "population_2015": 68.29538144691318, "total_built_mass_tons": 112656.47737463862, "city_id": 3601, "country_iso": "EGY"}, {"h3index": "873e2da63ffffff", "population_2015": 208.336591796314, "total_built_mass_tons": 212729.28720904072, "city_id": 3601, "country_iso": "EGY"}, {"h3index": "873e2da68ffffff", "population_2015": 760.8195542774947, "total_built_mass_tons": 327240.00811889, "city_id": 3601, "country_iso": "EGY"}, {"h3index": "873e2da69ffffff", "population_2015": 326.96054108002613, "total_built_mass_tons": 187078.13867856975, "city_id": 3601, "country_iso": "EGY"}, {"h3index": "873e2da6affffff", "population_2015": 18924.36105521988, "total_built_mass_tons": 2739099.8535246127, "city_id": 3601, "country_iso": "EGY"}, {"h3index": "873e2da6bffffff", "population_2015": 2410.7076598522717, "total_built_mass_tons": 512967.09003015, "city_id": 3601, "country_iso": "EGY"}, {"h3index": "873e2da6effffff", "population_2015": 212.42809707604204, "total_built_mass_tons": 60158.879351951255, "city_id": 3601, "country_iso": "EGY"}, {"h3index": "873e2da70ffffff", "population_2015": 149.19962989021752, "total_built_mass_tons": 75485.91353316895, "city_id": 3601, "country_iso": "EGY"}, {"h3index": "873e2da71ffffff", "population_2015": 396.62753401550594, "total_built_mass_tons": 254230.53256773215, "city_id": 3601, "country_iso": "EGY"}]