[{"h3index": "877525012ffffff", "population_2015": 319.87460464028743, "total_built_mass_tons": 127389.6758936466, "city_id": 1866, "country_iso": "GHA"}, {"h3index": "87752501affffff", "population_2015": 1784.159825440949, "total_built_mass_tons": 434914.47428280994, "city_id": 1866, "country_iso": "GHA"}, {"h3index": "87752501bffffff", "population_2015": 290.4014768151676, "total_built_mass_tons": 150536.0728873089, "city_id": 1866, "country_iso": "GHA"}, {"h3index": "87752501effffff", "population_2015": 32.078053560443955, "total_built_mass_tons": 6292.619773824546, "city_id": 1866, "country_iso": "GHA"}, {"h3index": "877525080ffffff", "population_2015": 13.833373466192509, "total_built_mass_tons": 3430.341623781445, "city_id": 1866, "country_iso": "GHA"}, {"h3index": "877525081ffffff", "population_2015": 1421.626135553098, "total_built_mass_tons": 487069.7522686992, "city_id": 1866, "country_iso": "GHA"}, {"h3index": "877525085ffffff", "population_2015": 1911.7048401552088, "total_built_mass_tons": 563297.4701789764, "city_id": 1866, "country_iso": "GHA"}, {"h3index": "877525088ffffff", "population_2015": 257.66605157665174, "total_built_mass_tons": 141002.8063741863, "city_id": 1866, "country_iso": "GHA"}, {"h3index": "87752508cffffff", "population_2015": 3293.609287164725, "total_built_mass_tons": 967625.207884711, "city_id": 1866, "country_iso": "GHA"}, {"h3index": "87752508dffffff", "population_2015": 2630.433942585365, "total_built_mass_tons": 891157.2253803214, "city_id": 1866, "country_iso": "GHA"}, {"h3index": "87752508effffff", "population_2015": 319.1464268852683, "total_built_mass_tons": 151938.95321547927, "city_id": 1866, "country_iso": "GHA"}, {"h3index": "8775250a0ffffff", "population_2015": 1479.5071771883495, "total_built_mass_tons": 351493.7351809009, "city_id": 1866, "country_iso": "GHA"}, {"h3index": "8775250a1ffffff", "population_2015": 2979.7299349317364, "total_built_mass_tons": 777083.4784946935, "city_id": 1866, "country_iso": "GHA"}, {"h3index": "8775250a2ffffff", "population_2015": 283.8757770687926, "total_built_mass_tons": 44097.40479515363, "city_id": 1866, "country_iso": "GHA"}, {"h3index": "8775250a3ffffff", "population_2015": 2995.1979952718693, "total_built_mass_tons": 620104.3654292995, "city_id": 1866, "country_iso": "GHA"}, {"h3index": "8775250a5ffffff", "population_2015": 201.998950621661, "total_built_mass_tons": 49932.607109763296, "city_id": 1866, "country_iso": "GHA"}, {"h3index": "8775250a6ffffff", "population_2015": 2.6864451688878677, "total_built_mass_tons": 493.20346092559623, "city_id": 1866, "country_iso": "GHA"}, {"h3index": "8775250a8ffffff", "population_2015": 12962.522487849816, "total_built_mass_tons": 2565591.581991432, "city_id": 1866, "country_iso": "GHA"}, {"h3index": "8775250a9ffffff", "population_2015": 9218.606174379234, "total_built_mass_tons": 2154528.49490965, "city_id": 1866, "country_iso": "GHA"}, {"h3index": "8775250aaffffff", "population_2015": 2141.3660461350983, "total_built_mass_tons": 582178.4691834497, "city_id": 1866, "country_iso": "GHA"}, {"h3index": "8775250abffffff", "population_2015": 11403.915752328609, "total_built_mass_tons": 2823775.999877607, "city_id": 1866, "country_iso": "GHA"}, {"h3index": "8775250acffffff", "population_2015": 4269.558423165714, "total_built_mass_tons": 1170006.4525918164, "city_id": 1866, "country_iso": "GHA"}, {"h3index": "8775250adffffff", "population_2015": 3970.139270924587, "total_built_mass_tons": 854574.0166841692, "city_id": 1866, "country_iso": "GHA"}, {"h3index": "8775250aeffffff", "population_2015": 5077.984456238092, "total_built_mass_tons": 1273831.8045202433, "city_id": 1866, "country_iso": "GHA"}, {"h3index": "8775250f4ffffff", "population_2015": 1638.5250200608198, "total_built_mass_tons": 287834.85664983303, "city_id": 1866, "country_iso": "GHA"}, {"h3index": "8775250f6ffffff", "population_2015": 1854.1335344725965, "total_built_mass_tons": 496288.16905443824, "city_id": 1866, "country_iso": "GHA"}]