[{"h3index": "8740a4486ffffff", "population_2015": 1130.0951887785218, "total_built_mass_tons": 821734.3575627946, "city_id": 11549, "country_iso": "CHN"}, {"h3index": "8740a4494ffffff", "population_2015": 9752.497677439802, "total_built_mass_tons": 2954785.0044138655, "city_id": 11549, "country_iso": "CHN"}, {"h3index": "8740a4495ffffff", "population_2015": 1964.5607819276695, "total_built_mass_tons": 600315.5060172809, "city_id": 11549, "country_iso": "CHN"}, {"h3index": "8740a4496ffffff", "population_2015": 3672.618079350508, "total_built_mass_tons": 1715940.1871534565, "city_id": 11549, "country_iso": "CHN"}, {"h3index": "8740a44b1ffffff", "population_2015": 20.54125021392224, "total_built_mass_tons": 26498.450272589103, "city_id": 11549, "country_iso": "CHN"}, {"h3index": "8740a44b2ffffff", "population_2015": 3218.127048160517, "total_built_mass_tons": 1588711.9104696517, "city_id": 11549, "country_iso": "CHN"}, {"h3index": "8740a44b3ffffff", "population_2015": 8805.104942796741, "total_built_mass_tons": 3549692.1224875734, "city_id": 11549, "country_iso": "CHN"}, {"h3index": "8740a6800ffffff", "population_2015": 119468.10448366802, "total_built_mass_tons": 15447716.986591475, "city_id": 11549, "country_iso": "CHN"}, {"h3index": "8740a6801ffffff", "population_2015": 128891.4653390024, "total_built_mass_tons": 11686530.190841522, "city_id": 11549, "country_iso": "CHN"}, {"h3index": "8740a6802ffffff", "population_2015": 120353.09613482906, "total_built_mass_tons": 9253127.029425535, "city_id": 11549, "country_iso": "CHN"}, {"h3index": "8740a6803ffffff", "population_2015": 161436.3097913854, "total_built_mass_tons": 14024344.869238842, "city_id": 11549, "country_iso": "CHN"}, {"h3index": "8740a6804ffffff", "population_2015": 73665.43475712795, "total_built_mass_tons": 2369464.266824158, "city_id": 11549, "country_iso": "CHN"}, {"h3index": "8740a6805ffffff", "population_2015": 115866.5201174867, "total_built_mass_tons": 12245958.139783869, "city_id": 11549, "country_iso": "CHN"}, {"h3index": "8740a6806ffffff", "population_2015": 38523.92540839326, "total_built_mass_tons": 3198153.922932299, "city_id": 11549, "country_iso": "CHN"}, {"h3index": "8740a6808ffffff", "population_2015": 70011.28533597085, "total_built_mass_tons": 5207725.22730656, "city_id": 11549, "country_iso": "CHN"}, {"h3index": "8740a6809ffffff", "population_2015": 22058.107587065417, "total_built_mass_tons": 5639053.621292526, "city_id": 11549, "country_iso": "CHN"}, {"h3index": "8740a680affffff", "population_2015": 78393.89870100585, "total_built_mass_tons": 9207547.904149694, "city_id": 11549, "country_iso": "CHN"}, {"h3index": "8740a680bffffff", "population_2015": 14186.38349719889, "total_built_mass_tons": 2690549.815923359, "city_id": 11549, "country_iso": "CHN"}, {"h3index": "8740a680cffffff", "population_2015": 71031.48679966645, "total_built_mass_tons": 6991858.64040421, "city_id": 11549, "country_iso": "CHN"}, {"h3index": "8740a680dffffff", "population_2015": 86366.22257579726, "total_built_mass_tons": 6745343.314067056, "city_id": 11549, "country_iso": "CHN"}, {"h3index": "8740a680effffff", "population_2015": 111553.8277501424, "total_built_mass_tons": 7315402.191374853, "city_id": 11549, "country_iso": "CHN"}, {"h3index": "8740a6810ffffff", "population_2015": 42340.38233343012, "total_built_mass_tons": 2674542.5644081673, "city_id": 11549, "country_iso": "CHN"}, {"h3index": "8740a6811ffffff", "population_2015": 36894.51604279536, "total_built_mass_tons": 8093297.98573058, "city_id": 11549, "country_iso": "CHN"}, {"h3index": "8740a6812ffffff", "population_2015": 7347.11871752879, "total_built_mass_tons": 4872256.35802216, "city_id": 11549, "country_iso": "CHN"}, {"h3index": "8740a6813ffffff", "population_2015": 8703.146839081077, "total_built_mass_tons": 6633798.762097266, "city_id": 11549, "country_iso": "CHN"}, {"h3index": "8740a6814ffffff", "population_2015": 18235.179603606583, "total_built_mass_tons": 2608367.106849801, "city_id": 11549, "country_iso": "CHN"}, {"h3index": "8740a6815ffffff", "population_2015": 16898.045373196695, "total_built_mass_tons": 2568238.127604071, "city_id": 11549, "country_iso": "CHN"}, {"h3index": "8740a6816ffffff", "population_2015": 109.23229464362647, "total_built_mass_tons": 297713.6165512769, "city_id": 11549, "country_iso": "CHN"}, {"h3index": "8740a6818ffffff", "population_2015": 2558.9340616132704, "total_built_mass_tons": 2149533.658873856, "city_id": 11549, "country_iso": "CHN"}, {"h3index": "8740a6819ffffff", "population_2015": 49433.11958217341, "total_built_mass_tons": 5258718.927504494, "city_id": 11549, "country_iso": "CHN"}, {"h3index": "8740a681bffffff", "population_2015": 150.23987389732807, "total_built_mass_tons": 183365.1254333849, "city_id": 11549, "country_iso": "CHN"}, {"h3index": "8740a681cffffff", "population_2015": 28766.73320204417, "total_built_mass_tons": 8339126.442627888, "city_id": 11549, "country_iso": "CHN"}, {"h3index": "8740a681dffffff", "population_2015": 59541.72987187891, "total_built_mass_tons": 7602942.368216567, "city_id": 11549, "country_iso": "CHN"}, {"h3index": "8740a681effffff", "population_2015": 1951.285527484558, "total_built_mass_tons": 3112032.4135092692, "city_id": 11549, "country_iso": "CHN"}, {"h3index": "8740a6820ffffff", "population_2015": 90260.12570000444, "total_built_mass_tons": 8832967.509359073, "city_id": 11549, "country_iso": "CHN"}, {"h3index": "8740a6821ffffff", "population_2015": 133384.93440545775, "total_built_mass_tons": 8881846.582721826, "city_id": 11549, "country_iso": "CHN"}, {"h3index": "8740a6822ffffff", "population_2015": 53393.00133818083, "total_built_mass_tons": 3619403.689721099, "city_id": 11549, "country_iso": "CHN"}, {"h3index": "8740a6823ffffff", "population_2015": 79490.25635606356, "total_built_mass_tons": 4701804.0444963025, "city_id": 11549, "country_iso": "CHN"}, {"h3index": "8740a6824ffffff", "population_2015": 131586.29068018595, "total_built_mass_tons": 10849110.385590486, "city_id": 11549, "country_iso": "CHN"}, {"h3index": "8740a6825ffffff", "population_2015": 118402.82920624978, "total_built_mass_tons": 8315430.760569754, "city_id": 11549, "country_iso": "CHN"}, {"h3index": "8740a6826ffffff", "population_2015": 83701.82971946866, "total_built_mass_tons": 10321450.218106885, "city_id": 11549, "country_iso": "CHN"}, {"h3index": "8740a6828ffffff", "population_2015": 125736.31714579268, "total_built_mass_tons": 5060984.646105969, "city_id": 11549, "country_iso": "CHN"}, {"h3index": "8740a6829ffffff", "population_2015": 93510.0053892473, "total_built_mass_tons": 8296772.400828242, "city_id": 11549, "country_iso": "CHN"}, {"h3index": "8740a682affffff", "population_2015": 254428.50637003567, "total_built_mass_tons": 14250432.470939912, "city_id": 11549, "country_iso": "CHN"}, {"h3index": "8740a682bffffff", "population_2015": 129029.46726714486, "total_built_mass_tons": 8587983.970565848, "city_id": 11549, "country_iso": "CHN"}, {"h3index": "8740a682cffffff", "population_2015": 38240.61048376046, "total_built_mass_tons": 7579204.580773461, "city_id": 11549, "country_iso": "CHN"}, {"h3index": "8740a682dffffff", "population_2015": 54897.984695000734, "total_built_mass_tons": 4895992.071865772, "city_id": 11549, "country_iso": "CHN"}, {"h3index": "8740a682effffff", "population_2015": 99537.7502163008, "total_built_mass_tons": 4917721.465001305, "city_id": 11549, "country_iso": "CHN"}, {"h3index": "8740a6830ffffff", "population_2015": 40894.899643931654, "total_built_mass_tons": 10869465.80819423, "city_id": 11549, "country_iso": "CHN"}, {"h3index": "8740a6831ffffff", "population_2015": 54701.82832800548, "total_built_mass_tons": 8353385.061918453, "city_id": 11549, "country_iso": "CHN"}, {"h3index": "8740a6832ffffff", "population_2015": 51392.924201585745, "total_built_mass_tons": 7792930.746955341, "city_id": 11549, "country_iso": "CHN"}, {"h3index": "8740a6833ffffff", "population_2015": 54119.90077709124, "total_built_mass_tons": 7616410.948578496, "city_id": 11549, "country_iso": "CHN"}, {"h3index": "8740a6834ffffff", "population_2015": 22679.170197412073, "total_built_mass_tons": 3524245.177134829, "city_id": 11549, "country_iso": "CHN"}, {"h3index": "8740a6835ffffff", "population_2015": 46390.72902237387, "total_built_mass_tons": 7717291.698365193, "city_id": 11549, "country_iso": "CHN"}, {"h3index": "8740a6836ffffff", "population_2015": 21742.24939347248, "total_built_mass_tons": 2603406.785304823, "city_id": 11549, "country_iso": "CHN"}, {"h3index": "8740a6840ffffff", "population_2015": 3688.914969637114, "total_built_mass_tons": 683255.678994424, "city_id": 11549, "country_iso": "CHN"}, {"h3index": "8740a6841ffffff", "population_2015": 661.7311029677297, "total_built_mass_tons": 235255.948062436, "city_id": 11549, "country_iso": "CHN"}, {"h3index": "8740a6842ffffff", "population_2015": 40656.13091082548, "total_built_mass_tons": 4284610.057552807, "city_id": 11549, "country_iso": "CHN"}, {"h3index": "8740a6843ffffff", "population_2015": 214.18705092732816, "total_built_mass_tons": 1966210.9176637847, "city_id": 11549, "country_iso": "CHN"}, {"h3index": "8740a6844ffffff", "population_2015": 3298.761361214227, "total_built_mass_tons": 1911638.7095650844, "city_id": 11549, "country_iso": "CHN"}, {"h3index": "8740a6845ffffff", "population_2015": 1216.3178339098013, "total_built_mass_tons": 629332.9314916607, "city_id": 11549, "country_iso": "CHN"}, {"h3index": "8740a6846ffffff", "population_2015": 12436.166408547697, "total_built_mass_tons": 3892638.4855011934, "city_id": 11549, "country_iso": "CHN"}, {"h3index": "8740a6849ffffff", "population_2015": 33.27411642296642, "total_built_mass_tons": 45528.576560686, "city_id": 11549, "country_iso": "CHN"}, {"h3index": "8740a684dffffff", "population_2015": 481.2402423152736, "total_built_mass_tons": 453620.4605888426, "city_id": 11549, "country_iso": "CHN"}, {"h3index": "8740a6850ffffff", "population_2015": 7266.45732402708, "total_built_mass_tons": 1969458.5674873465, "city_id": 11549, "country_iso": "CHN"}, {"h3index": "8740a6851ffffff", "population_2015": 54648.189310371185, "total_built_mass_tons": 7690854.242826709, "city_id": 11549, "country_iso": "CHN"}, {"h3index": "8740a6852ffffff", "population_2015": 2747.352918953989, "total_built_mass_tons": 1349783.265469244, "city_id": 11549, "country_iso": "CHN"}, {"h3index": "8740a6853ffffff", "population_2015": 10572.487934336008, "total_built_mass_tons": 4185831.817251444, "city_id": 11549, "country_iso": "CHN"}, {"h3index": "8740a6854ffffff", "population_2015": 34899.13667571125, "total_built_mass_tons": 6507436.54704561, "city_id": 11549, "country_iso": "CHN"}, {"h3index": "8740a6855ffffff", "population_2015": 27220.686718031942, "total_built_mass_tons": 3357502.021060695, "city_id": 11549, "country_iso": "CHN"}, {"h3index": "8740a6856ffffff", "population_2015": 13529.0401840425, "total_built_mass_tons": 3274338.0795711726, "city_id": 11549, "country_iso": "CHN"}, {"h3index": "8740a6858ffffff", "population_2015": 401.1346954595809, "total_built_mass_tons": 178896.8342373032, "city_id": 11549, "country_iso": "CHN"}, {"h3index": "8740a685affffff", "population_2015": 513.6675585802864, "total_built_mass_tons": 59103.20253933024, "city_id": 11549, "country_iso": "CHN"}, {"h3index": "8740a685cffffff", "population_2015": 21466.68449608836, "total_built_mass_tons": 4677899.31483632, "city_id": 11549, "country_iso": "CHN"}, {"h3index": "8740a685effffff", "population_2015": 13645.065242868306, "total_built_mass_tons": 1794937.8333461266, "city_id": 11549, "country_iso": "CHN"}, {"h3index": "8740a6860ffffff", "population_2015": 1089.647450340028, "total_built_mass_tons": 609805.349922997, "city_id": 11549, "country_iso": "CHN"}, {"h3index": "8740a6861ffffff", "population_2015": 614.4193639152189, "total_built_mass_tons": 160716.13948299363, "city_id": 11549, "country_iso": "CHN"}, {"h3index": "8740a6862ffffff", "population_2015": 6809.734213395213, "total_built_mass_tons": 1826645.683235163, "city_id": 11549, "country_iso": "CHN"}, {"h3index": "8740a6863ffffff", "population_2015": 8379.9566532509, "total_built_mass_tons": 2331620.2716259384, "city_id": 11549, "country_iso": "CHN"}, {"h3index": "8740a6864ffffff", "population_2015": 10176.32013868444, "total_built_mass_tons": 2764352.4100261545, "city_id": 11549, "country_iso": "CHN"}, {"h3index": "8740a6865ffffff", "population_2015": 5002.527961686078, "total_built_mass_tons": 2519566.3986247024, "city_id": 11549, "country_iso": "CHN"}, {"h3index": "8740a6866ffffff", "population_2015": 4992.5733077217565, "total_built_mass_tons": 2019256.712995558, "city_id": 11549, "country_iso": "CHN"}, {"h3index": "8740a6868ffffff", "population_2015": 4599.831869202035, "total_built_mass_tons": 776740.6084316543, "city_id": 11549, "country_iso": "CHN"}, {"h3index": "8740a6869ffffff", "population_2015": 19.384600773979635, "total_built_mass_tons": 47807.77881326068, "city_id": 11549, "country_iso": "CHN"}, {"h3index": "8740a686affffff", "population_2015": 918.1048535234788, "total_built_mass_tons": 347358.1691319969, "city_id": 11549, "country_iso": "CHN"}, {"h3index": "8740a686bffffff", "population_2015": 6740.907515721227, "total_built_mass_tons": 1302519.471647768, "city_id": 11549, "country_iso": "CHN"}, {"h3index": "8740a686effffff", "population_2015": 8305.84123825559, "total_built_mass_tons": 1803302.0465632137, "city_id": 11549, "country_iso": "CHN"}, {"h3index": "8740a6870ffffff", "population_2015": 34212.754098050726, "total_built_mass_tons": 5907896.2069110405, "city_id": 11549, "country_iso": "CHN"}, {"h3index": "8740a6871ffffff", "population_2015": 12068.13668630264, "total_built_mass_tons": 3336821.139492701, "city_id": 11549, "country_iso": "CHN"}, {"h3index": "8740a6872ffffff", "population_2015": 66897.53349162085, "total_built_mass_tons": 8591897.359143203, "city_id": 11549, "country_iso": "CHN"}, {"h3index": "8740a6873ffffff", "population_2015": 38303.130487213864, "total_built_mass_tons": 3523869.7598471213, "city_id": 11549, "country_iso": "CHN"}, {"h3index": "8740a6874ffffff", "population_2015": 34366.958121999094, "total_built_mass_tons": 8521736.21805357, "city_id": 11549, "country_iso": "CHN"}, {"h3index": "8740a6875ffffff", "population_2015": 6123.472788907033, "total_built_mass_tons": 2160812.5085549247, "city_id": 11549, "country_iso": "CHN"}, {"h3index": "8740a6876ffffff", "population_2015": 90053.66048471791, "total_built_mass_tons": 4953149.397622861, "city_id": 11549, "country_iso": "CHN"}, {"h3index": "8740a68a1ffffff", "population_2015": 248.774920871211, "total_built_mass_tons": 70674.70006593302, "city_id": 11549, "country_iso": "CHN"}, {"h3index": "8740a68a5ffffff", "population_2015": 123.14218003843344, "total_built_mass_tons": 76337.35327033125, "city_id": 11549, "country_iso": "CHN"}, {"h3index": "8740a68acffffff", "population_2015": 1242.7195581370706, "total_built_mass_tons": 1871426.5170633544, "city_id": 11549, "country_iso": "CHN"}, {"h3index": "8740a68c5ffffff", "population_2015": 141.73041820152133, "total_built_mass_tons": 42223.136141569536, "city_id": 11549, "country_iso": "CHN"}, {"h3index": "8740a68e0ffffff", "population_2015": 4654.630546734847, "total_built_mass_tons": 2187934.729938486, "city_id": 11549, "country_iso": "CHN"}, {"h3index": "8740a68e1ffffff", "population_2015": 375.1227851839627, "total_built_mass_tons": 511097.4873512083, "city_id": 11549, "country_iso": "CHN"}, {"h3index": "8740a68e2ffffff", "population_2015": 370.9899245089175, "total_built_mass_tons": 317950.9298580175, "city_id": 11549, "country_iso": "CHN"}, {"h3index": "8740a68e3ffffff", "population_2015": 1799.4552824450473, "total_built_mass_tons": 900164.608242266, "city_id": 11549, "country_iso": "CHN"}, {"h3index": "8740a68e4ffffff", "population_2015": 8719.771600084681, "total_built_mass_tons": 2938209.145221206, "city_id": 11549, "country_iso": "CHN"}, {"h3index": "8740a68e5ffffff", "population_2015": 5740.030888893557, "total_built_mass_tons": 2404094.944753342, "city_id": 11549, "country_iso": "CHN"}, {"h3index": "8740a68e6ffffff", "population_2015": 2515.901848872503, "total_built_mass_tons": 1128093.9423459363, "city_id": 11549, "country_iso": "CHN"}, {"h3index": "8740a68e8ffffff", "population_2015": 2897.590076194558, "total_built_mass_tons": 875608.3369402539, "city_id": 11549, "country_iso": "CHN"}, {"h3index": "8740a68eaffffff", "population_2015": 1550.4377525619434, "total_built_mass_tons": 629712.8751202668, "city_id": 11549, "country_iso": "CHN"}, {"h3index": "8740a68ebffffff", "population_2015": 28.62933788393058, "total_built_mass_tons": 57867.7758605261, "city_id": 11549, "country_iso": "CHN"}, {"h3index": "8740a68ecffffff", "population_2015": 3073.853272489473, "total_built_mass_tons": 1655336.2001438858, "city_id": 11549, "country_iso": "CHN"}, {"h3index": "8740a68edffffff", "population_2015": 5061.7071926331955, "total_built_mass_tons": 1974434.9858912032, "city_id": 11549, "country_iso": "CHN"}, {"h3index": "8740a68eeffffff", "population_2015": 6416.485136504268, "total_built_mass_tons": 1890784.8856544883, "city_id": 11549, "country_iso": "CHN"}, {"h3index": "8740a6900ffffff", "population_2015": 44212.15483189188, "total_built_mass_tons": 7538202.841352895, "city_id": 11549, "country_iso": "CHN"}, {"h3index": "8740a6901ffffff", "population_2015": 25349.06848376218, "total_built_mass_tons": 3201355.5120186545, "city_id": 11549, "country_iso": "CHN"}, {"h3index": "8740a6902ffffff", "population_2015": 70138.48821392059, "total_built_mass_tons": 9915556.920006463, "city_id": 11549, "country_iso": "CHN"}, {"h3index": "8740a6903ffffff", "population_2015": 11281.409736552894, "total_built_mass_tons": 9716221.627950188, "city_id": 11549, "country_iso": "CHN"}, {"h3index": "8740a6904ffffff", "population_2015": 43554.22969642153, "total_built_mass_tons": 4736067.195440538, "city_id": 11549, "country_iso": "CHN"}, {"h3index": "8740a6905ffffff", "population_2015": 51238.33848965963, "total_built_mass_tons": 5568619.216364458, "city_id": 11549, "country_iso": "CHN"}, {"h3index": "8740a6906ffffff", "population_2015": 39537.3408957313, "total_built_mass_tons": 5436702.482026815, "city_id": 11549, "country_iso": "CHN"}, {"h3index": "8740a6908ffffff", "population_2015": 54578.65541075913, "total_built_mass_tons": 3328243.2192667313, "city_id": 11549, "country_iso": "CHN"}, {"h3index": "8740a6909ffffff", "population_2015": 19692.98520226293, "total_built_mass_tons": 6105254.865722084, "city_id": 11549, "country_iso": "CHN"}, {"h3index": "8740a690affffff", "population_2015": 100947.57098377457, "total_built_mass_tons": 10197607.61917816, "city_id": 11549, "country_iso": "CHN"}, {"h3index": "8740a690bffffff", "population_2015": 112649.13502361633, "total_built_mass_tons": 8875739.68700413, "city_id": 11549, "country_iso": "CHN"}, {"h3index": "8740a690cffffff", "population_2015": 11225.552961267207, "total_built_mass_tons": 1519096.5023974795, "city_id": 11549, "country_iso": "CHN"}, {"h3index": "8740a690dffffff", "population_2015": 28609.97288239984, "total_built_mass_tons": 3691778.8780064248, "city_id": 11549, "country_iso": "CHN"}, {"h3index": "8740a690effffff", "population_2015": 11044.83113114226, "total_built_mass_tons": 4651745.748812856, "city_id": 11549, "country_iso": "CHN"}, {"h3index": "8740a6910ffffff", "population_2015": 675.9987892300475, "total_built_mass_tons": 206420.1974424637, "city_id": 11549, "country_iso": "CHN"}, {"h3index": "8740a6911ffffff", "population_2015": 16655.099822777396, "total_built_mass_tons": 1850333.7044943124, "city_id": 11549, "country_iso": "CHN"}, {"h3index": "8740a6912ffffff", "population_2015": 2772.82237738254, "total_built_mass_tons": 438070.9404034029, "city_id": 11549, "country_iso": "CHN"}, {"h3index": "8740a6913ffffff", "population_2015": 4165.468957728966, "total_built_mass_tons": 494679.4235319975, "city_id": 11549, "country_iso": "CHN"}, {"h3index": "8740a6914ffffff", "population_2015": 4792.156133612932, "total_built_mass_tons": 1202875.348747634, "city_id": 11549, "country_iso": "CHN"}, {"h3index": "8740a6915ffffff", "population_2015": 43753.20586418451, "total_built_mass_tons": 5678950.188032452, "city_id": 11549, "country_iso": "CHN"}, {"h3index": "8740a6918ffffff", "population_2015": 10603.315197434144, "total_built_mass_tons": 1881595.242733628, "city_id": 11549, "country_iso": "CHN"}, {"h3index": "8740a6919ffffff", "population_2015": 49859.14372159827, "total_built_mass_tons": 8591463.423068244, "city_id": 11549, "country_iso": "CHN"}, {"h3index": "8740a691bffffff", "population_2015": 17019.26256981457, "total_built_mass_tons": 1854021.8289882096, "city_id": 11549, "country_iso": "CHN"}, {"h3index": "8740a691cffffff", "population_2015": 31672.905499523753, "total_built_mass_tons": 4812159.572371442, "city_id": 11549, "country_iso": "CHN"}, {"h3index": "8740a691dffffff", "population_2015": 19242.231866716407, "total_built_mass_tons": 7399345.336582046, "city_id": 11549, "country_iso": "CHN"}, {"h3index": "8740a691effffff", "population_2015": 9685.433345446869, "total_built_mass_tons": 1534869.7637334547, "city_id": 11549, "country_iso": "CHN"}, {"h3index": "8740a6920ffffff", "population_2015": 7734.481168933472, "total_built_mass_tons": 3318707.3095819196, "city_id": 11549, "country_iso": "CHN"}, {"h3index": "8740a6921ffffff", "population_2015": 6228.48541556433, "total_built_mass_tons": 2065481.9398808395, "city_id": 11549, "country_iso": "CHN"}, {"h3index": "8740a6922ffffff", "population_2015": 3479.208311393214, "total_built_mass_tons": 4491456.17183236, "city_id": 11549, "country_iso": "CHN"}, {"h3index": "8740a6923ffffff", "population_2015": 12460.36379395092, "total_built_mass_tons": 3304853.4366019233, "city_id": 11549, "country_iso": "CHN"}, {"h3index": "8740a6924ffffff", "population_2015": 2963.462402264744, "total_built_mass_tons": 2149724.632591824, "city_id": 11549, "country_iso": "CHN"}, {"h3index": "8740a6925ffffff", "population_2015": 3213.4987934767023, "total_built_mass_tons": 1235099.042030367, "city_id": 11549, "country_iso": "CHN"}, {"h3index": "8740a6926ffffff", "population_2015": 2695.3060055174083, "total_built_mass_tons": 3046556.921520607, "city_id": 11549, "country_iso": "CHN"}, {"h3index": "8740a6928ffffff", "population_2015": 4272.944786267188, "total_built_mass_tons": 986964.9497031658, "city_id": 11549, "country_iso": "CHN"}, {"h3index": "8740a692affffff", "population_2015": 15249.916498170182, "total_built_mass_tons": 3676439.2061517183, "city_id": 11549, "country_iso": "CHN"}, {"h3index": "8740a692bffffff", "population_2015": 9127.515245772343, "total_built_mass_tons": 1184919.07052702, "city_id": 11549, "country_iso": "CHN"}, {"h3index": "8740a692cffffff", "population_2015": 3296.2144232525543, "total_built_mass_tons": 664182.8606915879, "city_id": 11549, "country_iso": "CHN"}, {"h3index": "8740a692dffffff", "population_2015": 1452.7281240538057, "total_built_mass_tons": 801670.2288111732, "city_id": 11549, "country_iso": "CHN"}, {"h3index": "8740a692effffff", "population_2015": 16973.052620625964, "total_built_mass_tons": 3371641.495131891, "city_id": 11549, "country_iso": "CHN"}, {"h3index": "8740a6930ffffff", "population_2015": 17953.099120232877, "total_built_mass_tons": 2679671.8765042974, "city_id": 11549, "country_iso": "CHN"}, {"h3index": "8740a6931ffffff", "population_2015": 25796.58233452731, "total_built_mass_tons": 3405681.4341384387, "city_id": 11549, "country_iso": "CHN"}, {"h3index": "8740a6932ffffff", "population_2015": 1796.5516986934576, "total_built_mass_tons": 1138224.439090964, "city_id": 11549, "country_iso": "CHN"}, {"h3index": "8740a6933ffffff", "population_2015": 9471.594714589795, "total_built_mass_tons": 2026104.214265924, "city_id": 11549, "country_iso": "CHN"}, {"h3index": "8740a6934ffffff", "population_2015": 25.926252464687124, "total_built_mass_tons": 62532.7819667959, "city_id": 11549, "country_iso": "CHN"}, {"h3index": "8740a6935ffffff", "population_2015": 17268.60034750419, "total_built_mass_tons": 2229952.7471078695, "city_id": 11549, "country_iso": "CHN"}, {"h3index": "8740a6936ffffff", "population_2015": 5.943916515743031, "total_built_mass_tons": 61981.98863720863, "city_id": 11549, "country_iso": "CHN"}, {"h3index": "8740a6940ffffff", "population_2015": 85.50987771352132, "total_built_mass_tons": 38886.58695906216, "city_id": 11549, "country_iso": "CHN"}, {"h3index": "8740a6941ffffff", "population_2015": 5429.851166235232, "total_built_mass_tons": 1413826.9610597494, "city_id": 11549, "country_iso": "CHN"}, {"h3index": "8740a6942ffffff", "population_2015": 1633.7032185881746, "total_built_mass_tons": 655657.1101586898, "city_id": 11549, "country_iso": "CHN"}, {"h3index": "8740a6943ffffff", "population_2015": 3923.446475882157, "total_built_mass_tons": 1882236.6680935817, "city_id": 11549, "country_iso": "CHN"}, {"h3index": "8740a6944ffffff", "population_2015": 195.79671841789693, "total_built_mass_tons": 216188.3947742599, "city_id": 11549, "country_iso": "CHN"}, {"h3index": "8740a6946ffffff", "population_2015": 4709.453560916116, "total_built_mass_tons": 1810532.4789950936, "city_id": 11549, "country_iso": "CHN"}, {"h3index": "8740a6948ffffff", "population_2015": 13554.24770209555, "total_built_mass_tons": 5636906.153435696, "city_id": 11549, "country_iso": "CHN"}, {"h3index": "8740a6949ffffff", "population_2015": 18181.579698134417, "total_built_mass_tons": 4802977.153755817, "city_id": 11549, "country_iso": "CHN"}, {"h3index": "8740a694affffff", "population_2015": 4010.6859766978832, "total_built_mass_tons": 1197394.9527480197, "city_id": 11549, "country_iso": "CHN"}, {"h3index": "8740a694bffffff", "population_2015": 16193.80745579215, "total_built_mass_tons": 6127261.221783596, "city_id": 11549, "country_iso": "CHN"}, {"h3index": "8740a694cffffff", "population_2015": 11373.96428249396, "total_built_mass_tons": 2386124.849073743, "city_id": 11549, "country_iso": "CHN"}, {"h3index": "8740a694dffffff", "population_2015": 5322.161276177801, "total_built_mass_tons": 1537509.378016917, "city_id": 11549, "country_iso": "CHN"}, {"h3index": "8740a694effffff", "population_2015": 3169.1495386609836, "total_built_mass_tons": 1256652.7418828593, "city_id": 11549, "country_iso": "CHN"}, {"h3index": "8740a6950ffffff", "population_2015": 19837.05159801595, "total_built_mass_tons": 4009410.6537054265, "city_id": 11549, "country_iso": "CHN"}, {"h3index": "8740a6951ffffff", "population_2015": 2395.55600311803, "total_built_mass_tons": 764451.5287678106, "city_id": 11549, "country_iso": "CHN"}, {"h3index": "8740a6952ffffff", "population_2015": 70495.56483168135, "total_built_mass_tons": 5681297.492111653, "city_id": 11549, "country_iso": "CHN"}, {"h3index": "8740a6953ffffff", "population_2015": 16611.485690075744, "total_built_mass_tons": 4145345.9071604274, "city_id": 11549, "country_iso": "CHN"}, {"h3index": "8740a6954ffffff", "population_2015": 7458.70906219903, "total_built_mass_tons": 3422880.25189876, "city_id": 11549, "country_iso": "CHN"}, {"h3index": "8740a6955ffffff", "population_2015": 9426.617472757547, "total_built_mass_tons": 4200264.830639081, "city_id": 11549, "country_iso": "CHN"}, {"h3index": "8740a6956ffffff", "population_2015": 20259.53735719756, "total_built_mass_tons": 10002250.859331418, "city_id": 11549, "country_iso": "CHN"}, {"h3index": "8740a6958ffffff", "population_2015": 3.3526181702520335, "total_built_mass_tons": 11562.998122037056, "city_id": 11549, "country_iso": "CHN"}, {"h3index": "8740a6959ffffff", "population_2015": 2274.5269004249108, "total_built_mass_tons": 1034243.377650914, "city_id": 11549, "country_iso": "CHN"}, {"h3index": "8740a695affffff", "population_2015": 7913.422596052581, "total_built_mass_tons": 926103.6461351854, "city_id": 11549, "country_iso": "CHN"}, {"h3index": "8740a695bffffff", "population_2015": 9316.149406652825, "total_built_mass_tons": 2471387.3643661942, "city_id": 11549, "country_iso": "CHN"}, {"h3index": "8740a695cffffff", "population_2015": 3938.5253897271905, "total_built_mass_tons": 2909265.72156493, "city_id": 11549, "country_iso": "CHN"}, {"h3index": "8740a695dffffff", "population_2015": 46.64952348143447, "total_built_mass_tons": 30643.873513506624, "city_id": 11549, "country_iso": "CHN"}, {"h3index": "8740a695effffff", "population_2015": 8522.368230085745, "total_built_mass_tons": 2862435.9714007005, "city_id": 11549, "country_iso": "CHN"}, {"h3index": "8740a696affffff", "population_2015": 29.922232429653988, "total_built_mass_tons": 18672.507382530726, "city_id": 11549, "country_iso": "CHN"}, {"h3index": "8740a696bffffff", "population_2015": 1494.2033058839688, "total_built_mass_tons": 213192.2228313425, "city_id": 11549, "country_iso": "CHN"}, {"h3index": "8740a6970ffffff", "population_2015": 1071.9129026221292, "total_built_mass_tons": 550682.037792356, "city_id": 11549, "country_iso": "CHN"}, {"h3index": "8740a6971ffffff", "population_2015": 5.984702052322088, "total_built_mass_tons": 4024.7156271179383, "city_id": 11549, "country_iso": "CHN"}, {"h3index": "8740a6972ffffff", "population_2015": 5196.34787978331, "total_built_mass_tons": 3963693.016050448, "city_id": 11549, "country_iso": "CHN"}, {"h3index": "8740a6973ffffff", "population_2015": 3853.833820719812, "total_built_mass_tons": 1573973.653047667, "city_id": 11549, "country_iso": "CHN"}, {"h3index": "8740a6976ffffff", "population_2015": 5047.032595600802, "total_built_mass_tons": 871937.2532694077, "city_id": 11549, "country_iso": "CHN"}, {"h3index": "8740a6980ffffff", "population_2015": 1075.735239309043, "total_built_mass_tons": 10779117.926895889, "city_id": 11549, "country_iso": "CHN"}, {"h3index": "8740a6981ffffff", "population_2015": 18803.47166303968, "total_built_mass_tons": 5477804.498229043, "city_id": 11549, "country_iso": "CHN"}, {"h3index": "8740a6982ffffff", "population_2015": 1191.9351291212242, "total_built_mass_tons": 7013246.1203299565, "city_id": 11549, "country_iso": "CHN"}, {"h3index": "8740a6983ffffff", "population_2015": 11080.762244328213, "total_built_mass_tons": 13669606.130274594, "city_id": 11549, "country_iso": "CHN"}, {"h3index": "8740a6984ffffff", "population_2015": 6054.501136667383, "total_built_mass_tons": 2486620.678480504, "city_id": 11549, "country_iso": "CHN"}, {"h3index": "8740a6985ffffff", "population_2015": 21091.990100560473, "total_built_mass_tons": 6505183.170405103, "city_id": 11549, "country_iso": "CHN"}, {"h3index": "8740a6986ffffff", "population_2015": 24775.83308898082, "total_built_mass_tons": 3223049.518823187, "city_id": 11549, "country_iso": "CHN"}, {"h3index": "8740a6988ffffff", "population_2015": 61227.76043046502, "total_built_mass_tons": 10515204.66950681, "city_id": 11549, "country_iso": "CHN"}, {"h3index": "8740a6989ffffff", "population_2015": 104136.3273690878, "total_built_mass_tons": 9084681.534168474, "city_id": 11549, "country_iso": "CHN"}, {"h3index": "8740a698affffff", "population_2015": 6629.8964186252315, "total_built_mass_tons": 3431321.781718898, "city_id": 11549, "country_iso": "CHN"}, {"h3index": "8740a698bffffff", "population_2015": 5881.944856765924, "total_built_mass_tons": 1642581.803847766, "city_id": 11549, "country_iso": "CHN"}, {"h3index": "8740a698cffffff", "population_2015": 7451.338840295754, "total_built_mass_tons": 2468983.260384485, "city_id": 11549, "country_iso": "CHN"}, {"h3index": "8740a698dffffff", "population_2015": 60432.892212695675, "total_built_mass_tons": 4275605.589701418, "city_id": 11549, "country_iso": "CHN"}, {"h3index": "8740a698effffff", "population_2015": 10632.852210118264, "total_built_mass_tons": 3809548.5736677647, "city_id": 11549, "country_iso": "CHN"}, {"h3index": "8740a6991ffffff", "population_2015": 279.9403796694442, "total_built_mass_tons": 647540.8241399146, "city_id": 11549, "country_iso": "CHN"}, {"h3index": "8740a6993ffffff", "population_2015": 632.9089458587123, "total_built_mass_tons": 475487.845297344, "city_id": 11549, "country_iso": "CHN"}, {"h3index": "8740a6998ffffff", "population_2015": 1436.1849067234523, "total_built_mass_tons": 1953323.9886121864, "city_id": 11549, "country_iso": "CHN"}, {"h3index": "8740a6999ffffff", "population_2015": 31.01119105535395, "total_built_mass_tons": 163877.19916255187, "city_id": 11549, "country_iso": "CHN"}, {"h3index": "8740a699cffffff", "population_2015": 8847.012970569174, "total_built_mass_tons": 6560551.516720505, "city_id": 11549, "country_iso": "CHN"}, {"h3index": "8740a699dffffff", "population_2015": 1537.378658622152, "total_built_mass_tons": 6180955.746437037, "city_id": 11549, "country_iso": "CHN"}, {"h3index": "8740a699effffff", "population_2015": 5697.049938407597, "total_built_mass_tons": 2977219.486821531, "city_id": 11549, "country_iso": "CHN"}, {"h3index": "8740a69a0ffffff", "population_2015": 1.9363398888531853, "total_built_mass_tons": 6126.858796616576, "city_id": 11549, "country_iso": "CHN"}, {"h3index": "8740a69a1ffffff", "population_2015": 11411.836935116737, "total_built_mass_tons": 1573811.5253606476, "city_id": 11549, "country_iso": "CHN"}, {"h3index": "8740a69a3ffffff", "population_2015": 8696.482461993137, "total_built_mass_tons": 1455898.845950182, "city_id": 11549, "country_iso": "CHN"}, {"h3index": "8740a69a8ffffff", "population_2015": 5052.441787672977, "total_built_mass_tons": 950419.2884360256, "city_id": 11549, "country_iso": "CHN"}, {"h3index": "8740a69a9ffffff", "population_2015": 17.036275625228882, "total_built_mass_tons": 470276.9989956495, "city_id": 11549, "country_iso": "CHN"}, {"h3index": "8740a69aaffffff", "population_2015": 17642.240311693677, "total_built_mass_tons": 3270260.4870819687, "city_id": 11549, "country_iso": "CHN"}, {"h3index": "8740a69abffffff", "population_2015": 779.4382376273472, "total_built_mass_tons": 653330.5466822191, "city_id": 11549, "country_iso": "CHN"}, {"h3index": "8740a69acffffff", "population_2015": 5530.047941166747, "total_built_mass_tons": 550503.320343537, "city_id": 11549, "country_iso": "CHN"}, {"h3index": "8740a69adffffff", "population_2015": 1048.1473495240307, "total_built_mass_tons": 578745.7992959599, "city_id": 11549, "country_iso": "CHN"}, {"h3index": "8740a69aeffffff", "population_2015": 19936.621069878223, "total_built_mass_tons": 3922209.422318317, "city_id": 11549, "country_iso": "CHN"}, {"h3index": "8740a69b1ffffff", "population_2015": 3941.5532810828263, "total_built_mass_tons": 199532.75167299577, "city_id": 11549, "country_iso": "CHN"}, {"h3index": "8740a69b3ffffff", "population_2015": 9.906168888348576, "total_built_mass_tons": 64705.21718666979, "city_id": 11549, "country_iso": "CHN"}, {"h3index": "8740a6b14ffffff", "population_2015": 3002.4445431353997, "total_built_mass_tons": 1397114.722606684, "city_id": 11549, "country_iso": "CHN"}, {"h3index": "8740a6b15ffffff", "population_2015": 6.886161430209291, "total_built_mass_tons": 6184.933676439283, "city_id": 11549, "country_iso": "CHN"}, {"h3index": "8740a6b30ffffff", "population_2015": 1655.191696019266, "total_built_mass_tons": 1032374.0846202855, "city_id": 11549, "country_iso": "CHN"}, {"h3index": "8740a6b31ffffff", "population_2015": 8.916026818518546, "total_built_mass_tons": 16191.64454687553, "city_id": 11549, "country_iso": "CHN"}, {"h3index": "8740a6b32ffffff", "population_2015": 27289.17410179961, "total_built_mass_tons": 6713511.890558568, "city_id": 11549, "country_iso": "CHN"}, {"h3index": "8740a6b33ffffff", "population_2015": 8006.919996330317, "total_built_mass_tons": 2810967.767775789, "city_id": 11549, "country_iso": "CHN"}, {"h3index": "8740a6b36ffffff", "population_2015": 3464.6645513240032, "total_built_mass_tons": 1271835.5322364322, "city_id": 11549, "country_iso": "CHN"}, {"h3index": "8740a6d6dffffff", "population_2015": 102.89127808365168, "total_built_mass_tons": 196549.78536445223, "city_id": 11549, "country_iso": "CHN"}, {"h3index": "874199289ffffff", "population_2015": 12.483105564117434, "total_built_mass_tons": 44039.07358392727, "city_id": 11549, "country_iso": "CHN"}, {"h3index": "87419928bffffff", "population_2015": 1700.3598029529342, "total_built_mass_tons": 715460.0335356563, "city_id": 11549, "country_iso": "CHN"}, {"h3index": "874199299ffffff", "population_2015": 2.4102365493774416, "total_built_mass_tons": 11793.39711927465, "city_id": 11549, "country_iso": "CHN"}, {"h3index": "87419929bffffff", "population_2015": 7656.466405435404, "total_built_mass_tons": 2321235.1414953843, "city_id": 11549, "country_iso": "CHN"}, {"h3index": "8741992c2ffffff", "population_2015": 30.425845565047915, "total_built_mass_tons": 20596.43748716944, "city_id": 11549, "country_iso": "CHN"}, {"h3index": "8741992d0ffffff", "population_2015": 1382.8049552141451, "total_built_mass_tons": 482422.87385876494, "city_id": 11549, "country_iso": "CHN"}, {"h3index": "8741992d1ffffff", "population_2015": 3908.046012240765, "total_built_mass_tons": 1993046.8350616123, "city_id": 11549, "country_iso": "CHN"}, {"h3index": "8741992d2ffffff", "population_2015": 2955.2782756861516, "total_built_mass_tons": 900137.9333371499, "city_id": 11549, "country_iso": "CHN"}, {"h3index": "8741992d3ffffff", "population_2015": 6132.852929397657, "total_built_mass_tons": 3502102.8998725973, "city_id": 11549, "country_iso": "CHN"}, {"h3index": "8741992d4ffffff", "population_2015": 1903.0350448010013, "total_built_mass_tons": 727164.1852211431, "city_id": 11549, "country_iso": "CHN"}, {"h3index": "8741992d5ffffff", "population_2015": 5686.8168864885965, "total_built_mass_tons": 1312600.042119353, "city_id": 11549, "country_iso": "CHN"}, {"h3index": "8741992d6ffffff", "population_2015": 9060.404224324691, "total_built_mass_tons": 1682936.488835328, "city_id": 11549, "country_iso": "CHN"}, {"h3index": "8741992deffffff", "population_2015": 578.57976157712, "total_built_mass_tons": 798669.4380152022, "city_id": 11549, "country_iso": "CHN"}]