[{"h3index":"872b814c0ffffff","population_2015":16546.0759333107,"total_built_mass_tons":3261406.6665991815,"city_id":1002,"country_iso":"CAN"},{"h3index":"872b814c1ffffff","population_2015":1509.2747534349,"total_built_mass_tons":475593.5689274939,"city_id":1002,"country_iso":"CAN"},{"h3index":"872b814c2ffffff","population_2015":15706.532781758,"total_built_mass_tons":3290377.3470052127,"city_id":1002,"country_iso":"CAN"},{"h3index":"872b814c3ffffff","population_2015":7055.2715558608,"total_built_mass_tons":1855829.9854688947,"city_id":1002,"country_iso":"CAN"},{"h3index":"872b814c4ffffff","population_2015":71.3055096234,"total_built_mass_tons":15135.0238023269,"city_id":1002,"country_iso":"CAN"},{"h3index":"872b814c5ffffff","population_2015":792.8192076018,"total_built_mass_tons":172610.765389433,"city_id":1002,"country_iso":"CAN"},{"h3index":"872b814c6ffffff","population_2015":7266.4840170303,"total_built_mass_tons":1805944.283894453,"city_id":1002,"country_iso":"CAN"},{"h3index":"872b814d0ffffff","population_2015":2908.5315587862,"total_built_mass_tons":837728.229669111,"city_id":1002,"country_iso":"CAN"},{"h3index":"872b814d1ffffff","population_2015":11156.7959385493,"total_built_mass_tons":3219415.584203179,"city_id":1002,"country_iso":"CAN"},{"h3index":"872b814d3ffffff","population_2015":697.0835836345,"total_built_mass_tons":216082.2568067762,"city_id":1002,"country_iso":"CAN"},{"h3index":"872b814d5ffffff","population_2015":5597.5955521303,"total_built_mass_tons":1676383.7318347949,"city_id":1002,"country_iso":"CAN"},{"h3index":"872b814d8ffffff","population_2015":847.773173324,"total_built_mass_tons":260204.2970669643,"city_id":1002,"country_iso":"CAN"},{"h3index":"872b814dcffffff","population_2015":9215.7338401273,"total_built_mass_tons":2422595.8861591546,"city_id":1002,"country_iso":"CAN"},{"h3index":"872b814ddffffff","population_2015":14.1367850874,"total_built_mass_tons":24202.9108469454,"city_id":1002,"country_iso":"CAN"},{"h3index":"872b814deffffff","population_2015":3737.1024307176,"total_built_mass_tons":733064.03841465,"city_id":1002,"country_iso":"CAN"}]