[{"h3index": "872d12500ffffff", "population_2015": 79.7575866026037, "total_built_mass_tons": 126486.55176873055, "city_id": 4214, "country_iso": "TUR"}, {"h3index": "872d12504ffffff", "population_2015": 7568.200437867405, "total_built_mass_tons": 2213420.204279806, "city_id": 4214, "country_iso": "TUR"}, {"h3index": "872d12506ffffff", "population_2015": 97.78991702958648, "total_built_mass_tons": 110846.21243166832, "city_id": 4214, "country_iso": "TUR"}, {"h3index": "872d12522ffffff", "population_2015": 9675.169123623418, "total_built_mass_tons": 2178162.011713802, "city_id": 4214, "country_iso": "TUR"}, {"h3index": "872d12523ffffff", "population_2015": 22.60745635874131, "total_built_mass_tons": 21362.178711719, "city_id": 4214, "country_iso": "TUR"}, {"h3index": "872d12526ffffff", "population_2015": 17499.36615295784, "total_built_mass_tons": 3367510.5303533655, "city_id": 4214, "country_iso": "TUR"}, {"h3index": "872d12530ffffff", "population_2015": 1598.3664113979712, "total_built_mass_tons": 466736.2538043901, "city_id": 4214, "country_iso": "TUR"}, {"h3index": "872d12531ffffff", "population_2015": 9407.031331148337, "total_built_mass_tons": 2370755.640652554, "city_id": 4214, "country_iso": "TUR"}, {"h3index": "872d12534ffffff", "population_2015": 3116.079870678397, "total_built_mass_tons": 905805.5924896024, "city_id": 4214, "country_iso": "TUR"}, {"h3index": "872d12535ffffff", "population_2015": 32996.769371825576, "total_built_mass_tons": 5621823.778197652, "city_id": 4214, "country_iso": "TUR"}, {"h3index": "872d12c99ffffff", "population_2015": 146.32901350283154, "total_built_mass_tons": 43285.29418245219, "city_id": 4214, "country_iso": "TUR"}, {"h3index": "872d12c9bffffff", "population_2015": 6823.932901767656, "total_built_mass_tons": 1595273.6118198803, "city_id": 4214, "country_iso": "TUR"}]