[{"h3index":"872a33820ffffff","population_2015":1087.5253649262,"total_built_mass_tons":387042.7972840854,"city_id":1023,"country_iso":"USA"},{"h3index":"872a33821ffffff","population_2015":2973.5240469298,"total_built_mass_tons":2103386.3184266109,"city_id":1023,"country_iso":"USA"},{"h3index":"872a33823ffffff","population_2015":54.4117542678,"total_built_mass_tons":27703.7644026052,"city_id":1023,"country_iso":"USA"},{"h3index":"872a33824ffffff","population_2015":818.7419790736,"total_built_mass_tons":1231849.6120084235,"city_id":1023,"country_iso":"USA"},{"h3index":"872a33825ffffff","population_2015":5893.840591245,"total_built_mass_tons":2120173.7153485357,"city_id":1023,"country_iso":"USA"},{"h3index":"872a33828ffffff","population_2015":55.2584283244,"total_built_mass_tons":257520.535785598,"city_id":1023,"country_iso":"USA"},{"h3index":"872a3382cffffff","population_2015":7522.0057856173,"total_built_mass_tons":3060153.6913912133,"city_id":1023,"country_iso":"USA"},{"h3index":"872a3382dffffff","population_2015":2381.4415982092,"total_built_mass_tons":1060901.6541767716,"city_id":1023,"country_iso":"USA"},{"h3index":"872a3382effffff","population_2015":1071.4816068121,"total_built_mass_tons":673873.6911872923,"city_id":1023,"country_iso":"USA"},{"h3index":"872a33909ffffff","population_2015":1326.0523067311,"total_built_mass_tons":674766.3469950937,"city_id":1023,"country_iso":"USA"},{"h3index":"872a3390bffffff","population_2015":954.9352961544,"total_built_mass_tons":838840.0215829063,"city_id":1023,"country_iso":"USA"},{"h3index":"872a33918ffffff","population_2015":45.4173046234,"total_built_mass_tons":78727.2308849003,"city_id":1023,"country_iso":"USA"},{"h3index":"872a33919ffffff","population_2015":224.1738126242,"total_built_mass_tons":1374274.5818984397,"city_id":1023,"country_iso":"USA"},{"h3index":"872a3391dffffff","population_2015":6156.7627876667,"total_built_mass_tons":2518554.0780717814,"city_id":1023,"country_iso":"USA"},{"h3index":"872a33950ffffff","population_2015":6697.5058911692,"total_built_mass_tons":2573509.9997995938,"city_id":1023,"country_iso":"USA"},{"h3index":"872a33951ffffff","population_2015":256.4211484745,"total_built_mass_tons":319609.746338108,"city_id":1023,"country_iso":"USA"},{"h3index":"872a33952ffffff","population_2015":18471.4009264161,"total_built_mass_tons":4517826.1066798912,"city_id":1023,"country_iso":"USA"},{"h3index":"872a33953ffffff","population_2015":12640.7496888909,"total_built_mass_tons":3283745.4295587679,"city_id":1023,"country_iso":"USA"},{"h3index":"872a33954ffffff","population_2015":868.8799508111,"total_built_mass_tons":449924.9406382646,"city_id":1023,"country_iso":"USA"},{"h3index":"872a33955ffffff","population_2015":7.540674434,"total_built_mass_tons":2617.2097917232,"city_id":1023,"country_iso":"USA"},{"h3index":"872a33956ffffff","population_2015":8046.6777825415,"total_built_mass_tons":3195676.9104425362,"city_id":1023,"country_iso":"USA"},{"h3index":"872a3395affffff","population_2015":44.4216122954,"total_built_mass_tons":75762.8726666736,"city_id":1023,"country_iso":"USA"},{"h3index":"872a3395effffff","population_2015":1554.7929797472,"total_built_mass_tons":1035227.309219038,"city_id":1023,"country_iso":"USA"}]