[{"h3index":"8782d8710ffffff","population_2015":7810.119545615,"total_built_mass_tons":530913.9793940629,"city_id":2499,"country_iso":"NGA"},{"h3index":"8782d8711ffffff","population_2015":1942.4114587223,"total_built_mass_tons":129790.9001084313,"city_id":2499,"country_iso":"NGA"},{"h3index":"8782d8714ffffff","population_2015":1737.0816315857,"total_built_mass_tons":391051.1636935227,"city_id":2499,"country_iso":"NGA"},{"h3index":"8782d8715ffffff","population_2015":856.9982472139,"total_built_mass_tons":48662.3298985475,"city_id":2499,"country_iso":"NGA"},{"h3index":"8782d8716ffffff","population_2015":3.0786518845,"total_built_mass_tons":394.9019607843,"city_id":2499,"country_iso":"NGA"},{"h3index":"8782d8733ffffff","population_2015":213.2163660984,"total_built_mass_tons":26980.0,"city_id":2499,"country_iso":"NGA"}]