[{"h3index":"874153d80ffffff","population_2015":4160.8540151708,"total_built_mass_tons":618983.4732285261,"city_id":11400,"country_iso":"CHN"},{"h3index":"874153d81ffffff","population_2015":2935.847826192,"total_built_mass_tons":1184037.9953659626,"city_id":11400,"country_iso":"CHN"},{"h3index":"874153d83ffffff","population_2015":10446.6144357214,"total_built_mass_tons":4831494.8707309235,"city_id":11400,"country_iso":"CHN"},{"h3index":"874153d8effffff","population_2015":935.157636929,"total_built_mass_tons":277383.3608585271,"city_id":11400,"country_iso":"CHN"}]