[{"h3index": "871951890ffffff", "population_2015": 13963.77867697406, "total_built_mass_tons": 3810796.966526475, "city_id": 1755, "country_iso": "GBR"}, {"h3index": "871951892ffffff", "population_2015": 622.4927135582062, "total_built_mass_tons": 362000.6827505904, "city_id": 1755, "country_iso": "GBR"}, {"h3index": "871951894ffffff", "population_2015": 23290.04839510778, "total_built_mass_tons": 5469374.52582394, "city_id": 1755, "country_iso": "GBR"}, {"h3index": "871951895ffffff", "population_2015": 893.2511951471073, "total_built_mass_tons": 472649.78885769576, "city_id": 1755, "country_iso": "GBR"}, {"h3index": "871951896ffffff", "population_2015": 6592.0301717963885, "total_built_mass_tons": 2083581.9238027304, "city_id": 1755, "country_iso": "GBR"}, {"h3index": "8719518b0ffffff", "population_2015": 121.60087982953765, "total_built_mass_tons": 70462.40781050286, "city_id": 1755, "country_iso": "GBR"}, {"h3index": "8719518b2ffffff", "population_2015": 7084.368642338935, "total_built_mass_tons": 2265776.616819637, "city_id": 1755, "country_iso": "GBR"}, {"h3index": "8719518b3ffffff", "population_2015": 2658.671286740958, "total_built_mass_tons": 968824.4476164512, "city_id": 1755, "country_iso": "GBR"}, {"h3index": "8719518b4ffffff", "population_2015": 495.5490090318754, "total_built_mass_tons": 135158.6460379801, "city_id": 1755, "country_iso": "GBR"}, {"h3index": "8719518b6ffffff", "population_2015": 8081.011589504513, "total_built_mass_tons": 2542444.2494850056, "city_id": 1755, "country_iso": "GBR"}, {"h3index": "871951992ffffff", "population_2015": 13.697737979947354, "total_built_mass_tons": 152316.36734006452, "city_id": 1755, "country_iso": "GBR"}, {"h3index": "871951d48ffffff", "population_2015": 168.54888772029503, "total_built_mass_tons": 185188.94230697144, "city_id": 1755, "country_iso": "GBR"}, {"h3index": "871951d49ffffff", "population_2015": 18971.02342565761, "total_built_mass_tons": 5000561.968105663, "city_id": 1755, "country_iso": "GBR"}, {"h3index": "871951d4cffffff", "population_2015": 4143.427916935379, "total_built_mass_tons": 1173794.468996497, "city_id": 1755, "country_iso": "GBR"}, {"h3index": "871951d4dffffff", "population_2015": 17787.814104356017, "total_built_mass_tons": 4608954.899666136, "city_id": 1755, "country_iso": "GBR"}, {"h3index": "871951d60ffffff", "population_2015": 1359.5506769049402, "total_built_mass_tons": 293796.46473756834, "city_id": 1755, "country_iso": "GBR"}, {"h3index": "871951d61ffffff", "population_2015": 10962.19667485739, "total_built_mass_tons": 3535380.5932483883, "city_id": 1755, "country_iso": "GBR"}, {"h3index": "871951d63ffffff", "population_2015": 1533.048316436188, "total_built_mass_tons": 571859.0334276311, "city_id": 1755, "country_iso": "GBR"}, {"h3index": "871951d65ffffff", "population_2015": 5855.38860937392, "total_built_mass_tons": 1514333.6093090193, "city_id": 1755, "country_iso": "GBR"}, {"h3index": "871951d68ffffff", "population_2015": 13932.023239876944, "total_built_mass_tons": 4050031.808281794, "city_id": 1755, "country_iso": "GBR"}, {"h3index": "871951d69ffffff", "population_2015": 4454.843954672766, "total_built_mass_tons": 1363789.8549285007, "city_id": 1755, "country_iso": "GBR"}, {"h3index": "871951d6affffff", "population_2015": 8210.810003045492, "total_built_mass_tons": 2302196.6480533094, "city_id": 1755, "country_iso": "GBR"}, {"h3index": "871951d6bffffff", "population_2015": 9410.24507862119, "total_built_mass_tons": 2759291.44731202, "city_id": 1755, "country_iso": "GBR"}, {"h3index": "871951d6cffffff", "population_2015": 1112.1450769762198, "total_built_mass_tons": 1430910.1294822395, "city_id": 1755, "country_iso": "GBR"}, {"h3index": "871951d6dffffff", "population_2015": 2091.531095566937, "total_built_mass_tons": 909439.38916585, "city_id": 1755, "country_iso": "GBR"}, {"h3index": "871951d6effffff", "population_2015": 6838.60665369805, "total_built_mass_tons": 2175235.450890938, "city_id": 1755, "country_iso": "GBR"}]