[{"h3index":"8740e109affffff","population_2015":100.8347173167,"total_built_mass_tons":179039.1503137564,"city_id":10310,"country_iso":"CHN"},{"h3index":"8740e109bffffff","population_2015":374.7730182218,"total_built_mass_tons":510844.6119860745,"city_id":10310,"country_iso":"CHN"},{"h3index":"8740e1704ffffff","population_2015":365.8982392853,"total_built_mass_tons":17488.7233946823,"city_id":10310,"country_iso":"CHN"},{"h3index":"8740e1722ffffff","population_2015":4698.5898494795,"total_built_mass_tons":987129.3639443696,"city_id":10310,"country_iso":"CHN"},{"h3index":"8740e1726ffffff","population_2015":1.5849285575,"total_built_mass_tons":8038.2655733757,"city_id":10310,"country_iso":"CHN"},{"h3index":"8740e1730ffffff","population_2015":158.3681000354,"total_built_mass_tons":115555.3468771522,"city_id":10310,"country_iso":"CHN"},{"h3index":"8740e1731ffffff","population_2015":2026.5995754092,"total_built_mass_tons":1284902.183887956,"city_id":10310,"country_iso":"CHN"},{"h3index":"8740e1734ffffff","population_2015":1956.5599671457,"total_built_mass_tons":558658.7303637036,"city_id":10310,"country_iso":"CHN"},{"h3index":"8740e1735ffffff","population_2015":14430.893071371,"total_built_mass_tons":4779368.3805208467,"city_id":10310,"country_iso":"CHN"}]