[{"h3index": "8740c4c24ffffff", "population_2015": 106.1764054438647, "total_built_mass_tons": 90797.25562473045, "city_id": 10319, "country_iso": "CHN"}, {"h3index": "8740c4d00ffffff", "population_2015": 2221.5174128752124, "total_built_mass_tons": 1486718.7221013024, "city_id": 10319, "country_iso": "CHN"}, {"h3index": "8740c4d01ffffff", "population_2015": 2255.818129042083, "total_built_mass_tons": 891571.4680573847, "city_id": 10319, "country_iso": "CHN"}, {"h3index": "8740c4d02ffffff", "population_2015": 42037.885080675274, "total_built_mass_tons": 5003561.591652615, "city_id": 10319, "country_iso": "CHN"}, {"h3index": "8740c4d03ffffff", "population_2015": 22000.703758221975, "total_built_mass_tons": 7134808.0762481205, "city_id": 10319, "country_iso": "CHN"}, {"h3index": "8740c4d06ffffff", "population_2015": 8100.536799284991, "total_built_mass_tons": 3913028.2267659614, "city_id": 10319, "country_iso": "CHN"}, {"h3index": "8740c4d08ffffff", "population_2015": 15105.32287057615, "total_built_mass_tons": 5152300.154584251, "city_id": 10319, "country_iso": "CHN"}, {"h3index": "8740c4d09ffffff", "population_2015": 4500.758730568607, "total_built_mass_tons": 1973571.3700169765, "city_id": 10319, "country_iso": "CHN"}, {"h3index": "8740c4d0affffff", "population_2015": 10044.928387648451, "total_built_mass_tons": 3129272.755139362, "city_id": 10319, "country_iso": "CHN"}, {"h3index": "8740c4d0bffffff", "population_2015": 5508.3962201459735, "total_built_mass_tons": 1952253.665404368, "city_id": 10319, "country_iso": "CHN"}, {"h3index": "8740c4d0cffffff", "population_2015": 407.21301093382, "total_built_mass_tons": 171422.9016263565, "city_id": 10319, "country_iso": "CHN"}, {"h3index": "8740c4d0dffffff", "population_2015": 270.4897698290208, "total_built_mass_tons": 215676.70624559, "city_id": 10319, "country_iso": "CHN"}, {"h3index": "8740c4d0effffff", "population_2015": 16393.753375281547, "total_built_mass_tons": 3393721.213474435, "city_id": 10319, "country_iso": "CHN"}, {"h3index": "8740c4d10ffffff", "population_2015": 62770.53154551189, "total_built_mass_tons": 5755122.647459988, "city_id": 10319, "country_iso": "CHN"}, {"h3index": "8740c4d11ffffff", "population_2015": 24602.682479187813, "total_built_mass_tons": 4816619.464914732, "city_id": 10319, "country_iso": "CHN"}, {"h3index": "8740c4d12ffffff", "population_2015": 13640.74273935112, "total_built_mass_tons": 3126640.235014135, "city_id": 10319, "country_iso": "CHN"}, {"h3index": "8740c4d13ffffff", "population_2015": 5029.203441308995, "total_built_mass_tons": 3287802.7398980553, "city_id": 10319, "country_iso": "CHN"}, {"h3index": "8740c4d14ffffff", "population_2015": 34809.47317901312, "total_built_mass_tons": 4546999.876992071, "city_id": 10319, "country_iso": "CHN"}, {"h3index": "8740c4d15ffffff", "population_2015": 106552.20398439896, "total_built_mass_tons": 8460049.341082422, "city_id": 10319, "country_iso": "CHN"}, {"h3index": "8740c4d16ffffff", "population_2015": 23863.42456327513, "total_built_mass_tons": 5165652.899755969, "city_id": 10319, "country_iso": "CHN"}, {"h3index": "8740c4d18ffffff", "population_2015": 7065.381907431288, "total_built_mass_tons": 3109837.5258728284, "city_id": 10319, "country_iso": "CHN"}, {"h3index": "8740c4d19ffffff", "population_2015": 839.3935466897258, "total_built_mass_tons": 721455.473971358, "city_id": 10319, "country_iso": "CHN"}, {"h3index": "8740c4d1bffffff", "population_2015": 8.216450138653025, "total_built_mass_tons": 5870.256728042494, "city_id": 10319, "country_iso": "CHN"}, {"h3index": "8740c4d1cffffff", "population_2015": 5808.073287272922, "total_built_mass_tons": 4077984.7491910458, "city_id": 10319, "country_iso": "CHN"}, {"h3index": "8740c4d1dffffff", "population_2015": 11077.372217794496, "total_built_mass_tons": 5357730.866406618, "city_id": 10319, "country_iso": "CHN"}, {"h3index": "8740c4d1effffff", "population_2015": 518.6210216739598, "total_built_mass_tons": 1471476.4564668331, "city_id": 10319, "country_iso": "CHN"}, {"h3index": "8740c4d26ffffff", "population_2015": 335.0122258504232, "total_built_mass_tons": 730632.3998962777, "city_id": 10319, "country_iso": "CHN"}, {"h3index": "8740c4d30ffffff", "population_2015": 19667.55886084145, "total_built_mass_tons": 2965068.840389683, "city_id": 10319, "country_iso": "CHN"}, {"h3index": "8740c4d31ffffff", "population_2015": 1913.4488965534697, "total_built_mass_tons": 1079478.5572134692, "city_id": 10319, "country_iso": "CHN"}, {"h3index": "8740c4d32ffffff", "population_2015": 19547.371735923436, "total_built_mass_tons": 2214707.6783163, "city_id": 10319, "country_iso": "CHN"}, {"h3index": "8740c4d33ffffff", "population_2015": 45129.79153961109, "total_built_mass_tons": 6369576.864089051, "city_id": 10319, "country_iso": "CHN"}, {"h3index": "8740c4d34ffffff", "population_2015": 2758.319175406063, "total_built_mass_tons": 532808.0290197352, "city_id": 10319, "country_iso": "CHN"}, {"h3index": "8740c4d35ffffff", "population_2015": 4951.300554513464, "total_built_mass_tons": 2950077.1267910935, "city_id": 10319, "country_iso": "CHN"}, {"h3index": "8740c4d36ffffff", "population_2015": 4188.8124813650165, "total_built_mass_tons": 685813.8138413923, "city_id": 10319, "country_iso": "CHN"}, {"h3index": "8740c4d54ffffff", "population_2015": 503.2357255823472, "total_built_mass_tons": 192754.9510902883, "city_id": 10319, "country_iso": "CHN"}, {"h3index": "8740c4d56ffffff", "population_2015": 97.70768224912533, "total_built_mass_tons": 78735.67173648014, "city_id": 10319, "country_iso": "CHN"}, {"h3index": "8740c4da4ffffff", "population_2015": 91.27770144892676, "total_built_mass_tons": 70242.03793904137, "city_id": 10319, "country_iso": "CHN"}, {"h3index": "8740c4da5ffffff", "population_2015": 8063.076721163356, "total_built_mass_tons": 2573244.9931241204, "city_id": 10319, "country_iso": "CHN"}, {"h3index": "8740c4dacffffff", "population_2015": 4421.251199184212, "total_built_mass_tons": 911472.0613056, "city_id": 10319, "country_iso": "CHN"}, {"h3index": "8740f1a49ffffff", "population_2015": 615.0453373516307, "total_built_mass_tons": 239689.65880397512, "city_id": 10319, "country_iso": "CHN"}, {"h3index": "8740f1a4bffffff", "population_2015": 2139.2503517917544, "total_built_mass_tons": 414940.832061879, "city_id": 10319, "country_iso": "CHN"}, {"h3index": "8740f1a4dffffff", "population_2015": 798.5203579061172, "total_built_mass_tons": 209078.04270465748, "city_id": 10319, "country_iso": "CHN"}]