[{"h3index":"87410e494ffffff","population_2015":83.6305180194,"total_built_mass_tons":48794.845688179,"city_id":12191,"country_iso":"CHN"},{"h3index":"87410e496ffffff","population_2015":353.8709208694,"total_built_mass_tons":154303.9028126124,"city_id":12191,"country_iso":"CHN"},{"h3index":"87411d948ffffff","population_2015":1791.4254579843,"total_built_mass_tons":348027.9665915832,"city_id":12191,"country_iso":"CHN"},{"h3index":"87411d949ffffff","population_2015":738.6846342882,"total_built_mass_tons":184126.2602425357,"city_id":12191,"country_iso":"CHN"},{"h3index":"87411d94affffff","population_2015":11796.834927744,"total_built_mass_tons":2461601.2686875868,"city_id":12191,"country_iso":"CHN"},{"h3index":"87411d94bffffff","population_2015":6989.1106194908,"total_built_mass_tons":1280132.0935128159,"city_id":12191,"country_iso":"CHN"},{"h3index":"87411d94effffff","population_2015":2886.638666382,"total_built_mass_tons":705788.4821816393,"city_id":12191,"country_iso":"CHN"},{"h3index":"87411d958ffffff","population_2015":183.5035549818,"total_built_mass_tons":201142.2070716078,"city_id":12191,"country_iso":"CHN"},{"h3index":"87411d959ffffff","population_2015":471.5889354799,"total_built_mass_tons":201148.0191170694,"city_id":12191,"country_iso":"CHN"},{"h3index":"87411d95dffffff","population_2015":4257.5361716457,"total_built_mass_tons":879894.1141603467,"city_id":12191,"country_iso":"CHN"}]