[{"h3index": "8730911b4ffffff", "population_2015": 703.7766143331339, "total_built_mass_tons": 149320.30006219642, "city_id": 12056, "country_iso": "CHN"}, {"h3index": "8730911b6ffffff", "population_2015": 31.390520163143385, "total_built_mass_tons": 13458.02198375152, "city_id": 12056, "country_iso": "CHN"}, {"h3index": "873091525ffffff", "population_2015": 114.89456670424516, "total_built_mass_tons": 99781.11025477112, "city_id": 12056, "country_iso": "CHN"}, {"h3index": "873091c09ffffff", "population_2015": 895.9268399023543, "total_built_mass_tons": 358367.08224792907, "city_id": 12056, "country_iso": "CHN"}, {"h3index": "873091c0bffffff", "population_2015": 28.16589083110585, "total_built_mass_tons": 29157.935866376876, "city_id": 12056, "country_iso": "CHN"}, {"h3index": "873091c42ffffff", "population_2015": 4721.872732557035, "total_built_mass_tons": 3144964.308485162, "city_id": 12056, "country_iso": "CHN"}, {"h3index": "873091c50ffffff", "population_2015": 161.20118497025734, "total_built_mass_tons": 74494.36250487613, "city_id": 12056, "country_iso": "CHN"}, {"h3index": "873091c51ffffff", "population_2015": 3922.6208903532406, "total_built_mass_tons": 2813835.2929563913, "city_id": 12056, "country_iso": "CHN"}, {"h3index": "873091c52ffffff", "population_2015": 1801.8378311493816, "total_built_mass_tons": 530106.909927995, "city_id": 12056, "country_iso": "CHN"}, {"h3index": "873091c53ffffff", "population_2015": 13700.221072985143, "total_built_mass_tons": 1559525.666618334, "city_id": 12056, "country_iso": "CHN"}, {"h3index": "873091c54ffffff", "population_2015": 3322.724404881047, "total_built_mass_tons": 1496024.014236444, "city_id": 12056, "country_iso": "CHN"}, {"h3index": "873091c55ffffff", "population_2015": 4408.011180123161, "total_built_mass_tons": 2463269.4939106633, "city_id": 12056, "country_iso": "CHN"}, {"h3index": "873091c56ffffff", "population_2015": 1565.5729580897912, "total_built_mass_tons": 887819.3663512098, "city_id": 12056, "country_iso": "CHN"}, {"h3index": "873091c58ffffff", "population_2015": 5581.617479243934, "total_built_mass_tons": 6445982.839808002, "city_id": 12056, "country_iso": "CHN"}, {"h3index": "873091c59ffffff", "population_2015": 1437.21047785142, "total_built_mass_tons": 1790115.9431976012, "city_id": 12056, "country_iso": "CHN"}, {"h3index": "873091c5affffff", "population_2015": 9241.768999224085, "total_built_mass_tons": 7271752.749738995, "city_id": 12056, "country_iso": "CHN"}, {"h3index": "873091c5bffffff", "population_2015": 1271.967552367846, "total_built_mass_tons": 1612806.813095905, "city_id": 12056, "country_iso": "CHN"}, {"h3index": "873091c5cffffff", "population_2015": 5932.884859726475, "total_built_mass_tons": 4810376.258403443, "city_id": 12056, "country_iso": "CHN"}, {"h3index": "873091c5dffffff", "population_2015": 762.427917877833, "total_built_mass_tons": 899494.7089800352, "city_id": 12056, "country_iso": "CHN"}, {"h3index": "873091c5effffff", "population_2015": 29433.951749605283, "total_built_mass_tons": 5741633.816161021, "city_id": 12056, "country_iso": "CHN"}, {"h3index": "873091c73ffffff", "population_2015": 203.78532560946897, "total_built_mass_tons": 207045.73814936008, "city_id": 12056, "country_iso": "CHN"}, {"h3index": "873091c89ffffff", "population_2015": 3.652210968615962, "total_built_mass_tons": 19818.40432124177, "city_id": 12056, "country_iso": "CHN"}, {"h3index": "873091cc0ffffff", "population_2015": 9237.095452763057, "total_built_mass_tons": 2263653.7188450913, "city_id": 12056, "country_iso": "CHN"}, {"h3index": "873091cc1ffffff", "population_2015": 1792.9792668903572, "total_built_mass_tons": 939291.9979747728, "city_id": 12056, "country_iso": "CHN"}, {"h3index": "873091cc2ffffff", "population_2015": 4344.4744901170925, "total_built_mass_tons": 1657944.0288889688, "city_id": 12056, "country_iso": "CHN"}, {"h3index": "873091cc3ffffff", "population_2015": 4946.373836509855, "total_built_mass_tons": 1119749.2699923583, "city_id": 12056, "country_iso": "CHN"}, {"h3index": "873091cc4ffffff", "population_2015": 4795.781806635856, "total_built_mass_tons": 1154738.5865870966, "city_id": 12056, "country_iso": "CHN"}, {"h3index": "873091cc5ffffff", "population_2015": 7623.969208414414, "total_built_mass_tons": 1838536.310967119, "city_id": 12056, "country_iso": "CHN"}, {"h3index": "873091cc6ffffff", "population_2015": 16024.602627440056, "total_built_mass_tons": 4759522.910022163, "city_id": 12056, "country_iso": "CHN"}, {"h3index": "873091cccffffff", "population_2015": 1827.3083118663112, "total_built_mass_tons": 419878.563672124, "city_id": 12056, "country_iso": "CHN"}, {"h3index": "873091cd0ffffff", "population_2015": 2587.1737828591295, "total_built_mass_tons": 1439258.849368355, "city_id": 12056, "country_iso": "CHN"}, {"h3index": "873091cd1ffffff", "population_2015": 3364.408859177664, "total_built_mass_tons": 642779.1713426621, "city_id": 12056, "country_iso": "CHN"}, {"h3index": "873091cd2ffffff", "population_2015": 958.7135388729616, "total_built_mass_tons": 536787.4953377428, "city_id": 12056, "country_iso": "CHN"}, {"h3index": "873091cd4ffffff", "population_2015": 7920.588043175959, "total_built_mass_tons": 2156349.485412725, "city_id": 12056, "country_iso": "CHN"}, {"h3index": "873091cd5ffffff", "population_2015": 23129.367528844356, "total_built_mass_tons": 6572014.836079924, "city_id": 12056, "country_iso": "CHN"}, {"h3index": "873091cd6ffffff", "population_2015": 4740.62247322868, "total_built_mass_tons": 1364270.8792972637, "city_id": 12056, "country_iso": "CHN"}, {"h3index": "873091cdcffffff", "population_2015": 1345.8186982042648, "total_built_mass_tons": 368098.4085419437, "city_id": 12056, "country_iso": "CHN"}, {"h3index": "873091ce1ffffff", "population_2015": 103.55362472627677, "total_built_mass_tons": 41406.51646539705, "city_id": 12056, "country_iso": "CHN"}, {"h3index": "873091ce3ffffff", "population_2015": 419.04474175023097, "total_built_mass_tons": 382622.26611775765, "city_id": 12056, "country_iso": "CHN"}, {"h3index": "873091ce8ffffff", "population_2015": 11599.694577063765, "total_built_mass_tons": 4933175.790203458, "city_id": 12056, "country_iso": "CHN"}, {"h3index": "873091ce9ffffff", "population_2015": 54092.87907581704, "total_built_mass_tons": 5364189.074505599, "city_id": 12056, "country_iso": "CHN"}, {"h3index": "873091ceaffffff", "population_2015": 1856.0088497563909, "total_built_mass_tons": 1047274.4752872458, "city_id": 12056, "country_iso": "CHN"}, {"h3index": "873091cebffffff", "population_2015": 8192.921576962752, "total_built_mass_tons": 1924340.0538848287, "city_id": 12056, "country_iso": "CHN"}, {"h3index": "873091cecffffff", "population_2015": 26065.179699503205, "total_built_mass_tons": 2585760.9842804284, "city_id": 12056, "country_iso": "CHN"}, {"h3index": "873091cedffffff", "population_2015": 16176.53115665212, "total_built_mass_tons": 3098137.885321363, "city_id": 12056, "country_iso": "CHN"}, {"h3index": "873091ceeffffff", "population_2015": 5713.139672559849, "total_built_mass_tons": 2254739.9928190396, "city_id": 12056, "country_iso": "CHN"}, {"h3index": "873091cf0ffffff", "population_2015": 23.45386288212795, "total_built_mass_tons": 6323.447777743963, "city_id": 12056, "country_iso": "CHN"}, {"h3index": "873091cf1ffffff", "population_2015": 3076.11130099951, "total_built_mass_tons": 1383562.828951076, "city_id": 12056, "country_iso": "CHN"}, {"h3index": "873091cf2ffffff", "population_2015": 290.09303062195875, "total_built_mass_tons": 238318.67970739372, "city_id": 12056, "country_iso": "CHN"}, {"h3index": "873091cf3ffffff", "population_2015": 11083.204922341363, "total_built_mass_tons": 4311832.9300163165, "city_id": 12056, "country_iso": "CHN"}]