[{"h3index":"8724f2322ffffff","population_2015":1237.8970101899,"total_built_mass_tons":156223.4945228464,"city_id":10083,"country_iso":"CHN"},{"h3index":"8724f2326ffffff","population_2015":51.8813737757,"total_built_mass_tons":5698.6389076184,"city_id":10083,"country_iso":"CHN"},{"h3index":"8724f2331ffffff","population_2015":20.6410607731,"total_built_mass_tons":8149.9176077475,"city_id":10083,"country_iso":"CHN"},{"h3index":"8724f2335ffffff","population_2015":1515.4588303959,"total_built_mass_tons":394652.488720341,"city_id":10083,"country_iso":"CHN"}]