[{"h3index":"87649bb09ffffff","population_2015":223.7431173325,"total_built_mass_tons":56024.3786477827,"city_id":10165,"country_iso":"MMR"},{"h3index":"87649bb44ffffff","population_2015":204.1999702454,"total_built_mass_tons":38435.3400682138,"city_id":10165,"country_iso":"MMR"},{"h3index":"87649bb46ffffff","population_2015":3763.9494667315,"total_built_mass_tons":547345.8516260479,"city_id":10165,"country_iso":"MMR"},{"h3index":"87649bb54ffffff","population_2015":1850.9030309191,"total_built_mass_tons":369617.136365608,"city_id":10165,"country_iso":"MMR"},{"h3index":"87649bb55ffffff","population_2015":821.251551198,"total_built_mass_tons":93194.4843202674,"city_id":10165,"country_iso":"MMR"},{"h3index":"87649bb70ffffff","population_2015":736.6723648819,"total_built_mass_tons":364900.9765298071,"city_id":10165,"country_iso":"MMR"},{"h3index":"87649bb71ffffff","population_2015":0.0516047347,"total_built_mass_tons":5152.1386278725,"city_id":10165,"country_iso":"MMR"},{"h3index":"87649bb72ffffff","population_2015":140.7084287456,"total_built_mass_tons":41632.3279102049,"city_id":10165,"country_iso":"MMR"},{"h3index":"87649bb73ffffff","population_2015":11209.7176694982,"total_built_mass_tons":1705195.3534302532,"city_id":10165,"country_iso":"MMR"},{"h3index":"87649bb76ffffff","population_2015":101.6394219642,"total_built_mass_tons":25866.8573482094,"city_id":10165,"country_iso":"MMR"}]