[{"h3index":"871f05800ffffff","population_2015":11190.7482432076,"total_built_mass_tons":3509010.575666503,"city_id":2749,"country_iso":"DNK"},{"h3index":"871f05802ffffff","population_2015":31433.3258407537,"total_built_mass_tons":6287762.4140480002,"city_id":2749,"country_iso":"DNK"},{"h3index":"871f05803ffffff","population_2015":3114.9852443302,"total_built_mass_tons":1524844.7230045106,"city_id":2749,"country_iso":"DNK"},{"h3index":"871f05804ffffff","population_2015":6373.0149222121,"total_built_mass_tons":4388422.5254571959,"city_id":2749,"country_iso":"DNK"},{"h3index":"871f05805ffffff","population_2015":500.7113374299,"total_built_mass_tons":957536.3357832259,"city_id":2749,"country_iso":"DNK"},{"h3index":"871f05806ffffff","population_2015":34343.9111156006,"total_built_mass_tons":6354923.8392955642,"city_id":2749,"country_iso":"DNK"},{"h3index":"871f05810ffffff","population_2015":1357.4061621297,"total_built_mass_tons":1090211.3046827824,"city_id":2749,"country_iso":"DNK"},{"h3index":"871f05811ffffff","population_2015":11839.1599373864,"total_built_mass_tons":4972726.3319110274,"city_id":2749,"country_iso":"DNK"},{"h3index":"871f05813ffffff","population_2015":4206.9671603829,"total_built_mass_tons":2263114.4678525878,"city_id":2749,"country_iso":"DNK"},{"h3index":"871f05814ffffff","population_2015":14409.1459915273,"total_built_mass_tons":4710253.9313254347,"city_id":2749,"country_iso":"DNK"},{"h3index":"871f05815ffffff","population_2015":4124.4104744173,"total_built_mass_tons":1686447.7661126312,"city_id":2749,"country_iso":"DNK"},{"h3index":"871f05816ffffff","population_2015":140.4561053187,"total_built_mass_tons":134451.1777148622,"city_id":2749,"country_iso":"DNK"},{"h3index":"871f05818ffffff","population_2015":2779.9735685755,"total_built_mass_tons":2111394.1817347198,"city_id":2749,"country_iso":"DNK"},{"h3index":"871f0581affffff","population_2015":20.6372617235,"total_built_mass_tons":50778.5370960013,"city_id":2749,"country_iso":"DNK"},{"h3index":"871f0581cffffff","population_2015":12013.7635535759,"total_built_mass_tons":4669327.7497572247,"city_id":2749,"country_iso":"DNK"},{"h3index":"871f0581dffffff","population_2015":675.1737842597,"total_built_mass_tons":517741.5672979241,"city_id":2749,"country_iso":"DNK"},{"h3index":"871f0581effffff","population_2015":4526.6669151554,"total_built_mass_tons":3612305.4953569425,"city_id":2749,"country_iso":"DNK"},{"h3index":"871f05820ffffff","population_2015":2356.2625157146,"total_built_mass_tons":2798713.1986200926,"city_id":2749,"country_iso":"DNK"},{"h3index":"871f05822ffffff","population_2015":41887.9560407957,"total_built_mass_tons":5918999.2199999364,"city_id":2749,"country_iso":"DNK"},{"h3index":"871f05823ffffff","population_2015":616.638306226,"total_built_mass_tons":668754.3895119857,"city_id":2749,"country_iso":"DNK"},{"h3index":"871f05824ffffff","population_2015":7338.0659595265,"total_built_mass_tons":2315187.2260495555,"city_id":2749,"country_iso":"DNK"},{"h3index":"871f05826ffffff","population_2015":28122.1226716612,"total_built_mass_tons":5022349.5131486803,"city_id":2749,"country_iso":"DNK"},{"h3index":"871f05830ffffff","population_2015":52043.4330348707,"total_built_mass_tons":8168772.4328084923,"city_id":2749,"country_iso":"DNK"},{"h3index":"871f05831ffffff","population_2015":30221.7752632478,"total_built_mass_tons":8079075.564557014,"city_id":2749,"country_iso":"DNK"},{"h3index":"871f05832ffffff","population_2015":24477.2436118537,"total_built_mass_tons":5704388.665658718,"city_id":2749,"country_iso":"DNK"},{"h3index":"871f05833ffffff","population_2015":37591.5910450805,"total_built_mass_tons":7601962.4243530855,"city_id":2749,"country_iso":"DNK"},{"h3index":"871f05834ffffff","population_2015":29942.6757914693,"total_built_mass_tons":4872685.9837555932,"city_id":2749,"country_iso":"DNK"},{"h3index":"871f05835ffffff","population_2015":69985.0416976293,"total_built_mass_tons":7929491.4992240639,"city_id":2749,"country_iso":"DNK"},{"h3index":"871f05836ffffff","population_2015":31443.4453906938,"total_built_mass_tons":5180852.7126377467,"city_id":2749,"country_iso":"DNK"},{"h3index":"871f058a0ffffff","population_2015":310.7915785602,"total_built_mass_tons":553088.6447093774,"city_id":2749,"country_iso":"DNK"},{"h3index":"871f058a4ffffff","population_2015":4195.8119608491,"total_built_mass_tons":4577044.4251819802,"city_id":2749,"country_iso":"DNK"},{"h3index":"871f058a5ffffff","population_2015":1045.1709164942,"total_built_mass_tons":1280464.2200137421,"city_id":2749,"country_iso":"DNK"},{"h3index":"871f058a8ffffff","population_2015":53.1399693227,"total_built_mass_tons":47969.1830721611,"city_id":2749,"country_iso":"DNK"},{"h3index":"871f058adffffff","population_2015":1884.2720583476,"total_built_mass_tons":1634064.4136827004,"city_id":2749,"country_iso":"DNK"},{"h3index":"871f05900ffffff","population_2015":5416.1696041977,"total_built_mass_tons":1894804.7667541904,"city_id":2749,"country_iso":"DNK"},{"h3index":"871f05901ffffff","population_2015":4169.9866652339,"total_built_mass_tons":2254617.7975435918,"city_id":2749,"country_iso":"DNK"},{"h3index":"871f05902ffffff","population_2015":11067.3441859975,"total_built_mass_tons":3933781.466885339,"city_id":2749,"country_iso":"DNK"},{"h3index":"871f05903ffffff","population_2015":11425.6962464538,"total_built_mass_tons":3700731.8739412874,"city_id":2749,"country_iso":"DNK"},{"h3index":"871f05904ffffff","population_2015":8370.554236399,"total_built_mass_tons":2888512.6406629728,"city_id":2749,"country_iso":"DNK"},{"h3index":"871f05905ffffff","population_2015":4098.0063965695,"total_built_mass_tons":1914573.1762930197,"city_id":2749,"country_iso":"DNK"},{"h3index":"871f05906ffffff","population_2015":1522.8103845872,"total_built_mass_tons":789789.6042905016,"city_id":2749,"country_iso":"DNK"},{"h3index":"871f05908ffffff","population_2015":8594.1140420951,"total_built_mass_tons":2934604.3518478605,"city_id":2749,"country_iso":"DNK"},{"h3index":"871f05909ffffff","population_2015":38.2155092557,"total_built_mass_tons":20774.1518992657,"city_id":2749,"country_iso":"DNK"},{"h3index":"871f0590affffff","population_2015":10823.0646898531,"total_built_mass_tons":3230145.6148522878,"city_id":2749,"country_iso":"DNK"},{"h3index":"871f0590bffffff","population_2015":992.1039709035,"total_built_mass_tons":510542.7776796038,"city_id":2749,"country_iso":"DNK"},{"h3index":"871f0590dffffff","population_2015":375.3079090932,"total_built_mass_tons":358367.413606198,"city_id":2749,"country_iso":"DNK"},{"h3index":"871f0590effffff","population_2015":3995.7518477122,"total_built_mass_tons":1491160.6732549856,"city_id":2749,"country_iso":"DNK"},{"h3index":"871f05910ffffff","population_2015":7000.119174832,"total_built_mass_tons":3274956.7298341841,"city_id":2749,"country_iso":"DNK"},{"h3index":"871f05911ffffff","population_2015":6896.3551344554,"total_built_mass_tons":3602739.3145676842,"city_id":2749,"country_iso":"DNK"},{"h3index":"871f05912ffffff","population_2015":5377.1551614668,"total_built_mass_tons":2654278.9490596587,"city_id":2749,"country_iso":"DNK"},{"h3index":"871f05913ffffff","population_2015":8817.2207244125,"total_built_mass_tons":4779778.6825977787,"city_id":2749,"country_iso":"DNK"},{"h3index":"871f05914ffffff","population_2015":3187.8392896863,"total_built_mass_tons":1856781.2784226739,"city_id":2749,"country_iso":"DNK"},{"h3index":"871f05915ffffff","population_2015":3253.3207473886,"total_built_mass_tons":1880184.3932538084,"city_id":2749,"country_iso":"DNK"},{"h3index":"871f05916ffffff","population_2015":4388.2711248669,"total_built_mass_tons":3323450.9678008524,"city_id":2749,"country_iso":"DNK"},{"h3index":"871f05918ffffff","population_2015":11360.0106044751,"total_built_mass_tons":3003729.2460413836,"city_id":2749,"country_iso":"DNK"},{"h3index":"871f05919ffffff","population_2015":12082.0398980384,"total_built_mass_tons":4137394.6289503821,"city_id":2749,"country_iso":"DNK"},{"h3index":"871f0591affffff","population_2015":14491.8262546801,"total_built_mass_tons":3587424.037812321,"city_id":2749,"country_iso":"DNK"},{"h3index":"871f0591bffffff","population_2015":29227.097283455,"total_built_mass_tons":5692208.4759366922,"city_id":2749,"country_iso":"DNK"},{"h3index":"871f0591cffffff","population_2015":12111.5182171896,"total_built_mass_tons":4238089.9923159238,"city_id":2749,"country_iso":"DNK"},{"h3index":"871f0591dffffff","population_2015":9124.4198406996,"total_built_mass_tons":3345491.261004,"city_id":2749,"country_iso":"DNK"},{"h3index":"871f0591effffff","population_2015":11300.2600436697,"total_built_mass_tons":3659154.7879241682,"city_id":2749,"country_iso":"DNK"},{"h3index":"871f05922ffffff","population_2015":1838.0401419705,"total_built_mass_tons":619365.7912961866,"city_id":2749,"country_iso":"DNK"},{"h3index":"871f05923ffffff","population_2015":748.8037421086,"total_built_mass_tons":396056.0910492789,"city_id":2749,"country_iso":"DNK"},{"h3index":"871f0592affffff","population_2015":1715.7178367671,"total_built_mass_tons":742131.5666714942,"city_id":2749,"country_iso":"DNK"},{"h3index":"871f0592bffffff","population_2015":0.8856816091,"total_built_mass_tons":703.2447839794,"city_id":2749,"country_iso":"DNK"},{"h3index":"871f0592effffff","population_2015":424.5351616345,"total_built_mass_tons":336113.8038005047,"city_id":2749,"country_iso":"DNK"},{"h3index":"871f05931ffffff","population_2015":310.7499952896,"total_built_mass_tons":126756.5013356849,"city_id":2749,"country_iso":"DNK"},{"h3index":"871f05932ffffff","population_2015":87.249073195,"total_built_mass_tons":61231.0499034261,"city_id":2749,"country_iso":"DNK"},{"h3index":"871f05933ffffff","population_2015":378.8235968272,"total_built_mass_tons":290696.0721313205,"city_id":2749,"country_iso":"DNK"},{"h3index":"871f05980ffffff","population_2015":9153.0619712736,"total_built_mass_tons":4492648.1096113827,"city_id":2749,"country_iso":"DNK"},{"h3index":"871f05981ffffff","population_2015":5220.975285459,"total_built_mass_tons":4540240.0131707676,"city_id":2749,"country_iso":"DNK"},{"h3index":"871f05982ffffff","population_2015":1197.6437826472,"total_built_mass_tons":824513.0355296128,"city_id":2749,"country_iso":"DNK"},{"h3index":"871f05983ffffff","population_2015":1714.0373875992,"total_built_mass_tons":2049457.2348483005,"city_id":2749,"country_iso":"DNK"},{"h3index":"871f05984ffffff","population_2015":7769.1002137437,"total_built_mass_tons":3854291.7274936419,"city_id":2749,"country_iso":"DNK"},{"h3index":"871f05985ffffff","population_2015":8252.5124529801,"total_built_mass_tons":4358571.9675949812,"city_id":2749,"country_iso":"DNK"},{"h3index":"871f05986ffffff","population_2015":3715.0271846762,"total_built_mass_tons":2234326.3956224639,"city_id":2749,"country_iso":"DNK"},{"h3index":"871f05988ffffff","population_2015":8769.7926403611,"total_built_mass_tons":3424925.0337235583,"city_id":2749,"country_iso":"DNK"},{"h3index":"871f05989ffffff","population_2015":11875.0419941154,"total_built_mass_tons":3378761.8978115683,"city_id":2749,"country_iso":"DNK"},{"h3index":"871f0598affffff","population_2015":4037.6525608727,"total_built_mass_tons":2857097.6672410681,"city_id":2749,"country_iso":"DNK"},{"h3index":"871f0598bffffff","population_2015":10189.9080460137,"total_built_mass_tons":3955441.6315610665,"city_id":2749,"country_iso":"DNK"},{"h3index":"871f0598cffffff","population_2015":4674.8654593739,"total_built_mass_tons":2304342.2229915569,"city_id":2749,"country_iso":"DNK"},{"h3index":"871f0598dffffff","population_2015":15984.1051861352,"total_built_mass_tons":4257190.3900252068,"city_id":2749,"country_iso":"DNK"},{"h3index":"871f0598effffff","population_2015":965.9593916627,"total_built_mass_tons":1083228.3518425818,"city_id":2749,"country_iso":"DNK"},{"h3index":"871f05990ffffff","population_2015":1235.9300921216,"total_built_mass_tons":1067189.7281847452,"city_id":2749,"country_iso":"DNK"},{"h3index":"871f05991ffffff","population_2015":6643.7556511598,"total_built_mass_tons":3365409.1314235684,"city_id":2749,"country_iso":"DNK"},{"h3index":"871f05992ffffff","population_2015":1302.8104977851,"total_built_mass_tons":1113346.8060421851,"city_id":2749,"country_iso":"DNK"},{"h3index":"871f05993ffffff","population_2015":7394.1901845062,"total_built_mass_tons":3748476.9978936906,"city_id":2749,"country_iso":"DNK"},{"h3index":"871f05994ffffff","population_2015":818.0178597291,"total_built_mass_tons":620301.1903594923,"city_id":2749,"country_iso":"DNK"},{"h3index":"871f05995ffffff","population_2015":1438.5542199247,"total_built_mass_tons":1134217.3944661196,"city_id":2749,"country_iso":"DNK"},{"h3index":"871f05998ffffff","population_2015":389.3408473529,"total_built_mass_tons":506161.6752814825,"city_id":2749,"country_iso":"DNK"},{"h3index":"871f05999ffffff","population_2015":312.718341214,"total_built_mass_tons":299962.6981466182,"city_id":2749,"country_iso":"DNK"},{"h3index":"871f0599cffffff","population_2015":6261.3659061329,"total_built_mass_tons":3268200.6730521298,"city_id":2749,"country_iso":"DNK"},{"h3index":"871f0599dffffff","population_2015":8860.7846564891,"total_built_mass_tons":3144323.5496993563,"city_id":2749,"country_iso":"DNK"},{"h3index":"871f0599effffff","population_2015":2832.5983394137,"total_built_mass_tons":1829324.3317537813,"city_id":2749,"country_iso":"DNK"},{"h3index":"871f059a2ffffff","population_2015":65.8984946288,"total_built_mass_tons":39827.2899887819,"city_id":2749,"country_iso":"DNK"},{"h3index":"871f059a3ffffff","population_2015":854.6025670818,"total_built_mass_tons":866714.2145029025,"city_id":2749,"country_iso":"DNK"},{"h3index":"871f059a4ffffff","population_2015":599.3092895826,"total_built_mass_tons":339887.2560373141,"city_id":2749,"country_iso":"DNK"},{"h3index":"871f059a5ffffff","population_2015":3462.7398067381,"total_built_mass_tons":1659726.0834664551,"city_id":2749,"country_iso":"DNK"},{"h3index":"871f059a8ffffff","population_2015":8185.1193844029,"total_built_mass_tons":3299258.4771856051,"city_id":2749,"country_iso":"DNK"},{"h3index":"871f059a9ffffff","population_2015":17583.5820636095,"total_built_mass_tons":4420499.8775156438,"city_id":2749,"country_iso":"DNK"},{"h3index":"871f059aaffffff","population_2015":5959.9615285883,"total_built_mass_tons":3693957.667617525,"city_id":2749,"country_iso":"DNK"},{"h3index":"871f059abffffff","population_2015":12790.2546631346,"total_built_mass_tons":4209847.7695872011,"city_id":2749,"country_iso":"DNK"},{"h3index":"871f059acffffff","population_2015":6033.0492252238,"total_built_mass_tons":3935890.3587013702,"city_id":2749,"country_iso":"DNK"},{"h3index":"871f059adffffff","population_2015":10340.8720454459,"total_built_mass_tons":3641148.8756394335,"city_id":2749,"country_iso":"DNK"},{"h3index":"871f059aeffffff","population_2015":2498.0070042292,"total_built_mass_tons":2201885.8099830798,"city_id":2749,"country_iso":"DNK"},{"h3index":"871f059b0ffffff","population_2015":2985.2392011759,"total_built_mass_tons":1429835.3527454035,"city_id":2749,"country_iso":"DNK"},{"h3index":"871f059b1ffffff","population_2015":3157.0176106004,"total_built_mass_tons":1666998.9704551811,"city_id":2749,"country_iso":"DNK"},{"h3index":"871f059b2ffffff","population_2015":3560.9913141185,"total_built_mass_tons":2068324.352435315,"city_id":2749,"country_iso":"DNK"},{"h3index":"871f059b3ffffff","population_2015":11658.2116760796,"total_built_mass_tons":4109070.2755062375,"city_id":2749,"country_iso":"DNK"},{"h3index":"871f05d60ffffff","population_2015":1053.8729598265,"total_built_mass_tons":1447358.9461386751,"city_id":2749,"country_iso":"DNK"},{"h3index":"871f05d61ffffff","population_2015":3725.1769944916,"total_built_mass_tons":2134642.7104558642,"city_id":2749,"country_iso":"DNK"},{"h3index":"871f05d62ffffff","population_2015":6.8968137606,"total_built_mass_tons":10559.2869305281,"city_id":2749,"country_iso":"DNK"},{"h3index":"871f05d63ffffff","population_2015":3539.042933616,"total_built_mass_tons":2111879.9102054201,"city_id":2749,"country_iso":"DNK"},{"h3index":"871f05d6cffffff","population_2015":4153.0095434516,"total_built_mass_tons":2610995.8199013579,"city_id":2749,"country_iso":"DNK"},{"h3index":"871f05d6dffffff","population_2015":1318.3883461139,"total_built_mass_tons":745557.5144051058,"city_id":2749,"country_iso":"DNK"},{"h3index":"871f05d6effffff","population_2015":1788.788764316,"total_built_mass_tons":1081362.7036547388,"city_id":2749,"country_iso":"DNK"},{"h3index":"871f23649ffffff","population_2015":639.9411367501,"total_built_mass_tons":535927.2856406446,"city_id":2749,"country_iso":"DNK"},{"h3index":"871f2364bffffff","population_2015":4224.7714204209,"total_built_mass_tons":2119345.7284929454,"city_id":2749,"country_iso":"DNK"},{"h3index":"871f236c9ffffff","population_2015":54.2425263003,"total_built_mass_tons":72180.383967104,"city_id":2749,"country_iso":"DNK"}]