[{"h3index":"87648c122ffffff","population_2015":699.1045941222,"total_built_mass_tons":108642.451053191,"city_id":10254,"country_iso":"MMR"},{"h3index":"87648c130ffffff","population_2015":800.6909709856,"total_built_mass_tons":125317.2682385489,"city_id":10254,"country_iso":"MMR"},{"h3index":"87648c134ffffff","population_2015":3452.6969608008,"total_built_mass_tons":524661.8491245591,"city_id":10254,"country_iso":"MMR"},{"h3index":"87648c135ffffff","population_2015":2776.1840857038,"total_built_mass_tons":589947.2317719415,"city_id":10254,"country_iso":"MMR"},{"h3index":"87648c136ffffff","population_2015":8.593600045,"total_built_mass_tons":2637.7182856068,"city_id":10254,"country_iso":"MMR"}]