[{"h3index":"87406b84bffffff","population_2015":175.4432480719,"total_built_mass_tons":51594.0818845862,"city_id":10213,"country_iso":"MMR"},{"h3index":"87406bba0ffffff","population_2015":1565.1088553036,"total_built_mass_tons":383517.7554942115,"city_id":10213,"country_iso":"MMR"},{"h3index":"87406bba4ffffff","population_2015":946.9433318643,"total_built_mass_tons":354278.6633464416,"city_id":10213,"country_iso":"MMR"},{"h3index":"87406bba5ffffff","population_2015":102.2961335294,"total_built_mass_tons":33328.4239598936,"city_id":10213,"country_iso":"MMR"},{"h3index":"87406bba6ffffff","population_2015":45.1606542325,"total_built_mass_tons":22679.2394820583,"city_id":10213,"country_iso":"MMR"}]