[{"h3index":"874054488ffffff","population_2015":19.0870532784,"total_built_mass_tons":18326.362072672,"city_id":10451,"country_iso":"CHN"},{"h3index":"874054489ffffff","population_2015":46.0409611384,"total_built_mass_tons":45337.0743440568,"city_id":10451,"country_iso":"CHN"},{"h3index":"87405448affffff","population_2015":40.2756608739,"total_built_mass_tons":25557.3586226992,"city_id":10451,"country_iso":"CHN"},{"h3index":"87405448bffffff","population_2015":1352.6525269387,"total_built_mass_tons":579138.9011435179,"city_id":10451,"country_iso":"CHN"},{"h3index":"8740544c0ffffff","population_2015":18605.7606894512,"total_built_mass_tons":3159877.0984218372,"city_id":10451,"country_iso":"CHN"},{"h3index":"8740544c1ffffff","population_2015":1756.3077718136,"total_built_mass_tons":643365.437746288,"city_id":10451,"country_iso":"CHN"},{"h3index":"8740544c2ffffff","population_2015":25419.0883773056,"total_built_mass_tons":6783708.6621926576,"city_id":10451,"country_iso":"CHN"},{"h3index":"8740544c3ffffff","population_2015":432.6254567445,"total_built_mass_tons":420024.1057635047,"city_id":10451,"country_iso":"CHN"},{"h3index":"8740544c4ffffff","population_2015":188.5666844087,"total_built_mass_tons":52079.0472639136,"city_id":10451,"country_iso":"CHN"},{"h3index":"8740544c5ffffff","population_2015":5149.2000260147,"total_built_mass_tons":695622.5605204591,"city_id":10451,"country_iso":"CHN"},{"h3index":"8740544c6ffffff","population_2015":35028.356186246,"total_built_mass_tons":5868251.1363636628,"city_id":10451,"country_iso":"CHN"},{"h3index":"8740544ceffffff","population_2015":3.3040666562,"total_built_mass_tons":968.4574744748,"city_id":10451,"country_iso":"CHN"},{"h3index":"8740544d0ffffff","population_2015":12165.199469011,"total_built_mass_tons":1839585.614021912,"city_id":10451,"country_iso":"CHN"},{"h3index":"8740544d1ffffff","population_2015":10915.8394202073,"total_built_mass_tons":3407430.272298397,"city_id":10451,"country_iso":"CHN"},{"h3index":"8740544d2ffffff","population_2015":614.187299576,"total_built_mass_tons":443822.668387527,"city_id":10451,"country_iso":"CHN"},{"h3index":"8740544d3ffffff","population_2015":1802.4408887681,"total_built_mass_tons":748677.4045184267,"city_id":10451,"country_iso":"CHN"},{"h3index":"8740544d4ffffff","population_2015":4526.2232705546,"total_built_mass_tons":1326987.8961611204,"city_id":10451,"country_iso":"CHN"},{"h3index":"8740544d5ffffff","population_2015":26032.2016513974,"total_built_mass_tons":6267658.6442552656,"city_id":10451,"country_iso":"CHN"},{"h3index":"8740544d6ffffff","population_2015":3669.4509567167,"total_built_mass_tons":1436655.6972349766,"city_id":10451,"country_iso":"CHN"},{"h3index":"8740544d8ffffff","population_2015":47.6263180527,"total_built_mass_tons":33528.1719754467,"city_id":10451,"country_iso":"CHN"},{"h3index":"8740544dcffffff","population_2015":5343.391592281,"total_built_mass_tons":881983.0965117742,"city_id":10451,"country_iso":"CHN"},{"h3index":"8740544deffffff","population_2015":45.2728831132,"total_built_mass_tons":71242.6847341469,"city_id":10451,"country_iso":"CHN"},{"h3index":"8740544e8ffffff","population_2015":553.7149557001,"total_built_mass_tons":272409.9738394342,"city_id":10451,"country_iso":"CHN"},{"h3index":"8740544eaffffff","population_2015":408.3647537288,"total_built_mass_tons":228588.159307798,"city_id":10451,"country_iso":"CHN"},{"h3index":"8740544ebffffff","population_2015":96.0283968355,"total_built_mass_tons":74925.0988680269,"city_id":10451,"country_iso":"CHN"},{"h3index":"8740544ecffffff","population_2015":686.9881508752,"total_built_mass_tons":596487.206808617,"city_id":10451,"country_iso":"CHN"},{"h3index":"8740544edffffff","population_2015":75.801292354,"total_built_mass_tons":40986.6584306417,"city_id":10451,"country_iso":"CHN"},{"h3index":"8740544eeffffff","population_2015":287.1705464644,"total_built_mass_tons":226191.1172649491,"city_id":10451,"country_iso":"CHN"},{"h3index":"8740544f1ffffff","population_2015":3174.4421709996,"total_built_mass_tons":431077.065172552,"city_id":10451,"country_iso":"CHN"},{"h3index":"8740544f2ffffff","population_2015":401.9925092117,"total_built_mass_tons":286148.7379644255,"city_id":10451,"country_iso":"CHN"},{"h3index":"8740544f3ffffff","population_2015":5298.8877689623,"total_built_mass_tons":879083.5430835288,"city_id":10451,"country_iso":"CHN"},{"h3index":"874056b24ffffff","population_2015":3282.2804695756,"total_built_mass_tons":924821.5837790323,"city_id":10451,"country_iso":"CHN"},{"h3index":"874056b25ffffff","population_2015":1470.1962910596,"total_built_mass_tons":1038476.6596376952,"city_id":10451,"country_iso":"CHN"}]