[{"h3index":"874045380ffffff","population_2015":2248.8414554446,"total_built_mass_tons":474909.0498736851,"city_id":10302,"country_iso":"CHN"},{"h3index":"874045382ffffff","population_2015":17060.438597006,"total_built_mass_tons":5060401.040750023,"city_id":10302,"country_iso":"CHN"},{"h3index":"874045383ffffff","population_2015":349.8099256329,"total_built_mass_tons":121745.9867587616,"city_id":10302,"country_iso":"CHN"},{"h3index":"874045386ffffff","population_2015":2629.5031374324,"total_built_mass_tons":746169.9506622828,"city_id":10302,"country_iso":"CHN"},{"h3index":"874045390ffffff","population_2015":665.8082168673,"total_built_mass_tons":175936.2792176007,"city_id":10302,"country_iso":"CHN"},{"h3index":"874045391ffffff","population_2015":762.3731883531,"total_built_mass_tons":217797.6652568532,"city_id":10302,"country_iso":"CHN"},{"h3index":"874045394ffffff","population_2015":11.0915840242,"total_built_mass_tons":4520.7502261288,"city_id":10302,"country_iso":"CHN"},{"h3index":"874045395ffffff","population_2015":6615.8789584085,"total_built_mass_tons":811992.1743694622,"city_id":10302,"country_iso":"CHN"}]