[{"h3index":"8740e0202ffffff","population_2015":78.8494562355,"total_built_mass_tons":66290.122555188,"city_id":10356,"country_iso":"CHN"},{"h3index":"8740e0211ffffff","population_2015":925.2080376868,"total_built_mass_tons":306121.5271685668,"city_id":10356,"country_iso":"CHN"},{"h3index":"8740e0213ffffff","population_2015":18988.756034593,"total_built_mass_tons":3155325.5765536935,"city_id":10356,"country_iso":"CHN"},{"h3index":"8740e021affffff","population_2015":1330.132722245,"total_built_mass_tons":168132.1662037361,"city_id":10356,"country_iso":"CHN"},{"h3index":"8740e021cffffff","population_2015":994.1130617217,"total_built_mass_tons":206383.513284362,"city_id":10356,"country_iso":"CHN"},{"h3index":"8740e021effffff","population_2015":25717.8631720711,"total_built_mass_tons":3744310.0001086928,"city_id":10356,"country_iso":"CHN"},{"h3index":"8740e02a8ffffff","population_2015":4642.0909603998,"total_built_mass_tons":926625.982070762,"city_id":10356,"country_iso":"CHN"},{"h3index":"8740e02a9ffffff","population_2015":2.343640305,"total_built_mass_tons":4715.1581798962,"city_id":10356,"country_iso":"CHN"},{"h3index":"8740e02acffffff","population_2015":2551.9159300804,"total_built_mass_tons":1315150.2324804442,"city_id":10356,"country_iso":"CHN"},{"h3index":"8740e02adffffff","population_2015":31878.4271892361,"total_built_mass_tons":5495534.6542317495,"city_id":10356,"country_iso":"CHN"}]