[{"h3index":"874024d02ffffff","population_2015":53.2821049485,"total_built_mass_tons":97419.7967717124,"city_id":11928,"country_iso":"CHN"},{"h3index":"874024d10ffffff","population_2015":6615.0607169198,"total_built_mass_tons":1053052.0062302125,"city_id":11928,"country_iso":"CHN"},{"h3index":"874024d11ffffff","population_2015":13113.6545450809,"total_built_mass_tons":3686145.5502223582,"city_id":11928,"country_iso":"CHN"},{"h3index":"874024d12ffffff","population_2015":1831.2708169119,"total_built_mass_tons":928659.7236852734,"city_id":11928,"country_iso":"CHN"},{"h3index":"874024d13ffffff","population_2015":6153.9580072838,"total_built_mass_tons":1749937.8802889597,"city_id":11928,"country_iso":"CHN"},{"h3index":"874024d14ffffff","population_2015":2961.6934186356,"total_built_mass_tons":782867.3195050457,"city_id":11928,"country_iso":"CHN"},{"h3index":"874024d16ffffff","population_2015":2921.8172255198,"total_built_mass_tons":311369.4699816434,"city_id":11928,"country_iso":"CHN"},{"h3index":"874024d1cffffff","population_2015":3046.4818968754,"total_built_mass_tons":510787.9852079795,"city_id":11928,"country_iso":"CHN"},{"h3index":"874024d1effffff","population_2015":1846.3328319699,"total_built_mass_tons":347385.9634360243,"city_id":11928,"country_iso":"CHN"},{"h3index":"874024dadffffff","population_2015":78.8177881105,"total_built_mass_tons":27872.0472990635,"city_id":11928,"country_iso":"CHN"},{"h3index":"874119a49ffffff","population_2015":81.5047687755,"total_built_mass_tons":43402.4736511353,"city_id":11928,"country_iso":"CHN"}]