[{"h3index":"8731b1441ffffff","population_2015":246.3848824875,"total_built_mass_tons":120116.6558385631,"city_id":10412,"country_iso":"CHN"},{"h3index":"8731b1443ffffff","population_2015":12809.9729349155,"total_built_mass_tons":2184147.409828953,"city_id":10412,"country_iso":"CHN"},{"h3index":"8731b144affffff","population_2015":2206.3920069531,"total_built_mass_tons":1313693.3625261912,"city_id":10412,"country_iso":"CHN"},{"h3index":"8731b144bffffff","population_2015":296.879549019,"total_built_mass_tons":541767.6440021642,"city_id":10412,"country_iso":"CHN"},{"h3index":"8731b144effffff","population_2015":1160.3517054698,"total_built_mass_tons":474458.5629229816,"city_id":10412,"country_iso":"CHN"},{"h3index":"8731b1458ffffff","population_2015":17710.6626493809,"total_built_mass_tons":4040409.4401009711,"city_id":10412,"country_iso":"CHN"},{"h3index":"8731b1459ffffff","population_2015":16081.5234959471,"total_built_mass_tons":3812554.8432555823,"city_id":10412,"country_iso":"CHN"},{"h3index":"8731b145bffffff","population_2015":4263.7991963274,"total_built_mass_tons":1541698.5716113178,"city_id":10412,"country_iso":"CHN"},{"h3index":"8731b145cffffff","population_2015":14259.8762060726,"total_built_mass_tons":3432668.4693580689,"city_id":10412,"country_iso":"CHN"},{"h3index":"8731b145dffffff","population_2015":33385.7615119149,"total_built_mass_tons":5794993.9256135467,"city_id":10412,"country_iso":"CHN"},{"h3index":"8731b145effffff","population_2015":435.3927685289,"total_built_mass_tons":118882.8404570298,"city_id":10412,"country_iso":"CHN"},{"h3index":"8731b17a4ffffff","population_2015":302.6122874664,"total_built_mass_tons":531455.7141137916,"city_id":10412,"country_iso":"CHN"},{"h3index":"8731b17a6ffffff","population_2015":672.2323307841,"total_built_mass_tons":364959.8616102464,"city_id":10412,"country_iso":"CHN"}]