[{"h3index":"8724c2a22ffffff","population_2015":28.7008924372,"total_built_mass_tons":20778.4208147378,"city_id":10146,"country_iso":"CHN"},{"h3index":"8724c2a26ffffff","population_2015":130.6806373895,"total_built_mass_tons":27419.6207193822,"city_id":10146,"country_iso":"CHN"},{"h3index":"8724c2a30ffffff","population_2015":11855.2517882852,"total_built_mass_tons":2959956.8367940453,"city_id":10146,"country_iso":"CHN"},{"h3index":"8724c2a31ffffff","population_2015":804.7132356756,"total_built_mass_tons":328665.4605076679,"city_id":10146,"country_iso":"CHN"},{"h3index":"8724c2a32ffffff","population_2015":904.7380047583,"total_built_mass_tons":407550.270121877,"city_id":10146,"country_iso":"CHN"},{"h3index":"8724c2a33ffffff","population_2015":534.7067761066,"total_built_mass_tons":545336.2126928857,"city_id":10146,"country_iso":"CHN"},{"h3index":"8724c2a34ffffff","population_2015":1457.1530346319,"total_built_mass_tons":318445.1233959812,"city_id":10146,"country_iso":"CHN"},{"h3index":"8724c2a35ffffff","population_2015":8730.7100629161,"total_built_mass_tons":2282493.5648504002,"city_id":10146,"country_iso":"CHN"},{"h3index":"8724c2a36ffffff","population_2015":8.4772435609,"total_built_mass_tons":10168.2348748936,"city_id":10146,"country_iso":"CHN"},{"h3index":"8724c2b1bffffff","population_2015":189.1047564712,"total_built_mass_tons":35413.0346314313,"city_id":10146,"country_iso":"CHN"},{"h3index":"8724c2b8dffffff","population_2015":5.2157219288,"total_built_mass_tons":9907.0603852384,"city_id":10146,"country_iso":"CHN"}]