[{"h3index":"8731a0030ffffff","population_2015":2390.963764273,"total_built_mass_tons":787311.5373698783,"city_id":10368,"country_iso":"CHN"},{"h3index":"8731a0032ffffff","population_2015":25.8480953067,"total_built_mass_tons":19045.6292967959,"city_id":10368,"country_iso":"CHN"},{"h3index":"8731a0034ffffff","population_2015":298.5961643182,"total_built_mass_tons":155120.11574775,"city_id":10368,"country_iso":"CHN"},{"h3index":"8731a0036ffffff","population_2015":9473.2279171214,"total_built_mass_tons":2667676.6504537696,"city_id":10368,"country_iso":"CHN"},{"h3index":"8731a018dffffff","population_2015":105.2130244536,"total_built_mass_tons":54188.266072451,"city_id":10368,"country_iso":"CHN"},{"h3index":"8731a01abffffff","population_2015":415.5748116718,"total_built_mass_tons":132598.8028113104,"city_id":10368,"country_iso":"CHN"}]