[{"h3index":"8724da100ffffff","population_2015":19785.9359329859,"total_built_mass_tons":2321373.6212725383,"city_id":10268,"country_iso":"CHN"},{"h3index":"8724da101ffffff","population_2015":700.1815688395,"total_built_mass_tons":128262.2155168759,"city_id":10268,"country_iso":"CHN"},{"h3index":"8724da102ffffff","population_2015":64245.2957855,"total_built_mass_tons":7541636.3801766401,"city_id":10268,"country_iso":"CHN"},{"h3index":"8724da103ffffff","population_2015":35094.086262027,"total_built_mass_tons":3978834.6985042002,"city_id":10268,"country_iso":"CHN"},{"h3index":"8724da106ffffff","population_2015":12226.3546219227,"total_built_mass_tons":3764817.6263854657,"city_id":10268,"country_iso":"CHN"},{"h3index":"8724da10affffff","population_2015":28.5497734556,"total_built_mass_tons":58177.4945962801,"city_id":10268,"country_iso":"CHN"},{"h3index":"8724da10effffff","population_2015":116.8366978589,"total_built_mass_tons":258944.0268113312,"city_id":10268,"country_iso":"CHN"},{"h3index":"8724da115ffffff","population_2015":9083.6881704419,"total_built_mass_tons":1542192.9989763023,"city_id":10268,"country_iso":"CHN"},{"h3index":"8724da11cffffff","population_2015":8158.9885550256,"total_built_mass_tons":1278752.9131745112,"city_id":10268,"country_iso":"CHN"},{"h3index":"8724da11dffffff","population_2015":14420.0785454189,"total_built_mass_tons":1967630.2522513629,"city_id":10268,"country_iso":"CHN"},{"h3index":"8724da133ffffff","population_2015":1303.6120770211,"total_built_mass_tons":1333058.1555772426,"city_id":10268,"country_iso":"CHN"}]