[{"h3index":"876485a70ffffff","population_2015":4.4011876723,"total_built_mass_tons":3403.6876103591,"city_id":10357,"country_iso":"MMR"},{"h3index":"876485a74ffffff","population_2015":737.6735545121,"total_built_mass_tons":127306.8080337764,"city_id":10357,"country_iso":"MMR"},{"h3index":"876485a75ffffff","population_2015":106.3950665006,"total_built_mass_tons":29323.7510540442,"city_id":10357,"country_iso":"MMR"},{"h3index":"876485b58ffffff","population_2015":22.3074683096,"total_built_mass_tons":3190.9353353432,"city_id":10357,"country_iso":"MMR"},{"h3index":"876485b5affffff","population_2015":923.8903164714,"total_built_mass_tons":259221.5458744233,"city_id":10357,"country_iso":"MMR"},{"h3index":"876485b5bffffff","population_2015":4758.0111785963,"total_built_mass_tons":782053.2514992217,"city_id":10357,"country_iso":"MMR"}]