[{"h3index":"87260d800ffffff","population_2015":8015.9303644599,"total_built_mass_tons":3520016.9418456731,"city_id":474,"country_iso":"USA"},{"h3index":"87260d801ffffff","population_2015":6984.2496161367,"total_built_mass_tons":3453306.0992922494,"city_id":474,"country_iso":"USA"},{"h3index":"87260d802ffffff","population_2015":3084.1740771418,"total_built_mass_tons":3064801.1977273156,"city_id":474,"country_iso":"USA"},{"h3index":"87260d803ffffff","population_2015":7382.6266740949,"total_built_mass_tons":3433553.6452771472,"city_id":474,"country_iso":"USA"},{"h3index":"87260d804ffffff","population_2015":2492.1561867752,"total_built_mass_tons":1515735.9886109177,"city_id":474,"country_iso":"USA"},{"h3index":"87260d805ffffff","population_2015":6404.3359312551,"total_built_mass_tons":3049449.1704900898,"city_id":474,"country_iso":"USA"},{"h3index":"87260d806ffffff","population_2015":3046.388022473,"total_built_mass_tons":1902771.1741456131,"city_id":474,"country_iso":"USA"},{"h3index":"87260d808ffffff","population_2015":2881.0288311781,"total_built_mass_tons":1518679.1321599849,"city_id":474,"country_iso":"USA"},{"h3index":"87260d809ffffff","population_2015":477.0416355531,"total_built_mass_tons":664495.7308941425,"city_id":474,"country_iso":"USA"},{"h3index":"87260d80affffff","population_2015":5938.105721225,"total_built_mass_tons":3246858.3578869305,"city_id":474,"country_iso":"USA"},{"h3index":"87260d80bffffff","population_2015":510.2692509853,"total_built_mass_tons":587967.4951447953,"city_id":474,"country_iso":"USA"},{"h3index":"87260d80cffffff","population_2015":6457.6683623604,"total_built_mass_tons":2536597.7837817837,"city_id":474,"country_iso":"USA"},{"h3index":"87260d80dffffff","population_2015":11505.9614741592,"total_built_mass_tons":3553502.2572309151,"city_id":474,"country_iso":"USA"},{"h3index":"87260d80effffff","population_2015":5555.6942024722,"total_built_mass_tons":3099710.8437533379,"city_id":474,"country_iso":"USA"},{"h3index":"87260d810ffffff","population_2015":1244.1017489087,"total_built_mass_tons":586756.7299389339,"city_id":474,"country_iso":"USA"},{"h3index":"87260d811ffffff","population_2015":906.8413543021,"total_built_mass_tons":1645354.0255629935,"city_id":474,"country_iso":"USA"},{"h3index":"87260d812ffffff","population_2015":3934.5384309739,"total_built_mass_tons":1623285.7825113002,"city_id":474,"country_iso":"USA"},{"h3index":"87260d813ffffff","population_2015":2872.7489761208,"total_built_mass_tons":1499373.5822011807,"city_id":474,"country_iso":"USA"},{"h3index":"87260d814ffffff","population_2015":0.0152529289,"total_built_mass_tons":4081.1114124581,"city_id":474,"country_iso":"USA"},{"h3index":"87260d815ffffff","population_2015":565.7772701269,"total_built_mass_tons":2240967.3359700707,"city_id":474,"country_iso":"USA"},{"h3index":"87260d818ffffff","population_2015":6082.6249284681,"total_built_mass_tons":3492446.8229953884,"city_id":474,"country_iso":"USA"},{"h3index":"87260d819ffffff","population_2015":7180.6698800124,"total_built_mass_tons":2793669.7891857713,"city_id":474,"country_iso":"USA"},{"h3index":"87260d81affffff","population_2015":8226.1260278493,"total_built_mass_tons":3038879.9646189078,"city_id":474,"country_iso":"USA"},{"h3index":"87260d81bffffff","population_2015":6126.0428990666,"total_built_mass_tons":2388275.7932105353,"city_id":474,"country_iso":"USA"},{"h3index":"87260d81cffffff","population_2015":2874.7140535874,"total_built_mass_tons":3059553.5153094358,"city_id":474,"country_iso":"USA"},{"h3index":"87260d81dffffff","population_2015":4213.1270143027,"total_built_mass_tons":3055268.7655618098,"city_id":474,"country_iso":"USA"},{"h3index":"87260d81effffff","population_2015":1437.8625579562,"total_built_mass_tons":2801024.7288398659,"city_id":474,"country_iso":"USA"},{"h3index":"87260d828ffffff","population_2015":2998.273962101,"total_built_mass_tons":1371853.3390124131,"city_id":474,"country_iso":"USA"},{"h3index":"87260d829ffffff","population_2015":5460.7022753827,"total_built_mass_tons":2600501.4671344087,"city_id":474,"country_iso":"USA"},{"h3index":"87260d82affffff","population_2015":6562.0358568883,"total_built_mass_tons":3078566.7859136919,"city_id":474,"country_iso":"USA"},{"h3index":"87260d82bffffff","population_2015":8085.0870022915,"total_built_mass_tons":2741229.7973398636,"city_id":474,"country_iso":"USA"},{"h3index":"87260d82cffffff","population_2015":0.0312659603,"total_built_mass_tons":3442.6805820817,"city_id":474,"country_iso":"USA"},{"h3index":"87260d82dffffff","population_2015":3784.2519089421,"total_built_mass_tons":2891189.217994188,"city_id":474,"country_iso":"USA"},{"h3index":"87260d82effffff","population_2015":1370.3564457527,"total_built_mass_tons":559546.5998860056,"city_id":474,"country_iso":"USA"},{"h3index":"87260d830ffffff","population_2015":138.9458806678,"total_built_mass_tons":82709.5121961501,"city_id":474,"country_iso":"USA"},{"h3index":"87260d831ffffff","population_2015":3874.978072838,"total_built_mass_tons":1806015.8825359188,"city_id":474,"country_iso":"USA"},{"h3index":"87260d833ffffff","population_2015":958.4953359673,"total_built_mass_tons":1005028.2607063112,"city_id":474,"country_iso":"USA"},{"h3index":"87260d835ffffff","population_2015":188.7398955871,"total_built_mass_tons":136866.1221422371,"city_id":474,"country_iso":"USA"},{"h3index":"87260d840ffffff","population_2015":0.8414876192,"total_built_mass_tons":5035.1719853691,"city_id":474,"country_iso":"USA"},{"h3index":"87260d842ffffff","population_2015":2092.2282119831,"total_built_mass_tons":1508093.0219923255,"city_id":474,"country_iso":"USA"},{"h3index":"87260d843ffffff","population_2015":131.7381400744,"total_built_mass_tons":55737.9942027362,"city_id":474,"country_iso":"USA"},{"h3index":"87260d844ffffff","population_2015":1426.0853027799,"total_built_mass_tons":385040.1865028862,"city_id":474,"country_iso":"USA"},{"h3index":"87260d846ffffff","population_2015":5311.9130727163,"total_built_mass_tons":2194130.3456302849,"city_id":474,"country_iso":"USA"},{"h3index":"87260d850ffffff","population_2015":3252.8395680038,"total_built_mass_tons":2960972.5453269221,"city_id":474,"country_iso":"USA"},{"h3index":"87260d851ffffff","population_2015":3683.2563630141,"total_built_mass_tons":1650208.5386340066,"city_id":474,"country_iso":"USA"},{"h3index":"87260d853ffffff","population_2015":220.0284953446,"total_built_mass_tons":174182.162083339,"city_id":474,"country_iso":"USA"},{"h3index":"87260d854ffffff","population_2015":4233.3004936394,"total_built_mass_tons":2584285.0415364029,"city_id":474,"country_iso":"USA"},{"h3index":"87260d855ffffff","population_2015":8263.9143906386,"total_built_mass_tons":2805341.9361037281,"city_id":474,"country_iso":"USA"},{"h3index":"87260d856ffffff","population_2015":2520.3572583303,"total_built_mass_tons":1396772.4982083619,"city_id":474,"country_iso":"USA"},{"h3index":"87260d862ffffff","population_2015":670.5497587157,"total_built_mass_tons":1257634.3430120617,"city_id":474,"country_iso":"USA"},{"h3index":"87260d864ffffff","population_2015":49.9638054384,"total_built_mass_tons":47208.197439763,"city_id":474,"country_iso":"USA"},{"h3index":"87260d866ffffff","population_2015":4798.8999293594,"total_built_mass_tons":2575389.3235640181,"city_id":474,"country_iso":"USA"},{"h3index":"87260d870ffffff","population_2015":3897.2412096901,"total_built_mass_tons":3627208.154111152,"city_id":474,"country_iso":"USA"},{"h3index":"87260d871ffffff","population_2015":2355.2953854909,"total_built_mass_tons":1195248.5332234488,"city_id":474,"country_iso":"USA"},{"h3index":"87260d872ffffff","population_2015":1353.1376089241,"total_built_mass_tons":3009878.3780929656,"city_id":474,"country_iso":"USA"},{"h3index":"87260d873ffffff","population_2015":6438.5268894123,"total_built_mass_tons":2535624.8101219032,"city_id":474,"country_iso":"USA"},{"h3index":"87260d874ffffff","population_2015":7296.4106138916,"total_built_mass_tons":3425190.2684413129,"city_id":474,"country_iso":"USA"},{"h3index":"87260d875ffffff","population_2015":4660.2430215476,"total_built_mass_tons":3424959.5759133985,"city_id":474,"country_iso":"USA"},{"h3index":"87260d876ffffff","population_2015":8790.6563368537,"total_built_mass_tons":4549143.4503685869,"city_id":474,"country_iso":"USA"},{"h3index":"87260d8a1ffffff","population_2015":120.7409987451,"total_built_mass_tons":160601.3092203395,"city_id":474,"country_iso":"USA"},{"h3index":"87260d8a5ffffff","population_2015":119.0872685152,"total_built_mass_tons":104259.418044437,"city_id":474,"country_iso":"USA"},{"h3index":"87260d8a8ffffff","population_2015":2478.2426065859,"total_built_mass_tons":874634.5496711769,"city_id":474,"country_iso":"USA"},{"h3index":"87260d8a9ffffff","population_2015":3280.7291153738,"total_built_mass_tons":1767977.5288220642,"city_id":474,"country_iso":"USA"},{"h3index":"87260d8abffffff","population_2015":3.0556204719,"total_built_mass_tons":45150.9613591143,"city_id":474,"country_iso":"USA"},{"h3index":"87260d8acffffff","population_2015":5526.4308710189,"total_built_mass_tons":2045140.223434408,"city_id":474,"country_iso":"USA"},{"h3index":"87260d8adffffff","population_2015":1531.0126972392,"total_built_mass_tons":1961212.8878288383,"city_id":474,"country_iso":"USA"},{"h3index":"87260d8aeffffff","population_2015":269.09200607,"total_built_mass_tons":95387.9871579328,"city_id":474,"country_iso":"USA"},{"h3index":"87260d8e4ffffff","population_2015":243.7973791569,"total_built_mass_tons":1102895.1317927742,"city_id":474,"country_iso":"USA"},{"h3index":"87260d8e5ffffff","population_2015":0.2405850726,"total_built_mass_tons":10434.2061349234,"city_id":474,"country_iso":"USA"},{"h3index":"87260d8e6ffffff","population_2015":781.3379660004,"total_built_mass_tons":800121.5015039836,"city_id":474,"country_iso":"USA"},{"h3index":"87260d8f4ffffff","population_2015":1488.2073133022,"total_built_mass_tons":2700972.043066164,"city_id":474,"country_iso":"USA"},{"h3index":"87260d8f5ffffff","population_2015":1297.9877198388,"total_built_mass_tons":734127.2019317376,"city_id":474,"country_iso":"USA"},{"h3index":"87260d8f6ffffff","population_2015":187.5463542755,"total_built_mass_tons":294309.4796979717,"city_id":474,"country_iso":"USA"},{"h3index":"87260d94affffff","population_2015":1430.1794803877,"total_built_mass_tons":464955.6979674794,"city_id":474,"country_iso":"USA"},{"h3index":"87260d950ffffff","population_2015":11.1805615566,"total_built_mass_tons":88782.9027331919,"city_id":474,"country_iso":"USA"},{"h3index":"87260d951ffffff","population_2015":323.7232486514,"total_built_mass_tons":2011268.4449104124,"city_id":474,"country_iso":"USA"},{"h3index":"87260d953ffffff","population_2015":1138.323845115,"total_built_mass_tons":1500646.6773919738,"city_id":474,"country_iso":"USA"},{"h3index":"87260d958ffffff","population_2015":3427.5868639913,"total_built_mass_tons":2669349.5293951244,"city_id":474,"country_iso":"USA"},{"h3index":"87260d959ffffff","population_2015":4811.5574299133,"total_built_mass_tons":2064783.7587046169,"city_id":474,"country_iso":"USA"},{"h3index":"87260d95affffff","population_2015":7084.7145876722,"total_built_mass_tons":3846700.793434829,"city_id":474,"country_iso":"USA"},{"h3index":"87260d95bffffff","population_2015":5081.145233071,"total_built_mass_tons":3690827.3446285678,"city_id":474,"country_iso":"USA"},{"h3index":"87260d95cffffff","population_2015":129.6921946771,"total_built_mass_tons":547802.1145810982,"city_id":474,"country_iso":"USA"},{"h3index":"87260d95dffffff","population_2015":1861.3722717757,"total_built_mass_tons":757919.1780353775,"city_id":474,"country_iso":"USA"},{"h3index":"87260d95effffff","population_2015":830.6016421753,"total_built_mass_tons":2981716.9256839976,"city_id":474,"country_iso":"USA"}]