[{"h3index":"87418320cffffff","population_2015":578.888756277,"total_built_mass_tons":1318093.4037827016,"city_id":12040,"country_iso":"CHN"},{"h3index":"87418320dffffff","population_2015":2062.4807206867,"total_built_mass_tons":4909924.7112323828,"city_id":12040,"country_iso":"CHN"},{"h3index":"874183228ffffff","population_2015":31837.347498264,"total_built_mass_tons":6133722.3131440179,"city_id":12040,"country_iso":"CHN"},{"h3index":"874183229ffffff","population_2015":16841.3999275843,"total_built_mass_tons":8270420.8407602608,"city_id":12040,"country_iso":"CHN"},{"h3index":"87418322affffff","population_2015":87.451963039,"total_built_mass_tons":285212.7388899593,"city_id":12040,"country_iso":"CHN"},{"h3index":"87418322bffffff","population_2015":1520.1266458986,"total_built_mass_tons":3993013.0166122634,"city_id":12040,"country_iso":"CHN"},{"h3index":"87418322cffffff","population_2015":5807.2589334605,"total_built_mass_tons":438862.2049014526,"city_id":12040,"country_iso":"CHN"},{"h3index":"87418322dffffff","population_2015":37799.8405941982,"total_built_mass_tons":6202840.9350036904,"city_id":12040,"country_iso":"CHN"},{"h3index":"87418322effffff","population_2015":0.5221152773,"total_built_mass_tons":24597.2395271967,"city_id":12040,"country_iso":"CHN"},{"h3index":"874183270ffffff","population_2015":228.4499026119,"total_built_mass_tons":704878.3484602656,"city_id":12040,"country_iso":"CHN"},{"h3index":"874183272ffffff","population_2015":716.8724515915,"total_built_mass_tons":1112212.4560413591,"city_id":12040,"country_iso":"CHN"},{"h3index":"874183274ffffff","population_2015":3963.4243932743,"total_built_mass_tons":4313261.1756706499,"city_id":12040,"country_iso":"CHN"},{"h3index":"874183275ffffff","population_2015":291.7065327214,"total_built_mass_tons":960156.0610869057,"city_id":12040,"country_iso":"CHN"},{"h3index":"874183276ffffff","population_2015":4555.3687060978,"total_built_mass_tons":4305014.692360485,"city_id":12040,"country_iso":"CHN"},{"h3index":"874183340ffffff","population_2015":38.6134750263,"total_built_mass_tons":56240.4145170529,"city_id":12040,"country_iso":"CHN"},{"h3index":"874183342ffffff","population_2015":170.6663917336,"total_built_mass_tons":113887.124573677,"city_id":12040,"country_iso":"CHN"},{"h3index":"874183343ffffff","population_2015":473.4539771258,"total_built_mass_tons":616230.120850374,"city_id":12040,"country_iso":"CHN"},{"h3index":"87418334effffff","population_2015":1.0076978459,"total_built_mass_tons":7983.9005750624,"city_id":12040,"country_iso":"CHN"},{"h3index":"874183350ffffff","population_2015":1.8261193818,"total_built_mass_tons":3535.8044161638,"city_id":12040,"country_iso":"CHN"},{"h3index":"874183351ffffff","population_2015":824.7406331843,"total_built_mass_tons":650398.7077349235,"city_id":12040,"country_iso":"CHN"},{"h3index":"874183353ffffff","population_2015":2410.9480327471,"total_built_mass_tons":614427.3391360918,"city_id":12040,"country_iso":"CHN"},{"h3index":"874183358ffffff","population_2015":525.1274398935,"total_built_mass_tons":216692.1404905611,"city_id":12040,"country_iso":"CHN"},{"h3index":"87418335affffff","population_2015":7797.509024333,"total_built_mass_tons":1094811.5753075783,"city_id":12040,"country_iso":"CHN"},{"h3index":"87418335bffffff","population_2015":2538.6569718973,"total_built_mass_tons":2005303.6893361299,"city_id":12040,"country_iso":"CHN"},{"h3index":"87418335cffffff","population_2015":1683.8065013928,"total_built_mass_tons":830332.6106585514,"city_id":12040,"country_iso":"CHN"},{"h3index":"87418335dffffff","population_2015":20.4993485708,"total_built_mass_tons":39389.2600618074,"city_id":12040,"country_iso":"CHN"},{"h3index":"87418335effffff","population_2015":15683.9782765744,"total_built_mass_tons":1543436.0021964505,"city_id":12040,"country_iso":"CHN"}]