[{"h3index":"873cc0540ffffff","population_2015":162.8625202179,"total_built_mass_tons":56193.1238537491,"city_id":10043,"country_iso":"BGD"},{"h3index":"873cc0541ffffff","population_2015":24.0371265411,"total_built_mass_tons":28917.9411120831,"city_id":10043,"country_iso":"BGD"},{"h3index":"873cc0543ffffff","population_2015":42.4548473358,"total_built_mass_tons":18254.5615445291,"city_id":10043,"country_iso":"BGD"},{"h3index":"873cc0545ffffff","population_2015":47.5612249374,"total_built_mass_tons":17304.4438064571,"city_id":10043,"country_iso":"BGD"}]