[{"h3index":"8730c6301ffffff","population_2015":479.2757698732,"total_built_mass_tons":127840.8838323412,"city_id":12611,"country_iso":"KOR"},{"h3index":"8730c6305ffffff","population_2015":2389.2682019776,"total_built_mass_tons":483445.9806772549,"city_id":12611,"country_iso":"KOR"},{"h3index":"8730c6308ffffff","population_2015":2250.5541759341,"total_built_mass_tons":479979.534798399,"city_id":12611,"country_iso":"KOR"},{"h3index":"8730c630cffffff","population_2015":8923.9378156176,"total_built_mass_tons":2018669.0641904213,"city_id":12611,"country_iso":"KOR"},{"h3index":"8730c630dffffff","population_2015":9997.9747111227,"total_built_mass_tons":2226410.3167591607,"city_id":12611,"country_iso":"KOR"},{"h3index":"8730c630effffff","population_2015":750.2409479403,"total_built_mass_tons":252254.3783260146,"city_id":12611,"country_iso":"KOR"},{"h3index":"8730c6320ffffff","population_2015":5819.6675733136,"total_built_mass_tons":1713464.9011616418,"city_id":12611,"country_iso":"KOR"},{"h3index":"8730c6321ffffff","population_2015":12675.9587103002,"total_built_mass_tons":2529963.6894156784,"city_id":12611,"country_iso":"KOR"},{"h3index":"8730c6322ffffff","population_2015":1354.8655597135,"total_built_mass_tons":907757.5935640092,"city_id":12611,"country_iso":"KOR"},{"h3index":"8730c6323ffffff","population_2015":1626.4613074695,"total_built_mass_tons":497233.8026641129,"city_id":12611,"country_iso":"KOR"},{"h3index":"8730c6324ffffff","population_2015":12685.7830926558,"total_built_mass_tons":2630793.809657122,"city_id":12611,"country_iso":"KOR"},{"h3index":"8730c6325ffffff","population_2015":6942.2488459269,"total_built_mass_tons":1389928.6750907092,"city_id":12611,"country_iso":"KOR"},{"h3index":"8730c6326ffffff","population_2015":17276.5636402729,"total_built_mass_tons":3278412.257235318,"city_id":12611,"country_iso":"KOR"},{"h3index":"8730c6328ffffff","population_2015":16532.3725359,"total_built_mass_tons":2787948.4076858796,"city_id":12611,"country_iso":"KOR"},{"h3index":"8730c6329ffffff","population_2015":37664.3983506595,"total_built_mass_tons":5864807.5210125316,"city_id":12611,"country_iso":"KOR"},{"h3index":"8730c632affffff","population_2015":15830.3216728958,"total_built_mass_tons":2819356.3019481553,"city_id":12611,"country_iso":"KOR"},{"h3index":"8730c632bffffff","population_2015":20816.6642088497,"total_built_mass_tons":2962294.8859532196,"city_id":12611,"country_iso":"KOR"},{"h3index":"8730c632cffffff","population_2015":32913.9841104844,"total_built_mass_tons":5015137.9638564214,"city_id":12611,"country_iso":"KOR"},{"h3index":"8730c632dffffff","population_2015":39801.4781770295,"total_built_mass_tons":5903390.5413929708,"city_id":12611,"country_iso":"KOR"},{"h3index":"8730c632effffff","population_2015":14690.6226111618,"total_built_mass_tons":2984005.9247628152,"city_id":12611,"country_iso":"KOR"},{"h3index":"8730c6331ffffff","population_2015":5.4501022657,"total_built_mass_tons":10982.7515312009,"city_id":12611,"country_iso":"KOR"},{"h3index":"8730c6334ffffff","population_2015":530.4856702,"total_built_mass_tons":357111.3573855697,"city_id":12611,"country_iso":"KOR"},{"h3index":"8730c6335ffffff","population_2015":4037.7251263226,"total_built_mass_tons":1375292.9163487779,"city_id":12611,"country_iso":"KOR"},{"h3index":"8730c6370ffffff","population_2015":6094.6249245513,"total_built_mass_tons":1174218.1941654722,"city_id":12611,"country_iso":"KOR"},{"h3index":"8730c6372ffffff","population_2015":3706.6440430361,"total_built_mass_tons":947967.0007692128,"city_id":12611,"country_iso":"KOR"},{"h3index":"8730c6374ffffff","population_2015":27648.0617060044,"total_built_mass_tons":6223399.1862641396,"city_id":12611,"country_iso":"KOR"},{"h3index":"8730c6375ffffff","population_2015":1374.852906343,"total_built_mass_tons":437336.526771804,"city_id":12611,"country_iso":"KOR"},{"h3index":"8730c6376ffffff","population_2015":34094.0936647752,"total_built_mass_tons":3918405.5249458463,"city_id":12611,"country_iso":"KOR"},{"h3index":"8730c6a88ffffff","population_2015":5078.1592753336,"total_built_mass_tons":1402816.964896115,"city_id":12611,"country_iso":"KOR"},{"h3index":"8730c6a89ffffff","population_2015":26517.3002861023,"total_built_mass_tons":5172581.7082969211,"city_id":12611,"country_iso":"KOR"},{"h3index":"8730c6a8affffff","population_2015":458.9762280857,"total_built_mass_tons":115587.5391379182,"city_id":12611,"country_iso":"KOR"},{"h3index":"8730c6a8bffffff","population_2015":23720.0250237334,"total_built_mass_tons":4360251.8082517423,"city_id":12611,"country_iso":"KOR"},{"h3index":"8730c6a8cffffff","population_2015":1.7058313033,"total_built_mass_tons":18119.5719096523,"city_id":12611,"country_iso":"KOR"},{"h3index":"8730c6a8dffffff","population_2015":16860.77932372,"total_built_mass_tons":3509129.6169901872,"city_id":12611,"country_iso":"KOR"},{"h3index":"8730c6a98ffffff","population_2015":636.3770303128,"total_built_mass_tons":243118.5001131225,"city_id":12611,"country_iso":"KOR"},{"h3index":"8730c6a99ffffff","population_2015":6254.261091165,"total_built_mass_tons":1721359.6210868068,"city_id":12611,"country_iso":"KOR"},{"h3index":"8730c6a9affffff","population_2015":27.5154097277,"total_built_mass_tons":35494.6433280932,"city_id":12611,"country_iso":"KOR"},{"h3index":"8730c6a9bffffff","population_2015":14886.5286653406,"total_built_mass_tons":2939043.3998818956,"city_id":12611,"country_iso":"KOR"},{"h3index":"8730c6ac0ffffff","population_2015":3637.6753037864,"total_built_mass_tons":879340.5864093199,"city_id":12611,"country_iso":"KOR"},{"h3index":"8730c6ac2ffffff","population_2015":11998.6555527332,"total_built_mass_tons":2157964.6920589264,"city_id":12611,"country_iso":"KOR"},{"h3index":"8730c6ac3ffffff","population_2015":4819.32411068,"total_built_mass_tons":965123.4304288609,"city_id":12611,"country_iso":"KOR"},{"h3index":"8730c6ac4ffffff","population_2015":850.4481083234,"total_built_mass_tons":401491.4509835606,"city_id":12611,"country_iso":"KOR"},{"h3index":"8730c6ac5ffffff","population_2015":138.5050623052,"total_built_mass_tons":344888.7824386714,"city_id":12611,"country_iso":"KOR"},{"h3index":"8730c6ac6ffffff","population_2015":17634.0210774665,"total_built_mass_tons":3432458.1374890888,"city_id":12611,"country_iso":"KOR"},{"h3index":"8730c6ad0ffffff","population_2015":5796.2584688673,"total_built_mass_tons":1412427.9058991782,"city_id":12611,"country_iso":"KOR"},{"h3index":"8730c6ad1ffffff","population_2015":14505.7614549375,"total_built_mass_tons":2966852.5152755138,"city_id":12611,"country_iso":"KOR"},{"h3index":"8730c6ad2ffffff","population_2015":14697.7135356754,"total_built_mass_tons":2178085.3102995348,"city_id":12611,"country_iso":"KOR"},{"h3index":"8730c6ad3ffffff","population_2015":36406.3567168741,"total_built_mass_tons":3993983.5458655646,"city_id":12611,"country_iso":"KOR"},{"h3index":"8730c6ad4ffffff","population_2015":19982.0880181107,"total_built_mass_tons":3910650.2977582561,"city_id":12611,"country_iso":"KOR"},{"h3index":"8730c6ad5ffffff","population_2015":9598.7284476785,"total_built_mass_tons":2096604.570862799,"city_id":12611,"country_iso":"KOR"},{"h3index":"8730c6ad6ffffff","population_2015":13614.2410255956,"total_built_mass_tons":2792608.1300560944,"city_id":12611,"country_iso":"KOR"},{"h3index":"8730c6ad8ffffff","population_2015":34795.999464955,"total_built_mass_tons":5113124.4997477531,"city_id":12611,"country_iso":"KOR"},{"h3index":"8730c6ad9ffffff","population_2015":11143.1099055571,"total_built_mass_tons":1723072.6906927831,"city_id":12611,"country_iso":"KOR"},{"h3index":"8730c6adaffffff","population_2015":39611.8497212728,"total_built_mass_tons":4654565.863608297,"city_id":12611,"country_iso":"KOR"},{"h3index":"8730c6adbffffff","population_2015":30075.1247838189,"total_built_mass_tons":4666843.9753049919,"city_id":12611,"country_iso":"KOR"},{"h3index":"8730c6adcffffff","population_2015":29048.6015351539,"total_built_mass_tons":5149319.6006669048,"city_id":12611,"country_iso":"KOR"},{"h3index":"8730c6addffffff","population_2015":5941.766464196,"total_built_mass_tons":736028.969167741,"city_id":12611,"country_iso":"KOR"},{"h3index":"8730c6adeffffff","population_2015":37094.6153362947,"total_built_mass_tons":4134594.9343060758,"city_id":12611,"country_iso":"KOR"},{"h3index":"8730c6ae2ffffff","population_2015":1673.5709873237,"total_built_mass_tons":473099.7778831499,"city_id":12611,"country_iso":"KOR"},{"h3index":"8730c6af0ffffff","population_2015":14285.3946149733,"total_built_mass_tons":2543415.9810751094,"city_id":12611,"country_iso":"KOR"},{"h3index":"8730c6af1ffffff","population_2015":14836.4543373781,"total_built_mass_tons":2744728.1554897586,"city_id":12611,"country_iso":"KOR"},{"h3index":"8730c6af2ffffff","population_2015":13353.0033568812,"total_built_mass_tons":2925512.1235245038,"city_id":12611,"country_iso":"KOR"},{"h3index":"8730c6af3ffffff","population_2015":16647.024887429,"total_built_mass_tons":3113418.31523888,"city_id":12611,"country_iso":"KOR"},{"h3index":"8730c6af5ffffff","population_2015":354.713847927,"total_built_mass_tons":49626.7435184563,"city_id":12611,"country_iso":"KOR"},{"h3index":"8730c6af6ffffff","population_2015":10082.5378239669,"total_built_mass_tons":1998821.2824512452,"city_id":12611,"country_iso":"KOR"}]