[{"h3index":"8724d2209ffffff","population_2015":6598.7567552473,"total_built_mass_tons":1338897.2870903097,"city_id":10145,"country_iso":"CHN"},{"h3index":"8724d220dffffff","population_2015":114.4587572808,"total_built_mass_tons":35952.5716793412,"city_id":10145,"country_iso":"CHN"},{"h3index":"8724d2254ffffff","population_2015":1081.9644557915,"total_built_mass_tons":267015.9869142016,"city_id":10145,"country_iso":"CHN"},{"h3index":"8724d2256ffffff","population_2015":10343.9978063583,"total_built_mass_tons":1597051.1009982158,"city_id":10145,"country_iso":"CHN"},{"h3index":"8724d2272ffffff","population_2015":55.2274218466,"total_built_mass_tons":55234.0876178815,"city_id":10145,"country_iso":"CHN"}]