[{"h3index":"872e71a02ffffff","population_2015":1261.8634308965,"total_built_mass_tons":761629.8201999185,"city_id":12884,"country_iso":"JPN"},{"h3index":"872e71a03ffffff","population_2015":752.129976209,"total_built_mass_tons":412238.9367004337,"city_id":12884,"country_iso":"JPN"},{"h3index":"872e71a10ffffff","population_2015":13536.2081545269,"total_built_mass_tons":5545806.0228059515,"city_id":12884,"country_iso":"JPN"},{"h3index":"872e71a11ffffff","population_2015":8638.8391111299,"total_built_mass_tons":3954894.792085412,"city_id":12884,"country_iso":"JPN"},{"h3index":"872e71a12ffffff","population_2015":4387.7231295286,"total_built_mass_tons":1852143.2511639427,"city_id":12884,"country_iso":"JPN"},{"h3index":"872e71a13ffffff","population_2015":4329.1702182676,"total_built_mass_tons":1934289.971776621,"city_id":12884,"country_iso":"JPN"},{"h3index":"872e71a14ffffff","population_2015":6398.5491437744,"total_built_mass_tons":2962510.5668576905,"city_id":12884,"country_iso":"JPN"},{"h3index":"872e71a15ffffff","population_2015":8688.0564007909,"total_built_mass_tons":3204327.8866801253,"city_id":12884,"country_iso":"JPN"},{"h3index":"872e71a16ffffff","population_2015":8774.0557673436,"total_built_mass_tons":3503534.7405989193,"city_id":12884,"country_iso":"JPN"},{"h3index":"872e71a1cffffff","population_2015":3465.9196901602,"total_built_mass_tons":1442852.8510285192,"city_id":12884,"country_iso":"JPN"},{"h3index":"872e71a1dffffff","population_2015":100.4310393577,"total_built_mass_tons":57839.1459097141,"city_id":12884,"country_iso":"JPN"},{"h3index":"872e71a1effffff","population_2015":84.5002669596,"total_built_mass_tons":78155.4751593075,"city_id":12884,"country_iso":"JPN"},{"h3index":"872e71a32ffffff","population_2015":1740.2923204693,"total_built_mass_tons":857452.8076618498,"city_id":12884,"country_iso":"JPN"},{"h3index":"872e71a33ffffff","population_2015":186.483111389,"total_built_mass_tons":114251.7542708594,"city_id":12884,"country_iso":"JPN"},{"h3index":"872e71aa0ffffff","population_2015":2900.9236426597,"total_built_mass_tons":1311831.7220564624,"city_id":12884,"country_iso":"JPN"},{"h3index":"872e71aa1ffffff","population_2015":26.055026492,"total_built_mass_tons":25252.190313583,"city_id":12884,"country_iso":"JPN"},{"h3index":"872e71aa4ffffff","population_2015":3846.3699022172,"total_built_mass_tons":1951007.3133241397,"city_id":12884,"country_iso":"JPN"},{"h3index":"872e71aa5ffffff","population_2015":5397.5603214862,"total_built_mass_tons":2640444.7146633179,"city_id":12884,"country_iso":"JPN"},{"h3index":"872e71aa6ffffff","population_2015":262.3401063358,"total_built_mass_tons":301297.8974330466,"city_id":12884,"country_iso":"JPN"},{"h3index":"872e71aacffffff","population_2015":102.650851936,"total_built_mass_tons":41124.4046639058,"city_id":12884,"country_iso":"JPN"},{"h3index":"872e71b81ffffff","population_2015":233.128127228,"total_built_mass_tons":122453.9927976388,"city_id":12884,"country_iso":"JPN"},{"h3index":"872e71b82ffffff","population_2015":1331.065762892,"total_built_mass_tons":945052.2049211768,"city_id":12884,"country_iso":"JPN"},{"h3index":"872e71b83ffffff","population_2015":4547.5155697243,"total_built_mass_tons":2505112.1656290721,"city_id":12884,"country_iso":"JPN"},{"h3index":"872e71b86ffffff","population_2015":284.8293862605,"total_built_mass_tons":241182.1902179712,"city_id":12884,"country_iso":"JPN"},{"h3index":"872e71b88ffffff","population_2015":1496.533707571,"total_built_mass_tons":1160404.1078009622,"city_id":12884,"country_iso":"JPN"},{"h3index":"872e71b89ffffff","population_2015":3424.8358333167,"total_built_mass_tons":1646629.4205676238,"city_id":12884,"country_iso":"JPN"},{"h3index":"872e71b8affffff","population_2015":6533.7492213193,"total_built_mass_tons":3264031.2453767136,"city_id":12884,"country_iso":"JPN"},{"h3index":"872e71b8bffffff","population_2015":1313.5827055426,"total_built_mass_tons":914873.8276336791,"city_id":12884,"country_iso":"JPN"},{"h3index":"872e71b8cffffff","population_2015":414.2426027457,"total_built_mass_tons":284125.9295833849,"city_id":12884,"country_iso":"JPN"},{"h3index":"872e71b8dffffff","population_2015":2071.652335266,"total_built_mass_tons":1339136.0813380741,"city_id":12884,"country_iso":"JPN"},{"h3index":"872e71b8effffff","population_2015":3918.5225319918,"total_built_mass_tons":2506924.7811612487,"city_id":12884,"country_iso":"JPN"},{"h3index":"872e71b99ffffff","population_2015":1423.1160911392,"total_built_mass_tons":942136.502973657,"city_id":12884,"country_iso":"JPN"},{"h3index":"872e71b9cffffff","population_2015":354.6744543038,"total_built_mass_tons":343698.4716013414,"city_id":12884,"country_iso":"JPN"},{"h3index":"872e71b9dffffff","population_2015":3392.7595766231,"total_built_mass_tons":1437724.0008601092,"city_id":12884,"country_iso":"JPN"},{"h3index":"872e71babffffff","population_2015":33.8660110922,"total_built_mass_tons":14425.1997534549,"city_id":12884,"country_iso":"JPN"}]