[{"h3index": "872989002ffffff", "population_2015": 5036.975519810807, "total_built_mass_tons": 2924506.7296689395, "city_id": 67, "country_iso": "USA"}, {"h3index": "872989003ffffff", "population_2015": 1185.849199452003, "total_built_mass_tons": 1328181.0241885788, "city_id": 67, "country_iso": "USA"}, {"h3index": "872989006ffffff", "population_2015": 246.09255856848233, "total_built_mass_tons": 705994.3696091991, "city_id": 67, "country_iso": "USA"}, {"h3index": "872989008ffffff", "population_2015": 42.353176425485046, "total_built_mass_tons": 19039.9806024437, "city_id": 67, "country_iso": "USA"}, {"h3index": "872989009ffffff", "population_2015": 19.206371099808635, "total_built_mass_tons": 20317.44036759581, "city_id": 67, "country_iso": "USA"}, {"h3index": "87298900affffff", "population_2015": 3374.003224425778, "total_built_mass_tons": 2059877.1076867424, "city_id": 67, "country_iso": "USA"}, {"h3index": "87298900bffffff", "population_2015": 4293.876681676009, "total_built_mass_tons": 1877138.0758113477, "city_id": 67, "country_iso": "USA"}, {"h3index": "87298900effffff", "population_2015": 888.0274097336273, "total_built_mass_tons": 716730.356499364, "city_id": 67, "country_iso": "USA"}, {"h3index": "872989014ffffff", "population_2015": 1569.5685006959768, "total_built_mass_tons": 825951.6584963878, "city_id": 67, "country_iso": "USA"}, {"h3index": "872989015ffffff", "population_2015": 5662.995500634494, "total_built_mass_tons": 2468616.5205643848, "city_id": 67, "country_iso": "USA"}, {"h3index": "872989018ffffff", "population_2015": 5993.634509763357, "total_built_mass_tons": 3443468.5518479473, "city_id": 67, "country_iso": "USA"}, {"h3index": "872989019ffffff", "population_2015": 13501.537219665795, "total_built_mass_tons": 4562250.269580245, "city_id": 67, "country_iso": "USA"}, {"h3index": "87298901affffff", "population_2015": 328.7508052051295, "total_built_mass_tons": 2649182.5250501577, "city_id": 67, "country_iso": "USA"}, {"h3index": "87298901bffffff", "population_2015": 1963.8493823261333, "total_built_mass_tons": 3687571.4080163985, "city_id": 67, "country_iso": "USA"}, {"h3index": "87298901cffffff", "population_2015": 7431.920429429061, "total_built_mass_tons": 2563453.873535391, "city_id": 67, "country_iso": "USA"}, {"h3index": "87298901dffffff", "population_2015": 11240.45189776589, "total_built_mass_tons": 3648619.631170469, "city_id": 67, "country_iso": "USA"}, {"h3index": "87298901effffff", "population_2015": 362.7718971319678, "total_built_mass_tons": 472277.1336352504, "city_id": 67, "country_iso": "USA"}, {"h3index": "872989032ffffff", "population_2015": 956.437015794422, "total_built_mass_tons": 379949.3837241626, "city_id": 67, "country_iso": "USA"}, {"h3index": "872989033ffffff", "population_2015": 2643.3449236144756, "total_built_mass_tons": 1592517.971843409, "city_id": 67, "country_iso": "USA"}, {"h3index": "872989050ffffff", "population_2015": 491.02467680538393, "total_built_mass_tons": 198018.64123092865, "city_id": 67, "country_iso": "USA"}, {"h3index": "872989052ffffff", "population_2015": 893.9315123595444, "total_built_mass_tons": 352827.403742475, "city_id": 67, "country_iso": "USA"}, {"h3index": "872989056ffffff", "population_2015": 1605.8615252857255, "total_built_mass_tons": 610979.014549865, "city_id": 67, "country_iso": "USA"}, {"h3index": "87298908dffffff", "population_2015": 5644.8634295809525, "total_built_mass_tons": 1626021.810307335, "city_id": 67, "country_iso": "USA"}, {"h3index": "8729890a9ffffff", "population_2015": 551.3626509711585, "total_built_mass_tons": 3504103.547718363, "city_id": 67, "country_iso": "USA"}, {"h3index": "8729890abffffff", "population_2015": 2932.1391015434897, "total_built_mass_tons": 2200550.669691556, "city_id": 67, "country_iso": "USA"}, {"h3index": "8729890e0ffffff", "population_2015": 9879.917471288232, "total_built_mass_tons": 3189032.789167612, "city_id": 67, "country_iso": "USA"}, {"h3index": "8729890e1ffffff", "population_2015": 988.2247104962664, "total_built_mass_tons": 279970.5267163068, "city_id": 67, "country_iso": "USA"}, {"h3index": "8729890e2ffffff", "population_2015": 6697.236134643182, "total_built_mass_tons": 1910301.9853237856, "city_id": 67, "country_iso": "USA"}, {"h3index": "8729890e3ffffff", "population_2015": 2.1625240643819175, "total_built_mass_tons": 2803.688064759004, "city_id": 67, "country_iso": "USA"}, {"h3index": "8729890e4ffffff", "population_2015": 9593.089908694405, "total_built_mass_tons": 3821938.860476964, "city_id": 67, "country_iso": "USA"}, {"h3index": "8729890e5ffffff", "population_2015": 8030.520050076082, "total_built_mass_tons": 2247408.8114573695, "city_id": 67, "country_iso": "USA"}, {"h3index": "8729890e6ffffff", "population_2015": 10188.517878352604, "total_built_mass_tons": 4526134.004537509, "city_id": 67, "country_iso": "USA"}, {"h3index": "8729890f0ffffff", "population_2015": 10727.687125006203, "total_built_mass_tons": 3123702.4820775366, "city_id": 67, "country_iso": "USA"}, {"h3index": "8729890f1ffffff", "population_2015": 3418.051607971624, "total_built_mass_tons": 951193.9962269628, "city_id": 67, "country_iso": "USA"}, {"h3index": "8729890f2ffffff", "population_2015": 1941.9261225631717, "total_built_mass_tons": 743706.6966573095, "city_id": 67, "country_iso": "USA"}, {"h3index": "8729890f4ffffff", "population_2015": 6814.796909580728, "total_built_mass_tons": 4312573.197066087, "city_id": 67, "country_iso": "USA"}, {"h3index": "8729890f5ffffff", "population_2015": 15966.819188952448, "total_built_mass_tons": 3984216.5441316, "city_id": 67, "country_iso": "USA"}, {"h3index": "8729890f6ffffff", "population_2015": 13977.158906301373, "total_built_mass_tons": 4133279.205946994, "city_id": 67, "country_iso": "USA"}]