[{"h3index": "874240248ffffff", "population_2015": 1143.661845809338, "total_built_mass_tons": 203000.27848322236, "city_id": 6337, "country_iso": "PAK"}, {"h3index": "874240249ffffff", "population_2015": 3527.720688090605, "total_built_mass_tons": 593473.8195865515, "city_id": 6337, "country_iso": "PAK"}, {"h3index": "87424024affffff", "population_2015": 1313.1762072301378, "total_built_mass_tons": 315432.05236735963, "city_id": 6337, "country_iso": "PAK"}, {"h3index": "87424024bffffff", "population_2015": 2179.1976112178727, "total_built_mass_tons": 464621.2153694312, "city_id": 6337, "country_iso": "PAK"}, {"h3index": "87424024dffffff", "population_2015": 85.38737489475923, "total_built_mass_tons": 42607.1479561951, "city_id": 6337, "country_iso": "PAK"}, {"h3index": "87424024effffff", "population_2015": 607.8973014719345, "total_built_mass_tons": 140288.71510182918, "city_id": 6337, "country_iso": "PAK"}, {"h3index": "87424025dffffff", "population_2015": 471.4464108373605, "total_built_mass_tons": 140988.60464419716, "city_id": 6337, "country_iso": "PAK"}, {"h3index": "874241421ffffff", "population_2015": 31.694546060001144, "total_built_mass_tons": 8312.789408647352, "city_id": 6337, "country_iso": "PAK"}, {"h3index": "874241424ffffff", "population_2015": 4647.181849952773, "total_built_mass_tons": 684484.9003706637, "city_id": 6337, "country_iso": "PAK"}, {"h3index": "874241425ffffff", "population_2015": 3955.1599459872527, "total_built_mass_tons": 908584.3156649928, "city_id": 6337, "country_iso": "PAK"}, {"h3index": "874241500ffffff", "population_2015": 25688.58481119193, "total_built_mass_tons": 1504941.894847405, "city_id": 6337, "country_iso": "PAK"}, {"h3index": "874241501ffffff", "population_2015": 54835.94611761053, "total_built_mass_tons": 4065360.4458714584, "city_id": 6337, "country_iso": "PAK"}, {"h3index": "874241502ffffff", "population_2015": 2131.8227294323497, "total_built_mass_tons": 313688.22243161686, "city_id": 6337, "country_iso": "PAK"}, {"h3index": "874241503ffffff", "population_2015": 9964.442553247189, "total_built_mass_tons": 764333.9193700732, "city_id": 6337, "country_iso": "PAK"}, {"h3index": "874241504ffffff", "population_2015": 36957.309461556215, "total_built_mass_tons": 1809250.0815435776, "city_id": 6337, "country_iso": "PAK"}, {"h3index": "874241505ffffff", "population_2015": 55232.602424561745, "total_built_mass_tons": 3034267.1894722767, "city_id": 6337, "country_iso": "PAK"}, {"h3index": "874241506ffffff", "population_2015": 25752.289032423745, "total_built_mass_tons": 1716880.903442808, "city_id": 6337, "country_iso": "PAK"}, {"h3index": "874241508ffffff", "population_2015": 69876.33333518832, "total_built_mass_tons": 3472321.6680916073, "city_id": 6337, "country_iso": "PAK"}, {"h3index": "874241509ffffff", "population_2015": 58038.2946198482, "total_built_mass_tons": 2884589.8865499613, "city_id": 6337, "country_iso": "PAK"}, {"h3index": "87424150affffff", "population_2015": 48933.807362275955, "total_built_mass_tons": 2456340.226892636, "city_id": 6337, "country_iso": "PAK"}, {"h3index": "87424150bffffff", "population_2015": 34086.56947836781, "total_built_mass_tons": 2892206.4716591863, "city_id": 6337, "country_iso": "PAK"}, {"h3index": "87424150cffffff", "population_2015": 59117.101652616606, "total_built_mass_tons": 4655945.494434922, "city_id": 6337, "country_iso": "PAK"}, {"h3index": "87424150dffffff", "population_2015": 57703.34726148117, "total_built_mass_tons": 4748735.668979035, "city_id": 6337, "country_iso": "PAK"}, {"h3index": "87424150effffff", "population_2015": 39496.05367587221, "total_built_mass_tons": 2379896.1321835658, "city_id": 6337, "country_iso": "PAK"}, {"h3index": "874241510ffffff", "population_2015": 3667.3941044564335, "total_built_mass_tons": 801057.3424956048, "city_id": 6337, "country_iso": "PAK"}, {"h3index": "874241511ffffff", "population_2015": 7155.722323352215, "total_built_mass_tons": 1170972.3400697457, "city_id": 6337, "country_iso": "PAK"}, {"h3index": "874241513ffffff", "population_2015": 882.5526841593726, "total_built_mass_tons": 387581.26216991927, "city_id": 6337, "country_iso": "PAK"}, {"h3index": "874241514ffffff", "population_2015": 7322.675213791344, "total_built_mass_tons": 1544514.59004562, "city_id": 6337, "country_iso": "PAK"}, {"h3index": "874241515ffffff", "population_2015": 8736.740730753132, "total_built_mass_tons": 1066156.670732146, "city_id": 6337, "country_iso": "PAK"}, {"h3index": "874241516ffffff", "population_2015": 2396.445774788949, "total_built_mass_tons": 605521.774937004, "city_id": 6337, "country_iso": "PAK"}, {"h3index": "874241519ffffff", "population_2015": 6191.717095861248, "total_built_mass_tons": 555100.1887858268, "city_id": 6337, "country_iso": "PAK"}, {"h3index": "87424151cffffff", "population_2015": 3831.8287998274254, "total_built_mass_tons": 607467.0286885999, "city_id": 6337, "country_iso": "PAK"}, {"h3index": "87424151dffffff", "population_2015": 7823.997517539005, "total_built_mass_tons": 1016237.3987714011, "city_id": 6337, "country_iso": "PAK"}, {"h3index": "87424151effffff", "population_2015": 64.57669297386619, "total_built_mass_tons": 23073.339570423977, "city_id": 6337, "country_iso": "PAK"}, {"h3index": "874241520ffffff", "population_2015": 473.7426534615311, "total_built_mass_tons": 20393.090837789565, "city_id": 6337, "country_iso": "PAK"}, {"h3index": "874241521ffffff", "population_2015": 6977.962285337262, "total_built_mass_tons": 405106.4508412719, "city_id": 6337, "country_iso": "PAK"}, {"h3index": "874241522ffffff", "population_2015": 924.5596239875346, "total_built_mass_tons": 68705.1998669624, "city_id": 6337, "country_iso": "PAK"}, {"h3index": "874241523ffffff", "population_2015": 34593.56667697383, "total_built_mass_tons": 1560104.5668711795, "city_id": 6337, "country_iso": "PAK"}, {"h3index": "874241528ffffff", "population_2015": 60388.001287452855, "total_built_mass_tons": 4205330.151363676, "city_id": 6337, "country_iso": "PAK"}, {"h3index": "874241529ffffff", "population_2015": 63809.87548591764, "total_built_mass_tons": 3603077.191125373, "city_id": 6337, "country_iso": "PAK"}, {"h3index": "87424152affffff", "population_2015": 64471.65916942523, "total_built_mass_tons": 4601761.0821167, "city_id": 6337, "country_iso": "PAK"}, {"h3index": "87424152bffffff", "population_2015": 50494.73717193601, "total_built_mass_tons": 4901536.033821088, "city_id": 6337, "country_iso": "PAK"}, {"h3index": "87424152cffffff", "population_2015": 35886.41118888106, "total_built_mass_tons": 1863763.479143738, "city_id": 6337, "country_iso": "PAK"}, {"h3index": "87424152dffffff", "population_2015": 21459.719139824665, "total_built_mass_tons": 1587913.942374129, "city_id": 6337, "country_iso": "PAK"}, {"h3index": "87424152effffff", "population_2015": 72117.70184065874, "total_built_mass_tons": 3058796.831056125, "city_id": 6337, "country_iso": "PAK"}, {"h3index": "874241530ffffff", "population_2015": 781.8227806839288, "total_built_mass_tons": 55937.22494680788, "city_id": 6337, "country_iso": "PAK"}, {"h3index": "874241531ffffff", "population_2015": 9056.082825275496, "total_built_mass_tons": 897758.2892702182, "city_id": 6337, "country_iso": "PAK"}, {"h3index": "874241532ffffff", "population_2015": 6041.01445762784, "total_built_mass_tons": 488599.2785367238, "city_id": 6337, "country_iso": "PAK"}, {"h3index": "874241533ffffff", "population_2015": 26399.123256182196, "total_built_mass_tons": 2643255.6894050185, "city_id": 6337, "country_iso": "PAK"}, {"h3index": "874241536ffffff", "population_2015": 5.893482159633263, "total_built_mass_tons": 4096.492135541273, "city_id": 6337, "country_iso": "PAK"}, {"h3index": "874241540ffffff", "population_2015": 11.65540185068168, "total_built_mass_tons": 6250.069931023482, "city_id": 6337, "country_iso": "PAK"}, {"h3index": "874241542ffffff", "population_2015": 5.714060295329375, "total_built_mass_tons": 3688.5237078821033, "city_id": 6337, "country_iso": "PAK"}, {"h3index": "874241544ffffff", "population_2015": 13409.872711929616, "total_built_mass_tons": 1803913.0942259023, "city_id": 6337, "country_iso": "PAK"}, {"h3index": "874241545ffffff", "population_2015": 4343.955922837352, "total_built_mass_tons": 869614.189645362, "city_id": 6337, "country_iso": "PAK"}, {"h3index": "874241546ffffff", "population_2015": 5959.4067046595555, "total_built_mass_tons": 942593.241823899, "city_id": 6337, "country_iso": "PAK"}, {"h3index": "874241550ffffff", "population_2015": 31.11514964384191, "total_built_mass_tons": 7772.906849532257, "city_id": 6337, "country_iso": "PAK"}, {"h3index": "874241552ffffff", "population_2015": 2385.728090338614, "total_built_mass_tons": 384650.93662330136, "city_id": 6337, "country_iso": "PAK"}, {"h3index": "874241554ffffff", "population_2015": 4765.79845501769, "total_built_mass_tons": 728331.0812047224, "city_id": 6337, "country_iso": "PAK"}, {"h3index": "874241555ffffff", "population_2015": 2515.9843072928625, "total_built_mass_tons": 421215.340259674, "city_id": 6337, "country_iso": "PAK"}, {"h3index": "874241556ffffff", "population_2015": 19115.0987670674, "total_built_mass_tons": 1287392.213410114, "city_id": 6337, "country_iso": "PAK"}, {"h3index": "874241562ffffff", "population_2015": 8662.976351139598, "total_built_mass_tons": 851791.3416982513, "city_id": 6337, "country_iso": "PAK"}, {"h3index": "874241563ffffff", "population_2015": 1255.6932234240512, "total_built_mass_tons": 503723.8007921388, "city_id": 6337, "country_iso": "PAK"}, {"h3index": "874241566ffffff", "population_2015": 4919.645929736717, "total_built_mass_tons": 588363.2507806546, "city_id": 6337, "country_iso": "PAK"}, {"h3index": "874241568ffffff", "population_2015": 863.5813562580183, "total_built_mass_tons": 154638.3966297087, "city_id": 6337, "country_iso": "PAK"}, {"h3index": "87424156affffff", "population_2015": 9287.915754565072, "total_built_mass_tons": 1163485.3205353962, "city_id": 6337, "country_iso": "PAK"}, {"h3index": "87424156bffffff", "population_2015": 383.8946315765381, "total_built_mass_tons": 64035.985628384085, "city_id": 6337, "country_iso": "PAK"}, {"h3index": "874241570ffffff", "population_2015": 38420.39466645485, "total_built_mass_tons": 2745132.030963093, "city_id": 6337, "country_iso": "PAK"}, {"h3index": "874241571ffffff", "population_2015": 32089.51042283001, "total_built_mass_tons": 2135613.571393554, "city_id": 6337, "country_iso": "PAK"}, {"h3index": "874241572ffffff", "population_2015": 46560.95540556066, "total_built_mass_tons": 3893013.119402128, "city_id": 6337, "country_iso": "PAK"}, {"h3index": "874241573ffffff", "population_2015": 19624.58975464316, "total_built_mass_tons": 1873855.2302755015, "city_id": 6337, "country_iso": "PAK"}, {"h3index": "874241574ffffff", "population_2015": 37511.41869369206, "total_built_mass_tons": 2640830.21725622, "city_id": 6337, "country_iso": "PAK"}, {"h3index": "874241575ffffff", "population_2015": 22584.70452871136, "total_built_mass_tons": 2308188.5230137687, "city_id": 6337, "country_iso": "PAK"}, {"h3index": "874241576ffffff", "population_2015": 55219.0087036432, "total_built_mass_tons": 4029934.829846132, "city_id": 6337, "country_iso": "PAK"}, {"h3index": "8742415a5ffffff", "population_2015": 28.663031009599276, "total_built_mass_tons": 15498.88587306485, "city_id": 6337, "country_iso": "PAK"}, {"h3index": "874241ccaffffff", "population_2015": 1665.811380188138, "total_built_mass_tons": 389970.4051599872, "city_id": 6337, "country_iso": "PAK"}, {"h3index": "874241ccbffffff", "population_2015": 30.12609997356639, "total_built_mass_tons": 15074.685923381629, "city_id": 6337, "country_iso": "PAK"}, {"h3index": "874241cd1ffffff", "population_2015": 64.8309398351931, "total_built_mass_tons": 13207.549709957542, "city_id": 6337, "country_iso": "PAK"}, {"h3index": "874241cd2ffffff", "population_2015": 838.044876614739, "total_built_mass_tons": 123734.43680195871, "city_id": 6337, "country_iso": "PAK"}, {"h3index": "874241cd3ffffff", "population_2015": 2618.0067908193546, "total_built_mass_tons": 472483.0755068235, "city_id": 6337, "country_iso": "PAK"}, {"h3index": "874241cd8ffffff", "population_2015": 12792.561543604908, "total_built_mass_tons": 784322.9016974623, "city_id": 6337, "country_iso": "PAK"}, {"h3index": "874241cd9ffffff", "population_2015": 13749.499272436253, "total_built_mass_tons": 981349.6872536616, "city_id": 6337, "country_iso": "PAK"}, {"h3index": "874241cdaffffff", "population_2015": 45039.69754936367, "total_built_mass_tons": 2557894.9701265357, "city_id": 6337, "country_iso": "PAK"}, {"h3index": "874241cdbffffff", "population_2015": 39470.173287933954, "total_built_mass_tons": 2560752.61129905, "city_id": 6337, "country_iso": "PAK"}, {"h3index": "874241cdcffffff", "population_2015": 161.376703266069, "total_built_mass_tons": 83199.20564903869, "city_id": 6337, "country_iso": "PAK"}, {"h3index": "874241cddffffff", "population_2015": 498.2861254897773, "total_built_mass_tons": 244810.1501226161, "city_id": 6337, "country_iso": "PAK"}, {"h3index": "874241cdeffffff", "population_2015": 2181.1895581376316, "total_built_mass_tons": 308442.11049494846, "city_id": 6337, "country_iso": "PAK"}]