[{"h3index":"87750d912ffffff","population_2015":124.5365986637,"total_built_mass_tons":59795.9808279701,"city_id":1827,"country_iso":"GHA"},{"h3index":"87750d916ffffff","population_2015":9.1159365205,"total_built_mass_tons":30924.035118759,"city_id":1827,"country_iso":"GHA"},{"h3index":"87750d9a0ffffff","population_2015":131.3981012849,"total_built_mass_tons":108711.4275413509,"city_id":1827,"country_iso":"GHA"},{"h3index":"87750d9a1ffffff","population_2015":142.6043931774,"total_built_mass_tons":58039.906464998,"city_id":1827,"country_iso":"GHA"},{"h3index":"87750d9a3ffffff","population_2015":0.7331106747,"total_built_mass_tons":631.7308248002,"city_id":1827,"country_iso":"GHA"},{"h3index":"87750d9a4ffffff","population_2015":1064.2505251997,"total_built_mass_tons":555171.7599729574,"city_id":1827,"country_iso":"GHA"},{"h3index":"87750d9a5ffffff","population_2015":2475.0418909297,"total_built_mass_tons":980201.6046320932,"city_id":1827,"country_iso":"GHA"},{"h3index":"87752b64bffffff","population_2015":37.7941574919,"total_built_mass_tons":20642.3656105603,"city_id":1827,"country_iso":"GHA"}]