[{"h3index":"8740f1d04ffffff","population_2015":1360.8100932701,"total_built_mass_tons":224063.0957827643,"city_id":10406,"country_iso":"CHN"},{"h3index":"8740f1d20ffffff","population_2015":1065.9445823249,"total_built_mass_tons":359423.3298124052,"city_id":10406,"country_iso":"CHN"},{"h3index":"8740f1d22ffffff","population_2015":55314.8605835111,"total_built_mass_tons":6946917.0682044113,"city_id":10406,"country_iso":"CHN"},{"h3index":"8740f1d24ffffff","population_2015":234.709284486,"total_built_mass_tons":271809.6590220162,"city_id":10406,"country_iso":"CHN"},{"h3index":"8740f1d26ffffff","population_2015":9567.265492644,"total_built_mass_tons":1441274.1551575456,"city_id":10406,"country_iso":"CHN"},{"h3index":"8740f1d30ffffff","population_2015":5.8676785151,"total_built_mass_tons":11901.4656874612,"city_id":10406,"country_iso":"CHN"},{"h3index":"8740f1d31ffffff","population_2015":6661.410946063,"total_built_mass_tons":1388616.017520298,"city_id":10406,"country_iso":"CHN"},{"h3index":"8740f1d35ffffff","population_2015":20333.7044298583,"total_built_mass_tons":1660365.8150929073,"city_id":10406,"country_iso":"CHN"},{"h3index":"8740f5699ffffff","population_2015":63.0901599304,"total_built_mass_tons":55042.2233269433,"city_id":10406,"country_iso":"CHN"}]