[{"h3index":"876498388ffffff","population_2015":5007.8073218477,"total_built_mass_tons":1094907.5675583305,"city_id":10210,"country_iso":"MMR"},{"h3index":"876498389ffffff","population_2015":25.0251628427,"total_built_mass_tons":6692.7317441253,"city_id":10210,"country_iso":"MMR"},{"h3index":"87649838affffff","population_2015":1173.6182299296,"total_built_mass_tons":284843.1555309161,"city_id":10210,"country_iso":"MMR"},{"h3index":"87649838bffffff","population_2015":2600.4624848871,"total_built_mass_tons":528136.4381781013,"city_id":10210,"country_iso":"MMR"},{"h3index":"87649838effffff","population_2015":33.2190126662,"total_built_mass_tons":13341.390857413,"city_id":10210,"country_iso":"MMR"}]