[{"h3index": "873e66390ffffff", "population_2015": 2596.4664830301326, "total_built_mass_tons": 553613.5580862169, "city_id": 3861, "country_iso": "EGY"}, {"h3index": "873e66394ffffff", "population_2015": 5600.112434955671, "total_built_mass_tons": 779135.3708328721, "city_id": 3861, "country_iso": "EGY"}, {"h3index": "873e66395ffffff", "population_2015": 814.2143982980765, "total_built_mass_tons": 126368.8986844342, "city_id": 3861, "country_iso": "EGY"}, {"h3index": "873e66396ffffff", "population_2015": 1402.125769775989, "total_built_mass_tons": 248363.35453215364, "city_id": 3861, "country_iso": "EGY"}, {"h3index": "873e663a0ffffff", "population_2015": 1250.032595578362, "total_built_mass_tons": 239516.74121947004, "city_id": 3861, "country_iso": "EGY"}, {"h3index": "873e663a4ffffff", "population_2015": 20890.50293144151, "total_built_mass_tons": 2428880.981535746, "city_id": 3861, "country_iso": "EGY"}, {"h3index": "873e663a6ffffff", "population_2015": 1998.1106188194424, "total_built_mass_tons": 334993.8537015648, "city_id": 3861, "country_iso": "EGY"}, {"h3index": "873e663b0ffffff", "population_2015": 1145.1485865200266, "total_built_mass_tons": 277916.85002692963, "city_id": 3861, "country_iso": "EGY"}, {"h3index": "873e663b1ffffff", "population_2015": 132.09429808971927, "total_built_mass_tons": 20994.6374500577, "city_id": 3861, "country_iso": "EGY"}, {"h3index": "873e663b2ffffff", "population_2015": 40.17935479108025, "total_built_mass_tons": 7154.144477612645, "city_id": 3861, "country_iso": "EGY"}, {"h3index": "873e663b3ffffff", "population_2015": 10732.875682168848, "total_built_mass_tons": 1508168.323739975, "city_id": 3861, "country_iso": "EGY"}, {"h3index": "873e663b5ffffff", "population_2015": 4326.103657980527, "total_built_mass_tons": 740145.7084392582, "city_id": 3861, "country_iso": "EGY"}]