[{"h3index": "87a80c900ffffff", "population_2015": 34.67032660690008, "total_built_mass_tons": 13248.695477674755, "city_id": 1149, "country_iso": "BRA"}, {"h3index": "87a80c904ffffff", "population_2015": 14888.15473730564, "total_built_mass_tons": 2289051.6221510633, "city_id": 1149, "country_iso": "BRA"}, {"h3index": "87a80c906ffffff", "population_2015": 16208.962605024786, "total_built_mass_tons": 3080299.5909916316, "city_id": 1149, "country_iso": "BRA"}, {"h3index": "87a80c914ffffff", "population_2015": 11856.5919347229, "total_built_mass_tons": 2240538.39816413, "city_id": 1149, "country_iso": "BRA"}, {"h3index": "87a80c915ffffff", "population_2015": 6987.330429898526, "total_built_mass_tons": 1112310.265331866, "city_id": 1149, "country_iso": "BRA"}, {"h3index": "87a80c920ffffff", "population_2015": 119.34915339993496, "total_built_mass_tons": 105521.41688605004, "city_id": 1149, "country_iso": "BRA"}, {"h3index": "87a80c922ffffff", "population_2015": 8907.926400543189, "total_built_mass_tons": 2301520.9743452417, "city_id": 1149, "country_iso": "BRA"}, {"h3index": "87a80c923ffffff", "population_2015": 1369.4899141117933, "total_built_mass_tons": 378274.9138805601, "city_id": 1149, "country_iso": "BRA"}, {"h3index": "87a80c924ffffff", "population_2015": 205.36677269865484, "total_built_mass_tons": 200344.8095799525, "city_id": 1149, "country_iso": "BRA"}, {"h3index": "87a80c926ffffff", "population_2015": 4822.088647716537, "total_built_mass_tons": 1452026.3515885342, "city_id": 1149, "country_iso": "BRA"}, {"h3index": "87a80c930ffffff", "population_2015": 28551.79704865825, "total_built_mass_tons": 4610451.739864029, "city_id": 1149, "country_iso": "BRA"}, {"h3index": "87a80c931ffffff", "population_2015": 20302.76256987067, "total_built_mass_tons": 2763551.836679383, "city_id": 1149, "country_iso": "BRA"}, {"h3index": "87a80c932ffffff", "population_2015": 25878.275001168713, "total_built_mass_tons": 3525017.010216972, "city_id": 1149, "country_iso": "BRA"}, {"h3index": "87a80c933ffffff", "population_2015": 23550.262174212698, "total_built_mass_tons": 3745300.327205578, "city_id": 1149, "country_iso": "BRA"}, {"h3index": "87a80c934ffffff", "population_2015": 18475.59950676431, "total_built_mass_tons": 3010354.563702355, "city_id": 1149, "country_iso": "BRA"}, {"h3index": "87a80c935ffffff", "population_2015": 17955.814807628405, "total_built_mass_tons": 3974039.4765517814, "city_id": 1149, "country_iso": "BRA"}, {"h3index": "87a80c936ffffff", "population_2015": 12995.847837826872, "total_built_mass_tons": 2736858.5777954957, "city_id": 1149, "country_iso": "BRA"}, {"h3index": "87a82a28affffff", "population_2015": 9.914449250464346, "total_built_mass_tons": 38319.33323463228, "city_id": 1149, "country_iso": "BRA"}, {"h3index": "87a82a298ffffff", "population_2015": 181.19091973515117, "total_built_mass_tons": 34719.20166791078, "city_id": 1149, "country_iso": "BRA"}, {"h3index": "87a82a299ffffff", "population_2015": 5920.116102823089, "total_built_mass_tons": 1090049.5820686235, "city_id": 1149, "country_iso": "BRA"}, {"h3index": "87a82a29affffff", "population_2015": 10518.183979397632, "total_built_mass_tons": 1817011.7256512975, "city_id": 1149, "country_iso": "BRA"}, {"h3index": "87a82a29bffffff", "population_2015": 9028.200048340996, "total_built_mass_tons": 2611333.830968294, "city_id": 1149, "country_iso": "BRA"}, {"h3index": "87a82a29effffff", "population_2015": 280.0962812590541, "total_built_mass_tons": 94429.00022184676, "city_id": 1149, "country_iso": "BRA"}, {"h3index": "87a82a641ffffff", "population_2015": 766.1046285611742, "total_built_mass_tons": 448375.843260197, "city_id": 1149, "country_iso": "BRA"}, {"h3index": "87a82a645ffffff", "population_2015": 68.85777040275873, "total_built_mass_tons": 41386.40312862741, "city_id": 1149, "country_iso": "BRA"}, {"h3index": "87a82a648ffffff", "population_2015": 8372.08322138578, "total_built_mass_tons": 1356809.036869682, "city_id": 1149, "country_iso": "BRA"}, {"h3index": "87a82a649ffffff", "population_2015": 18387.167445969113, "total_built_mass_tons": 2502072.012653818, "city_id": 1149, "country_iso": "BRA"}, {"h3index": "87a82a64cffffff", "population_2015": 24829.97721946427, "total_built_mass_tons": 3780041.367426522, "city_id": 1149, "country_iso": "BRA"}, {"h3index": "87a82a64dffffff", "population_2015": 20932.042934836525, "total_built_mass_tons": 3410852.621506747, "city_id": 1149, "country_iso": "BRA"}, {"h3index": "87a82a64effffff", "population_2015": 159.84842171388513, "total_built_mass_tons": 58645.42203457077, "city_id": 1149, "country_iso": "BRA"}, {"h3index": "87a82a668ffffff", "population_2015": 4915.634492383751, "total_built_mass_tons": 530160.1991635123, "city_id": 1149, "country_iso": "BRA"}, {"h3index": "87a82a669ffffff", "population_2015": 10786.687797436847, "total_built_mass_tons": 2239847.973104163, "city_id": 1149, "country_iso": "BRA"}, {"h3index": "87a82a66affffff", "population_2015": 24240.33829775325, "total_built_mass_tons": 3281358.2092997897, "city_id": 1149, "country_iso": "BRA"}, {"h3index": "87a82a66bffffff", "population_2015": 9332.125703266907, "total_built_mass_tons": 2310288.0534945996, "city_id": 1149, "country_iso": "BRA"}, {"h3index": "87a82a66dffffff", "population_2015": 4920.64619716945, "total_built_mass_tons": 764906.993120215, "city_id": 1149, "country_iso": "BRA"}, {"h3index": "87a82a66effffff", "population_2015": 32.29089695612589, "total_built_mass_tons": 26745.26205115712, "city_id": 1149, "country_iso": "BRA"}]