[{"h3index":"873029740ffffff","population_2015":6917.4669016221,"total_built_mass_tons":1040421.4252045744,"city_id":12200,"country_iso":"PRK"},{"h3index":"873029741ffffff","population_2015":15087.5250198439,"total_built_mass_tons":2060957.0165868811,"city_id":12200,"country_iso":"PRK"},{"h3index":"873029742ffffff","population_2015":141.942040866,"total_built_mass_tons":16983.1388013041,"city_id":12200,"country_iso":"PRK"},{"h3index":"873029743ffffff","population_2015":4914.9192869897,"total_built_mass_tons":620211.8794618223,"city_id":12200,"country_iso":"PRK"},{"h3index":"873029745ffffff","population_2015":941.7246505812,"total_built_mass_tons":181573.9816010786,"city_id":12200,"country_iso":"PRK"},{"h3index":"873029748ffffff","population_2015":392.3993261936,"total_built_mass_tons":181570.147093531,"city_id":12200,"country_iso":"PRK"},{"h3index":"87302974cffffff","population_2015":7499.9581474472,"total_built_mass_tons":2560601.9770356906,"city_id":12200,"country_iso":"PRK"},{"h3index":"87302974dffffff","population_2015":526.489870797,"total_built_mass_tons":385085.1737318385,"city_id":12200,"country_iso":"PRK"},{"h3index":"87302974effffff","population_2015":2897.5602865836,"total_built_mass_tons":897607.024765046,"city_id":12200,"country_iso":"PRK"},{"h3index":"87302975dffffff","population_2015":453.3933698187,"total_built_mass_tons":220025.2980433362,"city_id":12200,"country_iso":"PRK"},{"h3index":"87302976affffff","population_2015":3934.9297171668,"total_built_mass_tons":796433.5539548791,"city_id":12200,"country_iso":"PRK"},{"h3index":"87302976bffffff","population_2015":643.8778128381,"total_built_mass_tons":475370.1287835939,"city_id":12200,"country_iso":"PRK"},{"h3index":"87302976effffff","population_2015":15.9039676741,"total_built_mass_tons":4220.6596073314,"city_id":12200,"country_iso":"PRK"}]