[{"h3index":"878daa425ffffff","population_2015":31.1815279344,"total_built_mass_tons":36224.2626975014,"city_id":12502,"country_iso":"IDN"},{"h3index":"878daa509ffffff","population_2015":8.0109959172,"total_built_mass_tons":34850.6657039363,"city_id":12502,"country_iso":"IDN"},{"h3index":"878daa50dffffff","population_2015":11.8143388711,"total_built_mass_tons":16942.7432832366,"city_id":12502,"country_iso":"IDN"},{"h3index":"878daa554ffffff","population_2015":169.9414358139,"total_built_mass_tons":130654.3254340079,"city_id":12502,"country_iso":"IDN"},{"h3index":"878daa556ffffff","population_2015":311.2859632155,"total_built_mass_tons":182346.4521388653,"city_id":12502,"country_iso":"IDN"},{"h3index":"878daa571ffffff","population_2015":8.7770496032,"total_built_mass_tons":2851.5160692614,"city_id":12502,"country_iso":"IDN"},{"h3index":"878daa573ffffff","population_2015":32.7140855789,"total_built_mass_tons":58100.8548580959,"city_id":12502,"country_iso":"IDN"},{"h3index":"878daa576ffffff","population_2015":85.1101903915,"total_built_mass_tons":36773.2464060882,"city_id":12502,"country_iso":"IDN"}]