[{"h3index":"874089692ffffff","population_2015":812.0288490052,"total_built_mass_tons":834359.799307209,"city_id":10342,"country_iso":"CHN"},{"h3index":"874089693ffffff","population_2015":46.5833619782,"total_built_mass_tons":52496.05834373,"city_id":10342,"country_iso":"CHN"},{"h3index":"874089698ffffff","population_2015":0.7756559297,"total_built_mass_tons":1072.6438690797,"city_id":10342,"country_iso":"CHN"},{"h3index":"874089699ffffff","population_2015":276.8014449101,"total_built_mass_tons":150474.1521317499,"city_id":10342,"country_iso":"CHN"},{"h3index":"87408969affffff","population_2015":2000.2270500903,"total_built_mass_tons":1856494.7428863039,"city_id":10342,"country_iso":"CHN"},{"h3index":"87408969bffffff","population_2015":6158.7655598734,"total_built_mass_tons":3432577.2612302536,"city_id":10342,"country_iso":"CHN"},{"h3index":"87408ba20ffffff","population_2015":100.9147009494,"total_built_mass_tons":41823.6977984514,"city_id":10342,"country_iso":"CHN"},{"h3index":"87408ba21ffffff","population_2015":2660.374793537,"total_built_mass_tons":530323.310589299,"city_id":10342,"country_iso":"CHN"},{"h3index":"87408ba24ffffff","population_2015":1406.5267536874,"total_built_mass_tons":432336.4622582186,"city_id":10342,"country_iso":"CHN"},{"h3index":"87408ba25ffffff","population_2015":8928.0161078827,"total_built_mass_tons":2204123.8221269893,"city_id":10342,"country_iso":"CHN"},{"h3index":"87408ba28ffffff","population_2015":46.5429161221,"total_built_mass_tons":6401.2784722723,"city_id":10342,"country_iso":"CHN"},{"h3index":"87408ba29ffffff","population_2015":3069.8197153035,"total_built_mass_tons":1146447.44610929,"city_id":10342,"country_iso":"CHN"},{"h3index":"87408ba2bffffff","population_2015":0.8531869327,"total_built_mass_tons":4411.2417313775,"city_id":10342,"country_iso":"CHN"},{"h3index":"87408ba2cffffff","population_2015":16516.6275455999,"total_built_mass_tons":3709454.1371255461,"city_id":10342,"country_iso":"CHN"},{"h3index":"87408ba2dffffff","population_2015":13098.3135356122,"total_built_mass_tons":4384239.1640589647,"city_id":10342,"country_iso":"CHN"},{"h3index":"87408ba40ffffff","population_2015":365.7440554647,"total_built_mass_tons":440324.1369163099,"city_id":10342,"country_iso":"CHN"},{"h3index":"87408ba41ffffff","population_2015":746.3311849529,"total_built_mass_tons":652670.7365541168,"city_id":10342,"country_iso":"CHN"},{"h3index":"87408ba43ffffff","population_2015":0.998524922,"total_built_mass_tons":1444.4974887528,"city_id":10342,"country_iso":"CHN"},{"h3index":"87408ba44ffffff","population_2015":250.3674832101,"total_built_mass_tons":117532.430957977,"city_id":10342,"country_iso":"CHN"},{"h3index":"87408ba45ffffff","population_2015":4065.6881925976,"total_built_mass_tons":662793.9486623898,"city_id":10342,"country_iso":"CHN"},{"h3index":"87408ba48ffffff","population_2015":1265.0245600448,"total_built_mass_tons":513012.5872996598,"city_id":10342,"country_iso":"CHN"},{"h3index":"87408ba49ffffff","population_2015":49.8716950884,"total_built_mass_tons":53852.6816923798,"city_id":10342,"country_iso":"CHN"},{"h3index":"87408ba4cffffff","population_2015":22253.9771327187,"total_built_mass_tons":3301637.8845545799,"city_id":10342,"country_iso":"CHN"},{"h3index":"87408ba4dffffff","population_2015":2978.9022754389,"total_built_mass_tons":590654.3836756158,"city_id":10342,"country_iso":"CHN"},{"h3index":"87408ba4effffff","population_2015":550.5436759266,"total_built_mass_tons":198011.7009505956,"city_id":10342,"country_iso":"CHN"},{"h3index":"87408ba60ffffff","population_2015":6878.9090906419,"total_built_mass_tons":5369649.4478330109,"city_id":10342,"country_iso":"CHN"},{"h3index":"87408ba61ffffff","population_2015":8303.5303223049,"total_built_mass_tons":5808507.0246038698,"city_id":10342,"country_iso":"CHN"},{"h3index":"87408ba62ffffff","population_2015":20778.6809103723,"total_built_mass_tons":2821609.3978485875,"city_id":10342,"country_iso":"CHN"},{"h3index":"87408ba63ffffff","population_2015":46638.9851908553,"total_built_mass_tons":4921118.4261448765,"city_id":10342,"country_iso":"CHN"},{"h3index":"87408ba64ffffff","population_2015":3879.5401182051,"total_built_mass_tons":3828698.8248686539,"city_id":10342,"country_iso":"CHN"},{"h3index":"87408ba65ffffff","population_2015":2667.6983896667,"total_built_mass_tons":1725169.61013324,"city_id":10342,"country_iso":"CHN"},{"h3index":"87408ba66ffffff","population_2015":12416.4014993649,"total_built_mass_tons":3994617.7278077663,"city_id":10342,"country_iso":"CHN"},{"h3index":"87408ba68ffffff","population_2015":80828.7281733325,"total_built_mass_tons":7918614.9593619844,"city_id":10342,"country_iso":"CHN"},{"h3index":"87408ba69ffffff","population_2015":21808.7757059668,"total_built_mass_tons":6364808.2747575715,"city_id":10342,"country_iso":"CHN"},{"h3index":"87408ba6affffff","population_2015":9419.9339147586,"total_built_mass_tons":2031214.9328689852,"city_id":10342,"country_iso":"CHN"},{"h3index":"87408ba6bffffff","population_2015":42173.7363505261,"total_built_mass_tons":8445026.192725189,"city_id":10342,"country_iso":"CHN"},{"h3index":"87408ba6cffffff","population_2015":8715.5903733896,"total_built_mass_tons":2715349.5452776831,"city_id":10342,"country_iso":"CHN"},{"h3index":"87408ba6dffffff","population_2015":22145.3789848608,"total_built_mass_tons":3428233.6614913722,"city_id":10342,"country_iso":"CHN"},{"h3index":"87408ba6effffff","population_2015":41353.0079758495,"total_built_mass_tons":5414789.8732154509,"city_id":10342,"country_iso":"CHN"},{"h3index":"87408ba70ffffff","population_2015":708.7359319977,"total_built_mass_tons":421003.4102749663,"city_id":10342,"country_iso":"CHN"},{"h3index":"87408ba71ffffff","population_2015":10.2225180626,"total_built_mass_tons":30959.6453343981,"city_id":10342,"country_iso":"CHN"},{"h3index":"87408ba74ffffff","population_2015":13681.1431357973,"total_built_mass_tons":2810647.62149888,"city_id":10342,"country_iso":"CHN"},{"h3index":"87408ba75ffffff","population_2015":5558.1148279078,"total_built_mass_tons":610646.6985599452,"city_id":10342,"country_iso":"CHN"},{"h3index":"87408ba76ffffff","population_2015":1848.4176042351,"total_built_mass_tons":973836.7296358544,"city_id":10342,"country_iso":"CHN"},{"h3index":"87408bb09ffffff","population_2015":16.4801525266,"total_built_mass_tons":29816.2885626878,"city_id":10342,"country_iso":"CHN"},{"h3index":"87408bb0bffffff","population_2015":71.0558972452,"total_built_mass_tons":44754.4825290683,"city_id":10342,"country_iso":"CHN"},{"h3index":"87408bb4affffff","population_2015":5.7269471786,"total_built_mass_tons":19754.3145870882,"city_id":10342,"country_iso":"CHN"},{"h3index":"87408bb50ffffff","population_2015":0.7770946426,"total_built_mass_tons":4314.1109132035,"city_id":10342,"country_iso":"CHN"},{"h3index":"87408bb52ffffff","population_2015":15270.0893031401,"total_built_mass_tons":5111579.423672108,"city_id":10342,"country_iso":"CHN"},{"h3index":"87408bb53ffffff","population_2015":4266.6510618324,"total_built_mass_tons":1569139.5312993734,"city_id":10342,"country_iso":"CHN"},{"h3index":"87408bb54ffffff","population_2015":92.031784081,"total_built_mass_tons":120155.0356517798,"city_id":10342,"country_iso":"CHN"},{"h3index":"87408bb56ffffff","population_2015":9060.4337688689,"total_built_mass_tons":1532427.7566261033,"city_id":10342,"country_iso":"CHN"},{"h3index":"87408bb58ffffff","population_2015":676.5891423525,"total_built_mass_tons":853488.8856422526,"city_id":10342,"country_iso":"CHN"},{"h3index":"87408bb59ffffff","population_2015":2797.602579388,"total_built_mass_tons":3050597.3456613077,"city_id":10342,"country_iso":"CHN"},{"h3index":"87408bb5affffff","population_2015":13464.3443488168,"total_built_mass_tons":3002031.0372084612,"city_id":10342,"country_iso":"CHN"},{"h3index":"87408bb5bffffff","population_2015":15083.5811518108,"total_built_mass_tons":3124354.0841385722,"city_id":10342,"country_iso":"CHN"},{"h3index":"87408bb5effffff","population_2015":85.2993235869,"total_built_mass_tons":88771.4224869576,"city_id":10342,"country_iso":"CHN"},{"h3index":"8740d6d00ffffff","population_2015":3.4475023746,"total_built_mass_tons":6127.1054261377,"city_id":10342,"country_iso":"CHN"},{"h3index":"8740d6d04ffffff","population_2015":1138.649983594,"total_built_mass_tons":234567.8356984455,"city_id":10342,"country_iso":"CHN"},{"h3index":"8740d6d06ffffff","population_2015":615.5411952655,"total_built_mass_tons":279459.7985536819,"city_id":10342,"country_iso":"CHN"},{"h3index":"8740d6d22ffffff","population_2015":93.9668064622,"total_built_mass_tons":66457.1820211198,"city_id":10342,"country_iso":"CHN"},{"h3index":"8740d6d30ffffff","population_2015":7957.7780627905,"total_built_mass_tons":3902532.2213930362,"city_id":10342,"country_iso":"CHN"},{"h3index":"8740d6d31ffffff","population_2015":4058.5960633806,"total_built_mass_tons":1872864.3182880452,"city_id":10342,"country_iso":"CHN"},{"h3index":"8740d6d32ffffff","population_2015":12633.0515218136,"total_built_mass_tons":1370961.4193449246,"city_id":10342,"country_iso":"CHN"},{"h3index":"8740d6d33ffffff","population_2015":4775.3679194301,"total_built_mass_tons":1188598.0738078996,"city_id":10342,"country_iso":"CHN"},{"h3index":"8740d6d34ffffff","population_2015":13470.7381423801,"total_built_mass_tons":6257055.3540942539,"city_id":10342,"country_iso":"CHN"},{"h3index":"8740d6d35ffffff","population_2015":4514.6942530454,"total_built_mass_tons":2389190.2274691402,"city_id":10342,"country_iso":"CHN"},{"h3index":"8740d6d36ffffff","population_2015":34588.5309015966,"total_built_mass_tons":6865392.582441764,"city_id":10342,"country_iso":"CHN"}]