[{"h3index":"873cc2690ffffff","population_2015":805.2058666603,"total_built_mass_tons":50109.5114064349,"city_id":10069,"country_iso":"BGD"},{"h3index":"873cc2692ffffff","population_2015":188.7504920959,"total_built_mass_tons":51959.4624031047,"city_id":10069,"country_iso":"BGD"},{"h3index":"873cc2694ffffff","population_2015":77.3111495972,"total_built_mass_tons":59704.2192243852,"city_id":10069,"country_iso":"BGD"},{"h3index":"873cc2696ffffff","population_2015":4722.4143611534,"total_built_mass_tons":302844.7088580878,"city_id":10069,"country_iso":"BGD"},{"h3index":"873cd1a64ffffff","population_2015":3.1304386663,"total_built_mass_tons":17253.9682184017,"city_id":10069,"country_iso":"BGD"},{"h3index":"873cd1b4affffff","population_2015":83.2856900683,"total_built_mass_tons":30676.6015905499,"city_id":10069,"country_iso":"BGD"},{"h3index":"873cd1b4bffffff","population_2015":3.0930333755,"total_built_mass_tons":69649.6096378192,"city_id":10069,"country_iso":"BGD"}]