[{"h3index":"87424c142ffffff","population_2015":2151.2973340951,"total_built_mass_tons":244519.0807652143,"city_id":6419,"country_iso":"PAK"},{"h3index":"87424c150ffffff","population_2015":3675.3231083963,"total_built_mass_tons":633316.0269202676,"city_id":6419,"country_iso":"PAK"},{"h3index":"87424c151ffffff","population_2015":21390.9510324291,"total_built_mass_tons":2459162.7179500037,"city_id":6419,"country_iso":"PAK"},{"h3index":"87424c152ffffff","population_2015":26.263690481,"total_built_mass_tons":13878.6324788955,"city_id":6419,"country_iso":"PAK"},{"h3index":"87424c154ffffff","population_2015":253.4627968582,"total_built_mass_tons":59375.4635023949,"city_id":6419,"country_iso":"PAK"},{"h3index":"87424c155ffffff","population_2015":7831.9930149639,"total_built_mass_tons":1017122.826540412,"city_id":6419,"country_iso":"PAK"},{"h3index":"87424c15cffffff","population_2015":899.1378018435,"total_built_mass_tons":165948.7031957702,"city_id":6419,"country_iso":"PAK"},{"h3index":"87424c15effffff","population_2015":61.8929848914,"total_built_mass_tons":15299.1574812068,"city_id":6419,"country_iso":"PAK"}]