[{"h3index":"87970bc82ffffff","population_2015":923.6531560823,"total_built_mass_tons":247443.3216927356,"city_id":4023,"country_iso":"ZWE"},{"h3index":"87970bc91ffffff","population_2015":2881.3430076487,"total_built_mass_tons":760892.696976786,"city_id":4023,"country_iso":"ZWE"},{"h3index":"87970bc93ffffff","population_2015":1.4890194874,"total_built_mass_tons":718.9215839895,"city_id":4023,"country_iso":"ZWE"},{"h3index":"87970bc9cffffff","population_2015":2431.0814455706,"total_built_mass_tons":541049.1130022523,"city_id":4023,"country_iso":"ZWE"},{"h3index":"87970bc9dffffff","population_2015":11.8948539509,"total_built_mass_tons":4997.5015145997,"city_id":4023,"country_iso":"ZWE"},{"h3index":"87970bc9effffff","population_2015":115.9689275629,"total_built_mass_tons":29725.0176465478,"city_id":4023,"country_iso":"ZWE"}]