[{"h3index":"876488830ffffff","population_2015":185.9553472743,"total_built_mass_tons":32636.0112518527,"city_id":10203,"country_iso":"MMR"},{"h3index":"876488834ffffff","population_2015":6735.4084991193,"total_built_mass_tons":1156006.4040112761,"city_id":10203,"country_iso":"MMR"},{"h3index":"876488836ffffff","population_2015":3150.8046655767,"total_built_mass_tons":611848.6112113141,"city_id":10203,"country_iso":"MMR"},{"h3index":"87648891affffff","population_2015":67.0207747067,"total_built_mass_tons":19834.9660929051,"city_id":10203,"country_iso":"MMR"},{"h3index":"87648891bffffff","population_2015":150.4221130184,"total_built_mass_tons":53225.5061205667,"city_id":10203,"country_iso":"MMR"},{"h3index":"8764889a9ffffff","population_2015":4642.8656430375,"total_built_mass_tons":1004377.4612385218,"city_id":10203,"country_iso":"MMR"},{"h3index":"8764889adffffff","population_2015":162.8588036855,"total_built_mass_tons":46890.8660198552,"city_id":10203,"country_iso":"MMR"}]