[{"h3index":"874088692ffffff","population_2015":27.2663355079,"total_built_mass_tons":28752.2956778074,"city_id":10428,"country_iso":"CHN"},{"h3index":"87408aa45ffffff","population_2015":465.9137715003,"total_built_mass_tons":156896.3421012355,"city_id":10428,"country_iso":"CHN"},{"h3index":"87408aa60ffffff","population_2015":985.7891726204,"total_built_mass_tons":484167.0525896214,"city_id":10428,"country_iso":"CHN"},{"h3index":"87408aa61ffffff","population_2015":22832.6581597702,"total_built_mass_tons":4186910.0392639376,"city_id":10428,"country_iso":"CHN"},{"h3index":"87408aa62ffffff","population_2015":43.1703730845,"total_built_mass_tons":24427.5021130431,"city_id":10428,"country_iso":"CHN"},{"h3index":"87408aa63ffffff","population_2015":5267.5639494054,"total_built_mass_tons":1046096.5096201046,"city_id":10428,"country_iso":"CHN"},{"h3index":"87408aa65ffffff","population_2015":35.7882307857,"total_built_mass_tons":104560.5873234424,"city_id":10428,"country_iso":"CHN"},{"h3index":"87408aa68ffffff","population_2015":315.2712242482,"total_built_mass_tons":54778.1026669486,"city_id":10428,"country_iso":"CHN"},{"h3index":"87408aa6cffffff","population_2015":5874.7593600385,"total_built_mass_tons":1132106.1069074811,"city_id":10428,"country_iso":"CHN"},{"h3index":"87408aa6effffff","population_2015":9181.9077153234,"total_built_mass_tons":1862633.1932602397,"city_id":10428,"country_iso":"CHN"}]