[{"h3index":"8740e0b01ffffff","population_2015":11005.5650141211,"total_built_mass_tons":1169368.7291595109,"city_id":10394,"country_iso":"CHN"},{"h3index":"8740e0b03ffffff","population_2015":2115.778261123,"total_built_mass_tons":407009.8717220882,"city_id":10394,"country_iso":"CHN"},{"h3index":"8740e0b05ffffff","population_2015":234.0909552294,"total_built_mass_tons":48196.420639895,"city_id":10394,"country_iso":"CHN"},{"h3index":"8740e0b08ffffff","population_2015":2900.2792499355,"total_built_mass_tons":835873.3503361086,"city_id":10394,"country_iso":"CHN"},{"h3index":"8740e0b0cffffff","population_2015":15689.162689841,"total_built_mass_tons":3314017.3999108314,"city_id":10394,"country_iso":"CHN"},{"h3index":"8740e0b0effffff","population_2015":19966.1777580635,"total_built_mass_tons":3249414.8366121687,"city_id":10394,"country_iso":"CHN"},{"h3index":"8740e0b2affffff","population_2015":3105.7056157337,"total_built_mass_tons":785949.618152668,"city_id":10394,"country_iso":"CHN"},{"h3index":"8740e0b2bffffff","population_2015":328.2628743789,"total_built_mass_tons":57453.3584847687,"city_id":10394,"country_iso":"CHN"}]