[{"h3index": "8740b0db0ffffff", "population_2015": 4.612424323138068, "total_built_mass_tons": 5066.0916922105525, "city_id": 11545, "country_iso": "CHN"}, {"h3index": "8740b0db6ffffff", "population_2015": 3507.2547035497782, "total_built_mass_tons": 1111642.2618713146, "city_id": 11545, "country_iso": "CHN"}, {"h3index": "8740b6a5affffff", "population_2015": 286.41611826653576, "total_built_mass_tons": 294846.72390188894, "city_id": 11545, "country_iso": "CHN"}, {"h3index": "8740b6ac0ffffff", "population_2015": 457.0587736148459, "total_built_mass_tons": 305844.96586555487, "city_id": 11545, "country_iso": "CHN"}, {"h3index": "8740b6ac1ffffff", "population_2015": 2317.7247738297087, "total_built_mass_tons": 2290664.176340981, "city_id": 11545, "country_iso": "CHN"}, {"h3index": "8740b6ac5ffffff", "population_2015": 541.1144423054715, "total_built_mass_tons": 558957.0908981294, "city_id": 11545, "country_iso": "CHN"}, {"h3index": "8740b6accffffff", "population_2015": 3173.158437171169, "total_built_mass_tons": 3003482.79023009, "city_id": 11545, "country_iso": "CHN"}, {"h3index": "8740b6acdffffff", "population_2015": 297.08200083708056, "total_built_mass_tons": 167405.73197943508, "city_id": 11545, "country_iso": "CHN"}, {"h3index": "8740b6aceffffff", "population_2015": 5.4727074883732145, "total_built_mass_tons": 113865.56928043511, "city_id": 11545, "country_iso": "CHN"}, {"h3index": "8740b6ae1ffffff", "population_2015": 45.35270913348478, "total_built_mass_tons": 161074.32017302944, "city_id": 11545, "country_iso": "CHN"}, {"h3index": "8740b6ae2ffffff", "population_2015": 9.250795009089453, "total_built_mass_tons": 18249.76998786802, "city_id": 11545, "country_iso": "CHN"}, {"h3index": "8740b6ae3ffffff", "population_2015": 700.3372771917603, "total_built_mass_tons": 586090.9035647276, "city_id": 11545, "country_iso": "CHN"}, {"h3index": "8740b6ae8ffffff", "population_2015": 20294.13652441736, "total_built_mass_tons": 2378273.6837264043, "city_id": 11545, "country_iso": "CHN"}, {"h3index": "8740b6ae9ffffff", "population_2015": 1417.1265438266832, "total_built_mass_tons": 566666.6268219717, "city_id": 11545, "country_iso": "CHN"}, {"h3index": "8740b6aeaffffff", "population_2015": 29236.43270592152, "total_built_mass_tons": 6497715.487237478, "city_id": 11545, "country_iso": "CHN"}, {"h3index": "8740b6aebffffff", "population_2015": 22821.37371944494, "total_built_mass_tons": 3890667.662034368, "city_id": 11545, "country_iso": "CHN"}, {"h3index": "8740b6aecffffff", "population_2015": 675.1147533837486, "total_built_mass_tons": 558746.1187638035, "city_id": 11545, "country_iso": "CHN"}, {"h3index": "8740b6aedffffff", "population_2015": 2841.1638587764664, "total_built_mass_tons": 634750.6202458957, "city_id": 11545, "country_iso": "CHN"}, {"h3index": "8740b6aeeffffff", "population_2015": 1672.867627236422, "total_built_mass_tons": 874512.7624028168, "city_id": 11545, "country_iso": "CHN"}]