[{"h3index": "8758ab849ffffff", "population_2015": 8006.000952133476, "total_built_mass_tons": 898435.9039605192, "city_id": 2396, "country_iso": "NGA"}, {"h3index": "8758ab84bffffff", "population_2015": 257.4839280969956, "total_built_mass_tons": 51658.32606727135, "city_id": 2396, "country_iso": "NGA"}, {"h3index": "8758ab84dffffff", "population_2015": 4691.05261997896, "total_built_mass_tons": 362120.42271409184, "city_id": 2396, "country_iso": "NGA"}, {"h3index": "8758abb06ffffff", "population_2015": 199.8989256578333, "total_built_mass_tons": 82683.28259392938, "city_id": 2396, "country_iso": "NGA"}, {"h3index": "8758abb10ffffff", "population_2015": 492.8455534243116, "total_built_mass_tons": 155053.00994137605, "city_id": 2396, "country_iso": "NGA"}, {"h3index": "8758abb14ffffff", "population_2015": 32574.520478248585, "total_built_mass_tons": 2702925.758648671, "city_id": 2396, "country_iso": "NGA"}, {"h3index": "8758abb15ffffff", "population_2015": 1050.3660572052, "total_built_mass_tons": 306878.88531406876, "city_id": 2396, "country_iso": "NGA"}, {"h3index": "8758abb16ffffff", "population_2015": 7964.405835046955, "total_built_mass_tons": 828864.5949687546, "city_id": 2396, "country_iso": "NGA"}, {"h3index": "8758abb30ffffff", "population_2015": 4683.243427796458, "total_built_mass_tons": 372491.1771880235, "city_id": 2396, "country_iso": "NGA"}, {"h3index": "8758abb31ffffff", "population_2015": 444.646137343201, "total_built_mass_tons": 93887.4907823704, "city_id": 2396, "country_iso": "NGA"}, {"h3index": "8758abb32ffffff", "population_2015": 29156.90906677246, "total_built_mass_tons": 2217045.1556234807, "city_id": 2396, "country_iso": "NGA"}, {"h3index": "8758abb33ffffff", "population_2015": 26867.960697435865, "total_built_mass_tons": 1918663.045984628, "city_id": 2396, "country_iso": "NGA"}]