[{"h3index": "8741b0a4dffffff", "population_2015": 114.9317214895697, "total_built_mass_tons": 154167.8389456108, "city_id": 12563, "country_iso": "CHN"}, {"h3index": "8741b0a68ffffff", "population_2015": 1457.3532176697954, "total_built_mass_tons": 1505200.1241981382, "city_id": 12563, "country_iso": "CHN"}, {"h3index": "8741b0a69ffffff", "population_2015": 11218.423380825569, "total_built_mass_tons": 3560670.3734871345, "city_id": 12563, "country_iso": "CHN"}, {"h3index": "8741b0a6bffffff", "population_2015": 1468.309697463466, "total_built_mass_tons": 321935.288125812, "city_id": 12563, "country_iso": "CHN"}, {"h3index": "8741b0a6dffffff", "population_2015": 2290.2330970845965, "total_built_mass_tons": 2054562.9508493345, "city_id": 12563, "country_iso": "CHN"}, {"h3index": "8741b0a6effffff", "population_2015": 183.99069805332255, "total_built_mass_tons": 204710.70220182033, "city_id": 12563, "country_iso": "CHN"}, {"h3index": "8741b1d30ffffff", "population_2015": 6037.49756897758, "total_built_mass_tons": 2139497.6786154676, "city_id": 12563, "country_iso": "CHN"}, {"h3index": "8741b1d31ffffff", "population_2015": 96.27010278327792, "total_built_mass_tons": 82595.50487780338, "city_id": 12563, "country_iso": "CHN"}, {"h3index": "8741b1d32ffffff", "population_2015": 2292.6769295000568, "total_built_mass_tons": 984103.9792029551, "city_id": 12563, "country_iso": "CHN"}, {"h3index": "8741b1d33ffffff", "population_2015": 670.6904009145849, "total_built_mass_tons": 264322.57681240066, "city_id": 12563, "country_iso": "CHN"}, {"h3index": "8741b1d34ffffff", "population_2015": 67842.80602995928, "total_built_mass_tons": 8093955.791469088, "city_id": 12563, "country_iso": "CHN"}, {"h3index": "8741b1d35ffffff", "population_2015": 2075.2409900590487, "total_built_mass_tons": 400329.2305515119, "city_id": 12563, "country_iso": "CHN"}, {"h3index": "8741b1d36ffffff", "population_2015": 480.2727499896405, "total_built_mass_tons": 183081.93219753093, "city_id": 12563, "country_iso": "CHN"}, {"h3index": "8741b5698ffffff", "population_2015": 563.6930531707463, "total_built_mass_tons": 307334.5312761243, "city_id": 12563, "country_iso": "CHN"}, {"h3index": "8741b569affffff", "population_2015": 30032.88106193543, "total_built_mass_tons": 6345007.032956583, "city_id": 12563, "country_iso": "CHN"}, {"h3index": "8741b569bffffff", "population_2015": 4719.201237487794, "total_built_mass_tons": 626284.431696958, "city_id": 12563, "country_iso": "CHN"}, {"h3index": "8741b569effffff", "population_2015": 1231.5310957441145, "total_built_mass_tons": 770463.2970433929, "city_id": 12563, "country_iso": "CHN"}]