[{"h3index":"8740e3041ffffff","population_2015":107.17037381,"total_built_mass_tons":99264.9800777474,"city_id":10290,"country_iso":"CHN"},{"h3index":"8740e3045ffffff","population_2015":55.2194917286,"total_built_mass_tons":37991.8160728467,"city_id":10290,"country_iso":"CHN"},{"h3index":"8740e3061ffffff","population_2015":2.0400287048,"total_built_mass_tons":5677.6964018617,"city_id":10290,"country_iso":"CHN"},{"h3index":"8740e3068ffffff","population_2015":35079.7151365822,"total_built_mass_tons":8954867.9195997678,"city_id":10290,"country_iso":"CHN"},{"h3index":"8740e3069ffffff","population_2015":22717.0887757619,"total_built_mass_tons":4079843.3171688989,"city_id":10290,"country_iso":"CHN"},{"h3index":"8740e306affffff","population_2015":5005.0296009681,"total_built_mass_tons":1621398.3067527695,"city_id":10290,"country_iso":"CHN"},{"h3index":"8740e306bffffff","population_2015":6992.2186344072,"total_built_mass_tons":1353332.6659742994,"city_id":10290,"country_iso":"CHN"},{"h3index":"8740e306cffffff","population_2015":6188.4630542587,"total_built_mass_tons":2275779.5848293556,"city_id":10290,"country_iso":"CHN"},{"h3index":"8740e306dffffff","population_2015":7837.4305099057,"total_built_mass_tons":3715246.5442087231,"city_id":10290,"country_iso":"CHN"},{"h3index":"8740e306effffff","population_2015":4530.5608065166,"total_built_mass_tons":1348147.4039726132,"city_id":10290,"country_iso":"CHN"},{"h3index":"8740e3334ffffff","population_2015":404.8096957515,"total_built_mass_tons":171780.3321459794,"city_id":10290,"country_iso":"CHN"},{"h3index":"8740e3336ffffff","population_2015":328.3566062759,"total_built_mass_tons":70266.0321320786,"city_id":10290,"country_iso":"CHN"},{"h3index":"8740e3a93ffffff","population_2015":751.5268953585,"total_built_mass_tons":463187.2392893495,"city_id":10290,"country_iso":"CHN"},{"h3index":"8740e3a98ffffff","population_2015":1012.4008106419,"total_built_mass_tons":470090.2934779642,"city_id":10290,"country_iso":"CHN"},{"h3index":"8740e3a9affffff","population_2015":1893.8130795582,"total_built_mass_tons":682640.206069083,"city_id":10290,"country_iso":"CHN"},{"h3index":"8740e3a9effffff","population_2015":99.1464013707,"total_built_mass_tons":74130.3453591694,"city_id":10290,"country_iso":"CHN"}]