[{"h3index":"87648c028ffffff","population_2015":158.6023911981,"total_built_mass_tons":75648.7841194458,"city_id":10239,"country_iso":"MMR"},{"h3index":"87648c029ffffff","population_2015":1036.7601000244,"total_built_mass_tons":394589.8446126801,"city_id":10239,"country_iso":"MMR"},{"h3index":"87648c02cffffff","population_2015":10.8499831817,"total_built_mass_tons":3569.039254678,"city_id":10239,"country_iso":"MMR"},{"h3index":"87648c02dffffff","population_2015":730.5278588781,"total_built_mass_tons":418150.8656986053,"city_id":10239,"country_iso":"MMR"},{"h3index":"87648c074ffffff","population_2015":4.6503506333,"total_built_mass_tons":5905.1252723001,"city_id":10239,"country_iso":"MMR"},{"h3index":"87648c15affffff","population_2015":278.4777011236,"total_built_mass_tons":165707.9550389802,"city_id":10239,"country_iso":"MMR"}]