[{"h3index":"874111360ffffff","population_2015":887.0145141676,"total_built_mass_tons":463917.2873706739,"city_id":12353,"country_iso":"CHN"},{"h3index":"874111361ffffff","population_2015":466.0414836341,"total_built_mass_tons":327914.89270949,"city_id":12353,"country_iso":"CHN"},{"h3index":"874111362ffffff","population_2015":1153.9991683586,"total_built_mass_tons":350698.0108895765,"city_id":12353,"country_iso":"CHN"},{"h3index":"874111366ffffff","population_2015":451.5682480363,"total_built_mass_tons":185763.0434947813,"city_id":12353,"country_iso":"CHN"},{"h3index":"87411136cffffff","population_2015":73.4004697304,"total_built_mass_tons":70712.3894091404,"city_id":12353,"country_iso":"CHN"},{"h3index":"874111370ffffff","population_2015":2030.961105859,"total_built_mass_tons":477083.7323584199,"city_id":12353,"country_iso":"CHN"},{"h3index":"874111371ffffff","population_2015":450.3890224896,"total_built_mass_tons":205730.6246956911,"city_id":12353,"country_iso":"CHN"},{"h3index":"874111374ffffff","population_2015":8.4245398129,"total_built_mass_tons":25784.3116342562,"city_id":12353,"country_iso":"CHN"},{"h3index":"874111375ffffff","population_2015":27154.8388704393,"total_built_mass_tons":4566346.7278862204,"city_id":12353,"country_iso":"CHN"},{"h3index":"874111adbffffff","population_2015":2230.647507222,"total_built_mass_tons":467511.9939201897,"city_id":12353,"country_iso":"CHN"},{"h3index":"87411cd92ffffff","population_2015":3.3502444436,"total_built_mass_tons":3315.7449158965,"city_id":12353,"country_iso":"CHN"}]