[{"h3index": "874033080ffffff", "population_2015": 818.5001854531905, "total_built_mass_tons": 435657.01055086835, "city_id": 11504, "country_iso": "CHN"}, {"h3index": "874033081ffffff", "population_2015": 2783.57953094127, "total_built_mass_tons": 1459387.7450668255, "city_id": 11504, "country_iso": "CHN"}, {"h3index": "874033082ffffff", "population_2015": 8089.8133993448, "total_built_mass_tons": 1925867.1321154237, "city_id": 11504, "country_iso": "CHN"}, {"h3index": "874033083ffffff", "population_2015": 4102.171962055506, "total_built_mass_tons": 1613502.2508654678, "city_id": 11504, "country_iso": "CHN"}, {"h3index": "874033085ffffff", "population_2015": 30.094078669828527, "total_built_mass_tons": 14925.21371932828, "city_id": 11504, "country_iso": "CHN"}, {"h3index": "874033088ffffff", "population_2015": 18193.57327675211, "total_built_mass_tons": 5022184.74117055, "city_id": 11504, "country_iso": "CHN"}, {"h3index": "874033089ffffff", "population_2015": 19911.887451437404, "total_built_mass_tons": 4931001.276985135, "city_id": 11504, "country_iso": "CHN"}, {"h3index": "87403308cffffff", "population_2015": 25615.620760486636, "total_built_mass_tons": 2570268.2718574144, "city_id": 11504, "country_iso": "CHN"}, {"h3index": "87403308dffffff", "population_2015": 55527.564254678466, "total_built_mass_tons": 7719305.397597506, "city_id": 11504, "country_iso": "CHN"}, {"h3index": "87403308effffff", "population_2015": 8127.172367382052, "total_built_mass_tons": 2710519.65729102, "city_id": 11504, "country_iso": "CHN"}, {"h3index": "874033095ffffff", "population_2015": 7.144144454656864, "total_built_mass_tons": 4282.31121168686, "city_id": 11504, "country_iso": "CHN"}, {"h3index": "87403309cffffff", "population_2015": 1644.1756077205434, "total_built_mass_tons": 282894.6778157475, "city_id": 11504, "country_iso": "CHN"}, {"h3index": "8740330a9ffffff", "population_2015": 411.6692573061176, "total_built_mass_tons": 120092.83544225864, "city_id": 11504, "country_iso": "CHN"}, {"h3index": "8740330aaffffff", "population_2015": 853.7217948146892, "total_built_mass_tons": 649818.2485279136, "city_id": 11504, "country_iso": "CHN"}, {"h3index": "8740330abffffff", "population_2015": 2727.140155595892, "total_built_mass_tons": 1564375.3214011998, "city_id": 11504, "country_iso": "CHN"}, {"h3index": "8740330c0ffffff", "population_2015": 103.9852281589134, "total_built_mass_tons": 81912.20729531892, "city_id": 11504, "country_iso": "CHN"}, {"h3index": "8740330c2ffffff", "population_2015": 429.43244982794215, "total_built_mass_tons": 425230.6619652916, "city_id": 11504, "country_iso": "CHN"}, {"h3index": "8740330c6ffffff", "population_2015": 12155.13183407877, "total_built_mass_tons": 1177925.0085890044, "city_id": 11504, "country_iso": "CHN"}, {"h3index": "8740330d4ffffff", "population_2015": 29321.983917420526, "total_built_mass_tons": 3308456.2713997113, "city_id": 11504, "country_iso": "CHN"}, {"h3index": "8740330d5ffffff", "population_2015": 7602.434837331956, "total_built_mass_tons": 647444.0362047802, "city_id": 11504, "country_iso": "CHN"}, {"h3index": "8740330d6ffffff", "population_2015": 1055.8212064593447, "total_built_mass_tons": 388846.1459334477, "city_id": 11504, "country_iso": "CHN"}, {"h3index": "8740330e2ffffff", "population_2015": 702.1631617003795, "total_built_mass_tons": 399141.9149986316, "city_id": 11504, "country_iso": "CHN"}, {"h3index": "8740330f0ffffff", "population_2015": 16353.203706601087, "total_built_mass_tons": 5202615.281421153, "city_id": 11504, "country_iso": "CHN"}, {"h3index": "8740330f1ffffff", "population_2015": 5521.752801856808, "total_built_mass_tons": 1617901.811629144, "city_id": 11504, "country_iso": "CHN"}, {"h3index": "8740330f2ffffff", "population_2015": 55696.26480289532, "total_built_mass_tons": 10936632.545797933, "city_id": 11504, "country_iso": "CHN"}, {"h3index": "8740330f3ffffff", "population_2015": 55811.69323429782, "total_built_mass_tons": 7323881.735319911, "city_id": 11504, "country_iso": "CHN"}, {"h3index": "8740330f4ffffff", "population_2015": 37.44821353800157, "total_built_mass_tons": 28798.06545066745, "city_id": 11504, "country_iso": "CHN"}, {"h3index": "8740330f5ffffff", "population_2015": 2226.191148248373, "total_built_mass_tons": 615891.0756759421, "city_id": 11504, "country_iso": "CHN"}, {"h3index": "8740330f6ffffff", "population_2015": 18846.480850924698, "total_built_mass_tons": 2679709.730044709, "city_id": 11504, "country_iso": "CHN"}]