[{"h3index":"877529013ffffff","population_2015":42.2214557274,"total_built_mass_tons":43600.9306446671,"city_id":1935,"country_iso":"GHA"},{"h3index":"877529018ffffff","population_2015":36.1961930368,"total_built_mass_tons":27601.6542936061,"city_id":1935,"country_iso":"GHA"},{"h3index":"87752901affffff","population_2015":11177.6532955544,"total_built_mass_tons":2234964.0548210619,"city_id":1935,"country_iso":"GHA"},{"h3index":"87752901bffffff","population_2015":1864.9669951495,"total_built_mass_tons":390892.6428289574,"city_id":1935,"country_iso":"GHA"},{"h3index":"87752901cffffff","population_2015":40.0820717288,"total_built_mass_tons":76079.2430139411,"city_id":1935,"country_iso":"GHA"},{"h3index":"87752901effffff","population_2015":4288.1409326067,"total_built_mass_tons":860662.0076700652,"city_id":1935,"country_iso":"GHA"},{"h3index":"8775290a8ffffff","population_2015":172.9124239155,"total_built_mass_tons":16521.403180354,"city_id":1935,"country_iso":"GHA"},{"h3index":"8775290a9ffffff","population_2015":2057.9525607988,"total_built_mass_tons":314040.5588670883,"city_id":1935,"country_iso":"GHA"},{"h3index":"8775290acffffff","population_2015":44.3988685608,"total_built_mass_tons":10398.8631411235,"city_id":1935,"country_iso":"GHA"},{"h3index":"8775290adffffff","population_2015":4070.9772205353,"total_built_mass_tons":750000.2645763364,"city_id":1935,"country_iso":"GHA"},{"h3index":"8775290c6ffffff","population_2015":147.9670559472,"total_built_mass_tons":50566.6264876491,"city_id":1935,"country_iso":"GHA"},{"h3index":"8775290e2ffffff","population_2015":34.9181163414,"total_built_mass_tons":31198.0143096294,"city_id":1935,"country_iso":"GHA"},{"h3index":"8775290e6ffffff","population_2015":700.4620193407,"total_built_mass_tons":109837.7888120381,"city_id":1935,"country_iso":"GHA"},{"h3index":"8775290f0ffffff","population_2015":318.6793822943,"total_built_mass_tons":138789.4134509651,"city_id":1935,"country_iso":"GHA"},{"h3index":"8775290f1ffffff","population_2015":700.9729649114,"total_built_mass_tons":190982.320739246,"city_id":1935,"country_iso":"GHA"},{"h3index":"8775290f3ffffff","population_2015":85.8170462889,"total_built_mass_tons":33398.9198860187,"city_id":1935,"country_iso":"GHA"},{"h3index":"8775290f4ffffff","population_2015":1417.1869299421,"total_built_mass_tons":296125.4062127871,"city_id":1935,"country_iso":"GHA"},{"h3index":"8775290f5ffffff","population_2015":5253.6797412424,"total_built_mass_tons":902091.4971327934,"city_id":1935,"country_iso":"GHA"},{"h3index":"8775290f6ffffff","population_2015":222.9807716893,"total_built_mass_tons":73552.8945643624,"city_id":1935,"country_iso":"GHA"}]