[{"h3index": "871086042ffffff", "population_2015": 2404.319290910983, "total_built_mass_tons": 1111579.6083742394, "city_id": 4644, "country_iso": "RUS"}, {"h3index": "871086046ffffff", "population_2015": 444.9317168151631, "total_built_mass_tons": 389046.05143600464, "city_id": 4644, "country_iso": "RUS"}, {"h3index": "871086050ffffff", "population_2015": 10338.187969340526, "total_built_mass_tons": 4073697.211815261, "city_id": 4644, "country_iso": "RUS"}, {"h3index": "871086051ffffff", "population_2015": 7844.311625065523, "total_built_mass_tons": 3416099.632147443, "city_id": 4644, "country_iso": "RUS"}, {"h3index": "871086052ffffff", "population_2015": 5375.620133668303, "total_built_mass_tons": 3337940.345805953, "city_id": 4644, "country_iso": "RUS"}, {"h3index": "871086053ffffff", "population_2015": 11075.960765580568, "total_built_mass_tons": 4573368.4984878395, "city_id": 4644, "country_iso": "RUS"}, {"h3index": "871086054ffffff", "population_2015": 515.3654115489885, "total_built_mass_tons": 396095.2046262427, "city_id": 4644, "country_iso": "RUS"}, {"h3index": "871086055ffffff", "population_2015": 12361.542437545926, "total_built_mass_tons": 4184529.218333295, "city_id": 4644, "country_iso": "RUS"}, {"h3index": "871086056ffffff", "population_2015": 474.994701985752, "total_built_mass_tons": 553572.2842459626, "city_id": 4644, "country_iso": "RUS"}, {"h3index": "87108605cffffff", "population_2015": 755.0126644228022, "total_built_mass_tons": 321077.0547631556, "city_id": 4644, "country_iso": "RUS"}, {"h3index": "87108605effffff", "population_2015": 5758.642118338043, "total_built_mass_tons": 2339836.4128858983, "city_id": 4644, "country_iso": "RUS"}, {"h3index": "871086071ffffff", "population_2015": 2.976256258347455, "total_built_mass_tons": 5434.164854316318, "city_id": 4644, "country_iso": "RUS"}, {"h3index": "871086073ffffff", "population_2015": 6.319784641265869, "total_built_mass_tons": 19867.50830803646, "city_id": 4644, "country_iso": "RUS"}, {"h3index": "8710860e0ffffff", "population_2015": 386.03350704697993, "total_built_mass_tons": 604775.7583937466, "city_id": 4644, "country_iso": "RUS"}, {"h3index": "8710860e1ffffff", "population_2015": 572.021864397853, "total_built_mass_tons": 689224.4577904547, "city_id": 4644, "country_iso": "RUS"}, {"h3index": "8710860e4ffffff", "population_2015": 149.27947155774808, "total_built_mass_tons": 315447.0217462812, "city_id": 4644, "country_iso": "RUS"}, {"h3index": "8710860e5ffffff", "population_2015": 1407.8234400337822, "total_built_mass_tons": 1813184.6127688033, "city_id": 4644, "country_iso": "RUS"}, {"h3index": "8710860ecffffff", "population_2015": 1970.3563131538083, "total_built_mass_tons": 1756143.3415325442, "city_id": 4644, "country_iso": "RUS"}]