[{"h3index":"8740f3811ffffff","population_2015":7525.031616008,"total_built_mass_tons":651973.1298375705,"city_id":10361,"country_iso":"CHN"},{"h3index":"8740f3813ffffff","population_2015":1279.9954256469,"total_built_mass_tons":273089.2358281728,"city_id":10361,"country_iso":"CHN"},{"h3index":"8740f3818ffffff","population_2015":120.3272254509,"total_built_mass_tons":399145.6646778226,"city_id":10361,"country_iso":"CHN"},{"h3index":"8740f381cffffff","population_2015":13903.5092236108,"total_built_mass_tons":716923.1680451381,"city_id":10361,"country_iso":"CHN"},{"h3index":"8740f381effffff","population_2015":9262.2174977134,"total_built_mass_tons":1788274.5049753529,"city_id":10361,"country_iso":"CHN"}]