[{"h3index":"873cc2a10ffffff","population_2015":3021.8056845459,"total_built_mass_tons":455621.9757210837,"city_id":10055,"country_iso":"BGD"},{"h3index":"873cc2a12ffffff","population_2015":750.1176321366,"total_built_mass_tons":74532.965357915,"city_id":10055,"country_iso":"BGD"},{"h3index":"873cc2a13ffffff","population_2015":663.5105862038,"total_built_mass_tons":158807.7232559229,"city_id":10055,"country_iso":"BGD"},{"h3index":"873cc2a14ffffff","population_2015":104.5729560852,"total_built_mass_tons":12808.5087481307,"city_id":10055,"country_iso":"BGD"},{"h3index":"873cc2a16ffffff","population_2015":264.5164206112,"total_built_mass_tons":61492.4368107188,"city_id":10055,"country_iso":"BGD"}]