[{"h3index": "87319d500ffffff", "population_2015": 14126.574785262465, "total_built_mass_tons": 4772776.992712708, "city_id": 10948, "country_iso": "CHN"}, {"h3index": "87319d501ffffff", "population_2015": 1553.8378811153711, "total_built_mass_tons": 637341.9841658848, "city_id": 10948, "country_iso": "CHN"}, {"h3index": "87319d502ffffff", "population_2015": 4819.229578214534, "total_built_mass_tons": 2629537.398294936, "city_id": 10948, "country_iso": "CHN"}, {"h3index": "87319d503ffffff", "population_2015": 853.8673689384086, "total_built_mass_tons": 604764.2008600808, "city_id": 10948, "country_iso": "CHN"}, {"h3index": "87319d504ffffff", "population_2015": 12595.267396412648, "total_built_mass_tons": 2577380.4644480837, "city_id": 10948, "country_iso": "CHN"}, {"h3index": "87319d505ffffff", "population_2015": 8548.849081959444, "total_built_mass_tons": 1887100.2617376344, "city_id": 10948, "country_iso": "CHN"}, {"h3index": "87319d506ffffff", "population_2015": 3603.108396289863, "total_built_mass_tons": 1666261.8034336376, "city_id": 10948, "country_iso": "CHN"}, {"h3index": "87319d510ffffff", "population_2015": 262.7736552715302, "total_built_mass_tons": 249859.847104509, "city_id": 10948, "country_iso": "CHN"}, {"h3index": "87319d511ffffff", "population_2015": 20.14262396588045, "total_built_mass_tons": 16689.893222375224, "city_id": 10948, "country_iso": "CHN"}, {"h3index": "87319d514ffffff", "population_2015": 59.377683549768776, "total_built_mass_tons": 83278.70052953264, "city_id": 10948, "country_iso": "CHN"}, {"h3index": "87319d515ffffff", "population_2015": 1483.053500595747, "total_built_mass_tons": 1344947.1262302697, "city_id": 10948, "country_iso": "CHN"}, {"h3index": "87319d51cffffff", "population_2015": 31.066693118974275, "total_built_mass_tons": 22628.878270644665, "city_id": 10948, "country_iso": "CHN"}, {"h3index": "87319d522ffffff", "population_2015": 373.4607125338386, "total_built_mass_tons": 189047.8132129186, "city_id": 10948, "country_iso": "CHN"}, {"h3index": "87319d523ffffff", "population_2015": 1550.425637995028, "total_built_mass_tons": 610202.9581506811, "city_id": 10948, "country_iso": "CHN"}, {"h3index": "87319d52affffff", "population_2015": 2552.431469545177, "total_built_mass_tons": 1071913.7806202152, "city_id": 10948, "country_iso": "CHN"}, {"h3index": "87319d531ffffff", "population_2015": 17.40687884536444, "total_built_mass_tons": 13425.20123498077, "city_id": 10948, "country_iso": "CHN"}, {"h3index": "87319d533ffffff", "population_2015": 24.50949291715435, "total_built_mass_tons": 45875.40438953147, "city_id": 10948, "country_iso": "CHN"}]