[{"h3index":"872baa52dffffff","population_2015":0.0889753921,"total_built_mass_tons":5665.6802298482,"city_id":1030,"country_iso":"CAN"},{"h3index":"872baa566ffffff","population_2015":1537.2439086849,"total_built_mass_tons":478181.8238443875,"city_id":1030,"country_iso":"CAN"},{"h3index":"872baa570ffffff","population_2015":6483.1060870004,"total_built_mass_tons":2344206.7114061974,"city_id":1030,"country_iso":"CAN"},{"h3index":"872baa571ffffff","population_2015":1.4518648564,"total_built_mass_tons":31323.3922950498,"city_id":1030,"country_iso":"CAN"},{"h3index":"872baa573ffffff","population_2015":831.007029452,"total_built_mass_tons":271052.4637489916,"city_id":1030,"country_iso":"CAN"},{"h3index":"872baa574ffffff","population_2015":1591.0572464546,"total_built_mass_tons":946691.0553506817,"city_id":1030,"country_iso":"CAN"},{"h3index":"872baa575ffffff","population_2015":7487.4772245918,"total_built_mass_tons":2567271.7080889139,"city_id":1030,"country_iso":"CAN"},{"h3index":"872baacc2ffffff","population_2015":842.4219254757,"total_built_mass_tons":303683.6545591133,"city_id":1030,"country_iso":"CAN"},{"h3index":"872baacc3ffffff","population_2015":4956.0275804267,"total_built_mass_tons":1329362.3813166199,"city_id":1030,"country_iso":"CAN"},{"h3index":"872baacd8ffffff","population_2015":12860.9613086827,"total_built_mass_tons":4333722.5847936766,"city_id":1030,"country_iso":"CAN"},{"h3index":"872baacd9ffffff","population_2015":3996.8609797263,"total_built_mass_tons":1243185.5859268431,"city_id":1030,"country_iso":"CAN"},{"h3index":"872baacdaffffff","population_2015":7970.3254485243,"total_built_mass_tons":2330400.8809239753,"city_id":1030,"country_iso":"CAN"},{"h3index":"872baacdbffffff","population_2015":10565.7328545913,"total_built_mass_tons":4166602.7683857209,"city_id":1030,"country_iso":"CAN"},{"h3index":"872baacdcffffff","population_2015":11117.4689586849,"total_built_mass_tons":2765791.8233880759,"city_id":1030,"country_iso":"CAN"},{"h3index":"872baacddffffff","population_2015":4793.4262420589,"total_built_mass_tons":1483108.287824136,"city_id":1030,"country_iso":"CAN"},{"h3index":"872baacdeffffff","population_2015":4947.6619490993,"total_built_mass_tons":1014735.5013977604,"city_id":1030,"country_iso":"CAN"}]