[{"h3index": "874249490ffffff", "population_2015": 1929.7847930122823, "total_built_mass_tons": 657060.0210944171, "city_id": 6614, "country_iso": "IND"}, {"h3index": "874249492ffffff", "population_2015": 1516.871141762827, "total_built_mass_tons": 1028625.1106763384, "city_id": 6614, "country_iso": "IND"}, {"h3index": "874249494ffffff", "population_2015": 9014.011801822511, "total_built_mass_tons": 2043065.941175001, "city_id": 6614, "country_iso": "IND"}, {"h3index": "874249496ffffff", "population_2015": 15301.691467247756, "total_built_mass_tons": 3649594.6235234975, "city_id": 6614, "country_iso": "IND"}, {"h3index": "8742494b0ffffff", "population_2015": 868.7528025197046, "total_built_mass_tons": 327965.6268445509, "city_id": 6614, "country_iso": "IND"}, {"h3index": "8742494b2ffffff", "population_2015": 7483.520937639123, "total_built_mass_tons": 1766478.9217067808, "city_id": 6614, "country_iso": "IND"}, {"h3index": "8742494b4ffffff", "population_2015": 850.8859267029109, "total_built_mass_tons": 659441.4180333085, "city_id": 6614, "country_iso": "IND"}, {"h3index": "8742494b5ffffff", "population_2015": 95.47160718955244, "total_built_mass_tons": 104466.82695619264, "city_id": 6614, "country_iso": "IND"}, {"h3index": "8742494b6ffffff", "population_2015": 3651.4402556793343, "total_built_mass_tons": 1700371.1190360708, "city_id": 6614, "country_iso": "IND"}, {"h3index": "87424b860ffffff", "population_2015": 4608.511132814371, "total_built_mass_tons": 1094447.3094147153, "city_id": 6614, "country_iso": "IND"}, {"h3index": "87424b861ffffff", "population_2015": 2117.546884159014, "total_built_mass_tons": 882321.7765495675, "city_id": 6614, "country_iso": "IND"}, {"h3index": "87424b862ffffff", "population_2015": 89.65730182236317, "total_built_mass_tons": 29910.80599198193, "city_id": 6614, "country_iso": "IND"}, {"h3index": "87424b863ffffff", "population_2015": 1796.4826353447108, "total_built_mass_tons": 311363.8929484931, "city_id": 6614, "country_iso": "IND"}, {"h3index": "87424b864ffffff", "population_2015": 8863.156721403078, "total_built_mass_tons": 1948879.627125515, "city_id": 6614, "country_iso": "IND"}, {"h3index": "87424b865ffffff", "population_2015": 9670.498092003429, "total_built_mass_tons": 2587263.7843482937, "city_id": 6614, "country_iso": "IND"}, {"h3index": "87424b948ffffff", "population_2015": 19834.42392338585, "total_built_mass_tons": 3315691.8344498104, "city_id": 6614, "country_iso": "IND"}, {"h3index": "87424b949ffffff", "population_2015": 42627.1441756903, "total_built_mass_tons": 5135957.908096779, "city_id": 6614, "country_iso": "IND"}, {"h3index": "87424b94affffff", "population_2015": 4532.525683724645, "total_built_mass_tons": 1285276.7992501294, "city_id": 6614, "country_iso": "IND"}, {"h3index": "87424b94bffffff", "population_2015": 35947.37004258398, "total_built_mass_tons": 4695925.293823034, "city_id": 6614, "country_iso": "IND"}, {"h3index": "87424b94cffffff", "population_2015": 1114.2034701478249, "total_built_mass_tons": 295297.89789244975, "city_id": 6614, "country_iso": "IND"}, {"h3index": "87424b94dffffff", "population_2015": 15654.557797155188, "total_built_mass_tons": 3023070.074654096, "city_id": 6614, "country_iso": "IND"}, {"h3index": "87424b94effffff", "population_2015": 45.58072034424426, "total_built_mass_tons": 31251.546670056498, "city_id": 6614, "country_iso": "IND"}, {"h3index": "87424b959ffffff", "population_2015": 782.4967624065922, "total_built_mass_tons": 222996.34972039788, "city_id": 6614, "country_iso": "IND"}, {"h3index": "87424b96bffffff", "population_2015": 1672.958970978681, "total_built_mass_tons": 550399.6045463047, "city_id": 6614, "country_iso": "IND"}]