[{"h3index":"873e66201ffffff","population_2015":1641.460090727,"total_built_mass_tons":327774.4886108575,"city_id":3908,"country_iso":"EGY"},{"h3index":"873e66202ffffff","population_2015":2182.9819015054,"total_built_mass_tons":252523.5150800307,"city_id":3908,"country_iso":"EGY"},{"h3index":"873e66203ffffff","population_2015":6301.5959458145,"total_built_mass_tons":858175.4585181284,"city_id":3908,"country_iso":"EGY"},{"h3index":"873e6620affffff","population_2015":1467.4095619127,"total_built_mass_tons":243466.1441599621,"city_id":3908,"country_iso":"EGY"},{"h3index":"873e6620effffff","population_2015":4590.9278221205,"total_built_mass_tons":508218.9152551006,"city_id":3908,"country_iso":"EGY"},{"h3index":"873e66211ffffff","population_2015":4355.0421642154,"total_built_mass_tons":603278.0278260479,"city_id":3908,"country_iso":"EGY"},{"h3index":"873e66218ffffff","population_2015":6684.0179823371,"total_built_mass_tons":1078487.3542687662,"city_id":3908,"country_iso":"EGY"},{"h3index":"873e66219ffffff","population_2015":3528.2222481073,"total_built_mass_tons":613655.978612191,"city_id":3908,"country_iso":"EGY"},{"h3index":"873e6621affffff","population_2015":3152.5146814533,"total_built_mass_tons":614217.5005618033,"city_id":3908,"country_iso":"EGY"},{"h3index":"873e6621bffffff","population_2015":696.6694407594,"total_built_mass_tons":122529.0820701621,"city_id":3908,"country_iso":"EGY"},{"h3index":"873e6621cffffff","population_2015":18020.361284802,"total_built_mass_tons":2057663.1647222161,"city_id":3908,"country_iso":"EGY"},{"h3index":"873e6621dffffff","population_2015":22135.0155776903,"total_built_mass_tons":2090932.035652048,"city_id":3908,"country_iso":"EGY"},{"h3index":"873e6621effffff","population_2015":2196.9939693077,"total_built_mass_tons":403255.6750527872,"city_id":3908,"country_iso":"EGY"}]