[{"h3index":"871181a49ffffff","population_2015":1170.9460960042,"total_built_mass_tons":728183.6676483807,"city_id":3725,"country_iso":"RUS"},{"h3index":"871181a4bffffff","population_2015":5.5395712852,"total_built_mass_tons":7103.1733981777,"city_id":3725,"country_iso":"RUS"},{"h3index":"871181a4dffffff","population_2015":6.8906658827,"total_built_mass_tons":21428.0726233568,"city_id":3725,"country_iso":"RUS"},{"h3index":"87118cd10ffffff","population_2015":5109.7737478125,"total_built_mass_tons":1135785.2975672281,"city_id":3725,"country_iso":"RUS"},{"h3index":"87118cd12ffffff","population_2015":17440.5273981711,"total_built_mass_tons":3581550.1801464902,"city_id":3725,"country_iso":"RUS"},{"h3index":"87118cd14ffffff","population_2015":4433.8919796574,"total_built_mass_tons":2875681.4709930271,"city_id":3725,"country_iso":"RUS"},{"h3index":"87118cd16ffffff","population_2015":17681.8840726273,"total_built_mass_tons":3480788.4906960251,"city_id":3725,"country_iso":"RUS"},{"h3index":"87118cd30ffffff","population_2015":8.1373016619,"total_built_mass_tons":3178.2869967393,"city_id":3725,"country_iso":"RUS"},{"h3index":"87118cd32ffffff","population_2015":3229.2141980012,"total_built_mass_tons":3288809.8232529811,"city_id":3725,"country_iso":"RUS"},{"h3index":"87118cd33ffffff","population_2015":953.8425783625,"total_built_mass_tons":541270.4296344478,"city_id":3725,"country_iso":"RUS"},{"h3index":"87118cda0ffffff","population_2015":5349.5204004718,"total_built_mass_tons":2822735.3893929985,"city_id":3725,"country_iso":"RUS"},{"h3index":"87118cda1ffffff","population_2015":6724.0115854413,"total_built_mass_tons":2681191.4111060477,"city_id":3725,"country_iso":"RUS"},{"h3index":"87118cda2ffffff","population_2015":28.9439185255,"total_built_mass_tons":20319.5097061444,"city_id":3725,"country_iso":"RUS"},{"h3index":"87118cda3ffffff","population_2015":291.6040039689,"total_built_mass_tons":327999.3859185677,"city_id":3725,"country_iso":"RUS"},{"h3index":"87118cda5ffffff","population_2015":4796.3397001472,"total_built_mass_tons":1399849.3668186511,"city_id":3725,"country_iso":"RUS"},{"h3index":"87118cda6ffffff","population_2015":24.5097207275,"total_built_mass_tons":15219.2573579533,"city_id":3725,"country_iso":"RUS"},{"h3index":"87118cdacffffff","population_2015":124.3097542258,"total_built_mass_tons":49934.2425649759,"city_id":3725,"country_iso":"RUS"},{"h3index":"87118cdaeffffff","population_2015":796.5447907915,"total_built_mass_tons":651047.8252120311,"city_id":3725,"country_iso":"RUS"}]