[{"h3index": "872d45501ffffff", "population_2015": 4743.313890142066, "total_built_mass_tons": 2254837.5927489423, "city_id": 4307, "country_iso": "RUS"}, {"h3index": "872d45504ffffff", "population_2015": 1127.1672074369355, "total_built_mass_tons": 1703690.306006951, "city_id": 4307, "country_iso": "RUS"}, {"h3index": "872d45505ffffff", "population_2015": 7083.448878603359, "total_built_mass_tons": 3470318.2515368066, "city_id": 4307, "country_iso": "RUS"}, {"h3index": "872d4550cffffff", "population_2015": 890.6832606278213, "total_built_mass_tons": 530994.7421012943, "city_id": 4307, "country_iso": "RUS"}, {"h3index": "872d45520ffffff", "population_2015": 1104.7844214495494, "total_built_mass_tons": 744054.7692657979, "city_id": 4307, "country_iso": "RUS"}, {"h3index": "872d45521ffffff", "population_2015": 15692.195706874243, "total_built_mass_tons": 5850938.287810535, "city_id": 4307, "country_iso": "RUS"}, {"h3index": "872d45522ffffff", "population_2015": 726.3495138084186, "total_built_mass_tons": 1014939.6301937634, "city_id": 4307, "country_iso": "RUS"}, {"h3index": "872d45523ffffff", "population_2015": 6568.007807689555, "total_built_mass_tons": 3802081.3537116647, "city_id": 4307, "country_iso": "RUS"}, {"h3index": "872d45524ffffff", "population_2015": 3693.8840117837863, "total_built_mass_tons": 1523077.2905321617, "city_id": 4307, "country_iso": "RUS"}, {"h3index": "872d45525ffffff", "population_2015": 7993.213689263661, "total_built_mass_tons": 3474408.138665594, "city_id": 4307, "country_iso": "RUS"}, {"h3index": "872d45528ffffff", "population_2015": 7327.420464992521, "total_built_mass_tons": 3237951.804361661, "city_id": 4307, "country_iso": "RUS"}, {"h3index": "872d45529ffffff", "population_2015": 930.7348703552694, "total_built_mass_tons": 429798.1156314551, "city_id": 4307, "country_iso": "RUS"}, {"h3index": "872d4552affffff", "population_2015": 6387.623910264409, "total_built_mass_tons": 2649478.130485404, "city_id": 4307, "country_iso": "RUS"}, {"h3index": "872d4552cffffff", "population_2015": 13144.9793207019, "total_built_mass_tons": 5485727.8366054, "city_id": 4307, "country_iso": "RUS"}, {"h3index": "872d4552dffffff", "population_2015": 5958.5479847019815, "total_built_mass_tons": 2437498.60806439, "city_id": 4307, "country_iso": "RUS"}, {"h3index": "872d4552effffff", "population_2015": 15113.540091750205, "total_built_mass_tons": 6018363.149369323, "city_id": 4307, "country_iso": "RUS"}, {"h3index": "872d45531ffffff", "population_2015": 350.592729027131, "total_built_mass_tons": 888902.6700067573, "city_id": 4307, "country_iso": "RUS"}, {"h3index": "872d45c8bffffff", "population_2015": 1410.0596210891124, "total_built_mass_tons": 617323.4400025106, "city_id": 4307, "country_iso": "RUS"}, {"h3index": "872d45cd2ffffff", "population_2015": 7421.465210359235, "total_built_mass_tons": 2688834.3125580773, "city_id": 4307, "country_iso": "RUS"}, {"h3index": "872d45cd3ffffff", "population_2015": 493.74075077094295, "total_built_mass_tons": 209370.32190738944, "city_id": 4307, "country_iso": "RUS"}]