[{"h3index": "872cc6048ffffff", "population_2015": 69.05247136658312, "total_built_mass_tons": 42196.276892827926, "city_id": 5794, "country_iso": "IRN"}, {"h3index": "872cc6049ffffff", "population_2015": 5675.485168400934, "total_built_mass_tons": 2392427.372605341, "city_id": 5794, "country_iso": "IRN"}, {"h3index": "872cc604affffff", "population_2015": 3147.7437496260104, "total_built_mass_tons": 1773913.3077213257, "city_id": 5794, "country_iso": "IRN"}, {"h3index": "872cc604bffffff", "population_2015": 8724.05997875064, "total_built_mass_tons": 5036116.76177901, "city_id": 5794, "country_iso": "IRN"}, {"h3index": "872cc604dffffff", "population_2015": 1818.5151445622537, "total_built_mass_tons": 828427.5153068886, "city_id": 5794, "country_iso": "IRN"}, {"h3index": "872cc6058ffffff", "population_2015": 272.6718434352501, "total_built_mass_tons": 144187.66591127138, "city_id": 5794, "country_iso": "IRN"}, {"h3index": "872cc6059ffffff", "population_2015": 7832.6012002907555, "total_built_mass_tons": 3285902.8208070872, "city_id": 5794, "country_iso": "IRN"}, {"h3index": "872cc605bffffff", "population_2015": 1636.718156004887, "total_built_mass_tons": 742424.6996897059, "city_id": 5794, "country_iso": "IRN"}, {"h3index": "872cc605dffffff", "population_2015": 1010.504367087869, "total_built_mass_tons": 303525.1196891011, "city_id": 5794, "country_iso": "IRN"}, {"h3index": "872cc6314ffffff", "population_2015": 4.27381955315085, "total_built_mass_tons": 2973.1434904421094, "city_id": 5794, "country_iso": "IRN"}, {"h3index": "872cc6316ffffff", "population_2015": 723.7108246765883, "total_built_mass_tons": 265323.21858552366, "city_id": 5794, "country_iso": "IRN"}, {"h3index": "872cc6332ffffff", "population_2015": 3209.786318132924, "total_built_mass_tons": 1269661.5395204446, "city_id": 5794, "country_iso": "IRN"}, {"h3index": "872cc6336ffffff", "population_2015": 1090.9586126533209, "total_built_mass_tons": 587233.1642242462, "city_id": 5794, "country_iso": "IRN"}, {"h3index": "872cc63a0ffffff", "population_2015": 2937.713219848333, "total_built_mass_tons": 1314857.0419143587, "city_id": 5794, "country_iso": "IRN"}, {"h3index": "872cc63a2ffffff", "population_2015": 872.1566724141439, "total_built_mass_tons": 293093.47405601887, "city_id": 5794, "country_iso": "IRN"}, {"h3index": "872cc63a3ffffff", "population_2015": 30.476892807904413, "total_built_mass_tons": 11516.939442698407, "city_id": 5794, "country_iso": "IRN"}, {"h3index": "872cc63a4ffffff", "population_2015": 11687.314275517176, "total_built_mass_tons": 6142521.7030671695, "city_id": 5794, "country_iso": "IRN"}, {"h3index": "872cc63a5ffffff", "population_2015": 3529.436205013126, "total_built_mass_tons": 1672074.7465001305, "city_id": 5794, "country_iso": "IRN"}, {"h3index": "872cc63a6ffffff", "population_2015": 5950.755862370661, "total_built_mass_tons": 2868890.973835029, "city_id": 5794, "country_iso": "IRN"}, {"h3index": "872cc63b4ffffff", "population_2015": 44.17265925687902, "total_built_mass_tons": 28658.923801739515, "city_id": 5794, "country_iso": "IRN"}, {"h3index": "872cc63b5ffffff", "population_2015": 66.96327092787797, "total_built_mass_tons": 11489.256962013653, "city_id": 5794, "country_iso": "IRN"}]