[{"h3index":"876485c03ffffff","population_2015":4898.2965984475,"total_built_mass_tons":986081.2203642916,"city_id":10403,"country_iso":"MMR"},{"h3index":"876485c0affffff","population_2015":324.0604404113,"total_built_mass_tons":102932.7896404166,"city_id":10403,"country_iso":"MMR"},{"h3index":"876485c0effffff","population_2015":3451.7188985413,"total_built_mass_tons":582175.3446602022,"city_id":10403,"country_iso":"MMR"},{"h3index":"876485c18ffffff","population_2015":149.2006076065,"total_built_mass_tons":41190.5466586266,"city_id":10403,"country_iso":"MMR"},{"h3index":"876485c19ffffff","population_2015":4.8942696291,"total_built_mass_tons":3810.0698920829,"city_id":10403,"country_iso":"MMR"},{"h3index":"876485c1cffffff","population_2015":1511.1938272102,"total_built_mass_tons":558217.2294972874,"city_id":10403,"country_iso":"MMR"},{"h3index":"876485c1dffffff","population_2015":14054.3772761831,"total_built_mass_tons":1996687.3320259859,"city_id":10403,"country_iso":"MMR"}]