[{"h3index":"87649bb82ffffff","population_2015":1328.3197484484,"total_built_mass_tons":200417.7410000264,"city_id":10168,"country_iso":"MMR"},{"h3index":"87649bb83ffffff","population_2015":1185.6709409826,"total_built_mass_tons":100625.745105908,"city_id":10168,"country_iso":"MMR"},{"h3index":"87649bb86ffffff","population_2015":33.0345681808,"total_built_mass_tons":6582.5324089133,"city_id":10168,"country_iso":"MMR"},{"h3index":"87649bb95ffffff","population_2015":1131.9168302237,"total_built_mass_tons":206827.4484164665,"city_id":10168,"country_iso":"MMR"},{"h3index":"87649bb9cffffff","population_2015":1712.9345640594,"total_built_mass_tons":168725.2062113784,"city_id":10168,"country_iso":"MMR"}]