[{"h3index":"873c18c8dffffff","population_2015":4.6141391642,"total_built_mass_tons":2843.5768027704,"city_id":9282,"country_iso":"IND"},{"h3index":"873c18cf0ffffff","population_2015":134.9209997028,"total_built_mass_tons":51090.4551277785,"city_id":9282,"country_iso":"IND"},{"h3index":"873c18cf5ffffff","population_2015":8.0005125008,"total_built_mass_tons":7430.4108720819,"city_id":9282,"country_iso":"IND"},{"h3index":"873c18cf6ffffff","population_2015":3.1991364872,"total_built_mass_tons":19936.3821169261,"city_id":9282,"country_iso":"IND"}]