[{"h3index":"876493540ffffff","population_2015":9.025585326,"total_built_mass_tons":11691.2504937315,"city_id":10360,"country_iso":"MMR"},{"h3index":"876493541ffffff","population_2015":525.0039103115,"total_built_mass_tons":231491.940875354,"city_id":10360,"country_iso":"MMR"},{"h3index":"876493544ffffff","population_2015":62.6472249377,"total_built_mass_tons":37254.3098583,"city_id":10360,"country_iso":"MMR"},{"h3index":"876493545ffffff","population_2015":10199.5329155361,"total_built_mass_tons":1942784.4274949683,"city_id":10360,"country_iso":"MMR"},{"h3index":"87649356affffff","population_2015":4390.1295627687,"total_built_mass_tons":1341153.0401055836,"city_id":10360,"country_iso":"MMR"},{"h3index":"87649356bffffff","population_2015":114.4226440191,"total_built_mass_tons":119395.4410754725,"city_id":10360,"country_iso":"MMR"},{"h3index":"87649356effffff","population_2015":322.8452313068,"total_built_mass_tons":232247.5078772164,"city_id":10360,"country_iso":"MMR"}]