[{"h3index":"8724d0620ffffff","population_2015":22.6047342721,"total_built_mass_tons":37905.2715301762,"city_id":10127,"country_iso":"CHN"},{"h3index":"8724d0622ffffff","population_2015":6393.5818248085,"total_built_mass_tons":2439108.9828390116,"city_id":10127,"country_iso":"CHN"},{"h3index":"8724d0623ffffff","population_2015":0.9530169468,"total_built_mass_tons":1746.0099254785,"city_id":10127,"country_iso":"CHN"},{"h3index":"8724d0626ffffff","population_2015":1088.6651893429,"total_built_mass_tons":283072.9841560021,"city_id":10127,"country_iso":"CHN"},{"h3index":"8724d0630ffffff","population_2015":10105.0430742876,"total_built_mass_tons":5906836.2940777577,"city_id":10127,"country_iso":"CHN"},{"h3index":"8724d0631ffffff","population_2015":2806.1998409508,"total_built_mass_tons":1551545.4723256279,"city_id":10127,"country_iso":"CHN"},{"h3index":"8724d0632ffffff","population_2015":310.4113472046,"total_built_mass_tons":396796.0009889925,"city_id":10127,"country_iso":"CHN"},{"h3index":"8724d0633ffffff","population_2015":428.8562107011,"total_built_mass_tons":685032.7094293281,"city_id":10127,"country_iso":"CHN"},{"h3index":"8724d0634ffffff","population_2015":28068.4700713251,"total_built_mass_tons":9925221.4297350552,"city_id":10127,"country_iso":"CHN"},{"h3index":"8724d0635ffffff","population_2015":11463.1236847335,"total_built_mass_tons":4413915.8102918323,"city_id":10127,"country_iso":"CHN"},{"h3index":"8724d0636ffffff","population_2015":10028.5890354068,"total_built_mass_tons":1575902.5000115754,"city_id":10127,"country_iso":"CHN"},{"h3index":"8724d071affffff","population_2015":3807.4491528642,"total_built_mass_tons":997236.7944877336,"city_id":10127,"country_iso":"CHN"},{"h3index":"8724d071bffffff","population_2015":1498.1187840681,"total_built_mass_tons":530782.4207459962,"city_id":10127,"country_iso":"CHN"},{"h3index":"8724d07a1ffffff","population_2015":89.7245112485,"total_built_mass_tons":30981.1406121881,"city_id":10127,"country_iso":"CHN"},{"h3index":"8724d07a8ffffff","population_2015":20518.1590608139,"total_built_mass_tons":2655117.6676031435,"city_id":10127,"country_iso":"CHN"},{"h3index":"8724d07a9ffffff","population_2015":36641.6976770822,"total_built_mass_tons":3679331.7460412602,"city_id":10127,"country_iso":"CHN"},{"h3index":"8724d07aaffffff","population_2015":18.8213608908,"total_built_mass_tons":61572.7614525887,"city_id":10127,"country_iso":"CHN"},{"h3index":"8724d07abffffff","population_2015":3278.56410895,"total_built_mass_tons":871832.4372422356,"city_id":10127,"country_iso":"CHN"},{"h3index":"8724d07acffffff","population_2015":499.7380697155,"total_built_mass_tons":114579.5377065966,"city_id":10127,"country_iso":"CHN"},{"h3index":"8724d07adffffff","population_2015":11958.9354084789,"total_built_mass_tons":1645693.8584660571,"city_id":10127,"country_iso":"CHN"},{"h3index":"8724d07aeffffff","population_2015":1951.8542715276,"total_built_mass_tons":580763.6955281051,"city_id":10127,"country_iso":"CHN"}]