[{"h3index": "87309599affffff", "population_2015": 8.069544730466955, "total_built_mass_tons": 7307.707363529205, "city_id": 11841, "country_iso": "CHN"}, {"h3index": "873095d09ffffff", "population_2015": 5.888833335801667, "total_built_mass_tons": 10441.338789846215, "city_id": 11841, "country_iso": "CHN"}, {"h3index": "873095d40ffffff", "population_2015": 4473.606656952467, "total_built_mass_tons": 2155944.0634129327, "city_id": 11841, "country_iso": "CHN"}, {"h3index": "873095d41ffffff", "population_2015": 543.3212610623415, "total_built_mass_tons": 216856.426038803, "city_id": 11841, "country_iso": "CHN"}, {"h3index": "873095d42ffffff", "population_2015": 1379.3668688044827, "total_built_mass_tons": 679955.0055154389, "city_id": 11841, "country_iso": "CHN"}, {"h3index": "873095d44ffffff", "population_2015": 1019.3196812120136, "total_built_mass_tons": 1112832.6317281788, "city_id": 11841, "country_iso": "CHN"}, {"h3index": "873095d45ffffff", "population_2015": 13418.857473457558, "total_built_mass_tons": 3901936.035297499, "city_id": 11841, "country_iso": "CHN"}, {"h3index": "873095d46ffffff", "population_2015": 2749.3566168560696, "total_built_mass_tons": 1462033.4837689982, "city_id": 11841, "country_iso": "CHN"}, {"h3index": "873095d54ffffff", "population_2015": 878.9535008608126, "total_built_mass_tons": 813200.5980436231, "city_id": 11841, "country_iso": "CHN"}, {"h3index": "873095d55ffffff", "population_2015": 2794.3041861786555, "total_built_mass_tons": 840342.5933865709, "city_id": 11841, "country_iso": "CHN"}, {"h3index": "873095d56ffffff", "population_2015": 5.499459743499756, "total_built_mass_tons": 27995.94689575916, "city_id": 11841, "country_iso": "CHN"}, {"h3index": "873095d63ffffff", "population_2015": 2346.5092521181296, "total_built_mass_tons": 681294.3736512975, "city_id": 11841, "country_iso": "CHN"}, {"h3index": "873095d68ffffff", "population_2015": 2551.424636808096, "total_built_mass_tons": 664157.427624729, "city_id": 11841, "country_iso": "CHN"}, {"h3index": "873095d69ffffff", "population_2015": 206.80684577203263, "total_built_mass_tons": 160641.7222370311, "city_id": 11841, "country_iso": "CHN"}, {"h3index": "873095d6affffff", "population_2015": 4979.776055421082, "total_built_mass_tons": 961484.092997, "city_id": 11841, "country_iso": "CHN"}, {"h3index": "873095d6cffffff", "population_2015": 444.2834602393356, "total_built_mass_tons": 309728.0973130035, "city_id": 11841, "country_iso": "CHN"}, {"h3index": "873095d6dffffff", "population_2015": 173.74640990893047, "total_built_mass_tons": 364623.397422613, "city_id": 11841, "country_iso": "CHN"}, {"h3index": "873095d6effffff", "population_2015": 16016.307832914232, "total_built_mass_tons": 4887542.093632512, "city_id": 11841, "country_iso": "CHN"}]