[{"h3index":"874090900ffffff","population_2015":1381.494475842,"total_built_mass_tons":1679753.5631170331,"city_id":11085,"country_iso":"CHN"},{"h3index":"874090902ffffff","population_2015":278.1536209686,"total_built_mass_tons":409708.1992297605,"city_id":11085,"country_iso":"CHN"},{"h3index":"874090904ffffff","population_2015":21.7514368581,"total_built_mass_tons":12756.423350054,"city_id":11085,"country_iso":"CHN"},{"h3index":"874090906ffffff","population_2015":4812.2322971624,"total_built_mass_tons":2796548.9995708391,"city_id":11085,"country_iso":"CHN"},{"h3index":"874090910ffffff","population_2015":0.6860349767,"total_built_mass_tons":1451.9692872795,"city_id":11085,"country_iso":"CHN"},{"h3index":"874090914ffffff","population_2015":18103.07349674,"total_built_mass_tons":4486236.4740283135,"city_id":11085,"country_iso":"CHN"},{"h3index":"874090915ffffff","population_2015":665.419548548,"total_built_mass_tons":846932.3529376609,"city_id":11085,"country_iso":"CHN"},{"h3index":"874090916ffffff","population_2015":1013.6801071513,"total_built_mass_tons":363609.4406761893,"city_id":11085,"country_iso":"CHN"},{"h3index":"874090930ffffff","population_2015":12451.9616209086,"total_built_mass_tons":2329517.4434185876,"city_id":11085,"country_iso":"CHN"},{"h3index":"874090931ffffff","population_2015":692.3013192037,"total_built_mass_tons":355629.6212398842,"city_id":11085,"country_iso":"CHN"},{"h3index":"874090932ffffff","population_2015":31453.7240342196,"total_built_mass_tons":5610285.1678361446,"city_id":11085,"country_iso":"CHN"},{"h3index":"874090933ffffff","population_2015":15576.0235630465,"total_built_mass_tons":5009746.5854727272,"city_id":11085,"country_iso":"CHN"},{"h3index":"874090935ffffff","population_2015":266.5044791184,"total_built_mass_tons":291942.8242880358,"city_id":11085,"country_iso":"CHN"},{"h3index":"874090936ffffff","population_2015":915.3769313046,"total_built_mass_tons":530220.8244774165,"city_id":11085,"country_iso":"CHN"},{"h3index":"874094648ffffff","population_2015":686.339405115,"total_built_mass_tons":527146.4282428869,"city_id":11085,"country_iso":"CHN"},{"h3index":"874094649ffffff","population_2015":10686.6497384913,"total_built_mass_tons":2120040.031930143,"city_id":11085,"country_iso":"CHN"},{"h3index":"87409464bffffff","population_2015":277.2762170539,"total_built_mass_tons":362602.6441337245,"city_id":11085,"country_iso":"CHN"},{"h3index":"87409464cffffff","population_2015":470.1362576027,"total_built_mass_tons":291327.6026705783,"city_id":11085,"country_iso":"CHN"},{"h3index":"87409464dffffff","population_2015":4987.1957615534,"total_built_mass_tons":1924069.9770078177,"city_id":11085,"country_iso":"CHN"},{"h3index":"87409464effffff","population_2015":3.5801944938,"total_built_mass_tons":2439.7196802071,"city_id":11085,"country_iso":"CHN"},{"h3index":"87409466bffffff","population_2015":43.1176293784,"total_built_mass_tons":40005.296357781,"city_id":11085,"country_iso":"CHN"}]