[{"h3index":"876485240ffffff","population_2015":1.8613571391,"total_built_mass_tons":3432.6847427583,"city_id":10326,"country_iso":"MMR"},{"h3index":"876485241ffffff","population_2015":1708.3867932469,"total_built_mass_tons":552464.3144702903,"city_id":10326,"country_iso":"MMR"},{"h3index":"876485243ffffff","population_2015":745.1289300657,"total_built_mass_tons":317181.0116491243,"city_id":10326,"country_iso":"MMR"},{"h3index":"876485245ffffff","population_2015":5.1408104504,"total_built_mass_tons":3561.8079530975,"city_id":10326,"country_iso":"MMR"},{"h3index":"87648525dffffff","population_2015":0.3100520134,"total_built_mass_tons":387.2218703382,"city_id":10326,"country_iso":"MMR"}]