[{"h3index": "876d2a109ffffff", "population_2015": 300.5304797453039, "total_built_mass_tons": 44788.93720867416, "city_id": 252, "country_iso": "MEX"}, {"h3index": "876d2a140ffffff", "population_2015": 63.35541709918601, "total_built_mass_tons": 50318.93237757716, "city_id": 252, "country_iso": "MEX"}, {"h3index": "876d2a142ffffff", "population_2015": 528.783332046808, "total_built_mass_tons": 169612.83868133358, "city_id": 252, "country_iso": "MEX"}, {"h3index": "876d2a144ffffff", "population_2015": 3270.1765876620416, "total_built_mass_tons": 500384.13333928795, "city_id": 252, "country_iso": "MEX"}, {"h3index": "876d2a146ffffff", "population_2015": 33746.77417779716, "total_built_mass_tons": 2778897.5229477547, "city_id": 252, "country_iso": "MEX"}, {"h3index": "876d2a150ffffff", "population_2015": 6559.543022293203, "total_built_mass_tons": 355445.8068485576, "city_id": 252, "country_iso": "MEX"}, {"h3index": "876d2a154ffffff", "population_2015": 19544.731456273203, "total_built_mass_tons": 1995785.5937883388, "city_id": 252, "country_iso": "MEX"}, {"h3index": "876d2a155ffffff", "population_2015": 3830.452271028594, "total_built_mass_tons": 1060589.3751478735, "city_id": 252, "country_iso": "MEX"}, {"h3index": "876d2a156ffffff", "population_2015": 3830.015070904002, "total_built_mass_tons": 312913.98308704945, "city_id": 252, "country_iso": "MEX"}, {"h3index": "876d2a162ffffff", "population_2015": 2005.3831312273064, "total_built_mass_tons": 232563.17805044173, "city_id": 252, "country_iso": "MEX"}, {"h3index": "876d2a170ffffff", "population_2015": 16222.00319199843, "total_built_mass_tons": 2210706.750844459, "city_id": 252, "country_iso": "MEX"}, {"h3index": "876d2a171ffffff", "population_2015": 31480.842588348023, "total_built_mass_tons": 4263884.966621726, "city_id": 252, "country_iso": "MEX"}, {"h3index": "876d2a172ffffff", "population_2015": 1781.4570691052609, "total_built_mass_tons": 238092.171693648, "city_id": 252, "country_iso": "MEX"}, {"h3index": "876d2a173ffffff", "population_2015": 20425.28254955048, "total_built_mass_tons": 2581388.90055832, "city_id": 252, "country_iso": "MEX"}, {"h3index": "876d2a174ffffff", "population_2015": 5773.047818663542, "total_built_mass_tons": 577875.0334923865, "city_id": 252, "country_iso": "MEX"}, {"h3index": "876d2a175ffffff", "population_2015": 25465.73744872972, "total_built_mass_tons": 2892304.081300327, "city_id": 252, "country_iso": "MEX"}, {"h3index": "876d2a8dbffffff", "population_2015": 3655.0471902118006, "total_built_mass_tons": 354782.0576093086, "city_id": 252, "country_iso": "MEX"}]