[{"h3index": "87194e741ffffff", "population_2015": 1635.9641398275603, "total_built_mass_tons": 1771167.999395189, "city_id": 1978, "country_iso": "GBR"}, {"h3index": "87194e743ffffff", "population_2015": 724.2660112717572, "total_built_mass_tons": 1805288.0896728693, "city_id": 1978, "country_iso": "GBR"}, {"h3index": "87194e748ffffff", "population_2015": 1558.427664345386, "total_built_mass_tons": 593131.3847506325, "city_id": 1978, "country_iso": "GBR"}, {"h3index": "87194e74affffff", "population_2015": 6640.834154264484, "total_built_mass_tons": 1371750.4199330823, "city_id": 1978, "country_iso": "GBR"}, {"h3index": "87194e74cffffff", "population_2015": 5197.735986017014, "total_built_mass_tons": 1225072.895403672, "city_id": 1978, "country_iso": "GBR"}, {"h3index": "87194e74effffff", "population_2015": 19351.815464475123, "total_built_mass_tons": 3543937.2262051464, "city_id": 1978, "country_iso": "GBR"}, {"h3index": "87194e758ffffff", "population_2015": 17363.798107871586, "total_built_mass_tons": 3493666.0055426527, "city_id": 1978, "country_iso": "GBR"}, {"h3index": "87194e759ffffff", "population_2015": 1441.4082987486142, "total_built_mass_tons": 374490.29946123215, "city_id": 1978, "country_iso": "GBR"}, {"h3index": "87194e75affffff", "population_2015": 4005.024134532611, "total_built_mass_tons": 989309.3646251676, "city_id": 1978, "country_iso": "GBR"}, {"h3index": "87194e75bffffff", "population_2015": 716.4955190134983, "total_built_mass_tons": 181007.4671313622, "city_id": 1978, "country_iso": "GBR"}, {"h3index": "87194e75cffffff", "population_2015": 3393.3402775677982, "total_built_mass_tons": 1516609.521125303, "city_id": 1978, "country_iso": "GBR"}, {"h3index": "87194e75dffffff", "population_2015": 12916.638859169858, "total_built_mass_tons": 3815862.403351656, "city_id": 1978, "country_iso": "GBR"}, {"h3index": "87194e75effffff", "population_2015": 1279.794941628213, "total_built_mass_tons": 548934.4651356711, "city_id": 1978, "country_iso": "GBR"}, {"h3index": "87194e76affffff", "population_2015": 1.049828797228196, "total_built_mass_tons": 3470.0576419839113, "city_id": 1978, "country_iso": "GBR"}]