[{"h3index": "8741ae200ffffff", "population_2015": 626.3259174468469, "total_built_mass_tons": 174724.9027972091, "city_id": 12294, "country_iso": "CHN"}, {"h3index": "8741ae204ffffff", "population_2015": 25625.827822796964, "total_built_mass_tons": 3962317.864000938, "city_id": 12294, "country_iso": "CHN"}, {"h3index": "8741ae205ffffff", "population_2015": 2190.861273306492, "total_built_mass_tons": 538798.2577535328, "city_id": 12294, "country_iso": "CHN"}, {"h3index": "8741ae206ffffff", "population_2015": 22482.43118499167, "total_built_mass_tons": 6023370.618462317, "city_id": 12294, "country_iso": "CHN"}, {"h3index": "8741ae214ffffff", "population_2015": 185.1634190166698, "total_built_mass_tons": 59278.79863224733, "city_id": 12294, "country_iso": "CHN"}, {"h3index": "8741ae220ffffff", "population_2015": 24.64287150981379, "total_built_mass_tons": 64827.02333790294, "city_id": 12294, "country_iso": "CHN"}, {"h3index": "8741ae221ffffff", "population_2015": 1.846678883889142, "total_built_mass_tons": 7535.779110946025, "city_id": 12294, "country_iso": "CHN"}, {"h3index": "8741ae222ffffff", "population_2015": 5913.112683186111, "total_built_mass_tons": 1185684.088733957, "city_id": 12294, "country_iso": "CHN"}, {"h3index": "8741ae223ffffff", "population_2015": 42.401295331295806, "total_built_mass_tons": 139810.68869296194, "city_id": 12294, "country_iso": "CHN"}, {"h3index": "8741ae230ffffff", "population_2015": 3380.6394571313667, "total_built_mass_tons": 558769.3383810022, "city_id": 12294, "country_iso": "CHN"}, {"h3index": "8741ae231ffffff", "population_2015": 46405.829726222, "total_built_mass_tons": 6459441.050853811, "city_id": 12294, "country_iso": "CHN"}, {"h3index": "8741ae232ffffff", "population_2015": 4403.161979543461, "total_built_mass_tons": 867832.4394447327, "city_id": 12294, "country_iso": "CHN"}, {"h3index": "8741ae233ffffff", "population_2015": 19092.139889060752, "total_built_mass_tons": 2734064.9456839394, "city_id": 12294, "country_iso": "CHN"}, {"h3index": "8741ae235ffffff", "population_2015": 690.608294352363, "total_built_mass_tons": 133589.5840450924, "city_id": 12294, "country_iso": "CHN"}, {"h3index": "8741ae236ffffff", "population_2015": 9.53133888431624, "total_built_mass_tons": 7567.694932903754, "city_id": 12294, "country_iso": "CHN"}]