[{"h3index": "8740f2090ffffff", "population_2015": 484.4784778950262, "total_built_mass_tons": 685159.2658548787, "city_id": 10397, "country_iso": "CHN"}, {"h3index": "8740f2092ffffff", "population_2015": 40824.96064066794, "total_built_mass_tons": 9717199.79047831, "city_id": 10397, "country_iso": "CHN"}, {"h3index": "8740f2093ffffff", "population_2015": 5547.270994831067, "total_built_mass_tons": 2002011.1240808975, "city_id": 10397, "country_iso": "CHN"}, {"h3index": "8740f2096ffffff", "population_2015": 1050.1570002892438, "total_built_mass_tons": 2424775.0020936774, "city_id": 10397, "country_iso": "CHN"}, {"h3index": "8740f2440ffffff", "population_2015": 3.7077603340148926, "total_built_mass_tons": 10534.212007862345, "city_id": 10397, "country_iso": "CHN"}, {"h3index": "8740f2441ffffff", "population_2015": 276.60295537873816, "total_built_mass_tons": 143958.3671738324, "city_id": 10397, "country_iso": "CHN"}, {"h3index": "8740f2444ffffff", "population_2015": 569.7191688911588, "total_built_mass_tons": 404469.99755920685, "city_id": 10397, "country_iso": "CHN"}, {"h3index": "8740f2445ffffff", "population_2015": 2984.7246163751565, "total_built_mass_tons": 737342.5162973034, "city_id": 10397, "country_iso": "CHN"}, {"h3index": "8740f244cffffff", "population_2015": 5.516728173985201, "total_built_mass_tons": 9158.68830760088, "city_id": 10397, "country_iso": "CHN"}, {"h3index": "8740f2460ffffff", "population_2015": 1886.966203371684, "total_built_mass_tons": 1082673.2803712888, "city_id": 10397, "country_iso": "CHN"}, {"h3index": "8740f2461ffffff", "population_2015": 40591.64264905779, "total_built_mass_tons": 4812966.079353514, "city_id": 10397, "country_iso": "CHN"}, {"h3index": "8740f2463ffffff", "population_2015": 2201.4749330445834, "total_built_mass_tons": 734508.4196301772, "city_id": 10397, "country_iso": "CHN"}, {"h3index": "8740f2464ffffff", "population_2015": 392.7708553753646, "total_built_mass_tons": 301139.5323934773, "city_id": 10397, "country_iso": "CHN"}, {"h3index": "8740f2465ffffff", "population_2015": 64790.888958594405, "total_built_mass_tons": 5652104.81171901, "city_id": 10397, "country_iso": "CHN"}, {"h3index": "8740f2468ffffff", "population_2015": 7580.198293958926, "total_built_mass_tons": 1099575.2894684346, "city_id": 10397, "country_iso": "CHN"}, {"h3index": "8740f2469ffffff", "population_2015": 1.7888786222420483, "total_built_mass_tons": 5015.673807973393, "city_id": 10397, "country_iso": "CHN"}, {"h3index": "8740f246affffff", "population_2015": 13845.478714565204, "total_built_mass_tons": 1677321.9880304672, "city_id": 10397, "country_iso": "CHN"}, {"h3index": "8740f246bffffff", "population_2015": 115.9292429297578, "total_built_mass_tons": 139916.6204095994, "city_id": 10397, "country_iso": "CHN"}, {"h3index": "8740f246cffffff", "population_2015": 45371.607146696966, "total_built_mass_tons": 4525173.527345696, "city_id": 10397, "country_iso": "CHN"}, {"h3index": "8740f246dffffff", "population_2015": 2291.5679770516417, "total_built_mass_tons": 740431.240847041, "city_id": 10397, "country_iso": "CHN"}, {"h3index": "8740f246effffff", "population_2015": 13192.135786381888, "total_built_mass_tons": 1620000.341199828, "city_id": 10397, "country_iso": "CHN"}, {"h3index": "8740f254bffffff", "population_2015": 2.8067065669041056, "total_built_mass_tons": 10357.187536057343, "city_id": 10397, "country_iso": "CHN"}]