[{"h3index":"8724eec88ffffff","population_2015":703.2742986515,"total_built_mass_tons":843327.7168779412,"city_id":10115,"country_iso":"CHN"},{"h3index":"8724eec89ffffff","population_2015":15644.3070333682,"total_built_mass_tons":3649620.6400862751,"city_id":10115,"country_iso":"CHN"},{"h3index":"8724eec8bffffff","population_2015":239.5347385743,"total_built_mass_tons":591417.392957102,"city_id":10115,"country_iso":"CHN"},{"h3index":"8724eec8dffffff","population_2015":3123.6343220112,"total_built_mass_tons":2050186.9188568497,"city_id":10115,"country_iso":"CHN"},{"h3index":"8724eecc0ffffff","population_2015":4.2567679985,"total_built_mass_tons":22007.1644113507,"city_id":10115,"country_iso":"CHN"},{"h3index":"8724eecc2ffffff","population_2015":1547.7917446548,"total_built_mass_tons":514179.2335944077,"city_id":10115,"country_iso":"CHN"},{"h3index":"8724eecc4ffffff","population_2015":0.3067941369,"total_built_mass_tons":5507.954081278,"city_id":10115,"country_iso":"CHN"},{"h3index":"8724eecc6ffffff","population_2015":4819.1544835418,"total_built_mass_tons":1980809.956440829,"city_id":10115,"country_iso":"CHN"},{"h3index":"8724eecd0ffffff","population_2015":2403.8345450252,"total_built_mass_tons":960801.2464023078,"city_id":10115,"country_iso":"CHN"},{"h3index":"8724eecd4ffffff","population_2015":36918.486085039,"total_built_mass_tons":7548245.222704079,"city_id":10115,"country_iso":"CHN"},{"h3index":"8724eecd5ffffff","population_2015":12643.7087444923,"total_built_mass_tons":4005835.2659025579,"city_id":10115,"country_iso":"CHN"},{"h3index":"8724eecd6ffffff","population_2015":6095.0024494349,"total_built_mass_tons":2026012.6607184431,"city_id":10115,"country_iso":"CHN"},{"h3index":"8724eecf0ffffff","population_2015":13669.5092014986,"total_built_mass_tons":1611462.1052756566,"city_id":10115,"country_iso":"CHN"},{"h3index":"8724eecf1ffffff","population_2015":655.3093061592,"total_built_mass_tons":307819.805363788,"city_id":10115,"country_iso":"CHN"},{"h3index":"8724eecf2ffffff","population_2015":46993.8571939393,"total_built_mass_tons":4796528.4119273182,"city_id":10115,"country_iso":"CHN"},{"h3index":"8724eecf3ffffff","population_2015":32368.8461987028,"total_built_mass_tons":6320828.4037710167,"city_id":10115,"country_iso":"CHN"},{"h3index":"8724eecf4ffffff","population_2015":8.3222020766,"total_built_mass_tons":63136.856541564,"city_id":10115,"country_iso":"CHN"},{"h3index":"8724eecf5ffffff","population_2015":1175.2536281174,"total_built_mass_tons":228353.9438568968,"city_id":10115,"country_iso":"CHN"},{"h3index":"8724eecf6ffffff","population_2015":2490.7456236152,"total_built_mass_tons":375751.8177184174,"city_id":10115,"country_iso":"CHN"}]