[{"h3index":"87408b849ffffff","population_2015":2697.5913673233,"total_built_mass_tons":927918.9653418596,"city_id":10377,"country_iso":"CHN"},{"h3index":"87408b84cffffff","population_2015":5167.3512076771,"total_built_mass_tons":1303390.8373843585,"city_id":10377,"country_iso":"CHN"},{"h3index":"87408b84dffffff","population_2015":20360.7200680995,"total_built_mass_tons":4629966.7756744707,"city_id":10377,"country_iso":"CHN"},{"h3index":"87408b86affffff","population_2015":236.0883326301,"total_built_mass_tons":213074.4203717594,"city_id":10377,"country_iso":"CHN"},{"h3index":"87408b86bffffff","population_2015":4058.4469750161,"total_built_mass_tons":1248797.2421883154,"city_id":10377,"country_iso":"CHN"},{"h3index":"87408bb14ffffff","population_2015":707.5932195832,"total_built_mass_tons":500045.5702909572,"city_id":10377,"country_iso":"CHN"},{"h3index":"87408bb30ffffff","population_2015":453.5593365707,"total_built_mass_tons":335770.5845037627,"city_id":10377,"country_iso":"CHN"},{"h3index":"87408bb32ffffff","population_2015":7674.0788172741,"total_built_mass_tons":2138004.7634488815,"city_id":10377,"country_iso":"CHN"},{"h3index":"87408bb33ffffff","population_2015":791.6681497415,"total_built_mass_tons":816591.1173876184,"city_id":10377,"country_iso":"CHN"},{"h3index":"87408bb36ffffff","population_2015":3299.0429138628,"total_built_mass_tons":999209.0542162432,"city_id":10377,"country_iso":"CHN"}]