[{"h3index": "87319e634ffffff", "population_2015": 2.3496777216593423, "total_built_mass_tons": 6574.244566957075, "city_id": 10925, "country_iso": "CHN"}, {"h3index": "87319e780ffffff", "population_2015": 8946.213690026132, "total_built_mass_tons": 4481869.187640442, "city_id": 10925, "country_iso": "CHN"}, {"h3index": "87319e781ffffff", "population_2015": 1546.7622634962493, "total_built_mass_tons": 1148305.4256846642, "city_id": 10925, "country_iso": "CHN"}, {"h3index": "87319e782ffffff", "population_2015": 8720.506640866226, "total_built_mass_tons": 2435665.481474514, "city_id": 10925, "country_iso": "CHN"}, {"h3index": "87319e783ffffff", "population_2015": 7823.4265708166, "total_built_mass_tons": 2184126.387611147, "city_id": 10925, "country_iso": "CHN"}, {"h3index": "87319e785ffffff", "population_2015": 363.07255024395744, "total_built_mass_tons": 332574.4881886491, "city_id": 10925, "country_iso": "CHN"}, {"h3index": "87319e786ffffff", "population_2015": 2085.118785712298, "total_built_mass_tons": 1846923.445722276, "city_id": 10925, "country_iso": "CHN"}, {"h3index": "87319e788ffffff", "population_2015": 799.3315604929829, "total_built_mass_tons": 818034.7256944617, "city_id": 10925, "country_iso": "CHN"}, {"h3index": "87319e789ffffff", "population_2015": 2276.929994786019, "total_built_mass_tons": 956592.9860410884, "city_id": 10925, "country_iso": "CHN"}, {"h3index": "87319e78affffff", "population_2015": 1199.1360511368396, "total_built_mass_tons": 336269.120792402, "city_id": 10925, "country_iso": "CHN"}, {"h3index": "87319e78bffffff", "population_2015": 1.7531627879423253, "total_built_mass_tons": 1198.4024110470257, "city_id": 10925, "country_iso": "CHN"}, {"h3index": "87319e78cffffff", "population_2015": 1723.225152501873, "total_built_mass_tons": 978606.1906042608, "city_id": 10925, "country_iso": "CHN"}, {"h3index": "87319e78dffffff", "population_2015": 167.91571153378953, "total_built_mass_tons": 169566.47101763243, "city_id": 10925, "country_iso": "CHN"}, {"h3index": "87319e78effffff", "population_2015": 5103.725195751003, "total_built_mass_tons": 1271782.572097529, "city_id": 10925, "country_iso": "CHN"}, {"h3index": "87319e790ffffff", "population_2015": 2212.2474471223127, "total_built_mass_tons": 1067788.669946514, "city_id": 10925, "country_iso": "CHN"}, {"h3index": "87319e791ffffff", "population_2015": 2273.332314293992, "total_built_mass_tons": 572372.908377198, "city_id": 10925, "country_iso": "CHN"}, {"h3index": "87319e792ffffff", "population_2015": 23.417205442166793, "total_built_mass_tons": 14550.297555293906, "city_id": 10925, "country_iso": "CHN"}, {"h3index": "87319e794ffffff", "population_2015": 6.3430458517635575, "total_built_mass_tons": 2434.2050071924355, "city_id": 10925, "country_iso": "CHN"}, {"h3index": "87319e795ffffff", "population_2015": 3354.6785914051775, "total_built_mass_tons": 1784662.2863695722, "city_id": 10925, "country_iso": "CHN"}, {"h3index": "87319e79cffffff", "population_2015": 8.596968542360791, "total_built_mass_tons": 8276.35364978297, "city_id": 10925, "country_iso": "CHN"}, {"h3index": "87319e79dffffff", "population_2015": 1546.571471446168, "total_built_mass_tons": 245748.65909004048, "city_id": 10925, "country_iso": "CHN"}, {"h3index": "87319e7a9ffffff", "population_2015": 640.3280705685711, "total_built_mass_tons": 398507.6163100467, "city_id": 10925, "country_iso": "CHN"}, {"h3index": "87319e7aaffffff", "population_2015": 227.65473308002245, "total_built_mass_tons": 86204.23016866395, "city_id": 10925, "country_iso": "CHN"}, {"h3index": "87319e7abffffff", "population_2015": 1733.3214800516764, "total_built_mass_tons": 1191212.9946628294, "city_id": 10925, "country_iso": "CHN"}, {"h3index": "87319e7b3ffffff", "population_2015": 111.05662064552308, "total_built_mass_tons": 100039.63250443562, "city_id": 10925, "country_iso": "CHN"}]