[{"h3index": "87311a800ffffff", "population_2015": 11550.451972962825, "total_built_mass_tons": 1501176.9475029344, "city_id": 10801, "country_iso": "CHN"}, {"h3index": "87311a801ffffff", "population_2015": 5589.032071536194, "total_built_mass_tons": 3592045.551404255, "city_id": 10801, "country_iso": "CHN"}, {"h3index": "87311a802ffffff", "population_2015": 1270.707894221942, "total_built_mass_tons": 1686031.188098017, "city_id": 10801, "country_iso": "CHN"}, {"h3index": "87311a803ffffff", "population_2015": 11106.352504375867, "total_built_mass_tons": 5907488.442446594, "city_id": 10801, "country_iso": "CHN"}, {"h3index": "87311a804ffffff", "population_2015": 1582.5769462361056, "total_built_mass_tons": 413838.8067231116, "city_id": 10801, "country_iso": "CHN"}, {"h3index": "87311a806ffffff", "population_2015": 6375.518779855617, "total_built_mass_tons": 1248855.172837282, "city_id": 10801, "country_iso": "CHN"}, {"h3index": "87311a80cffffff", "population_2015": 845.7355562158658, "total_built_mass_tons": 1551118.0444026282, "city_id": 10801, "country_iso": "CHN"}, {"h3index": "87311a80effffff", "population_2015": 6883.025283185174, "total_built_mass_tons": 3521507.778818016, "city_id": 10801, "country_iso": "CHN"}, {"h3index": "87311a811ffffff", "population_2015": 2486.4918824312726, "total_built_mass_tons": 1254131.059555965, "city_id": 10801, "country_iso": "CHN"}, {"h3index": "87311a815ffffff", "population_2015": 4.797898475796568, "total_built_mass_tons": 2231.6632294304077, "city_id": 10801, "country_iso": "CHN"}, {"h3index": "87311a818ffffff", "population_2015": 24.942564711851233, "total_built_mass_tons": 36253.18670975583, "city_id": 10801, "country_iso": "CHN"}, {"h3index": "87311a81cffffff", "population_2015": 2109.1211102279963, "total_built_mass_tons": 1271254.8217009488, "city_id": 10801, "country_iso": "CHN"}, {"h3index": "87311a81dffffff", "population_2015": 1779.7828495081728, "total_built_mass_tons": 520928.5972664639, "city_id": 10801, "country_iso": "CHN"}, {"h3index": "87311a829ffffff", "population_2015": 2.854169490290623, "total_built_mass_tons": 9672.943720605308, "city_id": 10801, "country_iso": "CHN"}, {"h3index": "87311a82affffff", "population_2015": 518.6010574443668, "total_built_mass_tons": 689261.6397700384, "city_id": 10801, "country_iso": "CHN"}, {"h3index": "87311a82bffffff", "population_2015": 713.64172503247, "total_built_mass_tons": 954715.5588118178, "city_id": 10801, "country_iso": "CHN"}, {"h3index": "87311a831ffffff", "population_2015": 125.29796224855907, "total_built_mass_tons": 45775.99138510565, "city_id": 10801, "country_iso": "CHN"}, {"h3index": "87311a833ffffff", "population_2015": 4.9732819257998, "total_built_mass_tons": 2367.5954420773387, "city_id": 10801, "country_iso": "CHN"}]