[{"h3index":"873cf4256ffffff","population_2015":17.1406373978,"total_built_mass_tons":11337.2727941536,"city_id":9685,"country_iso":"IND"},{"h3index":"873cf42e0ffffff","population_2015":8.1837100983,"total_built_mass_tons":8246.6924277017,"city_id":9685,"country_iso":"IND"},{"h3index":"873cf42e1ffffff","population_2015":45.7855796814,"total_built_mass_tons":17677.8438066415,"city_id":9685,"country_iso":"IND"},{"h3index":"873cf42e3ffffff","population_2015":21.3050584793,"total_built_mass_tons":21563.8227393453,"city_id":9685,"country_iso":"IND"}]