[{"h3index":"872aa8540ffffff","population_2015":5738.8607149367,"total_built_mass_tons":1334210.1410573944,"city_id":874,"country_iso":"USA"},{"h3index":"872aa8541ffffff","population_2015":1909.0772234423,"total_built_mass_tons":577031.937256671,"city_id":874,"country_iso":"USA"},{"h3index":"872aa8544ffffff","population_2015":9253.9912008931,"total_built_mass_tons":2882641.9922343888,"city_id":874,"country_iso":"USA"},{"h3index":"872aa8545ffffff","population_2015":1297.7150050722,"total_built_mass_tons":278772.1780947836,"city_id":874,"country_iso":"USA"},{"h3index":"872aa8546ffffff","population_2015":5018.2581865571,"total_built_mass_tons":1495224.2695759677,"city_id":874,"country_iso":"USA"},{"h3index":"872aa8562ffffff","population_2015":3074.851672856,"total_built_mass_tons":1846146.5627840185,"city_id":874,"country_iso":"USA"},{"h3index":"872aa8564ffffff","population_2015":56.4487343345,"total_built_mass_tons":2295955.2207640521,"city_id":874,"country_iso":"USA"},{"h3index":"872aa8566ffffff","population_2015":3914.310358711,"total_built_mass_tons":2042475.072614332,"city_id":874,"country_iso":"USA"},{"h3index":"872aa856affffff","population_2015":19.8240157941,"total_built_mass_tons":13494.1562702413,"city_id":874,"country_iso":"USA"},{"h3index":"872aa8570ffffff","population_2015":71.8188092723,"total_built_mass_tons":52458.8598455432,"city_id":874,"country_iso":"USA"},{"h3index":"872aa8571ffffff","population_2015":8680.6858120981,"total_built_mass_tons":2329125.425448434,"city_id":874,"country_iso":"USA"},{"h3index":"872aa8573ffffff","population_2015":925.1594607893,"total_built_mass_tons":392608.1327902777,"city_id":874,"country_iso":"USA"},{"h3index":"872aa8575ffffff","population_2015":6356.0990185511,"total_built_mass_tons":1456964.2278553627,"city_id":874,"country_iso":"USA"},{"h3index":"872aa8cc8ffffff","population_2015":0.0077509282,"total_built_mass_tons":1108.2691707283,"city_id":874,"country_iso":"USA"},{"h3index":"872aa8ccaffffff","population_2015":1646.1578628246,"total_built_mass_tons":2339585.2474432122,"city_id":874,"country_iso":"USA"},{"h3index":"872aa8ccbffffff","population_2015":555.7741368703,"total_built_mass_tons":125500.4133284726,"city_id":874,"country_iso":"USA"},{"h3index":"872aa8cd9ffffff","population_2015":2237.8297823601,"total_built_mass_tons":2132126.2034175647,"city_id":874,"country_iso":"USA"},{"h3index":"872aa8cdbffffff","population_2015":1391.2407627997,"total_built_mass_tons":561762.8903716124,"city_id":874,"country_iso":"USA"},{"h3index":"872aa8cddffffff","population_2015":797.7829466382,"total_built_mass_tons":1297943.6995994556,"city_id":874,"country_iso":"USA"}]