[{"h3index": "87252605affffff", "population_2015": 800.0416246432883, "total_built_mass_tons": 575709.4489068252, "city_id": 6376, "country_iso": "RUS"}, {"h3index": "8725260c1ffffff", "population_2015": 3013.630757464613, "total_built_mass_tons": 2071952.1232552903, "city_id": 6376, "country_iso": "RUS"}, {"h3index": "8725260c3ffffff", "population_2015": 480.55019205411287, "total_built_mass_tons": 528984.3606322801, "city_id": 6376, "country_iso": "RUS"}, {"h3index": "8725260ccffffff", "population_2015": 8181.0551759757245, "total_built_mass_tons": 4853159.797807876, "city_id": 6376, "country_iso": "RUS"}, {"h3index": "8725260cdffffff", "population_2015": 5047.643761638567, "total_built_mass_tons": 2896193.582896504, "city_id": 6376, "country_iso": "RUS"}, {"h3index": "8725260ceffffff", "population_2015": 1162.8219120091085, "total_built_mass_tons": 890457.5209508697, "city_id": 6376, "country_iso": "RUS"}, {"h3index": "8725260e8ffffff", "population_2015": 2592.815562085545, "total_built_mass_tons": 1843371.099270401, "city_id": 6376, "country_iso": "RUS"}, {"h3index": "8725260e9ffffff", "population_2015": 16817.95223156985, "total_built_mass_tons": 5726901.767389756, "city_id": 6376, "country_iso": "RUS"}, {"h3index": "8725260eaffffff", "population_2015": 5862.948554953407, "total_built_mass_tons": 4921029.760432072, "city_id": 6376, "country_iso": "RUS"}, {"h3index": "8725260ebffffff", "population_2015": 19103.89351402544, "total_built_mass_tons": 7708598.25260585, "city_id": 6376, "country_iso": "RUS"}, {"h3index": "8725263b0ffffff", "population_2015": 1649.2137841056383, "total_built_mass_tons": 686838.6083995055, "city_id": 6376, "country_iso": "RUS"}, {"h3index": "8725263b2ffffff", "population_2015": 597.3224015329398, "total_built_mass_tons": 290256.7676171827, "city_id": 6376, "country_iso": "RUS"}, {"h3index": "8725263b4ffffff", "population_2015": 7798.519200577455, "total_built_mass_tons": 3421722.5000518607, "city_id": 6376, "country_iso": "RUS"}, {"h3index": "8725263b6ffffff", "population_2015": 21626.4336836684, "total_built_mass_tons": 7848467.278294294, "city_id": 6376, "country_iso": "RUS"}]