[{"h3index": "87195d820ffffff", "population_2015": 11691.605320526573, "total_built_mass_tons": 2296019.970314351, "city_id": 1923, "country_iso": "GBR"}, {"h3index": "87195d821ffffff", "population_2015": 907.1454604036668, "total_built_mass_tons": 430694.3118046608, "city_id": 1923, "country_iso": "GBR"}, {"h3index": "87195d823ffffff", "population_2015": 2345.3156054949054, "total_built_mass_tons": 1083321.4153767067, "city_id": 1923, "country_iso": "GBR"}, {"h3index": "87195d824ffffff", "population_2015": 14268.172128183234, "total_built_mass_tons": 2986059.9710295983, "city_id": 1923, "country_iso": "GBR"}, {"h3index": "87195d825ffffff", "population_2015": 14650.895646029823, "total_built_mass_tons": 3893796.0429236386, "city_id": 1923, "country_iso": "GBR"}, {"h3index": "87195d826ffffff", "population_2015": 12.02093521192962, "total_built_mass_tons": 7887.267862368742, "city_id": 1923, "country_iso": "GBR"}, {"h3index": "87195d908ffffff", "population_2015": 5559.46539259331, "total_built_mass_tons": 1316884.2768834394, "city_id": 1923, "country_iso": "GBR"}, {"h3index": "87195d909ffffff", "population_2015": 7204.885392141808, "total_built_mass_tons": 2035838.4011228443, "city_id": 1923, "country_iso": "GBR"}, {"h3index": "87195d90affffff", "population_2015": 3764.1483015670497, "total_built_mass_tons": 908989.5898178432, "city_id": 1923, "country_iso": "GBR"}, {"h3index": "87195d90bffffff", "population_2015": 13787.23292916943, "total_built_mass_tons": 3382406.2529012654, "city_id": 1923, "country_iso": "GBR"}, {"h3index": "87195d90dffffff", "population_2015": 13.654192407458437, "total_built_mass_tons": 11340.356018426735, "city_id": 1923, "country_iso": "GBR"}, {"h3index": "87195d90effffff", "population_2015": 153.45857992733224, "total_built_mass_tons": 46910.47622796701, "city_id": 1923, "country_iso": "GBR"}, {"h3index": "87195d952ffffff", "population_2015": 1865.5645968261888, "total_built_mass_tons": 471901.7576855639, "city_id": 1923, "country_iso": "GBR"}, {"h3index": "87195d956ffffff", "population_2015": 2745.9089001473267, "total_built_mass_tons": 846985.0956795858, "city_id": 1923, "country_iso": "GBR"}]