[{"h3index":"871595340ffffff","population_2015":6857.9972850393,"total_built_mass_tons":3534778.1282659457,"city_id":10109,"country_iso":"CHN"},{"h3index":"871595342ffffff","population_2015":251.5345662435,"total_built_mass_tons":248091.5273062678,"city_id":10109,"country_iso":"CHN"},{"h3index":"871595343ffffff","population_2015":5.2476859121,"total_built_mass_tons":7723.4861910709,"city_id":10109,"country_iso":"CHN"},{"h3index":"871595344ffffff","population_2015":26201.645683901,"total_built_mass_tons":6660833.5884311758,"city_id":10109,"country_iso":"CHN"},{"h3index":"871595345ffffff","population_2015":2231.2964635868,"total_built_mass_tons":542495.2485108711,"city_id":10109,"country_iso":"CHN"},{"h3index":"871595346ffffff","population_2015":6658.8205552251,"total_built_mass_tons":3051436.2487466899,"city_id":10109,"country_iso":"CHN"},{"h3index":"871595362ffffff","population_2015":2530.8533933583,"total_built_mass_tons":1637757.3151957584,"city_id":10109,"country_iso":"CHN"},{"h3index":"871595363ffffff","population_2015":1191.4744746367,"total_built_mass_tons":943690.6571530824,"city_id":10109,"country_iso":"CHN"},{"h3index":"871595370ffffff","population_2015":125.588014741,"total_built_mass_tons":9511.5000365669,"city_id":10109,"country_iso":"CHN"},{"h3index":"871595371ffffff","population_2015":7927.1862118815,"total_built_mass_tons":3295864.9849490179,"city_id":10109,"country_iso":"CHN"},{"h3index":"871595374ffffff","population_2015":2.4650476858,"total_built_mass_tons":3255.3158750311,"city_id":10109,"country_iso":"CHN"},{"h3index":"871595375ffffff","population_2015":630.8261653349,"total_built_mass_tons":595720.2214226568,"city_id":10109,"country_iso":"CHN"}]