[{"h3index":"87b262da0ffffff","population_2015":4396.0189027356,"total_built_mass_tons":967492.572054463,"city_id":1010,"country_iso":"ARG"},{"h3index":"87b262da2ffffff","population_2015":6914.6357530482,"total_built_mass_tons":1515405.8856842034,"city_id":1010,"country_iso":"ARG"},{"h3index":"87b262da4ffffff","population_2015":6070.9846476013,"total_built_mass_tons":1195213.1450425636,"city_id":1010,"country_iso":"ARG"},{"h3index":"87b262da5ffffff","population_2015":84.4080358019,"total_built_mass_tons":58758.2188283646,"city_id":1010,"country_iso":"ARG"},{"h3index":"87b262da6ffffff","population_2015":16509.4462920694,"total_built_mass_tons":3233828.2065410959,"city_id":1010,"country_iso":"ARG"},{"h3index":"87b262db1ffffff","population_2015":418.1766915265,"total_built_mass_tons":114992.0361423465,"city_id":1010,"country_iso":"ARG"},{"h3index":"87b262db4ffffff","population_2015":3191.6835372738,"total_built_mass_tons":789274.161660749,"city_id":1010,"country_iso":"ARG"},{"h3index":"87b262db5ffffff","population_2015":7024.2185475293,"total_built_mass_tons":1853326.0728610272,"city_id":1010,"country_iso":"ARG"},{"h3index":"87b275a40ffffff","population_2015":13313.8044839784,"total_built_mass_tons":3120463.4575111857,"city_id":1010,"country_iso":"ARG"},{"h3index":"87b275a41ffffff","population_2015":4460.2752139671,"total_built_mass_tons":1188313.487815575,"city_id":1010,"country_iso":"ARG"},{"h3index":"87b275a42ffffff","population_2015":4833.0370622934,"total_built_mass_tons":1082665.5574207937,"city_id":1010,"country_iso":"ARG"},{"h3index":"87b275a43ffffff","population_2015":6439.5058221667,"total_built_mass_tons":1814709.1127721816,"city_id":1010,"country_iso":"ARG"},{"h3index":"87b275a44ffffff","population_2015":1448.1826077817,"total_built_mass_tons":496939.998001557,"city_id":1010,"country_iso":"ARG"},{"h3index":"87b275a45ffffff","population_2015":6905.2108388789,"total_built_mass_tons":1842212.7555263769,"city_id":1010,"country_iso":"ARG"},{"h3index":"87b275a46ffffff","population_2015":553.2928268246,"total_built_mass_tons":134822.054371346,"city_id":1010,"country_iso":"ARG"},{"h3index":"87b275a4affffff","population_2015":374.8031189414,"total_built_mass_tons":67796.2893204235,"city_id":1010,"country_iso":"ARG"},{"h3index":"87b275a4effffff","population_2015":634.1734478558,"total_built_mass_tons":146023.6999228298,"city_id":1010,"country_iso":"ARG"},{"h3index":"87b275a50ffffff","population_2015":170.9246210771,"total_built_mass_tons":48473.2087087644,"city_id":1010,"country_iso":"ARG"},{"h3index":"87b275a51ffffff","population_2015":3243.90321038,"total_built_mass_tons":790707.1458748188,"city_id":1010,"country_iso":"ARG"},{"h3index":"87b275a53ffffff","population_2015":1037.2303839366,"total_built_mass_tons":250416.2180709547,"city_id":1010,"country_iso":"ARG"},{"h3index":"87b275a58ffffff","population_2015":20479.8706100239,"total_built_mass_tons":4457304.4575136025,"city_id":1010,"country_iso":"ARG"},{"h3index":"87b275a59ffffff","population_2015":16773.1513014999,"total_built_mass_tons":3733669.2073353021,"city_id":1010,"country_iso":"ARG"},{"h3index":"87b275a5affffff","population_2015":9366.3930521423,"total_built_mass_tons":1977319.0446069392,"city_id":1010,"country_iso":"ARG"},{"h3index":"87b275a5bffffff","population_2015":14657.9723813936,"total_built_mass_tons":3143461.4538465152,"city_id":1010,"country_iso":"ARG"},{"h3index":"87b275a5cffffff","population_2015":6038.7794561685,"total_built_mass_tons":1162403.1771415689,"city_id":1010,"country_iso":"ARG"},{"h3index":"87b275a5dffffff","population_2015":5454.2207863004,"total_built_mass_tons":1215795.8801567482,"city_id":1010,"country_iso":"ARG"},{"h3index":"87b275a5effffff","population_2015":8492.2250255996,"total_built_mass_tons":1907081.3435478592,"city_id":1010,"country_iso":"ARG"},{"h3index":"87b275a6affffff","population_2015":47.3015646317,"total_built_mass_tons":14701.6480630635,"city_id":1010,"country_iso":"ARG"},{"h3index":"87b275a6effffff","population_2015":28.4603499244,"total_built_mass_tons":11470.3990144552,"city_id":1010,"country_iso":"ARG"},{"h3index":"87b275ae9ffffff","population_2015":1766.2638793235,"total_built_mass_tons":424693.8767809478,"city_id":1010,"country_iso":"ARG"}]