[{"h3index":"8724d2065ffffff","population_2015":17.2179046668,"total_built_mass_tons":16900.9662958146,"city_id":10122,"country_iso":"CHN"},{"h3index":"8724d2069ffffff","population_2015":419.0326181599,"total_built_mass_tons":107645.2035373103,"city_id":10122,"country_iso":"CHN"},{"h3index":"8724d206dffffff","population_2015":9223.7872688742,"total_built_mass_tons":645126.5431273014,"city_id":10122,"country_iso":"CHN"},{"h3index":"8724d2140ffffff","population_2015":20.9978894491,"total_built_mass_tons":42814.4376644081,"city_id":10122,"country_iso":"CHN"},{"h3index":"8724d2141ffffff","population_2015":1471.158136602,"total_built_mass_tons":2972505.8096811832,"city_id":10122,"country_iso":"CHN"},{"h3index":"8724d2143ffffff","population_2015":0.9722549074,"total_built_mass_tons":1846.3168657182,"city_id":10122,"country_iso":"CHN"},{"h3index":"8724d2144ffffff","population_2015":14885.1566402398,"total_built_mass_tons":5563951.2006627964,"city_id":10122,"country_iso":"CHN"},{"h3index":"8724d2145ffffff","population_2015":8489.1812189598,"total_built_mass_tons":4101546.6779905339,"city_id":10122,"country_iso":"CHN"},{"h3index":"8724d2148ffffff","population_2015":8982.6118850269,"total_built_mass_tons":1560255.4567218944,"city_id":10122,"country_iso":"CHN"},{"h3index":"8724d2149ffffff","population_2015":45763.4537995357,"total_built_mass_tons":5503515.1236352688,"city_id":10122,"country_iso":"CHN"},{"h3index":"8724d214affffff","population_2015":469.5951672928,"total_built_mass_tons":194187.2573514942,"city_id":10122,"country_iso":"CHN"},{"h3index":"8724d214bffffff","population_2015":14561.6695682255,"total_built_mass_tons":1747527.9560556819,"city_id":10122,"country_iso":"CHN"},{"h3index":"8724d214cffffff","population_2015":18120.2535675652,"total_built_mass_tons":4182645.0900826561,"city_id":10122,"country_iso":"CHN"},{"h3index":"8724d214dffffff","population_2015":30784.0417719448,"total_built_mass_tons":5078854.4744872572,"city_id":10122,"country_iso":"CHN"},{"h3index":"8724d214effffff","population_2015":662.0582392649,"total_built_mass_tons":501616.751039149,"city_id":10122,"country_iso":"CHN"},{"h3index":"8724d2160ffffff","population_2015":12325.36512409,"total_built_mass_tons":5484086.024759355,"city_id":10122,"country_iso":"CHN"},{"h3index":"8724d2161ffffff","population_2015":953.0457006737,"total_built_mass_tons":989546.9889360454,"city_id":10122,"country_iso":"CHN"},{"h3index":"8724d2162ffffff","population_2015":23034.1240874945,"total_built_mass_tons":9784284.8907013722,"city_id":10122,"country_iso":"CHN"},{"h3index":"8724d2163ffffff","population_2015":62017.3914567886,"total_built_mass_tons":7167541.0362757435,"city_id":10122,"country_iso":"CHN"},{"h3index":"8724d2164ffffff","population_2015":4516.6260880367,"total_built_mass_tons":3568060.2572368123,"city_id":10122,"country_iso":"CHN"},{"h3index":"8724d2165ffffff","population_2015":936.6926468658,"total_built_mass_tons":1116470.5981597819,"city_id":10122,"country_iso":"CHN"},{"h3index":"8724d2166ffffff","population_2015":18331.1763420657,"total_built_mass_tons":7545452.0624152478,"city_id":10122,"country_iso":"CHN"},{"h3index":"8724d2168ffffff","population_2015":31285.0941328512,"total_built_mass_tons":4886956.1214405596,"city_id":10122,"country_iso":"CHN"},{"h3index":"8724d2169ffffff","population_2015":26966.7828722542,"total_built_mass_tons":2145042.1293342439,"city_id":10122,"country_iso":"CHN"},{"h3index":"8724d216affffff","population_2015":4672.7807757022,"total_built_mass_tons":3615011.8638279438,"city_id":10122,"country_iso":"CHN"},{"h3index":"8724d216bffffff","population_2015":26094.7127642931,"total_built_mass_tons":5771078.634394967,"city_id":10122,"country_iso":"CHN"},{"h3index":"8724d216cffffff","population_2015":1535.9901107311,"total_built_mass_tons":1687437.4201497436,"city_id":10122,"country_iso":"CHN"},{"h3index":"8724d216dffffff","population_2015":1070.8237190078,"total_built_mass_tons":135787.0136015826,"city_id":10122,"country_iso":"CHN"},{"h3index":"8724d216effffff","population_2015":3738.7354079971,"total_built_mass_tons":3261626.5134440595,"city_id":10122,"country_iso":"CHN"},{"h3index":"8724d2170ffffff","population_2015":181.2464968513,"total_built_mass_tons":35216.6361187197,"city_id":10122,"country_iso":"CHN"},{"h3index":"8724d2171ffffff","population_2015":47694.1807170382,"total_built_mass_tons":3058619.6691295891,"city_id":10122,"country_iso":"CHN"},{"h3index":"8724d2174ffffff","population_2015":0.8454769892,"total_built_mass_tons":2133.6484346054,"city_id":10122,"country_iso":"CHN"},{"h3index":"8724d2175ffffff","population_2015":10211.7183209066,"total_built_mass_tons":3732084.6705620401,"city_id":10122,"country_iso":"CHN"},{"h3index":"8724d2320ffffff","population_2015":6594.1242559283,"total_built_mass_tons":1719853.558775096,"city_id":10122,"country_iso":"CHN"},{"h3index":"8724d2321ffffff","population_2015":3803.0092409732,"total_built_mass_tons":958405.2491559442,"city_id":10122,"country_iso":"CHN"},{"h3index":"8724d2324ffffff","population_2015":106980.1532423338,"total_built_mass_tons":6370230.0481266659,"city_id":10122,"country_iso":"CHN"},{"h3index":"8724d2325ffffff","population_2015":17667.4978624493,"total_built_mass_tons":4388902.8486109339,"city_id":10122,"country_iso":"CHN"},{"h3index":"8724d2326ffffff","population_2015":30048.4742073545,"total_built_mass_tons":4330594.4056495931,"city_id":10122,"country_iso":"CHN"},{"h3index":"8724d28cbffffff","population_2015":4.5283851839,"total_built_mass_tons":19512.1642761673,"city_id":10122,"country_iso":"CHN"},{"h3index":"8724d28d9ffffff","population_2015":2455.0706517902,"total_built_mass_tons":3139590.7132594958,"city_id":10122,"country_iso":"CHN"},{"h3index":"8724d28dbffffff","population_2015":1718.6513276353,"total_built_mass_tons":4288789.1135846861,"city_id":10122,"country_iso":"CHN"},{"h3index":"8724d2a80ffffff","population_2015":16129.8524218017,"total_built_mass_tons":1533483.412462919,"city_id":10122,"country_iso":"CHN"},{"h3index":"8724d2a81ffffff","population_2015":2548.6375333954,"total_built_mass_tons":250839.9652285818,"city_id":10122,"country_iso":"CHN"},{"h3index":"8724d2a82ffffff","population_2015":37045.2948876212,"total_built_mass_tons":3052319.6755643142,"city_id":10122,"country_iso":"CHN"},{"h3index":"8724d2a83ffffff","population_2015":22796.9982432459,"total_built_mass_tons":6385559.7310752571,"city_id":10122,"country_iso":"CHN"},{"h3index":"8724d2a84ffffff","population_2015":15700.1558843837,"total_built_mass_tons":813777.7775768812,"city_id":10122,"country_iso":"CHN"},{"h3index":"8724d2a85ffffff","population_2015":1611.9325598829,"total_built_mass_tons":136205.7466987123,"city_id":10122,"country_iso":"CHN"},{"h3index":"8724d2a86ffffff","population_2015":21331.8295132282,"total_built_mass_tons":2340898.2188934153,"city_id":10122,"country_iso":"CHN"},{"h3index":"8724d2a88ffffff","population_2015":495.31851258,"total_built_mass_tons":419151.2494230206,"city_id":10122,"country_iso":"CHN"},{"h3index":"8724d2a8affffff","population_2015":9572.296301335,"total_built_mass_tons":6450666.3431358337,"city_id":10122,"country_iso":"CHN"},{"h3index":"8724d2a8bffffff","population_2015":2112.0548219045,"total_built_mass_tons":3338207.4783550799,"city_id":10122,"country_iso":"CHN"},{"h3index":"8724d2a8cffffff","population_2015":66.1185299883,"total_built_mass_tons":69123.5604805618,"city_id":10122,"country_iso":"CHN"},{"h3index":"8724d2a8effffff","population_2015":24992.7899375144,"total_built_mass_tons":4372142.4267677944,"city_id":10122,"country_iso":"CHN"},{"h3index":"8724d2a90ffffff","population_2015":46992.8774287729,"total_built_mass_tons":4509753.3580067949,"city_id":10122,"country_iso":"CHN"},{"h3index":"8724d2a91ffffff","population_2015":103968.1121312758,"total_built_mass_tons":8999828.6605602242,"city_id":10122,"country_iso":"CHN"},{"h3index":"8724d2a92ffffff","population_2015":414.2631101945,"total_built_mass_tons":153232.1555887237,"city_id":10122,"country_iso":"CHN"},{"h3index":"8724d2a93ffffff","population_2015":27884.3382809078,"total_built_mass_tons":1057737.4328535656,"city_id":10122,"country_iso":"CHN"},{"h3index":"8724d2a94ffffff","population_2015":137034.2434750501,"total_built_mass_tons":10772184.5521563981,"city_id":10122,"country_iso":"CHN"},{"h3index":"8724d2a95ffffff","population_2015":79508.347912463,"total_built_mass_tons":5933813.2369408254,"city_id":10122,"country_iso":"CHN"},{"h3index":"8724d2a96ffffff","population_2015":15650.7014802073,"total_built_mass_tons":3521200.9465326648,"city_id":10122,"country_iso":"CHN"},{"h3index":"8724d2a98ffffff","population_2015":38719.1351293302,"total_built_mass_tons":12692281.9331116993,"city_id":10122,"country_iso":"CHN"},{"h3index":"8724d2a99ffffff","population_2015":83725.8189471394,"total_built_mass_tons":12020551.3411804009,"city_id":10122,"country_iso":"CHN"},{"h3index":"8724d2a9affffff","population_2015":289.8068428638,"total_built_mass_tons":462557.2332620422,"city_id":10122,"country_iso":"CHN"},{"h3index":"8724d2a9bffffff","population_2015":28997.6970304003,"total_built_mass_tons":2827206.6686764443,"city_id":10122,"country_iso":"CHN"},{"h3index":"8724d2a9cffffff","population_2015":86816.7118785932,"total_built_mass_tons":15536740.6819920819,"city_id":10122,"country_iso":"CHN"},{"h3index":"8724d2a9dffffff","population_2015":58261.8813163458,"total_built_mass_tons":11317692.7312944196,"city_id":10122,"country_iso":"CHN"},{"h3index":"8724d2a9effffff","population_2015":39459.7356757594,"total_built_mass_tons":5483731.6521500628,"city_id":10122,"country_iso":"CHN"},{"h3index":"8724d2aa2ffffff","population_2015":627.1866131605,"total_built_mass_tons":90531.4411553634,"city_id":10122,"country_iso":"CHN"},{"h3index":"8724d2aa3ffffff","population_2015":10233.6692413798,"total_built_mass_tons":629664.2416976335,"city_id":10122,"country_iso":"CHN"},{"h3index":"8724d2ab0ffffff","population_2015":5102.4612093682,"total_built_mass_tons":324375.6885493944,"city_id":10122,"country_iso":"CHN"},{"h3index":"8724d2ab1ffffff","population_2015":1246.481907751,"total_built_mass_tons":237838.2795227839,"city_id":10122,"country_iso":"CHN"},{"h3index":"8724d2ab2ffffff","population_2015":80554.8705283296,"total_built_mass_tons":5423780.6226463728,"city_id":10122,"country_iso":"CHN"},{"h3index":"8724d2ab3ffffff","population_2015":27568.6073152879,"total_built_mass_tons":1380069.9332680954,"city_id":10122,"country_iso":"CHN"},{"h3index":"8724d2ab4ffffff","population_2015":319.9149944006,"total_built_mass_tons":90588.2745026188,"city_id":10122,"country_iso":"CHN"},{"h3index":"8724d2ab6ffffff","population_2015":45586.2779310077,"total_built_mass_tons":6497568.2331701517,"city_id":10122,"country_iso":"CHN"},{"h3index":"8724d2ad2ffffff","population_2015":3846.6891943997,"total_built_mass_tons":1873550.7795239068,"city_id":10122,"country_iso":"CHN"},{"h3index":"8724d2ad3ffffff","population_2015":6.1271629333,"total_built_mass_tons":3113.3169344151,"city_id":10122,"country_iso":"CHN"},{"h3index":"8724d2ad6ffffff","population_2015":0.9612970801,"total_built_mass_tons":838.0155620665,"city_id":10122,"country_iso":"CHN"},{"h3index":"8724d2b9affffff","population_2015":92.6554486317,"total_built_mass_tons":106640.3484424734,"city_id":10122,"country_iso":"CHN"}]