[{"h3index":"873d8d929ffffff","population_2015":2027.9836227305,"total_built_mass_tons":291306.6846603642,"city_id":7822,"country_iso":"IND"},{"h3index":"873d8d92dffffff","population_2015":127.1280175377,"total_built_mass_tons":41587.3807920313,"city_id":7822,"country_iso":"IND"},{"h3index":"873d8d974ffffff","population_2015":909.9586510153,"total_built_mass_tons":95508.3583496634,"city_id":7822,"country_iso":"IND"},{"h3index":"873dab2daffffff","population_2015":14249.7987349267,"total_built_mass_tons":1480907.1576589642,"city_id":7822,"country_iso":"IND"},{"h3index":"873dab2dbffffff","population_2015":90.7044750288,"total_built_mass_tons":20920.5662345953,"city_id":7822,"country_iso":"IND"}]