[{"h3index":"8724e9644ffffff","population_2015":8.968591015,"total_built_mass_tons":17646.8255292153,"city_id":10229,"country_iso":"CHN"},{"h3index":"8724e9646ffffff","population_2015":1.4933211196,"total_built_mass_tons":3628.6676385734,"city_id":10229,"country_iso":"CHN"},{"h3index":"8724e9670ffffff","population_2015":17103.0809543208,"total_built_mass_tons":5036575.4514272483,"city_id":10229,"country_iso":"CHN"},{"h3index":"8724e9671ffffff","population_2015":3477.6569813205,"total_built_mass_tons":1070264.2474848474,"city_id":10229,"country_iso":"CHN"},{"h3index":"8724e9672ffffff","population_2015":97.8354086857,"total_built_mass_tons":89015.8242429614,"city_id":10229,"country_iso":"CHN"},{"h3index":"8724e9673ffffff","population_2015":7.7354385769,"total_built_mass_tons":17473.1172347454,"city_id":10229,"country_iso":"CHN"},{"h3index":"8724e9674ffffff","population_2015":9330.9642873701,"total_built_mass_tons":4284270.9957052507,"city_id":10229,"country_iso":"CHN"},{"h3index":"8724e9675ffffff","population_2015":6184.0379025815,"total_built_mass_tons":2665714.8994902736,"city_id":10229,"country_iso":"CHN"},{"h3index":"8724e9676ffffff","population_2015":5148.5719770132,"total_built_mass_tons":1579685.960474906,"city_id":10229,"country_iso":"CHN"},{"h3index":"8724e975bffffff","population_2015":57.6966456979,"total_built_mass_tons":581154.5625173129,"city_id":10229,"country_iso":"CHN"}]