[{"h3index":"872a30580ffffff","population_2015":14846.9059992893,"total_built_mass_tons":3906252.1205763472,"city_id":1028,"country_iso":"USA"},{"h3index":"872a30581ffffff","population_2015":5927.9847383062,"total_built_mass_tons":2542318.4725358468,"city_id":1028,"country_iso":"USA"},{"h3index":"872a30582ffffff","population_2015":13939.3984390763,"total_built_mass_tons":4232225.5083222594,"city_id":1028,"country_iso":"USA"},{"h3index":"872a30583ffffff","population_2015":11350.6902435695,"total_built_mass_tons":4128532.2884163409,"city_id":1028,"country_iso":"USA"},{"h3index":"872a30584ffffff","population_2015":2330.3110061157,"total_built_mass_tons":852641.4660368311,"city_id":1028,"country_iso":"USA"},{"h3index":"872a30585ffffff","population_2015":1643.1578169168,"total_built_mass_tons":1058267.8392723133,"city_id":1028,"country_iso":"USA"},{"h3index":"872a30586ffffff","population_2015":6511.114754341,"total_built_mass_tons":2267764.192251849,"city_id":1028,"country_iso":"USA"},{"h3index":"872a30588ffffff","population_2015":12.1829161747,"total_built_mass_tons":2162754.0904664057,"city_id":1028,"country_iso":"USA"},{"h3index":"872a3058affffff","population_2015":466.6008490465,"total_built_mass_tons":1440062.9987046183,"city_id":1028,"country_iso":"USA"},{"h3index":"872a3058bffffff","population_2015":1.0793223503,"total_built_mass_tons":755191.8625437393,"city_id":1028,"country_iso":"USA"},{"h3index":"872a3058cffffff","population_2015":28.0061484893,"total_built_mass_tons":37898.9001285294,"city_id":1028,"country_iso":"USA"},{"h3index":"872a3058effffff","population_2015":3075.8744891479,"total_built_mass_tons":2989925.9626571611,"city_id":1028,"country_iso":"USA"},{"h3index":"872a30591ffffff","population_2015":164.0202194102,"total_built_mass_tons":64062.6599269837,"city_id":1028,"country_iso":"USA"},{"h3index":"872a30595ffffff","population_2015":1729.861144496,"total_built_mass_tons":697300.2588974208,"city_id":1028,"country_iso":"USA"},{"h3index":"872a30598ffffff","population_2015":270.6299173953,"total_built_mass_tons":160241.8232445449,"city_id":1028,"country_iso":"USA"},{"h3index":"872a30599ffffff","population_2015":165.5647863884,"total_built_mass_tons":151917.4044832182,"city_id":1028,"country_iso":"USA"},{"h3index":"872a3059cffffff","population_2015":4381.6873579231,"total_built_mass_tons":1858539.4051422505,"city_id":1028,"country_iso":"USA"},{"h3index":"872a3059dffffff","population_2015":1198.5702931537,"total_built_mass_tons":1718798.3484917604,"city_id":1028,"country_iso":"USA"},{"h3index":"872a305aaffffff","population_2015":40.0856735042,"total_built_mass_tons":302802.3104962214,"city_id":1028,"country_iso":"USA"},{"h3index":"872a305b1ffffff","population_2015":34.5763763044,"total_built_mass_tons":41812.8939035183,"city_id":1028,"country_iso":"USA"},{"h3index":"872a305b3ffffff","population_2015":16.3307807427,"total_built_mass_tons":18472.5870840551,"city_id":1028,"country_iso":"USA"}]