[{"h3index":"8740e3408ffffff","population_2015":14387.6036469834,"total_built_mass_tons":4221087.2411965784,"city_id":10300,"country_iso":"CHN"},{"h3index":"8740e3409ffffff","population_2015":2717.031837714,"total_built_mass_tons":1128000.2550531267,"city_id":10300,"country_iso":"CHN"},{"h3index":"8740e340affffff","population_2015":28991.6287927646,"total_built_mass_tons":4557666.8183928169,"city_id":10300,"country_iso":"CHN"},{"h3index":"8740e340bffffff","population_2015":49049.9129721623,"total_built_mass_tons":8749065.6336348839,"city_id":10300,"country_iso":"CHN"},{"h3index":"8740e340cffffff","population_2015":1554.4518140054,"total_built_mass_tons":542147.7058196476,"city_id":10300,"country_iso":"CHN"},{"h3index":"8740e340dffffff","population_2015":14155.4094765738,"total_built_mass_tons":3994133.8766278639,"city_id":10300,"country_iso":"CHN"},{"h3index":"8740e340effffff","population_2015":3648.5210159292,"total_built_mass_tons":1296798.6674432317,"city_id":10300,"country_iso":"CHN"},{"h3index":"8740e3419ffffff","population_2015":2827.1469220517,"total_built_mass_tons":724722.6005829459,"city_id":10300,"country_iso":"CHN"},{"h3index":"8740e341dffffff","population_2015":514.2386028065,"total_built_mass_tons":185372.7293368888,"city_id":10300,"country_iso":"CHN"},{"h3index":"8740e3429ffffff","population_2015":22.4737307605,"total_built_mass_tons":48640.6042579109,"city_id":10300,"country_iso":"CHN"},{"h3index":"8740e342bffffff","population_2015":1541.9766906832,"total_built_mass_tons":777892.5796868529,"city_id":10300,"country_iso":"CHN"},{"h3index":"8740e3450ffffff","population_2015":113.5417139932,"total_built_mass_tons":79822.852603463,"city_id":10300,"country_iso":"CHN"},{"h3index":"8740e3452ffffff","population_2015":276.3805137709,"total_built_mass_tons":43919.9749939088,"city_id":10300,"country_iso":"CHN"},{"h3index":"8740e3456ffffff","population_2015":5470.5473972751,"total_built_mass_tons":2231382.0179465436,"city_id":10300,"country_iso":"CHN"},{"h3index":"8740e3472ffffff","population_2015":810.9026908098,"total_built_mass_tons":488012.5221462479,"city_id":10300,"country_iso":"CHN"},{"h3index":"8740e3476ffffff","population_2015":7313.1525344624,"total_built_mass_tons":1236061.3777768521,"city_id":10300,"country_iso":"CHN"},{"h3index":"8740e34e0ffffff","population_2015":101.0885400529,"total_built_mass_tons":48497.6118247186,"city_id":10300,"country_iso":"CHN"},{"h3index":"8740e34e1ffffff","population_2015":26.2212005765,"total_built_mass_tons":14211.0122942283,"city_id":10300,"country_iso":"CHN"},{"h3index":"8740e34e4ffffff","population_2015":21787.6675139278,"total_built_mass_tons":3603444.5462459065,"city_id":10300,"country_iso":"CHN"},{"h3index":"8740e34e5ffffff","population_2015":6968.8537372421,"total_built_mass_tons":1504924.9130423935,"city_id":10300,"country_iso":"CHN"},{"h3index":"8740e34e6ffffff","population_2015":2059.6510415825,"total_built_mass_tons":622731.7750929124,"city_id":10300,"country_iso":"CHN"}]