[{"h3index":"8740e3943ffffff","population_2015":3879.9899282568,"total_built_mass_tons":420524.3868301592,"city_id":10329,"country_iso":"CHN"},{"h3index":"8740e394effffff","population_2015":657.6916666068,"total_built_mass_tons":193080.6613377253,"city_id":10329,"country_iso":"CHN"},{"h3index":"8740e3958ffffff","population_2015":11607.8509705459,"total_built_mass_tons":4639298.9541997137,"city_id":10329,"country_iso":"CHN"},{"h3index":"8740e3959ffffff","population_2015":47.6692049887,"total_built_mass_tons":25414.8150801127,"city_id":10329,"country_iso":"CHN"},{"h3index":"8740e395affffff","population_2015":2070.7907053714,"total_built_mass_tons":692527.0831229629,"city_id":10329,"country_iso":"CHN"},{"h3index":"8740e395cffffff","population_2015":12749.5050040974,"total_built_mass_tons":3363611.5788346576,"city_id":10329,"country_iso":"CHN"},{"h3index":"8740e395dffffff","population_2015":9731.762290632,"total_built_mass_tons":2892143.6059024576,"city_id":10329,"country_iso":"CHN"},{"h3index":"8740e395effffff","population_2015":6358.9539675694,"total_built_mass_tons":1580181.0692603886,"city_id":10329,"country_iso":"CHN"}]