[{"h3index": "872e61280ffffff", "population_2015": 1990.8233552764443, "total_built_mass_tons": 542508.2091474727, "city_id": 12888, "country_iso": "JPN"}, {"h3index": "872e61281ffffff", "population_2015": 8401.091499036906, "total_built_mass_tons": 2018174.1343383212, "city_id": 12888, "country_iso": "JPN"}, {"h3index": "872e61282ffffff", "population_2015": 191.60853988049084, "total_built_mass_tons": 145228.98954059783, "city_id": 12888, "country_iso": "JPN"}, {"h3index": "872e61283ffffff", "population_2015": 7583.611156171911, "total_built_mass_tons": 1832557.3349115404, "city_id": 12888, "country_iso": "JPN"}, {"h3index": "872e61284ffffff", "population_2015": 2073.6571596313925, "total_built_mass_tons": 622818.7651421512, "city_id": 12888, "country_iso": "JPN"}, {"h3index": "872e61285ffffff", "population_2015": 13572.696772021867, "total_built_mass_tons": 4022447.177372878, "city_id": 12888, "country_iso": "JPN"}, {"h3index": "872e61288ffffff", "population_2015": 13.947089935751524, "total_built_mass_tons": 14045.884917568535, "city_id": 12888, "country_iso": "JPN"}, {"h3index": "872e6128affffff", "population_2015": 3369.5835460083163, "total_built_mass_tons": 1107525.1123941657, "city_id": 12888, "country_iso": "JPN"}, {"h3index": "872e6128cffffff", "population_2015": 173.2325383728626, "total_built_mass_tons": 58871.996349052235, "city_id": 12888, "country_iso": "JPN"}, {"h3index": "872e6128effffff", "population_2015": 3581.220755453671, "total_built_mass_tons": 800725.2174454168, "city_id": 12888, "country_iso": "JPN"}, {"h3index": "872e61291ffffff", "population_2015": 29.19933847539565, "total_built_mass_tons": 38550.78496804032, "city_id": 12888, "country_iso": "JPN"}, {"h3index": "872e61298ffffff", "population_2015": 2691.9551670018363, "total_built_mass_tons": 1072398.8371123222, "city_id": 12888, "country_iso": "JPN"}, {"h3index": "872e61299ffffff", "population_2015": 4499.126537203321, "total_built_mass_tons": 905404.8179063032, "city_id": 12888, "country_iso": "JPN"}, {"h3index": "872e6129cffffff", "population_2015": 10630.252009619917, "total_built_mass_tons": 3020840.7055057865, "city_id": 12888, "country_iso": "JPN"}, {"h3index": "872e6129dffffff", "population_2015": 6440.612869651646, "total_built_mass_tons": 1553841.8455857865, "city_id": 12888, "country_iso": "JPN"}, {"h3index": "872e6129effffff", "population_2015": 795.0833117354148, "total_built_mass_tons": 548219.2536542756, "city_id": 12888, "country_iso": "JPN"}, {"h3index": "872e612a3ffffff", "population_2015": 422.4436851501465, "total_built_mass_tons": 62687.60469230633, "city_id": 12888, "country_iso": "JPN"}, {"h3index": "872e612a8ffffff", "population_2015": 1486.0799120061538, "total_built_mass_tons": 487393.6281632747, "city_id": 12888, "country_iso": "JPN"}, {"h3index": "872e612aaffffff", "population_2015": 8377.874787427867, "total_built_mass_tons": 2615113.5925784027, "city_id": 12888, "country_iso": "JPN"}, {"h3index": "872e612abffffff", "population_2015": 891.2528786135655, "total_built_mass_tons": 271542.8145223266, "city_id": 12888, "country_iso": "JPN"}, {"h3index": "872e612aeffffff", "population_2015": 3125.173508236455, "total_built_mass_tons": 972159.1582481766, "city_id": 12888, "country_iso": "JPN"}, {"h3index": "872e6e924ffffff", "population_2015": 280.5014833188524, "total_built_mass_tons": 108274.90226474062, "city_id": 12888, "country_iso": "JPN"}]