[{"h3index":"873ced988ffffff","population_2015":77.9538975772,"total_built_mass_tons":25013.7402889625,"city_id":10045,"country_iso":"IND"},{"h3index":"873ced98affffff","population_2015":2111.6476523044,"total_built_mass_tons":512086.9911903254,"city_id":10045,"country_iso":"IND"},{"h3index":"873ced98effffff","population_2015":463.5713358804,"total_built_mass_tons":138479.1233614438,"city_id":10045,"country_iso":"IND"},{"h3index":"873ced998ffffff","population_2015":23.4079241771,"total_built_mass_tons":33433.3531257937,"city_id":10045,"country_iso":"IND"},{"h3index":"873ced999ffffff","population_2015":226.6183703441,"total_built_mass_tons":127660.1968146356,"city_id":10045,"country_iso":"IND"},{"h3index":"873ced99cffffff","population_2015":85.519382,"total_built_mass_tons":44300.4061800446,"city_id":10045,"country_iso":"IND"},{"h3index":"873ced99dffffff","population_2015":5712.9475091224,"total_built_mass_tons":1336540.8104672779,"city_id":10045,"country_iso":"IND"}]