[{"h3index":"8724c0114ffffff","population_2015":3.0555978653,"total_built_mass_tons":17325.4084282627,"city_id":10128,"country_iso":"CHN"},{"h3index":"8724c0130ffffff","population_2015":4.663189338,"total_built_mass_tons":61203.1790531112,"city_id":10128,"country_iso":"CHN"},{"h3index":"8724c0132ffffff","population_2015":1063.1212590816,"total_built_mass_tons":1135875.8080528523,"city_id":10128,"country_iso":"CHN"},{"h3index":"8724c0136ffffff","population_2015":24670.2547927712,"total_built_mass_tons":1794505.031126634,"city_id":10128,"country_iso":"CHN"},{"h3index":"8724c0c41ffffff","population_2015":15.8076241708,"total_built_mass_tons":28970.8618475944,"city_id":10128,"country_iso":"CHN"},{"h3index":"8724c0c48ffffff","population_2015":19630.2689691815,"total_built_mass_tons":6546614.3736503348,"city_id":10128,"country_iso":"CHN"},{"h3index":"8724c0c49ffffff","population_2015":3452.5873763328,"total_built_mass_tons":6940611.463882342,"city_id":10128,"country_iso":"CHN"},{"h3index":"8724c0c4affffff","population_2015":650.468772905,"total_built_mass_tons":364019.3016780905,"city_id":10128,"country_iso":"CHN"},{"h3index":"8724c0c4bffffff","population_2015":949.6518947045,"total_built_mass_tons":1456236.1715430375,"city_id":10128,"country_iso":"CHN"},{"h3index":"8724c0c4cffffff","population_2015":18406.3397430831,"total_built_mass_tons":4265031.5083156675,"city_id":10128,"country_iso":"CHN"},{"h3index":"8724c0c4dffffff","population_2015":30563.1793104111,"total_built_mass_tons":7557124.1184092266,"city_id":10128,"country_iso":"CHN"},{"h3index":"8724c0c4effffff","population_2015":745.1230678082,"total_built_mass_tons":683134.227164834,"city_id":10128,"country_iso":"CHN"},{"h3index":"8724c0c6bffffff","population_2015":5562.1132730809,"total_built_mass_tons":1194353.5079956593,"city_id":10128,"country_iso":"CHN"}]