[{"h3index": "873190090ffffff", "population_2015": 7829.834060953179, "total_built_mass_tons": 1173957.131898545, "city_id": 10572, "country_iso": "CHN"}, {"h3index": "873190092ffffff", "population_2015": 14990.56763603547, "total_built_mass_tons": 4152504.431883627, "city_id": 10572, "country_iso": "CHN"}, {"h3index": "873190093ffffff", "population_2015": 2332.9506496195695, "total_built_mass_tons": 527898.5207423305, "city_id": 10572, "country_iso": "CHN"}, {"h3index": "873190096ffffff", "population_2015": 2665.078356606353, "total_built_mass_tons": 798853.7816632534, "city_id": 10572, "country_iso": "CHN"}, {"h3index": "873190460ffffff", "population_2015": 189.9583420398189, "total_built_mass_tons": 189743.0141601968, "city_id": 10572, "country_iso": "CHN"}, {"h3index": "873190461ffffff", "population_2015": 7280.9528529606605, "total_built_mass_tons": 3832382.7912421105, "city_id": 10572, "country_iso": "CHN"}, {"h3index": "873190464ffffff", "population_2015": 1846.9310704867044, "total_built_mass_tons": 331558.7613289026, "city_id": 10572, "country_iso": "CHN"}, {"h3index": "873190465ffffff", "population_2015": 5798.619182678296, "total_built_mass_tons": 1940604.0382194864, "city_id": 10572, "country_iso": "CHN"}, {"h3index": "87319046cffffff", "population_2015": 11962.542926340477, "total_built_mass_tons": 1482839.5483112712, "city_id": 10572, "country_iso": "CHN"}, {"h3index": "87319046dffffff", "population_2015": 238.56310151324553, "total_built_mass_tons": 210243.46035857548, "city_id": 10572, "country_iso": "CHN"}, {"h3index": "87319046effffff", "population_2015": 28.896232743356745, "total_built_mass_tons": 30623.731198615405, "city_id": 10572, "country_iso": "CHN"}]