[{"h3index": "873c36db4ffffff", "population_2015": 462.2694414176193, "total_built_mass_tons": 118526.66688162617, "city_id": 7731, "country_iso": "IND"}, {"h3index": "873c36db6ffffff", "population_2015": 21235.75541016074, "total_built_mass_tons": 1706190.26002892, "city_id": 7731, "country_iso": "IND"}, {"h3index": "873daba5affffff", "population_2015": 3570.9621883915916, "total_built_mass_tons": 512416.5830734824, "city_id": 7731, "country_iso": "IND"}, {"h3index": "873daba5bffffff", "population_2015": 6.208284669763901, "total_built_mass_tons": 27207.47373149213, "city_id": 7731, "country_iso": "IND"}, {"h3index": "873dabaccffffff", "population_2015": 19.081741744396737, "total_built_mass_tons": 4986.060903422301, "city_id": 7731, "country_iso": "IND"}, {"h3index": "873dabacdffffff", "population_2015": 3291.28125705345, "total_built_mass_tons": 434152.8452392115, "city_id": 7731, "country_iso": "IND"}, {"h3index": "873dabae8ffffff", "population_2015": 3060.516567305022, "total_built_mass_tons": 427632.8970706019, "city_id": 7731, "country_iso": "IND"}, {"h3index": "873dabae9ffffff", "population_2015": 36933.20109710692, "total_built_mass_tons": 2725345.495667733, "city_id": 7731, "country_iso": "IND"}, {"h3index": "873dabaeaffffff", "population_2015": 11.294680969387878, "total_built_mass_tons": 24008.717912596738, "city_id": 7731, "country_iso": "IND"}, {"h3index": "873dabaebffffff", "population_2015": 24624.19822691375, "total_built_mass_tons": 2198897.7974556535, "city_id": 7731, "country_iso": "IND"}, {"h3index": "873dabaedffffff", "population_2015": 1.743888338874368, "total_built_mass_tons": 475.28766509466686, "city_id": 7731, "country_iso": "IND"}]