[{"h3index": "87610068bffffff", "population_2015": 106.93576360216323, "total_built_mass_tons": 61633.342438339336, "city_id": 8935, "country_iso": "LKA"}, {"h3index": "8761006d2ffffff", "population_2015": 9477.891766891284, "total_built_mass_tons": 1878830.77142074, "city_id": 8935, "country_iso": "LKA"}, {"h3index": "8761006d3ffffff", "population_2015": 2123.611058388504, "total_built_mass_tons": 666215.8439671078, "city_id": 8935, "country_iso": "LKA"}, {"h3index": "8761006daffffff", "population_2015": 124.12834392622403, "total_built_mass_tons": 31530.948988640797, "city_id": 8935, "country_iso": "LKA"}, {"h3index": "876103d09ffffff", "population_2015": 254.8544920192045, "total_built_mass_tons": 43516.345233358334, "city_id": 8935, "country_iso": "LKA"}, {"h3index": "876103d0dffffff", "population_2015": 5.077479829975203, "total_built_mass_tons": 4076.48840804313, "city_id": 8935, "country_iso": "LKA"}, {"h3index": "876103d20ffffff", "population_2015": 3209.293758117452, "total_built_mass_tons": 1333612.56459914, "city_id": 8935, "country_iso": "LKA"}, {"h3index": "876103d21ffffff", "population_2015": 9583.1149013164, "total_built_mass_tons": 3145566.933741448, "city_id": 8935, "country_iso": "LKA"}, {"h3index": "876103d23ffffff", "population_2015": 1075.3910858406737, "total_built_mass_tons": 537080.3139213957, "city_id": 8935, "country_iso": "LKA"}, {"h3index": "876103d24ffffff", "population_2015": 312.33064591837865, "total_built_mass_tons": 100269.13287494844, "city_id": 8935, "country_iso": "LKA"}, {"h3index": "876103d25ffffff", "population_2015": 7512.605748508493, "total_built_mass_tons": 2771373.804444912, "city_id": 8935, "country_iso": "LKA"}, {"h3index": "876103d28ffffff", "population_2015": 19807.14161511214, "total_built_mass_tons": 3190086.043642994, "city_id": 8935, "country_iso": "LKA"}, {"h3index": "876103d29ffffff", "population_2015": 14073.828422643624, "total_built_mass_tons": 2836350.2930202694, "city_id": 8935, "country_iso": "LKA"}, {"h3index": "876103d2affffff", "population_2015": 1988.1512970260549, "total_built_mass_tons": 728611.8056336027, "city_id": 8935, "country_iso": "LKA"}, {"h3index": "876103d2bffffff", "population_2015": 7016.287955246718, "total_built_mass_tons": 2137902.779439759, "city_id": 8935, "country_iso": "LKA"}, {"h3index": "876103d2cffffff", "population_2015": 26901.55001833673, "total_built_mass_tons": 3274485.4782966455, "city_id": 8935, "country_iso": "LKA"}, {"h3index": "876103d2dffffff", "population_2015": 16635.094024575916, "total_built_mass_tons": 2560711.141071076, "city_id": 8935, "country_iso": "LKA"}, {"h3index": "876103d2effffff", "population_2015": 10376.565539442328, "total_built_mass_tons": 2814314.965656924, "city_id": 8935, "country_iso": "LKA"}, {"h3index": "876103d54ffffff", "population_2015": 2441.53335534264, "total_built_mass_tons": 589268.9830798581, "city_id": 8935, "country_iso": "LKA"}, {"h3index": "876103d70ffffff", "population_2015": 614.791757851021, "total_built_mass_tons": 117961.0080299051, "city_id": 8935, "country_iso": "LKA"}, {"h3index": "876103d72ffffff", "population_2015": 7899.758001920291, "total_built_mass_tons": 2232935.763181867, "city_id": 8935, "country_iso": "LKA"}, {"h3index": "876103d73ffffff", "population_2015": 1468.1431065690283, "total_built_mass_tons": 161180.01629728673, "city_id": 8935, "country_iso": "LKA"}, {"h3index": "876103d74ffffff", "population_2015": 42.637563922358495, "total_built_mass_tons": 20053.80075421648, "city_id": 8935, "country_iso": "LKA"}, {"h3index": "876103d76ffffff", "population_2015": 9651.392491372428, "total_built_mass_tons": 2003364.1932586613, "city_id": 8935, "country_iso": "LKA"}]