[{"h3index":"8741a8228ffffff","population_2015":1041.0029745214,"total_built_mass_tons":478522.2911493446,"city_id":12152,"country_iso":"CHN"},{"h3index":"8741a8229ffffff","population_2015":4521.4504735451,"total_built_mass_tons":1333708.1342989116,"city_id":12152,"country_iso":"CHN"},{"h3index":"8741a822affffff","population_2015":317.6181378832,"total_built_mass_tons":297088.813903219,"city_id":12152,"country_iso":"CHN"},{"h3index":"8741a822bffffff","population_2015":10874.6768709538,"total_built_mass_tons":1895133.7500659833,"city_id":12152,"country_iso":"CHN"},{"h3index":"8741a822dffffff","population_2015":109.0932655185,"total_built_mass_tons":79971.6806699818,"city_id":12152,"country_iso":"CHN"},{"h3index":"8741a8274ffffff","population_2015":6050.0399293831,"total_built_mass_tons":2653155.2981232661,"city_id":12152,"country_iso":"CHN"},{"h3index":"8741a8275ffffff","population_2015":79.3450789246,"total_built_mass_tons":45083.2369071331,"city_id":12152,"country_iso":"CHN"},{"h3index":"8741a8276ffffff","population_2015":2042.365714982,"total_built_mass_tons":821460.8042937327,"city_id":12152,"country_iso":"CHN"},{"h3index":"8741a835affffff","population_2015":240.32076537,"total_built_mass_tons":306595.6869863693,"city_id":12152,"country_iso":"CHN"},{"h3index":"8741a835bffffff","population_2015":4225.6078747464,"total_built_mass_tons":2779111.7544457857,"city_id":12152,"country_iso":"CHN"}]