[{"h3index":"873cf3a00ffffff","population_2015":290.9579792023,"total_built_mass_tons":74950.0375941096,"city_id":9902,"country_iso":"BGD"},{"h3index":"873cf3a01ffffff","population_2015":1.9999263763,"total_built_mass_tons":66023.5371467653,"city_id":9902,"country_iso":"BGD"},{"h3index":"873cf3a03ffffff","population_2015":17.0726089478,"total_built_mass_tons":21316.1446197217,"city_id":9902,"country_iso":"BGD"},{"h3index":"873cf3a09ffffff","population_2015":20.7590789795,"total_built_mass_tons":15537.2982576451,"city_id":9902,"country_iso":"BGD"},{"h3index":"873cf3a0cffffff","population_2015":1119.3025971132,"total_built_mass_tons":105770.0071189929,"city_id":9902,"country_iso":"BGD"},{"h3index":"873cf3a0dffffff","population_2015":4245.1023974924,"total_built_mass_tons":328520.9741772407,"city_id":9902,"country_iso":"BGD"},{"h3index":"873cf3a2affffff","population_2015":1058.4798964108,"total_built_mass_tons":155094.9334933597,"city_id":9902,"country_iso":"BGD"},{"h3index":"873cf3a2bffffff","population_2015":1374.7066273334,"total_built_mass_tons":178648.4440680722,"city_id":9902,"country_iso":"BGD"},{"h3index":"873cf3a72ffffff","population_2015":16.5891035117,"total_built_mass_tons":16605.4175795514,"city_id":9902,"country_iso":"BGD"}]