[{"h3index": "87bc09100ffffff", "population_2015": 8318.265810226952, "total_built_mass_tons": 2523214.059878232, "city_id": 3617, "country_iso": "ZAF"}, {"h3index": "87bc09101ffffff", "population_2015": 9603.415256325408, "total_built_mass_tons": 2542983.818877075, "city_id": 3617, "country_iso": "ZAF"}, {"h3index": "87bc09102ffffff", "population_2015": 1853.722855687608, "total_built_mass_tons": 726313.8372357802, "city_id": 3617, "country_iso": "ZAF"}, {"h3index": "87bc09103ffffff", "population_2015": 4036.455623018509, "total_built_mass_tons": 2182523.585168548, "city_id": 3617, "country_iso": "ZAF"}, {"h3index": "87bc09104ffffff", "population_2015": 2773.2741862390553, "total_built_mass_tons": 504999.8784212945, "city_id": 3617, "country_iso": "ZAF"}, {"h3index": "87bc09105ffffff", "population_2015": 12140.980683303518, "total_built_mass_tons": 4050482.1951408135, "city_id": 3617, "country_iso": "ZAF"}, {"h3index": "87bc09106ffffff", "population_2015": 347.60515078937306, "total_built_mass_tons": 120562.2219044159, "city_id": 3617, "country_iso": "ZAF"}, {"h3index": "87bc09108ffffff", "population_2015": 4276.605987842118, "total_built_mass_tons": 431686.38935833913, "city_id": 3617, "country_iso": "ZAF"}, {"h3index": "87bc09109ffffff", "population_2015": 115.72080147430007, "total_built_mass_tons": 184725.5709139413, "city_id": 3617, "country_iso": "ZAF"}, {"h3index": "87bc0910cffffff", "population_2015": 9202.096294231507, "total_built_mass_tons": 1871954.4608557348, "city_id": 3617, "country_iso": "ZAF"}, {"h3index": "87bc0910dffffff", "population_2015": 8076.033881529172, "total_built_mass_tons": 1110194.0921996993, "city_id": 3617, "country_iso": "ZAF"}, {"h3index": "87bc0910effffff", "population_2015": 6859.408218381686, "total_built_mass_tons": 2012425.8558924813, "city_id": 3617, "country_iso": "ZAF"}, {"h3index": "87bc0911dffffff", "population_2015": 1407.5430461365218, "total_built_mass_tons": 126558.12162917068, "city_id": 3617, "country_iso": "ZAF"}, {"h3index": "87bc09121ffffff", "population_2015": 9.679783526238271, "total_built_mass_tons": 15845.044073803572, "city_id": 3617, "country_iso": "ZAF"}, {"h3index": "87bc09123ffffff", "population_2015": 2588.462558550234, "total_built_mass_tons": 1108877.368512593, "city_id": 3617, "country_iso": "ZAF"}, {"h3index": "87bc09128ffffff", "population_2015": 4620.192515163795, "total_built_mass_tons": 687612.0859320626, "city_id": 3617, "country_iso": "ZAF"}, {"h3index": "87bc09129ffffff", "population_2015": 50.68647852878945, "total_built_mass_tons": 22569.817015656354, "city_id": 3617, "country_iso": "ZAF"}, {"h3index": "87bc0912affffff", "population_2015": 44515.79019326791, "total_built_mass_tons": 2627327.143353073, "city_id": 3617, "country_iso": "ZAF"}, {"h3index": "87bc0912bffffff", "population_2015": 22465.194334327934, "total_built_mass_tons": 1715946.2432107308, "city_id": 3617, "country_iso": "ZAF"}, {"h3index": "87bc0912effffff", "population_2015": 2288.1609334584546, "total_built_mass_tons": 2166607.744546886, "city_id": 3617, "country_iso": "ZAF"}, {"h3index": "87bc09154ffffff", "population_2015": 2400.8026914072966, "total_built_mass_tons": 228321.37324762833, "city_id": 3617, "country_iso": "ZAF"}, {"h3index": "87bc09172ffffff", "population_2015": 8049.086904548196, "total_built_mass_tons": 601348.6593527739, "city_id": 3617, "country_iso": "ZAF"}, {"h3index": "87bc09173ffffff", "population_2015": 300.8619243979454, "total_built_mass_tons": 58408.7724234655, "city_id": 3617, "country_iso": "ZAF"}, {"h3index": "87bc09176ffffff", "population_2015": 1874.8868863947253, "total_built_mass_tons": 164771.97458620177, "city_id": 3617, "country_iso": "ZAF"}]