[{"h3index":"876499a11ffffff","population_2015":24.4946564431,"total_built_mass_tons":26160.638769926,"city_id":10166,"country_iso":"MMR"},{"h3index":"876499a13ffffff","population_2015":146.4599239536,"total_built_mass_tons":34048.1068219044,"city_id":10166,"country_iso":"MMR"},{"h3index":"876499a1affffff","population_2015":4.5320846707,"total_built_mass_tons":6403.5992208029,"city_id":10166,"country_iso":"MMR"},{"h3index":"876499aa8ffffff","population_2015":180.0532609379,"total_built_mass_tons":45190.6916945534,"city_id":10166,"country_iso":"MMR"},{"h3index":"876499aacffffff","population_2015":12.6126524832,"total_built_mass_tons":5831.1532458972,"city_id":10166,"country_iso":"MMR"},{"h3index":"876499aadffffff","population_2015":7087.7697628919,"total_built_mass_tons":1145272.7846423532,"city_id":10166,"country_iso":"MMR"}]