[{"h3index":"873c5a8a0ffffff","population_2015":1000.9321913214,"total_built_mass_tons":615989.0981251056,"city_id":10089,"country_iso":"IND"},{"h3index":"873c5a8a2ffffff","population_2015":304.8580150268,"total_built_mass_tons":184674.329598068,"city_id":10089,"country_iso":"IND"},{"h3index":"873c5a8a3ffffff","population_2015":14.7572917938,"total_built_mass_tons":2912.8005797563,"city_id":10089,"country_iso":"IND"},{"h3index":"873c5a8a4ffffff","population_2015":470.6707029885,"total_built_mass_tons":362720.0094768864,"city_id":10089,"country_iso":"IND"},{"h3index":"873c5a8a6ffffff","population_2015":9878.0284850999,"total_built_mass_tons":4009984.1520117959,"city_id":10089,"country_iso":"IND"},{"h3index":"873c5a8b0ffffff","population_2015":67.0333080292,"total_built_mass_tons":27689.1975886491,"city_id":10089,"country_iso":"IND"},{"h3index":"873c5a8b1ffffff","population_2015":9.4069180806,"total_built_mass_tons":9010.0538903193,"city_id":10089,"country_iso":"IND"},{"h3index":"873c5a8b5ffffff","population_2015":281.9532047234,"total_built_mass_tons":155272.1067477468,"city_id":10089,"country_iso":"IND"},{"h3index":"873c5a999ffffff","population_2015":381.6217977636,"total_built_mass_tons":86535.7414490164,"city_id":10089,"country_iso":"IND"},{"h3index":"873c5a99affffff","population_2015":100.3352065086,"total_built_mass_tons":47398.2769548352,"city_id":10089,"country_iso":"IND"},{"h3index":"873c5a99bffffff","population_2015":2403.6256150077,"total_built_mass_tons":845054.5847385902,"city_id":10089,"country_iso":"IND"}]