[{"h3index":"8740405b4ffffff","population_2015":1.1752361372,"total_built_mass_tons":254.975228961,"city_id":10339,"country_iso":"CHN"},{"h3index":"87404625affffff","population_2015":13358.8084528044,"total_built_mass_tons":2169521.953771573,"city_id":10339,"country_iso":"CHN"},{"h3index":"87404625effffff","population_2015":1315.2701828901,"total_built_mass_tons":319365.1345876709,"city_id":10339,"country_iso":"CHN"},{"h3index":"8740462e9ffffff","population_2015":6001.2882375194,"total_built_mass_tons":1212961.7780034291,"city_id":10339,"country_iso":"CHN"},{"h3index":"8740462edffffff","population_2015":4868.0467777841,"total_built_mass_tons":1464483.2618273017,"city_id":10339,"country_iso":"CHN"}]