[{"h3index": "8742cc000ffffff", "population_2015": 385.15900289124136, "total_built_mass_tons": 65544.39934023007, "city_id": 6622, "country_iso": "IND"}, {"h3index": "8742cc004ffffff", "population_2015": 4600.970325933718, "total_built_mass_tons": 620032.5925572704, "city_id": 6622, "country_iso": "IND"}, {"h3index": "8742cc005ffffff", "population_2015": 4764.363938327863, "total_built_mass_tons": 503741.6216894003, "city_id": 6622, "country_iso": "IND"}, {"h3index": "8742cc006ffffff", "population_2015": 69.24064952625947, "total_built_mass_tons": 7898.947203997834, "city_id": 6622, "country_iso": "IND"}, {"h3index": "8742cc020ffffff", "population_2015": 322.9290186863319, "total_built_mass_tons": 98694.77706078056, "city_id": 6622, "country_iso": "IND"}, {"h3index": "8742cc021ffffff", "population_2015": 7437.940311147653, "total_built_mass_tons": 997919.8181662824, "city_id": 6622, "country_iso": "IND"}, {"h3index": "8742cc022ffffff", "population_2015": 3919.237327321371, "total_built_mass_tons": 568305.7919115216, "city_id": 6622, "country_iso": "IND"}, {"h3index": "8742cc023ffffff", "population_2015": 17484.499971920835, "total_built_mass_tons": 1846637.316036192, "city_id": 6622, "country_iso": "IND"}, {"h3index": "8742cc025ffffff", "population_2015": 355.9766020157758, "total_built_mass_tons": 112029.59406770996, "city_id": 6622, "country_iso": "IND"}, {"h3index": "8742cc028ffffff", "population_2015": 8679.200141521529, "total_built_mass_tons": 1034274.0676389758, "city_id": 6622, "country_iso": "IND"}, {"h3index": "8742cc029ffffff", "population_2015": 13.41205567004634, "total_built_mass_tons": 14055.330699071195, "city_id": 6622, "country_iso": "IND"}, {"h3index": "8742cc02affffff", "population_2015": 216.7245691411636, "total_built_mass_tons": 52950.948097085646, "city_id": 6622, "country_iso": "IND"}, {"h3index": "8742cc02cffffff", "population_2015": 6019.49774455276, "total_built_mass_tons": 744269.5843752623, "city_id": 6622, "country_iso": "IND"}, {"h3index": "8742cc02dffffff", "population_2015": 101.45074409784054, "total_built_mass_tons": 48660.59590713009, "city_id": 6622, "country_iso": "IND"}, {"h3index": "8742cc02effffff", "population_2015": 31182.422610174443, "total_built_mass_tons": 2433910.65665798, "city_id": 6622, "country_iso": "IND"}]