[{"h3index":"878bad09bffffff","population_2015":2133.9206936425,"total_built_mass_tons":571371.0782565727,"city_id":1019,"country_iso":"BRA"},{"h3index":"878bad720ffffff","population_2015":12982.8551825313,"total_built_mass_tons":1710059.2522202544,"city_id":1019,"country_iso":"BRA"},{"h3index":"878bad722ffffff","population_2015":7538.7572932595,"total_built_mass_tons":1160887.9096671273,"city_id":1019,"country_iso":"BRA"},{"h3index":"878bad723ffffff","population_2015":4.564471329,"total_built_mass_tons":16036.4310467738,"city_id":1019,"country_iso":"BRA"},{"h3index":"878bad724ffffff","population_2015":7785.3713069598,"total_built_mass_tons":1287333.6924771268,"city_id":1019,"country_iso":"BRA"},{"h3index":"878bad725ffffff","population_2015":61.9261556233,"total_built_mass_tons":28802.705443696,"city_id":1019,"country_iso":"BRA"},{"h3index":"878bad726ffffff","population_2015":12704.5076665243,"total_built_mass_tons":2527538.0917185228,"city_id":1019,"country_iso":"BRA"},{"h3index":"878bad730ffffff","population_2015":0.8958470943,"total_built_mass_tons":1108.6849749097,"city_id":1019,"country_iso":"BRA"},{"h3index":"878bad734ffffff","population_2015":1378.2353781616,"total_built_mass_tons":296148.4155452781,"city_id":1019,"country_iso":"BRA"},{"h3index":"878bad735ffffff","population_2015":14784.2809271588,"total_built_mass_tons":1928167.9550504433,"city_id":1019,"country_iso":"BRA"}]