[{"h3index":"8740e181affffff","population_2015":10.3893662995,"total_built_mass_tons":49061.113330761,"city_id":10344,"country_iso":"CHN"},{"h3index":"8740e181bffffff","population_2015":5149.942080868,"total_built_mass_tons":574782.4307022148,"city_id":10344,"country_iso":"CHN"},{"h3index":"8740e188dffffff","population_2015":843.0129431799,"total_built_mass_tons":585870.5045392599,"city_id":10344,"country_iso":"CHN"},{"h3index":"8740e18abffffff","population_2015":72.3416914949,"total_built_mass_tons":114435.9045139834,"city_id":10344,"country_iso":"CHN"},{"h3index":"8740e18f0ffffff","population_2015":1527.0486182082,"total_built_mass_tons":740707.3644652908,"city_id":10344,"country_iso":"CHN"},{"h3index":"8740e18f4ffffff","population_2015":15203.7529798433,"total_built_mass_tons":3666994.7009969871,"city_id":10344,"country_iso":"CHN"},{"h3index":"8740e18f5ffffff","population_2015":14.5485252306,"total_built_mass_tons":2764.0082352941,"city_id":10344,"country_iso":"CHN"},{"h3index":"8740e18f6ffffff","population_2015":1619.9885021294,"total_built_mass_tons":3353010.6292672474,"city_id":10344,"country_iso":"CHN"}]