[{"h3index": "874171080ffffff", "population_2015": 1046.2176842441745, "total_built_mass_tons": 694727.8670965104, "city_id": 11713, "country_iso": "CHN"}, {"h3index": "874171081ffffff", "population_2015": 5231.24026390291, "total_built_mass_tons": 3063860.400510038, "city_id": 11713, "country_iso": "CHN"}, {"h3index": "874171082ffffff", "population_2015": 6.698706041597853, "total_built_mass_tons": 12716.571584978692, "city_id": 11713, "country_iso": "CHN"}, {"h3index": "874171083ffffff", "population_2015": 3320.616516327859, "total_built_mass_tons": 3461813.415743756, "city_id": 11713, "country_iso": "CHN"}, {"h3index": "874171085ffffff", "population_2015": 103.61972320594042, "total_built_mass_tons": 63836.66519974369, "city_id": 11713, "country_iso": "CHN"}, {"h3index": "874171088ffffff", "population_2015": 12158.157287872538, "total_built_mass_tons": 1715129.104657043, "city_id": 11713, "country_iso": "CHN"}, {"h3index": "874171089ffffff", "population_2015": 136.9149669422823, "total_built_mass_tons": 47680.04999201255, "city_id": 11713, "country_iso": "CHN"}, {"h3index": "87417108cffffff", "population_2015": 12870.386127045582, "total_built_mass_tons": 3159556.3687666683, "city_id": 11713, "country_iso": "CHN"}, {"h3index": "87417108dffffff", "population_2015": 3256.0589770859365, "total_built_mass_tons": 518219.51664716314, "city_id": 11713, "country_iso": "CHN"}, {"h3index": "87417108effffff", "population_2015": 5254.361991788826, "total_built_mass_tons": 4417305.850577105, "city_id": 11713, "country_iso": "CHN"}, {"h3index": "874171098ffffff", "population_2015": 3047.0606833289653, "total_built_mass_tons": 674050.589738655, "city_id": 11713, "country_iso": "CHN"}, {"h3index": "87417109affffff", "population_2015": 24.27462097616757, "total_built_mass_tons": 31890.957987961363, "city_id": 11713, "country_iso": "CHN"}, {"h3index": "87417109cffffff", "population_2015": 1962.0717153595945, "total_built_mass_tons": 468385.9846590607, "city_id": 11713, "country_iso": "CHN"}, {"h3index": "87417109dffffff", "population_2015": 1300.6351160203708, "total_built_mass_tons": 1020775.8428110788, "city_id": 11713, "country_iso": "CHN"}, {"h3index": "87417109effffff", "population_2015": 601.4251482533472, "total_built_mass_tons": 397217.60404769215, "city_id": 11713, "country_iso": "CHN"}, {"h3index": "8741710aaffffff", "population_2015": 632.6914416930255, "total_built_mass_tons": 159566.95373822597, "city_id": 11713, "country_iso": "CHN"}, {"h3index": "8741710abffffff", "population_2015": 1048.7929332920148, "total_built_mass_tons": 123513.4776977473, "city_id": 11713, "country_iso": "CHN"}]