[{"h3index": "8765230c0ffffff", "population_2015": 7166.661463522443, "total_built_mass_tons": 1314538.1335941425, "city_id": 11266, "country_iso": "MYS"}, {"h3index": "8765230c1ffffff", "population_2015": 6630.947673154343, "total_built_mass_tons": 1137186.9456575136, "city_id": 11266, "country_iso": "MYS"}, {"h3index": "8765230c2ffffff", "population_2015": 186.56102934070665, "total_built_mass_tons": 88148.7485679836, "city_id": 11266, "country_iso": "MYS"}, {"h3index": "8765230c3ffffff", "population_2015": 4862.925732592041, "total_built_mass_tons": 1273689.763257185, "city_id": 11266, "country_iso": "MYS"}, {"h3index": "8765230c4ffffff", "population_2015": 40.69946943544874, "total_built_mass_tons": 35392.234608115476, "city_id": 11266, "country_iso": "MYS"}, {"h3index": "8765230c5ffffff", "population_2015": 2622.5375763724833, "total_built_mass_tons": 676356.8618273736, "city_id": 11266, "country_iso": "MYS"}, {"h3index": "8765230c6ffffff", "population_2015": 187.3169505960801, "total_built_mass_tons": 74511.44498214935, "city_id": 11266, "country_iso": "MYS"}, {"h3index": "8765230c8ffffff", "population_2015": 25022.695435737165, "total_built_mass_tons": 4352662.046136235, "city_id": 11266, "country_iso": "MYS"}, {"h3index": "8765230c9ffffff", "population_2015": 8892.483507163857, "total_built_mass_tons": 1626807.285122756, "city_id": 11266, "country_iso": "MYS"}, {"h3index": "8765230caffffff", "population_2015": 15030.434155408071, "total_built_mass_tons": 3161941.215913289, "city_id": 11266, "country_iso": "MYS"}, {"h3index": "8765230cbffffff", "population_2015": 12680.996234519806, "total_built_mass_tons": 2130727.1123234634, "city_id": 11266, "country_iso": "MYS"}, {"h3index": "8765230ccffffff", "population_2015": 19181.971999020672, "total_built_mass_tons": 3495145.4052686766, "city_id": 11266, "country_iso": "MYS"}, {"h3index": "8765230cdffffff", "population_2015": 8951.53494563383, "total_built_mass_tons": 1872022.6916706192, "city_id": 11266, "country_iso": "MYS"}, {"h3index": "8765230ceffffff", "population_2015": 16793.463962951366, "total_built_mass_tons": 2705143.728610491, "city_id": 11266, "country_iso": "MYS"}, {"h3index": "8765230d8ffffff", "population_2015": 12366.287348650014, "total_built_mass_tons": 2942517.103476567, "city_id": 11266, "country_iso": "MYS"}, {"h3index": "8765230d9ffffff", "population_2015": 11405.53009498821, "total_built_mass_tons": 1868882.7322950256, "city_id": 11266, "country_iso": "MYS"}, {"h3index": "8765230daffffff", "population_2015": 2405.281191335939, "total_built_mass_tons": 708993.9324258859, "city_id": 11266, "country_iso": "MYS"}, {"h3index": "8765230dbffffff", "population_2015": 3936.1287852866985, "total_built_mass_tons": 1923459.5614361048, "city_id": 11266, "country_iso": "MYS"}, {"h3index": "8765230dcffffff", "population_2015": 7293.538214040271, "total_built_mass_tons": 2462420.9202798153, "city_id": 11266, "country_iso": "MYS"}, {"h3index": "8765230ddffffff", "population_2015": 13137.939322796992, "total_built_mass_tons": 2354964.0373683013, "city_id": 11266, "country_iso": "MYS"}, {"h3index": "8765230deffffff", "population_2015": 352.2191697401159, "total_built_mass_tons": 104445.96545055148, "city_id": 11266, "country_iso": "MYS"}, {"h3index": "8765230e3ffffff", "population_2015": 750.8358035330679, "total_built_mass_tons": 210925.3248492756, "city_id": 11266, "country_iso": "MYS"}, {"h3index": "8765230eaffffff", "population_2015": 2274.217218731898, "total_built_mass_tons": 584379.1273562172, "city_id": 11266, "country_iso": "MYS"}, {"h3index": "8765230ebffffff", "population_2015": 2.564266429227941, "total_built_mass_tons": 17921.307052265416, "city_id": 11266, "country_iso": "MYS"}, {"h3index": "876523390ffffff", "population_2015": 2315.6052118899775, "total_built_mass_tons": 1171447.4248531414, "city_id": 11266, "country_iso": "MYS"}, {"h3index": "876523391ffffff", "population_2015": 409.1922498964795, "total_built_mass_tons": 90143.06847451984, "city_id": 11266, "country_iso": "MYS"}, {"h3index": "876523392ffffff", "population_2015": 1247.9502413188711, "total_built_mass_tons": 337966.12396244373, "city_id": 11266, "country_iso": "MYS"}, {"h3index": "876523393ffffff", "population_2015": 1894.5287307234369, "total_built_mass_tons": 713633.4580497434, "city_id": 11266, "country_iso": "MYS"}, {"h3index": "876523396ffffff", "population_2015": 5824.82437437095, "total_built_mass_tons": 1363527.8654188705, "city_id": 11266, "country_iso": "MYS"}, {"h3index": "87652339effffff", "population_2015": 1611.5300626717365, "total_built_mass_tons": 475138.7171395321, "city_id": 11266, "country_iso": "MYS"}, {"h3index": "876523760ffffff", "population_2015": 8540.325423188304, "total_built_mass_tons": 2427086.814940828, "city_id": 11266, "country_iso": "MYS"}, {"h3index": "876523761ffffff", "population_2015": 5321.1191002097785, "total_built_mass_tons": 1438992.4111192925, "city_id": 11266, "country_iso": "MYS"}, {"h3index": "876523762ffffff", "population_2015": 1777.7167079514147, "total_built_mass_tons": 669142.981411702, "city_id": 11266, "country_iso": "MYS"}, {"h3index": "876523763ffffff", "population_2015": 3391.678041996675, "total_built_mass_tons": 1067347.585201186, "city_id": 11266, "country_iso": "MYS"}, {"h3index": "876523764ffffff", "population_2015": 15224.31277239931, "total_built_mass_tons": 3102410.3644821215, "city_id": 11266, "country_iso": "MYS"}, {"h3index": "876523765ffffff", "population_2015": 7280.02357122197, "total_built_mass_tons": 1293160.6327159845, "city_id": 11266, "country_iso": "MYS"}, {"h3index": "876523766ffffff", "population_2015": 12077.911711214105, "total_built_mass_tons": 2574965.9783233544, "city_id": 11266, "country_iso": "MYS"}, {"h3index": "876523768ffffff", "population_2015": 12.370835921343636, "total_built_mass_tons": 3367.7595076618304, "city_id": 11266, "country_iso": "MYS"}, {"h3index": "87652376cffffff", "population_2015": 2886.9513966878253, "total_built_mass_tons": 869751.8544383345, "city_id": 11266, "country_iso": "MYS"}, {"h3index": "87652376dffffff", "population_2015": 601.0245813893334, "total_built_mass_tons": 190027.7203872819, "city_id": 11266, "country_iso": "MYS"}, {"h3index": "87652376effffff", "population_2015": 3578.841863951963, "total_built_mass_tons": 1600407.3966982523, "city_id": 11266, "country_iso": "MYS"}, {"h3index": "876523775ffffff", "population_2015": 2442.57241154465, "total_built_mass_tons": 1079883.0524313, "city_id": 11266, "country_iso": "MYS"}]