[{"h3index":"876d602d8ffffff","population_2015":1118.0235276465,"total_built_mass_tons":242300.1901893989,"city_id":360,"country_iso":"NIC"},{"h3index":"876d602daffffff","population_2015":3127.5596486559,"total_built_mass_tons":804434.993184187,"city_id":360,"country_iso":"NIC"},{"h3index":"876d602dbffffff","population_2015":3025.8989631877,"total_built_mass_tons":847238.8286687603,"city_id":360,"country_iso":"NIC"},{"h3index":"876d602deffffff","population_2015":130.0987626338,"total_built_mass_tons":37318.5551246381,"city_id":360,"country_iso":"NIC"},{"h3index":"876d63929ffffff","population_2015":1427.4250671985,"total_built_mass_tons":427685.4772593731,"city_id":360,"country_iso":"NIC"},{"h3index":"876d6392bffffff","population_2015":24.5992009331,"total_built_mass_tons":7900.4293719985,"city_id":360,"country_iso":"NIC"},{"h3index":"876d63962ffffff","population_2015":43.1567226036,"total_built_mass_tons":13851.4203705721,"city_id":360,"country_iso":"NIC"},{"h3index":"876d63966ffffff","population_2015":1034.8666364707,"total_built_mass_tons":211678.2514014267,"city_id":360,"country_iso":"NIC"},{"h3index":"876d63970ffffff","population_2015":983.1942986208,"total_built_mass_tons":288167.7935072284,"city_id":360,"country_iso":"NIC"},{"h3index":"876d63974ffffff","population_2015":9093.6460184883,"total_built_mass_tons":3324922.0936208414,"city_id":360,"country_iso":"NIC"},{"h3index":"876d63975ffffff","population_2015":2388.8968667947,"total_built_mass_tons":555055.3835738418,"city_id":360,"country_iso":"NIC"},{"h3index":"876d63976ffffff","population_2015":1873.9774952533,"total_built_mass_tons":584499.4833214507,"city_id":360,"country_iso":"NIC"}]