[{"h3index": "871ea5400ffffff", "population_2015": 5134.071124841302, "total_built_mass_tons": 1266604.6371384598, "city_id": 2860, "country_iso": "ITA"}, {"h3index": "871ea5402ffffff", "population_2015": 3063.1281993286716, "total_built_mass_tons": 995391.404996764, "city_id": 2860, "country_iso": "ITA"}, {"h3index": "871ea5404ffffff", "population_2015": 808.3242103497188, "total_built_mass_tons": 289302.87457293615, "city_id": 2860, "country_iso": "ITA"}, {"h3index": "871ea5406ffffff", "population_2015": 30748.97692730848, "total_built_mass_tons": 5446460.821710831, "city_id": 2860, "country_iso": "ITA"}, {"h3index": "871ea5410ffffff", "population_2015": 4426.578836793203, "total_built_mass_tons": 5665820.758749751, "city_id": 2860, "country_iso": "ITA"}, {"h3index": "871ea5411ffffff", "population_2015": 6.432487119635219, "total_built_mass_tons": 3760718.61667007, "city_id": 2860, "country_iso": "ITA"}, {"h3index": "871ea5412ffffff", "population_2015": 18.194094803097077, "total_built_mass_tons": 2837669.380670363, "city_id": 2860, "country_iso": "ITA"}, {"h3index": "871ea5413ffffff", "population_2015": 4.12487764080539, "total_built_mass_tons": 4212170.181526404, "city_id": 2860, "country_iso": "ITA"}, {"h3index": "871ea5414ffffff", "population_2015": 24011.183034017504, "total_built_mass_tons": 5652335.86852718, "city_id": 2860, "country_iso": "ITA"}, {"h3index": "871ea5415ffffff", "population_2015": 23034.530038717938, "total_built_mass_tons": 8029177.341505137, "city_id": 2860, "country_iso": "ITA"}, {"h3index": "871ea5416ffffff", "population_2015": 161.73007240885613, "total_built_mass_tons": 1155995.1512304172, "city_id": 2860, "country_iso": "ITA"}, {"h3index": "871ea5431ffffff", "population_2015": 1005.8960112796692, "total_built_mass_tons": 1195186.0297341808, "city_id": 2860, "country_iso": "ITA"}, {"h3index": "871ea5432ffffff", "population_2015": 1651.8300630278443, "total_built_mass_tons": 486990.9162508325, "city_id": 2860, "country_iso": "ITA"}, {"h3index": "871ea5433ffffff", "population_2015": 18134.570428930827, "total_built_mass_tons": 4779731.627033558, "city_id": 2860, "country_iso": "ITA"}, {"h3index": "871ea54acffffff", "population_2015": 21.827294417324143, "total_built_mass_tons": 1754080.30116685, "city_id": 2860, "country_iso": "ITA"}, {"h3index": "871ea54adffffff", "population_2015": 4.94108318069621, "total_built_mass_tons": 976836.7697897094, "city_id": 2860, "country_iso": "ITA"}, {"h3index": "871ea5588ffffff", "population_2015": 56.860560211188655, "total_built_mass_tons": 61937.12115336236, "city_id": 2860, "country_iso": "ITA"}, {"h3index": "871ea5589ffffff", "population_2015": 4259.942305505042, "total_built_mass_tons": 1101713.938901252, "city_id": 2860, "country_iso": "ITA"}, {"h3index": "871ea558cffffff", "population_2015": 1844.909634878647, "total_built_mass_tons": 785782.5618441405, "city_id": 2860, "country_iso": "ITA"}, {"h3index": "871ea558dffffff", "population_2015": 12629.76047389687, "total_built_mass_tons": 2778753.0085598277, "city_id": 2860, "country_iso": "ITA"}, {"h3index": "871ea55abffffff", "population_2015": 494.77667079979886, "total_built_mass_tons": 266676.8654175211, "city_id": 2860, "country_iso": "ITA"}]