[{"h3index": "878131c00ffffff", "population_2015": 152.5934822587406, "total_built_mass_tons": 28519.957756581305, "city_id": 1386, "country_iso": "BRA"}, {"h3index": "878131c04ffffff", "population_2015": 11809.36023151734, "total_built_mass_tons": 1624873.4371070869, "city_id": 1386, "country_iso": "BRA"}, {"h3index": "878131c06ffffff", "population_2015": 11154.290019169974, "total_built_mass_tons": 1045802.3896376232, "city_id": 1386, "country_iso": "BRA"}, {"h3index": "878131c14ffffff", "population_2015": 7259.448557747694, "total_built_mass_tons": 459156.4209403748, "city_id": 1386, "country_iso": "BRA"}, {"h3index": "878131c15ffffff", "population_2015": 50.52514637732039, "total_built_mass_tons": 59163.781090113785, "city_id": 1386, "country_iso": "BRA"}, {"h3index": "878131c22ffffff", "population_2015": 170.1752887146145, "total_built_mass_tons": 56032.292117704346, "city_id": 1386, "country_iso": "BRA"}, {"h3index": "878131c26ffffff", "population_2015": 334.55727077652426, "total_built_mass_tons": 108083.4552261432, "city_id": 1386, "country_iso": "BRA"}, {"h3index": "878131c30ffffff", "population_2015": 21579.956627504504, "total_built_mass_tons": 3272859.3281326643, "city_id": 1386, "country_iso": "BRA"}, {"h3index": "878131c31ffffff", "population_2015": 27451.533912755694, "total_built_mass_tons": 2333753.145280999, "city_id": 1386, "country_iso": "BRA"}, {"h3index": "878131c32ffffff", "population_2015": 29881.19197751167, "total_built_mass_tons": 3524667.050877193, "city_id": 1386, "country_iso": "BRA"}, {"h3index": "878131c33ffffff", "population_2015": 41518.54090475101, "total_built_mass_tons": 3597131.81967215, "city_id": 1386, "country_iso": "BRA"}, {"h3index": "878131c34ffffff", "population_2015": 9213.29271033044, "total_built_mass_tons": 1897638.9422665052, "city_id": 1386, "country_iso": "BRA"}, {"h3index": "878131c35ffffff", "population_2015": 28289.389891418297, "total_built_mass_tons": 2693930.480321704, "city_id": 1386, "country_iso": "BRA"}, {"h3index": "878131c36ffffff", "population_2015": 3323.0529702167883, "total_built_mass_tons": 674502.2808067863, "city_id": 1386, "country_iso": "BRA"}, {"h3index": "878131d1affffff", "population_2015": 5192.6909381801015, "total_built_mass_tons": 458493.8015989335, "city_id": 1386, "country_iso": "BRA"}, {"h3index": "878131d1bffffff", "population_2015": 368.4564808742673, "total_built_mass_tons": 130189.53186184986, "city_id": 1386, "country_iso": "BRA"}, {"h3index": "878131d89ffffff", "population_2015": 700.8281030748404, "total_built_mass_tons": 66142.2919070993, "city_id": 1386, "country_iso": "BRA"}, {"h3index": "878131d8dffffff", "population_2015": 420.1314413416621, "total_built_mass_tons": 153103.81860259443, "city_id": 1386, "country_iso": "BRA"}, {"h3index": "878131da9ffffff", "population_2015": 5594.001471359124, "total_built_mass_tons": 459471.0736077167, "city_id": 1386, "country_iso": "BRA"}]