[{"h3index":"873e71230ffffff","population_2015":3113.2160978317,"total_built_mass_tons":587824.6544573453,"city_id":3924,"country_iso":"EGY"},{"h3index":"873e71231ffffff","population_2015":12.4001535528,"total_built_mass_tons":3299.0185205026,"city_id":3924,"country_iso":"EGY"},{"h3index":"873e71232ffffff","population_2015":2044.1679011925,"total_built_mass_tons":402164.548395431,"city_id":3924,"country_iso":"EGY"},{"h3index":"873e71236ffffff","population_2015":5797.6517466676,"total_built_mass_tons":622769.5711351421,"city_id":3924,"country_iso":"EGY"},{"h3index":"873e71389ffffff","population_2015":21.6210012025,"total_built_mass_tons":4288.2020123728,"city_id":3924,"country_iso":"EGY"},{"h3index":"873e7138dffffff","population_2015":983.5550170076,"total_built_mass_tons":167772.6195379431,"city_id":3924,"country_iso":"EGY"}]