[{"h3index": "871196204ffffff", "population_2015": 314.10967758122615, "total_built_mass_tons": 131788.98320051527, "city_id": 3791, "country_iso": "RUS"}, {"h3index": "871196206ffffff", "population_2015": 197.5939430110595, "total_built_mass_tons": 244958.12400732248, "city_id": 3791, "country_iso": "RUS"}, {"h3index": "871196214ffffff", "population_2015": 6406.771931700144, "total_built_mass_tons": 3004947.3120325506, "city_id": 3791, "country_iso": "RUS"}, {"h3index": "871196215ffffff", "population_2015": 1864.0365949705536, "total_built_mass_tons": 940569.4180193846, "city_id": 3791, "country_iso": "RUS"}, {"h3index": "871196216ffffff", "population_2015": 52.42501687068566, "total_built_mass_tons": 56069.44205085556, "city_id": 3791, "country_iso": "RUS"}, {"h3index": "871196224ffffff", "population_2015": 10.28930616939769, "total_built_mass_tons": 8531.925742728412, "city_id": 3791, "country_iso": "RUS"}, {"h3index": "871196226ffffff", "population_2015": 2230.586048487121, "total_built_mass_tons": 1017646.432412901, "city_id": 3791, "country_iso": "RUS"}, {"h3index": "871196230ffffff", "population_2015": 10263.82829709895, "total_built_mass_tons": 3428344.549309778, "city_id": 3791, "country_iso": "RUS"}, {"h3index": "871196231ffffff", "population_2015": 2815.8015919517065, "total_built_mass_tons": 1043420.9874498156, "city_id": 3791, "country_iso": "RUS"}, {"h3index": "871196232ffffff", "population_2015": 8906.640939792931, "total_built_mass_tons": 4156049.896957224, "city_id": 3791, "country_iso": "RUS"}, {"h3index": "871196233ffffff", "population_2015": 6651.467144743601, "total_built_mass_tons": 2882014.839801932, "city_id": 3791, "country_iso": "RUS"}, {"h3index": "871196234ffffff", "population_2015": 30718.06331793841, "total_built_mass_tons": 7571005.176426253, "city_id": 3791, "country_iso": "RUS"}, {"h3index": "871196235ffffff", "population_2015": 5389.289768265744, "total_built_mass_tons": 1904318.0193678143, "city_id": 3791, "country_iso": "RUS"}, {"h3index": "871196236ffffff", "population_2015": 11207.36368940952, "total_built_mass_tons": 2846729.8025236744, "city_id": 3791, "country_iso": "RUS"}, {"h3index": "871196302ffffff", "population_2015": 59.776796146467625, "total_built_mass_tons": 25629.74298442084, "city_id": 3791, "country_iso": "RUS"}, {"h3index": "87119630affffff", "population_2015": 1193.94597688142, "total_built_mass_tons": 385515.3455586551, "city_id": 3791, "country_iso": "RUS"}, {"h3index": "871196318ffffff", "population_2015": 9850.135102952696, "total_built_mass_tons": 3876874.061956324, "city_id": 3791, "country_iso": "RUS"}, {"h3index": "871196319ffffff", "population_2015": 12221.458093002731, "total_built_mass_tons": 3811787.6504743295, "city_id": 3791, "country_iso": "RUS"}, {"h3index": "87119631affffff", "population_2015": 13610.910784547475, "total_built_mass_tons": 5299694.942578729, "city_id": 3791, "country_iso": "RUS"}, {"h3index": "87119631bffffff", "population_2015": 19987.44941579407, "total_built_mass_tons": 6045507.332310286, "city_id": 3791, "country_iso": "RUS"}, {"h3index": "87119631cffffff", "population_2015": 2134.143470291063, "total_built_mass_tons": 1142695.408604503, "city_id": 3791, "country_iso": "RUS"}, {"h3index": "87119631dffffff", "population_2015": 572.2367458708147, "total_built_mass_tons": 334280.8119032362, "city_id": 3791, "country_iso": "RUS"}, {"h3index": "87119631effffff", "population_2015": 1857.8192002296448, "total_built_mass_tons": 585177.0785917117, "city_id": 3791, "country_iso": "RUS"}, {"h3index": "871196389ffffff", "population_2015": 2319.49501173543, "total_built_mass_tons": 1225877.1296250916, "city_id": 3791, "country_iso": "RUS"}, {"h3index": "87119638cffffff", "population_2015": 223.86086830391605, "total_built_mass_tons": 123168.25121623282, "city_id": 3791, "country_iso": "RUS"}, {"h3index": "87119638dffffff", "population_2015": 1268.348407405031, "total_built_mass_tons": 537993.706680425, "city_id": 3791, "country_iso": "RUS"}, {"h3index": "8711963a1ffffff", "population_2015": 407.3545263383902, "total_built_mass_tons": 168540.96023997222, "city_id": 3791, "country_iso": "RUS"}, {"h3index": "8711963a8ffffff", "population_2015": 15575.870637351867, "total_built_mass_tons": 3957027.3610615134, "city_id": 3791, "country_iso": "RUS"}, {"h3index": "8711963a9ffffff", "population_2015": 23169.131442219605, "total_built_mass_tons": 5100892.367929757, "city_id": 3791, "country_iso": "RUS"}, {"h3index": "8711963aaffffff", "population_2015": 1649.4338309792906, "total_built_mass_tons": 1250971.5165726056, "city_id": 3791, "country_iso": "RUS"}, {"h3index": "8711963abffffff", "population_2015": 14307.052709757583, "total_built_mass_tons": 4341398.85650596, "city_id": 3791, "country_iso": "RUS"}, {"h3index": "8711963acffffff", "population_2015": 3946.487184445997, "total_built_mass_tons": 1459615.0974749504, "city_id": 3791, "country_iso": "RUS"}, {"h3index": "8711963adffffff", "population_2015": 3320.3462644408723, "total_built_mass_tons": 996870.3083379134, "city_id": 3791, "country_iso": "RUS"}, {"h3index": "8711963aeffffff", "population_2015": 339.9675428348429, "total_built_mass_tons": 186258.3144391518, "city_id": 3791, "country_iso": "RUS"}]