[{"h3index":"873cd1321ffffff","population_2015":1250.7412263758,"total_built_mass_tons":132108.1100139576,"city_id":10072,"country_iso":"BGD"},{"h3index":"873cd1325ffffff","population_2015":4585.8908016803,"total_built_mass_tons":658413.6035469658,"city_id":10072,"country_iso":"BGD"},{"h3index":"873cd132cffffff","population_2015":10.0435966641,"total_built_mass_tons":49909.6814944674,"city_id":10072,"country_iso":"BGD"},{"h3index":"873cd132dffffff","population_2015":292.9418678284,"total_built_mass_tons":176895.7458365196,"city_id":10072,"country_iso":"BGD"},{"h3index":"873cd1366ffffff","population_2015":310.7690505981,"total_built_mass_tons":64653.0550733091,"city_id":10072,"country_iso":"BGD"},{"h3index":"873cd1375ffffff","population_2015":130.141301645,"total_built_mass_tons":25499.7467848687,"city_id":10072,"country_iso":"BGD"},{"h3index":"873cd1a89ffffff","population_2015":5480.8135085985,"total_built_mass_tons":609732.19033843,"city_id":10072,"country_iso":"BGD"},{"h3index":"873cd1a8bffffff","population_2015":940.7448232464,"total_built_mass_tons":70861.944886351,"city_id":10072,"country_iso":"BGD"},{"h3index":"873cd1ad0ffffff","population_2015":2.1829756194,"total_built_mass_tons":57018.1296758272,"city_id":10072,"country_iso":"BGD"},{"h3index":"873cd1ad2ffffff","population_2015":2333.8049032922,"total_built_mass_tons":228346.2806838117,"city_id":10072,"country_iso":"BGD"},{"h3index":"873cd1ad3ffffff","population_2015":418.9743963354,"total_built_mass_tons":110979.6414384693,"city_id":10072,"country_iso":"BGD"},{"h3index":"873cd1ad6ffffff","population_2015":27137.7061556199,"total_built_mass_tons":1263432.6239619297,"city_id":10072,"country_iso":"BGD"},{"h3index":"873cd1ad8ffffff","population_2015":13.6600174904,"total_built_mass_tons":25137.5437296251,"city_id":10072,"country_iso":"BGD"},{"h3index":"873cd1ad9ffffff","population_2015":8.2772728266,"total_built_mass_tons":8948.725303803,"city_id":10072,"country_iso":"BGD"},{"h3index":"873cd1adaffffff","population_2015":54.1754817963,"total_built_mass_tons":72707.6281081264,"city_id":10072,"country_iso":"BGD"},{"h3index":"873cd1adbffffff","population_2015":238.9606021582,"total_built_mass_tons":85286.0854206764,"city_id":10072,"country_iso":"BGD"},{"h3index":"873cd1adeffffff","population_2015":93.3107640285,"total_built_mass_tons":58330.7027395464,"city_id":10072,"country_iso":"BGD"},{"h3index":"873cd1af2ffffff","population_2015":12.4174120249,"total_built_mass_tons":3408.5897127267,"city_id":10072,"country_iso":"BGD"}]