[{"h3index":"871f04d09ffffff","population_2015":1608.9138147148,"total_built_mass_tons":1375576.2473894269,"city_id":2564,"country_iso":"DNK"},{"h3index":"871f04d29ffffff","population_2015":230.006498046,"total_built_mass_tons":176920.5213372942,"city_id":2564,"country_iso":"DNK"},{"h3index":"871f04d40ffffff","population_2015":1405.4103211908,"total_built_mass_tons":1082652.4822192336,"city_id":2564,"country_iso":"DNK"},{"h3index":"871f04d42ffffff","population_2015":493.1570464078,"total_built_mass_tons":364113.0957480201,"city_id":2564,"country_iso":"DNK"},{"h3index":"871f04d44ffffff","population_2015":5571.4400870351,"total_built_mass_tons":2096317.611788332,"city_id":2564,"country_iso":"DNK"},{"h3index":"871f04d45ffffff","population_2015":43.036861689,"total_built_mass_tons":28683.6377238891,"city_id":2564,"country_iso":"DNK"},{"h3index":"871f04d46ffffff","population_2015":9128.1093867545,"total_built_mass_tons":3826028.9109209478,"city_id":2564,"country_iso":"DNK"},{"h3index":"871f04d50ffffff","population_2015":2808.8338232003,"total_built_mass_tons":2286022.9488028032,"city_id":2564,"country_iso":"DNK"},{"h3index":"871f04d51ffffff","population_2015":1113.5140853461,"total_built_mass_tons":1103993.0513711183,"city_id":2564,"country_iso":"DNK"},{"h3index":"871f04d53ffffff","population_2015":128.2420061499,"total_built_mass_tons":302045.082240523,"city_id":2564,"country_iso":"DNK"},{"h3index":"871f04d54ffffff","population_2015":5544.5719859142,"total_built_mass_tons":2516234.3277643314,"city_id":2564,"country_iso":"DNK"},{"h3index":"871f04d55ffffff","population_2015":3564.3387811584,"total_built_mass_tons":1913128.2925269783,"city_id":2564,"country_iso":"DNK"},{"h3index":"871f04d56ffffff","population_2015":1002.5306752972,"total_built_mass_tons":821159.9603580228,"city_id":2564,"country_iso":"DNK"},{"h3index":"871f04d60ffffff","population_2015":302.6413619518,"total_built_mass_tons":379503.0287736257,"city_id":2564,"country_iso":"DNK"},{"h3index":"871f04d62ffffff","population_2015":3689.7071726042,"total_built_mass_tons":1924291.0401335289,"city_id":2564,"country_iso":"DNK"},{"h3index":"871f04d63ffffff","population_2015":789.0532718004,"total_built_mass_tons":305567.3383781367,"city_id":2564,"country_iso":"DNK"},{"h3index":"871f04d64ffffff","population_2015":95.5347705673,"total_built_mass_tons":108917.5998534663,"city_id":2564,"country_iso":"DNK"},{"h3index":"871f04d66ffffff","population_2015":1928.0394051327,"total_built_mass_tons":2043437.6956889101,"city_id":2564,"country_iso":"DNK"},{"h3index":"871f04d70ffffff","population_2015":8089.8359493966,"total_built_mass_tons":3468182.2151200483,"city_id":2564,"country_iso":"DNK"},{"h3index":"871f04d71ffffff","population_2015":14462.4224584514,"total_built_mass_tons":5835411.8899726644,"city_id":2564,"country_iso":"DNK"},{"h3index":"871f04d72ffffff","population_2015":1060.1640774811,"total_built_mass_tons":815875.7039885924,"city_id":2564,"country_iso":"DNK"},{"h3index":"871f04d73ffffff","population_2015":9642.7477803529,"total_built_mass_tons":3218689.4603983485,"city_id":2564,"country_iso":"DNK"},{"h3index":"871f04d74ffffff","population_2015":5217.3418047082,"total_built_mass_tons":3042017.7850650013,"city_id":2564,"country_iso":"DNK"},{"h3index":"871f04d75ffffff","population_2015":4001.3191181389,"total_built_mass_tons":2637292.9924464724,"city_id":2564,"country_iso":"DNK"},{"h3index":"871f04d76ffffff","population_2015":719.6754963071,"total_built_mass_tons":263799.8196818389,"city_id":2564,"country_iso":"DNK"},{"h3index":"871f226d9ffffff","population_2015":175.1460682345,"total_built_mass_tons":406902.9902951201,"city_id":2564,"country_iso":"DNK"},{"h3index":"871f226daffffff","population_2015":179.1987228665,"total_built_mass_tons":202819.589942728,"city_id":2564,"country_iso":"DNK"},{"h3index":"871f226dbffffff","population_2015":3036.2047035549,"total_built_mass_tons":1953581.3339544856,"city_id":2564,"country_iso":"DNK"}]