[{"h3index": "874095c00ffffff", "population_2015": 3118.100768869064, "total_built_mass_tons": 1042237.4926439216, "city_id": 11103, "country_iso": "CHN"}, {"h3index": "874095c01ffffff", "population_2015": 431.42917996855346, "total_built_mass_tons": 400086.6726757597, "city_id": 11103, "country_iso": "CHN"}, {"h3index": "874095c02ffffff", "population_2015": 1605.7469364577646, "total_built_mass_tons": 427552.13094948424, "city_id": 11103, "country_iso": "CHN"}, {"h3index": "874095c04ffffff", "population_2015": 13320.685825875227, "total_built_mass_tons": 3960550.9516511406, "city_id": 11103, "country_iso": "CHN"}, {"h3index": "874095c05ffffff", "population_2015": 701.7859799544017, "total_built_mass_tons": 1002717.3036697356, "city_id": 11103, "country_iso": "CHN"}, {"h3index": "874095c06ffffff", "population_2015": 20233.73443181655, "total_built_mass_tons": 4371768.206378952, "city_id": 11103, "country_iso": "CHN"}, {"h3index": "874095c10ffffff", "population_2015": 213.51091404615667, "total_built_mass_tons": 228194.2660054688, "city_id": 11103, "country_iso": "CHN"}, {"h3index": "874095c11ffffff", "population_2015": 5.137554434234021, "total_built_mass_tons": 12068.778123880837, "city_id": 11103, "country_iso": "CHN"}, {"h3index": "874095c14ffffff", "population_2015": 783.4379745221607, "total_built_mass_tons": 715052.0022560526, "city_id": 11103, "country_iso": "CHN"}, {"h3index": "874095c15ffffff", "population_2015": 7052.7675528975105, "total_built_mass_tons": 2338460.338340612, "city_id": 11103, "country_iso": "CHN"}, {"h3index": "874095c22ffffff", "population_2015": 7542.359869077626, "total_built_mass_tons": 2405090.5718526696, "city_id": 11103, "country_iso": "CHN"}, {"h3index": "874095c23ffffff", "population_2015": 673.6735216832628, "total_built_mass_tons": 694539.9901313685, "city_id": 11103, "country_iso": "CHN"}, {"h3index": "874095c24ffffff", "population_2015": 49.02293701452368, "total_built_mass_tons": 78790.63050369757, "city_id": 11103, "country_iso": "CHN"}, {"h3index": "874095c26ffffff", "population_2015": 2813.2011610835207, "total_built_mass_tons": 1874361.140907456, "city_id": 11103, "country_iso": "CHN"}, {"h3index": "874095c28ffffff", "population_2015": 1056.7909043503744, "total_built_mass_tons": 741641.5579248202, "city_id": 11103, "country_iso": "CHN"}, {"h3index": "874095c29ffffff", "population_2015": 525.6839859794167, "total_built_mass_tons": 397890.5040899662, "city_id": 11103, "country_iso": "CHN"}, {"h3index": "874095c2affffff", "population_2015": 1845.0309424676148, "total_built_mass_tons": 1094102.5323884378, "city_id": 11103, "country_iso": "CHN"}, {"h3index": "874095c2bffffff", "population_2015": 946.1140031496684, "total_built_mass_tons": 386603.24405700335, "city_id": 11103, "country_iso": "CHN"}, {"h3index": "874095c2dffffff", "population_2015": 226.71726931777656, "total_built_mass_tons": 233171.76547243632, "city_id": 11103, "country_iso": "CHN"}, {"h3index": "874095c2effffff", "population_2015": 347.6977459150202, "total_built_mass_tons": 570022.3296644528, "city_id": 11103, "country_iso": "CHN"}, {"h3index": "874095c30ffffff", "population_2015": 1734.157591370975, "total_built_mass_tons": 857129.069490748, "city_id": 11103, "country_iso": "CHN"}, {"h3index": "874095c31ffffff", "population_2015": 27823.35943296844, "total_built_mass_tons": 5339975.422801066, "city_id": 11103, "country_iso": "CHN"}, {"h3index": "874095c32ffffff", "population_2015": 3176.2657001990897, "total_built_mass_tons": 936651.4895717351, "city_id": 11103, "country_iso": "CHN"}, {"h3index": "874095c33ffffff", "population_2015": 8843.339972241722, "total_built_mass_tons": 3626325.471836173, "city_id": 11103, "country_iso": "CHN"}, {"h3index": "874095c34ffffff", "population_2015": 3066.245544418167, "total_built_mass_tons": 2054939.700782572, "city_id": 11103, "country_iso": "CHN"}, {"h3index": "874095c35ffffff", "population_2015": 3457.350936655904, "total_built_mass_tons": 2165165.131893768, "city_id": 11103, "country_iso": "CHN"}, {"h3index": "874095c36ffffff", "population_2015": 1492.9502551443438, "total_built_mass_tons": 793830.4687600735, "city_id": 11103, "country_iso": "CHN"}, {"h3index": "874095d19ffffff", "population_2015": 1062.1035974222073, "total_built_mass_tons": 1039904.3729776272, "city_id": 11103, "country_iso": "CHN"}, {"h3index": "874095d1affffff", "population_2015": 269.84596011217906, "total_built_mass_tons": 379506.0964076827, "city_id": 11103, "country_iso": "CHN"}, {"h3index": "874095d1bffffff", "population_2015": 1316.4790262974943, "total_built_mass_tons": 1324288.3055359437, "city_id": 11103, "country_iso": "CHN"}, {"h3index": "874095d58ffffff", "population_2015": 1086.4125606864104, "total_built_mass_tons": 643146.7288281097, "city_id": 11103, "country_iso": "CHN"}, {"h3index": "874095d5affffff", "population_2015": 1630.60875676847, "total_built_mass_tons": 839584.6730846077, "city_id": 11103, "country_iso": "CHN"}, {"h3index": "874095d5bffffff", "population_2015": 10.106799047133505, "total_built_mass_tons": 7767.941413395338, "city_id": 11103, "country_iso": "CHN"}, {"h3index": "874095d5effffff", "population_2015": 9.366307155758726, "total_built_mass_tons": 8952.859875026017, "city_id": 11103, "country_iso": "CHN"}, {"h3index": "874095d8dffffff", "population_2015": 690.2979220633413, "total_built_mass_tons": 233985.15202076227, "city_id": 11103, "country_iso": "CHN"}, {"h3index": "874095da9ffffff", "population_2015": 5.776309731427361, "total_built_mass_tons": 45162.29803103404, "city_id": 11103, "country_iso": "CHN"}]