[{"h3index":"873d8a8e0ffffff","population_2015":6.9305261724,"total_built_mass_tons":2994.2428747477,"city_id":7988,"country_iso":"IND"},{"h3index":"873d8a8e1ffffff","population_2015":57.451968726,"total_built_mass_tons":22243.6361325099,"city_id":7988,"country_iso":"IND"},{"h3index":"873d8a8ecffffff","population_2015":82.7073063907,"total_built_mass_tons":28772.3690072877,"city_id":7988,"country_iso":"IND"},{"h3index":"873d8a8eeffffff","population_2015":11.0247073043,"total_built_mass_tons":6210.6683056832,"city_id":7988,"country_iso":"IND"}]