[{"h3index":"874050a58ffffff","population_2015":55.8464851604,"total_built_mass_tons":64952.2240223539,"city_id":10333,"country_iso":"CHN"},{"h3index":"874050a59ffffff","population_2015":237.4950899283,"total_built_mass_tons":152336.6897306412,"city_id":10333,"country_iso":"CHN"},{"h3index":"874050a5affffff","population_2015":1305.3103893317,"total_built_mass_tons":430184.8729305356,"city_id":10333,"country_iso":"CHN"},{"h3index":"874050a5bffffff","population_2015":11112.8441581464,"total_built_mass_tons":2872641.7659453712,"city_id":10333,"country_iso":"CHN"},{"h3index":"874051da6ffffff","population_2015":206.9920755499,"total_built_mass_tons":103769.9979429227,"city_id":10333,"country_iso":"CHN"},{"h3index":"874051db4ffffff","population_2015":6279.9280947723,"total_built_mass_tons":497188.9144783159,"city_id":10333,"country_iso":"CHN"},{"h3index":"874051db5ffffff","population_2015":4531.5107775258,"total_built_mass_tons":900987.3254850744,"city_id":10333,"country_iso":"CHN"}]