[{"h3index": "873029104ffffff", "population_2015": 1366.3553249284334, "total_built_mass_tons": 269400.99917942175, "city_id": 12109, "country_iso": "PRK"}, {"h3index": "873029106ffffff", "population_2015": 961.7259056016512, "total_built_mass_tons": 194006.44631291833, "city_id": 12109, "country_iso": "PRK"}, {"h3index": "873029114ffffff", "population_2015": 3565.0858474357456, "total_built_mass_tons": 749654.3715793553, "city_id": 12109, "country_iso": "PRK"}, {"h3index": "873029116ffffff", "population_2015": 569.6589773664288, "total_built_mass_tons": 123610.34544709486, "city_id": 12109, "country_iso": "PRK"}, {"h3index": "873029120ffffff", "population_2015": 8998.891558718213, "total_built_mass_tons": 1761251.7329851738, "city_id": 12109, "country_iso": "PRK"}, {"h3index": "873029121ffffff", "population_2015": 1600.5694514779482, "total_built_mass_tons": 309064.96221894684, "city_id": 12109, "country_iso": "PRK"}, {"h3index": "873029122ffffff", "population_2015": 12226.927185081027, "total_built_mass_tons": 2427716.6818412985, "city_id": 12109, "country_iso": "PRK"}, {"h3index": "873029123ffffff", "population_2015": 7079.5551469167085, "total_built_mass_tons": 1437233.2150462582, "city_id": 12109, "country_iso": "PRK"}, {"h3index": "873029124ffffff", "population_2015": 12009.953573832796, "total_built_mass_tons": 3656928.316052448, "city_id": 12109, "country_iso": "PRK"}, {"h3index": "873029125ffffff", "population_2015": 6865.808968371975, "total_built_mass_tons": 2117453.2895900495, "city_id": 12109, "country_iso": "PRK"}, {"h3index": "873029126ffffff", "population_2015": 13417.925500720155, "total_built_mass_tons": 3055158.559092207, "city_id": 12109, "country_iso": "PRK"}, {"h3index": "873029130ffffff", "population_2015": 9422.048012243537, "total_built_mass_tons": 2318188.011309051, "city_id": 12109, "country_iso": "PRK"}, {"h3index": "873029131ffffff", "population_2015": 11712.689474592024, "total_built_mass_tons": 2529858.1078884476, "city_id": 12109, "country_iso": "PRK"}, {"h3index": "873029132ffffff", "population_2015": 13051.897040340946, "total_built_mass_tons": 3196743.932035947, "city_id": 12109, "country_iso": "PRK"}, {"h3index": "873029133ffffff", "population_2015": 4008.419799969244, "total_built_mass_tons": 846587.4150540746, "city_id": 12109, "country_iso": "PRK"}, {"h3index": "873029134ffffff", "population_2015": 13056.63360187306, "total_built_mass_tons": 4352842.564595779, "city_id": 12109, "country_iso": "PRK"}, {"h3index": "873029135ffffff", "population_2015": 9204.95717692656, "total_built_mass_tons": 1963392.8604932749, "city_id": 12109, "country_iso": "PRK"}, {"h3index": "873029136ffffff", "population_2015": 8304.27349351621, "total_built_mass_tons": 1604840.0748882303, "city_id": 12109, "country_iso": "PRK"}, {"h3index": "8730291a4ffffff", "population_2015": 922.377309290568, "total_built_mass_tons": 199562.4572622439, "city_id": 12109, "country_iso": "PRK"}, {"h3index": "873029880ffffff", "population_2015": 8053.073178631654, "total_built_mass_tons": 2446500.847352085, "city_id": 12109, "country_iso": "PRK"}, {"h3index": "873029881ffffff", "population_2015": 5236.219216432758, "total_built_mass_tons": 1035543.8545885474, "city_id": 12109, "country_iso": "PRK"}, {"h3index": "873029882ffffff", "population_2015": 10559.572569820928, "total_built_mass_tons": 2906972.00185615, "city_id": 12109, "country_iso": "PRK"}, {"h3index": "873029883ffffff", "population_2015": 8408.78549683515, "total_built_mass_tons": 2508905.0632803375, "city_id": 12109, "country_iso": "PRK"}, {"h3index": "873029884ffffff", "population_2015": 3524.329172523349, "total_built_mass_tons": 469360.6187415746, "city_id": 12109, "country_iso": "PRK"}, {"h3index": "873029885ffffff", "population_2015": 5305.911541112264, "total_built_mass_tons": 925178.9866827196, "city_id": 12109, "country_iso": "PRK"}, {"h3index": "873029886ffffff", "population_2015": 7393.826830284269, "total_built_mass_tons": 1586397.93534254, "city_id": 12109, "country_iso": "PRK"}, {"h3index": "873029888ffffff", "population_2015": 5572.045994732425, "total_built_mass_tons": 1351206.294461213, "city_id": 12109, "country_iso": "PRK"}, {"h3index": "873029889ffffff", "population_2015": 8730.195216175154, "total_built_mass_tons": 2157979.866719254, "city_id": 12109, "country_iso": "PRK"}, {"h3index": "87302988affffff", "population_2015": 11623.403594701427, "total_built_mass_tons": 3584614.916575075, "city_id": 12109, "country_iso": "PRK"}, {"h3index": "87302988bffffff", "population_2015": 10220.443425668464, "total_built_mass_tons": 2738409.6159041347, "city_id": 12109, "country_iso": "PRK"}, {"h3index": "87302988cffffff", "population_2015": 111.19066298989688, "total_built_mass_tons": 32569.386708447608, "city_id": 12109, "country_iso": "PRK"}, {"h3index": "87302988dffffff", "population_2015": 1831.4582719092275, "total_built_mass_tons": 377054.7345773354, "city_id": 12109, "country_iso": "PRK"}, {"h3index": "87302988effffff", "population_2015": 5294.681169779161, "total_built_mass_tons": 1429487.359713838, "city_id": 12109, "country_iso": "PRK"}, {"h3index": "873029890ffffff", "population_2015": 21392.1621805378, "total_built_mass_tons": 1844060.7675233472, "city_id": 12109, "country_iso": "PRK"}, {"h3index": "873029891ffffff", "population_2015": 17846.063792352114, "total_built_mass_tons": 2558872.2095031976, "city_id": 12109, "country_iso": "PRK"}, {"h3index": "873029892ffffff", "population_2015": 6916.061483054066, "total_built_mass_tons": 579535.7355461166, "city_id": 12109, "country_iso": "PRK"}, {"h3index": "873029893ffffff", "population_2015": 27706.315806190632, "total_built_mass_tons": 2270416.2179498393, "city_id": 12109, "country_iso": "PRK"}, {"h3index": "873029894ffffff", "population_2015": 5286.9344396179795, "total_built_mass_tons": 1039185.5595990825, "city_id": 12109, "country_iso": "PRK"}, {"h3index": "873029895ffffff", "population_2015": 10713.245445528217, "total_built_mass_tons": 2479264.347182652, "city_id": 12109, "country_iso": "PRK"}, {"h3index": "873029896ffffff", "population_2015": 2114.3805535858746, "total_built_mass_tons": 316844.05423262756, "city_id": 12109, "country_iso": "PRK"}, {"h3index": "873029898ffffff", "population_2015": 11411.122018110984, "total_built_mass_tons": 3293771.048347625, "city_id": 12109, "country_iso": "PRK"}, {"h3index": "873029899ffffff", "population_2015": 9976.330298674338, "total_built_mass_tons": 2023968.3314597048, "city_id": 12109, "country_iso": "PRK"}, {"h3index": "87302989affffff", "population_2015": 12529.172787168913, "total_built_mass_tons": 3432347.507936083, "city_id": 12109, "country_iso": "PRK"}, {"h3index": "87302989bffffff", "population_2015": 10439.272556469485, "total_built_mass_tons": 2780660.965490127, "city_id": 12109, "country_iso": "PRK"}, {"h3index": "87302989cffffff", "population_2015": 11039.61000284681, "total_built_mass_tons": 3196360.8598737475, "city_id": 12109, "country_iso": "PRK"}, {"h3index": "87302989dffffff", "population_2015": 7530.629998667098, "total_built_mass_tons": 1627017.3739119438, "city_id": 12109, "country_iso": "PRK"}, {"h3index": "87302989effffff", "population_2015": 14511.961212741628, "total_built_mass_tons": 2941093.61156528, "city_id": 12109, "country_iso": "PRK"}, {"h3index": "8730298a0ffffff", "population_2015": 5857.516837587545, "total_built_mass_tons": 1334321.4465797837, "city_id": 12109, "country_iso": "PRK"}, {"h3index": "8730298a1ffffff", "population_2015": 149.7233179877786, "total_built_mass_tons": 47945.992331433816, "city_id": 12109, "country_iso": "PRK"}, {"h3index": "8730298a2ffffff", "population_2015": 9096.096934561634, "total_built_mass_tons": 1668727.524628534, "city_id": 12109, "country_iso": "PRK"}, {"h3index": "8730298a3ffffff", "population_2015": 5827.788835323558, "total_built_mass_tons": 1129111.860586933, "city_id": 12109, "country_iso": "PRK"}, {"h3index": "8730298a4ffffff", "population_2015": 2068.01309187646, "total_built_mass_tons": 485714.95515739376, "city_id": 12109, "country_iso": "PRK"}, {"h3index": "8730298a5ffffff", "population_2015": 528.1759126999799, "total_built_mass_tons": 170732.2431014514, "city_id": 12109, "country_iso": "PRK"}, {"h3index": "8730298a6ffffff", "population_2015": 4247.861440972721, "total_built_mass_tons": 1194814.3712631809, "city_id": 12109, "country_iso": "PRK"}, {"h3index": "8730298aaffffff", "population_2015": 30.40629537245806, "total_built_mass_tons": 7382.716939269652, "city_id": 12109, "country_iso": "PRK"}, {"h3index": "8730298aeffffff", "population_2015": 551.3478220172956, "total_built_mass_tons": 118286.76939094265, "city_id": 12109, "country_iso": "PRK"}, {"h3index": "8730298b0ffffff", "population_2015": 733.1421473783605, "total_built_mass_tons": 180026.7481822091, "city_id": 12109, "country_iso": "PRK"}, {"h3index": "8730298b1ffffff", "population_2015": 6768.853548177081, "total_built_mass_tons": 1510551.7826695368, "city_id": 12109, "country_iso": "PRK"}, {"h3index": "8730298b2ffffff", "population_2015": 241.39154697867, "total_built_mass_tons": 46072.64387984905, "city_id": 12109, "country_iso": "PRK"}, {"h3index": "8730298b3ffffff", "population_2015": 8247.219244698916, "total_built_mass_tons": 1712974.716916971, "city_id": 12109, "country_iso": "PRK"}, {"h3index": "8730298b5ffffff", "population_2015": 814.711930106668, "total_built_mass_tons": 181648.51730192237, "city_id": 12109, "country_iso": "PRK"}, {"h3index": "8730298d0ffffff", "population_2015": 521.5538997425753, "total_built_mass_tons": 135051.10586400933, "city_id": 12109, "country_iso": "PRK"}, {"h3index": "8730298d2ffffff", "population_2015": 1026.7376260794845, "total_built_mass_tons": 300870.2847655504, "city_id": 12109, "country_iso": "PRK"}, {"h3index": "8730298d4ffffff", "population_2015": 5727.746898164935, "total_built_mass_tons": 1236190.5208878997, "city_id": 12109, "country_iso": "PRK"}, {"h3index": "8730298d6ffffff", "population_2015": 8949.646248439713, "total_built_mass_tons": 2909702.283476328, "city_id": 12109, "country_iso": "PRK"}, {"h3index": "8730298f0ffffff", "population_2015": 1741.4317687539494, "total_built_mass_tons": 482424.3757091505, "city_id": 12109, "country_iso": "PRK"}, {"h3index": "8730298f1ffffff", "population_2015": 3051.2318325566316, "total_built_mass_tons": 596839.4563111427, "city_id": 12109, "country_iso": "PRK"}, {"h3index": "8730298f2ffffff", "population_2015": 5062.584180248486, "total_built_mass_tons": 1151581.0829608398, "city_id": 12109, "country_iso": "PRK"}, {"h3index": "8730298f3ffffff", "population_2015": 3277.726896555284, "total_built_mass_tons": 718304.4788492402, "city_id": 12109, "country_iso": "PRK"}, {"h3index": "8730298f5ffffff", "population_2015": 66.46788938185747, "total_built_mass_tons": 26066.015140154686, "city_id": 12109, "country_iso": "PRK"}, {"h3index": "8730298f6ffffff", "population_2015": 327.2537588605694, "total_built_mass_tons": 73730.1928050096, "city_id": 12109, "country_iso": "PRK"}, {"h3index": "87302998bffffff", "population_2015": 402.88960747812314, "total_built_mass_tons": 106225.05964788044, "city_id": 12109, "country_iso": "PRK"}, {"h3index": "873029c40ffffff", "population_2015": 2671.210529589186, "total_built_mass_tons": 505024.4141887069, "city_id": 12109, "country_iso": "PRK"}, {"h3index": "873029c41ffffff", "population_2015": 7666.755413294773, "total_built_mass_tons": 1525779.7428649417, "city_id": 12109, "country_iso": "PRK"}, {"h3index": "873029c42ffffff", "population_2015": 71.92340081906787, "total_built_mass_tons": 14914.976346321955, "city_id": 12109, "country_iso": "PRK"}, {"h3index": "873029c43ffffff", "population_2015": 2020.2193233116, "total_built_mass_tons": 359216.158440013, "city_id": 12109, "country_iso": "PRK"}, {"h3index": "873029c44ffffff", "population_2015": 3050.2203259598964, "total_built_mass_tons": 663121.6616911954, "city_id": 12109, "country_iso": "PRK"}, {"h3index": "873029c45ffffff", "population_2015": 11056.417002509625, "total_built_mass_tons": 2263650.103105858, "city_id": 12109, "country_iso": "PRK"}, {"h3index": "873029c48ffffff", "population_2015": 4288.8214092329445, "total_built_mass_tons": 930107.1539579288, "city_id": 12109, "country_iso": "PRK"}, {"h3index": "873029c49ffffff", "population_2015": 10520.571414715638, "total_built_mass_tons": 2554190.510251947, "city_id": 12109, "country_iso": "PRK"}, {"h3index": "873029c4affffff", "population_2015": 6120.595500833849, "total_built_mass_tons": 1174538.772108359, "city_id": 12109, "country_iso": "PRK"}, {"h3index": "873029c4bffffff", "population_2015": 2229.4374432507684, "total_built_mass_tons": 488981.5337477813, "city_id": 12109, "country_iso": "PRK"}, {"h3index": "873029c4cffffff", "population_2015": 4053.9601438260543, "total_built_mass_tons": 791615.9874775198, "city_id": 12109, "country_iso": "PRK"}, {"h3index": "873029c4dffffff", "population_2015": 6998.770816503785, "total_built_mass_tons": 1356582.172772691, "city_id": 12109, "country_iso": "PRK"}, {"h3index": "873029c4effffff", "population_2015": 3020.6166819329355, "total_built_mass_tons": 445938.7729385051, "city_id": 12109, "country_iso": "PRK"}, {"h3index": "873029c58ffffff", "population_2015": 8.713030003566368, "total_built_mass_tons": 3439.8714982407514, "city_id": 12109, "country_iso": "PRK"}, {"h3index": "873029c59ffffff", "population_2015": 553.9063773697497, "total_built_mass_tons": 139489.80118251327, "city_id": 12109, "country_iso": "PRK"}, {"h3index": "873029c5dffffff", "population_2015": 1351.1093456567503, "total_built_mass_tons": 202965.0072382092, "city_id": 12109, "country_iso": "PRK"}, {"h3index": "873029c60ffffff", "population_2015": 274.32574733659334, "total_built_mass_tons": 93986.21184965322, "city_id": 12109, "country_iso": "PRK"}, {"h3index": "873029c61ffffff", "population_2015": 2149.2185063044235, "total_built_mass_tons": 556224.672562706, "city_id": 12109, "country_iso": "PRK"}, {"h3index": "873029c62ffffff", "population_2015": 2113.9233307557947, "total_built_mass_tons": 389688.2343169822, "city_id": 12109, "country_iso": "PRK"}, {"h3index": "873029c63ffffff", "population_2015": 4746.1331708197495, "total_built_mass_tons": 805554.0433840806, "city_id": 12109, "country_iso": "PRK"}, {"h3index": "873029c65ffffff", "population_2015": 226.9767633699903, "total_built_mass_tons": 45507.250771922736, "city_id": 12109, "country_iso": "PRK"}, {"h3index": "873029c68ffffff", "population_2015": 10497.57285623737, "total_built_mass_tons": 2486784.954473894, "city_id": 12109, "country_iso": "PRK"}, {"h3index": "873029c69ffffff", "population_2015": 12209.636568839878, "total_built_mass_tons": 2413385.120094385, "city_id": 12109, "country_iso": "PRK"}, {"h3index": "873029c6affffff", "population_2015": 10459.560815571807, "total_built_mass_tons": 2945880.850319207, "city_id": 12109, "country_iso": "PRK"}, {"h3index": "873029c6bffffff", "population_2015": 6665.492692004931, "total_built_mass_tons": 1230379.644694843, "city_id": 12109, "country_iso": "PRK"}, {"h3index": "873029c6cffffff", "population_2015": 13528.801229499368, "total_built_mass_tons": 2734316.656367027, "city_id": 12109, "country_iso": "PRK"}, {"h3index": "873029c6dffffff", "population_2015": 12335.077562900617, "total_built_mass_tons": 2810359.8983015455, "city_id": 12109, "country_iso": "PRK"}, {"h3index": "873029c6effffff", "population_2015": 8358.788528861254, "total_built_mass_tons": 2134771.506848592, "city_id": 12109, "country_iso": "PRK"}, {"h3index": "873029c71ffffff", "population_2015": 440.5132039163626, "total_built_mass_tons": 77677.52141368616, "city_id": 12109, "country_iso": "PRK"}, {"h3index": "873029d49ffffff", "population_2015": 124.9385702170578, "total_built_mass_tons": 31976.97883066045, "city_id": 12109, "country_iso": "PRK"}]