[{"h3index": "87660b080ffffff", "population_2015": 5094.027679817349, "total_built_mass_tons": 543714.6853367316, "city_id": 659, "country_iso": "COL"}, {"h3index": "87660b082ffffff", "population_2015": 4031.656507005878, "total_built_mass_tons": 521183.5945118952, "city_id": 659, "country_iso": "COL"}, {"h3index": "87660b084ffffff", "population_2015": 11920.03898073832, "total_built_mass_tons": 1404797.1969882303, "city_id": 659, "country_iso": "COL"}, {"h3index": "87660b086ffffff", "population_2015": 17559.756128842237, "total_built_mass_tons": 2295752.5196336336, "city_id": 659, "country_iso": "COL"}, {"h3index": "87660b0a0ffffff", "population_2015": 2343.2368061888455, "total_built_mass_tons": 260426.98512101872, "city_id": 659, "country_iso": "COL"}, {"h3index": "87660b0a2ffffff", "population_2015": 13841.975497526284, "total_built_mass_tons": 1282071.115766507, "city_id": 659, "country_iso": "COL"}, {"h3index": "87660b0a3ffffff", "population_2015": 51.773602354760264, "total_built_mass_tons": 10203.025293348615, "city_id": 659, "country_iso": "COL"}, {"h3index": "87660b0a4ffffff", "population_2015": 37.9058126150393, "total_built_mass_tons": 12477.114144334064, "city_id": 659, "country_iso": "COL"}, {"h3index": "87660b0a6ffffff", "population_2015": 6743.8406493467455, "total_built_mass_tons": 599669.8016448455, "city_id": 659, "country_iso": "COL"}, {"h3index": "87660b0b1ffffff", "population_2015": 10567.575073676013, "total_built_mass_tons": 1021563.9901398204, "city_id": 659, "country_iso": "COL"}]