[{"h3index":"87649b098ffffff","population_2015":2618.2283895006,"total_built_mass_tons":445640.1345153405,"city_id":10164,"country_iso":"MMR"},{"h3index":"87649b09affffff","population_2015":1502.7441034504,"total_built_mass_tons":214251.5898265451,"city_id":10164,"country_iso":"MMR"},{"h3index":"87649b09bffffff","population_2015":9947.6659529293,"total_built_mass_tons":1158435.631448813,"city_id":10164,"country_iso":"MMR"},{"h3index":"87649b09effffff","population_2015":15.7047709783,"total_built_mass_tons":6756.2403739733,"city_id":10164,"country_iso":"MMR"},{"h3index":"87649b734ffffff","population_2015":151.6344328637,"total_built_mass_tons":18945.4740509829,"city_id":10164,"country_iso":"MMR"}]