[{"h3index":"8731b2421ffffff","population_2015":33.8607536877,"total_built_mass_tons":20831.9227746892,"city_id":10325,"country_iso":"CHN"},{"h3index":"8731b2424ffffff","population_2015":1852.0128945463,"total_built_mass_tons":385580.758796502,"city_id":10325,"country_iso":"CHN"},{"h3index":"8731b2425ffffff","population_2015":9698.4445954426,"total_built_mass_tons":2735484.1520169172,"city_id":10325,"country_iso":"CHN"},{"h3index":"8731b2500ffffff","population_2015":556.5439137894,"total_built_mass_tons":381499.3487695614,"city_id":10325,"country_iso":"CHN"},{"h3index":"8731b2501ffffff","population_2015":4645.7127993953,"total_built_mass_tons":1023538.620427805,"city_id":10325,"country_iso":"CHN"},{"h3index":"8731b2505ffffff","population_2015":652.7310009807,"total_built_mass_tons":342916.0359260728,"city_id":10325,"country_iso":"CHN"},{"h3index":"8731b2508ffffff","population_2015":11937.1239431849,"total_built_mass_tons":3247005.2083208188,"city_id":10325,"country_iso":"CHN"},{"h3index":"8731b2509ffffff","population_2015":1244.1158278068,"total_built_mass_tons":695109.2083051822,"city_id":10325,"country_iso":"CHN"},{"h3index":"8731b250affffff","population_2015":7733.5715503917,"total_built_mass_tons":2000363.8967170685,"city_id":10325,"country_iso":"CHN"},{"h3index":"8731b250bffffff","population_2015":21129.8896984587,"total_built_mass_tons":5025177.411650951,"city_id":10325,"country_iso":"CHN"},{"h3index":"8731b250cffffff","population_2015":7526.0811442371,"total_built_mass_tons":2627215.7222435209,"city_id":10325,"country_iso":"CHN"},{"h3index":"8731b250dffffff","population_2015":144.5337309819,"total_built_mass_tons":187840.3843702674,"city_id":10325,"country_iso":"CHN"},{"h3index":"8731b250effffff","population_2015":889.1153282577,"total_built_mass_tons":383793.6010005802,"city_id":10325,"country_iso":"CHN"},{"h3index":"8731b2519ffffff","population_2015":524.6068702286,"total_built_mass_tons":345354.6072432348,"city_id":10325,"country_iso":"CHN"},{"h3index":"8731b252affffff","population_2015":657.266830651,"total_built_mass_tons":456383.9961092502,"city_id":10325,"country_iso":"CHN"},{"h3index":"8731b252bffffff","population_2015":4.6029549977,"total_built_mass_tons":12805.9857233061,"city_id":10325,"country_iso":"CHN"},{"h3index":"8731b2550ffffff","population_2015":812.7332056382,"total_built_mass_tons":113724.9474968806,"city_id":10325,"country_iso":"CHN"},{"h3index":"8731b2552ffffff","population_2015":107.5135589431,"total_built_mass_tons":137614.573773441,"city_id":10325,"country_iso":"CHN"},{"h3index":"8731b2554ffffff","population_2015":5619.1395872434,"total_built_mass_tons":699746.1476323423,"city_id":10325,"country_iso":"CHN"},{"h3index":"8731b2555ffffff","population_2015":772.3342042376,"total_built_mass_tons":241189.3228732942,"city_id":10325,"country_iso":"CHN"},{"h3index":"8731b2556ffffff","population_2015":14944.9819569943,"total_built_mass_tons":3155543.7088136296,"city_id":10325,"country_iso":"CHN"}]