[{"h3index": "871e80906ffffff", "population_2015": 422.060247110853, "total_built_mass_tons": 234587.17562448737, "city_id": 2905, "country_iso": "ITA"}, {"h3index": "871e80910ffffff", "population_2015": 1927.1712957830991, "total_built_mass_tons": 369007.6287007886, "city_id": 2905, "country_iso": "ITA"}, {"h3index": "871e80914ffffff", "population_2015": 32443.038302435372, "total_built_mass_tons": 5547491.434670003, "city_id": 2905, "country_iso": "ITA"}, {"h3index": "871e80915ffffff", "population_2015": 2109.78316837081, "total_built_mass_tons": 1127979.5180491176, "city_id": 2905, "country_iso": "ITA"}, {"h3index": "871e80916ffffff", "population_2015": 1950.0727906722648, "total_built_mass_tons": 338442.4768343406, "city_id": 2905, "country_iso": "ITA"}, {"h3index": "871e80932ffffff", "population_2015": 7715.205462578521, "total_built_mass_tons": 2765853.603937763, "city_id": 2905, "country_iso": "ITA"}, {"h3index": "871e80933ffffff", "population_2015": 8366.611232125013, "total_built_mass_tons": 2821178.1853136825, "city_id": 2905, "country_iso": "ITA"}, {"h3index": "871e80936ffffff", "population_2015": 6917.678385905951, "total_built_mass_tons": 1277386.035436268, "city_id": 2905, "country_iso": "ITA"}, {"h3index": "871e84648ffffff", "population_2015": 77.32121385055432, "total_built_mass_tons": 309910.3710068858, "city_id": 2905, "country_iso": "ITA"}, {"h3index": "871e84649ffffff", "population_2015": 3889.827819008549, "total_built_mass_tons": 2675832.119170391, "city_id": 2905, "country_iso": "ITA"}, {"h3index": "871e8464bffffff", "population_2015": 3.495092074076334, "total_built_mass_tons": 9498.77921342268, "city_id": 2905, "country_iso": "ITA"}, {"h3index": "871e8464dffffff", "population_2015": 115.37355820323324, "total_built_mass_tons": 183965.50054761308, "city_id": 2905, "country_iso": "ITA"}, {"h3index": "871e8466bffffff", "population_2015": 2448.1468190444884, "total_built_mass_tons": 584315.4305373318, "city_id": 2905, "country_iso": "ITA"}]