[{"h3index":"87618c228ffffff","population_2015":1849.9786992915,"total_built_mass_tons":229265.8985548371,"city_id":8610,"country_iso":"IND"},{"h3index":"87618c229ffffff","population_2015":2975.5953665864,"total_built_mass_tons":315165.2317517756,"city_id":8610,"country_iso":"IND"},{"h3index":"87618c22bffffff","population_2015":1304.4968731039,"total_built_mass_tons":192232.1030734156,"city_id":8610,"country_iso":"IND"},{"h3index":"87618c276ffffff","population_2015":8.5037534826,"total_built_mass_tons":2743.1091705979,"city_id":8610,"country_iso":"IND"}]