[{"h3index":"87960a002ffffff","population_2015":1322.0848493987,"total_built_mass_tons":251404.1233971682,"city_id":3709,"country_iso":"COD"},{"h3index":"87960a006ffffff","population_2015":66.766664505,"total_built_mass_tons":32089.7021635139,"city_id":3709,"country_iso":"COD"},{"h3index":"87960a011ffffff","population_2015":4190.8454966227,"total_built_mass_tons":930595.12774881,"city_id":3709,"country_iso":"COD"},{"h3index":"87960a012ffffff","population_2015":3989.6503464942,"total_built_mass_tons":620915.1714062553,"city_id":3709,"country_iso":"COD"},{"h3index":"87960a013ffffff","population_2015":15108.2733574662,"total_built_mass_tons":2265336.1731771184,"city_id":3709,"country_iso":"COD"},{"h3index":"87960a018ffffff","population_2015":5820.8844275082,"total_built_mass_tons":1013576.3789026756,"city_id":3709,"country_iso":"COD"},{"h3index":"87960a019ffffff","population_2015":2361.2423278883,"total_built_mass_tons":447358.6545992253,"city_id":3709,"country_iso":"COD"},{"h3index":"87960a01affffff","population_2015":27348.9757723939,"total_built_mass_tons":3954079.8226579186,"city_id":3709,"country_iso":"COD"},{"h3index":"87960a01bffffff","population_2015":18847.9054764916,"total_built_mass_tons":2735977.4325550045,"city_id":3709,"country_iso":"COD"},{"h3index":"87960a01cffffff","population_2015":3714.0599223193,"total_built_mass_tons":730271.5515317883,"city_id":3709,"country_iso":"COD"},{"h3index":"87960a01effffff","population_2015":23135.285703315,"total_built_mass_tons":3916082.6131911902,"city_id":3709,"country_iso":"COD"},{"h3index":"87960a0a9ffffff","population_2015":5702.1593357909,"total_built_mass_tons":983346.0592851928,"city_id":3709,"country_iso":"COD"},{"h3index":"87960a0acffffff","population_2015":3205.9962423886,"total_built_mass_tons":697410.2835978689,"city_id":3709,"country_iso":"COD"},{"h3index":"87960a0adffffff","population_2015":9302.4285479751,"total_built_mass_tons":1840703.3933710423,"city_id":3709,"country_iso":"COD"},{"h3index":"87960a0e6ffffff","population_2015":48.7152894413,"total_built_mass_tons":9135.1113392287,"city_id":3709,"country_iso":"COD"},{"h3index":"87960a0f4ffffff","population_2015":6326.7566366009,"total_built_mass_tons":1073123.8628206479,"city_id":3709,"country_iso":"COD"},{"h3index":"87960a0f5ffffff","population_2015":43.6942915299,"total_built_mass_tons":10016.2306399021,"city_id":3709,"country_iso":"COD"}]