[{"h3index":"874040288ffffff","population_2015":3719.6178920587,"total_built_mass_tons":1487411.0081731733,"city_id":10272,"country_iso":"CHN"},{"h3index":"874040289ffffff","population_2015":17944.2599282882,"total_built_mass_tons":4133357.7527607,"city_id":10272,"country_iso":"CHN"},{"h3index":"87404028affffff","population_2015":265.8340620471,"total_built_mass_tons":282614.8491563885,"city_id":10272,"country_iso":"CHN"},{"h3index":"87404028bffffff","population_2015":2673.1860456401,"total_built_mass_tons":1165345.428988873,"city_id":10272,"country_iso":"CHN"},{"h3index":"8740402d0ffffff","population_2015":18070.1937224594,"total_built_mass_tons":5674895.6782601839,"city_id":10272,"country_iso":"CHN"},{"h3index":"8740402d1ffffff","population_2015":0.513793274,"total_built_mass_tons":5212.8410573535,"city_id":10272,"country_iso":"CHN"},{"h3index":"8740402d2ffffff","population_2015":17264.1794323865,"total_built_mass_tons":3644275.0297000618,"city_id":10272,"country_iso":"CHN"},{"h3index":"8740402d3ffffff","population_2015":64.5733663372,"total_built_mass_tons":31705.7490805028,"city_id":10272,"country_iso":"CHN"},{"h3index":"8740402d4ffffff","population_2015":42802.274711003,"total_built_mass_tons":6668210.6941443328,"city_id":10272,"country_iso":"CHN"},{"h3index":"8740402d5ffffff","population_2015":3600.6098200237,"total_built_mass_tons":844349.8272098261,"city_id":10272,"country_iso":"CHN"},{"h3index":"8740402d6ffffff","population_2015":27835.8344290864,"total_built_mass_tons":3478026.8344664969,"city_id":10272,"country_iso":"CHN"},{"h3index":"8740402f2ffffff","population_2015":1649.5720747275,"total_built_mass_tons":459299.5159497308,"city_id":10272,"country_iso":"CHN"},{"h3index":"8740402f3ffffff","population_2015":5928.7301607581,"total_built_mass_tons":976498.0350059184,"city_id":10272,"country_iso":"CHN"},{"h3index":"874043900ffffff","population_2015":80.3353356978,"total_built_mass_tons":33028.0188985518,"city_id":10272,"country_iso":"CHN"},{"h3index":"874043901ffffff","population_2015":1302.2627292586,"total_built_mass_tons":657374.9313405422,"city_id":10272,"country_iso":"CHN"},{"h3index":"874043903ffffff","population_2015":2.62711142,"total_built_mass_tons":3087.5168659962,"city_id":10272,"country_iso":"CHN"},{"h3index":"874043905ffffff","population_2015":1422.2329483818,"total_built_mass_tons":575984.2633045219,"city_id":10272,"country_iso":"CHN"},{"h3index":"874043908ffffff","population_2015":6529.9497781492,"total_built_mass_tons":1299827.3944234962,"city_id":10272,"country_iso":"CHN"},{"h3index":"874043909ffffff","population_2015":63.7207570282,"total_built_mass_tons":27050.2896223,"city_id":10272,"country_iso":"CHN"},{"h3index":"87404390cffffff","population_2015":17859.4686414644,"total_built_mass_tons":4578072.0655107638,"city_id":10272,"country_iso":"CHN"},{"h3index":"87404390dffffff","population_2015":1748.9829975876,"total_built_mass_tons":479892.9877208229,"city_id":10272,"country_iso":"CHN"},{"h3index":"87404390effffff","population_2015":1907.0850877612,"total_built_mass_tons":535870.6777491939,"city_id":10272,"country_iso":"CHN"},{"h3index":"874043921ffffff","population_2015":917.3719744738,"total_built_mass_tons":350662.4085849387,"city_id":10272,"country_iso":"CHN"},{"h3index":"874043928ffffff","population_2015":11183.7229197708,"total_built_mass_tons":1502144.0529719803,"city_id":10272,"country_iso":"CHN"},{"h3index":"87404392affffff","population_2015":4312.0898653704,"total_built_mass_tons":767952.6904150316,"city_id":10272,"country_iso":"CHN"},{"h3index":"87404392bffffff","population_2015":9645.3724961056,"total_built_mass_tons":2087875.619690984,"city_id":10272,"country_iso":"CHN"},{"h3index":"87404392cffffff","population_2015":8758.7623731323,"total_built_mass_tons":1245569.3177084543,"city_id":10272,"country_iso":"CHN"},{"h3index":"87404392effffff","population_2015":3815.3273938319,"total_built_mass_tons":869457.56469415,"city_id":10272,"country_iso":"CHN"}]