[{"h3index": "872681360ffffff", "population_2015": 29.79928457222733, "total_built_mass_tons": 51202.05912723171, "city_id": 272, "country_iso": "USA"}, {"h3index": "872681361ffffff", "population_2015": 15.022619764945086, "total_built_mass_tons": 46731.55538066149, "city_id": 272, "country_iso": "USA"}, {"h3index": "872681364ffffff", "population_2015": 2714.250733338296, "total_built_mass_tons": 1171456.3700992905, "city_id": 272, "country_iso": "USA"}, {"h3index": "872681365ffffff", "population_2015": 2652.5563584509587, "total_built_mass_tons": 1065176.2996856482, "city_id": 272, "country_iso": "USA"}, {"h3index": "872681368ffffff", "population_2015": 274.92453735149365, "total_built_mass_tons": 227488.54647736892, "city_id": 272, "country_iso": "USA"}, {"h3index": "872681369ffffff", "population_2015": 2462.8696770331435, "total_built_mass_tons": 972726.301283886, "city_id": 272, "country_iso": "USA"}, {"h3index": "87268136dffffff", "population_2015": 3945.764953325776, "total_built_mass_tons": 1782825.6847162037, "city_id": 272, "country_iso": "USA"}, {"h3index": "872681a08ffffff", "population_2015": 400.1694382237453, "total_built_mass_tons": 95186.59467776016, "city_id": 272, "country_iso": "USA"}, {"h3index": "872681a09ffffff", "population_2015": 3014.905680832325, "total_built_mass_tons": 828021.0587997688, "city_id": 272, "country_iso": "USA"}, {"h3index": "872681a0dffffff", "population_2015": 3332.730760645048, "total_built_mass_tons": 1002010.5894367858, "city_id": 272, "country_iso": "USA"}, {"h3index": "872681a40ffffff", "population_2015": 4673.105309512453, "total_built_mass_tons": 2654943.8847124, "city_id": 272, "country_iso": "USA"}, {"h3index": "872681a41ffffff", "population_2015": 12984.433531747089, "total_built_mass_tons": 4329641.980383439, "city_id": 272, "country_iso": "USA"}, {"h3index": "872681a42ffffff", "population_2015": 2788.403745815816, "total_built_mass_tons": 2029878.097162208, "city_id": 272, "country_iso": "USA"}, {"h3index": "872681a43ffffff", "population_2015": 5283.126836034188, "total_built_mass_tons": 2878533.703543511, "city_id": 272, "country_iso": "USA"}, {"h3index": "872681a44ffffff", "population_2015": 8579.22465722648, "total_built_mass_tons": 3009051.854637084, "city_id": 272, "country_iso": "USA"}, {"h3index": "872681a45ffffff", "population_2015": 7079.9582725618375, "total_built_mass_tons": 2772425.9497256987, "city_id": 272, "country_iso": "USA"}, {"h3index": "872681a46ffffff", "population_2015": 5228.124229434941, "total_built_mass_tons": 2679458.008812994, "city_id": 272, "country_iso": "USA"}, {"h3index": "872681a48ffffff", "population_2015": 15765.121225301436, "total_built_mass_tons": 4499560.253174947, "city_id": 272, "country_iso": "USA"}, {"h3index": "872681a49ffffff", "population_2015": 4097.427149067921, "total_built_mass_tons": 3421931.0820379457, "city_id": 272, "country_iso": "USA"}, {"h3index": "872681a4affffff", "population_2015": 11120.543412698127, "total_built_mass_tons": 4381754.088502926, "city_id": 272, "country_iso": "USA"}, {"h3index": "872681a4bffffff", "population_2015": 6866.103863829992, "total_built_mass_tons": 3709499.5810921825, "city_id": 272, "country_iso": "USA"}, {"h3index": "872681a4cffffff", "population_2015": 12202.834239411615, "total_built_mass_tons": 3893692.5748775383, "city_id": 272, "country_iso": "USA"}, {"h3index": "872681a4dffffff", "population_2015": 13791.343598730242, "total_built_mass_tons": 4454627.168848646, "city_id": 272, "country_iso": "USA"}, {"h3index": "872681a4effffff", "population_2015": 11683.956142177896, "total_built_mass_tons": 3448697.426914906, "city_id": 272, "country_iso": "USA"}, {"h3index": "872681a50ffffff", "population_2015": 3588.0739263863543, "total_built_mass_tons": 1284734.7323230463, "city_id": 272, "country_iso": "USA"}, {"h3index": "872681a51ffffff", "population_2015": 5949.095456910616, "total_built_mass_tons": 2565335.1180367093, "city_id": 272, "country_iso": "USA"}, {"h3index": "872681a53ffffff", "population_2015": 302.5496862280603, "total_built_mass_tons": 125498.91350793657, "city_id": 272, "country_iso": "USA"}, {"h3index": "872681a55ffffff", "population_2015": 3384.402054831327, "total_built_mass_tons": 1495474.2691828504, "city_id": 272, "country_iso": "USA"}, {"h3index": "872681a58ffffff", "population_2015": 6801.1381644255425, "total_built_mass_tons": 3489197.5445908075, "city_id": 272, "country_iso": "USA"}, {"h3index": "872681a59ffffff", "population_2015": 10762.562459046, "total_built_mass_tons": 4360382.900533529, "city_id": 272, "country_iso": "USA"}, {"h3index": "872681a5affffff", "population_2015": 5400.0267519597255, "total_built_mass_tons": 2926107.993006584, "city_id": 272, "country_iso": "USA"}, {"h3index": "872681a5bffffff", "population_2015": 8954.758325623063, "total_built_mass_tons": 4224611.746130731, "city_id": 272, "country_iso": "USA"}, {"h3index": "872681a5cffffff", "population_2015": 8589.012812355559, "total_built_mass_tons": 3904762.3525695503, "city_id": 272, "country_iso": "USA"}, {"h3index": "872681a5dffffff", "population_2015": 11428.289265389862, "total_built_mass_tons": 4244425.986896767, "city_id": 272, "country_iso": "USA"}, {"h3index": "872681a5effffff", "population_2015": 6288.874501594448, "total_built_mass_tons": 2495214.6436494645, "city_id": 272, "country_iso": "USA"}, {"h3index": "872681a60ffffff", "population_2015": 8344.922784288037, "total_built_mass_tons": 3132313.037922621, "city_id": 272, "country_iso": "USA"}, {"h3index": "872681a61ffffff", "population_2015": 4052.071166519233, "total_built_mass_tons": 2166491.890220071, "city_id": 272, "country_iso": "USA"}, {"h3index": "872681a62ffffff", "population_2015": 8449.58295914123, "total_built_mass_tons": 2630997.2637985926, "city_id": 272, "country_iso": "USA"}, {"h3index": "872681a63ffffff", "population_2015": 6574.213760688142, "total_built_mass_tons": 2291935.5814459543, "city_id": 272, "country_iso": "USA"}, {"h3index": "872681a64ffffff", "population_2015": 484.2160290726843, "total_built_mass_tons": 224918.0495675489, "city_id": 272, "country_iso": "USA"}, {"h3index": "872681a65ffffff", "population_2015": 653.4895717245654, "total_built_mass_tons": 1261631.2347048551, "city_id": 272, "country_iso": "USA"}, {"h3index": "872681a66ffffff", "population_2015": 4052.037499034989, "total_built_mass_tons": 1367020.6961283868, "city_id": 272, "country_iso": "USA"}, {"h3index": "872681a68ffffff", "population_2015": 11194.90293406295, "total_built_mass_tons": 4434832.579929957, "city_id": 272, "country_iso": "USA"}, {"h3index": "872681a69ffffff", "population_2015": 12024.811539300516, "total_built_mass_tons": 3240512.2920137225, "city_id": 272, "country_iso": "USA"}, {"h3index": "872681a6affffff", "population_2015": 8721.36872713525, "total_built_mass_tons": 4069323.123782247, "city_id": 272, "country_iso": "USA"}, {"h3index": "872681a6bffffff", "population_2015": 9528.022576611596, "total_built_mass_tons": 3797431.649364018, "city_id": 272, "country_iso": "USA"}, {"h3index": "872681a6cffffff", "population_2015": 7136.041501129089, "total_built_mass_tons": 2923785.5573892705, "city_id": 272, "country_iso": "USA"}, {"h3index": "872681a6dffffff", "population_2015": 11007.598673252496, "total_built_mass_tons": 3816279.4634721847, "city_id": 272, "country_iso": "USA"}, {"h3index": "872681a6effffff", "population_2015": 9689.430451117692, "total_built_mass_tons": 3754648.8712595366, "city_id": 272, "country_iso": "USA"}, {"h3index": "872681a70ffffff", "population_2015": 2926.7968329752193, "total_built_mass_tons": 1018140.2402978418, "city_id": 272, "country_iso": "USA"}, {"h3index": "872681a71ffffff", "population_2015": 7255.380410595618, "total_built_mass_tons": 3254890.39520739, "city_id": 272, "country_iso": "USA"}, {"h3index": "872681a72ffffff", "population_2015": 472.55610707320415, "total_built_mass_tons": 1875711.80591984, "city_id": 272, "country_iso": "USA"}, {"h3index": "872681a73ffffff", "population_2015": 1098.724309343684, "total_built_mass_tons": 2061225.9008864677, "city_id": 272, "country_iso": "USA"}, {"h3index": "872681a75ffffff", "population_2015": 3592.6134859470767, "total_built_mass_tons": 1564744.6318936432, "city_id": 272, "country_iso": "USA"}, {"h3index": "872681ac5ffffff", "population_2015": 18.874518747189462, "total_built_mass_tons": 15524.54179994796, "city_id": 272, "country_iso": "USA"}, {"h3index": "872681ac8ffffff", "population_2015": 120.1468664859732, "total_built_mass_tons": 729329.616874906, "city_id": 272, "country_iso": "USA"}, {"h3index": "872681ac9ffffff", "population_2015": 609.4164710388354, "total_built_mass_tons": 1011842.8079106744, "city_id": 272, "country_iso": "USA"}, {"h3index": "872681acaffffff", "population_2015": 2776.8853220883843, "total_built_mass_tons": 1533549.8688810077, "city_id": 272, "country_iso": "USA"}, {"h3index": "872681acbffffff", "population_2015": 471.3036180215723, "total_built_mass_tons": 395233.20008551766, "city_id": 272, "country_iso": "USA"}, {"h3index": "872681accffffff", "population_2015": 1693.7966323306673, "total_built_mass_tons": 1004760.3761399628, "city_id": 272, "country_iso": "USA"}, {"h3index": "872681acdffffff", "population_2015": 1093.0849704895531, "total_built_mass_tons": 1802503.0027338108, "city_id": 272, "country_iso": "USA"}, {"h3index": "872681ad9ffffff", "population_2015": 195.4386187329012, "total_built_mass_tons": 77654.3076939499, "city_id": 272, "country_iso": "USA"}, {"h3index": "872681addffffff", "population_2015": 126.56317086032792, "total_built_mass_tons": 33926.643840254095, "city_id": 272, "country_iso": "USA"}, {"h3index": "872681ae8ffffff", "population_2015": 3075.929463138475, "total_built_mass_tons": 1585211.656068318, "city_id": 272, "country_iso": "USA"}, {"h3index": "872681ae9ffffff", "population_2015": 8072.629707121321, "total_built_mass_tons": 3462159.242306694, "city_id": 272, "country_iso": "USA"}, {"h3index": "872681aeaffffff", "population_2015": 3026.314628082865, "total_built_mass_tons": 1653186.4185774643, "city_id": 272, "country_iso": "USA"}, {"h3index": "872681aebffffff", "population_2015": 3242.442890971323, "total_built_mass_tons": 2279899.1012899135, "city_id": 272, "country_iso": "USA"}, {"h3index": "872681aecffffff", "population_2015": 1073.9898871469438, "total_built_mass_tons": 437240.9951490886, "city_id": 272, "country_iso": "USA"}, {"h3index": "872681aedffffff", "population_2015": 3671.9666337703966, "total_built_mass_tons": 1902476.7877961907, "city_id": 272, "country_iso": "USA"}, {"h3index": "872681aeeffffff", "population_2015": 36.23127545165081, "total_built_mass_tons": 35069.369895157986, "city_id": 272, "country_iso": "USA"}, {"h3index": "872681b5bffffff", "population_2015": 3.1907284923628265, "total_built_mass_tons": 6079.446093905885, "city_id": 272, "country_iso": "USA"}, {"h3index": "87268cc00ffffff", "population_2015": 10955.310747288951, "total_built_mass_tons": 3773318.4310405217, "city_id": 272, "country_iso": "USA"}, {"h3index": "87268cc01ffffff", "population_2015": 1610.6257109329983, "total_built_mass_tons": 977653.8204383017, "city_id": 272, "country_iso": "USA"}, {"h3index": "87268cc02ffffff", "population_2015": 3828.413014326491, "total_built_mass_tons": 2311178.9676333265, "city_id": 272, "country_iso": "USA"}, {"h3index": "87268cc03ffffff", "population_2015": 4485.863381117874, "total_built_mass_tons": 4001843.4706643177, "city_id": 272, "country_iso": "USA"}, {"h3index": "87268cc04ffffff", "population_2015": 12441.997575894551, "total_built_mass_tons": 3605277.641212549, "city_id": 272, "country_iso": "USA"}, {"h3index": "87268cc05ffffff", "population_2015": 6070.305353856905, "total_built_mass_tons": 1970983.3582651329, "city_id": 272, "country_iso": "USA"}, {"h3index": "87268cc06ffffff", "population_2015": 7934.92760263179, "total_built_mass_tons": 3795216.145940625, "city_id": 272, "country_iso": "USA"}, {"h3index": "87268cc08ffffff", "population_2015": 736.9339726185462, "total_built_mass_tons": 2265184.504044636, "city_id": 272, "country_iso": "USA"}, {"h3index": "87268cc09ffffff", "population_2015": 2434.9367136288065, "total_built_mass_tons": 1742478.0959203497, "city_id": 272, "country_iso": "USA"}, {"h3index": "87268cc0affffff", "population_2015": 2672.974555992875, "total_built_mass_tons": 3806704.000951441, "city_id": 272, "country_iso": "USA"}, {"h3index": "87268cc0bffffff", "population_2015": 68.32458098834636, "total_built_mass_tons": 1829411.28685271, "city_id": 272, "country_iso": "USA"}, {"h3index": "87268cc0cffffff", "population_2015": 1577.2996870185812, "total_built_mass_tons": 524459.3113657181, "city_id": 272, "country_iso": "USA"}, {"h3index": "87268cc0dffffff", "population_2015": 1095.0727233509226, "total_built_mass_tons": 830202.8987078912, "city_id": 272, "country_iso": "USA"}, {"h3index": "87268cc0effffff", "population_2015": 10480.418591472917, "total_built_mass_tons": 3525962.282083108, "city_id": 272, "country_iso": "USA"}, {"h3index": "87268cc10ffffff", "population_2015": 3735.5175280559297, "total_built_mass_tons": 2544457.012781359, "city_id": 272, "country_iso": "USA"}, {"h3index": "87268cc11ffffff", "population_2015": 1027.1941401181855, "total_built_mass_tons": 1629632.0323208785, "city_id": 272, "country_iso": "USA"}, {"h3index": "87268cc12ffffff", "population_2015": 8369.114471338604, "total_built_mass_tons": 4077298.1544605545, "city_id": 272, "country_iso": "USA"}, {"h3index": "87268cc13ffffff", "population_2015": 4720.169626332208, "total_built_mass_tons": 2983176.763400233, "city_id": 272, "country_iso": "USA"}, {"h3index": "87268cc14ffffff", "population_2015": 11494.140010356352, "total_built_mass_tons": 4475217.198477116, "city_id": 272, "country_iso": "USA"}, {"h3index": "87268cc15ffffff", "population_2015": 1963.3290519320497, "total_built_mass_tons": 2076670.4776420025, "city_id": 272, "country_iso": "USA"}, {"h3index": "87268cc16ffffff", "population_2015": 7185.1113747115405, "total_built_mass_tons": 4339989.512077684, "city_id": 272, "country_iso": "USA"}, {"h3index": "87268cc18ffffff", "population_2015": 8949.104051499975, "total_built_mass_tons": 3615247.960400261, "city_id": 272, "country_iso": "USA"}, {"h3index": "87268cc19ffffff", "population_2015": 8828.37884132251, "total_built_mass_tons": 3452757.954510771, "city_id": 272, "country_iso": "USA"}, {"h3index": "87268cc1affffff", "population_2015": 8441.720328065456, "total_built_mass_tons": 3385076.113781578, "city_id": 272, "country_iso": "USA"}, {"h3index": "87268cc1bffffff", "population_2015": 5243.393358245368, "total_built_mass_tons": 2665413.1002583504, "city_id": 272, "country_iso": "USA"}, {"h3index": "87268cc1cffffff", "population_2015": 4714.24370962732, "total_built_mass_tons": 3036953.8293458563, "city_id": 272, "country_iso": "USA"}, {"h3index": "87268cc1dffffff", "population_2015": 5786.568545624323, "total_built_mass_tons": 3882799.4933136366, "city_id": 272, "country_iso": "USA"}, {"h3index": "87268cc1effffff", "population_2015": 5410.279564912179, "total_built_mass_tons": 3344648.0705807824, "city_id": 272, "country_iso": "USA"}, {"h3index": "87268cc20ffffff", "population_2015": 14007.563794697033, "total_built_mass_tons": 4621696.846215982, "city_id": 272, "country_iso": "USA"}, {"h3index": "87268cc21ffffff", "population_2015": 13606.504129447538, "total_built_mass_tons": 3904049.115116193, "city_id": 272, "country_iso": "USA"}, {"h3index": "87268cc22ffffff", "population_2015": 14566.348539153496, "total_built_mass_tons": 4126737.312802144, "city_id": 272, "country_iso": "USA"}, {"h3index": "87268cc23ffffff", "population_2015": 11793.476125087427, "total_built_mass_tons": 4192675.2625839454, "city_id": 272, "country_iso": "USA"}, {"h3index": "87268cc24ffffff", "population_2015": 14703.976520590571, "total_built_mass_tons": 4076861.278857332, "city_id": 272, "country_iso": "USA"}, {"h3index": "87268cc25ffffff", "population_2015": 7491.149691743285, "total_built_mass_tons": 4003856.3175031384, "city_id": 272, "country_iso": "USA"}, {"h3index": "87268cc26ffffff", "population_2015": 8174.953376687655, "total_built_mass_tons": 2458621.3787793964, "city_id": 272, "country_iso": "USA"}, {"h3index": "87268cc28ffffff", "population_2015": 10254.228164079135, "total_built_mass_tons": 3657525.43709009, "city_id": 272, "country_iso": "USA"}, {"h3index": "87268cc29ffffff", "population_2015": 10978.607354425449, "total_built_mass_tons": 3960405.3876310904, "city_id": 272, "country_iso": "USA"}, {"h3index": "87268cc2affffff", "population_2015": 490.4662515341066, "total_built_mass_tons": 457761.7446874172, "city_id": 272, "country_iso": "USA"}, {"h3index": "87268cc2bffffff", "population_2015": 8860.460995302881, "total_built_mass_tons": 3139552.9384836005, "city_id": 272, "country_iso": "USA"}, {"h3index": "87268cc2cffffff", "population_2015": 10000.76916181043, "total_built_mass_tons": 3614879.6068792874, "city_id": 272, "country_iso": "USA"}, {"h3index": "87268cc2dffffff", "population_2015": 12781.683759455584, "total_built_mass_tons": 4220469.627731908, "city_id": 272, "country_iso": "USA"}, {"h3index": "87268cc2effffff", "population_2015": 8270.237831359193, "total_built_mass_tons": 3031641.3306724075, "city_id": 272, "country_iso": "USA"}, {"h3index": "87268cc30ffffff", "population_2015": 14256.19622785712, "total_built_mass_tons": 5081362.3933781, "city_id": 272, "country_iso": "USA"}, {"h3index": "87268cc31ffffff", "population_2015": 10906.030051404625, "total_built_mass_tons": 4396284.272247128, "city_id": 272, "country_iso": "USA"}, {"h3index": "87268cc32ffffff", "population_2015": 13098.975751789938, "total_built_mass_tons": 4287731.9057428595, "city_id": 272, "country_iso": "USA"}, {"h3index": "87268cc33ffffff", "population_2015": 8419.762198560436, "total_built_mass_tons": 3962948.6571178897, "city_id": 272, "country_iso": "USA"}, {"h3index": "87268cc34ffffff", "population_2015": 9829.388919173802, "total_built_mass_tons": 4578635.395102132, "city_id": 272, "country_iso": "USA"}, {"h3index": "87268cc35ffffff", "population_2015": 12483.936982572664, "total_built_mass_tons": 4180723.6495462824, "city_id": 272, "country_iso": "USA"}, {"h3index": "87268cc36ffffff", "population_2015": 10760.934865983443, "total_built_mass_tons": 3936510.2766698217, "city_id": 272, "country_iso": "USA"}, {"h3index": "87268cc44ffffff", "population_2015": 696.4811195627145, "total_built_mass_tons": 434936.2514052872, "city_id": 272, "country_iso": "USA"}, {"h3index": "87268cc50ffffff", "population_2015": 1458.010101050956, "total_built_mass_tons": 259336.4469673533, "city_id": 272, "country_iso": "USA"}, {"h3index": "87268cc54ffffff", "population_2015": 6043.622732789567, "total_built_mass_tons": 1299634.5608928015, "city_id": 272, "country_iso": "USA"}, {"h3index": "87268cc55ffffff", "population_2015": 680.0614153707729, "total_built_mass_tons": 570727.8759364933, "city_id": 272, "country_iso": "USA"}, {"h3index": "87268cc56ffffff", "population_2015": 52.43028124921462, "total_built_mass_tons": 122221.20612592116, "city_id": 272, "country_iso": "USA"}, {"h3index": "87268cc60ffffff", "population_2015": 1924.9397859568105, "total_built_mass_tons": 1279033.0925114327, "city_id": 272, "country_iso": "USA"}, {"h3index": "87268cc61ffffff", "population_2015": 49.6637849571658, "total_built_mass_tons": 104886.47020486766, "city_id": 272, "country_iso": "USA"}, {"h3index": "87268cc62ffffff", "population_2015": 4935.229984509389, "total_built_mass_tons": 2566575.1992794606, "city_id": 272, "country_iso": "USA"}, {"h3index": "87268cc63ffffff", "population_2015": 1420.3727639733577, "total_built_mass_tons": 721777.5437907971, "city_id": 272, "country_iso": "USA"}, {"h3index": "87268cc66ffffff", "population_2015": 4554.118511755998, "total_built_mass_tons": 1349923.127494656, "city_id": 272, "country_iso": "USA"}, {"h3index": "87268cc70ffffff", "population_2015": 5027.831987642423, "total_built_mass_tons": 2025155.1469487376, "city_id": 272, "country_iso": "USA"}, {"h3index": "87268cc71ffffff", "population_2015": 1896.1943891815108, "total_built_mass_tons": 864454.0080698351, "city_id": 272, "country_iso": "USA"}, {"h3index": "87268cc72ffffff", "population_2015": 1818.985246042615, "total_built_mass_tons": 504482.81874922727, "city_id": 272, "country_iso": "USA"}, {"h3index": "87268cc74ffffff", "population_2015": 11974.121247640893, "total_built_mass_tons": 3854261.2192749656, "city_id": 272, "country_iso": "USA"}, {"h3index": "87268cc75ffffff", "population_2015": 9900.616448068147, "total_built_mass_tons": 3554941.6636151485, "city_id": 272, "country_iso": "USA"}, {"h3index": "87268cc76ffffff", "population_2015": 10059.359007345196, "total_built_mass_tons": 3848527.00507797, "city_id": 272, "country_iso": "USA"}, {"h3index": "87268cc80ffffff", "population_2015": 8072.695614181078, "total_built_mass_tons": 3824186.1966048633, "city_id": 272, "country_iso": "USA"}, {"h3index": "87268cc81ffffff", "population_2015": 2394.334958329443, "total_built_mass_tons": 1507519.0109873635, "city_id": 272, "country_iso": "USA"}, {"h3index": "87268cc82ffffff", "population_2015": 7338.335669452374, "total_built_mass_tons": 3179298.929997644, "city_id": 272, "country_iso": "USA"}, {"h3index": "87268cc83ffffff", "population_2015": 2737.5555426163987, "total_built_mass_tons": 1398185.3039540397, "city_id": 272, "country_iso": "USA"}, {"h3index": "87268cc84ffffff", "population_2015": 5867.230341079947, "total_built_mass_tons": 3039943.436971016, "city_id": 272, "country_iso": "USA"}, {"h3index": "87268cc85ffffff", "population_2015": 5500.5215457328395, "total_built_mass_tons": 2949482.598570904, "city_id": 272, "country_iso": "USA"}, {"h3index": "87268cc86ffffff", "population_2015": 7751.1991305712945, "total_built_mass_tons": 3159568.197365306, "city_id": 272, "country_iso": "USA"}, {"h3index": "87268cc88ffffff", "population_2015": 3056.250310364891, "total_built_mass_tons": 665797.0214184336, "city_id": 272, "country_iso": "USA"}, {"h3index": "87268cc89ffffff", "population_2015": 1795.0816658543604, "total_built_mass_tons": 525499.6966864509, "city_id": 272, "country_iso": "USA"}, {"h3index": "87268cc8cffffff", "population_2015": 1725.5151475932, "total_built_mass_tons": 1899667.4711087416, "city_id": 272, "country_iso": "USA"}, {"h3index": "87268cc8dffffff", "population_2015": 12866.139186830962, "total_built_mass_tons": 3409628.6732425652, "city_id": 272, "country_iso": "USA"}, {"h3index": "87268cc95ffffff", "population_2015": 2616.713834598602, "total_built_mass_tons": 1028859.7130202278, "city_id": 272, "country_iso": "USA"}, {"h3index": "87268cca0ffffff", "population_2015": 3973.702810677243, "total_built_mass_tons": 2270622.812130619, "city_id": 272, "country_iso": "USA"}, {"h3index": "87268cca1ffffff", "population_2015": 7891.484919074177, "total_built_mass_tons": 3677115.10986578, "city_id": 272, "country_iso": "USA"}, {"h3index": "87268cca2ffffff", "population_2015": 4014.799379276996, "total_built_mass_tons": 2487803.872111936, "city_id": 272, "country_iso": "USA"}, {"h3index": "87268cca3ffffff", "population_2015": 5666.913433488212, "total_built_mass_tons": 2818065.597985581, "city_id": 272, "country_iso": "USA"}, {"h3index": "87268cca4ffffff", "population_2015": 8935.42157620752, "total_built_mass_tons": 3718358.991497284, "city_id": 272, "country_iso": "USA"}, {"h3index": "87268cca5ffffff", "population_2015": 5632.703211223528, "total_built_mass_tons": 3234739.015123711, "city_id": 272, "country_iso": "USA"}, {"h3index": "87268cca6ffffff", "population_2015": 4003.971625348729, "total_built_mass_tons": 2627878.7001408003, "city_id": 272, "country_iso": "USA"}, {"h3index": "87268cca8ffffff", "population_2015": 5875.57469033546, "total_built_mass_tons": 2760210.6415305156, "city_id": 272, "country_iso": "USA"}, {"h3index": "87268cca9ffffff", "population_2015": 6631.339187226634, "total_built_mass_tons": 3711150.781409546, "city_id": 272, "country_iso": "USA"}, {"h3index": "87268ccaaffffff", "population_2015": 2221.473050913434, "total_built_mass_tons": 1490212.6525512496, "city_id": 272, "country_iso": "USA"}, {"h3index": "87268ccabffffff", "population_2015": 2115.312388500133, "total_built_mass_tons": 2207210.537760699, "city_id": 272, "country_iso": "USA"}, {"h3index": "87268ccacffffff", "population_2015": 8774.788091342354, "total_built_mass_tons": 3768122.950036402, "city_id": 272, "country_iso": "USA"}, {"h3index": "87268ccadffffff", "population_2015": 8210.042008513445, "total_built_mass_tons": 4125496.601010016, "city_id": 272, "country_iso": "USA"}, {"h3index": "87268ccaeffffff", "population_2015": 2364.1811869806993, "total_built_mass_tons": 1806889.607145775, "city_id": 272, "country_iso": "USA"}, {"h3index": "87268ccb0ffffff", "population_2015": 9253.140163564683, "total_built_mass_tons": 3872571.8266391936, "city_id": 272, "country_iso": "USA"}, {"h3index": "87268ccb1ffffff", "population_2015": 7240.863235246143, "total_built_mass_tons": 3844380.832280256, "city_id": 272, "country_iso": "USA"}, {"h3index": "87268ccb2ffffff", "population_2015": 645.9294789840194, "total_built_mass_tons": 378439.9464818872, "city_id": 272, "country_iso": "USA"}, {"h3index": "87268ccb3ffffff", "population_2015": 5387.549391897048, "total_built_mass_tons": 2048390.9275048012, "city_id": 272, "country_iso": "USA"}, {"h3index": "87268ccb4ffffff", "population_2015": 1285.102156846374, "total_built_mass_tons": 859189.5628204031, "city_id": 272, "country_iso": "USA"}, {"h3index": "87268ccb5ffffff", "population_2015": 7909.96397941253, "total_built_mass_tons": 2688839.6431655018, "city_id": 272, "country_iso": "USA"}, {"h3index": "87268ccb6ffffff", "population_2015": 2525.1499949579147, "total_built_mass_tons": 958845.0373215284, "city_id": 272, "country_iso": "USA"}, {"h3index": "87268ccc4ffffff", "population_2015": 486.8829897772155, "total_built_mass_tons": 182806.6694925305, "city_id": 272, "country_iso": "USA"}, {"h3index": "87268cce0ffffff", "population_2015": 6327.775890498771, "total_built_mass_tons": 3025934.9699437264, "city_id": 272, "country_iso": "USA"}, {"h3index": "87268cce2ffffff", "population_2015": 6428.348856842871, "total_built_mass_tons": 2024608.9178661583, "city_id": 272, "country_iso": "USA"}, {"h3index": "87268cce3ffffff", "population_2015": 485.8820412079494, "total_built_mass_tons": 402183.2594023515, "city_id": 272, "country_iso": "USA"}, {"h3index": "87268cce4ffffff", "population_2015": 1581.502415930451, "total_built_mass_tons": 3382380.408048367, "city_id": 272, "country_iso": "USA"}, {"h3index": "87268cce6ffffff", "population_2015": 10275.25341907972, "total_built_mass_tons": 3214993.2292320244, "city_id": 272, "country_iso": "USA"}, {"h3index": "87268ccf0ffffff", "population_2015": 7354.168274163031, "total_built_mass_tons": 2650724.437993811, "city_id": 272, "country_iso": "USA"}, {"h3index": "87268ccf1ffffff", "population_2015": 13729.82749758608, "total_built_mass_tons": 3145509.9332830915, "city_id": 272, "country_iso": "USA"}, {"h3index": "87268ccf2ffffff", "population_2015": 5867.464335015315, "total_built_mass_tons": 2001345.484555706, "city_id": 272, "country_iso": "USA"}, {"h3index": "87268ccf3ffffff", "population_2015": 3777.804105329747, "total_built_mass_tons": 742906.0146488221, "city_id": 272, "country_iso": "USA"}, {"h3index": "87268ccf4ffffff", "population_2015": 9078.480476677654, "total_built_mass_tons": 3277586.253201466, "city_id": 272, "country_iso": "USA"}, {"h3index": "87268ccf5ffffff", "population_2015": 10995.870274407222, "total_built_mass_tons": 3131605.191043984, "city_id": 272, "country_iso": "USA"}, {"h3index": "87268ccf6ffffff", "population_2015": 10404.369835645546, "total_built_mass_tons": 3136422.327350748, "city_id": 272, "country_iso": "USA"}, {"h3index": "87268cd01ffffff", "population_2015": 5380.716053323066, "total_built_mass_tons": 4742810.008055911, "city_id": 272, "country_iso": "USA"}, {"h3index": "87268cd02ffffff", "population_2015": 1191.3112796981145, "total_built_mass_tons": 3702660.30693436, "city_id": 272, "country_iso": "USA"}, {"h3index": "87268cd03ffffff", "population_2015": 139.36469052774356, "total_built_mass_tons": 3168601.9696658873, "city_id": 272, "country_iso": "USA"}, {"h3index": "87268cd05ffffff", "population_2015": 172.99040226655848, "total_built_mass_tons": 83078.76685296244, "city_id": 272, "country_iso": "USA"}, {"h3index": "87268cd06ffffff", "population_2015": 6468.048717520752, "total_built_mass_tons": 1973324.3983311676, "city_id": 272, "country_iso": "USA"}, {"h3index": "87268cd08ffffff", "population_2015": 7814.533515867943, "total_built_mass_tons": 3784730.475446423, "city_id": 272, "country_iso": "USA"}, {"h3index": "87268cd09ffffff", "population_2015": 8769.681676019642, "total_built_mass_tons": 3242489.749413478, "city_id": 272, "country_iso": "USA"}, {"h3index": "87268cd0affffff", "population_2015": 17330.101937831263, "total_built_mass_tons": 4417232.770701512, "city_id": 272, "country_iso": "USA"}, {"h3index": "87268cd0bffffff", "population_2015": 12899.553030009509, "total_built_mass_tons": 4238858.56769242, "city_id": 272, "country_iso": "USA"}, {"h3index": "87268cd0cffffff", "population_2015": 8463.06523470791, "total_built_mass_tons": 3997285.569916778, "city_id": 272, "country_iso": "USA"}, {"h3index": "87268cd0dffffff", "population_2015": 374.5545592804092, "total_built_mass_tons": 2912870.631349144, "city_id": 272, "country_iso": "USA"}, {"h3index": "87268cd0effffff", "population_2015": 4169.685982736081, "total_built_mass_tons": 2962987.417542909, "city_id": 272, "country_iso": "USA"}, {"h3index": "87268cd10ffffff", "population_2015": 2101.6169932245625, "total_built_mass_tons": 4084211.516756785, "city_id": 272, "country_iso": "USA"}, {"h3index": "87268cd11ffffff", "population_2015": 509.94482387017973, "total_built_mass_tons": 4263778.128602125, "city_id": 272, "country_iso": "USA"}, {"h3index": "87268cd12ffffff", "population_2015": 2902.5791734419176, "total_built_mass_tons": 4075818.087465615, "city_id": 272, "country_iso": "USA"}, {"h3index": "87268cd13ffffff", "population_2015": 10662.207175440431, "total_built_mass_tons": 4342101.947980851, "city_id": 272, "country_iso": "USA"}, {"h3index": "87268cd14ffffff", "population_2015": 472.7988645297713, "total_built_mass_tons": 2970532.3119035116, "city_id": 272, "country_iso": "USA"}, {"h3index": "87268cd15ffffff", "population_2015": 2890.8942541238393, "total_built_mass_tons": 4267466.852304921, "city_id": 272, "country_iso": "USA"}, {"h3index": "87268cd16ffffff", "population_2015": 263.6081703494721, "total_built_mass_tons": 4026004.6519745206, "city_id": 272, "country_iso": "USA"}, {"h3index": "87268cd18ffffff", "population_2015": 10485.942197307128, "total_built_mass_tons": 4689785.980108875, "city_id": 272, "country_iso": "USA"}, {"h3index": "87268cd19ffffff", "population_2015": 16291.206225914066, "total_built_mass_tons": 4327027.874408967, "city_id": 272, "country_iso": "USA"}, {"h3index": "87268cd1affffff", "population_2015": 14295.972076881631, "total_built_mass_tons": 5079085.030590618, "city_id": 272, "country_iso": "USA"}, {"h3index": "87268cd1bffffff", "population_2015": 9347.426463342466, "total_built_mass_tons": 4002371.656736354, "city_id": 272, "country_iso": "USA"}, {"h3index": "87268cd1cffffff", "population_2015": 5187.069017102442, "total_built_mass_tons": 4209418.028227935, "city_id": 272, "country_iso": "USA"}, {"h3index": "87268cd1dffffff", "population_2015": 12424.581122061636, "total_built_mass_tons": 3954607.2980960705, "city_id": 272, "country_iso": "USA"}, {"h3index": "87268cd1effffff", "population_2015": 10889.23597075238, "total_built_mass_tons": 4381618.379224267, "city_id": 272, "country_iso": "USA"}, {"h3index": "87268cd26ffffff", "population_2015": 184.72139319047045, "total_built_mass_tons": 632374.4951918891, "city_id": 272, "country_iso": "USA"}, {"h3index": "87268cd28ffffff", "population_2015": 939.4132128958609, "total_built_mass_tons": 192030.7797779616, "city_id": 272, "country_iso": "USA"}, {"h3index": "87268cd2affffff", "population_2015": 11128.609162424593, "total_built_mass_tons": 2484170.695099991, "city_id": 272, "country_iso": "USA"}, {"h3index": "87268cd2bffffff", "population_2015": 5446.703067071282, "total_built_mass_tons": 1816306.6917849644, "city_id": 272, "country_iso": "USA"}, {"h3index": "87268cd30ffffff", "population_2015": 3066.393869053896, "total_built_mass_tons": 1882232.719252102, "city_id": 272, "country_iso": "USA"}, {"h3index": "87268cd31ffffff", "population_2015": 4183.8726830509395, "total_built_mass_tons": 1231543.487025597, "city_id": 272, "country_iso": "USA"}, {"h3index": "87268cd32ffffff", "population_2015": 3035.12455852578, "total_built_mass_tons": 1734058.1174006483, "city_id": 272, "country_iso": "USA"}, {"h3index": "87268cd33ffffff", "population_2015": 6568.308283519863, "total_built_mass_tons": 3867854.425809729, "city_id": 272, "country_iso": "USA"}, {"h3index": "87268cd34ffffff", "population_2015": 2449.933966950153, "total_built_mass_tons": 994283.8980083138, "city_id": 272, "country_iso": "USA"}, {"h3index": "87268cd35ffffff", "population_2015": 1065.771499679924, "total_built_mass_tons": 2132943.821006514, "city_id": 272, "country_iso": "USA"}, {"h3index": "87268cd36ffffff", "population_2015": 9790.376076102668, "total_built_mass_tons": 3195185.5412090137, "city_id": 272, "country_iso": "USA"}, {"h3index": "87268cd50ffffff", "population_2015": 8905.824664067757, "total_built_mass_tons": 2439947.165011543, "city_id": 272, "country_iso": "USA"}, {"h3index": "87268cd51ffffff", "population_2015": 4317.284177502582, "total_built_mass_tons": 1423628.1249296602, "city_id": 272, "country_iso": "USA"}, {"h3index": "87268cd52ffffff", "population_2015": 16185.357406716605, "total_built_mass_tons": 4567089.192954531, "city_id": 272, "country_iso": "USA"}, {"h3index": "87268cd53ffffff", "population_2015": 12822.421403842349, "total_built_mass_tons": 3973916.4209188954, "city_id": 272, "country_iso": "USA"}, {"h3index": "87268cd54ffffff", "population_2015": 827.3802087983664, "total_built_mass_tons": 1311896.4462622202, "city_id": 272, "country_iso": "USA"}, {"h3index": "87268cd56ffffff", "population_2015": 9203.91523045204, "total_built_mass_tons": 3177792.4878461226, "city_id": 272, "country_iso": "USA"}, {"h3index": "87268cd58ffffff", "population_2015": 4742.308700427121, "total_built_mass_tons": 1469286.8259084087, "city_id": 272, "country_iso": "USA"}, {"h3index": "87268cd59ffffff", "population_2015": 113.75108777401496, "total_built_mass_tons": 40818.264812531525, "city_id": 272, "country_iso": "USA"}, {"h3index": "87268cd5affffff", "population_2015": 12600.149064285371, "total_built_mass_tons": 3760844.0084893834, "city_id": 272, "country_iso": "USA"}, {"h3index": "87268cd5bffffff", "population_2015": 5372.432996254201, "total_built_mass_tons": 2176218.7930279044, "city_id": 272, "country_iso": "USA"}, {"h3index": "87268cd5effffff", "population_2015": 11025.65095957272, "total_built_mass_tons": 3272763.5902641895, "city_id": 272, "country_iso": "USA"}, {"h3index": "87268cd72ffffff", "population_2015": 2892.0012799576075, "total_built_mass_tons": 2543290.124400447, "city_id": 272, "country_iso": "USA"}, {"h3index": "87268cd73ffffff", "population_2015": 105.4659839814602, "total_built_mass_tons": 104990.32034662546, "city_id": 272, "country_iso": "USA"}, {"h3index": "87268cd76ffffff", "population_2015": 2.5734654199003297, "total_built_mass_tons": 594568.4074203154, "city_id": 272, "country_iso": "USA"}, {"h3index": "87268cd80ffffff", "population_2015": 9173.81504735602, "total_built_mass_tons": 3961831.803572889, "city_id": 272, "country_iso": "USA"}, {"h3index": "87268cd81ffffff", "population_2015": 16080.607591328404, "total_built_mass_tons": 4224208.873381078, "city_id": 272, "country_iso": "USA"}, {"h3index": "87268cd82ffffff", "population_2015": 6272.639595375223, "total_built_mass_tons": 3653446.47719826, "city_id": 272, "country_iso": "USA"}, {"h3index": "87268cd83ffffff", "population_2015": 10475.144866080853, "total_built_mass_tons": 4396991.102253314, "city_id": 272, "country_iso": "USA"}, {"h3index": "87268cd84ffffff", "population_2015": 10849.900027441392, "total_built_mass_tons": 4831063.097414322, "city_id": 272, "country_iso": "USA"}, {"h3index": "87268cd85ffffff", "population_2015": 12299.366262863638, "total_built_mass_tons": 3761340.5361810145, "city_id": 272, "country_iso": "USA"}, {"h3index": "87268cd86ffffff", "population_2015": 5882.06696103075, "total_built_mass_tons": 3510090.1125245737, "city_id": 272, "country_iso": "USA"}, {"h3index": "87268cd88ffffff", "population_2015": 14969.008699854783, "total_built_mass_tons": 4398631.860855857, "city_id": 272, "country_iso": "USA"}, {"h3index": "87268cd89ffffff", "population_2015": 4515.11867079729, "total_built_mass_tons": 3971448.159279337, "city_id": 272, "country_iso": "USA"}, {"h3index": "87268cd8affffff", "population_2015": 12477.05532567784, "total_built_mass_tons": 4796311.037299943, "city_id": 272, "country_iso": "USA"}, {"h3index": "87268cd8bffffff", "population_2015": 11017.713276691293, "total_built_mass_tons": 4594153.218233926, "city_id": 272, "country_iso": "USA"}, {"h3index": "87268cd8cffffff", "population_2015": 13561.181104251003, "total_built_mass_tons": 4484150.525439289, "city_id": 272, "country_iso": "USA"}, {"h3index": "87268cd8dffffff", "population_2015": 7027.79515649048, "total_built_mass_tons": 4119416.938152353, "city_id": 272, "country_iso": "USA"}, {"h3index": "87268cd8effffff", "population_2015": 15169.549087941994, "total_built_mass_tons": 4335020.846786123, "city_id": 272, "country_iso": "USA"}, {"h3index": "87268cd90ffffff", "population_2015": 6486.078777460722, "total_built_mass_tons": 2748903.273832102, "city_id": 272, "country_iso": "USA"}, {"h3index": "87268cd91ffffff", "population_2015": 1743.5178832881447, "total_built_mass_tons": 2967372.4276328417, "city_id": 272, "country_iso": "USA"}, {"h3index": "87268cd92ffffff", "population_2015": 918.6751174178486, "total_built_mass_tons": 969918.6173627984, "city_id": 272, "country_iso": "USA"}, {"h3index": "87268cd93ffffff", "population_2015": 4411.201084871735, "total_built_mass_tons": 1655023.6897407465, "city_id": 272, "country_iso": "USA"}, {"h3index": "87268cd94ffffff", "population_2015": 4423.8038749151365, "total_built_mass_tons": 2625158.793851968, "city_id": 272, "country_iso": "USA"}, {"h3index": "87268cd95ffffff", "population_2015": 5344.188784765396, "total_built_mass_tons": 3769058.5033556544, "city_id": 272, "country_iso": "USA"}, {"h3index": "87268cd96ffffff", "population_2015": 1587.0442723296435, "total_built_mass_tons": 1657409.2931321831, "city_id": 272, "country_iso": "USA"}, {"h3index": "87268cd98ffffff", "population_2015": 7456.691722495067, "total_built_mass_tons": 3460188.4179696804, "city_id": 272, "country_iso": "USA"}, {"h3index": "87268cd99ffffff", "population_2015": 5134.993496760682, "total_built_mass_tons": 2705634.072535501, "city_id": 272, "country_iso": "USA"}, {"h3index": "87268cd9affffff", "population_2015": 3086.5353056610916, "total_built_mass_tons": 1761923.3599100176, "city_id": 272, "country_iso": "USA"}, {"h3index": "87268cd9bffffff", "population_2015": 9057.44344995244, "total_built_mass_tons": 2787884.5339834704, "city_id": 272, "country_iso": "USA"}, {"h3index": "87268cd9cffffff", "population_2015": 6722.664702064501, "total_built_mass_tons": 3809481.9319992024, "city_id": 272, "country_iso": "USA"}, {"h3index": "87268cd9dffffff", "population_2015": 9370.639662192038, "total_built_mass_tons": 4116971.832521714, "city_id": 272, "country_iso": "USA"}, {"h3index": "87268cd9effffff", "population_2015": 8168.028507643467, "total_built_mass_tons": 3427269.6051159236, "city_id": 272, "country_iso": "USA"}, {"h3index": "87268cda0ffffff", "population_2015": 8391.764829363163, "total_built_mass_tons": 3714698.132097595, "city_id": 272, "country_iso": "USA"}, {"h3index": "87268cda1ffffff", "population_2015": 11927.614548947242, "total_built_mass_tons": 4861528.047575828, "city_id": 272, "country_iso": "USA"}, {"h3index": "87268cda2ffffff", "population_2015": 6547.757702476824, "total_built_mass_tons": 4318673.055625307, "city_id": 272, "country_iso": "USA"}, {"h3index": "87268cda3ffffff", "population_2015": 14481.009752914018, "total_built_mass_tons": 5395549.159415033, "city_id": 272, "country_iso": "USA"}, {"h3index": "87268cda4ffffff", "population_2015": 5272.618374870813, "total_built_mass_tons": 3407476.1168870428, "city_id": 272, "country_iso": "USA"}, {"h3index": "87268cda5ffffff", "population_2015": 4169.328605842225, "total_built_mass_tons": 3740373.826429884, "city_id": 272, "country_iso": "USA"}, {"h3index": "87268cda6ffffff", "population_2015": 6064.846962806506, "total_built_mass_tons": 4354971.502211831, "city_id": 272, "country_iso": "USA"}, {"h3index": "87268cda8ffffff", "population_2015": 24669.19884646208, "total_built_mass_tons": 6427904.339899954, "city_id": 272, "country_iso": "USA"}, {"h3index": "87268cda9ffffff", "population_2015": 17285.31743916635, "total_built_mass_tons": 4988374.798450187, "city_id": 272, "country_iso": "USA"}, {"h3index": "87268cdaaffffff", "population_2015": 4984.355876905076, "total_built_mass_tons": 4277337.260638939, "city_id": 272, "country_iso": "USA"}, {"h3index": "87268cdabffffff", "population_2015": 14999.145328143906, "total_built_mass_tons": 5418781.660966259, "city_id": 272, "country_iso": "USA"}, {"h3index": "87268cdacffffff", "population_2015": 10876.98591506162, "total_built_mass_tons": 4739508.107919796, "city_id": 272, "country_iso": "USA"}, {"h3index": "87268cdadffffff", "population_2015": 14312.183768777517, "total_built_mass_tons": 4518082.661955502, "city_id": 272, "country_iso": "USA"}, {"h3index": "87268cdaeffffff", "population_2015": 10641.491806008768, "total_built_mass_tons": 5592082.6002123635, "city_id": 272, "country_iso": "USA"}, {"h3index": "87268cdb0ffffff", "population_2015": 4751.802818399931, "total_built_mass_tons": 3424633.986285551, "city_id": 272, "country_iso": "USA"}, {"h3index": "87268cdb1ffffff", "population_2015": 5100.188546042701, "total_built_mass_tons": 3534701.257467941, "city_id": 272, "country_iso": "USA"}, {"h3index": "87268cdb2ffffff", "population_2015": 1332.699326219278, "total_built_mass_tons": 1937428.194517016, "city_id": 272, "country_iso": "USA"}, {"h3index": "87268cdb3ffffff", "population_2015": 5492.182505519834, "total_built_mass_tons": 3037580.0693811458, "city_id": 272, "country_iso": "USA"}, {"h3index": "87268cdb4ffffff", "population_2015": 10240.60912126957, "total_built_mass_tons": 3601388.068064336, "city_id": 272, "country_iso": "USA"}, {"h3index": "87268cdb5ffffff", "population_2015": 7454.167632662199, "total_built_mass_tons": 4092439.0763566736, "city_id": 272, "country_iso": "USA"}, {"h3index": "87268cdb6ffffff", "population_2015": 3322.3418577065663, "total_built_mass_tons": 2413320.860915711, "city_id": 272, "country_iso": "USA"}, {"h3index": "8726aa690ffffff", "population_2015": 5828.631241878984, "total_built_mass_tons": 1759895.4658809362, "city_id": 272, "country_iso": "USA"}, {"h3index": "8726aa691ffffff", "population_2015": 5319.789750739524, "total_built_mass_tons": 1680143.3782253282, "city_id": 272, "country_iso": "USA"}, {"h3index": "8726aa692ffffff", "population_2015": 7330.493963974958, "total_built_mass_tons": 2246708.559744912, "city_id": 272, "country_iso": "USA"}, {"h3index": "8726aa693ffffff", "population_2015": 13185.980359404344, "total_built_mass_tons": 3782987.302830813, "city_id": 272, "country_iso": "USA"}, {"h3index": "8726aa695ffffff", "population_2015": 288.8093418682323, "total_built_mass_tons": 44926.01635115729, "city_id": 272, "country_iso": "USA"}, {"h3index": "8726aa698ffffff", "population_2015": 25.31809919330602, "total_built_mass_tons": 118841.96248787123, "city_id": 272, "country_iso": "USA"}, {"h3index": "8726aa699ffffff", "population_2015": 1035.3595225708157, "total_built_mass_tons": 1067583.2599260488, "city_id": 272, "country_iso": "USA"}, {"h3index": "8726aa69affffff", "population_2015": 4132.4302445797275, "total_built_mass_tons": 1514796.7766030692, "city_id": 272, "country_iso": "USA"}, {"h3index": "8726aa69bffffff", "population_2015": 421.7458136351496, "total_built_mass_tons": 1533069.5446278506, "city_id": 272, "country_iso": "USA"}, {"h3index": "8726aa69effffff", "population_2015": 8590.599998827105, "total_built_mass_tons": 2218986.675611282, "city_id": 272, "country_iso": "USA"}]