[{"h3index":"8731b3106ffffff","population_2015":0.0617660466,"total_built_mass_tons":1079.4838721224,"city_id":10395,"country_iso":"CHN"},{"h3index":"8731b3110ffffff","population_2015":306.8870729559,"total_built_mass_tons":140601.1105519719,"city_id":10395,"country_iso":"CHN"},{"h3index":"8731b3112ffffff","population_2015":174.9890724322,"total_built_mass_tons":98638.3457450521,"city_id":10395,"country_iso":"CHN"},{"h3index":"8731b3114ffffff","population_2015":4285.2574148197,"total_built_mass_tons":1127232.468129151,"city_id":10395,"country_iso":"CHN"},{"h3index":"8731b3115ffffff","population_2015":172.1177954917,"total_built_mass_tons":69534.7569528655,"city_id":10395,"country_iso":"CHN"},{"h3index":"8731b3116ffffff","population_2015":3382.2923151091,"total_built_mass_tons":1281633.9017694984,"city_id":10395,"country_iso":"CHN"},{"h3index":"8731b3130ffffff","population_2015":320.8245754635,"total_built_mass_tons":339581.8820967821,"city_id":10395,"country_iso":"CHN"},{"h3index":"8731b3131ffffff","population_2015":38.128058686,"total_built_mass_tons":21169.0497037542,"city_id":10395,"country_iso":"CHN"},{"h3index":"8731b3132ffffff","population_2015":9328.3410063575,"total_built_mass_tons":4315723.1310772421,"city_id":10395,"country_iso":"CHN"},{"h3index":"8731b3133ffffff","population_2015":1270.6679376822,"total_built_mass_tons":717813.9183520337,"city_id":10395,"country_iso":"CHN"},{"h3index":"8731b3136ffffff","population_2015":593.9491868802,"total_built_mass_tons":620204.1069584126,"city_id":10395,"country_iso":"CHN"},{"h3index":"8731b31a0ffffff","population_2015":4287.7968561827,"total_built_mass_tons":654491.5137322217,"city_id":10395,"country_iso":"CHN"},{"h3index":"8731b31a2ffffff","population_2015":24.073213523,"total_built_mass_tons":22030.996803325,"city_id":10395,"country_iso":"CHN"},{"h3index":"8731b31a4ffffff","population_2015":41505.3999376185,"total_built_mass_tons":3644013.8732217611,"city_id":10395,"country_iso":"CHN"},{"h3index":"8731b31a5ffffff","population_2015":10981.4091328331,"total_built_mass_tons":1636546.641026143,"city_id":10395,"country_iso":"CHN"},{"h3index":"8731b31a6ffffff","population_2015":947.3633630098,"total_built_mass_tons":305701.275131893,"city_id":10395,"country_iso":"CHN"},{"h3index":"8731b3c48ffffff","population_2015":14306.4885351321,"total_built_mass_tons":4738012.7492521871,"city_id":10395,"country_iso":"CHN"},{"h3index":"8731b3c49ffffff","population_2015":15342.1153370633,"total_built_mass_tons":5592663.4490027297,"city_id":10395,"country_iso":"CHN"},{"h3index":"8731b3c4affffff","population_2015":32725.7412106794,"total_built_mass_tons":4649987.7178225983,"city_id":10395,"country_iso":"CHN"},{"h3index":"8731b3c4bffffff","population_2015":70584.7830400953,"total_built_mass_tons":6749475.0892239232,"city_id":10395,"country_iso":"CHN"},{"h3index":"8731b3c4cffffff","population_2015":177.4395008036,"total_built_mass_tons":387779.1933883907,"city_id":10395,"country_iso":"CHN"},{"h3index":"8731b3c4dffffff","population_2015":2662.1120309341,"total_built_mass_tons":2883688.25952688,"city_id":10395,"country_iso":"CHN"},{"h3index":"8731b3c4effffff","population_2015":246.542198773,"total_built_mass_tons":344688.3454548007,"city_id":10395,"country_iso":"CHN"},{"h3index":"8731b3c58ffffff","population_2015":16.4185687794,"total_built_mass_tons":27491.8878233491,"city_id":10395,"country_iso":"CHN"},{"h3index":"8731b3c59ffffff","population_2015":2992.8101698716,"total_built_mass_tons":1717844.1678529489,"city_id":10395,"country_iso":"CHN"},{"h3index":"8731b3c5dffffff","population_2015":361.7403929318,"total_built_mass_tons":604385.4125234121,"city_id":10395,"country_iso":"CHN"},{"h3index":"8731b3c6bffffff","population_2015":157.5341702511,"total_built_mass_tons":461043.790864877,"city_id":10395,"country_iso":"CHN"}]