[{"h3index":"8740e2440ffffff","population_2015":1742.2212366833,"total_built_mass_tons":615412.8781802368,"city_id":10369,"country_iso":"CHN"},{"h3index":"8740e2442ffffff","population_2015":4624.0949144999,"total_built_mass_tons":535663.095338159,"city_id":10369,"country_iso":"CHN"},{"h3index":"8740e2444ffffff","population_2015":27194.4336969712,"total_built_mass_tons":7025585.37314873,"city_id":10369,"country_iso":"CHN"},{"h3index":"8740e2445ffffff","population_2015":6964.6595248634,"total_built_mass_tons":1836784.5285545411,"city_id":10369,"country_iso":"CHN"},{"h3index":"8740e2446ffffff","population_2015":5343.4455931327,"total_built_mass_tons":812481.2950971818,"city_id":10369,"country_iso":"CHN"},{"h3index":"8740e2455ffffff","population_2015":133.1083169825,"total_built_mass_tons":62332.4126215293,"city_id":10369,"country_iso":"CHN"},{"h3index":"8740e2460ffffff","population_2015":213.8252444847,"total_built_mass_tons":26852.9903950017,"city_id":10369,"country_iso":"CHN"},{"h3index":"8740e2461ffffff","population_2015":69.4187039095,"total_built_mass_tons":27653.808568,"city_id":10369,"country_iso":"CHN"},{"h3index":"8740e2462ffffff","population_2015":3369.7871221636,"total_built_mass_tons":565865.3654894144,"city_id":10369,"country_iso":"CHN"},{"h3index":"8740e2463ffffff","population_2015":19460.0653960957,"total_built_mass_tons":3200034.4682537839,"city_id":10369,"country_iso":"CHN"},{"h3index":"8740e246effffff","population_2015":2020.5316515268,"total_built_mass_tons":456588.5058256011,"city_id":10369,"country_iso":"CHN"},{"h3index":"8740e2471ffffff","population_2015":363.6839435942,"total_built_mass_tons":310489.9216345225,"city_id":10369,"country_iso":"CHN"}]