[{"h3index":"87541b20affffff","population_2015":3584.2066322925,"total_built_mass_tons":2062675.6962924399,"city_id":1489,"country_iso":"SEN"},{"h3index":"87541b20bffffff","population_2015":407.2773920807,"total_built_mass_tons":248988.637673381,"city_id":1489,"country_iso":"SEN"},{"h3index":"87541b20effffff","population_2015":104.1855898483,"total_built_mass_tons":73973.3498300966,"city_id":1489,"country_iso":"SEN"},{"h3index":"87541b219ffffff","population_2015":373.153081922,"total_built_mass_tons":272560.0718719579,"city_id":1489,"country_iso":"SEN"},{"h3index":"87541b21dffffff","population_2015":405.8511488185,"total_built_mass_tons":229665.0367877764,"city_id":1489,"country_iso":"SEN"},{"h3index":"87541b2e4ffffff","population_2015":868.2459617858,"total_built_mass_tons":553036.2408091688,"city_id":1489,"country_iso":"SEN"},{"h3index":"87541b2e6ffffff","population_2015":41.2553192681,"total_built_mass_tons":22804.4163434062,"city_id":1489,"country_iso":"SEN"}]