[{"h3index": "8730a06b4ffffff", "population_2015": 11.527681540507896, "total_built_mass_tons": 16584.712872086224, "city_id": 11590, "country_iso": "CHN"}, {"h3index": "8730a0780ffffff", "population_2015": 15891.811054435431, "total_built_mass_tons": 2633457.3067438263, "city_id": 11590, "country_iso": "CHN"}, {"h3index": "8730a0781ffffff", "population_2015": 24828.612714984367, "total_built_mass_tons": 5250204.498738582, "city_id": 11590, "country_iso": "CHN"}, {"h3index": "8730a0782ffffff", "population_2015": 8538.684166678262, "total_built_mass_tons": 3390778.392054579, "city_id": 11590, "country_iso": "CHN"}, {"h3index": "8730a0783ffffff", "population_2015": 25168.8842536253, "total_built_mass_tons": 6355105.365952013, "city_id": 11590, "country_iso": "CHN"}, {"h3index": "8730a0784ffffff", "population_2015": 43.26301098991843, "total_built_mass_tons": 95393.9563695913, "city_id": 11590, "country_iso": "CHN"}, {"h3index": "8730a0785ffffff", "population_2015": 12750.273448059606, "total_built_mass_tons": 3683721.897079392, "city_id": 11590, "country_iso": "CHN"}, {"h3index": "8730a0786ffffff", "population_2015": 2124.301757584366, "total_built_mass_tons": 1507407.858167434, "city_id": 11590, "country_iso": "CHN"}, {"h3index": "8730a078affffff", "population_2015": 4.934566949395573, "total_built_mass_tons": 13728.1543467051, "city_id": 11590, "country_iso": "CHN"}, {"h3index": "8730a078cffffff", "population_2015": 1214.901963295656, "total_built_mass_tons": 757499.8951068295, "city_id": 11590, "country_iso": "CHN"}, {"h3index": "8730a078effffff", "population_2015": 5470.618340736277, "total_built_mass_tons": 1864770.4365326809, "city_id": 11590, "country_iso": "CHN"}, {"h3index": "8730a0791ffffff", "population_2015": 2028.0178036900124, "total_built_mass_tons": 2662877.9449081975, "city_id": 11590, "country_iso": "CHN"}, {"h3index": "8730a0793ffffff", "population_2015": 111.35174695276748, "total_built_mass_tons": 103685.9625311497, "city_id": 11590, "country_iso": "CHN"}, {"h3index": "8730a0795ffffff", "population_2015": 1354.595451296077, "total_built_mass_tons": 1410957.213772776, "city_id": 11590, "country_iso": "CHN"}, {"h3index": "8730a0798ffffff", "population_2015": 6239.356995874293, "total_built_mass_tons": 2002479.3183173249, "city_id": 11590, "country_iso": "CHN"}, {"h3index": "8730a0799ffffff", "population_2015": 7.071708682939118, "total_built_mass_tons": 6455.346657533584, "city_id": 11590, "country_iso": "CHN"}, {"h3index": "8730a079affffff", "population_2015": 1158.695964246638, "total_built_mass_tons": 974786.8582654156, "city_id": 11590, "country_iso": "CHN"}, {"h3index": "8730a079bffffff", "population_2015": 106.69458638359518, "total_built_mass_tons": 68201.01232013918, "city_id": 11590, "country_iso": "CHN"}, {"h3index": "8730a079cffffff", "population_2015": 12254.470929247256, "total_built_mass_tons": 4297500.8803472, "city_id": 11590, "country_iso": "CHN"}, {"h3index": "8730a079dffffff", "population_2015": 10205.149425784277, "total_built_mass_tons": 2569716.1527097514, "city_id": 11590, "country_iso": "CHN"}, {"h3index": "8730a079effffff", "population_2015": 5218.016091130762, "total_built_mass_tons": 2117469.594614307, "city_id": 11590, "country_iso": "CHN"}, {"h3index": "8730a07a3ffffff", "population_2015": 367.6421350404328, "total_built_mass_tons": 125065.34082824308, "city_id": 11590, "country_iso": "CHN"}, {"h3index": "8730a07a8ffffff", "population_2015": 1877.610972005246, "total_built_mass_tons": 1121757.120230346, "city_id": 11590, "country_iso": "CHN"}, {"h3index": "8730a07aaffffff", "population_2015": 12957.352218771915, "total_built_mass_tons": 2808764.1786693274, "city_id": 11590, "country_iso": "CHN"}, {"h3index": "8730a07abffffff", "population_2015": 13.61073668236826, "total_built_mass_tons": 12135.7843303948, "city_id": 11590, "country_iso": "CHN"}, {"h3index": "8730a07acffffff", "population_2015": 189.4804725974213, "total_built_mass_tons": 184706.89654053884, "city_id": 11590, "country_iso": "CHN"}, {"h3index": "8730a07adffffff", "population_2015": 255.57184589844127, "total_built_mass_tons": 324657.6034479469, "city_id": 11590, "country_iso": "CHN"}, {"h3index": "8730a07aeffffff", "population_2015": 1739.0555581050762, "total_built_mass_tons": 1199260.6465218095, "city_id": 11590, "country_iso": "CHN"}, {"h3index": "8730a2b68ffffff", "population_2015": 736.0733184449814, "total_built_mass_tons": 367934.0428215856, "city_id": 11590, "country_iso": "CHN"}, {"h3index": "8730a2b69ffffff", "population_2015": 312.77658919820595, "total_built_mass_tons": 380148.0955237092, "city_id": 11590, "country_iso": "CHN"}, {"h3index": "8730a2b6affffff", "population_2015": 1.328817132407544, "total_built_mass_tons": 11925.504712927885, "city_id": 11590, "country_iso": "CHN"}, {"h3index": "8730a2b6cffffff", "population_2015": 66.24197761311251, "total_built_mass_tons": 29883.795072118523, "city_id": 11590, "country_iso": "CHN"}, {"h3index": "8730a2b6dffffff", "population_2015": 2204.565992134692, "total_built_mass_tons": 968470.9564313483, "city_id": 11590, "country_iso": "CHN"}, {"h3index": "8730a2b6effffff", "population_2015": 97.30466890007844, "total_built_mass_tons": 211073.1575958456, "city_id": 11590, "country_iso": "CHN"}]