[{"h3index": "873188809ffffff", "population_2015": 816.2183879515705, "total_built_mass_tons": 142821.63631324293, "city_id": 11050, "country_iso": "CHN"}, {"h3index": "87318880bffffff", "population_2015": 2918.5795574973613, "total_built_mass_tons": 463012.95722548943, "city_id": 11050, "country_iso": "CHN"}, {"h3index": "873188818ffffff", "population_2015": 2803.678179939121, "total_built_mass_tons": 374462.32870933006, "city_id": 11050, "country_iso": "CHN"}, {"h3index": "87318881affffff", "population_2015": 4570.3753371313505, "total_built_mass_tons": 1163108.6759789262, "city_id": 11050, "country_iso": "CHN"}, {"h3index": "87318881bffffff", "population_2015": 22020.81385251214, "total_built_mass_tons": 3099078.9224611036, "city_id": 11050, "country_iso": "CHN"}, {"h3index": "873188852ffffff", "population_2015": 323.90241454442344, "total_built_mass_tons": 170253.41910047684, "city_id": 11050, "country_iso": "CHN"}, {"h3index": "873188854ffffff", "population_2015": 223.4407684887157, "total_built_mass_tons": 130429.63626090925, "city_id": 11050, "country_iso": "CHN"}, {"h3index": "873188856ffffff", "population_2015": 3532.5349086050896, "total_built_mass_tons": 649470.573401636, "city_id": 11050, "country_iso": "CHN"}, {"h3index": "8731888a9ffffff", "population_2015": 138.26198271068873, "total_built_mass_tons": 236800.40247235855, "city_id": 11050, "country_iso": "CHN"}, {"h3index": "8731888c4ffffff", "population_2015": 533.3005895726819, "total_built_mass_tons": 400324.90699694806, "city_id": 11050, "country_iso": "CHN"}, {"h3index": "8731888c5ffffff", "population_2015": 7.797144188600428, "total_built_mass_tons": 5086.517259810188, "city_id": 11050, "country_iso": "CHN"}, {"h3index": "8731888e0ffffff", "population_2015": 3162.7439805367408, "total_built_mass_tons": 592047.97609793, "city_id": 11050, "country_iso": "CHN"}, {"h3index": "8731888e1ffffff", "population_2015": 1372.0304581586051, "total_built_mass_tons": 175307.08128975215, "city_id": 11050, "country_iso": "CHN"}, {"h3index": "8731888e2ffffff", "population_2015": 8463.380310233439, "total_built_mass_tons": 1966210.508876423, "city_id": 11050, "country_iso": "CHN"}, {"h3index": "8731888e3ffffff", "population_2015": 3202.5015134381306, "total_built_mass_tons": 803794.8642227271, "city_id": 11050, "country_iso": "CHN"}, {"h3index": "8731888e4ffffff", "population_2015": 6759.776442926071, "total_built_mass_tons": 1188335.6665121885, "city_id": 11050, "country_iso": "CHN"}, {"h3index": "8731888e5ffffff", "population_2015": 6979.0374378597035, "total_built_mass_tons": 974649.0409088626, "city_id": 11050, "country_iso": "CHN"}, {"h3index": "8731888e6ffffff", "population_2015": 18188.83862959824, "total_built_mass_tons": 3434480.0525735756, "city_id": 11050, "country_iso": "CHN"}, {"h3index": "8731888f0ffffff", "population_2015": 415.5091778678053, "total_built_mass_tons": 592472.0268202862, "city_id": 11050, "country_iso": "CHN"}, {"h3index": "8731888f1ffffff", "population_2015": 2085.676023757223, "total_built_mass_tons": 1664847.9450427457, "city_id": 11050, "country_iso": "CHN"}, {"h3index": "8731888f4ffffff", "population_2015": 12763.483480526418, "total_built_mass_tons": 3197800.879501204, "city_id": 11050, "country_iso": "CHN"}, {"h3index": "8731888f5ffffff", "population_2015": 16070.145288844204, "total_built_mass_tons": 3114754.5176130775, "city_id": 11050, "country_iso": "CHN"}, {"h3index": "8731888f6ffffff", "population_2015": 1296.703378544602, "total_built_mass_tons": 1294780.459358431, "city_id": 11050, "country_iso": "CHN"}]