[{"h3index":"8740f2434ffffff","population_2015":234.5242872322,"total_built_mass_tons":325069.7450043762,"city_id":10423,"country_iso":"CHN"},{"h3index":"8740f2436ffffff","population_2015":52.3113143061,"total_built_mass_tons":59293.8248291354,"city_id":10423,"country_iso":"CHN"},{"h3index":"8740f251affffff","population_2015":672.9427209461,"total_built_mass_tons":234051.6074251428,"city_id":10423,"country_iso":"CHN"},{"h3index":"8740f251bffffff","population_2015":55.2581340089,"total_built_mass_tons":61095.3454303329,"city_id":10423,"country_iso":"CHN"},{"h3index":"8740f258cffffff","population_2015":381.6148135428,"total_built_mass_tons":231125.1837882947,"city_id":10423,"country_iso":"CHN"},{"h3index":"8740f258dffffff","population_2015":0.7122464853,"total_built_mass_tons":6085.090163441,"city_id":10423,"country_iso":"CHN"},{"h3index":"8740f25a8ffffff","population_2015":10650.316152984,"total_built_mass_tons":2095684.6440460524,"city_id":10423,"country_iso":"CHN"},{"h3index":"8740f25a9ffffff","population_2015":12959.4424562398,"total_built_mass_tons":2387271.3884734837,"city_id":10423,"country_iso":"CHN"},{"h3index":"8740f25aaffffff","population_2015":1543.0826829929,"total_built_mass_tons":635320.5303965594,"city_id":10423,"country_iso":"CHN"},{"h3index":"8740f25abffffff","population_2015":21859.3566974509,"total_built_mass_tons":5093334.6892739916,"city_id":10423,"country_iso":"CHN"},{"h3index":"8740f25adffffff","population_2015":2.1109337526,"total_built_mass_tons":13374.1764190579,"city_id":10423,"country_iso":"CHN"}]