[{"h3index": "873835344ffffff", "population_2015": 167.08494221930408, "total_built_mass_tons": 140530.74223454334, "city_id": 1734, "country_iso": "MAR"}, {"h3index": "873835346ffffff", "population_2015": 1290.367015025195, "total_built_mass_tons": 641813.0677128246, "city_id": 1734, "country_iso": "MAR"}, {"h3index": "873835354ffffff", "population_2015": 4.742522924086628, "total_built_mass_tons": 2969.5059025077117, "city_id": 1734, "country_iso": "MAR"}, {"h3index": "873835355ffffff", "population_2015": 206.9878980730094, "total_built_mass_tons": 95394.32879820824, "city_id": 1734, "country_iso": "MAR"}, {"h3index": "873835362ffffff", "population_2015": 2277.3377784429817, "total_built_mass_tons": 317491.4291447013, "city_id": 1734, "country_iso": "MAR"}, {"h3index": "873835366ffffff", "population_2015": 11.140758334889131, "total_built_mass_tons": 1141.6095671973883, "city_id": 1734, "country_iso": "MAR"}, {"h3index": "873835370ffffff", "population_2015": 4409.696061717763, "total_built_mass_tons": 1213554.7562072806, "city_id": 1734, "country_iso": "MAR"}, {"h3index": "873835371ffffff", "population_2015": 9472.66307816038, "total_built_mass_tons": 2439662.772785385, "city_id": 1734, "country_iso": "MAR"}, {"h3index": "873835373ffffff", "population_2015": 7116.657635685039, "total_built_mass_tons": 2346579.243907226, "city_id": 1734, "country_iso": "MAR"}, {"h3index": "873835374ffffff", "population_2015": 4695.455304607691, "total_built_mass_tons": 1303721.6435243883, "city_id": 1734, "country_iso": "MAR"}, {"h3index": "873835375ffffff", "population_2015": 55749.815010209175, "total_built_mass_tons": 3592889.898958561, "city_id": 1734, "country_iso": "MAR"}, {"h3index": "873835adbffffff", "population_2015": 2638.256624964172, "total_built_mass_tons": 332404.68997023394, "city_id": 1734, "country_iso": "MAR"}]