[{"h3index":"873cea4c3ffffff","population_2015":72.4007260603,"total_built_mass_tons":76731.9741686851,"city_id":10086,"country_iso":"IND"},{"h3index":"873cea4caffffff","population_2015":70.4444371541,"total_built_mass_tons":133962.4171110204,"city_id":10086,"country_iso":"IND"},{"h3index":"873cea4ccffffff","population_2015":143.9707865883,"total_built_mass_tons":53196.4724405324,"city_id":10086,"country_iso":"IND"},{"h3index":"873cea4ceffffff","population_2015":6614.71905408,"total_built_mass_tons":1174600.3823815132,"city_id":10086,"country_iso":"IND"},{"h3index":"873cea4d8ffffff","population_2015":47.8858226066,"total_built_mass_tons":12291.2770723573,"city_id":10086,"country_iso":"IND"},{"h3index":"873cea4dcffffff","population_2015":348.7477692997,"total_built_mass_tons":76556.6155851874,"city_id":10086,"country_iso":"IND"},{"h3index":"873cea4ddffffff","population_2015":11581.8579841277,"total_built_mass_tons":2586495.8900324358,"city_id":10086,"country_iso":"IND"}]