[{"h3index":"874055008ffffff","population_2015":2534.3294137852,"total_built_mass_tons":1087235.6507831754,"city_id":10364,"country_iso":"CHN"},{"h3index":"874055009ffffff","population_2015":11900.1760411001,"total_built_mass_tons":3249563.3851241264,"city_id":10364,"country_iso":"CHN"},{"h3index":"87405500bffffff","population_2015":820.3313781645,"total_built_mass_tons":552800.6099526354,"city_id":10364,"country_iso":"CHN"},{"h3index":"87405500cffffff","population_2015":8.3299139285,"total_built_mass_tons":3296.4052700169,"city_id":10364,"country_iso":"CHN"},{"h3index":"87405500dffffff","population_2015":9904.1035045811,"total_built_mass_tons":2519535.4925138047,"city_id":10364,"country_iso":"CHN"},{"h3index":"87405502bffffff","population_2015":41.8653931618,"total_built_mass_tons":47764.1253531662,"city_id":10364,"country_iso":"CHN"},{"h3index":"874055070ffffff","population_2015":0.1607484818,"total_built_mass_tons":162.317716027,"city_id":10364,"country_iso":"CHN"},{"h3index":"874055072ffffff","population_2015":1468.4376170065,"total_built_mass_tons":289187.9098691797,"city_id":10364,"country_iso":"CHN"},{"h3index":"874055076ffffff","population_2015":979.4011075207,"total_built_mass_tons":548947.8798738022,"city_id":10364,"country_iso":"CHN"}]