[{"h3index":"87a8ee806ffffff","population_2015":1518.7516866718,"total_built_mass_tons":125257.0732552645,"city_id":1132,"country_iso":"BRA"},{"h3index":"87a8ee810ffffff","population_2015":71.9478988049,"total_built_mass_tons":21199.6362810974,"city_id":1132,"country_iso":"BRA"},{"h3index":"87a8ee814ffffff","population_2015":13539.3629473038,"total_built_mass_tons":2003724.7631264036,"city_id":1132,"country_iso":"BRA"},{"h3index":"87a8ee815ffffff","population_2015":3351.6915550232,"total_built_mass_tons":610012.7624892823,"city_id":1132,"country_iso":"BRA"},{"h3index":"87a8ee816ffffff","population_2015":158.7025197768,"total_built_mass_tons":5848.1776839939,"city_id":1132,"country_iso":"BRA"},{"h3index":"87a8ee830ffffff","population_2015":7901.915013711,"total_built_mass_tons":1959334.7027701491,"city_id":1132,"country_iso":"BRA"},{"h3index":"87a8ee831ffffff","population_2015":629.2056213034,"total_built_mass_tons":133403.9423739466,"city_id":1132,"country_iso":"BRA"},{"h3index":"87a8ee832ffffff","population_2015":8362.546342278,"total_built_mass_tons":1693102.4033253742,"city_id":1132,"country_iso":"BRA"},{"h3index":"87a8ee833ffffff","population_2015":20186.7687327623,"total_built_mass_tons":3667539.204182093,"city_id":1132,"country_iso":"BRA"},{"h3index":"87a8ee836ffffff","population_2015":68.0261007907,"total_built_mass_tons":25294.2140813806,"city_id":1132,"country_iso":"BRA"},{"h3index":"87a8ee989ffffff","population_2015":222.5604013508,"total_built_mass_tons":84154.0434437381,"city_id":1132,"country_iso":"BRA"}]