[{"h3index":"8781037a0ffffff","population_2015":4694.0315943755,"total_built_mass_tons":228406.7430827294,"city_id":1364,"country_iso":"BRA"},{"h3index":"8781037a2ffffff","population_2015":30158.9764299832,"total_built_mass_tons":2648605.5321657928,"city_id":1364,"country_iso":"BRA"},{"h3index":"8781037a3ffffff","population_2015":1029.5398395987,"total_built_mass_tons":62636.6696656004,"city_id":1364,"country_iso":"BRA"},{"h3index":"8781037a6ffffff","population_2015":61.1899384592,"total_built_mass_tons":75258.4305263091,"city_id":1364,"country_iso":"BRA"},{"h3index":"8781037b0ffffff","population_2015":22.5233962758,"total_built_mass_tons":59468.5414430388,"city_id":1364,"country_iso":"BRA"},{"h3index":"8781037b1ffffff","population_2015":3950.2396549346,"total_built_mass_tons":243531.7737312009,"city_id":1364,"country_iso":"BRA"},{"h3index":"8781037b5ffffff","population_2015":3048.5697811744,"total_built_mass_tons":224645.7236428462,"city_id":1364,"country_iso":"BRA"}]