[{"h3index":"8740e5882ffffff","population_2015":258.6069748981,"total_built_mass_tons":284289.1192211512,"city_id":10453,"country_iso":"CHN"},{"h3index":"8740e5890ffffff","population_2015":20059.8511266933,"total_built_mass_tons":3689804.0605067788,"city_id":10453,"country_iso":"CHN"},{"h3index":"8740e5891ffffff","population_2015":1308.0840755986,"total_built_mass_tons":154199.6853733425,"city_id":10453,"country_iso":"CHN"},{"h3index":"8740e5892ffffff","population_2015":5869.6063745143,"total_built_mass_tons":2519744.444289986,"city_id":10453,"country_iso":"CHN"},{"h3index":"8740e5894ffffff","population_2015":1261.2620732775,"total_built_mass_tons":141581.4262965852,"city_id":10453,"country_iso":"CHN"},{"h3index":"8740e5895ffffff","population_2015":10638.7369650429,"total_built_mass_tons":1792024.123717153,"city_id":10453,"country_iso":"CHN"},{"h3index":"8740e5896ffffff","population_2015":13437.1453838348,"total_built_mass_tons":3169294.5749708395,"city_id":10453,"country_iso":"CHN"},{"h3index":"8740e5c08ffffff","population_2015":1346.5814206479,"total_built_mass_tons":745607.2924452573,"city_id":10453,"country_iso":"CHN"},{"h3index":"8740e5c09ffffff","population_2015":442.3696791593,"total_built_mass_tons":465871.3581217497,"city_id":10453,"country_iso":"CHN"},{"h3index":"8740e5c0affffff","population_2015":15.2025365493,"total_built_mass_tons":2399.9460122175,"city_id":10453,"country_iso":"CHN"},{"h3index":"8740e5c0dffffff","population_2015":100.491911832,"total_built_mass_tons":107009.1378376182,"city_id":10453,"country_iso":"CHN"},{"h3index":"8740e5c28ffffff","population_2015":1591.2697891291,"total_built_mass_tons":632072.2290441963,"city_id":10453,"country_iso":"CHN"},{"h3index":"8740e5c29ffffff","population_2015":4544.1182011576,"total_built_mass_tons":1758985.5340737591,"city_id":10453,"country_iso":"CHN"},{"h3index":"8740e5c2bffffff","population_2015":38.9714029275,"total_built_mass_tons":14288.3203436526,"city_id":10453,"country_iso":"CHN"},{"h3index":"8740e5c2cffffff","population_2015":373.3325054215,"total_built_mass_tons":170193.2939552466,"city_id":10453,"country_iso":"CHN"},{"h3index":"8740e5c2dffffff","population_2015":3431.1617236726,"total_built_mass_tons":745737.9577344509,"city_id":10453,"country_iso":"CHN"},{"h3index":"8740e5c2effffff","population_2015":2783.3055514289,"total_built_mass_tons":1564691.2026548274,"city_id":10453,"country_iso":"CHN"},{"h3index":"8740e5c44ffffff","population_2015":424.7555317449,"total_built_mass_tons":197787.9474400859,"city_id":10453,"country_iso":"CHN"},{"h3index":"8740e5c46ffffff","population_2015":7109.4063169853,"total_built_mass_tons":930235.3758484072,"city_id":10453,"country_iso":"CHN"},{"h3index":"8740e5c54ffffff","population_2015":2114.2485018104,"total_built_mass_tons":1462338.7772258597,"city_id":10453,"country_iso":"CHN"},{"h3index":"8740e5c55ffffff","population_2015":422.5794426712,"total_built_mass_tons":190197.1443313397,"city_id":10453,"country_iso":"CHN"},{"h3index":"8740e5c60ffffff","population_2015":5957.0598057092,"total_built_mass_tons":423842.9165434235,"city_id":10453,"country_iso":"CHN"},{"h3index":"8740e5c61ffffff","population_2015":103.4199014047,"total_built_mass_tons":72531.287401627,"city_id":10453,"country_iso":"CHN"},{"h3index":"8740e5c62ffffff","population_2015":2582.7527710485,"total_built_mass_tons":527843.0459046623,"city_id":10453,"country_iso":"CHN"},{"h3index":"8740e5c64ffffff","population_2015":4393.921659406,"total_built_mass_tons":408484.4726152244,"city_id":10453,"country_iso":"CHN"},{"h3index":"8740e5c65ffffff","population_2015":6731.9150451464,"total_built_mass_tons":1330932.2828842958,"city_id":10453,"country_iso":"CHN"},{"h3index":"8740e5c66ffffff","population_2015":35735.479783204,"total_built_mass_tons":3789647.3375976775,"city_id":10453,"country_iso":"CHN"},{"h3index":"8740e5c70ffffff","population_2015":17707.2874731157,"total_built_mass_tons":3006083.8200945202,"city_id":10453,"country_iso":"CHN"},{"h3index":"8740e5c71ffffff","population_2015":20590.8537785324,"total_built_mass_tons":3419139.3857575362,"city_id":10453,"country_iso":"CHN"},{"h3index":"8740e5c72ffffff","population_2015":3962.5572302491,"total_built_mass_tons":2081310.5614835999,"city_id":10453,"country_iso":"CHN"},{"h3index":"8740e5c73ffffff","population_2015":21650.6652004513,"total_built_mass_tons":3454991.670851429,"city_id":10453,"country_iso":"CHN"},{"h3index":"8740e5c74ffffff","population_2015":13642.9586091883,"total_built_mass_tons":2056646.3508040064,"city_id":10453,"country_iso":"CHN"},{"h3index":"8740e5c75ffffff","population_2015":22765.4926019407,"total_built_mass_tons":4367988.8823922081,"city_id":10453,"country_iso":"CHN"},{"h3index":"8740e5c76ffffff","population_2015":9.6963472441,"total_built_mass_tons":7608.6945164453,"city_id":10453,"country_iso":"CHN"},{"h3index":"8740e5d4bffffff","population_2015":478.3530270969,"total_built_mass_tons":77135.7249113102,"city_id":10453,"country_iso":"CHN"},{"h3index":"8740e5d58ffffff","population_2015":4409.7948643395,"total_built_mass_tons":1128161.6936002003,"city_id":10453,"country_iso":"CHN"},{"h3index":"8740e5d59ffffff","population_2015":5697.0787034652,"total_built_mass_tons":1782465.9924167157,"city_id":10453,"country_iso":"CHN"},{"h3index":"8740e5d5affffff","population_2015":70883.7617352131,"total_built_mass_tons":4010692.2758845878,"city_id":10453,"country_iso":"CHN"},{"h3index":"8740e5d5bffffff","population_2015":29766.9681572685,"total_built_mass_tons":8465452.6425302252,"city_id":10453,"country_iso":"CHN"},{"h3index":"8740e5d5effffff","population_2015":11.3832481534,"total_built_mass_tons":11148.6576965744,"city_id":10453,"country_iso":"CHN"}]