[{"h3index": "8742c050dffffff", "population_2015": 1849.285821050756, "total_built_mass_tons": 354525.36137434223, "city_id": 6458, "country_iso": "IND"}, {"h3index": "8742c0529ffffff", "population_2015": 158.37888482785692, "total_built_mass_tons": 53365.312180811336, "city_id": 6458, "country_iso": "IND"}, {"h3index": "8742c0544ffffff", "population_2015": 21.921281261070103, "total_built_mass_tons": 9644.215853585578, "city_id": 6458, "country_iso": "IND"}, {"h3index": "8742c0560ffffff", "population_2015": 11332.562072076988, "total_built_mass_tons": 987780.076555331, "city_id": 6458, "country_iso": "IND"}, {"h3index": "8742c0561ffffff", "population_2015": 283.48922733232087, "total_built_mass_tons": 59036.97882537224, "city_id": 6458, "country_iso": "IND"}, {"h3index": "8742c0562ffffff", "population_2015": 13431.163875003884, "total_built_mass_tons": 1091537.4827068418, "city_id": 6458, "country_iso": "IND"}, {"h3index": "8742c0563ffffff", "population_2015": 2217.320032269347, "total_built_mass_tons": 452834.7077884106, "city_id": 6458, "country_iso": "IND"}, {"h3index": "8742c0564ffffff", "population_2015": 17041.653010155173, "total_built_mass_tons": 1513422.367966701, "city_id": 6458, "country_iso": "IND"}, {"h3index": "8742c0566ffffff", "population_2015": 30012.12347937192, "total_built_mass_tons": 3109116.496645118, "city_id": 6458, "country_iso": "IND"}, {"h3index": "8742c056effffff", "population_2015": 777.3339632071702, "total_built_mass_tons": 216037.39312679245, "city_id": 6458, "country_iso": "IND"}, {"h3index": "8742c0570ffffff", "population_2015": 5664.470820348402, "total_built_mass_tons": 854210.4308789194, "city_id": 6458, "country_iso": "IND"}, {"h3index": "8742c0571ffffff", "population_2015": 53.066489417880184, "total_built_mass_tons": 11228.047782526311, "city_id": 6458, "country_iso": "IND"}, {"h3index": "8742c0572ffffff", "population_2015": 7453.15149868236, "total_built_mass_tons": 832379.4768482385, "city_id": 6458, "country_iso": "IND"}, {"h3index": "8742c0574ffffff", "population_2015": 6520.718687670839, "total_built_mass_tons": 1187478.718608085, "city_id": 6458, "country_iso": "IND"}, {"h3index": "8742c0575ffffff", "population_2015": 23193.222955239988, "total_built_mass_tons": 1659656.3789628963, "city_id": 6458, "country_iso": "IND"}, {"h3index": "8742c0576ffffff", "population_2015": 8963.017599102097, "total_built_mass_tons": 1329952.1335200793, "city_id": 6458, "country_iso": "IND"}, {"h3index": "8742c0ccaffffff", "population_2015": 10862.9039158204, "total_built_mass_tons": 976443.9685086224, "city_id": 6458, "country_iso": "IND"}, {"h3index": "8742c0ccbffffff", "population_2015": 22.294535148845, "total_built_mass_tons": 8263.56150462664, "city_id": 6458, "country_iso": "IND"}, {"h3index": "8742c0cceffffff", "population_2015": 487.8884904076071, "total_built_mass_tons": 61795.02151309427, "city_id": 6458, "country_iso": "IND"}, {"h3index": "8742c0cd8ffffff", "population_2015": 5523.758568572996, "total_built_mass_tons": 688865.5064585095, "city_id": 6458, "country_iso": "IND"}, {"h3index": "8742c0cd9ffffff", "population_2015": 26538.43446869944, "total_built_mass_tons": 2815737.215840999, "city_id": 6458, "country_iso": "IND"}, {"h3index": "8742c0cdaffffff", "population_2015": 334.78815241794956, "total_built_mass_tons": 47066.79109613983, "city_id": 6458, "country_iso": "IND"}, {"h3index": "8742c0cdbffffff", "population_2015": 29365.2760007073, "total_built_mass_tons": 2411119.362031992, "city_id": 6458, "country_iso": "IND"}, {"h3index": "8742c0cdcffffff", "population_2015": 882.0885718401742, "total_built_mass_tons": 155950.99609169058, "city_id": 6458, "country_iso": "IND"}, {"h3index": "8742c0cddffffff", "population_2015": 2478.304397429672, "total_built_mass_tons": 384805.5817238612, "city_id": 6458, "country_iso": "IND"}, {"h3index": "8742c0cdeffffff", "population_2015": 343.75150101605584, "total_built_mass_tons": 87157.82581039301, "city_id": 6458, "country_iso": "IND"}]