[{"h3index": "873094044ffffff", "population_2015": 1503.8247441207664, "total_built_mass_tons": 375731.6934482755, "city_id": 11768, "country_iso": "CHN"}, {"h3index": "873094045ffffff", "population_2015": 195.3699441614104, "total_built_mass_tons": 316297.70586766535, "city_id": 11768, "country_iso": "CHN"}, {"h3index": "873094060ffffff", "population_2015": 6434.510291640315, "total_built_mass_tons": 758245.6551143612, "city_id": 11768, "country_iso": "CHN"}, {"h3index": "873094061ffffff", "population_2015": 1362.706155550714, "total_built_mass_tons": 2042611.5392565883, "city_id": 11768, "country_iso": "CHN"}, {"h3index": "873094062ffffff", "population_2015": 2459.3213959750005, "total_built_mass_tons": 337869.8568590227, "city_id": 11768, "country_iso": "CHN"}, {"h3index": "873094063ffffff", "population_2015": 4458.255633448033, "total_built_mass_tons": 1297788.554977527, "city_id": 11768, "country_iso": "CHN"}, {"h3index": "873094064ffffff", "population_2015": 140.3840275549421, "total_built_mass_tons": 223435.76234592125, "city_id": 11768, "country_iso": "CHN"}, {"h3index": "873094065ffffff", "population_2015": 2303.378764508285, "total_built_mass_tons": 1391322.9474497533, "city_id": 11768, "country_iso": "CHN"}, {"h3index": "873094066ffffff", "population_2015": 1607.77314136636, "total_built_mass_tons": 300138.8980859278, "city_id": 11768, "country_iso": "CHN"}, {"h3index": "873094068ffffff", "population_2015": 621.5542861807578, "total_built_mass_tons": 697659.2261821375, "city_id": 11768, "country_iso": "CHN"}, {"h3index": "87309406cffffff", "population_2015": 3014.8430260812543, "total_built_mass_tons": 3920463.691224728, "city_id": 11768, "country_iso": "CHN"}, {"h3index": "87309406dffffff", "population_2015": 7135.890108144984, "total_built_mass_tons": 4223896.845722488, "city_id": 11768, "country_iso": "CHN"}, {"h3index": "87309406effffff", "population_2015": 914.4769935921128, "total_built_mass_tons": 2027559.055286882, "city_id": 11768, "country_iso": "CHN"}, {"h3index": "873094071ffffff", "population_2015": 1810.8141194811055, "total_built_mass_tons": 114226.59368007188, "city_id": 11768, "country_iso": "CHN"}, {"h3index": "873094075ffffff", "population_2015": 34.109291076660156, "total_built_mass_tons": 5055.603581926903, "city_id": 11768, "country_iso": "CHN"}, {"h3index": "873094320ffffff", "population_2015": 29.814370362431397, "total_built_mass_tons": 31769.01370765832, "city_id": 11768, "country_iso": "CHN"}, {"h3index": "873094321ffffff", "population_2015": 115.99461028996636, "total_built_mass_tons": 153490.25155705883, "city_id": 11768, "country_iso": "CHN"}, {"h3index": "873094324ffffff", "population_2015": 5603.978108628589, "total_built_mass_tons": 1178251.1309355944, "city_id": 11768, "country_iso": "CHN"}, {"h3index": "873094325ffffff", "population_2015": 2386.214737723388, "total_built_mass_tons": 1056738.8373794658, "city_id": 11768, "country_iso": "CHN"}, {"h3index": "873094326ffffff", "population_2015": 3415.540869282742, "total_built_mass_tons": 589510.1178405785, "city_id": 11768, "country_iso": "CHN"}, {"h3index": "87309432cffffff", "population_2015": 65.7318738937378, "total_built_mass_tons": 55910.56348933151, "city_id": 11768, "country_iso": "CHN"}, {"h3index": "873094a80ffffff", "population_2015": 4405.300387397468, "total_built_mass_tons": 1646695.4147410817, "city_id": 11768, "country_iso": "CHN"}, {"h3index": "873094a81ffffff", "population_2015": 1581.5351244442604, "total_built_mass_tons": 1599805.0502623247, "city_id": 11768, "country_iso": "CHN"}, {"h3index": "873094a82ffffff", "population_2015": 3891.377075692804, "total_built_mass_tons": 3071124.0811688923, "city_id": 11768, "country_iso": "CHN"}, {"h3index": "873094a83ffffff", "population_2015": 11629.588143349156, "total_built_mass_tons": 1934710.2534952755, "city_id": 11768, "country_iso": "CHN"}, {"h3index": "873094a84ffffff", "population_2015": 1423.253606392355, "total_built_mass_tons": 269586.64659206365, "city_id": 11768, "country_iso": "CHN"}, {"h3index": "873094a85ffffff", "population_2015": 1322.6443138571349, "total_built_mass_tons": 530987.740647344, "city_id": 11768, "country_iso": "CHN"}, {"h3index": "873094a86ffffff", "population_2015": 3195.1240075284395, "total_built_mass_tons": 2762736.8649297813, "city_id": 11768, "country_iso": "CHN"}, {"h3index": "873094a88ffffff", "population_2015": 6422.778450171155, "total_built_mass_tons": 1548518.7048406517, "city_id": 11768, "country_iso": "CHN"}, {"h3index": "873094a89ffffff", "population_2015": 103.5170022758783, "total_built_mass_tons": 90387.7521681944, "city_id": 11768, "country_iso": "CHN"}, {"h3index": "873094a8affffff", "population_2015": 36670.45722750496, "total_built_mass_tons": 5289460.263829981, "city_id": 11768, "country_iso": "CHN"}, {"h3index": "873094a8bffffff", "population_2015": 6572.850336154302, "total_built_mass_tons": 1311690.1369722844, "city_id": 11768, "country_iso": "CHN"}, {"h3index": "873094a8cffffff", "population_2015": 5597.089140409115, "total_built_mass_tons": 3195401.2721745493, "city_id": 11768, "country_iso": "CHN"}, {"h3index": "873094a8dffffff", "population_2015": 1164.978126679215, "total_built_mass_tons": 756523.8650231177, "city_id": 11768, "country_iso": "CHN"}, {"h3index": "873094a8effffff", "population_2015": 17928.42205069299, "total_built_mass_tons": 2608407.042670663, "city_id": 11768, "country_iso": "CHN"}, {"h3index": "873094a90ffffff", "population_2015": 13663.59005239269, "total_built_mass_tons": 3175219.887161265, "city_id": 11768, "country_iso": "CHN"}, {"h3index": "873094a91ffffff", "population_2015": 9296.152722095463, "total_built_mass_tons": 2298566.292349083, "city_id": 11768, "country_iso": "CHN"}, {"h3index": "873094a92ffffff", "population_2015": 12884.19244507318, "total_built_mass_tons": 3758622.481665558, "city_id": 11768, "country_iso": "CHN"}, {"h3index": "873094a93ffffff", "population_2015": 21803.331985490477, "total_built_mass_tons": 5395040.966722749, "city_id": 11768, "country_iso": "CHN"}, {"h3index": "873094a95ffffff", "population_2015": 88.38567238192105, "total_built_mass_tons": 2126549.128015961, "city_id": 11768, "country_iso": "CHN"}, {"h3index": "873094a96ffffff", "population_2015": 14909.354048338357, "total_built_mass_tons": 1126076.0698879275, "city_id": 11768, "country_iso": "CHN"}, {"h3index": "873094a98ffffff", "population_2015": 23688.646633451135, "total_built_mass_tons": 6857898.72549417, "city_id": 11768, "country_iso": "CHN"}, {"h3index": "873094a99ffffff", "population_2015": 17410.730182501862, "total_built_mass_tons": 5230803.468314851, "city_id": 11768, "country_iso": "CHN"}, {"h3index": "873094a9affffff", "population_2015": 2571.264441682778, "total_built_mass_tons": 2144865.8736866782, "city_id": 11768, "country_iso": "CHN"}, {"h3index": "873094a9bffffff", "population_2015": 4811.655024042317, "total_built_mass_tons": 1714464.3844055838, "city_id": 11768, "country_iso": "CHN"}, {"h3index": "873094a9cffffff", "population_2015": 113113.17349089828, "total_built_mass_tons": 5612684.166085395, "city_id": 11768, "country_iso": "CHN"}, {"h3index": "873094a9dffffff", "population_2015": 52340.03909268847, "total_built_mass_tons": 9914805.006306656, "city_id": 11768, "country_iso": "CHN"}, {"h3index": "873094a9effffff", "population_2015": 24070.501634422, "total_built_mass_tons": 5347486.403298667, "city_id": 11768, "country_iso": "CHN"}, {"h3index": "873094aaaffffff", "population_2015": 3395.3787137508393, "total_built_mass_tons": 853623.148535172, "city_id": 11768, "country_iso": "CHN"}, {"h3index": "873094aabffffff", "population_2015": 1144.5068602980352, "total_built_mass_tons": 471279.13026095286, "city_id": 11768, "country_iso": "CHN"}, {"h3index": "873094ab1ffffff", "population_2015": 713.0466821315241, "total_built_mass_tons": 262387.38229069486, "city_id": 11768, "country_iso": "CHN"}, {"h3index": "873094ad2ffffff", "population_2015": 2666.6415921547837, "total_built_mass_tons": 1402642.9767738, "city_id": 11768, "country_iso": "CHN"}, {"h3index": "873094ad3ffffff", "population_2015": 23.5455337748808, "total_built_mass_tons": 4688.44153489219, "city_id": 11768, "country_iso": "CHN"}, {"h3index": "873094ad6ffffff", "population_2015": 6.834628067764582, "total_built_mass_tons": 8842.978961641087, "city_id": 11768, "country_iso": "CHN"}]