[{"h3index":"87405c843ffffff","population_2015":0.2135381886,"total_built_mass_tons":2791.594869999,"city_id":10243,"country_iso":"CHN"},{"h3index":"87405c84affffff","population_2015":0.6256106264,"total_built_mass_tons":6293.5605136347,"city_id":10243,"country_iso":"CHN"},{"h3index":"87405c851ffffff","population_2015":9.6410855966,"total_built_mass_tons":16548.4393125071,"city_id":10243,"country_iso":"CHN"},{"h3index":"87405c858ffffff","population_2015":29995.1734114217,"total_built_mass_tons":7305151.0837794347,"city_id":10243,"country_iso":"CHN"},{"h3index":"87405c859ffffff","population_2015":10195.5469275376,"total_built_mass_tons":3185876.8176567606,"city_id":10243,"country_iso":"CHN"},{"h3index":"87405c85affffff","population_2015":2335.9697923324,"total_built_mass_tons":806441.1677345394,"city_id":10243,"country_iso":"CHN"},{"h3index":"87405c85bffffff","population_2015":26178.301933771,"total_built_mass_tons":5859309.1552821407,"city_id":10243,"country_iso":"CHN"},{"h3index":"87405c85cffffff","population_2015":4228.3993617441,"total_built_mass_tons":2269247.3137831874,"city_id":10243,"country_iso":"CHN"},{"h3index":"87405c85dffffff","population_2015":9960.9435993265,"total_built_mass_tons":4095218.1330883224,"city_id":10243,"country_iso":"CHN"},{"h3index":"87405c85effffff","population_2015":1527.4008424161,"total_built_mass_tons":377095.8058308322,"city_id":10243,"country_iso":"CHN"},{"h3index":"87405cba6ffffff","population_2015":197.1008886075,"total_built_mass_tons":87840.0367431417,"city_id":10243,"country_iso":"CHN"},{"h3index":"87405cbb0ffffff","population_2015":2001.5073538593,"total_built_mass_tons":893675.0770788988,"city_id":10243,"country_iso":"CHN"},{"h3index":"87405cbb4ffffff","population_2015":7009.0469300868,"total_built_mass_tons":1792890.35286954,"city_id":10243,"country_iso":"CHN"},{"h3index":"87405cbb5ffffff","population_2015":613.2911300837,"total_built_mass_tons":418112.4766561337,"city_id":10243,"country_iso":"CHN"},{"h3index":"87405cbb6ffffff","population_2015":54.9509474418,"total_built_mass_tons":20286.0396941891,"city_id":10243,"country_iso":"CHN"}]