[{"h3index":"8764902a0ffffff","population_2015":8321.4967159178,"total_built_mass_tons":2282558.0593966171,"city_id":10407,"country_iso":"MMR"},{"h3index":"8764902a2ffffff","population_2015":3626.3090378313,"total_built_mass_tons":942219.7968403632,"city_id":10407,"country_iso":"MMR"},{"h3index":"8764902a4ffffff","population_2015":7470.3999139056,"total_built_mass_tons":3041002.6017875173,"city_id":10407,"country_iso":"MMR"},{"h3index":"8764902a5ffffff","population_2015":383.0583043342,"total_built_mass_tons":169304.2842842272,"city_id":10407,"country_iso":"MMR"},{"h3index":"8764902a6ffffff","population_2015":10810.7900235924,"total_built_mass_tons":2790901.7572951559,"city_id":10407,"country_iso":"MMR"},{"h3index":"8764902b4ffffff","population_2015":2344.1494627616,"total_built_mass_tons":613529.301919552,"city_id":10407,"country_iso":"MMR"},{"h3index":"8764902b5ffffff","population_2015":4519.5879917986,"total_built_mass_tons":1161011.8178668341,"city_id":10407,"country_iso":"MMR"},{"h3index":"87649038affffff","population_2015":11.2589834082,"total_built_mass_tons":30364.8615009935,"city_id":10407,"country_iso":"MMR"},{"h3index":"87649038bffffff","population_2015":1382.4432060073,"total_built_mass_tons":409497.2028548594,"city_id":10407,"country_iso":"MMR"},{"h3index":"876490399ffffff","population_2015":670.2978150368,"total_built_mass_tons":262037.6030140617,"city_id":10407,"country_iso":"MMR"},{"h3index":"87649039bffffff","population_2015":2940.1489934585,"total_built_mass_tons":957246.840734106,"city_id":10407,"country_iso":"MMR"},{"h3index":"876490769ffffff","population_2015":64.3762420579,"total_built_mass_tons":37409.7340996952,"city_id":10407,"country_iso":"MMR"}]