[{"h3index":"874040049ffffff","population_2015":1393.5206043169,"total_built_mass_tons":273611.000161883,"city_id":10293,"country_iso":"CHN"},{"h3index":"874040306ffffff","population_2015":89.4344515857,"total_built_mass_tons":165458.1507351336,"city_id":10293,"country_iso":"CHN"},{"h3index":"874040314ffffff","population_2015":4845.5798753196,"total_built_mass_tons":997256.5500037,"city_id":10293,"country_iso":"CHN"},{"h3index":"874040315ffffff","population_2015":97.2934697048,"total_built_mass_tons":99165.0505179742,"city_id":10293,"country_iso":"CHN"},{"h3index":"874040330ffffff","population_2015":1336.5742380189,"total_built_mass_tons":545004.565997589,"city_id":10293,"country_iso":"CHN"},{"h3index":"874040332ffffff","population_2015":17219.1279368401,"total_built_mass_tons":4461179.7939162608,"city_id":10293,"country_iso":"CHN"},{"h3index":"874040333ffffff","population_2015":1216.3124496329,"total_built_mass_tons":813670.8054024234,"city_id":10293,"country_iso":"CHN"}]