[{"h3index":"874996510ffffff","population_2015":6351.6524926873,"total_built_mass_tons":761382.6185637868,"city_id":225,"country_iso":"MEX"},{"h3index":"874996511ffffff","population_2015":125.1067027922,"total_built_mass_tons":220302.0633418838,"city_id":225,"country_iso":"MEX"},{"h3index":"874996512ffffff","population_2015":1183.9868496734,"total_built_mass_tons":399943.3934718942,"city_id":225,"country_iso":"MEX"},{"h3index":"874996513ffffff","population_2015":2.4764314091,"total_built_mass_tons":4847.7620463833,"city_id":225,"country_iso":"MEX"},{"h3index":"874996514ffffff","population_2015":274.647147087,"total_built_mass_tons":254280.2606486618,"city_id":225,"country_iso":"MEX"},{"h3index":"874996516ffffff","population_2015":22487.5994423137,"total_built_mass_tons":2307587.2049201056,"city_id":225,"country_iso":"MEX"},{"h3index":"874996532ffffff","population_2015":150.256737134,"total_built_mass_tons":169664.0045045927,"city_id":225,"country_iso":"MEX"},{"h3index":"8749965a0ffffff","population_2015":13812.476557999,"total_built_mass_tons":1378763.0271539539,"city_id":225,"country_iso":"MEX"},{"h3index":"8749965a4ffffff","population_2015":54152.9855318893,"total_built_mass_tons":4571285.8004853204,"city_id":225,"country_iso":"MEX"},{"h3index":"8749965a5ffffff","population_2015":26145.4464854244,"total_built_mass_tons":2120448.9035280924,"city_id":225,"country_iso":"MEX"},{"h3index":"8749965a6ffffff","population_2015":22853.4849760921,"total_built_mass_tons":3260807.417412403,"city_id":225,"country_iso":"MEX"},{"h3index":"8749965b4ffffff","population_2015":19.4113100218,"total_built_mass_tons":437970.5659004818,"city_id":225,"country_iso":"MEX"},{"h3index":"8749965b5ffffff","population_2015":20.9013999776,"total_built_mass_tons":1096710.7344006486,"city_id":225,"country_iso":"MEX"},{"h3index":"876d34d12ffffff","population_2015":1825.495453814,"total_built_mass_tons":791046.36476223,"city_id":225,"country_iso":"MEX"},{"h3index":"876d34d13ffffff","population_2015":17.1204076954,"total_built_mass_tons":89516.1991820391,"city_id":225,"country_iso":"MEX"},{"h3index":"876d34d84ffffff","population_2015":7637.8157300061,"total_built_mass_tons":696882.9071144692,"city_id":225,"country_iso":"MEX"},{"h3index":"876d34d85ffffff","population_2015":1224.4366163675,"total_built_mass_tons":169090.956012844,"city_id":225,"country_iso":"MEX"},{"h3index":"876d34d86ffffff","population_2015":1504.3685778796,"total_built_mass_tons":218894.2333786823,"city_id":225,"country_iso":"MEX"},{"h3index":"876d34da0ffffff","population_2015":49636.2462091726,"total_built_mass_tons":5624625.2515959358,"city_id":225,"country_iso":"MEX"},{"h3index":"876d34da1ffffff","population_2015":37928.9189343621,"total_built_mass_tons":5411114.0633097067,"city_id":225,"country_iso":"MEX"},{"h3index":"876d34da2ffffff","population_2015":53257.2876679229,"total_built_mass_tons":4503896.6804107372,"city_id":225,"country_iso":"MEX"},{"h3index":"876d34da3ffffff","population_2015":24306.8441370097,"total_built_mass_tons":3518579.5644204463,"city_id":225,"country_iso":"MEX"},{"h3index":"876d34da4ffffff","population_2015":25909.9440103422,"total_built_mass_tons":4930203.1228682678,"city_id":225,"country_iso":"MEX"},{"h3index":"876d34da5ffffff","population_2015":14268.3077371607,"total_built_mass_tons":2746676.560845559,"city_id":225,"country_iso":"MEX"},{"h3index":"876d34da6ffffff","population_2015":67400.4964120341,"total_built_mass_tons":5319439.961624003,"city_id":225,"country_iso":"MEX"},{"h3index":"876d34da8ffffff","population_2015":20620.7474006521,"total_built_mass_tons":3048232.6901066536,"city_id":225,"country_iso":"MEX"},{"h3index":"876d34da9ffffff","population_2015":492.8522083245,"total_built_mass_tons":132262.7835308709,"city_id":225,"country_iso":"MEX"},{"h3index":"876d34daaffffff","population_2015":2236.6041012741,"total_built_mass_tons":275671.0706455044,"city_id":225,"country_iso":"MEX"},{"h3index":"876d34dabffffff","population_2015":5700.8223760718,"total_built_mass_tons":892660.6484275776,"city_id":225,"country_iso":"MEX"},{"h3index":"876d34dacffffff","population_2015":12956.4976615081,"total_built_mass_tons":4568973.8391258754,"city_id":225,"country_iso":"MEX"},{"h3index":"876d34daeffffff","population_2015":37857.1740110466,"total_built_mass_tons":4570533.4202912739,"city_id":225,"country_iso":"MEX"},{"h3index":"876d34db0ffffff","population_2015":10638.1158946303,"total_built_mass_tons":1452759.4358697736,"city_id":225,"country_iso":"MEX"},{"h3index":"876d34db1ffffff","population_2015":9184.744922975,"total_built_mass_tons":1978253.3627254383,"city_id":225,"country_iso":"MEX"},{"h3index":"876d34db2ffffff","population_2015":5774.4558671241,"total_built_mass_tons":3734710.8762956727,"city_id":225,"country_iso":"MEX"},{"h3index":"876d34db3ffffff","population_2015":8995.0982848191,"total_built_mass_tons":675617.7648770883,"city_id":225,"country_iso":"MEX"},{"h3index":"876d34db4ffffff","population_2015":17884.3922877443,"total_built_mass_tons":2330705.4914399087,"city_id":225,"country_iso":"MEX"},{"h3index":"876d34db5ffffff","population_2015":13733.7447225171,"total_built_mass_tons":2010633.5270956471,"city_id":225,"country_iso":"MEX"},{"h3index":"876d34db6ffffff","population_2015":5351.0901127145,"total_built_mass_tons":1563661.7028262792,"city_id":225,"country_iso":"MEX"}]