[{"h3index": "8740e6849ffffff", "population_2015": 34.66033992019354, "total_built_mass_tons": 15547.054534942112, "city_id": 10513, "country_iso": "CHN"}, {"h3index": "8740e684bffffff", "population_2015": 3.744218027825449, "total_built_mass_tons": 5891.783899610544, "city_id": 10513, "country_iso": "CHN"}, {"h3index": "8740e6b10ffffff", "population_2015": 2583.83841157801, "total_built_mass_tons": 294001.4265097007, "city_id": 10513, "country_iso": "CHN"}, {"h3index": "8740e6b12ffffff", "population_2015": 24354.95318185395, "total_built_mass_tons": 7146235.278552416, "city_id": 10513, "country_iso": "CHN"}, {"h3index": "8740e6b13ffffff", "population_2015": 6588.860760965534, "total_built_mass_tons": 1152902.7287510158, "city_id": 10513, "country_iso": "CHN"}, {"h3index": "8740e6b14ffffff", "population_2015": 3501.672528356664, "total_built_mass_tons": 982662.6286524412, "city_id": 10513, "country_iso": "CHN"}, {"h3index": "8740e6b15ffffff", "population_2015": 22.778249458238182, "total_built_mass_tons": 15577.601893195746, "city_id": 10513, "country_iso": "CHN"}, {"h3index": "8740e6b16ffffff", "population_2015": 11870.37929151853, "total_built_mass_tons": 2896635.1997307674, "city_id": 10513, "country_iso": "CHN"}, {"h3index": "8740e6b32ffffff", "population_2015": 60.72034864238664, "total_built_mass_tons": 17010.850618645516, "city_id": 10513, "country_iso": "CHN"}, {"h3index": "8740e6b33ffffff", "population_2015": 166.79733888214707, "total_built_mass_tons": 69652.3205041195, "city_id": 10513, "country_iso": "CHN"}, {"h3index": "8740e6ba1ffffff", "population_2015": 406.3029876073201, "total_built_mass_tons": 313865.4148700026, "city_id": 10513, "country_iso": "CHN"}, {"h3index": "8740e6ba5ffffff", "population_2015": 1797.9272604287846, "total_built_mass_tons": 516893.6428973174, "city_id": 10513, "country_iso": "CHN"}, {"h3index": "8740e6bacffffff", "population_2015": 3610.867868056951, "total_built_mass_tons": 1001997.8181822076, "city_id": 10513, "country_iso": "CHN"}]