[{"h3index":"8764ab448ffffff","population_2015":2508.6391960509,"total_built_mass_tons":386915.5129323407,"city_id":10236,"country_iso":"MMR"},{"h3index":"8764ab449ffffff","population_2015":0.9138556088,"total_built_mass_tons":2549.2488419095,"city_id":10236,"country_iso":"MMR"},{"h3index":"8764ab44affffff","population_2015":23.8135104179,"total_built_mass_tons":12711.0401444199,"city_id":10236,"country_iso":"MMR"},{"h3index":"8764ab44bffffff","population_2015":2756.8846671759,"total_built_mass_tons":404158.5743961901,"city_id":10236,"country_iso":"MMR"},{"h3index":"8764ab7a5ffffff","population_2015":0.3430035984,"total_built_mass_tons":381.7327661187,"city_id":10236,"country_iso":"MMR"}]