[{"h3index":"876490a40ffffff","population_2015":11283.5892494351,"total_built_mass_tons":2917052.7425733996,"city_id":10421,"country_iso":"THA"},{"h3index":"876490a41ffffff","population_2015":694.7165954253,"total_built_mass_tons":424920.9130775857,"city_id":10421,"country_iso":"THA"},{"h3index":"876490a42ffffff","population_2015":1923.2055383243,"total_built_mass_tons":852547.9261052586,"city_id":10421,"country_iso":"THA"},{"h3index":"876490a44ffffff","population_2015":8178.9722104596,"total_built_mass_tons":2836236.780113603,"city_id":10421,"country_iso":"THA"},{"h3index":"876490a45ffffff","population_2015":2161.2356724346,"total_built_mass_tons":876920.5366485913,"city_id":10421,"country_iso":"THA"},{"h3index":"876490a46ffffff","population_2015":7570.841788277,"total_built_mass_tons":2145075.6317956224,"city_id":10421,"country_iso":"THA"},{"h3index":"876490a50ffffff","population_2015":0.6569314639,"total_built_mass_tons":12517.9965718667,"city_id":10421,"country_iso":"THA"},{"h3index":"876490a51ffffff","population_2015":430.1375812811,"total_built_mass_tons":329282.9838663548,"city_id":10421,"country_iso":"THA"},{"h3index":"876490a55ffffff","population_2015":1014.5592964846,"total_built_mass_tons":589869.7082032661,"city_id":10421,"country_iso":"THA"},{"h3index":"876490a61ffffff","population_2015":10.4559518384,"total_built_mass_tons":9710.7033371443,"city_id":10421,"country_iso":"THA"},{"h3index":"876490a63ffffff","population_2015":1350.4207848904,"total_built_mass_tons":560144.0336777545,"city_id":10421,"country_iso":"THA"},{"h3index":"876490a6effffff","population_2015":742.3681557337,"total_built_mass_tons":492546.6204117729,"city_id":10421,"country_iso":"THA"},{"h3index":"876490a71ffffff","population_2015":884.2180210852,"total_built_mass_tons":463139.3405907178,"city_id":10421,"country_iso":"THA"},{"h3index":"876490a73ffffff","population_2015":49.7971032573,"total_built_mass_tons":27108.1763469504,"city_id":10421,"country_iso":"THA"}]