[{"h3index":"87404c0b6ffffff","population_2015":2360.6175782222,"total_built_mass_tons":940603.998242931,"city_id":10205,"country_iso":"CHN"},{"h3index":"87404c19affffff","population_2015":6625.3430000249,"total_built_mass_tons":2002698.8286942809,"city_id":10205,"country_iso":"CHN"},{"h3index":"87404c19effffff","population_2015":25.4303963586,"total_built_mass_tons":16258.6125112239,"city_id":10205,"country_iso":"CHN"},{"h3index":"87404c568ffffff","population_2015":6197.5244694766,"total_built_mass_tons":2999311.9423859837,"city_id":10205,"country_iso":"CHN"},{"h3index":"87404c569ffffff","population_2015":19501.0727197011,"total_built_mass_tons":7952151.2819760982,"city_id":10205,"country_iso":"CHN"},{"h3index":"87404c56affffff","population_2015":220.6615449494,"total_built_mass_tons":314168.3403520633,"city_id":10205,"country_iso":"CHN"},{"h3index":"87404c56bffffff","population_2015":7988.049462296,"total_built_mass_tons":3099112.9932234921,"city_id":10205,"country_iso":"CHN"},{"h3index":"87404c56dffffff","population_2015":4748.5284817742,"total_built_mass_tons":2367021.5013308823,"city_id":10205,"country_iso":"CHN"}]