[{"h3index":"87be8d182ffffff","population_2015":3473.9165415004,"total_built_mass_tons":1193915.6190254677,"city_id":13082,"country_iso":"AUS"},{"h3index":"87be8d183ffffff","population_2015":1622.9184914,"total_built_mass_tons":646837.2577725126,"city_id":13082,"country_iso":"AUS"},{"h3index":"87be8d191ffffff","population_2015":4435.0806139651,"total_built_mass_tons":1450560.8403173632,"city_id":13082,"country_iso":"AUS"},{"h3index":"87be8d193ffffff","population_2015":1717.8559865229,"total_built_mass_tons":717380.759247297,"city_id":13082,"country_iso":"AUS"},{"h3index":"87be8d198ffffff","population_2015":5147.3849059565,"total_built_mass_tons":1974766.6137233565,"city_id":13082,"country_iso":"AUS"},{"h3index":"87be8d19affffff","population_2015":217.5648188316,"total_built_mass_tons":335493.8076090346,"city_id":13082,"country_iso":"AUS"},{"h3index":"87be8d19bffffff","population_2015":195.2208659116,"total_built_mass_tons":71471.7004058132,"city_id":13082,"country_iso":"AUS"},{"h3index":"87be8d19cffffff","population_2015":10710.5368659295,"total_built_mass_tons":4267504.3970045652,"city_id":13082,"country_iso":"AUS"},{"h3index":"87be8d19dffffff","population_2015":179.9303586289,"total_built_mass_tons":154057.3517484246,"city_id":13082,"country_iso":"AUS"},{"h3index":"87be8d19effffff","population_2015":8291.4782404038,"total_built_mass_tons":4193372.7701831935,"city_id":13082,"country_iso":"AUS"},{"h3index":"87be8d56dffffff","population_2015":4738.1566731126,"total_built_mass_tons":2098879.293624728,"city_id":13082,"country_iso":"AUS"}]