[{"h3index":"873c1168affffff","population_2015":16.310174942,"total_built_mass_tons":8095.2165790645,"city_id":9040,"country_iso":"IND"},{"h3index":"873c11699ffffff","population_2015":316.7939832201,"total_built_mass_tons":62409.4851943947,"city_id":9040,"country_iso":"IND"},{"h3index":"873c1169bffffff","population_2015":1235.1220732521,"total_built_mass_tons":142185.5754907024,"city_id":9040,"country_iso":"IND"},{"h3index":"873c13a69ffffff","population_2015":12.4521929348,"total_built_mass_tons":5335.6114475141,"city_id":9040,"country_iso":"IND"},{"h3index":"873c1ed20ffffff","population_2015":34.3648247102,"total_built_mass_tons":19485.1751136648,"city_id":9040,"country_iso":"IND"},{"h3index":"873c1ed22ffffff","population_2015":68.934671402,"total_built_mass_tons":14809.0349968916,"city_id":9040,"country_iso":"IND"},{"h3index":"873c1ed24ffffff","population_2015":84.0182837729,"total_built_mass_tons":29826.3968818408,"city_id":9040,"country_iso":"IND"},{"h3index":"873c1ed25ffffff","population_2015":11.0110673904,"total_built_mass_tons":10317.62841311,"city_id":9040,"country_iso":"IND"},{"h3index":"873c1ed26ffffff","population_2015":1362.6264248455,"total_built_mass_tons":151302.7808966157,"city_id":9040,"country_iso":"IND"},{"h3index":"873c1ed34ffffff","population_2015":18.8867912292,"total_built_mass_tons":16287.4041499477,"city_id":9040,"country_iso":"IND"},{"h3index":"873c1ed35ffffff","population_2015":916.0774295582,"total_built_mass_tons":100603.7916849802,"city_id":9040,"country_iso":"IND"}]