[{"h3index": "8730b604bffffff", "population_2015": 246.9550696503882, "total_built_mass_tons": 165938.95108091875, "city_id": 11362, "country_iso": "CHN"}, {"h3index": "8730b6058ffffff", "population_2015": 1894.24967027552, "total_built_mass_tons": 1185585.6997743857, "city_id": 11362, "country_iso": "CHN"}, {"h3index": "8730b6059ffffff", "population_2015": 3430.409069886863, "total_built_mass_tons": 2700390.0317884004, "city_id": 11362, "country_iso": "CHN"}, {"h3index": "8730b605affffff", "population_2015": 244.84083583121208, "total_built_mass_tons": 291235.2735406262, "city_id": 11362, "country_iso": "CHN"}, {"h3index": "8730b605bffffff", "population_2015": 2609.146783726823, "total_built_mass_tons": 1362034.5837465376, "city_id": 11362, "country_iso": "CHN"}, {"h3index": "8730b605effffff", "population_2015": 83.63969017290601, "total_built_mass_tons": 131882.21541377337, "city_id": 11362, "country_iso": "CHN"}, {"h3index": "8730b6312ffffff", "population_2015": 124.74645920267292, "total_built_mass_tons": 141456.13512420567, "city_id": 11362, "country_iso": "CHN"}, {"h3index": "8730b6316ffffff", "population_2015": 795.6178626939362, "total_built_mass_tons": 477445.5905694947, "city_id": 11362, "country_iso": "CHN"}, {"h3index": "8730b63a0ffffff", "population_2015": 15739.600504005655, "total_built_mass_tons": 5237387.569429347, "city_id": 11362, "country_iso": "CHN"}, {"h3index": "8730b63a1ffffff", "population_2015": 1286.181619640425, "total_built_mass_tons": 1219732.87652623, "city_id": 11362, "country_iso": "CHN"}, {"h3index": "8730b63a2ffffff", "population_2015": 678.1369535109574, "total_built_mass_tons": 354771.95907248417, "city_id": 11362, "country_iso": "CHN"}, {"h3index": "8730b63a3ffffff", "population_2015": 1022.7970423978916, "total_built_mass_tons": 587315.1955020749, "city_id": 11362, "country_iso": "CHN"}, {"h3index": "8730b63a4ffffff", "population_2015": 9072.328411536128, "total_built_mass_tons": 2977645.957040001, "city_id": 11362, "country_iso": "CHN"}, {"h3index": "8730b63a5ffffff", "population_2015": 14971.583417397856, "total_built_mass_tons": 3759322.83425874, "city_id": 11362, "country_iso": "CHN"}, {"h3index": "8730b63a6ffffff", "population_2015": 7181.254235103083, "total_built_mass_tons": 3267522.219293198, "city_id": 11362, "country_iso": "CHN"}, {"h3index": "8730b63b5ffffff", "population_2015": 33.05412290610519, "total_built_mass_tons": 15085.60202415832, "city_id": 11362, "country_iso": "CHN"}]