[{"h3index":"8714b41a6ffffff","population_2015":82.7003286081,"total_built_mass_tons":158877.9174144428,"city_id":10374,"country_iso":"CHN"},{"h3index":"8714b41b0ffffff","population_2015":96.4672843166,"total_built_mass_tons":267188.3139847358,"city_id":10374,"country_iso":"CHN"},{"h3index":"8714b41b4ffffff","population_2015":8113.3002013531,"total_built_mass_tons":5373161.2119410392,"city_id":10374,"country_iso":"CHN"},{"h3index":"8714b41b5ffffff","population_2015":693.3968078595,"total_built_mass_tons":621470.8676559929,"city_id":10374,"country_iso":"CHN"},{"h3index":"8714b41b6ffffff","population_2015":398.4795975629,"total_built_mass_tons":1024640.0982602846,"city_id":10374,"country_iso":"CHN"},{"h3index":"8714b4c4affffff","population_2015":1680.7801175407,"total_built_mass_tons":647116.4327057058,"city_id":10374,"country_iso":"CHN"},{"h3index":"8714b4c4effffff","population_2015":0.2002039274,"total_built_mass_tons":1594.1204871274,"city_id":10374,"country_iso":"CHN"},{"h3index":"8714b4c58ffffff","population_2015":11840.5987430404,"total_built_mass_tons":4312510.0641508773,"city_id":10374,"country_iso":"CHN"},{"h3index":"8714b4c59ffffff","population_2015":11477.1450328415,"total_built_mass_tons":2927589.4852447798,"city_id":10374,"country_iso":"CHN"},{"h3index":"8714b4c5affffff","population_2015":6148.3219744346,"total_built_mass_tons":2339725.7731552534,"city_id":10374,"country_iso":"CHN"},{"h3index":"8714b4c5bffffff","population_2015":34063.3818994204,"total_built_mass_tons":7749059.4666641727,"city_id":10374,"country_iso":"CHN"},{"h3index":"8714b4c5cffffff","population_2015":122.3141088523,"total_built_mass_tons":60863.1996329772,"city_id":10374,"country_iso":"CHN"},{"h3index":"8714b4c5dffffff","population_2015":1937.572494839,"total_built_mass_tons":431607.0201948783,"city_id":10374,"country_iso":"CHN"},{"h3index":"8714b4c5effffff","population_2015":574.9223532314,"total_built_mass_tons":650979.5190421158,"city_id":10374,"country_iso":"CHN"},{"h3index":"8714b4ce9ffffff","population_2015":320.0524188488,"total_built_mass_tons":1023318.0084009428,"city_id":10374,"country_iso":"CHN"}]