[{"h3index":"8730b42a2ffffff","population_2015":12.8405586691,"total_built_mass_tons":37234.2255248814,"city_id":11343,"country_iso":"CHN"},{"h3index":"8730b42b0ffffff","population_2015":15982.8910406001,"total_built_mass_tons":6630657.7431211695,"city_id":11343,"country_iso":"CHN"},{"h3index":"8730b42b1ffffff","population_2015":2868.0994343421,"total_built_mass_tons":2112603.19748028,"city_id":11343,"country_iso":"CHN"},{"h3index":"8730b42b2ffffff","population_2015":11449.3304821837,"total_built_mass_tons":3142566.2200008319,"city_id":11343,"country_iso":"CHN"},{"h3index":"8730b42b3ffffff","population_2015":4608.6399735848,"total_built_mass_tons":2467551.4567580693,"city_id":11343,"country_iso":"CHN"},{"h3index":"8730b42b4ffffff","population_2015":487.0790582685,"total_built_mass_tons":631602.642039228,"city_id":11343,"country_iso":"CHN"},{"h3index":"8730b42b5ffffff","population_2015":4010.2819555918,"total_built_mass_tons":2244478.0166173521,"city_id":11343,"country_iso":"CHN"},{"h3index":"8730b42b6ffffff","population_2015":7059.0159049146,"total_built_mass_tons":3056706.6438196502,"city_id":11343,"country_iso":"CHN"},{"h3index":"8730b4749ffffff","population_2015":296.4112800093,"total_built_mass_tons":467210.972857186,"city_id":11343,"country_iso":"CHN"},{"h3index":"8730b474dffffff","population_2015":882.087236159,"total_built_mass_tons":634328.3742249977,"city_id":11343,"country_iso":"CHN"},{"h3index":"8730b4768ffffff","population_2015":20.1816337473,"total_built_mass_tons":16081.3386043462,"city_id":11343,"country_iso":"CHN"},{"h3index":"8730b4769ffffff","population_2015":4.1245629329,"total_built_mass_tons":2197.2911805012,"city_id":11343,"country_iso":"CHN"},{"h3index":"8730b476affffff","population_2015":1256.3615032645,"total_built_mass_tons":672504.1075803699,"city_id":11343,"country_iso":"CHN"},{"h3index":"8730b476bffffff","population_2015":1766.8976619758,"total_built_mass_tons":1455327.01534525,"city_id":11343,"country_iso":"CHN"}]