[{"h3index":"874058d48ffffff","population_2015":4227.1871908936,"total_built_mass_tons":2080916.8666707217,"city_id":10185,"country_iso":"CHN"},{"h3index":"874058d49ffffff","population_2015":137.5220985375,"total_built_mass_tons":100277.0927768695,"city_id":10185,"country_iso":"CHN"},{"h3index":"874058d4affffff","population_2015":127.2435232237,"total_built_mass_tons":66229.3258197509,"city_id":10185,"country_iso":"CHN"},{"h3index":"874058d4bffffff","population_2015":664.4584758216,"total_built_mass_tons":266315.482339352,"city_id":10185,"country_iso":"CHN"},{"h3index":"874058d4dffffff","population_2015":403.2840557416,"total_built_mass_tons":147328.0916801192,"city_id":10185,"country_iso":"CHN"}]