[{"h3index": "872e6d500ffffff", "population_2015": 4732.438240715101, "total_built_mass_tons": 2127177.5209416384, "city_id": 12851, "country_iso": "JPN"}, {"h3index": "872e6d501ffffff", "population_2015": 3758.500806814084, "total_built_mass_tons": 1909101.5929437703, "city_id": 12851, "country_iso": "JPN"}, {"h3index": "872e6d502ffffff", "population_2015": 2530.8130857729448, "total_built_mass_tons": 1783655.6392231234, "city_id": 12851, "country_iso": "JPN"}, {"h3index": "872e6d503ffffff", "population_2015": 4577.215842407825, "total_built_mass_tons": 1899696.290355893, "city_id": 12851, "country_iso": "JPN"}, {"h3index": "872e6d505ffffff", "population_2015": 462.2004145266963, "total_built_mass_tons": 327654.0710160124, "city_id": 12851, "country_iso": "JPN"}, {"h3index": "872e6d506ffffff", "population_2015": 1335.4437946515927, "total_built_mass_tons": 1413468.3862931917, "city_id": 12851, "country_iso": "JPN"}, {"h3index": "872e6d508ffffff", "population_2015": 3836.231818707784, "total_built_mass_tons": 1226732.4798698053, "city_id": 12851, "country_iso": "JPN"}, {"h3index": "872e6d509ffffff", "population_2015": 2585.985719387204, "total_built_mass_tons": 1266533.82372846, "city_id": 12851, "country_iso": "JPN"}, {"h3index": "872e6d50cffffff", "population_2015": 4391.8503550136775, "total_built_mass_tons": 1736941.6192378602, "city_id": 12851, "country_iso": "JPN"}, {"h3index": "872e6d50dffffff", "population_2015": 10920.650703860269, "total_built_mass_tons": 3171624.716200373, "city_id": 12851, "country_iso": "JPN"}, {"h3index": "872e6d50effffff", "population_2015": 6056.152833542171, "total_built_mass_tons": 1839143.6696574904, "city_id": 12851, "country_iso": "JPN"}, {"h3index": "872e6d510ffffff", "population_2015": 282.7672821820951, "total_built_mass_tons": 272175.64273243694, "city_id": 12851, "country_iso": "JPN"}, {"h3index": "872e6d511ffffff", "population_2015": 48.09121014744627, "total_built_mass_tons": 107321.201399459, "city_id": 12851, "country_iso": "JPN"}, {"h3index": "872e6d515ffffff", "population_2015": 1737.7937532078984, "total_built_mass_tons": 1479446.054288989, "city_id": 12851, "country_iso": "JPN"}, {"h3index": "872e6d518ffffff", "population_2015": 1127.1817814920464, "total_built_mass_tons": 1419172.1497771093, "city_id": 12851, "country_iso": "JPN"}, {"h3index": "872e6d519ffffff", "population_2015": 6.066286044027291, "total_built_mass_tons": 7847.697182086228, "city_id": 12851, "country_iso": "JPN"}, {"h3index": "872e6d51cffffff", "population_2015": 481.01247882656025, "total_built_mass_tons": 392173.5668746591, "city_id": 12851, "country_iso": "JPN"}, {"h3index": "872e6d51dffffff", "population_2015": 3941.7004087176983, "total_built_mass_tons": 2515892.3026302196, "city_id": 12851, "country_iso": "JPN"}, {"h3index": "872e6d521ffffff", "population_2015": 323.7734568324743, "total_built_mass_tons": 227606.51178779648, "city_id": 12851, "country_iso": "JPN"}, {"h3index": "872e6d523ffffff", "population_2015": 10.403341887978948, "total_built_mass_tons": 10676.17233382881, "city_id": 12851, "country_iso": "JPN"}, {"h3index": "872e6d528ffffff", "population_2015": 3305.328592829611, "total_built_mass_tons": 1911749.6746304212, "city_id": 12851, "country_iso": "JPN"}, {"h3index": "872e6d529ffffff", "population_2015": 4538.992445091174, "total_built_mass_tons": 2397106.0622390197, "city_id": 12851, "country_iso": "JPN"}, {"h3index": "872e6d52affffff", "population_2015": 2543.5764844716755, "total_built_mass_tons": 1393201.4756485217, "city_id": 12851, "country_iso": "JPN"}, {"h3index": "872e6d52bffffff", "population_2015": 4887.799783600077, "total_built_mass_tons": 1987701.942689601, "city_id": 12851, "country_iso": "JPN"}, {"h3index": "872e6d52cffffff", "population_2015": 2082.271741635191, "total_built_mass_tons": 1324385.447010968, "city_id": 12851, "country_iso": "JPN"}, {"h3index": "872e6d52dffffff", "population_2015": 2534.281425360136, "total_built_mass_tons": 1638126.5048979828, "city_id": 12851, "country_iso": "JPN"}, {"h3index": "872e6d52effffff", "population_2015": 2166.1271919811475, "total_built_mass_tons": 1167592.0102193956, "city_id": 12851, "country_iso": "JPN"}, {"h3index": "872e6d531ffffff", "population_2015": 201.03854082051444, "total_built_mass_tons": 195991.54177122808, "city_id": 12851, "country_iso": "JPN"}, {"h3index": "872e6d533ffffff", "population_2015": 455.55323634428134, "total_built_mass_tons": 473199.59804921126, "city_id": 12851, "country_iso": "JPN"}, {"h3index": "872e6d544ffffff", "population_2015": 51.988220758999105, "total_built_mass_tons": 35018.02755397309, "city_id": 12851, "country_iso": "JPN"}, {"h3index": "872e6d546ffffff", "population_2015": 2612.7802368781145, "total_built_mass_tons": 2371890.962618385, "city_id": 12851, "country_iso": "JPN"}, {"h3index": "872e6d554ffffff", "population_2015": 1619.8374273561965, "total_built_mass_tons": 1413714.8966335603, "city_id": 12851, "country_iso": "JPN"}, {"h3index": "872e6d555ffffff", "population_2015": 26.59409873625811, "total_built_mass_tons": 65471.22066295581, "city_id": 12851, "country_iso": "JPN"}, {"h3index": "872e6d562ffffff", "population_2015": 1321.1725328108848, "total_built_mass_tons": 750549.4733184776, "city_id": 12851, "country_iso": "JPN"}, {"h3index": "872e6d566ffffff", "population_2015": 2450.2812812122643, "total_built_mass_tons": 1212040.578311055, "city_id": 12851, "country_iso": "JPN"}, {"h3index": "872e6d570ffffff", "population_2015": 3155.970255731134, "total_built_mass_tons": 1842337.226721563, "city_id": 12851, "country_iso": "JPN"}, {"h3index": "872e6d571ffffff", "population_2015": 4253.270667030295, "total_built_mass_tons": 2076417.5508863656, "city_id": 12851, "country_iso": "JPN"}, {"h3index": "872e6d572ffffff", "population_2015": 7324.190914026895, "total_built_mass_tons": 2389888.107421081, "city_id": 12851, "country_iso": "JPN"}, {"h3index": "872e6d573ffffff", "population_2015": 4254.076604616877, "total_built_mass_tons": 1897091.905142353, "city_id": 12851, "country_iso": "JPN"}, {"h3index": "872e6d574ffffff", "population_2015": 5392.20624668271, "total_built_mass_tons": 2394451.8232161207, "city_id": 12851, "country_iso": "JPN"}, {"h3index": "872e6d575ffffff", "population_2015": 3854.0807520959897, "total_built_mass_tons": 1922012.4975114383, "city_id": 12851, "country_iso": "JPN"}, {"h3index": "872e6d576ffffff", "population_2015": 9502.4371268609, "total_built_mass_tons": 3052724.9489875156, "city_id": 12851, "country_iso": "JPN"}, {"h3index": "872e6dcd3ffffff", "population_2015": 19.941305929071763, "total_built_mass_tons": 15048.75280224443, "city_id": 12851, "country_iso": "JPN"}, {"h3index": "872e6dcd9ffffff", "population_2015": 245.3803320043228, "total_built_mass_tons": 108082.39266673858, "city_id": 12851, "country_iso": "JPN"}, {"h3index": "872e6dcdaffffff", "population_2015": 1812.0478232954067, "total_built_mass_tons": 1383577.1991691086, "city_id": 12851, "country_iso": "JPN"}, {"h3index": "872e6dcdbffffff", "population_2015": 6468.041229642605, "total_built_mass_tons": 2549312.7881990685, "city_id": 12851, "country_iso": "JPN"}, {"h3index": "872e6dcdeffffff", "population_2015": 78.23667462666829, "total_built_mass_tons": 78564.04340670902, "city_id": 12851, "country_iso": "JPN"}]