[{"h3index":"873cc0930ffffff","population_2015":41.3144732157,"total_built_mass_tons":14568.622732777,"city_id":10018,"country_iso":"IND"},{"h3index":"873cc0932ffffff","population_2015":0.4644773988,"total_built_mass_tons":2952.2361934524,"city_id":10018,"country_iso":"IND"},{"h3index":"873cc0934ffffff","population_2015":5.1147733801,"total_built_mass_tons":953.7254901961,"city_id":10018,"country_iso":"IND"},{"h3index":"873cc0936ffffff","population_2015":527.8788617976,"total_built_mass_tons":115221.8640340454,"city_id":10018,"country_iso":"IND"},{"h3index":"873cc429affffff","population_2015":21.2261345059,"total_built_mass_tons":15626.4963911915,"city_id":10018,"country_iso":"IND"},{"h3index":"873cc4669ffffff","population_2015":15.3474786609,"total_built_mass_tons":14279.9614257158,"city_id":10018,"country_iso":"IND"}]