[{"h3index":"872a30488ffffff","population_2015":536.6703769731,"total_built_mass_tons":666525.6808948084,"city_id":1024,"country_iso":"USA"},{"h3index":"872a30489ffffff","population_2015":1173.1826973721,"total_built_mass_tons":923749.7585376332,"city_id":1024,"country_iso":"USA"},{"h3index":"872a3048dffffff","population_2015":400.4959524566,"total_built_mass_tons":167926.9452379784,"city_id":1024,"country_iso":"USA"},{"h3index":"872a304c0ffffff","population_2015":862.6703607579,"total_built_mass_tons":1001854.4567742676,"city_id":1024,"country_iso":"USA"},{"h3index":"872a304c2ffffff","population_2015":3553.8181495478,"total_built_mass_tons":1581705.5166567003,"city_id":1024,"country_iso":"USA"},{"h3index":"872a304c4ffffff","population_2015":1364.8522138102,"total_built_mass_tons":840238.9864327351,"city_id":1024,"country_iso":"USA"},{"h3index":"872a304c6ffffff","population_2015":8423.4407633333,"total_built_mass_tons":3099267.6892993329,"city_id":1024,"country_iso":"USA"},{"h3index":"872a304d0ffffff","population_2015":806.603592335,"total_built_mass_tons":387416.6568117495,"city_id":1024,"country_iso":"USA"},{"h3index":"872a304d1ffffff","population_2015":1156.4241903184,"total_built_mass_tons":394299.2690816849,"city_id":1024,"country_iso":"USA"},{"h3index":"872a304d4ffffff","population_2015":2694.6338990396,"total_built_mass_tons":1383972.4675834333,"city_id":1024,"country_iso":"USA"},{"h3index":"872a304d5ffffff","population_2015":4648.5607184074,"total_built_mass_tons":3152246.5094751292,"city_id":1024,"country_iso":"USA"},{"h3index":"872a304dcffffff","population_2015":32.3164656863,"total_built_mass_tons":18276.5687305727,"city_id":1024,"country_iso":"USA"},{"h3index":"872a304e2ffffff","population_2015":45.5448547588,"total_built_mass_tons":36625.8729821299,"city_id":1024,"country_iso":"USA"},{"h3index":"872a304f0ffffff","population_2015":167.2237770595,"total_built_mass_tons":75971.9583388808,"city_id":1024,"country_iso":"USA"},{"h3index":"872a304f1ffffff","population_2015":6059.3584138688,"total_built_mass_tons":2556098.6460655062,"city_id":1024,"country_iso":"USA"},{"h3index":"872a304f2ffffff","population_2015":2783.0464675596,"total_built_mass_tons":1783496.3614758912,"city_id":1024,"country_iso":"USA"},{"h3index":"872a304f3ffffff","population_2015":9447.4559785686,"total_built_mass_tons":2720046.3660244681,"city_id":1024,"country_iso":"USA"}]