[{"h3index":"873da81a0ffffff","population_2015":338.6299246096,"total_built_mass_tons":55295.6439109994,"city_id":7418,"country_iso":"IND"},{"h3index":"873da81a4ffffff","population_2015":7837.0310564004,"total_built_mass_tons":968548.4268553576,"city_id":7418,"country_iso":"IND"},{"h3index":"873da81a5ffffff","population_2015":3224.1202204087,"total_built_mass_tons":478565.507405865,"city_id":7418,"country_iso":"IND"},{"h3index":"873da8c4bffffff","population_2015":244.2483863083,"total_built_mass_tons":43964.6734828456,"city_id":7418,"country_iso":"IND"}]