[{"h3index":"87b2c5080ffffff","population_2015":39.4937336043,"total_built_mass_tons":12031.2112311887,"city_id":931,"country_iso":"CHL"},{"h3index":"87b2c5082ffffff","population_2015":4540.0803748336,"total_built_mass_tons":549464.639336294,"city_id":931,"country_iso":"CHL"},{"h3index":"87b2c5084ffffff","population_2015":10438.6260184195,"total_built_mass_tons":1859169.3423828799,"city_id":931,"country_iso":"CHL"},{"h3index":"87b2c5086ffffff","population_2015":17550.377714748,"total_built_mass_tons":1492707.7997963969,"city_id":931,"country_iso":"CHL"},{"h3index":"87b2c5090ffffff","population_2015":20167.0562974818,"total_built_mass_tons":2502383.1873354637,"city_id":931,"country_iso":"CHL"},{"h3index":"87b2c5091ffffff","population_2015":27183.4558026632,"total_built_mass_tons":2833915.1254130499,"city_id":931,"country_iso":"CHL"},{"h3index":"87b2c5092ffffff","population_2015":25768.8155190561,"total_built_mass_tons":3095139.4708470237,"city_id":931,"country_iso":"CHL"},{"h3index":"87b2c5093ffffff","population_2015":27850.7850260865,"total_built_mass_tons":2938043.9682337432,"city_id":931,"country_iso":"CHL"},{"h3index":"87b2c5094ffffff","population_2015":12533.2980558208,"total_built_mass_tons":3082433.6140750702,"city_id":931,"country_iso":"CHL"},{"h3index":"87b2c5095ffffff","population_2015":16297.9284939485,"total_built_mass_tons":1661385.6372328009,"city_id":931,"country_iso":"CHL"},{"h3index":"87b2c5096ffffff","population_2015":18209.851236291,"total_built_mass_tons":3319542.3579877135,"city_id":931,"country_iso":"CHL"},{"h3index":"87b2c5098ffffff","population_2015":7927.9060194726,"total_built_mass_tons":573753.0278591502,"city_id":931,"country_iso":"CHL"},{"h3index":"87b2c5099ffffff","population_2015":503.2804052016,"total_built_mass_tons":42301.4105367304,"city_id":931,"country_iso":"CHL"},{"h3index":"87b2c509affffff","population_2015":28788.9546173694,"total_built_mass_tons":2652640.6121608671,"city_id":931,"country_iso":"CHL"},{"h3index":"87b2c509bffffff","population_2015":38431.5166778265,"total_built_mass_tons":2936136.5667019533,"city_id":931,"country_iso":"CHL"},{"h3index":"87b2c509cffffff","population_2015":6663.9298051124,"total_built_mass_tons":834468.5502213854,"city_id":931,"country_iso":"CHL"},{"h3index":"87b2c509effffff","population_2015":18934.639890035,"total_built_mass_tons":2335022.3563880562,"city_id":931,"country_iso":"CHL"},{"h3index":"87b2c50a2ffffff","population_2015":3257.1592684278,"total_built_mass_tons":1306742.2107970396,"city_id":931,"country_iso":"CHL"},{"h3index":"87b2c50a6ffffff","population_2015":1146.4739586774,"total_built_mass_tons":762016.2160245688,"city_id":931,"country_iso":"CHL"},{"h3index":"87b2c50b0ffffff","population_2015":6750.0624975017,"total_built_mass_tons":1684752.0229194099,"city_id":931,"country_iso":"CHL"},{"h3index":"87b2c50b1ffffff","population_2015":15126.7098249548,"total_built_mass_tons":2659445.9059610651,"city_id":931,"country_iso":"CHL"},{"h3index":"87b2c50b2ffffff","population_2015":10143.4229573717,"total_built_mass_tons":2521891.8708946183,"city_id":931,"country_iso":"CHL"},{"h3index":"87b2c50b3ffffff","population_2015":25097.2562426698,"total_built_mass_tons":3081565.2209103061,"city_id":931,"country_iso":"CHL"},{"h3index":"87b2c50b4ffffff","population_2015":785.1500863169,"total_built_mass_tons":1177610.8734174774,"city_id":931,"country_iso":"CHL"},{"h3index":"87b2c50b5ffffff","population_2015":2296.0405049792,"total_built_mass_tons":791939.13878983,"city_id":931,"country_iso":"CHL"},{"h3index":"87b2c50b6ffffff","population_2015":3130.4030449213,"total_built_mass_tons":2632363.168635787,"city_id":931,"country_iso":"CHL"},{"h3index":"87b2c5180ffffff","population_2015":806.4876765831,"total_built_mass_tons":978671.4235225718,"city_id":931,"country_iso":"CHL"},{"h3index":"87b2c5181ffffff","population_2015":239.3790238399,"total_built_mass_tons":332166.7864527264,"city_id":931,"country_iso":"CHL"},{"h3index":"87b2c5182ffffff","population_2015":23.882951886,"total_built_mass_tons":377927.6207256219,"city_id":931,"country_iso":"CHL"},{"h3index":"87b2c5183ffffff","population_2015":508.5609776291,"total_built_mass_tons":450883.2670399166,"city_id":931,"country_iso":"CHL"},{"h3index":"87b2c5185ffffff","population_2015":0.1262261035,"total_built_mass_tons":164994.5140885515,"city_id":931,"country_iso":"CHL"},{"h3index":"87b2c5190ffffff","population_2015":34.6357298683,"total_built_mass_tons":28184.1064959075,"city_id":931,"country_iso":"CHL"},{"h3index":"87b2c5191ffffff","population_2015":677.7881060806,"total_built_mass_tons":800491.2834546922,"city_id":931,"country_iso":"CHL"},{"h3index":"87b2c5192ffffff","population_2015":339.143828321,"total_built_mass_tons":132595.0584730554,"city_id":931,"country_iso":"CHL"},{"h3index":"87b2c5193ffffff","population_2015":571.1242533515,"total_built_mass_tons":882538.4233183479,"city_id":931,"country_iso":"CHL"},{"h3index":"87b2c5198ffffff","population_2015":750.7885100421,"total_built_mass_tons":679828.3010234698,"city_id":931,"country_iso":"CHL"},{"h3index":"87b2c5199ffffff","population_2015":770.4425033794,"total_built_mass_tons":633191.4316637497,"city_id":931,"country_iso":"CHL"},{"h3index":"87b2c519affffff","population_2015":700.5507240295,"total_built_mass_tons":1813639.4185785488,"city_id":931,"country_iso":"CHL"},{"h3index":"87b2c519bffffff","population_2015":1288.9190407697,"total_built_mass_tons":802967.6346434799,"city_id":931,"country_iso":"CHL"},{"h3index":"87b2c519cffffff","population_2015":1791.4988173317,"total_built_mass_tons":828432.8784604088,"city_id":931,"country_iso":"CHL"},{"h3index":"87b2c519dffffff","population_2015":102.866964976,"total_built_mass_tons":381682.6048634973,"city_id":931,"country_iso":"CHL"},{"h3index":"87b2c519effffff","population_2015":1126.6701121985,"total_built_mass_tons":1275968.2701462456,"city_id":931,"country_iso":"CHL"},{"h3index":"87b2c5401ffffff","population_2015":697.1210711012,"total_built_mass_tons":53076.7720832034,"city_id":931,"country_iso":"CHL"},{"h3index":"87b2c5408ffffff","population_2015":20553.1203004426,"total_built_mass_tons":1005576.6880844436,"city_id":931,"country_iso":"CHL"},{"h3index":"87b2c5409ffffff","population_2015":24145.8075133679,"total_built_mass_tons":1744555.7123842249,"city_id":931,"country_iso":"CHL"},{"h3index":"87b2c540affffff","population_2015":527.385136608,"total_built_mass_tons":249402.6789807979,"city_id":931,"country_iso":"CHL"},{"h3index":"87b2c540bffffff","population_2015":16452.889792289,"total_built_mass_tons":1576935.3849082224,"city_id":931,"country_iso":"CHL"},{"h3index":"87b2c540cffffff","population_2015":52380.4653430116,"total_built_mass_tons":2481472.9251874019,"city_id":931,"country_iso":"CHL"},{"h3index":"87b2c540dffffff","population_2015":53921.2477630017,"total_built_mass_tons":3125275.9105803436,"city_id":931,"country_iso":"CHL"},{"h3index":"87b2c5419ffffff","population_2015":86.3826014388,"total_built_mass_tons":26779.193676181,"city_id":931,"country_iso":"CHL"},{"h3index":"87b2c5421ffffff","population_2015":1082.1802063736,"total_built_mass_tons":294226.1466753311,"city_id":931,"country_iso":"CHL"},{"h3index":"87b2c5425ffffff","population_2015":1853.8318099228,"total_built_mass_tons":376466.2272203902,"city_id":931,"country_iso":"CHL"},{"h3index":"87b2c5428ffffff","population_2015":42855.8658260271,"total_built_mass_tons":2931425.9120750665,"city_id":931,"country_iso":"CHL"},{"h3index":"87b2c5429ffffff","population_2015":49914.7767659056,"total_built_mass_tons":2630701.6513034739,"city_id":931,"country_iso":"CHL"},{"h3index":"87b2c542affffff","population_2015":25003.9878679762,"total_built_mass_tons":1523287.2315317921,"city_id":931,"country_iso":"CHL"},{"h3index":"87b2c542bffffff","population_2015":47906.2603661331,"total_built_mass_tons":2669617.1224840726,"city_id":931,"country_iso":"CHL"},{"h3index":"87b2c542cffffff","population_2015":11117.8338822458,"total_built_mass_tons":575326.2125432986,"city_id":931,"country_iso":"CHL"},{"h3index":"87b2c542dffffff","population_2015":62433.0605971392,"total_built_mass_tons":2334906.2714696918,"city_id":931,"country_iso":"CHL"},{"h3index":"87b2c542effffff","population_2015":151.2275530647,"total_built_mass_tons":28701.910287938,"city_id":931,"country_iso":"CHL"},{"h3index":"87b2c5440ffffff","population_2015":19378.4081487843,"total_built_mass_tons":1863568.6549677465,"city_id":931,"country_iso":"CHL"},{"h3index":"87b2c5441ffffff","population_2015":43079.6098838507,"total_built_mass_tons":4338529.5100732138,"city_id":931,"country_iso":"CHL"},{"h3index":"87b2c5442ffffff","population_2015":11112.0692819334,"total_built_mass_tons":1649162.9271225659,"city_id":931,"country_iso":"CHL"},{"h3index":"87b2c5443ffffff","population_2015":17879.5441756753,"total_built_mass_tons":3216374.4889485831,"city_id":931,"country_iso":"CHL"},{"h3index":"87b2c5444ffffff","population_2015":17092.3771798377,"total_built_mass_tons":1935273.4206341857,"city_id":931,"country_iso":"CHL"},{"h3index":"87b2c5445ffffff","population_2015":45267.08466194,"total_built_mass_tons":3942018.9925396666,"city_id":931,"country_iso":"CHL"},{"h3index":"87b2c5446ffffff","population_2015":11511.187409644,"total_built_mass_tons":1858597.8933976209,"city_id":931,"country_iso":"CHL"},{"h3index":"87b2c5448ffffff","population_2015":384.9258507224,"total_built_mass_tons":237517.7272211279,"city_id":931,"country_iso":"CHL"},{"h3index":"87b2c5449ffffff","population_2015":16406.4697658389,"total_built_mass_tons":976341.9899872362,"city_id":931,"country_iso":"CHL"},{"h3index":"87b2c544affffff","population_2015":327.3985377742,"total_built_mass_tons":170594.5826049051,"city_id":931,"country_iso":"CHL"},{"h3index":"87b2c544bffffff","population_2015":360.4973111545,"total_built_mass_tons":145508.5802732776,"city_id":931,"country_iso":"CHL"},{"h3index":"87b2c544cffffff","population_2015":16737.8951526193,"total_built_mass_tons":1859021.209320392,"city_id":931,"country_iso":"CHL"},{"h3index":"87b2c544dffffff","population_2015":8745.3616209591,"total_built_mass_tons":708664.7077837959,"city_id":931,"country_iso":"CHL"},{"h3index":"87b2c544effffff","population_2015":10547.7510057786,"total_built_mass_tons":1868141.8972620529,"city_id":931,"country_iso":"CHL"},{"h3index":"87b2c5454ffffff","population_2015":455.6406485688,"total_built_mass_tons":139446.7144154836,"city_id":931,"country_iso":"CHL"},{"h3index":"87b2c5455ffffff","population_2015":1209.7046953089,"total_built_mass_tons":277695.3671905301,"city_id":931,"country_iso":"CHL"},{"h3index":"87b2c5456ffffff","population_2015":8349.956946272,"total_built_mass_tons":689678.7124527119,"city_id":931,"country_iso":"CHL"},{"h3index":"87b2c5458ffffff","population_2015":4212.8716377931,"total_built_mass_tons":755729.1411727027,"city_id":931,"country_iso":"CHL"},{"h3index":"87b2c5459ffffff","population_2015":3230.7388296614,"total_built_mass_tons":836739.1178930785,"city_id":931,"country_iso":"CHL"},{"h3index":"87b2c545bffffff","population_2015":2067.7983354868,"total_built_mass_tons":489863.7787398253,"city_id":931,"country_iso":"CHL"},{"h3index":"87b2c545cffffff","population_2015":5864.8109549952,"total_built_mass_tons":956914.5144221006,"city_id":931,"country_iso":"CHL"},{"h3index":"87b2c545dffffff","population_2015":9167.487735494,"total_built_mass_tons":2047293.5935623944,"city_id":931,"country_iso":"CHL"},{"h3index":"87b2c5460ffffff","population_2015":16368.963692594,"total_built_mass_tons":3707526.2884709928,"city_id":931,"country_iso":"CHL"},{"h3index":"87b2c5461ffffff","population_2015":37876.0904232698,"total_built_mass_tons":4505353.5421581753,"city_id":931,"country_iso":"CHL"},{"h3index":"87b2c5462ffffff","population_2015":23623.2678246891,"total_built_mass_tons":2372048.1315246089,"city_id":931,"country_iso":"CHL"},{"h3index":"87b2c5463ffffff","population_2015":20354.9844793282,"total_built_mass_tons":3625421.6376864482,"city_id":931,"country_iso":"CHL"},{"h3index":"87b2c5464ffffff","population_2015":18674.4621897828,"total_built_mass_tons":2348209.5183647354,"city_id":931,"country_iso":"CHL"},{"h3index":"87b2c5465ffffff","population_2015":23907.5287674848,"total_built_mass_tons":4250383.9644572483,"city_id":931,"country_iso":"CHL"},{"h3index":"87b2c5466ffffff","population_2015":42407.1612849666,"total_built_mass_tons":4067223.1790133175,"city_id":931,"country_iso":"CHL"},{"h3index":"87b2c5468ffffff","population_2015":36581.7663750293,"total_built_mass_tons":4006079.8569628401,"city_id":931,"country_iso":"CHL"},{"h3index":"87b2c5469ffffff","population_2015":25872.2908335368,"total_built_mass_tons":2306611.1516860072,"city_id":931,"country_iso":"CHL"},{"h3index":"87b2c546affffff","population_2015":10933.6376002443,"total_built_mass_tons":1672404.141583479,"city_id":931,"country_iso":"CHL"},{"h3index":"87b2c546bffffff","population_2015":5911.043631894,"total_built_mass_tons":770045.2361902554,"city_id":931,"country_iso":"CHL"},{"h3index":"87b2c546cffffff","population_2015":43183.6289205214,"total_built_mass_tons":3515722.9882421172,"city_id":931,"country_iso":"CHL"},{"h3index":"87b2c546dffffff","population_2015":42033.7015826954,"total_built_mass_tons":3622892.403216871,"city_id":931,"country_iso":"CHL"},{"h3index":"87b2c546effffff","population_2015":41084.0761567209,"total_built_mass_tons":4219020.7968268096,"city_id":931,"country_iso":"CHL"},{"h3index":"87b2c5470ffffff","population_2015":8640.3482109519,"total_built_mass_tons":1084499.3861252705,"city_id":931,"country_iso":"CHL"},{"h3index":"87b2c5471ffffff","population_2015":10163.0612172819,"total_built_mass_tons":1994724.8185123161,"city_id":931,"country_iso":"CHL"},{"h3index":"87b2c5472ffffff","population_2015":13742.1910413331,"total_built_mass_tons":737478.5289504905,"city_id":931,"country_iso":"CHL"},{"h3index":"87b2c5473ffffff","population_2015":2499.7400207968,"total_built_mass_tons":649579.2984978692,"city_id":931,"country_iso":"CHL"},{"h3index":"87b2c5474ffffff","population_2015":20921.5550852533,"total_built_mass_tons":2687158.3912930735,"city_id":931,"country_iso":"CHL"},{"h3index":"87b2c5475ffffff","population_2015":17966.5654803183,"total_built_mass_tons":2765462.1727375337,"city_id":931,"country_iso":"CHL"},{"h3index":"87b2c5476ffffff","population_2015":33416.7193464092,"total_built_mass_tons":2130820.4117039163,"city_id":931,"country_iso":"CHL"},{"h3index":"87b2c54e0ffffff","population_2015":512.0037541072,"total_built_mass_tons":142588.4490284849,"city_id":931,"country_iso":"CHL"},{"h3index":"87b2c54e4ffffff","population_2015":2476.7572709177,"total_built_mass_tons":688984.2355127437,"city_id":931,"country_iso":"CHL"},{"h3index":"87b2c54e5ffffff","population_2015":2257.5253449683,"total_built_mass_tons":582544.075373646,"city_id":931,"country_iso":"CHL"},{"h3index":"87b2c54e6ffffff","population_2015":0.3855593887,"total_built_mass_tons":294.4323898976,"city_id":931,"country_iso":"CHL"},{"h3index":"87b2c5508ffffff","population_2015":376.8378626805,"total_built_mass_tons":74593.1192458098,"city_id":931,"country_iso":"CHL"},{"h3index":"87b2c5509ffffff","population_2015":8516.3288665397,"total_built_mass_tons":763197.9708015253,"city_id":931,"country_iso":"CHL"},{"h3index":"87b2c550bffffff","population_2015":882.0846000971,"total_built_mass_tons":179921.0740564847,"city_id":931,"country_iso":"CHL"},{"h3index":"87b2c550cffffff","population_2015":3764.0647541794,"total_built_mass_tons":896849.6798095107,"city_id":931,"country_iso":"CHL"},{"h3index":"87b2c550dffffff","population_2015":9481.3392795787,"total_built_mass_tons":1552948.9774515228,"city_id":931,"country_iso":"CHL"},{"h3index":"87b2c550effffff","population_2015":480.3737817203,"total_built_mass_tons":126501.8891104765,"city_id":931,"country_iso":"CHL"},{"h3index":"87b2c5528ffffff","population_2015":7309.679745259,"total_built_mass_tons":894681.9935183331,"city_id":931,"country_iso":"CHL"},{"h3index":"87b2c5529ffffff","population_2015":26618.6131850149,"total_built_mass_tons":3428483.5773727493,"city_id":931,"country_iso":"CHL"},{"h3index":"87b2c552bffffff","population_2015":15067.6441208709,"total_built_mass_tons":2192479.2858273089,"city_id":931,"country_iso":"CHL"},{"h3index":"87b2c552cffffff","population_2015":67.0994693906,"total_built_mass_tons":22831.4553550099,"city_id":931,"country_iso":"CHL"},{"h3index":"87b2c552dffffff","population_2015":5734.1347685346,"total_built_mass_tons":943529.8725673538,"city_id":931,"country_iso":"CHL"},{"h3index":"87b2c5540ffffff","population_2015":10584.9521690369,"total_built_mass_tons":2794814.7928455397,"city_id":931,"country_iso":"CHL"},{"h3index":"87b2c5541ffffff","population_2015":8082.8395018334,"total_built_mass_tons":4223437.3388413759,"city_id":931,"country_iso":"CHL"},{"h3index":"87b2c5542ffffff","population_2015":23025.0132241492,"total_built_mass_tons":4101324.8615171891,"city_id":931,"country_iso":"CHL"},{"h3index":"87b2c5543ffffff","population_2015":14554.0789399241,"total_built_mass_tons":4623717.5455288785,"city_id":931,"country_iso":"CHL"},{"h3index":"87b2c5544ffffff","population_2015":17739.7344911463,"total_built_mass_tons":3268307.6012799777,"city_id":931,"country_iso":"CHL"},{"h3index":"87b2c5545ffffff","population_2015":13167.1762460297,"total_built_mass_tons":3688561.3536122059,"city_id":931,"country_iso":"CHL"},{"h3index":"87b2c5546ffffff","population_2015":15600.7012557983,"total_built_mass_tons":3832080.1970612481,"city_id":931,"country_iso":"CHL"},{"h3index":"87b2c5548ffffff","population_2015":23385.4342571632,"total_built_mass_tons":6527541.2822428904,"city_id":931,"country_iso":"CHL"},{"h3index":"87b2c5549ffffff","population_2015":18404.5999790865,"total_built_mass_tons":3393127.133699758,"city_id":931,"country_iso":"CHL"},{"h3index":"87b2c554affffff","population_2015":16213.8864168055,"total_built_mass_tons":2521161.2238498847,"city_id":931,"country_iso":"CHL"},{"h3index":"87b2c554bffffff","population_2015":20064.7866503846,"total_built_mass_tons":3582431.0281898947,"city_id":931,"country_iso":"CHL"},{"h3index":"87b2c554cffffff","population_2015":18487.2600926568,"total_built_mass_tons":6341315.8487161892,"city_id":931,"country_iso":"CHL"},{"h3index":"87b2c554dffffff","population_2015":6892.3183309966,"total_built_mass_tons":3290155.8454487622,"city_id":931,"country_iso":"CHL"},{"h3index":"87b2c554effffff","population_2015":11099.9549583884,"total_built_mass_tons":4007212.501326601,"city_id":931,"country_iso":"CHL"},{"h3index":"87b2c5550ffffff","population_2015":33057.3802154391,"total_built_mass_tons":3373210.7297787396,"city_id":931,"country_iso":"CHL"},{"h3index":"87b2c5551ffffff","population_2015":37456.4486751781,"total_built_mass_tons":3624669.1440637992,"city_id":931,"country_iso":"CHL"},{"h3index":"87b2c5552ffffff","population_2015":14717.6134118024,"total_built_mass_tons":1876054.698248575,"city_id":931,"country_iso":"CHL"},{"h3index":"87b2c5553ffffff","population_2015":33018.6540091271,"total_built_mass_tons":3348297.9433353469,"city_id":931,"country_iso":"CHL"},{"h3index":"87b2c5554ffffff","population_2015":38470.4079748715,"total_built_mass_tons":3589572.6121095046,"city_id":931,"country_iso":"CHL"},{"h3index":"87b2c5555ffffff","population_2015":35106.0370964948,"total_built_mass_tons":3882462.818743987,"city_id":931,"country_iso":"CHL"},{"h3index":"87b2c5556ffffff","population_2015":18619.7804372675,"total_built_mass_tons":2629079.3319503469,"city_id":931,"country_iso":"CHL"},{"h3index":"87b2c5558ffffff","population_2015":13575.7163748274,"total_built_mass_tons":2485833.9026623387,"city_id":931,"country_iso":"CHL"},{"h3index":"87b2c5559ffffff","population_2015":25706.9331877914,"total_built_mass_tons":2945479.0969262347,"city_id":931,"country_iso":"CHL"},{"h3index":"87b2c555affffff","population_2015":17280.3761944191,"total_built_mass_tons":2876522.7308203969,"city_id":931,"country_iso":"CHL"},{"h3index":"87b2c555bffffff","population_2015":4774.5047253852,"total_built_mass_tons":1068525.0216211283,"city_id":931,"country_iso":"CHL"},{"h3index":"87b2c555cffffff","population_2015":22499.8977926067,"total_built_mass_tons":4827714.7022584081,"city_id":931,"country_iso":"CHL"},{"h3index":"87b2c555dffffff","population_2015":15352.5461914063,"total_built_mass_tons":3308347.8876773096,"city_id":931,"country_iso":"CHL"},{"h3index":"87b2c555effffff","population_2015":30977.0140096852,"total_built_mass_tons":3233096.0774657503,"city_id":931,"country_iso":"CHL"},{"h3index":"87b2c5560ffffff","population_2015":17250.8631170983,"total_built_mass_tons":3078742.4640737548,"city_id":931,"country_iso":"CHL"},{"h3index":"87b2c5561ffffff","population_2015":9828.1979445888,"total_built_mass_tons":1638612.7647777209,"city_id":931,"country_iso":"CHL"},{"h3index":"87b2c5562ffffff","population_2015":33534.4302565182,"total_built_mass_tons":3877007.1047422462,"city_id":931,"country_iso":"CHL"},{"h3index":"87b2c5563ffffff","population_2015":28643.3673902923,"total_built_mass_tons":3452719.0331212301,"city_id":931,"country_iso":"CHL"},{"h3index":"87b2c5564ffffff","population_2015":181.3772803662,"total_built_mass_tons":96640.742886709,"city_id":931,"country_iso":"CHL"},{"h3index":"87b2c5565ffffff","population_2015":5349.5608750063,"total_built_mass_tons":1252290.6318488256,"city_id":931,"country_iso":"CHL"},{"h3index":"87b2c5566ffffff","population_2015":14319.5686383715,"total_built_mass_tons":2296061.5904958295,"city_id":931,"country_iso":"CHL"},{"h3index":"87b2c5568ffffff","population_2015":2098.8609179628,"total_built_mass_tons":1325355.7663466395,"city_id":931,"country_iso":"CHL"},{"h3index":"87b2c5569ffffff","population_2015":684.4447907841,"total_built_mass_tons":1607468.1848136184,"city_id":931,"country_iso":"CHL"},{"h3index":"87b2c556affffff","population_2015":6410.2178276212,"total_built_mass_tons":1995508.6573538024,"city_id":931,"country_iso":"CHL"},{"h3index":"87b2c556bffffff","population_2015":5174.0869123272,"total_built_mass_tons":3216380.1412601024,"city_id":931,"country_iso":"CHL"},{"h3index":"87b2c556cffffff","population_2015":1254.2538931978,"total_built_mass_tons":605239.4652666887,"city_id":931,"country_iso":"CHL"},{"h3index":"87b2c556dffffff","population_2015":893.0948680952,"total_built_mass_tons":1223231.1203987501,"city_id":931,"country_iso":"CHL"},{"h3index":"87b2c556effffff","population_2015":16181.7441934473,"total_built_mass_tons":2621844.8737086006,"city_id":931,"country_iso":"CHL"},{"h3index":"87b2c5570ffffff","population_2015":3515.3220185373,"total_built_mass_tons":635330.2417033538,"city_id":931,"country_iso":"CHL"},{"h3index":"87b2c5571ffffff","population_2015":15470.0543416042,"total_built_mass_tons":3547814.6768622836,"city_id":931,"country_iso":"CHL"},{"h3index":"87b2c5572ffffff","population_2015":11582.1698704738,"total_built_mass_tons":1967697.3239998645,"city_id":931,"country_iso":"CHL"},{"h3index":"87b2c5573ffffff","population_2015":21811.8295901878,"total_built_mass_tons":2959430.0421682792,"city_id":931,"country_iso":"CHL"},{"h3index":"87b2c5574ffffff","population_2015":15057.0725604637,"total_built_mass_tons":1746015.477773353,"city_id":931,"country_iso":"CHL"},{"h3index":"87b2c5575ffffff","population_2015":15629.4616159776,"total_built_mass_tons":1872308.8761020831,"city_id":931,"country_iso":"CHL"},{"h3index":"87b2c5576ffffff","population_2015":9091.4396827997,"total_built_mass_tons":1244758.4721871477,"city_id":931,"country_iso":"CHL"},{"h3index":"87b2c5704ffffff","population_2015":4706.1921031578,"total_built_mass_tons":309881.12960625,"city_id":931,"country_iso":"CHL"},{"h3index":"87b2c5706ffffff","population_2015":2244.1138534901,"total_built_mass_tons":229297.9639568059,"city_id":931,"country_iso":"CHL"},{"h3index":"87b2c5714ffffff","population_2015":27466.5235172646,"total_built_mass_tons":1828736.1738717789,"city_id":931,"country_iso":"CHL"},{"h3index":"87b2c5715ffffff","population_2015":4411.8655504171,"total_built_mass_tons":414778.3514788236,"city_id":931,"country_iso":"CHL"},{"h3index":"87b2c5716ffffff","population_2015":7735.8159272063,"total_built_mass_tons":627012.6898193143,"city_id":931,"country_iso":"CHL"},{"h3index":"87b2c5722ffffff","population_2015":2172.6701807209,"total_built_mass_tons":157644.2167997673,"city_id":931,"country_iso":"CHL"},{"h3index":"87b2c5723ffffff","population_2015":4690.7256867801,"total_built_mass_tons":504063.2704286722,"city_id":931,"country_iso":"CHL"},{"h3index":"87b2c5726ffffff","population_2015":340.4317248775,"total_built_mass_tons":112521.0567668515,"city_id":931,"country_iso":"CHL"},{"h3index":"87b2c5730ffffff","population_2015":41284.6822777842,"total_built_mass_tons":1983419.68440364,"city_id":931,"country_iso":"CHL"},{"h3index":"87b2c5731ffffff","population_2015":25260.7380443199,"total_built_mass_tons":1958749.6174264408,"city_id":931,"country_iso":"CHL"},{"h3index":"87b2c5732ffffff","population_2015":15400.07025139,"total_built_mass_tons":948354.3654400004,"city_id":931,"country_iso":"CHL"},{"h3index":"87b2c5733ffffff","population_2015":42704.9422271729,"total_built_mass_tons":2793147.9747825679,"city_id":931,"country_iso":"CHL"},{"h3index":"87b2c5734ffffff","population_2015":39687.9346002915,"total_built_mass_tons":2614386.3021782306,"city_id":931,"country_iso":"CHL"},{"h3index":"87b2c5735ffffff","population_2015":52541.6295269835,"total_built_mass_tons":3176644.275592247,"city_id":931,"country_iso":"CHL"},{"h3index":"87b2c5736ffffff","population_2015":43566.2629419514,"total_built_mass_tons":2764857.4452436534,"city_id":931,"country_iso":"CHL"},{"h3index":"87b2c57a6ffffff","population_2015":347.6997935426,"total_built_mass_tons":128395.4236597113,"city_id":931,"country_iso":"CHL"},{"h3index":"87b2c57b5ffffff","population_2015":606.2161014856,"total_built_mass_tons":76116.5894157692,"city_id":931,"country_iso":"CHL"},{"h3index":"87b2c5cc2ffffff","population_2015":134.5157646516,"total_built_mass_tons":79708.0253312153,"city_id":931,"country_iso":"CHL"},{"h3index":"87b2c5cd0ffffff","population_2015":1485.228278018,"total_built_mass_tons":1000984.2199603739,"city_id":931,"country_iso":"CHL"},{"h3index":"87b2c5cd1ffffff","population_2015":1474.0481191336,"total_built_mass_tons":1012227.9423342196,"city_id":931,"country_iso":"CHL"},{"h3index":"87b2c5cd3ffffff","population_2015":5098.10809576,"total_built_mass_tons":2041650.8524948617,"city_id":931,"country_iso":"CHL"},{"h3index":"87b2c5cd4ffffff","population_2015":164.7874831761,"total_built_mass_tons":63761.909279247,"city_id":931,"country_iso":"CHL"},{"h3index":"87b2c5cd5ffffff","population_2015":158.6355211295,"total_built_mass_tons":151196.0307044669,"city_id":931,"country_iso":"CHL"},{"h3index":"87b2c5cd6ffffff","population_2015":45.8968579068,"total_built_mass_tons":25664.369502375,"city_id":931,"country_iso":"CHL"},{"h3index":"87b2c5cd8ffffff","population_2015":2419.489608084,"total_built_mass_tons":404849.9081540366,"city_id":931,"country_iso":"CHL"},{"h3index":"87b2c5cd9ffffff","population_2015":5041.5770597271,"total_built_mass_tons":773155.8541312822,"city_id":931,"country_iso":"CHL"},{"h3index":"87b2c5cdaffffff","population_2015":12570.1472068039,"total_built_mass_tons":1691637.754925383,"city_id":931,"country_iso":"CHL"},{"h3index":"87b2c5cdbffffff","population_2015":8900.5184608235,"total_built_mass_tons":1773716.093006324,"city_id":931,"country_iso":"CHL"},{"h3index":"87b2c5cdeffffff","population_2015":12576.9000413371,"total_built_mass_tons":2603427.8494178643,"city_id":931,"country_iso":"CHL"}]