[{"h3index":"873012800ffffff","population_2015":1809.263945645,"total_built_mass_tons":699502.6818907474,"city_id":11586,"country_iso":"CHN"},{"h3index":"873012801ffffff","population_2015":70.6202062934,"total_built_mass_tons":87275.212293248,"city_id":11586,"country_iso":"CHN"},{"h3index":"873012802ffffff","population_2015":7628.965569297,"total_built_mass_tons":1785564.0988650154,"city_id":11586,"country_iso":"CHN"},{"h3index":"873012803ffffff","population_2015":6913.7320503235,"total_built_mass_tons":1339266.1863765432,"city_id":11586,"country_iso":"CHN"},{"h3index":"873012808ffffff","population_2015":980.9829973688,"total_built_mass_tons":458959.2713527175,"city_id":11586,"country_iso":"CHN"},{"h3index":"873012809ffffff","population_2015":190.9499790005,"total_built_mass_tons":105883.1738461284,"city_id":11586,"country_iso":"CHN"},{"h3index":"87301280affffff","population_2015":271.9938020893,"total_built_mass_tons":159134.7127504545,"city_id":11586,"country_iso":"CHN"},{"h3index":"87301280effffff","population_2015":2905.7824315819,"total_built_mass_tons":923560.3802806964,"city_id":11586,"country_iso":"CHN"},{"h3index":"873012810ffffff","population_2015":4.9144398184,"total_built_mass_tons":6572.6495983456,"city_id":11586,"country_iso":"CHN"},{"h3index":"873012811ffffff","population_2015":5258.7845212862,"total_built_mass_tons":1516236.9848183785,"city_id":11586,"country_iso":"CHN"},{"h3index":"873012812ffffff","population_2015":1682.3872593225,"total_built_mass_tons":836387.3912119655,"city_id":11586,"country_iso":"CHN"},{"h3index":"873012813ffffff","population_2015":9727.1430731325,"total_built_mass_tons":1742050.8024171535,"city_id":11586,"country_iso":"CHN"},{"h3index":"873012815ffffff","population_2015":122.8167150217,"total_built_mass_tons":91748.1498131693,"city_id":11586,"country_iso":"CHN"},{"h3index":"873012818ffffff","population_2015":4738.4269563357,"total_built_mass_tons":2317295.209589025,"city_id":11586,"country_iso":"CHN"},{"h3index":"873012819ffffff","population_2015":17.3872429829,"total_built_mass_tons":18213.9957634729,"city_id":11586,"country_iso":"CHN"},{"h3index":"87301281affffff","population_2015":9682.6379777086,"total_built_mass_tons":3688655.9495904464,"city_id":11586,"country_iso":"CHN"},{"h3index":"87301281bffffff","population_2015":1432.1093667937,"total_built_mass_tons":818105.7198187086,"city_id":11586,"country_iso":"CHN"},{"h3index":"87301281cffffff","population_2015":14000.4457303281,"total_built_mass_tons":3644062.3431922626,"city_id":11586,"country_iso":"CHN"},{"h3index":"87301281dffffff","population_2015":874.5027645756,"total_built_mass_tons":456913.1337113702,"city_id":11586,"country_iso":"CHN"},{"h3index":"87301281effffff","population_2015":24807.4490145552,"total_built_mass_tons":3928516.1076598871,"city_id":11586,"country_iso":"CHN"},{"h3index":"873012885ffffff","population_2015":0.6215909079,"total_built_mass_tons":2093.9160374457,"city_id":11586,"country_iso":"CHN"},{"h3index":"8730128a1ffffff","population_2015":934.4113409472,"total_built_mass_tons":476039.1257533371,"city_id":11586,"country_iso":"CHN"},{"h3index":"8730128a3ffffff","population_2015":10.3961286592,"total_built_mass_tons":13209.2821784375,"city_id":11586,"country_iso":"CHN"},{"h3index":"8730128a8ffffff","population_2015":9008.5907520023,"total_built_mass_tons":2635558.5609744219,"city_id":11586,"country_iso":"CHN"},{"h3index":"8730128a9ffffff","population_2015":10196.4779978864,"total_built_mass_tons":2621286.0568328821,"city_id":11586,"country_iso":"CHN"},{"h3index":"8730128aaffffff","population_2015":46.6412881907,"total_built_mass_tons":85619.6071302793,"city_id":11586,"country_iso":"CHN"},{"h3index":"8730128abffffff","population_2015":1048.4589107233,"total_built_mass_tons":768648.4272585113,"city_id":11586,"country_iso":"CHN"},{"h3index":"8730128acffffff","population_2015":9271.0483949792,"total_built_mass_tons":1932829.4652155428,"city_id":11586,"country_iso":"CHN"},{"h3index":"8730128adffffff","population_2015":30896.5232754577,"total_built_mass_tons":5535404.5308399964,"city_id":11586,"country_iso":"CHN"},{"h3index":"8730128aeffffff","population_2015":2637.2528969045,"total_built_mass_tons":795120.2424822144,"city_id":11586,"country_iso":"CHN"},{"h3index":"8730128f4ffffff","population_2015":1375.5666089423,"total_built_mass_tons":663311.1657918263,"city_id":11586,"country_iso":"CHN"},{"h3index":"8730128f5ffffff","population_2015":420.7268641958,"total_built_mass_tons":256459.5829440271,"city_id":11586,"country_iso":"CHN"}]