[{"h3index": "872830091ffffff", "population_2015": 2143.8336354718485, "total_built_mass_tons": 225617.31337058503, "city_id": 30, "country_iso": "USA"}, {"h3index": "872830093ffffff", "population_2015": 8176.771696620125, "total_built_mass_tons": 2634984.7531596688, "city_id": 30, "country_iso": "USA"}, {"h3index": "872830098ffffff", "population_2015": 2213.7704487966557, "total_built_mass_tons": 882043.5991435434, "city_id": 30, "country_iso": "USA"}, {"h3index": "87283009affffff", "population_2015": 9488.78423477902, "total_built_mass_tons": 4062573.523111923, "city_id": 30, "country_iso": "USA"}, {"h3index": "87283009bffffff", "population_2015": 6729.224917202836, "total_built_mass_tons": 2659874.4133038777, "city_id": 30, "country_iso": "USA"}, {"h3index": "87283009effffff", "population_2015": 9705.775357900624, "total_built_mass_tons": 2276275.561592143, "city_id": 30, "country_iso": "USA"}, {"h3index": "872830468ffffff", "population_2015": 3876.787439012864, "total_built_mass_tons": 1544103.5036645676, "city_id": 30, "country_iso": "USA"}, {"h3index": "872830469ffffff", "population_2015": 3756.4564879276886, "total_built_mass_tons": 2482862.34875599, "city_id": 30, "country_iso": "USA"}, {"h3index": "87283046bffffff", "population_2015": 501.3289046032757, "total_built_mass_tons": 319590.06335130637, "city_id": 30, "country_iso": "USA"}, {"h3index": "87283046cffffff", "population_2015": 3929.191399782546, "total_built_mass_tons": 1120248.414328813, "city_id": 30, "country_iso": "USA"}, {"h3index": "87283046dffffff", "population_2015": 13699.418661396585, "total_built_mass_tons": 4342521.7512687165, "city_id": 30, "country_iso": "USA"}, {"h3index": "872830734ffffff", "population_2015": 264.42120149679045, "total_built_mass_tons": 83489.58841539455, "city_id": 30, "country_iso": "USA"}, {"h3index": "872830735ffffff", "population_2015": 45.25041356180229, "total_built_mass_tons": 21487.012092532394, "city_id": 30, "country_iso": "USA"}]