[{"h3index":"873184d60ffffff","population_2015":25.2026802194,"total_built_mass_tons":10382.1251945111,"city_id":10445,"country_iso":"CHN"},{"h3index":"873184d64ffffff","population_2015":30.2130671562,"total_built_mass_tons":29878.0154244552,"city_id":10445,"country_iso":"CHN"},{"h3index":"873184d66ffffff","population_2015":668.6080071449,"total_built_mass_tons":405512.6485864197,"city_id":10445,"country_iso":"CHN"},{"h3index":"873184d74ffffff","population_2015":502.8732723255,"total_built_mass_tons":276785.3682373811,"city_id":10445,"country_iso":"CHN"},{"h3index":"8731a26d8ffffff","population_2015":5824.3792047239,"total_built_mass_tons":1600016.5178598608,"city_id":10445,"country_iso":"CHN"},{"h3index":"8731a26d9ffffff","population_2015":624.7836420377,"total_built_mass_tons":161602.1625483364,"city_id":10445,"country_iso":"CHN"},{"h3index":"8731a26daffffff","population_2015":5871.6272765122,"total_built_mass_tons":1932509.7085456029,"city_id":10445,"country_iso":"CHN"},{"h3index":"8731a26dbffffff","population_2015":10411.6209340245,"total_built_mass_tons":2970075.9153732015,"city_id":10445,"country_iso":"CHN"}]