[{"h3index":"872d04520ffffff","population_2015":2496.0060860989,"total_built_mass_tons":657765.5903770227,"city_id":3772,"country_iso":"TUR"},{"h3index":"872d04521ffffff","population_2015":113.9413894354,"total_built_mass_tons":22476.7879319358,"city_id":3772,"country_iso":"TUR"},{"h3index":"872d04524ffffff","population_2015":146.0098121344,"total_built_mass_tons":59898.7691935619,"city_id":3772,"country_iso":"TUR"},{"h3index":"872d04525ffffff","population_2015":21399.4021137574,"total_built_mass_tons":3403033.3083410077,"city_id":3772,"country_iso":"TUR"},{"h3index":"872d04c8bffffff","population_2015":4740.878914504,"total_built_mass_tons":754907.0925237273,"city_id":3772,"country_iso":"TUR"},{"h3index":"872d04cd0ffffff","population_2015":154.5932957556,"total_built_mass_tons":129048.5710363392,"city_id":3772,"country_iso":"TUR"},{"h3index":"872d04cd1ffffff","population_2015":20.0835246292,"total_built_mass_tons":63497.3376228239,"city_id":3772,"country_iso":"TUR"},{"h3index":"872d04cd2ffffff","population_2015":3805.4824616367,"total_built_mass_tons":1151393.1600569338,"city_id":3772,"country_iso":"TUR"},{"h3index":"872d04cd3ffffff","population_2015":4683.3980958864,"total_built_mass_tons":1680018.7624910818,"city_id":3772,"country_iso":"TUR"},{"h3index":"872d04cd6ffffff","population_2015":12283.1010095634,"total_built_mass_tons":2199931.7183707105,"city_id":3772,"country_iso":"TUR"},{"h3index":"872d04cdeffffff","population_2015":13.182431221,"total_built_mass_tons":48941.1791732765,"city_id":3772,"country_iso":"TUR"}]