[{"h3index":"871e12404ffffff","population_2015":323.0697434016,"total_built_mass_tons":111030.9410866143,"city_id":2933,"country_iso":"ITA"},{"h3index":"871e12406ffffff","population_2015":426.1081777741,"total_built_mass_tons":456621.1182797879,"city_id":2933,"country_iso":"ITA"},{"h3index":"871e12422ffffff","population_2015":3564.3235793273,"total_built_mass_tons":699796.3232951453,"city_id":2933,"country_iso":"ITA"},{"h3index":"871e12426ffffff","population_2015":6587.2320519078,"total_built_mass_tons":979228.8849493788,"city_id":2933,"country_iso":"ITA"},{"h3index":"871e12430ffffff","population_2015":9232.3664789672,"total_built_mass_tons":3295973.1762912944,"city_id":2933,"country_iso":"ITA"},{"h3index":"871e12431ffffff","population_2015":10572.3510611322,"total_built_mass_tons":5017438.7644573506,"city_id":2933,"country_iso":"ITA"},{"h3index":"871e12432ffffff","population_2015":4031.4754601128,"total_built_mass_tons":1364786.0196934263,"city_id":2933,"country_iso":"ITA"},{"h3index":"871e12433ffffff","population_2015":1465.509077803,"total_built_mass_tons":1870850.2462474024,"city_id":2933,"country_iso":"ITA"},{"h3index":"871e12434ffffff","population_2015":19200.6150349274,"total_built_mass_tons":5942449.933749482,"city_id":2933,"country_iso":"ITA"},{"h3index":"871e12435ffffff","population_2015":28473.0041670279,"total_built_mass_tons":5480336.1790421093,"city_id":2933,"country_iso":"ITA"},{"h3index":"871e12436ffffff","population_2015":82.8961046144,"total_built_mass_tons":48091.9996737481,"city_id":2933,"country_iso":"ITA"},{"h3index":"871e12518ffffff","population_2015":11236.1122988853,"total_built_mass_tons":2598768.0481092408,"city_id":2933,"country_iso":"ITA"},{"h3index":"871e12519ffffff","population_2015":16.2999678976,"total_built_mass_tons":15053.5084993823,"city_id":2933,"country_iso":"ITA"},{"h3index":"871e1251affffff","population_2015":2854.5944886583,"total_built_mass_tons":1436026.2643975709,"city_id":2933,"country_iso":"ITA"},{"h3index":"871e1251bffffff","population_2015":51591.7731804616,"total_built_mass_tons":9435745.1635438018,"city_id":2933,"country_iso":"ITA"},{"h3index":"871e1251cffffff","population_2015":1006.1134399049,"total_built_mass_tons":334643.0581314568,"city_id":2933,"country_iso":"ITA"},{"h3index":"871e125a9ffffff","population_2015":4.8244054968,"total_built_mass_tons":174784.229710754,"city_id":2933,"country_iso":"ITA"}]