[{"h3index": "8748e8090ffffff", "population_2015": 7104.920993568627, "total_built_mass_tons": 3692136.7667953926, "city_id": 84, "country_iso": "USA"}, {"h3index": "8748e8091ffffff", "population_2015": 2874.028073941143, "total_built_mass_tons": 1350612.3423614292, "city_id": 84, "country_iso": "USA"}, {"h3index": "8748e8092ffffff", "population_2015": 5975.905868787713, "total_built_mass_tons": 2982707.1237946413, "city_id": 84, "country_iso": "USA"}, {"h3index": "8748e8093ffffff", "population_2015": 6105.808121026261, "total_built_mass_tons": 2371145.75711463, "city_id": 84, "country_iso": "USA"}, {"h3index": "8748e8094ffffff", "population_2015": 1681.535978666529, "total_built_mass_tons": 1188425.712238034, "city_id": 84, "country_iso": "USA"}, {"h3index": "8748e8096ffffff", "population_2015": 6090.437194683038, "total_built_mass_tons": 3664702.538017015, "city_id": 84, "country_iso": "USA"}, {"h3index": "8748e8098ffffff", "population_2015": 777.442385481152, "total_built_mass_tons": 193093.050893314, "city_id": 84, "country_iso": "USA"}, {"h3index": "8748e809effffff", "population_2015": 3913.15238755731, "total_built_mass_tons": 1216248.3444183115, "city_id": 84, "country_iso": "USA"}, {"h3index": "8748e8420ffffff", "population_2015": 255.48995687307095, "total_built_mass_tons": 162738.669261734, "city_id": 84, "country_iso": "USA"}, {"h3index": "8748e8421ffffff", "population_2015": 2532.2148263131867, "total_built_mass_tons": 1544292.8048871264, "city_id": 84, "country_iso": "USA"}, {"h3index": "8748e8424ffffff", "population_2015": 9145.020428031336, "total_built_mass_tons": 3916259.9312734697, "city_id": 84, "country_iso": "USA"}, {"h3index": "8748e8425ffffff", "population_2015": 7738.229957340626, "total_built_mass_tons": 3566854.473658079, "city_id": 84, "country_iso": "USA"}, {"h3index": "8748e8426ffffff", "population_2015": 1257.6847131593554, "total_built_mass_tons": 696637.7487213132, "city_id": 84, "country_iso": "USA"}, {"h3index": "8748e8429ffffff", "population_2015": 1244.5020745645556, "total_built_mass_tons": 1465026.9853315025, "city_id": 84, "country_iso": "USA"}, {"h3index": "8748e842bffffff", "population_2015": 2.052374172210693, "total_built_mass_tons": 5437.02927261138, "city_id": 84, "country_iso": "USA"}, {"h3index": "8748e842cffffff", "population_2015": 266.00054036893096, "total_built_mass_tons": 370316.5960824952, "city_id": 84, "country_iso": "USA"}, {"h3index": "8748e842dffffff", "population_2015": 76.208639830234, "total_built_mass_tons": 122905.7235970046, "city_id": 84, "country_iso": "USA"}, {"h3index": "8748e8460ffffff", "population_2015": 2361.947302509684, "total_built_mass_tons": 2838586.98066969, "city_id": 84, "country_iso": "USA"}, {"h3index": "8748e8461ffffff", "population_2015": 3326.1788188658497, "total_built_mass_tons": 3190381.239236805, "city_id": 84, "country_iso": "USA"}, {"h3index": "8748e8463ffffff", "population_2015": 2187.6246733698185, "total_built_mass_tons": 1347885.0793864874, "city_id": 84, "country_iso": "USA"}, {"h3index": "8748e8464ffffff", "population_2015": 4482.510210123308, "total_built_mass_tons": 2840239.0518851774, "city_id": 84, "country_iso": "USA"}, {"h3index": "8748e8465ffffff", "population_2015": 2946.1500638625207, "total_built_mass_tons": 3824805.9451223584, "city_id": 84, "country_iso": "USA"}, {"h3index": "8748e8466ffffff", "population_2015": 1836.940313488713, "total_built_mass_tons": 2366972.7929363092, "city_id": 84, "country_iso": "USA"}, {"h3index": "8748e846cffffff", "population_2015": 654.9695925082355, "total_built_mass_tons": 524513.5958130312, "city_id": 84, "country_iso": "USA"}, {"h3index": "8748e846effffff", "population_2015": 419.4361444195111, "total_built_mass_tons": 503099.8177759478, "city_id": 84, "country_iso": "USA"}, {"h3index": "8748e8474ffffff", "population_2015": 1771.36815082536, "total_built_mass_tons": 1653259.6813400458, "city_id": 84, "country_iso": "USA"}, {"h3index": "8748e8475ffffff", "population_2015": 12.676229254638448, "total_built_mass_tons": 18935.824170758537, "city_id": 84, "country_iso": "USA"}, {"h3index": "8748e8501ffffff", "population_2015": 221.94524385298, "total_built_mass_tons": 101608.20281407837, "city_id": 84, "country_iso": "USA"}, {"h3index": "8748e8503ffffff", "population_2015": 1416.5814049204191, "total_built_mass_tons": 580470.7072219164, "city_id": 84, "country_iso": "USA"}, {"h3index": "8748e8508ffffff", "population_2015": 10692.528274047982, "total_built_mass_tons": 3948582.8970956006, "city_id": 84, "country_iso": "USA"}, {"h3index": "8748e8509ffffff", "population_2015": 8902.612268519402, "total_built_mass_tons": 4227268.3415929265, "city_id": 84, "country_iso": "USA"}, {"h3index": "8748e850affffff", "population_2015": 8679.585227051788, "total_built_mass_tons": 3626491.03473473, "city_id": 84, "country_iso": "USA"}, {"h3index": "8748e850bffffff", "population_2015": 10040.734948145597, "total_built_mass_tons": 3575216.788972673, "city_id": 84, "country_iso": "USA"}, {"h3index": "8748e850cffffff", "population_2015": 8056.019714921011, "total_built_mass_tons": 2872655.982500848, "city_id": 84, "country_iso": "USA"}, {"h3index": "8748e850dffffff", "population_2015": 10911.048364364866, "total_built_mass_tons": 3454044.2089080377, "city_id": 84, "country_iso": "USA"}, {"h3index": "8748e850effffff", "population_2015": 6246.079568876702, "total_built_mass_tons": 2447156.086502394, "city_id": 84, "country_iso": "USA"}, {"h3index": "8748e8518ffffff", "population_2015": 1240.385792627288, "total_built_mass_tons": 1063698.3729192023, "city_id": 84, "country_iso": "USA"}, {"h3index": "8748e8519ffffff", "population_2015": 8013.296018525664, "total_built_mass_tons": 3532390.37650689, "city_id": 84, "country_iso": "USA"}, {"h3index": "8748e851bffffff", "population_2015": 240.90368467896593, "total_built_mass_tons": 154862.74160332407, "city_id": 84, "country_iso": "USA"}, {"h3index": "8748e851dffffff", "population_2015": 6523.083502437086, "total_built_mass_tons": 3174306.6243953514, "city_id": 84, "country_iso": "USA"}, {"h3index": "8748e8529ffffff", "population_2015": 1.0742177974524014, "total_built_mass_tons": 134390.17091620807, "city_id": 84, "country_iso": "USA"}, {"h3index": "8748e8540ffffff", "population_2015": 15390.809814367283, "total_built_mass_tons": 5488119.730635681, "city_id": 84, "country_iso": "USA"}, {"h3index": "8748e8541ffffff", "population_2015": 12909.137773427396, "total_built_mass_tons": 4249342.494380856, "city_id": 84, "country_iso": "USA"}, {"h3index": "8748e8542ffffff", "population_2015": 12393.545892902215, "total_built_mass_tons": 4765501.565521734, "city_id": 84, "country_iso": "USA"}, {"h3index": "8748e8543ffffff", "population_2015": 10691.731336661442, "total_built_mass_tons": 4247118.697571052, "city_id": 84, "country_iso": "USA"}, {"h3index": "8748e8544ffffff", "population_2015": 6706.062098491152, "total_built_mass_tons": 4198635.061006062, "city_id": 84, "country_iso": "USA"}, {"h3index": "8748e8545ffffff", "population_2015": 6850.730797104394, "total_built_mass_tons": 4347982.75339255, "city_id": 84, "country_iso": "USA"}, {"h3index": "8748e8546ffffff", "population_2015": 7289.945226992932, "total_built_mass_tons": 4171871.61852419, "city_id": 84, "country_iso": "USA"}, {"h3index": "8748e8548ffffff", "population_2015": 10672.227990956992, "total_built_mass_tons": 4135460.194928444, "city_id": 84, "country_iso": "USA"}, {"h3index": "8748e8549ffffff", "population_2015": 5976.94174980163, "total_built_mass_tons": 3163756.3110424792, "city_id": 84, "country_iso": "USA"}, {"h3index": "8748e854affffff", "population_2015": 3855.286716697928, "total_built_mass_tons": 3261496.795341418, "city_id": 84, "country_iso": "USA"}, {"h3index": "8748e854bffffff", "population_2015": 4450.023653188408, "total_built_mass_tons": 3067277.0843597245, "city_id": 84, "country_iso": "USA"}, {"h3index": "8748e854cffffff", "population_2015": 6022.8170965272775, "total_built_mass_tons": 3490570.9572806503, "city_id": 84, "country_iso": "USA"}, {"h3index": "8748e854dffffff", "population_2015": 106.63347542942525, "total_built_mass_tons": 1377013.2678512512, "city_id": 84, "country_iso": "USA"}, {"h3index": "8748e854effffff", "population_2015": 13522.217391918157, "total_built_mass_tons": 3885039.146217083, "city_id": 84, "country_iso": "USA"}, {"h3index": "8748e8550ffffff", "population_2015": 9594.280669801605, "total_built_mass_tons": 4421106.973589283, "city_id": 84, "country_iso": "USA"}, {"h3index": "8748e8551ffffff", "population_2015": 12401.959525993992, "total_built_mass_tons": 4120720.2033582134, "city_id": 84, "country_iso": "USA"}, {"h3index": "8748e8552ffffff", "population_2015": 3070.8239163855137, "total_built_mass_tons": 2523778.55600965, "city_id": 84, "country_iso": "USA"}, {"h3index": "8748e8553ffffff", "population_2015": 566.3903198465705, "total_built_mass_tons": 515522.4110776752, "city_id": 84, "country_iso": "USA"}, {"h3index": "8748e8554ffffff", "population_2015": 8589.116848391173, "total_built_mass_tons": 4428207.748462757, "city_id": 84, "country_iso": "USA"}, {"h3index": "8748e8555ffffff", "population_2015": 12799.650259755992, "total_built_mass_tons": 4821338.900312168, "city_id": 84, "country_iso": "USA"}, {"h3index": "8748e8556ffffff", "population_2015": 8756.925787397402, "total_built_mass_tons": 4392807.186036984, "city_id": 84, "country_iso": "USA"}, {"h3index": "8748e8558ffffff", "population_2015": 18.921048367724698, "total_built_mass_tons": 39184.66355504296, "city_id": 84, "country_iso": "USA"}, {"h3index": "8748e8559ffffff", "population_2015": 1653.5915023605037, "total_built_mass_tons": 2004979.9675633255, "city_id": 84, "country_iso": "USA"}, {"h3index": "8748e855affffff", "population_2015": 3167.082943635362, "total_built_mass_tons": 1829682.392773515, "city_id": 84, "country_iso": "USA"}, {"h3index": "8748e855bffffff", "population_2015": 1594.9473286123828, "total_built_mass_tons": 1325580.472410475, "city_id": 84, "country_iso": "USA"}, {"h3index": "8748e855cffffff", "population_2015": 7073.802076948069, "total_built_mass_tons": 2979097.7607908207, "city_id": 84, "country_iso": "USA"}, {"h3index": "8748e855dffffff", "population_2015": 10262.8571718504, "total_built_mass_tons": 3341785.11653636, "city_id": 84, "country_iso": "USA"}, {"h3index": "8748e855effffff", "population_2015": 3.560567818465186, "total_built_mass_tons": 22448.099862036877, "city_id": 84, "country_iso": "USA"}, {"h3index": "8748e8560ffffff", "population_2015": 8364.380905929644, "total_built_mass_tons": 2996512.789683932, "city_id": 84, "country_iso": "USA"}, {"h3index": "8748e8561ffffff", "population_2015": 1977.7469800569256, "total_built_mass_tons": 762609.2830477078, "city_id": 84, "country_iso": "USA"}, {"h3index": "8748e8562ffffff", "population_2015": 5735.499055750353, "total_built_mass_tons": 3592206.0418258514, "city_id": 84, "country_iso": "USA"}, {"h3index": "8748e8563ffffff", "population_2015": 6176.04743342642, "total_built_mass_tons": 2673259.428618499, "city_id": 84, "country_iso": "USA"}, {"h3index": "8748e8564ffffff", "population_2015": 9683.810899248252, "total_built_mass_tons": 3562754.3006458813, "city_id": 84, "country_iso": "USA"}, {"h3index": "8748e8565ffffff", "population_2015": 6588.611775826534, "total_built_mass_tons": 1775876.2591136468, "city_id": 84, "country_iso": "USA"}, {"h3index": "8748e8566ffffff", "population_2015": 10381.703863429548, "total_built_mass_tons": 3909274.408316259, "city_id": 84, "country_iso": "USA"}, {"h3index": "8748e8568ffffff", "population_2015": 1331.3289365682897, "total_built_mass_tons": 1000631.9290992311, "city_id": 84, "country_iso": "USA"}, {"h3index": "8748e8569ffffff", "population_2015": 550.1325295890518, "total_built_mass_tons": 821861.669862775, "city_id": 84, "country_iso": "USA"}, {"h3index": "8748e856affffff", "population_2015": 7020.611971289014, "total_built_mass_tons": 3404732.6291885427, "city_id": 84, "country_iso": "USA"}, {"h3index": "8748e856bffffff", "population_2015": 4180.5682583409225, "total_built_mass_tons": 2094717.0829786095, "city_id": 84, "country_iso": "USA"}, {"h3index": "8748e856effffff", "population_2015": 1711.332106554274, "total_built_mass_tons": 724116.1029562106, "city_id": 84, "country_iso": "USA"}, {"h3index": "8748e8570ffffff", "population_2015": 2775.2797375990485, "total_built_mass_tons": 2516341.9808358336, "city_id": 84, "country_iso": "USA"}, {"h3index": "8748e8571ffffff", "population_2015": 9055.19315747479, "total_built_mass_tons": 3946143.966396669, "city_id": 84, "country_iso": "USA"}, {"h3index": "8748e8572ffffff", "population_2015": 9857.04388527356, "total_built_mass_tons": 3537762.0363537543, "city_id": 84, "country_iso": "USA"}, {"h3index": "8748e8573ffffff", "population_2015": 7543.243141735068, "total_built_mass_tons": 3531033.841119478, "city_id": 84, "country_iso": "USA"}, {"h3index": "8748e8574ffffff", "population_2015": 202.9063071473102, "total_built_mass_tons": 3134810.782746521, "city_id": 84, "country_iso": "USA"}, {"h3index": "8748e8575ffffff", "population_2015": 2005.2657535116753, "total_built_mass_tons": 3215407.108044116, "city_id": 84, "country_iso": "USA"}, {"h3index": "8748e8576ffffff", "population_2015": 1009.174309182167, "total_built_mass_tons": 2113429.4002717906, "city_id": 84, "country_iso": "USA"}, {"h3index": "8748e8ccaffffff", "population_2015": 9387.650984887816, "total_built_mass_tons": 2854023.43943707, "city_id": 84, "country_iso": "USA"}, {"h3index": "8748e8ccbffffff", "population_2015": 432.934905165317, "total_built_mass_tons": 172571.68005290497, "city_id": 84, "country_iso": "USA"}, {"h3index": "8748e8cd8ffffff", "population_2015": 532.7824731137093, "total_built_mass_tons": 2642220.2640610514, "city_id": 84, "country_iso": "USA"}, {"h3index": "8748e8cd9ffffff", "population_2015": 11772.74518428236, "total_built_mass_tons": 3253322.9656808, "city_id": 84, "country_iso": "USA"}, {"h3index": "8748e8cdaffffff", "population_2015": 6412.062772546513, "total_built_mass_tons": 1971249.395283986, "city_id": 84, "country_iso": "USA"}, {"h3index": "8748e8cdbffffff", "population_2015": 11885.39843237196, "total_built_mass_tons": 3814406.226062987, "city_id": 84, "country_iso": "USA"}, {"h3index": "8748e8cddffffff", "population_2015": 2853.489415876304, "total_built_mass_tons": 2698393.0171216815, "city_id": 84, "country_iso": "USA"}]