[{"h3index": "87411e030ffffff", "population_2015": 2931.627344383679, "total_built_mass_tons": 586115.5590878187, "city_id": 12276, "country_iso": "CHN"}, {"h3index": "87411e032ffffff", "population_2015": 2656.546058870764, "total_built_mass_tons": 1312854.5318123428, "city_id": 12276, "country_iso": "CHN"}, {"h3index": "87411e034ffffff", "population_2015": 20817.493877769924, "total_built_mass_tons": 954052.9062039424, "city_id": 12276, "country_iso": "CHN"}, {"h3index": "87411e035ffffff", "population_2015": 2446.3802143209123, "total_built_mass_tons": 253176.3355539386, "city_id": 12276, "country_iso": "CHN"}, {"h3index": "87411e036ffffff", "population_2015": 11702.546802552306, "total_built_mass_tons": 5142716.004771349, "city_id": 12276, "country_iso": "CHN"}, {"h3index": "87411e108ffffff", "population_2015": 657.8658274326839, "total_built_mass_tons": 698304.1938995642, "city_id": 12276, "country_iso": "CHN"}, {"h3index": "87411e10affffff", "population_2015": 5372.88440243964, "total_built_mass_tons": 1254399.3630583314, "city_id": 12276, "country_iso": "CHN"}, {"h3index": "87411e10effffff", "population_2015": 5480.618415832989, "total_built_mass_tons": 2402598.736732232, "city_id": 12276, "country_iso": "CHN"}, {"h3index": "87411e113ffffff", "population_2015": 11.10870546359642, "total_built_mass_tons": 26692.10038308834, "city_id": 12276, "country_iso": "CHN"}, {"h3index": "87411e118ffffff", "population_2015": 9880.667657466964, "total_built_mass_tons": 2534867.414641862, "city_id": 12276, "country_iso": "CHN"}, {"h3index": "87411e119ffffff", "population_2015": 1338.1922666886271, "total_built_mass_tons": 286576.22134191374, "city_id": 12276, "country_iso": "CHN"}, {"h3index": "87411e11affffff", "population_2015": 42496.24606996611, "total_built_mass_tons": 1214800.1332313078, "city_id": 12276, "country_iso": "CHN"}, {"h3index": "87411e11bffffff", "population_2015": 3179.7908348083492, "total_built_mass_tons": 784344.5245245697, "city_id": 12276, "country_iso": "CHN"}, {"h3index": "87411e11dffffff", "population_2015": 3362.7950431730233, "total_built_mass_tons": 1101038.4166980456, "city_id": 12276, "country_iso": "CHN"}, {"h3index": "87411e11effffff", "population_2015": 1494.0624026223727, "total_built_mass_tons": 263311.7402348511, "city_id": 12276, "country_iso": "CHN"}, {"h3index": "87411e188ffffff", "population_2015": 1527.1486543122464, "total_built_mass_tons": 2951821.872365983, "city_id": 12276, "country_iso": "CHN"}, {"h3index": "87411e189ffffff", "population_2015": 1936.334550807055, "total_built_mass_tons": 820470.5639463714, "city_id": 12276, "country_iso": "CHN"}, {"h3index": "87411e18cffffff", "population_2015": 4479.521006517785, "total_built_mass_tons": 3383248.288051224, "city_id": 12276, "country_iso": "CHN"}, {"h3index": "87411e18dffffff", "population_2015": 12740.808615508737, "total_built_mass_tons": 12196366.304678824, "city_id": 12276, "country_iso": "CHN"}, {"h3index": "87411e18effffff", "population_2015": 249.705603204989, "total_built_mass_tons": 504828.6277381788, "city_id": 12276, "country_iso": "CHN"}, {"h3index": "87411e1a9ffffff", "population_2015": 9706.172560040157, "total_built_mass_tons": 3035401.8641036153, "city_id": 12276, "country_iso": "CHN"}, {"h3index": "87411e1abffffff", "population_2015": 4517.635066141566, "total_built_mass_tons": 4269702.2031450495, "city_id": 12276, "country_iso": "CHN"}, {"h3index": "87411e1acffffff", "population_2015": 204.59129865122773, "total_built_mass_tons": 118742.89285730198, "city_id": 12276, "country_iso": "CHN"}, {"h3index": "87411e1adffffff", "population_2015": 4306.3260359917185, "total_built_mass_tons": 1406232.816723332, "city_id": 12276, "country_iso": "CHN"}]