[{"h3index": "8712e1240ffffff", "population_2015": 613.9601043892843, "total_built_mass_tons": 323927.1928228661, "city_id": 403, "country_iso": "CAN"}, {"h3index": "8712e1241ffffff", "population_2015": 2191.0820725412927, "total_built_mass_tons": 749162.9453332194, "city_id": 403, "country_iso": "CAN"}, {"h3index": "8712e1244ffffff", "population_2015": 9197.61311618347, "total_built_mass_tons": 3114351.7781166225, "city_id": 403, "country_iso": "CAN"}, {"h3index": "8712e1245ffffff", "population_2015": 391.7170540787426, "total_built_mass_tons": 454880.61800742056, "city_id": 403, "country_iso": "CAN"}, {"h3index": "8712e1246ffffff", "population_2015": 2903.1950681625626, "total_built_mass_tons": 766508.1285507515, "city_id": 403, "country_iso": "CAN"}, {"h3index": "8712e1248ffffff", "population_2015": 1382.352805545283, "total_built_mass_tons": 328879.9235825583, "city_id": 403, "country_iso": "CAN"}, {"h3index": "8712e1249ffffff", "population_2015": 542.5934511296888, "total_built_mass_tons": 192351.782757672, "city_id": 403, "country_iso": "CAN"}, {"h3index": "8712e124cffffff", "population_2015": 12465.23198229846, "total_built_mass_tons": 3707067.967160294, "city_id": 403, "country_iso": "CAN"}, {"h3index": "8712e124dffffff", "population_2015": 4656.493926238778, "total_built_mass_tons": 2107789.799633723, "city_id": 403, "country_iso": "CAN"}, {"h3index": "8712e124effffff", "population_2015": 1.1289305612152698, "total_built_mass_tons": 5099.939646002505, "city_id": 403, "country_iso": "CAN"}, {"h3index": "8712e1260ffffff", "population_2015": 17500.98230004217, "total_built_mass_tons": 4926984.023877262, "city_id": 403, "country_iso": "CAN"}, {"h3index": "8712e1261ffffff", "population_2015": 10909.425342581551, "total_built_mass_tons": 3902513.155674723, "city_id": 403, "country_iso": "CAN"}, {"h3index": "8712e1262ffffff", "population_2015": 6875.972113834408, "total_built_mass_tons": 2182656.5713817137, "city_id": 403, "country_iso": "CAN"}, {"h3index": "8712e1263ffffff", "population_2015": 14759.684903724525, "total_built_mass_tons": 4052369.896072907, "city_id": 403, "country_iso": "CAN"}, {"h3index": "8712e1264ffffff", "population_2015": 920.5021932772272, "total_built_mass_tons": 4654809.533904772, "city_id": 403, "country_iso": "CAN"}, {"h3index": "8712e1265ffffff", "population_2015": 13539.836628098345, "total_built_mass_tons": 4824357.091701717, "city_id": 403, "country_iso": "CAN"}, {"h3index": "8712e1266ffffff", "population_2015": 2350.8257395482524, "total_built_mass_tons": 995907.466285422, "city_id": 403, "country_iso": "CAN"}, {"h3index": "8712e1268ffffff", "population_2015": 7003.610898208795, "total_built_mass_tons": 2711241.2460935507, "city_id": 403, "country_iso": "CAN"}, {"h3index": "8712e1269ffffff", "population_2015": 11994.176968794944, "total_built_mass_tons": 4206053.955764873, "city_id": 403, "country_iso": "CAN"}, {"h3index": "8712e126affffff", "population_2015": 9621.181571094194, "total_built_mass_tons": 3871179.944988168, "city_id": 403, "country_iso": "CAN"}, {"h3index": "8712e126bffffff", "population_2015": 7321.726967876564, "total_built_mass_tons": 2334201.3392472607, "city_id": 403, "country_iso": "CAN"}, {"h3index": "8712e126cffffff", "population_2015": 2549.7888365965277, "total_built_mass_tons": 1578992.8505288963, "city_id": 403, "country_iso": "CAN"}, {"h3index": "8712e126dffffff", "population_2015": 7755.798673572605, "total_built_mass_tons": 2899209.0008381894, "city_id": 403, "country_iso": "CAN"}, {"h3index": "8712e126effffff", "population_2015": 4693.979813053328, "total_built_mass_tons": 1982739.07443506, "city_id": 403, "country_iso": "CAN"}, {"h3index": "8712e1271ffffff", "population_2015": 4864.453676674762, "total_built_mass_tons": 1657352.3638769286, "city_id": 403, "country_iso": "CAN"}, {"h3index": "8712e1275ffffff", "population_2015": 1677.7622579665456, "total_built_mass_tons": 565092.8466929987, "city_id": 403, "country_iso": "CAN"}, {"h3index": "8712e1341ffffff", "population_2015": 4523.676850527526, "total_built_mass_tons": 1831577.2355798972, "city_id": 403, "country_iso": "CAN"}, {"h3index": "8712e1344ffffff", "population_2015": 2055.90901913035, "total_built_mass_tons": 593664.6279352726, "city_id": 403, "country_iso": "CAN"}, {"h3index": "8712e1345ffffff", "population_2015": 4406.102833965715, "total_built_mass_tons": 2138358.0964858597, "city_id": 403, "country_iso": "CAN"}, {"h3index": "8712e1348ffffff", "population_2015": 10.561523251235483, "total_built_mass_tons": 4196367.701151898, "city_id": 403, "country_iso": "CAN"}, {"h3index": "8712e1349ffffff", "population_2015": 2931.7290248261947, "total_built_mass_tons": 5418918.3026784165, "city_id": 403, "country_iso": "CAN"}, {"h3index": "8712e134affffff", "population_2015": 67.66234940781314, "total_built_mass_tons": 3884262.6842253087, "city_id": 403, "country_iso": "CAN"}, {"h3index": "8712e134bffffff", "population_2015": 4414.3554664041485, "total_built_mass_tons": 5527413.960384448, "city_id": 403, "country_iso": "CAN"}, {"h3index": "8712e134cffffff", "population_2015": 700.5678449065078, "total_built_mass_tons": 1703949.3561681332, "city_id": 403, "country_iso": "CAN"}, {"h3index": "8712e134dffffff", "population_2015": 1612.5393164344864, "total_built_mass_tons": 4798097.02389401, "city_id": 403, "country_iso": "CAN"}, {"h3index": "8712e134effffff", "population_2015": 1.605651454788213, "total_built_mass_tons": 67554.0656272346, "city_id": 403, "country_iso": "CAN"}, {"h3index": "8712e1361ffffff", "population_2015": 3826.3008389359297, "total_built_mass_tons": 1402867.6823759358, "city_id": 403, "country_iso": "CAN"}, {"h3index": "8712e1362ffffff", "population_2015": 27.570561835111356, "total_built_mass_tons": 47769.18731935488, "city_id": 403, "country_iso": "CAN"}, {"h3index": "8712e1363ffffff", "population_2015": 8312.926611975126, "total_built_mass_tons": 3028496.0497541735, "city_id": 403, "country_iso": "CAN"}, {"h3index": "8712e1368ffffff", "population_2015": 7404.088354628928, "total_built_mass_tons": 3567936.6434049183, "city_id": 403, "country_iso": "CAN"}, {"h3index": "8712e1369ffffff", "population_2015": 5936.370428350392, "total_built_mass_tons": 2901585.6535966536, "city_id": 403, "country_iso": "CAN"}, {"h3index": "8712e136affffff", "population_2015": 8245.13153998758, "total_built_mass_tons": 3676940.0846835994, "city_id": 403, "country_iso": "CAN"}, {"h3index": "8712e136bffffff", "population_2015": 909.2431353475532, "total_built_mass_tons": 1159627.030326501, "city_id": 403, "country_iso": "CAN"}, {"h3index": "8712e136cffffff", "population_2015": 1962.9065738682657, "total_built_mass_tons": 696186.0540529811, "city_id": 403, "country_iso": "CAN"}, {"h3index": "8712e136effffff", "population_2015": 7556.195569081166, "total_built_mass_tons": 3815087.651747407, "city_id": 403, "country_iso": "CAN"}, {"h3index": "8712ec520ffffff", "population_2015": 13372.947729829595, "total_built_mass_tons": 3366397.920409623, "city_id": 403, "country_iso": "CAN"}, {"h3index": "8712ec521ffffff", "population_2015": 5.829284090147007, "total_built_mass_tons": 17246.471272475756, "city_id": 403, "country_iso": "CAN"}, {"h3index": "8712ec522ffffff", "population_2015": 11543.02130412308, "total_built_mass_tons": 3332343.8337023673, "city_id": 403, "country_iso": "CAN"}, {"h3index": "8712ec523ffffff", "population_2015": 235.77898769998075, "total_built_mass_tons": 142458.31033054768, "city_id": 403, "country_iso": "CAN"}, {"h3index": "8712ec524ffffff", "population_2015": 16392.32200733675, "total_built_mass_tons": 4285657.556610104, "city_id": 403, "country_iso": "CAN"}, {"h3index": "8712ec525ffffff", "population_2015": 5224.841754741451, "total_built_mass_tons": 1365921.394494107, "city_id": 403, "country_iso": "CAN"}, {"h3index": "8712ec526ffffff", "population_2015": 14403.662921180494, "total_built_mass_tons": 4642012.197889324, "city_id": 403, "country_iso": "CAN"}, {"h3index": "8712ec530ffffff", "population_2015": 769.6444084410573, "total_built_mass_tons": 1485743.0485314485, "city_id": 403, "country_iso": "CAN"}, {"h3index": "8712ec531ffffff", "population_2015": 686.3382070466583, "total_built_mass_tons": 284213.0014765685, "city_id": 403, "country_iso": "CAN"}, {"h3index": "8712ec532ffffff", "population_2015": 4681.015491698301, "total_built_mass_tons": 1308770.6757386655, "city_id": 403, "country_iso": "CAN"}, {"h3index": "8712ec534ffffff", "population_2015": 4131.568559031874, "total_built_mass_tons": 4182672.925971107, "city_id": 403, "country_iso": "CAN"}, {"h3index": "8712ec535ffffff", "population_2015": 11577.112364670837, "total_built_mass_tons": 3877313.769650577, "city_id": 403, "country_iso": "CAN"}, {"h3index": "8712ec536ffffff", "population_2015": 10072.46932685516, "total_built_mass_tons": 3069030.4832250914, "city_id": 403, "country_iso": "CAN"}, {"h3index": "8712ecc12ffffff", "population_2015": 1926.5733666493145, "total_built_mass_tons": 524604.2811614783, "city_id": 403, "country_iso": "CAN"}, {"h3index": "8712ecc1affffff", "population_2015": 696.4776732117524, "total_built_mass_tons": 2951976.387710602, "city_id": 403, "country_iso": "CAN"}, {"h3index": "8712ecc1bffffff", "population_2015": 6209.393596571568, "total_built_mass_tons": 1868150.1977977592, "city_id": 403, "country_iso": "CAN"}, {"h3index": "8712ecc1effffff", "population_2015": 3.09638655266414, "total_built_mass_tons": 890049.583628258, "city_id": 403, "country_iso": "CAN"}, {"h3index": "8712ecc80ffffff", "population_2015": 6447.729128464545, "total_built_mass_tons": 2865300.3662883393, "city_id": 403, "country_iso": "CAN"}, {"h3index": "8712ecc81ffffff", "population_2015": 4203.196612386142, "total_built_mass_tons": 4198412.403307769, "city_id": 403, "country_iso": "CAN"}, {"h3index": "8712ecc82ffffff", "population_2015": 9316.20677480487, "total_built_mass_tons": 2970943.9778267085, "city_id": 403, "country_iso": "CAN"}, {"h3index": "8712ecc83ffffff", "population_2015": 11605.596076526352, "total_built_mass_tons": 4610694.898910039, "city_id": 403, "country_iso": "CAN"}, {"h3index": "8712ecc84ffffff", "population_2015": 7008.816910851003, "total_built_mass_tons": 4472360.09905626, "city_id": 403, "country_iso": "CAN"}, {"h3index": "8712ecc85ffffff", "population_2015": 8159.248784082895, "total_built_mass_tons": 3657374.551887809, "city_id": 403, "country_iso": "CAN"}, {"h3index": "8712ecc86ffffff", "population_2015": 16282.507357826416, "total_built_mass_tons": 5256754.579393117, "city_id": 403, "country_iso": "CAN"}, {"h3index": "8712ecc88ffffff", "population_2015": 991.6692596491956, "total_built_mass_tons": 4206324.625628865, "city_id": 403, "country_iso": "CAN"}, {"h3index": "8712ecc89ffffff", "population_2015": 70.17627566041898, "total_built_mass_tons": 426032.22999625857, "city_id": 403, "country_iso": "CAN"}, {"h3index": "8712ecc8affffff", "population_2015": 47.71233210961069, "total_built_mass_tons": 3440405.709085912, "city_id": 403, "country_iso": "CAN"}, {"h3index": "8712ecc8bffffff", "population_2015": 713.1806126933872, "total_built_mass_tons": 1689527.1677589023, "city_id": 403, "country_iso": "CAN"}, {"h3index": "8712ecc8dffffff", "population_2015": 2483.102938264959, "total_built_mass_tons": 2245771.679251121, "city_id": 403, "country_iso": "CAN"}, {"h3index": "8712ecc8effffff", "population_2015": 830.8382718188799, "total_built_mass_tons": 4589662.191827384, "city_id": 403, "country_iso": "CAN"}, {"h3index": "8712ecc90ffffff", "population_2015": 12039.677340207903, "total_built_mass_tons": 3294077.2255531065, "city_id": 403, "country_iso": "CAN"}, {"h3index": "8712ecc91ffffff", "population_2015": 16091.983237999792, "total_built_mass_tons": 3475590.6124785226, "city_id": 403, "country_iso": "CAN"}, {"h3index": "8712ecc92ffffff", "population_2015": 6866.490032278556, "total_built_mass_tons": 3328963.815410899, "city_id": 403, "country_iso": "CAN"}, {"h3index": "8712ecc93ffffff", "population_2015": 8913.636772935297, "total_built_mass_tons": 3956140.5544099025, "city_id": 403, "country_iso": "CAN"}, {"h3index": "8712ecc94ffffff", "population_2015": 12913.973292546105, "total_built_mass_tons": 4668319.016377596, "city_id": 403, "country_iso": "CAN"}, {"h3index": "8712ecc95ffffff", "population_2015": 20425.113707875495, "total_built_mass_tons": 6641654.891788892, "city_id": 403, "country_iso": "CAN"}, {"h3index": "8712ecc96ffffff", "population_2015": 9741.827869134378, "total_built_mass_tons": 4408164.648980269, "city_id": 403, "country_iso": "CAN"}, {"h3index": "8712ecc98ffffff", "population_2015": 2356.2743326072173, "total_built_mass_tons": 5175436.597930674, "city_id": 403, "country_iso": "CAN"}, {"h3index": "8712ecc99ffffff", "population_2015": 2641.1731326179174, "total_built_mass_tons": 3190788.0489859115, "city_id": 403, "country_iso": "CAN"}, {"h3index": "8712ecc9affffff", "population_2015": 6029.1334538285655, "total_built_mass_tons": 5424515.14769985, "city_id": 403, "country_iso": "CAN"}, {"h3index": "8712ecc9bffffff", "population_2015": 10072.571038466838, "total_built_mass_tons": 4214260.724092069, "city_id": 403, "country_iso": "CAN"}, {"h3index": "8712ecc9cffffff", "population_2015": 12470.213506304985, "total_built_mass_tons": 3978481.577068643, "city_id": 403, "country_iso": "CAN"}, {"h3index": "8712ecc9dffffff", "population_2015": 3134.588401598966, "total_built_mass_tons": 5360209.126267324, "city_id": 403, "country_iso": "CAN"}, {"h3index": "8712ecc9effffff", "population_2015": 9578.93497519885, "total_built_mass_tons": 5001670.389939116, "city_id": 403, "country_iso": "CAN"}, {"h3index": "8712ecca0ffffff", "population_2015": 13868.63147497458, "total_built_mass_tons": 4338393.736234903, "city_id": 403, "country_iso": "CAN"}, {"h3index": "8712ecca1ffffff", "population_2015": 15468.38759484011, "total_built_mass_tons": 4154381.420221765, "city_id": 403, "country_iso": "CAN"}, {"h3index": "8712ecca2ffffff", "population_2015": 14204.96645816074, "total_built_mass_tons": 4576354.471541725, "city_id": 403, "country_iso": "CAN"}, {"h3index": "8712ecca3ffffff", "population_2015": 7235.348926546993, "total_built_mass_tons": 4346040.8298558695, "city_id": 403, "country_iso": "CAN"}, {"h3index": "8712ecca4ffffff", "population_2015": 5659.048988370219, "total_built_mass_tons": 1627363.6855284744, "city_id": 403, "country_iso": "CAN"}, {"h3index": "8712ecca5ffffff", "population_2015": 3945.792320390484, "total_built_mass_tons": 1355885.60000379, "city_id": 403, "country_iso": "CAN"}, {"h3index": "8712ecca6ffffff", "population_2015": 16856.156905012507, "total_built_mass_tons": 4756007.336091467, "city_id": 403, "country_iso": "CAN"}, {"h3index": "8712ecca8ffffff", "population_2015": 2.8023618854911008, "total_built_mass_tons": 2841835.9370823572, "city_id": 403, "country_iso": "CAN"}, {"h3index": "8712ecca9ffffff", "population_2015": 358.7958098283002, "total_built_mass_tons": 2807819.9503997075, "city_id": 403, "country_iso": "CAN"}, {"h3index": "8712eccaaffffff", "population_2015": 1250.6997568581617, "total_built_mass_tons": 2315654.8018201618, "city_id": 403, "country_iso": "CAN"}, {"h3index": "8712eccabffffff", "population_2015": 57.75891088714786, "total_built_mass_tons": 2677711.2244079695, "city_id": 403, "country_iso": "CAN"}, {"h3index": "8712eccacffffff", "population_2015": 1.964176822673785, "total_built_mass_tons": 648344.7345426437, "city_id": 403, "country_iso": "CAN"}, {"h3index": "8712eccadffffff", "population_2015": 90.43213375666562, "total_built_mass_tons": 2382996.1049260674, "city_id": 403, "country_iso": "CAN"}, {"h3index": "8712eccaeffffff", "population_2015": 8156.567471135412, "total_built_mass_tons": 2532005.3590876264, "city_id": 403, "country_iso": "CAN"}, {"h3index": "8712eccb0ffffff", "population_2015": 9444.980934276302, "total_built_mass_tons": 4114434.337407759, "city_id": 403, "country_iso": "CAN"}, {"h3index": "8712eccb1ffffff", "population_2015": 11832.53868011774, "total_built_mass_tons": 5018287.627931183, "city_id": 403, "country_iso": "CAN"}, {"h3index": "8712eccb2ffffff", "population_2015": 8966.14229930928, "total_built_mass_tons": 4933028.00681766, "city_id": 403, "country_iso": "CAN"}, {"h3index": "8712eccb3ffffff", "population_2015": 4373.798755478163, "total_built_mass_tons": 4202973.988421289, "city_id": 403, "country_iso": "CAN"}, {"h3index": "8712eccb4ffffff", "population_2015": 11776.481208223222, "total_built_mass_tons": 3704853.671907698, "city_id": 403, "country_iso": "CAN"}, {"h3index": "8712eccb5ffffff", "population_2015": 11575.75238415903, "total_built_mass_tons": 4290233.838441442, "city_id": 403, "country_iso": "CAN"}, {"h3index": "8712eccb6ffffff", "population_2015": 13149.845545494898, "total_built_mass_tons": 4536593.026950438, "city_id": 403, "country_iso": "CAN"}, {"h3index": "8712eccf0ffffff", "population_2015": 9692.221181763618, "total_built_mass_tons": 4400058.700749312, "city_id": 403, "country_iso": "CAN"}, {"h3index": "8712eccf1ffffff", "population_2015": 3448.9421369753636, "total_built_mass_tons": 1367243.4506463276, "city_id": 403, "country_iso": "CAN"}, {"h3index": "8712eccf2ffffff", "population_2015": 4972.685808771848, "total_built_mass_tons": 2555397.495226043, "city_id": 403, "country_iso": "CAN"}, {"h3index": "8712eccf3ffffff", "population_2015": 895.9507728473814, "total_built_mass_tons": 392561.9545733151, "city_id": 403, "country_iso": "CAN"}, {"h3index": "8712eccf4ffffff", "population_2015": 10597.14149072194, "total_built_mass_tons": 4496996.506925337, "city_id": 403, "country_iso": "CAN"}, {"h3index": "8712eccf5ffffff", "population_2015": 7092.990146906585, "total_built_mass_tons": 2499224.6696567414, "city_id": 403, "country_iso": "CAN"}, {"h3index": "8712eccf6ffffff", "population_2015": 5754.8288660424605, "total_built_mass_tons": 3636158.13623232, "city_id": 403, "country_iso": "CAN"}, {"h3index": "8712ecd98ffffff", "population_2015": 1624.3811457014554, "total_built_mass_tons": 893915.2237827327, "city_id": 403, "country_iso": "CAN"}, {"h3index": "8712ecd99ffffff", "population_2015": 2731.4020433580463, "total_built_mass_tons": 1266445.6636905898, "city_id": 403, "country_iso": "CAN"}, {"h3index": "8712ecd9affffff", "population_2015": 5537.741048718083, "total_built_mass_tons": 2020004.876513497, "city_id": 403, "country_iso": "CAN"}, {"h3index": "8712ecd9bffffff", "population_2015": 13996.665100194778, "total_built_mass_tons": 4623225.956704022, "city_id": 403, "country_iso": "CAN"}]