[{"h3index": "8719528b6ffffff", "population_2015": 2281.0224012440326, "total_built_mass_tons": 596106.0289501096, "city_id": 1667, "country_iso": "GBR"}, {"h3index": "871952991ffffff", "population_2015": 10.776506091332903, "total_built_mass_tons": 38041.071829201624, "city_id": 1667, "country_iso": "GBR"}, {"h3index": "871952992ffffff", "population_2015": 260.9651303636385, "total_built_mass_tons": 1997328.005791427, "city_id": 1667, "country_iso": "GBR"}, {"h3index": "871952993ffffff", "population_2015": 5419.7246596741925, "total_built_mass_tons": 1891587.9317250608, "city_id": 1667, "country_iso": "GBR"}, {"h3index": "87195299affffff", "population_2015": 66.83870388999875, "total_built_mass_tons": 42095.18816578978, "city_id": 1667, "country_iso": "GBR"}, {"h3index": "87195299cffffff", "population_2015": 4799.100780522588, "total_built_mass_tons": 1410041.3388911455, "city_id": 1667, "country_iso": "GBR"}, {"h3index": "87195299effffff", "population_2015": 6633.776504126778, "total_built_mass_tons": 2087614.299104752, "city_id": 1667, "country_iso": "GBR"}, {"h3index": "871952c60ffffff", "population_2015": 110.52869845768984, "total_built_mass_tons": 78540.78340827508, "city_id": 1667, "country_iso": "GBR"}, {"h3index": "871952c62ffffff", "population_2015": 3436.196549205687, "total_built_mass_tons": 1476554.8710723436, "city_id": 1667, "country_iso": "GBR"}, {"h3index": "871952c64ffffff", "population_2015": 17.126724059908998, "total_built_mass_tons": 22864.20251119653, "city_id": 1667, "country_iso": "GBR"}, {"h3index": "871952c66ffffff", "population_2015": 8226.23269492037, "total_built_mass_tons": 3521325.5673256954, "city_id": 1667, "country_iso": "GBR"}, {"h3index": "871952c74ffffff", "population_2015": 580.0452992663664, "total_built_mass_tons": 171050.60940059085, "city_id": 1667, "country_iso": "GBR"}, {"h3index": "871952c75ffffff", "population_2015": 12237.771486037384, "total_built_mass_tons": 3852579.829743956, "city_id": 1667, "country_iso": "GBR"}, {"h3index": "871952d40ffffff", "population_2015": 8562.676282757873, "total_built_mass_tons": 1791649.9221654965, "city_id": 1667, "country_iso": "GBR"}, {"h3index": "871952d41ffffff", "population_2015": 8664.212895983574, "total_built_mass_tons": 4602082.902429713, "city_id": 1667, "country_iso": "GBR"}, {"h3index": "871952d43ffffff", "population_2015": 14540.641923987869, "total_built_mass_tons": 3343325.3589792396, "city_id": 1667, "country_iso": "GBR"}, {"h3index": "871952d44ffffff", "population_2015": 7030.50958766423, "total_built_mass_tons": 1812182.930230892, "city_id": 1667, "country_iso": "GBR"}, {"h3index": "871952d45ffffff", "population_2015": 22890.772479847365, "total_built_mass_tons": 6965411.067983755, "city_id": 1667, "country_iso": "GBR"}, {"h3index": "871952d48ffffff", "population_2015": 5.837803672809227, "total_built_mass_tons": 24616.442086291656, "city_id": 1667, "country_iso": "GBR"}, {"h3index": "871952d4affffff", "population_2015": 723.7783206818151, "total_built_mass_tons": 217886.55258196333, "city_id": 1667, "country_iso": "GBR"}, {"h3index": "871952d4cffffff", "population_2015": 4032.9361782073975, "total_built_mass_tons": 1357646.4168805357, "city_id": 1667, "country_iso": "GBR"}, {"h3index": "871952d4dffffff", "population_2015": 3577.3605704531956, "total_built_mass_tons": 1177938.3380681833, "city_id": 1667, "country_iso": "GBR"}, {"h3index": "871952d4effffff", "population_2015": 10126.239246888255, "total_built_mass_tons": 3237767.4886036827, "city_id": 1667, "country_iso": "GBR"}, {"h3index": "871952d58ffffff", "population_2015": 4690.399180007916, "total_built_mass_tons": 968160.7129891928, "city_id": 1667, "country_iso": "GBR"}, {"h3index": "871952d59ffffff", "population_2015": 5480.606104035002, "total_built_mass_tons": 1902037.7593360904, "city_id": 1667, "country_iso": "GBR"}, {"h3index": "871952d5bffffff", "population_2015": 2978.95193404123, "total_built_mass_tons": 1119997.211150033, "city_id": 1667, "country_iso": "GBR"}, {"h3index": "871952d5cffffff", "population_2015": 2146.9385957509853, "total_built_mass_tons": 695874.5020032767, "city_id": 1667, "country_iso": "GBR"}, {"h3index": "871952d5dffffff", "population_2015": 11459.432480415642, "total_built_mass_tons": 2913821.1631504865, "city_id": 1667, "country_iso": "GBR"}, {"h3index": "871952d60ffffff", "population_2015": 9348.409881009136, "total_built_mass_tons": 2854542.7795048086, "city_id": 1667, "country_iso": "GBR"}, {"h3index": "871952d61ffffff", "population_2015": 2994.3041697152103, "total_built_mass_tons": 5048042.525114303, "city_id": 1667, "country_iso": "GBR"}, {"h3index": "871952d62ffffff", "population_2015": 6182.515601088019, "total_built_mass_tons": 1504184.154749656, "city_id": 1667, "country_iso": "GBR"}, {"h3index": "871952d63ffffff", "population_2015": 23057.475103078166, "total_built_mass_tons": 5971599.512960058, "city_id": 1667, "country_iso": "GBR"}, {"h3index": "871952d64ffffff", "population_2015": 7517.372537119483, "total_built_mass_tons": 3023415.519511644, "city_id": 1667, "country_iso": "GBR"}, {"h3index": "871952d65ffffff", "population_2015": 149.85829237895268, "total_built_mass_tons": 1303183.4398477797, "city_id": 1667, "country_iso": "GBR"}, {"h3index": "871952d66ffffff", "population_2015": 107.32066826399632, "total_built_mass_tons": 373232.762206049, "city_id": 1667, "country_iso": "GBR"}, {"h3index": "871952d68ffffff", "population_2015": 21746.37042594704, "total_built_mass_tons": 5221870.136183951, "city_id": 1667, "country_iso": "GBR"}, {"h3index": "871952d69ffffff", "population_2015": 3048.90009253025, "total_built_mass_tons": 1077927.941995788, "city_id": 1667, "country_iso": "GBR"}, {"h3index": "871952d6affffff", "population_2015": 24624.64691062629, "total_built_mass_tons": 6300755.838702435, "city_id": 1667, "country_iso": "GBR"}, {"h3index": "871952d6bffffff", "population_2015": 10950.205194977683, "total_built_mass_tons": 2900530.998418087, "city_id": 1667, "country_iso": "GBR"}, {"h3index": "871952d6cffffff", "population_2015": 15248.013454399244, "total_built_mass_tons": 5614730.714749045, "city_id": 1667, "country_iso": "GBR"}, {"h3index": "871952d6dffffff", "population_2015": 11485.808633989443, "total_built_mass_tons": 3353751.421324504, "city_id": 1667, "country_iso": "GBR"}, {"h3index": "871952d6effffff", "population_2015": 11294.402842246442, "total_built_mass_tons": 7510113.61745682, "city_id": 1667, "country_iso": "GBR"}, {"h3index": "8719566c8ffffff", "population_2015": 1788.7145946848625, "total_built_mass_tons": 810422.947790049, "city_id": 1667, "country_iso": "GBR"}, {"h3index": "8719566caffffff", "population_2015": 8079.8958817323055, "total_built_mass_tons": 2432340.708408277, "city_id": 1667, "country_iso": "GBR"}, {"h3index": "8719566cbffffff", "population_2015": 156.60804131007663, "total_built_mass_tons": 139048.48583066816, "city_id": 1667, "country_iso": "GBR"}, {"h3index": "8719566ccffffff", "population_2015": 2322.5603919693062, "total_built_mass_tons": 698664.6461666168, "city_id": 1667, "country_iso": "GBR"}, {"h3index": "8719566ceffffff", "population_2015": 5406.546461647632, "total_built_mass_tons": 1506823.028326795, "city_id": 1667, "country_iso": "GBR"}, {"h3index": "8719566d8ffffff", "population_2015": 3619.359209023737, "total_built_mass_tons": 1181197.166085565, "city_id": 1667, "country_iso": "GBR"}, {"h3index": "8719566d9ffffff", "population_2015": 10495.959648878905, "total_built_mass_tons": 3020606.584292848, "city_id": 1667, "country_iso": "GBR"}, {"h3index": "8719566daffffff", "population_2015": 289.1765827210511, "total_built_mass_tons": 423131.10281955707, "city_id": 1667, "country_iso": "GBR"}, {"h3index": "8719566dbffffff", "population_2015": 3999.835794909796, "total_built_mass_tons": 3558016.2070936006, "city_id": 1667, "country_iso": "GBR"}, {"h3index": "8719566ddffffff", "population_2015": 6151.640071145928, "total_built_mass_tons": 1775099.826584465, "city_id": 1667, "country_iso": "GBR"}]