[{"h3index": "872d5e485ffffff", "population_2015": 72.08311462776335, "total_built_mass_tons": 30646.66494701944, "city_id": 4653, "country_iso": "RUS"}, {"h3index": "872d5e4a0ffffff", "population_2015": 360.74281368115373, "total_built_mass_tons": 299393.60219506704, "city_id": 4653, "country_iso": "RUS"}, {"h3index": "872d5e4a1ffffff", "population_2015": 4781.54161168454, "total_built_mass_tons": 1660196.4393050268, "city_id": 4653, "country_iso": "RUS"}, {"h3index": "872d5e4a2ffffff", "population_2015": 1951.7994436114443, "total_built_mass_tons": 1420221.3352254145, "city_id": 4653, "country_iso": "RUS"}, {"h3index": "872d5e4a3ffffff", "population_2015": 7447.358702900829, "total_built_mass_tons": 2722006.364411506, "city_id": 4653, "country_iso": "RUS"}, {"h3index": "872d5e4a4ffffff", "population_2015": 1.9452573523801917, "total_built_mass_tons": 2272.720961120643, "city_id": 4653, "country_iso": "RUS"}, {"h3index": "872d5e4a6ffffff", "population_2015": 2381.6406365048656, "total_built_mass_tons": 2272548.206989848, "city_id": 4653, "country_iso": "RUS"}, {"h3index": "872d5e4a8ffffff", "population_2015": 9743.09728573257, "total_built_mass_tons": 2900638.025951458, "city_id": 4653, "country_iso": "RUS"}, {"h3index": "872d5e4a9ffffff", "population_2015": 510.93957164614807, "total_built_mass_tons": 508703.6988397996, "city_id": 4653, "country_iso": "RUS"}, {"h3index": "872d5e4aaffffff", "population_2015": 145.78570894353533, "total_built_mass_tons": 36245.197776221365, "city_id": 4653, "country_iso": "RUS"}, {"h3index": "872d5e4acffffff", "population_2015": 9325.80543076198, "total_built_mass_tons": 3115108.6316646426, "city_id": 4653, "country_iso": "RUS"}, {"h3index": "872d5e4adffffff", "population_2015": 414.00841445174865, "total_built_mass_tons": 411334.2753879087, "city_id": 4653, "country_iso": "RUS"}, {"h3index": "872d5e4aeffffff", "population_2015": 17341.729120521926, "total_built_mass_tons": 4380639.925194466, "city_id": 4653, "country_iso": "RUS"}, {"h3index": "872d5e599ffffff", "population_2015": 512.6905637563444, "total_built_mass_tons": 356273.93480452546, "city_id": 4653, "country_iso": "RUS"}]