[{"h3index": "871115400ffffff", "population_2015": 460.5220662977182, "total_built_mass_tons": 181256.93673575175, "city_id": 3436, "country_iso": "RUS"}, {"h3index": "871115401ffffff", "population_2015": 692.5137733552968, "total_built_mass_tons": 413875.2961109819, "city_id": 3436, "country_iso": "RUS"}, {"h3index": "871115404ffffff", "population_2015": 4166.686167570189, "total_built_mass_tons": 1031257.685237112, "city_id": 3436, "country_iso": "RUS"}, {"h3index": "871115405ffffff", "population_2015": 14164.063942200528, "total_built_mass_tons": 3242280.775661635, "city_id": 3436, "country_iso": "RUS"}, {"h3index": "87111540cffffff", "population_2015": 18.255459287119844, "total_built_mass_tons": 48859.13080922129, "city_id": 3436, "country_iso": "RUS"}, {"h3index": "871115420ffffff", "population_2015": 10121.835255739265, "total_built_mass_tons": 2388493.434162487, "city_id": 3436, "country_iso": "RUS"}, {"h3index": "871115421ffffff", "population_2015": 20272.223491146746, "total_built_mass_tons": 4527452.8950872, "city_id": 3436, "country_iso": "RUS"}, {"h3index": "871115422ffffff", "population_2015": 4497.980081830306, "total_built_mass_tons": 2152435.8337816913, "city_id": 3436, "country_iso": "RUS"}, {"h3index": "871115423ffffff", "population_2015": 24316.398012148165, "total_built_mass_tons": 5167366.576796677, "city_id": 3436, "country_iso": "RUS"}, {"h3index": "871115425ffffff", "population_2015": 223.5213022664482, "total_built_mass_tons": 238428.57252691383, "city_id": 3436, "country_iso": "RUS"}, {"h3index": "871115428ffffff", "population_2015": 5929.075576000587, "total_built_mass_tons": 2146072.6398945493, "city_id": 3436, "country_iso": "RUS"}, {"h3index": "871115429ffffff", "population_2015": 2533.3068161066835, "total_built_mass_tons": 1581710.6005122904, "city_id": 3436, "country_iso": "RUS"}, {"h3index": "87111542affffff", "population_2015": 10313.749409632124, "total_built_mass_tons": 2964435.8663344537, "city_id": 3436, "country_iso": "RUS"}, {"h3index": "87111542bffffff", "population_2015": 573.1771499867534, "total_built_mass_tons": 342758.2320114211, "city_id": 3436, "country_iso": "RUS"}, {"h3index": "87111542cffffff", "population_2015": 10416.746124903597, "total_built_mass_tons": 4132880.25500805, "city_id": 3436, "country_iso": "RUS"}, {"h3index": "87111542dffffff", "population_2015": 3684.143164413816, "total_built_mass_tons": 2152929.4667888917, "city_id": 3436, "country_iso": "RUS"}, {"h3index": "87111542effffff", "population_2015": 17394.94862069896, "total_built_mass_tons": 4080761.0322937705, "city_id": 3436, "country_iso": "RUS"}, {"h3index": "871115431ffffff", "population_2015": 106.91774070870645, "total_built_mass_tons": 141447.00809071126, "city_id": 3436, "country_iso": "RUS"}, {"h3index": "871115476ffffff", "population_2015": 1.5160008370876312, "total_built_mass_tons": 11562.937631570348, "city_id": 3436, "country_iso": "RUS"}, {"h3index": "871115552ffffff", "population_2015": 13.165984822955783, "total_built_mass_tons": 51249.70117443417, "city_id": 3436, "country_iso": "RUS"}, {"h3index": "871115553ffffff", "population_2015": 52.5705825473748, "total_built_mass_tons": 47699.072882324646, "city_id": 3436, "country_iso": "RUS"}, {"h3index": "87111555affffff", "population_2015": 1.028019990640528, "total_built_mass_tons": 2565.3568240259538, "city_id": 3436, "country_iso": "RUS"}]