[{"h3index": "873d10412ffffff", "population_2015": 898.7146963886186, "total_built_mass_tons": 304756.2776373732, "city_id": 6907, "country_iso": "IND"}, {"h3index": "873d10413ffffff", "population_2015": 4707.904879796272, "total_built_mass_tons": 768065.4609069627, "city_id": 6907, "country_iso": "IND"}, {"h3index": "873d1041affffff", "population_2015": 176.956850493188, "total_built_mass_tons": 40401.70332865842, "city_id": 6907, "country_iso": "IND"}, {"h3index": "873d1041effffff", "population_2015": 56.90686635784075, "total_built_mass_tons": 27879.863784926743, "city_id": 6907, "country_iso": "IND"}, {"h3index": "873d10480ffffff", "population_2015": 2423.877014837078, "total_built_mass_tons": 539533.6295504518, "city_id": 6907, "country_iso": "IND"}, {"h3index": "873d10481ffffff", "population_2015": 6952.741957073586, "total_built_mass_tons": 1275872.2305720567, "city_id": 6907, "country_iso": "IND"}, {"h3index": "873d10482ffffff", "population_2015": 661.7355203553742, "total_built_mass_tons": 369583.9977734531, "city_id": 6907, "country_iso": "IND"}, {"h3index": "873d10483ffffff", "population_2015": 148.5844022881751, "total_built_mass_tons": 64978.86630434665, "city_id": 6907, "country_iso": "IND"}, {"h3index": "873d10484ffffff", "population_2015": 6991.5885723338415, "total_built_mass_tons": 911070.428345955, "city_id": 6907, "country_iso": "IND"}, {"h3index": "873d10485ffffff", "population_2015": 42146.06202607249, "total_built_mass_tons": 4020369.8648485225, "city_id": 6907, "country_iso": "IND"}, {"h3index": "873d10488ffffff", "population_2015": 48.21045277539422, "total_built_mass_tons": 14803.598339495573, "city_id": 6907, "country_iso": "IND"}, {"h3index": "873d1048cffffff", "population_2015": 2143.346375988979, "total_built_mass_tons": 479435.0838030138, "city_id": 6907, "country_iso": "IND"}, {"h3index": "873d1048dffffff", "population_2015": 27.72716146356919, "total_built_mass_tons": 10922.152192248728, "city_id": 6907, "country_iso": "IND"}, {"h3index": "873d1048effffff", "population_2015": 242.50175749834847, "total_built_mass_tons": 109129.39160197569, "city_id": 6907, "country_iso": "IND"}, {"h3index": "873d10491ffffff", "population_2015": 39.23072202906889, "total_built_mass_tons": 16870.673065696737, "city_id": 6907, "country_iso": "IND"}, {"h3index": "873d104a0ffffff", "population_2015": 4288.712886241838, "total_built_mass_tons": 743758.5001151125, "city_id": 6907, "country_iso": "IND"}, {"h3index": "873d104a1ffffff", "population_2015": 5033.0272337820015, "total_built_mass_tons": 786286.9651209372, "city_id": 6907, "country_iso": "IND"}, {"h3index": "873d104a2ffffff", "population_2015": 2797.0517070807664, "total_built_mass_tons": 501657.40576100384, "city_id": 6907, "country_iso": "IND"}, {"h3index": "873d104a3ffffff", "population_2015": 34342.67368572835, "total_built_mass_tons": 3484139.4194281427, "city_id": 6907, "country_iso": "IND"}, {"h3index": "873d104a8ffffff", "population_2015": 25039.195520071906, "total_built_mass_tons": 3173934.163006072, "city_id": 6907, "country_iso": "IND"}, {"h3index": "873d104a9ffffff", "population_2015": 1732.025530315848, "total_built_mass_tons": 354720.29907275183, "city_id": 6907, "country_iso": "IND"}, {"h3index": "873d104aaffffff", "population_2015": 23575.28092450534, "total_built_mass_tons": 2286351.6763957785, "city_id": 6907, "country_iso": "IND"}, {"h3index": "873d104abffffff", "population_2015": 695.406175878936, "total_built_mass_tons": 266789.1747222954, "city_id": 6907, "country_iso": "IND"}, {"h3index": "873d104acffffff", "population_2015": 20004.613179075943, "total_built_mass_tons": 2285353.6316056205, "city_id": 6907, "country_iso": "IND"}, {"h3index": "873d104adffffff", "population_2015": 26151.485898676103, "total_built_mass_tons": 3074480.6243739566, "city_id": 6907, "country_iso": "IND"}, {"h3index": "873d104aeffffff", "population_2015": 50941.81916070076, "total_built_mass_tons": 4180538.505587115, "city_id": 6907, "country_iso": "IND"}]