[{"h3index": "873094500ffffff", "population_2015": 5046.758613765007, "total_built_mass_tons": 1747253.076324081, "city_id": 11705, "country_iso": "CHN"}, {"h3index": "873094501ffffff", "population_2015": 138.05341202044022, "total_built_mass_tons": 108754.59265546, "city_id": 11705, "country_iso": "CHN"}, {"h3index": "873094502ffffff", "population_2015": 6699.470624019119, "total_built_mass_tons": 1886135.4290570607, "city_id": 11705, "country_iso": "CHN"}, {"h3index": "873094503ffffff", "population_2015": 9557.7014098691, "total_built_mass_tons": 1947328.6431508856, "city_id": 11705, "country_iso": "CHN"}, {"h3index": "873094506ffffff", "population_2015": 12690.381714641342, "total_built_mass_tons": 2157058.7884095935, "city_id": 11705, "country_iso": "CHN"}, {"h3index": "87309450affffff", "population_2015": 3538.463411226459, "total_built_mass_tons": 1107358.0054096424, "city_id": 11705, "country_iso": "CHN"}, {"h3index": "87309450effffff", "population_2015": 2537.458471109353, "total_built_mass_tons": 407467.8627322897, "city_id": 11705, "country_iso": "CHN"}, {"h3index": "873094511ffffff", "population_2015": 36.360862256966385, "total_built_mass_tons": 12422.15225551115, "city_id": 11705, "country_iso": "CHN"}, {"h3index": "873094514ffffff", "population_2015": 3033.7042466836815, "total_built_mass_tons": 341128.57428393164, "city_id": 11705, "country_iso": "CHN"}, {"h3index": "873094515ffffff", "population_2015": 12074.431297116183, "total_built_mass_tons": 2711227.4993727542, "city_id": 11705, "country_iso": "CHN"}, {"h3index": "873094518ffffff", "population_2015": 7.9443278312683105, "total_built_mass_tons": 2634.694307500336, "city_id": 11705, "country_iso": "CHN"}, {"h3index": "873094519ffffff", "population_2015": 69.95327842971858, "total_built_mass_tons": 160421.91510607372, "city_id": 11705, "country_iso": "CHN"}, {"h3index": "87309451cffffff", "population_2015": 223.73585787941428, "total_built_mass_tons": 353599.295353541, "city_id": 11705, "country_iso": "CHN"}, {"h3index": "87309451dffffff", "population_2015": 6796.808121122799, "total_built_mass_tons": 1274447.8698518656, "city_id": 11705, "country_iso": "CHN"}, {"h3index": "873094530ffffff", "population_2015": 2671.277173748204, "total_built_mass_tons": 1199209.3022259914, "city_id": 11705, "country_iso": "CHN"}, {"h3index": "873094531ffffff", "population_2015": 2365.2701974045995, "total_built_mass_tons": 1351829.1796527416, "city_id": 11705, "country_iso": "CHN"}, {"h3index": "873094532ffffff", "population_2015": 3790.850697300482, "total_built_mass_tons": 2215041.448611032, "city_id": 11705, "country_iso": "CHN"}, {"h3index": "873094533ffffff", "population_2015": 22941.72448386771, "total_built_mass_tons": 6114966.754494667, "city_id": 11705, "country_iso": "CHN"}, {"h3index": "873094536ffffff", "population_2015": 469.5237222736957, "total_built_mass_tons": 288842.88464949396, "city_id": 11705, "country_iso": "CHN"}, {"h3index": "8740b6db2ffffff", "population_2015": 548.5751684132745, "total_built_mass_tons": 567980.2298974212, "city_id": 11705, "country_iso": "CHN"}, {"h3index": "8740b6db6ffffff", "population_2015": 599.602588632995, "total_built_mass_tons": 259140.65451759292, "city_id": 11705, "country_iso": "CHN"}]