[{"h3index":"873cc244bffffff","population_2015":79.8877495036,"total_built_mass_tons":27400.0180147127,"city_id":10058,"country_iso":"BGD"},{"h3index":"873cc2459ffffff","population_2015":72.8126716614,"total_built_mass_tons":60321.6334606035,"city_id":10058,"country_iso":"BGD"},{"h3index":"873cc27a2ffffff","population_2015":79.0960292816,"total_built_mass_tons":25929.1803932801,"city_id":10058,"country_iso":"BGD"},{"h3index":"873cc27a4ffffff","population_2015":92.9177638334,"total_built_mass_tons":86941.8133277063,"city_id":10058,"country_iso":"BGD"},{"h3index":"873cc27a6ffffff","population_2015":18.378282547,"total_built_mass_tons":72226.1604487114,"city_id":10058,"country_iso":"BGD"}]