[{"h3index":"8740e588dffffff","population_2015":213.9489921757,"total_built_mass_tons":147020.7527585341,"city_id":10443,"country_iso":"CHN"},{"h3index":"8740e58abffffff","population_2015":33.1261297413,"total_built_mass_tons":17361.9063925879,"city_id":10443,"country_iso":"CHN"},{"h3index":"8740e58f0ffffff","population_2015":968.9096301771,"total_built_mass_tons":381518.6848041912,"city_id":10443,"country_iso":"CHN"},{"h3index":"8740e58f2ffffff","population_2015":9646.1504372765,"total_built_mass_tons":1471595.8881890208,"city_id":10443,"country_iso":"CHN"},{"h3index":"8740e58f3ffffff","population_2015":232.405049641,"total_built_mass_tons":232813.4024989102,"city_id":10443,"country_iso":"CHN"},{"h3index":"8740e58f4ffffff","population_2015":1248.0840841088,"total_built_mass_tons":932904.1558973152,"city_id":10443,"country_iso":"CHN"},{"h3index":"8740e58f6ffffff","population_2015":14248.8806642336,"total_built_mass_tons":2930926.0808044728,"city_id":10443,"country_iso":"CHN"}]