[{"h3index":"873829110ffffff","population_2015":23960.0042027417,"total_built_mass_tons":2572421.0892996229,"city_id":2088,"country_iso":"DZA"},{"h3index":"873829111ffffff","population_2015":6063.2417595583,"total_built_mass_tons":667860.1274394449,"city_id":2088,"country_iso":"DZA"},{"h3index":"873829112ffffff","population_2015":1362.3102436402,"total_built_mass_tons":307555.6744938521,"city_id":2088,"country_iso":"DZA"},{"h3index":"873829113ffffff","population_2015":2476.0358749502,"total_built_mass_tons":395000.2039622492,"city_id":2088,"country_iso":"DZA"},{"h3index":"873829114ffffff","population_2015":6741.4718044692,"total_built_mass_tons":896633.5255657451,"city_id":2088,"country_iso":"DZA"},{"h3index":"873829115ffffff","population_2015":278.6289606094,"total_built_mass_tons":65132.2110439018,"city_id":2088,"country_iso":"DZA"},{"h3index":"873829116ffffff","population_2015":12164.4103705649,"total_built_mass_tons":1409165.8539285758,"city_id":2088,"country_iso":"DZA"},{"h3index":"8738291a5ffffff","population_2015":323.3751523822,"total_built_mass_tons":150974.8846460342,"city_id":2088,"country_iso":"DZA"},{"h3index":"873829c48ffffff","population_2015":362.8869105994,"total_built_mass_tons":132546.4272086175,"city_id":2088,"country_iso":"DZA"},{"h3index":"873829c49ffffff","population_2015":2491.7161908767,"total_built_mass_tons":537243.9812836339,"city_id":2088,"country_iso":"DZA"},{"h3index":"873829c4bffffff","population_2015":17.6803473809,"total_built_mass_tons":18348.8846129376,"city_id":2088,"country_iso":"DZA"}]