[{"h3index": "873862128ffffff", "population_2015": 8316.923859293323, "total_built_mass_tons": 1382738.3891036306, "city_id": 2400, "country_iso": "DZA"}, {"h3index": "873862129ffffff", "population_2015": 29025.61583466624, "total_built_mass_tons": 4451376.225254434, "city_id": 2400, "country_iso": "DZA"}, {"h3index": "87386212affffff", "population_2015": 334.3306835623348, "total_built_mass_tons": 99208.8174135281, "city_id": 2400, "country_iso": "DZA"}, {"h3index": "87386212bffffff", "population_2015": 3648.801395251703, "total_built_mass_tons": 836060.5766241443, "city_id": 2400, "country_iso": "DZA"}, {"h3index": "87386212cffffff", "population_2015": 303.15643616470635, "total_built_mass_tons": 59267.22310364513, "city_id": 2400, "country_iso": "DZA"}, {"h3index": "87386212dffffff", "population_2015": 14582.994140400606, "total_built_mass_tons": 2141217.6295803725, "city_id": 2400, "country_iso": "DZA"}, {"h3index": "873862160ffffff", "population_2015": 1587.7120737337598, "total_built_mass_tons": 413628.14356635907, "city_id": 2400, "country_iso": "DZA"}, {"h3index": "873862161ffffff", "population_2015": 3859.1355475921255, "total_built_mass_tons": 867575.9723555604, "city_id": 2400, "country_iso": "DZA"}, {"h3index": "873862162ffffff", "population_2015": 1492.147622302934, "total_built_mass_tons": 257866.4906578472, "city_id": 2400, "country_iso": "DZA"}, {"h3index": "873862163ffffff", "population_2015": 390.5512029947019, "total_built_mass_tons": 212728.18165408855, "city_id": 2400, "country_iso": "DZA"}, {"h3index": "873862166ffffff", "population_2015": 4939.181339233997, "total_built_mass_tons": 842547.409453632, "city_id": 2400, "country_iso": "DZA"}, {"h3index": "87386216cffffff", "population_2015": 742.2962047464706, "total_built_mass_tons": 159817.3889946296, "city_id": 2400, "country_iso": "DZA"}, {"h3index": "87386216effffff", "population_2015": 261.76745450636923, "total_built_mass_tons": 66424.46604253157, "city_id": 2400, "country_iso": "DZA"}, {"h3index": "873862170ffffff", "population_2015": 9702.053551425191, "total_built_mass_tons": 2213976.794843633, "city_id": 2400, "country_iso": "DZA"}, {"h3index": "873862171ffffff", "population_2015": 1167.0308735230387, "total_built_mass_tons": 384751.5959565225, "city_id": 2400, "country_iso": "DZA"}, {"h3index": "873862172ffffff", "population_2015": 3819.578325568928, "total_built_mass_tons": 967312.8418826036, "city_id": 2400, "country_iso": "DZA"}, {"h3index": "873862173ffffff", "population_2015": 15.004894783917596, "total_built_mass_tons": 5178.197106211812, "city_id": 2400, "country_iso": "DZA"}, {"h3index": "873862174ffffff", "population_2015": 10095.433285528074, "total_built_mass_tons": 2141255.4154721736, "city_id": 2400, "country_iso": "DZA"}, {"h3index": "873862175ffffff", "population_2015": 12514.811533337015, "total_built_mass_tons": 2971514.485808972, "city_id": 2400, "country_iso": "DZA"}, {"h3index": "873862176ffffff", "population_2015": 8476.764815719458, "total_built_mass_tons": 1795058.161030121, "city_id": 2400, "country_iso": "DZA"}, {"h3index": "8738628daffffff", "population_2015": 5138.123007041333, "total_built_mass_tons": 1013689.9054748736, "city_id": 2400, "country_iso": "DZA"}, {"h3index": "8738628dbffffff", "population_2015": 3963.9597979265104, "total_built_mass_tons": 844872.9246671322, "city_id": 2400, "country_iso": "DZA"}, {"h3index": "873862b92ffffff", "population_2015": 5.6399129708608, "total_built_mass_tons": 9240.011705491295, "city_id": 2400, "country_iso": "DZA"}]