[{"h3index":"874ba0490ffffff","population_2015":1034.3930000679,"total_built_mass_tons":303723.5441914737,"city_id":12693,"country_iso":"TWN"},{"h3index":"874ba0492ffffff","population_2015":9607.0520971336,"total_built_mass_tons":2100685.1098609068,"city_id":12693,"country_iso":"TWN"},{"h3index":"874ba0494ffffff","population_2015":4263.3000571157,"total_built_mass_tons":1019181.7186118092,"city_id":12693,"country_iso":"TWN"},{"h3index":"874ba0496ffffff","population_2015":21069.4876851624,"total_built_mass_tons":3729910.6946901567,"city_id":12693,"country_iso":"TWN"},{"h3index":"874ba04a0ffffff","population_2015":981.7693850499,"total_built_mass_tons":412845.0108783627,"city_id":12693,"country_iso":"TWN"},{"h3index":"874ba04a2ffffff","population_2015":444.4138843275,"total_built_mass_tons":303998.414212954,"city_id":12693,"country_iso":"TWN"},{"h3index":"874ba04a4ffffff","population_2015":749.5948439243,"total_built_mass_tons":365914.9431927369,"city_id":12693,"country_iso":"TWN"},{"h3index":"874ba04a6ffffff","population_2015":15459.0614022984,"total_built_mass_tons":3097025.1278814627,"city_id":12693,"country_iso":"TWN"},{"h3index":"874ba04b0ffffff","population_2015":3873.2124704585,"total_built_mass_tons":1145272.6575036943,"city_id":12693,"country_iso":"TWN"},{"h3index":"874ba04b1ffffff","population_2015":61.2275575339,"total_built_mass_tons":63305.1966722262,"city_id":12693,"country_iso":"TWN"},{"h3index":"874ba04b2ffffff","population_2015":10723.2135776314,"total_built_mass_tons":1917791.4841522139,"city_id":12693,"country_iso":"TWN"},{"h3index":"874ba04b3ffffff","population_2015":441.8766884523,"total_built_mass_tons":130660.021448894,"city_id":12693,"country_iso":"TWN"},{"h3index":"874ba04b4ffffff","population_2015":23519.7432233623,"total_built_mass_tons":3721138.9238780839,"city_id":12693,"country_iso":"TWN"},{"h3index":"874ba04b5ffffff","population_2015":20111.4128186544,"total_built_mass_tons":3786996.6630364154,"city_id":12693,"country_iso":"TWN"},{"h3index":"874ba04b6ffffff","population_2015":22143.698949122,"total_built_mass_tons":3229808.1865091529,"city_id":12693,"country_iso":"TWN"},{"h3index":"874ba0590ffffff","population_2015":154.9045799068,"total_built_mass_tons":125066.8396572816,"city_id":12693,"country_iso":"TWN"},{"h3index":"874ba0591ffffff","population_2015":1925.2610832626,"total_built_mass_tons":730148.041676153,"city_id":12693,"country_iso":"TWN"},{"h3index":"874ba0592ffffff","population_2015":611.8363236137,"total_built_mass_tons":552207.6467410949,"city_id":12693,"country_iso":"TWN"},{"h3index":"874ba0593ffffff","population_2015":3510.2198274884,"total_built_mass_tons":1366646.5450535603,"city_id":12693,"country_iso":"TWN"},{"h3index":"874ba0598ffffff","population_2015":6758.0644647523,"total_built_mass_tons":2294234.8066042918,"city_id":12693,"country_iso":"TWN"},{"h3index":"874ba0599ffffff","population_2015":3802.2472811624,"total_built_mass_tons":1473592.4541946976,"city_id":12693,"country_iso":"TWN"},{"h3index":"874ba059affffff","population_2015":12212.7758880353,"total_built_mass_tons":3280739.390443922,"city_id":12693,"country_iso":"TWN"},{"h3index":"874ba059bffffff","population_2015":34188.1255146999,"total_built_mass_tons":3747451.8999920646,"city_id":12693,"country_iso":"TWN"},{"h3index":"874ba059cffffff","population_2015":160.3926421614,"total_built_mass_tons":75977.6629153617,"city_id":12693,"country_iso":"TWN"},{"h3index":"874ba059effffff","population_2015":3584.7395723418,"total_built_mass_tons":1356230.3599179876,"city_id":12693,"country_iso":"TWN"},{"h3index":"874ba2809ffffff","population_2015":44.1982633105,"total_built_mass_tons":39227.9662288668,"city_id":12693,"country_iso":"TWN"},{"h3index":"874ba280dffffff","population_2015":1896.191710013,"total_built_mass_tons":781598.5960936397,"city_id":12693,"country_iso":"TWN"},{"h3index":"874ba2829ffffff","population_2015":3083.2065749505,"total_built_mass_tons":977304.0431862531,"city_id":12693,"country_iso":"TWN"},{"h3index":"874ba282bffffff","population_2015":244.8766224356,"total_built_mass_tons":124012.7332237639,"city_id":12693,"country_iso":"TWN"},{"h3index":"874ba282cffffff","population_2015":2.121783537,"total_built_mass_tons":23981.0478399437,"city_id":12693,"country_iso":"TWN"},{"h3index":"874ba282dffffff","population_2015":20247.0071354548,"total_built_mass_tons":2110612.6478912076,"city_id":12693,"country_iso":"TWN"},{"h3index":"874ba2840ffffff","population_2015":1142.2922398549,"total_built_mass_tons":425927.3834512962,"city_id":12693,"country_iso":"TWN"},{"h3index":"874ba2844ffffff","population_2015":18894.8048363143,"total_built_mass_tons":3712724.9562510489,"city_id":12693,"country_iso":"TWN"},{"h3index":"874ba2845ffffff","population_2015":2478.5649840224,"total_built_mass_tons":809485.5623327254,"city_id":12693,"country_iso":"TWN"},{"h3index":"874ba2846ffffff","population_2015":11107.9238610548,"total_built_mass_tons":2219337.4830551338,"city_id":12693,"country_iso":"TWN"},{"h3index":"874ba2855ffffff","population_2015":1256.6790575065,"total_built_mass_tons":420379.5933035995,"city_id":12693,"country_iso":"TWN"},{"h3index":"874ba2860ffffff","population_2015":45161.2869399276,"total_built_mass_tons":3854810.5549237272,"city_id":12693,"country_iso":"TWN"},{"h3index":"874ba2861ffffff","population_2015":15773.8154502756,"total_built_mass_tons":2659305.0391904665,"city_id":12693,"country_iso":"TWN"},{"h3index":"874ba2862ffffff","population_2015":31606.2593045216,"total_built_mass_tons":3193488.2775672302,"city_id":12693,"country_iso":"TWN"},{"h3index":"874ba2863ffffff","population_2015":15607.7683518503,"total_built_mass_tons":3099909.4182039355,"city_id":12693,"country_iso":"TWN"},{"h3index":"874ba2864ffffff","population_2015":81490.1291476381,"total_built_mass_tons":5357097.5119084232,"city_id":12693,"country_iso":"TWN"},{"h3index":"874ba2865ffffff","population_2015":42597.5455876294,"total_built_mass_tons":5433168.8818116942,"city_id":12693,"country_iso":"TWN"},{"h3index":"874ba2866ffffff","population_2015":106651.6192374734,"total_built_mass_tons":5755434.7656060867,"city_id":12693,"country_iso":"TWN"},{"h3index":"874ba286cffffff","population_2015":142.7816128188,"total_built_mass_tons":43159.1419040143,"city_id":12693,"country_iso":"TWN"},{"h3index":"874ba286effffff","population_2015":1281.3886825898,"total_built_mass_tons":315701.2787614964,"city_id":12693,"country_iso":"TWN"},{"h3index":"874ba2870ffffff","population_2015":5185.7348895092,"total_built_mass_tons":1050733.5541818391,"city_id":12693,"country_iso":"TWN"},{"h3index":"874ba2871ffffff","population_2015":33800.2881639443,"total_built_mass_tons":3532812.5692465906,"city_id":12693,"country_iso":"TWN"},{"h3index":"874ba2872ffffff","population_2015":2832.2635572695,"total_built_mass_tons":1323374.0634866157,"city_id":12693,"country_iso":"TWN"},{"h3index":"874ba2873ffffff","population_2015":6160.8818993213,"total_built_mass_tons":1512033.8997108743,"city_id":12693,"country_iso":"TWN"},{"h3index":"874ba2874ffffff","population_2015":9072.5324233448,"total_built_mass_tons":1731198.5167254934,"city_id":12693,"country_iso":"TWN"},{"h3index":"874ba2875ffffff","population_2015":49826.0813077067,"total_built_mass_tons":4040867.7302383799,"city_id":12693,"country_iso":"TWN"},{"h3index":"874ba2876ffffff","population_2015":5642.1972957106,"total_built_mass_tons":1870481.5027557211,"city_id":12693,"country_iso":"TWN"},{"h3index":"874ba2940ffffff","population_2015":18638.4302186031,"total_built_mass_tons":3159822.6376658934,"city_id":12693,"country_iso":"TWN"},{"h3index":"874ba2941ffffff","population_2015":29280.4535270167,"total_built_mass_tons":3678901.4805685459,"city_id":12693,"country_iso":"TWN"},{"h3index":"874ba2942ffffff","population_2015":14451.7718199711,"total_built_mass_tons":2654157.5153089911,"city_id":12693,"country_iso":"TWN"},{"h3index":"874ba2943ffffff","population_2015":38463.5526987038,"total_built_mass_tons":4170054.8019693489,"city_id":12693,"country_iso":"TWN"},{"h3index":"874ba2944ffffff","population_2015":8856.1095958411,"total_built_mass_tons":2534874.4637300763,"city_id":12693,"country_iso":"TWN"},{"h3index":"874ba2945ffffff","population_2015":6451.0712129369,"total_built_mass_tons":1459272.0472332437,"city_id":12693,"country_iso":"TWN"},{"h3index":"874ba2946ffffff","population_2015":17549.9468217214,"total_built_mass_tons":4871567.0159206968,"city_id":12693,"country_iso":"TWN"},{"h3index":"874ba2948ffffff","population_2015":38294.0935875986,"total_built_mass_tons":4781313.9389120014,"city_id":12693,"country_iso":"TWN"},{"h3index":"874ba2949ffffff","population_2015":19103.2916787353,"total_built_mass_tons":3447725.3793502962,"city_id":12693,"country_iso":"TWN"},{"h3index":"874ba294affffff","population_2015":69057.1609746896,"total_built_mass_tons":7738972.3133492796,"city_id":12693,"country_iso":"TWN"},{"h3index":"874ba294bffffff","population_2015":40648.5431640251,"total_built_mass_tons":5563015.6099968776,"city_id":12693,"country_iso":"TWN"},{"h3index":"874ba294cffffff","population_2015":20405.5640790677,"total_built_mass_tons":3218932.78035763,"city_id":12693,"country_iso":"TWN"},{"h3index":"874ba294dffffff","population_2015":21069.8537851296,"total_built_mass_tons":3110073.6649222504,"city_id":12693,"country_iso":"TWN"},{"h3index":"874ba294effffff","population_2015":48525.9686488657,"total_built_mass_tons":7090520.9123929795,"city_id":12693,"country_iso":"TWN"},{"h3index":"874ba2950ffffff","population_2015":428.2782615662,"total_built_mass_tons":121571.4634726232,"city_id":12693,"country_iso":"TWN"},{"h3index":"874ba2951ffffff","population_2015":12784.2688286202,"total_built_mass_tons":1728590.1674699534,"city_id":12693,"country_iso":"TWN"},{"h3index":"874ba2952ffffff","population_2015":2894.8663027034,"total_built_mass_tons":703461.2524265158,"city_id":12693,"country_iso":"TWN"},{"h3index":"874ba2953ffffff","population_2015":5534.7350604338,"total_built_mass_tons":1453140.7911386986,"city_id":12693,"country_iso":"TWN"},{"h3index":"874ba2955ffffff","population_2015":7321.8719899645,"total_built_mass_tons":1389225.1278308339,"city_id":12693,"country_iso":"TWN"},{"h3index":"874ba2958ffffff","population_2015":54227.3726288515,"total_built_mass_tons":4204920.2203469016,"city_id":12693,"country_iso":"TWN"},{"h3index":"874ba2959ffffff","population_2015":68298.8074525871,"total_built_mass_tons":5591641.0447267536,"city_id":12693,"country_iso":"TWN"},{"h3index":"874ba295affffff","population_2015":27845.5388467976,"total_built_mass_tons":3148728.2020034324,"city_id":12693,"country_iso":"TWN"},{"h3index":"874ba295bffffff","population_2015":82084.3082551395,"total_built_mass_tons":4795264.3096719868,"city_id":12693,"country_iso":"TWN"},{"h3index":"874ba295cffffff","population_2015":32493.6517273622,"total_built_mass_tons":3198330.7035794607,"city_id":12693,"country_iso":"TWN"},{"h3index":"874ba295dffffff","population_2015":71588.4350548539,"total_built_mass_tons":6053121.7329099728,"city_id":12693,"country_iso":"TWN"},{"h3index":"874ba295effffff","population_2015":13660.4581198599,"total_built_mass_tons":1606282.0988421431,"city_id":12693,"country_iso":"TWN"},{"h3index":"874ba2960ffffff","population_2015":146.1396904609,"total_built_mass_tons":84267.3160497686,"city_id":12693,"country_iso":"TWN"},{"h3index":"874ba2961ffffff","population_2015":3582.8508356861,"total_built_mass_tons":1606274.585123468,"city_id":12693,"country_iso":"TWN"},{"h3index":"874ba2962ffffff","population_2015":0.7349560682,"total_built_mass_tons":36007.3849385771,"city_id":12693,"country_iso":"TWN"},{"h3index":"874ba2963ffffff","population_2015":5227.4426031861,"total_built_mass_tons":2694382.4699541382,"city_id":12693,"country_iso":"TWN"},{"h3index":"874ba2965ffffff","population_2015":1928.8960925252,"total_built_mass_tons":772718.3013050358,"city_id":12693,"country_iso":"TWN"},{"h3index":"874ba2968ffffff","population_2015":14039.0243736641,"total_built_mass_tons":3026234.1297118841,"city_id":12693,"country_iso":"TWN"},{"h3index":"874ba2969ffffff","population_2015":6373.9733744079,"total_built_mass_tons":1600533.0688050166,"city_id":12693,"country_iso":"TWN"},{"h3index":"874ba296affffff","population_2015":13803.9675936942,"total_built_mass_tons":2850965.8606206495,"city_id":12693,"country_iso":"TWN"},{"h3index":"874ba296bffffff","population_2015":10933.3594494838,"total_built_mass_tons":2704741.2362300083,"city_id":12693,"country_iso":"TWN"},{"h3index":"874ba296cffffff","population_2015":4791.9668978766,"total_built_mass_tons":1606428.3102042128,"city_id":12693,"country_iso":"TWN"},{"h3index":"874ba296dffffff","population_2015":5897.091262133,"total_built_mass_tons":2324359.734373875,"city_id":12693,"country_iso":"TWN"},{"h3index":"874ba296effffff","population_2015":11994.1805389517,"total_built_mass_tons":2984210.2563120262,"city_id":12693,"country_iso":"TWN"},{"h3index":"874ba2970ffffff","population_2015":608.3312391244,"total_built_mass_tons":247292.5964482385,"city_id":12693,"country_iso":"TWN"},{"h3index":"874ba2971ffffff","population_2015":12063.9909742767,"total_built_mass_tons":2524920.0547604468,"city_id":12693,"country_iso":"TWN"},{"h3index":"874ba2973ffffff","population_2015":6669.3065947233,"total_built_mass_tons":1844616.8201173823,"city_id":12693,"country_iso":"TWN"}]