[{"h3index": "871ea2010ffffff", "population_2015": 33474.97185606653, "total_built_mass_tons": 6422212.867056034, "city_id": 2801, "country_iso": "ITA"}, {"h3index": "871ea2011ffffff", "population_2015": 11474.865977355954, "total_built_mass_tons": 1535243.308950671, "city_id": 2801, "country_iso": "ITA"}, {"h3index": "871ea2012ffffff", "population_2015": 27797.0415388992, "total_built_mass_tons": 5759328.5431343615, "city_id": 2801, "country_iso": "ITA"}, {"h3index": "871ea2013ffffff", "population_2015": 43547.85997060836, "total_built_mass_tons": 8195185.250071536, "city_id": 2801, "country_iso": "ITA"}, {"h3index": "871ea2014ffffff", "population_2015": 17723.299840137308, "total_built_mass_tons": 4361593.995628783, "city_id": 2801, "country_iso": "ITA"}, {"h3index": "871ea2015ffffff", "population_2015": 138.9079420057582, "total_built_mass_tons": 32077.396314517457, "city_id": 2801, "country_iso": "ITA"}, {"h3index": "871ea2016ffffff", "population_2015": 37038.09003151397, "total_built_mass_tons": 7112062.314274733, "city_id": 2801, "country_iso": "ITA"}, {"h3index": "871ea201affffff", "population_2015": 2165.3933843115965, "total_built_mass_tons": 414842.8350559618, "city_id": 2801, "country_iso": "ITA"}, {"h3index": "871ea201effffff", "population_2015": 19697.2623887354, "total_built_mass_tons": 3164235.430926685, "city_id": 2801, "country_iso": "ITA"}, {"h3index": "871ea20a0ffffff", "population_2015": 8233.296373882904, "total_built_mass_tons": 1262705.8122411687, "city_id": 2801, "country_iso": "ITA"}, {"h3index": "871ea20a1ffffff", "population_2015": 1773.3385943038795, "total_built_mass_tons": 301612.9495481834, "city_id": 2801, "country_iso": "ITA"}, {"h3index": "871ea20a4ffffff", "population_2015": 19446.05669887927, "total_built_mass_tons": 4174343.947548706, "city_id": 2801, "country_iso": "ITA"}, {"h3index": "871ea20a5ffffff", "population_2015": 29830.052457727867, "total_built_mass_tons": 5164836.860255314, "city_id": 2801, "country_iso": "ITA"}, {"h3index": "871ea20a6ffffff", "population_2015": 4315.488276136917, "total_built_mass_tons": 620237.0732886877, "city_id": 2801, "country_iso": "ITA"}, {"h3index": "871ea20acffffff", "population_2015": 405.9016999903847, "total_built_mass_tons": 211106.71770685952, "city_id": 2801, "country_iso": "ITA"}, {"h3index": "871ea20adffffff", "population_2015": 18134.153112811146, "total_built_mass_tons": 2506970.3312985916, "city_id": 2801, "country_iso": "ITA"}, {"h3index": "871ea2181ffffff", "population_2015": 17021.242620347024, "total_built_mass_tons": 2679797.0681394883, "city_id": 2801, "country_iso": "ITA"}, {"h3index": "871ea2183ffffff", "population_2015": 3335.5857967875972, "total_built_mass_tons": 614909.7590135495, "city_id": 2801, "country_iso": "ITA"}, {"h3index": "871ea2188ffffff", "population_2015": 7018.27957779302, "total_built_mass_tons": 3662466.2007771474, "city_id": 2801, "country_iso": "ITA"}, {"h3index": "871ea2189ffffff", "population_2015": 8925.182256356564, "total_built_mass_tons": 3218657.783067444, "city_id": 2801, "country_iso": "ITA"}, {"h3index": "871ea218affffff", "population_2015": 7055.620623374713, "total_built_mass_tons": 1551153.478045122, "city_id": 2801, "country_iso": "ITA"}, {"h3index": "871ea218bffffff", "population_2015": 15637.929825350568, "total_built_mass_tons": 2727777.0854550693, "city_id": 2801, "country_iso": "ITA"}, {"h3index": "871ea218cffffff", "population_2015": 1856.393256045586, "total_built_mass_tons": 732664.2839356188, "city_id": 2801, "country_iso": "ITA"}, {"h3index": "871ea218effffff", "population_2015": 7974.3515120874945, "total_built_mass_tons": 1623144.060113252, "city_id": 2801, "country_iso": "ITA"}, {"h3index": "871ea2199ffffff", "population_2015": 784.2758204441153, "total_built_mass_tons": 836952.6217473941, "city_id": 2801, "country_iso": "ITA"}, {"h3index": "871ea219dffffff", "population_2015": 1369.2731337953826, "total_built_mass_tons": 253236.4492882092, "city_id": 2801, "country_iso": "ITA"}]