[{"h3index":"873196112ffffff","population_2015":24.7234523128,"total_built_mass_tons":17225.8096684702,"city_id":10435,"country_iso":"CHN"},{"h3index":"873196116ffffff","population_2015":940.2256311744,"total_built_mass_tons":609063.1876102025,"city_id":10435,"country_iso":"CHN"},{"h3index":"87319611affffff","population_2015":1394.4370548903,"total_built_mass_tons":831541.0533691369,"city_id":10435,"country_iso":"CHN"},{"h3index":"87319611effffff","population_2015":2.4035765741,"total_built_mass_tons":2334.2482000445,"city_id":10435,"country_iso":"CHN"},{"h3index":"873196184ffffff","population_2015":1964.8193532158,"total_built_mass_tons":1117800.9449008298,"city_id":10435,"country_iso":"CHN"},{"h3index":"873196185ffffff","population_2015":725.5892637702,"total_built_mass_tons":77724.9164927463,"city_id":10435,"country_iso":"CHN"},{"h3index":"8731961a0ffffff","population_2015":17833.8114136341,"total_built_mass_tons":3128458.3715950837,"city_id":10435,"country_iso":"CHN"},{"h3index":"8731961a1ffffff","population_2015":21802.061080783,"total_built_mass_tons":4529247.0189636871,"city_id":10435,"country_iso":"CHN"},{"h3index":"8731961a2ffffff","population_2015":8555.8839361336,"total_built_mass_tons":2564968.1995515758,"city_id":10435,"country_iso":"CHN"},{"h3index":"8731961a3ffffff","population_2015":16847.4554418751,"total_built_mass_tons":5797462.7400216116,"city_id":10435,"country_iso":"CHN"},{"h3index":"8731961a5ffffff","population_2015":7329.7902530081,"total_built_mass_tons":2774899.608288513,"city_id":10435,"country_iso":"CHN"},{"h3index":"8731961a6ffffff","population_2015":196.3640711803,"total_built_mass_tons":88473.1327040847,"city_id":10435,"country_iso":"CHN"},{"h3index":"8731961a8ffffff","population_2015":156.5801782608,"total_built_mass_tons":54797.4059172608,"city_id":10435,"country_iso":"CHN"},{"h3index":"8731961acffffff","population_2015":18028.6915740742,"total_built_mass_tons":2184195.2325430843,"city_id":10435,"country_iso":"CHN"},{"h3index":"8731961adffffff","population_2015":29450.1489110517,"total_built_mass_tons":1483840.1925300986,"city_id":10435,"country_iso":"CHN"},{"h3index":"8731961aeffffff","population_2015":2539.02741606,"total_built_mass_tons":799432.6261441599,"city_id":10435,"country_iso":"CHN"},{"h3index":"8731961b0ffffff","population_2015":394.6028542411,"total_built_mass_tons":157145.4573904341,"city_id":10435,"country_iso":"CHN"},{"h3index":"8731961b1ffffff","population_2015":3010.8887828752,"total_built_mass_tons":1536226.8343119309,"city_id":10435,"country_iso":"CHN"},{"h3index":"8731961b5ffffff","population_2015":1418.7115151069,"total_built_mass_tons":387481.2330829655,"city_id":10435,"country_iso":"CHN"}]