[{"h3index":"8740f0481ffffff","population_2015":453.4928259943,"total_built_mass_tons":143829.7112581398,"city_id":10433,"country_iso":"CHN"},{"h3index":"8740f048cffffff","population_2015":800.303347999,"total_built_mass_tons":167238.8983574979,"city_id":10433,"country_iso":"CHN"},{"h3index":"8740f048dffffff","population_2015":128.2516281736,"total_built_mass_tons":49741.7768246951,"city_id":10433,"country_iso":"CHN"},{"h3index":"8740f04a9ffffff","population_2015":7687.5665222561,"total_built_mass_tons":1129748.7526880673,"city_id":10433,"country_iso":"CHN"},{"h3index":"8740f04aaffffff","population_2015":2965.3848610336,"total_built_mass_tons":664044.5248444893,"city_id":10433,"country_iso":"CHN"},{"h3index":"8740f04abffffff","population_2015":15663.7050559399,"total_built_mass_tons":2748322.0011582193,"city_id":10433,"country_iso":"CHN"},{"h3index":"8740f04f4ffffff","population_2015":421.5392285478,"total_built_mass_tons":157647.6626211373,"city_id":10433,"country_iso":"CHN"},{"h3index":"8740f04f6ffffff","population_2015":1725.6030889025,"total_built_mass_tons":335445.0756478166,"city_id":10433,"country_iso":"CHN"}]