[{"h3index":"872a306c1ffffff","population_2015":2476.4766097204,"total_built_mass_tons":1119390.4849317393,"city_id":1018,"country_iso":"USA"},{"h3index":"872a306c2ffffff","population_2015":233.0530266977,"total_built_mass_tons":135755.5689341239,"city_id":1018,"country_iso":"USA"},{"h3index":"872a306c3ffffff","population_2015":1789.2962581473,"total_built_mass_tons":1138360.5762878056,"city_id":1018,"country_iso":"USA"},{"h3index":"872a306c8ffffff","population_2015":100.5357288403,"total_built_mass_tons":67946.9831784537,"city_id":1018,"country_iso":"USA"},{"h3index":"872a306caffffff","population_2015":2665.8287216474,"total_built_mass_tons":946348.548597544,"city_id":1018,"country_iso":"USA"},{"h3index":"872a306ceffffff","population_2015":3226.1736903854,"total_built_mass_tons":1388642.7936219254,"city_id":1018,"country_iso":"USA"},{"h3index":"872a306d0ffffff","population_2015":11.2812137417,"total_built_mass_tons":7316.5735229772,"city_id":1018,"country_iso":"USA"},{"h3index":"872a306d1ffffff","population_2015":2586.8357912695,"total_built_mass_tons":1451518.2048595324,"city_id":1018,"country_iso":"USA"},{"h3index":"872a306d3ffffff","population_2015":991.7470088159,"total_built_mass_tons":528697.8287639343,"city_id":1018,"country_iso":"USA"},{"h3index":"872a306d8ffffff","population_2015":7132.5112987871,"total_built_mass_tons":2897967.0253256187,"city_id":1018,"country_iso":"USA"},{"h3index":"872a306d9ffffff","population_2015":6313.1045468132,"total_built_mass_tons":1777796.3519158738,"city_id":1018,"country_iso":"USA"},{"h3index":"872a306daffffff","population_2015":5158.8231649893,"total_built_mass_tons":2171105.8429147685,"city_id":1018,"country_iso":"USA"},{"h3index":"872a306dbffffff","population_2015":9072.0002413293,"total_built_mass_tons":3108559.1495612031,"city_id":1018,"country_iso":"USA"},{"h3index":"872a306dcffffff","population_2015":3055.3791926783,"total_built_mass_tons":2767000.3928469564,"city_id":1018,"country_iso":"USA"},{"h3index":"872a306ddffffff","population_2015":2508.7479307397,"total_built_mass_tons":2319158.1059649442,"city_id":1018,"country_iso":"USA"},{"h3index":"872a306deffffff","population_2015":4179.5161396144,"total_built_mass_tons":1905498.0592847655,"city_id":1018,"country_iso":"USA"},{"h3index":"872a33d29ffffff","population_2015":1828.1729869492,"total_built_mass_tons":845251.6714501169,"city_id":1018,"country_iso":"USA"},{"h3index":"872a33d2bffffff","population_2015":9.8697061366,"total_built_mass_tons":639743.4366205565,"city_id":1018,"country_iso":"USA"},{"h3index":"872a33d2dffffff","population_2015":116.5624581602,"total_built_mass_tons":90600.4539392021,"city_id":1018,"country_iso":"USA"},{"h3index":"872a33d66ffffff","population_2015":362.722792764,"total_built_mass_tons":573363.3586430954,"city_id":1018,"country_iso":"USA"},{"h3index":"872a33d74ffffff","population_2015":498.2303441132,"total_built_mass_tons":219826.5913074563,"city_id":1018,"country_iso":"USA"},{"h3index":"872a33d75ffffff","population_2015":0.2615817687,"total_built_mass_tons":2908.6654106116,"city_id":1018,"country_iso":"USA"}]