[{"h3index":"873ce8c08ffffff","population_2015":6270.9241048626,"total_built_mass_tons":1675559.084942311,"city_id":10060,"country_iso":"IND"},{"h3index":"873ce8c09ffffff","population_2015":12993.8171059702,"total_built_mass_tons":1963573.4906531372,"city_id":10060,"country_iso":"IND"},{"h3index":"873ce8c0affffff","population_2015":101.6623922423,"total_built_mass_tons":53625.3721028299,"city_id":10060,"country_iso":"IND"},{"h3index":"873ce8c0bffffff","population_2015":19612.8471848282,"total_built_mass_tons":991454.4780852692,"city_id":10060,"country_iso":"IND"},{"h3index":"873ce8c0dffffff","population_2015":282.750274172,"total_built_mass_tons":317146.8460046949,"city_id":10060,"country_iso":"IND"},{"h3index":"873ce8c0effffff","population_2015":304.8631954305,"total_built_mass_tons":224646.4085117543,"city_id":10060,"country_iso":"IND"},{"h3index":"873ce8c19ffffff","population_2015":8.7901182885,"total_built_mass_tons":16927.785392001,"city_id":10060,"country_iso":"IND"},{"h3index":"873ce8c52ffffff","population_2015":295.1693099602,"total_built_mass_tons":83377.9662752561,"city_id":10060,"country_iso":"IND"},{"h3index":"873ce8c56ffffff","population_2015":1498.3073913799,"total_built_mass_tons":385892.6717797045,"city_id":10060,"country_iso":"IND"},{"h3index":"873ce8c72ffffff","population_2015":225.3911661372,"total_built_mass_tons":121539.5944675261,"city_id":10060,"country_iso":"IND"},{"h3index":"873ce8ce1ffffff","population_2015":401.2590761446,"total_built_mass_tons":273285.0743797509,"city_id":10060,"country_iso":"IND"},{"h3index":"873ce8ce3ffffff","population_2015":12.0485658646,"total_built_mass_tons":10155.8632499293,"city_id":10060,"country_iso":"IND"},{"h3index":"873ce8ce4ffffff","population_2015":46.4141960144,"total_built_mass_tons":58985.122117205,"city_id":10060,"country_iso":"IND"},{"h3index":"873ce8ce5ffffff","population_2015":62.8635595209,"total_built_mass_tons":24950.0806935667,"city_id":10060,"country_iso":"IND"},{"h3index":"873ce8ce6ffffff","population_2015":29.8560914283,"total_built_mass_tons":10931.8806128946,"city_id":10060,"country_iso":"IND"},{"h3index":"873ce8ceeffffff","population_2015":37.9959869385,"total_built_mass_tons":10572.7596486499,"city_id":10060,"country_iso":"IND"}]