[{"h3index": "8742e9810ffffff", "population_2015": 22.47956772224576, "total_built_mass_tons": 5181.20667532916, "city_id": 6546, "country_iso": "IND"}, {"h3index": "8742e9812ffffff", "population_2015": 15526.188310421214, "total_built_mass_tons": 2554884.4451782256, "city_id": 6546, "country_iso": "IND"}, {"h3index": "8742e9813ffffff", "population_2015": 3358.6854667214793, "total_built_mass_tons": 547276.8271248189, "city_id": 6546, "country_iso": "IND"}, {"h3index": "8742e9885ffffff", "population_2015": 155.13685107511634, "total_built_mass_tons": 26377.783348188528, "city_id": 6546, "country_iso": "IND"}, {"h3index": "8742e98a0ffffff", "population_2015": 1689.8449224920837, "total_built_mass_tons": 385240.3428079712, "city_id": 6546, "country_iso": "IND"}, {"h3index": "8742e98a1ffffff", "population_2015": 3926.211422804289, "total_built_mass_tons": 574500.7546841128, "city_id": 6546, "country_iso": "IND"}, {"h3index": "8742e98a3ffffff", "population_2015": 62.91719753788966, "total_built_mass_tons": 13109.420782670106, "city_id": 6546, "country_iso": "IND"}, {"h3index": "8742e98a5ffffff", "population_2015": 692.8599320392983, "total_built_mass_tons": 181405.4862468308, "city_id": 6546, "country_iso": "IND"}, {"h3index": "8742e98a8ffffff", "population_2015": 1046.5311832315783, "total_built_mass_tons": 236647.1408261734, "city_id": 6546, "country_iso": "IND"}, {"h3index": "8742e98acffffff", "population_2015": 23889.255617687748, "total_built_mass_tons": 2548316.1142513193, "city_id": 6546, "country_iso": "IND"}, {"h3index": "8742e98adffffff", "population_2015": 86.7581240859686, "total_built_mass_tons": 19808.6579338415, "city_id": 6546, "country_iso": "IND"}, {"h3index": "8742e98aeffffff", "population_2015": 1102.2138941708736, "total_built_mass_tons": 204935.49024328927, "city_id": 6546, "country_iso": "IND"}]