[{"h3index": "871942418ffffff", "population_2015": 3915.121661297013, "total_built_mass_tons": 1003675.096138724, "city_id": 1780, "country_iso": "GBR"}, {"h3index": "871942419ffffff", "population_2015": 2647.7387916623957, "total_built_mass_tons": 708201.2187713654, "city_id": 1780, "country_iso": "GBR"}, {"h3index": "87194241affffff", "population_2015": 1079.254366283791, "total_built_mass_tons": 264433.16669858084, "city_id": 1780, "country_iso": "GBR"}, {"h3index": "87194241bffffff", "population_2015": 10960.700379413249, "total_built_mass_tons": 2559765.073629856, "city_id": 1780, "country_iso": "GBR"}, {"h3index": "87194241dffffff", "population_2015": 2421.1693261875826, "total_built_mass_tons": 730342.8849953288, "city_id": 1780, "country_iso": "GBR"}, {"h3index": "87194248dffffff", "population_2015": 37.128516494526586, "total_built_mass_tons": 19345.807483195265, "city_id": 1780, "country_iso": "GBR"}, {"h3index": "87194249bffffff", "population_2015": 84.9551757272552, "total_built_mass_tons": 77646.65628754525, "city_id": 1780, "country_iso": "GBR"}, {"h3index": "8719424a9ffffff", "population_2015": 126.1548598317539, "total_built_mass_tons": 43560.87479535058, "city_id": 1780, "country_iso": "GBR"}, {"h3index": "8719424c0ffffff", "population_2015": 11449.367493782323, "total_built_mass_tons": 2863388.4461985356, "city_id": 1780, "country_iso": "GBR"}, {"h3index": "8719424c1ffffff", "population_2015": 21522.620878197165, "total_built_mass_tons": 5926110.064189641, "city_id": 1780, "country_iso": "GBR"}, {"h3index": "8719424c2ffffff", "population_2015": 12901.945202126337, "total_built_mass_tons": 3453442.9002109137, "city_id": 1780, "country_iso": "GBR"}, {"h3index": "8719424c3ffffff", "population_2015": 8252.308987370541, "total_built_mass_tons": 3621994.5835825335, "city_id": 1780, "country_iso": "GBR"}, {"h3index": "8719424c4ffffff", "population_2015": 6709.776902831096, "total_built_mass_tons": 1620592.7783155923, "city_id": 1780, "country_iso": "GBR"}, {"h3index": "8719424c5ffffff", "population_2015": 13695.990806662336, "total_built_mass_tons": 4581449.493170758, "city_id": 1780, "country_iso": "GBR"}, {"h3index": "8719424c6ffffff", "population_2015": 731.6653232319682, "total_built_mass_tons": 1605554.4920585367, "city_id": 1780, "country_iso": "GBR"}, {"h3index": "8719424c8ffffff", "population_2015": 6428.580556514334, "total_built_mass_tons": 1762523.3263289386, "city_id": 1780, "country_iso": "GBR"}, {"h3index": "8719424c9ffffff", "population_2015": 13721.869527930372, "total_built_mass_tons": 4980441.817932882, "city_id": 1780, "country_iso": "GBR"}, {"h3index": "8719424caffffff", "population_2015": 9702.287096273025, "total_built_mass_tons": 2240481.2786878888, "city_id": 1780, "country_iso": "GBR"}, {"h3index": "8719424cbffffff", "population_2015": 12837.254644298087, "total_built_mass_tons": 4011390.7098790016, "city_id": 1780, "country_iso": "GBR"}, {"h3index": "8719424ccffffff", "population_2015": 9020.586229581546, "total_built_mass_tons": 2148667.8781667408, "city_id": 1780, "country_iso": "GBR"}, {"h3index": "8719424cdffffff", "population_2015": 14252.152843306578, "total_built_mass_tons": 2828656.8463833695, "city_id": 1780, "country_iso": "GBR"}, {"h3index": "8719424ceffffff", "population_2015": 14735.540076885043, "total_built_mass_tons": 4004841.421588128, "city_id": 1780, "country_iso": "GBR"}, {"h3index": "8719424d0ffffff", "population_2015": 91.376164210018, "total_built_mass_tons": 622923.8626708988, "city_id": 1780, "country_iso": "GBR"}, {"h3index": "8719424d1ffffff", "population_2015": 7554.647704296546, "total_built_mass_tons": 1860590.9156754487, "city_id": 1780, "country_iso": "GBR"}, {"h3index": "8719424d2ffffff", "population_2015": 4068.799818303421, "total_built_mass_tons": 1143520.9319751442, "city_id": 1780, "country_iso": "GBR"}, {"h3index": "8719424d3ffffff", "population_2015": 849.5257520393998, "total_built_mass_tons": 655239.766019314, "city_id": 1780, "country_iso": "GBR"}, {"h3index": "8719424d4ffffff", "population_2015": 12325.213532258194, "total_built_mass_tons": 3750550.3572104806, "city_id": 1780, "country_iso": "GBR"}, {"h3index": "8719424d5ffffff", "population_2015": 5333.150930297111, "total_built_mass_tons": 1276717.916056804, "city_id": 1780, "country_iso": "GBR"}, {"h3index": "8719424d8ffffff", "population_2015": 17255.10100910336, "total_built_mass_tons": 3202084.458423184, "city_id": 1780, "country_iso": "GBR"}, {"h3index": "8719424d9ffffff", "population_2015": 12570.36258280394, "total_built_mass_tons": 3240957.3563574017, "city_id": 1780, "country_iso": "GBR"}, {"h3index": "8719424daffffff", "population_2015": 27149.95066777397, "total_built_mass_tons": 4812215.547134979, "city_id": 1780, "country_iso": "GBR"}, {"h3index": "8719424dbffffff", "population_2015": 9737.189333602257, "total_built_mass_tons": 4457385.783411851, "city_id": 1780, "country_iso": "GBR"}, {"h3index": "8719424dcffffff", "population_2015": 13449.327504391294, "total_built_mass_tons": 3105237.265643663, "city_id": 1780, "country_iso": "GBR"}, {"h3index": "8719424ddffffff", "population_2015": 16112.282633036728, "total_built_mass_tons": 3259944.121669026, "city_id": 1780, "country_iso": "GBR"}, {"h3index": "8719424deffffff", "population_2015": 10282.628173315054, "total_built_mass_tons": 2197105.944673824, "city_id": 1780, "country_iso": "GBR"}, {"h3index": "8719424e0ffffff", "population_2015": 4347.992774577702, "total_built_mass_tons": 1106548.404985214, "city_id": 1780, "country_iso": "GBR"}, {"h3index": "8719424e1ffffff", "population_2015": 3351.8491523007556, "total_built_mass_tons": 902812.4554738532, "city_id": 1780, "country_iso": "GBR"}, {"h3index": "8719424e2ffffff", "population_2015": 2519.3699244866184, "total_built_mass_tons": 1309741.005896095, "city_id": 1780, "country_iso": "GBR"}, {"h3index": "8719424e3ffffff", "population_2015": 10065.348748511427, "total_built_mass_tons": 2644964.3194179125, "city_id": 1780, "country_iso": "GBR"}, {"h3index": "8719424e4ffffff", "population_2015": 14.860853470306772, "total_built_mass_tons": 21479.295537159855, "city_id": 1780, "country_iso": "GBR"}, {"h3index": "8719424e6ffffff", "population_2015": 7507.391712246805, "total_built_mass_tons": 2261518.7941358723, "city_id": 1780, "country_iso": "GBR"}, {"h3index": "8719424e8ffffff", "population_2015": 7673.217680221446, "total_built_mass_tons": 1716882.560866978, "city_id": 1780, "country_iso": "GBR"}, {"h3index": "8719424eaffffff", "population_2015": 18288.740363193487, "total_built_mass_tons": 4188610.591305067, "city_id": 1780, "country_iso": "GBR"}, {"h3index": "8719424ebffffff", "population_2015": 1990.71383978257, "total_built_mass_tons": 413081.2760937302, "city_id": 1780, "country_iso": "GBR"}, {"h3index": "8719424ecffffff", "population_2015": 130.2465667216801, "total_built_mass_tons": 32576.96846072802, "city_id": 1780, "country_iso": "GBR"}, {"h3index": "8719424eeffffff", "population_2015": 9716.312855061837, "total_built_mass_tons": 2240757.4079865054, "city_id": 1780, "country_iso": "GBR"}, {"h3index": "8719424f0ffffff", "population_2015": 7096.117321824092, "total_built_mass_tons": 2237515.537871008, "city_id": 1780, "country_iso": "GBR"}, {"h3index": "8719424f1ffffff", "population_2015": 5030.7057329972, "total_built_mass_tons": 1880895.061573455, "city_id": 1780, "country_iso": "GBR"}, {"h3index": "8719424f2ffffff", "population_2015": 3947.261930262224, "total_built_mass_tons": 1242430.9036813404, "city_id": 1780, "country_iso": "GBR"}, {"h3index": "8719424f3ffffff", "population_2015": 4827.855429463411, "total_built_mass_tons": 2014299.6394942333, "city_id": 1780, "country_iso": "GBR"}, {"h3index": "8719424f4ffffff", "population_2015": 14094.089970233394, "total_built_mass_tons": 3940635.153191264, "city_id": 1780, "country_iso": "GBR"}, {"h3index": "8719424f5ffffff", "population_2015": 17709.97527396306, "total_built_mass_tons": 4934397.753875412, "city_id": 1780, "country_iso": "GBR"}, {"h3index": "8719424f6ffffff", "population_2015": 5957.747494302075, "total_built_mass_tons": 1507469.0577675984, "city_id": 1780, "country_iso": "GBR"}, {"h3index": "8719426b0ffffff", "population_2015": 3.5926633442149445, "total_built_mass_tons": 7499.438985413313, "city_id": 1780, "country_iso": "GBR"}, {"h3index": "8719426b2ffffff", "population_2015": 369.4930120150248, "total_built_mass_tons": 120362.1493944395, "city_id": 1780, "country_iso": "GBR"}, {"h3index": "8719426b4ffffff", "population_2015": 1837.0189695863169, "total_built_mass_tons": 444612.1314431637, "city_id": 1780, "country_iso": "GBR"}, {"h3index": "8719426b6ffffff", "population_2015": 7628.072995584384, "total_built_mass_tons": 2488630.799089748, "city_id": 1780, "country_iso": "GBR"}, {"h3index": "871942790ffffff", "population_2015": 13395.641434821428, "total_built_mass_tons": 3319449.359086969, "city_id": 1780, "country_iso": "GBR"}, {"h3index": "871942791ffffff", "population_2015": 1337.2114957329102, "total_built_mass_tons": 450694.1159140251, "city_id": 1780, "country_iso": "GBR"}, {"h3index": "871942792ffffff", "population_2015": 9978.084358599575, "total_built_mass_tons": 2541717.750364905, "city_id": 1780, "country_iso": "GBR"}, {"h3index": "871942793ffffff", "population_2015": 6638.8300510032495, "total_built_mass_tons": 1880192.0469351169, "city_id": 1780, "country_iso": "GBR"}, {"h3index": "871942794ffffff", "population_2015": 14999.956898221782, "total_built_mass_tons": 3438326.5397354783, "city_id": 1780, "country_iso": "GBR"}, {"h3index": "871942795ffffff", "population_2015": 2042.5673519826405, "total_built_mass_tons": 486039.0319534683, "city_id": 1780, "country_iso": "GBR"}, {"h3index": "871942796ffffff", "population_2015": 10000.943162717596, "total_built_mass_tons": 3503355.5844276147, "city_id": 1780, "country_iso": "GBR"}, {"h3index": "87194279affffff", "population_2015": 144.92211275568195, "total_built_mass_tons": 48958.86292818506, "city_id": 1780, "country_iso": "GBR"}, {"h3index": "87194279effffff", "population_2015": 2656.9549074794727, "total_built_mass_tons": 646311.9966521864, "city_id": 1780, "country_iso": "GBR"}, {"h3index": "8719427b0ffffff", "population_2015": 2791.401099243351, "total_built_mass_tons": 709036.083555456, "city_id": 1780, "country_iso": "GBR"}, {"h3index": "8719427b2ffffff", "population_2015": 12065.138229711383, "total_built_mass_tons": 3731851.509634834, "city_id": 1780, "country_iso": "GBR"}, {"h3index": "8719427b3ffffff", "population_2015": 1566.3576954327375, "total_built_mass_tons": 548346.9706419789, "city_id": 1780, "country_iso": "GBR"}, {"h3index": "8719427b4ffffff", "population_2015": 5.5758764229568785, "total_built_mass_tons": 1017.29532787653, "city_id": 1780, "country_iso": "GBR"}, {"h3index": "8719427b6ffffff", "population_2015": 2055.245663969949, "total_built_mass_tons": 474745.1083371598, "city_id": 1780, "country_iso": "GBR"}, {"h3index": "871951849ffffff", "population_2015": 2261.591747354059, "total_built_mass_tons": 542105.3288916509, "city_id": 1780, "country_iso": "GBR"}, {"h3index": "87195184dffffff", "population_2015": 2.1307687385409486, "total_built_mass_tons": 3450.733871358938, "city_id": 1780, "country_iso": "GBR"}, {"h3index": "871951869ffffff", "population_2015": 1869.3036647273043, "total_built_mass_tons": 483471.2027754307, "city_id": 1780, "country_iso": "GBR"}, {"h3index": "871951a04ffffff", "population_2015": 3055.384956424376, "total_built_mass_tons": 746750.9150717832, "city_id": 1780, "country_iso": "GBR"}, {"h3index": "871951a05ffffff", "population_2015": 4196.315787547711, "total_built_mass_tons": 938096.1032032922, "city_id": 1780, "country_iso": "GBR"}, {"h3index": "871951a20ffffff", "population_2015": 10171.944174098384, "total_built_mass_tons": 2553908.1344781606, "city_id": 1780, "country_iso": "GBR"}, {"h3index": "871951a21ffffff", "population_2015": 342.1162838140538, "total_built_mass_tons": 1916848.6768398103, "city_id": 1780, "country_iso": "GBR"}, {"h3index": "871951a22ffffff", "population_2015": 276.06356154984115, "total_built_mass_tons": 83249.92984996956, "city_id": 1780, "country_iso": "GBR"}, {"h3index": "871951a23ffffff", "population_2015": 3401.975845890187, "total_built_mass_tons": 3075920.9968909333, "city_id": 1780, "country_iso": "GBR"}, {"h3index": "871951a24ffffff", "population_2015": 824.4017481568982, "total_built_mass_tons": 563541.2892125978, "city_id": 1780, "country_iso": "GBR"}, {"h3index": "871951a25ffffff", "population_2015": 13471.714687191268, "total_built_mass_tons": 3296253.340178505, "city_id": 1780, "country_iso": "GBR"}, {"h3index": "871951a26ffffff", "population_2015": 36.93126978032729, "total_built_mass_tons": 34331.75065655574, "city_id": 1780, "country_iso": "GBR"}, {"h3index": "871951a28ffffff", "population_2015": 1551.9293421097827, "total_built_mass_tons": 821505.4010791896, "city_id": 1780, "country_iso": "GBR"}, {"h3index": "871951a29ffffff", "population_2015": 8693.827029926168, "total_built_mass_tons": 2049009.4544465127, "city_id": 1780, "country_iso": "GBR"}, {"h3index": "871951a2bffffff", "population_2015": 2.005340649099911, "total_built_mass_tons": 2071.947218879666, "city_id": 1780, "country_iso": "GBR"}, {"h3index": "871951a2cffffff", "population_2015": 7856.280763728478, "total_built_mass_tons": 1663092.4295250366, "city_id": 1780, "country_iso": "GBR"}, {"h3index": "871951a2dffffff", "population_2015": 15147.670962700884, "total_built_mass_tons": 4224487.801799886, "city_id": 1780, "country_iso": "GBR"}, {"h3index": "871951a2effffff", "population_2015": 19.376740239589825, "total_built_mass_tons": 58188.30004918573, "city_id": 1780, "country_iso": "GBR"}, {"h3index": "871951a60ffffff", "population_2015": 3983.57590303421, "total_built_mass_tons": 891115.602711277, "city_id": 1780, "country_iso": "GBR"}, {"h3index": "871951a61ffffff", "population_2015": 539.5754673268281, "total_built_mass_tons": 185206.1535803782, "city_id": 1780, "country_iso": "GBR"}, {"h3index": "871951a63ffffff", "population_2015": 297.3806169098499, "total_built_mass_tons": 62339.22204876421, "city_id": 1780, "country_iso": "GBR"}, {"h3index": "871951a64ffffff", "population_2015": 805.6107678422742, "total_built_mass_tons": 345068.6454470394, "city_id": 1780, "country_iso": "GBR"}, {"h3index": "871951a65ffffff", "population_2015": 5178.997153097041, "total_built_mass_tons": 1442871.0010559908, "city_id": 1780, "country_iso": "GBR"}, {"h3index": "871951a74ffffff", "population_2015": 231.8065559873394, "total_built_mass_tons": 94787.55120038553, "city_id": 1780, "country_iso": "GBR"}, {"h3index": "871951a76ffffff", "population_2015": 37.95889308779847, "total_built_mass_tons": 25766.01081565568, "city_id": 1780, "country_iso": "GBR"}, {"h3index": "871951b00ffffff", "population_2015": 10270.169546901305, "total_built_mass_tons": 3011271.1952339117, "city_id": 1780, "country_iso": "GBR"}, {"h3index": "871951b01ffffff", "population_2015": 3267.6648113716456, "total_built_mass_tons": 1529344.075280818, "city_id": 1780, "country_iso": "GBR"}, {"h3index": "871951b02ffffff", "population_2015": 14020.871302457706, "total_built_mass_tons": 3116655.5156626543, "city_id": 1780, "country_iso": "GBR"}, {"h3index": "871951b03ffffff", "population_2015": 12809.418905475794, "total_built_mass_tons": 3354283.058289822, "city_id": 1780, "country_iso": "GBR"}, {"h3index": "871951b04ffffff", "population_2015": 7885.378315547517, "total_built_mass_tons": 1775181.204172744, "city_id": 1780, "country_iso": "GBR"}, {"h3index": "871951b05ffffff", "population_2015": 3019.7691902766624, "total_built_mass_tons": 1213550.3430948383, "city_id": 1780, "country_iso": "GBR"}, {"h3index": "871951b06ffffff", "population_2015": 13022.592238904914, "total_built_mass_tons": 3537210.7530830335, "city_id": 1780, "country_iso": "GBR"}, {"h3index": "871951b08ffffff", "population_2015": 17458.130748352938, "total_built_mass_tons": 4160549.10331386, "city_id": 1780, "country_iso": "GBR"}, {"h3index": "871951b09ffffff", "population_2015": 1125.977865477695, "total_built_mass_tons": 6471800.641838665, "city_id": 1780, "country_iso": "GBR"}, {"h3index": "871951b0affffff", "population_2015": 2115.2830749764166, "total_built_mass_tons": 667124.1051127607, "city_id": 1780, "country_iso": "GBR"}, {"h3index": "871951b0bffffff", "population_2015": 5746.618842201607, "total_built_mass_tons": 2893696.1872848454, "city_id": 1780, "country_iso": "GBR"}, {"h3index": "871951b0cffffff", "population_2015": 15040.39344845379, "total_built_mass_tons": 3885937.9145238088, "city_id": 1780, "country_iso": "GBR"}, {"h3index": "871951b0dffffff", "population_2015": 14633.577941598727, "total_built_mass_tons": 4489913.483468873, "city_id": 1780, "country_iso": "GBR"}, {"h3index": "871951b0effffff", "population_2015": 4296.17889388309, "total_built_mass_tons": 1419051.6684968094, "city_id": 1780, "country_iso": "GBR"}, {"h3index": "871951b14ffffff", "population_2015": 11798.909896988966, "total_built_mass_tons": 2439988.4834245876, "city_id": 1780, "country_iso": "GBR"}, {"h3index": "871951b15ffffff", "population_2015": 15677.13465307656, "total_built_mass_tons": 2959076.5333335213, "city_id": 1780, "country_iso": "GBR"}, {"h3index": "871951b16ffffff", "population_2015": 1156.4946874324016, "total_built_mass_tons": 388128.39440686104, "city_id": 1780, "country_iso": "GBR"}, {"h3index": "871951b1dffffff", "population_2015": 6304.356423656964, "total_built_mass_tons": 1422009.266190176, "city_id": 1780, "country_iso": "GBR"}, {"h3index": "871951b22ffffff", "population_2015": 4762.875922355408, "total_built_mass_tons": 1355623.7560406022, "city_id": 1780, "country_iso": "GBR"}, {"h3index": "871951b23ffffff", "population_2015": 10963.938318431668, "total_built_mass_tons": 2438577.952534115, "city_id": 1780, "country_iso": "GBR"}, {"h3index": "871951b28ffffff", "population_2015": 5449.646404138677, "total_built_mass_tons": 2080102.0961440369, "city_id": 1780, "country_iso": "GBR"}, {"h3index": "871951b29ffffff", "population_2015": 10862.100388210429, "total_built_mass_tons": 2122872.963903995, "city_id": 1780, "country_iso": "GBR"}, {"h3index": "871951b2affffff", "population_2015": 7132.234124178277, "total_built_mass_tons": 1890237.5795026005, "city_id": 1780, "country_iso": "GBR"}, {"h3index": "871951b2bffffff", "population_2015": 8724.070718236764, "total_built_mass_tons": 2939954.6484276447, "city_id": 1780, "country_iso": "GBR"}, {"h3index": "871951b2cffffff", "population_2015": 15747.353465412176, "total_built_mass_tons": 3542620.463995198, "city_id": 1780, "country_iso": "GBR"}, {"h3index": "871951b2dffffff", "population_2015": 13184.375472332566, "total_built_mass_tons": 2638859.1677742125, "city_id": 1780, "country_iso": "GBR"}, {"h3index": "871951b2effffff", "population_2015": 5433.037169675324, "total_built_mass_tons": 1455969.651560178, "city_id": 1780, "country_iso": "GBR"}, {"h3index": "871951b30ffffff", "population_2015": 14111.99614168826, "total_built_mass_tons": 4077604.857514397, "city_id": 1780, "country_iso": "GBR"}, {"h3index": "871951b31ffffff", "population_2015": 10870.825975398691, "total_built_mass_tons": 2613068.065270463, "city_id": 1780, "country_iso": "GBR"}, {"h3index": "871951b32ffffff", "population_2015": 16828.37596980918, "total_built_mass_tons": 3508593.9524778863, "city_id": 1780, "country_iso": "GBR"}, {"h3index": "871951b33ffffff", "population_2015": 14799.360816330069, "total_built_mass_tons": 5140647.208533793, "city_id": 1780, "country_iso": "GBR"}, {"h3index": "871951b34ffffff", "population_2015": 5726.666297362833, "total_built_mass_tons": 1428999.9991447893, "city_id": 1780, "country_iso": "GBR"}, {"h3index": "871951b35ffffff", "population_2015": 8146.415954849765, "total_built_mass_tons": 1938445.9607686792, "city_id": 1780, "country_iso": "GBR"}, {"h3index": "871951b36ffffff", "population_2015": 5802.775819981798, "total_built_mass_tons": 1276828.223210515, "city_id": 1780, "country_iso": "GBR"}, {"h3index": "871951b40ffffff", "population_2015": 22573.69791827717, "total_built_mass_tons": 3803090.149699361, "city_id": 1780, "country_iso": "GBR"}, {"h3index": "871951b41ffffff", "population_2015": 8744.115664644689, "total_built_mass_tons": 2457847.361589855, "city_id": 1780, "country_iso": "GBR"}, {"h3index": "871951b42ffffff", "population_2015": 6912.71159200762, "total_built_mass_tons": 1762719.2458528995, "city_id": 1780, "country_iso": "GBR"}, {"h3index": "871951b43ffffff", "population_2015": 7301.432399307047, "total_built_mass_tons": 2256208.245882935, "city_id": 1780, "country_iso": "GBR"}, {"h3index": "871951b44ffffff", "population_2015": 30580.09389442275, "total_built_mass_tons": 4186076.137136436, "city_id": 1780, "country_iso": "GBR"}, {"h3index": "871951b45ffffff", "population_2015": 16917.132622827732, "total_built_mass_tons": 3529514.6842383156, "city_id": 1780, "country_iso": "GBR"}, {"h3index": "871951b46ffffff", "population_2015": 19010.48055581953, "total_built_mass_tons": 3545934.3441844643, "city_id": 1780, "country_iso": "GBR"}, {"h3index": "871951b48ffffff", "population_2015": 10108.692857249578, "total_built_mass_tons": 2760244.16037188, "city_id": 1780, "country_iso": "GBR"}, {"h3index": "871951b49ffffff", "population_2015": 3565.4021160406246, "total_built_mass_tons": 926895.6657223464, "city_id": 1780, "country_iso": "GBR"}, {"h3index": "871951b4affffff", "population_2015": 7780.722883275094, "total_built_mass_tons": 2435346.066076351, "city_id": 1780, "country_iso": "GBR"}, {"h3index": "871951b4bffffff", "population_2015": 5275.2618077633415, "total_built_mass_tons": 2043651.671641734, "city_id": 1780, "country_iso": "GBR"}, {"h3index": "871951b4cffffff", "population_2015": 10918.45916786661, "total_built_mass_tons": 3084146.803923456, "city_id": 1780, "country_iso": "GBR"}, {"h3index": "871951b4dffffff", "population_2015": 5727.46889825475, "total_built_mass_tons": 1597146.6191886892, "city_id": 1780, "country_iso": "GBR"}, {"h3index": "871951b4effffff", "population_2015": 6426.003726138555, "total_built_mass_tons": 2323306.570017038, "city_id": 1780, "country_iso": "GBR"}, {"h3index": "871951b50ffffff", "population_2015": 8249.424720833345, "total_built_mass_tons": 2512054.350832563, "city_id": 1780, "country_iso": "GBR"}, {"h3index": "871951b51ffffff", "population_2015": 17666.115896471572, "total_built_mass_tons": 3353492.2614704533, "city_id": 1780, "country_iso": "GBR"}, {"h3index": "871951b52ffffff", "population_2015": 6706.733902126025, "total_built_mass_tons": 1657998.1400899077, "city_id": 1780, "country_iso": "GBR"}, {"h3index": "871951b53ffffff", "population_2015": 17070.191017610887, "total_built_mass_tons": 3861493.3528144886, "city_id": 1780, "country_iso": "GBR"}, {"h3index": "871951b54ffffff", "population_2015": 16291.695611831838, "total_built_mass_tons": 5732107.250676265, "city_id": 1780, "country_iso": "GBR"}, {"h3index": "871951b55ffffff", "population_2015": 12657.382811753656, "total_built_mass_tons": 2117523.87813925, "city_id": 1780, "country_iso": "GBR"}, {"h3index": "871951b56ffffff", "population_2015": 16231.03831741343, "total_built_mass_tons": 3809371.263702552, "city_id": 1780, "country_iso": "GBR"}, {"h3index": "871951b58ffffff", "population_2015": 8161.9346814997025, "total_built_mass_tons": 2020332.912122747, "city_id": 1780, "country_iso": "GBR"}, {"h3index": "871951b59ffffff", "population_2015": 3836.1880187515712, "total_built_mass_tons": 1534572.5417433255, "city_id": 1780, "country_iso": "GBR"}, {"h3index": "871951b5affffff", "population_2015": 4826.1402189759665, "total_built_mass_tons": 1221459.0962306429, "city_id": 1780, "country_iso": "GBR"}, {"h3index": "871951b5cffffff", "population_2015": 12910.901911518622, "total_built_mass_tons": 2676404.164078863, "city_id": 1780, "country_iso": "GBR"}, {"h3index": "871951b5dffffff", "population_2015": 17374.062153810617, "total_built_mass_tons": 3705412.796623584, "city_id": 1780, "country_iso": "GBR"}, {"h3index": "871951b5effffff", "population_2015": 14978.764613474124, "total_built_mass_tons": 3730566.710562548, "city_id": 1780, "country_iso": "GBR"}, {"h3index": "871951b60ffffff", "population_2015": 18791.524051724235, "total_built_mass_tons": 4107636.2407793896, "city_id": 1780, "country_iso": "GBR"}, {"h3index": "871951b61ffffff", "population_2015": 13109.727658450489, "total_built_mass_tons": 2715259.5591331506, "city_id": 1780, "country_iso": "GBR"}, {"h3index": "871951b62ffffff", "population_2015": 32136.473606868356, "total_built_mass_tons": 5382757.813079729, "city_id": 1780, "country_iso": "GBR"}, {"h3index": "871951b63ffffff", "population_2015": 21084.25793588489, "total_built_mass_tons": 3832760.204434568, "city_id": 1780, "country_iso": "GBR"}, {"h3index": "871951b64ffffff", "population_2015": 18492.86258012501, "total_built_mass_tons": 4318652.053711054, "city_id": 1780, "country_iso": "GBR"}, {"h3index": "871951b65ffffff", "population_2015": 5971.151105912585, "total_built_mass_tons": 2317065.0426965263, "city_id": 1780, "country_iso": "GBR"}, {"h3index": "871951b66ffffff", "population_2015": 9169.492151525908, "total_built_mass_tons": 5078938.297816148, "city_id": 1780, "country_iso": "GBR"}, {"h3index": "871951b68ffffff", "population_2015": 12061.698155534035, "total_built_mass_tons": 3634567.689623036, "city_id": 1780, "country_iso": "GBR"}, {"h3index": "871951b69ffffff", "population_2015": 13169.81473701047, "total_built_mass_tons": 3082366.713871632, "city_id": 1780, "country_iso": "GBR"}, {"h3index": "871951b6affffff", "population_2015": 16150.282211975493, "total_built_mass_tons": 4761403.159518157, "city_id": 1780, "country_iso": "GBR"}, {"h3index": "871951b6bffffff", "population_2015": 15773.265270825455, "total_built_mass_tons": 3639742.526558593, "city_id": 1780, "country_iso": "GBR"}, {"h3index": "871951b6cffffff", "population_2015": 6934.061489285791, "total_built_mass_tons": 3085089.829655549, "city_id": 1780, "country_iso": "GBR"}, {"h3index": "871951b6dffffff", "population_2015": 5954.338885274819, "total_built_mass_tons": 1568890.8801903669, "city_id": 1780, "country_iso": "GBR"}, {"h3index": "871951b6effffff", "population_2015": 13973.959383195996, "total_built_mass_tons": 4000295.283089265, "city_id": 1780, "country_iso": "GBR"}, {"h3index": "871951b70ffffff", "population_2015": 20341.703594041344, "total_built_mass_tons": 7143043.262742919, "city_id": 1780, "country_iso": "GBR"}, {"h3index": "871951b71ffffff", "population_2015": 33188.97795932433, "total_built_mass_tons": 6625457.417851174, "city_id": 1780, "country_iso": "GBR"}, {"h3index": "871951b72ffffff", "population_2015": 6573.10130586297, "total_built_mass_tons": 5784702.961576434, "city_id": 1780, "country_iso": "GBR"}, {"h3index": "871951b73ffffff", "population_2015": 24286.55141110047, "total_built_mass_tons": 5042699.575958402, "city_id": 1780, "country_iso": "GBR"}, {"h3index": "871951b74ffffff", "population_2015": 19068.47704773276, "total_built_mass_tons": 6616801.330557186, "city_id": 1780, "country_iso": "GBR"}, {"h3index": "871951b75ffffff", "population_2015": 25209.901643505505, "total_built_mass_tons": 9152553.219437417, "city_id": 1780, "country_iso": "GBR"}, {"h3index": "871951b76ffffff", "population_2015": 15743.79676872562, "total_built_mass_tons": 4620914.682363094, "city_id": 1780, "country_iso": "GBR"}]