[{"h3index":"87649c261ffffff","population_2015":75.5229006805,"total_built_mass_tons":37875.3852968473,"city_id":10257,"country_iso":"MMR"},{"h3index":"87649c268ffffff","population_2015":136.1091376473,"total_built_mass_tons":32974.0544462925,"city_id":10257,"country_iso":"MMR"},{"h3index":"87649c26cffffff","population_2015":9623.5624853471,"total_built_mass_tons":1989889.765348834,"city_id":10257,"country_iso":"MMR"},{"h3index":"87649c26dffffff","population_2015":1045.12969998,"total_built_mass_tons":258178.1483471202,"city_id":10257,"country_iso":"MMR"},{"h3index":"87649c26effffff","population_2015":289.9356287003,"total_built_mass_tons":109597.7599636769,"city_id":10257,"country_iso":"MMR"},{"h3index":"87649dc91ffffff","population_2015":51.0482000314,"total_built_mass_tons":29501.4244131372,"city_id":10257,"country_iso":"MMR"},{"h3index":"87649dc92ffffff","population_2015":2268.4159558352,"total_built_mass_tons":583275.4130110017,"city_id":10257,"country_iso":"MMR"},{"h3index":"87649dc93ffffff","population_2015":4791.2526920225,"total_built_mass_tons":1124453.2606992803,"city_id":10257,"country_iso":"MMR"}]