[{"h3index":"87431e121ffffff","population_2015":9.1046487397,"total_built_mass_tons":2944.282880715,"city_id":5921,"country_iso":"IRN"},{"h3index":"87431e124ffffff","population_2015":815.26476274,"total_built_mass_tons":477593.8074139015,"city_id":5921,"country_iso":"IRN"},{"h3index":"87431e125ffffff","population_2015":2716.1448073032,"total_built_mass_tons":1100450.2539458363,"city_id":5921,"country_iso":"IRN"},{"h3index":"87431e12cffffff","population_2015":259.5564119825,"total_built_mass_tons":78202.1250134679,"city_id":5921,"country_iso":"IRN"},{"h3index":"87431e882ffffff","population_2015":2498.1108545079,"total_built_mass_tons":846278.1581439183,"city_id":5921,"country_iso":"IRN"},{"h3index":"87431e883ffffff","population_2015":2594.6048293394,"total_built_mass_tons":1215202.7655798709,"city_id":5921,"country_iso":"IRN"},{"h3index":"87431e886ffffff","population_2015":72.7113377515,"total_built_mass_tons":17452.1460363169,"city_id":5921,"country_iso":"IRN"},{"h3index":"87431e888ffffff","population_2015":178.8050298691,"total_built_mass_tons":119458.8648688802,"city_id":5921,"country_iso":"IRN"},{"h3index":"87431e889ffffff","population_2015":13.3389511108,"total_built_mass_tons":9380.0207873233,"city_id":5921,"country_iso":"IRN"},{"h3index":"87431e88affffff","population_2015":3451.4415128184,"total_built_mass_tons":1819824.2501042527,"city_id":5921,"country_iso":"IRN"},{"h3index":"87431e88bffffff","population_2015":3028.0943145116,"total_built_mass_tons":1572195.6422369462,"city_id":5921,"country_iso":"IRN"},{"h3index":"87431e88effffff","population_2015":1493.6900926366,"total_built_mass_tons":881342.3722168856,"city_id":5921,"country_iso":"IRN"},{"h3index":"87431e890ffffff","population_2015":293.5188391442,"total_built_mass_tons":87738.8795259193,"city_id":5921,"country_iso":"IRN"},{"h3index":"87431e891ffffff","population_2015":301.0048870386,"total_built_mass_tons":90486.8484036984,"city_id":5921,"country_iso":"IRN"},{"h3index":"87431e895ffffff","population_2015":2049.5377962449,"total_built_mass_tons":698473.6852873473,"city_id":5921,"country_iso":"IRN"},{"h3index":"87431e89cffffff","population_2015":1571.5551874497,"total_built_mass_tons":571402.8509406984,"city_id":5921,"country_iso":"IRN"},{"h3index":"87431e89dffffff","population_2015":2087.7340690276,"total_built_mass_tons":861949.5392780461,"city_id":5921,"country_iso":"IRN"},{"h3index":"87431e8d0ffffff","population_2015":162.3775706646,"total_built_mass_tons":57239.9718859819,"city_id":5921,"country_iso":"IRN"},{"h3index":"87431e8d1ffffff","population_2015":94.2518615723,"total_built_mass_tons":34719.566638112,"city_id":5921,"country_iso":"IRN"},{"h3index":"87431e8d2ffffff","population_2015":4119.3831289291,"total_built_mass_tons":2989505.8525364585,"city_id":5921,"country_iso":"IRN"},{"h3index":"87431e8d3ffffff","population_2015":592.8911594484,"total_built_mass_tons":199867.0473155445,"city_id":5921,"country_iso":"IRN"},{"h3index":"87431e8d6ffffff","population_2015":303.1408888985,"total_built_mass_tons":411233.0354797298,"city_id":5921,"country_iso":"IRN"},{"h3index":"87431e8dcffffff","population_2015":92.8220597725,"total_built_mass_tons":39040.15043183,"city_id":5921,"country_iso":"IRN"},{"h3index":"87431e8deffffff","population_2015":50.1119978372,"total_built_mass_tons":33178.7836831383,"city_id":5921,"country_iso":"IRN"}]