[{"h3index":"873cc0a5affffff","population_2015":1680.3049034119,"total_built_mass_tons":353538.1029835292,"city_id":10063,"country_iso":"IND"},{"h3index":"873cc0accffffff","population_2015":187.7084224402,"total_built_mass_tons":29571.4575658884,"city_id":10063,"country_iso":"IND"},{"h3index":"873cc0acdffffff","population_2015":140.8398709914,"total_built_mass_tons":28521.9604773304,"city_id":10063,"country_iso":"IND"},{"h3index":"873cc0ae8ffffff","population_2015":3503.4559175678,"total_built_mass_tons":309032.6047392125,"city_id":10063,"country_iso":"IND"},{"h3index":"873cc0ae9ffffff","population_2015":18631.3820218928,"total_built_mass_tons":2107189.8857983202,"city_id":10063,"country_iso":"IND"},{"h3index":"873cc0aeaffffff","population_2015":112.9651215348,"total_built_mass_tons":8075.1287185747,"city_id":10063,"country_iso":"IND"},{"h3index":"873cc0aebffffff","population_2015":15526.0307786904,"total_built_mass_tons":1716222.3574449862,"city_id":10063,"country_iso":"IND"},{"h3index":"873cc0aecffffff","population_2015":135.0052972233,"total_built_mass_tons":14723.9551966458,"city_id":10063,"country_iso":"IND"},{"h3index":"873cc0aedffffff","population_2015":68.1403226965,"total_built_mass_tons":5044.2800413376,"city_id":10063,"country_iso":"IND"},{"h3index":"873cc1db4ffffff","population_2015":1913.1134359098,"total_built_mass_tons":349406.1115449707,"city_id":10063,"country_iso":"IND"},{"h3index":"873cc1db6ffffff","population_2015":446.4884381313,"total_built_mass_tons":49983.7360066867,"city_id":10063,"country_iso":"IND"}]