[{"h3index":"8731b1a09ffffff","population_2015":150.1481120624,"total_built_mass_tons":114936.7035120362,"city_id":10419,"country_iso":"CHN"},{"h3index":"8731b1a0dffffff","population_2015":1071.2380953265,"total_built_mass_tons":214426.2736883048,"city_id":10419,"country_iso":"CHN"},{"h3index":"8731b1a54ffffff","population_2015":4798.6445277233,"total_built_mass_tons":1611056.136276565,"city_id":10419,"country_iso":"CHN"},{"h3index":"8731b1a55ffffff","population_2015":13.947497194,"total_built_mass_tons":4474.596624695,"city_id":10419,"country_iso":"CHN"},{"h3index":"8731b1a70ffffff","population_2015":5271.4977364802,"total_built_mass_tons":1045670.6841944336,"city_id":10419,"country_iso":"CHN"},{"h3index":"8731b1a71ffffff","population_2015":165.29319136,"total_built_mass_tons":77887.3867784491,"city_id":10419,"country_iso":"CHN"},{"h3index":"8731b1a72ffffff","population_2015":18036.5031928455,"total_built_mass_tons":3811779.8029264966,"city_id":10419,"country_iso":"CHN"},{"h3index":"8731b1a73ffffff","population_2015":4775.3865851159,"total_built_mass_tons":831866.882546479,"city_id":10419,"country_iso":"CHN"},{"h3index":"8731b1a76ffffff","population_2015":219.5129858915,"total_built_mass_tons":127794.0237498578,"city_id":10419,"country_iso":"CHN"}]