[{"h3index":"872bae0c2ffffff","population_2015":305.6808348468,"total_built_mass_tons":218503.1304370733,"city_id":1044,"country_iso":"CAN"},{"h3index":"872bae0c6ffffff","population_2015":359.3417217306,"total_built_mass_tons":143124.1377396208,"city_id":1044,"country_iso":"CAN"},{"h3index":"872bae0d0ffffff","population_2015":6625.8662381945,"total_built_mass_tons":3756119.3685395024,"city_id":1044,"country_iso":"CAN"},{"h3index":"872bae0d1ffffff","population_2015":7631.8971020955,"total_built_mass_tons":3293177.7912559686,"city_id":1044,"country_iso":"CAN"},{"h3index":"872bae0d2ffffff","population_2015":4352.3776616816,"total_built_mass_tons":1720189.9156159272,"city_id":1044,"country_iso":"CAN"},{"h3index":"872bae0d3ffffff","population_2015":8078.9676896163,"total_built_mass_tons":3115063.8913577055,"city_id":1044,"country_iso":"CAN"},{"h3index":"872bae0d5ffffff","population_2015":4631.6908450374,"total_built_mass_tons":2008268.2200759212,"city_id":1044,"country_iso":"CAN"},{"h3index":"872bae0d6ffffff","population_2015":2866.7237443036,"total_built_mass_tons":1092279.1702842535,"city_id":1044,"country_iso":"CAN"},{"h3index":"872bae0daffffff","population_2015":1043.9646277091,"total_built_mass_tons":1896004.3105197409,"city_id":1044,"country_iso":"CAN"},{"h3index":"872bae0deffffff","population_2015":7049.1891117403,"total_built_mass_tons":2364848.4424404893,"city_id":1044,"country_iso":"CAN"},{"h3index":"872bae721ffffff","population_2015":0.071885999,"total_built_mass_tons":359.3925800922,"city_id":1044,"country_iso":"CAN"},{"h3index":"872bae728ffffff","population_2015":9263.998511568,"total_built_mass_tons":3378726.2709420305,"city_id":1044,"country_iso":"CAN"},{"h3index":"872bae729ffffff","population_2015":6958.2464699031,"total_built_mass_tons":2829922.5285163238,"city_id":1044,"country_iso":"CAN"},{"h3index":"872bae72affffff","population_2015":124.8197263917,"total_built_mass_tons":96176.9901252137,"city_id":1044,"country_iso":"CAN"},{"h3index":"872bae72bffffff","population_2015":207.3978871203,"total_built_mass_tons":174383.314904417,"city_id":1044,"country_iso":"CAN"},{"h3index":"872bae72cffffff","population_2015":9868.0532296496,"total_built_mass_tons":3659735.5557496767,"city_id":1044,"country_iso":"CAN"},{"h3index":"872bae72dffffff","population_2015":5563.146077245,"total_built_mass_tons":4463509.4409190416,"city_id":1044,"country_iso":"CAN"},{"h3index":"872bae72effffff","population_2015":3681.8053092032,"total_built_mass_tons":1249286.3567813225,"city_id":1044,"country_iso":"CAN"},{"h3index":"872bae774ffffff","population_2015":1402.9461004544,"total_built_mass_tons":579409.0922151267,"city_id":1044,"country_iso":"CAN"},{"h3index":"872bae776ffffff","population_2015":294.6714921806,"total_built_mass_tons":156086.4083343427,"city_id":1044,"country_iso":"CAN"}]