[{"h3index":"876498080ffffff","population_2015":493.8314033181,"total_built_mass_tons":190204.9418868864,"city_id":10224,"country_iso":"MMR"},{"h3index":"876498082ffffff","population_2015":1989.0189056359,"total_built_mass_tons":453030.044156162,"city_id":10224,"country_iso":"MMR"},{"h3index":"876498083ffffff","population_2015":621.5502558091,"total_built_mass_tons":228729.4199312049,"city_id":10224,"country_iso":"MMR"},{"h3index":"87649808affffff","population_2015":2887.5969119558,"total_built_mass_tons":924509.167967894,"city_id":10224,"country_iso":"MMR"},{"h3index":"876498093ffffff","population_2015":307.7771357106,"total_built_mass_tons":181682.9505580569,"city_id":10224,"country_iso":"MMR"},{"h3index":"876498098ffffff","population_2015":4901.4989823341,"total_built_mass_tons":783867.085340026,"city_id":10224,"country_iso":"MMR"},{"h3index":"876498099ffffff","population_2015":5922.8761087792,"total_built_mass_tons":989108.0585389594,"city_id":10224,"country_iso":"MMR"},{"h3index":"87649809affffff","population_2015":10159.9435199046,"total_built_mass_tons":1361082.8087321434,"city_id":10224,"country_iso":"MMR"},{"h3index":"87649809bffffff","population_2015":2721.7413925395,"total_built_mass_tons":482449.8498088119,"city_id":10224,"country_iso":"MMR"},{"h3index":"87649809cffffff","population_2015":12658.526364693,"total_built_mass_tons":2125214.3903862834,"city_id":10224,"country_iso":"MMR"},{"h3index":"87649809dffffff","population_2015":85.3199860442,"total_built_mass_tons":43191.0129275239,"city_id":10224,"country_iso":"MMR"},{"h3index":"87649809effffff","population_2015":25366.9075753866,"total_built_mass_tons":3199157.4627189077,"city_id":10224,"country_iso":"MMR"},{"h3index":"876498468ffffff","population_2015":30.5951628115,"total_built_mass_tons":26713.6345869689,"city_id":10224,"country_iso":"MMR"},{"h3index":"876498469ffffff","population_2015":179.9059248176,"total_built_mass_tons":79377.8501948066,"city_id":10224,"country_iso":"MMR"},{"h3index":"87649846cffffff","population_2015":12.8454920825,"total_built_mass_tons":7012.4078801237,"city_id":10224,"country_iso":"MMR"},{"h3index":"87649846dffffff","population_2015":4290.0651975931,"total_built_mass_tons":885871.843728855,"city_id":10224,"country_iso":"MMR"},{"h3index":"876498724ffffff","population_2015":972.185022442,"total_built_mass_tons":306354.2518561473,"city_id":10224,"country_iso":"MMR"},{"h3index":"876498726ffffff","population_2015":1512.8029088114,"total_built_mass_tons":280541.7762095191,"city_id":10224,"country_iso":"MMR"},{"h3index":"876498734ffffff","population_2015":3.6669650171,"total_built_mass_tons":2913.9997380089,"city_id":10224,"country_iso":"MMR"}]