[{"h3index":"8781ae440ffffff","population_2015":2518.865453578,"total_built_mass_tons":200704.3566766766,"city_id":1431,"country_iso":"BRA"},{"h3index":"8781ae444ffffff","population_2015":17499.6749775382,"total_built_mass_tons":1312718.389139229,"city_id":1431,"country_iso":"BRA"},{"h3index":"8781ae446ffffff","population_2015":14994.827724554,"total_built_mass_tons":615942.4018409045,"city_id":1431,"country_iso":"BRA"},{"h3index":"8781ae462ffffff","population_2015":523.139627883,"total_built_mass_tons":29043.5523174787,"city_id":1431,"country_iso":"BRA"},{"h3index":"8781ae470ffffff","population_2015":625.0010858723,"total_built_mass_tons":78178.9389995765,"city_id":1431,"country_iso":"BRA"},{"h3index":"8781ae471ffffff","population_2015":27204.7916796404,"total_built_mass_tons":1979574.0477992643,"city_id":1431,"country_iso":"BRA"},{"h3index":"8781ae473ffffff","population_2015":2017.6540088841,"total_built_mass_tons":250809.118899528,"city_id":1431,"country_iso":"BRA"}]