[{"h3index": "87ce93083ffffff", "population_2015": 61.64465143540326, "total_built_mass_tons": 21919.160662882136, "city_id": 1036, "country_iso": "ARG"}, {"h3index": "87ce93088ffffff", "population_2015": 1505.304526305666, "total_built_mass_tons": 700170.9575124012, "city_id": 1036, "country_iso": "ARG"}, {"h3index": "87ce93089ffffff", "population_2015": 4649.596216328938, "total_built_mass_tons": 1571377.524518881, "city_id": 1036, "country_iso": "ARG"}, {"h3index": "87ce9308affffff", "population_2015": 11851.461994036508, "total_built_mass_tons": 3467333.0213580886, "city_id": 1036, "country_iso": "ARG"}, {"h3index": "87ce9308bffffff", "population_2015": 10294.04017844481, "total_built_mass_tons": 2720384.425918641, "city_id": 1036, "country_iso": "ARG"}, {"h3index": "87ce9308cffffff", "population_2015": 49.14337963637184, "total_built_mass_tons": 58935.675884593285, "city_id": 1036, "country_iso": "ARG"}, {"h3index": "87ce9308effffff", "population_2015": 3612.7076491823377, "total_built_mass_tons": 1049071.5943020056, "city_id": 1036, "country_iso": "ARG"}, {"h3index": "87ce93098ffffff", "population_2015": 8202.180454871233, "total_built_mass_tons": 2843965.1561293392, "city_id": 1036, "country_iso": "ARG"}, {"h3index": "87ce93099ffffff", "population_2015": 6064.934613687851, "total_built_mass_tons": 2261896.394696828, "city_id": 1036, "country_iso": "ARG"}, {"h3index": "87ce9309bffffff", "population_2015": 320.7638526280721, "total_built_mass_tons": 120963.98804005858, "city_id": 1036, "country_iso": "ARG"}, {"h3index": "87ce9309cffffff", "population_2015": 1206.5020382638068, "total_built_mass_tons": 366159.7443936119, "city_id": 1036, "country_iso": "ARG"}, {"h3index": "87ce9309dffffff", "population_2015": 8852.323836797827, "total_built_mass_tons": 3117512.715504665, "city_id": 1036, "country_iso": "ARG"}, {"h3index": "87ce9309effffff", "population_2015": 14.809906005859377, "total_built_mass_tons": 64557.01477988165, "city_id": 1036, "country_iso": "ARG"}, {"h3index": "87ce930d0ffffff", "population_2015": 665.8858184440463, "total_built_mass_tons": 241942.0537880563, "city_id": 1036, "country_iso": "ARG"}, {"h3index": "87ce930d2ffffff", "population_2015": 1109.8084090475943, "total_built_mass_tons": 337980.78195330955, "city_id": 1036, "country_iso": "ARG"}, {"h3index": "87ce930d4ffffff", "population_2015": 3545.1455375091705, "total_built_mass_tons": 975063.3007554344, "city_id": 1036, "country_iso": "ARG"}, {"h3index": "87ce930d5ffffff", "population_2015": 88.40540826086905, "total_built_mass_tons": 28051.17108169985, "city_id": 1036, "country_iso": "ARG"}, {"h3index": "87ce930d6ffffff", "population_2015": 9454.460364502547, "total_built_mass_tons": 2682499.9924710616, "city_id": 1036, "country_iso": "ARG"}, {"h3index": "87ce930f2ffffff", "population_2015": 11.733438203849044, "total_built_mass_tons": 4661.970663847352, "city_id": 1036, "country_iso": "ARG"}, {"h3index": "87ce930f3ffffff", "population_2015": 157.35457420349118, "total_built_mass_tons": 60794.377926403235, "city_id": 1036, "country_iso": "ARG"}, {"h3index": "87ce93720ffffff", "population_2015": 103.26597389520384, "total_built_mass_tons": 26916.603043997973, "city_id": 1036, "country_iso": "ARG"}, {"h3index": "87ce93724ffffff", "population_2015": 4670.866706032847, "total_built_mass_tons": 1479843.4530720436, "city_id": 1036, "country_iso": "ARG"}, {"h3index": "87ce93725ffffff", "population_2015": 1963.014096102995, "total_built_mass_tons": 726731.2065646364, "city_id": 1036, "country_iso": "ARG"}, {"h3index": "87ce93726ffffff", "population_2015": 59.82080643971761, "total_built_mass_tons": 11892.762625797077, "city_id": 1036, "country_iso": "ARG"}]