[{"h3index":"872c99264ffffff","population_2015":1439.5460447779,"total_built_mass_tons":469029.6776719777,"city_id":5798,"country_iso":"IRN"},{"h3index":"872c99265ffffff","population_2015":3275.3779202499,"total_built_mass_tons":1126416.9428061489,"city_id":5798,"country_iso":"IRN"},{"h3index":"872c9934bffffff","population_2015":1270.755166899,"total_built_mass_tons":560248.6122552721,"city_id":5798,"country_iso":"IRN"},{"h3index":"874324c96ffffff","population_2015":204.2809067165,"total_built_mass_tons":83697.6353230903,"city_id":5798,"country_iso":"IRN"}]