[{"h3index": "8740a6040ffffff", "population_2015": 850.7175348487553, "total_built_mass_tons": 572053.1904525458, "city_id": 11494, "country_iso": "CHN"}, {"h3index": "8740a6041ffffff", "population_2015": 36482.00331466525, "total_built_mass_tons": 4085408.6144284895, "city_id": 11494, "country_iso": "CHN"}, {"h3index": "8740a6042ffffff", "population_2015": 330.81262459848443, "total_built_mass_tons": 364235.30152335326, "city_id": 11494, "country_iso": "CHN"}, {"h3index": "8740a6043ffffff", "population_2015": 7020.066776623443, "total_built_mass_tons": 2035205.343987193, "city_id": 11494, "country_iso": "CHN"}, {"h3index": "8740a6044ffffff", "population_2015": 3320.710004232444, "total_built_mass_tons": 1634571.6560466532, "city_id": 11494, "country_iso": "CHN"}, {"h3index": "8740a6045ffffff", "population_2015": 7896.789733234108, "total_built_mass_tons": 2324931.601577849, "city_id": 11494, "country_iso": "CHN"}, {"h3index": "8740a6046ffffff", "population_2015": 323.12466466754086, "total_built_mass_tons": 173268.4036515017, "city_id": 11494, "country_iso": "CHN"}, {"h3index": "8740a6048ffffff", "population_2015": 2032.2134728291453, "total_built_mass_tons": 989085.8095418544, "city_id": 11494, "country_iso": "CHN"}, {"h3index": "8740a604cffffff", "population_2015": 58061.90277613941, "total_built_mass_tons": 4449856.88712543, "city_id": 11494, "country_iso": "CHN"}, {"h3index": "8740a604dffffff", "population_2015": 8861.366905563953, "total_built_mass_tons": 916991.1844677872, "city_id": 11494, "country_iso": "CHN"}, {"h3index": "8740a604effffff", "population_2015": 10452.204000825504, "total_built_mass_tons": 2092992.0640755368, "city_id": 11494, "country_iso": "CHN"}, {"h3index": "8740a605cffffff", "population_2015": 45.43404994104423, "total_built_mass_tons": 27902.184230686304, "city_id": 11494, "country_iso": "CHN"}, {"h3index": "8740a605dffffff", "population_2015": 353.32959694020883, "total_built_mass_tons": 243273.39992200487, "city_id": 11494, "country_iso": "CHN"}, {"h3index": "8740a6068ffffff", "population_2015": 58418.20433732201, "total_built_mass_tons": 5688478.378258811, "city_id": 11494, "country_iso": "CHN"}, {"h3index": "8740a6069ffffff", "population_2015": 12553.75490771836, "total_built_mass_tons": 2041579.722466461, "city_id": 11494, "country_iso": "CHN"}, {"h3index": "8740a606affffff", "population_2015": 57392.10532168221, "total_built_mass_tons": 9309847.452818427, "city_id": 11494, "country_iso": "CHN"}, {"h3index": "8740a606bffffff", "population_2015": 42494.44963261472, "total_built_mass_tons": 7892697.203037558, "city_id": 11494, "country_iso": "CHN"}, {"h3index": "8740a606cffffff", "population_2015": 604.1093805500105, "total_built_mass_tons": 48217.855733091696, "city_id": 11494, "country_iso": "CHN"}, {"h3index": "8740a606dffffff", "population_2015": 1361.8303223142434, "total_built_mass_tons": 392645.10797491856, "city_id": 11494, "country_iso": "CHN"}, {"h3index": "8740a606effffff", "population_2015": 21406.296471633166, "total_built_mass_tons": 4741976.815337261, "city_id": 11494, "country_iso": "CHN"}, {"h3index": "8740a6070ffffff", "population_2015": 34.41706489675185, "total_built_mass_tons": 23097.03450856099, "city_id": 11494, "country_iso": "CHN"}, {"h3index": "8740a6071ffffff", "population_2015": 2644.798920307908, "total_built_mass_tons": 876648.6811547367, "city_id": 11494, "country_iso": "CHN"}, {"h3index": "8740a6073ffffff", "population_2015": 3.106635269464231, "total_built_mass_tons": 2132.258193657434, "city_id": 11494, "country_iso": "CHN"}, {"h3index": "8740a6330ffffff", "population_2015": 20.119913284451354, "total_built_mass_tons": 35680.852308208094, "city_id": 11494, "country_iso": "CHN"}, {"h3index": "8740a6332ffffff", "population_2015": 186.71507135840025, "total_built_mass_tons": 52799.344347710496, "city_id": 11494, "country_iso": "CHN"}, {"h3index": "8740a6334ffffff", "population_2015": 30.17370301601934, "total_built_mass_tons": 16377.786068550038, "city_id": 11494, "country_iso": "CHN"}, {"h3index": "8740a6336ffffff", "population_2015": 6916.379975573223, "total_built_mass_tons": 1100115.431777967, "city_id": 11494, "country_iso": "CHN"}, {"h3index": "8740a6a9affffff", "population_2015": 213.56196574042823, "total_built_mass_tons": 71446.67395749682, "city_id": 11494, "country_iso": "CHN"}]