[{"h3index":"87649801bffffff","population_2015":4.208217144,"total_built_mass_tons":4365.4808958752,"city_id":10226,"country_iso":"MMR"},{"h3index":"8764980e2ffffff","population_2015":171.4509250379,"total_built_mass_tons":40242.8677490571,"city_id":10226,"country_iso":"MMR"},{"h3index":"8764980e6ffffff","population_2015":5.5305477853,"total_built_mass_tons":3452.6296835712,"city_id":10226,"country_iso":"MMR"},{"h3index":"8764980f4ffffff","population_2015":223.5581850033,"total_built_mass_tons":88739.5579750934,"city_id":10226,"country_iso":"MMR"},{"h3index":"8764980f5ffffff","population_2015":9788.8659430672,"total_built_mass_tons":1435028.9809141012,"city_id":10226,"country_iso":"MMR"}]