[{"h3index": "875f48416ffffff", "population_2015": 143.0898027420044, "total_built_mass_tons": 38883.616553363594, "city_id": 951, "country_iso": "VEN"}, {"h3index": "875f48490ffffff", "population_2015": 414.2490307639627, "total_built_mass_tons": 269164.26424066524, "city_id": 951, "country_iso": "VEN"}, {"h3index": "875f48491ffffff", "population_2015": 85.589609374252, "total_built_mass_tons": 32367.3316808652, "city_id": 951, "country_iso": "VEN"}, {"h3index": "875f48494ffffff", "population_2015": 2616.468789123086, "total_built_mass_tons": 1034440.3793327472, "city_id": 951, "country_iso": "VEN"}, {"h3index": "875f48495ffffff", "population_2015": 1099.265921592712, "total_built_mass_tons": 362366.93885224673, "city_id": 951, "country_iso": "VEN"}, {"h3index": "875f48496ffffff", "population_2015": 14.0463815352496, "total_built_mass_tons": 6976.774347046534, "city_id": 951, "country_iso": "VEN"}, {"h3index": "875f484a4ffffff", "population_2015": 165.7989695567711, "total_built_mass_tons": 70300.32733329678, "city_id": 951, "country_iso": "VEN"}, {"h3index": "875f484a6ffffff", "population_2015": 549.5760865342385, "total_built_mass_tons": 235579.23632927312, "city_id": 951, "country_iso": "VEN"}, {"h3index": "875f484b0ffffff", "population_2015": 4.96293348050585, "total_built_mass_tons": 9479.326542911123, "city_id": 951, "country_iso": "VEN"}, {"h3index": "875f484b1ffffff", "population_2015": 76.27095263425043, "total_built_mass_tons": 46096.18080817976, "city_id": 951, "country_iso": "VEN"}, {"h3index": "875f484b2ffffff", "population_2015": 1297.3388486039405, "total_built_mass_tons": 644195.1323190387, "city_id": 951, "country_iso": "VEN"}, {"h3index": "875f484b3ffffff", "population_2015": 949.3781559289667, "total_built_mass_tons": 481374.70899091894, "city_id": 951, "country_iso": "VEN"}, {"h3index": "875f484b4ffffff", "population_2015": 1516.1607107386867, "total_built_mass_tons": 671815.4572978313, "city_id": 951, "country_iso": "VEN"}, {"h3index": "875f484b5ffffff", "population_2015": 14.4193650152169, "total_built_mass_tons": 3807.9006696312954, "city_id": 951, "country_iso": "VEN"}, {"h3index": "875f484b6ffffff", "population_2015": 3071.1378734195937, "total_built_mass_tons": 1348206.4658702582, "city_id": 951, "country_iso": "VEN"}, {"h3index": "875f48588ffffff", "population_2015": 8.097716623194078, "total_built_mass_tons": 1157.4450524980496, "city_id": 951, "country_iso": "VEN"}, {"h3index": "875f48589ffffff", "population_2015": 320.9419135598575, "total_built_mass_tons": 114790.73466055767, "city_id": 951, "country_iso": "VEN"}, {"h3index": "875f4858affffff", "population_2015": 1615.1380760940854, "total_built_mass_tons": 749681.7094231381, "city_id": 951, "country_iso": "VEN"}, {"h3index": "875f4858bffffff", "population_2015": 913.2058135126152, "total_built_mass_tons": 420061.56018423336, "city_id": 951, "country_iso": "VEN"}, {"h3index": "875f48598ffffff", "population_2015": 2029.5638328514851, "total_built_mass_tons": 790280.9056621887, "city_id": 951, "country_iso": "VEN"}, {"h3index": "875f48599ffffff", "population_2015": 2835.651530363046, "total_built_mass_tons": 949783.3574322, "city_id": 951, "country_iso": "VEN"}, {"h3index": "875f4859affffff", "population_2015": 1597.422209466673, "total_built_mass_tons": 806328.4767687405, "city_id": 951, "country_iso": "VEN"}, {"h3index": "875f4859bffffff", "population_2015": 2250.6780054952583, "total_built_mass_tons": 999812.2383263536, "city_id": 951, "country_iso": "VEN"}, {"h3index": "875f4859cffffff", "population_2015": 527.8082173777561, "total_built_mass_tons": 188446.75141325977, "city_id": 951, "country_iso": "VEN"}, {"h3index": "875f4859dffffff", "population_2015": 1578.051473026649, "total_built_mass_tons": 478641.6179289719, "city_id": 951, "country_iso": "VEN"}, {"h3index": "875f4859effffff", "population_2015": 62.84617513394823, "total_built_mass_tons": 24427.41499585025, "city_id": 951, "country_iso": "VEN"}, {"h3index": "875f4a940ffffff", "population_2015": 33.83493782492245, "total_built_mass_tons": 13418.692601175404, "city_id": 951, "country_iso": "VEN"}, {"h3index": "875f4a941ffffff", "population_2015": 2341.9023730296713, "total_built_mass_tons": 1087033.5755685654, "city_id": 951, "country_iso": "VEN"}, {"h3index": "875f4a942ffffff", "population_2015": 10.99785811106364, "total_built_mass_tons": 19580.955258423903, "city_id": 951, "country_iso": "VEN"}, {"h3index": "875f4a943ffffff", "population_2015": 1804.402576712066, "total_built_mass_tons": 1768729.7482986555, "city_id": 951, "country_iso": "VEN"}, {"h3index": "875f4a945ffffff", "population_2015": 1185.9455033956783, "total_built_mass_tons": 492291.6764801125, "city_id": 951, "country_iso": "VEN"}, {"h3index": "875f4a948ffffff", "population_2015": 9.917658981622434, "total_built_mass_tons": 12123.305675370342, "city_id": 951, "country_iso": "VEN"}, {"h3index": "875f4a949ffffff", "population_2015": 905.259802350811, "total_built_mass_tons": 315988.6868589336, "city_id": 951, "country_iso": "VEN"}, {"h3index": "875f4a94cffffff", "population_2015": 3650.1230644151274, "total_built_mass_tons": 1992824.6196528391, "city_id": 951, "country_iso": "VEN"}, {"h3index": "875f4a94dffffff", "population_2015": 1971.4635739158184, "total_built_mass_tons": 860016.0209813125, "city_id": 951, "country_iso": "VEN"}, {"h3index": "875f4a94effffff", "population_2015": 2365.6419080622054, "total_built_mass_tons": 1499612.4154064497, "city_id": 951, "country_iso": "VEN"}, {"h3index": "875f4a95cffffff", "population_2015": 127.8559827037886, "total_built_mass_tons": 136782.40315758175, "city_id": 951, "country_iso": "VEN"}, {"h3index": "875f4a95dffffff", "population_2015": 274.0192279011595, "total_built_mass_tons": 364359.8207421556, "city_id": 951, "country_iso": "VEN"}, {"h3index": "875f4a968ffffff", "population_2015": 334.7053104400635, "total_built_mass_tons": 199377.4484940497, "city_id": 951, "country_iso": "VEN"}, {"h3index": "875f4a969ffffff", "population_2015": 4686.55070400986, "total_built_mass_tons": 2669985.5567940623, "city_id": 951, "country_iso": "VEN"}, {"h3index": "875f4a96affffff", "population_2015": 1818.11896351085, "total_built_mass_tons": 915517.9419818368, "city_id": 951, "country_iso": "VEN"}, {"h3index": "875f4a96bffffff", "population_2015": 5740.8306796317, "total_built_mass_tons": 3143453.2785039325, "city_id": 951, "country_iso": "VEN"}, {"h3index": "875f4a96dffffff", "population_2015": 871.263862284492, "total_built_mass_tons": 491475.4400428652, "city_id": 951, "country_iso": "VEN"}]