[{"h3index": "874019220ffffff", "population_2015": 10748.963376811907, "total_built_mass_tons": 2358174.718663187, "city_id": 10600, "country_iso": "CHN"}, {"h3index": "874019221ffffff", "population_2015": 7714.122602915295, "total_built_mass_tons": 3541092.000343277, "city_id": 10600, "country_iso": "CHN"}, {"h3index": "874019222ffffff", "population_2015": 29511.66553184659, "total_built_mass_tons": 6994808.049204092, "city_id": 10600, "country_iso": "CHN"}, {"h3index": "874019223ffffff", "population_2015": 5794.747049198899, "total_built_mass_tons": 1465499.92002234, "city_id": 10600, "country_iso": "CHN"}, {"h3index": "874019224ffffff", "population_2015": 1663.0409238890106, "total_built_mass_tons": 238862.10374309865, "city_id": 10600, "country_iso": "CHN"}, {"h3index": "874019225ffffff", "population_2015": 77.66984840841855, "total_built_mass_tons": 34683.5954802896, "city_id": 10600, "country_iso": "CHN"}, {"h3index": "874019226ffffff", "population_2015": 17235.722263220247, "total_built_mass_tons": 2445697.1736751497, "city_id": 10600, "country_iso": "CHN"}, {"h3index": "87401922cffffff", "population_2015": 1113.6133162601325, "total_built_mass_tons": 678302.9861562785, "city_id": 10600, "country_iso": "CHN"}, {"h3index": "87401922effffff", "population_2015": 2984.4934962814937, "total_built_mass_tons": 1352108.04705718, "city_id": 10600, "country_iso": "CHN"}, {"h3index": "874019231ffffff", "population_2015": 131.64502132640166, "total_built_mass_tons": 56975.73916844732, "city_id": 10600, "country_iso": "CHN"}, {"h3index": "874019234ffffff", "population_2015": 224.4321045230417, "total_built_mass_tons": 259231.512857913, "city_id": 10600, "country_iso": "CHN"}, {"h3index": "874019235ffffff", "population_2015": 22348.447083821015, "total_built_mass_tons": 3731604.1566817528, "city_id": 10600, "country_iso": "CHN"}, {"h3index": "874019236ffffff", "population_2015": 886.2274682026285, "total_built_mass_tons": 236845.09133434383, "city_id": 10600, "country_iso": "CHN"}, {"h3index": "874019318ffffff", "population_2015": 2642.5125788613855, "total_built_mass_tons": 387377.956255905, "city_id": 10600, "country_iso": "CHN"}, {"h3index": "874019319ffffff", "population_2015": 2673.283287639245, "total_built_mass_tons": 423988.71886097547, "city_id": 10600, "country_iso": "CHN"}, {"h3index": "87401931affffff", "population_2015": 6989.907929902918, "total_built_mass_tons": 1520493.688853992, "city_id": 10600, "country_iso": "CHN"}, {"h3index": "87401931bffffff", "population_2015": 15178.24591991574, "total_built_mass_tons": 1849381.3766644143, "city_id": 10600, "country_iso": "CHN"}, {"h3index": "87401931effffff", "population_2015": 36.86023109286439, "total_built_mass_tons": 5859.631796408178, "city_id": 10600, "country_iso": "CHN"}, {"h3index": "874019352ffffff", "population_2015": 3740.294995893217, "total_built_mass_tons": 1199280.4105521597, "city_id": 10600, "country_iso": "CHN"}, {"h3index": "874019353ffffff", "population_2015": 12.283904782463525, "total_built_mass_tons": 3235.2844114668333, "city_id": 10600, "country_iso": "CHN"}, {"h3index": "87401938dffffff", "population_2015": 157.45257474861893, "total_built_mass_tons": 82999.22753401237, "city_id": 10600, "country_iso": "CHN"}, {"h3index": "8740193a8ffffff", "population_2015": 516.8380480981341, "total_built_mass_tons": 400592.301650808, "city_id": 10600, "country_iso": "CHN"}, {"h3index": "8740193a9ffffff", "population_2015": 9932.076319406548, "total_built_mass_tons": 5649868.300542867, "city_id": 10600, "country_iso": "CHN"}, {"h3index": "8740193abffffff", "population_2015": 5490.621973469678, "total_built_mass_tons": 3004656.2588807773, "city_id": 10600, "country_iso": "CHN"}]