[{"h3index": "873e5ca4bffffff", "population_2015": 804.1791975731943, "total_built_mass_tons": 137476.79511689977, "city_id": 4238, "country_iso": "EGY"}, {"h3index": "873e5cac8ffffff", "population_2015": 702.7154123306275, "total_built_mass_tons": 70450.25093281333, "city_id": 4238, "country_iso": "EGY"}, {"h3index": "873e5cac9ffffff", "population_2015": 27.285032788444965, "total_built_mass_tons": 6560.780529866952, "city_id": 4238, "country_iso": "EGY"}, {"h3index": "873e5cacdffffff", "population_2015": 13883.819046413191, "total_built_mass_tons": 999969.1135750056, "city_id": 4238, "country_iso": "EGY"}, {"h3index": "873e5caebffffff", "population_2015": 5907.327953473258, "total_built_mass_tons": 294081.3854021781, "city_id": 4238, "country_iso": "EGY"}, {"h3index": "873e5dd10ffffff", "population_2015": 81.73961593403536, "total_built_mass_tons": 17875.092588955107, "city_id": 4238, "country_iso": "EGY"}, {"h3index": "873e5dd12ffffff", "population_2015": 253.03946114334408, "total_built_mass_tons": 81081.1344973282, "city_id": 4238, "country_iso": "EGY"}, {"h3index": "873e5dd14ffffff", "population_2015": 249.01018645342657, "total_built_mass_tons": 80917.67779400019, "city_id": 4238, "country_iso": "EGY"}, {"h3index": "873e5dd16ffffff", "population_2015": 2469.938611314811, "total_built_mass_tons": 373814.88954872976, "city_id": 4238, "country_iso": "EGY"}, {"h3index": "873e5dda0ffffff", "population_2015": 33407.34550206801, "total_built_mass_tons": 1373130.2031396928, "city_id": 4238, "country_iso": "EGY"}, {"h3index": "873e5dda1ffffff", "population_2015": 8.491122436523437, "total_built_mass_tons": 244497.6690273041, "city_id": 4238, "country_iso": "EGY"}, {"h3index": "873e5dda2ffffff", "population_2015": 5301.070747569961, "total_built_mass_tons": 691747.9887326359, "city_id": 4238, "country_iso": "EGY"}, {"h3index": "873e5dda4ffffff", "population_2015": 2325.038406716141, "total_built_mass_tons": 122211.0656428112, "city_id": 4238, "country_iso": "EGY"}, {"h3index": "873e5dda5ffffff", "population_2015": 4478.74288707808, "total_built_mass_tons": 539962.8416723876, "city_id": 4238, "country_iso": "EGY"}, {"h3index": "873e5ddb2ffffff", "population_2015": 46.85651083553539, "total_built_mass_tons": 291576.3484805543, "city_id": 4238, "country_iso": "EGY"}]