[{"h3index":"8720a14d2ffffff","population_2015":777.2180121272,"total_built_mass_tons":438723.967481107,"city_id":6049,"country_iso":"TJK"},{"h3index":"8720a14d3ffffff","population_2015":2811.9407046187,"total_built_mass_tons":1581325.355242451,"city_id":6049,"country_iso":"TJK"},{"h3index":"8720a3b21ffffff","population_2015":313.4020229966,"total_built_mass_tons":205916.5068339858,"city_id":6049,"country_iso":"TJK"},{"h3index":"8720a3b25ffffff","population_2015":80.4044354757,"total_built_mass_tons":39495.1700887019,"city_id":6049,"country_iso":"TJK"},{"h3index":"8720a3b28ffffff","population_2015":179.2381280282,"total_built_mass_tons":113047.6483056334,"city_id":6049,"country_iso":"TJK"},{"h3index":"8720a3b29ffffff","population_2015":59.7581923148,"total_built_mass_tons":30100.2559335533,"city_id":6049,"country_iso":"TJK"},{"h3index":"8720a3b2cffffff","population_2015":5620.2250738294,"total_built_mass_tons":3815456.1650705105,"city_id":6049,"country_iso":"TJK"},{"h3index":"8720a3b2dffffff","population_2015":4350.0791148242,"total_built_mass_tons":2515852.0641782177,"city_id":6049,"country_iso":"TJK"}]