[{"h3index":"873c5a129ffffff","population_2015":115.2786773008,"total_built_mass_tons":134039.8217227691,"city_id":10099,"country_iso":"IND"},{"h3index":"873c5a174ffffff","population_2015":5979.8494777455,"total_built_mass_tons":1325888.7461496289,"city_id":10099,"country_iso":"IND"},{"h3index":"873c5a175ffffff","population_2015":27.3417415619,"total_built_mass_tons":37543.4463438896,"city_id":10099,"country_iso":"IND"},{"h3index":"873c5a176ffffff","population_2015":88.7381687164,"total_built_mass_tons":32999.5727956896,"city_id":10099,"country_iso":"IND"},{"h3index":"873c5a8daffffff","population_2015":906.7893271465,"total_built_mass_tons":324968.9247989069,"city_id":10099,"country_iso":"IND"},{"h3index":"873c5a8dbffffff","population_2015":7.5251877953,"total_built_mass_tons":83476.2812123697,"city_id":10099,"country_iso":"IND"}]