[{"h3index":"877acd440ffffff","population_2015":20.5659465266,"total_built_mass_tons":1395.2612024682,"city_id":5126,"country_iso":"ETH"},{"h3index":"877acd441ffffff","population_2015":13795.2296405867,"total_built_mass_tons":1055498.450827694,"city_id":5126,"country_iso":"ETH"},{"h3index":"877acd445ffffff","population_2015":4040.2271671968,"total_built_mass_tons":418832.8466567583,"city_id":5126,"country_iso":"ETH"},{"h3index":"877acd44affffff","population_2015":200.7487153222,"total_built_mass_tons":22403.0762056247,"city_id":5126,"country_iso":"ETH"},{"h3index":"877acd44cffffff","population_2015":20377.3470894009,"total_built_mass_tons":1708400.8018178262,"city_id":5126,"country_iso":"ETH"},{"h3index":"877acd44effffff","population_2015":10475.5210405238,"total_built_mass_tons":754424.5341765292,"city_id":5126,"country_iso":"ETH"},{"h3index":"877acd459ffffff","population_2015":315.6326066111,"total_built_mass_tons":47050.8225415275,"city_id":5126,"country_iso":"ETH"},{"h3index":"877acd45dffffff","population_2015":2571.5025201311,"total_built_mass_tons":291694.3691986669,"city_id":5126,"country_iso":"ETH"},{"h3index":"877acd463ffffff","population_2015":498.499417765,"total_built_mass_tons":69245.0683210511,"city_id":5126,"country_iso":"ETH"},{"h3index":"877acd468ffffff","population_2015":4469.7116516412,"total_built_mass_tons":554937.4518174897,"city_id":5126,"country_iso":"ETH"},{"h3index":"877acd46affffff","population_2015":29423.7457858366,"total_built_mass_tons":2606276.9265470323,"city_id":5126,"country_iso":"ETH"},{"h3index":"877acd46bffffff","population_2015":3599.9376007529,"total_built_mass_tons":234211.8002247046,"city_id":5126,"country_iso":"ETH"},{"h3index":"877acd46effffff","population_2015":3794.1327799778,"total_built_mass_tons":491579.3029593301,"city_id":5126,"country_iso":"ETH"}]