[{"h3index":"8710c4c92ffffff","population_2015":423.5742852529,"total_built_mass_tons":62451.1524253224,"city_id":5075,"country_iso":"RUS"},{"h3index":"8710c4c96ffffff","population_2015":224.9161762555,"total_built_mass_tons":72723.9863023825,"city_id":5075,"country_iso":"RUS"},{"h3index":"8710f1260ffffff","population_2015":576.7455902661,"total_built_mass_tons":136417.7955989056,"city_id":5075,"country_iso":"RUS"},{"h3index":"8710f1261ffffff","population_2015":950.08921592,"total_built_mass_tons":169568.3875943542,"city_id":5075,"country_iso":"RUS"},{"h3index":"8710f1264ffffff","population_2015":1805.4803190269,"total_built_mass_tons":493998.0746480286,"city_id":5075,"country_iso":"RUS"},{"h3index":"8710f1265ffffff","population_2015":3747.4155408317,"total_built_mass_tons":556040.1608280422,"city_id":5075,"country_iso":"RUS"},{"h3index":"8710f126cffffff","population_2015":0.021819973,"total_built_mass_tons":4547.9330565895,"city_id":5075,"country_iso":"RUS"}]