[{"h3index":"8724eb212ffffff","population_2015":245.6588573026,"total_built_mass_tons":159659.2778335596,"city_id":10240,"country_iso":"CHN"},{"h3index":"8724eb2a0ffffff","population_2015":80108.6765723359,"total_built_mass_tons":5472622.9834013507,"city_id":10240,"country_iso":"CHN"},{"h3index":"8724eb2a1ffffff","population_2015":11685.1609233192,"total_built_mass_tons":2436485.192589229,"city_id":10240,"country_iso":"CHN"},{"h3index":"8724eb2a2ffffff","population_2015":22044.0616840737,"total_built_mass_tons":2239545.4471163219,"city_id":10240,"country_iso":"CHN"},{"h3index":"8724eb2a3ffffff","population_2015":7663.7818348529,"total_built_mass_tons":1076895.9013735601,"city_id":10240,"country_iso":"CHN"},{"h3index":"8724eb2a4ffffff","population_2015":37944.3091388889,"total_built_mass_tons":2875407.2229570178,"city_id":10240,"country_iso":"CHN"},{"h3index":"8724eb2a5ffffff","population_2015":9775.8905943338,"total_built_mass_tons":588102.1527848542,"city_id":10240,"country_iso":"CHN"},{"h3index":"8724eb2a6ffffff","population_2015":27806.4229345172,"total_built_mass_tons":5292591.3978872774,"city_id":10240,"country_iso":"CHN"},{"h3index":"8724eb2a8ffffff","population_2015":2.3353448008,"total_built_mass_tons":4801.8909013448,"city_id":10240,"country_iso":"CHN"},{"h3index":"8724eb2acffffff","population_2015":1259.0330387059,"total_built_mass_tons":581330.1273810335,"city_id":10240,"country_iso":"CHN"},{"h3index":"8724eb2adffffff","population_2015":332.8222610661,"total_built_mass_tons":682607.9949133971,"city_id":10240,"country_iso":"CHN"},{"h3index":"8724eb2aeffffff","population_2015":414.9572177592,"total_built_mass_tons":188912.4345636046,"city_id":10240,"country_iso":"CHN"},{"h3index":"8724eb2b1ffffff","population_2015":408.3981007202,"total_built_mass_tons":334002.7658923625,"city_id":10240,"country_iso":"CHN"},{"h3index":"8724eb2b4ffffff","population_2015":94.117914557,"total_built_mass_tons":199859.6651300603,"city_id":10240,"country_iso":"CHN"},{"h3index":"8724eb2b5ffffff","population_2015":2572.1305068652,"total_built_mass_tons":1515829.2946108859,"city_id":10240,"country_iso":"CHN"},{"h3index":"8724eb38affffff","population_2015":3512.8698832222,"total_built_mass_tons":677778.6852586297,"city_id":10240,"country_iso":"CHN"},{"h3index":"8724eb38bffffff","population_2015":11.3859508094,"total_built_mass_tons":25629.5270288037,"city_id":10240,"country_iso":"CHN"},{"h3index":"8724eb398ffffff","population_2015":1957.684779809,"total_built_mass_tons":1946732.3286993045,"city_id":10240,"country_iso":"CHN"},{"h3index":"8724eb399ffffff","population_2015":70582.9635697617,"total_built_mass_tons":2764948.3449183386,"city_id":10240,"country_iso":"CHN"},{"h3index":"8724eb39affffff","population_2015":789.4037314649,"total_built_mass_tons":988156.7660374176,"city_id":10240,"country_iso":"CHN"},{"h3index":"8724eb39bffffff","population_2015":3450.6398103088,"total_built_mass_tons":4087736.6964328578,"city_id":10240,"country_iso":"CHN"},{"h3index":"8724eb39dffffff","population_2015":481.1265467906,"total_built_mass_tons":194243.8274918356,"city_id":10240,"country_iso":"CHN"},{"h3index":"8724eb39effffff","population_2015":28.7859000954,"total_built_mass_tons":58742.456351344,"city_id":10240,"country_iso":"CHN"}]