[{"h3index": "873ca8910ffffff", "population_2015": 5753.530405972052, "total_built_mass_tons": 535356.2707095966, "city_id": 9133, "country_iso": "IND"}, {"h3index": "873ca8911ffffff", "population_2015": 16.020044326782227, "total_built_mass_tons": 1293.3238594213926, "city_id": 9133, "country_iso": "IND"}, {"h3index": "873ca8912ffffff", "population_2015": 238.0957110461067, "total_built_mass_tons": 38769.2325340182, "city_id": 9133, "country_iso": "IND"}, {"h3index": "873ca8914ffffff", "population_2015": 9590.015321409935, "total_built_mass_tons": 854985.4668872787, "city_id": 9133, "country_iso": "IND"}, {"h3index": "873ca8916ffffff", "population_2015": 15520.032812926354, "total_built_mass_tons": 1593157.573967621, "city_id": 9133, "country_iso": "IND"}, {"h3index": "873ca8932ffffff", "population_2015": 1654.5237703585155, "total_built_mass_tons": 190937.8051146471, "city_id": 9133, "country_iso": "IND"}, {"h3index": "873ca8936ffffff", "population_2015": 29.56485192915973, "total_built_mass_tons": 23112.202941558313, "city_id": 9133, "country_iso": "IND"}, {"h3index": "873cac649ffffff", "population_2015": 18836.80594638376, "total_built_mass_tons": 1926387.3622471215, "city_id": 9133, "country_iso": "IND"}, {"h3index": "873cac64bffffff", "population_2015": 356.05661835015985, "total_built_mass_tons": 78906.72268589975, "city_id": 9133, "country_iso": "IND"}, {"h3index": "873cac64dffffff", "population_2015": 250.02942454394173, "total_built_mass_tons": 55077.35394276517, "city_id": 9133, "country_iso": "IND"}]