[{"h3index":"874041920ffffff","population_2015":8959.8327245263,"total_built_mass_tons":2001008.378212967,"city_id":10285,"country_iso":"CHN"},{"h3index":"874041922ffffff","population_2015":1727.6532483475,"total_built_mass_tons":414359.1677077105,"city_id":10285,"country_iso":"CHN"},{"h3index":"874041924ffffff","population_2015":8651.879359868,"total_built_mass_tons":1678602.0231799108,"city_id":10285,"country_iso":"CHN"},{"h3index":"874041926ffffff","population_2015":2635.7654513415,"total_built_mass_tons":636731.9844147332,"city_id":10285,"country_iso":"CHN"},{"h3index":"87404528affffff","population_2015":2907.6774684831,"total_built_mass_tons":519679.915018498,"city_id":10285,"country_iso":"CHN"},{"h3index":"874045299ffffff","population_2015":743.0048447572,"total_built_mass_tons":258072.631982524,"city_id":10285,"country_iso":"CHN"},{"h3index":"87404529dffffff","population_2015":1519.8205480837,"total_built_mass_tons":182879.0094305053,"city_id":10285,"country_iso":"CHN"}]