[{"h3index":"8739aa124ffffff","population_2015":802.8085416607,"total_built_mass_tons":147714.1336048869,"city_id":1574,"country_iso":"MAR"},{"h3index":"8739aa125ffffff","population_2015":798.7776370329,"total_built_mass_tons":115813.981778133,"city_id":1574,"country_iso":"MAR"},{"h3index":"8739aa889ffffff","population_2015":500.8580247916,"total_built_mass_tons":109276.4520416278,"city_id":1574,"country_iso":"MAR"},{"h3index":"8739aa88affffff","population_2015":2452.6835633446,"total_built_mass_tons":577621.7888047105,"city_id":1574,"country_iso":"MAR"},{"h3index":"8739aa88bffffff","population_2015":2699.0759283963,"total_built_mass_tons":616541.5682747504,"city_id":1574,"country_iso":"MAR"},{"h3index":"8739aa898ffffff","population_2015":1615.7101671107,"total_built_mass_tons":575000.8643282587,"city_id":1574,"country_iso":"MAR"},{"h3index":"8739aa899ffffff","population_2015":3762.5539696114,"total_built_mass_tons":688321.2076799612,"city_id":1574,"country_iso":"MAR"},{"h3index":"8739aa89bffffff","population_2015":8.5400170382,"total_built_mass_tons":1973.9819859479,"city_id":1574,"country_iso":"MAR"},{"h3index":"8739aa89cffffff","population_2015":8.6804749059,"total_built_mass_tons":37863.2666108735,"city_id":1574,"country_iso":"MAR"},{"h3index":"8739aa89dffffff","population_2015":265.3115656086,"total_built_mass_tons":226126.1135050756,"city_id":1574,"country_iso":"MAR"},{"h3index":"8739aa89effffff","population_2015":31.5423068495,"total_built_mass_tons":37832.1640452404,"city_id":1574,"country_iso":"MAR"},{"h3index":"8739aa8d6ffffff","population_2015":6042.310795122,"total_built_mass_tons":867556.099831355,"city_id":1574,"country_iso":"MAR"}]