[{"h3index":"876b84d41ffffff","population_2015":5.1743551025,"total_built_mass_tons":49144.2254535459,"city_id":3322,"country_iso":"TCD"},{"h3index":"876b84d4cffffff","population_2015":80.9480496044,"total_built_mass_tons":347897.3417607446,"city_id":3322,"country_iso":"TCD"},{"h3index":"876b84d4dffffff","population_2015":45.8935524854,"total_built_mass_tons":298924.2775165738,"city_id":3322,"country_iso":"TCD"},{"h3index":"876b84d6affffff","population_2015":0.5211344696,"total_built_mass_tons":4066.6670509709,"city_id":3322,"country_iso":"TCD"},{"h3index":"876b84d6bffffff","population_2015":58.0746580654,"total_built_mass_tons":300040.0138426367,"city_id":3322,"country_iso":"TCD"}]