[{"h3index": "872e19489ffffff", "population_2015": 5.491371182834401, "total_built_mass_tons": 4894.813394158155, "city_id": 12754, "country_iso": "JPN"}, {"h3index": "872e1948bffffff", "population_2015": 3180.0226132710777, "total_built_mass_tons": 1554295.5551959928, "city_id": 12754, "country_iso": "JPN"}, {"h3index": "872e19499ffffff", "population_2015": 2057.4995281799165, "total_built_mass_tons": 699940.3066237059, "city_id": 12754, "country_iso": "JPN"}, {"h3index": "872e1949affffff", "population_2015": 770.2002853739494, "total_built_mass_tons": 467016.2883959689, "city_id": 12754, "country_iso": "JPN"}, {"h3index": "872e1949bffffff", "population_2015": 6630.948972926421, "total_built_mass_tons": 2947256.963862147, "city_id": 12754, "country_iso": "JPN"}, {"h3index": "872e194c0ffffff", "population_2015": 675.0519472701876, "total_built_mass_tons": 375373.06040685374, "city_id": 12754, "country_iso": "JPN"}, {"h3index": "872e194c2ffffff", "population_2015": 5454.213449614657, "total_built_mass_tons": 2919094.113184986, "city_id": 12754, "country_iso": "JPN"}, {"h3index": "872e194c3ffffff", "population_2015": 3.3273350584740733, "total_built_mass_tons": 43563.18410671211, "city_id": 12754, "country_iso": "JPN"}, {"h3index": "872e194c6ffffff", "population_2015": 287.3935086904788, "total_built_mass_tons": 184568.30906605063, "city_id": 12754, "country_iso": "JPN"}, {"h3index": "872e194d0ffffff", "population_2015": 9676.950706311767, "total_built_mass_tons": 4722483.418233437, "city_id": 12754, "country_iso": "JPN"}, {"h3index": "872e194d1ffffff", "population_2015": 4122.090715406454, "total_built_mass_tons": 2551863.4688939713, "city_id": 12754, "country_iso": "JPN"}, {"h3index": "872e194d2ffffff", "population_2015": 676.1466361737719, "total_built_mass_tons": 434055.16146378266, "city_id": 12754, "country_iso": "JPN"}, {"h3index": "872e194d3ffffff", "population_2015": 1477.375450670953, "total_built_mass_tons": 896539.568210006, "city_id": 12754, "country_iso": "JPN"}, {"h3index": "872e194d4ffffff", "population_2015": 4302.693578140408, "total_built_mass_tons": 1497639.0174509436, "city_id": 12754, "country_iso": "JPN"}, {"h3index": "872e194d5ffffff", "population_2015": 4752.8098759202385, "total_built_mass_tons": 2469787.7738290895, "city_id": 12754, "country_iso": "JPN"}, {"h3index": "872e194d6ffffff", "population_2015": 10892.927885487505, "total_built_mass_tons": 5432622.302470714, "city_id": 12754, "country_iso": "JPN"}, {"h3index": "872e194d8ffffff", "population_2015": 84.38697929382323, "total_built_mass_tons": 239906.80553036137, "city_id": 12754, "country_iso": "JPN"}, {"h3index": "872e194dcffffff", "population_2015": 2420.2949633850767, "total_built_mass_tons": 1493910.6576256324, "city_id": 12754, "country_iso": "JPN"}, {"h3index": "872e194ddffffff", "population_2015": 537.5496315049189, "total_built_mass_tons": 513257.56703086593, "city_id": 12754, "country_iso": "JPN"}, {"h3index": "872e194deffffff", "population_2015": 1181.6930855891285, "total_built_mass_tons": 639705.1615892911, "city_id": 12754, "country_iso": "JPN"}, {"h3index": "872e1bb24ffffff", "population_2015": 3919.5493231361984, "total_built_mass_tons": 1795755.139928183, "city_id": 12754, "country_iso": "JPN"}, {"h3index": "872e1bb25ffffff", "population_2015": 1162.0403248992618, "total_built_mass_tons": 917123.6039503732, "city_id": 12754, "country_iso": "JPN"}, {"h3index": "872e1bb26ffffff", "population_2015": 1144.692881629981, "total_built_mass_tons": 684297.3270082618, "city_id": 12754, "country_iso": "JPN"}, {"h3index": "872e1bb35ffffff", "population_2015": 23.296225530960974, "total_built_mass_tons": 16066.46318546046, "city_id": 12754, "country_iso": "JPN"}]