[{"h3index":"8740f1229ffffff","population_2015":853.6008223926,"total_built_mass_tons":199961.523754461,"city_id":10313,"country_iso":"CHN"},{"h3index":"8740f1260ffffff","population_2015":6630.0631168272,"total_built_mass_tons":2339193.5113900392,"city_id":10313,"country_iso":"CHN"},{"h3index":"8740f1262ffffff","population_2015":1627.6226431398,"total_built_mass_tons":521270.5639474998,"city_id":10313,"country_iso":"CHN"},{"h3index":"8740f1264ffffff","population_2015":23509.5446532577,"total_built_mass_tons":5866575.8127337629,"city_id":10313,"country_iso":"CHN"},{"h3index":"8740f1265ffffff","population_2015":2808.9769386724,"total_built_mass_tons":933543.649544225,"city_id":10313,"country_iso":"CHN"},{"h3index":"8740f1266ffffff","population_2015":31155.8842709261,"total_built_mass_tons":9560511.2530165277,"city_id":10313,"country_iso":"CHN"},{"h3index":"8740f1270ffffff","population_2015":23.175743851,"total_built_mass_tons":8152.3949178228,"city_id":10313,"country_iso":"CHN"},{"h3index":"8740f1271ffffff","population_2015":11.2803397712,"total_built_mass_tons":13530.3353989259,"city_id":10313,"country_iso":"CHN"},{"h3index":"8740f1274ffffff","population_2015":10190.75603619,"total_built_mass_tons":2177814.5130235539,"city_id":10313,"country_iso":"CHN"},{"h3index":"8740f1275ffffff","population_2015":7499.9514556099,"total_built_mass_tons":1691591.7257859111,"city_id":10313,"country_iso":"CHN"},{"h3index":"8740f1348ffffff","population_2015":74.0652656962,"total_built_mass_tons":359953.2239188099,"city_id":10313,"country_iso":"CHN"},{"h3index":"8740f134affffff","population_2015":8033.125805572,"total_built_mass_tons":3081716.0886622677,"city_id":10313,"country_iso":"CHN"},{"h3index":"8740f134bffffff","population_2015":450.4554224005,"total_built_mass_tons":488540.7611697831,"city_id":10313,"country_iso":"CHN"},{"h3index":"8740f134effffff","population_2015":4.1328479,"total_built_mass_tons":4897.9806746759,"city_id":10313,"country_iso":"CHN"},{"h3index":"8740f1358ffffff","population_2015":7061.9641582452,"total_built_mass_tons":608532.4399675276,"city_id":10313,"country_iso":"CHN"},{"h3index":"8740f1359ffffff","population_2015":31350.9279305327,"total_built_mass_tons":5876628.6171337254,"city_id":10313,"country_iso":"CHN"},{"h3index":"8740f135affffff","population_2015":4347.5209523706,"total_built_mass_tons":572750.6270368734,"city_id":10313,"country_iso":"CHN"},{"h3index":"8740f135bffffff","population_2015":29116.2776876113,"total_built_mass_tons":4359438.0042691892,"city_id":10313,"country_iso":"CHN"},{"h3index":"8740f135dffffff","population_2015":3872.0660484249,"total_built_mass_tons":408170.6302816269,"city_id":10313,"country_iso":"CHN"}]