[{"h3index": "8740a184affffff", "population_2015": 3308.039518797631, "total_built_mass_tons": 317141.8561896777, "city_id": 11230, "country_iso": "CHN"}, {"h3index": "8740a184bffffff", "population_2015": 1783.5294403001371, "total_built_mass_tons": 482096.3740911508, "city_id": 11230, "country_iso": "CHN"}, {"h3index": "8740a1858ffffff", "population_2015": 292.1665496059493, "total_built_mass_tons": 108264.03294499728, "city_id": 11230, "country_iso": "CHN"}, {"h3index": "8740a1859ffffff", "population_2015": 28315.108262034013, "total_built_mass_tons": 4603003.312947759, "city_id": 11230, "country_iso": "CHN"}, {"h3index": "8740a185bffffff", "population_2015": 548.2060408199534, "total_built_mass_tons": 374662.586568648, "city_id": 11230, "country_iso": "CHN"}, {"h3index": "8740a185cffffff", "population_2015": 150.52221815071854, "total_built_mass_tons": 48217.57201297714, "city_id": 11230, "country_iso": "CHN"}, {"h3index": "8740a185dffffff", "population_2015": 4629.136288431579, "total_built_mass_tons": 592055.0931945846, "city_id": 11230, "country_iso": "CHN"}, {"h3index": "8740a1ba0ffffff", "population_2015": 2094.894027343451, "total_built_mass_tons": 610213.3522508799, "city_id": 11230, "country_iso": "CHN"}, {"h3index": "8740a1ba2ffffff", "population_2015": 488.6755546794218, "total_built_mass_tons": 132307.99573761038, "city_id": 11230, "country_iso": "CHN"}, {"h3index": "8740a1ba4ffffff", "population_2015": 35261.69078698626, "total_built_mass_tons": 7649033.892371491, "city_id": 11230, "country_iso": "CHN"}, {"h3index": "8740a1ba5ffffff", "population_2015": 1717.5075503872893, "total_built_mass_tons": 597303.3950609084, "city_id": 11230, "country_iso": "CHN"}, {"h3index": "8740a1ba6ffffff", "population_2015": 10765.628769923193, "total_built_mass_tons": 1523888.4266912283, "city_id": 11230, "country_iso": "CHN"}, {"h3index": "8740a1bb5ffffff", "population_2015": 12.662111289828433, "total_built_mass_tons": 2472.2338334217825, "city_id": 11230, "country_iso": "CHN"}]