[{"h3index":"876022cc0ffffff","population_2015":252.9822973139,"total_built_mass_tons":79207.0844776459,"city_id":8057,"country_iso":"IND"},{"h3index":"876022cc1ffffff","population_2015":63.171674863,"total_built_mass_tons":17894.9432320507,"city_id":8057,"country_iso":"IND"},{"h3index":"876022cc4ffffff","population_2015":6.3764519187,"total_built_mass_tons":19293.4979398687,"city_id":8057,"country_iso":"IND"},{"h3index":"876022cc5ffffff","population_2015":225.2185512842,"total_built_mass_tons":59197.290309055,"city_id":8057,"country_iso":"IND"}]