[{"h3index":"876412788ffffff","population_2015":224.8035246344,"total_built_mass_tons":97874.1114844826,"city_id":10452,"country_iso":"MMR"},{"h3index":"87641278affffff","population_2015":8863.4303454941,"total_built_mass_tons":1241187.9969520397,"city_id":10452,"country_iso":"MMR"},{"h3index":"87641278effffff","population_2015":352.2246048348,"total_built_mass_tons":81539.5938019389,"city_id":10452,"country_iso":"MMR"},{"h3index":"876412799ffffff","population_2015":89.8858961666,"total_built_mass_tons":84363.8698860471,"city_id":10452,"country_iso":"MMR"},{"h3index":"87641279dffffff","population_2015":158.4537940867,"total_built_mass_tons":43070.5200436592,"city_id":10452,"country_iso":"MMR"}]