[{"h3index": "871eb4990ffffff", "population_2015": 3.665574570730621, "total_built_mass_tons": 10769.764125999362, "city_id": 2437, "country_iso": "ITA"}, {"h3index": "871eb4992ffffff", "population_2015": 4013.669718211772, "total_built_mass_tons": 2175804.8793347557, "city_id": 2437, "country_iso": "ITA"}, {"h3index": "871eb4d29ffffff", "population_2015": 1981.4351789750303, "total_built_mass_tons": 1193173.0944881774, "city_id": 2437, "country_iso": "ITA"}, {"h3index": "871eb4d60ffffff", "population_2015": 2122.966969602366, "total_built_mass_tons": 1670719.339541365, "city_id": 2437, "country_iso": "ITA"}, {"h3index": "871eb4d61ffffff", "population_2015": 6787.373746657257, "total_built_mass_tons": 3210940.7111872975, "city_id": 2437, "country_iso": "ITA"}, {"h3index": "871eb4d62ffffff", "population_2015": 1061.4213683843614, "total_built_mass_tons": 586942.3636189956, "city_id": 2437, "country_iso": "ITA"}, {"h3index": "871eb4d63ffffff", "population_2015": 1080.0972258852985, "total_built_mass_tons": 1473955.200721779, "city_id": 2437, "country_iso": "ITA"}, {"h3index": "871eb4d65ffffff", "population_2015": 4.350547595234477, "total_built_mass_tons": 20548.803941319835, "city_id": 2437, "country_iso": "ITA"}, {"h3index": "871eb4d66ffffff", "population_2015": 15067.699295888811, "total_built_mass_tons": 3096625.989275298, "city_id": 2437, "country_iso": "ITA"}, {"h3index": "871eb4d6cffffff", "population_2015": 2764.105948138471, "total_built_mass_tons": 1615504.3468512278, "city_id": 2437, "country_iso": "ITA"}, {"h3index": "871eb4d6dffffff", "population_2015": 991.3695622684908, "total_built_mass_tons": 961767.160557952, "city_id": 2437, "country_iso": "ITA"}, {"h3index": "871eb4d6effffff", "population_2015": 1.5657165176728194, "total_built_mass_tons": 6986.899267630006, "city_id": 2437, "country_iso": "ITA"}, {"h3index": "871eb4d74ffffff", "population_2015": 5040.096722083934, "total_built_mass_tons": 3016517.9816903183, "city_id": 2437, "country_iso": "ITA"}, {"h3index": "871eb4d75ffffff", "population_2015": 9710.559209063123, "total_built_mass_tons": 2585382.3137834086, "city_id": 2437, "country_iso": "ITA"}, {"h3index": "871f9a6daffffff", "population_2015": 188.75266594682256, "total_built_mass_tons": 204465.2720275607, "city_id": 2437, "country_iso": "ITA"}, {"h3index": "871f9a6dbffffff", "population_2015": 6043.726469047395, "total_built_mass_tons": 2480465.5801165933, "city_id": 2437, "country_iso": "ITA"}]