[{"h3index":"8730a201bffffff","population_2015":0.2746172578,"total_built_mass_tons":3062.5824057276,"city_id":11617,"country_iso":"CHN"},{"h3index":"8730a208dffffff","population_2015":174.9996238867,"total_built_mass_tons":223764.7078542918,"city_id":11617,"country_iso":"CHN"},{"h3index":"8730a20c4ffffff","population_2015":494.396156498,"total_built_mass_tons":297656.4013958689,"city_id":11617,"country_iso":"CHN"},{"h3index":"8730a20e2ffffff","population_2015":3768.9235316735,"total_built_mass_tons":1588504.6282334169,"city_id":11617,"country_iso":"CHN"},{"h3index":"8730a20e3ffffff","population_2015":428.4955112046,"total_built_mass_tons":197906.3692514911,"city_id":11617,"country_iso":"CHN"},{"h3index":"8730a20f0ffffff","population_2015":4297.8896920372,"total_built_mass_tons":4576006.8749020025,"city_id":11617,"country_iso":"CHN"},{"h3index":"8730a20f1ffffff","population_2015":9312.534695055,"total_built_mass_tons":2337283.8660524301,"city_id":11617,"country_iso":"CHN"},{"h3index":"8730a20f2ffffff","population_2015":1669.9038507569,"total_built_mass_tons":1784599.3737230687,"city_id":11617,"country_iso":"CHN"},{"h3index":"8730a20f3ffffff","population_2015":5081.3341317934,"total_built_mass_tons":2313822.3137937738,"city_id":11617,"country_iso":"CHN"},{"h3index":"8730a20f4ffffff","population_2015":860.4340315599,"total_built_mass_tons":769463.0141983711,"city_id":11617,"country_iso":"CHN"},{"h3index":"8730a20f5ffffff","population_2015":8297.2688916538,"total_built_mass_tons":3549609.5774918608,"city_id":11617,"country_iso":"CHN"},{"h3index":"8730a20f6ffffff","population_2015":2076.6619465374,"total_built_mass_tons":1609150.9181303978,"city_id":11617,"country_iso":"CHN"}]