[{"h3index":"876485364ffffff","population_2015":5628.1240005044,"total_built_mass_tons":572094.5739419537,"city_id":10347,"country_iso":"MMR"},{"h3index":"876485ac1ffffff","population_2015":2180.7217458052,"total_built_mass_tons":309918.6860531421,"city_id":10347,"country_iso":"MMR"},{"h3index":"876485ac8ffffff","population_2015":17083.4551522947,"total_built_mass_tons":1344996.0881646583,"city_id":10347,"country_iso":"MMR"},{"h3index":"876485acaffffff","population_2015":29676.3542323991,"total_built_mass_tons":2582962.4403616553,"city_id":10347,"country_iso":"MMR"},{"h3index":"876485acbffffff","population_2015":333.3134086459,"total_built_mass_tons":76123.4487198903,"city_id":10347,"country_iso":"MMR"},{"h3index":"876485accffffff","population_2015":8082.3519007141,"total_built_mass_tons":887340.1399377349,"city_id":10347,"country_iso":"MMR"},{"h3index":"876485acdffffff","population_2015":3061.5258159263,"total_built_mass_tons":289527.1615539302,"city_id":10347,"country_iso":"MMR"},{"h3index":"876485aceffffff","population_2015":2115.1918774997,"total_built_mass_tons":338346.3603672173,"city_id":10347,"country_iso":"MMR"},{"h3index":"876485ad9ffffff","population_2015":4664.8207013822,"total_built_mass_tons":454226.5802265951,"city_id":10347,"country_iso":"MMR"},{"h3index":"876485addffffff","population_2015":6106.7413042405,"total_built_mass_tons":629083.0854089544,"city_id":10347,"country_iso":"MMR"},{"h3index":"876485aeaffffff","population_2015":10.8105480942,"total_built_mass_tons":3068.5132629383,"city_id":10347,"country_iso":"MMR"},{"h3index":"876485aebffffff","population_2015":0.4431871003,"total_built_mass_tons":118.5188351908,"city_id":10347,"country_iso":"MMR"}]