[{"h3index": "87419680bffffff", "population_2015": 189.1763511657715, "total_built_mass_tons": 58862.20776172144, "city_id": 12451, "country_iso": "CHN"}, {"h3index": "874196810ffffff", "population_2015": 59080.23564320733, "total_built_mass_tons": 6198252.614016572, "city_id": 12451, "country_iso": "CHN"}, {"h3index": "874196811ffffff", "population_2015": 2866.9318350717126, "total_built_mass_tons": 1148324.585162224, "city_id": 12451, "country_iso": "CHN"}, {"h3index": "874196812ffffff", "population_2015": 20572.06651896309, "total_built_mass_tons": 6513998.950273528, "city_id": 12451, "country_iso": "CHN"}, {"h3index": "874196813ffffff", "population_2015": 18633.70036523856, "total_built_mass_tons": 4516468.660710594, "city_id": 12451, "country_iso": "CHN"}, {"h3index": "874196814ffffff", "population_2015": 11219.833449973316, "total_built_mass_tons": 3226111.3717394806, "city_id": 12451, "country_iso": "CHN"}, {"h3index": "874196815ffffff", "population_2015": 515.5849871205348, "total_built_mass_tons": 119212.98029438354, "city_id": 12451, "country_iso": "CHN"}, {"h3index": "874196816ffffff", "population_2015": 57723.37488202862, "total_built_mass_tons": 10769536.12632778, "city_id": 12451, "country_iso": "CHN"}, {"h3index": "874196818ffffff", "population_2015": 1558.730484463187, "total_built_mass_tons": 934444.8568148824, "city_id": 12451, "country_iso": "CHN"}, {"h3index": "87419681affffff", "population_2015": 8567.650577212316, "total_built_mass_tons": 5152377.764125679, "city_id": 12451, "country_iso": "CHN"}, {"h3index": "87419681bffffff", "population_2015": 9688.257020711428, "total_built_mass_tons": 849805.9882796911, "city_id": 12451, "country_iso": "CHN"}, {"h3index": "87419681effffff", "population_2015": 1985.3803296799751, "total_built_mass_tons": 734108.6060629294, "city_id": 12451, "country_iso": "CHN"}, {"h3index": "874196842ffffff", "population_2015": 1209.949115663416, "total_built_mass_tons": 413703.86005778547, "city_id": 12451, "country_iso": "CHN"}, {"h3index": "874196843ffffff", "population_2015": 300.8176774931889, "total_built_mass_tons": 232905.4886485037, "city_id": 12451, "country_iso": "CHN"}, {"h3index": "874196848ffffff", "population_2015": 1877.280367222019, "total_built_mass_tons": 1288602.2992763647, "city_id": 12451, "country_iso": "CHN"}, {"h3index": "874196849ffffff", "population_2015": 6157.071580169714, "total_built_mass_tons": 2336487.1882407647, "city_id": 12451, "country_iso": "CHN"}, {"h3index": "87419684affffff", "population_2015": 3077.4593011070706, "total_built_mass_tons": 1749803.2063083514, "city_id": 12451, "country_iso": "CHN"}, {"h3index": "87419684bffffff", "population_2015": 459.6509627716214, "total_built_mass_tons": 195499.04479094353, "city_id": 12451, "country_iso": "CHN"}, {"h3index": "87419684dffffff", "population_2015": 11.442781321207685, "total_built_mass_tons": 2042.6611146545772, "city_id": 12451, "country_iso": "CHN"}, {"h3index": "87419684effffff", "population_2015": 891.8145571605831, "total_built_mass_tons": 863609.6394110331, "city_id": 12451, "country_iso": "CHN"}, {"h3index": "874196850ffffff", "population_2015": 4973.167919521708, "total_built_mass_tons": 1349641.9485283596, "city_id": 12451, "country_iso": "CHN"}, {"h3index": "874196851ffffff", "population_2015": 4772.437635237563, "total_built_mass_tons": 1122140.9807178483, "city_id": 12451, "country_iso": "CHN"}, {"h3index": "874196852ffffff", "population_2015": 7564.517855924717, "total_built_mass_tons": 2132891.7956805886, "city_id": 12451, "country_iso": "CHN"}, {"h3index": "874196853ffffff", "population_2015": 17886.297950129414, "total_built_mass_tons": 4604759.083508835, "city_id": 12451, "country_iso": "CHN"}, {"h3index": "874196855ffffff", "population_2015": 1840.9184531641945, "total_built_mass_tons": 432296.4031391204, "city_id": 12451, "country_iso": "CHN"}, {"h3index": "874196856ffffff", "population_2015": 1778.6193669786644, "total_built_mass_tons": 429596.2739460801, "city_id": 12451, "country_iso": "CHN"}, {"h3index": "874196858ffffff", "population_2015": 3163.5770675116896, "total_built_mass_tons": 914740.8278470626, "city_id": 12451, "country_iso": "CHN"}, {"h3index": "874196859ffffff", "population_2015": 180.01015255310958, "total_built_mass_tons": 310269.5044161527, "city_id": 12451, "country_iso": "CHN"}, {"h3index": "87419685affffff", "population_2015": 5835.112490044388, "total_built_mass_tons": 1721583.9272328897, "city_id": 12451, "country_iso": "CHN"}, {"h3index": "87419685cffffff", "population_2015": 5452.425651039798, "total_built_mass_tons": 1503336.3867531507, "city_id": 12451, "country_iso": "CHN"}, {"h3index": "87419685dffffff", "population_2015": 1520.1784298653697, "total_built_mass_tons": 940498.1051153688, "city_id": 12451, "country_iso": "CHN"}, {"h3index": "87419685effffff", "population_2015": 14574.250289304584, "total_built_mass_tons": 2908633.804659251, "city_id": 12451, "country_iso": "CHN"}, {"h3index": "87419688cffffff", "population_2015": 2.1435615408654307, "total_built_mass_tons": 3313.9264139983625, "city_id": 12451, "country_iso": "CHN"}, {"h3index": "87419688dffffff", "population_2015": 1920.3580860133263, "total_built_mass_tons": 3183612.7892035446, "city_id": 12451, "country_iso": "CHN"}, {"h3index": "8741968a0ffffff", "population_2015": 389.60284485957214, "total_built_mass_tons": 1926596.0460919093, "city_id": 12451, "country_iso": "CHN"}, {"h3index": "8741968a1ffffff", "population_2015": 4329.273874659983, "total_built_mass_tons": 4791783.373164107, "city_id": 12451, "country_iso": "CHN"}, {"h3index": "8741968a3ffffff", "population_2015": 25.137142573618423, "total_built_mass_tons": 206852.95147010696, "city_id": 12451, "country_iso": "CHN"}, {"h3index": "8741968a4ffffff", "population_2015": 517.3266552761489, "total_built_mass_tons": 771160.956889832, "city_id": 12451, "country_iso": "CHN"}, {"h3index": "8741968a5ffffff", "population_2015": 9789.069208197505, "total_built_mass_tons": 4064641.3517481415, "city_id": 12451, "country_iso": "CHN"}, {"h3index": "8741968a8ffffff", "population_2015": 2814.878608132344, "total_built_mass_tons": 1993749.064785764, "city_id": 12451, "country_iso": "CHN"}, {"h3index": "8741968a9ffffff", "population_2015": 2630.5530462187885, "total_built_mass_tons": 2907843.765769437, "city_id": 12451, "country_iso": "CHN"}, {"h3index": "8741968abffffff", "population_2015": 1243.3882130751415, "total_built_mass_tons": 1683638.5592314452, "city_id": 12451, "country_iso": "CHN"}, {"h3index": "8741968acffffff", "population_2015": 7017.949860208174, "total_built_mass_tons": 3209178.056074989, "city_id": 12451, "country_iso": "CHN"}, {"h3index": "8741968adffffff", "population_2015": 10049.104823656642, "total_built_mass_tons": 3655043.178348994, "city_id": 12451, "country_iso": "CHN"}, {"h3index": "8741968aeffffff", "population_2015": 1279.5574309312824, "total_built_mass_tons": 2086335.7165939885, "city_id": 12451, "country_iso": "CHN"}, {"h3index": "8741968c0ffffff", "population_2015": 4895.33242685, "total_built_mass_tons": 1071479.4773584497, "city_id": 12451, "country_iso": "CHN"}, {"h3index": "8741968c1ffffff", "population_2015": 13078.48215717335, "total_built_mass_tons": 5181605.564412212, "city_id": 12451, "country_iso": "CHN"}, {"h3index": "8741968c3ffffff", "population_2015": 5851.49633398991, "total_built_mass_tons": 3486821.1068555824, "city_id": 12451, "country_iso": "CHN"}, {"h3index": "8741968c4ffffff", "population_2015": 22602.5824327768, "total_built_mass_tons": 6945549.021495476, "city_id": 12451, "country_iso": "CHN"}, {"h3index": "8741968c5ffffff", "population_2015": 29104.47773329043, "total_built_mass_tons": 4824860.763032117, "city_id": 12451, "country_iso": "CHN"}, {"h3index": "8741968c6ffffff", "population_2015": 3947.73493467172, "total_built_mass_tons": 2529646.743521732, "city_id": 12451, "country_iso": "CHN"}, {"h3index": "8741968caffffff", "population_2015": 964.2062144653468, "total_built_mass_tons": 304522.644499172, "city_id": 12451, "country_iso": "CHN"}, {"h3index": "8741968ccffffff", "population_2015": 7662.659156509475, "total_built_mass_tons": 2046654.3282867677, "city_id": 12451, "country_iso": "CHN"}, {"h3index": "8741968ceffffff", "population_2015": 6148.881263054119, "total_built_mass_tons": 2570716.33483039, "city_id": 12451, "country_iso": "CHN"}, {"h3index": "8741968d8ffffff", "population_2015": 45.51443877500646, "total_built_mass_tons": 25250.541225614856, "city_id": 12451, "country_iso": "CHN"}, {"h3index": "8741968d9ffffff", "population_2015": 362.238835809745, "total_built_mass_tons": 152018.97244335385, "city_id": 12451, "country_iso": "CHN"}, {"h3index": "8741968dcffffff", "population_2015": 260.86819602461424, "total_built_mass_tons": 243829.4596072352, "city_id": 12451, "country_iso": "CHN"}, {"h3index": "8741968ddffffff", "population_2015": 3964.143411208134, "total_built_mass_tons": 2035861.5975260076, "city_id": 12451, "country_iso": "CHN"}, {"h3index": "8741968e0ffffff", "population_2015": 17530.531463065792, "total_built_mass_tons": 2930797.7839074796, "city_id": 12451, "country_iso": "CHN"}, {"h3index": "8741968e1ffffff", "population_2015": 26105.23432964999, "total_built_mass_tons": 6434947.153550101, "city_id": 12451, "country_iso": "CHN"}, {"h3index": "8741968e2ffffff", "population_2015": 9426.847138978925, "total_built_mass_tons": 4079661.1399337766, "city_id": 12451, "country_iso": "CHN"}, {"h3index": "8741968e3ffffff", "population_2015": 30706.661511155675, "total_built_mass_tons": 8352573.169536939, "city_id": 12451, "country_iso": "CHN"}, {"h3index": "8741968e4ffffff", "population_2015": 50.593021392822266, "total_built_mass_tons": 191391.07678004343, "city_id": 12451, "country_iso": "CHN"}, {"h3index": "8741968e5ffffff", "population_2015": 1641.4261796596006, "total_built_mass_tons": 455820.7960316459, "city_id": 12451, "country_iso": "CHN"}, {"h3index": "8741968e6ffffff", "population_2015": 8509.031383213343, "total_built_mass_tons": 1052142.0870322804, "city_id": 12451, "country_iso": "CHN"}, {"h3index": "8741968e8ffffff", "population_2015": 26329.020021775184, "total_built_mass_tons": 4954312.482090311, "city_id": 12451, "country_iso": "CHN"}, {"h3index": "8741968e9ffffff", "population_2015": 6296.7079561635555, "total_built_mass_tons": 1472723.3975616847, "city_id": 12451, "country_iso": "CHN"}, {"h3index": "8741968eaffffff", "population_2015": 24613.302307330865, "total_built_mass_tons": 7695156.387791431, "city_id": 12451, "country_iso": "CHN"}, {"h3index": "8741968ebffffff", "population_2015": 10456.765312121895, "total_built_mass_tons": 3063808.7861279123, "city_id": 12451, "country_iso": "CHN"}, {"h3index": "8741968ecffffff", "population_2015": 25335.071852560613, "total_built_mass_tons": 7071680.519741476, "city_id": 12451, "country_iso": "CHN"}, {"h3index": "8741968edffffff", "population_2015": 17105.101781916146, "total_built_mass_tons": 6443460.04292945, "city_id": 12451, "country_iso": "CHN"}, {"h3index": "8741968eeffffff", "population_2015": 29533.812418118643, "total_built_mass_tons": 7499617.234325337, "city_id": 12451, "country_iso": "CHN"}, {"h3index": "8741968f0ffffff", "population_2015": 5181.76934406056, "total_built_mass_tons": 2420761.592013928, "city_id": 12451, "country_iso": "CHN"}, {"h3index": "8741968f1ffffff", "population_2015": 6144.160672687085, "total_built_mass_tons": 2809636.7651296863, "city_id": 12451, "country_iso": "CHN"}, {"h3index": "8741968f2ffffff", "population_2015": 1324.1935007899417, "total_built_mass_tons": 528124.2210182254, "city_id": 12451, "country_iso": "CHN"}, {"h3index": "8741968f3ffffff", "population_2015": 2296.773636927792, "total_built_mass_tons": 1440364.8683441314, "city_id": 12451, "country_iso": "CHN"}, {"h3index": "8741968f4ffffff", "population_2015": 2166.809819943297, "total_built_mass_tons": 1440682.2805182622, "city_id": 12451, "country_iso": "CHN"}, {"h3index": "8741968f5ffffff", "population_2015": 7042.336913348177, "total_built_mass_tons": 5768191.418069352, "city_id": 12451, "country_iso": "CHN"}, {"h3index": "8741968f6ffffff", "population_2015": 3318.776619652907, "total_built_mass_tons": 3039740.8292763545, "city_id": 12451, "country_iso": "CHN"}, {"h3index": "874196988ffffff", "population_2015": 16.6040779169868, "total_built_mass_tons": 66049.46381553993, "city_id": 12451, "country_iso": "CHN"}, {"h3index": "874196989ffffff", "population_2015": 3238.921399314731, "total_built_mass_tons": 1561241.7660655472, "city_id": 12451, "country_iso": "CHN"}, {"h3index": "87419698affffff", "population_2015": 258.5253662707759, "total_built_mass_tons": 126187.38777454347, "city_id": 12451, "country_iso": "CHN"}, {"h3index": "87419698bffffff", "population_2015": 6411.24086227931, "total_built_mass_tons": 2443056.929709344, "city_id": 12451, "country_iso": "CHN"}, {"h3index": "874196b32ffffff", "population_2015": 31.77237361085181, "total_built_mass_tons": 25867.565402334694, "city_id": 12451, "country_iso": "CHN"}]