[{"h3index":"871e064c0ffffff","population_2015":105.5412784277,"total_built_mass_tons":87904.6074562239,"city_id":3027,"country_iso":"AUT"},{"h3index":"871e064c1ffffff","population_2015":614.3339795487,"total_built_mass_tons":456027.3050074309,"city_id":3027,"country_iso":"AUT"},{"h3index":"871e064c3ffffff","population_2015":1996.5044802909,"total_built_mass_tons":1510538.2235402744,"city_id":3027,"country_iso":"AUT"},{"h3index":"871e064c8ffffff","population_2015":3599.1229752354,"total_built_mass_tons":1394229.778301511,"city_id":3027,"country_iso":"AUT"},{"h3index":"871e064c9ffffff","population_2015":5331.5377242313,"total_built_mass_tons":1106742.6167321703,"city_id":3027,"country_iso":"AUT"},{"h3index":"871e064caffffff","population_2015":5146.9203033354,"total_built_mass_tons":2092838.7352300016,"city_id":3027,"country_iso":"AUT"},{"h3index":"871e064cbffffff","population_2015":16049.9166139939,"total_built_mass_tons":3076231.5964807239,"city_id":3027,"country_iso":"AUT"},{"h3index":"871e064ceffffff","population_2015":2716.4935269814,"total_built_mass_tons":1991601.5597995096,"city_id":3027,"country_iso":"AUT"},{"h3index":"871e064d8ffffff","population_2015":288.8072255303,"total_built_mass_tons":66987.7190424239,"city_id":3027,"country_iso":"AUT"},{"h3index":"871e064d9ffffff","population_2015":3756.8581477502,"total_built_mass_tons":690327.7531861215,"city_id":3027,"country_iso":"AUT"},{"h3index":"871e064daffffff","population_2015":6639.6291427126,"total_built_mass_tons":1106266.0298518883,"city_id":3027,"country_iso":"AUT"},{"h3index":"871e064dbffffff","population_2015":20002.9379119649,"total_built_mass_tons":4159721.5194767648,"city_id":3027,"country_iso":"AUT"},{"h3index":"871e064ddffffff","population_2015":1096.9999196614,"total_built_mass_tons":826678.955048219,"city_id":3027,"country_iso":"AUT"},{"h3index":"871e064deffffff","population_2015":38.9983369341,"total_built_mass_tons":8269.9746907595,"city_id":3027,"country_iso":"AUT"},{"h3index":"871e066b0ffffff","population_2015":15.1027521573,"total_built_mass_tons":46588.8971154304,"city_id":3027,"country_iso":"AUT"},{"h3index":"871e066b2ffffff","population_2015":261.7205064736,"total_built_mass_tons":40934.2303957001,"city_id":3027,"country_iso":"AUT"},{"h3index":"871e066b4ffffff","population_2015":2157.6984395689,"total_built_mass_tons":802708.4727379952,"city_id":3027,"country_iso":"AUT"},{"h3index":"871e066b6ffffff","population_2015":11265.5399523922,"total_built_mass_tons":2283030.0722900331,"city_id":3027,"country_iso":"AUT"},{"h3index":"871e06790ffffff","population_2015":4563.7012789974,"total_built_mass_tons":1302934.574989473,"city_id":3027,"country_iso":"AUT"},{"h3index":"871e06791ffffff","population_2015":1475.9734595121,"total_built_mass_tons":448597.1394223826,"city_id":3027,"country_iso":"AUT"},{"h3index":"871e06792ffffff","population_2015":24251.0002947228,"total_built_mass_tons":4933852.5059150131,"city_id":3027,"country_iso":"AUT"},{"h3index":"871e06793ffffff","population_2015":10809.5479949007,"total_built_mass_tons":2787307.8523317161,"city_id":3027,"country_iso":"AUT"},{"h3index":"871e06794ffffff","population_2015":197.65436999,"total_built_mass_tons":115575.3944769067,"city_id":3027,"country_iso":"AUT"},{"h3index":"871e06796ffffff","population_2015":16564.4191726011,"total_built_mass_tons":3074740.7918404038,"city_id":3027,"country_iso":"AUT"},{"h3index":"871e0679affffff","population_2015":917.3153752505,"total_built_mass_tons":254219.3716296551,"city_id":3027,"country_iso":"AUT"},{"h3index":"871e0679effffff","population_2015":345.752642301,"total_built_mass_tons":120668.1492031041,"city_id":3027,"country_iso":"AUT"},{"h3index":"871e15a00ffffff","population_2015":1472.6881702082,"total_built_mass_tons":908020.9781474528,"city_id":3027,"country_iso":"AUT"},{"h3index":"871e15a01ffffff","population_2015":2619.7301235391,"total_built_mass_tons":2912994.2159749656,"city_id":3027,"country_iso":"AUT"},{"h3index":"871e15a03ffffff","population_2015":2331.0074595919,"total_built_mass_tons":2495053.4732619952,"city_id":3027,"country_iso":"AUT"},{"h3index":"871e15a04ffffff","population_2015":6789.0150627024,"total_built_mass_tons":2581715.108944545,"city_id":3027,"country_iso":"AUT"},{"h3index":"871e15a05ffffff","population_2015":8343.9488884169,"total_built_mass_tons":4561140.5963038318,"city_id":3027,"country_iso":"AUT"},{"h3index":"871e15a20ffffff","population_2015":7993.528042739,"total_built_mass_tons":4799457.9013940897,"city_id":3027,"country_iso":"AUT"},{"h3index":"871e15a21ffffff","population_2015":7768.5312824857,"total_built_mass_tons":3816070.5023470609,"city_id":3027,"country_iso":"AUT"},{"h3index":"871e15a22ffffff","population_2015":1467.4073282223,"total_built_mass_tons":781056.1204109241,"city_id":3027,"country_iso":"AUT"},{"h3index":"871e15a23ffffff","population_2015":7289.0747433793,"total_built_mass_tons":4017635.1546544097,"city_id":3027,"country_iso":"AUT"},{"h3index":"871e15a24ffffff","population_2015":15589.6507433517,"total_built_mass_tons":3126009.2519546836,"city_id":3027,"country_iso":"AUT"},{"h3index":"871e15a25ffffff","population_2015":24990.0181466851,"total_built_mass_tons":6633316.2848512791,"city_id":3027,"country_iso":"AUT"},{"h3index":"871e15a26ffffff","population_2015":741.9376997013,"total_built_mass_tons":429462.74450089,"city_id":3027,"country_iso":"AUT"},{"h3index":"871e15a2affffff","population_2015":76.8924331001,"total_built_mass_tons":62495.3571238434,"city_id":3027,"country_iso":"AUT"},{"h3index":"871e15a2cffffff","population_2015":464.4423116324,"total_built_mass_tons":528730.7538305114,"city_id":3027,"country_iso":"AUT"},{"h3index":"871e15a2dffffff","population_2015":1.5703345832,"total_built_mass_tons":6787.9534993198,"city_id":3027,"country_iso":"AUT"},{"h3index":"871e15a2effffff","population_2015":785.3511107819,"total_built_mass_tons":663811.8878218759,"city_id":3027,"country_iso":"AUT"},{"h3index":"871e15a60ffffff","population_2015":18.8836004874,"total_built_mass_tons":77528.4537161442,"city_id":3027,"country_iso":"AUT"},{"h3index":"871e15a64ffffff","population_2015":2854.0781279886,"total_built_mass_tons":4830059.2371010603,"city_id":3027,"country_iso":"AUT"},{"h3index":"871e15a65ffffff","population_2015":345.8685629863,"total_built_mass_tons":557808.3008333996,"city_id":3027,"country_iso":"AUT"},{"h3index":"871e15a66ffffff","population_2015":528.0690664502,"total_built_mass_tons":723853.7173110787,"city_id":3027,"country_iso":"AUT"},{"h3index":"871e15a75ffffff","population_2015":461.8012948195,"total_built_mass_tons":497965.7430769117,"city_id":3027,"country_iso":"AUT"},{"h3index":"871e15b05ffffff","population_2015":497.7489689472,"total_built_mass_tons":122871.5803867995,"city_id":3027,"country_iso":"AUT"},{"h3index":"871e15b08ffffff","population_2015":11985.4727502486,"total_built_mass_tons":1921767.7970227017,"city_id":3027,"country_iso":"AUT"},{"h3index":"871e15b09ffffff","population_2015":24607.8971378252,"total_built_mass_tons":4056838.2443862371,"city_id":3027,"country_iso":"AUT"},{"h3index":"871e15b0affffff","population_2015":2938.0953240712,"total_built_mass_tons":544021.2181421224,"city_id":3027,"country_iso":"AUT"},{"h3index":"871e15b0bffffff","population_2015":24961.7415786631,"total_built_mass_tons":4155910.000653482,"city_id":3027,"country_iso":"AUT"},{"h3index":"871e15b0cffffff","population_2015":3800.2626489452,"total_built_mass_tons":641328.1341809913,"city_id":3027,"country_iso":"AUT"},{"h3index":"871e15b0dffffff","population_2015":27030.3273007412,"total_built_mass_tons":5605306.1255969536,"city_id":3027,"country_iso":"AUT"},{"h3index":"871e15b19ffffff","population_2015":484.123523183,"total_built_mass_tons":102771.3975736262,"city_id":3027,"country_iso":"AUT"},{"h3index":"871e15b28ffffff","population_2015":2503.4949488023,"total_built_mass_tons":291367.8092741793,"city_id":3027,"country_iso":"AUT"},{"h3index":"871e15b29ffffff","population_2015":4330.1685014126,"total_built_mass_tons":680850.4172920783,"city_id":3027,"country_iso":"AUT"},{"h3index":"871e15b2affffff","population_2015":13457.602541299,"total_built_mass_tons":2398531.0073308679,"city_id":3027,"country_iso":"AUT"},{"h3index":"871e15b2bffffff","population_2015":12558.5902494131,"total_built_mass_tons":2312962.4093028149,"city_id":3027,"country_iso":"AUT"},{"h3index":"871e15b2effffff","population_2015":0.1078745225,"total_built_mass_tons":3015.0275732355,"city_id":3027,"country_iso":"AUT"},{"h3index":"871e15b40ffffff","population_2015":20458.0590597452,"total_built_mass_tons":6173327.973243366,"city_id":3027,"country_iso":"AUT"},{"h3index":"871e15b41ffffff","population_2015":6585.463352525,"total_built_mass_tons":1418068.3640723969,"city_id":3027,"country_iso":"AUT"},{"h3index":"871e15b42ffffff","population_2015":30706.8467844571,"total_built_mass_tons":9015167.4798999503,"city_id":3027,"country_iso":"AUT"},{"h3index":"871e15b43ffffff","population_2015":30861.4337180044,"total_built_mass_tons":7119454.8824727926,"city_id":3027,"country_iso":"AUT"},{"h3index":"871e15b44ffffff","population_2015":29052.7063515383,"total_built_mass_tons":12961736.7093018219,"city_id":3027,"country_iso":"AUT"},{"h3index":"871e15b45ffffff","population_2015":17832.2358080359,"total_built_mass_tons":3375026.7118230229,"city_id":3027,"country_iso":"AUT"},{"h3index":"871e15b46ffffff","population_2015":32517.4525478887,"total_built_mass_tons":13039652.5072747339,"city_id":3027,"country_iso":"AUT"},{"h3index":"871e15b48ffffff","population_2015":5441.0165562686,"total_built_mass_tons":1529122.1806992958,"city_id":3027,"country_iso":"AUT"},{"h3index":"871e15b4affffff","population_2015":16255.3993539539,"total_built_mass_tons":3899468.8467445918,"city_id":3027,"country_iso":"AUT"},{"h3index":"871e15b4bffffff","population_2015":4703.5887051096,"total_built_mass_tons":1123787.7465597759,"city_id":3027,"country_iso":"AUT"},{"h3index":"871e15b4cffffff","population_2015":4492.6980067412,"total_built_mass_tons":1087052.2753425485,"city_id":3027,"country_iso":"AUT"},{"h3index":"871e15b4dffffff","population_2015":4918.8676154754,"total_built_mass_tons":940138.8665191692,"city_id":3027,"country_iso":"AUT"},{"h3index":"871e15b4effffff","population_2015":16542.0033027406,"total_built_mass_tons":3663579.0784218642,"city_id":3027,"country_iso":"AUT"},{"h3index":"871e15b50ffffff","population_2015":17947.3967990782,"total_built_mass_tons":3784441.2281485451,"city_id":3027,"country_iso":"AUT"},{"h3index":"871e15b51ffffff","population_2015":22311.201540487,"total_built_mass_tons":5187329.948967021,"city_id":3027,"country_iso":"AUT"},{"h3index":"871e15b52ffffff","population_2015":19976.2077149545,"total_built_mass_tons":6509457.7189249564,"city_id":3027,"country_iso":"AUT"},{"h3index":"871e15b53ffffff","population_2015":19807.9168256236,"total_built_mass_tons":4963914.3365650997,"city_id":3027,"country_iso":"AUT"},{"h3index":"871e15b54ffffff","population_2015":30550.6872319278,"total_built_mass_tons":7297859.8754810356,"city_id":3027,"country_iso":"AUT"},{"h3index":"871e15b55ffffff","population_2015":33701.8954961814,"total_built_mass_tons":9594347.9327514917,"city_id":3027,"country_iso":"AUT"},{"h3index":"871e15b56ffffff","population_2015":27450.7011901482,"total_built_mass_tons":5926238.7331745606,"city_id":3027,"country_iso":"AUT"},{"h3index":"871e15b58ffffff","population_2015":4981.2096013742,"total_built_mass_tons":1070550.9841678937,"city_id":3027,"country_iso":"AUT"},{"h3index":"871e15b59ffffff","population_2015":9858.8192107734,"total_built_mass_tons":4346262.4756821152,"city_id":3027,"country_iso":"AUT"},{"h3index":"871e15b5bffffff","population_2015":554.6816147173,"total_built_mass_tons":828060.1740312844,"city_id":3027,"country_iso":"AUT"},{"h3index":"871e15b5cffffff","population_2015":17446.5933569254,"total_built_mass_tons":3398884.8977988614,"city_id":3027,"country_iso":"AUT"},{"h3index":"871e15b5dffffff","population_2015":24408.5662873025,"total_built_mass_tons":4320472.503967097,"city_id":3027,"country_iso":"AUT"},{"h3index":"871e15b5effffff","population_2015":11470.2731122858,"total_built_mass_tons":2434643.0097584785,"city_id":3027,"country_iso":"AUT"},{"h3index":"871e15b60ffffff","population_2015":20511.4472109402,"total_built_mass_tons":5285695.4985748101,"city_id":3027,"country_iso":"AUT"},{"h3index":"871e15b61ffffff","population_2015":27953.7827050826,"total_built_mass_tons":6060014.1114420313,"city_id":3027,"country_iso":"AUT"},{"h3index":"871e15b62ffffff","population_2015":29076.424540314,"total_built_mass_tons":10107246.5718602892,"city_id":3027,"country_iso":"AUT"},{"h3index":"871e15b63ffffff","population_2015":17528.9604392444,"total_built_mass_tons":4096694.0048671206,"city_id":3027,"country_iso":"AUT"},{"h3index":"871e15b64ffffff","population_2015":16734.4598603978,"total_built_mass_tons":3933830.0688406052,"city_id":3027,"country_iso":"AUT"},{"h3index":"871e15b65ffffff","population_2015":32040.3383955937,"total_built_mass_tons":5944095.5940286778,"city_id":3027,"country_iso":"AUT"},{"h3index":"871e15b66ffffff","population_2015":26557.8539382299,"total_built_mass_tons":5058793.614753291,"city_id":3027,"country_iso":"AUT"},{"h3index":"871e15b68ffffff","population_2015":20128.9614303364,"total_built_mass_tons":3568991.7057478554,"city_id":3027,"country_iso":"AUT"},{"h3index":"871e15b69ffffff","population_2015":4240.9574176798,"total_built_mass_tons":989957.712546336,"city_id":3027,"country_iso":"AUT"},{"h3index":"871e15b6affffff","population_2015":24548.1040788276,"total_built_mass_tons":4840071.0922556585,"city_id":3027,"country_iso":"AUT"},{"h3index":"871e15b6bffffff","population_2015":17060.8053555189,"total_built_mass_tons":3160298.9814643608,"city_id":3027,"country_iso":"AUT"},{"h3index":"871e15b6cffffff","population_2015":25801.7417173834,"total_built_mass_tons":5641744.2353816153,"city_id":3027,"country_iso":"AUT"},{"h3index":"871e15b6dffffff","population_2015":9190.9499130698,"total_built_mass_tons":1941628.1801366792,"city_id":3027,"country_iso":"AUT"},{"h3index":"871e15b6effffff","population_2015":30103.4048505521,"total_built_mass_tons":5566419.8069087472,"city_id":3027,"country_iso":"AUT"},{"h3index":"871e15b70ffffff","population_2015":33735.7676313587,"total_built_mass_tons":14534986.4469104782,"city_id":3027,"country_iso":"AUT"},{"h3index":"871e15b71ffffff","population_2015":32789.8588668973,"total_built_mass_tons":13702552.3236793727,"city_id":3027,"country_iso":"AUT"},{"h3index":"871e15b72ffffff","population_2015":29378.1514864529,"total_built_mass_tons":9473192.8759543952,"city_id":3027,"country_iso":"AUT"},{"h3index":"871e15b73ffffff","population_2015":32854.2673633351,"total_built_mass_tons":15335785.4621874765,"city_id":3027,"country_iso":"AUT"},{"h3index":"871e15b74ffffff","population_2015":28210.0440557442,"total_built_mass_tons":5049047.6999751963,"city_id":3027,"country_iso":"AUT"},{"h3index":"871e15b75ffffff","population_2015":30700.9365635292,"total_built_mass_tons":9632182.5316136517,"city_id":3027,"country_iso":"AUT"},{"h3index":"871e15b76ffffff","population_2015":28835.0474238153,"total_built_mass_tons":5315942.0782037424,"city_id":3027,"country_iso":"AUT"}]