[{"h3index": "873d16911ffffff", "population_2015": 637.8324801575903, "total_built_mass_tons": 145776.7281061301, "city_id": 6680, "country_iso": "IND"}, {"h3index": "873d16912ffffff", "population_2015": 908.4215452427958, "total_built_mass_tons": 369448.0016340397, "city_id": 6680, "country_iso": "IND"}, {"h3index": "873d16913ffffff", "population_2015": 16549.3900712406, "total_built_mass_tons": 2398570.12801585, "city_id": 6680, "country_iso": "IND"}, {"h3index": "873d1691affffff", "population_2015": 165.48183170112907, "total_built_mass_tons": 85132.37718301435, "city_id": 6680, "country_iso": "IND"}, {"h3index": "873d1691effffff", "population_2015": 3438.156617194532, "total_built_mass_tons": 980194.9680744732, "city_id": 6680, "country_iso": "IND"}, {"h3index": "873d169a1ffffff", "population_2015": 65.19471326715806, "total_built_mass_tons": 20489.864603573384, "city_id": 6680, "country_iso": "IND"}, {"h3index": "873d169a8ffffff", "population_2015": 1717.1973672642423, "total_built_mass_tons": 398588.1401366469, "city_id": 6680, "country_iso": "IND"}, {"h3index": "873d169a9ffffff", "population_2015": 351.91990108116, "total_built_mass_tons": 180850.82173068, "city_id": 6680, "country_iso": "IND"}, {"h3index": "873d169acffffff", "population_2015": 6661.53736458479, "total_built_mass_tons": 1371541.0638955296, "city_id": 6680, "country_iso": "IND"}, {"h3index": "873d169adffffff", "population_2015": 19836.61550487817, "total_built_mass_tons": 3216023.37613256, "city_id": 6680, "country_iso": "IND"}]