[{"h3index":"873d8c082ffffff","population_2015":1183.5562350254,"total_built_mass_tons":273951.6923363664,"city_id":7727,"country_iso":"IND"},{"h3index":"873d8c086ffffff","population_2015":43.0793330959,"total_built_mass_tons":25026.1353747977,"city_id":7727,"country_iso":"IND"},{"h3index":"873d8c090ffffff","population_2015":396.274822927,"total_built_mass_tons":129022.9195772981,"city_id":7727,"country_iso":"IND"},{"h3index":"873d8c091ffffff","population_2015":412.3800913979,"total_built_mass_tons":134226.2161305932,"city_id":7727,"country_iso":"IND"},{"h3index":"873d8c094ffffff","population_2015":7524.2897303263,"total_built_mass_tons":1137108.2567275912,"city_id":7727,"country_iso":"IND"},{"h3index":"873d8c095ffffff","population_2015":4082.3735607035,"total_built_mass_tons":848801.4101441391,"city_id":7727,"country_iso":"IND"},{"h3index":"873d8c096ffffff","population_2015":30.0763955116,"total_built_mass_tons":20208.3667546741,"city_id":7727,"country_iso":"IND"},{"h3index":"873d8c0b2ffffff","population_2015":108.2249038135,"total_built_mass_tons":42077.7963947445,"city_id":7727,"country_iso":"IND"},{"h3index":"873d8c0b3ffffff","population_2015":44.5914979748,"total_built_mass_tons":17644.7841536397,"city_id":7727,"country_iso":"IND"},{"h3index":"873d8c548ffffff","population_2015":955.331121785,"total_built_mass_tons":251666.9496974569,"city_id":7727,"country_iso":"IND"},{"h3index":"873d8c549ffffff","population_2015":2254.5803788316,"total_built_mass_tons":638008.4064296545,"city_id":7727,"country_iso":"IND"},{"h3index":"873d8c54dffffff","population_2015":156.4618137734,"total_built_mass_tons":43830.3874972806,"city_id":7727,"country_iso":"IND"},{"h3index":"873d8c54effffff","population_2015":14.9450446035,"total_built_mass_tons":4606.2322116476,"city_id":7727,"country_iso":"IND"}]