[{"h3index":"876783c98ffffff","population_2015":607.55914543,"total_built_mass_tons":46125.9018228146,"city_id":419,"country_iso":"COL"},{"h3index":"876783c9affffff","population_2015":778.0303190792,"total_built_mass_tons":78037.4291687349,"city_id":419,"country_iso":"COL"},{"h3index":"876783c9bffffff","population_2015":25.5854150211,"total_built_mass_tons":2195.2349194625,"city_id":419,"country_iso":"COL"},{"h3index":"876783c9effffff","population_2015":132.7547354305,"total_built_mass_tons":6269.7713196041,"city_id":419,"country_iso":"COL"}]