[{"h3index": "87be72504ffffff", "population_2015": 373.2089579937506, "total_built_mass_tons": 182660.02196597, "city_id": 13036, "country_iso": "AUS"}, {"h3index": "87be72505ffffff", "population_2015": 2816.7066057392176, "total_built_mass_tons": 901577.5770249764, "city_id": 13036, "country_iso": "AUS"}, {"h3index": "87be72520ffffff", "population_2015": 6612.403316825979, "total_built_mass_tons": 2916269.2033209014, "city_id": 13036, "country_iso": "AUS"}, {"h3index": "87be72521ffffff", "population_2015": 8233.33317813457, "total_built_mass_tons": 3817523.858085481, "city_id": 13036, "country_iso": "AUS"}, {"h3index": "87be72522ffffff", "population_2015": 3022.073463839176, "total_built_mass_tons": 1267735.8523932635, "city_id": 13036, "country_iso": "AUS"}, {"h3index": "87be72523ffffff", "population_2015": 7737.160498930308, "total_built_mass_tons": 3586968.9338206165, "city_id": 13036, "country_iso": "AUS"}, {"h3index": "87be72524ffffff", "population_2015": 3482.7738476312375, "total_built_mass_tons": 1580140.5639596905, "city_id": 13036, "country_iso": "AUS"}, {"h3index": "87be72525ffffff", "population_2015": 8870.74844382465, "total_built_mass_tons": 4503961.7890035175, "city_id": 13036, "country_iso": "AUS"}, {"h3index": "87be72526ffffff", "population_2015": 895.0783238462371, "total_built_mass_tons": 360436.9135717657, "city_id": 13036, "country_iso": "AUS"}, {"h3index": "87be72528ffffff", "population_2015": 28.05684205597522, "total_built_mass_tons": 13344.67629960131, "city_id": 13036, "country_iso": "AUS"}, {"h3index": "87be7252cffffff", "population_2015": 1629.4454308943498, "total_built_mass_tons": 755907.930282252, "city_id": 13036, "country_iso": "AUS"}, {"h3index": "87be7252effffff", "population_2015": 5372.800648646495, "total_built_mass_tons": 2028716.523158908, "city_id": 13036, "country_iso": "AUS"}, {"h3index": "87be72c8affffff", "population_2015": 119.98046239096598, "total_built_mass_tons": 74719.5154360963, "city_id": 13036, "country_iso": "AUS"}, {"h3index": "87be72c8bffffff", "population_2015": 3055.9158258821444, "total_built_mass_tons": 1309889.9855532814, "city_id": 13036, "country_iso": "AUS"}, {"h3index": "87be72cd2ffffff", "population_2015": 1441.9662452803684, "total_built_mass_tons": 773639.4422238037, "city_id": 13036, "country_iso": "AUS"}, {"h3index": "87be72cd6ffffff", "population_2015": 226.748959487998, "total_built_mass_tons": 173940.80845011794, "city_id": 13036, "country_iso": "AUS"}]