[{"h3index":"8740c4c34ffffff","population_2015":21.2473957716,"total_built_mass_tons":28889.674705374,"city_id":10321,"country_iso":"CHN"},{"h3index":"8740c4d1affffff","population_2015":23.1980960271,"total_built_mass_tons":62684.058580802,"city_id":10321,"country_iso":"CHN"},{"h3index":"8740c4d8cffffff","population_2015":290.7105530645,"total_built_mass_tons":64559.6467376564,"city_id":10321,"country_iso":"CHN"},{"h3index":"8740c4da8ffffff","population_2015":6224.5975788752,"total_built_mass_tons":829404.4421810415,"city_id":10321,"country_iso":"CHN"},{"h3index":"8740c4da9ffffff","population_2015":17004.0959139333,"total_built_mass_tons":3370308.601977603,"city_id":10321,"country_iso":"CHN"},{"h3index":"8740c4daaffffff","population_2015":2467.6348583586,"total_built_mass_tons":900390.8965006634,"city_id":10321,"country_iso":"CHN"},{"h3index":"8740c4dabffffff","population_2015":5916.1521644064,"total_built_mass_tons":776851.4827172689,"city_id":10321,"country_iso":"CHN"},{"h3index":"8740c4dadffffff","population_2015":617.4061920409,"total_built_mass_tons":264244.7804915794,"city_id":10321,"country_iso":"CHN"}]