[{"h3index":"87609c0daffffff","population_2015":0.8129700979,"total_built_mass_tons":547.6653742323,"city_id":7320,"country_iso":"IND"},{"h3index":"87609c0dbffffff","population_2015":143.868841994,"total_built_mass_tons":19309.7018866894,"city_id":7320,"country_iso":"IND"},{"h3index":"87609c770ffffff","population_2015":238.8305510353,"total_built_mass_tons":30549.5170346678,"city_id":7320,"country_iso":"IND"},{"h3index":"87609c774ffffff","population_2015":11144.0576616138,"total_built_mass_tons":1661051.4705729657,"city_id":7320,"country_iso":"IND"},{"h3index":"87609c775ffffff","population_2015":38.4430598839,"total_built_mass_tons":26462.3411423643,"city_id":7320,"country_iso":"IND"},{"h3index":"87609c776ffffff","population_2015":341.2062530667,"total_built_mass_tons":34792.9850823639,"city_id":7320,"country_iso":"IND"}]