[{"h3index":"8741ac44cffffff","population_2015":325.2785916338,"total_built_mass_tons":225604.3502680532,"city_id":12345,"country_iso":"CHN"},{"h3index":"8741ac44dffffff","population_2015":4120.8192361757,"total_built_mass_tons":1031120.012804092,"city_id":12345,"country_iso":"CHN"},{"h3index":"8741ac469ffffff","population_2015":515.5670639749,"total_built_mass_tons":333226.5084018415,"city_id":12345,"country_iso":"CHN"},{"h3index":"8741ac46bffffff","population_2015":4396.2290183366,"total_built_mass_tons":2490088.8003096101,"city_id":12345,"country_iso":"CHN"},{"h3index":"8741ac730ffffff","population_2015":1.3262703091,"total_built_mass_tons":1484.266652183,"city_id":12345,"country_iso":"CHN"},{"h3index":"8741ac732ffffff","population_2015":190.7051829712,"total_built_mass_tons":102226.483199999,"city_id":12345,"country_iso":"CHN"},{"h3index":"8741ac734ffffff","population_2015":1385.8603919768,"total_built_mass_tons":558182.8195244723,"city_id":12345,"country_iso":"CHN"},{"h3index":"8741ac736ffffff","population_2015":20606.8861134436,"total_built_mass_tons":3156974.4075222784,"city_id":12345,"country_iso":"CHN"}]