[{"h3index": "873e60910ffffff", "population_2015": 1442.2649013257492, "total_built_mass_tons": 257064.5012318148, "city_id": 4003, "country_iso": "EGY"}, {"h3index": "873e60911ffffff", "population_2015": 476.9011450823616, "total_built_mass_tons": 73975.24401886444, "city_id": 4003, "country_iso": "EGY"}, {"h3index": "873e60912ffffff", "population_2015": 4751.933162771486, "total_built_mass_tons": 511722.3317268804, "city_id": 4003, "country_iso": "EGY"}, {"h3index": "873e60913ffffff", "population_2015": 14139.094215217292, "total_built_mass_tons": 1547459.5143417586, "city_id": 4003, "country_iso": "EGY"}, {"h3index": "873e60914ffffff", "population_2015": 33.356710890227674, "total_built_mass_tons": 5606.694877276343, "city_id": 4003, "country_iso": "EGY"}, {"h3index": "873e60915ffffff", "population_2015": 4746.59022583307, "total_built_mass_tons": 851961.2144130467, "city_id": 4003, "country_iso": "EGY"}, {"h3index": "873e6091effffff", "population_2015": 6449.557902676452, "total_built_mass_tons": 785548.541557525, "city_id": 4003, "country_iso": "EGY"}, {"h3index": "873e60933ffffff", "population_2015": 420.66938353893806, "total_built_mass_tons": 111237.5458051693, "city_id": 4003, "country_iso": "EGY"}, {"h3index": "873e609a0ffffff", "population_2015": 7797.637103151808, "total_built_mass_tons": 871933.0918345731, "city_id": 4003, "country_iso": "EGY"}, {"h3index": "873e609a1ffffff", "population_2015": 2473.468980407715, "total_built_mass_tons": 364745.0465278004, "city_id": 4003, "country_iso": "EGY"}, {"h3index": "873e609a4ffffff", "population_2015": 191.3400447508868, "total_built_mass_tons": 87483.93317373891, "city_id": 4003, "country_iso": "EGY"}, {"h3index": "873e609a5ffffff", "population_2015": 207.90827237297503, "total_built_mass_tons": 27482.879302746136, "city_id": 4003, "country_iso": "EGY"}, {"h3index": "873e609a6ffffff", "population_2015": 9552.061830385992, "total_built_mass_tons": 1164685.14142549, "city_id": 4003, "country_iso": "EGY"}, {"h3index": "873e609acffffff", "population_2015": 80.7793025970459, "total_built_mass_tons": 18660.089866258742, "city_id": 4003, "country_iso": "EGY"}, {"h3index": "873e609adffffff", "population_2015": 555.7061988606172, "total_built_mass_tons": 101476.5472055221, "city_id": 4003, "country_iso": "EGY"}, {"h3index": "873e609b4ffffff", "population_2015": 9924.120781169218, "total_built_mass_tons": 958562.998733212, "city_id": 4003, "country_iso": "EGY"}, {"h3index": "873e609b5ffffff", "population_2015": 105.90310131895777, "total_built_mass_tons": 14053.771957350724, "city_id": 4003, "country_iso": "EGY"}, {"h3index": "873e609b6ffffff", "population_2015": 1496.2444004507624, "total_built_mass_tons": 156468.14780595223, "city_id": 4003, "country_iso": "EGY"}, {"h3index": "873e6465bffffff", "population_2015": 8879.821794524845, "total_built_mass_tons": 1008304.1848795288, "city_id": 4003, "country_iso": "EGY"}]