[{"h3index": "87382e891ffffff", "population_2015": 2027.8830902922389, "total_built_mass_tons": 392144.68291552726, "city_id": 1962, "country_iso": "DZA"}, {"h3index": "87382e893ffffff", "population_2015": 8173.670840229707, "total_built_mass_tons": 1449896.517578916, "city_id": 1962, "country_iso": "DZA"}, {"h3index": "87382e89effffff", "population_2015": 12.70697088802562, "total_built_mass_tons": 3700.567290814147, "city_id": 1962, "country_iso": "DZA"}, {"h3index": "87382ec40ffffff", "population_2015": 435.5264603278216, "total_built_mass_tons": 124148.34457850237, "city_id": 1962, "country_iso": "DZA"}, {"h3index": "87382ec41ffffff", "population_2015": 17.982692815743242, "total_built_mass_tons": 18550.097939880816, "city_id": 1962, "country_iso": "DZA"}, {"h3index": "87382ec44ffffff", "population_2015": 1208.311944843741, "total_built_mass_tons": 500933.0447234339, "city_id": 1962, "country_iso": "DZA"}, {"h3index": "87382ec45ffffff", "population_2015": 5930.5393759521785, "total_built_mass_tons": 1493504.0910147266, "city_id": 1962, "country_iso": "DZA"}, {"h3index": "87382ec46ffffff", "population_2015": 115.09365902321012, "total_built_mass_tons": 35192.82010719968, "city_id": 1962, "country_iso": "DZA"}, {"h3index": "87382ec4cffffff", "population_2015": 122.63927795559752, "total_built_mass_tons": 39532.01859261116, "city_id": 1962, "country_iso": "DZA"}, {"h3index": "87382ec61ffffff", "population_2015": 234.88068913478477, "total_built_mass_tons": 31245.155934181716, "city_id": 1962, "country_iso": "DZA"}, {"h3index": "87382ec63ffffff", "population_2015": 8351.994402756409, "total_built_mass_tons": 1410215.3971309816, "city_id": 1962, "country_iso": "DZA"}, {"h3index": "87382ec68ffffff", "population_2015": 34238.77017665189, "total_built_mass_tons": 4499707.766520829, "city_id": 1962, "country_iso": "DZA"}, {"h3index": "87382ec69ffffff", "population_2015": 161.41086024864046, "total_built_mass_tons": 100563.53360339912, "city_id": 1962, "country_iso": "DZA"}, {"h3index": "87382ec6affffff", "population_2015": 3947.66236449971, "total_built_mass_tons": 570012.2395212535, "city_id": 1962, "country_iso": "DZA"}, {"h3index": "87382ec6bffffff", "population_2015": 2392.148611248241, "total_built_mass_tons": 429729.8621498584, "city_id": 1962, "country_iso": "DZA"}, {"h3index": "87382ec6cffffff", "population_2015": 16614.054766890582, "total_built_mass_tons": 2292487.1003325107, "city_id": 1962, "country_iso": "DZA"}, {"h3index": "87382ec6dffffff", "population_2015": 2825.863051844578, "total_built_mass_tons": 474670.1009321943, "city_id": 1962, "country_iso": "DZA"}, {"h3index": "87382ec6effffff", "population_2015": 34266.79502557494, "total_built_mass_tons": 3829982.520011129, "city_id": 1962, "country_iso": "DZA"}]