[{"h3index": "874450000ffffff", "population_2015": 3532.665797504008, "total_built_mass_tons": 2648358.5181256565, "city_id": 423, "country_iso": "USA"}, {"h3index": "874450002ffffff", "population_2015": 4153.231195770994, "total_built_mass_tons": 2434610.592564621, "city_id": 423, "country_iso": "USA"}, {"h3index": "874450003ffffff", "population_2015": 591.2466366879205, "total_built_mass_tons": 870416.7541962898, "city_id": 423, "country_iso": "USA"}, {"h3index": "874450004ffffff", "population_2015": 3323.9420300345796, "total_built_mass_tons": 1123043.4277146144, "city_id": 423, "country_iso": "USA"}, {"h3index": "874450005ffffff", "population_2015": 1847.019049681869, "total_built_mass_tons": 842788.351352958, "city_id": 423, "country_iso": "USA"}, {"h3index": "874450006ffffff", "population_2015": 1945.4666172510556, "total_built_mass_tons": 2466983.480213072, "city_id": 423, "country_iso": "USA"}, {"h3index": "874450010ffffff", "population_2015": 5688.3403817840635, "total_built_mass_tons": 2397110.353162069, "city_id": 423, "country_iso": "USA"}, {"h3index": "874450011ffffff", "population_2015": 3257.922958614896, "total_built_mass_tons": 1653882.4524845, "city_id": 423, "country_iso": "USA"}, {"h3index": "874450012ffffff", "population_2015": 5108.091963699284, "total_built_mass_tons": 3465572.588864191, "city_id": 423, "country_iso": "USA"}, {"h3index": "874450013ffffff", "population_2015": 4281.535702940354, "total_built_mass_tons": 2354226.3085956406, "city_id": 423, "country_iso": "USA"}, {"h3index": "874450014ffffff", "population_2015": 4476.150784192248, "total_built_mass_tons": 2540851.162406166, "city_id": 423, "country_iso": "USA"}, {"h3index": "874450015ffffff", "population_2015": 3885.351700455651, "total_built_mass_tons": 1980025.8255809315, "city_id": 423, "country_iso": "USA"}, {"h3index": "874450016ffffff", "population_2015": 1894.2656310176153, "total_built_mass_tons": 1713824.8270268522, "city_id": 423, "country_iso": "USA"}, {"h3index": "874450018ffffff", "population_2015": 3765.50725333552, "total_built_mass_tons": 1728163.562504535, "city_id": 423, "country_iso": "USA"}, {"h3index": "874450019ffffff", "population_2015": 177.61316824894325, "total_built_mass_tons": 144044.59954043222, "city_id": 423, "country_iso": "USA"}, {"h3index": "87445001affffff", "population_2015": 3186.9633214371456, "total_built_mass_tons": 2222151.744702311, "city_id": 423, "country_iso": "USA"}, {"h3index": "87445001bffffff", "population_2015": 1363.5272873768622, "total_built_mass_tons": 718451.6987440031, "city_id": 423, "country_iso": "USA"}, {"h3index": "87445001cffffff", "population_2015": 2489.6311104187344, "total_built_mass_tons": 2035579.8779759156, "city_id": 423, "country_iso": "USA"}, {"h3index": "87445001dffffff", "population_2015": 1.4656977363661223, "total_built_mass_tons": 37551.55055744157, "city_id": 423, "country_iso": "USA"}, {"h3index": "87445001effffff", "population_2015": 4662.906119427918, "total_built_mass_tons": 1417562.444961042, "city_id": 423, "country_iso": "USA"}, {"h3index": "874450021ffffff", "population_2015": 3.0963369930491726, "total_built_mass_tons": 2617.531699032689, "city_id": 423, "country_iso": "USA"}, {"h3index": "874450023ffffff", "population_2015": 435.6058705582339, "total_built_mass_tons": 155512.1290886866, "city_id": 423, "country_iso": "USA"}, {"h3index": "874450028ffffff", "population_2015": 2031.5196037998385, "total_built_mass_tons": 749052.2307752304, "city_id": 423, "country_iso": "USA"}, {"h3index": "87445002affffff", "population_2015": 613.0138376151814, "total_built_mass_tons": 246866.5445347543, "city_id": 423, "country_iso": "USA"}, {"h3index": "87445002cffffff", "population_2015": 21.004969980202468, "total_built_mass_tons": 15128.295944313177, "city_id": 423, "country_iso": "USA"}, {"h3index": "87445002effffff", "population_2015": 3094.191123641239, "total_built_mass_tons": 1336047.7701882275, "city_id": 423, "country_iso": "USA"}, {"h3index": "874450031ffffff", "population_2015": 4.300848807073107, "total_built_mass_tons": 132587.06395346005, "city_id": 423, "country_iso": "USA"}, {"h3index": "874450032ffffff", "population_2015": 106.50700108303744, "total_built_mass_tons": 704572.3511424235, "city_id": 423, "country_iso": "USA"}, {"h3index": "874450033ffffff", "population_2015": 1477.8944545867398, "total_built_mass_tons": 539158.7251525765, "city_id": 423, "country_iso": "USA"}, {"h3index": "8744500a9ffffff", "population_2015": 481.7909913520018, "total_built_mass_tons": 1868313.5819574464, "city_id": 423, "country_iso": "USA"}, {"h3index": "8744500acffffff", "population_2015": 209.7407083188786, "total_built_mass_tons": 2184119.8947862624, "city_id": 423, "country_iso": "USA"}, {"h3index": "8744500adffffff", "population_2015": 954.7018612155288, "total_built_mass_tons": 2064614.141727128, "city_id": 423, "country_iso": "USA"}, {"h3index": "8744500f0ffffff", "population_2015": 4.2911792960821415, "total_built_mass_tons": 29534.62773329956, "city_id": 423, "country_iso": "USA"}, {"h3index": "8744500f4ffffff", "population_2015": 1980.2243572200043, "total_built_mass_tons": 1652415.8273805776, "city_id": 423, "country_iso": "USA"}, {"h3index": "8744500f5ffffff", "population_2015": 799.4548431382459, "total_built_mass_tons": 328648.07722735207, "city_id": 423, "country_iso": "USA"}]