[{"h3index":"875291b80ffffff","population_2015":2888.6432010351,"total_built_mass_tons":372483.901912338,"city_id":4849,"country_iso":"ETH"},{"h3index":"875291b81ffffff","population_2015":4254.83366317,"total_built_mass_tons":87343.8103056393,"city_id":4849,"country_iso":"ETH"},{"h3index":"875291b82ffffff","population_2015":2184.8903361264,"total_built_mass_tons":388195.5481859976,"city_id":4849,"country_iso":"ETH"},{"h3index":"875291b83ffffff","population_2015":57380.7584805956,"total_built_mass_tons":1698351.8254117132,"city_id":4849,"country_iso":"ETH"},{"h3index":"875291b86ffffff","population_2015":9.1704458798,"total_built_mass_tons":2237.2513081284,"city_id":4849,"country_iso":"ETH"},{"h3index":"875291b88ffffff","population_2015":571.6232931997,"total_built_mass_tons":167570.098426977,"city_id":4849,"country_iso":"ETH"},{"h3index":"875291b8cffffff","population_2015":3571.7129010014,"total_built_mass_tons":595954.8844498465,"city_id":4849,"country_iso":"ETH"},{"h3index":"875291b8dffffff","population_2015":0.20682253,"total_built_mass_tons":45713.7704554063,"city_id":4849,"country_iso":"ETH"},{"h3index":"875291b8effffff","population_2015":23952.921464561,"total_built_mass_tons":334085.1354483464,"city_id":4849,"country_iso":"ETH"},{"h3index":"875291b9cffffff","population_2015":2048.4375769578,"total_built_mass_tons":556229.7002992678,"city_id":4849,"country_iso":"ETH"},{"h3index":"875291b9dffffff","population_2015":7115.7541254156,"total_built_mass_tons":203388.0062058794,"city_id":4849,"country_iso":"ETH"},{"h3index":"875291babffffff","population_2015":95.9960754563,"total_built_mass_tons":81340.9115564369,"city_id":4849,"country_iso":"ETH"}]