[{"h3index": "871fb0900ffffff", "population_2015": 3047.0972329251895, "total_built_mass_tons": 1316508.051295919, "city_id": 2046, "country_iso": "FRA"}, {"h3index": "871fb0901ffffff", "population_2015": 12847.612249432828, "total_built_mass_tons": 3898494.241050908, "city_id": 2046, "country_iso": "FRA"}, {"h3index": "871fb0902ffffff", "population_2015": 5556.364749199737, "total_built_mass_tons": 1301252.1830934985, "city_id": 2046, "country_iso": "FRA"}, {"h3index": "871fb0903ffffff", "population_2015": 4423.454477000234, "total_built_mass_tons": 2512302.3254188336, "city_id": 2046, "country_iso": "FRA"}, {"h3index": "871fb0904ffffff", "population_2015": 14256.395161856854, "total_built_mass_tons": 3313812.3047727714, "city_id": 2046, "country_iso": "FRA"}, {"h3index": "871fb0905ffffff", "population_2015": 11500.928435914657, "total_built_mass_tons": 3012265.732831552, "city_id": 2046, "country_iso": "FRA"}, {"h3index": "871fb0906ffffff", "population_2015": 15079.36833675048, "total_built_mass_tons": 3661534.9605659335, "city_id": 2046, "country_iso": "FRA"}, {"h3index": "871fb0908ffffff", "population_2015": 4.480120008132037, "total_built_mass_tons": 7673.126544730594, "city_id": 2046, "country_iso": "FRA"}, {"h3index": "871fb090affffff", "population_2015": 1221.855805198819, "total_built_mass_tons": 341426.3648113936, "city_id": 2046, "country_iso": "FRA"}, {"h3index": "871fb090cffffff", "population_2015": 6273.705678378367, "total_built_mass_tons": 2417140.5085612684, "city_id": 2046, "country_iso": "FRA"}, {"h3index": "871fb090effffff", "population_2015": 103.3007613724353, "total_built_mass_tons": 537030.3203256401, "city_id": 2046, "country_iso": "FRA"}, {"h3index": "871fb0910ffffff", "population_2015": 8712.183988385108, "total_built_mass_tons": 3163225.557523149, "city_id": 2046, "country_iso": "FRA"}, {"h3index": "871fb0911ffffff", "population_2015": 6217.899830285241, "total_built_mass_tons": 1822733.0357550315, "city_id": 2046, "country_iso": "FRA"}, {"h3index": "871fb0912ffffff", "population_2015": 5197.71181977403, "total_built_mass_tons": 1728579.3851125557, "city_id": 2046, "country_iso": "FRA"}, {"h3index": "871fb0913ffffff", "population_2015": 1312.3295782584769, "total_built_mass_tons": 672908.6749172816, "city_id": 2046, "country_iso": "FRA"}, {"h3index": "871fb0914ffffff", "population_2015": 24760.15927535786, "total_built_mass_tons": 5436193.862739538, "city_id": 2046, "country_iso": "FRA"}, {"h3index": "871fb0915ffffff", "population_2015": 18351.96857994117, "total_built_mass_tons": 4000560.9093535743, "city_id": 2046, "country_iso": "FRA"}, {"h3index": "871fb0916ffffff", "population_2015": 15375.722814804898, "total_built_mass_tons": 4285573.051064164, "city_id": 2046, "country_iso": "FRA"}, {"h3index": "871fb0918ffffff", "population_2015": 84.92836491079892, "total_built_mass_tons": 76791.4899111061, "city_id": 2046, "country_iso": "FRA"}, {"h3index": "871fb0919ffffff", "population_2015": 1823.3293500395384, "total_built_mass_tons": 572317.0756995989, "city_id": 2046, "country_iso": "FRA"}, {"h3index": "871fb091cffffff", "population_2015": 13555.218509763828, "total_built_mass_tons": 3593321.725706539, "city_id": 2046, "country_iso": "FRA"}, {"h3index": "871fb091dffffff", "population_2015": 9999.191813521293, "total_built_mass_tons": 2310574.869229477, "city_id": 2046, "country_iso": "FRA"}, {"h3index": "871fb091effffff", "population_2015": 9149.984910757395, "total_built_mass_tons": 2443263.6697521377, "city_id": 2046, "country_iso": "FRA"}, {"h3index": "871fb0920ffffff", "population_2015": 8381.60633394765, "total_built_mass_tons": 3042151.8288749903, "city_id": 2046, "country_iso": "FRA"}, {"h3index": "871fb0921ffffff", "population_2015": 10923.098920773517, "total_built_mass_tons": 2896375.0069345636, "city_id": 2046, "country_iso": "FRA"}, {"h3index": "871fb0922ffffff", "population_2015": 17916.897008525615, "total_built_mass_tons": 4395370.051690203, "city_id": 2046, "country_iso": "FRA"}, {"h3index": "871fb0923ffffff", "population_2015": 13710.934338887531, "total_built_mass_tons": 3067679.9925237554, "city_id": 2046, "country_iso": "FRA"}, {"h3index": "871fb0924ffffff", "population_2015": 16235.698590489925, "total_built_mass_tons": 3187473.093878803, "city_id": 2046, "country_iso": "FRA"}, {"h3index": "871fb0925ffffff", "population_2015": 10987.86120327033, "total_built_mass_tons": 4098704.890780681, "city_id": 2046, "country_iso": "FRA"}, {"h3index": "871fb0926ffffff", "population_2015": 13842.43050202762, "total_built_mass_tons": 3624202.1536932457, "city_id": 2046, "country_iso": "FRA"}, {"h3index": "871fb092affffff", "population_2015": 12303.118811745268, "total_built_mass_tons": 2802909.3057234567, "city_id": 2046, "country_iso": "FRA"}, {"h3index": "871fb092cffffff", "population_2015": 343.61401723786906, "total_built_mass_tons": 232770.8570518616, "city_id": 2046, "country_iso": "FRA"}, {"h3index": "871fb092effffff", "population_2015": 11692.215710701665, "total_built_mass_tons": 3129883.8098003003, "city_id": 2046, "country_iso": "FRA"}, {"h3index": "871fb0930ffffff", "population_2015": 24144.583662928795, "total_built_mass_tons": 5422500.627053834, "city_id": 2046, "country_iso": "FRA"}, {"h3index": "871fb0931ffffff", "population_2015": 20000.62812390421, "total_built_mass_tons": 4325295.783124408, "city_id": 2046, "country_iso": "FRA"}, {"h3index": "871fb0932ffffff", "population_2015": 23967.816094338676, "total_built_mass_tons": 4361142.097688047, "city_id": 2046, "country_iso": "FRA"}, {"h3index": "871fb0933ffffff", "population_2015": 27546.19071464165, "total_built_mass_tons": 4903212.965431271, "city_id": 2046, "country_iso": "FRA"}, {"h3index": "871fb0934ffffff", "population_2015": 21863.963343775504, "total_built_mass_tons": 5146607.580819887, "city_id": 2046, "country_iso": "FRA"}, {"h3index": "871fb0935ffffff", "population_2015": 17480.931446342845, "total_built_mass_tons": 4234901.687500388, "city_id": 2046, "country_iso": "FRA"}, {"h3index": "871fb0936ffffff", "population_2015": 39737.81883217307, "total_built_mass_tons": 6605429.501346432, "city_id": 2046, "country_iso": "FRA"}, {"h3index": "871fb0980ffffff", "population_2015": 11857.479134073446, "total_built_mass_tons": 2726850.433227828, "city_id": 2046, "country_iso": "FRA"}, {"h3index": "871fb0981ffffff", "population_2015": 2042.9711642882403, "total_built_mass_tons": 965380.3420923844, "city_id": 2046, "country_iso": "FRA"}, {"h3index": "871fb0982ffffff", "population_2015": 2123.666264260984, "total_built_mass_tons": 594813.5823918706, "city_id": 2046, "country_iso": "FRA"}, {"h3index": "871fb0983ffffff", "population_2015": 4817.19553792617, "total_built_mass_tons": 1705333.227144897, "city_id": 2046, "country_iso": "FRA"}, {"h3index": "871fb0984ffffff", "population_2015": 8848.01914211722, "total_built_mass_tons": 2300995.621627024, "city_id": 2046, "country_iso": "FRA"}, {"h3index": "871fb0985ffffff", "population_2015": 5701.496429042253, "total_built_mass_tons": 2286935.542972187, "city_id": 2046, "country_iso": "FRA"}, {"h3index": "871fb0986ffffff", "population_2015": 15433.988499667596, "total_built_mass_tons": 3284362.809177238, "city_id": 2046, "country_iso": "FRA"}, {"h3index": "871fb098affffff", "population_2015": 299.48209972381596, "total_built_mass_tons": 234560.07318849696, "city_id": 2046, "country_iso": "FRA"}, {"h3index": "871fb0990ffffff", "population_2015": 399.24221696012154, "total_built_mass_tons": 216104.60522768035, "city_id": 2046, "country_iso": "FRA"}, {"h3index": "871fb0992ffffff", "population_2015": 3839.348313915965, "total_built_mass_tons": 1332511.1024881036, "city_id": 2046, "country_iso": "FRA"}, {"h3index": "871fb0993ffffff", "population_2015": 55.79941657103744, "total_built_mass_tons": 41827.31941528837, "city_id": 2046, "country_iso": "FRA"}, {"h3index": "871fb0995ffffff", "population_2015": 1216.7480704139264, "total_built_mass_tons": 345306.4245353481, "city_id": 2046, "country_iso": "FRA"}, {"h3index": "871fb0996ffffff", "population_2015": 1803.5955873956868, "total_built_mass_tons": 620805.7424470515, "city_id": 2046, "country_iso": "FRA"}, {"h3index": "871fb0998ffffff", "population_2015": 6690.2802783479865, "total_built_mass_tons": 2844813.1524123917, "city_id": 2046, "country_iso": "FRA"}, {"h3index": "871fb0999ffffff", "population_2015": 214.57899676210744, "total_built_mass_tons": 96578.79958058584, "city_id": 2046, "country_iso": "FRA"}, {"h3index": "871fb099affffff", "population_2015": 796.2143038338307, "total_built_mass_tons": 349273.84869078896, "city_id": 2046, "country_iso": "FRA"}, {"h3index": "871fb099bffffff", "population_2015": 181.25146947561524, "total_built_mass_tons": 112199.42546430556, "city_id": 2046, "country_iso": "FRA"}, {"h3index": "871fb099cffffff", "population_2015": 1518.8425906405732, "total_built_mass_tons": 608846.2638105395, "city_id": 2046, "country_iso": "FRA"}, {"h3index": "871fb099dffffff", "population_2015": 9560.505469379235, "total_built_mass_tons": 3058158.679828111, "city_id": 2046, "country_iso": "FRA"}, {"h3index": "871fb09a0ffffff", "population_2015": 15699.227463297751, "total_built_mass_tons": 4173482.3314245734, "city_id": 2046, "country_iso": "FRA"}, {"h3index": "871fb09a1ffffff", "population_2015": 4190.872607687409, "total_built_mass_tons": 1571636.8367204128, "city_id": 2046, "country_iso": "FRA"}, {"h3index": "871fb09a2ffffff", "population_2015": 1846.8085002987991, "total_built_mass_tons": 1033355.4319985288, "city_id": 2046, "country_iso": "FRA"}, {"h3index": "871fb09a3ffffff", "population_2015": 1955.2732147328989, "total_built_mass_tons": 789392.1563143132, "city_id": 2046, "country_iso": "FRA"}, {"h3index": "871fb09a4ffffff", "population_2015": 17984.602806882296, "total_built_mass_tons": 5970515.5879870225, "city_id": 2046, "country_iso": "FRA"}, {"h3index": "871fb09a5ffffff", "population_2015": 13343.854001404254, "total_built_mass_tons": 4070422.8397664614, "city_id": 2046, "country_iso": "FRA"}, {"h3index": "871fb09a6ffffff", "population_2015": 11974.416430688838, "total_built_mass_tons": 4786008.567331827, "city_id": 2046, "country_iso": "FRA"}, {"h3index": "871fb09acffffff", "population_2015": 1094.8460320154827, "total_built_mass_tons": 471525.3644521778, "city_id": 2046, "country_iso": "FRA"}, {"h3index": "871fb09aeffffff", "population_2015": 657.6523594108282, "total_built_mass_tons": 339216.38492000644, "city_id": 2046, "country_iso": "FRA"}, {"h3index": "871fb09b0ffffff", "population_2015": 13372.407120078216, "total_built_mass_tons": 3994203.546738016, "city_id": 2046, "country_iso": "FRA"}, {"h3index": "871fb09b1ffffff", "population_2015": 11759.797876309422, "total_built_mass_tons": 2632824.3956771456, "city_id": 2046, "country_iso": "FRA"}, {"h3index": "871fb09b2ffffff", "population_2015": 16020.443599835564, "total_built_mass_tons": 4107229.037174569, "city_id": 2046, "country_iso": "FRA"}, {"h3index": "871fb09b3ffffff", "population_2015": 8726.575864928378, "total_built_mass_tons": 2788701.6885261396, "city_id": 2046, "country_iso": "FRA"}, {"h3index": "871fb09b4ffffff", "population_2015": 13357.39562217862, "total_built_mass_tons": 4734152.32040669, "city_id": 2046, "country_iso": "FRA"}, {"h3index": "871fb09b5ffffff", "population_2015": 12691.56319951356, "total_built_mass_tons": 3972935.5176040814, "city_id": 2046, "country_iso": "FRA"}, {"h3index": "871fb09b6ffffff", "population_2015": 7709.9482842987645, "total_built_mass_tons": 2289890.1193476245, "city_id": 2046, "country_iso": "FRA"}, {"h3index": "871fb0d04ffffff", "population_2015": 229.77360610400927, "total_built_mass_tons": 69157.70808934439, "city_id": 2046, "country_iso": "FRA"}, {"h3index": "871fb0d05ffffff", "population_2015": 2714.823501289591, "total_built_mass_tons": 740009.1827952082, "city_id": 2046, "country_iso": "FRA"}, {"h3index": "871fb0d21ffffff", "population_2015": 1859.5778595512984, "total_built_mass_tons": 931558.12887794, "city_id": 2046, "country_iso": "FRA"}, {"h3index": "871fb0d23ffffff", "population_2015": 2908.8553687703375, "total_built_mass_tons": 968497.778838287, "city_id": 2046, "country_iso": "FRA"}, {"h3index": "871fb0d28ffffff", "population_2015": 6337.671074440899, "total_built_mass_tons": 3196478.2914743144, "city_id": 2046, "country_iso": "FRA"}, {"h3index": "871fb0d29ffffff", "population_2015": 3394.119988440533, "total_built_mass_tons": 1604735.9977365057, "city_id": 2046, "country_iso": "FRA"}, {"h3index": "871fb0d2affffff", "population_2015": 206.73378977495085, "total_built_mass_tons": 100787.72862712752, "city_id": 2046, "country_iso": "FRA"}, {"h3index": "871fb0d2bffffff", "population_2015": 523.6201991137335, "total_built_mass_tons": 420897.4564891117, "city_id": 2046, "country_iso": "FRA"}, {"h3index": "871fb0d2cffffff", "population_2015": 4242.540758368549, "total_built_mass_tons": 1654711.4036970283, "city_id": 2046, "country_iso": "FRA"}, {"h3index": "871fb0d2dffffff", "population_2015": 6020.8895125169365, "total_built_mass_tons": 2123076.293789419, "city_id": 2046, "country_iso": "FRA"}, {"h3index": "871fb0d2effffff", "population_2015": 9056.549994345272, "total_built_mass_tons": 2475657.1007286375, "city_id": 2046, "country_iso": "FRA"}, {"h3index": "871fb0d41ffffff", "population_2015": 1028.380594332078, "total_built_mass_tons": 458909.8585672362, "city_id": 2046, "country_iso": "FRA"}, {"h3index": "871fb0d44ffffff", "population_2015": 20.590771339453894, "total_built_mass_tons": 67751.40736310548, "city_id": 2046, "country_iso": "FRA"}, {"h3index": "871fb0d45ffffff", "population_2015": 2455.823349225287, "total_built_mass_tons": 1324103.4643352628, "city_id": 2046, "country_iso": "FRA"}, {"h3index": "871fb0d60ffffff", "population_2015": 12999.264710133682, "total_built_mass_tons": 3758981.966562842, "city_id": 2046, "country_iso": "FRA"}, {"h3index": "871fb0d61ffffff", "population_2015": 20514.853739199927, "total_built_mass_tons": 4107878.764411066, "city_id": 2046, "country_iso": "FRA"}, {"h3index": "871fb0d62ffffff", "population_2015": 522.1600104088877, "total_built_mass_tons": 512093.64577097073, "city_id": 2046, "country_iso": "FRA"}, {"h3index": "871fb0d63ffffff", "population_2015": 4079.8494495504056, "total_built_mass_tons": 3197929.1266311794, "city_id": 2046, "country_iso": "FRA"}, {"h3index": "871fb0d64ffffff", "population_2015": 9147.415173308056, "total_built_mass_tons": 2364759.02505222, "city_id": 2046, "country_iso": "FRA"}, {"h3index": "871fb0d65ffffff", "population_2015": 21268.29899597916, "total_built_mass_tons": 3958619.9989009, "city_id": 2046, "country_iso": "FRA"}, {"h3index": "871fb0d66ffffff", "population_2015": 877.0101791073297, "total_built_mass_tons": 453618.2005268994, "city_id": 2046, "country_iso": "FRA"}, {"h3index": "871fb0d68ffffff", "population_2015": 6166.138600542033, "total_built_mass_tons": 2349670.7768569174, "city_id": 2046, "country_iso": "FRA"}, {"h3index": "871fb0d69ffffff", "population_2015": 12.929860191719204, "total_built_mass_tons": 11411.926752456766, "city_id": 2046, "country_iso": "FRA"}, {"h3index": "871fb0d6affffff", "population_2015": 4217.9473147569925, "total_built_mass_tons": 1585591.8127171334, "city_id": 2046, "country_iso": "FRA"}, {"h3index": "871fb0d6bffffff", "population_2015": 46.58647383895575, "total_built_mass_tons": 33013.60294946124, "city_id": 2046, "country_iso": "FRA"}, {"h3index": "871fb0d6cffffff", "population_2015": 9354.11689227235, "total_built_mass_tons": 3253680.9103515763, "city_id": 2046, "country_iso": "FRA"}, {"h3index": "871fb0d6dffffff", "population_2015": 2693.153799202864, "total_built_mass_tons": 1349945.4364477375, "city_id": 2046, "country_iso": "FRA"}, {"h3index": "871fb0d6effffff", "population_2015": 17560.88291033764, "total_built_mass_tons": 4534173.775082899, "city_id": 2046, "country_iso": "FRA"}, {"h3index": "871fb4088ffffff", "population_2015": 4596.091209198443, "total_built_mass_tons": 1247885.6961157122, "city_id": 2046, "country_iso": "FRA"}, {"h3index": "871fb4089ffffff", "population_2015": 14988.194725064785, "total_built_mass_tons": 3304018.6584486933, "city_id": 2046, "country_iso": "FRA"}, {"h3index": "871fb408affffff", "population_2015": 134.67715489443611, "total_built_mass_tons": 65739.59731679205, "city_id": 2046, "country_iso": "FRA"}, {"h3index": "871fb408bffffff", "population_2015": 10852.029579706752, "total_built_mass_tons": 2058643.943876593, "city_id": 2046, "country_iso": "FRA"}, {"h3index": "871fb409affffff", "population_2015": 209.1566044405395, "total_built_mass_tons": 81285.64149693307, "city_id": 2046, "country_iso": "FRA"}, {"h3index": "871fb409bffffff", "population_2015": 4041.3398079011954, "total_built_mass_tons": 1315641.590477707, "city_id": 2046, "country_iso": "FRA"}, {"h3index": "871fb40c2ffffff", "population_2015": 5853.035749230665, "total_built_mass_tons": 2985412.8749913923, "city_id": 2046, "country_iso": "FRA"}, {"h3index": "871fb40c3ffffff", "population_2015": 998.4470899020924, "total_built_mass_tons": 787726.9203126684, "city_id": 2046, "country_iso": "FRA"}, {"h3index": "871fb40c6ffffff", "population_2015": 294.1835089113198, "total_built_mass_tons": 202363.7388420182, "city_id": 2046, "country_iso": "FRA"}, {"h3index": "871fb40c8ffffff", "population_2015": 221.01372789495127, "total_built_mass_tons": 110594.68444493384, "city_id": 2046, "country_iso": "FRA"}, {"h3index": "871fb40caffffff", "population_2015": 3657.5497932990393, "total_built_mass_tons": 1407136.4143564284, "city_id": 2046, "country_iso": "FRA"}, {"h3index": "871fb40cbffffff", "population_2015": 347.94447659978675, "total_built_mass_tons": 114834.69125641158, "city_id": 2046, "country_iso": "FRA"}, {"h3index": "871fb40ceffffff", "population_2015": 120.63964906580308, "total_built_mass_tons": 61262.252392163035, "city_id": 2046, "country_iso": "FRA"}, {"h3index": "871fb40d0ffffff", "population_2015": 23613.28737885345, "total_built_mass_tons": 4565116.756406384, "city_id": 2046, "country_iso": "FRA"}, {"h3index": "871fb40d1ffffff", "population_2015": 9512.521673101068, "total_built_mass_tons": 3890300.646261132, "city_id": 2046, "country_iso": "FRA"}, {"h3index": "871fb40d2ffffff", "population_2015": 1389.433649788651, "total_built_mass_tons": 1066699.423762845, "city_id": 2046, "country_iso": "FRA"}, {"h3index": "871fb40d3ffffff", "population_2015": 13979.542515515346, "total_built_mass_tons": 3282946.394428973, "city_id": 2046, "country_iso": "FRA"}, {"h3index": "871fb40d4ffffff", "population_2015": 8973.372946073496, "total_built_mass_tons": 2715401.0363053265, "city_id": 2046, "country_iso": "FRA"}, {"h3index": "871fb40d5ffffff", "population_2015": 15720.756687416751, "total_built_mass_tons": 3865914.5625220686, "city_id": 2046, "country_iso": "FRA"}, {"h3index": "871fb40d6ffffff", "population_2015": 2633.5141813743353, "total_built_mass_tons": 763552.9830112271, "city_id": 2046, "country_iso": "FRA"}, {"h3index": "871fb40d8ffffff", "population_2015": 3259.769199746263, "total_built_mass_tons": 2404064.558148064, "city_id": 2046, "country_iso": "FRA"}, {"h3index": "871fb40d9ffffff", "population_2015": 8090.450081460616, "total_built_mass_tons": 2917024.4097090364, "city_id": 2046, "country_iso": "FRA"}, {"h3index": "871fb40daffffff", "population_2015": 6033.976330855313, "total_built_mass_tons": 2148373.833165137, "city_id": 2046, "country_iso": "FRA"}, {"h3index": "871fb40dbffffff", "population_2015": 8348.685506857144, "total_built_mass_tons": 2573962.3614140125, "city_id": 2046, "country_iso": "FRA"}, {"h3index": "871fb40dcffffff", "population_2015": 4094.69084454658, "total_built_mass_tons": 3181217.729281482, "city_id": 2046, "country_iso": "FRA"}, {"h3index": "871fb40ddffffff", "population_2015": 98.94334037841534, "total_built_mass_tons": 281234.01960708236, "city_id": 2046, "country_iso": "FRA"}, {"h3index": "871fb40deffffff", "population_2015": 4392.276100178327, "total_built_mass_tons": 2594271.906998144, "city_id": 2046, "country_iso": "FRA"}, {"h3index": "871fb40f2ffffff", "population_2015": 589.3096124050664, "total_built_mass_tons": 244877.27054644233, "city_id": 2046, "country_iso": "FRA"}, {"h3index": "871fb40f3ffffff", "population_2015": 2784.1600278760866, "total_built_mass_tons": 1160600.51772644, "city_id": 2046, "country_iso": "FRA"}, {"h3index": "871fb4280ffffff", "population_2015": 13165.120086956962, "total_built_mass_tons": 4502675.966348824, "city_id": 2046, "country_iso": "FRA"}, {"h3index": "871fb4281ffffff", "population_2015": 6597.61179798257, "total_built_mass_tons": 2875217.099321079, "city_id": 2046, "country_iso": "FRA"}, {"h3index": "871fb4282ffffff", "population_2015": 25409.099245503367, "total_built_mass_tons": 5912153.80875018, "city_id": 2046, "country_iso": "FRA"}, {"h3index": "871fb4283ffffff", "population_2015": 26610.552126963004, "total_built_mass_tons": 6508015.266017994, "city_id": 2046, "country_iso": "FRA"}, {"h3index": "871fb4284ffffff", "population_2015": 5045.926530048892, "total_built_mass_tons": 2995246.617468561, "city_id": 2046, "country_iso": "FRA"}, {"h3index": "871fb4285ffffff", "population_2015": 3368.9962907117956, "total_built_mass_tons": 1555053.8345164685, "city_id": 2046, "country_iso": "FRA"}, {"h3index": "871fb4286ffffff", "population_2015": 10288.760962747476, "total_built_mass_tons": 4119992.224196436, "city_id": 2046, "country_iso": "FRA"}, {"h3index": "871fb4288ffffff", "population_2015": 9813.52845847466, "total_built_mass_tons": 2597179.7511846544, "city_id": 2046, "country_iso": "FRA"}, {"h3index": "871fb4289ffffff", "population_2015": 12189.395262735026, "total_built_mass_tons": 4859314.558112812, "city_id": 2046, "country_iso": "FRA"}, {"h3index": "871fb428affffff", "population_2015": 18492.00351526223, "total_built_mass_tons": 4347621.69861451, "city_id": 2046, "country_iso": "FRA"}, {"h3index": "871fb428bffffff", "population_2015": 2260.150687464546, "total_built_mass_tons": 1389064.1473175474, "city_id": 2046, "country_iso": "FRA"}, {"h3index": "871fb428cffffff", "population_2015": 12400.121526403986, "total_built_mass_tons": 3936053.989372846, "city_id": 2046, "country_iso": "FRA"}, {"h3index": "871fb428dffffff", "population_2015": 9415.688076146444, "total_built_mass_tons": 4094282.0048368815, "city_id": 2046, "country_iso": "FRA"}, {"h3index": "871fb428effffff", "population_2015": 30216.44094619004, "total_built_mass_tons": 5263484.80321736, "city_id": 2046, "country_iso": "FRA"}, {"h3index": "871fb4290ffffff", "population_2015": 37386.33748211581, "total_built_mass_tons": 7739155.831361698, "city_id": 2046, "country_iso": "FRA"}, {"h3index": "871fb4291ffffff", "population_2015": 32784.58053010305, "total_built_mass_tons": 7004470.256968071, "city_id": 2046, "country_iso": "FRA"}, {"h3index": "871fb4292ffffff", "population_2015": 40038.03762030508, "total_built_mass_tons": 6875130.87725044, "city_id": 2046, "country_iso": "FRA"}, {"h3index": "871fb4293ffffff", "population_2015": 32361.89203988243, "total_built_mass_tons": 5711532.931866409, "city_id": 2046, "country_iso": "FRA"}, {"h3index": "871fb4294ffffff", "population_2015": 12903.576691601324, "total_built_mass_tons": 3842646.669939494, "city_id": 2046, "country_iso": "FRA"}, {"h3index": "871fb4295ffffff", "population_2015": 31496.123928660974, "total_built_mass_tons": 6734092.962739624, "city_id": 2046, "country_iso": "FRA"}, {"h3index": "871fb4296ffffff", "population_2015": 42069.16259639217, "total_built_mass_tons": 7732878.731815406, "city_id": 2046, "country_iso": "FRA"}, {"h3index": "871fb4298ffffff", "population_2015": 32249.43859527438, "total_built_mass_tons": 6404353.602595309, "city_id": 2046, "country_iso": "FRA"}, {"h3index": "871fb4299ffffff", "population_2015": 29702.278061526424, "total_built_mass_tons": 5630008.086464426, "city_id": 2046, "country_iso": "FRA"}, {"h3index": "871fb429affffff", "population_2015": 30732.584618729248, "total_built_mass_tons": 5819536.416126065, "city_id": 2046, "country_iso": "FRA"}, {"h3index": "871fb429bffffff", "population_2015": 27214.117375227983, "total_built_mass_tons": 5716260.2913816925, "city_id": 2046, "country_iso": "FRA"}, {"h3index": "871fb429cffffff", "population_2015": 33157.258632667385, "total_built_mass_tons": 5320014.2486860715, "city_id": 2046, "country_iso": "FRA"}, {"h3index": "871fb429dffffff", "population_2015": 31891.781029297323, "total_built_mass_tons": 6152071.465779219, "city_id": 2046, "country_iso": "FRA"}, {"h3index": "871fb429effffff", "population_2015": 40625.75354967301, "total_built_mass_tons": 6284979.184873537, "city_id": 2046, "country_iso": "FRA"}, {"h3index": "871fb42a2ffffff", "population_2015": 6908.5712520543275, "total_built_mass_tons": 2835567.6398799373, "city_id": 2046, "country_iso": "FRA"}, {"h3index": "871fb42a3ffffff", "population_2015": 273.0802061973833, "total_built_mass_tons": 265465.16985908983, "city_id": 2046, "country_iso": "FRA"}, {"h3index": "871fb42a6ffffff", "population_2015": 1494.708450179941, "total_built_mass_tons": 747395.8738296916, "city_id": 2046, "country_iso": "FRA"}, {"h3index": "871fb42aaffffff", "population_2015": 7202.500260875739, "total_built_mass_tons": 3561280.10823028, "city_id": 2046, "country_iso": "FRA"}, {"h3index": "871fb42abffffff", "population_2015": 38.75357178893744, "total_built_mass_tons": 27469.22590798688, "city_id": 2046, "country_iso": "FRA"}, {"h3index": "871fb42aeffffff", "population_2015": 6.808730602965636, "total_built_mass_tons": 88581.22245585902, "city_id": 2046, "country_iso": "FRA"}, {"h3index": "871fb42b0ffffff", "population_2015": 31950.00895779741, "total_built_mass_tons": 5616871.061215287, "city_id": 2046, "country_iso": "FRA"}, {"h3index": "871fb42b1ffffff", "population_2015": 8234.213892939864, "total_built_mass_tons": 2597287.28506208, "city_id": 2046, "country_iso": "FRA"}, {"h3index": "871fb42b2ffffff", "population_2015": 22139.04170454437, "total_built_mass_tons": 5481907.580068892, "city_id": 2046, "country_iso": "FRA"}, {"h3index": "871fb42b3ffffff", "population_2015": 6673.468784024435, "total_built_mass_tons": 2709888.11056908, "city_id": 2046, "country_iso": "FRA"}, {"h3index": "871fb42b4ffffff", "population_2015": 27418.065212881804, "total_built_mass_tons": 5089807.001457933, "city_id": 2046, "country_iso": "FRA"}, {"h3index": "871fb42b5ffffff", "population_2015": 16548.786322247746, "total_built_mass_tons": 3935899.2172809346, "city_id": 2046, "country_iso": "FRA"}, {"h3index": "871fb42b6ffffff", "population_2015": 27216.660581925335, "total_built_mass_tons": 5753753.965346752, "city_id": 2046, "country_iso": "FRA"}, {"h3index": "871fb42d0ffffff", "population_2015": 438.8434331744325, "total_built_mass_tons": 288561.60425573296, "city_id": 2046, "country_iso": "FRA"}, {"h3index": "871fb42d2ffffff", "population_2015": 87.25491330015893, "total_built_mass_tons": 58659.259874001655, "city_id": 2046, "country_iso": "FRA"}, {"h3index": "871fb42d4ffffff", "population_2015": 12266.87596887794, "total_built_mass_tons": 3562664.691829374, "city_id": 2046, "country_iso": "FRA"}, {"h3index": "871fb42d6ffffff", "population_2015": 1979.4277732657445, "total_built_mass_tons": 1183085.044590535, "city_id": 2046, "country_iso": "FRA"}, {"h3index": "871fb42f2ffffff", "population_2015": 3823.137106808494, "total_built_mass_tons": 1959521.403439015, "city_id": 2046, "country_iso": "FRA"}, {"h3index": "871fb42f3ffffff", "population_2015": 3.2172007200764674, "total_built_mass_tons": 5125.921019671898, "city_id": 2046, "country_iso": "FRA"}, {"h3index": "871fb4398ffffff", "population_2015": 1423.9956954432469, "total_built_mass_tons": 474900.79954431055, "city_id": 2046, "country_iso": "FRA"}, {"h3index": "871fb439affffff", "population_2015": 5458.493969836891, "total_built_mass_tons": 1531850.2769920898, "city_id": 2046, "country_iso": "FRA"}, {"h3index": "871fb439bffffff", "population_2015": 13841.288058314603, "total_built_mass_tons": 2054646.7487354456, "city_id": 2046, "country_iso": "FRA"}, {"h3index": "871fb4600ffffff", "population_2015": 13772.509947793624, "total_built_mass_tons": 2179423.855133785, "city_id": 2046, "country_iso": "FRA"}, {"h3index": "871fb4601ffffff", "population_2015": 15084.144209457849, "total_built_mass_tons": 2628626.7835989785, "city_id": 2046, "country_iso": "FRA"}, {"h3index": "871fb4602ffffff", "population_2015": 13127.81221534879, "total_built_mass_tons": 2910271.377443238, "city_id": 2046, "country_iso": "FRA"}, {"h3index": "871fb4603ffffff", "population_2015": 1643.434255144643, "total_built_mass_tons": 635377.8265998333, "city_id": 2046, "country_iso": "FRA"}, {"h3index": "871fb4604ffffff", "population_2015": 3909.584622352263, "total_built_mass_tons": 1067574.5461625666, "city_id": 2046, "country_iso": "FRA"}, {"h3index": "871fb4605ffffff", "population_2015": 10820.475856003108, "total_built_mass_tons": 1946230.5768920344, "city_id": 2046, "country_iso": "FRA"}, {"h3index": "871fb4606ffffff", "population_2015": 13975.928685824085, "total_built_mass_tons": 2539156.75532295, "city_id": 2046, "country_iso": "FRA"}, {"h3index": "871fb4608ffffff", "population_2015": 21585.02266883851, "total_built_mass_tons": 5341267.508659498, "city_id": 2046, "country_iso": "FRA"}, {"h3index": "871fb4609ffffff", "population_2015": 44993.87710118013, "total_built_mass_tons": 7042518.989876537, "city_id": 2046, "country_iso": "FRA"}, {"h3index": "871fb460affffff", "population_2015": 30096.832412289645, "total_built_mass_tons": 5905566.319691428, "city_id": 2046, "country_iso": "FRA"}, {"h3index": "871fb460bffffff", "population_2015": 30804.358381452752, "total_built_mass_tons": 5506290.722041057, "city_id": 2046, "country_iso": "FRA"}, {"h3index": "871fb460cffffff", "population_2015": 46585.67662404377, "total_built_mass_tons": 6618296.600678968, "city_id": 2046, "country_iso": "FRA"}, {"h3index": "871fb460dffffff", "population_2015": 57470.58269818622, "total_built_mass_tons": 8565280.232645128, "city_id": 2046, "country_iso": "FRA"}, {"h3index": "871fb460effffff", "population_2015": 4747.9065818422, "total_built_mass_tons": 1204097.0301095047, "city_id": 2046, "country_iso": "FRA"}, {"h3index": "871fb4610ffffff", "population_2015": 268.539269806357, "total_built_mass_tons": 148896.6688318835, "city_id": 2046, "country_iso": "FRA"}, {"h3index": "871fb4611ffffff", "population_2015": 1348.698288283629, "total_built_mass_tons": 483616.8715434234, "city_id": 2046, "country_iso": "FRA"}, {"h3index": "871fb4614ffffff", "population_2015": 9399.550058630404, "total_built_mass_tons": 2290395.539176624, "city_id": 2046, "country_iso": "FRA"}, {"h3index": "871fb4615ffffff", "population_2015": 16587.137056381558, "total_built_mass_tons": 4291673.7673725765, "city_id": 2046, "country_iso": "FRA"}, {"h3index": "871fb4616ffffff", "population_2015": 1389.4253270308172, "total_built_mass_tons": 628499.7978933268, "city_id": 2046, "country_iso": "FRA"}, {"h3index": "871fb4618ffffff", "population_2015": 343.162546486948, "total_built_mass_tons": 343126.8674352347, "city_id": 2046, "country_iso": "FRA"}, {"h3index": "871fb4619ffffff", "population_2015": 2616.736852500019, "total_built_mass_tons": 553899.2729317783, "city_id": 2046, "country_iso": "FRA"}, {"h3index": "871fb461affffff", "population_2015": 55.66377115717121, "total_built_mass_tons": 25991.28604150467, "city_id": 2046, "country_iso": "FRA"}, {"h3index": "871fb461bffffff", "population_2015": 4445.434813274123, "total_built_mass_tons": 1324314.4916055629, "city_id": 2046, "country_iso": "FRA"}, {"h3index": "871fb461cffffff", "population_2015": 5302.83777744957, "total_built_mass_tons": 1939511.011215216, "city_id": 2046, "country_iso": "FRA"}, {"h3index": "871fb461dffffff", "population_2015": 17184.440591270784, "total_built_mass_tons": 5473298.119790355, "city_id": 2046, "country_iso": "FRA"}, {"h3index": "871fb4620ffffff", "population_2015": 5824.996480176962, "total_built_mass_tons": 1449151.8342262043, "city_id": 2046, "country_iso": "FRA"}, {"h3index": "871fb4621ffffff", "population_2015": 33555.20707375022, "total_built_mass_tons": 6549102.2539697485, "city_id": 2046, "country_iso": "FRA"}, {"h3index": "871fb4622ffffff", "population_2015": 5881.61163750256, "total_built_mass_tons": 1164449.4077914257, "city_id": 2046, "country_iso": "FRA"}, {"h3index": "871fb4623ffffff", "population_2015": 8898.943548123976, "total_built_mass_tons": 1716103.2218204606, "city_id": 2046, "country_iso": "FRA"}, {"h3index": "871fb4624ffffff", "population_2015": 14724.047462007107, "total_built_mass_tons": 3154538.5471348804, "city_id": 2046, "country_iso": "FRA"}, {"h3index": "871fb4625ffffff", "population_2015": 25456.16831922719, "total_built_mass_tons": 5347375.2643550765, "city_id": 2046, "country_iso": "FRA"}, {"h3index": "871fb4626ffffff", "population_2015": 6662.590386727275, "total_built_mass_tons": 1712985.3007852486, "city_id": 2046, "country_iso": "FRA"}, {"h3index": "871fb4628ffffff", "population_2015": 11150.736908688272, "total_built_mass_tons": 2463144.823033967, "city_id": 2046, "country_iso": "FRA"}, {"h3index": "871fb4629ffffff", "population_2015": 36026.994080117154, "total_built_mass_tons": 10512844.943550218, "city_id": 2046, "country_iso": "FRA"}, {"h3index": "871fb462affffff", "population_2015": 45246.84274906083, "total_built_mass_tons": 8310812.479678508, "city_id": 2046, "country_iso": "FRA"}, {"h3index": "871fb462bffffff", "population_2015": 80837.82990956772, "total_built_mass_tons": 11543718.342590928, "city_id": 2046, "country_iso": "FRA"}, {"h3index": "871fb462cffffff", "population_2015": 43122.82115621755, "total_built_mass_tons": 6828966.455045457, "city_id": 2046, "country_iso": "FRA"}, {"h3index": "871fb462dffffff", "population_2015": 19453.158282111675, "total_built_mass_tons": 4368798.209304744, "city_id": 2046, "country_iso": "FRA"}, {"h3index": "871fb462effffff", "population_2015": 27724.753048634982, "total_built_mass_tons": 4798153.799869016, "city_id": 2046, "country_iso": "FRA"}, {"h3index": "871fb4630ffffff", "population_2015": 4670.834764297334, "total_built_mass_tons": 1326966.5953433337, "city_id": 2046, "country_iso": "FRA"}, {"h3index": "871fb4631ffffff", "population_2015": 15126.172055682013, "total_built_mass_tons": 2446491.3464357103, "city_id": 2046, "country_iso": "FRA"}, {"h3index": "871fb4632ffffff", "population_2015": 482.3450914915871, "total_built_mass_tons": 242375.2247146612, "city_id": 2046, "country_iso": "FRA"}, {"h3index": "871fb4633ffffff", "population_2015": 22817.368310809597, "total_built_mass_tons": 4342267.114050011, "city_id": 2046, "country_iso": "FRA"}, {"h3index": "871fb4634ffffff", "population_2015": 4.769847808632196, "total_built_mass_tons": 47462.29193940514, "city_id": 2046, "country_iso": "FRA"}, {"h3index": "871fb4635ffffff", "population_2015": 3254.063301481453, "total_built_mass_tons": 969075.0476377663, "city_id": 2046, "country_iso": "FRA"}, {"h3index": "871fb4640ffffff", "population_2015": 52133.009340559256, "total_built_mass_tons": 8129975.735227838, "city_id": 2046, "country_iso": "FRA"}, {"h3index": "871fb4641ffffff", "population_2015": 14260.517611825231, "total_built_mass_tons": 2467765.611952101, "city_id": 2046, "country_iso": "FRA"}, {"h3index": "871fb4642ffffff", "population_2015": 42305.13183828617, "total_built_mass_tons": 7755495.613343596, "city_id": 2046, "country_iso": "FRA"}, {"h3index": "871fb4643ffffff", "population_2015": 45722.470355213394, "total_built_mass_tons": 7831230.497872202, "city_id": 2046, "country_iso": "FRA"}, {"h3index": "871fb4644ffffff", "population_2015": 85921.815543904, "total_built_mass_tons": 15983450.739004878, "city_id": 2046, "country_iso": "FRA"}, {"h3index": "871fb4645ffffff", "population_2015": 98240.46793871492, "total_built_mass_tons": 12407718.098497294, "city_id": 2046, "country_iso": "FRA"}, {"h3index": "871fb4646ffffff", "population_2015": 98434.51081520526, "total_built_mass_tons": 14903428.50396286, "city_id": 2046, "country_iso": "FRA"}, {"h3index": "871fb4648ffffff", "population_2015": 31753.683252491675, "total_built_mass_tons": 6324759.894637308, "city_id": 2046, "country_iso": "FRA"}, {"h3index": "871fb4649ffffff", "population_2015": 27638.94428257662, "total_built_mass_tons": 5340667.997488508, "city_id": 2046, "country_iso": "FRA"}, {"h3index": "871fb464affffff", "population_2015": 35030.93947986903, "total_built_mass_tons": 6858079.228691733, "city_id": 2046, "country_iso": "FRA"}, {"h3index": "871fb464bffffff", "population_2015": 23872.94377495262, "total_built_mass_tons": 5830283.963121054, "city_id": 2046, "country_iso": "FRA"}, {"h3index": "871fb464cffffff", "population_2015": 11930.46729322882, "total_built_mass_tons": 2236964.057197687, "city_id": 2046, "country_iso": "FRA"}, {"h3index": "871fb464dffffff", "population_2015": 25401.910339701397, "total_built_mass_tons": 5028917.050050133, "city_id": 2046, "country_iso": "FRA"}, {"h3index": "871fb464effffff", "population_2015": 36365.93258479997, "total_built_mass_tons": 6400587.351497307, "city_id": 2046, "country_iso": "FRA"}, {"h3index": "871fb4650ffffff", "population_2015": 30215.443759095426, "total_built_mass_tons": 5542815.155708669, "city_id": 2046, "country_iso": "FRA"}, {"h3index": "871fb4651ffffff", "population_2015": 29723.85510994313, "total_built_mass_tons": 6257042.417717587, "city_id": 2046, "country_iso": "FRA"}, {"h3index": "871fb4652ffffff", "population_2015": 26658.415187951632, "total_built_mass_tons": 5698411.319706413, "city_id": 2046, "country_iso": "FRA"}, {"h3index": "871fb4653ffffff", "population_2015": 16653.47060697593, "total_built_mass_tons": 6109441.2430469245, "city_id": 2046, "country_iso": "FRA"}, {"h3index": "871fb4654ffffff", "population_2015": 41577.90127085519, "total_built_mass_tons": 8158817.874730774, "city_id": 2046, "country_iso": "FRA"}, {"h3index": "871fb4655ffffff", "population_2015": 53489.97780235141, "total_built_mass_tons": 8062678.38109426, "city_id": 2046, "country_iso": "FRA"}, {"h3index": "871fb4656ffffff", "population_2015": 37649.13525983772, "total_built_mass_tons": 6108849.448842386, "city_id": 2046, "country_iso": "FRA"}, {"h3index": "871fb4658ffffff", "population_2015": 23106.716551289835, "total_built_mass_tons": 4808010.352289771, "city_id": 2046, "country_iso": "FRA"}, {"h3index": "871fb4659ffffff", "population_2015": 17916.05344638545, "total_built_mass_tons": 4121915.826943803, "city_id": 2046, "country_iso": "FRA"}, {"h3index": "871fb465affffff", "population_2015": 18614.993939446467, "total_built_mass_tons": 5182706.904229399, "city_id": 2046, "country_iso": "FRA"}, {"h3index": "871fb465bffffff", "population_2015": 14801.372544000666, "total_built_mass_tons": 4207940.372293748, "city_id": 2046, "country_iso": "FRA"}, {"h3index": "871fb465cffffff", "population_2015": 34834.80491583955, "total_built_mass_tons": 7186279.182512635, "city_id": 2046, "country_iso": "FRA"}, {"h3index": "871fb465dffffff", "population_2015": 43041.73069067937, "total_built_mass_tons": 6399973.4389216155, "city_id": 2046, "country_iso": "FRA"}, {"h3index": "871fb465effffff", "population_2015": 22435.345972992392, "total_built_mass_tons": 4745817.397387911, "city_id": 2046, "country_iso": "FRA"}, {"h3index": "871fb4660ffffff", "population_2015": 122380.59189942305, "total_built_mass_tons": 16350839.889868626, "city_id": 2046, "country_iso": "FRA"}, {"h3index": "871fb4661ffffff", "population_2015": 113581.1108456182, "total_built_mass_tons": 13241668.415609503, "city_id": 2046, "country_iso": "FRA"}, {"h3index": "871fb4662ffffff", "population_2015": 119758.97541836007, "total_built_mass_tons": 19657191.057393752, "city_id": 2046, "country_iso": "FRA"}, {"h3index": "871fb4663ffffff", "population_2015": 132031.82205560722, "total_built_mass_tons": 15660411.152441194, "city_id": 2046, "country_iso": "FRA"}, {"h3index": "871fb4664ffffff", "population_2015": 129296.92707220335, "total_built_mass_tons": 12511631.853719704, "city_id": 2046, "country_iso": "FRA"}, {"h3index": "871fb4665ffffff", "population_2015": 107486.66970858107, "total_built_mass_tons": 9751761.757369284, "city_id": 2046, "country_iso": "FRA"}, {"h3index": "871fb4666ffffff", "population_2015": 111611.16012058634, "total_built_mass_tons": 19294863.36913716, "city_id": 2046, "country_iso": "FRA"}, {"h3index": "871fb4668ffffff", "population_2015": 49056.50017212139, "total_built_mass_tons": 7809023.00492407, "city_id": 2046, "country_iso": "FRA"}, {"h3index": "871fb4669ffffff", "population_2015": 30660.846102621035, "total_built_mass_tons": 6111777.024368718, "city_id": 2046, "country_iso": "FRA"}, {"h3index": "871fb466affffff", "population_2015": 55871.2022226053, "total_built_mass_tons": 6978963.434063603, "city_id": 2046, "country_iso": "FRA"}, {"h3index": "871fb466bffffff", "population_2015": 32862.34326458913, "total_built_mass_tons": 5826029.959402145, "city_id": 2046, "country_iso": "FRA"}, {"h3index": "871fb466cffffff", "population_2015": 43019.975970358, "total_built_mass_tons": 7173623.9125197185, "city_id": 2046, "country_iso": "FRA"}, {"h3index": "871fb466dffffff", "population_2015": 29840.523661035633, "total_built_mass_tons": 6571911.841062751, "city_id": 2046, "country_iso": "FRA"}, {"h3index": "871fb466effffff", "population_2015": 72109.90462861903, "total_built_mass_tons": 10102754.323828353, "city_id": 2046, "country_iso": "FRA"}, {"h3index": "871fb4670ffffff", "population_2015": 111242.48796946206, "total_built_mass_tons": 18955717.551703516, "city_id": 2046, "country_iso": "FRA"}, {"h3index": "871fb4671ffffff", "population_2015": 100475.69867325576, "total_built_mass_tons": 16150098.013418332, "city_id": 2046, "country_iso": "FRA"}, {"h3index": "871fb4672ffffff", "population_2015": 103320.73381590004, "total_built_mass_tons": 10292200.476405537, "city_id": 2046, "country_iso": "FRA"}, {"h3index": "871fb4673ffffff", "population_2015": 88241.12153769849, "total_built_mass_tons": 12275548.796697233, "city_id": 2046, "country_iso": "FRA"}, {"h3index": "871fb4674ffffff", "population_2015": 74149.19490019858, "total_built_mass_tons": 15195107.992577832, "city_id": 2046, "country_iso": "FRA"}, {"h3index": "871fb4675ffffff", "population_2015": 55448.93345343649, "total_built_mass_tons": 13914196.407671263, "city_id": 2046, "country_iso": "FRA"}, {"h3index": "871fb4676ffffff", "population_2015": 104985.2518820071, "total_built_mass_tons": 14934908.885705031, "city_id": 2046, "country_iso": "FRA"}, {"h3index": "871fb4680ffffff", "population_2015": 1660.7419863541925, "total_built_mass_tons": 519222.1072890884, "city_id": 2046, "country_iso": "FRA"}, {"h3index": "871fb4681ffffff", "population_2015": 1641.007142900953, "total_built_mass_tons": 555469.4530521185, "city_id": 2046, "country_iso": "FRA"}, {"h3index": "871fb4684ffffff", "population_2015": 264.7123601782556, "total_built_mass_tons": 71245.44127187431, "city_id": 2046, "country_iso": "FRA"}, {"h3index": "871fb4685ffffff", "population_2015": 3385.5012126857164, "total_built_mass_tons": 998644.4082280823, "city_id": 2046, "country_iso": "FRA"}, {"h3index": "871fb4688ffffff", "population_2015": 413.3687220928715, "total_built_mass_tons": 153503.29482757504, "city_id": 2046, "country_iso": "FRA"}, {"h3index": "871fb4689ffffff", "population_2015": 6.281723976135254, "total_built_mass_tons": 7784.2496605915, "city_id": 2046, "country_iso": "FRA"}, {"h3index": "871fb468cffffff", "population_2015": 8977.248172362642, "total_built_mass_tons": 2458910.9962276886, "city_id": 2046, "country_iso": "FRA"}, {"h3index": "871fb468dffffff", "population_2015": 13517.718751724093, "total_built_mass_tons": 3200795.610149883, "city_id": 2046, "country_iso": "FRA"}, {"h3index": "871fb46a4ffffff", "population_2015": 7582.838949230603, "total_built_mass_tons": 2139468.3866361305, "city_id": 2046, "country_iso": "FRA"}, {"h3index": "871fb46a5ffffff", "population_2015": 814.2647141288311, "total_built_mass_tons": 556104.9761707258, "city_id": 2046, "country_iso": "FRA"}, {"h3index": "871fb46a9ffffff", "population_2015": 206.8872215429942, "total_built_mass_tons": 158069.86354591325, "city_id": 2046, "country_iso": "FRA"}, {"h3index": "871fb46aaffffff", "population_2015": 3289.3878642344007, "total_built_mass_tons": 1043754.5888305452, "city_id": 2046, "country_iso": "FRA"}, {"h3index": "871fb46abffffff", "population_2015": 4887.525466898376, "total_built_mass_tons": 1677160.900375464, "city_id": 2046, "country_iso": "FRA"}, {"h3index": "871fb46aeffffff", "population_2015": 121.56906987592284, "total_built_mass_tons": 54733.466406120744, "city_id": 2046, "country_iso": "FRA"}, {"h3index": "871fb46c0ffffff", "population_2015": 11725.208089069296, "total_built_mass_tons": 3716518.0703191734, "city_id": 2046, "country_iso": "FRA"}, {"h3index": "871fb46c1ffffff", "population_2015": 19506.450364789773, "total_built_mass_tons": 5207069.187159112, "city_id": 2046, "country_iso": "FRA"}, {"h3index": "871fb46c2ffffff", "population_2015": 3383.0388021899203, "total_built_mass_tons": 1759533.3847602864, "city_id": 2046, "country_iso": "FRA"}, {"h3index": "871fb46c3ffffff", "population_2015": 14563.122957166031, "total_built_mass_tons": 3802296.5892037847, "city_id": 2046, "country_iso": "FRA"}, {"h3index": "871fb46c4ffffff", "population_2015": 13970.681792378891, "total_built_mass_tons": 4288405.303345476, "city_id": 2046, "country_iso": "FRA"}, {"h3index": "871fb46c5ffffff", "population_2015": 8032.09350961564, "total_built_mass_tons": 3242864.5250475956, "city_id": 2046, "country_iso": "FRA"}, {"h3index": "871fb46c6ffffff", "population_2015": 8043.230764572294, "total_built_mass_tons": 2656374.3854477936, "city_id": 2046, "country_iso": "FRA"}, {"h3index": "871fb46c8ffffff", "population_2015": 9289.234961274087, "total_built_mass_tons": 2667445.7028112635, "city_id": 2046, "country_iso": "FRA"}, {"h3index": "871fb46c9ffffff", "population_2015": 6103.489465203004, "total_built_mass_tons": 1981042.6761939996, "city_id": 2046, "country_iso": "FRA"}, {"h3index": "871fb46caffffff", "population_2015": 22038.516789357796, "total_built_mass_tons": 3840879.487437077, "city_id": 2046, "country_iso": "FRA"}, {"h3index": "871fb46cbffffff", "population_2015": 14485.717225049524, "total_built_mass_tons": 2924247.0780238938, "city_id": 2046, "country_iso": "FRA"}, {"h3index": "871fb46ccffffff", "population_2015": 22192.129300800032, "total_built_mass_tons": 4912482.565667837, "city_id": 2046, "country_iso": "FRA"}, {"h3index": "871fb46cdffffff", "population_2015": 8626.679162923023, "total_built_mass_tons": 2805410.8394499184, "city_id": 2046, "country_iso": "FRA"}, {"h3index": "871fb46ceffffff", "population_2015": 19078.55190801995, "total_built_mass_tons": 4676400.982273936, "city_id": 2046, "country_iso": "FRA"}, {"h3index": "871fb46d0ffffff", "population_2015": 5753.340976569229, "total_built_mass_tons": 1953179.0149274068, "city_id": 2046, "country_iso": "FRA"}, {"h3index": "871fb46d1ffffff", "population_2015": 5286.665230475219, "total_built_mass_tons": 2192831.9747172575, "city_id": 2046, "country_iso": "FRA"}, {"h3index": "871fb46d2ffffff", "population_2015": 930.8039315719228, "total_built_mass_tons": 425150.4228385265, "city_id": 2046, "country_iso": "FRA"}, {"h3index": "871fb46d3ffffff", "population_2015": 4502.697291482196, "total_built_mass_tons": 2011454.1154026955, "city_id": 2046, "country_iso": "FRA"}, {"h3index": "871fb46d5ffffff", "population_2015": 3927.471614614188, "total_built_mass_tons": 1519013.2203740303, "city_id": 2046, "country_iso": "FRA"}, {"h3index": "871fb46d8ffffff", "population_2015": 13051.269841973924, "total_built_mass_tons": 3912592.80276091, "city_id": 2046, "country_iso": "FRA"}, {"h3index": "871fb46d9ffffff", "population_2015": 3285.8317970556373, "total_built_mass_tons": 1815232.251257456, "city_id": 2046, "country_iso": "FRA"}, {"h3index": "871fb46daffffff", "population_2015": 4337.634160794931, "total_built_mass_tons": 2134017.8050874323, "city_id": 2046, "country_iso": "FRA"}, {"h3index": "871fb46dbffffff", "population_2015": 1969.9777987629764, "total_built_mass_tons": 1452272.2542705822, "city_id": 2046, "country_iso": "FRA"}, {"h3index": "871fb46dcffffff", "population_2015": 13645.241763601116, "total_built_mass_tons": 4014159.837906024, "city_id": 2046, "country_iso": "FRA"}, {"h3index": "871fb46ddffffff", "population_2015": 19510.9066924226, "total_built_mass_tons": 4636701.278843157, "city_id": 2046, "country_iso": "FRA"}, {"h3index": "871fb46deffffff", "population_2015": 13634.796346767276, "total_built_mass_tons": 3381812.6158638163, "city_id": 2046, "country_iso": "FRA"}, {"h3index": "871fb46e0ffffff", "population_2015": 23828.59903864393, "total_built_mass_tons": 4895404.910612969, "city_id": 2046, "country_iso": "FRA"}, {"h3index": "871fb46e1ffffff", "population_2015": 16890.490257097692, "total_built_mass_tons": 4209161.765549596, "city_id": 2046, "country_iso": "FRA"}, {"h3index": "871fb46e2ffffff", "population_2015": 18097.62906358476, "total_built_mass_tons": 4488315.802295934, "city_id": 2046, "country_iso": "FRA"}, {"h3index": "871fb46e3ffffff", "population_2015": 8146.330173863617, "total_built_mass_tons": 3655183.2095540343, "city_id": 2046, "country_iso": "FRA"}, {"h3index": "871fb46e4ffffff", "population_2015": 15346.895930032171, "total_built_mass_tons": 3240798.2256278787, "city_id": 2046, "country_iso": "FRA"}, {"h3index": "871fb46e5ffffff", "population_2015": 18030.98612701565, "total_built_mass_tons": 3426316.8569184374, "city_id": 2046, "country_iso": "FRA"}, {"h3index": "871fb46e6ffffff", "population_2015": 10798.514656752232, "total_built_mass_tons": 2799458.3198079527, "city_id": 2046, "country_iso": "FRA"}, {"h3index": "871fb46e8ffffff", "population_2015": 5687.89913128404, "total_built_mass_tons": 3399649.4277026323, "city_id": 2046, "country_iso": "FRA"}, {"h3index": "871fb46e9ffffff", "population_2015": 5319.662798092411, "total_built_mass_tons": 2630917.6287252163, "city_id": 2046, "country_iso": "FRA"}, {"h3index": "871fb46eaffffff", "population_2015": 7987.439596629144, "total_built_mass_tons": 3645909.630265695, "city_id": 2046, "country_iso": "FRA"}, {"h3index": "871fb46ebffffff", "population_2015": 12944.331148525318, "total_built_mass_tons": 3571831.27523108, "city_id": 2046, "country_iso": "FRA"}, {"h3index": "871fb46ecffffff", "population_2015": 5339.2399348090685, "total_built_mass_tons": 4536358.2874947, "city_id": 2046, "country_iso": "FRA"}, {"h3index": "871fb46edffffff", "population_2015": 14837.500600791442, "total_built_mass_tons": 6644114.643597756, "city_id": 2046, "country_iso": "FRA"}, {"h3index": "871fb46eeffffff", "population_2015": 1482.9635995011706, "total_built_mass_tons": 2127207.451960345, "city_id": 2046, "country_iso": "FRA"}, {"h3index": "871fb46f0ffffff", "population_2015": 7832.587068990632, "total_built_mass_tons": 2576528.105818814, "city_id": 2046, "country_iso": "FRA"}, {"h3index": "871fb46f1ffffff", "population_2015": 4545.978157171082, "total_built_mass_tons": 2655068.0929809986, "city_id": 2046, "country_iso": "FRA"}, {"h3index": "871fb46f2ffffff", "population_2015": 1573.6742230349896, "total_built_mass_tons": 936793.3268263238, "city_id": 2046, "country_iso": "FRA"}, {"h3index": "871fb46f3ffffff", "population_2015": 452.67526184063337, "total_built_mass_tons": 330774.64670803247, "city_id": 2046, "country_iso": "FRA"}, {"h3index": "871fb46f4ffffff", "population_2015": 3031.113062974051, "total_built_mass_tons": 1230556.603266582, "city_id": 2046, "country_iso": "FRA"}, {"h3index": "871fb46f5ffffff", "population_2015": 18460.960451765623, "total_built_mass_tons": 4361919.892221435, "city_id": 2046, "country_iso": "FRA"}, {"h3index": "871fb46f6ffffff", "population_2015": 7231.178455023672, "total_built_mass_tons": 2401181.784208034, "city_id": 2046, "country_iso": "FRA"}, {"h3index": "871fb4700ffffff", "population_2015": 17993.41131691278, "total_built_mass_tons": 5018696.347056301, "city_id": 2046, "country_iso": "FRA"}, {"h3index": "871fb4701ffffff", "population_2015": 265.3775760257945, "total_built_mass_tons": 121759.86983287708, "city_id": 2046, "country_iso": "FRA"}, {"h3index": "871fb4702ffffff", "population_2015": 10074.271038113391, "total_built_mass_tons": 2888633.3877857695, "city_id": 2046, "country_iso": "FRA"}, {"h3index": "871fb4703ffffff", "population_2015": 22.713208007812497, "total_built_mass_tons": 25065.497991990684, "city_id": 2046, "country_iso": "FRA"}, {"h3index": "871fb4704ffffff", "population_2015": 4680.094694911732, "total_built_mass_tons": 1391233.2503318868, "city_id": 2046, "country_iso": "FRA"}, {"h3index": "871fb4705ffffff", "population_2015": 10668.750379667095, "total_built_mass_tons": 3058530.7202064795, "city_id": 2046, "country_iso": "FRA"}, {"h3index": "871fb4706ffffff", "population_2015": 6330.259970559327, "total_built_mass_tons": 1767094.60572678, "city_id": 2046, "country_iso": "FRA"}, {"h3index": "871fb4708ffffff", "population_2015": 2820.216251622929, "total_built_mass_tons": 1364157.0737155022, "city_id": 2046, "country_iso": "FRA"}, {"h3index": "871fb4709ffffff", "population_2015": 17599.09655049641, "total_built_mass_tons": 3890565.634391051, "city_id": 2046, "country_iso": "FRA"}, {"h3index": "871fb470affffff", "population_2015": 6755.72575302872, "total_built_mass_tons": 2236736.3605448687, "city_id": 2046, "country_iso": "FRA"}, {"h3index": "871fb470bffffff", "population_2015": 18635.434853159208, "total_built_mass_tons": 4358970.158800497, "city_id": 2046, "country_iso": "FRA"}, {"h3index": "871fb470cffffff", "population_2015": 619.6537783529244, "total_built_mass_tons": 129734.26465306856, "city_id": 2046, "country_iso": "FRA"}, {"h3index": "871fb470dffffff", "population_2015": 15194.016477012634, "total_built_mass_tons": 3511725.8492544387, "city_id": 2046, "country_iso": "FRA"}, {"h3index": "871fb470effffff", "population_2015": 231.76052859250237, "total_built_mass_tons": 81596.97937329208, "city_id": 2046, "country_iso": "FRA"}, {"h3index": "871fb4711ffffff", "population_2015": 2532.667682892669, "total_built_mass_tons": 1225790.2475266042, "city_id": 2046, "country_iso": "FRA"}, {"h3index": "871fb4715ffffff", "population_2015": 1550.778185478846, "total_built_mass_tons": 705663.3715267209, "city_id": 2046, "country_iso": "FRA"}, {"h3index": "871fb4718ffffff", "population_2015": 11868.194868626311, "total_built_mass_tons": 2910047.9711090797, "city_id": 2046, "country_iso": "FRA"}, {"h3index": "871fb4719ffffff", "population_2015": 13594.661616806889, "total_built_mass_tons": 2817697.4142933385, "city_id": 2046, "country_iso": "FRA"}, {"h3index": "871fb471affffff", "population_2015": 1129.2039530211805, "total_built_mass_tons": 311931.72015536996, "city_id": 2046, "country_iso": "FRA"}, {"h3index": "871fb471bffffff", "population_2015": 8974.639637066339, "total_built_mass_tons": 2085403.1693569615, "city_id": 2046, "country_iso": "FRA"}, {"h3index": "871fb471cffffff", "population_2015": 3213.427748196733, "total_built_mass_tons": 987247.3090784554, "city_id": 2046, "country_iso": "FRA"}, {"h3index": "871fb471dffffff", "population_2015": 5310.764730440401, "total_built_mass_tons": 2248500.0786295687, "city_id": 2046, "country_iso": "FRA"}, {"h3index": "871fb471effffff", "population_2015": 234.9105774112776, "total_built_mass_tons": 107323.33529036776, "city_id": 2046, "country_iso": "FRA"}, {"h3index": "871fb4720ffffff", "population_2015": 31.582264430382672, "total_built_mass_tons": 142668.7059583371, "city_id": 2046, "country_iso": "FRA"}, {"h3index": "871fb4721ffffff", "population_2015": 5931.169775711321, "total_built_mass_tons": 1543204.6743939256, "city_id": 2046, "country_iso": "FRA"}, {"h3index": "871fb4722ffffff", "population_2015": 6350.1673414912875, "total_built_mass_tons": 2370040.4195568226, "city_id": 2046, "country_iso": "FRA"}, {"h3index": "871fb4723ffffff", "population_2015": 6546.608927036736, "total_built_mass_tons": 2013485.0297809755, "city_id": 2046, "country_iso": "FRA"}, {"h3index": "871fb4724ffffff", "population_2015": 499.96753732269894, "total_built_mass_tons": 178543.55881190638, "city_id": 2046, "country_iso": "FRA"}, {"h3index": "871fb4725ffffff", "population_2015": 8617.974947248722, "total_built_mass_tons": 2235206.281217217, "city_id": 2046, "country_iso": "FRA"}, {"h3index": "871fb4726ffffff", "population_2015": 406.63676495458566, "total_built_mass_tons": 213411.33616836107, "city_id": 2046, "country_iso": "FRA"}, {"h3index": "871fb4728ffffff", "population_2015": 129.12808720644784, "total_built_mass_tons": 135516.27186342113, "city_id": 2046, "country_iso": "FRA"}, {"h3index": "871fb4729ffffff", "population_2015": 494.6108131689184, "total_built_mass_tons": 570015.9589720729, "city_id": 2046, "country_iso": "FRA"}, {"h3index": "871fb472bffffff", "population_2015": 127.10823051976222, "total_built_mass_tons": 66746.2492947766, "city_id": 2046, "country_iso": "FRA"}, {"h3index": "871fb472cffffff", "population_2015": 15605.500892613443, "total_built_mass_tons": 4299341.476640731, "city_id": 2046, "country_iso": "FRA"}, {"h3index": "871fb472dffffff", "population_2015": 10356.241690841378, "total_built_mass_tons": 3371246.854447847, "city_id": 2046, "country_iso": "FRA"}, {"h3index": "871fb472effffff", "population_2015": 3182.0662995530115, "total_built_mass_tons": 1407057.8696410167, "city_id": 2046, "country_iso": "FRA"}, {"h3index": "871fb4730ffffff", "population_2015": 10.794305427401676, "total_built_mass_tons": 12810.067140248098, "city_id": 2046, "country_iso": "FRA"}, {"h3index": "871fb4731ffffff", "population_2015": 778.7421998879488, "total_built_mass_tons": 834108.5625916639, "city_id": 2046, "country_iso": "FRA"}, {"h3index": "871fb4733ffffff", "population_2015": 172.7706136974634, "total_built_mass_tons": 103437.57431413808, "city_id": 2046, "country_iso": "FRA"}, {"h3index": "871fb4734ffffff", "population_2015": 859.2999318403356, "total_built_mass_tons": 175891.0355836279, "city_id": 2046, "country_iso": "FRA"}, {"h3index": "871fb4735ffffff", "population_2015": 8299.363025024826, "total_built_mass_tons": 2590618.3445772766, "city_id": 2046, "country_iso": "FRA"}, {"h3index": "871fb4740ffffff", "population_2015": 15173.72284803391, "total_built_mass_tons": 4943664.538687472, "city_id": 2046, "country_iso": "FRA"}, {"h3index": "871fb4741ffffff", "population_2015": 23073.429558800715, "total_built_mass_tons": 5562956.006511599, "city_id": 2046, "country_iso": "FRA"}, {"h3index": "871fb4742ffffff", "population_2015": 30289.41307110132, "total_built_mass_tons": 7227289.499462109, "city_id": 2046, "country_iso": "FRA"}, {"h3index": "871fb4743ffffff", "population_2015": 35044.62734474858, "total_built_mass_tons": 6861069.158417441, "city_id": 2046, "country_iso": "FRA"}, {"h3index": "871fb4744ffffff", "population_2015": 15889.272597421384, "total_built_mass_tons": 4066190.4318582295, "city_id": 2046, "country_iso": "FRA"}, {"h3index": "871fb4745ffffff", "population_2015": 28361.322331877313, "total_built_mass_tons": 5516902.386185473, "city_id": 2046, "country_iso": "FRA"}, {"h3index": "871fb4746ffffff", "population_2015": 34472.03282151693, "total_built_mass_tons": 7180410.490682762, "city_id": 2046, "country_iso": "FRA"}, {"h3index": "871fb4748ffffff", "population_2015": 36271.58372726068, "total_built_mass_tons": 8386228.883532617, "city_id": 2046, "country_iso": "FRA"}, {"h3index": "871fb4749ffffff", "population_2015": 25018.171916435283, "total_built_mass_tons": 6112557.812489588, "city_id": 2046, "country_iso": "FRA"}, {"h3index": "871fb474affffff", "population_2015": 37684.600432395935, "total_built_mass_tons": 9016957.47874259, "city_id": 2046, "country_iso": "FRA"}, {"h3index": "871fb474bffffff", "population_2015": 53620.77317970128, "total_built_mass_tons": 8381132.702067858, "city_id": 2046, "country_iso": "FRA"}, {"h3index": "871fb474cffffff", "population_2015": 31411.314049348643, "total_built_mass_tons": 5803365.256768565, "city_id": 2046, "country_iso": "FRA"}, {"h3index": "871fb474dffffff", "population_2015": 34782.39027844224, "total_built_mass_tons": 5370615.74791375, "city_id": 2046, "country_iso": "FRA"}, {"h3index": "871fb474effffff", "population_2015": 19301.76896703664, "total_built_mass_tons": 6444727.592166826, "city_id": 2046, "country_iso": "FRA"}, {"h3index": "871fb4750ffffff", "population_2015": 22130.079746107032, "total_built_mass_tons": 6769264.75003935, "city_id": 2046, "country_iso": "FRA"}, {"h3index": "871fb4751ffffff", "population_2015": 65889.9887804966, "total_built_mass_tons": 8097268.316454923, "city_id": 2046, "country_iso": "FRA"}, {"h3index": "871fb4752ffffff", "population_2015": 35090.61854542003, "total_built_mass_tons": 7742741.854580214, "city_id": 2046, "country_iso": "FRA"}, {"h3index": "871fb4753ffffff", "population_2015": 59271.334901603994, "total_built_mass_tons": 11172318.806757526, "city_id": 2046, "country_iso": "FRA"}, {"h3index": "871fb4754ffffff", "population_2015": 32110.76555901321, "total_built_mass_tons": 6446735.586177809, "city_id": 2046, "country_iso": "FRA"}, {"h3index": "871fb4755ffffff", "population_2015": 31234.27390858706, "total_built_mass_tons": 6512669.391608957, "city_id": 2046, "country_iso": "FRA"}, {"h3index": "871fb4756ffffff", "population_2015": 13110.335851923624, "total_built_mass_tons": 3924151.487468984, "city_id": 2046, "country_iso": "FRA"}, {"h3index": "871fb4758ffffff", "population_2015": 105767.06854734982, "total_built_mass_tons": 13102675.612094153, "city_id": 2046, "country_iso": "FRA"}, {"h3index": "871fb4759ffffff", "population_2015": 113497.41519764924, "total_built_mass_tons": 14904405.145790068, "city_id": 2046, "country_iso": "FRA"}, {"h3index": "871fb475affffff", "population_2015": 75873.88714349785, "total_built_mass_tons": 14223126.325547772, "city_id": 2046, "country_iso": "FRA"}, {"h3index": "871fb475bffffff", "population_2015": 64583.34568976607, "total_built_mass_tons": 20525998.98798019, "city_id": 2046, "country_iso": "FRA"}, {"h3index": "871fb475cffffff", "population_2015": 71729.33309124222, "total_built_mass_tons": 10084281.270786364, "city_id": 2046, "country_iso": "FRA"}, {"h3index": "871fb475dffffff", "population_2015": 48047.78951283998, "total_built_mass_tons": 9041972.959480952, "city_id": 2046, "country_iso": "FRA"}, {"h3index": "871fb475effffff", "population_2015": 82360.86319719203, "total_built_mass_tons": 12460533.155766118, "city_id": 2046, "country_iso": "FRA"}, {"h3index": "871fb4760ffffff", "population_2015": 15736.38492371054, "total_built_mass_tons": 4281421.979186167, "city_id": 2046, "country_iso": "FRA"}, {"h3index": "871fb4761ffffff", "population_2015": 10143.434401293362, "total_built_mass_tons": 2664557.0004213993, "city_id": 2046, "country_iso": "FRA"}, {"h3index": "871fb4762ffffff", "population_2015": 22390.931170960976, "total_built_mass_tons": 4631904.443233674, "city_id": 2046, "country_iso": "FRA"}, {"h3index": "871fb4763ffffff", "population_2015": 26814.714790920185, "total_built_mass_tons": 5061233.492840438, "city_id": 2046, "country_iso": "FRA"}, {"h3index": "871fb4764ffffff", "population_2015": 13879.204928441142, "total_built_mass_tons": 3527536.7696586056, "city_id": 2046, "country_iso": "FRA"}, {"h3index": "871fb4765ffffff", "population_2015": 4679.134973081888, "total_built_mass_tons": 1126747.9263286171, "city_id": 2046, "country_iso": "FRA"}, {"h3index": "871fb4766ffffff", "population_2015": 10673.280294738095, "total_built_mass_tons": 3321911.0991583937, "city_id": 2046, "country_iso": "FRA"}, {"h3index": "871fb4768ffffff", "population_2015": 11615.39268498888, "total_built_mass_tons": 2669397.123139605, "city_id": 2046, "country_iso": "FRA"}, {"h3index": "871fb4769ffffff", "population_2015": 9158.829982089996, "total_built_mass_tons": 2591091.7838884844, "city_id": 2046, "country_iso": "FRA"}, {"h3index": "871fb476affffff", "population_2015": 36732.63663471073, "total_built_mass_tons": 5844881.529342166, "city_id": 2046, "country_iso": "FRA"}, {"h3index": "871fb476bffffff", "population_2015": 17096.7318444224, "total_built_mass_tons": 4472686.223649773, "city_id": 2046, "country_iso": "FRA"}, {"h3index": "871fb476cffffff", "population_2015": 3487.1240929229575, "total_built_mass_tons": 1084295.4736696896, "city_id": 2046, "country_iso": "FRA"}, {"h3index": "871fb476dffffff", "population_2015": 623.8544085521324, "total_built_mass_tons": 219446.53401428825, "city_id": 2046, "country_iso": "FRA"}, {"h3index": "871fb476effffff", "population_2015": 20164.565520260385, "total_built_mass_tons": 5158921.604005862, "city_id": 2046, "country_iso": "FRA"}, {"h3index": "871fb4770ffffff", "population_2015": 9475.618092067569, "total_built_mass_tons": 2919122.8809163948, "city_id": 2046, "country_iso": "FRA"}, {"h3index": "871fb4771ffffff", "population_2015": 6232.099089052164, "total_built_mass_tons": 2207487.3767624837, "city_id": 2046, "country_iso": "FRA"}, {"h3index": "871fb4772ffffff", "population_2015": 16113.238808994663, "total_built_mass_tons": 3880727.98147521, "city_id": 2046, "country_iso": "FRA"}, {"h3index": "871fb4773ffffff", "population_2015": 27965.522372625393, "total_built_mass_tons": 5371627.036688179, "city_id": 2046, "country_iso": "FRA"}, {"h3index": "871fb4774ffffff", "population_2015": 8827.746740210294, "total_built_mass_tons": 3049842.594654076, "city_id": 2046, "country_iso": "FRA"}, {"h3index": "871fb4775ffffff", "population_2015": 8843.497531619727, "total_built_mass_tons": 2743111.0498668803, "city_id": 2046, "country_iso": "FRA"}, {"h3index": "871fb4776ffffff", "population_2015": 2529.416411125894, "total_built_mass_tons": 1054141.3845495926, "city_id": 2046, "country_iso": "FRA"}, {"h3index": "871fb4780ffffff", "population_2015": 4331.2718982210345, "total_built_mass_tons": 1492745.739479457, "city_id": 2046, "country_iso": "FRA"}, {"h3index": "871fb4781ffffff", "population_2015": 1905.0068322387397, "total_built_mass_tons": 629852.8925862055, "city_id": 2046, "country_iso": "FRA"}, {"h3index": "871fb4782ffffff", "population_2015": 4484.835777050841, "total_built_mass_tons": 1476509.8284577343, "city_id": 2046, "country_iso": "FRA"}, {"h3index": "871fb4783ffffff", "population_2015": 3207.76687128357, "total_built_mass_tons": 1756326.099149888, "city_id": 2046, "country_iso": "FRA"}, {"h3index": "871fb4786ffffff", "population_2015": 54.105403853397746, "total_built_mass_tons": 33485.98700114417, "city_id": 2046, "country_iso": "FRA"}, {"h3index": "871fb4788ffffff", "population_2015": 13692.757489002452, "total_built_mass_tons": 3087341.146236709, "city_id": 2046, "country_iso": "FRA"}, {"h3index": "871fb4789ffffff", "population_2015": 3165.223077704394, "total_built_mass_tons": 1066215.5912191265, "city_id": 2046, "country_iso": "FRA"}, {"h3index": "871fb478affffff", "population_2015": 15114.622389426884, "total_built_mass_tons": 3612112.7026081136, "city_id": 2046, "country_iso": "FRA"}, {"h3index": "871fb478bffffff", "population_2015": 9624.905200027952, "total_built_mass_tons": 2546155.7346800272, "city_id": 2046, "country_iso": "FRA"}, {"h3index": "871fb478cffffff", "population_2015": 9245.384917358326, "total_built_mass_tons": 1987921.176414344, "city_id": 2046, "country_iso": "FRA"}, {"h3index": "871fb478dffffff", "population_2015": 12758.15937795639, "total_built_mass_tons": 2448601.759429139, "city_id": 2046, "country_iso": "FRA"}, {"h3index": "871fb478effffff", "population_2015": 3211.017716249766, "total_built_mass_tons": 1076942.5559533436, "city_id": 2046, "country_iso": "FRA"}, {"h3index": "871fb4790ffffff", "population_2015": 5460.952098586512, "total_built_mass_tons": 1837576.5383023329, "city_id": 2046, "country_iso": "FRA"}, {"h3index": "871fb4791ffffff", "population_2015": 14364.88280067631, "total_built_mass_tons": 3319314.1767198667, "city_id": 2046, "country_iso": "FRA"}, {"h3index": "871fb4792ffffff", "population_2015": 812.9183076624778, "total_built_mass_tons": 851783.5923249447, "city_id": 2046, "country_iso": "FRA"}, {"h3index": "871fb4793ffffff", "population_2015": 5743.935273399538, "total_built_mass_tons": 2058471.7393175643, "city_id": 2046, "country_iso": "FRA"}, {"h3index": "871fb4795ffffff", "population_2015": 1.5079196107153798, "total_built_mass_tons": 804.5971904389669, "city_id": 2046, "country_iso": "FRA"}, {"h3index": "871fb4798ffffff", "population_2015": 164.17907611996523, "total_built_mass_tons": 179505.99945488395, "city_id": 2046, "country_iso": "FRA"}, {"h3index": "871fb4799ffffff", "population_2015": 1392.6204451532926, "total_built_mass_tons": 348335.36808721477, "city_id": 2046, "country_iso": "FRA"}, {"h3index": "871fb479cffffff", "population_2015": 14504.424876325267, "total_built_mass_tons": 3674365.303854417, "city_id": 2046, "country_iso": "FRA"}, {"h3index": "871fb479dffffff", "population_2015": 9549.5535172556, "total_built_mass_tons": 3224798.248364432, "city_id": 2046, "country_iso": "FRA"}, {"h3index": "871fb479effffff", "population_2015": 2958.8319788642957, "total_built_mass_tons": 1148990.9882402397, "city_id": 2046, "country_iso": "FRA"}, {"h3index": "871fb47abffffff", "population_2015": 47.29334573558732, "total_built_mass_tons": 24245.272859174715, "city_id": 2046, "country_iso": "FRA"}, {"h3index": "871fb6b6cffffff", "population_2015": 1.3295440327887442, "total_built_mass_tons": 4508.69548411869, "city_id": 2046, "country_iso": "FRA"}, {"h3index": "871fb6b6dffffff", "population_2015": 182.11722706439448, "total_built_mass_tons": 48301.72781715376, "city_id": 2046, "country_iso": "FRA"}]