[{"h3index": "873082264ffffff", "population_2015": 1.133032585592831, "total_built_mass_tons": 2535.6819293656035, "city_id": 12125, "country_iso": "CHN"}, {"h3index": "873082340ffffff", "population_2015": 6640.502179240247, "total_built_mass_tons": 1360646.747976568, "city_id": 12125, "country_iso": "CHN"}, {"h3index": "873082341ffffff", "population_2015": 28238.41256933025, "total_built_mass_tons": 3357611.6277338397, "city_id": 12125, "country_iso": "CHN"}, {"h3index": "873082342ffffff", "population_2015": 4048.4858344265062, "total_built_mass_tons": 1080030.5647607544, "city_id": 12125, "country_iso": "CHN"}, {"h3index": "873082343ffffff", "population_2015": 24049.51826186927, "total_built_mass_tons": 3721667.403156529, "city_id": 12125, "country_iso": "CHN"}, {"h3index": "873082345ffffff", "population_2015": 551.8325724727968, "total_built_mass_tons": 471207.2716349466, "city_id": 12125, "country_iso": "CHN"}, {"h3index": "873082346ffffff", "population_2015": 24.31994583653469, "total_built_mass_tons": 12960.008121290484, "city_id": 12125, "country_iso": "CHN"}, {"h3index": "873082348ffffff", "population_2015": 6543.120441433026, "total_built_mass_tons": 3070709.849560974, "city_id": 12125, "country_iso": "CHN"}, {"h3index": "873082349ffffff", "population_2015": 598.9135469707788, "total_built_mass_tons": 557479.211466379, "city_id": 12125, "country_iso": "CHN"}, {"h3index": "87308234affffff", "population_2015": 2420.8397522533637, "total_built_mass_tons": 1863862.8500517951, "city_id": 12125, "country_iso": "CHN"}, {"h3index": "87308234bffffff", "population_2015": 57.437602735033224, "total_built_mass_tons": 14134.89100814377, "city_id": 12125, "country_iso": "CHN"}, {"h3index": "87308234cffffff", "population_2015": 32212.722416367254, "total_built_mass_tons": 6332292.554189953, "city_id": 12125, "country_iso": "CHN"}, {"h3index": "87308234dffffff", "population_2015": 4553.798874379607, "total_built_mass_tons": 1462943.268071056, "city_id": 12125, "country_iso": "CHN"}, {"h3index": "87308234effffff", "population_2015": 33960.94772565692, "total_built_mass_tons": 4321608.932957804, "city_id": 12125, "country_iso": "CHN"}, {"h3index": "873082351ffffff", "population_2015": 19.66134632241492, "total_built_mass_tons": 14898.66091587392, "city_id": 12125, "country_iso": "CHN"}, {"h3index": "873082358ffffff", "population_2015": 2279.2459131259543, "total_built_mass_tons": 1277857.329546583, "city_id": 12125, "country_iso": "CHN"}, {"h3index": "873082359ffffff", "population_2015": 2140.7014497925247, "total_built_mass_tons": 1510398.8817804973, "city_id": 12125, "country_iso": "CHN"}, {"h3index": "87308235cffffff", "population_2015": 2228.7401491576557, "total_built_mass_tons": 1524673.05437532, "city_id": 12125, "country_iso": "CHN"}, {"h3index": "87308235dffffff", "population_2015": 4739.788826994803, "total_built_mass_tons": 2333180.884274924, "city_id": 12125, "country_iso": "CHN"}, {"h3index": "87308235effffff", "population_2015": 34.18894068259819, "total_built_mass_tons": 69610.4805686328, "city_id": 12125, "country_iso": "CHN"}, {"h3index": "87308236affffff", "population_2015": 14801.148261893031, "total_built_mass_tons": 2570441.209228053, "city_id": 12125, "country_iso": "CHN"}, {"h3index": "87308236bffffff", "population_2015": 5818.1970716046335, "total_built_mass_tons": 1842190.8787414292, "city_id": 12125, "country_iso": "CHN"}, {"h3index": "873083cb2ffffff", "population_2015": 126.38044360198224, "total_built_mass_tons": 71011.64324227456, "city_id": 12125, "country_iso": "CHN"}]