[{"h3index":"87408a408ffffff","population_2015":18082.1285404505,"total_built_mass_tons":1528747.6240346059,"city_id":10449,"country_iso":"CHN"},{"h3index":"87408a40affffff","population_2015":6736.154241143,"total_built_mass_tons":1711735.7127066306,"city_id":10449,"country_iso":"CHN"},{"h3index":"87408a40bffffff","population_2015":56.2808549399,"total_built_mass_tons":163747.2321090648,"city_id":10449,"country_iso":"CHN"},{"h3index":"87408a40cffffff","population_2015":18.7183140343,"total_built_mass_tons":18659.6896924216,"city_id":10449,"country_iso":"CHN"},{"h3index":"87408a40dffffff","population_2015":15959.9137152017,"total_built_mass_tons":1829944.1131360433,"city_id":10449,"country_iso":"CHN"},{"h3index":"87408a40effffff","population_2015":56.6349054524,"total_built_mass_tons":22512.1954951695,"city_id":10449,"country_iso":"CHN"},{"h3index":"87408a42bffffff","population_2015":0.0944597955,"total_built_mass_tons":1052.4687419226,"city_id":10449,"country_iso":"CHN"},{"h3index":"87408a470ffffff","population_2015":24384.8128000689,"total_built_mass_tons":2006244.8798229485,"city_id":10449,"country_iso":"CHN"},{"h3index":"87408a472ffffff","population_2015":15767.0529785904,"total_built_mass_tons":2312411.166470272,"city_id":10449,"country_iso":"CHN"},{"h3index":"87408a473ffffff","population_2015":666.9817901985,"total_built_mass_tons":78846.9059820967,"city_id":10449,"country_iso":"CHN"},{"h3index":"87408a475ffffff","population_2015":111.6673246758,"total_built_mass_tons":33866.7750786261,"city_id":10449,"country_iso":"CHN"},{"h3index":"87408a476ffffff","population_2015":2646.1712652393,"total_built_mass_tons":178090.1875154583,"city_id":10449,"country_iso":"CHN"},{"h3index":"87408a4e4ffffff","population_2015":761.9613652472,"total_built_mass_tons":220016.3358083308,"city_id":10449,"country_iso":"CHN"}]