[{"h3index":"8724c2041ffffff","population_2015":2874.963787882,"total_built_mass_tons":1622607.6827610214,"city_id":10154,"country_iso":"CHN"},{"h3index":"8724c2043ffffff","population_2015":568.7658825613,"total_built_mass_tons":514966.560462542,"city_id":10154,"country_iso":"CHN"},{"h3index":"8724c2045ffffff","population_2015":43.6662112217,"total_built_mass_tons":26044.5728610798,"city_id":10154,"country_iso":"CHN"},{"h3index":"8724c2048ffffff","population_2015":19555.5508769933,"total_built_mass_tons":7206012.8677553609,"city_id":10154,"country_iso":"CHN"},{"h3index":"8724c2049ffffff","population_2015":10837.661592059,"total_built_mass_tons":1509677.7693480309,"city_id":10154,"country_iso":"CHN"},{"h3index":"8724c204affffff","population_2015":607.0426778429,"total_built_mass_tons":323934.7856771175,"city_id":10154,"country_iso":"CHN"},{"h3index":"8724c204bffffff","population_2015":559.224334268,"total_built_mass_tons":233722.5202296973,"city_id":10154,"country_iso":"CHN"},{"h3index":"8724c204cffffff","population_2015":13919.1396843779,"total_built_mass_tons":5515673.6471214592,"city_id":10154,"country_iso":"CHN"},{"h3index":"8724c204dffffff","population_2015":39877.3314903259,"total_built_mass_tons":5163713.6657090345,"city_id":10154,"country_iso":"CHN"},{"h3index":"8724c204effffff","population_2015":2113.2679024888,"total_built_mass_tons":1282333.4086142725,"city_id":10154,"country_iso":"CHN"},{"h3index":"8724c2051ffffff","population_2015":33.3495122302,"total_built_mass_tons":100079.6883913419,"city_id":10154,"country_iso":"CHN"},{"h3index":"8724c2053ffffff","population_2015":176.3282851687,"total_built_mass_tons":121230.011915809,"city_id":10154,"country_iso":"CHN"},{"h3index":"8724c2058ffffff","population_2015":37.0426849702,"total_built_mass_tons":187503.5860193704,"city_id":10154,"country_iso":"CHN"},{"h3index":"8724c205cffffff","population_2015":1957.5635361625,"total_built_mass_tons":780861.3487602039,"city_id":10154,"country_iso":"CHN"},{"h3index":"8724c205dffffff","population_2015":713.4772328826,"total_built_mass_tons":444966.1788668372,"city_id":10154,"country_iso":"CHN"},{"h3index":"8724c205effffff","population_2015":7174.4451326239,"total_built_mass_tons":1583482.8885086279,"city_id":10154,"country_iso":"CHN"},{"h3index":"8724c2069ffffff","population_2015":23.3180233899,"total_built_mass_tons":10266.6750160722,"city_id":10154,"country_iso":"CHN"},{"h3index":"8724c206affffff","population_2015":1465.9065209594,"total_built_mass_tons":462774.2120665493,"city_id":10154,"country_iso":"CHN"},{"h3index":"8724c206bffffff","population_2015":6153.3401484751,"total_built_mass_tons":1292881.7392902451,"city_id":10154,"country_iso":"CHN"},{"h3index":"8724c2310ffffff","population_2015":0.5481562147,"total_built_mass_tons":2892.7048136251,"city_id":10154,"country_iso":"CHN"},{"h3index":"8724c2314ffffff","population_2015":4.0367159843,"total_built_mass_tons":54907.4112415855,"city_id":10154,"country_iso":"CHN"},{"h3index":"8724c2316ffffff","population_2015":454.000138165,"total_built_mass_tons":190154.1202532797,"city_id":10154,"country_iso":"CHN"},{"h3index":"8724c2332ffffff","population_2015":1612.9678339809,"total_built_mass_tons":579501.4309440827,"city_id":10154,"country_iso":"CHN"},{"h3index":"8724c2336ffffff","population_2015":867.0155454112,"total_built_mass_tons":226255.4394044744,"city_id":10154,"country_iso":"CHN"}]