[{"h3index":"8764ab2b4ffffff","population_2015":56.761136055,"total_built_mass_tons":19208.8081374959,"city_id":10222,"country_iso":"MMR"},{"h3index":"8764ab2b6ffffff","population_2015":35.8242279857,"total_built_mass_tons":14557.9794396653,"city_id":10222,"country_iso":"MMR"},{"h3index":"8764ab39affffff","population_2015":72.6469241984,"total_built_mass_tons":50090.4093699451,"city_id":10222,"country_iso":"MMR"},{"h3index":"8764ab769ffffff","population_2015":5703.7157539573,"total_built_mass_tons":1043826.9201566871,"city_id":10222,"country_iso":"MMR"},{"h3index":"8764ab76bffffff","population_2015":0.2011001138,"total_built_mass_tons":1265.3312091682,"city_id":10222,"country_iso":"MMR"}]