[{"h3index":"87424d746ffffff","population_2015":128.417988377,"total_built_mass_tons":99965.9467381095,"city_id":6531,"country_iso":"PAK"},{"h3index":"87424d750ffffff","population_2015":2577.4907076667,"total_built_mass_tons":1102397.4641390378,"city_id":6531,"country_iso":"PAK"},{"h3index":"87424d751ffffff","population_2015":372.0950930726,"total_built_mass_tons":158599.1217585509,"city_id":6531,"country_iso":"PAK"},{"h3index":"87424d752ffffff","population_2015":1002.9491498162,"total_built_mass_tons":469679.0728219305,"city_id":6531,"country_iso":"PAK"},{"h3index":"87424d753ffffff","population_2015":3.711581765,"total_built_mass_tons":1508.7958354596,"city_id":6531,"country_iso":"PAK"},{"h3index":"87424d754ffffff","population_2015":413.3739036111,"total_built_mass_tons":146117.0888665311,"city_id":6531,"country_iso":"PAK"},{"h3index":"87424d755ffffff","population_2015":758.6036120835,"total_built_mass_tons":309664.5545871393,"city_id":6531,"country_iso":"PAK"},{"h3index":"87424d756ffffff","population_2015":74.8243006024,"total_built_mass_tons":51987.9905616451,"city_id":6531,"country_iso":"PAK"},{"h3index":"87424d762ffffff","population_2015":2.273268924,"total_built_mass_tons":1011.5814180619,"city_id":6531,"country_iso":"PAK"},{"h3index":"87424d770ffffff","population_2015":386.0720192255,"total_built_mass_tons":114074.5815526924,"city_id":6531,"country_iso":"PAK"},{"h3index":"87424d771ffffff","population_2015":7533.0683318232,"total_built_mass_tons":1456064.2932120515,"city_id":6531,"country_iso":"PAK"},{"h3index":"87424d773ffffff","population_2015":1815.0859614971,"total_built_mass_tons":485829.5389881721,"city_id":6531,"country_iso":"PAK"},{"h3index":"87424d775ffffff","population_2015":344.631658786,"total_built_mass_tons":76853.6595512638,"city_id":6531,"country_iso":"PAK"}]