[{"h3index": "873ccb480ffffff", "population_2015": 1915.54185999328, "total_built_mass_tons": 249417.2648887161, "city_id": 10155, "country_iso": "MMR"}, {"h3index": "873ccb482ffffff", "population_2015": 16268.20759937062, "total_built_mass_tons": 1589297.7685387852, "city_id": 10155, "country_iso": "MMR"}, {"h3index": "873ccb484ffffff", "population_2015": 37539.080797292685, "total_built_mass_tons": 2475663.4183362625, "city_id": 10155, "country_iso": "MMR"}, {"h3index": "873ccb486ffffff", "population_2015": 62368.00032610424, "total_built_mass_tons": 4144926.693516112, "city_id": 10155, "country_iso": "MMR"}, {"h3index": "873ccb490ffffff", "population_2015": 35770.40124882716, "total_built_mass_tons": 3150317.1570789767, "city_id": 10155, "country_iso": "MMR"}, {"h3index": "873ccb491ffffff", "population_2015": 20725.174390381457, "total_built_mass_tons": 2373888.3823759686, "city_id": 10155, "country_iso": "MMR"}, {"h3index": "873ccb492ffffff", "population_2015": 37618.44226472144, "total_built_mass_tons": 3004504.169675521, "city_id": 10155, "country_iso": "MMR"}, {"h3index": "873ccb493ffffff", "population_2015": 16579.186637119223, "total_built_mass_tons": 3257037.7344126394, "city_id": 10155, "country_iso": "MMR"}, {"h3index": "873ccb494ffffff", "population_2015": 40642.71791266647, "total_built_mass_tons": 2985009.083079341, "city_id": 10155, "country_iso": "MMR"}, {"h3index": "873ccb495ffffff", "population_2015": 64748.88995096543, "total_built_mass_tons": 4607899.599593851, "city_id": 10155, "country_iso": "MMR"}, {"h3index": "873ccb496ffffff", "population_2015": 18330.093772484273, "total_built_mass_tons": 859163.410687645, "city_id": 10155, "country_iso": "MMR"}, {"h3index": "873ccb498ffffff", "population_2015": 12.92964864618638, "total_built_mass_tons": 8878.407358422977, "city_id": 10155, "country_iso": "MMR"}, {"h3index": "873ccb49cffffff", "population_2015": 573.9813435049617, "total_built_mass_tons": 302802.8822196785, "city_id": 10155, "country_iso": "MMR"}, {"h3index": "873ccb49effffff", "population_2015": 56.06362208198099, "total_built_mass_tons": 149975.63282034686, "city_id": 10155, "country_iso": "MMR"}, {"h3index": "873ccb4a0ffffff", "population_2015": 2732.8348463956054, "total_built_mass_tons": 263112.97971708607, "city_id": 10155, "country_iso": "MMR"}, {"h3index": "873ccb4a1ffffff", "population_2015": 110.4832353591919, "total_built_mass_tons": 35707.877413810485, "city_id": 10155, "country_iso": "MMR"}, {"h3index": "873ccb4a2ffffff", "population_2015": 23622.0780020022, "total_built_mass_tons": 1391386.810822643, "city_id": 10155, "country_iso": "MMR"}, {"h3index": "873ccb4a3ffffff", "population_2015": 5946.784028857362, "total_built_mass_tons": 543143.7233984863, "city_id": 10155, "country_iso": "MMR"}, {"h3index": "873ccb4a4ffffff", "population_2015": 3147.550238848667, "total_built_mass_tons": 383981.3930964159, "city_id": 10155, "country_iso": "MMR"}, {"h3index": "873ccb4a6ffffff", "population_2015": 33791.58641061221, "total_built_mass_tons": 2831377.328688519, "city_id": 10155, "country_iso": "MMR"}, {"h3index": "873ccb4b0ffffff", "population_2015": 110148.45592567595, "total_built_mass_tons": 6072765.665099991, "city_id": 10155, "country_iso": "MMR"}, {"h3index": "873ccb4b1ffffff", "population_2015": 82954.28393333286, "total_built_mass_tons": 4646031.826230215, "city_id": 10155, "country_iso": "MMR"}, {"h3index": "873ccb4b2ffffff", "population_2015": 29153.971316812545, "total_built_mass_tons": 1866769.1958798247, "city_id": 10155, "country_iso": "MMR"}, {"h3index": "873ccb4b3ffffff", "population_2015": 50971.76215159101, "total_built_mass_tons": 3088533.768014167, "city_id": 10155, "country_iso": "MMR"}, {"h3index": "873ccb4b4ffffff", "population_2015": 20752.592137250715, "total_built_mass_tons": 1303789.4564026706, "city_id": 10155, "country_iso": "MMR"}, {"h3index": "873ccb4b5ffffff", "population_2015": 79011.89187010223, "total_built_mass_tons": 4724115.471771422, "city_id": 10155, "country_iso": "MMR"}, {"h3index": "873ccb4b6ffffff", "population_2015": 20565.349602717983, "total_built_mass_tons": 1283909.8421115405, "city_id": 10155, "country_iso": "MMR"}, {"h3index": "873ccb58bffffff", "population_2015": 3.2980326035443475, "total_built_mass_tons": 1704.2403981253472, "city_id": 10155, "country_iso": "MMR"}, {"h3index": "873ccb599ffffff", "population_2015": 20.312447087904985, "total_built_mass_tons": 4636.090896457431, "city_id": 10155, "country_iso": "MMR"}, {"h3index": "873ccb59bffffff", "population_2015": 10299.160246755566, "total_built_mass_tons": 582311.5889695273, "city_id": 10155, "country_iso": "MMR"}, {"h3index": "87649b680ffffff", "population_2015": 503.0225516562368, "total_built_mass_tons": 273512.7496167944, "city_id": 10155, "country_iso": "MMR"}, {"h3index": "87649b681ffffff", "population_2015": 368.47552861606374, "total_built_mass_tons": 70842.98440937721, "city_id": 10155, "country_iso": "MMR"}, {"h3index": "87649b682ffffff", "population_2015": 180.30697275049545, "total_built_mass_tons": 164461.28851565908, "city_id": 10155, "country_iso": "MMR"}, {"h3index": "87649b683ffffff", "population_2015": 81.37715444377824, "total_built_mass_tons": 23480.991136828383, "city_id": 10155, "country_iso": "MMR"}, {"h3index": "87649b684ffffff", "population_2015": 1296.9921601426363, "total_built_mass_tons": 308105.90281562053, "city_id": 10155, "country_iso": "MMR"}, {"h3index": "87649b685ffffff", "population_2015": 1843.7186177646415, "total_built_mass_tons": 243208.21192340823, "city_id": 10155, "country_iso": "MMR"}, {"h3index": "87649b686ffffff", "population_2015": 127.392557256362, "total_built_mass_tons": 46874.210100126824, "city_id": 10155, "country_iso": "MMR"}, {"h3index": "87649b6a0ffffff", "population_2015": 1029.9983920078653, "total_built_mass_tons": 146923.98192892811, "city_id": 10155, "country_iso": "MMR"}, {"h3index": "87649b6a1ffffff", "population_2015": 159.05791845134658, "total_built_mass_tons": 34412.27697176958, "city_id": 10155, "country_iso": "MMR"}, {"h3index": "87649b6a2ffffff", "population_2015": 1861.714874716366, "total_built_mass_tons": 351069.8250537034, "city_id": 10155, "country_iso": "MMR"}, {"h3index": "87649b6a3ffffff", "population_2015": 12393.310442314894, "total_built_mass_tons": 1331732.8535096033, "city_id": 10155, "country_iso": "MMR"}, {"h3index": "87649b6a6ffffff", "population_2015": 295.28831568699263, "total_built_mass_tons": 72556.42135345882, "city_id": 10155, "country_iso": "MMR"}, {"h3index": "87649b6aeffffff", "population_2015": 165.7107941945394, "total_built_mass_tons": 34982.34934277374, "city_id": 10155, "country_iso": "MMR"}, {"h3index": "87649b6b0ffffff", "population_2015": 6.269279644536037, "total_built_mass_tons": 25100.35952436831, "city_id": 10155, "country_iso": "MMR"}, {"h3index": "87649b6b1ffffff", "population_2015": 186.0178373074999, "total_built_mass_tons": 48333.46097278447, "city_id": 10155, "country_iso": "MMR"}, {"h3index": "87649b6b2ffffff", "population_2015": 406.3729600644579, "total_built_mass_tons": 41039.23422639901, "city_id": 10155, "country_iso": "MMR"}, {"h3index": "87649b6b3ffffff", "population_2015": 38.76347986857096, "total_built_mass_tons": 18899.676527785643, "city_id": 10155, "country_iso": "MMR"}, {"h3index": "87649b6b4ffffff", "population_2015": 9247.001606084785, "total_built_mass_tons": 1090047.944237695, "city_id": 10155, "country_iso": "MMR"}, {"h3index": "87649b6b5ffffff", "population_2015": 3991.551450018789, "total_built_mass_tons": 456085.8778542052, "city_id": 10155, "country_iso": "MMR"}, {"h3index": "87649b6b6ffffff", "population_2015": 10321.384355432849, "total_built_mass_tons": 977657.1680675852, "city_id": 10155, "country_iso": "MMR"}, {"h3index": "87649b781ffffff", "population_2015": 126.0243388082467, "total_built_mass_tons": 30741.15524846331, "city_id": 10155, "country_iso": "MMR"}, {"h3index": "87649b783ffffff", "population_2015": 74.31430906781964, "total_built_mass_tons": 29482.831115819085, "city_id": 10155, "country_iso": "MMR"}, {"h3index": "87649b788ffffff", "population_2015": 177.21552485297707, "total_built_mass_tons": 60527.658927651675, "city_id": 10155, "country_iso": "MMR"}, {"h3index": "87649b78affffff", "population_2015": 130.11830705006918, "total_built_mass_tons": 41263.869886231216, "city_id": 10155, "country_iso": "MMR"}, {"h3index": "87649b78cffffff", "population_2015": 17.695575998343674, "total_built_mass_tons": 9788.33605551894, "city_id": 10155, "country_iso": "MMR"}, {"h3index": "87649b78effffff", "population_2015": 1855.5752200294944, "total_built_mass_tons": 285630.2775896603, "city_id": 10155, "country_iso": "MMR"}, {"h3index": "87649b790ffffff", "population_2015": 91.20508084764668, "total_built_mass_tons": 43379.277693513184, "city_id": 10155, "country_iso": "MMR"}, {"h3index": "87649b791ffffff", "population_2015": 517.8011422998765, "total_built_mass_tons": 118827.51704939795, "city_id": 10155, "country_iso": "MMR"}, {"h3index": "87649b792ffffff", "population_2015": 1593.8061647265563, "total_built_mass_tons": 670459.5679272024, "city_id": 10155, "country_iso": "MMR"}, {"h3index": "87649b793ffffff", "population_2015": 6132.373336279625, "total_built_mass_tons": 1819923.6364094696, "city_id": 10155, "country_iso": "MMR"}, {"h3index": "87649b798ffffff", "population_2015": 1286.9994458067654, "total_built_mass_tons": 243138.8157604214, "city_id": 10155, "country_iso": "MMR"}, {"h3index": "87649b799ffffff", "population_2015": 434.02375850303497, "total_built_mass_tons": 95418.8761323658, "city_id": 10155, "country_iso": "MMR"}, {"h3index": "87649b79affffff", "population_2015": 1393.6330899855668, "total_built_mass_tons": 227603.4175038704, "city_id": 10155, "country_iso": "MMR"}, {"h3index": "87649b79cffffff", "population_2015": 2154.715462965124, "total_built_mass_tons": 297622.83768416254, "city_id": 10155, "country_iso": "MMR"}, {"h3index": "87649b79dffffff", "population_2015": 964.852572033452, "total_built_mass_tons": 155607.3632611317, "city_id": 10155, "country_iso": "MMR"}, {"h3index": "87649b79effffff", "population_2015": 3638.550340428072, "total_built_mass_tons": 495470.5765340939, "city_id": 10155, "country_iso": "MMR"}]