[{"h3index":"873cea0d8ffffff","population_2015":74.9020915948,"total_built_mass_tons":21342.2054973999,"city_id":10092,"country_iso":"IND"},{"h3index":"873cea0d9ffffff","population_2015":1548.8945303674,"total_built_mass_tons":227490.7888836885,"city_id":10092,"country_iso":"IND"},{"h3index":"873cea0daffffff","population_2015":652.5268320589,"total_built_mass_tons":143748.0945507458,"city_id":10092,"country_iso":"IND"},{"h3index":"873cea0dbffffff","population_2015":893.1088810491,"total_built_mass_tons":137989.3334561852,"city_id":10092,"country_iso":"IND"},{"h3index":"873cea744ffffff","population_2015":19.4780842276,"total_built_mass_tons":8617.4619940548,"city_id":10092,"country_iso":"IND"},{"h3index":"873cea760ffffff","population_2015":45.8738373065,"total_built_mass_tons":26833.8798914413,"city_id":10092,"country_iso":"IND"},{"h3index":"873cea762ffffff","population_2015":1316.4043091718,"total_built_mass_tons":325621.7548887385,"city_id":10092,"country_iso":"IND"},{"h3index":"873cea766ffffff","population_2015":3305.5455026178,"total_built_mass_tons":577172.3403468591,"city_id":10092,"country_iso":"IND"},{"h3index":"873cea770ffffff","population_2015":49.7550887725,"total_built_mass_tons":29011.3310618901,"city_id":10092,"country_iso":"IND"},{"h3index":"873cea771ffffff","population_2015":2188.1981681338,"total_built_mass_tons":879980.0945748524,"city_id":10092,"country_iso":"IND"},{"h3index":"873cea775ffffff","population_2015":1514.001875739,"total_built_mass_tons":328632.3655879112,"city_id":10092,"country_iso":"IND"}]