[{"h3index": "872621980ffffff", "population_2015": 9459.008114139237, "total_built_mass_tons": 4159752.8165318025, "city_id": 551, "country_iso": "USA"}, {"h3index": "872621981ffffff", "population_2015": 12868.97165393397, "total_built_mass_tons": 3697242.3911186913, "city_id": 551, "country_iso": "USA"}, {"h3index": "872621982ffffff", "population_2015": 2505.577946780447, "total_built_mass_tons": 3850136.713400257, "city_id": 551, "country_iso": "USA"}, {"h3index": "872621983ffffff", "population_2015": 4428.603948831313, "total_built_mass_tons": 3007445.3068059236, "city_id": 551, "country_iso": "USA"}, {"h3index": "872621984ffffff", "population_2015": 2297.0373888837057, "total_built_mass_tons": 2206996.359469775, "city_id": 551, "country_iso": "USA"}, {"h3index": "872621985ffffff", "population_2015": 3683.0787024983297, "total_built_mass_tons": 3220550.0209858837, "city_id": 551, "country_iso": "USA"}, {"h3index": "872621986ffffff", "population_2015": 2246.4287357849894, "total_built_mass_tons": 1919592.2272214624, "city_id": 551, "country_iso": "USA"}, {"h3index": "87262198cffffff", "population_2015": 848.0650232927474, "total_built_mass_tons": 224970.20514977328, "city_id": 551, "country_iso": "USA"}, {"h3index": "87262198effffff", "population_2015": 842.5114404991562, "total_built_mass_tons": 473868.431319747, "city_id": 551, "country_iso": "USA"}, {"h3index": "872621990ffffff", "population_2015": 161.17947971918713, "total_built_mass_tons": 534760.2527592278, "city_id": 551, "country_iso": "USA"}, {"h3index": "872621991ffffff", "population_2015": 943.1922117017028, "total_built_mass_tons": 2976344.949363506, "city_id": 551, "country_iso": "USA"}, {"h3index": "872621993ffffff", "population_2015": 1.3637306634848023, "total_built_mass_tons": 296287.1733191834, "city_id": 551, "country_iso": "USA"}, {"h3index": "872621994ffffff", "population_2015": 5.509390135372386, "total_built_mass_tons": 3854.1290106778865, "city_id": 551, "country_iso": "USA"}, {"h3index": "872621995ffffff", "population_2015": 2492.1540600261565, "total_built_mass_tons": 1526278.9352854954, "city_id": 551, "country_iso": "USA"}, {"h3index": "87262199cffffff", "population_2015": 3592.010103683324, "total_built_mass_tons": 2224111.2123508803, "city_id": 551, "country_iso": "USA"}, {"h3index": "87262199dffffff", "population_2015": 27.368094016757663, "total_built_mass_tons": 71566.81056265818, "city_id": 551, "country_iso": "USA"}, {"h3index": "8726219a2ffffff", "population_2015": 3829.1433897500087, "total_built_mass_tons": 1709531.817386182, "city_id": 551, "country_iso": "USA"}, {"h3index": "8726219a3ffffff", "population_2015": 1511.2877066216922, "total_built_mass_tons": 1379426.7532005524, "city_id": 551, "country_iso": "USA"}, {"h3index": "8726219aaffffff", "population_2015": 3463.8226396952764, "total_built_mass_tons": 1700598.1070115466, "city_id": 551, "country_iso": "USA"}, {"h3index": "8726219aeffffff", "population_2015": 720.769352648305, "total_built_mass_tons": 197657.45033245807, "city_id": 551, "country_iso": "USA"}, {"h3index": "8726219b0ffffff", "population_2015": 2081.215472755538, "total_built_mass_tons": 1098319.291361718, "city_id": 551, "country_iso": "USA"}, {"h3index": "8726219b1ffffff", "population_2015": 1851.884652788791, "total_built_mass_tons": 1159225.1470271675, "city_id": 551, "country_iso": "USA"}, {"h3index": "8726219b3ffffff", "population_2015": 253.36652168339376, "total_built_mass_tons": 138696.92894597095, "city_id": 551, "country_iso": "USA"}, {"h3index": "8726219b4ffffff", "population_2015": 602.3881197055181, "total_built_mass_tons": 298979.09112929896, "city_id": 551, "country_iso": "USA"}, {"h3index": "8726219b5ffffff", "population_2015": 1730.216334975789, "total_built_mass_tons": 1487069.0286230878, "city_id": 551, "country_iso": "USA"}, {"h3index": "8726219b6ffffff", "population_2015": 193.7630301036087, "total_built_mass_tons": 70178.66926631497, "city_id": 551, "country_iso": "USA"}]