[{"h3index":"874069321ffffff","population_2015":9.5924291611,"total_built_mass_tons":12369.8398539808,"city_id":10199,"country_iso":"MMR"},{"h3index":"874069328ffffff","population_2015":90.9516171474,"total_built_mass_tons":41106.6277271794,"city_id":10199,"country_iso":"MMR"},{"h3index":"87406932cffffff","population_2015":2006.4701774859,"total_built_mass_tons":400480.8998214331,"city_id":10199,"country_iso":"MMR"},{"h3index":"87406932effffff","population_2015":2623.3760998558,"total_built_mass_tons":785928.0421793389,"city_id":10199,"country_iso":"MMR"}]