[{"h3index":"874188a40ffffff","population_2015":43.396139978,"total_built_mass_tons":54278.4169822938,"city_id":11791,"country_iso":"CHN"},{"h3index":"874188a41ffffff","population_2015":187.6010953604,"total_built_mass_tons":114840.4195118232,"city_id":11791,"country_iso":"CHN"},{"h3index":"874188a45ffffff","population_2015":8210.8698625733,"total_built_mass_tons":1741147.2830101529,"city_id":11791,"country_iso":"CHN"},{"h3index":"874188a61ffffff","population_2015":30.6905267491,"total_built_mass_tons":14678.131830127,"city_id":11791,"country_iso":"CHN"},{"h3index":"874188a68ffffff","population_2015":44.7168612368,"total_built_mass_tons":71617.8671901583,"city_id":11791,"country_iso":"CHN"},{"h3index":"874188a6affffff","population_2015":395.0862894404,"total_built_mass_tons":207232.8197496621,"city_id":11791,"country_iso":"CHN"},{"h3index":"874188a6cffffff","population_2015":2348.2774709524,"total_built_mass_tons":1499755.6856391828,"city_id":11791,"country_iso":"CHN"},{"h3index":"874188a6effffff","population_2015":6333.9749846533,"total_built_mass_tons":1876178.905155512,"city_id":11791,"country_iso":"CHN"},{"h3index":"87418d682ffffff","population_2015":85.8313026166,"total_built_mass_tons":66112.0110013714,"city_id":11791,"country_iso":"CHN"},{"h3index":"87418d690ffffff","population_2015":437.6152758047,"total_built_mass_tons":341174.9474321018,"city_id":11791,"country_iso":"CHN"},{"h3index":"87418d691ffffff","population_2015":4134.2930760047,"total_built_mass_tons":1527054.311677021,"city_id":11791,"country_iso":"CHN"},{"h3index":"87418d692ffffff","population_2015":142.6186512797,"total_built_mass_tons":225342.385480542,"city_id":11791,"country_iso":"CHN"},{"h3index":"87418d693ffffff","population_2015":2831.2938650776,"total_built_mass_tons":1079860.2572928206,"city_id":11791,"country_iso":"CHN"},{"h3index":"87418d695ffffff","population_2015":700.728668254,"total_built_mass_tons":223819.3217258414,"city_id":11791,"country_iso":"CHN"},{"h3index":"87418d69cffffff","population_2015":4.1380650988,"total_built_mass_tons":9616.7699518629,"city_id":11791,"country_iso":"CHN"},{"h3index":"87418d69effffff","population_2015":113.8599988601,"total_built_mass_tons":33715.5883750267,"city_id":11791,"country_iso":"CHN"}]