[{"h3index": "8720ae808ffffff", "population_2015": 426.3630570636077, "total_built_mass_tons": 244918.7001858773, "city_id": 6065, "country_iso": "UZB"}, {"h3index": "8720ae809ffffff", "population_2015": 3996.3854103387584, "total_built_mass_tons": 2764042.4872654323, "city_id": 6065, "country_iso": "UZB"}, {"h3index": "8720ae80bffffff", "population_2015": 207.6878643503376, "total_built_mass_tons": 126249.03278725504, "city_id": 6065, "country_iso": "UZB"}, {"h3index": "8720ae80dffffff", "population_2015": 235.9231603510239, "total_built_mass_tons": 176910.59869726823, "city_id": 6065, "country_iso": "UZB"}, {"h3index": "8720ae842ffffff", "population_2015": 3015.7932038475487, "total_built_mass_tons": 2155550.0278362366, "city_id": 6065, "country_iso": "UZB"}, {"h3index": "8720ae843ffffff", "population_2015": 2.5701517965279375, "total_built_mass_tons": 3152.6497106474753, "city_id": 6065, "country_iso": "UZB"}, {"h3index": "8720ae846ffffff", "population_2015": 1294.0448381087358, "total_built_mass_tons": 999115.3552079576, "city_id": 6065, "country_iso": "UZB"}, {"h3index": "8720ae850ffffff", "population_2015": 8977.123620354892, "total_built_mass_tons": 5206076.029688787, "city_id": 6065, "country_iso": "UZB"}, {"h3index": "8720ae851ffffff", "population_2015": 7798.352819586737, "total_built_mass_tons": 4735444.195493855, "city_id": 6065, "country_iso": "UZB"}, {"h3index": "8720ae852ffffff", "population_2015": 3725.083684154584, "total_built_mass_tons": 2103741.6142278495, "city_id": 6065, "country_iso": "UZB"}, {"h3index": "8720ae853ffffff", "population_2015": 3439.9636956888103, "total_built_mass_tons": 2076619.10048022, "city_id": 6065, "country_iso": "UZB"}, {"h3index": "8720ae854ffffff", "population_2015": 6724.817606149933, "total_built_mass_tons": 4963692.004742133, "city_id": 6065, "country_iso": "UZB"}, {"h3index": "8720ae855ffffff", "population_2015": 7170.983385609646, "total_built_mass_tons": 4725899.79264487, "city_id": 6065, "country_iso": "UZB"}, {"h3index": "8720ae856ffffff", "population_2015": 5962.021387277862, "total_built_mass_tons": 3652301.807735478, "city_id": 6065, "country_iso": "UZB"}, {"h3index": "8720ae85cffffff", "population_2015": 1131.943855390362, "total_built_mass_tons": 741053.0844060645, "city_id": 6065, "country_iso": "UZB"}, {"h3index": "8720ae85effffff", "population_2015": 575.0615286210003, "total_built_mass_tons": 326158.3723170024, "city_id": 6065, "country_iso": "UZB"}, {"h3index": "8720ae870ffffff", "population_2015": 87.69147243499758, "total_built_mass_tons": 75010.92968922532, "city_id": 6065, "country_iso": "UZB"}, {"h3index": "8720ae871ffffff", "population_2015": 1773.6758292216875, "total_built_mass_tons": 1477604.9917631391, "city_id": 6065, "country_iso": "UZB"}, {"h3index": "8720ae872ffffff", "population_2015": 305.8318805900275, "total_built_mass_tons": 204723.02171530057, "city_id": 6065, "country_iso": "UZB"}, {"h3index": "8720ae873ffffff", "population_2015": 3070.48208474552, "total_built_mass_tons": 2113698.018323158, "city_id": 6065, "country_iso": "UZB"}, {"h3index": "8720ae8e1ffffff", "population_2015": 11.19922613256118, "total_built_mass_tons": 5795.511794553285, "city_id": 6065, "country_iso": "UZB"}, {"h3index": "8720ae8e5ffffff", "population_2015": 674.7807724373013, "total_built_mass_tons": 316490.6104127636, "city_id": 6065, "country_iso": "UZB"}]