[{"h3index":"873cdb321ffffff","population_2015":318.0446885576,"total_built_mass_tons":222812.149395219,"city_id":10143,"country_iso":"MMR"},{"h3index":"873cdb325ffffff","population_2015":7733.0847967858,"total_built_mass_tons":1231749.448034327,"city_id":10143,"country_iso":"MMR"},{"h3index":"873cdba8bffffff","population_2015":696.0850114561,"total_built_mass_tons":81787.998883126,"city_id":10143,"country_iso":"MMR"},{"h3index":"873cdbad2ffffff","population_2015":4124.6938269671,"total_built_mass_tons":1254786.3078828745,"city_id":10143,"country_iso":"MMR"},{"h3index":"873cdbad6ffffff","population_2015":265.6581744475,"total_built_mass_tons":130777.7795119044,"city_id":10143,"country_iso":"MMR"}]