[{"h3index": "87a8c2481ffffff", "population_2015": 30521.81626369208, "total_built_mass_tons": 2318751.1485569803, "city_id": 1221, "country_iso": "BRA"}, {"h3index": "87a8c2483ffffff", "population_2015": 20490.579572185034, "total_built_mass_tons": 1524274.223385651, "city_id": 1221, "country_iso": "BRA"}, {"h3index": "87a8c2485ffffff", "population_2015": 3658.634730495834, "total_built_mass_tons": 268885.9288375384, "city_id": 1221, "country_iso": "BRA"}, {"h3index": "87a8c248affffff", "population_2015": 1.4075854294440326, "total_built_mass_tons": 9204.694985746492, "city_id": 1221, "country_iso": "BRA"}, {"h3index": "87a8c248cffffff", "population_2015": 161.40500093254389, "total_built_mass_tons": 61795.40229245056, "city_id": 1221, "country_iso": "BRA"}, {"h3index": "87a8c248effffff", "population_2015": 2917.9051628306793, "total_built_mass_tons": 731738.591483226, "city_id": 1221, "country_iso": "BRA"}, {"h3index": "87a8c2498ffffff", "population_2015": 6494.200143902881, "total_built_mass_tons": 833065.7405430054, "city_id": 1221, "country_iso": "BRA"}, {"h3index": "87a8c2499ffffff", "population_2015": 29938.83819994307, "total_built_mass_tons": 2517888.864035844, "city_id": 1221, "country_iso": "BRA"}, {"h3index": "87a8c249affffff", "population_2015": 98.0939887458203, "total_built_mass_tons": 114812.90195242158, "city_id": 1221, "country_iso": "BRA"}, {"h3index": "87a8c249bffffff", "population_2015": 4493.438014201206, "total_built_mass_tons": 781628.6987223938, "city_id": 1221, "country_iso": "BRA"}, {"h3index": "87a8c249cffffff", "population_2015": 140.46678980846033, "total_built_mass_tons": 155302.07780773292, "city_id": 1221, "country_iso": "BRA"}, {"h3index": "87a8c249dffffff", "population_2015": 4093.4767295304455, "total_built_mass_tons": 2088657.0840318124, "city_id": 1221, "country_iso": "BRA"}, {"h3index": "87a8c24aaffffff", "population_2015": 3424.3019396296495, "total_built_mass_tons": 682045.474278712, "city_id": 1221, "country_iso": "BRA"}, {"h3index": "87a8d1869ffffff", "population_2015": 842.942805839987, "total_built_mass_tons": 232222.7692150914, "city_id": 1221, "country_iso": "BRA"}, {"h3index": "87a8d1b04ffffff", "population_2015": 3492.007322460297, "total_built_mass_tons": 152857.0805846322, "city_id": 1221, "country_iso": "BRA"}, {"h3index": "87a8d1b20ffffff", "population_2015": 829.6564925090937, "total_built_mass_tons": 278984.0581230879, "city_id": 1221, "country_iso": "BRA"}, {"h3index": "87a8d1b22ffffff", "population_2015": 6194.214686683113, "total_built_mass_tons": 949120.4275882487, "city_id": 1221, "country_iso": "BRA"}, {"h3index": "87a8d1b24ffffff", "population_2015": 1450.493987719101, "total_built_mass_tons": 157700.58913504792, "city_id": 1221, "country_iso": "BRA"}, {"h3index": "87a8d1b26ffffff", "population_2015": 37594.78397145592, "total_built_mass_tons": 2368041.1796768364, "city_id": 1221, "country_iso": "BRA"}, {"h3index": "87a8d1b30ffffff", "population_2015": 40.95499482809328, "total_built_mass_tons": 28433.415103819963, "city_id": 1221, "country_iso": "BRA"}, {"h3index": "87a8d1b31ffffff", "population_2015": 5606.3878658640615, "total_built_mass_tons": 635724.6046296606, "city_id": 1221, "country_iso": "BRA"}, {"h3index": "87a8d1b34ffffff", "population_2015": 3796.3220861182494, "total_built_mass_tons": 986345.9871304767, "city_id": 1221, "country_iso": "BRA"}, {"h3index": "87a8d1b35ffffff", "population_2015": 3996.2120858678622, "total_built_mass_tons": 1132955.5876499005, "city_id": 1221, "country_iso": "BRA"}, {"h3index": "87a8d1b36ffffff", "population_2015": 4.633111246894388, "total_built_mass_tons": 2949.4092586223087, "city_id": 1221, "country_iso": "BRA"}]