[{"h3index": "87662cb21ffffff", "population_2015": 2362.879638533499, "total_built_mass_tons": 1005300.4651641422, "city_id": 726, "country_iso": "VEN"}, {"h3index": "87662cb24ffffff", "population_2015": 2902.476793304144, "total_built_mass_tons": 589337.3300478428, "city_id": 726, "country_iso": "VEN"}, {"h3index": "87662cb25ffffff", "population_2015": 3242.325392037747, "total_built_mass_tons": 677056.9660107499, "city_id": 726, "country_iso": "VEN"}, {"h3index": "87662cb2cffffff", "population_2015": 909.696100141488, "total_built_mass_tons": 482763.7200762767, "city_id": 726, "country_iso": "VEN"}, {"h3index": "876753480ffffff", "population_2015": 7488.466608690748, "total_built_mass_tons": 1652457.4382359155, "city_id": 726, "country_iso": "VEN"}, {"h3index": "876753481ffffff", "population_2015": 8828.551946198706, "total_built_mass_tons": 1495976.2678545157, "city_id": 726, "country_iso": "VEN"}, {"h3index": "876753482ffffff", "population_2015": 14465.393644916305, "total_built_mass_tons": 3287127.4327222193, "city_id": 726, "country_iso": "VEN"}, {"h3index": "876753483ffffff", "population_2015": 15481.180828849949, "total_built_mass_tons": 3836859.5400798135, "city_id": 726, "country_iso": "VEN"}, {"h3index": "876753485ffffff", "population_2015": 663.7796528086941, "total_built_mass_tons": 103935.75170101332, "city_id": 726, "country_iso": "VEN"}, {"h3index": "876753486ffffff", "population_2015": 2721.5764926686006, "total_built_mass_tons": 552863.0070211957, "city_id": 726, "country_iso": "VEN"}, {"h3index": "876753488ffffff", "population_2015": 338.0950661004759, "total_built_mass_tons": 69747.5381333966, "city_id": 726, "country_iso": "VEN"}, {"h3index": "87675348affffff", "population_2015": 13631.754152634569, "total_built_mass_tons": 3567036.076061883, "city_id": 726, "country_iso": "VEN"}, {"h3index": "87675348bffffff", "population_2015": 727.3124330819822, "total_built_mass_tons": 191793.820854256, "city_id": 726, "country_iso": "VEN"}, {"h3index": "87675348cffffff", "population_2015": 132.22845143336878, "total_built_mass_tons": 33914.87308908113, "city_id": 726, "country_iso": "VEN"}, {"h3index": "87675348effffff", "population_2015": 12069.198020770502, "total_built_mass_tons": 2677512.0123507204, "city_id": 726, "country_iso": "VEN"}, {"h3index": "876753491ffffff", "population_2015": 1710.49634178012, "total_built_mass_tons": 333305.75842764694, "city_id": 726, "country_iso": "VEN"}, {"h3index": "876753495ffffff", "population_2015": 196.31328150431312, "total_built_mass_tons": 27526.950936371668, "city_id": 726, "country_iso": "VEN"}, {"h3index": "876753498ffffff", "population_2015": 2121.8726676417327, "total_built_mass_tons": 384525.87509948015, "city_id": 726, "country_iso": "VEN"}, {"h3index": "876753499ffffff", "population_2015": 2268.377953121709, "total_built_mass_tons": 451784.89817940816, "city_id": 726, "country_iso": "VEN"}, {"h3index": "87675349cffffff", "population_2015": 15963.275283544208, "total_built_mass_tons": 3555529.02517806, "city_id": 726, "country_iso": "VEN"}, {"h3index": "87675349dffffff", "population_2015": 15420.307269840612, "total_built_mass_tons": 3063031.4496422647, "city_id": 726, "country_iso": "VEN"}, {"h3index": "87675349effffff", "population_2015": 1403.9014844109029, "total_built_mass_tons": 262817.6614452834, "city_id": 726, "country_iso": "VEN"}, {"h3index": "8767534aaffffff", "population_2015": 456.8708160549987, "total_built_mass_tons": 77703.06386929473, "city_id": 726, "country_iso": "VEN"}, {"h3index": "8767534d2ffffff", "population_2015": 223.81651648353125, "total_built_mass_tons": 105639.40658470908, "city_id": 726, "country_iso": "VEN"}]