[{"h3index": "8711aa000ffffff", "population_2015": 8836.929214227903, "total_built_mass_tons": 1682426.662734672, "city_id": 3657, "country_iso": "RUS"}, {"h3index": "8711aa001ffffff", "population_2015": 3393.23171227025, "total_built_mass_tons": 1078908.0920126252, "city_id": 3657, "country_iso": "RUS"}, {"h3index": "8711aa002ffffff", "population_2015": 49165.50722632128, "total_built_mass_tons": 5542467.494238871, "city_id": 3657, "country_iso": "RUS"}, {"h3index": "8711aa003ffffff", "population_2015": 15907.93482281554, "total_built_mass_tons": 2427667.992481081, "city_id": 3657, "country_iso": "RUS"}, {"h3index": "8711aa004ffffff", "population_2015": 618.186309553595, "total_built_mass_tons": 590011.463803026, "city_id": 3657, "country_iso": "RUS"}, {"h3index": "8711aa005ffffff", "population_2015": 489.9724496196298, "total_built_mass_tons": 243518.31771613023, "city_id": 3657, "country_iso": "RUS"}, {"h3index": "8711aa006ffffff", "population_2015": 2192.9072272197877, "total_built_mass_tons": 1881722.9153577965, "city_id": 3657, "country_iso": "RUS"}, {"h3index": "8711aa00affffff", "population_2015": 86.51616905062806, "total_built_mass_tons": 111956.16645133542, "city_id": 3657, "country_iso": "RUS"}, {"h3index": "8711aa00effffff", "population_2015": 12385.268052684556, "total_built_mass_tons": 2416589.1313869357, "city_id": 3657, "country_iso": "RUS"}, {"h3index": "8711aa011ffffff", "population_2015": 6302.792950381483, "total_built_mass_tons": 1149874.361972946, "city_id": 3657, "country_iso": "RUS"}, {"h3index": "8711aa015ffffff", "population_2015": 1189.675122031044, "total_built_mass_tons": 380714.30654374114, "city_id": 3657, "country_iso": "RUS"}, {"h3index": "8711aa018ffffff", "population_2015": 3758.421711386886, "total_built_mass_tons": 953815.4496127914, "city_id": 3657, "country_iso": "RUS"}, {"h3index": "8711aa019ffffff", "population_2015": 2330.2771080465873, "total_built_mass_tons": 679587.184712891, "city_id": 3657, "country_iso": "RUS"}, {"h3index": "8711aa01bffffff", "population_2015": 2493.662598771675, "total_built_mass_tons": 906521.510276138, "city_id": 3657, "country_iso": "RUS"}, {"h3index": "8711aa01cffffff", "population_2015": 20360.52917785574, "total_built_mass_tons": 2477011.2240433353, "city_id": 3657, "country_iso": "RUS"}, {"h3index": "8711aa01dffffff", "population_2015": 17657.130113436193, "total_built_mass_tons": 2583348.903697136, "city_id": 3657, "country_iso": "RUS"}, {"h3index": "8711aa01effffff", "population_2015": 1362.9195735978144, "total_built_mass_tons": 237403.3582429106, "city_id": 3657, "country_iso": "RUS"}, {"h3index": "8711aa023ffffff", "population_2015": 2.1229956327700146, "total_built_mass_tons": 3875.660538936203, "city_id": 3657, "country_iso": "RUS"}]