[{"h3index": "872a10801ffffff", "population_2015": 1036.495201884933, "total_built_mass_tons": 1127786.9793483915, "city_id": 970, "country_iso": "USA"}, {"h3index": "872a10802ffffff", "population_2015": 7378.600439451255, "total_built_mass_tons": 2840694.9025591267, "city_id": 970, "country_iso": "USA"}, {"h3index": "872a10803ffffff", "population_2015": 2693.678634794844, "total_built_mass_tons": 1767053.5482624325, "city_id": 970, "country_iso": "USA"}, {"h3index": "872a1080effffff", "population_2015": 308.2219497012157, "total_built_mass_tons": 459508.4448797455, "city_id": 970, "country_iso": "USA"}, {"h3index": "872a10810ffffff", "population_2015": 155.9093044654996, "total_built_mass_tons": 106602.96993224502, "city_id": 970, "country_iso": "USA"}, {"h3index": "872a10811ffffff", "population_2015": 9071.99174733863, "total_built_mass_tons": 2462721.583167585, "city_id": 970, "country_iso": "USA"}, {"h3index": "872a10814ffffff", "population_2015": 12.94436146137761, "total_built_mass_tons": 42787.831391243104, "city_id": 970, "country_iso": "USA"}, {"h3index": "872a10815ffffff", "population_2015": 2141.1779230502893, "total_built_mass_tons": 1551241.2038559262, "city_id": 970, "country_iso": "USA"}, {"h3index": "872a10818ffffff", "population_2015": 12883.782330966931, "total_built_mass_tons": 3734761.925076612, "city_id": 970, "country_iso": "USA"}, {"h3index": "872a10819ffffff", "population_2015": 254.21405061052425, "total_built_mass_tons": 402484.1656823766, "city_id": 970, "country_iso": "USA"}, {"h3index": "872a1081affffff", "population_2015": 1412.9113257550723, "total_built_mass_tons": 1412596.3100424118, "city_id": 970, "country_iso": "USA"}, {"h3index": "872a1081bffffff", "population_2015": 40.37442344403734, "total_built_mass_tons": 33144.882297142525, "city_id": 970, "country_iso": "USA"}, {"h3index": "872a1081cffffff", "population_2015": 10956.005952298648, "total_built_mass_tons": 3918623.651629432, "city_id": 970, "country_iso": "USA"}, {"h3index": "872a1081dffffff", "population_2015": 2649.9600358695116, "total_built_mass_tons": 1584177.1248598455, "city_id": 970, "country_iso": "USA"}, {"h3index": "872a1081effffff", "population_2015": 6238.084719180272, "total_built_mass_tons": 1776096.196352643, "city_id": 970, "country_iso": "USA"}]