[{"h3index": "8714b41a6ffffff", "population_2015": 82.70032860812019, "total_built_mass_tons": 158877.91741444275, "city_id": 10374, "country_iso": "CHN"}, {"h3index": "8714b41b0ffffff", "population_2015": 96.4672843166426, "total_built_mass_tons": 267188.3139847358, "city_id": 10374, "country_iso": "CHN"}, {"h3index": "8714b41b4ffffff", "population_2015": 8113.300201353138, "total_built_mass_tons": 5373161.211941039, "city_id": 10374, "country_iso": "CHN"}, {"h3index": "8714b41b5ffffff", "population_2015": 693.3968078594581, "total_built_mass_tons": 621470.8676559929, "city_id": 10374, "country_iso": "CHN"}, {"h3index": "8714b41b6ffffff", "population_2015": 398.47959756290214, "total_built_mass_tons": 1024640.0982602846, "city_id": 10374, "country_iso": "CHN"}, {"h3index": "8714b4c4affffff", "population_2015": 1680.7801175407333, "total_built_mass_tons": 647116.4327057058, "city_id": 10374, "country_iso": "CHN"}, {"h3index": "8714b4c58ffffff", "population_2015": 11840.598743040426, "total_built_mass_tons": 4312510.064150877, "city_id": 10374, "country_iso": "CHN"}, {"h3index": "8714b4c59ffffff", "population_2015": 11477.145032841549, "total_built_mass_tons": 2927589.48524478, "city_id": 10374, "country_iso": "CHN"}, {"h3index": "8714b4c5affffff", "population_2015": 6148.321974434572, "total_built_mass_tons": 2339725.7731552534, "city_id": 10374, "country_iso": "CHN"}, {"h3index": "8714b4c5bffffff", "population_2015": 34063.381899420405, "total_built_mass_tons": 7749059.466664173, "city_id": 10374, "country_iso": "CHN"}, {"h3index": "8714b4c5cffffff", "population_2015": 122.31410885231168, "total_built_mass_tons": 60863.19963297715, "city_id": 10374, "country_iso": "CHN"}, {"h3index": "8714b4c5dffffff", "population_2015": 1937.5724948389852, "total_built_mass_tons": 431607.0201948783, "city_id": 10374, "country_iso": "CHN"}, {"h3index": "8714b4c5effffff", "population_2015": 574.9223532314394, "total_built_mass_tons": 650979.5190421158, "city_id": 10374, "country_iso": "CHN"}, {"h3index": "8714b4ce9ffffff", "population_2015": 320.0524188488138, "total_built_mass_tons": 1023318.0084009428, "city_id": 10374, "country_iso": "CHN"}]