[{"h3index": "8730e3104ffffff", "population_2015": 233.77974990769928, "total_built_mass_tons": 66659.44234079956, "city_id": 12492, "country_iso": "KOR"}, {"h3index": "8730e3120ffffff", "population_2015": 787.1520899772645, "total_built_mass_tons": 327178.59243069385, "city_id": 12492, "country_iso": "KOR"}, {"h3index": "8730e3121ffffff", "population_2015": 3.5899010097279267, "total_built_mass_tons": 18344.309197542578, "city_id": 12492, "country_iso": "KOR"}, {"h3index": "8730e3122ffffff", "population_2015": 7224.195490291073, "total_built_mass_tons": 1493042.1327647527, "city_id": 12492, "country_iso": "KOR"}, {"h3index": "8730e3124ffffff", "population_2015": 20411.30200065164, "total_built_mass_tons": 2750789.487864018, "city_id": 12492, "country_iso": "KOR"}, {"h3index": "8730e3125ffffff", "population_2015": 921.6196609758864, "total_built_mass_tons": 403321.01723561937, "city_id": 12492, "country_iso": "KOR"}, {"h3index": "8730e3126ffffff", "population_2015": 33348.994936759795, "total_built_mass_tons": 3459235.2645123983, "city_id": 12492, "country_iso": "KOR"}, {"h3index": "8730e3130ffffff", "population_2015": 4641.010743586223, "total_built_mass_tons": 1471280.5229363877, "city_id": 12492, "country_iso": "KOR"}, {"h3index": "8730e3131ffffff", "population_2015": 2548.2258346856806, "total_built_mass_tons": 1017785.9303485675, "city_id": 12492, "country_iso": "KOR"}, {"h3index": "8730e3134ffffff", "population_2015": 10409.836719071633, "total_built_mass_tons": 2894982.01204633, "city_id": 12492, "country_iso": "KOR"}, {"h3index": "8730e3135ffffff", "population_2015": 8642.373666651109, "total_built_mass_tons": 1832554.2740899303, "city_id": 12492, "country_iso": "KOR"}, {"h3index": "8730e3136ffffff", "population_2015": 25.119934225082396, "total_built_mass_tons": 107638.3037081899, "city_id": 12492, "country_iso": "KOR"}, {"h3index": "8730e3880ffffff", "population_2015": 1.0507212881948431, "total_built_mass_tons": 5372.320961631138, "city_id": 12492, "country_iso": "KOR"}, {"h3index": "8730e3881ffffff", "population_2015": 7517.660247417523, "total_built_mass_tons": 2204985.0046480056, "city_id": 12492, "country_iso": "KOR"}, {"h3index": "8730e3882ffffff", "population_2015": 101.69442366057751, "total_built_mass_tons": 67060.3870763689, "city_id": 12492, "country_iso": "KOR"}, {"h3index": "8730e3883ffffff", "population_2015": 7851.47069304597, "total_built_mass_tons": 2290768.2972845896, "city_id": 12492, "country_iso": "KOR"}, {"h3index": "8730e3885ffffff", "population_2015": 92.10552371716966, "total_built_mass_tons": 87775.03055882643, "city_id": 12492, "country_iso": "KOR"}, {"h3index": "8730e3888ffffff", "population_2015": 1305.9714248208438, "total_built_mass_tons": 496357.3748875279, "city_id": 12492, "country_iso": "KOR"}, {"h3index": "8730e3889ffffff", "population_2015": 886.5049286692749, "total_built_mass_tons": 343605.3621538518, "city_id": 12492, "country_iso": "KOR"}, {"h3index": "8730e388affffff", "population_2015": 25179.845891623405, "total_built_mass_tons": 4126812.732290703, "city_id": 12492, "country_iso": "KOR"}, {"h3index": "8730e388bffffff", "population_2015": 3619.1406912410953, "total_built_mass_tons": 707244.3418689468, "city_id": 12492, "country_iso": "KOR"}, {"h3index": "8730e388cffffff", "population_2015": 1043.2406279115116, "total_built_mass_tons": 503064.33277925965, "city_id": 12492, "country_iso": "KOR"}, {"h3index": "8730e388dffffff", "population_2015": 396.3384622611252, "total_built_mass_tons": 382881.8756158231, "city_id": 12492, "country_iso": "KOR"}, {"h3index": "8730e388effffff", "population_2015": 4313.512628764732, "total_built_mass_tons": 1061131.906176961, "city_id": 12492, "country_iso": "KOR"}, {"h3index": "8730e3898ffffff", "population_2015": 8318.11741144891, "total_built_mass_tons": 2146850.542684825, "city_id": 12492, "country_iso": "KOR"}, {"h3index": "8730e3899ffffff", "population_2015": 29642.77965592029, "total_built_mass_tons": 4015756.430229025, "city_id": 12492, "country_iso": "KOR"}, {"h3index": "8730e389affffff", "population_2015": 10351.50956917557, "total_built_mass_tons": 2377460.7893694257, "city_id": 12492, "country_iso": "KOR"}, {"h3index": "8730e389bffffff", "population_2015": 29024.87832916859, "total_built_mass_tons": 4366359.361027319, "city_id": 12492, "country_iso": "KOR"}, {"h3index": "8730e389cffffff", "population_2015": 2220.6980843562706, "total_built_mass_tons": 706738.8068954482, "city_id": 12492, "country_iso": "KOR"}, {"h3index": "8730e389dffffff", "population_2015": 16745.682358700622, "total_built_mass_tons": 4266791.589881396, "city_id": 12492, "country_iso": "KOR"}, {"h3index": "8730e389effffff", "population_2015": 245.3504342771044, "total_built_mass_tons": 175509.9630144907, "city_id": 12492, "country_iso": "KOR"}, {"h3index": "8730e38a9ffffff", "population_2015": 106.89341467689066, "total_built_mass_tons": 76730.08988282726, "city_id": 12492, "country_iso": "KOR"}, {"h3index": "8730e38aaffffff", "population_2015": 979.7268259665544, "total_built_mass_tons": 517651.1325412101, "city_id": 12492, "country_iso": "KOR"}, {"h3index": "8730e38abffffff", "population_2015": 2392.4741375848357, "total_built_mass_tons": 1056960.7590612045, "city_id": 12492, "country_iso": "KOR"}, {"h3index": "8730e38d4ffffff", "population_2015": 272.1967230535021, "total_built_mass_tons": 180624.97968258997, "city_id": 12492, "country_iso": "KOR"}, {"h3index": "8730e38d6ffffff", "population_2015": 236.99885695214363, "total_built_mass_tons": 119418.14406886142, "city_id": 12492, "country_iso": "KOR"}, {"h3index": "8730e38f0ffffff", "population_2015": 673.1699164072671, "total_built_mass_tons": 409875.8210523717, "city_id": 12492, "country_iso": "KOR"}, {"h3index": "8730e38f1ffffff", "population_2015": 490.6954059189441, "total_built_mass_tons": 221579.38334762893, "city_id": 12492, "country_iso": "KOR"}, {"h3index": "8730e38f2ffffff", "population_2015": 320.28937227585743, "total_built_mass_tons": 229764.14898640508, "city_id": 12492, "country_iso": "KOR"}, {"h3index": "8730e38f3ffffff", "population_2015": 2778.760877411038, "total_built_mass_tons": 1303262.9374587594, "city_id": 12492, "country_iso": "KOR"}, {"h3index": "8730e38f4ffffff", "population_2015": 53.055422614602485, "total_built_mass_tons": 33692.13247982796, "city_id": 12492, "country_iso": "KOR"}, {"h3index": "8730e38f5ffffff", "population_2015": 86.24745093887928, "total_built_mass_tons": 65258.54786951827, "city_id": 12492, "country_iso": "KOR"}, {"h3index": "8730e38f6ffffff", "population_2015": 293.9195132489298, "total_built_mass_tons": 277246.9134925777, "city_id": 12492, "country_iso": "KOR"}, {"h3index": "8730e3c68ffffff", "population_2015": 5222.792139935961, "total_built_mass_tons": 1542236.776077964, "city_id": 12492, "country_iso": "KOR"}, {"h3index": "8730e3c69ffffff", "population_2015": 1959.1114898532044, "total_built_mass_tons": 732612.0286095962, "city_id": 12492, "country_iso": "KOR"}, {"h3index": "8730e3c6cffffff", "population_2015": 497.30068942051304, "total_built_mass_tons": 133893.7382383299, "city_id": 12492, "country_iso": "KOR"}, {"h3index": "8730e3c6dffffff", "population_2015": 1219.8931885289212, "total_built_mass_tons": 581250.87092748, "city_id": 12492, "country_iso": "KOR"}, {"h3index": "8730e3c6effffff", "population_2015": 3410.3961646827997, "total_built_mass_tons": 1040418.3890166512, "city_id": 12492, "country_iso": "KOR"}]