[{"h3index":"873cf509affffff","population_2015":18.8208480947,"total_built_mass_tons":38962.9477110793,"city_id":9754,"country_iso":"BGD"},{"h3index":"873cf5468ffffff","population_2015":5919.7196750641,"total_built_mass_tons":624383.3694147867,"city_id":9754,"country_iso":"BGD"},{"h3index":"873cf5469ffffff","population_2015":345.7730331421,"total_built_mass_tons":98141.448837322,"city_id":9754,"country_iso":"BGD"},{"h3index":"873cf546cffffff","population_2015":31.8011417389,"total_built_mass_tons":32021.5113404654,"city_id":9754,"country_iso":"BGD"},{"h3index":"873cf546dffffff","population_2015":28.0052961237,"total_built_mass_tons":64680.3680247246,"city_id":9754,"country_iso":"BGD"},{"h3index":"873cf5734ffffff","population_2015":7.396044316,"total_built_mass_tons":25663.5488383696,"city_id":9754,"country_iso":"BGD"}]