[{"h3index": "87386a089ffffff", "population_2015": 3693.2679002574846, "total_built_mass_tons": 1159303.2237522127, "city_id": 2816, "country_iso": "TUN"}, {"h3index": "87386a08dffffff", "population_2015": 146.54066853476505, "total_built_mass_tons": 44990.699039086096, "city_id": 2816, "country_iso": "TUN"}, {"h3index": "87386a0c2ffffff", "population_2015": 6711.808737728642, "total_built_mass_tons": 2216003.509085634, "city_id": 2816, "country_iso": "TUN"}, {"h3index": "87386a0c6ffffff", "population_2015": 4368.026977688659, "total_built_mass_tons": 1501090.3970587128, "city_id": 2816, "country_iso": "TUN"}, {"h3index": "87386a0d0ffffff", "population_2015": 288.3581745297301, "total_built_mass_tons": 103571.96042503847, "city_id": 2816, "country_iso": "TUN"}, {"h3index": "87386a0d1ffffff", "population_2015": 24285.76429488612, "total_built_mass_tons": 4553537.303631278, "city_id": 2816, "country_iso": "TUN"}, {"h3index": "87386a0d2ffffff", "population_2015": 4633.034076937507, "total_built_mass_tons": 1358011.0651403808, "city_id": 2816, "country_iso": "TUN"}, {"h3index": "87386a0d3ffffff", "population_2015": 7986.426732807534, "total_built_mass_tons": 1585471.6237110684, "city_id": 2816, "country_iso": "TUN"}, {"h3index": "87386a0d4ffffff", "population_2015": 8774.84388855953, "total_built_mass_tons": 2461174.695214344, "city_id": 2816, "country_iso": "TUN"}, {"h3index": "87386a0d5ffffff", "population_2015": 8902.927083396911, "total_built_mass_tons": 3184910.199185106, "city_id": 2816, "country_iso": "TUN"}, {"h3index": "87386a0d8ffffff", "population_2015": 23738.859976443135, "total_built_mass_tons": 4028868.166794068, "city_id": 2816, "country_iso": "TUN"}, {"h3index": "87386a0daffffff", "population_2015": 37426.52437986486, "total_built_mass_tons": 5270024.756296812, "city_id": 2816, "country_iso": "TUN"}, {"h3index": "87386a0dbffffff", "population_2015": 12594.97867310842, "total_built_mass_tons": 2242721.926582295, "city_id": 2816, "country_iso": "TUN"}, {"h3index": "87386a0dcffffff", "population_2015": 15875.42425122728, "total_built_mass_tons": 3141798.68942497, "city_id": 2816, "country_iso": "TUN"}, {"h3index": "87386a0deffffff", "population_2015": 26150.922051358695, "total_built_mass_tons": 3985567.594948901, "city_id": 2816, "country_iso": "TUN"}, {"h3index": "87386a0f0ffffff", "population_2015": 372.6526984644871, "total_built_mass_tons": 196260.93907813344, "city_id": 2816, "country_iso": "TUN"}, {"h3index": "87386a0f2ffffff", "population_2015": 3486.531595461976, "total_built_mass_tons": 925551.7491607516, "city_id": 2816, "country_iso": "TUN"}, {"h3index": "87386a0f3ffffff", "population_2015": 556.1704736672197, "total_built_mass_tons": 201701.52733009233, "city_id": 2816, "country_iso": "TUN"}, {"h3index": "87386a721ffffff", "population_2015": 74.63270414576812, "total_built_mass_tons": 32276.680071517178, "city_id": 2816, "country_iso": "TUN"}, {"h3index": "87386a728ffffff", "population_2015": 2743.629284851225, "total_built_mass_tons": 1388394.5777426655, "city_id": 2816, "country_iso": "TUN"}, {"h3index": "87386a729ffffff", "population_2015": 14086.72021572637, "total_built_mass_tons": 2337531.508174193, "city_id": 2816, "country_iso": "TUN"}, {"h3index": "87386a72cffffff", "population_2015": 2724.9503904099556, "total_built_mass_tons": 766376.6045644621, "city_id": 2816, "country_iso": "TUN"}, {"h3index": "87386a72dffffff", "population_2015": 13107.773799079072, "total_built_mass_tons": 1482751.6438023224, "city_id": 2816, "country_iso": "TUN"}, {"h3index": "87386a770ffffff", "population_2015": 5.412393885967778, "total_built_mass_tons": 4218.997411345737, "city_id": 2816, "country_iso": "TUN"}, {"h3index": "87386a771ffffff", "population_2015": 929.87817549612, "total_built_mass_tons": 225411.31911587616, "city_id": 2816, "country_iso": "TUN"}, {"h3index": "87386a774ffffff", "population_2015": 8085.398476624956, "total_built_mass_tons": 2651492.852940616, "city_id": 2816, "country_iso": "TUN"}, {"h3index": "87386a775ffffff", "population_2015": 8555.14169583788, "total_built_mass_tons": 1660307.609075164, "city_id": 2816, "country_iso": "TUN"}, {"h3index": "87386a776ffffff", "population_2015": 3331.000879085765, "total_built_mass_tons": 1290478.8070318648, "city_id": 2816, "country_iso": "TUN"}]