[{"h3index": "871f542a4ffffff", "population_2015": 70.757928573384, "total_built_mass_tons": 65069.77616538246, "city_id": 3179, "country_iso": "POL"}, {"h3index": "871f542a6ffffff", "population_2015": 2250.547203761456, "total_built_mass_tons": 982635.8304760644, "city_id": 3179, "country_iso": "POL"}, {"h3index": "871f542b0ffffff", "population_2015": 8959.445361900327, "total_built_mass_tons": 2491218.675922442, "city_id": 3179, "country_iso": "POL"}, {"h3index": "871f542b2ffffff", "population_2015": 34.38835476146025, "total_built_mass_tons": 25215.98937449375, "city_id": 3179, "country_iso": "POL"}, {"h3index": "871f542b4ffffff", "population_2015": 8211.456621392568, "total_built_mass_tons": 2366251.957488857, "city_id": 3179, "country_iso": "POL"}, {"h3index": "871f542b5ffffff", "population_2015": 352.843678036858, "total_built_mass_tons": 149252.10988211195, "city_id": 3179, "country_iso": "POL"}, {"h3index": "871f542b6ffffff", "population_2015": 2368.425526061713, "total_built_mass_tons": 795733.651476322, "city_id": 3179, "country_iso": "POL"}, {"h3index": "871f5438affffff", "population_2015": 6.814282596812529, "total_built_mass_tons": 9174.628389000649, "city_id": 3179, "country_iso": "POL"}, {"h3index": "871f54398ffffff", "population_2015": 17020.285286832324, "total_built_mass_tons": 4760831.383140981, "city_id": 3179, "country_iso": "POL"}, {"h3index": "871f54399ffffff", "population_2015": 10831.07204436134, "total_built_mass_tons": 2901334.466479238, "city_id": 3179, "country_iso": "POL"}, {"h3index": "871f5439affffff", "population_2015": 14023.38616055507, "total_built_mass_tons": 3190197.1610779087, "city_id": 3179, "country_iso": "POL"}, {"h3index": "871f5439bffffff", "population_2015": 21165.133434927695, "total_built_mass_tons": 4686134.308665317, "city_id": 3179, "country_iso": "POL"}, {"h3index": "871f5439dffffff", "population_2015": 118.6911662457036, "total_built_mass_tons": 68824.80004681199, "city_id": 3179, "country_iso": "POL"}, {"h3index": "871f5439effffff", "population_2015": 1552.3698827219944, "total_built_mass_tons": 602266.4337737164, "city_id": 3179, "country_iso": "POL"}, {"h3index": "871f54768ffffff", "population_2015": 279.5341583308052, "total_built_mass_tons": 164810.1030078347, "city_id": 3179, "country_iso": "POL"}, {"h3index": "871f54769ffffff", "population_2015": 2210.4521327860216, "total_built_mass_tons": 743022.1919761747, "city_id": 3179, "country_iso": "POL"}, {"h3index": "871f5476dffffff", "population_2015": 2966.853950870738, "total_built_mass_tons": 1062066.543681933, "city_id": 3179, "country_iso": "POL"}]