[{"h3index":"87bcc6290ffffff","population_2015":3176.622074202,"total_built_mass_tons":297575.3821660215,"city_id":3764,"country_iso":"ZAF"},{"h3index":"87bcc6292ffffff","population_2015":13027.1307099328,"total_built_mass_tons":1653267.7194047282,"city_id":3764,"country_iso":"ZAF"},{"h3index":"87bcc6293ffffff","population_2015":3893.2417006025,"total_built_mass_tons":433577.0990678682,"city_id":3764,"country_iso":"ZAF"},{"h3index":"87bcc6296ffffff","population_2015":36.5115308949,"total_built_mass_tons":6765.0304386533,"city_id":3764,"country_iso":"ZAF"},{"h3index":"87bcc6661ffffff","population_2015":5310.3338619695,"total_built_mass_tons":462730.0928665095,"city_id":3764,"country_iso":"ZAF"},{"h3index":"87bcc6665ffffff","population_2015":384.573216616,"total_built_mass_tons":312886.059713524,"city_id":3764,"country_iso":"ZAF"},{"h3index":"87bcc666cffffff","population_2015":6298.5212207696,"total_built_mass_tons":492504.3641896984,"city_id":3764,"country_iso":"ZAF"}]