[{"h3index":"874040602ffffff","population_2015":594.3152720386,"total_built_mass_tons":496888.6404600806,"city_id":10286,"country_iso":"CHN"},{"h3index":"874040606ffffff","population_2015":1393.507412744,"total_built_mass_tons":568193.5879853454,"city_id":10286,"country_iso":"CHN"},{"h3index":"874040610ffffff","population_2015":8590.290811924,"total_built_mass_tons":1788297.4433595887,"city_id":10286,"country_iso":"CHN"},{"h3index":"874040611ffffff","population_2015":16558.4556697883,"total_built_mass_tons":3803694.9956400194,"city_id":10286,"country_iso":"CHN"},{"h3index":"874040613ffffff","population_2015":12587.8000177891,"total_built_mass_tons":2439881.1659610034,"city_id":10286,"country_iso":"CHN"},{"h3index":"874040615ffffff","population_2015":2253.2883099257,"total_built_mass_tons":712661.9758634334,"city_id":10286,"country_iso":"CHN"},{"h3index":"874040618ffffff","population_2015":0.0190505294,"total_built_mass_tons":188.3632466434,"city_id":10286,"country_iso":"CHN"},{"h3index":"87404061cffffff","population_2015":3667.2448393874,"total_built_mass_tons":587828.503367807,"city_id":10286,"country_iso":"CHN"},{"h3index":"87404061effffff","population_2015":4286.1315572178,"total_built_mass_tons":532418.0358805329,"city_id":10286,"country_iso":"CHN"}]