[{"h3index": "87318da40ffffff", "population_2015": 142.88790690758643, "total_built_mass_tons": 93605.70004403616, "city_id": 11089, "country_iso": "CHN"}, {"h3index": "87318da44ffffff", "population_2015": 4535.836132281437, "total_built_mass_tons": 2802053.5936288657, "city_id": 11089, "country_iso": "CHN"}, {"h3index": "87318da45ffffff", "population_2015": 2137.9671229657, "total_built_mass_tons": 1155553.960931633, "city_id": 11089, "country_iso": "CHN"}, {"h3index": "87318da46ffffff", "population_2015": 1775.963629098032, "total_built_mass_tons": 1368200.9874078785, "city_id": 11089, "country_iso": "CHN"}, {"h3index": "87318da60ffffff", "population_2015": 148.87208714765663, "total_built_mass_tons": 73120.65576478076, "city_id": 11089, "country_iso": "CHN"}, {"h3index": "87318da61ffffff", "population_2015": 1385.965529651268, "total_built_mass_tons": 1079115.00545579, "city_id": 11089, "country_iso": "CHN"}, {"h3index": "87318da62ffffff", "population_2015": 12627.369906317952, "total_built_mass_tons": 4201305.814709827, "city_id": 11089, "country_iso": "CHN"}, {"h3index": "87318da63ffffff", "population_2015": 13225.684337679546, "total_built_mass_tons": 3610021.712076552, "city_id": 11089, "country_iso": "CHN"}, {"h3index": "87318da66ffffff", "population_2015": 76.28285993127263, "total_built_mass_tons": 70043.17203435437, "city_id": 11089, "country_iso": "CHN"}, {"h3index": "87318da6affffff", "population_2015": 1035.5803015316235, "total_built_mass_tons": 335144.3023255805, "city_id": 11089, "country_iso": "CHN"}, {"h3index": "87318da6cffffff", "population_2015": 11.313991468092974, "total_built_mass_tons": 55465.473837535144, "city_id": 11089, "country_iso": "CHN"}, {"h3index": "87318da6effffff", "population_2015": 5770.760639162627, "total_built_mass_tons": 3033039.3532959577, "city_id": 11089, "country_iso": "CHN"}, {"h3index": "87318da70ffffff", "population_2015": 541.6105808702171, "total_built_mass_tons": 753096.1889660128, "city_id": 11089, "country_iso": "CHN"}, {"h3index": "87318da71ffffff", "population_2015": 7328.7426874011135, "total_built_mass_tons": 4013190.30400226, "city_id": 11089, "country_iso": "CHN"}, {"h3index": "87318da73ffffff", "population_2015": 468.40241994063064, "total_built_mass_tons": 433533.6179686033, "city_id": 11089, "country_iso": "CHN"}, {"h3index": "87318da74ffffff", "population_2015": 1030.5868757224553, "total_built_mass_tons": 719821.960275553, "city_id": 11089, "country_iso": "CHN"}, {"h3index": "87318da75ffffff", "population_2015": 7824.401678847331, "total_built_mass_tons": 3668679.918295116, "city_id": 11089, "country_iso": "CHN"}, {"h3index": "87318db5bffffff", "population_2015": 289.53143507920055, "total_built_mass_tons": 252157.76369619597, "city_id": 11089, "country_iso": "CHN"}]