[{"h3index": "87309a004ffffff", "population_2015": 3.927956674613205, "total_built_mass_tons": 53578.13239819993, "city_id": 12386, "country_iso": "CHN"}, {"h3index": "87309a006ffffff", "population_2015": 2454.045875154758, "total_built_mass_tons": 2149704.290665311, "city_id": 12386, "country_iso": "CHN"}, {"h3index": "87309a010ffffff", "population_2015": 1003.763229781506, "total_built_mass_tons": 453060.50882439327, "city_id": 12386, "country_iso": "CHN"}, {"h3index": "87309a011ffffff", "population_2015": 6.618618209689271, "total_built_mass_tons": 11653.183093463376, "city_id": 12386, "country_iso": "CHN"}, {"h3index": "87309a012ffffff", "population_2015": 3465.925474598829, "total_built_mass_tons": 2935833.056904979, "city_id": 12386, "country_iso": "CHN"}, {"h3index": "87309a013ffffff", "population_2015": 1662.137138863171, "total_built_mass_tons": 808249.1902268275, "city_id": 12386, "country_iso": "CHN"}, {"h3index": "87309a014ffffff", "population_2015": 836.234460010248, "total_built_mass_tons": 419494.0322012281, "city_id": 12386, "country_iso": "CHN"}, {"h3index": "87309a015ffffff", "population_2015": 17.733132321226833, "total_built_mass_tons": 12245.874223371227, "city_id": 12386, "country_iso": "CHN"}, {"h3index": "87309a016ffffff", "population_2015": 807.9948005330332, "total_built_mass_tons": 786500.420354964, "city_id": 12386, "country_iso": "CHN"}, {"h3index": "87309a018ffffff", "population_2015": 120.81233191770664, "total_built_mass_tons": 129379.48366357893, "city_id": 12386, "country_iso": "CHN"}, {"h3index": "87309a01affffff", "population_2015": 5933.21235452493, "total_built_mass_tons": 3375043.150801244, "city_id": 12386, "country_iso": "CHN"}, {"h3index": "87309a01bffffff", "population_2015": 473.7052311859879, "total_built_mass_tons": 127730.11537642864, "city_id": 12386, "country_iso": "CHN"}, {"h3index": "87309a030ffffff", "population_2015": 454.9675271052941, "total_built_mass_tons": 367445.71945700113, "city_id": 12386, "country_iso": "CHN"}, {"h3index": "87309a031ffffff", "population_2015": 2499.114380683151, "total_built_mass_tons": 1389433.496115989, "city_id": 12386, "country_iso": "CHN"}, {"h3index": "87309a032ffffff", "population_2015": 14613.602252149583, "total_built_mass_tons": 2319293.135983416, "city_id": 12386, "country_iso": "CHN"}, {"h3index": "87309a033ffffff", "population_2015": 5247.699080265738, "total_built_mass_tons": 2899933.327330037, "city_id": 12386, "country_iso": "CHN"}, {"h3index": "87309a034ffffff", "population_2015": 808.8316660521076, "total_built_mass_tons": 377361.5181939263, "city_id": 12386, "country_iso": "CHN"}, {"h3index": "87309a036ffffff", "population_2015": 10534.726235632805, "total_built_mass_tons": 1730553.992688096, "city_id": 12386, "country_iso": "CHN"}, {"h3index": "87309a080ffffff", "population_2015": 6544.037722223413, "total_built_mass_tons": 3151209.051716419, "city_id": 12386, "country_iso": "CHN"}, {"h3index": "87309a081ffffff", "population_2015": 7882.087147013816, "total_built_mass_tons": 3532566.6812149324, "city_id": 12386, "country_iso": "CHN"}, {"h3index": "87309a082ffffff", "population_2015": 35502.49672740115, "total_built_mass_tons": 6928606.245315428, "city_id": 12386, "country_iso": "CHN"}, {"h3index": "87309a083ffffff", "population_2015": 14272.96825989929, "total_built_mass_tons": 5261976.009050817, "city_id": 12386, "country_iso": "CHN"}, {"h3index": "87309a084ffffff", "population_2015": 19.3205285839006, "total_built_mass_tons": 8063.875737007954, "city_id": 12386, "country_iso": "CHN"}, {"h3index": "87309a085ffffff", "population_2015": 470.37631003576166, "total_built_mass_tons": 322436.7474769568, "city_id": 12386, "country_iso": "CHN"}, {"h3index": "87309a086ffffff", "population_2015": 5314.997996494813, "total_built_mass_tons": 1614389.0928055265, "city_id": 12386, "country_iso": "CHN"}, {"h3index": "87309a088ffffff", "population_2015": 4084.4790171623217, "total_built_mass_tons": 1431266.207600035, "city_id": 12386, "country_iso": "CHN"}, {"h3index": "87309a08affffff", "population_2015": 4189.366804321139, "total_built_mass_tons": 1549301.247362021, "city_id": 12386, "country_iso": "CHN"}, {"h3index": "87309a08cffffff", "population_2015": 2811.8188578533195, "total_built_mass_tons": 1673625.7077050232, "city_id": 12386, "country_iso": "CHN"}, {"h3index": "87309a08dffffff", "population_2015": 15.20825783037672, "total_built_mass_tons": 21938.202683775173, "city_id": 12386, "country_iso": "CHN"}, {"h3index": "87309a08effffff", "population_2015": 9108.072503778045, "total_built_mass_tons": 4646076.425647028, "city_id": 12386, "country_iso": "CHN"}, {"h3index": "87309a090ffffff", "population_2015": 3039.734475143749, "total_built_mass_tons": 2263904.9263198324, "city_id": 12386, "country_iso": "CHN"}, {"h3index": "87309a091ffffff", "population_2015": 31518.188222092267, "total_built_mass_tons": 5843117.0741001945, "city_id": 12386, "country_iso": "CHN"}, {"h3index": "87309a093ffffff", "population_2015": 1275.846314826666, "total_built_mass_tons": 189413.97299041832, "city_id": 12386, "country_iso": "CHN"}, {"h3index": "87309a094ffffff", "population_2015": 3639.407973666284, "total_built_mass_tons": 3492328.132314576, "city_id": 12386, "country_iso": "CHN"}, {"h3index": "87309a095ffffff", "population_2015": 11699.35877423755, "total_built_mass_tons": 3399899.3569453536, "city_id": 12386, "country_iso": "CHN"}, {"h3index": "87309a096ffffff", "population_2015": 2152.98682668957, "total_built_mass_tons": 1128634.3525986548, "city_id": 12386, "country_iso": "CHN"}, {"h3index": "87309a098ffffff", "population_2015": 13498.15676837061, "total_built_mass_tons": 3146502.1005293727, "city_id": 12386, "country_iso": "CHN"}, {"h3index": "87309a099ffffff", "population_2015": 5516.99691773957, "total_built_mass_tons": 1239045.7558204653, "city_id": 12386, "country_iso": "CHN"}, {"h3index": "87309a09affffff", "population_2015": 1916.4924280091825, "total_built_mass_tons": 740053.984289991, "city_id": 12386, "country_iso": "CHN"}, {"h3index": "87309a09bffffff", "population_2015": 1112.8572204458949, "total_built_mass_tons": 137436.76900873438, "city_id": 12386, "country_iso": "CHN"}, {"h3index": "87309a09cffffff", "population_2015": 49014.352052853144, "total_built_mass_tons": 5414747.354763444, "city_id": 12386, "country_iso": "CHN"}, {"h3index": "87309a09dffffff", "population_2015": 17953.627396374126, "total_built_mass_tons": 3678629.961861368, "city_id": 12386, "country_iso": "CHN"}, {"h3index": "87309a09effffff", "population_2015": 21644.142649585112, "total_built_mass_tons": 2863274.2660914753, "city_id": 12386, "country_iso": "CHN"}, {"h3index": "87309a0a0ffffff", "population_2015": 9743.783742914478, "total_built_mass_tons": 2622156.04695238, "city_id": 12386, "country_iso": "CHN"}, {"h3index": "87309a0a1ffffff", "population_2015": 2871.40358945435, "total_built_mass_tons": 2462878.393995056, "city_id": 12386, "country_iso": "CHN"}, {"h3index": "87309a0a2ffffff", "population_2015": 5365.953702148736, "total_built_mass_tons": 1608060.8796582748, "city_id": 12386, "country_iso": "CHN"}, {"h3index": "87309a0a3ffffff", "population_2015": 2638.218214315059, "total_built_mass_tons": 903174.5581004889, "city_id": 12386, "country_iso": "CHN"}, {"h3index": "87309a0a4ffffff", "population_2015": 30904.82553060102, "total_built_mass_tons": 3828904.909221915, "city_id": 12386, "country_iso": "CHN"}, {"h3index": "87309a0a5ffffff", "population_2015": 1714.048773926847, "total_built_mass_tons": 1407823.1039494816, "city_id": 12386, "country_iso": "CHN"}, {"h3index": "87309a0a6ffffff", "population_2015": 15010.860547041422, "total_built_mass_tons": 2347627.635376064, "city_id": 12386, "country_iso": "CHN"}, {"h3index": "87309a0a8ffffff", "population_2015": 864.2781828590469, "total_built_mass_tons": 895512.8611042236, "city_id": 12386, "country_iso": "CHN"}, {"h3index": "87309a0a9ffffff", "population_2015": 4641.474793040987, "total_built_mass_tons": 5474462.754084297, "city_id": 12386, "country_iso": "CHN"}, {"h3index": "87309a0aaffffff", "population_2015": 3700.69388983764, "total_built_mass_tons": 1595321.5208111722, "city_id": 12386, "country_iso": "CHN"}, {"h3index": "87309a0abffffff", "population_2015": 1724.051427977693, "total_built_mass_tons": 1470069.4611540828, "city_id": 12386, "country_iso": "CHN"}, {"h3index": "87309a0acffffff", "population_2015": 2160.892105690639, "total_built_mass_tons": 988341.4851627304, "city_id": 12386, "country_iso": "CHN"}, {"h3index": "87309a0adffffff", "population_2015": 191.7850836099363, "total_built_mass_tons": 229213.94521885176, "city_id": 12386, "country_iso": "CHN"}, {"h3index": "87309a0aeffffff", "population_2015": 418.0416822564368, "total_built_mass_tons": 320450.0577008894, "city_id": 12386, "country_iso": "CHN"}, {"h3index": "87309a0b0ffffff", "population_2015": 26686.846291082045, "total_built_mass_tons": 3609491.588927647, "city_id": 12386, "country_iso": "CHN"}, {"h3index": "87309a0b1ffffff", "population_2015": 13502.678367759669, "total_built_mass_tons": 1731205.555692341, "city_id": 12386, "country_iso": "CHN"}, {"h3index": "87309a0b2ffffff", "population_2015": 16066.28690749243, "total_built_mass_tons": 3083566.916012859, "city_id": 12386, "country_iso": "CHN"}, {"h3index": "87309a0b3ffffff", "population_2015": 5289.097318082698, "total_built_mass_tons": 3304458.962541247, "city_id": 12386, "country_iso": "CHN"}, {"h3index": "87309a0b4ffffff", "population_2015": 5799.568065329159, "total_built_mass_tons": 2237596.833309967, "city_id": 12386, "country_iso": "CHN"}, {"h3index": "87309a0b5ffffff", "population_2015": 8899.420922257854, "total_built_mass_tons": 3602962.0055520623, "city_id": 12386, "country_iso": "CHN"}, {"h3index": "87309a0b6ffffff", "population_2015": 22394.11398981132, "total_built_mass_tons": 2449343.917936569, "city_id": 12386, "country_iso": "CHN"}, {"h3index": "87309a0d0ffffff", "population_2015": 1892.129337434208, "total_built_mass_tons": 2042602.030067184, "city_id": 12386, "country_iso": "CHN"}, {"h3index": "87309a0d1ffffff", "population_2015": 97.99011736757616, "total_built_mass_tons": 138728.02652037254, "city_id": 12386, "country_iso": "CHN"}, {"h3index": "87309a0d2ffffff", "population_2015": 2724.836933234158, "total_built_mass_tons": 2286563.8828871734, "city_id": 12386, "country_iso": "CHN"}, {"h3index": "87309a0d3ffffff", "population_2015": 2465.479795893968, "total_built_mass_tons": 2538408.8965973733, "city_id": 12386, "country_iso": "CHN"}, {"h3index": "87309a0d6ffffff", "population_2015": 73.75674736640033, "total_built_mass_tons": 86579.9925292309, "city_id": 12386, "country_iso": "CHN"}, {"h3index": "87309a0d8ffffff", "population_2015": 932.7505030089734, "total_built_mass_tons": 1000545.359983037, "city_id": 12386, "country_iso": "CHN"}, {"h3index": "87309a0daffffff", "population_2015": 2146.5884483136383, "total_built_mass_tons": 1324433.1513166293, "city_id": 12386, "country_iso": "CHN"}, {"h3index": "87309a0dbffffff", "population_2015": 31.186924836214853, "total_built_mass_tons": 46488.40939310964, "city_id": 12386, "country_iso": "CHN"}, {"h3index": "87309a0dcffffff", "population_2015": 29.386900984072216, "total_built_mass_tons": 20344.5118922889, "city_id": 12386, "country_iso": "CHN"}, {"h3index": "87309a0deffffff", "population_2015": 4082.190293480369, "total_built_mass_tons": 1975729.776136099, "city_id": 12386, "country_iso": "CHN"}, {"h3index": "87309a0f4ffffff", "population_2015": 654.0211906676197, "total_built_mass_tons": 1046093.6845973824, "city_id": 12386, "country_iso": "CHN"}, {"h3index": "87309a0f6ffffff", "population_2015": 223.0183704666062, "total_built_mass_tons": 468026.4459637784, "city_id": 12386, "country_iso": "CHN"}, {"h3index": "87309a180ffffff", "population_2015": 166.00497896437557, "total_built_mass_tons": 296226.82403647306, "city_id": 12386, "country_iso": "CHN"}, {"h3index": "87309a181ffffff", "population_2015": 1130.2824090207328, "total_built_mass_tons": 396912.8105201892, "city_id": 12386, "country_iso": "CHN"}, {"h3index": "87309a183ffffff", "population_2015": 187.86771728478223, "total_built_mass_tons": 271065.487559615, "city_id": 12386, "country_iso": "CHN"}, {"h3index": "87309a184ffffff", "population_2015": 2711.5440199641616, "total_built_mass_tons": 2300095.327356681, "city_id": 12386, "country_iso": "CHN"}, {"h3index": "87309a185ffffff", "population_2015": 478.85860651006885, "total_built_mass_tons": 424520.1520987733, "city_id": 12386, "country_iso": "CHN"}, {"h3index": "87309a186ffffff", "population_2015": 892.632698918324, "total_built_mass_tons": 408590.71309392795, "city_id": 12386, "country_iso": "CHN"}, {"h3index": "87309a188ffffff", "population_2015": 23753.497255596467, "total_built_mass_tons": 7959038.425957434, "city_id": 12386, "country_iso": "CHN"}, {"h3index": "87309a189ffffff", "population_2015": 10042.189082317724, "total_built_mass_tons": 3113149.3588916687, "city_id": 12386, "country_iso": "CHN"}, {"h3index": "87309a18affffff", "population_2015": 22762.820014074736, "total_built_mass_tons": 5578795.348286128, "city_id": 12386, "country_iso": "CHN"}, {"h3index": "87309a18bffffff", "population_2015": 28506.448845408944, "total_built_mass_tons": 5073108.128184672, "city_id": 12386, "country_iso": "CHN"}, {"h3index": "87309a18cffffff", "population_2015": 15658.484165361357, "total_built_mass_tons": 2650992.9715832174, "city_id": 12386, "country_iso": "CHN"}, {"h3index": "87309a18dffffff", "population_2015": 27535.147030157204, "total_built_mass_tons": 3431911.32422051, "city_id": 12386, "country_iso": "CHN"}, {"h3index": "87309a18effffff", "population_2015": 3700.966189127342, "total_built_mass_tons": 4317275.606204932, "city_id": 12386, "country_iso": "CHN"}, {"h3index": "87309a193ffffff", "population_2015": 12.582063189674823, "total_built_mass_tons": 19886.925505504652, "city_id": 12386, "country_iso": "CHN"}, {"h3index": "87309a198ffffff", "population_2015": 82.45068855940126, "total_built_mass_tons": 85197.85378911819, "city_id": 12386, "country_iso": "CHN"}, {"h3index": "87309a199ffffff", "population_2015": 8524.303155895308, "total_built_mass_tons": 2849683.746753646, "city_id": 12386, "country_iso": "CHN"}, {"h3index": "87309a19affffff", "population_2015": 413.3600195936128, "total_built_mass_tons": 380672.0075541558, "city_id": 12386, "country_iso": "CHN"}, {"h3index": "87309a19bffffff", "population_2015": 4078.642891123481, "total_built_mass_tons": 1631077.4042689386, "city_id": 12386, "country_iso": "CHN"}, {"h3index": "87309a19dffffff", "population_2015": 2109.5954920366694, "total_built_mass_tons": 1505175.942817666, "city_id": 12386, "country_iso": "CHN"}, {"h3index": "87309a1a2ffffff", "population_2015": 371.9006368524888, "total_built_mass_tons": 261097.1016660492, "city_id": 12386, "country_iso": "CHN"}, {"h3index": "87309a1a3ffffff", "population_2015": 10.836044259164847, "total_built_mass_tons": 4354.094908202822, "city_id": 12386, "country_iso": "CHN"}, {"h3index": "87309a1a6ffffff", "population_2015": 10.464002736409505, "total_built_mass_tons": 15867.544190365352, "city_id": 12386, "country_iso": "CHN"}, {"h3index": "87309a1a8ffffff", "population_2015": 373.8357966301488, "total_built_mass_tons": 153921.07742102136, "city_id": 12386, "country_iso": "CHN"}, {"h3index": "87309a1a9ffffff", "population_2015": 3327.6841557238613, "total_built_mass_tons": 914621.6203553788, "city_id": 12386, "country_iso": "CHN"}, {"h3index": "87309a1aaffffff", "population_2015": 4040.666645966792, "total_built_mass_tons": 641792.3291814944, "city_id": 12386, "country_iso": "CHN"}, {"h3index": "87309a1abffffff", "population_2015": 29438.06011448936, "total_built_mass_tons": 3261132.011407906, "city_id": 12386, "country_iso": "CHN"}, {"h3index": "87309a1b0ffffff", "population_2015": 6496.211036820505, "total_built_mass_tons": 1689044.9394406038, "city_id": 12386, "country_iso": "CHN"}, {"h3index": "87309a1b1ffffff", "population_2015": 2130.1928127195315, "total_built_mass_tons": 928018.6505167176, "city_id": 12386, "country_iso": "CHN"}, {"h3index": "87309a1b2ffffff", "population_2015": 1524.813410575717, "total_built_mass_tons": 904946.6877047708, "city_id": 12386, "country_iso": "CHN"}, {"h3index": "87309a1b3ffffff", "population_2015": 593.1194860869763, "total_built_mass_tons": 419609.3700755411, "city_id": 12386, "country_iso": "CHN"}, {"h3index": "87309a1b4ffffff", "population_2015": 6129.9195311270505, "total_built_mass_tons": 1572019.431331067, "city_id": 12386, "country_iso": "CHN"}, {"h3index": "87309a1b5ffffff", "population_2015": 15986.416945504216, "total_built_mass_tons": 3424907.711693221, "city_id": 12386, "country_iso": "CHN"}, {"h3index": "87309a1b6ffffff", "population_2015": 8151.174246398141, "total_built_mass_tons": 2752066.7473067218, "city_id": 12386, "country_iso": "CHN"}, {"h3index": "87309a400ffffff", "population_2015": 10325.780963632176, "total_built_mass_tons": 681550.8247347999, "city_id": 12386, "country_iso": "CHN"}, {"h3index": "87309a401ffffff", "population_2015": 21823.864754901213, "total_built_mass_tons": 1870477.9167313848, "city_id": 12386, "country_iso": "CHN"}, {"h3index": "87309a402ffffff", "population_2015": 14113.05315586165, "total_built_mass_tons": 3214522.0173331965, "city_id": 12386, "country_iso": "CHN"}, {"h3index": "87309a403ffffff", "population_2015": 37292.07273162019, "total_built_mass_tons": 5324441.2277929615, "city_id": 12386, "country_iso": "CHN"}, {"h3index": "87309a405ffffff", "population_2015": 4523.138565257949, "total_built_mass_tons": 359820.1256655108, "city_id": 12386, "country_iso": "CHN"}, {"h3index": "87309a406ffffff", "population_2015": 30.387724954941696, "total_built_mass_tons": 39696.941372837115, "city_id": 12386, "country_iso": "CHN"}, {"h3index": "87309a408ffffff", "population_2015": 13950.118247422986, "total_built_mass_tons": 6580563.721513278, "city_id": 12386, "country_iso": "CHN"}, {"h3index": "87309a409ffffff", "population_2015": 4484.454876708048, "total_built_mass_tons": 6386485.8329935055, "city_id": 12386, "country_iso": "CHN"}, {"h3index": "87309a40affffff", "population_2015": 12396.22213544284, "total_built_mass_tons": 3182037.2758922093, "city_id": 12386, "country_iso": "CHN"}, {"h3index": "87309a40bffffff", "population_2015": 7565.33820040647, "total_built_mass_tons": 3713578.115906678, "city_id": 12386, "country_iso": "CHN"}, {"h3index": "87309a40cffffff", "population_2015": 11427.453400835802, "total_built_mass_tons": 3141772.321556872, "city_id": 12386, "country_iso": "CHN"}, {"h3index": "87309a40dffffff", "population_2015": 6082.853625919303, "total_built_mass_tons": 6352928.160833141, "city_id": 12386, "country_iso": "CHN"}, {"h3index": "87309a40effffff", "population_2015": 14605.694506869597, "total_built_mass_tons": 5888289.508996823, "city_id": 12386, "country_iso": "CHN"}, {"h3index": "87309a410ffffff", "population_2015": 4302.9459814571865, "total_built_mass_tons": 2658244.099512415, "city_id": 12386, "country_iso": "CHN"}, {"h3index": "87309a411ffffff", "population_2015": 4831.743755015204, "total_built_mass_tons": 614396.4947952502, "city_id": 12386, "country_iso": "CHN"}, {"h3index": "87309a412ffffff", "population_2015": 933.2040603058012, "total_built_mass_tons": 489018.03904319496, "city_id": 12386, "country_iso": "CHN"}, {"h3index": "87309a413ffffff", "population_2015": 4159.686407553917, "total_built_mass_tons": 999847.5610864224, "city_id": 12386, "country_iso": "CHN"}, {"h3index": "87309a414ffffff", "population_2015": 191.40417218301815, "total_built_mass_tons": 81581.34311302392, "city_id": 12386, "country_iso": "CHN"}, {"h3index": "87309a415ffffff", "population_2015": 905.439326269486, "total_built_mass_tons": 426191.91181400255, "city_id": 12386, "country_iso": "CHN"}, {"h3index": "87309a416ffffff", "population_2015": 4986.127399096067, "total_built_mass_tons": 2895845.6238805978, "city_id": 12386, "country_iso": "CHN"}, {"h3index": "87309a418ffffff", "population_2015": 10049.406993637833, "total_built_mass_tons": 2552104.54571898, "city_id": 12386, "country_iso": "CHN"}, {"h3index": "87309a419ffffff", "population_2015": 6758.458152341841, "total_built_mass_tons": 1799782.7477719174, "city_id": 12386, "country_iso": "CHN"}, {"h3index": "87309a41affffff", "population_2015": 6354.828615932838, "total_built_mass_tons": 990363.9637809778, "city_id": 12386, "country_iso": "CHN"}, {"h3index": "87309a41bffffff", "population_2015": 19639.77418086295, "total_built_mass_tons": 3592063.604284797, "city_id": 12386, "country_iso": "CHN"}, {"h3index": "87309a41cffffff", "population_2015": 33923.725424631906, "total_built_mass_tons": 4390053.044170821, "city_id": 12386, "country_iso": "CHN"}, {"h3index": "87309a41dffffff", "population_2015": 19818.91146790373, "total_built_mass_tons": 4112038.836250298, "city_id": 12386, "country_iso": "CHN"}, {"h3index": "87309a41effffff", "population_2015": 5020.603999676422, "total_built_mass_tons": 738988.1911094986, "city_id": 12386, "country_iso": "CHN"}, {"h3index": "87309a420ffffff", "population_2015": 1150.840439485101, "total_built_mass_tons": 710230.8577325377, "city_id": 12386, "country_iso": "CHN"}, {"h3index": "87309a421ffffff", "population_2015": 1462.09451232611, "total_built_mass_tons": 535205.7117734954, "city_id": 12386, "country_iso": "CHN"}, {"h3index": "87309a422ffffff", "population_2015": 69.96506196657816, "total_built_mass_tons": 83372.16107177877, "city_id": 12386, "country_iso": "CHN"}, {"h3index": "87309a423ffffff", "population_2015": 177.75864199470072, "total_built_mass_tons": 62192.61044355316, "city_id": 12386, "country_iso": "CHN"}, {"h3index": "87309a424ffffff", "population_2015": 38255.32317873637, "total_built_mass_tons": 5153537.516670356, "city_id": 12386, "country_iso": "CHN"}, {"h3index": "87309a425ffffff", "population_2015": 66811.43126216777, "total_built_mass_tons": 8146773.185583011, "city_id": 12386, "country_iso": "CHN"}, {"h3index": "87309a426ffffff", "population_2015": 4829.6294265952765, "total_built_mass_tons": 1212900.490111577, "city_id": 12386, "country_iso": "CHN"}, {"h3index": "87309a428ffffff", "population_2015": 82267.35508674169, "total_built_mass_tons": 8715839.073178872, "city_id": 12386, "country_iso": "CHN"}, {"h3index": "87309a429ffffff", "population_2015": 47754.52204041947, "total_built_mass_tons": 6408109.846809508, "city_id": 12386, "country_iso": "CHN"}, {"h3index": "87309a42affffff", "population_2015": 30109.248029364797, "total_built_mass_tons": 4303061.117585797, "city_id": 12386, "country_iso": "CHN"}, {"h3index": "87309a42bffffff", "population_2015": 25115.933918779036, "total_built_mass_tons": 2519953.1488557262, "city_id": 12386, "country_iso": "CHN"}, {"h3index": "87309a42cffffff", "population_2015": 62926.96214660944, "total_built_mass_tons": 7199088.005592975, "city_id": 12386, "country_iso": "CHN"}, {"h3index": "87309a42dffffff", "population_2015": 219939.2952528411, "total_built_mass_tons": 8426740.278616697, "city_id": 12386, "country_iso": "CHN"}, {"h3index": "87309a42effffff", "population_2015": 6791.224646437403, "total_built_mass_tons": 1441604.6150637264, "city_id": 12386, "country_iso": "CHN"}, {"h3index": "87309a434ffffff", "population_2015": 1623.590014741935, "total_built_mass_tons": 483792.8581629731, "city_id": 12386, "country_iso": "CHN"}, {"h3index": "87309a436ffffff", "population_2015": 647.8305471962574, "total_built_mass_tons": 187498.8652325278, "city_id": 12386, "country_iso": "CHN"}, {"h3index": "87309a440ffffff", "population_2015": 11897.957303664733, "total_built_mass_tons": 4673323.760472283, "city_id": 12386, "country_iso": "CHN"}, {"h3index": "87309a441ffffff", "population_2015": 5649.537425105712, "total_built_mass_tons": 3164700.004444437, "city_id": 12386, "country_iso": "CHN"}, {"h3index": "87309a442ffffff", "population_2015": 29838.229068636418, "total_built_mass_tons": 5653037.773500696, "city_id": 12386, "country_iso": "CHN"}, {"h3index": "87309a443ffffff", "population_2015": 8821.397916842441, "total_built_mass_tons": 3793933.114896941, "city_id": 12386, "country_iso": "CHN"}, {"h3index": "87309a444ffffff", "population_2015": 6096.169307289407, "total_built_mass_tons": 3142097.635543406, "city_id": 12386, "country_iso": "CHN"}, {"h3index": "87309a445ffffff", "population_2015": 7758.414969721494, "total_built_mass_tons": 2765447.5158780213, "city_id": 12386, "country_iso": "CHN"}, {"h3index": "87309a446ffffff", "population_2015": 23201.801039533057, "total_built_mass_tons": 5639504.338521867, "city_id": 12386, "country_iso": "CHN"}, {"h3index": "87309a448ffffff", "population_2015": 2243.6372997559756, "total_built_mass_tons": 2063111.159319388, "city_id": 12386, "country_iso": "CHN"}, {"h3index": "87309a449ffffff", "population_2015": 1501.934037881739, "total_built_mass_tons": 1579486.7908976427, "city_id": 12386, "country_iso": "CHN"}, {"h3index": "87309a44affffff", "population_2015": 6612.405868696699, "total_built_mass_tons": 2969802.061121878, "city_id": 12386, "country_iso": "CHN"}, {"h3index": "87309a44bffffff", "population_2015": 4672.882422516859, "total_built_mass_tons": 3822433.4771194486, "city_id": 12386, "country_iso": "CHN"}, {"h3index": "87309a44cffffff", "population_2015": 1662.1875592278504, "total_built_mass_tons": 1327625.3819226518, "city_id": 12386, "country_iso": "CHN"}, {"h3index": "87309a44dffffff", "population_2015": 963.1286258393644, "total_built_mass_tons": 827956.932617862, "city_id": 12386, "country_iso": "CHN"}, {"h3index": "87309a44effffff", "population_2015": 4633.394625619813, "total_built_mass_tons": 2681680.637182355, "city_id": 12386, "country_iso": "CHN"}, {"h3index": "87309a450ffffff", "population_2015": 24433.616239901163, "total_built_mass_tons": 5751262.701295964, "city_id": 12386, "country_iso": "CHN"}, {"h3index": "87309a451ffffff", "population_2015": 35141.974921200315, "total_built_mass_tons": 7377835.259726383, "city_id": 12386, "country_iso": "CHN"}, {"h3index": "87309a452ffffff", "population_2015": 16811.224850895822, "total_built_mass_tons": 3174468.919757263, "city_id": 12386, "country_iso": "CHN"}, {"h3index": "87309a453ffffff", "population_2015": 48679.15835726867, "total_built_mass_tons": 9132572.456831174, "city_id": 12386, "country_iso": "CHN"}, {"h3index": "87309a454ffffff", "population_2015": 4771.131159393458, "total_built_mass_tons": 5278438.865166534, "city_id": 12386, "country_iso": "CHN"}, {"h3index": "87309a455ffffff", "population_2015": 31381.718892953915, "total_built_mass_tons": 7957513.680282796, "city_id": 12386, "country_iso": "CHN"}, {"h3index": "87309a456ffffff", "population_2015": 8343.074680479836, "total_built_mass_tons": 3291752.6221450497, "city_id": 12386, "country_iso": "CHN"}, {"h3index": "87309a458ffffff", "population_2015": 7976.411453363009, "total_built_mass_tons": 3694186.6084348727, "city_id": 12386, "country_iso": "CHN"}, {"h3index": "87309a459ffffff", "population_2015": 5687.000183015713, "total_built_mass_tons": 2257276.4234003704, "city_id": 12386, "country_iso": "CHN"}, {"h3index": "87309a45affffff", "population_2015": 11556.455436635488, "total_built_mass_tons": 2913247.6318949712, "city_id": 12386, "country_iso": "CHN"}, {"h3index": "87309a45bffffff", "population_2015": 7343.535506002576, "total_built_mass_tons": 2411151.3103761403, "city_id": 12386, "country_iso": "CHN"}, {"h3index": "87309a45cffffff", "population_2015": 22012.998742111064, "total_built_mass_tons": 4576757.5957652535, "city_id": 12386, "country_iso": "CHN"}, {"h3index": "87309a45dffffff", "population_2015": 8563.827287213946, "total_built_mass_tons": 4072794.760084804, "city_id": 12386, "country_iso": "CHN"}, {"h3index": "87309a45effffff", "population_2015": 30256.242166543485, "total_built_mass_tons": 5749530.102595548, "city_id": 12386, "country_iso": "CHN"}, {"h3index": "87309a460ffffff", "population_2015": 9.746671913184372, "total_built_mass_tons": 38497.08195552143, "city_id": 12386, "country_iso": "CHN"}, {"h3index": "87309a461ffffff", "population_2015": 5.735996650247012, "total_built_mass_tons": 12779.699530398875, "city_id": 12386, "country_iso": "CHN"}, {"h3index": "87309a462ffffff", "population_2015": 1415.2980743781022, "total_built_mass_tons": 2138703.6899216985, "city_id": 12386, "country_iso": "CHN"}, {"h3index": "87309a463ffffff", "population_2015": 2157.4725295299413, "total_built_mass_tons": 2670633.1901886323, "city_id": 12386, "country_iso": "CHN"}, {"h3index": "87309a464ffffff", "population_2015": 156.18312311125737, "total_built_mass_tons": 314776.5467998389, "city_id": 12386, "country_iso": "CHN"}, {"h3index": "87309a466ffffff", "population_2015": 8.837652056824927, "total_built_mass_tons": 75575.4224064911, "city_id": 12386, "country_iso": "CHN"}, {"h3index": "87309a468ffffff", "population_2015": 811.9469689668393, "total_built_mass_tons": 579660.8906444032, "city_id": 12386, "country_iso": "CHN"}, {"h3index": "87309a46affffff", "population_2015": 8995.074244860107, "total_built_mass_tons": 3427987.4982829224, "city_id": 12386, "country_iso": "CHN"}, {"h3index": "87309a46bffffff", "population_2015": 6163.45525171897, "total_built_mass_tons": 3997690.7868310944, "city_id": 12386, "country_iso": "CHN"}, {"h3index": "87309a46dffffff", "population_2015": 10.749679844052183, "total_built_mass_tons": 213070.45081158925, "city_id": 12386, "country_iso": "CHN"}, {"h3index": "87309a46effffff", "population_2015": 5325.3876153988, "total_built_mass_tons": 2928064.093300065, "city_id": 12386, "country_iso": "CHN"}, {"h3index": "87309a470ffffff", "population_2015": 1636.644859355104, "total_built_mass_tons": 2028523.269693453, "city_id": 12386, "country_iso": "CHN"}, {"h3index": "87309a471ffffff", "population_2015": 1657.846222642473, "total_built_mass_tons": 3635757.099500145, "city_id": 12386, "country_iso": "CHN"}, {"h3index": "87309a472ffffff", "population_2015": 3684.383847163706, "total_built_mass_tons": 4161971.6266357666, "city_id": 12386, "country_iso": "CHN"}, {"h3index": "87309a473ffffff", "population_2015": 2992.2288244990755, "total_built_mass_tons": 3330471.261617626, "city_id": 12386, "country_iso": "CHN"}, {"h3index": "87309a474ffffff", "population_2015": 5603.956397372132, "total_built_mass_tons": 1850170.5740687747, "city_id": 12386, "country_iso": "CHN"}, {"h3index": "87309a475ffffff", "population_2015": 985.6212644591054, "total_built_mass_tons": 1766777.0812416852, "city_id": 12386, "country_iso": "CHN"}, {"h3index": "87309a476ffffff", "population_2015": 2297.670746807023, "total_built_mass_tons": 2276050.115158006, "city_id": 12386, "country_iso": "CHN"}, {"h3index": "87309a4a0ffffff", "population_2015": 103.41754169464112, "total_built_mass_tons": 147146.14197610482, "city_id": 12386, "country_iso": "CHN"}, {"h3index": "87309a4a1ffffff", "population_2015": 704.3176421960196, "total_built_mass_tons": 423799.7270234049, "city_id": 12386, "country_iso": "CHN"}, {"h3index": "87309a4a4ffffff", "population_2015": 96.26322866327624, "total_built_mass_tons": 135443.72408246316, "city_id": 12386, "country_iso": "CHN"}, {"h3index": "87309a4a5ffffff", "population_2015": 2983.7398620334316, "total_built_mass_tons": 1812911.893329318, "city_id": 12386, "country_iso": "CHN"}, {"h3index": "87309a4a8ffffff", "population_2015": 4748.05259904137, "total_built_mass_tons": 1629007.3359293654, "city_id": 12386, "country_iso": "CHN"}, {"h3index": "87309a4a9ffffff", "population_2015": 3600.898303282963, "total_built_mass_tons": 1252051.4801138372, "city_id": 12386, "country_iso": "CHN"}, {"h3index": "87309a4aaffffff", "population_2015": 1035.458135945189, "total_built_mass_tons": 270466.523510276, "city_id": 12386, "country_iso": "CHN"}, {"h3index": "87309a4acffffff", "population_2015": 6773.02024198794, "total_built_mass_tons": 1366861.2656945963, "city_id": 12386, "country_iso": "CHN"}, {"h3index": "87309a4adffffff", "population_2015": 4943.283629424899, "total_built_mass_tons": 1199861.412600727, "city_id": 12386, "country_iso": "CHN"}, {"h3index": "87309a4aeffffff", "population_2015": 2536.577059164234, "total_built_mass_tons": 472337.7714696867, "city_id": 12386, "country_iso": "CHN"}, {"h3index": "87309a4c1ffffff", "population_2015": 2590.1244699258427, "total_built_mass_tons": 901025.937575854, "city_id": 12386, "country_iso": "CHN"}, {"h3index": "87309a4c2ffffff", "population_2015": 2323.792682236316, "total_built_mass_tons": 664183.6278750123, "city_id": 12386, "country_iso": "CHN"}, {"h3index": "87309a4c3ffffff", "population_2015": 7892.891251878176, "total_built_mass_tons": 2365632.5027819057, "city_id": 12386, "country_iso": "CHN"}, {"h3index": "87309a4c5ffffff", "population_2015": 676.3484900811138, "total_built_mass_tons": 253613.68432694947, "city_id": 12386, "country_iso": "CHN"}, {"h3index": "87309a4ccffffff", "population_2015": 2791.8540051511695, "total_built_mass_tons": 933801.5664056084, "city_id": 12386, "country_iso": "CHN"}, {"h3index": "87309a4cdffffff", "population_2015": 187.07662812027272, "total_built_mass_tons": 52328.27408072103, "city_id": 12386, "country_iso": "CHN"}, {"h3index": "87309a4ceffffff", "population_2015": 2171.2083087575197, "total_built_mass_tons": 1261688.4462991278, "city_id": 12386, "country_iso": "CHN"}, {"h3index": "87309a4d1ffffff", "population_2015": 1691.4261493177976, "total_built_mass_tons": 465819.82788695086, "city_id": 12386, "country_iso": "CHN"}, {"h3index": "87309a4d3ffffff", "population_2015": 1745.9468207789405, "total_built_mass_tons": 724308.9529312607, "city_id": 12386, "country_iso": "CHN"}, {"h3index": "87309a4d8ffffff", "population_2015": 3251.6477546850847, "total_built_mass_tons": 846339.0576551076, "city_id": 12386, "country_iso": "CHN"}, {"h3index": "87309a4dcffffff", "population_2015": 8762.513930000045, "total_built_mass_tons": 4995717.621530044, "city_id": 12386, "country_iso": "CHN"}, {"h3index": "87309a4ddffffff", "population_2015": 3350.1728206522325, "total_built_mass_tons": 1207272.21851246, "city_id": 12386, "country_iso": "CHN"}, {"h3index": "87309a4deffffff", "population_2015": 5251.702871454464, "total_built_mass_tons": 1938925.0141375563, "city_id": 12386, "country_iso": "CHN"}, {"h3index": "87309a4e0ffffff", "population_2015": 234.66609904205097, "total_built_mass_tons": 551044.5251899768, "city_id": 12386, "country_iso": "CHN"}, {"h3index": "87309a4e1ffffff", "population_2015": 661.6584638703101, "total_built_mass_tons": 467986.5040849116, "city_id": 12386, "country_iso": "CHN"}, {"h3index": "87309a4e2ffffff", "population_2015": 492.0602773049299, "total_built_mass_tons": 219580.1075694474, "city_id": 12386, "country_iso": "CHN"}, {"h3index": "87309a4e4ffffff", "population_2015": 4429.669833978485, "total_built_mass_tons": 1232129.0496668532, "city_id": 12386, "country_iso": "CHN"}, {"h3index": "87309a4e5ffffff", "population_2015": 909.1188636854585, "total_built_mass_tons": 563218.1420508471, "city_id": 12386, "country_iso": "CHN"}, {"h3index": "87309a4e6ffffff", "population_2015": 1172.6363041227935, "total_built_mass_tons": 972734.1319450622, "city_id": 12386, "country_iso": "CHN"}, {"h3index": "87309a4e8ffffff", "population_2015": 7476.456126242059, "total_built_mass_tons": 3477878.3023381354, "city_id": 12386, "country_iso": "CHN"}, {"h3index": "87309a4e9ffffff", "population_2015": 4648.615737912702, "total_built_mass_tons": 1615481.365266621, "city_id": 12386, "country_iso": "CHN"}, {"h3index": "87309a4eaffffff", "population_2015": 4358.895944192363, "total_built_mass_tons": 2428180.16760256, "city_id": 12386, "country_iso": "CHN"}, {"h3index": "87309a4ebffffff", "population_2015": 4130.985611483163, "total_built_mass_tons": 1579351.3823378189, "city_id": 12386, "country_iso": "CHN"}, {"h3index": "87309a4ecffffff", "population_2015": 11268.766584792793, "total_built_mass_tons": 2893018.8581337123, "city_id": 12386, "country_iso": "CHN"}, {"h3index": "87309a4edffffff", "population_2015": 13180.46569978583, "total_built_mass_tons": 3842399.850105434, "city_id": 12386, "country_iso": "CHN"}, {"h3index": "87309a4eeffffff", "population_2015": 5243.5781866036195, "total_built_mass_tons": 2188088.847916834, "city_id": 12386, "country_iso": "CHN"}, {"h3index": "87309a4f0ffffff", "population_2015": 2732.5652144441415, "total_built_mass_tons": 833723.6806961526, "city_id": 12386, "country_iso": "CHN"}, {"h3index": "87309a4f1ffffff", "population_2015": 621.0229691636329, "total_built_mass_tons": 728414.6527317772, "city_id": 12386, "country_iso": "CHN"}, {"h3index": "87309a4f4ffffff", "population_2015": 5561.2345091034385, "total_built_mass_tons": 1193207.4863673244, "city_id": 12386, "country_iso": "CHN"}, {"h3index": "87309a4f5ffffff", "population_2015": 11379.395839569148, "total_built_mass_tons": 2799810.074984812, "city_id": 12386, "country_iso": "CHN"}, {"h3index": "87309a4f6ffffff", "population_2015": 26.262646020627493, "total_built_mass_tons": 41999.762113770026, "city_id": 12386, "country_iso": "CHN"}, {"h3index": "87309a500ffffff", "population_2015": 1082.9476955367068, "total_built_mass_tons": 568456.3500307156, "city_id": 12386, "country_iso": "CHN"}, {"h3index": "87309a501ffffff", "population_2015": 12196.495078501985, "total_built_mass_tons": 4658015.04053, "city_id": 12386, "country_iso": "CHN"}, {"h3index": "87309a503ffffff", "population_2015": 1937.488099067819, "total_built_mass_tons": 793509.3994057595, "city_id": 12386, "country_iso": "CHN"}, {"h3index": "87309a504ffffff", "population_2015": 1310.1779871650765, "total_built_mass_tons": 672083.5037319694, "city_id": 12386, "country_iso": "CHN"}, {"h3index": "87309a505ffffff", "population_2015": 3088.586286876716, "total_built_mass_tons": 847404.8326925781, "city_id": 12386, "country_iso": "CHN"}, {"h3index": "87309a506ffffff", "population_2015": 185.017734191932, "total_built_mass_tons": 438834.5309236202, "city_id": 12386, "country_iso": "CHN"}, {"h3index": "87309a508ffffff", "population_2015": 20559.0978149788, "total_built_mass_tons": 6825193.228569407, "city_id": 12386, "country_iso": "CHN"}, {"h3index": "87309a509ffffff", "population_2015": 40778.53887244954, "total_built_mass_tons": 7003531.087598237, "city_id": 12386, "country_iso": "CHN"}, {"h3index": "87309a50affffff", "population_2015": 10255.65709625132, "total_built_mass_tons": 5119116.136685859, "city_id": 12386, "country_iso": "CHN"}, {"h3index": "87309a50bffffff", "population_2015": 54697.170200048706, "total_built_mass_tons": 8013947.506262944, "city_id": 12386, "country_iso": "CHN"}, {"h3index": "87309a50cffffff", "population_2015": 27404.26243404314, "total_built_mass_tons": 6508305.9033161, "city_id": 12386, "country_iso": "CHN"}, {"h3index": "87309a50dffffff", "population_2015": 36629.4952094583, "total_built_mass_tons": 4493211.397617161, "city_id": 12386, "country_iso": "CHN"}, {"h3index": "87309a50effffff", "population_2015": 4459.227435886626, "total_built_mass_tons": 2288074.009879512, "city_id": 12386, "country_iso": "CHN"}, {"h3index": "87309a513ffffff", "population_2015": 31.19584477555518, "total_built_mass_tons": 44080.269368785455, "city_id": 12386, "country_iso": "CHN"}, {"h3index": "87309a518ffffff", "population_2015": 139.45760217741426, "total_built_mass_tons": 288936.7161756407, "city_id": 12386, "country_iso": "CHN"}, {"h3index": "87309a519ffffff", "population_2015": 2562.231561138584, "total_built_mass_tons": 1268944.2910275927, "city_id": 12386, "country_iso": "CHN"}, {"h3index": "87309a51affffff", "population_2015": 15435.682892027093, "total_built_mass_tons": 2432339.820930794, "city_id": 12386, "country_iso": "CHN"}, {"h3index": "87309a51bffffff", "population_2015": 6856.833524582434, "total_built_mass_tons": 2353310.5744119985, "city_id": 12386, "country_iso": "CHN"}, {"h3index": "87309a51cffffff", "population_2015": 462.8536391174092, "total_built_mass_tons": 760051.8618714996, "city_id": 12386, "country_iso": "CHN"}, {"h3index": "87309a51dffffff", "population_2015": 3032.5704777427745, "total_built_mass_tons": 3201838.3470182884, "city_id": 12386, "country_iso": "CHN"}, {"h3index": "87309a51effffff", "population_2015": 712.1980350807601, "total_built_mass_tons": 529277.2613536282, "city_id": 12386, "country_iso": "CHN"}, {"h3index": "87309a520ffffff", "population_2015": 753.8141151830262, "total_built_mass_tons": 349045.19433786627, "city_id": 12386, "country_iso": "CHN"}, {"h3index": "87309a521ffffff", "population_2015": 3149.446722219973, "total_built_mass_tons": 1487261.620667325, "city_id": 12386, "country_iso": "CHN"}, {"h3index": "87309a522ffffff", "population_2015": 2307.6025738963895, "total_built_mass_tons": 603035.2683242926, "city_id": 12386, "country_iso": "CHN"}, {"h3index": "87309a523ffffff", "population_2015": 1113.7669859694504, "total_built_mass_tons": 891419.5868430227, "city_id": 12386, "country_iso": "CHN"}, {"h3index": "87309a525ffffff", "population_2015": 708.2712756755305, "total_built_mass_tons": 413248.62280219153, "city_id": 12386, "country_iso": "CHN"}, {"h3index": "87309a528ffffff", "population_2015": 6047.674501691143, "total_built_mass_tons": 2373521.0341170956, "city_id": 12386, "country_iso": "CHN"}, {"h3index": "87309a529ffffff", "population_2015": 6204.615027575398, "total_built_mass_tons": 3447317.705286163, "city_id": 12386, "country_iso": "CHN"}, {"h3index": "87309a52affffff", "population_2015": 11315.728837740657, "total_built_mass_tons": 3785657.074357602, "city_id": 12386, "country_iso": "CHN"}, {"h3index": "87309a52bffffff", "population_2015": 19989.541811554103, "total_built_mass_tons": 5442942.8126960015, "city_id": 12386, "country_iso": "CHN"}, {"h3index": "87309a52cffffff", "population_2015": 6580.10076018128, "total_built_mass_tons": 2514116.108234315, "city_id": 12386, "country_iso": "CHN"}, {"h3index": "87309a52dffffff", "population_2015": 1513.0415150291783, "total_built_mass_tons": 928728.3508371172, "city_id": 12386, "country_iso": "CHN"}, {"h3index": "87309a52effffff", "population_2015": 1707.2967313383135, "total_built_mass_tons": 930462.4254869808, "city_id": 12386, "country_iso": "CHN"}, {"h3index": "87309a540ffffff", "population_2015": 42160.62837895785, "total_built_mass_tons": 6004438.008967203, "city_id": 12386, "country_iso": "CHN"}, {"h3index": "87309a541ffffff", "population_2015": 15257.165051873524, "total_built_mass_tons": 4687907.294035733, "city_id": 12386, "country_iso": "CHN"}, {"h3index": "87309a542ffffff", "population_2015": 42077.49997719411, "total_built_mass_tons": 5925863.011229861, "city_id": 12386, "country_iso": "CHN"}, {"h3index": "87309a543ffffff", "population_2015": 22356.31631945815, "total_built_mass_tons": 3699777.154797198, "city_id": 12386, "country_iso": "CHN"}, {"h3index": "87309a544ffffff", "population_2015": 28354.007769939944, "total_built_mass_tons": 3948577.046630896, "city_id": 12386, "country_iso": "CHN"}, {"h3index": "87309a545ffffff", "population_2015": 26222.00329040827, "total_built_mass_tons": 6680891.144502874, "city_id": 12386, "country_iso": "CHN"}, {"h3index": "87309a546ffffff", "population_2015": 74736.28091151669, "total_built_mass_tons": 5982006.008556517, "city_id": 12386, "country_iso": "CHN"}, {"h3index": "87309a548ffffff", "population_2015": 11639.709431691264, "total_built_mass_tons": 4866777.840371877, "city_id": 12386, "country_iso": "CHN"}, {"h3index": "87309a549ffffff", "population_2015": 17653.23024912815, "total_built_mass_tons": 4674609.559007702, "city_id": 12386, "country_iso": "CHN"}, {"h3index": "87309a54affffff", "population_2015": 8939.191984809382, "total_built_mass_tons": 3374225.0851775035, "city_id": 12386, "country_iso": "CHN"}, {"h3index": "87309a54bffffff", "population_2015": 6583.696760731117, "total_built_mass_tons": 2140586.8283339744, "city_id": 12386, "country_iso": "CHN"}, {"h3index": "87309a54cffffff", "population_2015": 6660.211404299264, "total_built_mass_tons": 3339697.7498468375, "city_id": 12386, "country_iso": "CHN"}, {"h3index": "87309a54dffffff", "population_2015": 26156.616980640563, "total_built_mass_tons": 5076720.788874965, "city_id": 12386, "country_iso": "CHN"}, {"h3index": "87309a54effffff", "population_2015": 14745.032812686994, "total_built_mass_tons": 3535868.8654606985, "city_id": 12386, "country_iso": "CHN"}, {"h3index": "87309a550ffffff", "population_2015": 86335.67728274477, "total_built_mass_tons": 7833642.558843163, "city_id": 12386, "country_iso": "CHN"}, {"h3index": "87309a551ffffff", "population_2015": 50599.46818808761, "total_built_mass_tons": 6549800.336094365, "city_id": 12386, "country_iso": "CHN"}, {"h3index": "87309a552ffffff", "population_2015": 103487.52318527368, "total_built_mass_tons": 10155470.461348424, "city_id": 12386, "country_iso": "CHN"}, {"h3index": "87309a553ffffff", "population_2015": 108328.99005195762, "total_built_mass_tons": 10355179.19594065, "city_id": 12386, "country_iso": "CHN"}, {"h3index": "87309a554ffffff", "population_2015": 111988.7365988339, "total_built_mass_tons": 7164880.671141382, "city_id": 12386, "country_iso": "CHN"}, {"h3index": "87309a555ffffff", "population_2015": 76946.1880039589, "total_built_mass_tons": 6628693.611450272, "city_id": 12386, "country_iso": "CHN"}, {"h3index": "87309a556ffffff", "population_2015": 108072.94187222644, "total_built_mass_tons": 10585099.96688934, "city_id": 12386, "country_iso": "CHN"}, {"h3index": "87309a558ffffff", "population_2015": 26902.273291599053, "total_built_mass_tons": 6352158.494611177, "city_id": 12386, "country_iso": "CHN"}, {"h3index": "87309a559ffffff", "population_2015": 12177.151832483323, "total_built_mass_tons": 2674814.513702336, "city_id": 12386, "country_iso": "CHN"}, {"h3index": "87309a55affffff", "population_2015": 44399.703609848024, "total_built_mass_tons": 8387306.809277148, "city_id": 12386, "country_iso": "CHN"}, {"h3index": "87309a55bffffff", "population_2015": 11263.00426608815, "total_built_mass_tons": 1719680.7251796764, "city_id": 12386, "country_iso": "CHN"}, {"h3index": "87309a55cffffff", "population_2015": 42556.31366642221, "total_built_mass_tons": 7308268.034022076, "city_id": 12386, "country_iso": "CHN"}, {"h3index": "87309a55dffffff", "population_2015": 16537.435623643913, "total_built_mass_tons": 4401182.310435867, "city_id": 12386, "country_iso": "CHN"}, {"h3index": "87309a55effffff", "population_2015": 74576.10455957301, "total_built_mass_tons": 7150700.904886518, "city_id": 12386, "country_iso": "CHN"}, {"h3index": "87309a560ffffff", "population_2015": 4925.722083822885, "total_built_mass_tons": 3413413.84967384, "city_id": 12386, "country_iso": "CHN"}, {"h3index": "87309a561ffffff", "population_2015": 1347.2901693054273, "total_built_mass_tons": 862984.459528991, "city_id": 12386, "country_iso": "CHN"}, {"h3index": "87309a562ffffff", "population_2015": 11558.525002685252, "total_built_mass_tons": 3169114.192720179, "city_id": 12386, "country_iso": "CHN"}, {"h3index": "87309a563ffffff", "population_2015": 8004.464948361528, "total_built_mass_tons": 1371446.4006129692, "city_id": 12386, "country_iso": "CHN"}, {"h3index": "87309a564ffffff", "population_2015": 3631.697735090817, "total_built_mass_tons": 1966524.9179639595, "city_id": 12386, "country_iso": "CHN"}, {"h3index": "87309a565ffffff", "population_2015": 2942.945676209881, "total_built_mass_tons": 2298528.7916948777, "city_id": 12386, "country_iso": "CHN"}, {"h3index": "87309a566ffffff", "population_2015": 4923.92174628903, "total_built_mass_tons": 2766921.274284425, "city_id": 12386, "country_iso": "CHN"}, {"h3index": "87309a568ffffff", "population_2015": 10827.706579527196, "total_built_mass_tons": 4170100.970091164, "city_id": 12386, "country_iso": "CHN"}, {"h3index": "87309a569ffffff", "population_2015": 13952.214253460192, "total_built_mass_tons": 2175535.8770686006, "city_id": 12386, "country_iso": "CHN"}, {"h3index": "87309a56affffff", "population_2015": 13022.773287006454, "total_built_mass_tons": 3287168.6886979556, "city_id": 12386, "country_iso": "CHN"}, {"h3index": "87309a56bffffff", "population_2015": 11824.311199757634, "total_built_mass_tons": 2906940.4543751664, "city_id": 12386, "country_iso": "CHN"}, {"h3index": "87309a56cffffff", "population_2015": 835.8522638676213, "total_built_mass_tons": 626873.5312936221, "city_id": 12386, "country_iso": "CHN"}, {"h3index": "87309a56dffffff", "population_2015": 1139.9693719686247, "total_built_mass_tons": 930313.0204633642, "city_id": 12386, "country_iso": "CHN"}, {"h3index": "87309a56effffff", "population_2015": 8678.563650184517, "total_built_mass_tons": 1927728.9228639267, "city_id": 12386, "country_iso": "CHN"}, {"h3index": "87309a570ffffff", "population_2015": 29915.44964715172, "total_built_mass_tons": 3105307.1428912417, "city_id": 12386, "country_iso": "CHN"}, {"h3index": "87309a571ffffff", "population_2015": 19102.202256247583, "total_built_mass_tons": 4003981.5686572823, "city_id": 12386, "country_iso": "CHN"}, {"h3index": "87309a572ffffff", "population_2015": 31193.788500755894, "total_built_mass_tons": 7337323.787554186, "city_id": 12386, "country_iso": "CHN"}, {"h3index": "87309a573ffffff", "population_2015": 48951.55554781146, "total_built_mass_tons": 5612545.8806572, "city_id": 12386, "country_iso": "CHN"}, {"h3index": "87309a574ffffff", "population_2015": 9392.730850027125, "total_built_mass_tons": 3698818.788295093, "city_id": 12386, "country_iso": "CHN"}, {"h3index": "87309a575ffffff", "population_2015": 12252.655530550905, "total_built_mass_tons": 3289556.056883866, "city_id": 12386, "country_iso": "CHN"}, {"h3index": "87309a576ffffff", "population_2015": 24070.701279123154, "total_built_mass_tons": 5382761.593966916, "city_id": 12386, "country_iso": "CHN"}, {"h3index": "87309a581ffffff", "population_2015": 3.7012474247053553, "total_built_mass_tons": 4104.738673675821, "city_id": 12386, "country_iso": "CHN"}, {"h3index": "87309a584ffffff", "population_2015": 356.56569045665225, "total_built_mass_tons": 414136.3455675044, "city_id": 12386, "country_iso": "CHN"}, {"h3index": "87309a585ffffff", "population_2015": 633.3459039613313, "total_built_mass_tons": 408624.8079357155, "city_id": 12386, "country_iso": "CHN"}, {"h3index": "87309a58bffffff", "population_2015": 183.71236380736036, "total_built_mass_tons": 290600.32534006314, "city_id": 12386, "country_iso": "CHN"}, {"h3index": "87309a5a0ffffff", "population_2015": 383.81113604003326, "total_built_mass_tons": 495788.82595596975, "city_id": 12386, "country_iso": "CHN"}, {"h3index": "87309a5a1ffffff", "population_2015": 1440.1672967200184, "total_built_mass_tons": 1053074.030716789, "city_id": 12386, "country_iso": "CHN"}, {"h3index": "87309a5a2ffffff", "population_2015": 369.8354367125269, "total_built_mass_tons": 391259.51631507673, "city_id": 12386, "country_iso": "CHN"}, {"h3index": "87309a5a3ffffff", "population_2015": 9716.498625010136, "total_built_mass_tons": 4499536.554283474, "city_id": 12386, "country_iso": "CHN"}, {"h3index": "87309a5a8ffffff", "population_2015": 10867.41507542928, "total_built_mass_tons": 1566091.1449426566, "city_id": 12386, "country_iso": "CHN"}, {"h3index": "87309a5a9ffffff", "population_2015": 15292.082170163882, "total_built_mass_tons": 2155825.595856332, "city_id": 12386, "country_iso": "CHN"}, {"h3index": "87309a5aaffffff", "population_2015": 1401.9462185139748, "total_built_mass_tons": 1282627.9118986777, "city_id": 12386, "country_iso": "CHN"}, {"h3index": "87309a5abffffff", "population_2015": 2146.6449376386754, "total_built_mass_tons": 831085.4034225867, "city_id": 12386, "country_iso": "CHN"}, {"h3index": "87309a5acffffff", "population_2015": 1715.2235048948553, "total_built_mass_tons": 1540455.563139083, "city_id": 12386, "country_iso": "CHN"}, {"h3index": "87309a5adffffff", "population_2015": 5757.111107371835, "total_built_mass_tons": 3907300.370230616, "city_id": 12386, "country_iso": "CHN"}, {"h3index": "87309a5aeffffff", "population_2015": 4670.279493556771, "total_built_mass_tons": 1641292.1265289744, "city_id": 12386, "country_iso": "CHN"}, {"h3index": "87309a600ffffff", "population_2015": 8106.844027292963, "total_built_mass_tons": 1829777.681295069, "city_id": 12386, "country_iso": "CHN"}, {"h3index": "87309a601ffffff", "population_2015": 4793.94236474785, "total_built_mass_tons": 2018765.7205461296, "city_id": 12386, "country_iso": "CHN"}, {"h3index": "87309a602ffffff", "population_2015": 4605.03310633968, "total_built_mass_tons": 1461118.1954295747, "city_id": 12386, "country_iso": "CHN"}, {"h3index": "87309a603ffffff", "population_2015": 1504.0371068000798, "total_built_mass_tons": 640542.5355540535, "city_id": 12386, "country_iso": "CHN"}, {"h3index": "87309a604ffffff", "population_2015": 7650.620485860227, "total_built_mass_tons": 2321435.701176197, "city_id": 12386, "country_iso": "CHN"}, {"h3index": "87309a605ffffff", "population_2015": 7366.830623356501, "total_built_mass_tons": 3100688.7088891, "city_id": 12386, "country_iso": "CHN"}, {"h3index": "87309a606ffffff", "population_2015": 19238.176776455897, "total_built_mass_tons": 4207683.204790042, "city_id": 12386, "country_iso": "CHN"}, {"h3index": "87309a608ffffff", "population_2015": 9702.425660130562, "total_built_mass_tons": 4290322.729155291, "city_id": 12386, "country_iso": "CHN"}, {"h3index": "87309a609ffffff", "population_2015": 4353.256366541341, "total_built_mass_tons": 4304251.400772495, "city_id": 12386, "country_iso": "CHN"}, {"h3index": "87309a60affffff", "population_2015": 6776.808993468097, "total_built_mass_tons": 2892758.472671414, "city_id": 12386, "country_iso": "CHN"}, {"h3index": "87309a60bffffff", "population_2015": 9529.819019013765, "total_built_mass_tons": 3941921.21208492, "city_id": 12386, "country_iso": "CHN"}, {"h3index": "87309a60cffffff", "population_2015": 1710.8457885802957, "total_built_mass_tons": 1015157.7265041366, "city_id": 12386, "country_iso": "CHN"}, {"h3index": "87309a60dffffff", "population_2015": 8311.48554147833, "total_built_mass_tons": 2504461.7004156867, "city_id": 12386, "country_iso": "CHN"}, {"h3index": "87309a60effffff", "population_2015": 2261.9753626229717, "total_built_mass_tons": 886524.8492502803, "city_id": 12386, "country_iso": "CHN"}, {"h3index": "87309a610ffffff", "population_2015": 18408.435967875463, "total_built_mass_tons": 3129572.5565460064, "city_id": 12386, "country_iso": "CHN"}, {"h3index": "87309a611ffffff", "population_2015": 13338.408122915384, "total_built_mass_tons": 3414987.818027502, "city_id": 12386, "country_iso": "CHN"}, {"h3index": "87309a612ffffff", "population_2015": 13159.875158427738, "total_built_mass_tons": 4331872.380961483, "city_id": 12386, "country_iso": "CHN"}, {"h3index": "87309a613ffffff", "population_2015": 5831.654128955392, "total_built_mass_tons": 1534238.8038861162, "city_id": 12386, "country_iso": "CHN"}, {"h3index": "87309a614ffffff", "population_2015": 24348.250168611492, "total_built_mass_tons": 7192490.930676366, "city_id": 12386, "country_iso": "CHN"}, {"h3index": "87309a615ffffff", "population_2015": 8872.573645621653, "total_built_mass_tons": 4285652.847204216, "city_id": 12386, "country_iso": "CHN"}, {"h3index": "87309a616ffffff", "population_2015": 26399.972239627084, "total_built_mass_tons": 5105436.8986812895, "city_id": 12386, "country_iso": "CHN"}, {"h3index": "87309a618ffffff", "population_2015": 4067.8105126698815, "total_built_mass_tons": 1499988.142673507, "city_id": 12386, "country_iso": "CHN"}, {"h3index": "87309a619ffffff", "population_2015": 3009.0661646679337, "total_built_mass_tons": 1843302.9730886144, "city_id": 12386, "country_iso": "CHN"}, {"h3index": "87309a61affffff", "population_2015": 11296.581707673911, "total_built_mass_tons": 2343863.1647966104, "city_id": 12386, "country_iso": "CHN"}, {"h3index": "87309a61bffffff", "population_2015": 7315.599974253598, "total_built_mass_tons": 2552711.043607124, "city_id": 12386, "country_iso": "CHN"}, {"h3index": "87309a61cffffff", "population_2015": 2694.8435677088937, "total_built_mass_tons": 667815.5096636461, "city_id": 12386, "country_iso": "CHN"}, {"h3index": "87309a61dffffff", "population_2015": 848.9803721731786, "total_built_mass_tons": 714387.0319224987, "city_id": 12386, "country_iso": "CHN"}, {"h3index": "87309a61effffff", "population_2015": 4235.946072724285, "total_built_mass_tons": 1818578.7435463844, "city_id": 12386, "country_iso": "CHN"}, {"h3index": "87309a620ffffff", "population_2015": 8930.031706838046, "total_built_mass_tons": 3216342.9335575644, "city_id": 12386, "country_iso": "CHN"}, {"h3index": "87309a621ffffff", "population_2015": 3875.760702260335, "total_built_mass_tons": 1765579.2256310368, "city_id": 12386, "country_iso": "CHN"}, {"h3index": "87309a622ffffff", "population_2015": 9013.712799521056, "total_built_mass_tons": 3813200.43041486, "city_id": 12386, "country_iso": "CHN"}, {"h3index": "87309a623ffffff", "population_2015": 8978.674676612778, "total_built_mass_tons": 3244277.6283113523, "city_id": 12386, "country_iso": "CHN"}, {"h3index": "87309a624ffffff", "population_2015": 9531.80350310756, "total_built_mass_tons": 2929184.123654182, "city_id": 12386, "country_iso": "CHN"}, {"h3index": "87309a625ffffff", "population_2015": 8573.639909898533, "total_built_mass_tons": 3476354.1262632795, "city_id": 12386, "country_iso": "CHN"}, {"h3index": "87309a626ffffff", "population_2015": 15779.410520845297, "total_built_mass_tons": 3739879.700769244, "city_id": 12386, "country_iso": "CHN"}, {"h3index": "87309a62affffff", "population_2015": 13.087406824149337, "total_built_mass_tons": 28167.17724235192, "city_id": 12386, "country_iso": "CHN"}, {"h3index": "87309a62cffffff", "population_2015": 132.5714094470529, "total_built_mass_tons": 173210.1589882324, "city_id": 12386, "country_iso": "CHN"}, {"h3index": "87309a62effffff", "population_2015": 1578.5403698388268, "total_built_mass_tons": 449315.43362654786, "city_id": 12386, "country_iso": "CHN"}, {"h3index": "87309a630ffffff", "population_2015": 10965.4908958608, "total_built_mass_tons": 2961123.8463477106, "city_id": 12386, "country_iso": "CHN"}, {"h3index": "87309a631ffffff", "population_2015": 6716.380977509069, "total_built_mass_tons": 2015654.4176469732, "city_id": 12386, "country_iso": "CHN"}, {"h3index": "87309a632ffffff", "population_2015": 11133.706203095117, "total_built_mass_tons": 3596989.595566687, "city_id": 12386, "country_iso": "CHN"}, {"h3index": "87309a633ffffff", "population_2015": 18438.97720929314, "total_built_mass_tons": 8660540.416263074, "city_id": 12386, "country_iso": "CHN"}, {"h3index": "87309a634ffffff", "population_2015": 3015.214751587194, "total_built_mass_tons": 1105818.8545297813, "city_id": 12386, "country_iso": "CHN"}, {"h3index": "87309a635ffffff", "population_2015": 6315.282586615693, "total_built_mass_tons": 2302042.124653336, "city_id": 12386, "country_iso": "CHN"}, {"h3index": "87309a636ffffff", "population_2015": 9401.37300234028, "total_built_mass_tons": 3464166.334442157, "city_id": 12386, "country_iso": "CHN"}, {"h3index": "87309a650ffffff", "population_2015": 2996.449748350125, "total_built_mass_tons": 2586195.9268636075, "city_id": 12386, "country_iso": "CHN"}, {"h3index": "87309a652ffffff", "population_2015": 10590.39525845845, "total_built_mass_tons": 3903050.0621988825, "city_id": 12386, "country_iso": "CHN"}, {"h3index": "87309a653ffffff", "population_2015": 321.9138697156719, "total_built_mass_tons": 74460.57843604137, "city_id": 12386, "country_iso": "CHN"}, {"h3index": "87309a654ffffff", "population_2015": 2323.6573444389833, "total_built_mass_tons": 2741485.3314876123, "city_id": 12386, "country_iso": "CHN"}, {"h3index": "87309a656ffffff", "population_2015": 7786.551289487356, "total_built_mass_tons": 6420601.499567302, "city_id": 12386, "country_iso": "CHN"}, {"h3index": "87309a672ffffff", "population_2015": 3244.483525361267, "total_built_mass_tons": 2840692.6539910445, "city_id": 12386, "country_iso": "CHN"}, {"h3index": "87309a680ffffff", "population_2015": 1355.1835801666855, "total_built_mass_tons": 591129.4006990967, "city_id": 12386, "country_iso": "CHN"}, {"h3index": "87309a681ffffff", "population_2015": 2281.7224195604226, "total_built_mass_tons": 1157185.1827377223, "city_id": 12386, "country_iso": "CHN"}, {"h3index": "87309a684ffffff", "population_2015": 1.622765484978171, "total_built_mass_tons": 7219.539371453629, "city_id": 12386, "country_iso": "CHN"}, {"h3index": "87309a685ffffff", "population_2015": 2169.259471192547, "total_built_mass_tons": 1463970.0560101292, "city_id": 12386, "country_iso": "CHN"}, {"h3index": "87309a688ffffff", "population_2015": 2552.820948365156, "total_built_mass_tons": 1635294.69937057, "city_id": 12386, "country_iso": "CHN"}, {"h3index": "87309a689ffffff", "population_2015": 26891.50261523022, "total_built_mass_tons": 3266582.4339945843, "city_id": 12386, "country_iso": "CHN"}, {"h3index": "87309a68bffffff", "population_2015": 314.4738079075719, "total_built_mass_tons": 387742.4301812805, "city_id": 12386, "country_iso": "CHN"}, {"h3index": "87309a68cffffff", "population_2015": 2641.6715460590285, "total_built_mass_tons": 1703230.296091272, "city_id": 12386, "country_iso": "CHN"}, {"h3index": "87309a68dffffff", "population_2015": 10832.72451096516, "total_built_mass_tons": 2628942.3486013464, "city_id": 12386, "country_iso": "CHN"}, {"h3index": "87309a68effffff", "population_2015": 255.51096458435063, "total_built_mass_tons": 255152.81970282504, "city_id": 12386, "country_iso": "CHN"}, {"h3index": "87309a6a0ffffff", "population_2015": 653.0788494633694, "total_built_mass_tons": 328751.7274753389, "city_id": 12386, "country_iso": "CHN"}, {"h3index": "87309a6a1ffffff", "population_2015": 710.0808364582996, "total_built_mass_tons": 794742.667856793, "city_id": 12386, "country_iso": "CHN"}, {"h3index": "87309a6a4ffffff", "population_2015": 1708.5996150372075, "total_built_mass_tons": 1169911.660812306, "city_id": 12386, "country_iso": "CHN"}, {"h3index": "87309a6a5ffffff", "population_2015": 4352.846171242582, "total_built_mass_tons": 1335017.0079362867, "city_id": 12386, "country_iso": "CHN"}, {"h3index": "87309a6a6ffffff", "population_2015": 13.945559749416276, "total_built_mass_tons": 17859.507245905843, "city_id": 12386, "country_iso": "CHN"}, {"h3index": "87309a6a8ffffff", "population_2015": 1241.2995603556726, "total_built_mass_tons": 688824.3556286658, "city_id": 12386, "country_iso": "CHN"}, {"h3index": "87309a6a9ffffff", "population_2015": 17614.218577042742, "total_built_mass_tons": 4012511.052288884, "city_id": 12386, "country_iso": "CHN"}, {"h3index": "87309a6aaffffff", "population_2015": 6598.966648797429, "total_built_mass_tons": 1770523.7134339982, "city_id": 12386, "country_iso": "CHN"}, {"h3index": "87309a6abffffff", "population_2015": 17481.00881384681, "total_built_mass_tons": 3209133.8749802774, "city_id": 12386, "country_iso": "CHN"}, {"h3index": "87309a6acffffff", "population_2015": 2823.9510167519243, "total_built_mass_tons": 1457457.8917571388, "city_id": 12386, "country_iso": "CHN"}, {"h3index": "87309a6adffffff", "population_2015": 5285.127642883972, "total_built_mass_tons": 1658753.160320812, "city_id": 12386, "country_iso": "CHN"}, {"h3index": "87309a6aeffffff", "population_2015": 1653.4476107620728, "total_built_mass_tons": 1292048.2020365605, "city_id": 12386, "country_iso": "CHN"}, {"h3index": "87309a6c0ffffff", "population_2015": 4.090367712694056, "total_built_mass_tons": 27623.326044840353, "city_id": 12386, "country_iso": "CHN"}, {"h3index": "87309a6c4ffffff", "population_2015": 1465.9805332431608, "total_built_mass_tons": 1019743.166533633, "city_id": 12386, "country_iso": "CHN"}, {"h3index": "87309a6c6ffffff", "population_2015": 6326.220810164658, "total_built_mass_tons": 2350352.905713563, "city_id": 12386, "country_iso": "CHN"}, {"h3index": "87309a6d0ffffff", "population_2015": 217.3259408128028, "total_built_mass_tons": 426552.29702705704, "city_id": 12386, "country_iso": "CHN"}, {"h3index": "87309a6d4ffffff", "population_2015": 32003.74265773624, "total_built_mass_tons": 4833285.644556812, "city_id": 12386, "country_iso": "CHN"}, {"h3index": "87309a6d5ffffff", "population_2015": 3067.592760810666, "total_built_mass_tons": 3300344.089812099, "city_id": 12386, "country_iso": "CHN"}, {"h3index": "87309a6d6ffffff", "population_2015": 3466.2503806759323, "total_built_mass_tons": 1842272.4402793988, "city_id": 12386, "country_iso": "CHN"}, {"h3index": "87309a6e0ffffff", "population_2015": 606.4934440159328, "total_built_mass_tons": 1285064.718263085, "city_id": 12386, "country_iso": "CHN"}, {"h3index": "87309a6e1ffffff", "population_2015": 1412.834519247915, "total_built_mass_tons": 937640.6564403292, "city_id": 12386, "country_iso": "CHN"}, {"h3index": "87309a6e2ffffff", "population_2015": 1326.9740403184703, "total_built_mass_tons": 605879.9951066474, "city_id": 12386, "country_iso": "CHN"}, {"h3index": "87309a6e4ffffff", "population_2015": 7026.852955480647, "total_built_mass_tons": 3583847.063228611, "city_id": 12386, "country_iso": "CHN"}, {"h3index": "87309a6e5ffffff", "population_2015": 4588.5769069589805, "total_built_mass_tons": 3406628.1750656376, "city_id": 12386, "country_iso": "CHN"}, {"h3index": "87309a6e6ffffff", "population_2015": 6462.6011084795, "total_built_mass_tons": 2128290.735426224, "city_id": 12386, "country_iso": "CHN"}, {"h3index": "87309a6f0ffffff", "population_2015": 80256.0847110898, "total_built_mass_tons": 6540103.759162122, "city_id": 12386, "country_iso": "CHN"}, {"h3index": "87309a6f1ffffff", "population_2015": 5343.5125932880455, "total_built_mass_tons": 1515596.786169419, "city_id": 12386, "country_iso": "CHN"}, {"h3index": "87309a6f2ffffff", "population_2015": 76448.58245265808, "total_built_mass_tons": 7831348.46156479, "city_id": 12386, "country_iso": "CHN"}, {"h3index": "87309a6f3ffffff", "population_2015": 81695.45121865364, "total_built_mass_tons": 6646307.7806520555, "city_id": 12386, "country_iso": "CHN"}, {"h3index": "87309a6f4ffffff", "population_2015": 29236.209361068875, "total_built_mass_tons": 4762447.814340331, "city_id": 12386, "country_iso": "CHN"}, {"h3index": "87309a6f5ffffff", "population_2015": 11006.859955035936, "total_built_mass_tons": 3439658.767449774, "city_id": 12386, "country_iso": "CHN"}, {"h3index": "87309a6f6ffffff", "population_2015": 45565.5780924928, "total_built_mass_tons": 6189980.767137176, "city_id": 12386, "country_iso": "CHN"}, {"h3index": "87309a700ffffff", "population_2015": 5485.406887016344, "total_built_mass_tons": 3564475.6113588307, "city_id": 12386, "country_iso": "CHN"}, {"h3index": "87309a701ffffff", "population_2015": 3658.7573073990216, "total_built_mass_tons": 3112573.4625238013, "city_id": 12386, "country_iso": "CHN"}, {"h3index": "87309a702ffffff", "population_2015": 6395.245028952057, "total_built_mass_tons": 2971597.662033581, "city_id": 12386, "country_iso": "CHN"}, {"h3index": "87309a703ffffff", "population_2015": 10966.84817549575, "total_built_mass_tons": 3699664.922225897, "city_id": 12386, "country_iso": "CHN"}, {"h3index": "87309a704ffffff", "population_2015": 437.4885404035157, "total_built_mass_tons": 308992.6052337913, "city_id": 12386, "country_iso": "CHN"}, {"h3index": "87309a705ffffff", "population_2015": 1913.0364417244405, "total_built_mass_tons": 891519.9721115495, "city_id": 12386, "country_iso": "CHN"}, {"h3index": "87309a706ffffff", "population_2015": 2013.3589624077672, "total_built_mass_tons": 1137445.9201731333, "city_id": 12386, "country_iso": "CHN"}, {"h3index": "87309a708ffffff", "population_2015": 2896.0531799676355, "total_built_mass_tons": 2405063.250105039, "city_id": 12386, "country_iso": "CHN"}, {"h3index": "87309a709ffffff", "population_2015": 2609.354655636059, "total_built_mass_tons": 1499885.0474274715, "city_id": 12386, "country_iso": "CHN"}, {"h3index": "87309a70affffff", "population_2015": 4807.810958216238, "total_built_mass_tons": 2664934.602273602, "city_id": 12386, "country_iso": "CHN"}, {"h3index": "87309a70bffffff", "population_2015": 4302.556075449551, "total_built_mass_tons": 2896144.870301784, "city_id": 12386, "country_iso": "CHN"}, {"h3index": "87309a70cffffff", "population_2015": 1751.297148313242, "total_built_mass_tons": 1957688.2446937691, "city_id": 12386, "country_iso": "CHN"}, {"h3index": "87309a70dffffff", "population_2015": 1075.3516215277652, "total_built_mass_tons": 1259054.9227670648, "city_id": 12386, "country_iso": "CHN"}, {"h3index": "87309a70effffff", "population_2015": 2902.799919303726, "total_built_mass_tons": 2095439.517754217, "city_id": 12386, "country_iso": "CHN"}, {"h3index": "87309a710ffffff", "population_2015": 3501.569414438454, "total_built_mass_tons": 2816403.3704123744, "city_id": 12386, "country_iso": "CHN"}, {"h3index": "87309a711ffffff", "population_2015": 755.1054072193069, "total_built_mass_tons": 700414.6601302697, "city_id": 12386, "country_iso": "CHN"}, {"h3index": "87309a712ffffff", "population_2015": 5320.028189881643, "total_built_mass_tons": 3302565.7572411895, "city_id": 12386, "country_iso": "CHN"}, {"h3index": "87309a713ffffff", "population_2015": 1786.304254800432, "total_built_mass_tons": 2860096.4728921456, "city_id": 12386, "country_iso": "CHN"}, {"h3index": "87309a714ffffff", "population_2015": 6489.916829454199, "total_built_mass_tons": 3170778.658727508, "city_id": 12386, "country_iso": "CHN"}, {"h3index": "87309a715ffffff", "population_2015": 8683.982022716487, "total_built_mass_tons": 3937264.020571919, "city_id": 12386, "country_iso": "CHN"}, {"h3index": "87309a716ffffff", "population_2015": 3101.2865253541977, "total_built_mass_tons": 3682971.603135696, "city_id": 12386, "country_iso": "CHN"}, {"h3index": "87309a718ffffff", "population_2015": 5168.238817895626, "total_built_mass_tons": 1678486.5966502242, "city_id": 12386, "country_iso": "CHN"}, {"h3index": "87309a719ffffff", "population_2015": 4917.23806975215, "total_built_mass_tons": 2898682.13068851, "city_id": 12386, "country_iso": "CHN"}, {"h3index": "87309a71affffff", "population_2015": 7774.775137711506, "total_built_mass_tons": 1752498.6282986042, "city_id": 12386, "country_iso": "CHN"}, {"h3index": "87309a71bffffff", "population_2015": 4453.513762617111, "total_built_mass_tons": 1740932.7625415218, "city_id": 12386, "country_iso": "CHN"}, {"h3index": "87309a71cffffff", "population_2015": 17912.32756733988, "total_built_mass_tons": 4344998.782412736, "city_id": 12386, "country_iso": "CHN"}, {"h3index": "87309a71dffffff", "population_2015": 9403.180361088587, "total_built_mass_tons": 4284809.934467957, "city_id": 12386, "country_iso": "CHN"}, {"h3index": "87309a71effffff", "population_2015": 9558.928465070909, "total_built_mass_tons": 2240202.122342334, "city_id": 12386, "country_iso": "CHN"}, {"h3index": "87309a720ffffff", "population_2015": 3819.2816932547335, "total_built_mass_tons": 2063423.652533935, "city_id": 12386, "country_iso": "CHN"}, {"h3index": "87309a721ffffff", "population_2015": 6965.106392756161, "total_built_mass_tons": 4370079.258947045, "city_id": 12386, "country_iso": "CHN"}, {"h3index": "87309a722ffffff", "population_2015": 2739.293017801584, "total_built_mass_tons": 1413072.3253724133, "city_id": 12386, "country_iso": "CHN"}, {"h3index": "87309a723ffffff", "population_2015": 1176.8575042874206, "total_built_mass_tons": 499303.2173403122, "city_id": 12386, "country_iso": "CHN"}, {"h3index": "87309a724ffffff", "population_2015": 2409.696665405293, "total_built_mass_tons": 1419583.050582039, "city_id": 12386, "country_iso": "CHN"}, {"h3index": "87309a725ffffff", "population_2015": 1463.9521651328778, "total_built_mass_tons": 1625613.6215332758, "city_id": 12386, "country_iso": "CHN"}, {"h3index": "87309a726ffffff", "population_2015": 5201.90473009418, "total_built_mass_tons": 2043598.9990308704, "city_id": 12386, "country_iso": "CHN"}, {"h3index": "87309a728ffffff", "population_2015": 11523.529655974518, "total_built_mass_tons": 3444607.3469383055, "city_id": 12386, "country_iso": "CHN"}, {"h3index": "87309a729ffffff", "population_2015": 2841.352587655011, "total_built_mass_tons": 1800529.7927742023, "city_id": 12386, "country_iso": "CHN"}, {"h3index": "87309a72affffff", "population_2015": 8840.680970160633, "total_built_mass_tons": 4326761.230533804, "city_id": 12386, "country_iso": "CHN"}, {"h3index": "87309a72bffffff", "population_2015": 3101.363421904807, "total_built_mass_tons": 2198259.811308846, "city_id": 12386, "country_iso": "CHN"}, {"h3index": "87309a72cffffff", "population_2015": 4565.472969675062, "total_built_mass_tons": 2540277.7385508064, "city_id": 12386, "country_iso": "CHN"}, {"h3index": "87309a72dffffff", "population_2015": 14585.329870746647, "total_built_mass_tons": 4394194.420165881, "city_id": 12386, "country_iso": "CHN"}, {"h3index": "87309a72effffff", "population_2015": 1315.0364504627155, "total_built_mass_tons": 628141.2811495571, "city_id": 12386, "country_iso": "CHN"}, {"h3index": "87309a730ffffff", "population_2015": 4769.522537052866, "total_built_mass_tons": 2873110.0603027493, "city_id": 12386, "country_iso": "CHN"}, {"h3index": "87309a731ffffff", "population_2015": 377.60234640345857, "total_built_mass_tons": 416624.731264787, "city_id": 12386, "country_iso": "CHN"}, {"h3index": "87309a733ffffff", "population_2015": 1308.75146353198, "total_built_mass_tons": 882432.420801915, "city_id": 12386, "country_iso": "CHN"}, {"h3index": "87309a734ffffff", "population_2015": 410.6943104369968, "total_built_mass_tons": 274412.6473126709, "city_id": 12386, "country_iso": "CHN"}, {"h3index": "87309a735ffffff", "population_2015": 4994.831622964963, "total_built_mass_tons": 1850770.5969854617, "city_id": 12386, "country_iso": "CHN"}, {"h3index": "87309a736ffffff", "population_2015": 3788.9775006317623, "total_built_mass_tons": 2760235.7572161686, "city_id": 12386, "country_iso": "CHN"}, {"h3index": "87309a740ffffff", "population_2015": 56.556093231836954, "total_built_mass_tons": 122031.53739945951, "city_id": 12386, "country_iso": "CHN"}, {"h3index": "87309a742ffffff", "population_2015": 2672.9254799730634, "total_built_mass_tons": 651180.303994416, "city_id": 12386, "country_iso": "CHN"}, {"h3index": "87309a744ffffff", "population_2015": 1.6221384113910151, "total_built_mass_tons": 6509.507130445956, "city_id": 12386, "country_iso": "CHN"}, {"h3index": "87309a746ffffff", "population_2015": 575.9891841925826, "total_built_mass_tons": 722632.25376763, "city_id": 12386, "country_iso": "CHN"}, {"h3index": "87309a750ffffff", "population_2015": 2295.9460376851707, "total_built_mass_tons": 1133885.7647583573, "city_id": 12386, "country_iso": "CHN"}, {"h3index": "87309a751ffffff", "population_2015": 9758.345975563572, "total_built_mass_tons": 1842039.6074475509, "city_id": 12386, "country_iso": "CHN"}, {"h3index": "87309a752ffffff", "population_2015": 3964.007934939629, "total_built_mass_tons": 1414732.1127069604, "city_id": 12386, "country_iso": "CHN"}, {"h3index": "87309a753ffffff", "population_2015": 1496.458874008702, "total_built_mass_tons": 1407876.2754023194, "city_id": 12386, "country_iso": "CHN"}, {"h3index": "87309a754ffffff", "population_2015": 1504.066960398356, "total_built_mass_tons": 964486.0848266026, "city_id": 12386, "country_iso": "CHN"}, {"h3index": "87309a755ffffff", "population_2015": 5625.842171306235, "total_built_mass_tons": 896387.5181168717, "city_id": 12386, "country_iso": "CHN"}, {"h3index": "87309a756ffffff", "population_2015": 2169.6716576637004, "total_built_mass_tons": 1556424.1052474105, "city_id": 12386, "country_iso": "CHN"}, {"h3index": "87309a75cffffff", "population_2015": 3847.543773294897, "total_built_mass_tons": 976954.140827111, "city_id": 12386, "country_iso": "CHN"}, {"h3index": "87309a75effffff", "population_2015": 1943.3562162179576, "total_built_mass_tons": 796139.2962055311, "city_id": 12386, "country_iso": "CHN"}, {"h3index": "87309a770ffffff", "population_2015": 8900.78798452265, "total_built_mass_tons": 2086808.891806702, "city_id": 12386, "country_iso": "CHN"}, {"h3index": "87309a771ffffff", "population_2015": 3665.77803403817, "total_built_mass_tons": 1344783.1788690244, "city_id": 12386, "country_iso": "CHN"}, {"h3index": "87309a772ffffff", "population_2015": 1675.6917141652575, "total_built_mass_tons": 1305934.0060920808, "city_id": 12386, "country_iso": "CHN"}, {"h3index": "87309a773ffffff", "population_2015": 2456.713653348474, "total_built_mass_tons": 1559866.9350833104, "city_id": 12386, "country_iso": "CHN"}, {"h3index": "87309a774ffffff", "population_2015": 1053.2323774478014, "total_built_mass_tons": 924656.5853937006, "city_id": 12386, "country_iso": "CHN"}, {"h3index": "87309a776ffffff", "population_2015": 3472.154138406118, "total_built_mass_tons": 2024789.0690659315, "city_id": 12386, "country_iso": "CHN"}, {"h3index": "87309a780ffffff", "population_2015": 1348.3616643213757, "total_built_mass_tons": 560869.0572474352, "city_id": 12386, "country_iso": "CHN"}, {"h3index": "87309a781ffffff", "population_2015": 1423.0221417707553, "total_built_mass_tons": 1036504.4693618808, "city_id": 12386, "country_iso": "CHN"}, {"h3index": "87309a784ffffff", "population_2015": 1.3151367524090936, "total_built_mass_tons": 2165.5588644460577, "city_id": 12386, "country_iso": "CHN"}, {"h3index": "87309a785ffffff", "population_2015": 7125.496383484669, "total_built_mass_tons": 1107365.2911525783, "city_id": 12386, "country_iso": "CHN"}, {"h3index": "87309a786ffffff", "population_2015": 43.91489033418543, "total_built_mass_tons": 34930.18259903081, "city_id": 12386, "country_iso": "CHN"}, {"h3index": "87309a788ffffff", "population_2015": 6183.430324572675, "total_built_mass_tons": 1620234.896308554, "city_id": 12386, "country_iso": "CHN"}, {"h3index": "87309a789ffffff", "population_2015": 35496.25818840476, "total_built_mass_tons": 4541148.855663257, "city_id": 12386, "country_iso": "CHN"}, {"h3index": "87309a78affffff", "population_2015": 149.8323748850355, "total_built_mass_tons": 107255.7855853076, "city_id": 12386, "country_iso": "CHN"}, {"h3index": "87309a78bffffff", "population_2015": 6225.793432981826, "total_built_mass_tons": 1299891.257563911, "city_id": 12386, "country_iso": "CHN"}, {"h3index": "87309a78cffffff", "population_2015": 7912.3877130732835, "total_built_mass_tons": 3162806.373719934, "city_id": 12386, "country_iso": "CHN"}, {"h3index": "87309a78dffffff", "population_2015": 14204.979026249814, "total_built_mass_tons": 4318830.8211899195, "city_id": 12386, "country_iso": "CHN"}, {"h3index": "87309a78effffff", "population_2015": 3357.175405410692, "total_built_mass_tons": 2216793.6588817732, "city_id": 12386, "country_iso": "CHN"}, {"h3index": "87309a7a0ffffff", "population_2015": 1855.6172335792996, "total_built_mass_tons": 1324028.6484889004, "city_id": 12386, "country_iso": "CHN"}, {"h3index": "87309a7a1ffffff", "population_2015": 4794.338897314025, "total_built_mass_tons": 2003700.832740574, "city_id": 12386, "country_iso": "CHN"}, {"h3index": "87309a7a2ffffff", "population_2015": 254.76052608396495, "total_built_mass_tons": 216127.56304037807, "city_id": 12386, "country_iso": "CHN"}, {"h3index": "87309a7a3ffffff", "population_2015": 4921.474995004431, "total_built_mass_tons": 1506910.7361461811, "city_id": 12386, "country_iso": "CHN"}, {"h3index": "87309a7a4ffffff", "population_2015": 4509.145953818395, "total_built_mass_tons": 1837140.132859319, "city_id": 12386, "country_iso": "CHN"}, {"h3index": "87309a7a5ffffff", "population_2015": 5588.4490456223475, "total_built_mass_tons": 3283298.197404882, "city_id": 12386, "country_iso": "CHN"}, {"h3index": "87309a7a6ffffff", "population_2015": 9143.58946064594, "total_built_mass_tons": 2899999.391028546, "city_id": 12386, "country_iso": "CHN"}, {"h3index": "87309a7a8ffffff", "population_2015": 8372.647920716043, "total_built_mass_tons": 2229820.748100617, "city_id": 12386, "country_iso": "CHN"}, {"h3index": "87309a7a9ffffff", "population_2015": 11836.54190173009, "total_built_mass_tons": 1775877.859727997, "city_id": 12386, "country_iso": "CHN"}, {"h3index": "87309a7aaffffff", "population_2015": 9461.050257312549, "total_built_mass_tons": 3168190.1063504796, "city_id": 12386, "country_iso": "CHN"}, {"h3index": "87309a7abffffff", "population_2015": 11508.326551008222, "total_built_mass_tons": 2815053.8955566008, "city_id": 12386, "country_iso": "CHN"}, {"h3index": "87309a7acffffff", "population_2015": 4879.123807403386, "total_built_mass_tons": 2538388.3530865046, "city_id": 12386, "country_iso": "CHN"}, {"h3index": "87309a7adffffff", "population_2015": 2743.895349649354, "total_built_mass_tons": 1627690.55207967, "city_id": 12386, "country_iso": "CHN"}, {"h3index": "87309a7aeffffff", "population_2015": 24578.263042167597, "total_built_mass_tons": 3949186.686268482, "city_id": 12386, "country_iso": "CHN"}, {"h3index": "87309a7b0ffffff", "population_2015": 65.79546327403948, "total_built_mass_tons": 37207.09419092483, "city_id": 12386, "country_iso": "CHN"}, {"h3index": "87309a7b1ffffff", "population_2015": 539.8643994537055, "total_built_mass_tons": 516025.8475931337, "city_id": 12386, "country_iso": "CHN"}, {"h3index": "87309a7b4ffffff", "population_2015": 7223.428905229007, "total_built_mass_tons": 1257658.4853205497, "city_id": 12386, "country_iso": "CHN"}, {"h3index": "87309a7b5ffffff", "population_2015": 5948.949328599256, "total_built_mass_tons": 2167299.1306888177, "city_id": 12386, "country_iso": "CHN"}, {"h3index": "87309ac5affffff", "population_2015": 1055.5012206806853, "total_built_mass_tons": 373239.4556024849, "city_id": 12386, "country_iso": "CHN"}, {"h3index": "87309ac5bffffff", "population_2015": 624.1864001049715, "total_built_mass_tons": 155650.4307480355, "city_id": 12386, "country_iso": "CHN"}, {"h3index": "87309acc0ffffff", "population_2015": 6271.633086053999, "total_built_mass_tons": 2677777.968751422, "city_id": 12386, "country_iso": "CHN"}, {"h3index": "87309acc1ffffff", "population_2015": 3063.2463060299556, "total_built_mass_tons": 779664.1339087217, "city_id": 12386, "country_iso": "CHN"}, {"h3index": "87309acc2ffffff", "population_2015": 2832.9293964245744, "total_built_mass_tons": 1748151.2360473596, "city_id": 12386, "country_iso": "CHN"}, {"h3index": "87309acc3ffffff", "population_2015": 999.288769486371, "total_built_mass_tons": 622224.728705957, "city_id": 12386, "country_iso": "CHN"}, {"h3index": "87309acc4ffffff", "population_2015": 648.0868179096896, "total_built_mass_tons": 267031.38183319784, "city_id": 12386, "country_iso": "CHN"}, {"h3index": "87309acc5ffffff", "population_2015": 1368.116135631823, "total_built_mass_tons": 387486.6817163547, "city_id": 12386, "country_iso": "CHN"}, {"h3index": "87309acc6ffffff", "population_2015": 747.1956293688099, "total_built_mass_tons": 471565.1889195028, "city_id": 12386, "country_iso": "CHN"}, {"h3index": "87309accaffffff", "population_2015": 1943.4403552765937, "total_built_mass_tons": 726494.7160889157, "city_id": 12386, "country_iso": "CHN"}, {"h3index": "87309accbffffff", "population_2015": 326.5759919320835, "total_built_mass_tons": 158805.32666010511, "city_id": 12386, "country_iso": "CHN"}, {"h3index": "87309acccffffff", "population_2015": 22.58576265409881, "total_built_mass_tons": 57131.10695252109, "city_id": 12386, "country_iso": "CHN"}, {"h3index": "87309accdffffff", "population_2015": 533.9567291203666, "total_built_mass_tons": 466585.0821693163, "city_id": 12386, "country_iso": "CHN"}, {"h3index": "87309acd1ffffff", "population_2015": 1906.430370217211, "total_built_mass_tons": 1383242.4440603396, "city_id": 12386, "country_iso": "CHN"}, {"h3index": "87309acd2ffffff", "population_2015": 3524.6269068297215, "total_built_mass_tons": 1262067.6361426304, "city_id": 12386, "country_iso": "CHN"}, {"h3index": "87309acd3ffffff", "population_2015": 1026.8574684498356, "total_built_mass_tons": 680593.9420777736, "city_id": 12386, "country_iso": "CHN"}, {"h3index": "87309acd8ffffff", "population_2015": 6965.451675451506, "total_built_mass_tons": 2332821.8044020887, "city_id": 12386, "country_iso": "CHN"}, {"h3index": "87309acd9ffffff", "population_2015": 3592.896057901195, "total_built_mass_tons": 1242150.0188141912, "city_id": 12386, "country_iso": "CHN"}, {"h3index": "87309acdaffffff", "population_2015": 3625.7729934584854, "total_built_mass_tons": 3304070.0580573236, "city_id": 12386, "country_iso": "CHN"}, {"h3index": "87309acdbffffff", "population_2015": 12441.164021786522, "total_built_mass_tons": 2674824.917618552, "city_id": 12386, "country_iso": "CHN"}, {"h3index": "87309acdcffffff", "population_2015": 2353.386071496851, "total_built_mass_tons": 1669477.3505748874, "city_id": 12386, "country_iso": "CHN"}, {"h3index": "87309acddffffff", "population_2015": 882.3648300657085, "total_built_mass_tons": 320237.0858364263, "city_id": 12386, "country_iso": "CHN"}, {"h3index": "87309acdeffffff", "population_2015": 2043.2708717766927, "total_built_mass_tons": 1288633.8059346494, "city_id": 12386, "country_iso": "CHN"}, {"h3index": "87309ace9ffffff", "population_2015": 2685.913016441757, "total_built_mass_tons": 1095462.1154931863, "city_id": 12386, "country_iso": "CHN"}, {"h3index": "87309aceaffffff", "population_2015": 2277.0700746335233, "total_built_mass_tons": 1010916.231740648, "city_id": 12386, "country_iso": "CHN"}, {"h3index": "87309acebffffff", "population_2015": 5738.285869818342, "total_built_mass_tons": 2317356.27420489, "city_id": 12386, "country_iso": "CHN"}, {"h3index": "8741964d2ffffff", "population_2015": 1164.9141840336367, "total_built_mass_tons": 783569.6511337236, "city_id": 12386, "country_iso": "CHN"}, {"h3index": "8741964d3ffffff", "population_2015": 38.51100625524333, "total_built_mass_tons": 26482.33663839851, "city_id": 12386, "country_iso": "CHN"}, {"h3index": "874b34d25ffffff", "population_2015": 33.46305464015287, "total_built_mass_tons": 26853.264375340812, "city_id": 12386, "country_iso": "CHN"}]