[{"h3index": "8731909a1ffffff", "population_2015": 22.75429472923279, "total_built_mass_tons": 17911.006967396854, "city_id": 10505, "country_iso": "CHN"}, {"h3index": "8731909a2ffffff", "population_2015": 1615.0504585754636, "total_built_mass_tons": 819400.2832182694, "city_id": 10505, "country_iso": "CHN"}, {"h3index": "8731909a3ffffff", "population_2015": 2735.790281198539, "total_built_mass_tons": 1231806.039369976, "city_id": 10505, "country_iso": "CHN"}, {"h3index": "8731909aeffffff", "population_2015": 11.147230552224553, "total_built_mass_tons": 910.3408993464664, "city_id": 10505, "country_iso": "CHN"}, {"h3index": "8731909b0ffffff", "population_2015": 17798.31280722992, "total_built_mass_tons": 3338026.126369625, "city_id": 10505, "country_iso": "CHN"}, {"h3index": "8731909b1ffffff", "population_2015": 5268.236570896822, "total_built_mass_tons": 1063880.831054096, "city_id": 10505, "country_iso": "CHN"}, {"h3index": "8731909b2ffffff", "population_2015": 137.79900695950377, "total_built_mass_tons": 72312.4449551443, "city_id": 10505, "country_iso": "CHN"}, {"h3index": "8731909b3ffffff", "population_2015": 418.31422223857805, "total_built_mass_tons": 105731.2631082475, "city_id": 10505, "country_iso": "CHN"}, {"h3index": "8731909b4ffffff", "population_2015": 19206.229465660395, "total_built_mass_tons": 1335576.9715667944, "city_id": 10505, "country_iso": "CHN"}, {"h3index": "8731909b5ffffff", "population_2015": 10961.934346593594, "total_built_mass_tons": 774365.9130092931, "city_id": 10505, "country_iso": "CHN"}, {"h3index": "8731909b6ffffff", "population_2015": 46.703893067322525, "total_built_mass_tons": 50403.88320277273, "city_id": 10505, "country_iso": "CHN"}, {"h3index": "8731946e9ffffff", "population_2015": 934.0236249587116, "total_built_mass_tons": 330814.130645148, "city_id": 10505, "country_iso": "CHN"}]