[{"h3index":"872ca6a03ffffff","population_2015":11.6307520567,"total_built_mass_tons":12321.5916105369,"city_id":5188,"country_iso":"IRQ"},{"h3index":"872ca6a08ffffff","population_2015":184.7960941427,"total_built_mass_tons":109333.6239769258,"city_id":5188,"country_iso":"IRQ"},{"h3index":"872ca6a09ffffff","population_2015":387.7781380279,"total_built_mass_tons":207685.1155387765,"city_id":5188,"country_iso":"IRQ"},{"h3index":"872ca6a0affffff","population_2015":2023.4171733838,"total_built_mass_tons":1358895.2234454984,"city_id":5188,"country_iso":"IRQ"},{"h3index":"872ca6a0bffffff","population_2015":1516.444941861,"total_built_mass_tons":924304.5827388504,"city_id":5188,"country_iso":"IRQ"},{"h3index":"872ca6a0effffff","population_2015":26.5933031568,"total_built_mass_tons":32746.9047696685,"city_id":5188,"country_iso":"IRQ"},{"h3index":"872ca6a19ffffff","population_2015":156.6621121949,"total_built_mass_tons":75553.5528350814,"city_id":5188,"country_iso":"IRQ"},{"h3index":"872ca6a1dffffff","population_2015":791.4606842256,"total_built_mass_tons":645783.0980049619,"city_id":5188,"country_iso":"IRQ"},{"h3index":"872ca6a52ffffff","population_2015":370.9241852592,"total_built_mass_tons":230075.8308389654,"city_id":5188,"country_iso":"IRQ"},{"h3index":"872ca6a56ffffff","population_2015":590.770152279,"total_built_mass_tons":398601.2269463483,"city_id":5188,"country_iso":"IRQ"},{"h3index":"872ca6accffffff","population_2015":103.2773195641,"total_built_mass_tons":65127.5820585253,"city_id":5188,"country_iso":"IRQ"},{"h3index":"872ca6acdffffff","population_2015":46.604975749,"total_built_mass_tons":44847.5810730973,"city_id":5188,"country_iso":"IRQ"},{"h3index":"872ca6ae0ffffff","population_2015":4075.6492021916,"total_built_mass_tons":2810823.0608776198,"city_id":5188,"country_iso":"IRQ"},{"h3index":"872ca6ae1ffffff","population_2015":4424.8707574788,"total_built_mass_tons":2621683.6707458552,"city_id":5188,"country_iso":"IRQ"},{"h3index":"872ca6ae2ffffff","population_2015":92.0387220065,"total_built_mass_tons":40224.9987205729,"city_id":5188,"country_iso":"IRQ"},{"h3index":"872ca6ae3ffffff","population_2015":1995.94298773,"total_built_mass_tons":1391146.3914669068,"city_id":5188,"country_iso":"IRQ"},{"h3index":"872ca6ae4ffffff","population_2015":4427.6693662456,"total_built_mass_tons":2813583.4055555654,"city_id":5188,"country_iso":"IRQ"},{"h3index":"872ca6ae5ffffff","population_2015":2985.5367553075,"total_built_mass_tons":1905348.5981784856,"city_id":5188,"country_iso":"IRQ"},{"h3index":"872ca6ae6ffffff","population_2015":971.4049574403,"total_built_mass_tons":500606.1623507843,"city_id":5188,"country_iso":"IRQ"},{"h3index":"872ca6ae8ffffff","population_2015":516.8929483488,"total_built_mass_tons":271360.3000476469,"city_id":5188,"country_iso":"IRQ"},{"h3index":"872ca6ae9ffffff","population_2015":120.9618630858,"total_built_mass_tons":50417.2115244236,"city_id":5188,"country_iso":"IRQ"},{"h3index":"872ca6aeaffffff","population_2015":873.4936014718,"total_built_mass_tons":541942.2677566311,"city_id":5188,"country_iso":"IRQ"},{"h3index":"872ca6aebffffff","population_2015":525.9296324337,"total_built_mass_tons":255938.8654379032,"city_id":5188,"country_iso":"IRQ"},{"h3index":"872ca6aecffffff","population_2015":674.547600604,"total_built_mass_tons":384321.0776089776,"city_id":5188,"country_iso":"IRQ"},{"h3index":"872ca6aedffffff","population_2015":144.1273362702,"total_built_mass_tons":84704.796315323,"city_id":5188,"country_iso":"IRQ"},{"h3index":"872ca6aeeffffff","population_2015":2418.8507033516,"total_built_mass_tons":1345311.3138651212,"city_id":5188,"country_iso":"IRQ"}]