[{"h3index": "8731ab064ffffff", "population_2015": 3497.1987711859692, "total_built_mass_tons": 1821471.015474753, "city_id": 10905, "country_iso": "CHN"}, {"h3index": "8731ab065ffffff", "population_2015": 1095.8676081479766, "total_built_mass_tons": 580667.4866206391, "city_id": 10905, "country_iso": "CHN"}, {"h3index": "8731ab141ffffff", "population_2015": 3005.549274539013, "total_built_mass_tons": 2226028.8493464487, "city_id": 10905, "country_iso": "CHN"}, {"h3index": "8731ab143ffffff", "population_2015": 3559.019073705578, "total_built_mass_tons": 1882615.3638689332, "city_id": 10905, "country_iso": "CHN"}, {"h3index": "8731ab148ffffff", "population_2015": 23868.889409476633, "total_built_mass_tons": 4404130.918069711, "city_id": 10905, "country_iso": "CHN"}, {"h3index": "8731ab149ffffff", "population_2015": 9219.992135835166, "total_built_mass_tons": 2172955.4680107236, "city_id": 10905, "country_iso": "CHN"}, {"h3index": "8731ab14affffff", "population_2015": 10873.916941219217, "total_built_mass_tons": 3732861.813410335, "city_id": 10905, "country_iso": "CHN"}, {"h3index": "8731ab14bffffff", "population_2015": 10424.953394528931, "total_built_mass_tons": 4648411.591880692, "city_id": 10905, "country_iso": "CHN"}, {"h3index": "8731ab14cffffff", "population_2015": 21064.568033231, "total_built_mass_tons": 5790096.557994646, "city_id": 10905, "country_iso": "CHN"}, {"h3index": "8731ab14dffffff", "population_2015": 10893.219061466294, "total_built_mass_tons": 3175981.5327980006, "city_id": 10905, "country_iso": "CHN"}, {"h3index": "8731ab14effffff", "population_2015": 13486.22570773106, "total_built_mass_tons": 4802626.203556994, "city_id": 10905, "country_iso": "CHN"}, {"h3index": "8731ab159ffffff", "population_2015": 56.95948310365865, "total_built_mass_tons": 85682.49035678068, "city_id": 10905, "country_iso": "CHN"}, {"h3index": "8731ab15cffffff", "population_2015": 126.73062596227608, "total_built_mass_tons": 200961.84493113, "city_id": 10905, "country_iso": "CHN"}, {"h3index": "8731ab15dffffff", "population_2015": 883.5098684619454, "total_built_mass_tons": 572606.4123577264, "city_id": 10905, "country_iso": "CHN"}, {"h3index": "8731ab168ffffff", "population_2015": 226.6790736366721, "total_built_mass_tons": 157777.2387821399, "city_id": 10905, "country_iso": "CHN"}, {"h3index": "8731ab16affffff", "population_2015": 3300.6280320980964, "total_built_mass_tons": 1155444.330087834, "city_id": 10905, "country_iso": "CHN"}, {"h3index": "8731ab16bffffff", "population_2015": 2118.098405291987, "total_built_mass_tons": 874182.5754430738, "city_id": 10905, "country_iso": "CHN"}, {"h3index": "8731aba94ffffff", "population_2015": 180.87167837292537, "total_built_mass_tons": 176824.0690102212, "city_id": 10905, "country_iso": "CHN"}, {"h3index": "8731aba96ffffff", "population_2015": 1499.416983863419, "total_built_mass_tons": 937245.4376284076, "city_id": 10905, "country_iso": "CHN"}, {"h3index": "8731abab0ffffff", "population_2015": 34.001025561257904, "total_built_mass_tons": 46191.66020634445, "city_id": 10905, "country_iso": "CHN"}, {"h3index": "8731abab2ffffff", "population_2015": 3581.857260889166, "total_built_mass_tons": 1224692.831110102, "city_id": 10905, "country_iso": "CHN"}, {"h3index": "8731abab3ffffff", "population_2015": 12.76914399464925, "total_built_mass_tons": 6083.908012260565, "city_id": 10905, "country_iso": "CHN"}, {"h3index": "8731abab6ffffff", "population_2015": 1344.4705869581185, "total_built_mass_tons": 748214.2278630331, "city_id": 10905, "country_iso": "CHN"}]