[{"h3index":"873da0114ffffff","population_2015":1194.5060832641,"total_built_mass_tons":283152.3688946325,"city_id":6835,"country_iso":"IND"},{"h3index":"873da0115ffffff","population_2015":80.4111109584,"total_built_mass_tons":47271.7569911559,"city_id":6835,"country_iso":"IND"},{"h3index":"873da0130ffffff","population_2015":51.0291173486,"total_built_mass_tons":11877.1255524717,"city_id":6835,"country_iso":"IND"},{"h3index":"873da0131ffffff","population_2015":14.5237841606,"total_built_mass_tons":2699.5569864093,"city_id":6835,"country_iso":"IND"},{"h3index":"873da0132ffffff","population_2015":2115.1363005208,"total_built_mass_tons":392175.8477141649,"city_id":6835,"country_iso":"IND"},{"h3index":"873da0133ffffff","population_2015":2965.4552630181,"total_built_mass_tons":696372.39599822,"city_id":6835,"country_iso":"IND"},{"h3index":"873da0c49ffffff","population_2015":3616.0955585704,"total_built_mass_tons":803672.6147052868,"city_id":6835,"country_iso":"IND"}]