[{"h3index":"8724c0b85ffffff","population_2015":21.5854162746,"total_built_mass_tons":156206.5857090152,"city_id":10136,"country_iso":"CHN"},{"h3index":"8724c0ba1ffffff","population_2015":1755.4908583286,"total_built_mass_tons":454505.6463166501,"city_id":10136,"country_iso":"CHN"},{"h3index":"8724c0ba3ffffff","population_2015":6930.698520885,"total_built_mass_tons":1256676.1532637891,"city_id":10136,"country_iso":"CHN"},{"h3index":"8724c0ba8ffffff","population_2015":77.0688883875,"total_built_mass_tons":21846.3328249577,"city_id":10136,"country_iso":"CHN"},{"h3index":"8724c0baaffffff","population_2015":0.0540906529,"total_built_mass_tons":21561.9359723421,"city_id":10136,"country_iso":"CHN"},{"h3index":"8724c0bacffffff","population_2015":2958.6021605623,"total_built_mass_tons":1761154.7310927382,"city_id":10136,"country_iso":"CHN"},{"h3index":"8724c0baeffffff","population_2015":42760.4081014832,"total_built_mass_tons":3787839.9079108527,"city_id":10136,"country_iso":"CHN"}]