[{"h3index": "873cc4400ffffff", "population_2015": 135.37999684950884, "total_built_mass_tons": 55116.47684986051, "city_id": 9938, "country_iso": "BGD"}, {"h3index": "873cc4402ffffff", "population_2015": 57.83653450012207, "total_built_mass_tons": 66765.13409242421, "city_id": 9938, "country_iso": "BGD"}, {"h3index": "873cc4403ffffff", "population_2015": 75.43485779855766, "total_built_mass_tons": 63119.330054928694, "city_id": 9938, "country_iso": "BGD"}, {"h3index": "873cc4406ffffff", "population_2015": 19.347484588623047, "total_built_mass_tons": 53004.050162667496, "city_id": 9938, "country_iso": "BGD"}, {"h3index": "873cc440effffff", "population_2015": 89.06972217559814, "total_built_mass_tons": 17480.421838827042, "city_id": 9938, "country_iso": "BGD"}, {"h3index": "873cc4413ffffff", "population_2015": 50.32267761230469, "total_built_mass_tons": 68100.37124518477, "city_id": 9938, "country_iso": "BGD"}, {"h3index": "873cc4414ffffff", "population_2015": 20.525665283203125, "total_built_mass_tons": 54563.45721527228, "city_id": 9938, "country_iso": "BGD"}, {"h3index": "873cc4418ffffff", "population_2015": 37.80853080749512, "total_built_mass_tons": 29770.90637032836, "city_id": 9938, "country_iso": "BGD"}, {"h3index": "873cc441cffffff", "population_2015": 4.333170801050523, "total_built_mass_tons": 66414.82084439015, "city_id": 9938, "country_iso": "BGD"}, {"h3index": "873cc441dffffff", "population_2015": 114.73550446080226, "total_built_mass_tons": 47567.69630043529, "city_id": 9938, "country_iso": "BGD"}, {"h3index": "873cc4482ffffff", "population_2015": 34.44878387451172, "total_built_mass_tons": 71761.5785291708, "city_id": 9938, "country_iso": "BGD"}, {"h3index": "873cc4483ffffff", "population_2015": 67.56710433959961, "total_built_mass_tons": 75171.78148125882, "city_id": 9938, "country_iso": "BGD"}, {"h3index": "873cc4484ffffff", "population_2015": 250.60939598083496, "total_built_mass_tons": 81357.29560961919, "city_id": 9938, "country_iso": "BGD"}, {"h3index": "873cc4485ffffff", "population_2015": 44.34225273132324, "total_built_mass_tons": 80352.98560712246, "city_id": 9938, "country_iso": "BGD"}, {"h3index": "873cc4490ffffff", "population_2015": 18.97237968444824, "total_built_mass_tons": 55510.8811413137, "city_id": 9938, "country_iso": "BGD"}, {"h3index": "873cc4498ffffff", "population_2015": 15.813491821289062, "total_built_mass_tons": 105616.7721920734, "city_id": 9938, "country_iso": "BGD"}, {"h3index": "873cc4499ffffff", "population_2015": 36.59246046028885, "total_built_mass_tons": 98291.28487280406, "city_id": 9938, "country_iso": "BGD"}, {"h3index": "873cc449affffff", "population_2015": 427.7723007202149, "total_built_mass_tons": 120419.28055454064, "city_id": 9938, "country_iso": "BGD"}, {"h3index": "873cc44a1ffffff", "population_2015": 635.7288488350662, "total_built_mass_tons": 85608.22786777052, "city_id": 9938, "country_iso": "BGD"}, {"h3index": "873cc44a3ffffff", "population_2015": 307.3859539705164, "total_built_mass_tons": 87859.65597352313, "city_id": 9938, "country_iso": "BGD"}, {"h3index": "873cc44b1ffffff", "population_2015": 43.439287185668945, "total_built_mass_tons": 84568.44254677914, "city_id": 9938, "country_iso": "BGD"}, {"h3index": "873cc44b4ffffff", "population_2015": 229.5227575302124, "total_built_mass_tons": 81285.47816653109, "city_id": 9938, "country_iso": "BGD"}, {"h3index": "873cc44b6ffffff", "population_2015": 37.471683502197266, "total_built_mass_tons": 54455.06646128219, "city_id": 9938, "country_iso": "BGD"}, {"h3index": "873cc6040ffffff", "population_2015": 24.436174392700195, "total_built_mass_tons": 52365.65749170997, "city_id": 9938, "country_iso": "BGD"}, {"h3index": "873cc6045ffffff", "population_2015": 51.44499969482422, "total_built_mass_tons": 99049.4550909452, "city_id": 9938, "country_iso": "BGD"}, {"h3index": "873cc6048ffffff", "population_2015": 45.96786308288574, "total_built_mass_tons": 77858.56632246618, "city_id": 9938, "country_iso": "BGD"}, {"h3index": "873cc604affffff", "population_2015": 58.617215156555176, "total_built_mass_tons": 102512.37889974708, "city_id": 9938, "country_iso": "BGD"}, {"h3index": "873cc604dffffff", "population_2015": 114.47438217611874, "total_built_mass_tons": 61525.07693969236, "city_id": 9938, "country_iso": "BGD"}, {"h3index": "873cc6059ffffff", "population_2015": 36.91942024230957, "total_built_mass_tons": 105989.802024316, "city_id": 9938, "country_iso": "BGD"}, {"h3index": "873cc605dffffff", "population_2015": 109.76540184020996, "total_built_mass_tons": 132639.5323057629, "city_id": 9938, "country_iso": "BGD"}, {"h3index": "873cc6061ffffff", "population_2015": 216.1588363647461, "total_built_mass_tons": 116573.84910306805, "city_id": 9938, "country_iso": "BGD"}, {"h3index": "873cc6063ffffff", "population_2015": 46.41769183289771, "total_built_mass_tons": 100340.54240857984, "city_id": 9938, "country_iso": "BGD"}, {"h3index": "873cc6064ffffff", "population_2015": 1.8978243996115296, "total_built_mass_tons": 96233.8967116284, "city_id": 9938, "country_iso": "BGD"}, {"h3index": "873cc6065ffffff", "population_2015": 41.69085396037382, "total_built_mass_tons": 99867.48192910344, "city_id": 9938, "country_iso": "BGD"}, {"h3index": "873cc6068ffffff", "population_2015": 33.99363252228382, "total_built_mass_tons": 84251.57471881408, "city_id": 9938, "country_iso": "BGD"}, {"h3index": "873cc6069ffffff", "population_2015": 1573.352870612051, "total_built_mass_tons": 296839.7043868039, "city_id": 9938, "country_iso": "BGD"}, {"h3index": "873cc606affffff", "population_2015": 52.27235156788545, "total_built_mass_tons": 93443.31779954044, "city_id": 9938, "country_iso": "BGD"}, {"h3index": "873cc606cffffff", "population_2015": 60.63006401062012, "total_built_mass_tons": 83123.89700335, "city_id": 9938, "country_iso": "BGD"}, {"h3index": "873cc606dffffff", "population_2015": 81.43583011627197, "total_built_mass_tons": 80551.11799756822, "city_id": 9938, "country_iso": "BGD"}, {"h3index": "873cc606effffff", "population_2015": 63.68030002070408, "total_built_mass_tons": 84960.70547158872, "city_id": 9938, "country_iso": "BGD"}, {"h3index": "873cc6070ffffff", "population_2015": 141.33163261413574, "total_built_mass_tons": 100287.14080570584, "city_id": 9938, "country_iso": "BGD"}, {"h3index": "873cc6071ffffff", "population_2015": 424.23383872088266, "total_built_mass_tons": 208517.3188406523, "city_id": 9938, "country_iso": "BGD"}, {"h3index": "873cc6073ffffff", "population_2015": 26.678798136991613, "total_built_mass_tons": 98025.2688930186, "city_id": 9938, "country_iso": "BGD"}, {"h3index": "873cc6075ffffff", "population_2015": 17.006072998046875, "total_built_mass_tons": 98216.78191666462, "city_id": 9938, "country_iso": "BGD"}, {"h3index": "873cc6111ffffff", "population_2015": 46.44363307952881, "total_built_mass_tons": 49974.09318195148, "city_id": 9938, "country_iso": "BGD"}, {"h3index": "873cc611effffff", "population_2015": 14.663257598876951, "total_built_mass_tons": 78419.71314787032, "city_id": 9938, "country_iso": "BGD"}, {"h3index": "873cc6134ffffff", "population_2015": 8220.63881529266, "total_built_mass_tons": 363365.44567274634, "city_id": 9938, "country_iso": "BGD"}, {"h3index": "873cc6140ffffff", "population_2015": 40.72930546928855, "total_built_mass_tons": 13634.569468267462, "city_id": 9938, "country_iso": "BGD"}, {"h3index": "873cc6141ffffff", "population_2015": 32.869062423706055, "total_built_mass_tons": 56143.28559351645, "city_id": 9938, "country_iso": "BGD"}, {"h3index": "873cc6142ffffff", "population_2015": 1171.4185297872507, "total_built_mass_tons": 121613.04350482344, "city_id": 9938, "country_iso": "BGD"}, {"h3index": "873cc6148ffffff", "population_2015": 23.390228271484375, "total_built_mass_tons": 101768.43359581043, "city_id": 9938, "country_iso": "BGD"}, {"h3index": "873cc614bffffff", "population_2015": 11.241531372070312, "total_built_mass_tons": 89870.96743366632, "city_id": 9938, "country_iso": "BGD"}, {"h3index": "873cc614cffffff", "population_2015": 39.99516896266563, "total_built_mass_tons": 51872.93281761135, "city_id": 9938, "country_iso": "BGD"}, {"h3index": "873cc614dffffff", "population_2015": 29.998357959822112, "total_built_mass_tons": 78693.1336928608, "city_id": 9938, "country_iso": "BGD"}, {"h3index": "873cc614effffff", "population_2015": 28.3158540725708, "total_built_mass_tons": 84736.64637068978, "city_id": 9938, "country_iso": "BGD"}, {"h3index": "873cc6151ffffff", "population_2015": 1226.6742846470252, "total_built_mass_tons": 105953.4373138418, "city_id": 9938, "country_iso": "BGD"}, {"h3index": "873cc6159ffffff", "population_2015": 31.06260681152344, "total_built_mass_tons": 97815.04555775148, "city_id": 9938, "country_iso": "BGD"}, {"h3index": "873cc615cffffff", "population_2015": 6158.951882874732, "total_built_mass_tons": 476973.5670480522, "city_id": 9938, "country_iso": "BGD"}, {"h3index": "873cc615effffff", "population_2015": 87.90046097250546, "total_built_mass_tons": 24448.63143563721, "city_id": 9938, "country_iso": "BGD"}, {"h3index": "873cc616cffffff", "population_2015": 35.4562952079025, "total_built_mass_tons": 31776.451359760915, "city_id": 9938, "country_iso": "BGD"}, {"h3index": "873cc616dffffff", "population_2015": 17.996991438024185, "total_built_mass_tons": 47742.34670807959, "city_id": 9938, "country_iso": "BGD"}, {"h3index": "873cc6180ffffff", "population_2015": 6.091382553998161, "total_built_mass_tons": 4524.095687596132, "city_id": 9938, "country_iso": "BGD"}, {"h3index": "873cc6181ffffff", "population_2015": 18.50869369506836, "total_built_mass_tons": 19206.821179393115, "city_id": 9938, "country_iso": "BGD"}, {"h3index": "873cc6184ffffff", "population_2015": 6.156197349697936, "total_built_mass_tons": 21741.907290834057, "city_id": 9938, "country_iso": "BGD"}, {"h3index": "873cc6185ffffff", "population_2015": 96.3029613494873, "total_built_mass_tons": 76063.14582156365, "city_id": 9938, "country_iso": "BGD"}, {"h3index": "873cc61a1ffffff", "population_2015": 36.00561809539795, "total_built_mass_tons": 76494.02080098569, "city_id": 9938, "country_iso": "BGD"}, {"h3index": "873cc61a2ffffff", "population_2015": 2449.1366198221845, "total_built_mass_tons": 263822.0429472206, "city_id": 9938, "country_iso": "BGD"}, {"h3index": "873cc61a3ffffff", "population_2015": 111.08032417297365, "total_built_mass_tons": 76709.88042383493, "city_id": 9938, "country_iso": "BGD"}, {"h3index": "873cc61a4ffffff", "population_2015": 23.877225875854492, "total_built_mass_tons": 76476.11447233247, "city_id": 9938, "country_iso": "BGD"}, {"h3index": "873cc61a5ffffff", "population_2015": 68.2147388458252, "total_built_mass_tons": 76755.59484856528, "city_id": 9938, "country_iso": "BGD"}, {"h3index": "873cc61a6ffffff", "population_2015": 121.4402188618978, "total_built_mass_tons": 76482.13080852007, "city_id": 9938, "country_iso": "BGD"}, {"h3index": "873cc61a8ffffff", "population_2015": 40.49153518676758, "total_built_mass_tons": 101385.1698340812, "city_id": 9938, "country_iso": "BGD"}, {"h3index": "873cc61acffffff", "population_2015": 118.0390739440918, "total_built_mass_tons": 95804.8991826303, "city_id": 9938, "country_iso": "BGD"}, {"h3index": "873cc61adffffff", "population_2015": 18.55773544311523, "total_built_mass_tons": 100399.33773554476, "city_id": 9938, "country_iso": "BGD"}, {"h3index": "873cc61aeffffff", "population_2015": 19.764070510864254, "total_built_mass_tons": 89030.0686102124, "city_id": 9938, "country_iso": "BGD"}, {"h3index": "873cc61b0ffffff", "population_2015": 24.19181251525879, "total_built_mass_tons": 13325.939447491524, "city_id": 9938, "country_iso": "BGD"}, {"h3index": "873cc61b5ffffff", "population_2015": 49.56308132994409, "total_built_mass_tons": 50523.32061130213, "city_id": 9938, "country_iso": "BGD"}, {"h3index": "873cc6334ffffff", "population_2015": 11.073753595352173, "total_built_mass_tons": 28202.63171841247, "city_id": 9938, "country_iso": "BGD"}, {"h3index": "873cc6336ffffff", "population_2015": 64.11318367602779, "total_built_mass_tons": 58930.17611875916, "city_id": 9938, "country_iso": "BGD"}, {"h3index": "873cc6805ffffff", "population_2015": 623.1767292022705, "total_built_mass_tons": 100409.62081620107, "city_id": 9938, "country_iso": "BGD"}, {"h3index": "873cc6809ffffff", "population_2015": 144.8091396930171, "total_built_mass_tons": 79278.09718658157, "city_id": 9938, "country_iso": "BGD"}, {"h3index": "873cc680cffffff", "population_2015": 220.70562362670896, "total_built_mass_tons": 74742.1973827303, "city_id": 9938, "country_iso": "BGD"}, {"h3index": "873cc680dffffff", "population_2015": 363.63764842912263, "total_built_mass_tons": 71234.32133001258, "city_id": 9938, "country_iso": "BGD"}, {"h3index": "873cc6819ffffff", "population_2015": 4.08036911908318, "total_built_mass_tons": 77514.74230341856, "city_id": 9938, "country_iso": "BGD"}, {"h3index": "873cc681dffffff", "population_2015": 35.553396741081684, "total_built_mass_tons": 28612.73357221509, "city_id": 9938, "country_iso": "BGD"}, {"h3index": "873cc6824ffffff", "population_2015": 20.457996368408203, "total_built_mass_tons": 74756.9664548372, "city_id": 9938, "country_iso": "BGD"}, {"h3index": "873cc6825ffffff", "population_2015": 47.377138661403286, "total_built_mass_tons": 66112.20451917977, "city_id": 9938, "country_iso": "BGD"}, {"h3index": "873cc6826ffffff", "population_2015": 44.35696029663086, "total_built_mass_tons": 70374.13182102871, "city_id": 9938, "country_iso": "BGD"}, {"h3index": "873cc6828ffffff", "population_2015": 3.098532284007353, "total_built_mass_tons": 43810.94647378042, "city_id": 9938, "country_iso": "BGD"}, {"h3index": "873cc6829ffffff", "population_2015": 15.7205810546875, "total_built_mass_tons": 67199.94067355519, "city_id": 9938, "country_iso": "BGD"}, {"h3index": "873cc682dffffff", "population_2015": 11.476045496323527, "total_built_mass_tons": 75170.10059937266, "city_id": 9938, "country_iso": "BGD"}, {"h3index": "873cc6841ffffff", "population_2015": 665.3522302964154, "total_built_mass_tons": 118684.46155442276, "city_id": 9938, "country_iso": "BGD"}, {"h3index": "873cc6843ffffff", "population_2015": 39.83156394958496, "total_built_mass_tons": 103747.63692834596, "city_id": 9938, "country_iso": "BGD"}, {"h3index": "873cc6844ffffff", "population_2015": 17.236774444580078, "total_built_mass_tons": 110110.2511049272, "city_id": 9938, "country_iso": "BGD"}, {"h3index": "873cc6845ffffff", "population_2015": 92.40927236968396, "total_built_mass_tons": 106454.87440418651, "city_id": 9938, "country_iso": "BGD"}, {"h3index": "873cc6846ffffff", "population_2015": 59.8466796875, "total_built_mass_tons": 102995.75062787531, "city_id": 9938, "country_iso": "BGD"}, {"h3index": "873cc6849ffffff", "population_2015": 1166.2174153608437, "total_built_mass_tons": 153789.2012899919, "city_id": 9938, "country_iso": "BGD"}, {"h3index": "873cc684affffff", "population_2015": 766.8915596008301, "total_built_mass_tons": 209926.1471909333, "city_id": 9938, "country_iso": "BGD"}, {"h3index": "873cc684bffffff", "population_2015": 2.4582094304701863, "total_built_mass_tons": 135103.3847147308, "city_id": 9938, "country_iso": "BGD"}, {"h3index": "873cc684cffffff", "population_2015": 22.964265823364254, "total_built_mass_tons": 129064.4198310558, "city_id": 9938, "country_iso": "BGD"}, {"h3index": "873cc684dffffff", "population_2015": 32.27409267425537, "total_built_mass_tons": 134432.14184964518, "city_id": 9938, "country_iso": "BGD"}, {"h3index": "873cc684effffff", "population_2015": 309.15510177612305, "total_built_mass_tons": 129379.06569297751, "city_id": 9938, "country_iso": "BGD"}, {"h3index": "873cc6850ffffff", "population_2015": 3798.673595952053, "total_built_mass_tons": 370171.78272451553, "city_id": 9938, "country_iso": "BGD"}, {"h3index": "873cc6851ffffff", "population_2015": 272.9818919462316, "total_built_mass_tons": 105910.35743906688, "city_id": 9938, "country_iso": "BGD"}, {"h3index": "873cc6854ffffff", "population_2015": 1360.6193915423223, "total_built_mass_tons": 168582.94295270852, "city_id": 9938, "country_iso": "BGD"}, {"h3index": "873cc6855ffffff", "population_2015": 17.562877655029297, "total_built_mass_tons": 95865.6863347924, "city_id": 9938, "country_iso": "BGD"}, {"h3index": "873cc6856ffffff", "population_2015": 130.03426361083984, "total_built_mass_tons": 99215.99985811173, "city_id": 9938, "country_iso": "BGD"}, {"h3index": "873cc6858ffffff", "population_2015": 774.999664441277, "total_built_mass_tons": 168543.4876970691, "city_id": 9938, "country_iso": "BGD"}, {"h3index": "873cc685bffffff", "population_2015": 286.96305500853293, "total_built_mass_tons": 121643.69768813404, "city_id": 9938, "country_iso": "BGD"}, {"h3index": "873cc685effffff", "population_2015": 335.08452320098877, "total_built_mass_tons": 154460.8636587878, "city_id": 9938, "country_iso": "BGD"}, {"h3index": "873cc6860ffffff", "population_2015": 84.39475766350242, "total_built_mass_tons": 69927.04004914082, "city_id": 9938, "country_iso": "BGD"}, {"h3index": "873cc6861ffffff", "population_2015": 19.824087142944336, "total_built_mass_tons": 55563.852119684256, "city_id": 9938, "country_iso": "BGD"}, {"h3index": "873cc6863ffffff", "population_2015": 67.91662968654259, "total_built_mass_tons": 100820.7857839272, "city_id": 9938, "country_iso": "BGD"}, {"h3index": "873cc6864ffffff", "population_2015": 3130.981865003997, "total_built_mass_tons": 286775.1228055665, "city_id": 9938, "country_iso": "BGD"}, {"h3index": "873cc6865ffffff", "population_2015": 24.935458912568933, "total_built_mass_tons": 58132.93539114006, "city_id": 9938, "country_iso": "BGD"}, {"h3index": "873cc6868ffffff", "population_2015": 18.63964080810547, "total_built_mass_tons": 65618.54324206087, "city_id": 9938, "country_iso": "BGD"}, {"h3index": "873cc6869ffffff", "population_2015": 12.227551508884805, "total_built_mass_tons": 105634.78594391128, "city_id": 9938, "country_iso": "BGD"}, {"h3index": "873cc686affffff", "population_2015": 123.2910229103238, "total_built_mass_tons": 106434.68354089806, "city_id": 9938, "country_iso": "BGD"}, {"h3index": "873cc686effffff", "population_2015": 272.4565601348877, "total_built_mass_tons": 94110.0417015223, "city_id": 9938, "country_iso": "BGD"}, {"h3index": "873cc6880ffffff", "population_2015": 33.17889976501465, "total_built_mass_tons": 79392.65571146802, "city_id": 9938, "country_iso": "BGD"}, {"h3index": "873cc6883ffffff", "population_2015": 33.206902503967285, "total_built_mass_tons": 69732.50107715906, "city_id": 9938, "country_iso": "BGD"}, {"h3index": "873cc6885ffffff", "population_2015": 17.61720085144043, "total_built_mass_tons": 80638.71358566139, "city_id": 9938, "country_iso": "BGD"}, {"h3index": "873cc6888ffffff", "population_2015": 462.05391387939454, "total_built_mass_tons": 111027.96479322368, "city_id": 9938, "country_iso": "BGD"}, {"h3index": "873cc688dffffff", "population_2015": 70.96767252753763, "total_built_mass_tons": 87033.28711779037, "city_id": 9938, "country_iso": "BGD"}, {"h3index": "873cc6893ffffff", "population_2015": 58.177632253310264, "total_built_mass_tons": 59808.513154438355, "city_id": 9938, "country_iso": "BGD"}, {"h3index": "873cc6894ffffff", "population_2015": 18.45195198059082, "total_built_mass_tons": 56760.98273624606, "city_id": 9938, "country_iso": "BGD"}, {"h3index": "873cc689affffff", "population_2015": 2965.5188178268136, "total_built_mass_tons": 121585.02766210223, "city_id": 9938, "country_iso": "BGD"}, {"h3index": "873cc68a2ffffff", "population_2015": 377.1852309657078, "total_built_mass_tons": 104600.27053610784, "city_id": 9938, "country_iso": "BGD"}, {"h3index": "873cc68a3ffffff", "population_2015": 23.087383270263672, "total_built_mass_tons": 87663.11240732664, "city_id": 9938, "country_iso": "BGD"}, {"h3index": "873cc68a6ffffff", "population_2015": 76.26735781501321, "total_built_mass_tons": 52671.843825680706, "city_id": 9938, "country_iso": "BGD"}, {"h3index": "873cc68a8ffffff", "population_2015": 22.21525001525879, "total_built_mass_tons": 14627.368161956889, "city_id": 9938, "country_iso": "BGD"}, {"h3index": "873cc68acffffff", "population_2015": 32.37178134918213, "total_built_mass_tons": 82987.54119881676, "city_id": 9938, "country_iso": "BGD"}, {"h3index": "873cc68b3ffffff", "population_2015": 15.52849006652832, "total_built_mass_tons": 58987.97172252039, "city_id": 9938, "country_iso": "BGD"}, {"h3index": "873cc68b5ffffff", "population_2015": 312.4791987849217, "total_built_mass_tons": 93352.11967036212, "city_id": 9938, "country_iso": "BGD"}, {"h3index": "873cc68c8ffffff", "population_2015": 1029.8592491149902, "total_built_mass_tons": 113387.15761675993, "city_id": 9938, "country_iso": "BGD"}, {"h3index": "873cc68ceffffff", "population_2015": 30.05615997314453, "total_built_mass_tons": 48620.462703474856, "city_id": 9938, "country_iso": "BGD"}, {"h3index": "873cc68e0ffffff", "population_2015": 17.846080780029297, "total_built_mass_tons": 94955.7221416826, "city_id": 9938, "country_iso": "BGD"}, {"h3index": "873cc68e3ffffff", "population_2015": 17.774946381064023, "total_built_mass_tons": 88153.32122556117, "city_id": 9938, "country_iso": "BGD"}, {"h3index": "873cc68e4ffffff", "population_2015": 45.59782791137695, "total_built_mass_tons": 99804.27305514026, "city_id": 9938, "country_iso": "BGD"}, {"h3index": "873cc68e5ffffff", "population_2015": 37.78875732421875, "total_built_mass_tons": 94487.1451623609, "city_id": 9938, "country_iso": "BGD"}, {"h3index": "873cc68ebffffff", "population_2015": 39.18752670288086, "total_built_mass_tons": 84151.24524266244, "city_id": 9938, "country_iso": "BGD"}, {"h3index": "873cc68eeffffff", "population_2015": 107.47428512573242, "total_built_mass_tons": 103859.39052629824, "city_id": 9938, "country_iso": "BGD"}, {"h3index": "873cc68f4ffffff", "population_2015": 16.571044921875, "total_built_mass_tons": 85393.59187971718, "city_id": 9938, "country_iso": "BGD"}, {"h3index": "873cc68f5ffffff", "population_2015": 143.0848159790039, "total_built_mass_tons": 95746.17524098244, "city_id": 9938, "country_iso": "BGD"}, {"h3index": "873cc6908ffffff", "population_2015": 56.69820976257324, "total_built_mass_tons": 57157.359585490696, "city_id": 9938, "country_iso": "BGD"}, {"h3index": "873cc6909ffffff", "population_2015": 24.119813919067383, "total_built_mass_tons": 58538.063203264974, "city_id": 9938, "country_iso": "BGD"}, {"h3index": "873cc690affffff", "population_2015": 102.10884222890816, "total_built_mass_tons": 81842.59958757463, "city_id": 9938, "country_iso": "BGD"}, {"h3index": "873cc690bffffff", "population_2015": 141.0540777169022, "total_built_mass_tons": 70089.7002483054, "city_id": 9938, "country_iso": "BGD"}, {"h3index": "873cc690dffffff", "population_2015": 26.89472478978774, "total_built_mass_tons": 12509.367544609728, "city_id": 9938, "country_iso": "BGD"}, {"h3index": "873cc690effffff", "population_2015": 159.71939278396906, "total_built_mass_tons": 41093.8552533514, "city_id": 9938, "country_iso": "BGD"}, {"h3index": "873cc6913ffffff", "population_2015": 8384.997300226549, "total_built_mass_tons": 597414.9773047057, "city_id": 9938, "country_iso": "BGD"}, {"h3index": "873cc6918ffffff", "population_2015": 372.54492568969727, "total_built_mass_tons": 86023.69935527114, "city_id": 9938, "country_iso": "BGD"}, {"h3index": "873cc6919ffffff", "population_2015": 291.88977226556517, "total_built_mass_tons": 80390.8300207467, "city_id": 9938, "country_iso": "BGD"}, {"h3index": "873cc691affffff", "population_2015": 522.9432905309341, "total_built_mass_tons": 130125.05633264247, "city_id": 9938, "country_iso": "BGD"}, {"h3index": "873cc691bffffff", "population_2015": 4889.509490360933, "total_built_mass_tons": 404940.27897846827, "city_id": 9938, "country_iso": "BGD"}, {"h3index": "873cc691dffffff", "population_2015": 27.93139035841998, "total_built_mass_tons": 57107.5723227219, "city_id": 9938, "country_iso": "BGD"}, {"h3index": "873cc691effffff", "population_2015": 64.36670909208411, "total_built_mass_tons": 51453.58004386179, "city_id": 9938, "country_iso": "BGD"}, {"h3index": "873cc6940ffffff", "population_2015": 21.93124771118164, "total_built_mass_tons": 38813.46077762796, "city_id": 9938, "country_iso": "BGD"}, {"h3index": "873cc6943ffffff", "population_2015": 482.7473449707031, "total_built_mass_tons": 130096.25754104096, "city_id": 9938, "country_iso": "BGD"}, {"h3index": "873cc6946ffffff", "population_2015": 51.68347280913708, "total_built_mass_tons": 72369.19822418687, "city_id": 9938, "country_iso": "BGD"}, {"h3index": "873cc6948ffffff", "population_2015": 4449.07850819756, "total_built_mass_tons": 298153.21675935, "city_id": 9938, "country_iso": "BGD"}, {"h3index": "873cc6949ffffff", "population_2015": 18.32794189453125, "total_built_mass_tons": 69372.8060136282, "city_id": 9938, "country_iso": "BGD"}, {"h3index": "873cc694affffff", "population_2015": 658.9867867638083, "total_built_mass_tons": 91570.0188391936, "city_id": 9938, "country_iso": "BGD"}, {"h3index": "873cc694bffffff", "population_2015": 1.2313806870404411, "total_built_mass_tons": 78575.17029762066, "city_id": 9938, "country_iso": "BGD"}, {"h3index": "873cc694cffffff", "population_2015": 21.9058895111084, "total_built_mass_tons": 78658.00653093512, "city_id": 9938, "country_iso": "BGD"}, {"h3index": "873cc694dffffff", "population_2015": 320.53046703338623, "total_built_mass_tons": 92553.3764617308, "city_id": 9938, "country_iso": "BGD"}, {"h3index": "873cc694effffff", "population_2015": 227.01983070373535, "total_built_mass_tons": 95140.52153836016, "city_id": 9938, "country_iso": "BGD"}, {"h3index": "873cc6951ffffff", "population_2015": 16.029237747192383, "total_built_mass_tons": 67443.89959855867, "city_id": 9938, "country_iso": "BGD"}, {"h3index": "873cc6952ffffff", "population_2015": 86.28639221191406, "total_built_mass_tons": 72653.04416560639, "city_id": 9938, "country_iso": "BGD"}, {"h3index": "873cc6954ffffff", "population_2015": 136.3185910468008, "total_built_mass_tons": 65505.76787235248, "city_id": 9938, "country_iso": "BGD"}, {"h3index": "873cc6956ffffff", "population_2015": 47.273380279541016, "total_built_mass_tons": 66495.84206677049, "city_id": 9938, "country_iso": "BGD"}, {"h3index": "873cc6958ffffff", "population_2015": 11.36832332611084, "total_built_mass_tons": 85594.24902034017, "city_id": 9938, "country_iso": "BGD"}, {"h3index": "873cc695cffffff", "population_2015": 14.435532569885254, "total_built_mass_tons": 78955.23492287536, "city_id": 9938, "country_iso": "BGD"}, {"h3index": "873cc695effffff", "population_2015": 24.643811225891113, "total_built_mass_tons": 75570.3755125048, "city_id": 9938, "country_iso": "BGD"}, {"h3index": "873cc696affffff", "population_2015": 19.34534072875977, "total_built_mass_tons": 33517.317599654, "city_id": 9938, "country_iso": "BGD"}, {"h3index": "873cc696bffffff", "population_2015": 37.31343173980713, "total_built_mass_tons": 51070.93026257731, "city_id": 9938, "country_iso": "BGD"}, {"h3index": "873cc696effffff", "population_2015": 34.43210983276367, "total_built_mass_tons": 6300.47324, "city_id": 9938, "country_iso": "BGD"}, {"h3index": "873cc6972ffffff", "population_2015": 81.40012651331284, "total_built_mass_tons": 37581.1037740724, "city_id": 9938, "country_iso": "BGD"}, {"h3index": "873cc6973ffffff", "population_2015": 190.87586010203643, "total_built_mass_tons": 65738.81051438411, "city_id": 9938, "country_iso": "BGD"}, {"h3index": "873cc69a3ffffff", "population_2015": 358.7000255584717, "total_built_mass_tons": 54943.29017124855, "city_id": 9938, "country_iso": "BGD"}, {"h3index": "873cc69a8ffffff", "population_2015": 17.83513785717534, "total_built_mass_tons": 58790.05636973787, "city_id": 9938, "country_iso": "BGD"}, {"h3index": "873cc69a9ffffff", "population_2015": 32.65118217468262, "total_built_mass_tons": 57064.5938820329, "city_id": 9938, "country_iso": "BGD"}, {"h3index": "873cc69acffffff", "population_2015": 107.432444748224, "total_built_mass_tons": 32681.186338381845, "city_id": 9938, "country_iso": "BGD"}, {"h3index": "873cc69adffffff", "population_2015": 88.25717477237478, "total_built_mass_tons": 54831.18501606757, "city_id": 9938, "country_iso": "BGD"}, {"h3index": "873cc69aeffffff", "population_2015": 18.49121526082357, "total_built_mass_tons": 52777.03602281168, "city_id": 9938, "country_iso": "BGD"}, {"h3index": "873cc6a14ffffff", "population_2015": 32.17975386451272, "total_built_mass_tons": 17457.023505779758, "city_id": 9938, "country_iso": "BGD"}, {"h3index": "873cc6a16ffffff", "population_2015": 53.305734634399414, "total_built_mass_tons": 26383.105373717503, "city_id": 9938, "country_iso": "BGD"}, {"h3index": "873cc6a30ffffff", "population_2015": 1079.601189736759, "total_built_mass_tons": 178928.69637056388, "city_id": 9938, "country_iso": "BGD"}, {"h3index": "873cc6a32ffffff", "population_2015": 22.52895793914795, "total_built_mass_tons": 29064.54715952422, "city_id": 9938, "country_iso": "BGD"}, {"h3index": "873cc6a33ffffff", "population_2015": 1.9282295414045745, "total_built_mass_tons": 1140.8378376605992, "city_id": 9938, "country_iso": "BGD"}, {"h3index": "873cc6a34ffffff", "population_2015": 32.05047416687012, "total_built_mass_tons": 28457.278476564123, "city_id": 9938, "country_iso": "BGD"}, {"h3index": "873cc6a36ffffff", "population_2015": 98.76935386657716, "total_built_mass_tons": 81094.77989578275, "city_id": 9938, "country_iso": "BGD"}, {"h3index": "873cc6a80ffffff", "population_2015": 204.09669876098633, "total_built_mass_tons": 45367.97148271029, "city_id": 9938, "country_iso": "BGD"}, {"h3index": "873cc6a82ffffff", "population_2015": 211.77782249450684, "total_built_mass_tons": 84071.53137198598, "city_id": 9938, "country_iso": "BGD"}, {"h3index": "873cc6a84ffffff", "population_2015": 723.9519863128662, "total_built_mass_tons": 145276.1896853143, "city_id": 9938, "country_iso": "BGD"}, {"h3index": "873cc6a86ffffff", "population_2015": 40.43809127807617, "total_built_mass_tons": 83711.65374741954, "city_id": 9938, "country_iso": "BGD"}, {"h3index": "873cc6a91ffffff", "population_2015": 26.10957145690918, "total_built_mass_tons": 86958.13376865564, "city_id": 9938, "country_iso": "BGD"}, {"h3index": "873cc6a92ffffff", "population_2015": 108.4015951792399, "total_built_mass_tons": 98827.28580941036, "city_id": 9938, "country_iso": "BGD"}, {"h3index": "873cc6a93ffffff", "population_2015": 197.7601546942019, "total_built_mass_tons": 111699.96865542844, "city_id": 9938, "country_iso": "BGD"}, {"h3index": "873cc6a95ffffff", "population_2015": 18.422292709350582, "total_built_mass_tons": 83685.16724577878, "city_id": 9938, "country_iso": "BGD"}, {"h3index": "873cc6a96ffffff", "population_2015": 72.27761840820312, "total_built_mass_tons": 95346.05596729994, "city_id": 9938, "country_iso": "BGD"}, {"h3index": "873cc6a9affffff", "population_2015": 213.8184784384335, "total_built_mass_tons": 41776.326912085984, "city_id": 9938, "country_iso": "BGD"}, {"h3index": "873cc6a9cffffff", "population_2015": 66.36740418976429, "total_built_mass_tons": 50759.20496194758, "city_id": 9938, "country_iso": "BGD"}, {"h3index": "873cc6aa0ffffff", "population_2015": 51.214881896972656, "total_built_mass_tons": 58509.247971501965, "city_id": 9938, "country_iso": "BGD"}, {"h3index": "873cc6aa2ffffff", "population_2015": 416.4073123333501, "total_built_mass_tons": 82594.64839444996, "city_id": 9938, "country_iso": "BGD"}, {"h3index": "873cc6aa4ffffff", "population_2015": 576.4219898373473, "total_built_mass_tons": 106626.05179600338, "city_id": 9938, "country_iso": "BGD"}, {"h3index": "873cc6aa6ffffff", "population_2015": 1671.2689179663564, "total_built_mass_tons": 171979.3804658759, "city_id": 9938, "country_iso": "BGD"}, {"h3index": "873cc6ab0ffffff", "population_2015": 86.39394569396973, "total_built_mass_tons": 122058.9104891908, "city_id": 9938, "country_iso": "BGD"}, {"h3index": "873cc6ab1ffffff", "population_2015": 19.368671417236328, "total_built_mass_tons": 87342.52582555822, "city_id": 9938, "country_iso": "BGD"}, {"h3index": "873cc6ab2ffffff", "population_2015": 18.121015548706055, "total_built_mass_tons": 95145.6455985551, "city_id": 9938, "country_iso": "BGD"}, {"h3index": "873cc6ab3ffffff", "population_2015": 18.64942741394043, "total_built_mass_tons": 89349.57931254117, "city_id": 9938, "country_iso": "BGD"}, {"h3index": "873cc6ab4ffffff", "population_2015": 65.17309236526489, "total_built_mass_tons": 103312.78715403967, "city_id": 9938, "country_iso": "BGD"}, {"h3index": "873cc6b12ffffff", "population_2015": 22.824018478393555, "total_built_mass_tons": 109083.18605575856, "city_id": 9938, "country_iso": "BGD"}, {"h3index": "873cc6b13ffffff", "population_2015": 111.78073501586914, "total_built_mass_tons": 45330.1525537788, "city_id": 9938, "country_iso": "BGD"}, {"h3index": "873cc6b26ffffff", "population_2015": 75.52430793163823, "total_built_mass_tons": 34554.598485319846, "city_id": 9938, "country_iso": "BGD"}, {"h3index": "873cc6b31ffffff", "population_2015": 27.71033124736711, "total_built_mass_tons": 16679.31527694836, "city_id": 9938, "country_iso": "BGD"}, {"h3index": "873cc6b32ffffff", "population_2015": 231.37203225528492, "total_built_mass_tons": 132605.83725057065, "city_id": 9938, "country_iso": "BGD"}, {"h3index": "873cc6b33ffffff", "population_2015": 78.84969206043318, "total_built_mass_tons": 84753.77553869135, "city_id": 9938, "country_iso": "BGD"}, {"h3index": "873cc6b34ffffff", "population_2015": 57.21412930208094, "total_built_mass_tons": 57665.26453323295, "city_id": 9938, "country_iso": "BGD"}, {"h3index": "873cc6b36ffffff", "population_2015": 11.388751029968262, "total_built_mass_tons": 122204.20282568444, "city_id": 9938, "country_iso": "BGD"}, {"h3index": "873cc6b80ffffff", "population_2015": 2728.0828063067265, "total_built_mass_tons": 247299.46517475348, "city_id": 9938, "country_iso": "BGD"}, {"h3index": "873cc6b81ffffff", "population_2015": 6081.061344692754, "total_built_mass_tons": 663696.4020324727, "city_id": 9938, "country_iso": "BGD"}, {"h3index": "873cc6b82ffffff", "population_2015": 38.742713928222656, "total_built_mass_tons": 76353.82916760116, "city_id": 9938, "country_iso": "BGD"}, {"h3index": "873cc6b83ffffff", "population_2015": 2307.4394489213532, "total_built_mass_tons": 276606.04626508965, "city_id": 9938, "country_iso": "BGD"}, {"h3index": "873cc6b84ffffff", "population_2015": 1853.1102810429593, "total_built_mass_tons": 260275.1163403233, "city_id": 9938, "country_iso": "BGD"}, {"h3index": "873cc6b85ffffff", "population_2015": 43511.47230694341, "total_built_mass_tons": 2329014.7717603715, "city_id": 9938, "country_iso": "BGD"}, {"h3index": "873cc6b86ffffff", "population_2015": 41.694358825683594, "total_built_mass_tons": 98555.28362008445, "city_id": 9938, "country_iso": "BGD"}, {"h3index": "873cc6b88ffffff", "population_2015": 12.05326499190985, "total_built_mass_tons": 89646.75389353296, "city_id": 9938, "country_iso": "BGD"}, {"h3index": "873cc6b8affffff", "population_2015": 414.0087490081787, "total_built_mass_tons": 117004.33552469192, "city_id": 9938, "country_iso": "BGD"}, {"h3index": "873cc6b8cffffff", "population_2015": 2091.490108699424, "total_built_mass_tons": 264463.95097279584, "city_id": 9938, "country_iso": "BGD"}, {"h3index": "873cc6b8effffff", "population_2015": 132.1750051835004, "total_built_mass_tons": 92448.9827777612, "city_id": 9938, "country_iso": "BGD"}, {"h3index": "873cc6b91ffffff", "population_2015": 248.239933013916, "total_built_mass_tons": 83048.50560195169, "city_id": 9938, "country_iso": "BGD"}, {"h3index": "873cc6b93ffffff", "population_2015": 413.84711403566246, "total_built_mass_tons": 98677.56625119492, "city_id": 9938, "country_iso": "BGD"}, {"h3index": "873cc6b94ffffff", "population_2015": 32.76256561279297, "total_built_mass_tons": 70671.44030285627, "city_id": 9938, "country_iso": "BGD"}, {"h3index": "873cc6b99ffffff", "population_2015": 70.73011779785156, "total_built_mass_tons": 105956.92922573903, "city_id": 9938, "country_iso": "BGD"}, {"h3index": "873cc6b9bffffff", "population_2015": 27.454425811767575, "total_built_mass_tons": 105725.47882513136, "city_id": 9938, "country_iso": "BGD"}, {"h3index": "873cc6b9dffffff", "population_2015": 82.59522460488712, "total_built_mass_tons": 110476.59662014277, "city_id": 9938, "country_iso": "BGD"}, {"h3index": "873cc6ba0ffffff", "population_2015": 4568.492241923014, "total_built_mass_tons": 300622.08044657914, "city_id": 9938, "country_iso": "BGD"}, {"h3index": "873cc6ba1ffffff", "population_2015": 183.69133893181296, "total_built_mass_tons": 94362.98656145007, "city_id": 9938, "country_iso": "BGD"}, {"h3index": "873cc6ba2ffffff", "population_2015": 531.5731042899338, "total_built_mass_tons": 171267.58741719526, "city_id": 9938, "country_iso": "BGD"}, {"h3index": "873cc6ba3ffffff", "population_2015": 6116.2087619108315, "total_built_mass_tons": 400831.7715609111, "city_id": 9938, "country_iso": "BGD"}, {"h3index": "873cc6ba4ffffff", "population_2015": 245.9034652709961, "total_built_mass_tons": 141365.89463381615, "city_id": 9938, "country_iso": "BGD"}, {"h3index": "873cc6ba5ffffff", "population_2015": 105.54802799224854, "total_built_mass_tons": 133457.71354827803, "city_id": 9938, "country_iso": "BGD"}, {"h3index": "873cc6ba6ffffff", "population_2015": 2173.225526764814, "total_built_mass_tons": 290643.55020477367, "city_id": 9938, "country_iso": "BGD"}, {"h3index": "873cc6ba8ffffff", "population_2015": 233.73222014483284, "total_built_mass_tons": 166167.67410021785, "city_id": 9938, "country_iso": "BGD"}, {"h3index": "873cc6baaffffff", "population_2015": 67352.68612886316, "total_built_mass_tons": 2752378.0422583967, "city_id": 9938, "country_iso": "BGD"}, {"h3index": "873cc6babffffff", "population_2015": 306.54307391596774, "total_built_mass_tons": 122518.6931761878, "city_id": 9938, "country_iso": "BGD"}, {"h3index": "873cc6badffffff", "population_2015": 111.13814735412598, "total_built_mass_tons": 59603.26804139505, "city_id": 9938, "country_iso": "BGD"}, {"h3index": "873cc6baeffffff", "population_2015": 34838.26516931572, "total_built_mass_tons": 1574839.642011887, "city_id": 9938, "country_iso": "BGD"}, {"h3index": "873cc6bb0ffffff", "population_2015": 102.40101432800292, "total_built_mass_tons": 98976.23058585465, "city_id": 9938, "country_iso": "BGD"}, {"h3index": "873cc6bb4ffffff", "population_2015": 50.18370723724365, "total_built_mass_tons": 96409.35444878282, "city_id": 9938, "country_iso": "BGD"}, {"h3index": "873cc6c0cffffff", "population_2015": 8.19617966296626, "total_built_mass_tons": 43001.99163402332, "city_id": 9938, "country_iso": "BGD"}, {"h3index": "873cc6c0dffffff", "population_2015": 19.754640579223633, "total_built_mass_tons": 100807.08375295624, "city_id": 9938, "country_iso": "BGD"}, {"h3index": "873cc6c29ffffff", "population_2015": 307.74079008663404, "total_built_mass_tons": 67507.706144603, "city_id": 9938, "country_iso": "BGD"}, {"h3index": "873cc6c2affffff", "population_2015": 48.97159277972053, "total_built_mass_tons": 10606.168145210377, "city_id": 9938, "country_iso": "BGD"}, {"h3index": "873cc6c2bffffff", "population_2015": 17.215499877929688, "total_built_mass_tons": 48953.23304697689, "city_id": 9938, "country_iso": "BGD"}, {"h3index": "873cc6c2dffffff", "population_2015": 4290.005607477824, "total_built_mass_tons": 110057.95563592194, "city_id": 9938, "country_iso": "BGD"}, {"h3index": "873cc6c40ffffff", "population_2015": 17.65126609802246, "total_built_mass_tons": 72936.97499504872, "city_id": 9938, "country_iso": "BGD"}, {"h3index": "873cc6c44ffffff", "population_2015": 19.57448959350586, "total_built_mass_tons": 76195.79443286202, "city_id": 9938, "country_iso": "BGD"}, {"h3index": "873cc6c46ffffff", "population_2015": 99.50886856527887, "total_built_mass_tons": 79753.63002947065, "city_id": 9938, "country_iso": "BGD"}, {"h3index": "873cc6c4bffffff", "population_2015": 47.48306083679199, "total_built_mass_tons": 58688.07708539847, "city_id": 9938, "country_iso": "BGD"}, {"h3index": "873cc6c4effffff", "population_2015": 71.53939247131348, "total_built_mass_tons": 34215.403755713596, "city_id": 9938, "country_iso": "BGD"}, {"h3index": "873cc6c50ffffff", "population_2015": 562.1539421081543, "total_built_mass_tons": 115570.6099979677, "city_id": 9938, "country_iso": "BGD"}, {"h3index": "873cc6c54ffffff", "population_2015": 60.98537635803223, "total_built_mass_tons": 101421.43010933006, "city_id": 9938, "country_iso": "BGD"}, {"h3index": "873cc6c55ffffff", "population_2015": 51.57843589782715, "total_built_mass_tons": 90129.73980769244, "city_id": 9938, "country_iso": "BGD"}, {"h3index": "873cc6c59ffffff", "population_2015": 18.56146812438965, "total_built_mass_tons": 73635.83299446522, "city_id": 9938, "country_iso": "BGD"}, {"h3index": "873cc6c5cffffff", "population_2015": 93.63316744636089, "total_built_mass_tons": 74298.2499424778, "city_id": 9938, "country_iso": "BGD"}, {"h3index": "873cc6c5effffff", "population_2015": 21.031032382740698, "total_built_mass_tons": 67738.53793370692, "city_id": 9938, "country_iso": "BGD"}, {"h3index": "873cc6c60ffffff", "population_2015": 23.47797203063965, "total_built_mass_tons": 85079.06828526007, "city_id": 9938, "country_iso": "BGD"}, {"h3index": "873cc6c65ffffff", "population_2015": 116.15383720397948, "total_built_mass_tons": 67531.94215031916, "city_id": 9938, "country_iso": "BGD"}, {"h3index": "873cc6c66ffffff", "population_2015": 362.8826695460899, "total_built_mass_tons": 93053.12645133788, "city_id": 9938, "country_iso": "BGD"}, {"h3index": "873cc6c69ffffff", "population_2015": 1236.2812583773743, "total_built_mass_tons": 79126.86642918873, "city_id": 9938, "country_iso": "BGD"}, {"h3index": "873cc6c6affffff", "population_2015": 87.22070121765137, "total_built_mass_tons": 40618.21452213506, "city_id": 9938, "country_iso": "BGD"}, {"h3index": "873cc6c6cffffff", "population_2015": 153.40759086608887, "total_built_mass_tons": 66460.2649013347, "city_id": 9938, "country_iso": "BGD"}, {"h3index": "873cc6c6dffffff", "population_2015": 75.38143539428711, "total_built_mass_tons": 59962.762477273456, "city_id": 9938, "country_iso": "BGD"}, {"h3index": "873cc6c70ffffff", "population_2015": 21.336498148301068, "total_built_mass_tons": 93032.84293151382, "city_id": 9938, "country_iso": "BGD"}, {"h3index": "873cc6c71ffffff", "population_2015": 172.2822036743164, "total_built_mass_tons": 99662.06041760868, "city_id": 9938, "country_iso": "BGD"}, {"h3index": "873cc6c72ffffff", "population_2015": 57.86632537841797, "total_built_mass_tons": 99645.20443962244, "city_id": 9938, "country_iso": "BGD"}, {"h3index": "873cc6c73ffffff", "population_2015": 72.43450772902546, "total_built_mass_tons": 95900.02870849642, "city_id": 9938, "country_iso": "BGD"}, {"h3index": "873cc6c74ffffff", "population_2015": 439.96744030223175, "total_built_mass_tons": 98252.3255830443, "city_id": 9938, "country_iso": "BGD"}, {"h3index": "873cc6c75ffffff", "population_2015": 203.56713676452637, "total_built_mass_tons": 93025.5080625692, "city_id": 9938, "country_iso": "BGD"}, {"h3index": "873cc6c76ffffff", "population_2015": 22.1063175201416, "total_built_mass_tons": 93057.24475442628, "city_id": 9938, "country_iso": "BGD"}, {"h3index": "873cc6cecffffff", "population_2015": 69.41192817687988, "total_built_mass_tons": 13677.448888124012, "city_id": 9938, "country_iso": "BGD"}, {"h3index": "873cc6d4affffff", "population_2015": 189.7854819802677, "total_built_mass_tons": 89002.52781226343, "city_id": 9938, "country_iso": "BGD"}, {"h3index": "873cc6d4cffffff", "population_2015": 37.039939880371094, "total_built_mass_tons": 80137.71661762317, "city_id": 9938, "country_iso": "BGD"}, {"h3index": "873cc6d53ffffff", "population_2015": 8406.383365436628, "total_built_mass_tons": 307330.55236487964, "city_id": 9938, "country_iso": "BGD"}, {"h3index": "873cc6d58ffffff", "population_2015": 5092.903801832012, "total_built_mass_tons": 290224.379137047, "city_id": 9938, "country_iso": "BGD"}, {"h3index": "873cc6d5affffff", "population_2015": 5916.8671324187635, "total_built_mass_tons": 229200.2225743347, "city_id": 9938, "country_iso": "BGD"}, {"h3index": "873cc6d5bffffff", "population_2015": 80.5896224975586, "total_built_mass_tons": 93010.66460409969, "city_id": 9938, "country_iso": "BGD"}, {"h3index": "873cc6d5dffffff", "population_2015": 392.6010616975672, "total_built_mass_tons": 100894.58057568704, "city_id": 9938, "country_iso": "BGD"}, {"h3index": "873cc6d5effffff", "population_2015": 48266.24926890953, "total_built_mass_tons": 1495381.8518849371, "city_id": 9938, "country_iso": "BGD"}, {"h3index": "873cc6d69ffffff", "population_2015": 2251.3136388442094, "total_built_mass_tons": 138717.57381656015, "city_id": 9938, "country_iso": "BGD"}]