[{"h3index": "87264a682ffffff", "population_2015": 934.848699710299, "total_built_mass_tons": 472405.7640226862, "city_id": 443, "country_iso": "USA"}, {"h3index": "87264a690ffffff", "population_2015": 1201.890080075404, "total_built_mass_tons": 1133726.2440918623, "city_id": 443, "country_iso": "USA"}, {"h3index": "87264a691ffffff", "population_2015": 99.05794655926088, "total_built_mass_tons": 148314.81551017112, "city_id": 443, "country_iso": "USA"}, {"h3index": "87264a692ffffff", "population_2015": 1606.379773032023, "total_built_mass_tons": 1514053.6234600786, "city_id": 443, "country_iso": "USA"}, {"h3index": "87264a693ffffff", "population_2015": 100.45225309203651, "total_built_mass_tons": 57116.20252123101, "city_id": 443, "country_iso": "USA"}, {"h3index": "87264a694ffffff", "population_2015": 513.9153679138304, "total_built_mass_tons": 691232.4253778185, "city_id": 443, "country_iso": "USA"}, {"h3index": "87264a695ffffff", "population_2015": 534.556426693302, "total_built_mass_tons": 718282.8379692007, "city_id": 443, "country_iso": "USA"}, {"h3index": "87264a696ffffff", "population_2015": 2114.7333769068996, "total_built_mass_tons": 1184067.316642806, "city_id": 443, "country_iso": "USA"}, {"h3index": "87264a6b0ffffff", "population_2015": 911.1669297300132, "total_built_mass_tons": 345068.03721715853, "city_id": 443, "country_iso": "USA"}, {"h3index": "87264a6b2ffffff", "population_2015": 2249.5856137261676, "total_built_mass_tons": 1455229.0004357712, "city_id": 443, "country_iso": "USA"}, {"h3index": "87264a6b3ffffff", "population_2015": 893.5299699252726, "total_built_mass_tons": 585979.0578255112, "city_id": 443, "country_iso": "USA"}, {"h3index": "872659a00ffffff", "population_2015": 6056.144104066492, "total_built_mass_tons": 2634249.105256671, "city_id": 443, "country_iso": "USA"}, {"h3index": "872659a01ffffff", "population_2015": 5663.815799048952, "total_built_mass_tons": 3224877.2578760963, "city_id": 443, "country_iso": "USA"}, {"h3index": "872659a02ffffff", "population_2015": 6146.213952473002, "total_built_mass_tons": 2551229.798678186, "city_id": 443, "country_iso": "USA"}, {"h3index": "872659a03ffffff", "population_2015": 3245.042217749168, "total_built_mass_tons": 2558926.3667551293, "city_id": 443, "country_iso": "USA"}, {"h3index": "872659a04ffffff", "population_2015": 8049.403714695836, "total_built_mass_tons": 2690236.334274568, "city_id": 443, "country_iso": "USA"}, {"h3index": "872659a05ffffff", "population_2015": 5141.986626984618, "total_built_mass_tons": 2768536.4115592856, "city_id": 443, "country_iso": "USA"}, {"h3index": "872659a06ffffff", "population_2015": 6199.048773096187, "total_built_mass_tons": 3828234.0979621583, "city_id": 443, "country_iso": "USA"}, {"h3index": "872659a08ffffff", "population_2015": 2.9397865295410153, "total_built_mass_tons": 2884207.872248424, "city_id": 443, "country_iso": "USA"}, {"h3index": "872659a09ffffff", "population_2015": 724.4738101782169, "total_built_mass_tons": 1408883.1020509682, "city_id": 443, "country_iso": "USA"}, {"h3index": "872659a0affffff", "population_2015": 390.6773142561132, "total_built_mass_tons": 1931596.6583133223, "city_id": 443, "country_iso": "USA"}, {"h3index": "872659a0cffffff", "population_2015": 4336.8450224835515, "total_built_mass_tons": 2558065.790824417, "city_id": 443, "country_iso": "USA"}, {"h3index": "872659a0dffffff", "population_2015": 1632.9817158660123, "total_built_mass_tons": 2539067.3229878573, "city_id": 443, "country_iso": "USA"}, {"h3index": "872659a0effffff", "population_2015": 2264.622111392036, "total_built_mass_tons": 2852804.666592908, "city_id": 443, "country_iso": "USA"}, {"h3index": "872659a10ffffff", "population_2015": 358.8486711838666, "total_built_mass_tons": 1372821.278302704, "city_id": 443, "country_iso": "USA"}, {"h3index": "872659a11ffffff", "population_2015": 5132.378287055914, "total_built_mass_tons": 2798326.7254073448, "city_id": 443, "country_iso": "USA"}, {"h3index": "872659a13ffffff", "population_2015": 966.149204419407, "total_built_mass_tons": 370304.8274642612, "city_id": 443, "country_iso": "USA"}, {"h3index": "872659a14ffffff", "population_2015": 558.1250007960142, "total_built_mass_tons": 489097.1538481914, "city_id": 443, "country_iso": "USA"}, {"h3index": "872659a15ffffff", "population_2015": 5261.704086889328, "total_built_mass_tons": 3276820.510587612, "city_id": 443, "country_iso": "USA"}, {"h3index": "872659a18ffffff", "population_2015": 1.2995715188045127, "total_built_mass_tons": 250557.27587298193, "city_id": 443, "country_iso": "USA"}, {"h3index": "872659a19ffffff", "population_2015": 1874.2948552822, "total_built_mass_tons": 1040329.4869534924, "city_id": 443, "country_iso": "USA"}, {"h3index": "872659a1cffffff", "population_2015": 2691.9239814459997, "total_built_mass_tons": 1912341.0621999064, "city_id": 443, "country_iso": "USA"}, {"h3index": "872659a1dffffff", "population_2015": 3166.6421094602306, "total_built_mass_tons": 2553937.941946252, "city_id": 443, "country_iso": "USA"}, {"h3index": "872659a1effffff", "population_2015": 172.0105310627058, "total_built_mass_tons": 630439.1130156182, "city_id": 443, "country_iso": "USA"}, {"h3index": "872659a20ffffff", "population_2015": 3733.96687114531, "total_built_mass_tons": 3208332.09579289, "city_id": 443, "country_iso": "USA"}, {"h3index": "872659a21ffffff", "population_2015": 6470.400729437611, "total_built_mass_tons": 2326968.578441437, "city_id": 443, "country_iso": "USA"}, {"h3index": "872659a22ffffff", "population_2015": 7185.091245424984, "total_built_mass_tons": 2332047.4562137313, "city_id": 443, "country_iso": "USA"}, {"h3index": "872659a23ffffff", "population_2015": 4666.038890456393, "total_built_mass_tons": 2418340.9646842876, "city_id": 443, "country_iso": "USA"}, {"h3index": "872659a24ffffff", "population_2015": 955.4528254364052, "total_built_mass_tons": 328745.69375323155, "city_id": 443, "country_iso": "USA"}, {"h3index": "872659a25ffffff", "population_2015": 4508.756018537632, "total_built_mass_tons": 2445704.8893127316, "city_id": 443, "country_iso": "USA"}, {"h3index": "872659a26ffffff", "population_2015": 2418.3186752179085, "total_built_mass_tons": 946895.83984691, "city_id": 443, "country_iso": "USA"}, {"h3index": "872659a28ffffff", "population_2015": 4816.791169301671, "total_built_mass_tons": 1793903.1278568225, "city_id": 443, "country_iso": "USA"}, {"h3index": "872659a29ffffff", "population_2015": 3165.8091784747203, "total_built_mass_tons": 1124227.213565827, "city_id": 443, "country_iso": "USA"}, {"h3index": "872659a2affffff", "population_2015": 6017.235472851643, "total_built_mass_tons": 1732745.094099029, "city_id": 443, "country_iso": "USA"}, {"h3index": "872659a2bffffff", "population_2015": 4263.434462326649, "total_built_mass_tons": 1406550.748766251, "city_id": 443, "country_iso": "USA"}, {"h3index": "872659a2cffffff", "population_2015": 1605.2263512840464, "total_built_mass_tons": 762975.5626025737, "city_id": 443, "country_iso": "USA"}, {"h3index": "872659a2dffffff", "population_2015": 1322.9320334086228, "total_built_mass_tons": 1418074.789956843, "city_id": 443, "country_iso": "USA"}, {"h3index": "872659a2effffff", "population_2015": 3083.4794692923037, "total_built_mass_tons": 1556523.999006318, "city_id": 443, "country_iso": "USA"}, {"h3index": "872659a30ffffff", "population_2015": 5327.505515913755, "total_built_mass_tons": 2900058.465844407, "city_id": 443, "country_iso": "USA"}, {"h3index": "872659a31ffffff", "population_2015": 7322.708266584544, "total_built_mass_tons": 3442300.08501597, "city_id": 443, "country_iso": "USA"}, {"h3index": "872659a32ffffff", "population_2015": 520.1823201327932, "total_built_mass_tons": 250382.7017714913, "city_id": 443, "country_iso": "USA"}, {"h3index": "872659a33ffffff", "population_2015": 7311.893984428238, "total_built_mass_tons": 4525552.474615355, "city_id": 443, "country_iso": "USA"}, {"h3index": "872659a34ffffff", "population_2015": 34.75781941001906, "total_built_mass_tons": 645930.0491489376, "city_id": 443, "country_iso": "USA"}, {"h3index": "872659a35ffffff", "population_2015": 2730.378228286669, "total_built_mass_tons": 1401918.1613682602, "city_id": 443, "country_iso": "USA"}, {"h3index": "872659a36ffffff", "population_2015": 1809.647730576758, "total_built_mass_tons": 296420.1296251385, "city_id": 443, "country_iso": "USA"}, {"h3index": "872659a40ffffff", "population_2015": 162.26342139270378, "total_built_mass_tons": 2629113.0839418503, "city_id": 443, "country_iso": "USA"}, {"h3index": "872659a41ffffff", "population_2015": 1515.6566799266668, "total_built_mass_tons": 434079.2924257465, "city_id": 443, "country_iso": "USA"}, {"h3index": "872659a42ffffff", "population_2015": 21.686923442616617, "total_built_mass_tons": 1621028.0149799916, "city_id": 443, "country_iso": "USA"}, {"h3index": "872659a43ffffff", "population_2015": 7.361474525923018, "total_built_mass_tons": 312777.6318562778, "city_id": 443, "country_iso": "USA"}, {"h3index": "872659a44ffffff", "population_2015": 8631.609115382267, "total_built_mass_tons": 3070057.1578469127, "city_id": 443, "country_iso": "USA"}, {"h3index": "872659a45ffffff", "population_2015": 5771.886852528302, "total_built_mass_tons": 2841572.9659953187, "city_id": 443, "country_iso": "USA"}, {"h3index": "872659a46ffffff", "population_2015": 126.43007985287362, "total_built_mass_tons": 3122123.9040130437, "city_id": 443, "country_iso": "USA"}, {"h3index": "872659a4cffffff", "population_2015": 591.4913696564878, "total_built_mass_tons": 178951.11439570636, "city_id": 443, "country_iso": "USA"}, {"h3index": "872659a54ffffff", "population_2015": 33.48836988621922, "total_built_mass_tons": 3125306.3595077596, "city_id": 443, "country_iso": "USA"}, {"h3index": "872659a60ffffff", "population_2015": 4629.8804735807835, "total_built_mass_tons": 2184078.848467874, "city_id": 443, "country_iso": "USA"}, {"h3index": "872659a61ffffff", "population_2015": 4896.11892135681, "total_built_mass_tons": 2236120.1806775015, "city_id": 443, "country_iso": "USA"}, {"h3index": "872659a62ffffff", "population_2015": 9136.491759360184, "total_built_mass_tons": 3013516.7406872385, "city_id": 443, "country_iso": "USA"}, {"h3index": "872659a63ffffff", "population_2015": 7505.026845055584, "total_built_mass_tons": 2568197.4123690296, "city_id": 443, "country_iso": "USA"}, {"h3index": "872659a64ffffff", "population_2015": 1166.15067916606, "total_built_mass_tons": 517844.5514459299, "city_id": 443, "country_iso": "USA"}, {"h3index": "872659a65ffffff", "population_2015": 2122.239566732973, "total_built_mass_tons": 1070242.8283766448, "city_id": 443, "country_iso": "USA"}, {"h3index": "872659a66ffffff", "population_2015": 5526.5044865750215, "total_built_mass_tons": 1980682.7588505568, "city_id": 443, "country_iso": "USA"}, {"h3index": "872659a68ffffff", "population_2015": 137.37766581880678, "total_built_mass_tons": 326309.2264532231, "city_id": 443, "country_iso": "USA"}, {"h3index": "872659a69ffffff", "population_2015": 4.4253110086801, "total_built_mass_tons": 816161.1179870472, "city_id": 443, "country_iso": "USA"}, {"h3index": "872659a6affffff", "population_2015": 5169.0722835060715, "total_built_mass_tons": 1630620.756903812, "city_id": 443, "country_iso": "USA"}, {"h3index": "872659a6bffffff", "population_2015": 70.58680796525533, "total_built_mass_tons": 1818623.8968508216, "city_id": 443, "country_iso": "USA"}, {"h3index": "872659a6cffffff", "population_2015": 2871.2526833302827, "total_built_mass_tons": 1283547.2915532328, "city_id": 443, "country_iso": "USA"}, {"h3index": "872659a6effffff", "population_2015": 6494.56290595695, "total_built_mass_tons": 1940384.991643976, "city_id": 443, "country_iso": "USA"}, {"h3index": "872659a70ffffff", "population_2015": 8472.799503349555, "total_built_mass_tons": 2453000.88632094, "city_id": 443, "country_iso": "USA"}, {"h3index": "872659a71ffffff", "population_2015": 4663.7687569791715, "total_built_mass_tons": 2867308.6135076443, "city_id": 443, "country_iso": "USA"}, {"h3index": "872659a72ffffff", "population_2015": 6076.595575662658, "total_built_mass_tons": 3221440.719572006, "city_id": 443, "country_iso": "USA"}, {"h3index": "872659a73ffffff", "population_2015": 921.9947681799822, "total_built_mass_tons": 3641820.82758669, "city_id": 443, "country_iso": "USA"}, {"h3index": "872659a74ffffff", "population_2015": 3094.155154505803, "total_built_mass_tons": 2217550.849893776, "city_id": 443, "country_iso": "USA"}, {"h3index": "872659a75ffffff", "population_2015": 7920.682570861835, "total_built_mass_tons": 2357711.3270222656, "city_id": 443, "country_iso": "USA"}, {"h3index": "872659a76ffffff", "population_2015": 6995.0519734888685, "total_built_mass_tons": 2418133.6185465157, "city_id": 443, "country_iso": "USA"}, {"h3index": "872659b0bffffff", "population_2015": 190.7603564346538, "total_built_mass_tons": 109968.03290803092, "city_id": 443, "country_iso": "USA"}, {"h3index": "872659b48ffffff", "population_2015": 2114.452285386534, "total_built_mass_tons": 1001343.2571316464, "city_id": 443, "country_iso": "USA"}, {"h3index": "872659b49ffffff", "population_2015": 2991.100544174045, "total_built_mass_tons": 1149755.7154133522, "city_id": 443, "country_iso": "USA"}, {"h3index": "872659b4affffff", "population_2015": 1038.7499255421114, "total_built_mass_tons": 814925.1692502429, "city_id": 443, "country_iso": "USA"}, {"h3index": "872659b4bffffff", "population_2015": 887.4961676867571, "total_built_mass_tons": 1248901.0606892991, "city_id": 443, "country_iso": "USA"}, {"h3index": "872659b4effffff", "population_2015": 35.78153920454138, "total_built_mass_tons": 16071.04954476546, "city_id": 443, "country_iso": "USA"}, {"h3index": "872659b50ffffff", "population_2015": 2779.7477697316344, "total_built_mass_tons": 764583.31949399, "city_id": 443, "country_iso": "USA"}, {"h3index": "872659b51ffffff", "population_2015": 2017.5754819981896, "total_built_mass_tons": 1011363.5884331774, "city_id": 443, "country_iso": "USA"}, {"h3index": "872659b52ffffff", "population_2015": 4668.939569634315, "total_built_mass_tons": 1731264.8151927553, "city_id": 443, "country_iso": "USA"}, {"h3index": "872659b53ffffff", "population_2015": 1647.83780074213, "total_built_mass_tons": 1200789.927772022, "city_id": 443, "country_iso": "USA"}, {"h3index": "872659b56ffffff", "population_2015": 4668.464857735353, "total_built_mass_tons": 1052034.322460377, "city_id": 443, "country_iso": "USA"}, {"h3index": "872659b58ffffff", "population_2015": 1061.8656300862629, "total_built_mass_tons": 2111387.9943871936, "city_id": 443, "country_iso": "USA"}, {"h3index": "872659b59ffffff", "population_2015": 3129.40125271526, "total_built_mass_tons": 1580518.8556567435, "city_id": 443, "country_iso": "USA"}, {"h3index": "872659b5affffff", "population_2015": 2832.335927798527, "total_built_mass_tons": 1980287.2958363127, "city_id": 443, "country_iso": "USA"}, {"h3index": "872659b5bffffff", "population_2015": 3073.861202533105, "total_built_mass_tons": 1556650.8762072634, "city_id": 443, "country_iso": "USA"}, {"h3index": "872659b5cffffff", "population_2015": 816.9122055196879, "total_built_mass_tons": 947180.7351603502, "city_id": 443, "country_iso": "USA"}, {"h3index": "872659b5dffffff", "population_2015": 1521.296473202051, "total_built_mass_tons": 678192.7662642079, "city_id": 443, "country_iso": "USA"}, {"h3index": "872659b5effffff", "population_2015": 1467.4964030378003, "total_built_mass_tons": 995386.1730369756, "city_id": 443, "country_iso": "USA"}]