[{"h3index":"873c14a44ffffff","population_2015":25.3781073402,"total_built_mass_tons":8375.5945288034,"city_id":8485,"country_iso":"IND"},{"h3index":"873c14a46ffffff","population_2015":12.2002402661,"total_built_mass_tons":4594.7179336678,"city_id":8485,"country_iso":"IND"},{"h3index":"873c14a62ffffff","population_2015":232.4175328124,"total_built_mass_tons":26503.3068137005,"city_id":8485,"country_iso":"IND"},{"h3index":"873c14a71ffffff","population_2015":3332.930948594,"total_built_mass_tons":573629.5685844938,"city_id":8485,"country_iso":"IND"}]