[{"h3index": "87a8a2508ffffff", "population_2015": 136.48881376210383, "total_built_mass_tons": 37929.27864620263, "city_id": 1387, "country_iso": "BRA"}, {"h3index": "87a8a2509ffffff", "population_2015": 5017.928839977817, "total_built_mass_tons": 373238.5660361749, "city_id": 1387, "country_iso": "BRA"}, {"h3index": "87a8a250dffffff", "population_2015": 13309.783305029308, "total_built_mass_tons": 1255756.9599825891, "city_id": 1387, "country_iso": "BRA"}, {"h3index": "87a8a2528ffffff", "population_2015": 10454.29141570353, "total_built_mass_tons": 1825309.356848006, "city_id": 1387, "country_iso": "BRA"}, {"h3index": "87a8a2529ffffff", "population_2015": 13042.109209141192, "total_built_mass_tons": 1594725.8668686275, "city_id": 1387, "country_iso": "BRA"}, {"h3index": "87a8a252bffffff", "population_2015": 3539.539069366455, "total_built_mass_tons": 228619.61856532807, "city_id": 1387, "country_iso": "BRA"}, {"h3index": "87a8a252dffffff", "population_2015": 31891.506813564007, "total_built_mass_tons": 2939095.630663341, "city_id": 1387, "country_iso": "BRA"}, {"h3index": "87a8a2570ffffff", "population_2015": 6573.923893038431, "total_built_mass_tons": 593102.3522738056, "city_id": 1387, "country_iso": "BRA"}, {"h3index": "87a8a2571ffffff", "population_2015": 2854.746467137352, "total_built_mass_tons": 439276.7247287147, "city_id": 1387, "country_iso": "BRA"}, {"h3index": "87a8a2572ffffff", "population_2015": 9030.547401830612, "total_built_mass_tons": 733127.0506849299, "city_id": 1387, "country_iso": "BRA"}, {"h3index": "87a8a2574ffffff", "population_2015": 8319.923749725023, "total_built_mass_tons": 1299365.3030016697, "city_id": 1387, "country_iso": "BRA"}, {"h3index": "87a8a2575ffffff", "population_2015": 3065.9961994619925, "total_built_mass_tons": 420815.3758646119, "city_id": 1387, "country_iso": "BRA"}, {"h3index": "87a8a2576ffffff", "population_2015": 21936.69138465536, "total_built_mass_tons": 1972213.088678135, "city_id": 1387, "country_iso": "BRA"}, {"h3index": "87a8a2cd3ffffff", "population_2015": 15.706645818551385, "total_built_mass_tons": 32346.966538608816, "city_id": 1387, "country_iso": "BRA"}, {"h3index": "87a8a2cdaffffff", "population_2015": 12639.166531578114, "total_built_mass_tons": 1420146.5684283315, "city_id": 1387, "country_iso": "BRA"}, {"h3index": "87a8a2cdeffffff", "population_2015": 8923.411968276081, "total_built_mass_tons": 488221.2649487372, "city_id": 1387, "country_iso": "BRA"}]