[{"h3index":"8740d4380ffffff","population_2015":48.1457814198,"total_built_mass_tons":23645.4379502934,"city_id":10289,"country_iso":"CHN"},{"h3index":"8740d4381ffffff","population_2015":5399.4398023044,"total_built_mass_tons":1783256.828379869,"city_id":10289,"country_iso":"CHN"},{"h3index":"8740d4383ffffff","population_2015":6479.8521370832,"total_built_mass_tons":2125702.7962899623,"city_id":10289,"country_iso":"CHN"},{"h3index":"8740d438cffffff","population_2015":2797.4692610572,"total_built_mass_tons":772929.8772074078,"city_id":10289,"country_iso":"CHN"},{"h3index":"8740d438effffff","population_2015":7777.0770038268,"total_built_mass_tons":2359868.5420226371,"city_id":10289,"country_iso":"CHN"},{"h3index":"8740d439dffffff","population_2015":237.3048992456,"total_built_mass_tons":167450.4321933953,"city_id":10289,"country_iso":"CHN"}]