[{"h3index": "8740e225affffff", "population_2015": 33.70235915277519, "total_built_mass_tons": 56512.25202419235, "city_id": 10318, "country_iso": "CHN"}, {"h3index": "8740e225bffffff", "population_2015": 53.11527405533136, "total_built_mass_tons": 30291.27300314245, "city_id": 10318, "country_iso": "CHN"}, {"h3index": "8740e22c8ffffff", "population_2015": 105.72921439713124, "total_built_mass_tons": 46433.664935272514, "city_id": 10318, "country_iso": "CHN"}, {"h3index": "8740e22c9ffffff", "population_2015": 1577.0294006048464, "total_built_mass_tons": 348483.04777056526, "city_id": 10318, "country_iso": "CHN"}, {"h3index": "8740e22ccffffff", "population_2015": 23.591498715269804, "total_built_mass_tons": 10093.725655180322, "city_id": 10318, "country_iso": "CHN"}, {"h3index": "8740e22cdffffff", "population_2015": 9958.621477137363, "total_built_mass_tons": 2113439.5676960666, "city_id": 10318, "country_iso": "CHN"}, {"h3index": "8740e22e9ffffff", "population_2015": 210.77980972972568, "total_built_mass_tons": 240729.12839642575, "city_id": 10318, "country_iso": "CHN"}, {"h3index": "8740e22ebffffff", "population_2015": 164.0132204803766, "total_built_mass_tons": 62999.199518162655, "city_id": 10318, "country_iso": "CHN"}, {"h3index": "8740e3594ffffff", "population_2015": 1969.836019968519, "total_built_mass_tons": 241891.2412275868, "city_id": 10318, "country_iso": "CHN"}, {"h3index": "8740e35a2ffffff", "population_2015": 414.8391390851899, "total_built_mass_tons": 299467.92727202614, "city_id": 10318, "country_iso": "CHN"}, {"h3index": "8740e35b0ffffff", "population_2015": 21885.6424323512, "total_built_mass_tons": 9769360.14115793, "city_id": 10318, "country_iso": "CHN"}, {"h3index": "8740e35b1ffffff", "population_2015": 361.80948577955655, "total_built_mass_tons": 228939.54403212015, "city_id": 10318, "country_iso": "CHN"}, {"h3index": "8740e35b2ffffff", "population_2015": 37561.95267267976, "total_built_mass_tons": 4196427.2818927765, "city_id": 10318, "country_iso": "CHN"}, {"h3index": "8740e35b3ffffff", "population_2015": 3605.231833788928, "total_built_mass_tons": 630603.839893647, "city_id": 10318, "country_iso": "CHN"}, {"h3index": "8740e35b4ffffff", "population_2015": 7530.181346653021, "total_built_mass_tons": 6556098.690236364, "city_id": 10318, "country_iso": "CHN"}, {"h3index": "8740e35b5ffffff", "population_2015": 7118.132842636109, "total_built_mass_tons": 5187205.9487853935, "city_id": 10318, "country_iso": "CHN"}, {"h3index": "8740e35b6ffffff", "population_2015": 31174.165274445215, "total_built_mass_tons": 4975711.020829454, "city_id": 10318, "country_iso": "CHN"}]