[{"h3index": "874085252ffffff", "population_2015": 6506.363875263811, "total_built_mass_tons": 1776741.409425852, "city_id": 10861, "country_iso": "CHN"}, {"h3index": "874085253ffffff", "population_2015": 2389.229565223993, "total_built_mass_tons": 686065.3381081158, "city_id": 10861, "country_iso": "CHN"}, {"h3index": "8740852c0ffffff", "population_2015": 5440.164456475482, "total_built_mass_tons": 1592359.5798737789, "city_id": 10861, "country_iso": "CHN"}, {"h3index": "8740852c1ffffff", "population_2015": 9115.229369485149, "total_built_mass_tons": 3476011.8235117686, "city_id": 10861, "country_iso": "CHN"}, {"h3index": "8740852c2ffffff", "population_2015": 7305.964247864369, "total_built_mass_tons": 1066505.7054820666, "city_id": 10861, "country_iso": "CHN"}, {"h3index": "8740852c3ffffff", "population_2015": 1703.1783747055947, "total_built_mass_tons": 262413.91916109424, "city_id": 10861, "country_iso": "CHN"}, {"h3index": "8740852c4ffffff", "population_2015": 1148.6756819351046, "total_built_mass_tons": 358671.32846774213, "city_id": 10861, "country_iso": "CHN"}, {"h3index": "8740852c5ffffff", "population_2015": 12075.270443673226, "total_built_mass_tons": 7329010.313802447, "city_id": 10861, "country_iso": "CHN"}, {"h3index": "8740852ccffffff", "population_2015": 3739.380909037123, "total_built_mass_tons": 1103518.89128238, "city_id": 10861, "country_iso": "CHN"}, {"h3index": "8740852cdffffff", "population_2015": 2058.27189319835, "total_built_mass_tons": 450950.87036746467, "city_id": 10861, "country_iso": "CHN"}, {"h3index": "8740852ceffffff", "population_2015": 836.7961352479225, "total_built_mass_tons": 278761.44268683984, "city_id": 10861, "country_iso": "CHN"}, {"h3index": "8740852dcffffff", "population_2015": 1.3154139126048368, "total_built_mass_tons": 1690.6644738364469, "city_id": 10861, "country_iso": "CHN"}, {"h3index": "8740852e1ffffff", "population_2015": 9229.657139896884, "total_built_mass_tons": 1500560.105040372, "city_id": 10861, "country_iso": "CHN"}, {"h3index": "8740852e2ffffff", "population_2015": 1602.188713601524, "total_built_mass_tons": 219517.76467367873, "city_id": 10861, "country_iso": "CHN"}, {"h3index": "8740852e3ffffff", "population_2015": 32054.65090434317, "total_built_mass_tons": 1677478.8308630176, "city_id": 10861, "country_iso": "CHN"}, {"h3index": "8740852e5ffffff", "population_2015": 184.0107484593111, "total_built_mass_tons": 160856.16595479302, "city_id": 10861, "country_iso": "CHN"}, {"h3index": "8740852e8ffffff", "population_2015": 9366.492830175508, "total_built_mass_tons": 2508647.211417564, "city_id": 10861, "country_iso": "CHN"}, {"h3index": "8740852e9ffffff", "population_2015": 1817.833293207954, "total_built_mass_tons": 893420.4729022104, "city_id": 10861, "country_iso": "CHN"}, {"h3index": "8740852eaffffff", "population_2015": 17445.43781748753, "total_built_mass_tons": 6123357.090807533, "city_id": 10861, "country_iso": "CHN"}, {"h3index": "8740852ebffffff", "population_2015": 13684.60620687522, "total_built_mass_tons": 2586809.1393863177, "city_id": 10861, "country_iso": "CHN"}, {"h3index": "8740852ecffffff", "population_2015": 38813.29481489145, "total_built_mass_tons": 7414282.531751011, "city_id": 10861, "country_iso": "CHN"}, {"h3index": "8740852edffffff", "population_2015": 3305.0653887169033, "total_built_mass_tons": 1270342.341504391, "city_id": 10861, "country_iso": "CHN"}, {"h3index": "8740852eeffffff", "population_2015": 35407.6070352891, "total_built_mass_tons": 7326463.8869999265, "city_id": 10861, "country_iso": "CHN"}, {"h3index": "8740852f1ffffff", "population_2015": 13.686545150420244, "total_built_mass_tons": 109513.37872044292, "city_id": 10861, "country_iso": "CHN"}, {"h3index": "8740aa580ffffff", "population_2015": 307.8437443452723, "total_built_mass_tons": 129236.29551260086, "city_id": 10861, "country_iso": "CHN"}, {"h3index": "8740aa584ffffff", "population_2015": 208.7716100730148, "total_built_mass_tons": 54766.9046897946, "city_id": 10861, "country_iso": "CHN"}, {"h3index": "8740aa586ffffff", "population_2015": 4141.713073228388, "total_built_mass_tons": 841714.4349071512, "city_id": 10861, "country_iso": "CHN"}, {"h3index": "8740aa5b0ffffff", "population_2015": 10259.549560621674, "total_built_mass_tons": 2038069.4551200045, "city_id": 10861, "country_iso": "CHN"}, {"h3index": "8740aa5b1ffffff", "population_2015": 1872.608950431674, "total_built_mass_tons": 405164.8288888854, "city_id": 10861, "country_iso": "CHN"}, {"h3index": "8740aa5b2ffffff", "population_2015": 3992.155836879506, "total_built_mass_tons": 1181912.747694648, "city_id": 10861, "country_iso": "CHN"}, {"h3index": "8740aa5b3ffffff", "population_2015": 1829.4007950857576, "total_built_mass_tons": 788713.6631892495, "city_id": 10861, "country_iso": "CHN"}, {"h3index": "8740aa5b4ffffff", "population_2015": 790.3703465293436, "total_built_mass_tons": 260729.49550392863, "city_id": 10861, "country_iso": "CHN"}, {"h3index": "8740aa5b6ffffff", "population_2015": 8091.534130012289, "total_built_mass_tons": 1421752.442667944, "city_id": 10861, "country_iso": "CHN"}]