[{"h3index":"875f09480ffffff","population_2015":856.4075573005,"total_built_mass_tons":298555.244720917,"city_id":1039,"country_iso":"GUY"},{"h3index":"875f09481ffffff","population_2015":2624.9106899561,"total_built_mass_tons":1011342.8568997652,"city_id":1039,"country_iso":"GUY"},{"h3index":"875f09485ffffff","population_2015":1301.5819266768,"total_built_mass_tons":604150.1403556654,"city_id":1039,"country_iso":"GUY"},{"h3index":"875f09488ffffff","population_2015":3.9065121969,"total_built_mass_tons":7673.1893255065,"city_id":1039,"country_iso":"GUY"},{"h3index":"875f0948cffffff","population_2015":3209.5416186464,"total_built_mass_tons":1394687.6198691439,"city_id":1039,"country_iso":"GUY"},{"h3index":"875f0948dffffff","population_2015":3225.8869311987,"total_built_mass_tons":1215728.6274205844,"city_id":1039,"country_iso":"GUY"},{"h3index":"875f094aaffffff","population_2015":961.9460182489,"total_built_mass_tons":404173.2242993439,"city_id":1039,"country_iso":"GUY"},{"h3index":"875f094c4ffffff","population_2015":881.5049891434,"total_built_mass_tons":432942.6814815484,"city_id":1039,"country_iso":"GUY"},{"h3index":"875f094c6ffffff","population_2015":2180.4924258251,"total_built_mass_tons":918126.2704137852,"city_id":1039,"country_iso":"GUY"},{"h3index":"875f094f0ffffff","population_2015":929.2444762136,"total_built_mass_tons":317424.6483195457,"city_id":1039,"country_iso":"GUY"},{"h3index":"875f094f1ffffff","population_2015":631.4201954561,"total_built_mass_tons":321586.8247630668,"city_id":1039,"country_iso":"GUY"},{"h3index":"875f094f2ffffff","population_2015":4632.5350278555,"total_built_mass_tons":2008896.0148463296,"city_id":1039,"country_iso":"GUY"},{"h3index":"875f094f3ffffff","population_2015":3603.7483373904,"total_built_mass_tons":1153651.6488125252,"city_id":1039,"country_iso":"GUY"}]