[{"h3index":"879719081ffffff","population_2015":78.4901851654,"total_built_mass_tons":7247.8902696171,"city_id":4222,"country_iso":"ZWE"},{"h3index":"879719085ffffff","population_2015":292.452571738,"total_built_mass_tons":50943.527381052,"city_id":4222,"country_iso":"ZWE"},{"h3index":"87971908cffffff","population_2015":121.5871518528,"total_built_mass_tons":73078.0350567916,"city_id":4222,"country_iso":"ZWE"},{"h3index":"8797190a0ffffff","population_2015":1.4169468599,"total_built_mass_tons":129228.7612613803,"city_id":4222,"country_iso":"ZWE"},{"h3index":"8797190a3ffffff","population_2015":1079.3828606362,"total_built_mass_tons":217135.9079204815,"city_id":4222,"country_iso":"ZWE"},{"h3index":"8797190aaffffff","population_2015":1233.7410221885,"total_built_mass_tons":375552.0831519128,"city_id":4222,"country_iso":"ZWE"},{"h3index":"8797190abffffff","population_2015":397.7334812763,"total_built_mass_tons":263940.905078258,"city_id":4222,"country_iso":"ZWE"},{"h3index":"8797190aeffffff","population_2015":661.2383236904,"total_built_mass_tons":139018.9362348645,"city_id":4222,"country_iso":"ZWE"}]