[{"h3index": "87831e003ffffff", "population_2015": 73.81826400756836, "total_built_mass_tons": 21334.60001940239, "city_id": 3050, "country_iso": "AGO"}, {"h3index": "87831e008ffffff", "population_2015": 1150.7183238384769, "total_built_mass_tons": 147176.3287298562, "city_id": 3050, "country_iso": "AGO"}, {"h3index": "87831e009ffffff", "population_2015": 4751.23938594145, "total_built_mass_tons": 584898.9589610696, "city_id": 3050, "country_iso": "AGO"}, {"h3index": "87831e00affffff", "population_2015": 633.3372517604454, "total_built_mass_tons": 105219.97470307018, "city_id": 3050, "country_iso": "AGO"}, {"h3index": "87831e00bffffff", "population_2015": 3575.2378611097147, "total_built_mass_tons": 417370.06407787505, "city_id": 3050, "country_iso": "AGO"}, {"h3index": "87831e00cffffff", "population_2015": 332.55468904083847, "total_built_mass_tons": 47068.51465164175, "city_id": 3050, "country_iso": "AGO"}, {"h3index": "87831e00dffffff", "population_2015": 7097.287448411829, "total_built_mass_tons": 1085714.2158855796, "city_id": 3050, "country_iso": "AGO"}, {"h3index": "87831e00effffff", "population_2015": 1946.5482620463652, "total_built_mass_tons": 398831.1442600504, "city_id": 3050, "country_iso": "AGO"}, {"h3index": "87831e011ffffff", "population_2015": 3049.5756537082148, "total_built_mass_tons": 558843.4297509743, "city_id": 3050, "country_iso": "AGO"}, {"h3index": "87831e013ffffff", "population_2015": 183.26672239116596, "total_built_mass_tons": 62019.068845359536, "city_id": 3050, "country_iso": "AGO"}, {"h3index": "87831e018ffffff", "population_2015": 3485.301986552219, "total_built_mass_tons": 461783.08563304256, "city_id": 3050, "country_iso": "AGO"}, {"h3index": "87831e019ffffff", "population_2015": 6378.570746014167, "total_built_mass_tons": 1080364.8983305902, "city_id": 3050, "country_iso": "AGO"}, {"h3index": "87831e01cffffff", "population_2015": 9330.906373895385, "total_built_mass_tons": 1405944.7594859644, "city_id": 3050, "country_iso": "AGO"}, {"h3index": "87831e01dffffff", "population_2015": 3987.8994282965577, "total_built_mass_tons": 605562.0214282228, "city_id": 3050, "country_iso": "AGO"}, {"h3index": "87831e01effffff", "population_2015": 4407.4902754091745, "total_built_mass_tons": 785592.4448253864, "city_id": 3050, "country_iso": "AGO"}, {"h3index": "87831e028ffffff", "population_2015": 3729.2860664891264, "total_built_mass_tons": 551506.8469732342, "city_id": 3050, "country_iso": "AGO"}, {"h3index": "87831e029ffffff", "population_2015": 1719.1791922849768, "total_built_mass_tons": 239868.21740177687, "city_id": 3050, "country_iso": "AGO"}, {"h3index": "87831e02affffff", "population_2015": 16.030167867623124, "total_built_mass_tons": 4050.7628361071497, "city_id": 3050, "country_iso": "AGO"}, {"h3index": "87831e02bffffff", "population_2015": 8722.836002738804, "total_built_mass_tons": 1290336.0100536875, "city_id": 3050, "country_iso": "AGO"}, {"h3index": "87831e02cffffff", "population_2015": 1019.1288394479192, "total_built_mass_tons": 218672.0965584696, "city_id": 3050, "country_iso": "AGO"}, {"h3index": "87831e02dffffff", "population_2015": 2557.2240181492816, "total_built_mass_tons": 515203.0901100138, "city_id": 3050, "country_iso": "AGO"}, {"h3index": "87831e02effffff", "population_2015": 160.12515448027966, "total_built_mass_tons": 38660.34095319658, "city_id": 3050, "country_iso": "AGO"}, {"h3index": "87831e040ffffff", "population_2015": 33.09005928039551, "total_built_mass_tons": 95030.46545849966, "city_id": 3050, "country_iso": "AGO"}, {"h3index": "87831e042ffffff", "population_2015": 1342.889709079967, "total_built_mass_tons": 322295.73362724134, "city_id": 3050, "country_iso": "AGO"}, {"h3index": "87831e043ffffff", "population_2015": 643.4575960795084, "total_built_mass_tons": 259898.2491351022, "city_id": 3050, "country_iso": "AGO"}, {"h3index": "87831e046ffffff", "population_2015": 223.39609547783348, "total_built_mass_tons": 93716.53931573732, "city_id": 3050, "country_iso": "AGO"}, {"h3index": "87831e048ffffff", "population_2015": 194.53318212172564, "total_built_mass_tons": 100409.3357367838, "city_id": 3050, "country_iso": "AGO"}, {"h3index": "87831e049ffffff", "population_2015": 1936.2441905825744, "total_built_mass_tons": 426044.58458967885, "city_id": 3050, "country_iso": "AGO"}, {"h3index": "87831e04affffff", "population_2015": 565.5674292919682, "total_built_mass_tons": 305445.5181973624, "city_id": 3050, "country_iso": "AGO"}, {"h3index": "87831e04bffffff", "population_2015": 4094.5889462714104, "total_built_mass_tons": 669719.4084386087, "city_id": 3050, "country_iso": "AGO"}, {"h3index": "87831e04effffff", "population_2015": 1930.6489345251343, "total_built_mass_tons": 391811.51603221823, "city_id": 3050, "country_iso": "AGO"}, {"h3index": "87831e050ffffff", "population_2015": 1199.211102025649, "total_built_mass_tons": 168458.77408466773, "city_id": 3050, "country_iso": "AGO"}, {"h3index": "87831e051ffffff", "population_2015": 2051.422150002274, "total_built_mass_tons": 371979.2823476076, "city_id": 3050, "country_iso": "AGO"}, {"h3index": "87831e052ffffff", "population_2015": 17350.50964491601, "total_built_mass_tons": 2034514.4538191068, "city_id": 3050, "country_iso": "AGO"}, {"h3index": "87831e053ffffff", "population_2015": 3107.882805738263, "total_built_mass_tons": 404012.4337591586, "city_id": 3050, "country_iso": "AGO"}, {"h3index": "87831e054ffffff", "population_2015": 3322.3556654986205, "total_built_mass_tons": 499282.7406044159, "city_id": 3050, "country_iso": "AGO"}, {"h3index": "87831e055ffffff", "population_2015": 2457.1835070666143, "total_built_mass_tons": 342820.0101317068, "city_id": 3050, "country_iso": "AGO"}, {"h3index": "87831e056ffffff", "population_2015": 3781.2519549051926, "total_built_mass_tons": 402390.9969875986, "city_id": 3050, "country_iso": "AGO"}, {"h3index": "87831e058ffffff", "population_2015": 3482.7238291946096, "total_built_mass_tons": 745616.4409202144, "city_id": 3050, "country_iso": "AGO"}, {"h3index": "87831e059ffffff", "population_2015": 508.24880671033674, "total_built_mass_tons": 249027.5329867599, "city_id": 3050, "country_iso": "AGO"}, {"h3index": "87831e05affffff", "population_2015": 10051.155460985969, "total_built_mass_tons": 1811058.3784566943, "city_id": 3050, "country_iso": "AGO"}, {"h3index": "87831e05bffffff", "population_2015": 15854.75472946167, "total_built_mass_tons": 3237902.590982347, "city_id": 3050, "country_iso": "AGO"}, {"h3index": "87831e05cffffff", "population_2015": 1245.6863684972127, "total_built_mass_tons": 454755.0791404137, "city_id": 3050, "country_iso": "AGO"}, {"h3index": "87831e05dffffff", "population_2015": 598.7997849632711, "total_built_mass_tons": 254088.35374614003, "city_id": 3050, "country_iso": "AGO"}, {"h3index": "87831e05effffff", "population_2015": 2481.236259905497, "total_built_mass_tons": 531525.6098369296, "city_id": 3050, "country_iso": "AGO"}, {"h3index": "87831e076ffffff", "population_2015": 2143.233467476041, "total_built_mass_tons": 409821.0478760009, "city_id": 3050, "country_iso": "AGO"}, {"h3index": "87831e0c1ffffff", "population_2015": 988.4509283776376, "total_built_mass_tons": 154597.9193954112, "city_id": 3050, "country_iso": "AGO"}, {"h3index": "87831e0c4ffffff", "population_2015": 857.4172951193417, "total_built_mass_tons": 138900.0121390631, "city_id": 3050, "country_iso": "AGO"}, {"h3index": "87831e0c5ffffff", "population_2015": 4724.569196095186, "total_built_mass_tons": 515576.487458495, "city_id": 3050, "country_iso": "AGO"}, {"h3index": "87831e0c6ffffff", "population_2015": 816.6955542171702, "total_built_mass_tons": 105905.22647747096, "city_id": 3050, "country_iso": "AGO"}, {"h3index": "87831e0c8ffffff", "population_2015": 4986.617752239751, "total_built_mass_tons": 716561.0695929717, "city_id": 3050, "country_iso": "AGO"}, {"h3index": "87831e0c9ffffff", "population_2015": 31506.851923437673, "total_built_mass_tons": 4035576.088755101, "city_id": 3050, "country_iso": "AGO"}, {"h3index": "87831e0caffffff", "population_2015": 4201.729858480716, "total_built_mass_tons": 665677.2436560604, "city_id": 3050, "country_iso": "AGO"}, {"h3index": "87831e0cbffffff", "population_2015": 15669.640923122332, "total_built_mass_tons": 2877232.3639731556, "city_id": 3050, "country_iso": "AGO"}, {"h3index": "87831e0ccffffff", "population_2015": 11093.636628498749, "total_built_mass_tons": 1233039.9521300918, "city_id": 3050, "country_iso": "AGO"}, {"h3index": "87831e0cdffffff", "population_2015": 32883.42618201762, "total_built_mass_tons": 3955421.025440429, "city_id": 3050, "country_iso": "AGO"}, {"h3index": "87831e0ceffffff", "population_2015": 230.15330237594307, "total_built_mass_tons": 53884.048640159264, "city_id": 3050, "country_iso": "AGO"}, {"h3index": "87831e0d8ffffff", "population_2015": 497.31566751517505, "total_built_mass_tons": 66817.5730772837, "city_id": 3050, "country_iso": "AGO"}, {"h3index": "87831e0d9ffffff", "population_2015": 6929.86498440013, "total_built_mass_tons": 960938.9210642348, "city_id": 3050, "country_iso": "AGO"}, {"h3index": "87831e0daffffff", "population_2015": 508.53018795088224, "total_built_mass_tons": 82913.86203417444, "city_id": 3050, "country_iso": "AGO"}, {"h3index": "87831e0dbffffff", "population_2015": 2699.676714983173, "total_built_mass_tons": 307535.55204522575, "city_id": 3050, "country_iso": "AGO"}, {"h3index": "87831e0ddffffff", "population_2015": 1159.426095633413, "total_built_mass_tons": 180098.05492395334, "city_id": 3050, "country_iso": "AGO"}, {"h3index": "87831e0e0ffffff", "population_2015": 10842.901261946738, "total_built_mass_tons": 1050359.0333937493, "city_id": 3050, "country_iso": "AGO"}, {"h3index": "87831e0e1ffffff", "population_2015": 23540.58075860715, "total_built_mass_tons": 2250807.3390149283, "city_id": 3050, "country_iso": "AGO"}, {"h3index": "87831e0e2ffffff", "population_2015": 6765.53400513892, "total_built_mass_tons": 749267.4401178992, "city_id": 3050, "country_iso": "AGO"}, {"h3index": "87831e0e3ffffff", "population_2015": 22984.788337154012, "total_built_mass_tons": 2393585.213105972, "city_id": 3050, "country_iso": "AGO"}, {"h3index": "87831e0e4ffffff", "population_2015": 4815.595065816243, "total_built_mass_tons": 571067.6821869881, "city_id": 3050, "country_iso": "AGO"}, {"h3index": "87831e0e5ffffff", "population_2015": 9011.765910159838, "total_built_mass_tons": 1086515.4074162715, "city_id": 3050, "country_iso": "AGO"}, {"h3index": "87831e0e6ffffff", "population_2015": 7813.51806758806, "total_built_mass_tons": 785246.367134104, "city_id": 3050, "country_iso": "AGO"}, {"h3index": "87831e0e8ffffff", "population_2015": 29968.403989559996, "total_built_mass_tons": 3184884.478946614, "city_id": 3050, "country_iso": "AGO"}, {"h3index": "87831e0e9ffffff", "population_2015": 22697.45827508814, "total_built_mass_tons": 2519531.797354978, "city_id": 3050, "country_iso": "AGO"}, {"h3index": "87831e0eaffffff", "population_2015": 24841.247000196865, "total_built_mass_tons": 2532296.5121965264, "city_id": 3050, "country_iso": "AGO"}, {"h3index": "87831e0ebffffff", "population_2015": 32655.607928362075, "total_built_mass_tons": 3815366.5682601375, "city_id": 3050, "country_iso": "AGO"}, {"h3index": "87831e0ecffffff", "population_2015": 30984.68275520474, "total_built_mass_tons": 3340220.2368776016, "city_id": 3050, "country_iso": "AGO"}, {"h3index": "87831e0edffffff", "population_2015": 11309.58037027097, "total_built_mass_tons": 1483812.9899004512, "city_id": 3050, "country_iso": "AGO"}, {"h3index": "87831e0eeffffff", "population_2015": 37614.92983106725, "total_built_mass_tons": 3523975.0418590163, "city_id": 3050, "country_iso": "AGO"}, {"h3index": "87831e0f1ffffff", "population_2015": 255.71520619111905, "total_built_mass_tons": 31063.509954736095, "city_id": 3050, "country_iso": "AGO"}, {"h3index": "87831e0f5ffffff", "population_2015": 1183.1324796938427, "total_built_mass_tons": 118274.05658781544, "city_id": 3050, "country_iso": "AGO"}, {"h3index": "87831e153ffffff", "population_2015": 431.57334042717434, "total_built_mass_tons": 126562.04831082629, "city_id": 3050, "country_iso": "AGO"}, {"h3index": "87831e300ffffff", "population_2015": 5858.407489911248, "total_built_mass_tons": 950262.1897816564, "city_id": 3050, "country_iso": "AGO"}, {"h3index": "87831e301ffffff", "population_2015": 387.81105770784256, "total_built_mass_tons": 78856.38773141097, "city_id": 3050, "country_iso": "AGO"}, {"h3index": "87831e302ffffff", "population_2015": 17464.539155129823, "total_built_mass_tons": 2570416.061400125, "city_id": 3050, "country_iso": "AGO"}, {"h3index": "87831e303ffffff", "population_2015": 6956.761311699362, "total_built_mass_tons": 979059.2289438328, "city_id": 3050, "country_iso": "AGO"}, {"h3index": "87831e304ffffff", "population_2015": 237.51411572624656, "total_built_mass_tons": 58431.39961490758, "city_id": 3050, "country_iso": "AGO"}, {"h3index": "87831e305ffffff", "population_2015": 603.9517218047497, "total_built_mass_tons": 91040.8050989518, "city_id": 3050, "country_iso": "AGO"}, {"h3index": "87831e306ffffff", "population_2015": 4424.523352611766, "total_built_mass_tons": 891965.1909079269, "city_id": 3050, "country_iso": "AGO"}, {"h3index": "87831e30cffffff", "population_2015": 144.04011697208182, "total_built_mass_tons": 44278.12079989653, "city_id": 3050, "country_iso": "AGO"}, {"h3index": "87831e310ffffff", "population_2015": 7011.2654397852275, "total_built_mass_tons": 1264858.5771516403, "city_id": 3050, "country_iso": "AGO"}, {"h3index": "87831e311ffffff", "population_2015": 13007.215970791083, "total_built_mass_tons": 2085945.381455393, "city_id": 3050, "country_iso": "AGO"}, {"h3index": "87831e312ffffff", "population_2015": 31647.18097971, "total_built_mass_tons": 2640128.2744131465, "city_id": 3050, "country_iso": "AGO"}, {"h3index": "87831e313ffffff", "population_2015": 15553.40694551655, "total_built_mass_tons": 2154779.8007001174, "city_id": 3050, "country_iso": "AGO"}, {"h3index": "87831e314ffffff", "population_2015": 3564.321331861907, "total_built_mass_tons": 651097.5525686526, "city_id": 3050, "country_iso": "AGO"}, {"h3index": "87831e315ffffff", "population_2015": 4055.914617351456, "total_built_mass_tons": 705996.9072080589, "city_id": 3050, "country_iso": "AGO"}, {"h3index": "87831e316ffffff", "population_2015": 5704.585911642335, "total_built_mass_tons": 723160.6022883179, "city_id": 3050, "country_iso": "AGO"}, {"h3index": "87831e318ffffff", "population_2015": 4.7656869925704655, "total_built_mass_tons": 79007.99589228841, "city_id": 3050, "country_iso": "AGO"}, {"h3index": "87831e31affffff", "population_2015": 3882.344080794092, "total_built_mass_tons": 713935.9877378861, "city_id": 3050, "country_iso": "AGO"}, {"h3index": "87831e31cffffff", "population_2015": 10980.306734526395, "total_built_mass_tons": 1968042.568732995, "city_id": 3050, "country_iso": "AGO"}, {"h3index": "87831e31effffff", "population_2015": 17082.61532639149, "total_built_mass_tons": 3081435.180355072, "city_id": 3050, "country_iso": "AGO"}, {"h3index": "87831e323ffffff", "population_2015": 15.24885082244873, "total_built_mass_tons": 8216.49314899827, "city_id": 3050, "country_iso": "AGO"}, {"h3index": "87831e328ffffff", "population_2015": 689.637870983049, "total_built_mass_tons": 169343.1546069562, "city_id": 3050, "country_iso": "AGO"}, {"h3index": "87831e329ffffff", "population_2015": 1524.255166603537, "total_built_mass_tons": 295521.8974025811, "city_id": 3050, "country_iso": "AGO"}, {"h3index": "87831e32affffff", "population_2015": 393.1626737856398, "total_built_mass_tons": 106964.55022052792, "city_id": 3050, "country_iso": "AGO"}, {"h3index": "87831e32bffffff", "population_2015": 21.75553197673723, "total_built_mass_tons": 4333.2587337772475, "city_id": 3050, "country_iso": "AGO"}, {"h3index": "87831e32effffff", "population_2015": 298.1254818112242, "total_built_mass_tons": 70917.75354397173, "city_id": 3050, "country_iso": "AGO"}, {"h3index": "87831e330ffffff", "population_2015": 99.52977132610246, "total_built_mass_tons": 66048.93100137278, "city_id": 3050, "country_iso": "AGO"}, {"h3index": "87831e331ffffff", "population_2015": 342.3735725926418, "total_built_mass_tons": 111095.37030015315, "city_id": 3050, "country_iso": "AGO"}, {"h3index": "87831e332ffffff", "population_2015": 363.1635572770063, "total_built_mass_tons": 217296.25563517527, "city_id": 3050, "country_iso": "AGO"}, {"h3index": "87831e333ffffff", "population_2015": 2791.4076914020616, "total_built_mass_tons": 623424.6937641561, "city_id": 3050, "country_iso": "AGO"}, {"h3index": "87831e335ffffff", "population_2015": 6.841316559735466, "total_built_mass_tons": 3549.468626823529, "city_id": 3050, "country_iso": "AGO"}, {"h3index": "87831e380ffffff", "population_2015": 99552.28136740292, "total_built_mass_tons": 4059900.2693563728, "city_id": 3050, "country_iso": "AGO"}, {"h3index": "87831e381ffffff", "population_2015": 95270.51375657624, "total_built_mass_tons": 5472561.186509227, "city_id": 3050, "country_iso": "AGO"}, {"h3index": "87831e382ffffff", "population_2015": 116077.82187224746, "total_built_mass_tons": 5020722.988398954, "city_id": 3050, "country_iso": "AGO"}, {"h3index": "87831e383ffffff", "population_2015": 103242.63252790862, "total_built_mass_tons": 6882813.507776807, "city_id": 3050, "country_iso": "AGO"}, {"h3index": "87831e384ffffff", "population_2015": 97510.70412956685, "total_built_mass_tons": 4600493.785945718, "city_id": 3050, "country_iso": "AGO"}, {"h3index": "87831e385ffffff", "population_2015": 74238.28529935349, "total_built_mass_tons": 3177287.506046868, "city_id": 3050, "country_iso": "AGO"}, {"h3index": "87831e386ffffff", "population_2015": 116295.06072806564, "total_built_mass_tons": 4937138.681922156, "city_id": 3050, "country_iso": "AGO"}, {"h3index": "87831e388ffffff", "population_2015": 27.95738425161324, "total_built_mass_tons": 16492.69085270256, "city_id": 3050, "country_iso": "AGO"}, {"h3index": "87831e38affffff", "population_2015": 1026.5883227180032, "total_built_mass_tons": 65343.639772931434, "city_id": 3050, "country_iso": "AGO"}, {"h3index": "87831e38cffffff", "population_2015": 12383.977645799228, "total_built_mass_tons": 1490575.3922306588, "city_id": 3050, "country_iso": "AGO"}, {"h3index": "87831e38effffff", "population_2015": 46619.57626404107, "total_built_mass_tons": 2617974.364997991, "city_id": 3050, "country_iso": "AGO"}, {"h3index": "87831e390ffffff", "population_2015": 163163.36493404608, "total_built_mass_tons": 5175112.023419462, "city_id": 3050, "country_iso": "AGO"}, {"h3index": "87831e391ffffff", "population_2015": 130687.14277062513, "total_built_mass_tons": 5103031.20790736, "city_id": 3050, "country_iso": "AGO"}, {"h3index": "87831e392ffffff", "population_2015": 106172.66225333123, "total_built_mass_tons": 4554073.228907057, "city_id": 3050, "country_iso": "AGO"}, {"h3index": "87831e393ffffff", "population_2015": 117019.02668349326, "total_built_mass_tons": 4971592.148373299, "city_id": 3050, "country_iso": "AGO"}, {"h3index": "87831e394ffffff", "population_2015": 147751.32531708365, "total_built_mass_tons": 4628296.581631308, "city_id": 3050, "country_iso": "AGO"}, {"h3index": "87831e395ffffff", "population_2015": 161164.71308234712, "total_built_mass_tons": 5090589.791332681, "city_id": 3050, "country_iso": "AGO"}, {"h3index": "87831e396ffffff", "population_2015": 85060.15889206681, "total_built_mass_tons": 4239814.430450093, "city_id": 3050, "country_iso": "AGO"}, {"h3index": "87831e398ffffff", "population_2015": 13537.572354485008, "total_built_mass_tons": 796760.6419884952, "city_id": 3050, "country_iso": "AGO"}, {"h3index": "87831e399ffffff", "population_2015": 2449.2754632388846, "total_built_mass_tons": 213655.31764868513, "city_id": 3050, "country_iso": "AGO"}, {"h3index": "87831e39affffff", "population_2015": 10893.400092749502, "total_built_mass_tons": 531633.0340076397, "city_id": 3050, "country_iso": "AGO"}, {"h3index": "87831e39cffffff", "population_2015": 95668.34802317902, "total_built_mass_tons": 5576477.933312913, "city_id": 3050, "country_iso": "AGO"}, {"h3index": "87831e39dffffff", "population_2015": 45353.898840212365, "total_built_mass_tons": 3099425.0800795173, "city_id": 3050, "country_iso": "AGO"}, {"h3index": "87831e39effffff", "population_2015": 18411.705391378964, "total_built_mass_tons": 2009509.23674368, "city_id": 3050, "country_iso": "AGO"}, {"h3index": "87831e3a0ffffff", "population_2015": 39563.81310392641, "total_built_mass_tons": 3738358.687722506, "city_id": 3050, "country_iso": "AGO"}, {"h3index": "87831e3a1ffffff", "population_2015": 50849.70326188031, "total_built_mass_tons": 2308082.0196879553, "city_id": 3050, "country_iso": "AGO"}, {"h3index": "87831e3a2ffffff", "population_2015": 51456.56986179727, "total_built_mass_tons": 3388098.251232925, "city_id": 3050, "country_iso": "AGO"}, {"h3index": "87831e3a3ffffff", "population_2015": 86361.51208955355, "total_built_mass_tons": 4147417.7482932582, "city_id": 3050, "country_iso": "AGO"}, {"h3index": "87831e3a4ffffff", "population_2015": 12725.142938957955, "total_built_mass_tons": 2468252.205587633, "city_id": 3050, "country_iso": "AGO"}, {"h3index": "87831e3a5ffffff", "population_2015": 56117.2383699604, "total_built_mass_tons": 3708816.8889233703, "city_id": 3050, "country_iso": "AGO"}, {"h3index": "87831e3a6ffffff", "population_2015": 17888.494364158778, "total_built_mass_tons": 3340019.4253489245, "city_id": 3050, "country_iso": "AGO"}, {"h3index": "87831e3a8ffffff", "population_2015": 68418.15042072373, "total_built_mass_tons": 3705691.781809142, "city_id": 3050, "country_iso": "AGO"}, {"h3index": "87831e3a9ffffff", "population_2015": 8451.45261070401, "total_built_mass_tons": 446575.0290518609, "city_id": 3050, "country_iso": "AGO"}, {"h3index": "87831e3aaffffff", "population_2015": 81553.7963075675, "total_built_mass_tons": 4692233.191301194, "city_id": 3050, "country_iso": "AGO"}, {"h3index": "87831e3abffffff", "population_2015": 1305.835639923694, "total_built_mass_tons": 167587.40868330406, "city_id": 3050, "country_iso": "AGO"}, {"h3index": "87831e3acffffff", "population_2015": 45729.24776648726, "total_built_mass_tons": 3409321.910126128, "city_id": 3050, "country_iso": "AGO"}, {"h3index": "87831e3adffffff", "population_2015": 18904.004977521712, "total_built_mass_tons": 3140727.4137098193, "city_id": 3050, "country_iso": "AGO"}, {"h3index": "87831e3aeffffff", "population_2015": 67274.7349687464, "total_built_mass_tons": 3806290.516911401, "city_id": 3050, "country_iso": "AGO"}, {"h3index": "87831e3b0ffffff", "population_2015": 32839.936031476194, "total_built_mass_tons": 2533472.58216984, "city_id": 3050, "country_iso": "AGO"}, {"h3index": "87831e3b1ffffff", "population_2015": 82080.67550820741, "total_built_mass_tons": 4576730.8952271035, "city_id": 3050, "country_iso": "AGO"}, {"h3index": "87831e3b2ffffff", "population_2015": 65799.7538727779, "total_built_mass_tons": 3866201.970375167, "city_id": 3050, "country_iso": "AGO"}, {"h3index": "87831e3b3ffffff", "population_2015": 86133.79219336415, "total_built_mass_tons": 3167757.14378833, "city_id": 3050, "country_iso": "AGO"}, {"h3index": "87831e3b4ffffff", "population_2015": 20890.954242848416, "total_built_mass_tons": 3980418.832801801, "city_id": 3050, "country_iso": "AGO"}, {"h3index": "87831e3b5ffffff", "population_2015": 40842.71213785806, "total_built_mass_tons": 4279832.586951022, "city_id": 3050, "country_iso": "AGO"}, {"h3index": "87831e3b6ffffff", "population_2015": 20589.647033601643, "total_built_mass_tons": 3541775.996032886, "city_id": 3050, "country_iso": "AGO"}, {"h3index": "87831e728ffffff", "population_2015": 259.23168563842773, "total_built_mass_tons": 52857.69344490048, "city_id": 3050, "country_iso": "AGO"}, {"h3index": "87831e729ffffff", "population_2015": 6681.88666128271, "total_built_mass_tons": 893087.2571171415, "city_id": 3050, "country_iso": "AGO"}, {"h3index": "87831e72dffffff", "population_2015": 234.56924600040213, "total_built_mass_tons": 37783.912002622295, "city_id": 3050, "country_iso": "AGO"}, {"h3index": "87831e760ffffff", "population_2015": 18477.783997000897, "total_built_mass_tons": 2562503.7646905845, "city_id": 3050, "country_iso": "AGO"}, {"h3index": "87831e761ffffff", "population_2015": 23148.532069613888, "total_built_mass_tons": 3031700.287572713, "city_id": 3050, "country_iso": "AGO"}, {"h3index": "87831e763ffffff", "population_2015": 453.6945992338891, "total_built_mass_tons": 74395.74144688746, "city_id": 3050, "country_iso": "AGO"}, {"h3index": "87831e764ffffff", "population_2015": 19454.316220773435, "total_built_mass_tons": 3025622.902814293, "city_id": 3050, "country_iso": "AGO"}, {"h3index": "87831e765ffffff", "population_2015": 24724.8911415848, "total_built_mass_tons": 4181520.374738476, "city_id": 3050, "country_iso": "AGO"}, {"h3index": "87831e766ffffff", "population_2015": 15758.88685322182, "total_built_mass_tons": 2002600.1559480736, "city_id": 3050, "country_iso": "AGO"}, {"h3index": "87831e768ffffff", "population_2015": 6157.786123118681, "total_built_mass_tons": 299727.2196222944, "city_id": 3050, "country_iso": "AGO"}, {"h3index": "87831e769ffffff", "population_2015": 643.093175012925, "total_built_mass_tons": 28263.319331293656, "city_id": 3050, "country_iso": "AGO"}, {"h3index": "87831e76cffffff", "population_2015": 75814.93156392714, "total_built_mass_tons": 3818830.360697431, "city_id": 3050, "country_iso": "AGO"}, {"h3index": "87831e76dffffff", "population_2015": 6935.3388157863255, "total_built_mass_tons": 485819.1466780304, "city_id": 3050, "country_iso": "AGO"}, {"h3index": "87831e76effffff", "population_2015": 7805.26233845131, "total_built_mass_tons": 870721.5048684408, "city_id": 3050, "country_iso": "AGO"}, {"h3index": "87831e774ffffff", "population_2015": 13383.79387536142, "total_built_mass_tons": 1936305.4740363597, "city_id": 3050, "country_iso": "AGO"}, {"h3index": "87831e775ffffff", "population_2015": 9682.729152125936, "total_built_mass_tons": 1006170.9157125598, "city_id": 3050, "country_iso": "AGO"}, {"h3index": "87831e776ffffff", "population_2015": 868.8490318298338, "total_built_mass_tons": 112121.11802736584, "city_id": 3050, "country_iso": "AGO"}]