[{"h3index":"876584920ffffff","population_2015":1161.9912207473,"total_built_mass_tons":347892.1586962859,"city_id":11601,"country_iso":"VNM"},{"h3index":"876584921ffffff","population_2015":1749.4917740616,"total_built_mass_tons":360791.7885247485,"city_id":11601,"country_iso":"VNM"},{"h3index":"876584923ffffff","population_2015":388.6084102444,"total_built_mass_tons":140188.3235074713,"city_id":11601,"country_iso":"VNM"},{"h3index":"876584924ffffff","population_2015":27.0744543936,"total_built_mass_tons":56271.2520419147,"city_id":11601,"country_iso":"VNM"},{"h3index":"876584925ffffff","population_2015":3772.8224303937,"total_built_mass_tons":887859.7810662868,"city_id":11601,"country_iso":"VNM"},{"h3index":"876584928ffffff","population_2015":1633.1880244386,"total_built_mass_tons":537432.4172244403,"city_id":11601,"country_iso":"VNM"},{"h3index":"876584929ffffff","population_2015":202.0416057493,"total_built_mass_tons":70858.0346887534,"city_id":11601,"country_iso":"VNM"},{"h3index":"87658492cffffff","population_2015":1158.5700349583,"total_built_mass_tons":290951.7586255838,"city_id":11601,"country_iso":"VNM"},{"h3index":"87658492dffffff","population_2015":16.4698715547,"total_built_mass_tons":8510.5840325886,"city_id":11601,"country_iso":"VNM"},{"h3index":"87658492effffff","population_2015":447.4644876854,"total_built_mass_tons":171120.1738244124,"city_id":11601,"country_iso":"VNM"},{"h3index":"876584974ffffff","population_2015":462.017391691,"total_built_mass_tons":178782.7439897889,"city_id":11601,"country_iso":"VNM"},{"h3index":"8765a228bffffff","population_2015":2362.7856130226,"total_built_mass_tons":354543.2054644395,"city_id":11601,"country_iso":"VNM"},{"h3index":"8765a22d2ffffff","population_2015":16.9117777357,"total_built_mass_tons":7424.2887209267,"city_id":11601,"country_iso":"VNM"},{"h3index":"8765a22d6ffffff","population_2015":17.4111529519,"total_built_mass_tons":21897.9724828395,"city_id":11601,"country_iso":"VNM"}]