[{"h3index":"87b2eea00ffffff","population_2015":3540.1583065145,"total_built_mass_tons":1015413.693941914,"city_id":966,"country_iso":"ARG"},{"h3index":"87b2eea01ffffff","population_2015":633.4398502574,"total_built_mass_tons":231409.9868529346,"city_id":966,"country_iso":"ARG"},{"h3index":"87b2eea02ffffff","population_2015":9872.3327111487,"total_built_mass_tons":2455901.3139119241,"city_id":966,"country_iso":"ARG"},{"h3index":"87b2eea03ffffff","population_2015":9513.964460904,"total_built_mass_tons":2422018.3695257823,"city_id":966,"country_iso":"ARG"},{"h3index":"87b2eea06ffffff","population_2015":934.637161109,"total_built_mass_tons":286691.4347711726,"city_id":966,"country_iso":"ARG"},{"h3index":"87b2eea08ffffff","population_2015":1544.7682915893,"total_built_mass_tons":375569.8496064963,"city_id":966,"country_iso":"ARG"},{"h3index":"87b2eea0affffff","population_2015":8672.8185802871,"total_built_mass_tons":2440660.7207287769,"city_id":966,"country_iso":"ARG"},{"h3index":"87b2eea0bffffff","population_2015":4070.6219319979,"total_built_mass_tons":1114620.5315820775,"city_id":966,"country_iso":"ARG"},{"h3index":"87b2eea0cffffff","population_2015":913.1882153455,"total_built_mass_tons":220898.7578550251,"city_id":966,"country_iso":"ARG"},{"h3index":"87b2eea0effffff","population_2015":1335.9763837216,"total_built_mass_tons":513978.2619341025,"city_id":966,"country_iso":"ARG"},{"h3index":"87b2eea10ffffff","population_2015":2368.8689890618,"total_built_mass_tons":455628.9082702588,"city_id":966,"country_iso":"ARG"},{"h3index":"87b2eea11ffffff","population_2015":7261.8565350626,"total_built_mass_tons":2133975.0001405366,"city_id":966,"country_iso":"ARG"},{"h3index":"87b2eea13ffffff","population_2015":3731.2317647336,"total_built_mass_tons":825985.263360424,"city_id":966,"country_iso":"ARG"},{"h3index":"87b2eea15ffffff","population_2015":141.5566452101,"total_built_mass_tons":52062.7914753291,"city_id":966,"country_iso":"ARG"},{"h3index":"87b2eea18ffffff","population_2015":16723.4346536599,"total_built_mass_tons":3993796.5168787623,"city_id":966,"country_iso":"ARG"},{"h3index":"87b2eea19ffffff","population_2015":15218.0796976276,"total_built_mass_tons":3690850.5341641898,"city_id":966,"country_iso":"ARG"},{"h3index":"87b2eea1affffff","population_2015":10859.5896658579,"total_built_mass_tons":2095695.8531558751,"city_id":966,"country_iso":"ARG"},{"h3index":"87b2eea1bffffff","population_2015":16582.2897192039,"total_built_mass_tons":4041662.9125627689,"city_id":966,"country_iso":"ARG"},{"h3index":"87b2eea1cffffff","population_2015":19309.3734251583,"total_built_mass_tons":4105436.7325668428,"city_id":966,"country_iso":"ARG"},{"h3index":"87b2eea1dffffff","population_2015":13510.2372633167,"total_built_mass_tons":3370118.1625719778,"city_id":966,"country_iso":"ARG"},{"h3index":"87b2eea1effffff","population_2015":17280.842065497,"total_built_mass_tons":3354795.656972596,"city_id":966,"country_iso":"ARG"},{"h3index":"87b2eea2affffff","population_2015":481.4427785873,"total_built_mass_tons":85478.6517757962,"city_id":966,"country_iso":"ARG"},{"h3index":"87b2eea50ffffff","population_2015":123.8354826086,"total_built_mass_tons":28184.3278999055,"city_id":966,"country_iso":"ARG"},{"h3index":"87b2eea52ffffff","population_2015":8115.3158351038,"total_built_mass_tons":1841412.7788673611,"city_id":966,"country_iso":"ARG"},{"h3index":"87b2eea53ffffff","population_2015":5667.7263457541,"total_built_mass_tons":1357554.9777989758,"city_id":966,"country_iso":"ARG"},{"h3index":"87b2eea56ffffff","population_2015":3703.303504985,"total_built_mass_tons":883711.84918429,"city_id":966,"country_iso":"ARG"},{"h3index":"87b2eea5effffff","population_2015":69.4109558218,"total_built_mass_tons":32799.5975415079,"city_id":966,"country_iso":"ARG"},{"h3index":"87b2eeaa9ffffff","population_2015":7353.0849242379,"total_built_mass_tons":985855.8097023708,"city_id":966,"country_iso":"ARG"},{"h3index":"87b2eeaadffffff","population_2015":2101.164319461,"total_built_mass_tons":347231.4027244268,"city_id":966,"country_iso":"ARG"},{"h3index":"87b2eeac0ffffff","population_2015":1572.3388351403,"total_built_mass_tons":845505.7479830852,"city_id":966,"country_iso":"ARG"},{"h3index":"87b2eeac1ffffff","population_2015":2052.3345563589,"total_built_mass_tons":951161.7004993109,"city_id":966,"country_iso":"ARG"},{"h3index":"87b2eeac2ffffff","population_2015":873.5070816732,"total_built_mass_tons":497867.5392533554,"city_id":966,"country_iso":"ARG"},{"h3index":"87b2eeac4ffffff","population_2015":7908.330486277,"total_built_mass_tons":2636660.7495436599,"city_id":966,"country_iso":"ARG"},{"h3index":"87b2eeac5ffffff","population_2015":3331.4238220065,"total_built_mass_tons":1595768.8538217789,"city_id":966,"country_iso":"ARG"},{"h3index":"87b2eeac6ffffff","population_2015":11013.3603075775,"total_built_mass_tons":2923489.6248558331,"city_id":966,"country_iso":"ARG"},{"h3index":"87b2eeaccffffff","population_2015":5061.2637901194,"total_built_mass_tons":2428429.7781389477,"city_id":966,"country_iso":"ARG"},{"h3index":"87b2eeacdffffff","population_2015":313.8488028882,"total_built_mass_tons":216589.0192707251,"city_id":966,"country_iso":"ARG"},{"h3index":"87b2eeaceffffff","population_2015":3.810082559,"total_built_mass_tons":3455.1807593271,"city_id":966,"country_iso":"ARG"},{"h3index":"87b2eead5ffffff","population_2015":336.4419072918,"total_built_mass_tons":222067.3724573209,"city_id":966,"country_iso":"ARG"},{"h3index":"87b2eeae0ffffff","population_2015":7610.4409727022,"total_built_mass_tons":1962485.4856295052,"city_id":966,"country_iso":"ARG"},{"h3index":"87b2eeae1ffffff","population_2015":3823.4268634086,"total_built_mass_tons":1216258.0087149681,"city_id":966,"country_iso":"ARG"},{"h3index":"87b2eeae2ffffff","population_2015":10499.8119439742,"total_built_mass_tons":1977664.9984509591,"city_id":966,"country_iso":"ARG"},{"h3index":"87b2eeae3ffffff","population_2015":4756.0831452949,"total_built_mass_tons":2224893.2884162329,"city_id":966,"country_iso":"ARG"},{"h3index":"87b2eeae4ffffff","population_2015":14306.0136876873,"total_built_mass_tons":3552783.3082753671,"city_id":966,"country_iso":"ARG"},{"h3index":"87b2eeae5ffffff","population_2015":10255.0252309537,"total_built_mass_tons":2361045.8358309963,"city_id":966,"country_iso":"ARG"},{"h3index":"87b2eeae6ffffff","population_2015":12779.3097676071,"total_built_mass_tons":3355967.4175306931,"city_id":966,"country_iso":"ARG"},{"h3index":"87b2eeae8ffffff","population_2015":944.6996157216,"total_built_mass_tons":700174.3694019024,"city_id":966,"country_iso":"ARG"},{"h3index":"87b2eeae9ffffff","population_2015":0.9804529901,"total_built_mass_tons":1397.5501655218,"city_id":966,"country_iso":"ARG"},{"h3index":"87b2eeaeaffffff","population_2015":5423.5598081963,"total_built_mass_tons":2620503.7303279229,"city_id":966,"country_iso":"ARG"},{"h3index":"87b2eeaebffffff","population_2015":866.217971237,"total_built_mass_tons":458449.4911130615,"city_id":966,"country_iso":"ARG"},{"h3index":"87b2eeaecffffff","population_2015":1946.0097842815,"total_built_mass_tons":574820.0660868783,"city_id":966,"country_iso":"ARG"},{"h3index":"87b2eeaedffffff","population_2015":1956.2044057173,"total_built_mass_tons":522674.3696093336,"city_id":966,"country_iso":"ARG"},{"h3index":"87b2eeaeeffffff","population_2015":3102.9484955507,"total_built_mass_tons":1530239.8594695786,"city_id":966,"country_iso":"ARG"},{"h3index":"87b2eeaf0ffffff","population_2015":17312.8983449824,"total_built_mass_tons":2901194.0963400751,"city_id":966,"country_iso":"ARG"},{"h3index":"87b2eeaf1ffffff","population_2015":25150.5457426408,"total_built_mass_tons":4218526.4703807253,"city_id":966,"country_iso":"ARG"},{"h3index":"87b2eeaf2ffffff","population_2015":921.4286469628,"total_built_mass_tons":111725.6597093623,"city_id":966,"country_iso":"ARG"},{"h3index":"87b2eeaf3ffffff","population_2015":8294.7678743175,"total_built_mass_tons":1734813.2914290573,"city_id":966,"country_iso":"ARG"},{"h3index":"87b2eeaf4ffffff","population_2015":20559.4329758289,"total_built_mass_tons":3345058.2863955121,"city_id":966,"country_iso":"ARG"},{"h3index":"87b2eeaf5ffffff","population_2015":20368.4730151607,"total_built_mass_tons":4043896.5917792958,"city_id":966,"country_iso":"ARG"},{"h3index":"87b2eeaf6ffffff","population_2015":5337.0998426699,"total_built_mass_tons":970499.5033947168,"city_id":966,"country_iso":"ARG"}]