[{"h3index":"8740c4900ffffff","population_2015":9075.5436372046,"total_built_mass_tons":2621668.1016936209,"city_id":10316,"country_iso":"CHN"},{"h3index":"8740c4901ffffff","population_2015":104414.2339418972,"total_built_mass_tons":6942771.4884791197,"city_id":10316,"country_iso":"CHN"},{"h3index":"8740c4902ffffff","population_2015":339.5709344382,"total_built_mass_tons":79918.384276831,"city_id":10316,"country_iso":"CHN"},{"h3index":"8740c4903ffffff","population_2015":19947.7741340862,"total_built_mass_tons":2053518.7027283192,"city_id":10316,"country_iso":"CHN"},{"h3index":"8740c4905ffffff","population_2015":10036.5763642685,"total_built_mass_tons":4003045.1639770041,"city_id":10316,"country_iso":"CHN"},{"h3index":"8740c4908ffffff","population_2015":3538.799126526,"total_built_mass_tons":744322.1833192697,"city_id":10316,"country_iso":"CHN"},{"h3index":"8740c4909ffffff","population_2015":241.7790166069,"total_built_mass_tons":154027.8189024738,"city_id":10316,"country_iso":"CHN"},{"h3index":"8740c490affffff","population_2015":271.6085578114,"total_built_mass_tons":260222.1464001538,"city_id":10316,"country_iso":"CHN"},{"h3index":"8740c490cffffff","population_2015":53479.5028225132,"total_built_mass_tons":3952788.4742279975,"city_id":10316,"country_iso":"CHN"},{"h3index":"8740c490dffffff","population_2015":25639.6946199973,"total_built_mass_tons":4737555.8823226169,"city_id":10316,"country_iso":"CHN"},{"h3index":"8740c490effffff","population_2015":28185.7486799932,"total_built_mass_tons":3569116.661122011,"city_id":10316,"country_iso":"CHN"},{"h3index":"8740c491cffffff","population_2015":70.306802694,"total_built_mass_tons":50092.927880277,"city_id":10316,"country_iso":"CHN"},{"h3index":"8740c491dffffff","population_2015":1766.4435621103,"total_built_mass_tons":1217231.8674762037,"city_id":10316,"country_iso":"CHN"},{"h3index":"8740c4921ffffff","population_2015":10.4241045477,"total_built_mass_tons":6037.6562893969,"city_id":10316,"country_iso":"CHN"},{"h3index":"8740c4928ffffff","population_2015":8905.7946766049,"total_built_mass_tons":6189735.7320052423,"city_id":10316,"country_iso":"CHN"},{"h3index":"8740c4929ffffff","population_2015":5200.8406663726,"total_built_mass_tons":3391187.9476985182,"city_id":10316,"country_iso":"CHN"},{"h3index":"8740c492affffff","population_2015":24779.9687656029,"total_built_mass_tons":9739252.2733901646,"city_id":10316,"country_iso":"CHN"},{"h3index":"8740c492bffffff","population_2015":12103.3815844255,"total_built_mass_tons":6797083.1570688421,"city_id":10316,"country_iso":"CHN"},{"h3index":"8740c492cffffff","population_2015":3210.0933054419,"total_built_mass_tons":2765133.7345749508,"city_id":10316,"country_iso":"CHN"},{"h3index":"8740c492dffffff","population_2015":2119.9487069195,"total_built_mass_tons":1801179.8568380205,"city_id":10316,"country_iso":"CHN"},{"h3index":"8740c492effffff","population_2015":6003.4245337075,"total_built_mass_tons":5429906.7951242095,"city_id":10316,"country_iso":"CHN"},{"h3index":"8740c4970ffffff","population_2015":478.9190766671,"total_built_mass_tons":505382.5485342846,"city_id":10316,"country_iso":"CHN"},{"h3index":"8740c4972ffffff","population_2015":3603.0788055018,"total_built_mass_tons":2212000.9871390983,"city_id":10316,"country_iso":"CHN"},{"h3index":"8740c4973ffffff","population_2015":1991.0604399106,"total_built_mass_tons":667933.7601063044,"city_id":10316,"country_iso":"CHN"},{"h3index":"8740c4974ffffff","population_2015":875.9788706125,"total_built_mass_tons":367904.9392341335,"city_id":10316,"country_iso":"CHN"},{"h3index":"8740c4976ffffff","population_2015":6161.49663791,"total_built_mass_tons":2451003.3041449683,"city_id":10316,"country_iso":"CHN"},{"h3index":"8740e22d3ffffff","population_2015":34.4552324706,"total_built_mass_tons":17204.1958455659,"city_id":10316,"country_iso":"CHN"},{"h3index":"8740e22daffffff","population_2015":434.2843646283,"total_built_mass_tons":410288.531072364,"city_id":10316,"country_iso":"CHN"}]