[{"h3index":"8740e1219ffffff","population_2015":13.4486384523,"total_built_mass_tons":2542.8681456279,"city_id":10282,"country_iso":"CHN"},{"h3index":"8740e121bffffff","population_2015":466.5020487243,"total_built_mass_tons":95282.9644971322,"city_id":10282,"country_iso":"CHN"},{"h3index":"8740e1252ffffff","population_2015":186.8262610099,"total_built_mass_tons":448193.6609118232,"city_id":10282,"country_iso":"CHN"},{"h3index":"8740e12e0ffffff","population_2015":2105.1876625435,"total_built_mass_tons":1256599.4447157574,"city_id":10282,"country_iso":"CHN"},{"h3index":"8740e12e1ffffff","population_2015":1853.2850783068,"total_built_mass_tons":894063.0210907045,"city_id":10282,"country_iso":"CHN"},{"h3index":"8740e12e2ffffff","population_2015":209.4616388508,"total_built_mass_tons":32418.0600140245,"city_id":10282,"country_iso":"CHN"},{"h3index":"8740e12e4ffffff","population_2015":410.9276210037,"total_built_mass_tons":87404.6737317044,"city_id":10282,"country_iso":"CHN"},{"h3index":"8740e12e6ffffff","population_2015":15880.6911292656,"total_built_mass_tons":3963243.3807711857,"city_id":10282,"country_iso":"CHN"},{"h3index":"8740e12ecffffff","population_2015":1339.0645493956,"total_built_mass_tons":448656.769668059,"city_id":10282,"country_iso":"CHN"}]