[{"h3index":"87311a800ffffff","population_2015":11550.4519729628,"total_built_mass_tons":1501176.9475029344,"city_id":10801,"country_iso":"CHN"},{"h3index":"87311a801ffffff","population_2015":5589.0320715362,"total_built_mass_tons":3592045.551404255,"city_id":10801,"country_iso":"CHN"},{"h3index":"87311a802ffffff","population_2015":1270.7078942219,"total_built_mass_tons":1686031.1880980169,"city_id":10801,"country_iso":"CHN"},{"h3index":"87311a803ffffff","population_2015":11106.3525043759,"total_built_mass_tons":5907488.4424465941,"city_id":10801,"country_iso":"CHN"},{"h3index":"87311a804ffffff","population_2015":1582.5769462361,"total_built_mass_tons":413838.8067231116,"city_id":10801,"country_iso":"CHN"},{"h3index":"87311a806ffffff","population_2015":6375.5187798556,"total_built_mass_tons":1248855.1728372821,"city_id":10801,"country_iso":"CHN"},{"h3index":"87311a80cffffff","population_2015":845.7355562159,"total_built_mass_tons":1551118.0444026282,"city_id":10801,"country_iso":"CHN"},{"h3index":"87311a80effffff","population_2015":6883.0252831852,"total_built_mass_tons":3521507.7788180159,"city_id":10801,"country_iso":"CHN"},{"h3index":"87311a811ffffff","population_2015":2486.4918824313,"total_built_mass_tons":1254131.059555965,"city_id":10801,"country_iso":"CHN"},{"h3index":"87311a815ffffff","population_2015":4.7978984758,"total_built_mass_tons":2231.6632294304,"city_id":10801,"country_iso":"CHN"},{"h3index":"87311a818ffffff","population_2015":24.9425647119,"total_built_mass_tons":36253.1867097558,"city_id":10801,"country_iso":"CHN"},{"h3index":"87311a81cffffff","population_2015":2109.121110228,"total_built_mass_tons":1271254.8217009488,"city_id":10801,"country_iso":"CHN"},{"h3index":"87311a81dffffff","population_2015":1779.7828495082,"total_built_mass_tons":520928.5972664639,"city_id":10801,"country_iso":"CHN"},{"h3index":"87311a829ffffff","population_2015":2.8541694903,"total_built_mass_tons":9672.9437206053,"city_id":10801,"country_iso":"CHN"},{"h3index":"87311a82affffff","population_2015":518.6010574444,"total_built_mass_tons":689261.6397700384,"city_id":10801,"country_iso":"CHN"},{"h3index":"87311a82bffffff","population_2015":713.6417250325,"total_built_mass_tons":954715.5588118178,"city_id":10801,"country_iso":"CHN"},{"h3index":"87311a831ffffff","population_2015":125.2979622486,"total_built_mass_tons":45775.9913851056,"city_id":10801,"country_iso":"CHN"},{"h3index":"87311a833ffffff","population_2015":4.9732819258,"total_built_mass_tons":2367.5954420773,"city_id":10801,"country_iso":"CHN"}]