[{"h3index":"87648c200ffffff","population_2015":84.0649166107,"total_built_mass_tons":21209.8951309434,"city_id":10219,"country_iso":"MMR"},{"h3index":"87648c204ffffff","population_2015":3234.5182018953,"total_built_mass_tons":681987.8604763935,"city_id":10219,"country_iso":"MMR"},{"h3index":"87648c206ffffff","population_2015":914.6598086787,"total_built_mass_tons":165167.615288851,"city_id":10219,"country_iso":"MMR"},{"h3index":"87648c222ffffff","population_2015":7.3023618586,"total_built_mass_tons":2550.1274106192,"city_id":10219,"country_iso":"MMR"},{"h3index":"87648c231ffffff","population_2015":36.4066990834,"total_built_mass_tons":11799.0101677947,"city_id":10219,"country_iso":"MMR"}]