[{"h3index":"8731b28c8ffffff","population_2015":9173.2008775393,"total_built_mass_tons":1198602.9287805194,"city_id":10336,"country_iso":"CHN"},{"h3index":"8731b28ccffffff","population_2015":13850.5301279704,"total_built_mass_tons":1800081.407473817,"city_id":10336,"country_iso":"CHN"},{"h3index":"8731b28cdffffff","population_2015":0.503667506,"total_built_mass_tons":2525.9103935394,"city_id":10336,"country_iso":"CHN"},{"h3index":"8731b28ceffffff","population_2015":1027.944449421,"total_built_mass_tons":171255.2443930837,"city_id":10336,"country_iso":"CHN"}]