[{"h3index":"876488c98ffffff","population_2015":1175.9422730951,"total_built_mass_tons":234650.1848578561,"city_id":10206,"country_iso":"MMR"},{"h3index":"876488c9cffffff","population_2015":2245.7240564608,"total_built_mass_tons":503589.2328984381,"city_id":10206,"country_iso":"MMR"},{"h3index":"876488c9dffffff","population_2015":154.7040679109,"total_built_mass_tons":45190.5624627187,"city_id":10206,"country_iso":"MMR"},{"h3index":"876488c9effffff","population_2015":50.4457418891,"total_built_mass_tons":10595.0345658261,"city_id":10206,"country_iso":"MMR"}]