[{"h3index":"8758f0421ffffff","population_2015":2188.5287015728,"total_built_mass_tons":1116430.6456309287,"city_id":2636,"country_iso":"NGA"},{"h3index":"8758f042cffffff","population_2015":283.5971940508,"total_built_mass_tons":208603.4270964298,"city_id":2636,"country_iso":"NGA"},{"h3index":"8758f042effffff","population_2015":71.0921013178,"total_built_mass_tons":34315.291546077,"city_id":2636,"country_iso":"NGA"},{"h3index":"8758f0550ffffff","population_2015":594.054088931,"total_built_mass_tons":228127.0055988644,"city_id":2636,"country_iso":"NGA"},{"h3index":"8758f0552ffffff","population_2015":2721.100360199,"total_built_mass_tons":1188201.5307874971,"city_id":2636,"country_iso":"NGA"},{"h3index":"8758f0553ffffff","population_2015":75.821667933,"total_built_mass_tons":50941.4987223392,"city_id":2636,"country_iso":"NGA"},{"h3index":"8758f0556ffffff","population_2015":0.4563274832,"total_built_mass_tons":347.167345747,"city_id":2636,"country_iso":"NGA"}]