[{"h3index":"871f51049ffffff","population_2015":5.1109599375,"total_built_mass_tons":7334.323709242,"city_id":3288,"country_iso":"POL"},{"h3index":"871f5104dffffff","population_2015":1328.5685504493,"total_built_mass_tons":1044022.2040665334,"city_id":3288,"country_iso":"POL"},{"h3index":"871f51068ffffff","population_2015":6181.1979518283,"total_built_mass_tons":1832590.7997671333,"city_id":3288,"country_iso":"POL"},{"h3index":"871f51069ffffff","population_2015":13347.5646927291,"total_built_mass_tons":3204570.3430305314,"city_id":3288,"country_iso":"POL"},{"h3index":"871f5106affffff","population_2015":9.546127713,"total_built_mass_tons":20219.7743339666,"city_id":3288,"country_iso":"POL"},{"h3index":"871f5106bffffff","population_2015":6593.9257870861,"total_built_mass_tons":1723761.5812250727,"city_id":3288,"country_iso":"POL"},{"h3index":"871f5106cffffff","population_2015":842.774431942,"total_built_mass_tons":395817.6204750413,"city_id":3288,"country_iso":"POL"},{"h3index":"871f5106dffffff","population_2015":10269.6520449545,"total_built_mass_tons":2972457.5472340342,"city_id":3288,"country_iso":"POL"},{"h3index":"871f51304ffffff","population_2015":282.6279678709,"total_built_mass_tons":162912.4469362234,"city_id":3288,"country_iso":"POL"},{"h3index":"871f51306ffffff","population_2015":30.9164245914,"total_built_mass_tons":49757.9354807204,"city_id":3288,"country_iso":"POL"},{"h3index":"871f51320ffffff","population_2015":142.1714417551,"total_built_mass_tons":64184.5391620434,"city_id":3288,"country_iso":"POL"},{"h3index":"871f51322ffffff","population_2015":6897.3272205596,"total_built_mass_tons":1975794.3973671568,"city_id":3288,"country_iso":"POL"},{"h3index":"871f51324ffffff","population_2015":915.7945056981,"total_built_mass_tons":332445.3802125257,"city_id":3288,"country_iso":"POL"},{"h3index":"871f51326ffffff","population_2015":12408.0800318662,"total_built_mass_tons":3019669.8979003062,"city_id":3288,"country_iso":"POL"},{"h3index":"871f51330ffffff","population_2015":6273.4248554043,"total_built_mass_tons":1703152.139368562,"city_id":3288,"country_iso":"POL"},{"h3index":"871f51331ffffff","population_2015":8732.3820347749,"total_built_mass_tons":2474716.2586959684,"city_id":3288,"country_iso":"POL"},{"h3index":"871f51332ffffff","population_2015":2611.9199667407,"total_built_mass_tons":753765.3694856525,"city_id":3288,"country_iso":"POL"},{"h3index":"871f51333ffffff","population_2015":54.6017339099,"total_built_mass_tons":32787.3500892309,"city_id":3288,"country_iso":"POL"},{"h3index":"871f51334ffffff","population_2015":25628.9669748493,"total_built_mass_tons":5893226.083666157,"city_id":3288,"country_iso":"POL"},{"h3index":"871f51335ffffff","population_2015":19826.5000139872,"total_built_mass_tons":5080275.3219446214,"city_id":3288,"country_iso":"POL"},{"h3index":"871f51336ffffff","population_2015":17018.0864985429,"total_built_mass_tons":4350416.6654589316,"city_id":3288,"country_iso":"POL"},{"h3index":"871f51a8affffff","population_2015":172.6401034748,"total_built_mass_tons":88936.4868533092,"city_id":3288,"country_iso":"POL"},{"h3index":"871f51a93ffffff","population_2015":2189.1466327583,"total_built_mass_tons":1117464.1122716824,"city_id":3288,"country_iso":"POL"},{"h3index":"871f51a98ffffff","population_2015":901.8839649425,"total_built_mass_tons":273808.2211824558,"city_id":3288,"country_iso":"POL"},{"h3index":"871f51a99ffffff","population_2015":6717.2259002087,"total_built_mass_tons":1853398.424862691,"city_id":3288,"country_iso":"POL"},{"h3index":"871f51a9affffff","population_2015":16369.2731042488,"total_built_mass_tons":4159160.0857577771,"city_id":3288,"country_iso":"POL"},{"h3index":"871f51a9bffffff","population_2015":22248.6875219457,"total_built_mass_tons":4832200.4625061313,"city_id":3288,"country_iso":"POL"},{"h3index":"871f51a9effffff","population_2015":2256.4756547582,"total_built_mass_tons":757964.9962491125,"city_id":3288,"country_iso":"POL"}]