[{"h3index": "8740f5908ffffff", "population_2015": 27524.53820653802, "total_built_mass_tons": 4871004.33948307, "city_id": 10529, "country_iso": "CHN"}, {"h3index": "8740f5909ffffff", "population_2015": 5.2873329835779534, "total_built_mass_tons": 2924.202036997636, "city_id": 10529, "country_iso": "CHN"}, {"h3index": "8740f590affffff", "population_2015": 35.8567829730464, "total_built_mass_tons": 19767.483896313857, "city_id": 10529, "country_iso": "CHN"}, {"h3index": "8740f590cffffff", "population_2015": 15051.724846348105, "total_built_mass_tons": 4624851.044462762, "city_id": 10529, "country_iso": "CHN"}, {"h3index": "8740f590dffffff", "population_2015": 30052.664809917, "total_built_mass_tons": 4868059.042135898, "city_id": 10529, "country_iso": "CHN"}, {"h3index": "8740f590effffff", "population_2015": 3179.374027504641, "total_built_mass_tons": 861311.0505815955, "city_id": 10529, "country_iso": "CHN"}, {"h3index": "8740f591cffffff", "population_2015": 21.00292576902053, "total_built_mass_tons": 30896.338566852955, "city_id": 10529, "country_iso": "CHN"}, {"h3index": "8740f591dffffff", "population_2015": 422.5038217226664, "total_built_mass_tons": 311563.5586573856, "city_id": 10529, "country_iso": "CHN"}, {"h3index": "8740f592bffffff", "population_2015": 5467.789245674656, "total_built_mass_tons": 1430891.2551278532, "city_id": 10529, "country_iso": "CHN"}, {"h3index": "8740f5972ffffff", "population_2015": 7.618927794811772, "total_built_mass_tons": 4611.634340442046, "city_id": 10529, "country_iso": "CHN"}, {"h3index": "8740f5976ffffff", "population_2015": 190.71893898646033, "total_built_mass_tons": 147746.39024473555, "city_id": 10529, "country_iso": "CHN"}]