[{"h3index":"8720b1900ffffff","population_2015":603.9437939588,"total_built_mass_tons":298827.3235086548,"city_id":6024,"country_iso":"UZB"},{"h3index":"8720b1901ffffff","population_2015":30.5722590605,"total_built_mass_tons":15951.1851385637,"city_id":6024,"country_iso":"UZB"},{"h3index":"8720b1902ffffff","population_2015":2178.6897865295,"total_built_mass_tons":1229764.6513044406,"city_id":6024,"country_iso":"UZB"},{"h3index":"8720b1903ffffff","population_2015":155.9570699785,"total_built_mass_tons":117418.7542940124,"city_id":6024,"country_iso":"UZB"},{"h3index":"8720b1910ffffff","population_2015":583.6068817644,"total_built_mass_tons":322676.5843054733,"city_id":6024,"country_iso":"UZB"},{"h3index":"8720b1911ffffff","population_2015":7313.7372826745,"total_built_mass_tons":3720981.2326752222,"city_id":6024,"country_iso":"UZB"},{"h3index":"8720b1913ffffff","population_2015":623.6094396759,"total_built_mass_tons":402262.2311540182,"city_id":6024,"country_iso":"UZB"},{"h3index":"8720b1915ffffff","population_2015":515.9201076713,"total_built_mass_tons":282978.2063190907,"city_id":6024,"country_iso":"UZB"},{"h3index":"8720b1918ffffff","population_2015":180.0432654325,"total_built_mass_tons":165174.2052388332,"city_id":6024,"country_iso":"UZB"},{"h3index":"8720b1919ffffff","population_2015":10.1320909753,"total_built_mass_tons":11027.8169275422,"city_id":6024,"country_iso":"UZB"},{"h3index":"8720b191cffffff","population_2015":1485.3685089354,"total_built_mass_tons":816453.9856207768,"city_id":6024,"country_iso":"UZB"},{"h3index":"8720b191dffffff","population_2015":10.9393010401,"total_built_mass_tons":7425.2449929336,"city_id":6024,"country_iso":"UZB"},{"h3index":"8720b191effffff","population_2015":2116.0589974815,"total_built_mass_tons":1094956.2699382517,"city_id":6024,"country_iso":"UZB"}]