[{"h3index":"87a8c2480ffffff","population_2015":0.3610777953,"total_built_mass_tons":57350.1119882183,"city_id":1221,"country_iso":"BRA"},{"h3index":"87a8c2481ffffff","population_2015":30521.8162636921,"total_built_mass_tons":2318751.1485569803,"city_id":1221,"country_iso":"BRA"},{"h3index":"87a8c2483ffffff","population_2015":20490.579572185,"total_built_mass_tons":1524274.2233856509,"city_id":1221,"country_iso":"BRA"},{"h3index":"87a8c2485ffffff","population_2015":3658.6347304958,"total_built_mass_tons":268885.9288375384,"city_id":1221,"country_iso":"BRA"},{"h3index":"87a8c248affffff","population_2015":1.4075854294,"total_built_mass_tons":9204.6949857465,"city_id":1221,"country_iso":"BRA"},{"h3index":"87a8c248cffffff","population_2015":161.4050009325,"total_built_mass_tons":61795.4022924506,"city_id":1221,"country_iso":"BRA"},{"h3index":"87a8c248effffff","population_2015":2917.9051628307,"total_built_mass_tons":731738.591483226,"city_id":1221,"country_iso":"BRA"},{"h3index":"87a8c2498ffffff","population_2015":6494.2001439029,"total_built_mass_tons":833065.7405430054,"city_id":1221,"country_iso":"BRA"},{"h3index":"87a8c2499ffffff","population_2015":29938.8381999431,"total_built_mass_tons":2517888.8640358439,"city_id":1221,"country_iso":"BRA"},{"h3index":"87a8c249affffff","population_2015":98.0939887458,"total_built_mass_tons":114812.9019524216,"city_id":1221,"country_iso":"BRA"},{"h3index":"87a8c249bffffff","population_2015":4493.4380142012,"total_built_mass_tons":781628.6987223938,"city_id":1221,"country_iso":"BRA"},{"h3index":"87a8c249cffffff","population_2015":140.4667898085,"total_built_mass_tons":155302.0778077329,"city_id":1221,"country_iso":"BRA"},{"h3index":"87a8c249dffffff","population_2015":4093.4767295304,"total_built_mass_tons":2088657.0840318124,"city_id":1221,"country_iso":"BRA"},{"h3index":"87a8c24aaffffff","population_2015":3424.3019396296,"total_built_mass_tons":682045.4742787119,"city_id":1221,"country_iso":"BRA"},{"h3index":"87a8d1869ffffff","population_2015":842.94280584,"total_built_mass_tons":232222.7692150914,"city_id":1221,"country_iso":"BRA"},{"h3index":"87a8d1b04ffffff","population_2015":3492.0073224603,"total_built_mass_tons":152857.0805846322,"city_id":1221,"country_iso":"BRA"},{"h3index":"87a8d1b20ffffff","population_2015":829.6564925091,"total_built_mass_tons":278984.0581230879,"city_id":1221,"country_iso":"BRA"},{"h3index":"87a8d1b22ffffff","population_2015":6194.2146866831,"total_built_mass_tons":949120.4275882487,"city_id":1221,"country_iso":"BRA"},{"h3index":"87a8d1b24ffffff","population_2015":1450.4939877191,"total_built_mass_tons":157700.5891350479,"city_id":1221,"country_iso":"BRA"},{"h3index":"87a8d1b26ffffff","population_2015":37594.7839714559,"total_built_mass_tons":2368041.1796768364,"city_id":1221,"country_iso":"BRA"},{"h3index":"87a8d1b30ffffff","population_2015":40.9549948281,"total_built_mass_tons":28433.41510382,"city_id":1221,"country_iso":"BRA"},{"h3index":"87a8d1b31ffffff","population_2015":5606.3878658641,"total_built_mass_tons":635724.6046296606,"city_id":1221,"country_iso":"BRA"},{"h3index":"87a8d1b34ffffff","population_2015":3796.3220861182,"total_built_mass_tons":986345.9871304767,"city_id":1221,"country_iso":"BRA"},{"h3index":"87a8d1b35ffffff","population_2015":3996.2120858679,"total_built_mass_tons":1132955.5876499005,"city_id":1221,"country_iso":"BRA"},{"h3index":"87a8d1b36ffffff","population_2015":4.6331112469,"total_built_mass_tons":2949.4092586223,"city_id":1221,"country_iso":"BRA"}]