[{"h3index": "8741a8264ffffff", "population_2015": 9049.72045397174, "total_built_mass_tons": 5371678.362350479, "city_id": 12148, "country_iso": "CHN"}, {"h3index": "8741a8265ffffff", "population_2015": 6730.426128617455, "total_built_mass_tons": 1425336.9026138647, "city_id": 12148, "country_iso": "CHN"}, {"h3index": "8741a8266ffffff", "population_2015": 34.793373340718894, "total_built_mass_tons": 120485.7048906502, "city_id": 12148, "country_iso": "CHN"}, {"h3index": "8741a8348ffffff", "population_2015": 2454.7614624392754, "total_built_mass_tons": 1906601.684209236, "city_id": 12148, "country_iso": "CHN"}, {"h3index": "8741a8349ffffff", "population_2015": 14952.47335524279, "total_built_mass_tons": 2313163.3423281135, "city_id": 12148, "country_iso": "CHN"}, {"h3index": "8741a834affffff", "population_2015": 5384.3396821134265, "total_built_mass_tons": 2798011.262526162, "city_id": 12148, "country_iso": "CHN"}, {"h3index": "8741a834bffffff", "population_2015": 38904.01446230829, "total_built_mass_tons": 9425974.405255469, "city_id": 12148, "country_iso": "CHN"}, {"h3index": "8741a834effffff", "population_2015": 638.243374857248, "total_built_mass_tons": 668183.3603729479, "city_id": 12148, "country_iso": "CHN"}, {"h3index": "8741a8359ffffff", "population_2015": 920.7365132190432, "total_built_mass_tons": 974476.949748548, "city_id": 12148, "country_iso": "CHN"}, {"h3index": "8741a835dffffff", "population_2015": 169.96745449935688, "total_built_mass_tons": 284642.54884172545, "city_id": 12148, "country_iso": "CHN"}, {"h3index": "8741a9c90ffffff", "population_2015": 27.74650677138684, "total_built_mass_tons": 29016.382314707556, "city_id": 12148, "country_iso": "CHN"}, {"h3index": "8741a9c94ffffff", "population_2015": 232.15676575081017, "total_built_mass_tons": 97700.5893016911, "city_id": 12148, "country_iso": "CHN"}, {"h3index": "8741a9c96ffffff", "population_2015": 53605.31535980372, "total_built_mass_tons": 4983646.507275198, "city_id": 12148, "country_iso": "CHN"}]