[{"h3index":"875889c02ffffff","population_2015":78.8734903223,"total_built_mass_tons":39653.0792758512,"city_id":2476,"country_iso":"NGA"},{"h3index":"875889c06ffffff","population_2015":863.6463382553,"total_built_mass_tons":354236.9247697578,"city_id":2476,"country_iso":"NGA"},{"h3index":"875889c15ffffff","population_2015":1287.6225296058,"total_built_mass_tons":506041.4174167915,"city_id":2476,"country_iso":"NGA"},{"h3index":"875889c33ffffff","population_2015":37.4442525751,"total_built_mass_tons":17008.1724298308,"city_id":2476,"country_iso":"NGA"}]