[{"h3index": "873f68c84ffffff", "population_2015": 3405.5281208823717, "total_built_mass_tons": 1248310.97769655, "city_id": 3729, "country_iso": "TUR"}, {"h3index": "873f68ca0ffffff", "population_2015": 13.073174345727065, "total_built_mass_tons": 12831.9130139423, "city_id": 3729, "country_iso": "TUR"}, {"h3index": "873f68ca2ffffff", "population_2015": 5945.492286529727, "total_built_mass_tons": 2271711.64670479, "city_id": 3729, "country_iso": "TUR"}, {"h3index": "873f68ca3ffffff", "population_2015": 3214.8018313052607, "total_built_mass_tons": 758093.5296334604, "city_id": 3729, "country_iso": "TUR"}, {"h3index": "873f68ca4ffffff", "population_2015": 10.222637378468232, "total_built_mass_tons": 5360.295104129598, "city_id": 3729, "country_iso": "TUR"}, {"h3index": "873f68ca6ffffff", "population_2015": 281.1988723558538, "total_built_mass_tons": 330809.3314651931, "city_id": 3729, "country_iso": "TUR"}, {"h3index": "873f68cb0ffffff", "population_2015": 15576.483157935798, "total_built_mass_tons": 3532350.32942445, "city_id": 3729, "country_iso": "TUR"}, {"h3index": "873f68cb1ffffff", "population_2015": 12714.218238606174, "total_built_mass_tons": 2846371.455781362, "city_id": 3729, "country_iso": "TUR"}, {"h3index": "873f68cb4ffffff", "population_2015": 11266.604658437242, "total_built_mass_tons": 4633264.142652774, "city_id": 3729, "country_iso": "TUR"}, {"h3index": "873f68cb5ffffff", "population_2015": 4517.508470841951, "total_built_mass_tons": 2781514.371196147, "city_id": 3729, "country_iso": "TUR"}, {"h3index": "873f68cb6ffffff", "population_2015": 5017.3192733278465, "total_built_mass_tons": 1737528.7805339412, "city_id": 3729, "country_iso": "TUR"}, {"h3index": "873f68d80ffffff", "population_2015": 3281.0737853143723, "total_built_mass_tons": 605838.0745052053, "city_id": 3729, "country_iso": "TUR"}, {"h3index": "873f68d81ffffff", "population_2015": 1181.905807876587, "total_built_mass_tons": 373281.71166908334, "city_id": 3729, "country_iso": "TUR"}, {"h3index": "873f68d82ffffff", "population_2015": 23138.54315997853, "total_built_mass_tons": 2049440.2644144504, "city_id": 3729, "country_iso": "TUR"}, {"h3index": "873f68d83ffffff", "population_2015": 6915.247860710295, "total_built_mass_tons": 1524610.042977146, "city_id": 3729, "country_iso": "TUR"}, {"h3index": "873f68d84ffffff", "population_2015": 2759.365716971603, "total_built_mass_tons": 253478.80012452876, "city_id": 3729, "country_iso": "TUR"}, {"h3index": "873f68d85ffffff", "population_2015": 873.5782192323722, "total_built_mass_tons": 277233.8985248733, "city_id": 3729, "country_iso": "TUR"}, {"h3index": "873f68d86ffffff", "population_2015": 12210.050507766127, "total_built_mass_tons": 1109379.5149601698, "city_id": 3729, "country_iso": "TUR"}, {"h3index": "873f68d88ffffff", "population_2015": 3023.6747391326753, "total_built_mass_tons": 1233096.7419453147, "city_id": 3729, "country_iso": "TUR"}, {"h3index": "873f68d8affffff", "population_2015": 3804.016075517616, "total_built_mass_tons": 1866814.1645136632, "city_id": 3729, "country_iso": "TUR"}, {"h3index": "873f68d8bffffff", "population_2015": 2193.8424020290377, "total_built_mass_tons": 886356.751021517, "city_id": 3729, "country_iso": "TUR"}, {"h3index": "873f68d8cffffff", "population_2015": 1834.6634798526763, "total_built_mass_tons": 580748.5551248883, "city_id": 3729, "country_iso": "TUR"}, {"h3index": "873f68d8dffffff", "population_2015": 87.95408859813915, "total_built_mass_tons": 79189.38950223362, "city_id": 3729, "country_iso": "TUR"}, {"h3index": "873f68d8effffff", "population_2015": 1730.4410007158915, "total_built_mass_tons": 1222289.4122202136, "city_id": 3729, "country_iso": "TUR"}, {"h3index": "873f68d90ffffff", "population_2015": 1765.4495220820106, "total_built_mass_tons": 841578.0476131265, "city_id": 3729, "country_iso": "TUR"}, {"h3index": "873f68d91ffffff", "population_2015": 44366.598051910776, "total_built_mass_tons": 3359035.093445147, "city_id": 3729, "country_iso": "TUR"}, {"h3index": "873f68d92ffffff", "population_2015": 5640.478446608898, "total_built_mass_tons": 2497238.120663387, "city_id": 3729, "country_iso": "TUR"}, {"h3index": "873f68d93ffffff", "population_2015": 29131.28379628799, "total_built_mass_tons": 6349875.36878514, "city_id": 3729, "country_iso": "TUR"}, {"h3index": "873f68d95ffffff", "population_2015": 3286.05847379647, "total_built_mass_tons": 456455.4087707931, "city_id": 3729, "country_iso": "TUR"}, {"h3index": "873f68d96ffffff", "population_2015": 583.0471845290242, "total_built_mass_tons": 336144.2988013113, "city_id": 3729, "country_iso": "TUR"}, {"h3index": "873f68d98ffffff", "population_2015": 14237.313301791395, "total_built_mass_tons": 2727727.7126263534, "city_id": 3729, "country_iso": "TUR"}, {"h3index": "873f68d99ffffff", "population_2015": 5002.967083065183, "total_built_mass_tons": 2023311.2216785536, "city_id": 3729, "country_iso": "TUR"}, {"h3index": "873f68d9affffff", "population_2015": 21409.951348551593, "total_built_mass_tons": 5672366.145636239, "city_id": 3729, "country_iso": "TUR"}, {"h3index": "873f68d9bffffff", "population_2015": 8989.819717364218, "total_built_mass_tons": 2459939.437951636, "city_id": 3729, "country_iso": "TUR"}, {"h3index": "873f68d9cffffff", "population_2015": 29097.57278063906, "total_built_mass_tons": 3085183.2776325364, "city_id": 3729, "country_iso": "TUR"}, {"h3index": "873f68d9dffffff", "population_2015": 5171.434653166229, "total_built_mass_tons": 2524874.3107925146, "city_id": 3729, "country_iso": "TUR"}, {"h3index": "873f68d9effffff", "population_2015": 40501.65406257782, "total_built_mass_tons": 5239911.285753731, "city_id": 3729, "country_iso": "TUR"}, {"h3index": "873f68daaffffff", "population_2015": 281.98503887583223, "total_built_mass_tons": 164264.37829720008, "city_id": 3729, "country_iso": "TUR"}, {"h3index": "873f68daeffffff", "population_2015": 243.87610641367297, "total_built_mass_tons": 93496.66256032747, "city_id": 3729, "country_iso": "TUR"}, {"h3index": "873f68db1ffffff", "population_2015": 83.25197583366842, "total_built_mass_tons": 67235.99048816915, "city_id": 3729, "country_iso": "TUR"}, {"h3index": "873f6e340ffffff", "population_2015": 5407.169963618822, "total_built_mass_tons": 3362963.170310146, "city_id": 3729, "country_iso": "TUR"}, {"h3index": "873f6e342ffffff", "population_2015": 873.8432482036892, "total_built_mass_tons": 491969.5231766937, "city_id": 3729, "country_iso": "TUR"}, {"h3index": "873f6e344ffffff", "population_2015": 2204.7201254872716, "total_built_mass_tons": 1442451.717032239, "city_id": 3729, "country_iso": "TUR"}, {"h3index": "873f6e345ffffff", "population_2015": 6556.207073080774, "total_built_mass_tons": 2763769.7820075117, "city_id": 3729, "country_iso": "TUR"}, {"h3index": "873f6e346ffffff", "population_2015": 2788.235336146635, "total_built_mass_tons": 1419810.63354627, "city_id": 3729, "country_iso": "TUR"}, {"h3index": "873f6e360ffffff", "population_2015": 102.52931107539756, "total_built_mass_tons": 53760.235421375226, "city_id": 3729, "country_iso": "TUR"}, {"h3index": "873f6e361ffffff", "population_2015": 7459.573365482626, "total_built_mass_tons": 3796017.773222703, "city_id": 3729, "country_iso": "TUR"}, {"h3index": "873f6e363ffffff", "population_2015": 5702.906356859206, "total_built_mass_tons": 3263899.4538719696, "city_id": 3729, "country_iso": "TUR"}, {"h3index": "873f6e365ffffff", "population_2015": 3162.94144080854, "total_built_mass_tons": 1766558.8196993847, "city_id": 3729, "country_iso": "TUR"}, {"h3index": "873f6e368ffffff", "population_2015": 9354.720607361138, "total_built_mass_tons": 2942557.495306842, "city_id": 3729, "country_iso": "TUR"}, {"h3index": "873f6e369ffffff", "population_2015": 19671.07597617355, "total_built_mass_tons": 6636647.761503904, "city_id": 3729, "country_iso": "TUR"}, {"h3index": "873f6e36affffff", "population_2015": 8.421760884453269, "total_built_mass_tons": 10947.43970757869, "city_id": 3729, "country_iso": "TUR"}, {"h3index": "873f6e36cffffff", "population_2015": 16065.794371548822, "total_built_mass_tons": 5734416.877652747, "city_id": 3729, "country_iso": "TUR"}, {"h3index": "873f6e36dffffff", "population_2015": 52891.912234429765, "total_built_mass_tons": 8517276.370839559, "city_id": 3729, "country_iso": "TUR"}, {"h3index": "873f6e36effffff", "population_2015": 7578.113444373188, "total_built_mass_tons": 3879818.016847271, "city_id": 3729, "country_iso": "TUR"}]