[{"h3index":"8731aa0c3ffffff","population_2015":866.6846699252,"total_built_mass_tons":1713035.0424592281,"city_id":10786,"country_iso":"CHN"},{"h3index":"8731aa0c8ffffff","population_2015":3163.4984047385,"total_built_mass_tons":3956868.0078135654,"city_id":10786,"country_iso":"CHN"},{"h3index":"8731aa0c9ffffff","population_2015":1171.6869663856,"total_built_mass_tons":2051963.8564503861,"city_id":10786,"country_iso":"CHN"},{"h3index":"8731aa0caffffff","population_2015":12554.0089521184,"total_built_mass_tons":4750132.223119312,"city_id":10786,"country_iso":"CHN"},{"h3index":"8731aa0cbffffff","population_2015":8931.2862724042,"total_built_mass_tons":8138093.1248156559,"city_id":10786,"country_iso":"CHN"},{"h3index":"8731aa0ccffffff","population_2015":14.0276227212,"total_built_mass_tons":52081.8061184313,"city_id":10786,"country_iso":"CHN"},{"h3index":"8731aa0cdffffff","population_2015":365.0266575178,"total_built_mass_tons":534771.9552677565,"city_id":10786,"country_iso":"CHN"},{"h3index":"8731aa0ceffffff","population_2015":2349.090946916,"total_built_mass_tons":2884512.5332784215,"city_id":10786,"country_iso":"CHN"},{"h3index":"8731aa0d8ffffff","population_2015":3449.6995898747,"total_built_mass_tons":1344382.7396226197,"city_id":10786,"country_iso":"CHN"},{"h3index":"8731aa0d9ffffff","population_2015":8969.5765688242,"total_built_mass_tons":4163107.2788015339,"city_id":10786,"country_iso":"CHN"},{"h3index":"8731aa0dbffffff","population_2015":899.7051889644,"total_built_mass_tons":61670.2235584504,"city_id":10786,"country_iso":"CHN"},{"h3index":"8731aa0dcffffff","population_2015":241.9956961866,"total_built_mass_tons":241814.6433687757,"city_id":10786,"country_iso":"CHN"},{"h3index":"8731aa0ddffffff","population_2015":4260.9771322206,"total_built_mass_tons":4355591.1773615424,"city_id":10786,"country_iso":"CHN"},{"h3index":"8731aa0deffffff","population_2015":197.6443970835,"total_built_mass_tons":209032.5687307709,"city_id":10786,"country_iso":"CHN"},{"h3index":"8731aa382ffffff","population_2015":0.372299688,"total_built_mass_tons":273.327714146,"city_id":10786,"country_iso":"CHN"},{"h3index":"8731aa390ffffff","population_2015":1469.606614413,"total_built_mass_tons":1452857.4032929344,"city_id":10786,"country_iso":"CHN"},{"h3index":"8731aa391ffffff","population_2015":1873.5646530207,"total_built_mass_tons":1142249.6841839587,"city_id":10786,"country_iso":"CHN"},{"h3index":"8731aa392ffffff","population_2015":4912.8575664665,"total_built_mass_tons":772389.8109859609,"city_id":10786,"country_iso":"CHN"},{"h3index":"8731aa393ffffff","population_2015":453.4205679856,"total_built_mass_tons":526392.2174438458,"city_id":10786,"country_iso":"CHN"},{"h3index":"8731aa394ffffff","population_2015":202.8200606954,"total_built_mass_tons":446282.6312784909,"city_id":10786,"country_iso":"CHN"},{"h3index":"8731aa396ffffff","population_2015":2962.694901889,"total_built_mass_tons":3769058.6598827504,"city_id":10786,"country_iso":"CHN"},{"h3index":"8731aa744ffffff","population_2015":210.5826371212,"total_built_mass_tons":113887.6531134536,"city_id":10786,"country_iso":"CHN"},{"h3index":"8731aa746ffffff","population_2015":2.2543918292,"total_built_mass_tons":3603.0652840694,"city_id":10786,"country_iso":"CHN"},{"h3index":"8731aa760ffffff","population_2015":11842.6060579263,"total_built_mass_tons":1299207.1855115211,"city_id":10786,"country_iso":"CHN"},{"h3index":"8731aa761ffffff","population_2015":7066.571871851,"total_built_mass_tons":1016225.0090957324,"city_id":10786,"country_iso":"CHN"},{"h3index":"8731aa762ffffff","population_2015":8709.1875837513,"total_built_mass_tons":1068022.177079719,"city_id":10786,"country_iso":"CHN"},{"h3index":"8731aa763ffffff","population_2015":5867.5141390258,"total_built_mass_tons":694389.9027944832,"city_id":10786,"country_iso":"CHN"},{"h3index":"8731aa764ffffff","population_2015":9145.6674238841,"total_built_mass_tons":4154956.1873367177,"city_id":10786,"country_iso":"CHN"},{"h3index":"8731aa765ffffff","population_2015":16726.4157310392,"total_built_mass_tons":3450522.4925457668,"city_id":10786,"country_iso":"CHN"},{"h3index":"8731aa766ffffff","population_2015":8549.6065311731,"total_built_mass_tons":858976.3673170176,"city_id":10786,"country_iso":"CHN"},{"h3index":"8731aa76cffffff","population_2015":1290.5410944995,"total_built_mass_tons":392065.6997538768,"city_id":10786,"country_iso":"CHN"},{"h3index":"8731aa76dffffff","population_2015":0.8402574474,"total_built_mass_tons":2392.5521111244,"city_id":10786,"country_iso":"CHN"},{"h3index":"8731aa76effffff","population_2015":4274.8316772872,"total_built_mass_tons":690084.8070066218,"city_id":10786,"country_iso":"CHN"},{"h3index":"8731aa771ffffff","population_2015":3068.7277180695,"total_built_mass_tons":379955.7345964911,"city_id":10786,"country_iso":"CHN"},{"h3index":"8731aa775ffffff","population_2015":1862.2689811407,"total_built_mass_tons":277270.0743829693,"city_id":10786,"country_iso":"CHN"}]