[{"h3index":"8740e24b4ffffff","population_2015":175.1176492654,"total_built_mass_tons":171082.621976152,"city_id":10384,"country_iso":"CHN"},{"h3index":"8740e2598ffffff","population_2015":12956.0078452335,"total_built_mass_tons":1839294.852416574,"city_id":10384,"country_iso":"CHN"},{"h3index":"8740e2599ffffff","population_2015":4029.00036634,"total_built_mass_tons":598838.5393941,"city_id":10384,"country_iso":"CHN"},{"h3index":"8740e259affffff","population_2015":895.9824609102,"total_built_mass_tons":803329.5476051894,"city_id":10384,"country_iso":"CHN"},{"h3index":"8740e259bffffff","population_2015":6948.2227459122,"total_built_mass_tons":2887392.6763844253,"city_id":10384,"country_iso":"CHN"},{"h3index":"8740e259cffffff","population_2015":1031.9583355773,"total_built_mass_tons":235268.3818944478,"city_id":10384,"country_iso":"CHN"},{"h3index":"8740e259dffffff","population_2015":855.4341801905,"total_built_mass_tons":147796.3717000492,"city_id":10384,"country_iso":"CHN"},{"h3index":"8740f1969ffffff","population_2015":33.2756994462,"total_built_mass_tons":62968.4564280553,"city_id":10384,"country_iso":"CHN"}]