[{"h3index":"8724f2c80ffffff","population_2015":135.2475687275,"total_built_mass_tons":143686.3479737951,"city_id":10057,"country_iso":"CHN"},{"h3index":"8724f2c84ffffff","population_2015":9519.5936880025,"total_built_mass_tons":8044144.0812383033,"city_id":10057,"country_iso":"CHN"},{"h3index":"8724f2c85ffffff","population_2015":0.1206871491,"total_built_mass_tons":489.7590345817,"city_id":10057,"country_iso":"CHN"},{"h3index":"8724f2c86ffffff","population_2015":3024.958169005,"total_built_mass_tons":1582512.3753468082,"city_id":10057,"country_iso":"CHN"},{"h3index":"8724f2c94ffffff","population_2015":274.2151794434,"total_built_mass_tons":8407.9480929556,"city_id":10057,"country_iso":"CHN"},{"h3index":"8724f2c95ffffff","population_2015":215.9083396463,"total_built_mass_tons":25020.1847412105,"city_id":10057,"country_iso":"CHN"},{"h3index":"8724f2ca0ffffff","population_2015":1305.4874831097,"total_built_mass_tons":1033908.2771539892,"city_id":10057,"country_iso":"CHN"},{"h3index":"8724f2ca1ffffff","population_2015":419.1798441031,"total_built_mass_tons":408163.4296439543,"city_id":10057,"country_iso":"CHN"},{"h3index":"8724f2ca2ffffff","population_2015":15846.5098254035,"total_built_mass_tons":7968351.800247754,"city_id":10057,"country_iso":"CHN"},{"h3index":"8724f2ca3ffffff","population_2015":8025.2090136622,"total_built_mass_tons":4376523.2328806687,"city_id":10057,"country_iso":"CHN"},{"h3index":"8724f2ca6ffffff","population_2015":3065.3599026044,"total_built_mass_tons":2305668.521397233,"city_id":10057,"country_iso":"CHN"},{"h3index":"8724f2caeffffff","population_2015":233.5228691924,"total_built_mass_tons":202580.5897401417,"city_id":10057,"country_iso":"CHN"},{"h3index":"8724f2cb0ffffff","population_2015":6529.863786947,"total_built_mass_tons":942835.5360532112,"city_id":10057,"country_iso":"CHN"},{"h3index":"8724f2cb1ffffff","population_2015":15020.6799212587,"total_built_mass_tons":6382964.4234624915,"city_id":10057,"country_iso":"CHN"},{"h3index":"8724f2cb3ffffff","population_2015":13695.6304782755,"total_built_mass_tons":1545420.8256322949,"city_id":10057,"country_iso":"CHN"},{"h3index":"8724f2cb5ffffff","population_2015":6352.4162701233,"total_built_mass_tons":2634863.0979842958,"city_id":10057,"country_iso":"CHN"}]