[{"h3index": "872e69a01ffffff", "population_2015": 7960.37509252885, "total_built_mass_tons": 2499481.1443892084, "city_id": 12778, "country_iso": "JPN"}, {"h3index": "872e69a02ffffff", "population_2015": 6683.218344112471, "total_built_mass_tons": 2331328.805457988, "city_id": 12778, "country_iso": "JPN"}, {"h3index": "872e69a03ffffff", "population_2015": 10182.155969844143, "total_built_mass_tons": 2122048.202405003, "city_id": 12778, "country_iso": "JPN"}, {"h3index": "872e69a04ffffff", "population_2015": 951.6937501682954, "total_built_mass_tons": 363130.3667054337, "city_id": 12778, "country_iso": "JPN"}, {"h3index": "872e69a05ffffff", "population_2015": 8411.904145502576, "total_built_mass_tons": 2446903.3101340993, "city_id": 12778, "country_iso": "JPN"}, {"h3index": "872e69a06ffffff", "population_2015": 2592.9611219630524, "total_built_mass_tons": 1046212.6353896318, "city_id": 12778, "country_iso": "JPN"}, {"h3index": "872e69a08ffffff", "population_2015": 10518.657277726192, "total_built_mass_tons": 2778876.3761494327, "city_id": 12778, "country_iso": "JPN"}, {"h3index": "872e69a09ffffff", "population_2015": 524.1263309759254, "total_built_mass_tons": 321448.51995774964, "city_id": 12778, "country_iso": "JPN"}, {"h3index": "872e69a0affffff", "population_2015": 2356.913145450517, "total_built_mass_tons": 1154332.5524695893, "city_id": 12778, "country_iso": "JPN"}, {"h3index": "872e69a0bffffff", "population_2015": 1195.3197964088586, "total_built_mass_tons": 508980.5075673578, "city_id": 12778, "country_iso": "JPN"}, {"h3index": "872e69a0cffffff", "population_2015": 12052.328315297294, "total_built_mass_tons": 2677422.923289215, "city_id": 12778, "country_iso": "JPN"}, {"h3index": "872e69a0dffffff", "population_2015": 7610.434681944754, "total_built_mass_tons": 2108562.2490619933, "city_id": 12778, "country_iso": "JPN"}, {"h3index": "872e69a0effffff", "population_2015": 19814.47728311875, "total_built_mass_tons": 3658701.745308711, "city_id": 12778, "country_iso": "JPN"}, {"h3index": "872e69a10ffffff", "population_2015": 3543.793658963371, "total_built_mass_tons": 985000.3218464887, "city_id": 12778, "country_iso": "JPN"}, {"h3index": "872e69a11ffffff", "population_2015": 11220.074720910014, "total_built_mass_tons": 3196936.692129044, "city_id": 12778, "country_iso": "JPN"}, {"h3index": "872e69a13ffffff", "population_2015": 6346.553142977696, "total_built_mass_tons": 1596667.841750899, "city_id": 12778, "country_iso": "JPN"}, {"h3index": "872e69a15ffffff", "population_2015": 2283.2060873929195, "total_built_mass_tons": 957024.308647292, "city_id": 12778, "country_iso": "JPN"}, {"h3index": "872e69a18ffffff", "population_2015": 366.62875030087486, "total_built_mass_tons": 399250.00862494647, "city_id": 12778, "country_iso": "JPN"}, {"h3index": "872e69a19ffffff", "population_2015": 10213.588319228676, "total_built_mass_tons": 3025753.218497894, "city_id": 12778, "country_iso": "JPN"}, {"h3index": "872e69a1affffff", "population_2015": 387.4038089995291, "total_built_mass_tons": 356163.155715075, "city_id": 12778, "country_iso": "JPN"}, {"h3index": "872e69a1bffffff", "population_2015": 17.96960054098391, "total_built_mass_tons": 27077.33531675447, "city_id": 12778, "country_iso": "JPN"}, {"h3index": "872e69a1cffffff", "population_2015": 13871.565453701392, "total_built_mass_tons": 3356329.3427858157, "city_id": 12778, "country_iso": "JPN"}, {"h3index": "872e69a1dffffff", "population_2015": 19743.393131185036, "total_built_mass_tons": 3973791.67158374, "city_id": 12778, "country_iso": "JPN"}, {"h3index": "872e69a1effffff", "population_2015": 2795.8845648634665, "total_built_mass_tons": 1100221.949072654, "city_id": 12778, "country_iso": "JPN"}, {"h3index": "872e69a20ffffff", "population_2015": 398.33965679804487, "total_built_mass_tons": 251879.3296991646, "city_id": 12778, "country_iso": "JPN"}, {"h3index": "872e69a21ffffff", "population_2015": 14057.08761284772, "total_built_mass_tons": 3743702.8194261976, "city_id": 12778, "country_iso": "JPN"}, {"h3index": "872e69a23ffffff", "population_2015": 3123.028441642313, "total_built_mass_tons": 1131241.9126324398, "city_id": 12778, "country_iso": "JPN"}, {"h3index": "872e69a24ffffff", "population_2015": 3570.3745352875953, "total_built_mass_tons": 1116631.7869121633, "city_id": 12778, "country_iso": "JPN"}, {"h3index": "872e69a25ffffff", "population_2015": 14109.419375370991, "total_built_mass_tons": 3868546.576563486, "city_id": 12778, "country_iso": "JPN"}, {"h3index": "872e69a26ffffff", "population_2015": 3980.5569744147506, "total_built_mass_tons": 1368289.6231885743, "city_id": 12778, "country_iso": "JPN"}, {"h3index": "872e69a28ffffff", "population_2015": 27315.35737035414, "total_built_mass_tons": 4990014.487618624, "city_id": 12778, "country_iso": "JPN"}, {"h3index": "872e69a29ffffff", "population_2015": 27862.36132522284, "total_built_mass_tons": 9109281.138366224, "city_id": 12778, "country_iso": "JPN"}, {"h3index": "872e69a2affffff", "population_2015": 5150.736857791975, "total_built_mass_tons": 2641427.740490371, "city_id": 12778, "country_iso": "JPN"}, {"h3index": "872e69a2bffffff", "population_2015": 19982.616493595346, "total_built_mass_tons": 5339336.221292039, "city_id": 12778, "country_iso": "JPN"}, {"h3index": "872e69a2cffffff", "population_2015": 23689.23844161689, "total_built_mass_tons": 4358553.491069332, "city_id": 12778, "country_iso": "JPN"}, {"h3index": "872e69a2dffffff", "population_2015": 19734.68645885318, "total_built_mass_tons": 4016113.217841792, "city_id": 12778, "country_iso": "JPN"}, {"h3index": "872e69a2effffff", "population_2015": 24705.997400036984, "total_built_mass_tons": 4379313.400171371, "city_id": 12778, "country_iso": "JPN"}, {"h3index": "872e69a32ffffff", "population_2015": 787.18768900329, "total_built_mass_tons": 338185.66369216645, "city_id": 12778, "country_iso": "JPN"}, {"h3index": "872e69a33ffffff", "population_2015": 4237.824918356127, "total_built_mass_tons": 1176865.478926016, "city_id": 12778, "country_iso": "JPN"}, {"h3index": "872e69a34ffffff", "population_2015": 890.992281629525, "total_built_mass_tons": 260912.20621826284, "city_id": 12778, "country_iso": "JPN"}, {"h3index": "872e69a40ffffff", "population_2015": 8704.68700802373, "total_built_mass_tons": 2122200.1858875835, "city_id": 12778, "country_iso": "JPN"}, {"h3index": "872e69a41ffffff", "population_2015": 7032.122317168292, "total_built_mass_tons": 1895715.4612805876, "city_id": 12778, "country_iso": "JPN"}, {"h3index": "872e69a42ffffff", "population_2015": 706.1033040027993, "total_built_mass_tons": 292457.31706249155, "city_id": 12778, "country_iso": "JPN"}, {"h3index": "872e69a43ffffff", "population_2015": 110.3702339920343, "total_built_mass_tons": 55188.600668157385, "city_id": 12778, "country_iso": "JPN"}, {"h3index": "872e69a44ffffff", "population_2015": 12028.15839829164, "total_built_mass_tons": 3297238.6400415907, "city_id": 12778, "country_iso": "JPN"}, {"h3index": "872e69a45ffffff", "population_2015": 24998.44057892069, "total_built_mass_tons": 4164963.17422239, "city_id": 12778, "country_iso": "JPN"}, {"h3index": "872e69a46ffffff", "population_2015": 4086.3387170567225, "total_built_mass_tons": 1848675.047490193, "city_id": 12778, "country_iso": "JPN"}, {"h3index": "872e69a4cffffff", "population_2015": 26.599713196473964, "total_built_mass_tons": 30972.210768252775, "city_id": 12778, "country_iso": "JPN"}, {"h3index": "872e69a50ffffff", "population_2015": 5996.6111188177965, "total_built_mass_tons": 1393296.3714687608, "city_id": 12778, "country_iso": "JPN"}, {"h3index": "872e69a51ffffff", "population_2015": 19.93045955732757, "total_built_mass_tons": 22446.612333180572, "city_id": 12778, "country_iso": "JPN"}, {"h3index": "872e69a52ffffff", "population_2015": 3764.3093543258374, "total_built_mass_tons": 1240450.3066361044, "city_id": 12778, "country_iso": "JPN"}, {"h3index": "872e69a53ffffff", "population_2015": 4595.187298823338, "total_built_mass_tons": 909799.3167985284, "city_id": 12778, "country_iso": "JPN"}, {"h3index": "872e69a54ffffff", "population_2015": 4243.392832763521, "total_built_mass_tons": 1545737.5240887904, "city_id": 12778, "country_iso": "JPN"}, {"h3index": "872e69a55ffffff", "population_2015": 3423.2784471811033, "total_built_mass_tons": 851158.5215590625, "city_id": 12778, "country_iso": "JPN"}, {"h3index": "872e69a56ffffff", "population_2015": 3196.6555256899674, "total_built_mass_tons": 898498.6444294153, "city_id": 12778, "country_iso": "JPN"}, {"h3index": "872e69a62ffffff", "population_2015": 13996.16740089865, "total_built_mass_tons": 2929598.108307786, "city_id": 12778, "country_iso": "JPN"}, {"h3index": "872e69a63ffffff", "population_2015": 8594.4445690529, "total_built_mass_tons": 1925741.694456349, "city_id": 12778, "country_iso": "JPN"}, {"h3index": "872e69a66ffffff", "population_2015": 410.7841152265961, "total_built_mass_tons": 399656.7372912384, "city_id": 12778, "country_iso": "JPN"}, {"h3index": "872e69a68ffffff", "population_2015": 8042.966240707097, "total_built_mass_tons": 3136780.370833042, "city_id": 12778, "country_iso": "JPN"}, {"h3index": "872e69a69ffffff", "population_2015": 6700.352781789443, "total_built_mass_tons": 2287905.0136586386, "city_id": 12778, "country_iso": "JPN"}, {"h3index": "872e69a6affffff", "population_2015": 11828.474388687288, "total_built_mass_tons": 2989018.1205893764, "city_id": 12778, "country_iso": "JPN"}, {"h3index": "872e69a6bffffff", "population_2015": 4015.6526193207383, "total_built_mass_tons": 1488226.8139009662, "city_id": 12778, "country_iso": "JPN"}, {"h3index": "872e69a6effffff", "population_2015": 5725.613758951076, "total_built_mass_tons": 1737382.2942268604, "city_id": 12778, "country_iso": "JPN"}, {"h3index": "872e69a70ffffff", "population_2015": 16524.15555847019, "total_built_mass_tons": 4699140.954248629, "city_id": 12778, "country_iso": "JPN"}, {"h3index": "872e69a71ffffff", "population_2015": 12757.98073662403, "total_built_mass_tons": 3331607.4968145965, "city_id": 12778, "country_iso": "JPN"}, {"h3index": "872e69a72ffffff", "population_2015": 5028.39672610339, "total_built_mass_tons": 2120092.0021774173, "city_id": 12778, "country_iso": "JPN"}, {"h3index": "872e69a73ffffff", "population_2015": 3767.9818841298425, "total_built_mass_tons": 1352765.938321676, "city_id": 12778, "country_iso": "JPN"}, {"h3index": "872e69a74ffffff", "population_2015": 25924.152120545325, "total_built_mass_tons": 5972617.116674224, "city_id": 12778, "country_iso": "JPN"}, {"h3index": "872e69a75ffffff", "population_2015": 13846.807073922248, "total_built_mass_tons": 2692237.55840049, "city_id": 12778, "country_iso": "JPN"}, {"h3index": "872e69a76ffffff", "population_2015": 21220.316825530117, "total_built_mass_tons": 5417853.054674745, "city_id": 12778, "country_iso": "JPN"}, {"h3index": "872e69a84ffffff", "population_2015": 122.59559351790186, "total_built_mass_tons": 92129.26257221412, "city_id": 12778, "country_iso": "JPN"}, {"h3index": "872e69aa0ffffff", "population_2015": 15.326108079798082, "total_built_mass_tons": 10062.13609186994, "city_id": 12778, "country_iso": "JPN"}, {"h3index": "872e69aa1ffffff", "population_2015": 530.2392274716321, "total_built_mass_tons": 311272.671328011, "city_id": 12778, "country_iso": "JPN"}, {"h3index": "872e69aa3ffffff", "population_2015": 1166.5484636877095, "total_built_mass_tons": 541699.0869442065, "city_id": 12778, "country_iso": "JPN"}, {"h3index": "872e69aa8ffffff", "population_2015": 2474.092802874248, "total_built_mass_tons": 912671.0643754692, "city_id": 12778, "country_iso": "JPN"}, {"h3index": "872e69aa9ffffff", "population_2015": 1182.7768671671547, "total_built_mass_tons": 681058.1852936614, "city_id": 12778, "country_iso": "JPN"}, {"h3index": "872e69aacffffff", "population_2015": 4577.424953049303, "total_built_mass_tons": 1321182.229109497, "city_id": 12778, "country_iso": "JPN"}, {"h3index": "872e69aadffffff", "population_2015": 7136.149184384064, "total_built_mass_tons": 1486892.4711429584, "city_id": 12778, "country_iso": "JPN"}, {"h3index": "872e69aaeffffff", "population_2015": 2242.126768286087, "total_built_mass_tons": 981716.0729812784, "city_id": 12778, "country_iso": "JPN"}, {"h3index": "872e69ae4ffffff", "population_2015": 11696.078646944086, "total_built_mass_tons": 3732686.575641721, "city_id": 12778, "country_iso": "JPN"}, {"h3index": "872e69ae5ffffff", "population_2015": 8037.112168166216, "total_built_mass_tons": 2528243.950206561, "city_id": 12778, "country_iso": "JPN"}, {"h3index": "872e69ae6ffffff", "population_2015": 36.985576255648745, "total_built_mass_tons": 13837.581723025203, "city_id": 12778, "country_iso": "JPN"}, {"h3index": "872e69aecffffff", "population_2015": 86.21872390672273, "total_built_mass_tons": 31389.27260713504, "city_id": 12778, "country_iso": "JPN"}, {"h3index": "872e69b09ffffff", "population_2015": 278.15399346071126, "total_built_mass_tons": 91046.90438976129, "city_id": 12778, "country_iso": "JPN"}, {"h3index": "872e69b0bffffff", "population_2015": 601.3957929125017, "total_built_mass_tons": 280307.9317318932, "city_id": 12778, "country_iso": "JPN"}, {"h3index": "872e69b19ffffff", "population_2015": 556.0402127209832, "total_built_mass_tons": 147311.2465006346, "city_id": 12778, "country_iso": "JPN"}, {"h3index": "872e69b1affffff", "population_2015": 344.64186175664264, "total_built_mass_tons": 145114.12031917952, "city_id": 12778, "country_iso": "JPN"}, {"h3index": "872e69b1bffffff", "population_2015": 4712.371424706777, "total_built_mass_tons": 1429906.7732856183, "city_id": 12778, "country_iso": "JPN"}, {"h3index": "872e69b50ffffff", "population_2015": 4664.335705579496, "total_built_mass_tons": 1967283.098566773, "city_id": 12778, "country_iso": "JPN"}, {"h3index": "872e69b51ffffff", "population_2015": 219.08696728687656, "total_built_mass_tons": 188593.60353944977, "city_id": 12778, "country_iso": "JPN"}, {"h3index": "872e69b52ffffff", "population_2015": 15785.214890371586, "total_built_mass_tons": 3745356.6530590057, "city_id": 12778, "country_iso": "JPN"}, {"h3index": "872e69b53ffffff", "population_2015": 9204.093339994844, "total_built_mass_tons": 1714223.9650022157, "city_id": 12778, "country_iso": "JPN"}, {"h3index": "872e69b54ffffff", "population_2015": 796.070244852702, "total_built_mass_tons": 313281.0660668838, "city_id": 12778, "country_iso": "JPN"}, {"h3index": "872e69b55ffffff", "population_2015": 497.10412748748183, "total_built_mass_tons": 463100.3680060711, "city_id": 12778, "country_iso": "JPN"}, {"h3index": "872e69b56ffffff", "population_2015": 14329.123262835476, "total_built_mass_tons": 3914617.1876092944, "city_id": 12778, "country_iso": "JPN"}, {"h3index": "872e69b58ffffff", "population_2015": 2993.6147274391324, "total_built_mass_tons": 1002263.7263579512, "city_id": 12778, "country_iso": "JPN"}, {"h3index": "872e69b5affffff", "population_2015": 20097.490950393672, "total_built_mass_tons": 3730163.172833213, "city_id": 12778, "country_iso": "JPN"}, {"h3index": "872e69b5bffffff", "population_2015": 10358.985926527135, "total_built_mass_tons": 2679598.4901570543, "city_id": 12778, "country_iso": "JPN"}, {"h3index": "872e69b5cffffff", "population_2015": 1.251826473310882, "total_built_mass_tons": 51637.51176267167, "city_id": 12778, "country_iso": "JPN"}, {"h3index": "872e69b5effffff", "population_2015": 7519.611224352144, "total_built_mass_tons": 1375758.170679669, "city_id": 12778, "country_iso": "JPN"}, {"h3index": "872e69ba9ffffff", "population_2015": 1928.068267732508, "total_built_mass_tons": 572357.6862289293, "city_id": 12778, "country_iso": "JPN"}, {"h3index": "872e69badffffff", "population_2015": 283.37418952642713, "total_built_mass_tons": 95293.3628399386, "city_id": 12778, "country_iso": "JPN"}, {"h3index": "8730cb2c8ffffff", "population_2015": 143.21095600502164, "total_built_mass_tons": 96239.55897977648, "city_id": 12778, "country_iso": "JPN"}, {"h3index": "8730cb2c9ffffff", "population_2015": 3049.0125769839565, "total_built_mass_tons": 2176993.8660608325, "city_id": 12778, "country_iso": "JPN"}, {"h3index": "8730cb2cbffffff", "population_2015": 1434.552452352935, "total_built_mass_tons": 548831.2454148548, "city_id": 12778, "country_iso": "JPN"}, {"h3index": "874b65960ffffff", "population_2015": 1854.0743011325017, "total_built_mass_tons": 711053.3677364597, "city_id": 12778, "country_iso": "JPN"}, {"h3index": "874b65962ffffff", "population_2015": 157.35743707582063, "total_built_mass_tons": 118306.1368028978, "city_id": 12778, "country_iso": "JPN"}, {"h3index": "874b65964ffffff", "population_2015": 943.4875634025124, "total_built_mass_tons": 728055.7310053068, "city_id": 12778, "country_iso": "JPN"}, {"h3index": "874b65965ffffff", "population_2015": 4477.312663876778, "total_built_mass_tons": 2334717.2687265966, "city_id": 12778, "country_iso": "JPN"}, {"h3index": "874b65966ffffff", "population_2015": 2704.6195874569457, "total_built_mass_tons": 1155533.5038211178, "city_id": 12778, "country_iso": "JPN"}, {"h3index": "874b65970ffffff", "population_2015": 54.97439442428888, "total_built_mass_tons": 29788.827290294703, "city_id": 12778, "country_iso": "JPN"}, {"h3index": "874b65974ffffff", "population_2015": 7.726611962972903, "total_built_mass_tons": 5857.118355716234, "city_id": 12778, "country_iso": "JPN"}, {"h3index": "874b65975ffffff", "population_2015": 5038.829572490616, "total_built_mass_tons": 1757784.121012126, "city_id": 12778, "country_iso": "JPN"}]