[{"h3index": "87410b240ffffff", "population_2015": 13004.961151654115, "total_built_mass_tons": 1952425.6826838243, "city_id": 11748, "country_iso": "CHN"}, {"h3index": "87410b242ffffff", "population_2015": 3269.1101668806637, "total_built_mass_tons": 388855.6338631639, "city_id": 11748, "country_iso": "CHN"}, {"h3index": "87410b243ffffff", "population_2015": 9.555646419525146, "total_built_mass_tons": 4613.417070588235, "city_id": 11748, "country_iso": "CHN"}, {"h3index": "87410b244ffffff", "population_2015": 16254.671621374988, "total_built_mass_tons": 3022323.828356725, "city_id": 11748, "country_iso": "CHN"}, {"h3index": "87410b245ffffff", "population_2015": 8115.306254806705, "total_built_mass_tons": 935717.77112761, "city_id": 11748, "country_iso": "CHN"}, {"h3index": "87410b246ffffff", "population_2015": 18746.981634490636, "total_built_mass_tons": 3767128.130274702, "city_id": 11748, "country_iso": "CHN"}, {"h3index": "87410b251ffffff", "population_2015": 193.04891934862323, "total_built_mass_tons": 56555.06289946712, "city_id": 11748, "country_iso": "CHN"}, {"h3index": "87410b255ffffff", "population_2015": 894.3204839818619, "total_built_mass_tons": 264534.7507193347, "city_id": 11748, "country_iso": "CHN"}, {"h3index": "87410b260ffffff", "population_2015": 188.213893217199, "total_built_mass_tons": 97619.03986790065, "city_id": 11748, "country_iso": "CHN"}, {"h3index": "87410b261ffffff", "population_2015": 18.99507543526444, "total_built_mass_tons": 13688.764027484289, "city_id": 11748, "country_iso": "CHN"}, {"h3index": "87410b262ffffff", "population_2015": 2.900786210976395, "total_built_mass_tons": 2473.8904726559776, "city_id": 11748, "country_iso": "CHN"}, {"h3index": "87410b263ffffff", "population_2015": 1383.9334318675246, "total_built_mass_tons": 381157.0375025787, "city_id": 11748, "country_iso": "CHN"}, {"h3index": "87410b26cffffff", "population_2015": 27.81537488301595, "total_built_mass_tons": 31558.6047712912, "city_id": 11748, "country_iso": "CHN"}, {"h3index": "87410b26effffff", "population_2015": 861.3999168639091, "total_built_mass_tons": 238226.92297855596, "city_id": 11748, "country_iso": "CHN"}, {"h3index": "87410b273ffffff", "population_2015": 15.431302998112695, "total_built_mass_tons": 6680.360482185864, "city_id": 11748, "country_iso": "CHN"}]