[{"h3index": "872e71a02ffffff", "population_2015": 1261.8634308964592, "total_built_mass_tons": 761629.8201999185, "city_id": 12884, "country_iso": "JPN"}, {"h3index": "872e71a03ffffff", "population_2015": 752.1299762090051, "total_built_mass_tons": 412238.93670043367, "city_id": 12884, "country_iso": "JPN"}, {"h3index": "872e71a10ffffff", "population_2015": 13536.20815452688, "total_built_mass_tons": 5545806.022805952, "city_id": 12884, "country_iso": "JPN"}, {"h3index": "872e71a11ffffff", "population_2015": 8638.839111129908, "total_built_mass_tons": 3954894.792085412, "city_id": 12884, "country_iso": "JPN"}, {"h3index": "872e71a12ffffff", "population_2015": 4387.723129528642, "total_built_mass_tons": 1852143.2511639427, "city_id": 12884, "country_iso": "JPN"}, {"h3index": "872e71a13ffffff", "population_2015": 4329.170218267627, "total_built_mass_tons": 1934289.971776621, "city_id": 12884, "country_iso": "JPN"}, {"h3index": "872e71a14ffffff", "population_2015": 6398.549143774369, "total_built_mass_tons": 2962510.5668576905, "city_id": 12884, "country_iso": "JPN"}, {"h3index": "872e71a15ffffff", "population_2015": 8688.05640079087, "total_built_mass_tons": 3204327.8866801253, "city_id": 12884, "country_iso": "JPN"}, {"h3index": "872e71a16ffffff", "population_2015": 8774.055767343558, "total_built_mass_tons": 3503534.7405989193, "city_id": 12884, "country_iso": "JPN"}, {"h3index": "872e71a1cffffff", "population_2015": 3465.9196901601904, "total_built_mass_tons": 1442852.8510285192, "city_id": 12884, "country_iso": "JPN"}, {"h3index": "872e71a1dffffff", "population_2015": 100.43103935765286, "total_built_mass_tons": 57839.14590971414, "city_id": 12884, "country_iso": "JPN"}, {"h3index": "872e71a1effffff", "population_2015": 84.50026695962046, "total_built_mass_tons": 78155.47515930752, "city_id": 12884, "country_iso": "JPN"}, {"h3index": "872e71a32ffffff", "population_2015": 1740.2923204693143, "total_built_mass_tons": 857452.8076618498, "city_id": 12884, "country_iso": "JPN"}, {"h3index": "872e71a33ffffff", "population_2015": 186.48311138901056, "total_built_mass_tons": 114251.75427085944, "city_id": 12884, "country_iso": "JPN"}, {"h3index": "872e71aa0ffffff", "population_2015": 2900.923642659655, "total_built_mass_tons": 1311831.7220564624, "city_id": 12884, "country_iso": "JPN"}, {"h3index": "872e71aa1ffffff", "population_2015": 26.055026491950542, "total_built_mass_tons": 25252.190313582953, "city_id": 12884, "country_iso": "JPN"}, {"h3index": "872e71aa4ffffff", "population_2015": 3846.3699022171545, "total_built_mass_tons": 1951007.3133241397, "city_id": 12884, "country_iso": "JPN"}, {"h3index": "872e71aa5ffffff", "population_2015": 5397.560321486231, "total_built_mass_tons": 2640444.714663318, "city_id": 12884, "country_iso": "JPN"}, {"h3index": "872e71aa6ffffff", "population_2015": 262.3401063358083, "total_built_mass_tons": 301297.8974330466, "city_id": 12884, "country_iso": "JPN"}, {"h3index": "872e71aacffffff", "population_2015": 102.65085193596636, "total_built_mass_tons": 41124.40466390584, "city_id": 12884, "country_iso": "JPN"}, {"h3index": "872e71b81ffffff", "population_2015": 233.12812722804503, "total_built_mass_tons": 122453.99279763876, "city_id": 12884, "country_iso": "JPN"}, {"h3index": "872e71b82ffffff", "population_2015": 1331.0657628919564, "total_built_mass_tons": 945052.2049211768, "city_id": 12884, "country_iso": "JPN"}, {"h3index": "872e71b83ffffff", "population_2015": 4547.515569724287, "total_built_mass_tons": 2505112.165629072, "city_id": 12884, "country_iso": "JPN"}, {"h3index": "872e71b86ffffff", "population_2015": 284.82938626046274, "total_built_mass_tons": 241182.19021797116, "city_id": 12884, "country_iso": "JPN"}, {"h3index": "872e71b88ffffff", "population_2015": 1496.53370757103, "total_built_mass_tons": 1160404.1078009622, "city_id": 12884, "country_iso": "JPN"}, {"h3index": "872e71b89ffffff", "population_2015": 3424.835833316691, "total_built_mass_tons": 1646629.4205676238, "city_id": 12884, "country_iso": "JPN"}, {"h3index": "872e71b8affffff", "population_2015": 6533.749221319309, "total_built_mass_tons": 3264031.2453767136, "city_id": 12884, "country_iso": "JPN"}, {"h3index": "872e71b8bffffff", "population_2015": 1313.5827055426205, "total_built_mass_tons": 914873.8276336791, "city_id": 12884, "country_iso": "JPN"}, {"h3index": "872e71b8cffffff", "population_2015": 414.24260274569184, "total_built_mass_tons": 284125.9295833849, "city_id": 12884, "country_iso": "JPN"}, {"h3index": "872e71b8dffffff", "population_2015": 2071.6523352660383, "total_built_mass_tons": 1339136.081338074, "city_id": 12884, "country_iso": "JPN"}, {"h3index": "872e71b8effffff", "population_2015": 3918.5225319918454, "total_built_mass_tons": 2506924.7811612487, "city_id": 12884, "country_iso": "JPN"}, {"h3index": "872e71b99ffffff", "population_2015": 1423.1160911391764, "total_built_mass_tons": 942136.502973657, "city_id": 12884, "country_iso": "JPN"}, {"h3index": "872e71b9cffffff", "population_2015": 354.6744543038163, "total_built_mass_tons": 343698.4716013414, "city_id": 12884, "country_iso": "JPN"}, {"h3index": "872e71b9dffffff", "population_2015": 3392.759576623113, "total_built_mass_tons": 1437724.0008601092, "city_id": 12884, "country_iso": "JPN"}, {"h3index": "872e71babffffff", "population_2015": 33.866011092242076, "total_built_mass_tons": 14425.199753454875, "city_id": 12884, "country_iso": "JPN"}]