[{"h3index":"87655224cffffff","population_2015":360.6477780398,"total_built_mass_tons":265435.9524026882,"city_id":10340,"country_iso":"IDN"},{"h3index":"87655224dffffff","population_2015":195.2351691283,"total_built_mass_tons":104904.5637726044,"city_id":10340,"country_iso":"IDN"},{"h3index":"876552269ffffff","population_2015":1441.1445833842,"total_built_mass_tons":473951.1552951169,"city_id":10340,"country_iso":"IDN"},{"h3index":"87655226bffffff","population_2015":2839.3850681118,"total_built_mass_tons":1007421.732303874,"city_id":10340,"country_iso":"IDN"},{"h3index":"876553504ffffff","population_2015":163.0282292273,"total_built_mass_tons":113768.8136868538,"city_id":10340,"country_iso":"IDN"},{"h3index":"876553520ffffff","population_2015":17884.946806126,"total_built_mass_tons":5032041.309204665,"city_id":10340,"country_iso":"IDN"},{"h3index":"876553521ffffff","population_2015":9785.0742481007,"total_built_mass_tons":3015179.7486011451,"city_id":10340,"country_iso":"IDN"},{"h3index":"876553522ffffff","population_2015":15823.6998113931,"total_built_mass_tons":5144954.6211540028,"city_id":10340,"country_iso":"IDN"},{"h3index":"876553523ffffff","population_2015":6639.3247631709,"total_built_mass_tons":2077621.3034564576,"city_id":10340,"country_iso":"IDN"},{"h3index":"876553524ffffff","population_2015":4023.7522586823,"total_built_mass_tons":1098538.7942768901,"city_id":10340,"country_iso":"IDN"},{"h3index":"876553525ffffff","population_2015":7147.5940721811,"total_built_mass_tons":2481502.4836363913,"city_id":10340,"country_iso":"IDN"},{"h3index":"876553526ffffff","population_2015":14064.4083591873,"total_built_mass_tons":4515593.454781957,"city_id":10340,"country_iso":"IDN"},{"h3index":"87655352cffffff","population_2015":583.9385913681,"total_built_mass_tons":239224.1399302725,"city_id":10340,"country_iso":"IDN"},{"h3index":"87655352effffff","population_2015":584.9673951486,"total_built_mass_tons":311860.392866693,"city_id":10340,"country_iso":"IDN"},{"h3index":"876553530ffffff","population_2015":1904.4683821846,"total_built_mass_tons":897970.1911583459,"city_id":10340,"country_iso":"IDN"},{"h3index":"876553531ffffff","population_2015":1877.2637687945,"total_built_mass_tons":989594.2083948049,"city_id":10340,"country_iso":"IDN"},{"h3index":"876553534ffffff","population_2015":8696.9333731707,"total_built_mass_tons":3096049.1459241505,"city_id":10340,"country_iso":"IDN"},{"h3index":"876553535ffffff","population_2015":15706.8964055828,"total_built_mass_tons":5525698.7485426581,"city_id":10340,"country_iso":"IDN"},{"h3index":"876553536ffffff","population_2015":2348.5156644298,"total_built_mass_tons":1247563.7773202376,"city_id":10340,"country_iso":"IDN"},{"h3index":"876553c80ffffff","population_2015":195.1729461614,"total_built_mass_tons":62183.5166038511,"city_id":10340,"country_iso":"IDN"},{"h3index":"876553c82ffffff","population_2015":3.7387969634,"total_built_mass_tons":4924.0775090075,"city_id":10340,"country_iso":"IDN"},{"h3index":"876553c83ffffff","population_2015":595.596487984,"total_built_mass_tons":231345.9857690409,"city_id":10340,"country_iso":"IDN"},{"h3index":"876553c8affffff","population_2015":6.0355652753,"total_built_mass_tons":2581.5998276617,"city_id":10340,"country_iso":"IDN"},{"h3index":"876553c8effffff","population_2015":0.3566631317,"total_built_mass_tons":7004.7713820619,"city_id":10340,"country_iso":"IDN"},{"h3index":"876553c98ffffff","population_2015":822.5386619792,"total_built_mass_tons":286731.4355339046,"city_id":10340,"country_iso":"IDN"},{"h3index":"876553c99ffffff","population_2015":4034.0878298965,"total_built_mass_tons":1131882.1334920188,"city_id":10340,"country_iso":"IDN"},{"h3index":"876553c9affffff","population_2015":270.3129337535,"total_built_mass_tons":103848.3277419325,"city_id":10340,"country_iso":"IDN"},{"h3index":"876553c9bffffff","population_2015":7514.4648688223,"total_built_mass_tons":2510662.0491783889,"city_id":10340,"country_iso":"IDN"},{"h3index":"876553c9cffffff","population_2015":432.8564504511,"total_built_mass_tons":165368.3817510487,"city_id":10340,"country_iso":"IDN"},{"h3index":"876553c9dffffff","population_2015":1275.707505185,"total_built_mass_tons":378602.966830428,"city_id":10340,"country_iso":"IDN"},{"h3index":"876553cd2ffffff","population_2015":0.5453955931,"total_built_mass_tons":4258.1002168459,"city_id":10340,"country_iso":"IDN"}]