[{"h3index":"873121a44ffffff","population_2015":55.128435277,"total_built_mass_tons":29779.5049305938,"city_id":10544,"country_iso":"CHN"},{"h3index":"873121a60ffffff","population_2015":17024.6803419936,"total_built_mass_tons":4892667.9879422104,"city_id":10544,"country_iso":"CHN"},{"h3index":"873121a61ffffff","population_2015":42.4838071925,"total_built_mass_tons":87002.1736204901,"city_id":10544,"country_iso":"CHN"},{"h3index":"873121a62ffffff","population_2015":9228.7677226422,"total_built_mass_tons":3179618.2989445245,"city_id":10544,"country_iso":"CHN"},{"h3index":"873121a63ffffff","population_2015":2851.8568626993,"total_built_mass_tons":1107217.1284671663,"city_id":10544,"country_iso":"CHN"},{"h3index":"873121a64ffffff","population_2015":1149.6879237231,"total_built_mass_tons":555949.7291104577,"city_id":10544,"country_iso":"CHN"},{"h3index":"873121a65ffffff","population_2015":128.3230421614,"total_built_mass_tons":195504.8737822892,"city_id":10544,"country_iso":"CHN"},{"h3index":"873121a66ffffff","population_2015":2289.2283219319,"total_built_mass_tons":942369.3820972792,"city_id":10544,"country_iso":"CHN"},{"h3index":"873121a75ffffff","population_2015":1082.5937500757,"total_built_mass_tons":824559.2271294757,"city_id":10544,"country_iso":"CHN"}]