[{"h3index": "87409204affffff", "population_2015": 787.9276171137304, "total_built_mass_tons": 580812.7396254435, "city_id": 10899, "country_iso": "CHN"}, {"h3index": "874092058ffffff", "population_2015": 1313.250666070452, "total_built_mass_tons": 509272.150885629, "city_id": 10899, "country_iso": "CHN"}, {"h3index": "874092059ffffff", "population_2015": 9068.494383283696, "total_built_mass_tons": 5232451.619961208, "city_id": 10899, "country_iso": "CHN"}, {"h3index": "87409205affffff", "population_2015": 3748.810185064054, "total_built_mass_tons": 240667.4609841584, "city_id": 10899, "country_iso": "CHN"}, {"h3index": "87409205bffffff", "population_2015": 19580.761536616898, "total_built_mass_tons": 4555476.95622896, "city_id": 10899, "country_iso": "CHN"}, {"h3index": "87409205dffffff", "population_2015": 3.44387368220909, "total_built_mass_tons": 4931.572967389389, "city_id": 10899, "country_iso": "CHN"}, {"h3index": "8740920e9ffffff", "population_2015": 12.341491478564691, "total_built_mass_tons": 8416.617920716242, "city_id": 10899, "country_iso": "CHN"}, {"h3index": "874092384ffffff", "population_2015": 6.434213367162966, "total_built_mass_tons": 8617.645176182858, "city_id": 10899, "country_iso": "CHN"}, {"h3index": "8740923a0ffffff", "population_2015": 2550.575193358402, "total_built_mass_tons": 1409915.3801677995, "city_id": 10899, "country_iso": "CHN"}, {"h3index": "8740923a2ffffff", "population_2015": 3741.7606214635503, "total_built_mass_tons": 1758868.3844275102, "city_id": 10899, "country_iso": "CHN"}, {"h3index": "8740923a4ffffff", "population_2015": 4685.543352312198, "total_built_mass_tons": 1801769.61189937, "city_id": 10899, "country_iso": "CHN"}, {"h3index": "8740923a5ffffff", "population_2015": 72.82029528524363, "total_built_mass_tons": 99562.6560161053, "city_id": 10899, "country_iso": "CHN"}, {"h3index": "8740923a6ffffff", "population_2015": 16573.019259280783, "total_built_mass_tons": 5582236.041838881, "city_id": 10899, "country_iso": "CHN"}, {"h3index": "8740923b0ffffff", "population_2015": 6599.350220533446, "total_built_mass_tons": 1955648.1287936852, "city_id": 10899, "country_iso": "CHN"}, {"h3index": "8740923b1ffffff", "population_2015": 2050.3023807946374, "total_built_mass_tons": 1078304.8649799095, "city_id": 10899, "country_iso": "CHN"}, {"h3index": "8740923b4ffffff", "population_2015": 10087.233553009406, "total_built_mass_tons": 2192871.4526123083, "city_id": 10899, "country_iso": "CHN"}, {"h3index": "8740923b5ffffff", "population_2015": 27042.02263072333, "total_built_mass_tons": 6410078.239182584, "city_id": 10899, "country_iso": "CHN"}, {"h3index": "8740923b6ffffff", "population_2015": 1368.1246785411647, "total_built_mass_tons": 286714.8865554468, "city_id": 10899, "country_iso": "CHN"}]