[{"h3index":"871ea5400ffffff","population_2015":5134.0711248413,"total_built_mass_tons":1266604.6371384598,"city_id":2860,"country_iso":"ITA"},{"h3index":"871ea5402ffffff","population_2015":3063.1281993287,"total_built_mass_tons":995391.404996764,"city_id":2860,"country_iso":"ITA"},{"h3index":"871ea5404ffffff","population_2015":808.3242103497,"total_built_mass_tons":289302.8745729362,"city_id":2860,"country_iso":"ITA"},{"h3index":"871ea5406ffffff","population_2015":30748.9769273085,"total_built_mass_tons":5446460.8217108306,"city_id":2860,"country_iso":"ITA"},{"h3index":"871ea5410ffffff","population_2015":4426.5788367932,"total_built_mass_tons":5665820.7587497514,"city_id":2860,"country_iso":"ITA"},{"h3index":"871ea5411ffffff","population_2015":6.4324871196,"total_built_mass_tons":3760718.6166700702,"city_id":2860,"country_iso":"ITA"},{"h3index":"871ea5412ffffff","population_2015":18.1940948031,"total_built_mass_tons":2837669.3806703631,"city_id":2860,"country_iso":"ITA"},{"h3index":"871ea5413ffffff","population_2015":4.1248776408,"total_built_mass_tons":4212170.1815264039,"city_id":2860,"country_iso":"ITA"},{"h3index":"871ea5414ffffff","population_2015":24011.1830340175,"total_built_mass_tons":5652335.8685271796,"city_id":2860,"country_iso":"ITA"},{"h3index":"871ea5415ffffff","population_2015":23034.5300387179,"total_built_mass_tons":8029177.3415051373,"city_id":2860,"country_iso":"ITA"},{"h3index":"871ea5416ffffff","population_2015":161.7300724089,"total_built_mass_tons":1155995.1512304172,"city_id":2860,"country_iso":"ITA"},{"h3index":"871ea541cffffff","population_2015":0.1716652551,"total_built_mass_tons":108774.9000320613,"city_id":2860,"country_iso":"ITA"},{"h3index":"871ea541effffff","population_2015":0.4533895017,"total_built_mass_tons":719925.5792805585,"city_id":2860,"country_iso":"ITA"},{"h3index":"871ea5430ffffff","population_2015":0.0550574763,"total_built_mass_tons":5218.1432703375,"city_id":2860,"country_iso":"ITA"},{"h3index":"871ea5431ffffff","population_2015":1005.8960112797,"total_built_mass_tons":1195186.0297341808,"city_id":2860,"country_iso":"ITA"},{"h3index":"871ea5432ffffff","population_2015":1651.8300630278,"total_built_mass_tons":486990.9162508325,"city_id":2860,"country_iso":"ITA"},{"h3index":"871ea5433ffffff","population_2015":18134.5704289308,"total_built_mass_tons":4779731.6270335577,"city_id":2860,"country_iso":"ITA"},{"h3index":"871ea54acffffff","population_2015":21.8272944173,"total_built_mass_tons":1754080.3011668499,"city_id":2860,"country_iso":"ITA"},{"h3index":"871ea54adffffff","population_2015":4.9410831807,"total_built_mass_tons":976836.7697897094,"city_id":2860,"country_iso":"ITA"},{"h3index":"871ea5588ffffff","population_2015":56.8605602112,"total_built_mass_tons":61937.1211533624,"city_id":2860,"country_iso":"ITA"},{"h3index":"871ea5589ffffff","population_2015":4259.942305505,"total_built_mass_tons":1101713.9389012521,"city_id":2860,"country_iso":"ITA"},{"h3index":"871ea558cffffff","population_2015":1844.9096348786,"total_built_mass_tons":785782.5618441405,"city_id":2860,"country_iso":"ITA"},{"h3index":"871ea558dffffff","population_2015":12629.7604738969,"total_built_mass_tons":2778753.0085598277,"city_id":2860,"country_iso":"ITA"},{"h3index":"871ea55abffffff","population_2015":494.7766707998,"total_built_mass_tons":266676.8654175211,"city_id":2860,"country_iso":"ITA"}]