[{"h3index": "87498c864ffffff", "population_2015": 3239.720528759442, "total_built_mass_tons": 359975.4768517297, "city_id": 88, "country_iso": "MEX"}, {"h3index": "87498c908ffffff", "population_2015": 829.9914316588759, "total_built_mass_tons": 48524.57939653479, "city_id": 88, "country_iso": "MEX"}, {"h3index": "87498c909ffffff", "population_2015": 8569.577690883127, "total_built_mass_tons": 1302463.9013839446, "city_id": 88, "country_iso": "MEX"}, {"h3index": "87498c90bffffff", "population_2015": 4413.746114082896, "total_built_mass_tons": 416695.6565414067, "city_id": 88, "country_iso": "MEX"}, {"h3index": "87498c90dffffff", "population_2015": 18787.571100131772, "total_built_mass_tons": 1720124.2890074495, "city_id": 88, "country_iso": "MEX"}, {"h3index": "87498c928ffffff", "population_2015": 13738.52745705212, "total_built_mass_tons": 1503471.425814143, "city_id": 88, "country_iso": "MEX"}, {"h3index": "87498c929ffffff", "population_2015": 24812.877547249143, "total_built_mass_tons": 3170093.3461287627, "city_id": 88, "country_iso": "MEX"}, {"h3index": "87498c92bffffff", "population_2015": 5656.318421211897, "total_built_mass_tons": 671936.6498474537, "city_id": 88, "country_iso": "MEX"}, {"h3index": "87498c92dffffff", "population_2015": 489.66464696397975, "total_built_mass_tons": 119127.24604889636, "city_id": 88, "country_iso": "MEX"}, {"h3index": "87498c92effffff", "population_2015": 11.768937855140836, "total_built_mass_tons": 4222.664054517601, "city_id": 88, "country_iso": "MEX"}, {"h3index": "87498c940ffffff", "population_2015": 73514.64896204327, "total_built_mass_tons": 6578026.4904472735, "city_id": 88, "country_iso": "MEX"}, {"h3index": "87498c941ffffff", "population_2015": 59735.9581725588, "total_built_mass_tons": 6735327.9221599735, "city_id": 88, "country_iso": "MEX"}, {"h3index": "87498c942ffffff", "population_2015": 88908.50898076409, "total_built_mass_tons": 5133227.5530214235, "city_id": 88, "country_iso": "MEX"}, {"h3index": "87498c943ffffff", "population_2015": 51030.825656875895, "total_built_mass_tons": 5074344.864556074, "city_id": 88, "country_iso": "MEX"}, {"h3index": "87498c944ffffff", "population_2015": 62300.21328231863, "total_built_mass_tons": 6359005.471640866, "city_id": 88, "country_iso": "MEX"}, {"h3index": "87498c945ffffff", "population_2015": 44232.07303154889, "total_built_mass_tons": 7255750.887503551, "city_id": 88, "country_iso": "MEX"}, {"h3index": "87498c946ffffff", "population_2015": 93502.6659006156, "total_built_mass_tons": 5777339.039630476, "city_id": 88, "country_iso": "MEX"}, {"h3index": "87498c948ffffff", "population_2015": 73777.65707556218, "total_built_mass_tons": 6122781.751034681, "city_id": 88, "country_iso": "MEX"}, {"h3index": "87498c949ffffff", "population_2015": 43774.665669783186, "total_built_mass_tons": 3551120.93172481, "city_id": 88, "country_iso": "MEX"}, {"h3index": "87498c94affffff", "population_2015": 14062.417352885832, "total_built_mass_tons": 1354224.5057603288, "city_id": 88, "country_iso": "MEX"}, {"h3index": "87498c94bffffff", "population_2015": 30009.24537892996, "total_built_mass_tons": 2754644.8974940684, "city_id": 88, "country_iso": "MEX"}, {"h3index": "87498c94cffffff", "population_2015": 62682.69467158973, "total_built_mass_tons": 6566782.7904495485, "city_id": 88, "country_iso": "MEX"}, {"h3index": "87498c94dffffff", "population_2015": 52888.98717855939, "total_built_mass_tons": 5630516.058494436, "city_id": 88, "country_iso": "MEX"}, {"h3index": "87498c94effffff", "population_2015": 63182.46659986734, "total_built_mass_tons": 5126670.989803914, "city_id": 88, "country_iso": "MEX"}, {"h3index": "87498c950ffffff", "population_2015": 1547.297764329349, "total_built_mass_tons": 213332.54198634383, "city_id": 88, "country_iso": "MEX"}, {"h3index": "87498c951ffffff", "population_2015": 397.96181697471474, "total_built_mass_tons": 86667.82136383155, "city_id": 88, "country_iso": "MEX"}, {"h3index": "87498c954ffffff", "population_2015": 29798.42159762475, "total_built_mass_tons": 2667904.5328790015, "city_id": 88, "country_iso": "MEX"}, {"h3index": "87498c955ffffff", "population_2015": 86537.5641657427, "total_built_mass_tons": 4927202.340633769, "city_id": 88, "country_iso": "MEX"}, {"h3index": "87498c956ffffff", "population_2015": 1472.145628941293, "total_built_mass_tons": 184034.8562618552, "city_id": 88, "country_iso": "MEX"}, {"h3index": "87498c95cffffff", "population_2015": 5180.581014880013, "total_built_mass_tons": 658638.8019984032, "city_id": 88, "country_iso": "MEX"}, {"h3index": "87498c95dffffff", "population_2015": 12197.878562421378, "total_built_mass_tons": 1514720.560914233, "city_id": 88, "country_iso": "MEX"}, {"h3index": "87498c960ffffff", "population_2015": 15124.93318493068, "total_built_mass_tons": 5615551.317599514, "city_id": 88, "country_iso": "MEX"}, {"h3index": "87498c961ffffff", "population_2015": 24904.75139549453, "total_built_mass_tons": 5579173.379780363, "city_id": 88, "country_iso": "MEX"}, {"h3index": "87498c962ffffff", "population_2015": 64202.673868672544, "total_built_mass_tons": 6737838.742328188, "city_id": 88, "country_iso": "MEX"}, {"h3index": "87498c963ffffff", "population_2015": 31220.56946108049, "total_built_mass_tons": 5282580.036272228, "city_id": 88, "country_iso": "MEX"}, {"h3index": "87498c964ffffff", "population_2015": 67647.57657750261, "total_built_mass_tons": 5430912.735798342, "city_id": 88, "country_iso": "MEX"}, {"h3index": "87498c965ffffff", "population_2015": 72943.83236054149, "total_built_mass_tons": 5102442.257699832, "city_id": 88, "country_iso": "MEX"}, {"h3index": "87498c966ffffff", "population_2015": 39437.482034655644, "total_built_mass_tons": 4308694.655502135, "city_id": 88, "country_iso": "MEX"}, {"h3index": "87498c968ffffff", "population_2015": 26303.604138189203, "total_built_mass_tons": 7898236.894549015, "city_id": 88, "country_iso": "MEX"}, {"h3index": "87498c969ffffff", "population_2015": 14281.717854647071, "total_built_mass_tons": 4119416.0627771863, "city_id": 88, "country_iso": "MEX"}, {"h3index": "87498c96affffff", "population_2015": 50346.13950367351, "total_built_mass_tons": 6564281.029459966, "city_id": 88, "country_iso": "MEX"}, {"h3index": "87498c96bffffff", "population_2015": 23228.781956804494, "total_built_mass_tons": 5924491.992788162, "city_id": 88, "country_iso": "MEX"}, {"h3index": "87498c96cffffff", "population_2015": 32180.043985021992, "total_built_mass_tons": 5697705.097659353, "city_id": 88, "country_iso": "MEX"}, {"h3index": "87498c96dffffff", "population_2015": 25329.94519986919, "total_built_mass_tons": 7235189.935089342, "city_id": 88, "country_iso": "MEX"}, {"h3index": "87498c96effffff", "population_2015": 20256.37232892771, "total_built_mass_tons": 6103195.828461194, "city_id": 88, "country_iso": "MEX"}, {"h3index": "87498c970ffffff", "population_2015": 78045.2599329593, "total_built_mass_tons": 5144201.326849206, "city_id": 88, "country_iso": "MEX"}, {"h3index": "87498c971ffffff", "population_2015": 73995.4700690961, "total_built_mass_tons": 5910897.055601498, "city_id": 88, "country_iso": "MEX"}, {"h3index": "87498c972ffffff", "population_2015": 36432.19160690251, "total_built_mass_tons": 2184699.222446423, "city_id": 88, "country_iso": "MEX"}, {"h3index": "87498c973ffffff", "population_2015": 63240.20987164739, "total_built_mass_tons": 4308038.279288664, "city_id": 88, "country_iso": "MEX"}, {"h3index": "87498c974ffffff", "population_2015": 28619.7353624165, "total_built_mass_tons": 3830149.653318408, "city_id": 88, "country_iso": "MEX"}, {"h3index": "87498c975ffffff", "population_2015": 62595.79780929895, "total_built_mass_tons": 4638443.155091928, "city_id": 88, "country_iso": "MEX"}, {"h3index": "87498c976ffffff", "population_2015": 55665.49145168563, "total_built_mass_tons": 4575706.01779387, "city_id": 88, "country_iso": "MEX"}, {"h3index": "8749aa252ffffff", "population_2015": 2.4782817196612266, "total_built_mass_tons": 28373.167958724407, "city_id": 88, "country_iso": "MEX"}, {"h3index": "8749aa253ffffff", "population_2015": 2518.214986717935, "total_built_mass_tons": 272976.22764857084, "city_id": 88, "country_iso": "MEX"}, {"h3index": "8749aa258ffffff", "population_2015": 3987.2590015593696, "total_built_mass_tons": 144767.75861422706, "city_id": 88, "country_iso": "MEX"}, {"h3index": "8749aa259ffffff", "population_2015": 1910.4914248597388, "total_built_mass_tons": 196128.28040450785, "city_id": 88, "country_iso": "MEX"}, {"h3index": "8749aa25affffff", "population_2015": 10976.121389078624, "total_built_mass_tons": 401924.63332244806, "city_id": 88, "country_iso": "MEX"}, {"h3index": "8749aa25bffffff", "population_2015": 24812.56793071266, "total_built_mass_tons": 983400.2046544346, "city_id": 88, "country_iso": "MEX"}, {"h3index": "8749aa2c1ffffff", "population_2015": 2468.8568319853625, "total_built_mass_tons": 586357.4017443664, "city_id": 88, "country_iso": "MEX"}, {"h3index": "8749aa2c2ffffff", "population_2015": 303.5750060642466, "total_built_mass_tons": 68183.49813463449, "city_id": 88, "country_iso": "MEX"}, {"h3index": "8749aa2c3ffffff", "population_2015": 13893.014996816595, "total_built_mass_tons": 1345034.206641256, "city_id": 88, "country_iso": "MEX"}, {"h3index": "8749aa2c5ffffff", "population_2015": 4171.104955770455, "total_built_mass_tons": 423685.85724400566, "city_id": 88, "country_iso": "MEX"}, {"h3index": "8749aa2c8ffffff", "population_2015": 8314.296027477092, "total_built_mass_tons": 1615921.418014844, "city_id": 88, "country_iso": "MEX"}, {"h3index": "8749aa2c9ffffff", "population_2015": 25811.938440003814, "total_built_mass_tons": 2520198.910159966, "city_id": 88, "country_iso": "MEX"}, {"h3index": "8749aa2caffffff", "population_2015": 30881.588573451107, "total_built_mass_tons": 4727865.933143085, "city_id": 88, "country_iso": "MEX"}, {"h3index": "8749aa2cbffffff", "population_2015": 19616.589871392796, "total_built_mass_tons": 1673980.8899703552, "city_id": 88, "country_iso": "MEX"}, {"h3index": "8749aa2ccffffff", "population_2015": 23133.59478919132, "total_built_mass_tons": 1441088.051857307, "city_id": 88, "country_iso": "MEX"}, {"h3index": "8749aa2cdffffff", "population_2015": 1.4566026107937682, "total_built_mass_tons": 34716.52341924567, "city_id": 88, "country_iso": "MEX"}, {"h3index": "8749aa2ceffffff", "population_2015": 22062.33615873146, "total_built_mass_tons": 2157447.722215205, "city_id": 88, "country_iso": "MEX"}, {"h3index": "8749aa2d1ffffff", "population_2015": 11333.840119917251, "total_built_mass_tons": 912715.4774223416, "city_id": 88, "country_iso": "MEX"}, {"h3index": "8749aa2d3ffffff", "population_2015": 919.0446038582744, "total_built_mass_tons": 327457.5913438522, "city_id": 88, "country_iso": "MEX"}, {"h3index": "8749aa2d8ffffff", "population_2015": 1977.0285185112543, "total_built_mass_tons": 709246.7603754926, "city_id": 88, "country_iso": "MEX"}, {"h3index": "8749aa2d9ffffff", "population_2015": 25352.785248326327, "total_built_mass_tons": 3716742.708876933, "city_id": 88, "country_iso": "MEX"}, {"h3index": "8749aa2daffffff", "population_2015": 11419.6736258806, "total_built_mass_tons": 1583365.6145358614, "city_id": 88, "country_iso": "MEX"}, {"h3index": "8749aa2dbffffff", "population_2015": 31788.252610350137, "total_built_mass_tons": 2942480.7712870985, "city_id": 88, "country_iso": "MEX"}, {"h3index": "8749aa2dcffffff", "population_2015": 19916.852627355205, "total_built_mass_tons": 2850978.326325167, "city_id": 88, "country_iso": "MEX"}, {"h3index": "8749aa2ddffffff", "population_2015": 34814.902317433494, "total_built_mass_tons": 3912353.423288266, "city_id": 88, "country_iso": "MEX"}, {"h3index": "8749aa2deffffff", "population_2015": 6811.2791333558735, "total_built_mass_tons": 1452719.8789799106, "city_id": 88, "country_iso": "MEX"}, {"h3index": "8749aa2e3ffffff", "population_2015": 11715.948430100609, "total_built_mass_tons": 604929.3982296356, "city_id": 88, "country_iso": "MEX"}, {"h3index": "8749aa2e8ffffff", "population_2015": 32221.53570981493, "total_built_mass_tons": 1384582.4203365983, "city_id": 88, "country_iso": "MEX"}, {"h3index": "8749aa2e9ffffff", "population_2015": 10818.646923244702, "total_built_mass_tons": 673839.8765965828, "city_id": 88, "country_iso": "MEX"}, {"h3index": "8749aa2eaffffff", "population_2015": 76604.07694984406, "total_built_mass_tons": 2489970.209787612, "city_id": 88, "country_iso": "MEX"}, {"h3index": "8749aa2ebffffff", "population_2015": 12858.401313419436, "total_built_mass_tons": 999484.393690586, "city_id": 88, "country_iso": "MEX"}, {"h3index": "8749aa2ecffffff", "population_2015": 20871.913203351178, "total_built_mass_tons": 964765.2755892704, "city_id": 88, "country_iso": "MEX"}, {"h3index": "8749aa2edffffff", "population_2015": 7486.947627701011, "total_built_mass_tons": 727878.856671513, "city_id": 88, "country_iso": "MEX"}, {"h3index": "8749aa2eeffffff", "population_2015": 47412.12907694648, "total_built_mass_tons": 1537920.2353201662, "city_id": 88, "country_iso": "MEX"}, {"h3index": "8749ab484ffffff", "population_2015": 7147.613446650784, "total_built_mass_tons": 607741.2829973071, "city_id": 88, "country_iso": "MEX"}, {"h3index": "8749ab486ffffff", "population_2015": 19549.74253528258, "total_built_mass_tons": 2019817.2336129425, "city_id": 88, "country_iso": "MEX"}, {"h3index": "8749ab494ffffff", "population_2015": 19816.892511706385, "total_built_mass_tons": 1762415.6721617011, "city_id": 88, "country_iso": "MEX"}, {"h3index": "8749ab495ffffff", "population_2015": 555.7699156181485, "total_built_mass_tons": 80633.0379429603, "city_id": 88, "country_iso": "MEX"}, {"h3index": "8749ab496ffffff", "population_2015": 77.6041177188649, "total_built_mass_tons": 12402.665479103964, "city_id": 88, "country_iso": "MEX"}, {"h3index": "8749ab4a2ffffff", "population_2015": 519.5358416442778, "total_built_mass_tons": 107735.276869668, "city_id": 88, "country_iso": "MEX"}, {"h3index": "8749ab4a6ffffff", "population_2015": 11562.3452033861, "total_built_mass_tons": 1540589.7516456614, "city_id": 88, "country_iso": "MEX"}, {"h3index": "8749ab4b0ffffff", "population_2015": 75292.96143281084, "total_built_mass_tons": 5381794.744316107, "city_id": 88, "country_iso": "MEX"}, {"h3index": "8749ab4b1ffffff", "population_2015": 33513.386277912185, "total_built_mass_tons": 3570373.8036827953, "city_id": 88, "country_iso": "MEX"}, {"h3index": "8749ab4b2ffffff", "population_2015": 51561.646311799675, "total_built_mass_tons": 3904573.740863271, "city_id": 88, "country_iso": "MEX"}, {"h3index": "8749ab4b3ffffff", "population_2015": 11924.70012096412, "total_built_mass_tons": 2491644.481049664, "city_id": 88, "country_iso": "MEX"}, {"h3index": "8749ab4b4ffffff", "population_2015": 8306.282265554397, "total_built_mass_tons": 3947884.991931257, "city_id": 88, "country_iso": "MEX"}, {"h3index": "8749ab4b5ffffff", "population_2015": 8460.037296884491, "total_built_mass_tons": 2238445.8180760737, "city_id": 88, "country_iso": "MEX"}, {"h3index": "8749ab4b6ffffff", "population_2015": 32475.51744980812, "total_built_mass_tons": 4186448.2281776816, "city_id": 88, "country_iso": "MEX"}, {"h3index": "8749ab580ffffff", "population_2015": 7143.75590985815, "total_built_mass_tons": 1774490.6926355744, "city_id": 88, "country_iso": "MEX"}, {"h3index": "8749ab581ffffff", "population_2015": 25.889537133999603, "total_built_mass_tons": 102565.58816547078, "city_id": 88, "country_iso": "MEX"}, {"h3index": "8749ab582ffffff", "population_2015": 46972.86545390427, "total_built_mass_tons": 4877278.403956237, "city_id": 88, "country_iso": "MEX"}, {"h3index": "8749ab583ffffff", "population_2015": 49797.326151353496, "total_built_mass_tons": 3058762.89597823, "city_id": 88, "country_iso": "MEX"}, {"h3index": "8749ab586ffffff", "population_2015": 10233.327832990071, "total_built_mass_tons": 2015196.0807859804, "city_id": 88, "country_iso": "MEX"}, {"h3index": "8749ab590ffffff", "population_2015": 59758.78502946507, "total_built_mass_tons": 5050427.48027404, "city_id": 88, "country_iso": "MEX"}, {"h3index": "8749ab591ffffff", "population_2015": 47724.72687719009, "total_built_mass_tons": 6784694.3336385, "city_id": 88, "country_iso": "MEX"}, {"h3index": "8749ab592ffffff", "population_2015": 75279.92170103481, "total_built_mass_tons": 5860743.290783415, "city_id": 88, "country_iso": "MEX"}, {"h3index": "8749ab593ffffff", "population_2015": 25608.676696674494, "total_built_mass_tons": 6506865.782078057, "city_id": 88, "country_iso": "MEX"}, {"h3index": "8749ab594ffffff", "population_2015": 21748.272107010496, "total_built_mass_tons": 3562716.3147812635, "city_id": 88, "country_iso": "MEX"}, {"h3index": "8749ab595ffffff", "population_2015": 32747.360803547686, "total_built_mass_tons": 5055365.365313014, "city_id": 88, "country_iso": "MEX"}, {"h3index": "8749ab596ffffff", "population_2015": 76301.26670039259, "total_built_mass_tons": 4746109.452096566, "city_id": 88, "country_iso": "MEX"}, {"h3index": "8749ab598ffffff", "population_2015": 16363.637589987502, "total_built_mass_tons": 3560392.081582848, "city_id": 88, "country_iso": "MEX"}, {"h3index": "8749ab599ffffff", "population_2015": 653.362717154739, "total_built_mass_tons": 377083.38186680176, "city_id": 88, "country_iso": "MEX"}, {"h3index": "8749ab59affffff", "population_2015": 28896.27763145525, "total_built_mass_tons": 5619517.987625945, "city_id": 88, "country_iso": "MEX"}, {"h3index": "8749ab59bffffff", "population_2015": 14112.367048586297, "total_built_mass_tons": 2633659.654605612, "city_id": 88, "country_iso": "MEX"}, {"h3index": "8749ab59cffffff", "population_2015": 48936.918157165215, "total_built_mass_tons": 4228472.280893587, "city_id": 88, "country_iso": "MEX"}, {"h3index": "8749ab59dffffff", "population_2015": 4.919008599338578, "total_built_mass_tons": 11439.484679080158, "city_id": 88, "country_iso": "MEX"}, {"h3index": "8749ab59effffff", "population_2015": 46684.367844749904, "total_built_mass_tons": 6336389.098505782, "city_id": 88, "country_iso": "MEX"}, {"h3index": "8749ab5a2ffffff", "population_2015": 2568.689535852974, "total_built_mass_tons": 848393.3483237915, "city_id": 88, "country_iso": "MEX"}, {"h3index": "8749ab5a6ffffff", "population_2015": 12360.630395229651, "total_built_mass_tons": 955258.0866410194, "city_id": 88, "country_iso": "MEX"}, {"h3index": "8749ab5b0ffffff", "population_2015": 6776.202772304125, "total_built_mass_tons": 726054.7271027832, "city_id": 88, "country_iso": "MEX"}, {"h3index": "8749ab5b1ffffff", "population_2015": 9261.071032395548, "total_built_mass_tons": 1929260.5884974368, "city_id": 88, "country_iso": "MEX"}, {"h3index": "8749ab5b2ffffff", "population_2015": 30.819321240397063, "total_built_mass_tons": 161541.05635586148, "city_id": 88, "country_iso": "MEX"}, {"h3index": "8749ab5b3ffffff", "population_2015": 27843.83392952704, "total_built_mass_tons": 4023427.247903621, "city_id": 88, "country_iso": "MEX"}, {"h3index": "8749ab5b4ffffff", "population_2015": 27298.44015406896, "total_built_mass_tons": 1562469.0144460814, "city_id": 88, "country_iso": "MEX"}, {"h3index": "8749ab5b5ffffff", "population_2015": 18041.656784781047, "total_built_mass_tons": 2306586.735991508, "city_id": 88, "country_iso": "MEX"}, {"h3index": "8749ab5b6ffffff", "population_2015": 12.667353575720506, "total_built_mass_tons": 46658.618133747375, "city_id": 88, "country_iso": "MEX"}]