[{"h3index":"873d8e444ffffff","population_2015":6596.7592331718,"total_built_mass_tons":780801.1637708137,"city_id":7789,"country_iso":"IND"},{"h3index":"873d8e446ffffff","population_2015":52.3850288466,"total_built_mass_tons":13259.6954178301,"city_id":7789,"country_iso":"IND"},{"h3index":"873d8e462ffffff","population_2015":8197.5783348607,"total_built_mass_tons":1022279.5658011552,"city_id":7789,"country_iso":"IND"},{"h3index":"873d8e463ffffff","population_2015":813.6025125317,"total_built_mass_tons":174965.3351039696,"city_id":7789,"country_iso":"IND"},{"h3index":"873d8e471ffffff","population_2015":3606.0647177977,"total_built_mass_tons":499729.1676969787,"city_id":7789,"country_iso":"IND"},{"h3index":"873d8e475ffffff","population_2015":310.4189600215,"total_built_mass_tons":58663.7537414618,"city_id":7789,"country_iso":"IND"}]