[{"h3index": "873829110ffffff", "population_2015": 23960.004202741733, "total_built_mass_tons": 2572421.089299623, "city_id": 2088, "country_iso": "DZA"}, {"h3index": "873829111ffffff", "population_2015": 6063.241759558284, "total_built_mass_tons": 667860.1274394449, "city_id": 2088, "country_iso": "DZA"}, {"h3index": "873829112ffffff", "population_2015": 1362.3102436402262, "total_built_mass_tons": 307555.67449385213, "city_id": 2088, "country_iso": "DZA"}, {"h3index": "873829113ffffff", "population_2015": 2476.0358749501847, "total_built_mass_tons": 395000.2039622492, "city_id": 2088, "country_iso": "DZA"}, {"h3index": "873829114ffffff", "population_2015": 6741.47180446924, "total_built_mass_tons": 896633.5255657451, "city_id": 2088, "country_iso": "DZA"}, {"h3index": "873829115ffffff", "population_2015": 278.62896060943604, "total_built_mass_tons": 65132.21104390181, "city_id": 2088, "country_iso": "DZA"}, {"h3index": "873829116ffffff", "population_2015": 12164.410370564929, "total_built_mass_tons": 1409165.8539285758, "city_id": 2088, "country_iso": "DZA"}, {"h3index": "8738291a5ffffff", "population_2015": 323.3751523821962, "total_built_mass_tons": 150974.8846460342, "city_id": 2088, "country_iso": "DZA"}, {"h3index": "873829c48ffffff", "population_2015": 362.8869105993533, "total_built_mass_tons": 132546.4272086175, "city_id": 2088, "country_iso": "DZA"}, {"h3index": "873829c49ffffff", "population_2015": 2491.71619087668, "total_built_mass_tons": 537243.9812836339, "city_id": 2088, "country_iso": "DZA"}, {"h3index": "873829c4bffffff", "population_2015": 17.680347380918615, "total_built_mass_tons": 18348.884612937647, "city_id": 2088, "country_iso": "DZA"}]