[{"h3index": "873875aa4ffffff", "population_2015": 32.93368701934814, "total_built_mass_tons": 11835.912511346763, "city_id": 2293, "country_iso": "DZA"}, {"h3index": "873875b80ffffff", "population_2015": 2379.643551213134, "total_built_mass_tons": 412075.2481623799, "city_id": 2293, "country_iso": "DZA"}, {"h3index": "873875b81ffffff", "population_2015": 173.33069413877, "total_built_mass_tons": 50878.479546116025, "city_id": 2293, "country_iso": "DZA"}, {"h3index": "873875b82ffffff", "population_2015": 22744.473122065676, "total_built_mass_tons": 3405742.700443508, "city_id": 2293, "country_iso": "DZA"}, {"h3index": "873875b83ffffff", "population_2015": 35076.91153800067, "total_built_mass_tons": 3864105.2619808097, "city_id": 2293, "country_iso": "DZA"}, {"h3index": "873875b86ffffff", "population_2015": 1338.6892285627478, "total_built_mass_tons": 214703.19662269324, "city_id": 2293, "country_iso": "DZA"}, {"h3index": "873875b8affffff", "population_2015": 5215.601530949275, "total_built_mass_tons": 997711.5585264956, "city_id": 2293, "country_iso": "DZA"}, {"h3index": "873875b8effffff", "population_2015": 69.85167439778645, "total_built_mass_tons": 17784.983802886767, "city_id": 2293, "country_iso": "DZA"}, {"h3index": "873875b91ffffff", "population_2015": 1285.0780287649118, "total_built_mass_tons": 233078.21545539703, "city_id": 2293, "country_iso": "DZA"}, {"h3index": "873875b95ffffff", "population_2015": 1292.688522335127, "total_built_mass_tons": 280960.756049153, "city_id": 2293, "country_iso": "DZA"}, {"h3index": "873875b99ffffff", "population_2015": 689.1681035172708, "total_built_mass_tons": 110781.2332252988, "city_id": 2293, "country_iso": "DZA"}, {"h3index": "873875b9cffffff", "population_2015": 9894.862469359005, "total_built_mass_tons": 1227729.6223853673, "city_id": 2293, "country_iso": "DZA"}, {"h3index": "873875b9dffffff", "population_2015": 7464.908661760068, "total_built_mass_tons": 1260662.943442596, "city_id": 2293, "country_iso": "DZA"}]