[{"h3index": "872d44089ffffff", "population_2015": 319.4943626791823, "total_built_mass_tons": 556118.2835521596, "city_id": 4296, "country_iso": "RUS"}, {"h3index": "872d440c2ffffff", "population_2015": 49.609815364725456, "total_built_mass_tons": 30666.82508399299, "city_id": 4296, "country_iso": "RUS"}, {"h3index": "872d440d0ffffff", "population_2015": 3314.6295580733067, "total_built_mass_tons": 2031528.434613775, "city_id": 4296, "country_iso": "RUS"}, {"h3index": "872d440d1ffffff", "population_2015": 12618.312058011225, "total_built_mass_tons": 4583484.485333981, "city_id": 4296, "country_iso": "RUS"}, {"h3index": "872d440d2ffffff", "population_2015": 141.56567245932186, "total_built_mass_tons": 82433.2220280718, "city_id": 4296, "country_iso": "RUS"}, {"h3index": "872d440d3ffffff", "population_2015": 9422.551686006433, "total_built_mass_tons": 4352277.775979733, "city_id": 4296, "country_iso": "RUS"}, {"h3index": "872d440d4ffffff", "population_2015": 3140.882832761371, "total_built_mass_tons": 2343104.751503, "city_id": 4296, "country_iso": "RUS"}, {"h3index": "872d440d5ffffff", "population_2015": 1414.2485227285651, "total_built_mass_tons": 894161.5115794768, "city_id": 4296, "country_iso": "RUS"}, {"h3index": "872d440d6ffffff", "population_2015": 1247.263484470517, "total_built_mass_tons": 817785.1510554742, "city_id": 4296, "country_iso": "RUS"}, {"h3index": "872d440d8ffffff", "population_2015": 2958.0251254998007, "total_built_mass_tons": 1225593.1648615175, "city_id": 4296, "country_iso": "RUS"}, {"h3index": "872d440daffffff", "population_2015": 3242.6199409503574, "total_built_mass_tons": 1559035.389416447, "city_id": 4296, "country_iso": "RUS"}, {"h3index": "872d440dcffffff", "population_2015": 6651.17427062334, "total_built_mass_tons": 2756457.0368383853, "city_id": 4296, "country_iso": "RUS"}, {"h3index": "872d440deffffff", "population_2015": 14014.741677007483, "total_built_mass_tons": 6106431.25558391, "city_id": 4296, "country_iso": "RUS"}, {"h3index": "872d44728ffffff", "population_2015": 29.403900363398535, "total_built_mass_tons": 17206.125697885072, "city_id": 4296, "country_iso": "RUS"}, {"h3index": "872d4472cffffff", "population_2015": 2989.1274009218405, "total_built_mass_tons": 1292351.7755564572, "city_id": 4296, "country_iso": "RUS"}, {"h3index": "872d4472dffffff", "population_2015": 5852.5580136589, "total_built_mass_tons": 2975199.638647487, "city_id": 4296, "country_iso": "RUS"}]