[{"h3index":"8740e1640ffffff","population_2015":831.4001404529,"total_built_mass_tons":505100.1168883546,"city_id":10284,"country_iso":"CHN"},{"h3index":"8740e1641ffffff","population_2015":8104.4496268702,"total_built_mass_tons":991118.0537297812,"city_id":10284,"country_iso":"CHN"},{"h3index":"8740e1643ffffff","population_2015":14.8778755749,"total_built_mass_tons":20598.7743717113,"city_id":10284,"country_iso":"CHN"},{"h3index":"8740e1644ffffff","population_2015":6373.1711735875,"total_built_mass_tons":1612045.7172150323,"city_id":10284,"country_iso":"CHN"},{"h3index":"8740e1645ffffff","population_2015":68727.7443163516,"total_built_mass_tons":3762597.6251825863,"city_id":10284,"country_iso":"CHN"},{"h3index":"8740e1646ffffff","population_2015":2433.0983650607,"total_built_mass_tons":1637700.183820986,"city_id":10284,"country_iso":"CHN"},{"h3index":"8740e164cffffff","population_2015":650.8049093022,"total_built_mass_tons":157734.8133100634,"city_id":10284,"country_iso":"CHN"},{"h3index":"8740e164dffffff","population_2015":1.1895625844,"total_built_mass_tons":3097.239680134,"city_id":10284,"country_iso":"CHN"},{"h3index":"8740e1655ffffff","population_2015":3.5548010452,"total_built_mass_tons":4843.7355812066,"city_id":10284,"country_iso":"CHN"},{"h3index":"8740e1663ffffff","population_2015":3108.7677888571,"total_built_mass_tons":986166.5933215368,"city_id":10284,"country_iso":"CHN"},{"h3index":"8740e1668ffffff","population_2015":98.5752444417,"total_built_mass_tons":132717.8956694002,"city_id":10284,"country_iso":"CHN"},{"h3index":"8740e1669ffffff","population_2015":217.0350024616,"total_built_mass_tons":118460.195232165,"city_id":10284,"country_iso":"CHN"},{"h3index":"8740e166affffff","population_2015":19111.2768889848,"total_built_mass_tons":2647240.9452544707,"city_id":10284,"country_iso":"CHN"},{"h3index":"8740e166bffffff","population_2015":2703.4636027224,"total_built_mass_tons":1545629.1790539152,"city_id":10284,"country_iso":"CHN"},{"h3index":"8740e166effffff","population_2015":2512.5117835774,"total_built_mass_tons":1718568.3845995676,"city_id":10284,"country_iso":"CHN"},{"h3index":"8740e1673ffffff","population_2015":280.5174329907,"total_built_mass_tons":470295.6853045295,"city_id":10284,"country_iso":"CHN"},{"h3index":"8740ee936ffffff","population_2015":408.1247452521,"total_built_mass_tons":240185.0316421625,"city_id":10284,"country_iso":"CHN"}]