[{"h3index":"872a14804ffffff","population_2015":130.935374267,"total_built_mass_tons":164497.9915921295,"city_id":1004,"country_iso":"USA"},{"h3index":"872a14820ffffff","population_2015":14966.1997192127,"total_built_mass_tons":3228006.3501547109,"city_id":1004,"country_iso":"USA"},{"h3index":"872a14821ffffff","population_2015":4826.9268005892,"total_built_mass_tons":916905.2171423208,"city_id":1004,"country_iso":"USA"},{"h3index":"872a14822ffffff","population_2015":3254.2288827032,"total_built_mass_tons":2320372.674960969,"city_id":1004,"country_iso":"USA"},{"h3index":"872a14824ffffff","population_2015":14483.0338465713,"total_built_mass_tons":3801165.1654698993,"city_id":1004,"country_iso":"USA"},{"h3index":"872a14825ffffff","population_2015":12624.880365519,"total_built_mass_tons":2955615.0688734273,"city_id":1004,"country_iso":"USA"},{"h3index":"872a14826ffffff","population_2015":13370.2390397656,"total_built_mass_tons":4014608.5036235983,"city_id":1004,"country_iso":"USA"},{"h3index":"872a1482cffffff","population_2015":37.6312044237,"total_built_mass_tons":15989.015453586,"city_id":1004,"country_iso":"USA"},{"h3index":"872a14830ffffff","population_2015":1257.4683366761,"total_built_mass_tons":456333.9386234835,"city_id":1004,"country_iso":"USA"},{"h3index":"872a14831ffffff","population_2015":2981.2650556973,"total_built_mass_tons":1458696.8918029305,"city_id":1004,"country_iso":"USA"},{"h3index":"872a14834ffffff","population_2015":93.5373216377,"total_built_mass_tons":221268.7981973819,"city_id":1004,"country_iso":"USA"},{"h3index":"872a14835ffffff","population_2015":6340.8572331885,"total_built_mass_tons":2029332.5825489569,"city_id":1004,"country_iso":"USA"},{"h3index":"872a14901ffffff","population_2015":217.5259976629,"total_built_mass_tons":392005.2696437425,"city_id":1004,"country_iso":"USA"},{"h3index":"872a14902ffffff","population_2015":2984.6400788851,"total_built_mass_tons":2548354.0146245686,"city_id":1004,"country_iso":"USA"},{"h3index":"872a14903ffffff","population_2015":449.7960448362,"total_built_mass_tons":1558427.2686422816,"city_id":1004,"country_iso":"USA"},{"h3index":"872a14905ffffff","population_2015":10.8438183261,"total_built_mass_tons":7920.1792781128,"city_id":1004,"country_iso":"USA"},{"h3index":"872a14906ffffff","population_2015":627.6910359158,"total_built_mass_tons":339655.31259283,"city_id":1004,"country_iso":"USA"},{"h3index":"872a14908ffffff","population_2015":5938.1311975925,"total_built_mass_tons":2324007.8349070167,"city_id":1004,"country_iso":"USA"},{"h3index":"872a14909ffffff","population_2015":2435.9904736611,"total_built_mass_tons":1109394.8379372838,"city_id":1004,"country_iso":"USA"},{"h3index":"872a1490affffff","population_2015":3989.9383030006,"total_built_mass_tons":3015707.5917361365,"city_id":1004,"country_iso":"USA"},{"h3index":"872a1490bffffff","population_2015":5015.0981178132,"total_built_mass_tons":1905720.5361716163,"city_id":1004,"country_iso":"USA"},{"h3index":"872a1490cffffff","population_2015":6069.3831149599,"total_built_mass_tons":2451737.4311684393,"city_id":1004,"country_iso":"USA"},{"h3index":"872a1490dffffff","population_2015":1824.2522203485,"total_built_mass_tons":925948.638210266,"city_id":1004,"country_iso":"USA"},{"h3index":"872a1490effffff","population_2015":1232.9202687854,"total_built_mass_tons":2793866.2587425206,"city_id":1004,"country_iso":"USA"},{"h3index":"872a14910ffffff","population_2015":14149.1950853479,"total_built_mass_tons":4179307.0904861982,"city_id":1004,"country_iso":"USA"},{"h3index":"872a14911ffffff","population_2015":3825.1265004961,"total_built_mass_tons":1745167.5705440848,"city_id":1004,"country_iso":"USA"},{"h3index":"872a14912ffffff","population_2015":3207.3737302285,"total_built_mass_tons":1278336.2115842537,"city_id":1004,"country_iso":"USA"},{"h3index":"872a14913ffffff","population_2015":6703.011592637,"total_built_mass_tons":2666399.5185649302,"city_id":1004,"country_iso":"USA"},{"h3index":"872a14914ffffff","population_2015":1143.8177396639,"total_built_mass_tons":479365.6312513601,"city_id":1004,"country_iso":"USA"},{"h3index":"872a14915ffffff","population_2015":3495.0173435803,"total_built_mass_tons":1651956.7630171941,"city_id":1004,"country_iso":"USA"},{"h3index":"872a14916ffffff","population_2015":1623.4945164867,"total_built_mass_tons":633419.3666982786,"city_id":1004,"country_iso":"USA"},{"h3index":"872a14918ffffff","population_2015":6305.9520619138,"total_built_mass_tons":2578287.9909216156,"city_id":1004,"country_iso":"USA"},{"h3index":"872a14919ffffff","population_2015":9109.0578682694,"total_built_mass_tons":3132024.4298348036,"city_id":1004,"country_iso":"USA"},{"h3index":"872a1491affffff","population_2015":1936.2590506028,"total_built_mass_tons":1342195.3340860289,"city_id":1004,"country_iso":"USA"},{"h3index":"872a1491bffffff","population_2015":4766.5861738681,"total_built_mass_tons":2736032.6230808902,"city_id":1004,"country_iso":"USA"},{"h3index":"872a1491cffffff","population_2015":3892.8423496084,"total_built_mass_tons":2403765.9281561309,"city_id":1004,"country_iso":"USA"},{"h3index":"872a1491dffffff","population_2015":6231.7535290284,"total_built_mass_tons":2297760.7021981739,"city_id":1004,"country_iso":"USA"},{"h3index":"872a1491effffff","population_2015":6433.1651360701,"total_built_mass_tons":2616545.6209674645,"city_id":1004,"country_iso":"USA"},{"h3index":"872a14928ffffff","population_2015":4.1451224832,"total_built_mass_tons":2518.0142137933,"city_id":1004,"country_iso":"USA"},{"h3index":"872a1492affffff","population_2015":2409.9605584687,"total_built_mass_tons":1232575.5650181321,"city_id":1004,"country_iso":"USA"},{"h3index":"872a1492bffffff","population_2015":2909.8911223523,"total_built_mass_tons":1463495.477657821,"city_id":1004,"country_iso":"USA"},{"h3index":"872a1492effffff","population_2015":7.1140486923,"total_built_mass_tons":2036.6823545734,"city_id":1004,"country_iso":"USA"},{"h3index":"872a14933ffffff","population_2015":11.0749826116,"total_built_mass_tons":20826.1269033542,"city_id":1004,"country_iso":"USA"},{"h3index":"872a14952ffffff","population_2015":2712.9306601728,"total_built_mass_tons":1045502.4504239246,"city_id":1004,"country_iso":"USA"},{"h3index":"872a14954ffffff","population_2015":119.4812117469,"total_built_mass_tons":60410.0438362678,"city_id":1004,"country_iso":"USA"},{"h3index":"872a14956ffffff","population_2015":1727.3829705242,"total_built_mass_tons":645852.4548390089,"city_id":1004,"country_iso":"USA"},{"h3index":"872a149acffffff","population_2015":238.3792905686,"total_built_mass_tons":87126.4975153822,"city_id":1004,"country_iso":"USA"},{"h3index":"872a149adffffff","population_2015":331.3570904346,"total_built_mass_tons":134071.235422162,"city_id":1004,"country_iso":"USA"}]