[{"h3index":"873194000ffffff","population_2015":15530.1157154158,"total_built_mass_tons":2250372.1228434765,"city_id":10438,"country_iso":"CHN"},{"h3index":"873194001ffffff","population_2015":2424.5382592744,"total_built_mass_tons":339661.2503911555,"city_id":10438,"country_iso":"CHN"},{"h3index":"873194002ffffff","population_2015":1464.0602642826,"total_built_mass_tons":278837.1960812374,"city_id":10438,"country_iso":"CHN"},{"h3index":"873194003ffffff","population_2015":1250.6100590351,"total_built_mass_tons":294710.4146915852,"city_id":10438,"country_iso":"CHN"},{"h3index":"873194004ffffff","population_2015":0.0780629476,"total_built_mass_tons":1709.0683154539,"city_id":10438,"country_iso":"CHN"},{"h3index":"873194005ffffff","population_2015":115.1628569996,"total_built_mass_tons":51594.1175991698,"city_id":10438,"country_iso":"CHN"},{"h3index":"873194006ffffff","population_2015":1143.1696641567,"total_built_mass_tons":388628.8027664057,"city_id":10438,"country_iso":"CHN"},{"h3index":"87319400cffffff","population_2015":207.145515124,"total_built_mass_tons":113994.2081006393,"city_id":10438,"country_iso":"CHN"}]