[{"h3index": "878132852ffffff", "population_2015": 3650.14510269165, "total_built_mass_tons": 243955.68306563277, "city_id": 1410, "country_iso": "BRA"}, {"h3index": "878132856ffffff", "population_2015": 151.98034174956527, "total_built_mass_tons": 22678.832877523455, "city_id": 1410, "country_iso": "BRA"}, {"h3index": "8781328c0ffffff", "population_2015": 1.136882744583429, "total_built_mass_tons": 21140.90233180267, "city_id": 1410, "country_iso": "BRA"}, {"h3index": "8781328c4ffffff", "population_2015": 7672.168025443134, "total_built_mass_tons": 458373.24077734, "city_id": 1410, "country_iso": "BRA"}, {"h3index": "8781328c5ffffff", "population_2015": 21393.956772819216, "total_built_mass_tons": 1092122.4507570788, "city_id": 1410, "country_iso": "BRA"}, {"h3index": "8781328e0ffffff", "population_2015": 29793.08816907172, "total_built_mass_tons": 1470657.5828711083, "city_id": 1410, "country_iso": "BRA"}, {"h3index": "8781328e1ffffff", "population_2015": 8116.369502894081, "total_built_mass_tons": 611790.3262752073, "city_id": 1410, "country_iso": "BRA"}, {"h3index": "8781328e2ffffff", "population_2015": 357.4141568726184, "total_built_mass_tons": 141937.28963016614, "city_id": 1410, "country_iso": "BRA"}, {"h3index": "8781328e3ffffff", "population_2015": 31822.298410445565, "total_built_mass_tons": 2744632.7091669277, "city_id": 1410, "country_iso": "BRA"}, {"h3index": "8781328e5ffffff", "population_2015": 2578.0224608907515, "total_built_mass_tons": 184095.75414725768, "city_id": 1410, "country_iso": "BRA"}, {"h3index": "8781328eeffffff", "population_2015": 8960.012986093408, "total_built_mass_tons": 527459.8961013871, "city_id": 1410, "country_iso": "BRA"}]