[{"h3index":"874981960ffffff","population_2015":4513.3587248681,"total_built_mass_tons":528688.5376019872,"city_id":102,"country_iso":"MEX"},{"h3index":"874981964ffffff","population_2015":3901.3588094793,"total_built_mass_tons":365216.9430524359,"city_id":102,"country_iso":"MEX"},{"h3index":"874981965ffffff","population_2015":437.9174504897,"total_built_mass_tons":46440.6867486824,"city_id":102,"country_iso":"MEX"},{"h3index":"874981966ffffff","population_2015":18689.5666120632,"total_built_mass_tons":1661152.401646405,"city_id":102,"country_iso":"MEX"}]