[{"h3index": "872798d82ffffff", "population_2015": 651.4744375260033, "total_built_mass_tons": 1136333.1585155784, "city_id": 337, "country_iso": "USA"}, {"h3index": "872798d86ffffff", "population_2015": 167.46116418078836, "total_built_mass_tons": 826691.0075828626, "city_id": 337, "country_iso": "USA"}, {"h3index": "872798d90ffffff", "population_2015": 7701.53258295813, "total_built_mass_tons": 4332186.751037746, "city_id": 337, "country_iso": "USA"}, {"h3index": "872798d91ffffff", "population_2015": 4500.559598514552, "total_built_mass_tons": 2226701.425839118, "city_id": 337, "country_iso": "USA"}, {"h3index": "872798d92ffffff", "population_2015": 3309.896902947348, "total_built_mass_tons": 3713251.5513931466, "city_id": 337, "country_iso": "USA"}, {"h3index": "872798d93ffffff", "population_2015": 970.9922032152302, "total_built_mass_tons": 1651808.0219843397, "city_id": 337, "country_iso": "USA"}, {"h3index": "872798d94ffffff", "population_2015": 7108.234297676647, "total_built_mass_tons": 3735780.9953232207, "city_id": 337, "country_iso": "USA"}, {"h3index": "872798d95ffffff", "population_2015": 7427.598430090947, "total_built_mass_tons": 4510968.278960014, "city_id": 337, "country_iso": "USA"}, {"h3index": "872798d96ffffff", "population_2015": 7607.130337295227, "total_built_mass_tons": 4329533.193268405, "city_id": 337, "country_iso": "USA"}, {"h3index": "872798db3ffffff", "population_2015": 1333.3813925254872, "total_built_mass_tons": 765589.247254883, "city_id": 337, "country_iso": "USA"}, {"h3index": "87279e360ffffff", "population_2015": 1485.1595490504712, "total_built_mass_tons": 669520.9727469725, "city_id": 337, "country_iso": "USA"}, {"h3index": "87279e361ffffff", "population_2015": 3403.9643883881176, "total_built_mass_tons": 2538194.2952591316, "city_id": 337, "country_iso": "USA"}, {"h3index": "87279e364ffffff", "population_2015": 2223.3872672316515, "total_built_mass_tons": 1159153.7427684492, "city_id": 337, "country_iso": "USA"}, {"h3index": "87279e365ffffff", "population_2015": 5690.945633798178, "total_built_mass_tons": 2939040.201413199, "city_id": 337, "country_iso": "USA"}, {"h3index": "87279e36cffffff", "population_2015": 3.9068389031743886, "total_built_mass_tons": 740270.0987004122, "city_id": 337, "country_iso": "USA"}, {"h3index": "87279eac9ffffff", "population_2015": 2273.5613643996858, "total_built_mass_tons": 1412532.8862550864, "city_id": 337, "country_iso": "USA"}, {"h3index": "87279eacaffffff", "population_2015": 1611.149565279893, "total_built_mass_tons": 766640.5852476892, "city_id": 337, "country_iso": "USA"}, {"h3index": "87279eacbffffff", "population_2015": 5832.6795964376015, "total_built_mass_tons": 3199519.4151763865, "city_id": 337, "country_iso": "USA"}, {"h3index": "87279ead9ffffff", "population_2015": 144.30004289781348, "total_built_mass_tons": 120515.76124583824, "city_id": 337, "country_iso": "USA"}]