[{"h3index": "87409d221ffffff", "population_2015": 261.4736371900521, "total_built_mass_tons": 227174.71920709303, "city_id": 10509, "country_iso": "CHN"}, {"h3index": "87409d228ffffff", "population_2015": 20651.76592261744, "total_built_mass_tons": 6191627.691495171, "city_id": 10509, "country_iso": "CHN"}, {"h3index": "87409d229ffffff", "population_2015": 9088.02884502691, "total_built_mass_tons": 3078777.9719274016, "city_id": 10509, "country_iso": "CHN"}, {"h3index": "87409d22affffff", "population_2015": 444.8722043467503, "total_built_mass_tons": 132591.9397329616, "city_id": 10509, "country_iso": "CHN"}, {"h3index": "87409d22bffffff", "population_2015": 223.8611510183297, "total_built_mass_tons": 84047.95984315759, "city_id": 10509, "country_iso": "CHN"}, {"h3index": "87409d22cffffff", "population_2015": 8404.298874118282, "total_built_mass_tons": 3145762.4566633785, "city_id": 10509, "country_iso": "CHN"}, {"h3index": "87409d22dffffff", "population_2015": 21983.420765120372, "total_built_mass_tons": 6325959.285193062, "city_id": 10509, "country_iso": "CHN"}, {"h3index": "87409d22effffff", "population_2015": 731.9061295995525, "total_built_mass_tons": 468496.5230482632, "city_id": 10509, "country_iso": "CHN"}, {"h3index": "87409d274ffffff", "population_2015": 245.0183306567809, "total_built_mass_tons": 334096.2366227893, "city_id": 10509, "country_iso": "CHN"}, {"h3index": "87409d276ffffff", "population_2015": 5.779330658445171, "total_built_mass_tons": 3718.0626383659264, "city_id": 10509, "country_iso": "CHN"}, {"h3index": "87409d353ffffff", "population_2015": 2112.030914372089, "total_built_mass_tons": 848789.5461780177, "city_id": 10509, "country_iso": "CHN"}, {"h3index": "87409d35affffff", "population_2015": 1499.501786928551, "total_built_mass_tons": 533941.5457273074, "city_id": 10509, "country_iso": "CHN"}, {"h3index": "87409d35effffff", "population_2015": 82.49542950648888, "total_built_mass_tons": 54872.62209092798, "city_id": 10509, "country_iso": "CHN"}]