[{"h3index": "874070601ffffff", "population_2015": 1712.6831730001115, "total_built_mass_tons": 1027995.02747409, "city_id": 10573, "country_iso": "CHN"}, {"h3index": "874070603ffffff", "population_2015": 123.5678111740187, "total_built_mass_tons": 251556.0379044071, "city_id": 10573, "country_iso": "CHN"}, {"h3index": "87407060affffff", "population_2015": 10108.985039825067, "total_built_mass_tons": 2496568.7052016184, "city_id": 10573, "country_iso": "CHN"}, {"h3index": "87407060cffffff", "population_2015": 39.4288935436922, "total_built_mass_tons": 53604.01852325732, "city_id": 10573, "country_iso": "CHN"}, {"h3index": "87407060effffff", "population_2015": 1903.228239551245, "total_built_mass_tons": 1294396.0861673309, "city_id": 10573, "country_iso": "CHN"}, {"h3index": "874070618ffffff", "population_2015": 8989.172713918782, "total_built_mass_tons": 1936884.3720174637, "city_id": 10573, "country_iso": "CHN"}, {"h3index": "874070619ffffff", "population_2015": 34070.12549854729, "total_built_mass_tons": 7257870.85728031, "city_id": 10573, "country_iso": "CHN"}, {"h3index": "87407061affffff", "population_2015": 5859.360628165449, "total_built_mass_tons": 1383838.8370677212, "city_id": 10573, "country_iso": "CHN"}, {"h3index": "87407061bffffff", "population_2015": 70945.61805565779, "total_built_mass_tons": 8349730.245205052, "city_id": 10573, "country_iso": "CHN"}, {"h3index": "87407061dffffff", "population_2015": 12037.38859237035, "total_built_mass_tons": 3255922.987096956, "city_id": 10573, "country_iso": "CHN"}, {"h3index": "87407061effffff", "population_2015": 3652.368937778941, "total_built_mass_tons": 1583899.2475330608, "city_id": 10573, "country_iso": "CHN"}, {"h3index": "874070688ffffff", "population_2015": 866.0213410508402, "total_built_mass_tons": 367303.25790635194, "city_id": 10573, "country_iso": "CHN"}, {"h3index": "874070689ffffff", "population_2015": 3352.142115125469, "total_built_mass_tons": 1985550.0630544897, "city_id": 10573, "country_iso": "CHN"}, {"h3index": "87407068affffff", "population_2015": 1195.8971910701075, "total_built_mass_tons": 579531.2350458403, "city_id": 10573, "country_iso": "CHN"}, {"h3index": "87407068bffffff", "population_2015": 9856.878842178978, "total_built_mass_tons": 3477103.7706449246, "city_id": 10573, "country_iso": "CHN"}, {"h3index": "87407068dffffff", "population_2015": 5925.981333918666, "total_built_mass_tons": 2392434.1457506404, "city_id": 10573, "country_iso": "CHN"}, {"h3index": "874070699ffffff", "population_2015": 69.4495880725337, "total_built_mass_tons": 111941.55777559194, "city_id": 10573, "country_iso": "CHN"}, {"h3index": "8740706a8ffffff", "population_2015": 43.498470898235546, "total_built_mass_tons": 51000.64530993102, "city_id": 10573, "country_iso": "CHN"}, {"h3index": "8740706a9ffffff", "population_2015": 2901.164543441698, "total_built_mass_tons": 1330283.940105202, "city_id": 10573, "country_iso": "CHN"}, {"h3index": "8740706abffffff", "population_2015": 367.28755308787026, "total_built_mass_tons": 247464.96583973177, "city_id": 10573, "country_iso": "CHN"}, {"h3index": "8740706d4ffffff", "population_2015": 648.9775273360458, "total_built_mass_tons": 277094.48961857473, "city_id": 10573, "country_iso": "CHN"}, {"h3index": "8740706d6ffffff", "population_2015": 1200.6384621012444, "total_built_mass_tons": 657325.13071313, "city_id": 10573, "country_iso": "CHN"}, {"h3index": "8740706e2ffffff", "population_2015": 1271.999098506629, "total_built_mass_tons": 1223463.9263105723, "city_id": 10573, "country_iso": "CHN"}, {"h3index": "8740706e4ffffff", "population_2015": 3883.5673997000154, "total_built_mass_tons": 1418124.8390446026, "city_id": 10573, "country_iso": "CHN"}, {"h3index": "8740706e6ffffff", "population_2015": 17842.752741060063, "total_built_mass_tons": 6705291.4982477985, "city_id": 10573, "country_iso": "CHN"}, {"h3index": "8740706f0ffffff", "population_2015": 5666.081582333993, "total_built_mass_tons": 4274792.512144851, "city_id": 10573, "country_iso": "CHN"}, {"h3index": "8740706f2ffffff", "population_2015": 3614.9801229916375, "total_built_mass_tons": 1953144.821541414, "city_id": 10573, "country_iso": "CHN"}, {"h3index": "8740706f4ffffff", "population_2015": 32512.913213466196, "total_built_mass_tons": 6468420.927773869, "city_id": 10573, "country_iso": "CHN"}, {"h3index": "8740706f5ffffff", "population_2015": 19545.30431051067, "total_built_mass_tons": 7629675.299123379, "city_id": 10573, "country_iso": "CHN"}, {"h3index": "8740706f6ffffff", "population_2015": 13056.832360015196, "total_built_mass_tons": 4540268.728635528, "city_id": 10573, "country_iso": "CHN"}, {"h3index": "874073d24ffffff", "population_2015": 7947.52675155191, "total_built_mass_tons": 2468850.490689709, "city_id": 10573, "country_iso": "CHN"}, {"h3index": "874073d25ffffff", "population_2015": 1517.3909545589893, "total_built_mass_tons": 424081.15027692297, "city_id": 10573, "country_iso": "CHN"}]