[{"h3index":"87195d820ffffff","population_2015":11691.6053205266,"total_built_mass_tons":2296019.9703143509,"city_id":1923,"country_iso":"GBR"},{"h3index":"87195d821ffffff","population_2015":907.1454604037,"total_built_mass_tons":430694.3118046608,"city_id":1923,"country_iso":"GBR"},{"h3index":"87195d823ffffff","population_2015":2345.3156054949,"total_built_mass_tons":1083321.4153767067,"city_id":1923,"country_iso":"GBR"},{"h3index":"87195d824ffffff","population_2015":14268.1721281832,"total_built_mass_tons":2986059.9710295983,"city_id":1923,"country_iso":"GBR"},{"h3index":"87195d825ffffff","population_2015":14650.8956460298,"total_built_mass_tons":3893796.0429236386,"city_id":1923,"country_iso":"GBR"},{"h3index":"87195d826ffffff","population_2015":12.0209352119,"total_built_mass_tons":7887.2678623687,"city_id":1923,"country_iso":"GBR"},{"h3index":"87195d908ffffff","population_2015":5559.4653925933,"total_built_mass_tons":1316884.2768834394,"city_id":1923,"country_iso":"GBR"},{"h3index":"87195d909ffffff","population_2015":7204.8853921418,"total_built_mass_tons":2035838.4011228443,"city_id":1923,"country_iso":"GBR"},{"h3index":"87195d90affffff","population_2015":3764.148301567,"total_built_mass_tons":908989.5898178432,"city_id":1923,"country_iso":"GBR"},{"h3index":"87195d90bffffff","population_2015":13787.2329291694,"total_built_mass_tons":3382406.2529012654,"city_id":1923,"country_iso":"GBR"},{"h3index":"87195d90dffffff","population_2015":13.6541924075,"total_built_mass_tons":11340.3560184267,"city_id":1923,"country_iso":"GBR"},{"h3index":"87195d90effffff","population_2015":153.4585799273,"total_built_mass_tons":46910.476227967,"city_id":1923,"country_iso":"GBR"},{"h3index":"87195d952ffffff","population_2015":1865.5645968262,"total_built_mass_tons":471901.7576855639,"city_id":1923,"country_iso":"GBR"},{"h3index":"87195d956ffffff","population_2015":2745.9089001473,"total_built_mass_tons":846985.0956795858,"city_id":1923,"country_iso":"GBR"}]