[{"h3index": "87bf4c36dffffff", "population_2015": 2414.532576949455, "total_built_mass_tons": 1293594.6940967028, "city_id": 12943, "country_iso": "AUS"}, {"h3index": "87bf4dd90ffffff", "population_2015": 8456.679880014764, "total_built_mass_tons": 4843683.924893539, "city_id": 12943, "country_iso": "AUS"}, {"h3index": "87bf4dd91ffffff", "population_2015": 5700.212653978198, "total_built_mass_tons": 2341765.5184904123, "city_id": 12943, "country_iso": "AUS"}, {"h3index": "87bf4dd92ffffff", "population_2015": 889.481218736916, "total_built_mass_tons": 635026.3591410537, "city_id": 12943, "country_iso": "AUS"}, {"h3index": "87bf4dd93ffffff", "population_2015": 5067.194268159993, "total_built_mass_tons": 4363258.552881216, "city_id": 12943, "country_iso": "AUS"}, {"h3index": "87bf4dd94ffffff", "population_2015": 5134.520994057506, "total_built_mass_tons": 3715682.599241904, "city_id": 12943, "country_iso": "AUS"}, {"h3index": "87bf4dd95ffffff", "population_2015": 5066.258100062845, "total_built_mass_tons": 2116897.808329528, "city_id": 12943, "country_iso": "AUS"}, {"h3index": "87bf4dd96ffffff", "population_2015": 4.3894318548633775, "total_built_mass_tons": 61070.26040628407, "city_id": 12943, "country_iso": "AUS"}, {"h3index": "87bf4dd9affffff", "population_2015": 569.0170133777692, "total_built_mass_tons": 212259.1541345964, "city_id": 12943, "country_iso": "AUS"}, {"h3index": "87bf4dd9effffff", "population_2015": 2296.216402030926, "total_built_mass_tons": 1124255.0634086248, "city_id": 12943, "country_iso": "AUS"}, {"h3index": "87bf4ddb0ffffff", "population_2015": 3771.6938321502766, "total_built_mass_tons": 2167615.2568225106, "city_id": 12943, "country_iso": "AUS"}, {"h3index": "87bf4ddb1ffffff", "population_2015": 446.8921584437875, "total_built_mass_tons": 372720.08613190206, "city_id": 12943, "country_iso": "AUS"}, {"h3index": "87bf4ddb2ffffff", "population_2015": 2275.8842334698, "total_built_mass_tons": 2596977.040436798, "city_id": 12943, "country_iso": "AUS"}, {"h3index": "87bf4ddb3ffffff", "population_2015": 8994.359897804026, "total_built_mass_tons": 4537270.003476414, "city_id": 12943, "country_iso": "AUS"}, {"h3index": "87bf4ddb4ffffff", "population_2015": 903.8131449470332, "total_built_mass_tons": 400860.2790807497, "city_id": 12943, "country_iso": "AUS"}, {"h3index": "87bf4ddb6ffffff", "population_2015": 585.0698010042602, "total_built_mass_tons": 329392.6012062817, "city_id": 12943, "country_iso": "AUS"}]