[{"h3index": "874b32192ffffff", "population_2015": 767.4666926589666, "total_built_mass_tons": 1417290.3547853865, "city_id": 12630, "country_iso": "CHN"}, {"h3index": "874b32194ffffff", "population_2015": 11.704949932472378, "total_built_mass_tons": 13306.207077267709, "city_id": 12630, "country_iso": "CHN"}, {"h3index": "874b32196ffffff", "population_2015": 1960.486074873045, "total_built_mass_tons": 1077522.5683960267, "city_id": 12630, "country_iso": "CHN"}, {"h3index": "874b321b2ffffff", "population_2015": 1960.8662201741165, "total_built_mass_tons": 1749671.6386253797, "city_id": 12630, "country_iso": "CHN"}, {"h3index": "874b32545ffffff", "population_2015": 1199.642007076039, "total_built_mass_tons": 575940.4711811012, "city_id": 12630, "country_iso": "CHN"}, {"h3index": "874b32560ffffff", "population_2015": 1018.8036302510432, "total_built_mass_tons": 355073.2580348839, "city_id": 12630, "country_iso": "CHN"}, {"h3index": "874b32561ffffff", "population_2015": 25347.638557243357, "total_built_mass_tons": 3642790.883333158, "city_id": 12630, "country_iso": "CHN"}, {"h3index": "874b32562ffffff", "population_2015": 411.77683820163503, "total_built_mass_tons": 396503.2670169764, "city_id": 12630, "country_iso": "CHN"}, {"h3index": "874b32563ffffff", "population_2015": 6145.519526513417, "total_built_mass_tons": 1459693.764302782, "city_id": 12630, "country_iso": "CHN"}, {"h3index": "874b32564ffffff", "population_2015": 6748.329510774797, "total_built_mass_tons": 1936401.5463179073, "city_id": 12630, "country_iso": "CHN"}, {"h3index": "874b32565ffffff", "population_2015": 18062.11883919192, "total_built_mass_tons": 3734693.275397062, "city_id": 12630, "country_iso": "CHN"}, {"h3index": "874b32566ffffff", "population_2015": 1891.383792112388, "total_built_mass_tons": 540767.9510477455, "city_id": 12630, "country_iso": "CHN"}, {"h3index": "874b3256affffff", "population_2015": 215.1198316293604, "total_built_mass_tons": 76680.33288521616, "city_id": 12630, "country_iso": "CHN"}, {"h3index": "874b3256cffffff", "population_2015": 3180.074121306925, "total_built_mass_tons": 1408584.7223459214, "city_id": 12630, "country_iso": "CHN"}, {"h3index": "874b3256effffff", "population_2015": 8888.420631898618, "total_built_mass_tons": 2163802.3965883045, "city_id": 12630, "country_iso": "CHN"}, {"h3index": "874b32575ffffff", "population_2015": 95.81870778962676, "total_built_mass_tons": 38513.38422215392, "city_id": 12630, "country_iso": "CHN"}, {"h3index": "874b32cc8ffffff", "population_2015": 16990.878540944115, "total_built_mass_tons": 3366393.263002055, "city_id": 12630, "country_iso": "CHN"}, {"h3index": "874b32cc9ffffff", "population_2015": 4298.619371920006, "total_built_mass_tons": 1327469.4618906083, "city_id": 12630, "country_iso": "CHN"}, {"h3index": "874b32ccaffffff", "population_2015": 11503.668286158994, "total_built_mass_tons": 1680027.1089392914, "city_id": 12630, "country_iso": "CHN"}, {"h3index": "874b32ccbffffff", "population_2015": 28577.38553853503, "total_built_mass_tons": 4527146.118102716, "city_id": 12630, "country_iso": "CHN"}]