[{"h3index": "873f26424ffffff", "population_2015": 430.3615186676969, "total_built_mass_tons": 155150.21271237827, "city_id": 3093, "country_iso": "ITA"}, {"h3index": "873f26426ffffff", "population_2015": 6752.926112608683, "total_built_mass_tons": 1744058.681262836, "city_id": 3093, "country_iso": "ITA"}, {"h3index": "873f26430ffffff", "population_2015": 1702.4817198313922, "total_built_mass_tons": 349957.2089841875, "city_id": 3093, "country_iso": "ITA"}, {"h3index": "873f26431ffffff", "population_2015": 1394.8446613706797, "total_built_mass_tons": 532261.0459317078, "city_id": 3093, "country_iso": "ITA"}, {"h3index": "873f26435ffffff", "population_2015": 1125.813453088379, "total_built_mass_tons": 673228.1997368626, "city_id": 3093, "country_iso": "ITA"}, {"h3index": "873f26508ffffff", "population_2015": 519.0136893562243, "total_built_mass_tons": 127652.26800312026, "city_id": 3093, "country_iso": "ITA"}, {"h3index": "873f2650affffff", "population_2015": 19439.52701713034, "total_built_mass_tons": 4802164.885428262, "city_id": 3093, "country_iso": "ITA"}, {"h3index": "873f2650cffffff", "population_2015": 6235.592701970712, "total_built_mass_tons": 1448044.9759106948, "city_id": 3093, "country_iso": "ITA"}, {"h3index": "873f2650effffff", "population_2015": 10737.188494573264, "total_built_mass_tons": 1761358.7679398735, "city_id": 3093, "country_iso": "ITA"}, {"h3index": "873f26518ffffff", "population_2015": 1686.0409523428652, "total_built_mass_tons": 312152.48976773873, "city_id": 3093, "country_iso": "ITA"}, {"h3index": "873f26519ffffff", "population_2015": 31429.786362311148, "total_built_mass_tons": 5228233.540415091, "city_id": 3093, "country_iso": "ITA"}, {"h3index": "873f2651bffffff", "population_2015": 14.76950861276219, "total_built_mass_tons": 249011.55549472527, "city_id": 3093, "country_iso": "ITA"}, {"h3index": "873f2651dffffff", "population_2015": 17240.373683848447, "total_built_mass_tons": 3110900.592801021, "city_id": 3093, "country_iso": "ITA"}, {"h3index": "873f26528ffffff", "population_2015": 537.8052479243746, "total_built_mass_tons": 157234.85735731455, "city_id": 3093, "country_iso": "ITA"}, {"h3index": "873f2652affffff", "population_2015": 5653.622174881602, "total_built_mass_tons": 1254631.6300433662, "city_id": 3093, "country_iso": "ITA"}, {"h3index": "873f2652bffffff", "population_2015": 234.7677425291024, "total_built_mass_tons": 67365.15004516789, "city_id": 3093, "country_iso": "ITA"}, {"h3index": "873f2652effffff", "population_2015": 2867.055042068704, "total_built_mass_tons": 661853.5203756473, "city_id": 3093, "country_iso": "ITA"}]