[{"h3index":"8740ae6c0ffffff","population_2015":17.1792718719,"total_built_mass_tons":9116.0458561091,"city_id":10929,"country_iso":"CHN"},{"h3index":"8740ae6c2ffffff","population_2015":92.2593654098,"total_built_mass_tons":234016.5928170063,"city_id":10929,"country_iso":"CHN"},{"h3index":"8740ae6c4ffffff","population_2015":2.3461032942,"total_built_mass_tons":1618.2101241217,"city_id":10929,"country_iso":"CHN"},{"h3index":"8740ae6c6ffffff","population_2015":427.2893653449,"total_built_mass_tons":772213.5720426635,"city_id":10929,"country_iso":"CHN"},{"h3index":"8740ae6d0ffffff","population_2015":1090.8007654975,"total_built_mass_tons":463184.4220326716,"city_id":10929,"country_iso":"CHN"},{"h3index":"8740ae6d4ffffff","population_2015":896.2017453072,"total_built_mass_tons":672019.2527138155,"city_id":10929,"country_iso":"CHN"},{"h3index":"8740ae6d5ffffff","population_2015":16672.5695629428,"total_built_mass_tons":5355206.5197403049,"city_id":10929,"country_iso":"CHN"},{"h3index":"8740ae6d6ffffff","population_2015":50.2603430944,"total_built_mass_tons":112782.1152604506,"city_id":10929,"country_iso":"CHN"},{"h3index":"8740ae6f2ffffff","population_2015":180.3444030519,"total_built_mass_tons":106140.3274216581,"city_id":10929,"country_iso":"CHN"},{"h3index":"8740ae6f3ffffff","population_2015":1259.2064230816,"total_built_mass_tons":911201.5031700302,"city_id":10929,"country_iso":"CHN"}]