[{"h3index":"87619e4a0ffffff","population_2015":379.7969754911,"total_built_mass_tons":117950.6217175867,"city_id":8981,"country_iso":"IND"},{"h3index":"87619e4a2ffffff","population_2015":218.1630663255,"total_built_mass_tons":52601.7986638339,"city_id":8981,"country_iso":"IND"},{"h3index":"87619e4a6ffffff","population_2015":9874.9359388501,"total_built_mass_tons":1197784.0703266142,"city_id":8981,"country_iso":"IND"},{"h3index":"87619e4b5ffffff","population_2015":235.5514133734,"total_built_mass_tons":87856.5969174232,"city_id":8981,"country_iso":"IND"},{"h3index":"87619e599ffffff","population_2015":66.7783467985,"total_built_mass_tons":25566.8601372637,"city_id":8981,"country_iso":"IND"},{"h3index":"87619e59bffffff","population_2015":158.6525571767,"total_built_mass_tons":59326.8988446935,"city_id":8981,"country_iso":"IND"}]