[{"h3index":"875f58218ffffff","population_2015":511.6557798311,"total_built_mass_tons":250113.912815685,"city_id":1000,"country_iso":"TTO"},{"h3index":"875f58219ffffff","population_2015":486.1715639189,"total_built_mass_tons":221191.3589657174,"city_id":1000,"country_iso":"TTO"},{"h3index":"875f5821affffff","population_2015":6637.7732024492,"total_built_mass_tons":1680559.3095363616,"city_id":1000,"country_iso":"TTO"},{"h3index":"875f5821bffffff","population_2015":3169.018306433,"total_built_mass_tons":1446234.8442933469,"city_id":1000,"country_iso":"TTO"},{"h3index":"875f5821effffff","population_2015":8.7828572591,"total_built_mass_tons":2100.073883659,"city_id":1000,"country_iso":"TTO"},{"h3index":"875f582a8ffffff","population_2015":873.535270201,"total_built_mass_tons":377611.6315971679,"city_id":1000,"country_iso":"TTO"},{"h3index":"875f582a9ffffff","population_2015":4971.9179941626,"total_built_mass_tons":1437065.2276371785,"city_id":1000,"country_iso":"TTO"},{"h3index":"875f582adffffff","population_2015":2080.7410760206,"total_built_mass_tons":721736.0879788602,"city_id":1000,"country_iso":"TTO"},{"h3index":"875f582f4ffffff","population_2015":5691.8756661957,"total_built_mass_tons":1656445.7771638315,"city_id":1000,"country_iso":"TTO"},{"h3index":"875f582f5ffffff","population_2015":786.9269377952,"total_built_mass_tons":349534.9125352703,"city_id":1000,"country_iso":"TTO"}]