[{"h3index": "87185ba02ffffff", "population_2015": 780.9673944707012, "total_built_mass_tons": 1294611.7658098044, "city_id": 1647, "country_iso": "ESP"}, {"h3index": "87185ba03ffffff", "population_2015": 206.48543029111977, "total_built_mass_tons": 91874.95161703808, "city_id": 1647, "country_iso": "ESP"}, {"h3index": "87185ba10ffffff", "population_2015": 1466.446850606507, "total_built_mass_tons": 571603.9482990679, "city_id": 1647, "country_iso": "ESP"}, {"h3index": "87185ba11ffffff", "population_2015": 14891.031354279616, "total_built_mass_tons": 3709473.0046024, "city_id": 1647, "country_iso": "ESP"}, {"h3index": "87185ba15ffffff", "population_2015": 1121.9020992821336, "total_built_mass_tons": 616549.3242519286, "city_id": 1647, "country_iso": "ESP"}, {"h3index": "87185ba18ffffff", "population_2015": 4991.606171043248, "total_built_mass_tons": 1831029.7302120675, "city_id": 1647, "country_iso": "ESP"}, {"h3index": "87185ba1affffff", "population_2015": 777.1364146213905, "total_built_mass_tons": 216735.05577054672, "city_id": 1647, "country_iso": "ESP"}, {"h3index": "87185ba1cffffff", "population_2015": 20957.664487876147, "total_built_mass_tons": 4500893.690119282, "city_id": 1647, "country_iso": "ESP"}, {"h3index": "87185ba1dffffff", "population_2015": 1517.947639207279, "total_built_mass_tons": 754654.870320163, "city_id": 1647, "country_iso": "ESP"}, {"h3index": "87185ba1effffff", "population_2015": 14303.28412086262, "total_built_mass_tons": 4504427.85858352, "city_id": 1647, "country_iso": "ESP"}, {"h3index": "87185baadffffff", "population_2015": 2.3511501237457875, "total_built_mass_tons": 1064.0321729763325, "city_id": 1647, "country_iso": "ESP"}]