[{"h3index": "872da8810ffffff", "population_2015": 12722.109437503066, "total_built_mass_tons": 2710028.2558798604, "city_id": 4424, "country_iso": "TUR"}, {"h3index": "872da8811ffffff", "population_2015": 6.532444800582587, "total_built_mass_tons": 2857.215907547526, "city_id": 4424, "country_iso": "TUR"}, {"h3index": "872da8812ffffff", "population_2015": 687.4044532888075, "total_built_mass_tons": 455846.05533587455, "city_id": 4424, "country_iso": "TUR"}, {"h3index": "872da8814ffffff", "population_2015": 20101.03476735284, "total_built_mass_tons": 3665176.1653345553, "city_id": 4424, "country_iso": "TUR"}, {"h3index": "872da8815ffffff", "population_2015": 12423.27199528264, "total_built_mass_tons": 2385568.623357296, "city_id": 4424, "country_iso": "TUR"}, {"h3index": "872da8816ffffff", "population_2015": 5075.952936383788, "total_built_mass_tons": 1525580.5734834862, "city_id": 4424, "country_iso": "TUR"}, {"h3index": "872da8830ffffff", "population_2015": 4930.105930956672, "total_built_mass_tons": 814678.6359204893, "city_id": 4424, "country_iso": "TUR"}, {"h3index": "872da8832ffffff", "population_2015": 33215.638739178234, "total_built_mass_tons": 5394942.277469661, "city_id": 4424, "country_iso": "TUR"}, {"h3index": "872da8833ffffff", "population_2015": 8048.80023800158, "total_built_mass_tons": 1497133.223652508, "city_id": 4424, "country_iso": "TUR"}, {"h3index": "872da8834ffffff", "population_2015": 20.232028252470727, "total_built_mass_tons": 10774.130521585526, "city_id": 4424, "country_iso": "TUR"}, {"h3index": "872da8836ffffff", "population_2015": 23322.673058064775, "total_built_mass_tons": 2823590.6983866645, "city_id": 4424, "country_iso": "TUR"}, {"h3index": "872da88a0ffffff", "population_2015": 72.8959696227429, "total_built_mass_tons": 50878.40421706197, "city_id": 4424, "country_iso": "TUR"}, {"h3index": "872da88a4ffffff", "population_2015": 4922.165780056224, "total_built_mass_tons": 645781.943220031, "city_id": 4424, "country_iso": "TUR"}, {"h3index": "872da88a5ffffff", "population_2015": 1682.7874704772353, "total_built_mass_tons": 470458.8857004924, "city_id": 4424, "country_iso": "TUR"}, {"h3index": "872da88a6ffffff", "population_2015": 286.88607899534935, "total_built_mass_tons": 78876.21988871027, "city_id": 4424, "country_iso": "TUR"}, {"h3index": "872da8980ffffff", "population_2015": 16647.832428045833, "total_built_mass_tons": 933156.9239905998, "city_id": 4424, "country_iso": "TUR"}, {"h3index": "872da8981ffffff", "population_2015": 43708.059288570905, "total_built_mass_tons": 3899532.6044469746, "city_id": 4424, "country_iso": "TUR"}, {"h3index": "872da8983ffffff", "population_2015": 46340.038929195034, "total_built_mass_tons": 2477631.4785328545, "city_id": 4424, "country_iso": "TUR"}, {"h3index": "872da8985ffffff", "population_2015": 20331.38744081983, "total_built_mass_tons": 1218590.9475264042, "city_id": 4424, "country_iso": "TUR"}, {"h3index": "872da8988ffffff", "population_2015": 116583.65366730036, "total_built_mass_tons": 6689161.58896999, "city_id": 4424, "country_iso": "TUR"}, {"h3index": "872da8989ffffff", "population_2015": 47655.82916619544, "total_built_mass_tons": 5940982.8471614905, "city_id": 4424, "country_iso": "TUR"}, {"h3index": "872da898affffff", "population_2015": 4445.4821091558415, "total_built_mass_tons": 959098.9645348956, "city_id": 4424, "country_iso": "TUR"}, {"h3index": "872da898bffffff", "population_2015": 83767.26936165302, "total_built_mass_tons": 5227578.442531984, "city_id": 4424, "country_iso": "TUR"}, {"h3index": "872da898cffffff", "population_2015": 41538.8993322036, "total_built_mass_tons": 6895530.547353335, "city_id": 4424, "country_iso": "TUR"}, {"h3index": "872da898dffffff", "population_2015": 50906.64405960383, "total_built_mass_tons": 7088917.875139324, "city_id": 4424, "country_iso": "TUR"}, {"h3index": "872da898effffff", "population_2015": 15595.515000279747, "total_built_mass_tons": 1745320.9075623697, "city_id": 4424, "country_iso": "TUR"}, {"h3index": "872da8998ffffff", "population_2015": 3000.636757323321, "total_built_mass_tons": 454320.7700227949, "city_id": 4424, "country_iso": "TUR"}, {"h3index": "872da8999ffffff", "population_2015": 511.7963030684228, "total_built_mass_tons": 494473.26170062466, "city_id": 4424, "country_iso": "TUR"}, {"h3index": "872da899bffffff", "population_2015": 18.07590973704469, "total_built_mass_tons": 11541.313717374403, "city_id": 4424, "country_iso": "TUR"}, {"h3index": "872da899dffffff", "population_2015": 14653.947569230026, "total_built_mass_tons": 1447408.1452322495, "city_id": 4424, "country_iso": "TUR"}, {"h3index": "872da89a8ffffff", "population_2015": 5409.259012581322, "total_built_mass_tons": 1149542.6895464745, "city_id": 4424, "country_iso": "TUR"}, {"h3index": "872da89a9ffffff", "population_2015": 12340.81183345832, "total_built_mass_tons": 2282741.033888778, "city_id": 4424, "country_iso": "TUR"}, {"h3index": "872da89aaffffff", "population_2015": 13833.185130093148, "total_built_mass_tons": 2319944.458358645, "city_id": 4424, "country_iso": "TUR"}, {"h3index": "872da89abffffff", "population_2015": 28663.69248061834, "total_built_mass_tons": 4915113.769277516, "city_id": 4424, "country_iso": "TUR"}, {"h3index": "872da89aeffffff", "population_2015": 278.37337790096507, "total_built_mass_tons": 48993.41954554222, "city_id": 4424, "country_iso": "TUR"}]