[{"h3index":"87488a608ffffff","population_2015":2173.4471154783,"total_built_mass_tons":1013711.1215331642,"city_id":248,"country_iso":"USA"},{"h3index":"87488a609ffffff","population_2015":389.4466178013,"total_built_mass_tons":243967.3316461872,"city_id":248,"country_iso":"USA"},{"h3index":"87488a60affffff","population_2015":3340.1641862214,"total_built_mass_tons":1937464.949477399,"city_id":248,"country_iso":"USA"},{"h3index":"87488a60bffffff","population_2015":6797.1060331915,"total_built_mass_tons":3144008.5768020195,"city_id":248,"country_iso":"USA"},{"h3index":"87488a619ffffff","population_2015":734.0418918361,"total_built_mass_tons":445456.9100367712,"city_id":248,"country_iso":"USA"},{"h3index":"87488a61bffffff","population_2015":0.0104321685,"total_built_mass_tons":12857.7405115882,"city_id":248,"country_iso":"USA"},{"h3index":"87488a6c4ffffff","population_2015":2031.3928289556,"total_built_mass_tons":906108.5861681736,"city_id":248,"country_iso":"USA"},{"h3index":"87488a6e0ffffff","population_2015":8112.1859570562,"total_built_mass_tons":3714221.2665769299,"city_id":248,"country_iso":"USA"},{"h3index":"87488a6e1ffffff","population_2015":1863.4361459807,"total_built_mass_tons":552014.7231403894,"city_id":248,"country_iso":"USA"},{"h3index":"87488a6e2ffffff","population_2015":4579.4025602454,"total_built_mass_tons":3819506.2466078768,"city_id":248,"country_iso":"USA"},{"h3index":"87488a6e3ffffff","population_2015":1952.5355395034,"total_built_mass_tons":1422654.8685515062,"city_id":248,"country_iso":"USA"},{"h3index":"87488a6e4ffffff","population_2015":6181.3615067666,"total_built_mass_tons":2860647.471441621,"city_id":248,"country_iso":"USA"},{"h3index":"87488a6e5ffffff","population_2015":2876.9983204124,"total_built_mass_tons":1627009.5485833564,"city_id":248,"country_iso":"USA"},{"h3index":"87488a6e6ffffff","population_2015":4226.3134455623,"total_built_mass_tons":2862505.8324355879,"city_id":248,"country_iso":"USA"},{"h3index":"87488a6f1ffffff","population_2015":1058.4274690443,"total_built_mass_tons":739079.6597206858,"city_id":248,"country_iso":"USA"},{"h3index":"87488a6f5ffffff","population_2015":1196.4645924226,"total_built_mass_tons":719990.7851865093,"city_id":248,"country_iso":"USA"}]