[{"h3index": "872e61400ffffff", "population_2015": 11004.58222916173, "total_built_mass_tons": 2780798.8557035504, "city_id": 12902, "country_iso": "JPN"}, {"h3index": "872e61402ffffff", "population_2015": 10658.299071124957, "total_built_mass_tons": 2608356.7076998055, "city_id": 12902, "country_iso": "JPN"}, {"h3index": "872e61403ffffff", "population_2015": 79.07907179664163, "total_built_mass_tons": 16577.86584751728, "city_id": 12902, "country_iso": "JPN"}, {"h3index": "872e61404ffffff", "population_2015": 12369.793919701671, "total_built_mass_tons": 4439452.822643194, "city_id": 12902, "country_iso": "JPN"}, {"h3index": "872e61406ffffff", "population_2015": 564.0168349434348, "total_built_mass_tons": 216483.2742178134, "city_id": 12902, "country_iso": "JPN"}, {"h3index": "872e61410ffffff", "population_2015": 5273.803045340144, "total_built_mass_tons": 1335743.9527449133, "city_id": 12902, "country_iso": "JPN"}, {"h3index": "872e61411ffffff", "population_2015": 4759.485427035538, "total_built_mass_tons": 1951781.3804616495, "city_id": 12902, "country_iso": "JPN"}, {"h3index": "872e61412ffffff", "population_2015": 4764.452154286701, "total_built_mass_tons": 1562363.1889032214, "city_id": 12902, "country_iso": "JPN"}, {"h3index": "872e61413ffffff", "population_2015": 3390.132154604968, "total_built_mass_tons": 1319499.7399878534, "city_id": 12902, "country_iso": "JPN"}, {"h3index": "872e61415ffffff", "population_2015": 942.8066949545168, "total_built_mass_tons": 310108.7095425234, "city_id": 12902, "country_iso": "JPN"}, {"h3index": "872e61420ffffff", "population_2015": 6743.366361098198, "total_built_mass_tons": 2063956.706675562, "city_id": 12902, "country_iso": "JPN"}, {"h3index": "872e61422ffffff", "population_2015": 8546.970660220873, "total_built_mass_tons": 3465804.0764149316, "city_id": 12902, "country_iso": "JPN"}, {"h3index": "872e61423ffffff", "population_2015": 2198.2666136535936, "total_built_mass_tons": 645211.5323542953, "city_id": 12902, "country_iso": "JPN"}, {"h3index": "872e61424ffffff", "population_2015": 6974.5652809666635, "total_built_mass_tons": 2097198.587319981, "city_id": 12902, "country_iso": "JPN"}, {"h3index": "872e61425ffffff", "population_2015": 177.25321941188736, "total_built_mass_tons": 68568.27752886066, "city_id": 12902, "country_iso": "JPN"}, {"h3index": "872e61426ffffff", "population_2015": 12539.87676550921, "total_built_mass_tons": 3596030.530853688, "city_id": 12902, "country_iso": "JPN"}, {"h3index": "872e61430ffffff", "population_2015": 1686.6149963061018, "total_built_mass_tons": 937657.5221197158, "city_id": 12902, "country_iso": "JPN"}, {"h3index": "872e61432ffffff", "population_2015": 2046.0847482774773, "total_built_mass_tons": 1541239.0358444024, "city_id": 12902, "country_iso": "JPN"}, {"h3index": "872e61433ffffff", "population_2015": 17.706436710731655, "total_built_mass_tons": 99428.31727286812, "city_id": 12902, "country_iso": "JPN"}, {"h3index": "872e61434ffffff", "population_2015": 9926.273553175084, "total_built_mass_tons": 3199841.0489609744, "city_id": 12902, "country_iso": "JPN"}, {"h3index": "872e61435ffffff", "population_2015": 7211.689127574246, "total_built_mass_tons": 1615185.7181783624, "city_id": 12902, "country_iso": "JPN"}, {"h3index": "872e61436ffffff", "population_2015": 10240.639658585716, "total_built_mass_tons": 2711971.3951146672, "city_id": 12902, "country_iso": "JPN"}, {"h3index": "872e61484ffffff", "population_2015": 1107.5242135534102, "total_built_mass_tons": 573032.5872054319, "city_id": 12902, "country_iso": "JPN"}, {"h3index": "872e61486ffffff", "population_2015": 582.0325033617954, "total_built_mass_tons": 299672.9517616942, "city_id": 12902, "country_iso": "JPN"}, {"h3index": "872e614a0ffffff", "population_2015": 9526.528464623996, "total_built_mass_tons": 3004144.909433757, "city_id": 12902, "country_iso": "JPN"}, {"h3index": "872e614a1ffffff", "population_2015": 6250.572078317753, "total_built_mass_tons": 2453554.2422983083, "city_id": 12902, "country_iso": "JPN"}, {"h3index": "872e614a2ffffff", "population_2015": 6308.668853009915, "total_built_mass_tons": 2156749.5699963067, "city_id": 12902, "country_iso": "JPN"}, {"h3index": "872e614a3ffffff", "population_2015": 962.1904659757428, "total_built_mass_tons": 385794.7310768721, "city_id": 12902, "country_iso": "JPN"}, {"h3index": "872e614a5ffffff", "population_2015": 648.0091310594597, "total_built_mass_tons": 290370.00710355997, "city_id": 12902, "country_iso": "JPN"}, {"h3index": "872e614a6ffffff", "population_2015": 181.41345693363863, "total_built_mass_tons": 752326.8408397376, "city_id": 12902, "country_iso": "JPN"}, {"h3index": "872e614acffffff", "population_2015": 679.2417580062267, "total_built_mass_tons": 336740.6458876401, "city_id": 12902, "country_iso": "JPN"}, {"h3index": "872e614b1ffffff", "population_2015": 1903.0593176383595, "total_built_mass_tons": 866971.9972600581, "city_id": 12902, "country_iso": "JPN"}, {"h3index": "872e61508ffffff", "population_2015": 134.60065863553214, "total_built_mass_tons": 83346.44871058414, "city_id": 12902, "country_iso": "JPN"}, {"h3index": "872e6150affffff", "population_2015": 2615.080373868755, "total_built_mass_tons": 1317459.0984460432, "city_id": 12902, "country_iso": "JPN"}, {"h3index": "872e6150bffffff", "population_2015": 2372.1713020137704, "total_built_mass_tons": 1323748.7378756516, "city_id": 12902, "country_iso": "JPN"}, {"h3index": "872e61513ffffff", "population_2015": 97.56392502130244, "total_built_mass_tons": 57021.82658402725, "city_id": 12902, "country_iso": "JPN"}, {"h3index": "872e61518ffffff", "population_2015": 2194.99048421149, "total_built_mass_tons": 644042.0809344549, "city_id": 12902, "country_iso": "JPN"}, {"h3index": "872e61519ffffff", "population_2015": 3912.154870452132, "total_built_mass_tons": 899537.4023405194, "city_id": 12902, "country_iso": "JPN"}, {"h3index": "872e6151affffff", "population_2015": 17049.606621693634, "total_built_mass_tons": 4934830.419993059, "city_id": 12902, "country_iso": "JPN"}, {"h3index": "872e6151bffffff", "population_2015": 17761.648983502855, "total_built_mass_tons": 4639871.583968721, "city_id": 12902, "country_iso": "JPN"}, {"h3index": "872e6151dffffff", "population_2015": 198.2828526908276, "total_built_mass_tons": 125641.96741575282, "city_id": 12902, "country_iso": "JPN"}, {"h3index": "872e6151effffff", "population_2015": 3213.626611313165, "total_built_mass_tons": 1083011.9795358877, "city_id": 12902, "country_iso": "JPN"}, {"h3index": "872e61580ffffff", "population_2015": 7537.524562573901, "total_built_mass_tons": 2126293.8961796006, "city_id": 12902, "country_iso": "JPN"}, {"h3index": "872e61581ffffff", "population_2015": 18544.533796351578, "total_built_mass_tons": 4318369.824393388, "city_id": 12902, "country_iso": "JPN"}, {"h3index": "872e61582ffffff", "population_2015": 1211.0325252682553, "total_built_mass_tons": 718270.7400936042, "city_id": 12902, "country_iso": "JPN"}, {"h3index": "872e61583ffffff", "population_2015": 7986.887053233502, "total_built_mass_tons": 2071010.1679340552, "city_id": 12902, "country_iso": "JPN"}, {"h3index": "872e61584ffffff", "population_2015": 1703.198774868834, "total_built_mass_tons": 782234.9320670399, "city_id": 12902, "country_iso": "JPN"}, {"h3index": "872e61585ffffff", "population_2015": 7298.662417587577, "total_built_mass_tons": 2672579.5373772113, "city_id": 12902, "country_iso": "JPN"}, {"h3index": "872e61586ffffff", "population_2015": 5167.912288602191, "total_built_mass_tons": 1922364.411873822, "city_id": 12902, "country_iso": "JPN"}, {"h3index": "872e61588ffffff", "population_2015": 1045.454534657796, "total_built_mass_tons": 674060.6402001372, "city_id": 12902, "country_iso": "JPN"}, {"h3index": "872e6158affffff", "population_2015": 126.95108014275044, "total_built_mass_tons": 83480.62178292515, "city_id": 12902, "country_iso": "JPN"}, {"h3index": "872e6158cffffff", "population_2015": 7944.452694627351, "total_built_mass_tons": 2421530.9989996096, "city_id": 12902, "country_iso": "JPN"}, {"h3index": "872e6158dffffff", "population_2015": 2888.278599540861, "total_built_mass_tons": 1347296.0861771528, "city_id": 12902, "country_iso": "JPN"}, {"h3index": "872e6158effffff", "population_2015": 2987.3495145966035, "total_built_mass_tons": 1342503.1594915064, "city_id": 12902, "country_iso": "JPN"}, {"h3index": "872e61595ffffff", "population_2015": 925.411690682056, "total_built_mass_tons": 633596.19153239, "city_id": 12902, "country_iso": "JPN"}, {"h3index": "872e61599ffffff", "population_2015": 3199.6359935461305, "total_built_mass_tons": 1568085.387995918, "city_id": 12902, "country_iso": "JPN"}, {"h3index": "872e6159bffffff", "population_2015": 19.16316148346546, "total_built_mass_tons": 14773.334066322808, "city_id": 12902, "country_iso": "JPN"}, {"h3index": "872e6159dffffff", "population_2015": 414.8713257957908, "total_built_mass_tons": 233159.0188677774, "city_id": 12902, "country_iso": "JPN"}, {"h3index": "872e615a1ffffff", "population_2015": 72.26084644841214, "total_built_mass_tons": 38814.377542311646, "city_id": 12902, "country_iso": "JPN"}, {"h3index": "872e615a3ffffff", "population_2015": 2115.28419973149, "total_built_mass_tons": 1005405.1616101528, "city_id": 12902, "country_iso": "JPN"}, {"h3index": "872e615a8ffffff", "population_2015": 9858.394335131554, "total_built_mass_tons": 3112437.479527955, "city_id": 12902, "country_iso": "JPN"}, {"h3index": "872e615a9ffffff", "population_2015": 17565.506985791522, "total_built_mass_tons": 5357202.694658475, "city_id": 12902, "country_iso": "JPN"}, {"h3index": "872e615aaffffff", "population_2015": 13010.683725562754, "total_built_mass_tons": 4213188.55850734, "city_id": 12902, "country_iso": "JPN"}, {"h3index": "872e615abffffff", "population_2015": 20037.7314682306, "total_built_mass_tons": 4786815.151752926, "city_id": 12902, "country_iso": "JPN"}, {"h3index": "872e615acffffff", "population_2015": 1425.9271321969877, "total_built_mass_tons": 603307.346739146, "city_id": 12902, "country_iso": "JPN"}, {"h3index": "872e615adffffff", "population_2015": 7770.6560606414205, "total_built_mass_tons": 2278556.310371613, "city_id": 12902, "country_iso": "JPN"}, {"h3index": "872e615aeffffff", "population_2015": 9170.30698267993, "total_built_mass_tons": 2812805.8630935773, "city_id": 12902, "country_iso": "JPN"}, {"h3index": "872e615b3ffffff", "population_2015": 384.3508275817423, "total_built_mass_tons": 233754.32482599549, "city_id": 12902, "country_iso": "JPN"}]