[{"h3index":"873ced264ffffff","population_2015":11.6059675217,"total_built_mass_tons":20972.3119845836,"city_id":10087,"country_iso":"IND"},{"h3index":"873ced34affffff","population_2015":274.2137393652,"total_built_mass_tons":86311.0671868713,"city_id":10087,"country_iso":"IND"},{"h3index":"873ced359ffffff","population_2015":743.3620233536,"total_built_mass_tons":401887.4236719287,"city_id":10087,"country_iso":"IND"},{"h3index":"873ced35dffffff","population_2015":280.0138941896,"total_built_mass_tons":65077.5510440929,"city_id":10087,"country_iso":"IND"}]