[{"h3index": "872c8d44affffff", "population_2015": 440.4015238369213, "total_built_mass_tons": 259111.14548104655, "city_id": 5716, "country_iso": "IRN"}, {"h3index": "872c8d44bffffff", "population_2015": 626.2188034057617, "total_built_mass_tons": 254773.79853539696, "city_id": 5716, "country_iso": "IRN"}, {"h3index": "872c8d458ffffff", "population_2015": 1011.7571942235908, "total_built_mass_tons": 276498.3819961325, "city_id": 5716, "country_iso": "IRN"}, {"h3index": "872c8d459ffffff", "population_2015": 1955.371658340155, "total_built_mass_tons": 651701.2215077204, "city_id": 5716, "country_iso": "IRN"}, {"h3index": "872c8d45dffffff", "population_2015": 702.9836836683984, "total_built_mass_tons": 211624.2176966746, "city_id": 5716, "country_iso": "IRN"}, {"h3index": "872c8d710ffffff", "population_2015": 6142.090518637266, "total_built_mass_tons": 2524824.372455991, "city_id": 5716, "country_iso": "IRN"}, {"h3index": "872c8d711ffffff", "population_2015": 341.20576437033856, "total_built_mass_tons": 104414.778213045, "city_id": 5716, "country_iso": "IRN"}, {"h3index": "872c8d712ffffff", "population_2015": 10781.652087320062, "total_built_mass_tons": 6426292.781521214, "city_id": 5716, "country_iso": "IRN"}, {"h3index": "872c8d713ffffff", "population_2015": 4293.792789345163, "total_built_mass_tons": 1342513.9188151693, "city_id": 5716, "country_iso": "IRN"}, {"h3index": "872c8d716ffffff", "population_2015": 3371.7200295840985, "total_built_mass_tons": 1400412.6515853729, "city_id": 5716, "country_iso": "IRN"}, {"h3index": "872c8d7a0ffffff", "population_2015": 3070.4127983841236, "total_built_mass_tons": 1317311.9790207604, "city_id": 5716, "country_iso": "IRN"}, {"h3index": "872c8d7a1ffffff", "population_2015": 9280.239554214471, "total_built_mass_tons": 4696747.011554968, "city_id": 5716, "country_iso": "IRN"}, {"h3index": "872c8d7a3ffffff", "population_2015": 237.69962410272336, "total_built_mass_tons": 134502.3935344526, "city_id": 5716, "country_iso": "IRN"}, {"h3index": "872c8d7a4ffffff", "population_2015": 5297.750066342073, "total_built_mass_tons": 2385177.9330546223, "city_id": 5716, "country_iso": "IRN"}, {"h3index": "872c8d7a5ffffff", "population_2015": 10357.608806602626, "total_built_mass_tons": 6098153.145353423, "city_id": 5716, "country_iso": "IRN"}, {"h3index": "872c8d7a8ffffff", "population_2015": 1487.5345141242533, "total_built_mass_tons": 462687.4612697927, "city_id": 5716, "country_iso": "IRN"}, {"h3index": "872c8d7aaffffff", "population_2015": 112.72140057133691, "total_built_mass_tons": 117883.50851875811, "city_id": 5716, "country_iso": "IRN"}, {"h3index": "872c8d7abffffff", "population_2015": 681.1235224555521, "total_built_mass_tons": 359396.030532071, "city_id": 5716, "country_iso": "IRN"}, {"h3index": "872c8d7acffffff", "population_2015": 7253.387919938329, "total_built_mass_tons": 3197933.896280227, "city_id": 5716, "country_iso": "IRN"}, {"h3index": "872c8d7adffffff", "population_2015": 2738.1951807657874, "total_built_mass_tons": 1039526.089931539, "city_id": 5716, "country_iso": "IRN"}, {"h3index": "872c8d7aeffffff", "population_2015": 2486.8212188197112, "total_built_mass_tons": 671220.1400438037, "city_id": 5716, "country_iso": "IRN"}]