[{"h3index":"8724de2b0ffffff","population_2015":13715.0921708668,"total_built_mass_tons":3144260.8368736799,"city_id":10230,"country_iso":"CHN"},{"h3index":"8724de2b2ffffff","population_2015":7173.1266224992,"total_built_mass_tons":2305202.2994591198,"city_id":10230,"country_iso":"CHN"},{"h3index":"8724de2b4ffffff","population_2015":8526.7353822185,"total_built_mass_tons":2062409.3841348549,"city_id":10230,"country_iso":"CHN"},{"h3index":"8724de2b5ffffff","population_2015":1435.7838914273,"total_built_mass_tons":230696.1199010148,"city_id":10230,"country_iso":"CHN"},{"h3index":"8724de2b6ffffff","population_2015":17334.8181009218,"total_built_mass_tons":4694833.3993067378,"city_id":10230,"country_iso":"CHN"},{"h3index":"8724de39bffffff","population_2015":360.4825038012,"total_built_mass_tons":55959.3017450808,"city_id":10230,"country_iso":"CHN"},{"h3index":"8724de74dffffff","population_2015":2890.818861881,"total_built_mass_tons":897315.4651980088,"city_id":10230,"country_iso":"CHN"},{"h3index":"8724de76bffffff","population_2015":2488.0761835556,"total_built_mass_tons":705231.9977873142,"city_id":10230,"country_iso":"CHN"}]