[{"h3index":"872aaa840ffffff","population_2015":8515.313915818,"total_built_mass_tons":1824738.568982064,"city_id":858,"country_iso":"USA"},{"h3index":"872aaa842ffffff","population_2015":9176.7217832855,"total_built_mass_tons":2333007.4029783574,"city_id":858,"country_iso":"USA"},{"h3index":"872aaa843ffffff","population_2015":4772.7285373759,"total_built_mass_tons":2236504.39277831,"city_id":858,"country_iso":"USA"},{"h3index":"872aaa846ffffff","population_2015":8996.9943484007,"total_built_mass_tons":2236005.6227912926,"city_id":858,"country_iso":"USA"},{"h3index":"872aaa851ffffff","population_2015":2806.5292382388,"total_built_mass_tons":891605.2337375976,"city_id":858,"country_iso":"USA"},{"h3index":"872aaa854ffffff","population_2015":0.6007327046,"total_built_mass_tons":59046.1309752056,"city_id":858,"country_iso":"USA"},{"h3index":"872aaa855ffffff","population_2015":7303.8852342828,"total_built_mass_tons":1939098.410387079,"city_id":858,"country_iso":"USA"},{"h3index":"872aaa858ffffff","population_2015":805.299826026,"total_built_mass_tons":227523.4205085535,"city_id":858,"country_iso":"USA"},{"h3index":"872aaa85cffffff","population_2015":9898.059367596,"total_built_mass_tons":2217155.414006989,"city_id":858,"country_iso":"USA"},{"h3index":"872aaa85dffffff","population_2015":86.0157735525,"total_built_mass_tons":513735.3701262304,"city_id":858,"country_iso":"USA"},{"h3index":"872aaa85effffff","population_2015":200.2279947239,"total_built_mass_tons":87092.8837019249,"city_id":858,"country_iso":"USA"}]