[{"h3index":"872b81b21ffffff","population_2015":0.2213879604,"total_built_mass_tons":1648.5148687225,"city_id":1017,"country_iso":"CAN"},{"h3index":"872b81b2cffffff","population_2015":152.0193631621,"total_built_mass_tons":71518.4608411584,"city_id":1017,"country_iso":"CAN"},{"h3index":"872b81b40ffffff","population_2015":4944.2127556579,"total_built_mass_tons":1450640.4160171098,"city_id":1017,"country_iso":"CAN"},{"h3index":"872b81b44ffffff","population_2015":3734.0330328332,"total_built_mass_tons":1345573.426507588,"city_id":1017,"country_iso":"CAN"},{"h3index":"872b81b45ffffff","population_2015":2025.1633604891,"total_built_mass_tons":673666.771579643,"city_id":1017,"country_iso":"CAN"},{"h3index":"872b81b46ffffff","population_2015":4046.9894022836,"total_built_mass_tons":1250496.7987462389,"city_id":1017,"country_iso":"CAN"},{"h3index":"872b81b60ffffff","population_2015":2921.0053239846,"total_built_mass_tons":1207082.8211558708,"city_id":1017,"country_iso":"CAN"},{"h3index":"872b81b62ffffff","population_2015":1178.2667318708,"total_built_mass_tons":1776407.1456536972,"city_id":1017,"country_iso":"CAN"},{"h3index":"872b81b63ffffff","population_2015":9.4978367618,"total_built_mass_tons":24780.2823278885,"city_id":1017,"country_iso":"CAN"},{"h3index":"872b81b64ffffff","population_2015":10163.9318737953,"total_built_mass_tons":3639854.7620868478,"city_id":1017,"country_iso":"CAN"},{"h3index":"872b81b65ffffff","population_2015":1403.6397795981,"total_built_mass_tons":626419.1156594505,"city_id":1017,"country_iso":"CAN"},{"h3index":"872b81b66ffffff","population_2015":2587.2086703279,"total_built_mass_tons":1589757.7884316861,"city_id":1017,"country_iso":"CAN"},{"h3index":"872b81b71ffffff","population_2015":1032.881414833,"total_built_mass_tons":388469.3519671746,"city_id":1017,"country_iso":"CAN"},{"h3index":"872b81b75ffffff","population_2015":1161.6199383565,"total_built_mass_tons":604608.5606338945,"city_id":1017,"country_iso":"CAN"},{"h3index":"872baa082ffffff","population_2015":0.880872226,"total_built_mass_tons":108958.3897275867,"city_id":1017,"country_iso":"CAN"},{"h3index":"872baa083ffffff","population_2015":4975.9289328639,"total_built_mass_tons":1144704.7029548243,"city_id":1017,"country_iso":"CAN"},{"h3index":"872baa08affffff","population_2015":239.4664688863,"total_built_mass_tons":202932.414196591,"city_id":1017,"country_iso":"CAN"},{"h3index":"872baa08effffff","population_2015":4.5641535782,"total_built_mass_tons":43769.6144009381,"city_id":1017,"country_iso":"CAN"},{"h3index":"872baa090ffffff","population_2015":11288.8900545266,"total_built_mass_tons":3192086.3503091955,"city_id":1017,"country_iso":"CAN"},{"h3index":"872baa091ffffff","population_2015":14501.1339053069,"total_built_mass_tons":3437717.8424378764,"city_id":1017,"country_iso":"CAN"},{"h3index":"872baa092ffffff","population_2015":12824.2895549433,"total_built_mass_tons":3984032.7766118059,"city_id":1017,"country_iso":"CAN"},{"h3index":"872baa093ffffff","population_2015":27107.2826422801,"total_built_mass_tons":5161512.6714965142,"city_id":1017,"country_iso":"CAN"},{"h3index":"872baa094ffffff","population_2015":1653.1935634514,"total_built_mass_tons":4432922.2202305067,"city_id":1017,"country_iso":"CAN"},{"h3index":"872baa095ffffff","population_2015":316.3063490943,"total_built_mass_tons":897671.1197691,"city_id":1017,"country_iso":"CAN"},{"h3index":"872baa096ffffff","population_2015":7885.395832295,"total_built_mass_tons":4090508.2217167034,"city_id":1017,"country_iso":"CAN"},{"h3index":"872baa098ffffff","population_2015":16626.797976089,"total_built_mass_tons":4402753.8967195489,"city_id":1017,"country_iso":"CAN"},{"h3index":"872baa099ffffff","population_2015":11228.3261018085,"total_built_mass_tons":3844445.0855538761,"city_id":1017,"country_iso":"CAN"},{"h3index":"872baa09affffff","population_2015":19168.4232891141,"total_built_mass_tons":4642869.3254392641,"city_id":1017,"country_iso":"CAN"},{"h3index":"872baa09bffffff","population_2015":15171.5242012725,"total_built_mass_tons":4849932.6152936192,"city_id":1017,"country_iso":"CAN"},{"h3index":"872baa09cffffff","population_2015":8879.0522466956,"total_built_mass_tons":3724267.4860995868,"city_id":1017,"country_iso":"CAN"},{"h3index":"872baa09dffffff","population_2015":13217.8586358545,"total_built_mass_tons":3323455.8507183595,"city_id":1017,"country_iso":"CAN"},{"h3index":"872baa09effffff","population_2015":16465.7235741673,"total_built_mass_tons":4316593.9052877026,"city_id":1017,"country_iso":"CAN"},{"h3index":"872baa0b2ffffff","population_2015":8972.7878898116,"total_built_mass_tons":3002083.2746661659,"city_id":1017,"country_iso":"CAN"},{"h3index":"872baa0b3ffffff","population_2015":713.6431764473,"total_built_mass_tons":2396885.8870533858,"city_id":1017,"country_iso":"CAN"},{"h3index":"872baa0b6ffffff","population_2015":815.6546459609,"total_built_mass_tons":265049.4426057657,"city_id":1017,"country_iso":"CAN"},{"h3index":"872baa401ffffff","population_2015":158.2939309752,"total_built_mass_tons":47032.4542604878,"city_id":1017,"country_iso":"CAN"},{"h3index":"872baa402ffffff","population_2015":4650.169053023,"total_built_mass_tons":1847429.1022733888,"city_id":1017,"country_iso":"CAN"},{"h3index":"872baa403ffffff","population_2015":10528.1723784043,"total_built_mass_tons":2475675.1825980218,"city_id":1017,"country_iso":"CAN"},{"h3index":"872baa406ffffff","population_2015":5649.6650408792,"total_built_mass_tons":1807100.6143059279,"city_id":1017,"country_iso":"CAN"},{"h3index":"872baa408ffffff","population_2015":10013.3313937373,"total_built_mass_tons":4502749.3086056095,"city_id":1017,"country_iso":"CAN"},{"h3index":"872baa409ffffff","population_2015":14753.5360478574,"total_built_mass_tons":4644120.8550512549,"city_id":1017,"country_iso":"CAN"},{"h3index":"872baa40affffff","population_2015":4139.7781174804,"total_built_mass_tons":3536168.8084107502,"city_id":1017,"country_iso":"CAN"},{"h3index":"872baa40bffffff","population_2015":9414.7038853781,"total_built_mass_tons":4559752.1545579135,"city_id":1017,"country_iso":"CAN"},{"h3index":"872baa40cffffff","population_2015":3156.2865629187,"total_built_mass_tons":1501490.7732331634,"city_id":1017,"country_iso":"CAN"},{"h3index":"872baa40dffffff","population_2015":12765.3260588657,"total_built_mass_tons":3802790.7468901854,"city_id":1017,"country_iso":"CAN"},{"h3index":"872baa40effffff","population_2015":18436.4070156264,"total_built_mass_tons":4443968.5806418248,"city_id":1017,"country_iso":"CAN"},{"h3index":"872baa410ffffff","population_2015":3.3162534627,"total_built_mass_tons":7064.5851872091,"city_id":1017,"country_iso":"CAN"},{"h3index":"872baa411ffffff","population_2015":4418.2605142696,"total_built_mass_tons":1708640.2013189071,"city_id":1017,"country_iso":"CAN"},{"h3index":"872baa412ffffff","population_2015":1310.5245943424,"total_built_mass_tons":1252530.8828869506,"city_id":1017,"country_iso":"CAN"},{"h3index":"872baa413ffffff","population_2015":9715.5024419397,"total_built_mass_tons":2616953.2204541266,"city_id":1017,"country_iso":"CAN"},{"h3index":"872baa414ffffff","population_2015":4810.9332136854,"total_built_mass_tons":1246474.136509171,"city_id":1017,"country_iso":"CAN"},{"h3index":"872baa415ffffff","population_2015":7051.7310245818,"total_built_mass_tons":2839280.1347479098,"city_id":1017,"country_iso":"CAN"},{"h3index":"872baa416ffffff","population_2015":2.4792905966,"total_built_mass_tons":4744.1944984439,"city_id":1017,"country_iso":"CAN"},{"h3index":"872baa418ffffff","population_2015":5730.8228801783,"total_built_mass_tons":1953118.1535654031,"city_id":1017,"country_iso":"CAN"},{"h3index":"872baa419ffffff","population_2015":13460.6110910825,"total_built_mass_tons":4066137.238906241,"city_id":1017,"country_iso":"CAN"},{"h3index":"872baa41affffff","population_2015":10413.0798005327,"total_built_mass_tons":3725899.6624242538,"city_id":1017,"country_iso":"CAN"},{"h3index":"872baa41bffffff","population_2015":8211.2395673107,"total_built_mass_tons":2165198.1854616785,"city_id":1017,"country_iso":"CAN"},{"h3index":"872baa41cffffff","population_2015":4049.3494659356,"total_built_mass_tons":1631957.9827542074,"city_id":1017,"country_iso":"CAN"},{"h3index":"872baa41dffffff","population_2015":7962.9563790294,"total_built_mass_tons":2005524.133471492,"city_id":1017,"country_iso":"CAN"},{"h3index":"872baa41effffff","population_2015":7923.3931039661,"total_built_mass_tons":2988948.691058265,"city_id":1017,"country_iso":"CAN"},{"h3index":"872baa428ffffff","population_2015":298.9701551178,"total_built_mass_tons":1362475.3418207469,"city_id":1017,"country_iso":"CAN"},{"h3index":"872baa429ffffff","population_2015":24790.68172328,"total_built_mass_tons":3642637.2898384882,"city_id":1017,"country_iso":"CAN"},{"h3index":"872baa42bffffff","population_2015":4503.9733209016,"total_built_mass_tons":3034756.445562141,"city_id":1017,"country_iso":"CAN"},{"h3index":"872baa42cffffff","population_2015":29.1433033158,"total_built_mass_tons":15837.7283792615,"city_id":1017,"country_iso":"CAN"},{"h3index":"872baa42dffffff","population_2015":7704.2246919936,"total_built_mass_tons":1632219.3663337384,"city_id":1017,"country_iso":"CAN"},{"h3index":"872baa440ffffff","population_2015":45565.4764590188,"total_built_mass_tons":6459726.4335516822,"city_id":1017,"country_iso":"CAN"},{"h3index":"872baa441ffffff","population_2015":17001.8423742038,"total_built_mass_tons":3312224.3115632413,"city_id":1017,"country_iso":"CAN"},{"h3index":"872baa442ffffff","population_2015":31599.9919700311,"total_built_mass_tons":5029275.0842426578,"city_id":1017,"country_iso":"CAN"},{"h3index":"872baa443ffffff","population_2015":46975.8332059092,"total_built_mass_tons":7075778.9728291286,"city_id":1017,"country_iso":"CAN"},{"h3index":"872baa444ffffff","population_2015":52796.5432548513,"total_built_mass_tons":6973530.5048995968,"city_id":1017,"country_iso":"CAN"},{"h3index":"872baa445ffffff","population_2015":61255.2592758349,"total_built_mass_tons":7949302.3672941178,"city_id":1017,"country_iso":"CAN"},{"h3index":"872baa446ffffff","population_2015":45967.5562877451,"total_built_mass_tons":6661562.9136012364,"city_id":1017,"country_iso":"CAN"},{"h3index":"872baa448ffffff","population_2015":27621.8801714448,"total_built_mass_tons":5676355.6809030641,"city_id":1017,"country_iso":"CAN"},{"h3index":"872baa449ffffff","population_2015":20410.8963759032,"total_built_mass_tons":2509034.8986920547,"city_id":1017,"country_iso":"CAN"},{"h3index":"872baa44affffff","population_2015":29017.3942465142,"total_built_mass_tons":5812260.0718980115,"city_id":1017,"country_iso":"CAN"},{"h3index":"872baa44bffffff","population_2015":15742.5259045817,"total_built_mass_tons":4069622.1234386526,"city_id":1017,"country_iso":"CAN"},{"h3index":"872baa44cffffff","population_2015":39088.6840324438,"total_built_mass_tons":6894766.0319378264,"city_id":1017,"country_iso":"CAN"},{"h3index":"872baa44dffffff","population_2015":25819.4996765255,"total_built_mass_tons":4106152.3270888352,"city_id":1017,"country_iso":"CAN"},{"h3index":"872baa44effffff","population_2015":29409.1915540031,"total_built_mass_tons":6049599.9292729497,"city_id":1017,"country_iso":"CAN"},{"h3index":"872baa450ffffff","population_2015":19053.9544645657,"total_built_mass_tons":3845080.4579594838,"city_id":1017,"country_iso":"CAN"},{"h3index":"872baa451ffffff","population_2015":32670.1995113771,"total_built_mass_tons":5726855.3366109002,"city_id":1017,"country_iso":"CAN"},{"h3index":"872baa452ffffff","population_2015":18008.3271785862,"total_built_mass_tons":4036934.0193209611,"city_id":1017,"country_iso":"CAN"},{"h3index":"872baa453ffffff","population_2015":26041.5452837112,"total_built_mass_tons":5234659.1330579557,"city_id":1017,"country_iso":"CAN"},{"h3index":"872baa454ffffff","population_2015":19041.7808456811,"total_built_mass_tons":3613835.8724966561,"city_id":1017,"country_iso":"CAN"},{"h3index":"872baa455ffffff","population_2015":24813.8122822219,"total_built_mass_tons":5888075.4557342008,"city_id":1017,"country_iso":"CAN"},{"h3index":"872baa456ffffff","population_2015":25512.2602948488,"total_built_mass_tons":4227244.6257001013,"city_id":1017,"country_iso":"CAN"},{"h3index":"872baa458ffffff","population_2015":6713.3756815232,"total_built_mass_tons":4894392.5516435839,"city_id":1017,"country_iso":"CAN"},{"h3index":"872baa459ffffff","population_2015":31781.6099238924,"total_built_mass_tons":5318958.3478738153,"city_id":1017,"country_iso":"CAN"},{"h3index":"872baa45affffff","population_2015":4.6563191637,"total_built_mass_tons":4563346.0021231696,"city_id":1017,"country_iso":"CAN"},{"h3index":"872baa45bffffff","population_2015":1204.1600571943,"total_built_mass_tons":4562291.0951163964,"city_id":1017,"country_iso":"CAN"},{"h3index":"872baa45cffffff","population_2015":12652.5187363469,"total_built_mass_tons":5498910.7297162954,"city_id":1017,"country_iso":"CAN"},{"h3index":"872baa45dffffff","population_2015":38454.0646519408,"total_built_mass_tons":6266296.8474888466,"city_id":1017,"country_iso":"CAN"},{"h3index":"872baa45effffff","population_2015":22593.9237693005,"total_built_mass_tons":5337445.271011821,"city_id":1017,"country_iso":"CAN"},{"h3index":"872baa460ffffff","population_2015":20557.9873635096,"total_built_mass_tons":5285421.6129137417,"city_id":1017,"country_iso":"CAN"},{"h3index":"872baa461ffffff","population_2015":12062.6675380539,"total_built_mass_tons":2716177.5404481012,"city_id":1017,"country_iso":"CAN"},{"h3index":"872baa462ffffff","population_2015":39237.4372099951,"total_built_mass_tons":5492372.5532145072,"city_id":1017,"country_iso":"CAN"},{"h3index":"872baa463ffffff","population_2015":50526.0469710822,"total_built_mass_tons":6760876.6903571999,"city_id":1017,"country_iso":"CAN"},{"h3index":"872baa464ffffff","population_2015":16326.2961349687,"total_built_mass_tons":5534610.9624875262,"city_id":1017,"country_iso":"CAN"},{"h3index":"872baa465ffffff","population_2015":1656.3123477464,"total_built_mass_tons":1755242.6039597639,"city_id":1017,"country_iso":"CAN"},{"h3index":"872baa466ffffff","population_2015":30523.6306210374,"total_built_mass_tons":4911873.5456960117,"city_id":1017,"country_iso":"CAN"},{"h3index":"872baa468ffffff","population_2015":4859.005999552,"total_built_mass_tons":2452807.5964315301,"city_id":1017,"country_iso":"CAN"},{"h3index":"872baa469ffffff","population_2015":6478.1663297894,"total_built_mass_tons":2079802.2970482137,"city_id":1017,"country_iso":"CAN"},{"h3index":"872baa46affffff","population_2015":20584.0236104091,"total_built_mass_tons":9290800.480745364,"city_id":1017,"country_iso":"CAN"},{"h3index":"872baa46bffffff","population_2015":1984.8889319384,"total_built_mass_tons":2753747.6594364606,"city_id":1017,"country_iso":"CAN"},{"h3index":"872baa46cffffff","population_2015":19863.2060522255,"total_built_mass_tons":4711332.2405141406,"city_id":1017,"country_iso":"CAN"},{"h3index":"872baa46dffffff","population_2015":17038.7375323539,"total_built_mass_tons":4283544.209965324,"city_id":1017,"country_iso":"CAN"},{"h3index":"872baa46effffff","population_2015":13153.4160715938,"total_built_mass_tons":3750607.4734536191,"city_id":1017,"country_iso":"CAN"},{"h3index":"872baa470ffffff","population_2015":32649.199142583,"total_built_mass_tons":5459637.0599257387,"city_id":1017,"country_iso":"CAN"},{"h3index":"872baa471ffffff","population_2015":31819.7820962936,"total_built_mass_tons":5691829.3107661018,"city_id":1017,"country_iso":"CAN"},{"h3index":"872baa472ffffff","population_2015":20002.365737398,"total_built_mass_tons":3483280.5801997059,"city_id":1017,"country_iso":"CAN"},{"h3index":"872baa473ffffff","population_2015":28146.91215343,"total_built_mass_tons":5762036.8451104797,"city_id":1017,"country_iso":"CAN"},{"h3index":"872baa474ffffff","population_2015":25265.1337749414,"total_built_mass_tons":5967390.3499432039,"city_id":1017,"country_iso":"CAN"},{"h3index":"872baa475ffffff","population_2015":34154.7969464639,"total_built_mass_tons":5425822.2311598854,"city_id":1017,"country_iso":"CAN"},{"h3index":"872baa476ffffff","population_2015":24377.6684990775,"total_built_mass_tons":3889041.0131966737,"city_id":1017,"country_iso":"CAN"},{"h3index":"872baa488ffffff","population_2015":522.372361923,"total_built_mass_tons":218578.6780344073,"city_id":1017,"country_iso":"CAN"},{"h3index":"872baa489ffffff","population_2015":8807.6483547534,"total_built_mass_tons":3525640.7927590837,"city_id":1017,"country_iso":"CAN"},{"h3index":"872baa48dffffff","population_2015":4.0293134773,"total_built_mass_tons":4225.5061442201,"city_id":1017,"country_iso":"CAN"},{"h3index":"872baa4a0ffffff","population_2015":9658.8093719443,"total_built_mass_tons":2826017.6997021115,"city_id":1017,"country_iso":"CAN"},{"h3index":"872baa4a1ffffff","population_2015":11781.3821307577,"total_built_mass_tons":4306561.7688332871,"city_id":1017,"country_iso":"CAN"},{"h3index":"872baa4a2ffffff","population_2015":3431.6825510546,"total_built_mass_tons":1931849.0276743316,"city_id":1017,"country_iso":"CAN"},{"h3index":"872baa4a3ffffff","population_2015":2103.9343655937,"total_built_mass_tons":806883.1540716549,"city_id":1017,"country_iso":"CAN"},{"h3index":"872baa4a4ffffff","population_2015":139.2728221033,"total_built_mass_tons":30754.1465976593,"city_id":1017,"country_iso":"CAN"},{"h3index":"872baa4a5ffffff","population_2015":188.6678920277,"total_built_mass_tons":204275.5942899505,"city_id":1017,"country_iso":"CAN"},{"h3index":"872baa4a6ffffff","population_2015":3890.6809736673,"total_built_mass_tons":1142986.3450944801,"city_id":1017,"country_iso":"CAN"},{"h3index":"872baa4a8ffffff","population_2015":1126.5919743777,"total_built_mass_tons":1492449.1057856418,"city_id":1017,"country_iso":"CAN"},{"h3index":"872baa4a9ffffff","population_2015":4955.3303060452,"total_built_mass_tons":1884455.9299596981,"city_id":1017,"country_iso":"CAN"},{"h3index":"872baa4acffffff","population_2015":10700.975851861,"total_built_mass_tons":3777255.0479975664,"city_id":1017,"country_iso":"CAN"},{"h3index":"872baa4adffffff","population_2015":9039.4015494918,"total_built_mass_tons":4784641.4706062153,"city_id":1017,"country_iso":"CAN"},{"h3index":"872baa4aeffffff","population_2015":942.4900912986,"total_built_mass_tons":629231.5962274345,"city_id":1017,"country_iso":"CAN"},{"h3index":"872baa4b5ffffff","population_2015":1983.9028679955,"total_built_mass_tons":503383.1906704083,"city_id":1017,"country_iso":"CAN"},{"h3index":"872baa4c0ffffff","population_2015":9267.0674578461,"total_built_mass_tons":2372075.0767295901,"city_id":1017,"country_iso":"CAN"},{"h3index":"872baa4c1ffffff","population_2015":17153.973334793,"total_built_mass_tons":4610165.2015121691,"city_id":1017,"country_iso":"CAN"},{"h3index":"872baa4c2ffffff","population_2015":1713.8530614161,"total_built_mass_tons":1017800.5590394132,"city_id":1017,"country_iso":"CAN"},{"h3index":"872baa4c3ffffff","population_2015":11407.8460054921,"total_built_mass_tons":3339535.2793454477,"city_id":1017,"country_iso":"CAN"},{"h3index":"872baa4c4ffffff","population_2015":2668.806410935,"total_built_mass_tons":1240330.1799684102,"city_id":1017,"country_iso":"CAN"},{"h3index":"872baa4c5ffffff","population_2015":14385.8175484461,"total_built_mass_tons":4093082.3398454096,"city_id":1017,"country_iso":"CAN"},{"h3index":"872baa4c6ffffff","population_2015":6002.8848183947,"total_built_mass_tons":1970585.3432172812,"city_id":1017,"country_iso":"CAN"},{"h3index":"872baa4c8ffffff","population_2015":7577.9067721885,"total_built_mass_tons":4358046.5147200823,"city_id":1017,"country_iso":"CAN"},{"h3index":"872baa4c9ffffff","population_2015":4457.445412156,"total_built_mass_tons":1638824.9753720094,"city_id":1017,"country_iso":"CAN"},{"h3index":"872baa4caffffff","population_2015":9414.8033379568,"total_built_mass_tons":4636522.1406835485,"city_id":1017,"country_iso":"CAN"},{"h3index":"872baa4cbffffff","population_2015":8603.0948438775,"total_built_mass_tons":2823361.051024158,"city_id":1017,"country_iso":"CAN"},{"h3index":"872baa4ccffffff","population_2015":4685.214821081,"total_built_mass_tons":4615054.2730462877,"city_id":1017,"country_iso":"CAN"},{"h3index":"872baa4cdffffff","population_2015":7668.4383796631,"total_built_mass_tons":3648102.3378978674,"city_id":1017,"country_iso":"CAN"},{"h3index":"872baa4ceffffff","population_2015":18211.2096387424,"total_built_mass_tons":4817766.8145400211,"city_id":1017,"country_iso":"CAN"},{"h3index":"872baa4d0ffffff","population_2015":8392.9677975247,"total_built_mass_tons":3332686.5526791625,"city_id":1017,"country_iso":"CAN"},{"h3index":"872baa4d1ffffff","population_2015":354.7767081074,"total_built_mass_tons":361652.2902455457,"city_id":1017,"country_iso":"CAN"},{"h3index":"872baa4d2ffffff","population_2015":3718.3264246158,"total_built_mass_tons":1189293.4398994292,"city_id":1017,"country_iso":"CAN"},{"h3index":"872baa4d3ffffff","population_2015":2779.1514137904,"total_built_mass_tons":863489.065129687,"city_id":1017,"country_iso":"CAN"},{"h3index":"872baa4d4ffffff","population_2015":13426.1323524628,"total_built_mass_tons":4297733.3979871767,"city_id":1017,"country_iso":"CAN"},{"h3index":"872baa4d5ffffff","population_2015":7468.7580005947,"total_built_mass_tons":2235488.891406843,"city_id":1017,"country_iso":"CAN"},{"h3index":"872baa4d6ffffff","population_2015":41.6345796451,"total_built_mass_tons":541751.3299627831,"city_id":1017,"country_iso":"CAN"},{"h3index":"872baa4d8ffffff","population_2015":0.3366495731,"total_built_mass_tons":34085.6652882663,"city_id":1017,"country_iso":"CAN"},{"h3index":"872baa4d9ffffff","population_2015":13790.4345785982,"total_built_mass_tons":3801315.584771479,"city_id":1017,"country_iso":"CAN"},{"h3index":"872baa4dbffffff","population_2015":0.4404958388,"total_built_mass_tons":5758.2179564766,"city_id":1017,"country_iso":"CAN"},{"h3index":"872baa4dcffffff","population_2015":3338.8879446371,"total_built_mass_tons":1368829.0978575298,"city_id":1017,"country_iso":"CAN"},{"h3index":"872baa4ddffffff","population_2015":11382.2364349749,"total_built_mass_tons":3058948.0221750024,"city_id":1017,"country_iso":"CAN"},{"h3index":"872baa4e0ffffff","population_2015":13751.1390466303,"total_built_mass_tons":4534535.9057457522,"city_id":1017,"country_iso":"CAN"},{"h3index":"872baa4e1ffffff","population_2015":25040.1068997103,"total_built_mass_tons":4824405.1170534547,"city_id":1017,"country_iso":"CAN"},{"h3index":"872baa4e2ffffff","population_2015":4294.5011172642,"total_built_mass_tons":2514797.3693948612,"city_id":1017,"country_iso":"CAN"},{"h3index":"872baa4e3ffffff","population_2015":8268.8942663948,"total_built_mass_tons":3240186.2978260634,"city_id":1017,"country_iso":"CAN"},{"h3index":"872baa4e4ffffff","population_2015":2325.922685718,"total_built_mass_tons":4870446.9272699775,"city_id":1017,"country_iso":"CAN"},{"h3index":"872baa4e5ffffff","population_2015":8085.1209480543,"total_built_mass_tons":4181965.6395468791,"city_id":1017,"country_iso":"CAN"},{"h3index":"872baa4e6ffffff","population_2015":12524.7797996111,"total_built_mass_tons":4571535.6947631557,"city_id":1017,"country_iso":"CAN"},{"h3index":"872baa4e8ffffff","population_2015":1481.8880665103,"total_built_mass_tons":3399275.7608269351,"city_id":1017,"country_iso":"CAN"},{"h3index":"872baa4e9ffffff","population_2015":5.6564118147,"total_built_mass_tons":3737482.4363244679,"city_id":1017,"country_iso":"CAN"},{"h3index":"872baa4eaffffff","population_2015":16961.2520614591,"total_built_mass_tons":3904138.7339612655,"city_id":1017,"country_iso":"CAN"},{"h3index":"872baa4ebffffff","population_2015":745.9724730961,"total_built_mass_tons":3461727.3288448118,"city_id":1017,"country_iso":"CAN"},{"h3index":"872baa4ecffffff","population_2015":9821.0924827782,"total_built_mass_tons":2741336.2347460827,"city_id":1017,"country_iso":"CAN"},{"h3index":"872baa4edffffff","population_2015":5445.2526737355,"total_built_mass_tons":4837246.8918965152,"city_id":1017,"country_iso":"CAN"},{"h3index":"872baa4eeffffff","population_2015":8416.522266891,"total_built_mass_tons":2823613.7401990113,"city_id":1017,"country_iso":"CAN"},{"h3index":"872baa4f0ffffff","population_2015":7005.2037518618,"total_built_mass_tons":2757667.2019814858,"city_id":1017,"country_iso":"CAN"},{"h3index":"872baa4f1ffffff","population_2015":7518.8402327702,"total_built_mass_tons":2020531.2605887812,"city_id":1017,"country_iso":"CAN"},{"h3index":"872baa4f2ffffff","population_2015":11063.4630801586,"total_built_mass_tons":3443628.8673311188,"city_id":1017,"country_iso":"CAN"},{"h3index":"872baa4f3ffffff","population_2015":9138.1906644382,"total_built_mass_tons":2789063.6095343623,"city_id":1017,"country_iso":"CAN"},{"h3index":"872baa4f4ffffff","population_2015":2709.9320445572,"total_built_mass_tons":1331948.4478658161,"city_id":1017,"country_iso":"CAN"},{"h3index":"872baa4f5ffffff","population_2015":10950.364173999,"total_built_mass_tons":2879572.2149151312,"city_id":1017,"country_iso":"CAN"},{"h3index":"872baa4f6ffffff","population_2015":171.9659081245,"total_built_mass_tons":1136456.0875143283,"city_id":1017,"country_iso":"CAN"},{"h3index":"872baa540ffffff","population_2015":15263.7568025495,"total_built_mass_tons":3582537.0781381465,"city_id":1017,"country_iso":"CAN"},{"h3index":"872baa541ffffff","population_2015":4235.8547330983,"total_built_mass_tons":937862.6291460178,"city_id":1017,"country_iso":"CAN"},{"h3index":"872baa542ffffff","population_2015":2048.7884541384,"total_built_mass_tons":3321410.9648877615,"city_id":1017,"country_iso":"CAN"},{"h3index":"872baa543ffffff","population_2015":10274.91831137,"total_built_mass_tons":5510906.7805151576,"city_id":1017,"country_iso":"CAN"},{"h3index":"872baa544ffffff","population_2015":633.7663482086,"total_built_mass_tons":190024.1193885107,"city_id":1017,"country_iso":"CAN"},{"h3index":"872baa546ffffff","population_2015":2914.662506277,"total_built_mass_tons":546315.4199135625,"city_id":1017,"country_iso":"CAN"},{"h3index":"872baa549ffffff","population_2015":5030.0812612716,"total_built_mass_tons":3798278.0777609767,"city_id":1017,"country_iso":"CAN"},{"h3index":"872baa54affffff","population_2015":20457.5823407956,"total_built_mass_tons":3353196.8684211345,"city_id":1017,"country_iso":"CAN"},{"h3index":"872baa54bffffff","population_2015":396.8141664916,"total_built_mass_tons":1173510.4373510997,"city_id":1017,"country_iso":"CAN"},{"h3index":"872baa54cffffff","population_2015":3400.2073466338,"total_built_mass_tons":1348685.6620829643,"city_id":1017,"country_iso":"CAN"},{"h3index":"872baa54dffffff","population_2015":9424.964526397,"total_built_mass_tons":3450832.1569845239,"city_id":1017,"country_iso":"CAN"},{"h3index":"872baa54effffff","population_2015":2405.7730760305,"total_built_mass_tons":2185123.8238989757,"city_id":1017,"country_iso":"CAN"},{"h3index":"872baa551ffffff","population_2015":14447.4072985591,"total_built_mass_tons":3360455.684871437,"city_id":1017,"country_iso":"CAN"},{"h3index":"872baa553ffffff","population_2015":4135.5378950026,"total_built_mass_tons":1060471.8396893458,"city_id":1017,"country_iso":"CAN"},{"h3index":"872baa555ffffff","population_2015":465.980075799,"total_built_mass_tons":341464.0363350671,"city_id":1017,"country_iso":"CAN"},{"h3index":"872baa558ffffff","population_2015":5128.2755583041,"total_built_mass_tons":4026339.762169519,"city_id":1017,"country_iso":"CAN"},{"h3index":"872baa559ffffff","population_2015":31491.5805652379,"total_built_mass_tons":5289317.7446482386,"city_id":1017,"country_iso":"CAN"},{"h3index":"872baa55affffff","population_2015":6544.4697853864,"total_built_mass_tons":4803148.9023511792,"city_id":1017,"country_iso":"CAN"},{"h3index":"872baa55bffffff","population_2015":17323.0899008887,"total_built_mass_tons":5689167.3006525738,"city_id":1017,"country_iso":"CAN"},{"h3index":"872baa55cffffff","population_2015":42.9637192466,"total_built_mass_tons":4726636.2313194675,"city_id":1017,"country_iso":"CAN"},{"h3index":"872baa55dffffff","population_2015":1913.0947631674,"total_built_mass_tons":4611938.899559157,"city_id":1017,"country_iso":"CAN"},{"h3index":"872baa55effffff","population_2015":18894.4429618347,"total_built_mass_tons":4794766.4090875816,"city_id":1017,"country_iso":"CAN"},{"h3index":"872baa56affffff","population_2015":629.207435722,"total_built_mass_tons":286842.3769494173,"city_id":1017,"country_iso":"CAN"},{"h3index":"872baa56bffffff","population_2015":1323.191579961,"total_built_mass_tons":553776.8393978213,"city_id":1017,"country_iso":"CAN"},{"h3index":"872baa589ffffff","population_2015":300.4986777161,"total_built_mass_tons":209036.1844032948,"city_id":1017,"country_iso":"CAN"},{"h3index":"872baa700ffffff","population_2015":4740.0422647343,"total_built_mass_tons":2302020.2830133876,"city_id":1017,"country_iso":"CAN"},{"h3index":"872baa701ffffff","population_2015":86.0275869867,"total_built_mass_tons":103841.1221216894,"city_id":1017,"country_iso":"CAN"},{"h3index":"872baa702ffffff","population_2015":9354.5964367558,"total_built_mass_tons":3997797.9855839009,"city_id":1017,"country_iso":"CAN"},{"h3index":"872baa703ffffff","population_2015":4217.4285638725,"total_built_mass_tons":1805024.2767419389,"city_id":1017,"country_iso":"CAN"},{"h3index":"872baa704ffffff","population_2015":7978.4110141868,"total_built_mass_tons":2861136.3115202007,"city_id":1017,"country_iso":"CAN"},{"h3index":"872baa705ffffff","population_2015":4.510320095,"total_built_mass_tons":23194.6880670756,"city_id":1017,"country_iso":"CAN"},{"h3index":"872baa706ffffff","population_2015":5045.207910302,"total_built_mass_tons":2542705.3116094205,"city_id":1017,"country_iso":"CAN"},{"h3index":"872baa710ffffff","population_2015":4755.7856420251,"total_built_mass_tons":1782500.9935143639,"city_id":1017,"country_iso":"CAN"},{"h3index":"872baa711ffffff","population_2015":12351.4458225482,"total_built_mass_tons":4089440.2863865471,"city_id":1017,"country_iso":"CAN"},{"h3index":"872baa712ffffff","population_2015":163.3627196118,"total_built_mass_tons":1200847.7340370778,"city_id":1017,"country_iso":"CAN"},{"h3index":"872baa713ffffff","population_2015":10327.7292880362,"total_built_mass_tons":3689925.9352807431,"city_id":1017,"country_iso":"CAN"},{"h3index":"872baa715ffffff","population_2015":2238.0243221461,"total_built_mass_tons":769487.5758130463,"city_id":1017,"country_iso":"CAN"},{"h3index":"872baa716ffffff","population_2015":9998.0496149736,"total_built_mass_tons":1620049.7445931071,"city_id":1017,"country_iso":"CAN"},{"h3index":"872baa718ffffff","population_2015":14.2621320743,"total_built_mass_tons":7666.1801091923,"city_id":1017,"country_iso":"CAN"},{"h3index":"872baa71cffffff","population_2015":2043.3591127733,"total_built_mass_tons":2513861.7134316321,"city_id":1017,"country_iso":"CAN"},{"h3index":"872baa71effffff","population_2015":7165.6623475483,"total_built_mass_tons":2619629.4942837479,"city_id":1017,"country_iso":"CAN"},{"h3index":"872baa720ffffff","population_2015":0.020850815,"total_built_mass_tons":19595.5770152154,"city_id":1017,"country_iso":"CAN"},{"h3index":"872baa722ffffff","population_2015":3626.1527600459,"total_built_mass_tons":2218339.0073016468,"city_id":1017,"country_iso":"CAN"},{"h3index":"872baa724ffffff","population_2015":55.8397244747,"total_built_mass_tons":436322.3405314221,"city_id":1017,"country_iso":"CAN"},{"h3index":"872baa726ffffff","population_2015":5731.8204703832,"total_built_mass_tons":2813207.3351228475,"city_id":1017,"country_iso":"CAN"},{"h3index":"872baa730ffffff","population_2015":3064.6169881825,"total_built_mass_tons":754576.4280555323,"city_id":1017,"country_iso":"CAN"},{"h3index":"872baa731ffffff","population_2015":6151.8048216767,"total_built_mass_tons":2436653.3844064032,"city_id":1017,"country_iso":"CAN"},{"h3index":"872baa732ffffff","population_2015":3749.4424497071,"total_built_mass_tons":569965.1211251139,"city_id":1017,"country_iso":"CAN"},{"h3index":"872baa734ffffff","population_2015":13895.856979492,"total_built_mass_tons":3676533.005346694,"city_id":1017,"country_iso":"CAN"},{"h3index":"872baa735ffffff","population_2015":15930.6838388219,"total_built_mass_tons":4632337.2247445742,"city_id":1017,"country_iso":"CAN"},{"h3index":"872baa736ffffff","population_2015":1117.408779127,"total_built_mass_tons":676669.1159542908,"city_id":1017,"country_iso":"CAN"},{"h3index":"872baa796ffffff","population_2015":743.2934509193,"total_built_mass_tons":416134.4063070547,"city_id":1017,"country_iso":"CAN"},{"h3index":"872baa7a0ffffff","population_2015":12129.3279242589,"total_built_mass_tons":3167092.5531540676,"city_id":1017,"country_iso":"CAN"},{"h3index":"872baa7a1ffffff","population_2015":907.0372328779,"total_built_mass_tons":193958.4837469003,"city_id":1017,"country_iso":"CAN"},{"h3index":"872baa7a2ffffff","population_2015":1124.300379452,"total_built_mass_tons":526748.9609420523,"city_id":1017,"country_iso":"CAN"},{"h3index":"872baa7a4ffffff","population_2015":15524.0611006485,"total_built_mass_tons":5225754.7686078344,"city_id":1017,"country_iso":"CAN"},{"h3index":"872baa7a5ffffff","population_2015":28715.3473906547,"total_built_mass_tons":5117123.3274964411,"city_id":1017,"country_iso":"CAN"},{"h3index":"872baa7a6ffffff","population_2015":13309.0566918709,"total_built_mass_tons":4729709.4532145681,"city_id":1017,"country_iso":"CAN"},{"h3index":"872baa7adffffff","population_2015":6.7882941919,"total_built_mass_tons":8110.1287735826,"city_id":1017,"country_iso":"CAN"},{"h3index":"872baa7b0ffffff","population_2015":7603.592616763,"total_built_mass_tons":3298438.2187290085,"city_id":1017,"country_iso":"CAN"},{"h3index":"872baa7b2ffffff","population_2015":5958.0966776362,"total_built_mass_tons":1811130.548857952,"city_id":1017,"country_iso":"CAN"},{"h3index":"872baa7b4ffffff","population_2015":4.4456997531,"total_built_mass_tons":5098647.9917835752,"city_id":1017,"country_iso":"CAN"},{"h3index":"872baa7b5ffffff","population_2015":15588.6096223657,"total_built_mass_tons":4231904.7072385307,"city_id":1017,"country_iso":"CAN"},{"h3index":"872baa7b6ffffff","population_2015":775.855192769,"total_built_mass_tons":2834068.8885524785,"city_id":1017,"country_iso":"CAN"}]