[{"h3index": "872b83a10ffffff", "population_2015": 781.1710255305558, "total_built_mass_tons": 279827.16784133995, "city_id": 985, "country_iso": "CAN"}, {"h3index": "872b83a11ffffff", "population_2015": 774.6904943657855, "total_built_mass_tons": 151280.06891773766, "city_id": 985, "country_iso": "CAN"}, {"h3index": "872b83a12ffffff", "population_2015": 2726.3172628039124, "total_built_mass_tons": 1713166.364219637, "city_id": 985, "country_iso": "CAN"}, {"h3index": "872b83a13ffffff", "population_2015": 8235.85151725563, "total_built_mass_tons": 2508584.6211821707, "city_id": 985, "country_iso": "CAN"}, {"h3index": "872b83a16ffffff", "population_2015": 1500.7509496176945, "total_built_mass_tons": 558295.7381768284, "city_id": 985, "country_iso": "CAN"}, {"h3index": "872b83a18ffffff", "population_2015": 7419.425747619869, "total_built_mass_tons": 2031756.7479628604, "city_id": 985, "country_iso": "CAN"}, {"h3index": "872b83a1affffff", "population_2015": 6.239188850627226, "total_built_mass_tons": 20086.885472988153, "city_id": 985, "country_iso": "CAN"}, {"h3index": "872b83a1cffffff", "population_2015": 7020.564203217452, "total_built_mass_tons": 1342676.5413575573, "city_id": 985, "country_iso": "CAN"}, {"h3index": "872b83a1dffffff", "population_2015": 2851.568175201322, "total_built_mass_tons": 813583.3639093918, "city_id": 985, "country_iso": "CAN"}, {"h3index": "872b83a1effffff", "population_2015": 12025.5976920281, "total_built_mass_tons": 3011744.8941844744, "city_id": 985, "country_iso": "CAN"}, {"h3index": "872b83aa1ffffff", "population_2015": 1.6001609802246093, "total_built_mass_tons": 3919.583590088333, "city_id": 985, "country_iso": "CAN"}, {"h3index": "872b83aa4ffffff", "population_2015": 53.79460911102154, "total_built_mass_tons": 117388.77801304076, "city_id": 985, "country_iso": "CAN"}, {"h3index": "872b83aa5ffffff", "population_2015": 10014.047252745018, "total_built_mass_tons": 1671293.4105631793, "city_id": 985, "country_iso": "CAN"}, {"h3index": "872b83aacffffff", "population_2015": 2956.6070342302332, "total_built_mass_tons": 963656.8034733076, "city_id": 985, "country_iso": "CAN"}, {"h3index": "872b83aadffffff", "population_2015": 537.4351723876655, "total_built_mass_tons": 367582.0404628389, "city_id": 985, "country_iso": "CAN"}, {"h3index": "872b83b8bffffff", "population_2015": 145.68089226367428, "total_built_mass_tons": 34717.584971306096, "city_id": 985, "country_iso": "CAN"}]