[{"h3index":"876552ab4ffffff","population_2015":12.0491974078,"total_built_mass_tons":5748.4060770607,"city_id":10386,"country_iso":"IDN"},{"h3index":"876552b82ffffff","population_2015":41.1166050406,"total_built_mass_tons":16151.9470896299,"city_id":10386,"country_iso":"IDN"},{"h3index":"876552b83ffffff","population_2015":4.8338275554,"total_built_mass_tons":3743.5622950611,"city_id":10386,"country_iso":"IDN"},{"h3index":"876552b91ffffff","population_2015":118.9361191132,"total_built_mass_tons":121056.8386147787,"city_id":10386,"country_iso":"IDN"},{"h3index":"876552b98ffffff","population_2015":2542.1184637556,"total_built_mass_tons":726269.8243898348,"city_id":10386,"country_iso":"IDN"},{"h3index":"876552b99ffffff","population_2015":20.930953224,"total_built_mass_tons":9769.8391560589,"city_id":10386,"country_iso":"IDN"},{"h3index":"876552b9affffff","population_2015":743.0385480198,"total_built_mass_tons":402300.1389817176,"city_id":10386,"country_iso":"IDN"},{"h3index":"876552b9cffffff","population_2015":2577.2899393381,"total_built_mass_tons":1011827.8603007792,"city_id":10386,"country_iso":"IDN"},{"h3index":"876552b9dffffff","population_2015":118.6980295967,"total_built_mass_tons":48352.2573497721,"city_id":10386,"country_iso":"IDN"},{"h3index":"876552b9effffff","population_2015":5844.8941647829,"total_built_mass_tons":1624357.0190897754,"city_id":10386,"country_iso":"IDN"}]