[{"h3index":"87408d2c0ffffff","population_2015":2309.0374842251,"total_built_mass_tons":474813.3593189775,"city_id":10440,"country_iso":"CHN"},{"h3index":"87408d2c1ffffff","population_2015":631.6775975527,"total_built_mass_tons":246723.1106430668,"city_id":10440,"country_iso":"CHN"},{"h3index":"87408d2c2ffffff","population_2015":11214.2576211705,"total_built_mass_tons":4450372.3596368786,"city_id":10440,"country_iso":"CHN"},{"h3index":"87408d2c3ffffff","population_2015":19929.2732459667,"total_built_mass_tons":3382396.3512874902,"city_id":10440,"country_iso":"CHN"},{"h3index":"87408d2c6ffffff","population_2015":53.5740844914,"total_built_mass_tons":105335.6977105588,"city_id":10440,"country_iso":"CHN"},{"h3index":"87408d2ceffffff","population_2015":45.2287476362,"total_built_mass_tons":49481.4492314854,"city_id":10440,"country_iso":"CHN"},{"h3index":"87408d2d5ffffff","population_2015":9.7742033005,"total_built_mass_tons":22167.6168962026,"city_id":10440,"country_iso":"CHN"},{"h3index":"87408d2dcffffff","population_2015":1226.9384849212,"total_built_mass_tons":470226.1520267394,"city_id":10440,"country_iso":"CHN"},{"h3index":"87408d2e8ffffff","population_2015":3.6284652429,"total_built_mass_tons":11469.6027833795,"city_id":10440,"country_iso":"CHN"},{"h3index":"87408d2eaffffff","population_2015":212.9859070619,"total_built_mass_tons":236989.5835530196,"city_id":10440,"country_iso":"CHN"},{"h3index":"87408d2ebffffff","population_2015":2.4427976253,"total_built_mass_tons":8092.5144854474,"city_id":10440,"country_iso":"CHN"}]