[{"h3index":"8740c4c24ffffff","population_2015":106.1764054439,"total_built_mass_tons":90797.2556247304,"city_id":10319,"country_iso":"CHN"},{"h3index":"8740c4d00ffffff","population_2015":2221.5174128752,"total_built_mass_tons":1486718.7221013024,"city_id":10319,"country_iso":"CHN"},{"h3index":"8740c4d01ffffff","population_2015":2255.8181290421,"total_built_mass_tons":891571.4680573847,"city_id":10319,"country_iso":"CHN"},{"h3index":"8740c4d02ffffff","population_2015":42037.8850806753,"total_built_mass_tons":5003561.591652615,"city_id":10319,"country_iso":"CHN"},{"h3index":"8740c4d03ffffff","population_2015":22000.703758222,"total_built_mass_tons":7134808.0762481205,"city_id":10319,"country_iso":"CHN"},{"h3index":"8740c4d06ffffff","population_2015":8100.536799285,"total_built_mass_tons":3913028.2267659614,"city_id":10319,"country_iso":"CHN"},{"h3index":"8740c4d08ffffff","population_2015":15105.3228705762,"total_built_mass_tons":5152300.1545842513,"city_id":10319,"country_iso":"CHN"},{"h3index":"8740c4d09ffffff","population_2015":4500.7587305686,"total_built_mass_tons":1973571.3700169765,"city_id":10319,"country_iso":"CHN"},{"h3index":"8740c4d0affffff","population_2015":10044.9283876485,"total_built_mass_tons":3129272.7551393621,"city_id":10319,"country_iso":"CHN"},{"h3index":"8740c4d0bffffff","population_2015":5508.396220146,"total_built_mass_tons":1952253.665404368,"city_id":10319,"country_iso":"CHN"},{"h3index":"8740c4d0cffffff","population_2015":407.2130109338,"total_built_mass_tons":171422.9016263565,"city_id":10319,"country_iso":"CHN"},{"h3index":"8740c4d0dffffff","population_2015":270.489769829,"total_built_mass_tons":215676.70624559,"city_id":10319,"country_iso":"CHN"},{"h3index":"8740c4d0effffff","population_2015":16393.7533752815,"total_built_mass_tons":3393721.2134744348,"city_id":10319,"country_iso":"CHN"},{"h3index":"8740c4d10ffffff","population_2015":62770.5315455119,"total_built_mass_tons":5755122.6474599876,"city_id":10319,"country_iso":"CHN"},{"h3index":"8740c4d11ffffff","population_2015":24602.6824791878,"total_built_mass_tons":4816619.4649147317,"city_id":10319,"country_iso":"CHN"},{"h3index":"8740c4d12ffffff","population_2015":13640.7427393511,"total_built_mass_tons":3126640.235014135,"city_id":10319,"country_iso":"CHN"},{"h3index":"8740c4d13ffffff","population_2015":5029.203441309,"total_built_mass_tons":3287802.7398980553,"city_id":10319,"country_iso":"CHN"},{"h3index":"8740c4d14ffffff","population_2015":34809.4731790131,"total_built_mass_tons":4546999.876992071,"city_id":10319,"country_iso":"CHN"},{"h3index":"8740c4d15ffffff","population_2015":106552.203984399,"total_built_mass_tons":8460049.3410824221,"city_id":10319,"country_iso":"CHN"},{"h3index":"8740c4d16ffffff","population_2015":23863.4245632751,"total_built_mass_tons":5165652.8997559687,"city_id":10319,"country_iso":"CHN"},{"h3index":"8740c4d18ffffff","population_2015":7065.3819074313,"total_built_mass_tons":3109837.5258728284,"city_id":10319,"country_iso":"CHN"},{"h3index":"8740c4d19ffffff","population_2015":839.3935466897,"total_built_mass_tons":721455.473971358,"city_id":10319,"country_iso":"CHN"},{"h3index":"8740c4d1bffffff","population_2015":8.2164501387,"total_built_mass_tons":5870.2567280425,"city_id":10319,"country_iso":"CHN"},{"h3index":"8740c4d1cffffff","population_2015":5808.0732872729,"total_built_mass_tons":4077984.7491910458,"city_id":10319,"country_iso":"CHN"},{"h3index":"8740c4d1dffffff","population_2015":11077.3722177945,"total_built_mass_tons":5357730.8664066177,"city_id":10319,"country_iso":"CHN"},{"h3index":"8740c4d1effffff","population_2015":518.621021674,"total_built_mass_tons":1471476.4564668331,"city_id":10319,"country_iso":"CHN"},{"h3index":"8740c4d26ffffff","population_2015":335.0122258504,"total_built_mass_tons":730632.3998962777,"city_id":10319,"country_iso":"CHN"},{"h3index":"8740c4d30ffffff","population_2015":19667.5588608415,"total_built_mass_tons":2965068.8403896829,"city_id":10319,"country_iso":"CHN"},{"h3index":"8740c4d31ffffff","population_2015":1913.4488965535,"total_built_mass_tons":1079478.5572134692,"city_id":10319,"country_iso":"CHN"},{"h3index":"8740c4d32ffffff","population_2015":19547.3717359234,"total_built_mass_tons":2214707.6783162998,"city_id":10319,"country_iso":"CHN"},{"h3index":"8740c4d33ffffff","population_2015":45129.7915396111,"total_built_mass_tons":6369576.8640890513,"city_id":10319,"country_iso":"CHN"},{"h3index":"8740c4d34ffffff","population_2015":2758.3191754061,"total_built_mass_tons":532808.0290197352,"city_id":10319,"country_iso":"CHN"},{"h3index":"8740c4d35ffffff","population_2015":4951.3005545135,"total_built_mass_tons":2950077.1267910935,"city_id":10319,"country_iso":"CHN"},{"h3index":"8740c4d36ffffff","population_2015":4188.812481365,"total_built_mass_tons":685813.8138413923,"city_id":10319,"country_iso":"CHN"},{"h3index":"8740c4d54ffffff","population_2015":503.2357255823,"total_built_mass_tons":192754.9510902883,"city_id":10319,"country_iso":"CHN"},{"h3index":"8740c4d56ffffff","population_2015":97.7076822491,"total_built_mass_tons":78735.6717364801,"city_id":10319,"country_iso":"CHN"},{"h3index":"8740c4da4ffffff","population_2015":91.2777014489,"total_built_mass_tons":70242.0379390414,"city_id":10319,"country_iso":"CHN"},{"h3index":"8740c4da5ffffff","population_2015":8063.0767211634,"total_built_mass_tons":2573244.9931241204,"city_id":10319,"country_iso":"CHN"},{"h3index":"8740c4dacffffff","population_2015":4421.2511991842,"total_built_mass_tons":911472.0613056,"city_id":10319,"country_iso":"CHN"},{"h3index":"8740f1a49ffffff","population_2015":615.0453373516,"total_built_mass_tons":239689.6588039751,"city_id":10319,"country_iso":"CHN"},{"h3index":"8740f1a4bffffff","population_2015":2139.2503517918,"total_built_mass_tons":414940.832061879,"city_id":10319,"country_iso":"CHN"},{"h3index":"8740f1a4dffffff","population_2015":798.5203579061,"total_built_mass_tons":209078.0427046575,"city_id":10319,"country_iso":"CHN"}]