[{"h3index":"873ce3344ffffff","population_2015":142.8667122635,"total_built_mass_tons":90468.2226188118,"city_id":9996,"country_iso":"IND"},{"h3index":"873ce3361ffffff","population_2015":100.1296113519,"total_built_mass_tons":35479.764014286,"city_id":9996,"country_iso":"IND"},{"h3index":"873ce3362ffffff","population_2015":12.7348634832,"total_built_mass_tons":4714.235602304,"city_id":9996,"country_iso":"IND"},{"h3index":"873ce3363ffffff","population_2015":1813.2038140129,"total_built_mass_tons":929959.482310276,"city_id":9996,"country_iso":"IND"},{"h3index":"873ce336effffff","population_2015":27.7483039071,"total_built_mass_tons":20237.2089903936,"city_id":9996,"country_iso":"IND"}]