[{"h3index":"8740a8809ffffff","population_2015":2982.861012298,"total_built_mass_tons":731571.427302883,"city_id":10913,"country_iso":"CHN"},{"h3index":"8740a8846ffffff","population_2015":1017.2036104688,"total_built_mass_tons":166220.0051474331,"city_id":10913,"country_iso":"CHN"},{"h3index":"8740a8854ffffff","population_2015":19549.9635660284,"total_built_mass_tons":2117995.0954607055,"city_id":10913,"country_iso":"CHN"},{"h3index":"8740a8855ffffff","population_2015":814.6565938604,"total_built_mass_tons":396819.1717807553,"city_id":10913,"country_iso":"CHN"},{"h3index":"8740a8871ffffff","population_2015":945.1841707043,"total_built_mass_tons":46657.7973648038,"city_id":10913,"country_iso":"CHN"},{"h3index":"8740a8872ffffff","population_2015":2044.6514745824,"total_built_mass_tons":276124.4190754664,"city_id":10913,"country_iso":"CHN"},{"h3index":"8740a8873ffffff","population_2015":18432.968154421,"total_built_mass_tons":3797452.949607112,"city_id":10913,"country_iso":"CHN"}]