[{"h3index":"873cc4265ffffff","population_2015":160.4930895936,"total_built_mass_tons":17337.5804542958,"city_id":10016,"country_iso":"IND"},{"h3index":"873cc434bffffff","population_2015":519.7158422732,"total_built_mass_tons":109681.4154314755,"city_id":10016,"country_iso":"IND"},{"h3index":"873cc5c94ffffff","population_2015":8.3317022324,"total_built_mass_tons":17260.2607775877,"city_id":10016,"country_iso":"IND"},{"h3index":"873cc5c96ffffff","population_2015":727.9716027279,"total_built_mass_tons":267205.7626805764,"city_id":10016,"country_iso":"IND"}]