[{"h3index": "8758f44c0ffffff", "population_2015": 8340.539947569603, "total_built_mass_tons": 768854.3043710669, "city_id": 2544, "country_iso": "NGA"}, {"h3index": "8758f44c2ffffff", "population_2015": 10534.720100043804, "total_built_mass_tons": 1094116.5963565288, "city_id": 2544, "country_iso": "NGA"}, {"h3index": "8758f44c3ffffff", "population_2015": 2531.027406340954, "total_built_mass_tons": 395734.2154976773, "city_id": 2544, "country_iso": "NGA"}, {"h3index": "8758f44caffffff", "population_2015": 2799.3684797548767, "total_built_mass_tons": 1000798.7007477868, "city_id": 2544, "country_iso": "NGA"}, {"h3index": "8758f44ceffffff", "population_2015": 1568.3153180926454, "total_built_mass_tons": 499174.0415509271, "city_id": 2544, "country_iso": "NGA"}, {"h3index": "8758f44d8ffffff", "population_2015": 7414.92429812562, "total_built_mass_tons": 1851614.0195626328, "city_id": 2544, "country_iso": "NGA"}, {"h3index": "8758f44d9ffffff", "population_2015": 3790.289796485154, "total_built_mass_tons": 1348228.4152759763, "city_id": 2544, "country_iso": "NGA"}, {"h3index": "8758f44daffffff", "population_2015": 2958.550554114697, "total_built_mass_tons": 741143.0925483429, "city_id": 2544, "country_iso": "NGA"}, {"h3index": "8758f44dbffffff", "population_2015": 746.519011329202, "total_built_mass_tons": 314078.8205994139, "city_id": 2544, "country_iso": "NGA"}, {"h3index": "8758f44dcffffff", "population_2015": 21245.88567559112, "total_built_mass_tons": 2584557.7166821836, "city_id": 2544, "country_iso": "NGA"}, {"h3index": "8758f44ddffffff", "population_2015": 4471.826450501238, "total_built_mass_tons": 1651023.6355317892, "city_id": 2544, "country_iso": "NGA"}, {"h3index": "8758f44deffffff", "population_2015": 4067.060792361989, "total_built_mass_tons": 481319.5953467076, "city_id": 2544, "country_iso": "NGA"}, {"h3index": "8758f6b29ffffff", "population_2015": 10.41307471780216, "total_built_mass_tons": 1749.0010460882593, "city_id": 2544, "country_iso": "NGA"}, {"h3index": "8758f6b64ffffff", "population_2015": 777.2552937713323, "total_built_mass_tons": 377887.9695473326, "city_id": 2544, "country_iso": "NGA"}, {"h3index": "8758f6b66ffffff", "population_2015": 902.9689334644994, "total_built_mass_tons": 235158.0910859796, "city_id": 2544, "country_iso": "NGA"}, {"h3index": "8758f6b70ffffff", "population_2015": 421.6052941041834, "total_built_mass_tons": 159792.2659669491, "city_id": 2544, "country_iso": "NGA"}, {"h3index": "8758f6b74ffffff", "population_2015": 3142.2320777780874, "total_built_mass_tons": 1620987.981160865, "city_id": 2544, "country_iso": "NGA"}, {"h3index": "8758f6b75ffffff", "population_2015": 957.920799109515, "total_built_mass_tons": 415411.7105381451, "city_id": 2544, "country_iso": "NGA"}]