[{"h3index": "87119c4c8ffffff", "population_2015": 465.34717305501306, "total_built_mass_tons": 355557.0665999635, "city_id": 4019, "country_iso": "RUS"}, {"h3index": "87119c4c9ffffff", "population_2015": 7.917162412755629, "total_built_mass_tons": 7855.344198483608, "city_id": 4019, "country_iso": "RUS"}, {"h3index": "87119c4caffffff", "population_2015": 2950.6353983897793, "total_built_mass_tons": 1130718.8046847703, "city_id": 4019, "country_iso": "RUS"}, {"h3index": "87119c4cbffffff", "population_2015": 9099.670173444936, "total_built_mass_tons": 3290150.188878701, "city_id": 4019, "country_iso": "RUS"}, {"h3index": "87119c6b4ffffff", "population_2015": 4612.593784349106, "total_built_mass_tons": 1691195.6350592682, "city_id": 4019, "country_iso": "RUS"}, {"h3index": "87119c6b5ffffff", "population_2015": 56.25198455511355, "total_built_mass_tons": 18180.081533648772, "city_id": 4019, "country_iso": "RUS"}, {"h3index": "87119c6b6ffffff", "population_2015": 52.159872996573355, "total_built_mass_tons": 35624.163405208325, "city_id": 4019, "country_iso": "RUS"}, {"h3index": "87119c790ffffff", "population_2015": 3210.142215711931, "total_built_mass_tons": 1181435.966882561, "city_id": 4019, "country_iso": "RUS"}, {"h3index": "87119c792ffffff", "population_2015": 18160.312380592495, "total_built_mass_tons": 4412483.552068322, "city_id": 4019, "country_iso": "RUS"}, {"h3index": "87119c793ffffff", "population_2015": 647.6516932169596, "total_built_mass_tons": 459589.8408858632, "city_id": 4019, "country_iso": "RUS"}, {"h3index": "87119c794ffffff", "population_2015": 22.360921560549272, "total_built_mass_tons": 14302.436513742256, "city_id": 4019, "country_iso": "RUS"}, {"h3index": "87119c796ffffff", "population_2015": 11731.246381510931, "total_built_mass_tons": 4391815.896710451, "city_id": 4019, "country_iso": "RUS"}, {"h3index": "87119c79affffff", "population_2015": 3032.5367763185036, "total_built_mass_tons": 1200116.754429298, "city_id": 4019, "country_iso": "RUS"}, {"h3index": "87119c79effffff", "population_2015": 155.99522775575224, "total_built_mass_tons": 152474.31588627916, "city_id": 4019, "country_iso": "RUS"}, {"h3index": "87119eb40ffffff", "population_2015": 10119.522458667378, "total_built_mass_tons": 7883007.004497004, "city_id": 4019, "country_iso": "RUS"}, {"h3index": "87119eb41ffffff", "population_2015": 9255.642166132082, "total_built_mass_tons": 4740695.414730631, "city_id": 4019, "country_iso": "RUS"}, {"h3index": "87119eb42ffffff", "population_2015": 1147.960812502282, "total_built_mass_tons": 1290308.9822645923, "city_id": 4019, "country_iso": "RUS"}, {"h3index": "87119eb43ffffff", "population_2015": 1257.7133740827148, "total_built_mass_tons": 1168136.0734913603, "city_id": 4019, "country_iso": "RUS"}, {"h3index": "87119eb44ffffff", "population_2015": 9216.696205614126, "total_built_mass_tons": 10041163.5147338, "city_id": 4019, "country_iso": "RUS"}, {"h3index": "87119eb45ffffff", "population_2015": 14536.032848756457, "total_built_mass_tons": 5908225.30873372, "city_id": 4019, "country_iso": "RUS"}, {"h3index": "87119eb46ffffff", "population_2015": 4995.543648957273, "total_built_mass_tons": 4462051.699940063, "city_id": 4019, "country_iso": "RUS"}, {"h3index": "87119eb4affffff", "population_2015": 2014.525656336429, "total_built_mass_tons": 1029359.0597978244, "city_id": 4019, "country_iso": "RUS"}, {"h3index": "87119eb4cffffff", "population_2015": 5.084234989390654, "total_built_mass_tons": 3677.022668325195, "city_id": 4019, "country_iso": "RUS"}, {"h3index": "87119eb4effffff", "population_2015": 5226.15194662412, "total_built_mass_tons": 4136788.4879528945, "city_id": 4019, "country_iso": "RUS"}, {"h3index": "87119eb55ffffff", "population_2015": 570.3477240225849, "total_built_mass_tons": 562783.053107003, "city_id": 4019, "country_iso": "RUS"}, {"h3index": "87119eb59ffffff", "population_2015": 27.44184295242908, "total_built_mass_tons": 27891.658579257015, "city_id": 4019, "country_iso": "RUS"}, {"h3index": "87119eb5dffffff", "population_2015": 670.66199204501, "total_built_mass_tons": 458315.285347887, "city_id": 4019, "country_iso": "RUS"}, {"h3index": "87119eb60ffffff", "population_2015": 7474.488525759006, "total_built_mass_tons": 2416441.451894174, "city_id": 4019, "country_iso": "RUS"}, {"h3index": "87119eb61ffffff", "population_2015": 20339.31615713905, "total_built_mass_tons": 7227888.441998988, "city_id": 4019, "country_iso": "RUS"}, {"h3index": "87119eb62ffffff", "population_2015": 9981.90099480199, "total_built_mass_tons": 4644764.681208311, "city_id": 4019, "country_iso": "RUS"}, {"h3index": "87119eb63ffffff", "population_2015": 8815.096922890343, "total_built_mass_tons": 2611538.3857819596, "city_id": 4019, "country_iso": "RUS"}, {"h3index": "87119eb64ffffff", "population_2015": 18494.561417647907, "total_built_mass_tons": 5046132.836571185, "city_id": 4019, "country_iso": "RUS"}, {"h3index": "87119eb65ffffff", "population_2015": 15546.68380958894, "total_built_mass_tons": 4761770.9690650925, "city_id": 4019, "country_iso": "RUS"}, {"h3index": "87119eb66ffffff", "population_2015": 500.15511600176495, "total_built_mass_tons": 309104.39274278795, "city_id": 4019, "country_iso": "RUS"}, {"h3index": "87119eb68ffffff", "population_2015": 3809.777987737282, "total_built_mass_tons": 2168098.829394812, "city_id": 4019, "country_iso": "RUS"}, {"h3index": "87119eb69ffffff", "population_2015": 10810.13999434452, "total_built_mass_tons": 4465024.903247891, "city_id": 4019, "country_iso": "RUS"}, {"h3index": "87119eb6affffff", "population_2015": 1833.3416018369155, "total_built_mass_tons": 1280317.1726808683, "city_id": 4019, "country_iso": "RUS"}, {"h3index": "87119eb6bffffff", "population_2015": 10.213505545784445, "total_built_mass_tons": 16510.80780679038, "city_id": 4019, "country_iso": "RUS"}, {"h3index": "87119eb6cffffff", "population_2015": 16336.719299774542, "total_built_mass_tons": 5350759.168676402, "city_id": 4019, "country_iso": "RUS"}, {"h3index": "87119eb6dffffff", "population_2015": 5415.726826014239, "total_built_mass_tons": 2878267.3015506067, "city_id": 4019, "country_iso": "RUS"}, {"h3index": "87119eb6effffff", "population_2015": 7568.801588671814, "total_built_mass_tons": 2744826.179446236, "city_id": 4019, "country_iso": "RUS"}, {"h3index": "87119eb70ffffff", "population_2015": 96.73388897016936, "total_built_mass_tons": 66711.72822285467, "city_id": 4019, "country_iso": "RUS"}, {"h3index": "87119eb71ffffff", "population_2015": 11726.445378180111, "total_built_mass_tons": 4762797.4220753675, "city_id": 4019, "country_iso": "RUS"}, {"h3index": "87119eb73ffffff", "population_2015": 489.6034532621796, "total_built_mass_tons": 357915.0505825905, "city_id": 4019, "country_iso": "RUS"}, {"h3index": "87119eb75ffffff", "population_2015": 2598.992826723586, "total_built_mass_tons": 1002331.3247442836, "city_id": 4019, "country_iso": "RUS"}]