[{"h3index":"8748a20b4ffffff","population_2015":0.8704048774,"total_built_mass_tons":31207.8785550971,"city_id":209,"country_iso":"MEX"},{"h3index":"8748a2198ffffff","population_2015":6.0914725266,"total_built_mass_tons":31747.7571400553,"city_id":209,"country_iso":"MEX"},{"h3index":"8748a219affffff","population_2015":11246.3362853178,"total_built_mass_tons":1295515.922068781,"city_id":209,"country_iso":"MEX"},{"h3index":"8748a219effffff","population_2015":9543.3289957267,"total_built_mass_tons":698130.8567082671,"city_id":209,"country_iso":"MEX"},{"h3index":"8748a2568ffffff","population_2015":3511.3345601226,"total_built_mass_tons":234946.6029986262,"city_id":209,"country_iso":"MEX"},{"h3index":"8748a2569ffffff","population_2015":18678.9685921594,"total_built_mass_tons":2809178.2965434818,"city_id":209,"country_iso":"MEX"},{"h3index":"8748a256cffffff","population_2015":1605.1027406471,"total_built_mass_tons":122481.8492901922,"city_id":209,"country_iso":"MEX"},{"h3index":"8748a256dffffff","population_2015":9356.3028242672,"total_built_mass_tons":1199639.0003528909,"city_id":209,"country_iso":"MEX"}]