[{"h3index":"8731b2896ffffff","population_2015":1.3073852062,"total_built_mass_tons":6121.9354252759,"city_id":10315,"country_iso":"CHN"},{"h3index":"8731b2c60ffffff","population_2015":928.3835287982,"total_built_mass_tons":348128.8840525253,"city_id":10315,"country_iso":"CHN"},{"h3index":"8731b2c64ffffff","population_2015":7748.4151629149,"total_built_mass_tons":1663365.6422353582,"city_id":10315,"country_iso":"CHN"},{"h3index":"8731b2c65ffffff","population_2015":1108.1286052891,"total_built_mass_tons":978975.1835535016,"city_id":10315,"country_iso":"CHN"},{"h3index":"8731b2c66ffffff","population_2015":4125.424097783,"total_built_mass_tons":565204.2456870488,"city_id":10315,"country_iso":"CHN"},{"h3index":"8731b2d4affffff","population_2015":670.7430292896,"total_built_mass_tons":280930.2368410855,"city_id":10315,"country_iso":"CHN"},{"h3index":"8731b2d4bffffff","population_2015":2422.4352049734,"total_built_mass_tons":634853.7579022585,"city_id":10315,"country_iso":"CHN"},{"h3index":"8731b2d58ffffff","population_2015":1020.0918760374,"total_built_mass_tons":84187.7160040268,"city_id":10315,"country_iso":"CHN"},{"h3index":"8731b2d59ffffff","population_2015":13989.2286699351,"total_built_mass_tons":2843695.0858217706,"city_id":10315,"country_iso":"CHN"}]