[{"h3index": "874111013ffffff", "population_2015": 58.53006635366702, "total_built_mass_tons": 21651.49698107784, "city_id": 12390, "country_iso": "CHN"}, {"h3index": "874111018ffffff", "population_2015": 13454.308021599636, "total_built_mass_tons": 1888000.258219944, "city_id": 12390, "country_iso": "CHN"}, {"h3index": "874111019ffffff", "population_2015": 10897.57145951589, "total_built_mass_tons": 901025.211307253, "city_id": 12390, "country_iso": "CHN"}, {"h3index": "87411101affffff", "population_2015": 56931.98479100393, "total_built_mass_tons": 7808184.527327242, "city_id": 12390, "country_iso": "CHN"}, {"h3index": "87411101bffffff", "population_2015": 16526.864550773767, "total_built_mass_tons": 1915176.501449165, "city_id": 12390, "country_iso": "CHN"}, {"h3index": "87411101cffffff", "population_2015": 272.24787911340303, "total_built_mass_tons": 94416.34914135888, "city_id": 12390, "country_iso": "CHN"}, {"h3index": "87411101effffff", "population_2015": 6776.120534367654, "total_built_mass_tons": 1402415.51992687, "city_id": 12390, "country_iso": "CHN"}, {"h3index": "8741110a1ffffff", "population_2015": 2984.2480871883095, "total_built_mass_tons": 650550.1682746765, "city_id": 12390, "country_iso": "CHN"}, {"h3index": "8741110a5ffffff", "population_2015": 1.731234651453355, "total_built_mass_tons": 1351.7047241794685, "city_id": 12390, "country_iso": "CHN"}, {"h3index": "8741110a8ffffff", "population_2015": 8261.722582933948, "total_built_mass_tons": 1445260.0291910502, "city_id": 12390, "country_iso": "CHN"}, {"h3index": "8741110a9ffffff", "population_2015": 19901.045531938595, "total_built_mass_tons": 2739996.75704161, "city_id": 12390, "country_iso": "CHN"}, {"h3index": "8741110abffffff", "population_2015": 194.7132448645199, "total_built_mass_tons": 94562.29925221374, "city_id": 12390, "country_iso": "CHN"}, {"h3index": "8741110acffffff", "population_2015": 9828.538083098914, "total_built_mass_tons": 855992.5679562439, "city_id": 12390, "country_iso": "CHN"}, {"h3index": "8741110adffffff", "population_2015": 35025.78632513494, "total_built_mass_tons": 4029575.770109433, "city_id": 12390, "country_iso": "CHN"}, {"h3index": "8741110aeffffff", "population_2015": 1670.2104304855943, "total_built_mass_tons": 212087.033179239, "city_id": 12390, "country_iso": "CHN"}, {"h3index": "8741110f4ffffff", "population_2015": 3801.661076957105, "total_built_mass_tons": 655485.1898635683, "city_id": 12390, "country_iso": "CHN"}]