[{"h3index":"877b4c600ffffff","population_2015":10215.2978012908,"total_built_mass_tons":1246935.680282824,"city_id":5262,"country_iso":"TZA"},{"h3index":"877b4c601ffffff","population_2015":1947.8102147271,"total_built_mass_tons":213461.6147790792,"city_id":5262,"country_iso":"TZA"},{"h3index":"877b4c602ffffff","population_2015":9.5849170685,"total_built_mass_tons":6941.1992203922,"city_id":5262,"country_iso":"TZA"},{"h3index":"877b4c603ffffff","population_2015":2878.6940450257,"total_built_mass_tons":374554.9094946745,"city_id":5262,"country_iso":"TZA"},{"h3index":"877b4c605ffffff","population_2015":14574.8052139207,"total_built_mass_tons":1145133.8350866381,"city_id":5262,"country_iso":"TZA"},{"h3index":"877b4c61cffffff","population_2015":162.7064771166,"total_built_mass_tons":77184.3540027907,"city_id":5262,"country_iso":"TZA"},{"h3index":"877b4c61dffffff","population_2015":7.8603287229,"total_built_mass_tons":34616.9128978804,"city_id":5262,"country_iso":"TZA"},{"h3index":"877b4c620ffffff","population_2015":3920.6230508655,"total_built_mass_tons":414490.1706880151,"city_id":5262,"country_iso":"TZA"},{"h3index":"877b4c621ffffff","population_2015":82008.561956084,"total_built_mass_tons":3305746.435798713,"city_id":5262,"country_iso":"TZA"},{"h3index":"877b4c622ffffff","population_2015":1668.8233016594,"total_built_mass_tons":138774.0821351568,"city_id":5262,"country_iso":"TZA"},{"h3index":"877b4c623ffffff","population_2015":7675.5770028844,"total_built_mass_tons":856903.1694841615,"city_id":5262,"country_iso":"TZA"},{"h3index":"877b4c624ffffff","population_2015":11937.716873887,"total_built_mass_tons":1006977.267345228,"city_id":5262,"country_iso":"TZA"},{"h3index":"877b4c625ffffff","population_2015":61676.2712976119,"total_built_mass_tons":3472768.5648511462,"city_id":5262,"country_iso":"TZA"},{"h3index":"877b4c626ffffff","population_2015":765.5562790141,"total_built_mass_tons":74694.2418093445,"city_id":5262,"country_iso":"TZA"},{"h3index":"877b4c62cffffff","population_2015":20442.5643285078,"total_built_mass_tons":1267118.3480710867,"city_id":5262,"country_iso":"TZA"},{"h3index":"877b4c62effffff","population_2015":2536.689927621,"total_built_mass_tons":257941.1820652215,"city_id":5262,"country_iso":"TZA"},{"h3index":"877b4c635ffffff","population_2015":20.3357738981,"total_built_mass_tons":4827.2391044118,"city_id":5262,"country_iso":"TZA"},{"h3index":"877b4c709ffffff","population_2015":2082.8047652413,"total_built_mass_tons":476555.7561520338,"city_id":5262,"country_iso":"TZA"},{"h3index":"877b4c70affffff","population_2015":2610.455092101,"total_built_mass_tons":357861.4690945874,"city_id":5262,"country_iso":"TZA"},{"h3index":"877b4c70bffffff","population_2015":21449.9700754128,"total_built_mass_tons":1857512.7515344771,"city_id":5262,"country_iso":"TZA"},{"h3index":"877b4c70dffffff","population_2015":29.7136306763,"total_built_mass_tons":90341.4851414485,"city_id":5262,"country_iso":"TZA"},{"h3index":"877b4c71dffffff","population_2015":27.6225957983,"total_built_mass_tons":10263.1606713725,"city_id":5262,"country_iso":"TZA"},{"h3index":"877b4c750ffffff","population_2015":17.0761336757,"total_built_mass_tons":3416.5391923893,"city_id":5262,"country_iso":"TZA"},{"h3index":"877b4c752ffffff","population_2015":84423.4626589756,"total_built_mass_tons":3341545.8919401616,"city_id":5262,"country_iso":"TZA"},{"h3index":"877b4c753ffffff","population_2015":5371.3319532133,"total_built_mass_tons":342417.7112821352,"city_id":5262,"country_iso":"TZA"},{"h3index":"877b4c754ffffff","population_2015":3857.7082176545,"total_built_mass_tons":692646.1815017952,"city_id":5262,"country_iso":"TZA"},{"h3index":"877b4c756ffffff","population_2015":37978.8147757624,"total_built_mass_tons":2400532.3232817925,"city_id":5262,"country_iso":"TZA"},{"h3index":"877b4c772ffffff","population_2015":705.8076878417,"total_built_mass_tons":123155.6718499715,"city_id":5262,"country_iso":"TZA"}]