[{"h3index": "87a813201ffffff", "population_2015": 3684.871523872193, "total_built_mass_tons": 669575.0041491878, "city_id": 1295, "country_iso": "BRA"}, {"h3index": "87a813205ffffff", "population_2015": 9165.735305431775, "total_built_mass_tons": 1172748.1362009472, "city_id": 1295, "country_iso": "BRA"}, {"h3index": "87a81320cffffff", "population_2015": 10.168925205866495, "total_built_mass_tons": 39557.047449083926, "city_id": 1295, "country_iso": "BRA"}, {"h3index": "87a813220ffffff", "population_2015": 930.175751618778, "total_built_mass_tons": 152077.32821526763, "city_id": 1295, "country_iso": "BRA"}, {"h3index": "87a813221ffffff", "population_2015": 14965.28088582637, "total_built_mass_tons": 2826427.8461325886, "city_id": 1295, "country_iso": "BRA"}, {"h3index": "87a813223ffffff", "population_2015": 2183.3717593510946, "total_built_mass_tons": 645945.8962530233, "city_id": 1295, "country_iso": "BRA"}, {"h3index": "87a813225ffffff", "population_2015": 8836.258834732276, "total_built_mass_tons": 1364641.9422493558, "city_id": 1295, "country_iso": "BRA"}, {"h3index": "87a813228ffffff", "population_2015": 12279.51467476826, "total_built_mass_tons": 1794058.9769643906, "city_id": 1295, "country_iso": "BRA"}, {"h3index": "87a81322affffff", "population_2015": 17260.430064172484, "total_built_mass_tons": 2455840.244063357, "city_id": 1295, "country_iso": "BRA"}, {"h3index": "87a81322bffffff", "population_2015": 1681.0072315022055, "total_built_mass_tons": 225092.54831815965, "city_id": 1295, "country_iso": "BRA"}, {"h3index": "87a81322cffffff", "population_2015": 6745.468716880853, "total_built_mass_tons": 1406878.461442866, "city_id": 1295, "country_iso": "BRA"}, {"h3index": "87a81322dffffff", "population_2015": 110.81230309097757, "total_built_mass_tons": 833932.1289998968, "city_id": 1295, "country_iso": "BRA"}, {"h3index": "87a81322effffff", "population_2015": 19470.92570798725, "total_built_mass_tons": 3497774.8547877464, "city_id": 1295, "country_iso": "BRA"}, {"h3index": "87a813352ffffff", "population_2015": 2092.782297477535, "total_built_mass_tons": 423696.9417951446, "city_id": 1295, "country_iso": "BRA"}, {"h3index": "87a813356ffffff", "population_2015": 612.0504000401965, "total_built_mass_tons": 188577.1267656919, "city_id": 1295, "country_iso": "BRA"}]