[{"h3index":"8731a6709ffffff","population_2015":4176.2617035697,"total_built_mass_tons":1403040.7494571784,"city_id":10320,"country_iso":"CHN"},{"h3index":"8731a670bffffff","population_2015":925.4514030125,"total_built_mass_tons":371397.3990538438,"city_id":10320,"country_iso":"CHN"},{"h3index":"8731a6750ffffff","population_2015":5496.6616925632,"total_built_mass_tons":2411004.5430009561,"city_id":10320,"country_iso":"CHN"},{"h3index":"8731a6751ffffff","population_2015":40.8516401833,"total_built_mass_tons":39648.1616255185,"city_id":10320,"country_iso":"CHN"},{"h3index":"8731a6752ffffff","population_2015":24.8120018641,"total_built_mass_tons":63662.6985918385,"city_id":10320,"country_iso":"CHN"},{"h3index":"8731a6754ffffff","population_2015":4920.5494626545,"total_built_mass_tons":1736772.9881022456,"city_id":10320,"country_iso":"CHN"},{"h3index":"8731a6755ffffff","population_2015":110.8750890564,"total_built_mass_tons":139754.2928883939,"city_id":10320,"country_iso":"CHN"},{"h3index":"8731a6756ffffff","population_2015":10678.8346621382,"total_built_mass_tons":2500996.8185131559,"city_id":10320,"country_iso":"CHN"},{"h3index":"8731a6772ffffff","population_2015":46.6365333875,"total_built_mass_tons":108729.6949894331,"city_id":10320,"country_iso":"CHN"},{"h3index":"8731a6773ffffff","population_2015":0.4201677968,"total_built_mass_tons":2037.7596909827,"city_id":10320,"country_iso":"CHN"}]