[{"h3index":"875368700ffffff","population_2015":1072.668768664,"total_built_mass_tons":437899.7918292148,"city_id":5864,"country_iso":"QAT"},{"h3index":"875368701ffffff","population_2015":7513.5627485556,"total_built_mass_tons":1551732.8520368552,"city_id":5864,"country_iso":"QAT"},{"h3index":"875368703ffffff","population_2015":211.8993083468,"total_built_mass_tons":131725.9450547665,"city_id":5864,"country_iso":"QAT"},{"h3index":"875368704ffffff","population_2015":742.4639082572,"total_built_mass_tons":260146.4501786122,"city_id":5864,"country_iso":"QAT"},{"h3index":"875368705ffffff","population_2015":1701.6411171221,"total_built_mass_tons":884735.9617050465,"city_id":5864,"country_iso":"QAT"},{"h3index":"875368706ffffff","population_2015":2471.5112011629,"total_built_mass_tons":779721.726844351,"city_id":5864,"country_iso":"QAT"},{"h3index":"87536870cffffff","population_2015":306.5371540588,"total_built_mass_tons":200395.5296625045,"city_id":5864,"country_iso":"QAT"},{"h3index":"87536870effffff","population_2015":1.0812821528,"total_built_mass_tons":1604.3109660972,"city_id":5864,"country_iso":"QAT"},{"h3index":"875368723ffffff","population_2015":129.9353606925,"total_built_mass_tons":129592.2602067364,"city_id":5864,"country_iso":"QAT"},{"h3index":"87536872affffff","population_2015":3295.5066416343,"total_built_mass_tons":1003915.8445102052,"city_id":5864,"country_iso":"QAT"},{"h3index":"87536872effffff","population_2015":862.7355454697,"total_built_mass_tons":587842.5772206225,"city_id":5864,"country_iso":"QAT"},{"h3index":"875368731ffffff","population_2015":62.7336638488,"total_built_mass_tons":10701.6332934765,"city_id":5864,"country_iso":"QAT"}]