[{"h3index": "873946912ffffff", "population_2015": 1955.7674006088107, "total_built_mass_tons": 458798.0775384833, "city_id": 2006, "country_iso": "ESP"}, {"h3index": "873946913ffffff", "population_2015": 44.6602226154477, "total_built_mass_tons": 27339.11488749731, "city_id": 2006, "country_iso": "ESP"}, {"h3index": "8739469a0ffffff", "population_2015": 60.429348332274195, "total_built_mass_tons": 41045.91566941289, "city_id": 2006, "country_iso": "ESP"}, {"h3index": "8739469a1ffffff", "population_2015": 17415.370901751052, "total_built_mass_tons": 4217295.345477451, "city_id": 2006, "country_iso": "ESP"}, {"h3index": "8739469a5ffffff", "population_2015": 1330.263047541824, "total_built_mass_tons": 389459.402134217, "city_id": 2006, "country_iso": "ESP"}, {"h3index": "8739469a8ffffff", "population_2015": 3738.686643551845, "total_built_mass_tons": 747783.9638199394, "city_id": 2006, "country_iso": "ESP"}, {"h3index": "8739469aaffffff", "population_2015": 1121.6448852707356, "total_built_mass_tons": 305130.4742158049, "city_id": 2006, "country_iso": "ESP"}, {"h3index": "8739469acffffff", "population_2015": 25197.635895007275, "total_built_mass_tons": 5290617.160573438, "city_id": 2006, "country_iso": "ESP"}, {"h3index": "8739469adffffff", "population_2015": 17.07233941601772, "total_built_mass_tons": 19448.37358869716, "city_id": 2006, "country_iso": "ESP"}, {"h3index": "8739469aeffffff", "population_2015": 15664.182224640195, "total_built_mass_tons": 3012555.207947337, "city_id": 2006, "country_iso": "ESP"}]