[{"h3index":"87648cc1affffff","population_2015":144.2771586586,"total_built_mass_tons":37952.8641596151,"city_id":10263,"country_iso":"MMR"},{"h3index":"87648cc81ffffff","population_2015":600.294898366,"total_built_mass_tons":109108.8123794805,"city_id":10263,"country_iso":"MMR"},{"h3index":"87648cc85ffffff","population_2015":21.7855588352,"total_built_mass_tons":3882.5898135235,"city_id":10263,"country_iso":"MMR"},{"h3index":"87648cc8cffffff","population_2015":4202.7870788182,"total_built_mass_tons":817983.8551029556,"city_id":10263,"country_iso":"MMR"},{"h3index":"87648cc8dffffff","population_2015":2417.7629312478,"total_built_mass_tons":298848.4002065945,"city_id":10263,"country_iso":"MMR"},{"h3index":"87648cca8ffffff","population_2015":1106.6039029215,"total_built_mass_tons":250545.3231384434,"city_id":10263,"country_iso":"MMR"},{"h3index":"87648cca9ffffff","population_2015":1658.592944665,"total_built_mass_tons":356980.5068714139,"city_id":10263,"country_iso":"MMR"},{"h3index":"87648ccaaffffff","population_2015":12132.8191323598,"total_built_mass_tons":1662023.4772260452,"city_id":10263,"country_iso":"MMR"},{"h3index":"87648ccabffffff","population_2015":16684.97803059,"total_built_mass_tons":2383869.2927454738,"city_id":10263,"country_iso":"MMR"},{"h3index":"87648ccf0ffffff","population_2015":34.7881865483,"total_built_mass_tons":10084.7800948587,"city_id":10263,"country_iso":"MMR"},{"h3index":"87648ccf2ffffff","population_2015":247.1883820141,"total_built_mass_tons":54670.8943589707,"city_id":10263,"country_iso":"MMR"},{"h3index":"87648ccf4ffffff","population_2015":146.1567875357,"total_built_mass_tons":49968.8711243986,"city_id":10263,"country_iso":"MMR"},{"h3index":"87648ccf6ffffff","population_2015":5657.9294236389,"total_built_mass_tons":585767.7854795749,"city_id":10263,"country_iso":"MMR"}]