[{"h3index":"87409b0c4ffffff","population_2015":8418.1682779761,"total_built_mass_tons":709929.0996701983,"city_id":10382,"country_iso":"CHN"},{"h3index":"87409b0e2ffffff","population_2015":291.2358124228,"total_built_mass_tons":35147.2066895956,"city_id":10382,"country_iso":"CHN"},{"h3index":"87409b0e3ffffff","population_2015":10431.7574732257,"total_built_mass_tons":2550880.8788438998,"city_id":10382,"country_iso":"CHN"},{"h3index":"87409b0f1ffffff","population_2015":377.0402177572,"total_built_mass_tons":304002.1493814948,"city_id":10382,"country_iso":"CHN"}]