[{"h3index":"8740e3a11ffffff","population_2015":708.0453606147,"total_built_mass_tons":834265.3676851813,"city_id":10292,"country_iso":"CHN"},{"h3index":"8740e3a13ffffff","population_2015":7037.6567228663,"total_built_mass_tons":1989841.413742468,"city_id":10292,"country_iso":"CHN"},{"h3index":"8740e3a18ffffff","population_2015":11708.107468433,"total_built_mass_tons":1125866.4893179126,"city_id":10292,"country_iso":"CHN"},{"h3index":"8740e3a1affffff","population_2015":28902.9123180801,"total_built_mass_tons":3374481.8983771093,"city_id":10292,"country_iso":"CHN"},{"h3index":"8740e3a1bffffff","population_2015":1361.3857050989,"total_built_mass_tons":263328.7522747748,"city_id":10292,"country_iso":"CHN"},{"h3index":"8740e3a1cffffff","population_2015":7545.6217546341,"total_built_mass_tons":1003120.3282226224,"city_id":10292,"country_iso":"CHN"},{"h3index":"8740e3a1dffffff","population_2015":503.9289042052,"total_built_mass_tons":265582.282219997,"city_id":10292,"country_iso":"CHN"},{"h3index":"8740e3a1effffff","population_2015":45105.201870879,"total_built_mass_tons":7372251.3310892396,"city_id":10292,"country_iso":"CHN"},{"h3index":"8740e3aa9ffffff","population_2015":1540.08462237,"total_built_mass_tons":160715.9973933353,"city_id":10292,"country_iso":"CHN"},{"h3index":"8740e3aadffffff","population_2015":17577.1010954576,"total_built_mass_tons":2933817.2375988811,"city_id":10292,"country_iso":"CHN"}]