[{"h3index": "872a86db6ffffff", "population_2015": 5.717565072751513, "total_built_mass_tons": 9534.653228412644, "city_id": 793, "country_iso": "USA"}, {"h3index": "872ab3a0affffff", "population_2015": 1975.4424785973983, "total_built_mass_tons": 969705.963597017, "city_id": 793, "country_iso": "USA"}, {"h3index": "872ab3a0bffffff", "population_2015": 1.7771511414471794, "total_built_mass_tons": 2397.7389659333508, "city_id": 793, "country_iso": "USA"}, {"h3index": "872ab3a11ffffff", "population_2015": 19.961678090282515, "total_built_mass_tons": 79255.32420150726, "city_id": 793, "country_iso": "USA"}, {"h3index": "872ab3a18ffffff", "population_2015": 8150.784049529656, "total_built_mass_tons": 3298112.483566863, "city_id": 793, "country_iso": "USA"}, {"h3index": "872ab3a19ffffff", "population_2015": 8666.60674807035, "total_built_mass_tons": 3610780.127220929, "city_id": 793, "country_iso": "USA"}, {"h3index": "872ab3a1affffff", "population_2015": 590.0471387968345, "total_built_mass_tons": 332537.40004748205, "city_id": 793, "country_iso": "USA"}, {"h3index": "872ab3a1bffffff", "population_2015": 7089.389451176981, "total_built_mass_tons": 2543581.3033948564, "city_id": 793, "country_iso": "USA"}, {"h3index": "872ab3a1cffffff", "population_2015": 1006.4005415971958, "total_built_mass_tons": 868776.0838188459, "city_id": 793, "country_iso": "USA"}, {"h3index": "872ab3a1dffffff", "population_2015": 3392.1855236948704, "total_built_mass_tons": 1590153.9511067166, "city_id": 793, "country_iso": "USA"}, {"h3index": "872ab3a1effffff", "population_2015": 733.9887825333894, "total_built_mass_tons": 1214941.5995025816, "city_id": 793, "country_iso": "USA"}, {"h3index": "872ab3a52ffffff", "population_2015": 914.1295290633744, "total_built_mass_tons": 392910.7936733974, "city_id": 793, "country_iso": "USA"}, {"h3index": "872ab3a53ffffff", "population_2015": 31.71801498789413, "total_built_mass_tons": 419391.3536275999, "city_id": 793, "country_iso": "USA"}, {"h3index": "872ab3a5affffff", "population_2015": 275.72304171972416, "total_built_mass_tons": 128371.84398698472, "city_id": 793, "country_iso": "USA"}, {"h3index": "872ab3a5effffff", "population_2015": 1126.1941244285772, "total_built_mass_tons": 881245.3322884163, "city_id": 793, "country_iso": "USA"}, {"h3index": "872ab3a8dffffff", "population_2015": 537.390137743687, "total_built_mass_tons": 260353.3987777596, "city_id": 793, "country_iso": "USA"}, {"h3index": "872ab3ac0ffffff", "population_2015": 8224.229331103432, "total_built_mass_tons": 4181394.0142347505, "city_id": 793, "country_iso": "USA"}, {"h3index": "872ab3ac1ffffff", "population_2015": 9363.966969599558, "total_built_mass_tons": 3840003.2808784386, "city_id": 793, "country_iso": "USA"}, {"h3index": "872ab3ac2ffffff", "population_2015": 7332.552628592329, "total_built_mass_tons": 3221192.9060279457, "city_id": 793, "country_iso": "USA"}, {"h3index": "872ab3ac3ffffff", "population_2015": 4197.2693615388625, "total_built_mass_tons": 2991002.835640746, "city_id": 793, "country_iso": "USA"}, {"h3index": "872ab3ac4ffffff", "population_2015": 8546.306406125661, "total_built_mass_tons": 5146671.555110134, "city_id": 793, "country_iso": "USA"}, {"h3index": "872ab3ac5ffffff", "population_2015": 8180.885759730083, "total_built_mass_tons": 3536495.0708580427, "city_id": 793, "country_iso": "USA"}, {"h3index": "872ab3ac6ffffff", "population_2015": 5897.631798091822, "total_built_mass_tons": 3336388.4962600432, "city_id": 793, "country_iso": "USA"}, {"h3index": "872ab3accffffff", "population_2015": 996.2144187595331, "total_built_mass_tons": 1463311.4780136514, "city_id": 793, "country_iso": "USA"}, {"h3index": "872ab3aceffffff", "population_2015": 775.6452465796001, "total_built_mass_tons": 773279.0370077316, "city_id": 793, "country_iso": "USA"}, {"h3index": "872ab3ad1ffffff", "population_2015": 1566.6339875586482, "total_built_mass_tons": 1066806.255323277, "city_id": 793, "country_iso": "USA"}, {"h3index": "872ab3ad4ffffff", "population_2015": 789.2704847215584, "total_built_mass_tons": 558492.141096102, "city_id": 793, "country_iso": "USA"}, {"h3index": "872ab3ad5ffffff", "population_2015": 4932.88879750327, "total_built_mass_tons": 2412569.391516478, "city_id": 793, "country_iso": "USA"}, {"h3index": "872ab3ad8ffffff", "population_2015": 94.85032369763243, "total_built_mass_tons": 71068.70669450516, "city_id": 793, "country_iso": "USA"}, {"h3index": "872ab3adcffffff", "population_2015": 6065.690736242838, "total_built_mass_tons": 3195632.651295707, "city_id": 793, "country_iso": "USA"}, {"h3index": "872ab3addffffff", "population_2015": 210.01303011202344, "total_built_mass_tons": 159493.91647050227, "city_id": 793, "country_iso": "USA"}, {"h3index": "872ab3adeffffff", "population_2015": 1109.553630433714, "total_built_mass_tons": 829873.7383355806, "city_id": 793, "country_iso": "USA"}, {"h3index": "872ab3ae0ffffff", "population_2015": 2701.7048476369864, "total_built_mass_tons": 2449505.2771761776, "city_id": 793, "country_iso": "USA"}, {"h3index": "872ab3ae1ffffff", "population_2015": 4948.544580201076, "total_built_mass_tons": 2141668.0857190997, "city_id": 793, "country_iso": "USA"}, {"h3index": "872ab3ae2ffffff", "population_2015": 6050.665849926644, "total_built_mass_tons": 3321841.979486499, "city_id": 793, "country_iso": "USA"}, {"h3index": "872ab3ae3ffffff", "population_2015": 6708.900405423721, "total_built_mass_tons": 3263666.3870523656, "city_id": 793, "country_iso": "USA"}, {"h3index": "872ab3ae4ffffff", "population_2015": 1677.136109388108, "total_built_mass_tons": 1234906.3252802324, "city_id": 793, "country_iso": "USA"}, {"h3index": "872ab3ae5ffffff", "population_2015": 474.1706300925682, "total_built_mass_tons": 662235.6905217562, "city_id": 793, "country_iso": "USA"}, {"h3index": "872ab3ae6ffffff", "population_2015": 5509.90300761286, "total_built_mass_tons": 3230660.2785697067, "city_id": 793, "country_iso": "USA"}, {"h3index": "872ab3ae8ffffff", "population_2015": 5685.3146735025375, "total_built_mass_tons": 2731069.1695393105, "city_id": 793, "country_iso": "USA"}, {"h3index": "872ab3ae9ffffff", "population_2015": 1753.1664760775427, "total_built_mass_tons": 1292927.0560416984, "city_id": 793, "country_iso": "USA"}, {"h3index": "872ab3aeaffffff", "population_2015": 2793.1004217301656, "total_built_mass_tons": 2952449.8061221144, "city_id": 793, "country_iso": "USA"}, {"h3index": "872ab3aebffffff", "population_2015": 922.7932897894988, "total_built_mass_tons": 1240769.6133809532, "city_id": 793, "country_iso": "USA"}, {"h3index": "872ab3aecffffff", "population_2015": 4102.830770786837, "total_built_mass_tons": 2921216.039916504, "city_id": 793, "country_iso": "USA"}, {"h3index": "872ab3aedffffff", "population_2015": 3524.213307826192, "total_built_mass_tons": 1920916.4885322817, "city_id": 793, "country_iso": "USA"}, {"h3index": "872ab3aeeffffff", "population_2015": 5570.202733374986, "total_built_mass_tons": 3222989.720974177, "city_id": 793, "country_iso": "USA"}, {"h3index": "872ab3af0ffffff", "population_2015": 4062.387211374909, "total_built_mass_tons": 1485633.2243714067, "city_id": 793, "country_iso": "USA"}, {"h3index": "872ab3af1ffffff", "population_2015": 5442.417563334135, "total_built_mass_tons": 2561444.0910956906, "city_id": 793, "country_iso": "USA"}, {"h3index": "872ab3af2ffffff", "population_2015": 3143.4871515137384, "total_built_mass_tons": 1762916.600716138, "city_id": 793, "country_iso": "USA"}, {"h3index": "872ab3af3ffffff", "population_2015": 10099.313661137165, "total_built_mass_tons": 3102637.707194391, "city_id": 793, "country_iso": "USA"}, {"h3index": "872ab3af5ffffff", "population_2015": 4544.321940220482, "total_built_mass_tons": 1460444.512714269, "city_id": 793, "country_iso": "USA"}, {"h3index": "872ab3af6ffffff", "population_2015": 2776.302596789716, "total_built_mass_tons": 1204763.5456307293, "city_id": 793, "country_iso": "USA"}]