[{"h3index": "874994048ffffff", "population_2015": 6073.0330447440065, "total_built_mass_tons": 823655.1274696715, "city_id": 177, "country_iso": "MEX"}, {"h3index": "874994049ffffff", "population_2015": 2453.544983264979, "total_built_mass_tons": 206964.89809228852, "city_id": 177, "country_iso": "MEX"}, {"h3index": "87499404cffffff", "population_2015": 1897.739295751908, "total_built_mass_tons": 369648.2261735939, "city_id": 177, "country_iso": "MEX"}, {"h3index": "87499404dffffff", "population_2015": 13710.706503983109, "total_built_mass_tons": 1577244.949551152, "city_id": 177, "country_iso": "MEX"}, {"h3index": "87499404effffff", "population_2015": 126.70396938604466, "total_built_mass_tons": 34736.582939408596, "city_id": 177, "country_iso": "MEX"}, {"h3index": "874994300ffffff", "population_2015": 9967.714980252584, "total_built_mass_tons": 1049176.1749928077, "city_id": 177, "country_iso": "MEX"}, {"h3index": "874994301ffffff", "population_2015": 3412.5629054359365, "total_built_mass_tons": 621936.8020888669, "city_id": 177, "country_iso": "MEX"}, {"h3index": "874994304ffffff", "population_2015": 47471.07764142635, "total_built_mass_tons": 3341857.8735620235, "city_id": 177, "country_iso": "MEX"}, {"h3index": "874994305ffffff", "population_2015": 8543.90305699367, "total_built_mass_tons": 1699576.5299173864, "city_id": 177, "country_iso": "MEX"}, {"h3index": "874994306ffffff", "population_2015": 8737.406053391509, "total_built_mass_tons": 1046981.1853709844, "city_id": 177, "country_iso": "MEX"}, {"h3index": "87499430cffffff", "population_2015": 28698.24707001891, "total_built_mass_tons": 3165057.724799834, "city_id": 177, "country_iso": "MEX"}, {"h3index": "87499430effffff", "population_2015": 7390.497662188959, "total_built_mass_tons": 833435.6079220319, "city_id": 177, "country_iso": "MEX"}, {"h3index": "874994315ffffff", "population_2015": 75.05284284329882, "total_built_mass_tons": 30021.91457518909, "city_id": 177, "country_iso": "MEX"}, {"h3index": "874994320ffffff", "population_2015": 28934.347216659193, "total_built_mass_tons": 3279552.078007146, "city_id": 177, "country_iso": "MEX"}, {"h3index": "874994321ffffff", "population_2015": 43155.73812599181, "total_built_mass_tons": 6627861.468826908, "city_id": 177, "country_iso": "MEX"}, {"h3index": "874994322ffffff", "population_2015": 53544.889210663605, "total_built_mass_tons": 4066595.604806899, "city_id": 177, "country_iso": "MEX"}, {"h3index": "874994323ffffff", "population_2015": 29379.607696571547, "total_built_mass_tons": 4380473.602466794, "city_id": 177, "country_iso": "MEX"}, {"h3index": "874994324ffffff", "population_2015": 1536.577264707871, "total_built_mass_tons": 609501.1140493439, "city_id": 177, "country_iso": "MEX"}, {"h3index": "874994325ffffff", "population_2015": 40355.51129965691, "total_built_mass_tons": 4820167.513833815, "city_id": 177, "country_iso": "MEX"}, {"h3index": "874994326ffffff", "population_2015": 28580.07586283661, "total_built_mass_tons": 2585193.1899295673, "city_id": 177, "country_iso": "MEX"}, {"h3index": "874994328ffffff", "population_2015": 32915.8170483608, "total_built_mass_tons": 4931385.683331516, "city_id": 177, "country_iso": "MEX"}, {"h3index": "874994329ffffff", "population_2015": 25587.98998147366, "total_built_mass_tons": 3761000.572531264, "city_id": 177, "country_iso": "MEX"}, {"h3index": "87499432affffff", "population_2015": 21084.941410849144, "total_built_mass_tons": 2440281.1108162827, "city_id": 177, "country_iso": "MEX"}, {"h3index": "87499432bffffff", "population_2015": 8339.07287750431, "total_built_mass_tons": 1074899.0281843694, "city_id": 177, "country_iso": "MEX"}, {"h3index": "87499432cffffff", "population_2015": 47705.17883937687, "total_built_mass_tons": 6095303.846288664, "city_id": 177, "country_iso": "MEX"}, {"h3index": "87499432dffffff", "population_2015": 31926.986238663805, "total_built_mass_tons": 5240242.330857927, "city_id": 177, "country_iso": "MEX"}, {"h3index": "87499432effffff", "population_2015": 48923.45347856073, "total_built_mass_tons": 5433368.379630549, "city_id": 177, "country_iso": "MEX"}, {"h3index": "874994330ffffff", "population_2015": 14433.733882038734, "total_built_mass_tons": 2015705.626918321, "city_id": 177, "country_iso": "MEX"}, {"h3index": "874994331ffffff", "population_2015": 20882.53404995506, "total_built_mass_tons": 2566207.7388296006, "city_id": 177, "country_iso": "MEX"}, {"h3index": "874994332ffffff", "population_2015": 1995.3107927154092, "total_built_mass_tons": 356158.48883258994, "city_id": 177, "country_iso": "MEX"}, {"h3index": "874994333ffffff", "population_2015": 275.58788411126415, "total_built_mass_tons": 240785.7060204576, "city_id": 177, "country_iso": "MEX"}, {"h3index": "874994335ffffff", "population_2015": 20876.55737968426, "total_built_mass_tons": 1986491.2559378496, "city_id": 177, "country_iso": "MEX"}, {"h3index": "874994336ffffff", "population_2015": 3281.91483305716, "total_built_mass_tons": 397974.1881307713, "city_id": 177, "country_iso": "MEX"}, {"h3index": "874994360ffffff", "population_2015": 1111.2264480179429, "total_built_mass_tons": 151484.192210079, "city_id": 177, "country_iso": "MEX"}, {"h3index": "874994362ffffff", "population_2015": 1118.310941849503, "total_built_mass_tons": 230591.9769048695, "city_id": 177, "country_iso": "MEX"}, {"h3index": "874994366ffffff", "population_2015": 3140.6398856635187, "total_built_mass_tons": 780913.9220523911, "city_id": 177, "country_iso": "MEX"}, {"h3index": "874994374ffffff", "population_2015": 1984.7574420448611, "total_built_mass_tons": 1259207.7872193642, "city_id": 177, "country_iso": "MEX"}, {"h3index": "874994a1bffffff", "population_2015": 1136.385154352001, "total_built_mass_tons": 78415.01166002879, "city_id": 177, "country_iso": "MEX"}, {"h3index": "874994a81ffffff", "population_2015": 717.6556334028055, "total_built_mass_tons": 156213.12081505786, "city_id": 177, "country_iso": "MEX"}, {"h3index": "874994a83ffffff", "population_2015": 11.121520696901808, "total_built_mass_tons": 2016.1547702896744, "city_id": 177, "country_iso": "MEX"}, {"h3index": "874994a88ffffff", "population_2015": 23162.7633845133, "total_built_mass_tons": 3073046.747977834, "city_id": 177, "country_iso": "MEX"}, {"h3index": "874994a89ffffff", "population_2015": 39598.05747574636, "total_built_mass_tons": 5475625.233862046, "city_id": 177, "country_iso": "MEX"}, {"h3index": "874994a8affffff", "population_2015": 3795.509069998094, "total_built_mass_tons": 536547.0076582148, "city_id": 177, "country_iso": "MEX"}, {"h3index": "874994a8bffffff", "population_2015": 50410.16422627563, "total_built_mass_tons": 6003099.375345675, "city_id": 177, "country_iso": "MEX"}, {"h3index": "874994a8cffffff", "population_2015": 4259.505479571399, "total_built_mass_tons": 767962.8814452527, "city_id": 177, "country_iso": "MEX"}, {"h3index": "874994a8dffffff", "population_2015": 27670.72421919271, "total_built_mass_tons": 2586222.9409940275, "city_id": 177, "country_iso": "MEX"}, {"h3index": "874994a8effffff", "population_2015": 11328.617950688393, "total_built_mass_tons": 1366462.614130758, "city_id": 177, "country_iso": "MEX"}, {"h3index": "874994aa9ffffff", "population_2015": 11466.911384811585, "total_built_mass_tons": 1153580.568849256, "city_id": 177, "country_iso": "MEX"}, {"h3index": "874994aabffffff", "population_2015": 3538.4116628385063, "total_built_mass_tons": 252212.26058322116, "city_id": 177, "country_iso": "MEX"}, {"h3index": "874994ac0ffffff", "population_2015": 6056.275381818005, "total_built_mass_tons": 1143736.559606454, "city_id": 177, "country_iso": "MEX"}, {"h3index": "874994ac1ffffff", "population_2015": 11622.664193347851, "total_built_mass_tons": 2092258.636155765, "city_id": 177, "country_iso": "MEX"}, {"h3index": "874994ac2ffffff", "population_2015": 16873.372216187272, "total_built_mass_tons": 3175087.2429598263, "city_id": 177, "country_iso": "MEX"}, {"h3index": "874994ac3ffffff", "population_2015": 14816.979823193362, "total_built_mass_tons": 2518238.179802236, "city_id": 177, "country_iso": "MEX"}, {"h3index": "874994ac4ffffff", "population_2015": 4191.981792294744, "total_built_mass_tons": 684263.7851952113, "city_id": 177, "country_iso": "MEX"}, {"h3index": "874994ac5ffffff", "population_2015": 6057.494606957248, "total_built_mass_tons": 1297451.6138425758, "city_id": 177, "country_iso": "MEX"}, {"h3index": "874994ac6ffffff", "population_2015": 12589.78462399548, "total_built_mass_tons": 2164970.372560882, "city_id": 177, "country_iso": "MEX"}, {"h3index": "874994ac8ffffff", "population_2015": 6628.844477476795, "total_built_mass_tons": 1440375.064338271, "city_id": 177, "country_iso": "MEX"}, {"h3index": "874994ac9ffffff", "population_2015": 2098.3992366510274, "total_built_mass_tons": 524828.4832822182, "city_id": 177, "country_iso": "MEX"}, {"h3index": "874994acaffffff", "population_2015": 1692.5261426748011, "total_built_mass_tons": 400146.9175160989, "city_id": 177, "country_iso": "MEX"}, {"h3index": "874994acbffffff", "population_2015": 2055.760088483025, "total_built_mass_tons": 281523.683014116, "city_id": 177, "country_iso": "MEX"}, {"h3index": "874994accffffff", "population_2015": 6832.258503173848, "total_built_mass_tons": 1416943.3426458067, "city_id": 177, "country_iso": "MEX"}, {"h3index": "874994aceffffff", "population_2015": 29968.845480176515, "total_built_mass_tons": 4691659.61562828, "city_id": 177, "country_iso": "MEX"}, {"h3index": "874994ad0ffffff", "population_2015": 25643.168518796847, "total_built_mass_tons": 5569674.59901667, "city_id": 177, "country_iso": "MEX"}, {"h3index": "874994ad1ffffff", "population_2015": 22899.95455146303, "total_built_mass_tons": 5020753.921609918, "city_id": 177, "country_iso": "MEX"}, {"h3index": "874994ad2ffffff", "population_2015": 34940.267598806626, "total_built_mass_tons": 7408420.939481821, "city_id": 177, "country_iso": "MEX"}, {"h3index": "874994ad3ffffff", "population_2015": 31494.755959679096, "total_built_mass_tons": 6585158.4815245075, "city_id": 177, "country_iso": "MEX"}, {"h3index": "874994ad4ffffff", "population_2015": 43140.76199307351, "total_built_mass_tons": 5171515.695587086, "city_id": 177, "country_iso": "MEX"}, {"h3index": "874994ad5ffffff", "population_2015": 21690.554169979085, "total_built_mass_tons": 4343570.742440604, "city_id": 177, "country_iso": "MEX"}, {"h3index": "874994ad6ffffff", "population_2015": 37298.92649087344, "total_built_mass_tons": 5859446.141321806, "city_id": 177, "country_iso": "MEX"}, {"h3index": "874994ad8ffffff", "population_2015": 22753.427603852517, "total_built_mass_tons": 3065190.6353521105, "city_id": 177, "country_iso": "MEX"}, {"h3index": "874994ad9ffffff", "population_2015": 8328.538865339759, "total_built_mass_tons": 1381080.5671006092, "city_id": 177, "country_iso": "MEX"}, {"h3index": "874994adaffffff", "population_2015": 25563.069117476894, "total_built_mass_tons": 3439105.7404128183, "city_id": 177, "country_iso": "MEX"}, {"h3index": "874994adbffffff", "population_2015": 5917.625543972207, "total_built_mass_tons": 2621980.622762178, "city_id": 177, "country_iso": "MEX"}, {"h3index": "874994adcffffff", "population_2015": 23365.85226759911, "total_built_mass_tons": 4178263.757624308, "city_id": 177, "country_iso": "MEX"}, {"h3index": "874994addffffff", "population_2015": 16198.764877214622, "total_built_mass_tons": 3212208.790486114, "city_id": 177, "country_iso": "MEX"}, {"h3index": "874994adeffffff", "population_2015": 42948.38074769974, "total_built_mass_tons": 5759665.168191059, "city_id": 177, "country_iso": "MEX"}, {"h3index": "874994ae0ffffff", "population_2015": 484.59282785770944, "total_built_mass_tons": 214146.57094167237, "city_id": 177, "country_iso": "MEX"}, {"h3index": "874994ae1ffffff", "population_2015": 1040.615932255165, "total_built_mass_tons": 224556.49770316237, "city_id": 177, "country_iso": "MEX"}, {"h3index": "874994ae2ffffff", "population_2015": 1474.6608449947605, "total_built_mass_tons": 543078.249702998, "city_id": 177, "country_iso": "MEX"}, {"h3index": "874994ae3ffffff", "population_2015": 670.7414763693718, "total_built_mass_tons": 416114.0554522361, "city_id": 177, "country_iso": "MEX"}, {"h3index": "874994ae6ffffff", "population_2015": 446.1111085555132, "total_built_mass_tons": 141627.76098301623, "city_id": 177, "country_iso": "MEX"}, {"h3index": "874994ae8ffffff", "population_2015": 1893.3487608991416, "total_built_mass_tons": 388845.8591135392, "city_id": 177, "country_iso": "MEX"}, {"h3index": "874994aeaffffff", "population_2015": 3037.600188191264, "total_built_mass_tons": 556674.7393259748, "city_id": 177, "country_iso": "MEX"}, {"h3index": "874994aebffffff", "population_2015": 2136.7792379954285, "total_built_mass_tons": 634238.8227500627, "city_id": 177, "country_iso": "MEX"}, {"h3index": "874994aeeffffff", "population_2015": 1996.7627303268391, "total_built_mass_tons": 943403.3772903336, "city_id": 177, "country_iso": "MEX"}, {"h3index": "874994af0ffffff", "population_2015": 35801.1849769854, "total_built_mass_tons": 3889008.065453132, "city_id": 177, "country_iso": "MEX"}, {"h3index": "874994af1ffffff", "population_2015": 8600.204381060717, "total_built_mass_tons": 2778015.5239963755, "city_id": 177, "country_iso": "MEX"}, {"h3index": "874994af2ffffff", "population_2015": 64313.076794269946, "total_built_mass_tons": 4658838.398206789, "city_id": 177, "country_iso": "MEX"}, {"h3index": "874994af3ffffff", "population_2015": 22732.50975350571, "total_built_mass_tons": 3149959.6105513186, "city_id": 177, "country_iso": "MEX"}, {"h3index": "874994af4ffffff", "population_2015": 20606.880078751437, "total_built_mass_tons": 2184596.7019942, "city_id": 177, "country_iso": "MEX"}, {"h3index": "874994af5ffffff", "population_2015": 19820.59264171744, "total_built_mass_tons": 2398471.7265769336, "city_id": 177, "country_iso": "MEX"}, {"h3index": "874994af6ffffff", "population_2015": 32589.857558899763, "total_built_mass_tons": 3619752.866550101, "city_id": 177, "country_iso": "MEX"}, {"h3index": "874995d96ffffff", "population_2015": 15.82280506807215, "total_built_mass_tons": 11869.38536989861, "city_id": 177, "country_iso": "MEX"}]