[{"h3index": "871f93340ffffff", "population_2015": 1545.7176739038202, "total_built_mass_tons": 647987.7449153534, "city_id": 2246, "country_iso": "FRA"}, {"h3index": "871f93341ffffff", "population_2015": 14.457450546937832, "total_built_mass_tons": 50227.65814981211, "city_id": 2246, "country_iso": "FRA"}, {"h3index": "871f93344ffffff", "population_2015": 145.32553305345422, "total_built_mass_tons": 87299.47397947239, "city_id": 2246, "country_iso": "FRA"}, {"h3index": "871f93345ffffff", "population_2015": 11156.685905737038, "total_built_mass_tons": 4158108.0676806206, "city_id": 2246, "country_iso": "FRA"}, {"h3index": "871f93360ffffff", "population_2015": 585.4867950794745, "total_built_mass_tons": 329811.736945036, "city_id": 2246, "country_iso": "FRA"}, {"h3index": "871f93361ffffff", "population_2015": 20627.124298277096, "total_built_mass_tons": 5656424.165036237, "city_id": 2246, "country_iso": "FRA"}, {"h3index": "871f93363ffffff", "population_2015": 3924.872568437165, "total_built_mass_tons": 1700272.9560371118, "city_id": 2246, "country_iso": "FRA"}, {"h3index": "871f93365ffffff", "population_2015": 13945.970605663222, "total_built_mass_tons": 3195333.2774684057, "city_id": 2246, "country_iso": "FRA"}, {"h3index": "871f93368ffffff", "population_2015": 13963.955735522624, "total_built_mass_tons": 4523852.889385929, "city_id": 2246, "country_iso": "FRA"}, {"h3index": "871f93369ffffff", "population_2015": 264.7844194786221, "total_built_mass_tons": 93183.24103547758, "city_id": 2246, "country_iso": "FRA"}, {"h3index": "871f9336affffff", "population_2015": 2010.8237166853512, "total_built_mass_tons": 744072.6065407734, "city_id": 2246, "country_iso": "FRA"}, {"h3index": "871f9336cffffff", "population_2015": 46789.38581648435, "total_built_mass_tons": 6508203.308742433, "city_id": 2246, "country_iso": "FRA"}, {"h3index": "871f9336dffffff", "population_2015": 20862.785285816935, "total_built_mass_tons": 4598941.147996764, "city_id": 2246, "country_iso": "FRA"}, {"h3index": "871f9336effffff", "population_2015": 33436.765338134755, "total_built_mass_tons": 6199852.655199219, "city_id": 2246, "country_iso": "FRA"}, {"h3index": "871f93ac8ffffff", "population_2015": 650.0397867614146, "total_built_mass_tons": 268200.82170795253, "city_id": 2246, "country_iso": "FRA"}, {"h3index": "871f93ac9ffffff", "population_2015": 6011.862676252106, "total_built_mass_tons": 3241948.422944428, "city_id": 2246, "country_iso": "FRA"}, {"h3index": "871f93acbffffff", "population_2015": 5692.08049927319, "total_built_mass_tons": 1937350.9997117063, "city_id": 2246, "country_iso": "FRA"}, {"h3index": "871f93acdffffff", "population_2015": 3774.970426134969, "total_built_mass_tons": 1521405.1702754367, "city_id": 2246, "country_iso": "FRA"}, {"h3index": "871f9ed83ffffff", "population_2015": 44.38678618412392, "total_built_mass_tons": 33880.8761261716, "city_id": 2246, "country_iso": "FRA"}, {"h3index": "871f9ed90ffffff", "population_2015": 500.1338265736898, "total_built_mass_tons": 277712.4364600388, "city_id": 2246, "country_iso": "FRA"}, {"h3index": "871f9ed91ffffff", "population_2015": 4066.2121117741463, "total_built_mass_tons": 1121280.5125097253, "city_id": 2246, "country_iso": "FRA"}, {"h3index": "871f9ed92ffffff", "population_2015": 40178.80236761428, "total_built_mass_tons": 8457347.358342517, "city_id": 2246, "country_iso": "FRA"}, {"h3index": "871f9ed93ffffff", "population_2015": 12723.150036217185, "total_built_mass_tons": 4095125.7790967817, "city_id": 2246, "country_iso": "FRA"}, {"h3index": "871f9ed96ffffff", "population_2015": 12157.97802743912, "total_built_mass_tons": 3501301.085099748, "city_id": 2246, "country_iso": "FRA"}, {"h3index": "871f9ed98ffffff", "population_2015": 387.66868642685466, "total_built_mass_tons": 218926.46178558283, "city_id": 2246, "country_iso": "FRA"}, {"h3index": "871f9ed9affffff", "population_2015": 1643.1451494843352, "total_built_mass_tons": 694729.0673504372, "city_id": 2246, "country_iso": "FRA"}, {"h3index": "871f9ed9cffffff", "population_2015": 4168.679649493273, "total_built_mass_tons": 1524059.9132669498, "city_id": 2246, "country_iso": "FRA"}, {"h3index": "871f9ed9dffffff", "population_2015": 1063.7808848091197, "total_built_mass_tons": 767740.0141883789, "city_id": 2246, "country_iso": "FRA"}, {"h3index": "871f9ed9effffff", "population_2015": 5198.019498147683, "total_built_mass_tons": 1897785.311898089, "city_id": 2246, "country_iso": "FRA"}, {"h3index": "871f9edb2ffffff", "population_2015": 1601.8319943315842, "total_built_mass_tons": 647914.712037686, "city_id": 2246, "country_iso": "FRA"}]