[{"h3index": "871969480ffffff", "population_2015": 1281.7303523325452, "total_built_mass_tons": 925780.1846149828, "city_id": 2138, "country_iso": "NLD"}, {"h3index": "871969482ffffff", "population_2015": 1995.314567665493, "total_built_mass_tons": 1118428.833051029, "city_id": 2138, "country_iso": "NLD"}, {"h3index": "871969484ffffff", "population_2015": 498.69481272697453, "total_built_mass_tons": 190229.30868831457, "city_id": 2138, "country_iso": "NLD"}, {"h3index": "871969486ffffff", "population_2015": 14013.932726848818, "total_built_mass_tons": 4213333.514218783, "city_id": 2138, "country_iso": "NLD"}, {"h3index": "871969490ffffff", "population_2015": 14172.860049221565, "total_built_mass_tons": 3320158.4335902203, "city_id": 2138, "country_iso": "NLD"}, {"h3index": "871969491ffffff", "population_2015": 2196.693593109355, "total_built_mass_tons": 502468.5092433726, "city_id": 2138, "country_iso": "NLD"}, {"h3index": "871969492ffffff", "population_2015": 82.99627880021637, "total_built_mass_tons": 50876.875266297255, "city_id": 2138, "country_iso": "NLD"}, {"h3index": "871969493ffffff", "population_2015": 9360.15459184834, "total_built_mass_tons": 2762012.019236263, "city_id": 2138, "country_iso": "NLD"}, {"h3index": "871969494ffffff", "population_2015": 20314.1675493764, "total_built_mass_tons": 4892066.161423678, "city_id": 2138, "country_iso": "NLD"}, {"h3index": "871969495ffffff", "population_2015": 21043.424231708756, "total_built_mass_tons": 5625137.298605988, "city_id": 2138, "country_iso": "NLD"}, {"h3index": "871969496ffffff", "population_2015": 6376.563565399132, "total_built_mass_tons": 1655053.2789682618, "city_id": 2138, "country_iso": "NLD"}, {"h3index": "87196949effffff", "population_2015": 25.398196189543786, "total_built_mass_tons": 28017.567173831812, "city_id": 2138, "country_iso": "NLD"}, {"h3index": "8719694b0ffffff", "population_2015": 880.8965480355655, "total_built_mass_tons": 186280.0532279045, "city_id": 2138, "country_iso": "NLD"}, {"h3index": "8719694b1ffffff", "population_2015": 1903.8987477498893, "total_built_mass_tons": 674790.058015789, "city_id": 2138, "country_iso": "NLD"}, {"h3index": "8719694b2ffffff", "population_2015": 8454.565947166142, "total_built_mass_tons": 2271584.574675758, "city_id": 2138, "country_iso": "NLD"}, {"h3index": "8719694b3ffffff", "population_2015": 19734.42465955697, "total_built_mass_tons": 4066077.873973417, "city_id": 2138, "country_iso": "NLD"}, {"h3index": "8719694b4ffffff", "population_2015": 6.030887502782486, "total_built_mass_tons": 16307.835437688398, "city_id": 2138, "country_iso": "NLD"}, {"h3index": "8719694b6ffffff", "population_2015": 2912.3208435722436, "total_built_mass_tons": 1416540.304329947, "city_id": 2138, "country_iso": "NLD"}, {"h3index": "871969590ffffff", "population_2015": 279.39984905953503, "total_built_mass_tons": 128924.85037036246, "city_id": 2138, "country_iso": "NLD"}, {"h3index": "871969591ffffff", "population_2015": 4627.786766871285, "total_built_mass_tons": 2135469.090857371, "city_id": 2138, "country_iso": "NLD"}, {"h3index": "871969593ffffff", "population_2015": 2308.179081797132, "total_built_mass_tons": 941258.3763951056, "city_id": 2138, "country_iso": "NLD"}, {"h3index": "87196959affffff", "population_2015": 580.5068831817777, "total_built_mass_tons": 343425.5800094474, "city_id": 2138, "country_iso": "NLD"}, {"h3index": "87196959cffffff", "population_2015": 152.50109876557894, "total_built_mass_tons": 147235.34326266864, "city_id": 2138, "country_iso": "NLD"}, {"h3index": "87196959effffff", "population_2015": 4973.360557832905, "total_built_mass_tons": 2357586.49252546, "city_id": 2138, "country_iso": "NLD"}, {"h3index": "87196b86cffffff", "population_2015": 159.84257381102617, "total_built_mass_tons": 55448.253539850506, "city_id": 2138, "country_iso": "NLD"}, {"h3index": "87196b86dffffff", "population_2015": 932.2504233388338, "total_built_mass_tons": 469588.6601647729, "city_id": 2138, "country_iso": "NLD"}, {"h3index": "87196b941ffffff", "population_2015": 261.5066830822065, "total_built_mass_tons": 302021.203212774, "city_id": 2138, "country_iso": "NLD"}, {"h3index": "87196b948ffffff", "population_2015": 14144.418365242906, "total_built_mass_tons": 5010076.404556617, "city_id": 2138, "country_iso": "NLD"}, {"h3index": "87196b949ffffff", "population_2015": 8693.317090500102, "total_built_mass_tons": 3154510.502190345, "city_id": 2138, "country_iso": "NLD"}, {"h3index": "87196b94affffff", "population_2015": 2667.5236758924, "total_built_mass_tons": 1033977.8371386096, "city_id": 2138, "country_iso": "NLD"}, {"h3index": "87196b94bffffff", "population_2015": 2446.5617841066096, "total_built_mass_tons": 1064032.8886717595, "city_id": 2138, "country_iso": "NLD"}, {"h3index": "87196b94cffffff", "population_2015": 2916.68738565445, "total_built_mass_tons": 1493567.1082687415, "city_id": 2138, "country_iso": "NLD"}, {"h3index": "87196b94dffffff", "population_2015": 6378.600049466711, "total_built_mass_tons": 2101075.5612957017, "city_id": 2138, "country_iso": "NLD"}, {"h3index": "87196b94effffff", "population_2015": 10427.480361964655, "total_built_mass_tons": 3207101.500694101, "city_id": 2138, "country_iso": "NLD"}, {"h3index": "87196b95dffffff", "population_2015": 2057.6950445623957, "total_built_mass_tons": 641398.9566008156, "city_id": 2138, "country_iso": "NLD"}, {"h3index": "87196b968ffffff", "population_2015": 804.3306693301481, "total_built_mass_tons": 488954.927480766, "city_id": 2138, "country_iso": "NLD"}, {"h3index": "87196b969ffffff", "population_2015": 5935.566338621403, "total_built_mass_tons": 2856790.906071516, "city_id": 2138, "country_iso": "NLD"}, {"h3index": "87196b96bffffff", "population_2015": 4380.773026941335, "total_built_mass_tons": 2007621.2924822264, "city_id": 2138, "country_iso": "NLD"}, {"h3index": "87196b96dffffff", "population_2015": 1388.192440070358, "total_built_mass_tons": 902570.4563997329, "city_id": 2138, "country_iso": "NLD"}]