[{"h3index": "872830121ffffff", "population_2015": 195.0599489534602, "total_built_mass_tons": 74238.94971523565, "city_id": 10, "country_iso": "USA"}, {"h3index": "872830128ffffff", "population_2015": 7687.299441888053, "total_built_mass_tons": 2761052.7297148523, "city_id": 10, "country_iso": "USA"}, {"h3index": "872830129ffffff", "population_2015": 1054.3953797920076, "total_built_mass_tons": 535596.9890872298, "city_id": 10, "country_iso": "USA"}, {"h3index": "87283012affffff", "population_2015": 12.098754476478286, "total_built_mass_tons": 182125.53362801144, "city_id": 10, "country_iso": "USA"}, {"h3index": "87283012bffffff", "population_2015": 2722.489260213983, "total_built_mass_tons": 3052596.869733794, "city_id": 10, "country_iso": "USA"}, {"h3index": "87283012cffffff", "population_2015": 4747.727341104956, "total_built_mass_tons": 1489556.5810243392, "city_id": 10, "country_iso": "USA"}, {"h3index": "87283012dffffff", "population_2015": 10111.514147073736, "total_built_mass_tons": 2914018.381999375, "city_id": 10, "country_iso": "USA"}, {"h3index": "872830801ffffff", "population_2015": 55.9355912358153, "total_built_mass_tons": 91018.31560049638, "city_id": 10, "country_iso": "USA"}, {"h3index": "872830802ffffff", "population_2015": 193.02177584539447, "total_built_mass_tons": 3029307.539621886, "city_id": 10, "country_iso": "USA"}, {"h3index": "872830803ffffff", "population_2015": 3.1669556912253887, "total_built_mass_tons": 544348.1050910119, "city_id": 10, "country_iso": "USA"}, {"h3index": "872830806ffffff", "population_2015": 54.48959110189119, "total_built_mass_tons": 1476810.036179283, "city_id": 10, "country_iso": "USA"}, {"h3index": "87283080cffffff", "population_2015": 4741.919501529825, "total_built_mass_tons": 1410132.7504431698, "city_id": 10, "country_iso": "USA"}, {"h3index": "87283080dffffff", "population_2015": 49.71350983745035, "total_built_mass_tons": 545618.234121016, "city_id": 10, "country_iso": "USA"}, {"h3index": "87283080effffff", "population_2015": 2153.4973290320413, "total_built_mass_tons": 1253076.6214311935, "city_id": 10, "country_iso": "USA"}, {"h3index": "872830810ffffff", "population_2015": 26663.38084317578, "total_built_mass_tons": 5274086.30039656, "city_id": 10, "country_iso": "USA"}, {"h3index": "872830811ffffff", "population_2015": 6738.937971763467, "total_built_mass_tons": 4275625.143622233, "city_id": 10, "country_iso": "USA"}, {"h3index": "872830812ffffff", "population_2015": 29351.314339586883, "total_built_mass_tons": 5511103.705300497, "city_id": 10, "country_iso": "USA"}, {"h3index": "872830813ffffff", "population_2015": 21299.038045775247, "total_built_mass_tons": 5461009.657634583, "city_id": 10, "country_iso": "USA"}, {"h3index": "872830814ffffff", "population_2015": 10246.04929891728, "total_built_mass_tons": 3732522.9325849735, "city_id": 10, "country_iso": "USA"}, {"h3index": "872830815ffffff", "population_2015": 2123.581245677603, "total_built_mass_tons": 3514110.093735569, "city_id": 10, "country_iso": "USA"}, {"h3index": "872830816ffffff", "population_2015": 27359.488639649673, "total_built_mass_tons": 4568297.48365453, "city_id": 10, "country_iso": "USA"}, {"h3index": "872830818ffffff", "population_2015": 1.394435739517212, "total_built_mass_tons": 132578.69135256336, "city_id": 10, "country_iso": "USA"}, {"h3index": "87283081affffff", "population_2015": 6189.123320461336, "total_built_mass_tons": 3012481.3991682194, "city_id": 10, "country_iso": "USA"}, {"h3index": "87283081bffffff", "population_2015": 10.667024684613388, "total_built_mass_tons": 361126.2414447383, "city_id": 10, "country_iso": "USA"}, {"h3index": "87283081cffffff", "population_2015": 7.836827585582768, "total_built_mass_tons": 846907.8543799726, "city_id": 10, "country_iso": "USA"}, {"h3index": "87283081effffff", "population_2015": 6579.38498833839, "total_built_mass_tons": 2565400.2204040904, "city_id": 10, "country_iso": "USA"}, {"h3index": "872830820ffffff", "population_2015": 3129.366213182842, "total_built_mass_tons": 2014931.903204335, "city_id": 10, "country_iso": "USA"}, {"h3index": "872830821ffffff", "population_2015": 14756.512114133322, "total_built_mass_tons": 4053708.623842498, "city_id": 10, "country_iso": "USA"}, {"h3index": "872830825ffffff", "population_2015": 16817.600603843028, "total_built_mass_tons": 3510181.1378416745, "city_id": 10, "country_iso": "USA"}, {"h3index": "872830828ffffff", "population_2015": 59851.88474929496, "total_built_mass_tons": 6901986.952847561, "city_id": 10, "country_iso": "USA"}, {"h3index": "872830829ffffff", "population_2015": 47115.566433046384, "total_built_mass_tons": 6896168.45031734, "city_id": 10, "country_iso": "USA"}, {"h3index": "87283082affffff", "population_2015": 23334.663513554315, "total_built_mass_tons": 9892387.25251958, "city_id": 10, "country_iso": "USA"}, {"h3index": "87283082bffffff", "population_2015": 88964.43128753571, "total_built_mass_tons": 9993963.662557475, "city_id": 10, "country_iso": "USA"}, {"h3index": "87283082cffffff", "population_2015": 54504.460188206984, "total_built_mass_tons": 6576144.305085899, "city_id": 10, "country_iso": "USA"}, {"h3index": "87283082dffffff", "population_2015": 36308.61117523813, "total_built_mass_tons": 5975557.860802717, "city_id": 10, "country_iso": "USA"}, {"h3index": "87283082effffff", "population_2015": 14775.987402223096, "total_built_mass_tons": 4911309.45515568, "city_id": 10, "country_iso": "USA"}, {"h3index": "872830832ffffff", "population_2015": 10163.4212441958, "total_built_mass_tons": 2309530.2752133217, "city_id": 10, "country_iso": "USA"}, {"h3index": "872830833ffffff", "population_2015": 6098.261449737175, "total_built_mass_tons": 2136436.5839120205, "city_id": 10, "country_iso": "USA"}, {"h3index": "872830836ffffff", "population_2015": 1390.1745377690186, "total_built_mass_tons": 336466.8715494677, "city_id": 10, "country_iso": "USA"}, {"h3index": "872830866ffffff", "population_2015": 369.2926658782304, "total_built_mass_tons": 193826.48144636053, "city_id": 10, "country_iso": "USA"}, {"h3index": "872830870ffffff", "population_2015": 120.63654817881098, "total_built_mass_tons": 498735.2461402246, "city_id": 10, "country_iso": "USA"}, {"h3index": "872830874ffffff", "population_2015": 12890.728104505111, "total_built_mass_tons": 2409440.1698778933, "city_id": 10, "country_iso": "USA"}, {"h3index": "872830876ffffff", "population_2015": 13557.296099265694, "total_built_mass_tons": 3071980.5342817875, "city_id": 10, "country_iso": "USA"}, {"h3index": "8728308a0ffffff", "population_2015": 2699.564755078625, "total_built_mass_tons": 1198540.0945233668, "city_id": 10, "country_iso": "USA"}, {"h3index": "8728308a1ffffff", "population_2015": 7524.817754574499, "total_built_mass_tons": 2731658.954139779, "city_id": 10, "country_iso": "USA"}, {"h3index": "8728308a3ffffff", "population_2015": 886.9472637419608, "total_built_mass_tons": 215403.23583969232, "city_id": 10, "country_iso": "USA"}, {"h3index": "8728308a4ffffff", "population_2015": 13995.042039716009, "total_built_mass_tons": 3814893.414432737, "city_id": 10, "country_iso": "USA"}, {"h3index": "8728308a5ffffff", "population_2015": 14335.941754013891, "total_built_mass_tons": 4138661.6424738737, "city_id": 10, "country_iso": "USA"}, {"h3index": "8728308a8ffffff", "population_2015": 24269.59276660254, "total_built_mass_tons": 3645040.3072003666, "city_id": 10, "country_iso": "USA"}, {"h3index": "8728308a9ffffff", "population_2015": 26412.06504349679, "total_built_mass_tons": 5005937.316592922, "city_id": 10, "country_iso": "USA"}, {"h3index": "8728308abffffff", "population_2015": 6216.150694183975, "total_built_mass_tons": 1342240.563638642, "city_id": 10, "country_iso": "USA"}, {"h3index": "8728308acffffff", "population_2015": 15307.715712340674, "total_built_mass_tons": 4221955.282070333, "city_id": 10, "country_iso": "USA"}, {"h3index": "8728308adffffff", "population_2015": 25768.116534517467, "total_built_mass_tons": 5716485.930886583, "city_id": 10, "country_iso": "USA"}, {"h3index": "8728308aeffffff", "population_2015": 1538.5093736449874, "total_built_mass_tons": 907193.6368734136, "city_id": 10, "country_iso": "USA"}, {"h3index": "8728308c0ffffff", "population_2015": 23541.899724591825, "total_built_mass_tons": 4561642.096265707, "city_id": 10, "country_iso": "USA"}, {"h3index": "8728308c1ffffff", "population_2015": 3136.6179197905585, "total_built_mass_tons": 1792738.1707454575, "city_id": 10, "country_iso": "USA"}, {"h3index": "8728308c2ffffff", "population_2015": 14572.416754753904, "total_built_mass_tons": 3551220.3101147423, "city_id": 10, "country_iso": "USA"}, {"h3index": "8728308c3ffffff", "population_2015": 12738.772045815282, "total_built_mass_tons": 3454444.5888031987, "city_id": 10, "country_iso": "USA"}, {"h3index": "8728308c4ffffff", "population_2015": 12678.323098805962, "total_built_mass_tons": 4297110.933609025, "city_id": 10, "country_iso": "USA"}, {"h3index": "8728308c5ffffff", "population_2015": 5963.711094153118, "total_built_mass_tons": 4045738.361503197, "city_id": 10, "country_iso": "USA"}, {"h3index": "8728308c6ffffff", "population_2015": 16667.886691323798, "total_built_mass_tons": 4921274.738326791, "city_id": 10, "country_iso": "USA"}, {"h3index": "8728308ceffffff", "population_2015": 1.6130653667683694, "total_built_mass_tons": 174901.1850238678, "city_id": 10, "country_iso": "USA"}, {"h3index": "8728308d0ffffff", "population_2015": 3602.17518093656, "total_built_mass_tons": 1498357.154016855, "city_id": 10, "country_iso": "USA"}, {"h3index": "8728308d1ffffff", "population_2015": 8487.724056699462, "total_built_mass_tons": 2788749.1431364673, "city_id": 10, "country_iso": "USA"}, {"h3index": "8728308d2ffffff", "population_2015": 67.04389575883454, "total_built_mass_tons": 21803.947245075047, "city_id": 10, "country_iso": "USA"}, {"h3index": "8728308d3ffffff", "population_2015": 4137.74736382453, "total_built_mass_tons": 1706332.413478807, "city_id": 10, "country_iso": "USA"}, {"h3index": "8728308d4ffffff", "population_2015": 27.718508766211716, "total_built_mass_tons": 17967.086896911787, "city_id": 10, "country_iso": "USA"}, {"h3index": "8728308d5ffffff", "population_2015": 1680.6341089435657, "total_built_mass_tons": 599807.6388326696, "city_id": 10, "country_iso": "USA"}, {"h3index": "8728308d6ffffff", "population_2015": 168.20185079013598, "total_built_mass_tons": 126708.1325418732, "city_id": 10, "country_iso": "USA"}, {"h3index": "8728308d8ffffff", "population_2015": 3351.808038777581, "total_built_mass_tons": 966681.9903189574, "city_id": 10, "country_iso": "USA"}, {"h3index": "8728308daffffff", "population_2015": 2120.139184265628, "total_built_mass_tons": 535117.8560586498, "city_id": 10, "country_iso": "USA"}, {"h3index": "8728308dcffffff", "population_2015": 10790.277060555009, "total_built_mass_tons": 3453100.991860226, "city_id": 10, "country_iso": "USA"}, {"h3index": "8728308ddffffff", "population_2015": 1217.0660132209462, "total_built_mass_tons": 482661.5405067202, "city_id": 10, "country_iso": "USA"}, {"h3index": "8728308deffffff", "population_2015": 8877.374537405776, "total_built_mass_tons": 3907570.2925945898, "city_id": 10, "country_iso": "USA"}, {"h3index": "8728308e2ffffff", "population_2015": 631.4324006299104, "total_built_mass_tons": 503253.8349342435, "city_id": 10, "country_iso": "USA"}, {"h3index": "8728308e3ffffff", "population_2015": 637.6048078954914, "total_built_mass_tons": 1527018.5272985755, "city_id": 10, "country_iso": "USA"}, {"h3index": "8728308eaffffff", "population_2015": 23.701352100147332, "total_built_mass_tons": 2473016.4032371263, "city_id": 10, "country_iso": "USA"}, {"h3index": "8728308eeffffff", "population_2015": 370.2105277003027, "total_built_mass_tons": 385238.75108394545, "city_id": 10, "country_iso": "USA"}, {"h3index": "8728308f0ffffff", "population_2015": 15175.87548652968, "total_built_mass_tons": 4120022.7339858534, "city_id": 10, "country_iso": "USA"}, {"h3index": "8728308f1ffffff", "population_2015": 8439.853024135147, "total_built_mass_tons": 3019104.248461667, "city_id": 10, "country_iso": "USA"}, {"h3index": "8728308f2ffffff", "population_2015": 1949.8804800716096, "total_built_mass_tons": 753939.7163949718, "city_id": 10, "country_iso": "USA"}, {"h3index": "8728308f3ffffff", "population_2015": 7926.056522082816, "total_built_mass_tons": 2708527.0462414, "city_id": 10, "country_iso": "USA"}, {"h3index": "8728308f4ffffff", "population_2015": 14580.833893225416, "total_built_mass_tons": 3891502.455704715, "city_id": 10, "country_iso": "USA"}, {"h3index": "8728308f5ffffff", "population_2015": 1.2612285628771027, "total_built_mass_tons": 636358.0683186451, "city_id": 10, "country_iso": "USA"}, {"h3index": "8728308f6ffffff", "population_2015": 13275.162439151774, "total_built_mass_tons": 3748946.816023423, "city_id": 10, "country_iso": "USA"}, {"h3index": "872830908ffffff", "population_2015": 560.0092355369317, "total_built_mass_tons": 1554637.0313245058, "city_id": 10, "country_iso": "USA"}, {"h3index": "872830909ffffff", "population_2015": 2389.196294663759, "total_built_mass_tons": 1909958.9175049048, "city_id": 10, "country_iso": "USA"}, {"h3index": "87283090bffffff", "population_2015": 2.4780502889086216, "total_built_mass_tons": 1235681.6312248718, "city_id": 10, "country_iso": "USA"}, {"h3index": "87283090cffffff", "population_2015": 62.21002037648989, "total_built_mass_tons": 3410511.9838486835, "city_id": 10, "country_iso": "USA"}, {"h3index": "87283090dffffff", "population_2015": 15364.441057891358, "total_built_mass_tons": 3262502.188921987, "city_id": 10, "country_iso": "USA"}, {"h3index": "872830920ffffff", "population_2015": 11458.106586917183, "total_built_mass_tons": 3264158.2367173512, "city_id": 10, "country_iso": "USA"}, {"h3index": "872830921ffffff", "population_2015": 10371.480392234467, "total_built_mass_tons": 3810540.484611484, "city_id": 10, "country_iso": "USA"}, {"h3index": "872830922ffffff", "population_2015": 6269.800350513938, "total_built_mass_tons": 1888205.7720671352, "city_id": 10, "country_iso": "USA"}, {"h3index": "872830923ffffff", "population_2015": 1091.9110828328658, "total_built_mass_tons": 1466724.3754711926, "city_id": 10, "country_iso": "USA"}, {"h3index": "872830924ffffff", "population_2015": 1104.706206269825, "total_built_mass_tons": 614488.6223823774, "city_id": 10, "country_iso": "USA"}, {"h3index": "872830925ffffff", "population_2015": 475.5305833283592, "total_built_mass_tons": 434059.6217513159, "city_id": 10, "country_iso": "USA"}, {"h3index": "872830926ffffff", "population_2015": 19408.4532861906, "total_built_mass_tons": 4001758.4895055695, "city_id": 10, "country_iso": "USA"}, {"h3index": "872830928ffffff", "population_2015": 14514.0454616854, "total_built_mass_tons": 3670979.8063403983, "city_id": 10, "country_iso": "USA"}, {"h3index": "872830929ffffff", "population_2015": 10220.88898862741, "total_built_mass_tons": 2763403.222763251, "city_id": 10, "country_iso": "USA"}, {"h3index": "87283092affffff", "population_2015": 34.75454944737402, "total_built_mass_tons": 2903076.1090348647, "city_id": 10, "country_iso": "USA"}, {"h3index": "87283092bffffff", "population_2015": 5054.284902532141, "total_built_mass_tons": 3857832.8980621025, "city_id": 10, "country_iso": "USA"}, {"h3index": "87283092cffffff", "population_2015": 8710.7655525114, "total_built_mass_tons": 2438156.6032979265, "city_id": 10, "country_iso": "USA"}, {"h3index": "87283092dffffff", "population_2015": 1452.3752377521755, "total_built_mass_tons": 611434.4867306543, "city_id": 10, "country_iso": "USA"}, {"h3index": "87283092effffff", "population_2015": 3531.4840549849414, "total_built_mass_tons": 3536714.199805741, "city_id": 10, "country_iso": "USA"}, {"h3index": "872830934ffffff", "population_2015": 2468.438962866805, "total_built_mass_tons": 2190687.805345754, "city_id": 10, "country_iso": "USA"}, {"h3index": "872830935ffffff", "population_2015": 7733.0556335208175, "total_built_mass_tons": 1664011.500142821, "city_id": 10, "country_iso": "USA"}, {"h3index": "872830940ffffff", "population_2015": 24.503689034078636, "total_built_mass_tons": 61267.52552305227, "city_id": 10, "country_iso": "USA"}, {"h3index": "872830942ffffff", "population_2015": 7154.145694261647, "total_built_mass_tons": 1519893.811441789, "city_id": 10, "country_iso": "USA"}, {"h3index": "872830946ffffff", "population_2015": 20548.44158844738, "total_built_mass_tons": 3395315.1568999235, "city_id": 10, "country_iso": "USA"}, {"h3index": "872830950ffffff", "population_2015": 43348.87559208168, "total_built_mass_tons": 4738027.468067237, "city_id": 10, "country_iso": "USA"}, {"h3index": "872830951ffffff", "population_2015": 27003.348027128028, "total_built_mass_tons": 5215045.426253779, "city_id": 10, "country_iso": "USA"}, {"h3index": "872830952ffffff", "population_2015": 33120.98743533552, "total_built_mass_tons": 4789156.620188409, "city_id": 10, "country_iso": "USA"}, {"h3index": "872830953ffffff", "population_2015": 26539.161576670132, "total_built_mass_tons": 4926489.453003276, "city_id": 10, "country_iso": "USA"}, {"h3index": "872830954ffffff", "population_2015": 1579.4149192964987, "total_built_mass_tons": 815794.4809019445, "city_id": 10, "country_iso": "USA"}, {"h3index": "872830955ffffff", "population_2015": 31731.47345202016, "total_built_mass_tons": 4055128.721525532, "city_id": 10, "country_iso": "USA"}, {"h3index": "872830956ffffff", "population_2015": 20033.3145729596, "total_built_mass_tons": 3304353.429178758, "city_id": 10, "country_iso": "USA"}, {"h3index": "872830958ffffff", "population_2015": 31902.443480669877, "total_built_mass_tons": 4632881.066086326, "city_id": 10, "country_iso": "USA"}, {"h3index": "872830959ffffff", "population_2015": 5729.5840138815065, "total_built_mass_tons": 832029.4864948096, "city_id": 10, "country_iso": "USA"}, {"h3index": "87283095affffff", "population_2015": 29173.347435514333, "total_built_mass_tons": 4068622.686160256, "city_id": 10, "country_iso": "USA"}, {"h3index": "87283095bffffff", "population_2015": 29256.991445563872, "total_built_mass_tons": 3774923.979747112, "city_id": 10, "country_iso": "USA"}, {"h3index": "87283095cffffff", "population_2015": 18528.647704836043, "total_built_mass_tons": 3858471.6172064384, "city_id": 10, "country_iso": "USA"}, {"h3index": "87283095dffffff", "population_2015": 7931.747884506762, "total_built_mass_tons": 901519.3250214192, "city_id": 10, "country_iso": "USA"}, {"h3index": "87283095effffff", "population_2015": 22599.56120622672, "total_built_mass_tons": 4593680.2586047305, "city_id": 10, "country_iso": "USA"}, {"h3index": "872830966ffffff", "population_2015": 253.0211000105914, "total_built_mass_tons": 85241.77088722456, "city_id": 10, "country_iso": "USA"}, {"h3index": "872830970ffffff", "population_2015": 21264.28468959238, "total_built_mass_tons": 4221831.024469294, "city_id": 10, "country_iso": "USA"}, {"h3index": "872830971ffffff", "population_2015": 16380.584344118335, "total_built_mass_tons": 2485152.1607887493, "city_id": 10, "country_iso": "USA"}, {"h3index": "872830972ffffff", "population_2015": 7267.484307592262, "total_built_mass_tons": 1995774.0922920029, "city_id": 10, "country_iso": "USA"}, {"h3index": "872830973ffffff", "population_2015": 9431.901156457998, "total_built_mass_tons": 3090857.2576868804, "city_id": 10, "country_iso": "USA"}, {"h3index": "872830974ffffff", "population_2015": 12094.835152197356, "total_built_mass_tons": 3147351.941099037, "city_id": 10, "country_iso": "USA"}, {"h3index": "872830975ffffff", "population_2015": 7712.276876695952, "total_built_mass_tons": 1910776.7605042667, "city_id": 10, "country_iso": "USA"}, {"h3index": "872830976ffffff", "population_2015": 13864.26019073737, "total_built_mass_tons": 3648156.796678121, "city_id": 10, "country_iso": "USA"}, {"h3index": "872830980ffffff", "population_2015": 18672.251605986447, "total_built_mass_tons": 4924905.190310957, "city_id": 10, "country_iso": "USA"}, {"h3index": "872830981ffffff", "population_2015": 5303.87910894702, "total_built_mass_tons": 3952301.4998433273, "city_id": 10, "country_iso": "USA"}, {"h3index": "872830982ffffff", "population_2015": 11333.597225893123, "total_built_mass_tons": 3573203.1413034415, "city_id": 10, "country_iso": "USA"}, {"h3index": "872830983ffffff", "population_2015": 26422.342136861305, "total_built_mass_tons": 4963115.377087708, "city_id": 10, "country_iso": "USA"}, {"h3index": "872830984ffffff", "population_2015": 6587.176568134833, "total_built_mass_tons": 4169382.4637696184, "city_id": 10, "country_iso": "USA"}, {"h3index": "872830985ffffff", "population_2015": 1647.3221693410378, "total_built_mass_tons": 2274109.983955396, "city_id": 10, "country_iso": "USA"}, {"h3index": "872830986ffffff", "population_2015": 14680.225609987156, "total_built_mass_tons": 4622519.728148115, "city_id": 10, "country_iso": "USA"}, {"h3index": "872830988ffffff", "population_2015": 11766.55127417036, "total_built_mass_tons": 3925670.9424147727, "city_id": 10, "country_iso": "USA"}, {"h3index": "872830989ffffff", "population_2015": 13234.711776139347, "total_built_mass_tons": 4051556.324973207, "city_id": 10, "country_iso": "USA"}, {"h3index": "87283098affffff", "population_2015": 24561.45772022172, "total_built_mass_tons": 4975840.05074091, "city_id": 10, "country_iso": "USA"}, {"h3index": "87283098bffffff", "population_2015": 37512.22415754072, "total_built_mass_tons": 5621563.922543417, "city_id": 10, "country_iso": "USA"}, {"h3index": "87283098cffffff", "population_2015": 39.32745282296457, "total_built_mass_tons": 1188363.990987185, "city_id": 10, "country_iso": "USA"}, {"h3index": "87283098dffffff", "population_2015": 14224.218669040936, "total_built_mass_tons": 3347335.4782478632, "city_id": 10, "country_iso": "USA"}, {"h3index": "87283098effffff", "population_2015": 15284.10412042522, "total_built_mass_tons": 4593929.060719801, "city_id": 10, "country_iso": "USA"}, {"h3index": "872830994ffffff", "population_2015": 3541.897984083495, "total_built_mass_tons": 1457607.2060708716, "city_id": 10, "country_iso": "USA"}, {"h3index": "872830995ffffff", "population_2015": 1298.8389516990412, "total_built_mass_tons": 856681.2148204115, "city_id": 10, "country_iso": "USA"}, {"h3index": "872830998ffffff", "population_2015": 371.7220618659375, "total_built_mass_tons": 128842.37258006832, "city_id": 10, "country_iso": "USA"}, {"h3index": "872830999ffffff", "population_2015": 2407.3420826463134, "total_built_mass_tons": 1095154.598872893, "city_id": 10, "country_iso": "USA"}, {"h3index": "87283099cffffff", "population_2015": 2671.389370460655, "total_built_mass_tons": 1389014.775667111, "city_id": 10, "country_iso": "USA"}, {"h3index": "87283099dffffff", "population_2015": 18829.44627646419, "total_built_mass_tons": 3888043.720009168, "city_id": 10, "country_iso": "USA"}, {"h3index": "8728309a2ffffff", "population_2015": 5178.752039571667, "total_built_mass_tons": 1516283.573132151, "city_id": 10, "country_iso": "USA"}, {"h3index": "8728309a3ffffff", "population_2015": 870.4952228238333, "total_built_mass_tons": 458026.08036134223, "city_id": 10, "country_iso": "USA"}, {"h3index": "8728309aaffffff", "population_2015": 51.854105712619486, "total_built_mass_tons": 2483542.6107365536, "city_id": 10, "country_iso": "USA"}, {"h3index": "8728309abffffff", "population_2015": 7687.505287005501, "total_built_mass_tons": 2684322.6211137827, "city_id": 10, "country_iso": "USA"}, {"h3index": "8728309b0ffffff", "population_2015": 18254.75050338157, "total_built_mass_tons": 4631548.1021067845, "city_id": 10, "country_iso": "USA"}, {"h3index": "8728309b1ffffff", "population_2015": 17141.60434823177, "total_built_mass_tons": 4569637.172002637, "city_id": 10, "country_iso": "USA"}, {"h3index": "8728309b2ffffff", "population_2015": 15978.469955689296, "total_built_mass_tons": 4237646.890170309, "city_id": 10, "country_iso": "USA"}, {"h3index": "8728309b3ffffff", "population_2015": 14583.103436711135, "total_built_mass_tons": 3803367.797811244, "city_id": 10, "country_iso": "USA"}, {"h3index": "8728309b4ffffff", "population_2015": 12889.120243345753, "total_built_mass_tons": 3818813.06905782, "city_id": 10, "country_iso": "USA"}, {"h3index": "8728309b5ffffff", "population_2015": 12152.392754862987, "total_built_mass_tons": 3464561.9278558176, "city_id": 10, "country_iso": "USA"}, {"h3index": "8728309b6ffffff", "population_2015": 17552.903180059286, "total_built_mass_tons": 4715624.091829138, "city_id": 10, "country_iso": "USA"}, {"h3index": "872834083ffffff", "population_2015": 944.3042957212408, "total_built_mass_tons": 373843.4327031292, "city_id": 10, "country_iso": "USA"}, {"h3index": "87283408affffff", "population_2015": 2204.671204018592, "total_built_mass_tons": 1812746.7688482509, "city_id": 10, "country_iso": "USA"}, {"h3index": "87283408bffffff", "population_2015": 1850.4518983600187, "total_built_mass_tons": 1503087.6512897683, "city_id": 10, "country_iso": "USA"}, {"h3index": "87283408effffff", "population_2015": 1515.6866189049738, "total_built_mass_tons": 690354.5774167839, "city_id": 10, "country_iso": "USA"}, {"h3index": "872834092ffffff", "population_2015": 8373.955128809284, "total_built_mass_tons": 3190917.345976135, "city_id": 10, "country_iso": "USA"}, {"h3index": "872834093ffffff", "population_2015": 7973.369657797908, "total_built_mass_tons": 3052391.9480017335, "city_id": 10, "country_iso": "USA"}, {"h3index": "872834096ffffff", "population_2015": 244.84251409605437, "total_built_mass_tons": 131832.18078561334, "city_id": 10, "country_iso": "USA"}, {"h3index": "872834098ffffff", "population_2015": 10208.630487166722, "total_built_mass_tons": 3966070.443692631, "city_id": 10, "country_iso": "USA"}, {"h3index": "872834099ffffff", "population_2015": 7009.172812767414, "total_built_mass_tons": 3290765.4537632735, "city_id": 10, "country_iso": "USA"}, {"h3index": "87283409affffff", "population_2015": 12697.4029584146, "total_built_mass_tons": 4647812.210802508, "city_id": 10, "country_iso": "USA"}, {"h3index": "87283409bffffff", "population_2015": 11582.346250231933, "total_built_mass_tons": 4437219.655417238, "city_id": 10, "country_iso": "USA"}, {"h3index": "87283409cffffff", "population_2015": 684.4239650885268, "total_built_mass_tons": 425414.0377467432, "city_id": 10, "country_iso": "USA"}, {"h3index": "87283409dffffff", "population_2015": 7875.312130584671, "total_built_mass_tons": 3395004.245777414, "city_id": 10, "country_iso": "USA"}, {"h3index": "87283409effffff", "population_2015": 8591.45064108372, "total_built_mass_tons": 2934805.4288644465, "city_id": 10, "country_iso": "USA"}, {"h3index": "8728340d2ffffff", "population_2015": 1599.682058490491, "total_built_mass_tons": 942236.5222028008, "city_id": 10, "country_iso": "USA"}, {"h3index": "8728340d6ffffff", "population_2015": 1281.941959042176, "total_built_mass_tons": 612941.4824824645, "city_id": 10, "country_iso": "USA"}, {"h3index": "872834282ffffff", "population_2015": 28.370710450527717, "total_built_mass_tons": 28895.427441100073, "city_id": 10, "country_iso": "USA"}, {"h3index": "872834283ffffff", "population_2015": 124.33434897696269, "total_built_mass_tons": 153374.53410632553, "city_id": 10, "country_iso": "USA"}, {"h3index": "87283428affffff", "population_2015": 730.6351508668826, "total_built_mass_tons": 445263.0740096287, "city_id": 10, "country_iso": "USA"}, {"h3index": "87283428effffff", "population_2015": 209.56417792182347, "total_built_mass_tons": 113210.9893855479, "city_id": 10, "country_iso": "USA"}, {"h3index": "872834290ffffff", "population_2015": 12465.992609356255, "total_built_mass_tons": 4451771.170463354, "city_id": 10, "country_iso": "USA"}, {"h3index": "872834291ffffff", "population_2015": 8655.209015181956, "total_built_mass_tons": 2945968.385237647, "city_id": 10, "country_iso": "USA"}, {"h3index": "872834292ffffff", "population_2015": 178.20287090320795, "total_built_mass_tons": 759259.2899053361, "city_id": 10, "country_iso": "USA"}, {"h3index": "872834293ffffff", "population_2015": 3811.137138940584, "total_built_mass_tons": 3408045.156632568, "city_id": 10, "country_iso": "USA"}, {"h3index": "872834294ffffff", "population_2015": 9076.903978951768, "total_built_mass_tons": 3554341.8013111977, "city_id": 10, "country_iso": "USA"}, {"h3index": "872834295ffffff", "population_2015": 1689.5228897721163, "total_built_mass_tons": 745636.5636054649, "city_id": 10, "country_iso": "USA"}, {"h3index": "872834296ffffff", "population_2015": 19029.32547080734, "total_built_mass_tons": 4277217.521223246, "city_id": 10, "country_iso": "USA"}, {"h3index": "872834298ffffff", "population_2015": 12371.236801150968, "total_built_mass_tons": 4262585.225466771, "city_id": 10, "country_iso": "USA"}, {"h3index": "872834299ffffff", "population_2015": 4765.581980761295, "total_built_mass_tons": 2471255.2438049773, "city_id": 10, "country_iso": "USA"}, {"h3index": "87283429affffff", "population_2015": 14967.6999894716, "total_built_mass_tons": 3800026.181703099, "city_id": 10, "country_iso": "USA"}, {"h3index": "87283429bffffff", "population_2015": 15725.591255394622, "total_built_mass_tons": 4189940.085044161, "city_id": 10, "country_iso": "USA"}, {"h3index": "87283429cffffff", "population_2015": 9114.43812636768, "total_built_mass_tons": 2803539.632139885, "city_id": 10, "country_iso": "USA"}, {"h3index": "87283429dffffff", "population_2015": 5763.4992060060595, "total_built_mass_tons": 2508836.7978913044, "city_id": 10, "country_iso": "USA"}, {"h3index": "87283429effffff", "population_2015": 13282.712111996669, "total_built_mass_tons": 3828918.74363324, "city_id": 10, "country_iso": "USA"}, {"h3index": "8728342b2ffffff", "population_2015": 2738.0722865864345, "total_built_mass_tons": 1420969.857127879, "city_id": 10, "country_iso": "USA"}, {"h3index": "8728342b3ffffff", "population_2015": 1579.8828670402363, "total_built_mass_tons": 717293.4905124573, "city_id": 10, "country_iso": "USA"}, {"h3index": "8728342d2ffffff", "population_2015": 364.7633836073034, "total_built_mass_tons": 178893.04778753867, "city_id": 10, "country_iso": "USA"}, {"h3index": "8728342daffffff", "population_2015": 284.69406101189406, "total_built_mass_tons": 78834.15337980445, "city_id": 10, "country_iso": "USA"}, {"h3index": "8728342dbffffff", "population_2015": 680.4583501254809, "total_built_mass_tons": 189789.2890252623, "city_id": 10, "country_iso": "USA"}, {"h3index": "872834440ffffff", "population_2015": 5453.367823759414, "total_built_mass_tons": 1552773.6123385828, "city_id": 10, "country_iso": "USA"}, {"h3index": "872834441ffffff", "population_2015": 20807.835642281305, "total_built_mass_tons": 3806944.1728040664, "city_id": 10, "country_iso": "USA"}, {"h3index": "872834442ffffff", "population_2015": 4721.380491535397, "total_built_mass_tons": 2304646.346686531, "city_id": 10, "country_iso": "USA"}, {"h3index": "872834443ffffff", "population_2015": 13568.747418590365, "total_built_mass_tons": 3465909.579006879, "city_id": 10, "country_iso": "USA"}, {"h3index": "872834444ffffff", "population_2015": 14154.32126033514, "total_built_mass_tons": 3783744.6111821528, "city_id": 10, "country_iso": "USA"}, {"h3index": "872834445ffffff", "population_2015": 16399.760670619733, "total_built_mass_tons": 3748277.6797078745, "city_id": 10, "country_iso": "USA"}, {"h3index": "872834446ffffff", "population_2015": 87.40752590970666, "total_built_mass_tons": 79956.36202658903, "city_id": 10, "country_iso": "USA"}, {"h3index": "872834448ffffff", "population_2015": 16600.849090246084, "total_built_mass_tons": 3868185.786879975, "city_id": 10, "country_iso": "USA"}, {"h3index": "872834449ffffff", "population_2015": 26464.478712292665, "total_built_mass_tons": 5755238.696195144, "city_id": 10, "country_iso": "USA"}, {"h3index": "87283444affffff", "population_2015": 23511.122750110957, "total_built_mass_tons": 3429611.794555526, "city_id": 10, "country_iso": "USA"}, {"h3index": "87283444bffffff", "population_2015": 22842.012089865457, "total_built_mass_tons": 4456881.105084205, "city_id": 10, "country_iso": "USA"}, {"h3index": "87283444cffffff", "population_2015": 13747.491324519511, "total_built_mass_tons": 3589534.6093235915, "city_id": 10, "country_iso": "USA"}, {"h3index": "87283444dffffff", "population_2015": 13642.83421308829, "total_built_mass_tons": 4954037.855049429, "city_id": 10, "country_iso": "USA"}, {"h3index": "87283444effffff", "population_2015": 21041.444440770967, "total_built_mass_tons": 4020962.029757855, "city_id": 10, "country_iso": "USA"}, {"h3index": "872834451ffffff", "population_2015": 3978.45565919638, "total_built_mass_tons": 1339028.310041613, "city_id": 10, "country_iso": "USA"}, {"h3index": "872834454ffffff", "population_2015": 3.7242520107942463, "total_built_mass_tons": 865.306939366042, "city_id": 10, "country_iso": "USA"}, {"h3index": "872834455ffffff", "population_2015": 3734.157197199849, "total_built_mass_tons": 1856707.6958041585, "city_id": 10, "country_iso": "USA"}, {"h3index": "872834458ffffff", "population_2015": 7254.093836920633, "total_built_mass_tons": 1945371.6798632808, "city_id": 10, "country_iso": "USA"}, {"h3index": "872834459ffffff", "population_2015": 16571.538758938736, "total_built_mass_tons": 3090956.1880335077, "city_id": 10, "country_iso": "USA"}, {"h3index": "87283445bffffff", "population_2015": 138.93294266205206, "total_built_mass_tons": 106646.04931606034, "city_id": 10, "country_iso": "USA"}, {"h3index": "87283445cffffff", "population_2015": 15585.648327276518, "total_built_mass_tons": 4135477.717945556, "city_id": 10, "country_iso": "USA"}, {"h3index": "87283445dffffff", "population_2015": 16505.31242460492, "total_built_mass_tons": 4033156.630779053, "city_id": 10, "country_iso": "USA"}, {"h3index": "87283445effffff", "population_2015": 818.0095033769514, "total_built_mass_tons": 332694.7308747943, "city_id": 10, "country_iso": "USA"}, {"h3index": "872834460ffffff", "population_2015": 2591.363871360234, "total_built_mass_tons": 973803.8825319438, "city_id": 10, "country_iso": "USA"}, {"h3index": "872834461ffffff", "population_2015": 6741.12475144957, "total_built_mass_tons": 2395577.589628977, "city_id": 10, "country_iso": "USA"}, {"h3index": "872834462ffffff", "population_2015": 10907.880765628695, "total_built_mass_tons": 3681527.372931672, "city_id": 10, "country_iso": "USA"}, {"h3index": "872834463ffffff", "population_2015": 17389.993083480287, "total_built_mass_tons": 4447090.202025387, "city_id": 10, "country_iso": "USA"}, {"h3index": "872834464ffffff", "population_2015": 1026.5978757671287, "total_built_mass_tons": 260275.4797165312, "city_id": 10, "country_iso": "USA"}, {"h3index": "872834465ffffff", "population_2015": 8350.473381510907, "total_built_mass_tons": 3228831.342834629, "city_id": 10, "country_iso": "USA"}, {"h3index": "872834468ffffff", "population_2015": 14050.853833025616, "total_built_mass_tons": 3997136.300482124, "city_id": 10, "country_iso": "USA"}, {"h3index": "872834469ffffff", "population_2015": 14089.441116317112, "total_built_mass_tons": 4818782.520859518, "city_id": 10, "country_iso": "USA"}, {"h3index": "87283446affffff", "population_2015": 17178.587823550897, "total_built_mass_tons": 4238549.434334385, "city_id": 10, "country_iso": "USA"}, {"h3index": "87283446bffffff", "population_2015": 12638.436598506392, "total_built_mass_tons": 4021886.8369635697, "city_id": 10, "country_iso": "USA"}, {"h3index": "87283446cffffff", "population_2015": 10516.997743961972, "total_built_mass_tons": 3253549.347880703, "city_id": 10, "country_iso": "USA"}, {"h3index": "87283446dffffff", "population_2015": 14620.28555275692, "total_built_mass_tons": 4467919.713653217, "city_id": 10, "country_iso": "USA"}, {"h3index": "87283446effffff", "population_2015": 13797.39675295809, "total_built_mass_tons": 3852654.488345069, "city_id": 10, "country_iso": "USA"}, {"h3index": "872834470ffffff", "population_2015": 708.5199147563355, "total_built_mass_tons": 301682.17604669393, "city_id": 10, "country_iso": "USA"}, {"h3index": "872834471ffffff", "population_2015": 3696.8461849038504, "total_built_mass_tons": 1895843.4570147304, "city_id": 10, "country_iso": "USA"}, {"h3index": "872834474ffffff", "population_2015": 44.182445784912034, "total_built_mass_tons": 51652.100380037475, "city_id": 10, "country_iso": "USA"}, {"h3index": "872834475ffffff", "population_2015": 8288.377448894857, "total_built_mass_tons": 2835539.375471244, "city_id": 10, "country_iso": "USA"}, {"h3index": "872834600ffffff", "population_2015": 2.6343357089103443, "total_built_mass_tons": 2773426.717693324, "city_id": 10, "country_iso": "USA"}, {"h3index": "872834601ffffff", "population_2015": 1685.1830369823122, "total_built_mass_tons": 1570201.1831655328, "city_id": 10, "country_iso": "USA"}, {"h3index": "872834602ffffff", "population_2015": 12462.839222427532, "total_built_mass_tons": 4336216.58994777, "city_id": 10, "country_iso": "USA"}, {"h3index": "872834603ffffff", "population_2015": 12165.834727075167, "total_built_mass_tons": 4230102.858562549, "city_id": 10, "country_iso": "USA"}, {"h3index": "872834606ffffff", "population_2015": 25.9532353324432, "total_built_mass_tons": 1840160.3661421963, "city_id": 10, "country_iso": "USA"}, {"h3index": "872834608ffffff", "population_2015": 15466.568101567382, "total_built_mass_tons": 4009251.613781006, "city_id": 10, "country_iso": "USA"}, {"h3index": "872834609ffffff", "population_2015": 6009.568566704163, "total_built_mass_tons": 2315652.3902080897, "city_id": 10, "country_iso": "USA"}, {"h3index": "87283460affffff", "population_2015": 18346.766207728, "total_built_mass_tons": 4489235.0261344975, "city_id": 10, "country_iso": "USA"}, {"h3index": "87283460bffffff", "population_2015": 17256.056249481873, "total_built_mass_tons": 3840785.898558379, "city_id": 10, "country_iso": "USA"}, {"h3index": "87283460cffffff", "population_2015": 5796.7062813681705, "total_built_mass_tons": 3277395.6048515523, "city_id": 10, "country_iso": "USA"}, {"h3index": "87283460dffffff", "population_2015": 4712.027211405949, "total_built_mass_tons": 1792294.300884795, "city_id": 10, "country_iso": "USA"}, {"h3index": "87283460effffff", "population_2015": 10330.573830519796, "total_built_mass_tons": 4318350.775955151, "city_id": 10, "country_iso": "USA"}, {"h3index": "872834610ffffff", "population_2015": 3531.0256527910046, "total_built_mass_tons": 1635459.5345295493, "city_id": 10, "country_iso": "USA"}, {"h3index": "872834611ffffff", "population_2015": 7617.923196427206, "total_built_mass_tons": 3029023.176126263, "city_id": 10, "country_iso": "USA"}, {"h3index": "872834613ffffff", "population_2015": 1557.6852291046991, "total_built_mass_tons": 760541.6984682884, "city_id": 10, "country_iso": "USA"}, {"h3index": "872834614ffffff", "population_2015": 3817.896262013679, "total_built_mass_tons": 1905554.5360780812, "city_id": 10, "country_iso": "USA"}, {"h3index": "872834615ffffff", "population_2015": 3634.40980217241, "total_built_mass_tons": 3425279.6755750957, "city_id": 10, "country_iso": "USA"}, {"h3index": "872834618ffffff", "population_2015": 12591.745079432994, "total_built_mass_tons": 2988414.217288503, "city_id": 10, "country_iso": "USA"}, {"h3index": "872834619ffffff", "population_2015": 7746.964886072986, "total_built_mass_tons": 2775154.2954373644, "city_id": 10, "country_iso": "USA"}, {"h3index": "87283461bffffff", "population_2015": 1842.8680354715057, "total_built_mass_tons": 782358.6087330722, "city_id": 10, "country_iso": "USA"}, {"h3index": "87283461cffffff", "population_2015": 17400.148316604278, "total_built_mass_tons": 3986993.8295457754, "city_id": 10, "country_iso": "USA"}, {"h3index": "87283461dffffff", "population_2015": 18661.7076728968, "total_built_mass_tons": 4541022.681336333, "city_id": 10, "country_iso": "USA"}, {"h3index": "87283461effffff", "population_2015": 3990.476002147149, "total_built_mass_tons": 1476579.4051978383, "city_id": 10, "country_iso": "USA"}, {"h3index": "872834624ffffff", "population_2015": 8.266944237082612, "total_built_mass_tons": 813833.3177274109, "city_id": 10, "country_iso": "USA"}, {"h3index": "872834626ffffff", "population_2015": 500.43874682925065, "total_built_mass_tons": 135122.7442293107, "city_id": 10, "country_iso": "USA"}, {"h3index": "872834630ffffff", "population_2015": 74.41198816038668, "total_built_mass_tons": 1612318.312796852, "city_id": 10, "country_iso": "USA"}, {"h3index": "872834632ffffff", "population_2015": 4875.722264867984, "total_built_mass_tons": 2143817.7934411517, "city_id": 10, "country_iso": "USA"}, {"h3index": "872834633ffffff", "population_2015": 3659.735057037228, "total_built_mass_tons": 3943052.441813126, "city_id": 10, "country_iso": "USA"}, {"h3index": "872834634ffffff", "population_2015": 497.5860994230543, "total_built_mass_tons": 378560.93651110993, "city_id": 10, "country_iso": "USA"}, {"h3index": "872834636ffffff", "population_2015": 15250.28675452576, "total_built_mass_tons": 4190036.371941275, "city_id": 10, "country_iso": "USA"}, {"h3index": "872834650ffffff", "population_2015": 7205.0955447594915, "total_built_mass_tons": 1640566.6008761749, "city_id": 10, "country_iso": "USA"}, {"h3index": "872834652ffffff", "population_2015": 14509.923762104036, "total_built_mass_tons": 4666231.201917896, "city_id": 10, "country_iso": "USA"}, {"h3index": "872834653ffffff", "population_2015": 1739.682880466536, "total_built_mass_tons": 2170118.8334031245, "city_id": 10, "country_iso": "USA"}, {"h3index": "872834654ffffff", "population_2015": 309.8467539020613, "total_built_mass_tons": 102287.45112805993, "city_id": 10, "country_iso": "USA"}, {"h3index": "872834656ffffff", "population_2015": 17135.464697612035, "total_built_mass_tons": 4007630.295694095, "city_id": 10, "country_iso": "USA"}, {"h3index": "872834658ffffff", "population_2015": 48.90733846534847, "total_built_mass_tons": 524527.8084166836, "city_id": 10, "country_iso": "USA"}, {"h3index": "87283465affffff", "population_2015": 6063.914202431904, "total_built_mass_tons": 4678311.056883829, "city_id": 10, "country_iso": "USA"}, {"h3index": "87283465bffffff", "population_2015": 21.00148968092259, "total_built_mass_tons": 2264989.856444458, "city_id": 10, "country_iso": "USA"}, {"h3index": "87283465effffff", "population_2015": 321.9273097708895, "total_built_mass_tons": 1355451.2015819112, "city_id": 10, "country_iso": "USA"}, {"h3index": "872834664ffffff", "population_2015": 4357.133261058844, "total_built_mass_tons": 1924337.1987470356, "city_id": 10, "country_iso": "USA"}, {"h3index": "872834665ffffff", "population_2015": 426.7979833974593, "total_built_mass_tons": 1296817.6423595182, "city_id": 10, "country_iso": "USA"}, {"h3index": "872834668ffffff", "population_2015": 2008.9013057652055, "total_built_mass_tons": 596609.193677897, "city_id": 10, "country_iso": "USA"}, {"h3index": "872834669ffffff", "population_2015": 12935.358358314224, "total_built_mass_tons": 3390931.556194744, "city_id": 10, "country_iso": "USA"}, {"h3index": "87283466cffffff", "population_2015": 2673.05264379201, "total_built_mass_tons": 668047.4717558093, "city_id": 10, "country_iso": "USA"}, {"h3index": "87283466dffffff", "population_2015": 8825.56067663548, "total_built_mass_tons": 3188526.7117549516, "city_id": 10, "country_iso": "USA"}, {"h3index": "8728346c8ffffff", "population_2015": 1513.077354243456, "total_built_mass_tons": 700598.8564675434, "city_id": 10, "country_iso": "USA"}, {"h3index": "8728346c9ffffff", "population_2015": 10848.52857383092, "total_built_mass_tons": 3510378.394723341, "city_id": 10, "country_iso": "USA"}, {"h3index": "8728346ccffffff", "population_2015": 3742.683071404578, "total_built_mass_tons": 1388154.267186941, "city_id": 10, "country_iso": "USA"}, {"h3index": "8728346cdffffff", "population_2015": 14312.269672037575, "total_built_mass_tons": 3890645.411406152, "city_id": 10, "country_iso": "USA"}, {"h3index": "8728346e0ffffff", "population_2015": 10339.863793362709, "total_built_mass_tons": 2625255.0793364053, "city_id": 10, "country_iso": "USA"}, {"h3index": "8728346e1ffffff", "population_2015": 7582.660814590899, "total_built_mass_tons": 4157682.274410375, "city_id": 10, "country_iso": "USA"}, {"h3index": "8728346e3ffffff", "population_2015": 41.172511712242574, "total_built_mass_tons": 62662.856621436375, "city_id": 10, "country_iso": "USA"}, {"h3index": "8728346e4ffffff", "population_2015": 12378.992842976955, "total_built_mass_tons": 3260676.972291927, "city_id": 10, "country_iso": "USA"}, {"h3index": "8728346e5ffffff", "population_2015": 10840.416450965437, "total_built_mass_tons": 4249705.8106770115, "city_id": 10, "country_iso": "USA"}, {"h3index": "8728346e6ffffff", "population_2015": 3481.89972947348, "total_built_mass_tons": 780988.7647018536, "city_id": 10, "country_iso": "USA"}, {"h3index": "8728346e8ffffff", "population_2015": 18155.65722458, "total_built_mass_tons": 3660516.285813948, "city_id": 10, "country_iso": "USA"}, {"h3index": "8728346e9ffffff", "population_2015": 18344.291662155, "total_built_mass_tons": 4608564.906043975, "city_id": 10, "country_iso": "USA"}, {"h3index": "8728346eaffffff", "population_2015": 3412.3375614078595, "total_built_mass_tons": 1193958.6703434377, "city_id": 10, "country_iso": "USA"}, {"h3index": "8728346ebffffff", "population_2015": 10588.61982539226, "total_built_mass_tons": 2988585.9563457333, "city_id": 10, "country_iso": "USA"}, {"h3index": "8728346ecffffff", "population_2015": 9905.133634614034, "total_built_mass_tons": 4620852.339577031, "city_id": 10, "country_iso": "USA"}, {"h3index": "8728346edffffff", "population_2015": 18452.547164728083, "total_built_mass_tons": 4187155.642671871, "city_id": 10, "country_iso": "USA"}, {"h3index": "8728346eeffffff", "population_2015": 5669.491800886787, "total_built_mass_tons": 1507435.6215926583, "city_id": 10, "country_iso": "USA"}, {"h3index": "872834700ffffff", "population_2015": 16234.985950943532, "total_built_mass_tons": 4595510.606739011, "city_id": 10, "country_iso": "USA"}, {"h3index": "872834701ffffff", "population_2015": 19557.30559194695, "total_built_mass_tons": 4341922.480901588, "city_id": 10, "country_iso": "USA"}, {"h3index": "872834702ffffff", "population_2015": 13216.015590007102, "total_built_mass_tons": 4463127.6917566145, "city_id": 10, "country_iso": "USA"}, {"h3index": "872834703ffffff", "population_2015": 10326.294781481278, "total_built_mass_tons": 4723283.050816573, "city_id": 10, "country_iso": "USA"}, {"h3index": "872834704ffffff", "population_2015": 20283.024960878785, "total_built_mass_tons": 4796561.752936751, "city_id": 10, "country_iso": "USA"}, {"h3index": "872834705ffffff", "population_2015": 12479.961736939144, "total_built_mass_tons": 4344561.710145288, "city_id": 10, "country_iso": "USA"}, {"h3index": "872834706ffffff", "population_2015": 15031.88170341721, "total_built_mass_tons": 4485075.989880264, "city_id": 10, "country_iso": "USA"}, {"h3index": "872834708ffffff", "population_2015": 14183.093810953638, "total_built_mass_tons": 5198553.358438579, "city_id": 10, "country_iso": "USA"}, {"h3index": "872834709ffffff", "population_2015": 8606.272899004527, "total_built_mass_tons": 3881041.7676669993, "city_id": 10, "country_iso": "USA"}, {"h3index": "87283470affffff", "population_2015": 17446.445454563578, "total_built_mass_tons": 4633024.984756269, "city_id": 10, "country_iso": "USA"}, {"h3index": "87283470bffffff", "population_2015": 1977.383604356625, "total_built_mass_tons": 4309417.280660978, "city_id": 10, "country_iso": "USA"}, {"h3index": "87283470cffffff", "population_2015": 20613.603278263035, "total_built_mass_tons": 4544030.012067685, "city_id": 10, "country_iso": "USA"}, {"h3index": "87283470dffffff", "population_2015": 19693.63201731794, "total_built_mass_tons": 4723718.529281253, "city_id": 10, "country_iso": "USA"}, {"h3index": "87283470effffff", "population_2015": 5682.5782977553845, "total_built_mass_tons": 4850151.014052733, "city_id": 10, "country_iso": "USA"}, {"h3index": "872834710ffffff", "population_2015": 6662.689180929689, "total_built_mass_tons": 4626119.926631675, "city_id": 10, "country_iso": "USA"}, {"h3index": "872834711ffffff", "population_2015": 108.77050244409554, "total_built_mass_tons": 3641899.765191799, "city_id": 10, "country_iso": "USA"}, {"h3index": "872834712ffffff", "population_2015": 15123.209035527849, "total_built_mass_tons": 4029743.4381960537, "city_id": 10, "country_iso": "USA"}, {"h3index": "872834713ffffff", "population_2015": 5641.6730669583185, "total_built_mass_tons": 4663783.825004049, "city_id": 10, "country_iso": "USA"}, {"h3index": "872834714ffffff", "population_2015": 12668.970867854132, "total_built_mass_tons": 4745617.4061084455, "city_id": 10, "country_iso": "USA"}, {"h3index": "872834715ffffff", "population_2015": 8177.791575594391, "total_built_mass_tons": 4472877.055498561, "city_id": 10, "country_iso": "USA"}, {"h3index": "872834716ffffff", "population_2015": 19003.45446741517, "total_built_mass_tons": 4498118.482454058, "city_id": 10, "country_iso": "USA"}, {"h3index": "872834718ffffff", "population_2015": 17083.695062936524, "total_built_mass_tons": 4356129.272335356, "city_id": 10, "country_iso": "USA"}, {"h3index": "872834719ffffff", "population_2015": 230.7363729848289, "total_built_mass_tons": 1888057.543047618, "city_id": 10, "country_iso": "USA"}, {"h3index": "87283471affffff", "population_2015": 4641.523517927206, "total_built_mass_tons": 2922664.7937624264, "city_id": 10, "country_iso": "USA"}, {"h3index": "87283471bffffff", "population_2015": 2509.0688052120913, "total_built_mass_tons": 1074598.974156166, "city_id": 10, "country_iso": "USA"}, {"h3index": "87283471cffffff", "population_2015": 3210.236492326176, "total_built_mass_tons": 4522009.421338761, "city_id": 10, "country_iso": "USA"}, {"h3index": "87283471dffffff", "population_2015": 3695.769101918095, "total_built_mass_tons": 4395925.960750681, "city_id": 10, "country_iso": "USA"}, {"h3index": "87283471effffff", "population_2015": 5609.722415281949, "total_built_mass_tons": 4226438.176982419, "city_id": 10, "country_iso": "USA"}, {"h3index": "872834720ffffff", "population_2015": 10495.137853465369, "total_built_mass_tons": 4245657.709204133, "city_id": 10, "country_iso": "USA"}, {"h3index": "872834721ffffff", "population_2015": 13689.67766191726, "total_built_mass_tons": 4305327.352192035, "city_id": 10, "country_iso": "USA"}, {"h3index": "872834722ffffff", "population_2015": 20515.117335113013, "total_built_mass_tons": 4626490.111636755, "city_id": 10, "country_iso": "USA"}, {"h3index": "872834723ffffff", "population_2015": 13924.532293049724, "total_built_mass_tons": 4498962.774166606, "city_id": 10, "country_iso": "USA"}, {"h3index": "872834724ffffff", "population_2015": 5962.940073303615, "total_built_mass_tons": 3549160.248231314, "city_id": 10, "country_iso": "USA"}, {"h3index": "872834725ffffff", "population_2015": 6527.209390097972, "total_built_mass_tons": 3710072.545873408, "city_id": 10, "country_iso": "USA"}, {"h3index": "872834726ffffff", "population_2015": 14769.90706595626, "total_built_mass_tons": 4582188.787946535, "city_id": 10, "country_iso": "USA"}, {"h3index": "872834728ffffff", "population_2015": 12149.514758153757, "total_built_mass_tons": 4225494.684427684, "city_id": 10, "country_iso": "USA"}, {"h3index": "872834729ffffff", "population_2015": 6249.932091182943, "total_built_mass_tons": 2856304.044275239, "city_id": 10, "country_iso": "USA"}, {"h3index": "87283472affffff", "population_2015": 19579.088670428544, "total_built_mass_tons": 4396179.705837376, "city_id": 10, "country_iso": "USA"}, {"h3index": "87283472bffffff", "population_2015": 11132.813586421344, "total_built_mass_tons": 3902311.857098601, "city_id": 10, "country_iso": "USA"}, {"h3index": "87283472cffffff", "population_2015": 10675.793691726934, "total_built_mass_tons": 3522416.334167472, "city_id": 10, "country_iso": "USA"}, {"h3index": "87283472dffffff", "population_2015": 3731.0564907396542, "total_built_mass_tons": 1294194.6779179291, "city_id": 10, "country_iso": "USA"}, {"h3index": "87283472effffff", "population_2015": 13060.062033808585, "total_built_mass_tons": 4380547.58500039, "city_id": 10, "country_iso": "USA"}, {"h3index": "872834730ffffff", "population_2015": 17565.91719243532, "total_built_mass_tons": 4799048.138977198, "city_id": 10, "country_iso": "USA"}, {"h3index": "872834731ffffff", "population_2015": 12750.991261114244, "total_built_mass_tons": 4949981.541735999, "city_id": 10, "country_iso": "USA"}, {"h3index": "872834732ffffff", "population_2015": 14404.202980032333, "total_built_mass_tons": 5001583.429392331, "city_id": 10, "country_iso": "USA"}, {"h3index": "872834733ffffff", "population_2015": 15480.568791240106, "total_built_mass_tons": 4578136.029605694, "city_id": 10, "country_iso": "USA"}, {"h3index": "872834734ffffff", "population_2015": 13211.474893427836, "total_built_mass_tons": 4904740.044618658, "city_id": 10, "country_iso": "USA"}, {"h3index": "872834735ffffff", "population_2015": 17590.513418432136, "total_built_mass_tons": 5174530.452746027, "city_id": 10, "country_iso": "USA"}, {"h3index": "872834736ffffff", "population_2015": 11658.69618386264, "total_built_mass_tons": 4575589.884195172, "city_id": 10, "country_iso": "USA"}, {"h3index": "872834740ffffff", "population_2015": 3482.7146826054686, "total_built_mass_tons": 2902956.786495303, "city_id": 10, "country_iso": "USA"}, {"h3index": "872834741ffffff", "population_2015": 4804.1875511559265, "total_built_mass_tons": 1643540.4772297945, "city_id": 10, "country_iso": "USA"}, {"h3index": "872834742ffffff", "population_2015": 15358.9476551505, "total_built_mass_tons": 4707458.256599672, "city_id": 10, "country_iso": "USA"}, {"h3index": "872834743ffffff", "population_2015": 11395.52538973444, "total_built_mass_tons": 3643782.020183031, "city_id": 10, "country_iso": "USA"}, {"h3index": "872834744ffffff", "population_2015": 17.93832681646534, "total_built_mass_tons": 157570.0277422974, "city_id": 10, "country_iso": "USA"}, {"h3index": "872834746ffffff", "population_2015": 9159.5381842913, "total_built_mass_tons": 3804587.2923816023, "city_id": 10, "country_iso": "USA"}, {"h3index": "872834748ffffff", "population_2015": 2376.0927277693554, "total_built_mass_tons": 1736930.646083158, "city_id": 10, "country_iso": "USA"}, {"h3index": "872834749ffffff", "population_2015": 18394.722622041143, "total_built_mass_tons": 4398978.880153238, "city_id": 10, "country_iso": "USA"}, {"h3index": "87283474affffff", "population_2015": 4025.305490729505, "total_built_mass_tons": 1999530.8364998312, "city_id": 10, "country_iso": "USA"}, {"h3index": "87283474bffffff", "population_2015": 17342.110692481547, "total_built_mass_tons": 4060492.801137513, "city_id": 10, "country_iso": "USA"}, {"h3index": "87283474cffffff", "population_2015": 8218.856203550306, "total_built_mass_tons": 3217570.234431477, "city_id": 10, "country_iso": "USA"}, {"h3index": "87283474dffffff", "population_2015": 1987.6174619282576, "total_built_mass_tons": 1542264.8475231812, "city_id": 10, "country_iso": "USA"}, {"h3index": "87283474effffff", "population_2015": 9217.322765386103, "total_built_mass_tons": 4055865.5406814944, "city_id": 10, "country_iso": "USA"}, {"h3index": "872834750ffffff", "population_2015": 96.5167229398793, "total_built_mass_tons": 1474045.4634653348, "city_id": 10, "country_iso": "USA"}, {"h3index": "872834751ffffff", "population_2015": 2890.7459539806146, "total_built_mass_tons": 1713155.618401335, "city_id": 10, "country_iso": "USA"}, {"h3index": "872834754ffffff", "population_2015": 13197.683707930764, "total_built_mass_tons": 4503535.77172454, "city_id": 10, "country_iso": "USA"}, {"h3index": "872834755ffffff", "population_2015": 11835.070476965137, "total_built_mass_tons": 4459868.977676133, "city_id": 10, "country_iso": "USA"}, {"h3index": "872834756ffffff", "population_2015": 402.61588203579777, "total_built_mass_tons": 2421000.5424486767, "city_id": 10, "country_iso": "USA"}, {"h3index": "872834758ffffff", "population_2015": 11000.22423350951, "total_built_mass_tons": 2331639.4664101684, "city_id": 10, "country_iso": "USA"}, {"h3index": "872834759ffffff", "population_2015": 9058.598289295272, "total_built_mass_tons": 2777287.557077343, "city_id": 10, "country_iso": "USA"}, {"h3index": "87283475bffffff", "population_2015": 217.60559779522464, "total_built_mass_tons": 40440.78024162195, "city_id": 10, "country_iso": "USA"}, {"h3index": "87283475cffffff", "population_2015": 13328.428031988708, "total_built_mass_tons": 3509573.6782961874, "city_id": 10, "country_iso": "USA"}, {"h3index": "87283475dffffff", "population_2015": 15689.03835787096, "total_built_mass_tons": 4057597.8288166737, "city_id": 10, "country_iso": "USA"}, {"h3index": "87283476bffffff", "population_2015": 53.82861957082562, "total_built_mass_tons": 55053.584508660744, "city_id": 10, "country_iso": "USA"}, {"h3index": "872834770ffffff", "population_2015": 8417.655184829699, "total_built_mass_tons": 3755274.662009685, "city_id": 10, "country_iso": "USA"}, {"h3index": "872834771ffffff", "population_2015": 2576.7990573742813, "total_built_mass_tons": 1517185.2558572292, "city_id": 10, "country_iso": "USA"}, {"h3index": "872834772ffffff", "population_2015": 12020.099870935024, "total_built_mass_tons": 4447575.777036091, "city_id": 10, "country_iso": "USA"}, {"h3index": "872834773ffffff", "population_2015": 19948.039339922925, "total_built_mass_tons": 4331217.102877388, "city_id": 10, "country_iso": "USA"}, {"h3index": "872834774ffffff", "population_2015": 2377.848833275775, "total_built_mass_tons": 1439660.7920440494, "city_id": 10, "country_iso": "USA"}, {"h3index": "872834776ffffff", "population_2015": 8166.465482531575, "total_built_mass_tons": 4122625.252681478, "city_id": 10, "country_iso": "USA"}, {"h3index": "87283478dffffff", "population_2015": 209.67445307736304, "total_built_mass_tons": 112200.2910840615, "city_id": 10, "country_iso": "USA"}, {"h3index": "8728347a0ffffff", "population_2015": 17434.955785725626, "total_built_mass_tons": 4252480.168319724, "city_id": 10, "country_iso": "USA"}, {"h3index": "8728347a1ffffff", "population_2015": 17271.132097296853, "total_built_mass_tons": 4329973.764910835, "city_id": 10, "country_iso": "USA"}, {"h3index": "8728347a2ffffff", "population_2015": 557.1903172609852, "total_built_mass_tons": 394814.59591214545, "city_id": 10, "country_iso": "USA"}, {"h3index": "8728347a3ffffff", "population_2015": 2961.1237430589463, "total_built_mass_tons": 1269388.736085061, "city_id": 10, "country_iso": "USA"}, {"h3index": "8728347a4ffffff", "population_2015": 24229.915953638043, "total_built_mass_tons": 4206228.63803399, "city_id": 10, "country_iso": "USA"}, {"h3index": "8728347a5ffffff", "population_2015": 22098.42671749311, "total_built_mass_tons": 3950575.728427462, "city_id": 10, "country_iso": "USA"}, {"h3index": "8728347a6ffffff", "population_2015": 7661.491022137567, "total_built_mass_tons": 2044083.0243439907, "city_id": 10, "country_iso": "USA"}, {"h3index": "8728347a8ffffff", "population_2015": 10993.309900727225, "total_built_mass_tons": 4653205.590784697, "city_id": 10, "country_iso": "USA"}, {"h3index": "8728347a9ffffff", "population_2015": 12147.266778443183, "total_built_mass_tons": 4234793.736731585, "city_id": 10, "country_iso": "USA"}, {"h3index": "8728347aaffffff", "population_2015": 3601.8403834951864, "total_built_mass_tons": 778104.6064939898, "city_id": 10, "country_iso": "USA"}, {"h3index": "8728347abffffff", "population_2015": 12143.235528679106, "total_built_mass_tons": 2856294.161229938, "city_id": 10, "country_iso": "USA"}, {"h3index": "8728347acffffff", "population_2015": 13071.06778515273, "total_built_mass_tons": 4507090.391164151, "city_id": 10, "country_iso": "USA"}, {"h3index": "8728347adffffff", "population_2015": 6900.021936780484, "total_built_mass_tons": 4236116.314874173, "city_id": 10, "country_iso": "USA"}, {"h3index": "8728347aeffffff", "population_2015": 14169.867350141873, "total_built_mass_tons": 3759354.7990978486, "city_id": 10, "country_iso": "USA"}]