[{"h3index": "874071088ffffff", "population_2015": 13528.992333016213, "total_built_mass_tons": 3041050.0697115283, "city_id": 10476, "country_iso": "CHN"}, {"h3index": "874071089ffffff", "population_2015": 20585.194253392317, "total_built_mass_tons": 4543625.295010777, "city_id": 10476, "country_iso": "CHN"}, {"h3index": "87407108affffff", "population_2015": 8738.349842528736, "total_built_mass_tons": 4091850.340078268, "city_id": 10476, "country_iso": "CHN"}, {"h3index": "87407108bffffff", "population_2015": 21836.657130873435, "total_built_mass_tons": 3639082.2154618353, "city_id": 10476, "country_iso": "CHN"}, {"h3index": "87407108cffffff", "population_2015": 1292.1926568274405, "total_built_mass_tons": 1782092.37832234, "city_id": 10476, "country_iso": "CHN"}, {"h3index": "87407108dffffff", "population_2015": 3542.501684330023, "total_built_mass_tons": 1630605.8245095278, "city_id": 10476, "country_iso": "CHN"}, {"h3index": "87407108effffff", "population_2015": 5111.496690344343, "total_built_mass_tons": 1460448.3795188242, "city_id": 10476, "country_iso": "CHN"}, {"h3index": "874071099ffffff", "population_2015": 3922.153457003949, "total_built_mass_tons": 1823618.8303653384, "city_id": 10476, "country_iso": "CHN"}, {"h3index": "87407109bffffff", "population_2015": 32.83069059194302, "total_built_mass_tons": 64004.62213795275, "city_id": 10476, "country_iso": "CHN"}, {"h3index": "87407109dffffff", "population_2015": 1382.2187929957515, "total_built_mass_tons": 891518.5956766591, "city_id": 10476, "country_iso": "CHN"}, {"h3index": "8740710c2ffffff", "population_2015": 2031.4272534840245, "total_built_mass_tons": 1970801.48081858, "city_id": 10476, "country_iso": "CHN"}, {"h3index": "8740710c3ffffff", "population_2015": 2444.285253568724, "total_built_mass_tons": 1669202.6786850467, "city_id": 10476, "country_iso": "CHN"}, {"h3index": "8740710c4ffffff", "population_2015": 152.08856588812438, "total_built_mass_tons": 105922.38852947754, "city_id": 10476, "country_iso": "CHN"}, {"h3index": "8740710c6ffffff", "population_2015": 3917.377685428367, "total_built_mass_tons": 1690459.8356138868, "city_id": 10476, "country_iso": "CHN"}, {"h3index": "8740710caffffff", "population_2015": 102.39545547447952, "total_built_mass_tons": 51540.266842056466, "city_id": 10476, "country_iso": "CHN"}, {"h3index": "8740710d0ffffff", "population_2015": 38303.80895182667, "total_built_mass_tons": 7202623.178882346, "city_id": 10476, "country_iso": "CHN"}, {"h3index": "8740710d1ffffff", "population_2015": 10106.514908376392, "total_built_mass_tons": 4920880.912493236, "city_id": 10476, "country_iso": "CHN"}, {"h3index": "8740710d2ffffff", "population_2015": 16618.21256025539, "total_built_mass_tons": 5875141.652078597, "city_id": 10476, "country_iso": "CHN"}, {"h3index": "8740710d3ffffff", "population_2015": 31648.605230312725, "total_built_mass_tons": 6955493.623867916, "city_id": 10476, "country_iso": "CHN"}, {"h3index": "8740710d4ffffff", "population_2015": 28767.899147564764, "total_built_mass_tons": 7540622.311626044, "city_id": 10476, "country_iso": "CHN"}, {"h3index": "8740710d5ffffff", "population_2015": 21866.34711166084, "total_built_mass_tons": 6351584.4565691305, "city_id": 10476, "country_iso": "CHN"}, {"h3index": "8740710d6ffffff", "population_2015": 30071.345000508256, "total_built_mass_tons": 6278802.288331604, "city_id": 10476, "country_iso": "CHN"}, {"h3index": "8740710d8ffffff", "population_2015": 31307.70066009035, "total_built_mass_tons": 7531240.892582806, "city_id": 10476, "country_iso": "CHN"}, {"h3index": "8740710d9ffffff", "population_2015": 20238.821096545576, "total_built_mass_tons": 4211889.769943079, "city_id": 10476, "country_iso": "CHN"}, {"h3index": "8740710daffffff", "population_2015": 46284.60562708238, "total_built_mass_tons": 9452314.194689248, "city_id": 10476, "country_iso": "CHN"}, {"h3index": "8740710dbffffff", "population_2015": 41541.32729279012, "total_built_mass_tons": 8704082.522344265, "city_id": 10476, "country_iso": "CHN"}, {"h3index": "8740710dcffffff", "population_2015": 6946.236338940786, "total_built_mass_tons": 4331505.862983592, "city_id": 10476, "country_iso": "CHN"}, {"h3index": "8740710ddffffff", "population_2015": 650.0549774543912, "total_built_mass_tons": 533744.5098759789, "city_id": 10476, "country_iso": "CHN"}, {"h3index": "8740710deffffff", "population_2015": 28815.475836584617, "total_built_mass_tons": 5969980.388762139, "city_id": 10476, "country_iso": "CHN"}, {"h3index": "8740710f0ffffff", "population_2015": 11098.572535217509, "total_built_mass_tons": 4098461.7655055183, "city_id": 10476, "country_iso": "CHN"}, {"h3index": "8740710f1ffffff", "population_2015": 5777.928599461387, "total_built_mass_tons": 3191899.794982642, "city_id": 10476, "country_iso": "CHN"}, {"h3index": "8740710f2ffffff", "population_2015": 24661.84704363859, "total_built_mass_tons": 3759170.6468989626, "city_id": 10476, "country_iso": "CHN"}, {"h3index": "8740710f3ffffff", "population_2015": 18974.382185661096, "total_built_mass_tons": 6144220.502787182, "city_id": 10476, "country_iso": "CHN"}, {"h3index": "8740710f4ffffff", "population_2015": 6.397341150396011, "total_built_mass_tons": 14925.29180746568, "city_id": 10476, "country_iso": "CHN"}, {"h3index": "8740710f5ffffff", "population_2015": 1371.981305198108, "total_built_mass_tons": 676019.0724588158, "city_id": 10476, "country_iso": "CHN"}, {"h3index": "8740710f6ffffff", "population_2015": 591.1148726566163, "total_built_mass_tons": 909671.8882527258, "city_id": 10476, "country_iso": "CHN"}, {"h3index": "874071625ffffff", "population_2015": 917.3657231910556, "total_built_mass_tons": 301912.46021683, "city_id": 10476, "country_iso": "CHN"}, {"h3index": "874071700ffffff", "population_2015": 4522.436827046264, "total_built_mass_tons": 1952474.4217623055, "city_id": 10476, "country_iso": "CHN"}, {"h3index": "874071701ffffff", "population_2015": 38189.76177089076, "total_built_mass_tons": 9716970.88352342, "city_id": 10476, "country_iso": "CHN"}, {"h3index": "874071702ffffff", "population_2015": 11943.757146870856, "total_built_mass_tons": 2501444.8524935185, "city_id": 10476, "country_iso": "CHN"}, {"h3index": "874071703ffffff", "population_2015": 15774.22282973878, "total_built_mass_tons": 3788749.144075735, "city_id": 10476, "country_iso": "CHN"}, {"h3index": "874071704ffffff", "population_2015": 1209.0347069787044, "total_built_mass_tons": 987691.5792571268, "city_id": 10476, "country_iso": "CHN"}, {"h3index": "874071705ffffff", "population_2015": 30068.166784099496, "total_built_mass_tons": 3774670.705109435, "city_id": 10476, "country_iso": "CHN"}, {"h3index": "874071708ffffff", "population_2015": 7675.880217073478, "total_built_mass_tons": 1826114.2564192903, "city_id": 10476, "country_iso": "CHN"}, {"h3index": "874071709ffffff", "population_2015": 15343.581496004976, "total_built_mass_tons": 4813129.31172991, "city_id": 10476, "country_iso": "CHN"}, {"h3index": "87407170affffff", "population_2015": 5081.638943526324, "total_built_mass_tons": 1000354.748934933, "city_id": 10476, "country_iso": "CHN"}, {"h3index": "87407170bffffff", "population_2015": 6277.624751096615, "total_built_mass_tons": 1679965.7791415043, "city_id": 10476, "country_iso": "CHN"}, {"h3index": "87407170cffffff", "population_2015": 61011.161848483374, "total_built_mass_tons": 10304274.478119818, "city_id": 10476, "country_iso": "CHN"}, {"h3index": "87407170dffffff", "population_2015": 159003.34231394596, "total_built_mass_tons": 8462359.78835246, "city_id": 10476, "country_iso": "CHN"}, {"h3index": "87407170effffff", "population_2015": 27290.66839030771, "total_built_mass_tons": 9204875.800510349, "city_id": 10476, "country_iso": "CHN"}, {"h3index": "874071711ffffff", "population_2015": 5243.595332140082, "total_built_mass_tons": 937128.9070581855, "city_id": 10476, "country_iso": "CHN"}, {"h3index": "874071713ffffff", "population_2015": 755.783055638332, "total_built_mass_tons": 199605.03734695903, "city_id": 10476, "country_iso": "CHN"}, {"h3index": "874071715ffffff", "population_2015": 27.51313341178146, "total_built_mass_tons": 12623.086643715233, "city_id": 10476, "country_iso": "CHN"}, {"h3index": "874071718ffffff", "population_2015": 21286.10616693496, "total_built_mass_tons": 4682285.078846184, "city_id": 10476, "country_iso": "CHN"}, {"h3index": "874071719ffffff", "population_2015": 4873.134963185179, "total_built_mass_tons": 692601.9256576047, "city_id": 10476, "country_iso": "CHN"}, {"h3index": "87407171affffff", "population_2015": 9468.190047731588, "total_built_mass_tons": 1851234.471386894, "city_id": 10476, "country_iso": "CHN"}, {"h3index": "87407171bffffff", "population_2015": 742.6505139593986, "total_built_mass_tons": 183075.01068742928, "city_id": 10476, "country_iso": "CHN"}, {"h3index": "87407171cffffff", "population_2015": 24157.2543389152, "total_built_mass_tons": 3983349.5568082216, "city_id": 10476, "country_iso": "CHN"}, {"h3index": "87407171dffffff", "population_2015": 29911.2425536511, "total_built_mass_tons": 5630210.531548802, "city_id": 10476, "country_iso": "CHN"}, {"h3index": "87407171effffff", "population_2015": 12933.661185098164, "total_built_mass_tons": 1461741.1279397835, "city_id": 10476, "country_iso": "CHN"}, {"h3index": "874071720ffffff", "population_2015": 434.54476996964104, "total_built_mass_tons": 193555.87607238733, "city_id": 10476, "country_iso": "CHN"}, {"h3index": "874071721ffffff", "population_2015": 15387.465109359522, "total_built_mass_tons": 4766869.32860111, "city_id": 10476, "country_iso": "CHN"}, {"h3index": "874071722ffffff", "population_2015": 4073.715378991295, "total_built_mass_tons": 884561.4362619392, "city_id": 10476, "country_iso": "CHN"}, {"h3index": "874071723ffffff", "population_2015": 20945.96307131075, "total_built_mass_tons": 2425235.64435948, "city_id": 10476, "country_iso": "CHN"}, {"h3index": "874071724ffffff", "population_2015": 2921.0422108636185, "total_built_mass_tons": 1481919.1763914505, "city_id": 10476, "country_iso": "CHN"}, {"h3index": "874071725ffffff", "population_2015": 8928.730491434364, "total_built_mass_tons": 4382818.541573152, "city_id": 10476, "country_iso": "CHN"}, {"h3index": "874071728ffffff", "population_2015": 347596.3231949749, "total_built_mass_tons": 14873466.932278989, "city_id": 10476, "country_iso": "CHN"}, {"h3index": "874071729ffffff", "population_2015": 140607.71348042213, "total_built_mass_tons": 14783817.656068517, "city_id": 10476, "country_iso": "CHN"}, {"h3index": "87407172affffff", "population_2015": 195501.79548606125, "total_built_mass_tons": 12546492.276366267, "city_id": 10476, "country_iso": "CHN"}, {"h3index": "87407172bffffff", "population_2015": 123219.68857682172, "total_built_mass_tons": 13443060.884285685, "city_id": 10476, "country_iso": "CHN"}, {"h3index": "87407172cffffff", "population_2015": 56127.73497940886, "total_built_mass_tons": 8147384.820459383, "city_id": 10476, "country_iso": "CHN"}, {"h3index": "87407172dffffff", "population_2015": 78987.6477196039, "total_built_mass_tons": 9782314.688591585, "city_id": 10476, "country_iso": "CHN"}, {"h3index": "87407172effffff", "population_2015": 46175.66601320152, "total_built_mass_tons": 9928524.394281616, "city_id": 10476, "country_iso": "CHN"}, {"h3index": "874071731ffffff", "population_2015": 7.39324426651001, "total_built_mass_tons": 9905.295375576652, "city_id": 10476, "country_iso": "CHN"}, {"h3index": "874071744ffffff", "population_2015": 23.67352409970527, "total_built_mass_tons": 22835.769243814357, "city_id": 10476, "country_iso": "CHN"}, {"h3index": "874071750ffffff", "population_2015": 3091.6403411192055, "total_built_mass_tons": 789390.1691449042, "city_id": 10476, "country_iso": "CHN"}, {"h3index": "874071754ffffff", "population_2015": 17815.46222346811, "total_built_mass_tons": 4775882.4217843, "city_id": 10476, "country_iso": "CHN"}, {"h3index": "874071755ffffff", "population_2015": 1328.1018648110185, "total_built_mass_tons": 155456.09354560985, "city_id": 10476, "country_iso": "CHN"}, {"h3index": "874071756ffffff", "population_2015": 14471.17915549465, "total_built_mass_tons": 3341024.6765521467, "city_id": 10476, "country_iso": "CHN"}, {"h3index": "874071760ffffff", "population_2015": 4368.479413389692, "total_built_mass_tons": 2724780.4966573752, "city_id": 10476, "country_iso": "CHN"}, {"h3index": "874071761ffffff", "population_2015": 146.04754108354155, "total_built_mass_tons": 47225.33166825963, "city_id": 10476, "country_iso": "CHN"}, {"h3index": "874071762ffffff", "population_2015": 7004.760668559168, "total_built_mass_tons": 2270753.090359772, "city_id": 10476, "country_iso": "CHN"}, {"h3index": "874071763ffffff", "population_2015": 245.4329461156153, "total_built_mass_tons": 472098.1806396586, "city_id": 10476, "country_iso": "CHN"}, {"h3index": "874071764ffffff", "population_2015": 1038.885170985203, "total_built_mass_tons": 200897.47852341537, "city_id": 10476, "country_iso": "CHN"}, {"h3index": "874071765ffffff", "population_2015": 57.99038517521876, "total_built_mass_tons": 19383.0752626472, "city_id": 10476, "country_iso": "CHN"}, {"h3index": "874071766ffffff", "population_2015": 5744.161371527467, "total_built_mass_tons": 1204588.4423368238, "city_id": 10476, "country_iso": "CHN"}, {"h3index": "874071770ffffff", "population_2015": 41876.45350400886, "total_built_mass_tons": 10024107.064939672, "city_id": 10476, "country_iso": "CHN"}, {"h3index": "874071771ffffff", "population_2015": 25856.3198038176, "total_built_mass_tons": 4412158.761378327, "city_id": 10476, "country_iso": "CHN"}, {"h3index": "874071772ffffff", "population_2015": 57580.25856223016, "total_built_mass_tons": 11640932.71081223, "city_id": 10476, "country_iso": "CHN"}, {"h3index": "874071773ffffff", "population_2015": 24501.713042704272, "total_built_mass_tons": 6567101.341100972, "city_id": 10476, "country_iso": "CHN"}, {"h3index": "874071774ffffff", "population_2015": 58228.50841451158, "total_built_mass_tons": 10007670.588382613, "city_id": 10476, "country_iso": "CHN"}, {"h3index": "874071775ffffff", "population_2015": 12281.096564509824, "total_built_mass_tons": 2452157.4637469053, "city_id": 10476, "country_iso": "CHN"}, {"h3index": "874071776ffffff", "population_2015": 124914.20167637244, "total_built_mass_tons": 14519648.07567066, "city_id": 10476, "country_iso": "CHN"}, {"h3index": "8740717adffffff", "population_2015": 54.56469309002745, "total_built_mass_tons": 61231.83383521123, "city_id": 10476, "country_iso": "CHN"}]