[{"h3index":"8724eea0cffffff","population_2015":64.9838213051,"total_built_mass_tons":44059.7660728229,"city_id":10126,"country_iso":"CHN"},{"h3index":"8724eea28ffffff","population_2015":20382.6051088576,"total_built_mass_tons":3063946.2768784966,"city_id":10126,"country_iso":"CHN"},{"h3index":"8724eea29ffffff","population_2015":3352.4494774244,"total_built_mass_tons":1321292.4602054553,"city_id":10126,"country_iso":"CHN"},{"h3index":"8724eea2affffff","population_2015":1374.7280684041,"total_built_mass_tons":191436.525855929,"city_id":10126,"country_iso":"CHN"},{"h3index":"8724eea2bffffff","population_2015":20113.8729142153,"total_built_mass_tons":2930151.6239015376,"city_id":10126,"country_iso":"CHN"},{"h3index":"8724eea2cffffff","population_2015":412.326770113,"total_built_mass_tons":108927.3232650182,"city_id":10126,"country_iso":"CHN"},{"h3index":"8724eea2dffffff","population_2015":214.8497645359,"total_built_mass_tons":126347.6813197921,"city_id":10126,"country_iso":"CHN"},{"h3index":"8724eea76ffffff","population_2015":7.0785713139,"total_built_mass_tons":202581.3887665553,"city_id":10126,"country_iso":"CHN"}]