[{"h3index":"8724dd988ffffff","population_2015":517.7244573257,"total_built_mass_tons":1046793.943820107,"city_id":10227,"country_iso":"CHN"},{"h3index":"8724dd989ffffff","population_2015":967.7834523519,"total_built_mass_tons":865171.1705770228,"city_id":10227,"country_iso":"CHN"},{"h3index":"8724dd98bffffff","population_2015":114.9579838472,"total_built_mass_tons":141049.2801333816,"city_id":10227,"country_iso":"CHN"},{"h3index":"8724dd98dffffff","population_2015":132.46745132,"total_built_mass_tons":619430.3661990564,"city_id":10227,"country_iso":"CHN"}]