[{"h3index":"87529a680ffffff","population_2015":8233.641064124,"total_built_mass_tons":661770.023424515,"city_id":4977,"country_iso":"ETH"},{"h3index":"87529a681ffffff","population_2015":836.5798409668,"total_built_mass_tons":258946.5189330048,"city_id":4977,"country_iso":"ETH"},{"h3index":"87529a682ffffff","population_2015":167.2791710349,"total_built_mass_tons":41613.267252523,"city_id":4977,"country_iso":"ETH"},{"h3index":"87529a684ffffff","population_2015":1201.6957278906,"total_built_mass_tons":88344.5041911305,"city_id":4977,"country_iso":"ETH"},{"h3index":"87529a685ffffff","population_2015":72.011130965,"total_built_mass_tons":25000.8367162534,"city_id":4977,"country_iso":"ETH"},{"h3index":"87529a686ffffff","population_2015":7177.2597914153,"total_built_mass_tons":563348.9598691682,"city_id":4977,"country_iso":"ETH"},{"h3index":"87529a6b1ffffff","population_2015":10.8292350769,"total_built_mass_tons":6017.5037679147,"city_id":4977,"country_iso":"ETH"}]