[{"h3index":"872571601ffffff","population_2015":1465.4247420105,"total_built_mass_tons":625406.9386480842,"city_id":8145,"country_iso":"RUS"},{"h3index":"872571605ffffff","population_2015":179.9334733898,"total_built_mass_tons":48531.3958953042,"city_id":8145,"country_iso":"RUS"},{"h3index":"872571608ffffff","population_2015":5117.598532341,"total_built_mass_tons":2014602.4410824836,"city_id":8145,"country_iso":"RUS"},{"h3index":"872571609ffffff","population_2015":9069.6377616639,"total_built_mass_tons":2378711.4447870944,"city_id":8145,"country_iso":"RUS"},{"h3index":"87257160bffffff","population_2015":123.5360213546,"total_built_mass_tons":103611.8695384234,"city_id":8145,"country_iso":"RUS"},{"h3index":"87257160cffffff","population_2015":16239.086433578,"total_built_mass_tons":4792369.5164265502,"city_id":8145,"country_iso":"RUS"},{"h3index":"87257160dffffff","population_2015":16195.3790639447,"total_built_mass_tons":5629581.0248719268,"city_id":8145,"country_iso":"RUS"},{"h3index":"87257160effffff","population_2015":72.5142189269,"total_built_mass_tons":36154.796793227,"city_id":8145,"country_iso":"RUS"},{"h3index":"872571628ffffff","population_2015":59.5195674578,"total_built_mass_tons":33491.4930239685,"city_id":8145,"country_iso":"RUS"},{"h3index":"87257162affffff","population_2015":8489.7409928902,"total_built_mass_tons":3364056.7782090767,"city_id":8145,"country_iso":"RUS"},{"h3index":"87257162bffffff","population_2015":2128.6490313773,"total_built_mass_tons":1409387.8565404965,"city_id":8145,"country_iso":"RUS"},{"h3index":"872571650ffffff","population_2015":2588.4435124912,"total_built_mass_tons":1023654.2029962234,"city_id":8145,"country_iso":"RUS"},{"h3index":"872571652ffffff","population_2015":395.4723884583,"total_built_mass_tons":97655.8470802537,"city_id":8145,"country_iso":"RUS"},{"h3index":"872571654ffffff","population_2015":15810.8526411823,"total_built_mass_tons":4357262.9890484028,"city_id":8145,"country_iso":"RUS"},{"h3index":"872571655ffffff","population_2015":53.1949164867,"total_built_mass_tons":53035.7515970273,"city_id":8145,"country_iso":"RUS"},{"h3index":"872571656ffffff","population_2015":8142.6807604191,"total_built_mass_tons":2770442.2999247923,"city_id":8145,"country_iso":"RUS"},{"h3index":"872571670ffffff","population_2015":80.1259425995,"total_built_mass_tons":102088.4056846601,"city_id":8145,"country_iso":"RUS"},{"h3index":"872571672ffffff","population_2015":11305.3592305361,"total_built_mass_tons":3864520.9801104469,"city_id":8145,"country_iso":"RUS"},{"h3index":"872571673ffffff","population_2015":2734.0406888391,"total_built_mass_tons":1534867.2334832232,"city_id":8145,"country_iso":"RUS"},{"h3index":"872571676ffffff","population_2015":6683.8748599539,"total_built_mass_tons":2627923.0382047193,"city_id":8145,"country_iso":"RUS"},{"h3index":"8725716e5ffffff","population_2015":184.768670688,"total_built_mass_tons":80561.5292940752,"city_id":8145,"country_iso":"RUS"}]