[{"h3index": "871f16182ffffff", "population_2015": 2387.122548995299, "total_built_mass_tons": 1321334.6791703436, "city_id": 2292, "country_iso": "NLD"}, {"h3index": "871f16183ffffff", "population_2015": 1839.034617618487, "total_built_mass_tons": 839594.7534250314, "city_id": 2292, "country_iso": "NLD"}, {"h3index": "871f16186ffffff", "population_2015": 1406.084440238803, "total_built_mass_tons": 851523.6692075437, "city_id": 2292, "country_iso": "NLD"}, {"h3index": "871f16191ffffff", "population_2015": 6399.4479523471755, "total_built_mass_tons": 2564744.0516835246, "city_id": 2292, "country_iso": "NLD"}, {"h3index": "871f16193ffffff", "population_2015": 2020.080900282018, "total_built_mass_tons": 1065274.2484760275, "city_id": 2292, "country_iso": "NLD"}, {"h3index": "871f16194ffffff", "population_2015": 86.43721254573148, "total_built_mass_tons": 43078.28622612224, "city_id": 2292, "country_iso": "NLD"}, {"h3index": "871f16195ffffff", "population_2015": 4002.968518526414, "total_built_mass_tons": 2021250.453900536, "city_id": 2292, "country_iso": "NLD"}, {"h3index": "871f16198ffffff", "population_2015": 3159.286487265194, "total_built_mass_tons": 1159277.444652334, "city_id": 2292, "country_iso": "NLD"}, {"h3index": "871f1619affffff", "population_2015": 954.7362885138568, "total_built_mass_tons": 522182.85236571706, "city_id": 2292, "country_iso": "NLD"}, {"h3index": "871f1619cffffff", "population_2015": 6424.932795621836, "total_built_mass_tons": 2762612.0224798024, "city_id": 2292, "country_iso": "NLD"}, {"h3index": "871f1619dffffff", "population_2015": 2977.110554175284, "total_built_mass_tons": 1401067.177888401, "city_id": 2292, "country_iso": "NLD"}, {"h3index": "871f1619effffff", "population_2015": 12395.70969795526, "total_built_mass_tons": 5652958.631062967, "city_id": 2292, "country_iso": "NLD"}, {"h3index": "871f161b3ffffff", "population_2015": 3007.2461162987875, "total_built_mass_tons": 1132118.425695418, "city_id": 2292, "country_iso": "NLD"}, {"h3index": "871f16569ffffff", "population_2015": 48.913603180530025, "total_built_mass_tons": 44106.04298773504, "city_id": 2292, "country_iso": "NLD"}, {"h3index": "871f1656dffffff", "population_2015": 4174.8636426551675, "total_built_mass_tons": 2594342.4158990225, "city_id": 2292, "country_iso": "NLD"}]