[{"h3index": "872b9b404ffffff", "population_2015": 790.7428013402167, "total_built_mass_tons": 302971.5295083392, "city_id": 881, "country_iso": "CAN"}, {"h3index": "872b9b420ffffff", "population_2015": 2834.3119717486343, "total_built_mass_tons": 601564.2543606721, "city_id": 881, "country_iso": "CAN"}, {"h3index": "872b9b422ffffff", "population_2015": 10859.273791098012, "total_built_mass_tons": 3361791.461548571, "city_id": 881, "country_iso": "CAN"}, {"h3index": "872b9b423ffffff", "population_2015": 351.10794050223103, "total_built_mass_tons": 205344.0209701447, "city_id": 881, "country_iso": "CAN"}, {"h3index": "872b9b424ffffff", "population_2015": 9365.140857461864, "total_built_mass_tons": 1709445.450034957, "city_id": 881, "country_iso": "CAN"}, {"h3index": "872b9b426ffffff", "population_2015": 16322.22312426602, "total_built_mass_tons": 3851705.333185224, "city_id": 881, "country_iso": "CAN"}, {"h3index": "872b9b431ffffff", "population_2015": 1501.828958043602, "total_built_mass_tons": 548323.0545164358, "city_id": 881, "country_iso": "CAN"}, {"h3index": "872b9b434ffffff", "population_2015": 89.05049298224314, "total_built_mass_tons": 2417303.235393794, "city_id": 881, "country_iso": "CAN"}, {"h3index": "872b9b435ffffff", "population_2015": 5857.07958543723, "total_built_mass_tons": 2656808.731754968, "city_id": 881, "country_iso": "CAN"}, {"h3index": "872b9b518ffffff", "population_2015": 21.70224076994494, "total_built_mass_tons": 482776.29039320425, "city_id": 881, "country_iso": "CAN"}, {"h3index": "872b9b519ffffff", "population_2015": 8507.529798794181, "total_built_mass_tons": 1853652.4864505625, "city_id": 881, "country_iso": "CAN"}, {"h3index": "872b9b51affffff", "population_2015": 6.1172677350467906, "total_built_mass_tons": 255935.87003476184, "city_id": 881, "country_iso": "CAN"}, {"h3index": "872b9b51bffffff", "population_2015": 9260.796242845798, "total_built_mass_tons": 4263447.994096096, "city_id": 881, "country_iso": "CAN"}, {"h3index": "872b9b5a9ffffff", "population_2015": 1.3743181982461143, "total_built_mass_tons": 20041.91728742537, "city_id": 881, "country_iso": "CAN"}]