[{"h3index":"8724c8401ffffff","population_2015":30.7192374678,"total_built_mass_tons":17935.1038498702,"city_id":10288,"country_iso":"CHN"},{"h3index":"8724c8408ffffff","population_2015":1822.1388938268,"total_built_mass_tons":453737.8477518838,"city_id":10288,"country_iso":"CHN"},{"h3index":"8724c840affffff","population_2015":2990.7343695023,"total_built_mass_tons":890298.00993443,"city_id":10288,"country_iso":"CHN"},{"h3index":"8724c840cffffff","population_2015":5552.778189876,"total_built_mass_tons":1112037.7572466603,"city_id":10288,"country_iso":"CHN"},{"h3index":"8724c840effffff","population_2015":8615.9246529897,"total_built_mass_tons":1469656.4985603122,"city_id":10288,"country_iso":"CHN"},{"h3index":"8724c8419ffffff","population_2015":36.6047995979,"total_built_mass_tons":25041.8892303698,"city_id":10288,"country_iso":"CHN"},{"h3index":"8724c841dffffff","population_2015":6.8761024251,"total_built_mass_tons":5817.8177594488,"city_id":10288,"country_iso":"CHN"},{"h3index":"8724c842affffff","population_2015":10.9956923204,"total_built_mass_tons":10618.3288540748,"city_id":10288,"country_iso":"CHN"},{"h3index":"8724c842bffffff","population_2015":74.9729529886,"total_built_mass_tons":24477.5641347662,"city_id":10288,"country_iso":"CHN"}]