[{"h3index":"87195a164ffffff","population_2015":2951.7680166726,"total_built_mass_tons":691712.7538952539,"city_id":1718,"country_iso":"GBR"},{"h3index":"87195a165ffffff","population_2015":4471.9963022646,"total_built_mass_tons":1525055.0188379155,"city_id":1718,"country_iso":"GBR"},{"h3index":"87195a168ffffff","population_2015":0.2499960595,"total_built_mass_tons":29962.8781670322,"city_id":1718,"country_iso":"GBR"},{"h3index":"87195a169ffffff","population_2015":0.0241872362,"total_built_mass_tons":37435.9904775042,"city_id":1718,"country_iso":"GBR"},{"h3index":"87195a16cffffff","population_2015":99.8368928544,"total_built_mass_tons":1225181.3967377427,"city_id":1718,"country_iso":"GBR"},{"h3index":"87195a16dffffff","population_2015":9111.513402304,"total_built_mass_tons":3542359.223102584,"city_id":1718,"country_iso":"GBR"},{"h3index":"87195a8c9ffffff","population_2015":3395.0480373467,"total_built_mass_tons":907534.6738636995,"city_id":1718,"country_iso":"GBR"},{"h3index":"87195a8cbffffff","population_2015":817.4447827031,"total_built_mass_tons":166029.5670465019,"city_id":1718,"country_iso":"GBR"},{"h3index":"87195aaa6ffffff","population_2015":70.3372286712,"total_built_mass_tons":1258765.4707917685,"city_id":1718,"country_iso":"GBR"},{"h3index":"87195aab4ffffff","population_2015":0.4894072177,"total_built_mass_tons":133686.5162640177,"city_id":1718,"country_iso":"GBR"},{"h3index":"87195aab5ffffff","population_2015":6.5965993411,"total_built_mass_tons":152969.6316733947,"city_id":1718,"country_iso":"GBR"},{"h3index":"87195ab90ffffff","population_2015":2324.5910448248,"total_built_mass_tons":601764.5443960852,"city_id":1718,"country_iso":"GBR"},{"h3index":"87195ab92ffffff","population_2015":3632.9348474087,"total_built_mass_tons":1240301.1928719191,"city_id":1718,"country_iso":"GBR"},{"h3index":"87195ab93ffffff","population_2015":2886.3883270228,"total_built_mass_tons":1850516.5173736601,"city_id":1718,"country_iso":"GBR"},{"h3index":"87195ab94ffffff","population_2015":6561.2348671913,"total_built_mass_tons":1776885.6671497463,"city_id":1718,"country_iso":"GBR"},{"h3index":"87195ab95ffffff","population_2015":329.074950638,"total_built_mass_tons":112595.9229359902,"city_id":1718,"country_iso":"GBR"},{"h3index":"87195ab96ffffff","population_2015":6606.265669611,"total_built_mass_tons":2516222.1677881023,"city_id":1718,"country_iso":"GBR"},{"h3index":"87195ab98ffffff","population_2015":4585.7934842096,"total_built_mass_tons":1880961.7965702876,"city_id":1718,"country_iso":"GBR"},{"h3index":"87195ab99ffffff","population_2015":1310.202460256,"total_built_mass_tons":878420.9082737808,"city_id":1718,"country_iso":"GBR"},{"h3index":"87195ab9affffff","population_2015":4353.8736737846,"total_built_mass_tons":2817606.8042053478,"city_id":1718,"country_iso":"GBR"},{"h3index":"87195ab9bffffff","population_2015":191.4199712263,"total_built_mass_tons":5763224.326930007,"city_id":1718,"country_iso":"GBR"},{"h3index":"87195ab9effffff","population_2015":4114.7224312974,"total_built_mass_tons":1621409.0472472368,"city_id":1718,"country_iso":"GBR"}]