[{"h3index": "873176c60ffffff", "population_2015": 2961.009352599406, "total_built_mass_tons": 2009220.6774760976, "city_id": 11158, "country_iso": "CHN"}, {"h3index": "873176c64ffffff", "population_2015": 19466.475111377946, "total_built_mass_tons": 7170064.874514038, "city_id": 11158, "country_iso": "CHN"}, {"h3index": "873176c65ffffff", "population_2015": 2701.7291058334654, "total_built_mass_tons": 484537.2390252499, "city_id": 11158, "country_iso": "CHN"}, {"h3index": "873176c66ffffff", "population_2015": 4331.999547264622, "total_built_mass_tons": 1276141.140587275, "city_id": 11158, "country_iso": "CHN"}, {"h3index": "873176d48ffffff", "population_2015": 3087.627691825231, "total_built_mass_tons": 987435.6570893913, "city_id": 11158, "country_iso": "CHN"}, {"h3index": "873176d49ffffff", "population_2015": 216.2128942910362, "total_built_mass_tons": 186550.23662484216, "city_id": 11158, "country_iso": "CHN"}, {"h3index": "873176d4affffff", "population_2015": 7964.260439289785, "total_built_mass_tons": 2781671.11727334, "city_id": 11158, "country_iso": "CHN"}, {"h3index": "873176d4bffffff", "population_2015": 8349.64905472269, "total_built_mass_tons": 2595146.147310818, "city_id": 11158, "country_iso": "CHN"}, {"h3index": "873176d4cffffff", "population_2015": 721.4373600426844, "total_built_mass_tons": 253304.1782026322, "city_id": 11158, "country_iso": "CHN"}, {"h3index": "873176d4effffff", "population_2015": 1225.8620402887757, "total_built_mass_tons": 422573.05624782713, "city_id": 11158, "country_iso": "CHN"}, {"h3index": "873176d59ffffff", "population_2015": 4927.152857047202, "total_built_mass_tons": 2847785.2401274345, "city_id": 11158, "country_iso": "CHN"}, {"h3index": "873176d5bffffff", "population_2015": 1572.8416758593396, "total_built_mass_tons": 622016.615889146, "city_id": 11158, "country_iso": "CHN"}, {"h3index": "873176d5dffffff", "population_2015": 82.84161200616872, "total_built_mass_tons": 86131.33660730332, "city_id": 11158, "country_iso": "CHN"}]